train/action_std_05,train/action_std_18,train/action_std_03,rollout/recovery_left,train/action_std_08,rollout/force_direction_mean,train/action_std_16,train/action_std_04,rollout/recovery_back,train/action_std_02,train/action_std_17,rollout/recovery_fwd,train/action_std_01,train/std_min,train/action_std_13,rollout/episodes_down,train/action_std_24,rollout/ep_len_mean,time/iterations,rollout/action_saturation_fraction,train/action_std_21,train/action_std_23,train/action_std_22,train/action_std_12,rollout/episodes_left,train/action_std_06,rollout/ep_rew_mean,rollout/recovery_up,train/action_std_07,rollout/force_requested_impulse_mean,time/time_elapsed,train/action_std_09,train/action_std_15,rollout/recovery_right,rollout/episodes_fwd,rollout/episodes_back,rollout/episodes_right,rollout/force_onset_mean,train/action_std_10,rollout/episodes_up,train/std_max,train/action_std_20,train/action_std_11,train/action_std_19,time/fps,rollout/recovery_down,time/total_timesteps,train/action_std_00,train/action_std_14,rollout/is_timeout_mean,rollout/is_fall_mean,train/clip_range,rollout/episodes_noforce,train/explained_variance,train/value_loss,train/loss,rollout/timeout_without_onset_fraction,train/entropy_loss,rollout/recovery_noforce,train/policy_gradient_loss,train/approx_kl,train/std,train/clip_range_vf,train/n_updates,train/clip_fraction,train/learning_rate,rollout/timeouts
0.08914025127887726,0.08815278857946396,0.09125185757875443,0.0,0.09002682566642761,2.327731092436975,0.08975659310817719,0.08769518882036209,0.0,0.08883100003004074,0.09168760478496552,0.0,0.09163190424442291,0.08674445748329163,0.08674445748329163,30,0.0915672779083252,310.66,1,0.0,0.08898065239191055,0.0900103896856308,0.08928269147872925,0.09137305617332458,57,0.09076288342475891,201.6412353515625,0.0,0.08856526017189026,3.805881361421782,23,0.09080807864665985,0.09032973647117615,0.0,31,51,37,1.4115546218487405,0.08803611248731613,32,0.09168760478496552,0.08996237069368362,0.09134966135025024,0.09096547961235046,5667,0.0,131072,0.08820841461420059,0.0882166400551796,0.0,1.0,,,,,,,,,,,,,,,,
0.08932450413703918,0.08835379034280777,0.09134918451309204,0.05128205128205128,0.09019239991903305,2.320634920634921,0.08995943516492844,0.08787493407726288,0.015625,0.08911000937223434,0.09186521917581558,0.03389830508474576,0.09183957427740097,0.08687325567007065,0.08687325567007065,43,0.09169906377792358,487.07,2,0.0,0.08917774260044098,0.09008634090423584,0.08943900465965271,0.09169743955135345,39,0.09087536484003067,318.3606872558594,0.019230769230769232,0.08882670104503632,3.748868618841317,49,0.091049924492836,0.09048580378293991,0.017857142857142856,59,64,56,1.4161396825396835,0.08819912374019623,52,0.09186521917581558,0.09007903933525085,0.09158831089735031,0.09115531295537949,5267,0.023255813953488372,262144,0.08834852278232574,0.08827439695596695,0.02857142857142857,0.9714285714285714,0.1,2,0.7571694254875183,1.7723405362106859,1.7498536109924316,0.0,24.775469551980496,0.5,-0.0033179530504639843,0.0020141394,0.08990897983312607,0.2,2770,0.08997039794921875,1e-05,9
0.08953610807657242,0.0885041356086731,0.09156433492898941,0.057692307692307696,0.0903952345252037,2.2315112540192925,0.09022361040115356,0.08815480023622513,0.05263157894736842,0.08925780653953552,0.09205783158540726,0.019230769230769232,0.09199383109807968,0.08703462779521942,0.08703462779521942,46,0.09183661639690399,426.75,3,0.0,0.08929148316383362,0.09030319005250931,0.08954636752605438,0.09189736098051071,52,0.09093165397644043,277.889404296875,0.02702702702702703,0.08896666020154953,3.776944726341011,76,0.09120923280715942,0.0905751958489418,0.021739130434782608,52,76,46,1.4131318327974285,0.08841797709465027,37,0.09205783158540726,0.0903683677315712,0.09182818233966827,0.09128081798553467,5129,0.043478260869565216,393216,0.08854343742132187,0.08843982219696045,0.04501607717041801,0.954983922829582,0.1,2,0.7815952301025391,1.7806542889215051,2.0833816528320312,0.0,24.726479755342005,1.0,-0.0035123527371979436,0.0020650285,0.09008634090423584,0.2,2780,0.09218826293945312,1e-05,14
0.08965412527322769,0.08863604813814163,0.09185052663087845,0.0196078431372549,0.09057407826185226,2.3133333333333335,0.0905158743262291,0.0883093774318695,0.014705882352941176,0.08944512158632278,0.09221555292606354,0.043478260869565216,0.09224411845207214,0.08717058598995209,0.08717058598995209,41,0.09208030998706818,447.83,4,0.0,0.08951200544834137,0.09062274545431137,0.08976045995950699,0.0922514870762825,51,0.09114307910203934,293.97442626953125,0.05660377358490566,0.08918765187263489,3.729026973975779,103,0.09148819744586945,0.09072873741388321,0.10810810810810811,46,68,37,1.4185600000000012,0.08849415183067322,53,0.0922514870762825,0.09048277884721756,0.09200502187013626,0.09148243814706802,5059,0.024390243902439025,524288,0.08859624713659286,0.0886005386710167,0.05,0.95,0.1,4,0.7830778360366821,1.5653278529644012,1.777649998664856,0.0,24.674248050153256,0.75,-0.0035906169750887784,0.0020787765,0.09028206020593643,0.2,2790,0.09528045654296875,1e-05,15
0.08974247425794601,0.08875025808811188,0.09200394153594971,0.03508771929824561,0.09076590836048126,2.3457943925233646,0.09074195474386215,0.08861462026834488,0.05660377358490566,0.08961619436740875,0.09236819297075272,0.03225806451612903,0.09243336319923401,0.0873396173119545,0.0873396173119545,54,0.09217669814825058,423.9,5,0.0,0.08972751349210739,0.09083513915538788,0.0899965688586235,0.09245050698518753,57,0.09135628491640091,281.0459289550781,0.06382978723404255,0.08928181976079941,3.750250081397183,130,0.0917900800704956,0.09098155051469803,0.0,62,53,44,1.4185919003115277,0.08872327208518982,47,0.09245050698518753,0.09073278307914734,0.09212920814752579,0.09163587540388107,5012,0.05555555555555555,655360,0.08878821134567261,0.08878497034311295,0.04984423676012461,0.9501557632398754,0.1,4,0.7860347032546997,1.4718072776682676,1.6122432947158813,0.0,24.621043974161147,0.75,-0.0033209055951374466,0.0020242084,0.09047067165374756,0.2,2800,0.09041900634765625,1e-05,16
0.09001383930444717,0.08893969655036926,0.09213345497846603,0.017241379310344827,0.09087704122066498,2.4254658385093166,0.0910235270857811,0.08883551508188248,0.0,0.08973179757595062,0.09261486679315567,0.061224489795918366,0.09271787106990814,0.0875469520688057,0.0875469520688057,48,0.09234566986560822,372.24,6,0.0,0.08986710757017136,0.09108371287584305,0.0902332216501236,0.09260374307632446,58,0.09153122454881668,246.24789428710938,0.0,0.08948693424463272,3.6783841497378096,157,0.09191898256540298,0.09124750643968582,0.0425531914893617,49,62,47,1.411583850931678,0.08902623504400253,56,0.09271787106990814,0.09086715430021286,0.0924157127737999,0.09186314046382904,4980,0.0625,786432,0.0890214741230011,0.08894894272089005,0.034161490683229816,0.9658385093167702,0.1,2,0.7757136225700378,1.524423976521939,1.6329455375671387,0.0,24.56644227206707,1.0,-0.003346433514616365,0.002089086,0.09067580848932266,0.2,2810,0.09548492431640625,1e-05,11
0.09015269577503204,0.08908139914274216,0.0923403650522232,0.058823529411764705,0.09105122834444046,2.230769230769231,0.09121594578027725,0.08898487687110901,0.027777777777777776,0.08984202146530151,0.09283854812383652,0.05263157894736842,0.09285622090101242,0.08772426098585129,0.08772426098585129,46,0.09252655506134033,437.02,7,0.0,0.09024634212255478,0.09122051298618317,0.09041185677051544,0.09269954264163971,51,0.0916350930929184,289.31109619140625,0.11363636363636363,0.08959940075874329,3.6418168626500047,185,0.09215158224105835,0.09142065048217773,0.1,57,72,50,1.4199384615384625,0.08915884047746658,44,0.09285622090101242,0.09101604670286179,0.09259100258350372,0.09199605137109756,4953,0.021739130434782608,917504,0.0891956016421318,0.08912834525108337,0.07076923076923076,0.9292307692307692,0.1,5,0.7868402004241943,1.4233232823200523,1.5029892921447754,0.0,24.515761788189412,0.8,-0.0033592477705497005,0.0020554054,0.09084340184926987,0.2,2820,0.09504165649414062,1e-05,23
0.09025552868843079,0.08936640620231628,0.0924435406923294,0.06382978723404255,0.09127417951822281,2.3333333333333335,0.09131606668233871,0.08924857527017593,0.06557377049180328,0.08996977657079697,0.09302249550819397,0.022727272727272728,0.09298848360776901,0.08790827542543411,0.08790827542543411,41,0.09273769706487656,425.76,8,0.0,0.09044899791479111,0.09141962230205536,0.09058979153633118,0.0928453728556633,47,0.09181980043649673,281.687255859375,0.10256410256410256,0.08978746086359024,3.74251326695054,212,0.09244740009307861,0.09162412583827972,0.017241379310344827,44,61,58,1.4190136054421778,0.08934761583805084,39,0.09302249550819397,0.09123808890581131,0.09278911352157593,0.09207148849964142,4937,0.024390243902439025,1048576,0.08932366967201233,0.08931630849838257,0.05782312925170068,0.9421768707482994,0.1,4,0.7807587385177612,1.4009557474870236,1.8225783109664917,0.0,24.467660467326642,0.75,-0.003314006895197963,0.0020969156,0.0910239964723587,0.2,2830,0.09742813110351563,1e-05,17
0.09052781015634537,0.08955388516187668,0.09259296953678131,0.03571428571428571,0.0913950577378273,2.3289902280130295,0.09160259366035461,0.0893409475684166,0.016666666666666666,0.09007073193788528,0.09320629388093948,0.061224489795918366,0.09312392771244049,0.08809070289134979,0.08809070289134979,51,0.09300289303064346,444.15,9,0.0,0.09061932563781738,0.09142117202281952,0.09094841033220291,0.09304656088352203,56,0.09186510741710663,292.2838439941406,0.023255813953488372,0.08987928181886673,3.7667661968701838,239,0.09257684648036957,0.09186666458845139,0.04878048780487805,49,60,41,1.418612377850164,0.08959952741861343,43,0.09320629388093948,0.09141415357589722,0.09305430203676224,0.09224968403577805,4922,0.0784313725490196,1179648,0.08949562162160873,0.08966626226902008,0.06514657980456026,0.9348534201954397,0.1,7,0.77894526720047,1.2426321804989129,1.299147129058838,0.0,24.417318788170814,1.0,-0.0032674167672666955,0.0021120613,0.09120842814445496,0.2,2840,0.09903030395507813,1e-05,20
0.09063047915697098,0.08976905047893524,0.09284419566392899,0.0,0.09168128669261932,2.3063973063973062,0.09174513816833496,0.08956924080848694,0.04918032786885246,0.09024670720100403,0.09351013600826263,0.1,0.09335888177156448,0.08832834661006927,0.08832834661006927,45,0.09320257604122162,432.66,10,0.0,0.09084508568048477,0.09162082523107529,0.09120388329029083,0.09325436502695084,37,0.09212704002857208,286.2803039550781,0.04081632653061224,0.08999371528625488,3.751396771192675,266,0.09276904910802841,0.09208336472511292,0.043478260869565216,50,61,46,1.4091649831649842,0.08969531953334808,49,0.09351013600826263,0.0915769711136818,0.09314986318349838,0.09259219467639923,4911,0.022222222222222223,1310720,0.0897131860256195,0.08986980468034744,0.0707070707070707,0.9292929292929293,0.1,9,0.7833226919174194,1.1734809904824943,1.7850500345230103,0.0,24.363112050294877,0.8888888888888888,-0.003435103526499006,0.0022323937,0.09141523391008377,0.2,2850,0.10244216918945312,1e-05,21
0.09079231321811676,0.08994382619857788,0.09300103038549423,0.03773584905660377,0.09172932803630829,2.3452768729641695,0.09202757477760315,0.08983267843723297,0.08695652173913043,0.0905105248093605,0.0937926322221756,0.08695652173913043,0.09359636902809143,0.08836531639099121,0.08836531639099121,39,0.09327913820743561,433.96,11,0.0,0.09107982367277145,0.09181951731443405,0.09144105017185211,0.09341095387935638,53,0.09231478720903397,283.6498718261719,0.0,0.09020629525184631,3.436091119135464,294,0.09302917122840881,0.09230305254459381,0.10144927536231885,46,46,69,1.4228078175895778,0.08998482674360275,44,0.0937926322221756,0.09164855629205704,0.09341848641633987,0.09280358254909515,4899,0.05128205128205128,1441792,0.08983023464679718,0.09007170051336288,0.08794788273615635,0.9120521172638436,0.1,10,0.7856483459472656,1.1183376688044517,1.2770111560821533,0.0,24.30872575342655,0.8,-0.0033867281235870905,0.0021838401,0.09160930663347244,0.2,2860,0.10352935791015624,1e-05,27
0.09101107716560364,0.09022549539804459,0.0932406336069107,0.041666666666666664,0.09194570034742355,2.294915254237288,0.09227944165468216,0.08995499461889267,0.04838709677419355,0.09063445776700974,0.09397683292627335,0.02564102564102564,0.09371044486761093,0.08853612840175629,0.08853612840175629,35,0.0934407114982605,433.45,12,0.0,0.09126106649637222,0.09203145653009415,0.09157607704401016,0.0936366394162178,48,0.09246042370796204,283.3553466796875,0.0851063829787234,0.0903155729174614,3.477269427619162,321,0.093132384121418,0.09242154657840729,0.07272727272727272,39,62,55,1.4245423728813569,0.09015434980392456,47,0.09397683292627335,0.0918888971209526,0.09357405453920364,0.09297440201044083,4890,0.05714285714285714,1572864,0.09009814262390137,0.09028007090091705,0.07796610169491526,0.9220338983050848,0.1,9,0.7899433374404907,1.094788557710126,1.159570574760437,0.0,24.2580889120698,0.7777777777777778,-0.003196823050893727,0.0020896567,0.09179043769836426,0.2,2870,0.09570541381835937,1e-05,23
0.09104087948799133,0.09042252600193024,0.09332392364740372,0.05454545454545454,0.09216541796922684,2.2467105263157894,0.09244272857904434,0.0901406854391098,0.07142857142857142,0.09086628258228302,0.09408123046159744,0.0,0.09387393295764923,0.08866232633590698,0.08866232633590698,46,0.09358605742454529,437.72,13,0.0,0.0915091410279274,0.09223252534866333,0.09170830994844437,0.09390831738710403,55,0.09263397008180618,287.0794982910156,0.041666666666666664,0.09051207453012466,3.573619869465504,349,0.0933774933218956,0.09245648235082626,0.02857142857142857,54,56,35,1.4241315789473694,0.09035970270633698,48,0.09408123046159744,0.09207146614789963,0.09367195516824722,0.09307809174060822,4881,0.043478260869565216,1703936,0.09035766124725342,0.09044826775789261,0.06907894736842106,0.930921052631579,0.1,10,0.8041803240776062,0.9809141310863196,1.2765629291534424,0.0,24.210469618439674,0.9,-0.003294946171627089,0.0021577245,0.09195726364850998,0.2,2880,0.10054779052734375,1e-05,21
0.0912754014134407,0.09064013510942459,0.09342082589864731,0.05084745762711865,0.09226518869400024,2.369281045751634,0.09261245280504227,0.0904221162199974,0.0,0.09108246862888336,0.09432807564735413,0.08888888888888889,0.09410528838634491,0.08881688117980957,0.08881688117980957,52,0.09370099008083344,414.82,14,0.0,0.0917501449584961,0.0923459604382515,0.09203167259693146,0.0942067950963974,59,0.0928395688533783,274.8336181640625,0.11627906976744186,0.0906539186835289,3.644091448679074,376,0.09351002424955368,0.09267053008079529,0.023255813953488372,45,55,43,1.4057712418300663,0.09061811864376068,43,0.09432807564735413,0.09219124168157578,0.09390366077423096,0.09334376454353333,4873,0.07692307692307693,1835008,0.09053180366754532,0.09066043049097061,0.06862745098039216,0.9313725490196079,0.1,9,0.7929796576499939,1.0107195148710162,1.099570631980896,0.0,24.160322366654874,0.4444444444444444,-0.003184527296161832,0.0021159477,0.09215709567070007,0.2,2890,0.1006500244140625,1e-05,21
0.09142794460058212,0.09073667973279953,0.09362995624542236,0.07272727272727272,0.09234324842691422,2.360606060606061,0.09274386614561081,0.09051883220672607,0.043478260869565216,0.09116976708173752,0.09462221711874008,0.1111111111111111,0.09420832991600037,0.08900205790996552,0.08900205790996552,49,0.0940045490860939,457.29,15,0.0,0.0919795110821724,0.0925697386264801,0.0921485647559166,0.09445659071207047,55,0.09304449707269669,302.3915100097656,0.0851063829787234,0.09076499938964844,3.7193168318321512,404,0.09365777671337128,0.09288901090621948,0.0,45,69,58,1.4133757575757586,0.09076820313930511,47,0.09462221711874008,0.09241059422492981,0.09418202936649323,0.09359444677829742,4865,0.08163265306122448,1966080,0.09073522686958313,0.09080392122268677,0.07878787878787878,0.9212121212121213,0.1,7,0.8019410967826843,0.9794992775190622,1.1921467781066895,0.0,24.109310486912726,0.8571428571428571,-0.003188537761980115,0.0021883394,0.0923364982008934,0.2,2900,0.10386886596679687,1e-05,26
0.09154261648654938,0.09092670679092407,0.09375118464231491,0.05263157894736842,0.09259556978940964,2.240625,0.09298353642225266,0.09069303423166275,0.014492753623188406,0.09138821810483932,0.09475164115428925,0.03773584905660377,0.09439029544591904,0.08934605866670609,0.08934605866670609,45,0.09427505731582642,429.22,16,0.0,0.0920485258102417,0.09271872788667679,0.09239017963409424,0.09472046792507172,57,0.09324365109205246,282.9833984375,0.061224489795918366,0.09099271893501282,3.7396332159687247,431,0.09387082606554031,0.09302069991827011,0.05,53,69,40,1.4259562500000011,0.090898796916008,49,0.09475164115428925,0.09265941381454468,0.09441541880369186,0.09382130205631256,4858,0.022222222222222223,2097152,0.09098774939775467,0.09097899496555328,0.059375,0.940625,0.1,7,0.7764847874641418,1.0786978984251618,1.2265896797180176,0.0,24.05749082118273,1.0,-0.0032405582373030485,0.0021227712,0.09253645688295364,0.2,2910,0.10018768310546874,1e-05,19
0.09168881177902222,0.09116668254137039,0.09389247000217438,0.016129032258064516,0.09264522790908813,2.2044025157232703,0.09316940605640411,0.09084020555019379,0.029411764705882353,0.09164369851350784,0.09485730528831482,0.022222222222222223,0.09452386200428009,0.08957821130752563,0.08957821130752563,36,0.09451597183942795,415.94,17,0.0,0.09231419116258621,0.0927867665886879,0.09259073436260223,0.09499677270650864,62,0.09345454722642899,270.4281311035156,0.11363636363636363,0.09103000164031982,3.5296416328133593,459,0.09413721412420273,0.09315741807222366,0.037037037037037035,45,68,54,1.4093647798742148,0.09103304147720337,44,0.09499677270650864,0.09286598116159439,0.09472661465406418,0.09405272454023361,4853,0.027777777777777776,2228224,0.0912153571844101,0.09111572802066803,0.05345911949685535,0.9465408805031447,0.1,9,0.7957103848457336,0.990099060581997,1.3259397745132446,0.0,24.006268225610256,0.5555555555555556,-0.0032521601596272377,0.00213938,0.09271994978189468,0.2,2920,0.097503662109375,1e-05,17
0.09174878895282745,0.09137499332427979,0.09405774623155594,0.09375,0.09281427413225174,2.3411371237458196,0.09335273504257202,0.09096376597881317,0.0,0.09181420505046844,0.0950198546051979,0.08,0.09466671198606491,0.0896994099020958,0.0896994099020958,47,0.0947524756193161,450.72,18,0.0,0.09259415417909622,0.09295334666967392,0.09278560429811478,0.0951591432094574,32,0.09372344613075256,295.59356689453125,0.04081632653061224,0.09123147279024124,3.6693640082578587,486,0.0943804606795311,0.09337339550256729,0.04,50,63,50,1.4154715719063555,0.09116280823945999,49,0.0951591432094574,0.09308996051549911,0.09475186467170715,0.09439627826213837,4848,0.06382978723404255,2359296,0.09143097698688507,0.09120237827301025,0.07023411371237458,0.9297658862876255,0.1,8,0.8011220097541809,0.9308949399273843,1.2120939493179321,0.0,23.957251170277594,0.875,-0.0034060223817505174,0.002096869,0.09290000796318054,0.2,2930,0.09676971435546874,1e-05,21
0.09196306765079498,0.09163594245910645,0.09425098448991776,0.02040816326530612,0.09301070123910904,2.283828382838284,0.0934922993183136,0.0910114198923111,0.017241379310344827,0.09200532734394073,0.09526286274194717,0.02040816326530612,0.09494252502918243,0.0898028314113617,0.0898028314113617,39,0.09498804807662964,466.41,19,0.0,0.09283419698476791,0.09320659935474396,0.09301309287548065,0.09529643505811691,49,0.09394699335098267,307.3673095703125,0.1111111111111111,0.09134848415851593,3.612972604310673,514,0.09451710432767868,0.09347919374704361,0.08928571428571429,49,58,56,1.4164554455445555,0.09133962541818619,45,0.09529643505811691,0.0932944193482399,0.09494602680206299,0.09454669803380966,4843,0.0,2490368,0.09159627556800842,0.0914452001452446,0.066006600660066,0.933993399339934,0.1,7,0.809209942817688,0.8726149030029774,1.1035493612289429,0.0,23.907525020837785,1.0,-0.0034244505239257707,0.0021801656,0.09308705478906631,0.2,2940,0.10027847290039063,1e-05,20
0.09204474836587906,0.09177793562412262,0.09455002844333649,0.03278688524590164,0.09324418008327484,2.267080745341615,0.09360922127962112,0.09121687710285187,0.043478260869565216,0.09215664863586426,0.09534668922424316,0.11320754716981132,0.0951501652598381,0.09000789374113083,0.09000789374113083,42,0.09519624710083008,407.48,20,0.0,0.09313181042671204,0.09340240061283112,0.09321402758359909,0.0954638123512268,61,0.09426318854093552,266.2756042480469,0.05555555555555555,0.09143891930580139,3.694290142063685,541,0.09470949321985245,0.09362335503101349,0.10256410256410256,53,69,39,1.4175155279503113,0.09164851158857346,54,0.0954638123512268,0.09339635074138641,0.09517815709114075,0.09476732462644577,4838,0.047619047619047616,2621440,0.09173192828893661,0.0916006937623024,0.07142857142857142,0.9285714285714286,0.1,4,0.7967523336410522,0.8859138562809676,1.1312731504440308,0.0,23.857513464987278,0.75,-0.0035192718234611673,0.002164479,0.09327481687068939,0.2,2950,0.10340042114257812,1e-05,23
0.0922817587852478,0.0920756608247757,0.09461071342229843,0.030303030303030304,0.09347257763147354,2.325,0.09388561546802521,0.09133315831422806,0.0392156862745098,0.09236658364534378,0.09553958475589752,0.057692307692307696,0.09532780200242996,0.09008941799402237,0.09008941799402237,44,0.09534582495689392,392.85,21,0.0,0.09334107488393784,0.09355738759040833,0.09348604083061218,0.09568502008914948,66,0.09443988651037216,255.2260284423828,0.022727272727272728,0.09154994785785675,3.5183144672912703,569,0.09484396874904633,0.09383848309516907,0.05263157894736842,52,51,57,1.412018750000001,0.0918230414390564,44,0.09568502008914948,0.0936160534620285,0.0954192504286766,0.09500646591186523,4834,0.06818181818181818,2752512,0.09182856231927872,0.0918847993016243,0.05625,0.94375,0.1,6,0.8115477561950684,0.8954124687705189,1.13921058177948,0.0,23.80645169913769,0.6666666666666666,-0.00343693723434626,0.0021546828,0.09346594661474228,0.2,2960,0.099542236328125,1e-05,18
0.09229902923107147,0.09219537675380707,0.09479174762964249,0.022727272727272728,0.09367028623819351,2.4,0.09406810998916626,0.09143473207950592,0.014925373134328358,0.09255456179380417,0.09564807265996933,0.038461538461538464,0.09552700817584991,0.09022004157304764,0.09022004157304764,57,0.09556038677692413,411.27,22,0.0,0.09347248822450638,0.09377209097146988,0.09371848404407501,0.09589230269193649,44,0.09468980878591537,265.4291687011719,0.06666666666666667,0.09168319404125214,3.797624132121445,596,0.09506365656852722,0.09395073354244232,0.10909090909090909,52,67,55,1.4189969230769242,0.09198161959648132,45,0.09589230269193649,0.09376495331525803,0.09557236731052399,0.09514814615249634,4830,0.017543859649122806,2883584,0.09198597818613052,0.0920695811510086,0.052307692307692305,0.9476923076923077,0.1,5,0.7932629585266113,0.9102678191382438,1.0746461153030396,0.0,23.75932572633028,0.6,-0.0032817126886584445,0.002171638,0.093629390001297,0.2,2970,0.10064544677734374,1e-05,17
0.09257493168115616,0.09239011257886887,0.09505250304937363,0.0625,0.09385321289300919,2.4415584415584415,0.09426705539226532,0.09164651483297348,0.0625,0.09271541237831116,0.09592808037996292,0.07317073170731707,0.09562686085700989,0.09041896462440491,0.09041896462440491,55,0.0957503393292427,407.46,23,0.0,0.09374595433473587,0.09404797106981277,0.09394896775484085,0.09596800059080124,48,0.09482323378324509,265.7314147949219,0.04878048780487805,0.09181848913431168,3.7303225402776983,624,0.09527835249900818,0.0940144807100296,0.07547169811320754,41,64,53,1.4210454545454556,0.09218546003103256,41,0.09596800059080124,0.09388823807239532,0.09572239220142365,0.09529516845941544,4827,0.05454545454545454,3014656,0.09213441610336304,0.09229658544063568,0.07792207792207792,0.922077922077922,0.1,6,0.790626585483551,0.9077918385155499,1.1147639751434326,0.0,23.712831598520278,0.8333333333333334,-0.0034213290610750845,0.0021858462,0.09381566941738129,0.2,2980,0.09982147216796874,1e-05,24
0.09270057827234268,0.09261051565408707,0.09522266685962677,0.03333333333333333,0.09406257420778275,2.375366568914956,0.09429245442152023,0.09174321591854095,0.04225352112676056,0.09292255342006683,0.09619015455245972,0.07547169811320754,0.09581480175256729,0.09063351899385452,0.09063351899385452,55,0.09587719291448593,388.39,24,0.0,0.09388288855552673,0.09426844865083694,0.09411606937646866,0.09610103815793991,60,0.09504538774490356,254.3089599609375,0.05555555555555555,0.09195076674222946,3.7464373232333914,652,0.09550731629133224,0.09414361417293549,0.06818181818181818,53,71,44,1.4193958944281535,0.09237535297870636,54,0.09619015455245972,0.09414201974868774,0.0958772748708725,0.09557963907718658,4824,0.05454545454545454,3145728,0.09231198579072952,0.09253920614719391,0.06158357771260997,0.9384164222873901,0.1,4,0.7855173349380493,0.9006927811075002,1.0338605642318726,0.0,23.663676692545415,0.75,-0.00327680253494691,0.0021508252,0.09399644285440445,0.2,2990,0.1022125244140625,1e-05,21
0.09298142790794373,0.09289421886205673,0.09546194225549698,0.05454545454545454,0.0942501500248909,2.183098591549296,0.09442037343978882,0.09196025878190994,0.016666666666666666,0.09292591363191605,0.09642254561185837,0.06,0.09602178633213043,0.09082578867673874,0.09082578867673874,32,0.09601904451847076,458.61,25,0.0,0.09415221214294434,0.09449367225170135,0.09432791918516159,0.09630518406629562,55,0.09522198885679245,300.9453430175781,0.044444444444444446,0.09216339886188507,3.6704022209485383,679,0.09574682265520096,0.09458820521831512,0.02631578947368421,50,60,38,1.4192042253521138,0.09250108897686005,45,0.09642254561185837,0.09443642199039459,0.0959303006529808,0.09580187499523163,4823,0.0,3276800,0.0924355611205101,0.09274110198020935,0.04929577464788732,0.9507042253521126,0.1,4,0.8047103881835938,0.8813867036718875,0.9970910549163818,0.0,23.612125080823898,1.0,-0.003488514100354223,0.0022076538,0.09420116990804672,0.2,3000,0.10587539672851562,1e-05,14
0.09318169206380844,0.09302917122840881,0.09544796496629715,0.05555555555555555,0.09443751722574234,2.372670807453416,0.09465161710977554,0.09205736964941025,0.11940298507462686,0.09306318312883377,0.09653934836387634,0.021739130434782608,0.09625215828418732,0.09101717919111252,0.09101717919111252,44,0.09617236256599426,386.14,26,0.0,0.0942898839712143,0.09469211101531982,0.09451651573181152,0.09649912267923355,54,0.09536228328943253,250.95262145996094,0.07142857142857142,0.09231971204280853,3.6986957476202127,706,0.09601490199565887,0.09473694115877151,0.06,46,67,50,1.4160310559006222,0.09269600361585617,56,0.09653934836387634,0.09458135068416595,0.09610235691070557,0.09593497216701508,4820,0.0,3407872,0.09265647828578949,0.09287040680646896,0.07142857142857142,0.9285714285714286,0.1,5,0.7966997027397156,0.8297003415413201,1.055203914642334,0.0,23.563744078576565,0.8,-0.0031839966595725855,0.0021211621,0.09436491131782532,0.2,3010,0.0991546630859375,1e-05,23
0.09333071112632751,0.09331917762756348,0.09561467170715332,0.07407407407407407,0.09456344693899155,2.315151515151515,0.09485214948654175,0.09214337915182114,0.046153846153846156,0.09333798289299011,0.09673016518354416,0.0392156862745098,0.09638292342424393,0.09118478745222092,0.09118478745222092,48,0.09635096043348312,443.83,27,0.0,0.09452801197767258,0.09501774609088898,0.09475528448820114,0.09682483226060867,54,0.09546510130167007,291.2471008300781,0.14893617021276595,0.09265084564685822,3.6070123811130226,734,0.09615161269903183,0.0949692353606224,0.03508771929824561,51,65,57,1.4132181818181828,0.09289096295833588,47,0.09682483226060867,0.0948576033115387,0.09632863104343414,0.09618077427148819,4817,0.0625,3538944,0.09275700151920319,0.09318194538354874,0.08484848484848485,0.9151515151515152,0.1,8,0.7985298037528992,0.8865177399478853,1.0630214214324951,0.0,23.513660027086736,0.875,-0.002994876733646379,0.002070237,0.09457479417324066,0.2,3020,0.09544143676757813,1e-05,28
0.09350298345088959,0.09355638921260834,0.09604065865278244,0.018518518518518517,0.09477794170379639,2.2436708860759493,0.0949883759021759,0.09224767982959747,0.04225352112676056,0.09359842538833618,0.0968770682811737,0.06,0.09657657891511917,0.09136512875556946,0.09136512875556946,31,0.09647209942340851,355.17,28,0.0,0.09472633898258209,0.09513065218925476,0.09494605660438538,0.09700865298509598,54,0.09564695507287979,229.6719207763672,0.03278688524590164,0.09291229397058487,3.631791221462699,762,0.09626602381467819,0.09518042951822281,0.022222222222222223,50,71,45,1.415259493670887,0.09308255463838577,61,0.09700865298509598,0.09500748664140701,0.09649567306041718,0.09651751071214676,4814,0.03225806451612903,3670016,0.09291523694992065,0.0933278352022171,0.04113924050632911,0.9588607594936709,0.1,4,0.8017414808273315,0.8762780443299562,1.0289653539657593,0.0,23.46097567975521,0.5,-0.002999036021356005,0.0020765674,0.09476668387651443,0.2,3030,0.09390945434570312,1e-05,13
0.09357061982154846,0.09371087700128555,0.0961429700255394,0.03389830508474576,0.09496531635522842,2.3876923076923076,0.09523266553878784,0.09247202426195145,0.03333333333333333,0.09374333918094635,0.09714409708976746,0.08888888888888889,0.09669090062379837,0.09179944545030594,0.09179944545030594,50,0.09681347757577896,451.81,29,0.0,0.09499400854110718,0.09535743296146393,0.09514059126377106,0.09720588475465775,59,0.09579803794622421,292.89044189453125,0.0784313725490196,0.0931396484375,3.627527923925112,789,0.0964878499507904,0.09534057229757309,0.0784313725490196,45,60,51,1.422923076923078,0.09334127604961395,51,0.09720588475465775,0.09508038312196732,0.0966327041387558,0.09675436466932297,4813,0.02,3801088,0.09310710430145264,0.09355589747428894,0.07692307692307693,0.9230769230769231,0.1,9,0.8060358166694641,0.8479796261060983,1.204361915588379,0.0,23.408922311663627,0.8888888888888888,-0.0033953379876038524,0.0021784464,0.09496884793043137,0.2,3040,0.103411865234375,1e-05,25
0.09375341981649399,0.09397561848163605,0.09641134738922119,0.03571428571428571,0.09499958157539368,2.3156146179401995,0.09548595547676086,0.09271592646837234,0.05084745762711865,0.09411363303661346,0.09729529172182083,0.045454545454545456,0.09695086628198624,0.0919036716222763,0.0919036716222763,35,0.09704850614070892,440.24,30,0.0,0.09525939077138901,0.09565635025501251,0.09547489136457443,0.09742226451635361,56,0.09600130468606949,288.22662353515625,0.04,0.09335547685623169,3.6909618493971146,817,0.09664300829172134,0.09550032019615173,0.038461538461538464,44,59,52,1.4252691029900342,0.09361147880554199,50,0.09742226451635361,0.09526149928569794,0.09675338864326477,0.09682463109493256,4811,0.0,3932160,0.09336411207914352,0.09372979402542114,0.046511627906976744,0.9534883720930233,0.1,5,0.7968177795410156,0.8354210254270583,1.12209153175354,0.0,23.353951962292193,0.6,-0.003124528431726503,0.002086923,0.09518047422170639,0.2,3050,0.097711181640625,1e-05,14
0.09393420070409775,0.09424080699682236,0.09652082622051239,0.06666666666666667,0.09519346058368683,2.436893203883495,0.09553345292806625,0.09286290407180786,0.014925373134328358,0.0942857563495636,0.09748654812574387,0.06382978723404255,0.0971270278096199,0.09218566119670868,0.09218566119670868,47,0.09720265865325928,393.99,31,0.0,0.09537355601787567,0.09586519002914429,0.09566948562860489,0.09755565226078033,45,0.09607727080583572,254.52101135253906,0.03125,0.09354931861162186,3.740640886211777,844,0.09677644073963165,0.09566380828619003,0.05555555555555555,47,67,36,1.424084142394823,0.09384474903345108,64,0.09755565226078033,0.09541397541761398,0.09681980311870575,0.09705100953578949,4810,0.02127659574468085,4063232,0.09361188113689423,0.09382446110248566,0.04854368932038835,0.9514563106796117,0.1,3,0.7932212948799133,0.841644274815917,1.029201626777649,0.0,23.305073615908622,1.0,-0.003084963694891485,0.0021028717,0.09534679353237152,0.2,3060,0.09712982177734375,1e-05,15
0.09420672804117203,0.09442770481109619,0.09669910371303558,0.02,0.09538356959819794,2.407166123778502,0.09560265392065048,0.0929298847913742,0.041666666666666664,0.09455463290214539,0.09770827740430832,0.09615384615384616,0.09718046337366104,0.09245945513248444,0.09245945513248444,44,0.09737328439950943,402.36,32,0.0,0.0955125018954277,0.09589195251464844,0.09599810093641281,0.09779689460992813,50,0.09625785797834396,262.6597595214844,0.08333333333333333,0.0936562642455101,3.623118097271562,872,0.0969625860452652,0.09590944647789001,0.06557377049180328,52,48,61,1.4213029315960921,0.09404747933149338,48,0.09779689460992813,0.09559663385152817,0.09693785756826401,0.09738896042108536,4808,0.06818181818181818,4194304,0.09376687556505203,0.09398575127124786,0.0749185667752443,0.9250814332247557,0.1,4,0.8058798313140869,0.8268186789937317,1.0504204034805298,0.0,23.25922672152519,1.0,-0.0031804953322534858,0.0021420338,0.09552939236164093,0.2,3070,0.1007843017578125,1e-05,23
0.09446217864751816,0.09454888105392456,0.09691841900348663,0.06557377049180328,0.0956193208694458,2.3834355828220857,0.09580201655626297,0.09298486262559891,0.03278688524590164,0.09474384784698486,0.0979207307100296,0.10869565217391304,0.09726857393980026,0.09261312335729599,0.09261312335729599,45,0.09768489003181458,423.81,33,0.0,0.09577135741710663,0.09607395529747009,0.09627968072891235,0.0979175791144371,61,0.09637246280908585,276.87225341796875,0.06521739130434782,0.0938076376914978,3.639873146244835,899,0.09707942605018616,0.09616834670305252,0.047619047619047616,46,61,63,1.4180552147239276,0.0943579226732254,46,0.0979207307100296,0.09580596536397934,0.09719323366880417,0.09747890383005142,4806,0.044444444444444446,4325376,0.09397412091493607,0.09427908062934875,0.06748466257668712,0.9325153374233128,0.1,4,0.7900189161300659,0.8652364513836801,1.0158673524856567,0.0,23.209590078890322,0.75,-0.0030903545261935506,0.0021953024,0.09572505950927734,0.2,3080,0.10226974487304688,1e-05,22
0.09468221664428711,0.09462221711874008,0.09711628407239914,0.018518518518518517,0.095830537378788,2.2961783439490446,0.0960412248969078,0.09316561371088028,0.03508771929824561,0.09482269734144211,0.09815552830696106,0.06451612903225806,0.0973740741610527,0.09279011189937592,0.09279011189937592,48,0.0979226753115654,385.97,34,0.0,0.09602881968021393,0.0963497906923294,0.09649116545915604,0.09811453521251678,54,0.09653297811746597,251.5171356201172,0.022222222222222223,0.09400004148483276,3.6725477985509456,927,0.0971037968993187,0.09641659259796143,0.021739130434782608,62,57,46,1.4277643312101922,0.09450682997703552,45,0.09815552830696106,0.0959731936454773,0.09727036207914352,0.09766249358654022,4804,0.041666666666666664,4456448,0.09412170946598053,0.09441183507442474,0.041401273885350316,0.9585987261146497,0.1,2,0.7957196235656738,0.8817251205444336,1.0076475143432617,0.0,23.161360961198806,1.0,-0.0031534179228401627,0.0021555866,0.0959002822637558,0.2,3090,0.09964370727539062,1e-05,13
0.09488604217767715,0.09480743110179901,0.09739940613508224,0.043478260869565216,0.09594839811325073,2.1633986928104574,0.09625289589166641,0.09337875992059708,0.0,0.09501700103282928,0.09824269264936447,0.03571428571428571,0.09749675542116165,0.09284260123968124,0.09284260123968124,38,0.09814088046550751,388.5,35,0.0,0.09613184630870819,0.09656132757663727,0.09666591137647629,0.09839076548814774,46,0.0967177152633667,251.32232666015625,0.08,0.09403035044670105,3.6878430669283,955,0.09736990183591843,0.09651369601488113,0.075,56,68,40,1.425156862745099,0.0946945771574974,50,0.09839076548814774,0.09622559696435928,0.09750553965568542,0.09770043194293976,4802,0.0,4587520,0.09432226419448853,0.09473887830972672,0.05555555555555555,0.9444444444444444,0.1,8,0.8072476983070374,0.7936696647200734,0.9271129369735718,0.0,23.115159541368484,0.75,-0.0031435726978088496,0.002091663,0.0960792675614357,0.2,3100,0.09774932861328126,1e-05,17
0.09516388922929764,0.09510525315999985,0.09767308086156845,0.058823529411764705,0.09618992358446121,2.2403846153846154,0.09653645008802414,0.09350208938121796,0.02040816326530612,0.09509535133838654,0.09839555621147156,0.03076923076923077,0.0979100689291954,0.09309602528810501,0.09309602528810501,39,0.09837690740823746,402.27,36,0.0,0.09643702954053879,0.09674995392560959,0.0968974381685257,0.09855823963880539,51,0.0969734787940979,259.6072692871094,0.07547169811320754,0.09419669210910797,3.6186382060584346,982,0.0974729135632515,0.0966438353061676,0.0,65,49,49,1.428429487179488,0.09482474625110626,53,0.09855823963880539,0.0965104028582573,0.09768277406692505,0.09780290722846985,4801,0.0,4718592,0.09450360387563705,0.09483157843351364,0.04807692307692308,0.9519230769230769,0.1,6,0.80916827917099,0.8318973994348198,0.9360880255699158,0.0,23.064832681417464,0.8333333333333334,-0.002914706350566121,0.0020373499,0.09628520905971527,0.2,3110,0.09201889038085938,1e-05,15
0.0953306183218956,0.09537255764007568,0.09789729118347168,0.08,0.09648985415697098,2.420245398773006,0.09670685231685638,0.09363467246294022,0.03636363636363636,0.09524117410182953,0.09861653298139572,0.0784313725490196,0.09803860634565353,0.09324359148740768,0.09324359148740768,47,0.09870608150959015,411.98,37,0.0,0.09669806808233261,0.09684127569198608,0.0970074012875557,0.09881071746349335,50,0.09708018600940704,273.56268310546875,0.08,0.09450314939022064,3.6429843216737168,1010,0.09768608212471008,0.09669855237007141,0.10294117647058823,51,55,68,1.4179141104294488,0.09497075527906418,50,0.09881071746349335,0.09679201245307922,0.09775064140558243,0.09807991981506348,4799,0.1276595744680851,4849664,0.09460412710905075,0.09493400901556015,0.09202453987730061,0.9079754601226994,0.1,5,0.8097000122070312,0.8200989834964275,1.1200811862945557,0.0,23.014485047757624,0.6,-0.003361247972225101,0.0021851808,0.09646938741207123,0.2,3120,0.10249557495117187,1e-05,30
0.09550300985574722,0.09560217708349228,0.09796659648418427,0.0196078431372549,0.09672248363494873,2.403908794788274,0.09690359234809875,0.09384419023990631,0.08620689655172414,0.09545775502920151,0.09877508133649826,0.0,0.09815047681331635,0.09350298345088959,0.09350298345088959,43,0.09894014149904251,432.37,38,0.0,0.09691273421049118,0.0971408262848854,0.09718899428844452,0.09881540387868881,51,0.09740538150072098,280.1636962890625,0.05084745762711865,0.09465344995260239,3.6535968856137706,1038,0.09788275510072708,0.09696543216705322,0.0,47,58,44,1.4214397394136817,0.0951569452881813,59,0.09894014149904251,0.09706727415323257,0.09790385514497757,0.0982770323753357,4798,0.09302325581395349,4980736,0.09475387632846832,0.0950888842344284,0.05537459283387622,0.9446254071661238,0.1,5,0.795640230178833,0.8373616798780859,0.9740349054336548,0.0,22.965178290009497,0.8,-0.003115073210392438,0.0022321974,0.09666325151920319,0.2,3130,0.10262527465820312,1e-05,17
0.09574371576309204,0.09572000056505203,0.09814527630805969,0.07272727272727272,0.09682608395814896,2.4396284829721364,0.09708239138126373,0.09412045031785965,0.016129032258064516,0.09563733637332916,0.09896960854530334,0.06521739130434782,0.09845644235610962,0.09374642372131348,0.09374642372131348,53,0.09920360147953033,397.28,39,0.0,0.09713619947433472,0.09732851386070251,0.09732923656702042,0.09889641404151917,55,0.09770192205905914,258.6503601074219,0.037037037037037035,0.09492380172014236,3.6507406577321593,1065,0.09815182536840439,0.09709493070840836,0.0425531914893617,46,62,47,1.4209783281733757,0.09540019184350967,54,0.09920360147953033,0.09721112996339798,0.0981397032737732,0.09840589761734009,4796,0.03773584905660377,5111808,0.09501317143440247,0.09529393911361694,0.06191950464396285,0.9380804953560371,0.1,6,0.8062617182731628,0.8231152695603668,1.1331138610839844,0.0,22.913361328840256,1.0,-0.003397522770683281,0.0021363662,0.09686712920665741,0.2,3140,0.09927215576171874,1e-05,20
0.09592742472887039,0.09582410007715225,0.09839507937431335,0.017543859649122806,0.09703969210386276,2.2973856209150325,0.09717896580696106,0.09424213320016861,0.04081632653061224,0.0959019660949707,0.09919106960296631,0.05357142857142857,0.09858512878417969,0.09402375668287277,0.09402375668287277,49,0.09920177608728409,439.85,40,0.0,0.09728441387414932,0.09733740240335464,0.09745632112026215,0.09902288019657135,57,0.09795727580785751,291.9433288574219,0.09523809523809523,0.09527908265590668,3.634083213478843,1093,0.09836301952600479,0.09736897051334381,0.1111111111111111,56,49,45,1.4113006535947723,0.09557966142892838,42,0.09920177608728409,0.09752725809812546,0.09842173755168915,0.09850069135427475,4796,0.04081632653061224,5242880,0.09511765837669373,0.09552108496427536,0.07516339869281045,0.9248366013071896,0.1,8,0.8027670979499817,0.8349664061795921,0.9782001376152039,0.0,22.863966609537602,0.75,-0.003175977792852791,0.0021571568,0.09704993665218353,0.2,3150,0.10091934204101563,1e-05,23
0.09628619998693466,0.09613324701786041,0.09859579801559448,0.04,0.09730257093906403,2.2248322147651005,0.09738080948591232,0.09438122808933258,0.046153846153846156,0.0961294025182724,0.09945207089185715,0.0851063829787234,0.0987318754196167,0.0941881537437439,0.0941881537437439,34,0.0995178148150444,421.21,41,0.0,0.0974716767668724,0.09752418845891953,0.0975792184472084,0.09921181201934814,50,0.09828709065914154,279.239013671875,0.08,0.09549827128648758,3.6246317977675457,1120,0.09858237206935883,0.0976327583193779,0.022222222222222223,47,65,45,1.4097114093959742,0.09574079513549805,50,0.0995178148150444,0.09773542732000351,0.09856148064136505,0.09859586507081985,4795,0.058823529411764705,5373952,0.09535493701696396,0.09573031216859818,0.06711409395973154,0.9328859060402684,0.1,7,0.7843286991119385,0.8496843439992517,1.075146198272705,0.0,22.812327286601068,0.5714285714285714,-0.003307862035853759,0.0021262798,0.09726420789957047,0.2,3160,0.09828338623046876,1e-05,20
0.096457839012146,0.09634071588516235,0.09892818331718445,0.07547169811320754,0.09749048203229904,2.1782178217821784,0.09751468151807785,0.0945957601070404,0.04,0.09634275734424591,0.09969417005777359,0.06060606060606061,0.09903813153505325,0.09427487105131149,0.09427487105131149,42,0.09983647614717484,431.07,42,0.0,0.09758114814758301,0.09772910922765732,0.09781323373317719,0.0994347408413887,53,0.09850645810365677,278.8344421386719,0.043478260869565216,0.09589945524930954,3.540326596786126,1148,0.0988488420844078,0.0978042334318161,0.07692307692307693,66,50,39,1.430858085808582,0.09574460983276367,46,0.09983647614717484,0.09795959293842316,0.09873722493648529,0.09883587807416916,4794,0.023809523809523808,5505024,0.09553634375333786,0.09595580399036407,0.07590759075907591,0.9240924092409241,0.1,7,0.8043602108955383,0.7767722902353853,0.8271223902702332,0.0,22.75738784223795,1.0,-0.0031961575883542536,0.0021488264,0.0974760353565216,0.2,3170,0.10058670043945313,1e-05,23
0.09669456630945206,0.09669532626867294,0.09917134791612625,0.01694915254237288,0.09765071421861649,2.0410094637223977,0.09779924154281616,0.09482305496931076,0.05128205128205128,0.0964897871017456,0.09982410073280334,0.05555555555555555,0.099294513463974,0.09446108341217041,0.09446108341217041,35,0.09990770369768143,442.29,43,0.0,0.09777970612049103,0.097856804728508,0.09796962887048721,0.09950894117355347,59,0.09869059920310974,290.8374328613281,0.023255813953488372,0.09617961198091507,3.6811247175556066,1175,0.09905178099870682,0.09796972572803497,0.02631578947368421,54,78,38,1.4244479495268147,0.09602334350347519,43,0.09990770369768143,0.09819754213094711,0.09894117712974548,0.09912513196468353,4792,0.08571428571428572,5636096,0.09574946761131287,0.09615864604711533,0.0694006309148265,0.9305993690851735,0.1,10,0.8042116165161133,0.8042315762024372,0.9707526564598083,0.0,22.704293383657934,0.9,-0.003308520395967207,0.0021863873,0.09768054634332657,0.2,3180,0.10281906127929688,1e-05,22
0.09691982716321945,0.09686741232872009,0.0992826521396637,0.0425531914893617,0.09784271568059921,2.346801346801347,0.09799261391162872,0.09500487893819809,0.03333333333333333,0.0966491550207138,0.0999833345413208,0.021739130434782608,0.09948325157165527,0.09464573115110397,0.09464573115110397,38,0.10011117905378342,401.39,44,0.0,0.09807517379522324,0.09800329804420471,0.09824299812316895,0.0996619239449501,47,0.09890511631965637,261.838623046875,0.11764705882352941,0.09646054357290268,3.6905951902664245,1203,0.09915794432163239,0.09812051802873611,0.0196078431372549,46,60,51,1.4165454545454557,0.09613313525915146,51,0.10011117905378342,0.09827803820371628,0.09900213032960892,0.09941648691892624,4791,0.02631578947368421,5767168,0.0959281325340271,0.09630626440048218,0.05723905723905724,0.9427609427609428,0.1,4,0.8117564916610718,0.8218488525599241,1.0485007762908936,0.0,22.655515061318873,1.0,-0.0031922968930302885,0.0021423195,0.0978589802980423,0.2,3190,0.10156936645507812,1e-05,17
0.09732543677091599,0.09706519544124603,0.0995180532336235,0.0392156862745098,0.09795986860990524,2.348684210526316,0.09815610945224762,0.09515617042779922,0.04411764705882353,0.09679923951625824,0.1002388671040535,0.023255813953488372,0.09977922588586807,0.09488648921251297,0.09488648921251297,46,0.10032236576080322,432.72,45,0.0,0.09824784100055695,0.09843172878026962,0.09843490272760391,0.09991118311882019,51,0.09903834015130997,282.44793701171875,0.10869565217391304,0.09668022394180298,3.7389106965642918,1231,0.09945986419916153,0.09829641133546829,0.044444444444444446,43,68,45,1.425342105263159,0.09631402790546417,46,0.10032236576080322,0.09850824624300003,0.09919239580631256,0.09959526360034943,4790,0.043478260869565216,5898240,0.09615623950958252,0.09643606841564178,0.05921052631578947,0.9407894736842105,0.1,5,0.8137996196746826,0.7880525081418455,1.0761299133300781,0.0,22.604501029849054,0.6,-0.0032283133532473585,0.0021352484,0.09807638823986053,0.2,3200,0.09946975708007813,1e-05,18
0.09752009809017181,0.0971863716840744,0.09957803040742874,0.044444444444444446,0.09816807508468628,2.137380191693291,0.0983530580997467,0.09539343416690826,0.09375,0.09693540632724762,0.10037800669670105,0.04918032786885246,0.10009918361902237,0.09507635235786438,0.09507635235786438,31,0.10054322332143784,426.26,46,0.0,0.09831837564706802,0.09862243384122849,0.09858204424381256,0.10001678019762039,45,0.09932441264390945,277.42919921875,0.11363636363636363,0.09672324359416962,3.634772255716776,1258,0.09950263053178787,0.09858305752277374,0.031746031746031744,61,64,63,1.431456869009586,0.09655014425516129,44,0.10054322332143784,0.09869527816772461,0.09935473650693893,0.09974483400583267,4789,0.03225806451612903,6029312,0.09630165249109268,0.09652195870876312,0.07028753993610223,0.9297124600638977,0.1,5,0.798892617225647,0.8226239417679608,0.9860054850578308,0.0,22.556349261105062,0.6,-0.003152890077308257,0.002090395,0.09824290871620178,0.2,3210,0.10003509521484374,1e-05,22
0.09767094254493713,0.09733542799949646,0.09977584332227707,0.018518518518518517,0.09838614612817764,2.292207792207792,0.09853295236825943,0.09568394720554352,0.046153846153846156,0.09722695499658585,0.10040084272623062,0.0,0.10026276856660843,0.09529687464237213,0.09529687464237213,47,0.10083211213350296,399.68,47,0.0,0.09851320087909698,0.09870007634162903,0.09889504313468933,0.10029614716768265,54,0.09957228600978851,259.6059265136719,0.0,0.09687593579292297,3.7067623779151915,1286,0.09975506365299225,0.09874670207500458,0.037037037037037035,44,65,54,1.427629870129871,0.09686461836099625,36,0.10083211213350296,0.0989612489938736,0.09954681247472763,0.0998842641711235,4787,0.02127659574468085,6160384,0.09657040238380432,0.09662281721830368,0.045454545454545456,0.9545454545454546,0.1,8,0.8046767711639404,0.8342168695759028,0.953655481338501,0.0,22.50832170546055,0.875,-0.0030166118493070828,0.002172392,0.09844837337732315,0.2,3220,0.10092697143554688,1e-05,14
0.09786950051784515,0.09752746671438217,0.09990822523832321,0.0,0.09869384765625,2.2870662460567823,0.09883981198072433,0.09581297636032104,0.0273972602739726,0.09747464954853058,0.10040941834449768,0.09523809523809523,0.10039272159337997,0.09538420289754868,0.09538420289754868,43,0.1011296883225441,440.67,48,0.0,0.09863588213920593,0.09878940135240555,0.09905067086219788,0.10056568682193756,54,0.09982822090387344,286.6749572753906,0.043478260869565216,0.09719737619161606,3.6710816805757767,1314,0.09995811432600021,0.09885457158088684,0.11764705882352941,42,73,51,1.4247634069400643,0.09708000719547272,46,0.1011296883225441,0.09917037189006805,0.09977824985980988,0.10008004307746887,4785,0.06976744186046512,6291456,0.09685411304235458,0.09677474945783615,0.07255520504731862,0.9274447949526814,0.1,8,0.8060747981071472,0.8176226477138698,0.9558149576187134,0.0,22.457707996666432,0.75,-0.0032073509910333087,0.0021622279,0.09864239394664764,0.2,3230,0.09850006103515625,1e-05,23
0.098105788230896,0.0976397916674614,0.10004600137472153,0.018867924528301886,0.0989856943488121,2.3728813559322033,0.09910835325717926,0.09595859795808792,0.05172413793103448,0.09766551852226257,0.10054638981819153,0.05128205128205128,0.10062360763549805,0.09565475583076477,0.09565475583076477,44,0.10137882083654404,449.58,49,0.0,0.0988791286945343,0.099029541015625,0.09933751821517944,0.10076042264699936,53,0.09988705068826675,289.30877685546875,0.044444444444444446,0.09736811369657516,3.5890079875432455,1342,0.1000932827591896,0.09909837692975998,0.0625,39,58,48,1.4142033898305095,0.09733563661575317,45,0.10137882083654404,0.09941954165697098,0.100073903799057,0.10028060525655746,4785,0.045454545454545456,6422528,0.09704668074846268,0.09702722728252411,0.06440677966101695,0.9355932203389831,0.1,8,0.8103054761886597,0.7851261817384512,0.9393796920776367,0.0,22.406273838877677,0.75,-0.0032405431792540186,0.0021715737,0.09885401278734207,0.2,3240,0.10053787231445313,1e-05,19
0.09838485717773438,0.09793978929519653,0.10020147264003754,0.03636363636363636,0.09928449988365173,2.397553516819572,0.0992715060710907,0.09612587094306946,0.06666666666666667,0.0979229211807251,0.1006755605340004,0.05263157894736842,0.10075977444648743,0.09592252224683762,0.09592252224683762,41,0.10164681822061539,390.74,50,0.0,0.09902294725179672,0.09928596764802933,0.0995115116238594,0.10087510198354721,55,0.10005363076925278,253.36773681640625,0.017857142857142856,0.0976104661822319,3.6678797129943352,1369,0.1002422571182251,0.09922046959400177,0.05172413793103448,38,75,58,1.435211009174313,0.0975084900856018,56,0.10164681822061539,0.09966724365949631,0.10026915371417999,0.10030427575111389,4784,0.0,6553600,0.09736470133066177,0.09718987345695496,0.04892966360856269,0.9510703363914373,0.1,4,0.8076608777046204,0.793680299911648,1.0931379795074463,0.0,22.354592031240465,0.75,-0.003481820568231342,0.0022005062,0.09905046224594116,0.2,3250,0.10309295654296875,1e-05,16
0.0985654667019844,0.09805408120155334,0.10037100315093994,0.018518518518518517,0.09958581626415253,2.595744680851064,0.09949669986963272,0.09644397348165512,0.031746031746031744,0.0980437770485878,0.10086271911859512,0.030303030303030304,0.1009170264005661,0.09601830691099167,0.09601830691099167,58,0.10196878761053085,434.3,51,0.0,0.09915384650230408,0.09961001574993134,0.099723219871521,0.10103736072778702,54,0.10031884163618088,285.9659118652344,0.06896551724137931,0.09778847545385361,3.726977044463152,1397,0.10039617866277695,0.09944695234298706,0.08928571428571429,33,63,56,1.4358723404255331,0.0976080447435379,58,0.10196878761053085,0.09991058707237244,0.10054109990596771,0.10055393725633621,4783,0.06896551724137931,6684672,0.09740962833166122,0.09744811803102493,0.060790273556231005,0.939209726443769,0.1,7,0.8093682527542114,0.824281716812402,1.0444608926773071,0.0,22.3042706027627,0.42857142857142855,-0.0030354343694853013,0.0020868843,0.09925094991922379,0.2,3260,0.09565048217773438,1e-05,20
0.09879066795110703,0.09827152639627457,0.10052459686994553,0.13043478260869565,0.09970136731863022,2.401360544217687,0.09972267597913742,0.09672315418720245,0.0784313725490196,0.09827075898647308,0.10113552212715149,0.041666666666666664,0.10113667696714401,0.09622243046760559,0.09622243046760559,45,0.10221485048532486,422.87,52,0.0,0.0993887335062027,0.09986906498670578,0.09989885985851288,0.10127228498458862,46,0.10046541690826416,273.1673889160156,0.0,0.09794620424509048,3.58618956401002,1425,0.10065412521362305,0.09975900501012802,0.05263157894736842,48,51,38,1.4339591836734704,0.0978555902838707,58,0.10221485048532486,0.10013778507709503,0.10076212882995605,0.1009269431233406,4782,0.022222222222222223,6815744,0.09756584465503693,0.09758856892585754,0.0782312925170068,0.9217687074829932,0.1,8,0.8134543895721436,0.8111819496378303,0.9185259342193604,0.0,22.251070235669612,1.0,-0.0031267747776837496,0.002097751,0.09947218745946884,0.2,3270,0.09834365844726563,1e-05,23
0.0990762710571289,0.09841600805521011,0.1007487028837204,0.06,0.09993833303451538,2.191823899371069,0.09991008043289185,0.09695422649383545,0.08064516129032258,0.09856341034173965,0.10143205523490906,0.05263157894736842,0.1011972650885582,0.09644363075494766,0.09644363075494766,42,0.10235513001680374,424.44,53,0.0,0.09956461191177368,0.10004075616598129,0.10008560121059418,0.10151667147874832,50,0.10048750787973404,273.23870849609375,0.0625,0.09808579087257385,3.5638583732924105,1452,0.10085555166006088,0.09993553161621094,0.041666666666666664,57,62,48,1.4173396226415103,0.09804145991802216,48,0.10235513001680374,0.10030370205640793,0.10082725435495377,0.10124637931585312,4781,0.047619047619047616,6946816,0.09784644842147827,0.09771780669689178,0.07861635220125786,0.9213836477987422,0.1,11,0.8023029565811157,0.7748131496831775,0.9649890065193176,0.0,22.19971731752157,0.6363636363636364,-0.0032841824848219405,0.0021804352,0.09966360777616501,0.2,3280,0.10117034912109375,1e-05,25
0.09933152049779892,0.0985865592956543,0.1009792685508728,0.02,0.10012605786323547,2.4536741214057507,0.10013434290885925,0.09709788113832474,0.03389830508474576,0.09873271733522415,0.10159191489219666,0.023809523809523808,0.10147550702095032,0.0965922623872757,0.0965922623872757,41,0.10245620459318161,382.57,54,0.0,0.09989450126886368,0.100184366106987,0.10022319108247757,0.10173414647579193,50,0.10071729123592377,246.16119384765625,0.046153846153846156,0.09821747243404388,3.5964677492790176,1480,0.10119164735078812,0.10023029148578644,0.06,42,59,50,1.425488817891375,0.09824716299772263,65,0.10245620459318161,0.10042216628789902,0.10104400664567947,0.10146497935056686,4780,0.04878048780487805,7077888,0.09803753346204758,0.09801974147558212,0.054313099041533544,0.9456869009584664,0.1,6,0.808270275592804,0.8105689722578973,1.0672047138214111,0.0,22.14927244782448,0.8333333333333334,-0.0031967585610800596,0.002140869,0.09986930340528488,0.2,3290,0.09867630004882813,1e-05,17
0.0995771586894989,0.0988822877407074,0.10116612166166306,0.02,0.1002645194530487,2.3904761904761904,0.10026879608631134,0.09717592597007751,0.07142857142857142,0.0989396870136261,0.10175779461860657,0.043478260869565216,0.10164359211921692,0.09686242789030075,0.09686242789030075,44,0.10273484140634537,433.22,55,0.0,0.1001041904091835,0.10037915408611298,0.10044695436954498,0.10199572890996933,50,0.10092415660619736,279.2379150390625,0.06666666666666667,0.09841720759868622,3.677607021368671,1508,0.10149788856506348,0.1003878191113472,0.09523809523809523,46,70,42,1.4253142857142869,0.09830556064844131,60,0.10273484140634537,0.10054957866668701,0.10124954581260681,0.10162309557199478,4779,0.09090909090909091,7208960,0.09821199625730515,0.09824081510305405,0.06984126984126984,0.9301587301587302,0.1,3,0.8123172521591187,0.7917840817943216,1.0017659664154053,0.0,22.099873504042627,0.6666666666666666,-0.0032364090731789473,0.0021030253,0.10006426274776459,0.2,3300,0.09581832885742188,1e-05,22
0.09982876479625702,0.09910993278026581,0.10139228403568268,0.09302325581395349,0.10049454867839813,2.30188679245283,0.10027872025966644,0.09734798222780228,0.03571428571428571,0.0991295725107193,0.1020147055387497,0.01694915254237288,0.10204557329416275,0.09720347076654434,0.09720347076654434,32,0.10302267968654633,409.01,56,0.0,0.10030052065849304,0.10058139264583588,0.10075026750564575,0.10219377279281616,43,0.10116858780384064,267.3423156738281,0.06451612903225806,0.09844304621219635,3.532757913851943,1535,0.10171828418970108,0.10043235123157501,0.08064516129032258,59,56,62,1.4234591194968562,0.09836196154356003,62,0.10302267968654633,0.10077572613954544,0.10142789781093597,0.10195807367563248,4779,0.03125,7340032,0.09836604446172714,0.09837566316127777,0.0660377358490566,0.9339622641509434,0.1,4,0.8224940299987793,0.7724532363004982,0.9478052854537964,0.0,22.049582920968533,1.0,-0.0031598827070411064,0.0021371995,0.1002688780426979,0.2,3310,0.0986328125,1e-05,21
0.10003399848937988,0.09932827949523926,0.10167447477579117,0.11627906976744186,0.10069889575242996,2.3457627118644067,0.10032445937395096,0.09760381281375885,0.03225806451612903,0.09933609515428543,0.1023186519742012,0.0,0.10225611925125122,0.0974516049027443,0.0974516049027443,38,0.10326527059078217,444.56,57,0.0,0.10058470070362091,0.10077580064535141,0.10082197189331055,0.10248713195323944,43,0.10131638497114182,291.886962890625,0.0784313725490196,0.09863581508398056,3.653080993810885,1563,0.10206425935029984,0.10058669745922089,0.057692307692307696,43,62,52,1.4241694915254248,0.09860653430223465,51,0.10326527059078217,0.10096637159585953,0.10152602940797806,0.10215789079666138,4778,0.05263157894736842,7471104,0.09849295765161514,0.09857268631458282,0.0711864406779661,0.9288135593220339,0.1,6,0.8213092088699341,0.755620023747906,0.9006116390228271,0.0,21.998372526466845,0.8333333333333334,-0.003311350496005616,0.0021881654,0.10047546774148941,0.2,3320,0.10291213989257812,1e-05,21
0.10011300444602966,0.09953952580690384,0.10187417268753052,0.03508771929824561,0.1008509173989296,2.396449704142012,0.10054857283830643,0.09774745255708694,0.04838709677419355,0.09948984533548355,0.10252227634191513,0.057692307692307696,0.1023775041103363,0.09755762666463852,0.09755762666463852,56,0.10350880771875381,430.17,58,0.0,0.10078337043523788,0.10102032870054245,0.10099077969789505,0.10273993760347366,57,0.10159295052289963,279.1063537597656,0.0,0.09891270846128464,3.6525860211833057,1591,0.10225972533226013,0.10075417906045914,0.1,52,62,50,1.43033727810651,0.09866782277822495,53,0.10350880771875381,0.10113228857517242,0.10171838104724884,0.10232479870319366,4777,0.08928571428571429,7602176,0.09863091260194778,0.0989166721701622,0.07396449704142012,0.9260355029585798,0.1,8,0.8043900728225708,0.7652887028176337,0.8714300394058228,0.0,21.950148881971835,0.875,-0.003138388535262493,0.0021983893,0.10066298395395279,0.2,3330,0.10219879150390625,1e-05,25
0.10022807121276855,0.09971874952316284,0.10206355154514313,0.0,0.10094403475522995,2.4491803278688526,0.10076126456260681,0.09796661883592606,0.0,0.0995706170797348,0.10270370543003082,0.0196078431372549,0.10259411484003067,0.0976535901427269,0.0976535901427269,57,0.1034960001707077,391.8,59,0.0,0.10096694529056549,0.10125553607940674,0.10124184936285019,0.10297797620296478,43,0.10188927501440048,256.0065612792969,0.023809523809523808,0.09907080978155136,3.821245921333573,1619,0.10253702104091644,0.10105644166469574,0.018867924528301886,51,54,53,1.4220196721311484,0.09880430996417999,42,0.1034960001707077,0.10118117928504944,0.10197073221206665,0.10260162502527237,4776,0.05263157894736842,7733248,0.09885213524103165,0.09922018647193909,0.036065573770491806,0.9639344262295082,0.1,5,0.8125603199005127,0.814467252837494,0.9215734004974365,0.0,21.903032772243023,1.0,-0.0030678945755425956,0.0020802347,0.10085304826498032,0.2,3340,0.0952423095703125,1e-05,11
0.10043325275182724,0.09999611228704453,0.1022258922457695,0.058823529411764705,0.10125468671321869,2.3658536585365852,0.10097853094339371,0.09830349683761597,0.1111111111111111,0.09968549758195877,0.1029273197054863,0.06382978723404255,0.10283923149108887,0.0978114902973175,0.0978114902973175,40,0.103734590113163,436.02,60,0.0,0.10122445970773697,0.10145491361618042,0.1014459878206253,0.10306400060653687,51,0.10186957567930222,279.93585205078125,0.041666666666666664,0.09926130622625351,3.519564512822496,1646,0.10268867760896683,0.10121092945337296,0.04081632653061224,47,45,49,1.4297770034843216,0.09912742674350739,48,0.103734590113163,0.10132380574941635,0.10211895406246185,0.10277324914932251,4776,0.075,7864320,0.09906958043575287,0.09943578392267227,0.08710801393728224,0.9128919860627178,0.1,7,0.8020941019058228,0.7949652704410255,0.9784903526306152,0.0,21.854797253012656,1.0,-0.003068181380876922,0.0020750351,0.10105035454034805,0.2,3350,0.0975189208984375,1e-05,25
0.10045064240694046,0.1000540629029274,0.10230511426925659,0.08888888888888889,0.10138046741485596,2.4536423841059603,0.10130488127470016,0.09856796264648438,0.029850746268656716,0.09991622716188431,0.10317135602235794,0.05128205128205128,0.10300427675247192,0.0979674831032753,0.0979674831032753,43,0.10404424369335175,437.98,61,0.0,0.10140722244977951,0.10156873613595963,0.10162624716758728,0.10319669544696808,45,0.10207034647464752,285.0246887207031,0.07017543859649122,0.09948182851076126,3.7634866683362245,1674,0.10282033681869507,0.10136100649833679,0.08333333333333333,39,67,48,1.424364238410597,0.09922181814908981,57,0.10404424369335175,0.101524718105793,0.10238587856292725,0.10302723944187164,4775,0.11627906976744186,7995392,0.09929526597261429,0.09967731684446335,0.07947019867549669,0.9205298013245033,0.1,3,0.8024625182151794,0.7411716527305543,0.916225790977478,0.0,21.808022271096707,1.0,-0.0033075517349061556,0.0021504443,0.10123325139284134,0.2,3360,0.10080490112304688,1e-05,24
0.10071086883544922,0.10037937015295029,0.10258769243955612,0.01818181818181818,0.10155348479747772,2.3539518900343643,0.10154016315937042,0.09880442172288895,0.08888888888888889,0.10008195042610168,0.10332050919532776,0.11764705882352941,0.10316058993339539,0.09824591875076294,0.09824591875076294,39,0.1041739210486412,465.7,62,0.0,0.10172825306653976,0.10168462991714478,0.10181734710931778,0.10355963557958603,55,0.10228840261697769,302.53900146484375,0.057692307692307696,0.09976831078529358,3.5436453758443482,1701,0.10299430787563324,0.10159048438072205,0.045454545454545456,51,45,44,1.4216563573883174,0.09943461418151855,52,0.1041739210486412,0.10175418108701706,0.1024489775300026,0.10324505716562271,4775,0.05128205128205128,8126464,0.09957190603017807,0.09987258911132812,0.06872852233676977,0.9312714776632303,0.1,5,0.8157063722610474,0.7399077514419332,1.0574458837509155,0.0,21.75785101503134,0.4,-0.0029801150241837602,0.0020794177,0.10145270079374313,0.2,3370,0.0922576904296875,1e-05,20
0.10095996409654617,0.10063029825687408,0.10270199179649353,0.02,0.10196548700332642,2.2278481012658227,0.10173681378364563,0.09903338551521301,0.06896551724137931,0.10023891925811768,0.10362043976783752,0.01639344262295082,0.10332999378442764,0.09847360849380493,0.09847360849380493,44,0.10446152836084366,441.87,63,0.0,0.1018626019358635,0.10181300342082977,0.10199157148599625,0.1037866622209549,50,0.10250626504421234,287.62860107421875,0.061224489795918366,0.09987059235572815,3.6769612791160053,1729,0.10324325412511826,0.10167781263589859,0.043478260869565216,61,58,46,1.4209050632911402,0.0997704491019249,49,0.10446152836084366,0.10196098685264587,0.10276072472333908,0.10344372689723969,4775,0.022727272727272728,8257536,0.09968539327383041,0.10005172342061996,0.060126582278481014,0.939873417721519,0.1,8,0.80387943983078,0.7878389413934201,0.9164284467697144,0.0,21.704655838012695,0.875,-0.0033287404514339867,0.0021911524,0.10166309028863907,0.2,3380,0.101995849609375,1e-05,19
0.10107798129320145,0.10080607235431671,0.1029989942908287,0.05,0.1020900309085846,2.408805031446541,0.10188643634319305,0.09925252199172974,0.06779661016949153,0.10046824812889099,0.10388754308223724,0.06976744186046512,0.10346631705760956,0.0987740159034729,0.0987740159034729,43,0.10452421009540558,452.95,64,0.0,0.10205511003732681,0.10204768925905228,0.10230693966150284,0.1040838286280632,60,0.10266449302434921,295.1015625,0.05660377358490566,0.10018843412399292,3.6141502025390997,1756,0.10345643013715744,0.1019146665930748,0.01818181818181818,43,59,55,1.4315849056603784,0.09991930425167084,53,0.10452421009540558,0.10227840393781662,0.10286208987236023,0.10353443026542664,4774,0.046511627906976744,8388608,0.10005976259708405,0.10033907741308212,0.0660377358490566,0.9339622641509434,0.1,5,0.80473393201828,0.8142635816708207,1.0987770557403564,0.0,21.652205599844457,1.0,-0.0031701579706350457,0.0020643773,0.10187772661447525,0.2,3390,0.09675521850585937,1e-05,21
0.10124411433935165,0.10092248767614365,0.10333999246358871,0.045454545454545456,0.10238336026668549,2.263888888888889,0.10221180319786072,0.09952640533447266,0.03773584905660377,0.10066290944814682,0.10415288805961609,0.0,0.10373429208993912,0.09905087947845459,0.09905087947845459,38,0.10487335920333862,408.72,65,0.0,0.10220783203840256,0.10230657458305359,0.10262146592140198,0.10431046038866043,44,0.10297717154026031,262.1463928222656,0.041666666666666664,0.10053306072950363,3.5969353127771546,1784,0.10385507345199585,0.10210074484348297,0.021739130434782608,50,53,46,1.4315069444444455,0.1000560000538826,48,0.10487335920333862,0.10257957130670547,0.10292466729879379,0.10376802831888199,4774,0.02631578947368421,8519680,0.10039861500263214,0.10066711157560349,0.04861111111111111,0.9513888888888888,0.1,9,0.8095433712005615,0.805086666950956,0.995678186416626,0.0,21.59362472295761,0.6666666666666666,-0.0032457079641972086,0.0021510134,0.10213635116815567,0.2,3400,0.09907608032226563,1e-05,14
0.1014150083065033,0.10107721388339996,0.10360628366470337,0.04081632653061224,0.10253525525331497,2.2279635258358663,0.10248169302940369,0.09969007968902588,0.01639344262295082,0.10099280625581741,0.10440508276224136,0.04918032786885246,0.10396445542573929,0.09940479695796967,0.09940479695796967,45,0.10508421808481216,405.63,66,0.0,0.10260064899921417,0.10261726379394531,0.1026802808046341,0.10455068200826645,49,0.10311361402273178,264.4241027832031,0.15517241379310345,0.10071589797735214,3.657843793727865,1811,0.10410154610872269,0.10226955264806747,0.023255813953488372,61,61,43,1.4264133738601832,0.10034657269716263,58,0.10508421808481216,0.10275955498218536,0.10321662575006485,0.10412971675395966,4774,0.044444444444444446,8650752,0.10060861706733704,0.10095124691724777,0.0911854103343465,0.9088145896656535,0.1,12,0.8092519044876099,0.7677840379066765,0.9066833257675171,0.0,21.533580215275286,1.0,-0.003480807882442605,0.0021697106,0.10237275063991547,0.2,3410,0.1022430419921875,1e-05,30
0.10156971216201782,0.10117118805646896,0.10380510240793228,0.044444444444444446,0.10278106480836868,2.4247491638795986,0.10279528051614761,0.0999072939157486,0.03225806451612903,0.10118658095598221,0.10457398742437363,0.04878048780487805,0.10409854352474213,0.09958431869745255,0.09958431869745255,39,0.10537837445735931,400.11,67,0.0,0.10274544358253479,0.10278155654668808,0.102869912981987,0.10479452461004257,45,0.10323797166347504,259.8423767089844,0.034482758620689655,0.1009550541639328,3.7044507556875867,1839,0.10432090610265732,0.1025482639670372,0.04,41,62,50,1.438715719063546,0.10052821785211563,58,0.10537837445735931,0.1030479297041893,0.1034766286611557,0.10442358255386353,4774,0.02564102564102564,8781824,0.10083715617656708,0.10097768902778625,0.043478260869565216,0.9565217391304348,0.1,4,0.8120795488357544,0.7958433867897838,1.14839506149292,0.0,21.480330219864847,0.5,-0.003155968949158705,0.0021227298,0.10257585346698761,0.2,3420,0.09762344360351563,1e-05,13
0.1018400490283966,0.10129982233047485,0.10393047332763672,0.1111111111111111,0.10304831713438034,2.5112540192926045,0.10289564728736877,0.1001996323466301,0.06349206349206349,0.10141303390264511,0.1049143448472023,0.08333333333333333,0.10424499958753586,0.09965353459119797,0.09965353459119797,51,0.10556847602128983,442.27,68,0.0,0.10296636074781418,0.10297874361276627,0.10314450412988663,0.10484681278467178,45,0.1036192998290062,283.7509460449219,0.11320754716981132,0.10120546817779541,3.68885703250012,1866,0.10441775619983673,0.10281483829021454,0.03571428571428571,36,63,56,1.4307331189710621,0.100739985704422,53,0.10556847602128983,0.10327361524105072,0.10366848111152649,0.10458478331565857,4773,0.0784313725490196,8912896,0.10089340806007385,0.10121170431375504,0.09003215434083602,0.909967845659164,0.1,7,0.8140789270401001,0.769127912633121,1.0669386386871338,0.0,21.431563483178614,0.5714285714285714,-0.003185434412625909,0.0021064784,0.1027749627828598,0.2,3430,0.09642333984375,1e-05,28
0.10202990472316742,0.10146916657686234,0.10405203700065613,0.05263157894736842,0.10346166044473648,2.4503311258278146,0.10312477499246597,0.1004919707775116,0.03225806451612903,0.10163591057062149,0.1050334945321083,0.02857142857142857,0.10446503758430481,0.09985857456922531,0.09985857456922531,38,0.10582301765680313,452.15,69,0.0,0.10310710966587067,0.10310811549425125,0.10349451750516891,0.10508149117231369,57,0.10388759523630142,289.7284240722656,0.03333333333333333,0.10135434567928314,3.6857688958560173,1894,0.10468821227550507,0.1030164361000061,0.043478260869565216,35,62,46,1.4267814569536434,0.10088402777910233,60,0.10582301765680313,0.10338955372571945,0.10383381694555283,0.1047770157456398,4773,0.02631578947368421,9043968,0.10115698724985123,0.10151267796754837,0.04966887417218543,0.9503311258278145,0.1,4,0.8077048063278198,0.7625950272660702,0.9473630785942078,0.0,21.380917209386826,1.0,-0.0032027209699663217,0.0021090237,0.10298950225114822,0.2,3440,0.09655303955078125,1e-05,15
0.10204511135816574,0.10154028981924057,0.10420941561460495,0.020833333333333332,0.10359597951173782,2.202797202797203,0.10350549966096878,0.10074301064014435,0.07692307692307693,0.10174036026000977,0.10521335899829865,0.0,0.10465370863676071,0.10007181763648987,0.10007181763648987,32,0.1061335876584053,410.34,70,0.0,0.10337132215499878,0.10333817452192307,0.10365453362464905,0.10528236627578735,48,0.10414426773786545,263.244384765625,0.046511627906976744,0.10162677615880966,3.6102772261042104,1921,0.10490056127309799,0.10327472537755966,0.04081632653061224,39,65,49,1.4435664335664347,0.10109572112560272,43,0.1061335876584053,0.10357891768217087,0.10402420908212662,0.10506994277238846,4773,0.0,9175040,0.10127358883619308,0.1016550362110138,0.05944055944055944,0.9405594405594405,0.1,10,0.813258945941925,0.775095796212554,0.8412201404571533,0.0,21.330503760278226,0.7,-0.003223128696936328,0.0021546697,0.10318969190120697,0.2,3450,0.09940567016601562,1e-05,17
0.10228332877159119,0.10173211246728897,0.10441334545612335,0.06349206349206349,0.10383123904466629,2.4501510574018126,0.10380423814058304,0.10090818256139755,0.07407407407407407,0.10188602656126022,0.10534819960594177,0.057692307692307696,0.10481039434671402,0.10019399970769882,0.10019399970769882,51,0.10642971843481064,389.48,71,0.0,0.10367216169834137,0.10366125404834747,0.1039288192987442,0.10552607476711273,63,0.10431352257728577,257.35369873046875,0.10909090909090909,0.10190874338150024,3.6144729367117336,1949,0.10499857366085052,0.10343854874372482,0.018867924528301886,52,54,53,1.4294199395770404,0.10130885243415833,55,0.10642971843481064,0.10390626639127731,0.10429280251264572,0.10532557219266891,4773,0.058823529411764705,9306112,0.10155709087848663,0.1019328162074089,0.07250755287009064,0.9274924471299094,0.1,3,0.8012893199920654,0.7736656792927533,0.8582727909088135,0.0,21.278616225719453,1.0,-0.003308335496330983,0.002109171,0.10341648012399673,0.2,3460,0.09778213500976562,1e-05,24
0.1024446040391922,0.10194001346826553,0.10463222116231918,0.020833333333333332,0.10402070730924606,2.198675496688742,0.10409370064735413,0.1011543795466423,0.03278688524590164,0.10207177698612213,0.1056465357542038,0.04081632653061224,0.10495229810476303,0.10036119073629379,0.10036119073629379,36,0.10660901665687561,442.11,72,0.0,0.10383965820074081,0.10379569232463837,0.10421927273273468,0.10558886080980301,48,0.10451514273881912,286.96905517578125,0.0425531914893617,0.1020820215344429,3.6273626073171195,1977,0.1051710695028305,0.10368598252534866,0.06,49,61,50,1.4290066225165572,0.10152550041675568,47,0.10660901665687561,0.10412914305925369,0.10450026392936707,0.10558655112981796,4772,0.0,9437184,0.10172708332538605,0.1021215096116066,0.0695364238410596,0.9304635761589404,0.1,11,0.8073634505271912,0.7998171569779515,0.97960364818573,0.0,21.22757515758276,1.0,-0.0031240939051713212,0.0020855456,0.10361655801534653,0.2,3470,0.09517974853515625,1e-05,21
0.10274818539619446,0.10207375138998032,0.10496077686548233,0.06557377049180328,0.10420330613851547,2.2218649517684885,0.1043919175863266,0.10139843076467514,0.05084745762711865,0.10228759795427322,0.10566484928131104,0.018518518518518517,0.10512398928403854,0.10045943409204483,0.10045943409204483,37,0.10679648816585541,413.39,73,0.0,0.10386569797992706,0.10390347242355347,0.10459446161985397,0.10573258250951767,61,0.10471826791763306,269.6843566894531,0.022222222222222223,0.10226314514875412,3.5436669799287124,2004,0.10536637902259827,0.1039988100528717,0.06,54,59,50,1.4351575562700973,0.10164587199687958,45,0.10679648816585541,0.10430105775594711,0.10482720285654068,0.10574552416801453,4772,0.02702702702702703,9568256,0.10185132175683975,0.10234753042459488,0.05144694533762058,0.9485530546623794,0.1,5,0.8134105801582336,0.7661319264210761,0.8877958655357361,0.0,21.17991179227829,0.6,-0.0032126275060363695,0.0021216488,0.10381080210208893,0.2,3480,0.0974761962890625,1e-05,16
0.10291890054941177,0.1023017168045044,0.1051468774676323,0.02040816326530612,0.10436257719993591,2.394463667820069,0.1045888289809227,0.10150804370641708,0.06666666666666667,0.10235121846199036,0.10578667372465134,0.07894736842105263,0.10529827326536179,0.1007084995508194,0.1007084995508194,39,0.10702502727508545,425.41,74,0.0,0.10404372960329056,0.10415151715278625,0.10490013659000397,0.10591854155063629,49,0.10487087815999985,276.3273620605469,0.06896551724137931,0.10250973701477051,3.651445765813744,2032,0.1055811196565628,0.10425464063882828,0.05263157894736842,38,60,38,1.429370242214534,0.10198192298412323,58,0.10702502727508545,0.10441458970308304,0.10495629906654358,0.10598231852054596,4772,0.0,9699328,0.10206814855337143,0.10246959328651428,0.0657439446366782,0.9342560553633218,0.1,7,0.8212158679962158,0.7705134468618781,0.969156801700592,0.0,21.133306682109833,0.7142857142857143,-0.003241618305492011,0.0021843314,0.10400398820638657,0.2,3490,0.10128631591796874,1e-05,19
0.10312718898057938,0.10244372487068176,0.10522560030221939,0.018867924528301886,0.10460758209228516,2.075657894736842,0.10492149740457535,0.10160572081804276,0.03225806451612903,0.10256817191839218,0.10602374374866486,0.03571428571428571,0.10548459738492966,0.10100903362035751,0.10100903362035751,36,0.10711874067783356,463.27,75,0.0,0.10422924160957336,0.10442450642585754,0.10515537858009338,0.10611587017774582,53,0.1049383357167244,296.5947570800781,0.11363636363636363,0.10279655456542969,3.5757440791371455,2059,0.10562175512313843,0.10448780655860901,0.05,56,62,40,1.4343157894736853,0.10221199691295624,44,0.10711874067783356,0.10445692390203476,0.10508682578802109,0.10623349994421005,4772,0.0,9830400,0.10227689146995544,0.10280957072973251,0.0756578947368421,0.9243421052631579,0.1,13,0.8215307593345642,0.7306984777096659,0.9156489968299866,0.0,21.086534798145294,0.8461538461538461,-0.0032072377081931334,0.0021026684,0.10419922322034836,0.2,3500,0.09924468994140626,1e-05,23
0.1032407209277153,0.102650485932827,0.10541655868291855,0.061224489795918366,0.10468587279319763,2.325503355704698,0.10499587655067444,0.10177094489336014,0.06349206349206349,0.10268421471118927,0.10618673264980316,0.05128205128205128,0.10570264607667923,0.10115069150924683,0.10115069150924683,31,0.10719560831785202,462.38,76,0.0,0.10446061193943024,0.1045912429690361,0.10542652010917664,0.10639481246471405,49,0.10515382140874863,298.77899169921875,0.05263157894736842,0.10300257802009583,3.5647632865218437,2087,0.10579346120357513,0.10465804487466812,0.07692307692307693,39,63,52,1.447758389261746,0.10247030109167099,57,0.10719560831785202,0.10457471758127213,0.1052640900015831,0.10656015574932098,4772,0.0967741935483871,9961472,0.1024760901927948,0.10296715795993805,0.07718120805369127,0.9228187919463087,0.1,7,0.8224117159843445,0.7394600723870098,0.9157892465591431,0.0,21.041790556907653,0.5714285714285714,-0.0030805262400463106,0.002131919,0.10437895357608795,0.2,3510,0.09830169677734375,1e-05,23
0.1033291295170784,0.1027676910161972,0.1055988073348999,0.078125,0.10480084270238876,2.3685897435897436,0.10526096075773239,0.10195223242044449,0.0392156862745098,0.10303156822919846,0.10637056827545166,0.08695652173913043,0.10597309470176697,0.10125710070133209,0.10125710070133209,43,0.10736043751239777,437.2,77,0.0,0.10457196831703186,0.10475955158472061,0.10563398897647858,0.10643535852432251,64,0.1052737757563591,279.9287109375,0.03508771929824561,0.10333676636219025,3.5928755527819956,2115,0.10594669729471207,0.10497251898050308,0.047619047619047616,46,51,42,1.4342756410256423,0.10258020460605621,57,0.10736043751239777,0.10476189851760864,0.10552428662776947,0.10686446726322174,4771,0.023255813953488372,10092544,0.10263784229755402,0.10322411358356476,0.07692307692307693,0.9230769230769231,0.1,9,0.818062961101532,0.7237750438973307,0.9493528604507446,0.0,20.997692708671092,0.8888888888888888,-0.0032939076281763846,0.0021784368,0.10456903278827667,0.2,3520,0.10110931396484375,1e-05,24
0.10338137298822403,0.10287364572286606,0.1057705283164978,0.021739130434782608,0.10490614175796509,2.2931596091205213,0.10549752414226532,0.10206764191389084,0.06896551724137931,0.10318373888731003,0.10657241940498352,0.07692307692307693,0.10614284873008728,0.10158370435237885,0.10158370435237885,38,0.10771753638982773,441.73,78,0.0,0.10478772968053818,0.10503512620925903,0.1059286892414093,0.10670394450426102,46,0.1056130900979042,284.7578430175781,0.08163265306122448,0.10363496094942093,3.6004397034047866,2142,0.10628637671470642,0.10521295666694641,0.06896551724137931,52,58,58,1.4184495114006523,0.10282119363546371,49,0.10771753638982773,0.10509049147367477,0.10558982193470001,0.10704610496759415,4771,0.0,10223616,0.10286594182252884,0.10339231789112091,0.07166123778501629,0.9283387622149837,0.1,6,0.8078057169914246,0.7795415627770126,0.8578591346740723,0.0,20.94812309741974,0.8333333333333334,-0.0031665789103499263,0.0021073094,0.10478823632001877,0.2,3530,0.09906158447265626,1e-05,22
0.1033555194735527,0.10308709740638733,0.10605337470769882,0.05660377358490566,0.10507337749004364,2.574193548387097,0.10567054152488708,0.10236600786447525,0.06,0.10340387374162674,0.10686861723661423,0.023809523809523808,0.10625559836626053,0.10185009986162186,0.10185009986162186,54,0.10785254836082458,424.74,79,0.0,0.10496911406517029,0.10523556172847748,0.10622768104076385,0.106922447681427,53,0.10583579540252686,275.8794250488281,0.03636363636363636,0.10381307452917099,3.7202999789065987,2170,0.10641119629144669,0.1053588017821312,0.1346153846153846,42,50,52,1.443625806451614,0.10291623324155807,55,0.10785254836082458,0.1052388921380043,0.10568062216043472,0.10734236240386963,4771,0.037037037037037035,10354688,0.10311637818813324,0.10359087586402893,0.07096774193548387,0.9290322580645162,0.1,4,0.8167648911476135,0.7384086770936846,0.920811116695404,0.0,20.89934297055006,1.0,-0.0030340047153913476,0.002034413,0.10497982054948807,0.2,3540,0.09253311157226562,1e-05,22
0.10352381318807602,0.10327425599098206,0.10624966025352478,0.06666666666666667,0.10516560822725296,2.344155844155844,0.10588954389095306,0.10270707309246063,0.03571428571428571,0.10368506610393524,0.10709799826145172,0.02,0.10637173056602478,0.10208076238632202,0.10208076238632202,52,0.10801518708467484,456.45,80,0.0,0.10511283576488495,0.10547856241464615,0.10638948529958725,0.10719592124223709,45,0.10601168125867844,299.84478759765625,0.0975609756097561,0.10404323041439056,3.707147180952117,2197,0.10662370920181274,0.1055590882897377,0.018518518518518517,50,56,54,1.4344675324675336,0.10313751548528671,41,0.10801518708467484,0.10547617077827454,0.10584293305873871,0.10746843367815018,4771,0.038461538461538464,10485760,0.10332151502370834,0.10395429283380508,0.06818181818181818,0.9318181818181818,0.1,10,0.7983306050300598,0.8174493502825498,0.9458338022232056,0.0,20.851746432483196,0.8,-0.0031046778154632192,0.0021450105,0.10518702864646912,0.2,3550,0.09875946044921875,1e-05,21
0.1036633551120758,0.10354447364807129,0.10668252408504486,0.045454545454545456,0.10531951487064362,2.433774834437086,0.10615567862987518,0.1028757244348526,0.013888888888888888,0.10406871140003204,0.10728223621845245,0.08333333333333333,0.10652501881122589,0.10240406543016434,0.10240406543016434,47,0.10825248062610626,426.63,81,0.0,0.10530763864517212,0.10567723959684372,0.10664646327495575,0.10734838247299194,44,0.10616835206747055,275.3269958496094,0.09090909090909091,0.10423486679792404,3.8199987227240766,2225,0.10675539821386337,0.10574937611818314,0.023809523809523808,36,72,42,1.4357814569536436,0.10332553833723068,55,0.10825248062610626,0.10575088858604431,0.10603329539299011,0.10774543136358261,4770,0.06382978723404255,10616832,0.10356114059686661,0.10402822494506836,0.06622516556291391,0.9337748344370861,0.1,6,0.8006065487861633,0.7585836197715252,0.9906812310218811,0.0,20.8014511808753,0.8333333333333334,-0.0032297688057951746,0.0022068396,0.10540424287319183,0.2,3560,0.1026763916015625,1e-05,20
0.10389237850904465,0.10391712188720703,0.10697349905967712,0.06521739130434782,0.10578318685293198,2.31864406779661,0.10635017603635788,0.10319627821445465,0.06666666666666667,0.10423831641674042,0.10756878554821014,0.020833333333333332,0.10681655257940292,0.10264069586992264,0.10264069586992264,41,0.10837669670581818,421.91,82,0.0,0.10572348535060883,0.10577408969402313,0.10686790198087692,0.10765807330608368,46,0.10650582611560822,272.13043212890625,0.0425531914893617,0.10439345985651016,3.687462886714096,2252,0.1068819984793663,0.10586615651845932,0.041666666666666664,48,60,48,1.4485627118644078,0.10352908819913864,47,0.10837669670581818,0.10588500648736954,0.10624611377716064,0.10789079964160919,4771,0.04878048780487805,10747904,0.10372548550367355,0.10427743941545486,0.06440677966101695,0.9355932203389831,0.1,5,0.8087965250015259,0.7868587692268193,0.8353940844535828,0.0,20.747291481494905,1.0,-0.0032330963333151884,0.002194675,0.10563915222883224,0.2,3570,0.10086135864257813,1e-05,19
0.10413279384374619,0.10408814251422882,0.1071510761976242,0.023255813953488372,0.1059795394539833,2.1888544891640866,0.10661108046770096,0.10345736891031265,0.03278688524590164,0.10451604425907135,0.10771535336971283,0.06349206349206349,0.10706568509340286,0.10277682542800903,0.10277682542800903,40,0.1086687296628952,452.53,83,0.0,0.1059754490852356,0.10600845515727997,0.10695123672485352,0.10800599306821823,43,0.10663629323244095,293.2448425292969,0.08333333333333333,0.10468262434005737,3.5806816497648177,2280,0.1069970428943634,0.10610074549913406,0.06779661016949153,63,61,59,1.4366625386996916,0.10376578569412231,48,0.1086687296628952,0.10611144453287125,0.10655482113361359,0.10811752825975418,4770,0.05,10878976,0.10384120792150497,0.10451466590166092,0.07430340557275542,0.9256965944272446,0.1,9,0.8144230842590332,0.7278190405573696,0.976283609867096,0.0,20.69422372430563,0.7777777777777778,-0.0033572259664651936,0.0022265909,0.10585703700780869,0.2,3580,0.10383834838867187,1e-05,24
0.10431703180074692,0.1042155995965004,0.10739059001207352,0.038461538461538464,0.10616840422153473,2.3691275167785233,0.10687682032585144,0.1037585511803627,0.01694915254237288,0.1046643853187561,0.10805951803922653,0.06666666666666667,0.10721667855978012,0.10308872163295746,0.10308872163295746,31,0.10883866995573044,396.06,84,0.0,0.10615651309490204,0.10615294426679611,0.10704370588064194,0.10825686901807785,52,0.10694865137338638,256.81134033203125,0.03389830508474576,0.10493573546409607,3.627200431263316,2307,0.10714144259691238,0.10623401403427124,0.0784313725490196,45,59,51,1.4407181208053703,0.1041124165058136,59,0.10883866995573044,0.1063496395945549,0.10670572519302368,0.10838662087917328,4770,0.03225806451612903,11010048,0.10388288646936417,0.10477778315544128,0.04697986577181208,0.9530201342281879,0.1,1,0.8108071088790894,0.7943218516185879,1.0646607875823975,0.0,20.643188494443894,1.0,-0.003165138046642824,0.0020789143,0.10606718808412552,0.2,3590,0.09540481567382812,1e-05,14
0.10462389141321182,0.10450875759124756,0.10759066045284271,0.16666666666666666,0.1063636913895607,2.281021897810219,0.10713917762041092,0.10406464338302612,0.08771929824561403,0.10498280078172684,0.10829122364521027,0.047619047619047616,0.10738887637853622,0.10323488712310791,0.10323488712310791,37,0.10897168517112732,450.43,85,0.0,0.10625875741243362,0.10634036362171173,0.10716193914413452,0.10845940560102463,42,0.10705529153347015,296.4181823730469,0.046511627906976744,0.10509695112705231,3.800813060800553,2335,0.10738887637853622,0.10655172169208527,0.0,42,57,45,1.4396204379562054,0.10438425093889236,43,0.10897168517112732,0.10659422725439072,0.10687422752380371,0.10861661285161972,4770,0.02702702702702703,11141120,0.10417664796113968,0.10505656898021698,0.09124087591240876,0.9087591240875912,0.1,8,0.813189685344696,0.741461030812934,0.8418039679527283,0.0,20.592706601321698,1.0,-0.0031171528784398107,0.0021370226,0.10628704726696014,0.2,3600,0.0981353759765625,1e-05,25
0.10478195548057556,0.10486530512571335,0.10776939988136292,0.1875,0.10671985149383545,2.1621621621621623,0.10737254470586777,0.10436190664768219,0.015625,0.10516300052404404,0.1085200160741806,0.10204081632653061,0.10767647624015808,0.10343152284622192,0.10343152284622192,40,0.10915610194206238,509.69,86,0.0,0.10643725842237473,0.10653393715620041,0.10742110759019852,0.10865367949008942,48,0.10744813084602356,329.85198974609375,0.1282051282051282,0.10538268834352493,3.596037153416563,2363,0.10755326598882675,0.10675282776355743,0.13333333333333333,49,64,45,1.4376486486486497,0.10465744882822037,39,0.10915610194206238,0.10682251304388046,0.10707371681928635,0.10884367674589157,4769,0.075,11272192,0.10424888134002686,0.105185367166996,0.12162162162162163,0.8783783783783784,0.1,11,0.8070999383926392,0.7093695806339383,1.0533157587051392,0.0,20.539939860999585,0.6363636363636364,-0.003294355960952089,0.002202575,0.10651330649852753,0.2,3610,0.1016998291015625,1e-05,36
0.10507891327142715,0.1051340401172638,0.10793319344520569,0.03773584905660377,0.10690344870090485,2.4160583941605838,0.10778626054525375,0.10454749315977097,0.0851063829787234,0.10527608543634415,0.10880499333143234,0.025,0.10792885720729828,0.10363170504570007,0.10363170504570007,38,0.10950285941362381,430.55,87,0.0,0.1065998449921608,0.10655765980482101,0.10752399265766144,0.1088685691356659,53,0.10768751800060272,284.13616943359375,0.06382978723404255,0.10569772869348526,3.579533792615429,2390,0.10782980173826218,0.10691502690315247,0.06666666666666667,40,47,45,1.4417810218978113,0.10464905947446823,47,0.10950285941362381,0.10704626142978668,0.10727003961801529,0.10902205109596252,4769,0.10526315789473684,11403264,0.10442076623439789,0.10546882450580597,0.072992700729927,0.927007299270073,0.1,4,0.8096584677696228,0.7450543081387877,1.1387914419174194,0.0,20.489252611994743,0.75,-0.0029885931346143478,0.0020911435,0.10672339051961899,0.2,3620,0.0968017578125,1e-05,20
0.10528605431318283,0.10537068545818329,0.10793155431747437,0.06666666666666667,0.10713133215904236,2.3322147651006713,0.10804928839206696,0.1048155352473259,0.09259259259259259,0.10558698326349258,0.10900118201971054,0.022222222222222223,0.10800564289093018,0.10375647991895676,0.10375647991895676,42,0.10976843535900116,457.19,88,0.0,0.10683249682188034,0.10673206299543381,0.10772408545017242,0.1091286763548851,45,0.10791323333978653,296.3031311035156,0.08888888888888889,0.1059296727180481,3.557954474687466,2418,0.10800918936729431,0.10711930692195892,0.08771929824561403,45,54,57,1.4479530201342294,0.10477616637945175,45,0.10976843535900116,0.10728821903467178,0.10756015032529831,0.10925621539354324,4769,0.023809523809523808,11534336,0.10461995005607605,0.10559657216072083,0.087248322147651,0.912751677852349,0.1,10,0.8149733543395996,0.7127470907289535,0.876842200756073,0.0,20.440947383642197,0.7,-0.0033065728399378712,0.00219839,0.10692756623029709,0.2,3630,0.10025100708007813,1e-05,26
0.10541113466024399,0.1055794507265091,0.10823064297437668,0.03773584905660377,0.10736045986413956,2.2130584192439864,0.10830186307430267,0.10499514639377594,0.05263157894736842,0.10583879053592682,0.10911311954259872,0.02040816326530612,0.10828195512294769,0.10409072041511536,0.10409072041511536,39,0.10990643501281738,444.96,89,0.0,0.10701566189527512,0.10701113939285278,0.10796842724084854,0.10941173136234283,53,0.10806142538785934,289.930908203125,0.05714285714285714,0.10602172464132309,3.563746030276369,2445,0.1082339957356453,0.10732005536556244,0.0392156862745098,49,57,51,1.454171821305843,0.10500314831733704,35,0.10990643501281738,0.1075824573636055,0.10777489840984344,0.10952338576316833,4769,0.07692307692307693,11665408,0.10473033040761948,0.10579398274421692,0.06872852233676977,0.9312714776632303,0.1,7,0.8081268072128296,0.762952250847593,1.0431320667266846,0.0,20.391641998291014,1.0,-0.0031480784801715344,0.0020729536,0.10714248567819595,0.2,3640,0.09710922241210937,1e-05,20
0.10552496463060379,0.10590913891792297,0.10842303931713104,0.13043478260869565,0.10758950561285019,2.4536741214057507,0.10855572670698166,0.10499291867017746,0.03333333333333333,0.10611584782600403,0.10934491455554962,0.06818181818181818,0.1084195151925087,0.1043168306350708,0.1043168306350708,46,0.11023276299238205,435.14,90,0.0,0.10722283273935318,0.1073388084769249,0.10809371620416641,0.10961055010557175,46,0.10832814872264862,281.73748779296875,0.06779661016949153,0.10622312128543854,3.6003446444586342,2473,0.1084488034248352,0.10756899416446686,0.038461538461538464,44,60,52,1.436293929712461,0.10518152266740799,59,0.11023276299238205,0.10782121121883392,0.10794536769390106,0.10974539816379547,4769,0.021739130434782608,11796480,0.10507437586784363,0.1059836819767952,0.07667731629392971,0.9233226837060703,0.1,6,0.8116025924682617,0.7558951488696039,1.0552186965942383,0.0,20.341070434451105,1.0,-0.0031129925013374305,0.0020301184,0.10736047476530075,0.2,3650,0.093695068359375,1e-05,24
0.1057843491435051,0.1061784103512764,0.10866865515708923,0.041666666666666664,0.10773233324289322,2.299003322259136,0.1087920218706131,0.10522176325321198,0.038461538461538464,0.10638392716646194,0.1097130998969078,0.06666666666666667,0.10865236073732376,0.10461001843214035,0.10461001843214035,46,0.1105499118566513,448.16,91,0.0,0.10740543901920319,0.10751032829284668,0.10835734754800797,0.10988063365221024,48,0.10851706564426422,288.6164245605469,0.07317073170731707,0.10638796538114548,3.662317015950146,2501,0.10852451622486115,0.10788889974355698,0.09803921568627451,60,52,51,1.440465116279071,0.10538995265960693,41,0.1105499118566513,0.1080058217048645,0.1082502081990242,0.1099550798535347,4769,0.06521739130434782,11927552,0.10521501302719116,0.10616187751293182,0.07308970099667775,0.9269102990033222,0.1,3,0.8152924180030823,0.7724337887950241,0.8723951578140259,0.0,20.288849756121635,1.0,-0.003245737650377123,0.002123736,0.1075894832611084,0.2,3660,0.09674911499023438,1e-05,22
0.1060449481010437,0.10639653354883194,0.109061099588871,0.11627906976744186,0.10798604041337967,2.3574144486692017,0.10897459834814072,0.10535772144794464,0.08695652173913043,0.10665833950042725,0.10997188836336136,0.022727272727272728,0.10902540385723114,0.1047598272562027,0.1047598272562027,41,0.11079268902540207,464.71,92,0.0,0.10768964886665344,0.1077905222773552,0.108603335916996,0.11017198860645294,43,0.1086721196770668,305.58642578125,0.019230769230769232,0.10655885189771652,3.5542900522132497,2528,0.1086859330534935,0.1081434115767479,0.07142857142857142,44,46,28,1.444296577946769,0.1055464819073677,52,0.11079268902540207,0.1082429587841034,0.10848423838615417,0.11015602201223373,4768,0.07317073170731707,12058624,0.10551749169826508,0.10625804960727692,0.08365019011406843,0.9163498098859315,0.1,9,0.8077828288078308,0.7690401012543588,1.0192811489105225,0.0,20.23527674674988,0.6666666666666666,-0.0034291799876882577,0.0021462198,0.1078219935297966,0.2,3670,0.101348876953125,1e-05,22
0.10628502815961838,0.10667043924331665,0.10923013836145401,0.05555555555555555,0.10811634361743927,2.3515151515151516,0.10930261760950089,0.10546734929084778,0.06451612903225806,0.10683736205101013,0.11014389246702194,0.1320754716981132,0.10935386270284653,0.10480933636426926,0.10480933636426926,50,0.11088941246271133,422.01,93,0.0,0.10791788250207901,0.1079549714922905,0.10872659832239151,0.11049481481313705,54,0.10880637168884277,271.47198486328125,0.0392156862745098,0.10677187144756317,3.6833861894607405,2556,0.10895974189043045,0.10831405222415924,0.018867924528301886,53,62,53,1.4491515151515162,0.105724036693573,51,0.11088941246271133,0.10856126248836517,0.10860667377710342,0.11030379682779312,4768,0.06,12189696,0.1057141125202179,0.10631777346134186,0.07878787878787878,0.9212121212121213,0.1,7,0.8148708939552307,0.7045826999237761,0.876487135887146,0.0,20.18718197196722,0.8571428571428571,-0.003266128244740685,0.0020755276,0.10801118612289429,0.2,3680,0.09801254272460938,1e-05,26
0.10648322850465775,0.1070169135928154,0.10935273766517639,0.08888888888888889,0.10842272639274597,2.4386617100371746,0.10965229570865631,0.10564038902521133,0.06818181818181818,0.10694078356027603,0.1101769506931305,0.07317073170731707,0.10962043702602386,0.10493005067110062,0.10493005067110062,34,0.11114642769098282,444.96,94,0.0,0.10819625854492188,0.10833587497472763,0.10889245569705963,0.11063344031572342,45,0.10919532924890518,286.700439453125,0.02040816326530612,0.10705935209989548,3.5409673164755104,2583,0.1092371717095375,0.10859556496143341,0.09433962264150944,41,44,53,1.44082527881041,0.10595111548900604,49,0.11114642769098282,0.10890714824199677,0.10880348831415176,0.11059235036373138,4768,0.029411764705882353,12320768,0.10583606362342834,0.106500543653965,0.07434944237918216,0.9256505576208178,0.1,3,0.8055853843688965,0.817331017088145,0.9621718525886536,0.0,20.137544503808023,1.0,-0.003184547814362304,0.0020990372,0.10824476182460785,0.2,3690,0.09589157104492188,1e-05,20
0.10669916123151779,0.10730231553316116,0.109476238489151,0.08620689655172414,0.10874723643064499,2.1914191419141913,0.10983222723007202,0.1058204248547554,0.045454545454545456,0.10703987628221512,0.11038024723529816,0.10416666666666667,0.1099238395690918,0.10511194169521332,0.10511194169521332,38,0.11143277585506439,452.28,95,0.0,0.10848232358694077,0.10854361206293106,0.1091557964682579,0.1108776181936264,58,0.10946352034807205,290.39288330078125,0.04081632653061224,0.10737752914428711,3.6399056776480854,2611,0.10939563810825348,0.10873813182115555,0.05714285714285714,48,66,35,1.4382706270627075,0.10608726739883423,49,0.11143277585506439,0.1091165766119957,0.1089567244052887,0.11086045950651169,4768,0.02631578947368421,12451840,0.10601487010717392,0.10688266158103943,0.08250825082508251,0.9174917491749175,0.1,9,0.8169677257537842,0.6994752451078966,0.8843407034873962,0.0,20.085146018862723,0.7777777777777778,-0.003023614317680767,0.0020327903,0.10846875607967377,0.2,3700,0.09009933471679688,1e-05,25
0.1069662794470787,0.10774016380310059,0.10958173871040344,0.022222222222222223,0.10888541489839554,2.3763440860215055,0.10990884900093079,0.10591202229261398,0.08333333333333333,0.10723306983709335,0.11061771959066391,0.08163265306122448,0.11020942777395248,0.10512369871139526,0.10512369871139526,49,0.11173097789287567,426.21,96,0.0,0.10866277664899826,0.108713798224926,0.10945368558168411,0.11113107949495316,45,0.10970370471477509,280.29541015625,0.075,0.10760228335857391,3.7069386194379046,2639,0.10980633646249771,0.10902652144432068,0.07142857142857142,49,48,42,1.4400716845878143,0.10641424357891083,40,0.11173097789287567,0.1093774065375328,0.10907449573278427,0.11121593415737152,4767,0.02040816326530612,12582912,0.10607170313596725,0.10700178146362305,0.07885304659498207,0.921146953405018,0.1,6,0.8266858458518982,0.722770623350516,0.9263656139373779,0.0,20.034086011350155,1.0,-0.0034038507834338815,0.0020950874,0.10868659615516663,0.2,3710,0.09621047973632812,1e-05,22
0.10735771805047989,0.10803978890180588,0.10995225608348846,0.02127659574468085,0.10917825251817703,2.2524271844660193,0.11015817523002625,0.1061955988407135,0.08571428571428572,0.10744862258434296,0.11082719266414642,0.09615384615384616,0.11033444106578827,0.10542156547307968,0.10542156547307968,48,0.11179210245609283,415.47,97,0.0,0.1089705154299736,0.10894116759300232,0.10976262390613556,0.11138222366571426,47,0.10997692495584488,269.8251647949219,0.08333333333333333,0.10788632184267044,3.8391190012295833,2667,0.110022634267807,0.10926637053489685,0.0784313725490196,52,70,51,1.4511132686084154,0.106715627014637,36,0.11179210245609283,0.10959359258413315,0.10943218320608139,0.11144539713859558,4767,0.020833333333333332,12713984,0.1063043475151062,0.10734397917985916,0.0744336569579288,0.9255663430420712,0.1,5,0.8015077114105225,0.7537773793563247,1.082275152206421,0.0,19.978254106640815,0.6,-0.003234988483018242,0.0021433479,0.10894998162984848,0.2,3720,0.0969512939453125,1e-05,23
0.1074715331196785,0.1083209440112114,0.11027418822050095,0.05,0.10936861485242844,2.370748299319728,0.11019773781299591,0.10643982142210007,0.1016949152542373,0.10758573561906815,0.1110488697886467,0.11764705882352941,0.1106126606464386,0.10564547777175903,0.10564547777175903,47,0.11192242801189423,452.25,98,0.0,0.10922795534133911,0.10898800194263458,0.10999283194541931,0.11154358834028244,40,0.11013826727867126,290.2677001953125,0.09615384615384616,0.10821070522069931,3.716104098394297,2694,0.11024577170610428,0.1094893366098404,0.075,51,59,40,1.436285714285715,0.10685529559850693,52,0.11192242801189423,0.109713613986969,0.10963467508554459,0.11167579144239426,4766,0.02127659574468085,12845056,0.10648159682750702,0.10767047107219696,0.09523809523809523,0.9047619047619048,0.1,5,0.810566782951355,0.8090297078713775,0.9856505393981934,0.0,19.92582961320877,1.0,-0.0031504600431617293,0.0021091443,0.1091502383351326,0.2,3730,0.09740066528320312,1e-05,28
0.10773193836212158,0.10851722210645676,0.11048033088445663,0.07272727272727272,0.1095825731754303,2.260869565217391,0.11036001145839691,0.10676254332065582,0.05172413793103448,0.10782527178525925,0.1113482415676117,0.020833333333333332,0.11059314757585526,0.10590538382530212,0.10590538382530212,35,0.11206864565610886,417.75,99,0.0,0.10947294533252716,0.10921027511358261,0.1102902814745903,0.11196111887693405,55,0.11049018055200577,270.222412109375,0.08928571428571429,0.10838312655687332,3.6007134081839944,2722,0.11057072877883911,0.10990957915782928,0.02564102564102564,48,58,39,1.4503946488294326,0.10696656256914139,56,0.11206864565610886,0.1098126769065857,0.10977558046579361,0.11184664070606232,4766,0.0,12976128,0.10683339089155197,0.1079263836145401,0.07023411371237458,0.9297658862876255,0.1,8,0.813149094581604,0.7324718534946442,1.0763152837753296,0.0,19.875799325108527,0.875,-0.0032588279820629394,0.0020667762,0.10938499122858047,0.2,3740,0.09290618896484375,1e-05,21
0.10790078341960907,0.10881190001964569,0.11080019176006317,0.1509433962264151,0.10989244282245636,2.3703703703703702,0.11056026816368103,0.10694562643766403,0.04918032786885246,0.1080508902668953,0.11149230599403381,0.11428571428571428,0.11076091229915619,0.10609836131334305,0.10609836131334305,39,0.11226116120815277,455.96,100,0.0,0.10968296974897385,0.10947221517562866,0.11044113337993622,0.1121160015463829,53,0.11059886962175369,295.0697326660156,0.09803921568627451,0.10866935551166534,3.622058472145818,2750,0.11080145835876465,0.11015930026769638,0.04081632653061224,35,61,49,1.464693602693604,0.10722063481807709,51,0.11226116120815277,0.10994480550289154,0.1100429892539978,0.11191866546869278,4765,0.02564102564102564,13107200,0.10707201063632965,0.10816927999258041,0.10101010101010101,0.898989898989899,0.1,9,0.8229318857192993,0.7316182269714773,0.8886038661003113,0.0,19.82488704919815,0.7777777777777778,-0.003145944948118995,0.002058362,0.10959537327289581,0.2,3750,0.093896484375,1e-05,30
0.10811451077461243,0.10908851027488708,0.11079467087984085,0.08196721311475409,0.11010941118001938,2.4104938271604937,0.11081112176179886,0.10711365938186646,0.014925373134328358,0.10818624496459961,0.11165566742420197,0.09523809523809523,0.11103828251361847,0.10624591261148453,0.10624591261148453,51,0.1125309020280838,404.54,101,0.0,0.10992123931646347,0.10962064564228058,0.11059960722923279,0.11240830272436142,61,0.11068855226039886,263.0111389160156,0.020833333333333332,0.10888388752937317,3.7084631977090865,2778,0.11103489249944687,0.11052047461271286,0.04,42,67,50,1.450500000000001,0.10735759884119034,48,0.1125309020280838,0.11011647433042526,0.11020367592573166,0.112085722386837,4764,0.0784313725490196,13238272,0.10722104460000992,0.10832402110099792,0.06481481481481481,0.9351851851851852,0.1,5,0.8135404586791992,0.7698852417059243,0.8206740617752075,0.0,19.779227654635907,0.8,-0.003230949780845549,0.002153134,0.1097870022058487,0.2,3760,0.09837799072265625,1e-05,21
0.10853372514247894,0.10925805568695068,0.11088565737009048,0.0625,0.11026538163423538,2.2421052631578946,0.11099305003881454,0.10737668722867966,0.05660377358490566,0.10845188796520233,0.11179958283901215,0.05660377358490566,0.1112869381904602,0.10631488263607025,0.10631488263607025,41,0.11274455487728119,426.16,102,0.0,0.11015334725379944,0.10993701964616776,0.11069726943969727,0.11254452913999557,48,0.11090730875730515,274.6568908691406,0.046511627906976744,0.1090812236070633,3.6682806914775923,2806,0.11128457635641098,0.1108081191778183,0.075,53,53,40,1.462842105263159,0.10765763372182846,43,0.11274455487728119,0.11045309156179428,0.11050490289926529,0.11234510689973831,4764,0.04878048780487805,13369344,0.10740859061479568,0.10851183533668518,0.07368421052631578,0.9263157894736842,0.1,7,0.8154584169387817,0.7623983065597713,0.8799006938934326,0.0,19.731829169392586,0.7142857142857143,-0.003286741111514857,0.0020999927,0.11000820249319077,0.2,3770,0.09662399291992188,1e-05,21
0.1086440458893776,0.10939997434616089,0.11118495464324951,0.04,0.1103893294930458,2.429054054054054,0.11126087605953217,0.10774321854114532,0.04,0.10868412256240845,0.1119922325015068,0.043478260869565216,0.11157755553722382,0.10647982358932495,0.10647982358932495,43,0.11309977620840073,471.39,103,0.0,0.11030853539705276,0.11029825359582901,0.1109064370393753,0.11275265365839005,50,0.11120303720235825,308.5240173339844,0.09433962264150944,0.10925193876028061,3.6442376701695354,2833,0.11158064752817154,0.11111187934875488,0.08163265306122448,46,50,49,1.4557837837837848,0.1078479215502739,53,0.11309977620840073,0.11069592833518982,0.11070048809051514,0.11274071782827377,4764,0.046511627906976744,13500416,0.10768593102693558,0.10876588523387909,0.07094594594594594,0.9290540540540541,0.1,5,0.8128919005393982,0.7212064668070525,0.7826002836227417,0.0,19.67887274622917,0.8,-0.003104295056346018,0.002088197,0.110252246260643,0.2,3780,0.09406661987304688,1e-05,21
0.10872893035411835,0.10951928794384003,0.11145445704460144,0.05660377358490566,0.11053559929132462,2.342560553633218,0.11142794042825699,0.10797134041786194,0.05555555555555555,0.10888559371232986,0.11222270876169205,0.02,0.1120300441980362,0.10684298723936081,0.10684298723936081,52,0.11328509449958801,409.49,104,0.0,0.11047342419624329,0.1106974259018898,0.1110759899020195,0.11303446441888809,53,0.11131121218204498,267.9468688964844,0.06666666666666667,0.10941694676876068,3.7738662369530367,2861,0.1118202954530716,0.11144757270812988,0.0,50,54,28,1.443515570934257,0.10800311714410782,45,0.11328509449958801,0.11096659302711487,0.11105109751224518,0.11300963908433914,4763,0.038461538461538464,13631488,0.10798738151788712,0.10892057418823242,0.06228373702422145,0.9377162629757786,0.1,7,0.8032659888267517,0.772132579330355,0.9996351599693298,0.0,19.624638821184636,0.8571428571428571,-0.0033336893311570748,0.002123422,0.1104847863316536,0.2,3790,0.09585494995117187,1e-05,18
