Gym has been unmaintained since 2022 and does not support NumPy 2.0 amongst other critical functionality.
Please upgrade to Gymnasium, the maintained drop-in replacement of Gym, or contact the authors of your software and request that they upgrade.
Users of this version of Gym should be able to simply replace 'import gym' with 'import gymnasium as gym' in the vast majority of cases.
See the migration guide at https://gymnasium.farama.org/introduction/migration_guide/ for additional information.
Logging to ./data/gamma4/tb
INFO:root:Experiment: quadruped_ppo_experiment
INFO:root:Using EnvPool for environment Humanoid-v4 with 256 envs. Seed: 0
[0;33m[WW] ModuleManager: CHANGING UPDATE PERIOD: ![0m
initHardware(SIM): Initializing hardware components...
PARITY step_period_us=2000
PARITY max_torque=23.700 23.700 45.430
PARITY contact_mu=0.450
PARITY body_height=0.320
PARITY Kp_body=100.000 100.000 100.000
PARITY Kd_body=30.000 30.000 30.000
PARITY Kp_ori=100.000 100.000 100.000
PARITY Kd_ori=10.000 10.000 10.000
PARITY Kp_foot=550.000 550.000 550.000
PARITY Kd_foot=10.000 10.000 10.000
PARITY Kp_joint=5.000 5.000 5.000
PARITY Kd_joint=3.000 3.000 3.000
PARITY floating_base_weight=50.000
PARITY control_mode=5.000
[0;33m[WW] ModuleManager: CHANGING UPDATE PERIOD: ![0m
[0;33m[WW] ModuleManager: CHANGING UPDATE PERIOD: ![0m
[0;33m[WW] ModuleManager: CHANGING UPDATE PERIOD: ![0m
[0;33m[WW] ModuleManager: CHANGING UPDATE PERIOD: ![0m
[0;33m[WW] ModuleManager: CHANGING UPDATE PERIOD: ![0m
[0;33m[WW] ModuleManager: CHANGING UPDATE PERIOD: ![0m
[0;33m[WW] ModuleManager: CHANGING UPDATE PERIOD: ![0m
[0;33m[WW] ModuleManager: CHANGING UPDATE PERIOD: ![0m
[0;33m[WW] ModuleManager: CHANGING UPDATE PERIOD: ![0m
[0;33m[WW] ModuleManager: CHANGING UPDATE PERIOD: ![0m
[0;33m[WW] ModuleManager: CHANGING UPDATE PERIOD: ![0m
[0;33m[WW] ModuleManager: CHANGING UPDATE PERIOD: ![0m
[0;33m[WW] ModuleManager: CHANGING UPDATE PERIOD: ![0m
[0;33m[WW] ModuleManager: CHANGING UPDATE PERIOD: ![0m
[0;33m[WW] ModuleManager: CHANGING UPDATE PERIOD: ![0m
[0;33m[WW] ModuleManager: CHANGING UPDATE PERIOD: ![0m
[0;33m[WW] ModuleManager: CHANGING UPDATE PERIOD: ![0m
[0;33m[WW] ModuleManager: CHANGING UPDATE PERIOD: ![0m
[0;33m[WW] ModuleManager: CHANGING UPDATE PERIOD: ![0m
[0;33m[WW] ModuleManager: CHANGING UPDATE PERIOD: ![0m
[0;33m[WW] ModuleManager: CHANGING UPDATE PERIOD: ![0m
[0;33m[WW] ModuleManager: CHANGING UPDATE PERIOD: ![0m
[0;33m[WW] ModuleManager: CHANGING UPDATE PERIOD: ![0m
[0;33m[WW] ModuleManager: CHANGING UPDATE PERIOD: ![0m
[0;33m[WW] ModuleManager: CHANGING UPDATE PERIOD: ![0m
[0;33m[WW] ModuleManager: CHANGING UPDATE PERIOD: ![0m
[0;33m[WW] ModuleManager: CHANGING UPDATE PERIOD: ![0m
[0;33m[WW] ModuleManager: CHANGING UPDATE PERIOD: ![0m
[0;33m[WW] ModuleManager: CHANGING UPDATE PERIOD: ![0m
[0;33m[WW] ModuleManager: CHANGING UPDATE PERIOD: ![0m
[0;33m[WW] ModuleManager: CHANGING UPDATE PERIOD: ![0m
[0;33m[WW] ModuleManager: CHANGING UPDATE PERIOD: ![0m
[0;33m[WW] ModuleManager: CHANGING UPDATE PERIOD: ![0m
[0;33m[WW] ModuleManager: CHANGING UPDATE PERIOD: ![0m
[0;33m[WW] ModuleManager: CHANGING UPDATE PERIOD: ![0m
[0;33m[WW] ModuleManager: CHANGING UPDATE PERIOD: ![0m
[0;33m[WW] ModuleManager: CHANGING UPDATE PERIOD: ![0m
[0;33m[WW] ModuleManager: CHANGING UPDATE PERIOD: ![0m
[0;33m[WW] ModuleManager: CHANGING UPDATE PERIOD: ![0m
[0;33m[WW] ModuleManager: CHANGING UPDATE PERIOD: ![0m
[0;33m[WW] ModuleManager: CHANGING UPDATE PERIOD: ![0m
[0;33m[WW] ModuleManager: CHANGING UPDATE PERIOD: ![0m
[0;33m[WW] ModuleManager: CHANGING UPDATE PERIOD: ![0m
[0;33m[WW] ModuleManager: CHANGING UPDATE PERIOD: ![0m
[0;33m[WW] ModuleManager: CHANGING UPDATE PERIOD: ![0m
[0;33m[WW] ModuleManager: CHANGING UPDATE PERIOD: ![0m
[0;33m[WW] ModuleManager: CHANGING UPDATE PERIOD: ![0m
[0;33m[WW] ModuleManager: CHANGING UPDATE PERIOD: ![0m
[0;33m[WW] ModuleManager: CHANGING UPDATE PERIOD: ![0m
[0;33m[WW] ModuleManager: CHANGING UPDATE PERIOD: ![0m
[0;33m[WW] ModuleManager: CHANGING UPDATE PERIOD: ![0m
[0;33m[WW] ModuleManager: CHANGING UPDATE PERIOD: ![0m
[0;33m[WW] ModuleManager: CHANGING UPDATE PERIOD: ![0m
[0;33m[WW] ModuleManager: CHANGING UPDATE PERIOD: ![0m
[0;33m[WW] ModuleManager: CHANGING UPDATE PERIOD: ![0m
[0;33m[WW] ModuleManager: CHANGING UPDATE PERIOD: ![0m
[0;33m[WW] ModuleManager: CHANGING UPDATE PERIOD: ![0m
[0;33m[WW] ModuleManager: CHANGING UPDATE PERIOD: ![0m
[0;33m[WW] ModuleManager: CHANGING UPDATE PERIOD: ![0m
[0;33m[WW] ModuleManager: CHANGING UPDATE PERIOD: ![0m
[0;33m[WW] ModuleManager: CHANGING UPDATE PERIOD: ![0m
[0;33m[WW] ModuleManager: CHANGING UPDATE PERIOD: ![0m
[0;33m[WW] ModuleManager: CHANGING UPDATE PERIOD: ![0m
[0;33m[WW] ModuleManager: CHANGING UPDATE PERIOD: ![0m
[0;33m[WW] ModuleManager: CHANGING UPDATE PERIOD: ![0m
[0;33m[WW] ModuleManager: CHANGING UPDATE PERIOD: ![0m
[0;33m[WW] ModuleManager: CHANGING UPDATE PERIOD: ![0m
[0;33m[WW] ModuleManager: CHANGING UPDATE PERIOD: ![0m
[0;33m[WW] ModuleManager: CHANGING UPDATE PERIOD: ![0m
[0;33m[WW] ModuleManager: CHANGING UPDATE PERIOD: ![0m
[0;33m[WW] ModuleManager: CHANGING UPDATE PERIOD: ![0m
[0;33m[WW] ModuleManager: CHANGING UPDATE PERIOD: ![0m
[0;33m[WW] ModuleManager: CHANGING UPDATE PERIOD: ![0m
[0;33m[WW] ModuleManager: CHANGING UPDATE PERIOD: ![0m
initHardware(SIM): Initializing hardware components...
initHardware(SIM): Initializing hardware components...
initHardware(SIM): Initializing hardware components...
initHardware(SIM): Initializing hardware components...
initHardware(SIM): Initializing hardware components...
initHardware(SIM): Initializing hardware components...
initHardware(SIM): Initializing hardware components...
initHardware(SIM): Initializing hardware components...
initHardware(SIM): Initializing hardware components...
initHardware(SIM): Initializing hardware components...
initHardware(SIM): Initializing hardware components...
initHardware(SIM): Initializing hardware components...
initHardware(SIM): Initializing hardware components...
initHardware(SIM): Initializing hardware components...
initHardware(SIM): Initializing hardware components...
initHardware(SIM): Initializing hardware components...
initHardware(SIM): Initializing hardware components...
initHardware(SIM): Initializing hardware components...
initHardware(SIM): Initializing hardware components...
initHardware(SIM): Initializing hardware components...
initHardware(SIM): Initializing hardware components...
initHardware(SIM): Initializing hardware components...
initHardware(SIM): Initializing hardware components...
initHardware(SIM): Initializing hardware components...
initHardware(SIM): Initializing hardware components...
initHardware(SIM): Initializing hardware components...
initHardware(SIM): Initializing hardware components...
initHardware(SIM): Initializing hardware components...
initHardware(SIM): Initializing hardware components...
initHardware(SIM): Initializing hardware components...
initHardware(SIM): Initializing hardware components...
initHardware(SIM): Initializing hardware components...
initHardware(SIM): Initializing hardware components...
initHardware(SIM): Initializing hardware components...
initHardware(SIM): Initializing hardware components...
initHardware(SIM): Initializing hardware components...
initHardware(SIM): Initializing hardware components...
initHardware(SIM): Initializing hardware components...
initHardware(SIM): Initializing hardware components...
initHardware(SIM): Initializing hardware components...
initHardware(SIM): Initializing hardware components...
initHardware(SIM): Initializing hardware components...
initHardware(SIM): Initializing hardware components...
initHardware(SIM): Initializing hardware components...
initHardware(SIM): Initializing hardware components...
initHardware(SIM): Initializing hardware components...
initHardware(SIM): Initializing hardware components...
initHardware(SIM): Initializing hardware components...
initHardware(SIM): Initializing hardware components...
initHardware(SIM): Initializing hardware components...
initHardware(SIM): Initializing hardware components...
initHardware(SIM): Initializing hardware components...
initHardware(SIM): Initializing hardware components...
initHardware(SIM): Initializing hardware components...
initHardware(SIM): Initializing hardware components...
initHardware(SIM): Initializing hardware components...
initHardware(SIM): Initializing hardware components...
initHardware(SIM): Initializing hardware components...
initHardware(SIM): Initializing hardware components...
initHardware(SIM): Initializing hardware components...
initHardware(SIM): Initializing hardware components...
initHardware(SIM): Initializing hardware components...
initHardware(SIM): Initializing hardware components...
initHardware(SIM): Initializing hardware components...
initHardware(SIM): Initializing hardware components...
initHardware(SIM): Initializing hardware components...
initHardware(SIM): Initializing hardware components...
initHardware(SIM): Initializing hardware components...
initHardware(SIM): Initializing hardware components...
initHardware(SIM): Initializing hardware components...
initHardware(SIM): Initializing hardware components...
initHardware(SIM): Initializing hardware components...
initHardware(SIM): Initializing hardware components...
initHardware(SIM): Initializing hardware components...
initHardware(SIM): Initial[0;33m[WW] ModuleManager: CHANGING UPDATE PERIOD: ![0m
[0;33m[WW] ModuleManager: CHANGING UPDATE PERIOD: ![0m
[0;33m[WW] ModuleManager: CHANGING UPDATE PERIOD: ![0m
[0;33m[WW] ModuleManager: CHANGING UPDATE PERIOD: ![0m
[0;33m[WW] ModuleManager: CHANGING UPDATE PERIOD: ![0m
[0;33m[WW] ModuleManager: CHANGING UPDATE PERIOD: ![0m
[0;33m[WW] ModuleManager: CHANGING UPDATE PERIOD: ![0m
[0;33m[WW] ModuleManager: CHANGING UPDATE PERIOD: ![0m
[0;33m[WW] ModuleManager: CHANGING UPDATE PERIOD: ![0m
[0;33m[WW] ModuleManager: CHANGING UPDATE PERIOD: ![0m
[0;33m[WW] ModuleManager: CHANGING UPDATE PERIOD: ![0m
[0;33m[WW] ModuleManager: CHANGING UPDATE PERIOD: ![0m
[0;33m[WW] ModuleManager: CHANGING UPDATE PERIOD: ![0m
[0;33m[WW] ModuleManager: CHANGING UPDATE PERIOD: ![0m
[0;33m[WW] ModuleManager: CHANGING UPDATE PERIOD: ![0m
[0;33m[WW] ModuleManager: CHANGING UPDATE PERIOD: ![0m
[0;33m[WW] ModuleManager: CHANGING UPDATE PERIOD: ![0m
[0;33m[WW] ModuleManager: CHANGING UPDATE PERIOD: ![0m
[0;33m[WW] ModuleManager: CHANGING UPDATE PERIOD: ![0m
[0;33m[WW] ModuleManager: CHANGING UPDATE PERIOD: ![0m
[0;33m[WW] ModuleManager: CHANGING UPDATE PERIOD: ![0m
[0;33m[WW] ModuleManager: CHANGING UPDATE PERIOD: ![0m
[0;33m[WW] ModuleManager: CHANGING UPDATE PERIOD: ![0m
[0;33m[WW] ModuleManager: CHANGING UPDATE PERIOD: ![0m
[0;33m[WW] ModuleManager: CHANGING UPDATE PERIOD: ![0m
[0;33m[WW] ModuleManager: CHANGING UPDATE PERIOD: ![0m
[0;33m[WW] ModuleManager: CHANGING UPDATE PERIOD: ![0m
[0;33m[WW] ModuleManager: CHANGING UPDATE PERIOD: ![0m
[0;33m[WW] ModuleManager: CHANGING UPDATE PERIOD: ![0m
[0;33m[WW] ModuleManager: CHANGING UPDATE PERIOD: ![0m
[0;33m[WW] ModuleManager: CHANGING UPDATE PERIOD: ![0m
[0;33m[WW] ModuleManager: CHANGING UPDATE PERIOD: ![0m
[0;33m[WW] ModuleManager: CHANGING UPDATE PERIOD: ![0m
[0;33m[WW] ModuleManager: CHANGING UPDATE PERIOD: ![0m
[0;33m[WW] ModuleManager: CHANGING UPDATE PERIOD: ![0m
[0;33m[WW] ModuleManager: CHANGING UPDATE PERIOD: ![0m
[0;33m[WW] ModuleManager: CHANGING UPDATE PERIOD: ![0m
[0;33m[WW] ModuleManager: CHANGING UPDATE PERIOD: ![0m
[0;33m[WW] ModuleManager: CHANGING UPDATE PERIOD: ![0m
[0;33m[WW] ModuleManager: CHANGING UPDATE PERIOD: ![0m
[0;33m[WW] ModuleManager: CHANGING UPDATE PERIOD: ![0m
[0;33m[WW] ModuleManager: CHANGING UPDATE PERIOD: ![0m
[0;33m[WW] ModuleManager: CHANGING UPDATE PERIOD: ![0m
[0;33m[WW] ModuleManager: CHANGING UPDATE PERIOD: ![0m
[0;33m[WW] ModuleManager: CHANGING UPDATE PERIOD: ![0m
[0;33m[WW] ModuleManager: CHANGING UPDATE PERIOD: ![0m
[0;33m[WW] ModuleManager: CHANGING UPDATE PERIOD: ![0m
[0;33m[WW] ModuleManager: CHANGING UPDATE PERIOD: ![0m
[0;33m[WW] ModuleManager: CHANGING UPDATE PERIOD: ![0m
[0;33m[WW] ModuleManager: CHANGING UPDATE PERIOD: ![0m
[0;33m[WW] ModuleManager: CHANGING UPDATE PERIOD: ![0m
[0;33m[WW] ModuleManager: CHANGING UPDATE PERIOD: ![0m
[0;33m[WW] ModuleManager: CHANGING UPDATE PERIOD: ![0m
[0;33m[WW] ModuleManager: CHANGING UPDATE PERIOD: ![0m
[0;33m[WW] ModuleManager: CHANGING UPDATE PERIOD: ![0m
[0;33m[WW] ModuleManager: CHANGING UPDATE PERIOD: ![0m
[0;33m[WW] ModuleManager: CHANGING UPDATE PERIOD: ![0m
[0;33m[WW] ModuleManager: CHANGING UPDATE PERIOD: ![0m
[0;33m[WW] ModuleManager: CHANGING UPDATE PERIOD: ![0m
[0;33m[WW] ModuleManager: CHANGING UPDATE PERIOD: ![0m
[0;33m[WW] ModuleManager: CHANGING UPDATE PERIOD: ![0m
[0;33m[WW] ModuleManager: CHANGING UPDATE PERIOD: ![0m
[0;33m[WW] ModuleManager: CHANGING UPDATE PERIOD: ![0m
[0;33m[WW] ModuleManager: CHANGING UPDATE PERIOD: ![0m
[0;33m[WW] ModuleManager: CHANGING UPDATE PERIOD: ![0m
[0;33m[WW] ModuleManager: CHANGING UPDATE PERIOD: ![0m
[0;33m[WW] ModuleManager: CHANGING UPDATE PERIOD: ![0m
[0;33m[WW] ModuleManager: CHANGING UPDATE PERIOD: ![0m
[0;33m[WW] ModuleManager: CHANGING UPDATE PERIOD: ![0m
[0;33m[WW] ModuleManager: CHANGING UPDATE PERIOD: ![0m
[0;33m[WW] ModuleManager: CHANGING UPDATE PERIOD: ![0m
[0;33m[WW] ModuleManager: CHANGING UPDATE PERIOD: ![0m
[0;33m[WW] ModuleManager: CHANGING UPDATE PERIOD: ![0m
[0;33m[WW] ModuleManager: CHANGING UPDATE PERIOD: ![0m
izing hardware components...
initHardware(SIM): Initializing hardware components...
initHardware(SIM): Initializing hardware components...
initHardware(SIM): Initializing hardware components...
initHardware(SIM): Initializing hardware components...
initHardware(SIM): Initializing hardware components...
initHardware(SIM): Initializing hardware components...
initHardware(SIM): Initializing hardware components...
initHardware(SIM): Initializing hardware components...
initHardware(SIM): Initializing hardware components...
initHardware(SIM): Initializing hardware components...
initHardware(SIM): Initializing hardware components...
initHardware(SIM): Initializing hardware components...
initHardware(SIM): Initializing hardware components...
initHardware(SIM): Initializing hardware components...
initHardware(SIM): Initializing hardware components...
initHardware(SIM): Initializing hardware components...
initHardware(SIM): Initializing hardware components...
initHardware(SIM): Initializing hardware components...
initHardware(SIM): Initializing hardware components...
initHardware(SIM): Initializing hardware components...
initHardware(SIM): Initializing hardware components...
initHardware(SIM): Initializing hardware components...
initHardware(SIM): Initializing hardware components...
initHardware(SIM): Initializing hardware components...
initHardware(SIM): Initializing hardware components...
initHardware(SIM): Initializing hardware components...
initHardware(SIM): Initializing hardware components...
initHardware(SIM): Initializing hardware components...
initHardware(SIM): Initializing hardware components...
initHardware(SIM): Initializing hardware components...
initHardware(SIM): Initializing hardware components...
initHardware(SIM): Initializing hardware components...
initHardware(SIM): Initializing hardware components...
initHardware(SIM): Initializing hardware components...
initHardware(SIM): Initializing hardware components...
initHardware(SIM): Initializing hardware components...
initHardware(SIM): Initializing hardware components...
initHardware(SIM): Initializing hardware components...
initHardware(SIM): Initializing hardware components...
initHardware(SIM): Initializing hardware components...
initHardware(SIM): Initializing hardware components...
initHardware(SIM): Initializing hardware components...
initHardware(SIM): Initializing hardware components...
initHardware(SIM): Initializing hardware components...
initHardware(SIM): Initializing hardware components...
initHardware(SIM): Initializing hardware components...
initHardware(SIM): Initializing hardware components...
initHardware(SIM): Initializing hardware components...
initHardware(SIM): Initializing hardware components...
initHardware(SIM): Initializing hardware components...
initHardware(SIM): Initializing hardware components...
initHardware(SIM): Initializing hardware components...
initHardware(SIM): Initializing hardware components...
initHardware(SIM): Initializing hardware components...
initHardware(SIM): Initializing hardware components...
initHardware(SIM): Initializing hardware components...
initHardware(SIM): Initializing hardware components...
initHardware(SIM): Initializing hardware components...
initHardware(SIM): Initializing hardware components...
initHardware(SIM): Initializing hardware components...
initHardware(SIM): Initializing hardware components...
initHardware(SIM): Initializing hardware components...
initHardware(SIM): Initializing hardware components...
initHardware(SIM): Initializing hardware components...
initHardware(SIM): Initializing hardware components...
initHardware(SIM): Initializing hardware components...
initHardware(SIM): Initializing hardware components...
initHardware(SIM): Initializing hardware components...
initHardware(SIM): Initializing hardware components...
initHardware(SIM): Initializing hardware components...
initHardware(SIM): Initializing hardware components...
initHardware(SIM): Initializing hardware components...
initHardware(SIM): Initializing hardware components...
initHardware(SIM): Initializing hardware components.[0;33m[WW] ModuleManager: CHANGING UPDATE PERIOD: ![0m
[0;33m[WW] ModuleManager: CHANGING UPDATE PERIOD: ![0m
[0;33m[WW] ModuleManager: CHANGING UPDATE PERIOD: ![0m
[0;33m[WW] ModuleManager: CHANGING UPDATE PERIOD: ![0m
[0;33m[WW] ModuleManager: CHANGING UPDATE PERIOD: ![0m
[0;33m[WW] ModuleManager: CHANGING UPDATE PERIOD: ![0m
[0;33m[WW] ModuleManager: CHANGING UPDATE PERIOD: ![0m
[0;33m[WW] ModuleManager: CHANGING UPDATE PERIOD: ![0m
[0;33m[WW] ModuleManager: CHANGING UPDATE PERIOD: ![0m
[0;33m[WW] ModuleManager: CHANGING UPDATE PERIOD: ![0m
[0;33m[WW] ModuleManager: CHANGING UPDATE PERIOD: ![0m
[0;33m[WW] ModuleManager: CHANGING UPDATE PERIOD: ![0m
[0;33m[WW] ModuleManager: CHANGING UPDATE PERIOD: ![0m
[0;33m[WW] ModuleManager: CHANGING UPDATE PERIOD: ![0m
[0;33m[WW] ModuleManager: CHANGING UPDATE PERIOD: ![0m
[0;33m[WW] ModuleManager: CHANGING UPDATE PERIOD: ![0m
[0;33m[WW] ModuleManager: CHANGING UPDATE PERIOD: ![0m
[0;33m[WW] ModuleManager: CHANGING UPDATE PERIOD: ![0m
[0;33m[WW] ModuleManager: CHANGING UPDATE PERIOD: ![0m
[0;33m[WW] ModuleManager: CHANGING UPDATE PERIOD: ![0m
[0;33m[WW] ModuleManager: CHANGING UPDATE PERIOD: ![0m
[0;33m[WW] ModuleManager: CHANGING UPDATE PERIOD: ![0m
[0;33m[WW] ModuleManager: CHANGING UPDATE PERIOD: ![0m
[0;33m[WW] ModuleManager: CHANGING UPDATE PERIOD: ![0m
[0;33m[WW] ModuleManager: CHANGING UPDATE PERIOD: ![0m
[0;33m[WW] ModuleManager: CHANGING UPDATE PERIOD: ![0m
[0;33m[WW] ModuleManager: CHANGING UPDATE PERIOD: ![0m
[0;33m[WW] ModuleManager: CHANGING UPDATE PERIOD: ![0m
[0;33m[WW] ModuleManager: CHANGING UPDATE PERIOD: ![0m
[0;33m[WW] ModuleManager: CHANGING UPDATE PERIOD: ![0m
[0;33m[WW] ModuleManager: CHANGING UPDATE PERIOD: ![0m
[0;33m[WW] ModuleManager: CHANGING UPDATE PERIOD: ![0m
[0;33m[WW] ModuleManager: CHANGING UPDATE PERIOD: ![0m
[0;33m[WW] ModuleManager: CHANGING UPDATE PERIOD: ![0m
[0;33m[WW] ModuleManager: CHANGING UPDATE PERIOD: ![0m
[0;33m[WW] ModuleManager: CHANGING UPDATE PERIOD: ![0m
[0;33m[WW] ModuleManager: CHANGING UPDATE PERIOD: ![0m
[0;33m[WW] ModuleManager: CHANGING UPDATE PERIOD: ![0m
[0;33m[WW] ModuleManager: CHANGING UPDATE PERIOD: ![0m
[0;33m[WW] ModuleManager: CHANGING UPDATE PERIOD: ![0m
[0;33m[WW] ModuleManager: CHANGING UPDATE PERIOD: ![0m
[0;33m[WW] ModuleManager: CHANGING UPDATE PERIOD: ![0m
[0;33m[WW] ModuleManager: CHANGING UPDATE PERIOD: ![0m
[0;33m[WW] ModuleManager: CHANGING UPDATE PERIOD: ![0m
[0;33m[WW] ModuleManager: CHANGING UPDATE PERIOD: ![0m
[0;33m[WW] ModuleManager: CHANGING UPDATE PERIOD: ![0m
[0;33m[WW] ModuleManager: CHANGING UPDATE PERIOD: ![0m
[0;33m[WW] ModuleManager: CHANGING UPDATE PERIOD: ![0m
[0;33m[WW] ModuleManager: CHANGING UPDATE PERIOD: ![0m
[0;33m[WW] ModuleManager: CHANGING UPDATE PERIOD: ![0m
[0;33m[WW] ModuleManager: CHANGING UPDATE PERIOD: ![0m
[0;33m[WW] ModuleManager: CHANGING UPDATE PERIOD: ![0m
[0;33m[WW] ModuleManager: CHANGING UPDATE PERIOD: ![0m
[0;33m[WW] ModuleManager: CHANGING UPDATE PERIOD: ![0m
[0;33m[WW] ModuleManager: CHANGING UPDATE PERIOD: ![0m
[0;33m[WW] ModuleManager: CHANGING UPDATE PERIOD: ![0m
[0;33m[WW] ModuleManager: CHANGING UPDATE PERIOD: ![0m
[0;33m[WW] ModuleManager: CHANGING UPDATE PERIOD: ![0m
[0;33m[WW] ModuleManager: CHANGING UPDATE PERIOD: ![0m
[0;33m[WW] ModuleManager: CHANGING UPDATE PERIOD: ![0m
[0;33m[WW] ModuleManager: CHANGING UPDATE PERIOD: ![0m
[0;33m[WW] ModuleManager: CHANGING UPDATE PERIOD: ![0m
[0;33m[WW] ModuleManager: CHANGING UPDATE PERIOD: ![0m
[0;33m[WW] ModuleManager: CHANGING UPDATE PERIOD: ![0m
[0;33m[WW] ModuleManager: CHANGING UPDATE PERIOD: ![0m
[0;33m[WW] ModuleManager: CHANGING UPDATE PERIOD: ![0m
[0;33m[WW] ModuleManager: CHANGING UPDATE PERIOD: ![0m
[0;33m[WW] ModuleManager: CHANGING UPDATE PERIOD: ![0m
[0;33m[WW] ModuleManager: CHANGING UPDATE PERIOD: ![0m
[0;33m[WW] ModuleManager: CHANGING UPDATE PERIOD: ![0m
[0;33m[WW] ModuleManager: CHANGING UPDATE PERIOD: ![0m
[0;33m[WW] ModuleManager: CHANGING UPDATE PERIOD: ![0m
[0;33m[WW] ModuleManager: CHANGING UPDATE PERIOD: ![0m
[0;33m[WW] ModuleManager: CHANGING UPDATE PERIOD: ![0m
[0;33m[WW] ModuleManager: CHANGING UPDATE PERIOD: ![0m
..
initHardware(SIM): Initializing hardware components...
initHardware(SIM): Initializing hardware components...
initHardware(SIM): Initializing hardware components...
initHardware(SIM): Initializing hardware components...
initHardware(SIM): Initializing hardware components...
initHardware(SIM): Initializing hardware components...
initHardware(SIM): Initializing hardware components...
initHardware(SIM): Initializing hardware components...
initHardware(SIM): Initializing hardware components...
initHardware(SIM): Initializing hardware components...
initHardware(SIM): Initializing hardware components...
initHardware(SIM): Initializing hardware components...
initHardware(SIM): Initializing hardware components...
initHardware(SIM): Initializing hardware components...
initHardware(SIM): Initializing hardware components...
initHardware(SIM): Initializing hardware components...
initHardware(SIM): Initializing hardware components...
initHardware(SIM): Initializing hardware components...
initHardware(SIM): Initializing hardware components...
initHardware(SIM): Initializing hardware components...
initHardware(SIM): Initializing hardware components...
initHardware(SIM): Initializing hardware components...
initHardware(SIM): Initializing hardware components...
initHardware(SIM): Initializing hardware components...
initHardware(SIM): Initializing hardware components...
initHardware(SIM): Initializing hardware components...
initHardware(SIM): Initializing hardware components...
initHardware(SIM): Initializing hardware components...
initHardware(SIM): Initializing hardware components...
initHardware(SIM): Initializing hardware components...
initHardware(SIM): Initializing hardware components...
initHardware(SIM): Initializing hardware components...
initHardware(SIM): Initializing hardware components...
initHardware(SIM): Initializing hardware components...
initHardware(SIM): Initializing hardware components...
initHardware(SIM): Initializing hardware components...
initHardware(SIM): Initializing hardware components...
initHardware(SIM): Initializing hardware components...
initHardware(SIM): Initializing hardware components...
initHardware(SIM): Initializing hardware components...
initHardware(SIM): Initializing hardware components...
initHardware(SIM): Initializing hardware components...
initHardware(SIM): Initializing hardware components...
initHardware(SIM): Initializing hardware components...
initHardware(SIM): Initializing hardware components...
initHardware(SIM): Initializing hardware components...
initHardware(SIM): Initializing hardware components...
initHardware(SIM): Initializing hardware components...
initHardware(SIM): Initializing hardware components...
initHardware(SIM): Initializing hardware components...
initHardware(SIM): Initializing hardware components...
initHardware(SIM): Initializing hardware components...
initHardware(SIM): Initializing hardware components...
initHardware(SIM): Initializing hardware components...
initHardware(SIM): Initializing hardware components...
initHardware(SIM): Initializing hardware components...
initHardware(SIM): Initializing hardware components...
initHardware(SIM): Initializing hardware components...
initHardware(SIM): Initializing hardware components...
initHardware(SIM): Initializing hardware components...
initHardware(SIM): Initializing hardware components...
initHardware(SIM): Initializing hardware components...
initHardware(SIM): Initializing hardware components...
initHardware(SIM): Initializing hardware components...
initHardware(SIM): Initializing hardware components...
initHardware(SIM): Initializing hardware components...
initHardware(SIM): Initializing hardware components...
initHardware(SIM): Initializing hardware components...
initHardware(SIM): Initializing hardware components...
initHardware(SIM): Initializing hardware components...
initHardware(SIM): Initializing hardware components...
initHardware(SIM): Initializing hardware components...
initHardware(SIM): Initializing hardware components...
initHardware(SIM): Initializing hardware components...
initHardware(SIM): Init[0;33m[WW] ModuleManager: CHANGING UPDATE PERIOD: ![0m
[0;33m[WW] ModuleManager: CHANGING UPDATE PERIOD: ![0m
[0;33m[WW] ModuleManager: CHANGING UPDATE PERIOD: ![0m
[0;33m[WW] ModuleManager: CHANGING UPDATE PERIOD: ![0m
[0;33m[WW] ModuleManager: CHANGING UPDATE PERIOD: ![0m
[0;33m[WW] ModuleManager: CHANGING UPDATE PERIOD: ![0m
[0;33m[WW] ModuleManager: CHANGING UPDATE PERIOD: ![0m
[0;33m[WW] ModuleManager: CHANGING UPDATE PERIOD: ![0m
[0;33m[WW] ModuleManager: CHANGING UPDATE PERIOD: ![0m
[0;33m[WW] ModuleManager: CHANGING UPDATE PERIOD: ![0m
[0;33m[WW] ModuleManager: CHANGING UPDATE PERIOD: ![0m
[0;33m[WW] ModuleManager: CHANGING UPDATE PERIOD: ![0m
[0;33m[WW] ModuleManager: CHANGING UPDATE PERIOD: ![0m
[0;33m[WW] ModuleManager: CHANGING UPDATE PERIOD: ![0m
[0;33m[WW] ModuleManager: CHANGING UPDATE PERIOD: ![0m
[0;33m[WW] ModuleManager: CHANGING UPDATE PERIOD: ![0m
[0;33m[WW] ModuleManager: CHANGING UPDATE PERIOD: ![0m
[0;33m[WW] ModuleManager: CHANGING UPDATE PERIOD: ![0m
[0;33m[WW] ModuleManager: CHANGING UPDATE PERIOD: ![0m
[0;33m[WW] ModuleManager: CHANGING UPDATE PERIOD: ![0m
[0;33m[WW] ModuleManager: CHANGING UPDATE PERIOD: ![0m
[0;33m[WW] ModuleManager: CHANGING UPDATE PERIOD: ![0m
[0;33m[WW] ModuleManager: CHANGING UPDATE PERIOD: ![0m
[0;33m[WW] ModuleManager: CHANGING UPDATE PERIOD: ![0m
[0;33m[WW] ModuleManager: CHANGING UPDATE PERIOD: ![0m
[0;33m[WW] ModuleManager: CHANGING UPDATE PERIOD: ![0m
[0;33m[WW] ModuleManager: CHANGING UPDATE PERIOD: ![0m
[0;33m[WW] ModuleManager: CHANGING UPDATE PERIOD: ![0m
[0;33m[WW] ModuleManager: CHANGING UPDATE PERIOD: ![0m
[0;33m[WW] ModuleManager: CHANGING UPDATE PERIOD: ![0m
[0;33m[WW] ModuleManager: CHANGING UPDATE PERIOD: ![0m
[0;33m[WW] ModuleManager: CHANGING UPDATE PERIOD: ![0m
/usr/local/lib/python3.10/dist-packages/stable_baselines3/common/vec_env/base_vec_env.py:78: UserWarning: The `render_mode` attribute is not defined in your environment. It will be set to None.
  warnings.warn("The `render_mode` attribute is not defined in your environment. It will be set to None.")
/usr/local/lib/python3.10/dist-packages/stable_baselines3/common/utils.py:166: UserWarning: get_schedule_fn() is deprecated, please use FloatSchedule() instead
  warnings.warn("get_schedule_fn() is deprecated, please use FloatSchedule() instead")
/usr/local/lib/python3.10/dist-packages/stable_baselines3/common/utils.py:212: UserWarning: constant_fn() is deprecated, please use ConstantSchedule() instead
  warnings.warn("constant_fn() is deprecated, please use ConstantSchedule() instead")
INFO:root:Starting training...
INFO:root:KL-adaptive learning rate: desired_kl=0.01, bounds [1e-07, 5e-05], target_kl backstop moved to 0.04
ializing hardware components...
initHardware(SIM): Initializing hardware components...
initHardware(SIM): Initializing hardware components...
initHardware(SIM): Initializing hardware components...
initHardware(SIM): Initializing hardware components...
initHardware(SIM): Initializing hardware components...
initHardware(SIM): Initializing hardware components...
initHardware(SIM): Initializing hardware components...
initHardware(SIM): Initializing hardware components...
initHardware(SIM): Initializing hardware components...
initHardware(SIM): Initializing hardware components...
initHardware(SIM): Initializing hardware components...
initHardware(SIM): Initializing hardware components...
initHardware(SIM): Initializing hardware components...
initHardware(SIM): Initializing hardware components...
initHardware(SIM): Initializing hardware components...
initHardware(SIM): Initializing hardware components...
initHardware(SIM): Initializing hardware components...
initHardware(SIM): Initializing hardware components...
initHardware(SIM): Initializing hardware components...
initHardware(SIM): Initializing hardware components...
initHardware(SIM): Initializing hardware components...
initHardware(SIM): Initializing hardware components...
initHardware(SIM): Initializing hardware components...
initHardware(SIM): Initializing hardware components...
initHardware(SIM): Initializing hardware components...
initHardware(SIM): Initializing hardware components...
initHardware(SIM): Initializing hardware components...
initHardware(SIM): Initializing hardware components...
initHardware(SIM): Initializing hardware components...
initHardware(SIM): Initializing hardware components...
initHardware(SIM): Initializing hardware components...
PARITY max_torque=23.700 23.700 45.430
PARITY contact_mu=0.450
PARITY body_height=0.320
PARITY Kp_body=100.000 100.000 100.000
PARITY Kd_body=30.000 30.000 30.000
PARITY Kp_ori=100.000 100.000 100.000
PARITY Kd_ori=10.000 10.000 10.000
PARITY Kp_foot=550.000 550.000 550.000
PARITY Kd_foot=10.000 10.000 10.000
PARITY Kp_joint=5.000 5.000 5.000
PARITY Kd_joint=3.000 3.000 3.000
PARITY floating_base_weight=50.000
PARITY control_mode=5.000
[HumanoidEnv] Reset state env_id=0 z=0.329 rpy=[-0.002, -0.001, 0.000]
[HumanoidEnv] unhealthy terminate at step=353 z=0.185867 rpy=[2.40986, 0.0836677, 1.99061] v_body=[-2.37112, 3.08313, 2.59747]
PARITY max_torque=23.700 23.700 45.430
PARITY contact_mu=0.450
PARITY body_height=0.320
PARITY Kp_body=100.000 100.000 100.000
PARITY Kd_body=30.000 30.000 30.000
PARITY Kp_ori=100.000 100.000 100.000
PARITY Kd_ori=10.000 10.000 10.000
PARITY Kp_foot=550.000 550.000 550.000
PARITY Kd_foot=10.000 10.000 10.000
PARITY Kp_joint=5.000 5.000 5.000
PARITY Kd_joint=3.000 3.000 3.000
PARITY floating_base_weight=50.000
PARITY control_mode=5.000
Using GPU: False
Using VecNormalize wrapper...
Found existing model and continue_training=True. Continuing training.
Loading existing model from ./data/gamma4/quadruped_ppo_model.zip
Loading VecNormalize statistics from ./data/gamma4/quadruped_ppo_model_vecnormalize.pkl
Model loaded successfully. Continuing training...
Model hyperparameters: {'activation_fn': <class 'torch.nn.modules.activation.Tanh'>, 'net_arch': {'pi': [256, 128], 'vf': [256, 128]}, 'log_std_init': -3.0, 'full_std': False, 'use_expln': False}
---------------------------------
| rollout/           |          |
|    ep_len_mean     | 381      |
|    ep_rew_mean     | 17.1     |
| time/              |          |
|    fps             | 2719     |
|    iterations      | 1        |
|    time_elapsed    | 48       |
|    total_timesteps | 131072   |
---------------------------------
[HumanoidEnv] Reset state env_id=0 z=0.301 rpy=[-0.002, 0.000, 0.001]
[HumanoidEnv] unhealthy terminate at step=402 z=0.7749 rpy=[0.228283, -0.475274, -0.0918401] v_body=[-2.18477, -1.70929, 2.93578]
PARITY max_torque=23.700 23.700 45.430
PARITY contact_mu=0.450
PARITY body_height=0.320
PARITY Kp_body=100.000 100.000 100.000
PARITY Kd_body=30.000 30.000 30.000
PARITY Kp_ori=100.000 100.000 100.000
PARITY Kd_ori=10.000 10.000 10.000
PARITY Kp_foot=550.000 550.000 550.000
PARITY Kd_foot=10.000 10.000 10.000
PARITY Kp_joint=5.000 5.000 5.000
PARITY Kd_joint=3.000 3.000 3.000
PARITY floating_base_weight=50.000
PARITY control_mode=5.000
------------------------------------------
| rollout/                |              |
|    ep_len_mean          | 366          |
|    ep_rew_mean          | 17.9         |
| time/                   |              |
|    fps                  | 2254         |
|    iterations           | 2            |
|    time_elapsed         | 116          |
|    total_timesteps      | 262144       |
| train/                  |              |
|    adaptive_lr          | 1.5e-05      |
|    approx_kl            | 0.0018525755 |
|    clip_fraction        | 0.0738       |
|    clip_range           | 0.1          |
|    clip_range_vf        | 0.2          |
|    entropy_loss         | 22.9         |
|    explained_variance   | 0.656        |
|    learning_rate        | 1e-05        |
|    loss                 | 2.14         |
|    n_updates            | 3070         |
|    policy_gradient_loss | -0.00672     |
|    std                  | 0.097        |
|    value_loss           | 2.13         |
------------------------------------------
[HumanoidEnv] Reset state env_id=0 z=0.316 rpy=[-0.000, -0.001, 0.000]
[HumanoidEnv] unhealthy terminate at step=395 z=0.198437 rpy=[-2.16058, -0.252794, 0.11725] v_body=[1.8987, 1.89922, 4.63852]
PARITY max_torque=23.700 23.700 45.430
PARITY contact_mu=0.450
PARITY body_height=0.320
PARITY Kp_body=100.000 100.000 100.000
PARITY Kd_body=30.000 30.000 30.000
PARITY Kp_ori=100.000 100.000 100.000
PARITY Kd_ori=10.000 10.000 10.000
PARITY Kp_foot=550.000 550.000 550.000
PARITY Kd_foot=10.000 10.000 10.000
PARITY Kp_joint=5.000 5.000 5.000
PARITY Kd_joint=3.000 3.000 3.000
PARITY floating_base_weight=50.000
PARITY control_mode=5.000
[HumanoidEnv] Reset state env_id=0 z=0.286 rpy=[-0.002, -0.001, 0.001]
[HumanoidEnv] unhealthy terminate at step=260 z=0.186817 rpy=[-1.00199, 0.056312, 0.242194] v_body=[2.16384, -0.325849, -2.22279]
PARITY max_torque=23.700 23.700 45.430
PARITY contact_mu=0.450
PARITY body_height=0.320
PARITY Kp_body=100.000 100.000 100.000
PARITY Kd_body=30.000 30.000 30.000
PARITY Kp_ori=100.000 100.000 100.000
PARITY Kd_ori=10.000 10.000 10.000
PARITY Kp_foot=550.000 550.000 550.000
PARITY Kd_foot=10.000 10.000 10.000
PARITY Kp_joint=5.000 5.000 5.000
PARITY Kd_joint=3.000 3.000 3.000
PARITY floating_base_weight=50.000
PARITY control_mode=5.000
------------------------------------------
| rollout/                |              |
|    ep_len_mean          | 366          |
|    ep_rew_mean          | 18.8         |
| time/                   |              |
|    fps                  | 2097         |
|    iterations           | 3            |
|    time_elapsed         | 187          |
|    total_timesteps      | 393216       |
| train/                  |              |
|    adaptive_lr          | 2.25e-05     |
|    approx_kl            | 0.0023075857 |
|    clip_fraction        | 0.104        |
|    clip_range           | 0.1          |
|    clip_range_vf        | 0.2          |
|    entropy_loss         | 22.8         |
|    explained_variance   | 0.575        |
|    learning_rate        | 1.5e-05      |
|    loss                 | 3.43         |
|    n_updates            | 3080         |
|    policy_gradient_loss | -0.00422     |
|    std                  | 0.0973       |
|    value_loss           | 3.31         |
------------------------------------------
[HumanoidEnv] Reset state env_id=0 z=0.294 rpy=[-0.002, -0.002, 0.000]
[HumanoidEnv] unhealthy terminate at step=333 z=0.19991 rpy=[3.07355, -0.0938357, 2.44288] v_body=[-5.37088, -8.5766, 0.14833]
PARITY max_torque=23.700 23.700 45.430
PARITY contact_mu=0.450
PARITY body_height=0.320
PARITY Kp_body=100.000 100.000 100.000
PARITY Kd_body=30.000 30.000 30.000
PARITY Kp_ori=100.000 100.000 100.000
PARITY Kd_ori=10.000 10.000 10.000
PARITY Kp_foot=550.000 550.000 550.000
PARITY Kd_foot=10.000 10.000 10.000
PARITY Kp_joint=5.000 5.000 5.000
PARITY Kd_joint=3.000 3.000 3.000
PARITY floating_base_weight=50.000
PARITY control_mode=5.000
[HumanoidEnv] Reset state env_id=0 z=0.309 rpy=[-0.003, -0.004, 0.000]
[HumanoidEnv] unhealthy terminate at step=276 z=0.194788 rpy=[0.739453, 0.0486791, -0.0248389] v_body=[0.59053, -1.86258, -2.48219]
PARITY max_torque=23.700 23.700 45.430
PARITY contact_mu=0.450
PARITY body_height=0.320
PARITY Kp_body=100.000 100.000 100.000
PARITY Kd_body=30.000 30.000 30.000
PARITY Kp_ori=100.000 100.000 100.000
PARITY Kd_ori=10.000 10.000 10.000
PARITY Kp_foot=550.000 550.000 550.000
PARITY Kd_foot=10.000 10.000 10.000
PARITY Kp_joint=5.000 5.000 5.000
PARITY Kd_joint=3.000 3.000 3.000
PARITY floating_base_weight=50.000
PARITY control_mode=5.000
------------------------------------------
| rollout/                |              |
|    ep_len_mean          | 368          |
|    ep_rew_mean          | 18.6         |
| time/                   |              |
|    fps                  | 2029         |
|    iterations           | 4            |
|    time_elapsed         | 258          |
|    total_timesteps      | 524288       |
| train/                  |              |
|    adaptive_lr          | 3.38e-05     |
|    approx_kl            | 0.0030418066 |
|    clip_fraction        | 0.143        |
|    clip_range           | 0.1          |
|    clip_range_vf        | 0.2          |
|    entropy_loss         | 22.7         |
|    explained_variance   | 0.626        |
|    learning_rate        | 2.25e-05     |
|    loss                 | 2.8          |
|    n_updates            | 3090         |
|    policy_gradient_loss | -0.00632     |
|    std                  | 0.0976       |
|    value_loss           | 2.61         |
------------------------------------------
[HumanoidEnv] Reset state env_id=0 z=0.298 rpy=[-0.001, -0.002, 0.000]
[HumanoidEnv] unhealthy terminate at step=292 z=0.775843 rpy=[-0.540127, -1.19197, 1.5] v_body=[-2.40806, -2.37579, -0.907007]
PARITY max_torque=23.700 23.700 45.430
PARITY contact_mu=0.450
PARITY body_height=0.320
PARITY Kp_body=100.000 100.000 100.000
PARITY Kd_body=30.000 30.000 30.000
PARITY Kp_ori=100.000 100.000 100.000
PARITY Kd_ori=10.000 10.000 10.000
PARITY Kp_foot=550.000 550.000 550.000
PARITY Kd_foot=10.000 10.000 10.000
PARITY Kp_joint=5.000 5.000 5.000
PARITY Kd_joint=3.000 3.000 3.000
PARITY floating_base_weight=50.000
PARITY control_mode=5.000
-----------------------------------------
| rollout/                |             |
|    ep_len_mean          | 333         |
|    ep_rew_mean          | 16.9        |
| time/                   |             |
|    fps                  | 1985        |
|    iterations           | 5           |
|    time_elapsed         | 330         |
|    total_timesteps      | 655360      |
| train/                  |             |
|    adaptive_lr          | 5e-05       |
|    approx_kl            | 0.004141735 |
|    clip_fraction        | 0.193       |
|    clip_range           | 0.1         |
|    clip_range_vf        | 0.2         |
|    entropy_loss         | 22.6        |
|    explained_variance   | 0.705       |
|    learning_rate        | 3.38e-05    |
|    loss                 | 2.85        |
|    n_updates            | 3100        |
|    policy_gradient_loss | -0.00607    |
|    std                  | 0.0979      |
|    value_loss           | 2.39        |
-----------------------------------------
[HumanoidEnv] Reset state env_id=0 z=0.288 rpy=[0.002, 0.000, 0.000]
[HumanoidEnv] unhealthy terminate at step=335 z=0.757293 rpy=[-0.319883, -0.250479, 0.0813256] v_body=[-0.271907, 2.83841, 3.38297]
PARITY max_torque=23.700 23.700 45.430
PARITY contact_mu=0.450
PARITY body_height=0.320
PARITY Kp_body=100.000 100.000 100.000
PARITY Kd_body=30.000 30.000 30.000
PARITY Kp_ori=100.000 100.000 100.000
PARITY Kd_ori=10.000 10.000 10.000
PARITY Kp_foot=550.000 550.000 550.000
PARITY Kd_foot=10.000 10.000 10.000
PARITY Kp_joint=5.000 5.000 5.000
PARITY Kd_joint=3.000 3.000 3.000
PARITY floating_base_weight=50.000
PARITY control_mode=5.000
[HumanoidEnv] Reset state env_id=0 z=0.285 rpy=[0.002, -0.002, 0.001]
[HumanoidEnv] unhealthy terminate at step=356 z=0.194655 rpy=[0.0184153, -0.846233, 1.31947] v_body=[-3.07797, 0.867483, -1.81871]
PARITY max_torque=23.700 23.700 45.430
PARITY contact_mu=0.450
PARITY body_height=0.320
PARITY Kp_body=100.000 100.000 100.000
PARITY Kd_body=30.000 30.000 30.000
PARITY Kp_ori=100.000 100.000 100.000
PARITY Kd_ori=10.000 10.000 10.000
PARITY Kp_foot=550.000 550.000 550.000
PARITY Kd_foot=10.000 10.000 10.000
PARITY Kp_joint=5.000 5.000 5.000
PARITY Kd_joint=3.000 3.000 3.000
PARITY floating_base_weight=50.000
PARITY control_mode=5.000
------------------------------------------
| rollout/                |              |
|    ep_len_mean          | 336          |
|    ep_rew_mean          | 17.4         |
| time/                   |              |
|    fps                  | 1959         |
|    iterations           | 6            |
|    time_elapsed         | 401          |
|    total_timesteps      | 786432       |
| train/                  |              |
|    adaptive_lr          | 5e-05        |
|    approx_kl            | 0.0057732896 |
|    clip_fraction        | 0.265        |
|    clip_range           | 0.1          |
|    clip_range_vf        | 0.2          |
|    entropy_loss         | 22.5         |
|    explained_variance   | 0.685        |
|    learning_rate        | 5e-05        |
|    loss                 | 2.83         |
|    n_updates            | 3110         |
|    policy_gradient_loss | -0.0042      |
|    std                  | 0.0983       |
|    value_loss           | 2.46         |
------------------------------------------
[HumanoidEnv] Reset state env_id=0 z=0.322 rpy=[-0.002, -0.001, 0.000]
[HumanoidEnv] unhealthy terminate at step=416 z=0.177219 rpy=[3.07401, -0.0697218, -2.98309] v_body=[-1.30484, 2.90408, 3.50172]
PARITY max_torque=23.700 23.700 45.430
PARITY contact_mu=0.450
PARITY body_height=0.320
PARITY Kp_body=100.000 100.000 100.000
PARITY Kd_body=30.000 30.000 30.000
PARITY Kp_ori=100.000 100.000 100.000
PARITY Kd_ori=10.000 10.000 10.000
PARITY Kp_foot=550.000 550.000 550.000
PARITY Kd_foot=10.000 10.000 10.000
PARITY Kp_joint=5.000 5.000 5.000
PARITY Kd_joint=3.000 3.000 3.000
PARITY floating_base_weight=50.000
PARITY control_mode=5.000
------------------------------------------
| rollout/                |              |
|    ep_len_mean          | 394          |
|    ep_rew_mean          | 20           |
| time/                   |              |
|    fps                  | 1942         |
|    iterations           | 7            |
|    time_elapsed         | 472          |
|    total_timesteps      | 917504       |
| train/                  |              |
|    adaptive_lr          | 5e-05        |
|    approx_kl            | 0.0054259533 |
|    clip_fraction        | 0.264        |
|    clip_range           | 0.1          |
|    clip_range_vf        | 0.2          |
|    entropy_loss         | 22.5         |
|    explained_variance   | 0.715        |
|    learning_rate        | 5e-05        |
|    loss                 | 2.84         |
|    n_updates            | 3120         |
|    policy_gradient_loss | -0.00281     |
|    std                  | 0.0987       |
|    value_loss           | 2.35         |
------------------------------------------
[HumanoidEnv] Reset state env_id=0 z=0.311 rpy=[0.002, -0.002, 0.000]
[HumanoidEnv] unhealthy terminate at step=400 z=0.195152 rpy=[-1.26785, 0.495387, 2.98038] v_body=[-0.841261, 0.0432447, -3.3846]
PARITY max_torque=23.700 23.700 45.430
PARITY contact_mu=0.450
PARITY body_height=0.320
PARITY Kp_body=100.000 100.000 100.000
PARITY Kd_body=30.000 30.000 30.000
PARITY Kp_ori=100.000 100.000 100.000
PARITY Kd_ori=10.000 10.000 10.000
PARITY Kp_foot=550.000 550.000 550.000
PARITY Kd_foot=10.000 10.000 10.000
PARITY Kp_joint=5.000 5.000 5.000
PARITY Kd_joint=3.000 3.000 3.000
PARITY floating_base_weight=50.000
PARITY control_mode=5.000
-----------------------------------------
| rollout/                |             |
|    ep_len_mean          | 404         |
|    ep_rew_mean          | 19.9        |
| time/                   |             |
|    fps                  | 1932        |
|    iterations           | 8           |
|    time_elapsed         | 542         |
|    total_timesteps      | 1048576     |
| train/                  |             |
|    adaptive_lr          | 5e-05       |
|    approx_kl            | 0.005719714 |
|    clip_fraction        | 0.262       |
|    clip_range           | 0.1         |
|    clip_range_vf        | 0.2         |
|    entropy_loss         | 22.4        |
|    explained_variance   | 0.753       |
|    learning_rate        | 5e-05       |
|    loss                 | 1.85        |
|    n_updates            | 3130        |
|    policy_gradient_loss | -0.0042     |
|    std                  | 0.099       |
|    value_loss           | 1.61        |
-----------------------------------------
[HumanoidEnv] Reset state env_id=0 z=0.299 rpy=[-0.000, -0.002, 0.000]
[HumanoidEnv] unhealthy terminate at step=380 z=0.185208 rpy=[2.85229, -0.38656, 2.05147] v_body=[-7.65298, -1.00239, 1.56728]
PARITY max_torque=23.700 23.700 45.430
PARITY contact_mu=0.450
PARITY body_height=0.320
PARITY Kp_body=100.000 100.000 100.000
PARITY Kd_body=30.000 30.000 30.000
PARITY Kp_ori=100.000 100.000 100.000
PARITY Kd_ori=10.000 10.000 10.000
PARITY Kp_foot=550.000 550.000 550.000
PARITY Kd_foot=10.000 10.000 10.000
PARITY Kp_joint=5.000 5.000 5.000
PARITY Kd_joint=3.000 3.000 3.000
PARITY floating_base_weight=50.000
PARITY control_mode=5.000
[HumanoidEnv] Reset state env_id=0 z=0.312 rpy=[0.002, -0.002, -0.000]
[HumanoidEnv] unhealthy terminate at step=356 z=0.193208 rpy=[-0.70584, 0.129601, -0.0593481] v_body=[1.61307, -0.129313, -2.21795]
PARITY max_torque=23.700 23.700 45.430
PARITY contact_mu=0.450
PARITY body_height=0.320
PARITY Kp_body=100.000 100.000 100.000
PARITY Kd_body=30.000 30.000 30.000
PARITY Kp_ori=100.000 100.000 100.000
PARITY Kd_ori=10.000 10.000 10.000
PARITY Kp_foot=550.000 550.000 550.000
PARITY Kd_foot=10.000 10.000 10.000
PARITY Kp_joint=5.000 5.000 5.000
PARITY Kd_joint=3.000 3.000 3.000
PARITY floating_base_weight=50.000
PARITY control_mode=5.000
-----------------------------------------
| rollout/                |             |
|    ep_len_mean          | 367         |
|    ep_rew_mean          | 18          |
| time/                   |             |
|    fps                  | 1920        |
|    iterations           | 9           |
|    time_elapsed         | 614         |
|    total_timesteps      | 1179648     |
| train/                  |             |
|    adaptive_lr          | 5e-05       |
|    approx_kl            | 0.005676713 |
|    clip_fraction        | 0.27        |
|    clip_range           | 0.1         |
|    clip_range_vf        | 0.2         |
|    entropy_loss         | 22.3        |
|    explained_variance   | 0.768       |
|    learning_rate        | 5e-05       |
|    loss                 | 1.63        |
|    n_updates            | 3140        |
|    policy_gradient_loss | -0.00373    |
|    std                  | 0.0993      |
|    value_loss           | 1.59        |
-----------------------------------------
[HumanoidEnv] Reset state env_id=0 z=0.298 rpy=[-0.001, -0.002, 0.000]
[HumanoidEnv] unhealthy terminate at step=468 z=0.197077 rpy=[-1.6093, -0.343809, 0.749744] v_body=[-0.951735, -1.20675, 3.96246]
PARITY max_torque=23.700 23.700 45.430
PARITY contact_mu=0.450
PARITY body_height=0.320
PARITY Kp_body=100.000 100.000 100.000
PARITY Kd_body=30.000 30.000 30.000
PARITY Kp_ori=100.000 100.000 100.000
PARITY Kd_ori=10.000 10.000 10.000
PARITY Kp_foot=550.000 550.000 550.000
PARITY Kd_foot=10.000 10.000 10.000
PARITY Kp_joint=5.000 5.000 5.000
PARITY Kd_joint=3.000 3.000 3.000
PARITY floating_base_weight=50.000
PARITY control_mode=5.000
------------------------------------------
| rollout/                |              |
|    ep_len_mean          | 368          |
|    ep_rew_mean          | 18.6         |
| time/                   |              |
|    fps                  | 1907         |
|    iterations           | 10           |
|    time_elapsed         | 687          |
|    total_timesteps      | 1310720      |
| train/                  |              |
|    adaptive_lr          | 5e-05        |
|    approx_kl            | 0.0059278877 |
|    clip_fraction        | 0.268        |
|    clip_range           | 0.1          |
|    clip_range_vf        | 0.2          |
|    entropy_loss         | 22.2         |
|    explained_variance   | 0.807        |
|    learning_rate        | 5e-05        |
|    loss                 | 1.68         |
|    n_updates            | 3150         |
|    policy_gradient_loss | -0.00461     |
|    std                  | 0.0997       |
|    value_loss           | 1.51         |
------------------------------------------
[HumanoidEnv] Reset state env_id=0 z=0.276 rpy=[0.002, -0.001, 0.000]
[HumanoidEnv] unhealthy terminate at step=364 z=0.196111 rpy=[-1.64623, -0.230684, -1.60687] v_body=[-1.52227, -1.70198, 3.61654]
PARITY max_torque=23.700 23.700 45.430
PARITY contact_mu=0.450
PARITY body_height=0.320
PARITY Kp_body=100.000 100.000 100.000
PARITY Kd_body=30.000 30.000 30.000
PARITY Kp_ori=100.000 100.000 100.000
PARITY Kd_ori=10.000 10.000 10.000
PARITY Kp_foot=550.000 550.000 550.000
PARITY Kd_foot=10.000 10.000 10.000
PARITY Kp_joint=5.000 5.000 5.000
PARITY Kd_joint=3.000 3.000 3.000
PARITY floating_base_weight=50.000
PARITY control_mode=5.000
-----------------------------------------
| rollout/                |             |
|    ep_len_mean          | 347         |
|    ep_rew_mean          | 17.1        |
| time/                   |             |
|    fps                  | 1894        |
|    iterations           | 11          |
|    time_elapsed         | 761         |
|    total_timesteps      | 1441792     |
| train/                  |             |
|    adaptive_lr          | 5e-05       |
|    approx_kl            | 0.005691874 |
|    clip_fraction        | 0.271       |
|    clip_range           | 0.1         |
|    clip_range_vf        | 0.2         |
|    entropy_loss         | 22.1        |
|    explained_variance   | 0.798       |
|    learning_rate        | 5e-05       |
|    loss                 | 1.46        |
|    n_updates            | 3160        |
|    policy_gradient_loss | -0.0037     |
|    std                  | 0.1         |
|    value_loss           | 1.52        |
-----------------------------------------
[HumanoidEnv] Reset state env_id=0 z=0.275 rpy=[-0.001, 0.002, 0.001]
[HumanoidEnv] unhealthy terminate at step=342 z=0.751736 rpy=[0.778831, -0.796254, -0.390531] v_body=[-1.41973, -1.82052, -1.04339]
PARITY max_torque=23.700 23.700 45.430
PARITY contact_mu=0.450
PARITY body_height=0.320
PARITY Kp_body=100.000 100.000 100.000
PARITY Kd_body=30.000 30.000 30.000
PARITY Kp_ori=100.000 100.000 100.000
PARITY Kd_ori=10.000 10.000 10.000
PARITY Kp_foot=550.000 550.000 550.000
PARITY Kd_foot=10.000 10.000 10.000
PARITY Kp_joint=5.000 5.000 5.000
PARITY Kd_joint=3.000 3.000 3.000
PARITY floating_base_weight=50.000
PARITY control_mode=5.000
[HumanoidEnv] Reset state env_id=0 z=0.287 rpy=[-0.001, 0.001, 0.001]
[HumanoidEnv] unhealthy terminate at step=405 z=0.172109 rpy=[0.737962, -0.140014, -0.382996] v_body=[1.0686, 0.560787, -2.72777]
PARITY max_torque=23.700 23.700 45.430
PARITY contact_mu=0.450
PARITY body_height=0.320
PARITY Kp_body=100.000 100.000 100.000
PARITY Kd_body=30.000 30.000 30.000
PARITY Kp_ori=100.000 100.000 100.000
PARITY Kd_ori=10.000 10.000 10.000
PARITY Kp_foot=550.000 550.000 550.000
PARITY Kd_foot=10.000 10.000 10.000
PARITY Kp_joint=5.000 5.000 5.000
PARITY Kd_joint=3.000 3.000 3.000
PARITY floating_base_weight=50.000
PARITY control_mode=5.000
-----------------------------------------
| rollout/                |             |
|    ep_len_mean          | 362         |
|    ep_rew_mean          | 18.6        |
| time/                   |             |
|    fps                  | 1891        |
|    iterations           | 12          |
|    time_elapsed         | 831         |
|    total_timesteps      | 1572864     |
| train/                  |             |
|    adaptive_lr          | 5e-05       |
|    approx_kl            | 0.005701514 |
|    clip_fraction        | 0.271       |
|    clip_range           | 0.1         |
|    clip_range_vf        | 0.2         |
|    entropy_loss         | 22          |
|    explained_variance   | 0.824       |
|    learning_rate        | 5e-05       |
|    loss                 | 1.73        |
|    n_updates            | 3170        |
|    policy_gradient_loss | -0.00344    |
|    std                  | 0.1         |
|    value_loss           | 1.43        |
-----------------------------------------
[HumanoidEnv] Reset state env_id=0 z=0.279 rpy=[0.002, -0.002, 0.000]
[HumanoidEnv] unhealthy terminate at step=450 z=0.188084 rpy=[1.70889, 0.244977, -1.05809] v_body=[1.22692, -0.175754, 4.14519]
PARITY max_torque=23.700 23.700 45.430
PARITY contact_mu=0.450
PARITY body_height=0.320
PARITY Kp_body=100.000 100.000 100.000
PARITY Kd_body=30.000 30.000 30.000
PARITY Kp_ori=100.000 100.000 100.000
PARITY Kd_ori=10.000 10.000 10.000
PARITY Kp_foot=550.000 550.000 550.000
PARITY Kd_foot=10.000 10.000 10.000
PARITY Kp_joint=5.000 5.000 5.000
PARITY Kd_joint=3.000 3.000 3.000
PARITY floating_base_weight=50.000
PARITY control_mode=5.000
------------------------------------------
| rollout/                |              |
|    ep_len_mean          | 358          |
|    ep_rew_mean          | 18.3         |
| time/                   |              |
|    fps                  | 1888         |
|    iterations           | 13           |
|    time_elapsed         | 902          |
|    total_timesteps      | 1703936      |
| train/                  |              |
|    adaptive_lr          | 5e-05        |
|    approx_kl            | 0.0055714473 |
|    clip_fraction        | 0.275        |
|    clip_range           | 0.1          |
|    clip_range_vf        | 0.2          |
|    entropy_loss         | 21.9         |
|    explained_variance   | 0.807        |
|    learning_rate        | 5e-05        |
|    loss                 | 1.55         |
|    n_updates            | 3180         |
|    policy_gradient_loss | -0.00303     |
|    std                  | 0.101        |
|    value_loss           | 1.4          |
------------------------------------------
[HumanoidEnv] Reset state env_id=0 z=0.287 rpy=[0.001, 0.000, 0.001]
[HumanoidEnv] unhealthy terminate at step=292 z=0.194325 rpy=[1.38579, -0.115416, -0.317004] v_body=[-1.29727, 0.770498, -5.03022]
PARITY max_torque=23.700 23.700 45.430
PARITY contact_mu=0.450
PARITY body_height=0.320
PARITY Kp_body=100.000 100.000 100.000
PARITY Kd_body=30.000 30.000 30.000
PARITY Kp_ori=100.000 100.000 100.000
PARITY Kd_ori=10.000 10.000 10.000
PARITY Kp_foot=550.000 550.000 550.000
PARITY Kd_foot=10.000 10.000 10.000
PARITY Kp_joint=5.000 5.000 5.000
PARITY Kd_joint=3.000 3.000 3.000
PARITY floating_base_weight=50.000
PARITY control_mode=5.000
-----------------------------------------
| rollout/                |             |
|    ep_len_mean          | 365         |
|    ep_rew_mean          | 19.1        |
| time/                   |             |
|    fps                  | 1886        |
|    iterations           | 14          |
|    time_elapsed         | 972         |
|    total_timesteps      | 1835008     |
| train/                  |             |
|    adaptive_lr          | 5e-05       |
|    approx_kl            | 0.005389824 |
|    clip_fraction        | 0.267       |
|    clip_range           | 0.1         |
|    clip_range_vf        | 0.2         |
|    entropy_loss         | 21.8        |
|    explained_variance   | 0.807       |
|    learning_rate        | 5e-05       |
|    loss                 | 1.75        |
|    n_updates            | 3190        |
|    policy_gradient_loss | -0.00187    |
|    std                  | 0.101       |
|    value_loss           | 1.39        |
-----------------------------------------
[HumanoidEnv] Reset state env_id=0 z=0.279 rpy=[0.001, -0.000, 0.000]
[HumanoidEnv] unhealthy terminate at step=453 z=0.750821 rpy=[-1.64729, 0.560253, -2.16827] v_body=[1.8056, -3.37037, 9.43835]
PARITY max_torque=23.700 23.700 45.430
PARITY contact_mu=0.450
PARITY body_height=0.320
PARITY Kp_body=100.000 100.000 100.000
PARITY Kd_body=30.000 30.000 30.000
PARITY Kp_ori=100.000 100.000 100.000
PARITY Kd_ori=10.000 10.000 10.000
PARITY Kp_foot=550.000 550.000 550.000
PARITY Kd_foot=10.000 10.000 10.000
PARITY Kp_joint=5.000 5.000 5.000
PARITY Kd_joint=3.000 3.000 3.000
PARITY floating_base_weight=50.000
PARITY control_mode=5.000
------------------------------------------
| rollout/                |              |
|    ep_len_mean          | 356          |
|    ep_rew_mean          | 17.9         |
| time/                   |              |
|    fps                  | 1885         |
|    iterations           | 15           |
|    time_elapsed         | 1042         |
|    total_timesteps      | 1966080      |
| train/                  |              |
|    adaptive_lr          | 5e-05        |
|    approx_kl            | 0.0053095305 |
|    clip_fraction        | 0.273        |
|    clip_range           | 0.1          |
|    clip_range_vf        | 0.2          |
|    entropy_loss         | 21.8         |
|    explained_variance   | 0.81         |
|    learning_rate        | 5e-05        |
|    loss                 | 1.55         |
|    n_updates            | 3200         |
|    policy_gradient_loss | -0.000975    |
|    std                  | 0.101        |
|    value_loss           | 1.35         |
------------------------------------------
[HumanoidEnv] Reset state env_id=0 z=0.323 rpy=[0.000, -0.002, 0.000]
[HumanoidEnv] unhealthy terminate at step=380 z=0.762795 rpy=[1.63169, -0.0957521, -0.640053] v_body=[1.55529, -2.32512, -5.71433]
PARITY max_torque=23.700 23.700 45.430
PARITY contact_mu=0.450
PARITY body_height=0.320
PARITY Kp_body=100.000 100.000 100.000
PARITY Kd_body=30.000 30.000 30.000
PARITY Kp_ori=100.000 100.000 100.000
PARITY Kd_ori=10.000 10.000 10.000
PARITY Kp_foot=550.000 550.000 550.000
PARITY Kd_foot=10.000 10.000 10.000
PARITY Kp_joint=5.000 5.000 5.000
PARITY Kd_joint=3.000 3.000 3.000
PARITY floating_base_weight=50.000
PARITY control_mode=5.000
INFO:root:VecNormalize statistics saved at: ./data/gamma4/quadruped_ppo_model_ckpt_2000128_vecnormalize.pkl
INFO:root:Model saved at: ./data/gamma4/quadruped_ppo_model_ckpt_2000128.zip
INFO:root:Checkpoint written at 2000128 timesteps
[HumanoidEnv] Reset state env_id=0 z=0.315 rpy=[0.002, -0.003, 0.000]
[HumanoidEnv] unhealthy terminate at step=306 z=0.196681 rpy=[1.29536, 0.250153, -0.176845] v_body=[-0.831734, 0.810692, -3.8175]
PARITY max_torque=23.700 23.700 45.430
PARITY contact_mu=0.450
PARITY body_height=0.320
PARITY Kp_body=100.000 100.000 100.000
PARITY Kd_body=30.000 30.000 30.000
PARITY Kp_ori=100.000 100.000 100.000
PARITY Kd_ori=10.000 10.000 10.000
PARITY Kp_foot=550.000 550.000 550.000
PARITY Kd_foot=10.000 10.000 10.000
PARITY Kp_joint=5.000 5.000 5.000
PARITY Kd_joint=3.000 3.000 3.000
PARITY floating_base_weight=50.000
PARITY control_mode=5.000
-----------------------------------------
| rollout/                |             |
|    ep_len_mean          | 349         |
|    ep_rew_mean          | 17.9        |
| time/                   |             |
|    fps                  | 1884        |
|    iterations           | 16          |
|    time_elapsed         | 1112        |
|    total_timesteps      | 2097152     |
| train/                  |             |
|    adaptive_lr          | 5e-05       |
|    approx_kl            | 0.005370925 |
|    clip_fraction        | 0.273       |
|    clip_range           | 0.1         |
|    clip_range_vf        | 0.2         |
|    entropy_loss         | 21.7        |
|    explained_variance   | 0.816       |
|    learning_rate        | 5e-05       |
|    loss                 | 1.73        |
|    n_updates            | 3210        |
|    policy_gradient_loss | -0.000843   |
|    std                  | 0.102       |
|    value_loss           | 1.46        |
-----------------------------------------
/usr/local/lib/python3.10/dist-packages/stable_baselines3/common/utils.py:166: UserWarning: get_schedule_fn() is deprecated, please use FloatSchedule() instead
  warnings.warn("get_schedule_fn() is deprecated, please use FloatSchedule() instead")
/usr/local/lib/python3.10/dist-packages/stable_baselines3/common/utils.py:212: UserWarning: constant_fn() is deprecated, please use ConstantSchedule() instead
  warnings.warn("constant_fn() is deprecated, please use ConstantSchedule() instead")
[HumanoidEnv] Reset state env_id=0 z=0.300 rpy=[-0.001, -0.001, 0.001]
[HumanoidEnv] unhealthy terminate at step=310 z=0.197036 rpy=[2.01633, 0.33327, 2.50096] v_body=[-5.08198, -0.0519788, -2.51437]
PARITY max_torque=23.700 23.700 45.430
PARITY contact_mu=0.450
PARITY body_height=0.320
PARITY Kp_body=100.000 100.000 100.000
PARITY Kd_body=30.000 30.000 30.000
PARITY Kp_ori=100.000 100.000 100.000
PARITY Kd_ori=10.000 10.000 10.000
PARITY Kp_foot=550.000 550.000 550.000
PARITY Kd_foot=10.000 10.000 10.000
PARITY Kp_joint=5.000 5.000 5.000
PARITY Kd_joint=3.000 3.000 3.000
PARITY floating_base_weight=50.000
PARITY control_mode=5.000
[HumanoidEnv] Reset state env_id=0 z=0.276 rpy=[-0.001, -0.000, 0.001]
[HumanoidEnv] unhealthy terminate at step=251 z=0.182233 rpy=[1.34142, -0.0812403, -0.302778] v_body=[-0.653503, 1.07535, -5.46729]
PARITY max_torque=23.700 23.700 45.430
PARITY contact_mu=0.450
PARITY body_height=0.320
PARITY Kp_body=100.000 100.000 100.000
PARITY Kd_body=30.000 30.000 30.000
PARITY Kp_ori=100.000 100.000 100.000
PARITY Kd_ori=10.000 10.000 10.000
PARITY Kp_foot=550.000 550.000 550.000
PARITY Kd_foot=10.000 10.000 10.000
PARITY Kp_joint=5.000 5.000 5.000
PARITY Kd_joint=3.000 3.000 3.000
PARITY floating_base_weight=50.000
PARITY control_mode=5.000
-----------------------------------------
| rollout/                |             |
|    ep_len_mean          | 346         |
|    ep_rew_mean          | 17.6        |
| time/                   |             |
|    fps                  | 1883        |
|    iterations           | 17          |
|    time_elapsed         | 1182        |
|    total_timesteps      | 2228224     |
| train/                  |             |
|    adaptive_lr          | 5e-05       |
|    approx_kl            | 0.005349247 |
|    clip_fraction        | 0.276       |
|    clip_range           | 0.1         |
|    clip_range_vf        | 0.2         |
|    entropy_loss         | 21.6        |
|    explained_variance   | 0.795       |
|    learning_rate        | 5e-05       |
|    loss                 | 1.6         |
|    n_updates            | 3220        |
|    policy_gradient_loss | -0.000514   |
|    std                  | 0.102       |
|    value_loss           | 1.41        |
-----------------------------------------
[HumanoidEnv] Reset state env_id=0 z=0.325 rpy=[0.001, -0.003, -0.000]
[HumanoidEnv] unhealthy terminate at step=395 z=0.754096 rpy=[-0.548246, 0.134675, -0.131276] v_body=[5.64199, 0.0797062, -0.598873]
PARITY max_torque=23.700 23.700 45.430
PARITY contact_mu=0.450
PARITY body_height=0.320
PARITY Kp_body=100.000 100.000 100.000
PARITY Kd_body=30.000 30.000 30.000
PARITY Kp_ori=100.000 100.000 100.000
PARITY Kd_ori=10.000 10.000 10.000
PARITY Kp_foot=550.000 550.000 550.000
PARITY Kd_foot=10.000 10.000 10.000
PARITY Kp_joint=5.000 5.000 5.000
PARITY Kd_joint=3.000 3.000 3.000
PARITY floating_base_weight=50.000
PARITY control_mode=5.000
------------------------------------------
| rollout/                |              |
|    ep_len_mean          | 358          |
|    ep_rew_mean          | 17.8         |
| time/                   |              |
|    fps                  | 1883         |
|    iterations           | 18           |
|    time_elapsed         | 1252         |
|    total_timesteps      | 2359296      |
| train/                  |              |
|    adaptive_lr          | 5e-05        |
|    approx_kl            | 0.0054799407 |
|    clip_fraction        | 0.28         |
|    clip_range           | 0.1          |
|    clip_range_vf        | 0.2          |
|    entropy_loss         | 21.5         |
|    explained_variance   | 0.834        |
|    learning_rate        | 5e-05        |
|    loss                 | 1.58         |
|    n_updates            | 3230         |
|    policy_gradient_loss | -0.000816    |
|    std                  | 0.102        |
|    value_loss           | 1.33         |
------------------------------------------
[HumanoidEnv] Reset state env_id=0 z=0.280 rpy=[0.000, 0.001, 0.001]
[HumanoidEnv] unhealthy terminate at step=398 z=0.17058 rpy=[-2.86456, -0.450552, 1.77219] v_body=[7.59899, -1.0485, 2.08967]
PARITY max_torque=23.700 23.700 45.430
PARITY contact_mu=0.450
PARITY body_height=0.320
PARITY Kp_body=100.000 100.000 100.000
PARITY Kd_body=30.000 30.000 30.000
PARITY Kp_ori=100.000 100.000 100.000
PARITY Kd_ori=10.000 10.000 10.000
PARITY Kp_foot=550.000 550.000 550.000
PARITY Kd_foot=10.000 10.000 10.000
PARITY Kp_joint=5.000 5.000 5.000
PARITY Kd_joint=3.000 3.000 3.000
PARITY floating_base_weight=50.000
PARITY control_mode=5.000
------------------------------------------
| rollout/                |              |
|    ep_len_mean          | 362          |
|    ep_rew_mean          | 18.7         |
| time/                   |              |
|    fps                  | 1883         |
|    iterations           | 19           |
|    time_elapsed         | 1321         |
|    total_timesteps      | 2490368      |
| train/                  |              |
|    adaptive_lr          | 5e-05        |
|    approx_kl            | 0.0053691184 |
|    clip_fraction        | 0.272        |
|    clip_range           | 0.1          |
|    clip_range_vf        | 0.2          |
|    entropy_loss         | 21.4         |
|    explained_variance   | 0.823        |
|    learning_rate        | 5e-05        |
|    loss                 | 1.44         |
|    n_updates            | 3240         |
|    policy_gradient_loss | -0.000356    |
|    std                  | 0.103        |
|    value_loss           | 1.25         |
------------------------------------------
[HumanoidEnv] Reset state env_id=0 z=0.270 rpy=[0.002, -0.001, 0.001]
[HumanoidEnv] unhealthy terminate at step=398 z=0.198425 rpy=[0.532121, -0.0279619, 0.0235024] v_body=[-0.0310859, -1.90512, -2.05252]
PARITY max_torque=23.700 23.700 45.430
PARITY contact_mu=0.450
PARITY body_height=0.320
PARITY Kp_body=100.000 100.000 100.000
PARITY Kd_body=30.000 30.000 30.000
PARITY Kp_ori=100.000 100.000 100.000
PARITY Kd_ori=10.000 10.000 10.000
PARITY Kp_foot=550.000 550.000 550.000
PARITY Kd_foot=10.000 10.000 10.000
PARITY Kp_joint=5.000 5.000 5.000
PARITY Kd_joint=3.000 3.000 3.000
PARITY floating_base_weight=50.000
PARITY control_mode=5.000
[HumanoidEnv] Reset state env_id=0 z=0.296 rpy=[0.002, -0.002, 0.000]
[HumanoidEnv] unhealthy terminate at step=375 z=0.198983 rpy=[-0.24178, 0.0235372, 0.0933332] v_body=[0.29598, 0.60704, -0.711261]
PARITY max_torque=23.700 23.700 45.430
PARITY contact_mu=0.450
PARITY body_height=0.320
PARITY Kp_body=100.000 100.000 100.000
PARITY Kd_body=30.000 30.000 30.000
PARITY Kp_ori=100.000 100.000 100.000
PARITY Kd_ori=10.000 10.000 10.000
PARITY Kp_foot=550.000 550.000 550.000
PARITY Kd_foot=10.000 10.000 10.000
PARITY Kp_joint=5.000 5.000 5.000
PARITY Kd_joint=3.000 3.000 3.000
PARITY floating_base_weight=50.000
PARITY control_mode=5.000
------------------------------------------
| rollout/                |              |
|    ep_len_mean          | 344          |
|    ep_rew_mean          | 17.5         |
| time/                   |              |
|    fps                  | 1884         |
|    iterations           | 20           |
|    time_elapsed         | 1390         |
|    total_timesteps      | 2621440      |
| train/                  |              |
|    adaptive_lr          | 5e-05        |
|    approx_kl            | 0.0054924074 |
|    clip_fraction        | 0.282        |
|    clip_range           | 0.1          |
|    clip_range_vf        | 0.2          |
|    entropy_loss         | 21.4         |
|    explained_variance   | 0.815        |
|    learning_rate        | 5e-05        |
|    loss                 | 1.27         |
|    n_updates            | 3250         |
|    policy_gradient_loss | -0.000178    |
|    std                  | 0.103        |
|    value_loss           | 1.23         |
------------------------------------------
[HumanoidEnv] Reset state env_id=0 z=0.291 rpy=[-0.002, 0.000, 0.001]
[HumanoidEnv] unhealthy terminate at step=263 z=0.197611 rpy=[0.140367, 0.0230272, 0.500435] v_body=[3.71948, -4.19823, -0.871632]
PARITY max_torque=23.700 23.700 45.430
PARITY contact_mu=0.450
PARITY body_height=0.320
PARITY Kp_body=100.000 100.000 100.000
PARITY Kd_body=30.000 30.000 30.000
PARITY Kp_ori=100.000 100.000 100.000
PARITY Kd_ori=10.000 10.000 10.000
PARITY Kp_foot=550.000 550.000 550.000
PARITY Kd_foot=10.000 10.000 10.000
PARITY Kp_joint=5.000 5.000 5.000
PARITY Kd_joint=3.000 3.000 3.000
PARITY floating_base_weight=50.000
PARITY control_mode=5.000
[HumanoidEnv] Reset state env_id=0 z=0.327 rpy=[-0.002, -0.002, 0.000]
[HumanoidEnv] unhealthy terminate at step=323 z=0.197707 rpy=[-2.44967, -0.169927, -1.20425] v_body=[2.9084, -0.634455, 2.72467]
PARITY max_torque=23.700 23.700 45.430
PARITY contact_mu=0.450
PARITY body_height=0.320
PARITY Kp_body=100.000 100.000 100.000
PARITY Kd_body=30.000 30.000 30.000
PARITY Kp_ori=100.000 100.000 100.000
PARITY Kd_ori=10.000 10.000 10.000
PARITY Kp_foot=550.000 550.000 550.000
PARITY Kd_foot=10.000 10.000 10.000
PARITY Kp_joint=5.000 5.000 5.000
PARITY Kd_joint=3.000 3.000 3.000
PARITY floating_base_weight=50.000
PARITY control_mode=5.000
------------------------------------------
| rollout/                |              |
|    ep_len_mean          | 343          |
|    ep_rew_mean          | 17.5         |
| time/                   |              |
|    fps                  | 1886         |
|    iterations           | 21           |
|    time_elapsed         | 1459         |
|    total_timesteps      | 2752512      |
| train/                  |              |
|    adaptive_lr          | 5e-05        |
|    approx_kl            | 0.0052975705 |
|    clip_fraction        | 0.277        |
|    clip_range           | 0.1          |
|    clip_range_vf        | 0.2          |
|    entropy_loss         | 21.3         |
|    explained_variance   | 0.815        |
|    learning_rate        | 5e-05        |
|    loss                 | 1.45         |
|    n_updates            | 3260         |
|    policy_gradient_loss | -0.000223    |
|    std                  | 0.103        |
|    value_loss           | 1.26         |
------------------------------------------
[HumanoidEnv] Reset state env_id=0 z=0.291 rpy=[-0.002, 0.000, 0.001]
[HumanoidEnv] unhealthy terminate at step=398 z=0.785094 rpy=[1.4129, -0.581374, -0.696556] v_body=[-2.99318, -4.09395, -6.59875]
PARITY max_torque=23.700 23.700 45.430
PARITY contact_mu=0.450
PARITY body_height=0.320
PARITY Kp_body=100.000 100.000 100.000
PARITY Kd_body=30.000 30.000 30.000
PARITY Kp_ori=100.000 100.000 100.000
PARITY Kd_ori=10.000 10.000 10.000
PARITY Kp_foot=550.000 550.000 550.000
PARITY Kd_foot=10.000 10.000 10.000
PARITY Kp_joint=5.000 5.000 5.000
PARITY Kd_joint=3.000 3.000 3.000
PARITY floating_base_weight=50.000
PARITY control_mode=5.000
------------------------------------------
| rollout/                |              |
|    ep_len_mean          | 358          |
|    ep_rew_mean          | 18.1         |
| time/                   |              |
|    fps                  | 1887         |
|    iterations           | 22           |
|    time_elapsed         | 1527         |
|    total_timesteps      | 2883584      |
| train/                  |              |
|    adaptive_lr          | 5e-05        |
|    approx_kl            | 0.0054999646 |
|    clip_fraction        | 0.279        |
|    clip_range           | 0.1          |
|    clip_range_vf        | 0.2          |
|    entropy_loss         | 21.2         |
|    explained_variance   | 0.827        |
|    learning_rate        | 5e-05        |
|    loss                 | 1.3          |
|    n_updates            | 3270         |
|    policy_gradient_loss | -0.000205    |
|    std                  | 0.104        |
|    value_loss           | 1.23         |
------------------------------------------
[HumanoidEnv] Reset state env_id=0 z=0.295 rpy=[0.002, -0.002, 0.000]
[HumanoidEnv] unhealthy terminate at step=288 z=0.759596 rpy=[0.830352, -0.400335, -0.249092] v_body=[0.159485, -6.66034, -0.311539]
PARITY max_torque=23.700 23.700 45.430
PARITY contact_mu=0.450
PARITY body_height=0.320
PARITY Kp_body=100.000 100.000 100.000
PARITY Kd_body=30.000 30.000 30.000
PARITY Kp_ori=100.000 100.000 100.000
PARITY Kd_ori=10.000 10.000 10.000
PARITY Kp_foot=550.000 550.000 550.000
PARITY Kd_foot=10.000 10.000 10.000
PARITY Kp_joint=5.000 5.000 5.000
PARITY Kd_joint=3.000 3.000 3.000
PARITY floating_base_weight=50.000
PARITY control_mode=5.000
------------------------------------------
| rollout/                |              |
|    ep_len_mean          | 331          |
|    ep_rew_mean          | 16.9         |
| time/                   |              |
|    fps                  | 1887         |
|    iterations           | 23           |
|    time_elapsed         | 1597         |
|    total_timesteps      | 3014656      |
| train/                  |              |
|    adaptive_lr          | 5e-05        |
|    approx_kl            | 0.0055055004 |
|    clip_fraction        | 0.282        |
|    clip_range           | 0.1          |
|    clip_range_vf        | 0.2          |
|    entropy_loss         | 21.1         |
|    explained_variance   | 0.831        |
|    learning_rate        | 5e-05        |
|    loss                 | 1.29         |
|    n_updates            | 3280         |
|    policy_gradient_loss | -0.000552    |
|    std                  | 0.104        |
|    value_loss           | 1.14         |
------------------------------------------
[HumanoidEnv] Reset state env_id=0 z=0.288 rpy=[-0.000, -0.001, 0.001]
[HumanoidEnv] unhealthy terminate at step=414 z=0.774328 rpy=[1.10492, -0.871707, -0.47588] v_body=[-2.25033, -3.10571, -4.11336]
PARITY max_torque=23.700 23.700 45.430
PARITY contact_mu=0.450
PARITY body_height=0.320
PARITY Kp_body=100.000 100.000 100.000
PARITY Kd_body=30.000 30.000 30.000
PARITY Kp_ori=100.000 100.000 100.000
PARITY Kd_ori=10.000 10.000 10.000
PARITY Kp_foot=550.000 550.000 550.000
PARITY Kd_foot=10.000 10.000 10.000
PARITY Kp_joint=5.000 5.000 5.000
PARITY Kd_joint=3.000 3.000 3.000
PARITY floating_base_weight=50.000
PARITY control_mode=5.000
[HumanoidEnv] Reset state env_id=0 z=0.284 rpy=[-0.001, -0.000, 0.001]
[HumanoidEnv] unhealthy terminate at step=407 z=0.198619 rpy=[1.67178, -0.27277, -0.773431] v_body=[1.96303, 0.0877168, -3.18831]
PARITY max_torque=23.700 23.700 45.430
PARITY contact_mu=0.450
PARITY body_height=0.320
PARITY Kp_body=100.000 100.000 100.000
PARITY Kd_body=30.000 30.000 30.000
PARITY Kp_ori=100.000 100.000 100.000
PARITY Kd_ori=10.000 10.000 10.000
PARITY Kp_foot=550.000 550.000 550.000
PARITY Kd_foot=10.000 10.000 10.000
PARITY Kp_joint=5.000 5.000 5.000
PARITY Kd_joint=3.000 3.000 3.000
PARITY floating_base_weight=50.000
PARITY control_mode=5.000
-----------------------------------------
| rollout/                |             |
|    ep_len_mean          | 345         |
|    ep_rew_mean          | 17          |
| time/                   |             |
|    fps                  | 1887        |
|    iterations           | 24          |
|    time_elapsed         | 1666        |
|    total_timesteps      | 3145728     |
| train/                  |             |
|    adaptive_lr          | 5e-05       |
|    approx_kl            | 0.005206506 |
|    clip_fraction        | 0.279       |
|    clip_range           | 0.1         |
|    clip_range_vf        | 0.2         |
|    entropy_loss         | 21          |
|    explained_variance   | 0.823       |
|    learning_rate        | 5e-05       |
|    loss                 | 1.64        |
|    n_updates            | 3290        |
|    policy_gradient_loss | -1.95e-07   |
|    std                  | 0.104       |
|    value_loss           | 1.23        |
-----------------------------------------
[HumanoidEnv] Reset state env_id=0 z=0.273 rpy=[0.001, -0.001, 0.000]
[HumanoidEnv] unhealthy terminate at step=256 z=0.19856 rpy=[3.10114, -0.263219, -2.43664] v_body=[2.78747, 1.93229, 1.22136]
PARITY max_torque=23.700 23.700 45.430
PARITY contact_mu=0.450
PARITY body_height=0.320
PARITY Kp_body=100.000 100.000 100.000
PARITY Kd_body=30.000 30.000 30.000
PARITY Kp_ori=100.000 100.000 100.000
PARITY Kd_ori=10.000 10.000 10.000
PARITY Kp_foot=550.000 550.000 550.000
PARITY Kd_foot=10.000 10.000 10.000
PARITY Kp_joint=5.000 5.000 5.000
PARITY Kd_joint=3.000 3.000 3.000
PARITY floating_base_weight=50.000
PARITY control_mode=5.000
[HumanoidEnv] Reset state env_id=0 z=0.275 rpy=[-0.001, -0.001, 0.001]
[HumanoidEnv] unhealthy terminate at step=289 z=0.174975 rpy=[-0.904069, -0.0672233, -1.03036] v_body=[-0.686523, -2.17092, -2.20914]
PARITY max_torque=23.700 23.700 45.430
PARITY contact_mu=0.450
PARITY body_height=0.320
PARITY Kp_body=100.000 100.000 100.000
PARITY Kd_body=30.000 30.000 30.000
PARITY Kp_ori=100.000 100.000 100.000
PARITY Kd_ori=10.000 10.000 10.000
PARITY Kp_foot=550.000 550.000 550.000
PARITY Kd_foot=10.000 10.000 10.000
PARITY Kp_joint=5.000 5.000 5.000
PARITY Kd_joint=3.000 3.000 3.000
PARITY floating_base_weight=50.000
PARITY control_mode=5.000
------------------------------------------
| rollout/                |              |
|    ep_len_mean          | 322          |
|    ep_rew_mean          | 16.3         |
| time/                   |              |
|    fps                  | 1888         |
|    iterations           | 25           |
|    time_elapsed         | 1735         |
|    total_timesteps      | 3276800      |
| train/                  |              |
|    adaptive_lr          | 5e-05        |
|    approx_kl            | 0.0053066644 |
|    clip_fraction        | 0.276        |
|    clip_range           | 0.1          |
|    clip_range_vf        | 0.2          |
|    entropy_loss         | 21           |
|    explained_variance   | 0.835        |
|    learning_rate        | 5e-05        |
|    loss                 | 1.38         |
|    n_updates            | 3300         |
|    policy_gradient_loss | -0.000345    |
|    std                  | 0.105        |
|    value_loss           | 1.2          |
------------------------------------------
[HumanoidEnv] Reset state env_id=0 z=0.272 rpy=[-0.001, -0.000, 0.001]
[HumanoidEnv] unhealthy terminate at step=426 z=0.188778 rpy=[-3.09241, -0.246416, -1.75929] v_body=[5.9384, -1.99635, 5.14346]
PARITY max_torque=23.700 23.700 45.430
PARITY contact_mu=0.450
PARITY body_height=0.320
PARITY Kp_body=100.000 100.000 100.000
PARITY Kd_body=30.000 30.000 30.000
PARITY Kp_ori=100.000 100.000 100.000
PARITY Kd_ori=10.000 10.000 10.000
PARITY Kp_foot=550.000 550.000 550.000
PARITY Kd_foot=10.000 10.000 10.000
PARITY Kp_joint=5.000 5.000 5.000
PARITY Kd_joint=3.000 3.000 3.000
PARITY floating_base_weight=50.000
PARITY control_mode=5.000
------------------------------------------
| rollout/                |              |
|    ep_len_mean          | 340          |
|    ep_rew_mean          | 17           |
| time/                   |              |
|    fps                  | 1888         |
|    iterations           | 26           |
|    time_elapsed         | 1804         |
|    total_timesteps      | 3407872      |
| train/                  |              |
|    adaptive_lr          | 5e-05        |
|    approx_kl            | 0.0055043385 |
|    clip_fraction        | 0.279        |
|    clip_range           | 0.1          |
|    clip_range_vf        | 0.2          |
|    entropy_loss         | 20.9         |
|    explained_variance   | 0.839        |
|    learning_rate        | 5e-05        |
|    loss                 | 1.36         |
|    n_updates            | 3310         |
|    policy_gradient_loss | -0.000484    |
|    std                  | 0.105        |
|    value_loss           | 1.15         |
------------------------------------------
[HumanoidEnv] Reset state env_id=0 z=0.271 rpy=[0.002, -0.002, 0.000]
[HumanoidEnv] unhealthy terminate at step=322 z=0.193118 rpy=[-0.305353, -0.285517, 0.00371951] v_body=[-1.80141, 0.472536, -2.09835]
PARITY max_torque=23.700 23.700 45.430
PARITY contact_mu=0.450
PARITY body_height=0.320
PARITY Kp_body=100.000 100.000 100.000
PARITY Kd_body=30.000 30.000 30.000
PARITY Kp_ori=100.000 100.000 100.000
PARITY Kd_ori=10.000 10.000 10.000
PARITY Kp_foot=550.000 550.000 550.000
PARITY Kd_foot=10.000 10.000 10.000
PARITY Kp_joint=5.000 5.000 5.000
PARITY Kd_joint=3.000 3.000 3.000
PARITY floating_base_weight=50.000
PARITY control_mode=5.000
-----------------------------------------
| rollout/                |             |
|    ep_len_mean          | 336         |
|    ep_rew_mean          | 16.8        |
| time/                   |             |
|    fps                  | 1885        |
|    iterations           | 27          |
|    time_elapsed         | 1876        |
|    total_timesteps      | 3538944     |
| train/                  |             |
|    adaptive_lr          | 5e-05       |
|    approx_kl            | 0.005517032 |
|    clip_fraction        | 0.282       |
|    clip_range           | 0.1         |
|    clip_range_vf        | 0.2         |
|    entropy_loss         | 20.8        |
|    explained_variance   | 0.845       |
|    learning_rate        | 5e-05       |
|    loss                 | 1.23        |
|    n_updates            | 3320        |
|    policy_gradient_loss | -0.000269   |
|    std                  | 0.105       |
|    value_loss           | 1.12        |
-----------------------------------------
[HumanoidEnv] Reset state env_id=0 z=0.295 rpy=[-0.001, 0.000, 0.001]
[HumanoidEnv] unhealthy terminate at step=353 z=0.183926 rpy=[1.21488, 0.160625, -0.597928] v_body=[-2.73665, 1.83548, -5.02043]
PARITY max_torque=23.700 23.700 45.430
PARITY contact_mu=0.450
PARITY body_height=0.320
PARITY Kp_body=100.000 100.000 100.000
PARITY Kd_body=30.000 30.000 30.000
PARITY Kp_ori=100.000 100.000 100.000
PARITY Kd_ori=10.000 10.000 10.000
PARITY Kp_foot=550.000 550.000 550.000
PARITY Kd_foot=10.000 10.000 10.000
PARITY Kp_joint=5.000 5.000 5.000
PARITY Kd_joint=3.000 3.000 3.000
PARITY floating_base_weight=50.000
PARITY control_mode=5.000
[HumanoidEnv] Reset state env_id=0 z=0.272 rpy=[0.000, -0.000, 0.001]
[HumanoidEnv] unhealthy terminate at step=403 z=0.1995 rpy=[-0.266756, 0.361998, -0.123986] v_body=[1.97106, -0.103572, -1.17355]
PARITY max_torque=23.700 23.700 45.430
PARITY contact_mu=0.450
PARITY body_height=0.320
PARITY Kp_body=100.000 100.000 100.000
PARITY Kd_body=30.000 30.000 30.000
PARITY Kp_ori=100.000 100.000 100.000
PARITY Kd_ori=10.000 10.000 10.000
PARITY Kp_foot=550.000 550.000 550.000
PARITY Kd_foot=10.000 10.000 10.000
PARITY Kp_joint=5.000 5.000 5.000
PARITY Kd_joint=3.000 3.000 3.000
PARITY floating_base_weight=50.000
PARITY control_mode=5.000
-----------------------------------------
| rollout/                |             |
|    ep_len_mean          | 363         |
|    ep_rew_mean          | 17.7        |
| time/                   |             |
|    fps                  | 1886        |
|    iterations           | 28          |
|    time_elapsed         | 1945        |
|    total_timesteps      | 3670016     |
| train/                  |             |
|    adaptive_lr          | 5e-05       |
|    approx_kl            | 0.005470015 |
|    clip_fraction        | 0.281       |
|    clip_range           | 0.1         |
|    clip_range_vf        | 0.2         |
|    entropy_loss         | 20.7        |
|    explained_variance   | 0.841       |
|    learning_rate        | 5e-05       |
|    loss                 | 1.39        |
|    n_updates            | 3330        |
|    policy_gradient_loss | -0.000598   |
|    std                  | 0.106       |
|    value_loss           | 1.15        |
-----------------------------------------
[HumanoidEnv] Reset state env_id=0 z=0.287 rpy=[0.002, -0.002, 0.000]
[HumanoidEnv] unhealthy terminate at step=372 z=0.185391 rpy=[-0.607992, 0.396807, 0.392162] v_body=[-1.25104, -3.56639, 0.690147]
PARITY max_torque=23.700 23.700 45.430
PARITY contact_mu=0.450
PARITY body_height=0.320
PARITY Kp_body=100.000 100.000 100.000
PARITY Kd_body=30.000 30.000 30.000
PARITY Kp_ori=100.000 100.000 100.000
PARITY Kd_ori=10.000 10.000 10.000
PARITY Kp_foot=550.000 550.000 550.000
PARITY Kd_foot=10.000 10.000 10.000
PARITY Kp_joint=5.000 5.000 5.000
PARITY Kd_joint=3.000 3.000 3.000
PARITY floating_base_weight=50.000
PARITY control_mode=5.000
------------------------------------------
| rollout/                |              |
|    ep_len_mean          | 363          |
|    ep_rew_mean          | 17.4         |
| time/                   |              |
|    fps                  | 1887         |
|    iterations           | 29           |
|    time_elapsed         | 2013         |
|    total_timesteps      | 3801088      |
| train/                  |              |
|    adaptive_lr          | 5e-05        |
|    approx_kl            | 0.0056366995 |
|    clip_fraction        | 0.284        |
|    clip_range           | 0.1          |
|    clip_range_vf        | 0.2          |
|    entropy_loss         | 20.6         |
|    explained_variance   | 0.85         |
|    learning_rate        | 5e-05        |
|    loss                 | 1.25         |
|    n_updates            | 3340         |
|    policy_gradient_loss | -0.000601    |
|    std                  | 0.106        |
|    value_loss           | 1.13         |
------------------------------------------
[HumanoidEnv] Reset state env_id=0 z=0.274 rpy=[-0.002, -0.001, 0.001]
[HumanoidEnv] unhealthy terminate at step=431 z=0.199739 rpy=[-1.61466, -0.0906073, 1.56967] v_body=[0.786391, -1.35677, 3.05657]
PARITY max_torque=23.700 23.700 45.430
PARITY contact_mu=0.450
PARITY body_height=0.320
PARITY Kp_body=100.000 100.000 100.000
PARITY Kd_body=30.000 30.000 30.000
PARITY Kp_ori=100.000 100.000 100.000
PARITY Kd_ori=10.000 10.000 10.000
PARITY Kp_foot=550.000 550.000 550.000
PARITY Kd_foot=10.000 10.000 10.000
PARITY Kp_joint=5.000 5.000 5.000
PARITY Kd_joint=3.000 3.000 3.000
PARITY floating_base_weight=50.000
PARITY control_mode=5.000
[HumanoidEnv] Reset state env_id=0 z=0.321 rpy=[-0.000, -0.002, 0.000]
[HumanoidEnv] unhealthy terminate at step=265 z=0.188455 rpy=[-2.92057, 0.311194, 0.274883] v_body=[2.07943, 3.65695, 1.38238]
PARITY max_torque=23.700 23.700 45.430
PARITY contact_mu=0.450
PARITY body_height=0.320
PARITY Kp_body=100.000 100.000 100.000
PARITY Kd_body=30.000 30.000 30.000
PARITY Kp_ori=100.000 100.000 100.000
PARITY Kd_ori=10.000 10.000 10.000
PARITY Kp_foot=550.000 550.000 550.000
PARITY Kd_foot=10.000 10.000 10.000
PARITY Kp_joint=5.000 5.000 5.000
PARITY Kd_joint=3.000 3.000 3.000
PARITY floating_base_weight=50.000
PARITY control_mode=5.000
------------------------------------------
| rollout/                |              |
|    ep_len_mean          | 365          |
|    ep_rew_mean          | 17.3         |
| time/                   |              |
|    fps                  | 1888         |
|    iterations           | 30           |
|    time_elapsed         | 2082         |
|    total_timesteps      | 3932160      |
| train/                  |              |
|    adaptive_lr          | 5e-05        |
|    approx_kl            | 0.0056217387 |
|    clip_fraction        | 0.281        |
|    clip_range           | 0.1          |
|    clip_range_vf        | 0.2          |
|    entropy_loss         | 20.5         |
|    explained_variance   | 0.855        |
|    learning_rate        | 5e-05        |
|    loss                 | 1.27         |
|    n_updates            | 3350         |
|    policy_gradient_loss | -0.000417    |
|    std                  | 0.107        |
|    value_loss           | 1.05         |
------------------------------------------
INFO:root:VecNormalize statistics saved at: ./data/gamma4/quadruped_ppo_model_ckpt_4000256_vecnormalize.pkl
INFO:root:Model saved at: ./data/gamma4/quadruped_ppo_model_ckpt_4000256.zip
INFO:root:Checkpoint written at 4000256 timesteps
[HumanoidEnv] Reset state env_id=0 z=0.319 rpy=[0.001, -0.003, -0.000]
[HumanoidEnv] unhealthy terminate at step=439 z=0.762637 rpy=[-0.94941, 1.06964, -3.06217] v_body=[2.47609, -1.06243, 8.82736]
PARITY max_torque=23.700 23.700 45.430
PARITY contact_mu=0.450
PARITY body_height=0.320
PARITY Kp_body=100.000 100.000 100.000
PARITY Kd_body=30.000 30.000 30.000
PARITY Kp_ori=100.000 100.000 100.000
PARITY Kd_ori=10.000 10.000 10.000
PARITY Kp_foot=550.000 550.000 550.000
PARITY Kd_foot=10.000 10.000 10.000
PARITY Kp_joint=5.000 5.000 5.000
PARITY Kd_joint=3.000 3.000 3.000
PARITY floating_base_weight=50.000
PARITY control_mode=5.000
------------------------------------------
| rollout/                |              |
|    ep_len_mean          | 359          |
|    ep_rew_mean          | 16.8         |
| time/                   |              |
|    fps                  | 1888         |
|    iterations           | 31           |
|    time_elapsed         | 2151         |
|    total_timesteps      | 4063232      |
| train/                  |              |
|    adaptive_lr          | 5e-05        |
|    approx_kl            | 0.0055874144 |
|    clip_fraction        | 0.285        |
|    clip_range           | 0.1          |
|    clip_range_vf        | 0.2          |
|    entropy_loss         | 20.5         |
|    explained_variance   | 0.87         |
|    learning_rate        | 5e-05        |
|    loss                 | 1.11         |
|    n_updates            | 3360         |
|    policy_gradient_loss | -0.000508    |
|    std                  | 0.107        |
|    value_loss           | 1.04         |
------------------------------------------
[HumanoidEnv] Reset state env_id=0 z=0.283 rpy=[-0.001, -0.001, 0.001]
[HumanoidEnv] unhealthy terminate at step=298 z=0.191125 rpy=[0.20351, -0.617828, 1.28767] v_body=[5.82113, 4.22843, -1.01756]
PARITY max_torque=23.700 23.700 45.430
PARITY contact_mu=0.450
PARITY body_height=0.320
PARITY Kp_body=100.000 100.000 100.000
PARITY Kd_body=30.000 30.000 30.000
PARITY Kp_ori=100.000 100.000 100.000
PARITY Kd_ori=10.000 10.000 10.000
PARITY Kp_foot=550.000 550.000 550.000
PARITY Kd_foot=10.000 10.000 10.000
PARITY Kp_joint=5.000 5.000 5.000
PARITY Kd_joint=3.000 3.000 3.000
PARITY floating_base_weight=50.000
PARITY control_mode=5.000
------------------------------------------
| rollout/                |              |
|    ep_len_mean          | 337          |
|    ep_rew_mean          | 16.1         |
| time/                   |              |
|    fps                  | 1888         |
|    iterations           | 32           |
|    time_elapsed         | 2221         |
|    total_timesteps      | 4194304      |
| train/                  |              |
|    adaptive_lr          | 5e-05        |
|    approx_kl            | 0.0055770837 |
|    clip_fraction        | 0.282        |
|    clip_range           | 0.1          |
|    clip_range_vf        | 0.2          |
|    entropy_loss         | 20.4         |
|    explained_variance   | 0.877        |
|    learning_rate        | 5e-05        |
|    loss                 | 1.24         |
|    n_updates            | 3370         |
|    policy_gradient_loss | -0.000706    |
|    std                  | 0.107        |
|    value_loss           | 0.956        |
------------------------------------------
[HumanoidEnv] Reset state env_id=0 z=0.323 rpy=[0.001, -0.002, 0.000]
[HumanoidEnv] unhealthy terminate at step=357 z=0.196173 rpy=[0.141311, -0.0775137, -0.0605292] v_body=[-0.227927, -0.0565129, -0.748939]
PARITY max_torque=23.700 23.700 45.430
PARITY contact_mu=0.450
PARITY body_height=0.320
PARITY Kp_body=100.000 100.000 100.000
PARITY Kd_body=30.000 30.000 30.000
PARITY Kp_ori=100.000 100.000 100.000
PARITY Kd_ori=10.000 10.000 10.000
PARITY Kp_foot=550.000 550.000 550.000
PARITY Kd_foot=10.000 10.000 10.000
PARITY Kp_joint=5.000 5.000 5.000
PARITY Kd_joint=3.000 3.000 3.000
PARITY floating_base_weight=50.000
PARITY control_mode=5.000
[HumanoidEnv] Reset state env_id=0 z=0.291 rpy=[-0.002, -0.000, 0.001]
[HumanoidEnv] unhealthy terminate at step=245 z=0.197272 rpy=[2.18422, 0.41522, -0.470115] v_body=[2.14598, 3.20177, -2.74713]
PARITY max_torque=23.700 23.700 45.430
PARITY contact_mu=0.450
PARITY body_height=0.320
PARITY Kp_body=100.000 100.000 100.000
PARITY Kd_body=30.000 30.000 30.000
PARITY Kp_ori=100.000 100.000 100.000
PARITY Kd_ori=10.000 10.000 10.000
PARITY Kp_foot=550.000 550.000 550.000
PARITY Kd_foot=10.000 10.000 10.000
PARITY Kp_joint=5.000 5.000 5.000
PARITY Kd_joint=3.000 3.000 3.000
PARITY floating_base_weight=50.000
PARITY control_mode=5.000
------------------------------------------
| rollout/                |              |
|    ep_len_mean          | 362          |
|    ep_rew_mean          | 17.3         |
| time/                   |              |
|    fps                  | 1888         |
|    iterations           | 33           |
|    time_elapsed         | 2290         |
|    total_timesteps      | 4325376      |
| train/                  |              |
|    adaptive_lr          | 5e-05        |
|    approx_kl            | 0.0054340465 |
|    clip_fraction        | 0.28         |
|    clip_range           | 0.1          |
|    clip_range_vf        | 0.2          |
|    entropy_loss         | 20.3         |
|    explained_variance   | 0.866        |
|    learning_rate        | 5e-05        |
|    loss                 | 1.08         |
|    n_updates            | 3380         |
|    policy_gradient_loss | -0.000513    |
|    std                  | 0.108        |
|    value_loss           | 1            |
------------------------------------------
[HumanoidEnv] Reset state env_id=0 z=0.289 rpy=[0.002, -0.002, 0.001]
[HumanoidEnv] unhealthy terminate at step=279 z=0.779599 rpy=[-1.24281, 0.00754825, -0.830556] v_body=[6.4327, 1.04221, -2.17249]
PARITY max_torque=23.700 23.700 45.430
PARITY contact_mu=0.450
PARITY body_height=0.320
PARITY Kp_body=100.000 100.000 100.000
PARITY Kd_body=30.000 30.000 30.000
PARITY Kp_ori=100.000 100.000 100.000
PARITY Kd_ori=10.000 10.000 10.000
PARITY Kp_foot=550.000 550.000 550.000
PARITY Kd_foot=10.000 10.000 10.000
PARITY Kp_joint=5.000 5.000 5.000
PARITY Kd_joint=3.000 3.000 3.000
PARITY floating_base_weight=50.000
PARITY control_mode=5.000
[HumanoidEnv] Reset state env_id=0 z=0.288 rpy=[-0.000, -0.000, 0.001]
[HumanoidEnv] unhealthy terminate at step=294 z=0.750751 rpy=[-1.2167, -1.16333, 0.967795] v_body=[-0.946098, 1.24798, -3.61326]
PARITY max_torque=23.700 23.700 45.430
PARITY contact_mu=0.450
PARITY body_height=0.320
PARITY Kp_body=100.000 100.000 100.000
PARITY Kd_body=30.000 30.000 30.000
PARITY Kp_ori=100.000 100.000 100.000
PARITY Kd_ori=10.000 10.000 10.000
PARITY Kp_foot=550.000 550.000 550.000
PARITY Kd_foot=10.000 10.000 10.000
PARITY Kp_joint=5.000 5.000 5.000
PARITY Kd_joint=3.000 3.000 3.000
PARITY floating_base_weight=50.000
PARITY control_mode=5.000
------------------------------------------
| rollout/                |              |
|    ep_len_mean          | 388          |
|    ep_rew_mean          | 18.7         |
| time/                   |              |
|    fps                  | 1888         |
|    iterations           | 34           |
|    time_elapsed         | 2360         |
|    total_timesteps      | 4456448      |
| train/                  |              |
|    adaptive_lr          | 5e-05        |
|    approx_kl            | 0.0053872922 |
|    clip_fraction        | 0.276        |
|    clip_range           | 0.1          |
|    clip_range_vf        | 0.2          |
|    entropy_loss         | 20.2         |
|    explained_variance   | 0.858        |
|    learning_rate        | 5e-05        |
|    loss                 | 1.22         |
|    n_updates            | 3390         |
|    policy_gradient_loss | -0.000324    |
|    std                  | 0.108        |
|    value_loss           | 1.04         |
------------------------------------------
[HumanoidEnv] Reset state env_id=0 z=0.300 rpy=[-0.002, -0.002, 0.001]
[HumanoidEnv] unhealthy terminate at step=343 z=0.785276 rpy=[0.00651722, -1.20664, 0.0898575] v_body=[-5.46833, -1.35955, -3.50422]
PARITY max_torque=23.700 23.700 45.430
PARITY contact_mu=0.450
PARITY body_height=0.320
PARITY Kp_body=100.000 100.000 100.000
PARITY Kd_body=30.000 30.000 30.000
PARITY Kp_ori=100.000 100.000 100.000
PARITY Kd_ori=10.000 10.000 10.000
PARITY Kp_foot=550.000 550.000 550.000
PARITY Kd_foot=10.000 10.000 10.000
PARITY Kp_joint=5.000 5.000 5.000
PARITY Kd_joint=3.000 3.000 3.000
PARITY floating_base_weight=50.000
PARITY control_mode=5.000
------------------------------------------
| rollout/                |              |
|    ep_len_mean          | 390          |
|    ep_rew_mean          | 19           |
| time/                   |              |
|    fps                  | 1889         |
|    iterations           | 35           |
|    time_elapsed         | 2428         |
|    total_timesteps      | 4587520      |
| train/                  |              |
|    adaptive_lr          | 5e-05        |
|    approx_kl            | 0.0053643184 |
|    clip_fraction        | 0.278        |
|    clip_range           | 0.1          |
|    clip_range_vf        | 0.2          |
|    entropy_loss         | 20.1         |
|    explained_variance   | 0.859        |
|    learning_rate        | 5e-05        |
|    loss                 | 1.29         |
|    n_updates            | 3400         |
|    policy_gradient_loss | -0.000533    |
|    std                  | 0.108        |
|    value_loss           | 0.963        |
------------------------------------------
[HumanoidEnv] Reset state env_id=0 z=0.291 rpy=[0.001, -0.002, 0.000]
[HumanoidEnv] unhealthy terminate at step=323 z=0.185539 rpy=[-1.20526, 0.148636, 0.28923] v_body=[-0.855256, -0.834993, -4.01711]
PARITY max_torque=23.700 23.700 45.430
PARITY contact_mu=0.450
PARITY body_height=0.320
PARITY Kp_body=100.000 100.000 100.000
PARITY Kd_body=30.000 30.000 30.000
PARITY Kp_ori=100.000 100.000 100.000
PARITY Kd_ori=10.000 10.000 10.000
PARITY Kp_foot=550.000 550.000 550.000
PARITY Kd_foot=10.000 10.000 10.000
PARITY Kp_joint=5.000 5.000 5.000
PARITY Kd_joint=3.000 3.000 3.000
PARITY floating_base_weight=50.000
PARITY control_mode=5.000
[HumanoidEnv] Reset state env_id=0 z=0.329 rpy=[-0.002, -0.004, 0.000]
[HumanoidEnv] unhealthy terminate at step=353 z=0.767943 rpy=[0.129635, -0.0580741, -0.0780621] v_body=[4.76018, -1.44957, 3.33901]
PARITY max_torque=23.700 23.700 45.430
PARITY contact_mu=0.450
PARITY body_height=0.320
PARITY Kp_body=100.000 100.000 100.000
PARITY Kd_body=30.000 30.000 30.000
PARITY Kp_ori=100.000 100.000 100.000
PARITY Kd_ori=10.000 10.000 10.000
PARITY Kp_foot=550.000 550.000 550.000
PARITY Kd_foot=10.000 10.000 10.000
PARITY Kp_joint=5.000 5.000 5.000
PARITY Kd_joint=3.000 3.000 3.000
PARITY floating_base_weight=50.000
PARITY control_mode=5.000
------------------------------------------
| rollout/                |              |
|    ep_len_mean          | 396          |
|    ep_rew_mean          | 19           |
| time/                   |              |
|    fps                  | 1888         |
|    iterations           | 36           |
|    time_elapsed         | 2498         |
|    total_timesteps      | 4718592      |
| train/                  |              |
|    adaptive_lr          | 5e-05        |
|    approx_kl            | 0.0053363135 |
|    clip_fraction        | 0.276        |
|    clip_range           | 0.1          |
|    clip_range_vf        | 0.2          |
|    entropy_loss         | 20           |
|    explained_variance   | 0.851        |
|    learning_rate        | 5e-05        |
|    loss                 | 1.29         |
|    n_updates            | 3410         |
|    policy_gradient_loss | -0.000241    |
|    std                  | 0.109        |
|    value_loss           | 0.997        |
------------------------------------------
[HumanoidEnv] Reset state env_id=0 z=0.301 rpy=[0.000, -0.001, 0.000]
[HumanoidEnv] unhealthy terminate at step=379 z=0.181998 rpy=[2.5222, 0.426896, -0.661932] v_body=[7.4669, -1.97456, -3.1083]
PARITY max_torque=23.700 23.700 45.430
PARITY contact_mu=0.450
PARITY body_height=0.320
PARITY Kp_body=100.000 100.000 100.000
PARITY Kd_body=30.000 30.000 30.000
PARITY Kp_ori=100.000 100.000 100.000
PARITY Kd_ori=10.000 10.000 10.000
PARITY Kp_foot=550.000 550.000 550.000
PARITY Kd_foot=10.000 10.000 10.000
PARITY Kp_joint=5.000 5.000 5.000
PARITY Kd_joint=3.000 3.000 3.000
PARITY floating_base_weight=50.000
PARITY control_mode=5.000
------------------------------------------
| rollout/                |              |
|    ep_len_mean          | 385          |
|    ep_rew_mean          | 18.3         |
| time/                   |              |
|    fps                  | 1889         |
|    iterations           | 37           |
|    time_elapsed         | 2567         |
|    total_timesteps      | 4849664      |
| train/                  |              |
|    adaptive_lr          | 5e-05        |
|    approx_kl            | 0.0057363147 |
|    clip_fraction        | 0.281        |
|    clip_range           | 0.1          |
|    clip_range_vf        | 0.2          |
|    entropy_loss         | 20           |
|    explained_variance   | 0.854        |
|    learning_rate        | 5e-05        |
|    loss                 | 1.05         |
|    n_updates            | 3420         |
|    policy_gradient_loss | -0.000488    |
|    std                  | 0.109        |
|    value_loss           | 0.98         |
------------------------------------------
[HumanoidEnv] Reset state env_id=0 z=0.320 rpy=[-0.003, -0.003, -0.000]
[HumanoidEnv] unhealthy terminate at step=385 z=0.761139 rpy=[-0.729736, -0.524841, -0.331258] v_body=[-2.28206, 4.51649, -0.73207]
PARITY max_torque=23.700 23.700 45.430
PARITY contact_mu=0.450
PARITY body_height=0.320
PARITY Kp_body=100.000 100.000 100.000
PARITY Kd_body=30.000 30.000 30.000
PARITY Kp_ori=100.000 100.000 100.000
PARITY Kd_ori=10.000 10.000 10.000
PARITY Kp_foot=550.000 550.000 550.000
PARITY Kd_foot=10.000 10.000 10.000
PARITY Kp_joint=5.000 5.000 5.000
PARITY Kd_joint=3.000 3.000 3.000
PARITY floating_base_weight=50.000
PARITY control_mode=5.000
-----------------------------------------
| rollout/                |             |
|    ep_len_mean          | 389         |
|    ep_rew_mean          | 18.3        |
| time/                   |             |
|    fps                  | 1889        |
|    iterations           | 38          |
|    time_elapsed         | 2635        |
|    total_timesteps      | 4980736     |
| train/                  |             |
|    adaptive_lr          | 5e-05       |
|    approx_kl            | 0.005323601 |
|    clip_fraction        | 0.273       |
|    clip_range           | 0.1         |
|    clip_range_vf        | 0.2         |
|    entropy_loss         | 19.9        |
|    explained_variance   | 0.853       |
|    learning_rate        | 5e-05       |
|    loss                 | 1.21        |
|    n_updates            | 3430        |
|    policy_gradient_loss | -0.000205   |
|    std                  | 0.109       |
|    value_loss           | 1.03        |
-----------------------------------------
[HumanoidEnv] Reset state env_id=0 z=0.282 rpy=[-0.001, -0.001, 0.001]
[HumanoidEnv] unhealthy terminate at step=434 z=0.195225 rpy=[-1.95258, 0.132762, 0.686735] v_body=[2.45809, -2.99869, 0.729199]
PARITY max_torque=23.700 23.700 45.430
PARITY contact_mu=0.450
PARITY body_height=0.320
PARITY Kp_body=100.000 100.000 100.000
PARITY Kd_body=30.000 30.000 30.000
PARITY Kp_ori=100.000 100.000 100.000
PARITY Kd_ori=10.000 10.000 10.000
PARITY Kp_foot=550.000 550.000 550.000
PARITY Kd_foot=10.000 10.000 10.000
PARITY Kp_joint=5.000 5.000 5.000
PARITY Kd_joint=3.000 3.000 3.000
PARITY floating_base_weight=50.000
PARITY control_mode=5.000
[HumanoidEnv] Reset state env_id=0 z=0.280 rpy=[0.001, -0.001, 0.000]
[HumanoidEnv] unhealthy terminate at step=384 z=0.183451 rpy=[2.94657, -0.72227, -0.502272] v_body=[1.47655, -1.3257, 4.78165]
PARITY max_torque=23.700 23.700 45.430
PARITY contact_mu=0.450
PARITY body_height=0.320
PARITY Kp_body=100.000 100.000 100.000
PARITY Kd_body=30.000 30.000 30.000
PARITY Kp_ori=100.000 100.000 100.000
PARITY Kd_ori=10.000 10.000 10.000
PARITY Kp_foot=550.000 550.000 550.000
PARITY Kd_foot=10.000 10.000 10.000
PARITY Kp_joint=5.000 5.000 5.000
PARITY Kd_joint=3.000 3.000 3.000
PARITY floating_base_weight=50.000
PARITY control_mode=5.000
------------------------------------------
| rollout/                |              |
|    ep_len_mean          | 392          |
|    ep_rew_mean          | 18.5         |
| time/                   |              |
|    fps                  | 1890         |
|    iterations           | 39           |
|    time_elapsed         | 2704         |
|    total_timesteps      | 5111808      |
| train/                  |              |
|    adaptive_lr          | 5e-05        |
|    approx_kl            | 0.0055282936 |
|    clip_fraction        | 0.279        |
|    clip_range           | 0.1          |
|    clip_range_vf        | 0.2          |
|    entropy_loss         | 19.8         |
|    explained_variance   | 0.867        |
|    learning_rate        | 5e-05        |
|    loss                 | 1.21         |
|    n_updates            | 3440         |
|    policy_gradient_loss | -0.000352    |
|    std                  | 0.11         |
|    value_loss           | 1.01         |
------------------------------------------
[HumanoidEnv] Reset state env_id=0 z=0.278 rpy=[-0.002, 0.000, 0.001]
[HumanoidEnv] unhealthy terminate at step=481 z=0.197856 rpy=[-2.7012, -0.374235, -1.01079] v_body=[-3.25642, -2.19289, 1.30976]
PARITY max_torque=23.700 23.700 45.430
PARITY contact_mu=0.450
PARITY body_height=0.320
PARITY Kp_body=100.000 100.000 100.000
PARITY Kd_body=30.000 30.000 30.000
PARITY Kp_ori=100.000 100.000 100.000
PARITY Kd_ori=10.000 10.000 10.000
PARITY Kp_foot=550.000 550.000 550.000
PARITY Kd_foot=10.000 10.000 10.000
PARITY Kp_joint=5.000 5.000 5.000
PARITY Kd_joint=3.000 3.000 3.000
PARITY floating_base_weight=50.000
PARITY control_mode=5.000
-----------------------------------------
| rollout/                |             |
|    ep_len_mean          | 390         |
|    ep_rew_mean          | 18.2        |
| time/                   |             |
|    fps                  | 1890        |
|    iterations           | 40          |
|    time_elapsed         | 2773        |
|    total_timesteps      | 5242880     |
| train/                  |             |
|    adaptive_lr          | 5e-05       |
|    approx_kl            | 0.005537166 |
|    clip_fraction        | 0.277       |
|    clip_range           | 0.1         |
|    clip_range_vf        | 0.2         |
|    entropy_loss         | 19.7        |
|    explained_variance   | 0.86        |
|    learning_rate        | 5e-05       |
|    loss                 | 1.35        |
|    n_updates            | 3450        |
|    policy_gradient_loss | -0.000424   |
|    std                  | 0.11        |
|    value_loss           | 0.986       |
-----------------------------------------
[HumanoidEnv] Reset state env_id=0 z=0.313 rpy=[-0.002, -0.003, 0.000]
[HumanoidEnv] unhealthy terminate at step=386 z=0.757652 rpy=[-1.02744, -0.262367, 0.342693] v_body=[-1.83406, 6.17909, -3.05747]
PARITY max_torque=23.700 23.700 45.430
PARITY contact_mu=0.450
PARITY body_height=0.320
PARITY Kp_body=100.000 100.000 100.000
PARITY Kd_body=30.000 30.000 30.000
PARITY Kp_ori=100.000 100.000 100.000
PARITY Kd_ori=10.000 10.000 10.000
PARITY Kp_foot=550.000 550.000 550.000
PARITY Kd_foot=10.000 10.000 10.000
PARITY Kp_joint=5.000 5.000 5.000
PARITY Kd_joint=3.000 3.000 3.000
PARITY floating_base_weight=50.000
PARITY control_mode=5.000
-----------------------------------------
| rollout/                |             |
|    ep_len_mean          | 403         |
|    ep_rew_mean          | 18.9        |
| time/                   |             |
|    fps                  | 1890        |
|    iterations           | 41          |
|    time_elapsed         | 2842        |
|    total_timesteps      | 5373952     |
| train/                  |             |
|    adaptive_lr          | 5e-05       |
|    approx_kl            | 0.005533157 |
|    clip_fraction        | 0.273       |
|    clip_range           | 0.1         |
|    clip_range_vf        | 0.2         |
|    entropy_loss         | 19.6        |
|    explained_variance   | 0.861       |
|    learning_rate        | 5e-05       |
|    loss                 | 1.15        |
|    n_updates            | 3460        |
|    policy_gradient_loss | -0.00024    |
|    std                  | 0.111       |
|    value_loss           | 1.03        |
-----------------------------------------
[HumanoidEnv] Reset state env_id=0 z=0.293 rpy=[0.002, -0.002, 0.000]
[HumanoidEnv] unhealthy terminate at step=441 z=0.753976 rpy=[3.04335, 0.453134, 0.196906] v_body=[1.49328, -6.7293, -1.15331]
PARITY max_torque=23.700 23.700 45.430
PARITY contact_mu=0.450
PARITY body_height=0.320
PARITY Kp_body=100.000 100.000 100.000
PARITY Kd_body=30.000 30.000 30.000
PARITY Kp_ori=100.000 100.000 100.000
PARITY Kd_ori=10.000 10.000 10.000
PARITY Kp_foot=550.000 550.000 550.000
PARITY Kd_foot=10.000 10.000 10.000
PARITY Kp_joint=5.000 5.000 5.000
PARITY Kd_joint=3.000 3.000 3.000
PARITY floating_base_weight=50.000
PARITY control_mode=5.000
-----------------------------------------
| rollout/                |             |
|    ep_len_mean          | 390         |
|    ep_rew_mean          | 18.8        |
| time/                   |             |
|    fps                  | 1891        |
|    iterations           | 42          |
|    time_elapsed         | 2911        |
|    total_timesteps      | 5505024     |
| train/                  |             |
|    adaptive_lr          | 5e-05       |
|    approx_kl            | 0.005348296 |
|    clip_fraction        | 0.272       |
|    clip_range           | 0.1         |
|    clip_range_vf        | 0.2         |
|    entropy_loss         | 19.5        |
|    explained_variance   | 0.857       |
|    learning_rate        | 5e-05       |
|    loss                 | 1.2         |
|    n_updates            | 3470        |
|    policy_gradient_loss | -0.000336   |
|    std                  | 0.111       |
|    value_loss           | 0.987       |
-----------------------------------------
[HumanoidEnv] Reset state env_id=0 z=0.329 rpy=[0.002, -0.003, 0.000]
[HumanoidEnv] unhealthy terminate at step=369 z=0.75157 rpy=[-2.06727, -0.907368, 1.6517] v_body=[1.2436, -0.876762, -5.73182]
PARITY max_torque=23.700 23.700 45.430
PARITY contact_mu=0.450
PARITY body_height=0.320
PARITY Kp_body=100.000 100.000 100.000
PARITY Kd_body=30.000 30.000 30.000
PARITY Kp_ori=100.000 100.000 100.000
PARITY Kd_ori=10.000 10.000 10.000
PARITY Kp_foot=550.000 550.000 550.000
PARITY Kd_foot=10.000 10.000 10.000
PARITY Kp_joint=5.000 5.000 5.000
PARITY Kd_joint=3.000 3.000 3.000
PARITY floating_base_weight=50.000
PARITY control_mode=5.000
[HumanoidEnv] Reset state env_id=0 z=0.306 rpy=[0.002, -0.002, -0.000]
[HumanoidEnv] unhealthy terminate at step=243 z=0.77611 rpy=[-1.03256, -0.781031, 0.462631] v_body=[-2.62414, 3.73368, -3.14749]
PARITY max_torque=23.700 23.700 45.430
PARITY contact_mu=0.450
PARITY body_height=0.320
PARITY Kp_body=100.000 100.000 100.000
PARITY Kd_body=30.000 30.000 30.000
PARITY Kp_ori=100.000 100.000 100.000
PARITY Kd_ori=10.000 10.000 10.000
PARITY Kp_foot=550.000 550.000 550.000
PARITY Kd_foot=10.000 10.000 10.000
PARITY Kp_joint=5.000 5.000 5.000
PARITY Kd_joint=3.000 3.000 3.000
PARITY floating_base_weight=50.000
PARITY control_mode=5.000
-----------------------------------------
| rollout/                |             |
|    ep_len_mean          | 380         |
|    ep_rew_mean          | 18.5        |
| time/                   |             |
|    fps                  | 1891        |
|    iterations           | 43          |
|    time_elapsed         | 2979        |
|    total_timesteps      | 5636096     |
| train/                  |             |
|    adaptive_lr          | 5e-05       |
|    approx_kl            | 0.005346285 |
|    clip_fraction        | 0.276       |
|    clip_range           | 0.1         |
|    clip_range_vf        | 0.2         |
|    entropy_loss         | 19.4        |
|    explained_variance   | 0.85        |
|    learning_rate        | 5e-05       |
|    loss                 | 1.16        |
|    n_updates            | 3480        |
|    policy_gradient_loss | -8.93e-05   |
|    std                  | 0.111       |
|    value_loss           | 1.06        |
-----------------------------------------
[HumanoidEnv] Reset state env_id=0 z=0.300 rpy=[-0.001, -0.001, 0.000]
[HumanoidEnv] unhealthy terminate at step=367 z=0.751359 rpy=[-0.676305, -1.19628, 0.364535] v_body=[-3.29429, 1.46168, -4.43016]
PARITY max_torque=23.700 23.700 45.430
PARITY contact_mu=0.450
PARITY body_height=0.320
PARITY Kp_body=100.000 100.000 100.000
PARITY Kd_body=30.000 30.000 30.000
PARITY Kp_ori=100.000 100.000 100.000
PARITY Kd_ori=10.000 10.000 10.000
PARITY Kp_foot=550.000 550.000 550.000
PARITY Kd_foot=10.000 10.000 10.000
PARITY Kp_joint=5.000 5.000 5.000
PARITY Kd_joint=3.000 3.000 3.000
PARITY floating_base_weight=50.000
PARITY control_mode=5.000
-----------------------------------------
| rollout/                |             |
|    ep_len_mean          | 372         |
|    ep_rew_mean          | 18.1        |
| time/                   |             |
|    fps                  | 1891        |
|    iterations           | 44          |
|    time_elapsed         | 3048        |
|    total_timesteps      | 5767168     |
| train/                  |             |
|    adaptive_lr          | 5e-05       |
|    approx_kl            | 0.005216676 |
|    clip_fraction        | 0.273       |
|    clip_range           | 0.1         |
|    clip_range_vf        | 0.2         |
|    entropy_loss         | 19.3        |
|    explained_variance   | 0.836       |
|    learning_rate        | 5e-05       |
|    loss                 | 1.32        |
|    n_updates            | 3490        |
|    policy_gradient_loss | 6.23e-05    |
|    std                  | 0.112       |
|    value_loss           | 1.12        |
-----------------------------------------
[HumanoidEnv] Reset state env_id=0 z=0.311 rpy=[-0.003, -0.003, 0.000]
[HumanoidEnv] unhealthy terminate at step=425 z=0.758506 rpy=[-0.704276, -1.21609, 1.86091] v_body=[-7.44639, 0.624604, 3.72789]
PARITY max_torque=23.700 23.700 45.430
PARITY contact_mu=0.450
PARITY body_height=0.320
PARITY Kp_body=100.000 100.000 100.000
PARITY Kd_body=30.000 30.000 30.000
PARITY Kp_ori=100.000 100.000 100.000
PARITY Kd_ori=10.000 10.000 10.000
PARITY Kp_foot=550.000 550.000 550.000
PARITY Kd_foot=10.000 10.000 10.000
PARITY Kp_joint=5.000 5.000 5.000
PARITY Kd_joint=3.000 3.000 3.000
PARITY floating_base_weight=50.000
PARITY control_mode=5.000
[HumanoidEnv] Reset state env_id=0 z=0.320 rpy=[0.001, -0.002, 0.000]
[HumanoidEnv] unhealthy terminate at step=347 z=0.759066 rpy=[0.593464, -0.259266, -0.237651] v_body=[-0.321495, -4.65502, 2.40837]
PARITY max_torque=23.700 23.700 45.430
PARITY contact_mu=0.450
PARITY body_height=0.320
PARITY Kp_body=100.000 100.000 100.000
PARITY Kd_body=30.000 30.000 30.000
PARITY Kp_ori=100.000 100.000 100.000
PARITY Kd_ori=10.000 10.000 10.000
PARITY Kp_foot=550.000 550.000 550.000
PARITY Kd_foot=10.000 10.000 10.000
PARITY Kp_joint=5.000 5.000 5.000
PARITY Kd_joint=3.000 3.000 3.000
PARITY floating_base_weight=50.000
PARITY control_mode=5.000
-----------------------------------------
| rollout/                |             |
|    ep_len_mean          | 341         |
|    ep_rew_mean          | 16.8        |
| time/                   |             |
|    fps                  | 1891        |
|    iterations           | 45          |
|    time_elapsed         | 3117        |
|    total_timesteps      | 5898240     |
| train/                  |             |
|    adaptive_lr          | 5e-05       |
|    approx_kl            | 0.005231826 |
|    clip_fraction        | 0.271       |
|    clip_range           | 0.1         |
|    clip_range_vf        | 0.2         |
|    entropy_loss         | 19.3        |
|    explained_variance   | 0.83        |
|    learning_rate        | 5e-05       |
|    loss                 | 1.43        |
|    n_updates            | 3500        |
|    policy_gradient_loss | 0.000116    |
|    std                  | 0.112       |
|    value_loss           | 1.14        |
-----------------------------------------
[HumanoidEnv] Reset state env_id=0 z=0.317 rpy=[-0.003, -0.002, 0.000]
[HumanoidEnv] unhealthy terminate at step=320 z=0.765847 rpy=[1.10449, 0.0162645, -0.281754] v_body=[2.00396, -6.4571, -3.23402]
PARITY max_torque=23.700 23.700 45.430
PARITY contact_mu=0.450
PARITY body_height=0.320
PARITY Kp_body=100.000 100.000 100.000
PARITY Kd_body=30.000 30.000 30.000
PARITY Kp_ori=100.000 100.000 100.000
PARITY Kd_ori=10.000 10.000 10.000
PARITY Kp_foot=550.000 550.000 550.000
PARITY Kd_foot=10.000 10.000 10.000
PARITY Kp_joint=5.000 5.000 5.000
PARITY Kd_joint=3.000 3.000 3.000
PARITY floating_base_weight=50.000
PARITY control_mode=5.000
INFO:root:VecNormalize statistics saved at: ./data/gamma4/quadruped_ppo_model_ckpt_6000384_vecnormalize.pkl
INFO:root:Model saved at: ./data/gamma4/quadruped_ppo_model_ckpt_6000384.zip
INFO:root:Checkpoint written at 6000384 timesteps
[HumanoidEnv] Reset state env_id=0 z=0.273 rpy=[-0.001, -0.000, 0.001]
[HumanoidEnv] unhealthy terminate at step=304 z=0.178246 rpy=[1.98889, -0.0942145, 0.149128] v_body=[2.68676, 4.61494, -2.77392]
PARITY max_torque=23.700 23.700 45.430
PARITY contact_mu=0.450
PARITY body_height=0.320
PARITY Kp_body=100.000 100.000 100.000
PARITY Kd_body=30.000 30.000 30.000
PARITY Kp_ori=100.000 100.000 100.000
PARITY Kd_ori=10.000 10.000 10.000
PARITY Kp_foot=550.000 550.000 550.000
PARITY Kd_foot=10.000 10.000 10.000
PARITY Kp_joint=5.000 5.000 5.000
PARITY Kd_joint=3.000 3.000 3.000
PARITY floating_base_weight=50.000
PARITY control_mode=5.000
-----------------------------------------
| rollout/                |             |
|    ep_len_mean          | 358         |
|    ep_rew_mean          | 17.7        |
| time/                   |             |
|    fps                  | 1891        |
|    iterations           | 46          |
|    time_elapsed         | 3187        |
|    total_timesteps      | 6029312     |
| train/                  |             |
|    adaptive_lr          | 5e-05       |
|    approx_kl            | 0.005071324 |
|    clip_fraction        | 0.267       |
|    clip_range           | 0.1         |
|    clip_range_vf        | 0.2         |
|    entropy_loss         | 19.2        |
|    explained_variance   | 0.806       |
|    learning_rate        | 5e-05       |
|    loss                 | 1.45        |
|    n_updates            | 3510        |
|    policy_gradient_loss | 0.000178    |
|    std                  | 0.112       |
|    value_loss           | 1.21        |
-----------------------------------------
[HumanoidEnv] Reset state env_id=0 z=0.322 rpy=[-0.001, -0.003, 0.000]
[HumanoidEnv] unhealthy terminate at step=399 z=0.766252 rpy=[0.907474, -0.388411, -0.327312] v_body=[-0.713373, -4.29593, -0.307766]
PARITY max_torque=23.700 23.700 45.430
PARITY contact_mu=0.450
PARITY body_height=0.320
PARITY Kp_body=100.000 100.000 100.000
PARITY Kd_body=30.000 30.000 30.000
PARITY Kp_ori=100.000 100.000 100.000
PARITY Kd_ori=10.000 10.000 10.000
PARITY Kp_foot=550.000 550.000 550.000
PARITY Kd_foot=10.000 10.000 10.000
PARITY Kp_joint=5.000 5.000 5.000
PARITY Kd_joint=3.000 3.000 3.000
PARITY floating_base_weight=50.000
PARITY control_mode=5.000
-----------------------------------------
| rollout/                |             |
|    ep_len_mean          | 335         |
|    ep_rew_mean          | 16.4        |
| time/                   |             |
|    fps                  | 1890        |
|    iterations           | 47          |
|    time_elapsed         | 3258        |
|    total_timesteps      | 6160384     |
| train/                  |             |
|    adaptive_lr          | 5e-05       |
|    approx_kl            | 0.005042845 |
|    clip_fraction        | 0.264       |
|    clip_range           | 0.1         |
|    clip_range_vf        | 0.2         |
|    entropy_loss         | 19.1        |
|    explained_variance   | 0.815       |
|    learning_rate        | 5e-05       |
|    loss                 | 1.39        |
|    n_updates            | 3520        |
|    policy_gradient_loss | 0.00012     |
|    std                  | 0.113       |
|    value_loss           | 1.17        |
-----------------------------------------
[HumanoidEnv] Reset state env_id=0 z=0.299 rpy=[-0.002, -0.001, 0.000]
[HumanoidEnv] unhealthy terminate at step=294 z=0.756996 rpy=[1.12544, 0.471348, -0.282462] v_body=[2.54625, -4.07007, -5.51379]
PARITY max_torque=23.700 23.700 45.430
PARITY contact_mu=0.450
PARITY body_height=0.320
PARITY Kp_body=100.000 100.000 100.000
PARITY Kd_body=30.000 30.000 30.000
PARITY Kp_ori=100.000 100.000 100.000
PARITY Kd_ori=10.000 10.000 10.000
PARITY Kp_foot=550.000 550.000 550.000
PARITY Kd_foot=10.000 10.000 10.000
PARITY Kp_joint=5.000 5.000 5.000
PARITY Kd_joint=3.000 3.000 3.000
PARITY floating_base_weight=50.000
PARITY control_mode=5.000
[HumanoidEnv] Reset state env_id=0 z=0.320 rpy=[-0.000, -0.003, -0.000]
[HumanoidEnv] unhealthy terminate at step=315 z=0.189224 rpy=[-0.783172, -0.166873, 0.184568] v_body=[-1.47767, 0.146651, -4.18978]
PARITY max_torque=23.700 23.700 45.430
PARITY contact_mu=0.450
PARITY body_height=0.320
PARITY Kp_body=100.000 100.000 100.000
PARITY Kd_body=30.000 30.000 30.000
PARITY Kp_ori=100.000 100.000 100.000
PARITY Kd_ori=10.000 10.000 10.000
PARITY Kp_foot=550.000 550.000 550.000
PARITY Kd_foot=10.000 10.000 10.000
PARITY Kp_joint=5.000 5.000 5.000
PARITY Kd_joint=3.000 3.000 3.000
PARITY floating_base_weight=50.000
PARITY control_mode=5.000
------------------------------------------
| rollout/                |              |
|    ep_len_mean          | 327          |
|    ep_rew_mean          | 16.2         |
| time/                   |              |
|    fps                  | 1889         |
|    iterations           | 48           |
|    time_elapsed         | 3329         |
|    total_timesteps      | 6291456      |
| train/                  |              |
|    adaptive_lr          | 5e-05        |
|    approx_kl            | 0.0050564716 |
|    clip_fraction        | 0.268        |
|    clip_range           | 0.1          |
|    clip_range_vf        | 0.2          |
|    entropy_loss         | 19           |
|    explained_variance   | 0.797        |
|    learning_rate        | 5e-05        |
|    loss                 | 1.33         |
|    n_updates            | 3530         |
|    policy_gradient_loss | -8.39e-05    |
|    std                  | 0.113        |
|    value_loss           | 1.22         |
------------------------------------------
[HumanoidEnv] Reset state env_id=0 z=0.322 rpy=[0.002, -0.002, -0.000]
[HumanoidEnv] unhealthy terminate at step=366 z=0.195694 rpy=[3.09232, -0.573349, -0.635862] v_body=[-0.829188, -0.30153, 0.960845]
PARITY max_torque=23.700 23.700 45.430
PARITY contact_mu=0.450
PARITY body_height=0.320
PARITY Kp_body=100.000 100.000 100.000
PARITY Kd_body=30.000 30.000 30.000
PARITY Kp_ori=100.000 100.000 100.000
PARITY Kd_ori=10.000 10.000 10.000
PARITY Kp_foot=550.000 550.000 550.000
PARITY Kd_foot=10.000 10.000 10.000
PARITY Kp_joint=5.000 5.000 5.000
PARITY Kd_joint=3.000 3.000 3.000
PARITY floating_base_weight=50.000
PARITY control_mode=5.000
------------------------------------------
| rollout/                |              |
|    ep_len_mean          | 312          |
|    ep_rew_mean          | 15.1         |
| time/                   |              |
|    fps                  | 1889         |
|    iterations           | 49           |
|    time_elapsed         | 3399         |
|    total_timesteps      | 6422528      |
| train/                  |              |
|    adaptive_lr          | 5e-05        |
|    approx_kl            | 0.0049310667 |
|    clip_fraction        | 0.263        |
|    clip_range           | 0.1          |
|    clip_range_vf        | 0.2          |
|    entropy_loss         | 18.9         |
|    explained_variance   | 0.793        |
|    learning_rate        | 5e-05        |
|    loss                 | 1.26         |
|    n_updates            | 3540         |
|    policy_gradient_loss | -0.00014     |
|    std                  | 0.114        |
|    value_loss           | 1.19         |
------------------------------------------
[HumanoidEnv] Reset state env_id=0 z=0.321 rpy=[0.001, -0.003, -0.000]
[HumanoidEnv] unhealthy terminate at step=341 z=0.19574 rpy=[-1.90083, 0.262667, 0.33537] v_body=[-1.16437, -0.929728, 2.18873]
PARITY max_torque=23.700 23.700 45.430
PARITY contact_mu=0.450
PARITY body_height=0.320
PARITY Kp_body=100.000 100.000 100.000
PARITY Kd_body=30.000 30.000 30.000
PARITY Kp_ori=100.000 100.000 100.000
PARITY Kd_ori=10.000 10.000 10.000
PARITY Kp_foot=550.000 550.000 550.000
PARITY Kd_foot=10.000 10.000 10.000
PARITY Kp_joint=5.000 5.000 5.000
PARITY Kd_joint=3.000 3.000 3.000
PARITY floating_base_weight=50.000
PARITY control_mode=5.000
-----------------------------------------
| rollout/                |             |
|    ep_len_mean          | 317         |
|    ep_rew_mean          | 14.9        |
| time/                   |             |
|    fps                  | 1888        |
|    iterations           | 50          |
|    time_elapsed         | 3469        |
|    total_timesteps      | 6553600     |
| train/                  |             |
|    adaptive_lr          | 5e-05       |
|    approx_kl            | 0.004766861 |
|    clip_fraction        | 0.262       |
|    clip_range           | 0.1         |
|    clip_range_vf        | 0.2         |
|    entropy_loss         | 18.8        |
|    explained_variance   | 0.804       |
|    learning_rate        | 5e-05       |
|    loss                 | 1.2         |
|    n_updates            | 3550        |
|    policy_gradient_loss | -0.000226   |
|    std                  | 0.114       |
|    value_loss           | 1.19        |
-----------------------------------------
[HumanoidEnv] Reset state env_id=0 z=0.278 rpy=[-0.002, -0.001, 0.001]
[HumanoidEnv] unhealthy terminate at step=376 z=0.765265 rpy=[-0.391036, -0.759418, 0.235625] v_body=[-4.88149, 1.0445, -0.131132]
PARITY max_torque=23.700 23.700 45.430
PARITY contact_mu=0.450
PARITY body_height=0.320
PARITY Kp_body=100.000 100.000 100.000
PARITY Kd_body=30.000 30.000 30.000
PARITY Kp_ori=100.000 100.000 100.000
PARITY Kd_ori=10.000 10.000 10.000
PARITY Kp_foot=550.000 550.000 550.000
PARITY Kd_foot=10.000 10.000 10.000
PARITY Kp_joint=5.000 5.000 5.000
PARITY Kd_joint=3.000 3.000 3.000
PARITY floating_base_weight=50.000
PARITY control_mode=5.000
[HumanoidEnv] Reset state env_id=0 z=0.276 rpy=[-0.001, -0.001, 0.001]
[HumanoidEnv] unhealthy terminate at step=327 z=0.751425 rpy=[1.37258, -0.970962, -1.33048] v_body=[-0.872465, -0.132093, -4.58789]
PARITY max_torque=23.700 23.700 45.430
PARITY contact_mu=0.450
PARITY body_height=0.320
PARITY Kp_body=100.000 100.000 100.000
PARITY Kd_body=30.000 30.000 30.000
PARITY Kp_ori=100.000 100.000 100.000
PARITY Kd_ori=10.000 10.000 10.000
PARITY Kp_foot=550.000 550.000 550.000
PARITY Kd_foot=10.000 10.000 10.000
PARITY Kp_joint=5.000 5.000 5.000
PARITY Kd_joint=3.000 3.000 3.000
PARITY floating_base_weight=50.000
PARITY control_mode=5.000
------------------------------------------
| rollout/                |              |
|    ep_len_mean          | 318          |
|    ep_rew_mean          | 15.1         |
| time/                   |              |
|    fps                  | 1888         |
|    iterations           | 51           |
|    time_elapsed         | 3540         |
|    total_timesteps      | 6684672      |
| train/                  |              |
|    adaptive_lr          | 5e-05        |
|    approx_kl            | 0.0049202237 |
|    clip_fraction        | 0.261        |
|    clip_range           | 0.1          |
|    clip_range_vf        | 0.2          |
|    entropy_loss         | 18.8         |
|    explained_variance   | 0.834        |
|    learning_rate        | 5e-05        |
|    loss                 | 1.21         |
|    n_updates            | 3560         |
|    policy_gradient_loss | -0.000246    |
|    std                  | 0.114        |
|    value_loss           | 1.06         |
------------------------------------------
[HumanoidEnv] Reset state env_id=0 z=0.307 rpy=[-0.002, -0.003, 0.000]
[HumanoidEnv] unhealthy terminate at step=365 z=0.774155 rpy=[1.47561, -0.695149, -0.973321] v_body=[-2.11722, -2.6316, -6.36677]
PARITY max_torque=23.700 23.700 45.430
PARITY contact_mu=0.450
PARITY body_height=0.320
PARITY Kp_body=100.000 100.000 100.000
PARITY Kd_body=30.000 30.000 30.000
PARITY Kp_ori=100.000 100.000 100.000
PARITY Kd_ori=10.000 10.000 10.000
PARITY Kp_foot=550.000 550.000 550.000
PARITY Kd_foot=10.000 10.000 10.000
PARITY Kp_joint=5.000 5.000 5.000
PARITY Kd_joint=3.000 3.000 3.000
PARITY floating_base_weight=50.000
PARITY control_mode=5.000
-----------------------------------------
| rollout/                |             |
|    ep_len_mean          | 333         |
|    ep_rew_mean          | 15.4        |
| time/                   |             |
|    fps                  | 1887        |
|    iterations           | 52          |
|    time_elapsed         | 3610        |
|    total_timesteps      | 6815744     |
| train/                  |             |
|    adaptive_lr          | 5e-05       |
|    approx_kl            | 0.004980076 |
|    clip_fraction        | 0.263       |
|    clip_range           | 0.1         |
|    clip_range_vf        | 0.2         |
|    entropy_loss         | 18.7        |
|    explained_variance   | 0.853       |
|    learning_rate        | 5e-05       |
|    loss                 | 1.08        |
|    n_updates            | 3570        |
|    policy_gradient_loss | -0.000528   |
|    std                  | 0.115       |
|    value_loss           | 0.977       |
-----------------------------------------
[HumanoidEnv] Reset state env_id=0 z=0.289 rpy=[-0.000, -0.001, 0.000]
[HumanoidEnv] unhealthy terminate at step=387 z=0.194946 rpy=[1.58676, 0.20988, 2.18002] v_body=[-0.966019, -0.206601, -0.405383]
PARITY max_torque=23.700 23.700 45.430
PARITY contact_mu=0.450
PARITY body_height=0.320
PARITY Kp_body=100.000 100.000 100.000
PARITY Kd_body=30.000 30.000 30.000
PARITY Kp_ori=100.000 100.000 100.000
PARITY Kd_ori=10.000 10.000 10.000
PARITY Kp_foot=550.000 550.000 550.000
PARITY Kd_foot=10.000 10.000 10.000
PARITY Kp_joint=5.000 5.000 5.000
PARITY Kd_joint=3.000 3.000 3.000
PARITY floating_base_weight=50.000
PARITY control_mode=5.000
-----------------------------------------
| rollout/                |             |
|    ep_len_mean          | 346         |
|    ep_rew_mean          | 16.1        |
| time/                   |             |
|    fps                  | 1887        |
|    iterations           | 53          |
|    time_elapsed         | 3681        |
|    total_timesteps      | 6946816     |
| train/                  |             |
|    adaptive_lr          | 5e-05       |
|    approx_kl            | 0.005140708 |
|    clip_fraction        | 0.264       |
|    clip_range           | 0.1         |
|    clip_range_vf        | 0.2         |
|    entropy_loss         | 18.6        |
|    explained_variance   | 0.866       |
|    learning_rate        | 5e-05       |
|    loss                 | 0.958       |
|    n_updates            | 3580        |
|    policy_gradient_loss | -0.000594   |
|    std                  | 0.115       |
|    value_loss           | 0.875       |
-----------------------------------------
[HumanoidEnv] Reset state env_id=0 z=0.289 rpy=[0.001, 0.000, 0.000]
[HumanoidEnv] unhealthy terminate at step=463 z=0.191616 rpy=[2.49072, 0.122079, -0.794687] v_body=[2.98548, 1.2059, 0.938253]
PARITY max_torque=23.700 23.700 45.430
PARITY contact_mu=0.450
PARITY body_height=0.320
PARITY Kp_body=100.000 100.000 100.000
PARITY Kd_body=30.000 30.000 30.000
PARITY Kp_ori=100.000 100.000 100.000
PARITY Kd_ori=10.000 10.000 10.000
PARITY Kp_foot=550.000 550.000 550.000
PARITY Kd_foot=10.000 10.000 10.000
PARITY Kp_joint=5.000 5.000 5.000
PARITY Kd_joint=3.000 3.000 3.000
PARITY floating_base_weight=50.000
PARITY control_mode=5.000
[HumanoidEnv] Reset state env_id=0 z=0.277 rpy=[0.001, 0.001, 0.000]
[HumanoidEnv] unhealthy terminate at step=309 z=0.19464 rpy=[1.94901, 0.0664549, 0.171679] v_body=[3.80608, 2.91762, -3.82482]
PARITY max_torque=23.700 23.700 45.430
PARITY contact_mu=0.450
PARITY body_height=0.320
PARITY Kp_body=100.000 100.000 100.000
PARITY Kd_body=30.000 30.000 30.000
PARITY Kp_ori=100.000 100.000 100.000
PARITY Kd_ori=10.000 10.000 10.000
PARITY Kp_foot=550.000 550.000 550.000
PARITY Kd_foot=10.000 10.000 10.000
PARITY Kp_joint=5.000 5.000 5.000
PARITY Kd_joint=3.000 3.000 3.000
PARITY floating_base_weight=50.000
PARITY control_mode=5.000
------------------------------------------
| rollout/                |              |
|    ep_len_mean          | 370          |
|    ep_rew_mean          | 17.4         |
| time/                   |              |
|    fps                  | 1886         |
|    iterations           | 54           |
|    time_elapsed         | 3752         |
|    total_timesteps      | 7077888      |
| train/                  |              |
|    adaptive_lr          | 5e-05        |
|    approx_kl            | 0.0051187756 |
|    clip_fraction        | 0.261        |
|    clip_range           | 0.1          |
|    clip_range_vf        | 0.2          |
|    entropy_loss         | 18.5         |
|    explained_variance   | 0.859        |
|    learning_rate        | 5e-05        |
|    loss                 | 1.03         |
|    n_updates            | 3590         |
|    policy_gradient_loss | -0.000415    |
|    std                  | 0.116        |
|    value_loss           | 0.913        |
------------------------------------------
[HumanoidEnv] Reset state env_id=0 z=0.307 rpy=[-0.001, -0.003, 0.000]
[HumanoidEnv] unhealthy terminate at step=222 z=0.199395 rpy=[-1.16334, 0.058157, 0.0433837] v_body=[-1.867, 0.361231, -2.93811]
PARITY max_torque=23.700 23.700 45.430
PARITY contact_mu=0.450
PARITY body_height=0.320
PARITY Kp_body=100.000 100.000 100.000
PARITY Kd_body=30.000 30.000 30.000
PARITY Kp_ori=100.000 100.000 100.000
PARITY Kd_ori=10.000 10.000 10.000
PARITY Kp_foot=550.000 550.000 550.000
PARITY Kd_foot=10.000 10.000 10.000
PARITY Kp_joint=5.000 5.000 5.000
PARITY Kd_joint=3.000 3.000 3.000
PARITY floating_base_weight=50.000
PARITY control_mode=5.000
[HumanoidEnv] Reset state env_id=0 z=0.271 rpy=[-0.000, -0.000, 0.001]
[HumanoidEnv] unhealthy terminate at step=372 z=0.198279 rpy=[-0.703401, 0.0139818, -0.412104] v_body=[2.76533, -3.30014, -0.257233]
PARITY max_torque=23.700 23.700 45.430
PARITY contact_mu=0.450
PARITY body_height=0.320
PARITY Kp_body=100.000 100.000 100.000
PARITY Kd_body=30.000 30.000 30.000
PARITY Kp_ori=100.000 100.000 100.000
PARITY Kd_ori=10.000 10.000 10.000
PARITY Kp_foot=550.000 550.000 550.000
PARITY Kd_foot=10.000 10.000 10.000
PARITY Kp_joint=5.000 5.000 5.000
PARITY Kd_joint=3.000 3.000 3.000
PARITY floating_base_weight=50.000
PARITY control_mode=5.000
-----------------------------------------
| rollout/                |             |
|    ep_len_mean          | 359         |
|    ep_rew_mean          | 16.9        |
| time/                   |             |
|    fps                  | 1885        |
|    iterations           | 55          |
|    time_elapsed         | 3822        |
|    total_timesteps      | 7208960     |
| train/                  |             |
|    adaptive_lr          | 5e-05       |
|    approx_kl            | 0.005006034 |
|    clip_fraction        | 0.263       |
|    clip_range           | 0.1         |
|    clip_range_vf        | 0.2         |
|    entropy_loss         | 18.4        |
|    explained_variance   | 0.871       |
|    learning_rate        | 5e-05       |
|    loss                 | 0.9         |
|    n_updates            | 3600        |
|    policy_gradient_loss | -0.000825   |
|    std                  | 0.116       |
|    value_loss           | 0.815       |
-----------------------------------------
[HumanoidEnv] Reset state env_id=0 z=0.321 rpy=[-0.003, -0.003, 0.000]
[HumanoidEnv] unhealthy terminate at step=443 z=0.174798 rpy=[2.44928, 0.258962, 1.7727] v_body=[1.83346, 3.95908, 6.10938]
PARITY max_torque=23.700 23.700 45.430
PARITY contact_mu=0.450
PARITY body_height=0.320
PARITY Kp_body=100.000 100.000 100.000
PARITY Kd_body=30.000 30.000 30.000
PARITY Kp_ori=100.000 100.000 100.000
PARITY Kd_ori=10.000 10.000 10.000
PARITY Kp_foot=550.000 550.000 550.000
PARITY Kd_foot=10.000 10.000 10.000
PARITY Kp_joint=5.000 5.000 5.000
PARITY Kd_joint=3.000 3.000 3.000
PARITY floating_base_weight=50.000
PARITY control_mode=5.000
-----------------------------------------
| rollout/                |             |
|    ep_len_mean          | 373         |
|    ep_rew_mean          | 17.3        |
| time/                   |             |
|    fps                  | 1885        |
|    iterations           | 56          |
|    time_elapsed         | 3892        |
|    total_timesteps      | 7340032     |
| train/                  |             |
|    adaptive_lr          | 5e-05       |
|    approx_kl            | 0.004969025 |
|    clip_fraction        | 0.258       |
|    clip_range           | 0.1         |
|    clip_range_vf        | 0.2         |
|    entropy_loss         | 18.4        |
|    explained_variance   | 0.866       |
|    learning_rate        | 5e-05       |
|    loss                 | 0.938       |
|    n_updates            | 3610        |
|    policy_gradient_loss | -0.000438   |
|    std                  | 0.116       |
|    value_loss           | 0.865       |
-----------------------------------------
[HumanoidEnv] Reset state env_id=0 z=0.318 rpy=[0.000, -0.001, 0.000]
[HumanoidEnv] unhealthy terminate at step=313 z=0.196513 rpy=[-2.52277, 0.258442, 0.304148] v_body=[0.0911434, -2.93137, -1.28531]
PARITY max_torque=23.700 23.700 45.430
PARITY contact_mu=0.450
PARITY body_height=0.320
PARITY Kp_body=100.000 100.000 100.000
PARITY Kd_body=30.000 30.000 30.000
PARITY Kp_ori=100.000 100.000 100.000
PARITY Kd_ori=10.000 10.000 10.000
PARITY Kp_foot=550.000 550.000 550.000
PARITY Kd_foot=10.000 10.000 10.000
PARITY Kp_joint=5.000 5.000 5.000
PARITY Kd_joint=3.000 3.000 3.000
PARITY floating_base_weight=50.000
PARITY control_mode=5.000
------------------------------------------
| rollout/                |              |
|    ep_len_mean          | 373          |
|    ep_rew_mean          | 17.4         |
| time/                   |              |
|    fps                  | 1884         |
|    iterations           | 57           |
|    time_elapsed         | 3963         |
|    total_timesteps      | 7471104      |
| train/                  |              |
|    adaptive_lr          | 5e-05        |
|    approx_kl            | 0.0051267166 |
|    clip_fraction        | 0.263        |
|    clip_range           | 0.1          |
|    clip_range_vf        | 0.2          |
|    entropy_loss         | 18.3         |
|    explained_variance   | 0.864        |
|    learning_rate        | 5e-05        |
|    loss                 | 0.925        |
|    n_updates            | 3620         |
|    policy_gradient_loss | -0.000655    |
|    std                  | 0.117        |
|    value_loss           | 0.882        |
------------------------------------------
[HumanoidEnv] Reset state env_id=0 z=0.295 rpy=[0.001, -0.000, 0.000]
[HumanoidEnv] unhealthy terminate at step=379 z=0.187845 rpy=[0.797723, 0.162779, -0.109465] v_body=[-0.566111, -0.644061, -3.66275]
PARITY max_torque=23.700 23.700 45.430
PARITY contact_mu=0.450
PARITY body_height=0.320
PARITY Kp_body=100.000 100.000 100.000
PARITY Kd_body=30.000 30.000 30.000
PARITY Kp_ori=100.000 100.000 100.000
PARITY Kd_ori=10.000 10.000 10.000
PARITY Kp_foot=550.000 550.000 550.000
PARITY Kd_foot=10.000 10.000 10.000
PARITY Kp_joint=5.000 5.000 5.000
PARITY Kd_joint=3.000 3.000 3.000
PARITY floating_base_weight=50.000
PARITY control_mode=5.000
[HumanoidEnv] Reset state env_id=0 z=0.284 rpy=[-0.001, -0.001, 0.000]
[HumanoidEnv] unhealthy terminate at step=327 z=0.756218 rpy=[0.418039, 0.82953, -1.39557] v_body=[-8.47028, 0.527995, -1.17352]
PARITY max_torque=23.700 23.700 45.430
PARITY contact_mu=0.450
PARITY body_height=0.320
PARITY Kp_body=100.000 100.000 100.000
PARITY Kd_body=30.000 30.000 30.000
PARITY Kp_ori=100.000 100.000 100.000
PARITY Kd_ori=10.000 10.000 10.000
PARITY Kp_foot=550.000 550.000 550.000
PARITY Kd_foot=10.000 10.000 10.000
PARITY Kp_joint=5.000 5.000 5.000
PARITY Kd_joint=3.000 3.000 3.000
PARITY floating_base_weight=50.000
PARITY control_mode=5.000
-----------------------------------------
| rollout/                |             |
|    ep_len_mean          | 371         |
|    ep_rew_mean          | 17.4        |
| time/                   |             |
|    fps                  | 1884        |
|    iterations           | 58          |
|    time_elapsed         | 4033        |
|    total_timesteps      | 7602176     |
| train/                  |             |
|    adaptive_lr          | 5e-05       |
|    approx_kl            | 0.005048557 |
|    clip_fraction        | 0.262       |
|    clip_range           | 0.1         |
|    clip_range_vf        | 0.2         |
|    entropy_loss         | 18.2        |
|    explained_variance   | 0.866       |
|    learning_rate        | 5e-05       |
|    loss                 | 1.05        |
|    n_updates            | 3630        |
|    policy_gradient_loss | -0.000442   |
|    std                  | 0.117       |
|    value_loss           | 0.863       |
-----------------------------------------
[HumanoidEnv] Reset state env_id=0 z=0.296 rpy=[-0.001, -0.002, 0.001]
[HumanoidEnv] unhealthy terminate at step=427 z=0.199194 rpy=[2.39316, -0.406873, 0.236643] v_body=[-2.64406, 2.00788, -2.89168]
PARITY max_torque=23.700 23.700 45.430
PARITY contact_mu=0.450
PARITY body_height=0.320
PARITY Kp_body=100.000 100.000 100.000
PARITY Kd_body=30.000 30.000 30.000
PARITY Kp_ori=100.000 100.000 100.000
PARITY Kd_ori=10.000 10.000 10.000
PARITY Kp_foot=550.000 550.000 550.000
PARITY Kd_foot=10.000 10.000 10.000
PARITY Kp_joint=5.000 5.000 5.000
PARITY Kd_joint=3.000 3.000 3.000
PARITY floating_base_weight=50.000
PARITY control_mode=5.000
-----------------------------------------
| rollout/                |             |
|    ep_len_mean          | 363         |
|    ep_rew_mean          | 17.4        |
| time/                   |             |
|    fps                  | 1884        |
|    iterations           | 59          |
|    time_elapsed         | 4103        |
|    total_timesteps      | 7733248     |
| train/                  |             |
|    adaptive_lr          | 5e-05       |
|    approx_kl            | 0.005075861 |
|    clip_fraction        | 0.261       |
|    clip_range           | 0.1         |
|    clip_range_vf        | 0.2         |
|    entropy_loss         | 18.1        |
|    explained_variance   | 0.835       |
|    learning_rate        | 5e-05       |
|    loss                 | 1.11        |
|    n_updates            | 3640        |
|    policy_gradient_loss | -0.000448   |
|    std                  | 0.118       |
|    value_loss           | 0.972       |
-----------------------------------------
[HumanoidEnv] Reset state env_id=0 z=0.302 rpy=[0.002, -0.002, 0.000]
[HumanoidEnv] unhealthy terminate at step=380 z=0.199679 rpy=[-2.70508, -0.133791, 0.329144] v_body=[2.83355, -5.00309, -0.997508]
PARITY max_torque=23.700 23.700 45.430
PARITY contact_mu=0.450
PARITY body_height=0.320
PARITY Kp_body=100.000 100.000 100.000
PARITY Kd_body=30.000 30.000 30.000
PARITY Kp_ori=100.000 100.000 100.000
PARITY Kd_ori=10.000 10.000 10.000
PARITY Kp_foot=550.000 550.000 550.000
PARITY Kd_foot=10.000 10.000 10.000
PARITY Kp_joint=5.000 5.000 5.000
PARITY Kd_joint=3.000 3.000 3.000
PARITY floating_base_weight=50.000
PARITY control_mode=5.000
------------------------------------------
| rollout/                |              |
|    ep_len_mean          | 370          |
|    ep_rew_mean          | 17.8         |
| time/                   |              |
|    fps                  | 1884         |
|    iterations           | 60           |
|    time_elapsed         | 4173         |
|    total_timesteps      | 7864320      |
| train/                  |              |
|    adaptive_lr          | 5e-05        |
|    approx_kl            | 0.0049193115 |
|    clip_fraction        | 0.253        |
|    clip_range           | 0.1          |
|    clip_range_vf        | 0.2          |
|    entropy_loss         | 18           |
|    explained_variance   | 0.828        |
|    learning_rate        | 5e-05        |
|    loss                 | 1.19         |
|    n_updates            | 3650         |
|    policy_gradient_loss | -0.000379    |
|    std                  | 0.118        |
|    value_loss           | 0.953        |
------------------------------------------
[HumanoidEnv] Reset state env_id=0 z=0.308 rpy=[-0.000, -0.003, 0.000]
[HumanoidEnv] unhealthy terminate at step=374 z=0.196426 rpy=[1.23581, 0.0766648, 1.58347] v_body=[0.157275, 0.189011, -5.68781]
PARITY max_torque=23.700 23.700 45.430
PARITY contact_mu=0.450
PARITY body_height=0.320
PARITY Kp_body=100.000 100.000 100.000
PARITY Kd_body=30.000 30.000 30.000
PARITY Kp_ori=100.000 100.000 100.000
PARITY Kd_ori=10.000 10.000 10.000
PARITY Kp_foot=550.000 550.000 550.000
PARITY Kd_foot=10.000 10.000 10.000
PARITY Kp_joint=5.000 5.000 5.000
PARITY Kd_joint=3.000 3.000 3.000
PARITY floating_base_weight=50.000
PARITY control_mode=5.000
[HumanoidEnv] Reset state env_id=0 z=0.274 rpy=[0.001, -0.000, 0.001]
[HumanoidEnv] unhealthy terminate at step=295 z=0.777746 rpy=[0.291806, -0.0875719, -0.0323367] v_body=[3.6192, -2.37571, 3.6035]
PARITY max_torque=23.700 23.700 45.430
PARITY contact_mu=0.450
PARITY body_height=0.320
PARITY Kp_body=100.000 100.000 100.000
PARITY Kd_body=30.000 30.000 30.000
PARITY Kp_ori=100.000 100.000 100.000
PARITY Kd_ori=10.000 10.000 10.000
PARITY Kp_foot=550.000 550.000 550.000
PARITY Kd_foot=10.000 10.000 10.000
PARITY Kp_joint=5.000 5.000 5.000
PARITY Kd_joint=3.000 3.000 3.000
PARITY floating_base_weight=50.000
PARITY control_mode=5.000
------------------------------------------
| rollout/                |              |
|    ep_len_mean          | 385          |
|    ep_rew_mean          | 18.7         |
| time/                   |              |
|    fps                  | 1883         |
|    iterations           | 61           |
|    time_elapsed         | 4243         |
|    total_timesteps      | 7995392      |
| train/                  |              |
|    adaptive_lr          | 5e-05        |
|    approx_kl            | 0.0049331114 |
|    clip_fraction        | 0.257        |
|    clip_range           | 0.1          |
|    clip_range_vf        | 0.2          |
|    entropy_loss         | 17.9         |
|    explained_variance   | 0.822        |
|    learning_rate        | 5e-05        |
|    loss                 | 1.07         |
|    n_updates            | 3660         |
|    policy_gradient_loss | -0.000334    |
|    std                  | 0.118        |
|    value_loss           | 0.98         |
------------------------------------------
INFO:root:VecNormalize statistics saved at: ./data/gamma4/quadruped_ppo_model_ckpt_8000512_vecnormalize.pkl
INFO:root:Model saved at: ./data/gamma4/quadruped_ppo_model_ckpt_8000512.zip
INFO:root:Checkpoint written at 8000512 timesteps
[HumanoidEnv] Reset state env_id=0 z=0.301 rpy=[-0.002, -0.000, 0.001]
[HumanoidEnv] unhealthy terminate at step=303 z=0.189527 rpy=[0.266539, -0.152419, 0.000100555] v_body=[-1.16963, -1.18841, -2.03715]
PARITY max_torque=23.700 23.700 45.430
PARITY contact_mu=0.450
PARITY body_height=0.320
PARITY Kp_body=100.000 100.000 100.000
PARITY Kd_body=30.000 30.000 30.000
PARITY Kp_ori=100.000 100.000 100.000
PARITY Kd_ori=10.000 10.000 10.000
PARITY Kp_foot=550.000 550.000 550.000
PARITY Kd_foot=10.000 10.000 10.000
PARITY Kp_joint=5.000 5.000 5.000
PARITY Kd_joint=3.000 3.000 3.000
PARITY floating_base_weight=50.000
PARITY control_mode=5.000
[HumanoidEnv] Reset state env_id=0 z=0.296 rpy=[-0.001, -0.002, 0.001]
[HumanoidEnv] unhealthy terminate at step=399 z=0.752332 rpy=[-0.683808, -0.117031, 0.178958] v_body=[4.26318, 6.76699, 1.27698]
PARITY max_torque=23.700 23.700 45.430
PARITY contact_mu=0.450
PARITY body_height=0.320
PARITY Kp_body=100.000 100.000 100.000
PARITY Kd_body=30.000 30.000 30.000
PARITY Kp_ori=100.000 100.000 100.000
PARITY Kd_ori=10.000 10.000 10.000
PARITY Kp_foot=550.000 550.000 550.000
PARITY Kd_foot=10.000 10.000 10.000
PARITY Kp_joint=5.000 5.000 5.000
PARITY Kd_joint=3.000 3.000 3.000
PARITY floating_base_weight=50.000
PARITY control_mode=5.000
------------------------------------------
| rollout/                |              |
|    ep_len_mean          | 385          |
|    ep_rew_mean          | 18.2         |
| time/                   |              |
|    fps                  | 1883         |
|    iterations           | 62           |
|    time_elapsed         | 4314         |
|    total_timesteps      | 8126464      |
| train/                  |              |
|    adaptive_lr          | 5e-05        |
|    approx_kl            | 0.0048271157 |
|    clip_fraction        | 0.256        |
|    clip_range           | 0.1          |
|    clip_range_vf        | 0.2          |
|    entropy_loss         | 17.8         |
|    explained_variance   | 0.812        |
|    learning_rate        | 5e-05        |
|    loss                 | 1.1          |
|    n_updates            | 3670         |
|    policy_gradient_loss | -1.68e-05    |
|    std                  | 0.119        |
|    value_loss           | 1.03         |
------------------------------------------
[HumanoidEnv] Reset state env_id=0 z=0.288 rpy=[0.003, -0.002, 0.001]
[HumanoidEnv] unhealthy terminate at step=501 z=0.172352 rpy=[0.269795, 0.19521, 2.71462] v_body=[-4.09063, 3.37541, -5.31678]
PARITY max_torque=23.700 23.700 45.430
PARITY contact_mu=0.450
PARITY body_height=0.320
PARITY Kp_body=100.000 100.000 100.000
PARITY Kd_body=30.000 30.000 30.000
PARITY Kp_ori=100.000 100.000 100.000
PARITY Kd_ori=10.000 10.000 10.000
PARITY Kp_foot=550.000 550.000 550.000
PARITY Kd_foot=10.000 10.000 10.000
PARITY Kp_joint=5.000 5.000 5.000
PARITY Kd_joint=3.000 3.000 3.000
PARITY floating_base_weight=50.000
PARITY control_mode=5.000
----------------------------------------
| rollout/                |            |
|    ep_len_mean          | 399        |
|    ep_rew_mean          | 18.5       |
| time/                   |            |
|    fps                  | 1883       |
|    iterations           | 63         |
|    time_elapsed         | 4385       |
|    total_timesteps      | 8257536    |
| train/                  |            |
|    adaptive_lr          | 5e-05      |
|    approx_kl            | 0.00529127 |
|    clip_fraction        | 0.261      |
|    clip_range           | 0.1        |
|    clip_range_vf        | 0.2        |
|    entropy_loss         | 17.7       |
|    explained_variance   | 0.826      |
|    learning_rate        | 5e-05      |
|    loss                 | 1.24       |
|    n_updates            | 3680       |
|    policy_gradient_loss | -0.000349  |
|    std                  | 0.119      |
|    value_loss           | 1.01       |
----------------------------------------
[HumanoidEnv] Reset state env_id=0 z=0.282 rpy=[-0.002, -0.001, 0.001]
[HumanoidEnv] unhealthy terminate at step=422 z=0.76511 rpy=[-2.39251, -0.80227, -2.97222] v_body=[-10.4361, 1.10348, 3.34489]
PARITY max_torque=23.700 23.700 45.430
PARITY contact_mu=0.450
PARITY body_height=0.320
PARITY Kp_body=100.000 100.000 100.000
PARITY Kd_body=30.000 30.000 30.000
PARITY Kp_ori=100.000 100.000 100.000
PARITY Kd_ori=10.000 10.000 10.000
PARITY Kp_foot=550.000 550.000 550.000
PARITY Kd_foot=10.000 10.000 10.000
PARITY Kp_joint=5.000 5.000 5.000
PARITY Kd_joint=3.000 3.000 3.000
PARITY floating_base_weight=50.000
PARITY control_mode=5.000
-----------------------------------------
| rollout/                |             |
|    ep_len_mean          | 382         |
|    ep_rew_mean          | 17.8        |
| time/                   |             |
|    fps                  | 1882        |
|    iterations           | 64          |
|    time_elapsed         | 4455        |
|    total_timesteps      | 8388608     |
| train/                  |             |
|    adaptive_lr          | 5e-05       |
|    approx_kl            | 0.004926308 |
|    clip_fraction        | 0.258       |
|    clip_range           | 0.1         |
|    clip_range_vf        | 0.2         |
|    entropy_loss         | 17.6        |
|    explained_variance   | 0.838       |
|    learning_rate        | 5e-05       |
|    loss                 | 1.13        |
|    n_updates            | 3690        |
|    policy_gradient_loss | -0.000439   |
|    std                  | 0.12        |
|    value_loss           | 1.01        |
-----------------------------------------
[HumanoidEnv] Reset state env_id=0 z=0.310 rpy=[0.002, -0.001, 0.000]
[HumanoidEnv] unhealthy terminate at step=510 z=0.750109 rpy=[-2.72846, 1.31981, -0.485769] v_body=[-3.34239, 1.1632, 1.04241]
PARITY max_torque=23.700 23.700 45.430
PARITY contact_mu=0.450
PARITY body_height=0.320
PARITY Kp_body=100.000 100.000 100.000
PARITY Kd_body=30.000 30.000 30.000
PARITY Kp_ori=100.000 100.000 100.000
PARITY Kd_ori=10.000 10.000 10.000
PARITY Kp_foot=550.000 550.000 550.000
PARITY Kd_foot=10.000 10.000 10.000
PARITY Kp_joint=5.000 5.000 5.000
PARITY Kd_joint=3.000 3.000 3.000
PARITY floating_base_weight=50.000
PARITY control_mode=5.000
-----------------------------------------
| rollout/                |             |
|    ep_len_mean          | 372         |
|    ep_rew_mean          | 17          |
| time/                   |             |
|    fps                  | 1882        |
|    iterations           | 65          |
|    time_elapsed         | 4525        |
|    total_timesteps      | 8519680     |
| train/                  |             |
|    adaptive_lr          | 5e-05       |
|    approx_kl            | 0.005083996 |
|    clip_fraction        | 0.258       |
|    clip_range           | 0.1         |
|    clip_range_vf        | 0.2         |
|    entropy_loss         | 17.6        |
|    explained_variance   | 0.849       |
|    learning_rate        | 5e-05       |
|    loss                 | 1.22        |
|    n_updates            | 3700        |
|    policy_gradient_loss | -0.000479   |
|    std                  | 0.12        |
|    value_loss           | 0.992       |
-----------------------------------------
[HumanoidEnv] Reset state env_id=0 z=0.285 rpy=[0.002, -0.001, 0.000]
[HumanoidEnv] unhealthy terminate at step=500 z=0.194592 rpy=[0.305913, -0.394318, 0.22694] v_body=[10.8289, -2.49236, -1.60078]
PARITY max_torque=23.700 23.700 45.430
PARITY contact_mu=0.450
PARITY body_height=0.320
PARITY Kp_body=100.000 100.000 100.000
PARITY Kd_body=30.000 30.000 30.000
PARITY Kp_ori=100.000 100.000 100.000
PARITY Kd_ori=10.000 10.000 10.000
PARITY Kp_foot=550.000 550.000 550.000
PARITY Kd_foot=10.000 10.000 10.000
PARITY Kp_joint=5.000 5.000 5.000
PARITY Kd_joint=3.000 3.000 3.000
PARITY floating_base_weight=50.000
PARITY control_mode=5.000
-----------------------------------------
| rollout/                |             |
|    ep_len_mean          | 349         |
|    ep_rew_mean          | 15.9        |
| time/                   |             |
|    fps                  | 1882        |
|    iterations           | 66          |
|    time_elapsed         | 4595        |
|    total_timesteps      | 8650752     |
| train/                  |             |
|    adaptive_lr          | 5e-05       |
|    approx_kl            | 0.004974167 |
|    clip_fraction        | 0.256       |
|    clip_range           | 0.1         |
|    clip_range_vf        | 0.2         |
|    entropy_loss         | 17.5        |
|    explained_variance   | 0.858       |
|    learning_rate        | 5e-05       |
|    loss                 | 1.3         |
|    n_updates            | 3710        |
|    policy_gradient_loss | -0.000427   |
|    std                  | 0.12        |
|    value_loss           | 0.959       |
-----------------------------------------
[HumanoidEnv] Reset state env_id=0 z=0.285 rpy=[-0.002, -0.001, 0.001]
[HumanoidEnv] unhealthy terminate at step=363 z=0.192671 rpy=[-1.88947, 0.262735, 1.12073] v_body=[2.79393, 2.36418, -1.40536]
PARITY max_torque=23.700 23.700 45.430
PARITY contact_mu=0.450
PARITY body_height=0.320
PARITY Kp_body=100.000 100.000 100.000
PARITY Kd_body=30.000 30.000 30.000
PARITY Kp_ori=100.000 100.000 100.000
PARITY Kd_ori=10.000 10.000 10.000
PARITY Kp_foot=550.000 550.000 550.000
PARITY Kd_foot=10.000 10.000 10.000
PARITY Kp_joint=5.000 5.000 5.000
PARITY Kd_joint=3.000 3.000 3.000
PARITY floating_base_weight=50.000
PARITY control_mode=5.000
-----------------------------------------
| rollout/                |             |
|    ep_len_mean          | 348         |
|    ep_rew_mean          | 15.8        |
| time/                   |             |
|    fps                  | 1881        |
|    iterations           | 67          |
|    time_elapsed         | 4666        |
|    total_timesteps      | 8781824     |
| train/                  |             |
|    adaptive_lr          | 5e-05       |
|    approx_kl            | 0.004964793 |
|    clip_fraction        | 0.255       |
|    clip_range           | 0.1         |
|    clip_range_vf        | 0.2         |
|    entropy_loss         | 17.4        |
|    explained_variance   | 0.851       |
|    learning_rate        | 5e-05       |
|    loss                 | 1.02        |
|    n_updates            | 3720        |
|    policy_gradient_loss | -0.000504   |
|    std                  | 0.121       |
|    value_loss           | 1.01        |
-----------------------------------------
[HumanoidEnv] Reset state env_id=0 z=0.274 rpy=[0.002, -0.001, 0.001]
[HumanoidEnv] unhealthy terminate at step=421 z=0.75476 rpy=[-1.85786, -0.188045, -0.200291] v_body=[-5.25753, 2.87337, -1.47532]
PARITY max_torque=23.700 23.700 45.430
PARITY contact_mu=0.450
PARITY body_height=0.320
PARITY Kp_body=100.000 100.000 100.000
PARITY Kd_body=30.000 30.000 30.000
PARITY Kp_ori=100.000 100.000 100.000
PARITY Kd_ori=10.000 10.000 10.000
PARITY Kp_foot=550.000 550.000 550.000
PARITY Kd_foot=10.000 10.000 10.000
PARITY Kp_joint=5.000 5.000 5.000
PARITY Kd_joint=3.000 3.000 3.000
PARITY floating_base_weight=50.000
PARITY control_mode=5.000
[HumanoidEnv] Reset state env_id=0 z=0.280 rpy=[0.001, -0.001, 0.001]
[HumanoidEnv] unhealthy terminate at step=367 z=0.756305 rpy=[-1.76544, -0.405189, -2.59031] v_body=[3.74197, 0.62906, 1.28401]
PARITY max_torque=23.700 23.700 45.430
PARITY contact_mu=0.450
PARITY body_height=0.320
PARITY Kp_body=100.000 100.000 100.000
PARITY Kd_body=30.000 30.000 30.000
PARITY Kp_ori=100.000 100.000 100.000
PARITY Kd_ori=10.000 10.000 10.000
PARITY Kp_foot=550.000 550.000 550.000
PARITY Kd_foot=10.000 10.000 10.000
PARITY Kp_joint=5.000 5.000 5.000
PARITY Kd_joint=3.000 3.000 3.000
PARITY floating_base_weight=50.000
PARITY control_mode=5.000
------------------------------------------
| rollout/                |              |
|    ep_len_mean          | 343          |
|    ep_rew_mean          | 15.7         |
| time/                   |              |
|    fps                  | 1881         |
|    iterations           | 68           |
|    time_elapsed         | 4737         |
|    total_timesteps      | 8912896      |
| train/                  |              |
|    adaptive_lr          | 5e-05        |
|    approx_kl            | 0.0049772477 |
|    clip_fraction        | 0.258        |
|    clip_range           | 0.1          |
|    clip_range_vf        | 0.2          |
|    entropy_loss         | 17.3         |
|    explained_variance   | 0.864        |
|    learning_rate        | 5e-05        |
|    loss                 | 1.08         |
|    n_updates            | 3730         |
|    policy_gradient_loss | -0.000706    |
|    std                  | 0.121        |
|    value_loss           | 0.919        |
------------------------------------------
[HumanoidEnv] Reset state env_id=0 z=0.290 rpy=[0.002, -0.002, 0.000]
[HumanoidEnv] unhealthy terminate at step=301 z=0.189037 rpy=[2.91528, 0.433818, 0.520259] v_body=[2.32839, -3.83282, 2.09959]
PARITY max_torque=23.700 23.700 45.430
PARITY contact_mu=0.450
PARITY body_height=0.320
PARITY Kp_body=100.000 100.000 100.000
PARITY Kd_body=30.000 30.000 30.000
PARITY Kp_ori=100.000 100.000 100.000
PARITY Kd_ori=10.000 10.000 10.000
PARITY Kp_foot=550.000 550.000 550.000
PARITY Kd_foot=10.000 10.000 10.000
PARITY Kp_joint=5.000 5.000 5.000
PARITY Kd_joint=3.000 3.000 3.000
PARITY floating_base_weight=50.000
PARITY control_mode=5.000
------------------------------------------
| rollout/                |              |
|    ep_len_mean          | 347          |
|    ep_rew_mean          | 16           |
| time/                   |              |
|    fps                  | 1880         |
|    iterations           | 69           |
|    time_elapsed         | 4809         |
|    total_timesteps      | 9043968      |
| train/                  |              |
|    adaptive_lr          | 5e-05        |
|    approx_kl            | 0.0049720583 |
|    clip_fraction        | 0.256        |
|    clip_range           | 0.1          |
|    clip_range_vf        | 0.2          |
|    entropy_loss         | 17.2         |
|    explained_variance   | 0.849        |
|    learning_rate        | 5e-05        |
|    loss                 | 1.16         |
|    n_updates            | 3740         |
|    policy_gradient_loss | -0.00062     |
|    std                  | 0.122        |
|    value_loss           | 1            |
------------------------------------------
[HumanoidEnv] Reset state env_id=0 z=0.312 rpy=[0.000, -0.001, 0.000]
[HumanoidEnv] unhealthy terminate at step=369 z=0.198236 rpy=[-0.010066, 0.171518, -0.226197] v_body=[2.53934, -2.82881, -1.91711]
PARITY max_torque=23.700 23.700 45.430
PARITY contact_mu=0.450
PARITY body_height=0.320
PARITY Kp_body=100.000 100.000 100.000
PARITY Kd_body=30.000 30.000 30.000
PARITY Kp_ori=100.000 100.000 100.000
PARITY Kd_ori=10.000 10.000 10.000
PARITY Kp_foot=550.000 550.000 550.000
PARITY Kd_foot=10.000 10.000 10.000
PARITY Kp_joint=5.000 5.000 5.000
PARITY Kd_joint=3.000 3.000 3.000
PARITY floating_base_weight=50.000
PARITY control_mode=5.000
------------------------------------------
| rollout/                |              |
|    ep_len_mean          | 337          |
|    ep_rew_mean          | 15.7         |
| time/                   |              |
|    fps                  | 1880         |
|    iterations           | 70           |
|    time_elapsed         | 4879         |
|    total_timesteps      | 9175040      |
| train/                  |              |
|    adaptive_lr          | 5e-05        |
|    approx_kl            | 0.0048857187 |
|    clip_fraction        | 0.252        |
|    clip_range           | 0.1          |
|    clip_range_vf        | 0.2          |
|    entropy_loss         | 17.2         |
|    explained_variance   | 0.843        |
|    learning_rate        | 5e-05        |
|    loss                 | 1.16         |
|    n_updates            | 3750         |
|    policy_gradient_loss | -0.00073     |
|    std                  | 0.122        |
|    value_loss           | 0.944        |
------------------------------------------
[HumanoidEnv] Reset state env_id=0 z=0.279 rpy=[0.001, -0.001, 0.001]
[HumanoidEnv] unhealthy terminate at step=490 z=0.190406 rpy=[2.30895, 0.406032, 0.304191] v_body=[6.92845, 3.0095, -2.47479]
PARITY max_torque=23.700 23.700 45.430
PARITY contact_mu=0.450
PARITY body_height=0.320
PARITY Kp_body=100.000 100.000 100.000
PARITY Kd_body=30.000 30.000 30.000
PARITY Kp_ori=100.000 100.000 100.000
PARITY Kd_ori=10.000 10.000 10.000
PARITY Kp_foot=550.000 550.000 550.000
PARITY Kd_foot=10.000 10.000 10.000
PARITY Kp_joint=5.000 5.000 5.000
PARITY Kd_joint=3.000 3.000 3.000
PARITY floating_base_weight=50.000
PARITY control_mode=5.000
------------------------------------------
| rollout/                |              |
|    ep_len_mean          | 346          |
|    ep_rew_mean          | 16           |
| time/                   |              |
|    fps                  | 1880         |
|    iterations           | 71           |
|    time_elapsed         | 4949         |
|    total_timesteps      | 9306112      |
| train/                  |              |
|    adaptive_lr          | 5e-05        |
|    approx_kl            | 0.0047606817 |
|    clip_fraction        | 0.25         |
|    clip_range           | 0.1          |
|    clip_range_vf        | 0.2          |
|    entropy_loss         | 17.1         |
|    explained_variance   | 0.824        |
|    learning_rate        | 5e-05        |
|    loss                 | 1.16         |
|    n_updates            | 3760         |
|    policy_gradient_loss | -0.000333    |
|    std                  | 0.122        |
|    value_loss           | 1.02         |
------------------------------------------
[HumanoidEnv] Reset state env_id=0 z=0.313 rpy=[0.001, -0.003, 0.000]
[HumanoidEnv] unhealthy terminate at step=417 z=0.762677 rpy=[-1.75533, -0.123758, 0.624444] v_body=[1.37057, 2.26527, -6.08273]
PARITY max_torque=23.700 23.700 45.430
PARITY contact_mu=0.450
PARITY body_height=0.320
PARITY Kp_body=100.000 100.000 100.000
PARITY Kd_body=30.000 30.000 30.000
PARITY Kp_ori=100.000 100.000 100.000
PARITY Kd_ori=10.000 10.000 10.000
PARITY Kp_foot=550.000 550.000 550.000
PARITY Kd_foot=10.000 10.000 10.000
PARITY Kp_joint=5.000 5.000 5.000
PARITY Kd_joint=3.000 3.000 3.000
PARITY floating_base_weight=50.000
PARITY control_mode=5.000
[HumanoidEnv] Reset state env_id=0 z=0.311 rpy=[-0.001, -0.003, -0.000]
[HumanoidEnv] unhealthy terminate at step=257 z=0.199202 rpy=[-0.318344, 0.0681278, 0.0194457] v_body=[1.32484, 0.710509, -0.73654]
PARITY max_torque=23.700 23.700 45.430
PARITY contact_mu=0.450
PARITY body_height=0.320
PARITY Kp_body=100.000 100.000 100.000
PARITY Kd_body=30.000 30.000 30.000
PARITY Kp_ori=100.000 100.000 100.000
PARITY Kd_ori=10.000 10.000 10.000
PARITY Kp_foot=550.000 550.000 550.000
PARITY Kd_foot=10.000 10.000 10.000
PARITY Kp_joint=5.000 5.000 5.000
PARITY Kd_joint=3.000 3.000 3.000
PARITY floating_base_weight=50.000
PARITY control_mode=5.000
------------------------------------------
| rollout/                |              |
|    ep_len_mean          | 357          |
|    ep_rew_mean          | 16.3         |
| time/                   |              |
|    fps                  | 1879         |
|    iterations           | 72           |
|    time_elapsed         | 5020         |
|    total_timesteps      | 9437184      |
| train/                  |              |
|    adaptive_lr          | 5e-05        |
|    approx_kl            | 0.0047477856 |
|    clip_fraction        | 0.248        |
|    clip_range           | 0.1          |
|    clip_range_vf        | 0.2          |
|    entropy_loss         | 17           |
|    explained_variance   | 0.843        |
|    learning_rate        | 5e-05        |
|    loss                 | 1.18         |
|    n_updates            | 3770         |
|    policy_gradient_loss | -0.00039     |
|    std                  | 0.123        |
|    value_loss           | 0.95         |
------------------------------------------
[HumanoidEnv] Reset state env_id=0 z=0.296 rpy=[0.001, -0.002, 0.001]
[HumanoidEnv] unhealthy terminate at step=584 z=0.199475 rpy=[-1.90425, 0.494982, -0.749224] v_body=[0.288187, -0.681933, 3.52979]
PARITY max_torque=23.700 23.700 45.430
PARITY contact_mu=0.450
PARITY body_height=0.320
PARITY Kp_body=100.000 100.000 100.000
PARITY Kd_body=30.000 30.000 30.000
PARITY Kp_ori=100.000 100.000 100.000
PARITY Kd_ori=10.000 10.000 10.000
PARITY Kp_foot=550.000 550.000 550.000
PARITY Kd_foot=10.000 10.000 10.000
PARITY Kp_joint=5.000 5.000 5.000
PARITY Kd_joint=3.000 3.000 3.000
PARITY floating_base_weight=50.000
PARITY control_mode=5.000
-----------------------------------------
| rollout/                |             |
|    ep_len_mean          | 344         |
|    ep_rew_mean          | 15.6        |
| time/                   |             |
|    fps                  | 1879        |
|    iterations           | 73          |
|    time_elapsed         | 5091        |
|    total_timesteps      | 9568256     |
| train/                  |             |
|    adaptive_lr          | 5e-05       |
|    approx_kl            | 0.004949146 |
|    clip_fraction        | 0.252       |
|    clip_range           | 0.1         |
|    clip_range_vf        | 0.2         |
|    entropy_loss         | 16.9        |
|    explained_variance   | 0.852       |
|    learning_rate        | 5e-05       |
|    loss                 | 1.24        |
|    n_updates            | 3780        |
|    policy_gradient_loss | -0.000451   |
|    std                  | 0.123       |
|    value_loss           | 0.936       |
-----------------------------------------
[HumanoidEnv] Reset state env_id=0 z=0.301 rpy=[0.001, -0.002, -0.000]
[HumanoidEnv] unhealthy terminate at step=453 z=0.199407 rpy=[1.61968, 0.233523, 1.78173] v_body=[-0.530521, -0.864027, -1.78662]
PARITY max_torque=23.700 23.700 45.430
PARITY contact_mu=0.450
PARITY body_height=0.320
PARITY Kp_body=100.000 100.000 100.000
PARITY Kd_body=30.000 30.000 30.000
PARITY Kp_ori=100.000 100.000 100.000
PARITY Kd_ori=10.000 10.000 10.000
PARITY Kp_foot=550.000 550.000 550.000
PARITY Kd_foot=10.000 10.000 10.000
PARITY Kp_joint=5.000 5.000 5.000
PARITY Kd_joint=3.000 3.000 3.000
PARITY floating_base_weight=50.000
PARITY control_mode=5.000
-----------------------------------------
| rollout/                |             |
|    ep_len_mean          | 345         |
|    ep_rew_mean          | 15.8        |
| time/                   |             |
|    fps                  | 1878        |
|    iterations           | 74          |
|    time_elapsed         | 5162        |
|    total_timesteps      | 9699328     |
| train/                  |             |
|    adaptive_lr          | 5e-05       |
|    approx_kl            | 0.004920341 |
|    clip_fraction        | 0.253       |
|    clip_range           | 0.1         |
|    clip_range_vf        | 0.2         |
|    entropy_loss         | 16.8        |
|    explained_variance   | 0.846       |
|    learning_rate        | 5e-05       |
|    loss                 | 1.12        |
|    n_updates            | 3790        |
|    policy_gradient_loss | -0.000749   |
|    std                  | 0.124       |
|    value_loss           | 0.95        |
-----------------------------------------
[HumanoidEnv] Reset state env_id=0 z=0.270 rpy=[0.000, 0.001, 0.001]
[HumanoidEnv] unhealthy terminate at step=217 z=0.193263 rpy=[-0.825553, 0.0536716, 0.0910173] v_body=[-2.40051, 1.76499, -4.38151]
PARITY max_torque=23.700 23.700 45.430
PARITY contact_mu=0.450
PARITY body_height=0.320
PARITY Kp_body=100.000 100.000 100.000
PARITY Kd_body=30.000 30.000 30.000
PARITY Kp_ori=100.000 100.000 100.000
PARITY Kd_ori=10.000 10.000 10.000
PARITY Kp_foot=550.000 550.000 550.000
PARITY Kd_foot=10.000 10.000 10.000
PARITY Kp_joint=5.000 5.000 5.000
PARITY Kd_joint=3.000 3.000 3.000
PARITY floating_base_weight=50.000
PARITY control_mode=5.000
[HumanoidEnv] Reset state env_id=0 z=0.287 rpy=[0.002, -0.001, 0.000]
[HumanoidEnv] unhealthy terminate at step=300 z=0.772201 rpy=[1.4772, 0.00517338, 1.00788] v_body=[5.60312, 4.74296, 2.23641]
PARITY max_torque=23.700 23.700 45.430
PARITY contact_mu=0.450
PARITY body_height=0.320
PARITY Kp_body=100.000 100.000 100.000
PARITY Kd_body=30.000 30.000 30.000
PARITY Kp_ori=100.000 100.000 100.000
PARITY Kd_ori=10.000 10.000 10.000
PARITY Kp_foot=550.000 550.000 550.000
PARITY Kd_foot=10.000 10.000 10.000
PARITY Kp_joint=5.000 5.000 5.000
PARITY Kd_joint=3.000 3.000 3.000
PARITY floating_base_weight=50.000
PARITY control_mode=5.000
-----------------------------------------
| rollout/                |             |
|    ep_len_mean          | 342         |
|    ep_rew_mean          | 15.2        |
| time/                   |             |
|    fps                  | 1878        |
|    iterations           | 75          |
|    time_elapsed         | 5233        |
|    total_timesteps      | 9830400     |
| train/                  |             |
|    adaptive_lr          | 5e-05       |
|    approx_kl            | 0.004991157 |
|    clip_fraction        | 0.254       |
|    clip_range           | 0.1         |
|    clip_range_vf        | 0.2         |
|    entropy_loss         | 16.7        |
|    explained_variance   | 0.851       |
|    learning_rate        | 5e-05       |
|    loss                 | 1.02        |
|    n_updates            | 3800        |
|    policy_gradient_loss | -0.000797   |
|    std                  | 0.124       |
|    value_loss           | 0.929       |
-----------------------------------------
[HumanoidEnv] Reset state env_id=0 z=0.301 rpy=[-0.002, -0.001, 0.001]
[HumanoidEnv] unhealthy terminate at step=281 z=0.190369 rpy=[2.03047, 0.204732, -2.36759] v_body=[4.84771, 1.61467, -1.0413]
PARITY max_torque=23.700 23.700 45.430
PARITY contact_mu=0.450
PARITY body_height=0.320
PARITY Kp_body=100.000 100.000 100.000
PARITY Kd_body=30.000 30.000 30.000
PARITY Kp_ori=100.000 100.000 100.000
PARITY Kd_ori=10.000 10.000 10.000
PARITY Kp_foot=550.000 550.000 550.000
PARITY Kd_foot=10.000 10.000 10.000
PARITY Kp_joint=5.000 5.000 5.000
PARITY Kd_joint=3.000 3.000 3.000
PARITY floating_base_weight=50.000
PARITY control_mode=5.000
[HumanoidEnv] Reset state env_id=0 z=0.293 rpy=[0.000, -0.000, 0.001]
[HumanoidEnv] unhealthy terminate at step=368 z=0.187125 rpy=[-0.396317, -0.000722198, 0.552445] v_body=[-3.57484, -2.01197, -1.62203]
PARITY max_torque=23.700 23.700 45.430
PARITY contact_mu=0.450
PARITY body_height=0.320
PARITY Kp_body=100.000 100.000 100.000
PARITY Kd_body=30.000 30.000 30.000
PARITY Kp_ori=100.000 100.000 100.000
PARITY Kd_ori=10.000 10.000 10.000
PARITY Kp_foot=550.000 550.000 550.000
PARITY Kd_foot=10.000 10.000 10.000
PARITY Kp_joint=5.000 5.000 5.000
PARITY Kd_joint=3.000 3.000 3.000
PARITY floating_base_weight=50.000
PARITY control_mode=5.000
-----------------------------------------
| rollout/                |             |
|    ep_len_mean          | 344         |
|    ep_rew_mean          | 15.5        |
| time/                   |             |
|    fps                  | 1877        |
|    iterations           | 76          |
|    time_elapsed         | 5304        |
|    total_timesteps      | 9961472     |
| train/                  |             |
|    adaptive_lr          | 5e-05       |
|    approx_kl            | 0.004903537 |
|    clip_fraction        | 0.255       |
|    clip_range           | 0.1         |
|    clip_range_vf        | 0.2         |
|    entropy_loss         | 16.6        |
|    explained_variance   | 0.859       |
|    learning_rate        | 5e-05       |
|    loss                 | 1.1         |
|    n_updates            | 3810        |
|    policy_gradient_loss | -0.000838   |
|    std                  | 0.124       |
|    value_loss           | 0.905       |
-----------------------------------------
INFO:root:VecNormalize statistics saved at: ./data/gamma4/quadruped_ppo_model_ckpt_10000640_vecnormalize.pkl
INFO:root:Model saved at: ./data/gamma4/quadruped_ppo_model_ckpt_10000640.zip
INFO:root:Checkpoint written at 10000640 timesteps
[HumanoidEnv] Reset state env_id=0 z=0.274 rpy=[-0.002, -0.000, 0.001]
[HumanoidEnv] unhealthy terminate at step=274 z=0.753439 rpy=[1.34771, -0.202771, -0.618483] v_body=[-0.116172, -4.45147, -4.34013]
PARITY max_torque=23.700 23.700 45.430
PARITY contact_mu=0.450
PARITY body_height=0.320
PARITY Kp_body=100.000 100.000 100.000
PARITY Kd_body=30.000 30.000 30.000
PARITY Kp_ori=100.000 100.000 100.000
PARITY Kd_ori=10.000 10.000 10.000
PARITY Kp_foot=550.000 550.000 550.000
PARITY Kd_foot=10.000 10.000 10.000
PARITY Kp_joint=5.000 5.000 5.000
PARITY Kd_joint=3.000 3.000 3.000
PARITY floating_base_weight=50.000
PARITY control_mode=5.000
------------------------------------------
| rollout/                |              |
|    ep_len_mean          | 349          |
|    ep_rew_mean          | 15.6         |
| time/                   |              |
|    fps                  | 1877         |
|    iterations           | 77           |
|    time_elapsed         | 5375         |
|    total_timesteps      | 10092544     |
| train/                  |              |
|    adaptive_lr          | 5e-05        |
|    approx_kl            | 0.0051521417 |
|    clip_fraction        | 0.255        |
|    clip_range           | 0.1          |
|    clip_range_vf        | 0.2          |
|    entropy_loss         | 16.6         |
|    explained_variance   | 0.867        |
|    learning_rate        | 5e-05        |
|    loss                 | 0.923        |
|    n_updates            | 3820         |
|    policy_gradient_loss | -0.00101     |
|    std                  | 0.125        |
|    value_loss           | 0.848        |
------------------------------------------
[HumanoidEnv] Reset state env_id=0 z=0.274 rpy=[-0.001, 0.000, 0.001]
[HumanoidEnv] unhealthy terminate at step=358 z=0.761019 rpy=[-3.06435, 1.52975, -2.94705] v_body=[1.07875, 2.25449, -0.588611]
PARITY max_torque=23.700 23.700 45.430
PARITY contact_mu=0.450
PARITY body_height=0.320
PARITY Kp_body=100.000 100.000 100.000
PARITY Kd_body=30.000 30.000 30.000
PARITY Kp_ori=100.000 100.000 100.000
PARITY Kd_ori=10.000 10.000 10.000
PARITY Kp_foot=550.000 550.000 550.000
PARITY Kd_foot=10.000 10.000 10.000
PARITY Kp_joint=5.000 5.000 5.000
PARITY Kd_joint=3.000 3.000 3.000
PARITY floating_base_weight=50.000
PARITY control_mode=5.000
[HumanoidEnv] Reset state env_id=0 z=0.296 rpy=[0.001, -0.002, -0.000]
[HumanoidEnv] unhealthy terminate at step=403 z=0.188582 rpy=[1.22764, 0.165351, -0.131218] v_body=[-1.1509, -0.13916, -5.12021]
PARITY max_torque=23.700 23.700 45.430
PARITY contact_mu=0.450
PARITY body_height=0.320
PARITY Kp_body=100.000 100.000 100.000
PARITY Kd_body=30.000 30.000 30.000
PARITY Kp_ori=100.000 100.000 100.000
PARITY Kd_ori=10.000 10.000 10.000
PARITY Kp_foot=550.000 550.000 550.000
PARITY Kd_foot=10.000 10.000 10.000
PARITY Kp_joint=5.000 5.000 5.000
PARITY Kd_joint=3.000 3.000 3.000
PARITY floating_base_weight=50.000
PARITY control_mode=5.000
-----------------------------------------
| rollout/                |             |
|    ep_len_mean          | 357         |
|    ep_rew_mean          | 16.1        |
| time/                   |             |
|    fps                  | 1877        |
|    iterations           | 78          |
|    time_elapsed         | 5445        |
|    total_timesteps      | 10223616    |
| train/                  |             |
|    adaptive_lr          | 5e-05       |
|    approx_kl            | 0.004942452 |
|    clip_fraction        | 0.254       |
|    clip_range           | 0.1         |
|    clip_range_vf        | 0.2         |
|    entropy_loss         | 16.5        |
|    explained_variance   | 0.859       |
|    learning_rate        | 5e-05       |
|    loss                 | 0.943       |
|    n_updates            | 3830        |
|    policy_gradient_loss | -0.000965   |
|    std                  | 0.125       |
|    value_loss           | 0.873       |
-----------------------------------------
[HumanoidEnv] Reset state env_id=0 z=0.295 rpy=[-0.002, -0.001, 0.001]
[HumanoidEnv] unhealthy terminate at step=279 z=0.753283 rpy=[-0.77057, -0.437156, 0.291661] v_body=[-0.325876, 5.05266, 0.630282]
PARITY max_torque=23.700 23.700 45.430
PARITY contact_mu=0.450
PARITY body_height=0.320
PARITY Kp_body=100.000 100.000 100.000
PARITY Kd_body=30.000 30.000 30.000
PARITY Kp_ori=100.000 100.000 100.000
PARITY Kd_ori=10.000 10.000 10.000
PARITY Kp_foot=550.000 550.000 550.000
PARITY Kd_foot=10.000 10.000 10.000
PARITY Kp_joint=5.000 5.000 5.000
PARITY Kd_joint=3.000 3.000 3.000
PARITY floating_base_weight=50.000
PARITY control_mode=5.000
----------------------------------------
| rollout/                |            |
|    ep_len_mean          | 370        |
|    ep_rew_mean          | 16         |
| time/                   |            |
|    fps                  | 1877       |
|    iterations           | 79         |
|    time_elapsed         | 5516       |
|    total_timesteps      | 10354688   |
| train/                  |            |
|    adaptive_lr          | 5e-05      |
|    approx_kl            | 0.00483045 |
|    clip_fraction        | 0.252      |
|    clip_range           | 0.1        |
|    clip_range_vf        | 0.2        |
|    entropy_loss         | 16.4       |
|    explained_variance   | 0.864      |
|    learning_rate        | 5e-05      |
|    loss                 | 0.843      |
|    n_updates            | 3840       |
|    policy_gradient_loss | -0.00085   |
|    std                  | 0.126      |
|    value_loss           | 0.849      |
----------------------------------------
[HumanoidEnv] Reset state env_id=0 z=0.316 rpy=[0.002, -0.001, 0.000]
[HumanoidEnv] unhealthy terminate at step=381 z=0.195962 rpy=[-2.99, 0.122008, -2.91478] v_body=[9.20284, 2.17821, 2.69757]
PARITY max_torque=23.700 23.700 45.430
PARITY contact_mu=0.450
PARITY body_height=0.320
PARITY Kp_body=100.000 100.000 100.000
PARITY Kd_body=30.000 30.000 30.000
PARITY Kp_ori=100.000 100.000 100.000
PARITY Kd_ori=10.000 10.000 10.000
PARITY Kp_foot=550.000 550.000 550.000
PARITY Kd_foot=10.000 10.000 10.000
PARITY Kp_joint=5.000 5.000 5.000
PARITY Kd_joint=3.000 3.000 3.000
PARITY floating_base_weight=50.000
PARITY control_mode=5.000
[HumanoidEnv] Reset state env_id=0 z=0.301 rpy=[0.001, -0.002, 0.000]
[HumanoidEnv] unhealthy terminate at step=341 z=0.196338 rpy=[0.635335, 0.365794, 2.24398] v_body=[-1.67013, 0.180784, -0.0182252]
PARITY max_torque=23.700 23.700 45.430
PARITY contact_mu=0.450
PARITY body_height=0.320
PARITY Kp_body=100.000 100.000 100.000
PARITY Kd_body=30.000 30.000 30.000
PARITY Kp_ori=100.000 100.000 100.000
PARITY Kd_ori=10.000 10.000 10.000
PARITY Kp_foot=550.000 550.000 550.000
PARITY Kd_foot=10.000 10.000 10.000
PARITY Kp_joint=5.000 5.000 5.000
PARITY Kd_joint=3.000 3.000 3.000
PARITY floating_base_weight=50.000
PARITY control_mode=5.000
----------------------------------------
| rollout/                |            |
|    ep_len_mean          | 355        |
|    ep_rew_mean          | 15.9       |
| time/                   |            |
|    fps                  | 1877       |
|    iterations           | 80         |
|    time_elapsed         | 5585       |
|    total_timesteps      | 10485760   |
| train/                  |            |
|    adaptive_lr          | 5e-05      |
|    approx_kl            | 0.00497957 |
|    clip_fraction        | 0.251      |
|    clip_range           | 0.1        |
|    clip_range_vf        | 0.2        |
|    entropy_loss         | 16.3       |
|    explained_variance   | 0.858      |
|    learning_rate        | 5e-05      |
|    loss                 | 0.853      |
|    n_updates            | 3850       |
|    policy_gradient_loss | -0.000725  |
|    std                  | 0.126      |
|    value_loss           | 0.841      |
----------------------------------------
[HumanoidEnv] Reset state env_id=0 z=0.316 rpy=[-0.003, -0.002, 0.000]
[HumanoidEnv] unhealthy terminate at step=477 z=0.753226 rpy=[-1.34248, -0.246181, -1.46268] v_body=[1.93504, -7.94177, -0.0644332]
PARITY max_torque=23.700 23.700 45.430
PARITY contact_mu=0.450
PARITY body_height=0.320
PARITY Kp_body=100.000 100.000 100.000
PARITY Kd_body=30.000 30.000 30.000
PARITY Kp_ori=100.000 100.000 100.000
PARITY Kd_ori=10.000 10.000 10.000
PARITY Kp_foot=550.000 550.000 550.000
PARITY Kd_foot=10.000 10.000 10.000
PARITY Kp_joint=5.000 5.000 5.000
PARITY Kd_joint=3.000 3.000 3.000
PARITY floating_base_weight=50.000
PARITY control_mode=5.000
----------------------------------------
| rollout/                |            |
|    ep_len_mean          | 356        |
|    ep_rew_mean          | 16         |
| time/                   |            |
|    fps                  | 1877       |
|    iterations           | 81         |
|    time_elapsed         | 5653       |
|    total_timesteps      | 10616832   |
| train/                  |            |
|    adaptive_lr          | 5e-05      |
|    approx_kl            | 0.00505972 |
|    clip_fraction        | 0.254      |
|    clip_range           | 0.1        |
|    clip_range_vf        | 0.2        |
|    entropy_loss         | 16.2       |
|    explained_variance   | 0.853      |
|    learning_rate        | 5e-05      |
|    loss                 | 1.1        |
|    n_updates            | 3860       |
|    policy_gradient_loss | -0.000816  |
|    std                  | 0.127      |
|    value_loss           | 0.889      |
----------------------------------------
[HumanoidEnv] Reset state env_id=0 z=0.302 rpy=[-0.001, -0.002, 0.000]
[HumanoidEnv] unhealthy terminate at step=411 z=0.757042 rpy=[2.42566, -0.595775, 1.22082] v_body=[-5.08907, 6.63917, -6.29139]
PARITY max_torque=23.700 23.700 45.430
PARITY contact_mu=0.450
PARITY body_height=0.320
PARITY Kp_body=100.000 100.000 100.000
PARITY Kd_body=30.000 30.000 30.000
PARITY Kp_ori=100.000 100.000 100.000
PARITY Kd_ori=10.000 10.000 10.000
PARITY Kp_foot=550.000 550.000 550.000
PARITY Kd_foot=10.000 10.000 10.000
PARITY Kp_joint=5.000 5.000 5.000
PARITY Kd_joint=3.000 3.000 3.000
PARITY floating_base_weight=50.000
PARITY control_mode=5.000
------------------------------------------
| rollout/                |              |
|    ep_len_mean          | 348          |
|    ep_rew_mean          | 15.8         |
| time/                   |              |
|    fps                  | 1878         |
|    iterations           | 82           |
|    time_elapsed         | 5722         |
|    total_timesteps      | 10747904     |
| train/                  |              |
|    adaptive_lr          | 5e-05        |
|    approx_kl            | 0.0049892906 |
|    clip_fraction        | 0.251        |
|    clip_range           | 0.1          |
|    clip_range_vf        | 0.2          |
|    entropy_loss         | 16.1         |
|    explained_variance   | 0.845        |
|    learning_rate        | 5e-05        |
|    loss                 | 1.15         |
|    n_updates            | 3870         |
|    policy_gradient_loss | -0.000717    |
|    std                  | 0.127        |
|    value_loss           | 0.886        |
------------------------------------------
[HumanoidEnv] Reset state env_id=0 z=0.318 rpy=[-0.000, -0.003, -0.000]
[HumanoidEnv] unhealthy terminate at step=363 z=0.786466 rpy=[1.54938, -0.834811, -0.79197] v_body=[-2.25694, -3.75394, -8.18787]
PARITY max_torque=23.700 23.700 45.430
PARITY contact_mu=0.450
PARITY body_height=0.320
PARITY Kp_body=100.000 100.000 100.000
PARITY Kd_body=30.000 30.000 30.000
PARITY Kp_ori=100.000 100.000 100.000
PARITY Kd_ori=10.000 10.000 10.000
PARITY Kp_foot=550.000 550.000 550.000
PARITY Kd_foot=10.000 10.000 10.000
PARITY Kp_joint=5.000 5.000 5.000
PARITY Kd_joint=3.000 3.000 3.000
PARITY floating_base_weight=50.000
PARITY control_mode=5.000
[HumanoidEnv] Reset state env_id=0 z=0.306 rpy=[-0.002, -0.003, 0.000]
[HumanoidEnv] unhealthy terminate at step=317 z=0.188807 rpy=[-1.75554, -0.20737, 2.40046] v_body=[2.06598, 2.14033, 0.475282]
PARITY max_torque=23.700 23.700 45.430
PARITY contact_mu=0.450
PARITY body_height=0.320
PARITY Kp_body=100.000 100.000 100.000
PARITY Kd_body=30.000 30.000 30.000
PARITY Kp_ori=100.000 100.000 100.000
PARITY Kd_ori=10.000 10.000 10.000
PARITY Kp_foot=550.000 550.000 550.000
PARITY Kd_foot=10.000 10.000 10.000
PARITY Kp_joint=5.000 5.000 5.000
PARITY Kd_joint=3.000 3.000 3.000
PARITY floating_base_weight=50.000
PARITY control_mode=5.000
-----------------------------------------
| rollout/                |             |
|    ep_len_mean          | 336         |
|    ep_rew_mean          | 15          |
| time/                   |             |
|    fps                  | 1878        |
|    iterations           | 83          |
|    time_elapsed         | 5790        |
|    total_timesteps      | 10878976    |
| train/                  |             |
|    adaptive_lr          | 5e-05       |
|    approx_kl            | 0.004922971 |
|    clip_fraction        | 0.25        |
|    clip_range           | 0.1         |
|    clip_range_vf        | 0.2         |
|    entropy_loss         | 16          |
|    explained_variance   | 0.842       |
|    learning_rate        | 5e-05       |
|    loss                 | 1.16        |
|    n_updates            | 3880        |
|    policy_gradient_loss | -0.000779   |
|    std                  | 0.128       |
|    value_loss           | 0.895       |
-----------------------------------------
[HumanoidEnv] Reset state env_id=0 z=0.289 rpy=[-0.000, -0.002, 0.001]
[HumanoidEnv] unhealthy terminate at step=317 z=0.766377 rpy=[1.1725, -0.783859, -0.827513] v_body=[-5.13086, -2.74904, -5.84988]
PARITY max_torque=23.700 23.700 45.430
PARITY contact_mu=0.450
PARITY body_height=0.320
PARITY Kp_body=100.000 100.000 100.000
PARITY Kd_body=30.000 30.000 30.000
PARITY Kp_ori=100.000 100.000 100.000
PARITY Kd_ori=10.000 10.000 10.000
PARITY Kp_foot=550.000 550.000 550.000
PARITY Kd_foot=10.000 10.000 10.000
PARITY Kp_joint=5.000 5.000 5.000
PARITY Kd_joint=3.000 3.000 3.000
PARITY floating_base_weight=50.000
PARITY control_mode=5.000
------------------------------------------
| rollout/                |              |
|    ep_len_mean          | 356          |
|    ep_rew_mean          | 15.9         |
| time/                   |              |
|    fps                  | 1879         |
|    iterations           | 84           |
|    time_elapsed         | 5858         |
|    total_timesteps      | 11010048     |
| train/                  |              |
|    adaptive_lr          | 5e-05        |
|    approx_kl            | 0.0049551884 |
|    clip_fraction        | 0.246        |
|    clip_range           | 0.1          |
|    clip_range_vf        | 0.2          |
|    entropy_loss         | 16           |
|    explained_variance   | 0.837        |
|    learning_rate        | 5e-05        |
|    loss                 | 1.05         |
|    n_updates            | 3890         |
|    policy_gradient_loss | -0.000567    |
|    std                  | 0.128        |
|    value_loss           | 0.927        |
------------------------------------------
[HumanoidEnv] Reset state env_id=0 z=0.314 rpy=[-0.002, -0.002, 0.000]
[HumanoidEnv] unhealthy terminate at step=269 z=0.189649 rpy=[3.12117, 0.244581, 0.705097] v_body=[4.43967, -2.80175, 0.988412]
PARITY max_torque=23.700 23.700 45.430
PARITY contact_mu=0.450
PARITY body_height=0.320
PARITY Kp_body=100.000 100.000 100.000
PARITY Kd_body=30.000 30.000 30.000
PARITY Kp_ori=100.000 100.000 100.000
PARITY Kd_ori=10.000 10.000 10.000
PARITY Kp_foot=550.000 550.000 550.000
PARITY Kd_foot=10.000 10.000 10.000
PARITY Kp_joint=5.000 5.000 5.000
PARITY Kd_joint=3.000 3.000 3.000
PARITY floating_base_weight=50.000
PARITY control_mode=5.000
[HumanoidEnv] Reset state env_id=0 z=0.309 rpy=[0.001, -0.002, -0.000]
[HumanoidEnv] unhealthy terminate at step=256 z=0.184634 rpy=[0.419263, -0.197596, -0.242813] v_body=[-2.12021, -0.959737, -3.95731]
PARITY max_torque=23.700 23.700 45.430
PARITY contact_mu=0.450
PARITY body_height=0.320
PARITY Kp_body=100.000 100.000 100.000
PARITY Kd_body=30.000 30.000 30.000
PARITY Kp_ori=100.000 100.000 100.000
PARITY Kd_ori=10.000 10.000 10.000
PARITY Kp_foot=550.000 550.000 550.000
PARITY Kd_foot=10.000 10.000 10.000
PARITY Kp_joint=5.000 5.000 5.000
PARITY Kd_joint=3.000 3.000 3.000
PARITY floating_base_weight=50.000
PARITY control_mode=5.000
-----------------------------------------
| rollout/                |             |
|    ep_len_mean          | 356         |
|    ep_rew_mean          | 15.6        |
| time/                   |             |
|    fps                  | 1879        |
|    iterations           | 85          |
|    time_elapsed         | 5927        |
|    total_timesteps      | 11141120    |
| train/                  |             |
|    adaptive_lr          | 5e-05       |
|    approx_kl            | 0.004903692 |
|    clip_fraction        | 0.254       |
|    clip_range           | 0.1         |
|    clip_range_vf        | 0.2         |
|    entropy_loss         | 15.9        |
|    explained_variance   | 0.845       |
|    learning_rate        | 5e-05       |
|    loss                 | 1.13        |
|    n_updates            | 3900        |
|    policy_gradient_loss | -0.000799   |
|    std                  | 0.128       |
|    value_loss           | 0.893       |
-----------------------------------------
[HumanoidEnv] Reset state env_id=0 z=0.327 rpy=[-0.003, -0.001, 0.000]
[HumanoidEnv] unhealthy terminate at step=271 z=0.193569 rpy=[0.54816, -0.212735, 0.126497] v_body=[-0.724411, -1.87991, -4.02969]
PARITY max_torque=23.700 23.700 45.430
PARITY contact_mu=0.450
PARITY body_height=0.320
PARITY Kp_body=100.000 100.000 100.000
PARITY Kd_body=30.000 30.000 30.000
PARITY Kp_ori=100.000 100.000 100.000
PARITY Kd_ori=10.000 10.000 10.000
PARITY Kp_foot=550.000 550.000 550.000
PARITY Kd_foot=10.000 10.000 10.000
PARITY Kp_joint=5.000 5.000 5.000
PARITY Kd_joint=3.000 3.000 3.000
PARITY floating_base_weight=50.000
PARITY control_mode=5.000
[HumanoidEnv] Reset state env_id=0 z=0.270 rpy=[0.001, -0.000, 0.001]
[HumanoidEnv] unhealthy terminate at step=465 z=0.785839 rpy=[-0.782346, 0.238714, 1.74116] v_body=[-4.90623, 1.10531, 0.306921]
PARITY max_torque=23.700 23.700 45.430
PARITY contact_mu=0.450
PARITY body_height=0.320
PARITY Kp_body=100.000 100.000 100.000
PARITY Kd_body=30.000 30.000 30.000
PARITY Kp_ori=100.000 100.000 100.000
PARITY Kd_ori=10.000 10.000 10.000
PARITY Kp_foot=550.000 550.000 550.000
PARITY Kd_foot=10.000 10.000 10.000
PARITY Kp_joint=5.000 5.000 5.000
PARITY Kd_joint=3.000 3.000 3.000
PARITY floating_base_weight=50.000
PARITY control_mode=5.000
------------------------------------------
| rollout/                |              |
|    ep_len_mean          | 353          |
|    ep_rew_mean          | 15.5         |
| time/                   |              |
|    fps                  | 1880         |
|    iterations           | 86           |
|    time_elapsed         | 5995         |
|    total_timesteps      | 11272192     |
| train/                  |              |
|    adaptive_lr          | 5e-05        |
|    approx_kl            | 0.0048776157 |
|    clip_fraction        | 0.25         |
|    clip_range           | 0.1          |
|    clip_range_vf        | 0.2          |
|    entropy_loss         | 15.8         |
|    explained_variance   | 0.848        |
|    learning_rate        | 5e-05        |
|    loss                 | 1.01         |
|    n_updates            | 3910         |
|    policy_gradient_loss | -0.000816    |
|    std                  | 0.129        |
|    value_loss           | 0.845        |
------------------------------------------
[HumanoidEnv] Reset state env_id=0 z=0.310 rpy=[-0.002, -0.002, 0.000]
[HumanoidEnv] unhealthy terminate at step=264 z=0.759254 rpy=[-0.153768, -0.478158, 0.00457463] v_body=[-2.59726, 0.930178, 3.42148]
PARITY max_torque=23.700 23.700 45.430
PARITY contact_mu=0.450
PARITY body_height=0.320
PARITY Kp_body=100.000 100.000 100.000
PARITY Kd_body=30.000 30.000 30.000
PARITY Kp_ori=100.000 100.000 100.000
PARITY Kd_ori=10.000 10.000 10.000
PARITY Kp_foot=550.000 550.000 550.000
PARITY Kd_foot=10.000 10.000 10.000
PARITY Kp_joint=5.000 5.000 5.000
PARITY Kd_joint=3.000 3.000 3.000
PARITY floating_base_weight=50.000
PARITY control_mode=5.000
------------------------------------------
| rollout/                |              |
|    ep_len_mean          | 352          |
|    ep_rew_mean          | 15.5         |
| time/                   |              |
|    fps                  | 1880         |
|    iterations           | 87           |
|    time_elapsed         | 6064         |
|    total_timesteps      | 11403264     |
| train/                  |              |
|    adaptive_lr          | 5e-05        |
|    approx_kl            | 0.0046620336 |
|    clip_fraction        | 0.25         |
|    clip_range           | 0.1          |
|    clip_range_vf        | 0.2          |
|    entropy_loss         | 15.7         |
|    explained_variance   | 0.85         |
|    learning_rate        | 5e-05        |
|    loss                 | 1.17         |
|    n_updates            | 3920         |
|    policy_gradient_loss | -0.000623    |
|    std                  | 0.129        |
|    value_loss           | 0.872        |
------------------------------------------
[HumanoidEnv] Reset state env_id=0 z=0.270 rpy=[-0.000, 0.001, 0.001]
[HumanoidEnv] unhealthy terminate at step=324 z=0.179724 rpy=[-1.0058, 0.366968, 1.79338] v_body=[2.08482, 1.72395, -1.5056]
PARITY max_torque=23.700 23.700 45.430
PARITY contact_mu=0.450
PARITY body_height=0.320
PARITY Kp_body=100.000 100.000 100.000
PARITY Kd_body=30.000 30.000 30.000
PARITY Kp_ori=100.000 100.000 100.000
PARITY Kd_ori=10.000 10.000 10.000
PARITY Kp_foot=550.000 550.000 550.000
PARITY Kd_foot=10.000 10.000 10.000
PARITY Kp_joint=5.000 5.000 5.000
PARITY Kd_joint=3.000 3.000 3.000
PARITY floating_base_weight=50.000
PARITY control_mode=5.000
[HumanoidEnv] Reset state env_id=0 z=0.308 rpy=[-0.002, -0.003, 0.000]
[HumanoidEnv] unhealthy terminate at step=442 z=0.75696 rpy=[-1.49598, -0.800141, 1.54548] v_body=[-1.10434, -5.20141, -0.771425]
PARITY max_torque=23.700 23.700 45.430
PARITY contact_mu=0.450
PARITY body_height=0.320
PARITY Kp_body=100.000 100.000 100.000
PARITY Kd_body=30.000 30.000 30.000
PARITY Kp_ori=100.000 100.000 100.000
PARITY Kd_ori=10.000 10.000 10.000
PARITY Kp_foot=550.000 550.000 550.000
PARITY Kd_foot=10.000 10.000 10.000
PARITY Kp_joint=5.000 5.000 5.000
PARITY Kd_joint=3.000 3.000 3.000
PARITY floating_base_weight=50.000
PARITY control_mode=5.000
------------------------------------------
| rollout/                |              |
|    ep_len_mean          | 366          |
|    ep_rew_mean          | 15.9         |
| time/                   |              |
|    fps                  | 1880         |
|    iterations           | 88           |
|    time_elapsed         | 6132         |
|    total_timesteps      | 11534336     |
| train/                  |              |
|    adaptive_lr          | 5e-05        |
|    approx_kl            | 0.0047149407 |
|    clip_fraction        | 0.247        |
|    clip_range           | 0.1          |
|    clip_range_vf        | 0.2          |
|    entropy_loss         | 15.6         |
|    explained_variance   | 0.849        |
|    learning_rate        | 5e-05        |
|    loss                 | 1.05         |
|    n_updates            | 3930         |
|    policy_gradient_loss | -0.000749    |
|    std                  | 0.13         |
|    value_loss           | 0.847        |
------------------------------------------
[HumanoidEnv] Reset state env_id=0 z=0.297 rpy=[0.000, -0.002, 0.000]
[HumanoidEnv] unhealthy terminate at step=281 z=0.184909 rpy=[0.610125, 0.0853387, 0.732073] v_body=[3.24996, 0.718452, -4.4025]
PARITY max_torque=23.700 23.700 45.430
PARITY contact_mu=0.450
PARITY body_height=0.320
PARITY Kp_body=100.000 100.000 100.000
PARITY Kd_body=30.000 30.000 30.000
PARITY Kp_ori=100.000 100.000 100.000
PARITY Kd_ori=10.000 10.000 10.000
PARITY Kp_foot=550.000 550.000 550.000
PARITY Kd_foot=10.000 10.000 10.000
PARITY Kp_joint=5.000 5.000 5.000
PARITY Kd_joint=3.000 3.000 3.000
PARITY floating_base_weight=50.000
PARITY control_mode=5.000
-----------------------------------------
| rollout/                |             |
|    ep_len_mean          | 362         |
|    ep_rew_mean          | 15.8        |
| time/                   |             |
|    fps                  | 1881        |
|    iterations           | 89          |
|    time_elapsed         | 6200        |
|    total_timesteps      | 11665408    |
| train/                  |             |
|    adaptive_lr          | 5e-05       |
|    approx_kl            | 0.004866672 |
|    clip_fraction        | 0.248       |
|    clip_range           | 0.1         |
|    clip_range_vf        | 0.2         |
|    entropy_loss         | 15.5        |
|    explained_variance   | 0.861       |
|    learning_rate        | 5e-05       |
|    loss                 | 1.16        |
|    n_updates            | 3940        |
|    policy_gradient_loss | -0.000721   |
|    std                  | 0.13        |
|    value_loss           | 0.812       |
-----------------------------------------
[HumanoidEnv] Reset state env_id=0 z=0.314 rpy=[-0.002, -0.001, 0.000]
[HumanoidEnv] unhealthy terminate at step=436 z=0.197122 rpy=[2.87209, 0.0218165, -2.72123] v_body=[-0.180529, -5.06384, 3.46773]
PARITY max_torque=23.700 23.700 45.430
PARITY contact_mu=0.450
PARITY body_height=0.320
PARITY Kp_body=100.000 100.000 100.000
PARITY Kd_body=30.000 30.000 30.000
PARITY Kp_ori=100.000 100.000 100.000
PARITY Kd_ori=10.000 10.000 10.000
PARITY Kp_foot=550.000 550.000 550.000
PARITY Kd_foot=10.000 10.000 10.000
PARITY Kp_joint=5.000 5.000 5.000
PARITY Kd_joint=3.000 3.000 3.000
PARITY floating_base_weight=50.000
PARITY control_mode=5.000
------------------------------------------
| rollout/                |              |
|    ep_len_mean          | 364          |
|    ep_rew_mean          | 16.1         |
| time/                   |              |
|    fps                  | 1881         |
|    iterations           | 90           |
|    time_elapsed         | 6268         |
|    total_timesteps      | 11796480     |
| train/                  |              |
|    adaptive_lr          | 5e-05        |
|    approx_kl            | 0.0048160427 |
|    clip_fraction        | 0.249        |
|    clip_range           | 0.1          |
|    clip_range_vf        | 0.2          |
|    entropy_loss         | 15.5         |
|    explained_variance   | 0.857        |
|    learning_rate        | 5e-05        |
|    loss                 | 0.859        |
|    n_updates            | 3950         |
|    policy_gradient_loss | -0.00106     |
|    std                  | 0.131        |
|    value_loss           | 0.81         |
------------------------------------------
[HumanoidEnv] Reset state env_id=0 z=0.270 rpy=[-0.002, 0.000, 0.001]
[HumanoidEnv] unhealthy terminate at step=370 z=0.196884 rpy=[-0.947895, 0.318502, 0.264667] v_body=[1.42739, 2.72835, -3.18393]
PARITY max_torque=23.700 23.700 45.430
PARITY contact_mu=0.450
PARITY body_height=0.320
PARITY Kp_body=100.000 100.000 100.000
PARITY Kd_body=30.000 30.000 30.000
PARITY Kp_ori=100.000 100.000 100.000
PARITY Kd_ori=10.000 10.000 10.000
PARITY Kp_foot=550.000 550.000 550.000
PARITY Kd_foot=10.000 10.000 10.000
PARITY Kp_joint=5.000 5.000 5.000
PARITY Kd_joint=3.000 3.000 3.000
PARITY floating_base_weight=50.000
PARITY control_mode=5.000
[HumanoidEnv] Reset state env_id=0 z=0.315 rpy=[0.001, -0.002, -0.000]
[HumanoidEnv] unhealthy terminate at step=309 z=0.763051 rpy=[-1.65784, -0.902736, 2.52078] v_body=[0.686251, -4.23597, -1.86119]
PARITY max_torque=23.700 23.700 45.430
PARITY contact_mu=0.450
PARITY body_height=0.320
PARITY Kp_body=100.000 100.000 100.000
PARITY Kd_body=30.000 30.000 30.000
PARITY Kp_ori=100.000 100.000 100.000
PARITY Kd_ori=10.000 10.000 10.000
PARITY Kp_foot=550.000 550.000 550.000
PARITY Kd_foot=10.000 10.000 10.000
PARITY Kp_joint=5.000 5.000 5.000
PARITY Kd_joint=3.000 3.000 3.000
PARITY floating_base_weight=50.000
PARITY control_mode=5.000
-----------------------------------------
| rollout/                |             |
|    ep_len_mean          | 362         |
|    ep_rew_mean          | 16          |
| time/                   |             |
|    fps                  | 1882        |
|    iterations           | 91          |
|    time_elapsed         | 6336        |
|    total_timesteps      | 11927552    |
| train/                  |             |
|    adaptive_lr          | 5e-05       |
|    approx_kl            | 0.004959804 |
|    clip_fraction        | 0.251       |
|    clip_range           | 0.1         |
|    clip_range_vf        | 0.2         |
|    entropy_loss         | 15.4        |
|    explained_variance   | 0.853       |
|    learning_rate        | 5e-05       |
|    loss                 | 0.937       |
|    n_updates            | 3960        |
|    policy_gradient_loss | -0.00106    |
|    std                  | 0.131       |
|    value_loss           | 0.809       |
-----------------------------------------
[HumanoidEnv] Reset state env_id=0 z=0.288 rpy=[-0.001, -0.001, 0.001]
[HumanoidEnv] unhealthy terminate at step=399 z=0.192237 rpy=[3.05279, 0.305779, -1.98235] v_body=[-4.45193, -2.37715, 0.393978]
PARITY max_torque=23.700 23.700 45.430
PARITY contact_mu=0.450
PARITY body_height=0.320
PARITY Kp_body=100.000 100.000 100.000
PARITY Kd_body=30.000 30.000 30.000
PARITY Kp_ori=100.000 100.000 100.000
PARITY Kd_ori=10.000 10.000 10.000
PARITY Kp_foot=550.000 550.000 550.000
PARITY Kd_foot=10.000 10.000 10.000
PARITY Kp_joint=5.000 5.000 5.000
PARITY Kd_joint=3.000 3.000 3.000
PARITY floating_base_weight=50.000
PARITY control_mode=5.000
INFO:root:VecNormalize statistics saved at: ./data/gamma4/quadruped_ppo_model_ckpt_12000768_vecnormalize.pkl
INFO:root:Model saved at: ./data/gamma4/quadruped_ppo_model_ckpt_12000768.zip
INFO:root:Checkpoint written at 12000768 timesteps
------------------------------------------
| rollout/                |              |
|    ep_len_mean          | 359          |
|    ep_rew_mean          | 15.8         |
| time/                   |              |
|    fps                  | 1882         |
|    iterations           | 92           |
|    time_elapsed         | 6404         |
|    total_timesteps      | 12058624     |
| train/                  |              |
|    adaptive_lr          | 5e-05        |
|    approx_kl            | 0.0049772942 |
|    clip_fraction        | 0.246        |
|    clip_range           | 0.1          |
|    clip_range_vf        | 0.2          |
|    entropy_loss         | 15.3         |
|    explained_variance   | 0.859        |
|    learning_rate        | 5e-05        |
|    loss                 | 0.889        |
|    n_updates            | 3970         |
|    policy_gradient_loss | -0.000758    |
|    std                  | 0.131        |
|    value_loss           | 0.783        |
------------------------------------------
[HumanoidEnv] Reset state env_id=0 z=0.287 rpy=[-0.001, -0.000, 0.001]
[HumanoidEnv] unhealthy terminate at step=356 z=0.773903 rpy=[0.335152, -0.214302, 0.935342] v_body=[1.31327, 7.94064, 5.50571]
PARITY max_torque=23.700 23.700 45.430
PARITY contact_mu=0.450
PARITY body_height=0.320
PARITY Kp_body=100.000 100.000 100.000
PARITY Kd_body=30.000 30.000 30.000
PARITY Kp_ori=100.000 100.000 100.000
PARITY Kd_ori=10.000 10.000 10.000
PARITY Kp_foot=550.000 550.000 550.000
PARITY Kd_foot=10.000 10.000 10.000
PARITY Kp_joint=5.000 5.000 5.000
PARITY Kd_joint=3.000 3.000 3.000
PARITY floating_base_weight=50.000
PARITY control_mode=5.000
[HumanoidEnv] Reset state env_id=0 z=0.298 rpy=[0.000, -0.002, 0.000]
[HumanoidEnv] unhealthy terminate at step=265 z=0.184249 rpy=[0.901386, -0.143434, -0.321223] v_body=[-2.56502, 0.178546, -4.03496]
PARITY max_torque=23.700 23.700 45.430
PARITY contact_mu=0.450
PARITY body_height=0.320
PARITY Kp_body=100.000 100.000 100.000
PARITY Kd_body=30.000 30.000 30.000
PARITY Kp_ori=100.000 100.000 100.000
PARITY Kd_ori=10.000 10.000 10.000
PARITY Kp_foot=550.000 550.000 550.000
PARITY Kd_foot=10.000 10.000 10.000
PARITY Kp_joint=5.000 5.000 5.000
PARITY Kd_joint=3.000 3.000 3.000
PARITY floating_base_weight=50.000
PARITY control_mode=5.000
------------------------------------------
| rollout/                |              |
|    ep_len_mean          | 353          |
|    ep_rew_mean          | 15.6         |
| time/                   |              |
|    fps                  | 1883         |
|    iterations           | 93           |
|    time_elapsed         | 6472         |
|    total_timesteps      | 12189696     |
| train/                  |              |
|    adaptive_lr          | 5e-05        |
|    approx_kl            | 0.0047705304 |
|    clip_fraction        | 0.248        |
|    clip_range           | 0.1          |
|    clip_range_vf        | 0.2          |
|    entropy_loss         | 15.2         |
|    explained_variance   | 0.859        |
|    learning_rate        | 5e-05        |
|    loss                 | 0.892        |
|    n_updates            | 3980         |
|    policy_gradient_loss | -0.000941    |
|    std                  | 0.132        |
|    value_loss           | 0.799        |
------------------------------------------
[HumanoidEnv] Reset state env_id=0 z=0.293 rpy=[-0.000, 0.000, 0.000]
[HumanoidEnv] unhealthy terminate at step=374 z=0.754099 rpy=[-0.0481059, -0.954551, 0.0981577] v_body=[-2.90317, -0.15863, -0.789817]
PARITY max_torque=23.700 23.700 45.430
PARITY contact_mu=0.450
PARITY body_height=0.320
PARITY Kp_body=100.000 100.000 100.000
PARITY Kd_body=30.000 30.000 30.000
PARITY Kp_ori=100.000 100.000 100.000
PARITY Kd_ori=10.000 10.000 10.000
PARITY Kp_foot=550.000 550.000 550.000
PARITY Kd_foot=10.000 10.000 10.000
PARITY Kp_joint=5.000 5.000 5.000
PARITY Kd_joint=3.000 3.000 3.000
PARITY floating_base_weight=50.000
PARITY control_mode=5.000
[HumanoidEnv] Reset state env_id=0 z=0.329 rpy=[-0.003, -0.004, 0.000]
[HumanoidEnv] unhealthy terminate at step=229 z=0.199784 rpy=[1.09903, -0.0426628, -0.631514] v_body=[-3.02828, 0.987347, -3.5083]
PARITY max_torque=23.700 23.700 45.430
PARITY contact_mu=0.450
PARITY body_height=0.320
PARITY Kp_body=100.000 100.000 100.000
PARITY Kd_body=30.000 30.000 30.000
PARITY Kp_ori=100.000 100.000 100.000
PARITY Kd_ori=10.000 10.000 10.000
PARITY Kp_foot=550.000 550.000 550.000
PARITY Kd_foot=10.000 10.000 10.000
PARITY Kp_joint=5.000 5.000 5.000
PARITY Kd_joint=3.000 3.000 3.000
PARITY floating_base_weight=50.000
PARITY control_mode=5.000
-----------------------------------------
| rollout/                |             |
|    ep_len_mean          | 356         |
|    ep_rew_mean          | 15.5        |
| time/                   |             |
|    fps                  | 1883        |
|    iterations           | 94          |
|    time_elapsed         | 6539        |
|    total_timesteps      | 12320768    |
| train/                  |             |
|    adaptive_lr          | 5e-05       |
|    approx_kl            | 0.004758167 |
|    clip_fraction        | 0.249       |
|    clip_range           | 0.1         |
|    clip_range_vf        | 0.2         |
|    entropy_loss         | 15.1        |
|    explained_variance   | 0.859       |
|    learning_rate        | 5e-05       |
|    loss                 | 0.928       |
|    n_updates            | 3990        |
|    policy_gradient_loss | -0.000878   |
|    std                  | 0.132       |
|    value_loss           | 0.803       |
-----------------------------------------
[HumanoidEnv] Reset state env_id=0 z=0.278 rpy=[-0.000, 0.001, 0.001]
[HumanoidEnv] unhealthy terminate at step=524 z=0.751321 rpy=[-1.98823, -1.31372, 2.85548] v_body=[-0.415158, -3.18288, -2.38087]
PARITY max_torque=23.700 23.700 45.430
PARITY contact_mu=0.450
PARITY body_height=0.320
PARITY Kp_body=100.000 100.000 100.000
PARITY Kd_body=30.000 30.000 30.000
PARITY Kp_ori=100.000 100.000 100.000
PARITY Kd_ori=10.000 10.000 10.000
PARITY Kp_foot=550.000 550.000 550.000
PARITY Kd_foot=10.000 10.000 10.000
PARITY Kp_joint=5.000 5.000 5.000
PARITY Kd_joint=3.000 3.000 3.000
PARITY floating_base_weight=50.000
PARITY control_mode=5.000
-----------------------------------------
| rollout/                |             |
|    ep_len_mean          | 368         |
|    ep_rew_mean          | 15.9        |
| time/                   |             |
|    fps                  | 1884        |
|    iterations           | 95          |
|    time_elapsed         | 6609        |
|    total_timesteps      | 12451840    |
| train/                  |             |
|    adaptive_lr          | 5e-05       |
|    approx_kl            | 0.004668982 |
|    clip_fraction        | 0.243       |
|    clip_range           | 0.1         |
|    clip_range_vf        | 0.2         |
|    entropy_loss         | 15          |
|    explained_variance   | 0.862       |
|    learning_rate        | 5e-05       |
|    loss                 | 0.903       |
|    n_updates            | 4000        |
|    policy_gradient_loss | -0.000787   |
|    std                  | 0.133       |
|    value_loss           | 0.809       |
-----------------------------------------
[HumanoidEnv] Reset state env_id=0 z=0.272 rpy=[-0.002, 0.001, 0.001]
[HumanoidEnv] unhealthy terminate at step=363 z=0.779426 rpy=[1.23005, -0.35026, -2.39857] v_body=[-0.458336, 3.43911, 1.52568]
PARITY max_torque=23.700 23.700 45.430
PARITY contact_mu=0.450
PARITY body_height=0.320
PARITY Kp_body=100.000 100.000 100.000
PARITY Kd_body=30.000 30.000 30.000
PARITY Kp_ori=100.000 100.000 100.000
PARITY Kd_ori=10.000 10.000 10.000
PARITY Kp_foot=550.000 550.000 550.000
PARITY Kd_foot=10.000 10.000 10.000
PARITY Kp_joint=5.000 5.000 5.000
PARITY Kd_joint=3.000 3.000 3.000
PARITY floating_base_weight=50.000
PARITY control_mode=5.000
------------------------------------------
| rollout/                |              |
|    ep_len_mean          | 359          |
|    ep_rew_mean          | 15.6         |
| time/                   |              |
|    fps                  | 1884         |
|    iterations           | 96           |
|    time_elapsed         | 6677         |
|    total_timesteps      | 12582912     |
| train/                  |              |
|    adaptive_lr          | 5e-05        |
|    approx_kl            | 0.0046887314 |
|    clip_fraction        | 0.246        |
|    clip_range           | 0.1          |
|    clip_range_vf        | 0.2          |
|    entropy_loss         | 14.9         |
|    explained_variance   | 0.867        |
|    learning_rate        | 5e-05        |
|    loss                 | 0.887        |
|    n_updates            | 4010         |
|    policy_gradient_loss | -0.00115     |
|    std                  | 0.133        |
|    value_loss           | 0.781        |
------------------------------------------
[HumanoidEnv] Reset state env_id=0 z=0.290 rpy=[0.002, -0.001, 0.000]
[HumanoidEnv] unhealthy terminate at step=582 z=0.191347 rpy=[-1.21788, 0.135092, 1.35857] v_body=[1.25771, 1.05262, -0.7392]
PARITY max_torque=23.700 23.700 45.430
PARITY contact_mu=0.450
PARITY body_height=0.320
PARITY Kp_body=100.000 100.000 100.000
PARITY Kd_body=30.000 30.000 30.000
PARITY Kp_ori=100.000 100.000 100.000
PARITY Kd_ori=10.000 10.000 10.000
PARITY Kp_foot=550.000 550.000 550.000
PARITY Kd_foot=10.000 10.000 10.000
PARITY Kp_joint=5.000 5.000 5.000
PARITY Kd_joint=3.000 3.000 3.000
PARITY floating_base_weight=50.000
PARITY control_mode=5.000
------------------------------------------
| rollout/                |              |
|    ep_len_mean          | 368          |
|    ep_rew_mean          | 15.8         |
| time/                   |              |
|    fps                  | 1884         |
|    iterations           | 97           |
|    time_elapsed         | 6745         |
|    total_timesteps      | 12713984     |
| train/                  |              |
|    adaptive_lr          | 5e-05        |
|    approx_kl            | 0.0048112385 |
|    clip_fraction        | 0.248        |
|    clip_range           | 0.1          |
|    clip_range_vf        | 0.2          |
|    entropy_loss         | 14.9         |
|    explained_variance   | 0.868        |
|    learning_rate        | 5e-05        |
|    loss                 | 0.908        |
|    n_updates            | 4020         |
|    policy_gradient_loss | -0.000915    |
|    std                  | 0.134        |
|    value_loss           | 0.776        |
------------------------------------------
[HumanoidEnv] Reset state env_id=0 z=0.320 rpy=[-0.000, -0.003, -0.000]
[HumanoidEnv] unhealthy terminate at step=309 z=0.197128 rpy=[-0.380661, -0.352068, -1.81506] v_body=[-0.188617, 3.10983, -0.982841]
PARITY max_torque=23.700 23.700 45.430
PARITY contact_mu=0.450
PARITY body_height=0.320
PARITY Kp_body=100.000 100.000 100.000
PARITY Kd_body=30.000 30.000 30.000
PARITY Kp_ori=100.000 100.000 100.000
PARITY Kd_ori=10.000 10.000 10.000
PARITY Kp_foot=550.000 550.000 550.000
PARITY Kd_foot=10.000 10.000 10.000
PARITY Kp_joint=5.000 5.000 5.000
PARITY Kd_joint=3.000 3.000 3.000
PARITY floating_base_weight=50.000
PARITY control_mode=5.000
------------------------------------------
| rollout/                |              |
|    ep_len_mean          | 350          |
|    ep_rew_mean          | 15.2         |
| time/                   |              |
|    fps                  | 1884         |
|    iterations           | 98           |
|    time_elapsed         | 6814         |
|    total_timesteps      | 12845056     |
| train/                  |              |
|    adaptive_lr          | 5e-05        |
|    approx_kl            | 0.0048657563 |
|    clip_fraction        | 0.248        |
|    clip_range           | 0.1          |
|    clip_range_vf        | 0.2          |
|    entropy_loss         | 14.8         |
|    explained_variance   | 0.875        |
|    learning_rate        | 5e-05        |
|    loss                 | 0.906        |
|    n_updates            | 4030         |
|    policy_gradient_loss | -0.000993    |
|    std                  | 0.134        |
|    value_loss           | 0.736        |
------------------------------------------
[HumanoidEnv] Reset state env_id=0 z=0.300 rpy=[0.002, -0.003, -0.000]
[HumanoidEnv] unhealthy terminate at step=333 z=0.756983 rpy=[2.72313, 0.943334, -2.77953] v_body=[-0.145054, 0.654211, -1.95132]
PARITY max_torque=23.700 23.700 45.430
PARITY contact_mu=0.450
PARITY body_height=0.320
PARITY Kp_body=100.000 100.000 100.000
PARITY Kd_body=30.000 30.000 30.000
PARITY Kp_ori=100.000 100.000 100.000
PARITY Kd_ori=10.000 10.000 10.000
PARITY Kp_foot=550.000 550.000 550.000
PARITY Kd_foot=10.000 10.000 10.000
PARITY Kp_joint=5.000 5.000 5.000
PARITY Kd_joint=3.000 3.000 3.000
PARITY floating_base_weight=50.000
PARITY control_mode=5.000
[HumanoidEnv] Reset state env_id=0 z=0.327 rpy=[0.001, -0.003, -0.000]
[HumanoidEnv] unhealthy terminate at step=407 z=0.185254 rpy=[-0.0188824, 0.308945, 0.141855] v_body=[2.79802, 1.67939, -2.61995]
PARITY max_torque=23.700 23.700 45.430
PARITY contact_mu=0.450
PARITY body_height=0.320
PARITY Kp_body=100.000 100.000 100.000
PARITY Kd_body=30.000 30.000 30.000
PARITY Kp_ori=100.000 100.000 100.000
PARITY Kd_ori=10.000 10.000 10.000
PARITY Kp_foot=550.000 550.000 550.000
PARITY Kd_foot=10.000 10.000 10.000
PARITY Kp_joint=5.000 5.000 5.000
PARITY Kd_joint=3.000 3.000 3.000
PARITY floating_base_weight=50.000
PARITY control_mode=5.000
-----------------------------------------
| rollout/                |             |
|    ep_len_mean          | 343         |
|    ep_rew_mean          | 14.9        |
| time/                   |             |
|    fps                  | 1885        |
|    iterations           | 99          |
|    time_elapsed         | 6882        |
|    total_timesteps      | 12976128    |
| train/                  |             |
|    adaptive_lr          | 5e-05       |
|    approx_kl            | 0.004930397 |
|    clip_fraction        | 0.247       |
|    clip_range           | 0.1         |
|    clip_range_vf        | 0.2         |
|    entropy_loss         | 14.7        |
|    explained_variance   | 0.865       |
|    learning_rate        | 5e-05       |
|    loss                 | 0.78        |
|    n_updates            | 4040        |
|    policy_gradient_loss | -0.00103    |
|    std                  | 0.135       |
|    value_loss           | 0.759       |
-----------------------------------------
[HumanoidEnv] Reset state env_id=0 z=0.294 rpy=[-0.001, 0.000, 0.000]
[HumanoidEnv] unhealthy terminate at step=493 z=0.17952 rpy=[2.41546, 0.160422, 0.231069] v_body=[0.432881, 1.66642, 1.05895]
PARITY max_torque=23.700 23.700 45.430
PARITY contact_mu=0.450
PARITY body_height=0.320
PARITY Kp_body=100.000 100.000 100.000
PARITY Kd_body=30.000 30.000 30.000
PARITY Kp_ori=100.000 100.000 100.000
PARITY Kd_ori=10.000 10.000 10.000
PARITY Kp_foot=550.000 550.000 550.000
PARITY Kd_foot=10.000 10.000 10.000
PARITY Kp_joint=5.000 5.000 5.000
PARITY Kd_joint=3.000 3.000 3.000
PARITY floating_base_weight=50.000
PARITY control_mode=5.000
------------------------------------------
| rollout/                |              |
|    ep_len_mean          | 367          |
|    ep_rew_mean          | 15.8         |
| time/                   |              |
|    fps                  | 1885         |
|    iterations           | 100          |
|    time_elapsed         | 6950         |
|    total_timesteps      | 13107200     |
| train/                  |              |
|    adaptive_lr          | 5e-05        |
|    approx_kl            | 0.0049333475 |
|    clip_fraction        | 0.249        |
|    clip_range           | 0.1          |
|    clip_range_vf        | 0.2          |
|    entropy_loss         | 14.6         |
|    explained_variance   | 0.869        |
|    learning_rate        | 5e-05        |
|    loss                 | 0.878        |
|    n_updates            | 4050         |
|    policy_gradient_loss | -0.00124     |
|    std                  | 0.135        |
|    value_loss           | 0.752        |
------------------------------------------
[HumanoidEnv] Reset state env_id=0 z=0.286 rpy=[-0.001, -0.002, 0.000]
[HumanoidEnv] unhealthy terminate at step=391 z=0.198927 rpy=[-2.53759, -0.358056, 0.360007] v_body=[2.88846, -2.79259, -0.570585]
PARITY max_torque=23.700 23.700 45.430
PARITY contact_mu=0.450
PARITY body_height=0.320
PARITY Kp_body=100.000 100.000 100.000
PARITY Kd_body=30.000 30.000 30.000
PARITY Kp_ori=100.000 100.000 100.000
PARITY Kd_ori=10.000 10.000 10.000
PARITY Kp_foot=550.000 550.000 550.000
PARITY Kd_foot=10.000 10.000 10.000
PARITY Kp_joint=5.000 5.000 5.000
PARITY Kd_joint=3.000 3.000 3.000
PARITY floating_base_weight=50.000
PARITY control_mode=5.000
----------------------------------------
| rollout/                |            |
|    ep_len_mean          | 371        |
|    ep_rew_mean          | 16.1       |
| time/                   |            |
|    fps                  | 1886       |
|    iterations           | 101        |
|    time_elapsed         | 7018       |
|    total_timesteps      | 13238272   |
| train/                  |            |
|    adaptive_lr          | 5e-05      |
|    approx_kl            | 0.00480905 |
|    clip_fraction        | 0.246      |
|    clip_range           | 0.1        |
|    clip_range_vf        | 0.2        |
|    entropy_loss         | 14.5       |
|    explained_variance   | 0.869      |
|    learning_rate        | 5e-05      |
|    loss                 | 0.955      |
|    n_updates            | 4060       |
|    policy_gradient_loss | -0.00103   |
|    std                  | 0.136      |
|    value_loss           | 0.722      |
----------------------------------------
[HumanoidEnv] Reset state env_id=0 z=0.326 rpy=[0.001, -0.003, 0.000]
[HumanoidEnv] unhealthy terminate at step=352 z=0.199905 rpy=[1.91257, -0.465424, 2.80544] v_body=[1.46744, -1.66222, 1.80718]
PARITY max_torque=23.700 23.700 45.430
PARITY contact_mu=0.450
PARITY body_height=0.320
PARITY Kp_body=100.000 100.000 100.000
PARITY Kd_body=30.000 30.000 30.000
PARITY Kp_ori=100.000 100.000 100.000
PARITY Kd_ori=10.000 10.000 10.000
PARITY Kp_foot=550.000 550.000 550.000
PARITY Kd_foot=10.000 10.000 10.000
PARITY Kp_joint=5.000 5.000 5.000
PARITY Kd_joint=3.000 3.000 3.000
PARITY floating_base_weight=50.000
PARITY control_mode=5.000
[HumanoidEnv] Reset state env_id=0 z=0.274 rpy=[-0.002, -0.001, 0.001]
[HumanoidEnv] unhealthy terminate at step=301 z=0.191601 rpy=[0.351847, -0.244873, -0.0978896] v_body=[-2.08908, 0.204796, -1.47695]
PARITY max_torque=23.700 23.700 45.430
PARITY contact_mu=0.450
PARITY body_height=0.320
PARITY Kp_body=100.000 100.000 100.000
PARITY Kd_body=30.000 30.000 30.000
PARITY Kp_ori=100.000 100.000 100.000
PARITY Kd_ori=10.000 10.000 10.000
PARITY Kp_foot=550.000 550.000 550.000
PARITY Kd_foot=10.000 10.000 10.000
PARITY Kp_joint=5.000 5.000 5.000
PARITY Kd_joint=3.000 3.000 3.000
PARITY floating_base_weight=50.000
PARITY control_mode=5.000
-----------------------------------------
| rollout/                |             |
|    ep_len_mean          | 372         |
|    ep_rew_mean          | 16          |
| time/                   |             |
|    fps                  | 1886        |
|    iterations           | 102         |
|    time_elapsed         | 7086        |
|    total_timesteps      | 13369344    |
| train/                  |             |
|    adaptive_lr          | 5e-05       |
|    approx_kl            | 0.004822727 |
|    clip_fraction        | 0.244       |
|    clip_range           | 0.1         |
|    clip_range_vf        | 0.2         |
|    entropy_loss         | 14.4        |
|    explained_variance   | 0.87        |
|    learning_rate        | 5e-05       |
|    loss                 | 0.891       |
|    n_updates            | 4070        |
|    policy_gradient_loss | -0.000795   |
|    std                  | 0.136       |
|    value_loss           | 0.741       |
-----------------------------------------
[HumanoidEnv] Reset state env_id=0 z=0.314 rpy=[0.001, -0.002, 0.000]
[HumanoidEnv] unhealthy terminate at step=347 z=0.17294 rpy=[-2.94994, 0.176594, 1.69978] v_body=[6.63961, 1.88725, 1.80923]
PARITY max_torque=23.700 23.700 45.430
PARITY contact_mu=0.450
PARITY body_height=0.320
PARITY Kp_body=100.000 100.000 100.000
PARITY Kd_body=30.000 30.000 30.000
PARITY Kp_ori=100.000 100.000 100.000
PARITY Kd_ori=10.000 10.000 10.000
PARITY Kp_foot=550.000 550.000 550.000
PARITY Kd_foot=10.000 10.000 10.000
PARITY Kp_joint=5.000 5.000 5.000
PARITY Kd_joint=3.000 3.000 3.000
PARITY floating_base_weight=50.000
PARITY control_mode=5.000
-----------------------------------------
| rollout/                |             |
|    ep_len_mean          | 373         |
|    ep_rew_mean          | 16.3        |
| time/                   |             |
|    fps                  | 1886        |
|    iterations           | 103         |
|    time_elapsed         | 7155        |
|    total_timesteps      | 13500416    |
| train/                  |             |
|    adaptive_lr          | 5e-05       |
|    approx_kl            | 0.004586447 |
|    clip_fraction        | 0.243       |
|    clip_range           | 0.1         |
|    clip_range_vf        | 0.2         |
|    entropy_loss         | 14.3        |
|    explained_variance   | 0.869       |
|    learning_rate        | 5e-05       |
|    loss                 | 0.819       |
|    n_updates            | 4080        |
|    policy_gradient_loss | -0.000852   |
|    std                  | 0.137       |
|    value_loss           | 0.71        |
-----------------------------------------
[HumanoidEnv] Reset state env_id=0 z=0.298 rpy=[-0.002, -0.002, 0.001]
[HumanoidEnv] unhealthy terminate at step=441 z=0.198668 rpy=[-2.14042, -0.219486, 0.527002] v_body=[1.93847, 1.19921, 2.30976]
PARITY max_torque=23.700 23.700 45.430
PARITY contact_mu=0.450
PARITY body_height=0.320
PARITY Kp_body=100.000 100.000 100.000
PARITY Kd_body=30.000 30.000 30.000
PARITY Kp_ori=100.000 100.000 100.000
PARITY Kd_ori=10.000 10.000 10.000
PARITY Kp_foot=550.000 550.000 550.000
PARITY Kd_foot=10.000 10.000 10.000
PARITY Kp_joint=5.000 5.000 5.000
PARITY Kd_joint=3.000 3.000 3.000
PARITY floating_base_weight=50.000
PARITY control_mode=5.000
-----------------------------------------
| rollout/                |             |
|    ep_len_mean          | 369         |
|    ep_rew_mean          | 16          |
| time/                   |             |
|    fps                  | 1887        |
|    iterations           | 104         |
|    time_elapsed         | 7222        |
|    total_timesteps      | 13631488    |
| train/                  |             |
|    adaptive_lr          | 5e-05       |
|    approx_kl            | 0.004715845 |
|    clip_fraction        | 0.242       |
|    clip_range           | 0.1         |
|    clip_range_vf        | 0.2         |
|    entropy_loss         | 14.3        |
|    explained_variance   | 0.868       |
|    learning_rate        | 5e-05       |
|    loss                 | 0.848       |
|    n_updates            | 4090        |
|    policy_gradient_loss | -0.00118    |
|    std                  | 0.137       |
|    value_loss           | 0.732       |
-----------------------------------------
[HumanoidEnv] Reset state env_id=0 z=0.287 rpy=[0.000, -0.001, 0.001]
[HumanoidEnv] unhealthy terminate at step=480 z=0.780969 rpy=[-0.0840021, 1.18393, 2.39133] v_body=[-1.78364, 0.270072, 4.87675]
PARITY max_torque=23.700 23.700 45.430
PARITY contact_mu=0.450
PARITY body_height=0.320
PARITY Kp_body=100.000 100.000 100.000
PARITY Kd_body=30.000 30.000 30.000
PARITY Kp_ori=100.000 100.000 100.000
PARITY Kd_ori=10.000 10.000 10.000
PARITY Kp_foot=550.000 550.000 550.000
PARITY Kd_foot=10.000 10.000 10.000
PARITY Kp_joint=5.000 5.000 5.000
PARITY Kd_joint=3.000 3.000 3.000
PARITY floating_base_weight=50.000
PARITY control_mode=5.000
[HumanoidEnv] Reset state env_id=0 z=0.273 rpy=[0.002, -0.001, 0.000]
[HumanoidEnv] unhealthy terminate at step=358 z=0.192687 rpy=[-0.831359, -0.0955617, 0.205679] v_body=[-0.998453, 0.414334, -3.97518]
PARITY max_torque=23.700 23.700 45.430
PARITY contact_mu=0.450
PARITY body_height=0.320
PARITY Kp_body=100.000 100.000 100.000
PARITY Kd_body=30.000 30.000 30.000
PARITY Kp_ori=100.000 100.000 100.000
PARITY Kd_ori=10.000 10.000 10.000
PARITY Kp_foot=550.000 550.000 550.000
PARITY Kd_foot=10.000 10.000 10.000
PARITY Kp_joint=5.000 5.000 5.000
PARITY Kd_joint=3.000 3.000 3.000
PARITY floating_base_weight=50.000
PARITY control_mode=5.000
-----------------------------------------
| rollout/                |             |
|    ep_len_mean          | 375         |
|    ep_rew_mean          | 16.2        |
| time/                   |             |
|    fps                  | 1887        |
|    iterations           | 105         |
|    time_elapsed         | 7290        |
|    total_timesteps      | 13762560    |
| train/                  |             |
|    adaptive_lr          | 5e-05       |
|    approx_kl            | 0.004763959 |
|    clip_fraction        | 0.246       |
|    clip_range           | 0.1         |
|    clip_range_vf        | 0.2         |
|    entropy_loss         | 14.2        |
|    explained_variance   | 0.875       |
|    learning_rate        | 5e-05       |
|    loss                 | 0.78        |
|    n_updates            | 4100        |
|    policy_gradient_loss | -0.00108    |
|    std                  | 0.137       |
|    value_loss           | 0.708       |
-----------------------------------------
[HumanoidEnv] Reset state env_id=0 z=0.273 rpy=[-0.002, 0.000, 0.001]
[HumanoidEnv] unhealthy terminate at step=437 z=0.755714 rpy=[-1.97315, -0.388082, 1.48732] v_body=[2.34085, 9.79135, -6.46451]
PARITY max_torque=23.700 23.700 45.430
PARITY contact_mu=0.450
PARITY body_height=0.320
PARITY Kp_body=100.000 100.000 100.000
PARITY Kd_body=30.000 30.000 30.000
PARITY Kp_ori=100.000 100.000 100.000
PARITY Kd_ori=10.000 10.000 10.000
PARITY Kp_foot=550.000 550.000 550.000
PARITY Kd_foot=10.000 10.000 10.000
PARITY Kp_joint=5.000 5.000 5.000
PARITY Kd_joint=3.000 3.000 3.000
PARITY floating_base_weight=50.000
PARITY control_mode=5.000
-----------------------------------------
| rollout/                |             |
|    ep_len_mean          | 369         |
|    ep_rew_mean          | 15.7        |
| time/                   |             |
|    fps                  | 1887        |
|    iterations           | 106         |
|    time_elapsed         | 7359        |
|    total_timesteps      | 13893632    |
| train/                  |             |
|    adaptive_lr          | 5e-05       |
|    approx_kl            | 0.004726221 |
|    clip_fraction        | 0.241       |
|    clip_range           | 0.1         |
|    clip_range_vf        | 0.2         |
|    entropy_loss         | 14.1        |
|    explained_variance   | 0.867       |
|    learning_rate        | 5e-05       |
|    loss                 | 0.811       |
|    n_updates            | 4110        |
|    policy_gradient_loss | -0.000977   |
|    std                  | 0.138       |
|    value_loss           | 0.75        |
-----------------------------------------
[HumanoidEnv] Reset state env_id=0 z=0.273 rpy=[0.001, 0.000, 0.001]
[HumanoidEnv] unhealthy terminate at step=373 z=0.756155 rpy=[-1.35349, 0.369185, 2.71264] v_body=[-0.478785, -3.0146, -4.17302]
PARITY max_torque=23.700 23.700 45.430
PARITY contact_mu=0.450
PARITY body_height=0.320
PARITY Kp_body=100.000 100.000 100.000
PARITY Kd_body=30.000 30.000 30.000
PARITY Kp_ori=100.000 100.000 100.000
PARITY Kd_ori=10.000 10.000 10.000
PARITY Kp_foot=550.000 550.000 550.000
PARITY Kd_foot=10.000 10.000 10.000
PARITY Kp_joint=5.000 5.000 5.000
PARITY Kd_joint=3.000 3.000 3.000
PARITY floating_base_weight=50.000
PARITY control_mode=5.000
INFO:root:VecNormalize statistics saved at: ./data/gamma4/quadruped_ppo_model_ckpt_14000896_vecnormalize.pkl
INFO:root:Model saved at: ./data/gamma4/quadruped_ppo_model_ckpt_14000896.zip
INFO:root:Checkpoint written at 14000896 timesteps
------------------------------------------
| rollout/                |              |
|    ep_len_mean          | 371          |
|    ep_rew_mean          | 16           |
| time/                   |              |
|    fps                  | 1888         |
|    iterations           | 107          |
|    time_elapsed         | 7427         |
|    total_timesteps      | 14024704     |
| train/                  |              |
|    adaptive_lr          | 5e-05        |
|    approx_kl            | 0.0048730453 |
|    clip_fraction        | 0.245        |
|    clip_range           | 0.1          |
|    clip_range_vf        | 0.2          |
|    entropy_loss         | 14           |
|    explained_variance   | 0.874        |
|    learning_rate        | 5e-05        |
|    loss                 | 0.878        |
|    n_updates            | 4120         |
|    policy_gradient_loss | -0.00116     |
|    std                  | 0.138        |
|    value_loss           | 0.724        |
------------------------------------------
[HumanoidEnv] Reset state env_id=0 z=0.322 rpy=[-0.001, -0.003, -0.000]
[HumanoidEnv] unhealthy terminate at step=273 z=0.197166 rpy=[1.06142, -0.419514, 1.38046] v_body=[2.28027, 6.11292, -0.430048]
PARITY max_torque=23.700 23.700 45.430
PARITY contact_mu=0.450
PARITY body_height=0.320
PARITY Kp_body=100.000 100.000 100.000
PARITY Kd_body=30.000 30.000 30.000
PARITY Kp_ori=100.000 100.000 100.000
PARITY Kd_ori=10.000 10.000 10.000
PARITY Kp_foot=550.000 550.000 550.000
PARITY Kd_foot=10.000 10.000 10.000
PARITY Kp_joint=5.000 5.000 5.000
PARITY Kd_joint=3.000 3.000 3.000
PARITY floating_base_weight=50.000
PARITY control_mode=5.000
[HumanoidEnv] Reset state env_id=0 z=0.288 rpy=[0.002, -0.001, 0.000]
[HumanoidEnv] unhealthy terminate at step=347 z=0.197612 rpy=[0.613328, -0.0279394, 0.14098] v_body=[0.791658, 0.683038, -1.26883]
PARITY max_torque=23.700 23.700 45.430
PARITY contact_mu=0.450
PARITY body_height=0.320
PARITY Kp_body=100.000 100.000 100.000
PARITY Kd_body=30.000 30.000 30.000
PARITY Kp_ori=100.000 100.000 100.000
PARITY Kd_ori=10.000 10.000 10.000
PARITY Kp_foot=550.000 550.000 550.000
PARITY Kd_foot=10.000 10.000 10.000
PARITY Kp_joint=5.000 5.000 5.000
PARITY Kd_joint=3.000 3.000 3.000
PARITY floating_base_weight=50.000
PARITY control_mode=5.000
-----------------------------------------
| rollout/                |             |
|    ep_len_mean          | 364         |
|    ep_rew_mean          | 15.5        |
| time/                   |             |
|    fps                  | 1888        |
|    iterations           | 108         |
|    time_elapsed         | 7496        |
|    total_timesteps      | 14155776    |
| train/                  |             |
|    adaptive_lr          | 5e-05       |
|    approx_kl            | 0.004857668 |
|    clip_fraction        | 0.248       |
|    clip_range           | 0.1         |
|    clip_range_vf        | 0.2         |
|    entropy_loss         | 13.9        |
|    explained_variance   | 0.871       |
|    learning_rate        | 5e-05       |
|    loss                 | 0.808       |
|    n_updates            | 4130        |
|    policy_gradient_loss | -0.00106    |
|    std                  | 0.139       |
|    value_loss           | 0.721       |
-----------------------------------------
[HumanoidEnv] Reset state env_id=0 z=0.306 rpy=[-0.002, -0.002, 0.000]
[HumanoidEnv] unhealthy terminate at step=370 z=0.759911 rpy=[-1.73869, 1.17488, -0.778472] v_body=[2.96736, -1.2086, -7.58297]
PARITY max_torque=23.700 23.700 45.430
PARITY contact_mu=0.450
PARITY body_height=0.320
PARITY Kp_body=100.000 100.000 100.000
PARITY Kd_body=30.000 30.000 30.000
PARITY Kp_ori=100.000 100.000 100.000
PARITY Kd_ori=10.000 10.000 10.000
PARITY Kp_foot=550.000 550.000 550.000
PARITY Kd_foot=10.000 10.000 10.000
PARITY Kp_joint=5.000 5.000 5.000
PARITY Kd_joint=3.000 3.000 3.000
PARITY floating_base_weight=50.000
PARITY control_mode=5.000
-----------------------------------------
| rollout/                |             |
|    ep_len_mean          | 367         |
|    ep_rew_mean          | 15.6        |
| time/                   |             |
|    fps                  | 1888        |
|    iterations           | 109         |
|    time_elapsed         | 7564        |
|    total_timesteps      | 14286848    |
| train/                  |             |
|    adaptive_lr          | 5e-05       |
|    approx_kl            | 0.004748623 |
|    clip_fraction        | 0.246       |
|    clip_range           | 0.1         |
|    clip_range_vf        | 0.2         |
|    entropy_loss         | 13.8        |
|    explained_variance   | 0.872       |
|    learning_rate        | 5e-05       |
|    loss                 | 0.851       |
|    n_updates            | 4140        |
|    policy_gradient_loss | -0.000954   |
|    std                  | 0.139       |
|    value_loss           | 0.747       |
-----------------------------------------
[HumanoidEnv] Reset state env_id=0 z=0.289 rpy=[-0.000, -0.001, 0.000]
[HumanoidEnv] unhealthy terminate at step=314 z=0.771128 rpy=[0.229452, -1.03591, -0.365072] v_body=[-6.54133, 0.764276, -3.07862]
PARITY max_torque=23.700 23.700 45.430
PARITY contact_mu=0.450
PARITY body_height=0.320
PARITY Kp_body=100.000 100.000 100.000
PARITY Kd_body=30.000 30.000 30.000
PARITY Kp_ori=100.000 100.000 100.000
PARITY Kd_ori=10.000 10.000 10.000
PARITY Kp_foot=550.000 550.000 550.000
PARITY Kd_foot=10.000 10.000 10.000
PARITY Kp_joint=5.000 5.000 5.000
PARITY Kd_joint=3.000 3.000 3.000
PARITY floating_base_weight=50.000
PARITY control_mode=5.000
[HumanoidEnv] Reset state env_id=0 z=0.320 rpy=[0.001, -0.001, 0.000]
[HumanoidEnv] unhealthy terminate at step=446 z=0.195881 rpy=[0.47347, 0.311407, 1.77233] v_body=[1.15315, -1.89481, -0.459657]
PARITY max_torque=23.700 23.700 45.430
PARITY contact_mu=0.450
PARITY body_height=0.320
PARITY Kp_body=100.000 100.000 100.000
PARITY Kd_body=30.000 30.000 30.000
PARITY Kp_ori=100.000 100.000 100.000
PARITY Kd_ori=10.000 10.000 10.000
PARITY Kp_foot=550.000 550.000 550.000
PARITY Kd_foot=10.000 10.000 10.000
PARITY Kp_joint=5.000 5.000 5.000
PARITY Kd_joint=3.000 3.000 3.000
PARITY floating_base_weight=50.000
PARITY control_mode=5.000
------------------------------------------
| rollout/                |              |
|    ep_len_mean          | 350          |
|    ep_rew_mean          | 15.1         |
| time/                   |              |
|    fps                  | 1889         |
|    iterations           | 110          |
|    time_elapsed         | 7632         |
|    total_timesteps      | 14417920     |
| train/                  |              |
|    adaptive_lr          | 5e-05        |
|    approx_kl            | 0.0047075753 |
|    clip_fraction        | 0.244        |
|    clip_range           | 0.1          |
|    clip_range_vf        | 0.2          |
|    entropy_loss         | 13.7         |
|    explained_variance   | 0.87         |
|    learning_rate        | 5e-05        |
|    loss                 | 0.959        |
|    n_updates            | 4150         |
|    policy_gradient_loss | -0.000971    |
|    std                  | 0.14         |
|    value_loss           | 0.737        |
------------------------------------------
[HumanoidEnv] Reset state env_id=0 z=0.301 rpy=[-0.001, -0.003, 0.000]
[HumanoidEnv] unhealthy terminate at step=298 z=0.756734 rpy=[-1.77001, -0.287269, 0.668976] v_body=[1.82861, 1.32243, -4.58053]
PARITY max_torque=23.700 23.700 45.430
PARITY contact_mu=0.450
PARITY body_height=0.320
PARITY Kp_body=100.000 100.000 100.000
PARITY Kd_body=30.000 30.000 30.000
PARITY Kp_ori=100.000 100.000 100.000
PARITY Kd_ori=10.000 10.000 10.000
PARITY Kp_foot=550.000 550.000 550.000
PARITY Kd_foot=10.000 10.000 10.000
PARITY Kp_joint=5.000 5.000 5.000
PARITY Kd_joint=3.000 3.000 3.000
PARITY floating_base_weight=50.000
PARITY control_mode=5.000
-----------------------------------------
| rollout/                |             |
|    ep_len_mean          | 368         |
|    ep_rew_mean          | 15.9        |
| time/                   |             |
|    fps                  | 1889        |
|    iterations           | 111         |
|    time_elapsed         | 7700        |
|    total_timesteps      | 14548992    |
| train/                  |             |
|    adaptive_lr          | 5e-05       |
|    approx_kl            | 0.004798264 |
|    clip_fraction        | 0.247       |
|    clip_range           | 0.1         |
|    clip_range_vf        | 0.2         |
|    entropy_loss         | 13.6        |
|    explained_variance   | 0.876       |
|    learning_rate        | 5e-05       |
|    loss                 | 0.91        |
|    n_updates            | 4160        |
|    policy_gradient_loss | -0.000861   |
|    std                  | 0.14        |
|    value_loss           | 0.723       |
-----------------------------------------
[HumanoidEnv] Reset state env_id=0 z=0.302 rpy=[0.002, -0.003, 0.000]
[HumanoidEnv] unhealthy terminate at step=304 z=0.764323 rpy=[-0.777198, -0.0305325, -1.06858] v_body=[6.16389, -4.00814, 0.964225]
PARITY max_torque=23.700 23.700 45.430
PARITY contact_mu=0.450
PARITY body_height=0.320
PARITY Kp_body=100.000 100.000 100.000
PARITY Kd_body=30.000 30.000 30.000
PARITY Kp_ori=100.000 100.000 100.000
PARITY Kd_ori=10.000 10.000 10.000
PARITY Kp_foot=550.000 550.000 550.000
PARITY Kd_foot=10.000 10.000 10.000
PARITY Kp_joint=5.000 5.000 5.000
PARITY Kd_joint=3.000 3.000 3.000
PARITY floating_base_weight=50.000
PARITY control_mode=5.000
[HumanoidEnv] Reset state env_id=0 z=0.273 rpy=[0.002, 0.000, 0.001]
[HumanoidEnv] unhealthy terminate at step=328 z=0.762685 rpy=[-1.37184, 0.292328, 0.478831] v_body=[2.2545, 3.69674, -5.99051]
PARITY max_torque=23.700 23.700 45.430
PARITY contact_mu=0.450
PARITY body_height=0.320
PARITY Kp_body=100.000 100.000 100.000
PARITY Kd_body=30.000 30.000 30.000
PARITY Kp_ori=100.000 100.000 100.000
PARITY Kd_ori=10.000 10.000 10.000
PARITY Kp_foot=550.000 550.000 550.000
PARITY Kd_foot=10.000 10.000 10.000
PARITY Kp_joint=5.000 5.000 5.000
PARITY Kd_joint=3.000 3.000 3.000
PARITY floating_base_weight=50.000
PARITY control_mode=5.000
-----------------------------------------
| rollout/                |             |
|    ep_len_mean          | 359         |
|    ep_rew_mean          | 15.6        |
| time/                   |             |
|    fps                  | 1889        |
|    iterations           | 112         |
|    time_elapsed         | 7768        |
|    total_timesteps      | 14680064    |
| train/                  |             |
|    adaptive_lr          | 5e-05       |
|    approx_kl            | 0.004797104 |
|    clip_fraction        | 0.244       |
|    clip_range           | 0.1         |
|    clip_range_vf        | 0.2         |
|    entropy_loss         | 13.6        |
|    explained_variance   | 0.876       |
|    learning_rate        | 5e-05       |
|    loss                 | 0.884       |
|    n_updates            | 4170        |
|    policy_gradient_loss | -0.00105    |
|    std                  | 0.141       |
|    value_loss           | 0.715       |
-----------------------------------------
[HumanoidEnv] Reset state env_id=0 z=0.300 rpy=[0.000, -0.000, 0.001]
[HumanoidEnv] unhealthy terminate at step=396 z=0.754004 rpy=[-1.16918, -0.463908, 0.54239] v_body=[0.0371598, 3.16162, -3.93641]
PARITY max_torque=23.700 23.700 45.430
PARITY contact_mu=0.450
PARITY body_height=0.320
PARITY Kp_body=100.000 100.000 100.000
PARITY Kd_body=30.000 30.000 30.000
PARITY Kp_ori=100.000 100.000 100.000
PARITY Kd_ori=10.000 10.000 10.000
PARITY Kp_foot=550.000 550.000 550.000
PARITY Kd_foot=10.000 10.000 10.000
PARITY Kp_joint=5.000 5.000 5.000
PARITY Kd_joint=3.000 3.000 3.000
PARITY floating_base_weight=50.000
PARITY control_mode=5.000
-----------------------------------------
| rollout/                |             |
|    ep_len_mean          | 359         |
|    ep_rew_mean          | 15.6        |
| time/                   |             |
|    fps                  | 1889        |
|    iterations           | 113         |
|    time_elapsed         | 7838        |
|    total_timesteps      | 14811136    |
| train/                  |             |
|    adaptive_lr          | 5e-05       |
|    approx_kl            | 0.004897357 |
|    clip_fraction        | 0.249       |
|    clip_range           | 0.1         |
|    clip_range_vf        | 0.2         |
|    entropy_loss         | 13.5        |
|    explained_variance   | 0.866       |
|    learning_rate        | 5e-05       |
|    loss                 | 0.817       |
|    n_updates            | 4180        |
|    policy_gradient_loss | -0.00122    |
|    std                  | 0.141       |
|    value_loss           | 0.739       |
-----------------------------------------
[HumanoidEnv] Reset state env_id=0 z=0.295 rpy=[-0.001, -0.001, 0.000]
[HumanoidEnv] unhealthy terminate at step=247 z=0.771476 rpy=[1.44028, -0.481873, -0.518433] v_body=[0.420545, -4.49554, -4.86062]
PARITY max_torque=23.700 23.700 45.430
PARITY contact_mu=0.450
PARITY body_height=0.320
PARITY Kp_body=100.000 100.000 100.000
PARITY Kd_body=30.000 30.000 30.000
PARITY Kp_ori=100.000 100.000 100.000
PARITY Kd_ori=10.000 10.000 10.000
PARITY Kp_foot=550.000 550.000 550.000
PARITY Kd_foot=10.000 10.000 10.000
PARITY Kp_joint=5.000 5.000 5.000
PARITY Kd_joint=3.000 3.000 3.000
PARITY floating_base_weight=50.000
PARITY control_mode=5.000
[HumanoidEnv] Reset state env_id=0 z=0.273 rpy=[0.001, -0.000, 0.000]
[HumanoidEnv] unhealthy terminate at step=393 z=0.766579 rpy=[-1.38927, -0.516056, 0.937511] v_body=[-1.49664, 3.02814, -5.58767]
PARITY max_torque=23.700 23.700 45.430
PARITY contact_mu=0.450
PARITY body_height=0.320
PARITY Kp_body=100.000 100.000 100.000
PARITY Kd_body=30.000 30.000 30.000
PARITY Kp_ori=100.000 100.000 100.000
PARITY Kd_ori=10.000 10.000 10.000
PARITY Kp_foot=550.000 550.000 550.000
PARITY Kd_foot=10.000 10.000 10.000
PARITY Kp_joint=5.000 5.000 5.000
PARITY Kd_joint=3.000 3.000 3.000
PARITY floating_base_weight=50.000
PARITY control_mode=5.000
-----------------------------------------
| rollout/                |             |
|    ep_len_mean          | 347         |
|    ep_rew_mean          | 15.4        |
| time/                   |             |
|    fps                  | 1889        |
|    iterations           | 114         |
|    time_elapsed         | 7906        |
|    total_timesteps      | 14942208    |
| train/                  |             |
|    adaptive_lr          | 5e-05       |
|    approx_kl            | 0.004672175 |
|    clip_fraction        | 0.242       |
|    clip_range           | 0.1         |
|    clip_range_vf        | 0.2         |
|    entropy_loss         | 13.4        |
|    explained_variance   | 0.867       |
|    learning_rate        | 5e-05       |
|    loss                 | 1           |
|    n_updates            | 4190        |
|    policy_gradient_loss | -0.00101    |
|    std                  | 0.142       |
|    value_loss           | 0.726       |
-----------------------------------------
[HumanoidEnv] Reset state env_id=0 z=0.322 rpy=[-0.000, -0.004, -0.000]
[HumanoidEnv] unhealthy terminate at step=284 z=0.194215 rpy=[1.08496, 0.208207, -1.41535] v_body=[3.30429, -4.45375, 2.11823]
PARITY max_torque=23.700 23.700 45.430
PARITY contact_mu=0.450
PARITY body_height=0.320
PARITY Kp_body=100.000 100.000 100.000
PARITY Kd_body=30.000 30.000 30.000
PARITY Kp_ori=100.000 100.000 100.000
PARITY Kd_ori=10.000 10.000 10.000
PARITY Kp_foot=550.000 550.000 550.000
PARITY Kd_foot=10.000 10.000 10.000
PARITY Kp_joint=5.000 5.000 5.000
PARITY Kd_joint=3.000 3.000 3.000
PARITY floating_base_weight=50.000
PARITY control_mode=5.000
-----------------------------------------
| rollout/                |             |
|    ep_len_mean          | 341         |
|    ep_rew_mean          | 14.9        |
| time/                   |             |
|    fps                  | 1889        |
|    iterations           | 115         |
|    time_elapsed         | 7975        |
|    total_timesteps      | 15073280    |
| train/                  |             |
|    adaptive_lr          | 5e-05       |
|    approx_kl            | 0.004690386 |
|    clip_fraction        | 0.244       |
|    clip_range           | 0.1         |
|    clip_range_vf        | 0.2         |
|    entropy_loss         | 13.3        |
|    explained_variance   | 0.85        |
|    learning_rate        | 5e-05       |
|    loss                 | 0.91        |
|    n_updates            | 4200        |
|    policy_gradient_loss | -0.00101    |
|    std                  | 0.142       |
|    value_loss           | 0.796       |
-----------------------------------------
[HumanoidEnv] Reset state env_id=0 z=0.294 rpy=[-0.002, -0.000, 0.001]
[HumanoidEnv] unhealthy terminate at step=445 z=0.190025 rpy=[1.41866, 0.307709, -2.56728] v_body=[-3.83318, -6.59583, 1.81196]
PARITY max_torque=23.700 23.700 45.430
PARITY contact_mu=0.450
PARITY body_height=0.320
PARITY Kp_body=100.000 100.000 100.000
PARITY Kd_body=30.000 30.000 30.000
PARITY Kp_ori=100.000 100.000 100.000
PARITY Kd_ori=10.000 10.000 10.000
PARITY Kp_foot=550.000 550.000 550.000
PARITY Kd_foot=10.000 10.000 10.000
PARITY Kp_joint=5.000 5.000 5.000
PARITY Kd_joint=3.000 3.000 3.000
PARITY floating_base_weight=50.000
PARITY control_mode=5.000
------------------------------------------
| rollout/                |              |
|    ep_len_mean          | 346          |
|    ep_rew_mean          | 14.8         |
| time/                   |              |
|    fps                  | 1890         |
|    iterations           | 116          |
|    time_elapsed         | 8043         |
|    total_timesteps      | 15204352     |
| train/                  |              |
|    adaptive_lr          | 5e-05        |
|    approx_kl            | 0.0046746293 |
|    clip_fraction        | 0.24         |
|    clip_range           | 0.1          |
|    clip_range_vf        | 0.2          |
|    entropy_loss         | 13.2         |
|    explained_variance   | 0.861        |
|    learning_rate        | 5e-05        |
|    loss                 | 0.746        |
|    n_updates            | 4210         |
|    policy_gradient_loss | -0.000842    |
|    std                  | 0.143        |
|    value_loss           | 0.748        |
------------------------------------------
[HumanoidEnv] Reset state env_id=0 z=0.276 rpy=[0.001, -0.001, 0.001]
[HumanoidEnv] unhealthy terminate at step=388 z=0.195505 rpy=[-2.89281, -0.626173, 0.359756] v_body=[0.423557, 6.82462, 4.8549]
PARITY max_torque=23.700 23.700 45.430
PARITY contact_mu=0.450
PARITY body_height=0.320
PARITY Kp_body=100.000 100.000 100.000
PARITY Kd_body=30.000 30.000 30.000
PARITY Kp_ori=100.000 100.000 100.000
PARITY Kd_ori=10.000 10.000 10.000
PARITY Kp_foot=550.000 550.000 550.000
PARITY Kd_foot=10.000 10.000 10.000
PARITY Kp_joint=5.000 5.000 5.000
PARITY Kd_joint=3.000 3.000 3.000
PARITY floating_base_weight=50.000
PARITY control_mode=5.000
[HumanoidEnv] Reset state env_id=0 z=0.286 rpy=[0.002, -0.002, 0.000]
[HumanoidEnv] unhealthy terminate at step=487 z=0.75234 rpy=[1.52002, 0.0734759, -2.28193] v_body=[-1.19563, 3.53198, -7.54416]
PARITY max_torque=23.700 23.700 45.430
PARITY contact_mu=0.450
PARITY body_height=0.320
PARITY Kp_body=100.000 100.000 100.000
PARITY Kd_body=30.000 30.000 30.000
PARITY Kp_ori=100.000 100.000 100.000
PARITY Kd_ori=10.000 10.000 10.000
PARITY Kp_foot=550.000 550.000 550.000
PARITY Kd_foot=10.000 10.000 10.000
PARITY Kp_joint=5.000 5.000 5.000
PARITY Kd_joint=3.000 3.000 3.000
PARITY floating_base_weight=50.000
PARITY control_mode=5.000
------------------------------------------
| rollout/                |              |
|    ep_len_mean          | 354          |
|    ep_rew_mean          | 15.3         |
| time/                   |              |
|    fps                  | 1890         |
|    iterations           | 117          |
|    time_elapsed         | 8111         |
|    total_timesteps      | 15335424     |
| train/                  |              |
|    adaptive_lr          | 5e-05        |
|    approx_kl            | 0.0047138464 |
|    clip_fraction        | 0.242        |
|    clip_range           | 0.1          |
|    clip_range_vf        | 0.2          |
|    entropy_loss         | 13.1         |
|    explained_variance   | 0.858        |
|    learning_rate        | 5e-05        |
|    loss                 | 0.972        |
|    n_updates            | 4220         |
|    policy_gradient_loss | -0.00106     |
|    std                  | 0.143        |
|    value_loss           | 0.764        |
------------------------------------------
[HumanoidEnv] Reset state env_id=0 z=0.285 rpy=[0.002, -0.002, 0.000]
[HumanoidEnv] unhealthy terminate at step=294 z=0.751215 rpy=[-1.30156, -1.24153, 2.40464] v_body=[-6.04385, 1.0649, -2.52692]
PARITY max_torque=23.700 23.700 45.430
PARITY contact_mu=0.450
PARITY body_height=0.320
PARITY Kp_body=100.000 100.000 100.000
PARITY Kd_body=30.000 30.000 30.000
PARITY Kp_ori=100.000 100.000 100.000
PARITY Kd_ori=10.000 10.000 10.000
PARITY Kp_foot=550.000 550.000 550.000
PARITY Kd_foot=10.000 10.000 10.000
PARITY Kp_joint=5.000 5.000 5.000
PARITY Kd_joint=3.000 3.000 3.000
PARITY floating_base_weight=50.000
PARITY control_mode=5.000
-----------------------------------------
| rollout/                |             |
|    ep_len_mean          | 338         |
|    ep_rew_mean          | 14.4        |
| time/                   |             |
|    fps                  | 1890        |
|    iterations           | 118         |
|    time_elapsed         | 8180        |
|    total_timesteps      | 15466496    |
| train/                  |             |
|    adaptive_lr          | 5e-05       |
|    approx_kl            | 0.004752864 |
|    clip_fraction        | 0.246       |
|    clip_range           | 0.1         |
|    clip_range_vf        | 0.2         |
|    entropy_loss         | 13          |
|    explained_variance   | 0.859       |
|    learning_rate        | 5e-05       |
|    loss                 | 0.887       |
|    n_updates            | 4230        |
|    policy_gradient_loss | -0.00109    |
|    std                  | 0.144       |
|    value_loss           | 0.744       |
-----------------------------------------
[HumanoidEnv] Reset state env_id=0 z=0.270 rpy=[-0.001, 0.001, 0.001]
[HumanoidEnv] unhealthy terminate at step=311 z=0.176185 rpy=[-0.917434, -0.387972, 1.62182] v_body=[2.12301, 2.04352, -0.185806]
PARITY max_torque=23.700 23.700 45.430
PARITY contact_mu=0.450
PARITY body_height=0.320
PARITY Kp_body=100.000 100.000 100.000
PARITY Kd_body=30.000 30.000 30.000
PARITY Kp_ori=100.000 100.000 100.000
PARITY Kd_ori=10.000 10.000 10.000
PARITY Kp_foot=550.000 550.000 550.000
PARITY Kd_foot=10.000 10.000 10.000
PARITY Kp_joint=5.000 5.000 5.000
PARITY Kd_joint=3.000 3.000 3.000
PARITY floating_base_weight=50.000
PARITY control_mode=5.000
-----------------------------------------
| rollout/                |             |
|    ep_len_mean          | 337         |
|    ep_rew_mean          | 14.4        |
| time/                   |             |
|    fps                  | 1890        |
|    iterations           | 119         |
|    time_elapsed         | 8248        |
|    total_timesteps      | 15597568    |
| train/                  |             |
|    adaptive_lr          | 5e-05       |
|    approx_kl            | 0.004815516 |
|    clip_fraction        | 0.246       |
|    clip_range           | 0.1         |
|    clip_range_vf        | 0.2         |
|    entropy_loss         | 13          |
|    explained_variance   | 0.874       |
|    learning_rate        | 5e-05       |
|    loss                 | 0.797       |
|    n_updates            | 4240        |
|    policy_gradient_loss | -0.00136    |
|    std                  | 0.144       |
|    value_loss           | 0.723       |
-----------------------------------------
[HumanoidEnv] Reset state env_id=0 z=0.290 rpy=[0.000, -0.001, 0.000]
[HumanoidEnv] unhealthy terminate at step=488 z=0.75689 rpy=[0.22546, 1.21079, -0.746535] v_body=[6.07952, -0.576101, -3.47458]
PARITY max_torque=23.700 23.700 45.430
PARITY contact_mu=0.450
PARITY body_height=0.320
PARITY Kp_body=100.000 100.000 100.000
PARITY Kd_body=30.000 30.000 30.000
PARITY Kp_ori=100.000 100.000 100.000
PARITY Kd_ori=10.000 10.000 10.000
PARITY Kp_foot=550.000 550.000 550.000
PARITY Kd_foot=10.000 10.000 10.000
PARITY Kp_joint=5.000 5.000 5.000
PARITY Kd_joint=3.000 3.000 3.000
PARITY floating_base_weight=50.000
PARITY control_mode=5.000
[HumanoidEnv] Reset state env_id=0 z=0.276 rpy=[-0.002, 0.000, 0.001]
[HumanoidEnv] unhealthy terminate at step=369 z=0.750154 rpy=[-0.0907247, -0.385431, 0.988867] v_body=[3.0893, -8.946, 2.59634]
PARITY max_torque=23.700 23.700 45.430
PARITY contact_mu=0.450
PARITY body_height=0.320
PARITY Kp_body=100.000 100.000 100.000
PARITY Kd_body=30.000 30.000 30.000
PARITY Kp_ori=100.000 100.000 100.000
PARITY Kd_ori=10.000 10.000 10.000
PARITY Kp_foot=550.000 550.000 550.000
PARITY Kd_foot=10.000 10.000 10.000
PARITY Kp_joint=5.000 5.000 5.000
PARITY Kd_joint=3.000 3.000 3.000
PARITY floating_base_weight=50.000
PARITY control_mode=5.000
------------------------------------------
| rollout/                |              |
|    ep_len_mean          | 334          |
|    ep_rew_mean          | 14.4         |
| time/                   |              |
|    fps                  | 1891         |
|    iterations           | 120          |
|    time_elapsed         | 8317         |
|    total_timesteps      | 15728640     |
| train/                  |              |
|    adaptive_lr          | 5e-05        |
|    approx_kl            | 0.0047857966 |
|    clip_fraction        | 0.245        |
|    clip_range           | 0.1          |
|    clip_range_vf        | 0.2          |
|    entropy_loss         | 12.9         |
|    explained_variance   | 0.869        |
|    learning_rate        | 5e-05        |
|    loss                 | 0.903        |
|    n_updates            | 4250         |
|    policy_gradient_loss | -0.00155     |
|    std                  | 0.145        |
|    value_loss           | 0.736        |
------------------------------------------
[HumanoidEnv] Reset state env_id=0 z=0.322 rpy=[0.002, -0.002, 0.000]
[HumanoidEnv] unhealthy terminate at step=418 z=0.190521 rpy=[-0.826801, 0.0842919, 0.528081] v_body=[-2.08334, -1.11263, -1.25377]
PARITY max_torque=23.700 23.700 45.430
PARITY contact_mu=0.450
PARITY body_height=0.320
PARITY Kp_body=100.000 100.000 100.000
PARITY Kd_body=30.000 30.000 30.000
PARITY Kp_ori=100.000 100.000 100.000
PARITY Kd_ori=10.000 10.000 10.000
PARITY Kp_foot=550.000 550.000 550.000
PARITY Kd_foot=10.000 10.000 10.000
PARITY Kp_joint=5.000 5.000 5.000
PARITY Kd_joint=3.000 3.000 3.000
PARITY floating_base_weight=50.000
PARITY control_mode=5.000
-----------------------------------------
| rollout/                |             |
|    ep_len_mean          | 334         |
|    ep_rew_mean          | 14.3        |
| time/                   |             |
|    fps                  | 1891        |
|    iterations           | 121         |
|    time_elapsed         | 8385        |
|    total_timesteps      | 15859712    |
| train/                  |             |
|    adaptive_lr          | 5e-05       |
|    approx_kl            | 0.004714368 |
|    clip_fraction        | 0.242       |
|    clip_range           | 0.1         |
|    clip_range_vf        | 0.2         |
|    entropy_loss         | 12.8        |
|    explained_variance   | 0.875       |
|    learning_rate        | 5e-05       |
|    loss                 | 0.761       |
|    n_updates            | 4260        |
|    policy_gradient_loss | -0.00144    |
|    std                  | 0.145       |
|    value_loss           | 0.665       |
-----------------------------------------
[HumanoidEnv] Reset state env_id=0 z=0.291 rpy=[-0.002, -0.001, 0.001]
[HumanoidEnv] unhealthy terminate at step=417 z=0.75602 rpy=[2.57485, -0.97786, 0.978262] v_body=[0.495573, -1.49155, -1.91478]
PARITY max_torque=23.700 23.700 45.430
PARITY contact_mu=0.450
PARITY body_height=0.320
PARITY Kp_body=100.000 100.000 100.000
PARITY Kd_body=30.000 30.000 30.000
PARITY Kp_ori=100.000 100.000 100.000
PARITY Kd_ori=10.000 10.000 10.000
PARITY Kp_foot=550.000 550.000 550.000
PARITY Kd_foot=10.000 10.000 10.000
PARITY Kp_joint=5.000 5.000 5.000
PARITY Kd_joint=3.000 3.000 3.000
PARITY floating_base_weight=50.000
PARITY control_mode=5.000
------------------------------------------
| rollout/                |              |
|    ep_len_mean          | 351          |
|    ep_rew_mean          | 14.9         |
| time/                   |              |
|    fps                  | 1890         |
|    iterations           | 122          |
|    time_elapsed         | 8457         |
|    total_timesteps      | 15990784     |
| train/                  |              |
|    adaptive_lr          | 5e-05        |
|    approx_kl            | 0.0047099045 |
|    clip_fraction        | 0.241        |
|    clip_range           | 0.1          |
|    clip_range_vf        | 0.2          |
|    entropy_loss         | 12.7         |
|    explained_variance   | 0.876        |
|    learning_rate        | 5e-05        |
|    loss                 | 0.71         |
|    n_updates            | 4270         |
|    policy_gradient_loss | -0.00144     |
|    std                  | 0.146        |
|    value_loss           | 0.691        |
------------------------------------------
INFO:root:VecNormalize statistics saved at: ./data/gamma4/quadruped_ppo_model_ckpt_16001024_vecnormalize.pkl
INFO:root:Model saved at: ./data/gamma4/quadruped_ppo_model_ckpt_16001024.zip
INFO:root:Checkpoint written at 16001024 timesteps
[HumanoidEnv] Reset state env_id=0 z=0.291 rpy=[-0.001, -0.000, 0.001]
[HumanoidEnv] unhealthy terminate at step=391 z=0.183042 rpy=[0.782947, 0.029727, -0.248906] v_body=[-2.30741, -0.584436, -3.98231]
PARITY max_torque=23.700 23.700 45.430
PARITY contact_mu=0.450
PARITY body_height=0.320
PARITY Kp_body=100.000 100.000 100.000
PARITY Kd_body=30.000 30.000 30.000
PARITY Kp_ori=100.000 100.000 100.000
PARITY Kd_ori=10.000 10.000 10.000
PARITY Kp_foot=550.000 550.000 550.000
PARITY Kd_foot=10.000 10.000 10.000
PARITY Kp_joint=5.000 5.000 5.000
PARITY Kd_joint=3.000 3.000 3.000
PARITY floating_base_weight=50.000
PARITY control_mode=5.000
[HumanoidEnv] Reset state env_id=0 z=0.286 rpy=[0.000, -0.002, 0.000]
[HumanoidEnv] unhealthy terminate at step=334 z=0.769016 rpy=[1.00778, -0.748326, -0.433586] v_body=[-3.18765, -4.48064, -2.77133]
PARITY max_torque=23.700 23.700 45.430
PARITY contact_mu=0.450
PARITY body_height=0.320
PARITY Kp_body=100.000 100.000 100.000
PARITY Kd_body=30.000 30.000 30.000
PARITY Kp_ori=100.000 100.000 100.000
PARITY Kd_ori=10.000 10.000 10.000
PARITY Kp_foot=550.000 550.000 550.000
PARITY Kd_foot=10.000 10.000 10.000
PARITY Kp_joint=5.000 5.000 5.000
PARITY Kd_joint=3.000 3.000 3.000
PARITY floating_base_weight=50.000
PARITY control_mode=5.000
------------------------------------------
| rollout/                |              |
|    ep_len_mean          | 342          |
|    ep_rew_mean          | 14.5         |
| time/                   |              |
|    fps                  | 1890         |
|    iterations           | 123          |
|    time_elapsed         | 8528         |
|    total_timesteps      | 16121856     |
| train/                  |              |
|    adaptive_lr          | 5e-05        |
|    approx_kl            | 0.0048221103 |
|    clip_fraction        | 0.243        |
|    clip_range           | 0.1          |
|    clip_range_vf        | 0.2          |
|    entropy_loss         | 12.6         |
|    explained_variance   | 0.883        |
|    learning_rate        | 5e-05        |
|    loss                 | 0.937        |
|    n_updates            | 4280         |
|    policy_gradient_loss | -0.00169     |
|    std                  | 0.146        |
|    value_loss           | 0.651        |
------------------------------------------
[HumanoidEnv] Reset state env_id=0 z=0.326 rpy=[0.000, -0.001, 0.000]
[HumanoidEnv] unhealthy terminate at step=237 z=0.198748 rpy=[0.632641, 0.313761, -0.0554665] v_body=[0.543432, -1.51669, -2.9815]
PARITY max_torque=23.700 23.700 45.430
PARITY contact_mu=0.450
PARITY body_height=0.320
PARITY Kp_body=100.000 100.000 100.000
PARITY Kd_body=30.000 30.000 30.000
PARITY Kp_ori=100.000 100.000 100.000
PARITY Kd_ori=10.000 10.000 10.000
PARITY Kp_foot=550.000 550.000 550.000
PARITY Kd_foot=10.000 10.000 10.000
PARITY Kp_joint=5.000 5.000 5.000
PARITY Kd_joint=3.000 3.000 3.000
PARITY floating_base_weight=50.000
PARITY control_mode=5.000
------------------------------------------
| rollout/                |              |
|    ep_len_mean          | 359          |
|    ep_rew_mean          | 15.1         |
| time/                   |              |
|    fps                  | 1890         |
|    iterations           | 124          |
|    time_elapsed         | 8599         |
|    total_timesteps      | 16252928     |
| train/                  |              |
|    adaptive_lr          | 5e-05        |
|    approx_kl            | 0.0046686474 |
|    clip_fraction        | 0.241        |
|    clip_range           | 0.1          |
|    clip_range_vf        | 0.2          |
|    entropy_loss         | 12.5         |
|    explained_variance   | 0.866        |
|    learning_rate        | 5e-05        |
|    loss                 | 0.825        |
|    n_updates            | 4290         |
|    policy_gradient_loss | -0.00146     |
|    std                  | 0.147        |
|    value_loss           | 0.678        |
------------------------------------------
[HumanoidEnv] Reset state env_id=0 z=0.288 rpy=[0.002, -0.001, 0.000]
[HumanoidEnv] unhealthy terminate at step=500 z=0.771132 rpy=[-0.43614, 0.995127, -0.382247] v_body=[3.80258, 0.120565, 0.382891]
PARITY max_torque=23.700 23.700 45.430
PARITY contact_mu=0.450
PARITY body_height=0.320
PARITY Kp_body=100.000 100.000 100.000
PARITY Kd_body=30.000 30.000 30.000
PARITY Kp_ori=100.000 100.000 100.000
PARITY Kd_ori=10.000 10.000 10.000
PARITY Kp_foot=550.000 550.000 550.000
PARITY Kd_foot=10.000 10.000 10.000
PARITY Kp_joint=5.000 5.000 5.000
PARITY Kd_joint=3.000 3.000 3.000
PARITY floating_base_weight=50.000
PARITY control_mode=5.000
[HumanoidEnv] Reset state env_id=0 z=0.270 rpy=[-0.001, 0.000, 0.001]
[HumanoidEnv] unhealthy terminate at step=347 z=0.770148 rpy=[0.929465, 0.0698436, -0.0105736] v_body=[8.64922, -3.44788, -1.62152]
PARITY max_torque=23.700 23.700 45.430
PARITY contact_mu=0.450
PARITY body_height=0.320
PARITY Kp_body=100.000 100.000 100.000
PARITY Kd_body=30.000 30.000 30.000
PARITY Kp_ori=100.000 100.000 100.000
PARITY Kd_ori=10.000 10.000 10.000
PARITY Kp_foot=550.000 550.000 550.000
PARITY Kd_foot=10.000 10.000 10.000
PARITY Kp_joint=5.000 5.000 5.000
PARITY Kd_joint=3.000 3.000 3.000
PARITY floating_base_weight=50.000
PARITY control_mode=5.000
-----------------------------------------
| rollout/                |             |
|    ep_len_mean          | 368         |
|    ep_rew_mean          | 15.8        |
| time/                   |             |
|    fps                  | 1889        |
|    iterations           | 125         |
|    time_elapsed         | 8669        |
|    total_timesteps      | 16384000    |
| train/                  |             |
|    adaptive_lr          | 5e-05       |
|    approx_kl            | 0.004734825 |
|    clip_fraction        | 0.243       |
|    clip_range           | 0.1         |
|    clip_range_vf        | 0.2         |
|    entropy_loss         | 12.4        |
|    explained_variance   | 0.867       |
|    learning_rate        | 5e-05       |
|    loss                 | 0.925       |
|    n_updates            | 4300        |
|    policy_gradient_loss | -0.0015     |
|    std                  | 0.147       |
|    value_loss           | 0.686       |
-----------------------------------------
[HumanoidEnv] Reset state env_id=0 z=0.305 rpy=[0.000, -0.001, 0.000]
[HumanoidEnv] unhealthy terminate at step=436 z=0.18945 rpy=[-1.22433, 0.152494, -3.01642] v_body=[4.44024, 3.62554, 4.35313]
PARITY max_torque=23.700 23.700 45.430
PARITY contact_mu=0.450
PARITY body_height=0.320
PARITY Kp_body=100.000 100.000 100.000
PARITY Kd_body=30.000 30.000 30.000
PARITY Kp_ori=100.000 100.000 100.000
PARITY Kd_ori=10.000 10.000 10.000
PARITY Kp_foot=550.000 550.000 550.000
PARITY Kd_foot=10.000 10.000 10.000
PARITY Kp_joint=5.000 5.000 5.000
PARITY Kd_joint=3.000 3.000 3.000
PARITY floating_base_weight=50.000
PARITY control_mode=5.000
-----------------------------------------
| rollout/                |             |
|    ep_len_mean          | 374         |
|    ep_rew_mean          | 15.5        |
| time/                   |             |
|    fps                  | 1889        |
|    iterations           | 126         |
|    time_elapsed         | 8740        |
|    total_timesteps      | 16515072    |
| train/                  |             |
|    adaptive_lr          | 5e-05       |
|    approx_kl            | 0.004653467 |
|    clip_fraction        | 0.242       |
|    clip_range           | 0.1         |
|    clip_range_vf        | 0.2         |
|    entropy_loss         | 12.4        |
|    explained_variance   | 0.872       |
|    learning_rate        | 5e-05       |
|    loss                 | 0.678       |
|    n_updates            | 4310        |
|    policy_gradient_loss | -0.00153    |
|    std                  | 0.148       |
|    value_loss           | 0.654       |
-----------------------------------------
[HumanoidEnv] Reset state env_id=0 z=0.309 rpy=[0.000, -0.001, 0.000]
[HumanoidEnv] unhealthy terminate at step=401 z=0.180639 rpy=[0.87822, -0.291488, 0.460804] v_body=[0.380955, 1.35145, -3.05642]
PARITY max_torque=23.700 23.700 45.430
PARITY contact_mu=0.450
PARITY body_height=0.320
PARITY Kp_body=100.000 100.000 100.000
PARITY Kd_body=30.000 30.000 30.000
PARITY Kp_ori=100.000 100.000 100.000
PARITY Kd_ori=10.000 10.000 10.000
PARITY Kp_foot=550.000 550.000 550.000
PARITY Kd_foot=10.000 10.000 10.000
PARITY Kp_joint=5.000 5.000 5.000
PARITY Kd_joint=3.000 3.000 3.000
PARITY floating_base_weight=50.000
PARITY control_mode=5.000
------------------------------------------
| rollout/                |              |
|    ep_len_mean          | 374          |
|    ep_rew_mean          | 15.9         |
| time/                   |              |
|    fps                  | 1889         |
|    iterations           | 127          |
|    time_elapsed         | 8810         |
|    total_timesteps      | 16646144     |
| train/                  |              |
|    adaptive_lr          | 5e-05        |
|    approx_kl            | 0.0048714764 |
|    clip_fraction        | 0.243        |
|    clip_range           | 0.1          |
|    clip_range_vf        | 0.2          |
|    entropy_loss         | 12.3         |
|    explained_variance   | 0.883        |
|    learning_rate        | 5e-05        |
|    loss                 | 0.728        |
|    n_updates            | 4320         |
|    policy_gradient_loss | -0.00152     |
|    std                  | 0.148        |
|    value_loss           | 0.634        |
------------------------------------------
[HumanoidEnv] Reset state env_id=0 z=0.280 rpy=[0.003, -0.001, 0.001]
[HumanoidEnv] unhealthy terminate at step=562 z=0.751286 rpy=[1.96254, 0.560216, 0.786717] v_body=[0.554496, -1.82739, -7.34445]
PARITY max_torque=23.700 23.700 45.430
PARITY contact_mu=0.450
PARITY body_height=0.320
PARITY Kp_body=100.000 100.000 100.000
PARITY Kd_body=30.000 30.000 30.000
PARITY Kp_ori=100.000 100.000 100.000
PARITY Kd_ori=10.000 10.000 10.000
PARITY Kp_foot=550.000 550.000 550.000
PARITY Kd_foot=10.000 10.000 10.000
PARITY Kp_joint=5.000 5.000 5.000
PARITY Kd_joint=3.000 3.000 3.000
PARITY floating_base_weight=50.000
PARITY control_mode=5.000
------------------------------------------
| rollout/                |              |
|    ep_len_mean          | 373          |
|    ep_rew_mean          | 15.6         |
| time/                   |              |
|    fps                  | 1889         |
|    iterations           | 128          |
|    time_elapsed         | 8881         |
|    total_timesteps      | 16777216     |
| train/                  |              |
|    adaptive_lr          | 5e-05        |
|    approx_kl            | 0.0046486957 |
|    clip_fraction        | 0.242        |
|    clip_range           | 0.1          |
|    clip_range_vf        | 0.2          |
|    entropy_loss         | 12.2         |
|    explained_variance   | 0.869        |
|    learning_rate        | 5e-05        |
|    loss                 | 0.877        |
|    n_updates            | 4330         |
|    policy_gradient_loss | -0.00156     |
|    std                  | 0.149        |
|    value_loss           | 0.677        |
------------------------------------------
[HumanoidEnv] Reset state env_id=0 z=0.295 rpy=[0.002, -0.001, 0.000]
[HumanoidEnv] unhealthy terminate at step=381 z=0.759088 rpy=[-1.18662, -0.110181, 0.47568] v_body=[0.956373, 3.52498, -2.06068]
PARITY max_torque=23.700 23.700 45.430
PARITY contact_mu=0.450
PARITY body_height=0.320
PARITY Kp_body=100.000 100.000 100.000
PARITY Kd_body=30.000 30.000 30.000
PARITY Kp_ori=100.000 100.000 100.000
PARITY Kd_ori=10.000 10.000 10.000
PARITY Kp_foot=550.000 550.000 550.000
PARITY Kd_foot=10.000 10.000 10.000
PARITY Kp_joint=5.000 5.000 5.000
PARITY Kd_joint=3.000 3.000 3.000
PARITY floating_base_weight=50.000
PARITY control_mode=5.000
------------------------------------------
| rollout/                |              |
|    ep_len_mean          | 372          |
|    ep_rew_mean          | 15.7         |
| time/                   |              |
|    fps                  | 1888         |
|    iterations           | 129          |
|    time_elapsed         | 8951         |
|    total_timesteps      | 16908288     |
| train/                  |              |
|    adaptive_lr          | 5e-05        |
|    approx_kl            | 0.0047453507 |
|    clip_fraction        | 0.246        |
|    clip_range           | 0.1          |
|    clip_range_vf        | 0.2          |
|    entropy_loss         | 12.1         |
|    explained_variance   | 0.877        |
|    learning_rate        | 5e-05        |
|    loss                 | 0.795        |
|    n_updates            | 4340         |
|    policy_gradient_loss | -0.00134     |
|    std                  | 0.149        |
|    value_loss           | 0.669        |
------------------------------------------
[HumanoidEnv] Reset state env_id=0 z=0.287 rpy=[0.001, -0.001, 0.001]
[HumanoidEnv] unhealthy terminate at step=410 z=0.196585 rpy=[0.711589, 0.0533831, 0.0875433] v_body=[0.130525, -1.91412, -2.92604]
PARITY max_torque=23.700 23.700 45.430
PARITY contact_mu=0.450
PARITY body_height=0.320
PARITY Kp_body=100.000 100.000 100.000
PARITY Kd_body=30.000 30.000 30.000
PARITY Kp_ori=100.000 100.000 100.000
PARITY Kd_ori=10.000 10.000 10.000
PARITY Kp_foot=550.000 550.000 550.000
PARITY Kd_foot=10.000 10.000 10.000
PARITY Kp_joint=5.000 5.000 5.000
PARITY Kd_joint=3.000 3.000 3.000
PARITY floating_base_weight=50.000
PARITY control_mode=5.000
[HumanoidEnv] Reset state env_id=0 z=0.283 rpy=[-0.001, 0.001, 0.001]
[HumanoidEnv] unhealthy terminate at step=316 z=0.199529 rpy=[1.22399, -0.190575, -0.537636] v_body=[2.9104, -1.58673, -1.36341]
PARITY max_torque=23.700 23.700 45.430
PARITY contact_mu=0.450
PARITY body_height=0.320
PARITY Kp_body=100.000 100.000 100.000
PARITY Kd_body=30.000 30.000 30.000
PARITY Kp_ori=100.000 100.000 100.000
PARITY Kd_ori=10.000 10.000 10.000
PARITY Kp_foot=550.000 550.000 550.000
PARITY Kd_foot=10.000 10.000 10.000
PARITY Kp_joint=5.000 5.000 5.000
PARITY Kd_joint=3.000 3.000 3.000
PARITY floating_base_weight=50.000
PARITY control_mode=5.000
------------------------------------------
| rollout/                |              |
|    ep_len_mean          | 359          |
|    ep_rew_mean          | 15.1         |
| time/                   |              |
|    fps                  | 1888         |
|    iterations           | 130          |
|    time_elapsed         | 9024         |
|    total_timesteps      | 17039360     |
| train/                  |              |
|    adaptive_lr          | 5e-05        |
|    approx_kl            | 0.0048474516 |
|    clip_fraction        | 0.245        |
|    clip_range           | 0.1          |
|    clip_range_vf        | 0.2          |
|    entropy_loss         | 12           |
|    explained_variance   | 0.871        |
|    learning_rate        | 5e-05        |
|    loss                 | 0.859        |
|    n_updates            | 4350         |
|    policy_gradient_loss | -0.00148     |
|    std                  | 0.15         |
|    value_loss           | 0.69         |
------------------------------------------
[HumanoidEnv] Reset state env_id=0 z=0.299 rpy=[0.001, -0.001, 0.001]
[HumanoidEnv] unhealthy terminate at step=228 z=0.197213 rpy=[-0.797358, 0.0786933, 0.0369075] v_body=[0.548333, 1.30972, -2.89149]
PARITY max_torque=23.700 23.700 45.430
PARITY contact_mu=0.450
PARITY body_height=0.320
PARITY Kp_body=100.000 100.000 100.000
PARITY Kd_body=30.000 30.000 30.000
PARITY Kp_ori=100.000 100.000 100.000
PARITY Kd_ori=10.000 10.000 10.000
PARITY Kp_foot=550.000 550.000 550.000
PARITY Kd_foot=10.000 10.000 10.000
PARITY Kp_joint=5.000 5.000 5.000
PARITY Kd_joint=3.000 3.000 3.000
PARITY floating_base_weight=50.000
PARITY control_mode=5.000
------------------------------------------
| rollout/                |              |
|    ep_len_mean          | 368          |
|    ep_rew_mean          | 15.4         |
| time/                   |              |
|    fps                  | 1887         |
|    iterations           | 131          |
|    time_elapsed         | 9094         |
|    total_timesteps      | 17170432     |
| train/                  |              |
|    adaptive_lr          | 5e-05        |
|    approx_kl            | 0.0046664975 |
|    clip_fraction        | 0.24         |
|    clip_range           | 0.1          |
|    clip_range_vf        | 0.2          |
|    entropy_loss         | 11.9         |
|    explained_variance   | 0.877        |
|    learning_rate        | 5e-05        |
|    loss                 | 0.721        |
|    n_updates            | 4360         |
|    policy_gradient_loss | -0.00121     |
|    std                  | 0.15         |
|    value_loss           | 0.681        |
------------------------------------------
[HumanoidEnv] Reset state env_id=0 z=0.272 rpy=[-0.001, 0.000, 0.001]
[HumanoidEnv] unhealthy terminate at step=380 z=0.198168 rpy=[-2.25107, 0.132755, 0.558274] v_body=[2.41359, -1.34804, -2.91823]
PARITY max_torque=23.700 23.700 45.430
PARITY contact_mu=0.450
PARITY body_height=0.320
PARITY Kp_body=100.000 100.000 100.000
PARITY Kd_body=30.000 30.000 30.000
PARITY Kp_ori=100.000 100.000 100.000
PARITY Kd_ori=10.000 10.000 10.000
PARITY Kp_foot=550.000 550.000 550.000
PARITY Kd_foot=10.000 10.000 10.000
PARITY Kp_joint=5.000 5.000 5.000
PARITY Kd_joint=3.000 3.000 3.000
PARITY floating_base_weight=50.000
PARITY control_mode=5.000
[HumanoidEnv] Reset state env_id=0 z=0.280 rpy=[0.000, -0.001, 0.001]
[HumanoidEnv] unhealthy terminate at step=391 z=0.751837 rpy=[1.90875, -1.05177, -1.27091] v_body=[0.168858, -2.68955, -7.78116]
PARITY max_torque=23.700 23.700 45.430
PARITY contact_mu=0.450
PARITY body_height=0.320
PARITY Kp_body=100.000 100.000 100.000
PARITY Kd_body=30.000 30.000 30.000
PARITY Kp_ori=100.000 100.000 100.000
PARITY Kd_ori=10.000 10.000 10.000
PARITY Kp_foot=550.000 550.000 550.000
PARITY Kd_foot=10.000 10.000 10.000
PARITY Kp_joint=5.000 5.000 5.000
PARITY Kd_joint=3.000 3.000 3.000
PARITY floating_base_weight=50.000
PARITY control_mode=5.000
------------------------------------------
| rollout/                |              |
|    ep_len_mean          | 358          |
|    ep_rew_mean          | 15.2         |
| time/                   |              |
|    fps                  | 1887         |
|    iterations           | 132          |
|    time_elapsed         | 9165         |
|    total_timesteps      | 17301504     |
| train/                  |              |
|    adaptive_lr          | 5e-05        |
|    approx_kl            | 0.0046750605 |
|    clip_fraction        | 0.243        |
|    clip_range           | 0.1          |
|    clip_range_vf        | 0.2          |
|    entropy_loss         | 11.8         |
|    explained_variance   | 0.871        |
|    learning_rate        | 5e-05        |
|    loss                 | 0.808        |
|    n_updates            | 4370         |
|    policy_gradient_loss | -0.0012      |
|    std                  | 0.151        |
|    value_loss           | 0.716        |
------------------------------------------
[HumanoidEnv] Reset state env_id=0 z=0.311 rpy=[-0.002, -0.003, 0.000]
[HumanoidEnv] unhealthy terminate at step=333 z=0.198131 rpy=[3.08573, 0.462731, 0.474462] v_body=[1.65853, -3.42268, 0.705156]
PARITY max_torque=23.700 23.700 45.430
PARITY contact_mu=0.450
PARITY body_height=0.320
PARITY Kp_body=100.000 100.000 100.000
PARITY Kd_body=30.000 30.000 30.000
PARITY Kp_ori=100.000 100.000 100.000
PARITY Kd_ori=10.000 10.000 10.000
PARITY Kp_foot=550.000 550.000 550.000
PARITY Kd_foot=10.000 10.000 10.000
PARITY Kp_joint=5.000 5.000 5.000
PARITY Kd_joint=3.000 3.000 3.000
PARITY floating_base_weight=50.000
PARITY control_mode=5.000
------------------------------------------
| rollout/                |              |
|    ep_len_mean          | 357          |
|    ep_rew_mean          | 15.3         |
| time/                   |              |
|    fps                  | 1887         |
|    iterations           | 133          |
|    time_elapsed         | 9236         |
|    total_timesteps      | 17432576     |
| train/                  |              |
|    adaptive_lr          | 5e-05        |
|    approx_kl            | 0.0046256743 |
|    clip_fraction        | 0.24         |
|    clip_range           | 0.1          |
|    clip_range_vf        | 0.2          |
|    entropy_loss         | 11.8         |
|    explained_variance   | 0.873        |
|    learning_rate        | 5e-05        |
|    loss                 | 0.833        |
|    n_updates            | 4380         |
|    policy_gradient_loss | -0.00116     |
|    std                  | 0.151        |
|    value_loss           | 0.708        |
------------------------------------------
[HumanoidEnv] Reset state env_id=0 z=0.289 rpy=[0.001, -0.002, 0.000]
[HumanoidEnv] unhealthy terminate at step=383 z=0.76166 rpy=[0.0295838, 0.90398, 3.02671] v_body=[-5.24557, -2.82928, 1.74371]
PARITY max_torque=23.700 23.700 45.430
PARITY contact_mu=0.450
PARITY body_height=0.320
PARITY Kp_body=100.000 100.000 100.000
PARITY Kd_body=30.000 30.000 30.000
PARITY Kp_ori=100.000 100.000 100.000
PARITY Kd_ori=10.000 10.000 10.000
PARITY Kp_foot=550.000 550.000 550.000
PARITY Kd_foot=10.000 10.000 10.000
PARITY Kp_joint=5.000 5.000 5.000
PARITY Kd_joint=3.000 3.000 3.000
PARITY floating_base_weight=50.000
PARITY control_mode=5.000
------------------------------------------
| rollout/                |              |
|    ep_len_mean          | 352          |
|    ep_rew_mean          | 14.8         |
| time/                   |              |
|    fps                  | 1887         |
|    iterations           | 134          |
|    time_elapsed         | 9306         |
|    total_timesteps      | 17563648     |
| train/                  |              |
|    adaptive_lr          | 5e-05        |
|    approx_kl            | 0.0048177466 |
|    clip_fraction        | 0.243        |
|    clip_range           | 0.1          |
|    clip_range_vf        | 0.2          |
|    entropy_loss         | 11.7         |
|    explained_variance   | 0.871        |
|    learning_rate        | 5e-05        |
|    loss                 | 0.725        |
|    n_updates            | 4390         |
|    policy_gradient_loss | -0.00132     |
|    std                  | 0.152        |
|    value_loss           | 0.694        |
------------------------------------------
[HumanoidEnv] Reset state env_id=0 z=0.283 rpy=[0.001, -0.001, 0.000]
[HumanoidEnv] unhealthy terminate at step=403 z=0.195759 rpy=[2.00182, -0.140429, -0.191115] v_body=[5.80346, 1.74175, -1.30297]
PARITY max_torque=23.700 23.700 45.430
PARITY contact_mu=0.450
PARITY body_height=0.320
PARITY Kp_body=100.000 100.000 100.000
PARITY Kd_body=30.000 30.000 30.000
PARITY Kp_ori=100.000 100.000 100.000
PARITY Kd_ori=10.000 10.000 10.000
PARITY Kp_foot=550.000 550.000 550.000
PARITY Kd_foot=10.000 10.000 10.000
PARITY Kp_joint=5.000 5.000 5.000
PARITY Kd_joint=3.000 3.000 3.000
PARITY floating_base_weight=50.000
PARITY control_mode=5.000
[HumanoidEnv] Reset state env_id=0 z=0.291 rpy=[0.001, -0.002, 0.000]
[HumanoidEnv] unhealthy terminate at step=435 z=0.192562 rpy=[2.23858, 0.0380209, -0.345562] v_body=[2.2521, -3.44906, 5.66088]
PARITY max_torque=23.700 23.700 45.430
PARITY contact_mu=0.450
PARITY body_height=0.320
PARITY Kp_body=100.000 100.000 100.000
PARITY Kd_body=30.000 30.000 30.000
PARITY Kp_ori=100.000 100.000 100.000
PARITY Kd_ori=10.000 10.000 10.000
PARITY Kp_foot=550.000 550.000 550.000
PARITY Kd_foot=10.000 10.000 10.000
PARITY Kp_joint=5.000 5.000 5.000
PARITY Kd_joint=3.000 3.000 3.000
PARITY floating_base_weight=50.000
PARITY control_mode=5.000
------------------------------------------
| rollout/                |              |
|    ep_len_mean          | 359          |
|    ep_rew_mean          | 15.1         |
| time/                   |              |
|    fps                  | 1886         |
|    iterations           | 135          |
|    time_elapsed         | 9377         |
|    total_timesteps      | 17694720     |
| train/                  |              |
|    adaptive_lr          | 5e-05        |
|    approx_kl            | 0.0046694763 |
|    clip_fraction        | 0.242        |
|    clip_range           | 0.1          |
|    clip_range_vf        | 0.2          |
|    entropy_loss         | 11.6         |
|    explained_variance   | 0.873        |
|    learning_rate        | 5e-05        |
|    loss                 | 0.803        |
|    n_updates            | 4400         |
|    policy_gradient_loss | -0.00126     |
|    std                  | 0.152        |
|    value_loss           | 0.705        |
------------------------------------------
[HumanoidEnv] Reset state env_id=0 z=0.294 rpy=[-0.001, -0.001, 0.001]
[HumanoidEnv] unhealthy terminate at step=301 z=0.754363 rpy=[1.60516, -0.599754, -3.07759] v_body=[-3.69877, 2.58337, 2.12189]
PARITY max_torque=23.700 23.700 45.430
PARITY contact_mu=0.450
PARITY body_height=0.320
PARITY Kp_body=100.000 100.000 100.000
PARITY Kd_body=30.000 30.000 30.000
PARITY Kp_ori=100.000 100.000 100.000
PARITY Kd_ori=10.000 10.000 10.000
PARITY Kp_foot=550.000 550.000 550.000
PARITY Kd_foot=10.000 10.000 10.000
PARITY Kp_joint=5.000 5.000 5.000
PARITY Kd_joint=3.000 3.000 3.000
PARITY floating_base_weight=50.000
PARITY control_mode=5.000
------------------------------------------
| rollout/                |              |
|    ep_len_mean          | 347          |
|    ep_rew_mean          | 14.8         |
| time/                   |              |
|    fps                  | 1886         |
|    iterations           | 136          |
|    time_elapsed         | 9448         |
|    total_timesteps      | 17825792     |
| train/                  |              |
|    adaptive_lr          | 5e-05        |
|    approx_kl            | 0.0046468386 |
|    clip_fraction        | 0.24         |
|    clip_range           | 0.1          |
|    clip_range_vf        | 0.2          |
|    entropy_loss         | 11.5         |
|    explained_variance   | 0.87         |
|    learning_rate        | 5e-05        |
|    loss                 | 0.841        |
|    n_updates            | 4410         |
|    policy_gradient_loss | -0.00126     |
|    std                  | 0.153        |
|    value_loss           | 0.703        |
------------------------------------------
[HumanoidEnv] Reset state env_id=0 z=0.295 rpy=[0.000, -0.002, 0.000]
[HumanoidEnv] unhealthy terminate at step=318 z=0.754619 rpy=[2.16622, 0.423281, -0.705474] v_body=[3.14081, 0.610946, -7.31587]
PARITY max_torque=23.700 23.700 45.430
PARITY contact_mu=0.450
PARITY body_height=0.320
PARITY Kp_body=100.000 100.000 100.000
PARITY Kd_body=30.000 30.000 30.000
PARITY Kp_ori=100.000 100.000 100.000
PARITY Kd_ori=10.000 10.000 10.000
PARITY Kp_foot=550.000 550.000 550.000
PARITY Kd_foot=10.000 10.000 10.000
PARITY Kp_joint=5.000 5.000 5.000
PARITY Kd_joint=3.000 3.000 3.000
PARITY floating_base_weight=50.000
PARITY control_mode=5.000
[HumanoidEnv] Reset state env_id=0 z=0.326 rpy=[-0.000, -0.001, 0.000]
[HumanoidEnv] unhealthy terminate at step=398 z=0.197309 rpy=[-2.64754, 0.350473, -0.0418343] v_body=[2.83736, -2.82779, -1.63473]
PARITY max_torque=23.700 23.700 45.430
PARITY contact_mu=0.450
PARITY body_height=0.320
PARITY Kp_body=100.000 100.000 100.000
PARITY Kd_body=30.000 30.000 30.000
PARITY Kp_ori=100.000 100.000 100.000
PARITY Kd_ori=10.000 10.000 10.000
PARITY Kp_foot=550.000 550.000 550.000
PARITY Kd_foot=10.000 10.000 10.000
PARITY Kp_joint=5.000 5.000 5.000
PARITY Kd_joint=3.000 3.000 3.000
PARITY floating_base_weight=50.000
PARITY control_mode=5.000
----------------------------------------
| rollout/                |            |
|    ep_len_mean          | 372        |
|    ep_rew_mean          | 15.6       |
| time/                   |            |
|    fps                  | 1886       |
|    iterations           | 137        |
|    time_elapsed         | 9518       |
|    total_timesteps      | 17956864   |
| train/                  |            |
|    adaptive_lr          | 5e-05      |
|    approx_kl            | 0.00483054 |
|    clip_fraction        | 0.242      |
|    clip_range           | 0.1        |
|    clip_range_vf        | 0.2        |
|    entropy_loss         | 11.4       |
|    explained_variance   | 0.863      |
|    learning_rate        | 5e-05      |
|    loss                 | 0.839      |
|    n_updates            | 4420       |
|    policy_gradient_loss | -0.00138   |
|    std                  | 0.154      |
|    value_loss           | 0.706      |
----------------------------------------
[HumanoidEnv] Reset state env_id=0 z=0.291 rpy=[-0.001, -0.002, 0.000]
[HumanoidEnv] unhealthy terminate at step=208 z=0.194448 rpy=[-0.57326, 0.293952, -1.85122] v_body=[0.178761, -0.616585, -1.13918]
PARITY max_torque=23.700 23.700 45.430
PARITY contact_mu=0.450
PARITY body_height=0.320
PARITY Kp_body=100.000 100.000 100.000
PARITY Kd_body=30.000 30.000 30.000
PARITY Kp_ori=100.000 100.000 100.000
PARITY Kd_ori=10.000 10.000 10.000
PARITY Kp_foot=550.000 550.000 550.000
PARITY Kd_foot=10.000 10.000 10.000
PARITY Kp_joint=5.000 5.000 5.000
PARITY Kd_joint=3.000 3.000 3.000
PARITY floating_base_weight=50.000
PARITY control_mode=5.000
INFO:root:VecNormalize statistics saved at: ./data/gamma4/quadruped_ppo_model_ckpt_18001152_vecnormalize.pkl
INFO:root:Model saved at: ./data/gamma4/quadruped_ppo_model_ckpt_18001152.zip
INFO:root:Checkpoint written at 18001152 timesteps
[HumanoidEnv] Reset state env_id=0 z=0.328 rpy=[-0.003, -0.003, 0.000]
[HumanoidEnv] unhealthy terminate at step=307 z=0.199093 rpy=[-1.02212, 0.155346, 0.222672] v_body=[-3.5822, 0.357197, -4.34681]
PARITY max_torque=23.700 23.700 45.430
PARITY contact_mu=0.450
PARITY body_height=0.320
PARITY Kp_body=100.000 100.000 100.000
PARITY Kd_body=30.000 30.000 30.000
PARITY Kp_ori=100.000 100.000 100.000
PARITY Kd_ori=10.000 10.000 10.000
PARITY Kp_foot=550.000 550.000 550.000
PARITY Kd_foot=10.000 10.000 10.000
PARITY Kp_joint=5.000 5.000 5.000
PARITY Kd_joint=3.000 3.000 3.000
PARITY floating_base_weight=50.000
PARITY control_mode=5.000
-----------------------------------------
| rollout/                |             |
|    ep_len_mean          | 365         |
|    ep_rew_mean          | 15.2        |
| time/                   |             |
|    fps                  | 1886        |
|    iterations           | 138         |
|    time_elapsed         | 9588        |
|    total_timesteps      | 18087936    |
| train/                  |             |
|    adaptive_lr          | 5e-05       |
|    approx_kl            | 0.004628703 |
|    clip_fraction        | 0.238       |
|    clip_range           | 0.1         |
|    clip_range_vf        | 0.2         |
|    entropy_loss         | 11.3        |
|    explained_variance   | 0.869       |
|    learning_rate        | 5e-05       |
|    loss                 | 0.832       |
|    n_updates            | 4430        |
|    policy_gradient_loss | -0.00127    |
|    std                  | 0.154       |
|    value_loss           | 0.675       |
-----------------------------------------
[HumanoidEnv] Reset state env_id=0 z=0.305 rpy=[-0.002, -0.003, 0.000]
[HumanoidEnv] unhealthy terminate at step=462 z=0.199726 rpy=[1.56447, 0.288146, -1.75956] v_body=[0.79036, 1.34002, 1.99804]
PARITY max_torque=23.700 23.700 45.430
PARITY contact_mu=0.450
PARITY body_height=0.320
PARITY Kp_body=100.000 100.000 100.000
PARITY Kd_body=30.000 30.000 30.000
PARITY Kp_ori=100.000 100.000 100.000
PARITY Kd_ori=10.000 10.000 10.000
PARITY Kp_foot=550.000 550.000 550.000
PARITY Kd_foot=10.000 10.000 10.000
PARITY Kp_joint=5.000 5.000 5.000
PARITY Kd_joint=3.000 3.000 3.000
PARITY floating_base_weight=50.000
PARITY control_mode=5.000
------------------------------------------
| rollout/                |              |
|    ep_len_mean          | 350          |
|    ep_rew_mean          | 14.7         |
| time/                   |              |
|    fps                  | 1886         |
|    iterations           | 139          |
|    time_elapsed         | 9658         |
|    total_timesteps      | 18219008     |
| train/                  |              |
|    adaptive_lr          | 5e-05        |
|    approx_kl            | 0.0047707045 |
|    clip_fraction        | 0.244        |
|    clip_range           | 0.1          |
|    clip_range_vf        | 0.2          |
|    entropy_loss         | 11.2         |
|    explained_variance   | 0.865        |
|    learning_rate        | 5e-05        |
|    loss                 | 0.751        |
|    n_updates            | 4440         |
|    policy_gradient_loss | -0.00171     |
|    std                  | 0.155        |
|    value_loss           | 0.685        |
------------------------------------------
[HumanoidEnv] Reset state env_id=0 z=0.286 rpy=[0.003, -0.001, 0.001]
[HumanoidEnv] unhealthy terminate at step=246 z=0.188118 rpy=[-0.648971, 0.142948, 0.311969] v_body=[1.32188, 3.05558, -4.06786]
PARITY max_torque=23.700 23.700 45.430
PARITY contact_mu=0.450
PARITY body_height=0.320
PARITY Kp_body=100.000 100.000 100.000
PARITY Kd_body=30.000 30.000 30.000
PARITY Kp_ori=100.000 100.000 100.000
PARITY Kd_ori=10.000 10.000 10.000
PARITY Kp_foot=550.000 550.000 550.000
PARITY Kd_foot=10.000 10.000 10.000
PARITY Kp_joint=5.000 5.000 5.000
PARITY Kd_joint=3.000 3.000 3.000
PARITY floating_base_weight=50.000
PARITY control_mode=5.000
[HumanoidEnv] Reset state env_id=0 z=0.285 rpy=[0.001, -0.002, 0.001]
[HumanoidEnv] unhealthy terminate at step=339 z=0.191588 rpy=[-0.632857, 0.0471904, 0.750356] v_body=[4.40935, -2.59253, 0.692864]
PARITY max_torque=23.700 23.700 45.430
PARITY contact_mu=0.450
PARITY body_height=0.320
PARITY Kp_body=100.000 100.000 100.000
PARITY Kd_body=30.000 30.000 30.000
PARITY Kp_ori=100.000 100.000 100.000
PARITY Kd_ori=10.000 10.000 10.000
PARITY Kp_foot=550.000 550.000 550.000
PARITY Kd_foot=10.000 10.000 10.000
PARITY Kp_joint=5.000 5.000 5.000
PARITY Kd_joint=3.000 3.000 3.000
PARITY floating_base_weight=50.000
PARITY control_mode=5.000
-----------------------------------------
| rollout/                |             |
|    ep_len_mean          | 359         |
|    ep_rew_mean          | 14.9        |
| time/                   |             |
|    fps                  | 1886        |
|    iterations           | 140         |
|    time_elapsed         | 9729        |
|    total_timesteps      | 18350080    |
| train/                  |             |
|    adaptive_lr          | 5e-05       |
|    approx_kl            | 0.004523232 |
|    clip_fraction        | 0.234       |
|    clip_range           | 0.1         |
|    clip_range_vf        | 0.2         |
|    entropy_loss         | 11.1        |
|    explained_variance   | 0.87        |
|    learning_rate        | 5e-05       |
|    loss                 | 0.733       |
|    n_updates            | 4450        |
|    policy_gradient_loss | -0.00154    |
|    std                  | 0.155       |
|    value_loss           | 0.669       |
-----------------------------------------
[HumanoidEnv] Reset state env_id=0 z=0.302 rpy=[0.002, -0.001, 0.000]
[HumanoidEnv] unhealthy terminate at step=217 z=0.186299 rpy=[0.592351, -0.18179, -0.11451] v_body=[-1.36108, -0.678007, -2.44859]
PARITY max_torque=23.700 23.700 45.430
PARITY contact_mu=0.450
PARITY body_height=0.320
PARITY Kp_body=100.000 100.000 100.000
PARITY Kd_body=30.000 30.000 30.000
PARITY Kp_ori=100.000 100.000 100.000
PARITY Kd_ori=10.000 10.000 10.000
PARITY Kp_foot=550.000 550.000 550.000
PARITY Kd_foot=10.000 10.000 10.000
PARITY Kp_joint=5.000 5.000 5.000
PARITY Kd_joint=3.000 3.000 3.000
PARITY floating_base_weight=50.000
PARITY control_mode=5.000
------------------------------------------
| rollout/                |              |
|    ep_len_mean          | 357          |
|    ep_rew_mean          | 15.1         |
| time/                   |              |
|    fps                  | 1885         |
|    iterations           | 141          |
|    time_elapsed         | 9799         |
|    total_timesteps      | 18481152     |
| train/                  |              |
|    adaptive_lr          | 5e-05        |
|    approx_kl            | 0.0045756577 |
|    clip_fraction        | 0.234        |
|    clip_range           | 0.1          |
|    clip_range_vf        | 0.2          |
|    entropy_loss         | 11.1         |
|    explained_variance   | 0.867        |
|    learning_rate        | 5e-05        |
|    loss                 | 0.789        |
|    n_updates            | 4460         |
|    policy_gradient_loss | -0.00139     |
|    std                  | 0.156        |
|    value_loss           | 0.673        |
------------------------------------------
[HumanoidEnv] Reset state env_id=0 z=0.282 rpy=[0.000, -0.000, 0.001]
[HumanoidEnv] unhealthy terminate at step=411 z=0.771025 rpy=[0.626128, -1.35401, 1.2304] v_body=[-1.31414, -2.08703, 2.85073]
PARITY max_torque=23.700 23.700 45.430
PARITY contact_mu=0.450
PARITY body_height=0.320
PARITY Kp_body=100.000 100.000 100.000
PARITY Kd_body=30.000 30.000 30.000
PARITY Kp_ori=100.000 100.000 100.000
PARITY Kd_ori=10.000 10.000 10.000
PARITY Kp_foot=550.000 550.000 550.000
PARITY Kd_foot=10.000 10.000 10.000
PARITY Kp_joint=5.000 5.000 5.000
PARITY Kd_joint=3.000 3.000 3.000
PARITY floating_base_weight=50.000
PARITY control_mode=5.000
[HumanoidEnv] Reset state env_id=0 z=0.327 rpy=[0.002, -0.001, -0.000]
[HumanoidEnv] unhealthy terminate at step=415 z=0.785497 rpy=[-0.504141, -0.360816, 0.233643] v_body=[-1.1782, 4.2651, 2.58323]
PARITY max_torque=23.700 23.700 45.430
PARITY contact_mu=0.450
PARITY body_height=0.320
PARITY Kp_body=100.000 100.000 100.000
PARITY Kd_body=30.000 30.000 30.000
PARITY Kp_ori=100.000 100.000 100.000
PARITY Kd_ori=10.000 10.000 10.000
PARITY Kp_foot=550.000 550.000 550.000
PARITY Kd_foot=10.000 10.000 10.000
PARITY Kp_joint=5.000 5.000 5.000
PARITY Kd_joint=3.000 3.000 3.000
PARITY floating_base_weight=50.000
PARITY control_mode=5.000
-----------------------------------------
| rollout/                |             |
|    ep_len_mean          | 358         |
|    ep_rew_mean          | 15.1        |
| time/                   |             |
|    fps                  | 1885        |
|    iterations           | 142         |
|    time_elapsed         | 9869        |
|    total_timesteps      | 18612224    |
| train/                  |             |
|    adaptive_lr          | 5e-05       |
|    approx_kl            | 0.004587497 |
|    clip_fraction        | 0.237       |
|    clip_range           | 0.1         |
|    clip_range_vf        | 0.2         |
|    entropy_loss         | 11          |
|    explained_variance   | 0.87        |
|    learning_rate        | 5e-05       |
|    loss                 | 0.715       |
|    n_updates            | 4470        |
|    policy_gradient_loss | -0.0014     |
|    std                  | 0.156       |
|    value_loss           | 0.667       |
-----------------------------------------
[HumanoidEnv] Reset state env_id=0 z=0.311 rpy=[-0.001, -0.003, 0.000]
[HumanoidEnv] unhealthy terminate at step=283 z=0.779894 rpy=[1.31845, -0.818682, -0.555211] v_body=[-2.01025, -4.08215, -5.31845]
PARITY max_torque=23.700 23.700 45.430
PARITY contact_mu=0.450
PARITY body_height=0.320
PARITY Kp_body=100.000 100.000 100.000
PARITY Kd_body=30.000 30.000 30.000
PARITY Kp_ori=100.000 100.000 100.000
PARITY Kd_ori=10.000 10.000 10.000
PARITY Kp_foot=550.000 550.000 550.000
PARITY Kd_foot=10.000 10.000 10.000
PARITY Kp_joint=5.000 5.000 5.000
PARITY Kd_joint=3.000 3.000 3.000
PARITY floating_base_weight=50.000
PARITY control_mode=5.000
-----------------------------------------
| rollout/                |             |
|    ep_len_mean          | 360         |
|    ep_rew_mean          | 15.3        |
| time/                   |             |
|    fps                  | 1885        |
|    iterations           | 143         |
|    time_elapsed         | 9939        |
|    total_timesteps      | 18743296    |
| train/                  |             |
|    adaptive_lr          | 5e-05       |
|    approx_kl            | 0.004719505 |
|    clip_fraction        | 0.243       |
|    clip_range           | 0.1         |
|    clip_range_vf        | 0.2         |
|    entropy_loss         | 10.9        |
|    explained_variance   | 0.865       |
|    learning_rate        | 5e-05       |
|    loss                 | 0.897       |
|    n_updates            | 4480        |
|    policy_gradient_loss | -0.00154    |
|    std                  | 0.157       |
|    value_loss           | 0.676       |
-----------------------------------------
[HumanoidEnv] Reset state env_id=0 z=0.324 rpy=[-0.003, -0.002, 0.001]
[HumanoidEnv] unhealthy terminate at step=398 z=0.1973 rpy=[0.367353, -0.215575, -0.0621384] v_body=[-2.05169, -2.24517, -2.57616]
PARITY max_torque=23.700 23.700 45.430
PARITY contact_mu=0.450
PARITY body_height=0.320
PARITY Kp_body=100.000 100.000 100.000
PARITY Kd_body=30.000 30.000 30.000
PARITY Kp_ori=100.000 100.000 100.000
PARITY Kd_ori=10.000 10.000 10.000
PARITY Kp_foot=550.000 550.000 550.000
PARITY Kd_foot=10.000 10.000 10.000
PARITY Kp_joint=5.000 5.000 5.000
PARITY Kd_joint=3.000 3.000 3.000
PARITY floating_base_weight=50.000
PARITY control_mode=5.000
------------------------------------------
| rollout/                |              |
|    ep_len_mean          | 354          |
|    ep_rew_mean          | 14.6         |
| time/                   |              |
|    fps                  | 1885         |
|    iterations           | 144          |
|    time_elapsed         | 10009        |
|    total_timesteps      | 18874368     |
| train/                  |              |
|    adaptive_lr          | 5e-05        |
|    approx_kl            | 0.0044736858 |
|    clip_fraction        | 0.232        |
|    clip_range           | 0.1          |
|    clip_range_vf        | 0.2          |
|    entropy_loss         | 10.8         |
|    explained_variance   | 0.869        |
|    learning_rate        | 5e-05        |
|    loss                 | 0.74         |
|    n_updates            | 4490         |
|    policy_gradient_loss | -0.00121     |
|    std                  | 0.157        |
|    value_loss           | 0.652        |
------------------------------------------
[HumanoidEnv] Reset state env_id=0 z=0.325 rpy=[0.000, -0.003, 0.000]
[HumanoidEnv] unhealthy terminate at step=446 z=0.192317 rpy=[2.172, 0.395575, 2.37067] v_body=[-2.35725, 1.62482, 0.025198]
PARITY max_torque=23.700 23.700 45.430
PARITY contact_mu=0.450
PARITY body_height=0.320
PARITY Kp_body=100.000 100.000 100.000
PARITY Kd_body=30.000 30.000 30.000
PARITY Kp_ori=100.000 100.000 100.000
PARITY Kd_ori=10.000 10.000 10.000
PARITY Kp_foot=550.000 550.000 550.000
PARITY Kd_foot=10.000 10.000 10.000
PARITY Kp_joint=5.000 5.000 5.000
PARITY Kd_joint=3.000 3.000 3.000
PARITY floating_base_weight=50.000
PARITY control_mode=5.000
[HumanoidEnv] Reset state env_id=0 z=0.289 rpy=[0.002, -0.002, 0.001]
[HumanoidEnv] unhealthy terminate at step=343 z=0.76486 rpy=[1.43393, -1.10891, -2.83637] v_body=[-1.67642, 3.90982, 1.82282]
PARITY max_torque=23.700 23.700 45.430
PARITY contact_mu=0.450
PARITY body_height=0.320
PARITY Kp_body=100.000 100.000 100.000
PARITY Kd_body=30.000 30.000 30.000
PARITY Kp_ori=100.000 100.000 100.000
PARITY Kd_ori=10.000 10.000 10.000
PARITY Kp_foot=550.000 550.000 550.000
PARITY Kd_foot=10.000 10.000 10.000
PARITY Kp_joint=5.000 5.000 5.000
PARITY Kd_joint=3.000 3.000 3.000
PARITY floating_base_weight=50.000
PARITY control_mode=5.000
-----------------------------------------
| rollout/                |             |
|    ep_len_mean          | 373         |
|    ep_rew_mean          | 15.6        |
| time/                   |             |
|    fps                  | 1885        |
|    iterations           | 145         |
|    time_elapsed         | 10079       |
|    total_timesteps      | 19005440    |
| train/                  |             |
|    adaptive_lr          | 5e-05       |
|    approx_kl            | 0.004639106 |
|    clip_fraction        | 0.237       |
|    clip_range           | 0.1         |
|    clip_range_vf        | 0.2         |
|    entropy_loss         | 10.7        |
|    explained_variance   | 0.868       |
|    learning_rate        | 5e-05       |
|    loss                 | 0.821       |
|    n_updates            | 4500        |
|    policy_gradient_loss | -0.00169    |
|    std                  | 0.158       |
|    value_loss           | 0.664       |
-----------------------------------------
[HumanoidEnv] Reset state env_id=0 z=0.320 rpy=[-0.003, -0.002, 0.000]
[HumanoidEnv] unhealthy terminate at step=367 z=0.198408 rpy=[-0.93057, 0.0935124, -0.636638] v_body=[-2.14094, -5.28732, 2.38046]
PARITY max_torque=23.700 23.700 45.430
PARITY contact_mu=0.450
PARITY body_height=0.320
PARITY Kp_body=100.000 100.000 100.000
PARITY Kd_body=30.000 30.000 30.000
PARITY Kp_ori=100.000 100.000 100.000
PARITY Kd_ori=10.000 10.000 10.000
PARITY Kp_foot=550.000 550.000 550.000
PARITY Kd_foot=10.000 10.000 10.000
PARITY Kp_joint=5.000 5.000 5.000
PARITY Kd_joint=3.000 3.000 3.000
PARITY floating_base_weight=50.000
PARITY control_mode=5.000
[HumanoidEnv] Reset state env_id=0 z=0.289 rpy=[-0.001, -0.001, 0.001]
[HumanoidEnv] unhealthy terminate at step=224 z=0.189273 rpy=[-0.725365, 0.0267254, 0.0606716] v_body=[-0.075168, 1.3354, -3.55024]
PARITY max_torque=23.700 23.700 45.430
PARITY contact_mu=0.450
PARITY body_height=0.320
PARITY Kp_body=100.000 100.000 100.000
PARITY Kd_body=30.000 30.000 30.000
PARITY Kp_ori=100.000 100.000 100.000
PARITY Kd_ori=10.000 10.000 10.000
PARITY Kp_foot=550.000 550.000 550.000
PARITY Kd_foot=10.000 10.000 10.000
PARITY Kp_joint=5.000 5.000 5.000
PARITY Kd_joint=3.000 3.000 3.000
PARITY floating_base_weight=50.000
PARITY control_mode=5.000
------------------------------------------
| rollout/                |              |
|    ep_len_mean          | 365          |
|    ep_rew_mean          | 15.6         |
| time/                   |              |
|    fps                  | 1885         |
|    iterations           | 146          |
|    time_elapsed         | 10149        |
|    total_timesteps      | 19136512     |
| train/                  |              |
|    adaptive_lr          | 5e-05        |
|    approx_kl            | 0.0045626285 |
|    clip_fraction        | 0.237        |
|    clip_range           | 0.1          |
|    clip_range_vf        | 0.2          |
|    entropy_loss         | 10.6         |
|    explained_variance   | 0.866        |
|    learning_rate        | 5e-05        |
|    loss                 | 0.798        |
|    n_updates            | 4510         |
|    policy_gradient_loss | -0.00174     |
|    std                  | 0.158        |
|    value_loss           | 0.662        |
------------------------------------------
[HumanoidEnv] Reset state env_id=0 z=0.311 rpy=[0.002, -0.003, 0.000]
[HumanoidEnv] unhealthy terminate at step=291 z=0.76238 rpy=[-0.552189, -0.663189, 0.439041] v_body=[-2.80861, 1.82841, 0.341965]
PARITY max_torque=23.700 23.700 45.430
PARITY contact_mu=0.450
PARITY body_height=0.320
PARITY Kp_body=100.000 100.000 100.000
PARITY Kd_body=30.000 30.000 30.000
PARITY Kp_ori=100.000 100.000 100.000
PARITY Kd_ori=10.000 10.000 10.000
PARITY Kp_foot=550.000 550.000 550.000
PARITY Kd_foot=10.000 10.000 10.000
PARITY Kp_joint=5.000 5.000 5.000
PARITY Kd_joint=3.000 3.000 3.000
PARITY floating_base_weight=50.000
PARITY control_mode=5.000
-----------------------------------------
| rollout/                |             |
|    ep_len_mean          | 358         |
|    ep_rew_mean          | 15.1        |
| time/                   |             |
|    fps                  | 1885        |
|    iterations           | 147         |
|    time_elapsed         | 10220       |
|    total_timesteps      | 19267584    |
| train/                  |             |
|    adaptive_lr          | 5e-05       |
|    approx_kl            | 0.004524314 |
|    clip_fraction        | 0.236       |
|    clip_range           | 0.1         |
|    clip_range_vf        | 0.2         |
|    entropy_loss         | 10.6        |
|    explained_variance   | 0.865       |
|    learning_rate        | 5e-05       |
|    loss                 | 0.747       |
|    n_updates            | 4520        |
|    policy_gradient_loss | -0.00143    |
|    std                  | 0.159       |
|    value_loss           | 0.675       |
-----------------------------------------
[HumanoidEnv] Reset state env_id=0 z=0.278 rpy=[0.001, 0.001, 0.001]
[HumanoidEnv] unhealthy terminate at step=398 z=0.759634 rpy=[0.0503996, -0.0407787, -0.0327799] v_body=[2.90801, -1.13177, 4.01351]
PARITY max_torque=23.700 23.700 45.430
PARITY contact_mu=0.450
PARITY body_height=0.320
PARITY Kp_body=100.000 100.000 100.000
PARITY Kd_body=30.000 30.000 30.000
PARITY Kp_ori=100.000 100.000 100.000
PARITY Kd_ori=10.000 10.000 10.000
PARITY Kp_foot=550.000 550.000 550.000
PARITY Kd_foot=10.000 10.000 10.000
PARITY Kp_joint=5.000 5.000 5.000
PARITY Kd_joint=3.000 3.000 3.000
PARITY floating_base_weight=50.000
PARITY control_mode=5.000
------------------------------------------
| rollout/                |              |
|    ep_len_mean          | 352          |
|    ep_rew_mean          | 14.6         |
| time/                   |              |
|    fps                  | 1884         |
|    iterations           | 148          |
|    time_elapsed         | 10291        |
|    total_timesteps      | 19398656     |
| train/                  |              |
|    adaptive_lr          | 5e-05        |
|    approx_kl            | 0.0046105525 |
|    clip_fraction        | 0.233        |
|    clip_range           | 0.1          |
|    clip_range_vf        | 0.2          |
|    entropy_loss         | 10.5         |
|    explained_variance   | 0.863        |
|    learning_rate        | 5e-05        |
|    loss                 | 0.744        |
|    n_updates            | 4530         |
|    policy_gradient_loss | -0.00133     |
|    std                  | 0.159        |
|    value_loss           | 0.674        |
------------------------------------------
[HumanoidEnv] Reset state env_id=0 z=0.318 rpy=[-0.002, -0.003, 0.000]
[HumanoidEnv] unhealthy terminate at step=384 z=0.173885 rpy=[1.28838, 0.104249, 2.93003] v_body=[1.22838, -4.4815, 1.1169]
PARITY max_torque=23.700 23.700 45.430
PARITY contact_mu=0.450
PARITY body_height=0.320
PARITY Kp_body=100.000 100.000 100.000
PARITY Kd_body=30.000 30.000 30.000
PARITY Kp_ori=100.000 100.000 100.000
PARITY Kd_ori=10.000 10.000 10.000
PARITY Kp_foot=550.000 550.000 550.000
PARITY Kd_foot=10.000 10.000 10.000
PARITY Kp_joint=5.000 5.000 5.000
PARITY Kd_joint=3.000 3.000 3.000
PARITY floating_base_weight=50.000
PARITY control_mode=5.000
[HumanoidEnv] Reset state env_id=0 z=0.298 rpy=[0.000, -0.002, 0.000]
[HumanoidEnv] unhealthy terminate at step=262 z=0.199653 rpy=[0.147545, -0.0430596, 0.0601658] v_body=[-2.1586, -0.0706422, -0.0802305]
PARITY max_torque=23.700 23.700 45.430
PARITY contact_mu=0.450
PARITY body_height=0.320
PARITY Kp_body=100.000 100.000 100.000
PARITY Kd_body=30.000 30.000 30.000
PARITY Kp_ori=100.000 100.000 100.000
PARITY Kd_ori=10.000 10.000 10.000
PARITY Kp_foot=550.000 550.000 550.000
PARITY Kd_foot=10.000 10.000 10.000
PARITY Kp_joint=5.000 5.000 5.000
PARITY Kd_joint=3.000 3.000 3.000
PARITY floating_base_weight=50.000
PARITY control_mode=5.000
------------------------------------------
| rollout/                |              |
|    ep_len_mean          | 374          |
|    ep_rew_mean          | 15.1         |
| time/                   |              |
|    fps                  | 1884         |
|    iterations           | 149          |
|    time_elapsed         | 10361        |
|    total_timesteps      | 19529728     |
| train/                  |              |
|    adaptive_lr          | 5e-05        |
|    approx_kl            | 0.0045812246 |
|    clip_fraction        | 0.232        |
|    clip_range           | 0.1          |
|    clip_range_vf        | 0.2          |
|    entropy_loss         | 10.4         |
|    explained_variance   | 0.872        |
|    learning_rate        | 5e-05        |
|    loss                 | 0.673        |
|    n_updates            | 4540         |
|    policy_gradient_loss | -0.0015      |
|    std                  | 0.16         |
|    value_loss           | 0.664        |
------------------------------------------
[HumanoidEnv] Reset state env_id=0 z=0.280 rpy=[0.000, -0.001, 0.000]
[HumanoidEnv] unhealthy terminate at step=335 z=0.182578 rpy=[-2.01497, 0.332458, -2.08538] v_body=[-4.09526, -5.58474, 1.14705]
PARITY max_torque=23.700 23.700 45.430
PARITY contact_mu=0.450
PARITY body_height=0.320
PARITY Kp_body=100.000 100.000 100.000
PARITY Kd_body=30.000 30.000 30.000
PARITY Kp_ori=100.000 100.000 100.000
PARITY Kd_ori=10.000 10.000 10.000
PARITY Kp_foot=550.000 550.000 550.000
PARITY Kd_foot=10.000 10.000 10.000
PARITY Kp_joint=5.000 5.000 5.000
PARITY Kd_joint=3.000 3.000 3.000
PARITY floating_base_weight=50.000
PARITY control_mode=5.000
[HumanoidEnv] Reset state env_id=0 z=0.272 rpy=[-0.002, -0.000, 0.001]
[HumanoidEnv] unhealthy terminate at step=377 z=0.764714 rpy=[1.19957, 0.466931, 1.86019] v_body=[-1.34072, 1.94639, 5.49575]
PARITY max_torque=23.700 23.700 45.430
PARITY contact_mu=0.450
PARITY body_height=0.320
PARITY Kp_body=100.000 100.000 100.000
PARITY Kd_body=30.000 30.000 30.000
PARITY Kp_ori=100.000 100.000 100.000
PARITY Kd_ori=10.000 10.000 10.000
PARITY Kp_foot=550.000 550.000 550.000
PARITY Kd_foot=10.000 10.000 10.000
PARITY Kp_joint=5.000 5.000 5.000
PARITY Kd_joint=3.000 3.000 3.000
PARITY floating_base_weight=50.000
PARITY control_mode=5.000
------------------------------------------
| rollout/                |              |
|    ep_len_mean          | 374          |
|    ep_rew_mean          | 15.5         |
| time/                   |              |
|    fps                  | 1884         |
|    iterations           | 150          |
|    time_elapsed         | 10431        |
|    total_timesteps      | 19660800     |
| train/                  |              |
|    adaptive_lr          | 5e-05        |
|    approx_kl            | 0.0046686484 |
|    clip_fraction        | 0.24         |
|    clip_range           | 0.1          |
|    clip_range_vf        | 0.2          |
|    entropy_loss         | 10.3         |
|    explained_variance   | 0.884        |
|    learning_rate        | 5e-05        |
|    loss                 | 0.598        |
|    n_updates            | 4550         |
|    policy_gradient_loss | -0.00169     |
|    std                  | 0.16         |
|    value_loss           | 0.62         |
------------------------------------------
[HumanoidEnv] Reset state env_id=0 z=0.309 rpy=[-0.001, -0.003, 0.000]
[HumanoidEnv] unhealthy terminate at step=377 z=0.760606 rpy=[0.336702, -0.184721, -0.171791] v_body=[5.34945, -6.77248, 0.720388]
PARITY max_torque=23.700 23.700 45.430
PARITY contact_mu=0.450
PARITY body_height=0.320
PARITY Kp_body=100.000 100.000 100.000
PARITY Kd_body=30.000 30.000 30.000
PARITY Kp_ori=100.000 100.000 100.000
PARITY Kd_ori=10.000 10.000 10.000
PARITY Kp_foot=550.000 550.000 550.000
PARITY Kd_foot=10.000 10.000 10.000
PARITY Kp_joint=5.000 5.000 5.000
PARITY Kd_joint=3.000 3.000 3.000
PARITY floating_base_weight=50.000
PARITY control_mode=5.000
------------------------------------------
| rollout/                |              |
|    ep_len_mean          | 362          |
|    ep_rew_mean          | 15           |
| time/                   |              |
|    fps                  | 1885         |
|    iterations           | 151          |
|    time_elapsed         | 10499        |
|    total_timesteps      | 19791872     |
| train/                  |              |
|    adaptive_lr          | 5e-05        |
|    approx_kl            | 0.0047406843 |
|    clip_fraction        | 0.239        |
|    clip_range           | 0.1          |
|    clip_range_vf        | 0.2          |
|    entropy_loss         | 10.2         |
|    explained_variance   | 0.868        |
|    learning_rate        | 5e-05        |
|    loss                 | 0.706        |
|    n_updates            | 4560         |
|    policy_gradient_loss | -0.00157     |
|    std                  | 0.161        |
|    value_loss           | 0.67         |
------------------------------------------
[HumanoidEnv] Reset state env_id=0 z=0.286 rpy=[0.000, -0.000, 0.000]
[HumanoidEnv] unhealthy terminate at step=410 z=0.191249 rpy=[-1.09874, -0.298055, 0.401378] v_body=[-2.28913, -0.738316, -3.05762]
PARITY max_torque=23.700 23.700 45.430
PARITY contact_mu=0.450
PARITY body_height=0.320
PARITY Kp_body=100.000 100.000 100.000
PARITY Kd_body=30.000 30.000 30.000
PARITY Kp_ori=100.000 100.000 100.000
PARITY Kd_ori=10.000 10.000 10.000
PARITY Kp_foot=550.000 550.000 550.000
PARITY Kd_foot=10.000 10.000 10.000
PARITY Kp_joint=5.000 5.000 5.000
PARITY Kd_joint=3.000 3.000 3.000
PARITY floating_base_weight=50.000
PARITY control_mode=5.000
-----------------------------------------
| rollout/                |             |
|    ep_len_mean          | 373         |
|    ep_rew_mean          | 15.3        |
| time/                   |             |
|    fps                  | 1885        |
|    iterations           | 152         |
|    time_elapsed         | 10567       |
|    total_timesteps      | 19922944    |
| train/                  |             |
|    adaptive_lr          | 5e-05       |
|    approx_kl            | 0.004608487 |
|    clip_fraction        | 0.24        |
|    clip_range           | 0.1         |
|    clip_range_vf        | 0.2         |
|    entropy_loss         | 10.1        |
|    explained_variance   | 0.881       |
|    learning_rate        | 5e-05       |
|    loss                 | 0.711       |
|    n_updates            | 4570        |
|    policy_gradient_loss | -0.00165    |
|    std                  | 0.161       |
|    value_loss           | 0.615       |
-----------------------------------------
[HumanoidEnv] Reset state env_id=0 z=0.307 rpy=[-0.002, -0.001, 0.000]
[HumanoidEnv] unhealthy terminate at step=266 z=0.754683 rpy=[-0.619972, -1.00681, 0.240275] v_body=[-5.52107, 3.88467, -4.92286]
PARITY max_torque=23.700 23.700 45.430
PARITY contact_mu=0.450
PARITY body_height=0.320
PARITY Kp_body=100.000 100.000 100.000
PARITY Kd_body=30.000 30.000 30.000
PARITY Kp_ori=100.000 100.000 100.000
PARITY Kd_ori=10.000 10.000 10.000
PARITY Kp_foot=550.000 550.000 550.000
PARITY Kd_foot=10.000 10.000 10.000
PARITY Kp_joint=5.000 5.000 5.000
PARITY Kd_joint=3.000 3.000 3.000
PARITY floating_base_weight=50.000
PARITY control_mode=5.000
INFO:root:VecNormalize statistics saved at: ./data/gamma4/quadruped_ppo_model_ckpt_20001280_vecnormalize.pkl
INFO:root:Model saved at: ./data/gamma4/quadruped_ppo_model_ckpt_20001280.zip
INFO:root:Checkpoint written at 20001280 timesteps
[HumanoidEnv] Reset state env_id=0 z=0.327 rpy=[-0.002, -0.003, 0.000]
[HumanoidEnv] unhealthy terminate at step=481 z=0.759274 rpy=[2.5741, 0.326491, 1.47447] v_body=[7.30167, 2.67574, -2.21836]
PARITY max_torque=23.700 23.700 45.430
PARITY contact_mu=0.450
PARITY body_height=0.320
PARITY Kp_body=100.000 100.000 100.000
PARITY Kd_body=30.000 30.000 30.000
PARITY Kp_ori=100.000 100.000 100.000
PARITY Kd_ori=10.000 10.000 10.000
PARITY Kp_foot=550.000 550.000 550.000
PARITY Kd_foot=10.000 10.000 10.000
PARITY Kp_joint=5.000 5.000 5.000
PARITY Kd_joint=3.000 3.000 3.000
PARITY floating_base_weight=50.000
PARITY control_mode=5.000
------------------------------------------
| rollout/                |              |
|    ep_len_mean          | 376          |
|    ep_rew_mean          | 15.1         |
| time/                   |              |
|    fps                  | 1885         |
|    iterations           | 153          |
|    time_elapsed         | 10635        |
|    total_timesteps      | 20054016     |
| train/                  |              |
|    adaptive_lr          | 5e-05        |
|    approx_kl            | 0.0047345012 |
|    clip_fraction        | 0.239        |
|    clip_range           | 0.1          |
|    clip_range_vf        | 0.2          |
|    entropy_loss         | 10.1         |
|    explained_variance   | 0.879        |
|    learning_rate        | 5e-05        |
|    loss                 | 0.761        |
|    n_updates            | 4580         |
|    policy_gradient_loss | -0.00158     |
|    std                  | 0.162        |
|    value_loss           | 0.651        |
------------------------------------------
[HumanoidEnv] Reset state env_id=0 z=0.311 rpy=[-0.002, -0.001, 0.000]
[HumanoidEnv] unhealthy terminate at step=502 z=0.199133 rpy=[1.23308, 0.316069, -1.64685] v_body=[-0.0400239, 0.159707, -1.93042]
PARITY max_torque=23.700 23.700 45.430
PARITY contact_mu=0.450
PARITY body_height=0.320
PARITY Kp_body=100.000 100.000 100.000
PARITY Kd_body=30.000 30.000 30.000
PARITY Kp_ori=100.000 100.000 100.000
PARITY Kd_ori=10.000 10.000 10.000
PARITY Kp_foot=550.000 550.000 550.000
PARITY Kd_foot=10.000 10.000 10.000
PARITY Kp_joint=5.000 5.000 5.000
PARITY Kd_joint=3.000 3.000 3.000
PARITY floating_base_weight=50.000
PARITY control_mode=5.000
-----------------------------------------
| rollout/                |             |
|    ep_len_mean          | 367         |
|    ep_rew_mean          | 14.6        |
| time/                   |             |
|    fps                  | 1885        |
|    iterations           | 154         |
|    time_elapsed         | 10702       |
|    total_timesteps      | 20185088    |
| train/                  |             |
|    adaptive_lr          | 5e-05       |
|    approx_kl            | 0.004651779 |
|    clip_fraction        | 0.239       |
|    clip_range           | 0.1         |
|    clip_range_vf        | 0.2         |
|    entropy_loss         | 9.96        |
|    explained_variance   | 0.891       |
|    learning_rate        | 5e-05       |
|    loss                 | 0.611       |
|    n_updates            | 4590        |
|    policy_gradient_loss | -0.00182    |
|    std                  | 0.163       |
|    value_loss           | 0.578       |
-----------------------------------------
[HumanoidEnv] Reset state env_id=0 z=0.306 rpy=[-0.003, -0.003, 0.000]
[HumanoidEnv] unhealthy terminate at step=347 z=0.764382 rpy=[0.696786, -0.0575489, -0.243259] v_body=[0.983436, -4.20935, -0.0416314]
PARITY max_torque=23.700 23.700 45.430
PARITY contact_mu=0.450
PARITY body_height=0.320
PARITY Kp_body=100.000 100.000 100.000
PARITY Kd_body=30.000 30.000 30.000
PARITY Kp_ori=100.000 100.000 100.000
PARITY Kd_ori=10.000 10.000 10.000
PARITY Kp_foot=550.000 550.000 550.000
PARITY Kd_foot=10.000 10.000 10.000
PARITY Kp_joint=5.000 5.000 5.000
PARITY Kd_joint=3.000 3.000 3.000
PARITY floating_base_weight=50.000
PARITY control_mode=5.000
-----------------------------------------
| rollout/                |             |
|    ep_len_mean          | 369         |
|    ep_rew_mean          | 14.9        |
| time/                   |             |
|    fps                  | 1886        |
|    iterations           | 155         |
|    time_elapsed         | 10771       |
|    total_timesteps      | 20316160    |
| train/                  |             |
|    adaptive_lr          | 5e-05       |
|    approx_kl            | 0.004665941 |
|    clip_fraction        | 0.239       |
|    clip_range           | 0.1         |
|    clip_range_vf        | 0.2         |
|    entropy_loss         | 9.88        |
|    explained_variance   | 0.89        |
|    learning_rate        | 5e-05       |
|    loss                 | 0.657       |
|    n_updates            | 4600        |
|    policy_gradient_loss | -0.00196    |
|    std                  | 0.163       |
|    value_loss           | 0.592       |
-----------------------------------------
[HumanoidEnv] Reset state env_id=0 z=0.303 rpy=[-0.001, -0.003, 0.000]
[HumanoidEnv] unhealthy terminate at step=319 z=0.756659 rpy=[-1.90933, -1.07838, -0.949343] v_body=[0.0762268, 8.72547, 5.6771]
PARITY max_torque=23.700 23.700 45.430
PARITY contact_mu=0.450
PARITY body_height=0.320
PARITY Kp_body=100.000 100.000 100.000
PARITY Kd_body=30.000 30.000 30.000
PARITY Kp_ori=100.000 100.000 100.000
PARITY Kd_ori=10.000 10.000 10.000
PARITY Kp_foot=550.000 550.000 550.000
PARITY Kd_foot=10.000 10.000 10.000
PARITY Kp_joint=5.000 5.000 5.000
PARITY Kd_joint=3.000 3.000 3.000
PARITY floating_base_weight=50.000
PARITY control_mode=5.000
[HumanoidEnv] Reset state env_id=0 z=0.319 rpy=[0.000, -0.002, 0.000]
[HumanoidEnv] unhealthy terminate at step=344 z=0.19805 rpy=[0.594437, 0.224365, -0.0300793] v_body=[2.51775, -1.00153, -2.6006]
PARITY max_torque=23.700 23.700 45.430
PARITY contact_mu=0.450
PARITY body_height=0.320
PARITY Kp_body=100.000 100.000 100.000
PARITY Kd_body=30.000 30.000 30.000
PARITY Kp_ori=100.000 100.000 100.000
PARITY Kd_ori=10.000 10.000 10.000
PARITY Kp_foot=550.000 550.000 550.000
PARITY Kd_foot=10.000 10.000 10.000
PARITY Kp_joint=5.000 5.000 5.000
PARITY Kd_joint=3.000 3.000 3.000
PARITY floating_base_weight=50.000
PARITY control_mode=5.000
-----------------------------------------
| rollout/                |             |
|    ep_len_mean          | 387         |
|    ep_rew_mean          | 15.8        |
| time/                   |             |
|    fps                  | 1886        |
|    iterations           | 156         |
|    time_elapsed         | 10839       |
|    total_timesteps      | 20447232    |
| train/                  |             |
|    adaptive_lr          | 5e-05       |
|    approx_kl            | 0.004801523 |
|    clip_fraction        | 0.24        |
|    clip_range           | 0.1         |
|    clip_range_vf        | 0.2         |
|    entropy_loss         | 9.8         |
|    explained_variance   | 0.889       |
|    learning_rate        | 5e-05       |
|    loss                 | 0.738       |
|    n_updates            | 4610        |
|    policy_gradient_loss | -0.00212    |
|    std                  | 0.164       |
|    value_loss           | 0.603       |
-----------------------------------------
[HumanoidEnv] Reset state env_id=0 z=0.302 rpy=[-0.002, -0.003, 0.000]
[HumanoidEnv] unhealthy terminate at step=437 z=0.776416 rpy=[0.407186, 0.170398, 0.942254] v_body=[2.65988, 5.4205, 3.96529]
PARITY max_torque=23.700 23.700 45.430
PARITY contact_mu=0.450
PARITY body_height=0.320
PARITY Kp_body=100.000 100.000 100.000
PARITY Kd_body=30.000 30.000 30.000
PARITY Kp_ori=100.000 100.000 100.000
PARITY Kd_ori=10.000 10.000 10.000
PARITY Kp_foot=550.000 550.000 550.000
PARITY Kd_foot=10.000 10.000 10.000
PARITY Kp_joint=5.000 5.000 5.000
PARITY Kd_joint=3.000 3.000 3.000
PARITY floating_base_weight=50.000
PARITY control_mode=5.000
-----------------------------------------
| rollout/                |             |
|    ep_len_mean          | 371         |
|    ep_rew_mean          | 15          |
| time/                   |             |
|    fps                  | 1886        |
|    iterations           | 157         |
|    time_elapsed         | 10907       |
|    total_timesteps      | 20578304    |
| train/                  |             |
|    adaptive_lr          | 5e-05       |
|    approx_kl            | 0.004567181 |
|    clip_fraction        | 0.234       |
|    clip_range           | 0.1         |
|    clip_range_vf        | 0.2         |
|    entropy_loss         | 9.72        |
|    explained_variance   | 0.884       |
|    learning_rate        | 5e-05       |
|    loss                 | 0.722       |
|    n_updates            | 4620        |
|    policy_gradient_loss | -0.00169    |
|    std                  | 0.164       |
|    value_loss           | 0.581       |
-----------------------------------------
[HumanoidEnv] Reset state env_id=0 z=0.325 rpy=[-0.003, -0.004, 0.000]
[HumanoidEnv] unhealthy terminate at step=464 z=0.760671 rpy=[1.31598, -0.743428, -0.818486] v_body=[-3.03267, -1.17092, -6.0864]
PARITY max_torque=23.700 23.700 45.430
PARITY contact_mu=0.450
PARITY body_height=0.320
PARITY Kp_body=100.000 100.000 100.000
PARITY Kd_body=30.000 30.000 30.000
PARITY Kp_ori=100.000 100.000 100.000
PARITY Kd_ori=10.000 10.000 10.000
PARITY Kp_foot=550.000 550.000 550.000
PARITY Kd_foot=10.000 10.000 10.000
PARITY Kp_joint=5.000 5.000 5.000
PARITY Kd_joint=3.000 3.000 3.000
PARITY floating_base_weight=50.000
PARITY control_mode=5.000
------------------------------------------
| rollout/                |              |
|    ep_len_mean          | 383          |
|    ep_rew_mean          | 15.5         |
| time/                   |              |
|    fps                  | 1886         |
|    iterations           | 158          |
|    time_elapsed         | 10975        |
|    total_timesteps      | 20709376     |
| train/                  |              |
|    adaptive_lr          | 5e-05        |
|    approx_kl            | 0.0046248455 |
|    clip_fraction        | 0.238        |
|    clip_range           | 0.1          |
|    clip_range_vf        | 0.2          |
|    entropy_loss         | 9.63         |
|    explained_variance   | 0.88         |
|    learning_rate        | 5e-05        |
|    loss                 | 0.756        |
|    n_updates            | 4630         |
|    policy_gradient_loss | -0.00195     |
|    std                  | 0.165        |
|    value_loss           | 0.612        |
------------------------------------------
[HumanoidEnv] Reset state env_id=0 z=0.306 rpy=[-0.001, -0.003, -0.000]
[HumanoidEnv] unhealthy terminate at step=398 z=0.190258 rpy=[1.22357, 0.260765, -0.809659] v_body=[-1.89174, 0.323846, -4.51422]
PARITY max_torque=23.700 23.700 45.430
PARITY contact_mu=0.450
PARITY body_height=0.320
PARITY Kp_body=100.000 100.000 100.000
PARITY Kd_body=30.000 30.000 30.000
PARITY Kp_ori=100.000 100.000 100.000
PARITY Kd_ori=10.000 10.000 10.000
PARITY Kp_foot=550.000 550.000 550.000
PARITY Kd_foot=10.000 10.000 10.000
PARITY Kp_joint=5.000 5.000 5.000
PARITY Kd_joint=3.000 3.000 3.000
PARITY floating_base_weight=50.000
PARITY control_mode=5.000
------------------------------------------
| rollout/                |              |
|    ep_len_mean          | 371          |
|    ep_rew_mean          | 15.6         |
| time/                   |              |
|    fps                  | 1887         |
|    iterations           | 159          |
|    time_elapsed         | 11042        |
|    total_timesteps      | 20840448     |
| train/                  |              |
|    adaptive_lr          | 5e-05        |
|    approx_kl            | 0.0045083873 |
|    clip_fraction        | 0.233        |
|    clip_range           | 0.1          |
|    clip_range_vf        | 0.2          |
|    entropy_loss         | 9.55         |
|    explained_variance   | 0.883        |
|    learning_rate        | 5e-05        |
|    loss                 | 0.679        |
|    n_updates            | 4640         |
|    policy_gradient_loss | -0.00167     |
|    std                  | 0.165        |
|    value_loss           | 0.604        |
------------------------------------------
[HumanoidEnv] Reset state env_id=0 z=0.301 rpy=[0.001, -0.001, 0.000]
[HumanoidEnv] unhealthy terminate at step=433 z=0.179898 rpy=[3.10759, 0.140115, 2.69219] v_body=[6.30454, 2.98739, 3.14691]
PARITY max_torque=23.700 23.700 45.430
PARITY contact_mu=0.450
PARITY body_height=0.320
PARITY Kp_body=100.000 100.000 100.000
PARITY Kd_body=30.000 30.000 30.000
PARITY Kp_ori=100.000 100.000 100.000
PARITY Kd_ori=10.000 10.000 10.000
PARITY Kp_foot=550.000 550.000 550.000
PARITY Kd_foot=10.000 10.000 10.000
PARITY Kp_joint=5.000 5.000 5.000
PARITY Kd_joint=3.000 3.000 3.000
PARITY floating_base_weight=50.000
PARITY control_mode=5.000
[HumanoidEnv] Reset state env_id=0 z=0.288 rpy=[0.002, 0.000, 0.001]
[HumanoidEnv] unhealthy terminate at step=351 z=0.192893 rpy=[-2.40923, -0.433835, -0.0434825] v_body=[2.1812, -3.52801, -1.14958]
PARITY max_torque=23.700 23.700 45.430
PARITY contact_mu=0.450
PARITY body_height=0.320
PARITY Kp_body=100.000 100.000 100.000
PARITY Kd_body=30.000 30.000 30.000
PARITY Kp_ori=100.000 100.000 100.000
PARITY Kd_ori=10.000 10.000 10.000
PARITY Kp_foot=550.000 550.000 550.000
PARITY Kd_foot=10.000 10.000 10.000
PARITY Kp_joint=5.000 5.000 5.000
PARITY Kd_joint=3.000 3.000 3.000
PARITY floating_base_weight=50.000
PARITY control_mode=5.000
------------------------------------------
| rollout/                |              |
|    ep_len_mean          | 389          |
|    ep_rew_mean          | 15.8         |
| time/                   |              |
|    fps                  | 1887         |
|    iterations           | 160          |
|    time_elapsed         | 11110        |
|    total_timesteps      | 20971520     |
| train/                  |              |
|    adaptive_lr          | 5e-05        |
|    approx_kl            | 0.0045639435 |
|    clip_fraction        | 0.235        |
|    clip_range           | 0.1          |
|    clip_range_vf        | 0.2          |
|    entropy_loss         | 9.47         |
|    explained_variance   | 0.875        |
|    learning_rate        | 5e-05        |
|    loss                 | 0.826        |
|    n_updates            | 4650         |
|    policy_gradient_loss | -0.00177     |
|    std                  | 0.166        |
|    value_loss           | 0.627        |
------------------------------------------
[HumanoidEnv] Reset state env_id=0 z=0.306 rpy=[0.002, -0.003, -0.000]
[HumanoidEnv] unhealthy terminate at step=515 z=0.192282 rpy=[1.52358, 0.117315, -0.0227816] v_body=[7.08046, 0.710991, -4.37181]
PARITY max_torque=23.700 23.700 45.430
PARITY contact_mu=0.450
PARITY body_height=0.320
PARITY Kp_body=100.000 100.000 100.000
PARITY Kd_body=30.000 30.000 30.000
PARITY Kp_ori=100.000 100.000 100.000
PARITY Kd_ori=10.000 10.000 10.000
PARITY Kp_foot=550.000 550.000 550.000
PARITY Kd_foot=10.000 10.000 10.000
PARITY Kp_joint=5.000 5.000 5.000
PARITY Kd_joint=3.000 3.000 3.000
PARITY floating_base_weight=50.000
PARITY control_mode=5.000
-----------------------------------------
| rollout/                |             |
|    ep_len_mean          | 385         |
|    ep_rew_mean          | 15.9        |
| time/                   |             |
|    fps                  | 1887        |
|    iterations           | 161         |
|    time_elapsed         | 11178       |
|    total_timesteps      | 21102592    |
| train/                  |             |
|    adaptive_lr          | 5e-05       |
|    approx_kl            | 0.004655428 |
|    clip_fraction        | 0.242       |
|    clip_range           | 0.1         |
|    clip_range_vf        | 0.2         |
|    entropy_loss         | 9.38        |
|    explained_variance   | 0.886       |
|    learning_rate        | 5e-05       |
|    loss                 | 0.756       |
|    n_updates            | 4660        |
|    policy_gradient_loss | -0.00202    |
|    std                  | 0.166       |
|    value_loss           | 0.588       |
-----------------------------------------
[HumanoidEnv] Reset state env_id=0 z=0.273 rpy=[-0.000, -0.000, 0.001]
[HumanoidEnv] unhealthy terminate at step=221 z=0.753589 rpy=[0.322302, -0.171159, -0.0907715] v_body=[4.78427, -2.78254, 4.39883]
PARITY max_torque=23.700 23.700 45.430
PARITY contact_mu=0.450
PARITY body_height=0.320
PARITY Kp_body=100.000 100.000 100.000
PARITY Kd_body=30.000 30.000 30.000
PARITY Kp_ori=100.000 100.000 100.000
PARITY Kd_ori=10.000 10.000 10.000
PARITY Kp_foot=550.000 550.000 550.000
PARITY Kd_foot=10.000 10.000 10.000
PARITY Kp_joint=5.000 5.000 5.000
PARITY Kd_joint=3.000 3.000 3.000
PARITY floating_base_weight=50.000
PARITY control_mode=5.000
------------------------------------------
| rollout/                |              |
|    ep_len_mean          | 381          |
|    ep_rew_mean          | 15.9         |
| time/                   |              |
|    fps                  | 1888         |
|    iterations           | 162          |
|    time_elapsed         | 11246        |
|    total_timesteps      | 21233664     |
| train/                  |              |
|    adaptive_lr          | 5e-05        |
|    approx_kl            | 0.0046383305 |
|    clip_fraction        | 0.235        |
|    clip_range           | 0.1          |
|    clip_range_vf        | 0.2          |
|    entropy_loss         | 9.29         |
|    explained_variance   | 0.882        |
|    learning_rate        | 5e-05        |
|    loss                 | 0.714        |
|    n_updates            | 4670         |
|    policy_gradient_loss | -0.00167     |
|    std                  | 0.167        |
|    value_loss           | 0.61         |
------------------------------------------
[HumanoidEnv] Reset state env_id=0 z=0.301 rpy=[-0.002, -0.002, 0.000]
[HumanoidEnv] unhealthy terminate at step=379 z=0.751559 rpy=[-0.164902, 0.0293281, 0.53379] v_body=[2.5367, 7.0926, 3.22545]
PARITY max_torque=23.700 23.700 45.430
PARITY contact_mu=0.450
PARITY body_height=0.320
PARITY Kp_body=100.000 100.000 100.000
PARITY Kd_body=30.000 30.000 30.000
PARITY Kp_ori=100.000 100.000 100.000
PARITY Kd_ori=10.000 10.000 10.000
PARITY Kp_foot=550.000 550.000 550.000
PARITY Kd_foot=10.000 10.000 10.000
PARITY Kp_joint=5.000 5.000 5.000
PARITY Kd_joint=3.000 3.000 3.000
PARITY floating_base_weight=50.000
PARITY control_mode=5.000
[HumanoidEnv] Reset state env_id=0 z=0.305 rpy=[-0.003, -0.004, 0.000]
[HumanoidEnv] unhealthy terminate at step=375 z=0.756583 rpy=[1.18823, 0.101197, -0.189325] v_body=[3.84407, -3.50761, -2.98273]
PARITY max_torque=23.700 23.700 45.430
PARITY contact_mu=0.450
PARITY body_height=0.320
PARITY Kp_body=100.000 100.000 100.000
PARITY Kd_body=30.000 30.000 30.000
PARITY Kp_ori=100.000 100.000 100.000
PARITY Kd_ori=10.000 10.000 10.000
PARITY Kp_foot=550.000 550.000 550.000
PARITY Kd_foot=10.000 10.000 10.000
PARITY Kp_joint=5.000 5.000 5.000
PARITY Kd_joint=3.000 3.000 3.000
PARITY floating_base_weight=50.000
PARITY control_mode=5.000
-----------------------------------------
| rollout/                |             |
|    ep_len_mean          | 391         |
|    ep_rew_mean          | 16.1        |
| time/                   |             |
|    fps                  | 1888        |
|    iterations           | 163         |
|    time_elapsed         | 11313       |
|    total_timesteps      | 21364736    |
| train/                  |             |
|    adaptive_lr          | 5e-05       |
|    approx_kl            | 0.004450987 |
|    clip_fraction        | 0.237       |
|    clip_range           | 0.1         |
|    clip_range_vf        | 0.2         |
|    entropy_loss         | 9.2         |
|    explained_variance   | 0.877       |
|    learning_rate        | 5e-05       |
|    loss                 | 0.813       |
|    n_updates            | 4680        |
|    policy_gradient_loss | -0.00181    |
|    std                  | 0.168       |
|    value_loss           | 0.622       |
-----------------------------------------
[HumanoidEnv] Reset state env_id=0 z=0.326 rpy=[0.001, -0.003, -0.000]
[HumanoidEnv] unhealthy terminate at step=384 z=0.192806 rpy=[-2.73901, -0.469674, 3.07156] v_body=[-0.270151, -1.26667, 2.77933]
PARITY max_torque=23.700 23.700 45.430
PARITY contact_mu=0.450
PARITY body_height=0.320
PARITY Kp_body=100.000 100.000 100.000
PARITY Kd_body=30.000 30.000 30.000
PARITY Kp_ori=100.000 100.000 100.000
PARITY Kd_ori=10.000 10.000 10.000
PARITY Kp_foot=550.000 550.000 550.000
PARITY Kd_foot=10.000 10.000 10.000
PARITY Kp_joint=5.000 5.000 5.000
PARITY Kd_joint=3.000 3.000 3.000
PARITY floating_base_weight=50.000
PARITY control_mode=5.000
------------------------------------------
| rollout/                |              |
|    ep_len_mean          | 376          |
|    ep_rew_mean          | 15.5         |
| time/                   |              |
|    fps                  | 1888         |
|    iterations           | 164          |
|    time_elapsed         | 11380        |
|    total_timesteps      | 21495808     |
| train/                  |              |
|    adaptive_lr          | 5e-05        |
|    approx_kl            | 0.0046294257 |
|    clip_fraction        | 0.237        |
|    clip_range           | 0.1          |
|    clip_range_vf        | 0.2          |
|    entropy_loss         | 9.11         |
|    explained_variance   | 0.881        |
|    learning_rate        | 5e-05        |
|    loss                 | 0.695        |
|    n_updates            | 4690         |
|    policy_gradient_loss | -0.00184     |
|    std                  | 0.168        |
|    value_loss           | 0.611        |
------------------------------------------
[HumanoidEnv] Reset state env_id=0 z=0.321 rpy=[-0.000, -0.002, 0.000]
[HumanoidEnv] unhealthy terminate at step=306 z=0.198366 rpy=[-2.8598, 0.0234967, 0.771116] v_body=[5.52643, -2.26865, -1.54994]
PARITY max_torque=23.700 23.700 45.430
PARITY contact_mu=0.450
PARITY body_height=0.320
PARITY Kp_body=100.000 100.000 100.000
PARITY Kd_body=30.000 30.000 30.000
PARITY Kp_ori=100.000 100.000 100.000
PARITY Kd_ori=10.000 10.000 10.000
PARITY Kp_foot=550.000 550.000 550.000
PARITY Kd_foot=10.000 10.000 10.000
PARITY Kp_joint=5.000 5.000 5.000
PARITY Kd_joint=3.000 3.000 3.000
PARITY floating_base_weight=50.000
PARITY control_mode=5.000
[HumanoidEnv] Reset state env_id=0 z=0.326 rpy=[0.001, -0.003, -0.000]
[HumanoidEnv] unhealthy terminate at step=259 z=0.773426 rpy=[0.422851, -0.675979, -0.182283] v_body=[-2.69515, -2.74253, 2.25637]
PARITY max_torque=23.700 23.700 45.430
PARITY contact_mu=0.450
PARITY body_height=0.320
PARITY Kp_body=100.000 100.000 100.000
PARITY Kd_body=30.000 30.000 30.000
PARITY Kp_ori=100.000 100.000 100.000
PARITY Kd_ori=10.000 10.000 10.000
PARITY Kp_foot=550.000 550.000 550.000
PARITY Kd_foot=10.000 10.000 10.000
PARITY Kp_joint=5.000 5.000 5.000
PARITY Kd_joint=3.000 3.000 3.000
PARITY floating_base_weight=50.000
PARITY control_mode=5.000
-----------------------------------------
| rollout/                |             |
|    ep_len_mean          | 380         |
|    ep_rew_mean          | 15.6        |
| time/                   |             |
|    fps                  | 1889        |
|    iterations           | 165         |
|    time_elapsed         | 11448       |
|    total_timesteps      | 21626880    |
| train/                  |             |
|    adaptive_lr          | 5e-05       |
|    approx_kl            | 0.004526199 |
|    clip_fraction        | 0.231       |
|    clip_range           | 0.1         |
|    clip_range_vf        | 0.2         |
|    entropy_loss         | 9.04        |
|    explained_variance   | 0.885       |
|    learning_rate        | 5e-05       |
|    loss                 | 0.696       |
|    n_updates            | 4700        |
|    policy_gradient_loss | -0.00184    |
|    std                  | 0.169       |
|    value_loss           | 0.593       |
-----------------------------------------
[HumanoidEnv] Reset state env_id=0 z=0.323 rpy=[0.002, -0.001, 0.000]
[HumanoidEnv] unhealthy terminate at step=449 z=0.198711 rpy=[-1.3585, 0.181542, 2.62227] v_body=[-0.410119, 1.02146, 1.33087]
PARITY max_torque=23.700 23.700 45.430
PARITY contact_mu=0.450
PARITY body_height=0.320
PARITY Kp_body=100.000 100.000 100.000
PARITY Kd_body=30.000 30.000 30.000
PARITY Kp_ori=100.000 100.000 100.000
PARITY Kd_ori=10.000 10.000 10.000
PARITY Kp_foot=550.000 550.000 550.000
PARITY Kd_foot=10.000 10.000 10.000
PARITY Kp_joint=5.000 5.000 5.000
PARITY Kd_joint=3.000 3.000 3.000
PARITY floating_base_weight=50.000
PARITY control_mode=5.000
------------------------------------------
| rollout/                |              |
|    ep_len_mean          | 374          |
|    ep_rew_mean          | 15.4         |
| time/                   |              |
|    fps                  | 1889         |
|    iterations           | 166          |
|    time_elapsed         | 11516        |
|    total_timesteps      | 21757952     |
| train/                  |              |
|    adaptive_lr          | 5e-05        |
|    approx_kl            | 0.0045125387 |
|    clip_fraction        | 0.24         |
|    clip_range           | 0.1          |
|    clip_range_vf        | 0.2          |
|    entropy_loss         | 8.95         |
|    explained_variance   | 0.884        |
|    learning_rate        | 5e-05        |
|    loss                 | 0.643        |
|    n_updates            | 4710         |
|    policy_gradient_loss | -0.00186     |
|    std                  | 0.169        |
|    value_loss           | 0.608        |
------------------------------------------
[HumanoidEnv] Reset state env_id=0 z=0.284 rpy=[-0.001, -0.001, 0.001]
[HumanoidEnv] unhealthy terminate at step=335 z=0.191555 rpy=[-2.04753, 0.232557, 3.0831] v_body=[-4.05144, 1.9132, -1.52693]
PARITY max_torque=23.700 23.700 45.430
PARITY contact_mu=0.450
PARITY body_height=0.320
PARITY Kp_body=100.000 100.000 100.000
PARITY Kd_body=30.000 30.000 30.000
PARITY Kp_ori=100.000 100.000 100.000
PARITY Kd_ori=10.000 10.000 10.000
PARITY Kp_foot=550.000 550.000 550.000
PARITY Kd_foot=10.000 10.000 10.000
PARITY Kp_joint=5.000 5.000 5.000
PARITY Kd_joint=3.000 3.000 3.000
PARITY floating_base_weight=50.000
PARITY control_mode=5.000
[HumanoidEnv] Reset state env_id=0 z=0.299 rpy=[-0.002, 0.001, 0.001]
[HumanoidEnv] unhealthy terminate at step=305 z=0.199486 rpy=[-2.35337, -0.136083, 0.700368] v_body=[3.1158, -0.755573, -1.61451]
PARITY max_torque=23.700 23.700 45.430
PARITY contact_mu=0.450
PARITY body_height=0.320
PARITY Kp_body=100.000 100.000 100.000
PARITY Kd_body=30.000 30.000 30.000
PARITY Kp_ori=100.000 100.000 100.000
PARITY Kd_ori=10.000 10.000 10.000
PARITY Kp_foot=550.000 550.000 550.000
PARITY Kd_foot=10.000 10.000 10.000
PARITY Kp_joint=5.000 5.000 5.000
PARITY Kd_joint=3.000 3.000 3.000
PARITY floating_base_weight=50.000
PARITY control_mode=5.000
------------------------------------------
| rollout/                |              |
|    ep_len_mean          | 355          |
|    ep_rew_mean          | 14.6         |
| time/                   |              |
|    fps                  | 1889         |
|    iterations           | 167          |
|    time_elapsed         | 11583        |
|    total_timesteps      | 21889024     |
| train/                  |              |
|    adaptive_lr          | 5e-05        |
|    approx_kl            | 0.0046660285 |
|    clip_fraction        | 0.238        |
|    clip_range           | 0.1          |
|    clip_range_vf        | 0.2          |
|    entropy_loss         | 8.87         |
|    explained_variance   | 0.887        |
|    learning_rate        | 5e-05        |
|    loss                 | 0.634        |
|    n_updates            | 4720         |
|    policy_gradient_loss | -0.00201     |
|    std                  | 0.17         |
|    value_loss           | 0.608        |
------------------------------------------
[HumanoidEnv] Reset state env_id=0 z=0.290 rpy=[-0.002, -0.001, 0.000]
[HumanoidEnv] unhealthy terminate at step=421 z=0.750006 rpy=[-2.45973, 0.53834, 1.19835] v_body=[-5.11921, -3.5814, 5.72823]
PARITY max_torque=23.700 23.700 45.430
PARITY contact_mu=0.450
PARITY body_height=0.320
PARITY Kp_body=100.000 100.000 100.000
PARITY Kd_body=30.000 30.000 30.000
PARITY Kp_ori=100.000 100.000 100.000
PARITY Kd_ori=10.000 10.000 10.000
PARITY Kp_foot=550.000 550.000 550.000
PARITY Kd_foot=10.000 10.000 10.000
PARITY Kp_joint=5.000 5.000 5.000
PARITY Kd_joint=3.000 3.000 3.000
PARITY floating_base_weight=50.000
PARITY control_mode=5.000
INFO:root:VecNormalize statistics saved at: ./data/gamma4/quadruped_ppo_model_ckpt_22001408_vecnormalize.pkl
INFO:root:Model saved at: ./data/gamma4/quadruped_ppo_model_ckpt_22001408.zip
INFO:root:Checkpoint written at 22001408 timesteps
------------------------------------------
| rollout/                |              |
|    ep_len_mean          | 376          |
|    ep_rew_mean          | 15.6         |
| time/                   |              |
|    fps                  | 1889         |
|    iterations           | 168          |
|    time_elapsed         | 11651        |
|    total_timesteps      | 22020096     |
| train/                  |              |
|    adaptive_lr          | 5e-05        |
|    approx_kl            | 0.0045111487 |
|    clip_fraction        | 0.236        |
|    clip_range           | 0.1          |
|    clip_range_vf        | 0.2          |
|    entropy_loss         | 8.79         |
|    explained_variance   | 0.881        |
|    learning_rate        | 5e-05        |
|    loss                 | 0.783        |
|    n_updates            | 4730         |
|    policy_gradient_loss | -0.00184     |
|    std                  | 0.17         |
|    value_loss           | 0.648        |
------------------------------------------
[HumanoidEnv] Reset state env_id=0 z=0.298 rpy=[0.001, -0.001, 0.001]
[HumanoidEnv] unhealthy terminate at step=297 z=0.19741 rpy=[2.06601, 0.603775, 3.12931] v_body=[5.15059, -2.09204, 4.72839]
PARITY max_torque=23.700 23.700 45.430
PARITY contact_mu=0.450
PARITY body_height=0.320
PARITY Kp_body=100.000 100.000 100.000
PARITY Kd_body=30.000 30.000 30.000
PARITY Kp_ori=100.000 100.000 100.000
PARITY Kd_ori=10.000 10.000 10.000
PARITY Kp_foot=550.000 550.000 550.000
PARITY Kd_foot=10.000 10.000 10.000
PARITY Kp_joint=5.000 5.000 5.000
PARITY Kd_joint=3.000 3.000 3.000
PARITY floating_base_weight=50.000
PARITY control_mode=5.000
-----------------------------------------
| rollout/                |             |
|    ep_len_mean          | 367         |
|    ep_rew_mean          | 15.4        |
| time/                   |             |
|    fps                  | 1890        |
|    iterations           | 169         |
|    time_elapsed         | 11718       |
|    total_timesteps      | 22151168    |
| train/                  |             |
|    adaptive_lr          | 5e-05       |
|    approx_kl            | 0.004701752 |
|    clip_fraction        | 0.241       |
|    clip_range           | 0.1         |
|    clip_range_vf        | 0.2         |
|    entropy_loss         | 8.7         |
|    explained_variance   | 0.883       |
|    learning_rate        | 5e-05       |
|    loss                 | 0.783       |
|    n_updates            | 4740        |
|    policy_gradient_loss | -0.00197    |
|    std                  | 0.171       |
|    value_loss           | 0.635       |
-----------------------------------------
[HumanoidEnv] Reset state env_id=0 z=0.324 rpy=[0.002, -0.003, -0.000]
[HumanoidEnv] unhealthy terminate at step=419 z=0.794204 rpy=[0.512013, 0.718812, 1.10006] v_body=[2.8991, 4.17109, 2.11899]
PARITY max_torque=23.700 23.700 45.430
PARITY contact_mu=0.450
PARITY body_height=0.320
PARITY Kp_body=100.000 100.000 100.000
PARITY Kd_body=30.000 30.000 30.000
PARITY Kp_ori=100.000 100.000 100.000
PARITY Kd_ori=10.000 10.000 10.000
PARITY Kp_foot=550.000 550.000 550.000
PARITY Kd_foot=10.000 10.000 10.000
PARITY Kp_joint=5.000 5.000 5.000
PARITY Kd_joint=3.000 3.000 3.000
PARITY floating_base_weight=50.000
PARITY control_mode=5.000
[HumanoidEnv] Reset state env_id=0 z=0.298 rpy=[0.002, -0.003, 0.000]
[HumanoidEnv] unhealthy terminate at step=330 z=0.190156 rpy=[-0.754445, 0.0512127, 0.0547862] v_body=[1.2746, 1.08308, -3.09227]
PARITY max_torque=23.700 23.700 45.430
PARITY contact_mu=0.450
PARITY body_height=0.320
PARITY Kp_body=100.000 100.000 100.000
PARITY Kd_body=30.000 30.000 30.000
PARITY Kp_ori=100.000 100.000 100.000
PARITY Kd_ori=10.000 10.000 10.000
PARITY Kp_foot=550.000 550.000 550.000
PARITY Kd_foot=10.000 10.000 10.000
PARITY Kp_joint=5.000 5.000 5.000
PARITY Kd_joint=3.000 3.000 3.000
PARITY floating_base_weight=50.000
PARITY control_mode=5.000
------------------------------------------
| rollout/                |              |
|    ep_len_mean          | 359          |
|    ep_rew_mean          | 14.9         |
| time/                   |              |
|    fps                  | 1890         |
|    iterations           | 170          |
|    time_elapsed         | 11785        |
|    total_timesteps      | 22282240     |
| train/                  |              |
|    adaptive_lr          | 5e-05        |
|    approx_kl            | 0.0046191122 |
|    clip_fraction        | 0.242        |
|    clip_range           | 0.1          |
|    clip_range_vf        | 0.2          |
|    entropy_loss         | 8.6          |
|    explained_variance   | 0.879        |
|    learning_rate        | 5e-05        |
|    loss                 | 0.745        |
|    n_updates            | 4750         |
|    policy_gradient_loss | -0.00188     |
|    std                  | 0.172        |
|    value_loss           | 0.632        |
------------------------------------------
[HumanoidEnv] Reset state env_id=0 z=0.283 rpy=[-0.001, -0.001, 0.000]
[HumanoidEnv] unhealthy terminate at step=222 z=0.198536 rpy=[-0.479527, -0.0198956, 0.214665] v_body=[-1.36376, 1.23161, -2.46808]
PARITY max_torque=23.700 23.700 45.430
PARITY contact_mu=0.450
PARITY body_height=0.320
PARITY Kp_body=100.000 100.000 100.000
PARITY Kd_body=30.000 30.000 30.000
PARITY Kp_ori=100.000 100.000 100.000
PARITY Kd_ori=10.000 10.000 10.000
PARITY Kp_foot=550.000 550.000 550.000
PARITY Kd_foot=10.000 10.000 10.000
PARITY Kp_joint=5.000 5.000 5.000
PARITY Kd_joint=3.000 3.000 3.000
PARITY floating_base_weight=50.000
PARITY control_mode=5.000
[HumanoidEnv] Reset state env_id=0 z=0.304 rpy=[-0.002, -0.001, 0.000]
[HumanoidEnv] unhealthy terminate at step=410 z=0.782385 rpy=[0.71099, -0.196278, -0.314576] v_body=[1.4218, -8.13009, 0.180803]
PARITY max_torque=23.700 23.700 45.430
PARITY contact_mu=0.450
PARITY body_height=0.320
PARITY Kp_body=100.000 100.000 100.000
PARITY Kd_body=30.000 30.000 30.000
PARITY Kp_ori=100.000 100.000 100.000
PARITY Kd_ori=10.000 10.000 10.000
PARITY Kp_foot=550.000 550.000 550.000
PARITY Kd_foot=10.000 10.000 10.000
PARITY Kp_joint=5.000 5.000 5.000
PARITY Kd_joint=3.000 3.000 3.000
PARITY floating_base_weight=50.000
PARITY control_mode=5.000
------------------------------------------
| rollout/                |              |
|    ep_len_mean          | 353          |
|    ep_rew_mean          | 15           |
| time/                   |              |
|    fps                  | 1890         |
|    iterations           | 171          |
|    time_elapsed         | 11853        |
|    total_timesteps      | 22413312     |
| train/                  |              |
|    adaptive_lr          | 5e-05        |
|    approx_kl            | 0.0045255115 |
|    clip_fraction        | 0.234        |
|    clip_range           | 0.1          |
|    clip_range_vf        | 0.2          |
|    entropy_loss         | 8.51         |
|    explained_variance   | 0.879        |
|    learning_rate        | 5e-05        |
|    loss                 | 0.679        |
|    n_updates            | 4760         |
|    policy_gradient_loss | -0.00181     |
|    std                  | 0.172        |
|    value_loss           | 0.631        |
------------------------------------------
[HumanoidEnv] Reset state env_id=0 z=0.312 rpy=[-0.002, -0.003, 0.000]
[HumanoidEnv] unhealthy terminate at step=343 z=0.198257 rpy=[-1.02143, -0.00558742, -0.00104199] v_body=[-0.885187, 0.513482, -4.73663]
PARITY max_torque=23.700 23.700 45.430
PARITY contact_mu=0.450
PARITY body_height=0.320
PARITY Kp_body=100.000 100.000 100.000
PARITY Kd_body=30.000 30.000 30.000
PARITY Kp_ori=100.000 100.000 100.000
PARITY Kd_ori=10.000 10.000 10.000
PARITY Kp_foot=550.000 550.000 550.000
PARITY Kd_foot=10.000 10.000 10.000
PARITY Kp_joint=5.000 5.000 5.000
PARITY Kd_joint=3.000 3.000 3.000
PARITY floating_base_weight=50.000
PARITY control_mode=5.000
-----------------------------------------
| rollout/                |             |
|    ep_len_mean          | 375         |
|    ep_rew_mean          | 15.5        |
| time/                   |             |
|    fps                  | 1891        |
|    iterations           | 172         |
|    time_elapsed         | 11920       |
|    total_timesteps      | 22544384    |
| train/                  |             |
|    adaptive_lr          | 5e-05       |
|    approx_kl            | 0.004474582 |
|    clip_fraction        | 0.23        |
|    clip_range           | 0.1         |
|    clip_range_vf        | 0.2         |
|    entropy_loss         | 8.43        |
|    explained_variance   | 0.872       |
|    learning_rate        | 5e-05       |
|    loss                 | 0.779       |
|    n_updates            | 4770        |
|    policy_gradient_loss | -0.00167    |
|    std                  | 0.173       |
|    value_loss           | 0.65        |
-----------------------------------------
[HumanoidEnv] Reset state env_id=0 z=0.307 rpy=[-0.002, -0.003, 0.000]
[HumanoidEnv] unhealthy terminate at step=388 z=0.780879 rpy=[0.501674, -0.666285, -0.207259] v_body=[-2.71837, -2.64001, 0.935987]
PARITY max_torque=23.700 23.700 45.430
PARITY contact_mu=0.450
PARITY body_height=0.320
PARITY Kp_body=100.000 100.000 100.000
PARITY Kd_body=30.000 30.000 30.000
PARITY Kp_ori=100.000 100.000 100.000
PARITY Kd_ori=10.000 10.000 10.000
PARITY Kp_foot=550.000 550.000 550.000
PARITY Kd_foot=10.000 10.000 10.000
PARITY Kp_joint=5.000 5.000 5.000
PARITY Kd_joint=3.000 3.000 3.000
PARITY floating_base_weight=50.000
PARITY control_mode=5.000
-----------------------------------------
| rollout/                |             |
|    ep_len_mean          | 366         |
|    ep_rew_mean          | 15.5        |
| time/                   |             |
|    fps                  | 1891        |
|    iterations           | 173         |
|    time_elapsed         | 11987       |
|    total_timesteps      | 22675456    |
| train/                  |             |
|    adaptive_lr          | 5e-05       |
|    approx_kl            | 0.004603577 |
|    clip_fraction        | 0.238       |
|    clip_range           | 0.1         |
|    clip_range_vf        | 0.2         |
|    entropy_loss         | 8.35        |
|    explained_variance   | 0.881       |
|    learning_rate        | 5e-05       |
|    loss                 | 0.657       |
|    n_updates            | 4780        |
|    policy_gradient_loss | -0.00181    |
|    std                  | 0.174       |
|    value_loss           | 0.608       |
-----------------------------------------
[HumanoidEnv] Reset state env_id=0 z=0.288 rpy=[0.001, -0.001, 0.001]
[HumanoidEnv] unhealthy terminate at step=443 z=0.189657 rpy=[2.01391, -0.241976, 0.335774] v_body=[4.86998, 3.96293, -1.22141]
PARITY max_torque=23.700 23.700 45.430
PARITY contact_mu=0.450
PARITY body_height=0.320
PARITY Kp_body=100.000 100.000 100.000
PARITY Kd_body=30.000 30.000 30.000
PARITY Kp_ori=100.000 100.000 100.000
PARITY Kd_ori=10.000 10.000 10.000
PARITY Kp_foot=550.000 550.000 550.000
PARITY Kd_foot=10.000 10.000 10.000
PARITY Kp_joint=5.000 5.000 5.000
PARITY Kd_joint=3.000 3.000 3.000
PARITY floating_base_weight=50.000
PARITY control_mode=5.000
[HumanoidEnv] Reset state env_id=0 z=0.277 rpy=[-0.001, -0.001, 0.001]
[HumanoidEnv] unhealthy terminate at step=310 z=0.771422 rpy=[-0.948508, -0.606475, 0.618378] v_body=[-4.08041, 3.71389, -3.44142]
PARITY max_torque=23.700 23.700 45.430
PARITY contact_mu=0.450
PARITY body_height=0.320
PARITY Kp_body=100.000 100.000 100.000
PARITY Kd_body=30.000 30.000 30.000
PARITY Kp_ori=100.000 100.000 100.000
PARITY Kd_ori=10.000 10.000 10.000
PARITY Kp_foot=550.000 550.000 550.000
PARITY Kd_foot=10.000 10.000 10.000
PARITY Kp_joint=5.000 5.000 5.000
PARITY Kd_joint=3.000 3.000 3.000
PARITY floating_base_weight=50.000
PARITY control_mode=5.000
------------------------------------------
| rollout/                |              |
|    ep_len_mean          | 360          |
|    ep_rew_mean          | 15.3         |
| time/                   |              |
|    fps                  | 1891         |
|    iterations           | 174          |
|    time_elapsed         | 12055        |
|    total_timesteps      | 22806528     |
| train/                  |              |
|    adaptive_lr          | 5e-05        |
|    approx_kl            | 0.0044756653 |
|    clip_fraction        | 0.232        |
|    clip_range           | 0.1          |
|    clip_range_vf        | 0.2          |
|    entropy_loss         | 8.27         |
|    explained_variance   | 0.873        |
|    learning_rate        | 5e-05        |
|    loss                 | 0.73         |
|    n_updates            | 4790         |
|    policy_gradient_loss | -0.00157     |
|    std                  | 0.174        |
|    value_loss           | 0.644        |
------------------------------------------
[HumanoidEnv] Reset state env_id=0 z=0.318 rpy=[0.001, -0.002, -0.000]
[HumanoidEnv] unhealthy terminate at step=450 z=0.754077 rpy=[-0.442916, 0.00532181, 2.17565] v_body=[-2.00235, 2.34655, 4.03035]
PARITY max_torque=23.700 23.700 45.430
PARITY contact_mu=0.450
PARITY body_height=0.320
PARITY Kp_body=100.000 100.000 100.000
PARITY Kd_body=30.000 30.000 30.000
PARITY Kp_ori=100.000 100.000 100.000
PARITY Kd_ori=10.000 10.000 10.000
PARITY Kp_foot=550.000 550.000 550.000
PARITY Kd_foot=10.000 10.000 10.000
PARITY Kp_joint=5.000 5.000 5.000
PARITY Kd_joint=3.000 3.000 3.000
PARITY floating_base_weight=50.000
PARITY control_mode=5.000
-----------------------------------------
| rollout/                |             |
|    ep_len_mean          | 364         |
|    ep_rew_mean          | 15.2        |
| time/                   |             |
|    fps                  | 1891        |
|    iterations           | 175         |
|    time_elapsed         | 12123       |
|    total_timesteps      | 22937600    |
| train/                  |             |
|    adaptive_lr          | 5e-05       |
|    approx_kl            | 0.004737808 |
|    clip_fraction        | 0.24        |
|    clip_range           | 0.1         |
|    clip_range_vf        | 0.2         |
|    entropy_loss         | 8.19        |
|    explained_variance   | 0.887       |
|    learning_rate        | 5e-05       |
|    loss                 | 0.726       |
|    n_updates            | 4800        |
|    policy_gradient_loss | -0.00212    |
|    std                  | 0.175       |
|    value_loss           | 0.596       |
-----------------------------------------
[HumanoidEnv] Reset state env_id=0 z=0.284 rpy=[-0.002, 0.001, 0.001]
[HumanoidEnv] unhealthy terminate at step=603 z=0.192112 rpy=[-0.112473, 0.00894003, 1.76394] v_body=[9.59057, -7.09676, -0.505917]
PARITY max_torque=23.700 23.700 45.430
PARITY contact_mu=0.450
PARITY body_height=0.320
PARITY Kp_body=100.000 100.000 100.000
PARITY Kd_body=30.000 30.000 30.000
PARITY Kp_ori=100.000 100.000 100.000
PARITY Kd_ori=10.000 10.000 10.000
PARITY Kp_foot=550.000 550.000 550.000
PARITY Kd_foot=10.000 10.000 10.000
PARITY Kp_joint=5.000 5.000 5.000
PARITY Kd_joint=3.000 3.000 3.000
PARITY floating_base_weight=50.000
PARITY control_mode=5.000
-----------------------------------------
| rollout/                |             |
|    ep_len_mean          | 369         |
|    ep_rew_mean          | 15.1        |
| time/                   |             |
|    fps                  | 1892        |
|    iterations           | 176         |
|    time_elapsed         | 12191       |
|    total_timesteps      | 23068672    |
| train/                  |             |
|    adaptive_lr          | 5e-05       |
|    approx_kl            | 0.004433019 |
|    clip_fraction        | 0.232       |
|    clip_range           | 0.1         |
|    clip_range_vf        | 0.2         |
|    entropy_loss         | 8.11        |
|    explained_variance   | 0.886       |
|    learning_rate        | 5e-05       |
|    loss                 | 0.687       |
|    n_updates            | 4810        |
|    policy_gradient_loss | -0.00186    |
|    std                  | 0.175       |
|    value_loss           | 0.601       |
-----------------------------------------
[HumanoidEnv] Reset state env_id=0 z=0.293 rpy=[0.001, -0.002, 0.000]
[HumanoidEnv] unhealthy terminate at step=318 z=0.179918 rpy=[0.780793, -0.0597333, -0.22862] v_body=[-2.35332, 0.0643492, -3.75209]
PARITY max_torque=23.700 23.700 45.430
PARITY contact_mu=0.450
PARITY body_height=0.320
PARITY Kp_body=100.000 100.000 100.000
PARITY Kd_body=30.000 30.000 30.000
PARITY Kp_ori=100.000 100.000 100.000
PARITY Kd_ori=10.000 10.000 10.000
PARITY Kp_foot=550.000 550.000 550.000
PARITY Kd_foot=10.000 10.000 10.000
PARITY Kp_joint=5.000 5.000 5.000
PARITY Kd_joint=3.000 3.000 3.000
PARITY floating_base_weight=50.000
PARITY control_mode=5.000
------------------------------------------
| rollout/                |              |
|    ep_len_mean          | 359          |
|    ep_rew_mean          | 15           |
| time/                   |              |
|    fps                  | 1892         |
|    iterations           | 177          |
|    time_elapsed         | 12258        |
|    total_timesteps      | 23199744     |
| train/                  |              |
|    adaptive_lr          | 5e-05        |
|    approx_kl            | 0.0046388926 |
|    clip_fraction        | 0.241        |
|    clip_range           | 0.1          |
|    clip_range_vf        | 0.2          |
|    entropy_loss         | 8.02         |
|    explained_variance   | 0.899        |
|    learning_rate        | 5e-05        |
|    loss                 | 0.609        |
|    n_updates            | 4820         |
|    policy_gradient_loss | -0.00226     |
|    std                  | 0.176        |
|    value_loss           | 0.563        |
------------------------------------------
[HumanoidEnv] Reset state env_id=0 z=0.291 rpy=[0.002, -0.002, 0.000]
[HumanoidEnv] unhealthy terminate at step=300 z=0.198943 rpy=[0.741464, -0.326264, -0.342143] v_body=[-2.57714, -0.408462, -2.75522]
PARITY max_torque=23.700 23.700 45.430
PARITY contact_mu=0.450
PARITY body_height=0.320
PARITY Kp_body=100.000 100.000 100.000
PARITY Kd_body=30.000 30.000 30.000
PARITY Kp_ori=100.000 100.000 100.000
PARITY Kd_ori=10.000 10.000 10.000
PARITY Kp_foot=550.000 550.000 550.000
PARITY Kd_foot=10.000 10.000 10.000
PARITY Kp_joint=5.000 5.000 5.000
PARITY Kd_joint=3.000 3.000 3.000
PARITY floating_base_weight=50.000
PARITY control_mode=5.000
[HumanoidEnv] Reset state env_id=0 z=0.270 rpy=[-0.000, -0.000, 0.001]
[HumanoidEnv] unhealthy terminate at step=294 z=0.195941 rpy=[-0.870115, -0.118432, 0.114491] v_body=[-0.10346, 0.678439, -4.25398]
PARITY max_torque=23.700 23.700 45.430
PARITY contact_mu=0.450
PARITY body_height=0.320
PARITY Kp_body=100.000 100.000 100.000
PARITY Kd_body=30.000 30.000 30.000
PARITY Kp_ori=100.000 100.000 100.000
PARITY Kd_ori=10.000 10.000 10.000
PARITY Kp_foot=550.000 550.000 550.000
PARITY Kd_foot=10.000 10.000 10.000
PARITY Kp_joint=5.000 5.000 5.000
PARITY Kd_joint=3.000 3.000 3.000
PARITY floating_base_weight=50.000
PARITY control_mode=5.000
------------------------------------------
| rollout/                |              |
|    ep_len_mean          | 358          |
|    ep_rew_mean          | 14.8         |
| time/                   |              |
|    fps                  | 1892         |
|    iterations           | 178          |
|    time_elapsed         | 12326        |
|    total_timesteps      | 23330816     |
| train/                  |              |
|    adaptive_lr          | 5e-05        |
|    approx_kl            | 0.0044568907 |
|    clip_fraction        | 0.235        |
|    clip_range           | 0.1          |
|    clip_range_vf        | 0.2          |
|    entropy_loss         | 7.94         |
|    explained_variance   | 0.896        |
|    learning_rate        | 5e-05        |
|    loss                 | 0.591        |
|    n_updates            | 4830         |
|    policy_gradient_loss | -0.00197     |
|    std                  | 0.176        |
|    value_loss           | 0.568        |
------------------------------------------
[HumanoidEnv] Reset state env_id=0 z=0.274 rpy=[0.001, -0.001, 0.001]
[HumanoidEnv] unhealthy terminate at step=266 z=0.764319 rpy=[-0.102769, -0.13824, 0.216446] v_body=[4.41583, 1.72413, 2.98716]
PARITY max_torque=23.700 23.700 45.430
PARITY contact_mu=0.450
PARITY body_height=0.320
PARITY Kp_body=100.000 100.000 100.000
PARITY Kd_body=30.000 30.000 30.000
PARITY Kp_ori=100.000 100.000 100.000
PARITY Kd_ori=10.000 10.000 10.000
PARITY Kp_foot=550.000 550.000 550.000
PARITY Kd_foot=10.000 10.000 10.000
PARITY Kp_joint=5.000 5.000 5.000
PARITY Kd_joint=3.000 3.000 3.000
PARITY floating_base_weight=50.000
PARITY control_mode=5.000
[HumanoidEnv] Reset state env_id=0 z=0.320 rpy=[-0.001, -0.003, 0.000]
[HumanoidEnv] unhealthy terminate at step=353 z=0.76762 rpy=[1.91003, -1.2304, 2.65013] v_body=[4.39759, 1.81947, 5.51507]
PARITY max_torque=23.700 23.700 45.430
PARITY contact_mu=0.450
PARITY body_height=0.320
PARITY Kp_body=100.000 100.000 100.000
PARITY Kd_body=30.000 30.000 30.000
PARITY Kp_ori=100.000 100.000 100.000
PARITY Kd_ori=10.000 10.000 10.000
PARITY Kp_foot=550.000 550.000 550.000
PARITY Kd_foot=10.000 10.000 10.000
PARITY Kp_joint=5.000 5.000 5.000
PARITY Kd_joint=3.000 3.000 3.000
PARITY floating_base_weight=50.000
PARITY control_mode=5.000
------------------------------------------
| rollout/                |              |
|    ep_len_mean          | 349          |
|    ep_rew_mean          | 14.4         |
| time/                   |              |
|    fps                  | 1893         |
|    iterations           | 179          |
|    time_elapsed         | 12393        |
|    total_timesteps      | 23461888     |
| train/                  |              |
|    adaptive_lr          | 5e-05        |
|    approx_kl            | 0.0044152206 |
|    clip_fraction        | 0.23         |
|    clip_range           | 0.1          |
|    clip_range_vf        | 0.2          |
|    entropy_loss         | 7.86         |
|    explained_variance   | 0.906        |
|    learning_rate        | 5e-05        |
|    loss                 | 0.597        |
|    n_updates            | 4840         |
|    policy_gradient_loss | -0.00195     |
|    std                  | 0.177        |
|    value_loss           | 0.537        |
------------------------------------------
[HumanoidEnv] Reset state env_id=0 z=0.317 rpy=[-0.002, -0.003, 0.000]
[HumanoidEnv] unhealthy terminate at step=435 z=0.180136 rpy=[-1.72298, -0.361049, 1.04299] v_body=[2.82954, 0.915644, -0.848418]
PARITY max_torque=23.700 23.700 45.430
PARITY contact_mu=0.450
PARITY body_height=0.320
PARITY Kp_body=100.000 100.000 100.000
PARITY Kd_body=30.000 30.000 30.000
PARITY Kp_ori=100.000 100.000 100.000
PARITY Kd_ori=10.000 10.000 10.000
PARITY Kp_foot=550.000 550.000 550.000
PARITY Kd_foot=10.000 10.000 10.000
PARITY Kp_joint=5.000 5.000 5.000
PARITY Kd_joint=3.000 3.000 3.000
PARITY floating_base_weight=50.000
PARITY control_mode=5.000
-----------------------------------------
| rollout/                |             |
|    ep_len_mean          | 350         |
|    ep_rew_mean          | 14.3        |
| time/                   |             |
|    fps                  | 1893        |
|    iterations           | 180         |
|    time_elapsed         | 12460       |
|    total_timesteps      | 23592960    |
| train/                  |             |
|    adaptive_lr          | 5e-05       |
|    approx_kl            | 0.004598969 |
|    clip_fraction        | 0.237       |
|    clip_range           | 0.1         |
|    clip_range_vf        | 0.2         |
|    entropy_loss         | 7.78        |
|    explained_variance   | 0.91        |
|    learning_rate        | 5e-05       |
|    loss                 | 0.595       |
|    n_updates            | 4850        |
|    policy_gradient_loss | -0.00216    |
|    std                  | 0.178       |
|    value_loss           | 0.521       |
-----------------------------------------
[HumanoidEnv] Reset state env_id=0 z=0.275 rpy=[-0.001, 0.001, 0.001]
[HumanoidEnv] unhealthy terminate at step=400 z=0.19865 rpy=[-2.82408, -0.0506983, 1.08435] v_body=[6.37379, -1.57116, 0.339478]
PARITY max_torque=23.700 23.700 45.430
PARITY contact_mu=0.450
PARITY body_height=0.320
PARITY Kp_body=100.000 100.000 100.000
PARITY Kd_body=30.000 30.000 30.000
PARITY Kp_ori=100.000 100.000 100.000
PARITY Kd_ori=10.000 10.000 10.000
PARITY Kp_foot=550.000 550.000 550.000
PARITY Kd_foot=10.000 10.000 10.000
PARITY Kp_joint=5.000 5.000 5.000
PARITY Kd_joint=3.000 3.000 3.000
PARITY floating_base_weight=50.000
PARITY control_mode=5.000
------------------------------------------
| rollout/                |              |
|    ep_len_mean          | 366          |
|    ep_rew_mean          | 14.8         |
| time/                   |              |
|    fps                  | 1893         |
|    iterations           | 181          |
|    time_elapsed         | 12528        |
|    total_timesteps      | 23724032     |
| train/                  |              |
|    adaptive_lr          | 5e-05        |
|    approx_kl            | 0.0045540165 |
|    clip_fraction        | 0.24         |
|    clip_range           | 0.1          |
|    clip_range_vf        | 0.2          |
|    entropy_loss         | 7.7          |
|    explained_variance   | 0.907        |
|    learning_rate        | 5e-05        |
|    loss                 | 0.729        |
|    n_updates            | 4860         |
|    policy_gradient_loss | -0.00221     |
|    std                  | 0.178        |
|    value_loss           | 0.555        |
------------------------------------------
[HumanoidEnv] Reset state env_id=0 z=0.296 rpy=[-0.002, -0.001, 0.001]
[HumanoidEnv] unhealthy terminate at step=333 z=0.783324 rpy=[0.0322143, -0.221602, 0.0402785] v_body=[1.43692, -0.376275, 5.00189]
PARITY max_torque=23.700 23.700 45.430
PARITY contact_mu=0.450
PARITY body_height=0.320
PARITY Kp_body=100.000 100.000 100.000
PARITY Kd_body=30.000 30.000 30.000
PARITY Kp_ori=100.000 100.000 100.000
PARITY Kd_ori=10.000 10.000 10.000
PARITY Kp_foot=550.000 550.000 550.000
PARITY Kd_foot=10.000 10.000 10.000
PARITY Kp_joint=5.000 5.000 5.000
PARITY Kd_joint=3.000 3.000 3.000
PARITY floating_base_weight=50.000
PARITY control_mode=5.000
[HumanoidEnv] Reset state env_id=0 z=0.325 rpy=[-0.003, -0.004, 0.000]
[HumanoidEnv] unhealthy terminate at step=400 z=0.199309 rpy=[-2.73384, 0.138023, 1.73665] v_body=[-2.53727, 2.43174, 1.3559]
PARITY max_torque=23.700 23.700 45.430
PARITY contact_mu=0.450
PARITY body_height=0.320
PARITY Kp_body=100.000 100.000 100.000
PARITY Kd_body=30.000 30.000 30.000
PARITY Kp_ori=100.000 100.000 100.000
PARITY Kd_ori=10.000 10.000 10.000
PARITY Kp_foot=550.000 550.000 550.000
PARITY Kd_foot=10.000 10.000 10.000
PARITY Kp_joint=5.000 5.000 5.000
PARITY Kd_joint=3.000 3.000 3.000
PARITY floating_base_weight=50.000
PARITY control_mode=5.000
-----------------------------------------
| rollout/                |             |
|    ep_len_mean          | 356         |
|    ep_rew_mean          | 14.3        |
| time/                   |             |
|    fps                  | 1894        |
|    iterations           | 182         |
|    time_elapsed         | 12594       |
|    total_timesteps      | 23855104    |
| train/                  |             |
|    adaptive_lr          | 5e-05       |
|    approx_kl            | 0.004732323 |
|    clip_fraction        | 0.244       |
|    clip_range           | 0.1         |
|    clip_range_vf        | 0.2         |
|    entropy_loss         | 7.61        |
|    explained_variance   | 0.918       |
|    learning_rate        | 5e-05       |
|    loss                 | 0.589       |
|    n_updates            | 4870        |
|    policy_gradient_loss | -0.0024     |
|    std                  | 0.179       |
|    value_loss           | 0.496       |
-----------------------------------------
[HumanoidEnv] Reset state env_id=0 z=0.318 rpy=[0.000, -0.002, 0.000]
[HumanoidEnv] unhealthy terminate at step=446 z=0.182144 rpy=[0.573348, -0.0791922, 0.235424] v_body=[-0.154341, -0.572285, -3.10589]
PARITY max_torque=23.700 23.700 45.430
PARITY contact_mu=0.450
PARITY body_height=0.320
PARITY Kp_body=100.000 100.000 100.000
PARITY Kd_body=30.000 30.000 30.000
PARITY Kp_ori=100.000 100.000 100.000
PARITY Kd_ori=10.000 10.000 10.000
PARITY Kp_foot=550.000 550.000 550.000
PARITY Kd_foot=10.000 10.000 10.000
PARITY Kp_joint=5.000 5.000 5.000
PARITY Kd_joint=3.000 3.000 3.000
PARITY floating_base_weight=50.000
PARITY control_mode=5.000
------------------------------------------
| rollout/                |              |
|    ep_len_mean          | 355          |
|    ep_rew_mean          | 14.5         |
| time/                   |              |
|    fps                  | 1894         |
|    iterations           | 183          |
|    time_elapsed         | 12662        |
|    total_timesteps      | 23986176     |
| train/                  |              |
|    adaptive_lr          | 5e-05        |
|    approx_kl            | 0.0045795813 |
|    clip_fraction        | 0.242        |
|    clip_range           | 0.1          |
|    clip_range_vf        | 0.2          |
|    entropy_loss         | 7.53         |
|    explained_variance   | 0.905        |
|    learning_rate        | 5e-05        |
|    loss                 | 0.629        |
|    n_updates            | 4880         |
|    policy_gradient_loss | -0.00207     |
|    std                  | 0.179        |
|    value_loss           | 0.557        |
------------------------------------------
INFO:root:VecNormalize statistics saved at: ./data/gamma4/quadruped_ppo_model_ckpt_24001536_vecnormalize.pkl
INFO:root:Model saved at: ./data/gamma4/quadruped_ppo_model_ckpt_24001536.zip
INFO:root:Checkpoint written at 24001536 timesteps
[HumanoidEnv] Reset state env_id=0 z=0.307 rpy=[-0.002, -0.001, 0.001]
[HumanoidEnv] unhealthy terminate at step=272 z=0.178958 rpy=[2.79033, 0.425671, 0.578136] v_body=[-4.1911, 2.44161, 2.6236]
PARITY max_torque=23.700 23.700 45.430
PARITY contact_mu=0.450
PARITY body_height=0.320
PARITY Kp_body=100.000 100.000 100.000
PARITY Kd_body=30.000 30.000 30.000
PARITY Kp_ori=100.000 100.000 100.000
PARITY Kd_ori=10.000 10.000 10.000
PARITY Kp_foot=550.000 550.000 550.000
PARITY Kd_foot=10.000 10.000 10.000
PARITY Kp_joint=5.000 5.000 5.000
PARITY Kd_joint=3.000 3.000 3.000
PARITY floating_base_weight=50.000
PARITY control_mode=5.000
----------------------------------------
| rollout/                |            |
|    ep_len_mean          | 371        |
|    ep_rew_mean          | 14.6       |
| time/                   |            |
|    fps                  | 1894       |
|    iterations           | 184        |
|    time_elapsed         | 12729      |
|    total_timesteps      | 24117248   |
| train/                  |            |
|    adaptive_lr          | 5e-05      |
|    approx_kl            | 0.00444205 |
|    clip_fraction        | 0.235      |
|    clip_range           | 0.1        |
|    clip_range_vf        | 0.2        |
|    entropy_loss         | 7.45       |
|    explained_variance   | 0.906      |
|    learning_rate        | 5e-05      |
|    loss                 | 0.516      |
|    n_updates            | 4890       |
|    policy_gradient_loss | -0.00211   |
|    std                  | 0.18       |
|    value_loss           | 0.551      |
----------------------------------------
[HumanoidEnv] Reset state env_id=0 z=0.322 rpy=[-0.001, -0.003, 0.000]
[HumanoidEnv] unhealthy terminate at step=425 z=0.197112 rpy=[0.490884, -0.00524269, -1.91082] v_body=[2.00722, -0.255443, 0.212253]
PARITY max_torque=23.700 23.700 45.430
PARITY contact_mu=0.450
PARITY body_height=0.320
PARITY Kp_body=100.000 100.000 100.000
PARITY Kd_body=30.000 30.000 30.000
PARITY Kp_ori=100.000 100.000 100.000
PARITY Kd_ori=10.000 10.000 10.000
PARITY Kp_foot=550.000 550.000 550.000
PARITY Kd_foot=10.000 10.000 10.000
PARITY Kp_joint=5.000 5.000 5.000
PARITY Kd_joint=3.000 3.000 3.000
PARITY floating_base_weight=50.000
PARITY control_mode=5.000
[HumanoidEnv] Reset state env_id=0 z=0.271 rpy=[0.001, 0.000, 0.001]
[HumanoidEnv] unhealthy terminate at step=262 z=0.189432 rpy=[-1.14968, 0.259462, 0.128836] v_body=[-1.29751, 0.331719, -4.09506]
PARITY max_torque=23.700 23.700 45.430
PARITY contact_mu=0.450
PARITY body_height=0.320
PARITY Kp_body=100.000 100.000 100.000
PARITY Kd_body=30.000 30.000 30.000
PARITY Kp_ori=100.000 100.000 100.000
PARITY Kd_ori=10.000 10.000 10.000
PARITY Kp_foot=550.000 550.000 550.000
PARITY Kd_foot=10.000 10.000 10.000
PARITY Kp_joint=5.000 5.000 5.000
PARITY Kd_joint=3.000 3.000 3.000
PARITY floating_base_weight=50.000
PARITY control_mode=5.000
------------------------------------------
| rollout/                |              |
|    ep_len_mean          | 367          |
|    ep_rew_mean          | 14.6         |
| time/                   |              |
|    fps                  | 1894         |
|    iterations           | 185          |
|    time_elapsed         | 12799        |
|    total_timesteps      | 24248320     |
| train/                  |              |
|    adaptive_lr          | 5e-05        |
|    approx_kl            | 0.0046119457 |
|    clip_fraction        | 0.247        |
|    clip_range           | 0.1          |
|    clip_range_vf        | 0.2          |
|    entropy_loss         | 7.36         |
|    explained_variance   | 0.906        |
|    learning_rate        | 5e-05        |
|    loss                 | 0.566        |
|    n_updates            | 4900         |
|    policy_gradient_loss | -0.00216     |
|    std                  | 0.181        |
|    value_loss           | 0.548        |
------------------------------------------
[HumanoidEnv] Reset state env_id=0 z=0.302 rpy=[0.001, -0.001, 0.000]
[HumanoidEnv] unhealthy terminate at step=507 z=0.198557 rpy=[-1.32253, 0.0494443, -1.10385] v_body=[-2.96698, 0.356791, 6.95642]
PARITY max_torque=23.700 23.700 45.430
PARITY contact_mu=0.450
PARITY body_height=0.320
PARITY Kp_body=100.000 100.000 100.000
PARITY Kd_body=30.000 30.000 30.000
PARITY Kp_ori=100.000 100.000 100.000
PARITY Kd_ori=10.000 10.000 10.000
PARITY Kp_foot=550.000 550.000 550.000
PARITY Kd_foot=10.000 10.000 10.000
PARITY Kp_joint=5.000 5.000 5.000
PARITY Kd_joint=3.000 3.000 3.000
PARITY floating_base_weight=50.000
PARITY control_mode=5.000
------------------------------------------
| rollout/                |              |
|    ep_len_mean          | 373          |
|    ep_rew_mean          | 14.5         |
| time/                   |              |
|    fps                  | 1895         |
|    iterations           | 186          |
|    time_elapsed         | 12861        |
|    total_timesteps      | 24379392     |
| train/                  |              |
|    adaptive_lr          | 5e-05        |
|    approx_kl            | 0.0046141935 |
|    clip_fraction        | 0.242        |
|    clip_range           | 0.1          |
|    clip_range_vf        | 0.2          |
|    entropy_loss         | 7.28         |
|    explained_variance   | 0.903        |
|    learning_rate        | 5e-05        |
|    loss                 | 0.588        |
|    n_updates            | 4910         |
|    policy_gradient_loss | -0.00237     |
|    std                  | 0.181        |
|    value_loss           | 0.58         |
------------------------------------------
[HumanoidEnv] Reset state env_id=0 z=0.294 rpy=[0.002, -0.002, 0.000]
[HumanoidEnv] unhealthy terminate at step=419 z=0.198755 rpy=[-2.04421, -0.218556, -1.59537] v_body=[-0.932377, 1.56379, 6.11699]
PARITY max_torque=23.700 23.700 45.430
PARITY contact_mu=0.450
PARITY body_height=0.320
PARITY Kp_body=100.000 100.000 100.000
PARITY Kd_body=30.000 30.000 30.000
PARITY Kp_ori=100.000 100.000 100.000
PARITY Kd_ori=10.000 10.000 10.000
PARITY Kp_foot=550.000 550.000 550.000
PARITY Kd_foot=10.000 10.000 10.000
PARITY Kp_joint=5.000 5.000 5.000
PARITY Kd_joint=3.000 3.000 3.000
PARITY floating_base_weight=50.000
PARITY control_mode=5.000
------------------------------------------
| rollout/                |              |
|    ep_len_mean          | 356          |
|    ep_rew_mean          | 14.3         |
| time/                   |              |
|    fps                  | 1895         |
|    iterations           | 187          |
|    time_elapsed         | 12930        |
|    total_timesteps      | 24510464     |
| train/                  |              |
|    adaptive_lr          | 5e-05        |
|    approx_kl            | 0.0046235453 |
|    clip_fraction        | 0.243        |
|    clip_range           | 0.1          |
|    clip_range_vf        | 0.2          |
|    entropy_loss         | 7.2          |
|    explained_variance   | 0.907        |
|    learning_rate        | 5e-05        |
|    loss                 | 0.554        |
|    n_updates            | 4920         |
|    policy_gradient_loss | -0.00226     |
|    std                  | 0.182        |
|    value_loss           | 0.562        |
------------------------------------------
[HumanoidEnv] Reset state env_id=0 z=0.305 rpy=[-0.002, -0.003, 0.000]
[HumanoidEnv] unhealthy terminate at step=361 z=0.755867 rpy=[-1.32568, -0.976202, 0.0762257] v_body=[-0.139806, 3.35721, -6.14557]
PARITY max_torque=23.700 23.700 45.430
PARITY contact_mu=0.450
PARITY body_height=0.320
PARITY Kp_body=100.000 100.000 100.000
PARITY Kd_body=30.000 30.000 30.000
PARITY Kp_ori=100.000 100.000 100.000
PARITY Kd_ori=10.000 10.000 10.000
PARITY Kp_foot=550.000 550.000 550.000
PARITY Kd_foot=10.000 10.000 10.000
PARITY Kp_joint=5.000 5.000 5.000
PARITY Kd_joint=3.000 3.000 3.000
PARITY floating_base_weight=50.000
PARITY control_mode=5.000
[HumanoidEnv] Reset state env_id=0 z=0.323 rpy=[-0.000, -0.002, 0.000]
[HumanoidEnv] unhealthy terminate at step=349 z=0.199175 rpy=[-0.547071, -0.204626, 0.32357] v_body=[3.12992, 3.59864, -1.7049]
PARITY max_torque=23.700 23.700 45.430
PARITY contact_mu=0.450
PARITY body_height=0.320
PARITY Kp_body=100.000 100.000 100.000
PARITY Kd_body=30.000 30.000 30.000
PARITY Kp_ori=100.000 100.000 100.000
PARITY Kd_ori=10.000 10.000 10.000
PARITY Kp_foot=550.000 550.000 550.000
PARITY Kd_foot=10.000 10.000 10.000
PARITY Kp_joint=5.000 5.000 5.000
PARITY Kd_joint=3.000 3.000 3.000
PARITY floating_base_weight=50.000
PARITY control_mode=5.000
-----------------------------------------
| rollout/                |             |
|    ep_len_mean          | 362         |
|    ep_rew_mean          | 14.4        |
| time/                   |             |
|    fps                  | 1895        |
|    iterations           | 188         |
|    time_elapsed         | 13000       |
|    total_timesteps      | 24641536    |
| train/                  |             |
|    adaptive_lr          | 5e-05       |
|    approx_kl            | 0.004444905 |
|    clip_fraction        | 0.24        |
|    clip_range           | 0.1         |
|    clip_range_vf        | 0.2         |
|    entropy_loss         | 7.11        |
|    explained_variance   | 0.899       |
|    learning_rate        | 5e-05       |
|    loss                 | 0.741       |
|    n_updates            | 4930        |
|    policy_gradient_loss | -0.00226    |
|    std                  | 0.182       |
|    value_loss           | 0.602       |
-----------------------------------------
[HumanoidEnv] Reset state env_id=0 z=0.277 rpy=[0.002, 0.001, 0.001]
[HumanoidEnv] unhealthy terminate at step=329 z=0.19848 rpy=[-0.403637, 0.319104, -0.037634] v_body=[2.09483, 1.9585, -1.55799]
PARITY max_torque=23.700 23.700 45.430
PARITY contact_mu=0.450
PARITY body_height=0.320
PARITY Kp_body=100.000 100.000 100.000
PARITY Kd_body=30.000 30.000 30.000
PARITY Kp_ori=100.000 100.000 100.000
PARITY Kd_ori=10.000 10.000 10.000
PARITY Kp_foot=550.000 550.000 550.000
PARITY Kd_foot=10.000 10.000 10.000
PARITY Kp_joint=5.000 5.000 5.000
PARITY Kd_joint=3.000 3.000 3.000
PARITY floating_base_weight=50.000
PARITY control_mode=5.000
[HumanoidEnv] Reset state env_id=0 z=0.320 rpy=[-0.000, -0.003, -0.000]
[HumanoidEnv] unhealthy terminate at step=195 z=0.197794 rpy=[2.54648, 0.477129, -0.467829] v_body=[0.231115, 0.201663, 0.603031]
PARITY max_torque=23.700 23.700 45.430
PARITY contact_mu=0.450
PARITY body_height=0.320
PARITY Kp_body=100.000 100.000 100.000
PARITY Kd_body=30.000 30.000 30.000
PARITY Kp_ori=100.000 100.000 100.000
PARITY Kd_ori=10.000 10.000 10.000
PARITY Kp_foot=550.000 550.000 550.000
PARITY Kd_foot=10.000 10.000 10.000
PARITY Kp_joint=5.000 5.000 5.000
PARITY Kd_joint=3.000 3.000 3.000
PARITY floating_base_weight=50.000
PARITY control_mode=5.000
------------------------------------------
| rollout/                |              |
|    ep_len_mean          | 360          |
|    ep_rew_mean          | 14.3         |
| time/                   |              |
|    fps                  | 1895         |
|    iterations           | 189          |
|    time_elapsed         | 13070        |
|    total_timesteps      | 24772608     |
| train/                  |              |
|    adaptive_lr          | 5e-05        |
|    approx_kl            | 0.0046388768 |
|    clip_fraction        | 0.241        |
|    clip_range           | 0.1          |
|    clip_range_vf        | 0.2          |
|    entropy_loss         | 7.01         |
|    explained_variance   | 0.9          |
|    learning_rate        | 5e-05        |
|    loss                 | 0.622        |
|    n_updates            | 4940         |
|    policy_gradient_loss | -0.00234     |
|    std                  | 0.183        |
|    value_loss           | 0.608        |
------------------------------------------
[HumanoidEnv] Reset state env_id=0 z=0.320 rpy=[-0.002, -0.001, 0.001]
[HumanoidEnv] unhealthy terminate at step=383 z=0.198718 rpy=[0.499966, 0.147061, 0.0242799] v_body=[2.92791, -1.67889, -2.69889]
PARITY max_torque=23.700 23.700 45.430
PARITY contact_mu=0.450
PARITY body_height=0.320
PARITY Kp_body=100.000 100.000 100.000
PARITY Kd_body=30.000 30.000 30.000
PARITY Kp_ori=100.000 100.000 100.000
PARITY Kd_ori=10.000 10.000 10.000
PARITY Kp_foot=550.000 550.000 550.000
PARITY Kd_foot=10.000 10.000 10.000
PARITY Kp_joint=5.000 5.000 5.000
PARITY Kd_joint=3.000 3.000 3.000
PARITY floating_base_weight=50.000
PARITY control_mode=5.000
------------------------------------------
| rollout/                |              |
|    ep_len_mean          | 363          |
|    ep_rew_mean          | 14.5         |
| time/                   |              |
|    fps                  | 1895         |
|    iterations           | 190          |
|    time_elapsed         | 13140        |
|    total_timesteps      | 24903680     |
| train/                  |              |
|    adaptive_lr          | 5e-05        |
|    approx_kl            | 0.0045539094 |
|    clip_fraction        | 0.24         |
|    clip_range           | 0.1          |
|    clip_range_vf        | 0.2          |
|    entropy_loss         | 6.93         |
|    explained_variance   | 0.896        |
|    learning_rate        | 5e-05        |
|    loss                 | 0.593        |
|    n_updates            | 4950         |
|    policy_gradient_loss | -0.00239     |
|    std                  | 0.184        |
|    value_loss           | 0.607        |
------------------------------------------
[HumanoidEnv] Reset state env_id=0 z=0.301 rpy=[-0.001, -0.002, 0.001]
[HumanoidEnv] unhealthy terminate at step=355 z=0.196644 rpy=[0.0768155, 0.0802387, 0.139333] v_body=[-2.18819, -1.23224, -0.239173]
PARITY max_torque=23.700 23.700 45.430
PARITY contact_mu=0.450
PARITY body_height=0.320
PARITY Kp_body=100.000 100.000 100.000
PARITY Kd_body=30.000 30.000 30.000
PARITY Kp_ori=100.000 100.000 100.000
PARITY Kd_ori=10.000 10.000 10.000
PARITY Kp_foot=550.000 550.000 550.000
PARITY Kd_foot=10.000 10.000 10.000
PARITY Kp_joint=5.000 5.000 5.000
PARITY Kd_joint=3.000 3.000 3.000
PARITY floating_base_weight=50.000
PARITY control_mode=5.000
------------------------------------------
| rollout/                |              |
|    ep_len_mean          | 362          |
|    ep_rew_mean          | 14.4         |
| time/                   |              |
|    fps                  | 1895         |
|    iterations           | 191          |
|    time_elapsed         | 13210        |
|    total_timesteps      | 25034752     |
| train/                  |              |
|    adaptive_lr          | 5e-05        |
|    approx_kl            | 0.0044137836 |
|    clip_fraction        | 0.234        |
|    clip_range           | 0.1          |
|    clip_range_vf        | 0.2          |
|    entropy_loss         | 6.85         |
|    explained_variance   | 0.883        |
|    learning_rate        | 5e-05        |
|    loss                 | 0.693        |
|    n_updates            | 4960         |
|    policy_gradient_loss | -0.00167     |
|    std                  | 0.184        |
|    value_loss           | 0.661        |
------------------------------------------
[HumanoidEnv] Reset state env_id=0 z=0.319 rpy=[0.002, -0.001, 0.000]
[HumanoidEnv] unhealthy terminate at step=432 z=0.191238 rpy=[2.41417, 0.414613, -1.17855] v_body=[2.07217, 2.10345, -0.147946]
PARITY max_torque=23.700 23.700 45.430
PARITY contact_mu=0.450
PARITY body_height=0.320
PARITY Kp_body=100.000 100.000 100.000
PARITY Kd_body=30.000 30.000 30.000
PARITY Kp_ori=100.000 100.000 100.000
PARITY Kd_ori=10.000 10.000 10.000
PARITY Kp_foot=550.000 550.000 550.000
PARITY Kd_foot=10.000 10.000 10.000
PARITY Kp_joint=5.000 5.000 5.000
PARITY Kd_joint=3.000 3.000 3.000
PARITY floating_base_weight=50.000
PARITY control_mode=5.000
[HumanoidEnv] Reset state env_id=0 z=0.287 rpy=[-0.000, -0.001, 0.001]
[HumanoidEnv] unhealthy terminate at step=345 z=0.757334 rpy=[1.62418, -0.255651, -0.437205] v_body=[1.1532, -3.05324, -5.61953]
PARITY max_torque=23.700 23.700 45.430
PARITY contact_mu=0.450
PARITY body_height=0.320
PARITY Kp_body=100.000 100.000 100.000
PARITY Kd_body=30.000 30.000 30.000
PARITY Kp_ori=100.000 100.000 100.000
PARITY Kd_ori=10.000 10.000 10.000
PARITY Kp_foot=550.000 550.000 550.000
PARITY Kd_foot=10.000 10.000 10.000
PARITY Kp_joint=5.000 5.000 5.000
PARITY Kd_joint=3.000 3.000 3.000
PARITY floating_base_weight=50.000
PARITY control_mode=5.000
------------------------------------------
| rollout/                |              |
|    ep_len_mean          | 360          |
|    ep_rew_mean          | 14.2         |
| time/                   |              |
|    fps                  | 1895         |
|    iterations           | 192          |
|    time_elapsed         | 13279        |
|    total_timesteps      | 25165824     |
| train/                  |              |
|    adaptive_lr          | 5e-05        |
|    approx_kl            | 0.0045539504 |
|    clip_fraction        | 0.24         |
|    clip_range           | 0.1          |
|    clip_range_vf        | 0.2          |
|    entropy_loss         | 6.78         |
|    explained_variance   | 0.882        |
|    learning_rate        | 5e-05        |
|    loss                 | 0.757        |
|    n_updates            | 4970         |
|    policy_gradient_loss | -0.00192     |
|    std                  | 0.185        |
|    value_loss           | 0.664        |
------------------------------------------
[HumanoidEnv] Reset state env_id=0 z=0.321 rpy=[0.001, -0.003, 0.000]
[HumanoidEnv] unhealthy terminate at step=432 z=0.764644 rpy=[-1.82526, 0.749863, -2.45964] v_body=[4.51952, 1.63661, -0.536188]
PARITY max_torque=23.700 23.700 45.430
PARITY contact_mu=0.450
PARITY body_height=0.320
PARITY Kp_body=100.000 100.000 100.000
PARITY Kd_body=30.000 30.000 30.000
PARITY Kp_ori=100.000 100.000 100.000
PARITY Kd_ori=10.000 10.000 10.000
PARITY Kp_foot=550.000 550.000 550.000
PARITY Kd_foot=10.000 10.000 10.000
PARITY Kp_joint=5.000 5.000 5.000
PARITY Kd_joint=3.000 3.000 3.000
PARITY floating_base_weight=50.000
PARITY control_mode=5.000
------------------------------------------
| rollout/                |              |
|    ep_len_mean          | 364          |
|    ep_rew_mean          | 14.5         |
| time/                   |              |
|    fps                  | 1894         |
|    iterations           | 193          |
|    time_elapsed         | 13349        |
|    total_timesteps      | 25296896     |
| train/                  |              |
|    adaptive_lr          | 5e-05        |
|    approx_kl            | 0.0046407897 |
|    clip_fraction        | 0.245        |
|    clip_range           | 0.1          |
|    clip_range_vf        | 0.2          |
|    entropy_loss         | 6.69         |
|    explained_variance   | 0.885        |
|    learning_rate        | 5e-05        |
|    loss                 | 0.674        |
|    n_updates            | 4980         |
|    policy_gradient_loss | -0.00205     |
|    std                  | 0.185        |
|    value_loss           | 0.652        |
------------------------------------------
[HumanoidEnv] Reset state env_id=0 z=0.312 rpy=[-0.003, -0.003, 0.000]
[HumanoidEnv] unhealthy terminate at step=311 z=0.784143 rpy=[-0.473028, -0.166564, -0.12362] v_body=[4.10962, 1.41527, 4.32126]
PARITY max_torque=23.700 23.700 45.430
PARITY contact_mu=0.450
PARITY body_height=0.320
PARITY Kp_body=100.000 100.000 100.000
PARITY Kd_body=30.000 30.000 30.000
PARITY Kp_ori=100.000 100.000 100.000
PARITY Kd_ori=10.000 10.000 10.000
PARITY Kp_foot=550.000 550.000 550.000
PARITY Kd_foot=10.000 10.000 10.000
PARITY Kp_joint=5.000 5.000 5.000
PARITY Kd_joint=3.000 3.000 3.000
PARITY floating_base_weight=50.000
PARITY control_mode=5.000
-----------------------------------------
| rollout/                |             |
|    ep_len_mean          | 343         |
|    ep_rew_mean          | 13.8        |
| time/                   |             |
|    fps                  | 1894        |
|    iterations           | 194         |
|    time_elapsed         | 13419       |
|    total_timesteps      | 25427968    |
| train/                  |             |
|    adaptive_lr          | 5e-05       |
|    approx_kl            | 0.004636896 |
|    clip_fraction        | 0.245       |
|    clip_range           | 0.1         |
|    clip_range_vf        | 0.2         |
|    entropy_loss         | 6.61        |
|    explained_variance   | 0.889       |
|    learning_rate        | 5e-05       |
|    loss                 | 0.643       |
|    n_updates            | 4990        |
|    policy_gradient_loss | -0.00225    |
|    std                  | 0.186       |
|    value_loss           | 0.628       |
-----------------------------------------
[HumanoidEnv] Reset state env_id=0 z=0.328 rpy=[-0.000, -0.002, 0.000]
[HumanoidEnv] unhealthy terminate at step=333 z=0.168351 rpy=[-0.926591, -0.344432, 1.52649] v_body=[4.99503, -4.89024, 0.929489]
PARITY max_torque=23.700 23.700 45.430
PARITY contact_mu=0.450
PARITY body_height=0.320
PARITY Kp_body=100.000 100.000 100.000
PARITY Kd_body=30.000 30.000 30.000
PARITY Kp_ori=100.000 100.000 100.000
PARITY Kd_ori=10.000 10.000 10.000
PARITY Kp_foot=550.000 550.000 550.000
PARITY Kd_foot=10.000 10.000 10.000
PARITY Kp_joint=5.000 5.000 5.000
PARITY Kd_joint=3.000 3.000 3.000
PARITY floating_base_weight=50.000
PARITY control_mode=5.000
[HumanoidEnv] Reset state env_id=0 z=0.297 rpy=[-0.001, -0.000, 0.001]
[HumanoidEnv] unhealthy terminate at step=405 z=0.186629 rpy=[2.93922, 0.253988, 1.85378] v_body=[2.48562, -1.37488, 4.37405]
PARITY max_torque=23.700 23.700 45.430
PARITY contact_mu=0.450
PARITY body_height=0.320
PARITY Kp_body=100.000 100.000 100.000
PARITY Kd_body=30.000 30.000 30.000
PARITY Kp_ori=100.000 100.000 100.000
PARITY Kd_ori=10.000 10.000 10.000
PARITY Kp_foot=550.000 550.000 550.000
PARITY Kd_foot=10.000 10.000 10.000
PARITY Kp_joint=5.000 5.000 5.000
PARITY Kd_joint=3.000 3.000 3.000
PARITY floating_base_weight=50.000
PARITY control_mode=5.000
------------------------------------------
| rollout/                |              |
|    ep_len_mean          | 363          |
|    ep_rew_mean          | 14.1         |
| time/                   |              |
|    fps                  | 1894         |
|    iterations           | 195          |
|    time_elapsed         | 13489        |
|    total_timesteps      | 25559040     |
| train/                  |              |
|    adaptive_lr          | 5e-05        |
|    approx_kl            | 0.0043807225 |
|    clip_fraction        | 0.235        |
|    clip_range           | 0.1          |
|    clip_range_vf        | 0.2          |
|    entropy_loss         | 6.53         |
|    explained_variance   | 0.871        |
|    learning_rate        | 5e-05        |
|    loss                 | 0.817        |
|    n_updates            | 5000         |
|    policy_gradient_loss | -0.00188     |
|    std                  | 0.187        |
|    value_loss           | 0.7          |
------------------------------------------
[HumanoidEnv] Reset state env_id=0 z=0.281 rpy=[0.001, -0.000, 0.001]
[HumanoidEnv] unhealthy terminate at step=303 z=0.182972 rpy=[-0.782006, -0.138846, 0.150532] v_body=[-1.99179, 0.250115, -3.68124]
PARITY max_torque=23.700 23.700 45.430
PARITY contact_mu=0.450
PARITY body_height=0.320
PARITY Kp_body=100.000 100.000 100.000
PARITY Kd_body=30.000 30.000 30.000
PARITY Kp_ori=100.000 100.000 100.000
PARITY Kd_ori=10.000 10.000 10.000
PARITY Kp_foot=550.000 550.000 550.000
PARITY Kd_foot=10.000 10.000 10.000
PARITY Kp_joint=5.000 5.000 5.000
PARITY Kd_joint=3.000 3.000 3.000
PARITY floating_base_weight=50.000
PARITY control_mode=5.000
------------------------------------------
| rollout/                |              |
|    ep_len_mean          | 356          |
|    ep_rew_mean          | 13.9         |
| time/                   |              |
|    fps                  | 1894         |
|    iterations           | 196          |
|    time_elapsed         | 13558        |
|    total_timesteps      | 25690112     |
| train/                  |              |
|    adaptive_lr          | 5e-05        |
|    approx_kl            | 0.0045735594 |
|    clip_fraction        | 0.239        |
|    clip_range           | 0.1          |
|    clip_range_vf        | 0.2          |
|    entropy_loss         | 6.45         |
|    explained_variance   | 0.877        |
|    learning_rate        | 5e-05        |
|    loss                 | 0.753        |
|    n_updates            | 5010         |
|    policy_gradient_loss | -0.00195     |
|    std                  | 0.187        |
|    value_loss           | 0.672        |
------------------------------------------
[HumanoidEnv] Reset state env_id=0 z=0.295 rpy=[-0.000, -0.001, 0.001]
[HumanoidEnv] unhealthy terminate at step=392 z=0.174293 rpy=[-2.49632, 0.326548, 0.805406] v_body=[6.91483, -0.506384, -0.848526]
PARITY max_torque=23.700 23.700 45.430
PARITY contact_mu=0.450
PARITY body_height=0.320
PARITY Kp_body=100.000 100.000 100.000
PARITY Kd_body=30.000 30.000 30.000
PARITY Kp_ori=100.000 100.000 100.000
PARITY Kd_ori=10.000 10.000 10.000
PARITY Kp_foot=550.000 550.000 550.000
PARITY Kd_foot=10.000 10.000 10.000
PARITY Kp_joint=5.000 5.000 5.000
PARITY Kd_joint=3.000 3.000 3.000
PARITY floating_base_weight=50.000
PARITY control_mode=5.000
------------------------------------------
| rollout/                |              |
|    ep_len_mean          | 365          |
|    ep_rew_mean          | 14.2         |
| time/                   |              |
|    fps                  | 1894         |
|    iterations           | 197          |
|    time_elapsed         | 13628        |
|    total_timesteps      | 25821184     |
| train/                  |              |
|    adaptive_lr          | 5e-05        |
|    approx_kl            | 0.0045016473 |
|    clip_fraction        | 0.235        |
|    clip_range           | 0.1          |
|    clip_range_vf        | 0.2          |
|    entropy_loss         | 6.37         |
|    explained_variance   | 0.864        |
|    learning_rate        | 5e-05        |
|    loss                 | 0.775        |
|    n_updates            | 5020         |
|    policy_gradient_loss | -0.00173     |
|    std                  | 0.188        |
|    value_loss           | 0.728        |
------------------------------------------
[HumanoidEnv] Reset state env_id=0 z=0.322 rpy=[-0.002, -0.003, 0.000]
[HumanoidEnv] unhealthy terminate at step=450 z=0.758141 rpy=[0.720895, -0.70775, 2.21055] v_body=[-0.636712, 3.02317, 6.83832]
PARITY max_torque=23.700 23.700 45.430
PARITY contact_mu=0.450
PARITY body_height=0.320
PARITY Kp_body=100.000 100.000 100.000
PARITY Kd_body=30.000 30.000 30.000
PARITY Kp_ori=100.000 100.000 100.000
PARITY Kd_ori=10.000 10.000 10.000
PARITY Kp_foot=550.000 550.000 550.000
PARITY Kd_foot=10.000 10.000 10.000
PARITY Kp_joint=5.000 5.000 5.000
PARITY Kd_joint=3.000 3.000 3.000
PARITY floating_base_weight=50.000
PARITY control_mode=5.000
[HumanoidEnv] Reset state env_id=0 z=0.304 rpy=[0.001, -0.003, -0.000]
[HumanoidEnv] unhealthy terminate at step=245 z=0.753407 rpy=[0.694053, -0.276285, -0.144019] v_body=[1.03536, -3.73353, 1.44601]
PARITY max_torque=23.700 23.700 45.430
PARITY contact_mu=0.450
PARITY body_height=0.320
PARITY Kp_body=100.000 100.000 100.000
PARITY Kd_body=30.000 30.000 30.000
PARITY Kp_ori=100.000 100.000 100.000
PARITY Kd_ori=10.000 10.000 10.000
PARITY Kp_foot=550.000 550.000 550.000
PARITY Kd_foot=10.000 10.000 10.000
PARITY Kp_joint=5.000 5.000 5.000
PARITY Kd_joint=3.000 3.000 3.000
PARITY floating_base_weight=50.000
PARITY control_mode=5.000
------------------------------------------
| rollout/                |              |
|    ep_len_mean          | 353          |
|    ep_rew_mean          | 14.2         |
| time/                   |              |
|    fps                  | 1894         |
|    iterations           | 198          |
|    time_elapsed         | 13698        |
|    total_timesteps      | 25952256     |
| train/                  |              |
|    adaptive_lr          | 5e-05        |
|    approx_kl            | 0.0046183374 |
|    clip_fraction        | 0.238        |
|    clip_range           | 0.1          |
|    clip_range_vf        | 0.2          |
|    entropy_loss         | 6.29         |
|    explained_variance   | 0.877        |
|    learning_rate        | 5e-05        |
|    loss                 | 0.61         |
|    n_updates            | 5030         |
|    policy_gradient_loss | -0.00194     |
|    std                  | 0.188        |
|    value_loss           | 0.647        |
------------------------------------------
[HumanoidEnv] Reset state env_id=0 z=0.325 rpy=[-0.001, -0.001, 0.000]
[HumanoidEnv] unhealthy terminate at step=444 z=0.178299 rpy=[-2.22781, -0.274638, 3.05665] v_body=[5.18944, 4.0197, -0.280172]
PARITY max_torque=23.700 23.700 45.430
PARITY contact_mu=0.450
PARITY body_height=0.320
PARITY Kp_body=100.000 100.000 100.000
PARITY Kd_body=30.000 30.000 30.000
PARITY Kp_ori=100.000 100.000 100.000
PARITY Kd_ori=10.000 10.000 10.000
PARITY Kp_foot=550.000 550.000 550.000
PARITY Kd_foot=10.000 10.000 10.000
PARITY Kp_joint=5.000 5.000 5.000
PARITY Kd_joint=3.000 3.000 3.000
PARITY floating_base_weight=50.000
PARITY control_mode=5.000
INFO:root:VecNormalize statistics saved at: ./data/gamma4/quadruped_ppo_model_ckpt_26001664_vecnormalize.pkl
INFO:root:Model saved at: ./data/gamma4/quadruped_ppo_model_ckpt_26001664.zip
INFO:root:Checkpoint written at 26001664 timesteps
------------------------------------------
| rollout/                |              |
|    ep_len_mean          | 353          |
|    ep_rew_mean          | 13.8         |
| time/                   |              |
|    fps                  | 1894         |
|    iterations           | 199          |
|    time_elapsed         | 13767        |
|    total_timesteps      | 26083328     |
| train/                  |              |
|    adaptive_lr          | 5e-05        |
|    approx_kl            | 0.0046288883 |
|    clip_fraction        | 0.24         |
|    clip_range           | 0.1          |
|    clip_range_vf        | 0.2          |
|    entropy_loss         | 6.2          |
|    explained_variance   | 0.877        |
|    learning_rate        | 5e-05        |
|    loss                 | 0.723        |
|    n_updates            | 5040         |
|    policy_gradient_loss | -0.00201     |
|    std                  | 0.189        |
|    value_loss           | 0.625        |
------------------------------------------
[HumanoidEnv] Reset state env_id=0 z=0.296 rpy=[0.001, -0.001, 0.000]
[HumanoidEnv] unhealthy terminate at step=374 z=0.199243 rpy=[-1.08651, -0.113522, -2.46819] v_body=[-0.657316, 5.97804, 4.44069]
PARITY max_torque=23.700 23.700 45.430
PARITY contact_mu=0.450
PARITY body_height=0.320
PARITY Kp_body=100.000 100.000 100.000
PARITY Kd_body=30.000 30.000 30.000
PARITY Kp_ori=100.000 100.000 100.000
PARITY Kd_ori=10.000 10.000 10.000
PARITY Kp_foot=550.000 550.000 550.000
PARITY Kd_foot=10.000 10.000 10.000
PARITY Kp_joint=5.000 5.000 5.000
PARITY Kd_joint=3.000 3.000 3.000
PARITY floating_base_weight=50.000
PARITY control_mode=5.000
[HumanoidEnv] Reset state env_id=0 z=0.309 rpy=[0.002, -0.003, -0.000]
[HumanoidEnv] unhealthy terminate at step=234 z=0.19924 rpy=[-2.10056, -0.332291, 0.00816934] v_body=[3.65801, -4.14242, -3.36694]
PARITY max_torque=23.700 23.700 45.430
PARITY contact_mu=0.450
PARITY body_height=0.320
PARITY Kp_body=100.000 100.000 100.000
PARITY Kd_body=30.000 30.000 30.000
PARITY Kp_ori=100.000 100.000 100.000
PARITY Kd_ori=10.000 10.000 10.000
PARITY Kp_foot=550.000 550.000 550.000
PARITY Kd_foot=10.000 10.000 10.000
PARITY Kp_joint=5.000 5.000 5.000
PARITY Kd_joint=3.000 3.000 3.000
PARITY floating_base_weight=50.000
PARITY control_mode=5.000
------------------------------------------
| rollout/                |              |
|    ep_len_mean          | 350          |
|    ep_rew_mean          | 13.6         |
| time/                   |              |
|    fps                  | 1894         |
|    iterations           | 200          |
|    time_elapsed         | 13837        |
|    total_timesteps      | 26214400     |
| train/                  |              |
|    adaptive_lr          | 5e-05        |
|    approx_kl            | 0.0045672795 |
|    clip_fraction        | 0.239        |
|    clip_range           | 0.1          |
|    clip_range_vf        | 0.2          |
|    entropy_loss         | 6.12         |
|    explained_variance   | 0.871        |
|    learning_rate        | 5e-05        |
|    loss                 | 0.701        |
|    n_updates            | 5050         |
|    policy_gradient_loss | -0.00179     |
|    std                  | 0.19         |
|    value_loss           | 0.657        |
------------------------------------------
[HumanoidEnv] Reset state env_id=0 z=0.292 rpy=[0.002, -0.002, 0.000]
[HumanoidEnv] unhealthy terminate at step=571 z=0.767824 rpy=[0.980656, 0.346068, -1.11806] v_body=[-2.11209, 0.226902, 3.14807]
PARITY max_torque=23.700 23.700 45.430
PARITY contact_mu=0.450
PARITY body_height=0.320
PARITY Kp_body=100.000 100.000 100.000
PARITY Kd_body=30.000 30.000 30.000
PARITY Kp_ori=100.000 100.000 100.000
PARITY Kd_ori=10.000 10.000 10.000
PARITY Kp_foot=550.000 550.000 550.000
PARITY Kd_foot=10.000 10.000 10.000
PARITY Kp_joint=5.000 5.000 5.000
PARITY Kd_joint=3.000 3.000 3.000
PARITY floating_base_weight=50.000
PARITY control_mode=5.000
------------------------------------------
| rollout/                |              |
|    ep_len_mean          | 361          |
|    ep_rew_mean          | 14.2         |
| time/                   |              |
|    fps                  | 1894         |
|    iterations           | 201          |
|    time_elapsed         | 13907        |
|    total_timesteps      | 26345472     |
| train/                  |              |
|    adaptive_lr          | 5e-05        |
|    approx_kl            | 0.0044808066 |
|    clip_fraction        | 0.24         |
|    clip_range           | 0.1          |
|    clip_range_vf        | 0.2          |
|    entropy_loss         | 6.04         |
|    explained_variance   | 0.87         |
|    learning_rate        | 5e-05        |
|    loss                 | 0.638        |
|    n_updates            | 5060         |
|    policy_gradient_loss | -0.00213     |
|    std                  | 0.19         |
|    value_loss           | 0.667        |
------------------------------------------
[HumanoidEnv] Reset state env_id=0 z=0.304 rpy=[-0.002, -0.004, 0.000]
[HumanoidEnv] unhealthy terminate at step=350 z=0.189621 rpy=[-0.412737, 0.164312, 0.174813] v_body=[2.90299, 3.09027, -3.63064]
PARITY max_torque=23.700 23.700 45.430
PARITY contact_mu=0.450
PARITY body_height=0.320
PARITY Kp_body=100.000 100.000 100.000
PARITY Kd_body=30.000 30.000 30.000
PARITY Kp_ori=100.000 100.000 100.000
PARITY Kd_ori=10.000 10.000 10.000
PARITY Kp_foot=550.000 550.000 550.000
PARITY Kd_foot=10.000 10.000 10.000
PARITY Kp_joint=5.000 5.000 5.000
PARITY Kd_joint=3.000 3.000 3.000
PARITY floating_base_weight=50.000
PARITY control_mode=5.000
[HumanoidEnv] Reset state env_id=0 z=0.286 rpy=[0.001, -0.002, 0.000]
[HumanoidEnv] unhealthy terminate at step=272 z=0.75311 rpy=[0.265056, 0.697415, -1.99239] v_body=[-3.49612, -6.31406, -0.748834]
PARITY max_torque=23.700 23.700 45.430
PARITY contact_mu=0.450
PARITY body_height=0.320
PARITY Kp_body=100.000 100.000 100.000
PARITY Kd_body=30.000 30.000 30.000
PARITY Kp_ori=100.000 100.000 100.000
PARITY Kd_ori=10.000 10.000 10.000
PARITY Kp_foot=550.000 550.000 550.000
PARITY Kd_foot=10.000 10.000 10.000
PARITY Kp_joint=5.000 5.000 5.000
PARITY Kd_joint=3.000 3.000 3.000
PARITY floating_base_weight=50.000
PARITY control_mode=5.000
------------------------------------------
| rollout/                |              |
|    ep_len_mean          | 352          |
|    ep_rew_mean          | 13.9         |
| time/                   |              |
|    fps                  | 1894         |
|    iterations           | 202          |
|    time_elapsed         | 13977        |
|    total_timesteps      | 26476544     |
| train/                  |              |
|    adaptive_lr          | 5e-05        |
|    approx_kl            | 0.0045031747 |
|    clip_fraction        | 0.238        |
|    clip_range           | 0.1          |
|    clip_range_vf        | 0.2          |
|    entropy_loss         | 5.96         |
|    explained_variance   | 0.862        |
|    learning_rate        | 5e-05        |
|    loss                 | 0.806        |
|    n_updates            | 5070         |
|    policy_gradient_loss | -0.00179     |
|    std                  | 0.191        |
|    value_loss           | 0.706        |
------------------------------------------
[HumanoidEnv] Reset state env_id=0 z=0.328 rpy=[-0.003, -0.003, 0.000]
[HumanoidEnv] unhealthy terminate at step=260 z=0.193568 rpy=[-0.450274, 0.0530322, 0.200129] v_body=[2.39232, 3.30337, -3.29496]
PARITY max_torque=23.700 23.700 45.430
PARITY contact_mu=0.450
PARITY body_height=0.320
PARITY Kp_body=100.000 100.000 100.000
PARITY Kd_body=30.000 30.000 30.000
PARITY Kp_ori=100.000 100.000 100.000
PARITY Kd_ori=10.000 10.000 10.000
PARITY Kp_foot=550.000 550.000 550.000
PARITY Kd_foot=10.000 10.000 10.000
PARITY Kp_joint=5.000 5.000 5.000
PARITY Kd_joint=3.000 3.000 3.000
PARITY floating_base_weight=50.000
PARITY control_mode=5.000
-----------------------------------------
| rollout/                |             |
|    ep_len_mean          | 350         |
|    ep_rew_mean          | 13.7        |
| time/                   |             |
|    fps                  | 1894        |
|    iterations           | 203         |
|    time_elapsed         | 14047       |
|    total_timesteps      | 26607616    |
| train/                  |             |
|    adaptive_lr          | 5e-05       |
|    approx_kl            | 0.004504498 |
|    clip_fraction        | 0.236       |
|    clip_range           | 0.1         |
|    clip_range_vf        | 0.2         |
|    entropy_loss         | 5.88        |
|    explained_variance   | 0.862       |
|    learning_rate        | 5e-05       |
|    loss                 | 0.706       |
|    n_updates            | 5080        |
|    policy_gradient_loss | -0.00196    |
|    std                  | 0.192       |
|    value_loss           | 0.702       |
-----------------------------------------
[HumanoidEnv] Reset state env_id=0 z=0.301 rpy=[-0.001, 0.000, 0.000]
[HumanoidEnv] unhealthy terminate at step=460 z=0.199206 rpy=[0.0821262, -0.129352, 0.543748] v_body=[-2.58863, 1.79171, -0.596672]
PARITY max_torque=23.700 23.700 45.430
PARITY contact_mu=0.450
PARITY body_height=0.320
PARITY Kp_body=100.000 100.000 100.000
PARITY Kd_body=30.000 30.000 30.000
PARITY Kp_ori=100.000 100.000 100.000
PARITY Kd_ori=10.000 10.000 10.000
PARITY Kp_foot=550.000 550.000 550.000
PARITY Kd_foot=10.000 10.000 10.000
PARITY Kp_joint=5.000 5.000 5.000
PARITY Kd_joint=3.000 3.000 3.000
PARITY floating_base_weight=50.000
PARITY control_mode=5.000
[HumanoidEnv] Reset state env_id=0 z=0.282 rpy=[-0.000, 0.000, 0.000]
[HumanoidEnv] unhealthy terminate at step=270 z=0.192293 rpy=[-1.02213, 0.105718, -0.00796112] v_body=[-3.18025, 1.7173, -4.53119]
PARITY max_torque=23.700 23.700 45.430
PARITY contact_mu=0.450
PARITY body_height=0.320
PARITY Kp_body=100.000 100.000 100.000
PARITY Kd_body=30.000 30.000 30.000
PARITY Kp_ori=100.000 100.000 100.000
PARITY Kd_ori=10.000 10.000 10.000
PARITY Kp_foot=550.000 550.000 550.000
PARITY Kd_foot=10.000 10.000 10.000
PARITY Kp_joint=5.000 5.000 5.000
PARITY Kd_joint=3.000 3.000 3.000
PARITY floating_base_weight=50.000
PARITY control_mode=5.000
-----------------------------------------
| rollout/                |             |
|    ep_len_mean          | 363         |
|    ep_rew_mean          | 14.4        |
| time/                   |             |
|    fps                  | 1894        |
|    iterations           | 204         |
|    time_elapsed         | 14117       |
|    total_timesteps      | 26738688    |
| train/                  |             |
|    adaptive_lr          | 5e-05       |
|    approx_kl            | 0.004422564 |
|    clip_fraction        | 0.232       |
|    clip_range           | 0.1         |
|    clip_range_vf        | 0.2         |
|    entropy_loss         | 5.81        |
|    explained_variance   | 0.865       |
|    learning_rate        | 5e-05       |
|    loss                 | 0.861       |
|    n_updates            | 5090        |
|    policy_gradient_loss | -0.00178    |
|    std                  | 0.192       |
|    value_loss           | 0.715       |
-----------------------------------------
[HumanoidEnv] Reset state env_id=0 z=0.284 rpy=[-0.001, 0.001, 0.001]
[HumanoidEnv] unhealthy terminate at step=415 z=0.761209 rpy=[0.771262, -0.518778, -0.353081] v_body=[-3.68266, -3.47834, -2.08433]
PARITY max_torque=23.700 23.700 45.430
PARITY contact_mu=0.450
PARITY body_height=0.320
PARITY Kp_body=100.000 100.000 100.000
PARITY Kd_body=30.000 30.000 30.000
PARITY Kp_ori=100.000 100.000 100.000
PARITY Kd_ori=10.000 10.000 10.000
PARITY Kp_foot=550.000 550.000 550.000
PARITY Kd_foot=10.000 10.000 10.000
PARITY Kp_joint=5.000 5.000 5.000
PARITY Kd_joint=3.000 3.000 3.000
PARITY floating_base_weight=50.000
PARITY control_mode=5.000
------------------------------------------
| rollout/                |              |
|    ep_len_mean          | 347          |
|    ep_rew_mean          | 13.6         |
| time/                   |              |
|    fps                  | 1893         |
|    iterations           | 205          |
|    time_elapsed         | 14187        |
|    total_timesteps      | 26869760     |
| train/                  |              |
|    adaptive_lr          | 5e-05        |
|    approx_kl            | 0.0043780115 |
|    clip_fraction        | 0.232        |
|    clip_range           | 0.1          |
|    clip_range_vf        | 0.2          |
|    entropy_loss         | 5.73         |
|    explained_variance   | 0.857        |
|    learning_rate        | 5e-05        |
|    loss                 | 0.746        |
|    n_updates            | 5100         |
|    policy_gradient_loss | -0.00149     |
|    std                  | 0.193        |
|    value_loss           | 0.698        |
------------------------------------------
[HumanoidEnv] Reset state env_id=0 z=0.294 rpy=[0.002, -0.001, 0.000]
[HumanoidEnv] unhealthy terminate at step=310 z=0.195852 rpy=[2.63099, 0.278185, 1.55782] v_body=[-6.27008, 3.58837, -2.6862]
PARITY max_torque=23.700 23.700 45.430
PARITY contact_mu=0.450
PARITY body_height=0.320
PARITY Kp_body=100.000 100.000 100.000
PARITY Kd_body=30.000 30.000 30.000
PARITY Kp_ori=100.000 100.000 100.000
PARITY Kd_ori=10.000 10.000 10.000
PARITY Kp_foot=550.000 550.000 550.000
PARITY Kd_foot=10.000 10.000 10.000
PARITY Kp_joint=5.000 5.000 5.000
PARITY Kd_joint=3.000 3.000 3.000
PARITY floating_base_weight=50.000
PARITY control_mode=5.000
------------------------------------------
| rollout/                |              |
|    ep_len_mean          | 368          |
|    ep_rew_mean          | 14.5         |
| time/                   |              |
|    fps                  | 1893         |
|    iterations           | 206          |
|    time_elapsed         | 14257        |
|    total_timesteps      | 27000832     |
| train/                  |              |
|    adaptive_lr          | 5e-05        |
|    approx_kl            | 0.0042896876 |
|    clip_fraction        | 0.234        |
|    clip_range           | 0.1          |
|    clip_range_vf        | 0.2          |
|    entropy_loss         | 5.64         |
|    explained_variance   | 0.851        |
|    learning_rate        | 5e-05        |
|    loss                 | 0.841        |
|    n_updates            | 5110         |
|    policy_gradient_loss | -0.00165     |
|    std                  | 0.193        |
|    value_loss           | 0.739        |
------------------------------------------
[HumanoidEnv] Reset state env_id=0 z=0.327 rpy=[-0.001, -0.002, 0.000]
[HumanoidEnv] unhealthy terminate at step=426 z=0.755983 rpy=[-2.06485, -0.576261, 0.985214] v_body=[-2.97048, 0.473421, -6.09486]
PARITY max_torque=23.700 23.700 45.430
PARITY contact_mu=0.450
PARITY body_height=0.320
PARITY Kp_body=100.000 100.000 100.000
PARITY Kd_body=30.000 30.000 30.000
PARITY Kp_ori=100.000 100.000 100.000
PARITY Kd_ori=10.000 10.000 10.000
PARITY Kp_foot=550.000 550.000 550.000
PARITY Kd_foot=10.000 10.000 10.000
PARITY Kp_joint=5.000 5.000 5.000
PARITY Kd_joint=3.000 3.000 3.000
PARITY floating_base_weight=50.000
PARITY control_mode=5.000
[HumanoidEnv] Reset state env_id=0 z=0.271 rpy=[0.001, -0.001, 0.001]
[HumanoidEnv] unhealthy terminate at step=376 z=0.754767 rpy=[-0.536268, -0.285913, -0.422197] v_body=[2.3788, 1.86986, 1.60271]
PARITY max_torque=23.700 23.700 45.430
PARITY contact_mu=0.450
PARITY body_height=0.320
PARITY Kp_body=100.000 100.000 100.000
PARITY Kd_body=30.000 30.000 30.000
PARITY Kp_ori=100.000 100.000 100.000
PARITY Kd_ori=10.000 10.000 10.000
PARITY Kp_foot=550.000 550.000 550.000
PARITY Kd_foot=10.000 10.000 10.000
PARITY Kp_joint=5.000 5.000 5.000
PARITY Kd_joint=3.000 3.000 3.000
PARITY floating_base_weight=50.000
PARITY control_mode=5.000
------------------------------------------
| rollout/                |              |
|    ep_len_mean          | 362          |
|    ep_rew_mean          | 14.3         |
| time/                   |              |
|    fps                  | 1893         |
|    iterations           | 207          |
|    time_elapsed         | 14327        |
|    total_timesteps      | 27131904     |
| train/                  |              |
|    adaptive_lr          | 5e-05        |
|    approx_kl            | 0.0043887235 |
|    clip_fraction        | 0.233        |
|    clip_range           | 0.1          |
|    clip_range_vf        | 0.2          |
|    entropy_loss         | 5.56         |
|    explained_variance   | 0.854        |
|    learning_rate        | 5e-05        |
|    loss                 | 0.817        |
|    n_updates            | 5120         |
|    policy_gradient_loss | -0.00152     |
|    std                  | 0.194        |
|    value_loss           | 0.705        |
------------------------------------------
[HumanoidEnv] Reset state env_id=0 z=0.291 rpy=[-0.001, -0.001, 0.000]
[HumanoidEnv] unhealthy terminate at step=463 z=0.189685 rpy=[-0.857229, 0.153303, 0.0963977] v_body=[-4.1676, -0.617057, -1.95308]
PARITY max_torque=23.700 23.700 45.430
PARITY contact_mu=0.450
PARITY body_height=0.320
PARITY Kp_body=100.000 100.000 100.000
PARITY Kd_body=30.000 30.000 30.000
PARITY Kp_ori=100.000 100.000 100.000
PARITY Kd_ori=10.000 10.000 10.000
PARITY Kp_foot=550.000 550.000 550.000
PARITY Kd_foot=10.000 10.000 10.000
PARITY Kp_joint=5.000 5.000 5.000
PARITY Kd_joint=3.000 3.000 3.000
PARITY floating_base_weight=50.000
PARITY control_mode=5.000
------------------------------------------
| rollout/                |              |
|    ep_len_mean          | 369          |
|    ep_rew_mean          | 14.6         |
| time/                   |              |
|    fps                  | 1893         |
|    iterations           | 208          |
|    time_elapsed         | 14397        |
|    total_timesteps      | 27262976     |
| train/                  |              |
|    adaptive_lr          | 5e-05        |
|    approx_kl            | 0.0044583967 |
|    clip_fraction        | 0.238        |
|    clip_range           | 0.1          |
|    clip_range_vf        | 0.2          |
|    entropy_loss         | 5.47         |
|    explained_variance   | 0.857        |
|    learning_rate        | 5e-05        |
|    loss                 | 0.756        |
|    n_updates            | 5130         |
|    policy_gradient_loss | -0.00167     |
|    std                  | 0.195        |
|    value_loss           | 0.712        |
------------------------------------------
[HumanoidEnv] Reset state env_id=0 z=0.304 rpy=[0.000, -0.003, 0.000]
[HumanoidEnv] unhealthy terminate at step=458 z=0.184921 rpy=[-2.51124, -0.367054, 2.33905] v_body=[3.43329, -2.16287, 1.23983]
PARITY max_torque=23.700 23.700 45.430
PARITY contact_mu=0.450
PARITY body_height=0.320
PARITY Kp_body=100.000 100.000 100.000
PARITY Kd_body=30.000 30.000 30.000
PARITY Kp_ori=100.000 100.000 100.000
PARITY Kd_ori=10.000 10.000 10.000
PARITY Kp_foot=550.000 550.000 550.000
PARITY Kd_foot=10.000 10.000 10.000
PARITY Kp_joint=5.000 5.000 5.000
PARITY Kd_joint=3.000 3.000 3.000
PARITY floating_base_weight=50.000
PARITY control_mode=5.000
-----------------------------------------
| rollout/                |             |
|    ep_len_mean          | 378         |
|    ep_rew_mean          | 14.9        |
| time/                   |             |
|    fps                  | 1893        |
|    iterations           | 209         |
|    time_elapsed         | 14467       |
|    total_timesteps      | 27394048    |
| train/                  |             |
|    adaptive_lr          | 5e-05       |
|    approx_kl            | 0.004403321 |
|    clip_fraction        | 0.236       |
|    clip_range           | 0.1         |
|    clip_range_vf        | 0.2         |
|    entropy_loss         | 5.39        |
|    explained_variance   | 0.855       |
|    learning_rate        | 5e-05       |
|    loss                 | 0.879       |
|    n_updates            | 5140        |
|    policy_gradient_loss | -0.00184    |
|    std                  | 0.195       |
|    value_loss           | 0.74        |
-----------------------------------------
[HumanoidEnv] Reset state env_id=0 z=0.289 rpy=[-0.002, -0.001, 0.001]
[HumanoidEnv] unhealthy terminate at step=527 z=0.779465 rpy=[-2.49706, -0.351767, -3.03375] v_body=[-6.9574, -3.94535, 0.949029]
PARITY max_torque=23.700 23.700 45.430
PARITY contact_mu=0.450
PARITY body_height=0.320
PARITY Kp_body=100.000 100.000 100.000
PARITY Kd_body=30.000 30.000 30.000
PARITY Kp_ori=100.000 100.000 100.000
PARITY Kd_ori=10.000 10.000 10.000
PARITY Kp_foot=550.000 550.000 550.000
PARITY Kd_foot=10.000 10.000 10.000
PARITY Kp_joint=5.000 5.000 5.000
PARITY Kd_joint=3.000 3.000 3.000
PARITY floating_base_weight=50.000
PARITY control_mode=5.000
---------------------------------------
| rollout/                |           |
|    ep_len_mean          | 366       |
|    ep_rew_mean          | 14.6      |
| time/                   |           |
|    fps                  | 1893      |
|    iterations           | 210       |
|    time_elapsed         | 14537     |
|    total_timesteps      | 27525120  |
| train/                  |           |
|    adaptive_lr          | 5e-05     |
|    approx_kl            | 0.0044783 |
|    clip_fraction        | 0.239     |
|    clip_range           | 0.1       |
|    clip_range_vf        | 0.2       |
|    entropy_loss         | 5.31      |
|    explained_variance   | 0.853     |
|    learning_rate        | 5e-05     |
|    loss                 | 0.804     |
|    n_updates            | 5150      |
|    policy_gradient_loss | -0.00185  |
|    std                  | 0.196     |
|    value_loss           | 0.736     |
---------------------------------------
[HumanoidEnv] Reset state env_id=0 z=0.306 rpy=[0.002, -0.001, -0.000]
[HumanoidEnv] unhealthy terminate at step=449 z=0.754161 rpy=[1.38608, 0.145975, 2.6192] v_body=[7.55226, -3.16152, -1.43674]
PARITY max_torque=23.700 23.700 45.430
PARITY contact_mu=0.450
PARITY body_height=0.320
PARITY Kp_body=100.000 100.000 100.000
PARITY Kd_body=30.000 30.000 30.000
PARITY Kp_ori=100.000 100.000 100.000
PARITY Kd_ori=10.000 10.000 10.000
PARITY Kp_foot=550.000 550.000 550.000
PARITY Kd_foot=10.000 10.000 10.000
PARITY Kp_joint=5.000 5.000 5.000
PARITY Kd_joint=3.000 3.000 3.000
PARITY floating_base_weight=50.000
PARITY control_mode=5.000
----------------------------------------
| rollout/                |            |
|    ep_len_mean          | 356        |
|    ep_rew_mean          | 14.1       |
| time/                   |            |
|    fps                  | 1893       |
|    iterations           | 211        |
|    time_elapsed         | 14606      |
|    total_timesteps      | 27656192   |
| train/                  |            |
|    adaptive_lr          | 5e-05      |
|    approx_kl            | 0.00445303 |
|    clip_fraction        | 0.236      |
|    clip_range           | 0.1        |
|    clip_range_vf        | 0.2        |
|    entropy_loss         | 5.22       |
|    explained_variance   | 0.864      |
|    learning_rate        | 5e-05      |
|    loss                 | 0.71       |
|    n_updates            | 5160       |
|    policy_gradient_loss | -0.0015    |
|    std                  | 0.197      |
|    value_loss           | 0.714      |
----------------------------------------
[HumanoidEnv] Reset state env_id=0 z=0.309 rpy=[0.000, -0.002, 0.000]
[HumanoidEnv] unhealthy terminate at step=284 z=0.198062 rpy=[-1.96163, 0.174692, -0.384449] v_body=[-2.78775, -0.513259, -0.603756]
PARITY max_torque=23.700 23.700 45.430
PARITY contact_mu=0.450
PARITY body_height=0.320
PARITY Kp_body=100.000 100.000 100.000
PARITY Kd_body=30.000 30.000 30.000
PARITY Kp_ori=100.000 100.000 100.000
PARITY Kd_ori=10.000 10.000 10.000
PARITY Kp_foot=550.000 550.000 550.000
PARITY Kd_foot=10.000 10.000 10.000
PARITY Kp_joint=5.000 5.000 5.000
PARITY Kd_joint=3.000 3.000 3.000
PARITY floating_base_weight=50.000
PARITY control_mode=5.000
[HumanoidEnv] Reset state env_id=0 z=0.300 rpy=[0.000, -0.001, 0.000]
[HumanoidEnv] unhealthy terminate at step=387 z=0.76273 rpy=[-1.24999, -1.2494, 1.10917] v_body=[-1.43797, 0.0159775, 7.27146]
PARITY max_torque=23.700 23.700 45.430
PARITY contact_mu=0.450
PARITY body_height=0.320
PARITY Kp_body=100.000 100.000 100.000
PARITY Kd_body=30.000 30.000 30.000
PARITY Kp_ori=100.000 100.000 100.000
PARITY Kd_ori=10.000 10.000 10.000
PARITY Kp_foot=550.000 550.000 550.000
PARITY Kd_foot=10.000 10.000 10.000
PARITY Kp_joint=5.000 5.000 5.000
PARITY Kd_joint=3.000 3.000 3.000
PARITY floating_base_weight=50.000
PARITY control_mode=5.000
-----------------------------------------
| rollout/                |             |
|    ep_len_mean          | 375         |
|    ep_rew_mean          | 14.8        |
| time/                   |             |
|    fps                  | 1893        |
|    iterations           | 212         |
|    time_elapsed         | 14675       |
|    total_timesteps      | 27787264    |
| train/                  |             |
|    adaptive_lr          | 5e-05       |
|    approx_kl            | 0.004440986 |
|    clip_fraction        | 0.238       |
|    clip_range           | 0.1         |
|    clip_range_vf        | 0.2         |
|    entropy_loss         | 5.13        |
|    explained_variance   | 0.865       |
|    learning_rate        | 5e-05       |
|    loss                 | 0.776       |
|    n_updates            | 5170        |
|    policy_gradient_loss | -0.00166    |
|    std                  | 0.197       |
|    value_loss           | 0.721       |
-----------------------------------------
[HumanoidEnv] Reset state env_id=0 z=0.273 rpy=[-0.002, 0.001, 0.001]
[HumanoidEnv] unhealthy terminate at step=281 z=0.18605 rpy=[-0.889971, -0.178803, -0.0487966] v_body=[6.85379, 1.86396, -4.92439]
PARITY max_torque=23.700 23.700 45.430
PARITY contact_mu=0.450
PARITY body_height=0.320
PARITY Kp_body=100.000 100.000 100.000
PARITY Kd_body=30.000 30.000 30.000
PARITY Kp_ori=100.000 100.000 100.000
PARITY Kd_ori=10.000 10.000 10.000
PARITY Kp_foot=550.000 550.000 550.000
PARITY Kd_foot=10.000 10.000 10.000
PARITY Kp_joint=5.000 5.000 5.000
PARITY Kd_joint=3.000 3.000 3.000
PARITY floating_base_weight=50.000
PARITY control_mode=5.000
------------------------------------------
| rollout/                |              |
|    ep_len_mean          | 369          |
|    ep_rew_mean          | 14.5         |
| time/                   |              |
|    fps                  | 1893         |
|    iterations           | 213          |
|    time_elapsed         | 14744        |
|    total_timesteps      | 27918336     |
| train/                  |              |
|    adaptive_lr          | 5e-05        |
|    approx_kl            | 0.0042736814 |
|    clip_fraction        | 0.227        |
|    clip_range           | 0.1          |
|    clip_range_vf        | 0.2          |
|    entropy_loss         | 5.05         |
|    explained_variance   | 0.854        |
|    learning_rate        | 5e-05        |
|    loss                 | 0.789        |
|    n_updates            | 5180         |
|    policy_gradient_loss | -0.00149     |
|    std                  | 0.198        |
|    value_loss           | 0.763        |
------------------------------------------
[HumanoidEnv] Reset state env_id=0 z=0.275 rpy=[0.001, -0.001, 0.001]
[HumanoidEnv] unhealthy terminate at step=398 z=0.197414 rpy=[1.33605, 0.00434851, -0.225512] v_body=[-1.24465, 0.950718, -3.4789]
PARITY max_torque=23.700 23.700 45.430
PARITY contact_mu=0.450
PARITY body_height=0.320
PARITY Kp_body=100.000 100.000 100.000
PARITY Kd_body=30.000 30.000 30.000
PARITY Kp_ori=100.000 100.000 100.000
PARITY Kd_ori=10.000 10.000 10.000
PARITY Kp_foot=550.000 550.000 550.000
PARITY Kd_foot=10.000 10.000 10.000
PARITY Kp_joint=5.000 5.000 5.000
PARITY Kd_joint=3.000 3.000 3.000
PARITY floating_base_weight=50.000
PARITY control_mode=5.000
INFO:root:VecNormalize statistics saved at: ./data/gamma4/quadruped_ppo_model_ckpt_28001792_vecnormalize.pkl
INFO:root:Model saved at: ./data/gamma4/quadruped_ppo_model_ckpt_28001792.zip
INFO:root:Checkpoint written at 28001792 timesteps
[HumanoidEnv] Reset state env_id=0 z=0.310 rpy=[0.002, -0.003, -0.000]
[HumanoidEnv] unhealthy terminate at step=409 z=0.198991 rpy=[2.21114, 0.527206, -0.264374] v_body=[-0.699558, 0.632378, 0.412264]
PARITY max_torque=23.700 23.700 45.430
PARITY contact_mu=0.450
PARITY body_height=0.320
PARITY Kp_body=100.000 100.000 100.000
PARITY Kd_body=30.000 30.000 30.000
PARITY Kp_ori=100.000 100.000 100.000
PARITY Kd_ori=10.000 10.000 10.000
PARITY Kp_foot=550.000 550.000 550.000
PARITY Kd_foot=10.000 10.000 10.000
PARITY Kp_joint=5.000 5.000 5.000
PARITY Kd_joint=3.000 3.000 3.000
PARITY floating_base_weight=50.000
PARITY control_mode=5.000
-----------------------------------------
| rollout/                |             |
|    ep_len_mean          | 362         |
|    ep_rew_mean          | 14.5        |
| time/                   |             |
|    fps                  | 1893        |
|    iterations           | 214         |
|    time_elapsed         | 14814       |
|    total_timesteps      | 28049408    |
| train/                  |             |
|    adaptive_lr          | 5e-05       |
|    approx_kl            | 0.004225158 |
|    clip_fraction        | 0.232       |
|    clip_range           | 0.1         |
|    clip_range_vf        | 0.2         |
|    entropy_loss         | 4.97        |
|    explained_variance   | 0.857       |
|    learning_rate        | 5e-05       |
|    loss                 | 0.722       |
|    n_updates            | 5190        |
|    policy_gradient_loss | -0.00152    |
|    std                  | 0.199       |
|    value_loss           | 0.761       |
-----------------------------------------
[HumanoidEnv] Reset state env_id=0 z=0.284 rpy=[-0.000, -0.001, 0.001]
[HumanoidEnv] unhealthy terminate at step=385 z=0.179211 rpy=[0.542318, 0.0075809, -1.18258] v_body=[-3.37336, -0.603721, -5.44143]
PARITY max_torque=23.700 23.700 45.430
PARITY contact_mu=0.450
PARITY body_height=0.320
PARITY Kp_body=100.000 100.000 100.000
PARITY Kd_body=30.000 30.000 30.000
PARITY Kp_ori=100.000 100.000 100.000
PARITY Kd_ori=10.000 10.000 10.000
PARITY Kp_foot=550.000 550.000 550.000
PARITY Kd_foot=10.000 10.000 10.000
PARITY Kp_joint=5.000 5.000 5.000
PARITY Kd_joint=3.000 3.000 3.000
PARITY floating_base_weight=50.000
PARITY control_mode=5.000
-----------------------------------------
| rollout/                |             |
|    ep_len_mean          | 358         |
|    ep_rew_mean          | 14.1        |
| time/                   |             |
|    fps                  | 1893        |
|    iterations           | 215         |
|    time_elapsed         | 14883       |
|    total_timesteps      | 28180480    |
| train/                  |             |
|    adaptive_lr          | 5e-05       |
|    approx_kl            | 0.004424396 |
|    clip_fraction        | 0.23        |
|    clip_range           | 0.1         |
|    clip_range_vf        | 0.2         |
|    entropy_loss         | 4.88        |
|    explained_variance   | 0.865       |
|    learning_rate        | 5e-05       |
|    loss                 | 0.727       |
|    n_updates            | 5200        |
|    policy_gradient_loss | -0.00153    |
|    std                  | 0.199       |
|    value_loss           | 0.715       |
-----------------------------------------
[HumanoidEnv] Reset state env_id=0 z=0.286 rpy=[-0.001, -0.001, 0.001]
[HumanoidEnv] unhealthy terminate at step=332 z=0.754328 rpy=[0.638147, -0.659892, -1.33184] v_body=[-1.19161, 3.51693, -2.60857]
PARITY max_torque=23.700 23.700 45.430
PARITY contact_mu=0.450
PARITY body_height=0.320
PARITY Kp_body=100.000 100.000 100.000
PARITY Kd_body=30.000 30.000 30.000
PARITY Kp_ori=100.000 100.000 100.000
PARITY Kd_ori=10.000 10.000 10.000
PARITY Kp_foot=550.000 550.000 550.000
PARITY Kd_foot=10.000 10.000 10.000
PARITY Kp_joint=5.000 5.000 5.000
PARITY Kd_joint=3.000 3.000 3.000
PARITY floating_base_weight=50.000
PARITY control_mode=5.000
[HumanoidEnv] Reset state env_id=0 z=0.304 rpy=[-0.002, -0.003, 0.000]
[HumanoidEnv] unhealthy terminate at step=207 z=0.199104 rpy=[-0.93498, 0.271971, -0.805317] v_body=[0.249367, 0.137798, -0.806725]
PARITY max_torque=23.700 23.700 45.430
PARITY contact_mu=0.450
PARITY body_height=0.320
PARITY Kp_body=100.000 100.000 100.000
PARITY Kd_body=30.000 30.000 30.000
PARITY Kp_ori=100.000 100.000 100.000
PARITY Kd_ori=10.000 10.000 10.000
PARITY Kp_foot=550.000 550.000 550.000
PARITY Kd_foot=10.000 10.000 10.000
PARITY Kp_joint=5.000 5.000 5.000
PARITY Kd_joint=3.000 3.000 3.000
PARITY floating_base_weight=50.000
PARITY control_mode=5.000
------------------------------------------
| rollout/                |              |
|    ep_len_mean          | 366          |
|    ep_rew_mean          | 14.4         |
| time/                   |              |
|    fps                  | 1893         |
|    iterations           | 216          |
|    time_elapsed         | 14952        |
|    total_timesteps      | 28311552     |
| train/                  |              |
|    adaptive_lr          | 5e-05        |
|    approx_kl            | 0.0044047465 |
|    clip_fraction        | 0.229        |
|    clip_range           | 0.1          |
|    clip_range_vf        | 0.2          |
|    entropy_loss         | 4.81         |
|    explained_variance   | 0.865        |
|    learning_rate        | 5e-05        |
|    loss                 | 0.73         |
|    n_updates            | 5210         |
|    policy_gradient_loss | -0.00165     |
|    std                  | 0.2          |
|    value_loss           | 0.708        |
------------------------------------------
[HumanoidEnv] Reset state env_id=0 z=0.275 rpy=[0.000, -0.001, 0.000]
[HumanoidEnv] unhealthy terminate at step=516 z=0.770674 rpy=[-1.66861, -0.526705, -1.01345] v_body=[6.13826, -6.33088, -0.945054]
PARITY max_torque=23.700 23.700 45.430
PARITY contact_mu=0.450
PARITY body_height=0.320
PARITY Kp_body=100.000 100.000 100.000
PARITY Kd_body=30.000 30.000 30.000
PARITY Kp_ori=100.000 100.000 100.000
PARITY Kd_ori=10.000 10.000 10.000
PARITY Kp_foot=550.000 550.000 550.000
PARITY Kd_foot=10.000 10.000 10.000
PARITY Kp_joint=5.000 5.000 5.000
PARITY Kd_joint=3.000 3.000 3.000
PARITY floating_base_weight=50.000
PARITY control_mode=5.000
------------------------------------------
| rollout/                |              |
|    ep_len_mean          | 362          |
|    ep_rew_mean          | 14.4         |
| time/                   |              |
|    fps                  | 1893         |
|    iterations           | 217          |
|    time_elapsed         | 15022        |
|    total_timesteps      | 28442624     |
| train/                  |              |
|    adaptive_lr          | 5e-05        |
|    approx_kl            | 0.0042707156 |
|    clip_fraction        | 0.227        |
|    clip_range           | 0.1          |
|    clip_range_vf        | 0.2          |
|    entropy_loss         | 4.73         |
|    explained_variance   | 0.861        |
|    learning_rate        | 5e-05        |
|    loss                 | 0.718        |
|    n_updates            | 5220         |
|    policy_gradient_loss | -0.00163     |
|    std                  | 0.201        |
|    value_loss           | 0.697        |
------------------------------------------
[HumanoidEnv] Reset state env_id=0 z=0.301 rpy=[-0.001, -0.002, 0.000]
[HumanoidEnv] unhealthy terminate at step=381 z=0.757648 rpy=[-1.12373, -0.629627, 1.13786] v_body=[-1.72749, 3.48442, -1.92362]
PARITY max_torque=23.700 23.700 45.430
PARITY contact_mu=0.450
PARITY body_height=0.320
PARITY Kp_body=100.000 100.000 100.000
PARITY Kd_body=30.000 30.000 30.000
PARITY Kp_ori=100.000 100.000 100.000
PARITY Kd_ori=10.000 10.000 10.000
PARITY Kp_foot=550.000 550.000 550.000
PARITY Kd_foot=10.000 10.000 10.000
PARITY Kp_joint=5.000 5.000 5.000
PARITY Kd_joint=3.000 3.000 3.000
PARITY floating_base_weight=50.000
PARITY control_mode=5.000
------------------------------------------
| rollout/                |              |
|    ep_len_mean          | 360          |
|    ep_rew_mean          | 14.3         |
| time/                   |              |
|    fps                  | 1893         |
|    iterations           | 218          |
|    time_elapsed         | 15092        |
|    total_timesteps      | 28573696     |
| train/                  |              |
|    adaptive_lr          | 5e-05        |
|    approx_kl            | 0.0044379914 |
|    clip_fraction        | 0.234        |
|    clip_range           | 0.1          |
|    clip_range_vf        | 0.2          |
|    entropy_loss         | 4.65         |
|    explained_variance   | 0.862        |
|    learning_rate        | 5e-05        |
|    loss                 | 0.671        |
|    n_updates            | 5230         |
|    policy_gradient_loss | -0.00201     |
|    std                  | 0.201        |
|    value_loss           | 0.707        |
------------------------------------------
[HumanoidEnv] Reset state env_id=0 z=0.295 rpy=[0.001, -0.001, 0.000]
[HumanoidEnv] unhealthy terminate at step=301 z=0.19928 rpy=[0.551003, 0.334433, -0.329525] v_body=[-5.3342, -1.84198, -2.26409]
PARITY max_torque=23.700 23.700 45.430
PARITY contact_mu=0.450
PARITY body_height=0.320
PARITY Kp_body=100.000 100.000 100.000
PARITY Kd_body=30.000 30.000 30.000
PARITY Kp_ori=100.000 100.000 100.000
PARITY Kd_ori=10.000 10.000 10.000
PARITY Kp_foot=550.000 550.000 550.000
PARITY Kd_foot=10.000 10.000 10.000
PARITY Kp_joint=5.000 5.000 5.000
PARITY Kd_joint=3.000 3.000 3.000
PARITY floating_base_weight=50.000
PARITY control_mode=5.000
[HumanoidEnv] Reset state env_id=0 z=0.316 rpy=[0.002, -0.003, 0.000]
[HumanoidEnv] unhealthy terminate at step=225 z=0.198984 rpy=[-0.108194, 0.276313, 0.224716] v_body=[3.96069, 1.40212, -2.20708]
PARITY max_torque=23.700 23.700 45.430
PARITY contact_mu=0.450
PARITY body_height=0.320
PARITY Kp_body=100.000 100.000 100.000
PARITY Kd_body=30.000 30.000 30.000
PARITY Kp_ori=100.000 100.000 100.000
PARITY Kd_ori=10.000 10.000 10.000
PARITY Kp_foot=550.000 550.000 550.000
PARITY Kd_foot=10.000 10.000 10.000
PARITY Kp_joint=5.000 5.000 5.000
PARITY Kd_joint=3.000 3.000 3.000
PARITY floating_base_weight=50.000
PARITY control_mode=5.000
------------------------------------------
| rollout/                |              |
|    ep_len_mean          | 369          |
|    ep_rew_mean          | 14.7         |
| time/                   |              |
|    fps                  | 1893         |
|    iterations           | 219          |
|    time_elapsed         | 15161        |
|    total_timesteps      | 28704768     |
| train/                  |              |
|    adaptive_lr          | 5e-05        |
|    approx_kl            | 0.0044057323 |
|    clip_fraction        | 0.23         |
|    clip_range           | 0.1          |
|    clip_range_vf        | 0.2          |
|    entropy_loss         | 4.57         |
|    explained_variance   | 0.857        |
|    learning_rate        | 5e-05        |
|    loss                 | 0.697        |
|    n_updates            | 5240         |
|    policy_gradient_loss | -0.00173     |
|    std                  | 0.202        |
|    value_loss           | 0.738        |
------------------------------------------
[HumanoidEnv] Reset state env_id=0 z=0.274 rpy=[0.002, -0.001, 0.001]
[HumanoidEnv] unhealthy terminate at step=342 z=0.168814 rpy=[-0.510877, -0.250602, -1.43448] v_body=[-0.00439475, -7.35505, -0.878638]
PARITY max_torque=23.700 23.700 45.430
PARITY contact_mu=0.450
PARITY body_height=0.320
PARITY Kp_body=100.000 100.000 100.000
PARITY Kd_body=30.000 30.000 30.000
PARITY Kp_ori=100.000 100.000 100.000
PARITY Kd_ori=10.000 10.000 10.000
PARITY Kp_foot=550.000 550.000 550.000
PARITY Kd_foot=10.000 10.000 10.000
PARITY Kp_joint=5.000 5.000 5.000
PARITY Kd_joint=3.000 3.000 3.000
PARITY floating_base_weight=50.000
PARITY control_mode=5.000
[HumanoidEnv] Reset state env_id=0 z=0.303 rpy=[0.001, -0.002, 0.000]
[HumanoidEnv] unhealthy terminate at step=346 z=0.192829 rpy=[-0.338502, 0.18088, 0.0455438] v_body=[2.61432, 0.998191, -2.71329]
PARITY max_torque=23.700 23.700 45.430
PARITY contact_mu=0.450
PARITY body_height=0.320
PARITY Kp_body=100.000 100.000 100.000
PARITY Kd_body=30.000 30.000 30.000
PARITY Kp_ori=100.000 100.000 100.000
PARITY Kd_ori=10.000 10.000 10.000
PARITY Kp_foot=550.000 550.000 550.000
PARITY Kd_foot=10.000 10.000 10.000
PARITY Kp_joint=5.000 5.000 5.000
PARITY Kd_joint=3.000 3.000 3.000
PARITY floating_base_weight=50.000
PARITY control_mode=5.000
-----------------------------------------
| rollout/                |             |
|    ep_len_mean          | 365         |
|    ep_rew_mean          | 14.5        |
| time/                   |             |
|    fps                  | 1893        |
|    iterations           | 220         |
|    time_elapsed         | 15230       |
|    total_timesteps      | 28835840    |
| train/                  |             |
|    adaptive_lr          | 5e-05       |
|    approx_kl            | 0.004304912 |
|    clip_fraction        | 0.234       |
|    clip_range           | 0.1         |
|    clip_range_vf        | 0.2         |
|    entropy_loss         | 4.48        |
|    explained_variance   | 0.85        |
|    learning_rate        | 5e-05       |
|    loss                 | 0.683       |
|    n_updates            | 5250        |
|    policy_gradient_loss | -0.00181    |
|    std                  | 0.203       |
|    value_loss           | 0.726       |
-----------------------------------------
[HumanoidEnv] Reset state env_id=0 z=0.329 rpy=[0.000, -0.003, 0.000]
[HumanoidEnv] unhealthy terminate at step=392 z=0.199722 rpy=[0.233433, -0.0895359, -0.120589] v_body=[-0.31078, -0.275732, -1.70971]
PARITY max_torque=23.700 23.700 45.430
PARITY contact_mu=0.450
PARITY body_height=0.320
PARITY Kp_body=100.000 100.000 100.000
PARITY Kd_body=30.000 30.000 30.000
PARITY Kp_ori=100.000 100.000 100.000
PARITY Kd_ori=10.000 10.000 10.000
PARITY Kp_foot=550.000 550.000 550.000
PARITY Kd_foot=10.000 10.000 10.000
PARITY Kp_joint=5.000 5.000 5.000
PARITY Kd_joint=3.000 3.000 3.000
PARITY floating_base_weight=50.000
PARITY control_mode=5.000
------------------------------------------
| rollout/                |              |
|    ep_len_mean          | 370          |
|    ep_rew_mean          | 14.7         |
| time/                   |              |
|    fps                  | 1893         |
|    iterations           | 221          |
|    time_elapsed         | 15300        |
|    total_timesteps      | 28966912     |
| train/                  |              |
|    adaptive_lr          | 5e-05        |
|    approx_kl            | 0.0043172156 |
|    clip_fraction        | 0.227        |
|    clip_range           | 0.1          |
|    clip_range_vf        | 0.2          |
|    entropy_loss         | 4.4          |
|    explained_variance   | 0.842        |
|    learning_rate        | 5e-05        |
|    loss                 | 0.847        |
|    n_updates            | 5260         |
|    policy_gradient_loss | -0.00164     |
|    std                  | 0.203        |
|    value_loss           | 0.764        |
------------------------------------------
[HumanoidEnv] Reset state env_id=0 z=0.283 rpy=[0.003, -0.002, 0.000]
[HumanoidEnv] unhealthy terminate at step=378 z=0.774873 rpy=[-0.0235638, -0.138412, 0.104353] v_body=[2.49073, -0.964367, 4.4956]
PARITY max_torque=23.700 23.700 45.430
PARITY contact_mu=0.450
PARITY body_height=0.320
PARITY Kp_body=100.000 100.000 100.000
PARITY Kd_body=30.000 30.000 30.000
PARITY Kp_ori=100.000 100.000 100.000
PARITY Kd_ori=10.000 10.000 10.000
PARITY Kp_foot=550.000 550.000 550.000
PARITY Kd_foot=10.000 10.000 10.000
PARITY Kp_joint=5.000 5.000 5.000
PARITY Kd_joint=3.000 3.000 3.000
PARITY floating_base_weight=50.000
PARITY control_mode=5.000
-----------------------------------------
| rollout/                |             |
|    ep_len_mean          | 375         |
|    ep_rew_mean          | 14.9        |
| time/                   |             |
|    fps                  | 1893        |
|    iterations           | 222         |
|    time_elapsed         | 15367       |
|    total_timesteps      | 29097984    |
| train/                  |             |
|    adaptive_lr          | 5e-05       |
|    approx_kl            | 0.004328969 |
|    clip_fraction        | 0.229       |
|    clip_range           | 0.1         |
|    clip_range_vf        | 0.2         |
|    entropy_loss         | 4.32        |
|    explained_variance   | 0.846       |
|    learning_rate        | 5e-05       |
|    loss                 | 0.799       |
|    n_updates            | 5270        |
|    policy_gradient_loss | -0.00161    |
|    std                  | 0.204       |
|    value_loss           | 0.749       |
-----------------------------------------
[HumanoidEnv] Reset state env_id=0 z=0.285 rpy=[-0.002, -0.001, 0.000]
[HumanoidEnv] unhealthy terminate at step=380 z=0.758309 rpy=[0.668159, -0.506845, -0.417292] v_body=[-4.17566, -4.57827, -0.0149078]
PARITY max_torque=23.700 23.700 45.430
PARITY contact_mu=0.450
PARITY body_height=0.320
PARITY Kp_body=100.000 100.000 100.000
PARITY Kd_body=30.000 30.000 30.000
PARITY Kp_ori=100.000 100.000 100.000
PARITY Kd_ori=10.000 10.000 10.000
PARITY Kp_foot=550.000 550.000 550.000
PARITY Kd_foot=10.000 10.000 10.000
PARITY Kp_joint=5.000 5.000 5.000
PARITY Kd_joint=3.000 3.000 3.000
PARITY floating_base_weight=50.000
PARITY control_mode=5.000
------------------------------------------
| rollout/                |              |
|    ep_len_mean          | 373          |
|    ep_rew_mean          | 15           |
| time/                   |              |
|    fps                  | 1893         |
|    iterations           | 223          |
|    time_elapsed         | 15434        |
|    total_timesteps      | 29229056     |
| train/                  |              |
|    adaptive_lr          | 5e-05        |
|    approx_kl            | 0.0043628262 |
|    clip_fraction        | 0.234        |
|    clip_range           | 0.1          |
|    clip_range_vf        | 0.2          |
|    entropy_loss         | 4.23         |
|    explained_variance   | 0.832        |
|    learning_rate        | 5e-05        |
|    loss                 | 0.748        |
|    n_updates            | 5280         |
|    policy_gradient_loss | -0.00154     |
|    std                  | 0.205        |
|    value_loss           | 0.799        |
------------------------------------------
[HumanoidEnv] Reset state env_id=0 z=0.285 rpy=[-0.000, -0.001, 0.000]
[HumanoidEnv] unhealthy terminate at step=464 z=0.17596 rpy=[-1.89087, -0.505233, 0.437321] v_body=[-0.962641, 0.206035, 8.18154]
PARITY max_torque=23.700 23.700 45.430
PARITY contact_mu=0.450
PARITY body_height=0.320
PARITY Kp_body=100.000 100.000 100.000
PARITY Kd_body=30.000 30.000 30.000
PARITY Kp_ori=100.000 100.000 100.000
PARITY Kd_ori=10.000 10.000 10.000
PARITY Kp_foot=550.000 550.000 550.000
PARITY Kd_foot=10.000 10.000 10.000
PARITY Kp_joint=5.000 5.000 5.000
PARITY Kd_joint=3.000 3.000 3.000
PARITY floating_base_weight=50.000
PARITY control_mode=5.000
[HumanoidEnv] Reset state env_id=0 z=0.320 rpy=[-0.002, -0.001, 0.000]
[HumanoidEnv] unhealthy terminate at step=397 z=0.151473 rpy=[-2.35788, -0.106904, 0.445024] v_body=[6.44532, -4.6387, 0.0346328]
PARITY max_torque=23.700 23.700 45.430
PARITY contact_mu=0.450
PARITY body_height=0.320
PARITY Kp_body=100.000 100.000 100.000
PARITY Kd_body=30.000 30.000 30.000
PARITY Kp_ori=100.000 100.000 100.000
PARITY Kd_ori=10.000 10.000 10.000
PARITY Kp_foot=550.000 550.000 550.000
PARITY Kd_foot=10.000 10.000 10.000
PARITY Kp_joint=5.000 5.000 5.000
PARITY Kd_joint=3.000 3.000 3.000
PARITY floating_base_weight=50.000
PARITY control_mode=5.000
-----------------------------------------
| rollout/                |             |
|    ep_len_mean          | 366         |
|    ep_rew_mean          | 14.7        |
| time/                   |             |
|    fps                  | 1894        |
|    iterations           | 224         |
|    time_elapsed         | 15501       |
|    total_timesteps      | 29360128    |
| train/                  |             |
|    adaptive_lr          | 5e-05       |
|    approx_kl            | 0.004226246 |
|    clip_fraction        | 0.23        |
|    clip_range           | 0.1         |
|    clip_range_vf        | 0.2         |
|    entropy_loss         | 4.14        |
|    explained_variance   | 0.833       |
|    learning_rate        | 5e-05       |
|    loss                 | 0.829       |
|    n_updates            | 5290        |
|    policy_gradient_loss | -0.00139    |
|    std                  | 0.205       |
|    value_loss           | 0.801       |
-----------------------------------------
[HumanoidEnv] Reset state env_id=0 z=0.328 rpy=[-0.003, -0.003, 0.000]
[HumanoidEnv] unhealthy terminate at step=388 z=0.758284 rpy=[-0.420559, -0.165962, 0.205344] v_body=[1.43412, 4.23927, 3.501]
PARITY max_torque=23.700 23.700 45.430
PARITY contact_mu=0.450
PARITY body_height=0.320
PARITY Kp_body=100.000 100.000 100.000
PARITY Kd_body=30.000 30.000 30.000
PARITY Kp_ori=100.000 100.000 100.000
PARITY Kd_ori=10.000 10.000 10.000
PARITY Kp_foot=550.000 550.000 550.000
PARITY Kd_foot=10.000 10.000 10.000
PARITY Kp_joint=5.000 5.000 5.000
PARITY Kd_joint=3.000 3.000 3.000
PARITY floating_base_weight=50.000
PARITY control_mode=5.000
------------------------------------------
| rollout/                |              |
|    ep_len_mean          | 359          |
|    ep_rew_mean          | 14.4         |
| time/                   |              |
|    fps                  | 1894         |
|    iterations           | 225          |
|    time_elapsed         | 15567        |
|    total_timesteps      | 29491200     |
| train/                  |              |
|    adaptive_lr          | 5e-05        |
|    approx_kl            | 0.0042520436 |
|    clip_fraction        | 0.228        |
|    clip_range           | 0.1          |
|    clip_range_vf        | 0.2          |
|    entropy_loss         | 4.05         |
|    explained_variance   | 0.839        |
|    learning_rate        | 5e-05        |
|    loss                 | 0.771        |
|    n_updates            | 5300         |
|    policy_gradient_loss | -0.00158     |
|    std                  | 0.206        |
|    value_loss           | 0.78         |
------------------------------------------
[HumanoidEnv] Reset state env_id=0 z=0.281 rpy=[0.001, 0.001, 0.000]
[HumanoidEnv] unhealthy terminate at step=235 z=0.757795 rpy=[-1.13209, -0.185236, 0.499739] v_body=[-0.285932, 5.52189, -4.12076]
PARITY max_torque=23.700 23.700 45.430
PARITY contact_mu=0.450
PARITY body_height=0.320
PARITY Kp_body=100.000 100.000 100.000
PARITY Kd_body=30.000 30.000 30.000
PARITY Kp_ori=100.000 100.000 100.000
PARITY Kd_ori=10.000 10.000 10.000
PARITY Kp_foot=550.000 550.000 550.000
PARITY Kd_foot=10.000 10.000 10.000
PARITY Kp_joint=5.000 5.000 5.000
PARITY Kd_joint=3.000 3.000 3.000
PARITY floating_base_weight=50.000
PARITY control_mode=5.000
[HumanoidEnv] Reset state env_id=0 z=0.285 rpy=[0.001, -0.000, 0.000]
[HumanoidEnv] unhealthy terminate at step=404 z=0.1953 rpy=[-0.378366, -0.0340834, 0.10288] v_body=[-3.46451, 1.62009, -1.86269]
PARITY max_torque=23.700 23.700 45.430
PARITY contact_mu=0.450
PARITY body_height=0.320
PARITY Kp_body=100.000 100.000 100.000
PARITY Kd_body=30.000 30.000 30.000
PARITY Kp_ori=100.000 100.000 100.000
PARITY Kd_ori=10.000 10.000 10.000
PARITY Kp_foot=550.000 550.000 550.000
PARITY Kd_foot=10.000 10.000 10.000
PARITY Kp_joint=5.000 5.000 5.000
PARITY Kd_joint=3.000 3.000 3.000
PARITY floating_base_weight=50.000
PARITY control_mode=5.000
------------------------------------------
| rollout/                |              |
|    ep_len_mean          | 367          |
|    ep_rew_mean          | 14.8         |
| time/                   |              |
|    fps                  | 1894         |
|    iterations           | 226          |
|    time_elapsed         | 15634        |
|    total_timesteps      | 29622272     |
| train/                  |              |
|    adaptive_lr          | 5e-05        |
|    approx_kl            | 0.0042396416 |
|    clip_fraction        | 0.23         |
|    clip_range           | 0.1          |
|    clip_range_vf        | 0.2          |
|    entropy_loss         | 3.97         |
|    explained_variance   | 0.825        |
|    learning_rate        | 5e-05        |
|    loss                 | 0.817        |
|    n_updates            | 5310         |
|    policy_gradient_loss | -0.00165     |
|    std                  | 0.207        |
|    value_loss           | 0.82         |
------------------------------------------
[HumanoidEnv] Reset state env_id=0 z=0.276 rpy=[0.001, -0.001, 0.000]
[HumanoidEnv] unhealthy terminate at step=251 z=0.192437 rpy=[-0.487834, -0.0117665, 0.132952] v_body=[0.629922, 2.51162, -2.39142]
PARITY max_torque=23.700 23.700 45.430
PARITY contact_mu=0.450
PARITY body_height=0.320
PARITY Kp_body=100.000 100.000 100.000
PARITY Kd_body=30.000 30.000 30.000
PARITY Kp_ori=100.000 100.000 100.000
PARITY Kd_ori=10.000 10.000 10.000
PARITY Kp_foot=550.000 550.000 550.000
PARITY Kd_foot=10.000 10.000 10.000
PARITY Kp_joint=5.000 5.000 5.000
PARITY Kd_joint=3.000 3.000 3.000
PARITY floating_base_weight=50.000
PARITY control_mode=5.000
[HumanoidEnv] Reset state env_id=0 z=0.319 rpy=[0.001, -0.001, 0.000]
[HumanoidEnv] unhealthy terminate at step=321 z=0.192071 rpy=[-2.58128, -0.589586, -0.379161] v_body=[0.302676, -3.63997, -0.122652]
PARITY max_torque=23.700 23.700 45.430
PARITY contact_mu=0.450
PARITY body_height=0.320
PARITY Kp_body=100.000 100.000 100.000
PARITY Kd_body=30.000 30.000 30.000
PARITY Kp_ori=100.000 100.000 100.000
PARITY Kd_ori=10.000 10.000 10.000
PARITY Kp_foot=550.000 550.000 550.000
PARITY Kd_foot=10.000 10.000 10.000
PARITY Kp_joint=5.000 5.000 5.000
PARITY Kd_joint=3.000 3.000 3.000
PARITY floating_base_weight=50.000
PARITY control_mode=5.000
------------------------------------------
| rollout/                |              |
|    ep_len_mean          | 372          |
|    ep_rew_mean          | 14.5         |
| time/                   |              |
|    fps                  | 1894         |
|    iterations           | 227          |
|    time_elapsed         | 15702        |
|    total_timesteps      | 29753344     |
| train/                  |              |
|    adaptive_lr          | 5e-05        |
|    approx_kl            | 0.0043109227 |
|    clip_fraction        | 0.232        |
|    clip_range           | 0.1          |
|    clip_range_vf        | 0.2          |
|    entropy_loss         | 3.88         |
|    explained_variance   | 0.841        |
|    learning_rate        | 5e-05        |
|    loss                 | 0.869        |
|    n_updates            | 5320         |
|    policy_gradient_loss | -0.00171     |
|    std                  | 0.208        |
|    value_loss           | 0.775        |
------------------------------------------
[HumanoidEnv] Reset state env_id=0 z=0.324 rpy=[-0.002, -0.001, 0.000]
[HumanoidEnv] unhealthy terminate at step=394 z=0.197807 rpy=[-1.20561, -0.400805, 1.94032] v_body=[3.53744, -2.0177, 3.20196]
PARITY max_torque=23.700 23.700 45.430
PARITY contact_mu=0.450
PARITY body_height=0.320
PARITY Kp_body=100.000 100.000 100.000
PARITY Kd_body=30.000 30.000 30.000
PARITY Kp_ori=100.000 100.000 100.000
PARITY Kd_ori=10.000 10.000 10.000
PARITY Kp_foot=550.000 550.000 550.000
PARITY Kd_foot=10.000 10.000 10.000
PARITY Kp_joint=5.000 5.000 5.000
PARITY Kd_joint=3.000 3.000 3.000
PARITY floating_base_weight=50.000
PARITY control_mode=5.000
------------------------------------------
| rollout/                |              |
|    ep_len_mean          | 365          |
|    ep_rew_mean          | 14.4         |
| time/                   |              |
|    fps                  | 1895         |
|    iterations           | 228          |
|    time_elapsed         | 15769        |
|    total_timesteps      | 29884416     |
| train/                  |              |
|    adaptive_lr          | 5e-05        |
|    approx_kl            | 0.0042538703 |
|    clip_fraction        | 0.227        |
|    clip_range           | 0.1          |
|    clip_range_vf        | 0.2          |
|    entropy_loss         | 3.8          |
|    explained_variance   | 0.84         |
|    learning_rate        | 5e-05        |
|    loss                 | 0.832        |
|    n_updates            | 5330         |
|    policy_gradient_loss | -0.00164     |
|    std                  | 0.208        |
|    value_loss           | 0.817        |
------------------------------------------
[HumanoidEnv] Reset state env_id=0 z=0.320 rpy=[-0.000, -0.002, 0.000]
[HumanoidEnv] unhealthy terminate at step=449 z=0.774426 rpy=[-2.01342, -0.471088, 1.26408] v_body=[0.424743, 0.0451109, -7.73042]
PARITY max_torque=23.700 23.700 45.430
PARITY contact_mu=0.450
PARITY body_height=0.320
PARITY Kp_body=100.000 100.000 100.000
PARITY Kd_body=30.000 30.000 30.000
PARITY Kp_ori=100.000 100.000 100.000
PARITY Kd_ori=10.000 10.000 10.000
PARITY Kp_foot=550.000 550.000 550.000
PARITY Kd_foot=10.000 10.000 10.000
PARITY Kp_joint=5.000 5.000 5.000
PARITY Kd_joint=3.000 3.000 3.000
PARITY floating_base_weight=50.000
PARITY control_mode=5.000
INFO:root:VecNormalize statistics saved at: ./data/gamma4/quadruped_ppo_model_ckpt_30001920_vecnormalize.pkl
INFO:root:Model saved at: ./data/gamma4/quadruped_ppo_model_ckpt_30001920.zip
INFO:root:Checkpoint written at 30001920 timesteps
----------------------------------------
| rollout/                |            |
|    ep_len_mean          | 364        |
|    ep_rew_mean          | 13.9       |
| time/                   |            |
|    fps                  | 1895       |
|    iterations           | 229        |
|    time_elapsed         | 15836      |
|    total_timesteps      | 30015488   |
| train/                  |            |
|    adaptive_lr          | 5e-05      |
|    approx_kl            | 0.00417745 |
|    clip_fraction        | 0.224      |
|    clip_range           | 0.1        |
|    clip_range_vf        | 0.2        |
|    entropy_loss         | 3.73       |
|    explained_variance   | 0.837      |
|    learning_rate        | 5e-05      |
|    loss                 | 0.938      |
|    n_updates            | 5340       |
|    policy_gradient_loss | -0.00155   |
|    std                  | 0.209      |
|    value_loss           | 0.791      |
----------------------------------------
[HumanoidEnv] Reset state env_id=0 z=0.313 rpy=[0.001, -0.002, 0.000]
[HumanoidEnv] unhealthy terminate at step=363 z=0.194964 rpy=[0.0978459, -0.169292, -0.161731] v_body=[-1.22325, -0.0312651, -1.13718]
PARITY max_torque=23.700 23.700 45.430
PARITY contact_mu=0.450
PARITY body_height=0.320
PARITY Kp_body=100.000 100.000 100.000
PARITY Kd_body=30.000 30.000 30.000
PARITY Kp_ori=100.000 100.000 100.000
PARITY Kd_ori=10.000 10.000 10.000
PARITY Kp_foot=550.000 550.000 550.000
PARITY Kd_foot=10.000 10.000 10.000
PARITY Kp_joint=5.000 5.000 5.000
PARITY Kd_joint=3.000 3.000 3.000
PARITY floating_base_weight=50.000
PARITY control_mode=5.000
------------------------------------------
| rollout/                |              |
|    ep_len_mean          | 362          |
|    ep_rew_mean          | 14.1         |
| time/                   |              |
|    fps                  | 1895         |
|    iterations           | 230          |
|    time_elapsed         | 15903        |
|    total_timesteps      | 30146560     |
| train/                  |              |
|    adaptive_lr          | 5e-05        |
|    approx_kl            | 0.0041438034 |
|    clip_fraction        | 0.226        |
|    clip_range           | 0.1          |
|    clip_range_vf        | 0.2          |
|    entropy_loss         | 3.65         |
|    explained_variance   | 0.842        |
|    learning_rate        | 5e-05        |
|    loss                 | 0.847        |
|    n_updates            | 5350         |
|    policy_gradient_loss | -0.00155     |
|    std                  | 0.209        |
|    value_loss           | 0.799        |
------------------------------------------
[HumanoidEnv] Reset state env_id=0 z=0.316 rpy=[-0.003, -0.002, 0.000]
[HumanoidEnv] unhealthy terminate at step=398 z=0.197344 rpy=[0.424394, -0.016612, -0.233618] v_body=[2.36195, -2.87862, -2.48016]
PARITY max_torque=23.700 23.700 45.430
PARITY contact_mu=0.450
PARITY body_height=0.320
PARITY Kp_body=100.000 100.000 100.000
PARITY Kd_body=30.000 30.000 30.000
PARITY Kp_ori=100.000 100.000 100.000
PARITY Kd_ori=10.000 10.000 10.000
PARITY Kp_foot=550.000 550.000 550.000
PARITY Kd_foot=10.000 10.000 10.000
PARITY Kp_joint=5.000 5.000 5.000
PARITY Kd_joint=3.000 3.000 3.000
PARITY floating_base_weight=50.000
PARITY control_mode=5.000
[HumanoidEnv] Reset state env_id=0 z=0.307 rpy=[0.001, -0.003, 0.000]
[HumanoidEnv] unhealthy terminate at step=250 z=0.193336 rpy=[1.106, 0.106741, 0.73955] v_body=[-2.56497, -0.555743, 0.893912]
PARITY max_torque=23.700 23.700 45.430
PARITY contact_mu=0.450
PARITY body_height=0.320
PARITY Kp_body=100.000 100.000 100.000
PARITY Kd_body=30.000 30.000 30.000
PARITY Kp_ori=100.000 100.000 100.000
PARITY Kd_ori=10.000 10.000 10.000
PARITY Kp_foot=550.000 550.000 550.000
PARITY Kd_foot=10.000 10.000 10.000
PARITY Kp_joint=5.000 5.000 5.000
PARITY Kd_joint=3.000 3.000 3.000
PARITY floating_base_weight=50.000
PARITY control_mode=5.000
-----------------------------------------
| rollout/                |             |
|    ep_len_mean          | 351         |
|    ep_rew_mean          | 13.6        |
| time/                   |             |
|    fps                  | 1895        |
|    iterations           | 231         |
|    time_elapsed         | 15971       |
|    total_timesteps      | 30277632    |
| train/                  |             |
|    adaptive_lr          | 5e-05       |
|    approx_kl            | 0.004261046 |
|    clip_fraction        | 0.228       |
|    clip_range           | 0.1         |
|    clip_range_vf        | 0.2         |
|    entropy_loss         | 3.56        |
|    explained_variance   | 0.84        |
|    learning_rate        | 5e-05       |
|    loss                 | 0.707       |
|    n_updates            | 5360        |
|    policy_gradient_loss | -0.00169    |
|    std                  | 0.21        |
|    value_loss           | 0.773       |
-----------------------------------------
[HumanoidEnv] Reset state env_id=0 z=0.281 rpy=[-0.000, -0.001, 0.001]
[HumanoidEnv] unhealthy terminate at step=445 z=0.196657 rpy=[-0.36372, 0.304188, -0.183592] v_body=[1.48591, -0.0041516, -0.922549]
PARITY max_torque=23.700 23.700 45.430
PARITY contact_mu=0.450
PARITY body_height=0.320
PARITY Kp_body=100.000 100.000 100.000
PARITY Kd_body=30.000 30.000 30.000
PARITY Kp_ori=100.000 100.000 100.000
PARITY Kd_ori=10.000 10.000 10.000
PARITY Kp_foot=550.000 550.000 550.000
PARITY Kd_foot=10.000 10.000 10.000
PARITY Kp_joint=5.000 5.000 5.000
PARITY Kd_joint=3.000 3.000 3.000
PARITY floating_base_weight=50.000
PARITY control_mode=5.000
-----------------------------------------
| rollout/                |             |
|    ep_len_mean          | 344         |
|    ep_rew_mean          | 13.5        |
| time/                   |             |
|    fps                  | 1895        |
|    iterations           | 232         |
|    time_elapsed         | 16038       |
|    total_timesteps      | 30408704    |
| train/                  |             |
|    adaptive_lr          | 5e-05       |
|    approx_kl            | 0.004286156 |
|    clip_fraction        | 0.226       |
|    clip_range           | 0.1         |
|    clip_range_vf        | 0.2         |
|    entropy_loss         | 3.48        |
|    explained_variance   | 0.839       |
|    learning_rate        | 5e-05       |
|    loss                 | 0.873       |
|    n_updates            | 5370        |
|    policy_gradient_loss | -0.00166    |
|    std                  | 0.211       |
|    value_loss           | 0.773       |
-----------------------------------------
[HumanoidEnv] Reset state env_id=0 z=0.322 rpy=[-0.002, -0.001, 0.000]
[HumanoidEnv] unhealthy terminate at step=340 z=0.179778 rpy=[-2.70506, -0.085508, 2.19866] v_body=[4.44927, -2.5895, 0.918402]
PARITY max_torque=23.700 23.700 45.430
PARITY contact_mu=0.450
PARITY body_height=0.320
PARITY Kp_body=100.000 100.000 100.000
PARITY Kd_body=30.000 30.000 30.000
PARITY Kp_ori=100.000 100.000 100.000
PARITY Kd_ori=10.000 10.000 10.000
PARITY Kp_foot=550.000 550.000 550.000
PARITY Kd_foot=10.000 10.000 10.000
PARITY Kp_joint=5.000 5.000 5.000
PARITY Kd_joint=3.000 3.000 3.000
PARITY floating_base_weight=50.000
PARITY control_mode=5.000
[HumanoidEnv] Reset state env_id=0 z=0.319 rpy=[-0.001, -0.002, 0.000]
[HumanoidEnv] unhealthy terminate at step=351 z=0.776907 rpy=[0.787455, -0.632173, -0.967338] v_body=[-7.07585, 0.290125, -3.80091]
PARITY max_torque=23.700 23.700 45.430
PARITY contact_mu=0.450
PARITY body_height=0.320
PARITY Kp_body=100.000 100.000 100.000
PARITY Kd_body=30.000 30.000 30.000
PARITY Kp_ori=100.000 100.000 100.000
PARITY Kd_ori=10.000 10.000 10.000
PARITY Kp_foot=550.000 550.000 550.000
PARITY Kd_foot=10.000 10.000 10.000
PARITY Kp_joint=5.000 5.000 5.000
PARITY Kd_joint=3.000 3.000 3.000
PARITY floating_base_weight=50.000
PARITY control_mode=5.000
-----------------------------------------
| rollout/                |             |
|    ep_len_mean          | 345         |
|    ep_rew_mean          | 13.2        |
| time/                   |             |
|    fps                  | 1896        |
|    iterations           | 233         |
|    time_elapsed         | 16105       |
|    total_timesteps      | 30539776    |
| train/                  |             |
|    adaptive_lr          | 5e-05       |
|    approx_kl            | 0.004079148 |
|    clip_fraction        | 0.224       |
|    clip_range           | 0.1         |
|    clip_range_vf        | 0.2         |
|    entropy_loss         | 3.4         |
|    explained_variance   | 0.846       |
|    learning_rate        | 5e-05       |
|    loss                 | 0.9         |
|    n_updates            | 5380        |
|    policy_gradient_loss | -0.00168    |
|    std                  | 0.212       |
|    value_loss           | 0.758       |
-----------------------------------------
[HumanoidEnv] Reset state env_id=0 z=0.307 rpy=[0.001, -0.002, 0.000]
[HumanoidEnv] unhealthy terminate at step=337 z=0.773929 rpy=[1.67556, -0.716345, -0.583792] v_body=[-0.21747, -2.88752, -7.27786]
PARITY max_torque=23.700 23.700 45.430
PARITY contact_mu=0.450
PARITY body_height=0.320
PARITY Kp_body=100.000 100.000 100.000
PARITY Kd_body=30.000 30.000 30.000
PARITY Kp_ori=100.000 100.000 100.000
PARITY Kd_ori=10.000 10.000 10.000
PARITY Kp_foot=550.000 550.000 550.000
PARITY Kd_foot=10.000 10.000 10.000
PARITY Kp_joint=5.000 5.000 5.000
PARITY Kd_joint=3.000 3.000 3.000
PARITY floating_base_weight=50.000
PARITY control_mode=5.000
------------------------------------------
| rollout/                |              |
|    ep_len_mean          | 365          |
|    ep_rew_mean          | 14           |
| time/                   |              |
|    fps                  | 1896         |
|    iterations           | 234          |
|    time_elapsed         | 16171        |
|    total_timesteps      | 30670848     |
| train/                  |              |
|    adaptive_lr          | 5e-05        |
|    approx_kl            | 0.0044154683 |
|    clip_fraction        | 0.226        |
|    clip_range           | 0.1          |
|    clip_range_vf        | 0.2          |
|    entropy_loss         | 3.3          |
|    explained_variance   | 0.846        |
|    learning_rate        | 5e-05        |
|    loss                 | 0.729        |
|    n_updates            | 5390         |
|    policy_gradient_loss | -0.00181     |
|    std                  | 0.212        |
|    value_loss           | 0.752        |
------------------------------------------
[HumanoidEnv] Reset state env_id=0 z=0.297 rpy=[-0.002, -0.001, 0.001]
[HumanoidEnv] unhealthy terminate at step=550 z=0.187724 rpy=[-2.23609, 0.192349, 2.65368] v_body=[5.75392, 3.98727, -0.710022]
PARITY max_torque=23.700 23.700 45.430
PARITY contact_mu=0.450
PARITY body_height=0.320
PARITY Kp_body=100.000 100.000 100.000
PARITY Kd_body=30.000 30.000 30.000
PARITY Kp_ori=100.000 100.000 100.000
PARITY Kd_ori=10.000 10.000 10.000
PARITY Kp_foot=550.000 550.000 550.000
PARITY Kd_foot=10.000 10.000 10.000
PARITY Kp_joint=5.000 5.000 5.000
PARITY Kd_joint=3.000 3.000 3.000
PARITY floating_base_weight=50.000
PARITY control_mode=5.000
-----------------------------------------
| rollout/                |             |
|    ep_len_mean          | 356         |
|    ep_rew_mean          | 13.7        |
| time/                   |             |
|    fps                  | 1896        |
|    iterations           | 235         |
|    time_elapsed         | 16239       |
|    total_timesteps      | 30801920    |
| train/                  |             |
|    adaptive_lr          | 5e-05       |
|    approx_kl            | 0.004176366 |
|    clip_fraction        | 0.226       |
|    clip_range           | 0.1         |
|    clip_range_vf        | 0.2         |
|    entropy_loss         | 3.22        |
|    explained_variance   | 0.856       |
|    learning_rate        | 5e-05       |
|    loss                 | 0.721       |
|    n_updates            | 5400        |
|    policy_gradient_loss | -0.00178    |
|    std                  | 0.213       |
|    value_loss           | 0.691       |
-----------------------------------------
[HumanoidEnv] Reset state env_id=0 z=0.279 rpy=[0.001, 0.001, 0.000]
[HumanoidEnv] unhealthy terminate at step=344 z=0.195313 rpy=[0.96804, 0.251288, -0.247057] v_body=[-0.709462, -1.5574, -4.08407]
PARITY max_torque=23.700 23.700 45.430
PARITY contact_mu=0.450
PARITY body_height=0.320
PARITY Kp_body=100.000 100.000 100.000
PARITY Kd_body=30.000 30.000 30.000
PARITY Kp_ori=100.000 100.000 100.000
PARITY Kd_ori=10.000 10.000 10.000
PARITY Kp_foot=550.000 550.000 550.000
PARITY Kd_foot=10.000 10.000 10.000
PARITY Kp_joint=5.000 5.000 5.000
PARITY Kd_joint=3.000 3.000 3.000
PARITY floating_base_weight=50.000
PARITY control_mode=5.000
[HumanoidEnv] Reset state env_id=0 z=0.321 rpy=[0.002, -0.002, 0.000]
[HumanoidEnv] unhealthy terminate at step=268 z=0.196097 rpy=[-0.364265, 0.292695, -0.0721436] v_body=[3.60999, 1.51044, -4.12677]
PARITY max_torque=23.700 23.700 45.430
PARITY contact_mu=0.450
PARITY body_height=0.320
PARITY Kp_body=100.000 100.000 100.000
PARITY Kd_body=30.000 30.000 30.000
PARITY Kp_ori=100.000 100.000 100.000
PARITY Kd_ori=10.000 10.000 10.000
PARITY Kp_foot=550.000 550.000 550.000
PARITY Kd_foot=10.000 10.000 10.000
PARITY Kp_joint=5.000 5.000 5.000
PARITY Kd_joint=3.000 3.000 3.000
PARITY floating_base_weight=50.000
PARITY control_mode=5.000
------------------------------------------
| rollout/                |              |
|    ep_len_mean          | 349          |
|    ep_rew_mean          | 13.5         |
| time/                   |              |
|    fps                  | 1896         |
|    iterations           | 236          |
|    time_elapsed         | 16306        |
|    total_timesteps      | 30932992     |
| train/                  |              |
|    adaptive_lr          | 5e-05        |
|    approx_kl            | 0.0041281944 |
|    clip_fraction        | 0.22         |
|    clip_range           | 0.1          |
|    clip_range_vf        | 0.2          |
|    entropy_loss         | 3.15         |
|    explained_variance   | 0.841        |
|    learning_rate        | 5e-05        |
|    loss                 | 0.79         |
|    n_updates            | 5410         |
|    policy_gradient_loss | -0.00173     |
|    std                  | 0.214        |
|    value_loss           | 0.752        |
------------------------------------------
[HumanoidEnv] Reset state env_id=0 z=0.294 rpy=[-0.002, -0.001, 0.001]
[HumanoidEnv] unhealthy terminate at step=217 z=0.19709 rpy=[-0.171119, -0.0893415, -0.0677794] v_body=[-1.63284, -0.0409767, -1.17752]
PARITY max_torque=23.700 23.700 45.430
PARITY contact_mu=0.450
PARITY body_height=0.320
PARITY Kp_body=100.000 100.000 100.000
PARITY Kd_body=30.000 30.000 30.000
PARITY Kp_ori=100.000 100.000 100.000
PARITY Kd_ori=10.000 10.000 10.000
PARITY Kp_foot=550.000 550.000 550.000
PARITY Kd_foot=10.000 10.000 10.000
PARITY Kp_joint=5.000 5.000 5.000
PARITY Kd_joint=3.000 3.000 3.000
PARITY floating_base_weight=50.000
PARITY control_mode=5.000
[HumanoidEnv] Reset state env_id=0 z=0.271 rpy=[-0.001, -0.001, 0.001]
[HumanoidEnv] unhealthy terminate at step=227 z=0.756158 rpy=[-0.302676, -0.0698053, 0.324844] v_body=[3.63879, 6.02357, 3.56142]
PARITY max_torque=23.700 23.700 45.430
PARITY contact_mu=0.450
PARITY body_height=0.320
PARITY Kp_body=100.000 100.000 100.000
PARITY Kd_body=30.000 30.000 30.000
PARITY Kp_ori=100.000 100.000 100.000
PARITY Kd_ori=10.000 10.000 10.000
PARITY Kp_foot=550.000 550.000 550.000
PARITY Kd_foot=10.000 10.000 10.000
PARITY Kp_joint=5.000 5.000 5.000
PARITY Kd_joint=3.000 3.000 3.000
PARITY floating_base_weight=50.000
PARITY control_mode=5.000
----------------------------------------
| rollout/                |            |
|    ep_len_mean          | 350        |
|    ep_rew_mean          | 13.5       |
| time/                   |            |
|    fps                  | 1897       |
|    iterations           | 237        |
|    time_elapsed         | 16373      |
|    total_timesteps      | 31064064   |
| train/                  |            |
|    adaptive_lr          | 5e-05      |
|    approx_kl            | 0.00421011 |
|    clip_fraction        | 0.224      |
|    clip_range           | 0.1        |
|    clip_range_vf        | 0.2        |
|    entropy_loss         | 3.07       |
|    explained_variance   | 0.852      |
|    learning_rate        | 5e-05      |
|    loss                 | 0.753      |
|    n_updates            | 5420       |
|    policy_gradient_loss | -0.00176   |
|    std                  | 0.214      |
|    value_loss           | 0.709      |
----------------------------------------
[HumanoidEnv] Reset state env_id=0 z=0.314 rpy=[-0.002, -0.001, 0.000]
[HumanoidEnv] unhealthy terminate at step=358 z=0.753498 rpy=[-0.265128, -0.180645, 0.631704] v_body=[-2.29698, -4.76297, 2.75588]
PARITY max_torque=23.700 23.700 45.430
PARITY contact_mu=0.450
PARITY body_height=0.320
PARITY Kp_body=100.000 100.000 100.000
PARITY Kd_body=30.000 30.000 30.000
PARITY Kp_ori=100.000 100.000 100.000
PARITY Kd_ori=10.000 10.000 10.000
PARITY Kp_foot=550.000 550.000 550.000
PARITY Kd_foot=10.000 10.000 10.000
PARITY Kp_joint=5.000 5.000 5.000
PARITY Kd_joint=3.000 3.000 3.000
PARITY floating_base_weight=50.000
PARITY control_mode=5.000
[HumanoidEnv] Reset state env_id=0 z=0.283 rpy=[0.002, -0.001, 0.001]
[HumanoidEnv] unhealthy terminate at step=264 z=0.196236 rpy=[1.70099, 0.318774, -1.41098] v_body=[3.09165, 1.90099, -2.8019]
PARITY max_torque=23.700 23.700 45.430
PARITY contact_mu=0.450
PARITY body_height=0.320
PARITY Kp_body=100.000 100.000 100.000
PARITY Kd_body=30.000 30.000 30.000
PARITY Kp_ori=100.000 100.000 100.000
PARITY Kd_ori=10.000 10.000 10.000
PARITY Kp_foot=550.000 550.000 550.000
PARITY Kd_foot=10.000 10.000 10.000
PARITY Kp_joint=5.000 5.000 5.000
PARITY Kd_joint=3.000 3.000 3.000
PARITY floating_base_weight=50.000
PARITY control_mode=5.000
-----------------------------------------
| rollout/                |             |
|    ep_len_mean          | 348         |
|    ep_rew_mean          | 13.5        |
| time/                   |             |
|    fps                  | 1897        |
|    iterations           | 238         |
|    time_elapsed         | 16440       |
|    total_timesteps      | 31195136    |
| train/                  |             |
|    adaptive_lr          | 5e-05       |
|    approx_kl            | 0.004140624 |
|    clip_fraction        | 0.219       |
|    clip_range           | 0.1         |
|    clip_range_vf        | 0.2         |
|    entropy_loss         | 2.99        |
|    explained_variance   | 0.841       |
|    learning_rate        | 5e-05       |
|    loss                 | 0.746       |
|    n_updates            | 5430        |
|    policy_gradient_loss | -0.00171    |
|    std                  | 0.215       |
|    value_loss           | 0.728       |
-----------------------------------------
[HumanoidEnv] Reset state env_id=0 z=0.320 rpy=[0.002, -0.003, 0.000]
[HumanoidEnv] unhealthy terminate at step=450 z=0.186735 rpy=[1.99025, -0.112049, 1.71435] v_body=[-5.25011, 3.94637, -3.54933]
PARITY max_torque=23.700 23.700 45.430
PARITY contact_mu=0.450
PARITY body_height=0.320
PARITY Kp_body=100.000 100.000 100.000
PARITY Kd_body=30.000 30.000 30.000
PARITY Kp_ori=100.000 100.000 100.000
PARITY Kd_ori=10.000 10.000 10.000
PARITY Kp_foot=550.000 550.000 550.000
PARITY Kd_foot=10.000 10.000 10.000
PARITY Kp_joint=5.000 5.000 5.000
PARITY Kd_joint=3.000 3.000 3.000
PARITY floating_base_weight=50.000
PARITY control_mode=5.000
------------------------------------------
| rollout/                |              |
|    ep_len_mean          | 358          |
|    ep_rew_mean          | 13.6         |
| time/                   |              |
|    fps                  | 1897         |
|    iterations           | 239          |
|    time_elapsed         | 16507        |
|    total_timesteps      | 31326208     |
| train/                  |              |
|    adaptive_lr          | 5e-05        |
|    approx_kl            | 0.0042469148 |
|    clip_fraction        | 0.229        |
|    clip_range           | 0.1          |
|    clip_range_vf        | 0.2          |
|    entropy_loss         | 2.9          |
|    explained_variance   | 0.852        |
|    learning_rate        | 5e-05        |
|    loss                 | 0.742        |
|    n_updates            | 5440         |
|    policy_gradient_loss | -0.00186     |
|    std                  | 0.216        |
|    value_loss           | 0.712        |
------------------------------------------
[HumanoidEnv] Reset state env_id=0 z=0.280 rpy=[-0.002, -0.001, 0.001]
[HumanoidEnv] unhealthy terminate at step=323 z=0.191279 rpy=[0.534386, 0.0725251, -0.650476] v_body=[-1.78859, -2.30564, -2.9187]
PARITY max_torque=23.700 23.700 45.430
PARITY contact_mu=0.450
PARITY body_height=0.320
PARITY Kp_body=100.000 100.000 100.000
PARITY Kd_body=30.000 30.000 30.000
PARITY Kp_ori=100.000 100.000 100.000
PARITY Kd_ori=10.000 10.000 10.000
PARITY Kp_foot=550.000 550.000 550.000
PARITY Kd_foot=10.000 10.000 10.000
PARITY Kp_joint=5.000 5.000 5.000
PARITY Kd_joint=3.000 3.000 3.000
PARITY floating_base_weight=50.000
PARITY control_mode=5.000
[HumanoidEnv] Reset state env_id=0 z=0.318 rpy=[-0.002, -0.003, 0.000]
[HumanoidEnv] unhealthy terminate at step=265 z=0.754008 rpy=[0.968892, -0.109226, -0.438301] v_body=[-0.905803, -6.61598, -2.46213]
PARITY max_torque=23.700 23.700 45.430
PARITY contact_mu=0.450
PARITY body_height=0.320
PARITY Kp_body=100.000 100.000 100.000
PARITY Kd_body=30.000 30.000 30.000
PARITY Kp_ori=100.000 100.000 100.000
PARITY Kd_ori=10.000 10.000 10.000
PARITY Kp_foot=550.000 550.000 550.000
PARITY Kd_foot=10.000 10.000 10.000
PARITY Kp_joint=5.000 5.000 5.000
PARITY Kd_joint=3.000 3.000 3.000
PARITY floating_base_weight=50.000
PARITY control_mode=5.000
------------------------------------------
| rollout/                |              |
|    ep_len_mean          | 368          |
|    ep_rew_mean          | 14.1         |
| time/                   |              |
|    fps                  | 1897         |
|    iterations           | 240          |
|    time_elapsed         | 16574        |
|    total_timesteps      | 31457280     |
| train/                  |              |
|    adaptive_lr          | 5e-05        |
|    approx_kl            | 0.0042960434 |
|    clip_fraction        | 0.228        |
|    clip_range           | 0.1          |
|    clip_range_vf        | 0.2          |
|    entropy_loss         | 2.82         |
|    explained_variance   | 0.863        |
|    learning_rate        | 5e-05        |
|    loss                 | 0.578        |
|    n_updates            | 5450         |
|    policy_gradient_loss | -0.0021      |
|    std                  | 0.216        |
|    value_loss           | 0.647        |
------------------------------------------
[HumanoidEnv] Reset state env_id=0 z=0.311 rpy=[-0.001, -0.003, 0.000]
[HumanoidEnv] unhealthy terminate at step=301 z=0.757904 rpy=[-0.0534094, -0.316452, -0.0820059] v_body=[3.2662, -0.0320364, 5.64993]
PARITY max_torque=23.700 23.700 45.430
PARITY contact_mu=0.450
PARITY body_height=0.320
PARITY Kp_body=100.000 100.000 100.000
PARITY Kd_body=30.000 30.000 30.000
PARITY Kp_ori=100.000 100.000 100.000
PARITY Kd_ori=10.000 10.000 10.000
PARITY Kp_foot=550.000 550.000 550.000
PARITY Kd_foot=10.000 10.000 10.000
PARITY Kp_joint=5.000 5.000 5.000
PARITY Kd_joint=3.000 3.000 3.000
PARITY floating_base_weight=50.000
PARITY control_mode=5.000
[HumanoidEnv] Reset state env_id=0 z=0.307 rpy=[-0.002, -0.003, 0.000]
[HumanoidEnv] unhealthy terminate at step=245 z=0.794936 rpy=[-0.776866, -0.48405, 0.439356] v_body=[-3.61123, 6.31931, -1.04108]
PARITY max_torque=23.700 23.700 45.430
PARITY contact_mu=0.450
PARITY body_height=0.320
PARITY Kp_body=100.000 100.000 100.000
PARITY Kd_body=30.000 30.000 30.000
PARITY Kp_ori=100.000 100.000 100.000
PARITY Kd_ori=10.000 10.000 10.000
PARITY Kp_foot=550.000 550.000 550.000
PARITY Kd_foot=10.000 10.000 10.000
PARITY Kp_joint=5.000 5.000 5.000
PARITY Kd_joint=3.000 3.000 3.000
PARITY floating_base_weight=50.000
PARITY control_mode=5.000
------------------------------------------
| rollout/                |              |
|    ep_len_mean          | 348          |
|    ep_rew_mean          | 13.4         |
| time/                   |              |
|    fps                  | 1898         |
|    iterations           | 241          |
|    time_elapsed         | 16641        |
|    total_timesteps      | 31588352     |
| train/                  |              |
|    adaptive_lr          | 5e-05        |
|    approx_kl            | 0.0040793065 |
|    clip_fraction        | 0.224        |
|    clip_range           | 0.1          |
|    clip_range_vf        | 0.2          |
|    entropy_loss         | 2.74         |
|    explained_variance   | 0.858        |
|    learning_rate        | 5e-05        |
|    loss                 | 0.682        |
|    n_updates            | 5460         |
|    policy_gradient_loss | -0.00183     |
|    std                  | 0.217        |
|    value_loss           | 0.654        |
------------------------------------------
[HumanoidEnv] Reset state env_id=0 z=0.279 rpy=[0.001, -0.001, 0.000]
[HumanoidEnv] unhealthy terminate at step=325 z=0.756579 rpy=[0.93688, -0.474882, -0.612984] v_body=[0.0646174, 0.104641, 5.21197]
PARITY max_torque=23.700 23.700 45.430
PARITY contact_mu=0.450
PARITY body_height=0.320
PARITY Kp_body=100.000 100.000 100.000
PARITY Kd_body=30.000 30.000 30.000
PARITY Kp_ori=100.000 100.000 100.000
PARITY Kd_ori=10.000 10.000 10.000
PARITY Kp_foot=550.000 550.000 550.000
PARITY Kd_foot=10.000 10.000 10.000
PARITY Kp_joint=5.000 5.000 5.000
PARITY Kd_joint=3.000 3.000 3.000
PARITY floating_base_weight=50.000
PARITY control_mode=5.000
------------------------------------------
| rollout/                |              |
|    ep_len_mean          | 361          |
|    ep_rew_mean          | 13.8         |
| time/                   |              |
|    fps                  | 1898         |
|    iterations           | 242          |
|    time_elapsed         | 16708        |
|    total_timesteps      | 31719424     |
| train/                  |              |
|    adaptive_lr          | 5e-05        |
|    approx_kl            | 0.0041088024 |
|    clip_fraction        | 0.223        |
|    clip_range           | 0.1          |
|    clip_range_vf        | 0.2          |
|    entropy_loss         | 2.67         |
|    explained_variance   | 0.865        |
|    learning_rate        | 5e-05        |
|    loss                 | 0.659        |
|    n_updates            | 5470         |
|    policy_gradient_loss | -0.00182     |
|    std                  | 0.218        |
|    value_loss           | 0.645        |
------------------------------------------
[HumanoidEnv] Reset state env_id=0 z=0.297 rpy=[0.001, -0.002, 0.000]
[HumanoidEnv] unhealthy terminate at step=387 z=0.198963 rpy=[-1.09588, -0.579293, 0.596629] v_body=[2.15046, 0.393454, 0.84324]
PARITY max_torque=23.700 23.700 45.430
PARITY contact_mu=0.450
PARITY body_height=0.320
PARITY Kp_body=100.000 100.000 100.000
PARITY Kd_body=30.000 30.000 30.000
PARITY Kp_ori=100.000 100.000 100.000
PARITY Kd_ori=10.000 10.000 10.000
PARITY Kp_foot=550.000 550.000 550.000
PARITY Kd_foot=10.000 10.000 10.000
PARITY Kp_joint=5.000 5.000 5.000
PARITY Kd_joint=3.000 3.000 3.000
PARITY floating_base_weight=50.000
PARITY control_mode=5.000
[HumanoidEnv] Reset state env_id=0 z=0.291 rpy=[-0.001, -0.002, 0.000]
[HumanoidEnv] unhealthy terminate at step=373 z=0.759256 rpy=[0.924743, -0.154446, 0.468635] v_body=[6.21338, -0.00411857, 1.34988]
PARITY max_torque=23.700 23.700 45.430
PARITY contact_mu=0.450
PARITY body_height=0.320
PARITY Kp_body=100.000 100.000 100.000
PARITY Kd_body=30.000 30.000 30.000
PARITY Kp_ori=100.000 100.000 100.000
PARITY Kd_ori=10.000 10.000 10.000
PARITY Kp_foot=550.000 550.000 550.000
PARITY Kd_foot=10.000 10.000 10.000
PARITY Kp_joint=5.000 5.000 5.000
PARITY Kd_joint=3.000 3.000 3.000
PARITY floating_base_weight=50.000
PARITY control_mode=5.000
------------------------------------------
| rollout/                |              |
|    ep_len_mean          | 378          |
|    ep_rew_mean          | 14.6         |
| time/                   |              |
|    fps                  | 1898         |
|    iterations           | 243          |
|    time_elapsed         | 16775        |
|    total_timesteps      | 31850496     |
| train/                  |              |
|    adaptive_lr          | 5e-05        |
|    approx_kl            | 0.0043218858 |
|    clip_fraction        | 0.228        |
|    clip_range           | 0.1          |
|    clip_range_vf        | 0.2          |
|    entropy_loss         | 2.58         |
|    explained_variance   | 0.86         |
|    learning_rate        | 5e-05        |
|    loss                 | 0.789        |
|    n_updates            | 5480         |
|    policy_gradient_loss | -0.00208     |
|    std                  | 0.219        |
|    value_loss           | 0.679        |
------------------------------------------
[HumanoidEnv] Reset state env_id=0 z=0.285 rpy=[0.002, 0.000, 0.001]
[HumanoidEnv] unhealthy terminate at step=452 z=0.194404 rpy=[-1.7604, 0.419621, 0.0561474] v_body=[-2.64809, -0.723714, 1.2838]
PARITY max_torque=23.700 23.700 45.430
PARITY contact_mu=0.450
PARITY body_height=0.320
PARITY Kp_body=100.000 100.000 100.000
PARITY Kd_body=30.000 30.000 30.000
PARITY Kp_ori=100.000 100.000 100.000
PARITY Kd_ori=10.000 10.000 10.000
PARITY Kp_foot=550.000 550.000 550.000
PARITY Kd_foot=10.000 10.000 10.000
PARITY Kp_joint=5.000 5.000 5.000
PARITY Kd_joint=3.000 3.000 3.000
PARITY floating_base_weight=50.000
PARITY control_mode=5.000
------------------------------------------
| rollout/                |              |
|    ep_len_mean          | 372          |
|    ep_rew_mean          | 14.3         |
| time/                   |              |
|    fps                  | 1898         |
|    iterations           | 244          |
|    time_elapsed         | 16841        |
|    total_timesteps      | 31981568     |
| train/                  |              |
|    adaptive_lr          | 5e-05        |
|    approx_kl            | 0.0041049947 |
|    clip_fraction        | 0.219        |
|    clip_range           | 0.1          |
|    clip_range_vf        | 0.2          |
|    entropy_loss         | 2.5          |
|    explained_variance   | 0.851        |
|    learning_rate        | 5e-05        |
|    loss                 | 0.813        |
|    n_updates            | 5490         |
|    policy_gradient_loss | -0.00169     |
|    std                  | 0.219        |
|    value_loss           | 0.679        |
------------------------------------------
INFO:root:VecNormalize statistics saved at: ./data/gamma4/quadruped_ppo_model_ckpt_32002048_vecnormalize.pkl
INFO:root:Model saved at: ./data/gamma4/quadruped_ppo_model_ckpt_32002048.zip
INFO:root:Checkpoint written at 32002048 timesteps
[HumanoidEnv] Reset state env_id=0 z=0.287 rpy=[0.001, -0.001, 0.001]
[HumanoidEnv] unhealthy terminate at step=451 z=0.193017 rpy=[-1.17271, -0.227365, 2.80008] v_body=[-2.83351, 4.0715, 1.4705]
PARITY max_torque=23.700 23.700 45.430
PARITY contact_mu=0.450
PARITY body_height=0.320
PARITY Kp_body=100.000 100.000 100.000
PARITY Kd_body=30.000 30.000 30.000
PARITY Kp_ori=100.000 100.000 100.000
PARITY Kd_ori=10.000 10.000 10.000
PARITY Kp_foot=550.000 550.000 550.000
PARITY Kd_foot=10.000 10.000 10.000
PARITY Kp_joint=5.000 5.000 5.000
PARITY Kd_joint=3.000 3.000 3.000
PARITY floating_base_weight=50.000
PARITY control_mode=5.000
------------------------------------------
| rollout/                |              |
|    ep_len_mean          | 361          |
|    ep_rew_mean          | 13.8         |
| time/                   |              |
|    fps                  | 1899         |
|    iterations           | 245          |
|    time_elapsed         | 16908        |
|    total_timesteps      | 32112640     |
| train/                  |              |
|    adaptive_lr          | 5e-05        |
|    approx_kl            | 0.0041130558 |
|    clip_fraction        | 0.221        |
|    clip_range           | 0.1          |
|    clip_range_vf        | 0.2          |
|    entropy_loss         | 2.41         |
|    explained_variance   | 0.858        |
|    learning_rate        | 5e-05        |
|    loss                 | 0.717        |
|    n_updates            | 5500         |
|    policy_gradient_loss | -0.00196     |
|    std                  | 0.22         |
|    value_loss           | 0.693        |
------------------------------------------
[HumanoidEnv] Reset state env_id=0 z=0.319 rpy=[0.001, -0.001, 0.000]
[HumanoidEnv] unhealthy terminate at step=348 z=0.19565 rpy=[-0.969973, -0.0132864, 3.08874] v_body=[0.72307, 4.80181, 3.18876]
PARITY max_torque=23.700 23.700 45.430
PARITY contact_mu=0.450
PARITY body_height=0.320
PARITY Kp_body=100.000 100.000 100.000
PARITY Kd_body=30.000 30.000 30.000
PARITY Kp_ori=100.000 100.000 100.000
PARITY Kd_ori=10.000 10.000 10.000
PARITY Kp_foot=550.000 550.000 550.000
PARITY Kd_foot=10.000 10.000 10.000
PARITY Kp_joint=5.000 5.000 5.000
PARITY Kd_joint=3.000 3.000 3.000
PARITY floating_base_weight=50.000
PARITY control_mode=5.000
------------------------------------------
| rollout/                |              |
|    ep_len_mean          | 374          |
|    ep_rew_mean          | 14.2         |
| time/                   |              |
|    fps                  | 1899         |
|    iterations           | 246          |
|    time_elapsed         | 16975        |
|    total_timesteps      | 32243712     |
| train/                  |              |
|    adaptive_lr          | 5e-05        |
|    approx_kl            | 0.0040870714 |
|    clip_fraction        | 0.223        |
|    clip_range           | 0.1          |
|    clip_range_vf        | 0.2          |
|    entropy_loss         | 2.33         |
|    explained_variance   | 0.861        |
|    learning_rate        | 5e-05        |
|    loss                 | 0.574        |
|    n_updates            | 5510         |
|    policy_gradient_loss | -0.00188     |
|    std                  | 0.221        |
|    value_loss           | 0.676        |
------------------------------------------
[HumanoidEnv] Reset state env_id=0 z=0.323 rpy=[-0.002, -0.003, 0.000]
[HumanoidEnv] unhealthy terminate at step=333 z=0.761656 rpy=[0.153509, -0.144855, -0.156274] v_body=[2.97884, -2.47555, 4.76878]
PARITY max_torque=23.700 23.700 45.430
PARITY contact_mu=0.450
PARITY body_height=0.320
PARITY Kp_body=100.000 100.000 100.000
PARITY Kd_body=30.000 30.000 30.000
PARITY Kp_ori=100.000 100.000 100.000
PARITY Kd_ori=10.000 10.000 10.000
PARITY Kp_foot=550.000 550.000 550.000
PARITY Kd_foot=10.000 10.000 10.000
PARITY Kp_joint=5.000 5.000 5.000
PARITY Kd_joint=3.000 3.000 3.000
PARITY floating_base_weight=50.000
PARITY control_mode=5.000
[HumanoidEnv] Reset state env_id=0 z=0.273 rpy=[-0.000, -0.001, 0.001]
[HumanoidEnv] unhealthy terminate at step=245 z=0.786382 rpy=[-0.877249, -0.878855, 0.657898] v_body=[-5.98948, 4.27749, -5.28063]
PARITY max_torque=23.700 23.700 45.430
PARITY contact_mu=0.450
PARITY body_height=0.320
PARITY Kp_body=100.000 100.000 100.000
PARITY Kd_body=30.000 30.000 30.000
PARITY Kp_ori=100.000 100.000 100.000
PARITY Kd_ori=10.000 10.000 10.000
PARITY Kp_foot=550.000 550.000 550.000
PARITY Kd_foot=10.000 10.000 10.000
PARITY Kp_joint=5.000 5.000 5.000
PARITY Kd_joint=3.000 3.000 3.000
PARITY floating_base_weight=50.000
PARITY control_mode=5.000
-----------------------------------------
| rollout/                |             |
|    ep_len_mean          | 358         |
|    ep_rew_mean          | 13.8        |
| time/                   |             |
|    fps                  | 1899        |
|    iterations           | 247         |
|    time_elapsed         | 17043       |
|    total_timesteps      | 32374784    |
| train/                  |             |
|    adaptive_lr          | 5e-05       |
|    approx_kl            | 0.004184895 |
|    clip_fraction        | 0.223       |
|    clip_range           | 0.1         |
|    clip_range_vf        | 0.2         |
|    entropy_loss         | 2.24        |
|    explained_variance   | 0.857       |
|    learning_rate        | 5e-05       |
|    loss                 | 0.592       |
|    n_updates            | 5520        |
|    policy_gradient_loss | -0.00192    |
|    std                  | 0.222       |
|    value_loss           | 0.667       |
-----------------------------------------
[HumanoidEnv] Reset state env_id=0 z=0.310 rpy=[-0.000, -0.003, 0.000]
[HumanoidEnv] unhealthy terminate at step=385 z=0.760281 rpy=[0.666327, 0.302015, -0.269695] v_body=[3.11604, -6.52661, -0.959103]
PARITY max_torque=23.700 23.700 45.430
PARITY contact_mu=0.450
PARITY body_height=0.320
PARITY Kp_body=100.000 100.000 100.000
PARITY Kd_body=30.000 30.000 30.000
PARITY Kp_ori=100.000 100.000 100.000
PARITY Kd_ori=10.000 10.000 10.000
PARITY Kp_foot=550.000 550.000 550.000
PARITY Kd_foot=10.000 10.000 10.000
PARITY Kp_joint=5.000 5.000 5.000
PARITY Kd_joint=3.000 3.000 3.000
PARITY floating_base_weight=50.000
PARITY control_mode=5.000
------------------------------------------
| rollout/                |              |
|    ep_len_mean          | 359          |
|    ep_rew_mean          | 13.7         |
| time/                   |              |
|    fps                  | 1899         |
|    iterations           | 248          |
|    time_elapsed         | 17110        |
|    total_timesteps      | 32505856     |
| train/                  |              |
|    adaptive_lr          | 5e-05        |
|    approx_kl            | 0.0041779503 |
|    clip_fraction        | 0.221        |
|    clip_range           | 0.1          |
|    clip_range_vf        | 0.2          |
|    entropy_loss         | 2.15         |
|    explained_variance   | 0.856        |
|    learning_rate        | 5e-05        |
|    loss                 | 0.618        |
|    n_updates            | 5530         |
|    policy_gradient_loss | -0.00157     |
|    std                  | 0.222        |
|    value_loss           | 0.673        |
------------------------------------------
[HumanoidEnv] Reset state env_id=0 z=0.295 rpy=[0.002, -0.002, -0.000]
[HumanoidEnv] unhealthy terminate at step=382 z=0.191542 rpy=[-0.854975, 0.200515, -2.50665] v_body=[-0.88745, 3.46483, 0.824013]
PARITY max_torque=23.700 23.700 45.430
PARITY contact_mu=0.450
PARITY body_height=0.320
PARITY Kp_body=100.000 100.000 100.000
PARITY Kd_body=30.000 30.000 30.000
PARITY Kp_ori=100.000 100.000 100.000
PARITY Kd_ori=10.000 10.000 10.000
PARITY Kp_foot=550.000 550.000 550.000
PARITY Kd_foot=10.000 10.000 10.000
PARITY Kp_joint=5.000 5.000 5.000
PARITY Kd_joint=3.000 3.000 3.000
PARITY floating_base_weight=50.000
PARITY control_mode=5.000
[HumanoidEnv] Reset state env_id=0 z=0.299 rpy=[-0.001, -0.001, 0.000]
[HumanoidEnv] unhealthy terminate at step=420 z=0.767405 rpy=[-1.19993, -0.00931627, 0.229662] v_body=[4.24917, 5.65399, -3.59201]
PARITY max_torque=23.700 23.700 45.430
PARITY contact_mu=0.450
PARITY body_height=0.320
PARITY Kp_body=100.000 100.000 100.000
PARITY Kd_body=30.000 30.000 30.000
PARITY Kp_ori=100.000 100.000 100.000
PARITY Kd_ori=10.000 10.000 10.000
PARITY Kp_foot=550.000 550.000 550.000
PARITY Kd_foot=10.000 10.000 10.000
PARITY Kp_joint=5.000 5.000 5.000
PARITY Kd_joint=3.000 3.000 3.000
PARITY floating_base_weight=50.000
PARITY control_mode=5.000
------------------------------------------
| rollout/                |              |
|    ep_len_mean          | 356          |
|    ep_rew_mean          | 13.7         |
| time/                   |              |
|    fps                  | 1900         |
|    iterations           | 249          |
|    time_elapsed         | 17177        |
|    total_timesteps      | 32636928     |
| train/                  |              |
|    adaptive_lr          | 5e-05        |
|    approx_kl            | 0.0041551692 |
|    clip_fraction        | 0.221        |
|    clip_range           | 0.1          |
|    clip_range_vf        | 0.2          |
|    entropy_loss         | 2.06         |
|    explained_variance   | 0.849        |
|    learning_rate        | 5e-05        |
|    loss                 | 0.789        |
|    n_updates            | 5540         |
|    policy_gradient_loss | -0.00192     |
|    std                  | 0.223        |
|    value_loss           | 0.688        |
------------------------------------------
[HumanoidEnv] Reset state env_id=0 z=0.299 rpy=[-0.000, -0.001, 0.000]
[HumanoidEnv] unhealthy terminate at step=229 z=0.766056 rpy=[0.0823944, -0.562054, -0.168905] v_body=[-5.53757, 1.33335, 0.618403]
PARITY max_torque=23.700 23.700 45.430
PARITY contact_mu=0.450
PARITY body_height=0.320
PARITY Kp_body=100.000 100.000 100.000
PARITY Kd_body=30.000 30.000 30.000
PARITY Kp_ori=100.000 100.000 100.000
PARITY Kd_ori=10.000 10.000 10.000
PARITY Kp_foot=550.000 550.000 550.000
PARITY Kd_foot=10.000 10.000 10.000
PARITY Kp_joint=5.000 5.000 5.000
PARITY Kd_joint=3.000 3.000 3.000
PARITY floating_base_weight=50.000
PARITY control_mode=5.000
[HumanoidEnv] Reset state env_id=0 z=0.287 rpy=[-0.001, -0.000, 0.001]
[HumanoidEnv] unhealthy terminate at step=290 z=0.199679 rpy=[-0.357616, -0.0715018, 0.0809941] v_body=[-0.724218, 0.991112, -0.574728]
PARITY max_torque=23.700 23.700 45.430
PARITY contact_mu=0.450
PARITY body_height=0.320
PARITY Kp_body=100.000 100.000 100.000
PARITY Kd_body=30.000 30.000 30.000
PARITY Kp_ori=100.000 100.000 100.000
PARITY Kd_ori=10.000 10.000 10.000
PARITY Kp_foot=550.000 550.000 550.000
PARITY Kd_foot=10.000 10.000 10.000
PARITY Kp_joint=5.000 5.000 5.000
PARITY Kd_joint=3.000 3.000 3.000
PARITY floating_base_weight=50.000
PARITY control_mode=5.000
------------------------------------------
| rollout/                |              |
|    ep_len_mean          | 364          |
|    ep_rew_mean          | 13.9         |
| time/                   |              |
|    fps                  | 1900         |
|    iterations           | 250          |
|    time_elapsed         | 17243        |
|    total_timesteps      | 32768000     |
| train/                  |              |
|    adaptive_lr          | 5e-05        |
|    approx_kl            | 0.0042723585 |
|    clip_fraction        | 0.224        |
|    clip_range           | 0.1          |
|    clip_range_vf        | 0.2          |
|    entropy_loss         | 1.97         |
|    explained_variance   | 0.853        |
|    learning_rate        | 5e-05        |
|    loss                 | 0.76         |
|    n_updates            | 5550         |
|    policy_gradient_loss | -0.00169     |
|    std                  | 0.224        |
|    value_loss           | 0.704        |
------------------------------------------
[HumanoidEnv] Reset state env_id=0 z=0.310 rpy=[-0.001, -0.002, 0.000]
[HumanoidEnv] unhealthy terminate at step=286 z=0.750135 rpy=[0.108919, -0.342104, -1.31791] v_body=[-0.930935, 0.0198654, 3.68419]
PARITY max_torque=23.700 23.700 45.430
PARITY contact_mu=0.450
PARITY body_height=0.320
PARITY Kp_body=100.000 100.000 100.000
PARITY Kd_body=30.000 30.000 30.000
PARITY Kp_ori=100.000 100.000 100.000
PARITY Kd_ori=10.000 10.000 10.000
PARITY Kp_foot=550.000 550.000 550.000
PARITY Kd_foot=10.000 10.000 10.000
PARITY Kp_joint=5.000 5.000 5.000
PARITY Kd_joint=3.000 3.000 3.000
PARITY floating_base_weight=50.000
PARITY control_mode=5.000
[HumanoidEnv] Reset state env_id=0 z=0.275 rpy=[0.000, -0.001, 0.001]
[HumanoidEnv] unhealthy terminate at step=226 z=0.190364 rpy=[0.1727, -0.0493989, 0.15388] v_body=[1.6374, -0.0778922, -1.5601]
PARITY max_torque=23.700 23.700 45.430
PARITY contact_mu=0.450
PARITY body_height=0.320
PARITY Kp_body=100.000 100.000 100.000
PARITY Kd_body=30.000 30.000 30.000
PARITY Kp_ori=100.000 100.000 100.000
PARITY Kd_ori=10.000 10.000 10.000
PARITY Kp_foot=550.000 550.000 550.000
PARITY Kd_foot=10.000 10.000 10.000
PARITY Kp_joint=5.000 5.000 5.000
PARITY Kd_joint=3.000 3.000 3.000
PARITY floating_base_weight=50.000
PARITY control_mode=5.000
------------------------------------------
| rollout/                |              |
|    ep_len_mean          | 359          |
|    ep_rew_mean          | 13.9         |
| time/                   |              |
|    fps                  | 1900         |
|    iterations           | 251          |
|    time_elapsed         | 17310        |
|    total_timesteps      | 32899072     |
| train/                  |              |
|    adaptive_lr          | 5e-05        |
|    approx_kl            | 0.0040052375 |
|    clip_fraction        | 0.218        |
|    clip_range           | 0.1          |
|    clip_range_vf        | 0.2          |
|    entropy_loss         | 1.88         |
|    explained_variance   | 0.849        |
|    learning_rate        | 5e-05        |
|    loss                 | 0.735        |
|    n_updates            | 5560         |
|    policy_gradient_loss | -0.0017      |
|    std                  | 0.225        |
|    value_loss           | 0.699        |
------------------------------------------
[HumanoidEnv] Reset state env_id=0 z=0.288 rpy=[-0.001, -0.001, 0.001]
[HumanoidEnv] unhealthy terminate at step=319 z=0.19328 rpy=[2.29513, 0.194889, -3.12843] v_body=[-6.8422, -1.84394, 0.70285]
PARITY max_torque=23.700 23.700 45.430
PARITY contact_mu=0.450
PARITY body_height=0.320
PARITY Kp_body=100.000 100.000 100.000
PARITY Kd_body=30.000 30.000 30.000
PARITY Kp_ori=100.000 100.000 100.000
PARITY Kd_ori=10.000 10.000 10.000
PARITY Kp_foot=550.000 550.000 550.000
PARITY Kd_foot=10.000 10.000 10.000
PARITY Kp_joint=5.000 5.000 5.000
PARITY Kd_joint=3.000 3.000 3.000
PARITY floating_base_weight=50.000
PARITY control_mode=5.000
------------------------------------------
| rollout/                |              |
|    ep_len_mean          | 367          |
|    ep_rew_mean          | 14           |
| time/                   |              |
|    fps                  | 1900         |
|    iterations           | 252          |
|    time_elapsed         | 17377        |
|    total_timesteps      | 33030144     |
| train/                  |              |
|    adaptive_lr          | 5e-05        |
|    approx_kl            | 0.0041604694 |
|    clip_fraction        | 0.224        |
|    clip_range           | 0.1          |
|    clip_range_vf        | 0.2          |
|    entropy_loss         | 1.8          |
|    explained_variance   | 0.856        |
|    learning_rate        | 5e-05        |
|    loss                 | 0.646        |
|    n_updates            | 5570         |
|    policy_gradient_loss | -0.00191     |
|    std                  | 0.226        |
|    value_loss           | 0.681        |
------------------------------------------
[HumanoidEnv] Reset state env_id=0 z=0.321 rpy=[-0.003, -0.002, 0.000]
[HumanoidEnv] unhealthy terminate at step=306 z=0.190732 rpy=[-1.82206, 0.0108404, 2.93989] v_body=[-5.27138, 2.94199, -1.13241]
PARITY max_torque=23.700 23.700 45.430
PARITY contact_mu=0.450
PARITY body_height=0.320
PARITY Kp_body=100.000 100.000 100.000
PARITY Kd_body=30.000 30.000 30.000
PARITY Kp_ori=100.000 100.000 100.000
PARITY Kd_ori=10.000 10.000 10.000
PARITY Kp_foot=550.000 550.000 550.000
PARITY Kd_foot=10.000 10.000 10.000
PARITY Kp_joint=5.000 5.000 5.000
PARITY Kd_joint=3.000 3.000 3.000
PARITY floating_base_weight=50.000
PARITY control_mode=5.000
[HumanoidEnv] Reset state env_id=0 z=0.324 rpy=[0.002, -0.003, -0.000]
[HumanoidEnv] unhealthy terminate at step=346 z=0.184264 rpy=[0.209638, 0.282616, 0.0151663] v_body=[4.30335, -0.189207, -3.3311]
PARITY max_torque=23.700 23.700 45.430
PARITY contact_mu=0.450
PARITY body_height=0.320
PARITY Kp_body=100.000 100.000 100.000
PARITY Kd_body=30.000 30.000 30.000
PARITY Kp_ori=100.000 100.000 100.000
PARITY Kd_ori=10.000 10.000 10.000
PARITY Kp_foot=550.000 550.000 550.000
PARITY Kd_foot=10.000 10.000 10.000
PARITY Kp_joint=5.000 5.000 5.000
PARITY Kd_joint=3.000 3.000 3.000
PARITY floating_base_weight=50.000
PARITY control_mode=5.000
------------------------------------------
| rollout/                |              |
|    ep_len_mean          | 360          |
|    ep_rew_mean          | 13.9         |
| time/                   |              |
|    fps                  | 1900         |
|    iterations           | 253          |
|    time_elapsed         | 17445        |
|    total_timesteps      | 33161216     |
| train/                  |              |
|    adaptive_lr          | 5e-05        |
|    approx_kl            | 0.0041620135 |
|    clip_fraction        | 0.222        |
|    clip_range           | 0.1          |
|    clip_range_vf        | 0.2          |
|    entropy_loss         | 1.71         |
|    explained_variance   | 0.856        |
|    learning_rate        | 5e-05        |
|    loss                 | 0.83         |
|    n_updates            | 5580         |
|    policy_gradient_loss | -0.00199     |
|    std                  | 0.226        |
|    value_loss           | 0.666        |
------------------------------------------
[HumanoidEnv] Reset state env_id=0 z=0.311 rpy=[0.001, -0.002, 0.000]
[HumanoidEnv] unhealthy terminate at step=329 z=0.765252 rpy=[-0.242326, -0.319499, 0.149067] v_body=[4.28727, 2.63321, 3.82082]
PARITY max_torque=23.700 23.700 45.430
PARITY contact_mu=0.450
PARITY body_height=0.320
PARITY Kp_body=100.000 100.000 100.000
PARITY Kd_body=30.000 30.000 30.000
PARITY Kp_ori=100.000 100.000 100.000
PARITY Kd_ori=10.000 10.000 10.000
PARITY Kp_foot=550.000 550.000 550.000
PARITY Kd_foot=10.000 10.000 10.000
PARITY Kp_joint=5.000 5.000 5.000
PARITY Kd_joint=3.000 3.000 3.000
PARITY floating_base_weight=50.000
PARITY control_mode=5.000
------------------------------------------
| rollout/                |              |
|    ep_len_mean          | 359          |
|    ep_rew_mean          | 13.8         |
| time/                   |              |
|    fps                  | 1901         |
|    iterations           | 254          |
|    time_elapsed         | 17512        |
|    total_timesteps      | 33292288     |
| train/                  |              |
|    adaptive_lr          | 5e-05        |
|    approx_kl            | 0.0041283704 |
|    clip_fraction        | 0.22         |
|    clip_range           | 0.1          |
|    clip_range_vf        | 0.2          |
|    entropy_loss         | 1.63         |
|    explained_variance   | 0.852        |
|    learning_rate        | 5e-05        |
|    loss                 | 0.708        |
|    n_updates            | 5590         |
|    policy_gradient_loss | -0.00189     |
|    std                  | 0.227        |
|    value_loss           | 0.68         |
------------------------------------------
[HumanoidEnv] Reset state env_id=0 z=0.275 rpy=[-0.001, 0.001, 0.001]
[HumanoidEnv] unhealthy terminate at step=309 z=0.195451 rpy=[0.192284, 0.421514, 2.72601] v_body=[-1.70917, -1.68937, -0.591499]
PARITY max_torque=23.700 23.700 45.430
PARITY contact_mu=0.450
PARITY body_height=0.320
PARITY Kp_body=100.000 100.000 100.000
PARITY Kd_body=30.000 30.000 30.000
PARITY Kp_ori=100.000 100.000 100.000
PARITY Kd_ori=10.000 10.000 10.000
PARITY Kp_foot=550.000 550.000 550.000
PARITY Kd_foot=10.000 10.000 10.000
PARITY Kp_joint=5.000 5.000 5.000
PARITY Kd_joint=3.000 3.000 3.000
PARITY floating_base_weight=50.000
PARITY control_mode=5.000
[HumanoidEnv] Reset state env_id=0 z=0.283 rpy=[0.000, -0.000, 0.001]
[HumanoidEnv] unhealthy terminate at step=455 z=0.758119 rpy=[0.455581, -0.720271, 2.30093] v_body=[-1.48649, -3.14672, 5.31061]
PARITY max_torque=23.700 23.700 45.430
PARITY contact_mu=0.450
PARITY body_height=0.320
PARITY Kp_body=100.000 100.000 100.000
PARITY Kd_body=30.000 30.000 30.000
PARITY Kp_ori=100.000 100.000 100.000
PARITY Kd_ori=10.000 10.000 10.000
PARITY Kp_foot=550.000 550.000 550.000
PARITY Kd_foot=10.000 10.000 10.000
PARITY Kp_joint=5.000 5.000 5.000
PARITY Kd_joint=3.000 3.000 3.000
PARITY floating_base_weight=50.000
PARITY control_mode=5.000
------------------------------------------
| rollout/                |              |
|    ep_len_mean          | 380          |
|    ep_rew_mean          | 14.4         |
| time/                   |              |
|    fps                  | 1901         |
|    iterations           | 255          |
|    time_elapsed         | 17578        |
|    total_timesteps      | 33423360     |
| train/                  |              |
|    adaptive_lr          | 5e-05        |
|    approx_kl            | 0.0041149417 |
|    clip_fraction        | 0.222        |
|    clip_range           | 0.1          |
|    clip_range_vf        | 0.2          |
|    entropy_loss         | 1.54         |
|    explained_variance   | 0.852        |
|    learning_rate        | 5e-05        |
|    loss                 | 0.754        |
|    n_updates            | 5600         |
|    policy_gradient_loss | -0.00206     |
|    std                  | 0.228        |
|    value_loss           | 0.689        |
------------------------------------------
[HumanoidEnv] Reset state env_id=0 z=0.279 rpy=[-0.002, -0.001, 0.001]
[HumanoidEnv] unhealthy terminate at step=446 z=0.75372 rpy=[1.67178, -0.0626717, -1.27576] v_body=[-2.48477, 1.84345, 0.132312]
PARITY max_torque=23.700 23.700 45.430
PARITY contact_mu=0.450
PARITY body_height=0.320
PARITY Kp_body=100.000 100.000 100.000
PARITY Kd_body=30.000 30.000 30.000
PARITY Kp_ori=100.000 100.000 100.000
PARITY Kd_ori=10.000 10.000 10.000
PARITY Kp_foot=550.000 550.000 550.000
PARITY Kd_foot=10.000 10.000 10.000
PARITY Kp_joint=5.000 5.000 5.000
PARITY Kd_joint=3.000 3.000 3.000
PARITY floating_base_weight=50.000
PARITY control_mode=5.000
------------------------------------------
| rollout/                |              |
|    ep_len_mean          | 358          |
|    ep_rew_mean          | 13.7         |
| time/                   |              |
|    fps                  | 1901         |
|    iterations           | 256          |
|    time_elapsed         | 17645        |
|    total_timesteps      | 33554432     |
| train/                  |              |
|    adaptive_lr          | 5e-05        |
|    approx_kl            | 0.0040406166 |
|    clip_fraction        | 0.219        |
|    clip_range           | 0.1          |
|    clip_range_vf        | 0.2          |
|    entropy_loss         | 1.46         |
|    explained_variance   | 0.862        |
|    learning_rate        | 5e-05        |
|    loss                 | 0.69         |
|    n_updates            | 5610         |
|    policy_gradient_loss | -0.00189     |
|    std                  | 0.229        |
|    value_loss           | 0.65         |
------------------------------------------
[HumanoidEnv] Reset state env_id=0 z=0.300 rpy=[-0.001, 0.000, 0.000]
[HumanoidEnv] unhealthy terminate at step=367 z=0.191811 rpy=[-1.52827, 0.111188, 0.221745] v_body=[1.67226, -2.03755, -3.60502]
PARITY max_torque=23.700 23.700 45.430
PARITY contact_mu=0.450
PARITY body_height=0.320
PARITY Kp_body=100.000 100.000 100.000
PARITY Kd_body=30.000 30.000 30.000
PARITY Kp_ori=100.000 100.000 100.000
PARITY Kd_ori=10.000 10.000 10.000
PARITY Kp_foot=550.000 550.000 550.000
PARITY Kd_foot=10.000 10.000 10.000
PARITY Kp_joint=5.000 5.000 5.000
PARITY Kd_joint=3.000 3.000 3.000
PARITY floating_base_weight=50.000
PARITY control_mode=5.000
------------------------------------------
| rollout/                |              |
|    ep_len_mean          | 362          |
|    ep_rew_mean          | 13.6         |
| time/                   |              |
|    fps                  | 1901         |
|    iterations           | 257          |
|    time_elapsed         | 17712        |
|    total_timesteps      | 33685504     |
| train/                  |              |
|    adaptive_lr          | 5e-05        |
|    approx_kl            | 0.0040181763 |
|    clip_fraction        | 0.215        |
|    clip_range           | 0.1          |
|    clip_range_vf        | 0.2          |
|    entropy_loss         | 1.38         |
|    explained_variance   | 0.851        |
|    learning_rate        | 5e-05        |
|    loss                 | 0.586        |
|    n_updates            | 5620         |
|    policy_gradient_loss | -0.00173     |
|    std                  | 0.229        |
|    value_loss           | 0.692        |
------------------------------------------
[HumanoidEnv] Reset state env_id=0 z=0.314 rpy=[0.002, -0.003, -0.000]
[HumanoidEnv] unhealthy terminate at step=296 z=0.19875 rpy=[-0.476455, -0.134182, 0.0594942] v_body=[-1.93794, 1.32284, -3.10731]
PARITY max_torque=23.700 23.700 45.430
PARITY contact_mu=0.450
PARITY body_height=0.320
PARITY Kp_body=100.000 100.000 100.000
PARITY Kd_body=30.000 30.000 30.000
PARITY Kp_ori=100.000 100.000 100.000
PARITY Kd_ori=10.000 10.000 10.000
PARITY Kp_foot=550.000 550.000 550.000
PARITY Kd_foot=10.000 10.000 10.000
PARITY Kp_joint=5.000 5.000 5.000
PARITY Kd_joint=3.000 3.000 3.000
PARITY floating_base_weight=50.000
PARITY control_mode=5.000
[HumanoidEnv] Reset state env_id=0 z=0.327 rpy=[0.000, -0.003, 0.000]
[HumanoidEnv] unhealthy terminate at step=412 z=0.198557 rpy=[-2.87091, 0.265483, -0.070889] v_body=[4.50868, -2.96847, -1.73414]
PARITY max_torque=23.700 23.700 45.430
PARITY contact_mu=0.450
PARITY body_height=0.320
PARITY Kp_body=100.000 100.000 100.000
PARITY Kd_body=30.000 30.000 30.000
PARITY Kp_ori=100.000 100.000 100.000
PARITY Kd_ori=10.000 10.000 10.000
PARITY Kp_foot=550.000 550.000 550.000
PARITY Kd_foot=10.000 10.000 10.000
PARITY Kp_joint=5.000 5.000 5.000
PARITY Kd_joint=3.000 3.000 3.000
PARITY floating_base_weight=50.000
PARITY control_mode=5.000
------------------------------------------
| rollout/                |              |
|    ep_len_mean          | 372          |
|    ep_rew_mean          | 14.2         |
| time/                   |              |
|    fps                  | 1902         |
|    iterations           | 258          |
|    time_elapsed         | 17779        |
|    total_timesteps      | 33816576     |
| train/                  |              |
|    adaptive_lr          | 5e-05        |
|    approx_kl            | 0.0041776244 |
|    clip_fraction        | 0.22         |
|    clip_range           | 0.1          |
|    clip_range_vf        | 0.2          |
|    entropy_loss         | 1.29         |
|    explained_variance   | 0.847        |
|    learning_rate        | 5e-05        |
|    loss                 | 0.767        |
|    n_updates            | 5630         |
|    policy_gradient_loss | -0.00166     |
|    std                  | 0.23         |
|    value_loss           | 0.72         |
------------------------------------------
[HumanoidEnv] Reset state env_id=0 z=0.310 rpy=[-0.000, -0.003, -0.000]
[HumanoidEnv] unhealthy terminate at step=424 z=0.19702 rpy=[-0.858916, 0.430121, -0.866828] v_body=[-1.26925, 0.565307, -0.325503]
PARITY max_torque=23.700 23.700 45.430
PARITY contact_mu=0.450
PARITY body_height=0.320
PARITY Kp_body=100.000 100.000 100.000
PARITY Kd_body=30.000 30.000 30.000
PARITY Kp_ori=100.000 100.000 100.000
PARITY Kd_ori=10.000 10.000 10.000
PARITY Kp_foot=550.000 550.000 550.000
PARITY Kd_foot=10.000 10.000 10.000
PARITY Kp_joint=5.000 5.000 5.000
PARITY Kd_joint=3.000 3.000 3.000
PARITY floating_base_weight=50.000
PARITY control_mode=5.000
------------------------------------------
| rollout/                |              |
|    ep_len_mean          | 350          |
|    ep_rew_mean          | 13.7         |
| time/                   |              |
|    fps                  | 1902         |
|    iterations           | 259          |
|    time_elapsed         | 17845        |
|    total_timesteps      | 33947648     |
| train/                  |              |
|    adaptive_lr          | 5e-05        |
|    approx_kl            | 0.0041843364 |
|    clip_fraction        | 0.224        |
|    clip_range           | 0.1          |
|    clip_range_vf        | 0.2          |
|    entropy_loss         | 1.2          |
|    explained_variance   | 0.85         |
|    learning_rate        | 5e-05        |
|    loss                 | 0.739        |
|    n_updates            | 5640         |
|    policy_gradient_loss | -0.00213     |
|    std                  | 0.231        |
|    value_loss           | 0.68         |
------------------------------------------
[HumanoidEnv] Reset state env_id=0 z=0.291 rpy=[-0.000, -0.000, 0.000]
[HumanoidEnv] unhealthy terminate at step=305 z=0.196083 rpy=[0.528691, 0.245895, 0.500073] v_body=[-4.48174, 1.85711, 1.51666]
PARITY max_torque=23.700 23.700 45.430
PARITY contact_mu=0.450
PARITY body_height=0.320
PARITY Kp_body=100.000 100.000 100.000
PARITY Kd_body=30.000 30.000 30.000
PARITY Kp_ori=100.000 100.000 100.000
PARITY Kd_ori=10.000 10.000 10.000
PARITY Kp_foot=550.000 550.000 550.000
PARITY Kd_foot=10.000 10.000 10.000
PARITY Kp_joint=5.000 5.000 5.000
PARITY Kd_joint=3.000 3.000 3.000
PARITY floating_base_weight=50.000
PARITY control_mode=5.000
INFO:root:VecNormalize statistics saved at: ./data/gamma4/quadruped_ppo_model_ckpt_34002176_vecnormalize.pkl
INFO:root:Model saved at: ./data/gamma4/quadruped_ppo_model_ckpt_34002176.zip
INFO:root:Checkpoint written at 34002176 timesteps
------------------------------------------
| rollout/                |              |
|    ep_len_mean          | 362          |
|    ep_rew_mean          | 13.8         |
| time/                   |              |
|    fps                  | 1902         |
|    iterations           | 260          |
|    time_elapsed         | 17912        |
|    total_timesteps      | 34078720     |
| train/                  |              |
|    adaptive_lr          | 5e-05        |
|    approx_kl            | 0.0040111677 |
|    clip_fraction        | 0.219        |
|    clip_range           | 0.1          |
|    clip_range_vf        | 0.2          |
|    entropy_loss         | 1.11         |
|    explained_variance   | 0.841        |
|    learning_rate        | 5e-05        |
|    loss                 | 0.785        |
|    n_updates            | 5650         |
|    policy_gradient_loss | -0.00178     |
|    std                  | 0.232        |
|    value_loss           | 0.737        |
------------------------------------------
[HumanoidEnv] Reset state env_id=0 z=0.321 rpy=[-0.001, -0.003, 0.000]
[HumanoidEnv] unhealthy terminate at step=403 z=0.194001 rpy=[0.147404, -0.0867186, -0.406721] v_body=[0.126011, -2.09463, -1.06256]
PARITY max_torque=23.700 23.700 45.430
PARITY contact_mu=0.450
PARITY body_height=0.320
PARITY Kp_body=100.000 100.000 100.000
PARITY Kd_body=30.000 30.000 30.000
PARITY Kp_ori=100.000 100.000 100.000
PARITY Kd_ori=10.000 10.000 10.000
PARITY Kp_foot=550.000 550.000 550.000
PARITY Kd_foot=10.000 10.000 10.000
PARITY Kp_joint=5.000 5.000 5.000
PARITY Kd_joint=3.000 3.000 3.000
PARITY floating_base_weight=50.000
PARITY control_mode=5.000
-----------------------------------------
| rollout/                |             |
|    ep_len_mean          | 356         |
|    ep_rew_mean          | 13.7        |
| time/                   |             |
|    fps                  | 1902        |
|    iterations           | 261         |
|    time_elapsed         | 17979       |
|    total_timesteps      | 34209792    |
| train/                  |             |
|    adaptive_lr          | 5e-05       |
|    approx_kl            | 0.004013108 |
|    clip_fraction        | 0.216       |
|    clip_range           | 0.1         |
|    clip_range_vf        | 0.2         |
|    entropy_loss         | 1.03        |
|    explained_variance   | 0.842       |
|    learning_rate        | 5e-05       |
|    loss                 | 0.73        |
|    n_updates            | 5660        |
|    policy_gradient_loss | -0.00174    |
|    std                  | 0.233       |
|    value_loss           | 0.74        |
-----------------------------------------
[HumanoidEnv] Reset state env_id=0 z=0.293 rpy=[-0.002, -0.001, 0.001]
[HumanoidEnv] unhealthy terminate at step=563 z=0.183379 rpy=[2.24264, -0.043485, -0.920554] v_body=[2.98442, 3.43109, -2.37569]
PARITY max_torque=23.700 23.700 45.430
PARITY contact_mu=0.450
PARITY body_height=0.320
PARITY Kp_body=100.000 100.000 100.000
PARITY Kd_body=30.000 30.000 30.000
PARITY Kp_ori=100.000 100.000 100.000
PARITY Kd_ori=10.000 10.000 10.000
PARITY Kp_foot=550.000 550.000 550.000
PARITY Kd_foot=10.000 10.000 10.000
PARITY Kp_joint=5.000 5.000 5.000
PARITY Kd_joint=3.000 3.000 3.000
PARITY floating_base_weight=50.000
PARITY control_mode=5.000
[HumanoidEnv] Reset state env_id=0 z=0.314 rpy=[0.001, -0.003, -0.000]
[HumanoidEnv] unhealthy terminate at step=239 z=0.193212 rpy=[0.477068, -0.212412, -0.312339] v_body=[-1.57797, 0.0644114, -1.75411]
PARITY max_torque=23.700 23.700 45.430
PARITY contact_mu=0.450
PARITY body_height=0.320
PARITY Kp_body=100.000 100.000 100.000
PARITY Kd_body=30.000 30.000 30.000
PARITY Kp_ori=100.000 100.000 100.000
PARITY Kd_ori=10.000 10.000 10.000
PARITY Kp_foot=550.000 550.000 550.000
PARITY Kd_foot=10.000 10.000 10.000
PARITY Kp_joint=5.000 5.000 5.000
PARITY Kd_joint=3.000 3.000 3.000
PARITY floating_base_weight=50.000
PARITY control_mode=5.000
------------------------------------------
| rollout/                |              |
|    ep_len_mean          | 356          |
|    ep_rew_mean          | 13.5         |
| time/                   |              |
|    fps                  | 1902         |
|    iterations           | 262          |
|    time_elapsed         | 18045        |
|    total_timesteps      | 34340864     |
| train/                  |              |
|    adaptive_lr          | 5e-05        |
|    approx_kl            | 0.0039562955 |
|    clip_fraction        | 0.218        |
|    clip_range           | 0.1          |
|    clip_range_vf        | 0.2          |
|    entropy_loss         | 0.953        |
|    explained_variance   | 0.844        |
|    learning_rate        | 5e-05        |
|    loss                 | 0.777        |
|    n_updates            | 5670         |
|    policy_gradient_loss | -0.00202     |
|    std                  | 0.233        |
|    value_loss           | 0.734        |
------------------------------------------
[HumanoidEnv] Reset state env_id=0 z=0.317 rpy=[-0.000, -0.003, 0.000]
[HumanoidEnv] unhealthy terminate at step=341 z=0.18815 rpy=[-1.91829, 0.312142, -1.61633] v_body=[-4.03195, 3.02195, -3.70253]
PARITY max_torque=23.700 23.700 45.430
PARITY contact_mu=0.450
PARITY body_height=0.320
PARITY Kp_body=100.000 100.000 100.000
PARITY Kd_body=30.000 30.000 30.000
PARITY Kp_ori=100.000 100.000 100.000
PARITY Kd_ori=10.000 10.000 10.000
PARITY Kp_foot=550.000 550.000 550.000
PARITY Kd_foot=10.000 10.000 10.000
PARITY Kp_joint=5.000 5.000 5.000
PARITY Kd_joint=3.000 3.000 3.000
PARITY floating_base_weight=50.000
PARITY control_mode=5.000
[HumanoidEnv] Reset state env_id=0 z=0.328 rpy=[-0.000, -0.003, 0.000]
[HumanoidEnv] unhealthy terminate at step=309 z=0.190641 rpy=[-2.3805, -0.0735748, -1.26672] v_body=[-5.33762, 5.12743, -1.62424]
PARITY max_torque=23.700 23.700 45.430
PARITY contact_mu=0.450
PARITY body_height=0.320
PARITY Kp_body=100.000 100.000 100.000
PARITY Kd_body=30.000 30.000 30.000
PARITY Kp_ori=100.000 100.000 100.000
PARITY Kd_ori=10.000 10.000 10.000
PARITY Kp_foot=550.000 550.000 550.000
PARITY Kd_foot=10.000 10.000 10.000
PARITY Kp_joint=5.000 5.000 5.000
PARITY Kd_joint=3.000 3.000 3.000
PARITY floating_base_weight=50.000
PARITY control_mode=5.000
-----------------------------------------
| rollout/                |             |
|    ep_len_mean          | 368         |
|    ep_rew_mean          | 13.8        |
| time/                   |             |
|    fps                  | 1903        |
|    iterations           | 263         |
|    time_elapsed         | 18111       |
|    total_timesteps      | 34471936    |
| train/                  |             |
|    adaptive_lr          | 5e-05       |
|    approx_kl            | 0.004068385 |
|    clip_fraction        | 0.221       |
|    clip_range           | 0.1         |
|    clip_range_vf        | 0.2         |
|    entropy_loss         | 0.865       |
|    explained_variance   | 0.842       |
|    learning_rate        | 5e-05       |
|    loss                 | 0.62        |
|    n_updates            | 5680        |
|    policy_gradient_loss | -0.0016     |
|    std                  | 0.234       |
|    value_loss           | 0.725       |
-----------------------------------------
[HumanoidEnv] Reset state env_id=0 z=0.328 rpy=[-0.001, -0.001, 0.000]
[HumanoidEnv] unhealthy terminate at step=290 z=0.755595 rpy=[0.798645, -0.270772, 0.0558611] v_body=[0.0277699, -0.565031, 6.52947]
PARITY max_torque=23.700 23.700 45.430
PARITY contact_mu=0.450
PARITY body_height=0.320
PARITY Kp_body=100.000 100.000 100.000
PARITY Kd_body=30.000 30.000 30.000
PARITY Kp_ori=100.000 100.000 100.000
PARITY Kd_ori=10.000 10.000 10.000
PARITY Kp_foot=550.000 550.000 550.000
PARITY Kd_foot=10.000 10.000 10.000
PARITY Kp_joint=5.000 5.000 5.000
PARITY Kd_joint=3.000 3.000 3.000
PARITY floating_base_weight=50.000
PARITY control_mode=5.000
------------------------------------------
| rollout/                |              |
|    ep_len_mean          | 359          |
|    ep_rew_mean          | 14           |
| time/                   |              |
|    fps                  | 1903         |
|    iterations           | 264          |
|    time_elapsed         | 18178        |
|    total_timesteps      | 34603008     |
| train/                  |              |
|    adaptive_lr          | 5e-05        |
|    approx_kl            | 0.0041041533 |
|    clip_fraction        | 0.22         |
|    clip_range           | 0.1          |
|    clip_range_vf        | 0.2          |
|    entropy_loss         | 0.779        |
|    explained_variance   | 0.85         |
|    learning_rate        | 5e-05        |
|    loss                 | 0.729        |
|    n_updates            | 5690         |
|    policy_gradient_loss | -0.00207     |
|    std                  | 0.235        |
|    value_loss           | 0.692        |
------------------------------------------
[HumanoidEnv] Reset state env_id=0 z=0.293 rpy=[0.001, -0.002, 0.000]
[HumanoidEnv] unhealthy terminate at step=286 z=0.756445 rpy=[1.27415, -0.798428, -0.910092] v_body=[-1.64314, -0.245196, -3.19428]
PARITY max_torque=23.700 23.700 45.430
PARITY contact_mu=0.450
PARITY body_height=0.320
PARITY Kp_body=100.000 100.000 100.000
PARITY Kd_body=30.000 30.000 30.000
PARITY Kp_ori=100.000 100.000 100.000
PARITY Kd_ori=10.000 10.000 10.000
PARITY Kp_foot=550.000 550.000 550.000
PARITY Kd_foot=10.000 10.000 10.000
PARITY Kp_joint=5.000 5.000 5.000
PARITY Kd_joint=3.000 3.000 3.000
PARITY floating_base_weight=50.000
PARITY control_mode=5.000
[HumanoidEnv] Reset state env_id=0 z=0.307 rpy=[-0.001, -0.003, -0.000]
[HumanoidEnv] unhealthy terminate at step=297 z=0.195768 rpy=[-0.237972, 0.264803, 0.199713] v_body=[-1.99722, 0.490132, -0.436657]
PARITY max_torque=23.700 23.700 45.430
PARITY contact_mu=0.450
PARITY body_height=0.320
PARITY Kp_body=100.000 100.000 100.000
PARITY Kd_body=30.000 30.000 30.000
PARITY Kp_ori=100.000 100.000 100.000
PARITY Kd_ori=10.000 10.000 10.000
PARITY Kp_foot=550.000 550.000 550.000
PARITY Kd_foot=10.000 10.000 10.000
PARITY Kp_joint=5.000 5.000 5.000
PARITY Kd_joint=3.000 3.000 3.000
PARITY floating_base_weight=50.000
PARITY control_mode=5.000
-----------------------------------------
| rollout/                |             |
|    ep_len_mean          | 357         |
|    ep_rew_mean          | 13.5        |
| time/                   |             |
|    fps                  | 1903        |
|    iterations           | 265         |
|    time_elapsed         | 18244       |
|    total_timesteps      | 34734080    |
| train/                  |             |
|    adaptive_lr          | 5e-05       |
|    approx_kl            | 0.004038858 |
|    clip_fraction        | 0.218       |
|    clip_range           | 0.1         |
|    clip_range_vf        | 0.2         |
|    entropy_loss         | 0.696       |
|    explained_variance   | 0.835       |
|    learning_rate        | 5e-05       |
|    loss                 | 0.593       |
|    n_updates            | 5700        |
|    policy_gradient_loss | -0.00184    |
|    std                  | 0.236       |
|    value_loss           | 0.721       |
-----------------------------------------
[HumanoidEnv] Reset state env_id=0 z=0.302 rpy=[0.001, -0.001, 0.000]
[HumanoidEnv] unhealthy terminate at step=288 z=0.774589 rpy=[-0.304383, -0.51817, 0.161092] v_body=[-0.548834, 2.4933, 2.54866]
PARITY max_torque=23.700 23.700 45.430
PARITY contact_mu=0.450
PARITY body_height=0.320
PARITY Kp_body=100.000 100.000 100.000
PARITY Kd_body=30.000 30.000 30.000
PARITY Kp_ori=100.000 100.000 100.000
PARITY Kd_ori=10.000 10.000 10.000
PARITY Kp_foot=550.000 550.000 550.000
PARITY Kd_foot=10.000 10.000 10.000
PARITY Kp_joint=5.000 5.000 5.000
PARITY Kd_joint=3.000 3.000 3.000
PARITY floating_base_weight=50.000
PARITY control_mode=5.000
[HumanoidEnv] Reset state env_id=0 z=0.323 rpy=[-0.002, -0.002, 0.000]
[HumanoidEnv] unhealthy terminate at step=358 z=0.753402 rpy=[-1.44696, -0.0280567, 0.546432] v_body=[1.10621, 2.41485, -4.7805]
PARITY max_torque=23.700 23.700 45.430
PARITY contact_mu=0.450
PARITY body_height=0.320
PARITY Kp_body=100.000 100.000 100.000
PARITY Kd_body=30.000 30.000 30.000
PARITY Kp_ori=100.000 100.000 100.000
PARITY Kd_ori=10.000 10.000 10.000
PARITY Kp_foot=550.000 550.000 550.000
PARITY Kd_foot=10.000 10.000 10.000
PARITY Kp_joint=5.000 5.000 5.000
PARITY Kd_joint=3.000 3.000 3.000
PARITY floating_base_weight=50.000
PARITY control_mode=5.000
-----------------------------------------
| rollout/                |             |
|    ep_len_mean          | 360         |
|    ep_rew_mean          | 14          |
| time/                   |             |
|    fps                  | 1904        |
|    iterations           | 266         |
|    time_elapsed         | 18310       |
|    total_timesteps      | 34865152    |
| train/                  |             |
|    adaptive_lr          | 5e-05       |
|    approx_kl            | 0.003931038 |
|    clip_fraction        | 0.213       |
|    clip_range           | 0.1         |
|    clip_range_vf        | 0.2         |
|    entropy_loss         | 0.618       |
|    explained_variance   | 0.834       |
|    learning_rate        | 5e-05       |
|    loss                 | 0.832       |
|    n_updates            | 5710        |
|    policy_gradient_loss | -0.00171    |
|    std                  | 0.236       |
|    value_loss           | 0.739       |
-----------------------------------------
[HumanoidEnv] Reset state env_id=0 z=0.303 rpy=[-0.001, -0.003, 0.000]
[HumanoidEnv] unhealthy terminate at step=433 z=0.197257 rpy=[2.47027, -0.0515333, -1.43743] v_body=[6.08069, 1.94112, -3.99534]
PARITY max_torque=23.700 23.700 45.430
PARITY contact_mu=0.450
PARITY body_height=0.320
PARITY Kp_body=100.000 100.000 100.000
PARITY Kd_body=30.000 30.000 30.000
PARITY Kp_ori=100.000 100.000 100.000
PARITY Kd_ori=10.000 10.000 10.000
PARITY Kp_foot=550.000 550.000 550.000
PARITY Kd_foot=10.000 10.000 10.000
PARITY Kp_joint=5.000 5.000 5.000
PARITY Kd_joint=3.000 3.000 3.000
PARITY floating_base_weight=50.000
PARITY control_mode=5.000
-----------------------------------------
| rollout/                |             |
|    ep_len_mean          | 361         |
|    ep_rew_mean          | 13.9        |
| time/                   |             |
|    fps                  | 1904        |
|    iterations           | 267         |
|    time_elapsed         | 18380       |
|    total_timesteps      | 34996224    |
| train/                  |             |
|    adaptive_lr          | 5e-05       |
|    approx_kl            | 0.004183167 |
|    clip_fraction        | 0.219       |
|    clip_range           | 0.1         |
|    clip_range_vf        | 0.2         |
|    entropy_loss         | 0.531       |
|    explained_variance   | 0.839       |
|    learning_rate        | 5e-05       |
|    loss                 | 0.777       |
|    n_updates            | 5720        |
|    policy_gradient_loss | -0.00201    |
|    std                  | 0.237       |
|    value_loss           | 0.727       |
-----------------------------------------
[HumanoidEnv] Reset state env_id=0 z=0.311 rpy=[-0.002, -0.003, 0.000]
[HumanoidEnv] unhealthy terminate at step=351 z=0.180159 rpy=[0.475005, 0.138821, -1.93803] v_body=[7.07014, 3.17213, 0.15942]
PARITY max_torque=23.700 23.700 45.430
PARITY contact_mu=0.450
PARITY body_height=0.320
PARITY Kp_body=100.000 100.000 100.000
PARITY Kd_body=30.000 30.000 30.000
PARITY Kp_ori=100.000 100.000 100.000
PARITY Kd_ori=10.000 10.000 10.000
PARITY Kp_foot=550.000 550.000 550.000
PARITY Kd_foot=10.000 10.000 10.000
PARITY Kp_joint=5.000 5.000 5.000
PARITY Kd_joint=3.000 3.000 3.000
PARITY floating_base_weight=50.000
PARITY control_mode=5.000
------------------------------------------
| rollout/                |              |
|    ep_len_mean          | 357          |
|    ep_rew_mean          | 13.7         |
| time/                   |              |
|    fps                  | 1903         |
|    iterations           | 268          |
|    time_elapsed         | 18449        |
|    total_timesteps      | 35127296     |
| train/                  |              |
|    adaptive_lr          | 5e-05        |
|    approx_kl            | 0.0041340915 |
|    clip_fraction        | 0.216        |
|    clip_range           | 0.1          |
|    clip_range_vf        | 0.2          |
|    entropy_loss         | 0.439        |
|    explained_variance   | 0.827        |
|    learning_rate        | 5e-05        |
|    loss                 | 0.657        |
|    n_updates            | 5730         |
|    policy_gradient_loss | -0.00174     |
|    std                  | 0.238        |
|    value_loss           | 0.77         |
------------------------------------------
[HumanoidEnv] Reset state env_id=0 z=0.321 rpy=[-0.002, -0.003, 0.000]
[HumanoidEnv] unhealthy terminate at step=358 z=0.782777 rpy=[-0.333265, -0.612, 0.273478] v_body=[-6.9075, 1.94032, -0.0811936]
PARITY max_torque=23.700 23.700 45.430
PARITY contact_mu=0.450
PARITY body_height=0.320
PARITY Kp_body=100.000 100.000 100.000
PARITY Kd_body=30.000 30.000 30.000
PARITY Kp_ori=100.000 100.000 100.000
PARITY Kd_ori=10.000 10.000 10.000
PARITY Kp_foot=550.000 550.000 550.000
PARITY Kd_foot=10.000 10.000 10.000
PARITY Kp_joint=5.000 5.000 5.000
PARITY Kd_joint=3.000 3.000 3.000
PARITY floating_base_weight=50.000
PARITY control_mode=5.000
[HumanoidEnv] Reset state env_id=0 z=0.278 rpy=[0.001, 0.000, 0.001]
[HumanoidEnv] unhealthy terminate at step=243 z=0.75014 rpy=[-0.52996, -0.15364, 0.299588] v_body=[4.7419, 4.81369, 0.986983]
PARITY max_torque=23.700 23.700 45.430
PARITY contact_mu=0.450
PARITY body_height=0.320
PARITY Kp_body=100.000 100.000 100.000
PARITY Kd_body=30.000 30.000 30.000
PARITY Kp_ori=100.000 100.000 100.000
PARITY Kd_ori=10.000 10.000 10.000
PARITY Kp_foot=550.000 550.000 550.000
PARITY Kd_foot=10.000 10.000 10.000
PARITY Kp_joint=5.000 5.000 5.000
PARITY Kd_joint=3.000 3.000 3.000
PARITY floating_base_weight=50.000
PARITY control_mode=5.000
----------------------------------------
| rollout/                |            |
|    ep_len_mean          | 365        |
|    ep_rew_mean          | 14.1       |
| time/                   |            |
|    fps                  | 1903       |
|    iterations           | 269        |
|    time_elapsed         | 18518      |
|    total_timesteps      | 35258368   |
| train/                  |            |
|    adaptive_lr          | 5e-05      |
|    approx_kl            | 0.00409347 |
|    clip_fraction        | 0.217      |
|    clip_range           | 0.1        |
|    clip_range_vf        | 0.2        |
|    entropy_loss         | 0.346      |
|    explained_variance   | 0.831      |
|    learning_rate        | 5e-05      |
|    loss                 | 0.757      |
|    n_updates            | 5740       |
|    policy_gradient_loss | -0.00188   |
|    std                  | 0.239      |
|    value_loss           | 0.709      |
----------------------------------------
[HumanoidEnv] Reset state env_id=0 z=0.321 rpy=[-0.000, -0.004, 0.000]
[HumanoidEnv] unhealthy terminate at step=517 z=0.192081 rpy=[-2.34225, -0.286318, -2.41835] v_body=[-5.30823, -4.06107, 3.09734]
PARITY max_torque=23.700 23.700 45.430
PARITY contact_mu=0.450
PARITY body_height=0.320
PARITY Kp_body=100.000 100.000 100.000
PARITY Kd_body=30.000 30.000 30.000
PARITY Kp_ori=100.000 100.000 100.000
PARITY Kd_ori=10.000 10.000 10.000
PARITY Kp_foot=550.000 550.000 550.000
PARITY Kd_foot=10.000 10.000 10.000
PARITY Kp_joint=5.000 5.000 5.000
PARITY Kd_joint=3.000 3.000 3.000
PARITY floating_base_weight=50.000
PARITY control_mode=5.000
------------------------------------------
| rollout/                |              |
|    ep_len_mean          | 350          |
|    ep_rew_mean          | 13.4         |
| time/                   |              |
|    fps                  | 1903         |
|    iterations           | 270          |
|    time_elapsed         | 18588        |
|    total_timesteps      | 35389440     |
| train/                  |              |
|    adaptive_lr          | 5e-05        |
|    approx_kl            | 0.0042078504 |
|    clip_fraction        | 0.218        |
|    clip_range           | 0.1          |
|    clip_range_vf        | 0.2          |
|    entropy_loss         | 0.253        |
|    explained_variance   | 0.823        |
|    learning_rate        | 5e-05        |
|    loss                 | 0.721        |
|    n_updates            | 5750         |
|    policy_gradient_loss | -0.00192     |
|    std                  | 0.24         |
|    value_loss           | 0.704        |
------------------------------------------
[HumanoidEnv] Reset state env_id=0 z=0.299 rpy=[0.000, -0.002, 0.000]
[HumanoidEnv] unhealthy terminate at step=314 z=0.771146 rpy=[0.226732, -0.0433478, -0.273199] v_body=[5.4972, -4.59953, 3.84228]
PARITY max_torque=23.700 23.700 45.430
PARITY contact_mu=0.450
PARITY body_height=0.320
PARITY Kp_body=100.000 100.000 100.000
PARITY Kd_body=30.000 30.000 30.000
PARITY Kp_ori=100.000 100.000 100.000
PARITY Kd_ori=10.000 10.000 10.000
PARITY Kp_foot=550.000 550.000 550.000
PARITY Kd_foot=10.000 10.000 10.000
PARITY Kp_joint=5.000 5.000 5.000
PARITY Kd_joint=3.000 3.000 3.000
PARITY floating_base_weight=50.000
PARITY control_mode=5.000
-----------------------------------------
| rollout/                |             |
|    ep_len_mean          | 346         |
|    ep_rew_mean          | 13.2        |
| time/                   |             |
|    fps                  | 1903        |
|    iterations           | 271         |
|    time_elapsed         | 18657       |
|    total_timesteps      | 35520512    |
| train/                  |             |
|    adaptive_lr          | 5e-05       |
|    approx_kl            | 0.004014127 |
|    clip_fraction        | 0.214       |
|    clip_range           | 0.1         |
|    clip_range_vf        | 0.2         |
|    entropy_loss         | 0.161       |
|    explained_variance   | 0.82        |
|    learning_rate        | 5e-05       |
|    loss                 | 0.885       |
|    n_updates            | 5760        |
|    policy_gradient_loss | -0.00192    |
|    std                  | 0.241       |
|    value_loss           | 0.737       |
-----------------------------------------
[HumanoidEnv] Reset state env_id=0 z=0.276 rpy=[0.002, -0.002, 0.001]
[HumanoidEnv] unhealthy terminate at step=438 z=0.193204 rpy=[0.217509, -0.545408, 1.39987] v_body=[5.26941, 0.0960797, -4.1958]
PARITY max_torque=23.700 23.700 45.430
PARITY contact_mu=0.450
PARITY body_height=0.320
PARITY Kp_body=100.000 100.000 100.000
PARITY Kd_body=30.000 30.000 30.000
PARITY Kp_ori=100.000 100.000 100.000
PARITY Kd_ori=10.000 10.000 10.000
PARITY Kp_foot=550.000 550.000 550.000
PARITY Kd_foot=10.000 10.000 10.000
PARITY Kp_joint=5.000 5.000 5.000
PARITY Kd_joint=3.000 3.000 3.000
PARITY floating_base_weight=50.000
PARITY control_mode=5.000
[HumanoidEnv] Reset state env_id=0 z=0.290 rpy=[0.001, -0.000, 0.001]
[HumanoidEnv] unhealthy terminate at step=421 z=0.767958 rpy=[0.639587, -0.213744, -0.492173] v_body=[-0.390729, -4.0963, 0.16398]
PARITY max_torque=23.700 23.700 45.430
PARITY contact_mu=0.450
PARITY body_height=0.320
PARITY Kp_body=100.000 100.000 100.000
PARITY Kd_body=30.000 30.000 30.000
PARITY Kp_ori=100.000 100.000 100.000
PARITY Kd_ori=10.000 10.000 10.000
PARITY Kp_foot=550.000 550.000 550.000
PARITY Kd_foot=10.000 10.000 10.000
PARITY Kp_joint=5.000 5.000 5.000
PARITY Kd_joint=3.000 3.000 3.000
PARITY floating_base_weight=50.000
PARITY control_mode=5.000
-----------------------------------------
| rollout/                |             |
|    ep_len_mean          | 345         |
|    ep_rew_mean          | 13.3        |
| time/                   |             |
|    fps                  | 1903        |
|    iterations           | 272         |
|    time_elapsed         | 18726       |
|    total_timesteps      | 35651584    |
| train/                  |             |
|    adaptive_lr          | 5e-05       |
|    approx_kl            | 0.003940739 |
|    clip_fraction        | 0.213       |
|    clip_range           | 0.1         |
|    clip_range_vf        | 0.2         |
|    entropy_loss         | 0.0807      |
|    explained_variance   | 0.819       |
|    learning_rate        | 5e-05       |
|    loss                 | 0.586       |
|    n_updates            | 5770        |
|    policy_gradient_loss | -0.00193    |
|    std                  | 0.242       |
|    value_loss           | 0.742       |
-----------------------------------------
[HumanoidEnv] Reset state env_id=0 z=0.325 rpy=[-0.002, -0.002, 0.000]
[HumanoidEnv] unhealthy terminate at step=303 z=0.754921 rpy=[-0.734238, -0.845853, 0.444803] v_body=[-1.51729, 1.52927, -1.62443]
PARITY max_torque=23.700 23.700 45.430
PARITY contact_mu=0.450
PARITY body_height=0.320
PARITY Kp_body=100.000 100.000 100.000
PARITY Kd_body=30.000 30.000 30.000
PARITY Kp_ori=100.000 100.000 100.000
PARITY Kd_ori=10.000 10.000 10.000
PARITY Kp_foot=550.000 550.000 550.000
PARITY Kd_foot=10.000 10.000 10.000
PARITY Kp_joint=5.000 5.000 5.000
PARITY Kd_joint=3.000 3.000 3.000
PARITY floating_base_weight=50.000
PARITY control_mode=5.000
------------------------------------------
| rollout/                |              |
|    ep_len_mean          | 329          |
|    ep_rew_mean          | 12.6         |
| time/                   |              |
|    fps                  | 1903         |
|    iterations           | 273          |
|    time_elapsed         | 18796        |
|    total_timesteps      | 35782656     |
| train/                  |              |
|    adaptive_lr          | 5e-05        |
|    approx_kl            | 0.0039961194 |
|    clip_fraction        | 0.219        |
|    clip_range           | 0.1          |
|    clip_range_vf        | 0.2          |
|    entropy_loss         | -0.0039      |
|    explained_variance   | 0.818        |
|    learning_rate        | 5e-05        |
|    loss                 | 0.605        |
|    n_updates            | 5780         |
|    policy_gradient_loss | -0.00203     |
|    std                  | 0.242        |
|    value_loss           | 0.723        |
------------------------------------------
[HumanoidEnv] Reset state env_id=0 z=0.288 rpy=[0.001, -0.001, 0.000]
[HumanoidEnv] unhealthy terminate at step=267 z=0.199928 rpy=[0.389922, 0.245238, -0.676755] v_body=[-0.203467, -3.42024, -2.17645]
PARITY max_torque=23.700 23.700 45.430
PARITY contact_mu=0.450
PARITY body_height=0.320
PARITY Kp_body=100.000 100.000 100.000
PARITY Kd_body=30.000 30.000 30.000
PARITY Kp_ori=100.000 100.000 100.000
PARITY Kd_ori=10.000 10.000 10.000
PARITY Kp_foot=550.000 550.000 550.000
PARITY Kd_foot=10.000 10.000 10.000
PARITY Kp_joint=5.000 5.000 5.000
PARITY Kd_joint=3.000 3.000 3.000
PARITY floating_base_weight=50.000
PARITY control_mode=5.000
[HumanoidEnv] Reset state env_id=0 z=0.297 rpy=[0.001, -0.002, 0.001]
[HumanoidEnv] unhealthy terminate at step=313 z=0.195228 rpy=[0.0623396, 0.128982, -0.042065] v_body=[2.80717, -0.395942, -1.24837]
PARITY max_torque=23.700 23.700 45.430
PARITY contact_mu=0.450
PARITY body_height=0.320
PARITY Kp_body=100.000 100.000 100.000
PARITY Kd_body=30.000 30.000 30.000
PARITY Kp_ori=100.000 100.000 100.000
PARITY Kd_ori=10.000 10.000 10.000
PARITY Kp_foot=550.000 550.000 550.000
PARITY Kd_foot=10.000 10.000 10.000
PARITY Kp_joint=5.000 5.000 5.000
PARITY Kd_joint=3.000 3.000 3.000
PARITY floating_base_weight=50.000
PARITY control_mode=5.000
------------------------------------------
| rollout/                |              |
|    ep_len_mean          | 338          |
|    ep_rew_mean          | 12.9         |
| time/                   |              |
|    fps                  | 1903         |
|    iterations           | 274          |
|    time_elapsed         | 18865        |
|    total_timesteps      | 35913728     |
| train/                  |              |
|    adaptive_lr          | 5e-05        |
|    approx_kl            | 0.0037922598 |
|    clip_fraction        | 0.206        |
|    clip_range           | 0.1          |
|    clip_range_vf        | 0.2          |
|    entropy_loss         | -0.0792      |
|    explained_variance   | 0.813        |
|    learning_rate        | 5e-05        |
|    loss                 | 0.777        |
|    n_updates            | 5790         |
|    policy_gradient_loss | -0.00169     |
|    std                  | 0.243        |
|    value_loss           | 0.783        |
------------------------------------------
[HumanoidEnv] Reset state env_id=0 z=0.298 rpy=[0.000, -0.001, 0.000]
[HumanoidEnv] unhealthy terminate at step=321 z=0.193733 rpy=[-2.02836, 0.272948, 1.98044] v_body=[-0.436904, 1.60085, 2.01035]
PARITY max_torque=23.700 23.700 45.430
PARITY contact_mu=0.450
PARITY body_height=0.320
PARITY Kp_body=100.000 100.000 100.000
PARITY Kd_body=30.000 30.000 30.000
PARITY Kp_ori=100.000 100.000 100.000
PARITY Kd_ori=10.000 10.000 10.000
PARITY Kp_foot=550.000 550.000 550.000
PARITY Kd_foot=10.000 10.000 10.000
PARITY Kp_joint=5.000 5.000 5.000
PARITY Kd_joint=3.000 3.000 3.000
PARITY floating_base_weight=50.000
PARITY control_mode=5.000
INFO:root:VecNormalize statistics saved at: ./data/gamma4/quadruped_ppo_model_ckpt_36002304_vecnormalize.pkl
INFO:root:Model saved at: ./data/gamma4/quadruped_ppo_model_ckpt_36002304.zip
INFO:root:Checkpoint written at 36002304 timesteps
[HumanoidEnv] Reset state env_id=0 z=0.292 rpy=[0.001, -0.002, 0.000]
[HumanoidEnv] unhealthy terminate at step=350 z=0.76356 rpy=[2.13694, -1.22655, -1.52992] v_body=[-6.99529, 1.4254, 3.38845]
PARITY max_torque=23.700 23.700 45.430
PARITY contact_mu=0.450
PARITY body_height=0.320
PARITY Kp_body=100.000 100.000 100.000
PARITY Kd_body=30.000 30.000 30.000
PARITY Kp_ori=100.000 100.000 100.000
PARITY Kd_ori=10.000 10.000 10.000
PARITY Kp_foot=550.000 550.000 550.000
PARITY Kd_foot=10.000 10.000 10.000
PARITY Kp_joint=5.000 5.000 5.000
PARITY Kd_joint=3.000 3.000 3.000
PARITY floating_base_weight=50.000
PARITY control_mode=5.000
-----------------------------------------
| rollout/                |             |
|    ep_len_mean          | 332         |
|    ep_rew_mean          | 12.8        |
| time/                   |             |
|    fps                  | 1903        |
|    iterations           | 275         |
|    time_elapsed         | 18934       |
|    total_timesteps      | 36044800    |
| train/                  |             |
|    adaptive_lr          | 5e-05       |
|    approx_kl            | 0.004022438 |
|    clip_fraction        | 0.215       |
|    clip_range           | 0.1         |
|    clip_range_vf        | 0.2         |
|    entropy_loss         | -0.162      |
|    explained_variance   | 0.818       |
|    learning_rate        | 5e-05       |
|    loss                 | 0.64        |
|    n_updates            | 5800        |
|    policy_gradient_loss | -0.002      |
|    std                  | 0.244       |
|    value_loss           | 0.762       |
-----------------------------------------
[HumanoidEnv] Reset state env_id=0 z=0.272 rpy=[-0.001, -0.001, 0.001]
[HumanoidEnv] unhealthy terminate at step=382 z=0.198487 rpy=[-0.0642717, -0.203978, 2.00255] v_body=[6.42748, 3.44575, -0.747272]
PARITY max_torque=23.700 23.700 45.430
PARITY contact_mu=0.450
PARITY body_height=0.320
PARITY Kp_body=100.000 100.000 100.000
PARITY Kd_body=30.000 30.000 30.000
PARITY Kp_ori=100.000 100.000 100.000
PARITY Kd_ori=10.000 10.000 10.000
PARITY Kp_foot=550.000 550.000 550.000
PARITY Kd_foot=10.000 10.000 10.000
PARITY Kp_joint=5.000 5.000 5.000
PARITY Kd_joint=3.000 3.000 3.000
PARITY floating_base_weight=50.000
PARITY control_mode=5.000
-----------------------------------------
| rollout/                |             |
|    ep_len_mean          | 341         |
|    ep_rew_mean          | 13.1        |
| time/                   |             |
|    fps                  | 1903        |
|    iterations           | 276         |
|    time_elapsed         | 19003       |
|    total_timesteps      | 36175872    |
| train/                  |             |
|    adaptive_lr          | 5e-05       |
|    approx_kl            | 0.003931849 |
|    clip_fraction        | 0.211       |
|    clip_range           | 0.1         |
|    clip_range_vf        | 0.2         |
|    entropy_loss         | -0.243      |
|    explained_variance   | 0.829       |
|    learning_rate        | 5e-05       |
|    loss                 | 0.789       |
|    n_updates            | 5810        |
|    policy_gradient_loss | -0.00171    |
|    std                  | 0.245       |
|    value_loss           | 0.766       |
-----------------------------------------
[HumanoidEnv] Reset state env_id=0 z=0.316 rpy=[-0.003, -0.004, 0.000]
[HumanoidEnv] unhealthy terminate at step=470 z=0.188828 rpy=[0.466182, 0.0292452, 1.08656] v_body=[1.78259, -2.59002, -2.86592]
PARITY max_torque=23.700 23.700 45.430
PARITY contact_mu=0.450
PARITY body_height=0.320
PARITY Kp_body=100.000 100.000 100.000
PARITY Kd_body=30.000 30.000 30.000
PARITY Kp_ori=100.000 100.000 100.000
PARITY Kd_ori=10.000 10.000 10.000
PARITY Kp_foot=550.000 550.000 550.000
PARITY Kd_foot=10.000 10.000 10.000
PARITY Kp_joint=5.000 5.000 5.000
PARITY Kd_joint=3.000 3.000 3.000
PARITY floating_base_weight=50.000
PARITY control_mode=5.000
------------------------------------------
| rollout/                |              |
|    ep_len_mean          | 341          |
|    ep_rew_mean          | 13           |
| time/                   |              |
|    fps                  | 1903         |
|    iterations           | 277          |
|    time_elapsed         | 19072        |
|    total_timesteps      | 36306944     |
| train/                  |              |
|    adaptive_lr          | 5e-05        |
|    approx_kl            | 0.0039553978 |
|    clip_fraction        | 0.213        |
|    clip_range           | 0.1          |
|    clip_range_vf        | 0.2          |
|    entropy_loss         | -0.325       |
|    explained_variance   | 0.817        |
|    learning_rate        | 5e-05        |
|    loss                 | 0.811        |
|    n_updates            | 5820         |
|    policy_gradient_loss | -0.00202     |
|    std                  | 0.246        |
|    value_loss           | 0.764        |
------------------------------------------
[HumanoidEnv] Reset state env_id=0 z=0.289 rpy=[-0.002, -0.000, 0.001]
[HumanoidEnv] unhealthy terminate at step=344 z=0.179332 rpy=[0.048679, 0.0679246, -2.2303] v_body=[3.78737, -4.57786, -3.38009]
PARITY max_torque=23.700 23.700 45.430
PARITY contact_mu=0.450
PARITY body_height=0.320
PARITY Kp_body=100.000 100.000 100.000
PARITY Kd_body=30.000 30.000 30.000
PARITY Kp_ori=100.000 100.000 100.000
PARITY Kd_ori=10.000 10.000 10.000
PARITY Kp_foot=550.000 550.000 550.000
PARITY Kd_foot=10.000 10.000 10.000
PARITY Kp_joint=5.000 5.000 5.000
PARITY Kd_joint=3.000 3.000 3.000
PARITY floating_base_weight=50.000
PARITY control_mode=5.000
[HumanoidEnv] Reset state env_id=0 z=0.301 rpy=[0.002, -0.003, -0.000]
[HumanoidEnv] unhealthy terminate at step=276 z=0.192729 rpy=[-0.417144, -0.381303, 0.0746452] v_body=[-3.00453, 1.10088, -3.85801]
PARITY max_torque=23.700 23.700 45.430
PARITY contact_mu=0.450
PARITY body_height=0.320
PARITY Kp_body=100.000 100.000 100.000
PARITY Kd_body=30.000 30.000 30.000
PARITY Kp_ori=100.000 100.000 100.000
PARITY Kd_ori=10.000 10.000 10.000
PARITY Kp_foot=550.000 550.000 550.000
PARITY Kd_foot=10.000 10.000 10.000
PARITY Kp_joint=5.000 5.000 5.000
PARITY Kd_joint=3.000 3.000 3.000
PARITY floating_base_weight=50.000
PARITY control_mode=5.000
------------------------------------------
| rollout/                |              |
|    ep_len_mean          | 324          |
|    ep_rew_mean          | 12.4         |
| time/                   |              |
|    fps                  | 1903         |
|    iterations           | 278          |
|    time_elapsed         | 19141        |
|    total_timesteps      | 36438016     |
| train/                  |              |
|    adaptive_lr          | 5e-05        |
|    approx_kl            | 0.0038674977 |
|    clip_fraction        | 0.208        |
|    clip_range           | 0.1          |
|    clip_range_vf        | 0.2          |
|    entropy_loss         | -0.404       |
|    explained_variance   | 0.825        |
|    learning_rate        | 5e-05        |
|    loss                 | 0.622        |
|    n_updates            | 5830         |
|    policy_gradient_loss | -0.0019      |
|    std                  | 0.246        |
|    value_loss           | 0.743        |
------------------------------------------
[HumanoidEnv] Reset state env_id=0 z=0.280 rpy=[0.001, 0.000, 0.000]
[HumanoidEnv] unhealthy terminate at step=337 z=0.198966 rpy=[0.698173, 0.105541, -1.52238] v_body=[-1.06998, 3.49217, -2.34016]
PARITY max_torque=23.700 23.700 45.430
PARITY contact_mu=0.450
PARITY body_height=0.320
PARITY Kp_body=100.000 100.000 100.000
PARITY Kd_body=30.000 30.000 30.000
PARITY Kp_ori=100.000 100.000 100.000
PARITY Kd_ori=10.000 10.000 10.000
PARITY Kp_foot=550.000 550.000 550.000
PARITY Kd_foot=10.000 10.000 10.000
PARITY Kp_joint=5.000 5.000 5.000
PARITY Kd_joint=3.000 3.000 3.000
PARITY floating_base_weight=50.000
PARITY control_mode=5.000
-----------------------------------------
| rollout/                |             |
|    ep_len_mean          | 338         |
|    ep_rew_mean          | 12.9        |
| time/                   |             |
|    fps                  | 1903        |
|    iterations           | 279         |
|    time_elapsed         | 19210       |
|    total_timesteps      | 36569088    |
| train/                  |             |
|    adaptive_lr          | 5e-05       |
|    approx_kl            | 0.003930842 |
|    clip_fraction        | 0.209       |
|    clip_range           | 0.1         |
|    clip_range_vf        | 0.2         |
|    entropy_loss         | -0.487      |
|    explained_variance   | 0.813       |
|    learning_rate        | 5e-05       |
|    loss                 | 0.747       |
|    n_updates            | 5840        |
|    policy_gradient_loss | -0.00189    |
|    std                  | 0.247       |
|    value_loss           | 0.762       |
-----------------------------------------
[HumanoidEnv] Reset state env_id=0 z=0.322 rpy=[0.000, -0.001, 0.000]
[HumanoidEnv] unhealthy terminate at step=418 z=0.784865 rpy=[0.612234, -0.484254, -0.483178] v_body=[-8.13687, -3.1891, -2.35679]
PARITY max_torque=23.700 23.700 45.430
PARITY contact_mu=0.450
PARITY body_height=0.320
PARITY Kp_body=100.000 100.000 100.000
PARITY Kd_body=30.000 30.000 30.000
PARITY Kp_ori=100.000 100.000 100.000
PARITY Kd_ori=10.000 10.000 10.000
PARITY Kp_foot=550.000 550.000 550.000
PARITY Kd_foot=10.000 10.000 10.000
PARITY Kp_joint=5.000 5.000 5.000
PARITY Kd_joint=3.000 3.000 3.000
PARITY floating_base_weight=50.000
PARITY control_mode=5.000
-----------------------------------------
| rollout/                |             |
|    ep_len_mean          | 340         |
|    ep_rew_mean          | 12.9        |
| time/                   |             |
|    fps                  | 1903        |
|    iterations           | 280         |
|    time_elapsed         | 19279       |
|    total_timesteps      | 36700160    |
| train/                  |             |
|    adaptive_lr          | 5e-05       |
|    approx_kl            | 0.004004768 |
|    clip_fraction        | 0.21        |
|    clip_range           | 0.1         |
|    clip_range_vf        | 0.2         |
|    entropy_loss         | -0.585      |
|    explained_variance   | 0.806       |
|    learning_rate        | 5e-05       |
|    loss                 | 0.868       |
|    n_updates            | 5850        |
|    policy_gradient_loss | -0.00191    |
|    std                  | 0.248       |
|    value_loss           | 0.757       |
-----------------------------------------
[HumanoidEnv] Reset state env_id=0 z=0.296 rpy=[-0.000, -0.002, 0.000]
[HumanoidEnv] unhealthy terminate at step=428 z=0.767415 rpy=[-1.1275, 0.333706, 1.72488] v_body=[-2.36591, 8.70634, 0.273214]
PARITY max_torque=23.700 23.700 45.430
PARITY contact_mu=0.450
PARITY body_height=0.320
PARITY Kp_body=100.000 100.000 100.000
PARITY Kd_body=30.000 30.000 30.000
PARITY Kp_ori=100.000 100.000 100.000
PARITY Kd_ori=10.000 10.000 10.000
PARITY Kp_foot=550.000 550.000 550.000
PARITY Kd_foot=10.000 10.000 10.000
PARITY Kp_joint=5.000 5.000 5.000
PARITY Kd_joint=3.000 3.000 3.000
PARITY floating_base_weight=50.000
PARITY control_mode=5.000
[HumanoidEnv] Reset state env_id=0 z=0.307 rpy=[-0.002, -0.002, 0.000]
[HumanoidEnv] unhealthy terminate at step=268 z=0.186243 rpy=[0.0303471, 0.113798, 0.2033] v_body=[-1.6773, 1.70738, -1.6452]
PARITY max_torque=23.700 23.700 45.430
PARITY contact_mu=0.450
PARITY body_height=0.320
PARITY Kp_body=100.000 100.000 100.000
PARITY Kd_body=30.000 30.000 30.000
PARITY Kp_ori=100.000 100.000 100.000
PARITY Kd_ori=10.000 10.000 10.000
PARITY Kp_foot=550.000 550.000 550.000
PARITY Kd_foot=10.000 10.000 10.000
PARITY Kp_joint=5.000 5.000 5.000
PARITY Kd_joint=3.000 3.000 3.000
PARITY floating_base_weight=50.000
PARITY control_mode=5.000
------------------------------------------
| rollout/                |              |
|    ep_len_mean          | 343          |
|    ep_rew_mean          | 13.3         |
| time/                   |              |
|    fps                  | 1903         |
|    iterations           | 281          |
|    time_elapsed         | 19348        |
|    total_timesteps      | 36831232     |
| train/                  |              |
|    adaptive_lr          | 5e-05        |
|    approx_kl            | 0.0039671445 |
|    clip_fraction        | 0.211        |
|    clip_range           | 0.1          |
|    clip_range_vf        | 0.2          |
|    entropy_loss         | -0.672       |
|    explained_variance   | 0.807        |
|    learning_rate        | 5e-05        |
|    loss                 | 0.792        |
|    n_updates            | 5860         |
|    policy_gradient_loss | -0.00186     |
|    std                  | 0.249        |
|    value_loss           | 0.791        |
------------------------------------------
[HumanoidEnv] Reset state env_id=0 z=0.328 rpy=[0.000, -0.003, 0.000]
[HumanoidEnv] unhealthy terminate at step=296 z=0.776406 rpy=[-0.389174, -0.137815, 0.148036] v_body=[5.26202, 3.23917, 3.57303]
PARITY max_torque=23.700 23.700 45.430
PARITY contact_mu=0.450
PARITY body_height=0.320
PARITY Kp_body=100.000 100.000 100.000
PARITY Kd_body=30.000 30.000 30.000
PARITY Kp_ori=100.000 100.000 100.000
PARITY Kd_ori=10.000 10.000 10.000
PARITY Kp_foot=550.000 550.000 550.000
PARITY Kd_foot=10.000 10.000 10.000
PARITY Kp_joint=5.000 5.000 5.000
PARITY Kd_joint=3.000 3.000 3.000
PARITY floating_base_weight=50.000
PARITY control_mode=5.000
[HumanoidEnv] Reset state env_id=0 z=0.280 rpy=[-0.002, 0.001, 0.001]
[HumanoidEnv] unhealthy terminate at step=346 z=0.190999 rpy=[0.0834705, 0.337171, -0.258423] v_body=[0.403994, -2.39759, -2.33379]
PARITY max_torque=23.700 23.700 45.430
PARITY contact_mu=0.450
PARITY body_height=0.320
PARITY Kp_body=100.000 100.000 100.000
PARITY Kd_body=30.000 30.000 30.000
PARITY Kp_ori=100.000 100.000 100.000
PARITY Kd_ori=10.000 10.000 10.000
PARITY Kp_foot=550.000 550.000 550.000
PARITY Kd_foot=10.000 10.000 10.000
PARITY Kp_joint=5.000 5.000 5.000
PARITY Kd_joint=3.000 3.000 3.000
PARITY floating_base_weight=50.000
PARITY control_mode=5.000
----------------------------------------
| rollout/                |            |
|    ep_len_mean          | 325        |
|    ep_rew_mean          | 12.6       |
| time/                   |            |
|    fps                  | 1903       |
|    iterations           | 282        |
|    time_elapsed         | 19417      |
|    total_timesteps      | 36962304   |
| train/                  |            |
|    adaptive_lr          | 5e-05      |
|    approx_kl            | 0.00392572 |
|    clip_fraction        | 0.21       |
|    clip_range           | 0.1        |
|    clip_range_vf        | 0.2        |
|    entropy_loss         | -0.753     |
|    explained_variance   | 0.803      |
|    learning_rate        | 5e-05      |
|    loss                 | 0.656      |
|    n_updates            | 5870       |
|    policy_gradient_loss | -0.00185   |
|    std                  | 0.25       |
|    value_loss           | 0.741      |
----------------------------------------
[HumanoidEnv] Reset state env_id=0 z=0.298 rpy=[-0.001, 0.000, 0.000]
[HumanoidEnv] unhealthy terminate at step=385 z=0.760997 rpy=[0.590933, -0.61782, -0.53479] v_body=[-7.19877, -2.57731, -1.94644]
PARITY max_torque=23.700 23.700 45.430
PARITY contact_mu=0.450
PARITY body_height=0.320
PARITY Kp_body=100.000 100.000 100.000
PARITY Kd_body=30.000 30.000 30.000
PARITY Kp_ori=100.000 100.000 100.000
PARITY Kd_ori=10.000 10.000 10.000
PARITY Kp_foot=550.000 550.000 550.000
PARITY Kd_foot=10.000 10.000 10.000
PARITY Kp_joint=5.000 5.000 5.000
PARITY Kd_joint=3.000 3.000 3.000
PARITY floating_base_weight=50.000
PARITY control_mode=5.000
----------------------------------------
| rollout/                |            |
|    ep_len_mean          | 326        |
|    ep_rew_mean          | 12.4       |
| time/                   |            |
|    fps                  | 1903       |
|    iterations           | 283        |
|    time_elapsed         | 19486      |
|    total_timesteps      | 37093376   |
| train/                  |            |
|    adaptive_lr          | 5e-05      |
|    approx_kl            | 0.00400413 |
|    clip_fraction        | 0.213      |
|    clip_range           | 0.1        |
|    clip_range_vf        | 0.2        |
|    entropy_loss         | -0.835     |
|    explained_variance   | 0.817      |
|    learning_rate        | 5e-05      |
|    loss                 | 0.638      |
|    n_updates            | 5880       |
|    policy_gradient_loss | -0.00213   |
|    std                  | 0.251      |
|    value_loss           | 0.761      |
----------------------------------------
[HumanoidEnv] Reset state env_id=0 z=0.304 rpy=[0.001, -0.003, -0.000]
[HumanoidEnv] unhealthy terminate at step=276 z=0.757781 rpy=[0.37296, 0.86742, -2.68899] v_body=[-10.4845, 3.75899, -8.89076]
PARITY max_torque=23.700 23.700 45.430
PARITY contact_mu=0.450
PARITY body_height=0.320
PARITY Kp_body=100.000 100.000 100.000
PARITY Kd_body=30.000 30.000 30.000
PARITY Kp_ori=100.000 100.000 100.000
PARITY Kd_ori=10.000 10.000 10.000
PARITY Kp_foot=550.000 550.000 550.000
PARITY Kd_foot=10.000 10.000 10.000
PARITY Kp_joint=5.000 5.000 5.000
PARITY Kd_joint=3.000 3.000 3.000
PARITY floating_base_weight=50.000
PARITY control_mode=5.000
------------------------------------------
| rollout/                |              |
|    ep_len_mean          | 355          |
|    ep_rew_mean          | 13.4         |
| time/                   |              |
|    fps                  | 1903         |
|    iterations           | 284          |
|    time_elapsed         | 19555        |
|    total_timesteps      | 37224448     |
| train/                  |              |
|    adaptive_lr          | 5e-05        |
|    approx_kl            | 0.0037340515 |
|    clip_fraction        | 0.209        |
|    clip_range           | 0.1          |
|    clip_range_vf        | 0.2          |
|    entropy_loss         | -0.921       |
|    explained_variance   | 0.81         |
|    learning_rate        | 5e-05        |
|    loss                 | 0.738        |
|    n_updates            | 5890         |
|    policy_gradient_loss | -0.00196     |
|    std                  | 0.252        |
|    value_loss           | 0.77         |
------------------------------------------
[HumanoidEnv] Reset state env_id=0 z=0.289 rpy=[-0.002, 0.000, 0.001]
[HumanoidEnv] unhealthy terminate at step=429 z=0.190851 rpy=[0.264443, -0.0319882, -0.0727602] v_body=[2.68892, -2.00234, -2.16009]
PARITY max_torque=23.700 23.700 45.430
PARITY contact_mu=0.450
PARITY body_height=0.320
PARITY Kp_body=100.000 100.000 100.000
PARITY Kd_body=30.000 30.000 30.000
PARITY Kp_ori=100.000 100.000 100.000
PARITY Kd_ori=10.000 10.000 10.000
PARITY Kp_foot=550.000 550.000 550.000
PARITY Kd_foot=10.000 10.000 10.000
PARITY Kp_joint=5.000 5.000 5.000
PARITY Kd_joint=3.000 3.000 3.000
PARITY floating_base_weight=50.000
PARITY control_mode=5.000
[HumanoidEnv] Reset state env_id=0 z=0.310 rpy=[0.000, -0.003, 0.000]
[HumanoidEnv] unhealthy terminate at step=277 z=0.762081 rpy=[1.08433, -0.0145559, -0.553377] v_body=[0.636865, -5.97827, -2.90635]
PARITY max_torque=23.700 23.700 45.430
PARITY contact_mu=0.450
PARITY body_height=0.320
PARITY Kp_body=100.000 100.000 100.000
PARITY Kd_body=30.000 30.000 30.000
PARITY Kp_ori=100.000 100.000 100.000
PARITY Kd_ori=10.000 10.000 10.000
PARITY Kp_foot=550.000 550.000 550.000
PARITY Kd_foot=10.000 10.000 10.000
PARITY Kp_joint=5.000 5.000 5.000
PARITY Kd_joint=3.000 3.000 3.000
PARITY floating_base_weight=50.000
PARITY control_mode=5.000
------------------------------------------
| rollout/                |              |
|    ep_len_mean          | 349          |
|    ep_rew_mean          | 12.9         |
| time/                   |              |
|    fps                  | 1903         |
|    iterations           | 285          |
|    time_elapsed         | 19624        |
|    total_timesteps      | 37355520     |
| train/                  |              |
|    adaptive_lr          | 5e-05        |
|    approx_kl            | 0.0038046055 |
|    clip_fraction        | 0.21         |
|    clip_range           | 0.1          |
|    clip_range_vf        | 0.2          |
|    entropy_loss         | -0.999       |
|    explained_variance   | 0.821        |
|    learning_rate        | 5e-05        |
|    loss                 | 0.679        |
|    n_updates            | 5900         |
|    policy_gradient_loss | -0.00209     |
|    std                  | 0.252        |
|    value_loss           | 0.745        |
------------------------------------------
[HumanoidEnv] Reset state env_id=0 z=0.312 rpy=[-0.003, -0.003, 0.000]
[HumanoidEnv] unhealthy terminate at step=271 z=0.193291 rpy=[2.03848, -0.281447, -2.05135] v_body=[3.14294, -1.50995, -4.00077]
PARITY max_torque=23.700 23.700 45.430
PARITY contact_mu=0.450
PARITY body_height=0.320
PARITY Kp_body=100.000 100.000 100.000
PARITY Kd_body=30.000 30.000 30.000
PARITY Kp_ori=100.000 100.000 100.000
PARITY Kd_ori=10.000 10.000 10.000
PARITY Kp_foot=550.000 550.000 550.000
PARITY Kd_foot=10.000 10.000 10.000
PARITY Kp_joint=5.000 5.000 5.000
PARITY Kd_joint=3.000 3.000 3.000
PARITY floating_base_weight=50.000
PARITY control_mode=5.000
[HumanoidEnv] Reset state env_id=0 z=0.317 rpy=[-0.001, -0.002, -0.000]
[HumanoidEnv] unhealthy terminate at step=374 z=0.758641 rpy=[-0.567271, -0.729346, 0.408518] v_body=[-2.02118, 3.36113, -0.7426]
PARITY max_torque=23.700 23.700 45.430
PARITY contact_mu=0.450
PARITY body_height=0.320
PARITY Kp_body=100.000 100.000 100.000
PARITY Kd_body=30.000 30.000 30.000
PARITY Kp_ori=100.000 100.000 100.000
PARITY Kd_ori=10.000 10.000 10.000
PARITY Kp_foot=550.000 550.000 550.000
PARITY Kd_foot=10.000 10.000 10.000
PARITY Kp_joint=5.000 5.000 5.000
PARITY Kd_joint=3.000 3.000 3.000
PARITY floating_base_weight=50.000
PARITY control_mode=5.000
------------------------------------------
| rollout/                |              |
|    ep_len_mean          | 349          |
|    ep_rew_mean          | 12.9         |
| time/                   |              |
|    fps                  | 1903         |
|    iterations           | 286          |
|    time_elapsed         | 19692        |
|    total_timesteps      | 37486592     |
| train/                  |              |
|    adaptive_lr          | 5e-05        |
|    approx_kl            | 0.0039581386 |
|    clip_fraction        | 0.211        |
|    clip_range           | 0.1          |
|    clip_range_vf        | 0.2          |
|    entropy_loss         | -1.08        |
|    explained_variance   | 0.823        |
|    learning_rate        | 5e-05        |
|    loss                 | 0.647        |
|    n_updates            | 5910         |
|    policy_gradient_loss | -0.00216     |
|    std                  | 0.253        |
|    value_loss           | 0.758        |
------------------------------------------
[HumanoidEnv] Reset state env_id=0 z=0.290 rpy=[-0.002, -0.001, 0.001]
[HumanoidEnv] unhealthy terminate at step=252 z=0.198432 rpy=[-0.0109481, 0.367916, -0.0538449] v_body=[-0.759599, -1.64001, -0.0834667]
PARITY max_torque=23.700 23.700 45.430
PARITY contact_mu=0.450
PARITY body_height=0.320
PARITY Kp_body=100.000 100.000 100.000
PARITY Kd_body=30.000 30.000 30.000
PARITY Kp_ori=100.000 100.000 100.000
PARITY Kd_ori=10.000 10.000 10.000
PARITY Kp_foot=550.000 550.000 550.000
PARITY Kd_foot=10.000 10.000 10.000
PARITY Kp_joint=5.000 5.000 5.000
PARITY Kd_joint=3.000 3.000 3.000
PARITY floating_base_weight=50.000
PARITY control_mode=5.000
[HumanoidEnv] Reset state env_id=0 z=0.279 rpy=[0.001, -0.001, 0.001]
[HumanoidEnv] unhealthy terminate at step=309 z=0.19223 rpy=[-1.99324, -0.544476, 2.72193] v_body=[1.70406, 0.0166793, 0.264167]
PARITY max_torque=23.700 23.700 45.430
PARITY contact_mu=0.450
PARITY body_height=0.320
PARITY Kp_body=100.000 100.000 100.000
PARITY Kd_body=30.000 30.000 30.000
PARITY Kp_ori=100.000 100.000 100.000
PARITY Kd_ori=10.000 10.000 10.000
PARITY Kp_foot=550.000 550.000 550.000
PARITY Kd_foot=10.000 10.000 10.000
PARITY Kp_joint=5.000 5.000 5.000
PARITY Kd_joint=3.000 3.000 3.000
PARITY floating_base_weight=50.000
PARITY control_mode=5.000
-----------------------------------------
| rollout/                |             |
|    ep_len_mean          | 354         |
|    ep_rew_mean          | 13.2        |
| time/                   |             |
|    fps                  | 1903        |
|    iterations           | 287         |
|    time_elapsed         | 19761       |
|    total_timesteps      | 37617664    |
| train/                  |             |
|    adaptive_lr          | 5e-05       |
|    approx_kl            | 0.003953944 |
|    clip_fraction        | 0.209       |
|    clip_range           | 0.1         |
|    clip_range_vf        | 0.2         |
|    entropy_loss         | -1.16       |
|    explained_variance   | 0.837       |
|    learning_rate        | 5e-05       |
|    loss                 | 0.65        |
|    n_updates            | 5920        |
|    policy_gradient_loss | -0.00187    |
|    std                  | 0.254       |
|    value_loss           | 0.709       |
-----------------------------------------
[HumanoidEnv] Reset state env_id=0 z=0.321 rpy=[0.002, -0.003, 0.000]
[HumanoidEnv] unhealthy terminate at step=260 z=0.185802 rpy=[-0.20938, -0.0491128, 0.225974] v_body=[-0.379102, -0.161081, -1.57808]
PARITY max_torque=23.700 23.700 45.430
PARITY contact_mu=0.450
PARITY body_height=0.320
PARITY Kp_body=100.000 100.000 100.000
PARITY Kd_body=30.000 30.000 30.000
PARITY Kp_ori=100.000 100.000 100.000
PARITY Kd_ori=10.000 10.000 10.000
PARITY Kp_foot=550.000 550.000 550.000
PARITY Kd_foot=10.000 10.000 10.000
PARITY Kp_joint=5.000 5.000 5.000
PARITY Kd_joint=3.000 3.000 3.000
PARITY floating_base_weight=50.000
PARITY control_mode=5.000
------------------------------------------
| rollout/                |              |
|    ep_len_mean          | 358          |
|    ep_rew_mean          | 13.3         |
| time/                   |              |
|    fps                  | 1903         |
|    iterations           | 288          |
|    time_elapsed         | 19830        |
|    total_timesteps      | 37748736     |
| train/                  |              |
|    adaptive_lr          | 5e-05        |
|    approx_kl            | 0.0040154476 |
|    clip_fraction        | 0.212        |
|    clip_range           | 0.1          |
|    clip_range_vf        | 0.2          |
|    entropy_loss         | -1.25        |
|    explained_variance   | 0.831        |
|    learning_rate        | 5e-05        |
|    loss                 | 0.752        |
|    n_updates            | 5930         |
|    policy_gradient_loss | -0.00219     |
|    std                  | 0.255        |
|    value_loss           | 0.734        |
------------------------------------------
[HumanoidEnv] Reset state env_id=0 z=0.305 rpy=[-0.002, -0.004, 0.000]
[HumanoidEnv] unhealthy terminate at step=419 z=0.176492 rpy=[-2.53942, -0.385984, -3.0367] v_body=[9.32662, 3.12625, -0.706672]
PARITY max_torque=23.700 23.700 45.430
PARITY contact_mu=0.450
PARITY body_height=0.320
PARITY Kp_body=100.000 100.000 100.000
PARITY Kd_body=30.000 30.000 30.000
PARITY Kp_ori=100.000 100.000 100.000
PARITY Kd_ori=10.000 10.000 10.000
PARITY Kp_foot=550.000 550.000 550.000
PARITY Kd_foot=10.000 10.000 10.000
PARITY Kp_joint=5.000 5.000 5.000
PARITY Kd_joint=3.000 3.000 3.000
PARITY floating_base_weight=50.000
PARITY control_mode=5.000
------------------------------------------
| rollout/                |              |
|    ep_len_mean          | 353          |
|    ep_rew_mean          | 13.3         |
| time/                   |              |
|    fps                  | 1903         |
|    iterations           | 289          |
|    time_elapsed         | 19898        |
|    total_timesteps      | 37879808     |
| train/                  |              |
|    adaptive_lr          | 5e-05        |
|    approx_kl            | 0.0038383794 |
|    clip_fraction        | 0.209        |
|    clip_range           | 0.1          |
|    clip_range_vf        | 0.2          |
|    entropy_loss         | -1.33        |
|    explained_variance   | 0.84         |
|    learning_rate        | 5e-05        |
|    loss                 | 0.83         |
|    n_updates            | 5940         |
|    policy_gradient_loss | -0.00196     |
|    std                  | 0.256        |
|    value_loss           | 0.726        |
------------------------------------------
[HumanoidEnv] Reset state env_id=0 z=0.290 rpy=[0.002, -0.002, 0.000]
[HumanoidEnv] unhealthy terminate at step=389 z=0.19257 rpy=[2.74016, 0.0637181, 1.89022] v_body=[5.50765, 7.21105, 3.94991]
PARITY max_torque=23.700 23.700 45.430
PARITY contact_mu=0.450
PARITY body_height=0.320
PARITY Kp_body=100.000 100.000 100.000
PARITY Kd_body=30.000 30.000 30.000
PARITY Kp_ori=100.000 100.000 100.000
PARITY Kd_ori=10.000 10.000 10.000
PARITY Kp_foot=550.000 550.000 550.000
PARITY Kd_foot=10.000 10.000 10.000
PARITY Kp_joint=5.000 5.000 5.000
PARITY Kd_joint=3.000 3.000 3.000
PARITY floating_base_weight=50.000
PARITY control_mode=5.000
INFO:root:VecNormalize statistics saved at: ./data/gamma4/quadruped_ppo_model_ckpt_38002432_vecnormalize.pkl
INFO:root:Model saved at: ./data/gamma4/quadruped_ppo_model_ckpt_38002432.zip
INFO:root:Checkpoint written at 38002432 timesteps
[HumanoidEnv] Reset state env_id=0 z=0.280 rpy=[-0.000, 0.000, 0.001]
[HumanoidEnv] unhealthy terminate at step=484 z=0.187592 rpy=[1.22097, -0.397233, 1.05102] v_body=[-2.51281, 2.57774, 1.03944]
PARITY max_torque=23.700 23.700 45.430
PARITY contact_mu=0.450
PARITY body_height=0.320
PARITY Kp_body=100.000 100.000 100.000
PARITY Kd_body=30.000 30.000 30.000
PARITY Kp_ori=100.000 100.000 100.000
PARITY Kd_ori=10.000 10.000 10.000
PARITY Kp_foot=550.000 550.000 550.000
PARITY Kd_foot=10.000 10.000 10.000
PARITY Kp_joint=5.000 5.000 5.000
PARITY Kd_joint=3.000 3.000 3.000
PARITY floating_base_weight=50.000
PARITY control_mode=5.000
-----------------------------------------
| rollout/                |             |
|    ep_len_mean          | 348         |
|    ep_rew_mean          | 12.9        |
| time/                   |             |
|    fps                  | 1903        |
|    iterations           | 290         |
|    time_elapsed         | 19968       |
|    total_timesteps      | 38010880    |
| train/                  |             |
|    adaptive_lr          | 5e-05       |
|    approx_kl            | 0.004028717 |
|    clip_fraction        | 0.212       |
|    clip_range           | 0.1         |
|    clip_range_vf        | 0.2         |
|    entropy_loss         | -1.42       |
|    explained_variance   | 0.841       |
|    learning_rate        | 5e-05       |
|    loss                 | 0.584       |
|    n_updates            | 5950        |
|    policy_gradient_loss | -0.00184    |
|    std                  | 0.257       |
|    value_loss           | 0.708       |
-----------------------------------------
[HumanoidEnv] Reset state env_id=0 z=0.280 rpy=[0.002, -0.002, 0.001]
[HumanoidEnv] unhealthy terminate at step=282 z=0.778507 rpy=[-0.438621, -0.483454, 0.20211] v_body=[1.59929, 4.56567, 2.62676]
PARITY max_torque=23.700 23.700 45.430
PARITY contact_mu=0.450
PARITY body_height=0.320
PARITY Kp_body=100.000 100.000 100.000
PARITY Kd_body=30.000 30.000 30.000
PARITY Kp_ori=100.000 100.000 100.000
PARITY Kd_ori=10.000 10.000 10.000
PARITY Kp_foot=550.000 550.000 550.000
PARITY Kd_foot=10.000 10.000 10.000
PARITY Kp_joint=5.000 5.000 5.000
PARITY Kd_joint=3.000 3.000 3.000
PARITY floating_base_weight=50.000
PARITY control_mode=5.000
-----------------------------------------
| rollout/                |             |
|    ep_len_mean          | 360         |
|    ep_rew_mean          | 13.4        |
| time/                   |             |
|    fps                  | 1903        |
|    iterations           | 291         |
|    time_elapsed         | 20037       |
|    total_timesteps      | 38141952    |
| train/                  |             |
|    adaptive_lr          | 5e-05       |
|    approx_kl            | 0.004035597 |
|    clip_fraction        | 0.213       |
|    clip_range           | 0.1         |
|    clip_range_vf        | 0.2         |
|    entropy_loss         | -1.5        |
|    explained_variance   | 0.833       |
|    learning_rate        | 5e-05       |
|    loss                 | 0.606       |
|    n_updates            | 5960        |
|    policy_gradient_loss | -0.00211    |
|    std                  | 0.257       |
|    value_loss           | 0.73        |
-----------------------------------------
[HumanoidEnv] Reset state env_id=0 z=0.276 rpy=[0.002, -0.001, 0.001]
[HumanoidEnv] unhealthy terminate at step=436 z=0.753017 rpy=[-0.669342, 0.413584, 1.64944] v_body=[-2.28534, -2.98624, 2.00109]
PARITY max_torque=23.700 23.700 45.430
PARITY contact_mu=0.450
PARITY body_height=0.320
PARITY Kp_body=100.000 100.000 100.000
PARITY Kd_body=30.000 30.000 30.000
PARITY Kp_ori=100.000 100.000 100.000
PARITY Kd_ori=10.000 10.000 10.000
PARITY Kp_foot=550.000 550.000 550.000
PARITY Kd_foot=10.000 10.000 10.000
PARITY Kp_joint=5.000 5.000 5.000
PARITY Kd_joint=3.000 3.000 3.000
PARITY floating_base_weight=50.000
PARITY control_mode=5.000
[HumanoidEnv] Reset state env_id=0 z=0.286 rpy=[-0.002, -0.000, 0.001]
[HumanoidEnv] unhealthy terminate at step=304 z=0.753355 rpy=[-0.210689, -0.479092, -0.00893871] v_body=[-3.62387, 2.9884, 2.58218]
PARITY max_torque=23.700 23.700 45.430
PARITY contact_mu=0.450
PARITY body_height=0.320
PARITY Kp_body=100.000 100.000 100.000
PARITY Kd_body=30.000 30.000 30.000
PARITY Kp_ori=100.000 100.000 100.000
PARITY Kd_ori=10.000 10.000 10.000
PARITY Kp_foot=550.000 550.000 550.000
PARITY Kd_foot=10.000 10.000 10.000
PARITY Kp_joint=5.000 5.000 5.000
PARITY Kd_joint=3.000 3.000 3.000
PARITY floating_base_weight=50.000
PARITY control_mode=5.000
-----------------------------------------
| rollout/                |             |
|    ep_len_mean          | 358         |
|    ep_rew_mean          | 13.5        |
| time/                   |             |
|    fps                  | 1903        |
|    iterations           | 292         |
|    time_elapsed         | 20105       |
|    total_timesteps      | 38273024    |
| train/                  |             |
|    adaptive_lr          | 5e-05       |
|    approx_kl            | 0.003981144 |
|    clip_fraction        | 0.209       |
|    clip_range           | 0.1         |
|    clip_range_vf        | 0.2         |
|    entropy_loss         | -1.58       |
|    explained_variance   | 0.843       |
|    learning_rate        | 5e-05       |
|    loss                 | 0.745       |
|    n_updates            | 5970        |
|    policy_gradient_loss | -0.00211    |
|    std                  | 0.258       |
|    value_loss           | 0.728       |
-----------------------------------------
[HumanoidEnv] Reset state env_id=0 z=0.323 rpy=[0.003, -0.002, 0.000]
[HumanoidEnv] unhealthy terminate at step=410 z=0.756472 rpy=[-1.29347, -0.510414, -1.73118] v_body=[5.79501, -1.28795, -8.38142]
PARITY max_torque=23.700 23.700 45.430
PARITY contact_mu=0.450
PARITY body_height=0.320
PARITY Kp_body=100.000 100.000 100.000
PARITY Kd_body=30.000 30.000 30.000
PARITY Kp_ori=100.000 100.000 100.000
PARITY Kd_ori=10.000 10.000 10.000
PARITY Kp_foot=550.000 550.000 550.000
PARITY Kd_foot=10.000 10.000 10.000
PARITY Kp_joint=5.000 5.000 5.000
PARITY Kd_joint=3.000 3.000 3.000
PARITY floating_base_weight=50.000
PARITY control_mode=5.000
------------------------------------------
| rollout/                |              |
|    ep_len_mean          | 369          |
|    ep_rew_mean          | 13.5         |
| time/                   |              |
|    fps                  | 1903         |
|    iterations           | 293          |
|    time_elapsed         | 20173        |
|    total_timesteps      | 38404096     |
| train/                  |              |
|    adaptive_lr          | 5e-05        |
|    approx_kl            | 0.0039006039 |
|    clip_fraction        | 0.212        |
|    clip_range           | 0.1          |
|    clip_range_vf        | 0.2          |
|    entropy_loss         | -1.67        |
|    explained_variance   | 0.836        |
|    learning_rate        | 5e-05        |
|    loss                 | 0.712        |
|    n_updates            | 5980         |
|    policy_gradient_loss | -0.00223     |
|    std                  | 0.259        |
|    value_loss           | 0.721        |
------------------------------------------
[HumanoidEnv] Reset state env_id=0 z=0.319 rpy=[-0.001, -0.003, 0.000]
[HumanoidEnv] unhealthy terminate at step=408 z=0.762431 rpy=[-0.619326, 0.132188, 0.515467] v_body=[1.16826, 7.33063, -1.40277]
PARITY max_torque=23.700 23.700 45.430
PARITY contact_mu=0.450
PARITY body_height=0.320
PARITY Kp_body=100.000 100.000 100.000
PARITY Kd_body=30.000 30.000 30.000
PARITY Kp_ori=100.000 100.000 100.000
PARITY Kd_ori=10.000 10.000 10.000
PARITY Kp_foot=550.000 550.000 550.000
PARITY Kd_foot=10.000 10.000 10.000
PARITY Kp_joint=5.000 5.000 5.000
PARITY Kd_joint=3.000 3.000 3.000
PARITY floating_base_weight=50.000
PARITY control_mode=5.000
-----------------------------------------
| rollout/                |             |
|    ep_len_mean          | 352         |
|    ep_rew_mean          | 13.1        |
| time/                   |             |
|    fps                  | 1903        |
|    iterations           | 294         |
|    time_elapsed         | 20242       |
|    total_timesteps      | 38535168    |
| train/                  |             |
|    adaptive_lr          | 5e-05       |
|    approx_kl            | 0.003948178 |
|    clip_fraction        | 0.211       |
|    clip_range           | 0.1         |
|    clip_range_vf        | 0.2         |
|    entropy_loss         | -1.74       |
|    explained_variance   | 0.83        |
|    learning_rate        | 5e-05       |
|    loss                 | 0.779       |
|    n_updates            | 5990        |
|    policy_gradient_loss | -0.00225    |
|    std                  | 0.26        |
|    value_loss           | 0.738       |
-----------------------------------------
[HumanoidEnv] Reset state env_id=0 z=0.281 rpy=[-0.000, 0.001, 0.001]
[HumanoidEnv] unhealthy terminate at step=381 z=0.767883 rpy=[0.231087, -0.738431, 0.0186199] v_body=[-2.73464, -0.516349, -0.119747]
PARITY max_torque=23.700 23.700 45.430
PARITY contact_mu=0.450
PARITY body_height=0.320
PARITY Kp_body=100.000 100.000 100.000
PARITY Kd_body=30.000 30.000 30.000
PARITY Kp_ori=100.000 100.000 100.000
PARITY Kd_ori=10.000 10.000 10.000
PARITY Kp_foot=550.000 550.000 550.000
PARITY Kd_foot=10.000 10.000 10.000
PARITY Kp_joint=5.000 5.000 5.000
PARITY Kd_joint=3.000 3.000 3.000
PARITY floating_base_weight=50.000
PARITY control_mode=5.000
------------------------------------------
| rollout/                |              |
|    ep_len_mean          | 352          |
|    ep_rew_mean          | 13.3         |
| time/                   |              |
|    fps                  | 1903         |
|    iterations           | 295          |
|    time_elapsed         | 20309        |
|    total_timesteps      | 38666240     |
| train/                  |              |
|    adaptive_lr          | 5e-05        |
|    approx_kl            | 0.0040149586 |
|    clip_fraction        | 0.21         |
|    clip_range           | 0.1          |
|    clip_range_vf        | 0.2          |
|    entropy_loss         | -1.82        |
|    explained_variance   | 0.829        |
|    learning_rate        | 5e-05        |
|    loss                 | 0.726        |
|    n_updates            | 6000         |
|    policy_gradient_loss | -0.0022      |
|    std                  | 0.261        |
|    value_loss           | 0.746        |
------------------------------------------
[HumanoidEnv] Reset state env_id=0 z=0.303 rpy=[0.001, -0.003, 0.000]
[HumanoidEnv] unhealthy terminate at step=403 z=0.196173 rpy=[-0.0261967, 0.403367, 0.410441] v_body=[-2.57969, 0.729929, 0.408286]
PARITY max_torque=23.700 23.700 45.430
PARITY contact_mu=0.450
PARITY body_height=0.320
PARITY Kp_body=100.000 100.000 100.000
PARITY Kd_body=30.000 30.000 30.000
PARITY Kp_ori=100.000 100.000 100.000
PARITY Kd_ori=10.000 10.000 10.000
PARITY Kp_foot=550.000 550.000 550.000
PARITY Kd_foot=10.000 10.000 10.000
PARITY Kp_joint=5.000 5.000 5.000
PARITY Kd_joint=3.000 3.000 3.000
PARITY floating_base_weight=50.000
PARITY control_mode=5.000
[HumanoidEnv] Reset state env_id=0 z=0.293 rpy=[-0.002, -0.001, 0.000]
[HumanoidEnv] unhealthy terminate at step=302 z=0.184068 rpy=[0.904229, -0.220371, -1.80706] v_body=[4.78099, 0.0246825, 2.7665]
PARITY max_torque=23.700 23.700 45.430
PARITY contact_mu=0.450
PARITY body_height=0.320
PARITY Kp_body=100.000 100.000 100.000
PARITY Kd_body=30.000 30.000 30.000
PARITY Kp_ori=100.000 100.000 100.000
PARITY Kd_ori=10.000 10.000 10.000
PARITY Kp_foot=550.000 550.000 550.000
PARITY Kd_foot=10.000 10.000 10.000
PARITY Kp_joint=5.000 5.000 5.000
PARITY Kd_joint=3.000 3.000 3.000
PARITY floating_base_weight=50.000
PARITY control_mode=5.000
------------------------------------------
| rollout/                |              |
|    ep_len_mean          | 352          |
|    ep_rew_mean          | 13.4         |
| time/                   |              |
|    fps                  | 1904         |
|    iterations           | 296          |
|    time_elapsed         | 20375        |
|    total_timesteps      | 38797312     |
| train/                  |              |
|    adaptive_lr          | 5e-05        |
|    approx_kl            | 0.0038780537 |
|    clip_fraction        | 0.204        |
|    clip_range           | 0.1          |
|    clip_range_vf        | 0.2          |
|    entropy_loss         | -1.9         |
|    explained_variance   | 0.823        |
|    learning_rate        | 5e-05        |
|    loss                 | 0.789        |
|    n_updates            | 6010         |
|    policy_gradient_loss | -0.00174     |
|    std                  | 0.262        |
|    value_loss           | 0.769        |
------------------------------------------
[HumanoidEnv] Reset state env_id=0 z=0.298 rpy=[0.002, -0.002, 0.000]
[HumanoidEnv] unhealthy terminate at step=317 z=0.756068 rpy=[-1.00181, -0.331828, 0.61236] v_body=[-2.05778, 4.49081, -3.44374]
PARITY max_torque=23.700 23.700 45.430
PARITY contact_mu=0.450
PARITY body_height=0.320
PARITY Kp_body=100.000 100.000 100.000
PARITY Kd_body=30.000 30.000 30.000
PARITY Kp_ori=100.000 100.000 100.000
PARITY Kd_ori=10.000 10.000 10.000
PARITY Kp_foot=550.000 550.000 550.000
PARITY Kd_foot=10.000 10.000 10.000
PARITY Kp_joint=5.000 5.000 5.000
PARITY Kd_joint=3.000 3.000 3.000
PARITY floating_base_weight=50.000
PARITY control_mode=5.000
[HumanoidEnv] Reset state env_id=0 z=0.280 rpy=[0.001, -0.000, 0.001]
[HumanoidEnv] unhealthy terminate at step=325 z=0.753902 rpy=[-0.756978, -0.367297, 0.550728] v_body=[-0.400806, 7.10312, -0.784861]
PARITY max_torque=23.700 23.700 45.430
PARITY contact_mu=0.450
PARITY body_height=0.320
PARITY Kp_body=100.000 100.000 100.000
PARITY Kd_body=30.000 30.000 30.000
PARITY Kp_ori=100.000 100.000 100.000
PARITY Kd_ori=10.000 10.000 10.000
PARITY Kp_foot=550.000 550.000 550.000
PARITY Kd_foot=10.000 10.000 10.000
PARITY Kp_joint=5.000 5.000 5.000
PARITY Kd_joint=3.000 3.000 3.000
PARITY floating_base_weight=50.000
PARITY control_mode=5.000
-----------------------------------------
| rollout/                |             |
|    ep_len_mean          | 350         |
|    ep_rew_mean          | 13.2        |
| time/                   |             |
|    fps                  | 1904        |
|    iterations           | 297         |
|    time_elapsed         | 20440       |
|    total_timesteps      | 38928384    |
| train/                  |             |
|    adaptive_lr          | 5e-05       |
|    approx_kl            | 0.003752742 |
|    clip_fraction        | 0.205       |
|    clip_range           | 0.1         |
|    clip_range_vf        | 0.2         |
|    entropy_loss         | -1.98       |
|    explained_variance   | 0.807       |
|    learning_rate        | 5e-05       |
|    loss                 | 0.736       |
|    n_updates            | 6020        |
|    policy_gradient_loss | -0.00182    |
|    std                  | 0.262       |
|    value_loss           | 0.806       |
-----------------------------------------
[HumanoidEnv] Reset state env_id=0 z=0.294 rpy=[0.001, -0.002, 0.000]
[HumanoidEnv] unhealthy terminate at step=321 z=0.192187 rpy=[1.99641, -0.464549, -1.43602] v_body=[3.51018, -2.77854, -1.2339]
PARITY max_torque=23.700 23.700 45.430
PARITY contact_mu=0.450
PARITY body_height=0.320
PARITY Kp_body=100.000 100.000 100.000
PARITY Kd_body=30.000 30.000 30.000
PARITY Kp_ori=100.000 100.000 100.000
PARITY Kd_ori=10.000 10.000 10.000
PARITY Kp_foot=550.000 550.000 550.000
PARITY Kd_foot=10.000 10.000 10.000
PARITY Kp_joint=5.000 5.000 5.000
PARITY Kd_joint=3.000 3.000 3.000
PARITY floating_base_weight=50.000
PARITY control_mode=5.000
------------------------------------------
| rollout/                |              |
|    ep_len_mean          | 345          |
|    ep_rew_mean          | 13           |
| time/                   |              |
|    fps                  | 1904         |
|    iterations           | 298          |
|    time_elapsed         | 20506        |
|    total_timesteps      | 39059456     |
| train/                  |              |
|    adaptive_lr          | 5e-05        |
|    approx_kl            | 0.0037468332 |
|    clip_fraction        | 0.205        |
|    clip_range           | 0.1          |
|    clip_range_vf        | 0.2          |
|    entropy_loss         | -2.06        |
|    explained_variance   | 0.812        |
|    learning_rate        | 5e-05        |
|    loss                 | 0.818        |
|    n_updates            | 6030         |
|    policy_gradient_loss | -0.0021      |
|    std                  | 0.263        |
|    value_loss           | 0.784        |
------------------------------------------
[HumanoidEnv] Reset state env_id=0 z=0.301 rpy=[0.000, -0.001, 0.000]
[HumanoidEnv] unhealthy terminate at step=373 z=0.192034 rpy=[0.0287332, 0.160532, -0.396662] v_body=[-3.33012, -1.41694, -1.67455]
PARITY max_torque=23.700 23.700 45.430
PARITY contact_mu=0.450
PARITY body_height=0.320
PARITY Kp_body=100.000 100.000 100.000
PARITY Kd_body=30.000 30.000 30.000
PARITY Kp_ori=100.000 100.000 100.000
PARITY Kd_ori=10.000 10.000 10.000
PARITY Kp_foot=550.000 550.000 550.000
PARITY Kd_foot=10.000 10.000 10.000
PARITY Kp_joint=5.000 5.000 5.000
PARITY Kd_joint=3.000 3.000 3.000
PARITY floating_base_weight=50.000
PARITY control_mode=5.000
[HumanoidEnv] Reset state env_id=0 z=0.290 rpy=[0.000, -0.002, 0.000]
[HumanoidEnv] unhealthy terminate at step=304 z=0.196123 rpy=[1.26347, -0.332478, -1.26208] v_body=[2.79383, 2.18656, -5.45417]
PARITY max_torque=23.700 23.700 45.430
PARITY contact_mu=0.450
PARITY body_height=0.320
PARITY Kp_body=100.000 100.000 100.000
PARITY Kd_body=30.000 30.000 30.000
PARITY Kp_ori=100.000 100.000 100.000
PARITY Kd_ori=10.000 10.000 10.000
PARITY Kp_foot=550.000 550.000 550.000
PARITY Kd_foot=10.000 10.000 10.000
PARITY Kp_joint=5.000 5.000 5.000
PARITY Kd_joint=3.000 3.000 3.000
PARITY floating_base_weight=50.000
PARITY control_mode=5.000
------------------------------------------
| rollout/                |              |
|    ep_len_mean          | 340          |
|    ep_rew_mean          | 12.9         |
| time/                   |              |
|    fps                  | 1905         |
|    iterations           | 299          |
|    time_elapsed         | 20572        |
|    total_timesteps      | 39190528     |
| train/                  |              |
|    adaptive_lr          | 5e-05        |
|    approx_kl            | 0.0038563302 |
|    clip_fraction        | 0.209        |
|    clip_range           | 0.1          |
|    clip_range_vf        | 0.2          |
|    entropy_loss         | -2.15        |
|    explained_variance   | 0.814        |
|    learning_rate        | 5e-05        |
|    loss                 | 0.685        |
|    n_updates            | 6040         |
|    policy_gradient_loss | -0.00217     |
|    std                  | 0.264        |
|    value_loss           | 0.771        |
------------------------------------------
[HumanoidEnv] Reset state env_id=0 z=0.293 rpy=[-0.001, -0.001, 0.001]
[HumanoidEnv] unhealthy terminate at step=311 z=0.191355 rpy=[0.153716, 0.360496, 0.351444] v_body=[0.641539, 1.44866, -1.40678]
PARITY max_torque=23.700 23.700 45.430
PARITY contact_mu=0.450
PARITY body_height=0.320
PARITY Kp_body=100.000 100.000 100.000
PARITY Kd_body=30.000 30.000 30.000
PARITY Kp_ori=100.000 100.000 100.000
PARITY Kd_ori=10.000 10.000 10.000
PARITY Kp_foot=550.000 550.000 550.000
PARITY Kd_foot=10.000 10.000 10.000
PARITY Kp_joint=5.000 5.000 5.000
PARITY Kd_joint=3.000 3.000 3.000
PARITY floating_base_weight=50.000
PARITY control_mode=5.000
------------------------------------------
| rollout/                |              |
|    ep_len_mean          | 346          |
|    ep_rew_mean          | 13.1         |
| time/                   |              |
|    fps                  | 1905         |
|    iterations           | 300          |
|    time_elapsed         | 20637        |
|    total_timesteps      | 39321600     |
| train/                  |              |
|    adaptive_lr          | 5e-05        |
|    approx_kl            | 0.0038947328 |
|    clip_fraction        | 0.209        |
|    clip_range           | 0.1          |
|    clip_range_vf        | 0.2          |
|    entropy_loss         | -2.24        |
|    explained_variance   | 0.801        |
|    learning_rate        | 5e-05        |
|    loss                 | 0.77         |
|    n_updates            | 6050         |
|    policy_gradient_loss | -0.00206     |
|    std                  | 0.265        |
|    value_loss           | 0.829        |
------------------------------------------
[HumanoidEnv] Reset state env_id=0 z=0.278 rpy=[0.001, -0.000, 0.001]
[HumanoidEnv] unhealthy terminate at step=309 z=0.762801 rpy=[0.332214, -0.274206, 0.0846831] v_body=[2.81433, -0.512612, 2.92723]
PARITY max_torque=23.700 23.700 45.430
PARITY contact_mu=0.450
PARITY body_height=0.320
PARITY Kp_body=100.000 100.000 100.000
PARITY Kd_body=30.000 30.000 30.000
PARITY Kp_ori=100.000 100.000 100.000
PARITY Kd_ori=10.000 10.000 10.000
PARITY Kp_foot=550.000 550.000 550.000
PARITY Kd_foot=10.000 10.000 10.000
PARITY Kp_joint=5.000 5.000 5.000
PARITY Kd_joint=3.000 3.000 3.000
PARITY floating_base_weight=50.000
PARITY control_mode=5.000
[HumanoidEnv] Reset state env_id=0 z=0.271 rpy=[0.001, 0.000, 0.001]
[HumanoidEnv] unhealthy terminate at step=379 z=0.199012 rpy=[2.7334, 0.264088, 1.78831] v_body=[3.08752, 1.90786, 4.93716]
PARITY max_torque=23.700 23.700 45.430
PARITY contact_mu=0.450
PARITY body_height=0.320
PARITY Kp_body=100.000 100.000 100.000
PARITY Kd_body=30.000 30.000 30.000
PARITY Kp_ori=100.000 100.000 100.000
PARITY Kd_ori=10.000 10.000 10.000
PARITY Kp_foot=550.000 550.000 550.000
PARITY Kd_foot=10.000 10.000 10.000
PARITY Kp_joint=5.000 5.000 5.000
PARITY Kd_joint=3.000 3.000 3.000
PARITY floating_base_weight=50.000
PARITY control_mode=5.000
-----------------------------------------
| rollout/                |             |
|    ep_len_mean          | 339         |
|    ep_rew_mean          | 12.8        |
| time/                   |             |
|    fps                  | 1905        |
|    iterations           | 301         |
|    time_elapsed         | 20703       |
|    total_timesteps      | 39452672    |
| train/                  |             |
|    adaptive_lr          | 5e-05       |
|    approx_kl            | 0.003752856 |
|    clip_fraction        | 0.206       |
|    clip_range           | 0.1         |
|    clip_range_vf        | 0.2         |
|    entropy_loss         | -2.33       |
|    explained_variance   | 0.799       |
|    learning_rate        | 5e-05       |
|    loss                 | 0.579       |
|    n_updates            | 6060        |
|    policy_gradient_loss | -0.00206    |
|    std                  | 0.266       |
|    value_loss           | 0.793       |
-----------------------------------------
[HumanoidEnv] Reset state env_id=0 z=0.275 rpy=[-0.002, 0.001, 0.001]
[HumanoidEnv] unhealthy terminate at step=409 z=0.775296 rpy=[0.476053, -0.692196, -0.332323] v_body=[-5.77092, -3.01721, -0.269991]
PARITY max_torque=23.700 23.700 45.430
PARITY contact_mu=0.450
PARITY body_height=0.320
PARITY Kp_body=100.000 100.000 100.000
PARITY Kd_body=30.000 30.000 30.000
PARITY Kp_ori=100.000 100.000 100.000
PARITY Kd_ori=10.000 10.000 10.000
PARITY Kp_foot=550.000 550.000 550.000
PARITY Kd_foot=10.000 10.000 10.000
PARITY Kp_joint=5.000 5.000 5.000
PARITY Kd_joint=3.000 3.000 3.000
PARITY floating_base_weight=50.000
PARITY control_mode=5.000
------------------------------------------
| rollout/                |              |
|    ep_len_mean          | 355          |
|    ep_rew_mean          | 13.2         |
| time/                   |              |
|    fps                  | 1905         |
|    iterations           | 302          |
|    time_elapsed         | 20769        |
|    total_timesteps      | 39583744     |
| train/                  |              |
|    adaptive_lr          | 5e-05        |
|    approx_kl            | 0.0037896968 |
|    clip_fraction        | 0.205        |
|    clip_range           | 0.1          |
|    clip_range_vf        | 0.2          |
|    entropy_loss         | -2.41        |
|    explained_variance   | 0.801        |
|    learning_rate        | 5e-05        |
|    loss                 | 0.731        |
|    n_updates            | 6070         |
|    policy_gradient_loss | -0.00201     |
|    std                  | 0.267        |
|    value_loss           | 0.809        |
------------------------------------------
[HumanoidEnv] Reset state env_id=0 z=0.310 rpy=[-0.002, -0.001, 0.000]
[HumanoidEnv] unhealthy terminate at step=397 z=0.199081 rpy=[0.0689447, -0.07804, -0.420428] v_body=[-5.31181, -2.29339, -1.53782]
PARITY max_torque=23.700 23.700 45.430
PARITY contact_mu=0.450
PARITY body_height=0.320
PARITY Kp_body=100.000 100.000 100.000
PARITY Kd_body=30.000 30.000 30.000
PARITY Kp_ori=100.000 100.000 100.000
PARITY Kd_ori=10.000 10.000 10.000
PARITY Kp_foot=550.000 550.000 550.000
PARITY Kd_foot=10.000 10.000 10.000
PARITY Kp_joint=5.000 5.000 5.000
PARITY Kd_joint=3.000 3.000 3.000
PARITY floating_base_weight=50.000
PARITY control_mode=5.000
-----------------------------------------
| rollout/                |             |
|    ep_len_mean          | 352         |
|    ep_rew_mean          | 13.3        |
| time/                   |             |
|    fps                  | 1906        |
|    iterations           | 303         |
|    time_elapsed         | 20835       |
|    total_timesteps      | 39714816    |
| train/                  |             |
|    adaptive_lr          | 5e-05       |
|    approx_kl            | 0.003852203 |
|    clip_fraction        | 0.205       |
|    clip_range           | 0.1         |
|    clip_range_vf        | 0.2         |
|    entropy_loss         | -2.5        |
|    explained_variance   | 0.805       |
|    learning_rate        | 5e-05       |
|    loss                 | 0.736       |
|    n_updates            | 6080        |
|    policy_gradient_loss | -0.00192    |
|    std                  | 0.268       |
|    value_loss           | 0.789       |
-----------------------------------------
[HumanoidEnv] Reset state env_id=0 z=0.316 rpy=[-0.000, -0.003, 0.000]
[HumanoidEnv] unhealthy terminate at step=339 z=0.178535 rpy=[-2.37265, 0.0928553, 3.11222] v_body=[-5.79346, 2.76252, 0.478024]
PARITY max_torque=23.700 23.700 45.430
PARITY contact_mu=0.450
PARITY body_height=0.320
PARITY Kp_body=100.000 100.000 100.000
PARITY Kd_body=30.000 30.000 30.000
PARITY Kp_ori=100.000 100.000 100.000
PARITY Kd_ori=10.000 10.000 10.000
PARITY Kp_foot=550.000 550.000 550.000
PARITY Kd_foot=10.000 10.000 10.000
PARITY Kp_joint=5.000 5.000 5.000
PARITY Kd_joint=3.000 3.000 3.000
PARITY floating_base_weight=50.000
PARITY control_mode=5.000
[HumanoidEnv] Reset state env_id=0 z=0.290 rpy=[0.000, -0.002, 0.000]
[HumanoidEnv] unhealthy terminate at step=340 z=0.767576 rpy=[2.9903, -0.88591, 1.12663] v_body=[-5.02021, 4.92784, -1.84242]
PARITY max_torque=23.700 23.700 45.430
PARITY contact_mu=0.450
PARITY body_height=0.320
PARITY Kp_body=100.000 100.000 100.000
PARITY Kd_body=30.000 30.000 30.000
PARITY Kp_ori=100.000 100.000 100.000
PARITY Kd_ori=10.000 10.000 10.000
PARITY Kp_foot=550.000 550.000 550.000
PARITY Kd_foot=10.000 10.000 10.000
PARITY Kp_joint=5.000 5.000 5.000
PARITY Kd_joint=3.000 3.000 3.000
PARITY floating_base_weight=50.000
PARITY control_mode=5.000
-----------------------------------------
| rollout/                |             |
|    ep_len_mean          | 341         |
|    ep_rew_mean          | 12.7        |
| time/                   |             |
|    fps                  | 1906        |
|    iterations           | 304         |
|    time_elapsed         | 20901       |
|    total_timesteps      | 39845888    |
| train/                  |             |
|    adaptive_lr          | 5e-05       |
|    approx_kl            | 0.003813267 |
|    clip_fraction        | 0.208       |
|    clip_range           | 0.1         |
|    clip_range_vf        | 0.2         |
|    entropy_loss         | -2.57       |
|    explained_variance   | 0.803       |
|    learning_rate        | 5e-05       |
|    loss                 | 0.74        |
|    n_updates            | 6090        |
|    policy_gradient_loss | -0.00237    |
|    std                  | 0.269       |
|    value_loss           | 0.784       |
-----------------------------------------
[HumanoidEnv] Reset state env_id=0 z=0.320 rpy=[0.002, -0.002, -0.000]
[HumanoidEnv] unhealthy terminate at step=367 z=0.18451 rpy=[-0.0280336, 0.328302, -1.29504] v_body=[-1.33307, -7.81785, -3.83951]
PARITY max_torque=23.700 23.700 45.430
PARITY contact_mu=0.450
PARITY body_height=0.320
PARITY Kp_body=100.000 100.000 100.000
PARITY Kd_body=30.000 30.000 30.000
PARITY Kp_ori=100.000 100.000 100.000
PARITY Kd_ori=10.000 10.000 10.000
PARITY Kp_foot=550.000 550.000 550.000
PARITY Kd_foot=10.000 10.000 10.000
PARITY Kp_joint=5.000 5.000 5.000
PARITY Kd_joint=3.000 3.000 3.000
PARITY floating_base_weight=50.000
PARITY control_mode=5.000
-----------------------------------------
| rollout/                |             |
|    ep_len_mean          | 355         |
|    ep_rew_mean          | 13.4        |
| time/                   |             |
|    fps                  | 1906        |
|    iterations           | 305         |
|    time_elapsed         | 20967       |
|    total_timesteps      | 39976960    |
| train/                  |             |
|    adaptive_lr          | 5e-05       |
|    approx_kl            | 0.004012676 |
|    clip_fraction        | 0.21        |
|    clip_range           | 0.1         |
|    clip_range_vf        | 0.2         |
|    entropy_loss         | -2.67       |
|    explained_variance   | 0.803       |
|    learning_rate        | 5e-05       |
|    loss                 | 0.914       |
|    n_updates            | 6100        |
|    policy_gradient_loss | -0.0021     |
|    std                  | 0.27        |
|    value_loss           | 0.785       |
-----------------------------------------
INFO:root:VecNormalize statistics saved at: ./data/gamma4/quadruped_ppo_model_ckpt_40002560_vecnormalize.pkl
INFO:root:Model saved at: ./data/gamma4/quadruped_ppo_model_ckpt_40002560.zip
INFO:root:Checkpoint written at 40002560 timesteps
[HumanoidEnv] Reset state env_id=0 z=0.301 rpy=[-0.001, 0.000, 0.000]
[HumanoidEnv] unhealthy terminate at step=418 z=0.187741 rpy=[-1.04142, 0.0849495, -1.05087] v_body=[0.878294, -4.62187, -0.424984]
PARITY max_torque=23.700 23.700 45.430
PARITY contact_mu=0.450
PARITY body_height=0.320
PARITY Kp_body=100.000 100.000 100.000
PARITY Kd_body=30.000 30.000 30.000
PARITY Kp_ori=100.000 100.000 100.000
PARITY Kd_ori=10.000 10.000 10.000
PARITY Kp_foot=550.000 550.000 550.000
PARITY Kd_foot=10.000 10.000 10.000
PARITY Kp_joint=5.000 5.000 5.000
PARITY Kd_joint=3.000 3.000 3.000
PARITY floating_base_weight=50.000
PARITY control_mode=5.000
[HumanoidEnv] Reset state env_id=0 z=0.295 rpy=[0.000, -0.002, 0.001]
[HumanoidEnv] unhealthy terminate at step=273 z=0.192023 rpy=[-0.0535301, -0.223142, 0.125855] v_body=[-1.33641, -0.789445, -1.60367]
PARITY max_torque=23.700 23.700 45.430
PARITY contact_mu=0.450
PARITY body_height=0.320
PARITY Kp_body=100.000 100.000 100.000
PARITY Kd_body=30.000 30.000 30.000
PARITY Kp_ori=100.000 100.000 100.000
PARITY Kd_ori=10.000 10.000 10.000
PARITY Kp_foot=550.000 550.000 550.000
PARITY Kd_foot=10.000 10.000 10.000
PARITY Kp_joint=5.000 5.000 5.000
PARITY Kd_joint=3.000 3.000 3.000
PARITY floating_base_weight=50.000
PARITY control_mode=5.000
------------------------------------------
| rollout/                |              |
|    ep_len_mean          | 352          |
|    ep_rew_mean          | 13.1         |
| time/                   |              |
|    fps                  | 1906         |
|    iterations           | 306          |
|    time_elapsed         | 21033        |
|    total_timesteps      | 40108032     |
| train/                  |              |
|    adaptive_lr          | 5e-05        |
|    approx_kl            | 0.0039505325 |
|    clip_fraction        | 0.211        |
|    clip_range           | 0.1          |
|    clip_range_vf        | 0.2          |
|    entropy_loss         | -2.76        |
|    explained_variance   | 0.813        |
|    learning_rate        | 5e-05        |
|    loss                 | 0.734        |
|    n_updates            | 6110         |
|    policy_gradient_loss | -0.00219     |
|    std                  | 0.271        |
|    value_loss           | 0.731        |
------------------------------------------
INFO:root:VecNormalize statistics saved at: ./data/gamma4/quadruped_ppo_model_vecnormalize.pkl
INFO:root:Model saved at: ./data/gamma4/quadruped_ppo_model.zip
INFO:root:Model saved at: ./data/gamma4/quadruped_ppo_model.zip
INFO:root:Training complete.
[HumanoidEnv] Reset state env_id=0 z=0.322 rpy=[0.001, -0.003, 0.000]
PARITY max_torque=23.700 23.700 45.430
PARITY contact_mu=0.450
PARITY body_height=0.320
PARITY Kp_body=100.000 100.000 100.000
PARITY Kd_body=30.000 30.000 30.000
PARITY Kp_ori=100.000 100.000 100.000
PARITY Kd_ori=10.000 10.000 10.000
PARITY Kp_foot=550.000 550.000 550.000
PARITY Kd_foot=10.000 10.000 10.000
PARITY Kp_joint=5.000 5.000 5.000
PARITY Kd_joint=3.000 3.000 3.000
PARITY floating_base_weight=50.000
PARITY control_mode=5.000
[HumanoidEnv] Reset state env_id=0 z=0.292 rpy=[0.003, -0.002, 0.000]
[HumanoidEnv] unhealthy terminate at step=283 z=0.199139 rpy=[0.0347817, 0.0575993, 0.336778] v_body=[0.41972, 0.409979, -0.295723]
PARITY max_torque=23.700 23.700 45.430
PARITY contact_mu=0.450
PARITY body_height=0.320
PARITY Kp_body=100.000 100.000 100.000
PARITY Kd_body=30.000 30.000 30.000
PARITY Kp_ori=100.000 100.000 100.000
PARITY Kd_ori=10.000 10.000 10.000
PARITY Kp_foot=550.000 550.000 550.000
PARITY Kd_foot=10.000 10.000 10.000
PARITY Kp_joint=5.000 5.000 5.000
PARITY Kd_joint=3.000 3.000 3.000
PARITY floating_base_weight=50.000
PARITY control_mode=5.000
EnvPool Evaluation - Humanoid-v4
Mean Reward: 288.67 +/- 53.54
Function main took 21205.10 seconds to run.
[HumanoidEnv] Reset state env_id=0 z=0.304 rpy=[-0.000, -0.003, 0.000]
cleanupHardware(SIM): Cleaning up hardware components...
cleanupHardware(SIM): Cleaning up hardware components...
cleanupHardware(SIM): Cleaning up hardware components...
cleanupHardware(SIM): Cleaning up hardware components...
cleanupHardware(SIM): Cleaning up hardware components...
cleanupHardware(SIM): Cleaning up hardware components...
cleanupHardware(SIM): Cleaning up hardware components...
cleanupHardware(SIM): Cleaning up hardware components...
cleanupHardware(SIM): Cleaning up hardware components...
cleanupHardware(SIM): Cleaning up hardware components...
cleanupHardware(SIM): Cleaning up hardware components...
cleanupHardware(SIM): Cleaning up hardware components...
cleanupHardware(SIM): Cleaning up hardware components...
cleanupHardware(SIM): Cleaning up hardware components...
cleanupHardware(SIM): Cleaning up hardware components...
cleanupHardware(SIM): Cleaning up hardware components...
cleanupHardware(SIM): Cleaning up hardware components...
cleanupHardware(SIM): Cleaning up hardware components...
cleanupHardware(SIM): Cleaning up hardware components...
cleanupHardware(SIM): Cleaning up hardware components...
cleanupHardware(SIM): Cleaning up hardware components...
cleanupHardware(SIM): Cleaning up hardware components...
cleanupHardware(SIM): Cleaning up hardware components...
cleanupHardware(SIM): Cleaning up hardware components...
cleanupHardware(SIM): Cleaning up hardware components...
cleanupHardware(SIM): Cleaning up hardware components...
cleanupHardware(SIM): Cleaning up hardware components...
cleanupHardware(SIM): Cleaning up hardware components...
cleanupHardware(SIM): Cleaning up hardware components...
cleanupHardware(SIM): Cleaning up hardware components...
cleanupHardware(SIM): Cleaning up hardware components...
cleanupHardware(SIM): Cleaning up hardware components...
cleanupHardware(SIM): Cleaning up hardware components...
cleanupHardware(SIM): Cleaning up hardware components...
cleanupHardware(SIM): Cleaning up hardware components...
cleanupHardware(SIM): Cleaning up hardware components...
cleanupHardware(SIM): Cleaning up hardware components...
cleanupHardware(SIM): Cleaning up hardware components...
cleanupHardware(SIM): Cleaning up hardware components...
cleanupHardware(SIM): Cleaning up hardware components...
cleanupHardware(SIM): Cleaning up hardware components...
cleanupHardware(SIM): Cleaning up hardware components...
cleanupHardware(SIM): Cleaning up hardware components...
cleanupHardware(SIM): Cleaning up hardware components...
cleanupHardware(SIM): Cleaning up hardware components...
cleanupHardware(SIM): Cleaning up hardware components...
cleanupHardware(SIM): Cleaning up hardware components...
cleanupHardware(SIM): Cleaning up hardware components...
cleanupHardware(SIM): Cleaning up hardware components...
cleanupHardware(SIM): Cleaning up hardware components...
cleanupHardware(SIM): Cleaning up hardware components...
cleanupHardware(SIM): Cleaning up hardware components...
cleanupHardware(SIM): Cleaning up hardware components...
cleanupHardware(SIM): Cleaning up hardware components...
cleanupHardware(SIM): Cleaning up hardware components...
cleanupHardware(SIM): Cleaning up hardware components...
cleanupHardware(SIM): Cleaning up hardware components...
cleanupHardware(SIM): Cleaning up hardware components...
cleanupHardware(SIM): Cleaning up hardware components...
cleanupHardware(SIM): Cleaning up hardware components...
cleanupHardware(SIM): Cleaning up hardware components...
cleanupHardware(SIM): Cleaning up hardware components...
cleanupHardware(SIM): Cleaning up hardware components...
cleanupHardware(SIM): Cleaning up hardware components...
cleanupHardware(SIM): Cleaning up hardware components...
cleanupHardware(SIM): Cleaning up hardware components...
cleanupHardware(SIM): Cleaning up hardware components...
cleanupHardware(SIM): Cleaning up hardware components...
cleanupHardware(SIM): Cleaning up hardware components...
cleanupHardware(SIM): Cleaning up hardware components...
cleanupHardware(SIM): Cleaning up hardware components...
cleanupHardware(SIM): Cleaning up hardware components...
cleanupHardware(SIM): Cleaning up hardware components...
cleanupHardware(SIM): Cleaning up hardware components...
cleanupHardware(SIM): Cleaning up hardware components...
cleanupHardware(SIM): Cleaning up hardware components...
cleanupHardware(SIM): Cleaning up hardware components...
cleanupHardware(SIM): Cleaning up hardware components...
cleanupHardware(SIM): Cleaning up hardware components...
cleanupHardware(SIM): Cleaning up hardware components...
cleanupHardware(SIM): Cleaning up hardware components...
cleanupHardware(SIM): Cleaning up hardware components...
cleanupHardware(SIM): Cleaning up hardware components...
cleanupHardware(SIM): Cleaning up hardware components...
cleanupHardware(SIM): Cleaning up hardware components...
cleanupHardware(SIM): Cleaning up hardware components...
cleanupHardware(SIM): Cleaning up hardware components...
cleanupHardware(SIM): Cleaning up hardware components...
cleanupHardware(SIM): Cleaning up hardware components...
cleanupHardware(SIM): Cleaning up hardware components...
cleanupHardware(SIM): Cleaning up hardware components...
cleanupHardware(SIM): Cleaning up hardware components...
cleanupHardware(SIM): Cleaning up hardware components...
cleanupHardware(SIM): Cleaning up hardware components...
cleanupHardware(SIM): Cleaning up hardware components...
cleanupHardware(SIM): Cleaning up hardware components...
cleanupHardware(SIM): Cleaning up hardware components...
cleanupHardware(SIM): Cleaning up hardware components...
cleanupHardware(SIM): Cleaning up hardware components...
cleanupHardware(SIM): Cleaning up hardware components...
cleanupHardware(SIM): Cleaning up hardware components...
cleanupHardware(SIM): Cleaning up hardware components...
cleanupHardware(SIM): Cleaning up hardware components...
cleanupHardware(SIM): Cleaning up hardware components...
cleanupHardware(SIM): Cleaning up hardware components...
cleanupHardware(SIM): Cleaning up hardware components...
cleanupHardware(SIM): Cleaning up hardware components...
cleanupHardware(SIM): Cleaning up hardware components...
cleanupHardware(SIM): Cleaning up hardware components...
cleanupHardware(SIM): Cleaning up hardware components...
cleanupHardware(SIM): Cleaning up hardware components...
cleanupHardware(SIM): Cleaning up hardware components...
cleanupHardware(SIM): Cleaning up hardware components...
cleanupHardware(SIM): Cleaning up hardware components...
cleanupHardware(SIM): Cleaning up hardware components...
cleanupHardware(SIM): Cleaning up hardware components...
cleanupHardware(SIM): Cleaning up hardware components...
cleanupHardware(SIM): Cleaning up hardware components...
cleanupHardware(SIM): Cleaning up hardware components...
cleanupHardware(SIM): Cleaning up hardware components...
cleanupHardware(SIM): Cleaning up hardware components...
cleanupHardware(SIM): Cleaning up hardware components...
cleanupHardware(SIM): Cleaning up hardware components...
cleanupHardware(SIM): Cleaning up hardware components...
cleanupHardware(SIM): Cleaning up hardware components...
cleanupHardware(SIM): Cleaning up hardware components...
cleanupHardware(SIM): Cleaning up hardware components...
cleanupHardware(SIM): Cleaning up hardware components...
cleanupHardware(SIM): Cleaning up hardware components...
cleanupHardware(SIM): Cleaning up hardware components...
cleanupHardware(SIM): Cleaning up hardware components...
cleanupHardware(SIM): Cleaning up hardware components...
cleanupHardware(SIM): Cleaning up hardware components...
cleanupHardware(SIM): Cleaning up hardware components...
cleanupHardware(SIM): Cleaning up hardware components...
cleanupHardware(SIM): Cleaning up hardware components...
cleanupHardware(SIM): Cleaning up hardware components...
cleanupHardware(SIM): Cleaning up hardware components...
cleanupHardware(SIM): Cleaning up hardware components...
cleanupHardware(SIM): Cleaning up hardware components...
cleanupHardware(SIM): Cleaning up hardware components...
cleanupHardware(SIM): Cleaning up hardware components...
cleanupHardware(SIM): Cleaning up hardware components...
cleanupHardware(SIM): Cleaning up hardware components...
cleanupHardware(SIM): Cleaning up hardware components...
cleanupHardware(SIM): Cleaning up hardware components...
cleanupHardware(SIM): Cleaning up hardware components...
cleanupHardware(SIM): Cleaning up hardware components...
cleanupHardware(SIM): Cleaning up hardware components...
cleanupHardware(SIM): Cleaning up hardware components...
cleanupHardware(SIM): Cleaning up hardware components...
cleanupHardware(SIM): Cleaning up hardware components...
cleanupHardware(SIM): Cleaning up hardware components...
cleanupHardware(SIM): Cleaning up hardware components...
cleanupHardware(SIM): Cleaning up hardware components...
cleanupHardware(SIM): Cleaning up hardware components...
cleanupHardware(SIM): Cleaning up hardware components...
cleanupHardware(SIM): Cleaning up hardware components...
cleanupHardware(SIM): Cleaning up hardware components...
cleanupHardware(SIM): Cleaning up hardware components...
cleanupHardware(SIM): Cleaning up hardware components...
cleanupHardware(SIM): Cleaning up hardware components...
cleanupHardware(SIM): Cleaning up hardware components...
cleanupHardware(SIM): Cleaning up hardware components...
cleanupHardware(SIM): Cleaning up hardware components...
cleanupHardware(SIM): Cleaning up hardware components...
cleanupHardware(SIM): Cleaning up hardware components...
cleanupHardware(SIM): Cleaning up hardware components...
cleanupHardware(SIM): Cleaning up hardware components...
cleanupHardware(SIM): Cleaning up hardware components...
cleanupHardware(SIM): Cleaning up hardware components...
cleanupHardware(SIM): Cleaning up hardware components...
cleanupHardware(SIM): Cleaning up hardware components...
cleanupHardware(SIM): Cleaning up hardware components...
cleanupHardware(SIM): Cleaning up hardware components...
cleanupHardware(SIM): Cleaning up hardware components...
cleanupHardware(SIM): Cleaning up hardware components...
cleanupHardware(SIM): Cleaning up hardware components...
cleanupHardware(SIM): Cleaning up hardware components...
cleanupHardware(SIM): Cleaning up hardware components...
cleanupHardware(SIM): Cleaning up hardware components...
cleanupHardware(SIM): Cleaning up hardware components...
cleanupHardware(SIM): Cleaning up hardware components...
cleanupHardware(SIM): Cleaning up hardware components...
cleanupHardware(SIM): Cleaning up hardware components...
cleanupHardware(SIM): Cleaning up hardware components...
cleanupHardware(SIM): Cleaning up hardware components...
cleanupHardware(SIM): Cleaning up hardware components...
cleanupHardware(SIM): Cleaning up hardware components...
cleanupHardware(SIM): Cleaning up hardware components...
cleanupHardware(SIM): Cleaning up hardware components...
cleanupHardware(SIM): Cleaning up hardware components...
cleanupHardware(SIM): Cleaning up hardware components...
cleanupHardware(SIM): Cleaning up hardware components...
cleanupHardware(SIM): Cleaning up hardware components...
cleanupHardware(SIM): Cleaning up hardware components...
cleanupHardware(SIM): Cleaning up hardware components...
cleanupHardware(SIM): Cleaning up hardware components...
cleanupHardware(SIM): Cleaning up hardware components...
cleanupHardware(SIM): Cleaning up hardware components...
cleanupHardware(SIM): Cleaning up hardware components...
cleanupHardware(SIM): Cleaning up hardware components...
cleanupHardware(SIM): Cleaning up hardware components...
cleanupHardware(SIM): Cleaning up hardware components...
cleanupHardware(SIM): Cleaning up hardware components...
cleanupHardware(SIM): Cleaning up hardware components...
cleanupHardware(SIM): Cleaning up hardware components...
cleanupHardware(SIM): Cleaning up hardware components...
cleanupHardware(SIM): Cleaning up hardware components...
cleanupHardware(SIM): Cleaning up hardware components...
cleanupHardware(SIM): Cleaning up hardware components...
cleanupHardware(SIM): Cleaning up hardware components...
cleanupHardware(SIM): Cleaning up hardware components...
cleanupHardware(SIM): Cleaning up hardware components...
cleanupHardware(SIM): Cleaning up hardware components...
cleanupHardware(SIM): Cleaning up hardware components...
cleanupHardware(SIM): Cleaning up hardware components...
cleanupHardware(SIM): Cleaning up hardware components...
cleanupHardware(SIM): Cleaning up hardware components...
cleanupHardware(SIM): Cleaning up hardware components...
cleanupHardware(SIM): Cleaning up hardware components...
cleanupHardware(SIM): Cleaning up hardware components...
cleanupHardware(SIM): Cleaning up hardware components...
cleanupHardware(SIM): Cleaning up hardware components...
cleanupHardware(SIM): Cleaning up hardware components...
cleanupHardware(SIM): Cleaning up hardware components...
cleanupHardware(SIM): Cleaning up hardware components...
cleanupHardware(SIM): Cleaning up hardware components...
cleanupHardware(SIM): Cleaning up hardware components...
cleanupHardware(SIM): Cleaning up hardware components...
cleanupHardware(SIM): Cleaning up hardware components...
cleanupHardware(SIM): Cleaning up hardware components...
cleanupHardware(SIM): Cleaning up hardware components...
cleanupHardware(SIM): Cleaning up hardware components...
cleanupHardware(SIM): Cleaning up hardware components...
cleanupHardware(SIM): Cleaning up hardware components...
cleanupHardware(SIM): Cleaning up hardware components...
cleanupHardware(SIM): Cleaning up hardware components...
cleanupHardware(SIM): Cleaning up hardware components...
cleanupHardware(SIM): Cleaning up hardware components...
cleanupHardware(SIM): Cleaning up hardware components...
cleanupHardware(SIM): Cleaning up hardware components...
cleanupHardware(SIM): Cleaning up hardware components...
cleanupHardware(SIM): Cleaning up hardware components...
cleanupHardware(SIM): Cleaning up hardware components...
cleanupHardware(SIM): Cleaning up hardware components...
cleanupHardware(SIM): Cleaning up hardware components...
cleanupHardware(SIM): Cleaning up hardware components...
cleanupHardware(SIM): Cleaning up hardware components...
cleanupHardware(SIM): Cleaning up hardware components...
cleanupHardware(SIM): Cleaning up hardware components...
cleanupHardware(SIM): Cleaning up hardware components...
cleanupHardware(SIM): Cleaning up hardware components...
cleanupHardware(SIM): Cleaning up hardware components...
cleanupHardware(SIM): Cleaning up hardware components...
cleanupHardware(SIM): Cleaning up hardware components...
