train/action_std_21,train/std_min,train/action_std_23,train/action_std_19,train/action_std_07,train/action_std_17,rollout/ep_len_mean,rollout/force_onset_mean,time/total_timesteps,train/action_std_03,rollout/episodes_left,train/action_std_10,train/action_std_18,train/action_std_08,rollout/action_saturation_fraction,rollout/ep_rew_mean,train/action_std_12,rollout/episodes_down,rollout/force_requested_impulse_mean,train/action_std_05,time/fps,train/action_std_20,train/action_std_01,rollout/episodes_right,time/time_elapsed,train/action_std_13,rollout/force_direction_mean,time/iterations,train/std_max,rollout/is_fall_mean,train/action_std_09,rollout/recovery_down,rollout/is_timeout_mean,train/action_std_22,train/action_std_11,train/action_std_15,train/action_std_14,train/action_std_16,train/action_std_00,train/action_std_04,train/action_std_06,rollout/recovery_up,rollout/recovery_left,rollout/recovery_right,train/action_std_24,train/action_std_02,rollout/episodes_up,train/clip_range_vf,rollout/episodes_noforce,rollout/timeout_without_onset_fraction,rollout/recovery_back,train/entropy_loss,train/explained_variance,rollout/recovery_noforce,train/clip_range,rollout/timeouts,train/n_updates,train/std,rollout/episodes_back,train/policy_gradient_loss,train/loss,rollout/recovery_fwd,train/clip_fraction,train/learning_rate,train/value_loss,rollout/episodes_fwd,train/approx_kl
0.08898065239191055,0.08674445748329163,0.0900103896856308,0.09096547961235046,0.08856526017189026,0.09168760478496552,386.42857142857144,1.4105714285714297,131072,0.09125185757875443,4,0.08803611248731613,0.08815278857946396,0.09002682566642761,0.0,255.406005859375,0.09137305617332458,6,2.881263857429698,0.08914025127887726,5797,0.08996237069368362,0.09163190424442291,3,22,0.08674445748329163,3.642857142857143,1,0.09168760478496552,1.0,0.09080807864665985,0.0,0.0,0.08928269147872925,0.09134966135025024,0.09032973647117615,0.0882166400551796,0.08975659310817719,0.08820841461420059,0.08769518882036209,0.09076288342475891,0.0,0.0,0.0,0.0915672779083252,0.08883100003004074,1,,,,,,,,,,,,,,,,,,,,
0.08921986818313599,0.0869726687669754,0.0901704728603363,0.09109131246805191,0.08876634389162064,0.09193731099367142,1000.0,1.4148163265306133,262144,0.09139515459537506,42,0.08809015899896622,0.0884675532579422,0.09017980098724365,0.0,688.9863891601562,0.09160090982913971,25,1.3862945493738552,0.0892588347196579,5281,0.09009246528148651,0.09174586832523346,36,49,0.0869726687669754,1.853061224489796,2,0.09193731099367142,0.1306122448979592,0.0910148099064827,0.88,0.8693877551020408,0.08949504047632217,0.09162864834070206,0.09049131721258163,0.08844439685344696,0.09001892805099487,0.08834312856197357,0.08793037384748459,0.09095854312181473,0.9142857142857143,0.6666666666666666,0.7222222222222222,0.09186280518770218,0.08901797235012054,35,0.2,40,0.0,1.0,24.773561124503612,0.7392117977142334,1.0,0.1,213,2770,0.0899277850985527,37,-0.0037175325962380155,0.4976097047328949,0.9333333333333333,0.114544677734375,1e-05,0.18188708910020068,30,0.0023664127
0.0894538089632988,0.08722054958343506,0.09044712781906128,0.0912979245185852,0.08901265263557434,0.09206799417734146,903.15,1.4086428571428582,393216,0.09162946045398712,9,0.08835726231336594,0.08864632993936539,0.0903809443116188,0.0,621.273681640625,0.09198429435491562,2,1.6885804699849771,0.08937902003526688,5183,0.09033872187137604,0.0920165553689003,7,75,0.08722054958343506,2.2857142857142856,3,0.09206799417734146,0.5,0.09120174497365952,0.5,0.5,0.08973414450883865,0.0920032188296318,0.09069004654884338,0.08857698738574982,0.09020934998989105,0.08854272216558456,0.08823523670434952,0.09123847633600235,0.5,0.2222222222222222,0.5714285714285714,0.09202323108911514,0.08911047875881195,4,0.2,3,0.0,1.0,24.715099516510964,0.8036820888519287,1.0,0.1,14,2780,0.09015192836523056,2,-0.0034590751881296454,0.439787894487381,0.0,0.12039413452148437,1e-05,0.21828352485899813,1,0.0024809148
0.08954940736293793,0.08742549270391464,0.09062902629375458,0.09153157472610474,0.08920866250991821,0.09239275008440018,997.22,1.4110127659574478,524288,0.09179423749446869,24,0.0885949358344078,0.0887909010052681,0.09061077237129211,0.0,692.6190795898438,0.09218508750200272,44,1.4174939165310365,0.08955337852239609,5088,0.09057921916246414,0.09222501516342163,30,103,0.08742549270391464,1.995744680851064,4,0.09239275008440018,0.08085106382978724,0.09140852838754654,0.9772727272727273,0.9191489361702128,0.08987584710121155,0.09220658987760544,0.09083843231201172,0.08882227540016174,0.09035228937864304,0.08871423453092575,0.08847539871931076,0.09143348783254623,0.8709677419354839,0.7083333333333334,0.9,0.09211783856153488,0.08921895921230316,31,0.2,45,0.0,1.0,24.658039686083793,0.7866591215133667,0.9777777777777777,0.1,216,2790,0.09034137427806854,32,-0.003969205510111351,0.39967119693756104,0.896551724137931,0.11095504760742188,1e-05,0.1409637560020201,29,0.0022396455
0.08986946195363998,0.0877854973077774,0.09089597314596176,0.09172600507736206,0.08949600160121918,0.09268812090158463,879.73,1.4209523809523819,655360,0.09205037355422974,5,0.08892299234867096,0.08896457403898239,0.0908573642373085,0.0,602.8759155273438,0.09236909449100494,3,1.4043812359007366,0.08971007913351059,5059,0.09087853133678436,0.09245117008686066,8,129,0.0877854973077774,1.8571428571428572,5,0.09268812090158463,0.4523809523809524,0.09157856553792953,0.3333333333333333,0.5476190476190477,0.0900857225060463,0.09222287684679031,0.09120815992355347,0.08895373344421387,0.09054401516914368,0.08886972814798355,0.08864571154117584,0.09176255017518997,0.25,0.0,0.25,0.0923498123884201,0.08949122577905655,8,0.2,8,0.0,1.0,24.59884465187788,0.8111504912376404,1.0,0.1,23,2800,0.09057509154081345,5,-0.003766980519594654,0.3777543306350708,1.0,0.11522445678710938,1e-05,0.169585042539984,5,0.0024133795
0.09006684273481369,0.0879359245300293,0.09112677723169327,0.09201131761074066,0.0897684320807457,0.09285850077867508,1000.0,1.4114909090909102,786432,0.09220706671476364,31,0.0891231819987297,0.08923500031232834,0.09105800092220306,0.0,691.205322265625,0.0926787257194519,29,1.2456845915968369,0.08994816988706589,5014,0.09109733253717422,0.09283572435379028,29,156,0.0879359245300293,1.6727272727272726,6,0.09285850077867508,0.10454545454545454,0.0918712392449379,0.896551724137931,0.8954545454545455,0.0903163030743599,0.09243020415306091,0.09147663414478302,0.08917398005723953,0.09079045057296753,0.08916281908750534,0.08884528279304504,0.09199637919664383,0.88,0.7419354838709677,0.8620689655172413,0.09262681007385254,0.0896802470088005,25,0.2,47,0.0,1.0,24.533856362104416,0.7839229702949524,1.0,0.1,197,2810,0.09081285446882248,21,-0.003861053816945059,0.416540265083313,0.868421052631579,0.10848922729492187,1e-05,0.15046329050674104,38,0.002292646
0.0904519334435463,0.08815259486436844,0.09148389846086502,0.0923391729593277,0.08999662846326828,0.09315428137779236,896.04,1.4166785714285726,917504,0.09245195984840393,13,0.08921287208795547,0.08957227319478989,0.09128101170063019,0.0,617.3280639648438,0.09292551130056381,9,1.7250310217629854,0.09014523029327393,5000,0.09121163934469223,0.09293703734874725,9,183,0.08815259486436844,2.6785714285714284,7,0.09315428137779236,0.3392857142857143,0.09214074909687042,0.5555555555555556,0.6607142857142857,0.09054259955883026,0.09263774007558823,0.09160883724689484,0.08937279880046844,0.09112951904535294,0.08946174383163452,0.08913730829954147,0.09227493405342102,0.7857142857142857,0.38461538461538464,0.6666666666666666,0.09290555119514465,0.08990733325481415,14,0.2,6,0.0,0.5,24.467579318583013,0.795941174030304,1.0,0.1,37,2820,0.09105740487575531,2,-0.0038979069825472836,0.38958409428596497,1.0,0.11948928833007813,1e-05,0.17912332512205467,3,0.0024349391
0.09065961092710495,0.08831996470689774,0.09163185954093933,0.09257430583238602,0.09005763381719589,0.09326574951410294,998.49,1.4255502392344508,1048576,0.09268840402364731,33,0.08935055881738663,0.08972746878862381,0.09157588332891464,0.0,692.8219604492188,0.09309527277946472,31,1.3880835833059955,0.09032414108514786,4975,0.09128916263580322,0.09298694878816605,24,210,0.08831996470689774,2.062200956937799,8,0.09326574951410294,0.10526315789473684,0.09238841384649277,0.8064516129032258,0.8947368421052632,0.09068678319454193,0.09280272573232651,0.09188679605722427,0.08944382518529892,0.09138540923595428,0.08965303748846054,0.08934001624584198,0.09254831075668335,0.8611111111111112,0.8484848484848485,0.75,0.09305550158023834,0.09011179953813553,36,0.2,33,0.0,1.0,24.41046390235424,0.8003252744674683,1.0,0.1,187,2830,0.0912339836359024,27,-0.0035935653951128187,0.41286802291870117,1.0,0.10870208740234374,1e-05,0.16877704280777833,25,0.002271162
0.0908907949924469,0.08837930858135223,0.09191054850816727,0.09288504719734192,0.09022519737482071,0.09338182955980301,842.08,1.4045194805194814,1179648,0.09288633614778519,18,0.08960610628128052,0.08988139778375626,0.09175962209701538,0.0,580.6700439453125,0.09338784217834473,14,1.705361236203881,0.09053605794906616,4968,0.09152336418628693,0.09335507452487946,15,237,0.08837930858135223,2.4805194805194803,9,0.09338784217834473,0.38961038961038963,0.09272544831037521,0.6428571428571429,0.6103896103896104,0.09087824821472168,0.09301348775625229,0.09206713736057281,0.08956121653318405,0.09165985137224197,0.08987734466791153,0.08955922722816467,0.09275965392589569,0.6666666666666666,0.3333333333333333,0.4,0.09336391091346741,0.09028243273496628,9,0.2,6,0.0,0.9,24.355991148948668,0.8000640869140625,1.0,0.1,47,2840,0.09145425260066986,10,-0.003994410815630544,0.3645346760749817,1.0,0.11083450317382812,1e-05,0.15625486376229675,5,0.0023388066
0.09112780541181564,0.08856499195098877,0.09216948598623276,0.09318478405475616,0.09036844968795776,0.09363678842782974,975.19,1.3912142857142866,1310720,0.0931972861289978,29,0.0898728221654892,0.0900789126753807,0.09192639589309692,0.0,675.4244384765625,0.09363430738449097,22,1.2536622675135267,0.09078307449817657,4949,0.09166400134563446,0.09357918798923492,28,264,0.08856499195098877,1.8061224489795917,10,0.09363678842782974,0.10714285714285714,0.09291787445545197,0.8636363636363636,0.8928571428571429,0.09113023430109024,0.09321455657482147,0.09227357804775238,0.08961070328950882,0.0917932316660881,0.09015359729528427,0.08976755291223526,0.09306473284959793,0.90625,0.7586206896551724,0.7857142857142857,0.09351819008588791,0.09044130146503448,32,0.2,42,0.0,0.9375,24.296531523764134,0.7865839004516602,0.9761904761904762,0.1,175,2850,0.09166695177555084,16,-0.003811925425361551,0.5483838319778442,1.0,0.11660232543945312,1e-05,0.24147277412121185,27,0.0024244108
0.09126410633325577,0.08868812024593353,0.09239810705184937,0.09347304701805115,0.09069893509149551,0.09387585520744324,883.78,1.4099024390243913,1441792,0.09328021109104156,23,0.0901179239153862,0.09013459831476212,0.09217963367700577,0.0,609.4093627929688,0.09384826570749283,5,1.226313951600066,0.09098981320858002,4943,0.09191656857728958,0.09368839859962463,12,291,0.08868812024593353,1.8170731707317074,11,0.09387585520744324,0.2073170731707317,0.09311666339635849,0.8,0.7926829268292683,0.09123846143484116,0.09344994276762009,0.09244842827320099,0.08975102752447128,0.09189928323030472,0.09036125987768173,0.08991644531488419,0.09322931617498398,0.7333333333333333,0.5652173913043478,0.9166666666666666,0.09367980062961578,0.09060429781675339,15,0.2,21,0.0,1.0,24.242906725406648,0.8250619769096375,1.0,0.1,65,2860,0.09184993803501129,3,-0.003556773292075377,0.38315969705581665,0.6666666666666666,0.110504150390625,1e-05,0.15961641877074725,3,0.0023095156
0.09140317142009735,0.08879875391721725,0.09260735660791397,0.09357159584760666,0.09093334525823593,0.09415332973003387,975.87,1.4143174603174615,1572864,0.09358672797679901,24,0.09026198834180832,0.09024860709905624,0.09246721863746643,0.0,674.4346923828125,0.09394855797290802,23,1.15823456594085,0.09133574366569519,4928,0.09208551049232483,0.09382989257574081,26,319,0.08879875391721725,1.8835978835978835,12,0.09415332973003387,0.10052910052910052,0.09336733818054199,0.8260869565217391,0.8994708994708994,0.09145775437355042,0.09377090632915497,0.09267047792673111,0.08980094641447067,0.09209906309843063,0.09052368253469467,0.0900675356388092,0.09341283142566681,0.8571428571428571,0.875,0.8461538461538461,0.09397450089454651,0.09094350785017014,35,0.2,43,0.0,1.0,24.19088804423809,0.7694520950317383,0.9767441860465116,0.1,170,2870,0.09205280989408493,18,-0.0035102776559142513,0.3485059142112732,0.9,0.11187820434570313,1e-05,0.15544509533501696,20,0.0023407286
0.09159944206476212,0.08902740478515625,0.09284709393978119,0.09383746236562729,0.09110518544912338,0.09431152045726776,909.53,1.4027872340425545,1703936,0.09385871887207031,15,0.09044984728097916,0.09042881429195404,0.09258803725242615,0.0,622.4605712890625,0.09418287128210068,14,1.4102342875969966,0.09143675863742828,4924,0.0923517644405365,0.09390448778867722,14,346,0.08902740478515625,1.9574468085106382,13,0.09431152045726776,0.2127659574468085,0.09381645172834396,0.7857142857142857,0.7872340425531915,0.09165860712528229,0.09391970932483673,0.09286664426326752,0.0901632234454155,0.09236595034599304,0.09061792492866516,0.0903700664639473,0.09362872689962387,0.5833333333333334,0.5333333333333333,0.7857142857142857,0.09422972798347473,0.09120289981365204,12,0.2,17,0.0,1.0,24.13332245051861,0.7788857221603394,1.0,0.1,74,2880,0.09227076917886734,11,-0.003910455637196719,0.45614251494407654,0.8181818181818182,0.10692214965820312,1e-05,0.1534229348122608,11,0.0022858926
0.09178865700960159,0.08919331431388855,0.09311763942241669,0.09414361417293549,0.09141391515731812,0.0945691242814064,975.84,1.404735632183909,1835008,0.09406781941652298,23,0.09065044671297073,0.09056305885314941,0.09274992346763611,0.0,675.1104125976562,0.09436143189668655,18,1.2650452608758258,0.09167582541704178,4914,0.09253633767366409,0.09427004307508469,30,373,0.08919331431388855,1.8160919540229885,14,0.0945691242814064,0.1206896551724138,0.0940658450126648,0.7777777777777778,0.8793103448275862,0.0918605774641037,0.09420445561408997,0.0931537076830864,0.09057746827602386,0.092620849609375,0.09077082574367523,0.09057113528251648,0.09365404397249222,0.875,0.7391304347826086,0.9,0.09439589828252792,0.0913655012845993,24,0.2,30,0.0,1.0,24.073281276226044,0.7576886415481567,1.0,0.1,153,2890,0.09249365329742432,24,-0.003963625514006708,0.4476069509983063,0.8,0.111920166015625,1e-05,0.16934354959521442,25,0.002316832
0.09198957681655884,0.08950643986463547,0.09340561181306839,0.09443644434213638,0.09174653887748718,0.09488234668970108,922.55,1.4110280373831785,1966080,0.09427548199892044,25,0.09088288992643356,0.0907072201371193,0.09299870580434799,0.0,634.57958984375,0.09459977596998215,19,1.4990207731061183,0.09184391051530838,4912,0.09284497052431107,0.09447912126779556,17,400,0.08950643986463547,2.1682242990654204,15,0.09488234668970108,0.205607476635514,0.09434125572443008,0.8421052631578947,0.794392523364486,0.09214698523283005,0.09441942721605301,0.09336039423942566,0.09079831093549728,0.09288748353719711,0.0908319354057312,0.09081485122442245,0.09389295428991318,0.9,0.72,0.6470588235294118,0.09455578029155731,0.09167800843715668,10,0.2,16,0.0,0.9166666666666666,24.011120268702506,0.801712691783905,0.875,0.1,85,2900,0.09273305535316467,12,-0.003942262491545989,0.4260067343711853,0.75,0.1123291015625,1e-05,0.1595755510556046,8,0.0023358653
0.09216557443141937,0.08973021805286407,0.09361135959625244,0.09460613131523132,0.09193969517946243,0.09509627521038055,964.92,1.4100981595092035,2097152,0.09443029761314392,22,0.09110868722200394,0.09085703641176224,0.09312359988689423,0.0,662.0547485351562,0.0947977602481842,18,1.217406069918625,0.09209869056940079,4903,0.0930018275976181,0.09475638717412949,22,427,0.08973021805286407,1.5153374233128833,16,0.09509627521038055,0.0736196319018405,0.09448179602622986,0.8888888888888888,0.9263803680981595,0.09233509749174118,0.09457014501094818,0.09344951808452606,0.09101739525794983,0.0930357575416565,0.09101786464452744,0.09098485112190247,0.0940973162651062,0.8823529411764706,0.8636363636363636,0.7727272727272727,0.09472982585430145,0.09189196676015854,17,0.2,40,0.0,1.0,23.954500713944434,0.8301787376403809,1.0,0.1,151,2910,0.09291740506887436,19,-0.004044213292854692,0.42110878229141235,1.0,0.11466522216796875,1e-05,0.16755033463123253,25,0.002372663
0.09240982681512833,0.09000355750322342,0.09387066960334778,0.09484555572271347,0.0922698974609375,0.09532243758440018,908.49,1.4094354838709686,2228224,0.09477527439594269,24,0.09139111638069153,0.09102058410644531,0.09343354403972626,0.0,624.4886474609375,0.09505823999643326,20,1.5756615079388554,0.09235192835330963,4901,0.09328565746545792,0.09515663236379623,16,454,0.09000355750322342,2.0483870967741935,17,0.09532243758440018,0.18548387096774194,0.09470938891172409,0.75,0.8145161290322581,0.09252151101827621,0.0948338583111763,0.09366223961114883,0.0912923589348793,0.09313636273145676,0.0912543386220932,0.09121161699295044,0.09431035071611404,0.7857142857142857,0.6666666666666666,0.625,0.09488985687494278,0.09211159497499466,14,0.2,14,0.0,1.0,23.89582922309637,0.7197235822677612,1.0,0.1,101,2920,0.09316512942314148,16,-0.0037156999767830714,0.31537365913391113,0.95,0.10438308715820313,1e-05,0.13505022244644352,20,0.002240555
0.09273040294647217,0.09026048332452774,0.09410782158374786,0.09497625380754471,0.09235557913780212,0.0955013632774353,945.25,1.4192911392405074,2359296,0.09495992958545685,21,0.09167034178972244,0.09128651767969131,0.09363169968128204,0.0,649.0800170898438,0.0953112542629242,21,1.3853469147067652,0.09265941381454468,4895,0.09347997605800629,0.09547743946313858,26,481,0.09026048332452774,1.8227848101265822,18,0.0955013632774353,0.1518987341772152,0.09486711025238037,0.9047619047619048,0.8481012658227848,0.09276942908763885,0.09509673714637756,0.0937998816370964,0.09159424901008606,0.09331773221492767,0.09140589088201523,0.09135473519563675,0.09469088912010193,0.9473684210526315,0.5714285714285714,0.6538461538461539,0.09522727876901627,0.09226422011852264,19,0.2,28,0.0,1.0,23.832154342532156,0.7903872728347778,0.9285714285714286,0.1,134,2930,0.09339186549186707,15,-0.003724322800189839,0.4129525423049927,0.9642857142857143,0.11779403686523438,1e-05,0.17080569608951918,28,0.0024115653
0.09302819520235062,0.0903831422328949,0.09438798576593399,0.09511730074882507,0.0925402119755745,0.09564366936683655,912.37,1.399750000000001,2490368,0.09522850811481476,30,0.09184343367815018,0.0915890485048294,0.0937938392162323,0.0,625.36669921875,0.09553370624780655,14,1.3212421049009793,0.0929516851902008,4893,0.0936557874083519,0.09572586417198181,23,508,0.0903831422328949,2.1328125,19,0.09572586417198181,0.2265625,0.09514907747507095,0.8571428571428571,0.7734375,0.09288298338651657,0.09526599943637848,0.09405160695314407,0.09183374792337418,0.09355607628822327,0.0915885865688324,0.0915028378367424,0.09489531815052032,0.65,0.6333333333333333,0.6521739130434783,0.09549449384212494,0.09250979870557785,20,0.2,17,0.0,1.0,23.773013778030872,0.798096776008606,1.0,0.1,99,2940,0.09360611438751221,11,-0.0039496482580034355,0.39769548177719116,0.9230769230769231,0.1182586669921875,1e-05,0.20842319435905665,13,0.002410357
0.09315302222967148,0.09056934714317322,0.09453050792217255,0.09539680182933807,0.0928584560751915,0.0957193449139595,939.32,1.4120261437908508,2621440,0.09545454382896423,21,0.0919751226902008,0.09187553822994232,0.09384045749902725,0.0,648.7544555664062,0.09577091038227081,22,1.4072061429619895,0.09317038208246231,4888,0.0938931554555893,0.09595615416765213,24,536,0.09056934714317322,1.9215686274509804,20,0.09595615416765213,0.17647058823529413,0.09546887874603271,0.7727272727272727,0.8235294117647058,0.09309793263673782,0.09555993229150772,0.09432309865951538,0.09207901358604431,0.09370606392621994,0.0917687937617302,0.09174439311027527,0.09506891667842865,0.5555555555555556,0.8095238095238095,0.75,0.0956856831908226,0.09270274639129639,18,0.2,21,0.0,1.0,23.717179802060127,0.8127994537353516,1.0,0.1,126,2950,0.09381476789712906,19,-0.004036684275160951,0.3748702108860016,0.8571428571428571,0.11507186889648438,1e-05,0.19702639055321924,28,0.002396381
0.0934615209698677,0.09079456329345703,0.0947292372584343,0.09552275389432907,0.09315124154090881,0.09592307358980179,929.21,1.3934198473282453,2752512,0.09571149200201035,24,0.09220592677593231,0.09211504459381104,0.09411991387605667,0.0,644.4617309570312,0.09617114812135696,25,1.4743938435361836,0.09333526343107224,4885,0.09408026933670044,0.09609837830066681,14,563,0.09079456329345703,1.9770992366412214,21,0.09617114812135696,0.183206106870229,0.09576556086540222,0.72,0.816793893129771,0.0932997316122055,0.09579828381538391,0.09453768283128738,0.09225555509328842,0.09392056614160538,0.09191545844078064,0.09208176285028458,0.09529545903205872,0.9230769230769231,0.625,0.7857142857142857,0.09599365293979645,0.09299187362194061,13,0.2,21,0.0,0.9230769230769231,23.65793783515692,0.8061840534210205,1.0,0.1,107,2960,0.09405101835727692,13,-0.003971665893459431,0.4006674885749817,0.8571428571428571,0.10852279663085937,1e-05,0.1855588902544696,21,0.0022897646
0.09363853186368942,0.09101899713277817,0.09512340277433395,0.09581045806407928,0.0933888629078865,0.09621570259332657,981.49,1.416260273972604,2883584,0.09589184075593948,19,0.09236513823270798,0.09230569750070572,0.09425783902406693,0.0,676.4795532226562,0.09636451303958893,20,1.1783409839152192,0.0933786928653717,4882,0.09431329369544983,0.09631581604480743,23,590,0.09101899713277817,1.7671232876712328,22,0.09636451303958893,0.0684931506849315,0.09596321731805801,0.95,0.9315068493150684,0.09359708428382874,0.09607819467782974,0.09472212195396423,0.0926077589392662,0.09402483701705933,0.09217126667499542,0.09237322211265564,0.09557473659515381,1.0,0.7368421052631579,0.8260869565217391,0.09627360105514526,0.09321486949920654,18,0.2,32,0.0,1.0,23.59559785425663,0.7756022810935974,1.0,0.1,136,2970,0.09427957981824875,11,-0.0033236635481443955,0.489338755607605,1.0,0.115814208984375,1e-05,0.1724833515996579,23,0.002306501
0.093866728246212,0.09122257679700851,0.09526197612285614,0.09594928473234177,0.09353972226381302,0.09638503193855286,941.93,1.4409047619047628,3014656,0.09615620225667953,19,0.09259256720542908,0.09252779930830002,0.09453003853559494,0.0,649.9004516601562,0.09661779552698135,15,1.2852320620319724,0.09365969896316528,4880,0.09461434185504913,0.09654156118631363,14,617,0.09122257679700851,1.7857142857142858,23,0.09661779552698135,0.15079365079365079,0.09614065289497375,0.8,0.8492063492063492,0.09381012618541718,0.09633304178714752,0.09503816068172455,0.0928589403629303,0.09423098713159561,0.09229863435029984,0.09262317419052124,0.0957336500287056,0.8260869565217391,0.5789473684210527,0.7857142857142857,0.09646342694759369,0.0933898463845253,23,0.2,30,0.0,1.0,23.53638071268797,0.7943301796913147,1.0,0.1,107,2980,0.09449544548988342,8,-0.003836613095154462,0.3862245976924896,0.9411764705882353,0.115557861328125,1e-05,0.13455453850328922,17,0.0023950813
0.09411215037107468,0.09140850603580475,0.09543438255786896,0.09615784138441086,0.09385399520397186,0.09662185609340668,943.66,1.4183612903225817,3145728,0.09643565118312836,31,0.0928904339671135,0.09281637519598007,0.09474737197160721,0.0,647.5013427734375,0.09674960374832153,13,1.3589783440722627,0.0938226506114006,4877,0.09493125230073929,0.0968330055475235,27,644,0.09140850603580475,2.0193548387096776,24,0.0968330055475235,0.15483870967741936,0.09629931300878525,0.5384615384615384,0.8451612903225807,0.09399242699146271,0.09646482765674591,0.09511612355709076,0.09311751276254654,0.09441102296113968,0.09243391454219818,0.0928955227136612,0.09606149047613144,0.9642857142857143,0.5483870967741935,0.9259259259259259,0.09669698774814606,0.09362966567277908,28,0.2,24,0.0,1.0,23.479243782162666,0.7718034386634827,0.9583333333333334,0.1,131,2990,0.0947173461318016,17,-0.003975350014843571,0.44432133436203003,1.0,0.10816879272460937,1e-05,0.15633129242341964,15,0.0023021214
0.09442665427923203,0.0916876345872879,0.09567523747682571,0.09653797000646591,0.0941341370344162,0.09692327678203583,913.7,1.4259055118110244,3276800,0.09667658060789108,22,0.09301302582025528,0.09302129596471786,0.09486807882785797,0.0,628.6349487304688,0.09702720493078232,19,1.5457506407992168,0.09401340782642365,4875,0.09495558589696884,0.09704520553350449,17,672,0.0916876345872879,2.2755905511811023,25,0.09704520553350449,0.1968503937007874,0.09650690853595734,0.7894736842105263,0.8031496062992126,0.09415218979120255,0.09666001051664352,0.09521099925041199,0.09335505217313766,0.09468400478363037,0.09256579726934433,0.09292179346084595,0.09619808942079544,0.72,0.6818181818181818,0.6470588235294118,0.09701494872570038,0.09386596828699112,25,0.2,17,0.0,0.9375,23.422517247498035,0.8079545497894287,1.0,0.1,102,3000,0.0949256420135498,16,-0.003658874213033414,0.43016135692596436,1.0,0.11179885864257813,1e-05,0.17081526488182136,11,0.0023341072
0.09464626759290695,0.0918833315372467,0.09595605731010437,0.09678491204977036,0.09433421492576599,0.09715890139341354,924.24,1.4128133333333344,3407872,0.09687191992998123,24,0.09319878369569778,0.09327466785907745,0.09507689625024796,0.0,640.95068359375,0.0971507877111435,24,1.2897913859849752,0.09425419569015503,4872,0.09522686898708344,0.09725204110145569,19,699,0.0918833315372467,1.9,26,0.09725204110145569,0.14666666666666667,0.09657042473554611,0.875,0.8533333333333334,0.09429804980754852,0.09686819463968277,0.0954618901014328,0.09350630640983582,0.09496331959962845,0.09278670698404312,0.09307026118040085,0.09634815901517868,0.6111111111111112,0.8333333333333334,0.631578947368421,0.09719619899988174,0.09417903423309326,18,0.2,28,0.0,1.0,23.368207022547722,0.785961925983429,1.0,0.1,128,3010,0.0951327309012413,16,-0.004036548715430399,0.4162556529045105,0.9523809523809523,0.11282806396484375,1e-05,0.1787706433387939,21,0.0023311856
0.09484951198101044,0.09206409007310867,0.0962601974606514,0.0969371646642685,0.09456274658441544,0.09746161103248596,946.85,1.4080461538461548,3538944,0.09700296074151993,18,0.09343692660331726,0.09354820102453232,0.09542524069547653,0.0,656.3524169921875,0.09742248803377151,16,1.2373251424312268,0.09442935138940811,4871,0.0953078642487526,0.09761130809783936,18,726,0.09206409007310867,1.8,27,0.09761130809783936,0.12307692307692308,0.0966697633266449,0.6875,0.8769230769230769,0.094638392329216,0.0970565602183342,0.09555548429489136,0.093659408390522,0.09504985809326172,0.09306144714355469,0.09334111958742142,0.09659426659345627,0.9473684210526315,0.8333333333333334,0.7222222222222222,0.09739172458648682,0.09446116536855698,19,0.2,27,0.0,1.0,23.311615706980227,0.8099228143692017,1.0,0.1,114,3020,0.09535194933414459,15,-0.003950569272001303,0.36683398485183716,0.8823529411764706,0.11516799926757812,1e-05,0.15936403011437505,17,0.002390352
0.0949915200471878,0.09215999394655228,0.09648134559392929,0.09714514017105103,0.09472966194152832,0.09773837774991989,920.1,1.4138533333333343,3670016,0.09725575149059296,31,0.0935741662979126,0.09378691017627716,0.09568152576684952,0.0,637.30908203125,0.0976099967956543,23,1.3833161509444774,0.09463972598314285,4869,0.09552812576293945,0.09769709408283234,20,753,0.09215999394655228,1.8333333333333333,28,0.09773837774991989,0.14,0.09691239148378372,0.6956521739130435,0.86,0.09478603303432465,0.0972999781370163,0.09585393965244293,0.09381795674562454,0.09521769732236862,0.0932808518409729,0.09352300316095352,0.09684416651725769,0.875,0.7096774193548387,0.85,0.09760729968547821,0.09466341882944107,16,0.2,34,0.0,1.0,23.256248286366464,0.810127317905426,1.0,0.1,129,3030,0.09555304050445557,8,-0.0037469981056347025,0.3477502763271332,1.0,0.11466064453125,1e-05,0.1442749077163171,18,0.0023475152
0.09520623087882996,0.09239619225263596,0.0966164618730545,0.09741447865962982,0.09498701244592667,0.09798523783683777,917.18,1.4037887323943672,3801088,0.09742686152458191,28,0.09376479685306549,0.09405508637428284,0.09587103873491287,0.0,634.8931884765625,0.09773194789886475,15,1.3441999295436884,0.09496232867240906,4868,0.09580899775028229,0.09795928746461868,23,780,0.09239619225263596,1.9225352112676057,29,0.09798523783683777,0.18309859154929578,0.09703853726387024,0.7333333333333333,0.8169014084507042,0.09493362903594971,0.09756974130868912,0.09612857550382614,0.09391772747039795,0.09538397938013077,0.09351247549057007,0.09372418373823166,0.09698791056871414,0.85,0.6428571428571429,0.6956521739130435,0.0978262722492218,0.0948907658457756,20,0.2,23,0.0,0.9375,23.202786894142626,0.7817314267158508,1.0,0.1,116,3040,0.09576398879289627,16,-0.0037735058002908773,0.3263101577758789,0.9411764705882353,0.11368560791015625,1e-05,0.17500595067394897,17,0.0023126558
0.09540799260139465,0.09265425056219101,0.09686975181102753,0.097720667719841,0.09514354169368744,0.09829492121934891,948.11,1.4412765957446818,3932160,0.09759940952062607,17,0.09400137513875961,0.09435639530420303,0.09617536514997482,0.0,653.3717651367188,0.09780017286539078,15,1.22232489312262,0.09519302845001221,4867,0.09607630968093872,0.09802565723657608,24,807,0.09265425056219101,1.7446808510638299,30,0.09829492121934891,0.11347517730496454,0.09723395854234695,0.7333333333333333,0.8865248226950354,0.09518720954656601,0.09776446223258972,0.09624993801116943,0.09416700154542923,0.09561029821634293,0.09369567781686783,0.09393332898616791,0.0971357524394989,0.8571428571428571,0.7058823529411765,0.9583333333333334,0.09801013767719269,0.0952555313706398,21,0.2,35,0.0,0.9375,23.146593548357487,0.7754513621330261,1.0,0.1,125,3050,0.09598248451948166,16,-0.003689187737109023,0.4064631462097168,0.8461538461538461,0.11550827026367187,1e-05,0.18986388016492128,13,0.002406632
0.095619797706604,0.09284988790750504,0.09700016677379608,0.0980541780591011,0.09542346000671387,0.09843410551548004,935.85,1.4184233576642344,4063232,0.09781505167484283,32,0.09413829445838928,0.09450247883796692,0.09639617800712585,0.0,648.5027465820312,0.098101906478405,13,1.158830258573138,0.09548265486955643,4866,0.09636092931032181,0.09826138615608215,15,834,0.09284988790750504,1.635036496350365,31,0.09843410551548004,0.15328467153284672,0.09731665998697281,0.7692307692307693,0.8467153284671532,0.09550534933805466,0.09794648736715317,0.0963541716337204,0.09452694654464722,0.09591857343912125,0.09395841509103775,0.09417856484651566,0.09749120473861694,0.8666666666666667,0.65625,0.8666666666666667,0.0982019454240799,0.09541388601064682,15,0.2,26,0.0,0.9375,23.0883332952857,0.7716429233551025,1.0,0.1,116,3060,0.09621009975671768,16,-0.003446182294464961,0.35159391164779663,0.9,0.1091796875,1e-05,0.135439256450627,20,0.0022865043
0.09575282037258148,0.09308843314647675,0.09735379368066788,0.09828488528728485,0.09569133818149567,0.0986652821302414,970.16,1.4163916083916095,4194304,0.09799814969301224,18,0.09438181668519974,0.09461765736341476,0.09656472504138947,0.0,665.9788818359375,0.09839611500501633,20,1.4098253228573345,0.09571381658315659,4865,0.09656872600317001,0.09843326359987259,22,862,0.09308843314647675,1.93006993006993,32,0.0986652821302414,0.1048951048951049,0.09754528105258942,0.85,0.8951048951048951,0.09571213275194168,0.09831472486257553,0.09650317579507828,0.09482936561107635,0.09613368660211563,0.0941263735294342,0.09434887766838074,0.09762966632843018,0.8,0.7222222222222222,0.9545454545454546,0.09840963035821915,0.09568244218826294,20,0.2,22,0.0,1.0,23.030134692788124,0.8025338053703308,1.0,0.1,128,3070,0.09642983973026276,16,-0.003594284557402716,0.43916842341423035,0.92,0.11162948608398438,1e-05,0.15235197154979688,25,0.002388261
0.09592223167419434,0.09327222406864166,0.09749403595924377,0.09847936779260635,0.09587471932172775,0.09889280796051025,917.96,1.4138015267175583,4325376,0.0982975885272026,15,0.09455873817205429,0.09489257633686066,0.09683026373386383,0.0,629.647705078125,0.09867626428604126,14,1.3794408212681324,0.09594142436981201,4864,0.09678677469491959,0.09869924932718277,26,889,0.09327222406864166,1.9618320610687023,33,0.09889280796051025,0.13740458015267176,0.09774111211299896,0.8571428571428571,0.8625954198473282,0.09589437395334244,0.0985618308186531,0.09675216674804688,0.09498481452465057,0.09631212055683136,0.09424678236246109,0.09456998854875565,0.09774266928434372,0.8571428571428571,0.8666666666666667,0.6923076923076923,0.09858528524637222,0.09588654339313507,21,0.2,19,0.0,0.9285714285714286,22.975617775321005,0.8259434103965759,1.0,0.1,113,3080,0.0966358333826065,14,-0.0042531911940386635,0.37284955382347107,0.9090909090909091,0.10305862426757813,1e-05,0.12606686970393638,22,0.0022291217
0.0962851420044899,0.0935644581913948,0.0978219285607338,0.09878598153591156,0.09610883891582489,0.09914878755807877,955.11,1.4086293706293713,4456448,0.09851042926311493,20,0.09480811655521393,0.09518387913703918,0.09711524099111557,0.0,657.4100952148438,0.09897776693105698,16,1.4066675639212836,0.09622354805469513,4862,0.09697803854942322,0.09892015904188156,29,916,0.0935644581913948,2.006993006993007,34,0.09914878755807877,0.1048951048951049,0.09805120527744293,0.8125,0.8951048951048951,0.0960465595126152,0.09887802600860596,0.09700865298509598,0.09525202959775925,0.09653477370738983,0.09442509710788727,0.09470933675765991,0.09798011928796768,0.9523809523809523,0.9,0.7586206896551724,0.09882058948278427,0.09607022255659103,21,0.2,21,0.0,1.0,22.915157525241376,0.7836904525756836,0.9523809523809523,0.1,128,3090,0.09688834846019745,17,-0.003771837552085344,0.33529961109161377,0.9473684210526315,0.11255416870117188,1e-05,0.14391059592890088,19,0.002285795
0.09650607407093048,0.09379732608795166,0.09804192930459976,0.09901010245084763,0.0963621437549591,0.09925884753465652,958.78,1.4162677165354343,4587520,0.09865975379943848,21,0.09498463571071625,0.09530670940876007,0.09741580486297607,0.0,662.10107421875,0.09926511347293854,14,1.2261960431172834,0.09645553678274155,4862,0.0970275029540062,0.09917574375867844,13,943,0.09379732608795166,1.779527559055118,35,0.09926511347293854,0.10236220472440945,0.09817785769701004,0.7142857142857143,0.8976377952755905,0.09622327238321304,0.09900382161140442,0.09728149324655533,0.09545040130615234,0.0968688428401947,0.09461533278226852,0.09489654004573822,0.09828851372003555,0.85,0.8095238095238095,1.0,0.0989346131682396,0.09627433121204376,20,0.2,22,0.0,1.0,22.857270756363867,0.7983468770980835,0.9545454545454546,0.1,114,3100,0.09709129482507706,17,-0.0037805599101375263,0.45437943935394287,0.95,0.10203018188476562,1e-05,0.12564534336852376,20,0.0021361806
0.09664872288703918,0.09399937838315964,0.0981842428445816,0.09937219321727753,0.09667211025953293,0.09945325553417206,926.45,1.4097197452229309,4718592,0.0987708643078804,29,0.09514875710010529,0.09548916667699814,0.09764682501554489,0.0,638.5205688476562,0.09943380951881409,20,1.3285506197474197,0.09676609933376312,4861,0.09734503924846649,0.09944725036621094,19,970,0.09399937838315964,1.89171974522293,36,0.09945325553417206,0.12101910828025478,0.09830616414546967,0.75,0.8789808917197452,0.096506766974926,0.09908510744571686,0.09758247435092926,0.09560546278953552,0.0970575138926506,0.09475982189178467,0.09508258104324341,0.09857942909002304,0.8333333333333334,0.7586206896551724,0.9473684210526315,0.09910256415605545,0.09658295661211014,24,0.2,28,0.0,1.0,22.80334751904011,0.7935511469841003,1.0,0.1,138,3110,0.09730514138936996,14,-0.003762292802275624,0.3191242218017578,0.9130434782608695,0.11492538452148438,1e-05,0.12459617972781416,23,0.0023217802
0.0969870314002037,0.09409426897764206,0.09838218241930008,0.09964733570814133,0.0969926193356514,0.09961552172899246,931.55,1.4261818181818193,4849664,0.09908933192491531,12,0.09533270448446274,0.09576551616191864,0.09784073382616043,0.0,644.9200439453125,0.09966305643320084,19,1.461713895172717,0.09709972888231277,4860,0.09749331325292587,0.09964260458946228,23,997,0.09409426897764206,1.9621212121212122,37,0.09966305643320084,0.1590909090909091,0.09863821417093277,0.7368421052631579,0.8409090909090909,0.09682340919971466,0.09921415150165558,0.0979604721069336,0.09584667533636093,0.09721209853887558,0.09495997428894043,0.09524130821228027,0.098898746073246,0.8,0.6666666666666666,0.8695652173913043,0.09928502142429352,0.09685183316469193,20,0.2,20,0.0,1.0,22.74498683363199,0.7719463109970093,1.0,0.1,111,3120,0.09754311293363571,11,-0.004128213125477486,0.34340640902519226,0.8148148148148148,0.119091796875,1e-05,0.16229423503973522,27,0.002480743
0.09715306013822556,0.09433621168136597,0.09867822378873825,0.09979338198900223,0.09728506207466125,0.0999084860086441,945.08,1.4250657894736853,4980736,0.0991382971405983,35,0.09552361071109772,0.09604986011981964,0.09804642200469971,0.0,649.304931640625,0.09991118311882019,20,1.491237339447353,0.09729716926813126,4859,0.0976463109254837,0.09978824853897095,25,1025,0.09433621168136597,2.1776315789473686,38,0.09991118311882019,0.15789473684210525,0.09875217080116272,0.8,0.8421052631578947,0.09714360535144806,0.09947459399700165,0.09818059206008911,0.09601064026355743,0.09740716218948364,0.09501580148935318,0.09554561972618103,0.09917233884334564,0.8636363636363636,0.6571428571428571,0.88,0.09959830343723297,0.09714506566524506,22,0.2,18,0.0,1.0,22.68707528412342,0.7668070197105408,1.0,0.1,128,3130,0.09776005893945694,16,-0.0040700284582271705,0.43467897176742554,0.875,0.11187210083007812,1e-05,0.17172789789328818,16,0.0023581446
0.09735295921564102,0.09460697323083878,0.09906356036663055,0.10000412166118622,0.09757870435714722,0.1000538021326065,914.59,1.4241984732824438,5111808,0.09934704005718231,22,0.0957467257976532,0.09630946069955826,0.09815798699855804,0.0,623.1495971679688,0.10000018775463104,12,1.3589855442667753,0.09750479459762573,4858,0.09800411015748978,0.09995156526565552,22,1052,0.09460697323083878,1.984732824427481,39,0.1000538021326065,0.21374045801526717,0.09881328046321869,0.8333333333333334,0.7862595419847328,0.09728778153657913,0.0996638685464859,0.09839198738336563,0.09630061686038971,0.09764879941940308,0.09528880566358566,0.0956614539027214,0.09938008338212967,0.72,0.5,0.7272727272727273,0.09983545541763306,0.09746993333101273,25,0.2,21,0.0,0.9090909090909091,22.6313208848238,0.7885265946388245,1.0,0.1,103,3140,0.09797695279121399,11,-0.0033406508115149335,0.4054016172885895,0.9444444444444444,0.110205078125,1e-05,0.17883420654106885,18,0.0023272862
0.0974854826927185,0.09487739950418472,0.09924817085266113,0.10029798746109009,0.09778805077075958,0.10027635097503662,955.25,1.4208783783783794,5242880,0.09948984533548355,19,0.09603302925825119,0.09656589478254318,0.09830288589000702,0.0,658.7386474609375,0.10035381466150284,23,1.251771977200403,0.09775951504707336,4856,0.09826768934726715,0.10025153309106827,28,1079,0.09487739950418472,1.9662162162162162,40,0.10035381466150284,0.11486486486486487,0.09902965277433395,0.7391304347826086,0.8851351351351351,0.0975612998008728,0.09990965574979782,0.09862882643938065,0.09658005088567734,0.09784476459026337,0.09564749896526337,0.095952607691288,0.09959472715854645,0.9411764705882353,0.8421052631578947,0.8571428571428571,0.10006315261125565,0.09769150614738464,17,0.2,29,0.0,0.9333333333333333,22.572690320014953,0.7912896275520325,1.0,0.1,131,3150,0.09822005778551102,15,-0.004424266901969532,0.44009530544281006,0.8823529411764706,0.12190628051757812,1e-05,0.20358141781762243,17,0.002482916
0.09777441620826721,0.09512224793434143,0.09947054088115692,0.1004808247089386,0.09818705916404724,0.10040836036205292,942.65,1.4131937984496135,5373952,0.09970034658908844,22,0.09617182612419128,0.09687022864818573,0.09854844212532043,0.0,650.0390625,0.10060575604438782,26,1.5507039806516627,0.0979851633310318,4855,0.09860188513994217,0.10057899355888367,17,1106,0.09512224793434143,2.2635658914728682,41,0.10060575604438782,0.18604651162790697,0.09920036047697067,0.8076923076923077,0.813953488372093,0.09774264693260193,0.10020740330219269,0.09875659644603729,0.09687866270542145,0.09807447344064713,0.09577565640211105,0.09601077437400818,0.099691241979599,0.631578947368421,0.7272727272727273,0.7058823529411765,0.1003556102514267,0.09795881807804108,19,0.2,21,0.0,1.0,22.51315719485283,0.738132655620575,1.0,0.1,105,3160,0.0984463319182396,12,-0.0037106445164681646,0.4120296239852905,0.9166666666666666,0.1059539794921875,1e-05,0.1467582206299994,12,0.0022433563
0.09806516766548157,0.09528503566980362,0.09975864738225937,0.10057058185338974,0.09835736453533173,0.10076107084751129,959.54,1.4256551724137942,5505024,0.09986347705125809,29,0.09639286994934082,0.09707903116941452,0.09879392385482788,0.0,661.7713012695312,0.10081592947244644,22,1.3237405305516106,0.09822823852300644,4854,0.09882311522960663,0.10080232471227646,21,1133,0.09528503566980362,1.9793103448275862,42,0.10081592947244644,0.09655172413793103,0.09943737089633942,0.8636363636363636,0.903448275862069,0.09801942110061646,0.10039081424474716,0.09905947744846344,0.09701570868492126,0.09826736152172089,0.09601327031850815,0.0964018777012825,0.09997327625751495,0.9444444444444444,0.8620689655172413,0.8095238095238095,0.10055415332317352,0.09825152158737183,18,0.2,28,0.0,1.0,22.45482831299305,0.785394549369812,1.0,0.1,131,3170,0.09867923706769943,12,-0.004022163030276716,0.3899378180503845,0.8666666666666667,0.10740203857421875,1e-05,0.17478117722494063,15,0.0023526356
0.0983387678861618,0.09541226923465729,0.09991127252578735,0.10084444284439087,0.09858455508947372,0.10103143751621246,970.39,1.4126277372262783,5636096,0.10006578266620636,21,0.096735380589962,0.09724278748035431,0.09914668649435043,0.0,665.8590087890625,0.10103707015514374,24,1.5554080200735096,0.09853772819042206,4853,0.09889278560876846,0.10116969048976898,16,1161,0.09541226923465729,2.2481751824817517,43,0.10116969048976898,0.0948905109489051,0.09967779368162155,0.9166666666666666,0.9051094890510949,0.09827485680580139,0.1006624847650528,0.0993296280503273,0.0972307100892067,0.0985834077000618,0.09620875865221024,0.09668455272912979,0.10013198107481003,0.8076923076923077,0.8095238095238095,0.875,0.10080447047948837,0.09836728870868683,26,0.2,19,0.0,1.0,22.394719134271146,0.786139726638794,1.0,0.1,124,3180,0.09891626238822937,13,-0.003928569965137285,0.34605833888053894,1.0,0.1081756591796875,1e-05,0.14042449922708328,18,0.0022521215
0.09858199954032898,0.09562976658344269,0.10015986859798431,0.10101024061441422,0.0987541452050209,0.10121072828769684,950.18,1.42108695652174,5767168,0.10025282949209213,17,0.09684161841869354,0.09744082391262054,0.09946337342262268,0.0,654.0626831054688,0.1010596752166748,18,1.3021921679806643,0.09883911162614822,4852,0.09905650466680527,0.10142175853252411,23,1188,0.09562976658344269,2.0144927536231885,44,0.10142175853252411,0.11594202898550725,0.09993276000022888,0.9444444444444444,0.8840579710144928,0.09855210781097412,0.10090827196836472,0.09954000264406204,0.09750672429800034,0.09878209978342056,0.09644677489995956,0.09677547216415405,0.10025015473365784,0.92,0.5294117647058824,0.8260869565217391,0.10099668055772781,0.09845152497291565,25,0.2,28,0.0,1.0,22.340047165751457,0.8056238889694214,1.0,0.1,122,3190,0.09911459684371948,13,-0.003948454334476992,0.4471206068992615,0.9285714285714286,0.11342697143554688,1e-05,0.11357327152800281,14,0.002331331
0.09893657267093658,0.09576364606618881,0.10031332075595856,0.10130278021097183,0.09899839758872986,0.10138285905122757,945.67,1.4073233082706778,5898240,0.10054592788219452,15,0.09700599312782288,0.09766004979610443,0.09973251074552536,0.0,655.6752319335938,0.10134059190750122,24,1.516899990746234,0.09896641969680786,4852,0.09929894655942917,0.1016475185751915,22,1215,0.09576364606618881,2.0526315789473686,45,0.1016475185751915,0.13533834586466165,0.10008880496025085,0.8333333333333334,0.8646616541353384,0.0987270250916481,0.10107015073299408,0.09984540194272995,0.09776313602924347,0.09895497560501099,0.09667524695396423,0.09689441323280334,0.10040397942066193,0.8235294117647058,0.8666666666666667,0.6818181818181818,0.10131163150072098,0.09876582026481628,17,0.2,26,0.0,1.0,22.287455841898918,0.8382973670959473,1.0,0.1,115,3200,0.09933584183454514,15,-0.003982811126661545,0.35162660479545593,0.8571428571428571,0.11909255981445313,1e-05,0.13548246488790028,14,0.0023329898
0.09926895052194595,0.09596054255962372,0.10056614875793457,0.10159765183925629,0.09919518232345581,0.10155963152647018,927.05,1.414407894736843,6029312,0.10077877342700958,27,0.09713425487279892,0.09788993746042252,0.10008607804775238,0.0,637.235595703125,0.10165459662675858,24,1.3334383506670964,0.09926144778728485,4851,0.09964728355407715,0.10177911818027496,24,1242,0.09596054255962372,1.9342105263157894,46,0.10177911818027496,0.16447368421052633,0.10038317739963531,0.625,0.8355263157894737,0.0989372655749321,0.10142899304628372,0.09998543560504913,0.09787388145923615,0.09908642619848251,0.09696843475103378,0.09717006236314774,0.10070871561765671,0.8888888888888888,0.7777777777777778,0.7916666666666666,0.10158056020736694,0.09892982989549637,18,0.2,33,0.0,1.0,22.228709575533866,0.8080455660820007,1.0,0.1,127,3210,0.09957729279994965,9,-0.004174528457861015,0.3249348998069763,0.8235294117647058,0.11332168579101562,1e-05,0.15746771465055645,17,0.0023204028
0.09950961172580719,0.09623855352401733,0.1010495275259018,0.10190298408269882,0.09931449592113495,0.10178375989198685,959.31,1.424921875000001,6160384,0.10093886405229568,23,0.0974460244178772,0.09811628609895706,0.1003144383430481,0.0,664.28173828125,0.10196752846240997,20,1.43856352392562,0.09941425919532776,4850,0.09974492341279984,0.10195417702198029,16,1269,0.09623855352401733,2.2578125,47,0.10196752846240997,0.1171875,0.10060550272464752,0.95,0.8828125,0.09925778210163116,0.10169008374214172,0.10012923181056976,0.09811682999134064,0.09927155077457428,0.097244992852211,0.09743445366621017,0.10096615552902222,0.7916666666666666,0.782608695652174,1.0,0.10191716998815536,0.09909570962190628,24,0.2,15,0.0,1.0,22.16863742917776,0.7916756272315979,1.0,0.1,113,3220,0.09981700032949448,14,-0.0040063623898277,0.3474753499031067,0.75,0.11574249267578125,1e-05,0.1731965211511124,16,0.0024310355
0.09972711652517319,0.09633726626634598,0.10124297440052032,0.10211461782455444,0.09946572780609131,0.10212016850709915,910.93,1.409960264900663,6291456,0.10120889544487,23,0.09762109816074371,0.09830471128225327,0.10043687373399734,0.0,622.6815795898438,0.10227694362401962,23,1.452914961102383,0.09966059029102325,4850,0.09985236078500748,0.10217922925949097,22,1297,0.09633726626634598,2.1125827814569536,48,0.10228145122528076,0.15894039735099338,0.10072468966245651,0.9565217391304348,0.8410596026490066,0.09941338002681732,0.10185632109642029,0.10030286759138107,0.09830249100923538,0.09945584088563919,0.09762044996023178,0.09753800183534622,0.10109999030828476,0.7407407407407407,0.6956521739130435,0.7272727272727273,0.10228145122528076,0.09943094104528427,27,0.2,28,0.0,1.0,22.113300108909606,0.7948957085609436,0.9642857142857143,0.1,127,3230,0.10002300143241882,12,-0.003945260428827169,0.35261350870132446,0.875,0.11171417236328125,1e-05,0.14262570164864882,16,0.0023248787
0.10005031526088715,0.09661552309989929,0.10152830928564072,0.10229916125535965,0.09969276934862137,0.10244133323431015,907.63,1.422822695035462,6422528,0.10148542374372482,21,0.0978517234325409,0.09852703660726547,0.10063254088163376,0.0,625.9421997070312,0.10249075293540955,20,1.4474347530881,0.09997472912073135,4849,0.10012935101985931,0.10251103341579437,27,1324,0.09661552309989929,1.9645390070921986,49,0.10260605812072754,0.19858156028368795,0.10096466541290283,0.65,0.8014184397163121,0.09977976977825165,0.10218266397714615,0.10055233538150787,0.09853552281856537,0.09974659234285355,0.0977783054113388,0.09770317375659943,0.10120482742786407,0.625,0.6190476190476191,0.8148148148148148,0.10260605812072754,0.09962699562311172,16,0.2,22,0.0,1.0,22.055142338573933,0.7942755818367004,1.0,0.1,113,3240,0.10027643293142319,12,-0.0041418394503125455,0.49530094861984253,0.9130434782608695,0.11568222045898438,1e-05,0.21107548921136185,23,0.0024281433
0.10043267905712128,0.09685993194580078,0.10182669758796692,0.10252247005701065,0.09998150169849396,0.10256537795066833,931.92,1.412842857142858,6553600,0.10165900737047195,19,0.0979718491435051,0.09873644262552261,0.10085656493902206,0.0,646.5960083007812,0.10278607159852982,25,1.4511780785173123,0.10011658817529678,4849,0.100248783826828,0.10274752229452133,19,1351,0.09685993194580078,2.0714285714285716,50,0.10278607159852982,0.11428571428571428,0.10123937577009201,0.88,0.8857142857142857,0.10007953643798828,0.10237991809844971,0.10072273761034012,0.09870248287916183,0.09996233880519867,0.09798084199428558,0.09799859672784805,0.10155916959047318,0.8947368421052632,0.6842105263157895,0.7894736842105263,0.10272503644227982,0.0998944342136383,19,0.2,24,0.0,1.0,21.996054999530315,0.8144474625587463,1.0,0.1,124,3250,0.10050223767757416,18,-0.004120689900719299,0.3495417833328247,0.9375,0.1186309814453125,1e-05,0.1835613739618566,16,0.002449266
0.1007184088230133,0.09704651683568954,0.10199733823537827,0.10276033729314804,0.10030504316091537,0.10286661982536316,917.09,1.427945205479453,6684672,0.10193803906440735,24,0.09831233322620392,0.09904724359512329,0.10097965598106384,0.0,638.8272705078125,0.10300057381391525,31,1.5595143742641613,0.10035689920186996,4848,0.10048935562372208,0.1030070036649704,22,1378,0.09704651683568954,2.191780821917808,51,0.1030070036649704,0.17123287671232876,0.10160981863737106,0.8387096774193549,0.8287671232876712,0.10022926330566406,0.10269656032323837,0.1010148897767067,0.09895402938127518,0.10025588423013687,0.09815524518489838,0.0982646644115448,0.1017332449555397,0.8125,0.625,0.7272727272727273,0.10292059183120728,0.10008600354194641,16,0.2,27,0.0,1.0,21.93656582534313,0.8073468208312988,1.0,0.1,121,3260,0.10074982047080994,14,-0.0038260649038420525,0.3228274881839752,0.8333333333333334,0.117156982421875,1e-05,0.1452712031052215,12,0.0023815772
0.10114215314388275,0.09722739458084106,0.10215387493371964,0.10291764885187149,0.10045037418603897,0.10305547714233398,976.45,1.425142857142858,6815744,0.10210610181093216,21,0.0985415056347847,0.09929013252258301,0.10122200101613998,0.0,675.57958984375,0.10331159085035324,16,1.3508352878205863,0.10064443945884705,4848,0.10076222568750381,0.10339734703302383,19,1405,0.09722739458084106,1.7222222222222223,52,0.10339734703302383,0.0873015873015873,0.10182429105043411,0.8125,0.9126984126984127,0.10045641660690308,0.10289863497018814,0.10116171091794968,0.09911445528268814,0.10052886605262756,0.09830651432275772,0.09844722598791122,0.10200721025466919,0.9230769230769231,0.8095238095238095,0.8421052631578947,0.10310457646846771,0.10048384219408035,13,0.2,24,0.0,1.0,21.877479518949986,0.7721636295318604,1.0,0.1,115,3270,0.10098223388195038,10,-0.0038599926108872753,0.3626871705055237,1.0,0.11189422607421876,1e-05,0.20310063096694647,23,0.0023441883
0.1013556495308876,0.09740772098302841,0.10239312797784805,0.10304632782936096,0.10067261010408401,0.1031976118683815,939.49,1.4216266666666677,6946816,0.10238416492938995,13,0.09886692464351654,0.09962117671966553,0.10138002783060074,0.0,642.9691162109375,0.10365315526723862,25,1.5047059818332498,0.10084299743175507,4847,0.10098437964916229,0.10365745425224304,22,1432,0.09740772098302841,2.1866666666666665,53,0.10365745425224304,0.15333333333333332,0.10196030139923096,0.76,0.8466666666666667,0.1007637083530426,0.10316828638315201,0.10132346302270889,0.0993238016963005,0.10090283304452896,0.09858185797929764,0.09869826585054398,0.10219864547252655,0.8,0.7692307692307693,0.7727272727272727,0.10330821573734283,0.10069680958986282,30,0.2,23,0.0,1.0,21.81922337114811,0.7438393831253052,1.0,0.1,127,3280,0.10121557861566544,14,-0.003849000490299659,0.2994386553764343,0.8695652173913043,0.11642837524414062,1e-05,0.13475796842831186,23,0.002402231
0.10168230533599854,0.09757951647043228,0.10263735055923462,0.1033414974808693,0.10089141130447388,0.10341302305459976,945.73,1.4421093750000011,7077888,0.10267339646816254,24,0.09907253831624985,0.09974628686904907,0.10176795721054077,0.0,649.8427124023438,0.10393855720758438,20,1.394931003763022,0.10095777362585068,4847,0.10112359374761581,0.10390502959489822,16,1460,0.09757951647043228,2.0859375,54,0.10393855720758438,0.109375,0.10225063562393188,0.7,0.890625,0.10087757557630539,0.10335434228181839,0.10154351592063904,0.09955621510744095,0.10107788443565369,0.09881368279457092,0.09897179901599884,0.10239063948392868,0.8888888888888888,0.875,0.9375,0.1035664975643158,0.10099222511053085,18,0.2,19,0.0,1.0,21.762938943505286,0.8138366937637329,1.0,0.1,114,3290,0.10144501179456711,18,-0.00419029322147253,0.3876723647117615,0.8461538461538461,0.10974807739257812,1e-05,0.17072751836385577,13,0.0023041803
0.10185573995113373,0.09778366982936859,0.10293968766927719,0.10370659828186035,0.10114794224500656,0.10374447703361511,927.08,1.4284645161290332,7208960,0.10294268280267715,19,0.09927534312009811,0.10004666447639465,0.10210249572992325,0.0,634.9763793945312,0.10422398149967194,24,1.4778921225951047,0.10126977413892746,4846,0.10129491239786148,0.10409092158079147,22,1487,0.09778366982936859,1.961290322580645,55,0.10422398149967194,0.15483870967741936,0.10244601964950562,0.5416666666666666,0.8451612903225807,0.10114661604166031,0.10370001196861267,0.10167830437421799,0.09988301992416382,0.1011393591761589,0.09914761036634445,0.09910251200199127,0.10259727388620377,0.8095238095238095,0.9473684210526315,0.7272727272727273,0.1039079800248146,0.1012406125664711,21,0.2,28,0.0,0.9583333333333334,21.702670751512052,0.7853017449378967,1.0,0.1,131,3300,0.10169656574726105,24,-0.0036135118678430446,0.3628832697868347,0.9411764705882353,0.10552215576171875,1e-05,0.13750756699882913,17,0.0022011749
0.10206649452447891,0.09796846657991409,0.10316356271505356,0.1037830263376236,0.10143660753965378,0.10395751148462296,922.53,1.411257575757577,7340032,0.10309353470802307,18,0.09942122548818588,0.10030657052993774,0.10235858708620071,0.0,632.8369750976562,0.10440754890441895,23,1.4922141199051415,0.10145740211009979,4846,0.10156610608100891,0.1044359803199768,15,1514,0.09796846657991409,1.9393939393939394,56,0.1044359803199768,0.14393939393939395,0.10245002806186676,0.6086956521739131,0.8560606060606061,0.10150930285453796,0.10393258929252625,0.10199400782585144,0.10019548237323761,0.10134662687778473,0.0993615984916687,0.09928921610116959,0.10285723209381104,1.0,0.7777777777777778,0.7333333333333333,0.10420119017362595,0.10147308558225632,14,0.2,22,0.0,0.9615384615384616,21.645056810975074,0.8201352953910828,1.0,0.1,113,3310,0.10192131996154785,26,-0.0038764832592278254,0.32978206872940063,0.9285714285714286,0.10767745971679688,1e-05,0.17351015523308888,14,0.0022742893
0.10241011530160904,0.09826988726854324,0.10351613909006119,0.10405940562486649,0.1015562191605568,0.10415762662887573,941.81,1.4136732026143801,7471104,0.10333974659442902,22,0.0997469499707222,0.1003970131278038,0.10274115949869156,0.0,651.6913452148438,0.1047709658741951,25,1.436435670760552,0.10166297852993011,4846,0.10173696279525757,0.10460268706083298,19,1541,0.09826988726854324,2.0718954248366015,57,0.1047709658741951,0.1437908496732026,0.1027040034532547,0.8,0.8562091503267973,0.10157663375139236,0.10435590893030167,0.10218895226716995,0.10059626400470734,0.101448655128479,0.09962039440870285,0.09952469915151596,0.10323265194892883,0.88,0.5454545454545454,0.9473684210526315,0.10444065928459167,0.10174998641014099,25,0.2,28,0.0,1.0,21.585243090987206,0.7800946235656738,0.9642857142857143,0.1,131,3320,0.10217626392841339,19,-0.0038156706377776572,0.3710932731628418,0.8666666666666667,0.11687545776367188,1e-05,0.16814343720907346,15,0.0024663974
0.10278111696243286,0.09845896065235138,0.10373399406671524,0.10441964864730835,0.10200925916433334,0.10423200577497482,913.25,1.425063492063493,7602176,0.10349839180707932,29,0.09987026453018188,0.10065319389104843,0.10300695896148682,0.0,630.5479736328125,0.10501426458358765,23,1.3477424052912017,0.10198608040809631,4846,0.1019720733165741,0.10490553826093674,14,1568,0.09845896065235138,1.9682539682539681,58,0.10501426458358765,0.15873015873015872,0.10296759754419327,0.7391304347826086,0.8412698412698413,0.10170962661504745,0.10446611046791077,0.1024920716881752,0.10074586421251297,0.10167738050222397,0.09978646039962769,0.09968646615743637,0.10336825996637344,0.8461538461538461,0.7241379310344828,0.8571428571428571,0.10462217032909393,0.10204865783452988,13,0.2,26,0.0,1.0,21.52698438167572,0.8045240640640259,0.9615384615384616,0.1,106,3330,0.10240449756383896,7,-0.0036273590636483276,0.33185356855392456,0.9285714285714286,0.11375885009765625,1e-05,0.1634731073048897,14,0.0023788398
0.10301727056503296,0.09876469522714615,0.10397347062826157,0.10468883812427521,0.10213801264762878,0.10439841449260712,970.31,1.4335646258503412,7733248,0.10377886891365051,26,0.10006147623062134,0.10101868957281113,0.10317320376634598,0.0,668.3772583007812,0.10539449751377106,18,1.2823099403403215,0.10223320871591568,4845,0.1021774560213089,0.10518777370452881,17,1595,0.09876469522714615,1.9523809523809523,59,0.10539449751377106,0.07482993197278912,0.10310439765453339,0.8333333333333334,0.9251700680272109,0.10190074145793915,0.10477640479803085,0.1027696505188942,0.10097353905439377,0.10194975882768631,0.10002052783966064,0.09998273849487305,0.10364183038473129,0.92,0.9615384615384616,0.7647058823529411,0.10494779795408249,0.10223676264286041,25,0.2,23,0.0,0.9411764705882353,21.468948620557786,0.7526175379753113,1.0,0.1,136,3340,0.10265239328145981,17,-0.0037674260272069658,0.3373880982398987,1.0,0.11399002075195312,1e-05,0.1773616872378625,21,0.0023430986
0.10322349518537521,0.09902216494083405,0.10422799736261368,0.10480589419603348,0.10245928913354874,0.10471954196691513,945.99,1.436703125000001,7864320,0.10399401187896729,21,0.10023540258407593,0.10130846500396729,0.10348000377416611,0.0,651.655517578125,0.10557854175567627,18,1.337146667546549,0.10251162201166153,4845,0.10244718939065933,0.10551734268665314,24,1622,0.09902216494083405,1.9453125,60,0.10557854175567627,0.1328125,0.10328211635351181,0.6666666666666666,0.8671875,0.10200878977775574,0.1049993559718132,0.10310611873865128,0.10110945999622345,0.10208389908075333,0.10016225278377533,0.10014427453279495,0.10389138013124466,0.9285714285714286,0.7619047619047619,0.8333333333333334,0.10507325083017349,0.10245860368013382,14,0.2,23,0.0,1.0,21.411968068778513,0.7392837405204773,1.0,0.1,111,3350,0.1028740182518959,12,-0.004125075357478636,0.3466199040412903,0.9375,0.11174392700195312,1e-05,0.12030372278240975,16,0.00231193
0.10359229892492294,0.09935948997735977,0.10442505031824112,0.10517418384552002,0.10280358791351318,0.10495337098836899,946.16,1.429258741258742,7995392,0.10418862104415894,20,0.10038808733224869,0.10167233645915985,0.10359922051429749,0.0,653.8506469726562,0.10573495924472809,27,1.4860593532006874,0.10281626880168915,4845,0.10254374891519547,0.10576518625020981,14,1650,0.09935948997735977,2.006993006993007,61,0.10576518625020981,0.11888111888111888,0.10346893221139908,0.7777777777777778,0.8811188811188811,0.10213952511548996,0.10532044619321823,0.10341612994670868,0.10129284113645554,0.10244140774011612,0.10048853605985641,0.10042537748813629,0.10431622713804245,0.9047619047619048,0.8,0.7142857142857143,0.10529448091983795,0.10273319482803345,21,0.2,28,0.0,1.0,21.352858310937883,0.8003230690956116,1.0,0.1,126,3360,0.10313413292169571,14,-0.003542907417340757,0.3865823745727539,0.9473684210526315,0.1172698974609375,1e-05,0.14381560101755894,19,0.002386914
0.10384265333414078,0.09955766052007675,0.10469426214694977,0.10550986975431442,0.10308866947889328,0.105203777551651,967.42,1.4367205882352951,8126464,0.10433444380760193,17,0.10064954310655594,0.10199147462844849,0.10381785035133362,0.0,666.1384887695312,0.10594187676906586,18,1.4764403437759466,0.10315379500389099,4845,0.10282942652702332,0.10604313760995865,21,1677,0.09955766052007675,2.110294117647059,62,0.10604313760995865,0.10294117647058823,0.1036146804690361,0.7222222222222222,0.8970588235294118,0.10228979587554932,0.10550384223461151,0.10369648784399033,0.10153332352638245,0.10269922763109207,0.10068821161985397,0.10067462921142578,0.10451126098632812,0.8888888888888888,0.8235294117647058,0.9047619047619048,0.10550152510404587,0.1030292809009552,27,0.2,22,0.0,1.0,21.29229143857956,0.7483232617378235,1.0,0.1,122,3370,0.10337602347135544,14,-0.0037625439510520662,0.3340599834918976,0.9411764705882353,0.11604156494140624,1e-05,0.15140430217725226,17,0.0024133222
0.10409644991159439,0.09985990822315216,0.1049209013581276,0.10580935329198837,0.10330084711313248,0.10537465661764145,948.29,1.4203529411764715,8257536,0.10457541793584824,20,0.10092891752719879,0.10214454680681229,0.10403331369161606,0.0,651.53564453125,0.10610784590244293,19,1.3324450509640697,0.10337010771036148,4845,0.10301660746335983,0.10627606511116028,19,1704,0.09985990822315216,1.8088235294117647,63,0.10627606511116028,0.14705882352941177,0.10381618142127991,0.7894736842105263,0.8529411764705882,0.10260001569986343,0.10568910837173462,0.10390416532754898,0.10176058858633041,0.10305053740739822,0.10084191709756851,0.10095319896936417,0.1048116683959961,0.6875,0.85,0.7368421052631579,0.10577328503131866,0.10321515053510666,16,0.2,27,0.0,0.9411764705882353,21.234883669018746,0.7405893802642822,1.0,0.1,116,3380,0.10360923409461975,17,-0.0038485756769659927,0.41160959005355835,0.8888888888888888,0.10759429931640625,1e-05,0.1454475674254354,18,0.0022579364
0.10425148904323578,0.1000097244977951,0.105221688747406,0.10600496828556061,0.10353560745716095,0.10559538751840591,947.08,1.419233082706768,8388608,0.10475517809391022,21,0.10124003142118454,0.10240479558706284,0.10443145036697388,0.0,653.328369140625,0.10637906193733215,21,1.4371502423660423,0.10367920249700546,4845,0.10318926721811295,0.1065928265452385,20,1731,0.1000097244977951,1.849624060150376,64,0.1065928265452385,0.13533834586466165,0.10408161580562592,0.7142857142857143,0.8646616541353384,0.10280755907297134,0.10597390681505203,0.10406521707773209,0.10205240547657013,0.10314907878637314,0.10115998238325119,0.10120366513729095,0.10498149693012238,1.0,0.8095238095238095,0.75,0.10605137050151825,0.10346153378486633,12,0.2,25,0.0,1.0,21.177422614395617,0.7909390926361084,1.0,0.1,115,3390,0.10385113209486008,16,-0.003855810236200341,0.37304455041885376,0.8333333333333334,0.10989837646484375,1e-05,0.172240757237887,18,0.0023554163
0.10458850115537643,0.10030920803546906,0.10559334605932236,0.1061977967619896,0.10374477505683899,0.10601325333118439,950.19,1.4379855072463779,8519680,0.1050897091627121,16,0.10165755450725555,0.1027374267578125,0.10469251126050949,0.0,659.4913330078125,0.10679586976766586,22,1.3626609209683622,0.10390277206897736,4844,0.10339946299791336,0.10703926533460617,19,1758,0.10030920803546906,1.710144927536232,65,0.10703926533460617,0.11594202898550725,0.10437290370464325,0.6818181818181818,0.8840579710144928,0.10317674279212952,0.10612832009792328,0.10428597033023834,0.10235778242349625,0.10343388468027115,0.10142277181148529,0.10147322714328766,0.10523039102554321,0.9166666666666666,0.8125,0.8947368421052632,0.10629192739725113,0.10360346734523773,12,0.2,27,0.0,1.0,21.112719321250914,0.7307020425796509,1.0,0.1,122,3400,0.10414154827594757,16,-0.0036486144584159776,0.3243630528450012,0.8846153846153846,0.11781768798828125,1e-05,0.16942612513084895,26,0.0024644048
0.10484190285205841,0.10067841410636902,0.10583087056875229,0.1065010204911232,0.10402899980545044,0.10617538541555405,946.76,1.4487517730496466,8650752,0.10543137043714523,30,0.10197748988866806,0.10294461995363235,0.1050586923956871,0.0,655.497314453125,0.10701369494199753,15,1.311010435148669,0.1041039526462555,4844,0.10372345894575119,0.10731872171163559,20,1785,0.10067841410636902,1.7872340425531914,66,0.10731872171163559,0.1276595744680851,0.10456376522779465,0.7333333333333333,0.8723404255319149,0.10339493304491043,0.10652453452348709,0.10445602983236313,0.1026017963886261,0.10361910611391068,0.10164747387170792,0.10166308283805847,0.10557972639799118,0.8666666666666667,0.8333333333333334,0.75,0.10652238130569458,0.10390082746744156,15,0.2,22,0.0,1.0,21.04691165238619,0.784059464931488,1.0,0.1,123,3410,0.10440408438444138,19,-0.004057443944475381,0.318162739276886,0.9,0.112261962890625,1e-05,0.14294947816524656,20,0.00231717
0.10501126199960709,0.10096153616905212,0.10607433319091797,0.10676675289869308,0.10430340468883514,0.1062207892537117,920.6,1.4294014598540157,8781824,0.10576865822076797,27,0.10211873054504395,0.10313232988119125,0.10534598678350449,0.0,635.6760864257812,0.10732035338878632,13,1.229350541672696,0.10436481982469559,4844,0.10404776781797409,0.10765458643436432,23,1812,0.10096153616905212,1.7518248175182483,67,0.10765458643436432,0.13138686131386862,0.10482683032751083,0.7692307692307693,0.8686131386861314,0.10374846309423447,0.10669521987438202,0.10467366874217987,0.10272851586341858,0.10365594923496246,0.10181695967912674,0.10201407223939896,0.10582572221755981,0.8235294117647058,0.7407407407407407,0.782608695652174,0.10690434277057648,0.10413135588169098,17,0.2,29,0.0,1.0,20.987050718069078,0.7506158947944641,1.0,0.1,119,3420,0.10464448481798172,13,-0.0037110345978362603,0.4293556809425354,1.0,0.114166259765625,1e-05,0.14768064626841806,15,0.0023645477
0.10533782839775085,0.10120236128568649,0.10638993978500366,0.10699290037155151,0.10450636595487595,0.10675201565027237,925.02,1.4360544217687088,8912896,0.10610509663820267,30,0.10238289833068848,0.10347273200750351,0.10566946119070053,0.0,640.5680541992188,0.1076655462384224,24,1.3872485079371253,0.10463491827249527,4843,0.1042359471321106,0.1078634038567543,19,1840,0.10120236128568649,1.9523809523809523,68,0.1078634038567543,0.14965986394557823,0.10511058568954468,0.7916666666666666,0.8503401360544217,0.10389113426208496,0.10695049166679382,0.1051221415400505,0.10296865552663803,0.10390550643205643,0.10212774574756622,0.10226350277662277,0.10607466846704483,0.9285714285714286,0.7333333333333333,0.5789473684210527,0.10722802579402924,0.10429447144269943,14,0.2,26,0.0,1.0,20.92394037991762,0.7647665143013,1.0,0.1,125,3430,0.10492593795061111,20,-0.003939959770104906,0.38203442096710205,1.0,0.11172943115234375,1e-05,0.158330062465393,14,0.0023366853
0.10568084567785263,0.10143499076366425,0.10667865723371506,0.10737472027540207,0.10487513244152069,0.10711570084095001,935.75,1.4398666666666675,9043968,0.10642243921756744,23,0.10263426601886749,0.10371260344982147,0.10598517209291458,0.0,642.498779296875,0.10795597732067108,21,1.5559383767483175,0.10498130321502686,4843,0.10458739846944809,0.10805972665548325,19,1867,0.10143499076366425,2.1777777777777776,69,0.10805972665548325,0.11851851851851852,0.10542018711566925,0.5714285714285714,0.8814814814814815,0.104021355509758,0.10716748237609863,0.10541002452373505,0.10315743833780289,0.10414905846118927,0.10232752561569214,0.10250934958457947,0.10630512237548828,0.8421052631578947,0.8695652173913043,0.9473684210526315,0.10747293382883072,0.10450861603021622,19,0.2,10,0.0,1.0,20.85868344902992,0.7726772427558899,1.0,0.1,119,3440,0.10519792139530182,20,-0.0038953867589953005,0.3304789662361145,1.0,0.11491622924804687,1e-05,0.16203908125462477,23,0.0023728108
0.10574552416801453,0.10164029896259308,0.10704854875802994,0.10759671777486801,0.10496340692043304,0.1073039323091507,944.15,1.4559473684210538,9175040,0.10670439898967743,27,0.10298171639442444,0.10404903441667557,0.10625196993350983,0.0,654.57373046875,0.10814333707094193,24,1.4526734672360144,0.10528552532196045,4842,0.10491812229156494,0.10838145017623901,24,1894,0.10164029896259308,1.9342105263157894,70,0.10838145017623901,0.13157894736842105,0.10576453059911728,0.75,0.868421052631579,0.10414642840623856,0.10735424607992172,0.10560568422079086,0.10347939282655716,0.10433339327573776,0.10247259587049484,0.10270746052265167,0.10642926394939423,0.9333333333333333,0.8518518518518519,0.7083333333333334,0.10776248574256897,0.10472007095813751,15,0.2,28,0.0,0.9375,20.798476760089397,0.7444673180580139,1.0,0.1,132,3450,0.10543158650398254,16,-0.0036194302201693063,0.3944060206413269,0.9444444444444444,0.1121856689453125,1e-05,0.16339840721338988,18,0.0023139091
0.10593576729297638,0.10184582322835922,0.10737287253141403,0.10779810696840286,0.10530922561883926,0.10749366879463196,927.84,1.4452061068702302,9306112,0.10701283067464828,24,0.1031235009431839,0.10434093326330185,0.10650371015071869,0.0,642.0145874023438,0.10859924554824829,25,1.6578114282135263,0.10554564744234085,4840,0.1052088662981987,0.10865399241447449,20,1922,0.10184582322835922,2.2061068702290076,71,0.10865399241447449,0.16030534351145037,0.10611903667449951,0.72,0.8396946564885496,0.10442124307155609,0.10767686367034912,0.10581489652395248,0.10384354740381241,0.10455866158008575,0.10279775410890579,0.10288628935813904,0.10673188418149948,0.8461538461538461,0.75,0.8,0.1080746203660965,0.1049518957734108,13,0.2,15,0.0,1.0,20.738655291497707,0.7666100263595581,1.0,0.1,110,3460,0.10570483654737473,19,-0.0039044963295964408,0.3107184171676636,0.8666666666666667,0.11515884399414063,1e-05,0.16752758800575976,15,0.0023931335
0.10621874034404755,0.1021123006939888,0.10775503516197205,0.10823970288038254,0.10562477260828018,0.10774717479944229,977.07,1.4161549295774656,9437184,0.10721393674612045,23,0.10351016372442245,0.10464015603065491,0.10664288699626923,0.0,679.3764038085938,0.10873637348413467,26,1.44412634556865,0.10591398924589157,4840,0.10542787611484528,0.10893695801496506,22,1949,0.1021123006939888,2.3380281690140845,72,0.10893695801496506,0.09859154929577464,0.10638324171304703,0.8076923076923077,0.9014084507042254,0.104677215218544,0.10780254751443863,0.10599778592586517,0.10405650734901428,0.10468105226755142,0.10297370702028275,0.10320112854242325,0.10703699290752411,0.9615384615384616,0.8695652173913043,0.8636363636363636,0.10834760218858719,0.10518814623355865,26,0.2,24,0.0,1.0,20.67585206925869,0.7612597942352295,0.9583333333333334,0.1,128,3470,0.10596263408660889,10,-0.003604864848693978,0.37504053115844727,0.9090909090909091,0.12161636352539062,1e-05,0.1764656664803624,11,0.0024148384
0.10647807270288467,0.10234353691339493,0.108034148812294,0.10843507945537567,0.10588619858026505,0.10796645283699036,954.91,1.4362923076923089,9568256,0.10751748085021973,24,0.10378505289554596,0.10475403070449829,0.10697171092033386,0.0,657.7648315429688,0.10915378481149673,15,1.214972068211237,0.10629080981016159,4840,0.1056685745716095,0.10919702053070068,27,1976,0.10234353691339493,1.9461538461538461,73,0.10919702053070068,0.11538461538461539,0.10649605095386505,0.8666666666666667,0.8846153846153846,0.10486720502376556,0.10794176906347275,0.10625840723514557,0.10428867489099503,0.10491499304771423,0.10317128896713257,0.10361366719007492,0.10734110325574875,0.8666666666666667,0.7916666666666666,0.8888888888888888,0.1086253970861435,0.10538045316934586,15,0.2,24,0.0,0.9230769230769231,20.615207213163377,0.8165186643600464,1.0,0.1,115,3480,0.10621523857116699,13,-0.0037085577787365764,0.3600398302078247,0.8333333333333334,0.10920181274414062,1e-05,0.11617014379589818,12,0.0022703907
0.10678961127996445,0.10247614234685898,0.10821991413831711,0.10869164019823074,0.10587304085493088,0.10818488150835037,958.77,1.4419310344827596,9699328,0.1076379269361496,16,0.10403616726398468,0.10507705807685852,0.10727980732917786,0.0,660.8093872070312,0.10944783687591553,25,1.4036098386439133,0.10650163888931274,4839,0.10578460246324539,0.10955218970775604,24,2004,0.10247614234685898,2.2275862068965515,74,0.10955218970775604,0.1103448275862069,0.10690200328826904,0.88,0.8896551724137931,0.1049969494342804,0.10809479653835297,0.10638076066970825,0.10453764349222183,0.10514529794454575,0.1033945381641388,0.10396569222211838,0.10755278170108795,0.7692307692307693,0.875,0.9166666666666666,0.10897776484489441,0.10561998933553696,26,0.2,21,0.0,1.0,20.55931567400694,0.7892253994941711,1.0,0.1,129,3490,0.1064448207616806,11,-0.003948634097469039,0.30627137422561646,0.8636363636363636,0.11202621459960938,1e-05,0.13044364509987644,22,0.002279688
0.10703916847705841,0.10260375589132309,0.10845465213060379,0.10893503576517105,0.10601934790611267,0.10846702009439468,924.95,1.4402608695652184,9830400,0.10796104371547699,23,0.1043882817029953,0.10525262355804443,0.1073579266667366,0.0,642.016357421875,0.10970453917980194,31,1.429090498594809,0.10676320642232895,4839,0.10598912090063095,0.10988275706768036,17,2031,0.10260375589132309,2.108695652173913,75,0.10988275706768036,0.15217391304347827,0.10710326582193375,0.7741935483870968,0.8478260869565217,0.10515087097883224,0.1082732304930687,0.1066315695643425,0.10482090711593628,0.10534556210041046,0.10364104807376862,0.10428614169359207,0.1079217717051506,0.9285714285714286,0.7391304347826086,0.6470588235294118,0.10928114503622055,0.10596589744091034,14,0.2,30,0.0,1.0,20.504099859297277,0.78662109375,0.9666666666666667,0.1,117,3500,0.10668959468603134,13,-0.004413699152974004,0.33662354946136475,1.0,0.11209869384765625,1e-05,0.1445995750342263,10,0.0023377284
0.1074376106262207,0.10285022109746933,0.1087128072977066,0.1091923639178276,0.10634013265371323,0.10871164500713348,944.26,1.4407769784172673,9961472,0.10833969712257385,23,0.10463102906942368,0.10552453994750977,0.10761598497629166,0.0,655.5742797851562,0.11009423434734344,25,1.3684183631444018,0.1069670170545578,4839,0.10631993412971497,0.11036895215511322,21,2058,0.10285022109746933,2.1366906474820144,76,0.11036895215511322,0.11510791366906475,0.1072620078921318,0.8,0.8848920863309353,0.10540608316659927,0.10855875164270401,0.10685969889163971,0.10506613552570343,0.10551057755947113,0.10393089801073074,0.10456322133541107,0.10813874751329422,0.7777777777777778,0.8695652173913043,0.9047619047619048,0.10944738984107971,0.10628703236579895,18,0.2,25,0.0,1.0,20.442513844370843,0.8250970840454102,1.0,0.1,123,3510,0.10696545988321304,16,-0.003966790300000867,0.4718625545501709,0.8181818181818182,0.10744094848632812,1e-05,0.16248963616089895,11,0.002297435
0.10782643407583237,0.10325200110673904,0.10897353291511536,0.10949040204286575,0.10662264376878738,0.10901535302400589,951.48,1.431436619718311,10092544,0.1086915135383606,20,0.10492940247058868,0.10580124706029892,0.10780581831932068,0.0,655.8692016601562,0.11049209535121918,13,1.3048250976507072,0.10721130669116974,4839,0.10642766952514648,0.11076153069734573,21,2085,0.10325200110673904,1.6830985915492958,77,0.11076153069734573,0.1267605633802817,0.10761726647615433,0.5384615384615384,0.8732394366197183,0.10561762005090714,0.10890579968690872,0.10706792771816254,0.10544544458389282,0.10582446306943893,0.10408660769462585,0.10485955327749252,0.10837021470069885,0.9473684210526315,0.75,0.8095238095238095,0.10980801284313202,0.10663336515426636,19,0.2,26,0.0,1.0,20.37548318207264,0.7742807865142822,1.0,0.1,124,3520,0.10726148635149002,21,-0.003926876583227568,0.3743970990180969,0.9090909090909091,0.11045684814453124,1e-05,0.14800185437197796,22,0.0023082986
0.108025461435318,0.10344545543193817,0.1090807318687439,0.10970932245254517,0.10671526193618774,0.10945337265729904,934.89,1.4462189781021906,10223616,0.10889086872339249,18,0.10510604083538055,0.10603423416614532,0.10812577605247498,0.0,650.1422119140625,0.11078280955553055,20,1.3464848510752487,0.1075156107544899,4839,0.10678742080926895,0.1109413206577301,22,2112,0.10344545543193817,1.905109489051095,78,0.1109413206577301,0.13138686131386862,0.10782645642757416,0.7,0.8686131386861314,0.10592750459909439,0.10923198610544205,0.10738241672515869,0.10564882308244705,0.10612928122282028,0.10416632145643234,0.10497351735830307,0.10862229019403458,0.85,0.7222222222222222,0.8181818181818182,0.11008287966251373,0.10686051845550537,20,0.2,31,0.0,1.0,20.313277481496335,0.8258401155471802,1.0,0.1,119,3530,0.10749862343072891,10,-0.003952614026457013,0.31207606196403503,1.0,0.10446624755859375,1e-05,0.13213864110875875,16,0.0022172274
0.1082504615187645,0.1036512553691864,0.10939563810825348,0.11007051169872284,0.10688865184783936,0.10965075343847275,953.94,1.3996503496503507,10354688,0.10920894891023636,25,0.10526155680418015,0.10626253485679626,0.10839780420064926,0.0,662.8019409179688,0.11105509102344513,25,1.3739163387225577,0.10778526216745377,4839,0.10704495757818222,0.11114427447319031,12,2139,0.1036512553691864,1.8601398601398602,79,0.11114427447319031,0.11188811188811189,0.10804150998592377,0.72,0.8881118881118881,0.10616294294595718,0.1094600036740303,0.10763897746801376,0.10582935810089111,0.10631785541772842,0.10444297641515732,0.10539889335632324,0.1089097186923027,0.9411764705882353,0.8,0.8333333333333334,0.11036648601293564,0.1071697324514389,17,0.2,32,0.0,1.0,20.25630453824997,0.7861399054527283,1.0,0.1,127,3540,0.1077522411942482,19,-0.0038500324628330416,0.32668429613113403,0.9230769230769231,0.10673751831054687,1e-05,0.16138364421785809,13,0.0022935004
0.10855381190776825,0.10392504930496216,0.10977484285831451,0.1103951707482338,0.1072831079363823,0.10990728437900543,938.75,1.4411297709923674,10485760,0.10934929549694061,16,0.10550021380186081,0.1065773293375969,0.10868152976036072,0.0,650.014892578125,0.11119935661554337,20,1.421215876946111,0.10784582048654556,4838,0.10724133998155594,0.11153042316436768,20,2166,0.10392504930496216,2.030534351145038,80,0.11153042316436768,0.08396946564885496,0.10841289907693863,0.85,0.916030534351145,0.10644406080245972,0.10954640805721283,0.10793106257915497,0.10613350570201874,0.10663304477930069,0.10461590439081192,0.10558471083641052,0.10920725017786026,0.9090909090909091,0.875,0.9,0.11067628860473633,0.10743650048971176,22,0.2,24,0.0,1.0,20.196138323843478,0.8221377730369568,1.0,0.1,120,3550,0.10801544040441513,10,-0.003611769712097157,0.3583160638809204,0.8947368421052632,0.11007537841796874,1e-05,0.11523684079293162,19,0.0023500756
0.10901574045419693,0.10402552038431168,0.10996326804161072,0.11081992834806442,0.10753444582223892,0.1103077158331871,923.37,1.4433517241379321,10616832,0.10972805321216583,22,0.10576167702674866,0.10671870410442352,0.10898824036121368,0.0,638.637451171875,0.11139927804470062,29,1.471421404031435,0.10800859332084656,4838,0.10763002187013626,0.1118355244398117,14,2194,0.10402552038431168,2.0068965517241377,81,0.1118355244398117,0.15862068965517243,0.10872992128133774,0.6896551724137931,0.8413793103448276,0.1065988540649414,0.10971150547266006,0.10818052291870117,0.10652981698513031,0.10687758773565292,0.10480687022209167,0.10580939799547195,0.10946355015039444,0.9333333333333333,0.6363636363636364,0.8571428571428571,0.1110520288348198,0.10776343941688538,15,0.2,23,0.0,0.9565217391304348,20.133918611705305,0.7775025963783264,1.0,0.1,122,3560,0.1082904040813446,23,-0.0035940880176895005,0.35038822889328003,0.8947368421052632,0.11007537841796874,1e-05,0.12964047979330645,19,0.0023095466
0.10924828797578812,0.10433026403188705,0.11017847806215286,0.11106690019369125,0.107701875269413,0.1106148511171341,928.08,1.4436470588235306,10747904,0.1100759208202362,21,0.10593300312757492,0.10698331147432327,0.10926640033721924,0.0,644.0174560546875,0.11183920502662659,23,1.3589161603217956,0.10839677602052689,4838,0.10792162269353867,0.11220414191484451,22,2221,0.10433026403188705,2.0808823529411766,82,0.11220414191484451,0.13970588235294118,0.10903305560350418,0.6956521739130435,0.8602941176470589,0.10684413462877274,0.11007983237504959,0.10842952132225037,0.10679936408996582,0.106964111328125,0.10502563416957855,0.10609492659568787,0.1097625121474266,0.9411764705882353,0.7142857142857143,0.8181818181818182,0.11131071299314499,0.10811100900173187,17,0.2,27,0.0,1.0,20.07068307697773,0.7734081745147705,1.0,0.1,117,3570,0.10856863111257553,19,-0.0040900296420659284,0.31038808822631836,0.8571428571428571,0.11451263427734375,1e-05,0.17450206573994365,7,0.0024329824
0.10954599827528,0.1045188307762146,0.11040696501731873,0.11139718443155289,0.10792645812034607,0.11090530455112457,960.14,1.4522794117647069,10878976,0.11023415625095367,20,0.10624095797538757,0.10710658133029938,0.10951200127601624,0.0,668.3549194335938,0.112174853682518,19,1.3880697613088624,0.1086447685956955,4838,0.10808438062667847,0.11243581026792526,25,2248,0.1045188307762146,2.1544117647058822,83,0.11243581026792526,0.07352941176470588,0.1092338114976883,0.7894736842105263,0.9264705882352942,0.10700678080320358,0.1104263886809349,0.1086387038230896,0.10701047629117966,0.10728016495704651,0.10513602197170258,0.10638294368982315,0.10995285212993622,1.0,0.95,0.88,0.11159665882587433,0.10845726728439331,20,0.2,16,0.0,1.0,20.010936258733274,0.7757017612457275,1.0,0.1,126,3580,0.10881025344133377,19,-0.0036759099173650613,0.35895729064941406,0.8823529411764706,0.10796661376953125,1e-05,0.16203690905240364,17,0.0022321257
0.1097501888871193,0.10488370805978775,0.11067704856395721,0.11187755316495895,0.10831020772457123,0.11115096509456635,975.53,1.44129411764706,11010048,0.11044523864984512,21,0.10638950765132904,0.10733667761087418,0.10979000478982925,0.0,677.59326171875,0.11253371834754944,13,1.3078726437427306,0.10888214409351349,4838,0.10850343108177185,0.11275633424520493,15,2275,0.10488370805978775,1.8602941176470589,84,0.11275633424520493,0.051470588235294115,0.1095660850405693,0.8461538461538461,0.9485294117647058,0.10732949525117874,0.11081401258707047,0.10880237817764282,0.10744155198335648,0.10747002065181732,0.10536666214466095,0.1064818799495697,0.11020848155021667,0.8461538461538461,0.9523809523809523,1.0,0.11195904016494751,0.10867121815681458,26,0.2,19,0.0,1.0,19.94977561235428,0.7386455535888672,1.0,0.1,129,3590,0.10909589380025864,16,-0.0033345604919304606,0.29924100637435913,1.0,0.10623779296875,1e-05,0.11585903106606565,26,0.0022354084
0.10996376723051071,0.10512124001979828,0.11101599782705307,0.11209018528461456,0.10855484008789062,0.11151960492134094,948.78,1.4552739726027406,11141120,0.11056166887283325,22,0.10667707771062851,0.10752622038125992,0.10999540984630585,0.0,661.808349609375,0.1128993108868599,23,1.3595679751896228,0.1091373935341835,4838,0.10875651985406876,0.1130039319396019,19,2302,0.10512124001979828,1.9452054794520548,85,0.1130039319396019,0.13013698630136986,0.10962079465389252,0.8260869565217391,0.8698630136986302,0.10752322524785995,0.11109844595193863,0.10909264534711838,0.10770922154188156,0.10772596299648285,0.10561376810073853,0.10681051760911942,0.11056867986917496,0.9473684210526315,0.7727272727272727,0.631578947368421,0.11210301518440247,0.1088751032948494,19,0.2,22,0.0,1.0,19.889349500834943,0.7956008911132812,1.0,0.1,127,3600,0.10934257507324219,14,-0.003723503583296406,0.332743763923645,0.9259259259259259,0.09703750610351562,1e-05,0.085020966315642,27,0.0021342065
0.11024971306324005,0.10546711832284927,0.11132854223251343,0.11241267621517181,0.10884866118431091,0.111762136220932,941.79,1.4536031746031757,11272192,0.11091654002666473,15,0.10704488307237625,0.10770883411169052,0.11031085252761841,0.0,651.3517456054688,0.11311601102352142,13,1.3223650127223916,0.10935954749584198,4838,0.10877549648284912,0.1130976751446724,17,2329,0.10546711832284927,1.6984126984126984,86,0.11311601102352142,0.10317460317460317,0.10985542833805084,0.8461538461538461,0.8968253968253969,0.1076764240860939,0.111223965883255,0.10941741615533829,0.10797368735074997,0.10798055678606033,0.10592710226774216,0.1070333942770958,0.11082946509122849,0.95,0.8,0.7058823529411765,0.11236800998449326,0.10912688076496124,20,0.2,26,0.0,1.0,19.83344124406576,0.7946337461471558,1.0,0.1,113,3610,0.10959243774414062,14,-0.003908798999964347,0.3845096230506897,0.9047619047619048,0.11743392944335937,1e-05,0.16222575569408945,21,0.002493677
0.11047415435314178,0.10568414628505707,0.11173080652952194,0.11271069943904877,0.10912588983774185,0.11197607219219208,950.41,1.4360268456375849,11403264,0.11117728054523468,15,0.10731012374162674,0.1079036071896553,0.11047255247831345,0.0,663.733642578125,0.11343228816986084,22,1.4097375673494148,0.10980020463466644,4838,0.10908788442611694,0.11356991529464722,20,2357,0.10568414628505707,2.046979865771812,87,0.11356991529464722,0.10738255033557047,0.1101953461766243,0.5909090909090909,0.8926174496644296,0.10797659307718277,0.11164778470993042,0.10963235050439835,0.10819261521100998,0.10819073766469955,0.10608880966901779,0.10722293704748154,0.11101289838552475,0.8888888888888888,0.9333333333333333,0.95,0.1126333624124527,0.10943252593278885,27,0.2,24,0.0,1.0,19.772891680896283,0.7861570119857788,1.0,0.1,133,3620,0.10986725240945816,21,-0.0039774051282620345,0.30529510974884033,0.9,0.10339279174804687,1e-05,0.12544742568279615,20,0.0021915114
0.11063460260629654,0.10583571344614029,0.11200486123561859,0.1130502000451088,0.10940225422382355,0.1121913269162178,905.76,1.4302537313432844,11534336,0.11133810132741928,27,0.1075252965092659,0.10818498581647873,0.11067402362823486,0.0,626.3488159179688,0.113779716193676,19,1.4728402532901665,0.11004588007926941,4838,0.10954908281564713,0.11382641643285751,20,2383,0.10583571344614029,1.9029850746268657,88,0.11382641643285751,0.1791044776119403,0.11043687164783478,0.42105263157894735,0.8208955223880597,0.10811180621385574,0.11188296973705292,0.10979651659727097,0.10849414020776749,0.1084781289100647,0.10634926706552505,0.10753081738948822,0.11130986362695694,0.9166666666666666,0.7777777777777778,0.75,0.11306252330541611,0.10967907309532166,12,0.2,20,0.0,1.0,19.712230409681798,0.7479750514030457,1.0,0.1,110,3630,0.11012697964906693,18,-0.003389621592941694,0.36652958393096924,0.9444444444444444,0.10817108154296876,1e-05,0.14601358975924086,18,0.0022635409
0.11103496700525284,0.10610451549291611,0.1123548224568367,0.11329662799835205,0.10959015041589737,0.1125069260597229,950.24,1.4326666666666676,11665408,0.11152582615613937,21,0.10771221667528152,0.10856380313634872,0.11094365268945694,0.0,667.553955078125,0.11396004259586334,27,1.3599732813644785,0.11041510105133057,4838,0.10978460311889648,0.11417804658412933,21,2411,0.10610451549291611,1.9583333333333333,89,0.11417804658412933,0.10416666666666667,0.11073115468025208,0.8518518518518519,0.8958333333333334,0.10830310732126236,0.1122739240527153,0.11010140925645828,0.1085980236530304,0.1087409108877182,0.10656553506851196,0.10782301425933838,0.11145038902759552,0.9285714285714286,0.8095238095238095,0.7142857142857143,0.11340340226888657,0.11008729040622711,14,0.2,32,0.0,1.0,19.651312640309335,0.7795155644416809,1.0,0.1,129,3640,0.11040197312831879,18,-0.003833857228892157,0.4328562915325165,1.0,0.116046142578125,1e-05,0.20276189923170024,11,0.0024865055
0.11122645437717438,0.1064293161034584,0.11245620250701904,0.11364340037107468,0.10988524556159973,0.11275967210531235,924.38,1.4427883211678842,11796480,0.11169605702161789,24,0.10791047662496567,0.10881641507148743,0.11109685897827148,0.0,643.0689697265625,0.11421023309230804,15,1.4319970634228492,0.11067304015159607,4838,0.10999708622694016,0.11434640735387802,15,2438,0.1064293161034584,1.8467153284671534,90,0.11434640735387802,0.1386861313868613,0.11096023768186569,0.6,0.8613138686131386,0.10863083600997925,0.11254444718360901,0.11032452434301376,0.1088535413146019,0.10906551778316498,0.10664401948451996,0.10807263851165771,0.11176333576440811,0.9,0.875,0.6666666666666666,0.11369723081588745,0.11022114753723145,20,0.2,18,0.0,1.0,19.59369260519743,0.7943682074546814,1.0,0.1,118,3650,0.11063697934150696,23,-0.00389572344311091,0.28806835412979126,0.8636363636363636,0.11409072875976563,1e-05,0.12472554869309534,22,0.0022898493
0.11134566366672516,0.1067345067858696,0.1127307116985321,0.11395268142223358,0.11002908647060394,0.11293277889490128,973.43,1.452311111111112,11927552,0.11194498091936111,21,0.10813163220882416,0.10919540375471115,0.11134768277406693,0.0,682.5386962890625,0.11452095210552216,25,1.2613178610771347,0.11072400957345963,4838,0.11038841307163239,0.11462169885635376,12,2465,0.1067345067858696,1.8,91,0.11462169885635376,0.08888888888888889,0.11099015921354294,0.76,0.9111111111111111,0.10878714919090271,0.11285784095525742,0.11047099530696869,0.10926051437854767,0.10936955362558365,0.10682946443557739,0.10836853086948395,0.11202232539653778,0.9166666666666666,0.8095238095238095,1.0,0.1140686422586441,0.1103503555059433,12,0.2,28,0.0,1.0,19.540533006191254,0.7794873118400574,1.0,0.1,123,3660,0.11087901890277863,20,-0.004091757407877594,0.3633959889411926,0.9411764705882353,0.11429061889648437,1e-05,0.15814631760003978,17,0.0023786058
0.11154720932245255,0.10690543800592422,0.1130022332072258,0.11427265405654907,0.11035064607858658,0.11317873746156693,911.1,1.4193750000000012,12058624,0.11212746798992157,21,0.10832616686820984,0.10954173654317856,0.11171749979257584,0.0,629.5103759765625,0.11476276814937592,29,1.6136297597418432,0.11099648475646973,4838,0.1106560006737709,0.11488114297389984,12,2492,0.10690543800592422,2.138888888888889,92,0.11488114297389984,0.13194444444444445,0.111173115670681,0.6896551724137931,0.8680555555555556,0.10909857600927353,0.11322872340679169,0.11077752709388733,0.10960496217012405,0.10947052389383316,0.10698474198579788,0.10865937918424606,0.11213768273591995,0.8695652173913043,0.8095238095238095,0.9166666666666666,0.11446008831262589,0.11061788350343704,23,0.2,23,0.0,1.0,19.483254034817218,0.7448052167892456,1.0,0.1,125,3670,0.11113917082548141,16,-0.003532037147670053,0.2664599120616913,0.9,0.10820159912109376,1e-05,0.14113519819511566,20,0.0023042122
0.11169981211423874,0.10723820328712463,0.1132710874080658,0.11456582695245743,0.11049070954322815,0.11328621208667755,967.5,1.43102290076336,12189696,0.11248175799846649,23,0.10862065851688385,0.10988666117191315,0.11198034882545471,0.0,674.3348388671875,0.11508908122777939,16,1.2727964858963179,0.1112983450293541,4837,0.11092711985111237,0.11498497426509857,18,2519,0.10723820328712463,1.8702290076335877,93,0.11508908122777939,0.06870229007633588,0.11136428266763687,0.8125,0.9312977099236641,0.10930442065000534,0.1134391576051712,0.1110968366265297,0.10970006883144379,0.10979246348142624,0.10741711407899857,0.10899951308965683,0.11242037266492844,0.8823529411764706,0.8695652173913043,0.9444444444444444,0.11497995257377625,0.11082132905721664,17,0.2,20,0.0,1.0,19.423922194540502,0.8072295188903809,1.0,0.1,122,3680,0.11140624433755875,17,-0.003602259421495546,0.2836570143699646,1.0,0.10824432373046874,1e-05,0.14589620366459713,20,0.0023085685
0.11191458255052567,0.10745382308959961,0.1135590597987175,0.11489970982074738,0.11067364364862442,0.11357466131448746,938.89,1.4477046979865782,12320768,0.11275958269834518,18,0.10872665047645569,0.11014772206544876,0.11233250796794891,0.0,655.4483642578125,0.1151803731918335,25,1.4665466283100825,0.11161430180072784,4837,0.11117282509803772,0.11536853760480881,20,2546,0.10745382308959961,1.9865771812080537,94,0.11536853760480881,0.1476510067114094,0.11160509288311005,0.8,0.8523489932885906,0.10955404490232468,0.11370725184679031,0.11127186566591263,0.10994616895914078,0.10998020321130753,0.10758063942193985,0.10938934981822968,0.11253326386213303,0.9047619047619048,0.5555555555555556,0.75,0.11516464501619339,0.11116182804107666,21,0.2,26,0.0,1.0,19.366687619686125,0.8015060424804688,1.0,0.1,127,3690,0.11165089160203934,17,-0.003678347008462879,0.3766401410102844,0.9090909090909091,0.10969161987304688,1e-05,0.10245770086476114,22,0.002245929
0.11220074445009232,0.10774016380310059,0.11386308819055557,0.11520455032587051,0.11104273051023483,0.11387885361909866,911.41,1.4564172661870516,12451840,0.11289635300636292,18,0.10893524438142776,0.11051130294799805,0.11266247183084488,0.0,641.21044921875,0.1154395192861557,20,1.3439275220252604,0.11191364377737045,4837,0.11147109419107437,0.11554691195487976,30,2573,0.10774016380310059,1.8273381294964028,95,0.11554691195487976,0.14388489208633093,0.11182669550180435,0.7,0.8561151079136691,0.10973865538835526,0.11391043663024902,0.11136329919099808,0.11014003306627274,0.11019358783960342,0.10790052264928818,0.10963185876607895,0.11275800317525864,0.9090909090909091,0.7777777777777778,0.7333333333333333,0.11548961699008942,0.11137880384922028,11,0.2,28,0.0,1.0,19.310923258960248,0.8190399408340454,1.0,0.1,119,3700,0.111905537545681,12,-0.004048866684115637,0.3331410586833954,0.95,0.1107330322265625,1e-05,0.16854560432257132,20,0.0023417608
0.11243397742509842,0.10785507410764694,0.11415357142686844,0.11549518257379532,0.11114854365587234,0.11403899639844894,944.77,1.445661971830987,12582912,0.113150455057621,21,0.10920391976833344,0.1107221320271492,0.11303085088729858,0.0,659.8397827148438,0.11579246819019318,33,1.569166038035974,0.11225774139165878,4835,0.11171954870223999,0.1159205436706543,22,2602,0.10785507410764694,2.0985915492957745,96,0.1159205436706543,0.1267605633802817,0.11230476945638657,0.7575757575757576,0.8732394366197183,0.10995681583881378,0.114189013838768,0.11163096129894257,0.11033901572227478,0.11046344041824341,0.10799381881952286,0.10997354239225388,0.11295662820339203,0.9,0.8095238095238095,0.8636363636363636,0.11574998497962952,0.11153662204742432,10,0.2,27,0.0,1.0,19.25416641831398,0.7958366870880127,0.9629629629629629,0.1,124,3710,0.11216069757938385,12,-0.0038407948078202025,0.34892696142196655,0.9411764705882353,0.1059356689453125,1e-05,0.1670316320436541,17,0.0022520204
0.11268874257802963,0.10807683318853378,0.1144295185804367,0.11578782647848129,0.11153388023376465,0.11429505050182343,968.56,1.4384411764705891,12713984,0.11351707577705383,19,0.10959981381893158,0.11102128773927689,0.11332005262374878,0.0,677.3350219726562,0.11624504625797272,23,1.4548580572943377,0.11256374418735504,4834,0.11201708763837814,0.11626914143562317,22,2629,0.10815119743347168,2.0955882352941178,97,0.11626914143562317,0.09558823529411764,0.11245735734701157,0.782608695652174,0.9044117647058824,0.11012443155050278,0.11445552855730057,0.11194727569818497,0.11066325008869171,0.1107945665717125,0.10807683318853378,0.11035429686307907,0.11319883167743683,1.0,0.7368421052631579,0.8636363636363636,0.11595194786787033,0.11168577522039413,17,0.2,21,0.0,1.0,19.19339171797037,0.7454243898391724,1.0,0.1,123,3720,0.11244597285985947,19,-0.0037268202629093137,0.32589608430862427,1.0,0.11630706787109375,1e-05,0.16288535686326214,15,0.0023994693
0.11290864646434784,0.10834372788667679,0.11478414386510849,0.11612541228532791,0.11164592206478119,0.11466628313064575,970.4,1.4372932330827077,12845056,0.11389791965484619,21,0.10979817062616348,0.1112680658698082,0.11359842866659164,0.0,680.29541015625,0.11642356216907501,21,1.4045373326195656,0.11278290301561356,4835,0.11231976747512817,0.1165081188082695,20,2656,0.10836615413427353,2.0225563909774436,98,0.1165081188082695,0.12781954887218044,0.11277254670858383,0.7142857142857143,0.8721804511278195,0.11023018509149551,0.1147589460015297,0.1121198982000351,0.11099722981452942,0.11108768731355667,0.10834372788667679,0.11064863950014114,0.11335250735282898,0.9473684210526315,0.6666666666666666,0.85,0.11637746542692184,0.11197637021541595,19,0.2,24,0.0,1.0,19.132663348317145,0.7808704972267151,1.0,0.1,116,3730,0.11271034181118011,10,-0.003841161674608884,0.295925498008728,1.0,0.11297454833984374,1e-05,0.1404174990108004,18,0.0023565972
0.11321168392896652,0.1085222139954567,0.11519616842269897,0.11624845862388611,0.1119719073176384,0.1149226725101471,959.41,1.4365401459854024,12976128,0.11431050300598145,14,0.11015988141298294,0.11159525066614151,0.11383938789367676,0.0,671.5770263671875,0.11669685691595078,31,1.359113139213856,0.11316616088151932,4835,0.11253664642572403,0.11672122031450272,18,2683,0.1085222139954567,2.065693430656934,99,0.11672122031450272,0.10948905109489052,0.11310169100761414,0.7741935483870968,0.8905109489051095,0.11063172668218613,0.11490420252084732,0.11250023543834686,0.11128515005111694,0.11126408725976944,0.10861653834581375,0.11080682277679443,0.11366383731365204,0.8571428571428571,0.8571428571428571,0.8888888888888888,0.11669760197401047,0.11230450123548508,14,0.2,27,0.0,1.0,19.07177052497864,0.7676364183425903,1.0,0.1,122,3740,0.11299501359462738,17,-0.0035748201351452737,0.39136695861816406,0.875,0.11096038818359374,1e-05,0.14039897348266095,16,0.0023232615
0.11335061490535736,0.10870612412691116,0.11551608145236969,0.11649475246667862,0.1121387779712677,0.11530501395463943,952.14,1.446187050359713,13107200,0.11454348266124725,21,0.11039630323648453,0.11192261427640915,0.11423871666193008,0.0,663.3816528320312,0.11698581278324127,17,1.2163697119010595,0.11348114162683487,4834,0.1129508912563324,0.11705617606639862,17,2711,0.10870612412691116,1.669064748201439,100,0.11705617606639862,0.1079136690647482,0.11329757422208786,0.5294117647058824,0.8920863309352518,0.11096068471670151,0.11516588181257248,0.1126565933227539,0.11159096658229828,0.11149993538856506,0.10874491184949875,0.11116087436676025,0.11403276771306992,1.0,0.8095238095238095,0.9411764705882353,0.11699973046779633,0.11265502870082855,20,0.2,38,0.0,1.0,19.009347605705262,0.7767249941825867,1.0,0.1,124,3750,0.11327406018972397,12,-0.0037985570998898765,0.3505813181400299,0.8571428571428571,0.1140289306640625,1e-05,0.13592805651715026,14,0.002387066
0.11360423266887665,0.10893397778272629,0.11589940637350082,0.116644948720932,0.11239458620548248,0.1157180666923523,937.14,1.4491594202898561,13238272,0.11485974490642548,22,0.110679030418396,0.11218380928039551,0.11461065709590912,0.0,658.325927734375,0.11701303720474243,20,1.3758681478983903,0.11362042278051376,4834,0.1130545437335968,0.11733022332191467,19,2738,0.10893397778272629,1.9130434782608696,101,0.11733022332191467,0.10869565217391304,0.11369801312685013,0.65,0.8913043478260869,0.11130153387784958,0.11540327966213226,0.11275681853294373,0.11181683093309402,0.11192189157009125,0.10907454788684845,0.11141668260097504,0.11452112346887589,0.9444444444444444,0.8636363636363636,0.8947368421052632,0.11724404245615005,0.1128614991903305,18,0.2,24,0.0,1.0,18.949336551129818,0.7668757438659668,0.9583333333333334,0.1,123,3760,0.11354251950979233,15,-0.003533190279995324,0.29525038599967957,0.95,0.11627655029296875,1e-05,0.13508796078094748,20,0.002381044
0.11396142840385437,0.10907797515392303,0.11622127890586853,0.11692959815263748,0.11263161152601242,0.11604252457618713,927.18,1.4490140845070434,13369344,0.11514827609062195,25,0.11101938039064407,0.11264558136463165,0.1149735301733017,0.0,643.829345703125,0.11707352846860886,27,1.5175523504588884,0.1140812337398529,4834,0.11343096941709518,0.11759605258703232,17,2765,0.10907797515392303,2.0704225352112675,102,0.11774182319641113,0.11971830985915492,0.11397905647754669,0.7777777777777778,0.8802816901408451,0.11149623990058899,0.11564913392066956,0.11312966048717499,0.11221106350421906,0.11216417700052261,0.1094251424074173,0.11170805990695953,0.11478447169065475,0.8,0.76,0.8823529411764706,0.11774182319641113,0.1131749302148819,15,0.2,21,0.0,1.0,18.88488662838936,0.7415951490402222,1.0,0.1,125,3770,0.1138518676161766,19,-0.003645296582362789,0.33083826303482056,1.0,0.11276702880859375,1e-05,0.1571762832609238,18,0.0024108863
0.11427392810583115,0.10935673117637634,0.11646151542663574,0.11724703758955002,0.11286948621273041,0.11629212647676468,972.77,1.4441406250000008,13500416,0.11546022444963455,17,0.11137673258781433,0.11274214088916779,0.1152312159538269,0.0,678.2340698242188,0.11732166260480881,22,1.3591368778148956,0.11428223550319672,4834,0.11381805688142776,0.11783833801746368,10,2792,0.10935673117637634,1.9609375,103,0.11807128041982651,0.09375,0.11433874070644379,0.7727272727272727,0.90625,0.1118454709649086,0.11601806432008743,0.11346384882926941,0.1125493124127388,0.11241832375526428,0.1094195768237114,0.11195053160190582,0.11505939811468124,0.8636363636363636,0.9411764705882353,0.8,0.11807128041982651,0.11336261034011841,22,0.2,24,0.0,1.0,18.821485994756223,0.7537485957145691,1.0,0.1,116,3780,0.11412274092435837,13,-0.0035199916259443854,0.32541561126708984,0.95,0.1145477294921875,1e-05,0.15719295914750547,20,0.0023971559
0.11450749635696411,0.10954874008893967,0.11666474491357803,0.11758710443973541,0.11313580721616745,0.11655610054731369,930.05,1.4392582781456964,13631488,0.11581099033355713,20,0.11174319684505463,0.11300646513700485,0.11563757807016373,0.0,648.67529296875,0.11760827898979187,21,1.3078718490840706,0.11467691510915756,4834,0.1142863854765892,0.11806650459766388,20,2819,0.10954874008893967,1.7748344370860927,104,0.11829216033220291,0.1390728476821192,0.11470628529787064,0.6190476190476191,0.8609271523178808,0.11213035136461258,0.1161794438958168,0.11372886598110199,0.11278720200061798,0.11267367750406265,0.10978350788354874,0.1122855395078659,0.11526364833116531,0.95,0.7,0.8,0.11829216033220291,0.11370813101530075,20,0.2,34,0.0,1.0,18.76002095937729,0.7681654691696167,0.9705882352941176,0.1,130,3790,0.1144150048494339,17,-0.003856183867355867,0.32612159848213196,0.9473684210526315,0.10725936889648438,1e-05,0.11686748327338137,19,0.0022746474
0.11481613665819168,0.1098942756652832,0.11699683219194412,0.11796951293945312,0.11355727910995483,0.11679482460021973,943.38,1.445421875000001,13762560,0.1160232350230217,19,0.11199070513248444,0.11314927041530609,0.11588598787784576,0.0,657.4400024414062,0.11776534467935562,21,1.4121608952245606,0.11491097509860992,4834,0.11459106206893921,0.11823630332946777,20,2846,0.1098942756652832,2.015625,105,0.11861959844827652,0.1484375,0.1149381473660469,0.7142857142857143,0.8515625,0.11241428554058075,0.11645486950874329,0.11409763246774673,0.1131092980504036,0.11285829544067383,0.10992761701345444,0.11250930279493332,0.11554542183876038,0.875,0.7894736842105263,0.75,0.11861959844827652,0.11397318542003632,16,0.2,24,0.0,1.0,18.699353393912315,0.7908051013946533,1.0,0.1,109,3800,0.114681176841259,15,-0.004241318073673029,0.2838784158229828,0.8461538461538461,0.11491851806640625,1e-05,0.17097965768771245,13,0.0023266019
0.11512503027915955,0.11014354228973389,0.1173296645283699,0.11833071708679199,0.11378343403339386,0.11707272380590439,976.06,1.4435102040816337,13893632,0.11639852821826935,26,0.11235115677118301,0.113457091152668,0.11624191701412201,0.0,681.525634765625,0.11794180423021317,19,1.3323412113701962,0.11521369218826294,4834,0.11483275145292282,0.11852678656578064,20,2873,0.11023015528917313,2.074829931972789,106,0.11904579401016235,0.08163265306122448,0.11513099074363708,0.8421052631578947,0.9183673469387755,0.1128070205450058,0.11673227697610855,0.11435793340206146,0.11331624537706375,0.1130729466676712,0.11014354228973389,0.11277713626623154,0.11585495620965958,0.9230769230769231,0.8461538461538461,0.9,0.11904579401016235,0.11408870667219162,26,0.2,25,0.0,1.0,18.638681983947755,0.7894982099533081,1.0,0.1,135,3810,0.1149665117263794,19,-0.003933655868331698,0.2788347601890564,0.9166666666666666,0.11225814819335937,1e-05,0.15190497575677,12,0.0023270887
0.11547480523586273,0.1104651540517807,0.11758388578891754,0.11864946782588959,0.11398758739233017,0.11726542562246323,950.63,1.45320634920635,14024704,0.11670269817113876,12,0.11262720823287964,0.11376045644283295,0.11663157492876053,0.0,664.9121704101562,0.11821871250867844,14,1.1381775845090651,0.11558248102664948,4834,0.11519963294267654,0.1187903955578804,19,2900,0.11057650297880173,1.5793650793650793,107,0.1192774772644043,0.09523809523809523,0.11548818647861481,0.9285714285714286,0.9047619047619048,0.11307689547538757,0.11706683784723282,0.11463519930839539,0.1135890930891037,0.11329738795757294,0.1104651540517807,0.11295043677091599,0.11619295924901962,0.7333333333333333,0.9166666666666666,0.7894736842105263,0.1192774772644043,0.11439420282840729,15,0.2,30,0.0,1.0,18.575777992606163,0.8073750734329224,1.0,0.1,114,3820,0.11525937914848328,18,-0.003906373685094877,0.24342787265777588,0.8888888888888888,0.10251388549804688,1e-05,0.10155682672921103,18,0.0022150872
