train/action_std_09,train/action_std_05,rollout/force_direction_mean,train/action_std_01,rollout/force_requested_impulse_mean,time/total_timesteps,rollout/is_fall_mean,train/action_std_11,train/std_max,rollout/action_saturation_fraction,time/fps,train/action_std_12,train/action_std_08,train/action_std_22,rollout/recovery_right,train/action_std_03,time/iterations,train/action_std_15,train/std_min,train/action_std_14,rollout/episodes_right,train/action_std_10,train/action_std_20,rollout/ep_rew_mean,train/action_std_17,train/action_std_19,train/action_std_24,rollout/is_timeout_mean,train/action_std_00,train/action_std_18,rollout/ep_len_mean,train/action_std_02,rollout/recovery_left,rollout/force_onset_mean,rollout/episodes_left,train/action_std_06,train/action_std_23,time/time_elapsed,train/action_std_16,train/action_std_07,train/action_std_13,train/action_std_04,train/action_std_21,train/n_updates,rollout/episodes_fwd,rollout/recovery_down,train/policy_gradient_loss,train/std,train/clip_fraction,train/entropy_loss,train/explained_variance,train/approx_kl,rollout/recovery_up,train/clip_range_vf,rollout/timeout_without_onset_fraction,rollout/episodes_up,train/value_loss,train/learning_rate,rollout/episodes_noforce,rollout/episodes_down,train/loss,train/clip_range,rollout/timeouts,rollout/recovery_noforce,rollout/recovery_fwd,rollout/recovery_back,rollout/episodes_back
0.09080807864665985,0.08914025127887726,2.272727272727273,0.09163190424442291,1.6524402066795536,131072,1.0,0.09134966135025024,0.09168760478496552,0.0,5923,0.09137305617332458,0.09002682566642761,0.08928269147872925,0.0,0.09125185757875443,1,0.09032973647117615,0.08674445748329163,0.0882166400551796,3,0.08803611248731613,0.08996237069368362,226.07159423828125,0.09168760478496552,0.09096547961235046,0.0915672779083252,0.0,0.08820841461420059,0.08815278857946396,354.6363636363636,0.08883100003004074,0.0,1.418727272727274,8,0.09076288342475891,0.0900103896856308,22,0.08975659310817719,0.08856526017189026,0.08674445748329163,0.08769518882036209,0.08898065239191055,,,,,,,,,,,,,,,,,,,,,,,,
0.09111490100622177,0.08935978263616562,1.7479674796747968,0.09179887920618057,1.0898821599539295,262144,0.11788617886178862,0.09165270626544952,0.09190728515386581,0.0,5386,0.09161124378442764,0.09026491641998291,0.08947782963514328,0.696969696969697,0.09144153445959091,2,0.09055135399103165,0.08696562051773071,0.08850491791963577,33,0.08807665854692459,0.0901331976056099,695.5873413085938,0.09190728515386581,0.09120359271764755,0.09172733873128891,0.8821138211382114,0.08829211443662643,0.08843718469142914,1000.0,0.08903508633375168,0.6904761904761905,1.4185934959349604,42,0.09089671075344086,0.09018562734127045,48,0.09002967923879623,0.08877032995223999,0.08696562051773071,0.08787864446640015,0.08903402835130692,2770,34,1.0,-0.0032504145555321885,0.08993404358625412,0.10477523803710938,24.772965383529662,0.7796456813812256,0.0022591718,0.96875,0.2,0.0,32,0.1301914040959673,1e-05,45,26,0.3456721305847168,0.1,217,1.0,0.8823529411764706,0.9705882352941176,34
0.09130112826824188,0.08941314369440079,2.44,0.09210031479597092,1.4513510631261417,393216,0.44,0.09194543957710266,0.09210031479597092,0.0,5281,0.09195050597190857,0.09044074267148972,0.08972514420747757,0.36363636363636365,0.0917680412530899,3,0.09071682393550873,0.08720464259386063,0.08868420124053955,11,0.0882858857512474,0.09031124413013458,642.408447265625,0.09185998141765594,0.09152891486883163,0.09182990342378616,0.56,0.08846641331911087,0.08870167285203934,928.58,0.08924035727977753,0.3333333333333333,1.422480000000001,6,0.09112697839736938,0.0903836190700531,74,0.0900832936167717,0.08904851973056793,0.08720464259386063,0.08820145577192307,0.08932171761989594,2780,2,1.0,-0.0033165744453071966,0.09014560282230377,0.12060165405273438,24.715778663754463,0.8138218522071838,0.0024663995,1.0,0.2,0.0,2,0.19345068193506448,1e-05,,1,0.378173828125,0.1,14,,1.0,1.0,3
0.09154420346021652,0.08966582268476486,2.0987124463519313,0.09231428056955338,1.0510016087558518,524288,0.06866952789699571,0.09218941628932953,0.09231428056955338,0.0,5183,0.09222298115491867,0.09069802612066269,0.08990482240915298,0.7586206896551724,0.09206180274486542,4,0.09094197303056717,0.0874643549323082,0.0888727530837059,29,0.08861228078603745,0.09044140577316284,689.1197509765625,0.09207429736852646,0.09168553352355957,0.09213154017925262,0.9313304721030042,0.08863385021686554,0.08893813192844391,995.13,0.08950186520814896,0.7741935483870968,1.4145836909871257,31,0.09122579544782639,0.09067357331514359,101,0.09028097242116928,0.08922168612480164,0.0874643549323082,0.0883205309510231,0.08947566896677017,2790,31,1.0,-0.0035193077930671278,0.09036389738321304,0.10923843383789063,24.6552120372653,0.7883367538452148,0.0022475768,1.0,0.2,0.0,28,0.11348210656724404,1e-05,37,47,0.3604017496109009,0.1,217,0.972972972972973,0.967741935483871,1.0,30
0.09172581136226654,0.08994114398956299,2.1315789473684212,0.0925995260477066,1.1425047281487466,655360,0.42105263157894735,0.09243038296699524,0.09262339025735855,0.0,5152,0.09262339025735855,0.09099002927541733,0.09011968970298767,0.4,0.09222301095724106,5,0.09130807220935822,0.0877825915813446,0.08904648572206497,5,0.0888860672712326,0.09061688929796219,618.2623291015625,0.09234417229890823,0.0919104591012001,0.09232033044099808,0.5789473684210527,0.08874351531267166,0.08917853236198425,896.49,0.08971510827541351,0.23076923076923078,1.396578947368422,13,0.0914139598608017,0.09094249457120895,127,0.09051401913166046,0.08960775285959244,0.0877825915813446,0.0885026603937149,0.08975815773010254,2800,2,0.8333333333333334,-0.0033954496637306876,0.09060976654291153,0.12308349609375,24.591188077628612,0.824460506439209,0.0025462275,0.5,0.2,0.0,4,0.11274488258350175,1e-05,7,6,0.3955969214439392,0.1,22,1.0,1.0,1.0,1
0.09202075004577637,0.09015209227800369,1.7837837837837838,0.0928739532828331,1.0403541697993672,786432,0.04954954954954955,0.09271419793367386,0.0928739532828331,0.0,5105,0.09285962581634521,0.09130765497684479,0.09038316458463669,0.875,0.09237903356552124,6,0.09153508394956589,0.08802860230207443,0.08921205252408981,32,0.08898583054542542,0.09084241837263107,694.89892578125,0.09250911325216293,0.0921473428606987,0.09245112538337708,0.9504504504504504,0.08901827782392502,0.08945248275995255,996.63,0.08998513221740723,0.7407407407407407,1.4104144144144155,27,0.09170252084732056,0.09120690077543259,154,0.09079157561063766,0.08979205787181854,0.08802860230207443,0.08865074068307877,0.08995087444782257,2810,33,1.0,-0.003591848072301218,0.09083810448646545,0.11411666870117188,24.526256729662418,0.8397806882858276,0.002403514,1.0,0.2,0.0,28,0.11954205745423678,1e-05,44,30,0.41223588585853577,0.1,211,1.0,1.0,1.0,28
0.09226199984550476,0.09019847959280014,1.7954545454545454,0.09313990920782089,0.9987569108023486,917504,0.25,0.09299630671739578,0.09313990920782089,0.0,5092,0.0930570513010025,0.09144426137208939,0.09059605747461319,0.5454545454545454,0.09265024214982986,7,0.09160907566547394,0.0881531834602356,0.0893491879105568,11,0.08912339061498642,0.0911082997918129,650.7689208984375,0.09277831763029099,0.09241262823343277,0.09276492148637772,0.75,0.08929108083248138,0.08968963474035263,934.01,0.09020785987377167,0.16666666666666666,1.41809090909091,6,0.09195243567228317,0.09141073375940323,180,0.09108225256204605,0.0900815799832344,0.0881531834602356,0.08888157457113266,0.09020885080099106,2820,2,1.0,-0.0028998745236094694,0.09105796366930008,0.11646652221679688,24.4643665894866,0.7593047022819519,0.002422397,0.8571428571428571,0.2,0.0,7,0.12434327831724659,1e-05,12,3,0.3124827444553375,0.1,33,1.0,1.0,1.0,3
0.09252667427062988,0.09043093025684357,1.9074074074074074,0.09327315539121628,1.055720076750764,1048576,0.07407407407407407,0.09321500360965729,0.09327315539121628,0.0,5062,0.09319229423999786,0.09164922684431076,0.09091038256883621,0.9375,0.09296934306621552,8,0.09184040874242783,0.08828862011432648,0.0894821286201477,16,0.08934800326824188,0.09132882207632065,699.3253173828125,0.0929630771279335,0.09252657741308212,0.09292061626911163,0.9259259259259259,0.08950430154800415,0.08992231637239456,1000.0,0.09043129533529282,0.6857142857142857,1.4257407407407419,35,0.0921090692281723,0.0916241705417633,207,0.09137322753667831,0.09035968035459518,0.08828862011432648,0.0891602486371994,0.09046407788991928,2830,22,1.0,-0.0033011166783580848,0.09127254039049149,0.1076629638671875,24.40436582714319,0.8072597980499268,0.0022836765,0.9459459459459459,0.2,0.0,37,0.10377499871829059,1e-05,42,31,0.3425925374031067,0.1,200,1.0,0.9545454545454546,0.9696969696969697,33
0.09271108359098434,0.09057857096195221,1.671875,0.0934404730796814,1.1463506392829486,1179648,0.34375,0.09329597651958466,0.0934404730796814,0.0,5052,0.09339094161987305,0.09186430275440216,0.0911598801612854,0.45454545454545453,0.09311217814683914,9,0.09211122244596481,0.08850186318159103,0.08971568197011948,11,0.08963055163621902,0.09145808219909668,601.4690551757812,0.09312150627374649,0.09268568456172943,0.09312568604946136,0.65625,0.08967462182044983,0.09011916816234589,868.92,0.09071440249681473,0.2857142857142857,1.400062500000001,21,0.09236733615398407,0.09173201769590378,233,0.09161601960659027,0.0905330553650856,0.08850186318159103,0.08937925100326538,0.09063665568828583,2840,8,1.0,-0.003702884645645099,0.09146704524755478,0.11136856079101562,24.34932961165905,0.8137589693069458,0.0023408541,1.0,0.2,0.0,2,0.11801694503228646,1e-05,7,4,0.3474692702293396,0.1,42,0.8571428571428571,1.0,1.0,11
0.09281560033559799,0.09070802479982376,1.6865671641791045,0.0936286449432373,1.059644062195456,1310720,0.06467661691542288,0.0935262143611908,0.09370816498994827,0.0,5030,0.09370816498994827,0.09213002771139145,0.09145738184452057,0.8275862068965517,0.09346887469291687,10,0.09223046153783798,0.08876407891511917,0.08985628932714462,29,0.08988696336746216,0.09175872057676315,693.8379516601562,0.09334094077348709,0.09289543330669403,0.09325019270181656,0.9353233830845771,0.08998322486877441,0.09033159911632538,1000.0,0.09085994213819504,0.8,1.3990646766169166,30,0.09260616451501846,0.09192238003015518,260,0.0917619839310646,0.09082011133432388,0.08876407891511917,0.08955621719360352,0.09094274789094925,2850,37,1.0,-0.003223104240714747,0.09168840944766998,0.12203750610351563,24.291674824059008,0.8091605305671692,0.002486182,1.0,0.2,0.0,25,0.16318464430805762,1e-05,38,22,0.3443177044391632,0.1,188,1.0,0.972972972972973,0.95,20
0.09301551431417465,0.09088600426912308,2.0684931506849313,0.09376267343759537,1.1470332440472744,1441792,0.2054794520547945,0.09368524700403214,0.09380663931369781,0.0,5025,0.09380663931369781,0.09229586273431778,0.09158594906330109,0.5454545454545454,0.09377449750900269,11,0.09238176047801971,0.0890134796500206,0.09004565328359604,11,0.09007921069860458,0.0920332744717598,627.91943359375,0.09352186322212219,0.09320317953824997,0.09342873096466064,0.7945205479452054,0.09020236134529114,0.0905863419175148,910.52,0.09110477566719055,0.625,1.3944931506849327,16,0.09282562881708145,0.09207969903945923,286,0.09179794043302536,0.09096332639455795,0.0890134796500206,0.08968168497085571,0.09109672158956528,2860,8,0.8888888888888888,-0.0036792772018088725,0.09187432378530502,0.11765594482421875,24.2367768868804,0.8122291564941406,0.0023578145,0.75,0.2,0.0,12,0.10755382790812291,1e-05,12,9,0.3196905255317688,0.1,58,1.0,1.0,1.0,5
0.09318569302558899,0.09118463844060898,1.898936170212766,0.093821682035923,1.0625987360914932,1572864,0.05851063829787234,0.09396106004714966,0.09404665231704712,0.0,5011,0.09404665231704712,0.09243413060903549,0.09180235862731934,0.8518518518518519,0.09404178708791733,12,0.09252303093671799,0.08929252624511719,0.09025856852531433,27,0.09029758721590042,0.09212242811918259,687.5281982421875,0.09366307407617569,0.09329137206077576,0.09367617964744568,0.9414893617021277,0.09028904139995575,0.09073414653539658,988.62,0.09134959429502487,0.8571428571428571,1.4324893617021286,35,0.09311722218990326,0.09229326248168945,313,0.09194690734148026,0.09126443415880203,0.08929252624511719,0.08980939537286758,0.0914325937628746,2870,24,1.0,-0.0036215366240867296,0.09207357466220856,0.10995407104492187,24.183836670219897,0.8138340711593628,0.002335105,1.0,0.2,0.0,28,0.12935842660663183,1e-05,34,22,0.3785252571105957,0.1,177,1.0,0.9583333333333334,0.9444444444444444,18
0.09343544393777847,0.09146486222743988,1.793103448275862,0.09398458898067474,1.0669674834829268,1703936,0.1724137931034483,0.09424532204866409,0.09430638700723648,0.0,5008,0.09430638700723648,0.09258486330509186,0.09209631383419037,0.6923076923076923,0.09414130449295044,13,0.09273577481508255,0.08963236957788467,0.09061204642057419,13,0.09051848948001862,0.0923323929309845,624.282958984375,0.09395957738161087,0.09357334673404694,0.09383119642734528,0.8275862068965517,0.0904393196105957,0.09100710600614548,902.33,0.09167368710041046,0.35714285714285715,1.424183908045978,14,0.0934227854013443,0.0925670936703682,340,0.09212194383144379,0.09144623577594757,0.08963236957788467,0.09001073241233826,0.09172336012125015,2880,13,1.0,-0.0036285631731516332,0.09231466054916382,0.11636962890625,24.123981492221354,0.8063760995864868,0.0024111671,1.0,0.2,0.0,8,0.10641163048567251,1e-05,19,14,0.3749006390571594,0.1,72,1.0,0.8461538461538461,1.0,6
0.0936555415391922,0.09181996434926987,1.8361581920903955,0.09442827105522156,1.0476057338722096,1835008,0.0847457627118644,0.09445931762456894,0.09446276724338531,0.0,4997,0.09446276724338531,0.09276865422725677,0.09244874119758606,0.9032258064516129,0.09445676952600479,14,0.09303063899278641,0.0897744819521904,0.09080099314451218,31,0.09089138358831406,0.09255251288414001,686.598876953125,0.09416796267032623,0.0938270315527916,0.09407232701778412,0.9152542372881356,0.09055157750844955,0.09127751737833023,985.86,0.09193182736635208,0.7272727272727273,1.4146553672316393,22,0.09364712983369827,0.0926947072148323,367,0.0923471674323082,0.09163345396518707,0.0897744819521904,0.09028992801904678,0.09199018776416779,2890,27,1.0,-0.00388016609231272,0.09255923330783844,0.1200653076171875,24.057959620654582,0.8023653626441956,0.002460104,1.0,0.2,0.0,25,0.1364106533874292,1e-05,30,19,0.3664434254169464,0.1,162,1.0,0.8148148148148148,0.9565217391304348,23
0.09394058585166931,0.0921040028333664,1.9038461538461537,0.09458360075950623,1.2130725396323636,1966080,0.18269230769230768,0.09470959007740021,0.09475593268871307,0.0,4994,0.0946187898516655,0.0929858386516571,0.09270282834768295,0.5,0.09475593268871307,15,0.09316358715295792,0.08997442573308945,0.09092863649129868,12,0.09101938456296921,0.09281361103057861,633.6190795898438,0.09435843676328659,0.09411773830652237,0.09428226947784424,0.8173076923076923,0.09075269103050232,0.09150229394435883,917.2,0.09217684715986252,0.5714285714285714,1.4110576923076934,21,0.09399876743555069,0.09288723766803741,393,0.0926385372877121,0.09179794043302536,0.08997442573308945,0.09050463885068893,0.09226061403751373,2900,16,1.0,-0.003488243546007652,0.09278315305709839,0.11291275024414063,23.99457488656044,0.839348316192627,0.0023104548,0.9411764705882353,0.2,0.0,17,0.10543685678567272,1e-05,15,11,0.32490402460098267,0.1,85,1.0,0.8125,1.0,12
0.09423069655895233,0.09233728051185608,1.7,0.09491457045078278,1.133137039861506,2097152,0.1,0.09497883915901184,0.09497883915901184,0.0,4984,0.09491837024688721,0.09319758415222168,0.0928855836391449,0.7333333333333333,0.0948798879981041,16,0.09333222359418869,0.0902014970779419,0.09106529504060745,30,0.09125164151191711,0.09301253408193588,674.4888305664062,0.09451651573181152,0.0943303182721138,0.09439815580844879,0.9,0.09096816927194595,0.09172479808330536,972.31,0.09246315807104111,0.76,1.4153294117647068,25,0.09421376138925552,0.09313849359750748,420,0.09273133426904678,0.09201173484325409,0.0902014970779419,0.09070570766925812,0.0924404114484787,2910,21,1.0,-0.0034526485959759158,0.09299394488334656,0.11382064819335938,23.936264826357366,0.7872947454452515,0.0023308713,1.0,0.2,0.0,15,0.14233675266732462,1e-05,31,18,0.3555775284767151,0.1,153,1.0,0.9047619047619048,0.9666666666666667,30
0.09438122808933258,0.09240451455116272,1.614678899082569,0.0951242595911026,1.0840509856146319,2228224,0.1651376146788991,0.09525559842586517,0.09525559842586517,0.0,4982,0.09513639658689499,0.0933666080236435,0.09313027560710907,0.6666666666666666,0.09503310918807983,17,0.09349527209997177,0.09050264954566956,0.09131067991256714,15,0.09157250076532364,0.09327857941389084,636.6737060546875,0.09484715759754181,0.09457433968782425,0.09461429715156555,0.8348623853211009,0.09118098765611649,0.09187875688076019,923.77,0.09271463751792908,0.5333333333333333,1.4173027522935786,15,0.0945330336689949,0.0934356153011322,447,0.09289935976266861,0.09232228994369507,0.09050264954566956,0.09095916152000427,0.09264432638883591,2920,14,0.8461538461538461,-0.0033487257761407817,0.09322381764650345,0.11573715209960937,23.877153895795345,0.8099430799484253,0.0024175204,0.9,0.2,0.0,10,0.13135249948536512,1e-05,23,13,0.34771233797073364,0.1,91,0.9565217391304348,0.8571428571428571,1.0,19
0.09452985972166061,0.09264576435089111,1.8742138364779874,0.09537678956985474,1.165233640781386,2359296,0.06289308176100629,0.09535855054855347,0.09537678956985474,0.0,4976,0.09531914442777634,0.093563012778759,0.09329065680503845,0.92,0.09503542631864548,18,0.09362393617630005,0.09072298556566238,0.0915360227227211,25,0.09178859740495682,0.09353470802307129,683.8336181640625,0.09497308731079102,0.09473077207803726,0.09490341693162918,0.9371069182389937,0.09138660877943039,0.09204541146755219,986.82,0.09308401495218277,0.75,1.4207295597484288,24,0.09477949887514114,0.09361143410205841,474,0.09322702884674072,0.09253684431314468,0.09072298556566238,0.09114399552345276,0.0928276926279068,2930,30,1.0,-0.0032159588756258016,0.09342300891876221,0.1184478759765625,23.819826893508434,0.8286182284355164,0.0024277668,1.0,0.2,0.0,21,0.16229242681583855,1e-05,22,19,0.3944123387336731,0.1,149,1.0,0.9333333333333333,1.0,18
0.09481114149093628,0.09290491789579391,1.794871794871795,0.09554848819971085,1.0329648128128164,2490368,0.13675213675213677,0.0956156924366951,0.0956156924366951,0.0,4974,0.09554921835660934,0.09377523511648178,0.09351141005754471,0.8333333333333334,0.09526636451482773,19,0.09394217282533646,0.09094911068677902,0.09179292619228363,18,0.09191065281629562,0.09382907301187515,650.3733520507812,0.09516504406929016,0.09489370882511139,0.09519073367118835,0.8632478632478633,0.09158173203468323,0.09224187582731247,940.69,0.09334646910429001,0.5416666666666666,1.4098632478632491,24,0.09505103528499603,0.09370432049036026,500,0.09339739382266998,0.09269724041223526,0.09094911068677902,0.09130306541919708,0.09301688522100449,2940,16,1.0,-0.0032898345694775343,0.09363982826471329,0.10582962036132812,23.76430212408304,0.8071098923683167,0.0022097507,1.0,0.2,0.0,11,0.09364753403060604,1e-05,22,15,0.38726842403411865,0.1,101,1.0,0.875,1.0,11
0.09497489780187607,0.09320742636919022,1.759493670886076,0.095746248960495,1.0118295161972213,2621440,0.0949367088607595,0.095872662961483,0.095872662961483,0.0,4969,0.09575001895427704,0.0940592810511589,0.093608058989048,0.6538461538461539,0.0954691618680954,20,0.09418197721242905,0.09112139791250229,0.0919865295290947,26,0.09211529046297073,0.09398830682039261,667.7185668945312,0.09543579816818237,0.09516362100839615,0.09541506320238113,0.9050632911392406,0.09175362437963486,0.09245894849300385,962.21,0.09343717992305756,0.8,1.4101518987341783,20,0.09520208090543747,0.09383804351091385,527,0.0935116708278656,0.09302724152803421,0.09112139791250229,0.09151335060596466,0.09330008924007416,2950,24,1.0,-0.003303488947221922,0.09384551644325256,0.11286468505859375,23.707703368365763,0.8529287576675415,0.0023055074,1.0,0.2,0.0,12,0.10506739217962605,1e-05,30,24,0.34822770953178406,0.1,143,1.0,0.9583333333333334,0.9545454545454546,22
0.09526759386062622,0.09344984591007233,1.7936507936507937,0.0957881435751915,1.0984485787178722,2752512,0.18253968253968253,0.09618522971868515,0.09618522971868515,0.0,4967,0.09599420428276062,0.09428757429122925,0.09386084228754044,0.6,0.09569692611694336,21,0.09447015076875687,0.0913771465420723,0.09219010174274445,15,0.092280812561512,0.09417450428009033,632.9478759765625,0.09559925645589828,0.09533172845840454,0.09564494341611862,0.8174603174603174,0.09190265834331512,0.09267021715641022,914.74,0.09374573081731796,0.41379310344827586,1.39804761904762,29,0.09538470208644867,0.09407372027635574,554,0.09380368143320084,0.09331526607275009,0.0913771465420723,0.09174319356679916,0.09348278492689133,2960,8,1.0,-0.0035356184536794897,0.09406883269548416,0.11548995971679688,23.650608336925508,0.8252221941947937,0.0023335642,1.0,0.2,0.0,17,0.1153277386474656,1e-05,27,13,0.3181873559951782,0.1,103,1.0,1.0,1.0,17
0.09547457098960876,0.0936221033334732,2.212328767123288,0.09609522670507431,1.1267391925006198,2883584,0.08904109589041095,0.09657296538352966,0.09657296538352966,0.0,4963,0.09629295021295547,0.09458988904953003,0.09412670880556107,0.7647058823529411,0.09601473063230515,22,0.09481485188007355,0.0916031152009964,0.09233272820711136,17,0.09249740093946457,0.09453651309013367,664.4547729492188,0.0958356186747551,0.09551792591810226,0.09585654735565186,0.910958904109589,0.09211805462837219,0.09292656183242798,956.47,0.09396182000637054,0.7777777777777778,1.4162602739726036,27,0.09558075666427612,0.09425754100084305,581,0.09408147633075714,0.09348727017641068,0.0916031152009964,0.09195006638765335,0.09373383969068527,2970,19,1.0,-0.0036466227276832795,0.09431523829698563,0.12774581909179689,23.587738394737244,0.814376711845398,0.0025780173,0.9130434782608695,0.2,0.0,23,0.17024759080959484,1e-05,19,26,0.4400179982185364,0.1,133,1.0,0.9473684210526315,1.0,15
0.09573958069086075,0.09387827664613724,1.7165354330708662,0.09637627750635147,1.0462205722263787,3014656,0.11811023622047244,0.09684403985738754,0.09684403985738754,0.0,4960,0.09657575190067291,0.09497277438640594,0.09437178075313568,0.6,0.09625601768493652,23,0.09501493722200394,0.09185740351676941,0.09251581877470016,20,0.09265727549791336,0.09476234763860703,658.0790405273438,0.09593462944030762,0.09580299258232117,0.09610554575920105,0.8818897637795275,0.09224653244018555,0.09313720464706421,949.09,0.09416837245225906,0.7142857142857143,1.4336692913385836,21,0.09578120708465576,0.09440784901380539,607,0.09429137408733368,0.09367459267377853,0.09185740351676941,0.092314213514328,0.09394683688879013,2980,23,1.0,-0.0037041593599496992,0.09454534202814102,0.11197052001953126,23.52523945569992,0.8131570816040039,0.0023018317,1.0,0.2,0.0,17,0.1253347005607793,1e-05,23,12,0.3307246267795563,0.1,112,1.0,0.9565217391304348,1.0,11
0.09594796597957611,0.09416762739419937,1.72,0.09659430384635925,1.0932940992122508,3145728,0.10666666666666667,0.09689730405807495,0.09689730405807495,0.0,4956,0.09682146459817886,0.09518224000930786,0.09458069503307343,0.75,0.09633416682481766,24,0.09522030502557755,0.09204356372356415,0.09276920557022095,20,0.09287884831428528,0.09509920328855515,665.4896850585938,0.09609264135360718,0.09605846554040909,0.0963425263762474,0.8933333333333333,0.0924195721745491,0.09328801929950714,960.19,0.09424253553152084,0.7647058823529411,1.4156266666666677,34,0.09589812904596329,0.09460051357746124,634,0.09445977210998535,0.09386298805475235,0.09204356372356415,0.09240740537643433,0.09418020397424698,2990,20,1.0,-0.0034678295476624045,0.09473558515310287,0.10942001342773437,23.46946013122797,0.8218370676040649,0.0022994387,0.95,0.2,0.0,20,0.0975572490686318,1e-05,25,11,0.29949891567230225,0.1,134,1.0,0.9,1.0,20
0.09621574729681015,0.0944347083568573,1.8487394957983194,0.09682133048772812,1.009969444538472,3276800,0.08403361344537816,0.09713473916053772,0.09713473916053772,0.0,4955,0.09692812711000443,0.09538760781288147,0.09486570209264755,0.7368421052631579,0.09649822860956192,25,0.09536078572273254,0.09225718677043915,0.09293393790721893,19,0.09303509443998337,0.09537579119205475,674.704345703125,0.09628932923078537,0.0962924212217331,0.09664372354745865,0.9159663865546218,0.09264954179525375,0.09348403662443161,970.18,0.09447260946035385,0.88,1.4100504201680684,25,0.09597740322351456,0.09494299441576004,661,0.09471132606267929,0.0941726416349411,0.09225718677043915,0.09254025667905807,0.09426788985729218,3000,12,1.0,-0.003280515048209054,0.09494772553443909,0.11833343505859376,23.41615166068077,0.7963970303535461,0.0023667768,0.9375,0.2,0.0,16,0.13852848632377573,1e-05,23,12,0.3833000659942627,0.1,109,1.0,0.9166666666666666,1.0,12
0.09645510464906693,0.0947185754776001,1.8456375838926173,0.09715782850980759,1.1038940124587422,3407872,0.09395973154362416,0.0972481220960617,0.0972481220960617,0.0,4952,0.0971493273973465,0.09561076760292053,0.09493620693683624,0.6842105263157895,0.09671561419963837,26,0.09558342397212982,0.0925305113196373,0.09325627982616425,19,0.0931902527809143,0.09560301899909973,660.400146484375,0.09657377004623413,0.0963834673166275,0.0967835932970047,0.9060402684563759,0.09280280768871307,0.09358581155538559,948.74,0.09475249797105789,0.8205128205128205,1.4308724832214776,39,0.09622102975845337,0.0951884388923645,688,0.09509775042533875,0.09439599514007568,0.0925305113196373,0.09266968816518784,0.09455025941133499,3010,18,1.0,-0.0034638015946256927,0.0951664075255394,0.11906356811523437,23.359851647913455,0.774591326713562,0.002464694,1.0,0.2,0.0,13,0.11238957257883157,1e-05,24,19,0.34861648082733154,0.1,135,1.0,0.9444444444444444,1.0,17
0.09664245694875717,0.09497436881065369,2.4296875,0.09747713804244995,1.2236396746688079,3538944,0.1484375,0.09744893014431,0.09747713804244995,0.0,4951,0.09728585183620453,0.09587593376636505,0.09519551694393158,0.7307692307692307,0.09692784398794174,27,0.09577083587646484,0.09280113130807877,0.09346961975097656,26,0.09355100989341736,0.0958026722073555,657.78662109375,0.09676148742437363,0.09671342372894287,0.096929632127285,0.8515625,0.09289640933275223,0.09380560368299484,951.16,0.09510870277881622,0.6666666666666666,1.4239218750000011,27,0.09651394188404083,0.09553001821041107,714,0.09537620097398758,0.09459668397903442,0.09283000230789185,0.09280113130807877,0.09485895931720734,3020,9,1.0,-0.003743730903988762,0.09540577977895737,0.11971969604492187,23.299043825268747,0.8299707770347595,0.002491495,1.0,0.2,0.0,21,0.1453638451435836,1e-05,11,18,0.33061468601226807,0.1,109,1.0,0.7777777777777778,0.9375,16
0.09686566144227982,0.0953088253736496,1.806896551724138,0.09761016070842743,0.9855770345897713,3670016,0.1103448275862069,0.09764569997787476,0.09766391664743423,0.0,4948,0.09766391664743423,0.09610210359096527,0.09563317894935608,0.84,0.09732714295387268,28,0.09606854617595673,0.0930241122841835,0.09365429729223251,25,0.0937928780913353,0.09589625149965286,658.4168701171875,0.09702128171920776,0.09682236611843109,0.09716829657554626,0.8896551724137931,0.09325919300317764,0.0939769595861435,950.99,0.09522891789674759,0.5909090909090909,1.4109103448275873,22,0.09679748117923737,0.09574002027511597,741,0.09548056125640869,0.09481582045555115,0.09312301874160767,0.0930241122841835,0.09498792141675949,3030,16,1.0,-0.0035660115996506646,0.09564057737588882,0.11310195922851562,23.237506850063802,0.8008558750152588,0.0023783343,0.9565217391304348,0.2,0.0,23,0.15267319971462712,1e-05,32,14,0.3823121190071106,0.1,129,1.0,0.875,1.0,13
0.09726546704769135,0.0954207107424736,1.744186046511628,0.09796832501888275,1.095464417755235,3801088,0.09302325581395349,0.09788445383310318,0.09796832501888275,0.0,4946,0.09789953380823135,0.09635093808174133,0.09590642899274826,0.8235294117647058,0.09748376160860062,29,0.09621350467205048,0.09324100613594055,0.09389916062355042,17,0.09411941468715668,0.09608763456344604,666.2393798828125,0.09727084636688232,0.09702160954475403,0.09730109572410583,0.9069767441860465,0.09346649795770645,0.09412072598934174,965.05,0.0953700840473175,0.6363636363636364,1.4104806201550397,22,0.09702806174755096,0.09603433310985565,768,0.09582637995481491,0.09491357207298279,0.09330616146326065,0.09324100613594055,0.09517400711774826,3040,21,1.0,-0.003693060579280427,0.09586294740438461,0.11982574462890624,23.177814833819866,0.8051562309265137,0.0024539768,0.9090909090909091,0.2,0.0,11,0.12670076396898367,1e-05,20,17,0.3441421091556549,0.1,117,1.0,1.0,1.0,21
0.09734001010656357,0.095635324716568,1.9798657718120805,0.09823749214410782,1.1946565543834151,3932160,0.10738255033557047,0.09808522462844849,0.09823749214410782,0.0,4943,0.09813273698091507,0.0966666042804718,0.09609819203615189,0.8333333333333334,0.09764283895492554,30,0.09641960263252258,0.09326115250587463,0.09410745650529861,24,0.09438330680131912,0.09628810733556747,661.4996337890625,0.09747370332479477,0.09727013111114502,0.09754711389541626,0.8926174496644296,0.09363225847482681,0.09431754797697067,954.2,0.0955604761838913,0.6428571428571429,1.406966442953021,28,0.09730297327041626,0.0963168740272522,795,0.0962214469909668,0.09515020251274109,0.0934612825512886,0.09326115250587463,0.09540664404630661,3050,19,1.0,-0.003599090765328583,0.09607834368944168,0.12224197387695312,23.120506466925143,0.7522362470626831,0.0025372796,1.0,0.2,0.0,19,0.1325765306915855,1e-05,18,17,0.37001892924308777,0.1,133,1.0,0.9473684210526315,0.9583333333333334,24
0.09752704948186874,0.0958682969212532,1.9242424242424243,0.09840268641710281,1.0468796920423111,4063232,0.12121212121212122,0.09830429404973984,0.09842847287654877,0.0,4942,0.09842847287654877,0.09689474105834961,0.09637537598609924,0.7142857142857143,0.09795493632555008,31,0.09663841873407364,0.09349941462278366,0.09420128911733627,21,0.09460033476352692,0.09666906297206879,643.359130859375,0.09770098328590393,0.0975063294172287,0.09781710058450699,0.8787878787878788,0.09396883100271225,0.09461610019207001,933.46,0.09586352109909058,0.5909090909090909,1.4197121212121224,22,0.0975785180926323,0.09660738706588745,822,0.09649387747049332,0.0953231230378151,0.09361632168292999,0.09349941462278366,0.09564987570047379,3060,19,1.0,-0.0037603299744660033,0.09632425010204315,0.11189041137695313,23.060662858188152,0.8466840982437134,0.0022469792,1.0,0.2,0.0,17,0.11973010118235834,1e-05,21,17,0.27561914920806885,0.1,116,1.0,0.9473684210526315,1.0,15
0.09771356731653214,0.09615498036146164,2.0482758620689654,0.0986071228981018,1.176690706218068,4194304,0.0896551724137931,0.0985875204205513,0.098722442984581,0.0,4939,0.098722442984581,0.09703870117664337,0.09645827859640121,0.5714285714285714,0.09807334840297699,32,0.0968850776553154,0.0937887653708458,0.09432794153690338,21,0.0948643684387207,0.09689224511384964,671.9827270507812,0.09795421361923218,0.09778670221567154,0.09806311130523682,0.9103448275862069,0.09412670880556107,0.09490255266427994,970.23,0.09612619131803513,0.8636363636363636,1.4303448275862078,22,0.0978485718369484,0.0967123806476593,849,0.09676367789506912,0.09546603262424469,0.0937887653708458,0.09379153698682785,0.09585200250148773,3070,15,1.0,-0.0035007433958526234,0.09654031693935394,0.110919189453125,23.00116525143385,0.8170408010482788,0.0022718762,0.9523809523809523,0.2,0.0,21,0.1271114223956829,1e-05,22,21,0.36067286133766174,0.1,132,1.0,1.0,1.0,23
0.09796774387359619,0.09626851975917816,1.8951612903225807,0.09881521761417389,1.079802887396111,4325376,0.08870967741935484,0.09890421479940414,0.09908371418714523,0.0,4938,0.09908371418714523,0.09731243550777435,0.09669149667024612,0.7368421052631579,0.09819156676530838,33,0.09713349491357803,0.09398610889911652,0.09450627118349075,19,0.09505334496498108,0.09713512659072876,673.8785400390625,0.09804174304008484,0.09801282733678818,0.09816783666610718,0.9112903225806451,0.09429081529378891,0.09514125436544418,966.34,0.09617505967617035,0.8,1.4292419354838721,25,0.09795073419809341,0.09689312428236008,875,0.09712015092372894,0.09572810679674149,0.09400466829538345,0.09398610889911652,0.09604310244321823,3080,15,1.0,-0.0036286746636505995,0.09674474596977234,0.11439743041992187,22.94607705771923,0.7734991908073425,0.0023353226,1.0,0.2,0.0,15,0.13595863080990966,1e-05,23,16,0.45560550689697266,0.1,113,1.0,0.9333333333333333,1.0,11
0.09815645962953568,0.09637581557035446,1.8133333333333332,0.09892376512289047,0.994445170608368,4456448,0.08666666666666667,0.09905978292226791,0.09925602376461029,0.0,4936,0.09925602376461029,0.09742421656847,0.09679501503705978,0.8846153846153846,0.09840181469917297,34,0.09731598198413849,0.09418664872646332,0.09481898695230484,26,0.0952683612704277,0.0974007323384285,670.2070922851562,0.09821564704179764,0.09816168248653412,0.09845931828022003,0.9133333333333333,0.09467700868844986,0.09542232751846313,960.45,0.09642302989959717,0.5789473684210527,1.4316533333333343,19,0.09824411571025848,0.09706151485443115,902,0.09736040234565735,0.09580983966588974,0.09418664872646332,0.09423018246889114,0.0963282659649849,3090,21,1.0,-0.0032250192436549694,0.09695108234882355,0.103662109375,22.892875605821608,0.8146451711654663,0.0021750694,0.95,0.2,0.0,20,0.08470654461416416,1e-05,28,17,0.35043901205062866,0.1,137,1.0,0.9523809523809523,1.0,19
0.09840801358222961,0.0966038703918457,1.9421487603305785,0.09913987666368484,1.0758458789649452,4587520,0.09090909090909091,0.09932082146406174,0.09940339624881744,0.0,4935,0.09940339624881744,0.09759987890720367,0.09696728736162186,0.7619047619047619,0.09866578131914139,35,0.09772565960884094,0.0944102555513382,0.0950746238231659,21,0.09561200439929962,0.09754128009080887,668.4784545898438,0.09839006513357162,0.0983717143535614,0.09858796745538712,0.9090909090909091,0.09495599567890167,0.09575800597667694,956.53,0.09667278081178665,0.7058823529411765,1.417206611570249,17,0.09854473173618317,0.0972033143043518,929,0.09759322553873062,0.09587755799293518,0.0944102555513382,0.09460055828094482,0.09650558978319168,3100,15,1.0,-0.0037725230204159743,0.09718137234449387,0.1070343017578125,22.83705103844404,0.8062618970870972,0.0022733393,1.0,0.2,0.0,18,0.08744306498992956,1e-05,22,15,0.3153497576713562,0.1,110,0.9545454545454546,1.0,1.0,13
0.09862934052944183,0.09679891169071198,1.8954248366013071,0.0994211733341217,1.0887423987160951,4718592,0.0784313725490196,0.09960778802633286,0.09967097640037537,0.0,4933,0.09967097640037537,0.09788130968809128,0.09723660349845886,0.8214285714285714,0.09895622730255127,36,0.09791615605354309,0.09456222504377365,0.09522981941699982,28,0.09579549729824066,0.09768182039260864,656.4786987304688,0.09866177290678024,0.09843070060014725,0.09880897402763367,0.9215686274509803,0.09514939039945602,0.09612692147493362,939.74,0.09702310711145401,0.7727272727272727,1.4321176470588244,22,0.09897326678037643,0.0973358005285263,956,0.09771895408630371,0.0960417240858078,0.09456222504377365,0.09483342617750168,0.09672394394874573,3110,19,1.0,-0.0034536625943474065,0.09740863740444183,0.11208877563476563,22.777505837380886,0.8354359269142151,0.0022969488,1.0,0.2,0.0,20,0.10261128121201182,1e-05,29,19,0.31821542978286743,0.1,141,1.0,0.8947368421052632,1.0,16
0.09872031956911087,0.09700021147727966,1.9262295081967213,0.09956079721450806,1.0986998265788448,4849664,0.12295081967213115,0.0998503789305687,0.09989338368177414,0.0,4932,0.09989338368177414,0.0981127992272377,0.09749628603458405,0.5789473684210527,0.09929590672254562,37,0.09809248149394989,0.09481722861528397,0.09552129358053207,19,0.09599743038415909,0.09795818477869034,657.3338012695312,0.09887457638978958,0.09870368242263794,0.09898707270622253,0.8770491803278688,0.09525613486766815,0.09631992876529694,954.83,0.09728657454252243,0.8214285714285714,1.4104098360655746,28,0.09916730225086212,0.09754183888435364,983,0.09790107607841492,0.09624847024679184,0.09481722861528397,0.0950760766863823,0.09696125239133835,3120,19,1.0,-0.0033429126450755576,0.09762561321258545,0.11363525390625,22.721210312843322,0.7924825549125671,0.0023650858,0.9285714285714286,0.2,0.0,14,0.1240348867722787,1e-05,14,13,0.3496876358985901,0.1,107,1.0,1.0,0.9333333333333333,15
0.0989236980676651,0.09711519628763199,1.9533333333333334,0.09968772530555725,1.0734361285293383,4980736,0.08666666666666667,0.10007982701063156,0.10009121149778366,0.0,4930,0.10009121149778366,0.09833426773548126,0.09762035310268402,0.7916666666666666,0.09957634657621384,38,0.0983029380440712,0.09492243826389313,0.09568162262439728,24,0.09630339592695236,0.09805170446634293,664.6718139648438,0.09894102811813354,0.0989261269569397,0.09917084872722626,0.9133333333333333,0.09551707655191422,0.09654927253723145,959.79,0.09744153916835785,0.7142857142857143,1.4220533333333345,28,0.0992213636636734,0.09786924719810486,1010,0.0981089174747467,0.0964660719037056,0.09492243826389313,0.09525416046380997,0.09730257093906403,3130,13,1.0,-0.0035503450397300186,0.09781835228204727,0.11618270874023437,22.668504187464713,0.808099627494812,0.002397677,1.0,0.2,0.0,20,0.12942654824291822,1e-05,30,20,0.3032369911670685,0.1,137,1.0,1.0,1.0,15
0.09903506189584732,0.09734392166137695,1.85,0.09986704587936401,1.1258326777096541,5111808,0.08333333333333333,0.10039073973894119,0.10039073973894119,0.0,4929,0.10027391463518143,0.09864893555641174,0.09781038761138916,0.85,0.09975147247314453,39,0.09862041473388672,0.09519807994365692,0.09599674493074417,20,0.09650301188230515,0.09820692986249924,655.8501586914062,0.09924386441707611,0.09910885244607925,0.09958391636610031,0.9166666666666666,0.09570638090372086,0.09677553921937943,950.18,0.0976783037185669,0.6666666666666666,1.4224333333333343,15,0.09935314208269119,0.09802607446908951,1036,0.0983668640255928,0.09672944992780685,0.09519807994365692,0.09551478177309036,0.09756629914045334,3140,20,1.0,-0.003814752354992379,0.0980520024895668,0.1087982177734375,22.613722737133504,0.8311386108398438,0.0022719342,0.9473684210526315,0.2,0.0,19,0.09166141889581922,1e-05,17,11,0.33224496245384216,0.1,110,1.0,0.95,1.0,18
0.09922131150960922,0.09745976328849792,1.8562091503267975,0.10006994754076004,1.0618036696230033,5242880,0.0784313725490196,0.10069666057825089,0.10069666057825089,0.0,4927,0.10047253221273422,0.09887135028839111,0.09800255298614502,0.7666666666666667,0.09992077946662903,40,0.09886500984430313,0.09537758678197861,0.0961991474032402,30,0.09685646742582321,0.0984114557504654,670.4990844726562,0.09942936152219772,0.09935231506824493,0.0996827632188797,0.9215686274509803,0.09589076042175293,0.09692949056625366,962.58,0.0980086699128151,0.7894736842105263,1.416797385620916,19,0.09950965642929077,0.09822025150060654,1063,0.09859426319599152,0.09691731631755829,0.09537758678197861,0.09569168090820312,0.09779991954565048,3150,25,1.0,-0.0034958764301336485,0.09825803339481354,0.104962158203125,22.558186447620393,0.8039247989654541,0.0021976517,1.0,0.2,0.0,15,0.09634767235838808,1e-05,26,21,0.3146935999393463,0.1,141,1.0,0.96,1.0,17
0.09950132668018341,0.09760448336601257,1.7851239669421488,0.1003270223736763,1.0695444481861092,5373952,0.11570247933884298,0.10093072056770325,0.10093072056770325,0.0,4926,0.10075271129608154,0.09908591210842133,0.0982707068324089,0.6923076923076923,0.10020508617162704,41,0.0990501418709755,0.09557934105396271,0.09649565815925598,13,0.09715688228607178,0.09860465675592422,660.58544921875,0.09961578249931335,0.09960930049419403,0.09983169287443161,0.8842975206611571,0.09590934962034225,0.09718140959739685,953.9,0.09824734926223755,0.5714285714285714,1.4284793388429762,21,0.09974459558725357,0.09840629249811172,1090,0.0988277792930603,0.09717467427253723,0.09557934105396271,0.09590090066194534,0.0979759618639946,3160,17,1.0,-0.0034404751184411,0.09847958385944366,0.11446914672851563,22.50362737029791,0.777347207069397,0.0023265963,1.0,0.2,0.0,17,0.10575826519052497,1e-05,21,14,0.4077709913253784,0.1,107,1.0,0.9411764705882353,1.0,18
0.09971637278795242,0.09784960001707077,1.9735099337748345,0.10051055997610092,1.0325568435514951,5505024,0.09271523178807947,0.10115257650613785,0.10115257650613785,0.0,4924,0.10089530795812607,0.09921698272228241,0.09842565655708313,0.7916666666666666,0.10051865875720978,42,0.09929539263248444,0.09562704712152481,0.09686251729726791,24,0.09752342104911804,0.09885537624359131,661.6707763671875,0.09980456531047821,0.09980475157499313,0.10008636862039566,0.9072847682119205,0.09614462405443192,0.09735681116580963,954.07,0.09841828793287277,0.72,1.4244503311258288,25,0.09979992359876633,0.09861467778682709,1117,0.0990915298461914,0.09747730195522308,0.09562704712152481,0.09626006335020065,0.09827680140733719,3170,12,1.0,-0.0036806861643526646,0.09870339930057526,0.11686477661132813,22.44725489616394,0.8333660364151001,0.0024280502,0.9444444444444444,0.2,0.0,18,0.12000847206218168,1e-05,34,25,0.32609742879867554,0.1,137,1.0,0.9166666666666666,1.0,13
0.09995025396347046,0.09810125082731247,1.9492753623188406,0.10064251720905304,1.0490147262023637,5636096,0.06521739130434782,0.10143581032752991,0.10143581032752991,0.0,4923,0.1011098250746727,0.09944593161344528,0.09863214194774628,0.9047619047619048,0.10091272741556168,43,0.09944130480289459,0.09587176889181137,0.09695006161928177,21,0.09779126942157745,0.09910640865564346,672.5597534179688,0.10001368820667267,0.10004118084907532,0.10035359859466553,0.9347826086956522,0.09636961668729782,0.09757517278194427,963.88,0.09878233075141907,0.8125,1.4258405797101459,16,0.09988178312778473,0.0988898053765297,1144,0.09924054890871048,0.09777084738016129,0.09587176889181137,0.09647612273693085,0.09841646254062653,3180,22,1.0,-0.0034350950365478637,0.09892809391021729,0.10843505859375,22.39045955836773,0.8251603841781616,0.0022902605,1.0,0.2,0.0,17,0.11720552111510188,1e-05,24,23,0.3847711384296417,0.1,129,1.0,0.8636363636363636,0.9333333333333333,15
0.10015542805194855,0.09822467714548111,1.8484848484848484,0.10092033445835114,1.03919575054357,5767168,0.03787878787878788,0.1016135960817337,0.1016135960817337,0.0,4922,0.10135301202535629,0.09968765079975128,0.09876549243927002,0.7777777777777778,0.10113728046417236,44,0.09960189461708069,0.09608540683984756,0.0970245897769928,18,0.09798075258731842,0.09927280992269516,681.65185546875,0.1003035381436348,0.10027962177991867,0.10064699500799179,0.9621212121212122,0.09655258804559708,0.09776054322719574,979.32,0.09888726472854614,0.9411764705882353,1.431500000000001,17,0.1000405102968216,0.0991249680519104,1171,0.09950234740972519,0.09799138456583023,0.09608540683984756,0.09681400656700134,0.0985509529709816,3190,14,1.0,-0.003648050162155414,0.09913110733032227,0.111114501953125,22.336261908710004,0.7644487619400024,0.002318591,1.0,0.2,0.0,15,0.08551034920092207,1e-05,26,20,0.2836521565914154,0.1,127,1.0,1.0,1.0,22
0.10031449049711227,0.09835588932037354,1.7142857142857142,0.10108600556850433,0.9545877226080212,5898240,0.09022556390977443,0.10190018266439438,0.10190018266439438,0.0,4921,0.10159402340650558,0.09986921399831772,0.09892647713422775,0.8823529411764706,0.10129442811012268,45,0.09983762353658676,0.09626732766628265,0.09729378670454025,17,0.09817874431610107,0.09942048788070679,678.6537475585938,0.10051343590021133,0.10047179460525513,0.1008734405040741,0.9097744360902256,0.09671711921691895,0.09815920144319534,975.77,0.09914413839578629,0.6470588235294118,1.4336842105263168,17,0.10027413070201874,0.09938899427652359,1198,0.09970764815807343,0.09816137701272964,0.09626732766628265,0.09698162227869034,0.09879867732524872,3200,21,0.9444444444444444,-0.0031199408862448764,0.09934120625257492,0.113507080078125,22.283801090717315,0.7097001075744629,0.0023092865,1.0,0.2,0.0,19,0.08620523923600558,1e-05,32,18,0.3054110109806061,0.1,121,1.0,0.8571428571428571,1.0,9
0.10061504691839218,0.09852006286382675,1.523076923076923,0.1012706458568573,0.9385001402469252,6029312,0.08461538461538462,0.10210572928190231,0.10210572928190231,0.0,4920,0.10190154612064362,0.10005336999893188,0.09926556050777435,0.8888888888888888,0.10154823213815689,46,0.10004469007253647,0.09650611877441406,0.09747599810361862,18,0.09833511710166931,0.09978852421045303,678.0806274414062,0.1007881760597229,0.10077010840177536,0.10111929476261139,0.9153846153846154,0.09694018959999084,0.09838007390499115,980.25,0.09948153793811798,0.6818181818181818,1.4180461538461548,22,0.10056985914707184,0.09948204457759857,1225,0.09985212236642838,0.0982009619474411,0.09650611877441406,0.09727302938699722,0.09903442114591599,3210,17,0.8666666666666667,-0.003798796115370351,0.09957289695739746,0.116436767578125,22.228423407673837,0.8246574401855469,0.0023937584,1.0,0.2,0.0,11,0.11036370418441947,1e-05,33,15,0.34036707878112793,0.1,119,1.0,1.0,1.0,14
0.10080059617757797,0.09879326075315475,1.8275862068965518,0.10155300050973892,0.9950121273136994,6160384,0.08275862068965517,0.10245722532272339,0.10245722532272339,0.0,4919,0.10216987133026123,0.10039196163415909,0.09946857392787933,0.8518518518518519,0.10183371603488922,47,0.1003613993525505,0.0967128723859787,0.09776390343904495,27,0.09855213016271591,0.10003109276294708,663.1961059570312,0.10104412585496902,0.10100337117910385,0.10133018344640732,0.9172413793103448,0.0971439853310585,0.09853241592645645,950.16,0.09980882704257965,0.6666666666666666,1.4355310344827596,21,0.10069289058446884,0.09980625659227371,1252,0.10002879798412323,0.09848189353942871,0.0967128723859787,0.09760825335979462,0.09941060096025467,3220,19,1.0,-0.00357035489350892,0.0998312458395958,0.11925048828125,22.16646784543991,0.8514699935913086,0.0023580978,1.0,0.2,0.0,20,0.08667856326210313,1e-05,28,15,0.3228260278701782,0.1,133,1.0,0.9473684210526315,1.0,15
0.10108637064695358,0.09906559437513351,1.795275590551181,0.10188864171504974,1.0264336544850419,6291456,0.08661417322834646,0.10266541689634323,0.10266541689634323,0.0,4918,0.10241200774908066,0.10062818974256516,0.09985916316509247,0.7407407407407407,0.10207031667232513,48,0.10059604793787003,0.09693034738302231,0.09791207313537598,27,0.09884104132652283,0.10031750798225403,668.5586547851562,0.10129988938570023,0.10117924958467484,0.10151030123233795,0.9133858267716536,0.09730927646160126,0.09887830168008804,956.75,0.10011305660009384,0.8666666666666667,1.4293228346456703,15,0.10091190785169601,0.10003486275672913,1279,0.10022271424531937,0.09878626465797424,0.09693034738302231,0.09778328984975815,0.09971779584884644,3230,24,1.0,-0.003539056662339135,0.10008078068494797,0.11085586547851563,22.103414776921273,0.8095332384109497,0.0023132048,1.0,0.2,0.0,12,0.10438989310641773,1e-05,22,16,0.34608808159828186,0.1,116,1.0,0.9166666666666666,1.0,11
0.10142718255519867,0.09925545752048492,1.91156462585034,0.10211371630430222,1.1429121079282014,6422528,0.09523809523809523,0.1028975322842598,0.1028975322842598,0.0,4916,0.10263895988464355,0.10090163350105286,0.10002858936786652,0.7407407407407407,0.10227645188570023,49,0.10075696557760239,0.0971875786781311,0.09810225665569305,27,0.09906571358442307,0.10065016895532608,646.611083984375,0.10161388665437698,0.10135728865861893,0.10177237540483475,0.9047619047619048,0.09747464954853058,0.09902672469615936,932.21,0.10012524574995041,0.8518518518518519,1.408925170068028,27,0.10121160000562668,0.10035420209169388,1306,0.10045280307531357,0.09901454299688339,0.0971875786781311,0.09808361530303955,0.09996926784515381,3240,24,1.0,-0.0032372722067520953,0.10031033307313919,0.11115570068359375,22.043340995907784,0.7887858748435974,0.0023427578,1.0,0.2,0.0,17,0.09417296412138967,1e-05,21,17,0.2927706241607666,0.1,133,1.0,0.875,1.0,14
0.10160855948925018,0.09952498227357864,1.6129032258064515,0.1024029403924942,1.0345162781110333,6553600,0.08870967741935484,0.10304603725671768,0.10304603725671768,0.0,4915,0.10296661406755447,0.10101394355297089,0.10027335584163666,0.7142857142857143,0.10258433222770691,50,0.10101867467164993,0.09732633084058762,0.09832064807415009,21,0.09938377887010574,0.10075239837169647,677.7769775390625,0.10186906903982162,0.10160005837678909,0.10215211659669876,0.9112903225806451,0.09754029661417007,0.09921938180923462,970.05,0.10032173991203308,0.7142857142857143,1.430016129032259,14,0.10154663771390915,0.10068108141422272,1333,0.10069272667169571,0.09917690604925156,0.09732633084058762,0.09835600852966309,0.10032960772514343,3250,21,1.0,-0.0036609211036193303,0.10054831951856613,0.10916976928710938,21.98559902906418,0.794084906578064,0.0022767894,1.0,0.2,0.0,13,0.13929736405843868,1e-05,25,13,0.33609092235565186,0.1,113,1.0,0.9523809523809523,1.0,17
0.10180980712175369,0.0997806042432785,1.7763157894736843,0.10267674922943115,1.1371963381116987,6684672,0.07236842105263158,0.10327083617448807,0.10327083617448807,0.0,4914,0.10317239910364151,0.10120745003223419,0.10051851719617844,0.8235294117647058,0.10289502888917923,51,0.10138073563575745,0.09753779321908951,0.09863688796758652,17,0.09950612485408783,0.10091009736061096,663.2277221679688,0.10203904658555984,0.10183818638324738,0.10237663239240646,0.9276315789473685,0.0976952314376831,0.09933973848819733,954.43,0.10055418312549591,0.8275862068965517,1.424592105263159,29,0.10187489539384842,0.10098842531442642,1360,0.10096099972724915,0.09950265288352966,0.09753779321908951,0.09861773252487183,0.10045801848173141,3260,19,1.0,-0.0033769568863135646,0.10078194737434387,0.10695571899414062,21.926894523203373,0.8286392688751221,0.0022089838,0.95,0.2,0.0,20,0.07143088662414812,1e-05,29,18,0.2558797001838684,0.1,141,1.0,0.8947368421052632,1.0,20
0.10195235908031464,0.10000273585319519,1.8429752066115703,0.1028798446059227,1.1283700129715866,6815744,0.08264462809917356,0.10353005677461624,0.10353005677461624,0.0,4913,0.10349572449922562,0.10139944404363632,0.10088265687227249,0.7,0.10308706760406494,52,0.10155963152647018,0.09775520116090775,0.09886237233877182,20,0.09966305643320084,0.10114061087369919,670.3820190429688,0.10221563279628754,0.10218527168035507,0.10268804430961609,0.9173553719008265,0.0979313999414444,0.09955853223800659,960.33,0.10088694095611572,0.8947368421052632,1.4182975206611583,19,0.10212884098291397,0.10122502595186234,1387,0.1012289822101593,0.09977330267429352,0.09775520116090775,0.0987989604473114,0.10069738328456879,3270,14,1.0,-0.003568570973766327,0.1010211706161499,0.1138763427734375,21.868405492603777,0.8024006485939026,0.0023101617,1.0,0.2,0.0,17,0.10718233664520085,1e-05,23,13,0.3551560640335083,0.1,111,0.9565217391304348,0.9285714285714286,1.0,15
0.10230854898691177,0.10031377524137497,1.7902097902097902,0.10309495776891708,1.0642870924762553,6946816,0.04895104895104895,0.10375291109085083,0.10375291109085083,0.0,4912,0.10366390645503998,0.1016608253121376,0.10112300515174866,0.7857142857142857,0.10340838879346848,53,0.10177849233150482,0.09808805584907532,0.09908369183540344,14,0.0999259278178215,0.10152900964021683,690.82763671875,0.10244826227426529,0.10241691023111343,0.1029110997915268,0.951048951048951,0.09813472628593445,0.09983338415622711,987.09,0.10111240297555923,0.9230769230769231,1.4497762237762248,26,0.10223332792520523,0.1014341413974762,1414,0.10152247548103333,0.0997590571641922,0.09808805584907532,0.09904629737138748,0.10109713673591614,3280,19,1.0,-0.003522942981817323,0.10126723349094391,0.11528472900390625,21.80793755799532,0.7686634063720703,0.002305997,1.0,0.2,0.0,14,0.10727933525486151,1e-05,32,25,0.40465158224105835,0.1,136,1.0,0.8947368421052632,1.0,13
0.1024821475148201,0.10052580386400223,1.5772357723577235,0.10322167724370956,0.9842672363109234,7077888,0.04878048780487805,0.10397635400295258,0.10397635400295258,0.0,4911,0.10389196127653122,0.10190057009458542,0.10145416855812073,0.8888888888888888,0.1035635769367218,54,0.10199612379074097,0.09820697456598282,0.09927160292863846,18,0.10007520020008087,0.10173644870519638,681.0663452148438,0.10275859385728836,0.1026703342795372,0.10315072536468506,0.9512195121951219,0.09820697456598282,0.09998519718647003,980.66,0.10140350461006165,0.8421052631578947,1.4504878048780496,19,0.10246439278125763,0.10170567035675049,1440,0.10171188414096832,0.09993268549442291,0.09843337535858154,0.09922224283218384,0.10135076940059662,3290,21,1.0,-0.0032514259324671,0.10148367285728455,0.1005767822265625,21.751108965277673,0.7474576234817505,0.0021832446,1.0,0.2,0.0,13,0.07911030967661645,1e-05,29,14,0.2872876524925232,0.1,117,1.0,1.0,0.8888888888888888,9
0.10255824774503708,0.10066720843315125,1.9013157894736843,0.10337772220373154,1.1495710591144828,7208960,0.10526315789473684,0.10427211970090866,0.10427211970090866,0.0,4910,0.10409910976886749,0.10220027714967728,0.10154850035905838,0.7083333333333334,0.10379700362682343,55,0.10216862708330154,0.09831010550260544,0.09944818168878555,24,0.10026603937149048,0.1018829345703125,652.644287109375,0.10296646505594254,0.10288628935813904,0.10349811613559723,0.8947368421052632,0.09831010550260544,0.10007502883672714,935.96,0.10175319015979767,0.78125,1.4203815789473695,32,0.10262418538331985,0.10182514041662216,1468,0.10199811309576035,0.10020584613084793,0.09874866157770157,0.0993904396891594,0.10162903368473053,3300,22,0.95,-0.003273747008279315,0.10168787091970444,0.10303115844726562,21.699196004867552,0.7150834202766418,0.0021771733,0.9333333333333333,0.2,0.0,15,0.06952531448332593,1e-05,23,20,0.2923101484775543,0.1,136,1.0,1.0,1.0,16
0.10284952819347382,0.10095922648906708,1.9145299145299146,0.10364089906215668,1.0828460421931703,7340032,0.07692307692307693,0.10453345626592636,0.10453345626592636,0.0,4909,0.10444305092096329,0.10234633833169937,0.10186392068862915,0.75,0.10387323051691055,56,0.10243446379899979,0.0984165221452713,0.09965251386165619,16,0.10051371902227402,0.10228817909955978,660.8843994140625,0.1032019704580307,0.10304135084152222,0.10383989661931992,0.9230769230769231,0.0984165221452713,0.10033217072486877,951.86,0.10209209471940994,0.8,1.4284957264957276,20,0.10297448933124542,0.10215635597705841,1494,0.10229179263114929,0.10049787908792496,0.09895943850278854,0.09955809265375137,0.10183946043252945,3310,10,1.0,-0.0036169239076116353,0.10194400697946548,0.10737380981445313,21.64268803447485,0.8046273589134216,0.0022995556,1.0,0.2,0.0,17,0.12491703497071285,1e-05,19,13,0.2987128794193268,0.1,108,1.0,0.9,1.0,22
0.10303959995508194,0.101138174533844,1.8903225806451613,0.1038435846567154,1.0908342135205233,7471104,0.07096774193548387,0.10482483357191086,0.10482483357191086,0.0,4908,0.10462705790996552,0.10252665728330612,0.10203269869089127,0.9047619047619048,0.10425476729869843,57,0.10262677818536758,0.09863468259572983,0.09986040741205215,21,0.10078401118516922,0.10269709676504135,670.5446166992188,0.10356348752975464,0.10336170345544815,0.1041363999247551,0.9290322580645162,0.09863468259572983,0.10051427781581879,963.06,0.10225365310907364,0.7307692307692307,1.428851612903227,26,0.10317932814359665,0.10249121487140656,1522,0.10244015604257584,0.10069150477647781,0.09924744069576263,0.0997254028916359,0.10205530375242233,3320,18,1.0,-0.003311266585478734,0.10218200087547302,0.1091766357421875,21.582096491754054,0.7992903590202332,0.0023278682,1.0,0.2,0.0,22,0.09509904726728564,1e-05,27,19,0.31205976009368896,0.1,144,1.0,0.8888888888888888,1.0,22
0.10333672165870667,0.10131220519542694,1.8125,0.10411477833986282,1.150506352397247,7602176,0.03571428571428571,0.10492409765720367,0.10492409765720367,0.0,4907,0.10479902476072311,0.1028711348772049,0.10230164974927902,0.7777777777777778,0.10453727096319199,58,0.10289833694696426,0.09885294735431671,0.1001446321606636,18,0.10106844455003738,0.10283806174993515,692.8727416992188,0.10379017889499664,0.10361219197511673,0.10439174622297287,0.9642857142857143,0.09885294735431671,0.1006389930844307,989.57,0.10238256305456161,1.0,1.4316964285714295,18,0.10346947610378265,0.10267161577939987,1548,0.10262250155210495,0.10097310692071915,0.09941504150629044,0.09995628148317337,0.10236985981464386,3330,15,1.0,-0.0036092123149501277,0.10241170972585678,0.11322708129882812,21.525203117728232,0.81333327293396,0.0023928545,1.0,0.2,0.0,14,0.09714326030225492,1e-05,17,11,0.3964316248893738,0.1,108,1.0,1.0,1.0,19
0.10342247039079666,0.10159504413604736,1.5324675324675325,0.10434538125991821,0.9440240995340416,7733248,0.05844155844155844,0.10521145164966583,0.10521145164966583,0.0,4906,0.10494251549243927,0.1029856875538826,0.10250885784626007,0.8095238095238095,0.10482101142406464,59,0.10312332957983017,0.09897934645414352,0.10024464875459671,21,0.10133160650730133,0.10312487930059433,679.335205078125,0.1040901243686676,0.10389168560504913,0.10449334233999252,0.9415584415584416,0.09897934645414352,0.10077803581953049,966.15,0.10271573066711426,0.8571428571428571,1.4256233766233777,21,0.1037132740020752,0.10283731669187546,1576,0.10290410369634628,0.10113111138343811,0.09965308010578156,0.10014568269252777,0.10264091938734055,3340,25,1.0,-0.0031193425395940723,0.10262522101402283,0.09596481323242187,21.47103469967842,0.7829284071922302,0.002097811,1.0,0.2,0.0,10,0.0636803443005192,1e-05,37,22,0.31568825244903564,0.1,145,1.0,0.92,1.0,18
0.10363078862428665,0.10169956088066101,1.6722689075630253,0.10463222116231918,1.0133569512252425,7864320,0.1092436974789916,0.10551681369543076,0.10551681369543076,0.0,4906,0.10518035292625427,0.10318043828010559,0.1026928648352623,0.7777777777777778,0.10515166819095612,60,0.10346804559230804,0.09908028692007065,0.10039717704057693,27,0.10166056454181671,0.10339078307151794,668.3223266601562,0.1044452115893364,0.10414709150791168,0.10484528541564941,0.8907563025210085,0.09908028692007065,0.10101211816072464,950.59,0.10302454233169556,0.8,1.4367731092436986,20,0.10396851599216461,0.10314974188804626,1602,0.10310408473014832,0.10133880376815796,0.10001501441001892,0.10035941749811172,0.10286199301481247,3350,11,1.0,-0.0037529807263126714,0.1028781309723854,0.1002777099609375,21.414397555589677,0.807012140750885,0.0021454722,1.0,0.2,0.0,9,0.08343151241715532,1e-05,27,11,0.31386131048202515,0.1,106,1.0,0.7272727272727273,1.0,14
0.10397974401712418,0.10197664052248001,1.7628205128205128,0.10488951206207275,1.06407471487328,7995392,0.08333333333333333,0.10577083379030228,0.10577083379030228,0.0,4905,0.10549774765968323,0.10361269861459732,0.10299919545650482,0.88,0.1053723618388176,61,0.10372435301542282,0.09932775795459747,0.10058590024709702,25,0.10194508731365204,0.10348518937826157,659.826416015625,0.1046743392944336,0.10439445823431015,0.10526143014431,0.9166666666666666,0.09932775795459747,0.10120554268360138,947.91,0.10328073054552078,0.7741935483870968,1.4249871794871807,31,0.1041029542684555,0.10334108024835587,1630,0.10334287583827972,0.10145438462495804,0.10033941268920898,0.10059331357479095,0.10311172157526016,3360,23,0.9285714285714286,-0.0037780957400173065,0.1031307652592659,0.1018035888671875,21.352888238430022,0.8074311017990112,0.0022177235,0.9523809523809523,0.2,0.0,21,0.09971032531757373,1e-05,29,14,0.2819504141807556,0.1,143,1.0,0.9565217391304348,1.0,13
0.10424786061048508,0.1022515594959259,1.596638655462185,0.10511783510446548,0.9820416226488504,8126464,0.058823529411764705,0.10590621829032898,0.10590621829032898,0.0,4904,0.10574276745319366,0.10394465178251266,0.10334566235542297,0.7368421052631579,0.10552282631397247,62,0.10393119603395462,0.0994856059551239,0.10083689540624619,19,0.10228981077671051,0.10372019559144974,675.5472412109375,0.1049623042345047,0.10467423498630524,0.10541658848524094,0.9411764705882353,0.0994856059551239,0.10154213011264801,970.08,0.1035536527633667,0.8571428571428571,1.4476470588235302,14,0.1043960228562355,0.10361742228269577,1656,0.1035318374633789,0.10183778405189514,0.10050921887159348,0.10084650665521622,0.10332465171813965,3370,20,1.0,-0.0038325489156704863,0.10338222235441208,0.10442962646484374,21.29154639840126,0.8386524319648743,0.0022589576,1.0,0.2,0.0,21,0.10084065783303231,1e-05,26,7,0.32693004608154297,0.1,112,1.0,1.0,1.0,12
0.10453079640865326,0.10250739008188248,1.9096774193548387,0.1053752526640892,1.0596130412984939,8257536,0.06451612903225806,0.10608749091625214,0.10608749091625214,0.0,4903,0.10588954389095306,0.10424259305000305,0.1035437285900116,0.92,0.10574604570865631,63,0.10413877665996552,0.0997302308678627,0.1009690910577774,25,0.10245678573846817,0.10394252091646194,678.201171875,0.1052287369966507,0.10484348237514496,0.1055447980761528,0.9354838709677419,0.0997302308678627,0.10174904763698578,972.33,0.10378896445035934,0.7916666666666666,1.4526322580645172,24,0.10458072274923325,0.10394274443387985,1683,0.10375422239303589,0.10200502723455429,0.10068710893392563,0.10107060521841049,0.10365421324968338,3380,25,1.0,-0.003543707938933949,0.1036003828048706,0.10300369262695312,21.234801411628723,0.7837385535240173,0.002164152,0.9545454545454546,0.2,0.0,22,0.0740948958133231,1e-05,27,20,0.26765304803848267,0.1,145,1.0,0.92,1.0,12
0.10477298498153687,0.1029462218284607,1.9649122807017543,0.10568742454051971,1.08539564900226,8388608,0.06140350877192982,0.10631506890058517,0.10631506890058517,0.0,4903,0.10617384314537048,0.1045251116156578,0.10385356843471527,0.7894736842105263,0.10605905950069427,64,0.10448083281517029,0.0998460203409195,0.1011868491768837,19,0.10274853557348251,0.10420066863298416,686.7154541015625,0.10553692281246185,0.10511291772127151,0.10593108832836151,0.9385964912280702,0.0998460203409195,0.1019686684012413,978.69,0.10420747846364975,0.9333333333333333,1.4415614035087732,15,0.10480210185050964,0.10420176386833191,1710,0.10397226363420486,0.10232430696487427,0.10097397118806839,0.10136444121599197,0.10401912033557892,3390,17,1.0,-0.003601187508138537,0.10388845205307007,0.11476821899414062,21.173249521851538,0.7858708500862122,0.002444155,0.9166666666666666,0.2,0.0,12,0.09300236524286447,1e-05,19,19,0.30923891067504883,0.1,107,1.0,0.9411764705882353,1.0,13
0.10509437322616577,0.10325638204813004,1.609271523178808,0.10592318326234818,0.9357643536560319,8519680,0.046357615894039736,0.10666730999946594,0.10666730999946594,0.0,4901,0.10640911757946014,0.10485392808914185,0.1040029302239418,0.95,0.10623525828123093,65,0.10491517186164856,0.09995942562818527,0.10154133290052414,20,0.10299663990736008,0.10453195869922638,689.8668212890625,0.10577227175235748,0.10533613711595535,0.10620395094156265,0.9536423841059603,0.09995942562818527,0.10208453238010406,979.3,0.10457426309585571,0.8666666666666667,1.4283443708609282,15,0.1051476001739502,0.10447871685028076,1738,0.10419170558452606,0.10248559713363647,0.1011093407869339,0.10156905651092529,0.10416964441537857,3400,27,1.0,-0.0035653966588142794,0.10414039343595505,0.09494552612304688,21.108545869588852,0.8116371631622314,0.0020474729,1.0,0.2,0.0,20,0.06044083752203733,1e-05,32,17,0.23382961750030518,0.1,144,1.0,0.8518518518518519,1.0,20
0.10528352111577988,0.1035740002989769,1.5126050420168067,0.10631585121154785,1.0232232851505443,8650752,0.08403361344537816,0.10686077177524567,0.10686077177524567,0.0,4901,0.10664638876914978,0.10508424788713455,0.10425441712141037,0.8235294117647058,0.106559157371521,66,0.10512015968561172,0.10017913579940796,0.10191019624471664,17,0.10328499227762222,0.10469266027212143,675.0855712890625,0.10598939657211304,0.10564010590314865,0.10637814551591873,0.9159663865546218,0.10017913579940796,0.10231779515743256,959.18,0.10475505143404007,0.7142857142857143,1.417764705882354,14,0.10549727827310562,0.10478632897138596,1764,0.1044025719165802,0.10277050733566284,0.10145124047994614,0.10173768550157547,0.10433802008628845,3410,24,1.0,-0.003444921061054629,0.10439318418502808,0.10753860473632812,21.048474875092506,0.7675592303276062,0.0022303225,1.0,0.2,0.0,15,0.07672245160356397,1e-05,24,10,0.30351758003234863,0.1,109,1.0,0.875,1.0,15
0.10550132393836975,0.10378967970609665,1.9530201342281879,0.10660255700349808,1.1097448065524478,8781824,0.0738255033557047,0.10722000151872635,0.10722000151872635,0.0,4900,0.10699137300252914,0.1052471324801445,0.10466515272855759,0.8064516129032258,0.10667489469051361,67,0.10541108250617981,0.10041376948356628,0.10215820372104645,31,0.10343509167432785,0.10497914999723434,688.875,0.10632586479187012,0.10589580982923508,0.10663662850856781,0.9261744966442953,0.10041376948356628,0.1025952696800232,978.18,0.10500112920999527,0.85,1.4349530201342293,20,0.10578503459692001,0.10498873144388199,1792,0.10465550422668457,0.10299047827720642,0.10167789459228516,0.10205262154340744,0.10455401986837387,3420,19,1.0,-0.0036542479567287954,0.10464993119239807,0.10818252563476563,20.987387754023075,0.82499760389328,0.002268971,0.9411764705882353,0.2,0.0,17,0.09104784199007554,1e-05,22,18,0.26746582984924316,0.1,138,1.0,0.9473684210526315,1.0,22
0.10576272010803223,0.10390874743461609,1.7768595041322315,0.10684265941381454,0.9809320745155796,8912896,0.06611570247933884,0.1075378879904747,0.1075378879904747,0.0,4899,0.10718303918838501,0.10544944554567337,0.10503823310136795,0.9166666666666666,0.10688628256320953,68,0.10565590113401413,0.10059508681297302,0.10241565853357315,12,0.10373906046152115,0.1050635576248169,672.6981811523438,0.10658545792102814,0.10619577020406723,0.10678423941135406,0.9338842975206612,0.10059508681297302,0.10290942341089249,962.17,0.10516906529664993,0.8421052631578947,1.4489586776859518,19,0.10594555735588074,0.10523033887147903,1819,0.10497524589300156,0.10316953808069229,0.10206002742052078,0.10237335413694382,0.10474344342947006,3430,29,1.0,-0.0037918226762485574,0.10488878935575485,0.11050643920898437,20.92927743643522,0.7909939885139465,0.00225857,0.9285714285714286,0.2,0.0,14,0.08895839320903179,1e-05,17,18,0.3320014774799347,0.1,113,1.0,0.9655172413793104,0.8333333333333334,12
0.10601573437452316,0.10431735217571259,1.8653846153846154,0.10714484006166458,1.0672307926908418,9043968,0.07051282051282051,0.10775906592607498,0.10775906592607498,0.0,4898,0.10740239173173904,0.10576646775007248,0.10540777444839478,0.8260869565217391,0.1072690412402153,69,0.1058335229754448,0.10080201923847198,0.10270248353481293,23,0.10390466451644897,0.10539206117391586,671.3191528320312,0.10691066831350327,0.10656945407390594,0.10710747539997101,0.9294871794871795,0.10080201923847198,0.10309044271707535,951.99,0.10529087483882904,0.7692307692307693,1.4567564102564112,26,0.10634715855121613,0.10554132610559464,1846,0.10510752350091934,0.10343462228775024,0.10237431526184082,0.10268576443195343,0.10496628284454346,3440,20,1.0,-0.0035931885768150096,0.10516572743654251,0.10488433837890625,20.86646672189236,0.8000478744506836,0.00223456,1.0,0.2,0.0,21,0.08547988395148423,1e-05,26,18,0.2556701600551605,0.1,145,1.0,0.95,1.0,22
0.10610544681549072,0.10457299649715424,2.034782608695652,0.10729385167360306,1.155710006416847,9175040,0.0782608695652174,0.10805387794971466,0.10805387794971466,0.0,4898,0.10778640955686569,0.10603701323270798,0.10558265447616577,0.8823529411764706,0.10753832012414932,70,0.10611427575349808,0.10097073018550873,0.10284215211868286,17,0.10400135070085526,0.10557401925325394,684.3760986328125,0.10709398984909058,0.1068374365568161,0.10738518834114075,0.9217391304347826,0.10097073018550873,0.10329391062259674,971.99,0.1054086685180664,0.7619047619047619,1.4401913043478272,21,0.10664237290620804,0.1058620885014534,1873,0.10538081079721451,0.1038319543004036,0.10268086940050125,0.10300341248512268,0.1051860973238945,3450,17,1.0,-0.003846661979514465,0.10540319234132767,0.10725479125976563,20.80594858378172,0.8421358466148376,0.0022273671,0.9411764705882353,0.2,0.0,17,0.07272496982186567,1e-05,15,15,0.2800946533679962,0.1,106,1.0,0.9411764705882353,1.0,13
0.10621620714664459,0.10476592183113098,1.912751677852349,0.10758101940155029,0.9822003743125052,9306112,0.020134228187919462,0.10822213441133499,0.10822213441133499,0.0,4897,0.10809686034917831,0.10623527318239212,0.10586900264024734,0.9444444444444444,0.10776004940271378,71,0.10636363923549652,0.10107605904340744,0.10300945490598679,18,0.10419614613056183,0.10581633448600769,688.5126342773438,0.10718943178653717,0.10713381320238113,0.10761360079050064,0.9798657718120806,0.10107605904340744,0.10356003046035767,981.48,0.10554250329732895,0.8888888888888888,1.4412080536912764,18,0.10691665858030319,0.10612593591213226,1900,0.10555417835712433,0.10424525290727615,0.1028326153755188,0.10341478139162064,0.1054595485329628,3460,23,1.0,-0.003532016261306126,0.10563185811042786,0.10512466430664062,20.75038325190544,0.8072476387023926,0.002249897,1.0,0.2,0.0,21,0.07377640265476657,1e-05,31,26,0.25941577553749084,0.1,146,1.0,1.0,1.0,12
0.10644213110208511,0.10492470115423203,1.8706896551724137,0.10776631534099579,1.0924716803909789,9437184,0.02586206896551724,0.10839927941560745,0.10839927941560745,0.0,4897,0.10822936147451401,0.1064530685544014,0.1061277911067009,0.9285714285714286,0.10807052254676819,72,0.10650371015071869,0.101189024746418,0.10320698469877243,14,0.10435426235198975,0.10593975335359573,692.5126342773438,0.1074889525771141,0.10727053135633469,0.10779426991939545,0.9741379310344828,0.101189024746418,0.1037982925772667,987.12,0.10569382458925247,0.9523809523809523,1.425258620689656,21,0.10706274956464767,0.10633552074432373,1927,0.10582150518894196,0.104450523853302,0.1030019149184227,0.10351219028234482,0.10559810698032379,3470,21,1.0,-0.0035114209333187317,0.10581740736961365,0.10276336669921875,20.701318119466304,0.8024746179580688,0.0021768669,1.0,0.2,0.0,13,0.041104849173279945,1e-05,15,16,0.2402694672346115,0.1,113,1.0,1.0,0.9375,16
0.10672646015882492,0.10525099188089371,1.9470198675496688,0.10791382193565369,1.154179285781095,9568256,0.0728476821192053,0.10866518318653107,0.10866518318653107,0.0,4896,0.10841817408800125,0.10649797320365906,0.10635127127170563,0.8421052631578947,0.10834840685129166,73,0.10687877982854843,0.10132225602865219,0.10347818583250046,19,0.10453265905380249,0.10617645829916,675.6937255859375,0.10770481824874878,0.10751345008611679,0.10786880552768707,0.9271523178807947,0.10132225602865219,0.1040419191122055,969.47,0.10592121630907059,0.7037037037037037,1.4488079470198687,27,0.10720440745353699,0.10657212138175964,1954,0.10605981945991516,0.10471195727586746,0.1032167300581932,0.10370951145887375,0.10581265389919281,3480,29,1.0,-0.0032833755120918796,0.10603591799736023,0.0953033447265625,20.65451904386282,0.7499827146530151,0.002042366,1.0,0.2,0.0,15,0.052785026644414756,1e-05,21,26,0.293595552444458,0.1,140,1.0,1.0,1.0,14
0.10704617947340012,0.10547709465026855,2.032,0.10813325643539429,1.1033472315376813,9699328,0.104,0.10903863608837128,0.10903863608837128,0.0,4896,0.10873206704854965,0.10678321868181229,0.10659580677747726,0.7857142857142857,0.10864938050508499,74,0.10705865919589996,0.10143065452575684,0.1038605272769928,28,0.10483235865831375,0.10643911361694336,663.9042358398438,0.10803494602441788,0.1078038141131401,0.10819578915834427,0.896,0.10143065452575684,0.10414602607488632,946.57,0.10605357587337494,0.7272727272727273,1.4377920000000013,22,0.10748431831598282,0.10666932165622711,1981,0.10625515878200531,0.10497847199440002,0.10350475460290909,0.10388880968093872,0.10600437968969345,3490,12,1.0,-0.0033965306301070087,0.10628385096788406,0.10225296020507812,20.599807243049145,0.84287428855896,0.0021551235,1.0,0.2,0.0,13,0.09541740168642718,1e-05,20,16,0.32243239879608154,0.1,112,1.0,0.9166666666666666,1.0,14
0.10736839473247528,0.10582060366868973,1.74496644295302,0.10832125693559647,1.092872235364819,9830400,0.087248322147651,0.10933986306190491,0.10933986306190491,0.0,4895,0.10879599303007126,0.10713669657707214,0.10699410736560822,0.72,0.1089361235499382,75,0.10735254734754562,0.10156126320362091,0.10416313260793686,25,0.10513841360807419,0.10692576318979263,682.9525756835938,0.10827870666980743,0.10810160636901855,0.10845697671175003,0.912751677852349,0.10156126320362091,0.10433481633663177,969.55,0.10626372694969177,0.7916666666666666,1.433489932885907,24,0.10781537741422653,0.10697400569915771,2008,0.10665638744831085,0.10514006018638611,0.10374175757169724,0.10417446494102478,0.10622342675924301,3500,21,1.0,-0.00373463512660237,0.1065606102347374,0.11189804077148438,20.53730777949095,0.7679407000541687,0.0023219245,1.0,0.2,0.0,14,0.11388150942657375,1e-05,24,16,0.3841484487056732,0.1,136,1.0,0.9523809523809523,1.0,25
0.10770392417907715,0.1061158999800682,1.8671875,0.10855507105588913,1.054431024382041,9961472,0.0625,0.10950855165719986,0.10950855165719986,0.0,4894,0.10908057540655136,0.10735470056533813,0.1071697324514389,0.8695652173913043,0.10923667997121811,76,0.10758853703737259,0.10173477977514267,0.10446731001138687,23,0.10536345094442368,0.10725873708724976,685.9029541015625,0.10858585685491562,0.10849297791719437,0.10857409983873367,0.9375,0.10173477977514267,0.10462965071201324,978.14,0.10648635029792786,0.7142857142857143,1.441171875000001,14,0.10801073908805847,0.10719947516918182,2035,0.10687774419784546,0.10535065829753876,0.10409232974052429,0.10432516038417816,0.10648954659700394,3510,23,0.9444444444444444,-0.0034324467936130533,0.10681010037660599,0.10931549072265626,20.47542419731617,0.7956854701042175,0.0023241178,1.0,0.2,0.0,14,0.09821532941568875,1e-05,20,18,0.2606837749481201,0.1,120,1.0,1.0,1.0,16
0.1079699769616127,0.106409452855587,2.034965034965035,0.10881251841783524,1.1257337562460257,10092544,0.07692307692307693,0.10976783186197281,0.10976783186197281,0.0,4894,0.10923615843057632,0.1075938493013382,0.10749399662017822,0.782608695652174,0.10962649434804916,77,0.10783258080482483,0.10182230919599533,0.10469745099544525,23,0.10564588010311127,0.10745172202587128,670.630615234375,0.10886441916227341,0.10886683315038681,0.108708955347538,0.9230769230769231,0.10182230919599533,0.1048412024974823,953.79,0.1067303791642189,0.8387096774193549,1.4589230769230779,31,0.10832405090332031,0.10750717669725418,2062,0.10700073838233948,0.10559722036123276,0.10441021621227264,0.10456987470388412,0.10686074942350388,3520,9,1.0,-0.003800431571107765,0.10706567764282227,0.1029632568359375,20.41645126491785,0.8259910941123962,0.0022375959,0.9583333333333334,0.2,0.0,24,0.07700824151397682,1e-05,24,14,0.26687777042388916,0.1,132,1.0,1.0,1.0,18
0.10818614810705185,0.10670554637908936,1.837037037037037,0.10912477225065231,1.1200661592281909,10223616,0.08888888888888889,0.11007726192474365,0.11007726192474365,0.0,4893,0.10940100997686386,0.10790209472179413,0.10777212679386139,0.85,0.1099436804652214,78,0.10824331641197205,0.10200881958007812,0.10485217720270157,20,0.1058991476893425,0.10769940912723541,687.506591796875,0.10915131121873856,0.1090613603591919,0.10908538848161697,0.9111111111111111,0.10200881958007812,0.1051282063126564,977.2,0.10689201205968857,0.7647058823529411,1.4380148148148157,17,0.10860395431518555,0.10767912119626999,2089,0.10725625604391098,0.10595540702342987,0.10464060306549072,0.10484582930803299,0.10715804994106293,3530,21,1.0,-0.0040362134098359094,0.10733091831207275,0.10998992919921875,20.355548553168774,0.8148771524429321,0.002311089,0.9523809523809523,0.2,0.0,21,0.11133057719853241,1e-05,23,15,0.30098631978034973,0.1,123,1.0,0.8095238095238095,1.0,18
0.10842052847146988,0.10693866014480591,1.9849624060150375,0.10958588123321533,1.054135819532337,10354688,0.06015037593984962,0.11034727841615677,0.11034727841615677,0.0,4893,0.1095651164650917,0.10822659730911255,0.10806970298290253,0.8333333333333334,0.1101761981844902,79,0.10852878540754318,0.10238341242074966,0.10519319027662277,18,0.10609350353479385,0.10794325917959213,683.062744140625,0.10932445526123047,0.109420046210289,0.10932471603155136,0.9398496240601504,0.10238341242074966,0.10530691593885422,971.02,0.10722620785236359,0.8095238095238095,1.433518796992482,21,0.10891181975603104,0.1079554334282875,2116,0.10748562216758728,0.1060773953795433,0.10485382378101349,0.10514124482870102,0.10751445591449738,3540,17,1.0,-0.0036834765885942035,0.10760056972503662,0.1063232421875,20.29297367632389,0.788162112236023,0.0022120671,1.0,0.2,0.0,23,0.08843653970689047,1e-05,23,17,0.29480621218681335,0.1,125,1.0,0.9411764705882353,1.0,14
0.10860071331262589,0.10710318386554718,1.9264705882352942,0.10973116755485535,1.004957693981901,10485760,0.058823529411764705,0.110575370490551,0.110575370490551,0.0,4892,0.10986360907554626,0.10850203037261963,0.10833613574504852,0.782608695652174,0.110383540391922,80,0.10877809673547745,0.10256320238113403,0.10537489503622055,23,0.10639070719480515,0.108099564909935,692.9513549804688,0.10971649736166,0.10949541628360748,0.10966487228870392,0.9411764705882353,0.10256320238113403,0.10554882884025574,982.25,0.1073903888463974,0.8666666666666667,1.4287500000000009,15,0.10910705476999283,0.10822398960590363,2143,0.10766133666038513,0.10629529505968094,0.10507252812385559,0.10537854582071304,0.1078716591000557,3550,11,1.0,-0.003196258716616285,0.10782914608716965,0.10679168701171875,20.23546786159277,0.7516829371452332,0.0021998233,1.0,0.2,0.0,14,0.09473418500274419,1e-05,27,22,0.2731475830078125,0.1,128,1.0,0.9090909090909091,1.0,24
0.1088646724820137,0.10719987750053406,2.2290076335877864,0.11003228276968002,1.0694932196143683,10616832,0.05343511450381679,0.11089705675840378,0.11089705675840378,0.0,4892,0.1101563572883606,0.10868925601243973,0.10850369185209274,0.7272727272727273,0.11057774722576141,81,0.10916247963905334,0.1027403473854065,0.10562507808208466,22,0.10660340636968613,0.10848812013864517,690.920166015625,0.1098468154668808,0.10970877856016159,0.10993126034736633,0.9465648854961832,0.1027403473854065,0.10579194873571396,980.71,0.10761896520853043,0.9444444444444444,1.4312061068702302,18,0.1093546450138092,0.1085267961025238,2169,0.10781417042016983,0.10659397393465042,0.10526617616415024,0.10579857975244522,0.10831297188997269,3560,11,1.0,-0.00369364965818022,0.10808421671390533,0.10780410766601563,20.17980180233717,0.7897447347640991,0.002273051,1.0,0.2,0.0,20,0.08500007912516594,1e-05,21,23,0.3403152823448181,0.1,124,1.0,1.0,1.0,16
0.10915882885456085,0.10753137618303299,1.8214285714285714,0.11039077490568161,1.0404216385602512,10747904,0.05714285714285714,0.11121388524770737,0.11121388524770737,0.0,4892,0.11044827103614807,0.10896451771259308,0.10875553637742996,0.875,0.11087872833013535,82,0.1094408705830574,0.10297238081693649,0.10598428547382355,16,0.10684563219547272,0.10873938351869583,682.211669921875,0.10999239236116409,0.11006233096122742,0.11015395075082779,0.9428571428571428,0.10297238081693649,0.10612718015909195,966.46,0.10809572786092758,0.95,1.4480142857142868,20,0.10958287864923477,0.10873512923717499,2196,0.10803904384374619,0.1069495752453804,0.1054823100566864,0.1061621755361557,0.10841429233551025,3570,24,1.0,-0.0033798973238845067,0.10836485028266907,0.09615936279296874,20.116617493331432,0.7736984491348267,0.002119287,0.8823529411764706,0.2,0.0,17,0.06622905221011025,1e-05,24,21,0.2438746839761734,0.1,132,0.9583333333333334,0.9166666666666666,1.0,18
0.10957825928926468,0.1078231930732727,1.6771653543307086,0.1107320636510849,1.0247686686584918,10878976,0.031496062992125984,0.1112416461110115,0.1112416461110115,0.0,4891,0.11052978038787842,0.10910143703222275,0.10904641449451447,0.9230769230769231,0.11117767542600632,83,0.10957755148410797,0.10326908528804779,0.10616845637559891,13,0.10703814029693604,0.10904034972190857,696.3331909179688,0.11032523214817047,0.11029333621263504,0.11046730726957321,0.968503937007874,0.10326908528804779,0.10624880343675613,984.15,0.10829556733369827,0.8421052631578947,1.407228346456694,19,0.10990539193153381,0.10907857865095139,2223,0.10837721079587936,0.10717110335826874,0.1056184247136116,0.10641825199127197,0.10857202857732773,3580,26,1.0,-0.003912202733863524,0.10860380530357361,0.10463409423828125,20.057897333800792,0.7714333534240723,0.002201505,1.0,0.2,0.0,15,0.0750052820862038,1e-05,21,16,0.25865304470062256,0.1,123,1.0,1.0,1.0,17
0.10990764200687408,0.10812294483184814,1.8928571428571428,0.11107778549194336,1.0657223535465443,11010048,0.03571428571428571,0.11166085302829742,0.11166085302829742,0.0,4891,0.1107286736369133,0.10943492501974106,0.10926976054906845,0.9130434782608695,0.11139445006847382,84,0.10988932847976685,0.10358232259750366,0.10647626966238022,23,0.1073172315955162,0.10919257253408432,698.122802734375,0.11056635528802872,0.1105932742357254,0.11068174988031387,0.9642857142857143,0.10358232259750366,0.10650531202554703,992.94,0.10849626362323761,0.92,1.4342857142857153,25,0.11030597984790802,0.10933154076337814,2251,0.10851041227579117,0.10741227865219116,0.10580617189407349,0.10676316171884537,0.10874878615140915,3590,13,1.0,-0.0035197803508708603,0.10887103527784348,0.10194015502929688,19.99923088401556,0.7279041409492493,0.0021629045,1.0,0.2,0.0,17,0.0707738304103259,1e-05,28,18,0.23261044919490814,0.1,135,1.0,0.9230769230769231,1.0,16
0.11028489470481873,0.1084991842508316,1.7857142857142858,0.11134020239114761,1.0940831007825378,11141120,0.11904761904761904,0.11190270632505417,0.11190270632505417,0.0,4890,0.11100204288959503,0.10979225486516953,0.1097310408949852,0.7368421052631579,0.11171948909759521,85,0.11005067825317383,0.1036943569779396,0.10658833384513855,19,0.10741601884365082,0.10949836671352386,689.1260986328125,0.11076189577579498,0.11072368919849396,0.11092936992645264,0.8809523809523809,0.1036943569779396,0.10673394054174423,969.78,0.1087011992931366,0.6111111111111112,1.4547460317460326,18,0.11045122146606445,0.10968853533267975,2277,0.10862749814987183,0.1077275276184082,0.10609383881092072,0.10699816048145294,0.10906913131475449,3600,18,1.0,-0.003803879035513091,0.10912102460861206,0.10255279541015624,19.940545262396334,0.7363768219947815,0.002164559,1.0,0.2,0.0,17,0.06794167229963932,1e-05,23,14,0.25007978081703186,0.1,111,0.9565217391304348,0.8888888888888888,1.0,17
0.11055418103933334,0.10877072811126709,1.7785714285714285,0.1115863099694252,0.9887583328931134,11272192,0.05,0.11202181875705719,0.11202181875705719,0.0,4890,0.11129309237003326,0.10993599891662598,0.10996721684932709,0.9523809523809523,0.11201877146959305,86,0.11026756465435028,0.10397766530513763,0.10676799714565277,21,0.1076732948422432,0.10991521924734116,701.5950927734375,0.11109057813882828,0.11108577996492386,0.11131424456834793,0.95,0.10397766530513763,0.10695251077413559,983.84,0.1089237853884697,0.7,1.451057142857144,20,0.11075933277606964,0.10991587489843369,2304,0.10901667177677155,0.10798854380846024,0.10639848560094833,0.10714688897132874,0.10936452448368073,3610,15,1.0,-0.003899799691498629,0.10938826948404312,0.1113433837890625,19.8814686819911,0.7962046265602112,0.0023411224,1.0,0.2,0.0,22,0.11860755280649755,1e-05,32,15,0.3035358786582947,0.1,133,1.0,1.0,1.0,15
0.11095965653657913,0.10900416970252991,1.92,0.11189929395914078,1.0286559679639604,11403264,0.04,0.11232364177703857,0.11241570860147476,0.0,4890,0.1114729568362236,0.11014003306627274,0.11027321964502335,0.85,0.11241570860147476,87,0.11063212901353836,0.10412073135375977,0.10690406709909439,20,0.1080695167183876,0.11030124127864838,702.5904541015625,0.1114412248134613,0.11130283027887344,0.11163005977869034,0.96,0.10412073135375977,0.10729684680700302,989.46,0.10917093604803085,0.8823529411764706,1.427568000000001,17,0.11100490391254425,0.11015725135803223,2331,0.10936557501554489,0.10822781175374985,0.10670063644647598,0.10742275416851044,0.10967937856912613,3620,14,1.0,-0.003462295143162919,0.10967666655778885,0.10483856201171875,19.817155677080155,0.7910277247428894,0.002237198,1.0,0.2,0.0,16,0.07567222546203993,1e-05,24,18,0.23182998597621918,0.1,120,1.0,1.0,1.0,16
0.11109115928411484,0.10934796929359436,2.007142857142857,0.11208157986402512,0.9995487770064807,11534336,0.02857142857142857,0.11248194426298141,0.11269035935401917,0.0,4890,0.11176163703203201,0.11030995845794678,0.11056018620729446,0.9444444444444444,0.11269035935401917,88,0.11086585372686386,0.10432428866624832,0.10709008574485779,18,0.10839568823575974,0.11063963919878006,716.6613159179688,0.11166751384735107,0.1116337850689888,0.11188817024230957,0.9714285714285714,0.10432428866624832,0.10746978968381882,997.11,0.10946466773748398,0.9,1.4264714285714295,30,0.11126106977462769,0.11043521016836166,2358,0.10966139286756516,0.10853090137243271,0.10690174996852875,0.10754570364952087,0.1099616140127182,3630,13,1.0,-0.0031971762246030266,0.10992247611284256,0.09991455078125,19.756282272934914,0.763478696346283,0.002151166,1.0,0.2,0.0,20,0.06814263569540344,1e-05,22,18,0.2599494457244873,0.1,136,1.0,1.0,1.0,19
0.11126785725355148,0.10968578606843948,1.9538461538461538,0.11229599267244339,1.092445707978948,11665408,0.09230769230769231,0.1127222552895546,0.11295673996210098,0.0,4889,0.11190363764762878,0.11044298112392426,0.11079076677560806,0.75,0.11295673996210098,89,0.11107847839593887,0.1045595332980156,0.10734467208385468,16,0.10866119712591171,0.11076245456933975,683.3895874023438,0.11182333528995514,0.11190914362668991,0.1121697947382927,0.9076923076923077,0.1045595332980156,0.10768366605043411,968.18,0.10978332906961441,0.8148148148148148,1.4329384615384626,27,0.11152277141809464,0.11046444624662399,2385,0.1097695603966713,0.10884381085634232,0.10722677409648895,0.10772724449634552,0.11016196012496948,3640,17,1.0,-0.003213056959793903,0.11014232039451599,0.09597091674804688,19.70289540886879,0.7691611647605896,0.0020455057,0.9444444444444444,0.2,0.0,18,0.04201800945884315,1e-05,20,17,0.2261369526386261,0.1,118,1.0,0.8823529411764706,1.0,15
0.11158210039138794,0.10989666730165482,1.9699248120300752,0.11254732310771942,1.0078628098501867,11796480,0.05263157894736842,0.11292924731969833,0.11325669288635254,0.0,4889,0.11215650290250778,0.11091727763414383,0.11107511818408966,0.875,0.11325669288635254,90,0.11151484400033951,0.10478141158819199,0.10763885080814362,16,0.10897613316774368,0.11087188124656677,710.2620239257812,0.11212289333343506,0.11210490018129349,0.11239522695541382,0.9473684210526315,0.10478141158819199,0.10796263813972473,992.12,0.11017780005931854,0.8260869565217391,1.4438195488721814,23,0.11184624582529068,0.11062033474445343,2412,0.10995254665613174,0.10913151502609253,0.10738741606473923,0.10809389501810074,0.11045777797698975,3650,15,1.0,-0.0037246349872475546,0.11041588336229324,0.10362625122070312,19.64791612625122,0.8230677843093872,0.002228771,1.0,0.2,0.0,23,0.10385712702991441,1e-05,24,17,0.27869850397109985,0.1,126,1.0,0.9333333333333333,1.0,15
0.11185205727815628,0.11006290465593338,1.8985507246376812,0.11273687332868576,1.0717573964884448,11927552,0.057971014492753624,0.11311706900596619,0.11354643851518631,0.0,4889,0.11241138726472855,0.11121465265750885,0.11117992550134659,0.8421052631578947,0.11354643851518631,91,0.11174828559160233,0.10505235940217972,0.10788635164499283,19,0.10907097905874252,0.11109476536512375,686.9884643554688,0.11227156966924667,0.11233902722597122,0.11263928562402725,0.9420289855072463,0.10505235940217972,0.10806320607662201,965.63,0.11052097380161285,0.7894736842105263,1.4382753623188416,19,0.11202742904424667,0.11088980734348297,2439,0.11024484783411026,0.10923466831445694,0.10775432735681534,0.10829988121986389,0.11085166782140732,3660,22,1.0,-0.003481447016383754,0.11064442992210388,0.10577011108398438,19.589882189035414,0.7570192813873291,0.002184126,0.9565217391304348,0.2,0.0,23,0.06407440996699734,1e-05,22,16,0.2783653140068054,0.1,130,1.0,1.0,1.0,17
0.11212554574012756,0.11042873561382294,1.828358208955224,0.11301250010728836,1.0459028578319358,12058624,0.04477611940298507,0.1134333461523056,0.11388254910707474,0.0,4889,0.11268643289804459,0.11141327023506165,0.11148279160261154,0.8333333333333334,0.11388254910707474,92,0.1120997965335846,0.10516076534986496,0.10806488245725632,24,0.10930749028921127,0.11121378093957901,704.3658447265625,0.11243221163749695,0.11265210807323456,0.11309173703193665,0.9552238805970149,0.10516076534986496,0.1084338128566742,987.9,0.11066900193691254,1.0,1.4439253731343293,17,0.11213187873363495,0.11110403388738632,2466,0.11051852256059647,0.1094110831618309,0.10798872262239456,0.10858339816331863,0.11107635498046875,3670,19,1.0,-0.0036303179651440585,0.11089618504047394,0.098590087890625,19.536992205679418,0.7668342590332031,0.0021196986,0.9333333333333333,0.2,0.0,15,0.07759557115205098,1e-05,24,17,0.2725702226161957,0.1,128,1.0,0.9473684210526315,1.0,18
0.11256565153598785,0.11073485016822815,1.5307692307692307,0.11311792582273483,0.9627588421663146,12189696,0.06153846153846154,0.11369185894727707,0.11417646706104279,0.0,4888,0.11306182295084,0.11169660836458206,0.11182851344347,0.8,0.11417646706104279,93,0.11236505955457687,0.105438232421875,0.10832452028989792,20,0.10959523916244507,0.11163085699081421,703.4028930664062,0.11270921677350998,0.11299256235361099,0.11335915327072144,0.9384615384615385,0.105438232421875,0.10870946198701859,986.03,0.11093936115503311,0.8,1.4403538461538474,20,0.11229676008224487,0.11132273077964783,2493,0.11074744910001755,0.10960420221090317,0.10821795463562012,0.1088854968547821,0.11133189499378204,3680,16,1.0,-0.0035427909304416973,0.11117374897003174,0.10598983764648437,19.475721722841264,0.7065295577049255,0.0022048205,1.0,0.2,0.0,13,0.07551480780966813,1e-05,31,12,0.2590062916278839,0.1,122,1.0,1.0,1.0,18
0.11291207373142242,0.11106152087450027,1.6928571428571428,0.11332359164953232,0.9923079302056477,12320768,0.05,0.11393547803163528,0.11445336788892746,0.0,4888,0.11335542798042297,0.11188582330942154,0.1120011955499649,0.8461538461538461,0.11445336788892746,94,0.11271464824676514,0.10567323118448257,0.10848485678434372,13,0.10982277244329453,0.1117301732301712,694.881591796875,0.11296349763870239,0.11323513835668564,0.11353401839733124,0.95,0.10567323118448257,0.10902239382266998,981.18,0.11143984645605087,0.8636363636363636,1.4407285714285725,22,0.11253253370523453,0.11159785836935043,2520,0.11089073121547699,0.11000422388315201,0.10836581140756607,0.10920310765504837,0.11150366067886353,3690,20,1.0,-0.0033839954958239105,0.11142587661743164,0.10476531982421874,19.41635420322418,0.7882172465324402,0.0021942905,1.0,0.2,0.0,17,0.07579525177570759,1e-05,31,20,0.2870624363422394,0.1,133,1.0,0.9,1.0,17
0.11316467076539993,0.11128836870193481,1.6875,0.11353251338005066,1.03862181869392,12451840,0.0390625,0.11427929997444153,0.1148553192615509,0.0,4888,0.11365147680044174,0.11231334507465363,0.11213864386081696,0.8,0.1148553192615509,95,0.11286881566047668,0.10575635731220245,0.10873334109783173,10,0.10991288721561432,0.11190497875213623,693.8450927734375,0.11323471367359161,0.11349012702703476,0.11394298076629639,0.9609375,0.10575635731220245,0.10931587964296341,971.75,0.11171400547027588,1.0,1.449187500000001,16,0.11291325837373734,0.11174307018518448,2547,0.11120736598968506,0.11027482151985168,0.10865484923124313,0.10954242199659348,0.11180763691663742,3700,25,0.9411764705882353,-0.0035742546995606974,0.11168964207172394,0.10483245849609375,19.35914179235697,0.7955498695373535,0.0022539035,1.0,0.2,0.0,21,0.06880786322144558,1e-05,27,17,0.23489156365394592,0.1,123,1.0,0.92,1.0,12
0.11334307491779327,0.11151450127363205,2.1079136690647484,0.11394189298152924,1.0394493821528388,12582912,0.05755395683453238,0.11461308598518372,0.11516692489385605,0.0,4887,0.11405688524246216,0.112568199634552,0.11245237290859222,0.8620689655172413,0.11516692489385605,96,0.11308856308460236,0.10608510673046112,0.10894067585468292,29,0.11008337885141373,0.11217048764228821,693.9815673828125,0.11352573335170746,0.11374557018280029,0.11423494666814804,0.9424460431654677,0.10608510673046112,0.10953973233699799,976.02,0.1118447482585907,0.7692307692307693,1.4408920863309365,13,0.1132751852273941,0.11208352446556091,2574,0.11153609305620193,0.11046494543552399,0.10897353291511536,0.1098691076040268,0.11204283684492111,3710,11,0.9523809523809523,-0.0038889169990397932,0.11196644604206085,0.10850296020507813,19.298743411898613,0.7777117490768433,0.0022189254,1.0,0.2,0.0,20,0.06333221062814118,1e-05,25,21,0.223775714635849,0.1,131,1.0,1.0,1.0,20
0.11352920532226562,0.11159761995077133,1.6299212598425197,0.11420115828514099,1.0121759731607847,12713984,0.07086614173228346,0.1147783100605011,0.11548314988613129,0.0,4887,0.11430887132883072,0.11276093870401382,0.11249881982803345,0.7391304347826086,0.11548314988613129,97,0.11320893466472626,0.10630921274423599,0.10930293053388596,23,0.11036409437656403,0.11233368515968323,688.5820922851562,0.11382535099983215,0.11394418030977249,0.114458367228508,0.9291338582677166,0.10630921274423599,0.10978672653436661,963.26,0.11200402677059174,0.8666666666666667,1.4482519685039383,15,0.11368408054113388,0.11216963827610016,2601,0.11173733323812485,0.11078909784555435,0.10932281613349915,0.11014202237129211,0.11237526684999466,3720,15,1.0,-0.0035985216267363286,0.11219663172960281,0.10998382568359374,19.243035486340524,0.7832750678062439,0.0022668706,1.0,0.2,0.0,14,0.0892655339484918,1e-05,30,13,0.25250178575515747,0.1,118,1.0,0.9333333333333333,1.0,17
0.1137627437710762,0.1118762195110321,1.5547945205479452,0.11441978067159653,1.064433877852623,12845056,0.06164383561643835,0.11506707221269608,0.11582115292549133,0.0,4887,0.1145695149898529,0.11307413876056671,0.11277017742395401,1.0,0.11582115292549133,98,0.11354225128889084,0.1064736545085907,0.10958502441644669,16,0.11064565926790237,0.1126713678240776,682.3750610351562,0.113974928855896,0.1140676885843277,0.1147204264998436,0.9383561643835616,0.1064736545085907,0.11002200096845627,950.3,0.1123853325843811,0.7307692307692307,1.4514246575342475,26,0.1138940304517746,0.11242398619651794,2628,0.11190270632505417,0.11109304428100586,0.10957619547843933,0.11049062758684158,0.11256468296051025,3730,26,1.0,-0.0036911397005496838,0.11245577782392502,0.102313232421875,19.187815026938914,0.795807957649231,0.0021589426,1.0,0.2,0.0,19,0.07496750213031192,1e-05,28,12,0.23241961002349854,0.1,137,1.0,1.0,0.8947368421052632,19
0.11415912955999374,0.1120372861623764,1.991869918699187,0.11470973491668701,1.0871664471393319,12976128,0.08943089430894309,0.11519026756286621,0.11608294397592545,0.0,4887,0.11479659378528595,0.11330851912498474,0.11308764666318893,0.7142857142857143,0.11608294397592545,99,0.11378050595521927,0.10676031559705734,0.11009468883275986,21,0.1108793169260025,0.11285888403654099,683.7134399414062,0.11425156891345978,0.1141434982419014,0.11502908170223236,0.9105691056910569,0.10676031559705734,0.11036209017038345,958.12,0.11251531541347504,0.7619047619047619,1.438439024390245,21,0.11418348550796509,0.11254134029150009,2655,0.11205343902111053,0.11121144890785217,0.10993298143148422,0.11075949668884277,0.11284748464822769,3740,10,1.0,-0.003481384441965929,0.11270308494567871,0.10975112915039062,19.131614385545255,0.8090046644210815,0.0022959462,1.0,0.2,0.0,13,0.07768360619375017,1e-05,21,18,0.27269840240478516,0.1,112,1.0,1.0,1.0,19
0.11442919820547104,0.11230696737766266,1.993103448275862,0.11502842605113983,1.0813904422842429,13107200,0.034482758620689655,0.11541406065225601,0.11634467542171478,0.0,4886,0.115164615213871,0.11351155489683151,0.11327618360519409,0.8636363636363636,0.11634467542171478,100,0.11419045925140381,0.10684286057949066,0.11037664115428925,22,0.11106383055448532,0.11310528218746185,707.4827880859375,0.1144678145647049,0.11439120024442673,0.11547060310840607,0.9655172413793104,0.10684286057949066,0.11060395836830139,986.17,0.11268148571252823,0.9130434782608695,1.4286896551724146,23,0.11443375796079636,0.11287148296833038,2682,0.11242034286260605,0.11139094084501266,0.11022666841745377,0.11109007894992828,0.11293616145849228,3750,15,1.0,-0.0031927134537909295,0.11296156793832779,0.111981201171875,19.07552603185177,0.7940588593482971,0.0022648505,1.0,0.2,0.0,26,0.0996441543873516,1e-05,23,15,0.29054173827171326,0.1,140,1.0,1.0,1.0,21
0.11472953110933304,0.1125447154045105,1.68503937007874,0.11533940583467484,1.0101172511608336,13238272,0.07874015748031496,0.1158316433429718,0.11651787161827087,0.0,4886,0.11530838906764984,0.11371119320392609,0.11353534460067749,0.9310344827586207,0.11651787161827087,101,0.11448068916797638,0.10713378340005875,0.11066035181283951,29,0.11132542043924332,0.11326282471418381,688.18310546875,0.11471659690141678,0.11463405191898346,0.11582601070404053,0.9212598425196851,0.10713378340005875,0.11090216040611267,964.25,0.11303729563951492,0.6190476190476191,1.4536850393700795,21,0.11470884829759598,0.11322595924139023,2709,0.11262578517198563,0.11160174012184143,0.11049123108386993,0.11143270134925842,0.1131022647023201,3760,10,1.0,-0.003286587587626855,0.11322741955518723,0.10623321533203126,19.017118935286998,0.8028042316436768,0.002193679,1.0,0.2,0.0,14,0.06196587999438634,1e-05,28,8,0.2964482605457306,0.1,117,1.0,1.0,1.0,17
0.11508875340223312,0.11289583891630173,1.8368794326241136,0.11563162505626678,0.938460248524037,13369344,0.03546099290780142,0.11611858010292053,0.11680374294519424,0.0,4886,0.11551825702190399,0.11405742913484573,0.11388235539197922,0.9090909090909091,0.11680374294519424,102,0.1147979348897934,0.10727853327989578,0.11098671704530716,22,0.11165313422679901,0.11354168504476547,707.8092041015625,0.11498049646615982,0.11484631150960922,0.11603975296020508,0.9645390070921985,0.10727853327989578,0.11108600348234177,981.84,0.11326746642589569,0.9166666666666666,1.4537163120567385,12,0.11490979790687561,0.11368589103221893,2735,0.11281371861696243,0.1118675023317337,0.11066663265228271,0.11159766465425491,0.1133713647723198,3770,14,1.0,-0.003357940144633176,0.11349548399448395,0.101910400390625,18.958303955197334,0.8313376903533936,0.0022240048,1.0,0.2,0.0,24,0.09712118690367788,1e-05,32,17,0.2445363700389862,0.1,136,0.96875,1.0,0.95,20
0.11536471545696259,0.11313022673130035,1.609375,0.1158045083284378,1.0055225893953188,13500416,0.0234375,0.11649525910615921,0.11706428974866867,0.0,4886,0.11577115207910538,0.11439185589551926,0.11405512690544128,0.9285714285714286,0.11706428974866867,103,0.11496566981077194,0.10739412158727646,0.11119137704372406,14,0.11192939430475235,0.11372430622577667,704.09716796875,0.11512736976146698,0.1150234118103981,0.11636903136968613,0.9765625,0.10739412158727646,0.11120054870843887,982.88,0.11347697675228119,0.9130434782608695,1.441796875000001,23,0.11517664790153503,0.11384950578212738,2762,0.1129612922668457,0.11198082566261292,0.11090786755084991,0.11179935187101364,0.113434799015522,3780,14,1.0,-0.003191704257915262,0.11370357871055603,0.097900390625,18.906054563820362,0.8003794550895691,0.0020617917,1.0,0.2,0.0,17,0.057512256391055415,1e-05,27,11,0.2838566303253174,0.1,125,1.0,1.0,1.0,22
0.1156497672200203,0.11347261816263199,1.8413793103448275,0.1160784661769867,0.9876254850125206,13631488,0.06206896551724138,0.11683100461959839,0.11721935868263245,0.0,4886,0.11594429612159729,0.11457653343677521,0.11436180770397186,0.7,0.11721935868263245,104,0.11518586426973343,0.10748523473739624,0.11122290045022964,20,0.11218646168708801,0.11377274245023727,700.073974609375,0.11538995802402496,0.11514221876859665,0.11674638837575912,0.9379310344827586,0.10748523473739624,0.1113881841301918,975.91,0.11373811215162277,0.8947368421052632,1.4533241379310355,19,0.11547522246837616,0.11415901780128479,2789,0.1132575273513794,0.11231057345867157,0.11111187934875488,0.11207275837659836,0.1136019304394722,3790,14,0.9565217391304348,-0.003089405694117886,0.11393523216247559,0.098089599609375,18.85722220540047,0.7840962409973145,0.0021316947,1.0,0.2,0.0,17,0.0480582148549729,1e-05,33,23,0.24120000004768372,0.1,136,1.0,1.0,1.0,19
0.11594575643539429,0.11364617198705673,1.75,0.11643125116825104,1.0607731193275733,13762560,0.041666666666666664,0.1170194000005722,0.11749748885631561,0.0,4886,0.1160455048084259,0.1148255318403244,0.11461860686540604,1.0,0.11749748885631561,105,0.11552759259939194,0.10760082304477692,0.11143352091312408,14,0.11240573227405548,0.11409506946802139,706.7095947265625,0.11566261947154999,0.11540773510932922,0.11707526445388794,0.9583333333333334,0.10760082304477692,0.11176443845033646,975.14,0.11398471891880035,0.8260869565217391,1.463566666666668,23,0.11572928726673126,0.11440163850784302,2816,0.11361975222826004,0.11253157258033752,0.11133624613285065,0.11243841052055359,0.1139376237988472,3800,16,1.0,-0.0037580723584142105,0.11419927328824997,0.1001251220703125,18.804193741083147,0.8042789101600647,0.0022197585,0.9230769230769231,0.2,0.0,13,0.07944576555164531,1e-05,26,17,0.221050426363945,0.1,115,1.0,1.0,1.0,11
0.11615420877933502,0.11388882249593735,1.9798657718120805,0.11680860817432404,1.079648232595441,13893632,0.087248322147651,0.11736449599266052,0.11772818118333817,0.0,4885,0.11624234169721603,0.11513414233922958,0.11482987552881241,0.6956521739130435,0.11772818118333817,106,0.11555814743041992,0.10776025056838989,0.11173182725906372,23,0.11248502880334854,0.11421915888786316,678.0968017578125,0.11586564779281616,0.1157514750957489,0.11747647821903229,0.912751677852349,0.10776025056838989,0.1120128184556961,944.44,0.114295594394207,0.9,1.4613691275167797,30,0.11573271453380585,0.11467518657445908,2843,0.11382811516523361,0.11277961730957031,0.11160697788000107,0.11273813992738724,0.11404182761907578,3810,12,0.9333333333333333,-0.003383602389567386,0.11442838609218597,0.10185928344726562,18.749839697778224,0.7508382797241211,0.0021448983,0.9090909090909091,0.2,0.0,22,0.07626194776385091,1e-05,22,15,0.24298039078712463,0.1,136,1.0,1.0,1.0,25
0.11640150099992752,0.11413376033306122,1.6923076923076923,0.11708768457174301,1.0326297311581825,14024704,0.03418803418803419,0.1176634430885315,0.11818864196538925,0.0,4885,0.11664737015962601,0.11544455587863922,0.1149410828948021,0.8823529411764706,0.11818864196538925,107,0.1159803718328476,0.10799111425876617,0.1120338886976242,17,0.11263787746429443,0.11459595710039139,710.6768798828125,0.1160857230424881,0.11591929942369461,0.1176861897110939,0.9658119658119658,0.10799111425876617,0.11227666586637497,979.54,0.11456109583377838,0.9375,1.4770769230769243,16,0.11602473258972168,0.11483822762966156,2870,0.11402244120836258,0.11315315216779709,0.111765556037426,0.11305677890777588,0.11438438296318054,3820,18,1.0,-0.003721819525162573,0.11470084637403488,0.10684890747070312,18.695318782329558,0.7760120630264282,0.0023086464,1.0,0.2,0.0,19,0.12268128263822291,1e-05,22,9,0.31203693151474,0.1,113,1.0,0.9444444444444444,1.0,16
