Gym has been unmaintained since 2022 and does not support NumPy 2.0 amongst other critical functionality.
Please upgrade to Gymnasium, the maintained drop-in replacement of Gym, or contact the authors of your software and request that they upgrade.
Users of this version of Gym should be able to simply replace 'import gym' with 'import gymnasium as gym' in the vast majority of cases.
See the migration guide at https://gymnasium.farama.org/introduction/migration_guide/ for additional information.
Logging to ./data/delta/tb
INFO:root:Experiment: quadruped_ppo_experiment
INFO:root:Using EnvPool for environment Humanoid-v4 with 256 envs. Seed: 0
Using GPU: False
INFO:root:EnvPool worker threads: 256 for 256 envs
initHardware(SIM): Initializing hardware components...
[0;33m[WW] ModuleManager: CHANGING UPDATE PERIOD: ![0m
initHardware(SIM): Initializing hardware components...
[0;33m[WW] ModuleManager: CHANGING UPDATE PERIOD: ![0m
initHardware(SIM): Initializing hardware components...
[0;33m[WW] ModuleManager: CHANGING UPDATE PERIOD: ![0m
initHardware(SIM): Initializing hardware components...
[0;33m[WW] ModuleManager: CHANGING UPDATE PERIOD: ![0m
initHardware(SIM): Initializing hardware components...
[0;33m[WW] ModuleManager: CHANGING UPDATE PERIOD: ![0m
initHardware(SIM): Initializing hardware components...
[0;33m[WW] ModuleManager: CHANGING UPDATE PERIOD: ![0m
PARITY step_period_us=2000
PARITY max_torque=23.700 23.700 45.430
PARITY contact_mu=0.450
PARITY body_height=0.320
PARITY Kp_body=100.000 100.000 100.000
PARITY Kd_body=30.000 30.000 30.000
PARITY Kp_ori=100.000 100.000 100.000
PARITY Kd_ori=10.000 10.000 10.000
PARITY Kp_foot=550.000 550.000 550.000
PARITY Kd_foot=10.000 10.000 10.000
PARITY Kp_joint=5.000 5.000 5.000
PARITY Kd_joint=3.000 3.000 3.000
PARITY floating_base_weight=50.000
PARITY control_mode=5.000
initHardware(SIM): Initializing hardware components...
[0;33m[WW] ModuleManager: CHANGING UPDATE PERIOD: ![0m
initHardware(SIM): Initializing hardware components...
[0;33m[WW] ModuleManager: CHANGING UPDATE PERIOD: ![0m
initHardware(SIM): Initializing hardware components...
[0;33m[WW] ModuleManager: CHANGING UPDATE PERIOD: ![0m
initHardware(SIM): Initializing hardware components...
[0;33m[WW] ModuleManager: CHANGING UPDATE PERIOD: ![0m
initHardware(SIM): Initializing hardware components...
[0;33m[WW] ModuleManager: CHANGING UPDATE PERIOD: ![0m
initHardware(SIM): Initializing hardware components...
[0;33m[WW] ModuleManager: CHANGING UPDATE PERIOD: ![0m
initHardware(SIM): Initializing hardware components...
[0;33m[WW] ModuleManager: CHANGING UPDATE PERIOD: ![0m
initHardware(SIM): Initializing hardware components...
[0;33m[WW] ModuleManager: CHANGING UPDATE PERIOD: ![0m
initHardware(SIM): Initializing hardware components...
[0;33m[WW] ModuleManager: CHANGING UPDATE PERIOD: ![0m
initHardware(SIM): Initializing hardware components...
[0;33m[WW] ModuleManager: CHANGING UPDATE PERIOD: ![0m
initHardware(SIM): Initializing hardware components...
[0;33m[WW] ModuleManager: CHANGING UPDATE PERIOD: ![0m
initHardware(SIM): Initializing hardware components...
[0;33m[WW] ModuleManager: CHANGING UPDATE PERIOD: ![0m
initHardware(SIM): Initializing hardware components...
[0;33m[WW] ModuleManager: CHANGING UPDATE PERIOD: ![0m
initHardware(SIM): Initializing hardware components...
[0;33m[WW] ModuleManager: CHANGING UPDATE PERIOD: ![0m
initHardware(SIM): Initializing hardware components...
[0;33m[WW] ModuleManager: CHANGING UPDATE PERIOD: ![0m
initHardware(SIM): Initializing hardware components...
[0;33m[WW] ModuleManager: CHANGING UPDATE PERIOD: ![0m
initHardware(SIM): Initializing hardware components...
[0;33m[WW] ModuleManager: CHANGING UPDATE PERIOD: ![0m
initHardware(SIM): Initializing hardware components...
[0;33m[WW] ModuleManager: CHANGING UPDATE PERIOD: ![0m
initHardware(SIM): Initializing hardware components...
[0;33m[WW] ModuleManager: CHANGING UPDATE PERIOD: ![0m
initHardware(SIM): Initializing hardware components...
[0;33m[WW] ModuleManager: CHANGING UPDATE PERIOD: ![0m
initHardware(SIM): Initializing hardware components...
[0;33m[WW] ModuleManager: CHANGING UPDATE PERIOD: ![0m
initHardware(SIM): Initializing hardware components...
[0;33m[WW] ModuleManager: CHANGING UPDATE PERIOD: ![0m
initHardware(SIM): Initializing hardware components...
[0;33m[WW] ModuleManager: CHANGING UPDATE PERIOD: ![0m
initHardware(SIM): Initializing hardware components...
[0;33m[WW] ModuleManager: CHANGING UPDATE PERIOD: ![0m
initHardware(SIM): Initializing hardware components...
[0;33m[WW] ModuleManager: CHANGING UPDATE PERIOD: ![0m
initHardware(SIM): Initializing hardware components...
[0;33m[WW] ModuleManager: CHANGING UPDATE PERIOD: ![0m
initHardware(SIM): Initializing hardware components...
[0;33m[WW] ModuleManager: CHANGING UPDATE PERIOD: ![0m
initHardware(SIM): Initializing hardware components...
[0;33m[WW] ModuleManager: CHANGING UPDATE PERIOD: ![0m
initHardware(SIM): Initializing hardware components...
[0;33m[WW] ModuleManager: CHANGING UPDATE PERIOD: ![0m
initHardware(SIM): Initializing hardware components...
[0;33m[WW] ModuleManager: CHANGING UPDATE PERIOD: ![0m
initHardware(SIM): Initializing hardware components...
[0;33m[WW] ModuleManager: CHANGING UPDATE PERIOD: ![0m
initHardware(SIM): Initializing hardware components...
[0;33m[WW] ModuleManager: CHANGING UPDATE PERIOD: ![0m
initHardware(SIM): Initializing hardware components...
[0;33m[WW] ModuleManager: CHANGING UPDATE PERIOD: ![0m
initHardware(SIM): Initializing hardware components...
[0;33m[WW] ModuleManager: CHANGING UPDATE PERIOD: ![0m
initHardware(SIM): Initializing hardware components...
[0;33m[WW] ModuleManager: CHANGING UPDATE PERIOD: ![0m
initHardware(SIM): Initializing hardware components...
[0;33m[WW] ModuleManager: CHANGING UPDATE PERIOD: ![0m
initHardware(SIM): Initializing hardware components...
[0;33m[WW] ModuleManager: CHANGING UPDATE PERIOD: ![0m
initHardware(SIM): Initializing hardware components...
[0;33m[WW] ModuleManager: CHANGING UPDATE PERIOD: ![0m
initHardware(SIM): Initializing hardware components...
[0;33m[WW] ModuleManager: CHANGING UPDATE PERIOD: ![0m
initHardware(SIM): Initializing hardware components...
[0;33m[WW] ModuleManager: CHANGING UPDATE PERIOD: ![0m
initHardware(SIM): Initializing hardware components...
[0;33m[WW] ModuleManager: CHANGING UPDATE PERIOD: ![0m
initHardware(SIM): Initializing hardware components...
[0;33m[WW] ModuleManager: CHANGING UPDATE PERIOD: ![0m
initHardware(SIM): Initializing hardware components...
[0;33m[WW] ModuleManager: CHANGING UPDATE PERIOD: ![0m
initHardware(SIM): Initializing hardware components...
[0;33m[WW] ModuleManager: CHANGING UPDATE PERIOD: ![0m
initHardware(SIM): Initializing hardware components...
[0;33m[WW] ModuleManager: CHANGING UPDATE PERIOD: ![0m
initHardware(SIM): Initializing hardware components...
[0;33m[WW] ModuleManager: CHANGING UPDATE PERIOD: ![0m
initHardware(SIM): Initializing hardware components...
[0;33m[WW] ModuleManager: CHANGING UPDATE PERIOD: ![0m
initHardware(SIM): Initializing hardware components...
[0;33m[WW] ModuleManager: CHANGING UPDATE PERIOD: ![0m
initHardware(SIM): Initializing hardware components...
[0;33m[WW] ModuleManager: CHANGING UPDATE PERIOD: ![0m
initHardware(SIM): Initializing hardware components...
[0;33m[WW] ModuleManager: CHANGING UPDATE PERIOD: ![0m
initHardware(SIM): Initializing hardware components...
[0;33m[WW] ModuleManager: CHANGING UPDATE PERIOD: ![0m
initHardware(SIM): Initializing hardware components...
[0;33m[WW] ModuleManager: CHANGING UPDATE PERIOD: ![0m
initHardware(SIM): Initializing hardware components...
[0;33m[WW] ModuleManager: CHANGING UPDATE PERIOD: ![0m
initHardware(SIM): Initializing hardware components...
[0;33m[WW] ModuleManager: CHANGING UPDATE PERIOD: ![0m
initHardware(SIM): Initializing hardware components...
[0;33m[WW] ModuleManager: CHANGING UPDATE PERIOD: ![0m
initHardware(SIM): Initializing hardware components...
[0;33m[WW] ModuleManager: CHANGING UPDATE PERIOD: ![0m
initHardware(SIM): Initializing hardware components...
[0;33m[WW] ModuleManager: CHANGING UPDATE PERIOD: ![0m
initHardware(SIM): Initializing hardware components...
[0;33m[WW] ModuleManager: CHANGING UPDATE PERIOD: ![0m
initHardware(SIM): Initializing hardware components...
[0;33m[WW] ModuleManager: CHANGING UPDATE PERIOD: ![0m
initHardware(SIM): Initializing hardware components...
[0;33m[WW] ModuleManager: CHANGING UPDATE PERIOD: ![0m
initHardware(SIM): Initializing hardware components...
[0;33m[WW] ModuleManager: CHANGING UPDATE PERIOD: ![0m
initHardware(SIM): Initializing hardware components...
[0;33m[WW] ModuleManager: CHANGING UPDATE PERIOD: ![0m
initHardware(SIM): Initializing hardware components...
[0;33m[WW] ModuleManager: CHANGING UPDATE PERIOD: ![0m
initHardware(SIM): Initializing hardware components...
[0;33m[WW] ModuleManager: CHANGING UPDATE PERIOD: ![0m
initHardware(SIM): Initializing hardware components...
[0;33m[WW] ModuleManager: CHANGING UPDATE PERIOD: ![0m
initHardware(SIM): Initializing hardware components...
[0;33m[WW] ModuleManager: CHANGING UPDATE PERIOD: ![0m
initHardware(SIM): Initializing hardware components...
[0;33m[WW] ModuleManager: CHANGING UPDATE PERIOD: ![0m
initHardware(SIM): Initializing hardware components...
[0;33m[WW] ModuleManager: CHANGING UPDATE PERIOD: ![0m
initHardware(SIM): Initializing hardware components...
[0;33m[WW] ModuleManager: CHANGING UPDATE PERIOD: ![0m
initHardware(SIM): Initializing hardware components...
[0;33m[WW] ModuleManager: CHANGING UPDATE PERIOD: ![0m
initHardware(SIM): Initializing hardware components...
[0;33m[WW] ModuleManager: CHANGING UPDATE PERIOD: ![0m
initHardware(SIM): Initializing hardware components...
[0;33m[WW] ModuleManager: CHANGING UPDATE PERIOD: ![0m
initHardware(SIM): Initializing hardware components...
[0;33m[WW] ModuleManager: CHANGING UPDATE PERIOD: ![0m
initHardware(SIM): Initializing hardware components...
[0;33m[WW] ModuleManager: CHANGING UPDATE PERIOD: ![0m
initHardware(SIM): Initializing hardware components...
[0;33m[WW] ModuleManager: CHANGING UPDATE PERIOD: ![0m
initHardware(SIM): Initializing hardware components...
[0;33m[WW] ModuleManager: CHANGING UPDATE PERIOD: ![0m
initHardware(SIM): Initializing hardware components...
[0;33m[WW] ModuleManager: CHANGING UPDATE PERIOD: ![0m
initHardware(SIM): Initializing hardware components...
[0;33m[WW] ModuleManager: CHANGING UPDATE PERIOD: ![0m
initHardware(SIM): Initializing hardware components...
[0;33m[WW] ModuleManager: CHANGING UPDATE PERIOD: ![0m
initHardware(SIM): Initializing hardware components...
[0;33m[WW] ModuleManager: CHANGING UPDATE PERIOD: ![0m
initHardware(SIM): Initializing hardware components...
[0;33m[WW] ModuleManager: CHANGING UPDATE PERIOD: ![0m
initHardware(SIM): Initializing hardware components...
[0;33m[WW] ModuleManager: CHANGING UPDATE PERIOD: ![0m
initHardware(SIM): Initializing hardware components...
[0;33m[WW] ModuleManager: CHANGING UPDATE PERIOD: ![0m
initHardware(SIM): Initializing hardware components...
[0;33m[WW] ModuleManager: CHANGING UPDATE PERIOD: ![0m
initHardware(SIM): Initializing hardware components...
[0;33m[WW] ModuleManager: CHANGING UPDATE PERIOD: ![0m
initHardware(SIM): Initializing hardware components...
[0;33m[WW] ModuleManager: CHANGING UPDATE PERIOD: ![0m
initHardware(SIM): Initializing hardware components...
[0;33m[WW] ModuleManager: CHANGING UPDATE PERIOD: ![0m
initHardware(SIM): Initializing hardware components...
[0;33m[WW] ModuleManager: CHANGING UPDATE PERIOD: ![0m
initHardware(SIM): Initializing hardware components...
[0;33m[WW] ModuleManager: CHANGING UPDATE PERIOD: ![0m
initHardware(SIM): Initializing hardware components...
[0;33m[WW] ModuleManager: CHANGING UPDATE PERIOD: ![0m
initHardware(SIM): Initializing hardware components...
[0;33m[WW] ModuleManager: CHANGING UPDATE PERIOD: ![0m
initHardware(SIM): Initializing hardware components...
[0;33m[WW] ModuleManager: CHANGING UPDATE PERIOD: ![0m
initHardware(SIM): Initializing hardware components...
[0;33m[WW] ModuleManager: CHANGING UPDATE PERIOD: ![0m
initHardware(SIM): Initializing hardware components...
[0;33m[WW] ModuleManager: CHANGING UPDATE PERIOD: ![0m
initHardware(SIM): Initializing hardware components...
[0;33m[WW] ModuleManager: CHANGING UPDATE PERIOD: ![0m
initHardware(SIM): Initializing hardware components...
[0;33m[WW] ModuleManager: CHANGING UPDATE PERIOD: ![0m
initHardware(SIM): Initializing hardware components...
[0;33m[WW] ModuleManager: CHANGING UPDATE PERIOD: ![0m
initHardware(SIM): Initializing hardware components...
[0;33m[WW] ModuleManager: CHANGING UPDATE PERIOD: ![0m
initHardware(SIM): Initializing hardware components...
[0;33m[WW] ModuleManager: CHANGING UPDATE PERIOD: ![0m
initHardware(SIM): Initializing hardware components...
[0;33m[WW] ModuleManager: CHANGING UPDATE PERIOD: ![0m
initHardware(SIM): Initializing hardware components...
[0;33m[WW] ModuleManager: CHANGING UPDATE PERIOD: ![0m
initHardware(SIM): Initializing hardware components...
[0;33m[WW] ModuleManager: CHANGING UPDATE PERIOD: ![0m
initHardware(SIM): Initializing hardware components...
[0;33m[WW] ModuleManager: CHANGING UPDATE PERIOD: ![0m
initHardware(SIM): Initializing hardware components...
[0;33m[WW] ModuleManager: CHANGING UPDATE PERIOD: ![0m
initHardware(SIM): Initializing hardware components...
[0;33m[WW] ModuleManager: CHANGING UPDATE PERIOD: ![0m
initHardware(SIM): Initializing hardware components...
[0;33m[WW] ModuleManager: CHANGING UPDATE PERIOD: ![0m
initHardware(SIM): Initializing hardware components...
[0;33m[WW] ModuleManager: CHANGING UPDATE PERIOD: ![0m
initHardware(SIM): Initializing hardware components...
[0;33m[WW] ModuleManager: CHANGING UPDATE PERIOD: ![0m
initHardware(SIM): Initializing hardware components...
[0;33m[WW] ModuleManager: CHANGING UPDATE PERIOD: ![0m
initHardware(SIM): Initializing hardware components...
[0;33m[WW] ModuleManager: CHANGING UPDATE PERIOD: ![0m
initHardware(SIM): Initializing hardware components...
[0;33m[WW] ModuleManager: CHANGING UPDATE PERIOD: ![0m
initHardware(SIM): Initializing hardware components...
[0;33m[WW] ModuleManager: CHANGING UPDATE PERIOD: ![0m
initHardware(SIM): Initializing hardware components...
[0;33m[WW] ModuleManager: CHANGING UPDATE PERIOD: ![0m
initHardware(SIM): Initializing hardware components...
[0;33m[WW] ModuleManager: CHANGING UPDATE PERIOD: ![0m
initHardware(SIM): Initializing hardware components...
[0;33m[WW] ModuleManager: CHANGING UPDATE PERIOD: ![0m
initHardware(SIM): Initializing hardware components...
[0;33m[WW] ModuleManager: CHANGING UPDATE PERIOD: ![0m
initHardware(SIM): Initializing hardware components...
[0;33m[WW] ModuleManager: CHANGING UPDATE PERIOD: ![0m
initHardware(SIM): Initializing hardware components...
[0;33m[WW] ModuleManager: CHANGING UPDATE PERIOD: ![0m
initHardware(SIM): Initializing hardware components...
[0;33m[WW] ModuleManager: CHANGING UPDATE PERIOD: ![0m
initHardware(SIM): Initializing hardware components...
[0;33m[WW] ModuleManager: CHANGING UPDATE PERIOD: ![0m
initHardware(SIM): Initializing hardware components...
[0;33m[WW] ModuleManager: CHANGING UPDATE PERIOD: ![0m
initHardware(SIM): Initializing hardware components...
[0;33m[WW] ModuleManager: CHANGING UPDATE PERIOD: ![0m
initHardware(SIM): Initializing hardware components...
[0;33m[WW] ModuleManager: CHANGING UPDATE PERIOD: ![0m
initHardware(SIM): Initializing hardware components...
[0;33m[WW] ModuleManager: CHANGING UPDATE PERIOD: ![0m
initHardware(SIM): Initializing hardware components...
[0;33m[WW] ModuleManager: CHANGING UPDATE PERIOD: ![0m
initHardware(SIM): Initializing hardware components...
[0;33m[WW] ModuleManager: CHANGING UPDATE PERIOD: ![0m
initHardware(SIM): Initializing hardware components...
[0;33m[WW] ModuleManager: CHANGING UPDATE PERIOD: ![0m
initHardware(SIM): Initializing hardware components...
[0;33m[WW] ModuleManager: CHANGING UPDATE PERIOD: ![0m
initHardware(SIM): Initializing hardware components...
[0;33m[WW] ModuleManager: CHANGING UPDATE PERIOD: ![0m
initHardware(SIM): Initializing hardware components...
[0;33m[WW] ModuleManager: CHANGING UPDATE PERIOD: ![0m
initHardware(SIM): Initializing hardware components...
[0;33m[WW] ModuleManager: CHANGING UPDATE PERIOD: ![0m
initHardware(SIM): Initializing hardware components...
[0;33m[WW] ModuleManager: CHANGING UPDATE PERIOD: ![0m
initHardware(SIM): Initializing hardware components...
[0;33m[WW] ModuleManager: CHANGING UPDATE PERIOD: ![0m
initHardware(SIM): Initializing hardware components...
[0;33m[WW] ModuleManager: CHANGING UPDATE PERIOD: ![0m
initHardware(SIM): Initializing hardware components...
[0;33m[WW] ModuleManager: CHANGING UPDATE PERIOD: ![0m
initHardware(SIM): Initializing hardware components...
[0;33m[WW] ModuleManager: CHANGING UPDATE PERIOD: ![0m
initHardware(SIM): Initializing hardware components...
[0;33m[WW] ModuleManager: CHANGING UPDATE PERIOD: ![0m
initHardware(SIM): Initializing hardware components...
[0;33m[WW] ModuleManager: CHANGING UPDATE PERIOD: ![0m
initHardware(SIM): Initializing hardware components...
[0;33m[WW] ModuleManager: CHANGING UPDATE PERIOD: ![0m
initHardware(SIM): Initializing hardware components...
[0;33m[WW] ModuleManager: CHANGING UPDATE PERIOD: ![0m
initHardware(SIM): Initializing hardware components...
[0;33m[WW] ModuleManager: CHANGING UPDATE PERIOD: ![0m
initHardware(SIM): Initializing hardware components...
[0;33m[WW] ModuleManager: CHANGING UPDATE PERIOD: ![0m
initHardware(SIM): Initializing hardware components...
[0;33m[WW] ModuleManager: CHANGING UPDATE PERIOD: ![0m
initHardware(SIM): Initializing hardware components...
[0;33m[WW] ModuleManager: CHANGING UPDATE PERIOD: ![0m
initHardware(SIM): Initializing hardware components...
[0;33m[WW] ModuleManager: CHANGING UPDATE PERIOD: ![0m
initHardware(SIM): Initializing hardware components...
[0;33m[WW] ModuleManager: CHANGING UPDATE PERIOD: ![0m
initHardware(SIM): Initializing hardware components...
[0;33m[WW] ModuleManager: CHANGING UPDATE PERIOD: ![0m
initHardware(SIM): Initializing hardware components...
[0;33m[WW] ModuleManager: CHANGING UPDATE PERIOD: ![0m
initHardware(SIM): Initializing hardware components...
[0;33m[WW] ModuleManager: CHANGING UPDATE PERIOD: ![0m
initHardware(SIM): Initializing hardware components...
[0;33m[WW] ModuleManager: CHANGING UPDATE PERIOD: ![0m
initHardware(SIM): Initializing hardware components...
[0;33m[WW] ModuleManager: CHANGING UPDATE PERIOD: ![0m
initHardware(SIM): Initializing hardware components...
[0;33m[WW] ModuleManager: CHANGING UPDATE PERIOD: ![0m
initHardware(SIM): Initializing hardware components...
[0;33m[WW] ModuleManager: CHANGING UPDATE PERIOD: ![0m
initHardware(SIM): Initializing hardware components...
[0;33m[WW] ModuleManager: CHANGING UPDATE PERIOD: ![0m
initHardware(SIM): Initializing hardware components...
[0;33m[WW] ModuleManager: CHANGING UPDATE PERIOD: ![0m
initHardware(SIM): Initializing hardware components...
[0;33m[WW] ModuleManager: CHANGING UPDATE PERIOD: ![0m
initHardware(SIM): Initializing hardware components...
[0;33m[WW] ModuleManager: CHANGING UPDATE PERIOD: ![0m
initHardware(SIM): Initializing hardware components...
[0;33m[WW] ModuleManager: CHANGING UPDATE PERIOD: ![0m
initHardware(SIM): Initializing hardware components...
[0;33m[WW] ModuleManager: CHANGING UPDATE PERIOD: ![0m
initHardware(SIM): Initializing hardware components...
[0;33m[WW] ModuleManager: CHANGING UPDATE PERIOD: ![0m
initHardware(SIM): Initializing hardware components...
[0;33m[WW] ModuleManager: CHANGING UPDATE PERIOD: ![0m
initHardware(SIM): Initializing hardware components...
[0;33m[WW] ModuleManager: CHANGING UPDATE PERIOD: ![0m
initHardware(SIM): Initializing hardware components...
[0;33m[WW] ModuleManager: CHANGING UPDATE PERIOD: ![0m
initHardware(SIM): Initializing hardware components...
[0;33m[WW] ModuleManager: CHANGING UPDATE PERIOD: ![0m
initHardware(SIM): Initializing hardware components...
[0;33m[WW] ModuleManager: CHANGING UPDATE PERIOD: ![0m
initHardware(SIM): Initializing hardware components...
[0;33m[WW] ModuleManager: CHANGING UPDATE PERIOD: ![0m
initHardware(SIM): Initializing hardware components...
[0;33m[WW] ModuleManager: CHANGING UPDATE PERIOD: ![0m
initHardware(SIM): Initializing hardware components...
[0;33m[WW] ModuleManager: CHANGING UPDATE PERIOD: ![0m
initHardware(SIM): Initializing hardware components...
[0;33m[WW] ModuleManager: CHANGING UPDATE PERIOD: ![0m
initHardware(SIM): Initializing hardware components...
[0;33m[WW] ModuleManager: CHANGING UPDATE PERIOD: ![0m
initHardware(SIM): Initializing hardware components...
[0;33m[WW] ModuleManager: CHANGING UPDATE PERIOD: ![0m
initHardware(SIM): Initializing hardware components...
[0;33m[WW] ModuleManager: CHANGING UPDATE PERIOD: ![0m
initHardware(SIM): Initializing hardware components...
[0;33m[WW] ModuleManager: CHANGING UPDATE PERIOD: ![0m
initHardware(SIM): Initializing hardware components...
[0;33m[WW] ModuleManager: CHANGING UPDATE PERIOD: ![0m
initHardware(SIM): Initializing hardware components...
[0;33m[WW] ModuleManager: CHANGING UPDATE PERIOD: ![0m
initHardware(SIM): Initializing hardware components...
[0;33m[WW] ModuleManager: CHANGING UPDATE PERIOD: ![0m
initHardware(SIM): Initializing hardware components...
[0;33m[WW] ModuleManager: CHANGING UPDATE PERIOD: ![0m
initHardware(SIM): Initializing hardware components...
[0;33m[WW] ModuleManager: CHANGING UPDATE PERIOD: ![0m
initHardware(SIM): Initializing hardware components...
[0;33m[WW] ModuleManager: CHANGING UPDATE PERIOD: ![0m
initHardware(SIM): Initializing hardware components...
[0;33m[WW] ModuleManager: CHANGING UPDATE PERIOD: ![0m
initHardware(SIM): Initializing hardware components...
[0;33m[WW] ModuleManager: CHANGING UPDATE PERIOD: ![0m
initHardware(SIM): Initializing hardware components...
[0;33m[WW] ModuleManager: CHANGING UPDATE PERIOD: ![0m
initHardware(SIM): Initializing hardware components...
[0;33m[WW] ModuleManager: CHANGING UPDATE PERIOD: ![0m
initHardware(SIM): Initializing hardware components...
[0;33m[WW] ModuleManager: CHANGING UPDATE PERIOD: ![0m
initHardware(SIM): Initializing hardware components...
[0;33m[WW] ModuleManager: CHANGING UPDATE PERIOD: ![0m
initHardware(SIM): Initializing hardware components...
[0;33m[WW] ModuleManager: CHANGING UPDATE PERIOD: ![0m
initHardware(SIM): Initializing hardware components...
[0;33m[WW] ModuleManager: CHANGING UPDATE PERIOD: ![0m
initHardware(SIM): Initializing hardware components...
[0;33m[WW] ModuleManager: CHANGING UPDATE PERIOD: ![0m
initHardware(SIM): Initializing hardware components...
[0;33m[WW] ModuleManager: CHANGING UPDATE PERIOD: ![0m
initHardware(SIM): Initializing hardware components...
[0;33m[WW] ModuleManager: CHANGING UPDATE PERIOD: ![0m
initHardware(SIM): Initializing hardware components...
[0;33m[WW] ModuleManager: CHANGING UPDATE PERIOD: ![0m
initHardware(SIM): Initializing hardware components...
[0;33m[WW] ModuleManager: CHANGING UPDATE PERIOD: ![0m
initHardware(SIM): Initializing hardware components...
[0;33m[WW] ModuleManager: CHANGING UPDATE PERIOD: ![0m
initHardware(SIM): Initializing hardware components...
[0;33m[WW] ModuleManager: CHANGING UPDATE PERIOD: ![0m
initHardware(SIM): Initializing hardware components...
[0;33m[WW] ModuleManager: CHANGING UPDATE PERIOD: ![0m
initHardware(SIM): Initializing hardware components...
[0;33m[WW] ModuleManager: CHANGING UPDATE PERIOD: ![0m
initHardware(SIM): Initializing hardware components...
[0;33m[WW] ModuleManager: CHANGING UPDATE PERIOD: ![0m
initHardware(SIM): Initializing hardware components...
[0;33m[WW] ModuleManager: CHANGING UPDATE PERIOD: ![0m
initHardware(SIM): Initializing hardware components...
[0;33m[WW] ModuleManager: CHANGING UPDATE PERIOD: ![0m
initHardware(SIM): Initializing hardware components...
[0;33m[WW] ModuleManager: CHANGING UPDATE PERIOD: ![0m
initHardware(SIM): Initializing hardware components...
[0;33m[WW] ModuleManager: CHANGING UPDATE PERIOD: ![0m
initHardware(SIM): Initializing hardware components...
[0;33m[WW] ModuleManager: CHANGING UPDATE PERIOD: ![0m
initHardware(SIM): Initializing hardware components...
[0;33m[WW] ModuleManager: CHANGING UPDATE PERIOD: ![0m
initHardware(SIM): Initializing hardware components...
[0;33m[WW] ModuleManager: CHANGING UPDATE PERIOD: ![0m
initHardware(SIM): Initializing hardware components...
[0;33m[WW] ModuleManager: CHANGING UPDATE PERIOD: ![0m
initHardware(SIM): Initializing hardware components...
[0;33m[WW] ModuleManager: CHANGING UPDATE PERIOD: ![0m
initHardware(SIM): Initializing hardware components...
[0;33m[WW] ModuleManager: CHANGING UPDATE PERIOD: ![0m
initHardware(SIM): Initializing hardware components...
[0;33m[WW] ModuleManager: CHANGING UPDATE PERIOD: ![0m
initHardware(SIM): Initializing hardware components...
[0;33m[WW] ModuleManager: CHANGING UPDATE PERIOD: ![0m
initHardware(SIM): Initializing hardware components...
[0;33m[WW] ModuleManager: CHANGING UPDATE PERIOD: ![0m
initHardware(SIM): Initializing hardware components...
[0;33m[WW] ModuleManager: CHANGING UPDATE PERIOD: ![0m
initHardware(SIM): Initializing hardware components...
[0;33m[WW] ModuleManager: CHANGING UPDATE PERIOD: ![0m
initHardware(SIM): Initializing hardware components...
[0;33m[WW] ModuleManager: CHANGING UPDATE PERIOD: ![0m
initHardware(SIM): Initializing hardware components...
[0;33m[WW] ModuleManager: CHANGING UPDATE PERIOD: ![0m
initHardware(SIM): Initializing hardware components...
[0;33m[WW] ModuleManager: CHANGING UPDATE PERIOD: ![0m
initHardware(SIM): Initializing hardware components...
[0;33m[WW] ModuleManager: CHANGING UPDATE PERIOD: ![0m
initHardware(SIM): Initializing hardware components...
[0;33m[WW] ModuleManager: CHANGING UPDATE PERIOD: ![0m
initHardware(SIM): Initializing hardware components...
[0;33m[WW] ModuleManager: CHANGING UPDATE PERIOD: ![0m
initHardware(SIM): Initializing hardware components...
[0;33m[WW] ModuleManager: CHANGING UPDATE PERIOD: ![0m
initHardware(SIM): Initializing hardware components...
[0;33m[WW] ModuleManager: CHANGING UPDATE PERIOD: ![0m
initHardware(SIM): Initializing hardware components...
[0;33m[WW] ModuleManager: CHANGING UPDATE PERIOD: ![0m
initHardware(SIM): Initializing hardware components...
[0;33m[WW] ModuleManager: CHANGING UPDATE PERIOD: ![0m
initHardware(SIM): Initializing hardware components...
[0;33m[WW] ModuleManager: CHANGING UPDATE PERIOD: ![0m
initHardware(SIM): Initializing hardware components...
[0;33m[WW] ModuleManager: CHANGING UPDATE PERIOD: ![0m
initHardware(SIM): Initializing hardware components...
[0;33m[WW] ModuleManager: CHANGING UPDATE PERIOD: ![0m
initHardware(SIM): Initializing hardware components...
[0;33m[WW] ModuleManager: CHANGING UPDATE PERIOD: ![0m
initHardware(SIM): Initializing hardware components...
[0;33m[WW] ModuleManager: CHANGING UPDATE PERIOD: ![0m
initHardware(SIM): Initializing hardware components...
[0;33m[WW] ModuleManager: CHANGING UPDATE PERIOD: ![0m
initHardware(SIM): Initializing hardware components...
[0;33m[WW] ModuleManager: CHANGING UPDATE PERIOD: ![0m
initHardware(SIM): Initializing hardware components...
[0;33m[WW] ModuleManager: CHANGING UPDATE PERIOD: ![0m
initHardware(SIM): Initializing hardware components...
[0;33m[WW] ModuleManager: CHANGING UPDATE PERIOD: ![0m
initHardware(SIM): Initializing hardware components...
[0;33m[WW] ModuleManager: CHANGING UPDATE PERIOD: ![0m
initHardware(SIM): Initializing hardware components...
[0;33m[WW] ModuleManager: CHANGING UPDATE PERIOD: ![0m
initHardware(SIM): Initializing hardware components...
[0;33m[WW] ModuleManager: CHANGING UPDATE PERIOD: ![0m
initHardware(SIM): Initializing hardware components...
[0;33m[WW] ModuleManager: CHANGING UPDATE PERIOD: ![0m
initHardware(SIM): Initializing hardware components...
[0;33m[WW] ModuleManager: CHANGING UPDATE PERIOD: ![0m
initHardware(SIM): Initializing hardware components...
[0;33m[WW] ModuleManager: CHANGING UPDATE PERIOD: ![0m
initHardware(SIM): Initializing hardware components...
[0;33m[WW] ModuleManager: CHANGING UPDATE PERIOD: ![0m
initHardware(SIM): Initializing hardware components...
[0;33m[WW] ModuleManager: CHANGING UPDATE PERIOD: ![0m
initHardware(SIM): Initializing hardware components...
[0;33m[WW] ModuleManager: CHANGING UPDATE PERIOD: ![0m
initHardware(SIM): Initializing hardware components...
[0;33m[WW] ModuleManager: CHANGING UPDATE PERIOD: ![0m
initHardware(SIM): Initializing hardware components...
[0;33m[WW] ModuleManager: CHANGING UPDATE PERIOD: ![0m
initHardware(SIM): Initializing hardware components...
[0;33m[WW] ModuleManager: CHANGING UPDATE PERIOD: ![0m
initHardware(SIM): Initializing hardware components...
[0;33m[WW] ModuleManager: CHANGING UPDATE PERIOD: ![0m
initHardware(SIM): Initializing hardware components...
[0;33m[WW] ModuleManager: CHANGING UPDATE PERIOD: ![0m
initHardware(SIM): Initializing hardware components...
[0;33m[WW] ModuleManager: CHANGING UPDATE PERIOD: ![0m
initHardware(SIM): Initializing hardware components...
[0;33m[WW] ModuleManager: CHANGING UPDATE PERIOD: ![0m
initHardware(SIM): Initializing hardware components...
[0;33m[WW] ModuleManager: CHANGING UPDATE PERIOD: ![0m
initHardware(SIM): Initializing hardware components...
[0;33m[WW] ModuleManager: CHANGING UPDATE PERIOD: ![0m
initHardware(SIM): Initializing hardware components...
[0;33m[WW] ModuleManager: CHANGING UPDATE PERIOD: ![0m
/usr/local/lib/python3.10/dist-packages/stable_baselines3/common/vec_env/base_vec_env.py:78: UserWarning: The `render_mode` attribute is not defined in your environment. It will be set to None.
  warnings.warn("The `render_mode` attribute is not defined in your environment. It will be set to None.")
Using VecNormalize wrapper...
Creating new model...
Using cpu device
/usr/local/lib/python3.10/dist-packages/stable_baselines3/common/policies.py:486: UserWarning: As shared layers in the mlp_extractor are removed since SB3 v1.8.0, you should now pass directly a dictionary and not a list (net_arch=dict(pi=..., vf=...) instead of net_arch=[dict(pi=..., vf=...)])
  warnings.warn(
New model created.
INFO:root:Starting training...
INFO:root:Action std clamped to [0.05, 0.3] after every optimizer step
INFO:root:Setting target_kl: 0.01 (was 0.01)
PARITY max_torque=23.700 23.700 45.430
PARITY contact_mu=0.450
PARITY body_height=0.320
PARITY Kp_body=100.000 100.000 100.000
PARITY Kd_body=30.000 30.000 30.000
PARITY Kp_ori=100.000 100.000 100.000
PARITY Kd_ori=10.000 10.000 10.000
PARITY Kp_foot=550.000 550.000 550.000
PARITY Kd_foot=10.000 10.000 10.000
PARITY Kp_joint=5.000 5.000 5.000
PARITY Kd_joint=3.000 3.000 3.000
PARITY floating_base_weight=50.000
PARITY control_mode=5.000
[HumanoidEnv] Reset state env_id=0 z=0.329 rpy=[0.000, -0.003, 0.000]
----------------------------------------------
| rollout/                        |          |
|    action_saturation_fraction   | 0        |
|    ep_len_mean                  | 332      |
|    ep_rew_mean                  | 213      |
|    episodes_noforce             | 61       |
|    force_direction_mean         | -1       |
|    force_onset_mean             | 1.16     |
|    force_requested_impulse_mean | 0        |
|    is_fall_mean                 | 1        |
|    is_timeout_mean              | 0        |
|    recovery_noforce             | 0        |
| time/                           |          |
|    fps                          | 3181     |
|    iterations                   | 1        |
|    time_elapsed                 | 41       |
|    total_timesteps              | 131072   |
| train/                          |          |
|    action_std_00                | 0.05     |
|    action_std_01                | 0.05     |
|    action_std_02                | 0.05     |
|    action_std_03                | 0.05     |
|    action_std_04                | 0.05     |
|    action_std_05                | 0.05     |
|    action_std_06                | 0.05     |
|    action_std_07                | 0.05     |
|    action_std_08                | 0.05     |
|    action_std_09                | 0.05     |
|    action_std_10                | 0.05     |
|    action_std_11                | 0.05     |
|    action_std_12                | 0.05     |
|    action_std_13                | 0.05     |
|    action_std_14                | 0.05     |
|    action_std_15                | 0.05     |
|    action_std_16                | 0.05     |
|    action_std_17                | 0.05     |
|    action_std_18                | 0.05     |
|    action_std_19                | 0.05     |
|    action_std_20                | 0.05     |
|    action_std_21                | 0.05     |
|    action_std_22                | 0.05     |
|    action_std_23                | 0.05     |
|    action_std_24                | 0.05     |
|    std_max                      | 0.05     |
|    std_min                      | 0.05     |
----------------------------------------------
PARITY max_torque=23.700 23.700 45.430
PARITY contact_mu=0.450
PARITY body_height=0.320
PARITY Kp_body=100.000 100.000 100.000
PARITY Kd_body=30.000 30.000 30.000
PARITY Kp_ori=100.000 100.000 100.000
PARITY Kd_ori=10.000 10.000 10.000
PARITY Kp_foot=550.000 550.000 550.000
PARITY Kd_foot=10.000 10.000 10.000
PARITY Kp_joint=5.000 5.000 5.000
PARITY Kd_joint=3.000 3.000 3.000
PARITY floating_base_weight=50.000
PARITY control_mode=5.000
[HumanoidEnv] Reset state env_id=0 z=0.272 rpy=[0.001, 0.001, 0.001]
----------------------------------------------------
| rollout/                          |              |
|    action_saturation_fraction     | 0            |
|    ep_len_mean                    | 1e+03        |
|    ep_rew_mean                    | 666          |
|    episodes_noforce               | 215          |
|    force_direction_mean           | -1           |
|    force_onset_mean               | 1.39         |
|    force_requested_impulse_mean   | 0            |
|    is_fall_mean                   | 0.442        |
|    is_timeout_mean                | 0.558        |
|    recovery_noforce               | 0.558        |
|    timeout_without_onset_fraction | 0            |
|    timeouts                       | 120          |
| time/                             |              |
|    fps                            | 2596         |
|    iterations                     | 2            |
|    time_elapsed                   | 100          |
|    total_timesteps                | 262144       |
| train/                            |              |
|    action_std_00                  | 0.05         |
|    action_std_01                  | 0.05         |
|    action_std_02                  | 0.05         |
|    action_std_03                  | 0.05         |
|    action_std_04                  | 0.05         |
|    action_std_05                  | 0.05         |
|    action_std_06                  | 0.05         |
|    action_std_07                  | 0.05         |
|    action_std_08                  | 0.05         |
|    action_std_09                  | 0.05         |
|    action_std_10                  | 0.05         |
|    action_std_11                  | 0.05         |
|    action_std_12                  | 0.05         |
|    action_std_13                  | 0.05         |
|    action_std_14                  | 0.05         |
|    action_std_15                  | 0.05         |
|    action_std_16                  | 0.05         |
|    action_std_17                  | 0.05         |
|    action_std_18                  | 0.05         |
|    action_std_19                  | 0.05         |
|    action_std_20                  | 0.05         |
|    action_std_21                  | 0.05         |
|    action_std_22                  | 0.05         |
|    action_std_23                  | 0.05         |
|    action_std_24                  | 0.05         |
|    approx_kl                      | 0.0012560658 |
|    clip_fraction                  | 0.0282       |
|    clip_range                     | 0.1          |
|    clip_range_vf                  | 0.2          |
|    entropy_loss                   | 39.4         |
|    explained_variance             | -0.151       |
|    learning_rate                  | 1e-06        |
|    loss                           | 3.89         |
|    n_updates                      | 10           |
|    policy_gradient_loss           | -0.00206     |
|    std                            | 0.05         |
|    std_max                        | 0.05         |
|    std_min                        | 0.05         |
|    value_loss                     | 3.05         |
----------------------------------------------------
[HumanoidEnv] unhealthy terminate at step=469 z=0.199776 rpy=[2.25531, 0.427644, 0.448072] v_body=[-0.733586, 1.1676, -0.953318]
PARITY max_torque=23.700 23.700 45.430
PARITY contact_mu=0.450
PARITY body_height=0.320
PARITY Kp_body=100.000 100.000 100.000
PARITY Kd_body=30.000 30.000 30.000
PARITY Kp_ori=100.000 100.000 100.000
PARITY Kd_ori=10.000 10.000 10.000
PARITY Kp_foot=550.000 550.000 550.000
PARITY Kd_foot=10.000 10.000 10.000
PARITY Kp_joint=5.000 5.000 5.000
PARITY Kd_joint=3.000 3.000 3.000
PARITY floating_base_weight=50.000
PARITY control_mode=5.000
[HumanoidEnv] Reset state env_id=0 z=0.303 rpy=[-0.002, -0.003, 0.000]
----------------------------------------------------
| rollout/                          |              |
|    action_saturation_fraction     | 0            |
|    ep_len_mean                    | 677          |
|    ep_rew_mean                    | 441          |
|    episodes_noforce               | 115          |
|    force_direction_mean           | -1           |
|    force_onset_mean               | 1.35         |
|    force_requested_impulse_mean   | 0            |
|    is_fall_mean                   | 0.687        |
|    is_timeout_mean                | 0.313        |
|    recovery_noforce               | 0.313        |
|    timeout_without_onset_fraction | 0            |
|    timeouts                       | 36           |
| time/                             |              |
|    fps                            | 2452         |
|    iterations                     | 3            |
|    time_elapsed                   | 160          |
|    total_timesteps                | 393216       |
| train/                            |              |
|    action_std_00                  | 0.05         |
|    action_std_01                  | 0.05         |
|    action_std_02                  | 0.05         |
|    action_std_03                  | 0.05         |
|    action_std_04                  | 0.05         |
|    action_std_05                  | 0.05         |
|    action_std_06                  | 0.05         |
|    action_std_07                  | 0.05         |
|    action_std_08                  | 0.05         |
|    action_std_09                  | 0.05         |
|    action_std_10                  | 0.05         |
|    action_std_11                  | 0.05         |
|    action_std_12                  | 0.05         |
|    action_std_13                  | 0.05         |
|    action_std_14                  | 0.05         |
|    action_std_15                  | 0.05         |
|    action_std_16                  | 0.05         |
|    action_std_17                  | 0.05         |
|    action_std_18                  | 0.05         |
|    action_std_19                  | 0.05         |
|    action_std_20                  | 0.05         |
|    action_std_21                  | 0.05         |
|    action_std_22                  | 0.05         |
|    action_std_23                  | 0.05         |
|    action_std_24                  | 0.05         |
|    approx_kl                      | 0.0012199683 |
|    clip_fraction                  | 0.0269       |
|    clip_range                     | 0.1          |
|    clip_range_vf                  | 0.2          |
|    entropy_loss                   | 39.4         |
|    explained_variance             | -0.479       |
|    learning_rate                  | 1e-06        |
|    loss                           | 1.75         |
|    n_updates                      | 20           |
|    policy_gradient_loss           | -0.00242     |
|    std                            | 0.05         |
|    std_max                        | 0.05         |
|    std_min                        | 0.05         |
|    value_loss                     | 1.49         |
----------------------------------------------------
----------------------------------------------------
| rollout/                          |              |
|    action_saturation_fraction     | 0            |
|    ep_len_mean                    | 914          |
|    ep_rew_mean                    | 605          |
|    episodes_noforce               | 187          |
|    force_direction_mean           | -1           |
|    force_onset_mean               | 1.4          |
|    force_requested_impulse_mean   | 0            |
|    is_fall_mean                   | 0.422        |
|    is_timeout_mean                | 0.578        |
|    recovery_noforce               | 0.578        |
|    timeout_without_onset_fraction | 0            |
|    timeouts                       | 108          |
| time/                             |              |
|    fps                            | 2373         |
|    iterations                     | 4            |
|    time_elapsed                   | 220          |
|    total_timesteps                | 524288       |
| train/                            |              |
|    action_std_00                  | 0.05         |
|    action_std_01                  | 0.05         |
|    action_std_02                  | 0.0501       |
|    action_std_03                  | 0.05         |
|    action_std_04                  | 0.0501       |
|    action_std_05                  | 0.05         |
|    action_std_06                  | 0.05         |
|    action_std_07                  | 0.05         |
|    action_std_08                  | 0.05         |
|    action_std_09                  | 0.05         |
|    action_std_10                  | 0.05         |
|    action_std_11                  | 0.05         |
|    action_std_12                  | 0.05         |
|    action_std_13                  | 0.05         |
|    action_std_14                  | 0.05         |
|    action_std_15                  | 0.05         |
|    action_std_16                  | 0.05         |
|    action_std_17                  | 0.05         |
|    action_std_18                  | 0.05         |
|    action_std_19                  | 0.05         |
|    action_std_20                  | 0.05         |
|    action_std_21                  | 0.05         |
|    action_std_22                  | 0.05         |
|    action_std_23                  | 0.05         |
|    action_std_24                  | 0.05         |
|    approx_kl                      | 0.0012331381 |
|    clip_fraction                  | 0.0287       |
|    clip_range                     | 0.1          |
|    clip_range_vf                  | 0.2          |
|    entropy_loss                   | 39.4         |
|    explained_variance             | -0.286       |
|    learning_rate                  | 1e-06        |
|    loss                           | 1.9          |
|    n_updates                      | 30           |
|    policy_gradient_loss           | -0.00232     |
|    std                            | 0.05         |
|    std_max                        | 0.0501       |
|    std_min                        | 0.05         |
|    value_loss                     | 1.61         |
----------------------------------------------------
PARITY max_torque=23.700 23.700 45.430
PARITY contact_mu=0.450
PARITY body_height=0.320
PARITY Kp_body=100.000 100.000 100.000
PARITY Kd_body=30.000 30.000 30.000
PARITY Kp_ori=100.000 100.000 100.000
PARITY Kd_ori=10.000 10.000 10.000
PARITY Kp_foot=550.000 550.000 550.000
PARITY Kd_foot=10.000 10.000 10.000
PARITY Kp_joint=5.000 5.000 5.000
PARITY Kd_joint=3.000 3.000 3.000
PARITY floating_base_weight=50.000
PARITY control_mode=5.000
[HumanoidEnv] Reset state env_id=0 z=0.316 rpy=[-0.001, -0.002, 0.000]
----------------------------------------------------
| rollout/                          |              |
|    action_saturation_fraction     | 0            |
|    ep_len_mean                    | 742          |
|    ep_rew_mean                    | 480          |
|    episodes_noforce               | 148          |
|    force_direction_mean           | -1           |
|    force_onset_mean               | 1.39         |
|    force_requested_impulse_mean   | 0            |
|    is_fall_mean                   | 0.561        |
|    is_timeout_mean                | 0.439        |
|    recovery_noforce               | 0.439        |
|    timeout_without_onset_fraction | 0            |
|    timeouts                       | 65           |
| time/                             |              |
|    fps                            | 2328         |
|    iterations                     | 5            |
|    time_elapsed                   | 281          |
|    total_timesteps                | 655360       |
| train/                            |              |
|    action_std_00                  | 0.0501       |
|    action_std_01                  | 0.0501       |
|    action_std_02                  | 0.0501       |
|    action_std_03                  | 0.0501       |
|    action_std_04                  | 0.0501       |
|    action_std_05                  | 0.0501       |
|    action_std_06                  | 0.05         |
|    action_std_07                  | 0.05         |
|    action_std_08                  | 0.0501       |
|    action_std_09                  | 0.0501       |
|    action_std_10                  | 0.0501       |
|    action_std_11                  | 0.0501       |
|    action_std_12                  | 0.05         |
|    action_std_13                  | 0.05         |
|    action_std_14                  | 0.05         |
|    action_std_15                  | 0.0501       |
|    action_std_16                  | 0.0501       |
|    action_std_17                  | 0.05         |
|    action_std_18                  | 0.05         |
|    action_std_19                  | 0.0501       |
|    action_std_20                  | 0.05         |
|    action_std_21                  | 0.0501       |
|    action_std_22                  | 0.05         |
|    action_std_23                  | 0.0501       |
|    action_std_24                  | 0.05         |
|    approx_kl                      | 0.0012790749 |
|    clip_fraction                  | 0.0321       |
|    clip_range                     | 0.1          |
|    clip_range_vf                  | 0.2          |
|    entropy_loss                   | 39.4         |
|    explained_variance             | 0.000627     |
|    learning_rate                  | 1e-06        |
|    loss                           | 1.93         |
|    n_updates                      | 40           |
|    policy_gradient_loss           | -0.00237     |
|    std                            | 0.0501       |
|    std_max                        | 0.0501       |
|    std_min                        | 0.05         |
|    value_loss                     | 1.63         |
----------------------------------------------------
[HumanoidEnv] unhealthy terminate at step=229 z=0.195883 rpy=[-2.31612, 0.331241, -0.896307] v_body=[-1.27227, -1.18891, -0.526976]
PARITY max_torque=23.700 23.700 45.430
PARITY contact_mu=0.450
PARITY body_height=0.320
PARITY Kp_body=100.000 100.000 100.000
PARITY Kd_body=30.000 30.000 30.000
PARITY Kp_ori=100.000 100.000 100.000
PARITY Kd_ori=10.000 10.000 10.000
PARITY Kp_foot=550.000 550.000 550.000
PARITY Kd_foot=10.000 10.000 10.000
PARITY Kp_joint=5.000 5.000 5.000
PARITY Kd_joint=3.000 3.000 3.000
PARITY floating_base_weight=50.000
PARITY control_mode=5.000
[HumanoidEnv] Reset state env_id=0 z=0.315 rpy=[0.001, -0.003, 0.000]
----------------------------------------------------
| rollout/                          |              |
|    action_saturation_fraction     | 0            |
|    ep_len_mean                    | 808          |
|    ep_rew_mean                    | 528          |
|    episodes_noforce               | 169          |
|    force_direction_mean           | -1           |
|    force_onset_mean               | 1.38         |
|    force_requested_impulse_mean   | 0            |
|    is_fall_mean                   | 0.533        |
|    is_timeout_mean                | 0.467        |
|    recovery_noforce               | 0.467        |
|    timeout_without_onset_fraction | 0            |
|    timeouts                       | 79           |
| time/                             |              |
|    fps                            | 2299         |
|    iterations                     | 6            |
|    time_elapsed                   | 342          |
|    total_timesteps                | 786432       |
| train/                            |              |
|    action_std_00                  | 0.0501       |
|    action_std_01                  | 0.0501       |
|    action_std_02                  | 0.0501       |
|    action_std_03                  | 0.0501       |
|    action_std_04                  | 0.0501       |
|    action_std_05                  | 0.0501       |
|    action_std_06                  | 0.0501       |
|    action_std_07                  | 0.0501       |
|    action_std_08                  | 0.0501       |
|    action_std_09                  | 0.0501       |
|    action_std_10                  | 0.0501       |
|    action_std_11                  | 0.0501       |
|    action_std_12                  | 0.05         |
|    action_std_13                  | 0.0501       |
|    action_std_14                  | 0.0501       |
|    action_std_15                  | 0.0501       |
|    action_std_16                  | 0.0501       |
|    action_std_17                  | 0.0501       |
|    action_std_18                  | 0.0501       |
|    action_std_19                  | 0.0501       |
|    action_std_20                  | 0.0501       |
|    action_std_21                  | 0.0501       |
|    action_std_22                  | 0.0501       |
|    action_std_23                  | 0.0501       |
|    action_std_24                  | 0.0501       |
|    approx_kl                      | 0.0012122719 |
|    clip_fraction                  | 0.0263       |
|    clip_range                     | 0.1          |
|    clip_range_vf                  | 0.2          |
|    entropy_loss                   | 39.4         |
|    explained_variance             | 0.269        |
|    learning_rate                  | 1e-06        |
|    loss                           | 1.97         |
|    n_updates                      | 50           |
|    policy_gradient_loss           | -0.00228     |
|    std                            | 0.0501       |
|    std_max                        | 0.0501       |
|    std_min                        | 0.05         |
|    value_loss                     | 1.66         |
----------------------------------------------------
----------------------------------------------------
| rollout/                          |              |
|    action_saturation_fraction     | 0            |
|    ep_len_mean                    | 748          |
|    ep_rew_mean                    | 489          |
|    episodes_noforce               | 169          |
|    force_direction_mean           | -1           |
|    force_onset_mean               | 1.39         |
|    force_requested_impulse_mean   | 0            |
|    is_fall_mean                   | 0.556        |
|    is_timeout_mean                | 0.444        |
|    recovery_noforce               | 0.444        |
|    timeout_without_onset_fraction | 0            |
|    timeouts                       | 75           |
| time/                             |              |
|    fps                            | 2276         |
|    iterations                     | 7            |
|    time_elapsed                   | 402          |
|    total_timesteps                | 917504       |
| train/                            |              |
|    action_std_00                  | 0.0501       |
|    action_std_01                  | 0.0501       |
|    action_std_02                  | 0.0501       |
|    action_std_03                  | 0.0501       |
|    action_std_04                  | 0.0501       |
|    action_std_05                  | 0.0501       |
|    action_std_06                  | 0.0501       |
|    action_std_07                  | 0.0501       |
|    action_std_08                  | 0.0501       |
|    action_std_09                  | 0.0501       |
|    action_std_10                  | 0.0501       |
|    action_std_11                  | 0.0501       |
|    action_std_12                  | 0.05         |
|    action_std_13                  | 0.0501       |
|    action_std_14                  | 0.0501       |
|    action_std_15                  | 0.0501       |
|    action_std_16                  | 0.0501       |
|    action_std_17                  | 0.0501       |
|    action_std_18                  | 0.0501       |
|    action_std_19                  | 0.0501       |
|    action_std_20                  | 0.0501       |
|    action_std_21                  | 0.0501       |
|    action_std_22                  | 0.0501       |
|    action_std_23                  | 0.0501       |
|    action_std_24                  | 0.0501       |
|    approx_kl                      | 0.0012999746 |
|    clip_fraction                  | 0.0332       |
|    clip_range                     | 0.1          |
|    clip_range_vf                  | 0.2          |
|    entropy_loss                   | 39.4         |
|    explained_variance             | 0.404        |
|    learning_rate                  | 1e-06        |
|    loss                           | 1.89         |
|    n_updates                      | 60           |
|    policy_gradient_loss           | -0.00254     |
|    std                            | 0.0501       |
|    std_max                        | 0.0501       |
|    std_min                        | 0.05         |
|    value_loss                     | 1.62         |
----------------------------------------------------
PARITY max_torque=23.700 23.700 45.430
PARITY contact_mu=0.450
PARITY body_height=0.320
PARITY Kp_body=100.000 100.000 100.000
PARITY Kd_body=30.000 30.000 30.000
PARITY Kp_ori=100.000 100.000 100.000
PARITY Kd_ori=10.000 10.000 10.000
PARITY Kp_foot=550.000 550.000 550.000
PARITY Kd_foot=10.000 10.000 10.000
PARITY Kp_joint=5.000 5.000 5.000
PARITY Kd_joint=3.000 3.000 3.000
PARITY floating_base_weight=50.000
PARITY control_mode=5.000
[HumanoidEnv] Reset state env_id=0 z=0.318 rpy=[-0.003, -0.002, 0.000]
----------------------------------------------------
| rollout/                          |              |
|    action_saturation_fraction     | 0            |
|    ep_len_mean                    | 813          |
|    ep_rew_mean                    | 530          |
|    episodes_noforce               | 165          |
|    force_direction_mean           | -1           |
|    force_onset_mean               | 1.41         |
|    force_requested_impulse_mean   | 0            |
|    is_fall_mean                   | 0.527        |
|    is_timeout_mean                | 0.473        |
|    recovery_noforce               | 0.473        |
|    timeout_without_onset_fraction | 0            |
|    timeouts                       | 78           |
| time/                             |              |
|    fps                            | 2261         |
|    iterations                     | 8            |
|    time_elapsed                   | 463          |
|    total_timesteps                | 1048576      |
| train/                            |              |
|    action_std_00                  | 0.0501       |
|    action_std_01                  | 0.0501       |
|    action_std_02                  | 0.0501       |
|    action_std_03                  | 0.0501       |
|    action_std_04                  | 0.0501       |
|    action_std_05                  | 0.0501       |
|    action_std_06                  | 0.0501       |
|    action_std_07                  | 0.0501       |
|    action_std_08                  | 0.0501       |
|    action_std_09                  | 0.0501       |
|    action_std_10                  | 0.0501       |
|    action_std_11                  | 0.0501       |
|    action_std_12                  | 0.0501       |
|    action_std_13                  | 0.0501       |
|    action_std_14                  | 0.0501       |
|    action_std_15                  | 0.0501       |
|    action_std_16                  | 0.0501       |
|    action_std_17                  | 0.0501       |
|    action_std_18                  | 0.0501       |
|    action_std_19                  | 0.0501       |
|    action_std_20                  | 0.0501       |
|    action_std_21                  | 0.0501       |
|    action_std_22                  | 0.0501       |
|    action_std_23                  | 0.0501       |
|    action_std_24                  | 0.0501       |
|    approx_kl                      | 0.0012838097 |
|    clip_fraction                  | 0.0325       |
|    clip_range                     | 0.1          |
|    clip_range_vf                  | 0.2          |
|    entropy_loss                   | 39.4         |
|    explained_variance             | 0.444        |
|    learning_rate                  | 1e-06        |
|    loss                           | 1.93         |
|    n_updates                      | 70           |
|    policy_gradient_loss           | -0.0024      |
|    std                            | 0.0501       |
|    std_max                        | 0.0501       |
|    std_min                        | 0.0501       |
|    value_loss                     | 1.63         |
----------------------------------------------------
----------------------------------------------------
| rollout/                          |              |
|    action_saturation_fraction     | 0            |
|    ep_len_mean                    | 770          |
|    ep_rew_mean                    | 505          |
|    episodes_noforce               | 171          |
|    force_direction_mean           | -1           |
|    force_onset_mean               | 1.38         |
|    force_requested_impulse_mean   | 0            |
|    is_fall_mean                   | 0.538        |
|    is_timeout_mean                | 0.462        |
|    recovery_noforce               | 0.462        |
|    timeout_without_onset_fraction | 0            |
|    timeouts                       | 79           |
| time/                             |              |
|    fps                            | 2248         |
|    iterations                     | 9            |
|    time_elapsed                   | 524          |
|    total_timesteps                | 1179648      |
| train/                            |              |
|    action_std_00                  | 0.0501       |
|    action_std_01                  | 0.0501       |
|    action_std_02                  | 0.0501       |
|    action_std_03                  | 0.0501       |
|    action_std_04                  | 0.0501       |
|    action_std_05                  | 0.0501       |
|    action_std_06                  | 0.0501       |
|    action_std_07                  | 0.0501       |
|    action_std_08                  | 0.0501       |
|    action_std_09                  | 0.0501       |
|    action_std_10                  | 0.0501       |
|    action_std_11                  | 0.0501       |
|    action_std_12                  | 0.0501       |
|    action_std_13                  | 0.0501       |
|    action_std_14                  | 0.0501       |
|    action_std_15                  | 0.0501       |
|    action_std_16                  | 0.0501       |
|    action_std_17                  | 0.0501       |
|    action_std_18                  | 0.0501       |
|    action_std_19                  | 0.0501       |
|    action_std_20                  | 0.0501       |
|    action_std_21                  | 0.0501       |
|    action_std_22                  | 0.0501       |
|    action_std_23                  | 0.0501       |
|    action_std_24                  | 0.0501       |
|    approx_kl                      | 0.0011620296 |
|    clip_fraction                  | 0.0252       |
|    clip_range                     | 0.1          |
|    clip_range_vf                  | 0.2          |
|    entropy_loss                   | 39.4         |
|    explained_variance             | 0.527        |
|    learning_rate                  | 1e-06        |
|    loss                           | 1.92         |
|    n_updates                      | 80           |
|    policy_gradient_loss           | -0.00213     |
|    std                            | 0.0501       |
|    std_max                        | 0.0501       |
|    std_min                        | 0.0501       |
|    value_loss                     | 1.63         |
----------------------------------------------------
PARITY max_torque=23.700 23.700 45.430
PARITY contact_mu=0.450
PARITY body_height=0.320
PARITY Kp_body=100.000 100.000 100.000
PARITY Kd_body=30.000 30.000 30.000
PARITY Kp_ori=100.000 100.000 100.000
PARITY Kd_ori=10.000 10.000 10.000
PARITY Kp_foot=550.000 550.000 550.000
PARITY Kd_foot=10.000 10.000 10.000
PARITY Kp_joint=5.000 5.000 5.000
PARITY Kd_joint=3.000 3.000 3.000
PARITY floating_base_weight=50.000
PARITY control_mode=5.000
[HumanoidEnv] Reset state env_id=0 z=0.315 rpy=[0.002, -0.003, -0.000]
----------------------------------------------------
| rollout/                          |              |
|    action_saturation_fraction     | 0            |
|    ep_len_mean                    | 808          |
|    ep_rew_mean                    | 527          |
|    episodes_noforce               | 167          |
|    force_direction_mean           | -1           |
|    force_onset_mean               | 1.36         |
|    force_requested_impulse_mean   | 0            |
|    is_fall_mean                   | 0.473        |
|    is_timeout_mean                | 0.527        |
|    recovery_noforce               | 0.527        |
|    timeout_without_onset_fraction | 0            |
|    timeouts                       | 88           |
| time/                             |              |
|    fps                            | 2238         |
|    iterations                     | 10           |
|    time_elapsed                   | 585          |
|    total_timesteps                | 1310720      |
| train/                            |              |
|    action_std_00                  | 0.0501       |
|    action_std_01                  | 0.0501       |
|    action_std_02                  | 0.0501       |
|    action_std_03                  | 0.0501       |
|    action_std_04                  | 0.0501       |
|    action_std_05                  | 0.0501       |
|    action_std_06                  | 0.0501       |
|    action_std_07                  | 0.0501       |
|    action_std_08                  | 0.0501       |
|    action_std_09                  | 0.0501       |
|    action_std_10                  | 0.0501       |
|    action_std_11                  | 0.0501       |
|    action_std_12                  | 0.0501       |
|    action_std_13                  | 0.0501       |
|    action_std_14                  | 0.0501       |
|    action_std_15                  | 0.0501       |
|    action_std_16                  | 0.0501       |
|    action_std_17                  | 0.0501       |
|    action_std_18                  | 0.0501       |
|    action_std_19                  | 0.0501       |
|    action_std_20                  | 0.0501       |
|    action_std_21                  | 0.0501       |
|    action_std_22                  | 0.0501       |
|    action_std_23                  | 0.0501       |
|    action_std_24                  | 0.0501       |
|    approx_kl                      | 0.0011991855 |
|    clip_fraction                  | 0.027        |
|    clip_range                     | 0.1          |
|    clip_range_vf                  | 0.2          |
|    entropy_loss                   | 39.4         |
|    explained_variance             | 0.561        |
|    learning_rate                  | 1e-06        |
|    loss                           | 1.89         |
|    n_updates                      | 90           |
|    policy_gradient_loss           | -0.00219     |
|    std                            | 0.0501       |
|    std_max                        | 0.0501       |
|    std_min                        | 0.0501       |
|    value_loss                     | 1.62         |
----------------------------------------------------
[HumanoidEnv] unhealthy terminate at step=677 z=0.196929 rpy=[-2.61742, 0.330777, -1.02468] v_body=[-1.07793, -0.599801, 0.232542]
PARITY max_torque=23.700 23.700 45.430
PARITY contact_mu=0.450
PARITY body_height=0.320
PARITY Kp_body=100.000 100.000 100.000
PARITY Kd_body=30.000 30.000 30.000
PARITY Kp_ori=100.000 100.000 100.000
PARITY Kd_ori=10.000 10.000 10.000
PARITY Kp_foot=550.000 550.000 550.000
PARITY Kd_foot=10.000 10.000 10.000
PARITY Kp_joint=5.000 5.000 5.000
PARITY Kd_joint=3.000 3.000 3.000
PARITY floating_base_weight=50.000
PARITY control_mode=5.000
[HumanoidEnv] Reset state env_id=0 z=0.313 rpy=[-0.001, -0.002, 0.000]
----------------------------------------------------
| rollout/                          |              |
|    action_saturation_fraction     | 0            |
|    ep_len_mean                    | 795          |
|    ep_rew_mean                    | 516          |
|    episodes_noforce               | 167          |
|    force_direction_mean           | -1           |
|    force_onset_mean               | 1.39         |
|    force_requested_impulse_mean   | 0            |
|    is_fall_mean                   | 0.509        |
|    is_timeout_mean                | 0.491        |
|    recovery_noforce               | 0.491        |
|    timeout_without_onset_fraction | 0            |
|    timeouts                       | 82           |
| time/                             |              |
|    fps                            | 2230         |
|    iterations                     | 11           |
|    time_elapsed                   | 646          |
|    total_timesteps                | 1441792      |
| train/                            |              |
|    action_std_00                  | 0.0501       |
|    action_std_01                  | 0.0501       |
|    action_std_02                  | 0.0502       |
|    action_std_03                  | 0.0501       |
|    action_std_04                  | 0.0501       |
|    action_std_05                  | 0.0502       |
|    action_std_06                  | 0.0501       |
|    action_std_07                  | 0.0501       |
|    action_std_08                  | 0.0501       |
|    action_std_09                  | 0.0501       |
|    action_std_10                  | 0.0501       |
|    action_std_11                  | 0.0501       |
|    action_std_12                  | 0.0501       |
|    action_std_13                  | 0.0501       |
|    action_std_14                  | 0.0501       |
|    action_std_15                  | 0.0501       |
|    action_std_16                  | 0.0501       |
|    action_std_17                  | 0.0502       |
|    action_std_18                  | 0.0501       |
|    action_std_19                  | 0.0501       |
|    action_std_20                  | 0.0501       |
|    action_std_21                  | 0.0501       |
|    action_std_22                  | 0.0501       |
|    action_std_23                  | 0.0501       |
|    action_std_24                  | 0.0501       |
|    approx_kl                      | 0.0011995267 |
|    clip_fraction                  | 0.0267       |
|    clip_range                     | 0.1          |
|    clip_range_vf                  | 0.2          |
|    entropy_loss                   | 39.4         |
|    explained_variance             | 0.602        |
|    learning_rate                  | 1e-06        |
|    loss                           | 1.89         |
|    n_updates                      | 100          |
|    policy_gradient_loss           | -0.00219     |
|    std                            | 0.0501       |
|    std_max                        | 0.0502       |
|    std_min                        | 0.0501       |
|    value_loss                     | 1.59         |
----------------------------------------------------
[HumanoidEnv] unhealthy terminate at step=478 z=0.193165 rpy=[1.01419, -0.229634, 0.461577] v_body=[0.0967224, 0.475464, -2.00908]
PARITY max_torque=23.700 23.700 45.430
PARITY contact_mu=0.450
PARITY body_height=0.320
PARITY Kp_body=100.000 100.000 100.000
PARITY Kd_body=30.000 30.000 30.000
PARITY Kp_ori=100.000 100.000 100.000
PARITY Kd_ori=10.000 10.000 10.000
PARITY Kp_foot=550.000 550.000 550.000
PARITY Kd_foot=10.000 10.000 10.000
PARITY Kp_joint=5.000 5.000 5.000
PARITY Kd_joint=3.000 3.000 3.000
PARITY floating_base_weight=50.000
PARITY control_mode=5.000
[HumanoidEnv] Reset state env_id=0 z=0.318 rpy=[0.001, -0.001, 0.000]
----------------------------------------------------
| rollout/                          |              |
|    action_saturation_fraction     | 0            |
|    ep_len_mean                    | 782          |
|    ep_rew_mean                    | 507          |
|    episodes_noforce               | 168          |
|    force_direction_mean           | -1           |
|    force_onset_mean               | 1.4          |
|    force_requested_impulse_mean   | 0            |
|    is_fall_mean                   | 0.571        |
|    is_timeout_mean                | 0.429        |
|    recovery_noforce               | 0.429        |
|    timeout_without_onset_fraction | 0            |
|    timeouts                       | 72           |
| time/                             |              |
|    fps                            | 2222         |
|    iterations                     | 12           |
|    time_elapsed                   | 707          |
|    total_timesteps                | 1572864      |
| train/                            |              |
|    action_std_00                  | 0.0502       |
|    action_std_01                  | 0.0501       |
|    action_std_02                  | 0.0502       |
|    action_std_03                  | 0.0501       |
|    action_std_04                  | 0.0502       |
|    action_std_05                  | 0.0502       |
|    action_std_06                  | 0.0501       |
|    action_std_07                  | 0.0501       |
|    action_std_08                  | 0.0501       |
|    action_std_09                  | 0.0502       |
|    action_std_10                  | 0.0501       |
|    action_std_11                  | 0.0501       |
|    action_std_12                  | 0.0501       |
|    action_std_13                  | 0.0501       |
|    action_std_14                  | 0.0502       |
|    action_std_15                  | 0.0501       |
|    action_std_16                  | 0.0502       |
|    action_std_17                  | 0.0502       |
|    action_std_18                  | 0.0501       |
|    action_std_19                  | 0.0502       |
|    action_std_20                  | 0.0502       |
|    action_std_21                  | 0.0502       |
|    action_std_22                  | 0.0502       |
|    action_std_23                  | 0.0502       |
|    action_std_24                  | 0.0501       |
|    approx_kl                      | 0.0012370632 |
|    clip_fraction                  | 0.0289       |
|    clip_range                     | 0.1          |
|    clip_range_vf                  | 0.2          |
|    entropy_loss                   | 39.4         |
|    explained_variance             | 0.629        |
|    learning_rate                  | 1e-06        |
|    loss                           | 1.82         |
|    n_updates                      | 110          |
|    policy_gradient_loss           | -0.00229     |
|    std                            | 0.0501       |
|    std_max                        | 0.0502       |
|    std_min                        | 0.0501       |
|    value_loss                     | 1.58         |
----------------------------------------------------
[HumanoidEnv] unhealthy terminate at step=591 z=0.186604 rpy=[0.674497, -0.0155359, 0.132159] v_body=[-0.31479, 1.8279, -0.954156]
PARITY max_torque=23.700 23.700 45.430
PARITY contact_mu=0.450
PARITY body_height=0.320
PARITY Kp_body=100.000 100.000 100.000
PARITY Kd_body=30.000 30.000 30.000
PARITY Kp_ori=100.000 100.000 100.000
PARITY Kd_ori=10.000 10.000 10.000
PARITY Kp_foot=550.000 550.000 550.000
PARITY Kd_foot=10.000 10.000 10.000
PARITY Kp_joint=5.000 5.000 5.000
PARITY Kd_joint=3.000 3.000 3.000
PARITY floating_base_weight=50.000
PARITY control_mode=5.000
[HumanoidEnv] Reset state env_id=0 z=0.271 rpy=[0.001, -0.001, 0.001]
----------------------------------------------------
| rollout/                          |              |
|    action_saturation_fraction     | 0            |
|    ep_len_mean                    | 841          |
|    ep_rew_mean                    | 553          |
|    episodes_noforce               | 159          |
|    force_direction_mean           | -1           |
|    force_onset_mean               | 1.41         |
|    force_requested_impulse_mean   | 0            |
|    is_fall_mean                   | 0.434        |
|    is_timeout_mean                | 0.566        |
|    recovery_noforce               | 0.566        |
|    timeout_without_onset_fraction | 0            |
|    timeouts                       | 90           |
| time/                             |              |
|    fps                            | 2216         |
|    iterations                     | 13           |
|    time_elapsed                   | 768          |
|    total_timesteps                | 1703936      |
| train/                            |              |
|    action_std_00                  | 0.0502       |
|    action_std_01                  | 0.0502       |
|    action_std_02                  | 0.0502       |
|    action_std_03                  | 0.0501       |
|    action_std_04                  | 0.0502       |
|    action_std_05                  | 0.0502       |
|    action_std_06                  | 0.0501       |
|    action_std_07                  | 0.0501       |
|    action_std_08                  | 0.0502       |
|    action_std_09                  | 0.0502       |
|    action_std_10                  | 0.0501       |
|    action_std_11                  | 0.0502       |
|    action_std_12                  | 0.0501       |
|    action_std_13                  | 0.0501       |
|    action_std_14                  | 0.0502       |
|    action_std_15                  | 0.0502       |
|    action_std_16                  | 0.0502       |
|    action_std_17                  | 0.0502       |
|    action_std_18                  | 0.0501       |
|    action_std_19                  | 0.0502       |
|    action_std_20                  | 0.0502       |
|    action_std_21                  | 0.0502       |
|    action_std_22                  | 0.0502       |
|    action_std_23                  | 0.0502       |
|    action_std_24                  | 0.0501       |
|    approx_kl                      | 0.0012345978 |
|    clip_fraction                  | 0.0296       |
|    clip_range                     | 0.1          |
|    clip_range_vf                  | 0.2          |
|    entropy_loss                   | 39.3         |
|    explained_variance             | 0.647        |
|    learning_rate                  | 1e-06        |
|    loss                           | 1.87         |
|    n_updates                      | 120          |
|    policy_gradient_loss           | -0.00231     |
|    std                            | 0.0502       |
|    std_max                        | 0.0502       |
|    std_min                        | 0.0501       |
|    value_loss                     | 1.57         |
----------------------------------------------------
[HumanoidEnv] unhealthy terminate at step=375 z=0.198398 rpy=[-1.714, 0.269884, -1.10032] v_body=[-0.107322, -1.03057, -0.856515]
PARITY max_torque=23.700 23.700 45.430
PARITY contact_mu=0.450
PARITY body_height=0.320
PARITY Kp_body=100.000 100.000 100.000
PARITY Kd_body=30.000 30.000 30.000
PARITY Kp_ori=100.000 100.000 100.000
PARITY Kd_ori=10.000 10.000 10.000
PARITY Kp_foot=550.000 550.000 550.000
PARITY Kd_foot=10.000 10.000 10.000
PARITY Kp_joint=5.000 5.000 5.000
PARITY Kd_joint=3.000 3.000 3.000
PARITY floating_base_weight=50.000
PARITY control_mode=5.000
[HumanoidEnv] Reset state env_id=0 z=0.321 rpy=[-0.000, -0.003, 0.000]
----------------------------------------------------
| rollout/                          |              |
|    action_saturation_fraction     | 0            |
|    ep_len_mean                    | 786          |
|    ep_rew_mean                    | 514          |
|    episodes_noforce               | 183          |
|    force_direction_mean           | -1           |
|    force_onset_mean               | 1.4          |
|    force_requested_impulse_mean   | 0            |
|    is_fall_mean                   | 0.519        |
|    is_timeout_mean                | 0.481        |
|    recovery_noforce               | 0.481        |
|    timeout_without_onset_fraction | 0            |
|    timeouts                       | 88           |
| time/                             |              |
|    fps                            | 2212         |
|    iterations                     | 14           |
|    time_elapsed                   | 829          |
|    total_timesteps                | 1835008      |
| train/                            |              |
|    action_std_00                  | 0.0502       |
|    action_std_01                  | 0.0502       |
|    action_std_02                  | 0.0502       |
|    action_std_03                  | 0.0501       |
|    action_std_04                  | 0.0502       |
|    action_std_05                  | 0.0502       |
|    action_std_06                  | 0.0501       |
|    action_std_07                  | 0.0501       |
|    action_std_08                  | 0.0502       |
|    action_std_09                  | 0.0502       |
|    action_std_10                  | 0.0501       |
|    action_std_11                  | 0.0502       |
|    action_std_12                  | 0.0501       |
|    action_std_13                  | 0.0501       |
|    action_std_14                  | 0.0502       |
|    action_std_15                  | 0.0502       |
|    action_std_16                  | 0.0502       |
|    action_std_17                  | 0.0502       |
|    action_std_18                  | 0.0502       |
|    action_std_19                  | 0.0502       |
|    action_std_20                  | 0.0502       |
|    action_std_21                  | 0.0502       |
|    action_std_22                  | 0.0502       |
|    action_std_23                  | 0.0502       |
|    action_std_24                  | 0.0502       |
|    approx_kl                      | 0.0012957169 |
|    clip_fraction                  | 0.033        |
|    clip_range                     | 0.1          |
|    clip_range_vf                  | 0.2          |
|    entropy_loss                   | 39.3         |
|    explained_variance             | 0.622        |
|    learning_rate                  | 1e-06        |
|    loss                           | 1.83         |
|    n_updates                      | 130          |
|    policy_gradient_loss           | -0.00248     |
|    std                            | 0.0502       |
|    std_max                        | 0.0502       |
|    std_min                        | 0.0501       |
|    value_loss                     | 1.58         |
----------------------------------------------------
----------------------------------------------------
| rollout/                          |              |
|    action_saturation_fraction     | 0            |
|    ep_len_mean                    | 810          |
|    ep_rew_mean                    | 529          |
|    episodes_noforce               | 150          |
|    force_direction_mean           | -1           |
|    force_onset_mean               | 1.39         |
|    force_requested_impulse_mean   | 0            |
|    is_fall_mean                   | 0.473        |
|    is_timeout_mean                | 0.527        |
|    recovery_noforce               | 0.527        |
|    timeout_without_onset_fraction | 0            |
|    timeouts                       | 79           |
| time/                             |              |
|    fps                            | 2208         |
|    iterations                     | 15           |
|    time_elapsed                   | 890          |
|    total_timesteps                | 1966080      |
| train/                            |              |
|    action_std_00                  | 0.0502       |
|    action_std_01                  | 0.0502       |
|    action_std_02                  | 0.0502       |
|    action_std_03                  | 0.0502       |
|    action_std_04                  | 0.0502       |
|    action_std_05                  | 0.0502       |
|    action_std_06                  | 0.0501       |
|    action_std_07                  | 0.0501       |
|    action_std_08                  | 0.0502       |
|    action_std_09                  | 0.0502       |
|    action_std_10                  | 0.0502       |
|    action_std_11                  | 0.0502       |
|    action_std_12                  | 0.0502       |
|    action_std_13                  | 0.0502       |
|    action_std_14                  | 0.0502       |
|    action_std_15                  | 0.0502       |
|    action_std_16                  | 0.0502       |
|    action_std_17                  | 0.0502       |
|    action_std_18                  | 0.0502       |
|    action_std_19                  | 0.0502       |
|    action_std_20                  | 0.0502       |
|    action_std_21                  | 0.0502       |
|    action_std_22                  | 0.0502       |
|    action_std_23                  | 0.0502       |
|    action_std_24                  | 0.0502       |
|    approx_kl                      | 0.0012693345 |
|    clip_fraction                  | 0.0313       |
|    clip_range                     | 0.1          |
|    clip_range_vf                  | 0.2          |
|    entropy_loss                   | 39.3         |
|    explained_variance             | 0.65         |
|    learning_rate                  | 1e-06        |
|    loss                           | 1.85         |
|    n_updates                      | 140          |
|    policy_gradient_loss           | -0.00225     |
|    std                            | 0.0502       |
|    std_max                        | 0.0502       |
|    std_min                        | 0.0501       |
|    value_loss                     | 1.56         |
----------------------------------------------------
INFO:root:VecNormalize statistics saved at: ./data/delta/quadruped_ppo_model_ckpt_2000128_vecnormalize.pkl
INFO:root:Model saved at: ./data/delta/quadruped_ppo_model_ckpt_2000128.zip
INFO:root:Checkpoint written at 2000128 timesteps
PARITY max_torque=23.700 23.700 45.430
PARITY contact_mu=0.450
PARITY body_height=0.320
PARITY Kp_body=100.000 100.000 100.000
PARITY Kd_body=30.000 30.000 30.000
PARITY Kp_ori=100.000 100.000 100.000
PARITY Kd_ori=10.000 10.000 10.000
PARITY Kp_foot=550.000 550.000 550.000
PARITY Kd_foot=10.000 10.000 10.000
PARITY Kp_joint=5.000 5.000 5.000
PARITY Kd_joint=3.000 3.000 3.000
PARITY floating_base_weight=50.000
PARITY control_mode=5.000
[HumanoidEnv] Reset state env_id=0 z=0.295 rpy=[0.001, -0.001, 0.000]
[HumanoidEnv] unhealthy terminate at step=253 z=0.19894 rpy=[2.40617, 0.420816, -0.00882041] v_body=[-0.669766, 0.762655, 0.100565]
PARITY max_torque=23.700 23.700 45.430
PARITY contact_mu=0.450
PARITY body_height=0.320
PARITY Kp_body=100.000 100.000 100.000
PARITY Kd_body=30.000 30.000 30.000
PARITY Kp_ori=100.000 100.000 100.000
PARITY Kd_ori=10.000 10.000 10.000
PARITY Kp_foot=550.000 550.000 550.000
PARITY Kd_foot=10.000 10.000 10.000
PARITY Kp_joint=5.000 5.000 5.000
PARITY Kd_joint=3.000 3.000 3.000
PARITY floating_base_weight=50.000
PARITY control_mode=5.000
[HumanoidEnv] Reset state env_id=0 z=0.300 rpy=[0.002, -0.002, 0.000]
----------------------------------------------------
| rollout/                          |              |
|    action_saturation_fraction     | 0            |
|    ep_len_mean                    | 761          |
|    ep_rew_mean                    | 496          |
|    episodes_noforce               | 179          |
|    force_direction_mean           | -1           |
|    force_onset_mean               | 1.41         |
|    force_requested_impulse_mean   | 0            |
|    is_fall_mean                   | 0.497        |
|    is_timeout_mean                | 0.503        |
|    recovery_noforce               | 0.503        |
|    timeout_without_onset_fraction | 0            |
|    timeouts                       | 90           |
| time/                             |              |
|    fps                            | 2204         |
|    iterations                     | 16           |
|    time_elapsed                   | 951          |
|    total_timesteps                | 2097152      |
| train/                            |              |
|    action_std_00                  | 0.0502       |
|    action_std_01                  | 0.0502       |
|    action_std_02                  | 0.0502       |
|    action_std_03                  | 0.0502       |
|    action_std_04                  | 0.0502       |
|    action_std_05                  | 0.0502       |
|    action_std_06                  | 0.0502       |
|    action_std_07                  | 0.0501       |
|    action_std_08                  | 0.0502       |
|    action_std_09                  | 0.0502       |
|    action_std_10                  | 0.0502       |
|    action_std_11                  | 0.0502       |
|    action_std_12                  | 0.0502       |
|    action_std_13                  | 0.0502       |
|    action_std_14                  | 0.0502       |
|    action_std_15                  | 0.0502       |
|    action_std_16                  | 0.0502       |
|    action_std_17                  | 0.0502       |
|    action_std_18                  | 0.0502       |
|    action_std_19                  | 0.0502       |
|    action_std_20                  | 0.0502       |
|    action_std_21                  | 0.0502       |
|    action_std_22                  | 0.0502       |
|    action_std_23                  | 0.0502       |
|    action_std_24                  | 0.0502       |
|    approx_kl                      | 0.0012733988 |
|    clip_fraction                  | 0.0325       |
|    clip_range                     | 0.1          |
|    clip_range_vf                  | 0.2          |
|    entropy_loss                   | 39.3         |
|    explained_variance             | 0.625        |
|    learning_rate                  | 1e-06        |
|    loss                           | 1.86         |
|    n_updates                      | 150          |
|    policy_gradient_loss           | -0.00227     |
|    std                            | 0.0502       |
|    std_max                        | 0.0502       |
|    std_min                        | 0.0501       |
|    value_loss                     | 1.54         |
----------------------------------------------------
[HumanoidEnv] unhealthy terminate at step=324 z=0.190552 rpy=[-1.71626, 0.225873, 0.16943] v_body=[-0.246018, -0.821833, 1.47363]
PARITY max_torque=23.700 23.700 45.430
PARITY contact_mu=0.450
PARITY body_height=0.320
PARITY Kp_body=100.000 100.000 100.000
PARITY Kd_body=30.000 30.000 30.000
PARITY Kp_ori=100.000 100.000 100.000
PARITY Kd_ori=10.000 10.000 10.000
PARITY Kp_foot=550.000 550.000 550.000
PARITY Kd_foot=10.000 10.000 10.000
PARITY Kp_joint=5.000 5.000 5.000
PARITY Kd_joint=3.000 3.000 3.000
PARITY floating_base_weight=50.000
PARITY control_mode=5.000
[HumanoidEnv] Reset state env_id=0 z=0.318 rpy=[-0.003, -0.002, 0.000]
----------------------------------------------------
| rollout/                          |              |
|    action_saturation_fraction     | 0            |
|    ep_len_mean                    | 762          |
|    ep_rew_mean                    | 495          |
|    episodes_noforce               | 163          |
|    force_direction_mean           | -1           |
|    force_onset_mean               | 1.4          |
|    force_requested_impulse_mean   | 0            |
|    is_fall_mean                   | 0.552        |
|    is_timeout_mean                | 0.448        |
|    recovery_noforce               | 0.448        |
|    timeout_without_onset_fraction | 0            |
|    timeouts                       | 73           |
| time/                             |              |
|    fps                            | 2200         |
|    iterations                     | 17           |
|    time_elapsed                   | 1012         |
|    total_timesteps                | 2228224      |
| train/                            |              |
|    action_std_00                  | 0.0502       |
|    action_std_01                  | 0.0502       |
|    action_std_02                  | 0.0503       |
|    action_std_03                  | 0.0502       |
|    action_std_04                  | 0.0502       |
|    action_std_05                  | 0.0502       |
|    action_std_06                  | 0.0502       |
|    action_std_07                  | 0.0502       |
|    action_std_08                  | 0.0502       |
|    action_std_09                  | 0.0502       |
|    action_std_10                  | 0.0502       |
|    action_std_11                  | 0.0502       |
|    action_std_12                  | 0.0502       |
|    action_std_13                  | 0.0502       |
|    action_std_14                  | 0.0502       |
|    action_std_15                  | 0.0502       |
|    action_std_16                  | 0.0502       |
|    action_std_17                  | 0.0502       |
|    action_std_18                  | 0.0502       |
|    action_std_19                  | 0.0502       |
|    action_std_20                  | 0.0502       |
|    action_std_21                  | 0.0502       |
|    action_std_22                  | 0.0502       |
|    action_std_23                  | 0.0502       |
|    action_std_24                  | 0.0502       |
|    approx_kl                      | 0.0012313679 |
|    clip_fraction                  | 0.0307       |
|    clip_range                     | 0.1          |
|    clip_range_vf                  | 0.2          |
|    entropy_loss                   | 39.3         |
|    explained_variance             | 0.658        |
|    learning_rate                  | 1e-06        |
|    loss                           | 1.81         |
|    n_updates                      | 160          |
|    policy_gradient_loss           | -0.00234     |
|    std                            | 0.0502       |
|    std_max                        | 0.0503       |
|    std_min                        | 0.0502       |
|    value_loss                     | 1.57         |
----------------------------------------------------
----------------------------------------------------
| rollout/                          |              |
|    action_saturation_fraction     | 0            |
|    ep_len_mean                    | 738          |
|    ep_rew_mean                    | 481          |
|    episodes_noforce               | 185          |
|    force_direction_mean           | -1           |
|    force_onset_mean               | 1.38         |
|    force_requested_impulse_mean   | 0            |
|    is_fall_mean                   | 0.562        |
|    is_timeout_mean                | 0.438        |
|    recovery_noforce               | 0.438        |
|    timeout_without_onset_fraction | 0            |
|    timeouts                       | 81           |
| time/                             |              |
|    fps                            | 2198         |
|    iterations                     | 18           |
|    time_elapsed                   | 1073         |
|    total_timesteps                | 2359296      |
| train/                            |              |
|    action_std_00                  | 0.0502       |
|    action_std_01                  | 0.0502       |
|    action_std_02                  | 0.0503       |
|    action_std_03                  | 0.0502       |
|    action_std_04                  | 0.0502       |
|    action_std_05                  | 0.0502       |
|    action_std_06                  | 0.0502       |
|    action_std_07                  | 0.0502       |
|    action_std_08                  | 0.0502       |
|    action_std_09                  | 0.0502       |
|    action_std_10                  | 0.0502       |
|    action_std_11                  | 0.0502       |
|    action_std_12                  | 0.0502       |
|    action_std_13                  | 0.0502       |
|    action_std_14                  | 0.0503       |
|    action_std_15                  | 0.0502       |
|    action_std_16                  | 0.0502       |
|    action_std_17                  | 0.0503       |
|    action_std_18                  | 0.0502       |
|    action_std_19                  | 0.0502       |
|    action_std_20                  | 0.0502       |
|    action_std_21                  | 0.0502       |
|    action_std_22                  | 0.0503       |
|    action_std_23                  | 0.0502       |
|    action_std_24                  | 0.0502       |
|    approx_kl                      | 0.0012288188 |
|    clip_fraction                  | 0.0295       |
|    clip_range                     | 0.1          |
|    clip_range_vf                  | 0.2          |
|    entropy_loss                   | 39.3         |
|    explained_variance             | 0.673        |
|    learning_rate                  | 1e-06        |
|    loss                           | 1.83         |
|    n_updates                      | 170          |
|    policy_gradient_loss           | -0.00229     |
|    std                            | 0.0502       |
|    std_max                        | 0.0503       |
|    std_min                        | 0.0502       |
|    value_loss                     | 1.54         |
----------------------------------------------------
[HumanoidEnv] unhealthy terminate at step=978 z=0.199451 rpy=[2.94189, 0.297092, 0.483059] v_body=[-0.807235, 0.830425, 0.265538]
PARITY max_torque=23.700 23.700 45.430
PARITY contact_mu=0.450
PARITY body_height=0.320
PARITY Kp_body=100.000 100.000 100.000
PARITY Kd_body=30.000 30.000 30.000
PARITY Kp_ori=100.000 100.000 100.000
PARITY Kd_ori=10.000 10.000 10.000
PARITY Kp_foot=550.000 550.000 550.000
PARITY Kd_foot=10.000 10.000 10.000
PARITY Kp_joint=5.000 5.000 5.000
PARITY Kd_joint=3.000 3.000 3.000
PARITY floating_base_weight=50.000
PARITY control_mode=5.000
[HumanoidEnv] Reset state env_id=0 z=0.279 rpy=[0.001, -0.001, 0.001]
---------------------------------------------------
| rollout/                          |             |
|    action_saturation_fraction     | 0           |
|    ep_len_mean                    | 786         |
|    ep_rew_mean                    | 512         |
|    episodes_noforce               | 157         |
|    force_direction_mean           | -1          |
|    force_onset_mean               | 1.35        |
|    force_requested_impulse_mean   | 0           |
|    is_fall_mean                   | 0.573       |
|    is_timeout_mean                | 0.427       |
|    recovery_noforce               | 0.427       |
|    timeout_without_onset_fraction | 0           |
|    timeouts                       | 67          |
| time/                             |             |
|    fps                            | 2195        |
|    iterations                     | 19          |
|    time_elapsed                   | 1134        |
|    total_timesteps                | 2490368     |
| train/                            |             |
|    action_std_00                  | 0.0503      |
|    action_std_01                  | 0.0502      |
|    action_std_02                  | 0.0503      |
|    action_std_03                  | 0.0502      |
|    action_std_04                  | 0.0502      |
|    action_std_05                  | 0.0502      |
|    action_std_06                  | 0.0502      |
|    action_std_07                  | 0.0502      |
|    action_std_08                  | 0.0502      |
|    action_std_09                  | 0.0502      |
|    action_std_10                  | 0.0502      |
|    action_std_11                  | 0.0502      |
|    action_std_12                  | 0.0502      |
|    action_std_13                  | 0.0502      |
|    action_std_14                  | 0.0503      |
|    action_std_15                  | 0.0502      |
|    action_std_16                  | 0.0502      |
|    action_std_17                  | 0.0503      |
|    action_std_18                  | 0.0502      |
|    action_std_19                  | 0.0502      |
|    action_std_20                  | 0.0503      |
|    action_std_21                  | 0.0502      |
|    action_std_22                  | 0.0503      |
|    action_std_23                  | 0.0502      |
|    action_std_24                  | 0.0502      |
|    approx_kl                      | 0.001206951 |
|    clip_fraction                  | 0.0279      |
|    clip_range                     | 0.1         |
|    clip_range_vf                  | 0.2         |
|    entropy_loss                   | 39.3        |
|    explained_variance             | 0.69        |
|    learning_rate                  | 1e-06       |
|    loss                           | 1.85        |
|    n_updates                      | 180         |
|    policy_gradient_loss           | -0.00219    |
|    std                            | 0.0502      |
|    std_max                        | 0.0503      |
|    std_min                        | 0.0502      |
|    value_loss                     | 1.52        |
---------------------------------------------------
----------------------------------------------------
| rollout/                          |              |
|    action_saturation_fraction     | 0            |
|    ep_len_mean                    | 812          |
|    ep_rew_mean                    | 531          |
|    episodes_noforce               | 175          |
|    force_direction_mean           | -1           |
|    force_onset_mean               | 1.4          |
|    force_requested_impulse_mean   | 0            |
|    is_fall_mean                   | 0.451        |
|    is_timeout_mean                | 0.549        |
|    recovery_noforce               | 0.549        |
|    timeout_without_onset_fraction | 0            |
|    timeouts                       | 96           |
| time/                             |              |
|    fps                            | 2192         |
|    iterations                     | 20           |
|    time_elapsed                   | 1195         |
|    total_timesteps                | 2621440      |
| train/                            |              |
|    action_std_00                  | 0.0503       |
|    action_std_01                  | 0.0502       |
|    action_std_02                  | 0.0503       |
|    action_std_03                  | 0.0502       |
|    action_std_04                  | 0.0503       |
|    action_std_05                  | 0.0503       |
|    action_std_06                  | 0.0502       |
|    action_std_07                  | 0.0502       |
|    action_std_08                  | 0.0502       |
|    action_std_09                  | 0.0502       |
|    action_std_10                  | 0.0502       |
|    action_std_11                  | 0.0502       |
|    action_std_12                  | 0.0502       |
|    action_std_13                  | 0.0502       |
|    action_std_14                  | 0.0503       |
|    action_std_15                  | 0.0502       |
|    action_std_16                  | 0.0502       |
|    action_std_17                  | 0.0503       |
|    action_std_18                  | 0.0502       |
|    action_std_19                  | 0.0503       |
|    action_std_20                  | 0.0503       |
|    action_std_21                  | 0.0503       |
|    action_std_22                  | 0.0503       |
|    action_std_23                  | 0.0502       |
|    action_std_24                  | 0.0502       |
|    approx_kl                      | 0.0012420218 |
|    clip_fraction                  | 0.0306       |
|    clip_range                     | 0.1          |
|    clip_range_vf                  | 0.2          |
|    entropy_loss                   | 39.3         |
|    explained_variance             | 0.683        |
|    learning_rate                  | 1e-06        |
|    loss                           | 1.86         |
|    n_updates                      | 190          |
|    policy_gradient_loss           | -0.00233     |
|    std                            | 0.0502       |
|    std_max                        | 0.0503       |
|    std_min                        | 0.0502       |
|    value_loss                     | 1.49         |
----------------------------------------------------
PARITY max_torque=23.700 23.700 45.430
PARITY contact_mu=0.450
PARITY body_height=0.320
PARITY Kp_body=100.000 100.000 100.000
PARITY Kd_body=30.000 30.000 30.000
PARITY Kp_ori=100.000 100.000 100.000
PARITY Kd_ori=10.000 10.000 10.000
PARITY Kp_foot=550.000 550.000 550.000
PARITY Kd_foot=10.000 10.000 10.000
PARITY Kp_joint=5.000 5.000 5.000
PARITY Kd_joint=3.000 3.000 3.000
PARITY floating_base_weight=50.000
PARITY control_mode=5.000
[HumanoidEnv] Reset state env_id=0 z=0.294 rpy=[-0.000, -0.000, 0.000]
----------------------------------------------------
| rollout/                          |              |
|    action_saturation_fraction     | 0            |
|    ep_len_mean                    | 789          |
|    ep_rew_mean                    | 513          |
|    episodes_noforce               | 166          |
|    force_direction_mean           | -1           |
|    force_onset_mean               | 1.37         |
|    force_requested_impulse_mean   | 0            |
|    is_fall_mean                   | 0.494        |
|    is_timeout_mean                | 0.506        |
|    recovery_noforce               | 0.506        |
|    timeout_without_onset_fraction | 0            |
|    timeouts                       | 84           |
| time/                             |              |
|    fps                            | 2189         |
|    iterations                     | 21           |
|    time_elapsed                   | 1257         |
|    total_timesteps                | 2752512      |
| train/                            |              |
|    action_std_00                  | 0.0503       |
|    action_std_01                  | 0.0503       |
|    action_std_02                  | 0.0503       |
|    action_std_03                  | 0.0502       |
|    action_std_04                  | 0.0503       |
|    action_std_05                  | 0.0503       |
|    action_std_06                  | 0.0502       |
|    action_std_07                  | 0.0502       |
|    action_std_08                  | 0.0503       |
|    action_std_09                  | 0.0503       |
|    action_std_10                  | 0.0502       |
|    action_std_11                  | 0.0503       |
|    action_std_12                  | 0.0502       |
|    action_std_13                  | 0.0502       |
|    action_std_14                  | 0.0503       |
|    action_std_15                  | 0.0502       |
|    action_std_16                  | 0.0502       |
|    action_std_17                  | 0.0503       |
|    action_std_18                  | 0.0502       |
|    action_std_19                  | 0.0503       |
|    action_std_20                  | 0.0503       |
|    action_std_21                  | 0.0503       |
|    action_std_22                  | 0.0503       |
|    action_std_23                  | 0.0503       |
|    action_std_24                  | 0.0502       |
|    approx_kl                      | 0.0012358078 |
|    clip_fraction                  | 0.0305       |
|    clip_range                     | 0.1          |
|    clip_range_vf                  | 0.2          |
|    entropy_loss                   | 39.3         |
|    explained_variance             | 0.676        |
|    learning_rate                  | 1e-06        |
|    loss                           | 1.84         |
|    n_updates                      | 200          |
|    policy_gradient_loss           | -0.00229     |
|    std                            | 0.0503       |
|    std_max                        | 0.0503       |
|    std_min                        | 0.0502       |
|    value_loss                     | 1.48         |
----------------------------------------------------
----------------------------------------------------
| rollout/                          |              |
|    action_saturation_fraction     | 0            |
|    ep_len_mean                    | 809          |
|    ep_rew_mean                    | 532          |
|    episodes_noforce               | 155          |
|    force_direction_mean           | -1           |
|    force_onset_mean               | 1.36         |
|    force_requested_impulse_mean   | 0            |
|    is_fall_mean                   | 0.458        |
|    is_timeout_mean                | 0.542        |
|    recovery_noforce               | 0.542        |
|    timeout_without_onset_fraction | 0            |
|    timeouts                       | 84           |
| time/                             |              |
|    fps                            | 2187         |
|    iterations                     | 22           |
|    time_elapsed                   | 1317         |
|    total_timesteps                | 2883584      |
| train/                            |              |
|    action_std_00                  | 0.0503       |
|    action_std_01                  | 0.0503       |
|    action_std_02                  | 0.0503       |
|    action_std_03                  | 0.0503       |
|    action_std_04                  | 0.0503       |
|    action_std_05                  | 0.0503       |
|    action_std_06                  | 0.0502       |
|    action_std_07                  | 0.0502       |
|    action_std_08                  | 0.0503       |
|    action_std_09                  | 0.0503       |
|    action_std_10                  | 0.0502       |
|    action_std_11                  | 0.0503       |
|    action_std_12                  | 0.0502       |
|    action_std_13                  | 0.0502       |
|    action_std_14                  | 0.0503       |
|    action_std_15                  | 0.0502       |
|    action_std_16                  | 0.0503       |
|    action_std_17                  | 0.0503       |
|    action_std_18                  | 0.0502       |
|    action_std_19                  | 0.0503       |
|    action_std_20                  | 0.0503       |
|    action_std_21                  | 0.0503       |
|    action_std_22                  | 0.0503       |
|    action_std_23                  | 0.0503       |
|    action_std_24                  | 0.0502       |
|    approx_kl                      | 0.0012555734 |
|    clip_fraction                  | 0.0306       |
|    clip_range                     | 0.1          |
|    clip_range_vf                  | 0.2          |
|    entropy_loss                   | 39.3         |
|    explained_variance             | 0.678        |
|    learning_rate                  | 1e-06        |
|    loss                           | 1.78         |
|    n_updates                      | 210          |
|    policy_gradient_loss           | -0.00225     |
|    std                            | 0.0503       |
|    std_max                        | 0.0503       |
|    std_min                        | 0.0502       |
|    value_loss                     | 1.49         |
----------------------------------------------------
PARITY max_torque=23.700 23.700 45.430
PARITY contact_mu=0.450
PARITY body_height=0.320
PARITY Kp_body=100.000 100.000 100.000
PARITY Kd_body=30.000 30.000 30.000
PARITY Kp_ori=100.000 100.000 100.000
PARITY Kd_ori=10.000 10.000 10.000
PARITY Kp_foot=550.000 550.000 550.000
PARITY Kd_foot=10.000 10.000 10.000
PARITY Kp_joint=5.000 5.000 5.000
PARITY Kd_joint=3.000 3.000 3.000
PARITY floating_base_weight=50.000
PARITY control_mode=5.000
[HumanoidEnv] Reset state env_id=0 z=0.323 rpy=[0.001, -0.003, 0.000]
----------------------------------------------------
| rollout/                          |              |
|    action_saturation_fraction     | 0            |
|    ep_len_mean                    | 813          |
|    ep_rew_mean                    | 529          |
|    episodes_noforce               | 171          |
|    force_direction_mean           | -1           |
|    force_onset_mean               | 1.38         |
|    force_requested_impulse_mean   | 0            |
|    is_fall_mean                   | 0.48         |
|    is_timeout_mean                | 0.52         |
|    recovery_noforce               | 0.52         |
|    timeout_without_onset_fraction | 0            |
|    timeouts                       | 89           |
| time/                             |              |
|    fps                            | 2185         |
|    iterations                     | 23           |
|    time_elapsed                   | 1379         |
|    total_timesteps                | 3014656      |
| train/                            |              |
|    action_std_00                  | 0.0503       |
|    action_std_01                  | 0.0503       |
|    action_std_02                  | 0.0503       |
|    action_std_03                  | 0.0503       |
|    action_std_04                  | 0.0503       |
|    action_std_05                  | 0.0503       |
|    action_std_06                  | 0.0502       |
|    action_std_07                  | 0.0503       |
|    action_std_08                  | 0.0503       |
|    action_std_09                  | 0.0503       |
|    action_std_10                  | 0.0502       |
|    action_std_11                  | 0.0503       |
|    action_std_12                  | 0.0503       |
|    action_std_13                  | 0.0503       |
|    action_std_14                  | 0.0503       |
|    action_std_15                  | 0.0502       |
|    action_std_16                  | 0.0503       |
|    action_std_17                  | 0.0503       |
|    action_std_18                  | 0.0502       |
|    action_std_19                  | 0.0503       |
|    action_std_20                  | 0.0503       |
|    action_std_21                  | 0.0503       |
|    action_std_22                  | 0.0503       |
|    action_std_23                  | 0.0503       |
|    action_std_24                  | 0.0503       |
|    approx_kl                      | 0.0012397901 |
|    clip_fraction                  | 0.0319       |
|    clip_range                     | 0.1          |
|    clip_range_vf                  | 0.2          |
|    entropy_loss                   | 39.3         |
|    explained_variance             | 0.636        |
|    learning_rate                  | 1e-06        |
|    loss                           | 1.7          |
|    n_updates                      | 220          |
|    policy_gradient_loss           | -0.00234     |
|    std                            | 0.0503       |
|    std_max                        | 0.0503       |
|    std_min                        | 0.0502       |
|    value_loss                     | 1.42         |
----------------------------------------------------
--------------------------------------------------
| rollout/                          |            |
|    action_saturation_fraction     | 0          |
|    ep_len_mean                    | 785        |
|    ep_rew_mean                    | 511        |
|    episodes_noforce               | 154        |
|    force_direction_mean           | -1         |
|    force_onset_mean               | 1.4        |
|    force_requested_impulse_mean   | 0          |
|    is_fall_mean                   | 0.532      |
|    is_timeout_mean                | 0.468      |
|    recovery_noforce               | 0.468      |
|    timeout_without_onset_fraction | 0          |
|    timeouts                       | 72         |
| time/                             |            |
|    fps                            | 2184       |
|    iterations                     | 24         |
|    time_elapsed                   | 1439       |
|    total_timesteps                | 3145728    |
| train/                            |            |
|    action_std_00                  | 0.0503     |
|    action_std_01                  | 0.0503     |
|    action_std_02                  | 0.0503     |
|    action_std_03                  | 0.0503     |
|    action_std_04                  | 0.0503     |
|    action_std_05                  | 0.0503     |
|    action_std_06                  | 0.0503     |
|    action_std_07                  | 0.0503     |
|    action_std_08                  | 0.0503     |
|    action_std_09                  | 0.0503     |
|    action_std_10                  | 0.0502     |
|    action_std_11                  | 0.0503     |
|    action_std_12                  | 0.0503     |
|    action_std_13                  | 0.0503     |
|    action_std_14                  | 0.0503     |
|    action_std_15                  | 0.0503     |
|    action_std_16                  | 0.0503     |
|    action_std_17                  | 0.0504     |
|    action_std_18                  | 0.0503     |
|    action_std_19                  | 0.0503     |
|    action_std_20                  | 0.0503     |
|    action_std_21                  | 0.0503     |
|    action_std_22                  | 0.0503     |
|    action_std_23                  | 0.0503     |
|    action_std_24                  | 0.0503     |
|    approx_kl                      | 0.00121737 |
|    clip_fraction                  | 0.0313     |
|    clip_range                     | 0.1        |
|    clip_range_vf                  | 0.2        |
|    entropy_loss                   | 39.3       |
|    explained_variance             | 0.656      |
|    learning_rate                  | 1e-06      |
|    loss                           | 1.69       |
|    n_updates                      | 230        |
|    policy_gradient_loss           | -0.00229   |
|    std                            | 0.0503     |
|    std_max                        | 0.0504     |
|    std_min                        | 0.0502     |
|    value_loss                     | 1.44       |
--------------------------------------------------
PARITY max_torque=23.700 23.700 45.430
PARITY contact_mu=0.450
PARITY body_height=0.320
PARITY Kp_body=100.000 100.000 100.000
PARITY Kd_body=30.000 30.000 30.000
PARITY Kp_ori=100.000 100.000 100.000
PARITY Kd_ori=10.000 10.000 10.000
PARITY Kp_foot=550.000 550.000 550.000
PARITY Kd_foot=10.000 10.000 10.000
PARITY Kp_joint=5.000 5.000 5.000
PARITY Kd_joint=3.000 3.000 3.000
PARITY floating_base_weight=50.000
PARITY control_mode=5.000
[HumanoidEnv] Reset state env_id=0 z=0.275 rpy=[-0.001, -0.000, 0.001]
----------------------------------------------------
| rollout/                          |              |
|    action_saturation_fraction     | 0            |
|    ep_len_mean                    | 756          |
|    ep_rew_mean                    | 495          |
|    episodes_noforce               | 174          |
|    force_direction_mean           | -1           |
|    force_onset_mean               | 1.39         |
|    force_requested_impulse_mean   | 0            |
|    is_fall_mean                   | 0.471        |
|    is_timeout_mean                | 0.529        |
|    recovery_noforce               | 0.529        |
|    timeout_without_onset_fraction | 0            |
|    timeouts                       | 92           |
| time/                             |              |
|    fps                            | 2183         |
|    iterations                     | 25           |
|    time_elapsed                   | 1501         |
|    total_timesteps                | 3276800      |
| train/                            |              |
|    action_std_00                  | 0.0503       |
|    action_std_01                  | 0.0503       |
|    action_std_02                  | 0.0503       |
|    action_std_03                  | 0.0503       |
|    action_std_04                  | 0.0503       |
|    action_std_05                  | 0.0503       |
|    action_std_06                  | 0.0503       |
|    action_std_07                  | 0.0503       |
|    action_std_08                  | 0.0503       |
|    action_std_09                  | 0.0503       |
|    action_std_10                  | 0.0503       |
|    action_std_11                  | 0.0503       |
|    action_std_12                  | 0.0503       |
|    action_std_13                  | 0.0503       |
|    action_std_14                  | 0.0503       |
|    action_std_15                  | 0.0503       |
|    action_std_16                  | 0.0503       |
|    action_std_17                  | 0.0504       |
|    action_std_18                  | 0.0503       |
|    action_std_19                  | 0.0503       |
|    action_std_20                  | 0.0503       |
|    action_std_21                  | 0.0503       |
|    action_std_22                  | 0.0503       |
|    action_std_23                  | 0.0503       |
|    action_std_24                  | 0.0503       |
|    approx_kl                      | 0.0011962351 |
|    clip_fraction                  | 0.0277       |
|    clip_range                     | 0.1          |
|    clip_range_vf                  | 0.2          |
|    entropy_loss                   | 39.3         |
|    explained_variance             | 0.682        |
|    learning_rate                  | 1e-06        |
|    loss                           | 1.72         |
|    n_updates                      | 240          |
|    policy_gradient_loss           | -0.00219     |
|    std                            | 0.0503       |
|    std_max                        | 0.0504       |
|    std_min                        | 0.0503       |
|    value_loss                     | 1.43         |
----------------------------------------------------
----------------------------------------------------
| rollout/                          |              |
|    action_saturation_fraction     | 0            |
|    ep_len_mean                    | 810          |
|    ep_rew_mean                    | 531          |
|    episodes_noforce               | 163          |
|    force_direction_mean           | -1           |
|    force_onset_mean               | 1.37         |
|    force_requested_impulse_mean   | 0            |
|    is_fall_mean                   | 0.436        |
|    is_timeout_mean                | 0.564        |
|    recovery_noforce               | 0.564        |
|    timeout_without_onset_fraction | 0            |
|    timeouts                       | 92           |
| time/                             |              |
|    fps                            | 2181         |
|    iterations                     | 26           |
|    time_elapsed                   | 1562         |
|    total_timesteps                | 3407872      |
| train/                            |              |
|    action_std_00                  | 0.0503       |
|    action_std_01                  | 0.0503       |
|    action_std_02                  | 0.0503       |
|    action_std_03                  | 0.0503       |
|    action_std_04                  | 0.0503       |
|    action_std_05                  | 0.0503       |
|    action_std_06                  | 0.0503       |
|    action_std_07                  | 0.0503       |
|    action_std_08                  | 0.0503       |
|    action_std_09                  | 0.0503       |
|    action_std_10                  | 0.0503       |
|    action_std_11                  | 0.0503       |
|    action_std_12                  | 0.0503       |
|    action_std_13                  | 0.0503       |
|    action_std_14                  | 0.0504       |
|    action_std_15                  | 0.0503       |
|    action_std_16                  | 0.0503       |
|    action_std_17                  | 0.0504       |
|    action_std_18                  | 0.0503       |
|    action_std_19                  | 0.0504       |
|    action_std_20                  | 0.0503       |
|    action_std_21                  | 0.0503       |
|    action_std_22                  | 0.0504       |
|    action_std_23                  | 0.0503       |
|    action_std_24                  | 0.0503       |
|    approx_kl                      | 0.0012222291 |
|    clip_fraction                  | 0.0291       |
|    clip_range                     | 0.1          |
|    clip_range_vf                  | 0.2          |
|    entropy_loss                   | 39.3         |
|    explained_variance             | 0.658        |
|    learning_rate                  | 1e-06        |
|    loss                           | 1.67         |
|    n_updates                      | 250          |
|    policy_gradient_loss           | -0.00225     |
|    std                            | 0.0503       |
|    std_max                        | 0.0504       |
|    std_min                        | 0.0503       |
|    value_loss                     | 1.37         |
----------------------------------------------------
PARITY max_torque=23.700 23.700 45.430
PARITY contact_mu=0.450
PARITY body_height=0.320
PARITY Kp_body=100.000 100.000 100.000
PARITY Kd_body=30.000 30.000 30.000
PARITY Kp_ori=100.000 100.000 100.000
PARITY Kd_ori=10.000 10.000 10.000
PARITY Kp_foot=550.000 550.000 550.000
PARITY Kd_foot=10.000 10.000 10.000
PARITY Kp_joint=5.000 5.000 5.000
PARITY Kd_joint=3.000 3.000 3.000
PARITY floating_base_weight=50.000
PARITY control_mode=5.000
[HumanoidEnv] Reset state env_id=0 z=0.299 rpy=[0.001, -0.002, 0.000]
----------------------------------------------------
| rollout/                          |              |
|    action_saturation_fraction     | 0            |
|    ep_len_mean                    | 740          |
|    ep_rew_mean                    | 482          |
|    episodes_noforce               | 179          |
|    force_direction_mean           | -1           |
|    force_onset_mean               | 1.4          |
|    force_requested_impulse_mean   | 0            |
|    is_fall_mean                   | 0.531        |
|    is_timeout_mean                | 0.469        |
|    recovery_noforce               | 0.469        |
|    timeout_without_onset_fraction | 0            |
|    timeouts                       | 84           |
| time/                             |              |
|    fps                            | 2179         |
|    iterations                     | 27           |
|    time_elapsed                   | 1623         |
|    total_timesteps                | 3538944      |
| train/                            |              |
|    action_std_00                  | 0.0504       |
|    action_std_01                  | 0.0504       |
|    action_std_02                  | 0.0504       |
|    action_std_03                  | 0.0503       |
|    action_std_04                  | 0.0504       |
|    action_std_05                  | 0.0503       |
|    action_std_06                  | 0.0503       |
|    action_std_07                  | 0.0503       |
|    action_std_08                  | 0.0503       |
|    action_std_09                  | 0.0503       |
|    action_std_10                  | 0.0503       |
|    action_std_11                  | 0.0503       |
|    action_std_12                  | 0.0503       |
|    action_std_13                  | 0.0503       |
|    action_std_14                  | 0.0504       |
|    action_std_15                  | 0.0503       |
|    action_std_16                  | 0.0503       |
|    action_std_17                  | 0.0504       |
|    action_std_18                  | 0.0503       |
|    action_std_19                  | 0.0504       |
|    action_std_20                  | 0.0503       |
|    action_std_21                  | 0.0503       |
|    action_std_22                  | 0.0504       |
|    action_std_23                  | 0.0503       |
|    action_std_24                  | 0.0503       |
|    approx_kl                      | 0.0012365639 |
|    clip_fraction                  | 0.0303       |
|    clip_range                     | 0.1          |
|    clip_range_vf                  | 0.2          |
|    entropy_loss                   | 39.3         |
|    explained_variance             | 0.668        |
|    learning_rate                  | 1e-06        |
|    loss                           | 1.65         |
|    n_updates                      | 260          |
|    policy_gradient_loss           | -0.00232     |
|    std                            | 0.0503       |
|    std_max                        | 0.0504       |
|    std_min                        | 0.0503       |
|    value_loss                     | 1.36         |
----------------------------------------------------
[HumanoidEnv] unhealthy terminate at step=523 z=0.198434 rpy=[2.02331, 0.3463, -0.606618] v_body=[0.165518, 0.391437, -0.471171]
PARITY max_torque=23.700 23.700 45.430
PARITY contact_mu=0.450
PARITY body_height=0.320
PARITY Kp_body=100.000 100.000 100.000
PARITY Kd_body=30.000 30.000 30.000
PARITY Kp_ori=100.000 100.000 100.000
PARITY Kd_ori=10.000 10.000 10.000
PARITY Kp_foot=550.000 550.000 550.000
PARITY Kd_foot=10.000 10.000 10.000
PARITY Kp_joint=5.000 5.000 5.000
PARITY Kd_joint=3.000 3.000 3.000
PARITY floating_base_weight=50.000
PARITY control_mode=5.000
[HumanoidEnv] Reset state env_id=0 z=0.299 rpy=[-0.000, -0.001, 0.000]
----------------------------------------------------
| rollout/                          |              |
|    action_saturation_fraction     | 0            |
|    ep_len_mean                    | 775          |
|    ep_rew_mean                    | 507          |
|    episodes_noforce               | 161          |
|    force_direction_mean           | -1           |
|    force_onset_mean               | 1.39         |
|    force_requested_impulse_mean   | 0            |
|    is_fall_mean                   | 0.522        |
|    is_timeout_mean                | 0.478        |
|    recovery_noforce               | 0.478        |
|    timeout_without_onset_fraction | 0            |
|    timeouts                       | 77           |
| time/                             |              |
|    fps                            | 2178         |
|    iterations                     | 28           |
|    time_elapsed                   | 1684         |
|    total_timesteps                | 3670016      |
| train/                            |              |
|    action_std_00                  | 0.0504       |
|    action_std_01                  | 0.0504       |
|    action_std_02                  | 0.0504       |
|    action_std_03                  | 0.0503       |
|    action_std_04                  | 0.0504       |
|    action_std_05                  | 0.0503       |
|    action_std_06                  | 0.0503       |
|    action_std_07                  | 0.0503       |
|    action_std_08                  | 0.0503       |
|    action_std_09                  | 0.0503       |
|    action_std_10                  | 0.0503       |
|    action_std_11                  | 0.0503       |
|    action_std_12                  | 0.0503       |
|    action_std_13                  | 0.0503       |
|    action_std_14                  | 0.0504       |
|    action_std_15                  | 0.0503       |
|    action_std_16                  | 0.0503       |
|    action_std_17                  | 0.0504       |
|    action_std_18                  | 0.0503       |
|    action_std_19                  | 0.0504       |
|    action_std_20                  | 0.0504       |
|    action_std_21                  | 0.0503       |
|    action_std_22                  | 0.0504       |
|    action_std_23                  | 0.0503       |
|    action_std_24                  | 0.0503       |
|    approx_kl                      | 0.0012420309 |
|    clip_fraction                  | 0.0297       |
|    clip_range                     | 0.1          |
|    clip_range_vf                  | 0.2          |
|    entropy_loss                   | 39.3         |
|    explained_variance             | 0.717        |
|    learning_rate                  | 1e-06        |
|    loss                           | 1.58         |
|    n_updates                      | 270          |
|    policy_gradient_loss           | -0.00229     |
|    std                            | 0.0503       |
|    std_max                        | 0.0504       |
|    std_min                        | 0.0503       |
|    value_loss                     | 1.36         |
----------------------------------------------------
[HumanoidEnv] unhealthy terminate at step=839 z=0.197755 rpy=[-1.83976, 0.447685, 0.207632] v_body=[-0.513416, -0.798894, 0.0628492]
PARITY max_torque=23.700 23.700 45.430
PARITY contact_mu=0.450
PARITY body_height=0.320
PARITY Kp_body=100.000 100.000 100.000
PARITY Kd_body=30.000 30.000 30.000
PARITY Kp_ori=100.000 100.000 100.000
PARITY Kd_ori=10.000 10.000 10.000
PARITY Kp_foot=550.000 550.000 550.000
PARITY Kd_foot=10.000 10.000 10.000
PARITY Kp_joint=5.000 5.000 5.000
PARITY Kd_joint=3.000 3.000 3.000
PARITY floating_base_weight=50.000
PARITY control_mode=5.000
[HumanoidEnv] Reset state env_id=0 z=0.278 rpy=[0.001, 0.001, 0.000]
----------------------------------------------------
| rollout/                          |              |
|    action_saturation_fraction     | 0            |
|    ep_len_mean                    | 781          |
|    ep_rew_mean                    | 511          |
|    episodes_noforce               | 169          |
|    force_direction_mean           | -1           |
|    force_onset_mean               | 1.39         |
|    force_requested_impulse_mean   | 0            |
|    is_fall_mean                   | 0.521        |
|    is_timeout_mean                | 0.479        |
|    recovery_noforce               | 0.479        |
|    timeout_without_onset_fraction | 0            |
|    timeouts                       | 81           |
| time/                             |              |
|    fps                            | 2177         |
|    iterations                     | 29           |
|    time_elapsed                   | 1745         |
|    total_timesteps                | 3801088      |
| train/                            |              |
|    action_std_00                  | 0.0504       |
|    action_std_01                  | 0.0504       |
|    action_std_02                  | 0.0504       |
|    action_std_03                  | 0.0503       |
|    action_std_04                  | 0.0504       |
|    action_std_05                  | 0.0504       |
|    action_std_06                  | 0.0503       |
|    action_std_07                  | 0.0503       |
|    action_std_08                  | 0.0504       |
|    action_std_09                  | 0.0503       |
|    action_std_10                  | 0.0503       |
|    action_std_11                  | 0.0504       |
|    action_std_12                  | 0.0503       |
|    action_std_13                  | 0.0503       |
|    action_std_14                  | 0.0504       |
|    action_std_15                  | 0.0503       |
|    action_std_16                  | 0.0503       |
|    action_std_17                  | 0.0504       |
|    action_std_18                  | 0.0503       |
|    action_std_19                  | 0.0504       |
|    action_std_20                  | 0.0504       |
|    action_std_21                  | 0.0504       |
|    action_std_22                  | 0.0504       |
|    action_std_23                  | 0.0503       |
|    action_std_24                  | 0.0503       |
|    approx_kl                      | 0.0011861906 |
|    clip_fraction                  | 0.0265       |
|    clip_range                     | 0.1          |
|    clip_range_vf                  | 0.2          |
|    entropy_loss                   | 39.2         |
|    explained_variance             | 0.688        |
|    learning_rate                  | 1e-06        |
|    loss                           | 1.57         |
|    n_updates                      | 280          |
|    policy_gradient_loss           | -0.00217     |
|    std                            | 0.0504       |
|    std_max                        | 0.0504       |
|    std_min                        | 0.0503       |
|    value_loss                     | 1.33         |
----------------------------------------------------
---------------------------------------------------
| rollout/                          |             |
|    action_saturation_fraction     | 0           |
|    ep_len_mean                    | 767         |
|    ep_rew_mean                    | 501         |
|    episodes_noforce               | 171         |
|    force_direction_mean           | -1          |
|    force_onset_mean               | 1.4         |
|    force_requested_impulse_mean   | 0           |
|    is_fall_mean                   | 0.497       |
|    is_timeout_mean                | 0.503       |
|    recovery_noforce               | 0.503       |
|    timeout_without_onset_fraction | 0           |
|    timeouts                       | 86          |
| time/                             |             |
|    fps                            | 2176        |
|    iterations                     | 30          |
|    time_elapsed                   | 1806        |
|    total_timesteps                | 3932160     |
| train/                            |             |
|    action_std_00                  | 0.0504      |
|    action_std_01                  | 0.0504      |
|    action_std_02                  | 0.0504      |
|    action_std_03                  | 0.0503      |
|    action_std_04                  | 0.0504      |
|    action_std_05                  | 0.0504      |
|    action_std_06                  | 0.0503      |
|    action_std_07                  | 0.0504      |
|    action_std_08                  | 0.0504      |
|    action_std_09                  | 0.0504      |
|    action_std_10                  | 0.0503      |
|    action_std_11                  | 0.0504      |
|    action_std_12                  | 0.0504      |
|    action_std_13                  | 0.0503      |
|    action_std_14                  | 0.0504      |
|    action_std_15                  | 0.0503      |
|    action_std_16                  | 0.0504      |
|    action_std_17                  | 0.0504      |
|    action_std_18                  | 0.0503      |
|    action_std_19                  | 0.0504      |
|    action_std_20                  | 0.0504      |
|    action_std_21                  | 0.0504      |
|    action_std_22                  | 0.0504      |
|    action_std_23                  | 0.0504      |
|    action_std_24                  | 0.0504      |
|    approx_kl                      | 0.001222224 |
|    clip_fraction                  | 0.0293      |
|    clip_range                     | 0.1         |
|    clip_range_vf                  | 0.2         |
|    entropy_loss                   | 39.2        |
|    explained_variance             | 0.701       |
|    learning_rate                  | 1e-06       |
|    loss                           | 1.54        |
|    n_updates                      | 290         |
|    policy_gradient_loss           | -0.00237    |
|    std                            | 0.0504      |
|    std_max                        | 0.0504      |
|    std_min                        | 0.0503      |
|    value_loss                     | 1.28        |
---------------------------------------------------
INFO:root:VecNormalize statistics saved at: ./data/delta/quadruped_ppo_model_ckpt_4000256_vecnormalize.pkl
INFO:root:Model saved at: ./data/delta/quadruped_ppo_model_ckpt_4000256.zip
INFO:root:Checkpoint written at 4000256 timesteps
PARITY max_torque=23.700 23.700 45.430
PARITY contact_mu=0.450
PARITY body_height=0.320
PARITY Kp_body=100.000 100.000 100.000
PARITY Kd_body=30.000 30.000 30.000
PARITY Kp_ori=100.000 100.000 100.000
PARITY Kd_ori=10.000 10.000 10.000
PARITY Kp_foot=550.000 550.000 550.000
PARITY Kd_foot=10.000 10.000 10.000
PARITY Kp_joint=5.000 5.000 5.000
PARITY Kd_joint=3.000 3.000 3.000
PARITY floating_base_weight=50.000
PARITY control_mode=5.000
[HumanoidEnv] Reset state env_id=0 z=0.297 rpy=[0.002, -0.003, -0.000]
[HumanoidEnv] unhealthy terminate at step=83 z=0.191469 rpy=[-1.48358, -0.0784788, 0.142478] v_body=[1.32117, -1.21969, -1.30469]
PARITY max_torque=23.700 23.700 45.430
PARITY contact_mu=0.450
PARITY body_height=0.320
PARITY Kp_body=100.000 100.000 100.000
PARITY Kd_body=30.000 30.000 30.000
PARITY Kp_ori=100.000 100.000 100.000
PARITY Kd_ori=10.000 10.000 10.000
PARITY Kp_foot=550.000 550.000 550.000
PARITY Kd_foot=10.000 10.000 10.000
PARITY Kp_joint=5.000 5.000 5.000
PARITY Kd_joint=3.000 3.000 3.000
PARITY floating_base_weight=50.000
PARITY control_mode=5.000
[HumanoidEnv] Reset state env_id=0 z=0.272 rpy=[-0.001, 0.001, 0.001]
----------------------------------------------------
| rollout/                          |              |
|    action_saturation_fraction     | 0            |
|    ep_len_mean                    | 822          |
|    ep_rew_mean                    | 538          |
|    episodes_noforce               | 153          |
|    force_direction_mean           | -1           |
|    force_onset_mean               | 1.37         |
|    force_requested_impulse_mean   | 0            |
|    is_fall_mean                   | 0.425        |
|    is_timeout_mean                | 0.575        |
|    recovery_noforce               | 0.575        |
|    timeout_without_onset_fraction | 0            |
|    timeouts                       | 88           |
| time/                             |              |
|    fps                            | 2174         |
|    iterations                     | 31           |
|    time_elapsed                   | 1868         |
|    total_timesteps                | 4063232      |
| train/                            |              |
|    action_std_00                  | 0.0504       |
|    action_std_01                  | 0.0504       |
|    action_std_02                  | 0.0504       |
|    action_std_03                  | 0.0503       |
|    action_std_04                  | 0.0504       |
|    action_std_05                  | 0.0504       |
|    action_std_06                  | 0.0503       |
|    action_std_07                  | 0.0504       |
|    action_std_08                  | 0.0504       |
|    action_std_09                  | 0.0504       |
|    action_std_10                  | 0.0503       |
|    action_std_11                  | 0.0504       |
|    action_std_12                  | 0.0504       |
|    action_std_13                  | 0.0503       |
|    action_std_14                  | 0.0504       |
|    action_std_15                  | 0.0504       |
|    action_std_16                  | 0.0504       |
|    action_std_17                  | 0.0504       |
|    action_std_18                  | 0.0503       |
|    action_std_19                  | 0.0504       |
|    action_std_20                  | 0.0504       |
|    action_std_21                  | 0.0504       |
|    action_std_22                  | 0.0504       |
|    action_std_23                  | 0.0504       |
|    action_std_24                  | 0.0504       |
|    approx_kl                      | 0.0012118942 |
|    clip_fraction                  | 0.0272       |
|    clip_range                     | 0.1          |
|    clip_range_vf                  | 0.2          |
|    entropy_loss                   | 39.2         |
|    explained_variance             | 0.708        |
|    learning_rate                  | 1e-06        |
|    loss                           | 1.52         |
|    n_updates                      | 300          |
|    policy_gradient_loss           | -0.00215     |
|    std                            | 0.0504       |
|    std_max                        | 0.0504       |
|    std_min                        | 0.0503       |
|    value_loss                     | 1.24         |
----------------------------------------------------
----------------------------------------------------
| rollout/                          |              |
|    action_saturation_fraction     | 0            |
|    ep_len_mean                    | 751          |
|    ep_rew_mean                    | 491          |
|    episodes_noforce               | 193          |
|    force_direction_mean           | -1           |
|    force_onset_mean               | 1.37         |
|    force_requested_impulse_mean   | 0            |
|    is_fall_mean                   | 0.554        |
|    is_timeout_mean                | 0.446        |
|    recovery_noforce               | 0.446        |
|    timeout_without_onset_fraction | 0            |
|    timeouts                       | 86           |
| time/                             |              |
|    fps                            | 2172         |
|    iterations                     | 32           |
|    time_elapsed                   | 1930         |
|    total_timesteps                | 4194304      |
| train/                            |              |
|    action_std_00                  | 0.0504       |
|    action_std_01                  | 0.0504       |
|    action_std_02                  | 0.0504       |
|    action_std_03                  | 0.0504       |
|    action_std_04                  | 0.0504       |
|    action_std_05                  | 0.0504       |
|    action_std_06                  | 0.0504       |
|    action_std_07                  | 0.0504       |
|    action_std_08                  | 0.0504       |
|    action_std_09                  | 0.0504       |
|    action_std_10                  | 0.0503       |
|    action_std_11                  | 0.0504       |
|    action_std_12                  | 0.0504       |
|    action_std_13                  | 0.0504       |
|    action_std_14                  | 0.0504       |
|    action_std_15                  | 0.0504       |
|    action_std_16                  | 0.0504       |
|    action_std_17                  | 0.0504       |
|    action_std_18                  | 0.0503       |
|    action_std_19                  | 0.0504       |
|    action_std_20                  | 0.0504       |
|    action_std_21                  | 0.0504       |
|    action_std_22                  | 0.0504       |
|    action_std_23                  | 0.0504       |
|    action_std_24                  | 0.0504       |
|    approx_kl                      | 0.0012303346 |
|    clip_fraction                  | 0.0285       |
|    clip_range                     | 0.1          |
|    clip_range_vf                  | 0.2          |
|    entropy_loss                   | 39.2         |
|    explained_variance             | 0.653        |
|    learning_rate                  | 1e-06        |
|    loss                           | 1.52         |
|    n_updates                      | 310          |
|    policy_gradient_loss           | -0.00216     |
|    std                            | 0.0504       |
|    std_max                        | 0.0504       |
|    std_min                        | 0.0503       |
|    value_loss                     | 1.23         |
----------------------------------------------------
PARITY max_torque=23.700 23.700 45.430
PARITY contact_mu=0.450
PARITY body_height=0.320
PARITY Kp_body=100.000 100.000 100.000
PARITY Kd_body=30.000 30.000 30.000
PARITY Kp_ori=100.000 100.000 100.000
PARITY Kd_ori=10.000 10.000 10.000
PARITY Kp_foot=550.000 550.000 550.000
PARITY Kd_foot=10.000 10.000 10.000
PARITY Kp_joint=5.000 5.000 5.000
PARITY Kd_joint=3.000 3.000 3.000
PARITY floating_base_weight=50.000
PARITY control_mode=5.000
[HumanoidEnv] Reset state env_id=0 z=0.292 rpy=[-0.001, -0.002, 0.000]
---------------------------------------------------
| rollout/                          |             |
|    action_saturation_fraction     | 0           |
|    ep_len_mean                    | 757         |
|    ep_rew_mean                    | 498         |
|    episodes_noforce               | 154         |
|    force_direction_mean           | -1          |
|    force_onset_mean               | 1.41        |
|    force_requested_impulse_mean   | 0           |
|    is_fall_mean                   | 0.552       |
|    is_timeout_mean                | 0.448       |
|    recovery_noforce               | 0.448       |
|    timeout_without_onset_fraction | 0           |
|    timeouts                       | 69          |
| time/                             |             |
|    fps                            | 2171        |
|    iterations                     | 33          |
|    time_elapsed                   | 1991        |
|    total_timesteps                | 4325376     |
| train/                            |             |
|    action_std_00                  | 0.0504      |
|    action_std_01                  | 0.0504      |
|    action_std_02                  | 0.0504      |
|    action_std_03                  | 0.0504      |
|    action_std_04                  | 0.0504      |
|    action_std_05                  | 0.0504      |
|    action_std_06                  | 0.0504      |
|    action_std_07                  | 0.0504      |
|    action_std_08                  | 0.0504      |
|    action_std_09                  | 0.0504      |
|    action_std_10                  | 0.0503      |
|    action_std_11                  | 0.0504      |
|    action_std_12                  | 0.0504      |
|    action_std_13                  | 0.0504      |
|    action_std_14                  | 0.0504      |
|    action_std_15                  | 0.0504      |
|    action_std_16                  | 0.0504      |
|    action_std_17                  | 0.0504      |
|    action_std_18                  | 0.0503      |
|    action_std_19                  | 0.0505      |
|    action_std_20                  | 0.0504      |
|    action_std_21                  | 0.0504      |
|    action_std_22                  | 0.0505      |
|    action_std_23                  | 0.0504      |
|    action_std_24                  | 0.0504      |
|    approx_kl                      | 0.001229503 |
|    clip_fraction                  | 0.0294      |
|    clip_range                     | 0.1         |
|    clip_range_vf                  | 0.2         |
|    entropy_loss                   | 39.2        |
|    explained_variance             | 0.732       |
|    learning_rate                  | 1e-06       |
|    loss                           | 1.54        |
|    n_updates                      | 320         |
|    policy_gradient_loss           | -0.00235    |
|    std                            | 0.0504      |
|    std_max                        | 0.0505      |
|    std_min                        | 0.0503      |
|    value_loss                     | 1.23        |
---------------------------------------------------
----------------------------------------------------
| rollout/                          |              |
|    action_saturation_fraction     | 0            |
|    ep_len_mean                    | 789          |
|    ep_rew_mean                    | 518          |
|    episodes_noforce               | 176          |
|    force_direction_mean           | -1           |
|    force_onset_mean               | 1.41         |
|    force_requested_impulse_mean   | 0            |
|    is_fall_mean                   | 0.455        |
|    is_timeout_mean                | 0.545        |
|    recovery_noforce               | 0.545        |
|    timeout_without_onset_fraction | 0            |
|    timeouts                       | 96           |
| time/                             |              |
|    fps                            | 2170         |
|    iterations                     | 34           |
|    time_elapsed                   | 2053         |
|    total_timesteps                | 4456448      |
| train/                            |              |
|    action_std_00                  | 0.0504       |
|    action_std_01                  | 0.0504       |
|    action_std_02                  | 0.0504       |
|    action_std_03                  | 0.0504       |
|    action_std_04                  | 0.0504       |
|    action_std_05                  | 0.0504       |
|    action_std_06                  | 0.0504       |
|    action_std_07                  | 0.0504       |
|    action_std_08                  | 0.0504       |
|    action_std_09                  | 0.0504       |
|    action_std_10                  | 0.0504       |
|    action_std_11                  | 0.0504       |
|    action_std_12                  | 0.0504       |
|    action_std_13                  | 0.0504       |
|    action_std_14                  | 0.0505       |
|    action_std_15                  | 0.0504       |
|    action_std_16                  | 0.0504       |
|    action_std_17                  | 0.0505       |
|    action_std_18                  | 0.0504       |
|    action_std_19                  | 0.0505       |
|    action_std_20                  | 0.0504       |
|    action_std_21                  | 0.0504       |
|    action_std_22                  | 0.0505       |
|    action_std_23                  | 0.0504       |
|    action_std_24                  | 0.0504       |
|    approx_kl                      | 0.0012752584 |
|    clip_fraction                  | 0.0308       |
|    clip_range                     | 0.1          |
|    clip_range_vf                  | 0.2          |
|    entropy_loss                   | 39.2         |
|    explained_variance             | 0.707        |
|    learning_rate                  | 1e-06        |
|    loss                           | 1.5          |
|    n_updates                      | 330          |
|    policy_gradient_loss           | -0.00242     |
|    std                            | 0.0504       |
|    std_max                        | 0.0505       |
|    std_min                        | 0.0504       |
|    value_loss                     | 1.18         |
----------------------------------------------------
[HumanoidEnv] unhealthy terminate at step=818 z=0.199948 rpy=[-0.361758, 0.0990291, -0.49934] v_body=[-0.085578, -1.22431, -1.11536]
PARITY max_torque=23.700 23.700 45.430
PARITY contact_mu=0.450
PARITY body_height=0.320
PARITY Kp_body=100.000 100.000 100.000
PARITY Kd_body=30.000 30.000 30.000
PARITY Kp_ori=100.000 100.000 100.000
PARITY Kd_ori=10.000 10.000 10.000
PARITY Kp_foot=550.000 550.000 550.000
PARITY Kd_foot=10.000 10.000 10.000
PARITY Kp_joint=5.000 5.000 5.000
PARITY Kd_joint=3.000 3.000 3.000
PARITY floating_base_weight=50.000
PARITY control_mode=5.000
[HumanoidEnv] Reset state env_id=0 z=0.316 rpy=[0.001, -0.003, -0.000]
----------------------------------------------------
| rollout/                          |              |
|    action_saturation_fraction     | 0            |
|    ep_len_mean                    | 799          |
|    ep_rew_mean                    | 527          |
|    episodes_noforce               | 168          |
|    force_direction_mean           | -1           |
|    force_onset_mean               | 1.4          |
|    force_requested_impulse_mean   | 0            |
|    is_fall_mean                   | 0.548        |
|    is_timeout_mean                | 0.452        |
|    recovery_noforce               | 0.452        |
|    timeout_without_onset_fraction | 0            |
|    timeouts                       | 76           |
| time/                             |              |
|    fps                            | 2169         |
|    iterations                     | 35           |
|    time_elapsed                   | 2114         |
|    total_timesteps                | 4587520      |
| train/                            |              |
|    action_std_00                  | 0.0505       |
|    action_std_01                  | 0.0504       |
|    action_std_02                  | 0.0504       |
|    action_std_03                  | 0.0504       |
|    action_std_04                  | 0.0505       |
|    action_std_05                  | 0.0504       |
|    action_std_06                  | 0.0504       |
|    action_std_07                  | 0.0504       |
|    action_std_08                  | 0.0504       |
|    action_std_09                  | 0.0504       |
|    action_std_10                  | 0.0504       |
|    action_std_11                  | 0.0504       |
|    action_std_12                  | 0.0504       |
|    action_std_13                  | 0.0504       |
|    action_std_14                  | 0.0505       |
|    action_std_15                  | 0.0504       |
|    action_std_16                  | 0.0504       |
|    action_std_17                  | 0.0505       |
|    action_std_18                  | 0.0504       |
|    action_std_19                  | 0.0505       |
|    action_std_20                  | 0.0504       |
|    action_std_21                  | 0.0504       |
|    action_std_22                  | 0.0505       |
|    action_std_23                  | 0.0504       |
|    action_std_24                  | 0.0504       |
|    approx_kl                      | 0.0013070455 |
|    clip_fraction                  | 0.0335       |
|    clip_range                     | 0.1          |
|    clip_range_vf                  | 0.2          |
|    entropy_loss                   | 39.2         |
|    explained_variance             | 0.711        |
|    learning_rate                  | 1e-06        |
|    loss                           | 1.47         |
|    n_updates                      | 340          |
|    policy_gradient_loss           | -0.00245     |
|    std                            | 0.0504       |
|    std_max                        | 0.0505       |
|    std_min                        | 0.0504       |
|    value_loss                     | 1.11         |
----------------------------------------------------
[HumanoidEnv] unhealthy terminate at step=595 z=0.19523 rpy=[0.480991, 0.00343386, 0.42353] v_body=[0.203506, 1.03149, -0.889952]
PARITY max_torque=23.700 23.700 45.430
PARITY contact_mu=0.450
PARITY body_height=0.320
PARITY Kp_body=100.000 100.000 100.000
PARITY Kd_body=30.000 30.000 30.000
PARITY Kp_ori=100.000 100.000 100.000
PARITY Kd_ori=10.000 10.000 10.000
PARITY Kp_foot=550.000 550.000 550.000
PARITY Kd_foot=10.000 10.000 10.000
PARITY Kp_joint=5.000 5.000 5.000
PARITY Kd_joint=3.000 3.000 3.000
PARITY floating_base_weight=50.000
PARITY control_mode=5.000
[HumanoidEnv] Reset state env_id=0 z=0.317 rpy=[-0.000, -0.003, -0.000]
----------------------------------------------------
| rollout/                          |              |
|    action_saturation_fraction     | 0            |
|    ep_len_mean                    | 800          |
|    ep_rew_mean                    | 523          |
|    episodes_noforce               | 169          |
|    force_direction_mean           | -1           |
|    force_onset_mean               | 1.4          |
|    force_requested_impulse_mean   | 0            |
|    is_fall_mean                   | 0.515        |
|    is_timeout_mean                | 0.485        |
|    recovery_noforce               | 0.485        |
|    timeout_without_onset_fraction | 0            |
|    timeouts                       | 82           |
| time/                             |              |
|    fps                            | 2168         |
|    iterations                     | 36           |
|    time_elapsed                   | 2175         |
|    total_timesteps                | 4718592      |
| train/                            |              |
|    action_std_00                  | 0.0505       |
|    action_std_01                  | 0.0505       |
|    action_std_02                  | 0.0505       |
|    action_std_03                  | 0.0504       |
|    action_std_04                  | 0.0505       |
|    action_std_05                  | 0.0504       |
|    action_std_06                  | 0.0504       |
|    action_std_07                  | 0.0504       |
|    action_std_08                  | 0.0504       |
|    action_std_09                  | 0.0504       |
|    action_std_10                  | 0.0504       |
|    action_std_11                  | 0.0505       |
|    action_std_12                  | 0.0504       |
|    action_std_13                  | 0.0504       |
|    action_std_14                  | 0.0505       |
|    action_std_15                  | 0.0504       |
|    action_std_16                  | 0.0504       |
|    action_std_17                  | 0.0505       |
|    action_std_18                  | 0.0504       |
|    action_std_19                  | 0.0505       |
|    action_std_20                  | 0.0505       |
|    action_std_21                  | 0.0505       |
|    action_std_22                  | 0.0505       |
|    action_std_23                  | 0.0505       |
|    action_std_24                  | 0.0504       |
|    approx_kl                      | 0.0012510745 |
|    clip_fraction                  | 0.0316       |
|    clip_range                     | 0.1          |
|    clip_range_vf                  | 0.2          |
|    entropy_loss                   | 39.2         |
|    explained_variance             | 0.696        |
|    learning_rate                  | 1e-06        |
|    loss                           | 1.38         |
|    n_updates                      | 350          |
|    policy_gradient_loss           | -0.00232     |
|    std                            | 0.0504       |
|    std_max                        | 0.0505       |
|    std_min                        | 0.0504       |
|    value_loss                     | 1.15         |
----------------------------------------------------
[HumanoidEnv] unhealthy terminate at step=296 z=0.199962 rpy=[1.92727, 0.289581, -0.00126795] v_body=[-0.213776, 0.489502, 0.359367]
PARITY max_torque=23.700 23.700 45.430
PARITY contact_mu=0.450
PARITY body_height=0.320
PARITY Kp_body=100.000 100.000 100.000
PARITY Kd_body=30.000 30.000 30.000
PARITY Kp_ori=100.000 100.000 100.000
PARITY Kd_ori=10.000 10.000 10.000
PARITY Kp_foot=550.000 550.000 550.000
PARITY Kd_foot=10.000 10.000 10.000
PARITY Kp_joint=5.000 5.000 5.000
PARITY Kd_joint=3.000 3.000 3.000
PARITY floating_base_weight=50.000
PARITY control_mode=5.000
[HumanoidEnv] Reset state env_id=0 z=0.296 rpy=[0.001, -0.002, 0.000]
----------------------------------------------------
| rollout/                          |              |
|    action_saturation_fraction     | 0            |
|    ep_len_mean                    | 810          |
|    ep_rew_mean                    | 535          |
|    episodes_noforce               | 148          |
|    force_direction_mean           | -1           |
|    force_onset_mean               | 1.4          |
|    force_requested_impulse_mean   | 0            |
|    is_fall_mean                   | 0.453        |
|    is_timeout_mean                | 0.547        |
|    recovery_noforce               | 0.547        |
|    timeout_without_onset_fraction | 0            |
|    timeouts                       | 81           |
| time/                             |              |
|    fps                            | 2168         |
|    iterations                     | 37           |
|    time_elapsed                   | 2236         |
|    total_timesteps                | 4849664      |
| train/                            |              |
|    action_std_00                  | 0.0505       |
|    action_std_01                  | 0.0505       |
|    action_std_02                  | 0.0505       |
|    action_std_03                  | 0.0504       |
|    action_std_04                  | 0.0505       |
|    action_std_05                  | 0.0505       |
|    action_std_06                  | 0.0504       |
|    action_std_07                  | 0.0505       |
|    action_std_08                  | 0.0505       |
|    action_std_09                  | 0.0504       |
|    action_std_10                  | 0.0504       |
|    action_std_11                  | 0.0505       |
|    action_std_12                  | 0.0504       |
|    action_std_13                  | 0.0504       |
|    action_std_14                  | 0.0505       |
|    action_std_15                  | 0.0504       |
|    action_std_16                  | 0.0505       |
|    action_std_17                  | 0.0505       |
|    action_std_18                  | 0.0504       |
|    action_std_19                  | 0.0505       |
|    action_std_20                  | 0.0505       |
|    action_std_21                  | 0.0505       |
|    action_std_22                  | 0.0505       |
|    action_std_23                  | 0.0505       |
|    action_std_24                  | 0.0504       |
|    approx_kl                      | 0.0012563195 |
|    clip_fraction                  | 0.0319       |
|    clip_range                     | 0.1          |
|    clip_range_vf                  | 0.2          |
|    entropy_loss                   | 39.2         |
|    explained_variance             | 0.723        |
|    learning_rate                  | 1e-06        |
|    loss                           | 1.47         |
|    n_updates                      | 360          |
|    policy_gradient_loss           | -0.0024      |
|    std                            | 0.0505       |
|    std_max                        | 0.0505       |
|    std_min                        | 0.0504       |
|    value_loss                     | 1.12         |
----------------------------------------------------
----------------------------------------------------
| rollout/                          |              |
|    action_saturation_fraction     | 0            |
|    ep_len_mean                    | 808          |
|    ep_rew_mean                    | 531          |
|    episodes_noforce               | 169          |
|    force_direction_mean           | -1           |
|    force_onset_mean               | 1.39         |
|    force_requested_impulse_mean   | 0            |
|    is_fall_mean                   | 0.45         |
|    is_timeout_mean                | 0.55         |
|    recovery_noforce               | 0.55         |
|    timeout_without_onset_fraction | 0            |
|    timeouts                       | 93           |
| time/                             |              |
|    fps                            | 2167         |
|    iterations                     | 38           |
|    time_elapsed                   | 2298         |
|    total_timesteps                | 4980736      |
| train/                            |              |
|    action_std_00                  | 0.0505       |
|    action_std_01                  | 0.0505       |
|    action_std_02                  | 0.0505       |
|    action_std_03                  | 0.0504       |
|    action_std_04                  | 0.0505       |
|    action_std_05                  | 0.0505       |
|    action_std_06                  | 0.0505       |
|    action_std_07                  | 0.0505       |
|    action_std_08                  | 0.0505       |
|    action_std_09                  | 0.0504       |
|    action_std_10                  | 0.0504       |
|    action_std_11                  | 0.0505       |
|    action_std_12                  | 0.0505       |
|    action_std_13                  | 0.0504       |
|    action_std_14                  | 0.0505       |
|    action_std_15                  | 0.0505       |
|    action_std_16                  | 0.0505       |
|    action_std_17                  | 0.0505       |
|    action_std_18                  | 0.0504       |
|    action_std_19                  | 0.0505       |
|    action_std_20                  | 0.0505       |
|    action_std_21                  | 0.0505       |
|    action_std_22                  | 0.0505       |
|    action_std_23                  | 0.0505       |
|    action_std_24                  | 0.0504       |
|    approx_kl                      | 0.0012573964 |
|    clip_fraction                  | 0.0316       |
|    clip_range                     | 0.1          |
|    clip_range_vf                  | 0.2          |
|    entropy_loss                   | 39.2         |
|    explained_variance             | 0.69         |
|    learning_rate                  | 1e-06        |
|    loss                           | 1.3          |
|    n_updates                      | 370          |
|    policy_gradient_loss           | -0.0023      |
|    std                            | 0.0505       |
|    std_max                        | 0.0505       |
|    std_min                        | 0.0504       |
|    value_loss                     | 1.09         |
----------------------------------------------------
PARITY max_torque=23.700 23.700 45.430
PARITY contact_mu=0.450
PARITY body_height=0.320
PARITY Kp_body=100.000 100.000 100.000
PARITY Kd_body=30.000 30.000 30.000
PARITY Kp_ori=100.000 100.000 100.000
PARITY Kd_ori=10.000 10.000 10.000
PARITY Kp_foot=550.000 550.000 550.000
PARITY Kd_foot=10.000 10.000 10.000
PARITY Kp_joint=5.000 5.000 5.000
PARITY Kd_joint=3.000 3.000 3.000
PARITY floating_base_weight=50.000
PARITY control_mode=5.000
[HumanoidEnv] Reset state env_id=0 z=0.285 rpy=[0.002, -0.000, 0.000]
----------------------------------------------------
| rollout/                          |              |
|    action_saturation_fraction     | 0            |
|    ep_len_mean                    | 771          |
|    ep_rew_mean                    | 502          |
|    episodes_noforce               | 168          |
|    force_direction_mean           | -1           |
|    force_onset_mean               | 1.4          |
|    force_requested_impulse_mean   | 0            |
|    is_fall_mean                   | 0.536        |
|    is_timeout_mean                | 0.464        |
|    recovery_noforce               | 0.464        |
|    timeout_without_onset_fraction | 0            |
|    timeouts                       | 78           |
| time/                             |              |
|    fps                            | 2166         |
|    iterations                     | 39           |
|    time_elapsed                   | 2359         |
|    total_timesteps                | 5111808      |
| train/                            |              |
|    action_std_00                  | 0.0505       |
|    action_std_01                  | 0.0505       |
|    action_std_02                  | 0.0505       |
|    action_std_03                  | 0.0504       |
|    action_std_04                  | 0.0505       |
|    action_std_05                  | 0.0505       |
|    action_std_06                  | 0.0505       |
|    action_std_07                  | 0.0505       |
|    action_std_08                  | 0.0505       |
|    action_std_09                  | 0.0504       |
|    action_std_10                  | 0.0504       |
|    action_std_11                  | 0.0505       |
|    action_std_12                  | 0.0505       |
|    action_std_13                  | 0.0504       |
|    action_std_14                  | 0.0505       |
|    action_std_15                  | 0.0505       |
|    action_std_16                  | 0.0505       |
|    action_std_17                  | 0.0505       |
|    action_std_18                  | 0.0504       |
|    action_std_19                  | 0.0505       |
|    action_std_20                  | 0.0505       |
|    action_std_21                  | 0.0505       |
|    action_std_22                  | 0.0505       |
|    action_std_23                  | 0.0505       |
|    action_std_24                  | 0.0505       |
|    approx_kl                      | 0.0011626997 |
|    clip_fraction                  | 0.0253       |
|    clip_range                     | 0.1          |
|    clip_range_vf                  | 0.2          |
|    entropy_loss                   | 39.2         |
|    explained_variance             | 0.714        |
|    learning_rate                  | 1e-06        |
|    loss                           | 1.42         |
|    n_updates                      | 380          |
|    policy_gradient_loss           | -0.00211     |
|    std                            | 0.0505       |
|    std_max                        | 0.0505       |
|    std_min                        | 0.0504       |
|    value_loss                     | 1.07         |
----------------------------------------------------
[HumanoidEnv] unhealthy terminate at step=803 z=0.197821 rpy=[-1.13115, 0.310976, 0.350253] v_body=[-0.511726, -0.414982, -0.393512]
PARITY max_torque=23.700 23.700 45.430
PARITY contact_mu=0.450
PARITY body_height=0.320
PARITY Kp_body=100.000 100.000 100.000
PARITY Kd_body=30.000 30.000 30.000
PARITY Kp_ori=100.000 100.000 100.000
PARITY Kd_ori=10.000 10.000 10.000
PARITY Kp_foot=550.000 550.000 550.000
PARITY Kd_foot=10.000 10.000 10.000
PARITY Kp_joint=5.000 5.000 5.000
PARITY Kd_joint=3.000 3.000 3.000
PARITY floating_base_weight=50.000
PARITY control_mode=5.000
[HumanoidEnv] Reset state env_id=0 z=0.305 rpy=[0.000, -0.001, 0.000]
----------------------------------------------------
| rollout/                          |              |
|    action_saturation_fraction     | 0            |
|    ep_len_mean                    | 776          |
|    ep_rew_mean                    | 511          |
|    episodes_noforce               | 162          |
|    force_direction_mean           | -1           |
|    force_onset_mean               | 1.37         |
|    force_requested_impulse_mean   | 0            |
|    is_fall_mean                   | 0.5          |
|    is_timeout_mean                | 0.5          |
|    recovery_noforce               | 0.5          |
|    timeout_without_onset_fraction | 0            |
|    timeouts                       | 81           |
| time/                             |              |
|    fps                            | 2165         |
|    iterations                     | 40           |
|    time_elapsed                   | 2421         |
|    total_timesteps                | 5242880      |
| train/                            |              |
|    action_std_00                  | 0.0505       |
|    action_std_01                  | 0.0505       |
|    action_std_02                  | 0.0505       |
|    action_std_03                  | 0.0504       |
|    action_std_04                  | 0.0505       |
|    action_std_05                  | 0.0505       |
|    action_std_06                  | 0.0505       |
|    action_std_07                  | 0.0505       |
|    action_std_08                  | 0.0505       |
|    action_std_09                  | 0.0505       |
|    action_std_10                  | 0.0504       |
|    action_std_11                  | 0.0505       |
|    action_std_12                  | 0.0505       |
|    action_std_13                  | 0.0505       |
|    action_std_14                  | 0.0505       |
|    action_std_15                  | 0.0505       |
|    action_std_16                  | 0.0505       |
|    action_std_17                  | 0.0506       |
|    action_std_18                  | 0.0505       |
|    action_std_19                  | 0.0506       |
|    action_std_20                  | 0.0505       |
|    action_std_21                  | 0.0505       |
|    action_std_22                  | 0.0506       |
|    action_std_23                  | 0.0505       |
|    action_std_24                  | 0.0505       |
|    approx_kl                      | 0.0012770912 |
|    clip_fraction                  | 0.033        |
|    clip_range                     | 0.1          |
|    clip_range_vf                  | 0.2          |
|    entropy_loss                   | 39.2         |
|    explained_variance             | 0.751        |
|    learning_rate                  | 1e-06        |
|    loss                           | 1.3          |
|    n_updates                      | 390          |
|    policy_gradient_loss           | -0.0025      |
|    std                            | 0.0505       |
|    std_max                        | 0.0506       |
|    std_min                        | 0.0504       |
|    value_loss                     | 0.999        |
----------------------------------------------------
----------------------------------------------------
| rollout/                          |              |
|    action_saturation_fraction     | 0            |
|    ep_len_mean                    | 819          |
|    ep_rew_mean                    | 536          |
|    episodes_noforce               | 158          |
|    force_direction_mean           | -1           |
|    force_onset_mean               | 1.4          |
|    force_requested_impulse_mean   | 0            |
|    is_fall_mean                   | 0.449        |
|    is_timeout_mean                | 0.551        |
|    recovery_noforce               | 0.551        |
|    timeout_without_onset_fraction | 0            |
|    timeouts                       | 87           |
| time/                             |              |
|    fps                            | 2164         |
|    iterations                     | 41           |
|    time_elapsed                   | 2483         |
|    total_timesteps                | 5373952      |
| train/                            |              |
|    action_std_00                  | 0.0505       |
|    action_std_01                  | 0.0505       |
|    action_std_02                  | 0.0505       |
|    action_std_03                  | 0.0505       |
|    action_std_04                  | 0.0505       |
|    action_std_05                  | 0.0505       |
|    action_std_06                  | 0.0505       |
|    action_std_07                  | 0.0505       |
|    action_std_08                  | 0.0505       |
|    action_std_09                  | 0.0505       |
|    action_std_10                  | 0.0505       |
|    action_std_11                  | 0.0505       |
|    action_std_12                  | 0.0505       |
|    action_std_13                  | 0.0505       |
|    action_std_14                  | 0.0505       |
|    action_std_15                  | 0.0505       |
|    action_std_16                  | 0.0505       |
|    action_std_17                  | 0.0506       |
|    action_std_18                  | 0.0505       |
|    action_std_19                  | 0.0506       |
|    action_std_20                  | 0.0505       |
|    action_std_21                  | 0.0505       |
|    action_std_22                  | 0.0506       |
|    action_std_23                  | 0.0505       |
|    action_std_24                  | 0.0505       |
|    approx_kl                      | 0.0012674527 |
|    clip_fraction                  | 0.0315       |
|    clip_range                     | 0.1          |
|    clip_range_vf                  | 0.2          |
|    entropy_loss                   | 39.2         |
|    explained_variance             | 0.721        |
|    learning_rate                  | 1e-06        |
|    loss                           | 1.26         |
|    n_updates                      | 400          |
|    policy_gradient_loss           | -0.0024      |
|    std                            | 0.0505       |
|    std_max                        | 0.0506       |
|    std_min                        | 0.0505       |
|    value_loss                     | 1            |
----------------------------------------------------
PARITY max_torque=23.700 23.700 45.430
PARITY contact_mu=0.450
PARITY body_height=0.320
PARITY Kp_body=100.000 100.000 100.000
PARITY Kd_body=30.000 30.000 30.000
PARITY Kp_ori=100.000 100.000 100.000
PARITY Kd_ori=10.000 10.000 10.000
PARITY Kp_foot=550.000 550.000 550.000
PARITY Kd_foot=10.000 10.000 10.000
PARITY Kp_joint=5.000 5.000 5.000
PARITY Kd_joint=3.000 3.000 3.000
PARITY floating_base_weight=50.000
PARITY control_mode=5.000
[HumanoidEnv] Reset state env_id=0 z=0.296 rpy=[-0.000, -0.000, 0.000]
----------------------------------------------------
| rollout/                          |              |
|    action_saturation_fraction     | 0            |
|    ep_len_mean                    | 811          |
|    ep_rew_mean                    | 533          |
|    episodes_noforce               | 165          |
|    force_direction_mean           | -1           |
|    force_onset_mean               | 1.39         |
|    force_requested_impulse_mean   | 0            |
|    is_fall_mean                   | 0.412        |
|    is_timeout_mean                | 0.588        |
|    recovery_noforce               | 0.588        |
|    timeout_without_onset_fraction | 0            |
|    timeouts                       | 97           |
| time/                             |              |
|    fps                            | 2163         |
|    iterations                     | 42           |
|    time_elapsed                   | 2544         |
|    total_timesteps                | 5505024      |
| train/                            |              |
|    action_std_00                  | 0.0505       |
|    action_std_01                  | 0.0505       |
|    action_std_02                  | 0.0505       |
|    action_std_03                  | 0.0505       |
|    action_std_04                  | 0.0505       |
|    action_std_05                  | 0.0505       |
|    action_std_06                  | 0.0505       |
|    action_std_07                  | 0.0505       |
|    action_std_08                  | 0.0505       |
|    action_std_09                  | 0.0505       |
|    action_std_10                  | 0.0505       |
|    action_std_11                  | 0.0505       |
|    action_std_12                  | 0.0505       |
|    action_std_13                  | 0.0505       |
|    action_std_14                  | 0.0506       |
|    action_std_15                  | 0.0505       |
|    action_std_16                  | 0.0505       |
|    action_std_17                  | 0.0506       |
|    action_std_18                  | 0.0505       |
|    action_std_19                  | 0.0506       |
|    action_std_20                  | 0.0505       |
|    action_std_21                  | 0.0506       |
|    action_std_22                  | 0.0506       |
|    action_std_23                  | 0.0505       |
|    action_std_24                  | 0.0505       |
|    approx_kl                      | 0.0012549479 |
|    clip_fraction                  | 0.0296       |
|    clip_range                     | 0.1          |
|    clip_range_vf                  | 0.2          |
|    entropy_loss                   | 39.2         |
|    explained_variance             | 0.716        |
|    learning_rate                  | 1e-06        |
|    loss                           | 1.31         |
|    n_updates                      | 410          |
|    policy_gradient_loss           | -0.00221     |
|    std                            | 0.0505       |
|    std_max                        | 0.0506       |
|    std_min                        | 0.0505       |
|    value_loss                     | 0.923        |
----------------------------------------------------
----------------------------------------------------
| rollout/                          |              |
|    action_saturation_fraction     | 0            |
|    ep_len_mean                    | 810          |
|    ep_rew_mean                    | 533          |
|    episodes_noforce               | 166          |
|    force_direction_mean           | -1           |
|    force_onset_mean               | 1.37         |
|    force_requested_impulse_mean   | 0            |
|    is_fall_mean                   | 0.452        |
|    is_timeout_mean                | 0.548        |
|    recovery_noforce               | 0.548        |
|    timeout_without_onset_fraction | 0            |
|    timeouts                       | 91           |
| time/                             |              |
|    fps                            | 2162         |
|    iterations                     | 43           |
|    time_elapsed                   | 2606         |
|    total_timesteps                | 5636096      |
| train/                            |              |
|    action_std_00                  | 0.0505       |
|    action_std_01                  | 0.0505       |
|    action_std_02                  | 0.0505       |
|    action_std_03                  | 0.0505       |
|    action_std_04                  | 0.0506       |
|    action_std_05                  | 0.0505       |
|    action_std_06                  | 0.0505       |
|    action_std_07                  | 0.0505       |
|    action_std_08                  | 0.0505       |
|    action_std_09                  | 0.0505       |
|    action_std_10                  | 0.0505       |
|    action_std_11                  | 0.0505       |
|    action_std_12                  | 0.0505       |
|    action_std_13                  | 0.0505       |
|    action_std_14                  | 0.0506       |
|    action_std_15                  | 0.0505       |
|    action_std_16                  | 0.0505       |
|    action_std_17                  | 0.0506       |
|    action_std_18                  | 0.0505       |
|    action_std_19                  | 0.0506       |
|    action_std_20                  | 0.0505       |
|    action_std_21                  | 0.0506       |
|    action_std_22                  | 0.0506       |
|    action_std_23                  | 0.0505       |
|    action_std_24                  | 0.0505       |
|    approx_kl                      | 0.0012120063 |
|    clip_fraction                  | 0.0284       |
|    clip_range                     | 0.1          |
|    clip_range_vf                  | 0.2          |
|    entropy_loss                   | 39.2         |
|    explained_variance             | 0.739        |
|    learning_rate                  | 1e-06        |
|    loss                           | 1.31         |
|    n_updates                      | 420          |
|    policy_gradient_loss           | -0.00228     |
|    std                            | 0.0505       |
|    std_max                        | 0.0506       |
|    std_min                        | 0.0505       |
|    value_loss                     | 0.923        |
----------------------------------------------------
[HumanoidEnv] unhealthy terminate at step=910 z=0.191946 rpy=[-1.71633, -0.0892874, 0.0252842] v_body=[-1.88357, -0.970288, 0.334718]
PARITY max_torque=23.700 23.700 45.430
PARITY contact_mu=0.450
PARITY body_height=0.320
PARITY Kp_body=100.000 100.000 100.000
PARITY Kd_body=30.000 30.000 30.000
PARITY Kp_ori=100.000 100.000 100.000
PARITY Kd_ori=10.000 10.000 10.000
PARITY Kp_foot=550.000 550.000 550.000
PARITY Kd_foot=10.000 10.000 10.000
PARITY Kp_joint=5.000 5.000 5.000
PARITY Kd_joint=3.000 3.000 3.000
PARITY floating_base_weight=50.000
PARITY control_mode=5.000
[HumanoidEnv] Reset state env_id=0 z=0.308 rpy=[0.000, -0.001, 0.000]
[HumanoidEnv] unhealthy terminate at step=213 z=0.186222 rpy=[0.966313, 0.256029, 1.84338] v_body=[-1.45203, 0.854053, -0.684259]
PARITY max_torque=23.700 23.700 45.430
PARITY contact_mu=0.450
PARITY body_height=0.320
PARITY Kp_body=100.000 100.000 100.000
PARITY Kd_body=30.000 30.000 30.000
PARITY Kp_ori=100.000 100.000 100.000
PARITY Kd_ori=10.000 10.000 10.000
PARITY Kp_foot=550.000 550.000 550.000
PARITY Kd_foot=10.000 10.000 10.000
PARITY Kp_joint=5.000 5.000 5.000
PARITY Kd_joint=3.000 3.000 3.000
PARITY floating_base_weight=50.000
PARITY control_mode=5.000
[HumanoidEnv] Reset state env_id=0 z=0.279 rpy=[-0.002, 0.000, 0.001]
----------------------------------------------------
| rollout/                          |              |
|    action_saturation_fraction     | 0            |
|    ep_len_mean                    | 807          |
|    ep_rew_mean                    | 528          |
|    episodes_noforce               | 166          |
|    force_direction_mean           | -1           |
|    force_onset_mean               | 1.39         |
|    force_requested_impulse_mean   | 0            |
|    is_fall_mean                   | 0.488        |
|    is_timeout_mean                | 0.512        |
|    recovery_noforce               | 0.512        |
|    timeout_without_onset_fraction | 0            |
|    timeouts                       | 85           |
| time/                             |              |
|    fps                            | 2162         |
|    iterations                     | 44           |
|    time_elapsed                   | 2667         |
|    total_timesteps                | 5767168      |
| train/                            |              |
|    action_std_00                  | 0.0505       |
|    action_std_01                  | 0.0505       |
|    action_std_02                  | 0.0506       |
|    action_std_03                  | 0.0505       |
|    action_std_04                  | 0.0506       |
|    action_std_05                  | 0.0505       |
|    action_std_06                  | 0.0505       |
|    action_std_07                  | 0.0505       |
|    action_std_08                  | 0.0505       |
|    action_std_09                  | 0.0505       |
|    action_std_10                  | 0.0505       |
|    action_std_11                  | 0.0505       |
|    action_std_12                  | 0.0505       |
|    action_std_13                  | 0.0505       |
|    action_std_14                  | 0.0506       |
|    action_std_15                  | 0.0505       |
|    action_std_16                  | 0.0506       |
|    action_std_17                  | 0.0506       |
|    action_std_18                  | 0.0505       |
|    action_std_19                  | 0.0506       |
|    action_std_20                  | 0.0506       |
|    action_std_21                  | 0.0506       |
|    action_std_22                  | 0.0506       |
|    action_std_23                  | 0.0506       |
|    action_std_24                  | 0.0505       |
|    approx_kl                      | 0.0012661456 |
|    clip_fraction                  | 0.0304       |
|    clip_range                     | 0.1          |
|    clip_range_vf                  | 0.2          |
|    entropy_loss                   | 39.2         |
|    explained_variance             | 0.744        |
|    learning_rate                  | 1e-06        |
|    loss                           | 1.39         |
|    n_updates                      | 430          |
|    policy_gradient_loss           | -0.00236     |
|    std                            | 0.0505       |
|    std_max                        | 0.0506       |
|    std_min                        | 0.0505       |
|    value_loss                     | 0.914        |
----------------------------------------------------
----------------------------------------------------
| rollout/                          |              |
|    action_saturation_fraction     | 0            |
|    ep_len_mean                    | 827          |
|    ep_rew_mean                    | 540          |
|    episodes_noforce               | 161          |
|    force_direction_mean           | -1           |
|    force_onset_mean               | 1.4          |
|    force_requested_impulse_mean   | 0            |
|    is_fall_mean                   | 0.484        |
|    is_timeout_mean                | 0.516        |
|    recovery_noforce               | 0.516        |
|    timeout_without_onset_fraction | 0            |
|    timeouts                       | 83           |
| time/                             |              |
|    fps                            | 2161         |
|    iterations                     | 45           |
|    time_elapsed                   | 2728         |
|    total_timesteps                | 5898240      |
| train/                            |              |
|    action_std_00                  | 0.0506       |
|    action_std_01                  | 0.0506       |
|    action_std_02                  | 0.0506       |
|    action_std_03                  | 0.0505       |
|    action_std_04                  | 0.0506       |
|    action_std_05                  | 0.0506       |
|    action_std_06                  | 0.0506       |
|    action_std_07                  | 0.0505       |
|    action_std_08                  | 0.0506       |
|    action_std_09                  | 0.0505       |
|    action_std_10                  | 0.0505       |
|    action_std_11                  | 0.0506       |
|    action_std_12                  | 0.0505       |
|    action_std_13                  | 0.0505       |
|    action_std_14                  | 0.0506       |
|    action_std_15                  | 0.0505       |
|    action_std_16                  | 0.0506       |
|    action_std_17                  | 0.0506       |
|    action_std_18                  | 0.0505       |
|    action_std_19                  | 0.0506       |
|    action_std_20                  | 0.0506       |
|    action_std_21                  | 0.0506       |
|    action_std_22                  | 0.0506       |
|    action_std_23                  | 0.0506       |
|    action_std_24                  | 0.0505       |
|    approx_kl                      | 0.0012620352 |
|    clip_fraction                  | 0.0313       |
|    clip_range                     | 0.1          |
|    clip_range_vf                  | 0.2          |
|    entropy_loss                   | 39.1         |
|    explained_variance             | 0.756        |
|    learning_rate                  | 1e-06        |
|    loss                           | 1.2          |
|    n_updates                      | 440          |
|    policy_gradient_loss           | -0.00237     |
|    std                            | 0.0506       |
|    std_max                        | 0.0506       |
|    std_min                        | 0.0505       |
|    value_loss                     | 0.847        |
----------------------------------------------------
INFO:root:VecNormalize statistics saved at: ./data/delta/quadruped_ppo_model_ckpt_6000384_vecnormalize.pkl
INFO:root:Model saved at: ./data/delta/quadruped_ppo_model_ckpt_6000384.zip
INFO:root:Checkpoint written at 6000384 timesteps
PARITY max_torque=23.700 23.700 45.430
PARITY contact_mu=0.450
PARITY body_height=0.320
PARITY Kp_body=100.000 100.000 100.000
PARITY Kd_body=30.000 30.000 30.000
PARITY Kp_ori=100.000 100.000 100.000
PARITY Kd_ori=10.000 10.000 10.000
PARITY Kp_foot=550.000 550.000 550.000
PARITY Kd_foot=10.000 10.000 10.000
PARITY Kp_joint=5.000 5.000 5.000
PARITY Kd_joint=3.000 3.000 3.000
PARITY floating_base_weight=50.000
PARITY control_mode=5.000
[HumanoidEnv] Reset state env_id=0 z=0.303 rpy=[-0.001, -0.003, 0.000]
----------------------------------------------------
| rollout/                          |              |
|    action_saturation_fraction     | 0            |
|    ep_len_mean                    | 810          |
|    ep_rew_mean                    | 534          |
|    episodes_noforce               | 162          |
|    force_direction_mean           | -1           |
|    force_onset_mean               | 1.41         |
|    force_requested_impulse_mean   | 0            |
|    is_fall_mean                   | 0.463        |
|    is_timeout_mean                | 0.537        |
|    recovery_noforce               | 0.537        |
|    timeout_without_onset_fraction | 0            |
|    timeouts                       | 87           |
| time/                             |              |
|    fps                            | 2161         |
|    iterations                     | 46           |
|    time_elapsed                   | 2789         |
|    total_timesteps                | 6029312      |
| train/                            |              |
|    action_std_00                  | 0.0506       |
|    action_std_01                  | 0.0506       |
|    action_std_02                  | 0.0506       |
|    action_std_03                  | 0.0505       |
|    action_std_04                  | 0.0506       |
|    action_std_05                  | 0.0506       |
|    action_std_06                  | 0.0506       |
|    action_std_07                  | 0.0506       |
|    action_std_08                  | 0.0506       |
|    action_std_09                  | 0.0505       |
|    action_std_10                  | 0.0505       |
|    action_std_11                  | 0.0506       |
|    action_std_12                  | 0.0505       |
|    action_std_13                  | 0.0505       |
|    action_std_14                  | 0.0506       |
|    action_std_15                  | 0.0506       |
|    action_std_16                  | 0.0506       |
|    action_std_17                  | 0.0506       |
|    action_std_18                  | 0.0505       |
|    action_std_19                  | 0.0507       |
|    action_std_20                  | 0.0506       |
|    action_std_21                  | 0.0506       |
|    action_std_22                  | 0.0507       |
|    action_std_23                  | 0.0506       |
|    action_std_24                  | 0.0506       |
|    approx_kl                      | 0.0012707007 |
|    clip_fraction                  | 0.0299       |
|    clip_range                     | 0.1          |
|    clip_range_vf                  | 0.2          |
|    entropy_loss                   | 39.1         |
|    explained_variance             | 0.766        |
|    learning_rate                  | 1e-06        |
|    loss                           | 1.29         |
|    n_updates                      | 450          |
|    policy_gradient_loss           | -0.00238     |
|    std                            | 0.0506       |
|    std_max                        | 0.0507       |
|    std_min                        | 0.0505       |
|    value_loss                     | 0.855        |
----------------------------------------------------
---------------------------------------------------
| rollout/                          |             |
|    action_saturation_fraction     | 0           |
|    ep_len_mean                    | 796         |
|    ep_rew_mean                    | 524         |
|    episodes_noforce               | 155         |
|    force_direction_mean           | -1          |
|    force_onset_mean               | 1.36        |
|    force_requested_impulse_mean   | 0           |
|    is_fall_mean                   | 0.497       |
|    is_timeout_mean                | 0.503       |
|    recovery_noforce               | 0.503       |
|    timeout_without_onset_fraction | 0           |
|    timeouts                       | 78          |
| time/                             |             |
|    fps                            | 2160        |
|    iterations                     | 47          |
|    time_elapsed                   | 2850        |
|    total_timesteps                | 6160384     |
| train/                            |             |
|    action_std_00                  | 0.0506      |
|    action_std_01                  | 0.0506      |
|    action_std_02                  | 0.0506      |
|    action_std_03                  | 0.0505      |
|    action_std_04                  | 0.0506      |
|    action_std_05                  | 0.0506      |
|    action_std_06                  | 0.0506      |
|    action_std_07                  | 0.0506      |
|    action_std_08                  | 0.0506      |
|    action_std_09                  | 0.0505      |
|    action_std_10                  | 0.0505      |
|    action_std_11                  | 0.0506      |
|    action_std_12                  | 0.0505      |
|    action_std_13                  | 0.0506      |
|    action_std_14                  | 0.0506      |
|    action_std_15                  | 0.0506      |
|    action_std_16                  | 0.0506      |
|    action_std_17                  | 0.0506      |
|    action_std_18                  | 0.0505      |
|    action_std_19                  | 0.0507      |
|    action_std_20                  | 0.0506      |
|    action_std_21                  | 0.0506      |
|    action_std_22                  | 0.0507      |
|    action_std_23                  | 0.0506      |
|    action_std_24                  | 0.0506      |
|    approx_kl                      | 0.001235408 |
|    clip_fraction                  | 0.03        |
|    clip_range                     | 0.1         |
|    clip_range_vf                  | 0.2         |
|    entropy_loss                   | 39.1        |
|    explained_variance             | 0.733       |
|    learning_rate                  | 1e-06       |
|    loss                           | 1.21        |
|    n_updates                      | 460         |
|    policy_gradient_loss           | -0.00234    |
|    std                            | 0.0506      |
|    std_max                        | 0.0507      |
|    std_min                        | 0.0505      |
|    value_loss                     | 0.808       |
---------------------------------------------------
PARITY max_torque=23.700 23.700 45.430
PARITY contact_mu=0.450
PARITY body_height=0.320
PARITY Kp_body=100.000 100.000 100.000
PARITY Kd_body=30.000 30.000 30.000
PARITY Kp_ori=100.000 100.000 100.000
PARITY Kd_ori=10.000 10.000 10.000
PARITY Kp_foot=550.000 550.000 550.000
PARITY Kd_foot=10.000 10.000 10.000
PARITY Kp_joint=5.000 5.000 5.000
PARITY Kd_joint=3.000 3.000 3.000
PARITY floating_base_weight=50.000
PARITY control_mode=5.000
[HumanoidEnv] Reset state env_id=0 z=0.312 rpy=[-0.001, -0.003, -0.000]
----------------------------------------------------
| rollout/                          |              |
|    action_saturation_fraction     | 0            |
|    ep_len_mean                    | 826          |
|    ep_rew_mean                    | 542          |
|    episodes_noforce               | 176          |
|    force_direction_mean           | -1           |
|    force_onset_mean               | 1.39         |
|    force_requested_impulse_mean   | 0            |
|    is_fall_mean                   | 0.426        |
|    is_timeout_mean                | 0.574        |
|    recovery_noforce               | 0.574        |
|    timeout_without_onset_fraction | 0            |
|    timeouts                       | 101          |
| time/                             |              |
|    fps                            | 2160         |
|    iterations                     | 48           |
|    time_elapsed                   | 2912         |
|    total_timesteps                | 6291456      |
| train/                            |              |
|    action_std_00                  | 0.0506       |
|    action_std_01                  | 0.0506       |
|    action_std_02                  | 0.0506       |
|    action_std_03                  | 0.0505       |
|    action_std_04                  | 0.0506       |
|    action_std_05                  | 0.0506       |
|    action_std_06                  | 0.0506       |
|    action_std_07                  | 0.0506       |
|    action_std_08                  | 0.0506       |
|    action_std_09                  | 0.0506       |
|    action_std_10                  | 0.0506       |
|    action_std_11                  | 0.0506       |
|    action_std_12                  | 0.0506       |
|    action_std_13                  | 0.0506       |
|    action_std_14                  | 0.0506       |
|    action_std_15                  | 0.0506       |
|    action_std_16                  | 0.0506       |
|    action_std_17                  | 0.0506       |
|    action_std_18                  | 0.0506       |
|    action_std_19                  | 0.0507       |
|    action_std_20                  | 0.0506       |
|    action_std_21                  | 0.0506       |
|    action_std_22                  | 0.0507       |
|    action_std_23                  | 0.0506       |
|    action_std_24                  | 0.0506       |
|    approx_kl                      | 0.0011931174 |
|    clip_fraction                  | 0.0259       |
|    clip_range                     | 0.1          |
|    clip_range_vf                  | 0.2          |
|    entropy_loss                   | 39.1         |
|    explained_variance             | 0.767        |
|    learning_rate                  | 1e-06        |
|    loss                           | 1.21         |
|    n_updates                      | 470          |
|    policy_gradient_loss           | -0.00223     |
|    std                            | 0.0506       |
|    std_max                        | 0.0507       |
|    std_min                        | 0.0505       |
|    value_loss                     | 0.803        |
----------------------------------------------------
[HumanoidEnv] unhealthy terminate at step=217 z=0.195798 rpy=[0.86518, 0.13159, 1.33341] v_body=[-0.226921, 0.348625, -0.657978]
PARITY max_torque=23.700 23.700 45.430
PARITY contact_mu=0.450
PARITY body_height=0.320
PARITY Kp_body=100.000 100.000 100.000
PARITY Kd_body=30.000 30.000 30.000
PARITY Kp_ori=100.000 100.000 100.000
PARITY Kd_ori=10.000 10.000 10.000
PARITY Kp_foot=550.000 550.000 550.000
PARITY Kd_foot=10.000 10.000 10.000
PARITY Kp_joint=5.000 5.000 5.000
PARITY Kd_joint=3.000 3.000 3.000
PARITY floating_base_weight=50.000
PARITY control_mode=5.000
[HumanoidEnv] Reset state env_id=0 z=0.303 rpy=[0.000, -0.003, 0.000]
----------------------------------------------------
| rollout/                          |              |
|    action_saturation_fraction     | 0            |
|    ep_len_mean                    | 808          |
|    ep_rew_mean                    | 529          |
|    episodes_noforce               | 157          |
|    force_direction_mean           | -1           |
|    force_onset_mean               | 1.39         |
|    force_requested_impulse_mean   | 0            |
|    is_fall_mean                   | 0.471        |
|    is_timeout_mean                | 0.529        |
|    recovery_noforce               | 0.529        |
|    timeout_without_onset_fraction | 0            |
|    timeouts                       | 83           |
| time/                             |              |
|    fps                            | 2159         |
|    iterations                     | 49           |
|    time_elapsed                   | 2973         |
|    total_timesteps                | 6422528      |
| train/                            |              |
|    action_std_00                  | 0.0506       |
|    action_std_01                  | 0.0506       |
|    action_std_02                  | 0.0506       |
|    action_std_03                  | 0.0506       |
|    action_std_04                  | 0.0506       |
|    action_std_05                  | 0.0506       |
|    action_std_06                  | 0.0506       |
|    action_std_07                  | 0.0506       |
|    action_std_08                  | 0.0506       |
|    action_std_09                  | 0.0506       |
|    action_std_10                  | 0.0506       |
|    action_std_11                  | 0.0506       |
|    action_std_12                  | 0.0506       |
|    action_std_13                  | 0.0506       |
|    action_std_14                  | 0.0506       |
|    action_std_15                  | 0.0506       |
|    action_std_16                  | 0.0506       |
|    action_std_17                  | 0.0507       |
|    action_std_18                  | 0.0506       |
|    action_std_19                  | 0.0507       |
|    action_std_20                  | 0.0506       |
|    action_std_21                  | 0.0507       |
|    action_std_22                  | 0.0507       |
|    action_std_23                  | 0.0506       |
|    action_std_24                  | 0.0506       |
|    approx_kl                      | 0.0012324782 |
|    clip_fraction                  | 0.0299       |
|    clip_range                     | 0.1          |
|    clip_range_vf                  | 0.2          |
|    entropy_loss                   | 39.1         |
|    explained_variance             | 0.763        |
|    learning_rate                  | 1e-06        |
|    loss                           | 1.18         |
|    n_updates                      | 480          |
|    policy_gradient_loss           | -0.00236     |
|    std                            | 0.0506       |
|    std_max                        | 0.0507       |
|    std_min                        | 0.0506       |
|    value_loss                     | 0.753        |
----------------------------------------------------
---------------------------------------------------
| rollout/                          |             |
|    action_saturation_fraction     | 0           |
|    ep_len_mean                    | 787         |
|    ep_rew_mean                    | 517         |
|    episodes_noforce               | 168         |
|    force_direction_mean           | -1          |
|    force_onset_mean               | 1.37        |
|    force_requested_impulse_mean   | 0           |
|    is_fall_mean                   | 0.458       |
|    is_timeout_mean                | 0.542       |
|    recovery_noforce               | 0.542       |
|    timeout_without_onset_fraction | 0           |
|    timeouts                       | 91          |
| time/                             |             |
|    fps                            | 2159        |
|    iterations                     | 50          |
|    time_elapsed                   | 3034        |
|    total_timesteps                | 6553600     |
| train/                            |             |
|    action_std_00                  | 0.0506      |
|    action_std_01                  | 0.0506      |
|    action_std_02                  | 0.0507      |
|    action_std_03                  | 0.0506      |
|    action_std_04                  | 0.0506      |
|    action_std_05                  | 0.0506      |
|    action_std_06                  | 0.0506      |
|    action_std_07                  | 0.0506      |
|    action_std_08                  | 0.0506      |
|    action_std_09                  | 0.0506      |
|    action_std_10                  | 0.0506      |
|    action_std_11                  | 0.0506      |
|    action_std_12                  | 0.0506      |
|    action_std_13                  | 0.0506      |
|    action_std_14                  | 0.0507      |
|    action_std_15                  | 0.0506      |
|    action_std_16                  | 0.0506      |
|    action_std_17                  | 0.0507      |
|    action_std_18                  | 0.0506      |
|    action_std_19                  | 0.0507      |
|    action_std_20                  | 0.0506      |
|    action_std_21                  | 0.0507      |
|    action_std_22                  | 0.0507      |
|    action_std_23                  | 0.0506      |
|    action_std_24                  | 0.0506      |
|    approx_kl                      | 0.001250181 |
|    clip_fraction                  | 0.0296      |
|    clip_range                     | 0.1         |
|    clip_range_vf                  | 0.2         |
|    entropy_loss                   | 39.1        |
|    explained_variance             | 0.772       |
|    learning_rate                  | 1e-06       |
|    loss                           | 1.13        |
|    n_updates                      | 490         |
|    policy_gradient_loss           | -0.00248    |
|    std                            | 0.0506      |
|    std_max                        | 0.0507      |
|    std_min                        | 0.0506      |
|    value_loss                     | 0.765       |
---------------------------------------------------
PARITY max_torque=23.700 23.700 45.430
PARITY contact_mu=0.450
PARITY body_height=0.320
PARITY Kp_body=100.000 100.000 100.000
PARITY Kd_body=30.000 30.000 30.000
PARITY Kp_ori=100.000 100.000 100.000
PARITY Kd_ori=10.000 10.000 10.000
PARITY Kp_foot=550.000 550.000 550.000
PARITY Kd_foot=10.000 10.000 10.000
PARITY Kp_joint=5.000 5.000 5.000
PARITY Kd_joint=3.000 3.000 3.000
PARITY floating_base_weight=50.000
PARITY control_mode=5.000
[HumanoidEnv] Reset state env_id=0 z=0.313 rpy=[0.002, -0.003, 0.000]
[HumanoidEnv] unhealthy terminate at step=424 z=0.194968 rpy=[-2.38444, -0.296283, 2.62431] v_body=[-0.607479, 1.28793, 1.2037]
PARITY max_torque=23.700 23.700 45.430
PARITY contact_mu=0.450
PARITY body_height=0.320
PARITY Kp_body=100.000 100.000 100.000
PARITY Kd_body=30.000 30.000 30.000
PARITY Kp_ori=100.000 100.000 100.000
PARITY Kd_ori=10.000 10.000 10.000
PARITY Kp_foot=550.000 550.000 550.000
PARITY Kd_foot=10.000 10.000 10.000
PARITY Kp_joint=5.000 5.000 5.000
PARITY Kd_joint=3.000 3.000 3.000
PARITY floating_base_weight=50.000
PARITY control_mode=5.000
[HumanoidEnv] Reset state env_id=0 z=0.318 rpy=[-0.000, -0.002, 0.000]
----------------------------------------------------
| rollout/                          |              |
|    action_saturation_fraction     | 0            |
|    ep_len_mean                    | 760          |
|    ep_rew_mean                    | 501          |
|    episodes_noforce               | 166          |
|    force_direction_mean           | -1           |
|    force_onset_mean               | 1.39         |
|    force_requested_impulse_mean   | 0            |
|    is_fall_mean                   | 0.488        |
|    is_timeout_mean                | 0.512        |
|    recovery_noforce               | 0.512        |
|    timeout_without_onset_fraction | 0            |
|    timeouts                       | 85           |
| time/                             |              |
|    fps                            | 2159         |
|    iterations                     | 51           |
|    time_elapsed                   | 3096         |
|    total_timesteps                | 6684672      |
| train/                            |              |
|    action_std_00                  | 0.0506       |
|    action_std_01                  | 0.0507       |
|    action_std_02                  | 0.0507       |
|    action_std_03                  | 0.0506       |
|    action_std_04                  | 0.0507       |
|    action_std_05                  | 0.0506       |
|    action_std_06                  | 0.0506       |
|    action_std_07                  | 0.0506       |
|    action_std_08                  | 0.0506       |
|    action_std_09                  | 0.0506       |
|    action_std_10                  | 0.0506       |
|    action_std_11                  | 0.0506       |
|    action_std_12                  | 0.0506       |
|    action_std_13                  | 0.0506       |
|    action_std_14                  | 0.0507       |
|    action_std_15                  | 0.0506       |
|    action_std_16                  | 0.0507       |
|    action_std_17                  | 0.0507       |
|    action_std_18                  | 0.0506       |
|    action_std_19                  | 0.0507       |
|    action_std_20                  | 0.0507       |
|    action_std_21                  | 0.0507       |
|    action_std_22                  | 0.0507       |
|    action_std_23                  | 0.0506       |
|    action_std_24                  | 0.0506       |
|    approx_kl                      | 0.0012785627 |
|    clip_fraction                  | 0.0317       |
|    clip_range                     | 0.1          |
|    clip_range_vf                  | 0.2          |
|    entropy_loss                   | 39.1         |
|    explained_variance             | 0.768        |
|    learning_rate                  | 1e-06        |
|    loss                           | 1.07         |
|    n_updates                      | 500          |
|    policy_gradient_loss           | -0.00258     |
|    std                            | 0.0506       |
|    std_max                        | 0.0507       |
|    std_min                        | 0.0506       |
|    value_loss                     | 0.719        |
----------------------------------------------------
----------------------------------------------------
| rollout/                          |              |
|    action_saturation_fraction     | 0            |
|    ep_len_mean                    | 779          |
|    ep_rew_mean                    | 508          |
|    episodes_noforce               | 159          |
|    force_direction_mean           | -1           |
|    force_onset_mean               | 1.39         |
|    force_requested_impulse_mean   | 0            |
|    is_fall_mean                   | 0.478        |
|    is_timeout_mean                | 0.522        |
|    recovery_noforce               | 0.522        |
|    timeout_without_onset_fraction | 0            |
|    timeouts                       | 83           |
| time/                             |              |
|    fps                            | 2158         |
|    iterations                     | 52           |
|    time_elapsed                   | 3157         |
|    total_timesteps                | 6815744      |
| train/                            |              |
|    action_std_00                  | 0.0506       |
|    action_std_01                  | 0.0507       |
|    action_std_02                  | 0.0507       |
|    action_std_03                  | 0.0506       |
|    action_std_04                  | 0.0507       |
|    action_std_05                  | 0.0506       |
|    action_std_06                  | 0.0506       |
|    action_std_07                  | 0.0507       |
|    action_std_08                  | 0.0506       |
|    action_std_09                  | 0.0506       |
|    action_std_10                  | 0.0506       |
|    action_std_11                  | 0.0507       |
|    action_std_12                  | 0.0506       |
|    action_std_13                  | 0.0506       |
|    action_std_14                  | 0.0507       |
|    action_std_15                  | 0.0506       |
|    action_std_16                  | 0.0507       |
|    action_std_17                  | 0.0507       |
|    action_std_18                  | 0.0506       |
|    action_std_19                  | 0.0508       |
|    action_std_20                  | 0.0507       |
|    action_std_21                  | 0.0507       |
|    action_std_22                  | 0.0507       |
|    action_std_23                  | 0.0507       |
|    action_std_24                  | 0.0506       |
|    approx_kl                      | 0.0012127198 |
|    clip_fraction                  | 0.0297       |
|    clip_range                     | 0.1          |
|    clip_range_vf                  | 0.2          |
|    entropy_loss                   | 39.1         |
|    explained_variance             | 0.778        |
|    learning_rate                  | 1e-06        |
|    loss                           | 1.07         |
|    n_updates                      | 510          |
|    policy_gradient_loss           | -0.00234     |
|    std                            | 0.0507       |
|    std_max                        | 0.0508       |
|    std_min                        | 0.0506       |
|    value_loss                     | 0.726        |
----------------------------------------------------
[HumanoidEnv] unhealthy terminate at step=735 z=0.19558 rpy=[2.53559, -0.190008, 1.93273] v_body=[-1.27354, 0.702399, 0.790036]
PARITY max_torque=23.700 23.700 45.430
PARITY contact_mu=0.450
PARITY body_height=0.320
PARITY Kp_body=100.000 100.000 100.000
PARITY Kd_body=30.000 30.000 30.000
PARITY Kp_ori=100.000 100.000 100.000
PARITY Kd_ori=10.000 10.000 10.000
PARITY Kp_foot=550.000 550.000 550.000
PARITY Kd_foot=10.000 10.000 10.000
PARITY Kp_joint=5.000 5.000 5.000
PARITY Kd_joint=3.000 3.000 3.000
PARITY floating_base_weight=50.000
PARITY control_mode=5.000
[HumanoidEnv] Reset state env_id=0 z=0.293 rpy=[-0.002, -0.001, 0.001]
----------------------------------------------------
| rollout/                          |              |
|    action_saturation_fraction     | 0            |
|    ep_len_mean                    | 801          |
|    ep_rew_mean                    | 521          |
|    episodes_noforce               | 173          |
|    force_direction_mean           | -1           |
|    force_onset_mean               | 1.4          |
|    force_requested_impulse_mean   | 0            |
|    is_fall_mean                   | 0.497        |
|    is_timeout_mean                | 0.503        |
|    recovery_noforce               | 0.503        |
|    timeout_without_onset_fraction | 0            |
|    timeouts                       | 87           |
| time/                             |              |
|    fps                            | 2158         |
|    iterations                     | 53           |
|    time_elapsed                   | 3218         |
|    total_timesteps                | 6946816      |
| train/                            |              |
|    action_std_00                  | 0.0506       |
|    action_std_01                  | 0.0507       |
|    action_std_02                  | 0.0507       |
|    action_std_03                  | 0.0506       |
|    action_std_04                  | 0.0507       |
|    action_std_05                  | 0.0507       |
|    action_std_06                  | 0.0506       |
|    action_std_07                  | 0.0507       |
|    action_std_08                  | 0.0507       |
|    action_std_09                  | 0.0506       |
|    action_std_10                  | 0.0506       |
|    action_std_11                  | 0.0507       |
|    action_std_12                  | 0.0506       |
|    action_std_13                  | 0.0506       |
|    action_std_14                  | 0.0507       |
|    action_std_15                  | 0.0506       |
|    action_std_16                  | 0.0507       |
|    action_std_17                  | 0.0507       |
|    action_std_18                  | 0.0506       |
|    action_std_19                  | 0.0508       |
|    action_std_20                  | 0.0507       |
|    action_std_21                  | 0.0507       |
|    action_std_22                  | 0.0508       |
|    action_std_23                  | 0.0507       |
|    action_std_24                  | 0.0507       |
|    approx_kl                      | 0.0012139534 |
|    clip_fraction                  | 0.0275       |
|    clip_range                     | 0.1          |
|    clip_range_vf                  | 0.2          |
|    entropy_loss                   | 39.1         |
|    explained_variance             | 0.787        |
|    learning_rate                  | 1e-06        |
|    loss                           | 1.12         |
|    n_updates                      | 520          |
|    policy_gradient_loss           | -0.00241     |
|    std                            | 0.0507       |
|    std_max                        | 0.0508       |
|    std_min                        | 0.0506       |
|    value_loss                     | 0.719        |
----------------------------------------------------
----------------------------------------------------
| rollout/                          |              |
|    action_saturation_fraction     | 0            |
|    ep_len_mean                    | 779          |
|    ep_rew_mean                    | 507          |
|    episodes_noforce               | 158          |
|    force_direction_mean           | -1           |
|    force_onset_mean               | 1.36         |
|    force_requested_impulse_mean   | 0            |
|    is_fall_mean                   | 0.494        |
|    is_timeout_mean                | 0.506        |
|    recovery_noforce               | 0.506        |
|    timeout_without_onset_fraction | 0            |
|    timeouts                       | 80           |
| time/                             |              |
|    fps                            | 2158         |
|    iterations                     | 54           |
|    time_elapsed                   | 3279         |
|    total_timesteps                | 7077888      |
| train/                            |              |
|    action_std_00                  | 0.0507       |
|    action_std_01                  | 0.0507       |
|    action_std_02                  | 0.0507       |
|    action_std_03                  | 0.0506       |
|    action_std_04                  | 0.0507       |
|    action_std_05                  | 0.0507       |
|    action_std_06                  | 0.0507       |
|    action_std_07                  | 0.0507       |
|    action_std_08                  | 0.0507       |
|    action_std_09                  | 0.0506       |
|    action_std_10                  | 0.0506       |
|    action_std_11                  | 0.0507       |
|    action_std_12                  | 0.0506       |
|    action_std_13                  | 0.0506       |
|    action_std_14                  | 0.0507       |
|    action_std_15                  | 0.0507       |
|    action_std_16                  | 0.0507       |
|    action_std_17                  | 0.0507       |
|    action_std_18                  | 0.0506       |
|    action_std_19                  | 0.0508       |
|    action_std_20                  | 0.0507       |
|    action_std_21                  | 0.0507       |
|    action_std_22                  | 0.0508       |
|    action_std_23                  | 0.0507       |
|    action_std_24                  | 0.0507       |
|    approx_kl                      | 0.0012177539 |
|    clip_fraction                  | 0.028        |
|    clip_range                     | 0.1          |
|    clip_range_vf                  | 0.2          |
|    entropy_loss                   | 39.1         |
|    explained_variance             | 0.804        |
|    learning_rate                  | 1e-06        |
|    loss                           | 1.06         |
|    n_updates                      | 530          |
|    policy_gradient_loss           | -0.00246     |
|    std                            | 0.0507       |
|    std_max                        | 0.0508       |
|    std_min                        | 0.0506       |
|    value_loss                     | 0.735        |
----------------------------------------------------
PARITY max_torque=23.700 23.700 45.430
PARITY contact_mu=0.450
PARITY body_height=0.320
PARITY Kp_body=100.000 100.000 100.000
PARITY Kd_body=30.000 30.000 30.000
PARITY Kp_ori=100.000 100.000 100.000
PARITY Kd_ori=10.000 10.000 10.000
PARITY Kp_foot=550.000 550.000 550.000
PARITY Kd_foot=10.000 10.000 10.000
PARITY Kp_joint=5.000 5.000 5.000
PARITY Kd_joint=3.000 3.000 3.000
PARITY floating_base_weight=50.000
PARITY control_mode=5.000
[HumanoidEnv] Reset state env_id=0 z=0.298 rpy=[0.002, -0.000, 0.001]
----------------------------------------------------
| rollout/                          |              |
|    action_saturation_fraction     | 0            |
|    ep_len_mean                    | 839          |
|    ep_rew_mean                    | 550          |
|    episodes_noforce               | 178          |
|    force_direction_mean           | -1           |
|    force_onset_mean               | 1.38         |
|    force_requested_impulse_mean   | 0            |
|    is_fall_mean                   | 0.522        |
|    is_timeout_mean                | 0.478        |
|    recovery_noforce               | 0.478        |
|    timeout_without_onset_fraction | 0            |
|    timeouts                       | 85           |
| time/                             |              |
|    fps                            | 2157         |
|    iterations                     | 55           |
|    time_elapsed                   | 3341         |
|    total_timesteps                | 7208960      |
| train/                            |              |
|    action_std_00                  | 0.0507       |
|    action_std_01                  | 0.0507       |
|    action_std_02                  | 0.0507       |
|    action_std_03                  | 0.0506       |
|    action_std_04                  | 0.0507       |
|    action_std_05                  | 0.0507       |
|    action_std_06                  | 0.0507       |
|    action_std_07                  | 0.0507       |
|    action_std_08                  | 0.0507       |
|    action_std_09                  | 0.0507       |
|    action_std_10                  | 0.0506       |
|    action_std_11                  | 0.0507       |
|    action_std_12                  | 0.0506       |
|    action_std_13                  | 0.0507       |
|    action_std_14                  | 0.0507       |
|    action_std_15                  | 0.0507       |
|    action_std_16                  | 0.0507       |
|    action_std_17                  | 0.0507       |
|    action_std_18                  | 0.0506       |
|    action_std_19                  | 0.0508       |
|    action_std_20                  | 0.0507       |
|    action_std_21                  | 0.0507       |
|    action_std_22                  | 0.0508       |
|    action_std_23                  | 0.0507       |
|    action_std_24                  | 0.0507       |
|    approx_kl                      | 0.0012804314 |
|    clip_fraction                  | 0.0325       |
|    clip_range                     | 0.1          |
|    clip_range_vf                  | 0.2          |
|    entropy_loss                   | 39.1         |
|    explained_variance             | 0.775        |
|    learning_rate                  | 1e-06        |
|    loss                           | 1.02         |
|    n_updates                      | 540          |
|    policy_gradient_loss           | -0.00254     |
|    std                            | 0.0507       |
|    std_max                        | 0.0508       |
|    std_min                        | 0.0506       |
|    value_loss                     | 0.73         |
----------------------------------------------------
----------------------------------------------------
| rollout/                          |              |
|    action_saturation_fraction     | 0            |
|    ep_len_mean                    | 787          |
|    ep_rew_mean                    | 517          |
|    episodes_noforce               | 155          |
|    force_direction_mean           | -1           |
|    force_onset_mean               | 1.38         |
|    force_requested_impulse_mean   | 0            |
|    is_fall_mean                   | 0.548        |
|    is_timeout_mean                | 0.452        |
|    recovery_noforce               | 0.452        |
|    timeout_without_onset_fraction | 0            |
|    timeouts                       | 70           |
| time/                             |              |
|    fps                            | 2157         |
|    iterations                     | 56           |
|    time_elapsed                   | 3402         |
|    total_timesteps                | 7340032      |
| train/                            |              |
|    action_std_00                  | 0.0507       |
|    action_std_01                  | 0.0507       |
|    action_std_02                  | 0.0507       |
|    action_std_03                  | 0.0506       |
|    action_std_04                  | 0.0507       |
|    action_std_05                  | 0.0507       |
|    action_std_06                  | 0.0507       |
|    action_std_07                  | 0.0507       |
|    action_std_08                  | 0.0507       |
|    action_std_09                  | 0.0507       |
|    action_std_10                  | 0.0506       |
|    action_std_11                  | 0.0507       |
|    action_std_12                  | 0.0506       |
|    action_std_13                  | 0.0507       |
|    action_std_14                  | 0.0507       |
|    action_std_15                  | 0.0507       |
|    action_std_16                  | 0.0507       |
|    action_std_17                  | 0.0507       |
|    action_std_18                  | 0.0506       |
|    action_std_19                  | 0.0508       |
|    action_std_20                  | 0.0507       |
|    action_std_21                  | 0.0507       |
|    action_std_22                  | 0.0508       |
|    action_std_23                  | 0.0507       |
|    action_std_24                  | 0.0507       |
|    approx_kl                      | 0.0012911432 |
|    clip_fraction                  | 0.0317       |
|    clip_range                     | 0.1          |
|    clip_range_vf                  | 0.2          |
|    entropy_loss                   | 39.1         |
|    explained_variance             | 0.807        |
|    learning_rate                  | 1e-06        |
|    loss                           | 1.13         |
|    n_updates                      | 550          |
|    policy_gradient_loss           | -0.00262     |
|    std                            | 0.0507       |
|    std_max                        | 0.0508       |
|    std_min                        | 0.0506       |
|    value_loss                     | 0.728        |
----------------------------------------------------
PARITY max_torque=23.700 23.700 45.430
PARITY contact_mu=0.450
PARITY body_height=0.320
PARITY Kp_body=100.000 100.000 100.000
PARITY Kd_body=30.000 30.000 30.000
PARITY Kp_ori=100.000 100.000 100.000
PARITY Kd_ori=10.000 10.000 10.000
PARITY Kp_foot=550.000 550.000 550.000
PARITY Kd_foot=10.000 10.000 10.000
PARITY Kp_joint=5.000 5.000 5.000
PARITY Kd_joint=3.000 3.000 3.000
PARITY floating_base_weight=50.000
PARITY control_mode=5.000
[HumanoidEnv] Reset state env_id=0 z=0.309 rpy=[0.001, -0.002, 0.000]
----------------------------------------------------
| rollout/                          |              |
|    action_saturation_fraction     | 0            |
|    ep_len_mean                    | 787          |
|    ep_rew_mean                    | 520          |
|    episodes_noforce               | 174          |
|    force_direction_mean           | -1           |
|    force_onset_mean               | 1.4          |
|    force_requested_impulse_mean   | 0            |
|    is_fall_mean                   | 0.454        |
|    is_timeout_mean                | 0.546        |
|    recovery_noforce               | 0.546        |
|    timeout_without_onset_fraction | 0            |
|    timeouts                       | 95           |
| time/                             |              |
|    fps                            | 2156         |
|    iterations                     | 57           |
|    time_elapsed                   | 3463         |
|    total_timesteps                | 7471104      |
| train/                            |              |
|    action_std_00                  | 0.0507       |
|    action_std_01                  | 0.0507       |
|    action_std_02                  | 0.0507       |
|    action_std_03                  | 0.0506       |
|    action_std_04                  | 0.0507       |
|    action_std_05                  | 0.0507       |
|    action_std_06                  | 0.0507       |
|    action_std_07                  | 0.0507       |
|    action_std_08                  | 0.0507       |
|    action_std_09                  | 0.0507       |
|    action_std_10                  | 0.0507       |
|    action_std_11                  | 0.0507       |
|    action_std_12                  | 0.0507       |
|    action_std_13                  | 0.0507       |
|    action_std_14                  | 0.0508       |
|    action_std_15                  | 0.0507       |
|    action_std_16                  | 0.0507       |
|    action_std_17                  | 0.0507       |
|    action_std_18                  | 0.0507       |
|    action_std_19                  | 0.0508       |
|    action_std_20                  | 0.0507       |
|    action_std_21                  | 0.0508       |
|    action_std_22                  | 0.0508       |
|    action_std_23                  | 0.0507       |
|    action_std_24                  | 0.0507       |
|    approx_kl                      | 0.0012072893 |
|    clip_fraction                  | 0.0271       |
|    clip_range                     | 0.1          |
|    clip_range_vf                  | 0.2          |
|    entropy_loss                   | 39.1         |
|    explained_variance             | 0.818        |
|    learning_rate                  | 1e-06        |
|    loss                           | 1.06         |
|    n_updates                      | 560          |
|    policy_gradient_loss           | -0.00235     |
|    std                            | 0.0507       |
|    std_max                        | 0.0508       |
|    std_min                        | 0.0506       |
|    value_loss                     | 0.652        |
----------------------------------------------------
----------------------------------------------------
| rollout/                          |              |
|    action_saturation_fraction     | 0            |
|    ep_len_mean                    | 787          |
|    ep_rew_mean                    | 512          |
|    episodes_noforce               | 157          |
|    force_direction_mean           | -1           |
|    force_onset_mean               | 1.41         |
|    force_requested_impulse_mean   | 0            |
|    is_fall_mean                   | 0.478        |
|    is_timeout_mean                | 0.522        |
|    recovery_noforce               | 0.522        |
|    timeout_without_onset_fraction | 0            |
|    timeouts                       | 82           |
| time/                             |              |
|    fps                            | 2156         |
|    iterations                     | 58           |
|    time_elapsed                   | 3525         |
|    total_timesteps                | 7602176      |
| train/                            |              |
|    action_std_00                  | 0.0507       |
|    action_std_01                  | 0.0507       |
|    action_std_02                  | 0.0507       |
|    action_std_03                  | 0.0506       |
|    action_std_04                  | 0.0508       |
|    action_std_05                  | 0.0507       |
|    action_std_06                  | 0.0507       |
|    action_std_07                  | 0.0507       |
|    action_std_08                  | 0.0507       |
|    action_std_09                  | 0.0507       |
|    action_std_10                  | 0.0507       |
|    action_std_11                  | 0.0507       |
|    action_std_12                  | 0.0507       |
|    action_std_13                  | 0.0507       |
|    action_std_14                  | 0.0508       |
|    action_std_15                  | 0.0507       |
|    action_std_16                  | 0.0507       |
|    action_std_17                  | 0.0508       |
|    action_std_18                  | 0.0507       |
|    action_std_19                  | 0.0508       |
|    action_std_20                  | 0.0508       |
|    action_std_21                  | 0.0508       |
|    action_std_22                  | 0.0508       |
|    action_std_23                  | 0.0507       |
|    action_std_24                  | 0.0507       |
|    approx_kl                      | 0.0012894588 |
|    clip_fraction                  | 0.0309       |
|    clip_range                     | 0.1          |
|    clip_range_vf                  | 0.2          |
|    entropy_loss                   | 39.1         |
|    explained_variance             | 0.807        |
|    learning_rate                  | 1e-06        |
|    loss                           | 1.09         |
|    n_updates                      | 570          |
|    policy_gradient_loss           | -0.00256     |
|    std                            | 0.0507       |
|    std_max                        | 0.0508       |
|    std_min                        | 0.0506       |
|    value_loss                     | 0.697        |
----------------------------------------------------
PARITY max_torque=23.700 23.700 45.430
PARITY contact_mu=0.450
PARITY body_height=0.320
PARITY Kp_body=100.000 100.000 100.000
PARITY Kd_body=30.000 30.000 30.000
PARITY Kp_ori=100.000 100.000 100.000
PARITY Kd_ori=10.000 10.000 10.000
PARITY Kp_foot=550.000 550.000 550.000
PARITY Kd_foot=10.000 10.000 10.000
PARITY Kp_joint=5.000 5.000 5.000
PARITY Kd_joint=3.000 3.000 3.000
PARITY floating_base_weight=50.000
PARITY control_mode=5.000
[HumanoidEnv] Reset state env_id=0 z=0.291 rpy=[0.001, -0.001, 0.000]
----------------------------------------------------
| rollout/                          |              |
|    action_saturation_fraction     | 0            |
|    ep_len_mean                    | 790          |
|    ep_rew_mean                    | 520          |
|    episodes_noforce               | 163          |
|    force_direction_mean           | -1           |
|    force_onset_mean               | 1.37         |
|    force_requested_impulse_mean   | 0            |
|    is_fall_mean                   | 0.491        |
|    is_timeout_mean                | 0.509        |
|    recovery_noforce               | 0.509        |
|    timeout_without_onset_fraction | 0            |
|    timeouts                       | 83           |
| time/                             |              |
|    fps                            | 2155         |
|    iterations                     | 59           |
|    time_elapsed                   | 3587         |
|    total_timesteps                | 7733248      |
| train/                            |              |
|    action_std_00                  | 0.0507       |
|    action_std_01                  | 0.0508       |
|    action_std_02                  | 0.0507       |
|    action_std_03                  | 0.0507       |
|    action_std_04                  | 0.0508       |
|    action_std_05                  | 0.0507       |
|    action_std_06                  | 0.0507       |
|    action_std_07                  | 0.0507       |
|    action_std_08                  | 0.0507       |
|    action_std_09                  | 0.0507       |
|    action_std_10                  | 0.0507       |
|    action_std_11                  | 0.0507       |
|    action_std_12                  | 0.0507       |
|    action_std_13                  | 0.0507       |
|    action_std_14                  | 0.0508       |
|    action_std_15                  | 0.0507       |
|    action_std_16                  | 0.0507       |
|    action_std_17                  | 0.0508       |
|    action_std_18                  | 0.0507       |
|    action_std_19                  | 0.0508       |
|    action_std_20                  | 0.0508       |
|    action_std_21                  | 0.0508       |
|    action_std_22                  | 0.0508       |
|    action_std_23                  | 0.0507       |
|    action_std_24                  | 0.0507       |
|    approx_kl                      | 0.0013005494 |
|    clip_fraction                  | 0.0317       |
|    clip_range                     | 0.1          |
|    clip_range_vf                  | 0.2          |
|    entropy_loss                   | 39.1         |
|    explained_variance             | 0.822        |
|    learning_rate                  | 1e-06        |
|    loss                           | 1.14         |
|    n_updates                      | 580          |
|    policy_gradient_loss           | -0.00269     |
|    std                            | 0.0507       |
|    std_max                        | 0.0508       |
|    std_min                        | 0.0507       |
|    value_loss                     | 0.683        |
----------------------------------------------------
----------------------------------------------------
| rollout/                          |              |
|    action_saturation_fraction     | 0            |
|    ep_len_mean                    | 773          |
|    ep_rew_mean                    | 507          |
|    episodes_noforce               | 166          |
|    force_direction_mean           | -1           |
|    force_onset_mean               | 1.4          |
|    force_requested_impulse_mean   | 0            |
|    is_fall_mean                   | 0.47         |
|    is_timeout_mean                | 0.53         |
|    recovery_noforce               | 0.53         |
|    timeout_without_onset_fraction | 0            |
|    timeouts                       | 88           |
| time/                             |              |
|    fps                            | 2155         |
|    iterations                     | 60           |
|    time_elapsed                   | 3648         |
|    total_timesteps                | 7864320      |
| train/                            |              |
|    action_std_00                  | 0.0507       |
|    action_std_01                  | 0.0508       |
|    action_std_02                  | 0.0508       |
|    action_std_03                  | 0.0507       |
|    action_std_04                  | 0.0508       |
|    action_std_05                  | 0.0508       |
|    action_std_06                  | 0.0507       |
|    action_std_07                  | 0.0508       |
|    action_std_08                  | 0.0507       |
|    action_std_09                  | 0.0507       |
|    action_std_10                  | 0.0507       |
|    action_std_11                  | 0.0508       |
|    action_std_12                  | 0.0507       |
|    action_std_13                  | 0.0507       |
|    action_std_14                  | 0.0508       |
|    action_std_15                  | 0.0507       |
|    action_std_16                  | 0.0508       |
|    action_std_17                  | 0.0508       |
|    action_std_18                  | 0.0507       |
|    action_std_19                  | 0.0509       |
|    action_std_20                  | 0.0508       |
|    action_std_21                  | 0.0508       |
|    action_std_22                  | 0.0508       |
|    action_std_23                  | 0.0508       |
|    action_std_24                  | 0.0507       |
|    approx_kl                      | 0.0012030237 |
|    clip_fraction                  | 0.028        |
|    clip_range                     | 0.1          |
|    clip_range_vf                  | 0.2          |
|    entropy_loss                   | 39           |
|    explained_variance             | 0.814        |
|    learning_rate                  | 1e-06        |
|    loss                           | 1.1          |
|    n_updates                      | 590          |
|    policy_gradient_loss           | -0.00248     |
|    std                            | 0.0508       |
|    std_max                        | 0.0509       |
|    std_min                        | 0.0507       |
|    value_loss                     | 0.646        |
----------------------------------------------------
PARITY max_torque=23.700 23.700 45.430
PARITY contact_mu=0.450
PARITY body_height=0.320
PARITY Kp_body=100.000 100.000 100.000
PARITY Kd_body=30.000 30.000 30.000
PARITY Kp_ori=100.000 100.000 100.000
PARITY Kd_ori=10.000 10.000 10.000
PARITY Kp_foot=550.000 550.000 550.000
PARITY Kd_foot=10.000 10.000 10.000
PARITY Kp_joint=5.000 5.000 5.000
PARITY Kd_joint=3.000 3.000 3.000
PARITY floating_base_weight=50.000
PARITY control_mode=5.000
[HumanoidEnv] Reset state env_id=0 z=0.274 rpy=[-0.002, 0.001, 0.001]
----------------------------------------------------
| rollout/                          |              |
|    action_saturation_fraction     | 0            |
|    ep_len_mean                    | 761          |
|    ep_rew_mean                    | 498          |
|    episodes_noforce               | 173          |
|    force_direction_mean           | -1           |
|    force_onset_mean               | 1.38         |
|    force_requested_impulse_mean   | 0            |
|    is_fall_mean                   | 0.491        |
|    is_timeout_mean                | 0.509        |
|    recovery_noforce               | 0.509        |
|    timeout_without_onset_fraction | 0            |
|    timeouts                       | 88           |
| time/                             |              |
|    fps                            | 2154         |
|    iterations                     | 61           |
|    time_elapsed                   | 3710         |
|    total_timesteps                | 7995392      |
| train/                            |              |
|    action_std_00                  | 0.0507       |
|    action_std_01                  | 0.0508       |
|    action_std_02                  | 0.0508       |
|    action_std_03                  | 0.0507       |
|    action_std_04                  | 0.0508       |
|    action_std_05                  | 0.0508       |
|    action_std_06                  | 0.0508       |
|    action_std_07                  | 0.0508       |
|    action_std_08                  | 0.0508       |
|    action_std_09                  | 0.0507       |
|    action_std_10                  | 0.0507       |
|    action_std_11                  | 0.0508       |
|    action_std_12                  | 0.0507       |
|    action_std_13                  | 0.0507       |
|    action_std_14                  | 0.0508       |
|    action_std_15                  | 0.0507       |
|    action_std_16                  | 0.0508       |
|    action_std_17                  | 0.0508       |
|    action_std_18                  | 0.0507       |
|    action_std_19                  | 0.0509       |
|    action_std_20                  | 0.0508       |
|    action_std_21                  | 0.0508       |
|    action_std_22                  | 0.0509       |
|    action_std_23                  | 0.0508       |
|    action_std_24                  | 0.0508       |
|    approx_kl                      | 0.0012901223 |
|    clip_fraction                  | 0.0322       |
|    clip_range                     | 0.1          |
|    clip_range_vf                  | 0.2          |
|    entropy_loss                   | 39           |
|    explained_variance             | 0.822        |
|    learning_rate                  | 1e-06        |
|    loss                           | 1.15         |
|    n_updates                      | 600          |
|    policy_gradient_loss           | -0.00252     |
|    std                            | 0.0508       |
|    std_max                        | 0.0509       |
|    std_min                        | 0.0507       |
|    value_loss                     | 0.648        |
----------------------------------------------------
INFO:root:VecNormalize statistics saved at: ./data/delta/quadruped_ppo_model_ckpt_8000512_vecnormalize.pkl
INFO:root:Model saved at: ./data/delta/quadruped_ppo_model_ckpt_8000512.zip
INFO:root:Checkpoint written at 8000512 timesteps
----------------------------------------------------
| rollout/                          |              |
|    action_saturation_fraction     | 0            |
|    ep_len_mean                    | 734          |
|    ep_rew_mean                    | 481          |
|    episodes_noforce               | 161          |
|    force_direction_mean           | -1           |
|    force_onset_mean               | 1.4          |
|    force_requested_impulse_mean   | 0            |
|    is_fall_mean                   | 0.54         |
|    is_timeout_mean                | 0.46         |
|    recovery_noforce               | 0.46         |
|    timeout_without_onset_fraction | 0            |
|    timeouts                       | 74           |
| time/                             |              |
|    fps                            | 2154         |
|    iterations                     | 62           |
|    time_elapsed                   | 3771         |
|    total_timesteps                | 8126464      |
| train/                            |              |
|    action_std_00                  | 0.0508       |
|    action_std_01                  | 0.0508       |
|    action_std_02                  | 0.0508       |
|    action_std_03                  | 0.0507       |
|    action_std_04                  | 0.0508       |
|    action_std_05                  | 0.0508       |
|    action_std_06                  | 0.0508       |
|    action_std_07                  | 0.0508       |
|    action_std_08                  | 0.0508       |
|    action_std_09                  | 0.0507       |
|    action_std_10                  | 0.0507       |
|    action_std_11                  | 0.0508       |
|    action_std_12                  | 0.0507       |
|    action_std_13                  | 0.0507       |
|    action_std_14                  | 0.0508       |
|    action_std_15                  | 0.0508       |
|    action_std_16                  | 0.0508       |
|    action_std_17                  | 0.0508       |
|    action_std_18                  | 0.0507       |
|    action_std_19                  | 0.0509       |
|    action_std_20                  | 0.0508       |
|    action_std_21                  | 0.0508       |
|    action_std_22                  | 0.0509       |
|    action_std_23                  | 0.0508       |
|    action_std_24                  | 0.0508       |
|    approx_kl                      | 0.0012333188 |
|    clip_fraction                  | 0.0286       |
|    clip_range                     | 0.1          |
|    clip_range_vf                  | 0.2          |
|    entropy_loss                   | 39           |
|    explained_variance             | 0.831        |
|    learning_rate                  | 1e-06        |
|    loss                           | 1.04         |
|    n_updates                      | 610          |
|    policy_gradient_loss           | -0.00264     |
|    std                            | 0.0508       |
|    std_max                        | 0.0509       |
|    std_min                        | 0.0507       |
|    value_loss                     | 0.669        |
----------------------------------------------------
PARITY max_torque=23.700 23.700 45.430
PARITY contact_mu=0.450
PARITY body_height=0.320
PARITY Kp_body=100.000 100.000 100.000
PARITY Kd_body=30.000 30.000 30.000
PARITY Kp_ori=100.000 100.000 100.000
PARITY Kd_ori=10.000 10.000 10.000
PARITY Kp_foot=550.000 550.000 550.000
PARITY Kd_foot=10.000 10.000 10.000
PARITY Kp_joint=5.000 5.000 5.000
PARITY Kd_joint=3.000 3.000 3.000
PARITY floating_base_weight=50.000
PARITY control_mode=5.000
[HumanoidEnv] Reset state env_id=0 z=0.324 rpy=[-0.000, -0.002, 0.000]
----------------------------------------------------
| rollout/                          |              |
|    action_saturation_fraction     | 0            |
|    ep_len_mean                    | 845          |
|    ep_rew_mean                    | 556          |
|    episodes_noforce               | 162          |
|    force_direction_mean           | -1           |
|    force_onset_mean               | 1.38         |
|    force_requested_impulse_mean   | 0            |
|    is_fall_mean                   | 0.401        |
|    is_timeout_mean                | 0.599        |
|    recovery_noforce               | 0.599        |
|    timeout_without_onset_fraction | 0            |
|    timeouts                       | 97           |
| time/                             |              |
|    fps                            | 2154         |
|    iterations                     | 63           |
|    time_elapsed                   | 3833         |
|    total_timesteps                | 8257536      |
| train/                            |              |
|    action_std_00                  | 0.0508       |
|    action_std_01                  | 0.0508       |
|    action_std_02                  | 0.0508       |
|    action_std_03                  | 0.0507       |
|    action_std_04                  | 0.0508       |
|    action_std_05                  | 0.0508       |
|    action_std_06                  | 0.0508       |
|    action_std_07                  | 0.0508       |
|    action_std_08                  | 0.0508       |
|    action_std_09                  | 0.0508       |
|    action_std_10                  | 0.0507       |
|    action_std_11                  | 0.0508       |
|    action_std_12                  | 0.0507       |
|    action_std_13                  | 0.0508       |
|    action_std_14                  | 0.0508       |
|    action_std_15                  | 0.0508       |
|    action_std_16                  | 0.0508       |
|    action_std_17                  | 0.0509       |
|    action_std_18                  | 0.0507       |
|    action_std_19                  | 0.0509       |
|    action_std_20                  | 0.0508       |
|    action_std_21                  | 0.0508       |
|    action_std_22                  | 0.0509       |
|    action_std_23                  | 0.0508       |
|    action_std_24                  | 0.0508       |
|    approx_kl                      | 0.0012177731 |
|    clip_fraction                  | 0.0278       |
|    clip_range                     | 0.1          |
|    clip_range_vf                  | 0.2          |
|    entropy_loss                   | 39           |
|    explained_variance             | 0.822        |
|    learning_rate                  | 1e-06        |
|    loss                           | 1.03         |
|    n_updates                      | 620          |
|    policy_gradient_loss           | -0.0026      |
|    std                            | 0.0508       |
|    std_max                        | 0.0509       |
|    std_min                        | 0.0507       |
|    value_loss                     | 0.705        |
----------------------------------------------------
----------------------------------------------------
| rollout/                          |              |
|    action_saturation_fraction     | 0            |
|    ep_len_mean                    | 833          |
|    ep_rew_mean                    | 547          |
|    episodes_noforce               | 162          |
|    force_direction_mean           | -1           |
|    force_onset_mean               | 1.4          |
|    force_requested_impulse_mean   | 0            |
|    is_fall_mean                   | 0.494        |
|    is_timeout_mean                | 0.506        |
|    recovery_noforce               | 0.506        |
|    timeout_without_onset_fraction | 0            |
|    timeouts                       | 82           |
| time/                             |              |
|    fps                            | 2153         |
|    iterations                     | 64           |
|    time_elapsed                   | 3894         |
|    total_timesteps                | 8388608      |
| train/                            |              |
|    action_std_00                  | 0.0508       |
|    action_std_01                  | 0.0508       |
|    action_std_02                  | 0.0508       |
|    action_std_03                  | 0.0507       |
|    action_std_04                  | 0.0508       |
|    action_std_05                  | 0.0508       |
|    action_std_06                  | 0.0508       |
|    action_std_07                  | 0.0508       |
|    action_std_08                  | 0.0508       |
|    action_std_09                  | 0.0508       |
|    action_std_10                  | 0.0508       |
|    action_std_11                  | 0.0508       |
|    action_std_12                  | 0.0508       |
|    action_std_13                  | 0.0508       |
|    action_std_14                  | 0.0508       |
|    action_std_15                  | 0.0508       |
|    action_std_16                  | 0.0508       |
|    action_std_17                  | 0.0509       |
|    action_std_18                  | 0.0508       |
|    action_std_19                  | 0.0509       |
|    action_std_20                  | 0.0509       |
|    action_std_21                  | 0.0509       |
|    action_std_22                  | 0.0509       |
|    action_std_23                  | 0.0508       |
|    action_std_24                  | 0.0508       |
|    approx_kl                      | 0.0012549775 |
|    clip_fraction                  | 0.0317       |
|    clip_range                     | 0.1          |
|    clip_range_vf                  | 0.2          |
|    entropy_loss                   | 39           |
|    explained_variance             | 0.798        |
|    learning_rate                  | 1e-06        |
|    loss                           | 0.926        |
|    n_updates                      | 630          |
|    policy_gradient_loss           | -0.00246     |
|    std                            | 0.0508       |
|    std_max                        | 0.0509       |
|    std_min                        | 0.0507       |
|    value_loss                     | 0.61         |
----------------------------------------------------
PARITY max_torque=23.700 23.700 45.430
PARITY contact_mu=0.450
PARITY body_height=0.320
PARITY Kp_body=100.000 100.000 100.000
PARITY Kd_body=30.000 30.000 30.000
PARITY Kp_ori=100.000 100.000 100.000
PARITY Kd_ori=10.000 10.000 10.000
PARITY Kp_foot=550.000 550.000 550.000
PARITY Kd_foot=10.000 10.000 10.000
PARITY Kp_joint=5.000 5.000 5.000
PARITY Kd_joint=3.000 3.000 3.000
PARITY floating_base_weight=50.000
PARITY control_mode=5.000
[HumanoidEnv] Reset state env_id=0 z=0.278 rpy=[-0.002, -0.001, 0.001]
----------------------------------------------------
| rollout/                          |              |
|    action_saturation_fraction     | 0            |
|    ep_len_mean                    | 833          |
|    ep_rew_mean                    | 545          |
|    episodes_noforce               | 151          |
|    force_direction_mean           | -1           |
|    force_onset_mean               | 1.4          |
|    force_requested_impulse_mean   | 0            |
|    is_fall_mean                   | 0.45         |
|    is_timeout_mean                | 0.55         |
|    recovery_noforce               | 0.55         |
|    timeout_without_onset_fraction | 0            |
|    timeouts                       | 83           |
| time/                             |              |
|    fps                            | 2153         |
|    iterations                     | 65           |
|    time_elapsed                   | 3956         |
|    total_timesteps                | 8519680      |
| train/                            |              |
|    action_std_00                  | 0.0508       |
|    action_std_01                  | 0.0508       |
|    action_std_02                  | 0.0509       |
|    action_std_03                  | 0.0507       |
|    action_std_04                  | 0.0509       |
|    action_std_05                  | 0.0508       |
|    action_std_06                  | 0.0508       |
|    action_std_07                  | 0.0508       |
|    action_std_08                  | 0.0508       |
|    action_std_09                  | 0.0508       |
|    action_std_10                  | 0.0508       |
|    action_std_11                  | 0.0508       |
|    action_std_12                  | 0.0508       |
|    action_std_13                  | 0.0508       |
|    action_std_14                  | 0.0508       |
|    action_std_15                  | 0.0508       |
|    action_std_16                  | 0.0508       |
|    action_std_17                  | 0.0509       |
|    action_std_18                  | 0.0508       |
|    action_std_19                  | 0.0509       |
|    action_std_20                  | 0.0509       |
|    action_std_21                  | 0.0509       |
|    action_std_22                  | 0.0509       |
|    action_std_23                  | 0.0508       |
|    action_std_24                  | 0.0508       |
|    approx_kl                      | 0.0012817648 |
|    clip_fraction                  | 0.0313       |
|    clip_range                     | 0.1          |
|    clip_range_vf                  | 0.2          |
|    entropy_loss                   | 39           |
|    explained_variance             | 0.83         |
|    learning_rate                  | 1e-06        |
|    loss                           | 0.997        |
|    n_updates                      | 640          |
|    policy_gradient_loss           | -0.00258     |
|    std                            | 0.0508       |
|    std_max                        | 0.0509       |
|    std_min                        | 0.0507       |
|    value_loss                     | 0.63         |
----------------------------------------------------
[HumanoidEnv] unhealthy terminate at step=806 z=0.197894 rpy=[1.26606, 0.176702, -0.348388] v_body=[0.808993, 0.573088, -1.56385]
PARITY max_torque=23.700 23.700 45.430
PARITY contact_mu=0.450
PARITY body_height=0.320
PARITY Kp_body=100.000 100.000 100.000
PARITY Kd_body=30.000 30.000 30.000
PARITY Kp_ori=100.000 100.000 100.000
PARITY Kd_ori=10.000 10.000 10.000
PARITY Kp_foot=550.000 550.000 550.000
PARITY Kd_foot=10.000 10.000 10.000
PARITY Kp_joint=5.000 5.000 5.000
PARITY Kd_joint=3.000 3.000 3.000
PARITY floating_base_weight=50.000
PARITY control_mode=5.000
[HumanoidEnv] Reset state env_id=0 z=0.321 rpy=[0.002, -0.001, -0.000]
----------------------------------------------------
| rollout/                          |              |
|    action_saturation_fraction     | 0            |
|    ep_len_mean                    | 767          |
|    ep_rew_mean                    | 499          |
|    episodes_noforce               | 171          |
|    force_direction_mean           | -1           |
|    force_onset_mean               | 1.35         |
|    force_requested_impulse_mean   | 0            |
|    is_fall_mean                   | 0.45         |
|    is_timeout_mean                | 0.55         |
|    recovery_noforce               | 0.55         |
|    timeout_without_onset_fraction | 0            |
|    timeouts                       | 94           |
| time/                             |              |
|    fps                            | 2153         |
|    iterations                     | 66           |
|    time_elapsed                   | 4016         |
|    total_timesteps                | 8650752      |
| train/                            |              |
|    action_std_00                  | 0.0508       |
|    action_std_01                  | 0.0509       |
|    action_std_02                  | 0.0509       |
|    action_std_03                  | 0.0507       |
|    action_std_04                  | 0.0509       |
|    action_std_05                  | 0.0508       |
|    action_std_06                  | 0.0508       |
|    action_std_07                  | 0.0508       |
|    action_std_08                  | 0.0508       |
|    action_std_09                  | 0.0508       |
|    action_std_10                  | 0.0508       |
|    action_std_11                  | 0.0508       |
|    action_std_12                  | 0.0508       |
|    action_std_13                  | 0.0508       |
|    action_std_14                  | 0.0509       |
|    action_std_15                  | 0.0508       |
|    action_std_16                  | 0.0508       |
|    action_std_17                  | 0.0509       |
|    action_std_18                  | 0.0508       |
|    action_std_19                  | 0.0509       |
|    action_std_20                  | 0.0509       |
|    action_std_21                  | 0.0509       |
|    action_std_22                  | 0.0509       |
|    action_std_23                  | 0.0508       |
|    action_std_24                  | 0.0508       |
|    approx_kl                      | 0.0012060951 |
|    clip_fraction                  | 0.0275       |
|    clip_range                     | 0.1          |
|    clip_range_vf                  | 0.2          |
|    entropy_loss                   | 39           |
|    explained_variance             | 0.812        |
|    learning_rate                  | 1e-06        |
|    loss                           | 0.892        |
|    n_updates                      | 650          |
|    policy_gradient_loss           | -0.00245     |
|    std                            | 0.0508       |
|    std_max                        | 0.0509       |
|    std_min                        | 0.0507       |
|    value_loss                     | 0.623        |
----------------------------------------------------
[HumanoidEnv] unhealthy terminate at step=504 z=0.194841 rpy=[2.2235, 0.120576, -2.06349] v_body=[-0.324759, -1.78084, 2.34501]
PARITY max_torque=23.700 23.700 45.430
PARITY contact_mu=0.450
PARITY body_height=0.320
PARITY Kp_body=100.000 100.000 100.000
PARITY Kd_body=30.000 30.000 30.000
PARITY Kp_ori=100.000 100.000 100.000
PARITY Kd_ori=10.000 10.000 10.000
PARITY Kp_foot=550.000 550.000 550.000
PARITY Kd_foot=10.000 10.000 10.000
PARITY Kp_joint=5.000 5.000 5.000
PARITY Kd_joint=3.000 3.000 3.000
PARITY floating_base_weight=50.000
PARITY control_mode=5.000
[HumanoidEnv] Reset state env_id=0 z=0.299 rpy=[0.000, -0.000, 0.000]
---------------------------------------------------
| rollout/                          |             |
|    action_saturation_fraction     | 0           |
|    ep_len_mean                    | 834         |
|    ep_rew_mean                    | 548         |
|    episodes_noforce               | 153         |
|    force_direction_mean           | -1          |
|    force_onset_mean               | 1.4         |
|    force_requested_impulse_mean   | 0           |
|    is_fall_mean                   | 0.431       |
|    is_timeout_mean                | 0.569       |
|    recovery_noforce               | 0.569       |
|    timeout_without_onset_fraction | 0           |
|    timeouts                       | 87          |
| time/                             |             |
|    fps                            | 2153        |
|    iterations                     | 67          |
|    time_elapsed                   | 4078        |
|    total_timesteps                | 8781824     |
| train/                            |             |
|    action_std_00                  | 0.0508      |
|    action_std_01                  | 0.0509      |
|    action_std_02                  | 0.0509      |
|    action_std_03                  | 0.0508      |
|    action_std_04                  | 0.0509      |
|    action_std_05                  | 0.0508      |
|    action_std_06                  | 0.0508      |
|    action_std_07                  | 0.0508      |
|    action_std_08                  | 0.0508      |
|    action_std_09                  | 0.0508      |
|    action_std_10                  | 0.0508      |
|    action_std_11                  | 0.0508      |
|    action_std_12                  | 0.0508      |
|    action_std_13                  | 0.0508      |
|    action_std_14                  | 0.0509      |
|    action_std_15                  | 0.0508      |
|    action_std_16                  | 0.0508      |
|    action_std_17                  | 0.0509      |
|    action_std_18                  | 0.0508      |
|    action_std_19                  | 0.051       |
|    action_std_20                  | 0.0509      |
|    action_std_21                  | 0.0509      |
|    action_std_22                  | 0.0509      |
|    action_std_23                  | 0.0508      |
|    action_std_24                  | 0.0508      |
|    approx_kl                      | 0.001257014 |
|    clip_fraction                  | 0.0282      |
|    clip_range                     | 0.1         |
|    clip_range_vf                  | 0.2         |
|    entropy_loss                   | 39          |
|    explained_variance             | 0.826       |
|    learning_rate                  | 1e-06       |
|    loss                           | 1.12        |
|    n_updates                      | 660         |
|    policy_gradient_loss           | -0.00263    |
|    std                            | 0.0508      |
|    std_max                        | 0.051       |
|    std_min                        | 0.0508      |
|    value_loss                     | 0.651       |
---------------------------------------------------
----------------------------------------------------
| rollout/                          |              |
|    action_saturation_fraction     | 0            |
|    ep_len_mean                    | 811          |
|    ep_rew_mean                    | 529          |
|    episodes_noforce               | 170          |
|    force_direction_mean           | -1           |
|    force_onset_mean               | 1.4          |
|    force_requested_impulse_mean   | 0            |
|    is_fall_mean                   | 0.4          |
|    is_timeout_mean                | 0.6          |
|    recovery_noforce               | 0.6          |
|    timeout_without_onset_fraction | 0            |
|    timeouts                       | 102          |
| time/                             |              |
|    fps                            | 2153         |
|    iterations                     | 68           |
|    time_elapsed                   | 4139         |
|    total_timesteps                | 8912896      |
| train/                            |              |
|    action_std_00                  | 0.0508       |
|    action_std_01                  | 0.0509       |
|    action_std_02                  | 0.0509       |
|    action_std_03                  | 0.0508       |
|    action_std_04                  | 0.0509       |
|    action_std_05                  | 0.0509       |
|    action_std_06                  | 0.0508       |
|    action_std_07                  | 0.0509       |
|    action_std_08                  | 0.0509       |
|    action_std_09                  | 0.0509       |
|    action_std_10                  | 0.0508       |
|    action_std_11                  | 0.0509       |
|    action_std_12                  | 0.0508       |
|    action_std_13                  | 0.0508       |
|    action_std_14                  | 0.0509       |
|    action_std_15                  | 0.0508       |
|    action_std_16                  | 0.0509       |
|    action_std_17                  | 0.0509       |
|    action_std_18                  | 0.0508       |
|    action_std_19                  | 0.051        |
|    action_std_20                  | 0.0509       |
|    action_std_21                  | 0.0509       |
|    action_std_22                  | 0.0509       |
|    action_std_23                  | 0.0509       |
|    action_std_24                  | 0.0509       |
|    approx_kl                      | 0.0012781525 |
|    clip_fraction                  | 0.0335       |
|    clip_range                     | 0.1          |
|    clip_range_vf                  | 0.2          |
|    entropy_loss                   | 39           |
|    explained_variance             | 0.813        |
|    learning_rate                  | 1e-06        |
|    loss                           | 0.861        |
|    n_updates                      | 670          |
|    policy_gradient_loss           | -0.00265     |
|    std                            | 0.0509       |
|    std_max                        | 0.051        |
|    std_min                        | 0.0508       |
|    value_loss                     | 0.599        |
----------------------------------------------------
PARITY max_torque=23.700 23.700 45.430
PARITY contact_mu=0.450
PARITY body_height=0.320
PARITY Kp_body=100.000 100.000 100.000
PARITY Kd_body=30.000 30.000 30.000
PARITY Kp_ori=100.000 100.000 100.000
PARITY Kd_ori=10.000 10.000 10.000
PARITY Kp_foot=550.000 550.000 550.000
PARITY Kd_foot=10.000 10.000 10.000
PARITY Kp_joint=5.000 5.000 5.000
PARITY Kd_joint=3.000 3.000 3.000
PARITY floating_base_weight=50.000
PARITY control_mode=5.000
[HumanoidEnv] Reset state env_id=0 z=0.276 rpy=[-0.002, -0.001, 0.001]
----------------------------------------------------
| rollout/                          |              |
|    action_saturation_fraction     | 0            |
|    ep_len_mean                    | 803          |
|    ep_rew_mean                    | 523          |
|    episodes_noforce               | 168          |
|    force_direction_mean           | -1           |
|    force_onset_mean               | 1.39         |
|    force_requested_impulse_mean   | 0            |
|    is_fall_mean                   | 0.464        |
|    is_timeout_mean                | 0.536        |
|    recovery_noforce               | 0.536        |
|    timeout_without_onset_fraction | 0            |
|    timeouts                       | 90           |
| time/                             |              |
|    fps                            | 2152         |
|    iterations                     | 69           |
|    time_elapsed                   | 4200         |
|    total_timesteps                | 9043968      |
| train/                            |              |
|    action_std_00                  | 0.0508       |
|    action_std_01                  | 0.0509       |
|    action_std_02                  | 0.0509       |
|    action_std_03                  | 0.0508       |
|    action_std_04                  | 0.0509       |
|    action_std_05                  | 0.0509       |
|    action_std_06                  | 0.0509       |
|    action_std_07                  | 0.0509       |
|    action_std_08                  | 0.0509       |
|    action_std_09                  | 0.0509       |
|    action_std_10                  | 0.0508       |
|    action_std_11                  | 0.0509       |
|    action_std_12                  | 0.0508       |
|    action_std_13                  | 0.0508       |
|    action_std_14                  | 0.0509       |
|    action_std_15                  | 0.0508       |
|    action_std_16                  | 0.0509       |
|    action_std_17                  | 0.0509       |
|    action_std_18                  | 0.0508       |
|    action_std_19                  | 0.051        |
|    action_std_20                  | 0.0509       |
|    action_std_21                  | 0.0509       |
|    action_std_22                  | 0.051        |
|    action_std_23                  | 0.0509       |
|    action_std_24                  | 0.0509       |
|    approx_kl                      | 0.0012775296 |
|    clip_fraction                  | 0.0305       |
|    clip_range                     | 0.1          |
|    clip_range_vf                  | 0.2          |
|    entropy_loss                   | 39           |
|    explained_variance             | 0.824        |
|    learning_rate                  | 1e-06        |
|    loss                           | 0.953        |
|    n_updates                      | 680          |
|    policy_gradient_loss           | -0.00262     |
|    std                            | 0.0509       |
|    std_max                        | 0.051        |
|    std_min                        | 0.0508       |
|    value_loss                     | 0.58         |
----------------------------------------------------
[HumanoidEnv] unhealthy terminate at step=520 z=0.190392 rpy=[-1.57709, 0.114588, -2.04813] v_body=[-1.42116, -0.429055, -0.642173]
PARITY max_torque=23.700 23.700 45.430
PARITY contact_mu=0.450
PARITY body_height=0.320
PARITY Kp_body=100.000 100.000 100.000
PARITY Kd_body=30.000 30.000 30.000
PARITY Kp_ori=100.000 100.000 100.000
PARITY Kd_ori=10.000 10.000 10.000
PARITY Kp_foot=550.000 550.000 550.000
PARITY Kd_foot=10.000 10.000 10.000
PARITY Kp_joint=5.000 5.000 5.000
PARITY Kd_joint=3.000 3.000 3.000
PARITY floating_base_weight=50.000
PARITY control_mode=5.000
[HumanoidEnv] Reset state env_id=0 z=0.278 rpy=[-0.002, -0.000, 0.001]
----------------------------------------------------
| rollout/                          |              |
|    action_saturation_fraction     | 0            |
|    ep_len_mean                    | 817          |
|    ep_rew_mean                    | 536          |
|    episodes_noforce               | 157          |
|    force_direction_mean           | -1           |
|    force_onset_mean               | 1.39         |
|    force_requested_impulse_mean   | 0            |
|    is_fall_mean                   | 0.465        |
|    is_timeout_mean                | 0.535        |
|    recovery_noforce               | 0.535        |
|    timeout_without_onset_fraction | 0            |
|    timeouts                       | 84           |
| time/                             |              |
|    fps                            | 2152         |
|    iterations                     | 70           |
|    time_elapsed                   | 4261         |
|    total_timesteps                | 9175040      |
| train/                            |              |
|    action_std_00                  | 0.0509       |
|    action_std_01                  | 0.0509       |
|    action_std_02                  | 0.0509       |
|    action_std_03                  | 0.0508       |
|    action_std_04                  | 0.0509       |
|    action_std_05                  | 0.0509       |
|    action_std_06                  | 0.0509       |
|    action_std_07                  | 0.0509       |
|    action_std_08                  | 0.0509       |
|    action_std_09                  | 0.0509       |
|    action_std_10                  | 0.0508       |
|    action_std_11                  | 0.0509       |
|    action_std_12                  | 0.0508       |
|    action_std_13                  | 0.0509       |
|    action_std_14                  | 0.0509       |
|    action_std_15                  | 0.0509       |
|    action_std_16                  | 0.0509       |
|    action_std_17                  | 0.0509       |
|    action_std_18                  | 0.0509       |
|    action_std_19                  | 0.051        |
|    action_std_20                  | 0.0509       |
|    action_std_21                  | 0.0509       |
|    action_std_22                  | 0.051        |
|    action_std_23                  | 0.0509       |
|    action_std_24                  | 0.0509       |
|    approx_kl                      | 0.0012550042 |
|    clip_fraction                  | 0.0306       |
|    clip_range                     | 0.1          |
|    clip_range_vf                  | 0.2          |
|    entropy_loss                   | 39           |
|    explained_variance             | 0.843        |
|    learning_rate                  | 1e-06        |
|    loss                           | 0.92         |
|    n_updates                      | 690          |
|    policy_gradient_loss           | -0.0026      |
|    std                            | 0.0509       |
|    std_max                        | 0.051        |
|    std_min                        | 0.0508       |
|    value_loss                     | 0.636        |
----------------------------------------------------
[HumanoidEnv] unhealthy terminate at step=260 z=0.197454 rpy=[1.76012, 0.235676, -0.425639] v_body=[-0.319291, 0.77868, -0.7449]
PARITY max_torque=23.700 23.700 45.430
PARITY contact_mu=0.450
PARITY body_height=0.320
PARITY Kp_body=100.000 100.000 100.000
PARITY Kd_body=30.000 30.000 30.000
PARITY Kp_ori=100.000 100.000 100.000
PARITY Kd_ori=10.000 10.000 10.000
PARITY Kp_foot=550.000 550.000 550.000
PARITY Kd_foot=10.000 10.000 10.000
PARITY Kp_joint=5.000 5.000 5.000
PARITY Kd_joint=3.000 3.000 3.000
PARITY floating_base_weight=50.000
PARITY control_mode=5.000
[HumanoidEnv] Reset state env_id=0 z=0.328 rpy=[0.003, -0.001, 0.000]
[HumanoidEnv] unhealthy terminate at step=252 z=0.190597 rpy=[2.33575, 0.371052, 0.259598] v_body=[-1.27904, 1.54907, -0.0946913]
PARITY max_torque=23.700 23.700 45.430
PARITY contact_mu=0.450
PARITY body_height=0.320
PARITY Kp_body=100.000 100.000 100.000
PARITY Kd_body=30.000 30.000 30.000
PARITY Kp_ori=100.000 100.000 100.000
PARITY Kd_ori=10.000 10.000 10.000
PARITY Kp_foot=550.000 550.000 550.000
PARITY Kd_foot=10.000 10.000 10.000
PARITY Kp_joint=5.000 5.000 5.000
PARITY Kd_joint=3.000 3.000 3.000
PARITY floating_base_weight=50.000
PARITY control_mode=5.000
[HumanoidEnv] Reset state env_id=0 z=0.277 rpy=[0.001, 0.000, 0.001]
---------------------------------------------------
| rollout/                          |             |
|    action_saturation_fraction     | 0           |
|    ep_len_mean                    | 817         |
|    ep_rew_mean                    | 539         |
|    episodes_noforce               | 166         |
|    force_direction_mean           | -1          |
|    force_onset_mean               | 1.38        |
|    force_requested_impulse_mean   | 0           |
|    is_fall_mean                   | 0.464       |
|    is_timeout_mean                | 0.536       |
|    recovery_noforce               | 0.536       |
|    timeout_without_onset_fraction | 0           |
|    timeouts                       | 89          |
| time/                             |             |
|    fps                            | 2152        |
|    iterations                     | 71          |
|    time_elapsed                   | 4323        |
|    total_timesteps                | 9306112     |
| train/                            |             |
|    action_std_00                  | 0.0509      |
|    action_std_01                  | 0.0509      |
|    action_std_02                  | 0.0509      |
|    action_std_03                  | 0.0508      |
|    action_std_04                  | 0.0509      |
|    action_std_05                  | 0.0509      |
|    action_std_06                  | 0.0509      |
|    action_std_07                  | 0.0509      |
|    action_std_08                  | 0.0509      |
|    action_std_09                  | 0.0509      |
|    action_std_10                  | 0.0509      |
|    action_std_11                  | 0.0509      |
|    action_std_12                  | 0.0508      |
|    action_std_13                  | 0.0509      |
|    action_std_14                  | 0.0509      |
|    action_std_15                  | 0.0509      |
|    action_std_16                  | 0.0509      |
|    action_std_17                  | 0.0509      |
|    action_std_18                  | 0.0508      |
|    action_std_19                  | 0.051       |
|    action_std_20                  | 0.0509      |
|    action_std_21                  | 0.0509      |
|    action_std_22                  | 0.051       |
|    action_std_23                  | 0.0509      |
|    action_std_24                  | 0.0509      |
|    approx_kl                      | 0.001249017 |
|    clip_fraction                  | 0.0298      |
|    clip_range                     | 0.1         |
|    clip_range_vf                  | 0.2         |
|    entropy_loss                   | 39          |
|    explained_variance             | 0.829       |
|    learning_rate                  | 1e-06       |
|    loss                           | 0.985       |
|    n_updates                      | 700         |
|    policy_gradient_loss           | -0.00247    |
|    std                            | 0.0509      |
|    std_max                        | 0.051       |
|    std_min                        | 0.0508      |
|    value_loss                     | 0.607       |
---------------------------------------------------
----------------------------------------------------
| rollout/                          |              |
|    action_saturation_fraction     | 0            |
|    ep_len_mean                    | 795          |
|    ep_rew_mean                    | 523          |
|    episodes_noforce               | 166          |
|    force_direction_mean           | -1           |
|    force_onset_mean               | 1.39         |
|    force_requested_impulse_mean   | 0            |
|    is_fall_mean                   | 0.494        |
|    is_timeout_mean                | 0.506        |
|    recovery_noforce               | 0.506        |
|    timeout_without_onset_fraction | 0            |
|    timeouts                       | 84           |
| time/                             |              |
|    fps                            | 2152         |
|    iterations                     | 72           |
|    time_elapsed                   | 4383         |
|    total_timesteps                | 9437184      |
| train/                            |              |
|    action_std_00                  | 0.0509       |
|    action_std_01                  | 0.0509       |
|    action_std_02                  | 0.0509       |
|    action_std_03                  | 0.0508       |
|    action_std_04                  | 0.0509       |
|    action_std_05                  | 0.0509       |
|    action_std_06                  | 0.0509       |
|    action_std_07                  | 0.0509       |
|    action_std_08                  | 0.0509       |
|    action_std_09                  | 0.0509       |
|    action_std_10                  | 0.0509       |
|    action_std_11                  | 0.0509       |
|    action_std_12                  | 0.0508       |
|    action_std_13                  | 0.0509       |
|    action_std_14                  | 0.0509       |
|    action_std_15                  | 0.0509       |
|    action_std_16                  | 0.0509       |
|    action_std_17                  | 0.051        |
|    action_std_18                  | 0.0509       |
|    action_std_19                  | 0.051        |
|    action_std_20                  | 0.0509       |
|    action_std_21                  | 0.051        |
|    action_std_22                  | 0.051        |
|    action_std_23                  | 0.0509       |
|    action_std_24                  | 0.0509       |
|    approx_kl                      | 0.0012422351 |
|    clip_fraction                  | 0.0294       |
|    clip_range                     | 0.1          |
|    clip_range_vf                  | 0.2          |
|    entropy_loss                   | 39           |
|    explained_variance             | 0.832        |
|    learning_rate                  | 1e-06        |
|    loss                           | 0.903        |
|    n_updates                      | 710          |
|    policy_gradient_loss           | -0.00256     |
|    std                            | 0.0509       |
|    std_max                        | 0.051        |
|    std_min                        | 0.0508       |
|    value_loss                     | 0.617        |
----------------------------------------------------
[HumanoidEnv] unhealthy terminate at step=754 z=0.197612 rpy=[-1.43507, -0.0811699, 0.431482] v_body=[0.796943, -0.718415, -1.46668]
PARITY max_torque=23.700 23.700 45.430
PARITY contact_mu=0.450
PARITY body_height=0.320
PARITY Kp_body=100.000 100.000 100.000
PARITY Kd_body=30.000 30.000 30.000
PARITY Kp_ori=100.000 100.000 100.000
PARITY Kd_ori=10.000 10.000 10.000
PARITY Kp_foot=550.000 550.000 550.000
PARITY Kd_foot=10.000 10.000 10.000
PARITY Kp_joint=5.000 5.000 5.000
PARITY Kd_joint=3.000 3.000 3.000
PARITY floating_base_weight=50.000
PARITY control_mode=5.000
[HumanoidEnv] Reset state env_id=0 z=0.273 rpy=[-0.001, 0.001, 0.001]
----------------------------------------------------
| rollout/                          |              |
|    action_saturation_fraction     | 0            |
|    ep_len_mean                    | 785          |
|    ep_rew_mean                    | 516          |
|    episodes_noforce               | 178          |
|    force_direction_mean           | -1           |
|    force_onset_mean               | 1.39         |
|    force_requested_impulse_mean   | 0            |
|    is_fall_mean                   | 0.461        |
|    is_timeout_mean                | 0.539        |
|    recovery_noforce               | 0.539        |
|    timeout_without_onset_fraction | 0            |
|    timeouts                       | 96           |
| time/                             |              |
|    fps                            | 2152         |
|    iterations                     | 73           |
|    time_elapsed                   | 4445         |
|    total_timesteps                | 9568256      |
| train/                            |              |
|    action_std_00                  | 0.0509       |
|    action_std_01                  | 0.0509       |
|    action_std_02                  | 0.051        |
|    action_std_03                  | 0.0508       |
|    action_std_04                  | 0.0509       |
|    action_std_05                  | 0.0509       |
|    action_std_06                  | 0.0509       |
|    action_std_07                  | 0.0509       |
|    action_std_08                  | 0.0509       |
|    action_std_09                  | 0.0509       |
|    action_std_10                  | 0.0509       |
|    action_std_11                  | 0.0509       |
|    action_std_12                  | 0.0509       |
|    action_std_13                  | 0.0509       |
|    action_std_14                  | 0.0509       |
|    action_std_15                  | 0.0509       |
|    action_std_16                  | 0.0509       |
|    action_std_17                  | 0.051        |
|    action_std_18                  | 0.0509       |
|    action_std_19                  | 0.051        |
|    action_std_20                  | 0.051        |
|    action_std_21                  | 0.051        |
|    action_std_22                  | 0.051        |
|    action_std_23                  | 0.0509       |
|    action_std_24                  | 0.0509       |
|    approx_kl                      | 0.0012063847 |
|    clip_fraction                  | 0.0265       |
|    clip_range                     | 0.1          |
|    clip_range_vf                  | 0.2          |
|    entropy_loss                   | 39           |
|    explained_variance             | 0.839        |
|    learning_rate                  | 1e-06        |
|    loss                           | 0.942        |
|    n_updates                      | 720          |
|    policy_gradient_loss           | -0.00251     |
|    std                            | 0.0509       |
|    std_max                        | 0.051        |
|    std_min                        | 0.0508       |
|    value_loss                     | 0.606        |
----------------------------------------------------
----------------------------------------------------
| rollout/                          |              |
|    action_saturation_fraction     | 0            |
|    ep_len_mean                    | 791          |
|    ep_rew_mean                    | 515          |
|    episodes_noforce               | 155          |
|    force_direction_mean           | -1           |
|    force_onset_mean               | 1.37         |
|    force_requested_impulse_mean   | 0            |
|    is_fall_mean                   | 0.535        |
|    is_timeout_mean                | 0.465        |
|    recovery_noforce               | 0.465        |
|    timeout_without_onset_fraction | 0            |
|    timeouts                       | 72           |
| time/                             |              |
|    fps                            | 2151         |
|    iterations                     | 74           |
|    time_elapsed                   | 4507         |
|    total_timesteps                | 9699328      |
| train/                            |              |
|    action_std_00                  | 0.0509       |
|    action_std_01                  | 0.051        |
|    action_std_02                  | 0.051        |
|    action_std_03                  | 0.0509       |
|    action_std_04                  | 0.0509       |
|    action_std_05                  | 0.0509       |
|    action_std_06                  | 0.0509       |
|    action_std_07                  | 0.0509       |
|    action_std_08                  | 0.0509       |
|    action_std_09                  | 0.0509       |
|    action_std_10                  | 0.0509       |
|    action_std_11                  | 0.0509       |
|    action_std_12                  | 0.0509       |
|    action_std_13                  | 0.0509       |
|    action_std_14                  | 0.0509       |
|    action_std_15                  | 0.0509       |
|    action_std_16                  | 0.0509       |
|    action_std_17                  | 0.051        |
|    action_std_18                  | 0.0509       |
|    action_std_19                  | 0.051        |
|    action_std_20                  | 0.051        |
|    action_std_21                  | 0.051        |
|    action_std_22                  | 0.051        |
|    action_std_23                  | 0.0509       |
|    action_std_24                  | 0.0509       |
|    approx_kl                      | 0.0012210838 |
|    clip_fraction                  | 0.0291       |
|    clip_range                     | 0.1          |
|    clip_range_vf                  | 0.2          |
|    entropy_loss                   | 39           |
|    explained_variance             | 0.851        |
|    learning_rate                  | 1e-06        |
|    loss                           | 0.95         |
|    n_updates                      | 730          |
|    policy_gradient_loss           | -0.00255     |
|    std                            | 0.0509       |
|    std_max                        | 0.051        |
|    std_min                        | 0.0509       |
|    value_loss                     | 0.656        |
----------------------------------------------------
PARITY max_torque=23.700 23.700 45.430
PARITY contact_mu=0.450
PARITY body_height=0.320
PARITY Kp_body=100.000 100.000 100.000
PARITY Kd_body=30.000 30.000 30.000
PARITY Kp_ori=100.000 100.000 100.000
PARITY Kd_ori=10.000 10.000 10.000
PARITY Kp_foot=550.000 550.000 550.000
PARITY Kd_foot=10.000 10.000 10.000
PARITY Kp_joint=5.000 5.000 5.000
PARITY Kd_joint=3.000 3.000 3.000
PARITY floating_base_weight=50.000
PARITY control_mode=5.000
[HumanoidEnv] Reset state env_id=0 z=0.293 rpy=[-0.002, -0.000, 0.001]
----------------------------------------------------
| rollout/                          |              |
|    action_saturation_fraction     | 0            |
|    ep_len_mean                    | 801          |
|    ep_rew_mean                    | 528          |
|    episodes_noforce               | 170          |
|    force_direction_mean           | -1           |
|    force_onset_mean               | 1.39         |
|    force_requested_impulse_mean   | 0            |
|    is_fall_mean                   | 0.471        |
|    is_timeout_mean                | 0.529        |
|    recovery_noforce               | 0.529        |
|    timeout_without_onset_fraction | 0            |
|    timeouts                       | 90           |
| time/                             |              |
|    fps                            | 2151         |
|    iterations                     | 75           |
|    time_elapsed                   | 4569         |
|    total_timesteps                | 9830400      |
| train/                            |              |
|    action_std_00                  | 0.0509       |
|    action_std_01                  | 0.051        |
|    action_std_02                  | 0.051        |
|    action_std_03                  | 0.0509       |
|    action_std_04                  | 0.051        |
|    action_std_05                  | 0.0509       |
|    action_std_06                  | 0.0509       |
|    action_std_07                  | 0.051        |
|    action_std_08                  | 0.0509       |
|    action_std_09                  | 0.0509       |
|    action_std_10                  | 0.0509       |
|    action_std_11                  | 0.0509       |
|    action_std_12                  | 0.0509       |
|    action_std_13                  | 0.0509       |
|    action_std_14                  | 0.0509       |
|    action_std_15                  | 0.0509       |
|    action_std_16                  | 0.0509       |
|    action_std_17                  | 0.051        |
|    action_std_18                  | 0.0509       |
|    action_std_19                  | 0.051        |
|    action_std_20                  | 0.051        |
|    action_std_21                  | 0.051        |
|    action_std_22                  | 0.051        |
|    action_std_23                  | 0.051        |
|    action_std_24                  | 0.051        |
|    approx_kl                      | 0.0012929812 |
|    clip_fraction                  | 0.0328       |
|    clip_range                     | 0.1          |
|    clip_range_vf                  | 0.2          |
|    entropy_loss                   | 39           |
|    explained_variance             | 0.841        |
|    learning_rate                  | 1e-06        |
|    loss                           | 1.11         |
|    n_updates                      | 740          |
|    policy_gradient_loss           | -0.00257     |
|    std                            | 0.0509       |
|    std_max                        | 0.051        |
|    std_min                        | 0.0509       |
|    value_loss                     | 0.679        |
----------------------------------------------------
[HumanoidEnv] unhealthy terminate at step=742 z=0.184886 rpy=[2.68789, 0.305899, -0.751795] v_body=[1.41627, 0.203402, 0.986138]
PARITY max_torque=23.700 23.700 45.430
PARITY contact_mu=0.450
PARITY body_height=0.320
PARITY Kp_body=100.000 100.000 100.000
PARITY Kd_body=30.000 30.000 30.000
PARITY Kp_ori=100.000 100.000 100.000
PARITY Kd_ori=10.000 10.000 10.000
PARITY Kp_foot=550.000 550.000 550.000
PARITY Kd_foot=10.000 10.000 10.000
PARITY Kp_joint=5.000 5.000 5.000
PARITY Kd_joint=3.000 3.000 3.000
PARITY floating_base_weight=50.000
PARITY control_mode=5.000
[HumanoidEnv] Reset state env_id=0 z=0.310 rpy=[-0.003, -0.003, 0.000]
----------------------------------------------------
| rollout/                          |              |
|    action_saturation_fraction     | 0            |
|    ep_len_mean                    | 767          |
|    ep_rew_mean                    | 499          |
|    episodes_noforce               | 172          |
|    force_direction_mean           | -1           |
|    force_onset_mean               | 1.4          |
|    force_requested_impulse_mean   | 0            |
|    is_fall_mean                   | 0.523        |
|    is_timeout_mean                | 0.477        |
|    recovery_noforce               | 0.477        |
|    timeout_without_onset_fraction | 0            |
|    timeouts                       | 82           |
| time/                             |              |
|    fps                            | 2151         |
|    iterations                     | 76           |
|    time_elapsed                   | 4630         |
|    total_timesteps                | 9961472      |
| train/                            |              |
|    action_std_00                  | 0.0509       |
|    action_std_01                  | 0.051        |
|    action_std_02                  | 0.051        |
|    action_std_03                  | 0.0509       |
|    action_std_04                  | 0.051        |
|    action_std_05                  | 0.0509       |
|    action_std_06                  | 0.0509       |
|    action_std_07                  | 0.051        |
|    action_std_08                  | 0.051        |
|    action_std_09                  | 0.051        |
|    action_std_10                  | 0.0509       |
|    action_std_11                  | 0.0509       |
|    action_std_12                  | 0.0509       |
|    action_std_13                  | 0.0509       |
|    action_std_14                  | 0.0509       |
|    action_std_15                  | 0.0509       |
|    action_std_16                  | 0.0509       |
|    action_std_17                  | 0.051        |
|    action_std_18                  | 0.0509       |
|    action_std_19                  | 0.0511       |
|    action_std_20                  | 0.051        |
|    action_std_21                  | 0.051        |
|    action_std_22                  | 0.0511       |
|    action_std_23                  | 0.051        |
|    action_std_24                  | 0.051        |
|    approx_kl                      | 0.0012542885 |
|    clip_fraction                  | 0.0318       |
|    clip_range                     | 0.1          |
|    clip_range_vf                  | 0.2          |
|    entropy_loss                   | 38.9         |
|    explained_variance             | 0.852        |
|    learning_rate                  | 1e-06        |
|    loss                           | 0.939        |
|    n_updates                      | 750          |
|    policy_gradient_loss           | -0.00266     |
|    std                            | 0.051        |
|    std_max                        | 0.0511       |
|    std_min                        | 0.0509       |
|    value_loss                     | 0.607        |
----------------------------------------------------
[HumanoidEnv] unhealthy terminate at step=396 z=0.193665 rpy=[1.39856, 0.42904, 2.27827] v_body=[-1.49471, 0.44855, -0.738135]
PARITY max_torque=23.700 23.700 45.430
PARITY contact_mu=0.450
PARITY body_height=0.320
PARITY Kp_body=100.000 100.000 100.000
PARITY Kd_body=30.000 30.000 30.000
PARITY Kp_ori=100.000 100.000 100.000
PARITY Kd_ori=10.000 10.000 10.000
PARITY Kp_foot=550.000 550.000 550.000
PARITY Kd_foot=10.000 10.000 10.000
PARITY Kp_joint=5.000 5.000 5.000
PARITY Kd_joint=3.000 3.000 3.000
PARITY floating_base_weight=50.000
PARITY control_mode=5.000
[HumanoidEnv] Reset state env_id=0 z=0.316 rpy=[-0.002, -0.003, 0.000]
INFO:root:VecNormalize statistics saved at: ./data/delta/quadruped_ppo_model_ckpt_10000640_vecnormalize.pkl
INFO:root:Model saved at: ./data/delta/quadruped_ppo_model_ckpt_10000640.zip
INFO:root:Checkpoint written at 10000640 timesteps
----------------------------------------------------
| rollout/                          |              |
|    action_saturation_fraction     | 0            |
|    ep_len_mean                    | 796          |
|    ep_rew_mean                    | 523          |
|    episodes_noforce               | 157          |
|    force_direction_mean           | -1           |
|    force_onset_mean               | 1.33         |
|    force_requested_impulse_mean   | 0            |
|    is_fall_mean                   | 0.446        |
|    is_timeout_mean                | 0.554        |
|    recovery_noforce               | 0.554        |
|    timeout_without_onset_fraction | 0            |
|    timeouts                       | 87           |
| time/                             |              |
|    fps                            | 2151         |
|    iterations                     | 77           |
|    time_elapsed                   | 4691         |
|    total_timesteps                | 10092544     |
| train/                            |              |
|    action_std_00                  | 0.051        |
|    action_std_01                  | 0.051        |
|    action_std_02                  | 0.051        |
|    action_std_03                  | 0.0509       |
|    action_std_04                  | 0.051        |
|    action_std_05                  | 0.051        |
|    action_std_06                  | 0.0509       |
|    action_std_07                  | 0.051        |
|    action_std_08                  | 0.051        |
|    action_std_09                  | 0.051        |
|    action_std_10                  | 0.0509       |
|    action_std_11                  | 0.051        |
|    action_std_12                  | 0.0509       |
|    action_std_13                  | 0.0509       |
|    action_std_14                  | 0.051        |
|    action_std_15                  | 0.051        |
|    action_std_16                  | 0.051        |
|    action_std_17                  | 0.051        |
|    action_std_18                  | 0.0509       |
|    action_std_19                  | 0.0511       |
|    action_std_20                  | 0.051        |
|    action_std_21                  | 0.051        |
|    action_std_22                  | 0.0511       |
|    action_std_23                  | 0.051        |
|    action_std_24                  | 0.051        |
|    approx_kl                      | 0.0011780618 |
|    clip_fraction                  | 0.0266       |
|    clip_range                     | 0.1          |
|    clip_range_vf                  | 0.2          |
|    entropy_loss                   | 38.9         |
|    explained_variance             | 0.847        |
|    learning_rate                  | 1e-06        |
|    loss                           | 1.03         |
|    n_updates                      | 760          |
|    policy_gradient_loss           | -0.00234     |
|    std                            | 0.051        |
|    std_max                        | 0.0511       |
|    std_min                        | 0.0509       |
|    value_loss                     | 0.661        |
----------------------------------------------------
[HumanoidEnv] unhealthy terminate at step=558 z=0.194676 rpy=[-1.91057, 0.405566, 0.207185] v_body=[-0.423129, -1.08687, -1.40386]
PARITY max_torque=23.700 23.700 45.430
PARITY contact_mu=0.450
PARITY body_height=0.320
PARITY Kp_body=100.000 100.000 100.000
PARITY Kd_body=30.000 30.000 30.000
PARITY Kp_ori=100.000 100.000 100.000
PARITY Kd_ori=10.000 10.000 10.000
PARITY Kp_foot=550.000 550.000 550.000
PARITY Kd_foot=10.000 10.000 10.000
PARITY Kp_joint=5.000 5.000 5.000
PARITY Kd_joint=3.000 3.000 3.000
PARITY floating_base_weight=50.000
PARITY control_mode=5.000
[HumanoidEnv] Reset state env_id=0 z=0.287 rpy=[0.002, 0.000, 0.000]
----------------------------------------------------
| rollout/                          |              |
|    action_saturation_fraction     | 0            |
|    ep_len_mean                    | 824          |
|    ep_rew_mean                    | 542          |
|    episodes_noforce               | 174          |
|    force_direction_mean           | -1           |
|    force_onset_mean               | 1.41         |
|    force_requested_impulse_mean   | 0            |
|    is_fall_mean                   | 0.466        |
|    is_timeout_mean                | 0.534        |
|    recovery_noforce               | 0.534        |
|    timeout_without_onset_fraction | 0            |
|    timeouts                       | 93           |
| time/                             |              |
|    fps                            | 2151         |
|    iterations                     | 78           |
|    time_elapsed                   | 4752         |
|    total_timesteps                | 10223616     |
| train/                            |              |
|    action_std_00                  | 0.051        |
|    action_std_01                  | 0.051        |
|    action_std_02                  | 0.051        |
|    action_std_03                  | 0.0509       |
|    action_std_04                  | 0.051        |
|    action_std_05                  | 0.051        |
|    action_std_06                  | 0.051        |
|    action_std_07                  | 0.051        |
|    action_std_08                  | 0.051        |
|    action_std_09                  | 0.051        |
|    action_std_10                  | 0.0509       |
|    action_std_11                  | 0.051        |
|    action_std_12                  | 0.0509       |
|    action_std_13                  | 0.051        |
|    action_std_14                  | 0.051        |
|    action_std_15                  | 0.051        |
|    action_std_16                  | 0.051        |
|    action_std_17                  | 0.051        |
|    action_std_18                  | 0.0509       |
|    action_std_19                  | 0.0511       |
|    action_std_20                  | 0.051        |
|    action_std_21                  | 0.051        |
|    action_std_22                  | 0.0511       |
|    action_std_23                  | 0.051        |
|    action_std_24                  | 0.051        |
|    approx_kl                      | 0.0012488719 |
|    clip_fraction                  | 0.0293       |
|    clip_range                     | 0.1          |
|    clip_range_vf                  | 0.2          |
|    entropy_loss                   | 38.9         |
|    explained_variance             | 0.831        |
|    learning_rate                  | 1e-06        |
|    loss                           | 0.92         |
|    n_updates                      | 770          |
|    policy_gradient_loss           | -0.00254     |
|    std                            | 0.051        |
|    std_max                        | 0.0511       |
|    std_min                        | 0.0509       |
|    value_loss                     | 0.589        |
----------------------------------------------------
[HumanoidEnv] unhealthy terminate at step=593 z=0.197403 rpy=[1.65598, 0.145609, -0.948063] v_body=[1.425, 1.2368, -0.848134]
PARITY max_torque=23.700 23.700 45.430
PARITY contact_mu=0.450
PARITY body_height=0.320
PARITY Kp_body=100.000 100.000 100.000
PARITY Kd_body=30.000 30.000 30.000
PARITY Kp_ori=100.000 100.000 100.000
PARITY Kd_ori=10.000 10.000 10.000
PARITY Kp_foot=550.000 550.000 550.000
PARITY Kd_foot=10.000 10.000 10.000
PARITY Kp_joint=5.000 5.000 5.000
PARITY Kd_joint=3.000 3.000 3.000
PARITY floating_base_weight=50.000
PARITY control_mode=5.000
[HumanoidEnv] Reset state env_id=0 z=0.296 rpy=[-0.000, -0.002, 0.001]
---------------------------------------------------
| rollout/                          |             |
|    action_saturation_fraction     | 0           |
|    ep_len_mean                    | 783         |
|    ep_rew_mean                    | 515         |
|    episodes_noforce               | 154         |
|    force_direction_mean           | -1          |
|    force_onset_mean               | 1.4         |
|    force_requested_impulse_mean   | 0           |
|    is_fall_mean                   | 0.487       |
|    is_timeout_mean                | 0.513       |
|    recovery_noforce               | 0.513       |
|    timeout_without_onset_fraction | 0           |
|    timeouts                       | 79          |
| time/                             |             |
|    fps                            | 2150        |
|    iterations                     | 79          |
|    time_elapsed                   | 4814        |
|    total_timesteps                | 10354688    |
| train/                            |             |
|    action_std_00                  | 0.051       |
|    action_std_01                  | 0.051       |
|    action_std_02                  | 0.051       |
|    action_std_03                  | 0.0509      |
|    action_std_04                  | 0.051       |
|    action_std_05                  | 0.051       |
|    action_std_06                  | 0.051       |
|    action_std_07                  | 0.051       |
|    action_std_08                  | 0.051       |
|    action_std_09                  | 0.051       |
|    action_std_10                  | 0.051       |
|    action_std_11                  | 0.051       |
|    action_std_12                  | 0.0509      |
|    action_std_13                  | 0.051       |
|    action_std_14                  | 0.051       |
|    action_std_15                  | 0.051       |
|    action_std_16                  | 0.051       |
|    action_std_17                  | 0.0511      |
|    action_std_18                  | 0.051       |
|    action_std_19                  | 0.0511      |
|    action_std_20                  | 0.051       |
|    action_std_21                  | 0.051       |
|    action_std_22                  | 0.0511      |
|    action_std_23                  | 0.051       |
|    action_std_24                  | 0.051       |
|    approx_kl                      | 0.001258631 |
|    clip_fraction                  | 0.0308      |
|    clip_range                     | 0.1         |
|    clip_range_vf                  | 0.2         |
|    entropy_loss                   | 38.9        |
|    explained_variance             | 0.85        |
|    learning_rate                  | 1e-06       |
|    loss                           | 1.05        |
|    n_updates                      | 780         |
|    policy_gradient_loss           | -0.00261    |
|    std                            | 0.051       |
|    std_max                        | 0.0511      |
|    std_min                        | 0.0509      |
|    value_loss                     | 0.615       |
---------------------------------------------------
----------------------------------------------------
| rollout/                          |              |
|    action_saturation_fraction     | 0            |
|    ep_len_mean                    | 814          |
|    ep_rew_mean                    | 534          |
|    episodes_noforce               | 165          |
|    force_direction_mean           | -1           |
|    force_onset_mean               | 1.39         |
|    force_requested_impulse_mean   | 0            |
|    is_fall_mean                   | 0.436        |
|    is_timeout_mean                | 0.564        |
|    recovery_noforce               | 0.564        |
|    timeout_without_onset_fraction | 0            |
|    timeouts                       | 93           |
| time/                             |              |
|    fps                            | 2150         |
|    iterations                     | 80           |
|    time_elapsed                   | 4876         |
|    total_timesteps                | 10485760     |
| train/                            |              |
|    action_std_00                  | 0.051        |
|    action_std_01                  | 0.0511       |
|    action_std_02                  | 0.0511       |
|    action_std_03                  | 0.0509       |
|    action_std_04                  | 0.051        |
|    action_std_05                  | 0.051        |
|    action_std_06                  | 0.051        |
|    action_std_07                  | 0.051        |
|    action_std_08                  | 0.051        |
|    action_std_09                  | 0.051        |
|    action_std_10                  | 0.051        |
|    action_std_11                  | 0.051        |
|    action_std_12                  | 0.051        |
|    action_std_13                  | 0.051        |
|    action_std_14                  | 0.051        |
|    action_std_15                  | 0.051        |
|    action_std_16                  | 0.051        |
|    action_std_17                  | 0.0511       |
|    action_std_18                  | 0.051        |
|    action_std_19                  | 0.0511       |
|    action_std_20                  | 0.051        |
|    action_std_21                  | 0.0511       |
|    action_std_22                  | 0.0511       |
|    action_std_23                  | 0.051        |
|    action_std_24                  | 0.051        |
|    approx_kl                      | 0.0012495499 |
|    clip_fraction                  | 0.0298       |
|    clip_range                     | 0.1          |
|    clip_range_vf                  | 0.2          |
|    entropy_loss                   | 38.9         |
|    explained_variance             | 0.843        |
|    learning_rate                  | 1e-06        |
|    loss                           | 0.967        |
|    n_updates                      | 790          |
|    policy_gradient_loss           | -0.00248     |
|    std                            | 0.051        |
|    std_max                        | 0.0511       |
|    std_min                        | 0.0509       |
|    value_loss                     | 0.602        |
----------------------------------------------------
[HumanoidEnv] unhealthy terminate at step=786 z=0.197427 rpy=[0.930213, 0.264313, 1.33512] v_body=[0.0528267, -0.0510769, -0.924788]
PARITY max_torque=23.700 23.700 45.430
PARITY contact_mu=0.450
PARITY body_height=0.320
PARITY Kp_body=100.000 100.000 100.000
PARITY Kd_body=30.000 30.000 30.000
PARITY Kp_ori=100.000 100.000 100.000
PARITY Kd_ori=10.000 10.000 10.000
PARITY Kp_foot=550.000 550.000 550.000
PARITY Kd_foot=10.000 10.000 10.000
PARITY Kp_joint=5.000 5.000 5.000
PARITY Kd_joint=3.000 3.000 3.000
PARITY floating_base_weight=50.000
PARITY control_mode=5.000
[HumanoidEnv] Reset state env_id=0 z=0.325 rpy=[-0.001, -0.003, 0.000]
----------------------------------------------------
| rollout/                          |              |
|    action_saturation_fraction     | 0            |
|    ep_len_mean                    | 784          |
|    ep_rew_mean                    | 516          |
|    episodes_noforce               | 177          |
|    force_direction_mean           | -1           |
|    force_onset_mean               | 1.39         |
|    force_requested_impulse_mean   | 0            |
|    is_fall_mean                   | 0.508        |
|    is_timeout_mean                | 0.492        |
|    recovery_noforce               | 0.492        |
|    timeout_without_onset_fraction | 0            |
|    timeouts                       | 87           |
| time/                             |              |
|    fps                            | 2150         |
|    iterations                     | 81           |
|    time_elapsed                   | 4937         |
|    total_timesteps                | 10616832     |
| train/                            |              |
|    action_std_00                  | 0.051        |
|    action_std_01                  | 0.0511       |
|    action_std_02                  | 0.0511       |
|    action_std_03                  | 0.051        |
|    action_std_04                  | 0.0511       |
|    action_std_05                  | 0.051        |
|    action_std_06                  | 0.051        |
|    action_std_07                  | 0.0511       |
|    action_std_08                  | 0.051        |
|    action_std_09                  | 0.051        |
|    action_std_10                  | 0.051        |
|    action_std_11                  | 0.051        |
|    action_std_12                  | 0.051        |
|    action_std_13                  | 0.051        |
|    action_std_14                  | 0.051        |
|    action_std_15                  | 0.051        |
|    action_std_16                  | 0.051        |
|    action_std_17                  | 0.0511       |
|    action_std_18                  | 0.051        |
|    action_std_19                  | 0.0511       |
|    action_std_20                  | 0.0511       |
|    action_std_21                  | 0.0511       |
|    action_std_22                  | 0.0511       |
|    action_std_23                  | 0.051        |
|    action_std_24                  | 0.051        |
|    approx_kl                      | 0.0012708323 |
|    clip_fraction                  | 0.0322       |
|    clip_range                     | 0.1          |
|    clip_range_vf                  | 0.2          |
|    entropy_loss                   | 38.9         |
|    explained_variance             | 0.853        |
|    learning_rate                  | 1e-06        |
|    loss                           | 0.961        |
|    n_updates                      | 800          |
|    policy_gradient_loss           | -0.00261     |
|    std                            | 0.051        |
|    std_max                        | 0.0511       |
|    std_min                        | 0.051        |
|    value_loss                     | 0.572        |
----------------------------------------------------
----------------------------------------------------
| rollout/                          |              |
|    action_saturation_fraction     | 0            |
|    ep_len_mean                    | 791          |
|    ep_rew_mean                    | 519          |
|    episodes_noforce               | 153          |
|    force_direction_mean           | -1           |
|    force_onset_mean               | 1.4          |
|    force_requested_impulse_mean   | 0            |
|    is_fall_mean                   | 0.425        |
|    is_timeout_mean                | 0.575        |
|    recovery_noforce               | 0.575        |
|    timeout_without_onset_fraction | 0            |
|    timeouts                       | 88           |
| time/                             |              |
|    fps                            | 2150         |
|    iterations                     | 82           |
|    time_elapsed                   | 4998         |
|    total_timesteps                | 10747904     |
| train/                            |              |
|    action_std_00                  | 0.051        |
|    action_std_01                  | 0.0511       |
|    action_std_02                  | 0.0511       |
|    action_std_03                  | 0.051        |
|    action_std_04                  | 0.0511       |
|    action_std_05                  | 0.051        |
|    action_std_06                  | 0.051        |
|    action_std_07                  | 0.0511       |
|    action_std_08                  | 0.051        |
|    action_std_09                  | 0.051        |
|    action_std_10                  | 0.051        |
|    action_std_11                  | 0.051        |
|    action_std_12                  | 0.051        |
|    action_std_13                  | 0.051        |
|    action_std_14                  | 0.051        |
|    action_std_15                  | 0.051        |
|    action_std_16                  | 0.051        |
|    action_std_17                  | 0.0511       |
|    action_std_18                  | 0.051        |
|    action_std_19                  | 0.0511       |
|    action_std_20                  | 0.0511       |
|    action_std_21                  | 0.0511       |
|    action_std_22                  | 0.0511       |
|    action_std_23                  | 0.051        |
|    action_std_24                  | 0.0511       |
|    approx_kl                      | 0.0012667419 |
|    clip_fraction                  | 0.03         |
|    clip_range                     | 0.1          |
|    clip_range_vf                  | 0.2          |
|    entropy_loss                   | 38.9         |
|    explained_variance             | 0.856        |
|    learning_rate                  | 1e-06        |
|    loss                           | 1.08         |
|    n_updates                      | 810          |
|    policy_gradient_loss           | -0.00254     |
|    std                            | 0.051        |
|    std_max                        | 0.0511       |
|    std_min                        | 0.051        |
|    value_loss                     | 0.624        |
----------------------------------------------------
PARITY max_torque=23.700 23.700 45.430
PARITY contact_mu=0.450
PARITY body_height=0.320
PARITY Kp_body=100.000 100.000 100.000
PARITY Kd_body=30.000 30.000 30.000
PARITY Kp_ori=100.000 100.000 100.000
PARITY Kd_ori=10.000 10.000 10.000
PARITY Kp_foot=550.000 550.000 550.000
PARITY Kd_foot=10.000 10.000 10.000
PARITY Kp_joint=5.000 5.000 5.000
PARITY Kd_joint=3.000 3.000 3.000
PARITY floating_base_weight=50.000
PARITY control_mode=5.000
[HumanoidEnv] Reset state env_id=0 z=0.286 rpy=[0.000, 0.000, 0.001]
----------------------------------------------------
| rollout/                          |              |
|    action_saturation_fraction     | 0            |
|    ep_len_mean                    | 844          |
|    ep_rew_mean                    | 558          |
|    episodes_noforce               | 162          |
|    force_direction_mean           | -1           |
|    force_onset_mean               | 1.4          |
|    force_requested_impulse_mean   | 0            |
|    is_fall_mean                   | 0.395        |
|    is_timeout_mean                | 0.605        |
|    recovery_noforce               | 0.605        |
|    timeout_without_onset_fraction | 0            |
|    timeouts                       | 98           |
| time/                             |              |
|    fps                            | 2149         |
|    iterations                     | 83           |
|    time_elapsed                   | 5060         |
|    total_timesteps                | 10878976     |
| train/                            |              |
|    action_std_00                  | 0.0511       |
|    action_std_01                  | 0.0511       |
|    action_std_02                  | 0.0511       |
|    action_std_03                  | 0.051        |
|    action_std_04                  | 0.0511       |
|    action_std_05                  | 0.0511       |
|    action_std_06                  | 0.051        |
|    action_std_07                  | 0.0511       |
|    action_std_08                  | 0.051        |
|    action_std_09                  | 0.051        |
|    action_std_10                  | 0.051        |
|    action_std_11                  | 0.051        |
|    action_std_12                  | 0.051        |
|    action_std_13                  | 0.051        |
|    action_std_14                  | 0.0511       |
|    action_std_15                  | 0.051        |
|    action_std_16                  | 0.051        |
|    action_std_17                  | 0.0511       |
|    action_std_18                  | 0.051        |
|    action_std_19                  | 0.0512       |
|    action_std_20                  | 0.0511       |
|    action_std_21                  | 0.0511       |
|    action_std_22                  | 0.0511       |
|    action_std_23                  | 0.051        |
|    action_std_24                  | 0.0511       |
|    approx_kl                      | 0.0012691445 |
|    clip_fraction                  | 0.0309       |
|    clip_range                     | 0.1          |
|    clip_range_vf                  | 0.2          |
|    entropy_loss                   | 38.9         |
|    explained_variance             | 0.857        |
|    learning_rate                  | 1e-06        |
|    loss                           | 0.996        |
|    n_updates                      | 820          |
|    policy_gradient_loss           | -0.00255     |
|    std                            | 0.0511       |
|    std_max                        | 0.0512       |
|    std_min                        | 0.051        |
|    value_loss                     | 0.546        |
----------------------------------------------------
PARITY max_torque=23.700 23.700 45.430
PARITY contact_mu=0.450
PARITY body_height=0.320
PARITY Kp_body=100.000 100.000 100.000
PARITY Kd_body=30.000 30.000 30.000
PARITY Kp_ori=100.000 100.000 100.000
PARITY Kd_ori=10.000 10.000 10.000
PARITY Kp_foot=550.000 550.000 550.000
PARITY Kd_foot=10.000 10.000 10.000
PARITY Kp_joint=5.000 5.000 5.000
PARITY Kd_joint=3.000 3.000 3.000
PARITY floating_base_weight=50.000
PARITY control_mode=5.000
[HumanoidEnv] Reset state env_id=0 z=0.288 rpy=[0.001, 0.000, 0.000]
----------------------------------------------------
| rollout/                          |              |
|    action_saturation_fraction     | 0            |
|    ep_len_mean                    | 852          |
|    ep_rew_mean                    | 562          |
|    episodes_noforce               | 145          |
|    force_direction_mean           | -1           |
|    force_onset_mean               | 1.39         |
|    force_requested_impulse_mean   | 0            |
|    is_fall_mean                   | 0.414        |
|    is_timeout_mean                | 0.586        |
|    recovery_noforce               | 0.586        |
|    timeout_without_onset_fraction | 0            |
|    timeouts                       | 85           |
| time/                             |              |
|    fps                            | 2149         |
|    iterations                     | 84           |
|    time_elapsed                   | 5121         |
|    total_timesteps                | 11010048     |
| train/                            |              |
|    action_std_00                  | 0.0511       |
|    action_std_01                  | 0.0511       |
|    action_std_02                  | 0.0511       |
|    action_std_03                  | 0.051        |
|    action_std_04                  | 0.0511       |
|    action_std_05                  | 0.0511       |
|    action_std_06                  | 0.051        |
|    action_std_07                  | 0.0511       |
|    action_std_08                  | 0.051        |
|    action_std_09                  | 0.051        |
|    action_std_10                  | 0.051        |
|    action_std_11                  | 0.0511       |
|    action_std_12                  | 0.051        |
|    action_std_13                  | 0.051        |
|    action_std_14                  | 0.0511       |
|    action_std_15                  | 0.051        |
|    action_std_16                  | 0.051        |
|    action_std_17                  | 0.0511       |
|    action_std_18                  | 0.051        |
|    action_std_19                  | 0.0512       |
|    action_std_20                  | 0.0511       |
|    action_std_21                  | 0.0511       |
|    action_std_22                  | 0.0512       |
|    action_std_23                  | 0.0511       |
|    action_std_24                  | 0.0511       |
|    approx_kl                      | 0.0012010597 |
|    clip_fraction                  | 0.0269       |
|    clip_range                     | 0.1          |
|    clip_range_vf                  | 0.2          |
|    entropy_loss                   | 38.9         |
|    explained_variance             | 0.854        |
|    learning_rate                  | 1e-06        |
|    loss                           | 1.04         |
|    n_updates                      | 830          |
|    policy_gradient_loss           | -0.00236     |
|    std                            | 0.0511       |
|    std_max                        | 0.0512       |
|    std_min                        | 0.051        |
|    value_loss                     | 0.546        |
----------------------------------------------------
[HumanoidEnv] unhealthy terminate at step=226 z=0.192685 rpy=[1.43174, 0.156714, -2.41386] v_body=[-0.267011, -1.77347, 0.403776]
PARITY max_torque=23.700 23.700 45.430
PARITY contact_mu=0.450
PARITY body_height=0.320
PARITY Kp_body=100.000 100.000 100.000
PARITY Kd_body=30.000 30.000 30.000
PARITY Kp_ori=100.000 100.000 100.000
PARITY Kd_ori=10.000 10.000 10.000
PARITY Kp_foot=550.000 550.000 550.000
PARITY Kd_foot=10.000 10.000 10.000
PARITY Kp_joint=5.000 5.000 5.000
PARITY Kd_joint=3.000 3.000 3.000
PARITY floating_base_weight=50.000
PARITY control_mode=5.000
[HumanoidEnv] Reset state env_id=0 z=0.271 rpy=[0.001, -0.001, 0.000]
[HumanoidEnv] unhealthy terminate at step=250 z=0.198214 rpy=[1.20443, 0.302587, -0.790123] v_body=[-0.454595, 1.40415, 0.0694761]
PARITY max_torque=23.700 23.700 45.430
PARITY contact_mu=0.450
PARITY body_height=0.320
PARITY Kp_body=100.000 100.000 100.000
PARITY Kd_body=30.000 30.000 30.000
PARITY Kp_ori=100.000 100.000 100.000
PARITY Kd_ori=10.000 10.000 10.000
PARITY Kp_foot=550.000 550.000 550.000
PARITY Kd_foot=10.000 10.000 10.000
PARITY Kp_joint=5.000 5.000 5.000
PARITY Kd_joint=3.000 3.000 3.000
PARITY floating_base_weight=50.000
PARITY control_mode=5.000
[HumanoidEnv] Reset state env_id=0 z=0.306 rpy=[0.002, -0.002, -0.000]
----------------------------------------------------
| rollout/                          |              |
|    action_saturation_fraction     | 0            |
|    ep_len_mean                    | 831          |
|    ep_rew_mean                    | 542          |
|    episodes_noforce               | 172          |
|    force_direction_mean           | -1           |
|    force_onset_mean               | 1.41         |
|    force_requested_impulse_mean   | 0            |
|    is_fall_mean                   | 0.407        |
|    is_timeout_mean                | 0.593        |
|    recovery_noforce               | 0.593        |
|    timeout_without_onset_fraction | 0            |
|    timeouts                       | 102          |
| time/                             |              |
|    fps                            | 2149         |
|    iterations                     | 85           |
|    time_elapsed                   | 5182         |
|    total_timesteps                | 11141120     |
| train/                            |              |
|    action_std_00                  | 0.0511       |
|    action_std_01                  | 0.0511       |
|    action_std_02                  | 0.0511       |
|    action_std_03                  | 0.051        |
|    action_std_04                  | 0.0511       |
|    action_std_05                  | 0.0511       |
|    action_std_06                  | 0.0511       |
|    action_std_07                  | 0.0511       |
|    action_std_08                  | 0.051        |
|    action_std_09                  | 0.0511       |
|    action_std_10                  | 0.051        |
|    action_std_11                  | 0.0511       |
|    action_std_12                  | 0.051        |
|    action_std_13                  | 0.051        |
|    action_std_14                  | 0.0511       |
|    action_std_15                  | 0.0511       |
|    action_std_16                  | 0.0511       |
|    action_std_17                  | 0.0511       |
|    action_std_18                  | 0.051        |
|    action_std_19                  | 0.0512       |
|    action_std_20                  | 0.0511       |
|    action_std_21                  | 0.0511       |
|    action_std_22                  | 0.0512       |
|    action_std_23                  | 0.0511       |
|    action_std_24                  | 0.0511       |
|    approx_kl                      | 0.0012255788 |
|    clip_fraction                  | 0.0287       |
|    clip_range                     | 0.1          |
|    clip_range_vf                  | 0.2          |
|    entropy_loss                   | 38.9         |
|    explained_variance             | 0.848        |
|    learning_rate                  | 1e-06        |
|    loss                           | 0.966        |
|    n_updates                      | 840          |
|    policy_gradient_loss           | -0.00245     |
|    std                            | 0.0511       |
|    std_max                        | 0.0512       |
|    std_min                        | 0.051        |
|    value_loss                     | 0.548        |
----------------------------------------------------
----------------------------------------------------
| rollout/                          |              |
|    action_saturation_fraction     | 0            |
|    ep_len_mean                    | 802          |
|    ep_rew_mean                    | 527          |
|    episodes_noforce               | 156          |
|    force_direction_mean           | -1           |
|    force_onset_mean               | 1.4          |
|    force_requested_impulse_mean   | 0            |
|    is_fall_mean                   | 0.487        |
|    is_timeout_mean                | 0.513        |
|    recovery_noforce               | 0.513        |
|    timeout_without_onset_fraction | 0            |
|    timeouts                       | 80           |
| time/                             |              |
|    fps                            | 2149         |
|    iterations                     | 86           |
|    time_elapsed                   | 5244         |
|    total_timesteps                | 11272192     |
| train/                            |              |
|    action_std_00                  | 0.0511       |
|    action_std_01                  | 0.0511       |
|    action_std_02                  | 0.0511       |
|    action_std_03                  | 0.051        |
|    action_std_04                  | 0.0511       |
|    action_std_05                  | 0.0511       |
|    action_std_06                  | 0.0511       |
|    action_std_07                  | 0.0511       |
|    action_std_08                  | 0.0511       |
|    action_std_09                  | 0.0511       |
|    action_std_10                  | 0.051        |
|    action_std_11                  | 0.0511       |
|    action_std_12                  | 0.051        |
|    action_std_13                  | 0.0511       |
|    action_std_14                  | 0.0511       |
|    action_std_15                  | 0.0511       |
|    action_std_16                  | 0.0511       |
|    action_std_17                  | 0.0511       |
|    action_std_18                  | 0.0511       |
|    action_std_19                  | 0.0512       |
|    action_std_20                  | 0.0511       |
|    action_std_21                  | 0.0511       |
|    action_std_22                  | 0.0512       |
|    action_std_23                  | 0.0511       |
|    action_std_24                  | 0.0511       |
|    approx_kl                      | 0.0012499611 |
|    clip_fraction                  | 0.0298       |
|    clip_range                     | 0.1          |
|    clip_range_vf                  | 0.2          |
|    entropy_loss                   | 38.9         |
|    explained_variance             | 0.85         |
|    learning_rate                  | 1e-06        |
|    loss                           | 1.01         |
|    n_updates                      | 850          |
|    policy_gradient_loss           | -0.00253     |
|    std                            | 0.0511       |
|    std_max                        | 0.0512       |
|    std_min                        | 0.051        |
|    value_loss                     | 0.569        |
----------------------------------------------------
PARITY max_torque=23.700 23.700 45.430
PARITY contact_mu=0.450
PARITY body_height=0.320
PARITY Kp_body=100.000 100.000 100.000
PARITY Kd_body=30.000 30.000 30.000
PARITY Kp_ori=100.000 100.000 100.000
PARITY Kd_ori=10.000 10.000 10.000
PARITY Kp_foot=550.000 550.000 550.000
PARITY Kd_foot=10.000 10.000 10.000
PARITY Kp_joint=5.000 5.000 5.000
PARITY Kd_joint=3.000 3.000 3.000
PARITY floating_base_weight=50.000
PARITY control_mode=5.000
[HumanoidEnv] Reset state env_id=0 z=0.294 rpy=[-0.001, -0.002, 0.000]
---------------------------------------------------
| rollout/                          |             |
|    action_saturation_fraction     | 0           |
|    ep_len_mean                    | 848         |
|    ep_rew_mean                    | 560         |
|    episodes_noforce               | 159         |
|    force_direction_mean           | -1          |
|    force_onset_mean               | 1.39        |
|    force_requested_impulse_mean   | 0           |
|    is_fall_mean                   | 0.409       |
|    is_timeout_mean                | 0.591       |
|    recovery_noforce               | 0.591       |
|    timeout_without_onset_fraction | 0           |
|    timeouts                       | 94          |
| time/                             |             |
|    fps                            | 2149        |
|    iterations                     | 87          |
|    time_elapsed                   | 5305        |
|    total_timesteps                | 11403264    |
| train/                            |             |
|    action_std_00                  | 0.0511      |
|    action_std_01                  | 0.0511      |
|    action_std_02                  | 0.0512      |
|    action_std_03                  | 0.051       |
|    action_std_04                  | 0.0511      |
|    action_std_05                  | 0.0511      |
|    action_std_06                  | 0.0511      |
|    action_std_07                  | 0.0511      |
|    action_std_08                  | 0.0511      |
|    action_std_09                  | 0.0511      |
|    action_std_10                  | 0.051       |
|    action_std_11                  | 0.0511      |
|    action_std_12                  | 0.051       |
|    action_std_13                  | 0.0511      |
|    action_std_14                  | 0.0511      |
|    action_std_15                  | 0.0511      |
|    action_std_16                  | 0.0511      |
|    action_std_17                  | 0.0511      |
|    action_std_18                  | 0.0511      |
|    action_std_19                  | 0.0512      |
|    action_std_20                  | 0.0511      |
|    action_std_21                  | 0.0511      |
|    action_std_22                  | 0.0512      |
|    action_std_23                  | 0.0511      |
|    action_std_24                  | 0.0511      |
|    approx_kl                      | 0.001220388 |
|    clip_fraction                  | 0.0286      |
|    clip_range                     | 0.1         |
|    clip_range_vf                  | 0.2         |
|    entropy_loss                   | 38.9        |
|    explained_variance             | 0.849       |
|    learning_rate                  | 1e-06       |
|    loss                           | 0.948       |
|    n_updates                      | 860         |
|    policy_gradient_loss           | -0.00266    |
|    std                            | 0.0511      |
|    std_max                        | 0.0512      |
|    std_min                        | 0.051       |
|    value_loss                     | 0.576       |
---------------------------------------------------
----------------------------------------------------
| rollout/                          |              |
|    action_saturation_fraction     | 0            |
|    ep_len_mean                    | 797          |
|    ep_rew_mean                    | 524          |
|    episodes_noforce               | 162          |
|    force_direction_mean           | -1           |
|    force_onset_mean               | 1.38         |
|    force_requested_impulse_mean   | 0            |
|    is_fall_mean                   | 0.512        |
|    is_timeout_mean                | 0.488        |
|    recovery_noforce               | 0.488        |
|    timeout_without_onset_fraction | 0            |
|    timeouts                       | 79           |
| time/                             |              |
|    fps                            | 2149         |
|    iterations                     | 88           |
|    time_elapsed                   | 5367         |
|    total_timesteps                | 11534336     |
| train/                            |              |
|    action_std_00                  | 0.0511       |
|    action_std_01                  | 0.0511       |
|    action_std_02                  | 0.0512       |
|    action_std_03                  | 0.051        |
|    action_std_04                  | 0.0512       |
|    action_std_05                  | 0.0511       |
|    action_std_06                  | 0.0511       |
|    action_std_07                  | 0.0511       |
|    action_std_08                  | 0.0511       |
|    action_std_09                  | 0.0511       |
|    action_std_10                  | 0.0511       |
|    action_std_11                  | 0.0511       |
|    action_std_12                  | 0.0511       |
|    action_std_13                  | 0.0511       |
|    action_std_14                  | 0.0511       |
|    action_std_15                  | 0.0511       |
|    action_std_16                  | 0.0511       |
|    action_std_17                  | 0.0511       |
|    action_std_18                  | 0.0511       |
|    action_std_19                  | 0.0512       |
|    action_std_20                  | 0.0512       |
|    action_std_21                  | 0.0512       |
|    action_std_22                  | 0.0512       |
|    action_std_23                  | 0.0511       |
|    action_std_24                  | 0.0511       |
|    approx_kl                      | 0.0012913361 |
|    clip_fraction                  | 0.0318       |
|    clip_range                     | 0.1          |
|    clip_range_vf                  | 0.2          |
|    entropy_loss                   | 38.9         |
|    explained_variance             | 0.844        |
|    learning_rate                  | 1e-06        |
|    loss                           | 0.873        |
|    n_updates                      | 870          |
|    policy_gradient_loss           | -0.00263     |
|    std                            | 0.0511       |
|    std_max                        | 0.0512       |
|    std_min                        | 0.051        |
|    value_loss                     | 0.577        |
----------------------------------------------------
PARITY max_torque=23.700 23.700 45.430
PARITY contact_mu=0.450
PARITY body_height=0.320
PARITY Kp_body=100.000 100.000 100.000
PARITY Kd_body=30.000 30.000 30.000
PARITY Kp_ori=100.000 100.000 100.000
PARITY Kd_ori=10.000 10.000 10.000
PARITY Kp_foot=550.000 550.000 550.000
PARITY Kd_foot=10.000 10.000 10.000
PARITY Kp_joint=5.000 5.000 5.000
PARITY Kd_joint=3.000 3.000 3.000
PARITY floating_base_weight=50.000
PARITY control_mode=5.000
[HumanoidEnv] Reset state env_id=0 z=0.276 rpy=[-0.001, -0.001, 0.001]
----------------------------------------------------
| rollout/                          |              |
|    action_saturation_fraction     | 0            |
|    ep_len_mean                    | 838          |
|    ep_rew_mean                    | 558          |
|    episodes_noforce               | 157          |
|    force_direction_mean           | -1           |
|    force_onset_mean               | 1.39         |
|    force_requested_impulse_mean   | 0            |
|    is_fall_mean                   | 0.401        |
|    is_timeout_mean                | 0.599        |
|    recovery_noforce               | 0.599        |
|    timeout_without_onset_fraction | 0            |
|    timeouts                       | 94           |
| time/                             |              |
|    fps                            | 2148         |
|    iterations                     | 89           |
|    time_elapsed                   | 5428         |
|    total_timesteps                | 11665408     |
| train/                            |              |
|    action_std_00                  | 0.0512       |
|    action_std_01                  | 0.0511       |
|    action_std_02                  | 0.0512       |
|    action_std_03                  | 0.051        |
|    action_std_04                  | 0.0512       |
|    action_std_05                  | 0.0511       |
|    action_std_06                  | 0.0511       |
|    action_std_07                  | 0.0511       |
|    action_std_08                  | 0.0511       |
|    action_std_09                  | 0.0511       |
|    action_std_10                  | 0.0511       |
|    action_std_11                  | 0.0511       |
|    action_std_12                  | 0.0511       |
|    action_std_13                  | 0.0511       |
|    action_std_14                  | 0.0511       |
|    action_std_15                  | 0.0511       |
|    action_std_16                  | 0.0511       |
|    action_std_17                  | 0.0512       |
|    action_std_18                  | 0.0511       |
|    action_std_19                  | 0.0512       |
|    action_std_20                  | 0.0512       |
|    action_std_21                  | 0.0512       |
|    action_std_22                  | 0.0512       |
|    action_std_23                  | 0.0511       |
|    action_std_24                  | 0.0512       |
|    approx_kl                      | 0.0012287349 |
|    clip_fraction                  | 0.0296       |
|    clip_range                     | 0.1          |
|    clip_range_vf                  | 0.2          |
|    entropy_loss                   | 38.9         |
|    explained_variance             | 0.857        |
|    learning_rate                  | 1e-06        |
|    loss                           | 1.11         |
|    n_updates                      | 880          |
|    policy_gradient_loss           | -0.0026      |
|    std                            | 0.0511       |
|    std_max                        | 0.0512       |
|    std_min                        | 0.051        |
|    value_loss                     | 0.635        |
----------------------------------------------------
----------------------------------------------------
| rollout/                          |              |
|    action_saturation_fraction     | 0            |
|    ep_len_mean                    | 850          |
|    ep_rew_mean                    | 562          |
|    episodes_noforce               | 152          |
|    force_direction_mean           | -1           |
|    force_onset_mean               | 1.4          |
|    force_requested_impulse_mean   | 0            |
|    is_fall_mean                   | 0.362        |
|    is_timeout_mean                | 0.638        |
|    recovery_noforce               | 0.638        |
|    timeout_without_onset_fraction | 0            |
|    timeouts                       | 97           |
| time/                             |              |
|    fps                            | 2148         |
|    iterations                     | 90           |
|    time_elapsed                   | 5489         |
|    total_timesteps                | 11796480     |
| train/                            |              |
|    action_std_00                  | 0.0512       |
|    action_std_01                  | 0.0512       |
|    action_std_02                  | 0.0512       |
|    action_std_03                  | 0.0511       |
|    action_std_04                  | 0.0512       |
|    action_std_05                  | 0.0512       |
|    action_std_06                  | 0.0511       |
|    action_std_07                  | 0.0511       |
|    action_std_08                  | 0.0511       |
|    action_std_09                  | 0.0511       |
|    action_std_10                  | 0.0511       |
|    action_std_11                  | 0.0511       |
|    action_std_12                  | 0.0511       |
|    action_std_13                  | 0.0511       |
|    action_std_14                  | 0.0512       |
|    action_std_15                  | 0.0511       |
|    action_std_16                  | 0.0511       |
|    action_std_17                  | 0.0512       |
|    action_std_18                  | 0.0511       |
|    action_std_19                  | 0.0513       |
|    action_std_20                  | 0.0512       |
|    action_std_21                  | 0.0512       |
|    action_std_22                  | 0.0512       |
|    action_std_23                  | 0.0511       |
|    action_std_24                  | 0.0512       |
|    approx_kl                      | 0.0012689086 |
|    clip_fraction                  | 0.0309       |
|    clip_range                     | 0.1          |
|    clip_range_vf                  | 0.2          |
|    entropy_loss                   | 38.9         |
|    explained_variance             | 0.849        |
|    learning_rate                  | 1e-06        |
|    loss                           | 1            |
|    n_updates                      | 890          |
|    policy_gradient_loss           | -0.00264     |
|    std                            | 0.0511       |
|    std_max                        | 0.0513       |
|    std_min                        | 0.0511       |
|    value_loss                     | 0.534        |
----------------------------------------------------
[HumanoidEnv] unhealthy terminate at step=665 z=0.190723 rpy=[2.94863, 0.460166, -2.32846] v_body=[-0.357024, -0.929182, 0.363189]
PARITY max_torque=23.700 23.700 45.430
PARITY contact_mu=0.450
PARITY body_height=0.320
PARITY Kp_body=100.000 100.000 100.000
PARITY Kd_body=30.000 30.000 30.000
PARITY Kp_ori=100.000 100.000 100.000
PARITY Kd_ori=10.000 10.000 10.000
PARITY Kp_foot=550.000 550.000 550.000
PARITY Kd_foot=10.000 10.000 10.000
PARITY Kp_joint=5.000 5.000 5.000
PARITY Kd_joint=3.000 3.000 3.000
PARITY floating_base_weight=50.000
PARITY control_mode=5.000
[HumanoidEnv] Reset state env_id=0 z=0.317 rpy=[0.001, -0.003, 0.000]
----------------------------------------------------
| rollout/                          |              |
|    action_saturation_fraction     | 0            |
|    ep_len_mean                    | 849          |
|    ep_rew_mean                    | 562          |
|    episodes_noforce               | 160          |
|    force_direction_mean           | -1           |
|    force_onset_mean               | 1.39         |
|    force_requested_impulse_mean   | 0            |
|    is_fall_mean                   | 0.4          |
|    is_timeout_mean                | 0.6          |
|    recovery_noforce               | 0.6          |
|    timeout_without_onset_fraction | 0            |
|    timeouts                       | 96           |
| time/                             |              |
|    fps                            | 2148         |
|    iterations                     | 91           |
|    time_elapsed                   | 5551         |
|    total_timesteps                | 11927552     |
| train/                            |              |
|    action_std_00                  | 0.0512       |
|    action_std_01                  | 0.0512       |
|    action_std_02                  | 0.0512       |
|    action_std_03                  | 0.0511       |
|    action_std_04                  | 0.0512       |
|    action_std_05                  | 0.0512       |
|    action_std_06                  | 0.0511       |
|    action_std_07                  | 0.0512       |
|    action_std_08                  | 0.0511       |
|    action_std_09                  | 0.0512       |
|    action_std_10                  | 0.0511       |
|    action_std_11                  | 0.0511       |
|    action_std_12                  | 0.0511       |
|    action_std_13                  | 0.0511       |
|    action_std_14                  | 0.0512       |
|    action_std_15                  | 0.0511       |
|    action_std_16                  | 0.0511       |
|    action_std_17                  | 0.0512       |
|    action_std_18                  | 0.0511       |
|    action_std_19                  | 0.0513       |
|    action_std_20                  | 0.0512       |
|    action_std_21                  | 0.0512       |
|    action_std_22                  | 0.0512       |
|    action_std_23                  | 0.0511       |
|    action_std_24                  | 0.0512       |
|    approx_kl                      | 0.0012392193 |
|    clip_fraction                  | 0.0272       |
|    clip_range                     | 0.1          |
|    clip_range_vf                  | 0.2          |
|    entropy_loss                   | 38.8         |
|    explained_variance             | 0.848        |
|    learning_rate                  | 1e-06        |
|    loss                           | 0.841        |
|    n_updates                      | 900          |
|    policy_gradient_loss           | -0.00249     |
|    std                            | 0.0512       |
|    std_max                        | 0.0513       |
|    std_min                        | 0.0511       |
|    value_loss                     | 0.52         |
----------------------------------------------------
INFO:root:VecNormalize statistics saved at: ./data/delta/quadruped_ppo_model_ckpt_12000768_vecnormalize.pkl
INFO:root:Model saved at: ./data/delta/quadruped_ppo_model_ckpt_12000768.zip
INFO:root:Checkpoint written at 12000768 timesteps
----------------------------------------------------
| rollout/                          |              |
|    action_saturation_fraction     | 0            |
|    ep_len_mean                    | 789          |
|    ep_rew_mean                    | 518          |
|    episodes_noforce               | 164          |
|    force_direction_mean           | -1           |
|    force_onset_mean               | 1.38         |
|    force_requested_impulse_mean   | 0            |
|    is_fall_mean                   | 0.5          |
|    is_timeout_mean                | 0.5          |
|    recovery_noforce               | 0.5          |
|    timeout_without_onset_fraction | 0            |
|    timeouts                       | 82           |
| time/                             |              |
|    fps                            | 2148         |
|    iterations                     | 92           |
|    time_elapsed                   | 5612         |
|    total_timesteps                | 12058624     |
| train/                            |              |
|    action_std_00                  | 0.0512       |
|    action_std_01                  | 0.0512       |
|    action_std_02                  | 0.0512       |
|    action_std_03                  | 0.0511       |
|    action_std_04                  | 0.0512       |
|    action_std_05                  | 0.0512       |
|    action_std_06                  | 0.0511       |
|    action_std_07                  | 0.0512       |
|    action_std_08                  | 0.0511       |
|    action_std_09                  | 0.0512       |
|    action_std_10                  | 0.0511       |
|    action_std_11                  | 0.0511       |
|    action_std_12                  | 0.0511       |
|    action_std_13                  | 0.0511       |
|    action_std_14                  | 0.0512       |
|    action_std_15                  | 0.0512       |
|    action_std_16                  | 0.0512       |
|    action_std_17                  | 0.0512       |
|    action_std_18                  | 0.0511       |
|    action_std_19                  | 0.0513       |
|    action_std_20                  | 0.0512       |
|    action_std_21                  | 0.0512       |
|    action_std_22                  | 0.0512       |
|    action_std_23                  | 0.0512       |
|    action_std_24                  | 0.0512       |
|    approx_kl                      | 0.0013299959 |
|    clip_fraction                  | 0.035        |
|    clip_range                     | 0.1          |
|    clip_range_vf                  | 0.2          |
|    entropy_loss                   | 38.8         |
|    explained_variance             | 0.858        |
|    learning_rate                  | 1e-06        |
|    loss                           | 0.892        |
|    n_updates                      | 910          |
|    policy_gradient_loss           | -0.00268     |
|    std                            | 0.0512       |
|    std_max                        | 0.0513       |
|    std_min                        | 0.0511       |
|    value_loss                     | 0.505        |
----------------------------------------------------
PARITY max_torque=23.700 23.700 45.430
PARITY contact_mu=0.450
PARITY body_height=0.320
PARITY Kp_body=100.000 100.000 100.000
PARITY Kd_body=30.000 30.000 30.000
PARITY Kp_ori=100.000 100.000 100.000
PARITY Kd_ori=10.000 10.000 10.000
PARITY Kp_foot=550.000 550.000 550.000
PARITY Kd_foot=10.000 10.000 10.000
PARITY Kp_joint=5.000 5.000 5.000
PARITY Kd_joint=3.000 3.000 3.000
PARITY floating_base_weight=50.000
PARITY control_mode=5.000
[HumanoidEnv] Reset state env_id=0 z=0.323 rpy=[-0.003, -0.002, 0.000]
----------------------------------------------------
| rollout/                          |              |
|    action_saturation_fraction     | 0            |
|    ep_len_mean                    | 830          |
|    ep_rew_mean                    | 544          |
|    episodes_noforce               | 161          |
|    force_direction_mean           | -1           |
|    force_onset_mean               | 1.4          |
|    force_requested_impulse_mean   | 0            |
|    is_fall_mean                   | 0.41         |
|    is_timeout_mean                | 0.59         |
|    recovery_noforce               | 0.59         |
|    timeout_without_onset_fraction | 0            |
|    timeouts                       | 95           |
| time/                             |              |
|    fps                            | 2148         |
|    iterations                     | 93           |
|    time_elapsed                   | 5674         |
|    total_timesteps                | 12189696     |
| train/                            |              |
|    action_std_00                  | 0.0512       |
|    action_std_01                  | 0.0512       |
|    action_std_02                  | 0.0512       |
|    action_std_03                  | 0.0511       |
|    action_std_04                  | 0.0512       |
|    action_std_05                  | 0.0512       |
|    action_std_06                  | 0.0512       |
|    action_std_07                  | 0.0512       |
|    action_std_08                  | 0.0512       |
|    action_std_09                  | 0.0512       |
|    action_std_10                  | 0.0511       |
|    action_std_11                  | 0.0512       |
|    action_std_12                  | 0.0511       |
|    action_std_13                  | 0.0511       |
|    action_std_14                  | 0.0512       |
|    action_std_15                  | 0.0512       |
|    action_std_16                  | 0.0512       |
|    action_std_17                  | 0.0512       |
|    action_std_18                  | 0.0512       |
|    action_std_19                  | 0.0513       |
|    action_std_20                  | 0.0512       |
|    action_std_21                  | 0.0512       |
|    action_std_22                  | 0.0513       |
|    action_std_23                  | 0.0512       |
|    action_std_24                  | 0.0512       |
|    approx_kl                      | 0.0012701924 |
|    clip_fraction                  | 0.0296       |
|    clip_range                     | 0.1          |
|    clip_range_vf                  | 0.2          |
|    entropy_loss                   | 38.8         |
|    explained_variance             | 0.861        |
|    learning_rate                  | 1e-06        |
|    loss                           | 0.978        |
|    n_updates                      | 920          |
|    policy_gradient_loss           | -0.00244     |
|    std                            | 0.0512       |
|    std_max                        | 0.0513       |
|    std_min                        | 0.0511       |
|    value_loss                     | 0.568        |
----------------------------------------------------
----------------------------------------------------
| rollout/                          |              |
|    action_saturation_fraction     | 0            |
|    ep_len_mean                    | 773          |
|    ep_rew_mean                    | 510          |
|    episodes_noforce               | 170          |
|    force_direction_mean           | -1           |
|    force_onset_mean               | 1.36         |
|    force_requested_impulse_mean   | 0            |
|    is_fall_mean                   | 0.506        |
|    is_timeout_mean                | 0.494        |
|    recovery_noforce               | 0.494        |
|    timeout_without_onset_fraction | 0            |
|    timeouts                       | 84           |
| time/                             |              |
|    fps                            | 2147         |
|    iterations                     | 94           |
|    time_elapsed                   | 5736         |
|    total_timesteps                | 12320768     |
| train/                            |              |
|    action_std_00                  | 0.0512       |
|    action_std_01                  | 0.0512       |
|    action_std_02                  | 0.0512       |
|    action_std_03                  | 0.0511       |
|    action_std_04                  | 0.0513       |
|    action_std_05                  | 0.0512       |
|    action_std_06                  | 0.0512       |
|    action_std_07                  | 0.0512       |
|    action_std_08                  | 0.0512       |
|    action_std_09                  | 0.0512       |
|    action_std_10                  | 0.0511       |
|    action_std_11                  | 0.0512       |
|    action_std_12                  | 0.0512       |
|    action_std_13                  | 0.0512       |
|    action_std_14                  | 0.0512       |
|    action_std_15                  | 0.0512       |
|    action_std_16                  | 0.0512       |
|    action_std_17                  | 0.0513       |
|    action_std_18                  | 0.0512       |
|    action_std_19                  | 0.0513       |
|    action_std_20                  | 0.0512       |
|    action_std_21                  | 0.0512       |
|    action_std_22                  | 0.0513       |
|    action_std_23                  | 0.0512       |
|    action_std_24                  | 0.0512       |
|    approx_kl                      | 0.0012842426 |
|    clip_fraction                  | 0.031        |
|    clip_range                     | 0.1          |
|    clip_range_vf                  | 0.2          |
|    entropy_loss                   | 38.8         |
|    explained_variance             | 0.848        |
|    learning_rate                  | 1e-06        |
|    loss                           | 0.892        |
|    n_updates                      | 930          |
|    policy_gradient_loss           | -0.00246     |
|    std                            | 0.0512       |
|    std_max                        | 0.0513       |
|    std_min                        | 0.0511       |
|    value_loss                     | 0.549        |
----------------------------------------------------
PARITY max_torque=23.700 23.700 45.430
PARITY contact_mu=0.450
PARITY body_height=0.320
PARITY Kp_body=100.000 100.000 100.000
PARITY Kd_body=30.000 30.000 30.000
PARITY Kp_ori=100.000 100.000 100.000
PARITY Kd_ori=10.000 10.000 10.000
PARITY Kp_foot=550.000 550.000 550.000
PARITY Kd_foot=10.000 10.000 10.000
PARITY Kp_joint=5.000 5.000 5.000
PARITY Kd_joint=3.000 3.000 3.000
PARITY floating_base_weight=50.000
PARITY control_mode=5.000
[HumanoidEnv] Reset state env_id=0 z=0.288 rpy=[0.003, -0.002, 0.000]
----------------------------------------------------
| rollout/                          |              |
|    action_saturation_fraction     | 0            |
|    ep_len_mean                    | 818          |
|    ep_rew_mean                    | 542          |
|    episodes_noforce               | 151          |
|    force_direction_mean           | -1           |
|    force_onset_mean               | 1.39         |
|    force_requested_impulse_mean   | 0            |
|    is_fall_mean                   | 0.483        |
|    is_timeout_mean                | 0.517        |
|    recovery_noforce               | 0.517        |
|    timeout_without_onset_fraction | 0            |
|    timeouts                       | 78           |
| time/                             |              |
|    fps                            | 2147         |
|    iterations                     | 95           |
|    time_elapsed                   | 5797         |
|    total_timesteps                | 12451840     |
| train/                            |              |
|    action_std_00                  | 0.0513       |
|    action_std_01                  | 0.0512       |
|    action_std_02                  | 0.0513       |
|    action_std_03                  | 0.0511       |
|    action_std_04                  | 0.0513       |
|    action_std_05                  | 0.0512       |
|    action_std_06                  | 0.0512       |
|    action_std_07                  | 0.0512       |
|    action_std_08                  | 0.0512       |
|    action_std_09                  | 0.0512       |
|    action_std_10                  | 0.0511       |
|    action_std_11                  | 0.0512       |
|    action_std_12                  | 0.0512       |
|    action_std_13                  | 0.0512       |
|    action_std_14                  | 0.0512       |
|    action_std_15                  | 0.0512       |
|    action_std_16                  | 0.0512       |
|    action_std_17                  | 0.0513       |
|    action_std_18                  | 0.0512       |
|    action_std_19                  | 0.0513       |
|    action_std_20                  | 0.0513       |
|    action_std_21                  | 0.0512       |
|    action_std_22                  | 0.0513       |
|    action_std_23                  | 0.0512       |
|    action_std_24                  | 0.0512       |
|    approx_kl                      | 0.0011929502 |
|    clip_fraction                  | 0.0263       |
|    clip_range                     | 0.1          |
|    clip_range_vf                  | 0.2          |
|    entropy_loss                   | 38.8         |
|    explained_variance             | 0.858        |
|    learning_rate                  | 1e-06        |
|    loss                           | 1.07         |
|    n_updates                      | 940          |
|    policy_gradient_loss           | -0.00239     |
|    std                            | 0.0512       |
|    std_max                        | 0.0513       |
|    std_min                        | 0.0511       |
|    value_loss                     | 0.609        |
----------------------------------------------------
PARITY max_torque=23.700 23.700 45.430
PARITY contact_mu=0.450
PARITY body_height=0.320
PARITY Kp_body=100.000 100.000 100.000
PARITY Kd_body=30.000 30.000 30.000
PARITY Kp_ori=100.000 100.000 100.000
PARITY Kd_ori=10.000 10.000 10.000
PARITY Kp_foot=550.000 550.000 550.000
PARITY Kd_foot=10.000 10.000 10.000
PARITY Kp_joint=5.000 5.000 5.000
PARITY Kd_joint=3.000 3.000 3.000
PARITY floating_base_weight=50.000
PARITY control_mode=5.000
[HumanoidEnv] Reset state env_id=0 z=0.285 rpy=[0.000, -0.001, 0.001]
----------------------------------------------------
| rollout/                          |              |
|    action_saturation_fraction     | 0            |
|    ep_len_mean                    | 804          |
|    ep_rew_mean                    | 530          |
|    episodes_noforce               | 170          |
|    force_direction_mean           | -1           |
|    force_onset_mean               | 1.37         |
|    force_requested_impulse_mean   | 0            |
|    is_fall_mean                   | 0.418        |
|    is_timeout_mean                | 0.582        |
|    recovery_noforce               | 0.582        |
|    timeout_without_onset_fraction | 0            |
|    timeouts                       | 99           |
| time/                             |              |
|    fps                            | 2147         |
|    iterations                     | 96           |
|    time_elapsed                   | 5859         |
|    total_timesteps                | 12582912     |
| train/                            |              |
|    action_std_00                  | 0.0513       |
|    action_std_01                  | 0.0512       |
|    action_std_02                  | 0.0513       |
|    action_std_03                  | 0.0512       |
|    action_std_04                  | 0.0513       |
|    action_std_05                  | 0.0512       |
|    action_std_06                  | 0.0512       |
|    action_std_07                  | 0.0512       |
|    action_std_08                  | 0.0512       |
|    action_std_09                  | 0.0512       |
|    action_std_10                  | 0.0512       |
|    action_std_11                  | 0.0512       |
|    action_std_12                  | 0.0512       |
|    action_std_13                  | 0.0512       |
|    action_std_14                  | 0.0512       |
|    action_std_15                  | 0.0512       |
|    action_std_16                  | 0.0512       |
|    action_std_17                  | 0.0513       |
|    action_std_18                  | 0.0512       |
|    action_std_19                  | 0.0513       |
|    action_std_20                  | 0.0513       |
|    action_std_21                  | 0.0512       |
|    action_std_22                  | 0.0513       |
|    action_std_23                  | 0.0512       |
|    action_std_24                  | 0.0512       |
|    approx_kl                      | 0.0012974008 |
|    clip_fraction                  | 0.0335       |
|    clip_range                     | 0.1          |
|    clip_range_vf                  | 0.2          |
|    entropy_loss                   | 38.8         |
|    explained_variance             | 0.853        |
|    learning_rate                  | 1e-06        |
|    loss                           | 0.898        |
|    n_updates                      | 950          |
|    policy_gradient_loss           | -0.00259     |
|    std                            | 0.0512       |
|    std_max                        | 0.0513       |
|    std_min                        | 0.0512       |
|    value_loss                     | 0.547        |
----------------------------------------------------
----------------------------------------------------
| rollout/                          |              |
|    action_saturation_fraction     | 0            |
|    ep_len_mean                    | 791          |
|    ep_rew_mean                    | 519          |
|    episodes_noforce               | 155          |
|    force_direction_mean           | -1           |
|    force_onset_mean               | 1.39         |
|    force_requested_impulse_mean   | 0            |
|    is_fall_mean                   | 0.484        |
|    is_timeout_mean                | 0.516        |
|    recovery_noforce               | 0.516        |
|    timeout_without_onset_fraction | 0            |
|    timeouts                       | 80           |
| time/                             |              |
|    fps                            | 2147         |
|    iterations                     | 97           |
|    time_elapsed                   | 5920         |
|    total_timesteps                | 12713984     |
| train/                            |              |
|    action_std_00                  | 0.0513       |
|    action_std_01                  | 0.0512       |
|    action_std_02                  | 0.0513       |
|    action_std_03                  | 0.0512       |
|    action_std_04                  | 0.0513       |
|    action_std_05                  | 0.0513       |
|    action_std_06                  | 0.0512       |
|    action_std_07                  | 0.0513       |
|    action_std_08                  | 0.0512       |
|    action_std_09                  | 0.0512       |
|    action_std_10                  | 0.0512       |
|    action_std_11                  | 0.0512       |
|    action_std_12                  | 0.0512       |
|    action_std_13                  | 0.0512       |
|    action_std_14                  | 0.0512       |
|    action_std_15                  | 0.0512       |
|    action_std_16                  | 0.0512       |
|    action_std_17                  | 0.0513       |
|    action_std_18                  | 0.0512       |
|    action_std_19                  | 0.0513       |
|    action_std_20                  | 0.0513       |
|    action_std_21                  | 0.0513       |
|    action_std_22                  | 0.0513       |
|    action_std_23                  | 0.0512       |
|    action_std_24                  | 0.0513       |
|    approx_kl                      | 0.0013086329 |
|    clip_fraction                  | 0.0316       |
|    clip_range                     | 0.1          |
|    clip_range_vf                  | 0.2          |
|    entropy_loss                   | 38.8         |
|    explained_variance             | 0.854        |
|    learning_rate                  | 1e-06        |
|    loss                           | 0.894        |
|    n_updates                      | 960          |
|    policy_gradient_loss           | -0.0026      |
|    std                            | 0.0512       |
|    std_max                        | 0.0513       |
|    std_min                        | 0.0512       |
|    value_loss                     | 0.578        |
----------------------------------------------------
PARITY max_torque=23.700 23.700 45.430
PARITY contact_mu=0.450
PARITY body_height=0.320
PARITY Kp_body=100.000 100.000 100.000
PARITY Kd_body=30.000 30.000 30.000
PARITY Kp_ori=100.000 100.000 100.000
PARITY Kd_ori=10.000 10.000 10.000
PARITY Kp_foot=550.000 550.000 550.000
PARITY Kd_foot=10.000 10.000 10.000
PARITY Kp_joint=5.000 5.000 5.000
PARITY Kd_joint=3.000 3.000 3.000
PARITY floating_base_weight=50.000
PARITY control_mode=5.000
[HumanoidEnv] Reset state env_id=0 z=0.294 rpy=[-0.001, -0.002, 0.001]
----------------------------------------------------
| rollout/                          |              |
|    action_saturation_fraction     | 0            |
|    ep_len_mean                    | 831          |
|    ep_rew_mean                    | 550          |
|    episodes_noforce               | 161          |
|    force_direction_mean           | -1           |
|    force_onset_mean               | 1.4          |
|    force_requested_impulse_mean   | 0            |
|    is_fall_mean                   | 0.391        |
|    is_timeout_mean                | 0.609        |
|    recovery_noforce               | 0.609        |
|    timeout_without_onset_fraction | 0            |
|    timeouts                       | 98           |
| time/                             |              |
|    fps                            | 2147         |
|    iterations                     | 98           |
|    time_elapsed                   | 5981         |
|    total_timesteps                | 12845056     |
| train/                            |              |
|    action_std_00                  | 0.0513       |
|    action_std_01                  | 0.0513       |
|    action_std_02                  | 0.0513       |
|    action_std_03                  | 0.0512       |
|    action_std_04                  | 0.0513       |
|    action_std_05                  | 0.0513       |
|    action_std_06                  | 0.0512       |
|    action_std_07                  | 0.0513       |
|    action_std_08                  | 0.0512       |
|    action_std_09                  | 0.0513       |
|    action_std_10                  | 0.0512       |
|    action_std_11                  | 0.0512       |
|    action_std_12                  | 0.0512       |
|    action_std_13                  | 0.0512       |
|    action_std_14                  | 0.0512       |
|    action_std_15                  | 0.0512       |
|    action_std_16                  | 0.0512       |
|    action_std_17                  | 0.0513       |
|    action_std_18                  | 0.0512       |
|    action_std_19                  | 0.0514       |
|    action_std_20                  | 0.0513       |
|    action_std_21                  | 0.0513       |
|    action_std_22                  | 0.0513       |
|    action_std_23                  | 0.0512       |
|    action_std_24                  | 0.0513       |
|    approx_kl                      | 0.0013643871 |
|    clip_fraction                  | 0.0356       |
|    clip_range                     | 0.1          |
|    clip_range_vf                  | 0.2          |
|    entropy_loss                   | 38.8         |
|    explained_variance             | 0.853        |
|    learning_rate                  | 1e-06        |
|    loss                           | 0.891        |
|    n_updates                      | 970          |
|    policy_gradient_loss           | -0.00265     |
|    std                            | 0.0513       |
|    std_max                        | 0.0514       |
|    std_min                        | 0.0512       |
|    value_loss                     | 0.555        |
----------------------------------------------------
----------------------------------------------------
| rollout/                          |              |
|    action_saturation_fraction     | 0            |
|    ep_len_mean                    | 765          |
|    ep_rew_mean                    | 505          |
|    episodes_noforce               | 173          |
|    force_direction_mean           | -1           |
|    force_onset_mean               | 1.41         |
|    force_requested_impulse_mean   | 0            |
|    is_fall_mean                   | 0.468        |
|    is_timeout_mean                | 0.532        |
|    recovery_noforce               | 0.532        |
|    timeout_without_onset_fraction | 0            |
|    timeouts                       | 92           |
| time/                             |              |
|    fps                            | 2147         |
|    iterations                     | 99           |
|    time_elapsed                   | 6043         |
|    total_timesteps                | 12976128     |
| train/                            |              |
|    action_std_00                  | 0.0513       |
|    action_std_01                  | 0.0513       |
|    action_std_02                  | 0.0513       |
|    action_std_03                  | 0.0512       |
|    action_std_04                  | 0.0513       |
|    action_std_05                  | 0.0513       |
|    action_std_06                  | 0.0512       |
|    action_std_07                  | 0.0513       |
|    action_std_08                  | 0.0513       |
|    action_std_09                  | 0.0513       |
|    action_std_10                  | 0.0512       |
|    action_std_11                  | 0.0512       |
|    action_std_12                  | 0.0512       |
|    action_std_13                  | 0.0512       |
|    action_std_14                  | 0.0513       |
|    action_std_15                  | 0.0512       |
|    action_std_16                  | 0.0513       |
|    action_std_17                  | 0.0513       |
|    action_std_18                  | 0.0512       |
|    action_std_19                  | 0.0514       |
|    action_std_20                  | 0.0513       |
|    action_std_21                  | 0.0513       |
|    action_std_22                  | 0.0513       |
|    action_std_23                  | 0.0512       |
|    action_std_24                  | 0.0513       |
|    approx_kl                      | 0.0012438439 |
|    clip_fraction                  | 0.0305       |
|    clip_range                     | 0.1          |
|    clip_range_vf                  | 0.2          |
|    entropy_loss                   | 38.8         |
|    explained_variance             | 0.854        |
|    learning_rate                  | 1e-06        |
|    loss                           | 0.891        |
|    n_updates                      | 980          |
|    policy_gradient_loss           | -0.00253     |
|    std                            | 0.0513       |
|    std_max                        | 0.0514       |
|    std_min                        | 0.0512       |
|    value_loss                     | 0.518        |
----------------------------------------------------
PARITY max_torque=23.700 23.700 45.430
PARITY contact_mu=0.450
PARITY body_height=0.320
PARITY Kp_body=100.000 100.000 100.000
PARITY Kd_body=30.000 30.000 30.000
PARITY Kp_ori=100.000 100.000 100.000
PARITY Kd_ori=10.000 10.000 10.000
PARITY Kp_foot=550.000 550.000 550.000
PARITY Kd_foot=10.000 10.000 10.000
PARITY Kp_joint=5.000 5.000 5.000
PARITY Kd_joint=3.000 3.000 3.000
PARITY floating_base_weight=50.000
PARITY control_mode=5.000
[HumanoidEnv] Reset state env_id=0 z=0.327 rpy=[-0.003, -0.003, 0.000]
----------------------------------------------------
| rollout/                          |              |
|    action_saturation_fraction     | 0            |
|    ep_len_mean                    | 806          |
|    ep_rew_mean                    | 527          |
|    episodes_noforce               | 154          |
|    force_direction_mean           | -1           |
|    force_onset_mean               | 1.4          |
|    force_requested_impulse_mean   | 0            |
|    is_fall_mean                   | 0.487        |
|    is_timeout_mean                | 0.513        |
|    recovery_noforce               | 0.513        |
|    timeout_without_onset_fraction | 0            |
|    timeouts                       | 79           |
| time/                             |              |
|    fps                            | 2147         |
|    iterations                     | 100          |
|    time_elapsed                   | 6104         |
|    total_timesteps                | 13107200     |
| train/                            |              |
|    action_std_00                  | 0.0513       |
|    action_std_01                  | 0.0513       |
|    action_std_02                  | 0.0513       |
|    action_std_03                  | 0.0512       |
|    action_std_04                  | 0.0513       |
|    action_std_05                  | 0.0513       |
|    action_std_06                  | 0.0513       |
|    action_std_07                  | 0.0513       |
|    action_std_08                  | 0.0513       |
|    action_std_09                  | 0.0513       |
|    action_std_10                  | 0.0512       |
|    action_std_11                  | 0.0512       |
|    action_std_12                  | 0.0512       |
|    action_std_13                  | 0.0512       |
|    action_std_14                  | 0.0513       |
|    action_std_15                  | 0.0512       |
|    action_std_16                  | 0.0513       |
|    action_std_17                  | 0.0513       |
|    action_std_18                  | 0.0513       |
|    action_std_19                  | 0.0514       |
|    action_std_20                  | 0.0513       |
|    action_std_21                  | 0.0513       |
|    action_std_22                  | 0.0514       |
|    action_std_23                  | 0.0513       |
|    action_std_24                  | 0.0513       |
|    approx_kl                      | 0.0012419529 |
|    clip_fraction                  | 0.0306       |
|    clip_range                     | 0.1          |
|    clip_range_vf                  | 0.2          |
|    entropy_loss                   | 38.8         |
|    explained_variance             | 0.853        |
|    learning_rate                  | 1e-06        |
|    loss                           | 0.944        |
|    n_updates                      | 990          |
|    policy_gradient_loss           | -0.00266     |
|    std                            | 0.0513       |
|    std_max                        | 0.0514       |
|    std_min                        | 0.0512       |
|    value_loss                     | 0.598        |
----------------------------------------------------
[HumanoidEnv] unhealthy terminate at step=327 z=0.19965 rpy=[1.00471, 0.320957, -0.923712] v_body=[0.156659, 0.886918, 0.328201]
PARITY max_torque=23.700 23.700 45.430
PARITY contact_mu=0.450
PARITY body_height=0.320
PARITY Kp_body=100.000 100.000 100.000
PARITY Kd_body=30.000 30.000 30.000
PARITY Kp_ori=100.000 100.000 100.000
PARITY Kd_ori=10.000 10.000 10.000
PARITY Kp_foot=550.000 550.000 550.000
PARITY Kd_foot=10.000 10.000 10.000
PARITY Kp_joint=5.000 5.000 5.000
PARITY Kd_joint=3.000 3.000 3.000
PARITY floating_base_weight=50.000
PARITY control_mode=5.000
[HumanoidEnv] Reset state env_id=0 z=0.304 rpy=[0.001, -0.003, -0.000]
----------------------------------------------------
| rollout/                          |              |
|    action_saturation_fraction     | 0            |
|    ep_len_mean                    | 808          |
|    ep_rew_mean                    | 533          |
|    episodes_noforce               | 168          |
|    force_direction_mean           | -1           |
|    force_onset_mean               | 1.41         |
|    force_requested_impulse_mean   | 0            |
|    is_fall_mean                   | 0.399        |
|    is_timeout_mean                | 0.601        |
|    recovery_noforce               | 0.601        |
|    timeout_without_onset_fraction | 0            |
|    timeouts                       | 101          |
| time/                             |              |
|    fps                            | 2146         |
|    iterations                     | 101          |
|    time_elapsed                   | 6165         |
|    total_timesteps                | 13238272     |
| train/                            |              |
|    action_std_00                  | 0.0513       |
|    action_std_01                  | 0.0513       |
|    action_std_02                  | 0.0513       |
|    action_std_03                  | 0.0512       |
|    action_std_04                  | 0.0513       |
|    action_std_05                  | 0.0513       |
|    action_std_06                  | 0.0513       |
|    action_std_07                  | 0.0513       |
|    action_std_08                  | 0.0513       |
|    action_std_09                  | 0.0513       |
|    action_std_10                  | 0.0512       |
|    action_std_11                  | 0.0513       |
|    action_std_12                  | 0.0512       |
|    action_std_13                  | 0.0513       |
|    action_std_14                  | 0.0513       |
|    action_std_15                  | 0.0513       |
|    action_std_16                  | 0.0513       |
|    action_std_17                  | 0.0513       |
|    action_std_18                  | 0.0513       |
|    action_std_19                  | 0.0514       |
|    action_std_20                  | 0.0513       |
|    action_std_21                  | 0.0513       |
|    action_std_22                  | 0.0514       |
|    action_std_23                  | 0.0513       |
|    action_std_24                  | 0.0513       |
|    approx_kl                      | 0.0012799778 |
|    clip_fraction                  | 0.0316       |
|    clip_range                     | 0.1          |
|    clip_range_vf                  | 0.2          |
|    entropy_loss                   | 38.8         |
|    explained_variance             | 0.87         |
|    learning_rate                  | 1e-06        |
|    loss                           | 0.992        |
|    n_updates                      | 1000         |
|    policy_gradient_loss           | -0.0026      |
|    std                            | 0.0513       |
|    std_max                        | 0.0514       |
|    std_min                        | 0.0512       |
|    value_loss                     | 0.577        |
----------------------------------------------------
----------------------------------------------------
| rollout/                          |              |
|    action_saturation_fraction     | 0            |
|    ep_len_mean                    | 779          |
|    ep_rew_mean                    | 510          |
|    episodes_noforce               | 155          |
|    force_direction_mean           | -1           |
|    force_onset_mean               | 1.38         |
|    force_requested_impulse_mean   | 0            |
|    is_fall_mean                   | 0.477        |
|    is_timeout_mean                | 0.523        |
|    recovery_noforce               | 0.523        |
|    timeout_without_onset_fraction | 0            |
|    timeouts                       | 81           |
| time/                             |              |
|    fps                            | 2147         |
|    iterations                     | 102          |
|    time_elapsed                   | 6226         |
|    total_timesteps                | 13369344     |
| train/                            |              |
|    action_std_00                  | 0.0513       |
|    action_std_01                  | 0.0513       |
|    action_std_02                  | 0.0514       |
|    action_std_03                  | 0.0512       |
|    action_std_04                  | 0.0513       |
|    action_std_05                  | 0.0513       |
|    action_std_06                  | 0.0513       |
|    action_std_07                  | 0.0513       |
|    action_std_08                  | 0.0513       |
|    action_std_09                  | 0.0513       |
|    action_std_10                  | 0.0513       |
|    action_std_11                  | 0.0513       |
|    action_std_12                  | 0.0513       |
|    action_std_13                  | 0.0513       |
|    action_std_14                  | 0.0513       |
|    action_std_15                  | 0.0513       |
|    action_std_16                  | 0.0513       |
|    action_std_17                  | 0.0513       |
|    action_std_18                  | 0.0513       |
|    action_std_19                  | 0.0514       |
|    action_std_20                  | 0.0513       |
|    action_std_21                  | 0.0513       |
|    action_std_22                  | 0.0514       |
|    action_std_23                  | 0.0513       |
|    action_std_24                  | 0.0513       |
|    approx_kl                      | 0.0011909677 |
|    clip_fraction                  | 0.0267       |
|    clip_range                     | 0.1          |
|    clip_range_vf                  | 0.2          |
|    entropy_loss                   | 38.8         |
|    explained_variance             | 0.861        |
|    learning_rate                  | 1e-06        |
|    loss                           | 0.897        |
|    n_updates                      | 1010         |
|    policy_gradient_loss           | -0.00246     |
|    std                            | 0.0513       |
|    std_max                        | 0.0514       |
|    std_min                        | 0.0512       |
|    value_loss                     | 0.54         |
----------------------------------------------------
PARITY max_torque=23.700 23.700 45.430
PARITY contact_mu=0.450
PARITY body_height=0.320
PARITY Kp_body=100.000 100.000 100.000
PARITY Kd_body=30.000 30.000 30.000
PARITY Kp_ori=100.000 100.000 100.000
PARITY Kd_ori=10.000 10.000 10.000
PARITY Kp_foot=550.000 550.000 550.000
PARITY Kd_foot=10.000 10.000 10.000
PARITY Kp_joint=5.000 5.000 5.000
PARITY Kd_joint=3.000 3.000 3.000
PARITY floating_base_weight=50.000
PARITY control_mode=5.000
[HumanoidEnv] Reset state env_id=0 z=0.310 rpy=[-0.002, -0.003, 0.000]
----------------------------------------------------
| rollout/                          |              |
|    action_saturation_fraction     | 0            |
|    ep_len_mean                    | 844          |
|    ep_rew_mean                    | 561          |
|    episodes_noforce               | 167          |
|    force_direction_mean           | -1           |
|    force_onset_mean               | 1.42         |
|    force_requested_impulse_mean   | 0            |
|    is_fall_mean                   | 0.395        |
|    is_timeout_mean                | 0.605        |
|    recovery_noforce               | 0.605        |
|    timeout_without_onset_fraction | 0            |
|    timeouts                       | 101          |
| time/                             |              |
|    fps                            | 2146         |
|    iterations                     | 103          |
|    time_elapsed                   | 6288         |
|    total_timesteps                | 13500416     |
| train/                            |              |
|    action_std_00                  | 0.0514       |
|    action_std_01                  | 0.0513       |
|    action_std_02                  | 0.0514       |
|    action_std_03                  | 0.0512       |
|    action_std_04                  | 0.0514       |
|    action_std_05                  | 0.0513       |
|    action_std_06                  | 0.0513       |
|    action_std_07                  | 0.0514       |
|    action_std_08                  | 0.0513       |
|    action_std_09                  | 0.0513       |
|    action_std_10                  | 0.0513       |
|    action_std_11                  | 0.0513       |
|    action_std_12                  | 0.0513       |
|    action_std_13                  | 0.0513       |
|    action_std_14                  | 0.0513       |
|    action_std_15                  | 0.0513       |
|    action_std_16                  | 0.0513       |
|    action_std_17                  | 0.0514       |
|    action_std_18                  | 0.0513       |
|    action_std_19                  | 0.0514       |
|    action_std_20                  | 0.0513       |
|    action_std_21                  | 0.0513       |
|    action_std_22                  | 0.0514       |
|    action_std_23                  | 0.0513       |
|    action_std_24                  | 0.0513       |
|    approx_kl                      | 0.0012780074 |
|    clip_fraction                  | 0.031        |
|    clip_range                     | 0.1          |
|    clip_range_vf                  | 0.2          |
|    entropy_loss                   | 38.8         |
|    explained_variance             | 0.86         |
|    learning_rate                  | 1e-06        |
|    loss                           | 0.94         |
|    n_updates                      | 1020         |
|    policy_gradient_loss           | -0.00259     |
|    std                            | 0.0513       |
|    std_max                        | 0.0514       |
|    std_min                        | 0.0512       |
|    value_loss                     | 0.533        |
----------------------------------------------------
----------------------------------------------------
| rollout/                          |              |
|    action_saturation_fraction     | 0            |
|    ep_len_mean                    | 805          |
|    ep_rew_mean                    | 533          |
|    episodes_noforce               | 149          |
|    force_direction_mean           | -1           |
|    force_onset_mean               | 1.42         |
|    force_requested_impulse_mean   | 0            |
|    is_fall_mean                   | 0.409        |
|    is_timeout_mean                | 0.591        |
|    recovery_noforce               | 0.591        |
|    timeout_without_onset_fraction | 0            |
|    timeouts                       | 88           |
| time/                             |              |
|    fps                            | 2146         |
|    iterations                     | 104          |
|    time_elapsed                   | 6349         |
|    total_timesteps                | 13631488     |
| train/                            |              |
|    action_std_00                  | 0.0514       |
|    action_std_01                  | 0.0513       |
|    action_std_02                  | 0.0514       |
|    action_std_03                  | 0.0512       |
|    action_std_04                  | 0.0514       |
|    action_std_05                  | 0.0513       |
|    action_std_06                  | 0.0513       |
|    action_std_07                  | 0.0514       |
|    action_std_08                  | 0.0513       |
|    action_std_09                  | 0.0514       |
|    action_std_10                  | 0.0513       |
|    action_std_11                  | 0.0513       |
|    action_std_12                  | 0.0513       |
|    action_std_13                  | 0.0513       |
|    action_std_14                  | 0.0513       |
|    action_std_15                  | 0.0513       |
|    action_std_16                  | 0.0513       |
|    action_std_17                  | 0.0514       |
|    action_std_18                  | 0.0513       |
|    action_std_19                  | 0.0514       |
|    action_std_20                  | 0.0514       |
|    action_std_21                  | 0.0513       |
|    action_std_22                  | 0.0514       |
|    action_std_23                  | 0.0513       |
|    action_std_24                  | 0.0513       |
|    approx_kl                      | 0.0012797007 |
|    clip_fraction                  | 0.0327       |
|    clip_range                     | 0.1          |
|    clip_range_vf                  | 0.2          |
|    entropy_loss                   | 38.8         |
|    explained_variance             | 0.848        |
|    learning_rate                  | 1e-06        |
|    loss                           | 0.878        |
|    n_updates                      | 1030         |
|    policy_gradient_loss           | -0.00243     |
|    std                            | 0.0513       |
|    std_max                        | 0.0514       |
|    std_min                        | 0.0512       |
|    value_loss                     | 0.516        |
----------------------------------------------------
PARITY max_torque=23.700 23.700 45.430
PARITY contact_mu=0.450
PARITY body_height=0.320
PARITY Kp_body=100.000 100.000 100.000
PARITY Kd_body=30.000 30.000 30.000
PARITY Kp_ori=100.000 100.000 100.000
PARITY Kd_ori=10.000 10.000 10.000
PARITY Kp_foot=550.000 550.000 550.000
PARITY Kd_foot=10.000 10.000 10.000
PARITY Kp_joint=5.000 5.000 5.000
PARITY Kd_joint=3.000 3.000 3.000
PARITY floating_base_weight=50.000
PARITY control_mode=5.000
[HumanoidEnv] Reset state env_id=0 z=0.294 rpy=[-0.001, 0.001, 0.001]
----------------------------------------------------
| rollout/                          |              |
|    action_saturation_fraction     | 0            |
|    ep_len_mean                    | 843          |
|    ep_rew_mean                    | 560          |
|    episodes_noforce               | 169          |
|    force_direction_mean           | -1           |
|    force_onset_mean               | 1.41         |
|    force_requested_impulse_mean   | 0            |
|    is_fall_mean                   | 0.408        |
|    is_timeout_mean                | 0.592        |
|    recovery_noforce               | 0.592        |
|    timeout_without_onset_fraction | 0            |
|    timeouts                       | 100          |
| time/                             |              |
|    fps                            | 2147         |
|    iterations                     | 105          |
|    time_elapsed                   | 6410         |
|    total_timesteps                | 13762560     |
| train/                            |              |
|    action_std_00                  | 0.0514       |
|    action_std_01                  | 0.0513       |
|    action_std_02                  | 0.0514       |
|    action_std_03                  | 0.0513       |
|    action_std_04                  | 0.0514       |
|    action_std_05                  | 0.0514       |
|    action_std_06                  | 0.0513       |
|    action_std_07                  | 0.0514       |
|    action_std_08                  | 0.0514       |
|    action_std_09                  | 0.0514       |
|    action_std_10                  | 0.0513       |
|    action_std_11                  | 0.0513       |
|    action_std_12                  | 0.0513       |
|    action_std_13                  | 0.0513       |
|    action_std_14                  | 0.0513       |
|    action_std_15                  | 0.0513       |
|    action_std_16                  | 0.0513       |
|    action_std_17                  | 0.0514       |
|    action_std_18                  | 0.0513       |
|    action_std_19                  | 0.0515       |
|    action_std_20                  | 0.0514       |
|    action_std_21                  | 0.0513       |
|    action_std_22                  | 0.0514       |
|    action_std_23                  | 0.0513       |
|    action_std_24                  | 0.0514       |
|    approx_kl                      | 0.0012413468 |
|    clip_fraction                  | 0.0282       |
|    clip_range                     | 0.1          |
|    clip_range_vf                  | 0.2          |
|    entropy_loss                   | 38.8         |
|    explained_variance             | 0.857        |
|    learning_rate                  | 1e-06        |
|    loss                           | 0.886        |
|    n_updates                      | 1040         |
|    policy_gradient_loss           | -0.00251     |
|    std                            | 0.0514       |
|    std_max                        | 0.0515       |
|    std_min                        | 0.0513       |
|    value_loss                     | 0.518        |
----------------------------------------------------
----------------------------------------------------
| rollout/                          |              |
|    action_saturation_fraction     | 0            |
|    ep_len_mean                    | 806          |
|    ep_rew_mean                    | 531          |
|    episodes_noforce               | 151          |
|    force_direction_mean           | -1           |
|    force_onset_mean               | 1.38         |
|    force_requested_impulse_mean   | 0            |
|    is_fall_mean                   | 0.457        |
|    is_timeout_mean                | 0.543        |
|    recovery_noforce               | 0.543        |
|    timeout_without_onset_fraction | 0            |
|    timeouts                       | 82           |
| time/                             |              |
|    fps                            | 2146         |
|    iterations                     | 106          |
|    time_elapsed                   | 6471         |
|    total_timesteps                | 13893632     |
| train/                            |              |
|    action_std_00                  | 0.0514       |
|    action_std_01                  | 0.0514       |
|    action_std_02                  | 0.0514       |
|    action_std_03                  | 0.0513       |
|    action_std_04                  | 0.0514       |
|    action_std_05                  | 0.0514       |
|    action_std_06                  | 0.0513       |
|    action_std_07                  | 0.0514       |
|    action_std_08                  | 0.0514       |
|    action_std_09                  | 0.0514       |
|    action_std_10                  | 0.0513       |
|    action_std_11                  | 0.0513       |
|    action_std_12                  | 0.0513       |
|    action_std_13                  | 0.0513       |
|    action_std_14                  | 0.0513       |
|    action_std_15                  | 0.0513       |
|    action_std_16                  | 0.0514       |
|    action_std_17                  | 0.0514       |
|    action_std_18                  | 0.0513       |
|    action_std_19                  | 0.0515       |
|    action_std_20                  | 0.0514       |
|    action_std_21                  | 0.0514       |
|    action_std_22                  | 0.0514       |
|    action_std_23                  | 0.0513       |
|    action_std_24                  | 0.0514       |
|    approx_kl                      | 0.0012711727 |
|    clip_fraction                  | 0.0305       |
|    clip_range                     | 0.1          |
|    clip_range_vf                  | 0.2          |
|    entropy_loss                   | 38.7         |
|    explained_variance             | 0.861        |
|    learning_rate                  | 1e-06        |
|    loss                           | 0.853        |
|    n_updates                      | 1050         |
|    policy_gradient_loss           | -0.0026      |
|    std                            | 0.0514       |
|    std_max                        | 0.0515       |
|    std_min                        | 0.0513       |
|    value_loss                     | 0.516        |
----------------------------------------------------
PARITY max_torque=23.700 23.700 45.430
PARITY contact_mu=0.450
PARITY body_height=0.320
PARITY Kp_body=100.000 100.000 100.000
PARITY Kd_body=30.000 30.000 30.000
PARITY Kp_ori=100.000 100.000 100.000
PARITY Kd_ori=10.000 10.000 10.000
PARITY Kp_foot=550.000 550.000 550.000
PARITY Kd_foot=10.000 10.000 10.000
PARITY Kp_joint=5.000 5.000 5.000
PARITY Kd_joint=3.000 3.000 3.000
PARITY floating_base_weight=50.000
PARITY control_mode=5.000
[HumanoidEnv] Reset state env_id=0 z=0.307 rpy=[-0.000, -0.001, 0.000]
INFO:root:VecNormalize statistics saved at: ./data/delta/quadruped_ppo_model_ckpt_14000896_vecnormalize.pkl
INFO:root:Model saved at: ./data/delta/quadruped_ppo_model_ckpt_14000896.zip
INFO:root:Checkpoint written at 14000896 timesteps
----------------------------------------------------
| rollout/                          |              |
|    action_saturation_fraction     | 0            |
|    ep_len_mean                    | 867          |
|    ep_rew_mean                    | 572          |
|    episodes_noforce               | 148          |
|    force_direction_mean           | -1           |
|    force_onset_mean               | 1.39         |
|    force_requested_impulse_mean   | 0            |
|    is_fall_mean                   | 0.338        |
|    is_timeout_mean                | 0.662        |
|    recovery_noforce               | 0.662        |
|    timeout_without_onset_fraction | 0            |
|    timeouts                       | 98           |
| time/                             |              |
|    fps                            | 2146         |
|    iterations                     | 107          |
|    time_elapsed                   | 6532         |
|    total_timesteps                | 14024704     |
| train/                            |              |
|    action_std_00                  | 0.0514       |
|    action_std_01                  | 0.0514       |
|    action_std_02                  | 0.0514       |
|    action_std_03                  | 0.0513       |
|    action_std_04                  | 0.0514       |
|    action_std_05                  | 0.0514       |
|    action_std_06                  | 0.0514       |
|    action_std_07                  | 0.0514       |
|    action_std_08                  | 0.0514       |
|    action_std_09                  | 0.0514       |
|    action_std_10                  | 0.0513       |
|    action_std_11                  | 0.0514       |
|    action_std_12                  | 0.0513       |
|    action_std_13                  | 0.0514       |
|    action_std_14                  | 0.0514       |
|    action_std_15                  | 0.0513       |
|    action_std_16                  | 0.0514       |
|    action_std_17                  | 0.0514       |
|    action_std_18                  | 0.0513       |
|    action_std_19                  | 0.0515       |
|    action_std_20                  | 0.0514       |
|    action_std_21                  | 0.0514       |
|    action_std_22                  | 0.0515       |
|    action_std_23                  | 0.0513       |
|    action_std_24                  | 0.0514       |
|    approx_kl                      | 0.0012477874 |
|    clip_fraction                  | 0.0289       |
|    clip_range                     | 0.1          |
|    clip_range_vf                  | 0.2          |
|    entropy_loss                   | 38.7         |
|    explained_variance             | 0.853        |
|    learning_rate                  | 1e-06        |
|    loss                           | 0.916        |
|    n_updates                      | 1060         |
|    policy_gradient_loss           | -0.00244     |
|    std                            | 0.0514       |
|    std_max                        | 0.0515       |
|    std_min                        | 0.0513       |
|    value_loss                     | 0.542        |
----------------------------------------------------
----------------------------------------------------
| rollout/                          |              |
|    action_saturation_fraction     | 0            |
|    ep_len_mean                    | 849          |
|    ep_rew_mean                    | 562          |
|    episodes_noforce               | 172          |
|    force_direction_mean           | -1           |
|    force_onset_mean               | 1.39         |
|    force_requested_impulse_mean   | 0            |
|    is_fall_mean                   | 0.343        |
|    is_timeout_mean                | 0.657        |
|    recovery_noforce               | 0.657        |
|    timeout_without_onset_fraction | 0            |
|    timeouts                       | 113          |
| time/                             |              |
|    fps                            | 2146         |
|    iterations                     | 108          |
|    time_elapsed                   | 6593         |
|    total_timesteps                | 14155776     |
| train/                            |              |
|    action_std_00                  | 0.0514       |
|    action_std_01                  | 0.0514       |
|    action_std_02                  | 0.0514       |
|    action_std_03                  | 0.0513       |
|    action_std_04                  | 0.0514       |
|    action_std_05                  | 0.0514       |
|    action_std_06                  | 0.0514       |
|    action_std_07                  | 0.0514       |
|    action_std_08                  | 0.0514       |
|    action_std_09                  | 0.0514       |
|    action_std_10                  | 0.0513       |
|    action_std_11                  | 0.0514       |
|    action_std_12                  | 0.0513       |
|    action_std_13                  | 0.0514       |
|    action_std_14                  | 0.0514       |
|    action_std_15                  | 0.0514       |
|    action_std_16                  | 0.0514       |
|    action_std_17                  | 0.0514       |
|    action_std_18                  | 0.0513       |
|    action_std_19                  | 0.0515       |
|    action_std_20                  | 0.0514       |
|    action_std_21                  | 0.0514       |
|    action_std_22                  | 0.0515       |
|    action_std_23                  | 0.0513       |
|    action_std_24                  | 0.0514       |
|    approx_kl                      | 0.0012691936 |
|    clip_fraction                  | 0.0315       |
|    clip_range                     | 0.1          |
|    clip_range_vf                  | 0.2          |
|    entropy_loss                   | 38.7         |
|    explained_variance             | 0.844        |
|    learning_rate                  | 1e-06        |
|    loss                           | 0.8          |
|    n_updates                      | 1070         |
|    policy_gradient_loss           | -0.00237     |
|    std                            | 0.0514       |
|    std_max                        | 0.0515       |
|    std_min                        | 0.0513       |
|    value_loss                     | 0.433        |
----------------------------------------------------
PARITY max_torque=23.700 23.700 45.430
PARITY contact_mu=0.450
PARITY body_height=0.320
PARITY Kp_body=100.000 100.000 100.000
PARITY Kd_body=30.000 30.000 30.000
PARITY Kp_ori=100.000 100.000 100.000
PARITY Kd_ori=10.000 10.000 10.000
PARITY Kp_foot=550.000 550.000 550.000
PARITY Kd_foot=10.000 10.000 10.000
PARITY Kp_joint=5.000 5.000 5.000
PARITY Kd_joint=3.000 3.000 3.000
PARITY floating_base_weight=50.000
PARITY control_mode=5.000
[HumanoidEnv] Reset state env_id=0 z=0.292 rpy=[-0.000, -0.001, 0.001]
[HumanoidEnv] unhealthy terminate at step=230 z=0.198893 rpy=[0.994772, -0.212995, 1.25371] v_body=[-0.843136, 1.25057, -0.961813]
PARITY max_torque=23.700 23.700 45.430
PARITY contact_mu=0.450
PARITY body_height=0.320
PARITY Kp_body=100.000 100.000 100.000
PARITY Kd_body=30.000 30.000 30.000
PARITY Kp_ori=100.000 100.000 100.000
PARITY Kd_ori=10.000 10.000 10.000
PARITY Kp_foot=550.000 550.000 550.000
PARITY Kd_foot=10.000 10.000 10.000
PARITY Kp_joint=5.000 5.000 5.000
PARITY Kd_joint=3.000 3.000 3.000
PARITY floating_base_weight=50.000
PARITY control_mode=5.000
[HumanoidEnv] Reset state env_id=0 z=0.302 rpy=[-0.002, -0.003, 0.000]
----------------------------------------------------
| rollout/                          |              |
|    action_saturation_fraction     | 0            |
|    ep_len_mean                    | 785          |
|    ep_rew_mean                    | 519          |
|    episodes_noforce               | 149          |
|    force_direction_mean           | -1           |
|    force_onset_mean               | 1.39         |
|    force_requested_impulse_mean   | 0            |
|    is_fall_mean                   | 0.436        |
|    is_timeout_mean                | 0.564        |
|    recovery_noforce               | 0.564        |
|    timeout_without_onset_fraction | 0            |
|    timeouts                       | 84           |
| time/                             |              |
|    fps                            | 2146         |
|    iterations                     | 109          |
|    time_elapsed                   | 6654         |
|    total_timesteps                | 14286848     |
| train/                            |              |
|    action_std_00                  | 0.0514       |
|    action_std_01                  | 0.0514       |
|    action_std_02                  | 0.0514       |
|    action_std_03                  | 0.0513       |
|    action_std_04                  | 0.0514       |
|    action_std_05                  | 0.0514       |
|    action_std_06                  | 0.0514       |
|    action_std_07                  | 0.0514       |
|    action_std_08                  | 0.0514       |
|    action_std_09                  | 0.0514       |
|    action_std_10                  | 0.0514       |
|    action_std_11                  | 0.0514       |
|    action_std_12                  | 0.0513       |
|    action_std_13                  | 0.0514       |
|    action_std_14                  | 0.0514       |
|    action_std_15                  | 0.0514       |
|    action_std_16                  | 0.0514       |
|    action_std_17                  | 0.0514       |
|    action_std_18                  | 0.0514       |
|    action_std_19                  | 0.0515       |
|    action_std_20                  | 0.0514       |
|    action_std_21                  | 0.0514       |
|    action_std_22                  | 0.0515       |
|    action_std_23                  | 0.0514       |
|    action_std_24                  | 0.0514       |
|    approx_kl                      | 0.0012989547 |
|    clip_fraction                  | 0.0311       |
|    clip_range                     | 0.1          |
|    clip_range_vf                  | 0.2          |
|    entropy_loss                   | 38.7         |
|    explained_variance             | 0.857        |
|    learning_rate                  | 1e-06        |
|    loss                           | 0.945        |
|    n_updates                      | 1080         |
|    policy_gradient_loss           | -0.00257     |
|    std                            | 0.0514       |
|    std_max                        | 0.0515       |
|    std_min                        | 0.0513       |
|    value_loss                     | 0.49         |
----------------------------------------------------
[HumanoidEnv] unhealthy terminate at step=410 z=0.197632 rpy=[1.39053, -0.089936, -3.02349] v_body=[-0.336232, -0.546099, 0.748864]
PARITY max_torque=23.700 23.700 45.430
PARITY contact_mu=0.450
PARITY body_height=0.320
PARITY Kp_body=100.000 100.000 100.000
PARITY Kd_body=30.000 30.000 30.000
PARITY Kp_ori=100.000 100.000 100.000
PARITY Kd_ori=10.000 10.000 10.000
PARITY Kp_foot=550.000 550.000 550.000
PARITY Kd_foot=10.000 10.000 10.000
PARITY Kp_joint=5.000 5.000 5.000
PARITY Kd_joint=3.000 3.000 3.000
PARITY floating_base_weight=50.000
PARITY control_mode=5.000
[HumanoidEnv] Reset state env_id=0 z=0.271 rpy=[0.000, -0.000, 0.001]
----------------------------------------------------
| rollout/                          |              |
|    action_saturation_fraction     | 0            |
|    ep_len_mean                    | 798          |
|    ep_rew_mean                    | 526          |
|    episodes_noforce               | 176          |
|    force_direction_mean           | -1           |
|    force_onset_mean               | 1.37         |
|    force_requested_impulse_mean   | 0            |
|    is_fall_mean                   | 0.415        |
|    is_timeout_mean                | 0.585        |
|    recovery_noforce               | 0.585        |
|    timeout_without_onset_fraction | 0            |
|    timeouts                       | 103          |
| time/                             |              |
|    fps                            | 2147         |
|    iterations                     | 110          |
|    time_elapsed                   | 6715         |
|    total_timesteps                | 14417920     |
| train/                            |              |
|    action_std_00                  | 0.0515       |
|    action_std_01                  | 0.0514       |
|    action_std_02                  | 0.0515       |
|    action_std_03                  | 0.0513       |
|    action_std_04                  | 0.0514       |
|    action_std_05                  | 0.0514       |
|    action_std_06                  | 0.0514       |
|    action_std_07                  | 0.0515       |
|    action_std_08                  | 0.0514       |
|    action_std_09                  | 0.0514       |
|    action_std_10                  | 0.0514       |
|    action_std_11                  | 0.0514       |
|    action_std_12                  | 0.0514       |
|    action_std_13                  | 0.0514       |
|    action_std_14                  | 0.0514       |
|    action_std_15                  | 0.0514       |
|    action_std_16                  | 0.0514       |
|    action_std_17                  | 0.0514       |
|    action_std_18                  | 0.0514       |
|    action_std_19                  | 0.0515       |
|    action_std_20                  | 0.0514       |
|    action_std_21                  | 0.0514       |
|    action_std_22                  | 0.0515       |
|    action_std_23                  | 0.0514       |
|    action_std_24                  | 0.0514       |
|    approx_kl                      | 0.0013051056 |
|    clip_fraction                  | 0.0315       |
|    clip_range                     | 0.1          |
|    clip_range_vf                  | 0.2          |
|    entropy_loss                   | 38.7         |
|    explained_variance             | 0.866        |
|    learning_rate                  | 1e-06        |
|    loss                           | 0.929        |
|    n_updates                      | 1090         |
|    policy_gradient_loss           | -0.00251     |
|    std                            | 0.0514       |
|    std_max                        | 0.0515       |
|    std_min                        | 0.0513       |
|    value_loss                     | 0.499        |
----------------------------------------------------
---------------------------------------------------
| rollout/                          |             |
|    action_saturation_fraction     | 0           |
|    ep_len_mean                    | 799         |
|    ep_rew_mean                    | 527         |
|    episodes_noforce               | 154         |
|    force_direction_mean           | -1          |
|    force_onset_mean               | 1.39        |
|    force_requested_impulse_mean   | 0           |
|    is_fall_mean                   | 0.435       |
|    is_timeout_mean                | 0.565       |
|    recovery_noforce               | 0.565       |
|    timeout_without_onset_fraction | 0           |
|    timeouts                       | 87          |
| time/                             |             |
|    fps                            | 2146        |
|    iterations                     | 111         |
|    time_elapsed                   | 6776        |
|    total_timesteps                | 14548992    |
| train/                            |             |
|    action_std_00                  | 0.0515      |
|    action_std_01                  | 0.0514      |
|    action_std_02                  | 0.0515      |
|    action_std_03                  | 0.0514      |
|    action_std_04                  | 0.0514      |
|    action_std_05                  | 0.0514      |
|    action_std_06                  | 0.0514      |
|    action_std_07                  | 0.0515      |
|    action_std_08                  | 0.0514      |
|    action_std_09                  | 0.0514      |
|    action_std_10                  | 0.0514      |
|    action_std_11                  | 0.0514      |
|    action_std_12                  | 0.0514      |
|    action_std_13                  | 0.0514      |
|    action_std_14                  | 0.0514      |
|    action_std_15                  | 0.0514      |
|    action_std_16                  | 0.0514      |
|    action_std_17                  | 0.0514      |
|    action_std_18                  | 0.0514      |
|    action_std_19                  | 0.0516      |
|    action_std_20                  | 0.0515      |
|    action_std_21                  | 0.0514      |
|    action_std_22                  | 0.0515      |
|    action_std_23                  | 0.0514      |
|    action_std_24                  | 0.0515      |
|    approx_kl                      | 0.001279109 |
|    clip_fraction                  | 0.0309      |
|    clip_range                     | 0.1         |
|    clip_range_vf                  | 0.2         |
|    entropy_loss                   | 38.7        |
|    explained_variance             | 0.855       |
|    learning_rate                  | 1e-06       |
|    loss                           | 0.845       |
|    n_updates                      | 1100        |
|    policy_gradient_loss           | -0.00238    |
|    std                            | 0.0514      |
|    std_max                        | 0.0516      |
|    std_min                        | 0.0514      |
|    value_loss                     | 0.556       |
---------------------------------------------------
PARITY max_torque=23.700 23.700 45.430
PARITY contact_mu=0.450
PARITY body_height=0.320
PARITY Kp_body=100.000 100.000 100.000
PARITY Kd_body=30.000 30.000 30.000
PARITY Kp_ori=100.000 100.000 100.000
PARITY Kd_ori=10.000 10.000 10.000
PARITY Kp_foot=550.000 550.000 550.000
PARITY Kd_foot=10.000 10.000 10.000
PARITY Kp_joint=5.000 5.000 5.000
PARITY Kd_joint=3.000 3.000 3.000
PARITY floating_base_weight=50.000
PARITY control_mode=5.000
[HumanoidEnv] Reset state env_id=0 z=0.319 rpy=[-0.003, -0.003, 0.000]
----------------------------------------------------
| rollout/                          |              |
|    action_saturation_fraction     | 0            |
|    ep_len_mean                    | 820          |
|    ep_rew_mean                    | 541          |
|    episodes_noforce               | 169          |
|    force_direction_mean           | -1           |
|    force_onset_mean               | 1.39         |
|    force_requested_impulse_mean   | 0            |
|    is_fall_mean                   | 0.456        |
|    is_timeout_mean                | 0.544        |
|    recovery_noforce               | 0.544        |
|    timeout_without_onset_fraction | 0            |
|    timeouts                       | 92           |
| time/                             |              |
|    fps                            | 2146         |
|    iterations                     | 112          |
|    time_elapsed                   | 6837         |
|    total_timesteps                | 14680064     |
| train/                            |              |
|    action_std_00                  | 0.0515       |
|    action_std_01                  | 0.0514       |
|    action_std_02                  | 0.0515       |
|    action_std_03                  | 0.0514       |
|    action_std_04                  | 0.0515       |
|    action_std_05                  | 0.0515       |
|    action_std_06                  | 0.0514       |
|    action_std_07                  | 0.0515       |
|    action_std_08                  | 0.0515       |
|    action_std_09                  | 0.0515       |
|    action_std_10                  | 0.0514       |
|    action_std_11                  | 0.0514       |
|    action_std_12                  | 0.0514       |
|    action_std_13                  | 0.0514       |
|    action_std_14                  | 0.0514       |
|    action_std_15                  | 0.0514       |
|    action_std_16                  | 0.0514       |
|    action_std_17                  | 0.0515       |
|    action_std_18                  | 0.0514       |
|    action_std_19                  | 0.0516       |
|    action_std_20                  | 0.0515       |
|    action_std_21                  | 0.0514       |
|    action_std_22                  | 0.0515       |
|    action_std_23                  | 0.0514       |
|    action_std_24                  | 0.0515       |
|    approx_kl                      | 0.0012508226 |
|    clip_fraction                  | 0.0305       |
|    clip_range                     | 0.1          |
|    clip_range_vf                  | 0.2          |
|    entropy_loss                   | 38.7         |
|    explained_variance             | 0.862        |
|    learning_rate                  | 1e-06        |
|    loss                           | 0.953        |
|    n_updates                      | 1110         |
|    policy_gradient_loss           | -0.00259     |
|    std                            | 0.0514       |
|    std_max                        | 0.0516       |
|    std_min                        | 0.0514       |
|    value_loss                     | 0.537        |
----------------------------------------------------
----------------------------------------------------
| rollout/                          |              |
|    action_saturation_fraction     | 0            |
|    ep_len_mean                    | 786          |
|    ep_rew_mean                    | 519          |
|    episodes_noforce               | 155          |
|    force_direction_mean           | -1           |
|    force_onset_mean               | 1.37         |
|    force_requested_impulse_mean   | 0            |
|    is_fall_mean                   | 0.497        |
|    is_timeout_mean                | 0.503        |
|    recovery_noforce               | 0.503        |
|    timeout_without_onset_fraction | 0            |
|    timeouts                       | 78           |
| time/                             |              |
|    fps                            | 2146         |
|    iterations                     | 113          |
|    time_elapsed                   | 6899         |
|    total_timesteps                | 14811136     |
| train/                            |              |
|    action_std_00                  | 0.0515       |
|    action_std_01                  | 0.0515       |
|    action_std_02                  | 0.0515       |
|    action_std_03                  | 0.0514       |
|    action_std_04                  | 0.0515       |
|    action_std_05                  | 0.0515       |
|    action_std_06                  | 0.0514       |
|    action_std_07                  | 0.0515       |
|    action_std_08                  | 0.0515       |
|    action_std_09                  | 0.0515       |
|    action_std_10                  | 0.0514       |
|    action_std_11                  | 0.0514       |
|    action_std_12                  | 0.0514       |
|    action_std_13                  | 0.0514       |
|    action_std_14                  | 0.0514       |
|    action_std_15                  | 0.0514       |
|    action_std_16                  | 0.0515       |
|    action_std_17                  | 0.0515       |
|    action_std_18                  | 0.0514       |
|    action_std_19                  | 0.0516       |
|    action_std_20                  | 0.0515       |
|    action_std_21                  | 0.0514       |
|    action_std_22                  | 0.0516       |
|    action_std_23                  | 0.0514       |
|    action_std_24                  | 0.0515       |
|    approx_kl                      | 0.0012487323 |
|    clip_fraction                  | 0.0315       |
|    clip_range                     | 0.1          |
|    clip_range_vf                  | 0.2          |
|    entropy_loss                   | 38.7         |
|    explained_variance             | 0.868        |
|    learning_rate                  | 1e-06        |
|    loss                           | 1.04         |
|    n_updates                      | 1120         |
|    policy_gradient_loss           | -0.00248     |
|    std                            | 0.0515       |
|    std_max                        | 0.0516       |
|    std_min                        | 0.0514       |
|    value_loss                     | 0.562        |
----------------------------------------------------
PARITY max_torque=23.700 23.700 45.430
PARITY contact_mu=0.450
PARITY body_height=0.320
PARITY Kp_body=100.000 100.000 100.000
PARITY Kd_body=30.000 30.000 30.000
PARITY Kp_ori=100.000 100.000 100.000
PARITY Kd_ori=10.000 10.000 10.000
PARITY Kp_foot=550.000 550.000 550.000
PARITY Kd_foot=10.000 10.000 10.000
PARITY Kp_joint=5.000 5.000 5.000
PARITY Kd_joint=3.000 3.000 3.000
PARITY floating_base_weight=50.000
PARITY control_mode=5.000
[HumanoidEnv] Reset state env_id=0 z=0.270 rpy=[-0.002, 0.000, 0.001]
----------------------------------------------------
| rollout/                          |              |
|    action_saturation_fraction     | 0            |
|    ep_len_mean                    | 833          |
|    ep_rew_mean                    | 547          |
|    episodes_noforce               | 156          |
|    force_direction_mean           | -1           |
|    force_onset_mean               | 1.38         |
|    force_requested_impulse_mean   | 0            |
|    is_fall_mean                   | 0.385        |
|    is_timeout_mean                | 0.615        |
|    recovery_noforce               | 0.615        |
|    timeout_without_onset_fraction | 0            |
|    timeouts                       | 96           |
| time/                             |              |
|    fps                            | 2146         |
|    iterations                     | 114          |
|    time_elapsed                   | 6960         |
|    total_timesteps                | 14942208     |
| train/                            |              |
|    action_std_00                  | 0.0515       |
|    action_std_01                  | 0.0515       |
|    action_std_02                  | 0.0515       |
|    action_std_03                  | 0.0514       |
|    action_std_04                  | 0.0515       |
|    action_std_05                  | 0.0515       |
|    action_std_06                  | 0.0514       |
|    action_std_07                  | 0.0515       |
|    action_std_08                  | 0.0515       |
|    action_std_09                  | 0.0515       |
|    action_std_10                  | 0.0514       |
|    action_std_11                  | 0.0515       |
|    action_std_12                  | 0.0514       |
|    action_std_13                  | 0.0514       |
|    action_std_14                  | 0.0515       |
|    action_std_15                  | 0.0514       |
|    action_std_16                  | 0.0515       |
|    action_std_17                  | 0.0515       |
|    action_std_18                  | 0.0514       |
|    action_std_19                  | 0.0516       |
|    action_std_20                  | 0.0515       |
|    action_std_21                  | 0.0514       |
|    action_std_22                  | 0.0516       |
|    action_std_23                  | 0.0514       |
|    action_std_24                  | 0.0515       |
|    approx_kl                      | 0.0012698497 |
|    clip_fraction                  | 0.0294       |
|    clip_range                     | 0.1          |
|    clip_range_vf                  | 0.2          |
|    entropy_loss                   | 38.7         |
|    explained_variance             | 0.86         |
|    learning_rate                  | 1e-06        |
|    loss                           | 0.954        |
|    n_updates                      | 1130         |
|    policy_gradient_loss           | -0.00249     |
|    std                            | 0.0515       |
|    std_max                        | 0.0516       |
|    std_min                        | 0.0514       |
|    value_loss                     | 0.579        |
----------------------------------------------------
----------------------------------------------------
| rollout/                          |              |
|    action_saturation_fraction     | 0            |
|    ep_len_mean                    | 813          |
|    ep_rew_mean                    | 534          |
|    episodes_noforce               | 159          |
|    force_direction_mean           | -1           |
|    force_onset_mean               | 1.39         |
|    force_requested_impulse_mean   | 0            |
|    is_fall_mean                   | 0.447        |
|    is_timeout_mean                | 0.553        |
|    recovery_noforce               | 0.553        |
|    timeout_without_onset_fraction | 0            |
|    timeouts                       | 88           |
| time/                             |              |
|    fps                            | 2146         |
|    iterations                     | 115          |
|    time_elapsed                   | 7021         |
|    total_timesteps                | 15073280     |
| train/                            |              |
|    action_std_00                  | 0.0515       |
|    action_std_01                  | 0.0515       |
|    action_std_02                  | 0.0515       |
|    action_std_03                  | 0.0514       |
|    action_std_04                  | 0.0515       |
|    action_std_05                  | 0.0515       |
|    action_std_06                  | 0.0514       |
|    action_std_07                  | 0.0515       |
|    action_std_08                  | 0.0515       |
|    action_std_09                  | 0.0515       |
|    action_std_10                  | 0.0514       |
|    action_std_11                  | 0.0515       |
|    action_std_12                  | 0.0514       |
|    action_std_13                  | 0.0514       |
|    action_std_14                  | 0.0515       |
|    action_std_15                  | 0.0514       |
|    action_std_16                  | 0.0515       |
|    action_std_17                  | 0.0515       |
|    action_std_18                  | 0.0514       |
|    action_std_19                  | 0.0516       |
|    action_std_20                  | 0.0515       |
|    action_std_21                  | 0.0514       |
|    action_std_22                  | 0.0516       |
|    action_std_23                  | 0.0514       |
|    action_std_24                  | 0.0515       |
|    approx_kl                      | 0.0012374738 |
|    clip_fraction                  | 0.03         |
|    clip_range                     | 0.1          |
|    clip_range_vf                  | 0.2          |
|    entropy_loss                   | 38.7         |
|    explained_variance             | 0.868        |
|    learning_rate                  | 1e-06        |
|    loss                           | 0.927        |
|    n_updates                      | 1140         |
|    policy_gradient_loss           | -0.00249     |
|    std                            | 0.0515       |
|    std_max                        | 0.0516       |
|    std_min                        | 0.0514       |
|    value_loss                     | 0.512        |
----------------------------------------------------
PARITY max_torque=23.700 23.700 45.430
PARITY contact_mu=0.450
PARITY body_height=0.320
PARITY Kp_body=100.000 100.000 100.000
PARITY Kd_body=30.000 30.000 30.000
PARITY Kp_ori=100.000 100.000 100.000
PARITY Kd_ori=10.000 10.000 10.000
PARITY Kp_foot=550.000 550.000 550.000
PARITY Kd_foot=10.000 10.000 10.000
PARITY Kp_joint=5.000 5.000 5.000
PARITY Kd_joint=3.000 3.000 3.000
PARITY floating_base_weight=50.000
PARITY control_mode=5.000
[HumanoidEnv] Reset state env_id=0 z=0.277 rpy=[-0.002, 0.000, 0.001]
----------------------------------------------------
| rollout/                          |              |
|    action_saturation_fraction     | 0            |
|    ep_len_mean                    | 817          |
|    ep_rew_mean                    | 537          |
|    episodes_noforce               | 157          |
|    force_direction_mean           | -1           |
|    force_onset_mean               | 1.39         |
|    force_requested_impulse_mean   | 0            |
|    is_fall_mean                   | 0.427        |
|    is_timeout_mean                | 0.573        |
|    recovery_noforce               | 0.573        |
|    timeout_without_onset_fraction | 0            |
|    timeouts                       | 90           |
| time/                             |              |
|    fps                            | 2146         |
|    iterations                     | 116          |
|    time_elapsed                   | 7082         |
|    total_timesteps                | 15204352     |
| train/                            |              |
|    action_std_00                  | 0.0515       |
|    action_std_01                  | 0.0515       |
|    action_std_02                  | 0.0515       |
|    action_std_03                  | 0.0514       |
|    action_std_04                  | 0.0515       |
|    action_std_05                  | 0.0515       |
|    action_std_06                  | 0.0514       |
|    action_std_07                  | 0.0515       |
|    action_std_08                  | 0.0515       |
|    action_std_09                  | 0.0515       |
|    action_std_10                  | 0.0515       |
|    action_std_11                  | 0.0515       |
|    action_std_12                  | 0.0514       |
|    action_std_13                  | 0.0515       |
|    action_std_14                  | 0.0515       |
|    action_std_15                  | 0.0515       |
|    action_std_16                  | 0.0515       |
|    action_std_17                  | 0.0515       |
|    action_std_18                  | 0.0514       |
|    action_std_19                  | 0.0516       |
|    action_std_20                  | 0.0515       |
|    action_std_21                  | 0.0515       |
|    action_std_22                  | 0.0516       |
|    action_std_23                  | 0.0514       |
|    action_std_24                  | 0.0515       |
|    approx_kl                      | 0.0012747142 |
|    clip_fraction                  | 0.0309       |
|    clip_range                     | 0.1          |
|    clip_range_vf                  | 0.2          |
|    entropy_loss                   | 38.7         |
|    explained_variance             | 0.867        |
|    learning_rate                  | 1e-06        |
|    loss                           | 0.824        |
|    n_updates                      | 1150         |
|    policy_gradient_loss           | -0.00246     |
|    std                            | 0.0515       |
|    std_max                        | 0.0516       |
|    std_min                        | 0.0514       |
|    value_loss                     | 0.534        |
----------------------------------------------------
[HumanoidEnv] unhealthy terminate at step=671 z=0.194297 rpy=[-1.88654, -0.378033, -0.384962] v_body=[0.825618, -0.534459, 2.43919]
PARITY max_torque=23.700 23.700 45.430
PARITY contact_mu=0.450
PARITY body_height=0.320
PARITY Kp_body=100.000 100.000 100.000
PARITY Kd_body=30.000 30.000 30.000
PARITY Kp_ori=100.000 100.000 100.000
PARITY Kd_ori=10.000 10.000 10.000
PARITY Kp_foot=550.000 550.000 550.000
PARITY Kd_foot=10.000 10.000 10.000
PARITY Kp_joint=5.000 5.000 5.000
PARITY Kd_joint=3.000 3.000 3.000
PARITY floating_base_weight=50.000
PARITY control_mode=5.000
[HumanoidEnv] Reset state env_id=0 z=0.328 rpy=[-0.001, -0.001, 0.000]
----------------------------------------------------
| rollout/                          |              |
|    action_saturation_fraction     | 0            |
|    ep_len_mean                    | 847          |
|    ep_rew_mean                    | 558          |
|    episodes_noforce               | 163          |
|    force_direction_mean           | -1           |
|    force_onset_mean               | 1.39         |
|    force_requested_impulse_mean   | 0            |
|    is_fall_mean                   | 0.374        |
|    is_timeout_mean                | 0.626        |
|    recovery_noforce               | 0.626        |
|    timeout_without_onset_fraction | 0            |
|    timeouts                       | 102          |
| time/                             |              |
|    fps                            | 2146         |
|    iterations                     | 117          |
|    time_elapsed                   | 7143         |
|    total_timesteps                | 15335424     |
| train/                            |              |
|    action_std_00                  | 0.0516       |
|    action_std_01                  | 0.0515       |
|    action_std_02                  | 0.0516       |
|    action_std_03                  | 0.0514       |
|    action_std_04                  | 0.0516       |
|    action_std_05                  | 0.0515       |
|    action_std_06                  | 0.0515       |
|    action_std_07                  | 0.0515       |
|    action_std_08                  | 0.0515       |
|    action_std_09                  | 0.0515       |
|    action_std_10                  | 0.0515       |
|    action_std_11                  | 0.0515       |
|    action_std_12                  | 0.0514       |
|    action_std_13                  | 0.0515       |
|    action_std_14                  | 0.0515       |
|    action_std_15                  | 0.0515       |
|    action_std_16                  | 0.0515       |
|    action_std_17                  | 0.0515       |
|    action_std_18                  | 0.0514       |
|    action_std_19                  | 0.0516       |
|    action_std_20                  | 0.0515       |
|    action_std_21                  | 0.0515       |
|    action_std_22                  | 0.0516       |
|    action_std_23                  | 0.0515       |
|    action_std_24                  | 0.0515       |
|    approx_kl                      | 0.0012624982 |
|    clip_fraction                  | 0.029        |
|    clip_range                     | 0.1          |
|    clip_range_vf                  | 0.2          |
|    entropy_loss                   | 38.7         |
|    explained_variance             | 0.861        |
|    learning_rate                  | 1e-06        |
|    loss                           | 0.869        |
|    n_updates                      | 1160         |
|    policy_gradient_loss           | -0.00238     |
|    std                            | 0.0515       |
|    std_max                        | 0.0516       |
|    std_min                        | 0.0514       |
|    value_loss                     | 0.507        |
----------------------------------------------------
[HumanoidEnv] unhealthy terminate at step=228 z=0.197395 rpy=[0.747402, -0.145647, 0.572318] v_body=[0.446792, 0.987829, -1.17098]
PARITY max_torque=23.700 23.700 45.430
PARITY contact_mu=0.450
PARITY body_height=0.320
PARITY Kp_body=100.000 100.000 100.000
PARITY Kd_body=30.000 30.000 30.000
PARITY Kp_ori=100.000 100.000 100.000
PARITY Kd_ori=10.000 10.000 10.000
PARITY Kp_foot=550.000 550.000 550.000
PARITY Kd_foot=10.000 10.000 10.000
PARITY Kp_joint=5.000 5.000 5.000
PARITY Kd_joint=3.000 3.000 3.000
PARITY floating_base_weight=50.000
PARITY control_mode=5.000
[HumanoidEnv] Reset state env_id=0 z=0.307 rpy=[-0.000, -0.003, 0.000]
----------------------------------------------------
| rollout/                          |              |
|    action_saturation_fraction     | 0            |
|    ep_len_mean                    | 828          |
|    ep_rew_mean                    | 549          |
|    episodes_noforce               | 155          |
|    force_direction_mean           | -1           |
|    force_onset_mean               | 1.4          |
|    force_requested_impulse_mean   | 0            |
|    is_fall_mean                   | 0.432        |
|    is_timeout_mean                | 0.568        |
|    recovery_noforce               | 0.568        |
|    timeout_without_onset_fraction | 0            |
|    timeouts                       | 88           |
| time/                             |              |
|    fps                            | 2146         |
|    iterations                     | 118          |
|    time_elapsed                   | 7204         |
|    total_timesteps                | 15466496     |
| train/                            |              |
|    action_std_00                  | 0.0516       |
|    action_std_01                  | 0.0515       |
|    action_std_02                  | 0.0516       |
|    action_std_03                  | 0.0515       |
|    action_std_04                  | 0.0516       |
|    action_std_05                  | 0.0516       |
|    action_std_06                  | 0.0515       |
|    action_std_07                  | 0.0516       |
|    action_std_08                  | 0.0515       |
|    action_std_09                  | 0.0515       |
|    action_std_10                  | 0.0515       |
|    action_std_11                  | 0.0515       |
|    action_std_12                  | 0.0515       |
|    action_std_13                  | 0.0515       |
|    action_std_14                  | 0.0515       |
|    action_std_15                  | 0.0515       |
|    action_std_16                  | 0.0515       |
|    action_std_17                  | 0.0515       |
|    action_std_18                  | 0.0515       |
|    action_std_19                  | 0.0517       |
|    action_std_20                  | 0.0515       |
|    action_std_21                  | 0.0515       |
|    action_std_22                  | 0.0516       |
|    action_std_23                  | 0.0515       |
|    action_std_24                  | 0.0515       |
|    approx_kl                      | 0.0012547725 |
|    clip_fraction                  | 0.0291       |
|    clip_range                     | 0.1          |
|    clip_range_vf                  | 0.2          |
|    entropy_loss                   | 38.7         |
|    explained_variance             | 0.849        |
|    learning_rate                  | 1e-06        |
|    loss                           | 0.887        |
|    n_updates                      | 1170         |
|    policy_gradient_loss           | -0.00239     |
|    std                            | 0.0515       |
|    std_max                        | 0.0517       |
|    std_min                        | 0.0515       |
|    value_loss                     | 0.516        |
----------------------------------------------------
[HumanoidEnv] unhealthy terminate at step=607 z=0.198965 rpy=[-2.24151, 0.363914, 0.494526] v_body=[0.0251662, -0.602661, 0.555242]
PARITY max_torque=23.700 23.700 45.430
PARITY contact_mu=0.450
PARITY body_height=0.320
PARITY Kp_body=100.000 100.000 100.000
PARITY Kd_body=30.000 30.000 30.000
PARITY Kp_ori=100.000 100.000 100.000
PARITY Kd_ori=10.000 10.000 10.000
PARITY Kp_foot=550.000 550.000 550.000
PARITY Kd_foot=10.000 10.000 10.000
PARITY Kp_joint=5.000 5.000 5.000
PARITY Kd_joint=3.000 3.000 3.000
PARITY floating_base_weight=50.000
PARITY control_mode=5.000
[HumanoidEnv] Reset state env_id=0 z=0.326 rpy=[-0.000, -0.003, -0.000]
----------------------------------------------------
| rollout/                          |              |
|    action_saturation_fraction     | 0            |
|    ep_len_mean                    | 814          |
|    ep_rew_mean                    | 538          |
|    episodes_noforce               | 166          |
|    force_direction_mean           | -1           |
|    force_onset_mean               | 1.4          |
|    force_requested_impulse_mean   | 0            |
|    is_fall_mean                   | 0.434        |
|    is_timeout_mean                | 0.566        |
|    recovery_noforce               | 0.566        |
|    timeout_without_onset_fraction | 0            |
|    timeouts                       | 94           |
| time/                             |              |
|    fps                            | 2146         |
|    iterations                     | 119          |
|    time_elapsed                   | 7265         |
|    total_timesteps                | 15597568     |
| train/                            |              |
|    action_std_00                  | 0.0516       |
|    action_std_01                  | 0.0515       |
|    action_std_02                  | 0.0516       |
|    action_std_03                  | 0.0515       |
|    action_std_04                  | 0.0516       |
|    action_std_05                  | 0.0516       |
|    action_std_06                  | 0.0515       |
|    action_std_07                  | 0.0516       |
|    action_std_08                  | 0.0515       |
|    action_std_09                  | 0.0515       |
|    action_std_10                  | 0.0515       |
|    action_std_11                  | 0.0515       |
|    action_std_12                  | 0.0515       |
|    action_std_13                  | 0.0515       |
|    action_std_14                  | 0.0515       |
|    action_std_15                  | 0.0515       |
|    action_std_16                  | 0.0515       |
|    action_std_17                  | 0.0515       |
|    action_std_18                  | 0.0515       |
|    action_std_19                  | 0.0517       |
|    action_std_20                  | 0.0516       |
|    action_std_21                  | 0.0515       |
|    action_std_22                  | 0.0516       |
|    action_std_23                  | 0.0515       |
|    action_std_24                  | 0.0515       |
|    approx_kl                      | 0.0012704107 |
|    clip_fraction                  | 0.0307       |
|    clip_range                     | 0.1          |
|    clip_range_vf                  | 0.2          |
|    entropy_loss                   | 38.7         |
|    explained_variance             | 0.855        |
|    learning_rate                  | 1e-06        |
|    loss                           | 0.82         |
|    n_updates                      | 1180         |
|    policy_gradient_loss           | -0.00234     |
|    std                            | 0.0515       |
|    std_max                        | 0.0517       |
|    std_min                        | 0.0515       |
|    value_loss                     | 0.487        |
----------------------------------------------------
[HumanoidEnv] unhealthy terminate at step=534 z=0.199107 rpy=[0.951181, 0.277526, 1.68666] v_body=[0.0426681, -0.00350168, -1.12078]
PARITY max_torque=23.700 23.700 45.430
PARITY contact_mu=0.450
PARITY body_height=0.320
PARITY Kp_body=100.000 100.000 100.000
PARITY Kd_body=30.000 30.000 30.000
PARITY Kp_ori=100.000 100.000 100.000
PARITY Kd_ori=10.000 10.000 10.000
PARITY Kp_foot=550.000 550.000 550.000
PARITY Kd_foot=10.000 10.000 10.000
PARITY Kp_joint=5.000 5.000 5.000
PARITY Kd_joint=3.000 3.000 3.000
PARITY floating_base_weight=50.000
PARITY control_mode=5.000
[HumanoidEnv] Reset state env_id=0 z=0.325 rpy=[-0.003, -0.002, 0.000]
----------------------------------------------------
| rollout/                          |              |
|    action_saturation_fraction     | 0            |
|    ep_len_mean                    | 813          |
|    ep_rew_mean                    | 535          |
|    episodes_noforce               | 161          |
|    force_direction_mean           | -1           |
|    force_onset_mean               | 1.39         |
|    force_requested_impulse_mean   | 0            |
|    is_fall_mean                   | 0.404        |
|    is_timeout_mean                | 0.596        |
|    recovery_noforce               | 0.596        |
|    timeout_without_onset_fraction | 0            |
|    timeouts                       | 96           |
| time/                             |              |
|    fps                            | 2146         |
|    iterations                     | 120          |
|    time_elapsed                   | 7326         |
|    total_timesteps                | 15728640     |
| train/                            |              |
|    action_std_00                  | 0.0516       |
|    action_std_01                  | 0.0516       |
|    action_std_02                  | 0.0516       |
|    action_std_03                  | 0.0515       |
|    action_std_04                  | 0.0516       |
|    action_std_05                  | 0.0516       |
|    action_std_06                  | 0.0515       |
|    action_std_07                  | 0.0516       |
|    action_std_08                  | 0.0515       |
|    action_std_09                  | 0.0516       |
|    action_std_10                  | 0.0515       |
|    action_std_11                  | 0.0515       |
|    action_std_12                  | 0.0515       |
|    action_std_13                  | 0.0515       |
|    action_std_14                  | 0.0515       |
|    action_std_15                  | 0.0515       |
|    action_std_16                  | 0.0515       |
|    action_std_17                  | 0.0516       |
|    action_std_18                  | 0.0515       |
|    action_std_19                  | 0.0517       |
|    action_std_20                  | 0.0516       |
|    action_std_21                  | 0.0515       |
|    action_std_22                  | 0.0516       |
|    action_std_23                  | 0.0515       |
|    action_std_24                  | 0.0516       |
|    approx_kl                      | 0.0012901037 |
|    clip_fraction                  | 0.0311       |
|    clip_range                     | 0.1          |
|    clip_range_vf                  | 0.2          |
|    entropy_loss                   | 38.7         |
|    explained_variance             | 0.867        |
|    learning_rate                  | 1e-06        |
|    loss                           | 0.921        |
|    n_updates                      | 1190         |
|    policy_gradient_loss           | -0.00262     |
|    std                            | 0.0515       |
|    std_max                        | 0.0517       |
|    std_min                        | 0.0515       |
|    value_loss                     | 0.519        |
----------------------------------------------------
----------------------------------------------------
| rollout/                          |              |
|    action_saturation_fraction     | 0            |
|    ep_len_mean                    | 861          |
|    ep_rew_mean                    | 565          |
|    episodes_noforce               | 144          |
|    force_direction_mean           | -1           |
|    force_onset_mean               | 1.4          |
|    force_requested_impulse_mean   | 0            |
|    is_fall_mean                   | 0.382        |
|    is_timeout_mean                | 0.618        |
|    recovery_noforce               | 0.618        |
|    timeout_without_onset_fraction | 0            |
|    timeouts                       | 89           |
| time/                             |              |
|    fps                            | 2146         |
|    iterations                     | 121          |
|    time_elapsed                   | 7387         |
|    total_timesteps                | 15859712     |
| train/                            |              |
|    action_std_00                  | 0.0516       |
|    action_std_01                  | 0.0516       |
|    action_std_02                  | 0.0516       |
|    action_std_03                  | 0.0515       |
|    action_std_04                  | 0.0516       |
|    action_std_05                  | 0.0516       |
|    action_std_06                  | 0.0515       |
|    action_std_07                  | 0.0516       |
|    action_std_08                  | 0.0516       |
|    action_std_09                  | 0.0516       |
|    action_std_10                  | 0.0515       |
|    action_std_11                  | 0.0516       |
|    action_std_12                  | 0.0515       |
|    action_std_13                  | 0.0515       |
|    action_std_14                  | 0.0515       |
|    action_std_15                  | 0.0515       |
|    action_std_16                  | 0.0516       |
|    action_std_17                  | 0.0516       |
|    action_std_18                  | 0.0515       |
|    action_std_19                  | 0.0517       |
|    action_std_20                  | 0.0516       |
|    action_std_21                  | 0.0515       |
|    action_std_22                  | 0.0516       |
|    action_std_23                  | 0.0515       |
|    action_std_24                  | 0.0516       |
|    approx_kl                      | 0.0012450047 |
|    clip_fraction                  | 0.0301       |
|    clip_range                     | 0.1          |
|    clip_range_vf                  | 0.2          |
|    entropy_loss                   | 38.7         |
|    explained_variance             | 0.859        |
|    learning_rate                  | 1e-06        |
|    loss                           | 0.868        |
|    n_updates                      | 1200         |
|    policy_gradient_loss           | -0.00241     |
|    std                            | 0.0516       |
|    std_max                        | 0.0517       |
|    std_min                        | 0.0515       |
|    value_loss                     | 0.563        |
----------------------------------------------------
PARITY max_torque=23.700 23.700 45.430
PARITY contact_mu=0.450
PARITY body_height=0.320
PARITY Kp_body=100.000 100.000 100.000
PARITY Kd_body=30.000 30.000 30.000
PARITY Kp_ori=100.000 100.000 100.000
PARITY Kd_ori=10.000 10.000 10.000
PARITY Kp_foot=550.000 550.000 550.000
PARITY Kd_foot=10.000 10.000 10.000
PARITY Kp_joint=5.000 5.000 5.000
PARITY Kd_joint=3.000 3.000 3.000
PARITY floating_base_weight=50.000
PARITY control_mode=5.000
[HumanoidEnv] Reset state env_id=0 z=0.310 rpy=[-0.001, -0.003, 0.000]
----------------------------------------------------
| rollout/                          |              |
|    action_saturation_fraction     | 0            |
|    ep_len_mean                    | 801          |
|    ep_rew_mean                    | 531          |
|    episodes_noforce               | 177          |
|    force_direction_mean           | -1           |
|    force_onset_mean               | 1.4          |
|    force_requested_impulse_mean   | 0            |
|    is_fall_mean                   | 0.429        |
|    is_timeout_mean                | 0.571        |
|    recovery_noforce               | 0.571        |
|    timeout_without_onset_fraction | 0            |
|    timeouts                       | 101          |
| time/                             |              |
|    fps                            | 2146         |
|    iterations                     | 122          |
|    time_elapsed                   | 7449         |
|    total_timesteps                | 15990784     |
| train/                            |              |
|    action_std_00                  | 0.0516       |
|    action_std_01                  | 0.0516       |
|    action_std_02                  | 0.0516       |
|    action_std_03                  | 0.0515       |
|    action_std_04                  | 0.0516       |
|    action_std_05                  | 0.0516       |
|    action_std_06                  | 0.0515       |
|    action_std_07                  | 0.0516       |
|    action_std_08                  | 0.0516       |
|    action_std_09                  | 0.0516       |
|    action_std_10                  | 0.0515       |
|    action_std_11                  | 0.0516       |
|    action_std_12                  | 0.0515       |
|    action_std_13                  | 0.0515       |
|    action_std_14                  | 0.0516       |
|    action_std_15                  | 0.0516       |
|    action_std_16                  | 0.0516       |
|    action_std_17                  | 0.0516       |
|    action_std_18                  | 0.0515       |
|    action_std_19                  | 0.0517       |
|    action_std_20                  | 0.0516       |
|    action_std_21                  | 0.0516       |
|    action_std_22                  | 0.0517       |
|    action_std_23                  | 0.0515       |
|    action_std_24                  | 0.0516       |
|    approx_kl                      | 0.0012778871 |
|    clip_fraction                  | 0.032        |
|    clip_range                     | 0.1          |
|    clip_range_vf                  | 0.2          |
|    entropy_loss                   | 38.6         |
|    explained_variance             | 0.862        |
|    learning_rate                  | 1e-06        |
|    loss                           | 0.796        |
|    n_updates                      | 1210         |
|    policy_gradient_loss           | -0.00257     |
|    std                            | 0.0516       |
|    std_max                        | 0.0517       |
|    std_min                        | 0.0515       |
|    value_loss                     | 0.482        |
----------------------------------------------------
INFO:root:VecNormalize statistics saved at: ./data/delta/quadruped_ppo_model_ckpt_16001024_vecnormalize.pkl
INFO:root:Model saved at: ./data/delta/quadruped_ppo_model_ckpt_16001024.zip
INFO:root:Checkpoint written at 16001024 timesteps
----------------------------------------------------
| rollout/                          |              |
|    action_saturation_fraction     | 0            |
|    ep_len_mean                    | 834          |
|    ep_rew_mean                    | 548          |
|    episodes_noforce               | 139          |
|    force_direction_mean           | -1           |
|    force_onset_mean               | 1.41         |
|    force_requested_impulse_mean   | 0            |
|    is_fall_mean                   | 0.446        |
|    is_timeout_mean                | 0.554        |
|    recovery_noforce               | 0.554        |
|    timeout_without_onset_fraction | 0            |
|    timeouts                       | 77           |
| time/                             |              |
|    fps                            | 2146         |
|    iterations                     | 123          |
|    time_elapsed                   | 7510         |
|    total_timesteps                | 16121856     |
| train/                            |              |
|    action_std_00                  | 0.0516       |
|    action_std_01                  | 0.0516       |
|    action_std_02                  | 0.0516       |
|    action_std_03                  | 0.0515       |
|    action_std_04                  | 0.0516       |
|    action_std_05                  | 0.0516       |
|    action_std_06                  | 0.0515       |
|    action_std_07                  | 0.0516       |
|    action_std_08                  | 0.0516       |
|    action_std_09                  | 0.0516       |
|    action_std_10                  | 0.0515       |
|    action_std_11                  | 0.0516       |
|    action_std_12                  | 0.0515       |
|    action_std_13                  | 0.0516       |
|    action_std_14                  | 0.0516       |
|    action_std_15                  | 0.0516       |
|    action_std_16                  | 0.0516       |
|    action_std_17                  | 0.0516       |
|    action_std_18                  | 0.0515       |
|    action_std_19                  | 0.0517       |
|    action_std_20                  | 0.0516       |
|    action_std_21                  | 0.0516       |
|    action_std_22                  | 0.0517       |
|    action_std_23                  | 0.0515       |
|    action_std_24                  | 0.0516       |
|    approx_kl                      | 0.0012948106 |
|    clip_fraction                  | 0.0331       |
|    clip_range                     | 0.1          |
|    clip_range_vf                  | 0.2          |
|    entropy_loss                   | 38.6         |
|    explained_variance             | 0.866        |
|    learning_rate                  | 1e-06        |
|    loss                           | 0.851        |
|    n_updates                      | 1220         |
|    policy_gradient_loss           | -0.00258     |
|    std                            | 0.0516       |
|    std_max                        | 0.0517       |
|    std_min                        | 0.0515       |
|    value_loss                     | 0.524        |
----------------------------------------------------
PARITY max_torque=23.700 23.700 45.430
PARITY contact_mu=0.450
PARITY body_height=0.320
PARITY Kp_body=100.000 100.000 100.000
PARITY Kd_body=30.000 30.000 30.000
PARITY Kp_ori=100.000 100.000 100.000
PARITY Kd_ori=10.000 10.000 10.000
PARITY Kp_foot=550.000 550.000 550.000
PARITY Kd_foot=10.000 10.000 10.000
PARITY Kp_joint=5.000 5.000 5.000
PARITY Kd_joint=3.000 3.000 3.000
PARITY floating_base_weight=50.000
PARITY control_mode=5.000
[HumanoidEnv] Reset state env_id=0 z=0.279 rpy=[-0.002, 0.000, 0.001]
----------------------------------------------------
| rollout/                          |              |
|    action_saturation_fraction     | 0            |
|    ep_len_mean                    | 837          |
|    ep_rew_mean                    | 551          |
|    episodes_noforce               | 167          |
|    force_direction_mean           | -1           |
|    force_onset_mean               | 1.39         |
|    force_requested_impulse_mean   | 0            |
|    is_fall_mean                   | 0.377        |
|    is_timeout_mean                | 0.623        |
|    recovery_noforce               | 0.623        |
|    timeout_without_onset_fraction | 0            |
|    timeouts                       | 104          |
| time/                             |              |
|    fps                            | 2146         |
|    iterations                     | 124          |
|    time_elapsed                   | 7571         |
|    total_timesteps                | 16252928     |
| train/                            |              |
|    action_std_00                  | 0.0516       |
|    action_std_01                  | 0.0516       |
|    action_std_02                  | 0.0517       |
|    action_std_03                  | 0.0515       |
|    action_std_04                  | 0.0517       |
|    action_std_05                  | 0.0517       |
|    action_std_06                  | 0.0516       |
|    action_std_07                  | 0.0516       |
|    action_std_08                  | 0.0516       |
|    action_std_09                  | 0.0516       |
|    action_std_10                  | 0.0515       |
|    action_std_11                  | 0.0516       |
|    action_std_12                  | 0.0515       |
|    action_std_13                  | 0.0516       |
|    action_std_14                  | 0.0516       |
|    action_std_15                  | 0.0516       |
|    action_std_16                  | 0.0516       |
|    action_std_17                  | 0.0516       |
|    action_std_18                  | 0.0515       |
|    action_std_19                  | 0.0517       |
|    action_std_20                  | 0.0516       |
|    action_std_21                  | 0.0516       |
|    action_std_22                  | 0.0517       |
|    action_std_23                  | 0.0516       |
|    action_std_24                  | 0.0516       |
|    approx_kl                      | 0.0012620953 |
|    clip_fraction                  | 0.0334       |
|    clip_range                     | 0.1          |
|    clip_range_vf                  | 0.2          |
|    entropy_loss                   | 38.6         |
|    explained_variance             | 0.854        |
|    learning_rate                  | 1e-06        |
|    loss                           | 0.977        |
|    n_updates                      | 1230         |
|    policy_gradient_loss           | -0.00242     |
|    std                            | 0.0516       |
|    std_max                        | 0.0517       |
|    std_min                        | 0.0515       |
|    value_loss                     | 0.509        |
----------------------------------------------------
----------------------------------------------------
| rollout/                          |              |
|    action_saturation_fraction     | 0            |
|    ep_len_mean                    | 848          |
|    ep_rew_mean                    | 564          |
|    episodes_noforce               | 151          |
|    force_direction_mean           | -1           |
|    force_onset_mean               | 1.4          |
|    force_requested_impulse_mean   | 0            |
|    is_fall_mean                   | 0.417        |
|    is_timeout_mean                | 0.583        |
|    recovery_noforce               | 0.583        |
|    timeout_without_onset_fraction | 0            |
|    timeouts                       | 88           |
| time/                             |              |
|    fps                            | 2146         |
|    iterations                     | 125          |
|    time_elapsed                   | 7632         |
|    total_timesteps                | 16384000     |
| train/                            |              |
|    action_std_00                  | 0.0516       |
|    action_std_01                  | 0.0516       |
|    action_std_02                  | 0.0517       |
|    action_std_03                  | 0.0515       |
|    action_std_04                  | 0.0517       |
|    action_std_05                  | 0.0517       |
|    action_std_06                  | 0.0516       |
|    action_std_07                  | 0.0516       |
|    action_std_08                  | 0.0516       |
|    action_std_09                  | 0.0516       |
|    action_std_10                  | 0.0516       |
|    action_std_11                  | 0.0516       |
|    action_std_12                  | 0.0516       |
|    action_std_13                  | 0.0516       |
|    action_std_14                  | 0.0516       |
|    action_std_15                  | 0.0516       |
|    action_std_16                  | 0.0516       |
|    action_std_17                  | 0.0516       |
|    action_std_18                  | 0.0515       |
|    action_std_19                  | 0.0517       |
|    action_std_20                  | 0.0516       |
|    action_std_21                  | 0.0516       |
|    action_std_22                  | 0.0517       |
|    action_std_23                  | 0.0516       |
|    action_std_24                  | 0.0516       |
|    approx_kl                      | 0.0012721572 |
|    clip_fraction                  | 0.033        |
|    clip_range                     | 0.1          |
|    clip_range_vf                  | 0.2          |
|    entropy_loss                   | 38.6         |
|    explained_variance             | 0.877        |
|    learning_rate                  | 1e-06        |
|    loss                           | 0.867        |
|    n_updates                      | 1240         |
|    policy_gradient_loss           | -0.00249     |
|    std                            | 0.0516       |
|    std_max                        | 0.0517       |
|    std_min                        | 0.0515       |
|    value_loss                     | 0.45         |
----------------------------------------------------
PARITY max_torque=23.700 23.700 45.430
PARITY contact_mu=0.450
PARITY body_height=0.320
PARITY Kp_body=100.000 100.000 100.000
PARITY Kd_body=30.000 30.000 30.000
PARITY Kp_ori=100.000 100.000 100.000
PARITY Kd_ori=10.000 10.000 10.000
PARITY Kp_foot=550.000 550.000 550.000
PARITY Kd_foot=10.000 10.000 10.000
PARITY Kp_joint=5.000 5.000 5.000
PARITY Kd_joint=3.000 3.000 3.000
PARITY floating_base_weight=50.000
PARITY control_mode=5.000
[HumanoidEnv] Reset state env_id=0 z=0.295 rpy=[-0.002, 0.001, 0.001]
----------------------------------------------------
| rollout/                          |              |
|    action_saturation_fraction     | 0            |
|    ep_len_mean                    | 763          |
|    ep_rew_mean                    | 499          |
|    episodes_noforce               | 175          |
|    force_direction_mean           | -1           |
|    force_onset_mean               | 1.37         |
|    force_requested_impulse_mean   | 0            |
|    is_fall_mean                   | 0.44         |
|    is_timeout_mean                | 0.56         |
|    recovery_noforce               | 0.56         |
|    timeout_without_onset_fraction | 0            |
|    timeouts                       | 98           |
| time/                             |              |
|    fps                            | 2146         |
|    iterations                     | 126          |
|    time_elapsed                   | 7693         |
|    total_timesteps                | 16515072     |
| train/                            |              |
|    action_std_00                  | 0.0517       |
|    action_std_01                  | 0.0516       |
|    action_std_02                  | 0.0517       |
|    action_std_03                  | 0.0516       |
|    action_std_04                  | 0.0517       |
|    action_std_05                  | 0.0517       |
|    action_std_06                  | 0.0516       |
|    action_std_07                  | 0.0516       |
|    action_std_08                  | 0.0516       |
|    action_std_09                  | 0.0516       |
|    action_std_10                  | 0.0516       |
|    action_std_11                  | 0.0516       |
|    action_std_12                  | 0.0516       |
|    action_std_13                  | 0.0516       |
|    action_std_14                  | 0.0516       |
|    action_std_15                  | 0.0516       |
|    action_std_16                  | 0.0517       |
|    action_std_17                  | 0.0516       |
|    action_std_18                  | 0.0516       |
|    action_std_19                  | 0.0518       |
|    action_std_20                  | 0.0517       |
|    action_std_21                  | 0.0516       |
|    action_std_22                  | 0.0517       |
|    action_std_23                  | 0.0516       |
|    action_std_24                  | 0.0516       |
|    approx_kl                      | 0.0012070432 |
|    clip_fraction                  | 0.0268       |
|    clip_range                     | 0.1          |
|    clip_range_vf                  | 0.2          |
|    entropy_loss                   | 38.6         |
|    explained_variance             | 0.861        |
|    learning_rate                  | 1e-06        |
|    loss                           | 0.851        |
|    n_updates                      | 1250         |
|    policy_gradient_loss           | -0.00236     |
|    std                            | 0.0516       |
|    std_max                        | 0.0518       |
|    std_min                        | 0.0516       |
|    value_loss                     | 0.513        |
----------------------------------------------------
[HumanoidEnv] unhealthy terminate at step=674 z=0.193995 rpy=[2.11893, -0.314889, 0.644939] v_body=[0.157075, 1.04169, 0.544467]
PARITY max_torque=23.700 23.700 45.430
PARITY contact_mu=0.450
PARITY body_height=0.320
PARITY Kp_body=100.000 100.000 100.000
PARITY Kd_body=30.000 30.000 30.000
PARITY Kp_ori=100.000 100.000 100.000
PARITY Kd_ori=10.000 10.000 10.000
PARITY Kp_foot=550.000 550.000 550.000
PARITY Kd_foot=10.000 10.000 10.000
PARITY Kp_joint=5.000 5.000 5.000
PARITY Kd_joint=3.000 3.000 3.000
PARITY floating_base_weight=50.000
PARITY control_mode=5.000
[HumanoidEnv] Reset state env_id=0 z=0.295 rpy=[0.000, -0.001, 0.000]
----------------------------------------------------
| rollout/                          |              |
|    action_saturation_fraction     | 0            |
|    ep_len_mean                    | 788          |
|    ep_rew_mean                    | 520          |
|    episodes_noforce               | 150          |
|    force_direction_mean           | -1           |
|    force_onset_mean               | 1.4          |
|    force_requested_impulse_mean   | 0            |
|    is_fall_mean                   | 0.433        |
|    is_timeout_mean                | 0.567        |
|    recovery_noforce               | 0.567        |
|    timeout_without_onset_fraction | 0            |
|    timeouts                       | 85           |
| time/                             |              |
|    fps                            | 2146         |
|    iterations                     | 127          |
|    time_elapsed                   | 7754         |
|    total_timesteps                | 16646144     |
| train/                            |              |
|    action_std_00                  | 0.0517       |
|    action_std_01                  | 0.0516       |
|    action_std_02                  | 0.0517       |
|    action_std_03                  | 0.0516       |
|    action_std_04                  | 0.0517       |
|    action_std_05                  | 0.0517       |
|    action_std_06                  | 0.0516       |
|    action_std_07                  | 0.0517       |
|    action_std_08                  | 0.0516       |
|    action_std_09                  | 0.0517       |
|    action_std_10                  | 0.0516       |
|    action_std_11                  | 0.0516       |
|    action_std_12                  | 0.0516       |
|    action_std_13                  | 0.0516       |
|    action_std_14                  | 0.0516       |
|    action_std_15                  | 0.0516       |
|    action_std_16                  | 0.0517       |
|    action_std_17                  | 0.0516       |
|    action_std_18                  | 0.0516       |
|    action_std_19                  | 0.0518       |
|    action_std_20                  | 0.0517       |
|    action_std_21                  | 0.0516       |
|    action_std_22                  | 0.0517       |
|    action_std_23                  | 0.0516       |
|    action_std_24                  | 0.0517       |
|    approx_kl                      | 0.0012791664 |
|    clip_fraction                  | 0.0316       |
|    clip_range                     | 0.1          |
|    clip_range_vf                  | 0.2          |
|    entropy_loss                   | 38.6         |
|    explained_variance             | 0.881        |
|    learning_rate                  | 1e-06        |
|    loss                           | 0.898        |
|    n_updates                      | 1260         |
|    policy_gradient_loss           | -0.00267     |
|    std                            | 0.0516       |
|    std_max                        | 0.0518       |
|    std_min                        | 0.0516       |
|    value_loss                     | 0.545        |
----------------------------------------------------
----------------------------------------------------
| rollout/                          |              |
|    action_saturation_fraction     | 0            |
|    ep_len_mean                    | 808          |
|    ep_rew_mean                    | 530          |
|    episodes_noforce               | 173          |
|    force_direction_mean           | -1           |
|    force_onset_mean               | 1.41         |
|    force_requested_impulse_mean   | 0            |
|    is_fall_mean                   | 0.387        |
|    is_timeout_mean                | 0.613        |
|    recovery_noforce               | 0.613        |
|    timeout_without_onset_fraction | 0            |
|    timeouts                       | 106          |
| time/                             |              |
|    fps                            | 2146         |
|    iterations                     | 128          |
|    time_elapsed                   | 7816         |
|    total_timesteps                | 16777216     |
| train/                            |              |
|    action_std_00                  | 0.0517       |
|    action_std_01                  | 0.0517       |
|    action_std_02                  | 0.0517       |
|    action_std_03                  | 0.0516       |
|    action_std_04                  | 0.0517       |
|    action_std_05                  | 0.0517       |
|    action_std_06                  | 0.0516       |
|    action_std_07                  | 0.0517       |
|    action_std_08                  | 0.0516       |
|    action_std_09                  | 0.0517       |
|    action_std_10                  | 0.0516       |
|    action_std_11                  | 0.0516       |
|    action_std_12                  | 0.0516       |
|    action_std_13                  | 0.0516       |
|    action_std_14                  | 0.0516       |
|    action_std_15                  | 0.0516       |
|    action_std_16                  | 0.0517       |
|    action_std_17                  | 0.0516       |
|    action_std_18                  | 0.0516       |
|    action_std_19                  | 0.0518       |
|    action_std_20                  | 0.0517       |
|    action_std_21                  | 0.0516       |
|    action_std_22                  | 0.0517       |
|    action_std_23                  | 0.0516       |
|    action_std_24                  | 0.0517       |
|    approx_kl                      | 0.0012582218 |
|    clip_fraction                  | 0.0306       |
|    clip_range                     | 0.1          |
|    clip_range_vf                  | 0.2          |
|    entropy_loss                   | 38.6         |
|    explained_variance             | 0.863        |
|    learning_rate                  | 1e-06        |
|    loss                           | 0.904        |
|    n_updates                      | 1270         |
|    policy_gradient_loss           | -0.00244     |
|    std                            | 0.0517       |
|    std_max                        | 0.0518       |
|    std_min                        | 0.0516       |
|    value_loss                     | 0.515        |
----------------------------------------------------
[HumanoidEnv] unhealthy terminate at step=956 z=0.187982 rpy=[-1.82884, -0.167904, -0.194511] v_body=[0.801598, -1.93973, -0.709732]
PARITY max_torque=23.700 23.700 45.430
PARITY contact_mu=0.450
PARITY body_height=0.320
PARITY Kp_body=100.000 100.000 100.000
PARITY Kd_body=30.000 30.000 30.000
PARITY Kp_ori=100.000 100.000 100.000
PARITY Kd_ori=10.000 10.000 10.000
PARITY Kp_foot=550.000 550.000 550.000
PARITY Kd_foot=10.000 10.000 10.000
PARITY Kp_joint=5.000 5.000 5.000
PARITY Kd_joint=3.000 3.000 3.000
PARITY floating_base_weight=50.000
PARITY control_mode=5.000
[HumanoidEnv] Reset state env_id=0 z=0.274 rpy=[-0.001, -0.001, 0.001]
----------------------------------------------------
| rollout/                          |              |
|    action_saturation_fraction     | 0            |
|    ep_len_mean                    | 790          |
|    ep_rew_mean                    | 517          |
|    episodes_noforce               | 152          |
|    force_direction_mean           | -1           |
|    force_onset_mean               | 1.36         |
|    force_requested_impulse_mean   | 0            |
|    is_fall_mean                   | 0.447        |
|    is_timeout_mean                | 0.553        |
|    recovery_noforce               | 0.553        |
|    timeout_without_onset_fraction | 0            |
|    timeouts                       | 84           |
| time/                             |              |
|    fps                            | 2146         |
|    iterations                     | 129          |
|    time_elapsed                   | 7877         |
|    total_timesteps                | 16908288     |
| train/                            |              |
|    action_std_00                  | 0.0517       |
|    action_std_01                  | 0.0517       |
|    action_std_02                  | 0.0517       |
|    action_std_03                  | 0.0516       |
|    action_std_04                  | 0.0517       |
|    action_std_05                  | 0.0517       |
|    action_std_06                  | 0.0516       |
|    action_std_07                  | 0.0517       |
|    action_std_08                  | 0.0517       |
|    action_std_09                  | 0.0517       |
|    action_std_10                  | 0.0516       |
|    action_std_11                  | 0.0517       |
|    action_std_12                  | 0.0516       |
|    action_std_13                  | 0.0516       |
|    action_std_14                  | 0.0516       |
|    action_std_15                  | 0.0516       |
|    action_std_16                  | 0.0517       |
|    action_std_17                  | 0.0517       |
|    action_std_18                  | 0.0516       |
|    action_std_19                  | 0.0518       |
|    action_std_20                  | 0.0517       |
|    action_std_21                  | 0.0516       |
|    action_std_22                  | 0.0517       |
|    action_std_23                  | 0.0516       |
|    action_std_24                  | 0.0517       |
|    approx_kl                      | 0.0012384829 |
|    clip_fraction                  | 0.0305       |
|    clip_range                     | 0.1          |
|    clip_range_vf                  | 0.2          |
|    entropy_loss                   | 38.6         |
|    explained_variance             | 0.851        |
|    learning_rate                  | 1e-06        |
|    loss                           | 0.928        |
|    n_updates                      | 1280         |
|    policy_gradient_loss           | -0.00242     |
|    std                            | 0.0517       |
|    std_max                        | 0.0518       |
|    std_min                        | 0.0516       |
|    value_loss                     | 0.526        |
----------------------------------------------------
[HumanoidEnv] unhealthy terminate at step=272 z=0.188399 rpy=[0.465964, 0.0178264, 0.610234] v_body=[-0.959608, 1.23772, -1.14309]
PARITY max_torque=23.700 23.700 45.430
PARITY contact_mu=0.450
PARITY body_height=0.320
PARITY Kp_body=100.000 100.000 100.000
PARITY Kd_body=30.000 30.000 30.000
PARITY Kp_ori=100.000 100.000 100.000
PARITY Kd_ori=10.000 10.000 10.000
PARITY Kp_foot=550.000 550.000 550.000
PARITY Kd_foot=10.000 10.000 10.000
PARITY Kp_joint=5.000 5.000 5.000
PARITY Kd_joint=3.000 3.000 3.000
PARITY floating_base_weight=50.000
PARITY control_mode=5.000
[HumanoidEnv] Reset state env_id=0 z=0.292 rpy=[-0.001, -0.002, 0.001]
----------------------------------------------------
| rollout/                          |              |
|    action_saturation_fraction     | 0            |
|    ep_len_mean                    | 829          |
|    ep_rew_mean                    | 546          |
|    episodes_noforce               | 165          |
|    force_direction_mean           | -1           |
|    force_onset_mean               | 1.39         |
|    force_requested_impulse_mean   | 0            |
|    is_fall_mean                   | 0.412        |
|    is_timeout_mean                | 0.588        |
|    recovery_noforce               | 0.588        |
|    timeout_without_onset_fraction | 0            |
|    timeouts                       | 97           |
| time/                             |              |
|    fps                            | 2146         |
|    iterations                     | 130          |
|    time_elapsed                   | 7938         |
|    total_timesteps                | 17039360     |
| train/                            |              |
|    action_std_00                  | 0.0517       |
|    action_std_01                  | 0.0517       |
|    action_std_02                  | 0.0517       |
|    action_std_03                  | 0.0516       |
|    action_std_04                  | 0.0517       |
|    action_std_05                  | 0.0517       |
|    action_std_06                  | 0.0516       |
|    action_std_07                  | 0.0517       |
|    action_std_08                  | 0.0517       |
|    action_std_09                  | 0.0517       |
|    action_std_10                  | 0.0516       |
|    action_std_11                  | 0.0517       |
|    action_std_12                  | 0.0516       |
|    action_std_13                  | 0.0517       |
|    action_std_14                  | 0.0517       |
|    action_std_15                  | 0.0516       |
|    action_std_16                  | 0.0517       |
|    action_std_17                  | 0.0517       |
|    action_std_18                  | 0.0516       |
|    action_std_19                  | 0.0518       |
|    action_std_20                  | 0.0517       |
|    action_std_21                  | 0.0517       |
|    action_std_22                  | 0.0518       |
|    action_std_23                  | 0.0516       |
|    action_std_24                  | 0.0517       |
|    approx_kl                      | 0.0012798046 |
|    clip_fraction                  | 0.0308       |
|    clip_range                     | 0.1          |
|    clip_range_vf                  | 0.2          |
|    entropy_loss                   | 38.6         |
|    explained_variance             | 0.87         |
|    learning_rate                  | 1e-06        |
|    loss                           | 0.872        |
|    n_updates                      | 1290         |
|    policy_gradient_loss           | -0.00254     |
|    std                            | 0.0517       |
|    std_max                        | 0.0518       |
|    std_min                        | 0.0516       |
|    value_loss                     | 0.502        |
----------------------------------------------------
PARITY max_torque=23.700 23.700 45.430
PARITY contact_mu=0.450
PARITY body_height=0.320
PARITY Kp_body=100.000 100.000 100.000
PARITY Kd_body=30.000 30.000 30.000
PARITY Kp_ori=100.000 100.000 100.000
PARITY Kd_ori=10.000 10.000 10.000
PARITY Kp_foot=550.000 550.000 550.000
PARITY Kd_foot=10.000 10.000 10.000
PARITY Kp_joint=5.000 5.000 5.000
PARITY Kd_joint=3.000 3.000 3.000
PARITY floating_base_weight=50.000
PARITY control_mode=5.000
[HumanoidEnv] Reset state env_id=0 z=0.311 rpy=[0.002, -0.001, 0.000]
----------------------------------------------------
| rollout/                          |              |
|    action_saturation_fraction     | 0            |
|    ep_len_mean                    | 843          |
|    ep_rew_mean                    | 560          |
|    episodes_noforce               | 147          |
|    force_direction_mean           | -1           |
|    force_onset_mean               | 1.39         |
|    force_requested_impulse_mean   | 0            |
|    is_fall_mean                   | 0.374        |
|    is_timeout_mean                | 0.626        |
|    recovery_noforce               | 0.626        |
|    timeout_without_onset_fraction | 0            |
|    timeouts                       | 92           |
| time/                             |              |
|    fps                            | 2146         |
|    iterations                     | 131          |
|    time_elapsed                   | 8000         |
|    total_timesteps                | 17170432     |
| train/                            |              |
|    action_std_00                  | 0.0517       |
|    action_std_01                  | 0.0517       |
|    action_std_02                  | 0.0518       |
|    action_std_03                  | 0.0516       |
|    action_std_04                  | 0.0518       |
|    action_std_05                  | 0.0517       |
|    action_std_06                  | 0.0516       |
|    action_std_07                  | 0.0517       |
|    action_std_08                  | 0.0517       |
|    action_std_09                  | 0.0517       |
|    action_std_10                  | 0.0516       |
|    action_std_11                  | 0.0517       |
|    action_std_12                  | 0.0516       |
|    action_std_13                  | 0.0517       |
|    action_std_14                  | 0.0517       |
|    action_std_15                  | 0.0516       |
|    action_std_16                  | 0.0517       |
|    action_std_17                  | 0.0517       |
|    action_std_18                  | 0.0516       |
|    action_std_19                  | 0.0518       |
|    action_std_20                  | 0.0517       |
|    action_std_21                  | 0.0517       |
|    action_std_22                  | 0.0518       |
|    action_std_23                  | 0.0516       |
|    action_std_24                  | 0.0517       |
|    approx_kl                      | 0.0012454811 |
|    clip_fraction                  | 0.029        |
|    clip_range                     | 0.1          |
|    clip_range_vf                  | 0.2          |
|    entropy_loss                   | 38.6         |
|    explained_variance             | 0.862        |
|    learning_rate                  | 1e-06        |
|    loss                           | 0.926        |
|    n_updates                      | 1300         |
|    policy_gradient_loss           | -0.00245     |
|    std                            | 0.0517       |
|    std_max                        | 0.0518       |
|    std_min                        | 0.0516       |
|    value_loss                     | 0.496        |
----------------------------------------------------
[HumanoidEnv] unhealthy terminate at step=491 z=0.192836 rpy=[-0.932547, -0.273672, -1.01032] v_body=[-0.30107, -1.46568, -1.01338]
PARITY max_torque=23.700 23.700 45.430
PARITY contact_mu=0.450
PARITY body_height=0.320
PARITY Kp_body=100.000 100.000 100.000
PARITY Kd_body=30.000 30.000 30.000
PARITY Kp_ori=100.000 100.000 100.000
PARITY Kd_ori=10.000 10.000 10.000
PARITY Kp_foot=550.000 550.000 550.000
PARITY Kd_foot=10.000 10.000 10.000
PARITY Kp_joint=5.000 5.000 5.000
PARITY Kd_joint=3.000 3.000 3.000
PARITY floating_base_weight=50.000
PARITY control_mode=5.000
[HumanoidEnv] Reset state env_id=0 z=0.319 rpy=[-0.000, -0.001, 0.000]
----------------------------------------------------
| rollout/                          |              |
|    action_saturation_fraction     | 0            |
|    ep_len_mean                    | 850          |
|    ep_rew_mean                    | 562          |
|    episodes_noforce               | 168          |
|    force_direction_mean           | -1           |
|    force_onset_mean               | 1.4          |
|    force_requested_impulse_mean   | 0            |
|    is_fall_mean                   | 0.411        |
|    is_timeout_mean                | 0.589        |
|    recovery_noforce               | 0.589        |
|    timeout_without_onset_fraction | 0            |
|    timeouts                       | 99           |
| time/                             |              |
|    fps                            | 2146         |
|    iterations                     | 132          |
|    time_elapsed                   | 8061         |
|    total_timesteps                | 17301504     |
| train/                            |              |
|    action_std_00                  | 0.0518       |
|    action_std_01                  | 0.0517       |
|    action_std_02                  | 0.0518       |
|    action_std_03                  | 0.0517       |
|    action_std_04                  | 0.0518       |
|    action_std_05                  | 0.0518       |
|    action_std_06                  | 0.0517       |
|    action_std_07                  | 0.0517       |
|    action_std_08                  | 0.0517       |
|    action_std_09                  | 0.0517       |
|    action_std_10                  | 0.0517       |
|    action_std_11                  | 0.0517       |
|    action_std_12                  | 0.0516       |
|    action_std_13                  | 0.0517       |
|    action_std_14                  | 0.0517       |
|    action_std_15                  | 0.0516       |
|    action_std_16                  | 0.0517       |
|    action_std_17                  | 0.0517       |
|    action_std_18                  | 0.0516       |
|    action_std_19                  | 0.0518       |
|    action_std_20                  | 0.0517       |
|    action_std_21                  | 0.0517       |
|    action_std_22                  | 0.0518       |
|    action_std_23                  | 0.0516       |
|    action_std_24                  | 0.0517       |
|    approx_kl                      | 0.0012222613 |
|    clip_fraction                  | 0.0279       |
|    clip_range                     | 0.1          |
|    clip_range_vf                  | 0.2          |
|    entropy_loss                   | 38.6         |
|    explained_variance             | 0.86         |
|    learning_rate                  | 1e-06        |
|    loss                           | 0.915        |
|    n_updates                      | 1310         |
|    policy_gradient_loss           | -0.0024      |
|    std                            | 0.0517       |
|    std_max                        | 0.0518       |
|    std_min                        | 0.0516       |
|    value_loss                     | 0.476        |
----------------------------------------------------
----------------------------------------------------
| rollout/                          |              |
|    action_saturation_fraction     | 0            |
|    ep_len_mean                    | 811          |
|    ep_rew_mean                    | 540          |
|    episodes_noforce               | 142          |
|    force_direction_mean           | -1           |
|    force_onset_mean               | 1.4          |
|    force_requested_impulse_mean   | 0            |
|    is_fall_mean                   | 0.472        |
|    is_timeout_mean                | 0.528        |
|    recovery_noforce               | 0.528        |
|    timeout_without_onset_fraction | 0            |
|    timeouts                       | 75           |
| time/                             |              |
|    fps                            | 2146         |
|    iterations                     | 133          |
|    time_elapsed                   | 8122         |
|    total_timesteps                | 17432576     |
| train/                            |              |
|    action_std_00                  | 0.0518       |
|    action_std_01                  | 0.0517       |
|    action_std_02                  | 0.0518       |
|    action_std_03                  | 0.0517       |
|    action_std_04                  | 0.0518       |
|    action_std_05                  | 0.0518       |
|    action_std_06                  | 0.0517       |
|    action_std_07                  | 0.0518       |
|    action_std_08                  | 0.0517       |
|    action_std_09                  | 0.0517       |
|    action_std_10                  | 0.0517       |
|    action_std_11                  | 0.0517       |
|    action_std_12                  | 0.0517       |
|    action_std_13                  | 0.0517       |
|    action_std_14                  | 0.0517       |
|    action_std_15                  | 0.0516       |
|    action_std_16                  | 0.0518       |
|    action_std_17                  | 0.0517       |
|    action_std_18                  | 0.0516       |
|    action_std_19                  | 0.0518       |
|    action_std_20                  | 0.0517       |
|    action_std_21                  | 0.0517       |
|    action_std_22                  | 0.0518       |
|    action_std_23                  | 0.0516       |
|    action_std_24                  | 0.0517       |
|    approx_kl                      | 0.0012418358 |
|    clip_fraction                  | 0.0292       |
|    clip_range                     | 0.1          |
|    clip_range_vf                  | 0.2          |
|    entropy_loss                   | 38.6         |
|    explained_variance             | 0.875        |
|    learning_rate                  | 1e-06        |
|    loss                           | 0.882        |
|    n_updates                      | 1320         |
|    policy_gradient_loss           | -0.00243     |
|    std                            | 0.0517       |
|    std_max                        | 0.0518       |
|    std_min                        | 0.0516       |
|    value_loss                     | 0.519        |
----------------------------------------------------
PARITY max_torque=23.700 23.700 45.430
PARITY contact_mu=0.450
PARITY body_height=0.320
PARITY Kp_body=100.000 100.000 100.000
PARITY Kd_body=30.000 30.000 30.000
PARITY Kp_ori=100.000 100.000 100.000
PARITY Kd_ori=10.000 10.000 10.000
PARITY Kp_foot=550.000 550.000 550.000
PARITY Kd_foot=10.000 10.000 10.000
PARITY Kp_joint=5.000 5.000 5.000
PARITY Kd_joint=3.000 3.000 3.000
PARITY floating_base_weight=50.000
PARITY control_mode=5.000
[HumanoidEnv] Reset state env_id=0 z=0.295 rpy=[0.000, -0.000, 0.000]
---------------------------------------------------
| rollout/                          |             |
|    action_saturation_fraction     | 0           |
|    ep_len_mean                    | 832         |
|    ep_rew_mean                    | 553         |
|    episodes_noforce               | 175         |
|    force_direction_mean           | -1          |
|    force_onset_mean               | 1.39        |
|    force_requested_impulse_mean   | 0           |
|    is_fall_mean                   | 0.411       |
|    is_timeout_mean                | 0.589       |
|    recovery_noforce               | 0.589       |
|    timeout_without_onset_fraction | 0           |
|    timeouts                       | 103         |
| time/                             |             |
|    fps                            | 2145        |
|    iterations                     | 134         |
|    time_elapsed                   | 8184        |
|    total_timesteps                | 17563648    |
| train/                            |             |
|    action_std_00                  | 0.0518      |
|    action_std_01                  | 0.0517      |
|    action_std_02                  | 0.0518      |
|    action_std_03                  | 0.0517      |
|    action_std_04                  | 0.0518      |
|    action_std_05                  | 0.0518      |
|    action_std_06                  | 0.0517      |
|    action_std_07                  | 0.0518      |
|    action_std_08                  | 0.0517      |
|    action_std_09                  | 0.0518      |
|    action_std_10                  | 0.0517      |
|    action_std_11                  | 0.0517      |
|    action_std_12                  | 0.0517      |
|    action_std_13                  | 0.0517      |
|    action_std_14                  | 0.0517      |
|    action_std_15                  | 0.0517      |
|    action_std_16                  | 0.0518      |
|    action_std_17                  | 0.0517      |
|    action_std_18                  | 0.0517      |
|    action_std_19                  | 0.0518      |
|    action_std_20                  | 0.0517      |
|    action_std_21                  | 0.0517      |
|    action_std_22                  | 0.0518      |
|    action_std_23                  | 0.0517      |
|    action_std_24                  | 0.0517      |
|    approx_kl                      | 0.001296645 |
|    clip_fraction                  | 0.0312      |
|    clip_range                     | 0.1         |
|    clip_range_vf                  | 0.2         |
|    entropy_loss                   | 38.6        |
|    explained_variance             | 0.866       |
|    learning_rate                  | 1e-06       |
|    loss                           | 0.897       |
|    n_updates                      | 1330        |
|    policy_gradient_loss           | -0.0025     |
|    std                            | 0.0517      |
|    std_max                        | 0.0518      |
|    std_min                        | 0.0517      |
|    value_loss                     | 0.526       |
---------------------------------------------------
----------------------------------------------------
| rollout/                          |              |
|    action_saturation_fraction     | 0            |
|    ep_len_mean                    | 818          |
|    ep_rew_mean                    | 538          |
|    episodes_noforce               | 144          |
|    force_direction_mean           | -1           |
|    force_onset_mean               | 1.39         |
|    force_requested_impulse_mean   | 0            |
|    is_fall_mean                   | 0.424        |
|    is_timeout_mean                | 0.576        |
|    recovery_noforce               | 0.576        |
|    timeout_without_onset_fraction | 0            |
|    timeouts                       | 83           |
| time/                             |              |
|    fps                            | 2145         |
|    iterations                     | 135          |
|    time_elapsed                   | 8245         |
|    total_timesteps                | 17694720     |
| train/                            |              |
|    action_std_00                  | 0.0518       |
|    action_std_01                  | 0.0517       |
|    action_std_02                  | 0.0518       |
|    action_std_03                  | 0.0517       |
|    action_std_04                  | 0.0518       |
|    action_std_05                  | 0.0518       |
|    action_std_06                  | 0.0517       |
|    action_std_07                  | 0.0518       |
|    action_std_08                  | 0.0518       |
|    action_std_09                  | 0.0518       |
|    action_std_10                  | 0.0517       |
|    action_std_11                  | 0.0518       |
|    action_std_12                  | 0.0517       |
|    action_std_13                  | 0.0517       |
|    action_std_14                  | 0.0517       |
|    action_std_15                  | 0.0517       |
|    action_std_16                  | 0.0518       |
|    action_std_17                  | 0.0517       |
|    action_std_18                  | 0.0517       |
|    action_std_19                  | 0.0519       |
|    action_std_20                  | 0.0517       |
|    action_std_21                  | 0.0517       |
|    action_std_22                  | 0.0518       |
|    action_std_23                  | 0.0517       |
|    action_std_24                  | 0.0518       |
|    approx_kl                      | 0.0012612344 |
|    clip_fraction                  | 0.0312       |
|    clip_range                     | 0.1          |
|    clip_range_vf                  | 0.2          |
|    entropy_loss                   | 38.6         |
|    explained_variance             | 0.858        |
|    learning_rate                  | 1e-06        |
|    loss                           | 0.923        |
|    n_updates                      | 1340         |
|    policy_gradient_loss           | -0.00251     |
|    std                            | 0.0517       |
|    std_max                        | 0.0519       |
|    std_min                        | 0.0517       |
|    value_loss                     | 0.535        |
----------------------------------------------------
PARITY max_torque=23.700 23.700 45.430
PARITY contact_mu=0.450
PARITY body_height=0.320
PARITY Kp_body=100.000 100.000 100.000
PARITY Kd_body=30.000 30.000 30.000
PARITY Kp_ori=100.000 100.000 100.000
PARITY Kd_ori=10.000 10.000 10.000
PARITY Kp_foot=550.000 550.000 550.000
PARITY Kd_foot=10.000 10.000 10.000
PARITY Kp_joint=5.000 5.000 5.000
PARITY Kd_joint=3.000 3.000 3.000
PARITY floating_base_weight=50.000
PARITY control_mode=5.000
[HumanoidEnv] Reset state env_id=0 z=0.294 rpy=[0.002, -0.003, -0.000]
[HumanoidEnv] unhealthy terminate at step=81 z=0.198114 rpy=[-1.14148, -0.0404587, 0.0753071] v_body=[1.31533, -0.57281, -1.57773]
PARITY max_torque=23.700 23.700 45.430
PARITY contact_mu=0.450
PARITY body_height=0.320
PARITY Kp_body=100.000 100.000 100.000
PARITY Kd_body=30.000 30.000 30.000
PARITY Kp_ori=100.000 100.000 100.000
PARITY Kd_ori=10.000 10.000 10.000
PARITY Kp_foot=550.000 550.000 550.000
PARITY Kd_foot=10.000 10.000 10.000
PARITY Kp_joint=5.000 5.000 5.000
PARITY Kd_joint=3.000 3.000 3.000
PARITY floating_base_weight=50.000
PARITY control_mode=5.000
[HumanoidEnv] Reset state env_id=0 z=0.313 rpy=[-0.001, -0.002, 0.000]
---------------------------------------------------
| rollout/                          |             |
|    action_saturation_fraction     | 0           |
|    ep_len_mean                    | 830         |
|    ep_rew_mean                    | 549         |
|    episodes_noforce               | 175         |
|    force_direction_mean           | -1          |
|    force_onset_mean               | 1.37        |
|    force_requested_impulse_mean   | 0           |
|    is_fall_mean                   | 0.4         |
|    is_timeout_mean                | 0.6         |
|    recovery_noforce               | 0.6         |
|    timeout_without_onset_fraction | 0           |
|    timeouts                       | 105         |
| time/                             |             |
|    fps                            | 2145        |
|    iterations                     | 136         |
|    time_elapsed                   | 8307        |
|    total_timesteps                | 17825792    |
| train/                            |             |
|    action_std_00                  | 0.0518      |
|    action_std_01                  | 0.0517      |
|    action_std_02                  | 0.0518      |
|    action_std_03                  | 0.0517      |
|    action_std_04                  | 0.0518      |
|    action_std_05                  | 0.0518      |
|    action_std_06                  | 0.0517      |
|    action_std_07                  | 0.0518      |
|    action_std_08                  | 0.0518      |
|    action_std_09                  | 0.0518      |
|    action_std_10                  | 0.0517      |
|    action_std_11                  | 0.0518      |
|    action_std_12                  | 0.0517      |
|    action_std_13                  | 0.0517      |
|    action_std_14                  | 0.0517      |
|    action_std_15                  | 0.0517      |
|    action_std_16                  | 0.0518      |
|    action_std_17                  | 0.0517      |
|    action_std_18                  | 0.0517      |
|    action_std_19                  | 0.0519      |
|    action_std_20                  | 0.0518      |
|    action_std_21                  | 0.0517      |
|    action_std_22                  | 0.0518      |
|    action_std_23                  | 0.0517      |
|    action_std_24                  | 0.0518      |
|    approx_kl                      | 0.001315369 |
|    clip_fraction                  | 0.0329      |
|    clip_range                     | 0.1         |
|    clip_range_vf                  | 0.2         |
|    entropy_loss                   | 38.6        |
|    explained_variance             | 0.869       |
|    learning_rate                  | 1e-06       |
|    loss                           | 0.796       |
|    n_updates                      | 1350        |
|    policy_gradient_loss           | -0.0027     |
|    std                            | 0.0518      |
|    std_max                        | 0.0519      |
|    std_min                        | 0.0517      |
|    value_loss                     | 0.469       |
---------------------------------------------------
----------------------------------------------------
| rollout/                          |              |
|    action_saturation_fraction     | 0            |
|    ep_len_mean                    | 824          |
|    ep_rew_mean                    | 543          |
|    episodes_noforce               | 146          |
|    force_direction_mean           | -1           |
|    force_onset_mean               | 1.38         |
|    force_requested_impulse_mean   | 0            |
|    is_fall_mean                   | 0.479        |
|    is_timeout_mean                | 0.521        |
|    recovery_noforce               | 0.521        |
|    timeout_without_onset_fraction | 0            |
|    timeouts                       | 76           |
| time/                             |              |
|    fps                            | 2145         |
|    iterations                     | 137          |
|    time_elapsed                   | 8368         |
|    total_timesteps                | 17956864     |
| train/                            |              |
|    action_std_00                  | 0.0518       |
|    action_std_01                  | 0.0518       |
|    action_std_02                  | 0.0519       |
|    action_std_03                  | 0.0517       |
|    action_std_04                  | 0.0518       |
|    action_std_05                  | 0.0518       |
|    action_std_06                  | 0.0517       |
|    action_std_07                  | 0.0518       |
|    action_std_08                  | 0.0518       |
|    action_std_09                  | 0.0518       |
|    action_std_10                  | 0.0517       |
|    action_std_11                  | 0.0518       |
|    action_std_12                  | 0.0517       |
|    action_std_13                  | 0.0518       |
|    action_std_14                  | 0.0518       |
|    action_std_15                  | 0.0517       |
|    action_std_16                  | 0.0518       |
|    action_std_17                  | 0.0517       |
|    action_std_18                  | 0.0517       |
|    action_std_19                  | 0.0519       |
|    action_std_20                  | 0.0518       |
|    action_std_21                  | 0.0518       |
|    action_std_22                  | 0.0519       |
|    action_std_23                  | 0.0517       |
|    action_std_24                  | 0.0518       |
|    approx_kl                      | 0.0012538291 |
|    clip_fraction                  | 0.0301       |
|    clip_range                     | 0.1          |
|    clip_range_vf                  | 0.2          |
|    entropy_loss                   | 38.6         |
|    explained_variance             | 0.87         |
|    learning_rate                  | 1e-06        |
|    loss                           | 0.89         |
|    n_updates                      | 1360         |
|    policy_gradient_loss           | -0.00247     |
|    std                            | 0.0518       |
|    std_max                        | 0.0519       |
|    std_min                        | 0.0517       |
|    value_loss                     | 0.509        |
----------------------------------------------------
INFO:root:VecNormalize statistics saved at: ./data/delta/quadruped_ppo_model_ckpt_18001152_vecnormalize.pkl
INFO:root:Model saved at: ./data/delta/quadruped_ppo_model_ckpt_18001152.zip
INFO:root:Checkpoint written at 18001152 timesteps
PARITY max_torque=23.700 23.700 45.430
PARITY contact_mu=0.450
PARITY body_height=0.320
PARITY Kp_body=100.000 100.000 100.000
PARITY Kd_body=30.000 30.000 30.000
PARITY Kp_ori=100.000 100.000 100.000
PARITY Kd_ori=10.000 10.000 10.000
PARITY Kp_foot=550.000 550.000 550.000
PARITY Kd_foot=10.000 10.000 10.000
PARITY Kp_joint=5.000 5.000 5.000
PARITY Kd_joint=3.000 3.000 3.000
PARITY floating_base_weight=50.000
PARITY control_mode=5.000
[HumanoidEnv] Reset state env_id=0 z=0.282 rpy=[0.002, -0.002, 0.001]
----------------------------------------------------
| rollout/                          |              |
|    action_saturation_fraction     | 0            |
|    ep_len_mean                    | 851          |
|    ep_rew_mean                    | 564          |
|    episodes_noforce               | 163          |
|    force_direction_mean           | -1           |
|    force_onset_mean               | 1.4          |
|    force_requested_impulse_mean   | 0            |
|    is_fall_mean                   | 0.393        |
|    is_timeout_mean                | 0.607        |
|    recovery_noforce               | 0.607        |
|    timeout_without_onset_fraction | 0            |
|    timeouts                       | 99           |
| time/                             |              |
|    fps                            | 2145         |
|    iterations                     | 138          |
|    time_elapsed                   | 8429         |
|    total_timesteps                | 18087936     |
| train/                            |              |
|    action_std_00                  | 0.0518       |
|    action_std_01                  | 0.0518       |
|    action_std_02                  | 0.0519       |
|    action_std_03                  | 0.0517       |
|    action_std_04                  | 0.0518       |
|    action_std_05                  | 0.0519       |
|    action_std_06                  | 0.0517       |
|    action_std_07                  | 0.0518       |
|    action_std_08                  | 0.0518       |
|    action_std_09                  | 0.0518       |
|    action_std_10                  | 0.0517       |
|    action_std_11                  | 0.0518       |
|    action_std_12                  | 0.0517       |
|    action_std_13                  | 0.0518       |
|    action_std_14                  | 0.0518       |
|    action_std_15                  | 0.0517       |
|    action_std_16                  | 0.0518       |
|    action_std_17                  | 0.0518       |
|    action_std_18                  | 0.0517       |
|    action_std_19                  | 0.0519       |
|    action_std_20                  | 0.0518       |
|    action_std_21                  | 0.0518       |
|    action_std_22                  | 0.0519       |
|    action_std_23                  | 0.0517       |
|    action_std_24                  | 0.0518       |
|    approx_kl                      | 0.0013235891 |
|    clip_fraction                  | 0.0325       |
|    clip_range                     | 0.1          |
|    clip_range_vf                  | 0.2          |
|    entropy_loss                   | 38.5         |
|    explained_variance             | 0.888        |
|    learning_rate                  | 1e-06        |
|    loss                           | 0.815        |
|    n_updates                      | 1370         |
|    policy_gradient_loss           | -0.00248     |
|    std                            | 0.0518       |
|    std_max                        | 0.0519       |
|    std_min                        | 0.0517       |
|    value_loss                     | 0.467        |
----------------------------------------------------
---------------------------------------------------
| rollout/                          |             |
|    action_saturation_fraction     | 0           |
|    ep_len_mean                    | 802         |
|    ep_rew_mean                    | 527         |
|    episodes_noforce               | 150         |
|    force_direction_mean           | -1          |
|    force_onset_mean               | 1.39        |
|    force_requested_impulse_mean   | 0           |
|    is_fall_mean                   | 0.433       |
|    is_timeout_mean                | 0.567       |
|    recovery_noforce               | 0.567       |
|    timeout_without_onset_fraction | 0           |
|    timeouts                       | 85          |
| time/                             |             |
|    fps                            | 2145        |
|    iterations                     | 139         |
|    time_elapsed                   | 8490        |
|    total_timesteps                | 18219008    |
| train/                            |             |
|    action_std_00                  | 0.0518      |
|    action_std_01                  | 0.0518      |
|    action_std_02                  | 0.0519      |
|    action_std_03                  | 0.0517      |
|    action_std_04                  | 0.0518      |
|    action_std_05                  | 0.0519      |
|    action_std_06                  | 0.0517      |
|    action_std_07                  | 0.0518      |
|    action_std_08                  | 0.0518      |
|    action_std_09                  | 0.0519      |
|    action_std_10                  | 0.0517      |
|    action_std_11                  | 0.0518      |
|    action_std_12                  | 0.0517      |
|    action_std_13                  | 0.0518      |
|    action_std_14                  | 0.0518      |
|    action_std_15                  | 0.0517      |
|    action_std_16                  | 0.0518      |
|    action_std_17                  | 0.0518      |
|    action_std_18                  | 0.0517      |
|    action_std_19                  | 0.0519      |
|    action_std_20                  | 0.0518      |
|    action_std_21                  | 0.0518      |
|    action_std_22                  | 0.0519      |
|    action_std_23                  | 0.0517      |
|    action_std_24                  | 0.0518      |
|    approx_kl                      | 0.001304114 |
|    clip_fraction                  | 0.0314      |
|    clip_range                     | 0.1         |
|    clip_range_vf                  | 0.2         |
|    entropy_loss                   | 38.5        |
|    explained_variance             | 0.879       |
|    learning_rate                  | 1e-06       |
|    loss                           | 0.915       |
|    n_updates                      | 1380        |
|    policy_gradient_loss           | -0.00252    |
|    std                            | 0.0518      |
|    std_max                        | 0.0519      |
|    std_min                        | 0.0517      |
|    value_loss                     | 0.436       |
---------------------------------------------------
[HumanoidEnv] unhealthy terminate at step=567 z=0.1959 rpy=[2.67086, 0.317497, 0.442097] v_body=[-0.689317, 0.961904, 0.755552]
PARITY max_torque=23.700 23.700 45.430
PARITY contact_mu=0.450
PARITY body_height=0.320
PARITY Kp_body=100.000 100.000 100.000
PARITY Kd_body=30.000 30.000 30.000
PARITY Kp_ori=100.000 100.000 100.000
PARITY Kd_ori=10.000 10.000 10.000
PARITY Kp_foot=550.000 550.000 550.000
PARITY Kd_foot=10.000 10.000 10.000
PARITY Kp_joint=5.000 5.000 5.000
PARITY Kd_joint=3.000 3.000 3.000
PARITY floating_base_weight=50.000
PARITY control_mode=5.000
[HumanoidEnv] Reset state env_id=0 z=0.282 rpy=[0.002, -0.002, 0.001]
----------------------------------------------------
| rollout/                          |              |
|    action_saturation_fraction     | 0            |
|    ep_len_mean                    | 854          |
|    ep_rew_mean                    | 565          |
|    episodes_noforce               | 159          |
|    force_direction_mean           | -1           |
|    force_onset_mean               | 1.41         |
|    force_requested_impulse_mean   | 0            |
|    is_fall_mean                   | 0.39         |
|    is_timeout_mean                | 0.61         |
|    recovery_noforce               | 0.61         |
|    timeout_without_onset_fraction | 0            |
|    timeouts                       | 97           |
| time/                             |              |
|    fps                            | 2145         |
|    iterations                     | 140          |
|    time_elapsed                   | 8551         |
|    total_timesteps                | 18350080     |
| train/                            |              |
|    action_std_00                  | 0.0519       |
|    action_std_01                  | 0.0518       |
|    action_std_02                  | 0.0519       |
|    action_std_03                  | 0.0518       |
|    action_std_04                  | 0.0519       |
|    action_std_05                  | 0.0519       |
|    action_std_06                  | 0.0517       |
|    action_std_07                  | 0.0518       |
|    action_std_08                  | 0.0518       |
|    action_std_09                  | 0.0519       |
|    action_std_10                  | 0.0518       |
|    action_std_11                  | 0.0518       |
|    action_std_12                  | 0.0517       |
|    action_std_13                  | 0.0518       |
|    action_std_14                  | 0.0518       |
|    action_std_15                  | 0.0517       |
|    action_std_16                  | 0.0519       |
|    action_std_17                  | 0.0518       |
|    action_std_18                  | 0.0517       |
|    action_std_19                  | 0.0519       |
|    action_std_20                  | 0.0518       |
|    action_std_21                  | 0.0518       |
|    action_std_22                  | 0.0519       |
|    action_std_23                  | 0.0518       |
|    action_std_24                  | 0.0518       |
|    approx_kl                      | 0.0012117584 |
|    clip_fraction                  | 0.0273       |
|    clip_range                     | 0.1          |
|    clip_range_vf                  | 0.2          |
|    entropy_loss                   | 38.5         |
|    explained_variance             | 0.87         |
|    learning_rate                  | 1e-06        |
|    loss                           | 0.94         |
|    n_updates                      | 1390         |
|    policy_gradient_loss           | -0.00244     |
|    std                            | 0.0518       |
|    std_max                        | 0.0519       |
|    std_min                        | 0.0517       |
|    value_loss                     | 0.525        |
----------------------------------------------------
PARITY max_torque=23.700 23.700 45.430
PARITY contact_mu=0.450
PARITY body_height=0.320
PARITY Kp_body=100.000 100.000 100.000
PARITY Kd_body=30.000 30.000 30.000
PARITY Kp_ori=100.000 100.000 100.000
PARITY Kd_ori=10.000 10.000 10.000
PARITY Kp_foot=550.000 550.000 550.000
PARITY Kd_foot=10.000 10.000 10.000
PARITY Kp_joint=5.000 5.000 5.000
PARITY Kd_joint=3.000 3.000 3.000
PARITY floating_base_weight=50.000
PARITY control_mode=5.000
[HumanoidEnv] Reset state env_id=0 z=0.291 rpy=[0.003, -0.002, 0.000]
----------------------------------------------------
| rollout/                          |              |
|    action_saturation_fraction     | 0            |
|    ep_len_mean                    | 886          |
|    ep_rew_mean                    | 584          |
|    episodes_noforce               | 155          |
|    force_direction_mean           | -1           |
|    force_onset_mean               | 1.39         |
|    force_requested_impulse_mean   | 0            |
|    is_fall_mean                   | 0.381        |
|    is_timeout_mean                | 0.619        |
|    recovery_noforce               | 0.619        |
|    timeout_without_onset_fraction | 0            |
|    timeouts                       | 96           |
| time/                             |              |
|    fps                            | 2145         |
|    iterations                     | 141          |
|    time_elapsed                   | 8613         |
|    total_timesteps                | 18481152     |
| train/                            |              |
|    action_std_00                  | 0.0519       |
|    action_std_01                  | 0.0518       |
|    action_std_02                  | 0.0519       |
|    action_std_03                  | 0.0518       |
|    action_std_04                  | 0.0519       |
|    action_std_05                  | 0.0519       |
|    action_std_06                  | 0.0518       |
|    action_std_07                  | 0.0518       |
|    action_std_08                  | 0.0518       |
|    action_std_09                  | 0.0519       |
|    action_std_10                  | 0.0518       |
|    action_std_11                  | 0.0518       |
|    action_std_12                  | 0.0517       |
|    action_std_13                  | 0.0518       |
|    action_std_14                  | 0.0518       |
|    action_std_15                  | 0.0517       |
|    action_std_16                  | 0.0519       |
|    action_std_17                  | 0.0518       |
|    action_std_18                  | 0.0518       |
|    action_std_19                  | 0.0519       |
|    action_std_20                  | 0.0518       |
|    action_std_21                  | 0.0518       |
|    action_std_22                  | 0.0519       |
|    action_std_23                  | 0.0518       |
|    action_std_24                  | 0.0519       |
|    approx_kl                      | 0.0012720075 |
|    clip_fraction                  | 0.0304       |
|    clip_range                     | 0.1          |
|    clip_range_vf                  | 0.2          |
|    entropy_loss                   | 38.5         |
|    explained_variance             | 0.868        |
|    learning_rate                  | 1e-06        |
|    loss                           | 0.898        |
|    n_updates                      | 1400         |
|    policy_gradient_loss           | -0.00241     |
|    std                            | 0.0518       |
|    std_max                        | 0.0519       |
|    std_min                        | 0.0517       |
|    value_loss                     | 0.487        |
----------------------------------------------------
[HumanoidEnv] unhealthy terminate at step=476 z=0.192764 rpy=[-2.5844, 0.0101564, 3.09021] v_body=[1.47825, 1.35744, 0.19562]
PARITY max_torque=23.700 23.700 45.430
PARITY contact_mu=0.450
PARITY body_height=0.320
PARITY Kp_body=100.000 100.000 100.000
PARITY Kd_body=30.000 30.000 30.000
PARITY Kp_ori=100.000 100.000 100.000
PARITY Kd_ori=10.000 10.000 10.000
PARITY Kp_foot=550.000 550.000 550.000
PARITY Kd_foot=10.000 10.000 10.000
PARITY Kp_joint=5.000 5.000 5.000
PARITY Kd_joint=3.000 3.000 3.000
PARITY floating_base_weight=50.000
PARITY control_mode=5.000
[HumanoidEnv] Reset state env_id=0 z=0.326 rpy=[0.001, -0.002, 0.000]
----------------------------------------------------
| rollout/                          |              |
|    action_saturation_fraction     | 0            |
|    ep_len_mean                    | 805          |
|    ep_rew_mean                    | 529          |
|    episodes_noforce               | 164          |
|    force_direction_mean           | -1           |
|    force_onset_mean               | 1.41         |
|    force_requested_impulse_mean   | 0            |
|    is_fall_mean                   | 0.439        |
|    is_timeout_mean                | 0.561        |
|    recovery_noforce               | 0.561        |
|    timeout_without_onset_fraction | 0            |
|    timeouts                       | 92           |
| time/                             |              |
|    fps                            | 2145         |
|    iterations                     | 142          |
|    time_elapsed                   | 8673         |
|    total_timesteps                | 18612224     |
| train/                            |              |
|    action_std_00                  | 0.0519       |
|    action_std_01                  | 0.0518       |
|    action_std_02                  | 0.0519       |
|    action_std_03                  | 0.0518       |
|    action_std_04                  | 0.0519       |
|    action_std_05                  | 0.0519       |
|    action_std_06                  | 0.0518       |
|    action_std_07                  | 0.0518       |
|    action_std_08                  | 0.0519       |
|    action_std_09                  | 0.0519       |
|    action_std_10                  | 0.0518       |
|    action_std_11                  | 0.0519       |
|    action_std_12                  | 0.0518       |
|    action_std_13                  | 0.0518       |
|    action_std_14                  | 0.0518       |
|    action_std_15                  | 0.0518       |
|    action_std_16                  | 0.0519       |
|    action_std_17                  | 0.0518       |
|    action_std_18                  | 0.0518       |
|    action_std_19                  | 0.0519       |
|    action_std_20                  | 0.0518       |
|    action_std_21                  | 0.0519       |
|    action_std_22                  | 0.0519       |
|    action_std_23                  | 0.0518       |
|    action_std_24                  | 0.0519       |
|    approx_kl                      | 0.0012224684 |
|    clip_fraction                  | 0.0265       |
|    clip_range                     | 0.1          |
|    clip_range_vf                  | 0.2          |
|    entropy_loss                   | 38.5         |
|    explained_variance             | 0.87         |
|    learning_rate                  | 1e-06        |
|    loss                           | 0.844        |
|    n_updates                      | 1410         |
|    policy_gradient_loss           | -0.00238     |
|    std                            | 0.0518       |
|    std_max                        | 0.0519       |
|    std_min                        | 0.0518       |
|    value_loss                     | 0.506        |
----------------------------------------------------
---------------------------------------------------
| rollout/                          |             |
|    action_saturation_fraction     | 0           |
|    ep_len_mean                    | 830         |
|    ep_rew_mean                    | 549         |
|    episodes_noforce               | 156         |
|    force_direction_mean           | -1          |
|    force_onset_mean               | 1.39        |
|    force_requested_impulse_mean   | 0           |
|    is_fall_mean                   | 0.397       |
|    is_timeout_mean                | 0.603       |
|    recovery_noforce               | 0.603       |
|    timeout_without_onset_fraction | 0           |
|    timeouts                       | 94          |
| time/                             |             |
|    fps                            | 2145        |
|    iterations                     | 143         |
|    time_elapsed                   | 8735        |
|    total_timesteps                | 18743296    |
| train/                            |             |
|    action_std_00                  | 0.0519      |
|    action_std_01                  | 0.0519      |
|    action_std_02                  | 0.0519      |
|    action_std_03                  | 0.0518      |
|    action_std_04                  | 0.0519      |
|    action_std_05                  | 0.0519      |
|    action_std_06                  | 0.0518      |
|    action_std_07                  | 0.0519      |
|    action_std_08                  | 0.0519      |
|    action_std_09                  | 0.0519      |
|    action_std_10                  | 0.0518      |
|    action_std_11                  | 0.0519      |
|    action_std_12                  | 0.0518      |
|    action_std_13                  | 0.0518      |
|    action_std_14                  | 0.0518      |
|    action_std_15                  | 0.0518      |
|    action_std_16                  | 0.0519      |
|    action_std_17                  | 0.0518      |
|    action_std_18                  | 0.0518      |
|    action_std_19                  | 0.0519      |
|    action_std_20                  | 0.0519      |
|    action_std_21                  | 0.0519      |
|    action_std_22                  | 0.0519      |
|    action_std_23                  | 0.0518      |
|    action_std_24                  | 0.0519      |
|    approx_kl                      | 0.001288089 |
|    clip_fraction                  | 0.0312      |
|    clip_range                     | 0.1         |
|    clip_range_vf                  | 0.2         |
|    entropy_loss                   | 38.5        |
|    explained_variance             | 0.882       |
|    learning_rate                  | 1e-06       |
|    loss                           | 0.842       |
|    n_updates                      | 1420        |
|    policy_gradient_loss           | -0.00261    |
|    std                            | 0.0519      |
|    std_max                        | 0.0519      |
|    std_min                        | 0.0518      |
|    value_loss                     | 0.475       |
---------------------------------------------------
PARITY max_torque=23.700 23.700 45.430
PARITY contact_mu=0.450
PARITY body_height=0.320
PARITY Kp_body=100.000 100.000 100.000
PARITY Kd_body=30.000 30.000 30.000
PARITY Kp_ori=100.000 100.000 100.000
PARITY Kd_ori=10.000 10.000 10.000
PARITY Kp_foot=550.000 550.000 550.000
PARITY Kd_foot=10.000 10.000 10.000
PARITY Kp_joint=5.000 5.000 5.000
PARITY Kd_joint=3.000 3.000 3.000
PARITY floating_base_weight=50.000
PARITY control_mode=5.000
[HumanoidEnv] Reset state env_id=0 z=0.288 rpy=[-0.001, -0.001, 0.001]
----------------------------------------------------
| rollout/                          |              |
|    action_saturation_fraction     | 0            |
|    ep_len_mean                    | 803          |
|    ep_rew_mean                    | 531          |
|    episodes_noforce               | 168          |
|    force_direction_mean           | -1           |
|    force_onset_mean               | 1.38         |
|    force_requested_impulse_mean   | 0            |
|    is_fall_mean                   | 0.411        |
|    is_timeout_mean                | 0.589        |
|    recovery_noforce               | 0.589        |
|    timeout_without_onset_fraction | 0            |
|    timeouts                       | 99           |
| time/                             |              |
|    fps                            | 2145         |
|    iterations                     | 144          |
|    time_elapsed                   | 8795         |
|    total_timesteps                | 18874368     |
| train/                            |              |
|    action_std_00                  | 0.0519       |
|    action_std_01                  | 0.0519       |
|    action_std_02                  | 0.052        |
|    action_std_03                  | 0.0518       |
|    action_std_04                  | 0.0519       |
|    action_std_05                  | 0.0519       |
|    action_std_06                  | 0.0518       |
|    action_std_07                  | 0.0519       |
|    action_std_08                  | 0.0519       |
|    action_std_09                  | 0.0519       |
|    action_std_10                  | 0.0518       |
|    action_std_11                  | 0.0519       |
|    action_std_12                  | 0.0518       |
|    action_std_13                  | 0.0519       |
|    action_std_14                  | 0.0518       |
|    action_std_15                  | 0.0518       |
|    action_std_16                  | 0.0519       |
|    action_std_17                  | 0.0518       |
|    action_std_18                  | 0.0518       |
|    action_std_19                  | 0.052        |
|    action_std_20                  | 0.0519       |
|    action_std_21                  | 0.0519       |
|    action_std_22                  | 0.052        |
|    action_std_23                  | 0.0518       |
|    action_std_24                  | 0.0519       |
|    approx_kl                      | 0.0013115909 |
|    clip_fraction                  | 0.0334       |
|    clip_range                     | 0.1          |
|    clip_range_vf                  | 0.2          |
|    entropy_loss                   | 38.5         |
|    explained_variance             | 0.869        |
|    learning_rate                  | 1e-06        |
|    loss                           | 0.858        |
|    n_updates                      | 1430         |
|    policy_gradient_loss           | -0.00246     |
|    std                            | 0.0519       |
|    std_max                        | 0.052        |
|    std_min                        | 0.0518       |
|    value_loss                     | 0.502        |
----------------------------------------------------
----------------------------------------------------
| rollout/                          |              |
|    action_saturation_fraction     | 0            |
|    ep_len_mean                    | 840          |
|    ep_rew_mean                    | 559          |
|    episodes_noforce               | 145          |
|    force_direction_mean           | -1           |
|    force_onset_mean               | 1.41         |
|    force_requested_impulse_mean   | 0            |
|    is_fall_mean                   | 0.386        |
|    is_timeout_mean                | 0.614        |
|    recovery_noforce               | 0.614        |
|    timeout_without_onset_fraction | 0            |
|    timeouts                       | 89           |
| time/                             |              |
|    fps                            | 2145         |
|    iterations                     | 145          |
|    time_elapsed                   | 8857         |
|    total_timesteps                | 19005440     |
| train/                            |              |
|    action_std_00                  | 0.0519       |
|    action_std_01                  | 0.0519       |
|    action_std_02                  | 0.052        |
|    action_std_03                  | 0.0518       |
|    action_std_04                  | 0.0519       |
|    action_std_05                  | 0.0519       |
|    action_std_06                  | 0.0518       |
|    action_std_07                  | 0.0519       |
|    action_std_08                  | 0.0519       |
|    action_std_09                  | 0.0519       |
|    action_std_10                  | 0.0518       |
|    action_std_11                  | 0.0519       |
|    action_std_12                  | 0.0518       |
|    action_std_13                  | 0.0519       |
|    action_std_14                  | 0.0519       |
|    action_std_15                  | 0.0518       |
|    action_std_16                  | 0.0519       |
|    action_std_17                  | 0.0518       |
|    action_std_18                  | 0.0518       |
|    action_std_19                  | 0.052        |
|    action_std_20                  | 0.0519       |
|    action_std_21                  | 0.0519       |
|    action_std_22                  | 0.052        |
|    action_std_23                  | 0.0518       |
|    action_std_24                  | 0.0519       |
|    approx_kl                      | 0.0012760435 |
|    clip_fraction                  | 0.0295       |
|    clip_range                     | 0.1          |
|    clip_range_vf                  | 0.2          |
|    entropy_loss                   | 38.5         |
|    explained_variance             | 0.871        |
|    learning_rate                  | 1e-06        |
|    loss                           | 0.798        |
|    n_updates                      | 1440         |
|    policy_gradient_loss           | -0.00249     |
|    std                            | 0.0519       |
|    std_max                        | 0.052        |
|    std_min                        | 0.0518       |
|    value_loss                     | 0.464        |
----------------------------------------------------
[HumanoidEnv] unhealthy terminate at step=831 z=0.198167 rpy=[2.65532, -0.755607, -0.867772] v_body=[1.58764, 0.735107, 0.721453]
PARITY max_torque=23.700 23.700 45.430
PARITY contact_mu=0.450
PARITY body_height=0.320
PARITY Kp_body=100.000 100.000 100.000
PARITY Kd_body=30.000 30.000 30.000
PARITY Kp_ori=100.000 100.000 100.000
PARITY Kd_ori=10.000 10.000 10.000
PARITY Kp_foot=550.000 550.000 550.000
PARITY Kd_foot=10.000 10.000 10.000
PARITY Kp_joint=5.000 5.000 5.000
PARITY Kd_joint=3.000 3.000 3.000
PARITY floating_base_weight=50.000
PARITY control_mode=5.000
[HumanoidEnv] Reset state env_id=0 z=0.275 rpy=[-0.001, 0.000, 0.001]
----------------------------------------------------
| rollout/                          |              |
|    action_saturation_fraction     | 0            |
|    ep_len_mean                    | 851          |
|    ep_rew_mean                    | 567          |
|    episodes_noforce               | 164          |
|    force_direction_mean           | -1           |
|    force_onset_mean               | 1.4          |
|    force_requested_impulse_mean   | 0            |
|    is_fall_mean                   | 0.396        |
|    is_timeout_mean                | 0.604        |
|    recovery_noforce               | 0.604        |
|    timeout_without_onset_fraction | 0            |
|    timeouts                       | 99           |
| time/                             |              |
|    fps                            | 2145         |
|    iterations                     | 146          |
|    time_elapsed                   | 8918         |
|    total_timesteps                | 19136512     |
| train/                            |              |
|    action_std_00                  | 0.052        |
|    action_std_01                  | 0.0519       |
|    action_std_02                  | 0.052        |
|    action_std_03                  | 0.0518       |
|    action_std_04                  | 0.0519       |
|    action_std_05                  | 0.052        |
|    action_std_06                  | 0.0518       |
|    action_std_07                  | 0.0519       |
|    action_std_08                  | 0.0519       |
|    action_std_09                  | 0.0519       |
|    action_std_10                  | 0.0518       |
|    action_std_11                  | 0.0519       |
|    action_std_12                  | 0.0518       |
|    action_std_13                  | 0.0519       |
|    action_std_14                  | 0.0519       |
|    action_std_15                  | 0.0518       |
|    action_std_16                  | 0.0519       |
|    action_std_17                  | 0.0519       |
|    action_std_18                  | 0.0518       |
|    action_std_19                  | 0.052        |
|    action_std_20                  | 0.0519       |
|    action_std_21                  | 0.0519       |
|    action_std_22                  | 0.052        |
|    action_std_23                  | 0.0518       |
|    action_std_24                  | 0.0519       |
|    approx_kl                      | 0.0012847605 |
|    clip_fraction                  | 0.0311       |
|    clip_range                     | 0.1          |
|    clip_range_vf                  | 0.2          |
|    entropy_loss                   | 38.5         |
|    explained_variance             | 0.87         |
|    learning_rate                  | 1e-06        |
|    loss                           | 0.828        |
|    n_updates                      | 1450         |
|    policy_gradient_loss           | -0.00243     |
|    std                            | 0.0519       |
|    std_max                        | 0.052        |
|    std_min                        | 0.0518       |
|    value_loss                     | 0.457        |
----------------------------------------------------
----------------------------------------------------
| rollout/                          |              |
|    action_saturation_fraction     | 0            |
|    ep_len_mean                    | 802          |
|    ep_rew_mean                    | 531          |
|    episodes_noforce               | 172          |
|    force_direction_mean           | -1           |
|    force_onset_mean               | 1.38         |
|    force_requested_impulse_mean   | 0            |
|    is_fall_mean                   | 0.465        |
|    is_timeout_mean                | 0.535        |
|    recovery_noforce               | 0.535        |
|    timeout_without_onset_fraction | 0            |
|    timeouts                       | 92           |
| time/                             |              |
|    fps                            | 2145         |
|    iterations                     | 147          |
|    time_elapsed                   | 8979         |
|    total_timesteps                | 19267584     |
| train/                            |              |
|    action_std_00                  | 0.052        |
|    action_std_01                  | 0.0519       |
|    action_std_02                  | 0.052        |
|    action_std_03                  | 0.0519       |
|    action_std_04                  | 0.052        |
|    action_std_05                  | 0.052        |
|    action_std_06                  | 0.0519       |
|    action_std_07                  | 0.0519       |
|    action_std_08                  | 0.0519       |
|    action_std_09                  | 0.0519       |
|    action_std_10                  | 0.0519       |
|    action_std_11                  | 0.0519       |
|    action_std_12                  | 0.0518       |
|    action_std_13                  | 0.0519       |
|    action_std_14                  | 0.0519       |
|    action_std_15                  | 0.0518       |
|    action_std_16                  | 0.0519       |
|    action_std_17                  | 0.0519       |
|    action_std_18                  | 0.0518       |
|    action_std_19                  | 0.052        |
|    action_std_20                  | 0.0519       |
|    action_std_21                  | 0.0519       |
|    action_std_22                  | 0.052        |
|    action_std_23                  | 0.0518       |
|    action_std_24                  | 0.052        |
|    approx_kl                      | 0.0013796499 |
|    clip_fraction                  | 0.0373       |
|    clip_range                     | 0.1          |
|    clip_range_vf                  | 0.2          |
|    entropy_loss                   | 38.5         |
|    explained_variance             | 0.867        |
|    learning_rate                  | 1e-06        |
|    loss                           | 0.95         |
|    n_updates                      | 1460         |
|    policy_gradient_loss           | -0.00263     |
|    std                            | 0.0519       |
|    std_max                        | 0.052        |
|    std_min                        | 0.0518       |
|    value_loss                     | 0.525        |
----------------------------------------------------
PARITY max_torque=23.700 23.700 45.430
PARITY contact_mu=0.450
PARITY body_height=0.320
PARITY Kp_body=100.000 100.000 100.000
PARITY Kd_body=30.000 30.000 30.000
PARITY Kp_ori=100.000 100.000 100.000
PARITY Kd_ori=10.000 10.000 10.000
PARITY Kp_foot=550.000 550.000 550.000
PARITY Kd_foot=10.000 10.000 10.000
PARITY Kp_joint=5.000 5.000 5.000
PARITY Kd_joint=3.000 3.000 3.000
PARITY floating_base_weight=50.000
PARITY control_mode=5.000
[HumanoidEnv] Reset state env_id=0 z=0.300 rpy=[-0.000, -0.002, 0.000]
----------------------------------------------------
| rollout/                          |              |
|    action_saturation_fraction     | 0            |
|    ep_len_mean                    | 763          |
|    ep_rew_mean                    | 504          |
|    episodes_noforce               | 155          |
|    force_direction_mean           | -1           |
|    force_onset_mean               | 1.41         |
|    force_requested_impulse_mean   | 0            |
|    is_fall_mean                   | 0.465        |
|    is_timeout_mean                | 0.535        |
|    recovery_noforce               | 0.535        |
|    timeout_without_onset_fraction | 0            |
|    timeouts                       | 83           |
| time/                             |              |
|    fps                            | 2145         |
|    iterations                     | 148          |
|    time_elapsed                   | 9040         |
|    total_timesteps                | 19398656     |
| train/                            |              |
|    action_std_00                  | 0.052        |
|    action_std_01                  | 0.0519       |
|    action_std_02                  | 0.052        |
|    action_std_03                  | 0.0519       |
|    action_std_04                  | 0.052        |
|    action_std_05                  | 0.052        |
|    action_std_06                  | 0.0519       |
|    action_std_07                  | 0.0519       |
|    action_std_08                  | 0.0519       |
|    action_std_09                  | 0.052        |
|    action_std_10                  | 0.0519       |
|    action_std_11                  | 0.0519       |
|    action_std_12                  | 0.0518       |
|    action_std_13                  | 0.0519       |
|    action_std_14                  | 0.0519       |
|    action_std_15                  | 0.0518       |
|    action_std_16                  | 0.052        |
|    action_std_17                  | 0.0519       |
|    action_std_18                  | 0.0518       |
|    action_std_19                  | 0.052        |
|    action_std_20                  | 0.0519       |
|    action_std_21                  | 0.0519       |
|    action_std_22                  | 0.052        |
|    action_std_23                  | 0.0518       |
|    action_std_24                  | 0.052        |
|    approx_kl                      | 0.0013480134 |
|    clip_fraction                  | 0.0357       |
|    clip_range                     | 0.1          |
|    clip_range_vf                  | 0.2          |
|    entropy_loss                   | 38.5         |
|    explained_variance             | 0.877        |
|    learning_rate                  | 1e-06        |
|    loss                           | 0.927        |
|    n_updates                      | 1470         |
|    policy_gradient_loss           | -0.00267     |
|    std                            | 0.0519       |
|    std_max                        | 0.052        |
|    std_min                        | 0.0518       |
|    value_loss                     | 0.542        |
----------------------------------------------------
[HumanoidEnv] unhealthy terminate at step=501 z=0.198245 rpy=[-0.963781, 0.260729, -2.40752] v_body=[-0.938095, -0.273809, -1.0739]
PARITY max_torque=23.700 23.700 45.430
PARITY contact_mu=0.450
PARITY body_height=0.320
PARITY Kp_body=100.000 100.000 100.000
PARITY Kd_body=30.000 30.000 30.000
PARITY Kp_ori=100.000 100.000 100.000
PARITY Kd_ori=10.000 10.000 10.000
PARITY Kp_foot=550.000 550.000 550.000
PARITY Kd_foot=10.000 10.000 10.000
PARITY Kp_joint=5.000 5.000 5.000
PARITY Kd_joint=3.000 3.000 3.000
PARITY floating_base_weight=50.000
PARITY control_mode=5.000
[HumanoidEnv] Reset state env_id=0 z=0.310 rpy=[0.002, -0.001, 0.000]
----------------------------------------------------
| rollout/                          |              |
|    action_saturation_fraction     | 0            |
|    ep_len_mean                    | 851          |
|    ep_rew_mean                    | 563          |
|    episodes_noforce               | 169          |
|    force_direction_mean           | -1           |
|    force_onset_mean               | 1.37         |
|    force_requested_impulse_mean   | 0            |
|    is_fall_mean                   | 0.396        |
|    is_timeout_mean                | 0.604        |
|    recovery_noforce               | 0.604        |
|    timeout_without_onset_fraction | 0            |
|    timeouts                       | 102          |
| time/                             |              |
|    fps                            | 2145         |
|    iterations                     | 149          |
|    time_elapsed                   | 9101         |
|    total_timesteps                | 19529728     |
| train/                            |              |
|    action_std_00                  | 0.052        |
|    action_std_01                  | 0.0519       |
|    action_std_02                  | 0.052        |
|    action_std_03                  | 0.0519       |
|    action_std_04                  | 0.052        |
|    action_std_05                  | 0.052        |
|    action_std_06                  | 0.0519       |
|    action_std_07                  | 0.0519       |
|    action_std_08                  | 0.0519       |
|    action_std_09                  | 0.052        |
|    action_std_10                  | 0.0519       |
|    action_std_11                  | 0.0519       |
|    action_std_12                  | 0.0518       |
|    action_std_13                  | 0.0519       |
|    action_std_14                  | 0.0519       |
|    action_std_15                  | 0.0518       |
|    action_std_16                  | 0.052        |
|    action_std_17                  | 0.0519       |
|    action_std_18                  | 0.0518       |
|    action_std_19                  | 0.052        |
|    action_std_20                  | 0.0519       |
|    action_std_21                  | 0.0519       |
|    action_std_22                  | 0.052        |
|    action_std_23                  | 0.0519       |
|    action_std_24                  | 0.052        |
|    approx_kl                      | 0.0013299764 |
|    clip_fraction                  | 0.0345       |
|    clip_range                     | 0.1          |
|    clip_range_vf                  | 0.2          |
|    entropy_loss                   | 38.5         |
|    explained_variance             | 0.879        |
|    learning_rate                  | 1e-06        |
|    loss                           | 0.934        |
|    n_updates                      | 1480         |
|    policy_gradient_loss           | -0.00266     |
|    std                            | 0.0519       |
|    std_max                        | 0.052        |
|    std_min                        | 0.0518       |
|    value_loss                     | 0.489        |
----------------------------------------------------
----------------------------------------------------
| rollout/                          |              |
|    action_saturation_fraction     | 0            |
|    ep_len_mean                    | 778          |
|    ep_rew_mean                    | 513          |
|    episodes_noforce               | 160          |
|    force_direction_mean           | -1           |
|    force_onset_mean               | 1.4          |
|    force_requested_impulse_mean   | 0            |
|    is_fall_mean                   | 0.463        |
|    is_timeout_mean                | 0.537        |
|    recovery_noforce               | 0.537        |
|    timeout_without_onset_fraction | 0            |
|    timeouts                       | 86           |
| time/                             |              |
|    fps                            | 2145         |
|    iterations                     | 150          |
|    time_elapsed                   | 9162         |
|    total_timesteps                | 19660800     |
| train/                            |              |
|    action_std_00                  | 0.052        |
|    action_std_01                  | 0.0519       |
|    action_std_02                  | 0.052        |
|    action_std_03                  | 0.0519       |
|    action_std_04                  | 0.052        |
|    action_std_05                  | 0.052        |
|    action_std_06                  | 0.0519       |
|    action_std_07                  | 0.052        |
|    action_std_08                  | 0.052        |
|    action_std_09                  | 0.052        |
|    action_std_10                  | 0.0519       |
|    action_std_11                  | 0.0519       |
|    action_std_12                  | 0.0519       |
|    action_std_13                  | 0.052        |
|    action_std_14                  | 0.0519       |
|    action_std_15                  | 0.0519       |
|    action_std_16                  | 0.052        |
|    action_std_17                  | 0.0519       |
|    action_std_18                  | 0.0519       |
|    action_std_19                  | 0.052        |
|    action_std_20                  | 0.052        |
|    action_std_21                  | 0.0519       |
|    action_std_22                  | 0.052        |
|    action_std_23                  | 0.0519       |
|    action_std_24                  | 0.052        |
|    approx_kl                      | 0.0012754345 |
|    clip_fraction                  | 0.0305       |
|    clip_range                     | 0.1          |
|    clip_range_vf                  | 0.2          |
|    entropy_loss                   | 38.5         |
|    explained_variance             | 0.869        |
|    learning_rate                  | 1e-06        |
|    loss                           | 0.803        |
|    n_updates                      | 1490         |
|    policy_gradient_loss           | -0.00237     |
|    std                            | 0.0519       |
|    std_max                        | 0.052        |
|    std_min                        | 0.0519       |
|    value_loss                     | 0.493        |
----------------------------------------------------
PARITY max_torque=23.700 23.700 45.430
PARITY contact_mu=0.450
PARITY body_height=0.320
PARITY Kp_body=100.000 100.000 100.000
PARITY Kd_body=30.000 30.000 30.000
PARITY Kp_ori=100.000 100.000 100.000
PARITY Kd_ori=10.000 10.000 10.000
PARITY Kp_foot=550.000 550.000 550.000
PARITY Kd_foot=10.000 10.000 10.000
PARITY Kp_joint=5.000 5.000 5.000
PARITY Kd_joint=3.000 3.000 3.000
PARITY floating_base_weight=50.000
PARITY control_mode=5.000
[HumanoidEnv] Reset state env_id=0 z=0.299 rpy=[-0.001, -0.001, 0.000]
----------------------------------------------------
| rollout/                          |              |
|    action_saturation_fraction     | 0            |
|    ep_len_mean                    | 874          |
|    ep_rew_mean                    | 580          |
|    episodes_noforce               | 153          |
|    force_direction_mean           | -1           |
|    force_onset_mean               | 1.39         |
|    force_requested_impulse_mean   | 0            |
|    is_fall_mean                   | 0.379        |
|    is_timeout_mean                | 0.621        |
|    recovery_noforce               | 0.621        |
|    timeout_without_onset_fraction | 0            |
|    timeouts                       | 95           |
| time/                             |              |
|    fps                            | 2145         |
|    iterations                     | 151          |
|    time_elapsed                   | 9223         |
|    total_timesteps                | 19791872     |
| train/                            |              |
|    action_std_00                  | 0.052        |
|    action_std_01                  | 0.052        |
|    action_std_02                  | 0.052        |
|    action_std_03                  | 0.0519       |
|    action_std_04                  | 0.052        |
|    action_std_05                  | 0.052        |
|    action_std_06                  | 0.0519       |
|    action_std_07                  | 0.052        |
|    action_std_08                  | 0.052        |
|    action_std_09                  | 0.052        |
|    action_std_10                  | 0.0519       |
|    action_std_11                  | 0.0519       |
|    action_std_12                  | 0.0519       |
|    action_std_13                  | 0.052        |
|    action_std_14                  | 0.0519       |
|    action_std_15                  | 0.0519       |
|    action_std_16                  | 0.052        |
|    action_std_17                  | 0.0519       |
|    action_std_18                  | 0.0519       |
|    action_std_19                  | 0.0521       |
|    action_std_20                  | 0.052        |
|    action_std_21                  | 0.052        |
|    action_std_22                  | 0.052        |
|    action_std_23                  | 0.0519       |
|    action_std_24                  | 0.052        |
|    approx_kl                      | 0.0013021512 |
|    clip_fraction                  | 0.0313       |
|    clip_range                     | 0.1          |
|    clip_range_vf                  | 0.2          |
|    entropy_loss                   | 38.5         |
|    explained_variance             | 0.87         |
|    learning_rate                  | 1e-06        |
|    loss                           | 0.879        |
|    n_updates                      | 1500         |
|    policy_gradient_loss           | -0.00241     |
|    std                            | 0.052        |
|    std_max                        | 0.0521       |
|    std_min                        | 0.0519       |
|    value_loss                     | 0.537        |
----------------------------------------------------
[HumanoidEnv] unhealthy terminate at step=477 z=0.199795 rpy=[2.39044, 0.0802804, -0.342108] v_body=[0.0405418, -0.523185, 1.40046]
PARITY max_torque=23.700 23.700 45.430
PARITY contact_mu=0.450
PARITY body_height=0.320
PARITY Kp_body=100.000 100.000 100.000
PARITY Kd_body=30.000 30.000 30.000
PARITY Kp_ori=100.000 100.000 100.000
PARITY Kd_ori=10.000 10.000 10.000
PARITY Kp_foot=550.000 550.000 550.000
PARITY Kd_foot=10.000 10.000 10.000
PARITY Kp_joint=5.000 5.000 5.000
PARITY Kd_joint=3.000 3.000 3.000
PARITY floating_base_weight=50.000
PARITY control_mode=5.000
[HumanoidEnv] Reset state env_id=0 z=0.282 rpy=[0.002, -0.001, 0.001]
----------------------------------------------------
| rollout/                          |              |
|    action_saturation_fraction     | 0            |
|    ep_len_mean                    | 865          |
|    ep_rew_mean                    | 572          |
|    episodes_noforce               | 155          |
|    force_direction_mean           | -1           |
|    force_onset_mean               | 1.4          |
|    force_requested_impulse_mean   | 0            |
|    is_fall_mean                   | 0.413        |
|    is_timeout_mean                | 0.587        |
|    recovery_noforce               | 0.587        |
|    timeout_without_onset_fraction | 0            |
|    timeouts                       | 91           |
| time/                             |              |
|    fps                            | 2145         |
|    iterations                     | 152          |
|    time_elapsed                   | 9285         |
|    total_timesteps                | 19922944     |
| train/                            |              |
|    action_std_00                  | 0.0521       |
|    action_std_01                  | 0.052        |
|    action_std_02                  | 0.0521       |
|    action_std_03                  | 0.0519       |
|    action_std_04                  | 0.052        |
|    action_std_05                  | 0.052        |
|    action_std_06                  | 0.0519       |
|    action_std_07                  | 0.052        |
|    action_std_08                  | 0.052        |
|    action_std_09                  | 0.052        |
|    action_std_10                  | 0.0519       |
|    action_std_11                  | 0.052        |
|    action_std_12                  | 0.0519       |
|    action_std_13                  | 0.052        |
|    action_std_14                  | 0.052        |
|    action_std_15                  | 0.0519       |
|    action_std_16                  | 0.052        |
|    action_std_17                  | 0.052        |
|    action_std_18                  | 0.0519       |
|    action_std_19                  | 0.0521       |
|    action_std_20                  | 0.052        |
|    action_std_21                  | 0.052        |
|    action_std_22                  | 0.052        |
|    action_std_23                  | 0.0519       |
|    action_std_24                  | 0.052        |
|    approx_kl                      | 0.0012088944 |
|    clip_fraction                  | 0.0266       |
|    clip_range                     | 0.1          |
|    clip_range_vf                  | 0.2          |
|    entropy_loss                   | 38.5         |
|    explained_variance             | 0.873        |
|    learning_rate                  | 1e-06        |
|    loss                           | 0.798        |
|    n_updates                      | 1510         |
|    policy_gradient_loss           | -0.00237     |
|    std                            | 0.052        |
|    std_max                        | 0.0521       |
|    std_min                        | 0.0519       |
|    value_loss                     | 0.439        |
----------------------------------------------------
INFO:root:VecNormalize statistics saved at: ./data/delta/quadruped_ppo_model_ckpt_20001280_vecnormalize.pkl
INFO:root:Model saved at: ./data/delta/quadruped_ppo_model_ckpt_20001280.zip
INFO:root:Checkpoint written at 20001280 timesteps
[HumanoidEnv] unhealthy terminate at step=736 z=0.191856 rpy=[-2.04845, -0.323432, -0.219234] v_body=[0.856333, -1.77939, -0.542033]
PARITY max_torque=23.700 23.700 45.430
PARITY contact_mu=0.450
PARITY body_height=0.320
PARITY Kp_body=100.000 100.000 100.000
PARITY Kd_body=30.000 30.000 30.000
PARITY Kp_ori=100.000 100.000 100.000
PARITY Kd_ori=10.000 10.000 10.000
PARITY Kp_foot=550.000 550.000 550.000
PARITY Kd_foot=10.000 10.000 10.000
PARITY Kp_joint=5.000 5.000 5.000
PARITY Kd_joint=3.000 3.000 3.000
PARITY floating_base_weight=50.000
PARITY control_mode=5.000
[HumanoidEnv] Reset state env_id=0 z=0.275 rpy=[-0.000, 0.001, 0.001]
----------------------------------------------------
| rollout/                          |              |
|    action_saturation_fraction     | 0            |
|    ep_len_mean                    | 841          |
|    ep_rew_mean                    | 558          |
|    episodes_noforce               | 167          |
|    force_direction_mean           | -1           |
|    force_onset_mean               | 1.39         |
|    force_requested_impulse_mean   | 0            |
|    is_fall_mean                   | 0.455        |
|    is_timeout_mean                | 0.545        |
|    recovery_noforce               | 0.545        |
|    timeout_without_onset_fraction | 0            |
|    timeouts                       | 91           |
| time/                             |              |
|    fps                            | 2145         |
|    iterations                     | 153          |
|    time_elapsed                   | 9346         |
|    total_timesteps                | 20054016     |
| train/                            |              |
|    action_std_00                  | 0.0521       |
|    action_std_01                  | 0.052        |
|    action_std_02                  | 0.0521       |
|    action_std_03                  | 0.0519       |
|    action_std_04                  | 0.052        |
|    action_std_05                  | 0.052        |
|    action_std_06                  | 0.0519       |
|    action_std_07                  | 0.052        |
|    action_std_08                  | 0.052        |
|    action_std_09                  | 0.052        |
|    action_std_10                  | 0.0519       |
|    action_std_11                  | 0.052        |
|    action_std_12                  | 0.0519       |
|    action_std_13                  | 0.052        |
|    action_std_14                  | 0.052        |
|    action_std_15                  | 0.0519       |
|    action_std_16                  | 0.052        |
|    action_std_17                  | 0.052        |
|    action_std_18                  | 0.0519       |
|    action_std_19                  | 0.0521       |
|    action_std_20                  | 0.052        |
|    action_std_21                  | 0.052        |
|    action_std_22                  | 0.0521       |
|    action_std_23                  | 0.0519       |
|    action_std_24                  | 0.052        |
|    approx_kl                      | 0.0012367215 |
|    clip_fraction                  | 0.0283       |
|    clip_range                     | 0.1          |
|    clip_range_vf                  | 0.2          |
|    entropy_loss                   | 38.4         |
|    explained_variance             | 0.871        |
|    learning_rate                  | 1e-06        |
|    loss                           | 0.947        |
|    n_updates                      | 1520         |
|    policy_gradient_loss           | -0.00233     |
|    std                            | 0.052        |
|    std_max                        | 0.0521       |
|    std_min                        | 0.0519       |
|    value_loss                     | 0.538        |
----------------------------------------------------
INFO:root:VecNormalize statistics saved at: ./data/delta/quadruped_ppo_model_vecnormalize.pkl
INFO:root:Model saved at: ./data/delta/quadruped_ppo_model.zip
INFO:root:Model saved at: ./data/delta/quadruped_ppo_model.zip
INFO:root:Training complete.
PARITY max_torque=23.700 23.700 45.430
PARITY contact_mu=0.450
PARITY body_height=0.320
PARITY Kp_body=100.000 100.000 100.000
PARITY Kd_body=30.000 30.000 30.000
PARITY Kp_ori=100.000 100.000 100.000
PARITY Kd_ori=10.000 10.000 10.000
PARITY Kp_foot=550.000 550.000 550.000
PARITY Kd_foot=10.000 10.000 10.000
PARITY Kp_joint=5.000 5.000 5.000
PARITY Kd_joint=3.000 3.000 3.000
PARITY floating_base_weight=50.000
PARITY control_mode=5.000
[HumanoidEnv] Reset state env_id=0 z=0.284 rpy=[-0.002, -0.001, 0.001]
[HumanoidEnv] unhealthy terminate at step=267 z=0.194227 rpy=[-1.97058, 0.161136, -2.7154] v_body=[-1.81324, 0.0481245, 0.379654]
PARITY max_torque=23.700 23.700 45.430
PARITY contact_mu=0.450
PARITY body_height=0.320
PARITY Kp_body=100.000 100.000 100.000
PARITY Kd_body=30.000 30.000 30.000
PARITY Kp_ori=100.000 100.000 100.000
PARITY Kd_ori=10.000 10.000 10.000
PARITY Kp_foot=550.000 550.000 550.000
PARITY Kd_foot=10.000 10.000 10.000
PARITY Kp_joint=5.000 5.000 5.000
PARITY Kd_joint=3.000 3.000 3.000
PARITY floating_base_weight=50.000
PARITY control_mode=5.000
[HumanoidEnv] Reset state env_id=0 z=0.314 rpy=[0.001, -0.001, -0.000]
EnvPool Evaluation - Humanoid-v4
Mean Reward: 595.96 +/- 171.15
Function main took 9542.66 seconds to run.
cleanupHardware(SIM): Cleaning up hardware components...
cleanupHardware(SIM): Cleaning up hardware components...
cleanupHardware(SIM): Cleaning up hardware components...
cleanupHardware(SIM): Cleaning up hardware components...
cleanupHardware(SIM): Cleaning up hardware components...
cleanupHardware(SIM): Cleaning up hardware components...
cleanupHardware(SIM): Cleaning up hardware components...
cleanupHardware(SIM): Cleaning up hardware components...
cleanupHardware(SIM): Cleaning up hardware components...
cleanupHardware(SIM): Cleaning up hardware components...
cleanupHardware(SIM): Cleaning up hardware components...
cleanupHardware(SIM): Cleaning up hardware components...
cleanupHardware(SIM): Cleaning up hardware components...
cleanupHardware(SIM): Cleaning up hardware components...
cleanupHardware(SIM): Cleaning up hardware components...
cleanupHardware(SIM): Cleaning up hardware components...
cleanupHardware(SIM): Cleaning up hardware components...
cleanupHardware(SIM): Cleaning up hardware components...
cleanupHardware(SIM): Cleaning up hardware components...
cleanupHardware(SIM): Cleaning up hardware components...
cleanupHardware(SIM): Cleaning up hardware components...
cleanupHardware(SIM): Cleaning up hardware components...
cleanupHardware(SIM): Cleaning up hardware components...
cleanupHardware(SIM): Cleaning up hardware components...
cleanupHardware(SIM): Cleaning up hardware components...
cleanupHardware(SIM): Cleaning up hardware components...
cleanupHardware(SIM): Cleaning up hardware components...
cleanupHardware(SIM): Cleaning up hardware components...
cleanupHardware(SIM): Cleaning up hardware components...
cleanupHardware(SIM): Cleaning up hardware components...
cleanupHardware(SIM): Cleaning up hardware components...
cleanupHardware(SIM): Cleaning up hardware components...
cleanupHardware(SIM): Cleaning up hardware components...
cleanupHardware(SIM): Cleaning up hardware components...
cleanupHardware(SIM): Cleaning up hardware components...
cleanupHardware(SIM): Cleaning up hardware components...
cleanupHardware(SIM): Cleaning up hardware components...
cleanupHardware(SIM): Cleaning up hardware components...
cleanupHardware(SIM): Cleaning up hardware components...
cleanupHardware(SIM): Cleaning up hardware components...
cleanupHardware(SIM): Cleaning up hardware components...
cleanupHardware(SIM): Cleaning up hardware components...
cleanupHardware(SIM): Cleaning up hardware components...
cleanupHardware(SIM): Cleaning up hardware components...
cleanupHardware(SIM): Cleaning up hardware components...
cleanupHardware(SIM): Cleaning up hardware components...
cleanupHardware(SIM): Cleaning up hardware components...
cleanupHardware(SIM): Cleaning up hardware components...
cleanupHardware(SIM): Cleaning up hardware components...
cleanupHardware(SIM): Cleaning up hardware components...
cleanupHardware(SIM): Cleaning up hardware components...
cleanupHardware(SIM): Cleaning up hardware components...
cleanupHardware(SIM): Cleaning up hardware components...
cleanupHardware(SIM): Cleaning up hardware components...
cleanupHardware(SIM): Cleaning up hardware components...
cleanupHardware(SIM): Cleaning up hardware components...
cleanupHardware(SIM): Cleaning up hardware components...
cleanupHardware(SIM): Cleaning up hardware components...
cleanupHardware(SIM): Cleaning up hardware components...
cleanupHardware(SIM): Cleaning up hardware components...
cleanupHardware(SIM): Cleaning up hardware components...
cleanupHardware(SIM): Cleaning up hardware components...
cleanupHardware(SIM): Cleaning up hardware components...
cleanupHardware(SIM): Cleaning up hardware components...
cleanupHardware(SIM): Cleaning up hardware components...
cleanupHardware(SIM): Cleaning up hardware components...
cleanupHardware(SIM): Cleaning up hardware components...
cleanupHardware(SIM): Cleaning up hardware components...
cleanupHardware(SIM): Cleaning up hardware components...
cleanupHardware(SIM): Cleaning up hardware components...
cleanupHardware(SIM): Cleaning up hardware components...
cleanupHardware(SIM): Cleaning up hardware components...
cleanupHardware(SIM): Cleaning up hardware components...
cleanupHardware(SIM): Cleaning up hardware components...
cleanupHardware(SIM): Cleaning up hardware components...
cleanupHardware(SIM): Cleaning up hardware components...
cleanupHardware(SIM): Cleaning up hardware components...
cleanupHardware(SIM): Cleaning up hardware components...
cleanupHardware(SIM): Cleaning up hardware components...
cleanupHardware(SIM): Cleaning up hardware components...
cleanupHardware(SIM): Cleaning up hardware components...
cleanupHardware(SIM): Cleaning up hardware components...
cleanupHardware(SIM): Cleaning up hardware components...
cleanupHardware(SIM): Cleaning up hardware components...
cleanupHardware(SIM): Cleaning up hardware components...
cleanupHardware(SIM): Cleaning up hardware components...
cleanupHardware(SIM): Cleaning up hardware components...
cleanupHardware(SIM): Cleaning up hardware components...
cleanupHardware(SIM): Cleaning up hardware components...
cleanupHardware(SIM): Cleaning up hardware components...
cleanupHardware(SIM): Cleaning up hardware components...
cleanupHardware(SIM): Cleaning up hardware components...
cleanupHardware(SIM): Cleaning up hardware components...
cleanupHardware(SIM): Cleaning up hardware components...
cleanupHardware(SIM): Cleaning up hardware components...
cleanupHardware(SIM): Cleaning up hardware components...
cleanupHardware(SIM): Cleaning up hardware components...
cleanupHardware(SIM): Cleaning up hardware components...
cleanupHardware(SIM): Cleaning up hardware components...
cleanupHardware(SIM): Cleaning up hardware components...
cleanupHardware(SIM): Cleaning up hardware components...
cleanupHardware(SIM): Cleaning up hardware components...
cleanupHardware(SIM): Cleaning up hardware components...
cleanupHardware(SIM): Cleaning up hardware components...
cleanupHardware(SIM): Cleaning up hardware components...
cleanupHardware(SIM): Cleaning up hardware components...
cleanupHardware(SIM): Cleaning up hardware components...
cleanupHardware(SIM): Cleaning up hardware components...
cleanupHardware(SIM): Cleaning up hardware components...
cleanupHardware(SIM): Cleaning up hardware components...
cleanupHardware(SIM): Cleaning up hardware components...
cleanupHardware(SIM): Cleaning up hardware components...
cleanupHardware(SIM): Cleaning up hardware components...
cleanupHardware(SIM): Cleaning up hardware components...
cleanupHardware(SIM): Cleaning up hardware components...
cleanupHardware(SIM): Cleaning up hardware components...
cleanupHardware(SIM): Cleaning up hardware components...
cleanupHardware(SIM): Cleaning up hardware components...
cleanupHardware(SIM): Cleaning up hardware components...
cleanupHardware(SIM): Cleaning up hardware components...
cleanupHardware(SIM): Cleaning up hardware components...
cleanupHardware(SIM): Cleaning up hardware components...
cleanupHardware(SIM): Cleaning up hardware components...
cleanupHardware(SIM): Cleaning up hardware components...
cleanupHardware(SIM): Cleaning up hardware components...
cleanupHardware(SIM): Cleaning up hardware components...
cleanupHardware(SIM): Cleaning up hardware components...
cleanupHardware(SIM): Cleaning up hardware components...
cleanupHardware(SIM): Cleaning up hardware components...
cleanupHardware(SIM): Cleaning up hardware components...
cleanupHardware(SIM): Cleaning up hardware components...
cleanupHardware(SIM): Cleaning up hardware components...
cleanupHardware(SIM): Cleaning up hardware components...
cleanupHardware(SIM): Cleaning up hardware components...
cleanupHardware(SIM): Cleaning up hardware components...
cleanupHardware(SIM): Cleaning up hardware components...
cleanupHardware(SIM): Cleaning up hardware components...
cleanupHardware(SIM): Cleaning up hardware components...
cleanupHardware(SIM): Cleaning up hardware components...
cleanupHardware(SIM): Cleaning up hardware components...
cleanupHardware(SIM): Cleaning up hardware components...
cleanupHardware(SIM): Cleaning up hardware components...
cleanupHardware(SIM): Cleaning up hardware components...
cleanupHardware(SIM): Cleaning up hardware components...
cleanupHardware(SIM): Cleaning up hardware components...
cleanupHardware(SIM): Cleaning up hardware components...
cleanupHardware(SIM): Cleaning up hardware components...
cleanupHardware(SIM): Cleaning up hardware components...
cleanupHardware(SIM): Cleaning up hardware components...
cleanupHardware(SIM): Cleaning up hardware components...
cleanupHardware(SIM): Cleaning up hardware components...
cleanupHardware(SIM): Cleaning up hardware components...
cleanupHardware(SIM): Cleaning up hardware components...
cleanupHardware(SIM): Cleaning up hardware components...
cleanupHardware(SIM): Cleaning up hardware components...
cleanupHardware(SIM): Cleaning up hardware components...
cleanupHardware(SIM): Cleaning up hardware components...
cleanupHardware(SIM): Cleaning up hardware components...
cleanupHardware(SIM): Cleaning up hardware components...
cleanupHardware(SIM): Cleaning up hardware components...
cleanupHardware(SIM): Cleaning up hardware components...
cleanupHardware(SIM): Cleaning up hardware components...
cleanupHardware(SIM): Cleaning up hardware components...
cleanupHardware(SIM): Cleaning up hardware components...
cleanupHardware(SIM): Cleaning up hardware components...
cleanupHardware(SIM): Cleaning up hardware components...
cleanupHardware(SIM): Cleaning up hardware components...
cleanupHardware(SIM): Cleaning up hardware components...
cleanupHardware(SIM): Cleaning up hardware components...
cleanupHardware(SIM): Cleaning up hardware components...
cleanupHardware(SIM): Cleaning up hardware components...
cleanupHardware(SIM): Cleaning up hardware components...
cleanupHardware(SIM): Cleaning up hardware components...
cleanupHardware(SIM): Cleaning up hardware components...
cleanupHardware(SIM): Cleaning up hardware components...
cleanupHardware(SIM): Cleaning up hardware components...
cleanupHardware(SIM): Cleaning up hardware components...
cleanupHardware(SIM): Cleaning up hardware components...
cleanupHardware(SIM): Cleaning up hardware components...
cleanupHardware(SIM): Cleaning up hardware components...
cleanupHardware(SIM): Cleaning up hardware components...
cleanupHardware(SIM): Cleaning up hardware components...
cleanupHardware(SIM): Cleaning up hardware components...
cleanupHardware(SIM): Cleaning up hardware components...
cleanupHardware(SIM): Cleaning up hardware components...
cleanupHardware(SIM): Cleaning up hardware components...
cleanupHardware(SIM): Cleaning up hardware components...
cleanupHardware(SIM): Cleaning up hardware components...
cleanupHardware(SIM): Cleaning up hardware components...
cleanupHardware(SIM): Cleaning up hardware components...
cleanupHardware(SIM): Cleaning up hardware components...
cleanupHardware(SIM): Cleaning up hardware components...
cleanupHardware(SIM): Cleaning up hardware components...
cleanupHardware(SIM): Cleaning up hardware components...
cleanupHardware(SIM): Cleaning up hardware components...
cleanupHardware(SIM): Cleaning up hardware components...
cleanupHardware(SIM): Cleaning up hardware components...
cleanupHardware(SIM): Cleaning up hardware components...
cleanupHardware(SIM): Cleaning up hardware components...
cleanupHardware(SIM): Cleaning up hardware components...
cleanupHardware(SIM): Cleaning up hardware components...
cleanupHardware(SIM): Cleaning up hardware components...
cleanupHardware(SIM): Cleaning up hardware components...
cleanupHardware(SIM): Cleaning up hardware components...
cleanupHardware(SIM): Cleaning up hardware components...
cleanupHardware(SIM): Cleaning up hardware components...
cleanupHardware(SIM): Cleaning up hardware components...
cleanupHardware(SIM): Cleaning up hardware components...
cleanupHardware(SIM): Cleaning up hardware components...
cleanupHardware(SIM): Cleaning up hardware components...
cleanupHardware(SIM): Cleaning up hardware components...
cleanupHardware(SIM): Cleaning up hardware components...
cleanupHardware(SIM): Cleaning up hardware components...
cleanupHardware(SIM): Cleaning up hardware components...
cleanupHardware(SIM): Cleaning up hardware components...
cleanupHardware(SIM): Cleaning up hardware components...
cleanupHardware(SIM): Cleaning up hardware components...
cleanupHardware(SIM): Cleaning up hardware components...
cleanupHardware(SIM): Cleaning up hardware components...
cleanupHardware(SIM): Cleaning up hardware components...
cleanupHardware(SIM): Cleaning up hardware components...
cleanupHardware(SIM): Cleaning up hardware components...
cleanupHardware(SIM): Cleaning up hardware components...
cleanupHardware(SIM): Cleaning up hardware components...
cleanupHardware(SIM): Cleaning up hardware components...
cleanupHardware(SIM): Cleaning up hardware components...
cleanupHardware(SIM): Cleaning up hardware components...
cleanupHardware(SIM): Cleaning up hardware components...
cleanupHardware(SIM): Cleaning up hardware components...
cleanupHardware(SIM): Cleaning up hardware components...
cleanupHardware(SIM): Cleaning up hardware components...
cleanupHardware(SIM): Cleaning up hardware components...
cleanupHardware(SIM): Cleaning up hardware components...
cleanupHardware(SIM): Cleaning up hardware components...
cleanupHardware(SIM): Cleaning up hardware components...
cleanupHardware(SIM): Cleaning up hardware components...
cleanupHardware(SIM): Cleaning up hardware components...
cleanupHardware(SIM): Cleaning up hardware components...
cleanupHardware(SIM): Cleaning up hardware components...
cleanupHardware(SIM): Cleaning up hardware components...
cleanupHardware(SIM): Cleaning up hardware components...
cleanupHardware(SIM): Cleaning up hardware components...
cleanupHardware(SIM): Cleaning up hardware components...
cleanupHardware(SIM): Cleaning up hardware components...
cleanupHardware(SIM): Cleaning up hardware components...
cleanupHardware(SIM): Cleaning up hardware components...
cleanupHardware(SIM): Cleaning up hardware components...
cleanupHardware(SIM): Cleaning up hardware components...
cleanupHardware(SIM): Cleaning up hardware components...
cleanupHardware(SIM): Cleaning up hardware components...
cleanupHardware(SIM): Cleaning up hardware components...
cleanupHardware(SIM): Cleaning up hardware components...
cleanupHardware(SIM): Cleaning up hardware components...
cleanupHardware(SIM): Cleaning up hardware components...
cleanupHardware(SIM): Cleaning up hardware components...
cleanupHardware(SIM): Cleaning up hardware components...
