train/action_std_03,rollout/episodes_down,train/action_std_04,rollout/ep_rew_mean,time/fps,train/action_std_11,train/action_std_16,train/action_std_12,train/action_std_18,train/action_std_06,train/action_std_21,time/total_timesteps,train/std_min,rollout/force_requested_impulse_mean,train/action_std_01,train/action_std_13,rollout/force_direction_mean,rollout/action_saturation_fraction,rollout/is_timeout_mean,rollout/force_onset_mean,train/action_std_05,rollout/episodes_noforce,rollout/recovery_down,rollout/ep_len_mean,train/action_std_20,rollout/recovery_noforce,train/action_std_24,train/action_std_00,train/action_std_17,train/action_std_14,train/action_std_22,train/action_std_23,time/time_elapsed,train/action_std_10,train/action_std_19,rollout/is_fall_mean,train/action_std_02,train/action_std_07,train/action_std_08,train/action_std_15,time/iterations,train/action_std_09,train/std_max,train/clip_range,rollout/recovery_left,train/approx_kl,rollout/episodes_back,train/learning_rate,rollout/episodes_up,train/loss,train/explained_variance,train/std,rollout/episodes_left,train/entropy_loss,rollout/timeout_without_onset_fraction,rollout/episodes_right,train/clip_range_vf,rollout/recovery_fwd,rollout/episodes_fwd,rollout/recovery_back,rollout/recovery_up,rollout/timeouts,train/clip_fraction,rollout/recovery_right,train/policy_gradient_loss,train/value_loss,train/n_updates
0.04999999701976776,2,0.04999999701976776,84.37496948242188,12552,0.04999999701976776,0.04999999701976776,0.04999999701976776,0.04999999701976776,0.04999999701976776,0.04999999701976776,131072,0.04999999701976776,0.4071451931551597,0.04999999701976776,0.04999999701976776,3.0,0.0,0.0,1.4053333333333342,0.04999999701976776,1,0.0,194.33333333333334,0.04999999701976776,0.0,0.04999999701976776,0.04999999701976776,0.04999999701976776,0.04999999701976776,0.04999999701976776,0.04999999701976776,10,0.04999999701976776,0.04999999701976776,1.0,0.04999999701976776,0.04999999701976776,0.04999999701976776,0.04999999701976776,1,0.04999999701976776,0.04999999701976776,,,,,,,,,,,,,,,,,,,,,,,,
0.05045940726995468,29,0.05042746290564537,741.6671752929688,9216,0.05042540654540062,0.05045469105243683,0.05042146518826485,0.050436925143003464,0.050451889634132385,0.050458889454603195,262144,0.05041533336043358,0.5196885618985158,0.05043477565050125,0.05043474957346916,1.7519685039370079,0.0,1.0,1.403055118110237,0.05043400451540947,48,1.0,1000.0,0.05042117461562157,1.0,0.050441063940525055,0.05044228956103325,0.050432778894901276,0.05045238137245178,0.05046350881457329,0.0504266582429409,28,0.05045526847243309,0.05043235793709755,0.0,0.05044294148683548,0.05045120418071747,0.05042901635169983,0.05041533336043358,2,0.050480861216783524,0.050480861216783524,0.1,1.0,0.0038749343,41,1e-05,39,5.340526580810547,-0.24436521530151367,0.050441060215234756,32,39.304846432805064,0.0,29,0.2,1.0,36,1.0,1.0,254,0.16094589233398438,1.0,-0.0017701901871532756,3.101872181519866,10
0.050849780440330505,,0.05085841566324234,741.556396484375,8674,0.050772614777088165,0.05086769163608551,0.050822146236896515,0.05085911601781845,0.05081530287861824,0.05085329711437225,393216,0.050772614777088165,0.25661372045372605,0.050834737718105316,0.05081450194120407,1.5,0.0,1.0,1.4050000000000011,0.050840675830841064,1,,1000.0,0.050850462168455124,1.0,0.05080505460500717,0.05079067870974541,0.05082777142524719,0.050840023905038834,0.05080533027648926,0.0508427619934082,45,0.05083111301064491,0.050821688026189804,0.0,0.05086713284254074,0.0508711114525795,0.05080274119973183,0.05082126334309578,3,0.05084076151251793,0.0508711114525795,0.1,,0.0031340832,,1e-05,1,3.307403326034546,-1.025883674621582,0.05083225294947624,,39.09288567602634,0.0,,0.2,,,,1.0,2,0.1351959228515625,,-0.0008334688171999005,1.349693928938359,20
0.05123753100633621,50,0.051306843757629395,740.3451538085938,8290,0.051160335540771484,0.051251985132694244,0.05124083161354065,0.05123851075768471,0.05120391398668289,0.05125385522842407,524288,0.051160335540771484,0.51030234632133,0.051201704889535904,0.05120285227894783,1.9645669291338583,0.0,1.0,1.3977322834645678,0.05124794319272041,47,1.0,1000.0,0.051280390471220016,1.0,0.0512651726603508,0.051163434982299805,0.05122038349509239,0.051262155175209045,0.05119597911834717,0.051250018179416656,63,0.05125909671187401,0.05123462527990341,0.0,0.05126465857028961,0.05125626176595688,0.05122716352343559,0.05123913288116455,4,0.05122365802526474,0.051306843757629395,0.1,1.0,0.0031416838,34,1e-05,29,3.111815929412842,-1.75996994972229,0.051235537976026535,28,38.89649963974953,0.0,30,0.2,1.0,36,1.0,1.0,254,0.13429107666015624,1.0,-0.0005999694766614993,1.2474719449877738,30
0.051640525460243225,,0.05169088393449783,740.742919921875,8182,0.05155032128095627,0.05162468180060387,0.05158592760562897,0.05163968726992607,0.051618196070194244,0.05164165794849396,655360,0.05155032128095627,0.3602712917886972,0.05165914446115494,0.05161527916789055,1.5,0.0,1.0,1.4290000000000012,0.05168038234114647,,,1000.0,0.05164126306772232,,0.051655363291502,0.05160549655556679,0.051638003438711166,0.05166035145521164,0.051621679216623306,0.05165652185678482,80,0.05168112367391586,0.051622629165649414,0.0,0.05165541172027588,0.05169800668954849,0.0516255684196949,0.05164797604084015,5,0.05159147456288338,0.05169800668954849,0.1,,0.0030996574,,1e-05,,3.224677562713623,-0.36558735370635986,0.05163790285587311,,38.70063045620918,0.0,1,0.2,1.0,1,,,2,0.13367385864257814,1.0,-0.0009096796060021006,1.3311536532826722,40
0.05201195552945137,31,0.052088163793087006,735.0429077148438,8024,0.05193984881043434,0.052000537514686584,0.05198158323764801,0.052084922790527344,0.05206440016627312,0.052015576511621475,786432,0.05193984881043434,0.9394725548884674,0.052029505372047424,0.0520549900829792,1.6274509803921569,0.0,0.9686274509803922,1.3945254901960795,0.05210329219698906,60,1.0,990.72,0.052076131105422974,0.9833333333333333,0.052104707807302475,0.05203944444656372,0.05204194784164429,0.05206097289919853,0.05202929675579071,0.052122946828603745,97,0.052086349576711655,0.05206488445401192,0.03137254901960784,0.05207820609211922,0.052058082073926926,0.051968932151794434,0.05205226317048073,6,0.05198274925351143,0.052122946828603745,0.1,0.9,0.0031254836,34,1e-05,31,3.2037291526794434,-2.361241102218628,0.05204566568136215,30,38.50332305431366,0.0,34,0.2,0.9714285714285714,35,1.0,1.0,247,0.13397750854492188,0.9117647058823529,-0.000660704947222257,1.299508099630475,50
0.052417293190956116,2,0.052506912499666214,515.2457885742188,7981,0.05233056843280792,0.052392203360795975,0.052383773028850555,0.052520595490932465,0.0524984747171402,0.052417002618312836,917504,0.05233056843280792,1.5667222772048623,0.05242781341075897,0.05243239179253578,2.1555555555555554,0.0,0.044444444444444446,1.322311111111112,0.05249283090233803,1,1.0,705.32,0.05248689651489258,0.0,0.052552737295627594,0.052449531853199005,0.052447255700826645,0.05246072635054588,0.05244824290275574,0.052518755197525024,114,0.05248945206403732,0.05246694013476372,0.9555555555555556,0.05245096981525421,0.05244090408086777,0.05239684879779816,0.052459537982940674,7,0.05235860124230385,0.052552737295627594,0.1,0.0,0.0031496729,3,1e-05,,3.202225923538208,-1.0086865425109863,0.052449893206357956,20,38.31011485159397,0.0,15,0.2,0.0,4,0.0,,2,0.133758544921875,0.0,-0.0011695076121668534,1.3813527153804899,60
0.05285130813717842,25,0.05293145775794983,708.2269287109375,7911,0.05271817371249199,0.05282972753047943,0.05284232646226883,0.05297864228487015,0.05291770398616791,0.052821073681116104,1048576,0.05271817371249199,1.1006279722832075,0.05286720022559166,0.052857961505651474,1.8552036199095023,0.0,0.832579185520362,1.4106606334841638,0.052941933274269104,36,0.96,983.83,0.052922941744327545,1.0,0.05296822264790535,0.052866797894239426,0.05288466066122055,0.05286667123436928,0.052888091653585434,0.05297395586967468,132,0.05290579795837402,0.05288950353860855,0.167420814479638,0.052884623408317566,0.05291350558400154,0.05280619114637375,0.05285574495792389,8,0.05277569591999054,0.05297864228487015,0.1,0.5333333333333333,0.0033207317,32,1e-05,28,2.9491920471191406,-0.5195837020874023,0.052878398448228836,45,38.110878041386606,0.0,29,0.2,0.8461538461538461,26,1.0,0.9642857142857143,184,0.13770904541015624,0.6551724137931034,-0.001965015341738763,1.1019654446281493,70
0.053284648805856705,6,0.05336179584264755,524.538330078125,7888,0.053131621330976486,0.053275033831596375,0.05325278639793396,0.053417522460222244,0.053349658846855164,0.053267478942871094,1179648,0.053131621330976486,1.3573401518890775,0.053294114768505096,0.053260188549757004,2.3205128205128207,0.0,0.47435897435897434,1.382923076923078,0.05338190123438835,4,1.0,734.31,0.05333424359560013,1.0,0.0533660426735878,0.053304776549339294,0.05326882377266884,0.053372595459222794,0.053329095244407654,0.05337931588292122,149,0.05333802103996277,0.05333168804645538,0.5256410256410257,0.053347013890743256,0.053338758647441864,0.05322817340493202,0.053280215710401535,9,0.05318322777748108,0.053417522460222244,0.1,0.11538461538461539,0.003234147,7,1e-05,9,2.973729133605957,-0.6135401725769043,0.05330715328454971,26,37.908239901065826,0.0,20,0.2,0.6666666666666666,6,0.8571428571428571,1.0,37,0.13429412841796876,0.25,-0.0016906194579860312,1.1425351159647108,80
0.05371113494038582,19,0.053762879222631454,711.0179443359375,7845,0.05351001396775246,0.05373229458928108,0.05367197468876839,0.053845953196287155,0.05378725379705429,0.053668443113565445,1310720,0.05351001396775246,1.1025248067120053,0.05375396087765694,0.05367136001586914,1.694300518134715,0.0,0.8031088082901554,1.3924663212435244,0.05380083620548248,38,1.0,985.03,0.05376940593123436,0.9736842105263158,0.05378367751836777,0.05370672792196274,0.05369439721107483,0.053811609745025635,0.05378992110490799,0.05379055067896843,167,0.05377655848860741,0.05371763929724693,0.19689119170984457,0.053785290569067,0.05376864969730377,0.053700633347034454,0.05372241511940956,10,0.053583305329084396,0.053845953196287155,0.1,0.5294117647058824,0.0032094852,19,1e-05,24,2.8881616592407227,-0.366060733795166,0.053732678294181824,34,37.70771813392639,0.0,29,0.2,1.0,30,0.8947368421052632,0.9583333333333334,155,0.13340835571289061,0.3793103448275862,-0.001631367667505401,1.0084908684249967,90
0.05415559187531471,2,0.05421874299645424,554.981201171875,7831,0.053945206105709076,0.054127827286720276,0.054106757044792175,0.05426153168082237,0.05418912321329117,0.05409634858369827,1441792,0.053945206105709076,1.3077778400341464,0.054196279495954514,0.05410265550017357,2.1588785046728973,0.0,0.5607476635514018,1.4132710280373841,0.05423238128423691,9,1.0,780.3,0.05421421676874161,1.0,0.054190464317798615,0.054121579974889755,0.05411361902952194,0.05423976480960846,0.05424864962697029,0.05424513295292854,184,0.05420638620853424,0.05416582152247429,0.4392523364485981,0.05424182116985321,0.0542152114212513,0.05417492613196373,0.05418984591960907,11,0.054009128361940384,0.05426153168082237,0.1,0.375,0.0032613282,11,1e-05,18,2.940908908843994,-0.487826943397522,0.05416836217045784,24,37.50736176669598,0.0,33,0.2,0.9,10,0.8181818181818182,0.7777777777777778,60,0.1343475341796875,0.24242424242424243,-0.001638077479401545,1.0301551542710512,100
0.05456501245498657,13,0.05466732382774353,680.42919921875,7805,0.05439983680844307,0.05456933379173279,0.054555296897888184,0.054707664996385574,0.05464475229382515,0.05452900379896164,1572864,0.05439983680844307,1.0634117426015823,0.054541561752557755,0.05453464388847351,1.8285714285714285,0.0,0.76,1.4037485714285725,0.054639607667922974,34,1.0,953.51,0.05464118346571922,1.0,0.054629240185022354,0.05454065278172493,0.0545426681637764,0.054701339453458786,0.0546564944088459,0.05467288941144943,201,0.05465332791209221,0.054585348814725876,0.24,0.05466573312878609,0.054627612233161926,0.05461672320961952,0.05465149134397507,12,0.05444514751434326,0.054707664996385574,0.1,0.37142857142857144,0.003158987,15,1e-05,27,2.7531144618988037,-0.19167697429656982,0.054599352180957794,35,37.30804580152035,0.0,32,0.2,0.8421052631578947,19,1.0,0.9629629629629629,133,0.129718017578125,0.5,-0.0019077687195931503,0.9157808457966894,110
0.055033210664987564,17,0.0551048219203949,569.2019653320312,7797,0.05485871806740761,0.055054184049367905,0.05501700937747955,0.055193573236465454,0.05509151145815849,0.054982878267765045,1703936,0.05485871806740761,1.1408149891503667,0.05500146746635437,0.05496571958065033,2.2857142857142856,0.0,0.6746031746031746,1.3777142857142868,0.05511617287993431,16,0.9411764705882353,803.58,0.055074308067560196,0.9375,0.05506182461977005,0.05499552935361862,0.05497737228870392,0.05506692826747894,0.05508752167224884,0.055114228278398514,218,0.055031534284353256,0.05503082275390625,0.3253968253968254,0.055118195712566376,0.0550711452960968,0.05506408214569092,0.055087611079216,13,0.05489363893866539,0.055193573236465454,0.1,0.375,0.0032833181,8,1e-05,19,2.7981672286987305,-0.27923083305358887,0.05504376068711281,24,37.10687246322632,0.0,29,0.2,0.8461538461538461,13,1.0,0.9473684210526315,85,0.132537841796875,0.27586206896551724,-0.0015765217776788631,0.8956069020088762,120
0.05549187958240509,20,0.05557204782962799,696.9791259765625,7782,0.055269159376621246,0.05547712743282318,0.055424101650714874,0.05561898276209831,0.055513277649879456,0.055424049496650696,1835008,0.055269159376621246,1.1641598155578414,0.055470649152994156,0.05545458197593689,1.8342857142857143,0.0,0.7714285714285715,1.3796457142857153,0.0555846206843853,29,1.0,968.0,0.05552557483315468,1.0,0.0555029921233654,0.05546070262789726,0.05541490390896797,0.055509716272354126,0.05554736778140068,0.055581267923116684,235,0.05547216907143593,0.055423494428396225,0.22857142857142856,0.05560316517949104,0.055534813553094864,0.05558114871382713,0.05553833767771721,14,0.05534147098660469,0.05561898276209831,0.1,0.4,0.0031900285,19,1e-05,13,2.632676362991333,-0.09922158718109131,0.05549351125955582,25,36.9036723613739,0.0,43,0.2,0.6538461538461539,26,0.9473684210526315,1.0,135,0.13259048461914064,0.6511627906976745,-0.0017357639590500184,0.819145574979484,130
0.05592484027147293,13,0.05604315549135208,581.8087768554688,7774,0.055696211755275726,0.05590221658349037,0.05589114502072334,0.05607985705137253,0.05601320415735245,0.05587721988558769,1966080,0.055696211755275726,1.2975495632443141,0.05591990798711777,0.05588950589299202,1.9841269841269842,0.0,0.6349206349206349,1.3756031746031756,0.05600767582654953,19,1.0,818.28,0.05599770322442055,0.7894736842105263,0.055960237979888916,0.05593245476484299,0.05587209016084671,0.055976543575525284,0.05593746900558472,0.05601085349917412,252,0.05591424182057381,0.055892396718263626,0.36507936507936506,0.05603507161140442,0.05601515620946884,0.056021325290203094,0.0559624545276165,15,0.05576062574982643,0.05607985705137253,0.1,0.4230769230769231,0.0032005645,12,1e-05,11,2.6575918197631836,0.0685662031173706,0.05594134330749512,26,36.701661464571956,0.0,32,0.2,0.5384615384615384,13,1.0,1.0,80,0.13235092163085938,0.34375,-0.00175341561375717,0.7818047849461436,140
0.056368034332990646,22,0.05647159740328789,670.1974487304688,7762,0.05616384744644165,0.056362684816122055,0.05633614957332611,0.05652739107608795,0.05645899474620819,0.05627500265836716,2097152,0.05616384744644165,1.1588070208507573,0.05638531967997551,0.05635150521993637,1.8588235294117648,0.0,0.7823529411764706,1.4131764705882364,0.05646677687764168,23,0.9545454545454546,943.98,0.05643864721059799,1.0,0.05645046383142471,0.05641644820570946,0.05632767826318741,0.05641022324562073,0.056401923298835754,0.05643252655863762,270,0.05633901059627533,0.05633530393242836,0.21764705882352942,0.056495580822229385,0.056473009288311005,0.05647985264658928,0.05644217133522034,16,0.056211281567811966,0.05652739107608795,0.1,0.5714285714285714,0.0032792627,22,1e-05,11,2.523772716522217,0.24246132373809814,0.056392852216959,35,36.50137257575989,0.0,31,0.2,0.7692307692307693,26,0.9090909090909091,0.9090909090909091,133,0.13339157104492189,0.6129032258064516,-0.001930442154116463,0.7015294925309717,150
0.05682503432035446,15,0.05690305680036545,453.7769775390625,7744,0.05657528340816498,0.05678609758615494,0.05680548772215843,0.05700159817934036,0.05684400349855423,0.056717511266469955,2228224,0.05657528340816498,2.0106763830297543,0.05681372433900833,0.05678968504071236,2.2580645161290325,0.0,0.3640552995391705,1.3793732718894018,0.05691870301961899,17,0.8666666666666667,644.44,0.05693621188402176,1.0,0.05691475421190262,0.056858453899621964,0.05677081272006035,0.05681835487484932,0.05688009411096573,0.05689280107617378,287,0.05677901580929756,0.05679412558674812,0.6359447004608295,0.0569395087659359,0.056944601237773895,0.05689643695950508,0.056906748563051224,17,0.056685686111450195,0.05700159817934036,0.1,0.14893617021276595,0.0031333454,19,1e-05,37,2.538137435913086,0.20144015550613403,0.05683991312980652,47,36.30241231918335,0.0,57,0.2,0.32,25,0.5789473684210527,0.32432432432432434,79,0.12927474975585937,0.19298245614035087,-0.0016274662404384798,0.6933578453026712,160
0.057305943220853806,9,0.05740444362163544,398.22039794921875,7731,0.05705244839191437,0.057243674993515015,0.057272616773843765,0.05744229629635811,0.05733243003487587,0.057174742221832275,2359296,0.05705244839191437,2.1993388179850344,0.05725754424929619,0.05727924033999443,2.084507042253521,0.0,0.25821596244131456,1.4053427230046958,0.057409875094890594,10,1.0,576.63,0.05740499123930931,0.9,0.057364121079444885,0.057302076369524,0.057243622839450836,0.057254813611507416,0.05734574422240257,0.057356081902980804,305,0.05724727734923363,0.057303961366415024,0.7417840375586855,0.05739857256412506,0.0574088916182518,0.05736375227570534,0.057372041046619415,18,0.057120662182569504,0.05744229629635811,0.1,0.175,0.003354914,21,1e-05,35,2.5417890548706055,0.3915840983390808,0.05730647221207619,40,36.101903688907626,0.0,56,0.2,0.2857142857142857,42,0.47619047619047616,0.05714285714285714,55,0.13599395751953125,0.10714285714285714,-0.0025646529746154558,0.8156389547511935,170
0.0577550008893013,9,0.057902898639440536,425.5649719238281,7715,0.0575074702501297,0.05771535634994507,0.057767435908317566,0.057943250983953476,0.057787150144577026,0.05765274167060852,2490368,0.0575074702501297,2.140952934206534,0.057718273252248764,0.05774570629000664,2.0714285714285716,0.0,0.2647058823529412,1.3956050420168076,0.05787477269768715,14,1.0,613.54,0.05784785747528076,1.0,0.05781212076544762,0.05774775892496109,0.057669952511787415,0.05773963779211044,0.057826925069093704,0.05788764730095863,322,0.05770371854305267,0.05777418613433838,0.7352941176470589,0.05791716277599335,0.057887397706508636,0.057829104363918304,0.05786222964525223,19,0.05753118172287941,0.057943250983953476,0.1,0.16981132075471697,0.003449394,17,1e-05,39,2.5652084350585938,0.514647901058197,0.057776276022195816,53,35.897221341729164,0.0,61,0.2,0.2222222222222222,45,0.47058823529411764,0.20512820512820512,63,0.1428802490234375,0.08196721311475409,-0.0027080987366389308,0.7696325222495943,180
0.0582294799387455,8,0.058385565876960754,391.7276611328125,7705,0.05798874795436859,0.058168552815914154,0.05825572460889816,0.058419860899448395,0.058239322155714035,0.058106716722249985,2621440,0.05798874795436859,2.112313132519672,0.05816877260804176,0.058232299983501434,2.0904761904761906,0.0,0.2523809523809524,1.3708952380952388,0.05835207179188728,15,1.0,567.75,0.058339159935712814,0.8,0.0583326518535614,0.05823593586683273,0.05816980078816414,0.0582161545753479,0.05831262841820717,0.05828574672341347,340,0.05813494324684143,0.05824682116508484,0.7476190476190476,0.058404333889484406,0.058326393365859985,0.058302607387304306,0.05835816636681557,20,0.058038223534822464,0.058419860899448395,0.1,0.16216216216216217,0.0033311928,19,1e-05,36,2.5657663345336914,0.5898670554161072,0.058250024914741516,37,35.693080350756645,0.0,59,0.2,0.1388888888888889,36,0.6842105263157895,0.1111111111111111,53,0.1358123779296875,0.0847457627118644,-0.002207198260657606,0.7574392650276423,190
0.05872177332639694,14,0.05888977646827698,446.0357360839844,7695,0.058414388447999954,0.05869564041495323,0.05874698981642723,0.05889645963907242,0.05871044471859932,0.058551423251628876,2752512,0.058414388447999954,2.093499830637008,0.05870368704199791,0.05870479345321655,2.186147186147186,0.0,0.27705627705627706,1.379670995670997,0.05883242189884186,16,0.7142857142857143,643.81,0.058841414749622345,0.875,0.0588119737803936,0.05866178125143051,0.05861988291144371,0.0586639940738678,0.05876343697309494,0.05875133350491524,357,0.058610837906599045,0.05875427648425102,0.7229437229437229,0.0588514469563961,0.05876999348402023,0.05879475921392441,0.05883120372891426,21,0.05851586535573006,0.05889645963907242,0.1,0.1276595744680851,0.003383629,17,1e-05,37,2.4847359657287598,0.6177294254302979,0.058724403381347656,47,35.48989149928093,0.0,64,0.2,0.2222222222222222,36,0.4117647058823529,0.24324324324324326,64,0.1388946533203125,0.15625,-0.0020913535181534826,0.7417348046321421,200
0.059171680361032486,14,0.05935744568705559,397.9413146972656,7685,0.05891183763742447,0.05921924114227295,0.059261854737997055,0.05939674377441406,0.0592581108212471,0.059034064412117004,2883584,0.05891183763742447,2.1596432299890482,0.05915604904294014,0.05919318273663521,2.227906976744186,0.0,0.2186046511627907,1.3846604651162802,0.05935261771082878,9,0.8571428571428571,573.17,0.05936409533023834,0.8888888888888888,0.05933333560824394,0.05915229767560959,0.05915302038192749,0.059158265590667725,0.05924830585718155,0.05927571654319763,375,0.05913442000746727,0.05922306701540947,0.7813953488372093,0.05935150012373924,0.05930408835411072,0.05927329882979393,0.05933251231908798,22,0.05902655050158501,0.05939674377441406,0.1,0.058823529411764705,0.0034946012,17,1e-05,32,2.408193349838257,0.6448783874511719,0.05922573059797287,51,35.281268286705014,0.0,57,0.2,0.22857142857142856,35,0.4117647058823529,0.15625,47,0.14166946411132814,0.07017543859649122,-0.002192653756628715,0.7341170680243522,210
0.059632912278175354,11,0.05983578413724899,399.2434387207031,7675,0.059406980872154236,0.05971131473779678,0.05976233258843422,0.059897102415561676,0.05970045551657677,0.059519391506910324,3014656,0.059406980872154236,2.1900663373340477,0.0596550814807415,0.05972380191087723,2.1134453781512605,0.0,0.25630252100840334,1.4081176470588248,0.05987270176410675,18,0.8181818181818182,574.77,0.059841450303792953,0.8888888888888888,0.05980744585394859,0.059565216302871704,0.05966508015990257,0.05966052785515785,0.05976320058107376,0.05978425219655037,392,0.05958422273397446,0.05973859876394272,0.7436974789915967,0.059833332896232605,0.059796568006277084,0.05982346087694168,0.05984717234969139,23,0.05956200882792473,0.059897102415561676,0.1,0.08771929824561403,0.0034568084,19,1e-05,42,2.6055803298950195,0.6601318717002869,0.05971961468458176,57,35.07220532298088,0.0,55,0.2,0.25,36,0.631578947368421,0.16666666666666666,61,0.1430511474609375,0.05454545454545454,-0.002310565407924514,0.7605251164641231,220
0.060140665620565414,7,0.060371920466423035,385.199462890625,7668,0.05990902706980705,0.06020470708608627,0.06024923548102379,0.06038134917616844,0.06016278266906738,0.06000931188464165,3145728,0.05990902706980705,2.297940198371452,0.06015467643737793,0.060161691159009933,2.1277533039647576,0.0,0.18061674008810572,1.3831982378854637,0.06035545468330383,7,1.0,558.66,0.06034785881638527,1.0,0.060317881405353546,0.06003853306174278,0.06019051373004913,0.060161691159009933,0.06023954227566719,0.06023801863193512,410,0.060100261121988297,0.06028235703706741,0.8193832599118943,0.06033577397465706,0.06032101437449455,0.06027130410075188,0.06035301089286804,24,0.060006219893693924,0.06038134917616844,0.1,0.12962962962962962,0.0033471175,16,1e-05,37,2.494234561920166,0.6585655212402344,0.06021219119429588,54,34.865787622332576,0.0,61,0.2,0.13333333333333333,45,0.375,0.13513513513513514,41,0.1355194091796875,0.04918032786885246,-0.0018962387410056182,0.7993073535617441,230
0.06065796688199043,5,0.060826871544122696,394.54351806640625,7663,0.060420647263526917,0.060686852782964706,0.06069204956293106,0.06085965409874916,0.060675397515296936,0.06052744388580322,3276800,0.060420647263526917,2.173393933349974,0.06066761165857315,0.06067921593785286,1.9539170506912442,0.0,0.2350230414746544,1.3871520737327199,0.060841113328933716,14,0.8,577.07,0.06080605089664459,0.8571428571428571,0.060832150280475616,0.0605156384408474,0.060665618628263474,0.060680605471134186,0.060748159885406494,0.06076397746801376,427,0.06063685566186905,0.06073615327477455,0.7649769585253456,0.060806773602962494,0.0608997605741024,0.060827769339084625,0.06082766875624657,25,0.06049317866563797,0.0608997605741024,0.1,0.09375,0.0034669926,17,1e-05,34,2.4163784980773926,0.7049919962882996,0.060711007565259933,64,34.66032302975655,0.0,44,0.2,0.1282051282051282,39,0.6470588235294118,0.2647058823529412,51,0.14212799072265625,0.09090909090909091,-0.0021731253020334405,0.7627773997373879,240
0.06118854135274887,9,0.06130977347493172,430.18218994140625,7656,0.060875777155160904,0.061191532760858536,0.06118905171751976,0.06137228012084961,0.06121668964624405,0.0610455647110939,3407872,0.060875777155160904,2.0712833022045514,0.061193473637104034,0.06113766133785248,2.034934497816594,0.0,0.29694323144104806,1.4029257641921407,0.06141326576471329,24,0.7777777777777778,621.73,0.06126197800040245,0.875,0.06134096160531044,0.06100408732891083,0.061180517077445984,0.061176154762506485,0.0612509660422802,0.06124825030565262,445,0.0611523874104023,0.06124311313033104,0.7030567685589519,0.06133812293410301,0.06140604615211487,0.06131959706544876,0.061364803463220596,26,0.061049554497003555,0.06141326576471329,0.1,0.14285714285714285,0.003444632,11,1e-05,39,2.445613145828247,0.707431435585022,0.061218805611133575,49,34.452989992499354,0.0,60,0.2,0.24324324324324326,37,0.6363636363636364,0.15384615384615385,68,0.14104843139648438,0.18333333333333332,-0.0022420122944822652,0.7133896829094738,250
0.06167571246623993,6,0.06180700287222862,371.92498779296875,7651,0.06135236844420433,0.061706848442554474,0.061711397022008896,0.06191167235374451,0.06173058599233627,0.061545480042696,3538944,0.06135236844420433,2.2301887344524634,0.06171314790844917,0.06166093423962593,2.1792452830188678,0.0,0.21226415094339623,1.3988679245283027,0.061953384429216385,12,1.0,539.29,0.06174249202013016,0.8333333333333334,0.06186946853995323,0.06145874410867691,0.061690110713243484,0.06169814243912697,0.06171107292175293,0.06175440177321434,462,0.06164303421974182,0.06174221262335777,0.7877358490566038,0.06184528395533562,0.06188006326556206,0.06183409318327904,0.06185682862997055,27,0.06150928884744644,0.061953384429216385,0.1,0.03773584905660377,0.0033872707,23,1e-05,36,2.439882755279541,0.7012239694595337,0.06172015145421028,53,34.24689185619354,0.0,57,0.2,0.16,25,0.4782608695652174,0.1111111111111111,45,0.14364166259765626,0.14035087719298245,-0.002011498255251354,0.7406164513900876,260
0.06220231577754021,12,0.06229403242468834,448.8475341796875,7645,0.06185382232069969,0.06220446527004242,0.06223520264029503,0.06241317093372345,0.06228552386164665,0.062079183757305145,3670016,0.06185382232069969,2.124796457098879,0.06227823346853256,0.06222207099199295,2.1121076233183858,0.0,0.30493273542600896,1.3952107623318393,0.06255575269460678,19,1.0,650.92,0.06221942976117134,0.7894736842105263,0.06243970990180969,0.06203557923436165,0.06221909075975418,0.062151141464710236,0.062205903232097626,0.06229385361075401,480,0.062148090451955795,0.062349412590265274,0.695067264573991,0.062345799058675766,0.062327057123184204,0.06232890114188194,0.06235882267355919,28,0.062014464288949966,0.06255575269460678,0.1,0.1590909090909091,0.0034341055,20,1e-05,43,2.429373264312744,0.7092705965042114,0.06224244087934494,44,34.03957822918892,0.0,50,0.2,0.17142857142857143,35,0.55,0.2558139534883721,68,0.14131927490234375,0.12,-0.002212095794311608,0.7405308208428323,270
0.06272955238819122,12,0.06281781196594238,371.4843444824219,7640,0.06237373501062393,0.06269694119691849,0.06269848346710205,0.06293229758739471,0.06277415156364441,0.06262870132923126,3801088,0.06237373501062393,2.190121765574227,0.06278078258037567,0.0627041682600975,2.1650943396226414,0.0,0.22641509433962265,1.3901226415094348,0.06301350891590118,10,0.75,546.87,0.06267717480659485,0.7,0.06290391087532043,0.06250917911529541,0.06272922456264496,0.06267974525690079,0.06276097148656845,0.06285848468542099,497,0.06265494227409363,0.06286182999610901,0.7735849056603774,0.06288954615592957,0.06289543956518173,0.06281592696905136,0.06281699985265732,29,0.06250463426113129,0.06301350891590118,0.1,0.09090909090909091,0.0034739533,14,1e-05,27,2.3653552532196045,0.7431653141975403,0.06274832785129547,55,33.834178319573404,0.0,59,0.2,0.22857142857142856,35,0.5,0.18518518518518517,48,0.1400177001953125,0.11864406779661017,-0.002234971664256591,0.6829370520776138,280
0.06328590214252472,5,0.0633232519030571,391.2055358886719,7634,0.06285741180181503,0.06324023008346558,0.0632174164056778,0.06349921971559525,0.06334813684225082,0.06312847882509232,3932160,0.06285741180181503,2.101272748946327,0.06328073889017105,0.06322682648897171,2.0085470085470085,0.0,0.23076923076923078,1.3977179487179496,0.06348446011543274,20,1.0,575.24,0.06318310648202896,0.9,0.06338626891374588,0.06309868395328522,0.06327740848064423,0.06317619234323502,0.06330989301204681,0.06343232095241547,515,0.0631299838423729,0.06333379447460175,0.7692307692307693,0.06338617950677872,0.06339853256940842,0.06331433355808258,0.06341225653886795,30,0.0630607008934021,0.06349921971559525,0.1,0.0967741935483871,0.0033559916,15,1e-05,35,2.3957459926605225,0.7136996388435364,0.063271664083004,62,33.62834815382958,0.0,62,0.2,0.22857142857142856,35,0.5333333333333333,0.11428571428571428,54,0.14056243896484374,0.08064516129032258,-0.0018688664803448774,0.7576641967985779,290
0.06382410228252411,8,0.06384167075157166,401.6380615234375,7628,0.06338955461978912,0.06379485130310059,0.06366917490959167,0.06405524164438248,0.06389489024877548,0.06367214769124985,4063232,0.06338955461978912,2.1744219929506556,0.06379720568656921,0.0637945905327797,2.0469483568075115,0.0,0.23943661971830985,1.4038215962441323,0.06403487175703049,9,0.75,591.26,0.06372711062431335,0.7777777777777778,0.06397554278373718,0.06357643008232117,0.06374598294496536,0.06370781362056732,0.06381963193416595,0.0639929473400116,532,0.06368477642536163,0.06388133019208908,0.7605633802816901,0.06396064162254333,0.06393980979919434,0.06388165056705475,0.06394676119089127,31,0.06362295150756836,0.06405524164438248,0.1,0.019230769230769232,0.0034356392,17,1e-05,32,2.5218093395233154,0.7403367757797241,0.06380926817655563,52,33.418555575609204,0.0,52,0.2,0.18604651162790697,43,0.7647058823529411,0.28125,51,0.14042510986328124,0.1346153846153846,-0.0022746060049030348,0.7634342523757368,300
0.06435193866491318,8,0.064363032579422,405.5204162597656,7624,0.0638875886797905,0.06433895975351334,0.06418444961309433,0.06455110758543015,0.06441403180360794,0.06419040262699127,4194304,0.0638875886797905,2.1366911204335435,0.06432794779539108,0.06434305757284164,2.0948275862068964,0.0,0.21551724137931033,1.394689655172415,0.064536452293396,14,0.75,589.88,0.06425083428621292,0.9285714285714286,0.0645102858543396,0.06413695216178894,0.06434468179941177,0.06428609043359756,0.06428253650665283,0.06452294439077377,550,0.06420403718948364,0.0644206553697586,0.7844827586206896,0.06450863927602768,0.06450178474187851,0.06439399719238281,0.06449812650680542,32,0.06409259140491486,0.06455110758543015,0.1,0.08771929824561403,0.0034509082,15,1e-05,43,2.3807435035705566,0.7478479743003845,0.06433773040771484,57,33.21010214090347,0.0,53,0.2,0.16666666666666666,42,0.4666666666666667,0.13953488372093023,50,0.14035491943359374,0.11320754716981132,-0.0019013263615988763,0.7571951894089579,310
0.06486143916845322,11,0.06489087641239166,409.86297607421875,7619,0.06445855647325516,0.06489595025777817,0.06468939781188965,0.06508475542068481,0.06492727249860764,0.06478150933980942,4325376,0.06445855647325516,2.2383053934963857,0.06489172577857971,0.06485769897699356,2.144186046511628,0.0,0.23255813953488372,1.3928186046511637,0.06510106474161148,15,0.8181818181818182,598.48,0.06480953097343445,0.9333333333333333,0.06502538174390793,0.06459234654903412,0.06488695740699768,0.06487138569355011,0.06483104079961777,0.06502263247966766,567,0.06474321335554123,0.06492261588573456,0.7674418604651163,0.06508630514144897,0.06504160165786743,0.06489589810371399,0.0650266632437706,33,0.06461657583713531,0.06510106474161148,0.1,0.09302325581395349,0.0033515065,18,1e-05,35,2.330845594406128,0.7685533165931702,0.06487249583005905,43,33.003685957193376,0.0,59,0.2,0.11764705882352941,34,0.4444444444444444,0.17142857142857143,50,0.13727188110351562,0.0847457627118644,-0.0022389712657059136,0.732695926213637,320
0.06543001532554626,11,0.06541893631219864,369.97808837890625,7615,0.06501742452383041,0.0654197633266449,0.06519445776939392,0.06568951159715652,0.06544382125139236,0.06534026563167572,4456448,0.06501742452383041,2.2197654980257178,0.06534720212221146,0.06536658108234406,2.3839662447257384,0.0,0.2616033755274262,1.4043206751054862,0.06566815078258514,10,0.8181818181818182,544.49,0.06535078585147858,0.9,0.06558089703321457,0.06503449380397797,0.06548768281936646,0.06542723625898361,0.06535939872264862,0.0656396821141243,585,0.06529446691274643,0.06547702848911285,0.7383966244725738,0.06562664359807968,0.06558425724506378,0.06546808779239655,0.06555315107107162,34,0.06516734510660172,0.06568951159715652,0.1,0.10909090909090909,0.0034415787,9,1e-05,53,2.3462867736816406,0.7561787366867065,0.06541549414396286,55,32.796038433909416,0.0,63,0.2,0.2222222222222222,36,0.3333333333333333,0.37735849056603776,62,0.1407684326171875,0.1111111111111111,-0.002090909189792001,0.7402166661340743,330
0.06600656360387802,12,0.06595287472009659,417.86834716796875,7613,0.06554669141769409,0.06597793847322464,0.06577997654676437,0.06619129329919815,0.06604187190532684,0.06590359658002853,4587520,0.06554669141769409,2.1410797004381936,0.06590090692043304,0.06596743315458298,2.036363636363636,0.0,0.22727272727272727,1.4072636363636373,0.06627240777015686,16,0.6666666666666666,608.75,0.06592261046171188,0.9375,0.06608524918556213,0.0655738115310669,0.0660552829504013,0.06593354791402817,0.06598802655935287,0.06619817018508911,602,0.0658683106303215,0.06603290885686874,0.7727272727272727,0.06621283292770386,0.06614451855421066,0.06601759046316147,0.06606423109769821,35,0.06570100784301758,0.06627240777015686,0.1,0.1111111111111111,0.0034704653,8,1e-05,36,2.4180474281311035,0.7559555768966675,0.06597359478473663,54,32.5851776689291,0.0,48,0.2,0.13043478260869565,46,0.5,0.19444444444444445,50,0.14297943115234374,0.08333333333333333,-0.002336375725462858,0.7966189946979284,340
0.06659754365682602,3,0.06648802757263184,360.7543029785156,7611,0.06603152304887772,0.06650079041719437,0.06630123406648636,0.06674961745738983,0.06667546927928925,0.06648076325654984,4718592,0.06603152304887772,2.183668575608963,0.06644976884126663,0.06652054935693741,2.1493775933609958,0.0,0.1825726141078838,1.3696763485477188,0.06684718281030655,15,1.0,530.6,0.06649206578731537,0.8,0.06665307283401489,0.06610551476478577,0.06655298918485641,0.06651177257299423,0.06653501093387604,0.06674070656299591,619,0.06638353317975998,0.0665740817785263,0.8174273858921162,0.0667608231306076,0.06672573834657669,0.0666154995560646,0.06663922220468521,36,0.06623896956443787,0.06684718281030655,0.1,0.05454545454545454,0.0034851609,14,1e-05,49,2.341301679611206,0.7523685097694397,0.066526859998703,55,32.37504108548164,0.0,66,0.2,0.1282051282051282,39,0.42857142857142855,0.22448979591836735,44,0.1417205810546875,0.06060606060606061,-0.002440491269589984,0.7792508103419096,350
0.06717389076948166,10,0.06708693504333496,365.8669128417969,7608,0.0666218101978302,0.06709734350442886,0.06684775650501251,0.06730148941278458,0.0671999529004097,0.06700494140386581,4849664,0.0666218101978302,2.1753144013757386,0.06701117753982544,0.06708914041519165,2.1315789473684212,0.0,0.22807017543859648,1.402464912280703,0.06745908409357071,13,0.9,543.13,0.06704188883304596,1.0,0.06724072247743607,0.06670408695936203,0.06709873676300049,0.06705828756093979,0.06709542870521545,0.06731312721967697,637,0.06694396585226059,0.06704273819923401,0.7719298245614035,0.06729521602392197,0.06730126589536667,0.06718859076499939,0.06721726804971695,37,0.06677766889333725,0.06745908409357071,0.1,0.1111111111111111,0.0033888984,13,1e-05,37,2.3230507373809814,0.7788293361663818,0.06708849966526031,63,32.1653861373663,0.0,54,0.2,0.10526315789473684,38,0.23076923076923078,0.21621621621621623,52,0.13365936279296875,0.14814814814814814,-0.0018284362938629783,0.8263613493181765,360
0.0677182674407959,6,0.06769252568483353,412.169677734375,7605,0.0671568363904953,0.06766541302204132,0.06740456819534302,0.06782921403646469,0.06772947311401367,0.06759503483772278,4980736,0.0671568363904953,2.0516316179509495,0.06757055968046188,0.06766233593225479,2.0642201834862384,0.0,0.24311926605504589,1.408788990825689,0.06802773475646973,20,0.8333333333333334,602.13,0.06756103783845901,0.95,0.0678490623831749,0.06723373383283615,0.06760882586240768,0.06764141470193863,0.06767556071281433,0.06782690435647964,654,0.06749176234006882,0.06761284172534943,0.7568807339449541,0.06786663085222244,0.06790634989738464,0.06767577677965164,0.06780505925416946,38,0.06735305488109589,0.06802773475646973,0.1,0.14285714285714285,0.003355871,16,1e-05,33,2.2816669940948486,0.7624051570892334,0.06764639168977737,56,31.95729693174362,0.0,60,0.2,0.1111111111111111,27,0.375,0.24242424242424243,53,0.1379913330078125,0.06666666666666667,-0.0022283455128217612,0.8056654284708202,370
0.06827204674482346,11,0.06821205466985703,431.18634033203125,7601,0.067734494805336,0.06823718547821045,0.06795289367437363,0.06841020286083221,0.0683189108967781,0.06820326298475266,5111808,0.067734494805336,2.234619983406577,0.06809411942958832,0.06824423372745514,2.390697674418605,0.0,0.26046511627906976,1.4100093023255826,0.06856833398342133,9,0.8181818181818182,632.37,0.06810200959444046,1.0,0.0684022605419159,0.06783759593963623,0.06818103790283203,0.0681975856423378,0.06817837059497833,0.06839068233966827,672,0.06808628141880035,0.06813753396272659,0.7395348837209302,0.06849021464586258,0.06853566318750381,0.0682392567396164,0.0683935135602951,39,0.0679531842470169,0.06856833398342133,0.1,0.16666666666666666,0.0033680946,19,1e-05,47,2.2719240188598633,0.7590409517288208,0.06821491569280624,42,31.749171121418478,0.0,59,0.2,0.25,28,0.42105263157894735,0.0425531914893617,56,0.14074554443359374,0.23728813559322035,-0.0022879853016092968,0.7327533165924252,380
0.06879737228155136,14,0.06878295540809631,402.0598449707031,7592,0.06823796778917313,0.06872158497571945,0.06855504214763641,0.06899655610322952,0.06892084330320358,0.06875170767307281,5242880,0.06823796778917313,2.2741243376491522,0.06863906979560852,0.06885232776403427,2.189189189189189,0.0,0.25225225225225223,1.399657657657659,0.06916923820972443,11,0.7142857142857143,592.37,0.0686609074473381,1.0,0.06895942240953445,0.06842726469039917,0.06884203106164932,0.06875152885913849,0.06875891983509064,0.06897468119859695,690,0.06864624470472336,0.06872489303350449,0.7477477477477478,0.06904854625463486,0.06908931583166122,0.06883563101291656,0.06892409920692444,40,0.06847348064184189,0.06916923820972443,0.1,0.1836734693877551,0.0033779116,13,1e-05,40,2.3680174350738525,0.774423360824585,0.06878166645765305,49,31.54159598350525,0.0,52,0.2,0.20930232558139536,43,0.3076923076923077,0.2,56,0.1358245849609375,0.09615384615384616,-0.0020917083817948877,0.7159094713861123,390
0.06936179101467133,11,0.06934177130460739,396.9175109863281,7583,0.06884966790676117,0.06929127871990204,0.06915464252233505,0.06958070397377014,0.06945285201072693,0.06936559826135635,5373952,0.06884966790676117,2.1029119900605124,0.06920374184846878,0.06943351775407791,2.1121495327102804,0.0,0.22897196261682243,1.4034112149532723,0.06979257613420486,12,1.0,582.27,0.06918513774871826,0.8333333333333334,0.06956274062395096,0.06902042776346207,0.06936410814523697,0.06933009624481201,0.06934871524572372,0.06953687220811844,708,0.06925692409276962,0.06927048414945602,0.7710280373831776,0.06959318369626999,0.06965190917253494,0.0694049820303917,0.06947658956050873,41,0.06899285316467285,0.06979257613420486,0.1,0.08928571428571429,0.0034226258,21,1e-05,33,2.131096363067627,0.751114010810852,0.06935292482376099,56,31.334367561340333,0.0,48,0.2,0.12121212121212122,33,0.5238095238095238,0.12121212121212122,49,0.13940582275390626,0.08333333333333333,-0.0021968339937302518,0.7723207580856979,400
0.06993412226438522,9,0.06993844360113144,406.8682556152344,7543,0.06943535804748535,0.06993033736944199,0.069765105843544,0.07016859948635101,0.0700044259428978,0.06992358714342117,5505024,0.06943535804748535,2.1930130999134194,0.0697854682803154,0.07005193829536438,2.0964912280701755,0.0,0.2412280701754386,1.4074298245614045,0.07029939442873001,10,0.8888888888888888,596.84,0.06973481178283691,1.0,0.07014601677656174,0.06961289793252945,0.07001318782567978,0.06988119333982468,0.06997208297252655,0.07008160650730133,729,0.06984198093414307,0.06985082477331161,0.7587719298245614,0.07022888213396072,0.07017699629068375,0.06996462494134903,0.07014039903879166,42,0.06952422857284546,0.07029939442873001,0.1,0.125,0.00347836,20,1e-05,41,2.1546783447265625,0.7685474157333374,0.06993626058101654,56,31.12604417949915,0.0,49,0.2,0.13953488372093023,43,0.4,0.21951219512195122,55,0.14071807861328126,0.14285714285714285,-0.0021742206383351,0.738494582567364,410
0.07052049785852432,6,0.07053866982460022,388.4432678222656,7543,0.07000861316919327,0.0705043226480484,0.07042837142944336,0.07076963782310486,0.07063069194555283,0.0705309510231018,5636096,0.07000861316919327,2.1185366810621864,0.07041342556476593,0.07060954719781876,2.0,0.0,0.26200873362445415,1.3820174672489094,0.07091337442398071,18,0.8333333333333334,573.17,0.07032960653305054,0.9444444444444444,0.07071101665496826,0.07021985948085785,0.07061939686536789,0.07045794278383255,0.07051826268434525,0.0706457644701004,747,0.07040407508611679,0.07040726393461227,0.7379912663755459,0.07080192118883133,0.07075399905443192,0.07054568827152252,0.07075825333595276,43,0.07007958739995956,0.07091337442398071,0.1,0.08928571428571429,0.0033483752,19,1e-05,36,2.378981590270996,0.7728106379508972,0.07052482664585114,56,30.91631360799074,0.0,57,0.2,0.32432432432432434,37,0.42105263157894735,0.2222222222222222,60,0.13649673461914064,0.08771929824561403,-0.00229816115822814,0.7674413048196584,420
0.07114827632904053,12,0.07119735330343246,372.6935119628906,7550,0.07058953493833542,0.07111246138811111,0.07101836055517197,0.0712968111038208,0.0711604431271553,0.07107821851968765,5767168,0.07058953493833542,2.10154692044589,0.07104802876710892,0.07122530043125153,1.9541666666666666,0.0,0.24166666666666667,1.386150000000001,0.07153668254613876,22,0.9166666666666666,553.6,0.07091911882162094,0.8636363636363636,0.07138093560934067,0.07079503685235977,0.07114362716674805,0.07099317014217377,0.07109571248292923,0.07126633822917938,763,0.07105812430381775,0.0709335133433342,0.7583333333333333,0.07140767574310303,0.07136727124452591,0.07118229568004608,0.07132132351398468,44,0.07069090008735657,0.07153668254613876,0.1,0.09836065573770492,0.0033412473,15,1e-05,33,2.4383530616760254,0.7612255215644836,0.07111866772174835,61,30.707097463309765,0.0,54,0.2,0.09302325581395349,43,0.6666666666666666,0.18181818181818182,58,0.13761978149414061,0.037037037037037035,-0.002158248854630074,0.7883157073985785,430
0.0717843696475029,7,0.07179173082113266,435.3603820800781,7541,0.0711505189538002,0.07169488072395325,0.0716804563999176,0.07189781218767166,0.07178830355405807,0.07169828563928604,5898240,0.0711505189538002,2.1972544471572126,0.07161110639572144,0.07179030776023865,2.0341463414634147,0.0,0.25853658536585367,1.4085268292682938,0.07217239588499069,14,0.8571428571428571,646.55,0.07153121381998062,0.9285714285714286,0.07197737693786621,0.07133106887340546,0.0718153864145279,0.07156562060117722,0.0717499777674675,0.07186730206012726,782,0.07169090211391449,0.07151054590940475,0.7414634146341463,0.07207821309566498,0.07197333872318268,0.07178124040365219,0.07193838059902191,45,0.07124058157205582,0.07217239588499069,0.1,0.10204081632653061,0.003446264,18,1e-05,40,2.2292630672454834,0.7709227800369263,0.07172445207834244,49,30.495882250368595,0.0,40,0.2,0.2702702702702703,37,0.5,0.2,53,0.13718948364257813,0.05,-0.0022540716086041357,0.7819742121733725,440
0.07239577919244766,12,0.0724295824766159,368.3586730957031,7536,0.07171963900327682,0.07222127914428711,0.07224179059267044,0.07247959822416306,0.07240693271160126,0.07229873538017273,6029312,0.07171963900327682,2.2195987347354778,0.07222107797861099,0.072428859770298,2.2088888888888887,0.0,0.2222222222222222,1.3922222222222231,0.07284429669380188,13,0.8333333333333334,548.81,0.0721108540892601,0.8461538461538461,0.07261518388986588,0.07195223867893219,0.07241266220808029,0.07216840237379074,0.07239153236150742,0.07247637957334518,800,0.07231001555919647,0.07211600989103317,0.7777777777777778,0.07265730202198029,0.07255256921052933,0.07241538912057877,0.07244314253330231,46,0.0717887356877327,0.07284429669380188,0.1,0.05454545454545454,0.003378801,13,1e-05,42,2.247758388519287,0.781423807144165,0.07232391834259033,55,30.286708420515062,0.0,53,0.2,0.1891891891891892,37,0.38461538461538464,0.11904761904761904,50,0.1391632080078125,0.16981132075471697,-0.0023190997766960207,0.6868579544359819,450
0.07300388813018799,10,0.0730162262916565,387.42218017578125,7545,0.0722772479057312,0.07288340479135513,0.07287869602441788,0.07302965223789215,0.07296861708164215,0.0728750079870224,6160384,0.0722772479057312,2.1935715040161727,0.07285584509372711,0.07294673472642899,2.21875,0.0,0.22767857142857142,1.399642857142858,0.07347603887319565,11,0.8,576.75,0.07267872989177704,1.0,0.07324954122304916,0.07250817865133286,0.07298798114061356,0.07278075814247131,0.0730392336845398,0.07309084385633469,816,0.07292843610048294,0.07267040014266968,0.7723214285714286,0.0733080729842186,0.07320094108581543,0.0729929730296135,0.07308061420917511,47,0.07243286818265915,0.07347603887319565,0.1,0.03571428571428571,0.0032317832,13,1e-05,42,2.3476436138153076,0.7764939069747925,0.07292643934488297,56,30.078766229748727,0.0,55,0.2,0.21621621621621623,37,0.5384615384615384,0.2619047619047619,51,0.12999114990234376,0.07272727272727272,-0.001874199774783847,0.7605399477761239,460
0.07361385971307755,8,0.07362517714500427,389.8120422363281,7543,0.07284294068813324,0.07347076386213303,0.0734722837805748,0.07358744740486145,0.07363321632146835,0.07353316992521286,6291456,0.07284294068813324,2.0434503047145665,0.07347920536994934,0.07358560711145401,2.0691244239631335,0.0,0.28110599078341014,1.3973456221198166,0.07408652454614639,19,0.75,582.3,0.07326342910528183,0.9473684210526315,0.07386968284845352,0.07311418652534485,0.07359309494495392,0.07345733046531677,0.07366673648357391,0.07373718172311783,833,0.07355787605047226,0.07326723635196686,0.7188940092165899,0.07389036566019058,0.07376828789710999,0.07359115034341812,0.07366800308227539,48,0.07295741140842438,0.07408652454614639,0.1,0.15384615384615385,0.003421648,15,1e-05,39,2.1308023929595947,0.771601140499115,0.07353328913450241,52,29.871208377182484,0.0,51,0.2,0.2727272727272727,33,0.5333333333333333,0.15384615384615385,61,0.13673553466796876,0.11764705882352941,-0.0020594003714450083,0.7461995379300788,470
0.07421515136957169,9,0.07431014627218246,401.3856201171875,7533,0.07350587844848633,0.07411143183708191,0.07403605431318283,0.07419079542160034,0.07427259534597397,0.07416735589504242,6422528,0.07350587844848633,2.2146945296568146,0.0740816667675972,0.07418541610240936,2.020408163265306,0.0,0.23673469387755103,1.397861224489797,0.07473742216825485,13,1.0,592.64,0.07385267317295074,1.0,0.07447797060012817,0.07370772957801819,0.0741473063826561,0.07403384894132614,0.07426813244819641,0.0743359625339508,852,0.07420813292264938,0.07389901578426361,0.763265306122449,0.07447239756584167,0.07443074882030487,0.07418221235275269,0.07433515042066574,49,0.07358834147453308,0.07473742216825485,0.1,0.09230769230769231,0.003427708,15,1e-05,36,2.050442695617676,0.7765043377876282,0.07415014505386353,65,29.66368331760168,0.0,58,0.2,0.20408163265306123,49,0.6666666666666666,0.1388888888888889,58,0.13534698486328126,0.08620689655172414,-0.0022564378983133794,0.6741646923590452,480
0.0748181864619255,3,0.0749874860048294,375.559814453125,7542,0.07416199892759323,0.07476235926151276,0.07465660572052002,0.07484012842178345,0.07491375505924225,0.07481817156076431,6553600,0.07416199892759323,2.170364517465483,0.07473494857549667,0.07481878995895386,2.1083743842364533,0.0,0.2019704433497537,1.4038029556650256,0.07535366714000702,15,1.0,560.49,0.0744490697979927,0.8666666666666667,0.07507823407649994,0.07432667911052704,0.07479407638311386,0.07469618320465088,0.07488773763179779,0.07503605633974075,868,0.07476013153791428,0.0745004341006279,0.7980295566502463,0.07505806535482407,0.07509925216436386,0.07481405138969421,0.07489006966352463,50,0.07422571629285812,0.07535366714000702,0.1,0.0625,0.0032737735,12,1e-05,35,2.2682151794433594,0.7627392411231995,0.07477927953004837,48,29.452803635597228,0.0,60,0.2,0.2,30,0.3333333333333333,0.14285714285714285,41,0.13497238159179686,0.11666666666666667,-0.002102792744790349,0.8255747136194259,490
0.07546241581439972,8,0.07563457638025284,425.560791015625,7544,0.07480092346668243,0.07535420358181,0.07533636689186096,0.07547108829021454,0.07552525401115417,0.07546438276767731,6684672,0.07480092346668243,2.13248983135698,0.07538919150829315,0.0754510685801506,2.192825112107623,0.0,0.28699551569506726,1.3996502242152475,0.07603837549686432,16,1.0,636.14,0.07505837082862854,0.875,0.07570425420999527,0.07496320456266403,0.07544489949941635,0.07533570379018784,0.07559077441692352,0.07566899061203003,886,0.07539013028144836,0.07510092109441757,0.7130044843049327,0.07575824111700058,0.07571445405483246,0.07550476491451263,0.07553393393754959,51,0.07483454793691635,0.07603837549686432,0.1,0.12903225806451613,0.0033917557,18,1e-05,47,2.074988842010498,0.7769910097122192,0.07542124390602112,62,29.24019115716219,0.0,45,0.2,0.2962962962962963,27,0.6666666666666666,0.14893617021276595,64,0.13585433959960938,0.15555555555555556,-0.0023573661210775755,0.7196490672184155,500
0.07619426399469376,11,0.07622391730546951,388.2856140136719,7534,0.07550912350416183,0.07603900879621506,0.0759984701871872,0.07608908414840698,0.07619264721870422,0.07606824487447739,6815744,0.07547702640295029,2.246710045750411,0.07598218321800232,0.07604390382766724,2.1145374449339207,0.0,0.2026431718061674,1.4049162995594724,0.07667490839958191,9,0.9090909090909091,579.48,0.07572998106479645,1.0,0.07635684311389923,0.07557239383459091,0.07609262317419052,0.07585044950246811,0.07624274492263794,0.07629942893981934,904,0.0760338082909584,0.0757739394903183,0.7973568281938326,0.07629074901342392,0.07637563347816467,0.07617535442113876,0.07622063159942627,52,0.07547702640295029,0.07667490839958191,0.1,0.057692307692307696,0.0033422376,18,1e-05,33,2.041426658630371,0.7839791178703308,0.07606029510498047,52,29.028360089659692,0.0,60,0.2,0.13636363636363635,44,0.4444444444444444,0.15151515151515152,46,0.13464431762695311,0.08333333333333333,-0.0023144735306004803,0.7014691334450618,510
0.07685490697622299,8,0.07682844996452332,429.4145812988281,7542,0.0761304721236229,0.07662642002105713,0.07664597034454346,0.07675236463546753,0.07681742310523987,0.07666755467653275,6946816,0.0761304721236229,2.138546042600754,0.07656741887331009,0.07670462131500244,2.257142857142857,0.0,0.2619047619047619,1.3990761904761917,0.07734110206365585,16,0.875,640.5,0.07638677954673767,1.0,0.07694125920534134,0.07619479298591614,0.07670173048973083,0.0765070915222168,0.07689385861158371,0.07694494724273682,921,0.0766381323337555,0.07637108117341995,0.7380952380952381,0.0769474059343338,0.07703566551208496,0.07675163447856903,0.07682295888662338,53,0.07616298645734787,0.07734110206365585,0.1,0.14,0.003366556,14,1e-05,45,2.3109829425811768,0.7850649356842041,0.07668948173522949,50,28.820405749976636,0.0,52,0.2,0.2,25,0.5714285714285714,0.17777777777777778,55,0.13610763549804689,0.07692307692307693,-0.002240821922532632,0.7469050683546812,520
0.07749487459659576,12,0.07748140394687653,362.4409484863281,7545,0.07686412334442139,0.07725188136100769,0.07726199924945831,0.07738680392503738,0.07743876427412033,0.0773410052061081,7077888,0.0768166184425354,2.1978500399820358,0.0772392526268959,0.07734869420528412,2.2370689655172415,0.0,0.23706896551724138,1.3962413793103459,0.07803099602460861,11,1.0,548.4,0.07698724418878555,0.8181818181818182,0.07760469615459442,0.07684248685836792,0.07733997702598572,0.07713843882083893,0.0775446817278862,0.07755374163389206,937,0.07726150006055832,0.0770745724439621,0.7629310344827587,0.07759828120470047,0.07768326252698898,0.07743455469608307,0.07749335467815399,54,0.0768166184425354,0.07803099602460861,0.1,0.1320754716981132,0.0033228174,19,1e-05,45,2.098240613937378,0.7767804265022278,0.07734052836894989,53,28.611187413334846,0.0,55,0.2,0.08108108108108109,37,0.42105263157894735,0.26666666666666666,55,0.13356170654296876,0.07272727272727272,-0.002107548030471662,0.7018767466535791,530
0.07813258469104767,8,0.07813593745231628,349.02288818359375,7533,0.07746313512325287,0.07778187841176987,0.07795345783233643,0.07803385704755783,0.07812003046274185,0.07802396267652512,7208960,0.07746313512325287,2.2514883598110926,0.07791802287101746,0.07799868285655975,2.3031674208144794,0.0,0.18552036199095023,1.3923257918552048,0.0786377489566803,9,0.5,527.77,0.07759668678045273,0.8888888888888888,0.07833001017570496,0.07747454941272736,0.07798013091087341,0.07773769646883011,0.07817859202623367,0.07821130752563477,956,0.07791435718536377,0.07775650918483734,0.8144796380090498,0.07821594923734665,0.07833269983530045,0.07807496935129166,0.07817206531763077,55,0.07746390998363495,0.0786377489566803,0.1,0.15384615384615385,0.0032678852,7,1e-05,46,2.1557469367980957,0.785180926322937,0.07798554748296738,52,28.4018049582839,0.0,61,0.2,0.15789473684210525,38,0.8571428571428571,0.10869565217391304,41,0.12650909423828124,0.06557377049180328,-0.0019697177063335404,0.7552227177424357,540
0.07878945767879486,10,0.07882044464349747,424.53863525390625,7541,0.07809600234031677,0.07844414561986923,0.07857249677181244,0.07869105041027069,0.07876545935869217,0.07861904054880142,7340032,0.07807725667953491,2.2462050425836426,0.0785868838429451,0.07862590253353119,2.160377358490566,0.0,0.22641509433962265,1.3977358490566048,0.07930758595466614,10,1.0,634.01,0.07824120670557022,1.0,0.07901816070079803,0.07807725667953491,0.07865053415298462,0.0784013643860817,0.07885386049747467,0.07889248430728912,973,0.07853046804666519,0.07839686423540115,0.7735849056603774,0.07886305451393127,0.07900369167327881,0.07865466177463531,0.078789122402668,56,0.07811378687620163,0.07930758595466614,0.1,0.09090909090909091,0.003315015,14,1e-05,33,2.154832124710083,0.7729471325874329,0.07863219827413559,55,28.194835203886033,0.0,54,0.2,0.08333333333333333,36,0.5714285714285714,0.18181818181818182,48,0.13219757080078126,0.1111111111111111,-0.002135616480018143,0.7516250465298071,550
0.07945985347032547,9,0.07940743118524551,390.774169921875,7546,0.07878318428993225,0.07912240922451019,0.0792272686958313,0.07939895242452621,0.0794377475976944,0.07931257784366608,7471104,0.07878318428993225,2.163550520654923,0.0792568176984787,0.07934040576219559,2.042372881355932,0.0,0.2457627118644068,1.3980084745762724,0.07994279265403748,19,0.8888888888888888,583.19,0.07897082716226578,0.8421052631578947,0.07977619767189026,0.0787985697388649,0.0793093889951706,0.07900527119636536,0.07952012121677399,0.07960840314626694,990,0.0791923925280571,0.0790749043226242,0.7542372881355932,0.07943687587976456,0.07967423647642136,0.07933809608221054,0.079496368765831,57,0.07880691438913345,0.07994279265403748,0.1,0.07246376811594203,0.0033937627,15,1e-05,42,2.2504875659942627,0.7809023261070251,0.079307921230793,69,27.984235249459743,0.0,45,0.2,0.1891891891891892,37,0.4,0.2619047619047619,58,0.13337554931640624,0.1111111111111111,-0.0021764446746601607,0.7006546322023496,560
0.08015123754739761,9,0.08008936792612076,377.8321838378906,7533,0.07940451800823212,0.0797870010137558,0.07989197969436646,0.08009270578622818,0.08004254102706909,0.0799412876367569,7602176,0.07940341532230377,2.056160994293081,0.0799092948436737,0.08001933991909027,2.0950226244343892,0.0,0.25339366515837103,1.399140271493214,0.08066878467798233,17,1.0,574.71,0.07960055023431778,0.8823529411764706,0.0803789272904396,0.07940341532230377,0.08001305907964706,0.07955432683229446,0.08013194054365158,0.08026725798845291,1009,0.07991047948598862,0.07972694933414459,0.746606334841629,0.08006960898637772,0.08040788769721985,0.07993044704198837,0.08007539063692093,58,0.07940423488616943,0.08066878467798233,0.1,0.1016949152542373,0.0031520147,18,1e-05,38,2.1285457611083984,0.777427077293396,0.07995490729808807,59,27.77700707614422,0.0,49,0.2,0.22580645161290322,31,0.3888888888888889,0.18421052631578946,56,0.12580642700195313,0.10204081632653061,-0.0019405829419156361,0.7759319921489805,570
0.08083271980285645,11,0.08071405440568924,391.0446472167969,7540,0.08004460483789444,0.08044171333312988,0.08058758080005646,0.08072475343942642,0.08078266680240631,0.08055062592029572,7733248,0.08004460483789444,2.1947448759022037,0.08049429953098297,0.08072806149721146,2.239130434782609,0.0,0.2391304347826087,1.383521739130436,0.08131082355976105,11,0.7272727272727273,581.04,0.08023770153522491,0.9090909090909091,0.08114581555128098,0.0801369845867157,0.08064326643943787,0.08022642880678177,0.08086523413658142,0.08100861310958862,1025,0.08061166107654572,0.08041467517614365,0.7608695652173914,0.08081125468015671,0.08104058355093002,0.0805523544549942,0.08063910901546478,59,0.08007100224494934,0.08131082355976105,0.1,0.1568627450980392,0.0033295345,17,1e-05,46,2.0027523040771484,0.7927693724632263,0.08062465488910675,51,27.570339331030844,0.0,56,0.2,0.2631578947368421,38,0.4117647058823529,0.1956521739130435,55,0.13208770751953125,0.05357142857142857,-0.0022686578518005263,0.7009565644431859,580
0.08147735893726349,9,0.08139362186193466,353.5697937011719,7545,0.08066676557064056,0.0811021625995636,0.08122163265943527,0.0813925713300705,0.08144467324018478,0.08125417679548264,7864320,0.08066676557064056,2.223456837413131,0.08115949481725693,0.08139088749885559,2.1666666666666665,0.0,0.2094017094017094,1.3833675213675223,0.08204911649227142,14,0.6666666666666666,536.65,0.0808926597237587,0.9285714285714286,0.08183799684047699,0.08071534335613251,0.08133015036582947,0.08083634078502655,0.08155078440904617,0.08164627104997635,1042,0.08126190304756165,0.0811557024717331,0.7905982905982906,0.08151517063379288,0.0816635712981224,0.08122773468494415,0.08130667358636856,60,0.0806998685002327,0.08204911649227142,0.1,0.08333333333333333,0.0031434153,14,1e-05,45,2.0133373737335205,0.7834701538085938,0.08128771185874939,48,27.363955265283586,0.0,62,0.2,0.11904761904761904,42,0.5,0.17777777777777778,49,0.12407913208007812,0.0967741935483871,-0.0018640792716269061,0.7135250662919134,590
0.08220003545284271,8,0.08208034187555313,378.8521728515625,7533,0.08130403608083725,0.0817672610282898,0.08181094378232956,0.08207030594348907,0.08214627951383591,0.08197393268346786,7995392,0.08128566294908524,2.247464496843201,0.08185365051031113,0.08209245651960373,2.1872146118721463,0.0,0.2146118721461187,1.397378995433791,0.08276107162237167,12,0.75,571.42,0.08153744786977768,1.0,0.08251294493675232,0.08140495419502258,0.0819413810968399,0.08165919035673141,0.08222916722297668,0.08223183453083038,1061,0.08187365531921387,0.08177673816680908,0.7853881278538812,0.08211978524923325,0.08225728571414948,0.08184783160686493,0.08197350054979324,61,0.08128566294908524,0.08276107162237167,0.1,0.07407407407407407,0.0031956353,11,1e-05,47,2.13950777053833,0.7879049181938171,0.08194847404956818,54,27.16013180464506,0.0,48,0.2,0.15384615384615385,39,0.45454545454545453,0.19148936170212766,47,0.12727890014648438,0.10416666666666667,-0.0020757324414717006,0.7736503635998815,600
0.08289184421300888,7,0.08282915502786636,409.42254638671875,7539,0.0820416584610939,0.08254259824752808,0.08241362124681473,0.08272948861122131,0.08282659202814102,0.08265045285224915,8126464,0.0820416584610939,2.1774734052879903,0.08257879316806793,0.08279642462730408,2.0044444444444443,0.0,0.24,1.3928444444444454,0.08344600349664688,13,1.0,613.43,0.08222661912441254,0.6923076923076923,0.0831935927271843,0.08214253932237625,0.08266156911849976,0.08229857683181763,0.0829525738954544,0.08299318701028824,1077,0.08255226165056229,0.08254318684339523,0.76,0.08291500806808472,0.0829547718167305,0.08255775272846222,0.08263195306062698,62,0.08205533772706985,0.08344600349664688,0.1,0.1,0.0032979487,17,1e-05,33,2.03615140914917,0.7932953238487244,0.08265702426433563,50,26.950663642585276,0.0,60,0.2,0.26666666666666666,45,0.29411764705882354,0.21212121212121213,54,0.12601089477539062,0.15,-0.0021538395798415878,0.7163044668734073,610
0.08363073319196701,8,0.083539217710495,390.88824462890625,7544,0.08274027705192566,0.08319486677646637,0.08313111960887909,0.08347749710083008,0.08352358639240265,0.08334708213806152,8257536,0.08274027705192566,2.0829190435333893,0.08331844955682755,0.08347184956073761,2.0599078341013826,0.0,0.2626728110599078,1.4014193548387104,0.08424745500087738,16,0.75,585.23,0.08292768150568008,0.9375,0.08395541459321976,0.08285467326641083,0.08335395902395248,0.08297154307365417,0.08358637988567352,0.0836336612701416,1094,0.0832534208893776,0.08319550007581711,0.7373271889400922,0.08361400663852692,0.08364436775445938,0.08328167349100113,0.08329001069068909,63,0.08277366310358047,0.08424745500087738,0.1,0.14754098360655737,0.0033168676,15,1e-05,37,1.9442014694213867,0.7889438271522522,0.08335832506418228,61,26.737539115548135,0.0,46,0.2,0.20588235294117646,34,0.26666666666666666,0.1891891891891892,57,0.1324432373046875,0.1956521739130435,-0.0021490824575039367,0.7169882516376674,620
0.08435426652431488,13,0.08422636985778809,429.1344909667969,7533,0.08337926119565964,0.08393007516860962,0.0838075578212738,0.08414311707019806,0.08425258100032806,0.08405541628599167,8388608,0.08337926119565964,2.1781455403098717,0.08410047739744186,0.0841851532459259,2.033333333333333,0.0,0.2857142857142857,1.4097619047619057,0.08496996760368347,14,0.8461538461538461,650.31,0.08361633867025375,1.0,0.0846695601940155,0.08353014290332794,0.0840701013803482,0.08362939953804016,0.08435133099555969,0.08435378223657608,1113,0.08393891900777817,0.08388594537973404,0.7142857142857143,0.08434917777776718,0.08437170088291168,0.08402421325445175,0.08395516872406006,64,0.08344755321741104,0.08496996760368347,0.1,0.14,0.0032514308,10,1e-05,38,2.038106918334961,0.7764508724212646,0.08406390994787216,50,26.526949064433573,0.0,38,0.2,0.19148936170212766,47,0.7,0.18421052631578946,60,0.129217529296875,0.13157894736842105,-0.0020995141694584163,0.7040177520131692,630
0.08501176536083221,12,0.08489364385604858,359.0293273925781,7540,0.0840853601694107,0.08465658128261566,0.08456184715032578,0.08487208932638168,0.0849962830543518,0.08477279543876648,8519680,0.0840853601694107,2.151124745177285,0.08474519103765488,0.0848926305770874,2.2,0.0,0.23636363636363636,1.4000545454545463,0.08571859449148178,13,0.8333333333333334,544.69,0.08434706181287766,0.8461538461538461,0.08539283275604248,0.08416376262903214,0.0847816914319992,0.08432775735855103,0.08504943549633026,0.08509393781423569,1129,0.08462958037853241,0.0846717357635498,0.7636363636363637,0.08500850200653076,0.08512145280838013,0.08478081971406937,0.08473650366067886,65,0.08410482853651047,0.08571859449148178,0.1,0.15517241379310345,0.003221453,10,1e-05,38,1.9853324890136719,0.7842202186584473,0.08477666974067688,58,26.316586370766164,0.0,53,0.2,0.25,36,0.5,0.15789473684210525,52,0.12257614135742187,0.03773584905660377,-0.0019181960023161083,0.6581982530420646,640
0.08564545959234238,11,0.08559936285018921,389.0254821777344,7546,0.08484269678592682,0.08535648137331009,0.08525767177343369,0.08555329591035843,0.08574456721544266,0.0854322612285614,8650752,0.08472363650798798,2.127544550039966,0.08545242995023727,0.08559367060661316,2.0759493670886076,0.0,0.26582278481012656,1.3988607594936717,0.08645962923765182,21,0.8181818181818182,587.76,0.08509071171283722,0.8571428571428571,0.08609127253293991,0.08486537635326385,0.085456483066082,0.08507667481899261,0.08578205108642578,0.08577847480773926,1146,0.0852326974272728,0.08542370796203613,0.7341772151898734,0.08574996888637543,0.08590304851531982,0.08548682183027267,0.08545474708080292,66,0.08472363650798798,0.08645962923765182,0.1,0.08163265306122448,0.003343011,19,1e-05,38,2.0190320014953613,0.7951714992523193,0.08548212796449661,49,26.107190059125422,0.0,63,0.2,0.1111111111111111,36,0.7368421052631579,0.15789473684210525,63,0.13394012451171874,0.12698412698412698,-0.002234846538522106,0.7196819475851953,650
0.08632858842611313,5,0.08635258674621582,392.83856201171875,7535,0.0855543315410614,0.08610530942678452,0.08596599102020264,0.08629138022661209,0.0864669680595398,0.08598168939352036,8781824,0.08547037839889526,2.2401860527387663,0.08624948561191559,0.08626458048820496,2.177570093457944,0.0,0.21962616822429906,1.400308411214954,0.08712723106145859,13,0.8,602.2,0.08573373407125473,0.8461538461538461,0.08681149780750275,0.08558930456638336,0.08618316799402237,0.08574315905570984,0.08650315552949905,0.08649216592311859,1165,0.08597197383642197,0.08620123565196991,0.780373831775701,0.08653442561626434,0.08651513606309891,0.0862264335155487,0.08619131147861481,67,0.08547037839889526,0.08712723106145859,0.1,0.10416666666666667,0.0032723697,12,1e-05,40,2.0117554664611816,0.7826838493347168,0.08619420975446701,48,25.899907933175562,0.0,62,0.2,0.3235294117647059,34,0.3333333333333333,0.2,47,0.12943878173828124,0.06451612903225806,-0.002230986668200785,0.7221403840463608,660
0.08696921169757843,9,0.08710857480764389,388.3040771484375,7540,0.08628683537244797,0.08681104332208633,0.08668915927410126,0.08700442314147949,0.08708679676055908,0.08680344372987747,8912896,0.08626443147659302,2.1622903251990806,0.08693858981132507,0.08698729425668716,2.101769911504425,0.0,0.3008849557522124,1.4013982300884966,0.08778711408376694,17,0.7777777777777778,589.61,0.0864492654800415,1.0,0.08761230856180191,0.0863533467054367,0.08692853897809982,0.08644097298383713,0.08731519430875778,0.08723592013120651,1181,0.08674812316894531,0.08687203377485275,0.6991150442477876,0.08731646835803986,0.0872800424695015,0.08697433024644852,0.08685540407896042,68,0.08626443147659302,0.08778711408376694,0.1,0.16666666666666666,0.0033112108,17,1e-05,46,2.0292978286743164,0.7875924110412598,0.08692475408315659,54,25.690648198127747,0.0,46,0.2,0.21621621621621623,37,0.7647058823529411,0.2608695652173913,68,0.129388427734375,0.043478260869565216,-0.002087127074810269,0.7031998631544412,670
0.08776484429836273,9,0.08781599998474121,417.1580505371094,7546,0.08694709092378616,0.0874960795044899,0.08746542036533356,0.08775480091571808,0.08777430653572083,0.0876014456152916,9043968,0.08694709092378616,2.1835294025715704,0.0876377522945404,0.08769115805625916,2.322429906542056,0.0,0.2850467289719626,1.384233644859814,0.08855118602514267,14,0.5555555555555556,631.53,0.08723311126232147,0.9285714285714286,0.08840535581111908,0.0871405079960823,0.08765991032123566,0.08719661831855774,0.08807425945997238,0.08803972601890564,1198,0.08746518939733505,0.08752879500389099,0.7149532710280374,0.0880558043718338,0.08804009854793549,0.08766020089387894,0.08757784962654114,69,0.08699542284011841,0.08855118602514267,0.1,0.2459016393442623,0.0033031,13,1e-05,49,1.9346587657928467,0.7799791693687439,0.08766291290521622,61,25.479530839622022,0.0,45,0.2,0.17391304347826086,23,0.6153846153846154,0.24489795918367346,61,0.12993927001953126,0.08888888888888889,-0.0023399583566515504,0.7167562754126265,680
0.08855196833610535,8,0.08854679018259048,402.3187255859375,7535,0.0877009853720665,0.0882105827331543,0.08818234503269196,0.08848404884338379,0.0885607898235321,0.08832565695047379,9175040,0.0877009853720665,2.280647487185553,0.0883980393409729,0.08845726400613785,2.2882882882882885,0.0,0.23873873873873874,1.3992612612612625,0.08936433494091034,10,0.875,604.05,0.08793129026889801,1.0,0.08900246769189835,0.08791343122720718,0.08844349533319473,0.08795121312141418,0.08883979171514511,0.08872910588979721,1217,0.08812884986400604,0.08827925473451614,0.7612612612612613,0.0887310728430748,0.08876137435436249,0.0884433463215828,0.08835890889167786,70,0.08783742040395737,0.08936433494091034,0.1,0.11764705882352941,0.003314361,15,1e-05,37,2.0547337532043457,0.7779122591018677,0.08840534836053848,51,25.268385176360606,0.0,71,0.2,0.26666666666666666,30,0.6,0.24324324324324326,53,0.12914581298828126,0.056338028169014086,-0.002350894695109673,0.6667033780831844,690
0.08933310955762863,11,0.08915098011493683,394.3524169921875,7541,0.0885280892252922,0.08899987488985062,0.08888303488492966,0.0892396792769432,0.08927204459905624,0.0890519842505455,9306112,0.0885280892252922,2.1331831915796493,0.08907344937324524,0.08919636905193329,2.1704035874439462,0.0,0.242152466367713,1.3875964125560547,0.09006514400243759,10,0.7272727272727273,601.39,0.08858640491962433,0.8,0.08972854167222977,0.08863303065299988,0.08916889876127243,0.088741734623909,0.08950430154800415,0.08955766260623932,1234,0.08885511010885239,0.08906682580709457,0.757847533632287,0.08952372521162033,0.08950848132371902,0.0891297459602356,0.08910489082336426,71,0.08858252316713333,0.09006514400243759,0.1,0.11363636363636363,0.003215047,14,1e-05,40,1.8752986192703247,0.7685810327529907,0.089139424264431,44,25.05986800789833,0.0,59,0.2,0.17777777777777778,45,0.42857142857142855,0.25,54,0.12637100219726563,0.15254237288135594,-0.0019747468876857967,0.7373593276133761,700
0.09011776745319366,7,0.08997030556201935,406.706298828125,7546,0.08920098096132278,0.08974187076091766,0.08959805220365524,0.08998045325279236,0.08997221291065216,0.08982398360967636,9437184,0.08920098096132278,2.2065753230899388,0.08987170457839966,0.08991406112909317,2.230392156862745,0.0,0.23039215686274508,1.3964313725490205,0.09079857170581818,14,0.5714285714285714,625.44,0.08921398222446442,0.9285714285714286,0.09053875505924225,0.08938807994127274,0.0898943841457367,0.0894346535205841,0.0901947021484375,0.09034834802150726,1250,0.08961118757724762,0.08978298306465149,0.7696078431372549,0.09030157327651978,0.09031406044960022,0.08991986513137817,0.0898187980055809,72,0.0892648920416832,0.09079857170581818,0.1,0.06,0.0031783776,17,1e-05,41,1.8767322301864624,0.7842525243759155,0.08988066017627716,50,24.85294440984726,0.0,51,0.2,0.25,24,0.5294117647058824,0.12195121951219512,47,0.1213348388671875,0.13725490196078433,-0.0020407062304002464,0.7352814591722563,710
0.09085669368505478,14,0.09070883691310883,431.26092529296875,7536,0.08998779207468033,0.09054529666900635,0.0904240757226944,0.09077062457799911,0.09079792350530624,0.09056966751813889,9568256,0.08998779207468033,2.205277444947559,0.0906440019607544,0.09060923755168915,2.2744186046511627,0.0,0.3209302325581395,1.3832744186046522,0.09149731695652008,13,0.9285714285714286,649.76,0.08999311178922653,1.0,0.09126537293195724,0.09020113199949265,0.09067566692829132,0.09021919965744019,0.0909537672996521,0.09109943360090256,1269,0.09041963517665863,0.09061699360609055,0.6790697674418604,0.09109267592430115,0.09107020497322083,0.09061288833618164,0.09061665087938309,73,0.09008202701807022,0.09149731695652008,0.1,0.17777777777777778,0.0032601,14,1e-05,49,1.9113281965255737,0.7783088684082031,0.09065321087837219,45,24.642049741744994,0.0,44,0.2,0.1111111111111111,36,0.8571428571428571,0.22448979591836735,69,0.12450027465820312,0.18181818181818182,-0.002185884850587172,0.6973528366535902,720
0.09168874472379684,11,0.09147757291793823,397.0905456542969,7542,0.09068760275840759,0.0912926197052002,0.09126922488212585,0.09156278520822525,0.09150676429271698,0.09131649881601334,9699328,0.09068760275840759,2.2121914924748047,0.09146102517843246,0.09144724160432816,2.255924170616114,0.0,0.23696682464454977,1.4020663507109017,0.09230440109968185,12,0.8181818181818182,603.26,0.0907759740948677,1.0,0.09211710840463638,0.09089413285255432,0.09143666923046112,0.0909888818860054,0.09171797335147858,0.09182868897914886,1285,0.09110692888498306,0.09141387045383453,0.7630331753554502,0.09186011552810669,0.0918731689453125,0.09139532595872879,0.0914173573255539,74,0.09082899242639542,0.09230440109968185,0.1,0.09090909090909091,0.003258645,13,1e-05,40,1.827561378479004,0.7995748519897461,0.0914267897605896,55,24.428658744692804,0.0,50,0.2,0.13333333333333333,30,0.5384615384615384,0.2,50,0.12674484252929688,0.1,-0.0023726414574412047,0.6384388137143105,730
0.09247151762247086,6,0.09236130118370056,398.06170654296875,7547,0.09145370125770569,0.0920550674200058,0.09206008911132812,0.09229213744401932,0.09221471846103668,0.09206186980009079,9830400,0.0914345532655716,2.0186426241870867,0.09229491651058197,0.09215034544467926,1.9311926605504588,0.0,0.2889908256880734,1.379743119266056,0.09304975718259811,24,0.8333333333333334,606.74,0.0914345532655716,0.875,0.09286846220493317,0.09169115126132965,0.09214214980602264,0.09175296872854233,0.09255374222993851,0.09261875599622726,1302,0.09191416203975677,0.09202974289655685,0.7110091743119266,0.09264717996120453,0.09272049367427826,0.09215522557497025,0.09219792485237122,75,0.09164968878030777,0.09304975718259811,0.1,0.11538461538461539,0.0032288365,13,1e-05,37,1.8382024765014648,0.7714047431945801,0.09219366312026978,52,24.218357717990877,0.0,50,0.2,0.05555555555555555,36,0.5384615384615384,0.2702702702702703,63,0.1263214111328125,0.24,-0.00206520106530661,0.6920303093967959,740
0.0931830033659935,12,0.09319569170475006,396.29180908203125,7537,0.09225858747959137,0.09279029071331024,0.09273543953895569,0.09316521137952805,0.09301531314849854,0.09290172159671783,9961472,0.09225858747959137,2.1325047289387764,0.09311509132385254,0.09292061626911163,2.227906976744186,0.0,0.26976744186046514,1.38552558139535,0.09385092556476593,12,0.6666666666666666,611.07,0.09226879477500916,0.8333333333333334,0.09365172684192657,0.09239543974399567,0.09293781220912933,0.09256694465875626,0.09344612807035446,0.09347636997699738,1321,0.09265293926000595,0.09280505031347275,0.7302325581395349,0.09344978630542755,0.09353926032781601,0.09291838109493256,0.09298579394817352,76,0.09245264530181885,0.09385092556476593,0.1,0.2545454545454545,0.0032751772,21,1e-05,39,1.8593854904174805,0.7809453010559082,0.09298715740442276,55,24.006451772153376,0.0,48,0.2,0.14285714285714285,28,0.5714285714285714,0.1794871794871795,58,0.12672576904296876,0.0625,-0.0024448948669487437,0.7012304196832702,750
0.09390504658222198,6,0.09399944543838501,369.96209716796875,7542,0.09292580187320709,0.09363266080617905,0.09352146834135056,0.09390558302402496,0.09379449486732483,0.09364888817071915,10092544,0.09292580187320709,2.157922546377325,0.09392034262418747,0.09376399219036102,2.0352422907488985,0.0,0.22466960352422907,1.3895947136563886,0.09467881917953491,15,0.6666666666666666,571.87,0.09307398647069931,1.0,0.0945088341832161,0.09315183758735657,0.09365739673376083,0.0934065505862236,0.09424653649330139,0.09427689760923386,1338,0.09342681616544724,0.0936148464679718,0.775330396475771,0.0942884087562561,0.094339519739151,0.09370191395282745,0.09378503262996674,77,0.09323180466890335,0.09467881917953491,0.1,0.12280701754385964,0.0032679401,12,1e-05,36,1.779860496520996,0.7993978261947632,0.09377628564834595,57,23.794159047305584,0.0,59,0.2,0.11904761904761904,42,0.5833333333333334,0.2222222222222222,51,0.12641830444335939,0.0847457627118644,-0.002334317519034812,0.6595644101500511,760
0.09474244713783264,8,0.09474484622478485,394.414794921875,7547,0.09376958012580872,0.09440672397613525,0.09430486708879471,0.09474922716617584,0.09461531788110733,0.09446930140256882,10223616,0.09376958012580872,2.119081796346511,0.09459244459867477,0.09465457499027252,2.1266968325791855,0.0,0.2398190045248869,1.4016108597285077,0.09538044780492783,18,0.75,600.33,0.09384298324584961,0.8888888888888888,0.0953519344329834,0.09399368613958359,0.0944553092122078,0.09417659044265747,0.09502626955509186,0.09510759264230728,1354,0.09424801915884018,0.09446816891431808,0.7601809954751131,0.09513598680496216,0.09511831402778625,0.09446404874324799,0.09453970938920975,78,0.09403559565544128,0.09538044780492783,0.1,0.11363636363636363,0.0032063858,14,1e-05,34,1.9688756465911865,0.7931517362594604,0.09457574784755707,44,23.581765669584275,0.0,70,0.2,0.18181818181818182,33,0.5714285714285714,0.14705882352941177,53,0.12558822631835936,0.1,-0.0022436824865508243,0.7100804562214762,770
0.09547223150730133,7,0.09548349678516388,402.8672180175781,7537,0.09463375061750412,0.0952509418129921,0.09503288567066193,0.09561200439929962,0.09537415206432343,0.09533499926328659,10354688,0.09460717439651489,2.162141981921073,0.09541540592908859,0.09547270834445953,2.263392857142857,0.0,0.2544642857142857,1.3996160714285726,0.09614203125238419,15,0.7142857142857143,616.09,0.09460717439651489,0.9333333333333333,0.09616965055465698,0.09474556893110275,0.09523627161979675,0.09498725831508636,0.0958763137459755,0.09592794626951218,1373,0.09504742920398712,0.0952589139342308,0.7455357142857143,0.09589309990406036,0.09597882628440857,0.0952782854437828,0.09522607922554016,79,0.09485943615436554,0.09616965055465698,0.1,0.11764705882352941,0.0031802948,7,1e-05,48,2.0497124195098877,0.7803117036819458,0.09537267684936523,51,23.371769689023495,0.0,62,0.2,0.20588235294117646,34,0.7142857142857143,0.20833333333333334,57,0.125213623046875,0.16129032258064516,-0.0023220673966534377,0.6887355021433905,780
0.0962236225605011,8,0.09632474929094315,383.9596862792969,7542,0.0954786017537117,0.09608144313097,0.09582014381885529,0.0964389368891716,0.09606657922267914,0.09615089744329453,10485760,0.09535018354654312,2.1245573196142673,0.09617632627487183,0.0963364690542221,1.9748743718592965,0.0,0.2914572864321608,1.3819195979899506,0.09699845314025879,15,1.0,589.59,0.09535018354654312,1.0,0.09699676185846329,0.09557200223207474,0.09606902301311493,0.09584283828735352,0.09675902128219604,0.09667280316352844,1390,0.09576905518770218,0.0960020050406456,0.7085427135678392,0.09670419991016388,0.09673108905553818,0.09606786072254181,0.09607546031475067,80,0.0956585630774498,0.09699845314025879,0.1,0.11904761904761904,0.0031626318,16,1e-05,28,1.7121726274490356,0.7919254899024963,0.0961746796965599,42,23.16190761178732,0.0,52,0.2,0.3157894736842105,38,0.5625,0.14285714285714285,58,0.1204132080078125,0.09615384615384616,-0.002118527689299299,0.6864784602308646,790
0.09704677760601044,18,0.0971778929233551,424.2441711425781,7547,0.09624814987182617,0.09681408107280731,0.09663001447916031,0.09727916866540909,0.09683328866958618,0.09699711203575134,10616832,0.09624814987182617,2.1046497648702647,0.09706377983093262,0.09716841578483582,2.261467889908257,0.0,0.3211009174311927,1.4013302752293588,0.09775041043758392,14,0.8888888888888888,650.53,0.09628080576658249,0.9285714285714286,0.09774376451969147,0.09638728201389313,0.09684069454669952,0.09670316427946091,0.0975242555141449,0.09754376858472824,1406,0.09663358330726624,0.09682361036539078,0.6788990825688074,0.09752123802900314,0.0975969210267067,0.09686965495347977,0.09683506190776825,81,0.09640587866306305,0.09775041043758392,0.1,0.03773584905660377,0.0032129139,16,1e-05,40,1.7874906063079834,0.7814304828643799,0.096988745033741,53,22.95174875855446,0.0,45,0.2,0.40625,32,0.5625,0.275,70,0.12021408081054688,0.13333333333333333,-0.0019877825216099154,0.6223882754566148,800
0.09790915250778198,9,0.09803760796785355,396.0010681152344,7538,0.09716406464576721,0.09769538044929504,0.0975470244884491,0.09811446815729141,0.09755218774080276,0.09780850261449814,10747904,0.09706643968820572,2.1818666951414385,0.09789025038480759,0.09795767813920975,2.203883495145631,0.0,0.2912621359223301,1.382757281553399,0.0985756516456604,15,1.0,604.11,0.09706643968820572,1.0,0.09859102219343185,0.09731350094079971,0.09777719527482986,0.09746893495321274,0.09835010021924973,0.09837924689054489,1425,0.09745420515537262,0.09766405820846558,0.7087378640776699,0.09852555394172668,0.09836217761039734,0.09763425588607788,0.09766240417957306,82,0.09715333580970764,0.09859102219343185,0.1,0.1509433962264151,0.0032359234,14,1e-05,34,1.7675861120224,0.773758590221405,0.09782617539167404,53,22.739168171584605,0.0,56,0.2,0.24,25,0.5714285714285714,0.14705882352941177,60,0.12447662353515625,0.16071428571428573,-0.0022328219550672656,0.6461701876483857,810
0.0986587181687355,12,0.0988609790802002,426.6417541503906,7542,0.09797201305627823,0.0985771045088768,0.09836674481630325,0.09897569566965103,0.09848462045192719,0.09851571172475815,10878976,0.09792430698871613,2.143500782365485,0.09871339797973633,0.0987636148929596,2.0407239819004523,0.0,0.27601809954751133,1.3853846153846163,0.09937404096126556,15,1.0,655.76,0.09792430698871613,0.9333333333333333,0.09948769211769104,0.09805581718683243,0.0986732766032219,0.09835068136453629,0.09920608252286911,0.09915772825479507,1442,0.09825559705495834,0.0985356792807579,0.7239819004524887,0.09936345368623734,0.09920243918895721,0.09850629419088364,0.09852699190378189,83,0.09802017360925674,0.09948769211769104,0.1,0.14285714285714285,0.0031898776,22,1e-05,33,1.8150396347045898,0.7924939393997192,0.0986611545085907,63,22.52521294057369,0.0,42,0.2,0.20588235294117646,34,0.36363636363636365,0.2727272727272727,61,0.120513916015625,0.047619047619047616,-0.0020362141278383204,0.6399340202566236,820
0.09949883818626404,12,0.0997392013669014,394.7524719238281,7547,0.0987589955329895,0.09936132282018661,0.09915533661842346,0.09976229071617126,0.09924852848052979,0.0993516743183136,11010048,0.09874018281698227,2.1646190383372965,0.09959951788187027,0.09951338171958923,2.115740740740741,0.0,0.26851851851851855,1.3938888888888898,0.1002659946680069,11,1.0,615.49,0.09874018281698227,0.9090909090909091,0.1004263162612915,0.09889351576566696,0.09953082352876663,0.09920208901166916,0.10006500780582428,0.09996657818555832,1458,0.09910164028406143,0.09938617050647736,0.7314814814814815,0.10018150508403778,0.10016287118196487,0.09928523004055023,0.09946390241384506,84,0.09887703508138657,0.1004263162612915,0.1,0.1276595744680851,0.003246699,16,1e-05,28,1.6676945686340332,0.7818437814712524,0.09950152039527893,47,22.31318509578705,0.0,62,0.2,0.1,40,0.6875,0.10714285714285714,58,0.1212158203125,0.1935483870967742,-0.002253338639820868,0.6905918951844796,830
0.1003393679857254,7,0.10054241120815277,380.9616394042969,7539,0.09956324100494385,0.10022890567779541,0.0999889075756073,0.10051875561475754,0.10002142935991287,0.10020763427019119,11141120,0.09956324100494385,2.146001039442404,0.1003972515463829,0.1004309356212616,1.8363636363636364,0.0,0.2545454545454545,1.383272727272728,0.10107142478227615,17,1.0,585.9,0.09959372133016586,1.0,0.10132850706577301,0.09980642050504684,0.10038942098617554,0.1000594049692154,0.10097604990005493,0.10083773732185364,1477,0.09992101788520813,0.10022479295730591,0.7454545454545455,0.10092793405056,0.10101768374443054,0.10017311573028564,0.10032113641500473,85,0.09966146945953369,0.10132850706577301,0.1,0.07142857142857142,0.0031875456,19,1e-05,27,1.7748697996139526,0.7976793050765991,0.10034194588661194,56,22.102254216372966,0.0,49,0.2,0.2,45,0.47368421052631576,0.18518518518518517,56,0.123199462890625,0.10204081632653061,-0.002325354340246122,0.6717776962090284,840
0.10113868117332458,13,0.10132770985364914,399.9073181152344,7543,0.10035328567028046,0.10108832269906998,0.10101334750652313,0.10141164809465408,0.1008714959025383,0.1010785847902298,11272192,0.10035328567028046,2.145468488637387,0.10130488872528076,0.1012425422668457,2.129032258064516,0.0,0.29493087557603687,1.3994377880184339,0.1019178032875061,14,0.9230769230769231,622.4,0.10043249279260635,0.8571428571428571,0.10214634984731674,0.10065250098705292,0.10122910141944885,0.10090100765228271,0.10184463858604431,0.10160904377698898,1494,0.10077325254678726,0.1010744646191597,0.7050691244239631,0.10184342414140701,0.1019020825624466,0.10105188935995102,0.10118040442466736,86,0.10052647441625595,0.10214634984731674,0.1,0.12195121951219512,0.0032210734,17,1e-05,36,1.7151939868927002,0.7793328762054443,0.10119661688804626,41,21.89036957323551,0.0,56,0.2,0.2,40,0.6470588235294118,0.25,64,0.12323989868164062,0.125,-0.002151361051983258,0.6928409426240251,850
0.10202847421169281,10,0.10219380259513855,373.2547302246094,7547,0.1012280136346817,0.101931631565094,0.10181021690368652,0.10226840525865555,0.10169500857591629,0.10200317949056625,11403264,0.1012280136346817,2.110979352502692,0.10221783071756363,0.10209507495164871,2.095890410958904,0.0,0.2557077625570776,1.3967853881278554,0.1028130054473877,17,0.8,577.41,0.10138196498155594,0.9411764705882353,0.10295696556568146,0.10149741917848587,0.1021237000823021,0.10174459964036942,0.10270728170871735,0.10253078490495682,1510,0.10163596272468567,0.10185852646827698,0.7442922374429224,0.1026594489812851,0.10274110734462738,0.10192866623401642,0.10199981927871704,87,0.10146255791187286,0.10295696556568146,0.1,0.14285714285714285,0.0033014053,11,1e-05,30,1.7753305435180664,0.799121618270874,0.10206053406000137,56,21.678741678595543,0.0,61,0.2,0.14705882352941177,34,0.5454545454545454,0.16666666666666666,56,0.127960205078125,0.13114754098360656,-0.0026000444510827945,0.6612827815115452,860
0.10292530804872513,7,0.10303925722837448,425.7388000488281,7539,0.10212460160255432,0.10276149213314056,0.10272486507892609,0.1031404435634613,0.10257986187934875,0.10283757001161575,11534336,0.10212460160255432,2.1181467368580096,0.1031741127371788,0.10294933617115021,2.1121495327102804,0.0,0.29439252336448596,1.4217663551401878,0.10369433462619781,18,1.0,659.87,0.10227467864751816,0.8888888888888888,0.10383373498916626,0.10237740725278854,0.10290955007076263,0.10258541256189346,0.1035858541727066,0.1034635528922081,1529,0.10251499712467194,0.10268913954496384,0.705607476635514,0.10356377810239792,0.10353398323059082,0.10273642838001251,0.10286390036344528,88,0.10221712291240692,0.10383373498916626,0.1,0.1568627450980392,0.0031682432,19,1e-05,38,1.8134729862213135,0.7879638075828552,0.10292403399944305,51,21.467066830396654,0.0,54,0.2,0.2962962962962963,27,0.5263157894736842,0.21052631578947367,63,0.12040328979492188,0.1111111111111111,-0.0020759141169037322,0.6988022054545582,870
0.10381561517715454,12,0.10386738926172256,386.6053771972656,7544,0.10293713212013245,0.10372360795736313,0.10357817262411118,0.10406533628702164,0.10346192866563797,0.10370350629091263,11665408,0.10293713212013245,2.1463943632539784,0.10403676331043243,0.10387241095304489,2.1971830985915495,0.0,0.3004694835680751,1.4054647887323957,0.10458815097808838,14,0.8333333333333334,600.54,0.10311706364154816,1.0,0.10464609414339066,0.10328378528356552,0.10377305001020432,0.10340486466884613,0.10439547896385193,0.10429437458515167,1546,0.10329467058181763,0.10360472649335861,0.6995305164319249,0.10444788634777069,0.10447593033313751,0.10362932831048965,0.10363805294036865,89,0.1030144989490509,0.10464609414339066,0.1,0.15555555555555556,0.003214351,13,1e-05,43,1.8113231658935547,0.7742313146591187,0.10378679633140564,45,21.25759084522724,0.0,49,0.2,0.35135135135135137,37,0.3076923076923077,0.27906976744186046,64,0.123016357421875,0.08163265306122448,-0.0022555184912562256,0.6751169342780485,880
0.10470631718635559,9,0.10465458035469055,456.4168701171875,7548,0.10384411364793777,0.10460446029901505,0.10450135916471481,0.10502902418375015,0.10430508852005005,0.10450515151023865,11796480,0.10381093621253967,2.0674133990379624,0.10497870296239853,0.10482501238584518,2.176470588235294,0.0,0.31862745098039214,1.3997941176470599,0.10543526709079742,13,1.0,695.74,0.10394804924726486,0.9230769230769231,0.10561621189117432,0.1041710376739502,0.10472077131271362,0.10427167266607285,0.10533581674098969,0.10514464974403381,1562,0.10411906987428665,0.10448309779167175,0.6813725490196079,0.10537191480398178,0.1053757593035698,0.10451807826757431,0.10454379767179489,90,0.10381093621253967,0.10561621189117432,0.1,0.16,0.0031844734,18,1e-05,36,1.6517502069473267,0.7938498258590698,0.10467279702425003,50,21.04660178720951,0.0,50,0.2,0.21428571428571427,28,0.4444444444444444,0.25,65,0.12232131958007812,0.26,-0.002441719083162752,0.6540879142470658,890
0.10564617812633514,9,0.10556483268737793,415.5489807128906,7539,0.10483638197183609,0.1054159626364708,0.1053466647863388,0.10587546229362488,0.10517796874046326,0.10541673749685287,11927552,0.10468123108148575,2.20467992268683,0.10588359087705612,0.10568870604038239,2.0,0.0,0.27906976744186046,1.4001767441860475,0.10636169463396072,12,0.8888888888888888,652.22,0.10495622456073761,0.9166666666666666,0.10649295151233673,0.10500586032867432,0.10561135411262512,0.10526476800441742,0.10629968345165253,0.10603094846010208,1581,0.10511264204978943,0.10535231977701187,0.7209302325581395,0.1063644289970398,0.10626783221960068,0.10536836832761765,0.10553126037120819,91,0.10468123108148575,0.10649295151233673,0.1,0.22916666666666666,0.0033009476,17,1e-05,32,1.7144582271575928,0.7773504257202148,0.10558217018842697,48,20.831800743937492,0.0,52,0.2,0.2222222222222222,45,0.6470588235294118,0.0625,60,0.12451705932617188,0.1346153846153846,-0.002237367044290295,0.60799158916343,900
0.10653914511203766,15,0.10651616007089615,420.9224548339844,7543,0.10575225204229355,0.10627482086420059,0.10618875920772552,0.10675977915525436,0.1060841754078865,0.10633844137191772,12058624,0.10557924956083298,2.2122837768297106,0.10688567161560059,0.10658296942710876,2.266968325791855,0.0,0.2579185520361991,1.3956832579185532,0.10735193639993668,11,0.8,655.06,0.10580508410930634,1.0,0.10733596235513687,0.10581833124160767,0.10649082064628601,0.10620777308940887,0.10716196149587631,0.10691423714160919,1598,0.10593545436859131,0.10627295076847076,0.7420814479638009,0.10734392702579498,0.10723822563886642,0.10624931007623672,0.10634997487068176,92,0.10557924956083298,0.10735193639993668,0.1,0.08064516129032258,0.003235532,14,1e-05,32,1.5395898818969727,0.7889341115951538,0.10647910088300705,62,20.618760138750076,0.0,57,0.2,0.16666666666666666,30,0.6428571428571429,0.21875,57,0.12373275756835937,0.14035087719298245,-0.002230707699936829,0.6468949737492948,910
0.10740121454000473,9,0.10738810896873474,418.6763610839844,7548,0.10662411898374557,0.10717815905809402,0.10698308795690536,0.10757733136415482,0.10694292187690735,0.1071878969669342,12189696,0.1064101904630661,2.1853628716644002,0.1077490821480751,0.10751007497310638,2.107142857142857,0.0,0.25,1.3893571428571438,0.10824228823184967,14,0.7777777777777778,649.53,0.10667584091424942,0.9285714285714286,0.10825957357883453,0.10673844814300537,0.10745034366846085,0.10705111175775528,0.10815795511007309,0.10772742331027985,1614,0.10681886970996857,0.10718110203742981,0.75,0.10819979012012482,0.10812590271234512,0.1072283610701561,0.10716602206230164,93,0.1064101904630661,0.10825957357883453,0.1,0.1282051282051282,0.003121837,14,1e-05,32,1.7208211421966553,0.7909276485443115,0.10735900700092316,39,20.409953147172928,0.0,54,0.2,0.14705882352941177,34,0.7857142857142857,0.1875,49,0.12062759399414062,0.037037037037037035,-0.002064782354500494,0.7026511211413891,920
0.1083190068602562,8,0.10829579830169678,417.9613952636719,7540,0.10745162516832352,0.10807856172323227,0.10795589536428452,0.10843942314386368,0.10784409195184708,0.10801985114812851,12320768,0.10734095424413681,2.102945176891576,0.10872447490692139,0.10834915190935135,2.1127450980392157,0.0,0.3284313725490196,1.3835000000000013,0.10906483978033066,18,1.0,652.66,0.10758848488330841,0.8888888888888888,0.1092521995306015,0.1076478362083435,0.10830457508563995,0.1080787405371666,0.10913801193237305,0.10855932533740997,1634,0.1076371818780899,0.107993483543396,0.6715686274509803,0.10910846292972565,0.10902035981416702,0.1081414744257927,0.10812603682279587,94,0.10734095424413681,0.1092521995306015,0.1,0.10526315789473684,0.0032763046,17,1e-05,32,1.58848237991333,0.8036869764328003,0.10825919359922409,57,20.20288334041834,0.0,50,0.2,0.22727272727272727,22,0.5882352941176471,0.34375,67,0.12750701904296874,0.22,-0.002592274226981317,0.6009870905196294,930
0.10932690650224686,9,0.10922816395759583,396.4799499511719,7543,0.10837981849908829,0.10901560634374619,0.1089119240641594,0.10944392532110214,0.10867370665073395,0.10896212607622147,12451840,0.10825777053833008,2.179566453712303,0.10963843762874603,0.10926806181669235,2.1784037558685445,0.0,0.29577464788732394,1.3981502347417847,0.11005566269159317,11,1.0,618.93,0.10840263962745667,0.9090909090909091,0.11028607934713364,0.10859354585409164,0.10937412083148956,0.10886164009571075,0.11000280827283859,0.10941298305988312,1650,0.10865575075149536,0.10891314595937729,0.704225352112676,0.11001987755298615,0.10998555272817612,0.10904617607593536,0.10890758782625198,95,0.10825777053833008,0.11028607934713364,0.1,0.19148936170212766,0.0033130713,16,1e-05,38,1.602221965789795,0.7789636850357056,0.10918497294187546,47,19.99159505069256,0.0,56,0.2,0.2777777777777778,36,0.5625,0.15789473684210525,63,0.1263702392578125,0.17857142857142858,-0.0023933610052154107,0.6400754135567694,940
0.11023534089326859,10,0.11018463224172592,399.32659912109375,7548,0.10924936085939407,0.10994310677051544,0.1099463552236557,0.1104293167591095,0.10949040204286575,0.1099696084856987,12582912,0.10908085852861404,2.233791531729382,0.11052606254816055,0.11017309874296188,2.187192118226601,0.0,0.26108374384236455,1.3930640394088682,0.11108432710170746,13,0.9,624.5,0.10938061028718948,0.9230769230769231,0.11135498434305191,0.10950306802988052,0.11033670604228973,0.10971866548061371,0.11087746173143387,0.11038683354854584,1666,0.10956519097089767,0.10984029620885849,0.7389162561576355,0.1109435185790062,0.11083443462848663,0.10994824022054672,0.10992331802845001,96,0.10908085852861404,0.11135498434305191,0.1,0.08928571428571429,0.0033202763,13,1e-05,36,1.695847511291504,0.7860182523727417,0.11011702567338943,56,19.778837797045707,0.0,46,0.2,0.27586206896551724,29,0.6153846153846154,0.19444444444444445,53,0.12727813720703124,0.08695652173913043,-0.002490780080188415,0.6673356286250055,950
0.11114149540662766,8,0.1110651046037674,372.58648681640625,7540,0.11029517650604248,0.11099027097225189,0.11089301109313965,0.11133085191249847,0.1102694645524025,0.11091701686382294,12713984,0.11006274819374084,2.184262422003591,0.11147313565015793,0.11107765138149261,2.2358078602620086,0.0,0.2445414847161572,1.4032576419213985,0.11203669011592865,14,0.75,588.56,0.11027014255523682,1.0,0.1122170090675354,0.11039585620164871,0.11123963445425034,0.11062838137149811,0.11167048662900925,0.11137551069259644,1686,0.11049354821443558,0.11083047091960907,0.7554585152838428,0.11189531534910202,0.11168617010116577,0.11090945452451706,0.11079329997301102,97,0.11006274819374084,0.1122170090675354,0.1,0.1724137931034483,0.0030865492,23,1e-05,41,1.6414986848831177,0.7818645238876343,0.11103831976652145,58,19.569141456484793,0.0,61,0.2,0.08333333333333333,24,0.4782608695652174,0.12195121951219512,56,0.11808624267578124,0.13114754098360656,-0.0022750504236228155,0.6896975632291287,960
0.11200213432312012,17,0.11198411136865616,430.60858154296875,7544,0.11129173636436462,0.11188886314630508,0.11178863048553467,0.11229604482650757,0.1111639142036438,0.11192352324724197,12845056,0.11091117560863495,2.126866188618937,0.11238089203834534,0.11205130815505981,2.272727272727273,0.0,0.31016042780748665,1.407144385026739,0.11303306370973587,19,0.8823529411764706,671.94,0.1112440675497055,0.9473684210526315,0.1132226437330246,0.11134032905101776,0.112147256731987,0.1116471141576767,0.11269218474626541,0.1123049333691597,1702,0.11143817007541656,0.11174087971448898,0.6898395721925134,0.11286784708499908,0.11260940879583359,0.11177695542573929,0.11164692789316177,98,0.11091117560863495,0.1132226437330246,0.1,0.14285714285714285,0.003160303,15,1e-05,37,1.591510534286499,0.7950938940048218,0.11197574436664581,35,19.3594504699111,0.0,42,0.2,0.22727272727272727,22,0.2,0.1891891891891892,58,0.11804122924804687,0.11904761904761904,-0.0023132761865326756,0.6756660499842837,970
0.11304610222578049,9,0.11294437944889069,413.64227294921875,7548,0.1121407300233841,0.11270411312580109,0.11273622512817383,0.11313451826572418,0.11208245903253555,0.11288924515247345,12976128,0.11196000128984451,2.020205238778713,0.11330857127904892,0.11290165036916733,1.9452054794520548,0.0,0.3424657534246575,1.4024931506849325,0.11411572247743607,22,1.0,650.4,0.11217653751373291,0.9545454545454546,0.11421055346727371,0.11219140887260437,0.11311118304729462,0.11257096379995346,0.11358530074357986,0.1133173257112503,1719,0.11232605576515198,0.11268702149391174,0.6575342465753424,0.11388656497001648,0.1136365458369255,0.11265269666910172,0.11263617873191833,99,0.11196000128984451,0.11421055346727371,0.1,0.18604651162790697,0.0031396945,25,1e-05,34,1.5923457145690918,0.7856361865997314,0.11291807889938354,43,19.1499140009284,0.0,52,0.2,0.29411764705882354,34,0.52,0.29411764705882354,75,0.11572265625,0.07692307692307693,-0.002356292185959319,0.5808012357214466,980
0.11394838243722916,6,0.11393515765666962,395.04534912109375,7540,0.11306429654359818,0.11369801312685013,0.11371319741010666,0.11408074200153351,0.11302279680967331,0.11383433640003204,13107200,0.1128711849451065,2.1370334928089116,0.11430734395980835,0.11384709179401398,2.103286384976526,0.0,0.27230046948356806,1.399812206572771,0.11510872840881348,18,0.8333333333333334,625.29,0.11310425400733948,0.8888888888888888,0.11521762609481812,0.11315129697322845,0.11417467147111893,0.1134902834892273,0.11457538604736328,0.1142328530550003,1738,0.11335396766662598,0.11362254619598389,0.7276995305164319,0.11482454091310501,0.11471208184957504,0.1137232780456543,0.11363814771175385,100,0.1128711849451065,0.11521762609481812,0.1,0.16666666666666666,0.0031696993,13,1e-05,42,1.601396083831787,0.7948116660118103,0.11389009654521942,54,18.937594401836396,0.0,49,0.2,0.2903225806451613,31,0.3076923076923077,0.21428571428571427,58,0.11811065673828125,0.12244897959183673,-0.002245678660483463,0.603697830112651,990
0.11496635526418686,13,0.1149074137210846,435.70977783203125,7544,0.11402156949043274,0.11471514403820038,0.11478375643491745,0.11518897861242294,0.11386322230100632,0.11483404040336609,13238272,0.11386322230100632,2.2520340175329387,0.1152542233467102,0.11483743786811829,2.2464454976303316,0.0,0.25118483412322273,1.3904454976303329,0.1160147488117218,12,1.0,673.47,0.11410318315029144,1.0,0.11616551131010056,0.11416051536798477,0.11520938575267792,0.11435727775096893,0.11551129817962646,0.11519329249858856,1754,0.11436472088098526,0.1146487295627594,0.7488151658767772,0.11572432518005371,0.1155678778886795,0.11474695801734924,0.11458008736371994,101,0.1139029711484909,0.11616551131010056,0.1,0.06666666666666667,0.0032428324,17,1e-05,35,1.57102370262146,0.7999192476272583,0.11486492305994034,45,18.723833766579627,0.0,58,0.2,0.16129032258064516,31,0.5882352941176471,0.2,53,0.1198577880859375,0.05172413793103448,-0.0024710057041374967,0.6555746382568032,1000
0.11587385088205338,9,0.11583929508924484,399.9986267089844,7548,0.11503081768751144,0.11569596081972122,0.11571058630943298,0.11615307629108429,0.11487484723329544,0.11578316241502762,13369344,0.11487484723329544,2.1609709938537764,0.1163138598203659,0.11580687761306763,2.1421319796954315,0.0,0.29441624365482233,1.3940507614213211,0.11694654822349548,11,0.7777777777777778,635.05,0.11497858166694641,0.7272727272727273,0.11707482486963272,0.1151476800441742,0.11625480651855469,0.11536889523267746,0.11640069633722305,0.11620163172483444,1771,0.11528381705284119,0.11560695618391037,0.7055837563451777,0.1165303960442543,0.11655179411172867,0.11583448946475983,0.11550209671258926,102,0.11494094878435135,0.11707482486963272,0.1,0.10204081632653061,0.0031998968,22,1e-05,37,1.4571428298950195,0.795993447303772,0.1158282458782196,49,18.513245816528798,0.0,40,0.2,0.3793103448275862,29,0.5454545454545454,0.21621621621621623,58,0.12225799560546875,0.175,-0.002203541287144617,0.617026496399194,1010
0.11691632866859436,7,0.1168568879365921,429.3349609375,7542,0.11592209339141846,0.1166059598326683,0.11661163717508316,0.11709681898355484,0.11583076417446136,0.1166950985789299,13500416,0.11583076417446136,2.100010536993637,0.11728125065565109,0.1168479174375534,2.2102564102564104,0.0,0.3333333333333333,1.409025641025642,0.11783649027347565,14,0.8571428571428571,674.34,0.11603300273418427,0.9285714285714286,0.11805617064237595,0.11611063033342361,0.1172289177775383,0.11634301394224167,0.11747361719608307,0.1173153966665268,1789,0.11629312485456467,0.11656805127859116,0.6666666666666666,0.11748025566339493,0.11764540523290634,0.11681123077869415,0.11654887348413467,103,0.11595899611711502,0.11805617064237595,0.1,0.13953488372093023,0.0032386084,13,1e-05,44,1.4534623622894287,0.7934491038322449,0.11681472510099411,43,18.302939848601817,0.0,45,0.2,0.3103448275862069,29,0.8461538461538461,0.29545454545454547,65,0.12102432250976562,0.15555555555555556,-0.002571466666586275,0.6427272681379691,1020
0.11785337328910828,10,0.11791469901800156,417.4608154296875,7546,0.11698807030916214,0.11759305000305176,0.11765522509813309,0.11803897470235825,0.116775281727314,0.11778590083122253,13631488,0.116775281727314,2.1217958930656846,0.1183154284954071,0.11778834462165833,2.289719626168224,0.0,0.2803738317757009,1.40166355140187,0.11886241286993027,10,0.9,652.78,0.11693904548883438,0.9,0.11906901746988297,0.11708361655473709,0.11827664822340012,0.11738654971122742,0.11842947453260422,0.11842718720436096,1806,0.11728748679161072,0.1174384206533432,0.719626168224299,0.11843523383140564,0.11869705468416214,0.11771868914365768,0.1175544485449791,104,0.11690150201320648,0.11906901746988297,0.1,0.15217391304347827,0.0032178126,16,1e-05,33,1.5539053678512573,0.7865233421325684,0.11780860275030136,46,18.09095906019211,0.0,70,0.2,0.3793103448275862,29,0.4375,0.21212121212121213,60,0.12049102783203125,0.14285714285714285,-0.0025287819012191903,0.5813148691551759,1030
0.11874591559171677,10,0.11895251274108887,368.14239501953125,7549,0.11802588403224945,0.1185101717710495,0.11875145882368088,0.11905791610479355,0.1178002804517746,0.11891760677099228,13762560,0.1178002804517746,2.24016945955631,0.11927811056375504,0.11885292083024979,2.1506849315068495,0.0,0.2374429223744292,1.4075068493150698,0.11982174217700958,11,1.0,576.42,0.11795356124639511,0.9090909090909091,0.12001879513263702,0.1180390864610672,0.11918148398399353,0.11846005916595459,0.11935076117515564,0.11948072910308838,1822,0.11835642158985138,0.11846785247325897,0.7625570776255708,0.11943598836660385,0.11975908279418945,0.11878161877393723,0.11847005784511566,105,0.11788133531808853,0.12001879513263702,0.1,0.07407407407407407,0.0032229489,16,1e-05,41,1.506609559059143,0.7895405292510986,0.11881405860185623,54,17.878526405990122,0.0,48,0.2,0.10256410256410256,39,0.5625,0.1951219512195122,52,0.12095260620117188,0.14583333333333334,-0.0024037701788074627,0.6348841473460197,1040
0.11971112340688705,7,0.11995460093021393,363.223388671875,7542,0.11910663545131683,0.11954501271247864,0.11969439685344696,0.12000374495983124,0.11866047233343124,0.11987220495939255,13893632,0.11866047233343124,2.189249386543175,0.12028979510068893,0.11976601928472519,2.0776699029126213,0.0,0.2766990291262136,1.3945922330097096,0.1209481731057167,10,0.7142857142857143,579.27,0.11892775446176529,1.0,0.12100808322429657,0.11905672401189804,0.12024268507957458,0.1193595826625824,0.12041294574737549,0.12047994136810303,1841,0.1192522868514061,0.11954543739557266,0.7233009708737864,0.12047713249921799,0.1207212433218956,0.11983717232942581,0.1194600760936737,106,0.11882104724645615,0.12100808322429657,0.1,0.09615384615384616,0.0031157152,19,1e-05,31,1.5444774627685547,0.8005199432373047,0.11980617791414261,52,17.66846318393946,0.0,52,0.2,0.2857142857142857,35,0.5263157894736842,0.25806451612903225,57,0.1143157958984375,0.17307692307692307,-0.0023323624408021714,0.6560134325176478,1050
0.12081176787614822,6,0.12105589359998703,399.8613586425781,7546,0.12003667652606964,0.12059076130390167,0.12079627066850662,0.12094180285930634,0.1196395605802536,0.12088616192340851,14024704,0.1196395605802536,2.201803649198412,0.12145299464464188,0.12078811973333359,2.205607476635514,0.0,0.2897196261682243,1.3897383177570104,0.12194974720478058,11,1.0,628.53,0.11993835866451263,0.9090909090909091,0.12201002985239029,0.11995536834001541,0.12143941223621368,0.12046239525079727,0.12134315073490143,0.12141787260770798,1858,0.1203022450208664,0.12051151692867279,0.7102803738317757,0.12144868075847626,0.1218191534280777,0.12082334607839584,0.12054036557674408,107,0.11987780779600143,0.12201002985239029,0.1,0.14516129032258066,0.0032106317,21,1e-05,38,1.6648344993591309,0.7750035524368286,0.12083357572555542,62,17.457509994506836,0.0,52,0.2,0.25,24,0.5714285714285714,0.34210526315789475,62,0.12075424194335938,0.11538461538461539,-0.0023958043405400533,0.6789390141610057,1060
0.12184154987335205,9,0.12200596183538437,396.6890563964844,7550,0.12105849385261536,0.12165170907974243,0.12173483520746231,0.12189332395792007,0.12058199197053909,0.12184776365756989,14155776,0.12058199197053909,2.1084255563246352,0.12248099595308304,0.12184912711381912,2.0854271356783918,0.0,0.2964824120603015,1.3937487437185938,0.12304304540157318,18,1.0,635.37,0.12093822658061981,0.8333333333333334,0.12297825515270233,0.12104354798793793,0.12248572707176208,0.12145791947841644,0.12236975878477097,0.1223369687795639,1874,0.12128739058971405,0.12148722261190414,0.7035175879396985,0.122564397752285,0.12280228734016418,0.12182071805000305,0.12153375148773193,108,0.12089809775352478,0.12304304540157318,0.1,0.19148936170212766,0.003099188,13,1e-05,38,1.5739703178405762,0.7870708703994751,0.1218397244811058,47,17.24790411889553,0.0,43,0.2,0.16129032258064516,31,0.46153846153846156,0.23684210526315788,59,0.116455078125,0.13953488372093023,-0.002293023604397604,0.6661748841172084,1070
0.12286712229251862,6,0.12296327203512192,429.5767517089844,7543,0.12209209054708481,0.12268950045108795,0.12271615117788315,0.1227547749876976,0.12164710462093353,0.12294020503759384,14286848,0.12164710462093353,2.0072856042580587,0.12353593111038208,0.12289589643478394,1.913265306122449,0.0,0.3469387755102041,1.389540816326532,0.12402117997407913,26,0.8333333333333334,673.8,0.12212566286325455,0.8846153846153846,0.123952217400074,0.12208825349807739,0.12357231229543686,0.12245185673236847,0.12345186620950699,0.12328832596540451,1893,0.12231818586587906,0.12255749851465225,0.6530612244897959,0.12365692108869553,0.12387894839048386,0.12287389487028122,0.12272331863641739,109,0.12183893471956253,0.12402117997407913,0.1,0.275,0.0031495756,9,1e-05,45,1.5056195259094238,0.7907445430755615,0.12287606298923492,40,17.037853287160395,0.0,34,0.2,0.19444444444444445,36,0.4444444444444444,0.24444444444444444,68,0.11728134155273437,0.20588235294117646,-0.002444512045940428,0.6104729449143633,1080
0.12393870949745178,9,0.12405237555503845,380.9910583496094,7547,0.12312212586402893,0.1237819641828537,0.12372884899377823,0.12388579547405243,0.12271249294281006,0.12398407608270645,14417920,0.12271249294281006,2.0732068909016457,0.12451638281345367,0.123931385576725,2.076923076923077,0.0,0.3173076923076923,1.4003846153846164,0.12507739663124084,15,1.0,601.96,0.12306211143732071,0.9333333333333333,0.12501174211502075,0.12312529981136322,0.12466654181480408,0.1235126331448555,0.1244187206029892,0.12447847425937653,1910,0.12337863445281982,0.12353263050317764,0.6826923076923077,0.12460404634475708,0.12485798448324203,0.12390913814306259,0.12371177226305008,110,0.1228470578789711,0.12507739663124084,0.1,0.13725490196078433,0.0030931067,19,1e-05,41,1.375765323638916,0.8010536432266235,0.12391393631696701,51,16.827089935541153,0.0,39,0.2,0.23529411764705882,34,0.6842105263157895,0.2682926829268293,66,0.11319808959960938,0.10256410256410256,-0.0022628197137237295,0.5622212442802266,1090
0.12502652406692505,14,0.1251033991575241,431.7986755371094,7551,0.12414105236530304,0.12487676739692688,0.12468711286783218,0.12502649426460266,0.12385443598031998,0.12508413195610046,14548992,0.12371905893087387,2.0756783446957154,0.12558190524578094,0.12497708201408386,2.090452261306533,0.0,0.32160804020100503,1.4115778894472373,0.126023069024086,14,0.8571428571428571,680.12,0.12406870722770691,1.0,0.12595833837985992,0.12408095598220825,0.1256541609764099,0.12453291565179825,0.12543590366840363,0.12542417645454407,1926,0.12440647184848785,0.12459317594766617,0.678391959798995,0.12563100457191467,0.12586036324501038,0.12485849112272263,0.12475118786096573,111,0.12371905893087387,0.126023069024086,0.1,0.13043478260869565,0.0030615083,21,1e-05,31,1.3832672834396362,0.8071244955062866,0.12493427097797394,46,16.620477691292763,0.0,41,0.2,0.3125,32,0.6190476190476191,0.25806451612903225,64,0.11326828002929687,0.024390243902439025,-0.0021796543329401174,0.5858966476516798,1100
0.12604603171348572,13,0.12615953385829926,385.2420959472656,7544,0.12526310980319977,0.12593117356300354,0.12573879957199097,0.1260153204202652,0.12480765581130981,0.12615947425365448,14680064,0.12480765581130981,2.202617848626059,0.1266193389892578,0.1259634792804718,2.2837209302325583,0.0,0.27906976744186046,1.399274418604652,0.12701372802257538,11,0.8461538461538461,613.18,0.1252148449420929,1.0,0.1269431859254837,0.12520840764045715,0.12673528492450714,0.1256728619337082,0.12649188935756683,0.12642121315002441,1945,0.12539419531822205,0.12568622827529907,0.7209302325581395,0.1267564594745636,0.12697593867778778,0.12602593004703522,0.12579567730426788,112,0.12486611306667328,0.12701372802257538,0.1,0.13725490196078433,0.0031524627,14,1e-05,42,1.3148897886276245,0.7771631479263306,0.12599623203277588,51,16.410765753686427,0.0,51,0.2,0.18181818181818182,33,0.6428571428571429,0.2619047619047619,60,0.11728363037109375,0.09803921568627451,-0.002256462263812864,0.5878043677425012,1110
0.12728983163833618,7,0.12727105617523193,386.7208251953125,7547,0.1263275146484375,0.12705431878566742,0.12663325667381287,0.1270468533039093,0.12594389915466309,0.1273670345544815,14811136,0.1259072721004486,2.206507645902414,0.12769386172294617,0.12698306143283844,2.0492610837438425,0.0,0.2512315270935961,1.4029064039408876,0.1281014084815979,15,1.0,619.36,0.12626972794532776,0.8666666666666667,0.12810589373111725,0.12628082931041718,0.1278626173734665,0.1266300231218338,0.12745638191699982,0.12753106653690338,1962,0.12657219171524048,0.12672141194343567,0.7487684729064039,0.12791907787322998,0.12817949056625366,0.12708733975887299,0.12689226865768433,113,0.1259072721004486,0.12817949056625366,0.1,0.0784313725490196,0.0031610446,16,1e-05,35,1.4923194646835327,0.780452311038971,0.12708508968353271,51,16.19767011255026,0.0,46,0.2,0.21212121212121213,33,0.5,0.2857142857142857,51,0.11802139282226562,0.043478260869565216,-0.0022953915114158007,0.6938793126726523,1120
0.12836593389511108,10,0.12839308381080627,375.25335693359375,7551,0.12735848128795624,0.12809331715106964,0.12777402997016907,0.1280837506055832,0.12702226638793945,0.1284165233373642,14942208,0.1269582360982895,2.1527462599444487,0.1286257803440094,0.12806351482868195,2.0511627906976746,0.0,0.2837209302325581,1.4039069767441872,0.12932424247264862,15,0.9,600.26,0.12741486728191376,0.9333333333333333,0.12911665439605713,0.12738148868083954,0.12896205484867096,0.12779571115970612,0.12855906784534454,0.1285155862569809,1978,0.1276097148656845,0.1277516633272171,0.7162790697674418,0.12886492908000946,0.12922050058841705,0.12821859121322632,0.12801259756088257,114,0.1269582360982895,0.12932424247264862,0.1,0.12195121951219512,0.003185581,19,1e-05,44,1.3636150360107422,0.7802503705024719,0.12815609574317932,41,15.985514003783464,0.0,43,0.2,0.11627906976744186,43,0.5263157894736842,0.25,61,0.11826248168945312,0.16279069767441862,-0.002477362839044872,0.6709904854884371,1130
0.1294143944978714,18,0.12936139106750488,369.8174743652344,7544,0.1284627616405487,0.12921646237373352,0.12892383337020874,0.12924838066101074,0.12809503078460693,0.12956354022026062,15073280,0.12805460393428802,2.08968094948739,0.12975700199604034,0.1291225552558899,2.2536585365853656,0.0,0.35609756097560974,1.3959219512195133,0.13046187162399292,17,1.0,591.24,0.12844859063625336,1.0,0.1302771121263504,0.1282644271850586,0.13004279136657715,0.12890957295894623,0.1297522932291031,0.1296546906232834,1997,0.12872815132141113,0.12873958051204681,0.6439024390243903,0.12998101115226746,0.13041192293167114,0.1291872262954712,0.12913300096988678,115,0.12805460393428802,0.13046187162399292,0.1,0.16666666666666666,0.003142883,15,1e-05,38,1.3653714656829834,0.8049770593643188,0.1292484849691391,48,15.774461099505425,0.0,42,0.2,0.2962962962962963,27,0.4666666666666667,0.2631578947368421,73,0.11632308959960938,0.11904761904761904,-0.0026259307749569418,0.6080938441213221,1140
0.13050991296768188,10,0.13063311576843262,414.62567138671875,7547,0.1295558214187622,0.1302795708179474,0.1300783008337021,0.13035742938518524,0.12912102043628693,0.1306912899017334,15204352,0.12912102043628693,2.053198018099999,0.13098298013210297,0.1302400678396225,2.086734693877551,0.0,0.3673469387755102,1.410642857142858,0.1316005140542984,20,1.0,659.52,0.12943093478679657,0.9,0.13133518397808075,0.12949544191360474,0.1311694234609604,0.1299595981836319,0.13081566989421844,0.13079355657100677,2014,0.129725843667984,0.12981940805912018,0.6326530612244898,0.13113683462142944,0.13153690099716187,0.13006632030010223,0.130264014005661,116,0.12922555208206177,0.1316005140542984,0.1,0.21739130434782608,0.003111058,12,1e-05,41,1.448718547821045,0.7763902544975281,0.13035298883914948,46,15.561796049028635,0.0,37,0.2,0.3,30,0.5,0.34146341463414637,72,0.11455001831054687,0.13513513513513514,-0.002370414889992389,0.6030505228322,1150
0.13161711394786835,6,0.13171212375164032,452.6505432128906,7551,0.1307692676782608,0.13137558102607727,0.13116554915905,0.1314493715763092,0.13032184541225433,0.13191410899162292,15335424,0.13025711476802826,2.051917951226558,0.13204674422740936,0.1312464326620102,2.0259067357512954,0.0,0.35751295336787564,1.4048808290155452,0.13278567790985107,16,1.0,718.03,0.1306244283914566,0.9375,0.132425919175148,0.13055583834648132,0.13227039575576782,0.13107939064502716,0.13193440437316895,0.13186275959014893,2030,0.13086271286010742,0.13101355731487274,0.6424870466321243,0.13220185041427612,0.1326650232076645,0.1311551034450531,0.13145463168621063,117,0.13025711476802826,0.13278567790985107,0.1,0.21621621621621623,0.003228959,21,1e-05,36,1.3393369913101196,0.7767293453216553,0.1314706951379776,37,15.348625849187375,0.0,46,0.2,0.16129032258064516,31,0.47619047619047616,0.4722222222222222,69,0.12221832275390625,0.17391304347826086,-0.0027086177906312514,0.582235123240389,1160
0.13271930813789368,11,0.13295553624629974,410.5408630371094,7545,0.13186386227607727,0.1325102150440216,0.13223911821842194,0.13262726366519928,0.13134564459323883,0.13290226459503174,15466496,0.13134564459323883,2.124975221781465,0.13314732909202576,0.13228344917297363,2.077294685990338,0.0,0.3188405797101449,1.4114009661835758,0.1339661180973053,15,0.8181818181818182,654.31,0.13184159994125366,1.0,0.13348810374736786,0.13153275847434998,0.13347910344600677,0.13228827714920044,0.1331626921892166,0.13295738399028778,2049,0.13198067247867584,0.13222908973693848,0.6811594202898551,0.13318279385566711,0.13370418548583984,0.13222846388816833,0.13260576128959656,118,0.1313713788986206,0.1339661180973053,0.1,0.203125,0.0031930846,16,1e-05,33,1.3482692241668701,0.7741162776947021,0.13258449733257294,64,15.136644899845123,0.0,38,0.2,0.26666666666666666,30,0.5,0.18181818181818182,66,0.118365478515625,0.18421052631578946,-0.002643853049539757,0.6013322619255632,1170
0.13392505049705505,14,0.13394233584403992,357.2565612792969,7548,0.13297706842422485,0.13357976078987122,0.13326658308506012,0.13369350135326385,0.13251517713069916,0.1339118331670761,15597568,0.13251517713069916,2.2526034286484213,0.13431158661842346,0.1334111988544464,2.383177570093458,0.0,0.2570093457943925,1.396672897196263,0.13502465188503265,12,0.8571428571428571,572.58,0.13301122188568115,1.0,0.13462038338184357,0.13256902992725372,0.13466760516166687,0.13341756165027618,0.13438253104686737,0.13407684862613678,2066,0.13319461047649384,0.13340172171592712,0.7429906542056075,0.1342654824256897,0.13495488464832306,0.13336661458015442,0.1336589902639389,119,0.1325307935476303,0.13502465188503265,0.1,0.06976744186046512,0.0032151851,11,1e-05,55,1.4161245822906494,0.7985254526138306,0.13370707631111145,43,14.925736294686795,0.0,45,0.2,0.14705882352941177,34,0.6363636363636364,0.18181818181818182,55,0.12124481201171874,0.13333333333333333,-0.0024696503953691717,0.5911885888315738,1180
0.13501226902008057,15,0.13496407866477966,400.8153991699219,7552,0.13397951424121857,0.13468918204307556,0.13442037999629974,0.13481096923351288,0.1337129771709442,0.135018989443779,15728640,0.13357186317443848,2.1657820613121013,0.1353442668914795,0.13463713228702545,2.2057416267942584,0.0,0.3014354066985646,1.4033492822966516,0.13614939153194427,15,0.8666666666666667,649.44,0.13420544564723969,1.0,0.13583749532699585,0.1337451934814453,0.1358494907617569,0.13470616936683655,0.1355481892824173,0.13529415428638458,2082,0.13425399363040924,0.13441380858421326,0.6985645933014354,0.1354018598794937,0.1360422521829605,0.13452816009521484,0.13478821516036987,120,0.13357186317443848,0.13614939153194427,0.1,0.1111111111111111,0.0030683225,12,1e-05,35,1.460363507270813,0.7994634509086609,0.13483701646327972,54,14.715020491182804,0.0,47,0.2,0.2903225806451613,31,0.8333333333333334,0.17142857142857143,63,0.11159896850585938,0.0851063829787234,-0.0024057432422523563,0.6471036720788106,1190
0.13617531955242157,9,0.1360872983932495,401.5758056640625,7546,0.1350642591714859,0.13596130907535553,0.13559013605117798,0.1359298676252365,0.13493412733078003,0.13623324036598206,15859712,0.1347912698984146,2.001651388353003,0.13655540347099304,0.13567762076854706,2.045,0.0,0.32,1.4163100000000008,0.13739822804927826,16,0.7777777777777778,652.87,0.13534027338027954,0.875,0.13697481155395508,0.13486357033252716,0.1370489001274109,0.13581113517284393,0.1366947740316391,0.13635136187076569,2101,0.13543090224266052,0.13548648357391357,0.68,0.13655346632003784,0.13729828596115112,0.13558329641819,0.13592039048671722,121,0.1347912698984146,0.13739822804927826,0.1,0.21428571428571427,0.0030756555,13,1e-05,40,1.4339778423309326,0.7781429290771484,0.1359902322292328,42,14.50360641553998,0.0,41,0.2,0.38461538461538464,39,0.3076923076923077,0.2,64,0.11320266723632813,0.17073170731707318,-0.0022418590849611064,0.6578581492649391,1200
0.1373765468597412,9,0.1372227817773819,426.3016662597656,7549,0.13621872663497925,0.13706140220165253,0.13677573204040527,0.13694614171981812,0.13612905144691467,0.13736969232559204,15990784,0.13589894771575928,2.218948065060996,0.13766470551490784,0.13687357306480408,2.2803738317757007,0.0,0.3130841121495327,1.3919345794392535,0.13853827118873596,13,0.7777777777777778,682.24,0.1363850235939026,0.9230769230769231,0.13820472359657288,0.13605380058288574,0.13830292224884033,0.13688766956329346,0.13790428638458252,0.1374552994966507,2118,0.13637372851371765,0.13649949431419373,0.6869158878504673,0.13772466778755188,0.1383914202451706,0.13674306869506836,0.13705918192863464,122,0.13589894771575928,0.13853827118873596,0.1,0.08620689655172414,0.0030862358,22,1e-05,45,1.2492870092391968,0.8075344562530518,0.13712243735790253,58,14.293325962126255,0.0,46,0.2,0.23809523809523808,21,0.6363636363636364,0.4,67,0.11350860595703124,0.13043478260869565,-0.0024125840035594593,0.59296729399357,1210
0.138437420129776,8,0.13836292922496796,421.478271484375,7552,0.1373787522315979,0.13828107714653015,0.13791373372077942,0.13819445669651031,0.13731399178504944,0.13851672410964966,16121856,0.13698092103004456,2.1501350411741984,0.13881561160087585,0.13804718852043152,2.263681592039801,0.0,0.27860696517412936,1.3845273631840807,0.13970397412776947,13,1.0,677.67,0.13744404911994934,0.9230769230769231,0.13935115933418274,0.13724514842033386,0.13939590752124786,0.13801752030849457,0.13904257118701935,0.13870644569396973,2134,0.13749632239341736,0.1376432627439499,0.7213930348258707,0.13882850110530853,0.1396685540676117,0.1379265934228897,0.13831445574760437,123,0.13698092103004456,0.13970397412776947,0.1,0.09302325581395349,0.003108871,15,1e-05,42,1.3207433223724365,0.7821303606033325,0.13828109204769135,43,14.0845361456275,0.0,53,0.2,0.2962962962962963,27,0.5333333333333333,0.11904761904761904,56,0.1146820068359375,0.20754716981132076,-0.002385053699481432,0.6443093558540568,1220
0.1397053450345993,16,0.13965316116809845,391.08929443359375,7546,0.13862846791744232,0.1394553929567337,0.1390620619058609,0.13939335942268372,0.13845285773277283,0.13970942795276642,16252928,0.13819901645183563,2.162725193043424,0.13982214033603668,0.13926871120929718,2.537313432835821,0.0,0.3034825870646766,1.4057910447761204,0.14084279537200928,8,0.875,632.34,0.1386886090040207,0.875,0.1405736804008484,0.13826225697994232,0.14047616720199585,0.13917377591133118,0.14012786746025085,0.1399250030517578,2153,0.13865382969379425,0.13874809443950653,0.6965174129353234,0.14007027447223663,0.14093028008937836,0.13904783129692078,0.13957101106643677,124,0.13819901645183563,0.14093028008937836,0.1,0.14035087719298245,0.0031607957,13,1e-05,44,1.4188421964645386,0.7919195890426636,0.13945765793323517,57,13.87327175140381,0.0,45,0.2,0.1111111111111111,18,0.6923076923076923,0.18181818181818182,61,0.11641311645507812,0.28888888888888886,-0.002577267842798392,0.6177440422819928,1230
0.1408032923936844,10,0.14087213575839996,416.2534484863281,7549,0.13974477350711823,0.14054645597934723,0.14015290141105652,0.140549436211586,0.1395760327577591,0.14089836180210114,16384000,0.1394025981426239,2.1012376904701338,0.14095903933048248,0.1404743641614914,2.293269230769231,0.0,0.3125,1.4032884615384627,0.14209319651126862,17,0.9,669.37,0.13973940908908844,0.8823529411764706,0.14184854924678802,0.13948066532611847,0.1415424942970276,0.14040447771549225,0.1413252353668213,0.14118404686450958,2170,0.13986605405807495,0.13983772695064545,0.6875,0.14123764634132385,0.14225181937217712,0.140236958861351,0.1407022923231125,125,0.1394025981426239,0.14225181937217712,0.1,0.21568627450980393,0.0030897576,20,1e-05,43,1.4489305019378662,0.7877407670021057,0.14062920212745667,51,13.663070444017649,0.0,50,0.2,0.29411764705882354,17,0.5,0.2558139534883721,65,0.1079315185546875,0.08,-0.0023719147100564443,0.5880013020709157,1240
0.14196261763572693,9,0.14194601774215698,366.5550537109375,7552,0.14088909327983856,0.14176465570926666,0.1413053274154663,0.14189231395721436,0.14076068997383118,0.14216981828212738,16515072,0.14063872396945953,2.137009308112545,0.14220339059829712,0.1416996270418167,2.108490566037736,0.0,0.2830188679245283,1.3925471698113217,0.14334063231945038,15,0.8888888888888888,588.69,0.14103049039840698,0.9333333333333333,0.14294101297855377,0.14070914685726166,0.14273518323898315,0.14160685241222382,0.1426377147436142,0.1423269361257553,2186,0.14099633693695068,0.14098292589187622,0.7169811320754716,0.1424800157546997,0.143335223197937,0.14140452444553375,0.14191147685050964,126,0.14063872396945953,0.14334063231945038,0.1,0.08064516129032258,0.0031156107,13,1e-05,37,1.2567236423492432,0.7989808917045593,0.1418268233537674,62,13.45256111547351,0.0,44,0.2,0.375,32,0.3076923076923077,0.2702702702702703,60,0.11274185180664062,0.1590909090909091,-0.0023212844584577395,0.6002824317431077,1250
0.14312970638275146,9,0.1431410163640976,409.18304443359375,7546,0.14211082458496094,0.14295688271522522,0.1425352841615677,0.14308348298072815,0.14191216230392456,0.14336884021759033,16646144,0.1417396366596222,2.1475971820722823,0.14340539276599884,0.14278466999530792,2.1573604060913705,0.0,0.3401015228426396,1.393756345177666,0.14447420835494995,13,0.8888888888888888,663.31,0.14213451743125916,0.9230769230769231,0.14413569867610931,0.1417396366596222,0.14396777749061584,0.14279641211032867,0.14378869533538818,0.14341263473033905,2205,0.14214417338371277,0.14211386442184448,0.6598984771573604,0.14367198944091797,0.14451098442077637,0.14257514476776123,0.14306776225566864,127,0.14188072085380554,0.14451098442077637,0.1,0.23809523809523808,0.0029781912,12,1e-05,27,1.2091137170791626,0.7969217896461487,0.14299370348453522,42,13.244536416977644,0.0,63,0.2,0.3225806451612903,31,0.5833333333333334,0.3333333333333333,67,0.10766448974609374,0.1746031746031746,-0.002210969344969271,0.6033105496084318,1260
0.14438579976558685,15,0.1445334106683731,380.20428466796875,7550,0.1434285044670105,0.14411073923110962,0.1437239795923233,0.1442669779062271,0.1431403011083603,0.1445755511522293,16777216,0.14290571212768555,2.0502337846564593,0.1445523053407669,0.14408135414123535,2.13,0.0,0.325,1.4056200000000008,0.1457722783088684,20,0.8,622.09,0.14334428310394287,1.0,0.14537891745567322,0.14290571212768555,0.14511746168136597,0.1440558284521103,0.14507707953453064,0.14465133845806122,2222,0.143289253115654,0.14348410069942474,0.675,0.14490853250026703,0.14566661417484283,0.1437843292951584,0.14432266354560852,128,0.14306926727294922,0.1457722783088684,0.1,0.13043478260869565,0.0031255228,19,1e-05,35,1.3924932479858398,0.7761200666427612,0.14422507584095,46,13.034198556840419,0.0,40,0.2,0.28,25,0.47368421052631576,0.22857142857142856,65,0.113189697265625,0.075,-0.002446103221609519,0.6106840098276735,1270
0.14557747542858124,12,0.1458112895488739,383.8536682128906,7552,0.14465314149856567,0.1453593522310257,0.1450156718492508,0.1453554928302765,0.14434897899627686,0.145796999335289,16908288,0.14412856101989746,2.082937818111793,0.14588090777397156,0.14521044492721558,1.9565217391304348,0.0,0.3217391304347826,1.406800000000001,0.1470833122730255,22,0.8333333333333334,619.03,0.14460887014865875,1.0,0.14671413600444794,0.14412856101989746,0.14630964398384094,0.1452188938856125,0.14627774059772491,0.145911306142807,2238,0.14439620077610016,0.144753560423851,0.6782608695652174,0.1461166888475418,0.14690625667572021,0.1449851095676422,0.1455177217721939,129,0.14432191848754883,0.1470833122730255,0.1,0.14814814814814814,0.003069961,18,1e-05,37,1.2371890544891357,0.7805357575416565,0.1454503983259201,54,12.82176830843091,0.0,46,0.2,0.1951219512195122,41,0.6666666666666666,0.24324324324324326,74,0.10944442749023438,0.10869565217391304,-0.00248405057045602,0.6181535736192018,1280
0.14685840904712677,9,0.14706486463546753,369.1888427734375,7547,0.14592085778713226,0.14648769795894623,0.14617840945720673,0.14659741520881653,0.14550168812274933,0.1471037119626999,17039360,0.14530141651630402,2.1521434804273905,0.14710895717144012,0.14645026624202728,2.233695652173913,0.0,0.2554347826086957,1.3992173913043489,0.14822570979595184,13,0.7777777777777778,595.43,0.14576518535614014,0.8461538461538461,0.1478988081216812,0.14530141651630402,0.14744779467582703,0.14652547240257263,0.1475568413734436,0.14707155525684357,2257,0.14560151100158691,0.14603382349014282,0.7445652173913043,0.14729240536689758,0.14817440509796143,0.14615817368030548,0.1467927098274231,130,0.14558202028274536,0.14822570979595184,0.1,0.10204081632653061,0.0030192193,9,1e-05,35,1.2962522506713867,0.8180177211761475,0.14666801691055298,49,12.611722577363253,0.0,44,0.2,0.24,25,0.4444444444444444,0.22857142857142856,47,0.109368896484375,0.13636363636363635,-0.002384163276201434,0.5888300047256052,1290
0.1479588896036148,14,0.1483391374349594,400.6470947265625,7550,0.14721520245075226,0.14772506058216095,0.14745405316352844,0.14775770902633667,0.14664533734321594,0.14832955598831177,17170432,0.14662319421768188,2.0834435049778555,0.1483653336763382,0.14763468503952026,2.2916666666666665,0.0,0.37037037037037035,1.4164351851851862,0.14945240318775177,14,0.7857142857142857,643.61,0.14713910222053528,0.9285714285714286,0.1491471827030182,0.14662319421768188,0.14870721101760864,0.14780591428279877,0.14865101873874664,0.1482936143875122,2274,0.14673662185668945,0.14718332886695862,0.6296296296296297,0.14849799871444702,0.1494676172733307,0.1475522816181183,0.1481146365404129,131,0.14678175747394562,0.1494676172733307,0.1,0.16326530612244897,0.0030795461,13,1e-05,40,1.2492139339447021,0.7902921438217163,0.14790315926074982,49,12.402699883282185,0.0,56,0.2,0.5333333333333333,30,0.5384615384615384,0.3,80,0.11539840698242188,0.23214285714285715,-0.00226774045363527,0.6016534620895981,1300
0.14926637709140778,8,0.1495928168296814,380.9374694824219,7553,0.1485099494457245,0.14889350533485413,0.1487150937318802,0.14899878203868866,0.14791439473628998,0.14959512650966644,17301504,0.14791439473628998,2.110191382254497,0.1495891958475113,0.14883717894554138,2.2311557788944723,0.0,0.31155778894472363,1.4026633165829157,0.15068259835243225,17,0.875,624.04,0.14836741983890533,0.9411764705882353,0.15053598582744598,0.14793790876865387,0.14995191991329193,0.1490919142961502,0.1499263495206833,0.14952504634857178,2290,0.14795416593551636,0.1484806090593338,0.6884422110552764,0.149666428565979,0.1508524864912033,0.14876538515090942,0.14932022988796234,132,0.14805303514003754,0.1508524864912033,0.1,0.13793103448275862,0.0030492223,16,1e-05,37,1.15769624710083,0.785976767539978,0.1491609662771225,58,12.191445888578892,0.0,47,0.2,0.3125,16,0.625,0.24324324324324326,62,0.107427978515625,0.14893617021276595,-0.0021274163408179446,0.5863501645857468,1310
0.15049633383750916,13,0.15090607106685638,399.349853515625,7547,0.14972306787967682,0.15018391609191895,0.15004311501979828,0.15012435615062714,0.14918215572834015,0.1508057564496994,17432576,0.14914725720882416,2.105056013858686,0.1508069485425949,0.15023495256900787,2.1822660098522166,0.0,0.3399014778325123,1.4110541871921192,0.15199358761310577,19,0.9230769230769231,641.92,0.14951276779174805,1.0,0.1518353819847107,0.14914725720882416,0.1512264460325241,0.15042239427566528,0.15116803348064423,0.15077154338359833,2309,0.14922454953193665,0.1497104912996292,0.6600985221674877,0.15094636380672455,0.15217362344264984,0.15003488957881927,0.15078428387641907,133,0.1492869108915329,0.15217362344264984,0.1,0.05128205128205128,0.0031654856,12,1e-05,40,1.1732368469238281,0.7895018458366394,0.15042980015277863,39,11.980000541359185,0.0,49,0.2,0.3225806451612903,31,0.8333333333333334,0.275,69,0.11557693481445312,0.10204081632653061,-0.002781176774078631,0.6189262595027685,1320
0.1517527848482132,5,0.15213190019130707,391.6047668457031,7550,0.15094932913780212,0.15163405239582062,0.15124353766441345,0.1514391005039215,0.15057207643985748,0.1522425264120102,17563648,0.1503688544034958,2.194727638949618,0.15216757357120514,0.15152393281459808,2.243781094527363,0.0,0.2885572139303483,1.410358208955225,0.1532505601644516,14,1.0,631.17,0.15069186687469482,1.0,0.15312567353248596,0.15040427446365356,0.1525551825761795,0.1516796499490738,0.1524895429611206,0.15211646258831024,2326,0.1503688544034958,0.15101149678230286,0.7114427860696517,0.15231291949748993,0.1534947007894516,0.15125812590122223,0.15215834975242615,134,0.1507335752248764,0.1534947007894516,0.1,0.09836065573770492,0.003201379,12,1e-05,45,1.0793664455413818,0.7874661087989807,0.15173231065273285,61,11.766465932875871,0.0,42,0.2,0.2727272727272727,22,0.5833333333333334,0.28888888888888886,58,0.1145477294921875,0.16666666666666666,-0.002505676912005583,0.5668879934353754,1330
0.15278583765029907,9,0.15333834290504456,426.2283935546875,7553,0.15235458314418793,0.15290004014968872,0.15254758298397064,0.1528378576040268,0.15183037519454956,0.1535830795764923,17694720,0.15168710052967072,2.0638688681741417,0.1534986048936844,0.15280459821224213,2.0441176470588234,0.0,0.35294117647058826,1.406872549019609,0.15466830134391785,17,0.8888888888888888,687.52,0.15205927193164825,0.9411764705882353,0.15451857447624207,0.15168710052967072,0.15398716926574707,0.1529330164194107,0.15372119843959808,0.15330375730991364,2342,0.1517111212015152,0.1523425281047821,0.6470588235294118,0.1534818857908249,0.15479661524295807,0.15247535705566406,0.1533849537372589,135,0.15187466144561768,0.15479661524295807,0.1,0.1282051282051282,0.00315144,23,1e-05,39,1.2690980434417725,0.7906184792518616,0.153017058968544,39,11.553225319087506,0.0,44,0.2,0.3333333333333333,33,0.7391304347826086,0.28205128205128205,72,0.114501953125,0.09090909090909091,-0.002495253226697969,0.6258740580407902,1340
0.15401791036128998,11,0.15462863445281982,393.7773132324219,7548,0.15376338362693787,0.15422698855400085,0.15390487015247345,0.1541263610124588,0.15317775309085846,0.15491533279418945,17825792,0.1529049575328827,2.1659910596869203,0.15488767623901367,0.15412212908267975,2.223744292237443,0.0,0.2922374429223744,1.4015433789954348,0.15588831901550293,14,0.9090909090909091,644.5,0.1533457338809967,0.9285714285714286,0.15579091012477875,0.1529102474451065,0.155279740691185,0.15431863069534302,0.15494684875011444,0.15452688932418823,2361,0.1529049575328827,0.15380319952964783,0.7077625570776256,0.15486107766628265,0.1561482548713684,0.15377527475357056,0.1544674187898636,136,0.153314009308815,0.1561482548713684,0.1,0.15384615384615385,0.0030773012,14,1e-05,46,1.0400193929672241,0.7946343421936035,0.15432210266590118,52,11.341993258148431,0.0,48,0.2,0.17647058823529413,34,0.5714285714285714,0.17391304347826086,64,0.10933914184570312,0.22916666666666666,-0.002204660963434435,0.5767711595166475,1350
0.15530578792095184,10,0.15593379735946655,379.4791259765625,7551,0.15495871007442474,0.15563520789146423,0.15515778958797455,0.15544216334819794,0.15444642305374146,0.15620188415050507,17956864,0.15429410338401794,2.088974747208819,0.15627045929431915,0.15551365911960602,2.090909090909091,0.0,0.32085561497326204,1.4179679144385038,0.15720736980438232,18,1.0,623.13,0.15463531017303467,1.0,0.157158762216568,0.15429410338401794,0.15645232796669006,0.15564464032649994,0.15625955164432526,0.15592409670352936,2377,0.1543208807706833,0.15508006513118744,0.679144385026738,0.15630874037742615,0.15745843946933746,0.1549859344959259,0.15572284162044525,137,0.15462714433670044,0.15745843946933746,0.1,0.125,0.0030300978,15,1e-05,30,1.2762411832809448,0.7915700674057007,0.15563783049583435,40,11.129344880580902,0.0,48,0.2,0.2692307692307692,26,0.6666666666666666,0.2,60,0.110601806640625,0.08333333333333333,-0.0025404294050986207,0.6498126241844148,1360
0.15669186413288116,13,0.15732918679714203,374.02996826171875,7554,0.15638461709022522,0.15697695314884186,0.15649013221263885,0.15676584839820862,0.15569987893104553,0.1575721651315689,18087936,0.15564273297786713,2.1914191525387223,0.15750843286514282,0.1568063199520111,2.186046511627907,0.0,0.3116279069767442,1.4036558139534894,0.15851730108261108,13,0.9230769230769231,610.44,0.15617512166500092,0.8461538461538461,0.15849332511425018,0.15564273297786713,0.15771999955177307,0.15688060224056244,0.15760517120361328,0.15730009973049164,2394,0.15566103160381317,0.15634603798389435,0.6883720930232559,0.1576642394065857,0.15875530242919922,0.15634426474571228,0.15712471306324005,138,0.15597830712795258,0.15875530242919922,0.1,0.125,0.0032092726,19,1e-05,39,1.0099388360977173,0.7942875027656555,0.1569773405790329,48,10.916267044842243,0.0,49,0.2,0.29411764705882354,34,0.6842105263157895,0.2564102564102564,67,0.1150665283203125,0.10204081632653061,-0.0027579462250287177,0.5592897407012061,1370
0.15811486542224884,6,0.15868693590164185,400.5429382324219,7549,0.1576184332370758,0.15829813480377197,0.15786875784397125,0.15803854167461395,0.15703554451465607,0.1589062362909317,18219008,0.15688461065292358,2.2304356066902944,0.15888936817646027,0.15816175937652588,2.230769230769231,0.0,0.2857142857142857,1.3894175824175836,0.1598655730485916,9,1.0,652.71,0.15753592550754547,0.8888888888888888,0.159778892993927,0.15688461065292358,0.15920785069465637,0.15810193121433258,0.15900690853595734,0.15871849656105042,2413,0.1570025235414505,0.1576380729675293,0.7142857142857143,0.1589682549238205,0.16003814339637756,0.15764397382736206,0.1583184450864792,139,0.15741939842700958,0.16003814339637756,0.1,0.16666666666666666,0.0031055044,9,1e-05,43,1.1965314149856567,0.7840763330459595,0.15830989181995392,36,10.70339976772666,0.0,44,0.2,0.2571428571428571,35,0.5555555555555556,0.2558139534883721,52,0.11233596801757813,0.1590909090909091,-0.002435214400293262,0.6619264533044771,1380
0.15949781239032745,9,0.1599002480506897,414.4249572753906,7552,0.15904824435710907,0.15964506566524506,0.1591474562883377,0.159378319978714,0.1584348827600479,0.16023772954940796,18350080,0.15825161337852478,2.0413746595193714,0.16019663214683533,0.15944130718708038,2.023696682464455,0.0,0.38388625592417064,1.4061137440758305,0.16115814447402954,18,1.0,665.84,0.15895579755306244,1.0,0.16123345494270325,0.15825161337852478,0.1604413539171219,0.15937688946723938,0.16024580597877502,0.16001637279987335,2429,0.1583576500415802,0.15890760719776154,0.6161137440758294,0.1602918952703476,0.16137875616550446,0.15897177159786224,0.15971991419792175,140,0.1587638258934021,0.16137875616550446,0.1,0.22,0.0030742404,17,1e-05,34,1.030110239982605,0.7915906310081482,0.15963993966579437,50,10.493416054546833,0.0,49,0.2,0.2647058823529412,34,0.8823529411764706,0.35294117647058826,81,0.10782089233398437,0.14285714285714285,-0.002457371239870554,0.5540525481570512,1390
0.16090983152389526,16,0.1612449288368225,401.81036376953125,7555,0.16045288741588593,0.16111892461776733,0.1605084389448166,0.16063861548900604,0.15978819131851196,0.1615382581949234,18481152,0.15956079959869385,2.090895550710483,0.16159316897392273,0.16083522140979767,2.3248730964467006,0.0,0.3299492385786802,1.412487309644671,0.16269589960575104,15,0.875,649.68,0.16036885976791382,0.9333333333333333,0.16260568797588348,0.15956079959869385,0.16196128726005554,0.16074258089065552,0.16152147948741913,0.16140694916248322,2445,0.15976378321647644,0.16016876697540283,0.6700507614213198,0.16160781681537628,0.1628362238407135,0.16045723855495453,0.1610562652349472,141,0.1601041853427887,0.1628362238407135,0.1,0.17307692307692307,0.003213362,7,1e-05,39,0.9603818655014038,0.7899847030639648,0.1610194593667984,52,10.280670518428087,0.0,42,0.2,0.23076923076923078,26,0.8571428571428571,0.20512820512820512,65,0.1159149169921875,0.19047619047619047,-0.0026476733390609296,0.5750500889727845,1400
0.16225536167621613,15,0.16270166635513306,429.3202819824219,7550,0.1618186980485916,0.16258923709392548,0.16203752160072327,0.16195440292358398,0.1612822413444519,0.16289721429347992,18612224,0.16107776761054993,2.0081220234737502,0.16286435723304749,0.16210266947746277,2.143646408839779,0.0,0.3756906077348066,1.4030055248618796,0.16414469480514526,18,0.9333333333333333,695.05,0.161605104804039,0.8888888888888888,0.1641601324081421,0.16107776761054993,0.1631975620985031,0.16209159791469574,0.16288229823112488,0.1627662032842636,2465,0.1611700803041458,0.16161109507083893,0.6243093922651933,0.16296185553073883,0.16426922380924225,0.16176395118236542,0.1624172329902649,142,0.16152647137641907,0.16426922380924225,0.1,0.11428571428571428,0.003131153,25,1e-05,32,1.0206025838851929,0.8030189275741577,0.16240595281124115,35,10.066271253675222,0.0,36,0.2,0.15,20,0.72,0.21875,68,0.1095611572265625,0.16666666666666666,-0.0027553066610380484,0.5473214471712708,1410
0.16366909444332123,14,0.16412842273712158,418.8111267089844,7552,0.16319963335990906,0.16392077505588531,0.16328920423984528,0.16342498362064362,0.16262824833393097,0.16415508091449738,18743296,0.16252048313617706,2.149000138807948,0.16417154669761658,0.16368643939495087,2.0485436893203883,0.0,0.34951456310679613,1.3825631067961175,0.16563256084918976,18,1.0,685.48,0.16286373138427734,1.0,0.1655198037624359,0.16254492104053497,0.1645643264055252,0.16353021562099457,0.16441018879413605,0.16411112248897552,2481,0.16252048313617706,0.1628817319869995,0.6504854368932039,0.16441766917705536,0.16566771268844604,0.16319546103477478,0.16378918290138245,143,0.16298925876617432,0.16566771268844604,0.1,0.11320754716981132,0.0030799443,15,1e-05,30,0.9329596757888794,0.8035997152328491,0.16379646956920624,53,9.85288648083806,0.0,43,0.2,0.24242424242424243,33,0.5333333333333333,0.3,72,0.11348037719726563,0.20930232558139536,-0.002779052062487608,0.48125387204345316,1420
0.1651185154914856,10,0.1655353158712387,387.3525390625,7555,0.16458743810653687,0.16523076593875885,0.16469809412956238,0.1648314744234085,0.16397389769554138,0.16541843116283417,18874368,0.16364242136478424,2.080380710768765,0.1656026989221573,0.16521263122558594,2.0815217391304346,0.0,0.33695652173913043,1.4087282608695662,0.16707850992679596,18,0.9,633.83,0.16428035497665405,0.9444444444444444,0.1668677181005478,0.16407854855060577,0.16586948931217194,0.16505692899227142,0.16570454835891724,0.16548827290534973,2497,0.16364242136478424,0.16431936621665955,0.6630434782608695,0.16566534340381622,0.16699877381324768,0.16471260786056519,0.16514819860458374,144,0.164389505982399,0.16707850992679596,0.1,0.1111111111111111,0.0030950885,16,1e-05,32,0.9854785799980164,0.79698646068573,0.16518040001392365,45,9.640698035806418,0.0,39,0.2,0.25,24,0.5625,0.28125,62,0.11152114868164062,0.1794871794871795,-0.0027655041688376516,0.62370222536847,1430
0.16638979315757751,13,0.16707651317119598,449.81268310546875,7551,0.16591966152191162,0.16671006381511688,0.16589923202991486,0.1661539524793625,0.16538773477077484,0.1670379340648651,19005440,0.1649911105632782,2.012015855974413,0.16697876155376434,0.1664988398551941,1.9554455445544554,0.0,0.4158415841584158,1.4164950495049513,0.1683756709098816,23,0.9230769230769231,735.66,0.16567233204841614,1.0,0.16832712292671204,0.165399968624115,0.16736266016960144,0.16644355654716492,0.16713100671768188,0.16686928272247314,2516,0.1649911105632782,0.1656820923089981,0.5841584158415841,0.1670689433813095,0.16832919418811798,0.16606824100017548,0.16649800539016724,145,0.16574129462242126,0.1683756709098816,0.1,0.2391304347826087,0.0031079603,22,1e-05,32,1.0837172269821167,0.7852016687393188,0.16656053066253662,46,9.431524138897657,0.0,37,0.2,0.2413793103448276,29,0.7727272727272727,0.21875,84,0.1119903564453125,0.1891891891891892,-0.0024137679362866036,0.5671577007276938,1440
0.16771870851516724,14,0.1684942990541458,416.1134338378906,7553,0.16721580922603607,0.16808074712753296,0.16744951903820038,0.16761142015457153,0.16673122346401215,0.1683114767074585,19136512,0.16651636362075806,2.1615119932909477,0.16854853928089142,0.16792914271354675,2.093137254901961,0.0,0.31862745098039214,1.4054901960784327,0.16986551880836487,16,0.8571428571428571,681.37,0.16704314947128296,0.9375,0.1696690022945404,0.16678094863891602,0.1688992977142334,0.16780586540699005,0.16873063147068024,0.1682935506105423,2533,0.16651636362075806,0.16712990403175354,0.6813725490196079,0.16858066618442535,0.1697995513677597,0.16735485196113586,0.16789302229881287,146,0.167109876871109,0.16986551880836487,0.1,0.125,0.003181945,11,1e-05,28,0.9761889576911926,0.799871563911438,0.16798251867294312,56,9.221326749026776,0.0,46,0.2,0.2727272727272727,33,0.36363636363636365,0.21428571428571427,65,0.11585006713867188,0.2608695652173913,-0.002596408080535184,0.49516336873639377,1450
0.16925790905952454,15,0.1699068695306778,429.82086181640625,7556,0.1686863899230957,0.1695285588502884,0.16882242262363434,0.1689113974571228,0.16828849911689758,0.16969871520996094,19267584,0.16793042421340942,2.053911302337118,0.1700121909379959,0.1692403107881546,2.1724137931034484,0.0,0.3735632183908046,1.4085172413793114,0.17131881415843964,17,0.9333333333333333,702.5,0.16845931112766266,0.8823529411764706,0.1710757464170456,0.16799907386302948,0.17038494348526,0.16912072896957397,0.17009927332401276,0.16972391307353973,2549,0.16793042421340942,0.16839125752449036,0.6264367816091954,0.16999684274196625,0.1712203025817871,0.16888369619846344,0.1693798154592514,147,0.16860654950141907,0.17131881415843964,0.1,0.13636363636363635,0.0030481326,14,1e-05,32,1.0485663414001465,0.8116424083709717,0.16939777135849,44,9.010144623368978,0.0,30,0.2,0.22727272727272727,22,0.7857142857142857,0.25,65,0.11060791015625,0.2,-0.0024063028573436895,0.5807500904193148,1460
0.17072153091430664,10,0.1712663769721985,442.2532958984375,7552,0.17013326287269592,0.1710265427827835,0.1702471375465393,0.1701868623495102,0.1696578562259674,0.171115905046463,19398656,0.16924504935741425,2.0520091593897902,0.1714829057455063,0.1707400232553482,1.984375,0.0,0.3802083333333333,1.4143125000000012,0.17290404438972473,19,0.9,719.68,0.16982492804527283,0.9473684210526315,0.1725906878709793,0.16924504935741425,0.1719263643026352,0.1707002818584442,0.17153988778591156,0.17129342257976532,2568,0.16935016214847565,0.1699349284172058,0.6197916666666666,0.17144930362701416,0.17275573313236237,0.17033156752586365,0.17072218656539917,148,0.1700604110956192,0.17290404438972473,0.1,0.19642857142857142,0.0031957068,16,1e-05,33,1.0026966333389282,0.7867014408111572,0.1708482950925827,56,8.798946809023619,0.0,30,0.2,0.25,28,0.75,0.2727272727272727,73,0.12000350952148438,0.23333333333333334,-0.002683046870652106,0.5319511631969362,1470
0.17222191393375397,14,0.17282935976982117,425.9696960449219,7554,0.17166776955127716,0.17238785326480865,0.17169341444969177,0.1715693324804306,0.17109431326389313,0.17264367640018463,19529728,0.17057859897613525,2.0551019947357303,0.17288415133953094,0.17222587764263153,2.1793478260869565,0.0,0.3967391304347826,1.4145000000000008,0.17441584169864655,14,1.0,689.18,0.1712096482515335,1.0,0.17421427369117737,0.17057859897613525,0.17336390912532806,0.17218908667564392,0.1730847805738449,0.17280320823192596,2585,0.17080925405025482,0.17145100235939026,0.6032608695652174,0.17290107905864716,0.17413653433322906,0.171822652220726,0.1721867024898529,149,0.17167975008487701,0.17441584169864655,0.1,0.1951219512195122,0.0031722595,18,1e-05,29,1.0146865844726562,0.7892732620239258,0.17232255637645721,41,8.58469985127449,0.0,43,0.2,0.32,25,0.6666666666666666,0.2413793103448276,73,0.11562957763671874,0.23255813953488372,-0.0026013345387355,0.5456698344787583,1480
0.17366763949394226,14,0.17430900037288666,386.2713317871094,7557,0.17319272458553314,0.17379841208457947,0.17301318049430847,0.1730203777551651,0.17259085178375244,0.17406964302062988,19660800,0.17186228930950165,2.1126411291575056,0.17445798218250275,0.17384347319602966,2.273170731707317,0.0,0.3463414634146341,1.411014634146342,0.17599649727344513,18,1.0,634.06,0.17277906835079193,1.0,0.1755654513835907,0.17186228930950165,0.17491741478443146,0.1734158992767334,0.1745329350233078,0.1743713915348053,2601,0.17223556339740753,0.17276890575885773,0.6536585365853659,0.17429326474666595,0.17575684189796448,0.17329837381839752,0.17369350790977478,150,0.17311422526836395,0.17599649727344513,0.1,0.09433962264150944,0.003069349,13,1e-05,43,0.9574442505836487,0.7825221419334412,0.1737826019525528,53,8.372923127561808,0.0,41,0.2,0.2608695652173913,23,0.6153846153846154,0.32558139534883723,71,0.10971527099609375,0.14634146341463414,-0.0024237523693955154,0.5526426719967276,1490
0.1754353791475296,5,0.17585279047489166,405.938232421875,7552,0.17466863989830017,0.175438791513443,0.17442268133163452,0.17458076775074005,0.1742035150527954,0.17558084428310394,19791872,0.17332561314105988,2.0661894852724028,0.17576126754283905,0.17534464597702026,1.9267015706806283,0.0,0.34554973821989526,1.4060314136125667,0.17755813896656036,21,1.0,664.08,0.1743643879890442,0.9523809523809523,0.17711292207241058,0.17332561314105988,0.17625120282173157,0.17491722106933594,0.17614060640335083,0.17607927322387695,2620,0.17364315688610077,0.1743416041135788,0.6544502617801047,0.17557169497013092,0.17716151475906372,0.17473071813583374,0.17525045573711395,151,0.17464075982570648,0.17755813896656036,0.1,0.15217391304347827,0.0030980052,20,1e-05,33,1.0979077816009521,0.7876728773117065,0.1752951443195343,46,8.15763643309474,0.0,40,0.2,0.34615384615384615,26,0.45,0.30303030303030304,66,0.11035385131835937,0.15,-0.0025169438948978496,0.6087672574911267,1500
0.17693312466144562,14,0.17750351130962372,405.3808898925781,7555,0.17614878714084625,0.17689427733421326,0.1759178340435028,0.17602261900901794,0.17574861645698547,0.17707106471061707,19922944,0.17468620836734772,2.141296108085292,0.17713585495948792,0.17674104869365692,2.0,0.0,0.357487922705314,1.3974009661835762,0.17904894053936005,17,0.9285714285714286,671.68,0.17586292326450348,1.0,0.1785774528980255,0.17468620836734772,0.17779378592967987,0.17648668587207794,0.17752283811569214,0.17741753160953522,2636,0.17523474991321564,0.17564263939857483,0.642512077294686,0.17704440653324127,0.17881742119789124,0.1762239784002304,0.1768544465303421,152,0.17607006430625916,0.17904894053936005,0.1,0.1568627450980392,0.0031056562,19,1e-05,33,0.9237704873085022,0.7841905355453491,0.17677602171897888,51,7.94512853845954,0.0,36,0.2,0.35135135135135137,37,0.47368421052631576,0.2727272727272727,74,0.11199188232421875,0.1388888888888889,-0.002544099226270191,0.5725645835045725,1510
0.17859947681427002,8,0.17881089448928833,375.59881591796875,7558,0.1776069551706314,0.17818379402160645,0.17741575837135315,0.1775321662425995,0.17731940746307373,0.17840780317783356,20054016,0.17633943259716034,2.1480426604687914,0.17883405089378357,0.17823803424835205,2.07035175879397,0.0,0.3165829145728643,1.4119798994974886,0.18062159419059753,18,0.875,607.47,0.17724455893039703,1.0,0.18011830747127533,0.17633943259716034,0.1793900430202484,0.17792893946170807,0.17888665199279785,0.17883816361427307,2653,0.17672687768936157,0.1769465208053589,0.6834170854271356,0.17844609916210175,0.1803532838821411,0.17781390249729156,0.1783655434846878,153,0.17757642269134521,0.18062159419059753,0.1,0.1111111111111111,0.0030840135,9,1e-05,33,0.9967344999313354,0.8153537511825562,0.17826180160045624,45,7.735568566247821,0.0,53,0.2,0.30303030303030304,33,0.3333333333333333,0.24242424242424243,63,0.11114273071289063,0.22641509433962265,-0.0026244655774462443,0.5766102644149214,1520
0.1801374852657318,17,0.18035678565502167,438.4129638671875,7552,0.17901912331581116,0.1796472817659378,0.1790049523115158,0.17903146147727966,0.17896151542663574,0.17990610003471375,20185088,0.17785422503948212,2.1127609809283694,0.18039309978485107,0.17977464199066162,2.256544502617801,0.0,0.39790575916230364,1.4162931937172787,0.18221865594387054,14,1.0,711.77,0.178778737783432,0.9285714285714286,0.1816888153553009,0.17785422503948212,0.1807803362607956,0.179579958319664,0.18054735660552979,0.18038232624530792,2672,0.17831920087337494,0.17840372025966644,0.6020942408376964,0.17999428510665894,0.1820862889289856,0.179127499461174,0.17990507185459137,154,0.17911620438098907,0.18221865594387054,0.1,0.2,0.0030835103,17,1e-05,35,1.0217454433441162,0.7763231992721558,0.1798005998134613,40,7.522344097867608,0.0,41,0.2,0.5185185185185185,27,0.7058823529411765,0.17142857142857143,76,0.10928726196289062,0.14634146341463414,-0.0024362306314287705,0.5925068992422894,1530
0.1816144585609436,10,0.1819734424352646,444.98162841796875,7555,0.18051844835281372,0.18121953308582306,0.18052257597446442,0.18051373958587646,0.18052920699119568,0.18150636553764343,20316160,0.17925392091274261,1.9723578082116169,0.18199273943901062,0.18114696443080902,2.068421052631579,0.0,0.39473684210526316,1.4139263157894746,0.18363052606582642,24,1.0,731.14,0.1802552193403244,0.875,0.1832674741744995,0.17925392091274261,0.18216459453105927,0.18116028606891632,0.18216238915920258,0.1820427030324936,2688,0.17988070845603943,0.17992889881134033,0.6052631578947368,0.18149042129516602,0.18369364738464355,0.18061012029647827,0.1815793216228485,155,0.18073652684688568,0.18369364738464355,0.1,0.17073170731707318,0.0031402453,17,1e-05,34,0.8880789875984192,0.7802854180335999,0.18133577704429626,41,7.309379966184497,0.0,44,0.2,0.4,20,0.5882352941176471,0.38235294117647056,75,0.11002120971679688,0.13636363636363635,-0.002594193729282779,0.5540748667437583,1540
0.1828698068857193,13,0.18336056172847748,408.5185852050781,7558,0.18196268379688263,0.18277019262313843,0.18188609182834625,0.18212363123893738,0.18201935291290283,0.18309374153614044,20447232,0.1807788461446762,2.1096040846055724,0.18357732892036438,0.1827828735113144,2.246153846153846,0.0,0.358974358974359,1.4393538461538473,0.1851823329925537,15,0.8461538461538461,666.13,0.18164293467998505,0.9333333333333333,0.18469645082950592,0.1807788461446762,0.1836603581905365,0.18265503644943237,0.1837579607963562,0.1836613416671753,2705,0.18129993975162506,0.18130137026309967,0.6410256410256411,0.1829906851053238,0.1853242665529251,0.18205411732196808,0.18312889337539673,156,0.18211966753005981,0.1853242665529251,0.1,0.19607843137254902,0.0030825855,12,1e-05,34,1.1070146560668945,0.783951997756958,0.18282802402973175,51,7.101410318911076,0.0,46,0.2,0.2916666666666667,24,0.75,0.35294117647058826,70,0.10799560546875,0.15217391304347827,-0.0025008957397403718,0.5414545766310767,1550
0.18438217043876648,11,0.18482273817062378,409.70159912109375,7553,0.18334616720676422,0.1844058483839035,0.18357516825199127,0.18369756639003754,0.183633491396904,0.184664785861969,20578304,0.18230104446411133,2.133760848098395,0.18514715135097504,0.18434450030326843,2.2564102564102564,0.0,0.3435897435897436,1.4204000000000012,0.18678145110607147,14,0.9090909090909091,670.02,0.1832522451877594,0.9285714285714286,0.18639257550239563,0.18230104446411133,0.1852862685918808,0.1841653734445572,0.18531480431556702,0.1852433830499649,2724,0.18286924064159393,0.1828186810016632,0.6564102564102564,0.18473148345947266,0.18685780465602875,0.18373911082744598,0.18452003598213196,157,0.18382903933525085,0.18685780465602875,0.1,0.14583333333333334,0.0031719813,14,1e-05,46,0.9968726634979248,0.7906495332717896,0.1844048649072647,48,6.890385587140917,0.0,35,0.2,0.18518518518518517,27,0.7857142857142857,0.30434782608695654,67,0.11405792236328124,0.2,-0.002584338762653715,0.5911326188128442,1560
0.1859617680311203,10,0.18665869534015656,427.2999572753906,7556,0.184939906001091,0.1860121190547943,0.18522131443023682,0.18528415262699127,0.1852804571390152,0.18625257909297943,20709376,0.18379350006580353,2.12286218536381,0.18675807118415833,0.1859896034002304,2.1263736263736264,0.0,0.36813186813186816,1.424065934065935,0.18828532099723816,15,0.9,692.51,0.1850200593471527,0.9333333333333333,0.18812288343906403,0.18379350006580353,0.1870487481355667,0.18571837246418,0.18689967691898346,0.18675146996974945,2740,0.18453946709632874,0.18443697690963745,0.6318681318681318,0.1863623410463333,0.1884322315454483,0.1854410320520401,0.18614771962165833,158,0.18542900681495667,0.1884322315454483,0.1,0.24242424242424243,0.0032264623,21,1e-05,31,1.0263254642486572,0.7968341708183289,0.1860314905643463,33,6.673095883429051,0.0,47,0.2,0.24,25,0.7142857142857143,0.1935483870967742,67,0.11558761596679687,0.19148936170212766,-0.0029290074159689537,0.5447024828987196,1570
0.18738879263401031,9,0.1881166249513626,403.53778076171875,7558,0.18654495477676392,0.18767212331295013,0.18681539595127106,0.18681129813194275,0.18690507113933563,0.1879856139421463,20840448,0.18528833985328674,2.0386960505623324,0.18825232982635498,0.18753884732723236,1.935,0.0,0.39,1.424430000000001,0.19000759720802307,24,0.5555555555555556,668.34,0.18663404881954193,0.9583333333333334,0.18966679275035858,0.18528833985328674,0.18881580233573914,0.18735073506832123,0.18848861753940582,0.18822333216667175,2757,0.1862138956785202,0.18609529733657837,0.61,0.18800081312656403,0.1900053471326828,0.18698251247406006,0.18771600723266602,159,0.18687862157821655,0.19000759720802307,0.1,0.15217391304347827,0.0031539279,22,1e-05,24,0.8767541646957397,0.7735925316810608,0.18761594593524933,46,6.45833340883255,0.0,52,0.2,0.21739130434782608,23,0.9545454545454546,0.3333333333333333,78,0.11182937622070313,0.17307692307692307,-0.0026885961232437695,0.5391150821000338,1580
0.18911810219287872,7,0.18970845639705658,393.7919616699219,7554,0.18816249072551727,0.1890760213136673,0.18841230869293213,0.18829064071178436,0.18861690163612366,0.18961584568023682,20971520,0.18697543442249298,2.0869767101428702,0.18967342376708984,0.18923954665660858,2.0476190476190474,0.0,0.3544973544973545,1.4133015873015884,0.1916380077600479,18,0.8571428571428571,650.29,0.1882491409778595,0.9444444444444444,0.19126804172992706,0.18697543442249298,0.1903447061777115,0.18892544507980347,0.19023241102695465,0.18982325494289398,2776,0.1877942681312561,0.18769532442092896,0.6455026455026455,0.18966948986053467,0.1919495016336441,0.18861010670661926,0.18932177126407623,160,0.18849396705627441,0.1919495016336441,0.1,0.20408163265306123,0.0032382978,13,1e-05,37,0.939380407333374,0.7837663292884827,0.18923617899417877,49,6.24400719255209,0.0,37,0.2,0.4642857142857143,28,0.46153846153846156,0.32432432432432434,67,0.11689300537109375,0.08108108108108109,-0.002640598935977323,0.567120248125866,1590
0.1905553638935089,13,0.19141574203968048,434.86114501953125,7556,0.1897323578596115,0.190525084733963,0.1901027411222458,0.18987983465194702,0.1901104897260666,0.19129787385463715,21102592,0.18844908475875854,2.107882652859151,0.19126875698566437,0.19098468124866486,2.2162162162162162,0.0,0.34594594594594597,1.4061081081081093,0.19330689311027527,17,0.9230769230769231,711.73,0.1898287981748581,0.8823529411764706,0.19293388724327087,0.18844908475875854,0.19202330708503723,0.19038696587085724,0.19166745245456696,0.1912725865840912,2792,0.1894359588623047,0.1894097775220871,0.654054054054054,0.19132328033447266,0.19361917674541473,0.1900007277727127,0.19079144299030304,161,0.19011391699314117,0.19361917674541473,0.1,0.13725490196078433,0.0030485727,12,1e-05,29,0.7669121026992798,0.7906019687652588,0.1908174306154251,51,6.033197648450733,0.0,44,0.2,0.2631578947368421,19,0.9166666666666666,0.2413793103448276,64,0.10604019165039062,0.1590909090909091,-0.002371263418581293,0.5912751334020868,1600
0.1923222690820694,9,0.19297407567501068,423.3052978515625,7559,0.19128437340259552,0.19218266010284424,0.19172286987304688,0.19151900708675385,0.19172833859920502,0.19310374557971954,21233664,0.19004283845424652,2.0743616170172454,0.19298338890075684,0.1926007717847824,2.107142857142857,6.103515625e-07,0.3673469387755102,1.4219285714285725,0.19494175910949707,15,0.7777777777777778,691.77,0.19157104194164276,1.0,0.19456374645233154,0.19004283845424652,0.19374124705791473,0.1920384019613266,0.1934000849723816,0.19298020005226135,2809,0.19119948148727417,0.19093401730060577,0.6326530612244898,0.1929548978805542,0.19524677097797394,0.1916365921497345,0.19242727756500244,162,0.19184760749340057,0.19524677097797394,0.1,0.17647058823529413,0.0031408253,16,1e-05,37,0.7888637185096741,0.7715314030647278,0.19247789680957794,51,5.820733579620719,0.0,39,0.2,0.20689655172413793,29,0.9375,0.2972972972972973,72,0.109417724609375,0.23076923076923078,-0.002472639962024914,0.5722265716642141,1610
0.19397875666618347,9,0.19471360743045807,377.35662841796875,7554,0.19296158850193024,0.19378575682640076,0.1933394819498062,0.19322994351387024,0.1933472454547882,0.19468975067138672,21364736,0.19152061641216278,2.2063167259578553,0.19437670707702637,0.1943044662475586,2.2964824120603016,0.0,0.3316582914572864,1.4291256281407045,0.19667601585388184,11,1.0,616.89,0.1931048333644867,0.9090909090909091,0.196258082985878,0.19152061641216278,0.19533251225948334,0.19388726353645325,0.19488057494163513,0.19465139508247375,2828,0.1929393708705902,0.1926266998052597,0.6683417085427136,0.19465510547161102,0.19686363637447357,0.193400040268898,0.19402195513248444,163,0.19345666468143463,0.19686363637447357,0.1,0.19607843137254902,0.0031940874,14,1e-05,40,0.9710476398468018,0.7789319753646851,0.19412007927894592,51,5.606453961506486,0.0,49,0.2,0.32,25,0.5,0.325,66,0.11276321411132813,0.1836734693877551,-0.002501131768849518,0.5884145261719823,1620
0.19573912024497986,7,0.19655756652355194,440.0425720214844,7557,0.19462846219539642,0.1954180747270584,0.195045605301857,0.1948351413011551,0.1949400156736374,0.1962972730398178,21495808,0.19325675070285797,2.026695401437324,0.19602416455745697,0.1960507333278656,2.021857923497268,6.103515625e-07,0.4207650273224044,1.4359125683060119,0.19831223785877228,18,1.0,717.29,0.1947709023952484,1.0,0.19773823022842407,0.19325675070285797,0.19702722132205963,0.19555160403251648,0.19663657248020172,0.19649910926818848,2844,0.194558784365654,0.19428828358650208,0.5792349726775956,0.19641971588134766,0.1984095722436905,0.19509835541248322,0.19554458558559418,164,0.19512175023555756,0.1984095722436905,0.1,0.21951219512195122,0.0031669703,12,1e-05,34,0.7193974256515503,0.7884271740913391,0.19579078257083893,41,5.392363505810499,0.0,41,0.2,0.4,30,0.5833333333333334,0.47058823529411764,77,0.11310501098632812,0.1951219512195122,-0.002764085069884459,0.5924204516224563,1630
0.19744810461997986,10,0.19831249117851257,423.2281494140625,7559,0.19637176394462585,0.19718115031719208,0.19658920168876648,0.19658376276493073,0.1965574473142624,0.19801008701324463,21626880,0.19495555758476257,2.044151081329746,0.19777318835258484,0.19751010835170746,2.2346938775510203,9.1552734375e-07,0.37755102040816324,1.4112959183673484,0.19983212649822235,16,1.0,685.32,0.19648252427577972,1.0,0.199417844414711,0.19495555758476257,0.1987362653017044,0.19724565744400024,0.19832025468349457,0.19813792407512665,2860,0.19611380994319916,0.19602367281913757,0.6224489795918368,0.19815993309020996,0.200068861246109,0.19658634066581726,0.19728098809719086,165,0.19676367938518524,0.200068861246109,0.1,0.17543859649122806,0.0031749695,17,1e-05,42,0.8823392987251282,0.7873199582099915,0.19745849072933197,57,5.180168629437685,0.0,35,0.2,0.3157894736842105,19,0.5882352941176471,0.2619047619047619,74,0.11594009399414062,0.3142857142857143,-0.003010947306665912,0.5168545083375647,1640
0.19904692471027374,15,0.19996900856494904,383.1341552734375,7555,0.1979585587978363,0.1988026350736618,0.19829344749450684,0.19842024147510529,0.1981770396232605,0.1995738297700882,21757952,0.19656141102313995,2.0476480671021373,0.19962841272354126,0.19926197826862335,2.1989795918367347,3.0517578125e-07,0.3520408163265306,1.4331938775510216,0.20174889266490936,16,0.9333333333333333,626.88,0.1982165426015854,0.9375,0.20128992199897766,0.19656141102313995,0.20031841099262238,0.1987544745206833,0.20016294717788696,0.1999044120311737,2879,0.19768841564655304,0.1979590356349945,0.6479591836734694,0.1999029517173767,0.20174284279346466,0.19825506210327148,0.19883066415786743,166,0.19832900166511536,0.20174889266490936,0.1,0.13157894736842105,0.003082064,15,1e-05,32,0.7210246324539185,0.8029425144195557,0.199151873588562,38,4.966586830839515,0.0,51,0.2,0.3103448275862069,29,0.6666666666666666,0.25,69,0.1057952880859375,0.1568627450980392,-0.002584450442918751,0.5570593307493255,1650
0.20069655776023865,15,0.2018222063779831,434.96807861328125,7557,0.19961965084075928,0.20049676299095154,0.20009908080101013,0.20018695294857025,0.19985918700695038,0.20136120915412903,21889024,0.198278546333313,2.0313783741001736,0.20117492973804474,0.20093096792697906,2.11340206185567,3.0517578125e-07,0.3917525773195876,1.419845360824743,0.2035275101661682,19,0.8666666666666667,721.84,0.19997486472129822,0.9473684210526315,0.20297637581825256,0.198278546333313,0.20214909315109253,0.20050492882728577,0.20186445116996765,0.20156428217887878,2896,0.19956913590431213,0.19958409667015076,0.6082474226804123,0.20173311233520508,0.20361730456352234,0.20005051791667938,0.2005336880683899,167,0.20007501542568207,0.20361730456352234,0.1,0.1282051282051282,0.003113972,19,1e-05,29,0.7775624394416809,0.8003423810005188,0.20089001953601837,39,4.751344898343087,0.0,47,0.2,0.3076923076923077,26,0.7368421052631579,0.27586206896551724,76,0.11069793701171875,0.2127659574468085,-0.0026355587210673548,0.5764341117581353,1660
0.20223499834537506,14,0.20340746641159058,407.555419921875,7560,0.20132046937942505,0.2021828591823578,0.20168079435825348,0.2019122987985611,0.20141483843326569,0.20310084521770477,22020096,0.20007449388504028,2.0992417897565225,0.20290711522102356,0.2027369737625122,2.143617021276596,1.220703125e-06,0.35638297872340424,1.42408510638298,0.20537696778774261,18,0.9285714285714286,668.45,0.20159146189689636,0.8888888888888888,0.20479007065296173,0.20007449388504028,0.20370979607105255,0.2019902616739273,0.20354397594928741,0.20330528914928436,2912,0.20119619369506836,0.2013925164937973,0.6436170212765957,0.20341797173023224,0.20532286167144775,0.2016206681728363,0.20212475955486298,168,0.2014627754688263,0.20537696778774261,0.1,0.2,0.0030099452,17,1e-05,30,0.8550309538841248,0.7813473343849182,0.20255275070667267,35,4.540563959255815,0.0,48,0.2,0.3076923076923077,26,0.5882352941176471,0.2,67,0.10495223999023437,0.14583333333333334,-0.0025682606369628047,0.5668781526852399,1670
0.20411847531795502,15,0.20506267249584198,401.8631286621094,7555,0.20300397276878357,0.20383426547050476,0.20348617434501648,0.2036002278327942,0.20309169590473175,0.2049083262681961,22151168,0.20186643302440643,2.0874543287491276,0.2047153264284134,0.20457032322883606,2.3541666666666665,1.220703125e-06,0.3697916666666667,1.430250000000001,0.20717868208885193,15,0.8666666666666667,659.49,0.2032763808965683,1.0,0.20622102916240692,0.20186643302440643,0.20542429387569427,0.2037155032157898,0.20538295805454254,0.2051972597837448,2931,0.20294509828090668,0.20322348177433014,0.6302083333333334,0.20498308539390564,0.20710894465446472,0.2032776176929474,0.2041141390800476,169,0.20327550172805786,0.20717868208885193,0.1,0.3170731707317073,0.003176807,10,1e-05,39,0.7038698196411133,0.7884376645088196,0.20430326461791992,41,4.329207734763623,0.0,48,0.2,0.2916666666666667,24,0.7,0.2564102564102564,71,0.11280975341796876,0.125,-0.0028355982520224645,0.5553227522876114,1680
0.20589576661586761,15,0.20677295327186584,409.3243103027344,7558,0.204786479473114,0.20558087527751923,0.2052966207265854,0.20548802614212036,0.20460349321365356,0.20664158463478088,22282240,0.20350195467472076,2.0962986037707174,0.20645016431808472,0.20641030371189117,2.1055276381909547,9.1552734375e-07,0.3869346733668342,1.4352261306532677,0.20919226109981537,12,0.8666666666666667,680.49,0.20472128689289093,0.8333333333333334,0.2080603688955307,0.20350195467472076,0.2071615606546402,0.20557519793510437,0.2071681022644043,0.20707635581493378,2948,0.20472033321857452,0.20501179993152618,0.6130653266331658,0.20662371814250946,0.2090776115655899,0.20517948269844055,0.20598100125789642,170,0.2050253450870514,0.20919226109981537,0.1,0.19230769230769232,0.0031391857,19,1e-05,29,0.8219039440155029,0.7692697048187256,0.2060801088809967,52,4.112755841389299,0.0,39,0.2,0.30303030303030304,33,0.7894736842105263,0.41379310344827586,77,0.11206893920898438,0.1794871794871795,-0.0027161176446270476,0.5960311802336946,1690
0.2075863927602768,9,0.20856186747550964,429.5069580078125,7560,0.2065524309873581,0.20718654990196228,0.20691470801830292,0.2070518434047699,0.20651564002037048,0.2082633078098297,22413312,0.20508474111557007,2.03424761110866,0.20812511444091797,0.20795217156410217,2.164102564102564,9.1552734375e-07,0.37435897435897436,1.4230153846153855,0.21101942658424377,16,0.8888888888888888,704.5,0.20640966296195984,1.0,0.20999975502490997,0.20508474111557007,0.20892085134983063,0.20726580917835236,0.2088133841753006,0.20865818858146667,2964,0.20660096406936646,0.20669011771678925,0.6256410256410256,0.20831890404224396,0.21091467142105103,0.20686833560466766,0.20765481889247894,171,0.20674891769886017,0.21101942658424377,0.1,0.3611111111111111,0.0030572526,11,1e-05,40,0.821875810623169,0.7977441549301147,0.20778712630271912,36,3.9027740880846977,0.0,50,0.2,0.3333333333333333,33,0.8181818181818182,0.225,73,0.11029586791992188,0.14,-0.0026948078815621558,0.5775300378678366,1700
0.2093154489994049,8,0.2102096676826477,458.556396484375,7556,0.20832370221614838,0.20890149474143982,0.20883294939994812,0.20887373387813568,0.20811480283737183,0.21005193889141083,22544384,0.2067757099866867,2.1306794360507713,0.20995624363422394,0.2098091095685959,2.101123595505618,3.0517578125e-06,0.34831460674157305,1.4105730337078664,0.21275292336940765,16,0.875,752.34,0.20806236565113068,1.0,0.21171380579471588,0.2067757099866867,0.21063627302646637,0.20896469056606293,0.21064898371696472,0.21040180325508118,2983,0.2083040326833725,0.20850297808647156,0.651685393258427,0.2100006490945816,0.212624654173851,0.20848752558231354,0.20941795408725739,172,0.20837321877479553,0.21275292336940765,0.1,0.2,0.0030524,12,1e-05,28,0.7349318861961365,0.7838481664657593,0.20952226221561432,50,3.695261068455875,0.0,42,0.2,0.22727272727272727,22,0.5833333333333334,0.21428571428571427,62,0.10772705078125,0.2619047619047619,-0.0027434761263975815,0.5617837155470624,1710
0.21115972101688385,13,0.21169593930244446,412.01409912109375,7558,0.21016715466976166,0.2107217013835907,0.2107495218515396,0.21044357120990753,0.20983657240867615,0.21210694313049316,22675456,0.20843662321567535,1.9440703455652841,0.21173658967018127,0.21156278252601624,1.8870967741935485,3.0517578125e-06,0.3978494623655914,1.4242580645161298,0.21437636017799377,27,1.0,677.54,0.21001403033733368,0.8518518518518519,0.21357016265392303,0.20843662321567535,0.212495356798172,0.2108495682477951,0.21252088248729706,0.21221278607845306,2999,0.20993635058403015,0.21023006737232208,0.6021505376344086,0.21179969608783722,0.21424385905265808,0.2101641148328781,0.21115460991859436,173,0.21018382906913757,0.21437636017799377,0.1,0.2564102564102564,0.003155848,13,1e-05,24,0.6211467981338501,0.8104294538497925,0.2112947702407837,39,3.4859407426789404,0.0,42,0.2,0.35714285714285715,28,0.6153846153846154,0.20833333333333334,74,0.11079559326171876,0.11904761904761904,-0.002639828482278972,0.51685509479139,1720
0.21288801729679108,9,0.21363410353660583,412.2187194824219,7560,0.21183905005455017,0.21240323781967163,0.21254226565361023,0.21216875314712524,0.21168725192546844,0.21395163238048553,22806528,0.21027037501335144,2.090322530959977,0.21346010267734528,0.2133788764476776,2.127551020408163,3.96728515625e-06,0.40816326530612246,1.4210204081632665,0.21621040999889374,18,1.0,673.35,0.21174292266368866,1.0,0.21546438336372375,0.21027037501335144,0.21432055532932281,0.2126915156841278,0.21435777842998505,0.2140215039253235,3016,0.21157993376255035,0.21196343004703522,0.5918367346938775,0.21347753703594208,0.21629445254802704,0.21194803714752197,0.2130928933620453,174,0.21204738318920135,0.21629445254802704,0.1,0.1590909090909091,0.003052412,19,1e-05,34,0.780265212059021,0.7929296493530273,0.2130974531173706,44,3.2744444254785776,0.0,49,0.2,0.43478260869565216,23,0.5789473684210527,0.3235294117647059,80,0.104840087890625,0.2857142857142857,-0.0025299361369889085,0.5667915539350361,1730
0.21480552852153778,12,0.21543645858764648,440.9969482421875,7556,0.21372731029987335,0.2142145186662674,0.21434572339057922,0.21385690569877625,0.21345564723014832,0.2156148999929428,22937600,0.212032288312912,2.0323703160321624,0.21518364548683167,0.21507979929447174,2.152173913043478,3.0517578125e-06,0.3967391304347826,1.4157282608695663,0.2179688662290573,20,1.0,722.51,0.2137148529291153,0.9,0.21731285750865936,0.212032288312912,0.21627694368362427,0.21443596482276917,0.21628420054912567,0.21588082611560822,3035,0.21341033279895782,0.2139516919851303,0.6032608695652174,0.21537573635578156,0.21823719143867493,0.2135901302099228,0.2149752378463745,175,0.2136492282152176,0.21823719143867493,0.1,0.2558139534883721,0.0030754828,16,1e-05,35,0.8734099864959717,0.7962846755981445,0.21491268277168274,43,3.0618510214611887,0.0,38,0.2,0.35,20,0.625,0.17142857142857143,73,0.10681304931640626,0.23684210526315788,-0.0025302955714778365,0.546943453210406,1740
0.21664437651634216,13,0.21731974184513092,417.7066345214844,7559,0.21550263464450836,0.2159726768732071,0.21624378859996796,0.21557670831680298,0.21542853116989136,0.21744711697101593,23068672,0.21378639340400696,2.050054146890862,0.21702738106250763,0.21694639325141907,2.136842105263158,6.103515625e-06,0.37894736842105264,1.4339263157894748,0.2199171632528305,24,0.9230769230769231,688.08,0.2154068499803543,0.875,0.21907281875610352,0.21378639340400696,0.21824735403060913,0.21636977791786194,0.21811455488204956,0.21759209036827087,3051,0.2151183933019638,0.21575230360031128,0.6210526315789474,0.21735846996307373,0.22011224925518036,0.21531863510608673,0.2168002873659134,176,0.21544668078422546,0.22011224925518036,0.1,0.18604651162790697,0.00297467,9,1e-05,39,0.6349681615829468,0.8056982755661011,0.2167409360408783,43,2.850700414553285,0.0,38,0.2,0.375,24,0.3333333333333333,0.28205128205128205,72,0.1021759033203125,0.21052631578947367,-0.0024276871173697146,0.5042162765050306,1750
0.2183649092912674,10,0.21910910308361053,423.9366455078125,7561,0.21727094054222107,0.2175367921590805,0.21825091540813446,0.21765616536140442,0.2173444777727127,0.21927152574062347,23199744,0.21578121185302734,2.0982307998644556,0.21895791590213776,0.218730166554451,2.142857142857143,4.577636718750001e-06,0.37566137566137564,1.433798941798943,0.22176697850227356,13,0.8,696.91,0.21711553633213043,0.9230769230769231,0.22092261910438538,0.21578121185302734,0.22005271911621094,0.21826304495334625,0.21995429694652557,0.21931162476539612,3068,0.21709977090358734,0.2174503207206726,0.6243386243386243,0.2189239114522934,0.22190792858600616,0.21708311140537262,0.21863144636154175,177,0.21725164353847504,0.22190792858600616,0.1,0.17073170731707318,0.0030291209,17,1e-05,26,0.6777186989784241,0.791986346244812,0.2185603678226471,41,2.6402009515091778,0.0,55,0.2,0.4074074074074074,27,0.5882352941176471,0.3076923076923077,71,0.10589218139648438,0.2727272727272727,-0.0026023370756774965,0.5512533439788967,1760
0.22042889893054962,5,0.22097277641296387,415.37274169921875,7557,0.21909144520759583,0.21956411004066467,0.22014720737934113,0.21965095400810242,0.21916252374649048,0.22112059593200684,23330816,0.21764640510082245,2.052319351442969,0.22088351845741272,0.2205417901277542,2.1256544502617802,6.40869140625e-06,0.4031413612565445,1.4150575916230377,0.22368226945400238,17,1.0,675.69,0.21898753941059113,0.9411764705882353,0.2230854034423828,0.21764640510082245,0.22182200849056244,0.21997739374637604,0.22178876399993896,0.22118748724460602,3087,0.21897441148757935,0.2190370261669159,0.5968586387434555,0.22086264193058014,0.22403427958488464,0.21882347762584686,0.2203788161277771,178,0.21906018257141113,0.22403427958488464,0.1,0.2727272727272727,0.0031197001,15,1e-05,37,0.7174662351608276,0.7993934750556946,0.22043649852275848,44,2.4280976882204413,0.0,49,0.2,0.5416666666666666,24,0.5333333333333333,0.2972972972972973,77,0.10935134887695312,0.24489795918367346,-0.00274938083316556,0.5591523943468928,1770
0.22237727046012878,9,0.22288751602172852,407.28448486328125,7559,0.22082674503326416,0.22144007682800293,0.22220660746097565,0.2216363251209259,0.2210996150970459,0.22288693487644196,23461888,0.21920983493328094,2.1044409481001343,0.22305090725421906,0.22237887978553772,2.2,8.23974609375e-06,0.358974358974359,1.4217128205128216,0.225603386759758,10,0.8888888888888888,668.05,0.22100630402565002,0.8,0.22504040598869324,0.21920983493328094,0.22372005879878998,0.2219260036945343,0.22390097379684448,0.22304777801036835,3103,0.22105710208415985,0.22107821702957153,0.6410256410256411,0.2226453572511673,0.22572684288024902,0.22088105976581573,0.22237904369831085,179,0.22086632251739502,0.22572684288024902,0.1,0.2711864406779661,0.0031604427,21,1e-05,30,0.7585806250572205,0.8074522018432617,0.2223551720380783,59,2.213021969050169,0.0,45,0.2,0.2857142857142857,21,0.6666666666666666,0.3333333333333333,70,0.10862808227539063,0.17777777777777778,-0.0026007336095062784,0.5397860685130581,1780
0.22415198385715485,11,0.2249450534582138,472.5577087402344,7561,0.22269207239151,0.22333669662475586,0.22415275871753693,0.2234671264886856,0.22293171286582947,0.224845290184021,23592960,0.22099171578884125,1.9335555684724977,0.22500227391719818,0.22427761554718018,2.2083333333333335,9.765625e-06,0.47619047619047616,1.4349166666666677,0.22752387821674347,15,1.0,773.9,0.22284528613090515,0.8666666666666667,0.22694559395313263,0.22099171578884125,0.22560973465442657,0.22397898137569427,0.22596591711044312,0.22503556311130524,3119,0.22290168702602386,0.22313213348388672,0.5238095238095238,0.22469325363636017,0.22784744203090668,0.22280330955982208,0.22423112392425537,180,0.22247444093227386,0.22784744203090668,0.1,0.2857142857142857,0.0029693488,19,1e-05,33,0.7202336192131042,0.8102362751960754,0.22427129745483398,42,1.9976388237439096,0.0,32,0.2,0.5625,16,0.8947368421052632,0.30303030303030304,80,0.10277023315429687,0.25,-0.0026270092238519283,0.5584635552717373,1790
0.22620069980621338,10,0.22675712406635284,440.4883728027344,7557,0.22496803104877472,0.22524705529212952,0.22618938982486725,0.22538387775421143,0.2249474674463272,0.2265302538871765,23724032,0.22282163798809052,1.970829040994748,0.22703540325164795,0.22619275748729706,2.180327868852459,1.373291015625e-05,0.453551912568306,1.449016393442624,0.2297937572002411,17,1.0,720.38,0.22474169731140137,1.0,0.22907833755016327,0.22282163798809052,0.22766351699829102,0.2260521948337555,0.2279861867427826,0.22685037553310394,3139,0.22483813762664795,0.22524872422218323,0.546448087431694,0.22658802568912506,0.2298988699913025,0.22483405470848083,0.22618718445301056,181,0.22448332607746124,0.2298988699913025,0.1,0.25,0.0031435443,17,1e-05,41,0.5683022141456604,0.7761307954788208,0.2262607216835022,40,1.7801294323056935,0.0,35,0.2,0.391304347826087,23,0.7647058823529411,0.2926829268292683,83,0.10755157470703125,0.34285714285714286,-0.0027218045666359105,0.47652488786261527,1800
0.22812454402446747,11,0.22852379083633423,442.719970703125,7560,0.22716566920280457,0.22713802754878998,0.22821319103240967,0.22724676132202148,0.2268628478050232,0.2285127490758896,23855104,0.22484566271305084,1.9986147014002802,0.22889339923858643,0.22822874784469604,2.106382978723404,1.556396484375e-05,0.425531914893617,1.422180851063831,0.23179906606674194,20,1.0,726.23,0.2265194058418274,1.0,0.2309713214635849,0.22484566271305084,0.22969645261764526,0.22759050130844116,0.23003461956977844,0.2289181798696518,3155,0.22677700221538544,0.22716104984283447,0.574468085106383,0.2284650355577469,0.2317747175693512,0.22674915194511414,0.2281608283519745,182,0.22650420665740967,0.23179906606674194,0.1,0.25,0.0030826451,20,1e-05,32,0.5214304327964783,0.7863028645515442,0.22819507122039795,36,1.5641640917398036,0.0,47,0.2,0.36363636363636365,22,0.55,0.28125,80,0.10593032836914062,0.2553191489361702,-0.002632074511575411,0.4881752341752872,1810
0.22995387017726898,15,0.23021581768989563,452.21209716796875,7562,0.22910502552986145,0.22923146188259125,0.23027922213077545,0.2291659712791443,0.22886350750923157,0.23043008148670197,23986176,0.22678986191749573,1.9630465256442096,0.23061802983283997,0.2301373928785324,2.203488372093023,1.4648437500000001e-05,0.4418604651162791,1.4170813953488381,0.23392599821090698,19,1.0,744.55,0.22829100489616394,1.0,0.23302717506885529,0.22678986191749573,0.23173363506793976,0.2294306755065918,0.23211486637592316,0.2310420125722885,3171,0.2286205142736435,0.2291543036699295,0.5581395348837209,0.23020805418491364,0.23392538726329803,0.22876659035682678,0.2301652729511261,183,0.22821351885795593,0.23392599821090698,0.1,0.21875,0.0031341542,15,1e-05,34,0.6590642929077148,0.8002154231071472,0.23013637959957123,32,1.3513267145492136,0.0,36,0.2,0.42857142857142855,21,0.6,0.3235294117647059,76,0.11195449829101563,0.16666666666666666,-0.00270028762961374,0.522093676798977,1820
0.23181280493736267,12,0.232254296541214,447.8716125488281,7558,0.23109538853168488,0.23116427659988403,0.2322492003440857,0.23108327388763428,0.23083022236824036,0.2322804033756256,24117248,0.2286166399717331,2.020788805699467,0.23264481127262115,0.23192302882671356,1.977142857142857,1.617431640625e-05,0.45714285714285713,1.4435771428571438,0.2361038625240326,18,1.0,741.74,0.23021572828292847,1.0,0.2350713461637497,0.2286166399717331,0.23354732990264893,0.2312036007642746,0.23384056985378265,0.23305615782737732,3190,0.23063524067401886,0.2310933619737625,0.5428571428571428,0.23214063048362732,0.23612581193447113,0.23064887523651123,0.23218372464179993,184,0.23028594255447388,0.23612581193447113,0.1,0.1794871794871795,0.0030623751,13,1e-05,27,0.5355712175369263,0.7753614187240601,0.2320842742919922,39,1.1407825144939125,0.0,35,0.2,0.45161290322580644,31,0.5384615384615384,0.48148148148148145,80,0.1051483154296875,0.2571428571428571,-0.0025240076030058844,0.5163957742741332,1830
0.23378407955169678,16,0.23442380130290985,445.1293640136719,7560,0.23304526507854462,0.23291334509849548,0.23429833352565765,0.2330435961484909,0.23277202248573303,0.23426920175552368,24248320,0.23035985231399536,1.8933533380142888,0.23458518087863922,0.2339734137058258,2.264705882352941,2.25830078125e-05,0.45294117647058824,1.43089411764706,0.2380119115114212,15,0.875,739.33,0.23213574290275574,0.9333333333333333,0.23695108294487,0.23035985231399536,0.2355329692363739,0.23311950266361237,0.23566457629203796,0.23516888916492462,3207,0.2325877994298935,0.23299698531627655,0.5470588235294118,0.234262153506279,0.23814387619495392,0.23244726657867432,0.23406508564949036,185,0.23236137628555298,0.23814387619495392,0.1,0.275,0.0030964366,8,1e-05,31,0.5163540244102478,0.7838534116744995,0.23403671383857727,40,0.930674607353285,0.0,36,0.2,0.5,24,0.625,0.22580645161290322,77,0.11197433471679688,0.3888888888888889,-0.002986430993155409,0.5028646706370636,1840
0.23602236807346344,18,0.23636358976364136,463.9039306640625,7563,0.2349628061056137,0.23507922887802124,0.23626697063446045,0.23500902950763702,0.23495244979858398,0.2364477664232254,24379392,0.2321181446313858,2.0711266108402584,0.23668795824050903,0.23611624538898468,2.2569832402234637,2.8076171875e-05,0.4301675977653631,1.423854748603353,0.24017208814620972,19,0.8888888888888888,764.33,0.23414261639118195,1.0,0.2389107644557953,0.2321181446313858,0.23757700622081757,0.2351968139410019,0.23775793612003326,0.2371339350938797,3223,0.23456387221813202,0.23508185148239136,0.5698324022346368,0.2360982894897461,0.2402919977903366,0.23460371792316437,0.23593701422214508,186,0.23456040024757385,0.2402919977903366,0.1,0.24390243902439024,0.0032046717,15,1e-05,23,0.4730125367641449,0.7826328277587891,0.23608219623565674,41,0.7159564981702715,0.0,48,0.2,0.4,15,0.6,0.30434782608695654,77,0.1112152099609375,0.20833333333333334,-0.0027500406217313865,0.5011764780385419,1850
0.23836427927017212,3,0.23833569884300232,434.0137023925781,7558,0.2370365709066391,0.2372138947248459,0.2381904125213623,0.23702147603034973,0.2369885891675949,0.23877014219760895,24510464,0.2340766340494156,2.095601746459805,0.23881113529205322,0.23799088597297668,2.128205128205128,3.6621093750000005e-05,0.38974358974358975,1.4333538461538469,0.24228118360042572,15,1.0,715.39,0.23609676957130432,0.9333333333333333,0.24115842580795288,0.2340766340494156,0.23933792114257812,0.2373674362897873,0.23978400230407715,0.23923759162425995,3242,0.23661047220230103,0.23726505041122437,0.6102564102564103,0.23801355063915253,0.24245069921016693,0.2366330623626709,0.23796938359737396,187,0.23652487993240356,0.24245069921016693,0.1,0.2727272727272727,0.0031737287,12,1e-05,45,0.5376057624816895,0.7968319058418274,0.23814120888710022,44,0.49932149618398397,0.0,45,0.2,0.3548387096774194,31,0.6666666666666666,0.28888888888888886,76,0.11225738525390624,0.3333333333333333,-0.0028400592194202543,0.5113995020743459,1860
0.24038366973400116,11,0.2405136376619339,435.013427734375,7560,0.239169642329216,0.23935681581497192,0.24025756120681763,0.23898433148860931,0.23905089497566223,0.24109774827957153,24641536,0.23594626784324646,2.037299651042514,0.24096782505512238,0.24002605676651,2.206896551724138,3.4484863281250004e-05,0.4425287356321839,1.4346781609195414,0.24444755911827087,15,1.0,716.07,0.23821943998336792,0.8,0.24340084195137024,0.23594626784324646,0.24162301421165466,0.2391793429851532,0.24169480800628662,0.2411630004644394,3259,0.2386610358953476,0.23945794999599457,0.5574712643678161,0.2403292953968048,0.2444022297859192,0.23877756297588348,0.2400600165128708,188,0.23840980231761932,0.24444755911827087,0.1,0.25,0.0031497132,10,1e-05,32,0.6219674944877625,0.7889456152915955,0.24022319912910461,40,0.28113306775921953,0.0,42,0.2,0.5,24,0.7,0.28125,77,0.10858001708984374,0.38095238095238093,-0.002797786999053642,0.5841869786614552,1870
0.24216248095035553,15,0.24258874356746674,425.7984619140625,7563,0.24134723842144012,0.2413710057735443,0.24240928888320923,0.2411721795797348,0.24096551537513733,0.24290454387664795,24772608,0.2379302680492401,2.0438460041068915,0.24301785230636597,0.24209381639957428,2.3316831683168315,5.0659179687500004e-05,0.39603960396039606,1.4292376237623774,0.24648825824260712,13,0.9333333333333333,714.2,0.24003355205059052,1.0,0.24538999795913696,0.2379302680492401,0.24369408190250397,0.24130742251873016,0.2437116503715515,0.24332106113433838,3275,0.24077856540679932,0.2413673847913742,0.6039603960396039,0.24233566224575043,0.2464863806962967,0.24101272225379944,0.24219226837158203,189,0.24045486748218536,0.24648825824260712,0.1,0.3333333333333333,0.0031143753,12,1e-05,37,0.4447290599346161,0.7928141951560974,0.24226148426532745,39,0.06757848678389564,0.0,57,0.2,0.4482758620689655,29,0.6666666666666666,0.24324324324324326,80,0.10938568115234375,0.17543859649122806,-0.002818764389394346,0.5037255176110194,1880
0.24412836134433746,10,0.2446955293416977,435.7793273925781,7558,0.24346491694450378,0.24353739619255066,0.24449393153190613,0.2431592345237732,0.2431071251630783,0.24514366686344147,24903680,0.23992373049259186,2.01702800231295,0.24509820342063904,0.24436664581298828,2.1375,4.94384765625e-05,0.38125,1.4318125000000013,0.24863845109939575,17,0.7,722.73,0.2421146184206009,0.8235294117647058,0.24756161868572235,0.23992373049259186,0.24597428739070892,0.24339213967323303,0.24569134414196014,0.24524210393428802,3294,0.24298928678035736,0.2434898167848587,0.61875,0.24431920051574707,0.24833627045154572,0.24303710460662842,0.24445758759975433,190,0.24259455502033234,0.24863845109939575,0.1,0.16216216216216217,0.0031573432,11,1e-05,26,0.5911362171173096,0.7921323776245117,0.24435828626155853,37,-0.14620520952157676,0.0,40,0.2,0.5263157894736842,19,0.7272727272727273,0.23076923076923078,61,0.10717315673828125,0.25,-0.0028960702865788333,0.5753448637668044,1890
0.24626554548740387,14,0.246749609708786,449.0440979003906,7560,0.24558372795581818,0.2456030547618866,0.2464742660522461,0.24509741365909576,0.24510079622268677,0.2473371922969818,25034752,0.24194110929965973,1.9697801797961993,0.24745826423168182,0.24648454785346985,2.2755102040816326,6.0729980468750007e-05,0.4387755102040816,1.4342142857142868,0.2508528530597687,22,0.9285714285714286,738.87,0.2441706508398056,1.0,0.24984531104564667,0.24194110929965973,0.24829009175300598,0.2456727772951126,0.24797824025154114,0.24732564389705658,3311,0.2449210286140442,0.2457384467124939,0.5612244897959183,0.24616146087646484,0.25048860907554626,0.24508756399154663,0.24644148349761963,191,0.24488669633865356,0.2508528530597687,0.1,0.24324324324324326,0.0031798854,12,1e-05,45,0.3921149671077728,0.7743946313858032,0.24647825956344604,37,-0.3620454348390922,0.0,44,0.2,0.2727272727272727,22,0.9166666666666666,0.2,86,0.1113525390625,0.36363636363636365,-0.002744875479129405,0.5233329716837034,1900
0.24828727543354034,10,0.24876563251018524,446.36297607421875,7563,0.24756251275539398,0.24782884120941162,0.24882270395755768,0.24742059409618378,0.24696694314479828,0.24947373569011688,25165824,0.24382801353931427,1.9664429909200034,0.24941745400428772,0.2485397607088089,1.9132947976878614,7.934570312499999e-05,0.3988439306358382,1.462520231213874,0.2530084550380707,16,0.6,738.21,0.24615110456943512,0.9375,0.2521940767765045,0.24382801353931427,0.25050055980682373,0.24768976867198944,0.2499675452709198,0.24930128455162048,3327,0.24707303941249847,0.2477496862411499,0.6011560693641619,0.24841977655887604,0.25267714262008667,0.2473020851612091,0.24866251647472382,192,0.24692822992801666,0.2530084550380707,0.1,0.1590909090909091,0.0031040874,21,1e-05,23,0.44352203607559204,0.7912692427635193,0.24858154356479645,44,-0.5757155779283494,0.0,32,0.2,0.5925925925925926,27,0.7142857142857143,0.30434782608695654,69,0.1095611572265625,0.09375,-0.0029182096694512437,0.5533800684381276,1910
0.25071805715560913,15,0.2507123649120331,425.66387939453125,7558,0.24953188002109528,0.2500225603580475,0.25087422132492065,0.24959224462509155,0.24902252852916718,0.2518627941608429,25296896,0.2460056096315384,2.202756813144997,0.25155767798423767,0.25068774819374084,2.158469945355191,8.4228515625e-05,0.3989071038251366,1.4324480874316952,0.25513356924057007,11,0.6666666666666666,694.34,0.2483467161655426,1.0,0.2543010413646698,0.2460056096315384,0.252462238073349,0.24970825016498566,0.25201481580734253,0.2514072060585022,3346,0.2492503672838211,0.24994054436683655,0.6010928961748634,0.25041142106056213,0.2548297047615051,0.2496217042207718,0.2507209777832031,193,0.24906863272190094,0.25513356924057007,0.1,0.16666666666666666,0.003103491,18,1e-05,25,0.5403800010681152,0.7838385105133057,0.25071221590042114,42,-0.7887140818405897,0.0,43,0.2,0.3793103448275862,29,0.7222222222222222,0.32,73,0.10794906616210938,0.3023255813953488,-0.0026819153042652033,0.5390435121720657,1920
0.252628356218338,12,0.2529393136501312,419.76336669921875,7560,0.25178098678588867,0.2522689700126648,0.25330090522766113,0.2515721321105957,0.25094470381736755,0.2539544105529785,25427968,0.2483154982328415,2.0928562612973804,0.25367090106010437,0.25293225049972534,2.1288659793814433,8.7890625e-05,0.422680412371134,1.4399484536082487,0.257301390171051,21,1.0,691.57,0.2506139874458313,0.9523809523809523,0.25652995705604553,0.2483154982328415,0.2544495463371277,0.25215405225753784,0.25422728061676025,0.253675252199173,3363,0.2513217031955719,0.25185132026672363,0.5773195876288659,0.25261884927749634,0.25701382756233215,0.25179609656333923,0.25281625986099243,194,0.25110745429992676,0.257301390171051,0.1,0.20833333333333334,0.0031246725,10,1e-05,37,0.3772272765636444,0.786041259765625,0.25287142395973206,48,-1.0025002448353917,0.0,40,0.2,0.46153846153846156,26,0.9,0.2972972972972973,82,0.10939483642578125,0.2,-0.002656468097393372,0.5371564353816212,1930
0.25464457273483276,12,0.25515565276145935,439.1626892089844,7562,0.2536550462245941,0.2543737590312958,0.25540173053741455,0.2539461851119995,0.25305068492889404,0.25618788599967957,25559040,0.25029855966567993,2.012713375539182,0.25596335530281067,0.2550462484359741,2.2545454545454544,0.00010833740234375,0.4303030303030303,1.4435151515151525,0.25929418206214905,14,0.6666666666666666,730.07,0.2526879906654358,0.9285714285714286,0.25887900590896606,0.25029855966567993,0.2565271258354187,0.25439801812171936,0.2564835548400879,0.2558690309524536,3379,0.25362277030944824,0.2540470361709595,0.5696969696969697,0.2546653747558594,0.2591997981071472,0.2537139058113098,0.25516703724861145,195,0.2531391680240631,0.25929418206214905,0.1,0.32432432432432434,0.0030650655,13,1e-05,26,0.4169222414493561,0.7909671664237976,0.2550167143344879,37,-1.2147362990304829,0.0,45,0.2,0.4444444444444444,18,0.6923076923076923,0.4230769230769231,71,0.108819580078125,0.2222222222222222,-0.0026539794636846635,0.5554776378674433,1940
0.25672635436058044,20,0.25736409425735474,466.6246032714844,7557,0.2560679316520691,0.2566797435283661,0.25765129923820496,0.2559671700000763,0.2552186846733093,0.2586399018764496,25690112,0.2524877190589905,1.966387093612057,0.2581084370613098,0.2572897970676422,2.2373737373737375,0.00011138916015625,0.4797979797979798,1.455898989898991,0.2615540623664856,22,0.8,764.98,0.25467371940612793,1.0,0.2611399292945862,0.2524877190589905,0.2588619887828827,0.2563771605491638,0.25886282324790955,0.2579708695411682,3399,0.255924791097641,0.2562386095523834,0.5202020202020202,0.25701960921287537,0.2616470158100128,0.25582316517829895,0.25736722350120544,196,0.255362331867218,0.2616470158100128,0.1,0.25,0.0031909503,10,1e-05,38,0.4284258782863617,0.7871500253677368,0.25724101066589355,40,-1.4303583016619086,0.0,41,0.2,0.5925925925925926,27,0.8,0.2894736842105263,95,0.10998992919921875,0.2926829268292683,-0.002828352871893003,0.4952402350725606,1950
0.25890445709228516,15,0.25944820046424866,439.206298828125,7559,0.25809165835380554,0.25887972116470337,0.2596889138221741,0.2581956684589386,0.2574783265590668,0.26105672121047974,25821184,0.254495769739151,2.0400644133196884,0.2603761553764343,0.2595140337944031,2.2181818181818183,0.00015930175781250002,0.44242424242424244,1.4444606060606069,0.2638264298439026,16,0.7333333333333333,728.08,0.25688636302948,1.0,0.26319220662117004,0.254495769739151,0.2611604630947113,0.25878220796585083,0.26091378927230835,0.26003146171569824,3415,0.2580779194831848,0.2583230137825012,0.5575757575757576,0.2592407464981079,0.2638553977012634,0.25818300247192383,0.25940921902656555,197,0.25756439566612244,0.2638553977012634,0.1,0.20512820512820512,0.0030339742,14,1e-05,32,0.3346027135848999,0.7785372138023376,0.25942304730415344,39,-1.6431893872097134,0.0,29,0.2,0.5,20,0.7857142857142857,0.34375,73,0.10435867309570312,0.20689655172413793,-0.002603311152097376,0.5157944547245279,1960
0.26119333505630493,11,0.26169946789741516,439.9932556152344,7561,0.26032158732414246,0.2613146901130676,0.26183098554611206,0.26053136587142944,0.2597293257713318,0.2632195055484772,25952256,0.2567572593688965,1.9073807607070699,0.2626573145389557,0.26199644804000854,2.078125,0.000164794921875,0.4791666666666667,1.4526875000000008,0.26591137051582336,25,1.0,723.29,0.25911858677864075,0.92,0.26548832654953003,0.2567572593688965,0.2633821368217468,0.26091572642326355,0.2631673514842987,0.2621634006500244,3431,0.2600754499435425,0.2606366276741028,0.5208333333333334,0.26128995418548584,0.2660439908504486,0.2604336738586426,0.2618612051010132,198,0.2597430646419525,0.2660439908504486,0.1,0.225,0.0031423236,18,1e-05,31,0.5300920605659485,0.7730933427810669,0.26165926456451416,40,-1.856571852043271,0.0,49,0.2,0.5555555555555556,18,0.7222222222222222,0.41935483870967744,92,0.10770263671875,0.2653061224489796,-0.0028543871307192604,0.4980542389908805,1970
0.26360633969306946,19,0.26394224166870117,439.97015380859375,7559,0.2626480460166931,0.2633028030395508,0.2640969753265381,0.2626544237136841,0.26186755299568176,0.26540252566337585,26083328,0.258860319852829,1.997598215046693,0.26477691531181335,0.2642385959625244,2.308988764044944,0.00018402099609375,0.42134831460674155,1.4646516853932592,0.26825714111328125,13,0.7368421052631579,727.5,0.2614043056964874,1.0,0.2677604556083679,0.258860319852829,0.2653100788593292,0.2632787227630615,0.2653096616268158,0.264291912317276,3450,0.2624315023422241,0.2629670202732086,0.5786516853932584,0.2633969187736511,0.2682354748249054,0.2626160979270935,0.26417088508605957,199,0.2619558572769165,0.26825714111328125,0.1,0.26666666666666666,0.0030860135,13,1e-05,37,0.4057910144329071,0.7728562951087952,0.26387128233909607,30,-2.0690002103336154,0.0,36,0.2,0.36666666666666664,30,0.7692307692307693,0.35135135135135137,75,0.107794189453125,0.16666666666666666,-0.002711738693005827,0.5479664167854935,1980
0.26574161648750305,15,0.2661104202270508,456.0437927246094,7559,0.264941930770874,0.2658092975616455,0.2665165960788727,0.26503878831863403,0.26397761702537537,0.26742756366729736,26214400,0.2610042691230774,2.030917358398785,0.2668275833129883,0.2663193643093109,2.062146892655367,0.00020965576171874998,0.4689265536723164,1.4624406779661028,0.27081620693206787,18,0.8,747.19,0.2633177638053894,0.9444444444444444,0.27018240094184875,0.2610042691230774,0.2675555646419525,0.26581668853759766,0.2674468159675598,0.2662469446659088,3467,0.26438504457473755,0.26519864797592163,0.5310734463276836,0.26544344425201416,0.27083590626716614,0.2649630904197693,0.2663536071777344,200,0.2640610635280609,0.27083590626716614,0.1,0.24444444444444444,0.0030855555,18,1e-05,26,0.4133533239364624,0.7918770909309387,0.26609352231025696,45,-2.279136020876467,0.0,32,0.2,0.4782608695652174,23,0.7222222222222222,0.3076923076923077,83,0.10688629150390624,0.34375,-0.0028856607522811826,0.5479326250264421,1990
0.26804620027542114,11,0.26821988821029663,458.4249267578125,7561,0.2672761082649231,0.26827892661094666,0.26896628737449646,0.2672284245491028,0.2662593722343445,0.269765168428421,26345472,0.2633163630962372,1.9790019319663628,0.2692085802555084,0.26860281825065613,2.096045197740113,0.00023284912109375002,0.423728813559322,1.4671073446327696,0.273322731256485,18,0.9090909090909091,757.11,0.2654590904712677,0.9444444444444444,0.27275410294532776,0.2633163630962372,0.2696864902973175,0.2682354152202606,0.2696177661418915,0.26851686835289,3484,0.2665925920009613,0.26751378178596497,0.576271186440678,0.2679690718650818,0.2732565701007843,0.2672995626926422,0.26867738366127014,201,0.266716867685318,0.273322731256485,0.1,0.07142857142857142,0.003148889,17,1e-05,32,0.4240074157714844,0.7717046737670898,0.2684314250946045,42,-2.4940399011597036,0.0,35,0.2,0.5454545454545454,22,0.7058823529411765,0.46875,75,0.10707321166992187,0.17142857142857143,-0.0026339040012771874,0.5193316122982651,2000
0.2704681158065796,13,0.27088555693626404,440.6685791015625,7560,0.2697305977344513,0.27038460969924927,0.27101635932922363,0.2697486877441406,0.2684357464313507,0.2720460593700409,26476544,0.26566454768180847,1.991760229654596,0.271505206823349,0.27095717191696167,2.1684782608695654,0.00027557373046875003,0.43478260869565216,1.4640108695652183,0.27540478110313416,20,1.0,729.66,0.2677650451660156,0.85,0.27488306164741516,0.26566454768180847,0.272386759519577,0.27057400345802307,0.27205023169517517,0.27075502276420593,3501,0.26889872550964355,0.2697082459926605,0.5652173913043478,0.2702096402645111,0.27565157413482666,0.26949962973594666,0.270967036485672,202,0.26889726519584656,0.27565157413482666,0.1,0.22916666666666666,0.0030417293,22,1e-05,35,0.3427332043647766,0.8002279996871948,0.27073973417282104,48,-2.7095986168831585,0.0,32,0.2,0.5,14,0.6363636363636364,0.34285714285714286,80,0.10340042114257812,0.1875,-0.002610528646346211,0.49774644973222165,2010
0.2725360691547394,7,0.2732173204421997,434.52972412109375,7558,0.2722342908382416,0.27298086881637573,0.2734767496585846,0.27162182331085205,0.27068454027175903,0.27435973286628723,26607616,0.26782065629959106,2.002259672738378,0.273964524269104,0.2733568847179413,2.1941176470588237,0.00030975341796875,0.43529411764705883,1.4821058823529423,0.27804845571517944,19,0.7142857142857143,717.75,0.2700794041156769,0.9473684210526315,0.27716511487960815,0.26782065629959106,0.2745731472969055,0.2732260227203369,0.27452781796455383,0.2730066776275635,3520,0.2712232172489166,0.2720852196216583,0.5647058823529412,0.2722960412502289,0.27799248695373535,0.27180713415145874,0.2733997702598572,203,0.27113887667655945,0.27804845571517944,0.1,0.34146341463414637,0.0030985177,11,1e-05,39,0.3515326976776123,0.7892423868179321,0.27307289838790894,41,-2.9240348611027,0.0,36,0.2,0.4117647058823529,17,0.6363636363636364,0.3076923076923077,74,0.10712661743164062,0.3055555555555556,-0.0029898814020270946,0.5382394151296467,2020
0.2746386229991913,16,0.27533844113349915,451.22686767578125,7561,0.2744334638118744,0.27529624104499817,0.27583035826683044,0.27396902441978455,0.2728598415851593,0.276810884475708,26738688,0.27001920342445374,1.905370199096956,0.2763080298900604,0.2757987082004547,2.387978142076503,0.00035583496093750006,0.47540983606557374,1.457398907103826,0.2803891599178314,14,0.6875,740.09,0.272057443857193,1.0,0.27963894605636597,0.27001920342445374,0.2768157720565796,0.2757178843021393,0.27669206261634827,0.2754323482513428,3536,0.2735370695590973,0.2745268642902374,0.5245901639344263,0.2746094763278961,0.2805156111717224,0.27408286929130554,0.2758824825286865,204,0.2734598219394684,0.2805156111717224,0.1,0.3023255813953488,0.003134741,17,1e-05,37,0.43585389852523804,0.7857360243797302,0.27538642287254333,43,-3.1363678846508263,0.0,40,0.2,0.5625,16,0.8235294117647058,0.40540540540540543,87,0.10898818969726562,0.275,-0.002924625721061602,0.5428946772357449,2030
0.27730730175971985,13,0.277646005153656,432.0870666503906,7562,0.27662867307662964,0.27755245566368103,0.27835214138031006,0.2762811779975891,0.27525848150253296,0.27917858958244324,26869760,0.2722175717353821,1.895218117563648,0.27891260385513306,0.278324156999588,1.9893617021276595,0.0003802490234375,0.44680851063829785,1.4566489361702137,0.28268805146217346,26,0.8461538461538461,715.15,0.2741215229034424,0.9615384615384616,0.28178903460502625,0.2722175717353821,0.2792417109012604,0.2780676484107971,0.2788656949996948,0.2777840197086334,3553,0.27574142813682556,0.27688732743263245,0.5531914893617021,0.27725300192832947,0.2830754816532135,0.27640074491500854,0.2782229483127594,205,0.2756368815898895,0.2830754816532135,0.1,0.14285714285714285,0.003054272,25,1e-05,28,0.36082375049591064,0.8018018007278442,0.2777373790740967,42,-3.348332364857197,0.0,38,0.2,0.4375,16,0.68,0.25,84,0.10661087036132813,0.2894736842105263,-0.0026664484626962802,0.47251219931058586,2040
0.2796410322189331,4,0.2801392674446106,444.04058837890625,7559,0.2788277566432953,0.2801406979560852,0.2808243930339813,0.27871841192245483,0.27772387862205505,0.2816452980041504,27000832,0.2747856676578522,1.9711778685726153,0.2812337875366211,0.28064343333244324,2.091463414634146,0.0004339599609375001,0.4634146341463415,1.4596463414634158,0.28506264090538025,21,1.0,737.07,0.2764502763748169,0.8095238095238095,0.2843334674835205,0.2747856676578522,0.28187674283981323,0.2806694507598877,0.2811325490474701,0.2801777124404907,3571,0.2782284915447235,0.2794557809829712,0.5365853658536586,0.2798033058643341,0.28545087575912476,0.2788570821285248,0.28061503171920776,206,0.27824079990386963,0.28545087575912476,0.1,0.2682926829268293,0.0031268562,14,1e-05,38,0.2572884261608124,0.7901558876037598,0.28018710017204285,41,-3.564621689543128,0.0,32,0.2,0.6428571428571429,14,0.7857142857142857,0.3684210526315789,76,0.10389938354492187,0.3125,-0.0027885597039130515,0.5417351556709036,2050
0.28207942843437195,12,0.28248146176338196,452.94281005859375,7561,0.28118112683296204,0.28278666734695435,0.2832929193973541,0.2812897861003876,0.280128538608551,0.28408125042915344,27131904,0.2769778072834015,1.9401556581743966,0.28353503346443176,0.282785028219223,2.1147540983606556,0.00049163818359375,0.5081967213114754,1.4617814207650284,0.2875629961490631,19,0.9166666666666666,750.0,0.27875185012817383,0.9473684210526315,0.28668299317359924,0.2769778072834015,0.2843174636363983,0.2827848494052887,0.283549964427948,0.28271839022636414,3588,0.28072264790534973,0.28182682394981384,0.4918032786885246,0.28228843212127686,0.28796908259391785,0.2812177836894989,0.28307288885116577,207,0.28052735328674316,0.28796908259391785,0.1,0.35555555555555557,0.0030697505,23,1e-05,26,0.3244749903678894,0.780666708946228,0.2825844883918762,45,-3.7802482729777696,0.0,43,0.2,0.6666666666666666,15,0.8260869565217391,0.2692307692307692,93,0.10390853881835938,0.27906976744186046,-0.002737121942391241,0.49640248259529474,2060
0.28448691964149475,14,0.2848859429359436,441.10296630859375,7562,0.28356269001960754,0.28525811433792114,0.28572186827659607,0.28360515832901,0.2823975086212158,0.28656262159347534,27262976,0.2793448269367218,1.9121186124360905,0.2861039936542511,0.2849788963794708,2.201183431952663,0.0005587768554687501,0.47337278106508873,1.4792071005917171,0.2901228070259094,15,0.7857142857142857,726.24,0.28128495812416077,0.9333333333333333,0.28929877281188965,0.2793448269367218,0.2866884768009186,0.28502923250198364,0.28570523858070374,0.28528422117233276,3604,0.28304705023765564,0.2839362919330597,0.5266272189349113,0.28466492891311646,0.29037588834762573,0.283761203289032,0.2855551540851593,208,0.2829417884349823,0.29037588834762573,0.1,0.15384615384615385,0.0029598502,17,1e-05,35,0.16783136129379272,0.7916436195373535,0.28498414158821106,26,-3.9925050495192407,0.0,36,0.2,0.6923076923076923,26,0.7058823529411765,0.22857142857142856,80,0.09942474365234374,0.3611111111111111,-0.002433432722955331,0.49551758407615126,2070
0.2871970236301422,21,0.2873893082141876,478.32012939453125,7559,0.2860642969608307,0.2876943051815033,0.2880161702632904,0.2858276665210724,0.2848737835884094,0.2890668511390686,27394048,0.28176382184028625,2.006738655543594,0.28854796290397644,0.2873995900154114,2.327777777777778,0.0006347656250000001,0.5166666666666667,1.4547777777777788,0.2924087643623352,18,0.9047619047619048,781.05,0.28379026055336,1.0,0.29174280166625977,0.28176382184028625,0.2891885042190552,0.28755345940589905,0.2880295217037201,0.28757113218307495,3623,0.28570979833602905,0.2862626016139984,0.48333333333333334,0.2871086895465851,0.293084055185318,0.28643137216567993,0.2880275845527649,209,0.28539520502090454,0.293084055185318,0.1,0.20512820512820512,0.0030154996,18,1e-05,29,0.2986316680908203,0.7840877771377563,0.2874457836151123,39,-4.205329890921712,0.0,40,0.2,0.8,15,1.0,0.3793103448275862,93,0.09957122802734375,0.175,-0.0027282092071345687,0.496494130557403,2080
0.28981494903564453,14,0.28985995054244995,420.0606689453125,7561,0.2887093424797058,0.28982484340667725,0.29063481092453003,0.2886258363723755,0.28724437952041626,0.29154282808303833,27525120,0.28392985463142395,1.9582259047177408,0.29088354110717773,0.2897316813468933,2.095808383233533,0.0006646728515625,0.41317365269461076,1.4680718562874262,0.2947726249694824,24,0.7142857142857143,693.22,0.28611838817596436,1.0,0.2944575548171997,0.28392985463142395,0.29191574454307556,0.28981921076774597,0.2903846502304077,0.2901623845100403,3639,0.2880667448043823,0.2884424924850464,0.5868263473053892,0.2897050678730011,0.2950533926486969,0.2890007197856903,0.2904512882232666,210,0.28777921199798584,0.2950533926486969,0.1,0.21951219512195122,0.0030818502,9,1e-05,30,0.27389782667160034,0.8068464994430542,0.2898772656917572,41,-4.41881762444973,0.0,31,0.2,0.3333333333333333,18,0.7777777777777778,0.23333333333333334,69,0.10500335693359375,0.1935483870967742,-0.0027524012629328355,0.45675524487160146,2090
0.29238688945770264,15,0.29225632548332214,440.38751220703125,7564,0.29109418392181396,0.29227215051651,0.2931699752807617,0.2908788323402405,0.289834588766098,0.29427000880241394,27656192,0.2863188087940216,1.9281990013729644,0.2932140529155731,0.2922176718711853,2.2192513368983957,0.0007464599609375001,0.4919786096256685,1.4538716577540118,0.2973756790161133,22,0.9333333333333333,721.67,0.28861621022224426,0.9545454545454546,0.2970612347126007,0.2863188087940216,0.2943437993526459,0.292439728975296,0.2927340269088745,0.29273200035095215,3656,0.29065993428230286,0.2910596430301666,0.5080213903743316,0.29195067286491394,0.2977403998374939,0.29156234860420227,0.29290008544921875,211,0.29023510217666626,0.2977403998374939,0.1,0.4166666666666667,0.0030696986,18,1e-05,41,0.285135954618454,0.7833901643753052,0.2923729717731476,36,-4.631371669843793,0.0,36,0.2,0.42105263157894735,19,0.7777777777777778,0.2926829268292683,92,0.1040771484375,0.2222222222222222,-0.002573857844936356,0.5203652439173311,2100
0.2950230836868286,18,0.29454347491264343,449.247314453125,7561,0.29349207878112793,0.29483935236930847,0.29598695039749146,0.2932663857936859,0.2923499345779419,0.2965119481086731,27787264,0.28869736194610596,2.0493722806898793,0.2960156500339508,0.2946023941040039,2.3117647058823527,0.0008557128906250002,0.4411764705882353,1.4742470588235306,0.29999998211860657,14,0.8333333333333334,740.41,0.29115059971809387,0.9285714285714286,0.29970037937164307,0.28869736194610596,0.2969529628753662,0.2949892580509186,0.29504990577697754,0.29513800144195557,3675,0.29325008392333984,0.29350486397743225,0.5588235294117647,0.29440003633499146,0.29999998211860657,0.29436707496643066,0.29542914032936096,212,0.29291197657585144,0.29999998211860657,0.1,0.13333333333333333,0.0030458332,16,1e-05,28,0.26266124844551086,0.8001686334609985,0.29488691687583923,30,-4.845728691667318,0.0,43,0.2,0.5714285714285714,21,0.9375,0.25,75,0.10005722045898438,0.20930232558139536,-0.0027929469971695654,0.49004977017175405,2110
0.29748594760894775,21,0.2969915568828583,451.0108642578125,7563,0.2964261770248413,0.2973455786705017,0.29845350980758667,0.2957953214645386,0.2947470247745514,0.29940977692604065,27918336,0.2911975085735321,2.0428858453045877,0.2983781695365906,0.2971261143684387,2.326424870466321,0.0009497070312500001,0.47150259067357514,1.4746113989637315,0.29999998211860657,16,0.7619047619047619,750.4,0.2936413288116455,0.875,0.29999998211860657,0.2911975085735321,0.29960596561431885,0.2975517213344574,0.29751724004745483,0.2973213195800781,3691,0.2956319749355316,0.2960566580295563,0.5284974093264249,0.2970068156719208,0.29999998211860657,0.2968635857105255,0.2978282570838928,213,0.2954239249229431,0.29999998211860657,0.1,0.33962264150943394,0.0029045949,13,1e-05,34,0.23406916856765747,0.7778093814849854,0.29711222648620605,53,-5.045753880217672,0.0,35,0.2,0.7142857142857143,21,0.7692307692307693,0.20588235294117646,91,0.10004196166992188,0.3142857142857143,-0.002943773277229411,0.5447996062226593,2120
0.29999998211860657,9,0.29989200830459595,416.18975830078125,7565,0.2990070879459381,0.29999998211860657,0.29999998211860657,0.29822051525115967,0.2971450984477997,0.29999998211860657,28049408,0.293772429227829,2.033942979216724,0.29999998211860657,0.2996536195278168,2.2634730538922154,0.00100555419921875,0.40119760479041916,1.4540239520958098,0.29999998211860657,17,0.6666666666666666,691.08,0.29587066173553467,0.9411764705882353,0.29999998211860657,0.293772429227829,0.29999998211860657,0.29999998211860657,0.2997511327266693,0.29999998211860657,3707,0.29841119050979614,0.2984371781349182,0.5988023952095808,0.29962530732154846,0.29999998211860657,0.2992032468318939,0.29999998211860657,214,0.2980262339115143,0.29999998211860657,0.1,0.22857142857142856,0.002672474,11,1e-05,38,0.2200489044189453,0.7876197695732117,0.29908064007759094,35,-5.22527449913323,0.0,39,0.2,0.5,18,0.7272727272727273,0.2631578947368421,67,0.09562759399414063,0.2564102564102564,-0.002938505866950436,0.5251682464033365,2130
0.29999998211860657,13,0.29999998211860657,457.4867248535156,7561,0.29999998211860657,0.29999998211860657,0.29999998211860657,0.29999998211860657,0.2998754382133484,0.29999998211860657,28180480,0.2962717115879059,1.9399234710468976,0.29999998211860657,0.29999998211860657,1.9534883720930232,0.0010229492187500003,0.5523255813953488,1.4652906976744198,0.29999998211860657,21,0.8461538461538461,749.37,0.2983742356300354,0.9523809523809523,0.29999998211860657,0.2962717115879059,0.29999998211860657,0.29999998211860657,0.29999998211860657,0.29999998211860657,3726,0.29999998211860657,0.29999998211860657,0.4476744186046512,0.29999998211860657,0.29999998211860657,0.29999998211860657,0.29999998211860657,215,0.29999998211860657,0.29999998211860657,0.1,0.35135135135135137,0.0019675768,14,1e-05,30,0.2503696382045746,0.8000380992889404,0.29978087544441223,37,-5.335485221073031,0.0,28,0.2,0.5517241379310345,29,0.8571428571428571,0.43333333333333335,95,0.07158660888671875,0.35714285714285715,-0.0032914614921992326,0.5174390204949304,2140
0.29999998211860657,14,0.29999998211860657,464.25262451171875,7563,0.29999998211860657,0.29999998211860657,0.29999998211860657,0.29999998211860657,0.29999998211860657,0.29999998211860657,28311552,0.2987481653690338,1.945319827631645,0.29999998211860657,0.29999998211860657,2.1032608695652173,0.001043701171875,0.5054347826086957,1.474543478260871,0.29999998211860657,21,0.8571428571428571,754.14,0.29999998211860657,1.0,0.29999998211860657,0.2987481653690338,0.29999998211860657,0.29999998211860657,0.29999998211860657,0.29999998211860657,3743,0.29999998211860657,0.29999998211860657,0.4945652173913043,0.29999998211860657,0.29999998211860657,0.29999998211860657,0.29999998211860657,216,0.29999998211860657,0.29999998211860657,0.1,0.34146341463414637,0.0018675749,23,1e-05,35,0.19517555832862854,0.7782915830612183,0.2999499440193176,41,-5.36446232534945,0.0,31,0.2,0.5263157894736842,19,0.8695652173913043,0.22857142857142856,93,0.07243881225585938,0.25806451612903225,-0.003737096007353102,0.46612605096306653,2150
0.29999998211860657,10,0.29999998211860657,459.24346923828125,7565,0.29999998211860657,0.29999998211860657,0.29999998211860657,0.29999998211860657,0.29999998211860657,0.29999998211860657,28442624,0.29999998211860657,1.9419645111869763,0.29999998211860657,0.29999998211860657,2.302325581395349,0.0010845947265625002,0.48255813953488375,1.485093023255815,0.29999998211860657,16,0.8,750.97,0.29999998211860657,0.9375,0.29999998211860657,0.29999998211860657,0.29999998211860657,0.29999998211860657,0.29999998211860657,0.29999998211860657,3759,0.29999998211860657,0.29999998211860657,0.5174418604651163,0.29999998211860657,0.29999998211860657,0.29999998211860657,0.29999998211860657,217,0.29999998211860657,0.29999998211860657,0.1,0.32432432432432434,0.0018045099,20,1e-05,34,0.27706485986709595,0.7926338315010071,0.30000001192092896,37,-5.373224099352956,0.0,44,0.2,0.6363636363636364,11,0.6,0.5294117647058824,83,0.06865615844726562,0.25,-0.003506716804622556,0.5106715725501999,2160
0.29999998211860657,13,0.29999998211860657,459.8741455078125,7562,0.29999998211860657,0.29999998211860657,0.29999998211860657,0.29999998211860657,0.29999998211860657,0.29999998211860657,28573696,0.29999998211860657,1.95263262695748,0.29999998211860657,0.29999998211860657,2.1306818181818183,0.0010516357421875002,0.5170454545454546,1.4608181818181827,0.29999998211860657,19,0.8461538461538461,753.01,0.29999998211860657,0.9473684210526315,0.29999998211860657,0.29999998211860657,0.29999998211860657,0.29999998211860657,0.29999998211860657,0.29999998211860657,3778,0.29999998211860657,0.29999998211860657,0.48295454545454547,0.29999998211860657,0.29999998211860657,0.29999998211860657,0.29999998211860657,218,0.29999998211860657,0.29999998211860657,0.1,0.375,0.0017175646,15,1e-05,40,0.222444087266922,0.796979546546936,0.30000001192092896,32,-5.374142646789551,0.0,30,0.2,0.6296296296296297,27,0.8666666666666667,0.3,91,0.0645660400390625,0.26666666666666666,-0.0035289780103994416,0.4918330402346328,2170
0.29999998211860657,14,0.29999998211860657,457.1575012207031,7564,0.29999998211860657,0.29999998211860657,0.29999998211860657,0.29999998211860657,0.29999998211860657,0.29999998211860657,28704768,0.29999998211860657,1.9569721258128492,0.29999998211860657,0.29999998211860657,2.1705882352941175,0.00107330322265625,0.4411764705882353,1.4891411764705893,0.29999998211860657,22,0.5,740.71,0.29999998211860657,0.9545454545454546,0.29999998211860657,0.29999998211860657,0.29999998211860657,0.29999998211860657,0.29999998211860657,0.29999998211860657,3794,0.29999998211860657,0.29999998211860657,0.5588235294117647,0.29999998211860657,0.29999998211860657,0.29999998211860657,0.29999998211860657,219,0.29999998211860657,0.29999998211860657,0.1,0.22727272727272727,0.0017464627,12,1e-05,35,0.1764080822467804,0.7958310842514038,0.30000001192092896,44,-5.374142646789551,0.0,27,0.2,0.75,16,0.9166666666666666,0.22857142857142856,75,0.06373977661132812,0.2222222222222222,-0.0033981055500589717,0.5028917559888214,2180
0.29999998211860657,9,0.29999998211860657,480.24273681640625,7566,0.29999998211860657,0.29999998211860657,0.29999998211860657,0.29999998211860657,0.29999998211860657,0.29999998211860657,28835840,0.29999998211860657,1.831463920603399,0.29999998211860657,0.29999998211860657,1.9606741573033708,0.0010687255859375,0.4606741573033708,1.4752247191011245,0.29999998211860657,24,1.0,775.19,0.29999998211860657,0.7916666666666666,0.29999998211860657,0.29999998211860657,0.29999998211860657,0.29999998211860657,0.29999998211860657,0.29999998211860657,3811,0.29999998211860657,0.29999998211860657,0.5393258426966292,0.29999998211860657,0.29999998211860657,0.29999998211860657,0.29999998211860657,220,0.29999998211860657,0.29999998211860657,0.1,0.2647058823529412,0.0017780743,16,1e-05,34,0.4168359339237213,0.7869852185249329,0.30000001192092896,34,-5.374142646789551,0.0,36,0.2,0.56,25,0.75,0.2647058823529412,82,0.0688751220703125,0.2777777777777778,-0.0035691363154910505,0.509409095463343,2190
0.29999998211860657,16,0.29999998211860657,461.5401916503906,7562,0.29999998211860657,0.29999998211860657,0.29999998211860657,0.29999998211860657,0.29999998211860657,0.29999998211860657,28966912,0.29999998211860657,1.9755621969868826,0.29999998211860657,0.29999998211860657,2.2485207100591715,0.0011065673828125002,0.46745562130177515,1.4882485207100602,0.29999998211860657,17,0.8125,746.22,0.29999998211860657,0.9411764705882353,0.29999998211860657,0.29999998211860657,0.29999998211860657,0.29999998211860657,0.29999998211860657,0.29999998211860657,3830,0.29999998211860657,0.29999998211860657,0.5325443786982249,0.29999998211860657,0.29999998211860657,0.29999998211860657,0.29999998211860657,221,0.29999998211860657,0.29999998211860657,0.1,0.28205128205128205,0.0017233692,14,1e-05,27,0.24396419525146484,0.7968603372573853,0.30000001192092896,39,-5.374142646789551,0.0,39,0.2,0.47058823529411764,17,0.7857142857142857,0.37037037037037035,79,0.060888671875,0.2564102564102564,-0.0035450908181246634,0.5333331849891693,2200
0.29999998211860657,14,0.29999998211860657,466.8137512207031,7564,0.29999998211860657,0.29999998211860657,0.29999998211860657,0.29999998211860657,0.29999998211860657,0.29999998211860657,29097984,0.29999998211860657,1.9852938543703151,0.29999998211860657,0.29999998211860657,2.263157894736842,0.00108184814453125,0.4444444444444444,1.4755672514619895,0.29999998211860657,20,0.8571428571428571,763.7,0.29999998211860657,0.95,0.29999998211860657,0.29999998211860657,0.29999998211860657,0.29999998211860657,0.29999998211860657,0.29999998211860657,3846,0.29999998211860657,0.29999998211860657,0.5555555555555556,0.29999998211860657,0.29999998211860657,0.29999998211860657,0.29999998211860657,222,0.29999998211860657,0.29999998211860657,0.1,0.2702702702702703,0.0018015804,15,1e-05,35,0.15604865550994873,0.7868826389312744,0.30000001192092896,37,-5.374142646789551,0.0,36,0.2,0.35714285714285715,14,0.6666666666666666,0.37142857142857144,76,0.07230224609375,0.19444444444444445,-0.0036336433915948874,0.5297895557479932,2210
0.29999998211860657,14,0.29999998211860657,446.35784912109375,7566,0.29999998211860657,0.29999998211860657,0.29999998211860657,0.29999998211860657,0.29999998211860657,0.29999998211860657,29229056,0.29999998211860657,1.9942368019731398,0.29999998211860657,0.29999998211860657,2.215909090909091,0.0010687255859375,0.48295454545454547,1.4895568181818193,0.29999998211860657,14,0.7142857142857143,726.35,0.29999998211860657,0.9285714285714286,0.29999998211860657,0.29999998211860657,0.29999998211860657,0.29999998211860657,0.29999998211860657,0.29999998211860657,3863,0.29999998211860657,0.29999998211860657,0.5170454545454546,0.29999998211860657,0.29999998211860657,0.29999998211860657,0.29999998211860657,223,0.29999998211860657,0.29999998211860657,0.1,0.37142857142857144,0.0017258513,19,1e-05,29,0.21823546290397644,0.7891980409622192,0.30000001192092896,35,-5.374142646789551,0.0,43,0.2,0.5,22,0.7368421052631579,0.41379310344827586,85,0.06455230712890625,0.27906976744186046,-0.0033976632894791694,0.5294145182706416,2220
0.29999998211860657,18,0.29999998211860657,486.796630859375,7563,0.29999998211860657,0.29999998211860657,0.29999998211860657,0.29999998211860657,0.29999998211860657,0.29999998211860657,29360128,0.29999998211860657,1.8884615264047282,0.29999998211860657,0.29999998211860657,2.1867469879518073,0.0011065673828125002,0.5662650602409639,1.4730722891566277,0.29999998211860657,23,0.8888888888888888,791.43,0.29999998211860657,0.9565217391304348,0.29999998211860657,0.29999998211860657,0.29999998211860657,0.29999998211860657,0.29999998211860657,0.29999998211860657,3881,0.29999998211860657,0.29999998211860657,0.43373493975903615,0.29999998211860657,0.29999998211860657,0.29999998211860657,0.29999998211860657,224,0.29999998211860657,0.29999998211860657,0.1,0.30303030303030304,0.0018151103,13,1e-05,31,0.1925702691078186,0.7948556542396545,0.30000001192092896,33,-5.374142646789551,0.0,31,0.2,0.5882352941176471,17,0.8461538461538461,0.3548387096774194,94,0.06906509399414062,0.45161290322580644,-0.003554922011517192,0.51660983315669,2230
0.29999998211860657,11,0.29999998211860657,469.66912841796875,7565,0.29999998211860657,0.29999998211860657,0.29999998211860657,0.29999998211860657,0.29999998211860657,0.29999998211860657,29491200,0.29999998211860657,1.89665040678104,0.29999998211860657,0.29999998211860657,1.9421965317919074,0.0011337280273437502,0.5433526011560693,1.5035028901734118,0.29999998211860657,22,0.7272727272727273,754.36,0.29999998211860657,1.0,0.29999998211860657,0.29999998211860657,0.29999998211860657,0.29999998211860657,0.29999998211860657,0.29999998211860657,3897,0.29999998211860657,0.29999998211860657,0.45664739884393063,0.29999998211860657,0.29999998211860657,0.29999998211860657,0.29999998211860657,225,0.29999998211860657,0.29999998211860657,0.1,0.36,0.0018039176,22,1e-05,30,0.22761917114257812,0.7739824652671814,0.30000001192092896,25,-5.374142646789551,0.0,37,0.2,0.6153846153846154,26,0.7727272727272727,0.36666666666666664,94,0.070367431640625,0.2972972972972973,-0.0035454384516015124,0.46533781168982385,2240
0.29999998211860657,15,0.29999998211860657,455.9674987792969,7568,0.29999998211860657,0.29999998211860657,0.29999998211860657,0.29999998211860657,0.29999998211860657,0.29999998211860657,29622272,0.29999998211860657,1.982147240057354,0.29999998211860657,0.29999998211860657,2.0264550264550265,0.0011590576171875001,0.48677248677248675,1.4980634920634934,0.29999998211860657,23,0.9333333333333333,729.12,0.29999998211860657,1.0,0.29999998211860657,0.29999998211860657,0.29999998211860657,0.29999998211860657,0.29999998211860657,0.29999998211860657,3914,0.29999998211860657,0.29999998211860657,0.5132275132275133,0.29999998211860657,0.29999998211860657,0.29999998211860657,0.29999998211860657,226,0.29999998211860657,0.29999998211860657,0.1,0.23809523809523808,0.0017789737,25,1e-05,30,0.2046213150024414,0.7532606720924377,0.30000001192092896,42,-5.374142646789551,0.0,34,0.2,0.55,20,0.68,0.3,92,0.0687652587890625,0.23529411764705882,-0.0037730988383373187,0.48852173939812926,2250
0.29999998211860657,14,0.29999998211860657,455.595703125,7570,0.29999998211860657,0.29999998211860657,0.29999998211860657,0.29999998211860657,0.29999998211860657,0.29999998211860657,29753344,0.29999998211860657,2.0737667080018594,0.29999998211860657,0.29999998211860657,2.376543209876543,0.0011889648437500002,0.46296296296296297,1.489962962962964,0.29999998211860657,14,0.9285714285714286,734.56,0.29999998211860657,1.0,0.29999998211860657,0.29999998211860657,0.29999998211860657,0.29999998211860657,0.29999998211860657,0.29999998211860657,3930,0.29999998211860657,0.29999998211860657,0.5370370370370371,0.29999998211860657,0.29999998211860657,0.29999998211860657,0.29999998211860657,227,0.29999998211860657,0.29999998211860657,0.1,0.3142857142857143,0.0017399916,13,1e-05,30,0.23136666417121887,0.7670633792877197,0.30000001192092896,35,-5.374142646789551,0.0,42,0.2,0.5714285714285714,14,0.6923076923076923,0.26666666666666666,75,0.06536407470703125,0.2857142857142857,-0.0034881494220826426,0.585871867602691,2260
0.29999998211860657,13,0.29999998211860657,483.6259765625,7572,0.29999998211860657,0.29999998211860657,0.29999998211860657,0.29999998211860657,0.29999998211860657,0.29999998211860657,29884416,0.29999998211860657,1.9999949008625586,0.29999998211860657,0.29999998211860657,2.3114754098360657,0.0011654663085937501,0.5027322404371585,1.501967213114755,0.29999998211860657,15,0.8461538461538461,766.96,0.29999998211860657,0.9333333333333333,0.29999998211860657,0.29999998211860657,0.29999998211860657,0.29999998211860657,0.29999998211860657,0.29999998211860657,3946,0.29999998211860657,0.29999998211860657,0.4972677595628415,0.29999998211860657,0.29999998211860657,0.29999998211860657,0.29999998211860657,228,0.29999998211860657,0.29999998211860657,0.1,0.25,0.0017586678,11,1e-05,42,0.2147868573665619,0.7955590486526489,0.30000001192092896,40,-5.374142646789551,0.0,38,0.2,0.7083333333333334,24,0.7272727272727273,0.40476190476190477,92,0.06353683471679687,0.39473684210526316,-0.0034919067985356377,0.5026697885245085,2270
0.29999998211860657,13,0.29999998211860657,489.1558837890625,7575,0.29999998211860657,0.29999998211860657,0.29999998211860657,0.29999998211860657,0.29999998211860657,0.29999998211860657,30015488,0.29999998211860657,1.9185542468174428,0.29999998211860657,0.29999998211860657,2.2710843373493974,0.0012017822265625,0.4939759036144578,1.4820722891566276,0.29999998211860657,20,0.7692307692307693,779.38,0.29999998211860657,0.95,0.29999998211860657,0.29999998211860657,0.29999998211860657,0.29999998211860657,0.29999998211860657,0.29999998211860657,3962,0.29999998211860657,0.29999998211860657,0.5060240963855421,0.29999998211860657,0.29999998211860657,0.29999998211860657,0.29999998211860657,229,0.29999998211860657,0.29999998211860657,0.1,0.30303030303030304,0.0017843591,16,1e-05,34,0.4062448740005493,0.7783474922180176,0.30000001192092896,33,-5.374142646789551,0.0,38,0.2,0.5,12,0.9375,0.38235294117647056,82,0.06837921142578125,0.23684210526315788,-0.0035071642565526417,0.5558955607004463,2280
0.29999998211860657,14,0.29999998211860657,453.3125915527344,7577,0.29999998211860657,0.29999998211860657,0.29999998211860657,0.29999998211860657,0.29999998211860657,0.29999998211860657,30146560,0.29999998211860657,1.987581701531359,0.29999998211860657,0.29999998211860657,2.1344086021505375,0.0011706542968750002,0.489247311827957,1.497526881720431,0.29999998211860657,17,0.7857142857142857,727.36,0.29999998211860657,0.9411764705882353,0.29999998211860657,0.29999998211860657,0.29999998211860657,0.29999998211860657,0.29999998211860657,0.29999998211860657,3978,0.29999998211860657,0.29999998211860657,0.510752688172043,0.29999998211860657,0.29999998211860657,0.29999998211860657,0.29999998211860657,230,0.29999998211860657,0.29999998211860657,0.1,0.3409090909090909,0.0018044031,23,1e-05,32,0.18161797523498535,0.7957905530929565,0.30000001192092896,44,-5.374142646789551,0.0,35,0.2,0.5714285714285714,21,0.5217391304347826,0.34375,91,0.07105712890625,0.4,-0.0036778564778160217,0.5028390439227224,2290
0.29999998211860657,14,0.29999998211860657,520.8499755859375,7579,0.29999998211860657,0.29999998211860657,0.29999998211860657,0.29999998211860657,0.29999998211860657,0.29999998211860657,30277632,0.29999998211860657,1.8250844103272768,0.29999998211860657,0.29999998211860657,2.2312925170068025,0.0012014770507812501,0.5306122448979592,1.5085850340136064,0.29999998211860657,17,0.7857142857142857,825.86,0.29999998211860657,1.0,0.29999998211860657,0.29999998211860657,0.29999998211860657,0.29999998211860657,0.29999998211860657,0.29999998211860657,3994,0.29999998211860657,0.29999998211860657,0.46938775510204084,0.29999998211860657,0.29999998211860657,0.29999998211860657,0.29999998211860657,231,0.29999998211860657,0.29999998211860657,0.1,0.2571428571428571,0.0017135877,12,1e-05,31,0.19956904649734497,0.8033531308174133,0.30000001192092896,35,-5.374142646789551,0.0,23,0.2,0.6,15,0.75,0.41935483870967744,78,0.066754150390625,0.43478260869565216,-0.003421594735573308,0.5604202556191012,2300
0.29999998211860657,17,0.29999998211860657,499.2854309082031,7581,0.29999998211860657,0.29999998211860657,0.29999998211860657,0.29999998211860657,0.29999998211860657,0.29999998211860657,30408704,0.29999998211860657,1.908252897058737,0.29999998211860657,0.29999998211860657,2.088757396449704,0.0012124633789062501,0.5443786982248521,1.4917633136094688,0.29999998211860657,23,1.0,795.83,0.29999998211860657,0.9565217391304348,0.29999998211860657,0.29999998211860657,0.29999998211860657,0.29999998211860657,0.29999998211860657,0.29999998211860657,4010,0.29999998211860657,0.29999998211860657,0.4556213017751479,0.29999998211860657,0.29999998211860657,0.29999998211860657,0.29999998211860657,232,0.29999998211860657,0.29999998211860657,0.1,0.23076923076923078,0.0017824005,23,1e-05,30,0.25009921193122864,0.7946492433547974,0.30000001192092896,26,-5.374142646789551,0.0,32,0.2,0.6666666666666666,18,0.6086956521739131,0.3333333333333333,92,0.0657684326171875,0.34375,-0.0034660366111438634,0.4476058047497645,2310
0.29999998211860657,20,0.29999998211860657,489.46734619140625,7583,0.29999998211860657,0.29999998211860657,0.29999998211860657,0.29999998211860657,0.29999998211860657,0.29999998211860657,30539776,0.29999998211860657,1.9472144318075968,0.29999998211860657,0.29999998211860657,2.2126436781609193,0.0012008666992187503,0.5344827586206896,1.5163563218390814,0.29999998211860657,20,0.9,767.32,0.29999998211860657,0.95,0.29999998211860657,0.29999998211860657,0.29999998211860657,0.29999998211860657,0.29999998211860657,0.29999998211860657,4026,0.29999998211860657,0.29999998211860657,0.46551724137931033,0.29999998211860657,0.29999998211860657,0.29999998211860657,0.29999998211860657,233,0.29999998211860657,0.29999998211860657,0.1,0.1891891891891892,0.0017087328,10,1e-05,23,0.16355788707733154,0.7868341207504272,0.30000001192092896,37,-5.374142646789551,0.0,43,0.2,0.6190476190476191,21,0.8,0.5652173913043478,93,0.06533660888671874,0.3488372093023256,-0.003389405408802304,0.4662607072619721,2320
0.29999998211860657,12,0.29999998211860657,487.38055419921875,7586,0.29999998211860657,0.29999998211860657,0.29999998211860657,0.29999998211860657,0.29999998211860657,0.29999998211860657,30670848,0.29999998211860657,1.844095558586488,0.29999998211860657,0.29999998211860657,1.9285714285714286,0.0012310791015625,0.5297619047619048,1.4942976190476203,0.29999998211860657,25,1.0,762.57,0.29999998211860657,0.96,0.29999998211860657,0.29999998211860657,0.29999998211860657,0.29999998211860657,0.29999998211860657,0.29999998211860657,4043,0.29999998211860657,0.29999998211860657,0.47023809523809523,0.29999998211860657,0.29999998211860657,0.29999998211860657,0.29999998211860657,234,0.29999998211860657,0.29999998211860657,0.1,0.2972972972972973,0.0017894005,15,1e-05,23,0.14673686027526855,0.7865884900093079,0.30000001192092896,37,-5.374142646789551,0.0,36,0.2,0.65,20,0.8,0.43478260869565216,89,0.06865234375,0.19444444444444445,-0.00357537242498438,0.49145350002218036,2330
0.29999998211860657,11,0.29999998211860657,498.5651550292969,7588,0.29999998211860657,0.29999998211860657,0.29999998211860657,0.29999998211860657,0.29999998211860657,0.29999998211860657,30801920,0.29999998211860657,1.9824911337450415,0.29999998211860657,0.29999998211860657,2.1695906432748537,0.0012515258789062502,0.5555555555555556,1.513403508771931,0.29999998211860657,17,1.0,781.36,0.29999998211860657,0.8823529411764706,0.29999998211860657,0.29999998211860657,0.29999998211860657,0.29999998211860657,0.29999998211860657,0.29999998211860657,4059,0.29999998211860657,0.29999998211860657,0.4444444444444444,0.29999998211860657,0.29999998211860657,0.29999998211860657,0.29999998211860657,235,0.29999998211860657,0.29999998211860657,0.1,0.3548387096774194,0.0017248365,14,1e-05,41,0.3265112340450287,0.7767735719680786,0.30000001192092896,31,-5.374142646789551,0.0,31,0.2,0.6538461538461539,26,0.6428571428571429,0.43902439024390244,95,0.06620025634765625,0.45161290322580644,-0.0033937231942218204,0.502754108933732,2340
0.29999998211860657,20,0.29999998211860657,488.8500061035156,7590,0.29999998211860657,0.29999998211860657,0.29999998211860657,0.29999998211860657,0.29999998211860657,0.29999998211860657,30932992,0.29999998211860657,2.0191587678596234,0.29999998211860657,0.29999998211860657,2.36046511627907,0.0013082885742187501,0.4941860465116279,1.5202674418604665,0.29999998211860657,15,0.8,757.51,0.29999998211860657,1.0,0.29999998211860657,0.29999998211860657,0.29999998211860657,0.29999998211860657,0.29999998211860657,0.29999998211860657,4075,0.29999998211860657,0.29999998211860657,0.5058139534883721,0.29999998211860657,0.29999998211860657,0.29999998211860657,0.29999998211860657,236,0.29999998211860657,0.29999998211860657,0.1,0.34375,0.0017893353,9,1e-05,38,0.14118409156799316,0.8131952285766602,0.30000001192092896,32,-5.374142646789551,0.0,32,0.2,0.6923076923076923,26,0.5555555555555556,0.3157894736842105,85,0.06726760864257812,0.25,-0.003506648905295151,0.46121318081859497,2350
0.29999998211860657,13,0.29999998211860657,452.5918884277344,7592,0.29999998211860657,0.29999998211860657,0.29999998211860657,0.29999998211860657,0.29999998211860657,0.29999998211860657,31064064,0.29999998211860657,1.9920329110501922,0.29999998211860657,0.29999998211860657,2.2637362637362637,0.0013058471679687502,0.4725274725274725,1.5075054945054958,0.29999998211860657,16,0.7692307692307693,703.56,0.29999998211860657,0.9375,0.29999998211860657,0.29999998211860657,0.29999998211860657,0.29999998211860657,0.29999998211860657,0.29999998211860657,4091,0.29999998211860657,0.29999998211860657,0.5274725274725275,0.29999998211860657,0.29999998211860657,0.29999998211860657,0.29999998211860657,237,0.29999998211860657,0.29999998211860657,0.1,0.3684210526315789,0.0018005316,21,1e-05,41,0.21430441737174988,0.788047194480896,0.30000001192092896,38,-5.374142646789551,0.0,34,0.2,0.42105263157894735,19,0.8095238095238095,0.3170731707317073,86,0.07163314819335938,0.2647058823529412,-0.0037636430512975492,0.5398804760538042,2360
0.29999998211860657,17,0.29999998211860657,526.7367553710938,7594,0.29999998211860657,0.29999998211860657,0.29999998211860657,0.29999998211860657,0.29999998211860657,0.29999998211860657,31195136,0.29999998211860657,1.9159146851024278,0.29999998211860657,0.29999998211860657,2.3157894736842106,0.00133575439453125,0.5723684210526315,1.5054605263157905,0.29999998211860657,19,0.9411764705882353,825.14,0.29999998211860657,1.0,0.29999998211860657,0.29999998211860657,0.29999998211860657,0.29999998211860657,0.29999998211860657,0.29999998211860657,4107,0.29999998211860657,0.29999998211860657,0.4276315789473684,0.29999998211860657,0.29999998211860657,0.29999998211860657,0.29999998211860657,238,0.29999998211860657,0.29999998211860657,0.1,0.38461538461538464,0.0017531377,15,1e-05,33,0.2614322006702423,0.8219622373580933,0.30000001192092896,26,-5.374142646789551,0.0,29,0.2,0.46153846153846156,13,0.8,0.48484848484848486,87,0.06960067749023438,0.27586206896551724,-0.0034938926464292306,0.5414893129374831,2370
0.29999998211860657,17,0.29999998211860657,499.787841796875,7596,0.29999998211860657,0.29999998211860657,0.29999998211860657,0.29999998211860657,0.29999998211860657,0.29999998211860657,31326208,0.29999998211860657,1.9562437855516737,0.29999998211860657,0.29999998211860657,2.0285714285714285,0.0013674926757812503,0.5485714285714286,1.5254514285714296,0.29999998211860657,23,0.8235294117647058,782.82,0.29999998211860657,0.9130434782608695,0.29999998211860657,0.29999998211860657,0.29999998211860657,0.29999998211860657,0.29999998211860657,0.29999998211860657,4123,0.29999998211860657,0.29999998211860657,0.4514285714285714,0.29999998211860657,0.29999998211860657,0.29999998211860657,0.29999998211860657,239,0.29999998211860657,0.29999998211860657,0.1,0.29411764705882354,0.0017951566,20,1e-05,31,0.18207091093063354,0.7802690267562866,0.30000001192092896,34,-5.374142646789551,0.0,27,0.2,0.6521739130434783,23,0.8,0.45161290322580644,96,0.07073593139648438,0.2222222222222222,-0.0036768805726296707,0.48043604721315203,2380
0.29999998211860657,9,0.29999998211860657,521.8943481445312,7599,0.29999998211860657,0.29999998211860657,0.29999998211860657,0.29999998211860657,0.29999998211860657,0.29999998211860657,31457280,0.29999998211860657,1.9500956735036366,0.29999998211860657,0.29999998211860657,2.2049689440993787,0.0013934326171875003,0.5652173913043478,1.5283105590062123,0.29999998211860657,19,0.6666666666666666,801.56,0.29999998211860657,1.0,0.29999998211860657,0.29999998211860657,0.29999998211860657,0.29999998211860657,0.29999998211860657,0.29999998211860657,4139,0.29999998211860657,0.29999998211860657,0.43478260869565216,0.29999998211860657,0.29999998211860657,0.29999998211860657,0.29999998211860657,240,0.29999998211860657,0.29999998211860657,0.1,0.38461538461538464,0.0017529882,12,1e-05,38,0.26779863238334656,0.7851380109786987,0.30000001192092896,39,-5.374142646789551,0.0,29,0.2,0.7333333333333333,15,0.75,0.3684210526315789,91,0.065338134765625,0.5862068965517241,-0.00345667127771776,0.5633971503004431,2390
0.29999998211860657,13,0.29999998211860657,507.2480163574219,7601,0.29999998211860657,0.29999998211860657,0.29999998211860657,0.29999998211860657,0.29999998211860657,0.29999998211860657,31588352,0.29999998211860657,1.8610137159703222,0.29999998211860657,0.29999998211860657,2.2125,0.0013931274414062502,0.54375,1.5176625000000012,0.29999998211860657,17,0.8461538461538461,787.46,0.29999998211860657,1.0,0.29999998211860657,0.29999998211860657,0.29999998211860657,0.29999998211860657,0.29999998211860657,0.29999998211860657,4155,0.29999998211860657,0.29999998211860657,0.45625,0.29999998211860657,0.29999998211860657,0.29999998211860657,0.29999998211860657,241,0.29999998211860657,0.29999998211860657,0.1,0.3611111111111111,0.0018087754,12,1e-05,30,0.11514914035797119,0.7801488637924194,0.30000001192092896,36,-5.374142646789551,0.0,34,0.2,0.7222222222222222,18,0.75,0.36666666666666664,87,0.06897354125976562,0.38235294117647056,-0.0035416856558185827,0.48424749372061343,2400
0.29999998211860657,15,0.29999998211860657,502.4684753417969,7603,0.29999998211860657,0.29999998211860657,0.29999998211860657,0.29999998211860657,0.29999998211860657,0.29999998211860657,31719424,0.29999998211860657,1.9076691804269938,0.29999998211860657,0.29999998211860657,2.098159509202454,0.0013671875000000003,0.5460122699386503,1.5279509202454,0.29999998211860657,23,1.0,780.28,0.29999998211860657,1.0,0.29999998211860657,0.29999998211860657,0.29999998211860657,0.29999998211860657,0.29999998211860657,0.29999998211860657,4171,0.29999998211860657,0.29999998211860657,0.4539877300613497,0.29999998211860657,0.29999998211860657,0.29999998211860657,0.29999998211860657,242,0.29999998211860657,0.29999998211860657,0.1,0.3793103448275862,0.0017481069,11,1e-05,32,0.1770125925540924,0.7710666656494141,0.30000001192092896,29,-5.374142646789551,0.0,31,0.2,0.6818181818181818,22,0.9090909090909091,0.3125,89,0.067376708984375,0.16129032258064516,-0.003587233604503126,0.5146704057464376,2410
0.29999998211860657,11,0.29999998211860657,463.4154357910156,7605,0.29999998211860657,0.29999998211860657,0.29999998211860657,0.29999998211860657,0.29999998211860657,0.29999998211860657,31850496,0.29999998211860657,1.9421450137750162,0.29999998211860657,0.29999998211860657,2.2369942196531793,0.0013885498046875002,0.5202312138728323,1.5231676300578048,0.29999998211860657,23,0.8181818181818182,714.24,0.29999998211860657,1.0,0.29999998211860657,0.29999998211860657,0.29999998211860657,0.29999998211860657,0.29999998211860657,0.29999998211860657,4188,0.29999998211860657,0.29999998211860657,0.4797687861271676,0.29999998211860657,0.29999998211860657,0.29999998211860657,0.29999998211860657,243,0.29999998211860657,0.29999998211860657,0.1,0.2571428571428571,0.0018472899,13,1e-05,38,0.24990785121917725,0.7729735374450684,0.30000001192092896,35,-5.374142646789551,0.0,40,0.2,0.6923076923076923,13,0.8461538461538461,0.39473684210526316,90,0.07319793701171876,0.35,-0.0036542678896694268,0.49928899202495813,2420
0.29999998211860657,18,0.29999998211860657,540.0133666992188,7607,0.29999998211860657,0.29999998211860657,0.29999998211860657,0.29999998211860657,0.29999998211860657,0.29999998211860657,31981568,0.29999998211860657,2.0062346262579127,0.29999998211860657,0.29999998211860657,2.2679738562091503,0.0013900756835937503,0.5751633986928104,1.5078039215686287,0.29999998211860657,14,0.8333333333333334,828.66,0.29999998211860657,1.0,0.29999998211860657,0.29999998211860657,0.29999998211860657,0.29999998211860657,0.29999998211860657,0.29999998211860657,4204,0.29999998211860657,0.29999998211860657,0.42483660130718953,0.29999998211860657,0.29999998211860657,0.29999998211860657,0.29999998211860657,244,0.29999998211860657,0.29999998211860657,0.1,0.37142857142857144,0.0016604671,15,1e-05,27,0.23844456672668457,0.7788896560668945,0.30000001192092896,35,-5.374142646789551,0.0,26,0.2,0.7777777777777778,18,0.9333333333333333,0.3333333333333333,88,0.062628173828125,0.34615384615384615,-0.003394069979640335,0.555413442873396,2430
0.29999998211860657,14,0.29999998211860657,513.88818359375,7609,0.29999998211860657,0.29999998211860657,0.29999998211860657,0.29999998211860657,0.29999998211860657,0.29999998211860657,32112640,0.29999998211860657,1.8468994872813689,0.29999998211860657,0.29999998211860657,2.0233918128654973,0.0014071655273437502,0.5789473684210527,1.5353684210526328,0.29999998211860657,22,0.7857142857142857,783.2,0.29999998211860657,1.0,0.29999998211860657,0.29999998211860657,0.29999998211860657,0.29999998211860657,0.29999998211860657,0.29999998211860657,4220,0.29999998211860657,0.29999998211860657,0.42105263157894735,0.29999998211860657,0.29999998211860657,0.29999998211860657,0.29999998211860657,245,0.29999998211860657,0.29999998211860657,0.1,0.38235294117647056,0.0018120001,13,1e-05,28,0.2784745991230011,0.7630956768989563,0.30000001192092896,34,-5.374142646789551,0.0,35,0.2,0.88,25,0.7692307692307693,0.25,99,0.06788711547851563,0.4,-0.0034989859480447196,0.4630398730165325,2440
0.29999998211860657,15,0.29999998211860657,516.9986572265625,7611,0.29999998211860657,0.29999998211860657,0.29999998211860657,0.29999998211860657,0.29999998211860657,0.29999998211860657,32243712,0.29999998211860657,1.97253099265227,0.29999998211860657,0.29999998211860657,2.2,0.0014447021484375,0.5411764705882353,1.517423529411766,0.29999998211860657,20,1.0,787.37,0.29999998211860657,1.0,0.29999998211860657,0.29999998211860657,0.29999998211860657,0.29999998211860657,0.29999998211860657,0.29999998211860657,4236,0.29999998211860657,0.29999998211860657,0.4588235294117647,0.29999998211860657,0.29999998211860657,0.29999998211860657,0.29999998211860657,246,0.29999998211860657,0.29999998211860657,0.1,0.45,0.0017937787,14,1e-05,30,0.40424156188964844,0.7709977030754089,0.30000001192092896,40,-5.374142646417022,0.0,35,0.2,0.4375,16,0.7142857142857143,0.26666666666666666,92,0.06797943115234376,0.4,-0.003731174071162968,0.5230977857485414,2450
0.29999998211860657,14,0.29999998211860657,529.8768920898438,7613,0.29999998211860657,0.29999998211860657,0.29999998211860657,0.29999998211860657,0.29999998211860657,0.29999998211860657,32374784,0.29999998211860657,1.8984017027902997,0.29999998211860657,0.29999998211860657,2.157232704402516,0.0014733886718750003,0.5849056603773585,1.5323270440251586,0.29999998211860657,16,0.9285714285714286,805.3,0.29999998211860657,1.0,0.29999998211860657,0.29999998211860657,0.29999998211860657,0.29999998211860657,0.29999998211860657,0.29999998211860657,4252,0.29999998211860657,0.29999998211860657,0.41509433962264153,0.29999998211860657,0.29999998211860657,0.29999998211860657,0.29999998211860657,247,0.29999998211860657,0.29999998211860657,0.1,0.47058823529411764,0.0017901994,13,1e-05,22,0.21720746159553528,0.7907744646072388,0.30000001192092896,34,-5.374142646789551,0.0,40,0.2,0.65,20,0.9230769230769231,0.36363636363636365,93,0.07043228149414063,0.375,-0.0037289252866230527,0.52868186973501,2460
0.29999998211860657,22,0.29999998211860657,503.7332458496094,7615,0.29999998211860657,0.29999998211860657,0.29999998211860657,0.29999998211860657,0.29999998211860657,0.29999998211860657,32505856,0.29999998211860657,1.8945997276102595,0.29999998211860657,0.29999998211860657,2.4161849710982657,0.0014654541015625003,0.5433526011560693,1.5072485549132961,0.29999998211860657,24,0.9090909090909091,761.05,0.29999998211860657,1.0,0.29999998211860657,0.29999998211860657,0.29999998211860657,0.29999998211860657,0.29999998211860657,0.29999998211860657,4268,0.29999998211860657,0.29999998211860657,0.45664739884393063,0.29999998211860657,0.29999998211860657,0.29999998211860657,0.29999998211860657,248,0.29999998211860657,0.29999998211860657,0.1,0.34375,0.0018284224,15,1e-05,37,0.1885838806629181,0.7647791504859924,0.30000001192092896,32,-5.374142646417022,0.0,35,0.2,0.5,8,0.7333333333333333,0.43243243243243246,94,0.07062911987304688,0.22857142857142856,-0.0034714380338300545,0.48643834898248317,2470
0.29999998211860657,16,0.29999998211860657,480.6292724609375,7617,0.29999998211860657,0.29999998211860657,0.29999998211860657,0.29999998211860657,0.29999998211860657,0.29999998211860657,32636928,0.29999998211860657,1.9043528092516346,0.29999998211860657,0.29999998211860657,2.2808988764044944,0.0014724731445312502,0.5112359550561798,1.5025955056179787,0.29999998211860657,24,0.8125,737.9,0.29999998211860657,1.0,0.29999998211860657,0.29999998211860657,0.29999998211860657,0.29999998211860657,0.29999998211860657,0.29999998211860657,4284,0.29999998211860657,0.29999998211860657,0.4887640449438202,0.29999998211860657,0.29999998211860657,0.29999998211860657,0.29999998211860657,249,0.29999998211860657,0.29999998211860657,0.1,0.3235294117647059,0.0018222735,17,1e-05,34,0.24443191289901733,0.7924596667289734,0.30000001192092896,34,-5.374142646789551,0.0,43,0.2,0.7,10,0.8235294117647058,0.2647058823529412,91,0.07390289306640625,0.3023255813953488,-0.003705914738293359,0.5430398085620254,2480
0.29999998211860657,13,0.29999998211860657,516.5858764648438,7618,0.29999998211860657,0.29999998211860657,0.29999998211860657,0.29999998211860657,0.29999998211860657,0.29999998211860657,32768000,0.29999998211860657,1.8783357928045759,0.29999998211860657,0.29999998211860657,2.0197368421052633,0.0014718627929687501,0.625,1.5280131578947378,0.29999998211860657,18,0.9230769230769231,786.13,0.29999998211860657,1.0,0.29999998211860657,0.29999998211860657,0.29999998211860657,0.29999998211860657,0.29999998211860657,0.29999998211860657,4300,0.29999998211860657,0.29999998211860657,0.375,0.29999998211860657,0.29999998211860657,0.29999998211860657,0.29999998211860657,250,0.29999998211860657,0.29999998211860657,0.1,0.391304347826087,0.0017500753,21,1e-05,31,0.19912973046302795,0.7907842397689819,0.30000001192092896,23,-5.374142646789551,0.0,23,0.2,0.782608695652174,23,0.7142857142857143,0.3548387096774194,95,0.06517868041992188,0.5217391304347826,-0.003463061256934452,0.6021914380835369,2490
0.29999998211860657,10,0.29999998211860657,555.48193359375,7620,0.29999998211860657,0.29999998211860657,0.29999998211860657,0.29999998211860657,0.29999998211860657,0.29999998211860657,32899072,0.29999998211860657,1.961396870287894,0.29999998211860657,0.29999998211860657,2.2690058479532165,0.0015020751953125002,0.6374269005847953,1.5096959064327495,0.29999998211860657,15,0.7,841.02,0.29999998211860657,1.0,0.29999998211860657,0.29999998211860657,0.29999998211860657,0.29999998211860657,0.29999998211860657,0.29999998211860657,4316,0.29999998211860657,0.29999998211860657,0.36257309941520466,0.29999998211860657,0.29999998211860657,0.29999998211860657,0.29999998211860657,251,0.29999998211860657,0.29999998211860657,0.1,0.5555555555555556,0.001774716,21,1e-05,47,0.13201364874839783,0.7882369756698608,0.30000001192092896,27,-5.374142646789551,0.0,30,0.2,0.7142857142857143,21,0.8095238095238095,0.44680851063829785,109,0.06926116943359376,0.6333333333333333,-0.0036423854508029763,0.48115686525125057,2500
0.29999998211860657,14,0.29999998211860657,511.6245422363281,7622,0.29999998211860657,0.29999998211860657,0.29999998211860657,0.29999998211860657,0.29999998211860657,0.29999998211860657,33030144,0.29999998211860657,1.9037634582248362,0.29999998211860657,0.29999998211860657,2.1493506493506493,0.0015518188476562505,0.538961038961039,1.5209610389610402,0.29999998211860657,19,1.0,761.89,0.29999998211860657,1.0,0.29999998211860657,0.29999998211860657,0.29999998211860657,0.29999998211860657,0.29999998211860657,0.29999998211860657,4333,0.29999998211860657,0.29999998211860657,0.461038961038961,0.29999998211860657,0.29999998211860657,0.29999998211860657,0.29999998211860657,252,0.29999998211860657,0.29999998211860657,0.1,0.375,0.0017785288,11,1e-05,29,0.14248666167259216,0.7819172143936157,0.30000001192092896,24,-5.374142646789551,0.0,35,0.2,0.5909090909090909,22,0.8181818181818182,0.3448275862068966,83,0.06991043090820312,0.2571428571428571,-0.0037619464240378877,0.47336238361895083,2510
0.29999998211860657,16,0.29999998211860657,539.1990356445312,7624,0.29999998211860657,0.29999998211860657,0.29999998211860657,0.29999998211860657,0.29999998211860657,0.29999998211860657,33161216,0.29999998211860657,1.8520754552986525,0.29999998211860657,0.29999998211860657,2.138728323699422,0.0015411376953125002,0.5895953757225434,1.5271098265895964,0.29999998211860657,23,0.9375,817.01,0.29999998211860657,1.0,0.29999998211860657,0.29999998211860657,0.29999998211860657,0.29999998211860657,0.29999998211860657,0.29999998211860657,4349,0.29999998211860657,0.29999998211860657,0.41040462427745666,0.29999998211860657,0.29999998211860657,0.29999998211860657,0.29999998211860657,253,0.29999998211860657,0.29999998211860657,0.1,0.3870967741935484,0.0018274128,19,1e-05,37,0.17732205986976624,0.7858055830001831,0.30000001192092896,31,-5.374142646789551,0.0,28,0.2,0.5263157894736842,19,0.7894736842105263,0.4594594594594595,102,0.07198562622070312,0.35714285714285715,-0.0035511719215264746,0.49833482345566155,2520
0.29999998211860657,16,0.29999998211860657,548.1310424804688,7626,0.29999998211860657,0.29999998211860657,0.29999998211860657,0.29999998211860657,0.29999998211860657,0.29999998211860657,33292288,0.29999998211860657,1.7891672198110167,0.29999998211860657,0.29999998211860657,2.0328947368421053,0.0015707397460937502,0.618421052631579,1.5210394736842114,0.29999998211860657,27,0.875,829.81,0.29999998211860657,1.0,0.29999998211860657,0.29999998211860657,0.29999998211860657,0.29999998211860657,0.29999998211860657,0.29999998211860657,4365,0.29999998211860657,0.29999998211860657,0.3815789473684211,0.29999998211860657,0.29999998211860657,0.29999998211860657,0.29999998211860657,254,0.29999998211860657,0.29999998211860657,0.1,0.32142857142857145,0.0018194932,14,1e-05,27,0.3019426763057709,0.7723065614700317,0.30000001192092896,28,-5.374142646789551,0.0,26,0.2,0.8571428571428571,14,0.8571428571428571,0.4444444444444444,94,0.07426071166992188,0.3076923076923077,-0.0036538827603635584,0.5021361158927903,2530
0.29999998211860657,11,0.29999998211860657,545.7119750976562,7628,0.29999998211860657,0.29999998211860657,0.29999998211860657,0.29999998211860657,0.29999998211860657,0.29999998211860657,33423360,0.29999998211860657,2.0007540347746913,0.29999998211860657,0.29999998211860657,2.2366863905325443,0.0016342163085937503,0.5976331360946746,1.5328757396449717,0.29999998211860657,17,1.0,818.03,0.29999998211860657,0.9411764705882353,0.29999998211860657,0.29999998211860657,0.29999998211860657,0.29999998211860657,0.29999998211860657,0.29999998211860657,4381,0.29999998211860657,0.29999998211860657,0.40236686390532544,0.29999998211860657,0.29999998211860657,0.29999998211860657,0.29999998211860657,255,0.29999998211860657,0.29999998211860657,0.1,0.40625,0.0018803261,13,1e-05,38,0.11379441618919373,0.7452800273895264,0.30000001192092896,32,-5.374142646789551,0.0,37,0.2,0.8095238095238095,21,0.9230769230769231,0.4473684210526316,101,0.07412490844726563,0.40540540540540543,-0.003676915567939432,0.5077413623919711,2540
0.29999998211860657,15,0.29999998211860657,552.3722534179688,7630,0.29999998211860657,0.29999998211860657,0.29999998211860657,0.29999998211860657,0.29999998211860657,0.29999998211860657,33554432,0.29999998211860657,1.8172869724393976,0.29999998211860657,0.29999998211860657,2.1360544217687076,0.0016510009765625003,0.6394557823129252,1.5263129251700691,0.29999998211860657,22,0.9333333333333333,824.72,0.29999998211860657,1.0,0.29999998211860657,0.29999998211860657,0.29999998211860657,0.29999998211860657,0.29999998211860657,0.29999998211860657,4397,0.29999998211860657,0.29999998211860657,0.36054421768707484,0.29999998211860657,0.29999998211860657,0.29999998211860657,0.29999998211860657,256,0.29999998211860657,0.29999998211860657,0.1,0.4827586206896552,0.0017774226,14,1e-05,24,0.22163242101669312,0.7801026105880737,0.30000001192092896,29,-5.374142646789551,0.0,31,0.2,0.75,12,0.6428571428571429,0.5,94,0.06589508056640625,0.45161290322580644,-0.0034707026364230844,0.5072952842107042,2550
0.29999998211860657,16,0.29999998211860657,548.3859252929688,7632,0.29999998211860657,0.29999998211860657,0.29999998211860657,0.29999998211860657,0.29999998211860657,0.29999998211860657,33685504,0.29999998211860657,1.8532885261455818,0.29999998211860657,0.29999998211860657,2.0375,0.0016357421875000003,0.6625,1.5227625000000011,0.29999998211860657,21,1.0,831.6,0.29999998211860657,1.0,0.29999998211860657,0.29999998211860657,0.29999998211860657,0.29999998211860657,0.29999998211860657,0.29999998211860657,4413,0.29999998211860657,0.29999998211860657,0.3375,0.29999998211860657,0.29999998211860657,0.29999998211860657,0.29999998211860657,257,0.29999998211860657,0.29999998211860657,0.1,0.45161290322580644,0.0017682379,10,1e-05,27,0.1977931261062622,0.7449119091033936,0.30000001192092896,31,-5.374142646789551,0.0,29,0.2,0.8076923076923077,26,0.9,0.4444444444444444,106,0.06766433715820312,0.4482758620689655,-0.003579650472238427,0.4788733920548111,2560
0.29999998211860657,16,0.29999998211860657,550.4962768554688,7634,0.29999998211860657,0.29999998211860657,0.29999998211860657,0.29999998211860657,0.29999998211860657,0.29999998211860657,33816576,0.29999998211860657,1.8936076161725746,0.29999998211860657,0.29999998211860657,2.102272727272727,0.0016632080078125002,0.5511363636363636,1.4908295454545466,0.29999998211860657,23,0.8125,813.06,0.29999998211860657,0.8695652173913043,0.29999998211860657,0.29999998211860657,0.29999998211860657,0.29999998211860657,0.29999998211860657,0.29999998211860657,4429,0.29999998211860657,0.29999998211860657,0.44886363636363635,0.29999998211860657,0.29999998211860657,0.29999998211860657,0.29999998211860657,258,0.29999998211860657,0.29999998211860657,0.1,0.4827586206896552,0.0017161195,20,1e-05,31,0.27146631479263306,0.7615721821784973,0.30000001192092896,29,-5.374142646789551,0.0,37,0.2,0.7,20,0.7,0.3225806451612903,97,0.06618118286132812,0.32432432432432434,-0.0036302921211699866,0.4666077425936237,2570
0.29999998211860657,17,0.29999998211860657,572.7278442382812,7636,0.29999998211860657,0.29999998211860657,0.29999998211860657,0.29999998211860657,0.29999998211860657,0.29999998211860657,33947648,0.29999998211860657,1.7264083429387922,0.29999998211860657,0.29999998211860657,2.2720588235294117,0.0016497802734375003,0.6617647058823529,1.5556176470588245,0.29999998211860657,23,1.0,853.1,0.29999998211860657,1.0,0.29999998211860657,0.29999998211860657,0.29999998211860657,0.29999998211860657,0.29999998211860657,0.29999998211860657,4445,0.29999998211860657,0.29999998211860657,0.3382352941176471,0.29999998211860657,0.29999998211860657,0.29999998211860657,0.29999998211860657,259,0.29999998211860657,0.29999998211860657,0.1,0.5,0.0018067268,17,1e-05,32,0.23270124197006226,0.7912200093269348,0.30000001192092896,12,-5.374142646789551,0.0,26,0.2,0.6666666666666666,9,0.8235294117647058,0.375,90,0.0691802978515625,0.46153846153846156,-0.0037819263100573155,0.5391291992506012,2580
0.29999998211860657,13,0.29999998211860657,533.21142578125,7638,0.29999998211860657,0.29999998211860657,0.29999998211860657,0.29999998211860657,0.29999998211860657,0.29999998211860657,34078720,0.29999998211860657,1.8844865521622263,0.29999998211860657,0.29999998211860657,2.10989010989011,0.0016778564453125001,0.6208791208791209,1.5283296703296714,0.29999998211860657,24,0.8461538461538461,794.67,0.29999998211860657,1.0,0.29999998211860657,0.29999998211860657,0.29999998211860657,0.29999998211860657,0.29999998211860657,0.29999998211860657,4461,0.29999998211860657,0.29999998211860657,0.3791208791208791,0.29999998211860657,0.29999998211860657,0.29999998211860657,0.29999998211860657,260,0.29999998211860657,0.29999998211860657,0.1,0.4444444444444444,0.0017743619,14,1e-05,35,0.09126356244087219,0.7917413115501404,0.30000001192092896,36,-5.374142646789551,0.0,39,0.2,0.6666666666666666,21,0.8571428571428571,0.4857142857142857,113,0.06537322998046875,0.48717948717948717,-0.003562684323060239,0.4086468472611159,2590
0.29999998211860657,8,0.29999998211860657,505.13262939453125,7640,0.29999998211860657,0.29999998211860657,0.29999998211860657,0.29999998211860657,0.29999998211860657,0.29999998211860657,34209792,0.29999998211860657,1.9670439107321707,0.29999998211860657,0.29999998211860657,2.213793103448276,0.0016979980468750002,0.5655172413793104,1.5093655172413805,0.29999998211860657,15,0.625,763.14,0.29999998211860657,0.8,0.29999998211860657,0.29999998211860657,0.29999998211860657,0.29999998211860657,0.29999998211860657,0.29999998211860657,4477,0.29999998211860657,0.29999998211860657,0.43448275862068964,0.29999998211860657,0.29999998211860657,0.29999998211860657,0.29999998211860657,261,0.29999998211860657,0.29999998211860657,0.1,0.59375,0.0017098589,14,1e-05,32,0.2772773206233978,0.7639731764793396,0.30000001192092896,32,-5.374142646789551,0.0,30,0.2,0.7142857142857143,14,0.6428571428571429,0.34375,82,0.064599609375,0.5333333333333333,-0.003375456163757917,0.5158532308181748,2600
0.29999998211860657,15,0.29999998211860657,550.455078125,7641,0.29999998211860657,0.29999998211860657,0.29999998211860657,0.29999998211860657,0.29999998211860657,0.29999998211860657,34340864,0.29999998211860657,1.8786913270616097,0.29999998211860657,0.29999998211860657,2.1049723756906076,0.0017352294921875004,0.6353591160220995,1.540629834254145,0.29999998211860657,22,1.0,816.96,0.29999998211860657,1.0,0.29999998211860657,0.29999998211860657,0.29999998211860657,0.29999998211860657,0.29999998211860657,0.29999998211860657,4493,0.29999998211860657,0.29999998211860657,0.36464088397790057,0.29999998211860657,0.29999998211860657,0.29999998211860657,0.29999998211860657,262,0.29999998211860657,0.29999998211860657,0.1,0.4375,0.0018033416,20,1e-05,31,0.2109009325504303,0.7786184549331665,0.30000001192092896,32,-5.374142646789551,0.0,40,0.2,0.7619047619047619,21,0.95,0.3548387096774194,115,0.06778717041015625,0.45,-0.0035693326954060467,0.5261316590942442,2610
0.29999998211860657,11,0.29999998211860657,556.0694580078125,7643,0.29999998211860657,0.29999998211860657,0.29999998211860657,0.29999998211860657,0.29999998211860657,0.29999998211860657,34471936,0.29999998211860657,1.9479154033727508,0.29999998211860657,0.29999998211860657,2.1944444444444446,0.0017535400390625002,0.5763888888888888,1.5189166666666678,0.29999998211860657,15,1.0,826.43,0.29999998211860657,1.0,0.29999998211860657,0.29999998211860657,0.29999998211860657,0.29999998211860657,0.29999998211860657,0.29999998211860657,4509,0.29999998211860657,0.29999998211860657,0.4236111111111111,0.29999998211860657,0.29999998211860657,0.29999998211860657,0.29999998211860657,263,0.29999998211860657,0.29999998211860657,0.1,0.24,0.001813728,16,1e-05,27,0.37510526180267334,0.7726758718490601,0.30000001192092896,25,-5.374142646789551,0.0,34,0.2,0.6875,16,0.8125,0.4444444444444444,83,0.0694305419921875,0.4411764705882353,-0.003461651032557711,0.5504142332356423,2620
0.29999998211860657,15,0.29999998211860657,580.7333984375,7645,0.29999998211860657,0.29999998211860657,0.29999998211860657,0.29999998211860657,0.29999998211860657,0.29999998211860657,34603008,0.29999998211860657,1.7579847182494992,0.29999998211860657,0.29999998211860657,1.811764705882353,0.0017834472656250001,0.6352941176470588,1.49589411764706,0.29999998211860657,32,0.9333333333333333,859.59,0.29999998211860657,0.90625,0.29999998211860657,0.29999998211860657,0.29999998211860657,0.29999998211860657,0.29999998211860657,0.29999998211860657,4525,0.29999998211860657,0.29999998211860657,0.36470588235294116,0.29999998211860657,0.29999998211860657,0.29999998211860657,0.29999998211860657,264,0.29999998211860657,0.29999998211860657,0.1,0.43333333333333335,0.001836017,21,1e-05,22,0.3882454037666321,0.802802562713623,0.30000001192092896,30,-5.374142646789551,0.0,32,0.2,0.5,18,0.8571428571428571,0.4090909090909091,108,0.07046279907226563,0.5,-0.003449152991788651,0.45735317340586334,2630
0.29999998211860657,16,0.29999998211860657,525.962890625,7647,0.29999998211860657,0.29999998211860657,0.29999998211860657,0.29999998211860657,0.29999998211860657,0.29999998211860657,34734080,0.29999998211860657,1.8960139490096013,0.29999998211860657,0.29999998211860657,2.4968944099378882,0.0017788696289062502,0.546583850931677,1.5350807453416162,0.29999998211860657,13,0.875,780.86,0.29999998211860657,1.0,0.29999998211860657,0.29999998211860657,0.29999998211860657,0.29999998211860657,0.29999998211860657,0.29999998211860657,4541,0.29999998211860657,0.29999998211860657,0.453416149068323,0.29999998211860657,0.29999998211860657,0.29999998211860657,0.29999998211860657,265,0.29999998211860657,0.29999998211860657,0.1,0.3448275862068966,0.0018408463,14,1e-05,38,0.14177638292312622,0.7836205363273621,0.30000001192092896,29,-5.374142646789551,0.0,37,0.2,0.7857142857142857,14,0.7857142857142857,0.3157894736842105,88,0.07136764526367187,0.4594594594594595,-0.0038056158761719415,0.4644222988281399,2640
0.29999998211860657,14,0.29999998211860657,547.8624267578125,7649,0.29999998211860657,0.29999998211860657,0.29999998211860657,0.29999998211860657,0.29999998211860657,0.29999998211860657,34865152,0.29999998211860657,1.8209125102896009,0.29999998211860657,0.29999998211860657,2.0573248407643314,0.0018096923828125003,0.6560509554140127,1.4958598726114662,0.29999998211860657,18,1.0,815.47,0.29999998211860657,0.8888888888888888,0.29999998211860657,0.29999998211860657,0.29999998211860657,0.29999998211860657,0.29999998211860657,0.29999998211860657,4557,0.29999998211860657,0.29999998211860657,0.34394904458598724,0.29999998211860657,0.29999998211860657,0.29999998211860657,0.29999998211860657,266,0.29999998211860657,0.29999998211860657,0.1,0.46875,0.0018306123,27,1e-05,24,0.34637507796287537,0.7764874696731567,0.30000001192092896,32,-5.374142646789551,0.0,28,0.2,0.9285714285714286,14,0.8518518518518519,0.4166666666666667,103,0.06890945434570313,0.42857142857142855,-0.0035807610777737866,0.5637396583799272,2650
0.29999998211860657,11,0.29999998211860657,571.3046264648438,7651,0.29999998211860657,0.29999998211860657,0.29999998211860657,0.29999998211860657,0.29999998211860657,0.29999998211860657,34996224,0.29999998211860657,1.7916966564811598,0.29999998211860657,0.29999998211860657,1.9743589743589745,0.0018148803710937504,0.6730769230769231,1.492769230769232,0.29999998211860657,24,1.0,845.21,0.29999998211860657,0.9583333333333334,0.29999998211860657,0.29999998211860657,0.29999998211860657,0.29999998211860657,0.29999998211860657,0.29999998211860657,4574,0.29999998211860657,0.29999998211860657,0.3269230769230769,0.29999998211860657,0.29999998211860657,0.29999998211860657,0.29999998211860657,267,0.29999998211860657,0.29999998211860657,0.1,0.5,0.0017329755,21,1e-05,24,0.27591457962989807,0.7714275121688843,0.30000001192092896,26,-5.374142646789551,0.0,36,0.2,0.7857142857142857,14,1.0,0.4583333333333333,105,0.0645843505859375,0.4166666666666667,-0.0033414485202229115,0.48106513083912433,2660
0.29999998211860657,19,0.29999998211860657,604.4845581054688,7652,0.29999998211860657,0.29999998211860657,0.29999998211860657,0.29999998211860657,0.29999998211860657,0.29999998211860657,35127296,0.29999998211860657,1.8512000267788322,0.29999998211860657,0.29999998211860657,2.543046357615894,0.0018783569335937503,0.6754966887417219,1.5110331125827825,0.29999998211860657,14,0.9473684210526315,894.66,0.29999998211860657,1.0,0.29999998211860657,0.29999998211860657,0.29999998211860657,0.29999998211860657,0.29999998211860657,0.29999998211860657,4590,0.29999998211860657,0.29999998211860657,0.32450331125827814,0.29999998211860657,0.29999998211860657,0.29999998211860657,0.29999998211860657,268,0.29999998211860657,0.29999998211860657,0.1,0.5357142857142857,0.0017474529,12,1e-05,37,0.2363593876361847,0.7667731046676636,0.30000001192092896,28,-5.374142646789551,0.0,29,0.2,0.8333333333333334,12,0.8333333333333334,0.5135135135135135,102,0.06414413452148438,0.5517241379310345,-0.003403444582636439,0.3989778214134276,2670
0.29999998211860657,19,0.29999998211860657,587.399658203125,7654,0.29999998211860657,0.29999998211860657,0.29999998211860657,0.29999998211860657,0.29999998211860657,0.29999998211860657,35258368,0.29999998211860657,1.7652309746733552,0.29999998211860657,0.29999998211860657,2.2337662337662336,0.001859130859375,0.6428571428571429,1.5234155844155854,0.29999998211860657,22,0.7894736842105263,859.36,0.29999998211860657,1.0,0.29999998211860657,0.29999998211860657,0.29999998211860657,0.29999998211860657,0.29999998211860657,0.29999998211860657,4606,0.29999998211860657,0.29999998211860657,0.35714285714285715,0.29999998211860657,0.29999998211860657,0.29999998211860657,0.29999998211860657,269,0.29999998211860657,0.29999998211860657,0.1,0.38461538461538464,0.0018256138,15,1e-05,30,0.1786661446094513,0.7837032675743103,0.30000001192092896,26,-5.374142646789551,0.0,28,0.2,0.9285714285714286,14,0.9333333333333333,0.43333333333333335,99,0.07419357299804688,0.42857142857142855,-0.003732865453685008,0.4203968473011628,2680
0.29999998211860657,13,0.29999998211860657,545.334716796875,7656,0.29999998211860657,0.29999998211860657,0.29999998211860657,0.29999998211860657,0.29999998211860657,0.29999998211860657,35389440,0.29999998211860657,1.7754847007724768,0.29999998211860657,0.29999998211860657,1.9375,0.0019122314453125001,0.6420454545454546,1.5044204545454556,0.29999998211860657,34,0.8461538461538461,813.45,0.29999998211860657,0.9705882352941176,0.29999998211860657,0.29999998211860657,0.29999998211860657,0.29999998211860657,0.29999998211860657,0.29999998211860657,4622,0.29999998211860657,0.29999998211860657,0.35795454545454547,0.29999998211860657,0.29999998211860657,0.29999998211860657,0.29999998211860657,270,0.29999998211860657,0.29999998211860657,0.1,0.3142857142857143,0.0017355226,12,1e-05,30,0.0398353636264801,0.7850618362426758,0.30000001192092896,35,-5.374142646789551,0.0,36,0.2,0.8125,16,0.8333333333333334,0.5333333333333333,113,0.065997314453125,0.5277777777777778,-0.003637171339323686,0.4397556472336873,2690
0.29999998211860657,12,0.29999998211860657,559.1307983398438,7658,0.29999998211860657,0.29999998211860657,0.29999998211860657,0.29999998211860657,0.29999998211860657,0.29999998211860657,35520512,0.29999998211860657,2.0104205771300254,0.29999998211860657,0.29999998211860657,2.23943661971831,0.0019085693359375002,0.5845070422535211,1.514760563380283,0.29999998211860657,12,0.8333333333333334,826.37,0.29999998211860657,0.9166666666666666,0.29999998211860657,0.29999998211860657,0.29999998211860657,0.29999998211860657,0.29999998211860657,0.29999998211860657,4638,0.29999998211860657,0.29999998211860657,0.4154929577464789,0.29999998211860657,0.29999998211860657,0.29999998211860657,0.29999998211860657,271,0.29999998211860657,0.29999998211860657,0.1,0.5483870967741935,0.0018222344,15,1e-05,28,0.1937253475189209,0.7805742025375366,0.30000001192092896,31,-5.374142646789551,0.0,27,0.2,0.5882352941176471,17,1.0,0.42857142857142855,83,0.07077713012695312,0.2962962962962963,-0.003642250150460313,0.4992215965176001,2700
0.29999998211860657,20,0.29999998211860657,577.0814208984375,7659,0.29999998211860657,0.29999998211860657,0.29999998211860657,0.29999998211860657,0.29999998211860657,0.29999998211860657,35651584,0.29999998211860657,1.8506297793171274,0.29999998211860657,0.29999998211860657,2.130952380952381,0.0018774414062500003,0.6845238095238095,1.5328690476190485,0.29999998211860657,22,0.9,852.09,0.29999998211860657,1.0,0.29999998211860657,0.29999998211860657,0.29999998211860657,0.29999998211860657,0.29999998211860657,0.29999998211860657,4654,0.29999998211860657,0.29999998211860657,0.31547619047619047,0.29999998211860657,0.29999998211860657,0.29999998211860657,0.29999998211860657,272,0.29999998211860657,0.29999998211860657,0.1,0.45714285714285713,0.0017109297,23,1e-05,28,0.3005434572696686,0.7640540599822998,0.30000001192092896,35,-5.374142646789551,0.0,25,0.2,0.9333333333333333,15,0.8260869565217391,0.5714285714285714,115,0.06470718383789062,0.4,-0.0033252873459787224,0.5164245886495337,2710
0.29999998211860657,18,0.29999998211860657,575.8709106445312,7661,0.29999998211860657,0.29999998211860657,0.29999998211860657,0.29999998211860657,0.29999998211860657,0.29999998211860657,35782656,0.29999998211860657,1.9044074202755885,0.29999998211860657,0.29999998211860657,2.1544117647058822,0.0018722534179687503,0.6544117647058824,1.5122647058823542,0.29999998211860657,18,0.8888888888888888,850.6,0.29999998211860657,1.0,0.29999998211860657,0.29999998211860657,0.29999998211860657,0.29999998211860657,0.29999998211860657,0.29999998211860657,4670,0.29999998211860657,0.29999998211860657,0.34558823529411764,0.29999998211860657,0.29999998211860657,0.29999998211860657,0.29999998211860657,273,0.29999998211860657,0.29999998211860657,0.1,0.47619047619047616,0.0018092599,13,1e-05,22,0.06837397813796997,0.7929862141609192,0.30000001192092896,21,-5.374142646789551,0.0,26,0.2,0.8333333333333334,18,0.7692307692307693,0.36363636363636365,89,0.06966781616210938,0.46153846153846156,-0.0035774664911969014,0.4276502884691581,2720
0.29999998211860657,14,0.29999998211860657,562.3345947265625,7663,0.29999998211860657,0.29999998211860657,0.29999998211860657,0.29999998211860657,0.29999998211860657,0.29999998211860657,35913728,0.29999998211860657,1.7690833606061553,0.29999998211860657,0.29999998211860657,1.9230769230769231,0.0018814086914062502,0.7159763313609467,1.5238579881656813,0.29999998211860657,29,0.8571428571428571,830.85,0.29999998211860657,1.0,0.29999998211860657,0.29999998211860657,0.29999998211860657,0.29999998211860657,0.29999998211860657,0.29999998211860657,4686,0.29999998211860657,0.29999998211860657,0.28402366863905326,0.29999998211860657,0.29999998211860657,0.29999998211860657,0.29999998211860657,274,0.29999998211860657,0.29999998211860657,0.1,0.6206896551724138,0.0018232432,17,1e-05,35,0.13381949067115784,0.7581638097763062,0.30000001192092896,29,-5.374142646789551,0.0,23,0.2,0.9090909090909091,22,0.8235294117647058,0.4857142857142857,121,0.06757965087890624,0.4782608695652174,-0.003523372527251922,0.3939606619300321,2730
0.29999998211860657,15,0.29999998211860657,567.10888671875,7665,0.29999998211860657,0.29999998211860657,0.29999998211860657,0.29999998211860657,0.29999998211860657,0.29999998211860657,36044800,0.29999998211860657,1.7610750052996473,0.29999998211860657,0.29999998211860657,2.0273972602739727,0.0019247436523437502,0.678082191780822,1.521205479452056,0.29999998211860657,23,0.9333333333333333,836.69,0.29999998211860657,1.0,0.29999998211860657,0.29999998211860657,0.29999998211860657,0.29999998211860657,0.29999998211860657,0.29999998211860657,4702,0.29999998211860657,0.29999998211860657,0.3219178082191781,0.29999998211860657,0.29999998211860657,0.29999998211860657,0.29999998211860657,275,0.29999998211860657,0.29999998211860657,0.1,0.7,0.0017375292,16,1e-05,32,0.24446237087249756,0.7561502456665039,0.30000001192092896,20,-5.374142646789551,0.0,20,0.2,0.65,20,0.9375,0.375,99,0.06795654296875,0.4,-0.0036496465081654605,0.4638249117997475,2740
0.29999998211860657,10,0.29999998211860657,594.3273315429688,7667,0.29999998211860657,0.29999998211860657,0.29999998211860657,0.29999998211860657,0.29999998211860657,0.29999998211860657,36175872,0.29999998211860657,1.722484807022342,0.29999998211860657,0.29999998211860657,1.869281045751634,0.0019219970703125001,0.7843137254901961,1.5356993464052298,0.29999998211860657,26,1.0,876.8,0.29999998211860657,1.0,0.29999998211860657,0.29999998211860657,0.29999998211860657,0.29999998211860657,0.29999998211860657,0.29999998211860657,4718,0.29999998211860657,0.29999998211860657,0.21568627450980393,0.29999998211860657,0.29999998211860657,0.29999998211860657,0.29999998211860657,276,0.29999998211860657,0.29999998211860657,0.1,0.6774193548387096,0.0017012425,16,1e-05,28,-0.014023423194885254,0.7868149280548096,0.30000001192092896,31,-5.374142646789551,0.0,24,0.2,0.8333333333333334,18,0.875,0.6428571428571429,120,0.064794921875,0.6666666666666666,-0.0036920884838764325,0.3896899739629589,2750
0.29999998211860657,18,0.29999998211860657,574.6187744140625,7668,0.29999998211860657,0.29999998211860657,0.29999998211860657,0.29999998211860657,0.29999998211860657,0.29999998211860657,36306944,0.29999998211860657,1.8674165115555252,0.29999998211860657,0.29999998211860657,2.27027027027027,0.00197662353515625,0.6756756756756757,1.5119594594594605,0.29999998211860657,19,0.9444444444444444,846.15,0.29999998211860657,1.0,0.29999998211860657,0.29999998211860657,0.29999998211860657,0.29999998211860657,0.29999998211860657,0.29999998211860657,4734,0.29999998211860657,0.29999998211860657,0.32432432432432434,0.29999998211860657,0.29999998211860657,0.29999998211860657,0.29999998211860657,277,0.29999998211860657,0.29999998211860657,0.1,0.6296296296296297,0.0017594451,13,1e-05,36,0.038439661264419556,0.7446780204772949,0.30000001192092896,27,-5.374142646789551,0.0,18,0.2,0.7058823529411765,17,0.8461538461538461,0.4444444444444444,100,0.0640655517578125,0.4444444444444444,-0.0034566985358651437,0.356405782001093,2760
0.29999998211860657,15,0.29999998211860657,604.5302124023438,7670,0.29999998211860657,0.29999998211860657,0.29999998211860657,0.29999998211860657,0.29999998211860657,0.29999998211860657,36438016,0.29999998211860657,1.837770554567164,0.29999998211860657,0.29999998211860657,2.0625,0.0019293212890625,0.7,1.5271500000000011,0.29999998211860657,24,1.0,890.58,0.29999998211860657,0.9583333333333334,0.29999998211860657,0.29999998211860657,0.29999998211860657,0.29999998211860657,0.29999998211860657,0.29999998211860657,4750,0.29999998211860657,0.29999998211860657,0.3,0.29999998211860657,0.29999998211860657,0.29999998211860657,0.29999998211860657,278,0.29999998211860657,0.29999998211860657,0.1,0.5925925925925926,0.001767578,18,1e-05,33,0.09619811177253723,0.7823458313941956,0.30000001192092896,27,-5.374142646789551,0.0,25,0.2,0.8888888888888888,18,0.8888888888888888,0.48484848484848486,112,0.06608123779296875,0.4,-0.003618118333270104,0.3950268115499057,2770
0.29999998211860657,20,0.29999998211860657,564.5421142578125,7672,0.29999998211860657,0.29999998211860657,0.29999998211860657,0.29999998211860657,0.29999998211860657,0.29999998211860657,36569088,0.29999998211860657,1.7750729586808962,0.29999998211860657,0.29999998211860657,2.217948717948718,0.0019134521484375,0.6538461538461539,1.5381153846153857,0.29999998211860657,21,0.95,836.59,0.29999998211860657,1.0,0.29999998211860657,0.29999998211860657,0.29999998211860657,0.29999998211860657,0.29999998211860657,0.29999998211860657,4766,0.29999998211860657,0.29999998211860657,0.34615384615384615,0.29999998211860657,0.29999998211860657,0.29999998211860657,0.29999998211860657,279,0.29999998211860657,0.29999998211860657,0.1,0.375,0.0018490807,20,1e-05,25,0.04801708459854126,0.7861732244491577,0.30000001192092896,24,-5.374142646789551,0.0,33,0.2,0.8461538461538461,13,0.75,0.48,102,0.07418212890625,0.45454545454545453,-0.003691592122049769,0.41755971290403976,2780
0.29999998211860657,25,0.29999998211860657,616.0213623046875,7673,0.29999998211860657,0.29999998211860657,0.29999998211860657,0.29999998211860657,0.29999998211860657,0.29999998211860657,36700160,0.29999998211860657,1.7925366053301932,0.29999998211860657,0.29999998211860657,2.1986301369863015,0.00199981689453125,0.726027397260274,1.523054794520549,0.29999998211860657,20,0.84,901.98,0.29999998211860657,0.95,0.29999998211860657,0.29999998211860657,0.29999998211860657,0.29999998211860657,0.29999998211860657,0.29999998211860657,4782,0.29999998211860657,0.29999998211860657,0.273972602739726,0.29999998211860657,0.29999998211860657,0.29999998211860657,0.29999998211860657,280,0.29999998211860657,0.29999998211860657,0.1,0.6538461538461539,0.0018177732,16,1e-05,19,0.12713637948036194,0.780264675617218,0.30000001192092896,26,-5.374142646789551,0.0,24,0.2,0.9375,16,0.875,0.5789473684210527,106,0.06922683715820313,0.375,-0.003733354906671593,0.4295469463802874,2790
0.29999998211860657,13,0.29999998211860657,570.662353515625,7675,0.29999998211860657,0.29999998211860657,0.29999998211860657,0.29999998211860657,0.29999998211860657,0.29999998211860657,36831232,0.29999998211860657,1.7313908550360724,0.29999998211860657,0.29999998211860657,2.0641025641025643,0.0019699096679687503,0.6730769230769231,1.5157307692307704,0.29999998211860657,24,1.0,841.82,0.29999998211860657,1.0,0.29999998211860657,0.29999998211860657,0.29999998211860657,0.29999998211860657,0.29999998211860657,0.29999998211860657,4798,0.29999998211860657,0.29999998211860657,0.3269230769230769,0.29999998211860657,0.29999998211860657,0.29999998211860657,0.29999998211860657,281,0.29999998211860657,0.29999998211860657,0.1,0.5833333333333334,0.0016968134,19,1e-05,37,0.08247536420822144,0.7138921022415161,0.30000001192092896,24,-5.374142646789551,0.0,22,0.2,0.8823529411764706,17,0.8421052631578947,0.2972972972972973,105,0.06389541625976562,0.5454545454545454,-0.0033916047253342184,0.4104821185814217,2800
0.29999998211860657,15,0.29999998211860657,594.2008056640625,7677,0.29999998211860657,0.29999998211860657,0.29999998211860657,0.29999998211860657,0.29999998211860657,0.29999998211860657,36962304,0.29999998211860657,1.7092572713447487,0.29999998211860657,0.29999998211860657,2.136986301369863,0.00205047607421875,0.7054794520547946,1.5343287671232888,0.29999998211860657,22,1.0,873.32,0.29999998211860657,1.0,0.29999998211860657,0.29999998211860657,0.29999998211860657,0.29999998211860657,0.29999998211860657,0.29999998211860657,4814,0.29999998211860657,0.29999998211860657,0.2945205479452055,0.29999998211860657,0.29999998211860657,0.29999998211860657,0.29999998211860657,282,0.29999998211860657,0.29999998211860657,0.1,0.7222222222222222,0.0017433192,16,1e-05,30,0.2300032377243042,0.7704023122787476,0.30000001192092896,18,-5.374142646789551,0.0,29,0.2,0.75,16,1.0,0.3333333333333333,103,0.07109298706054687,0.5172413793103449,-0.0037710548595896397,0.46814082670025525,2810
0.29999998211860657,24,0.29999998211860657,588.8270263671875,7678,0.29999998211860657,0.29999998211860657,0.29999998211860657,0.29999998211860657,0.29999998211860657,0.29999998211860657,37093376,0.29999998211860657,1.920910768003515,0.29999998211860657,0.29999998211860657,2.397590361445783,0.0020953369140625003,0.6686746987951807,1.5170120481927722,0.29999998211860657,14,0.9166666666666666,866.62,0.29999998211860657,1.0,0.29999998211860657,0.29999998211860657,0.29999998211860657,0.29999998211860657,0.29999998211860657,0.29999998211860657,4830,0.29999998211860657,0.29999998211860657,0.3313253012048193,0.29999998211860657,0.29999998211860657,0.29999998211860657,0.29999998211860657,283,0.29999998211860657,0.29999998211860657,0.1,0.4,0.0017940621,16,1e-05,28,0.0691748857498169,0.7352839708328247,0.30000001192092896,25,-5.374142646789551,0.0,38,0.2,0.8571428571428571,21,1.0,0.2857142857142857,111,0.06923751831054688,0.6052631578947368,-0.0037136731411919754,0.4018459864426404,2820
0.29999998211860657,12,0.29999998211860657,609.069580078125,7680,0.29999998211860657,0.29999998211860657,0.29999998211860657,0.29999998211860657,0.29999998211860657,0.29999998211860657,37224448,0.29999998211860657,1.771268675021496,0.29999998211860657,0.29999998211860657,2.007518796992481,0.0020690917968750003,0.706766917293233,1.5115187969924824,0.29999998211860657,19,1.0,894.92,0.29999998211860657,0.9473684210526315,0.29999998211860657,0.29999998211860657,0.29999998211860657,0.29999998211860657,0.29999998211860657,0.29999998211860657,4846,0.29999998211860657,0.29999998211860657,0.2932330827067669,0.29999998211860657,0.29999998211860657,0.29999998211860657,0.29999998211860657,284,0.29999998211860657,0.29999998211860657,0.1,0.4782608695652174,0.0018416363,10,1e-05,26,0.25414687395095825,0.7557530999183655,0.30000001192092896,23,-5.374142646789551,0.0,22,0.2,0.7619047619047619,21,0.9,0.5384615384615384,94,0.07145462036132813,0.6363636363636364,-0.0038059384674397735,0.4849095806130208,2830
0.29999998211860657,16,0.29999998211860657,600.7166137695312,7681,0.29999998211860657,0.29999998211860657,0.29999998211860657,0.29999998211860657,0.29999998211860657,0.29999998211860657,37355520,0.29999998211860657,1.8019841130766971,0.29999998211860657,0.29999998211860657,2.0552147239263805,0.0021081542968750004,0.7423312883435583,1.5165398773006145,0.29999998211860657,23,0.9375,885.45,0.29999998211860657,1.0,0.29999998211860657,0.29999998211860657,0.29999998211860657,0.29999998211860657,0.29999998211860657,0.29999998211860657,4862,0.29999998211860657,0.29999998211860657,0.25766871165644173,0.29999998211860657,0.29999998211860657,0.29999998211860657,0.29999998211860657,285,0.29999998211860657,0.29999998211860657,0.1,0.6428571428571429,0.0018377424,23,1e-05,34,-0.009152263402938843,0.7659528255462646,0.30000001192092896,28,-5.374142646789551,0.0,21,0.2,0.8888888888888888,18,0.9565217391304348,0.4411764705882353,121,0.07467422485351563,0.5714285714285714,-0.003886548525406397,0.32994768869830293,2840
0.29999998211860657,18,0.29999998211860657,559.5699462890625,7683,0.29999998211860657,0.29999998211860657,0.29999998211860657,0.29999998211860657,0.29999998211860657,0.29999998211860657,37486592,0.29999998211860657,1.9010060076265294,0.29999998211860657,0.29999998211860657,2.1842105263157894,0.0021661376953124997,0.625,1.4666315789473696,0.29999998211860657,22,0.6666666666666666,833.44,0.29999998211860657,0.7727272727272727,0.29999998211860657,0.29999998211860657,0.29999998211860657,0.29999998211860657,0.29999998211860657,0.29999998211860657,4878,0.29999998211860657,0.29999998211860657,0.375,0.29999998211860657,0.29999998211860657,0.29999998211860657,0.29999998211860657,286,0.29999998211860657,0.29999998211860657,0.1,0.5882352941176471,0.0017100025,15,1e-05,35,0.056545913219451904,0.7698366045951843,0.30000001192092896,17,-5.374142646789551,0.0,25,0.2,0.85,20,1.0,0.37142857142857144,95,0.060506439208984374,0.44,-0.0034061788502185663,0.35055797192035243,2850
0.29999998211860657,22,0.29999998211860657,601.530029296875,7685,0.29999998211860657,0.29999998211860657,0.29999998211860657,0.29999998211860657,0.29999998211860657,0.29999998211860657,37617664,0.29999998211860657,1.802384592929175,0.29999998211860657,0.29999998211860657,2.335526315789474,0.00210479736328125,0.7236842105263158,1.5072763157894749,0.29999998211860657,25,0.8181818181818182,876.1,0.29999998211860657,0.96,0.29999998211860657,0.29999998211860657,0.29999998211860657,0.29999998211860657,0.29999998211860657,0.29999998211860657,4894,0.29999998211860657,0.29999998211860657,0.27631578947368424,0.29999998211860657,0.29999998211860657,0.29999998211860657,0.29999998211860657,287,0.29999998211860657,0.29999998211860657,0.1,0.6,0.0017632464,7,1e-05,33,0.2187161147594452,0.7751477956771851,0.30000001192092896,25,-5.374142646789551,0.0,27,0.2,0.7692307692307693,13,0.8571428571428571,0.6363636363636364,110,0.06845932006835938,0.5925925925925926,-0.0038328955642100483,0.47310342867858707,2860
0.29999998211860657,19,0.29999998211860657,549.231201171875,7686,0.29999998211860657,0.29999998211860657,0.29999998211860657,0.29999998211860657,0.29999998211860657,0.29999998211860657,37748736,0.29999998211860657,1.8048796236919649,0.29999998211860657,0.29999998211860657,2.192982456140351,0.00216094970703125,0.6374269005847953,1.503029239766083,0.29999998211860657,22,0.9473684210526315,807.57,0.29999998211860657,1.0,0.29999998211860657,0.29999998211860657,0.29999998211860657,0.29999998211860657,0.29999998211860657,0.29999998211860657,4910,0.29999998211860657,0.29999998211860657,0.36257309941520466,0.29999998211860657,0.29999998211860657,0.29999998211860657,0.29999998211860657,288,0.29999998211860657,0.29999998211860657,0.1,0.34615384615384615,0.0017603559,27,1e-05,37,0.1185716986656189,0.7434719800949097,0.30000001192092896,26,-5.374142646789551,0.0,25,0.2,0.8,15,0.8148148148148148,0.4594594594594595,109,0.06759262084960938,0.36,-0.0034207190121833264,0.3902044467628002,2870
0.29999998211860657,14,0.29999998211860657,575.2201538085938,7688,0.29999998211860657,0.29999998211860657,0.29999998211860657,0.29999998211860657,0.29999998211860657,0.29999998211860657,37879808,0.29999998211860657,1.7449368377350039,0.29999998211860657,0.29999998211860657,2.0220588235294117,0.00212249755859375,0.6764705882352942,1.5306911764705893,0.29999998211860657,18,0.8571428571428571,836.51,0.29999998211860657,1.0,0.29999998211860657,0.29999998211860657,0.29999998211860657,0.29999998211860657,0.29999998211860657,0.29999998211860657,4926,0.29999998211860657,0.29999998211860657,0.3235294117647059,0.29999998211860657,0.29999998211860657,0.29999998211860657,0.29999998211860657,289,0.29999998211860657,0.29999998211860657,0.1,0.55,0.0017695741,23,1e-05,22,0.18192392587661743,0.7861865758895874,0.30000001192092896,20,-5.374142646789551,0.0,24,0.2,0.6,15,0.9565217391304348,0.5454545454545454,92,0.06977767944335937,0.3333333333333333,-0.003805624639517191,0.4676641201600432,2880
0.29999998211860657,15,0.29999998211860657,631.6172485351562,7690,0.29999998211860657,0.29999998211860657,0.29999998211860657,0.29999998211860657,0.29999998211860657,0.29999998211860657,38010880,0.29999998211860657,1.7446816468860598,0.29999998211860657,0.29999998211860657,1.967741935483871,0.00218902587890625,0.7677419354838709,1.5248129032258078,0.29999998211860657,26,0.8666666666666667,917.92,0.29999998211860657,1.0,0.29999998211860657,0.29999998211860657,0.29999998211860657,0.29999998211860657,0.29999998211860657,0.29999998211860657,4942,0.29999998211860657,0.29999998211860657,0.23225806451612904,0.29999998211860657,0.29999998211860657,0.29999998211860657,0.29999998211860657,290,0.29999998211860657,0.29999998211860657,0.1,0.6818181818181818,0.0018099807,21,1e-05,32,0.03501448035240173,0.7367156744003296,0.30000001192092896,22,-5.374142646789551,0.0,21,0.2,1.0,18,0.8571428571428571,0.46875,119,0.07110595703125,0.6666666666666666,-0.003466206174289255,0.3907733900356106,2890
0.29999998211860657,23,0.29999998211860657,591.768310546875,7691,0.29999998211860657,0.29999998211860657,0.29999998211860657,0.29999998211860657,0.29999998211860657,0.29999998211860657,38141952,0.29999998211860657,1.9249864845977005,0.29999998211860657,0.29999998211860657,2.4482758620689653,0.0021154785156250002,0.7379310344827587,1.5401793103448287,0.29999998211860657,16,0.8695652173913043,872.91,0.29999998211860657,1.0,0.29999998211860657,0.29999998211860657,0.29999998211860657,0.29999998211860657,0.29999998211860657,0.29999998211860657,4958,0.29999998211860657,0.29999998211860657,0.2620689655172414,0.29999998211860657,0.29999998211860657,0.29999998211860657,0.29999998211860657,291,0.29999998211860657,0.29999998211860657,0.1,0.8888888888888888,0.0017400244,13,1e-05,30,0.04117715358734131,0.7428101301193237,0.30000001192092896,18,-5.374142646789551,0.0,29,0.2,0.9375,16,0.7692307692307693,0.5,107,0.06612014770507812,0.5172413793103449,-0.003558319972580648,0.3470251359161921,2900
0.29999998211860657,19,0.29999998211860657,607.478515625,7693,0.29999998211860657,0.29999998211860657,0.29999998211860657,0.29999998211860657,0.29999998211860657,0.29999998211860657,38273024,0.29999998211860657,1.758450173555112,0.29999998211860657,0.29999998211860657,2.23841059602649,0.0021881103515625,0.7748344370860927,1.510834437086094,0.29999998211860657,23,1.0,887.87,0.29999998211860657,1.0,0.29999998211860657,0.29999998211860657,0.29999998211860657,0.29999998211860657,0.29999998211860657,0.29999998211860657,4974,0.29999998211860657,0.29999998211860657,0.2251655629139073,0.29999998211860657,0.29999998211860657,0.29999998211860657,0.29999998211860657,292,0.29999998211860657,0.29999998211860657,0.1,0.6190476190476191,0.0017994257,21,1e-05,35,0.09298056364059448,0.7576152682304382,0.30000001192092896,21,-5.374142646789551,0.0,21,0.2,0.8181818181818182,11,1.0,0.6,117,0.06743545532226562,0.5238095238095238,-0.003672300547395935,0.37384807479102167,2910
0.29999998211860657,10,0.29999998211860657,599.241943359375,7694,0.29999998211860657,0.29999998211860657,0.29999998211860657,0.29999998211860657,0.29999998211860657,0.29999998211860657,38404096,0.29999998211860657,1.685887824255189,0.29999998211860657,0.29999998211860657,2.006849315068493,0.0021469116210937503,0.7465753424657534,1.5299589041095902,0.29999998211860657,25,0.8,873.58,0.29999998211860657,0.96,0.29999998211860657,0.29999998211860657,0.29999998211860657,0.29999998211860657,0.29999998211860657,0.29999998211860657,4990,0.29999998211860657,0.29999998211860657,0.2534246575342466,0.29999998211860657,0.29999998211860657,0.29999998211860657,0.29999998211860657,293,0.29999998211860657,0.29999998211860657,0.1,0.6666666666666666,0.0018804532,17,1e-05,29,0.03370314836502075,0.7810869812965393,0.30000001192092896,24,-5.374142646789551,0.0,29,0.2,0.9166666666666666,12,0.8823529411764706,0.5862068965517241,109,0.07451095581054687,0.6206896551724138,-0.0037456050530636277,0.30763827804476024,2920
0.29999998211860657,20,0.29999998211860657,621.7744750976562,7696,0.29999998211860657,0.29999998211860657,0.29999998211860657,0.29999998211860657,0.29999998211860657,0.29999998211860657,38535168,0.29999998211860657,1.6532476382324837,0.29999998211860657,0.29999998211860657,2.0476190476190474,0.0022235107421875,0.7959183673469388,1.5215238095238106,0.29999998211860657,26,1.0,902.84,0.29999998211860657,0.9615384615384616,0.29999998211860657,0.29999998211860657,0.29999998211860657,0.29999998211860657,0.29999998211860657,0.29999998211860657,5006,0.29999998211860657,0.29999998211860657,0.20408163265306123,0.29999998211860657,0.29999998211860657,0.29999998211860657,0.29999998211860657,294,0.29999998211860657,0.29999998211860657,0.1,0.7241379310344828,0.0017105029,13,1e-05,24,0.02010992169380188,0.7583003640174866,0.30000001192092896,29,-5.374142646789551,0.0,20,0.2,0.8,15,1.0,0.5416666666666666,117,0.06465988159179688,0.65,-0.0033397557280295588,0.33358313543722035,2930
0.29999998211860657,18,0.29999998211860657,592.1734619140625,7698,0.29999998211860657,0.29999998211860657,0.29999998211860657,0.29999998211860657,0.29999998211860657,0.29999998211860657,38666240,0.29999998211860657,1.635875254787395,0.29999998211860657,0.29999998211860657,2.0,0.0022161865234375,0.7207792207792207,1.5003116883116894,0.29999998211860657,30,0.8333333333333334,864.66,0.29999998211860657,1.0,0.29999998211860657,0.29999998211860657,0.29999998211860657,0.29999998211860657,0.29999998211860657,0.29999998211860657,5022,0.29999998211860657,0.29999998211860657,0.2792207792207792,0.29999998211860657,0.29999998211860657,0.29999998211860657,0.29999998211860657,295,0.29999998211860657,0.29999998211860657,0.1,0.5,0.0018495547,12,1e-05,27,0.05871427059173584,0.7587590217590332,0.30000001192092896,22,-5.374142646789551,0.0,28,0.2,1.0,17,0.9166666666666666,0.4444444444444444,111,0.07228012084960937,0.5357142857142857,-0.0036400398563273483,0.33129319560248405,2940
0.29999998211860657,13,0.29999998211860657,609.6129150390625,7699,0.29999998211860657,0.29999998211860657,0.29999998211860657,0.29999998211860657,0.29999998211860657,0.29999998211860657,38797312,0.29999998211860657,1.7649682357109158,0.29999998211860657,0.29999998211860657,2.0408163265306123,0.0022149658203125004,0.7210884353741497,1.5066938775510215,0.29999998211860657,21,0.8461538461538461,893.55,0.29999998211860657,1.0,0.29999998211860657,0.29999998211860657,0.29999998211860657,0.29999998211860657,0.29999998211860657,0.29999998211860657,5038,0.29999998211860657,0.29999998211860657,0.2789115646258503,0.29999998211860657,0.29999998211860657,0.29999998211860657,0.29999998211860657,296,0.29999998211860657,0.29999998211860657,0.1,0.631578947368421,0.0018354567,17,1e-05,27,0.15496960282325745,0.7673343420028687,0.30000001192092896,19,-5.374142646789551,0.0,31,0.2,0.9473684210526315,19,0.9411764705882353,0.4074074074074074,106,0.07082595825195312,0.5483870967741935,-0.0036657392665347286,0.404350844246801,2950
0.29999998211860657,18,0.29999998211860657,612.131103515625,7701,0.29999998211860657,0.29999998211860657,0.29999998211860657,0.29999998211860657,0.29999998211860657,0.29999998211860657,38928384,0.29999998211860657,1.7346009759428407,0.29999998211860657,0.29999998211860657,2.05,0.0022702026367187505,0.7785714285714286,1.4936571428571441,0.29999998211860657,23,0.9444444444444444,892.99,0.29999998211860657,1.0,0.29999998211860657,0.29999998211860657,0.29999998211860657,0.29999998211860657,0.29999998211860657,0.29999998211860657,5054,0.29999998211860657,0.29999998211860657,0.22142857142857142,0.29999998211860657,0.29999998211860657,0.29999998211860657,0.29999998211860657,297,0.29999998211860657,0.29999998211860657,0.1,0.7894736842105263,0.0017842394,9,1e-05,26,-0.004281789064407349,0.770915150642395,0.30000001192092896,19,-5.374142646789551,0.0,23,0.2,0.8636363636363636,22,1.0,0.5769230769230769,109,0.06644058227539062,0.4782608695652174,-0.0036670733250048215,0.35830758095253257,2960
0.29999998211860657,18,0.29999998211860657,605.9544067382812,7702,0.29999998211860657,0.29999998211860657,0.29999998211860657,0.29999998211860657,0.29999998211860657,0.29999998211860657,39059456,0.29999998211860657,1.828566829231301,0.29999998211860657,0.29999998211860657,2.107594936708861,0.00224700927734375,0.7278481012658228,1.4869367088607608,0.29999998211860657,25,0.9444444444444444,881.57,0.29999998211860657,0.96,0.29999998211860657,0.29999998211860657,0.29999998211860657,0.29999998211860657,0.29999998211860657,0.29999998211860657,5070,0.29999998211860657,0.29999998211860657,0.2721518987341772,0.29999998211860657,0.29999998211860657,0.29999998211860657,0.29999998211860657,298,0.29999998211860657,0.29999998211860657,0.1,0.5909090909090909,0.0017921873,13,1e-05,28,0.055044323205947876,0.7464717030525208,0.30000001192092896,22,-5.374142646789551,0.0,33,0.2,0.7894736842105263,19,1.0,0.39285714285714285,115,0.07229690551757813,0.6666666666666666,-0.003759659042043495,0.35337143804645166,2970
0.29999998211860657,22,0.29999998211860657,596.1083374023438,7704,0.29999998211860657,0.29999998211860657,0.29999998211860657,0.29999998211860657,0.29999998211860657,0.29999998211860657,39190528,0.29999998211860657,1.6602105530353672,0.29999998211860657,0.29999998211860657,1.9931506849315068,0.00231536865234375,0.726027397260274,1.4990273972602752,0.29999998211860657,29,0.8181818181818182,869.31,0.29999998211860657,1.0,0.29999998211860657,0.29999998211860657,0.29999998211860657,0.29999998211860657,0.29999998211860657,0.29999998211860657,5086,0.29999998211860657,0.29999998211860657,0.273972602739726,0.29999998211860657,0.29999998211860657,0.29999998211860657,0.29999998211860657,299,0.29999998211860657,0.29999998211860657,0.1,0.42857142857142855,0.0017494675,15,1e-05,22,0.08323338627815247,0.7714134454727173,0.30000001192092896,28,-5.374142646789551,0.0,17,0.2,0.7692307692307693,13,0.9333333333333333,0.6363636363636364,106,0.06757278442382812,0.5294117647058824,-0.00345988677272544,0.3915843020542525,2980
0.29999998211860657,20,0.29999998211860657,621.050048828125,7705,0.29999998211860657,0.29999998211860657,0.29999998211860657,0.29999998211860657,0.29999998211860657,0.29999998211860657,39321600,0.29999998211860657,1.8017035792379599,0.29999998211860657,0.29999998211860657,2.197278911564626,0.0023120117187499997,0.7687074829931972,1.5038367346938786,0.29999998211860657,23,0.8,900.17,0.29999998211860657,1.0,0.29999998211860657,0.29999998211860657,0.29999998211860657,0.29999998211860657,0.29999998211860657,0.29999998211860657,5102,0.29999998211860657,0.29999998211860657,0.23129251700680273,0.29999998211860657,0.29999998211860657,0.29999998211860657,0.29999998211860657,300,0.29999998211860657,0.29999998211860657,0.1,0.6,0.0018324815,13,1e-05,26,0.06268852949142456,0.763634204864502,0.30000001192092896,15,-5.374142646789551,0.0,33,0.2,0.7058823529411765,17,0.9230769230769231,0.6538461538461539,113,0.07342071533203125,0.7272727272727273,-0.0038118017971100924,0.34052448216825726,2990
0.29999998211860657,18,0.29999998211860657,604.9605712890625,7707,0.29999998211860657,0.29999998211860657,0.29999998211860657,0.29999998211860657,0.29999998211860657,0.29999998211860657,39452672,0.29999998211860657,1.81505771222573,0.29999998211860657,0.29999998211860657,2.2533333333333334,0.00231170654296875,0.74,1.5033333333333345,0.29999998211860657,19,0.8888888888888888,882.02,0.29999998211860657,1.0,0.29999998211860657,0.29999998211860657,0.29999998211860657,0.29999998211860657,0.29999998211860657,0.29999998211860657,5119,0.29999998211860657,0.29999998211860657,0.26,0.29999998211860657,0.29999998211860657,0.29999998211860657,0.29999998211860657,301,0.29999998211860657,0.29999998211860657,0.1,0.5454545454545454,0.0017990808,17,1e-05,35,0.22679385542869568,0.7379456162452698,0.30000001192092896,22,-5.374142646789551,0.0,22,0.2,0.9411764705882353,17,0.9411764705882353,0.37142857142857144,111,0.0688140869140625,0.8636363636363636,-0.003360124737628212,0.4117604002240114,3000
0.29999998211860657,18,0.29999998211860657,609.1436157226562,7708,0.29999998211860657,0.29999998211860657,0.29999998211860657,0.29999998211860657,0.29999998211860657,0.29999998211860657,39583744,0.29999998211860657,1.7084380213679893,0.29999998211860657,0.29999998211860657,2.2448979591836733,0.00227935791015625,0.7687074829931972,1.5056734693877563,0.29999998211860657,19,0.7777777777777778,892.03,0.29999998211860657,1.0,0.29999998211860657,0.29999998211860657,0.29999998211860657,0.29999998211860657,0.29999998211860657,0.29999998211860657,5135,0.29999998211860657,0.29999998211860657,0.23129251700680273,0.29999998211860657,0.29999998211860657,0.29999998211860657,0.29999998211860657,302,0.29999998211860657,0.29999998211860657,0.1,0.625,0.0018439528,17,1e-05,26,-0.03597213327884674,0.7703386545181274,0.30000001192092896,24,-5.374142646789551,0.0,30,0.2,0.9230769230769231,13,1.0,0.6923076923076923,113,0.07072677612304687,0.6,-0.003775868744469335,0.34830759728793054,3010
0.29999998211860657,16,0.29999998211860657,601.08251953125,7710,0.29999998211860657,0.29999998211860657,0.29999998211860657,0.29999998211860657,0.29999998211860657,0.29999998211860657,39714816,0.29999998211860657,1.6576144507276298,0.29999998211860657,0.29999998211860657,1.9931972789115646,0.00230224609375,0.782312925170068,1.4626394557823141,0.29999998211860657,28,0.875,876.66,0.29999998211860657,0.9642857142857143,0.29999998211860657,0.29999998211860657,0.29999998211860657,0.29999998211860657,0.29999998211860657,0.29999998211860657,5151,0.29999998211860657,0.29999998211860657,0.21768707482993196,0.29999998211860657,0.29999998211860657,0.29999998211860657,0.29999998211860657,303,0.29999998211860657,0.29999998211860657,0.1,0.7619047619047619,0.0017557379,18,1e-05,28,0.01289716362953186,0.7770653367042542,0.30000001192092896,21,-5.374142646789551,0.0,23,0.2,1.0,13,0.9444444444444444,0.6428571428571429,115,0.06668777465820312,0.43478260869565216,-0.0036546625853134175,0.3472125970525667,3020
0.29999998211860657,21,0.29999998211860657,615.4713745117188,7711,0.29999998211860657,0.29999998211860657,0.29999998211860657,0.29999998211860657,0.29999998211860657,0.29999998211860657,39845888,0.29999998211860657,1.7140336602115684,0.29999998211860657,0.29999998211860657,1.8853503184713376,0.00235504150390625,0.7770700636942676,1.5018216560509565,0.29999998211860657,29,0.9047619047619048,890.89,0.29999998211860657,1.0,0.29999998211860657,0.29999998211860657,0.29999998211860657,0.29999998211860657,0.29999998211860657,0.29999998211860657,5167,0.29999998211860657,0.29999998211860657,0.2229299363057325,0.29999998211860657,0.29999998211860657,0.29999998211860657,0.29999998211860657,304,0.29999998211860657,0.29999998211860657,0.1,0.6818181818181818,0.0017095541,17,1e-05,21,0.0020660459995269775,0.7282365560531616,0.30000001192092896,22,-5.374142646789551,0.0,25,0.2,0.9545454545454546,22,0.8823529411764706,0.5238095238095238,122,0.060825347900390625,0.48,-0.0033465588707258576,0.3106376628973521,3030
0.29999998211860657,17,0.29999998211860657,609.1193237304688,7712,0.29999998211860657,0.29999998211860657,0.29999998211860657,0.29999998211860657,0.29999998211860657,0.29999998211860657,39976960,0.29999998211860657,1.7891623500863287,0.29999998211860657,0.29999998211860657,2.2739726027397262,0.00239227294921875,0.726027397260274,1.4878630136986313,0.29999998211860657,23,0.8823529411764706,891.12,0.29999998211860657,0.9565217391304348,0.29999998211860657,0.29999998211860657,0.29999998211860657,0.29999998211860657,0.29999998211860657,0.29999998211860657,5183,0.29999998211860657,0.29999998211860657,0.273972602739726,0.29999998211860657,0.29999998211860657,0.29999998211860657,0.29999998211860657,305,0.29999998211860657,0.29999998211860657,0.1,0.6086956521739131,0.0017833478,12,1e-05,32,-0.023685336112976074,0.7521877288818359,0.30000001192092896,23,-5.374142646789551,0.0,28,0.2,0.9090909090909091,11,1.0,0.5,106,0.06760940551757813,0.6071428571428571,-0.0035849909409080283,0.3168153713457286,3040
0.29999998211860657,7,0.29999998211860657,621.69775390625,7714,0.29999998211860657,0.29999998211860657,0.29999998211860657,0.29999998211860657,0.29999998211860657,0.29999998211860657,40108032,0.29999998211860657,1.7582899995578103,0.29999998211860657,0.29999998211860657,1.8714285714285714,0.00230133056640625,0.7285714285714285,1.4868000000000012,0.29999998211860657,24,0.8571428571428571,899.35,0.29999998211860657,1.0,0.29999998211860657,0.29999998211860657,0.29999998211860657,0.29999998211860657,0.29999998211860657,0.29999998211860657,5199,0.29999998211860657,0.29999998211860657,0.2714285714285714,0.29999998211860657,0.29999998211860657,0.29999998211860657,0.29999998211860657,306,0.29999998211860657,0.29999998211860657,0.1,0.625,0.0017646388,14,1e-05,27,-0.040529489517211914,0.7928788661956787,0.30000001192092896,24,-5.374142646789551,0.0,27,0.2,0.8823529411764706,17,1.0,0.48148148148148145,102,0.06485214233398437,0.5555555555555556,-0.003583801404829501,0.34626744475681337,3050
0.29999998211860657,22,0.29999998211860657,598.9579467773438,7715,0.29999998211860657,0.29999998211860657,0.29999998211860657,0.29999998211860657,0.29999998211860657,0.29999998211860657,40239104,0.29999998211860657,1.8125856130341795,0.29999998211860657,0.29999998211860657,2.3647798742138364,0.00235076904296875,0.7610062893081762,1.5109685534591204,0.29999998211860657,19,0.7727272727272727,872.24,0.29999998211860657,0.9473684210526315,0.29999998211860657,0.29999998211860657,0.29999998211860657,0.29999998211860657,0.29999998211860657,0.29999998211860657,5215,0.29999998211860657,0.29999998211860657,0.2389937106918239,0.29999998211860657,0.29999998211860657,0.29999998211860657,0.29999998211860657,307,0.29999998211860657,0.29999998211860657,0.1,0.75,0.0018544258,18,1e-05,35,-0.009655416011810303,0.7493601441383362,0.30000001192092896,20,-5.374142646789551,0.0,29,0.2,0.875,16,0.9444444444444444,0.6285714285714286,121,0.07533416748046876,0.6206896551724138,-0.0037887420535753337,0.32905989481369036,3060
0.29999998211860657,23,0.29999998211860657,584.9732666015625,7717,0.29999998211860657,0.29999998211860657,0.29999998211860657,0.29999998211860657,0.29999998211860657,0.29999998211860657,40370176,0.29999998211860657,1.842953586529595,0.29999998211860657,0.29999998211860657,2.1214285714285714,0.0023529052734375,0.7214285714285714,1.5202857142857154,0.29999998211860657,21,0.8695652173913043,846.41,0.29999998211860657,0.9523809523809523,0.29999998211860657,0.29999998211860657,0.29999998211860657,0.29999998211860657,0.29999998211860657,0.29999998211860657,5231,0.29999998211860657,0.29999998211860657,0.2785714285714286,0.29999998211860657,0.29999998211860657,0.29999998211860657,0.29999998211860657,308,0.29999998211860657,0.29999998211860657,0.1,0.4642857142857143,0.0018655136,16,1e-05,26,-0.015142977237701416,0.7889755368232727,0.30000001192092896,28,-5.374142646789551,0.0,9,0.2,1.0,17,1.0,0.4230769230769231,101,0.0725799560546875,0.4444444444444444,-0.0038492084908284597,0.3749776040785946,3070
0.29999998211860657,20,0.29999998211860657,615.614990234375,7718,0.29999998211860657,0.29999998211860657,0.29999998211860657,0.29999998211860657,0.29999998211860657,0.29999998211860657,40501248,0.29999998211860657,1.831907335205636,0.29999998211860657,0.29999998211860657,2.045751633986928,0.00238311767578125,0.7581699346405228,1.500496732026145,0.29999998211860657,23,0.7,898.67,0.29999998211860657,1.0,0.29999998211860657,0.29999998211860657,0.29999998211860657,0.29999998211860657,0.29999998211860657,0.29999998211860657,5247,0.29999998211860657,0.29999998211860657,0.24183006535947713,0.29999998211860657,0.29999998211860657,0.29999998211860657,0.29999998211860657,309,0.29999998211860657,0.29999998211860657,0.1,0.7083333333333334,0.0017246006,14,1e-05,21,0.18496525287628174,0.7547898292541504,0.30000001192092896,24,-5.374142646789551,0.0,30,0.2,0.9523809523809523,21,1.0,0.5238095238095238,116,0.06486740112304687,0.5666666666666667,-0.0035495300810453045,0.3520677889464423,3080
0.29999998211860657,14,0.29999998211860657,610.5031127929688,7719,0.29999998211860657,0.29999998211860657,0.29999998211860657,0.29999998211860657,0.29999998211860657,0.29999998211860657,40632320,0.29999998211860657,1.732605094091024,0.29999998211860657,0.29999998211860657,1.9189189189189189,0.00243560791015625,0.75,1.4904864864864875,0.29999998211860657,27,0.7857142857142857,889.85,0.29999998211860657,0.9629629629629629,0.29999998211860657,0.29999998211860657,0.29999998211860657,0.29999998211860657,0.29999998211860657,0.29999998211860657,5263,0.29999998211860657,0.29999998211860657,0.25,0.29999998211860657,0.29999998211860657,0.29999998211860657,0.29999998211860657,310,0.29999998211860657,0.29999998211860657,0.1,0.6666666666666666,0.0018414634,17,1e-05,32,-0.0002982020378112793,0.7318856716156006,0.30000001192092896,21,-5.374142646789551,0.0,18,0.2,0.7894736842105263,19,0.9411764705882353,0.5625,111,0.06906051635742187,0.6111111111111112,-0.003638179088011384,0.3717852766974829,3090
0.29999998211860657,14,0.29999998211860657,594.4238891601562,7721,0.29999998211860657,0.29999998211860657,0.29999998211860657,0.29999998211860657,0.29999998211860657,0.29999998211860657,40763392,0.29999998211860657,1.7464687324370833,0.29999998211860657,0.29999998211860657,2.122448979591837,0.0024179077148437497,0.7278911564625851,1.5081768707483005,0.29999998211860657,21,0.8571428571428571,875.13,0.29999998211860657,0.9047619047619048,0.29999998211860657,0.29999998211860657,0.29999998211860657,0.29999998211860657,0.29999998211860657,0.29999998211860657,5279,0.29999998211860657,0.29999998211860657,0.272108843537415,0.29999998211860657,0.29999998211860657,0.29999998211860657,0.29999998211860657,311,0.29999998211860657,0.29999998211860657,0.1,0.6363636363636364,0.0017996826,15,1e-05,33,0.06204548478126526,0.7864951491355896,0.30000001192092896,22,-5.374142646789551,0.0,24,0.2,0.8333333333333334,18,0.9333333333333333,0.5454545454545454,107,0.0672119140625,0.625,-0.0036947890001556515,0.34760803255485373,3100
0.29999998211860657,17,0.29999998211860657,612.2218627929688,7722,0.29999998211860657,0.29999998211860657,0.29999998211860657,0.29999998211860657,0.29999998211860657,0.29999998211860657,40894464,0.29999998211860657,1.6490901997383465,0.29999998211860657,0.29999998211860657,2.0,0.0024523925781250004,0.7793103448275862,1.5008413793103457,0.29999998211860657,24,0.9411764705882353,883.87,0.29999998211860657,1.0,0.29999998211860657,0.29999998211860657,0.29999998211860657,0.29999998211860657,0.29999998211860657,0.29999998211860657,5295,0.29999998211860657,0.29999998211860657,0.2206896551724138,0.29999998211860657,0.29999998211860657,0.29999998211860657,0.29999998211860657,312,0.29999998211860657,0.29999998211860657,0.1,0.64,0.0018654775,17,1e-05,27,0.1469648778438568,0.8065395355224609,0.30000001192092896,25,-5.374142646789551,0.0,18,0.2,1.0,17,0.9411764705882353,0.5185185185185185,113,0.08056259155273438,0.5555555555555556,-0.003907005907831262,0.32735943658044564,3110
0.29999998211860657,17,0.29999998211860657,603.866455078125,7724,0.29999998211860657,0.29999998211860657,0.29999998211860657,0.29999998211860657,0.29999998211860657,0.29999998211860657,41025536,0.29999998211860657,1.7221136482089223,0.29999998211860657,0.29999998211860657,2.141025641025641,0.00245208740234375,0.7692307692307693,1.5050897435897448,0.29999998211860657,25,0.9411764705882353,877.88,0.29999998211860657,1.0,0.29999998211860657,0.29999998211860657,0.29999998211860657,0.29999998211860657,0.29999998211860657,0.29999998211860657,5311,0.29999998211860657,0.29999998211860657,0.23076923076923078,0.29999998211860657,0.29999998211860657,0.29999998211860657,0.29999998211860657,313,0.29999998211860657,0.29999998211860657,0.1,0.7368421052631579,0.0018674168,9,1e-05,38,0.04928600788116455,0.7540812492370605,0.30000001192092896,19,-5.374142646789551,0.0,25,0.2,0.9565217391304348,23,1.0,0.5263157894736842,120,0.07404098510742188,0.56,-0.0038238207780523226,0.3155648028245196,3120
0.29999998211860657,14,0.29999998211860657,629.8980102539062,7725,0.29999998211860657,0.29999998211860657,0.29999998211860657,0.29999998211860657,0.29999998211860657,0.29999998211860657,41156608,0.29999998211860657,1.6398189540913153,0.29999998211860657,0.29999998211860657,1.935251798561151,0.0024697875976562498,0.7553956834532374,1.4854244604316558,0.29999998211860657,26,1.0,908.99,0.29999998211860657,1.0,0.29999998211860657,0.29999998211860657,0.29999998211860657,0.29999998211860657,0.29999998211860657,0.29999998211860657,5327,0.29999998211860657,0.29999998211860657,0.2446043165467626,0.29999998211860657,0.29999998211860657,0.29999998211860657,0.29999998211860657,314,0.29999998211860657,0.29999998211860657,0.1,0.6363636363636364,0.0017925922,17,1e-05,29,0.02785453200340271,0.7620710134506226,0.30000001192092896,22,-5.374142646789551,0.0,16,0.2,0.8,15,0.9411764705882353,0.6551724137931034,105,0.06773147583007813,0.25,-0.0035880803569398267,0.2893999489606358,3130
0.29999998211860657,23,0.29999998211860657,612.5784912109375,7727,0.29999998211860657,0.29999998211860657,0.29999998211860657,0.29999998211860657,0.29999998211860657,0.29999998211860657,41287680,0.29999998211860657,1.8243346987156985,0.29999998211860657,0.29999998211860657,2.337579617834395,0.0025097656250000003,0.7388535031847133,1.5216433121019117,0.29999998211860657,21,0.8695652173913043,892.56,0.29999998211860657,1.0,0.29999998211860657,0.29999998211860657,0.29999998211860657,0.29999998211860657,0.29999998211860657,0.29999998211860657,5343,0.29999998211860657,0.29999998211860657,0.2611464968152866,0.29999998211860657,0.29999998211860657,0.29999998211860657,0.29999998211860657,315,0.29999998211860657,0.29999998211860657,0.1,0.6842105263157895,0.0017515151,13,1e-05,33,0.10660779476165771,0.7839906215667725,0.30000001192092896,19,-5.374142646789551,0.0,30,0.2,0.9444444444444444,18,0.9230769230769231,0.5757575757575758,116,0.0679107666015625,0.4666666666666667,-0.003681031353517028,0.3247993041179143,3140
0.29999998211860657,9,0.29999998211860657,595.418701171875,7728,0.29999998211860657,0.29999998211860657,0.29999998211860657,0.29999998211860657,0.29999998211860657,0.29999998211860657,41418752,0.29999998211860657,1.755825182354994,0.29999998211860657,0.29999998211860657,1.8333333333333333,0.0025402832031250003,0.717391304347826,1.4838550724637691,0.29999998211860657,23,1.0,866.46,0.29999998211860657,1.0,0.29999998211860657,0.29999998211860657,0.29999998211860657,0.29999998211860657,0.29999998211860657,0.29999998211860657,5359,0.29999998211860657,0.29999998211860657,0.2826086956521739,0.29999998211860657,0.29999998211860657,0.29999998211860657,0.29999998211860657,316,0.29999998211860657,0.29999998211860657,0.1,0.5517241379310345,0.0017887836,15,1e-05,26,0.05007803440093994,0.78031325340271,0.30000001192092896,29,-5.374142646789551,0.0,18,0.2,0.8888888888888888,18,1.0,0.4230769230769231,99,0.06670074462890625,0.5,-0.0036918823801897816,0.3550672419834882,3150
0.29999998211860657,17,0.29999998211860657,617.1318359375,7729,0.29999998211860657,0.29999998211860657,0.29999998211860657,0.29999998211860657,0.29999998211860657,0.29999998211860657,41549824,0.29999998211860657,1.7015380459936025,0.29999998211860657,0.29999998211860657,2.20625,0.002535400390625,0.825,1.4968500000000011,0.29999998211860657,23,0.9411764705882353,896.53,0.29999998211860657,1.0,0.29999998211860657,0.29999998211860657,0.29999998211860657,0.29999998211860657,0.29999998211860657,0.29999998211860657,5375,0.29999998211860657,0.29999998211860657,0.175,0.29999998211860657,0.29999998211860657,0.29999998211860657,0.29999998211860657,317,0.29999998211860657,0.29999998211860657,0.1,0.8,0.001852287,13,1e-05,36,0.10536375641822815,0.7661466598510742,0.30000001192092896,25,-5.374142646789551,0.0,28,0.2,0.9444444444444444,18,0.9230769230769231,0.6944444444444444,132,0.073699951171875,0.6785714285714286,-0.0038508673846081366,0.3214292163378559,3160
0.29999998211860657,13,0.29999998211860657,610.6111450195312,7731,0.29999998211860657,0.29999998211860657,0.29999998211860657,0.29999998211860657,0.29999998211860657,0.29999998211860657,41680896,0.29999998211860657,1.768996908343177,0.29999998211860657,0.29999998211860657,1.9776119402985075,0.0025772094726562505,0.7611940298507462,1.4984179104477624,0.29999998211860657,24,0.9230769230769231,891.6,0.29999998211860657,1.0,0.29999998211860657,0.29999998211860657,0.29999998211860657,0.29999998211860657,0.29999998211860657,0.29999998211860657,5391,0.29999998211860657,0.29999998211860657,0.23880597014925373,0.29999998211860657,0.29999998211860657,0.29999998211860657,0.29999998211860657,318,0.29999998211860657,0.29999998211860657,0.1,0.6086956521739131,0.00170999,9,1e-05,31,0.022963911294937134,0.7632579207420349,0.30000001192092896,23,-5.374142646789551,0.0,15,0.2,0.8947368421052632,19,0.8888888888888888,0.6129032258064516,102,0.06308975219726562,0.5333333333333333,-0.003463389306216413,0.31296551834093406,3170
0.29999998211860657,14,0.29999998211860657,626.0575561523438,7732,0.29999998211860657,0.29999998211860657,0.29999998211860657,0.29999998211860657,0.29999998211860657,0.29999998211860657,41811968,0.29999998211860657,1.6457682776782196,0.29999998211860657,0.29999998211860657,1.9542483660130718,0.00259796142578125,0.8431372549019608,1.4927712418300665,0.29999998211860657,25,0.9285714285714286,914.19,0.29999998211860657,1.0,0.29999998211860657,0.29999998211860657,0.29999998211860657,0.29999998211860657,0.29999998211860657,0.29999998211860657,5407,0.29999998211860657,0.29999998211860657,0.1568627450980392,0.29999998211860657,0.29999998211860657,0.29999998211860657,0.29999998211860657,319,0.29999998211860657,0.29999998211860657,0.1,0.75,0.0018471971,18,1e-05,30,-0.019160687923431396,0.7536400556564331,0.30000001192092896,28,-5.374142646789551,0.0,20,0.2,0.9444444444444444,18,1.0,0.7333333333333333,129,0.06899032592773438,0.65,-0.0037115963654287044,0.30605374031001703,3180
0.29999998211860657,14,0.29999998211860657,632.1773681640625,7733,0.29999998211860657,0.29999998211860657,0.29999998211860657,0.29999998211860657,0.29999998211860657,0.29999998211860657,41943040,0.29999998211860657,1.5970357804740505,0.29999998211860657,0.29999998211860657,1.9172932330827068,0.002581787109375,0.8045112781954887,1.4968721804511291,0.29999998211860657,27,1.0,902.79,0.29999998211860657,1.0,0.29999998211860657,0.29999998211860657,0.29999998211860657,0.29999998211860657,0.29999998211860657,0.29999998211860657,5423,0.29999998211860657,0.29999998211860657,0.19548872180451127,0.29999998211860657,0.29999998211860657,0.29999998211860657,0.29999998211860657,320,0.29999998211860657,0.29999998211860657,0.1,0.5294117647058824,0.0018161542,19,1e-05,24,-0.10578027367591858,0.7343587875366211,0.30000001192092896,17,-5.374142646789551,0.0,21,0.2,0.9090909090909091,11,1.0,0.5833333333333334,107,0.0687713623046875,0.6666666666666666,-0.00364181976974578,0.26981569956988094,3190
0.29999998211860657,23,0.29999998211860657,622.03369140625,7735,0.29999998211860657,0.29999998211860657,0.29999998211860657,0.29999998211860657,0.29999998211860657,0.29999998211860657,42074112,0.29999998211860657,1.7443297564361497,0.29999998211860657,0.29999998211860657,2.326797385620915,0.0026327514648437503,0.803921568627451,1.4904575163398706,0.29999998211860657,21,0.8695652173913043,902.7,0.29999998211860657,1.0,0.29999998211860657,0.29999998211860657,0.29999998211860657,0.29999998211860657,0.29999998211860657,0.29999998211860657,5439,0.29999998211860657,0.29999998211860657,0.19607843137254902,0.29999998211860657,0.29999998211860657,0.29999998211860657,0.29999998211860657,321,0.29999998211860657,0.29999998211860657,0.1,0.68,0.0017956335,12,1e-05,32,-0.026442736387252808,0.7129021883010864,0.30000001192092896,25,-5.374142646789551,0.0,24,0.2,1.0,16,1.0,0.6875,123,0.07257614135742188,0.625,-0.003926672531906661,0.2980143130756915,3200
0.29999998211860657,17,0.29999998211860657,598.7554321289062,7736,0.29999998211860657,0.29999998211860657,0.29999998211860657,0.29999998211860657,0.29999998211860657,0.29999998211860657,42205184,0.29999998211860657,1.7153132681019594,0.29999998211860657,0.29999998211860657,2.1986301369863015,0.0025765991210937498,0.726027397260274,1.4878356164383575,0.29999998211860657,28,0.6470588235294118,871.14,0.29999998211860657,1.0,0.29999998211860657,0.29999998211860657,0.29999998211860657,0.29999998211860657,0.29999998211860657,0.29999998211860657,5455,0.29999998211860657,0.29999998211860657,0.273972602739726,0.29999998211860657,0.29999998211860657,0.29999998211860657,0.29999998211860657,322,0.29999998211860657,0.29999998211860657,0.1,0.6551724137931034,0.0018340959,9,1e-05,29,0.11648130416870117,0.758574366569519,0.30000001192092896,29,-5.374142646789551,0.0,27,0.2,0.8571428571428571,7,1.0,0.5862068965517241,106,0.070855712890625,0.5925925925925926,-0.003700210117312963,0.31278905193321405,3210
0.29999998211860657,14,0.29999998211860657,636.947021484375,7737,0.29999998211860657,0.29999998211860657,0.29999998211860657,0.29999998211860657,0.29999998211860657,0.29999998211860657,42336256,0.29999998211860657,1.7314287562391775,0.29999998211860657,0.29999998211860657,2.167832167832168,0.0026202392578125004,0.7902097902097902,1.4982377622377632,0.29999998211860657,21,1.0,921.49,0.29999998211860657,1.0,0.29999998211860657,0.29999998211860657,0.29999998211860657,0.29999998211860657,0.29999998211860657,0.29999998211860657,5471,0.29999998211860657,0.29999998211860657,0.2097902097902098,0.29999998211860657,0.29999998211860657,0.29999998211860657,0.29999998211860657,323,0.29999998211860657,0.29999998211860657,0.1,0.7666666666666667,0.0017331496,15,1e-05,27,0.0634416937828064,0.7739728689193726,0.30000001192092896,30,-5.374142646789551,0.0,26,0.2,0.9,10,1.0,0.5555555555555556,113,0.06592330932617188,0.6153846153846154,-0.003728346725438314,0.35098009487846865,3220
0.29999998211860657,19,0.29999998211860657,636.4351806640625,7739,0.29999998211860657,0.29999998211860657,0.29999998211860657,0.29999998211860657,0.29999998211860657,0.29999998211860657,42467328,0.29999998211860657,1.5963802069980009,0.29999998211860657,0.29999998211860657,1.8108108108108107,0.0026480102539062503,0.7905405405405406,1.4978513513513523,0.29999998211860657,32,1.0,921.41,0.29999998211860657,1.0,0.29999998211860657,0.29999998211860657,0.29999998211860657,0.29999998211860657,0.29999998211860657,0.29999998211860657,5487,0.29999998211860657,0.29999998211860657,0.20945945945945946,0.29999998211860657,0.29999998211860657,0.29999998211860657,0.29999998211860657,324,0.29999998211860657,0.29999998211860657,0.1,0.6153846153846154,0.0018053793,15,1e-05,24,-0.07690326869487762,0.748627245426178,0.30000001192092896,26,-5.374142646789551,0.0,14,0.2,0.9444444444444444,18,1.0,0.375,117,0.06926803588867188,0.6428571428571429,-0.0035574374684529176,0.2716946868691593,3230
0.29999998211860657,19,0.29999998211860657,610.8734130859375,7740,0.29999998211860657,0.29999998211860657,0.29999998211860657,0.29999998211860657,0.29999998211860657,0.29999998211860657,42598400,0.29999998211860657,1.9121714859225092,0.29999998211860657,0.29999998211860657,2.524822695035461,0.0026397705078125,0.7163120567375887,1.478241134751774,0.29999998211860657,16,0.9473684210526315,890.29,0.29999998211860657,1.0,0.29999998211860657,0.29999998211860657,0.29999998211860657,0.29999998211860657,0.29999998211860657,0.29999998211860657,5503,0.29999998211860657,0.29999998211860657,0.28368794326241137,0.29999998211860657,0.29999998211860657,0.29999998211860657,0.29999998211860657,325,0.29999998211860657,0.29999998211860657,0.1,0.6666666666666666,0.0017246039,10,1e-05,33,-0.06345608830451965,0.7530843019485474,0.30000001192092896,21,-5.374142646789551,0.0,31,0.2,0.8181818181818182,11,0.9,0.45454545454545453,101,0.06406631469726562,0.6451612903225806,-0.003459478416971251,0.3072982011246495,3240
0.29999998211860657,9,0.29999998211860657,639.556884765625,7741,0.29999998211860657,0.29999998211860657,0.29999998211860657,0.29999998211860657,0.29999998211860657,0.29999998211860657,42729472,0.29999998211860657,1.6024666683878237,0.29999998211860657,0.29999998211860657,1.9130434782608696,0.002672119140625,0.8188405797101449,1.4804202898550738,0.29999998211860657,26,0.6666666666666666,925.05,0.29999998211860657,1.0,0.29999998211860657,0.29999998211860657,0.29999998211860657,0.29999998211860657,0.29999998211860657,0.29999998211860657,5519,0.29999998211860657,0.29999998211860657,0.18115942028985507,0.29999998211860657,0.29999998211860657,0.29999998211860657,0.29999998211860657,326,0.29999998211860657,0.29999998211860657,0.1,0.7894736842105263,0.0018031306,17,1e-05,28,0.012173652648925781,0.7507504820823669,0.30000001192092896,19,-5.374142646789551,0.0,26,0.2,1.0,13,0.9411764705882353,0.7857142857142857,113,0.07120285034179688,0.5769230769230769,-0.003843962635301068,0.3461214531911537,3250
0.29999998211860657,18,0.29999998211860657,625.120849609375,7743,0.29999998211860657,0.29999998211860657,0.29999998211860657,0.29999998211860657,0.29999998211860657,0.29999998211860657,42860544,0.29999998211860657,1.6893937092091158,0.29999998211860657,0.29999998211860657,1.9019607843137254,0.002652587890625,0.8235294117647058,1.4898169934640535,0.29999998211860657,29,1.0,905.38,0.29999998211860657,1.0,0.29999998211860657,0.29999998211860657,0.29999998211860657,0.29999998211860657,0.29999998211860657,0.29999998211860657,5535,0.29999998211860657,0.29999998211860657,0.17647058823529413,0.29999998211860657,0.29999998211860657,0.29999998211860657,0.29999998211860657,327,0.29999998211860657,0.29999998211860657,0.1,0.8235294117647058,0.0018601699,17,1e-05,16,-0.0030223429203033447,0.6887743473052979,0.30000001192092896,34,-5.374142646789551,0.0,27,0.2,0.9166666666666666,12,0.8823529411764706,0.5625,126,0.069378662109375,0.5925925925925926,-0.0035002938082470793,0.2657072057190817,3260
0.29999998211860657,17,0.29999998211860657,610.5918579101562,7744,0.29999998211860657,0.29999998211860657,0.29999998211860657,0.29999998211860657,0.29999998211860657,0.29999998211860657,42991616,0.29999998211860657,1.8070774552162738,0.29999998211860657,0.29999998211860657,2.2094594594594597,0.00265869140625,0.722972972972973,1.4736216216216227,0.29999998211860657,23,0.7647058823529411,879.19,0.29999998211860657,0.9565217391304348,0.29999998211860657,0.29999998211860657,0.29999998211860657,0.29999998211860657,0.29999998211860657,0.29999998211860657,5551,0.29999998211860657,0.29999998211860657,0.27702702702702703,0.29999998211860657,0.29999998211860657,0.29999998211860657,0.29999998211860657,328,0.29999998211860657,0.29999998211860657,0.1,0.55,0.001841331,13,1e-05,35,0.05089181661605835,0.7750877141952515,0.30000001192092896,20,-5.374142646789551,0.0,24,0.2,0.9375,16,1.0,0.4857142857142857,107,0.0753662109375,0.6666666666666666,-0.0038436325125985604,0.2925352002261207,3270
0.29999998211860657,17,0.29999998211860657,623.45751953125,7745,0.29999998211860657,0.29999998211860657,0.29999998211860657,0.29999998211860657,0.29999998211860657,0.29999998211860657,43122688,0.29999998211860657,1.679776030981721,0.29999998211860657,0.29999998211860657,2.1357142857142857,0.0027337646484375004,0.8214285714285714,1.4546428571428582,0.29999998211860657,21,0.9411764705882353,903.63,0.29999998211860657,0.9523809523809523,0.29999998211860657,0.29999998211860657,0.29999998211860657,0.29999998211860657,0.29999998211860657,0.29999998211860657,5567,0.29999998211860657,0.29999998211860657,0.17857142857142858,0.29999998211860657,0.29999998211860657,0.29999998211860657,0.29999998211860657,329,0.29999998211860657,0.29999998211860657,0.1,0.85,0.0017415854,18,1e-05,27,0.07014155387878418,0.7628865838050842,0.30000001192092896,20,-5.374142646789551,0.0,23,0.2,1.0,14,0.9444444444444444,0.6296296296296297,115,0.06753616333007813,0.6086956521739131,-0.0037154428216581437,0.36633557135937733,3280
0.29999998211860657,21,0.29999998211860657,622.051025390625,7747,0.29999998211860657,0.29999998211860657,0.29999998211860657,0.29999998211860657,0.29999998211860657,0.29999998211860657,43253760,0.29999998211860657,1.788684731075382,0.29999998211860657,0.29999998211860657,2.1666666666666665,0.002708740234375,0.7733333333333333,1.4750266666666678,0.29999998211860657,25,1.0,898.78,0.29999998211860657,1.0,0.29999998211860657,0.29999998211860657,0.29999998211860657,0.29999998211860657,0.29999998211860657,0.29999998211860657,5583,0.29999998211860657,0.29999998211860657,0.22666666666666666,0.29999998211860657,0.29999998211860657,0.29999998211860657,0.29999998211860657,330,0.29999998211860657,0.29999998211860657,0.1,0.68,0.0018490923,12,1e-05,24,-0.06157207489013672,0.8184056282043457,0.30000001192092896,25,-5.374142646789551,0.0,29,0.2,0.7857142857142857,14,0.8333333333333334,0.5,116,0.07223358154296874,0.6896551724137931,-0.0038736253612114526,0.24347604648210108,3290
0.29999998211860657,16,0.29999998211860657,615.8834228515625,7748,0.29999998211860657,0.29999998211860657,0.29999998211860657,0.29999998211860657,0.29999998211860657,0.29999998211860657,43384832,0.29999998211860657,1.6288552718459088,0.29999998211860657,0.29999998211860657,2.0575539568345325,0.0026849365234375006,0.7841726618705036,1.5039856115107926,0.29999998211860657,24,0.875,893.11,0.29999998211860657,0.9583333333333334,0.29999998211860657,0.29999998211860657,0.29999998211860657,0.29999998211860657,0.29999998211860657,0.29999998211860657,5599,0.29999998211860657,0.29999998211860657,0.2158273381294964,0.29999998211860657,0.29999998211860657,0.29999998211860657,0.29999998211860657,331,0.29999998211860657,0.29999998211860657,0.1,0.7692307692307693,0.0018049907,19,1e-05,30,0.1246652901172638,0.7971917986869812,0.30000001192092896,26,-5.374142646789551,0.0,13,0.2,0.8181818181818182,11,1.0,0.6333333333333333,109,0.07036361694335938,0.38461538461538464,-0.004027360329109797,0.2895572402165271,3300
0.29999998211860657,15,0.29999998211860657,645.5458374023438,7749,0.29999998211860657,0.29999998211860657,0.29999998211860657,0.29999998211860657,0.29999998211860657,0.29999998211860657,43515904,0.29999998211860657,1.4514995545382847,0.29999998211860657,0.29999998211860657,1.5874125874125875,0.0027029418945312502,0.8041958041958042,1.4772727272727284,0.29999998211860657,38,0.8666666666666667,936.51,0.29999998211860657,1.0,0.29999998211860657,0.29999998211860657,0.29999998211860657,0.29999998211860657,0.29999998211860657,0.29999998211860657,5615,0.29999998211860657,0.29999998211860657,0.1958041958041958,0.29999998211860657,0.29999998211860657,0.29999998211860657,0.29999998211860657,332,0.29999998211860657,0.29999998211860657,0.1,0.7777777777777778,0.0018703041,14,1e-05,20,0.03047928214073181,0.7687464952468872,0.30000001192092896,18,-5.374142646789551,0.0,20,0.2,0.9444444444444444,18,0.9285714285714286,0.45,115,0.07557907104492187,0.55,-0.003908208779466804,0.2699782329495065,3310
0.29999998211860657,20,0.29999998211860657,598.4382934570312,7750,0.29999998211860657,0.29999998211860657,0.29999998211860657,0.29999998211860657,0.29999998211860657,0.29999998211860657,43646976,0.29999998211860657,1.786429561917313,0.29999998211860657,0.29999998211860657,2.0728476821192054,0.0027050781250000005,0.7748344370860927,1.474635761589405,0.29999998211860657,26,1.0,873.32,0.29999998211860657,1.0,0.29999998211860657,0.29999998211860657,0.29999998211860657,0.29999998211860657,0.29999998211860657,0.29999998211860657,5631,0.29999998211860657,0.29999998211860657,0.2251655629139073,0.29999998211860657,0.29999998211860657,0.29999998211860657,0.29999998211860657,333,0.29999998211860657,0.29999998211860657,0.1,0.6,0.001886537,13,1e-05,27,-0.07191778719425201,0.7402336597442627,0.30000001192092896,20,-5.374142646789551,0.0,26,0.2,0.9473684210526315,19,0.9230769230769231,0.5555555555555556,117,0.07174148559570312,0.5384615384615384,-0.003909829905114748,0.27400533963227647,3320
0.29999998211860657,17,0.29999998211860657,625.5458374023438,7752,0.29999998211860657,0.29999998211860657,0.29999998211860657,0.29999998211860657,0.29999998211860657,0.29999998211860657,43778048,0.29999998211860657,1.7293192775946817,0.29999998211860657,0.29999998211860657,2.099290780141844,0.00275054931640625,0.7872340425531915,1.4952056737588666,0.29999998211860657,17,1.0,904.41,0.29999998211860657,0.9411764705882353,0.29999998211860657,0.29999998211860657,0.29999998211860657,0.29999998211860657,0.29999998211860657,0.29999998211860657,5647,0.29999998211860657,0.29999998211860657,0.2127659574468085,0.29999998211860657,0.29999998211860657,0.29999998211860657,0.29999998211860657,334,0.29999998211860657,0.29999998211860657,0.1,0.6,0.0018516469,21,1e-05,24,0.014295607805252075,0.7622463703155518,0.30000001192092896,15,-5.374142646789551,0.0,27,0.2,0.85,20,0.9523809523809523,0.5833333333333334,111,0.07338180541992187,0.6666666666666666,-0.0037124152318938285,0.3312944020377472,3330
0.29999998211860657,20,0.29999998211860657,617.557373046875,7753,0.29999998211860657,0.29999998211860657,0.29999998211860657,0.29999998211860657,0.29999998211860657,0.29999998211860657,43909120,0.29999998211860657,1.7197514736374127,0.29999998211860657,0.29999998211860657,2.0641025641025643,0.0026843261718750002,0.7756410256410257,1.4780897435897447,0.29999998211860657,23,0.9,895.41,0.29999998211860657,0.9565217391304348,0.29999998211860657,0.29999998211860657,0.29999998211860657,0.29999998211860657,0.29999998211860657,0.29999998211860657,5663,0.29999998211860657,0.29999998211860657,0.22435897435897437,0.29999998211860657,0.29999998211860657,0.29999998211860657,0.29999998211860657,335,0.29999998211860657,0.29999998211860657,0.1,0.45454545454545453,0.0017120636,19,1e-05,29,-0.0242852121591568,0.7726260423660278,0.30000001192092896,22,-5.374142646789551,0.0,22,0.2,1.0,21,0.9473684210526315,0.6551724137931034,121,0.06521759033203126,0.5909090909090909,-0.0036431194982469604,0.24811159279197453,3340
0.29999998211860657,18,0.29999998211860657,624.9080200195312,7754,0.29999998211860657,0.29999998211860657,0.29999998211860657,0.29999998211860657,0.29999998211860657,0.29999998211860657,44040192,0.29999998211860657,1.7793292454059642,0.29999998211860657,0.29999998211860657,2.0923076923076924,0.00274139404296875,0.7923076923076923,1.4834307692307702,0.29999998211860657,18,0.8888888888888888,898.58,0.29999998211860657,1.0,0.29999998211860657,0.29999998211860657,0.29999998211860657,0.29999998211860657,0.29999998211860657,0.29999998211860657,5679,0.29999998211860657,0.29999998211860657,0.2076923076923077,0.29999998211860657,0.29999998211860657,0.29999998211860657,0.29999998211860657,336,0.29999998211860657,0.29999998211860657,0.1,0.7142857142857143,0.0018085958,16,1e-05,22,0.20870640873908997,0.7855421900749207,0.30000001192092896,21,-5.374142646789551,0.0,18,0.2,0.9411764705882353,17,0.9375,0.5454545454545454,103,0.07055816650390626,0.6111111111111112,-0.0037271382933340646,0.3565418368089013,3350
0.29999998211860657,15,0.29999998211860657,621.8820190429688,7755,0.29999998211860657,0.29999998211860657,0.29999998211860657,0.29999998211860657,0.29999998211860657,0.29999998211860657,44171264,0.29999998211860657,1.7424048374659515,0.29999998211860657,0.29999998211860657,2.1446540880503147,0.0028399658203125,0.8113207547169812,1.5088427672955986,0.29999998211860657,25,0.9333333333333333,900.67,0.29999998211860657,0.96,0.29999998211860657,0.29999998211860657,0.29999998211860657,0.29999998211860657,0.29999998211860657,0.29999998211860657,5695,0.29999998211860657,0.29999998211860657,0.18867924528301888,0.29999998211860657,0.29999998211860657,0.29999998211860657,0.29999998211860657,337,0.29999998211860657,0.29999998211860657,0.1,0.55,0.0018569995,15,1e-05,41,0.013956248760223389,0.7721229195594788,0.30000001192092896,20,-5.374142646789551,0.0,24,0.2,0.9473684210526315,19,1.0,0.7804878048780488,129,0.0703948974609375,0.625,-0.003770762213116541,0.27710401222575454,3360
0.29999998211860657,12,0.29999998211860657,609.5675659179688,7756,0.29999998211860657,0.29999998211860657,0.29999998211860657,0.29999998211860657,0.29999998211860657,0.29999998211860657,44302336,0.29999998211860657,1.7685851163730804,0.29999998211860657,0.29999998211860657,2.162962962962963,0.00278533935546875,0.725925925925926,1.4759703703703715,0.29999998211860657,18,0.75,878.09,0.29999998211860657,1.0,0.29999998211860657,0.29999998211860657,0.29999998211860657,0.29999998211860657,0.29999998211860657,0.29999998211860657,5711,0.29999998211860657,0.29999998211860657,0.2740740740740741,0.29999998211860657,0.29999998211860657,0.29999998211860657,0.29999998211860657,338,0.29999998211860657,0.29999998211860657,0.1,0.8666666666666667,0.001721138,18,1e-05,34,0.0006109774112701416,0.7797725200653076,0.30000001192092896,15,-5.374142646789551,0.0,22,0.2,0.875,16,1.0,0.38235294117647056,98,0.06461181640625,0.5909090909090909,-0.00365683713416729,0.2726575819309801,3370
0.29999998211860657,24,0.29999998211860657,642.6160278320312,7758,0.29999998211860657,0.29999998211860657,0.29999998211860657,0.29999998211860657,0.29999998211860657,0.29999998211860657,44433408,0.29999998211860657,1.5540904718227389,0.29999998211860657,0.29999998211860657,1.8639455782312926,0.0028253173828125,0.8707482993197279,1.4872108843537426,0.29999998211860657,32,0.9583333333333334,922.86,0.29999998211860657,0.96875,0.29999998211860657,0.29999998211860657,0.29999998211860657,0.29999998211860657,0.29999998211860657,0.29999998211860657,5727,0.29999998211860657,0.29999998211860657,0.1292517006802721,0.29999998211860657,0.29999998211860657,0.29999998211860657,0.29999998211860657,339,0.29999998211860657,0.29999998211860657,0.1,0.6666666666666666,0.0017988486,15,1e-05,21,-0.02959829568862915,0.7316055297851562,0.30000001192092896,15,-5.374142646789551,0.0,19,0.2,0.8571428571428571,21,1.0,0.7142857142857143,128,0.07284698486328126,0.8421052631578947,-0.003797416731595149,0.332830794446636,3380
0.29999998211860657,9,0.29999998211860657,633.650634765625,7759,0.29999998211860657,0.29999998211860657,0.29999998211860657,0.29999998211860657,0.29999998211860657,0.29999998211860657,44564480,0.29999998211860657,1.6379948437596814,0.29999998211860657,0.29999998211860657,1.873134328358209,0.00278045654296875,0.7985074626865671,1.494507462686568,0.29999998211860657,24,0.8888888888888888,911.06,0.29999998211860657,1.0,0.29999998211860657,0.29999998211860657,0.29999998211860657,0.29999998211860657,0.29999998211860657,0.29999998211860657,5743,0.29999998211860657,0.29999998211860657,0.20149253731343283,0.29999998211860657,0.29999998211860657,0.29999998211860657,0.29999998211860657,340,0.29999998211860657,0.29999998211860657,0.1,0.5882352941176471,0.0018176795,12,1e-05,28,0.03793928027153015,0.6968591213226318,0.30000001192092896,17,-5.374142646789551,0.0,24,0.2,0.85,20,1.0,0.75,107,0.07178573608398438,0.625,-0.0036371336524098296,0.19981567233917302,3390
0.29999998211860657,21,0.29999998211860657,645.4883422851562,7760,0.29999998211860657,0.29999998211860657,0.29999998211860657,0.29999998211860657,0.29999998211860657,0.29999998211860657,44695552,0.29999998211860657,1.6521399495300613,0.29999998211860657,0.29999998211860657,2.1,0.00283782958984375,0.8133333333333334,1.508066666666668,0.29999998211860657,24,0.9523809523809523,930.17,0.29999998211860657,1.0,0.29999998211860657,0.29999998211860657,0.29999998211860657,0.29999998211860657,0.29999998211860657,0.29999998211860657,5759,0.29999998211860657,0.29999998211860657,0.18666666666666668,0.29999998211860657,0.29999998211860657,0.29999998211860657,0.29999998211860657,341,0.29999998211860657,0.29999998211860657,0.1,0.625,0.0017901055,17,1e-05,22,-0.03939278423786163,0.7067607641220093,0.30000001192092896,24,-5.374142646789551,0.0,27,0.2,1.0,15,1.0,0.6818181818181818,122,0.0671051025390625,0.5925925925925926,-0.0038520144510584943,0.2770941385650076,3400
0.29999998211860657,14,0.29999998211860657,613.7828979492188,7761,0.29999998211860657,0.29999998211860657,0.29999998211860657,0.29999998211860657,0.29999998211860657,0.29999998211860657,44826624,0.29999998211860657,1.7729395441053077,0.29999998211860657,0.29999998211860657,2.195804195804196,0.00283050537109375,0.7132867132867133,1.479692307692309,0.29999998211860657,21,0.8571428571428571,888.4,0.29999998211860657,1.0,0.29999998211860657,0.29999998211860657,0.29999998211860657,0.29999998211860657,0.29999998211860657,0.29999998211860657,5775,0.29999998211860657,0.29999998211860657,0.2867132867132867,0.29999998211860657,0.29999998211860657,0.29999998211860657,0.29999998211860657,342,0.29999998211860657,0.29999998211860657,0.1,0.5517241379310345,0.0017817765,8,1e-05,28,-0.02329885959625244,0.7801521420478821,0.30000001192092896,29,-5.374142646789551,0.0,29,0.2,0.9285714285714286,14,1.0,0.42857142857142855,102,0.068353271484375,0.6896551724137931,-0.0036126996014900215,0.2614817698253319,3410
0.29999998211860657,23,0.29999998211860657,651.3856201171875,7763,0.29999998211860657,0.29999998211860657,0.29999998211860657,0.29999998211860657,0.29999998211860657,0.29999998211860657,44957696,0.29999998211860657,1.823196391870924,0.29999998211860657,0.29999998211860657,2.273381294964029,0.0028689575195312497,0.8201438848920863,1.5133237410071954,0.29999998211860657,15,0.8260869565217391,948.07,0.29999998211860657,0.8666666666666667,0.29999998211860657,0.29999998211860657,0.29999998211860657,0.29999998211860657,0.29999998211860657,0.29999998211860657,5791,0.29999998211860657,0.29999998211860657,0.17985611510791366,0.29999998211860657,0.29999998211860657,0.29999998211860657,0.29999998211860657,343,0.29999998211860657,0.29999998211860657,0.1,0.65,0.0018541263,17,1e-05,27,-0.07305899262428284,0.766322910785675,0.30000001192092896,20,-5.374142646789551,0.0,17,0.2,0.95,20,0.9411764705882353,0.8518518518518519,114,0.07308883666992187,0.6470588235294118,-0.003961530985088757,0.3491491855937056,3420
0.29999998211860657,16,0.29999998211860657,643.4141845703125,7764,0.29999998211860657,0.29999998211860657,0.29999998211860657,0.29999998211860657,0.29999998211860657,0.29999998211860657,45088768,0.29999998211860657,1.6336215437146229,0.29999998211860657,0.29999998211860657,1.9189189189189189,0.0028631591796875,0.7972972972972973,1.518283783783785,0.29999998211860657,28,0.9375,919.45,0.29999998211860657,1.0,0.29999998211860657,0.29999998211860657,0.29999998211860657,0.29999998211860657,0.29999998211860657,0.29999998211860657,5807,0.29999998211860657,0.29999998211860657,0.20270270270270271,0.29999998211860657,0.29999998211860657,0.29999998211860657,0.29999998211860657,344,0.29999998211860657,0.29999998211860657,0.1,0.7272727272727273,0.0017642713,24,1e-05,23,-0.06602054834365845,0.8059902787208557,0.30000001192092896,22,-5.374142646789551,0.0,24,0.2,0.8181818181818182,11,0.9166666666666666,0.782608695652174,118,0.06886749267578125,0.4166666666666667,-0.003865058429846613,0.2137110595824197,3430
0.29999998211860657,14,0.29999998211860657,598.3056640625,7765,0.29999998211860657,0.29999998211860657,0.29999998211860657,0.29999998211860657,0.29999998211860657,0.29999998211860657,45219840,0.29999998211860657,1.8602589335873896,0.29999998211860657,0.29999998211860657,1.8866666666666667,0.00286376953125,0.7466666666666667,1.503240000000001,0.29999998211860657,22,1.0,863.41,0.29999998211860657,1.0,0.29999998211860657,0.29999998211860657,0.29999998211860657,0.29999998211860657,0.29999998211860657,0.29999998211860657,5823,0.29999998211860657,0.29999998211860657,0.25333333333333335,0.29999998211860657,0.29999998211860657,0.29999998211860657,0.29999998211860657,345,0.29999998211860657,0.29999998211860657,0.1,0.6,0.001841943,21,1e-05,29,-0.04620760679244995,0.7643181681632996,0.30000001192092896,25,-5.374142646789551,0.0,16,0.2,1.0,23,0.8571428571428571,0.4827586206896552,112,0.07551345825195313,0.375,-0.0038461655090031854,0.28123653680086136,3440
0.29999998211860657,9,0.29999998211860657,587.51416015625,7766,0.29999998211860657,0.29999998211860657,0.29999998211860657,0.29999998211860657,0.29999998211860657,0.29999998211860657,45350912,0.29999998211860657,1.6829179024521626,0.29999998211860657,0.29999998211860657,1.943661971830986,0.0028707885742187502,0.7253521126760564,1.5206760563380295,0.29999998211860657,28,0.8888888888888888,851.66,0.29999998211860657,1.0,0.29999998211860657,0.29999998211860657,0.29999998211860657,0.29999998211860657,0.29999998211860657,0.29999998211860657,5839,0.29999998211860657,0.29999998211860657,0.2746478873239437,0.29999998211860657,0.29999998211860657,0.29999998211860657,0.29999998211860657,346,0.29999998211860657,0.29999998211860657,0.1,0.5217391304347826,0.0017958835,13,1e-05,35,0.05667698383331299,0.7840559482574463,0.30000001192092896,23,-5.374142646789551,0.0,20,0.2,0.7857142857142857,14,1.0,0.4857142857142857,103,0.06884841918945313,0.7,-0.0037316785480015825,0.30772947447840127,3450
0.29999998211860657,24,0.29999998211860657,649.32275390625,7767,0.29999998211860657,0.29999998211860657,0.29999998211860657,0.29999998211860657,0.29999998211860657,0.29999998211860657,45481984,0.29999998211860657,1.6612179521094865,0.29999998211860657,0.29999998211860657,2.1232876712328768,0.0029235839843750003,0.8356164383561644,1.5166164383561656,0.29999998211860657,21,0.875,936.46,0.29999998211860657,1.0,0.29999998211860657,0.29999998211860657,0.29999998211860657,0.29999998211860657,0.29999998211860657,0.29999998211860657,5855,0.29999998211860657,0.29999998211860657,0.1643835616438356,0.29999998211860657,0.29999998211860657,0.29999998211860657,0.29999998211860657,347,0.29999998211860657,0.29999998211860657,0.1,0.85,0.0018277797,13,1e-05,26,0.022867918014526367,0.7970507144927979,0.30000001192092896,20,-5.374142646789551,0.0,18,0.2,0.9166666666666666,24,1.0,0.6538461538461539,122,0.06879653930664062,0.6111111111111112,-0.0036434874532460526,0.33107512366259473,3460
0.29999998211860657,17,0.29999998211860657,627.0059204101562,7769,0.29999998211860657,0.29999998211860657,0.29999998211860657,0.29999998211860657,0.29999998211860657,0.29999998211860657,45613056,0.29999998211860657,1.5405055863906327,0.29999998211860657,0.29999998211860657,1.8865248226950355,0.0028875732421875,0.8085106382978723,1.5239148936170221,0.29999998211860657,25,1.0,905.97,0.29999998211860657,1.0,0.29999998211860657,0.29999998211860657,0.29999998211860657,0.29999998211860657,0.29999998211860657,0.29999998211860657,5871,0.29999998211860657,0.29999998211860657,0.19148936170212766,0.29999998211860657,0.29999998211860657,0.29999998211860657,0.29999998211860657,348,0.29999998211860657,0.29999998211860657,0.1,0.5,0.0018057618,17,1e-05,22,0.0867515504360199,0.7334095239639282,0.30000001192092896,16,-5.374142646789551,0.0,23,0.2,0.9523809523809523,21,0.7647058823529411,0.7727272727272727,114,0.0704010009765625,0.6086956521739131,-0.003566254613588171,0.2443420056195464,3470
0.29999998211860657,19,0.29999998211860657,619.711669921875,7770,0.29999998211860657,0.29999998211860657,0.29999998211860657,0.29999998211860657,0.29999998211860657,0.29999998211860657,45744128,0.29999998211860657,1.762801362546861,0.29999998211860657,0.29999998211860657,2.171232876712329,0.00288726806640625,0.815068493150685,1.49695890410959,0.29999998211860657,15,0.9473684210526315,894.19,0.29999998211860657,1.0,0.29999998211860657,0.29999998211860657,0.29999998211860657,0.29999998211860657,0.29999998211860657,0.29999998211860657,5887,0.29999998211860657,0.29999998211860657,0.18493150684931506,0.29999998211860657,0.29999998211860657,0.29999998211860657,0.29999998211860657,349,0.29999998211860657,0.29999998211860657,0.1,0.625,0.0018414374,21,1e-05,26,-0.12885454297065735,0.7773049473762512,0.30000001192092896,32,-5.374142646789551,0.0,16,0.2,1.0,17,0.9523809523809523,0.7307692307692307,119,0.0722991943359375,0.625,-0.003875180809018275,0.2635074235033244,3480
0.29999998211860657,17,0.29999998211860657,623.7406005859375,7771,0.29999998211860657,0.29999998211860657,0.29999998211860657,0.29999998211860657,0.29999998211860657,0.29999998211860657,45875200,0.29999998211860657,1.6708762539731603,0.29999998211860657,0.29999998211860657,1.9148936170212767,0.002939453125,0.8085106382978723,1.5026099290780153,0.29999998211860657,28,0.8235294117647058,897.48,0.29999998211860657,1.0,0.29999998211860657,0.29999998211860657,0.29999998211860657,0.29999998211860657,0.29999998211860657,0.29999998211860657,5903,0.29999998211860657,0.29999998211860657,0.19148936170212766,0.29999998211860657,0.29999998211860657,0.29999998211860657,0.29999998211860657,350,0.29999998211860657,0.29999998211860657,0.1,0.6923076923076923,0.001766846,12,1e-05,23,-0.025957047939300537,0.7847622632980347,0.30000001192092896,26,-5.374142646789551,0.0,19,0.2,0.875,16,1.0,0.6086956521739131,114,0.068170166015625,0.7368421052631579,-0.003787566053597402,0.24965355824679136,3490
0.29999998211860657,17,0.29999998211860657,642.3953247070312,7772,0.29999998211860657,0.29999998211860657,0.29999998211860657,0.29999998211860657,0.29999998211860657,0.29999998211860657,46006272,0.29999998211860657,1.650554963022142,0.29999998211860657,0.29999998211860657,1.9586206896551723,0.0029031372070312503,0.8275862068965517,1.4916827586206907,0.29999998211860657,21,0.9411764705882353,925.68,0.29999998211860657,1.0,0.29999998211860657,0.29999998211860657,0.29999998211860657,0.29999998211860657,0.29999998211860657,0.29999998211860657,5919,0.29999998211860657,0.29999998211860657,0.1724137931034483,0.29999998211860657,0.29999998211860657,0.29999998211860657,0.29999998211860657,351,0.29999998211860657,0.29999998211860657,0.1,0.625,0.0017985166,20,1e-05,24,0.09746462106704712,0.725299596786499,0.30000001192092896,16,-5.374142646789551,0.0,24,0.2,0.9130434782608695,23,0.95,0.7083333333333334,120,0.06758804321289062,0.6666666666666666,-0.003676584039658337,0.2767629393958487,3500
0.29999998211860657,15,0.29999998211860657,639.677978515625,7773,0.29999998211860657,0.29999998211860657,0.29999998211860657,0.29999998211860657,0.29999998211860657,0.29999998211860657,46137344,0.29999998211860657,1.6863956786999565,0.29999998211860657,0.29999998211860657,2.1560283687943262,0.0029141235351562503,0.8226950354609929,1.496382978723405,0.29999998211860657,23,1.0,917.19,0.29999998211860657,1.0,0.29999998211860657,0.29999998211860657,0.29999998211860657,0.29999998211860657,0.29999998211860657,0.29999998211860657,5935,0.29999998211860657,0.29999998211860657,0.1773049645390071,0.29999998211860657,0.29999998211860657,0.29999998211860657,0.29999998211860657,352,0.29999998211860657,0.29999998211860657,0.1,0.8636363636363636,0.0018894887,12,1e-05,34,-0.030465811491012573,0.7748239040374756,0.30000001192092896,22,-5.374142646789551,0.0,20,0.2,0.9333333333333333,15,0.9166666666666666,0.5882352941176471,116,0.07567901611328125,0.7,-0.0037819441484316487,0.2631422317121178,3510
0.29999998211860657,14,0.29999998211860657,638.60595703125,7774,0.29999998211860657,0.29999998211860657,0.29999998211860657,0.29999998211860657,0.29999998211860657,0.29999998211860657,46268416,0.29999998211860657,1.653459445647132,0.29999998211860657,0.29999998211860657,1.9285714285714286,0.0029302978515625003,0.8142857142857143,1.4933000000000012,0.29999998211860657,28,0.9285714285714286,907.6,0.29999998211860657,1.0,0.29999998211860657,0.29999998211860657,0.29999998211860657,0.29999998211860657,0.29999998211860657,0.29999998211860657,5951,0.29999998211860657,0.29999998211860657,0.18571428571428572,0.29999998211860657,0.29999998211860657,0.29999998211860657,0.29999998211860657,353,0.29999998211860657,0.29999998211860657,0.1,0.5,0.0017714084,15,1e-05,21,0.07248783111572266,0.7670217156410217,0.30000001192092896,24,-5.374142646789551,0.0,27,0.2,0.9090909090909091,11,1.0,0.7142857142857143,114,0.0689971923828125,0.7777777777777778,-0.0038861019681462492,0.27743437003809956,3520
0.29999998211860657,24,0.29999998211860657,615.0065307617188,7775,0.29999998211860657,0.29999998211860657,0.29999998211860657,0.29999998211860657,0.29999998211860657,0.29999998211860657,46399488,0.29999998211860657,1.6516103830871425,0.29999998211860657,0.29999998211860657,2.031847133757962,0.00293487548828125,0.7961783439490446,1.5129681528662433,0.29999998211860657,30,0.8333333333333334,881.55,0.29999998211860657,1.0,0.29999998211860657,0.29999998211860657,0.29999998211860657,0.29999998211860657,0.29999998211860657,0.29999998211860657,5967,0.29999998211860657,0.29999998211860657,0.20382165605095542,0.29999998211860657,0.29999998211860657,0.29999998211860657,0.29999998211860657,354,0.29999998211860657,0.29999998211860657,0.1,0.6538461538461539,0.0017452312,15,1e-05,27,0.022197365760803223,0.7657626867294312,0.30000001192092896,26,-5.374142646789551,0.0,18,0.2,0.9411764705882353,17,1.0,0.48148148148148145,125,0.06466217041015625,0.7777777777777778,-0.00364657193504172,0.2198893961205613,3530
0.29999998211860657,14,0.29999998211860657,641.1128540039062,7777,0.29999998211860657,0.29999998211860657,0.29999998211860657,0.29999998211860657,0.29999998211860657,0.29999998211860657,46530560,0.29999998211860657,1.7247715634977328,0.29999998211860657,0.29999998211860657,2.0225563909774436,0.0029904174804687503,0.8270676691729323,1.4918045112781966,0.29999998211860657,20,0.9285714285714286,914.26,0.29999998211860657,1.0,0.29999998211860657,0.29999998211860657,0.29999998211860657,0.29999998211860657,0.29999998211860657,0.29999998211860657,5983,0.29999998211860657,0.29999998211860657,0.17293233082706766,0.29999998211860657,0.29999998211860657,0.29999998211860657,0.29999998211860657,355,0.29999998211860657,0.29999998211860657,0.1,0.7391304347826086,0.0018272074,18,1e-05,23,-0.07828991115093231,0.7636902332305908,0.30000001192092896,23,-5.374142646789551,0.0,21,0.2,0.9285714285714286,14,0.9444444444444444,0.6086956521739131,110,0.07128067016601562,0.7619047619047619,-0.003975371732485656,0.2820992823806591,3540
0.29999998211860657,18,0.29999998211860657,658.305419921875,7778,0.29999998211860657,0.29999998211860657,0.29999998211860657,0.29999998211860657,0.29999998211860657,0.29999998211860657,46661632,0.29999998211860657,1.6706429804860494,0.29999998211860657,0.29999998211860657,1.9865771812080537,0.00302398681640625,0.8859060402684564,1.5011006711409407,0.29999998211860657,25,1.0,939.17,0.29999998211860657,1.0,0.29999998211860657,0.29999998211860657,0.29999998211860657,0.29999998211860657,0.29999998211860657,0.29999998211860657,5999,0.29999998211860657,0.29999998211860657,0.11409395973154363,0.29999998211860657,0.29999998211860657,0.29999998211860657,0.29999998211860657,356,0.29999998211860657,0.29999998211860657,0.1,0.7,0.0018227005,18,1e-05,23,0.009411811828613281,0.7376345992088318,0.30000001192092896,20,-5.374142646789551,0.0,27,0.2,1.0,18,0.9444444444444444,0.782608695652174,132,0.07396087646484376,0.8148148148148148,-0.0037411894915294398,0.23232599981711247,3550
0.29999998211860657,14,0.29999998211860657,619.134033203125,7779,0.29999998211860657,0.29999998211860657,0.29999998211860657,0.29999998211860657,0.29999998211860657,0.29999998211860657,46792704,0.29999998211860657,1.5454005374217095,0.29999998211860657,0.29999998211860657,1.7246376811594204,0.0029803466796875,0.7753623188405797,1.4767971014492767,0.29999998211860657,31,1.0,889.13,0.29999998211860657,1.0,0.29999998211860657,0.29999998211860657,0.29999998211860657,0.29999998211860657,0.29999998211860657,0.29999998211860657,6015,0.29999998211860657,0.29999998211860657,0.2246376811594203,0.29999998211860657,0.29999998211860657,0.29999998211860657,0.29999998211860657,357,0.29999998211860657,0.29999998211860657,0.1,0.7142857142857143,0.001792209,13,1e-05,15,-0.029643043875694275,0.8074336051940918,0.30000001192092896,21,-5.374142646789551,0.0,28,0.2,0.75,16,1.0,0.6,107,0.06992416381835938,0.4642857142857143,-0.00383924402917728,0.19648066017543897,3560
0.29999998211860657,17,0.29999998211860657,661.7318115234375,7780,0.29999998211860657,0.29999998211860657,0.29999998211860657,0.29999998211860657,0.29999998211860657,0.29999998211860657,46923776,0.29999998211860657,1.5409680654413034,0.29999998211860657,0.29999998211860657,1.889655172413793,0.0030474853515625004,0.8689655172413793,1.506937931034484,0.29999998211860657,27,1.0,944.73,0.29999998211860657,1.0,0.29999998211860657,0.29999998211860657,0.29999998211860657,0.29999998211860657,0.29999998211860657,0.29999998211860657,6030,0.29999998211860657,0.29999998211860657,0.1310344827586207,0.29999998211860657,0.29999998211860657,0.29999998211860657,0.29999998211860657,358,0.29999998211860657,0.29999998211860657,0.1,0.6086956521739131,0.0018178285,13,1e-05,19,-0.09213168919086456,0.7847340703010559,0.30000001192092896,23,-5.374142646789551,0.0,27,0.2,1.0,19,1.0,0.7894736842105263,126,0.07387542724609375,0.7777777777777778,-0.0040295722214523265,0.28493355741957205,3570
0.29999998211860657,15,0.29999998211860657,622.3265380859375,7781,0.29999998211860657,0.29999998211860657,0.29999998211860657,0.29999998211860657,0.29999998211860657,0.29999998211860657,47054848,0.29999998211860657,1.738299203428077,0.29999998211860657,0.29999998211860657,2.0492957746478875,0.0030685424804687503,0.795774647887324,1.5150422535211276,0.29999998211860657,22,0.8,894.0,0.29999998211860657,1.0,0.29999998211860657,0.29999998211860657,0.29999998211860657,0.29999998211860657,0.29999998211860657,0.29999998211860657,6046,0.29999998211860657,0.29999998211860657,0.20422535211267606,0.29999998211860657,0.29999998211860657,0.29999998211860657,0.29999998211860657,359,0.29999998211860657,0.29999998211860657,0.1,0.5714285714285714,0.0017727572,18,1e-05,22,-0.14057689905166626,0.7682195901870728,0.30000001192092896,21,-5.374142646789551,0.0,30,0.2,1.0,14,1.0,0.6363636363636364,113,0.06687698364257813,0.7,-0.003584888918976503,0.19801106146769598,3580
0.29999998211860657,17,0.29999998211860657,636.4759521484375,7782,0.29999998211860657,0.29999998211860657,0.29999998211860657,0.29999998211860657,0.29999998211860657,0.29999998211860657,47185920,0.29999998211860657,1.7008869051628017,0.29999998211860657,0.29999998211860657,2.204225352112676,0.00300537109375,0.8028169014084507,1.5017464788732406,0.29999998211860657,24,0.7647058823529411,917.38,0.29999998211860657,0.9583333333333334,0.29999998211860657,0.29999998211860657,0.29999998211860657,0.29999998211860657,0.29999998211860657,0.29999998211860657,6062,0.29999998211860657,0.29999998211860657,0.19718309859154928,0.29999998211860657,0.29999998211860657,0.29999998211860657,0.29999998211860657,360,0.29999998211860657,0.29999998211860657,0.1,0.7391304347826086,0.0017907006,14,1e-05,30,-0.024799644947052002,0.7749621272087097,0.30000001192092896,23,-5.374142646789551,0.0,24,0.2,0.9,10,1.0,0.6666666666666666,114,0.06954879760742187,0.75,-0.0035698630581464386,0.2783879452734254,3590
0.29999998211860657,15,0.29999998211860657,670.56201171875,7783,0.29999998211860657,0.29999998211860657,0.29999998211860657,0.29999998211860657,0.29999998211860657,0.29999998211860657,47316992,0.29999998211860657,1.6530468851644824,0.29999998211860657,0.29999998211860657,1.9465648854961832,0.0030670166015625,0.9007633587786259,1.4746106870229019,0.29999998211860657,19,1.0,959.6,0.29999998211860657,1.0,0.29999998211860657,0.29999998211860657,0.29999998211860657,0.29999998211860657,0.29999998211860657,0.29999998211860657,6078,0.29999998211860657,0.29999998211860657,0.09923664122137404,0.29999998211860657,0.29999998211860657,0.29999998211860657,0.29999998211860657,361,0.29999998211860657,0.29999998211860657,0.1,0.7692307692307693,0.0017889576,20,1e-05,21,-0.03439474105834961,0.7898885607719421,0.30000001192092896,13,-5.374142646789551,0.0,23,0.2,0.95,20,1.0,0.7142857142857143,118,0.0702484130859375,0.8695652173913043,-0.0038245503729285703,0.28209593730280175,3600
0.29999998211860657,19,0.29999998211860657,644.480224609375,7784,0.29999998211860657,0.29999998211860657,0.29999998211860657,0.29999998211860657,0.29999998211860657,0.29999998211860657,47448064,0.29999998211860657,1.6563345404264467,0.29999998211860657,0.29999998211860657,1.9870129870129871,0.00298828125,0.8506493506493507,1.4946103896103908,0.29999998211860657,24,1.0,919.26,0.29999998211860657,1.0,0.29999998211860657,0.29999998211860657,0.29999998211860657,0.29999998211860657,0.29999998211860657,0.29999998211860657,6095,0.29999998211860657,0.29999998211860657,0.14935064935064934,0.29999998211860657,0.29999998211860657,0.29999998211860657,0.29999998211860657,362,0.29999998211860657,0.29999998211860657,0.1,0.6551724137931034,0.0017822573,19,1e-05,23,-0.1544630527496338,0.7281372547149658,0.30000001192092896,29,-5.374142646789551,0.0,22,0.2,0.9444444444444444,18,0.8947368421052632,0.8260869565217391,131,0.06572036743164063,0.7272727272727273,-0.003982000350606541,0.15566960289143025,3610
0.29999998211860657,19,0.29999998211860657,638.0587158203125,7785,0.29999998211860657,0.29999998211860657,0.29999998211860657,0.29999998211860657,0.29999998211860657,0.29999998211860657,47579136,0.29999998211860657,1.649962847043305,0.29999998211860657,0.29999998211860657,2.2519083969465647,0.00306915283203125,0.8091603053435115,1.4888854961832072,0.29999998211860657,21,0.9473684210526315,914.17,0.29999998211860657,1.0,0.29999998211860657,0.29999998211860657,0.29999998211860657,0.29999998211860657,0.29999998211860657,0.29999998211860657,6110,0.29999998211860657,0.29999998211860657,0.19083969465648856,0.29999998211860657,0.29999998211860657,0.29999998211860657,0.29999998211860657,363,0.29999998211860657,0.29999998211860657,0.1,0.6875,0.0018498471,13,1e-05,26,-0.05989842116832733,0.7480705976486206,0.30000001192092896,16,-5.374142646789551,0.0,24,0.2,1.0,12,0.8461538461538461,0.6923076923076923,106,0.07067108154296875,0.625,-0.003739361997213564,0.23768893471569755,3620
0.29999998211860657,17,0.29999998211860657,663.469970703125,7786,0.29999998211860657,0.29999998211860657,0.29999998211860657,0.29999998211860657,0.29999998211860657,0.29999998211860657,47710208,0.29999998211860657,1.7045841961570012,0.29999998211860657,0.29999998211860657,2.0065359477124183,0.00306549072265625,0.8627450980392157,1.5156601307189554,0.29999998211860657,21,1.0,951.36,0.29999998211860657,1.0,0.29999998211860657,0.29999998211860657,0.29999998211860657,0.29999998211860657,0.29999998211860657,0.29999998211860657,6127,0.29999998211860657,0.29999998211860657,0.13725490196078433,0.29999998211860657,0.29999998211860657,0.29999998211860657,0.29999998211860657,364,0.29999998211860657,0.29999998211860657,0.1,0.8260869565217391,0.0017752198,21,1e-05,20,-0.0788053572177887,0.7731841802597046,0.30000001192092896,23,-5.374142646789551,0.0,32,0.2,1.0,19,1.0,0.7,132,0.0650665283203125,0.65625,-0.0037770100668240046,0.21845892267301678,3630
0.29999998211860657,15,0.29999998211860657,628.6542358398438,7788,0.29999998211860657,0.29999998211860657,0.29999998211860657,0.29999998211860657,0.29999998211860657,0.29999998211860657,47841280,0.29999998211860657,1.6491597512299516,0.29999998211860657,0.29999998211860657,1.9274193548387097,0.0031121826171875,0.7983870967741935,1.4967258064516145,0.29999998211860657,22,1.0,902.98,0.29999998211860657,1.0,0.29999998211860657,0.29999998211860657,0.29999998211860657,0.29999998211860657,0.29999998211860657,0.29999998211860657,6142,0.29999998211860657,0.29999998211860657,0.20161290322580644,0.29999998211860657,0.29999998211860657,0.29999998211860657,0.29999998211860657,365,0.29999998211860657,0.29999998211860657,0.1,0.6111111111111112,0.0017362295,15,1e-05,18,-0.09416216611862183,0.7658260464668274,0.30000001192092896,18,-5.374142646789551,0.0,21,0.2,0.8666666666666667,15,0.8666666666666667,0.6111111111111112,99,0.06417999267578126,0.6666666666666666,-0.003620850127936137,0.2140078736410942,3640
0.29999998211860657,16,0.29999998211860657,654.5449829101562,7789,0.29999998211860657,0.29999998211860657,0.29999998211860657,0.29999998211860657,0.29999998211860657,0.29999998211860657,47972352,0.29999998211860657,1.4839585596094902,0.29999998211860657,0.29999998211860657,1.7037037037037037,0.00306396484375,0.8580246913580247,1.486209876543211,0.29999998211860657,36,1.0,933.48,0.29999998211860657,0.9722222222222222,0.29999998211860657,0.29999998211860657,0.29999998211860657,0.29999998211860657,0.29999998211860657,0.29999998211860657,6158,0.29999998211860657,0.29999998211860657,0.1419753086419753,0.29999998211860657,0.29999998211860657,0.29999998211860657,0.29999998211860657,366,0.29999998211860657,0.29999998211860657,0.1,0.6666666666666666,0.001804227,18,1e-05,16,0.10929316282272339,0.751469612121582,0.30000001192092896,21,-5.374142646789551,0.0,36,0.2,0.9473684210526315,19,1.0,0.5625,139,0.06811294555664063,0.8055555555555556,-0.0038727170944184764,0.2536979168304242,3650
0.29999998211860657,14,0.29999998211860657,652.3629150390625,7790,0.29999998211860657,0.29999998211860657,0.29999998211860657,0.29999998211860657,0.29999998211860657,0.29999998211860657,48103424,0.29999998211860657,1.7658582801834788,0.29999998211860657,0.29999998211860657,1.910569105691057,0.003026123046875,0.7886178861788617,1.4998211382113833,0.29999998211860657,22,0.8571428571428571,930.27,0.29999998211860657,1.0,0.29999998211860657,0.29999998211860657,0.29999998211860657,0.29999998211860657,0.29999998211860657,0.29999998211860657,6174,0.29999998211860657,0.29999998211860657,0.21138211382113822,0.29999998211860657,0.29999998211860657,0.29999998211860657,0.29999998211860657,367,0.29999998211860657,0.29999998211860657,0.1,0.65,0.001851748,10,1e-05,20,-0.03881271183490753,0.7726551294326782,0.30000001192092896,20,-5.374142646789551,0.0,19,0.2,1.0,18,0.9,0.4,97,0.07317352294921875,0.7894736842105263,-0.003907672457762601,0.2378977820975706,3660
0.29999998211860657,20,0.29999998211860657,656.875244140625,7791,0.29999998211860657,0.29999998211860657,0.29999998211860657,0.29999998211860657,0.29999998211860657,0.29999998211860657,48234496,0.29999998211860657,1.6131035321288834,0.29999998211860657,0.29999998211860657,2.0915032679738563,0.00313262939453125,0.8366013071895425,1.4901437908496744,0.29999998211860657,29,0.9,930.66,0.29999998211860657,0.9655172413793104,0.29999998211860657,0.29999998211860657,0.29999998211860657,0.29999998211860657,0.29999998211860657,0.29999998211860657,6190,0.29999998211860657,0.29999998211860657,0.16339869281045752,0.29999998211860657,0.29999998211860657,0.29999998211860657,0.29999998211860657,368,0.29999998211860657,0.29999998211860657,0.1,0.6818181818181818,0.0018551764,19,1e-05,30,-0.055338695645332336,0.7472211122512817,0.30000001192092896,22,-5.374142646789551,0.0,22,0.2,1.0,11,0.9473684210526315,0.6333333333333333,128,0.07066116333007813,0.8636363636363636,-0.003624011891770351,0.23548895794083363,3670
0.29999998211860657,19,0.29999998211860657,646.3833618164062,7792,0.29999998211860657,0.29999998211860657,0.29999998211860657,0.29999998211860657,0.29999998211860657,0.29999998211860657,48365568,0.29999998211860657,1.7101506581042294,0.29999998211860657,0.29999998211860657,2.2578125,0.00305633544921875,0.84375,1.5002656250000013,0.29999998211860657,22,0.9473684210526315,925.91,0.29999998211860657,1.0,0.29999998211860657,0.29999998211860657,0.29999998211860657,0.29999998211860657,0.29999998211860657,0.29999998211860657,6206,0.29999998211860657,0.29999998211860657,0.15625,0.29999998211860657,0.29999998211860657,0.29999998211860657,0.29999998211860657,369,0.29999998211860657,0.29999998211860657,0.1,0.7333333333333333,0.0018346044,18,1e-05,30,-0.023383259773254395,0.7632440328598022,0.30000001192092896,15,-5.374142646789551,0.0,16,0.2,0.875,8,1.0,0.6666666666666666,108,0.07161026000976563,0.75,-0.0038103075979961432,0.2421963678614702,3680
0.29999998211860657,16,0.29999998211860657,673.5482788085938,7793,0.29999998211860657,0.29999998211860657,0.29999998211860657,0.29999998211860657,0.29999998211860657,0.29999998211860657,48496640,0.29999998211860657,1.5954458962907643,0.29999998211860657,0.29999998211860657,1.7152317880794703,0.0031109619140625004,0.8874172185430463,1.4927682119205308,0.29999998211860657,31,1.0,960.4,0.29999998211860657,1.0,0.29999998211860657,0.29999998211860657,0.29999998211860657,0.29999998211860657,0.29999998211860657,0.29999998211860657,6222,0.29999998211860657,0.29999998211860657,0.11258278145695365,0.29999998211860657,0.29999998211860657,0.29999998211860657,0.29999998211860657,370,0.29999998211860657,0.29999998211860657,0.1,0.7619047619047619,0.0018204425,19,1e-05,20,-0.07591289281845093,0.7725409865379333,0.30000001192092896,21,-5.374142646789551,0.0,23,0.2,0.9523809523809523,21,1.0,0.7,134,0.06890640258789063,0.782608695652174,-0.00348348988586622,0.2149226872366853,3690
0.29999998211860657,10,0.29999998211860657,623.501220703125,7794,0.29999998211860657,0.29999998211860657,0.29999998211860657,0.29999998211860657,0.29999998211860657,0.29999998211860657,48627712,0.29999998211860657,1.8304213300803578,0.29999998211860657,0.29999998211860657,2.0,0.00311431884765625,0.7971014492753623,1.478710144927537,0.29999998211860657,20,0.9,898.04,0.29999998211860657,0.95,0.29999998211860657,0.29999998211860657,0.29999998211860657,0.29999998211860657,0.29999998211860657,0.29999998211860657,6238,0.29999998211860657,0.29999998211860657,0.2028985507246377,0.29999998211860657,0.29999998211860657,0.29999998211860657,0.29999998211860657,371,0.29999998211860657,0.29999998211860657,0.1,0.5789473684210527,0.0017758321,21,1e-05,28,-0.03832349181175232,0.7813549041748047,0.30000001192092896,19,-5.374142646789551,0.0,25,0.2,1.0,15,0.9047619047619048,0.6428571428571429,110,0.07018585205078125,0.76,-0.0036143101473498974,0.19692584572476335,3700
0.29999998211860657,21,0.29999998211860657,642.6240234375,7795,0.29999998211860657,0.29999998211860657,0.29999998211860657,0.29999998211860657,0.29999998211860657,0.29999998211860657,48758784,0.29999998211860657,1.6791434852230924,0.29999998211860657,0.29999998211860657,2.1301369863013697,0.0031179809570312496,0.8493150684931506,1.4991643835616448,0.29999998211860657,26,0.9047619047619048,921.17,0.29999998211860657,1.0,0.29999998211860657,0.29999998211860657,0.29999998211860657,0.29999998211860657,0.29999998211860657,0.29999998211860657,6254,0.29999998211860657,0.29999998211860657,0.1506849315068493,0.29999998211860657,0.29999998211860657,0.29999998211860657,0.29999998211860657,372,0.29999998211860657,0.29999998211860657,0.1,0.8421052631578947,0.0017201065,12,1e-05,26,0.06621873378753662,0.7997407913208008,0.30000001192092896,19,-5.374142646789551,0.0,26,0.2,1.0,16,1.0,0.8461538461538461,124,0.065875244140625,0.5,-0.003791459380863671,0.24962835538899525,3710
0.29999998211860657,20,0.29999998211860657,654.9679565429688,7796,0.29999998211860657,0.29999998211860657,0.29999998211860657,0.29999998211860657,0.29999998211860657,0.29999998211860657,48889856,0.29999998211860657,1.6924221283175114,0.29999998211860657,0.29999998211860657,2.139705882352941,0.00317840576171875,0.8529411764705882,1.4832352941176483,0.29999998211860657,24,1.0,938.32,0.29999998211860657,1.0,0.29999998211860657,0.29999998211860657,0.29999998211860657,0.29999998211860657,0.29999998211860657,0.29999998211860657,6270,0.29999998211860657,0.29999998211860657,0.14705882352941177,0.29999998211860657,0.29999998211860657,0.29999998211860657,0.29999998211860657,373,0.29999998211860657,0.29999998211860657,0.1,0.6923076923076923,0.0017793714,14,1e-05,22,-0.0028038322925567627,0.773323118686676,0.30000001192092896,13,-5.374142646789551,0.0,29,0.2,1.0,14,1.0,0.5909090909090909,116,0.0661163330078125,0.7586206896551724,-0.0037478468892913953,0.22972481194883584,3720
0.29999998211860657,16,0.29999998211860657,669.2597045898438,7797,0.29999998211860657,0.29999998211860657,0.29999998211860657,0.29999998211860657,0.29999998211860657,0.29999998211860657,49020928,0.29999998211860657,1.531754703319886,0.29999998211860657,0.29999998211860657,1.9565217391304348,0.00321441650390625,0.8913043478260869,1.497826086956523,0.29999998211860657,26,0.9375,950.74,0.29999998211860657,1.0,0.29999998211860657,0.29999998211860657,0.29999998211860657,0.29999998211860657,0.29999998211860657,0.29999998211860657,6286,0.29999998211860657,0.29999998211860657,0.10869565217391304,0.29999998211860657,0.29999998211860657,0.29999998211860657,0.29999998211860657,374,0.29999998211860657,0.29999998211860657,0.1,0.75,0.0017071255,13,1e-05,28,0.035040855407714844,0.7785096764564514,0.30000001192092896,20,-5.374142646789551,0.0,17,0.2,0.8888888888888888,18,0.9230769230769231,0.8571428571428571,123,0.06264419555664062,0.8823529411764706,-0.003529048088603304,0.1901676205918193,3730
0.29999998211860657,24,0.29999998211860657,647.1239624023438,7798,0.29999998211860657,0.29999998211860657,0.29999998211860657,0.29999998211860657,0.29999998211860657,0.29999998211860657,49152000,0.29999998211860657,1.765053642631367,0.29999998211860657,0.29999998211860657,2.3405797101449277,0.00322906494140625,0.8478260869565217,1.4821884057971024,0.29999998211860657,19,1.0,927.98,0.29999998211860657,1.0,0.29999998211860657,0.29999998211860657,0.29999998211860657,0.29999998211860657,0.29999998211860657,0.29999998211860657,6302,0.29999998211860657,0.29999998211860657,0.15217391304347827,0.29999998211860657,0.29999998211860657,0.29999998211860657,0.29999998211860657,375,0.29999998211860657,0.29999998211860657,0.1,0.8181818181818182,0.0017454429,16,1e-05,30,-0.056134968996047974,0.777361273765564,0.30000001192092896,22,-5.374142646789551,0.0,14,0.2,1.0,13,0.875,0.6,117,0.06818084716796875,0.7857142857142857,-0.0037167530130318483,0.19211538588861005,3740
0.29999998211860657,10,0.29999998211860657,658.5158081054688,7799,0.29999998211860657,0.29999998211860657,0.29999998211860657,0.29999998211860657,0.29999998211860657,0.29999998211860657,49283072,0.29999998211860657,1.6626228960095897,0.29999998211860657,0.29999998211860657,1.6573426573426573,0.0032058715820312503,0.8461538461538461,1.4868671328671341,0.29999998211860657,24,1.0,938.42,0.29999998211860657,1.0,0.29999998211860657,0.29999998211860657,0.29999998211860657,0.29999998211860657,0.29999998211860657,0.29999998211860657,6318,0.29999998211860657,0.29999998211860657,0.15384615384615385,0.29999998211860657,0.29999998211860657,0.29999998211860657,0.29999998211860657,376,0.29999998211860657,0.29999998211860657,0.1,0.9523809523809523,0.001796274,22,1e-05,18,0.0493721067905426,0.7665528059005737,0.30000001192092896,21,-5.374142646789551,0.0,25,0.2,0.9565217391304348,23,0.8181818181818182,0.6666666666666666,121,0.0703857421875,0.6,-0.0038538483296633786,0.2182282650785055,3750
0.29999998211860657,20,0.29999998211860657,661.415771484375,7800,0.29999998211860657,0.29999998211860657,0.29999998211860657,0.29999998211860657,0.29999998211860657,0.29999998211860657,49414144,0.29999998211860657,1.6939927541713657,0.29999998211860657,0.29999998211860657,2.076923076923077,0.0031506347656250003,0.8384615384615385,1.496123076923078,0.29999998211860657,18,0.85,946.26,0.29999998211860657,1.0,0.29999998211860657,0.29999998211860657,0.29999998211860657,0.29999998211860657,0.29999998211860657,0.29999998211860657,6334,0.29999998211860657,0.29999998211860657,0.16153846153846155,0.29999998211860657,0.29999998211860657,0.29999998211860657,0.29999998211860657,377,0.29999998211860657,0.29999998211860657,0.1,0.6363636363636364,0.001807549,16,1e-05,17,-0.13795417547225952,0.7282794713973999,0.30000001192092896,22,-5.374142646789551,0.0,20,0.2,0.9411764705882353,17,1.0,0.8823529411764706,109,0.0667449951171875,0.65,-0.003880447225537864,0.2163916502147913,3760
0.29999998211860657,16,0.29999998211860657,666.029296875,7801,0.29999998211860657,0.29999998211860657,0.29999998211860657,0.29999998211860657,0.29999998211860657,0.29999998211860657,49545216,0.29999998211860657,1.6132507646402465,0.29999998211860657,0.29999998211860657,1.9102564102564104,0.0031695556640625,0.8653846153846154,1.491794871794873,0.29999998211860657,27,1.0,949.73,0.29999998211860657,1.0,0.29999998211860657,0.29999998211860657,0.29999998211860657,0.29999998211860657,0.29999998211860657,0.29999998211860657,6350,0.29999998211860657,0.29999998211860657,0.1346153846153846,0.29999998211860657,0.29999998211860657,0.29999998211860657,0.29999998211860657,378,0.29999998211860657,0.29999998211860657,0.1,0.7894736842105263,0.0018589734,24,1e-05,30,-0.03473910689353943,0.6940010786056519,0.30000001192092896,19,-5.374142646789551,0.0,21,0.2,1.0,19,0.9583333333333334,0.8,135,0.07052841186523437,0.5238095238095238,-0.0037113871068413574,0.22393456689896993,3770
0.29999998211860657,19,0.29999998211860657,636.8038940429688,7802,0.29999998211860657,0.29999998211860657,0.29999998211860657,0.29999998211860657,0.29999998211860657,0.29999998211860657,49676288,0.29999998211860657,1.7078016491036807,0.29999998211860657,0.29999998211860657,2.152,0.0031561279296875005,0.816,1.4963360000000012,0.29999998211860657,18,0.8947368421052632,908.7,0.29999998211860657,1.0,0.29999998211860657,0.29999998211860657,0.29999998211860657,0.29999998211860657,0.29999998211860657,0.29999998211860657,6366,0.29999998211860657,0.29999998211860657,0.184,0.29999998211860657,0.29999998211860657,0.29999998211860657,0.29999998211860657,379,0.29999998211860657,0.29999998211860657,0.1,0.7692307692307693,0.0017156254,17,1e-05,18,-0.09794425964355469,0.7766129374504089,0.30000001192092896,26,-5.374142639711499,0.0,17,0.2,0.9,10,1.0,0.6111111111111112,102,0.06348114013671875,0.5882352941176471,-0.003681355102889938,0.18993128973525017,3780
0.29999998211860657,18,0.29999998211860657,659.462890625,7803,0.29999998211860657,0.29999998211860657,0.29999998211860657,0.29999998211860657,0.29999998211860657,0.29999998211860657,49807360,0.29999998211860657,1.716173956698611,0.29999998211860657,0.29999998211860657,2.106918238993711,0.0031744384765625003,0.8553459119496856,1.4912704402515735,0.29999998211860657,20,1.0,941.57,0.29999998211860657,1.0,0.29999998211860657,0.29999998211860657,0.29999998211860657,0.29999998211860657,0.29999998211860657,0.29999998211860657,6382,0.29999998211860657,0.29999998211860657,0.14465408805031446,0.29999998211860657,0.29999998211860657,0.29999998211860657,0.29999998211860657,380,0.29999998211860657,0.29999998211860657,0.1,0.9523809523809523,0.0018748384,23,1e-05,32,-0.05905692279338837,0.7293521165847778,0.30000001192092896,21,-5.374142646789551,0.0,24,0.2,0.9523809523809523,21,1.0,0.59375,136,0.07625885009765625,0.6666666666666666,-0.0037680307083974183,0.21624756761011668,3790
0.29999998211860657,10,0.29999998211860657,671.9866943359375,7804,0.29999998211860657,0.29999998211860657,0.29999998211860657,0.29999998211860657,0.29999998211860657,0.29999998211860657,49938432,0.29999998211860657,1.5489554258588987,0.29999998211860657,0.29999998211860657,1.7217391304347827,0.0031726074218750002,0.9130434782608695,1.4824695652173923,0.29999998211860657,24,1.0,949.96,0.29999998211860657,1.0,0.29999998211860657,0.29999998211860657,0.29999998211860657,0.29999998211860657,0.29999998211860657,0.29999998211860657,6398,0.29999998211860657,0.29999998211860657,0.08695652173913043,0.29999998211860657,0.29999998211860657,0.29999998211860657,0.29999998211860657,381,0.29999998211860657,0.29999998211860657,0.1,0.85,0.0017342793,16,1e-05,17,-0.017058640718460083,0.7719643115997314,0.30000001192092896,20,-5.374142646789551,0.0,16,0.2,1.0,12,1.0,0.7058823529411765,105,0.0671356201171875,0.875,-0.003810885743405379,0.2027138928999193,3800
0.29999998211860657,26,0.29999998211860657,673.8611450195312,7805,0.29999998211860657,0.29999998211860657,0.29999998211860657,0.29999998211860657,0.29999998211860657,0.29999998211860657,50069504,0.29999998211860657,1.5529385896517556,0.29999998211860657,0.29999998211860657,2.265432098765432,0.00321746826171875,0.9012345679012346,1.4825925925925938,0.29999998211860657,25,0.9615384615384616,959.19,0.29999998211860657,1.0,0.29999998211860657,0.29999998211860657,0.29999998211860657,0.29999998211860657,0.29999998211860657,0.29999998211860657,6414,0.29999998211860657,0.29999998211860657,0.09876543209876543,0.29999998211860657,0.29999998211860657,0.29999998211860657,0.29999998211860657,382,0.29999998211860657,0.29999998211860657,0.1,0.9,0.0016562297,19,1e-05,35,-0.10976199805736542,0.6818091869354248,0.30000001192092896,20,-5.374142646789551,0.0,21,0.2,0.875,16,0.9473684210526315,0.8285714285714286,146,0.05865631103515625,0.8095238095238095,-0.0034573693374568394,0.14597384692169726,3810
0.29999998211860657,11,0.29999998211860657,634.718505859375,7806,0.29999998211860657,0.29999998211860657,0.29999998211860657,0.29999998211860657,0.29999998211860657,0.29999998211860657,50200576,0.29999998211860657,1.6876180518546255,0.29999998211860657,0.29999998211860657,1.8688524590163935,0.00326904296875,0.7868852459016393,1.4938688524590173,0.29999998211860657,23,1.0,901.32,0.29999998211860657,1.0,0.29999998211860657,0.29999998211860657,0.29999998211860657,0.29999998211860657,0.29999998211860657,0.29999998211860657,6430,0.29999998211860657,0.29999998211860657,0.21311475409836064,0.29999998211860657,0.29999998211860657,0.29999998211860657,0.29999998211860657,383,0.29999998211860657,0.29999998211860657,0.1,0.47368421052631576,0.0017387872,14,1e-05,21,-0.027251064777374268,0.6892038583755493,0.30000001192092896,19,-5.374142646789551,0.0,20,0.2,0.8571428571428571,14,0.9285714285714286,0.7142857142857143,96,0.06628799438476562,0.65,-0.003731383514514164,0.18834955765050837,3820
0.29999998211860657,20,0.29999998211860657,662.7302856445312,7807,0.29999998211860657,0.29999998211860657,0.29999998211860657,0.29999998211860657,0.29999998211860657,0.29999998211860657,50331648,0.29999998211860657,1.5971685426659552,0.29999998211860657,0.29999998211860657,2.05625,0.00327301025390625,0.8625,1.4892750000000012,0.29999998211860657,34,1.0,944.18,0.29999998211860657,0.9705882352941176,0.29999998211860657,0.29999998211860657,0.29999998211860657,0.29999998211860657,0.29999998211860657,0.29999998211860657,6446,0.29999998211860657,0.29999998211860657,0.1375,0.29999998211860657,0.29999998211860657,0.29999998211860657,0.29999998211860657,384,0.29999998211860657,0.29999998211860657,0.1,0.8333333333333334,0.0018136906,16,1e-05,34,-0.07028257846832275,0.7782946825027466,0.30000001192092896,12,-5.374142646789551,0.0,29,0.2,0.8666666666666667,15,1.0,0.6470588235294118,138,0.072454833984375,0.8275862068965517,-0.0040002705062306635,0.22499852946493776,3830
0.29999998211860657,18,0.29999998211860657,636.5853271484375,7808,0.29999998211860657,0.29999998211860657,0.29999998211860657,0.29999998211860657,0.29999998211860657,0.29999998211860657,50462720,0.29999998211860657,1.722600966848315,0.29999998211860657,0.29999998211860657,2.1769230769230767,0.0033041381835937503,0.8307692307692308,1.4641538461538472,0.29999998211860657,17,0.9444444444444444,908.99,0.29999998211860657,1.0,0.29999998211860657,0.29999998211860657,0.29999998211860657,0.29999998211860657,0.29999998211860657,0.29999998211860657,6462,0.29999998211860657,0.29999998211860657,0.16923076923076924,0.29999998211860657,0.29999998211860657,0.29999998211860657,0.29999998211860657,385,0.29999998211860657,0.29999998211860657,0.1,0.75,0.0018064862,11,1e-05,19,0.07486924529075623,0.7611380815505981,0.30000001192092896,24,-5.374142646789551,0.0,25,0.2,1.0,16,0.9090909090909091,0.631578947368421,108,0.069598388671875,0.72,-0.0038932567662868676,0.23255605061422102,3840
0.29999998211860657,20,0.29999998211860657,674.5137329101562,7809,0.29999998211860657,0.29999998211860657,0.29999998211860657,0.29999998211860657,0.29999998211860657,0.29999998211860657,50593792,0.29999998211860657,1.5964409647611906,0.29999998211860657,0.29999998211860657,1.94,0.00332550048828125,0.86,1.4935733333333345,0.29999998211860657,32,0.95,956.83,0.29999998211860657,1.0,0.29999998211860657,0.29999998211860657,0.29999998211860657,0.29999998211860657,0.29999998211860657,0.29999998211860657,6478,0.29999998211860657,0.29999998211860657,0.14,0.29999998211860657,0.29999998211860657,0.29999998211860657,0.29999998211860657,386,0.29999998211860657,0.29999998211860657,0.1,0.8947368421052632,0.0017984988,16,1e-05,25,-0.08881330490112305,0.7228146195411682,0.30000001192092896,19,-5.374142646789551,0.0,23,0.2,1.0,15,0.9375,0.6,129,0.06850357055664062,0.6956521739130435,-0.0035668256858116367,0.224130798317492,3850
0.29999998211860657,10,0.29999998211860657,672.8798217773438,7810,0.29999998211860657,0.29999998211860657,0.29999998211860657,0.29999998211860657,0.29999998211860657,0.29999998211860657,50724864,0.29999998211860657,1.6493688645243016,0.29999998211860657,0.29999998211860657,1.8943089430894309,0.003343505859375,0.9105691056910569,1.503528455284554,0.29999998211860657,20,1.0,958.45,0.29999998211860657,1.0,0.29999998211860657,0.29999998211860657,0.29999998211860657,0.29999998211860657,0.29999998211860657,0.29999998211860657,6494,0.29999998211860657,0.29999998211860657,0.08943089430894309,0.29999998211860657,0.29999998211860657,0.29999998211860657,0.29999998211860657,387,0.29999998211860657,0.29999998211860657,0.1,0.8666666666666667,0.0017272707,16,1e-05,22,-0.12391112744808197,0.7556771636009216,0.30000001192092896,15,-5.374142646789551,0.0,23,0.2,0.9411764705882353,17,1.0,0.8181818181818182,112,0.0681182861328125,0.8260869565217391,-0.003741766147504677,0.17906729253008963,3860
0.29999998211860657,18,0.29999998211860657,668.837158203125,7811,0.29999998211860657,0.29999998211860657,0.29999998211860657,0.29999998211860657,0.29999998211860657,0.29999998211860657,50855936,0.29999998211860657,1.5523717550228173,0.29999998211860657,0.29999998211860657,1.6866666666666668,0.0033343505859375,0.9,1.5053600000000011,0.29999998211860657,31,0.9444444444444444,941.43,0.29999998211860657,1.0,0.29999998211860657,0.29999998211860657,0.29999998211860657,0.29999998211860657,0.29999998211860657,0.29999998211860657,6510,0.29999998211860657,0.29999998211860657,0.1,0.29999998211860657,0.29999998211860657,0.29999998211860657,0.29999998211860657,388,0.29999998211860657,0.29999998211860657,0.1,0.75,0.0018067223,23,1e-05,16,-0.07601495087146759,0.6962307095527649,0.30000001192092896,16,-5.374142646789551,0.0,25,0.2,1.0,21,0.8695652173913043,0.875,135,0.07007904052734375,0.8,-0.0037295420666850986,0.14428890323033555,3870
0.29999998211860657,14,0.29999998211860657,621.3265380859375,7812,0.29999998211860657,0.29999998211860657,0.29999998211860657,0.29999998211860657,0.29999998211860657,0.29999998211860657,50987008,0.29999998211860657,1.6219530248971465,0.29999998211860657,0.29999998211860657,1.9857142857142858,0.0033135986328125004,0.7928571428571428,1.4856857142857154,0.29999998211860657,26,0.9285714285714286,897.71,0.29999998211860657,1.0,0.29999998211860657,0.29999998211860657,0.29999998211860657,0.29999998211860657,0.29999998211860657,0.29999998211860657,6526,0.29999998211860657,0.29999998211860657,0.20714285714285716,0.29999998211860657,0.29999998211860657,0.29999998211860657,0.29999998211860657,389,0.29999998211860657,0.29999998211860657,0.1,0.7727272727272727,0.0017818201,17,1e-05,23,-0.03640522062778473,0.7436819076538086,0.30000001192092896,22,-5.374142646789551,0.0,27,0.2,0.8181818181818182,11,0.8823529411764706,0.5652173913043478,111,0.07088241577148438,0.6666666666666666,-0.003937003260443816,0.1649629233230371,3880
0.29999998211860657,12,0.29999998211860657,670.5115356445312,7813,0.29999998211860657,0.29999998211860657,0.29999998211860657,0.29999998211860657,0.29999998211860657,0.29999998211860657,51118080,0.29999998211860657,1.6306135854871417,0.29999998211860657,0.29999998211860657,1.795774647887324,0.00332275390625,0.8591549295774648,1.481281690140846,0.29999998211860657,28,0.8333333333333334,951.66,0.29999998211860657,0.9642857142857143,0.29999998211860657,0.29999998211860657,0.29999998211860657,0.29999998211860657,0.29999998211860657,0.29999998211860657,6542,0.29999998211860657,0.29999998211860657,0.14084507042253522,0.29999998211860657,0.29999998211860657,0.29999998211860657,0.29999998211860657,390,0.29999998211860657,0.29999998211860657,0.1,0.8695652173913043,0.0019058048,18,1e-05,27,-0.02425992488861084,0.7659417390823364,0.30000001192092896,23,-5.374142646789551,0.0,17,0.2,0.9411764705882353,17,0.9444444444444444,0.7407407407407407,122,0.07392196655273438,0.7058823529411765,-0.003950901384496319,0.25202355955261735,3890
0.29999998211860657,19,0.29999998211860657,679.6248168945312,7814,0.29999998211860657,0.29999998211860657,0.29999998211860657,0.29999998211860657,0.29999998211860657,0.29999998211860657,51249152,0.29999998211860657,1.4856817129111812,0.29999998211860657,0.29999998211860657,1.9767441860465116,0.0033831787109375,0.875968992248062,1.482310077519381,0.29999998211860657,27,0.9473684210526315,959.42,0.29999998211860657,1.0,0.29999998211860657,0.29999998211860657,0.29999998211860657,0.29999998211860657,0.29999998211860657,0.29999998211860657,6558,0.29999998211860657,0.29999998211860657,0.12403100775193798,0.29999998211860657,0.29999998211860657,0.29999998211860657,0.29999998211860657,391,0.29999998211860657,0.29999998211860657,0.1,0.8125,0.0017517037,10,1e-05,25,-0.025560393929481506,0.7531008720397949,0.30000001192092896,16,-5.374142646789551,0.0,15,0.2,1.0,17,1.0,0.64,113,0.066522216796875,0.8,-0.0037482920700313118,0.19924423356424087,3900
0.29999998211860657,19,0.29999998211860657,687.8364868164062,7815,0.29999998211860657,0.29999998211860657,0.29999998211860657,0.29999998211860657,0.29999998211860657,0.29999998211860657,51380224,0.29999998211860657,1.6070877473953875,0.29999998211860657,0.29999998211860657,1.6506849315068493,0.00336090087890625,0.9041095890410958,1.5150410958904121,0.29999998211860657,27,0.9473684210526315,962.0,0.29999998211860657,1.0,0.29999998211860657,0.29999998211860657,0.29999998211860657,0.29999998211860657,0.29999998211860657,0.29999998211860657,6574,0.29999998211860657,0.29999998211860657,0.0958904109589041,0.29999998211860657,0.29999998211860657,0.29999998211860657,0.29999998211860657,392,0.29999998211860657,0.29999998211860657,0.1,0.9130434782608695,0.0018286176,21,1e-05,13,-0.06338201463222504,0.730078399181366,0.30000001192092896,23,-5.374142646789551,0.0,18,0.2,0.96,25,1.0,0.5384615384615384,132,0.0713348388671875,0.7777777777777778,-0.003771450050680869,0.1628833266964648,3910
0.29999998211860657,14,0.29999998211860657,635.1951293945312,7816,0.29999998211860657,0.29999998211860657,0.29999998211860657,0.29999998211860657,0.29999998211860657,0.29999998211860657,51511296,0.29999998211860657,1.5623253154001924,0.29999998211860657,0.29999998211860657,1.9172932330827068,0.00331298828125,0.8421052631578947,1.5114285714285727,0.29999998211860657,26,1.0,899.23,0.29999998211860657,1.0,0.29999998211860657,0.29999998211860657,0.29999998211860657,0.29999998211860657,0.29999998211860657,0.29999998211860657,6590,0.29999998211860657,0.29999998211860657,0.15789473684210525,0.29999998211860657,0.29999998211860657,0.29999998211860657,0.29999998211860657,393,0.29999998211860657,0.29999998211860657,0.1,0.7777777777777778,0.001745235,19,1e-05,21,-0.15642014145851135,0.7368659377098083,0.30000001192092896,18,-5.374142641946674,0.0,24,0.2,1.0,11,0.8947368421052632,0.6666666666666666,112,0.06795730590820312,0.6666666666666666,-0.003788436764625658,0.14858397532370873,3920
0.29999998211860657,21,0.29999998211860657,678.0706787109375,7817,0.29999998211860657,0.29999998211860657,0.29999998211860657,0.29999998211860657,0.29999998211860657,0.29999998211860657,51642368,0.29999998211860657,1.6549035278279252,0.29999998211860657,0.29999998211860657,1.971830985915493,0.0032940673828125,0.9084507042253521,1.492732394366198,0.29999998211860657,25,0.9047619047619048,958.57,0.29999998211860657,1.0,0.29999998211860657,0.29999998211860657,0.29999998211860657,0.29999998211860657,0.29999998211860657,0.29999998211860657,6606,0.29999998211860657,0.29999998211860657,0.09154929577464789,0.29999998211860657,0.29999998211860657,0.29999998211860657,0.29999998211860657,394,0.29999998211860657,0.29999998211860657,0.1,0.95,0.0019087258,16,1e-05,24,-0.11062237620353699,0.7259016633033752,0.30000001192092896,20,-5.374142646789551,0.0,16,0.2,1.0,20,1.0,0.9166666666666666,129,0.07413787841796875,0.5,-0.003842255997187749,0.21352176120853983,3930
0.29999998211860657,10,0.29999998211860657,670.050537109375,7818,0.29999998211860657,0.29999998211860657,0.29999998211860657,0.29999998211860657,0.29999998211860657,0.29999998211860657,51773440,0.29999998211860657,1.5864130579187328,0.29999998211860657,0.29999998211860657,1.7801418439716312,0.00329833984375,0.851063829787234,1.495617021276597,0.29999998211860657,27,1.0,948.06,0.29999998211860657,1.0,0.29999998211860657,0.29999998211860657,0.29999998211860657,0.29999998211860657,0.29999998211860657,0.29999998211860657,6622,0.29999998211860657,0.29999998211860657,0.14893617021276595,0.29999998211860657,0.29999998211860657,0.29999998211860657,0.29999998211860657,395,0.29999998211860657,0.29999998211860657,0.1,0.8181818181818182,0.0018301865,18,1e-05,22,-0.07180364429950714,0.7220489978790283,0.30000001192092896,22,-5.374142646789551,0.0,26,0.2,1.0,16,1.0,0.7272727272727273,120,0.06864166259765625,0.5769230769230769,-0.003416957730132708,0.17995404617395253,3940
0.29999998211860657,15,0.29999998211860657,640.2818603515625,7819,0.29999998211860657,0.29999998211860657,0.29999998211860657,0.29999998211860657,0.29999998211860657,0.29999998211860657,51904512,0.29999998211860657,1.7694600824332685,0.29999998211860657,0.29999998211860657,2.1773049645390072,0.00331878662109375,0.7943262411347518,1.469617021276597,0.29999998211860657,16,0.8,914.37,0.29999998211860657,1.0,0.29999998211860657,0.29999998211860657,0.29999998211860657,0.29999998211860657,0.29999998211860657,0.29999998211860657,6638,0.29999998211860657,0.29999998211860657,0.20567375886524822,0.29999998211860657,0.29999998211860657,0.29999998211860657,0.29999998211860657,396,0.29999998211860657,0.29999998211860657,0.1,0.6190476190476191,0.0017672924,17,1e-05,30,-0.058531373739242554,0.760087788105011,0.30000001192092896,21,-5.374142646789551,0.0,23,0.2,1.0,19,1.0,0.6333333333333333,112,0.06941680908203125,0.6956521739130435,-0.003616008797143877,0.20505394403007812,3950
0.29999998211860657,16,0.29999998211860657,664.8209228515625,7820,0.29999998211860657,0.29999998211860657,0.29999998211860657,0.29999998211860657,0.29999998211860657,0.29999998211860657,52035584,0.29999998211860657,1.7190412879691337,0.29999998211860657,0.29999998211860657,2.090909090909091,0.00347381591796875,0.8461538461538461,1.467874125874127,0.29999998211860657,21,0.8125,948.17,0.29999998211860657,1.0,0.29999998211860657,0.29999998211860657,0.29999998211860657,0.29999998211860657,0.29999998211860657,0.29999998211860657,6653,0.29999998211860657,0.29999998211860657,0.15384615384615385,0.29999998211860657,0.29999998211860657,0.29999998211860657,0.29999998211860657,397,0.29999998211860657,0.29999998211860657,0.1,0.8461538461538461,0.0017821584,14,1e-05,27,0.048385441303253174,0.7302206754684448,0.30000001192092896,26,-5.374142646789551,0.0,22,0.2,0.8823529411764706,17,1.0,0.7777777777777778,121,0.064447021484375,0.6818181818181818,-0.003781651547524234,0.2666637193993665,3960
0.29999998211860657,21,0.29999998211860657,666.9154052734375,7821,0.29999998211860657,0.29999998211860657,0.29999998211860657,0.29999998211860657,0.29999998211860657,0.29999998211860657,52166656,0.29999998211860657,1.5766650909960562,0.29999998211860657,0.29999998211860657,2.076923076923077,0.0034527587890625005,0.8923076923076924,1.4880153846153858,0.29999998211860657,21,0.9047619047619048,942.79,0.29999998211860657,1.0,0.29999998211860657,0.29999998211860657,0.29999998211860657,0.29999998211860657,0.29999998211860657,0.29999998211860657,6670,0.29999998211860657,0.29999998211860657,0.1076923076923077,0.29999998211860657,0.29999998211860657,0.29999998211860657,0.29999998211860657,398,0.29999998211860657,0.29999998211860657,0.1,0.8888888888888888,0.0017634706,16,1e-05,14,-0.00720629096031189,0.7317360043525696,0.30000001192092896,27,-5.374142646789551,0.0,20,0.2,1.0,11,0.9375,0.7142857142857143,116,0.06662216186523437,0.8,-0.0036480460388474967,0.23302997079445048,3970
0.29999998211860657,22,0.29999998211860657,652.6197509765625,7821,0.29999998211860657,0.29999998211860657,0.29999998211860657,0.29999998211860657,0.29999998211860657,0.29999998211860657,52297728,0.29999998211860657,1.5824456154375395,0.29999998211860657,0.29999998211860657,2.138157894736842,0.00338226318359375,0.875,1.4900657894736853,0.29999998211860657,24,0.9090909090909091,921.36,0.29999998211860657,1.0,0.29999998211860657,0.29999998211860657,0.29999998211860657,0.29999998211860657,0.29999998211860657,0.29999998211860657,6686,0.29999998211860657,0.29999998211860657,0.125,0.29999998211860657,0.29999998211860657,0.29999998211860657,0.29999998211860657,399,0.29999998211860657,0.29999998211860657,0.1,0.7647058823529411,0.0018092202,20,1e-05,23,-0.12155681848526001,0.644641101360321,0.30000001192092896,17,-5.374142645671964,0.0,31,0.2,1.0,15,1.0,0.6956521739130435,133,0.07274856567382812,0.8064516129032258,-0.0035628733584417206,0.1895812785369344,3980
0.29999998211860657,12,0.29999998211860657,674.6359252929688,7822,0.29999998211860657,0.29999998211860657,0.29999998211860657,0.29999998211860657,0.29999998211860657,0.29999998211860657,52428800,0.29999998211860657,1.581552697156409,0.29999998211860657,0.29999998211860657,1.8692307692307693,0.00341217041015625,0.8384615384615385,1.4936615384615395,0.29999998211860657,23,0.9166666666666666,950.02,0.29999998211860657,1.0,0.29999998211860657,0.29999998211860657,0.29999998211860657,0.29999998211860657,0.29999998211860657,0.29999998211860657,6702,0.29999998211860657,0.29999998211860657,0.16153846153846155,0.29999998211860657,0.29999998211860657,0.29999998211860657,0.29999998211860657,400,0.29999998211860657,0.29999998211860657,0.1,0.75,0.0018622382,13,1e-05,13,-0.1310952752828598,0.6832305788993835,0.30000001192092896,24,-5.374142646789551,0.0,31,0.2,1.0,14,0.9230769230769231,0.6923076923076923,109,0.07171707153320313,0.7096774193548387,-0.0036448449223826173,0.187870398623636,3990
0.29999998211860657,14,0.29999998211860657,688.179443359375,7823,0.29999998211860657,0.29999998211860657,0.29999998211860657,0.29999998211860657,0.29999998211860657,0.29999998211860657,52559872,0.29999998211860657,1.508838732500733,0.29999998211860657,0.29999998211860657,1.6666666666666667,0.00338470458984375,0.9078014184397163,1.490553191489363,0.29999998211860657,22,0.9285714285714286,971.6,0.29999998211860657,1.0,0.29999998211860657,0.29999998211860657,0.29999998211860657,0.29999998211860657,0.29999998211860657,0.29999998211860657,6718,0.29999998211860657,0.29999998211860657,0.09219858156028368,0.29999998211860657,0.29999998211860657,0.29999998211860657,0.29999998211860657,401,0.29999998211860657,0.29999998211860657,0.1,0.7777777777777778,0.0019081265,18,1e-05,13,-0.013165771961212158,0.7073435187339783,0.30000001192092896,27,-5.374142646789551,0.0,21,0.2,0.9615384615384616,26,1.0,0.9230769230769231,128,0.0755706787109375,0.8095238095238095,-0.003545126360859285,0.2057490672392305,4000
0.29999998211860657,19,0.29999998211860657,669.1757202148438,7824,0.29999998211860657,0.29999998211860657,0.29999998211860657,0.29999998211860657,0.29999998211860657,0.29999998211860657,52690944,0.29999998211860657,1.5749169542205703,0.29999998211860657,0.29999998211860657,1.8686131386861313,0.0034118652343750003,0.9051094890510949,1.4675766423357677,0.29999998211860657,24,0.8421052631578947,944.98,0.29999998211860657,1.0,0.29999998211860657,0.29999998211860657,0.29999998211860657,0.29999998211860657,0.29999998211860657,0.29999998211860657,6734,0.29999998211860657,0.29999998211860657,0.0948905109489051,0.29999998211860657,0.29999998211860657,0.29999998211860657,0.29999998211860657,402,0.29999998211860657,0.29999998211860657,0.1,0.8260869565217391,0.0017384348,19,1e-05,15,-0.19364310801029205,0.7560849189758301,0.30000001192092896,23,-5.374142646789551,0.0,20,0.2,0.9411764705882353,17,1.0,0.7333333333333333,124,0.0672637939453125,0.95,-0.0037363259334597387,0.1465465187182417,4010
0.29999998211860657,16,0.29999998211860657,678.6442260742188,7825,0.29999998211860657,0.29999998211860657,0.29999998211860657,0.29999998211860657,0.29999998211860657,0.29999998211860657,52822016,0.29999998211860657,1.7220697509983982,0.29999998211860657,0.29999998211860657,1.9172413793103449,0.0035028076171875,0.8551724137931035,1.4872689655172426,0.29999998211860657,23,1.0,960.99,0.29999998211860657,1.0,0.29999998211860657,0.29999998211860657,0.29999998211860657,0.29999998211860657,0.29999998211860657,0.29999998211860657,6750,0.29999998211860657,0.29999998211860657,0.14482758620689656,0.29999998211860657,0.29999998211860657,0.29999998211860657,0.29999998211860657,403,0.29999998211860657,0.29999998211860657,0.1,0.7222222222222222,0.0017466345,21,1e-05,23,-0.068470299243927,0.6795362234115601,0.30000001192092896,18,-5.374142646789551,0.0,24,0.2,0.9,20,1.0,0.6521739130434783,124,0.06791152954101562,0.75,-0.0032014534276640916,0.1761652820161544,4020
0.29999998211860657,21,0.29999998211860657,687.7654418945312,7826,0.29999998211860657,0.29999998211860657,0.29999998211860657,0.29999998211860657,0.29999998211860657,0.29999998211860657,52953088,0.29999998211860657,1.6983146002271612,0.29999998211860657,0.29999998211860657,2.2203389830508473,0.0035083007812500002,0.9067796610169492,1.4729152542372896,0.29999998211860657,17,0.9523809523809523,973.68,0.29999998211860657,1.0,0.29999998211860657,0.29999998211860657,0.29999998211860657,0.29999998211860657,0.29999998211860657,0.29999998211860657,6766,0.29999998211860657,0.29999998211860657,0.09322033898305085,0.29999998211860657,0.29999998211860657,0.29999998211860657,0.29999998211860657,404,0.29999998211860657,0.29999998211860657,0.1,0.8666666666666667,0.00184459,14,1e-05,16,-0.10494683682918549,0.7324783802032471,0.30000001192092896,15,-5.374142646789551,0.0,22,0.2,1.0,13,1.0,0.8125,107,0.07371673583984376,0.7727272727272727,-0.004083703172818786,0.20728052245103754,4030
0.29999998211860657,16,0.29999998211860657,666.594482421875,7827,0.29999998211860657,0.29999998211860657,0.29999998211860657,0.29999998211860657,0.29999998211860657,0.29999998211860657,53084160,0.29999998211860657,1.6468879563653664,0.29999998211860657,0.29999998211860657,1.8193548387096774,0.00351837158203125,0.8903225806451613,1.4864387096774205,0.29999998211860657,24,1.0,952.06,0.29999998211860657,1.0,0.29999998211860657,0.29999998211860657,0.29999998211860657,0.29999998211860657,0.29999998211860657,0.29999998211860657,6782,0.29999998211860657,0.29999998211860657,0.10967741935483871,0.29999998211860657,0.29999998211860657,0.29999998211860657,0.29999998211860657,405,0.29999998211860657,0.29999998211860657,0.1,0.5714285714285714,0.0017955885,23,1e-05,28,-0.1660274714231491,0.7433872222900391,0.30000001192092896,14,-5.374142646789551,0.0,21,0.2,0.9655172413793104,29,0.9130434782608695,0.8214285714285714,138,0.06935958862304688,0.8571428571428571,-0.0034902257982139416,0.1467225482716458,4040
0.29999998211860657,19,0.29999998211860657,679.0159301757812,7828,0.29999998211860657,0.29999998211860657,0.29999998211860657,0.29999998211860657,0.29999998211860657,0.29999998211860657,53215232,0.29999998211860657,1.6434170340301355,0.29999998211860657,0.29999998211860657,2.091666666666667,0.0035443115234375005,0.9166666666666666,1.483350000000001,0.29999998211860657,20,1.0,956.89,0.29999998211860657,1.0,0.29999998211860657,0.29999998211860657,0.29999998211860657,0.29999998211860657,0.29999998211860657,0.29999998211860657,6797,0.29999998211860657,0.29999998211860657,0.08333333333333333,0.29999998211860657,0.29999998211860657,0.29999998211860657,0.29999998211860657,406,0.29999998211860657,0.29999998211860657,0.1,0.8125,0.0017003437,13,1e-05,17,-0.07678844034671783,0.7294025421142578,0.30000001192092896,16,-5.374142646789551,0.0,21,0.2,1.0,14,1.0,0.6470588235294118,110,0.06756591796875,0.9523809523809523,-0.003754028067669424,0.19003651581588202,4050
0.29999998211860657,14,0.29999998211860657,672.4068603515625,7828,0.29999998211860657,0.29999998211860657,0.29999998211860657,0.29999998211860657,0.29999998211860657,0.29999998211860657,53346304,0.29999998211860657,1.6209937263588614,0.29999998211860657,0.29999998211860657,1.8366013071895424,0.00355804443359375,0.8823529411764706,1.4655424836601318,0.29999998211860657,24,0.9285714285714286,952.06,0.29999998211860657,1.0,0.29999998211860657,0.29999998211860657,0.29999998211860657,0.29999998211860657,0.29999998211860657,0.29999998211860657,6813,0.29999998211860657,0.29999998211860657,0.11764705882352941,0.29999998211860657,0.29999998211860657,0.29999998211860657,0.29999998211860657,407,0.29999998211860657,0.29999998211860657,0.1,0.8,0.0017376182,19,1e-05,26,-0.0998941957950592,0.7242393493652344,0.30000001192092896,20,-5.374142646789551,0.0,24,0.2,0.9615384615384616,26,1.0,0.7307692307692307,135,0.06711044311523437,0.7916666666666666,-0.00373890046712404,0.1447428202314768,4060
0.29999998211860657,16,0.29999998211860657,671.0638427734375,7829,0.29999998211860657,0.29999998211860657,0.29999998211860657,0.29999998211860657,0.29999998211860657,0.29999998211860657,53477376,0.29999998211860657,1.55069086074439,0.29999998211860657,0.29999998211860657,2.0155038759689923,0.0036065673828125,0.875968992248062,1.4762015503875978,0.29999998211860657,20,0.9375,942.0,0.29999998211860657,1.0,0.29999998211860657,0.29999998211860657,0.29999998211860657,0.29999998211860657,0.29999998211860657,0.29999998211860657,6829,0.29999998211860657,0.29999998211860657,0.12403100775193798,0.29999998211860657,0.29999998211860657,0.29999998211860657,0.29999998211860657,408,0.29999998211860657,0.29999998211860657,0.1,0.9230769230769231,0.0017418048,12,1e-05,22,-0.17850066721439362,0.731529712677002,0.30000001192092896,26,-5.374142646789551,0.0,16,0.2,1.0,17,1.0,0.5,113,0.06525344848632812,0.875,-0.0036246831764856326,0.17841044733650052,4070
0.29999998211860657,14,0.29999998211860657,669.90380859375,7830,0.29999998211860657,0.29999998211860657,0.29999998211860657,0.29999998211860657,0.29999998211860657,0.29999998211860657,53608448,0.29999998211860657,1.6683030908601657,0.29999998211860657,0.29999998211860657,2.027972027972028,0.0035159301757812502,0.8951048951048951,1.4909370629370642,0.29999998211860657,20,1.0,943.73,0.29999998211860657,1.0,0.29999998211860657,0.29999998211860657,0.29999998211860657,0.29999998211860657,0.29999998211860657,0.29999998211860657,6845,0.29999998211860657,0.29999998211860657,0.1048951048951049,0.29999998211860657,0.29999998211860657,0.29999998211860657,0.29999998211860657,409,0.29999998211860657,0.29999998211860657,0.1,0.8235294117647058,0.0017630218,16,1e-05,22,-0.17285498976707458,0.7944989204406738,0.30000001192092896,17,-5.374142646789551,0.0,34,0.2,0.95,20,1.0,0.7727272727272727,128,0.06940460205078125,0.8235294117647058,-0.003960992545762565,0.16003866659011692,4080
0.29999998211860657,17,0.29999998211860657,671.5797729492188,7831,0.29999998211860657,0.29999998211860657,0.29999998211860657,0.29999998211860657,0.29999998211860657,0.29999998211860657,53739520,0.29999998211860657,1.606676530739191,0.29999998211860657,0.29999998211860657,2.147887323943662,0.0035992431640625,0.8591549295774648,1.4861971830985925,0.29999998211860657,24,0.9411764705882353,939.71,0.29999998211860657,1.0,0.29999998211860657,0.29999998211860657,0.29999998211860657,0.29999998211860657,0.29999998211860657,0.29999998211860657,6861,0.29999998211860657,0.29999998211860657,0.14084507042253522,0.29999998211860657,0.29999998211860657,0.29999998211860657,0.29999998211860657,410,0.29999998211860657,0.29999998211860657,0.1,0.5,0.0018381948,20,1e-05,31,-0.06837692856788635,0.7407742738723755,0.30000001192092896,14,-5.374142646789551,0.0,24,0.2,1.0,12,0.95,0.7741935483870968,122,0.07319793701171876,0.8333333333333334,-0.0037767844823974883,0.18259624479687772,4090
0.29999998211860657,19,0.29999998211860657,659.4985961914062,7832,0.29999998211860657,0.29999998211860657,0.29999998211860657,0.29999998211860657,0.29999998211860657,0.29999998211860657,53870592,0.29999998211860657,1.6670697352356896,0.29999998211860657,0.29999998211860657,2.1037037037037036,0.00355072021484375,0.8592592592592593,1.4891111111111122,0.29999998211860657,22,1.0,933.02,0.29999998211860657,1.0,0.29999998211860657,0.29999998211860657,0.29999998211860657,0.29999998211860657,0.29999998211860657,0.29999998211860657,6877,0.29999998211860657,0.29999998211860657,0.14074074074074075,0.29999998211860657,0.29999998211860657,0.29999998211860657,0.29999998211860657,411,0.29999998211860657,0.29999998211860657,0.1,0.6428571428571429,0.0018600286,23,1e-05,25,-0.0877782553434372,0.7082486152648926,0.30000001192092896,14,-5.374142646789551,0.0,20,0.2,1.0,12,0.9565217391304348,0.8,116,0.07208938598632812,0.6,-0.0038640593989839544,0.20390052855946122,4100
0.29999998211860657,17,0.29999998211860657,669.0725708007812,7833,0.29999998211860657,0.29999998211860657,0.29999998211860657,0.29999998211860657,0.29999998211860657,0.29999998211860657,54001664,0.29999998211860657,1.7380312011460761,0.29999998211860657,0.29999998211860657,1.9295774647887325,0.0035906982421875,0.8873239436619719,1.4728169014084518,0.29999998211860657,22,1.0,946.51,0.29999998211860657,1.0,0.29999998211860657,0.29999998211860657,0.29999998211860657,0.29999998211860657,0.29999998211860657,0.29999998211860657,6893,0.29999998211860657,0.29999998211860657,0.11267605633802817,0.29999998211860657,0.29999998211860657,0.29999998211860657,0.29999998211860657,412,0.29999998211860657,0.29999998211860657,0.1,0.9523809523809523,0.001784713,23,1e-05,23,-0.12321095168590546,0.7370308637619019,0.30000001192092896,21,-5.374142646789551,0.0,18,0.2,0.8888888888888888,18,0.9565217391304348,0.6086956521739131,126,0.07319793701171876,0.8333333333333334,-0.003782751072139945,0.17294437992968598,4110
0.29999998211860657,17,0.29999998211860657,671.2728271484375,7834,0.29999998211860657,0.29999998211860657,0.29999998211860657,0.29999998211860657,0.29999998211860657,0.29999998211860657,54132736,0.29999998211860657,1.712697302548237,0.29999998211860657,0.29999998211860657,2.1333333333333333,0.0035711669921875003,0.8740740740740741,1.4908592592592602,0.29999998211860657,24,0.8235294117647058,947.1,0.29999998211860657,1.0,0.29999998211860657,0.29999998211860657,0.29999998211860657,0.29999998211860657,0.29999998211860657,0.29999998211860657,6909,0.29999998211860657,0.29999998211860657,0.1259259259259259,0.29999998211860657,0.29999998211860657,0.29999998211860657,0.29999998211860657,413,0.29999998211860657,0.29999998211860657,0.1,0.8333333333333334,0.0017361892,20,1e-05,27,-0.0700104683637619,0.7257019877433777,0.30000001192092896,18,-5.374142646789551,0.0,21,0.2,1.0,8,0.95,0.8518518518518519,118,0.06509017944335938,0.7142857142857143,-0.003653294252649175,0.18268890001345425,4120
0.29999998211860657,13,0.29999998211860657,683.6727294921875,7835,0.29999998211860657,0.29999998211860657,0.29999998211860657,0.29999998211860657,0.29999998211860657,0.29999998211860657,54263808,0.29999998211860657,1.5392653195258221,0.29999998211860657,0.29999998211860657,1.673758865248227,0.0035748291015625005,0.900709219858156,1.4668652482269513,0.29999998211860657,23,0.9230769230769231,967.56,0.29999998211860657,1.0,0.29999998211860657,0.29999998211860657,0.29999998211860657,0.29999998211860657,0.29999998211860657,0.29999998211860657,6925,0.29999998211860657,0.29999998211860657,0.09929078014184398,0.29999998211860657,0.29999998211860657,0.29999998211860657,0.29999998211860657,414,0.29999998211860657,0.29999998211860657,0.1,0.8333333333333334,0.0017143758,21,1e-05,14,-0.03473867475986481,0.7552282810211182,0.30000001192092896,30,-5.374142646789551,0.0,19,0.2,1.0,21,0.9523809523809523,0.8571428571428571,127,0.06449203491210938,0.7368421052631579,-0.0036622966707909655,0.18598713563405908,4130
0.29999998211860657,17,0.29999998211860657,681.391845703125,7836,0.29999998211860657,0.29999998211860657,0.29999998211860657,0.29999998211860657,0.29999998211860657,0.29999998211860657,54394880,0.29999998211860657,1.499508342098401,0.29999998211860657,0.29999998211860657,1.7803030303030303,0.00358489990234375,0.9393939393939394,1.4651515151515162,0.29999998211860657,27,0.9411764705882353,963.38,0.29999998211860657,1.0,0.29999998211860657,0.29999998211860657,0.29999998211860657,0.29999998211860657,0.29999998211860657,0.29999998211860657,6941,0.29999998211860657,0.29999998211860657,0.06060606060606061,0.29999998211860657,0.29999998211860657,0.29999998211860657,0.29999998211860657,415,0.29999998211860657,0.29999998211860657,0.1,0.9230769230769231,0.0016667715,19,1e-05,21,-0.15444542467594147,0.7452470064163208,0.30000001192092896,13,-5.374142646789551,0.0,16,0.2,1.0,19,1.0,0.8095238095238095,124,0.06167755126953125,0.875,-0.0035183084108211917,0.1400787596561713,4140
0.29999998211860657,14,0.29999998211860657,654.8644409179688,7836,0.29999998211860657,0.29999998211860657,0.29999998211860657,0.29999998211860657,0.29999998211860657,0.29999998211860657,54525952,0.29999998211860657,1.7606785929604176,0.29999998211860657,0.29999998211860657,1.9586206896551723,0.00355224609375,0.8827586206896552,1.4814758620689668,0.29999998211860657,22,0.9285714285714286,929.08,0.29999998211860657,1.0,0.29999998211860657,0.29999998211860657,0.29999998211860657,0.29999998211860657,0.29999998211860657,0.29999998211860657,6957,0.29999998211860657,0.29999998211860657,0.11724137931034483,0.29999998211860657,0.29999998211860657,0.29999998211860657,0.29999998211860657,416,0.29999998211860657,0.29999998211860657,0.1,0.7916666666666666,0.001703409,20,1e-05,30,-0.147807314991951,0.7546506524085999,0.30000001192092896,24,-5.374142646789551,0.0,16,0.2,1.0,19,0.95,0.7666666666666667,128,0.06336288452148438,0.8125,-0.003835885992839394,0.12413602807209827,4150
0.29999998211860657,18,0.29999998211860657,662.8560180664062,7837,0.29999998211860657,0.29999998211860657,0.29999998211860657,0.29999998211860657,0.29999998211860657,0.29999998211860657,54657024,0.29999998211860657,1.7451729430184768,0.29999998211860657,0.29999998211860657,2.1328125,0.0035003662109375,0.8828125,1.4977343750000012,0.29999998211860657,13,1.0,930.36,0.29999998211860657,1.0,0.29999998211860657,0.29999998211860657,0.29999998211860657,0.29999998211860657,0.29999998211860657,0.29999998211860657,6973,0.29999998211860657,0.29999998211860657,0.1171875,0.29999998211860657,0.29999998211860657,0.29999998211860657,0.29999998211860657,417,0.29999998211860657,0.29999998211860657,0.1,0.8888888888888888,0.0017904794,16,1e-05,21,-0.12110757827758789,0.7447642087936401,0.30000001192092896,18,-5.374142646789551,0.0,20,0.2,0.9545454545454546,22,1.0,0.9047619047619048,113,0.07164230346679687,0.5,-0.0038414270392422623,0.1851992294890806,4160
0.29999998211860657,16,0.29999998211860657,667.5323486328125,7838,0.29999998211860657,0.29999998211860657,0.29999998211860657,0.29999998211860657,0.29999998211860657,0.29999998211860657,54788096,0.29999998211860657,1.6004767592070717,0.29999998211860657,0.29999998211860657,1.8051948051948052,0.0036376953125,0.8636363636363636,1.474155844155845,0.29999998211860657,34,1.0,939.39,0.29999998211860657,1.0,0.29999998211860657,0.29999998211860657,0.29999998211860657,0.29999998211860657,0.29999998211860657,0.29999998211860657,6989,0.29999998211860657,0.29999998211860657,0.13636363636363635,0.29999998211860657,0.29999998211860657,0.29999998211860657,0.29999998211860657,418,0.29999998211860657,0.29999998211860657,0.1,0.9,0.0018298369,8,1e-05,28,-0.14646977186203003,0.7169689536094666,0.30000001192092896,20,-5.374142646789551,0.0,24,0.2,0.9583333333333334,24,1.0,0.6071428571428571,133,0.07148056030273438,0.7083333333333334,-0.0038295086656034982,0.17862167695420794,4170
0.29999998211860657,19,0.29999998211860657,668.8526000976562,7839,0.29999998211860657,0.29999998211860657,0.29999998211860657,0.29999998211860657,0.29999998211860657,0.29999998211860657,54919168,0.29999998211860657,1.5842536449500602,0.29999998211860657,0.29999998211860657,1.9523809523809523,0.0036724853515625,0.8650793650793651,1.4831904761904773,0.29999998211860657,30,0.8947368421052632,941.68,0.29999998211860657,1.0,0.29999998211860657,0.29999998211860657,0.29999998211860657,0.29999998211860657,0.29999998211860657,0.29999998211860657,7005,0.29999998211860657,0.29999998211860657,0.1349206349206349,0.29999998211860657,0.29999998211860657,0.29999998211860657,0.29999998211860657,419,0.29999998211860657,0.29999998211860657,0.1,0.8,0.0017682384,11,1e-05,19,-0.1211957186460495,0.7640396356582642,0.30000001192092896,20,-5.374142646789551,0.0,18,0.2,1.0,9,1.0,0.7894736842105263,109,0.06518402099609374,0.6111111111111112,-0.0038774759029365667,0.19380678808083757,4180
0.29999998211860657,20,0.29999998211860657,678.9312744140625,7840,0.29999998211860657,0.29999998211860657,0.29999998211860657,0.29999998211860657,0.29999998211860657,0.29999998211860657,55050240,0.29999998211860657,1.5459990283803093,0.29999998211860657,0.29999998211860657,1.8424657534246576,0.00366607666015625,0.8972602739726028,1.4954383561643847,0.29999998211860657,31,1.0,952.1,0.29999998211860657,1.0,0.29999998211860657,0.29999998211860657,0.29999998211860657,0.29999998211860657,0.29999998211860657,0.29999998211860657,7021,0.29999998211860657,0.29999998211860657,0.10273972602739725,0.29999998211860657,0.29999998211860657,0.29999998211860657,0.29999998211860657,420,0.29999998211860657,0.29999998211860657,0.1,0.9047619047619048,0.0018952393,17,1e-05,21,-0.03768441081047058,0.6980374455451965,0.30000001192092896,21,-5.374142646789551,0.0,19,0.2,0.9411764705882353,17,0.9411764705882353,0.7619047619047619,131,0.07487869262695312,0.6842105263157895,-0.003484030224262824,0.2014976836333517,4190
0.29999998211860657,12,0.29999998211860657,695.995849609375,7841,0.29999998211860657,0.29999998211860657,0.29999998211860657,0.29999998211860657,0.29999998211860657,0.29999998211860657,55181312,0.29999998211860657,1.4727835910037725,0.29999998211860657,0.29999998211860657,1.7272727272727273,0.0037380981445312503,0.9338842975206612,1.483421487603307,0.29999998211860657,29,1.0,974.36,0.29999998211860657,1.0,0.29999998211860657,0.29999998211860657,0.29999998211860657,0.29999998211860657,0.29999998211860657,0.29999998211860657,7037,0.29999998211860657,0.29999998211860657,0.06611570247933884,0.29999998211860657,0.29999998211860657,0.29999998211860657,0.29999998211860657,421,0.29999998211860657,0.29999998211860657,0.1,0.8947368421052632,0.0017717886,9,1e-05,20,-0.12262868881225586,0.7449142336845398,0.30000001192092896,19,-5.374142646789551,0.0,17,0.2,1.0,15,1.0,0.85,113,0.07154617309570313,0.8235294117647058,-0.0036737754674504687,0.15891211232519709,4200
0.29999998211860657,18,0.29999998211860657,688.2340087890625,7841,0.29999998211860657,0.29999998211860657,0.29999998211860657,0.29999998211860657,0.29999998211860657,0.29999998211860657,55312384,0.29999998211860657,1.538330323211862,0.29999998211860657,0.29999998211860657,2.0134228187919465,0.0037005615234375006,0.8859060402684564,1.4922147651006723,0.29999998211860657,28,0.9444444444444444,965.39,0.29999998211860657,1.0,0.29999998211860657,0.29999998211860657,0.29999998211860657,0.29999998211860657,0.29999998211860657,0.29999998211860657,7053,0.29999998211860657,0.29999998211860657,0.11409395973154363,0.29999998211860657,0.29999998211860657,0.29999998211860657,0.29999998211860657,422,0.29999998211860657,0.29999998211860657,0.1,0.8636363636363636,0.0018498178,15,1e-05,26,-0.10482899844646454,0.6873103380203247,0.30000001192092896,22,-5.374142646789551,0.0,25,0.2,0.9333333333333333,15,1.0,0.7692307692307693,132,0.068548583984375,0.76,-0.003480581886651635,0.13571178714046256,4210
0.29999998211860657,11,0.29999998211860657,629.8597412109375,7842,0.29999998211860657,0.29999998211860657,0.29999998211860657,0.29999998211860657,0.29999998211860657,0.29999998211860657,55443456,0.29999998211860657,1.672220759946628,0.29999998211860657,0.29999998211860657,1.963235294117647,0.003673095703125,0.8235294117647058,1.4827352941176482,0.29999998211860657,23,1.0,888.8,0.29999998211860657,1.0,0.29999998211860657,0.29999998211860657,0.29999998211860657,0.29999998211860657,0.29999998211860657,0.29999998211860657,7069,0.29999998211860657,0.29999998211860657,0.17647058823529413,0.29999998211860657,0.29999998211860657,0.29999998211860657,0.29999998211860657,423,0.29999998211860657,0.29999998211860657,0.1,0.8823529411764706,0.0018427732,13,1e-05,23,-0.1747245192527771,0.7646611332893372,0.30000001192092896,17,-5.374142646789551,0.0,32,0.2,0.8823529411764706,17,1.0,0.782608695652174,112,0.07241744995117187,0.53125,-0.0038560030009648473,0.16338317604968325,4220
0.29999998211860657,18,0.29999998211860657,687.5714111328125,7843,0.29999998211860657,0.29999998211860657,0.29999998211860657,0.29999998211860657,0.29999998211860657,0.29999998211860657,55574528,0.29999998211860657,1.598177632668573,0.29999998211860657,0.29999998211860657,1.85,0.0036813354492187507,0.9214285714285714,1.4935285714285726,0.29999998211860657,27,0.9444444444444444,970.58,0.29999998211860657,0.9629629629629629,0.29999998211860657,0.29999998211860657,0.29999998211860657,0.29999998211860657,0.29999998211860657,0.29999998211860657,7085,0.29999998211860657,0.29999998211860657,0.07857142857142857,0.29999998211860657,0.29999998211860657,0.29999998211860657,0.29999998211860657,424,0.29999998211860657,0.29999998211860657,0.1,0.9444444444444444,0.001804869,19,1e-05,18,-0.0058630406856536865,0.771778404712677,0.30000001192092896,18,-5.374142646789551,0.0,23,0.2,1.0,17,1.0,0.8888888888888888,129,0.06837997436523438,0.7391304347826086,-0.003866701132483286,0.20911506185657344,4230
0.29999998211860657,18,0.29999998211860657,690.2669677734375,7844,0.29999998211860657,0.29999998211860657,0.29999998211860657,0.29999998211860657,0.29999998211860657,0.29999998211860657,55705600,0.29999998211860657,1.6942527580830773,0.29999998211860657,0.29999998211860657,2.123076923076923,0.0037274169921875005,0.9076923076923077,1.4979538461538473,0.29999998211860657,20,1.0,972.28,0.29999998211860657,1.0,0.29999998211860657,0.29999998211860657,0.29999998211860657,0.29999998211860657,0.29999998211860657,0.29999998211860657,7101,0.29999998211860657,0.29999998211860657,0.09230769230769231,0.29999998211860657,0.29999998211860657,0.29999998211860657,0.29999998211860657,425,0.29999998211860657,0.29999998211860657,0.1,0.8888888888888888,0.0018502813,15,1e-05,20,-0.17767363786697388,0.7242273092269897,0.30000001192092896,18,-5.374142646789551,0.0,25,0.2,1.0,14,1.0,0.9,118,0.07176132202148437,0.68,-0.003498708280130813,0.15635971532319673,4240
0.29999998211860657,13,0.29999998211860657,683.7560424804688,7845,0.29999998211860657,0.29999998211860657,0.29999998211860657,0.29999998211860657,0.29999998211860657,0.29999998211860657,55836672,0.29999998211860657,1.5029611808285221,0.29999998211860657,0.29999998211860657,1.6099290780141844,0.0037017822265625003,0.9078014184397163,1.479390070921987,0.29999998211860657,34,1.0,956.21,0.29999998211860657,1.0,0.29999998211860657,0.29999998211860657,0.29999998211860657,0.29999998211860657,0.29999998211860657,0.29999998211860657,7117,0.29999998211860657,0.29999998211860657,0.09219858156028368,0.29999998211860657,0.29999998211860657,0.29999998211860657,0.29999998211860657,426,0.29999998211860657,0.29999998211860657,0.1,0.6666666666666666,0.0018077907,15,1e-05,25,-0.17302420735359192,0.7321381568908691,0.30000001192092896,21,-5.374142646789551,0.0,13,0.2,1.0,20,1.0,0.84,128,0.06920394897460938,0.8461538461538461,-0.003586417958376842,0.12510751307127066,4250
0.29999998211860657,18,0.29999998211860657,683.1392822265625,7846,0.29999998211860657,0.29999998211860657,0.29999998211860657,0.29999998211860657,0.29999998211860657,0.29999998211860657,55967744,0.29999998211860657,1.6114625465651953,0.29999998211860657,0.29999998211860657,1.9618320610687023,0.00365814208984375,0.8702290076335878,1.46902290076336,0.29999998211860657,20,0.9444444444444444,953.21,0.29999998211860657,1.0,0.29999998211860657,0.29999998211860657,0.29999998211860657,0.29999998211860657,0.29999998211860657,0.29999998211860657,7133,0.29999998211860657,0.29999998211860657,0.1297709923664122,0.29999998211860657,0.29999998211860657,0.29999998211860657,0.29999998211860657,427,0.29999998211860657,0.29999998211860657,0.1,0.8666666666666667,0.0018147533,11,1e-05,14,-0.13115784525871277,0.7192163467407227,0.30000001192092896,30,-5.374142646789551,0.0,20,0.2,0.9444444444444444,18,1.0,0.42857142857142855,114,0.06928024291992188,0.85,-0.003925853313194239,0.15067634448641912,4260
0.29999998211860657,24,0.29999998211860657,690.6299438476562,7846,0.29999998211860657,0.29999998211860657,0.29999998211860657,0.29999998211860657,0.29999998211860657,0.29999998211860657,56098816,0.29999998211860657,1.535007196534117,0.29999998211860657,0.29999998211860657,1.944055944055944,0.00368865966796875,0.9090909090909091,1.476209790209791,0.29999998211860657,29,0.9583333333333334,963.4,0.29999998211860657,0.9655172413793104,0.29999998211860657,0.29999998211860657,0.29999998211860657,0.29999998211860657,0.29999998211860657,0.29999998211860657,7149,0.29999998211860657,0.29999998211860657,0.09090909090909091,0.29999998211860657,0.29999998211860657,0.29999998211860657,0.29999998211860657,428,0.29999998211860657,0.29999998211860657,0.1,0.9583333333333334,0.0018461185,17,1e-05,17,-0.08795994520187378,0.6898530125617981,0.30000001192092896,24,-5.374142646789551,0.0,18,0.2,0.9285714285714286,14,1.0,0.8823529411764706,130,0.07206497192382813,0.6111111111111112,-0.003809460808952281,0.18633582629845477,4270
0.29999998211860657,12,0.29999998211860657,690.6305541992188,7847,0.29999998211860657,0.29999998211860657,0.29999998211860657,0.29999998211860657,0.29999998211860657,0.29999998211860657,56229888,0.29999998211860657,1.759777989717557,0.29999998211860657,0.29999998211860657,1.9389312977099236,0.0036981201171875,0.8854961832061069,1.4783816793893139,0.29999998211860657,17,1.0,963.45,0.29999998211860657,1.0,0.29999998211860657,0.29999998211860657,0.29999998211860657,0.29999998211860657,0.29999998211860657,0.29999998211860657,7165,0.29999998211860657,0.29999998211860657,0.11450381679389313,0.29999998211860657,0.29999998211860657,0.29999998211860657,0.29999998211860657,429,0.29999998211860657,0.29999998211860657,0.1,0.7777777777777778,0.0018306333,24,1e-05,22,-0.10050496459007263,0.7339338064193726,0.30000001192092896,18,-5.374142646789551,0.0,21,0.2,1.0,17,0.9583333333333334,0.7727272727272727,116,0.0714263916015625,0.7619047619047619,-0.0036532685490328733,0.16651900261349512,4280
0.29999998211860657,20,0.29999998211860657,678.0106201171875,7848,0.29999998211860657,0.29999998211860657,0.29999998211860657,0.29999998211860657,0.29999998211860657,0.29999998211860657,56360960,0.29999998211860657,1.595685157895202,0.29999998211860657,0.29999998211860657,1.8402777777777777,0.0038134765625000002,0.9166666666666666,1.48876388888889,0.29999998211860657,27,0.95,945.96,0.29999998211860657,1.0,0.29999998211860657,0.29999998211860657,0.29999998211860657,0.29999998211860657,0.29999998211860657,0.29999998211860657,7181,0.29999998211860657,0.29999998211860657,0.08333333333333333,0.29999998211860657,0.29999998211860657,0.29999998211860657,0.29999998211860657,430,0.29999998211860657,0.29999998211860657,0.1,0.875,0.0018535913,22,1e-05,17,-0.14668220281600952,0.7595288753509521,0.30000001192092896,24,-5.374142646789551,0.0,18,0.2,1.0,16,0.9545454545454546,0.7647058823529411,132,0.07126388549804688,0.8333333333333334,-0.003899770714360784,0.14059334482008126,4290
0.29999998211860657,19,0.29999998211860657,675.2125854492188,7849,0.29999998211860657,0.29999998211860657,0.29999998211860657,0.29999998211860657,0.29999998211860657,0.29999998211860657,56492032,0.29999998211860657,1.7181920165771898,0.29999998211860657,0.29999998211860657,1.9398496240601504,0.0037591552734375,0.8872180451127819,1.476120300751881,0.29999998211860657,24,0.9473684210526315,943.11,0.29999998211860657,1.0,0.29999998211860657,0.29999998211860657,0.29999998211860657,0.29999998211860657,0.29999998211860657,0.29999998211860657,7197,0.29999998211860657,0.29999998211860657,0.11278195488721804,0.29999998211860657,0.29999998211860657,0.29999998211860657,0.29999998211860657,431,0.29999998211860657,0.29999998211860657,0.1,0.8,0.0018128166,13,1e-05,18,-0.04606010019779205,0.6691127419471741,0.30000001192092896,15,-5.374142636731267,0.0,24,0.2,1.0,20,0.9230769230769231,0.7777777777777778,118,0.07024993896484374,0.75,-0.003523058480095642,0.15652550649829208,4300
0.29999998211860657,17,0.29999998211860657,681.2223510742188,7849,0.29999998211860657,0.29999998211860657,0.29999998211860657,0.29999998211860657,0.29999998211860657,0.29999998211860657,56623104,0.29999998211860657,1.594239109430017,0.29999998211860657,0.29999998211860657,2.2071428571428573,0.00370208740234375,0.8928571428571429,1.4874428571428582,0.29999998211860657,21,1.0,953.43,0.29999998211860657,0.9523809523809523,0.29999998211860657,0.29999998211860657,0.29999998211860657,0.29999998211860657,0.29999998211860657,0.29999998211860657,7213,0.29999998211860657,0.29999998211860657,0.10714285714285714,0.29999998211860657,0.29999998211860657,0.29999998211860657,0.29999998211860657,432,0.29999998211860657,0.29999998211860657,0.1,0.8333333333333334,0.0017604083,15,1e-05,26,-0.07691390812397003,0.7533857822418213,0.30000001192092896,24,-5.374142646789551,0.0,26,0.2,1.0,11,1.0,0.8461538461538461,125,0.07065353393554688,0.7692307692307693,-0.0038116895583243603,0.15899527692818083,4310
0.29999998211860657,17,0.29999998211860657,686.2117919921875,7850,0.29999998211860657,0.29999998211860657,0.29999998211860657,0.29999998211860657,0.29999998211860657,0.29999998211860657,56754176,0.29999998211860657,1.5737991330851833,0.29999998211860657,0.29999998211860657,2.142857142857143,0.0037896728515625,0.924812030075188,1.4778045112781963,0.29999998211860657,22,1.0,962.1,0.29999998211860657,1.0,0.29999998211860657,0.29999998211860657,0.29999998211860657,0.29999998211860657,0.29999998211860657,0.29999998211860657,7229,0.29999998211860657,0.29999998211860657,0.07518796992481203,0.29999998211860657,0.29999998211860657,0.29999998211860657,0.29999998211860657,433,0.29999998211860657,0.29999998211860657,0.1,1.0,0.0017376145,18,1e-05,23,-0.16482749581336975,0.7270433902740479,0.30000001192092896,20,-5.374142646789551,0.0,24,0.2,1.0,9,1.0,0.782608695652174,123,0.06438674926757812,0.7916666666666666,-0.0037894896337093086,0.17360251548234373,4320
0.29999998211860657,18,0.29999998211860657,688.4080200195312,7851,0.29999998211860657,0.29999998211860657,0.29999998211860657,0.29999998211860657,0.29999998211860657,0.29999998211860657,56885248,0.29999998211860657,1.399617620345024,0.29999998211860657,0.29999998211860657,1.8057553956834533,0.0038504028320312505,0.9424460431654677,1.4822589928057566,0.29999998211860657,30,0.9444444444444444,969.97,0.29999998211860657,1.0,0.29999998211860657,0.29999998211860657,0.29999998211860657,0.29999998211860657,0.29999998211860657,0.29999998211860657,7245,0.29999998211860657,0.29999998211860657,0.05755395683453238,0.29999998211860657,0.29999998211860657,0.29999998211860657,0.29999998211860657,434,0.29999998211860657,0.29999998211860657,0.1,0.9411764705882353,0.0017442849,22,1e-05,18,-0.17734766006469727,0.6971897482872009,0.30000001192092896,17,-5.374142646789551,0.0,21,0.2,1.0,13,1.0,0.7222222222222222,131,0.06987991333007812,0.9523809523809523,-0.003689756185031001,0.12440549182356335,4330
0.29999998211860657,12,0.29999998211860657,679.9266967773438,7852,0.29999998211860657,0.29999998211860657,0.29999998211860657,0.29999998211860657,0.29999998211860657,0.29999998211860657,57016320,0.29999998211860657,1.6910570555838356,0.29999998211860657,0.29999998211860657,1.5954198473282444,0.0038293457031250006,0.8854961832061069,1.4739541984732836,0.29999998211860657,26,0.9166666666666666,961.08,0.29999998211860657,0.9615384615384616,0.29999998211860657,0.29999998211860657,0.29999998211860657,0.29999998211860657,0.29999998211860657,0.29999998211860657,7261,0.29999998211860657,0.29999998211860657,0.11450381679389313,0.29999998211860657,0.29999998211860657,0.29999998211860657,0.29999998211860657,435,0.29999998211860657,0.29999998211860657,0.1,0.8235294117647058,0.0018003098,20,1e-05,19,-0.08988240361213684,0.6887994408607483,0.30000001192092896,17,-5.374142646789551,0.0,15,0.2,0.9090909090909091,22,1.0,0.6842105263157895,116,0.06917877197265625,0.8666666666666667,-0.0037778617438561923,0.12433492940617726,4340
0.29999998211860657,20,0.29999998211860657,685.84521484375,7852,0.29999998211860657,0.29999998211860657,0.29999998211860657,0.29999998211860657,0.29999998211860657,0.29999998211860657,57147392,0.29999998211860657,1.5523234224283424,0.29999998211860657,0.29999998211860657,1.8714285714285714,0.0038153076171875003,0.9357142857142857,1.4818285714285724,0.29999998211860657,29,1.0,960.17,0.29999998211860657,1.0,0.29999998211860657,0.29999998211860657,0.29999998211860657,0.29999998211860657,0.29999998211860657,0.29999998211860657,7277,0.29999998211860657,0.29999998211860657,0.06428571428571428,0.29999998211860657,0.29999998211860657,0.29999998211860657,0.29999998211860657,436,0.29999998211860657,0.29999998211860657,0.1,0.8333333333333334,0.0017564291,17,1e-05,21,-0.10438257455825806,0.7672873735427856,0.30000001192092896,18,-5.374142646789551,0.0,18,0.2,1.0,17,1.0,0.9047619047619048,131,0.0665802001953125,0.7777777777777778,-0.0037243641540044337,0.16655788131756707,4350
0.29999998211860657,20,0.29999998211860657,692.7655639648438,7853,0.29999998211860657,0.29999998211860657,0.29999998211860657,0.29999998211860657,0.29999998211860657,0.29999998211860657,57278464,0.29999998211860657,1.5455265884385019,0.29999998211860657,0.29999998211860657,2.013986013986014,0.003759765625,0.8951048951048951,1.4722797202797215,0.29999998211860657,30,1.0,965.42,0.29999998211860657,1.0,0.29999998211860657,0.29999998211860657,0.29999998211860657,0.29999998211860657,0.29999998211860657,0.29999998211860657,7293,0.29999998211860657,0.29999998211860657,0.1048951048951049,0.29999998211860657,0.29999998211860657,0.29999998211860657,0.29999998211860657,437,0.29999998211860657,0.29999998211860657,0.1,0.8947368421052632,0.0018208062,13,1e-05,29,-0.1785738170146942,0.7257505059242249,0.30000001192092896,19,-5.374142646789551,0.0,17,0.2,1.0,15,1.0,0.7586206896551724,128,0.07164230346679687,0.6470588235294118,-0.0038130518461002793,0.13022032457811292,4360
0.29999998211860657,18,0.29999998211860657,689.8699340820312,7854,0.29999998211860657,0.29999998211860657,0.29999998211860657,0.29999998211860657,0.29999998211860657,0.29999998211860657,57409536,0.29999998211860657,1.5188765240294695,0.29999998211860657,0.29999998211860657,1.8091603053435115,0.00387603759765625,0.9236641221374046,1.4812824427480924,0.29999998211860657,24,0.9444444444444444,965.55,0.29999998211860657,1.0,0.29999998211860657,0.29999998211860657,0.29999998211860657,0.29999998211860657,0.29999998211860657,0.29999998211860657,7309,0.29999998211860657,0.29999998211860657,0.07633587786259542,0.29999998211860657,0.29999998211860657,0.29999998211860657,0.29999998211860657,438,0.29999998211860657,0.29999998211860657,0.1,0.8,0.0017931322,19,1e-05,17,-0.16232836246490479,0.754987895488739,0.30000001192092896,15,-5.374142646789551,0.0,18,0.2,1.0,20,1.0,0.8823529411764706,121,0.07097396850585938,0.7777777777777778,-0.003854034998721545,0.15258263772702776,4370
0.29999998211860657,20,0.29999998211860657,670.0396728515625,7855,0.29999998211860657,0.29999998211860657,0.29999998211860657,0.29999998211860657,0.29999998211860657,0.29999998211860657,57540608,0.29999998211860657,1.5851660679083561,0.29999998211860657,0.29999998211860657,1.832167832167832,0.0038540649414062506,0.9020979020979021,1.474167832167833,0.29999998211860657,30,0.95,944.74,0.29999998211860657,0.9666666666666667,0.29999998211860657,0.29999998211860657,0.29999998211860657,0.29999998211860657,0.29999998211860657,0.29999998211860657,7325,0.29999998211860657,0.29999998211860657,0.0979020979020979,0.29999998211860657,0.29999998211860657,0.29999998211860657,0.29999998211860657,439,0.29999998211860657,0.29999998211860657,0.1,1.0,0.0017784351,13,1e-05,17,-0.18308694660663605,0.7323410511016846,0.30000001192092896,21,-5.374142646789551,0.0,23,0.2,1.0,19,0.9230769230769231,0.7058823529411765,129,0.0679229736328125,0.7391304347826086,-0.0037254976477925084,0.1199445015314268,4380
0.29999998211860657,20,0.29999998211860657,685.8380737304688,7855,0.29999998211860657,0.29999998211860657,0.29999998211860657,0.29999998211860657,0.29999998211860657,0.29999998211860657,57671680,0.29999998211860657,1.5490754806449822,0.29999998211860657,0.29999998211860657,1.8091603053435115,0.0038687133789062503,0.9083969465648855,1.4768091603053448,0.29999998211860657,20,0.9,961.19,0.29999998211860657,1.0,0.29999998211860657,0.29999998211860657,0.29999998211860657,0.29999998211860657,0.29999998211860657,0.29999998211860657,7341,0.29999998211860657,0.29999998211860657,0.0916030534351145,0.29999998211860657,0.29999998211860657,0.29999998211860657,0.29999998211860657,440,0.29999998211860657,0.29999998211860657,0.1,0.9411764705882353,0.0017581161,21,1e-05,15,-0.11683677136898041,0.7714864015579224,0.30000001192092896,17,-5.374142646789551,0.0,14,0.2,1.0,24,1.0,0.6666666666666666,119,0.06442031860351563,0.7142857142857143,-0.003759027151590999,0.15455638800922317,4390
0.29999998211860657,20,0.29999998211860657,685.67529296875,7856,0.29999998211860657,0.29999998211860657,0.29999998211860657,0.29999998211860657,0.29999998211860657,0.29999998211860657,57802752,0.29999998211860657,1.6596732975683772,0.29999998211860657,0.29999998211860657,1.9507042253521127,0.003945617675781251,0.9014084507042254,1.4753521126760576,0.29999998211860657,26,0.95,958.31,0.29999998211860657,1.0,0.29999998211860657,0.29999998211860657,0.29999998211860657,0.29999998211860657,0.29999998211860657,0.29999998211860657,7357,0.29999998211860657,0.29999998211860657,0.09859154929577464,0.29999998211860657,0.29999998211860657,0.29999998211860657,0.29999998211860657,441,0.29999998211860657,0.29999998211860657,0.1,0.7727272727272727,0.001807526,20,1e-05,19,-0.08825145661830902,0.6989926099777222,0.30000001192092896,22,-5.374142646789551,0.0,21,0.2,1.0,14,1.0,0.8947368421052632,128,0.07286605834960938,0.7142857142857143,-0.003718386150558217,0.16175357779138722,4400
0.29999998211860657,11,0.29999998211860657,696.5738525390625,7857,0.29999998211860657,0.29999998211860657,0.29999998211860657,0.29999998211860657,0.29999998211860657,0.29999998211860657,57933824,0.29999998211860657,1.4862879475772444,0.29999998211860657,0.29999998211860657,1.7698412698412698,0.00394287109375,0.9285714285714286,1.4911904761904777,0.29999998211860657,25,1.0,965.46,0.29999998211860657,1.0,0.29999998211860657,0.29999998211860657,0.29999998211860657,0.29999998211860657,0.29999998211860657,0.29999998211860657,7373,0.29999998211860657,0.29999998211860657,0.07142857142857142,0.29999998211860657,0.29999998211860657,0.29999998211860657,0.29999998211860657,442,0.29999998211860657,0.29999998211860657,0.1,0.8421052631578947,0.0018466443,15,1e-05,20,-0.17572759091854095,0.6990429162979126,0.30000001192092896,19,-5.374142646789551,0.0,20,0.2,1.0,16,1.0,0.85,117,0.07268142700195312,0.85,-0.0038832594129416973,0.1507607515726704,4410
0.29999998211860657,21,0.29999998211860657,676.5978393554688,7858,0.29999998211860657,0.29999998211860657,0.29999998211860657,0.29999998211860657,0.29999998211860657,0.29999998211860657,58064896,0.29999998211860657,1.7539740498578749,0.29999998211860657,0.29999998211860657,2.0689655172413794,0.00396697998046875,0.8827586206896552,1.479544827586208,0.29999998211860657,24,0.8095238095238095,943.54,0.29999998211860657,1.0,0.29999998211860657,0.29999998211860657,0.29999998211860657,0.29999998211860657,0.29999998211860657,0.29999998211860657,7389,0.29999998211860657,0.29999998211860657,0.11724137931034483,0.29999998211860657,0.29999998211860657,0.29999998211860657,0.29999998211860657,443,0.29999998211860657,0.29999998211860657,0.1,0.9523809523809523,0.001757558,17,1e-05,22,-0.15961958467960358,0.7507429122924805,0.30000001192092896,21,-5.374142646789551,0.0,24,0.2,1.0,16,1.0,0.7272727272727273,128,0.06663131713867188,0.75,-0.0035760101093728737,0.1156370092794532,4420
0.29999998211860657,24,0.29999998211860657,673.7803955078125,7858,0.29999998211860657,0.29999998211860657,0.29999998211860657,0.29999998211860657,0.29999998211860657,0.29999998211860657,58195968,0.29999998211860657,1.6498598564996396,0.29999998211860657,0.29999998211860657,2.0381679389312977,0.003973693847656249,0.8931297709923665,1.4617709923664133,0.29999998211860657,20,0.9583333333333334,943.04,0.29999998211860657,1.0,0.29999998211860657,0.29999998211860657,0.29999998211860657,0.29999998211860657,0.29999998211860657,0.29999998211860657,7405,0.29999998211860657,0.29999998211860657,0.10687022900763359,0.29999998211860657,0.29999998211860657,0.29999998211860657,0.29999998211860657,444,0.29999998211860657,0.29999998211860657,0.1,0.6666666666666666,0.0019558317,18,1e-05,17,-0.11817735433578491,0.7167398929595947,0.30000001192092896,15,-5.374142646789551,0.0,17,0.2,0.95,20,1.0,0.8823529411764706,117,0.07579193115234376,0.7058823529411765,-0.0036809288619679137,0.1861812077986542,4430
0.29999998211860657,19,0.29999998211860657,689.9076538085938,7859,0.29999998211860657,0.29999998211860657,0.29999998211860657,0.29999998211860657,0.29999998211860657,0.29999998211860657,58327040,0.29999998211860657,1.5251825754059691,0.29999998211860657,0.29999998211860657,1.7972027972027973,0.003977966308593751,0.9090909090909091,1.4904895104895115,0.29999998211860657,31,1.0,960.47,0.29999998211860657,1.0,0.29999998211860657,0.29999998211860657,0.29999998211860657,0.29999998211860657,0.29999998211860657,0.29999998211860657,7421,0.29999998211860657,0.29999998211860657,0.09090909090909091,0.29999998211860657,0.29999998211860657,0.29999998211860657,0.29999998211860657,445,0.29999998211860657,0.29999998211860657,0.1,0.8333333333333334,0.0017396489,19,1e-05,18,-0.11029009521007538,0.7575791478157043,0.30000001192092896,18,-5.374142646789551,0.0,22,0.2,1.0,16,0.9473684210526315,0.6666666666666666,130,0.0666961669921875,0.8636363636363636,-0.0033933837969925664,0.1429455741395941,4440
0.29999998211860657,21,0.29999998211860657,681.814208984375,7860,0.29999998211860657,0.29999998211860657,0.29999998211860657,0.29999998211860657,0.29999998211860657,0.29999998211860657,58458112,0.29999998211860657,1.5789262091683784,0.29999998211860657,0.29999998211860657,2.0387596899224807,0.00400970458984375,0.9147286821705426,1.4890077519379856,0.29999998211860657,23,0.9523809523809523,952.38,0.29999998211860657,1.0,0.29999998211860657,0.29999998211860657,0.29999998211860657,0.29999998211860657,0.29999998211860657,0.29999998211860657,7437,0.29999998211860657,0.29999998211860657,0.08527131782945736,0.29999998211860657,0.29999998211860657,0.29999998211860657,0.29999998211860657,446,0.29999998211860657,0.29999998211860657,0.1,0.9,0.0018135988,20,1e-05,21,-0.12084546685218811,0.7584163546562195,0.30000001192092896,10,-5.374142646789551,0.0,19,0.2,1.0,15,0.95,0.8095238095238095,118,0.07020492553710937,0.7894736842105263,-0.003849714279294858,0.13319665942108258,4450
0.29999998211860657,12,0.29999998211860657,682.9166259765625,7860,0.29999998211860657,0.29999998211860657,0.29999998211860657,0.29999998211860657,0.29999998211860657,0.29999998211860657,58589184,0.29999998211860657,1.5869074638034146,0.29999998211860657,0.29999998211860657,1.7862068965517242,0.004058837890625,0.8827586206896552,1.5018620689655182,0.29999998211860657,26,0.9166666666666666,952.88,0.29999998211860657,0.9615384615384616,0.29999998211860657,0.29999998211860657,0.29999998211860657,0.29999998211860657,0.29999998211860657,0.29999998211860657,7453,0.29999998211860657,0.29999998211860657,0.11724137931034483,0.29999998211860657,0.29999998211860657,0.29999998211860657,0.29999998211860657,447,0.29999998211860657,0.29999998211860657,0.1,0.8695652173913043,0.0017928858,17,1e-05,18,-0.04602569341659546,0.785439133644104,0.30000001192092896,23,-5.374142646789551,0.0,30,0.2,1.0,19,1.0,0.7222222222222222,128,0.06794281005859375,0.7666666666666667,-0.0035630473537821674,0.13394179741153495,4460
0.29999998211860657,18,0.29999998211860657,683.564208984375,7861,0.29999998211860657,0.29999998211860657,0.29999998211860657,0.29999998211860657,0.29999998211860657,0.29999998211860657,58720256,0.29999998211860657,1.602530539940795,0.29999998211860657,0.29999998211860657,1.7596899224806202,0.003983764648437501,0.9147286821705426,1.484186046511629,0.29999998211860657,24,0.8888888888888888,958.16,0.29999998211860657,0.9583333333333334,0.29999998211860657,0.29999998211860657,0.29999998211860657,0.29999998211860657,0.29999998211860657,0.29999998211860657,7469,0.29999998211860657,0.29999998211860657,0.08527131782945736,0.29999998211860657,0.29999998211860657,0.29999998211860657,0.29999998211860657,448,0.29999998211860657,0.29999998211860657,0.1,0.9166666666666666,0.0017942355,22,1e-05,16,-0.09277379512786865,0.7583679556846619,0.30000001192092896,12,-5.374142646789551,0.0,17,0.2,1.0,20,1.0,0.8125,118,0.07062606811523438,0.7647058823529411,-0.0040884628419917135,0.1714871556207072,4470
0.29999998211860657,16,0.29999998211860657,679.574951171875,7862,0.29999998211860657,0.29999998211860657,0.29999998211860657,0.29999998211860657,0.29999998211860657,0.29999998211860657,58851328,0.29999998211860657,1.615237707013312,0.29999998211860657,0.29999998211860657,1.7872340425531914,0.00404052734375,0.9219858156028369,1.4949645390070934,0.29999998211860657,28,1.0,953.05,0.29999998211860657,1.0,0.29999998211860657,0.29999998211860657,0.29999998211860657,0.29999998211860657,0.29999998211860657,0.29999998211860657,7485,0.29999998211860657,0.29999998211860657,0.07801418439716312,0.29999998211860657,0.29999998211860657,0.29999998211860657,0.29999998211860657,449,0.29999998211860657,0.29999998211860657,0.1,0.8947368421052632,0.0017964675,15,1e-05,24,-0.09810620546340942,0.6771045923233032,0.30000001192092896,19,-5.374142646789551,0.0,17,0.2,1.0,22,1.0,0.75,130,0.06886978149414062,0.8235294117647058,-0.0033729017180121447,0.14166819756210317,4480
0.29999998211860657,17,0.29999998211860657,670.1892700195312,7863,0.29999998211860657,0.29999998211860657,0.29999998211860657,0.29999998211860657,0.29999998211860657,0.29999998211860657,58982400,0.29999998211860657,1.5793363847246484,0.29999998211860657,0.29999998211860657,1.72992700729927,0.004050292968750001,0.8978102189781022,1.476000000000001,0.29999998211860657,31,0.8823529411764706,934.08,0.29999998211860657,1.0,0.29999998211860657,0.29999998211860657,0.29999998211860657,0.29999998211860657,0.29999998211860657,0.29999998211860657,7501,0.29999998211860657,0.29999998211860657,0.10218978102189781,0.29999998211860657,0.29999998211860657,0.29999998211860657,0.29999998211860657,450,0.29999998211860657,0.29999998211860657,0.1,0.6666666666666666,0.0017261009,17,1e-05,16,-0.18440721929073334,0.7192625999450684,0.30000001192092896,12,-5.374142646789551,0.0,26,0.2,1.0,18,1.0,0.8125,123,0.06703109741210937,0.8076923076923077,-0.0036238265627162036,0.11689706939796451,4490
0.29999998211860657,17,0.29999998211860657,691.7002563476562,7863,0.29999998211860657,0.29999998211860657,0.29999998211860657,0.29999998211860657,0.29999998211860657,0.29999998211860657,59113472,0.29999998211860657,1.6227450579410403,0.29999998211860657,0.29999998211860657,1.9191176470588236,0.0040728759765625,0.9191176470588235,1.4839264705882365,0.29999998211860657,25,1.0,970.48,0.29999998211860657,1.0,0.29999998211860657,0.29999998211860657,0.29999998211860657,0.29999998211860657,0.29999998211860657,0.29999998211860657,7517,0.29999998211860657,0.29999998211860657,0.08088235294117647,0.29999998211860657,0.29999998211860657,0.29999998211860657,0.29999998211860657,451,0.29999998211860657,0.29999998211860657,0.1,0.9615384615384616,0.0019358001,16,1e-05,19,-0.1585659682750702,0.6956713199615479,0.30000001192092896,26,-5.374142646789551,0.0,19,0.2,1.0,14,0.9375,0.7894736842105263,125,0.07741165161132812,0.7368421052631579,-0.003916250781003328,0.16383832112187519,4500
0.29999998211860657,13,0.29999998211860657,682.3228759765625,7864,0.29999998211860657,0.29999998211860657,0.29999998211860657,0.29999998211860657,0.29999998211860657,0.29999998211860657,59244544,0.29999998211860657,1.6242998196647007,0.29999998211860657,0.29999998211860657,1.710144927536232,0.0041607666015625,0.8768115942028986,1.4624927536231893,0.29999998211860657,29,0.9230769230769231,950.49,0.29999998211860657,1.0,0.29999998211860657,0.29999998211860657,0.29999998211860657,0.29999998211860657,0.29999998211860657,0.29999998211860657,7533,0.29999998211860657,0.29999998211860657,0.12318840579710146,0.29999998211860657,0.29999998211860657,0.29999998211860657,0.29999998211860657,452,0.29999998211860657,0.29999998211860657,0.1,0.8125,0.0017794885,18,1e-05,24,-0.11700432002544403,0.7483453750610352,0.30000001192092896,16,-5.374142646789551,0.0,18,0.2,0.95,20,1.0,0.7083333333333334,121,0.0701690673828125,0.7222222222222222,-0.003562110053280776,0.13674314223171677,4510
0.29999998211860657,23,0.29999998211860657,692.6429443359375,7865,0.29999998211860657,0.29999998211860657,0.29999998211860657,0.29999998211860657,0.29999998211860657,0.29999998211860657,59375616,0.29999998211860657,1.5849060246239104,0.29999998211860657,0.29999998211860657,2.0601503759398496,0.004129638671875,0.9323308270676691,1.4665263157894746,0.29999998211860657,25,1.0,967.24,0.29999998211860657,1.0,0.29999998211860657,0.29999998211860657,0.29999998211860657,0.29999998211860657,0.29999998211860657,0.29999998211860657,7549,0.29999998211860657,0.29999998211860657,0.06766917293233082,0.29999998211860657,0.29999998211860657,0.29999998211860657,0.29999998211860657,453,0.29999998211860657,0.29999998211860657,0.1,0.8235294117647058,0.0018979649,16,1e-05,23,-0.1196424663066864,0.6798874139785767,0.30000001192092896,17,-5.374142646789551,0.0,14,0.2,1.0,15,1.0,0.8260869565217391,124,0.07601242065429688,0.8571428571428571,-0.003892937859018275,0.16844005069579,4520
0.29999998211860657,18,0.29999998211860657,692.5127563476562,7866,0.29999998211860657,0.29999998211860657,0.29999998211860657,0.29999998211860657,0.29999998211860657,0.29999998211860657,59506688,0.29999998211860657,1.5923566979427208,0.29999998211860657,0.29999998211860657,2.0583941605839415,0.004149169921875001,0.9197080291970803,1.4790364963503662,0.29999998211860657,20,1.0,972.93,0.29999998211860657,1.0,0.29999998211860657,0.29999998211860657,0.29999998211860657,0.29999998211860657,0.29999998211860657,0.29999998211860657,7564,0.29999998211860657,0.29999998211860657,0.08029197080291971,0.29999998211860657,0.29999998211860657,0.29999998211860657,0.29999998211860657,454,0.29999998211860657,0.29999998211860657,0.1,0.9090909090909091,0.0017619552,17,1e-05,22,-0.1567891389131546,0.7427427768707275,0.30000001192092896,22,-5.374142646789551,0.0,21,0.2,1.0,17,1.0,0.8181818181818182,126,0.0674041748046875,0.7619047619047619,-0.0036533154355311128,0.10661580336745828,4530
0.29999998211860657,18,0.29999998211860657,672.4363403320312,7866,0.29999998211860657,0.29999998211860657,0.29999998211860657,0.29999998211860657,0.29999998211860657,0.29999998211860657,59637760,0.29999998211860657,1.6495715554937462,0.29999998211860657,0.29999998211860657,1.8394160583941606,0.00409149169921875,0.8905109489051095,1.464043795620439,0.29999998211860657,23,1.0,935.79,0.29999998211860657,1.0,0.29999998211860657,0.29999998211860657,0.29999998211860657,0.29999998211860657,0.29999998211860657,0.29999998211860657,7580,0.29999998211860657,0.29999998211860657,0.10948905109489052,0.29999998211860657,0.29999998211860657,0.29999998211860657,0.29999998211860657,455,0.29999998211860657,0.29999998211860657,0.1,0.7647058823529411,0.0018106115,20,1e-05,14,-0.14937368035316467,0.7161579728126526,0.30000001192092896,17,-5.374142646789551,0.0,25,0.2,1.0,20,1.0,0.8571428571428571,122,0.06971817016601563,0.64,-0.0036936114342097427,0.12913062857696786,4540
0.29999998211860657,22,0.29999998211860657,690.0895385742188,7867,0.29999998211860657,0.29999998211860657,0.29999998211860657,0.29999998211860657,0.29999998211860657,0.29999998211860657,59768832,0.29999998211860657,1.5393945528933568,0.29999998211860657,0.29999998211860657,1.8357142857142856,0.00406341552734375,0.9214285714285714,1.4641571428571438,0.29999998211860657,30,1.0,955.4,0.29999998211860657,1.0,0.29999998211860657,0.29999998211860657,0.29999998211860657,0.29999998211860657,0.29999998211860657,0.29999998211860657,7596,0.29999998211860657,0.29999998211860657,0.07857142857142857,0.29999998211860657,0.29999998211860657,0.29999998211860657,0.29999998211860657,456,0.29999998211860657,0.29999998211860657,0.1,0.8888888888888888,0.0018700566,14,1e-05,19,-0.07981106638908386,0.744571328163147,0.30000001192092896,18,-5.374142646789551,0.0,17,0.2,1.0,20,1.0,0.7368421052631579,129,0.07513885498046875,0.7647058823529411,-0.003656930611396092,0.16187138870591297,4550
0.29999998211860657,15,0.29999998211860657,709.1001586914062,7868,0.29999998211860657,0.29999998211860657,0.29999998211860657,0.29999998211860657,0.29999998211860657,0.29999998211860657,59899904,0.29999998211860657,1.583907125675715,0.29999998211860657,0.29999998211860657,1.7348484848484849,0.0040869140625000005,0.9166666666666666,1.4791515151515164,0.29999998211860657,24,1.0,983.52,0.29999998211860657,1.0,0.29999998211860657,0.29999998211860657,0.29999998211860657,0.29999998211860657,0.29999998211860657,0.29999998211860657,7612,0.29999998211860657,0.29999998211860657,0.08333333333333333,0.29999998211860657,0.29999998211860657,0.29999998211860657,0.29999998211860657,457,0.29999998211860657,0.29999998211860657,0.1,0.8947368421052632,0.0018019062,15,1e-05,17,-0.13554680347442627,0.6912187337875366,0.30000001192092896,19,-5.374142646789551,0.0,19,0.2,1.0,23,1.0,0.7647058823529411,121,0.069403076171875,0.7368421052631579,-0.0037836576103472907,0.13554151272692253,4560
0.29999998211860657,24,0.29999998211860657,703.3872680664062,7868,0.29999998211860657,0.29999998211860657,0.29999998211860657,0.29999998211860657,0.29999998211860657,0.29999998211860657,60030976,0.29999998211860657,1.5888780644652853,0.29999998211860657,0.29999998211860657,2.0,0.0040802001953125005,0.927536231884058,1.4876956521739142,0.29999998211860657,21,0.8333333333333334,970.03,0.29999998211860657,1.0,0.29999998211860657,0.29999998211860657,0.29999998211860657,0.29999998211860657,0.29999998211860657,0.29999998211860657,7628,0.29999998211860657,0.29999998211860657,0.07246376811594203,0.29999998211860657,0.29999998211860657,0.29999998211860657,0.29999998211860657,458,0.29999998211860657,0.29999998211860657,0.1,0.8823529411764706,0.001833806,17,1e-05,18,-0.1664712131023407,0.7077907919883728,0.30000001192092896,17,-5.374142646789551,0.0,18,0.2,1.0,23,1.0,0.8333333333333334,128,0.07238922119140626,0.9444444444444444,-0.0036954637464077676,0.12152509158186149,4570
0.29999998211860657,10,0.29999998211860657,686.499267578125,7869,0.29999998211860657,0.29999998211860657,0.29999998211860657,0.29999998211860657,0.29999998211860657,0.29999998211860657,60162048,0.29999998211860657,1.5836788523429843,0.29999998211860657,0.29999998211860657,1.7205882352941178,0.004208679199218751,0.9117647058823529,1.4741176470588244,0.29999998211860657,24,1.0,954.93,0.29999998211860657,1.0,0.29999998211860657,0.29999998211860657,0.29999998211860657,0.29999998211860657,0.29999998211860657,0.29999998211860657,7644,0.29999998211860657,0.29999998211860657,0.08823529411764706,0.29999998211860657,0.29999998211860657,0.29999998211860657,0.29999998211860657,459,0.29999998211860657,0.29999998211860657,0.1,1.0,0.0017837118,15,1e-05,24,-0.15392035245895386,0.6928139925003052,0.30000001192092896,20,-5.374142646789551,0.0,19,0.2,0.9583333333333334,24,0.9333333333333333,0.7916666666666666,124,0.06798248291015625,0.7368421052631579,-0.003624150430732698,0.14142115629801993,4580
0.29999998211860657,10,0.29999998211860657,712.5261840820312,7870,0.29999998211860657,0.29999998211860657,0.29999998211860657,0.29999998211860657,0.29999998211860657,0.29999998211860657,60293120,0.29999998211860657,1.297595332587921,0.29999998211860657,0.29999998211860657,1.6742424242424243,0.004212646484375001,0.9621212121212122,1.4873333333333345,0.29999998211860657,26,1.0,985.17,0.29999998211860657,1.0,0.29999998211860657,0.29999998211860657,0.29999998211860657,0.29999998211860657,0.29999998211860657,0.29999998211860657,7660,0.29999998211860657,0.29999998211860657,0.03787878787878788,0.29999998211860657,0.29999998211860657,0.29999998211860657,0.29999998211860657,460,0.29999998211860657,0.29999998211860657,0.1,0.88,0.001741245,18,1e-05,21,-0.18988560140132904,0.7859089970588684,0.30000001192092896,25,-5.374142646789551,0.0,15,0.2,1.0,17,1.0,0.9047619047619048,127,0.0665863037109375,1.0,-0.003614180914701137,0.11987215454282704,4590
0.29999998211860657,24,0.29999998211860657,688.510986328125,7871,0.29999998211860657,0.29999998211860657,0.29999998211860657,0.29999998211860657,0.29999998211860657,0.29999998211860657,60424192,0.29999998211860657,1.6291202089900538,0.29999998211860657,0.29999998211860657,2.007042253521127,0.0041839599609375,0.9084507042253521,1.4714366197183109,0.29999998211860657,25,1.0,950.64,0.29999998211860657,1.0,0.29999998211860657,0.29999998211860657,0.29999998211860657,0.29999998211860657,0.29999998211860657,0.29999998211860657,7676,0.29999998211860657,0.29999998211860657,0.09154929577464789,0.29999998211860657,0.29999998211860657,0.29999998211860657,0.29999998211860657,461,0.29999998211860657,0.29999998211860657,0.1,0.8636363636363636,0.0017446445,15,1e-05,17,-0.18227046728134155,0.7371988296508789,0.30000001192092896,22,-5.374142646789551,0.0,21,0.2,0.8888888888888888,18,0.9333333333333333,0.8235294117647058,129,0.06365814208984374,0.8095238095238095,-0.003641030047674576,0.07991289262135978,4600
0.29999998211860657,21,0.29999998211860657,686.135986328125,7871,0.29999998211860657,0.29999998211860657,0.29999998211860657,0.29999998211860657,0.29999998211860657,0.29999998211860657,60555264,0.29999998211860657,1.5782294602757823,0.29999998211860657,0.29999998211860657,1.9854014598540146,0.004144897460937501,0.9124087591240876,1.4838978102189793,0.29999998211860657,26,1.0,952.05,0.29999998211860657,1.0,0.29999998211860657,0.29999998211860657,0.29999998211860657,0.29999998211860657,0.29999998211860657,0.29999998211860657,7692,0.29999998211860657,0.29999998211860657,0.08759124087591241,0.29999998211860657,0.29999998211860657,0.29999998211860657,0.29999998211860657,462,0.29999998211860657,0.29999998211860657,0.1,0.75,0.0017964124,16,1e-05,20,-0.09652380645275116,0.7267154455184937,0.30000001192092896,20,-5.374142646789551,0.0,19,0.2,1.0,15,1.0,0.85,125,0.07002029418945313,0.7894736842105263,-0.003797092024979065,0.167421420867322,4610
0.29999998211860657,18,0.29999998211860657,687.361328125,7872,0.29999998211860657,0.29999998211860657,0.29999998211860657,0.29999998211860657,0.29999998211860657,0.29999998211860657,60686336,0.29999998211860657,1.5562778127245964,0.29999998211860657,0.29999998211860657,1.9154929577464788,0.00417572021484375,0.9084507042253521,1.5039154929577476,0.29999998211860657,25,1.0,965.75,0.29999998211860657,1.0,0.29999998211860657,0.29999998211860657,0.29999998211860657,0.29999998211860657,0.29999998211860657,0.29999998211860657,7708,0.29999998211860657,0.29999998211860657,0.09154929577464789,0.29999998211860657,0.29999998211860657,0.29999998211860657,0.29999998211860657,463,0.29999998211860657,0.29999998211860657,0.1,0.9090909090909091,0.0017742375,8,1e-05,20,-0.12391042709350586,0.7681936621665955,0.30000001192092896,22,-5.374142646789551,0.0,25,0.2,0.9166666666666666,24,1.0,0.95,129,0.06625823974609375,0.68,-0.003776356032540207,0.12211175597039983,4620
0.29999998211860657,23,0.29999998211860657,693.750732421875,7873,0.29999998211860657,0.29999998211860657,0.29999998211860657,0.29999998211860657,0.29999998211860657,0.29999998211860657,60817408,0.29999998211860657,1.5823322988294517,0.29999998211860657,0.29999998211860657,1.9083969465648856,0.0041864013671875,0.9312977099236641,1.4766564885496192,0.29999998211860657,24,0.8695652173913043,959.39,0.29999998211860657,1.0,0.29999998211860657,0.29999998211860657,0.29999998211860657,0.29999998211860657,0.29999998211860657,0.29999998211860657,7724,0.29999998211860657,0.29999998211860657,0.06870229007633588,0.29999998211860657,0.29999998211860657,0.29999998211860657,0.29999998211860657,464,0.29999998211860657,0.29999998211860657,0.1,0.875,0.0018132748,21,1e-05,16,-0.17083537578582764,0.7687700986862183,0.30000001192092896,16,-5.374142646789551,0.0,14,0.2,1.0,17,0.9523809523809523,0.9375,122,0.07216262817382812,0.8571428571428571,-0.003501672998345384,0.137828878039727,4630
0.29999998211860657,14,0.29999998211860657,691.2979125976562,7873,0.29999998211860657,0.29999998211860657,0.29999998211860657,0.29999998211860657,0.29999998211860657,0.29999998211860657,60948480,0.29999998211860657,1.6932142084705282,0.29999998211860657,0.29999998211860657,1.837837837837838,0.004255981445312499,0.9121621621621622,1.4765405405405414,0.29999998211860657,29,0.9285714285714286,962.91,0.29999998211860657,1.0,0.29999998211860657,0.29999998211860657,0.29999998211860657,0.29999998211860657,0.29999998211860657,0.29999998211860657,7740,0.29999998211860657,0.29999998211860657,0.08783783783783784,0.29999998211860657,0.29999998211860657,0.29999998211860657,0.29999998211860657,465,0.29999998211860657,0.29999998211860657,0.1,0.8636363636363636,0.0017629648,25,1e-05,27,-0.16307443380355835,0.6510487794876099,0.30000001192092896,22,-5.374142646789551,0.0,18,0.2,0.9230769230769231,13,1.0,0.7037037037037037,135,0.06739501953125,1.0,-0.003600317292739419,0.13082453563984017,4640
0.29999998211860657,11,0.29999998211860657,696.574951171875,7874,0.29999998211860657,0.29999998211860657,0.29999998211860657,0.29999998211860657,0.29999998211860657,0.29999998211860657,61079552,0.29999998211860657,1.5040255245153107,0.29999998211860657,0.29999998211860657,1.6611570247933884,0.004248046875,0.9338842975206612,1.484710743801654,0.29999998211860657,22,1.0,963.67,0.29999998211860657,1.0,0.29999998211860657,0.29999998211860657,0.29999998211860657,0.29999998211860657,0.29999998211860657,0.29999998211860657,7756,0.29999998211860657,0.29999998211860657,0.06611570247933884,0.29999998211860657,0.29999998211860657,0.29999998211860657,0.29999998211860657,466,0.29999998211860657,0.29999998211860657,0.1,1.0,0.0018255495,18,1e-05,19,-0.2014276087284088,0.6844325065612793,0.30000001192092896,19,-5.374142646789551,0.0,12,0.2,1.0,20,1.0,0.8421052631578947,113,0.07246856689453125,0.5833333333333334,-0.003973031206533051,0.1556056679371977,4650
0.29999998211860657,20,0.29999998211860657,696.440185546875,7875,0.29999998211860657,0.29999998211860657,0.29999998211860657,0.29999998211860657,0.29999998211860657,0.29999998211860657,61210624,0.29999998211860657,1.6312673336094823,0.29999998211860657,0.29999998211860657,1.8571428571428572,0.00431884765625,0.9090909090909091,1.4754805194805205,0.29999998211860657,23,0.85,967.89,0.29999998211860657,0.9565217391304348,0.29999998211860657,0.29999998211860657,0.29999998211860657,0.29999998211860657,0.29999998211860657,0.29999998211860657,7772,0.29999998211860657,0.29999998211860657,0.09090909090909091,0.29999998211860657,0.29999998211860657,0.29999998211860657,0.29999998211860657,467,0.29999998211860657,0.29999998211860657,0.1,1.0,0.0018170679,15,1e-05,24,-0.1626368761062622,0.6901037693023682,0.30000001192092896,19,-5.374142646789551,0.0,20,0.2,0.9696969696969697,33,1.0,0.8333333333333334,140,0.06996231079101563,0.75,-0.0037107374675542813,0.12113070772320497,4660
0.29999998211860657,20,0.29999998211860657,668.2125244140625,7876,0.29999998211860657,0.29999998211860657,0.29999998211860657,0.29999998211860657,0.29999998211860657,0.29999998211860657,61341696,0.29999998211860657,1.5976129245340474,0.29999998211860657,0.29999998211860657,2.0252100840336134,0.004237365722656251,0.8823529411764706,1.4857815126050427,0.29999998211860657,22,0.85,939.63,0.29999998211860657,1.0,0.29999998211860657,0.29999998211860657,0.29999998211860657,0.29999998211860657,0.29999998211860657,0.29999998211860657,7788,0.29999998211860657,0.29999998211860657,0.11764705882352941,0.29999998211860657,0.29999998211860657,0.29999998211860657,0.29999998211860657,468,0.29999998211860657,0.29999998211860657,0.1,0.8,0.0018016924,17,1e-05,17,-0.039546966552734375,0.6466119885444641,0.30000001192092896,15,-5.374142646789551,0.0,16,0.2,1.0,12,0.9411764705882353,0.6470588235294118,105,0.06875,0.9375,-0.0036051908684385124,0.15679913230706005,4670
0.29999998211860657,20,0.29999998211860657,702.9568481445312,7876,0.29999998211860657,0.29999998211860657,0.29999998211860657,0.29999998211860657,0.29999998211860657,0.29999998211860657,61472768,0.29999998211860657,1.573899996668711,0.29999998211860657,0.29999998211860657,1.945945945945946,0.004235534667968751,0.9391891891891891,1.492972972972974,0.29999998211860657,25,1.0,971.4,0.29999998211860657,0.96,0.29999998211860657,0.29999998211860657,0.29999998211860657,0.29999998211860657,0.29999998211860657,0.29999998211860657,7804,0.29999998211860657,0.29999998211860657,0.060810810810810814,0.29999998211860657,0.29999998211860657,0.29999998211860657,0.29999998211860657,469,0.29999998211860657,0.29999998211860657,0.1,0.875,0.0017939243,18,1e-05,28,-0.16974225640296936,0.7865161895751953,0.30000001192092896,16,-5.374142646789551,0.0,17,0.2,0.9583333333333334,24,1.0,0.8928571428571429,139,0.06799087524414063,0.8823529411764706,-0.003654591021131637,0.15422442386625335,4680
0.29999998211860657,17,0.29999998211860657,678.5706176757812,7877,0.29999998211860657,0.29999998211860657,0.29999998211860657,0.29999998211860657,0.29999998211860657,0.29999998211860657,61603840,0.29999998211860657,1.5750943082167272,0.29999998211860657,0.29999998211860657,1.8571428571428572,0.00416351318359375,0.8888888888888888,1.4624603174603181,0.29999998211860657,25,0.8823529411764706,948.79,0.29999998211860657,1.0,0.29999998211860657,0.29999998211860657,0.29999998211860657,0.29999998211860657,0.29999998211860657,0.29999998211860657,7820,0.29999998211860657,0.29999998211860657,0.1111111111111111,0.29999998211860657,0.29999998211860657,0.29999998211860657,0.29999998211860657,470,0.29999998211860657,0.29999998211860657,0.1,0.6842105263157895,0.0018185666,19,1e-05,18,-0.0897822231054306,0.7480678558349609,0.30000001192092896,19,-5.374142646789551,0.0,15,0.2,0.9230769230769231,13,1.0,0.8888888888888888,112,0.07222061157226563,0.8,-0.0038085443991803915,0.12646670347021427,4690
0.29999998211860657,22,0.29999998211860657,690.9840087890625,7878,0.29999998211860657,0.29999998211860657,0.29999998211860657,0.29999998211860657,0.29999998211860657,0.29999998211860657,61734912,0.29999998211860657,1.535652712935707,0.29999998211860657,0.29999998211860657,1.8918918918918919,0.00421417236328125,0.9256756756756757,1.51464864864865,0.29999998211860657,30,0.9545454545454546,950.17,0.29999998211860657,0.9333333333333333,0.29999998211860657,0.29999998211860657,0.29999998211860657,0.29999998211860657,0.29999998211860657,0.29999998211860657,7836,0.29999998211860657,0.29999998211860657,0.07432432432432433,0.29999998211860657,0.29999998211860657,0.29999998211860657,0.29999998211860657,471,0.29999998211860657,0.29999998211860657,0.1,0.9523809523809523,0.0018064401,27,1e-05,17,-0.2029271125793457,0.7450133562088013,0.30000001192092896,21,-5.374142646789551,0.0,21,0.2,1.0,10,1.0,0.8235294117647058,137,0.07198028564453125,0.8095238095238095,-0.003955568867422698,0.13857147009985055,4700
0.29999998211860657,9,0.29999998211860657,670.647216796875,7878,0.29999998211860657,0.29999998211860657,0.29999998211860657,0.29999998211860657,0.29999998211860657,0.29999998211860657,61865984,0.29999998211860657,1.6357087107036417,0.29999998211860657,0.29999998211860657,1.7230769230769232,0.0043267822265625,0.8461538461538461,1.4740615384615394,0.29999998211860657,21,0.8888888888888888,929.01,0.29999998211860657,1.0,0.29999998211860657,0.29999998211860657,0.29999998211860657,0.29999998211860657,0.29999998211860657,0.29999998211860657,7852,0.29999998211860657,0.29999998211860657,0.15384615384615385,0.29999998211860657,0.29999998211860657,0.29999998211860657,0.29999998211860657,472,0.29999998211860657,0.29999998211860657,0.1,0.8260869565217391,0.0018257578,15,1e-05,22,-0.1855483055114746,0.7386181354522705,0.30000001192092896,23,-5.374142646789551,0.0,17,0.2,0.8695652173913043,23,1.0,0.5909090909090909,110,0.0714752197265625,0.8235294117647058,-0.004042561562710034,0.13687066296697595,4710
0.29999998211860657,12,0.29999998211860657,703.7310180664062,7879,0.29999998211860657,0.29999998211860657,0.29999998211860657,0.29999998211860657,0.29999998211860657,0.29999998211860657,61997056,0.29999998211860657,1.4776788668075251,0.29999998211860657,0.29999998211860657,1.6666666666666667,0.00438262939453125,0.9444444444444444,1.47538888888889,0.29999998211860657,27,0.9166666666666666,979.62,0.29999998211860657,1.0,0.29999998211860657,0.29999998211860657,0.29999998211860657,0.29999998211860657,0.29999998211860657,0.29999998211860657,7868,0.29999998211860657,0.29999998211860657,0.05555555555555555,0.29999998211860657,0.29999998211860657,0.29999998211860657,0.29999998211860657,473,0.29999998211860657,0.29999998211860657,0.1,0.9411764705882353,0.0017999001,24,1e-05,23,-0.04913245141506195,0.7115617990493774,0.30000001192092896,17,-5.374142646789551,0.0,19,0.2,1.0,22,0.9166666666666666,0.9565217391304348,136,0.07318572998046875,0.8421052631578947,-0.004038651673727145,0.17329946231620852,4720
0.29999998211860657,20,0.29999998211860657,698.1123657226562,7880,0.29999998211860657,0.29999998211860657,0.29999998211860657,0.29999998211860657,0.29999998211860657,0.29999998211860657,62128128,0.29999998211860657,1.513373062203252,0.29999998211860657,0.29999998211860657,1.968503937007874,0.004389648437500001,0.937007874015748,1.485496062992127,0.29999998211860657,19,1.0,968.41,0.29999998211860657,1.0,0.29999998211860657,0.29999998211860657,0.29999998211860657,0.29999998211860657,0.29999998211860657,0.29999998211860657,7884,0.29999998211860657,0.29999998211860657,0.06299212598425197,0.29999998211860657,0.29999998211860657,0.29999998211860657,0.29999998211860657,474,0.29999998211860657,0.29999998211860657,0.1,0.8666666666666667,0.0017483274,12,1e-05,19,-0.12032318115234375,0.6797462701797485,0.30000001192092896,15,-5.374142646789551,0.0,17,0.2,0.96,25,1.0,0.8947368421052632,119,0.06863021850585938,0.8235294117647058,-0.003636727908815374,0.11315705109736882,4730
0.29999998211860657,24,0.29999998211860657,694.915283203125,7880,0.29999998211860657,0.29999998211860657,0.29999998211860657,0.29999998211860657,0.29999998211860657,0.29999998211860657,62259200,0.29999998211860657,1.6758643443316725,0.29999998211860657,0.29999998211860657,1.904109589041096,0.004269714355468751,0.9041095890410958,1.4818082191780833,0.29999998211860657,22,1.0,959.17,0.29999998211860657,1.0,0.29999998211860657,0.29999998211860657,0.29999998211860657,0.29999998211860657,0.29999998211860657,0.29999998211860657,7900,0.29999998211860657,0.29999998211860657,0.0958904109589041,0.29999998211860657,0.29999998211860657,0.29999998211860657,0.29999998211860657,475,0.29999998211860657,0.29999998211860657,0.1,0.8260869565217391,0.0017700398,20,1e-05,12,-0.17180269956588745,0.7190418243408203,0.30000001192092896,23,-5.374142646789551,0.0,22,0.2,0.9565217391304348,23,1.0,0.75,132,0.0685394287109375,0.7272727272727273,-0.003807943433730543,0.09481959840049967,4740
0.29999998211860657,18,0.29999998211860657,699.15185546875,7881,0.29999998211860657,0.29999998211860657,0.29999998211860657,0.29999998211860657,0.29999998211860657,0.29999998211860657,62390272,0.29999998211860657,1.86788546479676,0.29999998211860657,0.29999998211860657,1.9770992366412214,0.00424957275390625,0.8854961832061069,1.4785648854961841,0.29999998211860657,14,0.9444444444444444,962.82,0.29999998211860657,0.9285714285714286,0.29999998211860657,0.29999998211860657,0.29999998211860657,0.29999998211860657,0.29999998211860657,0.29999998211860657,7916,0.29999998211860657,0.29999998211860657,0.11450381679389313,0.29999998211860657,0.29999998211860657,0.29999998211860657,0.29999998211860657,476,0.29999998211860657,0.29999998211860657,0.1,0.8,0.0019143885,13,1e-05,18,-0.05769038200378418,0.6897130608558655,0.30000001192092896,25,-5.374142646789551,0.0,16,0.2,1.0,27,1.0,0.6666666666666666,116,0.0755340576171875,0.875,-0.0037230806527986716,0.13739851631980854,4750
0.29999998211860657,15,0.29999998211860657,703.3186645507812,7882,0.29999998211860657,0.29999998211860657,0.29999998211860657,0.29999998211860657,0.29999998211860657,0.29999998211860657,62521344,0.29999998211860657,1.5173361069594429,0.29999998211860657,0.29999998211860657,1.5147058823529411,0.00435455322265625,0.9485294117647058,1.4721029411764714,0.29999998211860657,32,1.0,971.45,0.29999998211860657,1.0,0.29999998211860657,0.29999998211860657,0.29999998211860657,0.29999998211860657,0.29999998211860657,0.29999998211860657,7932,0.29999998211860657,0.29999998211860657,0.051470588235294115,0.29999998211860657,0.29999998211860657,0.29999998211860657,0.29999998211860657,477,0.29999998211860657,0.29999998211860657,0.1,0.9090909090909091,0.0018428371,14,1e-05,12,-0.07207797467708588,0.7361722588539124,0.30000001192092896,22,-5.374142646789551,0.0,19,0.2,1.0,22,0.9285714285714286,0.9166666666666666,129,0.06905593872070312,0.8421052631578947,-0.003670293240020328,0.1556859774660552,4760
0.29999998211860657,14,0.29999998211860657,699.854248046875,7882,0.29999998211860657,0.29999998211860657,0.29999998211860657,0.29999998211860657,0.29999998211860657,0.29999998211860657,62652416,0.29999998211860657,1.4897043156983227,0.29999998211860657,0.29999998211860657,1.6592592592592592,0.00439239501953125,0.9185185185185185,1.4844740740740752,0.29999998211860657,32,1.0,969.39,0.29999998211860657,1.0,0.29999998211860657,0.29999998211860657,0.29999998211860657,0.29999998211860657,0.29999998211860657,0.29999998211860657,7948,0.29999998211860657,0.29999998211860657,0.08148148148148149,0.29999998211860657,0.29999998211860657,0.29999998211860657,0.29999998211860657,478,0.29999998211860657,0.29999998211860657,0.1,0.85,0.0018008158,12,1e-05,17,-0.11667568981647491,0.7165250778198242,0.30000001192092896,20,-5.374142646789551,0.0,22,0.2,1.0,18,1.0,0.8235294117647058,124,0.07338638305664062,0.7727272727272727,-0.0038963658020293225,0.1124995617516106,4770
0.29999998211860657,16,0.29999998211860657,678.6504516601562,7883,0.29999998211860657,0.29999998211860657,0.29999998211860657,0.29999998211860657,0.29999998211860657,0.29999998211860657,62783488,0.29999998211860657,1.6242952057618947,0.29999998211860657,0.29999998211860657,1.8082191780821917,0.00443817138671875,0.8972602739726028,1.4747808219178093,0.29999998211860657,27,0.9375,946.06,0.29999998211860657,1.0,0.29999998211860657,0.29999998211860657,0.29999998211860657,0.29999998211860657,0.29999998211860657,0.29999998211860657,7964,0.29999998211860657,0.29999998211860657,0.10273972602739725,0.29999998211860657,0.29999998211860657,0.29999998211860657,0.29999998211860657,479,0.29999998211860657,0.29999998211860657,0.1,0.8260869565217391,0.0018359467,27,1e-05,18,-0.15874266624450684,0.7455868721008301,0.30000001192092896,23,-5.374142646789551,0.0,22,0.2,1.0,13,1.0,0.6666666666666666,131,0.07310867309570312,0.8181818181818182,-0.0037824194331278703,0.13367424123571253,4780
0.29999998211860657,16,0.29999998211860657,701.942138671875,7883,0.29999998211860657,0.29999998211860657,0.29999998211860657,0.29999998211860657,0.29999998211860657,0.29999998211860657,62914560,0.29999998211860657,1.5429398933099114,0.29999998211860657,0.29999998211860657,1.9133858267716535,0.0045724487304687495,0.9448818897637795,1.4775748031496077,0.29999998211860657,24,0.9375,969.83,0.29999998211860657,1.0,0.29999998211860657,0.29999998211860657,0.29999998211860657,0.29999998211860657,0.29999998211860657,0.29999998211860657,7980,0.29999998211860657,0.29999998211860657,0.05511811023622047,0.29999998211860657,0.29999998211860657,0.29999998211860657,0.29999998211860657,480,0.29999998211860657,0.29999998211860657,0.1,1.0,0.001921264,16,1e-05,21,-0.16650664806365967,0.7492098212242126,0.30000001192092896,15,-5.374142646789551,0.0,19,0.2,1.0,16,1.0,0.9047619047619048,120,0.07428512573242188,0.7894736842105263,-0.0037511338256081216,0.1645458302111365,4790
0.29999998211860657,12,0.29999998211860657,713.628173828125,7884,0.29999998211860657,0.29999998211860657,0.29999998211860657,0.29999998211860657,0.29999998211860657,0.29999998211860657,63045632,0.29999998211860657,1.5718260439379144,0.29999998211860657,0.29999998211860657,1.7862068965517242,0.00449371337890625,0.9310344827586207,1.4824551724137944,0.29999998211860657,27,0.8333333333333334,976.8,0.29999998211860657,1.0,0.29999998211860657,0.29999998211860657,0.29999998211860657,0.29999998211860657,0.29999998211860657,0.29999998211860657,7996,0.29999998211860657,0.29999998211860657,0.06896551724137931,0.29999998211860657,0.29999998211860657,0.29999998211860657,0.29999998211860657,481,0.29999998211860657,0.29999998211860657,0.1,0.7333333333333333,0.001798498,16,1e-05,30,-0.14505192637443542,0.7052379250526428,0.30000001192092896,15,-5.374142643809319,0.0,20,0.2,1.0,25,1.0,0.9333333333333333,135,0.06884307861328125,0.9,-0.0032988115930493223,0.09953785603283904,4800
0.29999998211860657,15,0.29999998211860657,700.81396484375,7885,0.29999998211860657,0.29999998211860657,0.29999998211860657,0.29999998211860657,0.29999998211860657,0.29999998211860657,63176704,0.29999998211860657,1.582313680287412,0.29999998211860657,0.29999998211860657,1.936,0.00435882568359375,0.912,1.465104000000001,0.29999998211860657,17,1.0,968.51,0.29999998211860657,1.0,0.29999998211860657,0.29999998211860657,0.29999998211860657,0.29999998211860657,0.29999998211860657,0.29999998211860657,8012,0.29999998211860657,0.29999998211860657,0.088,0.29999998211860657,0.29999998211860657,0.29999998211860657,0.29999998211860657,482,0.29999998211860657,0.29999998211860657,0.1,0.875,0.0018392554,22,1e-05,16,-0.0976199358701706,0.6240231990814209,0.30000001192092896,16,-5.374142646789551,0.0,22,0.2,0.9411764705882353,17,1.0,0.8125,114,0.07114410400390625,0.7727272727272727,-0.003382538417918113,0.13628128536511214,4810
0.29999998211860657,19,0.29999998211860657,691.5951538085938,7885,0.29999998211860657,0.29999998211860657,0.29999998211860657,0.29999998211860657,0.29999998211860657,0.29999998211860657,63307776,0.29999998211860657,1.6333485586815735,0.29999998211860657,0.29999998211860657,1.9591836734693877,0.0044146728515625,0.891156462585034,1.4668707482993206,0.29999998211860657,26,1.0,955.01,0.29999998211860657,1.0,0.29999998211860657,0.29999998211860657,0.29999998211860657,0.29999998211860657,0.29999998211860657,0.29999998211860657,8028,0.29999998211860657,0.29999998211860657,0.10884353741496598,0.29999998211860657,0.29999998211860657,0.29999998211860657,0.29999998211860657,483,0.29999998211860657,0.29999998211860657,0.1,0.9259259259259259,0.0018769596,17,1e-05,16,-0.13452531397342682,0.792621374130249,0.30000001192092896,27,-5.374142646789551,0.0,28,0.2,0.9285714285714286,14,1.0,0.8125,131,0.07821044921875,0.6428571428571429,-0.003691436344979593,0.118679423147114,4820
0.29999998211860657,17,0.29999998211860657,697.694580078125,7886,0.29999998211860657,0.29999998211860657,0.29999998211860657,0.29999998211860657,0.29999998211860657,0.29999998211860657,63438848,0.29999998211860657,1.6577641142925847,0.29999998211860657,0.29999998211860657,2.040650406504065,0.0045065307617187505,0.9105691056910569,1.4852845528455294,0.29999998211860657,18,1.0,959.18,0.29999998211860657,1.0,0.29999998211860657,0.29999998211860657,0.29999998211860657,0.29999998211860657,0.29999998211860657,0.29999998211860657,8044,0.29999998211860657,0.29999998211860657,0.08943089430894309,0.29999998211860657,0.29999998211860657,0.29999998211860657,0.29999998211860657,484,0.29999998211860657,0.29999998211860657,0.1,0.9523809523809523,0.0018530034,13,1e-05,18,-0.08254829049110413,0.7126120328903198,0.30000001192092896,21,-5.374142646789551,0.0,19,0.2,1.0,17,0.9230769230769231,0.7777777777777778,112,0.0704986572265625,0.7368421052631579,-0.0039037571716107776,0.15411739877890795,4830
0.29999998211860657,15,0.29999998211860657,702.7455444335938,7887,0.29999998211860657,0.29999998211860657,0.29999998211860657,0.29999998211860657,0.29999998211860657,0.29999998211860657,63569920,0.29999998211860657,1.6268085229730567,0.29999998211860657,0.29999998211860657,1.8424657534246576,0.004642333984375,0.9315068493150684,1.4963013698630148,0.29999998211860657,27,1.0,967.24,0.29999998211860657,1.0,0.29999998211860657,0.29999998211860657,0.29999998211860657,0.29999998211860657,0.29999998211860657,0.29999998211860657,8059,0.29999998211860657,0.29999998211860657,0.0684931506849315,0.29999998211860657,0.29999998211860657,0.29999998211860657,0.29999998211860657,485,0.29999998211860657,0.29999998211860657,0.1,0.9583333333333334,0.0018333162,22,1e-05,22,-0.1555708646774292,0.6587100028991699,0.30000001192092896,24,-5.374142646789551,0.0,21,0.2,1.0,15,0.9545454545454546,0.7727272727272727,136,0.071337890625,0.8571428571428571,-0.003478164925172678,0.13090728686365766,4840
0.29999998211860657,17,0.29999998211860657,714.0286865234375,7887,0.29999998211860657,0.29999998211860657,0.29999998211860657,0.29999998211860657,0.29999998211860657,0.29999998211860657,63700992,0.29999998211860657,1.6252861973696404,0.29999998211860657,0.29999998211860657,1.8181818181818181,0.0045703125,0.9421487603305785,1.5032066115702492,0.29999998211860657,21,0.9411764705882353,983.34,0.29999998211860657,1.0,0.29999998211860657,0.29999998211860657,0.29999998211860657,0.29999998211860657,0.29999998211860657,0.29999998211860657,8075,0.29999998211860657,0.29999998211860657,0.05785123966942149,0.29999998211860657,0.29999998211860657,0.29999998211860657,0.29999998211860657,486,0.29999998211860657,0.29999998211860657,0.1,0.8823529411764706,0.0017585536,18,1e-05,11,-0.1339246779680252,0.7265422344207764,0.30000001192092896,17,-5.374142646789551,0.0,20,0.2,1.0,17,0.9444444444444444,0.8181818181818182,114,0.06895217895507813,0.95,-0.0034656563208500303,0.11633169515407644,4850
0.29999998211860657,14,0.29999998211860657,707.6355590820312,7888,0.29999998211860657,0.29999998211860657,0.29999998211860657,0.29999998211860657,0.29999998211860657,0.29999998211860657,63832064,0.29999998211860657,1.5192104070990216,0.29999998211860657,0.29999998211860657,1.6597222222222223,0.004655151367187501,0.9513888888888888,1.4926111111111124,0.29999998211860657,26,1.0,975.15,0.29999998211860657,1.0,0.29999998211860657,0.29999998211860657,0.29999998211860657,0.29999998211860657,0.29999998211860657,0.29999998211860657,8091,0.29999998211860657,0.29999998211860657,0.04861111111111111,0.29999998211860657,0.29999998211860657,0.29999998211860657,0.29999998211860657,487,0.29999998211860657,0.29999998211860657,0.1,0.9583333333333334,0.0018383213,28,1e-05,17,-0.22009743750095367,0.7340117692947388,0.30000001192092896,24,-5.374142646789551,0.0,17,0.2,0.9444444444444444,18,1.0,0.8823529411764706,137,0.074176025390625,0.8235294117647058,-0.0038694986052178137,0.09841032967378852,4860
0.29999998211860657,10,0.29999998211860657,706.9580688476562,7889,0.29999998211860657,0.29999998211860657,0.29999998211860657,0.29999998211860657,0.29999998211860657,0.29999998211860657,63963136,0.29999998211860657,1.502486416626358,0.29999998211860657,0.29999998211860657,1.552,0.0046246337890625,0.928,1.4688000000000008,0.29999998211860657,31,1.0,971.97,0.29999998211860657,1.0,0.29999998211860657,0.29999998211860657,0.29999998211860657,0.29999998211860657,0.29999998211860657,0.29999998211860657,8107,0.29999998211860657,0.29999998211860657,0.072,0.29999998211860657,0.29999998211860657,0.29999998211860657,0.29999998211860657,488,0.29999998211860657,0.29999998211860657,0.1,0.8888888888888888,0.00175384,21,1e-05,16,-0.108915314078331,0.682616114616394,0.30000001192092896,9,-5.374142646789551,0.0,24,0.2,1.0,14,0.9523809523809523,0.75,116,0.0662353515625,0.875,-0.003512601680131411,0.0971800208761124,4870
0.29999998211860657,20,0.29999998211860657,711.6300048828125,7889,0.29999998211860657,0.29999998211860657,0.29999998211860657,0.29999998211860657,0.29999998211860657,0.29999998211860657,64094208,0.29999998211860657,1.6192393835861385,0.29999998211860657,0.29999998211860657,2.1944444444444446,0.004542236328125001,0.9236111111111112,1.499902777777779,0.29999998211860657,25,1.0,974.37,0.29999998211860657,1.0,0.29999998211860657,0.29999998211860657,0.29999998211860657,0.29999998211860657,0.29999998211860657,0.29999998211860657,8123,0.29999998211860657,0.29999998211860657,0.0763888888888889,0.29999998211860657,0.29999998211860657,0.29999998211860657,0.29999998211860657,489,0.29999998211860657,0.29999998211860657,0.1,1.0,0.0018155945,16,1e-05,33,-0.132578045129776,0.7164559364318848,0.30000001192092896,12,-5.374142646789551,0.0,23,0.2,1.0,15,1.0,0.7272727272727273,133,0.0723052978515625,0.9130434782608695,-0.0035825108923745576,0.10592041845084169,4880
0.29999998211860657,13,0.29999998211860657,699.2045288085938,7890,0.29999998211860657,0.29999998211860657,0.29999998211860657,0.29999998211860657,0.29999998211860657,0.29999998211860657,64225280,0.29999998211860657,1.528797744110891,0.29999998211860657,0.29999998211860657,1.7723577235772359,0.00468658447265625,0.9105691056910569,1.4669918699187006,0.29999998211860657,22,1.0,966.67,0.29999998211860657,1.0,0.29999998211860657,0.29999998211860657,0.29999998211860657,0.29999998211860657,0.29999998211860657,0.29999998211860657,8139,0.29999998211860657,0.29999998211860657,0.08943089430894309,0.29999998211860657,0.29999998211860657,0.29999998211860657,0.29999998211860657,490,0.29999998211860657,0.29999998211860657,0.1,0.75,0.0018501139,20,1e-05,17,-0.17857617139816284,0.7105940580368042,0.30000001192092896,12,-5.374142646789551,0.0,21,0.2,1.0,18,1.0,0.7647058823529411,112,0.07327728271484375,0.8095238095238095,-0.0037602652483201384,0.11757785512018018,4890
0.29999998211860657,21,0.29999998211860657,703.3250122070312,7890,0.29999998211860657,0.29999998211860657,0.29999998211860657,0.29999998211860657,0.29999998211860657,0.29999998211860657,64356352,0.29999998211860657,1.5422366484909893,0.29999998211860657,0.29999998211860657,1.9866666666666666,0.0046759033203125,0.9333333333333333,1.4745200000000012,0.29999998211860657,30,0.9523809523809523,967.62,0.29999998211860657,1.0,0.29999998211860657,0.29999998211860657,0.29999998211860657,0.29999998211860657,0.29999998211860657,0.29999998211860657,8155,0.29999998211860657,0.29999998211860657,0.06666666666666667,0.29999998211860657,0.29999998211860657,0.29999998211860657,0.29999998211860657,491,0.29999998211860657,0.29999998211860657,0.1,0.8571428571428571,0.0018154444,19,1e-05,24,-0.18382969498634338,0.6677404642105103,0.30000001192092896,21,-5.374142646789551,0.0,22,0.2,1.0,13,1.0,0.875,140,0.070660400390625,0.8636363636363636,-0.003578050174337477,0.1270343994430732,4900
0.29999998211860657,15,0.29999998211860657,689.3125610351562,7891,0.29999998211860657,0.29999998211860657,0.29999998211860657,0.29999998211860657,0.29999998211860657,0.29999998211860657,64487424,0.29999998211860657,1.5254335074767948,0.29999998211860657,0.29999998211860657,1.717741935483871,0.0046133422851562505,0.9112903225806451,1.4736290322580656,0.29999998211860657,26,1.0,954.33,0.29999998211860657,1.0,0.29999998211860657,0.29999998211860657,0.29999998211860657,0.29999998211860657,0.29999998211860657,0.29999998211860657,8171,0.29999998211860657,0.29999998211860657,0.08870967741935484,0.29999998211860657,0.29999998211860657,0.29999998211860657,0.29999998211860657,492,0.29999998211860657,0.29999998211860657,0.1,0.9411764705882353,0.0018330917,12,1e-05,16,-0.06681297719478607,0.6823586225509644,0.30000001192092896,17,-5.374142646789551,0.0,18,0.2,0.95,20,0.9166666666666666,0.75,113,0.07405929565429688,0.7777777777777778,-0.003517796419282604,0.12220137552940287,4910
0.29999998211860657,11,0.29999998211860657,710.990966796875,7892,0.29999998211860657,0.29999998211860657,0.29999998211860657,0.29999998211860657,0.29999998211860657,0.29999998211860657,64618496,0.29999998211860657,1.6740952501599529,0.29999998211860657,0.29999998211860657,1.5,0.004641723632812501,0.95,1.4756714285714299,0.29999998211860657,24,1.0,981.63,0.29999998211860657,1.0,0.29999998211860657,0.29999998211860657,0.29999998211860657,0.29999998211860657,0.29999998211860657,0.29999998211860657,8187,0.29999998211860657,0.29999998211860657,0.05,0.29999998211860657,0.29999998211860657,0.29999998211860657,0.29999998211860657,493,0.29999998211860657,0.29999998211860657,0.1,0.9473684210526315,0.0017340472,26,1e-05,13,-0.13749799132347107,0.6256935596466064,0.30000001192092896,19,-5.374142646789551,0.0,21,0.2,1.0,26,1.0,0.8461538461538461,133,0.07042236328125,0.8095238095238095,-0.0036719265922329214,0.13923865188262424,4920
0.29999998211860657,15,0.29999998211860657,686.0655517578125,7892,0.29999998211860657,0.29999998211860657,0.29999998211860657,0.29999998211860657,0.29999998211860657,0.29999998211860657,64749568,0.29999998211860657,1.7646189043369531,0.29999998211860657,0.29999998211860657,1.9111111111111112,0.0046826171875,0.9111111111111111,1.4918518518518529,0.29999998211860657,26,0.9333333333333333,948.36,0.29999998211860657,1.0,0.29999998211860657,0.29999998211860657,0.29999998211860657,0.29999998211860657,0.29999998211860657,0.29999998211860657,8203,0.29999998211860657,0.29999998211860657,0.08888888888888889,0.29999998211860657,0.29999998211860657,0.29999998211860657,0.29999998211860657,494,0.29999998211860657,0.29999998211860657,0.1,0.8571428571428571,0.0017346212,15,1e-05,25,-0.14745654165744781,0.7091594934463501,0.30000001192092896,14,-5.374142646789551,0.0,22,0.2,0.9444444444444444,18,1.0,0.84,123,0.0691864013671875,0.8181818181818182,-0.0036397112502527308,0.08726214525231626,4930
0.29999998211860657,16,0.29999998211860657,707.7951049804688,7893,0.29999998211860657,0.29999998211860657,0.29999998211860657,0.29999998211860657,0.29999998211860657,0.29999998211860657,64880640,0.29999998211860657,1.6038551492284707,0.29999998211860657,0.29999998211860657,1.8444444444444446,0.004686279296875,0.9407407407407408,1.4738074074074086,0.29999998211860657,26,1.0,977.42,0.29999998211860657,1.0,0.29999998211860657,0.29999998211860657,0.29999998211860657,0.29999998211860657,0.29999998211860657,0.29999998211860657,8219,0.29999998211860657,0.29999998211860657,0.05925925925925926,0.29999998211860657,0.29999998211860657,0.29999998211860657,0.29999998211860657,495,0.29999998211860657,0.29999998211860657,0.1,0.875,0.0018216427,21,1e-05,22,-0.18539613485336304,0.6803632974624634,0.30000001192092896,16,-5.374142646789551,0.0,18,0.2,1.0,16,1.0,0.8636363636363636,127,0.07158126831054687,0.8333333333333334,-0.0034663320114304954,0.1480782408034429,4940
0.29999998211860657,13,0.29999998211860657,706.4595947265625,7894,0.29999998211860657,0.29999998211860657,0.29999998211860657,0.29999998211860657,0.29999998211860657,0.29999998211860657,65011712,0.29999998211860657,1.6483843093939141,0.29999998211860657,0.29999998211860657,1.7571428571428571,0.004704284667968749,0.9071428571428571,1.473114285714287,0.29999998211860657,22,1.0,966.45,0.29999998211860657,1.0,0.29999998211860657,0.29999998211860657,0.29999998211860657,0.29999998211860657,0.29999998211860657,0.29999998211860657,8235,0.29999998211860657,0.29999998211860657,0.09285714285714286,0.29999998211860657,0.29999998211860657,0.29999998211860657,0.29999998211860657,496,0.29999998211860657,0.29999998211860657,0.1,0.85,0.0017933997,24,1e-05,19,-0.15359310805797577,0.7207360863685608,0.30000001192092896,20,-5.374142646789551,0.0,21,0.2,0.9047619047619048,21,1.0,0.7368421052631579,127,0.06988601684570313,0.8571428571428571,-0.003465656288062746,0.09160680191707797,4950
0.29999998211860657,17,0.29999998211860657,702.5806274414062,7894,0.29999998211860657,0.29999998211860657,0.29999998211860657,0.29999998211860657,0.29999998211860657,0.29999998211860657,65142784,0.29999998211860657,1.601918609698557,0.29999998211860657,0.29999998211860657,1.7364341085271318,0.00469573974609375,0.9224806201550387,1.4784651162790707,0.29999998211860657,29,1.0,963.68,0.29999998211860657,1.0,0.29999998211860657,0.29999998211860657,0.29999998211860657,0.29999998211860657,0.29999998211860657,0.29999998211860657,8251,0.29999998211860657,0.29999998211860657,0.07751937984496124,0.29999998211860657,0.29999998211860657,0.29999998211860657,0.29999998211860657,497,0.29999998211860657,0.29999998211860657,0.1,0.84,0.001866491,10,1e-05,18,-0.06798814237117767,0.7040164470672607,0.30000001192092896,25,-5.374142646789551,0.0,12,0.2,0.9444444444444444,18,0.9,0.8888888888888888,119,0.07350997924804688,0.8333333333333334,-0.0038578153958496843,0.13983945697254968,4960
0.29999998211860657,16,0.29999998211860657,709.63037109375,7895,0.29999998211860657,0.29999998211860657,0.29999998211860657,0.29999998211860657,0.29999998211860657,0.29999998211860657,65273856,0.29999998211860657,1.499082015956678,0.29999998211860657,0.29999998211860657,1.9782608695652173,0.00480743408203125,0.9492753623188406,1.47844927536232,0.29999998211860657,20,1.0,974.43,0.29999998211860657,1.0,0.29999998211860657,0.29999998211860657,0.29999998211860657,0.29999998211860657,0.29999998211860657,0.29999998211860657,8267,0.29999998211860657,0.29999998211860657,0.050724637681159424,0.29999998211860657,0.29999998211860657,0.29999998211860657,0.29999998211860657,498,0.29999998211860657,0.29999998211860657,0.1,0.9473684210526315,0.001738974,19,1e-05,24,-0.12455102801322937,0.7625943422317505,0.30000001192092896,19,-5.374142646417022,0.0,20,0.2,1.0,20,1.0,0.8333333333333334,131,0.06690444946289062,0.9,-0.0035394152816479616,0.11600837707519532,4970
0.29999998211860657,25,0.29999998211860657,690.285400390625,7895,0.29999998211860657,0.29999998211860657,0.29999998211860657,0.29999998211860657,0.29999998211860657,0.29999998211860657,65404928,0.29999998211860657,1.5534635582088308,0.29999998211860657,0.29999998211860657,2.0441176470588234,0.004748229980468749,0.8823529411764706,1.4619264705882364,0.29999998211860657,27,0.96,953.96,0.29999998211860657,1.0,0.29999998211860657,0.29999998211860657,0.29999998211860657,0.29999998211860657,0.29999998211860657,0.29999998211860657,8283,0.29999998211860657,0.29999998211860657,0.11764705882352941,0.29999998211860657,0.29999998211860657,0.29999998211860657,0.29999998211860657,499,0.29999998211860657,0.29999998211860657,0.1,0.6363636363636364,0.0017561656,21,1e-05,20,-0.21986623108386993,0.7115017771720886,0.30000001192092896,11,-5.374142641574144,0.0,19,0.2,0.9230769230769231,13,1.0,0.75,120,0.06555938720703125,0.7368421052631579,-0.003574674678293377,0.09030134215427096,4980
0.29999998211860657,18,0.29999998211860657,674.324951171875,7896,0.29999998211860657,0.29999998211860657,0.29999998211860657,0.29999998211860657,0.29999998211860657,0.29999998211860657,65536000,0.29999998211860657,1.665592898422309,0.29999998211860657,0.29999998211860657,2.0,0.00485931396484375,0.8958333333333334,1.4902777777777787,0.29999998211860657,24,1.0,935.0,0.29999998211860657,1.0,0.29999998211860657,0.29999998211860657,0.29999998211860657,0.29999998211860657,0.29999998211860657,0.29999998211860657,8299,0.29999998211860657,0.29999998211860657,0.10416666666666667,0.29999998211860657,0.29999998211860657,0.29999998211860657,0.29999998211860657,500,0.29999998211860657,0.29999998211860657,0.1,0.8888888888888888,0.0018361609,17,1e-05,22,-0.18407852947711945,0.7505624294281006,0.30000001192092896,18,-5.374142646789551,0.0,27,0.2,1.0,18,1.0,0.6818181818181818,129,0.07295684814453125,0.7777777777777778,-0.0038106118572613923,0.15330774380126969,4990
0.29999998211860657,15,0.29999998211860657,713.8759155273438,7896,0.29999998211860657,0.29999998211860657,0.29999998211860657,0.29999998211860657,0.29999998211860657,0.29999998211860657,65667072,0.29999998211860657,1.5668712161177165,0.29999998211860657,0.29999998211860657,1.910569105691057,0.00489959716796875,0.943089430894309,1.4739674796747977,0.29999998211860657,25,0.9333333333333333,986.81,0.29999998211860657,1.0,0.29999998211860657,0.29999998211860657,0.29999998211860657,0.29999998211860657,0.29999998211860657,0.29999998211860657,8315,0.29999998211860657,0.29999998211860657,0.056910569105691054,0.29999998211860657,0.29999998211860657,0.29999998211860657,0.29999998211860657,501,0.29999998211860657,0.29999998211860657,0.1,0.85,0.0018469929,11,1e-05,17,-0.1777094453573227,0.7592953443527222,0.30000001192092896,20,-5.374142646789551,0.0,22,0.2,1.0,13,1.0,0.9411764705882353,116,0.07377471923828124,0.9090909090909091,-0.004059526100263611,0.15941777188272682,5000
0.29999998211860657,15,0.29999998211860657,714.947998046875,7897,0.29999998211860657,0.29999998211860657,0.29999998211860657,0.29999998211860657,0.29999998211860657,0.29999998211860657,65798144,0.29999998211860657,1.5165233572952719,0.29999998211860657,0.29999998211860657,1.7826086956521738,0.00488983154296875,0.9710144927536232,1.4654057971014505,0.29999998211860657,27,1.0,987.5,0.29999998211860657,1.0,0.29999998211860657,0.29999998211860657,0.29999998211860657,0.29999998211860657,0.29999998211860657,0.29999998211860657,8331,0.29999998211860657,0.29999998211860657,0.028985507246376812,0.29999998211860657,0.29999998211860657,0.29999998211860657,0.29999998211860657,502,0.29999998211860657,0.29999998211860657,0.1,0.9545454545454546,0.0018216373,19,1e-05,21,-0.1956329643726349,0.6821839809417725,0.30000001192092896,22,-5.374142646789551,0.0,17,0.2,1.0,17,1.0,0.9523809523809523,134,0.07038803100585937,0.8823529411764706,-0.0033043353128960006,0.09067124393186532,5010
0.29999998211860657,17,0.29999998211860657,707.7988891601562,7898,0.29999998211860657,0.29999998211860657,0.29999998211860657,0.29999998211860657,0.29999998211860657,0.29999998211860657,65929216,0.29999998211860657,1.5695776381512927,0.29999998211860657,0.29999998211860657,1.76,0.0048748779296875,0.952,1.4735840000000011,0.29999998211860657,27,1.0,966.8,0.29999998211860657,1.0,0.29999998211860657,0.29999998211860657,0.29999998211860657,0.29999998211860657,0.29999998211860657,0.29999998211860657,8347,0.29999998211860657,0.29999998211860657,0.048,0.29999998211860657,0.29999998211860657,0.29999998211860657,0.29999998211860657,503,0.29999998211860657,0.29999998211860657,0.1,0.8888888888888888,0.001756761,11,1e-05,16,-0.19294294714927673,0.6342965364456177,0.30000001192092896,18,-5.374142646789551,0.0,17,0.2,1.0,19,1.0,0.9375,119,0.06940841674804688,0.8235294117647058,-0.0035276744570182927,0.08407384621386882,5020
0.29999998211860657,19,0.29999998211860657,723.3955688476562,7898,0.29999998211860657,0.29999998211860657,0.29999998211860657,0.29999998211860657,0.29999998211860657,0.29999998211860657,66060288,0.29999998211860657,1.4913455745735498,0.29999998211860657,0.29999998211860657,1.8986486486486487,0.0048443603515625,0.9324324324324325,1.4771891891891904,0.29999998211860657,33,1.0,986.91,0.29999998211860657,1.0,0.29999998211860657,0.29999998211860657,0.29999998211860657,0.29999998211860657,0.29999998211860657,0.29999998211860657,8363,0.29999998211860657,0.29999998211860657,0.06756756756756757,0.29999998211860657,0.29999998211860657,0.29999998211860657,0.29999998211860657,504,0.29999998211860657,0.29999998211860657,0.1,0.9375,0.0018558305,13,1e-05,27,-0.17982639372348785,0.6988174319267273,0.30000001192092896,16,-5.374142646789551,0.0,22,0.2,0.9444444444444444,18,1.0,0.8148148148148148,138,0.076434326171875,0.8636363636363636,-0.0038890313351657825,0.08713414686499163,5030
0.29999998211860657,19,0.29999998211860657,710.5128784179688,7899,0.29999998211860657,0.29999998211860657,0.29999998211860657,0.29999998211860657,0.29999998211860657,0.29999998211860657,66191360,0.29999998211860657,1.68748502498837,0.29999998211860657,0.29999998211860657,1.903225806451613,0.00484100341796875,0.9354838709677419,1.4758870967741948,0.29999998211860657,22,1.0,968.19,0.29999998211860657,1.0,0.29999998211860657,0.29999998211860657,0.29999998211860657,0.29999998211860657,0.29999998211860657,0.29999998211860657,8379,0.29999998211860657,0.29999998211860657,0.06451612903225806,0.29999998211860657,0.29999998211860657,0.29999998211860657,0.29999998211860657,505,0.29999998211860657,0.29999998211860657,0.1,0.9130434782608695,0.0018236608,12,1e-05,15,-0.19127070903778076,0.7428076267242432,0.30000001192092896,23,-5.374142646789551,0.0,15,0.2,0.9444444444444444,18,1.0,0.7333333333333333,116,0.07447052001953125,0.9333333333333333,-0.004030826523376163,0.10313552919833455,5040
0.29999998211860657,18,0.29999998211860657,706.0404052734375,7899,0.29999998211860657,0.29999998211860657,0.29999998211860657,0.29999998211860657,0.29999998211860657,0.29999998211860657,66322432,0.29999998211860657,1.7021832462906659,0.29999998211860657,0.29999998211860657,1.9666666666666666,0.00488861083984375,0.9466666666666667,1.4660533333333345,0.29999998211860657,27,0.8888888888888888,969.97,0.29999998211860657,1.0,0.29999998211860657,0.29999998211860657,0.29999998211860657,0.29999998211860657,0.29999998211860657,0.29999998211860657,8395,0.29999998211860657,0.29999998211860657,0.05333333333333334,0.29999998211860657,0.29999998211860657,0.29999998211860657,0.29999998211860657,506,0.29999998211860657,0.29999998211860657,0.1,0.8571428571428571,0.0017892042,17,1e-05,21,-0.17545494437217712,0.7100608944892883,0.30000001192092896,28,-5.374142646789551,0.0,25,0.2,1.0,14,0.9411764705882353,1.0,142,0.06719970703125,0.96,-0.003851714270604134,0.11056785645778291,5050
0.29999998211860657,22,0.29999998211860657,701.120361328125,7900,0.29999998211860657,0.29999998211860657,0.29999998211860657,0.29999998211860657,0.29999998211860657,0.29999998211860657,66453504,0.29999998211860657,1.5039851800012056,0.29999998211860657,0.29999998211860657,1.8770491803278688,0.0048309326171874995,0.9262295081967213,1.4784754098360666,0.29999998211860657,27,0.8636363636363636,968.27,0.29999998211860657,1.0,0.29999998211860657,0.29999998211860657,0.29999998211860657,0.29999998211860657,0.29999998211860657,0.29999998211860657,8411,0.29999998211860657,0.29999998211860657,0.07377049180327869,0.29999998211860657,0.29999998211860657,0.29999998211860657,0.29999998211860657,507,0.29999998211860657,0.29999998211860657,0.1,0.9333333333333333,0.0018071954,14,1e-05,18,-0.21544325351715088,0.7150892615318298,0.30000001192092896,15,-5.374142646789551,0.0,10,0.2,0.9375,16,0.9285714285714286,0.8888888888888888,113,0.07278823852539062,0.9,-0.003469367150148628,0.10013828332885169,5060
0.29999998211860657,12,0.29999998211860657,703.607666015625,7900,0.29999998211860657,0.29999998211860657,0.29999998211860657,0.29999998211860657,0.29999998211860657,0.29999998211860657,66584576,0.29999998211860657,1.5229645108784473,0.29999998211860657,0.29999998211860657,1.6870748299319729,0.004931640625000001,0.9319727891156463,1.470639455782314,0.29999998211860657,26,0.9166666666666666,972.45,0.29999998211860657,0.9615384615384616,0.29999998211860657,0.29999998211860657,0.29999998211860657,0.29999998211860657,0.29999998211860657,0.29999998211860657,8427,0.29999998211860657,0.29999998211860657,0.06802721088435375,0.29999998211860657,0.29999998211860657,0.29999998211860657,0.29999998211860657,508,0.29999998211860657,0.29999998211860657,0.1,1.0,0.0018110825,22,1e-05,24,-0.17282405495643616,0.7059893012046814,0.30000001192092896,21,-5.374142646789551,0.0,18,0.2,0.9583333333333334,24,1.0,0.875,137,0.06822052001953124,0.7777777777777778,-0.0034864351632222677,0.13271870074386244,5070
0.29999998211860657,7,0.29999998211860657,702.1947021484375,7901,0.29999998211860657,0.29999998211860657,0.29999998211860657,0.29999998211860657,0.29999998211860657,0.29999998211860657,66715648,0.29999998211860657,1.509310142159642,0.29999998211860657,0.29999998211860657,1.625,0.004870300292968749,0.90625,1.480328125000001,0.29999998211860657,28,1.0,956.42,0.29999998211860657,1.0,0.29999998211860657,0.29999998211860657,0.29999998211860657,0.29999998211860657,0.29999998211860657,0.29999998211860657,8443,0.29999998211860657,0.29999998211860657,0.09375,0.29999998211860657,0.29999998211860657,0.29999998211860657,0.29999998211860657,509,0.29999998211860657,0.29999998211860657,0.1,0.8,0.0018476606,12,1e-05,21,-0.12401264905929565,0.6764571070671082,0.30000001192092896,15,-5.374142646789551,0.0,25,0.2,0.9,20,1.0,0.8095238095238095,116,0.07344589233398438,0.88,-0.0037849827989703045,0.12606529853364917,5080
0.29999998211860657,27,0.29999998211860657,713.694091796875,7902,0.29999998211860657,0.29999998211860657,0.29999998211860657,0.29999998211860657,0.29999998211860657,0.29999998211860657,66846720,0.29999998211860657,1.5557926513383509,0.29999998211860657,0.29999998211860657,2.15,0.004964599609375,0.95,1.482200000000001,0.29999998211860657,27,0.9629629629629629,982.26,0.29999998211860657,1.0,0.29999998211860657,0.29999998211860657,0.29999998211860657,0.29999998211860657,0.29999998211860657,0.29999998211860657,8459,0.29999998211860657,0.29999998211860657,0.05,0.29999998211860657,0.29999998211860657,0.29999998211860657,0.29999998211860657,510,0.29999998211860657,0.29999998211860657,0.1,0.8181818181818182,0.0017722775,22,1e-05,20,-0.21517257392406464,0.7256391644477844,0.30000001192092896,11,-5.374142646789551,0.0,23,0.2,1.0,10,1.0,0.85,133,0.06962509155273437,0.9565217391304348,-0.003911161474843538,0.12601285314303823,5090
0.29999998211860657,15,0.29999998211860657,722.6289672851562,7902,0.29999998211860657,0.29999998211860657,0.29999998211860657,0.29999998211860657,0.29999998211860657,0.29999998211860657,66977792,0.29999998211860657,1.5830539724785098,0.29999998211860657,0.29999998211860657,1.875968992248062,0.0050225830078124995,0.9224806201550387,1.4795193798449622,0.29999998211860657,30,0.9333333333333333,991.29,0.29999998211860657,1.0,0.29999998211860657,0.29999998211860657,0.29999998211860657,0.29999998211860657,0.29999998211860657,0.29999998211860657,8475,0.29999998211860657,0.29999998211860657,0.07751937984496124,0.29999998211860657,0.29999998211860657,0.29999998211860657,0.29999998211860657,511,0.29999998211860657,0.29999998211860657,0.1,0.9,0.001801898,9,1e-05,22,-0.16821080446243286,0.65869140625,0.30000001192092896,20,-5.374142646789551,0.0,20,0.2,0.9230769230769231,13,1.0,0.9090909090909091,119,0.07488327026367188,0.8,-0.0037046352593279154,0.1244935686205281,5100
0.29999998211860657,10,0.29999998211860657,712.9760131835938,7903,0.29999998211860657,0.29999998211860657,0.29999998211860657,0.29999998211860657,0.29999998211860657,0.29999998211860657,67108864,0.29999998211860657,1.6419287277750856,0.29999998211860657,0.29999998211860657,1.9214285714285715,0.00516265869140625,0.9285714285714286,1.4770857142857152,0.29999998211860657,21,1.0,975.32,0.29999998211860657,1.0,0.29999998211860657,0.29999998211860657,0.29999998211860657,0.29999998211860657,0.29999998211860657,0.29999998211860657,8491,0.29999998211860657,0.29999998211860657,0.07142857142857142,0.29999998211860657,0.29999998211860657,0.29999998211860657,0.29999998211860657,512,0.29999998211860657,0.29999998211860657,0.1,0.8636363636363636,0.0017836703,17,1e-05,32,-0.11835482716560364,0.7052092552185059,0.30000001192092896,22,-5.374142646789551,0.0,17,0.2,1.0,21,0.9411764705882353,0.84375,130,0.06961517333984375,0.9411764705882353,-0.003775476372493358,0.10553364379447885,5110
0.29999998211860657,14,0.29999998211860657,703.0792236328125,7903,0.29999998211860657,0.29999998211860657,0.29999998211860657,0.29999998211860657,0.29999998211860657,0.29999998211860657,67239936,0.29999998211860657,1.501898982635921,0.29999998211860657,0.29999998211860657,1.8307692307692307,0.00509674072265625,0.9384615384615385,1.4847846153846167,0.29999998211860657,20,0.9285714285714286,968.93,0.29999998211860657,1.0,0.29999998211860657,0.29999998211860657,0.29999998211860657,0.29999998211860657,0.29999998211860657,0.29999998211860657,8507,0.29999998211860657,0.29999998211860657,0.06153846153846154,0.29999998211860657,0.29999998211860657,0.29999998211860657,0.29999998211860657,513,0.29999998211860657,0.29999998211860657,0.1,0.9,0.0018500505,17,1e-05,17,-0.18090957403182983,0.6821037530899048,0.30000001192092896,20,-5.374142646789551,0.0,21,0.2,1.0,21,0.9411764705882353,0.8823529411764706,122,0.07151031494140625,0.9047619047619048,-0.00374849413492484,0.11349632408237084,5120
0.29999998211860657,17,0.29999998211860657,716.961181640625,7904,0.29999998211860657,0.29999998211860657,0.29999998211860657,0.29999998211860657,0.29999998211860657,0.29999998211860657,67371008,0.29999998211860657,1.5171154163124407,0.29999998211860657,0.29999998211860657,1.8613138686131387,0.00497467041015625,0.9562043795620438,1.4804087591240886,0.29999998211860657,27,0.9411764705882353,983.2,0.29999998211860657,1.0,0.29999998211860657,0.29999998211860657,0.29999998211860657,0.29999998211860657,0.29999998211860657,0.29999998211860657,8523,0.29999998211860657,0.29999998211860657,0.043795620437956206,0.29999998211860657,0.29999998211860657,0.29999998211860657,0.29999998211860657,514,0.29999998211860657,0.29999998211860657,0.1,1.0,0.0017815274,17,1e-05,16,-0.18829622864723206,0.7595444917678833,0.30000001192092896,16,-5.374142646789551,0.0,28,0.2,1.0,16,1.0,0.9375,131,0.0703369140625,0.8571428571428571,-0.0035492762985086302,0.09422821929329075,5130
0.29999998211860657,18,0.29999998211860657,695.233642578125,7904,0.29999998211860657,0.29999998211860657,0.29999998211860657,0.29999998211860657,0.29999998211860657,0.29999998211860657,67502080,0.29999998211860657,1.6398448869075481,0.29999998211860657,0.29999998211860657,1.8582089552238805,0.00509613037109375,0.9029850746268657,1.4633283582089562,0.29999998211860657,22,0.9444444444444444,952.73,0.29999998211860657,1.0,0.29999998211860657,0.29999998211860657,0.29999998211860657,0.29999998211860657,0.29999998211860657,0.29999998211860657,8539,0.29999998211860657,0.29999998211860657,0.09701492537313433,0.29999998211860657,0.29999998211860657,0.29999998211860657,0.29999998211860657,515,0.29999998211860657,0.29999998211860657,0.1,0.8518518518518519,0.0018322851,19,1e-05,15,-0.09418846666812897,0.6506801843643188,0.30000001192092896,27,-5.374142646789551,0.0,16,0.2,0.9411764705882353,17,0.9473684210526315,0.9333333333333333,121,0.07300262451171875,0.6875,-0.003322058316871335,0.10760102295898832,5140
0.29999998211860657,17,0.29999998211860657,718.3895263671875,7905,0.29999998211860657,0.29999998211860657,0.29999998211860657,0.29999998211860657,0.29999998211860657,0.29999998211860657,67633152,0.29999998211860657,1.484730031704352,0.29999998211860657,0.29999998211860657,1.7573529411764706,0.00510894775390625,0.9632352941176471,1.4794264705882365,0.29999998211860657,28,1.0,984.23,0.29999998211860657,1.0,0.29999998211860657,0.29999998211860657,0.29999998211860657,0.29999998211860657,0.29999998211860657,0.29999998211860657,8555,0.29999998211860657,0.29999998211860657,0.03676470588235294,0.29999998211860657,0.29999998211860657,0.29999998211860657,0.29999998211860657,516,0.29999998211860657,0.29999998211860657,0.1,0.9333333333333333,0.0017770948,21,1e-05,17,-0.17826753854751587,0.729063868522644,0.30000001192092896,15,-5.374142646789551,0.0,21,0.2,1.0,17,1.0,0.8823529411764706,131,0.06748580932617188,0.9047619047619048,-0.003491885399125749,0.11209079376421868,5150
0.29999998211860657,14,0.29999998211860657,717.7338256835938,7906,0.29999998211860657,0.29999998211860657,0.29999998211860657,0.29999998211860657,0.29999998211860657,0.29999998211860657,67764224,0.29999998211860657,1.5102995533168868,0.29999998211860657,0.29999998211860657,1.5390625,0.00499267578125,0.9375,1.487750000000001,0.29999998211860657,26,1.0,981.28,0.29999998211860657,1.0,0.29999998211860657,0.29999998211860657,0.29999998211860657,0.29999998211860657,0.29999998211860657,0.29999998211860657,8571,0.29999998211860657,0.29999998211860657,0.0625,0.29999998211860657,0.29999998211860657,0.29999998211860657,0.29999998211860657,517,0.29999998211860657,0.29999998211860657,0.1,0.9285714285714286,0.0016987943,23,1e-05,9,-0.19756656885147095,0.689315915107727,0.30000001192092896,14,-5.374142646789551,0.0,22,0.2,1.0,20,1.0,0.6666666666666666,120,0.0633544921875,0.8181818181818182,-0.0031136317108575893,0.07407998906710418,5160
0.29999998211860657,15,0.29999998211860657,706.1760864257812,7906,0.29999998211860657,0.29999998211860657,0.29999998211860657,0.29999998211860657,0.29999998211860657,0.29999998211860657,67895296,0.29999998211860657,1.4535051211572219,0.29999998211860657,0.29999998211860657,1.9166666666666667,0.00508087158203125,0.9305555555555556,1.4627083333333344,0.29999998211860657,28,1.0,962.38,0.29999998211860657,1.0,0.29999998211860657,0.29999998211860657,0.29999998211860657,0.29999998211860657,0.29999998211860657,0.29999998211860657,8587,0.29999998211860657,0.29999998211860657,0.06944444444444445,0.29999998211860657,0.29999998211860657,0.29999998211860657,0.29999998211860657,518,0.29999998211860657,0.29999998211860657,0.1,1.0,0.0018029137,18,1e-05,28,-0.15077370405197144,0.6908626556396484,0.30000001192092896,18,-5.374142646789551,0.0,21,0.2,1.0,16,1.0,0.8214285714285714,134,0.0708160400390625,0.7619047619047619,-0.0038073757194069914,0.10473599821561948,5170
0.29999998211860657,16,0.29999998211860657,700.9254150390625,7906,0.29999998211860657,0.29999998211860657,0.29999998211860657,0.29999998211860657,0.29999998211860657,0.29999998211860657,68026368,0.29999998211860657,1.6618310023498881,0.29999998211860657,0.29999998211860657,2.1203007518796992,0.00511932373046875,0.8947368421052632,1.4769624060150388,0.29999998211860657,22,0.875,959.34,0.29999998211860657,1.0,0.29999998211860657,0.29999998211860657,0.29999998211860657,0.29999998211860657,0.29999998211860657,0.29999998211860657,8603,0.29999998211860657,0.29999998211860657,0.10526315789473684,0.29999998211860657,0.29999998211860657,0.29999998211860657,0.29999998211860657,519,0.29999998211860657,0.29999998211860657,0.1,0.9444444444444444,0.0018066219,16,1e-05,25,-0.20097169280052185,0.7348085641860962,0.30000001192092896,18,-5.374142646789551,0.0,24,0.2,1.0,12,1.0,0.72,119,0.07205886840820312,0.8333333333333334,-0.0036120834155099145,0.11457889736047946,5180
0.29999998211860657,21,0.29999998211860657,706.5675659179688,7907,0.29999998211860657,0.29999998211860657,0.29999998211860657,0.29999998211860657,0.29999998211860657,0.29999998211860657,68157440,0.29999998211860657,1.6075968058074321,0.29999998211860657,0.29999998211860657,2.111111111111111,0.005052490234375,0.9407407407407408,1.4805333333333346,0.29999998211860657,22,1.0,970.47,0.29999998211860657,1.0,0.29999998211860657,0.29999998211860657,0.29999998211860657,0.29999998211860657,0.29999998211860657,0.29999998211860657,8619,0.29999998211860657,0.29999998211860657,0.05925925925925926,0.29999998211860657,0.29999998211860657,0.29999998211860657,0.29999998211860657,520,0.29999998211860657,0.29999998211860657,0.1,0.8461538461538461,0.0019328292,17,1e-05,27,-0.08542798459529877,0.7060940265655518,0.30000001192092896,13,-5.374142646789551,0.0,17,0.2,1.0,18,1.0,0.8518518518518519,127,0.07605972290039062,0.8823529411764706,-0.003967963121749562,0.16212130944186356,5190
0.29999998211860657,12,0.29999998211860657,728.9271240234375,7907,0.29999998211860657,0.29999998211860657,0.29999998211860657,0.29999998211860657,0.29999998211860657,0.29999998211860657,68288512,0.29999998211860657,1.5099130155731746,0.29999998211860657,0.29999998211860657,1.7099236641221374,0.00510650634765625,0.9694656488549618,1.4725801526717568,0.29999998211860657,29,1.0,993.51,0.29999998211860657,1.0,0.29999998211860657,0.29999998211860657,0.29999998211860657,0.29999998211860657,0.29999998211860657,0.29999998211860657,8635,0.29999998211860657,0.29999998211860657,0.030534351145038167,0.29999998211860657,0.29999998211860657,0.29999998211860657,0.29999998211860657,521,0.29999998211860657,0.29999998211860657,0.1,1.0,0.0018715393,12,1e-05,25,-0.12487539649009705,0.658638596534729,0.30000001192092896,12,-5.374142646789551,0.0,19,0.2,1.0,22,1.0,0.88,127,0.07654953002929688,0.9473684210526315,-0.003703699659445192,0.11526103049982339,5200
0.29999998211860657,29,0.29999998211860657,707.6493530273438,7908,0.29999998211860657,0.29999998211860657,0.29999998211860657,0.29999998211860657,0.29999998211860657,0.29999998211860657,68419584,0.29999998211860657,1.5887670690871474,0.29999998211860657,0.29999998211860657,2.028985507246377,0.005103149414062501,0.9202898550724637,1.4547101449275373,0.29999998211860657,26,0.9655172413793104,965.78,0.29999998211860657,1.0,0.29999998211860657,0.29999998211860657,0.29999998211860657,0.29999998211860657,0.29999998211860657,0.29999998211860657,8651,0.29999998211860657,0.29999998211860657,0.07971014492753623,0.29999998211860657,0.29999998211860657,0.29999998211860657,0.29999998211860657,522,0.29999998211860657,0.29999998211860657,0.1,0.7777777777777778,0.0018039074,15,1e-05,11,-0.2070818543434143,0.7308820486068726,0.30000001192092896,18,-5.374142646789551,0.0,22,0.2,0.8823529411764706,17,0.9333333333333333,0.9090909090909091,127,0.06981887817382812,0.9090909090909091,-0.003409672389307161,0.06730820881493856,5210
0.29999998211860657,17,0.29999998211860657,709.3958740234375,7909,0.29999998211860657,0.29999998211860657,0.29999998211860657,0.29999998211860657,0.29999998211860657,0.29999998211860657,68550656,0.29999998211860657,1.5289188372081257,0.29999998211860657,0.29999998211860657,1.8484848484848484,0.00512603759765625,0.9318181818181818,1.4697727272727286,0.29999998211860657,26,1.0,978.73,0.29999998211860657,0.9615384615384616,0.29999998211860657,0.29999998211860657,0.29999998211860657,0.29999998211860657,0.29999998211860657,0.29999998211860657,8667,0.29999998211860657,0.29999998211860657,0.06818181818181818,0.29999998211860657,0.29999998211860657,0.29999998211860657,0.29999998211860657,523,0.29999998211860657,0.29999998211860657,0.1,0.8333333333333334,0.0018458951,21,1e-05,23,-0.1474681943655014,0.6698944568634033,0.30000001192092896,12,-5.374142646789551,0.0,16,0.2,1.0,17,0.9523809523809523,0.8695652173913043,123,0.07367401123046875,0.875,-0.004018709942283749,0.11541217338235583,5220
0.29999998211860657,22,0.29999998211860657,708.0359497070312,7909,0.29999998211860657,0.29999998211860657,0.29999998211860657,0.29999998211860657,0.29999998211860657,0.29999998211860657,68681728,0.29999998211860657,1.577544133044237,0.29999998211860657,0.29999998211860657,1.955223880597015,0.00520355224609375,0.9626865671641791,1.4829850746268667,0.29999998211860657,25,1.0,969.8,0.29999998211860657,1.0,0.29999998211860657,0.29999998211860657,0.29999998211860657,0.29999998211860657,0.29999998211860657,0.29999998211860657,8683,0.29999998211860657,0.29999998211860657,0.03731343283582089,0.29999998211860657,0.29999998211860657,0.29999998211860657,0.29999998211860657,524,0.29999998211860657,0.29999998211860657,0.1,0.9444444444444444,0.0017965392,14,1e-05,19,-0.15167541801929474,0.7517990469932556,0.30000001192092896,18,-5.374142646789551,0.0,17,0.2,0.9473684210526315,19,1.0,0.8947368421052632,129,0.07010498046875,0.9411764705882353,-0.0038166903511410053,0.12335201532987412,5230
0.29999998211860657,16,0.29999998211860657,721.9862670898438,7910,0.29999998211860657,0.29999998211860657,0.29999998211860657,0.29999998211860657,0.29999998211860657,0.29999998211860657,68812800,0.29999998211860657,1.413765519376842,0.29999998211860657,0.29999998211860657,1.9558823529411764,0.00512420654296875,0.9485294117647058,1.471735294117648,0.29999998211860657,30,1.0,988.09,0.29999998211860657,1.0,0.29999998211860657,0.29999998211860657,0.29999998211860657,0.29999998211860657,0.29999998211860657,0.29999998211860657,8699,0.29999998211860657,0.29999998211860657,0.051470588235294115,0.29999998211860657,0.29999998211860657,0.29999998211860657,0.29999998211860657,525,0.29999998211860657,0.29999998211860657,0.1,0.9285714285714286,0.0018038965,20,1e-05,27,-0.13341008126735687,0.7043853998184204,0.30000001192092896,14,-5.374142646789551,0.0,20,0.2,1.0,9,1.0,0.9259259259259259,129,0.06930084228515625,0.8,-0.003518804886198268,0.10017103700374719,5240
0.29999998211860657,21,0.29999998211860657,709.8772583007812,7910,0.29999998211860657,0.29999998211860657,0.29999998211860657,0.29999998211860657,0.29999998211860657,0.29999998211860657,68943872,0.29999998211860657,1.4926746880667183,0.29999998211860657,0.29999998211860657,1.9714285714285715,0.00519134521484375,0.9285714285714286,1.474414285714287,0.29999998211860657,31,0.9523809523809523,972.78,0.29999998211860657,1.0,0.29999998211860657,0.29999998211860657,0.29999998211860657,0.29999998211860657,0.29999998211860657,0.29999998211860657,8715,0.29999998211860657,0.29999998211860657,0.07142857142857142,0.29999998211860657,0.29999998211860657,0.29999998211860657,0.29999998211860657,526,0.29999998211860657,0.29999998211860657,0.1,0.9523809523809523,0.0018336495,19,1e-05,18,-0.18320824205875397,0.7985510230064392,0.30000001192092896,21,-5.374142646789551,0.0,23,0.2,1.0,7,1.0,1.0,130,0.07022171020507813,0.6521739130434783,-0.003427940765641324,0.07669215399655513,5250
0.29999998211860657,16,0.29999998211860657,681.3286743164062,7911,0.29999998211860657,0.29999998211860657,0.29999998211860657,0.29999998211860657,0.29999998211860657,0.29999998211860657,69074944,0.29999998211860657,1.628802944611386,0.29999998211860657,0.29999998211860657,2.08955223880597,0.005213623046875,0.8805970149253731,1.4838208955223893,0.29999998211860657,21,0.9375,926.96,0.29999998211860657,1.0,0.29999998211860657,0.29999998211860657,0.29999998211860657,0.29999998211860657,0.29999998211860657,0.29999998211860657,8731,0.29999998211860657,0.29999998211860657,0.11940298507462686,0.29999998211860657,0.29999998211860657,0.29999998211860657,0.29999998211860657,527,0.29999998211860657,0.29999998211860657,0.1,0.8235294117647058,0.0018645856,19,1e-05,30,-0.22144652903079987,0.6568611264228821,0.30000001192092896,17,-5.374142646789551,0.0,16,0.2,1.0,15,1.0,0.7333333333333333,118,0.07403640747070313,0.75,-0.00376805195965062,0.12641465094930027,5260
0.29999998211860657,24,0.29999998211860657,704.7157592773438,7911,0.29999998211860657,0.29999998211860657,0.29999998211860657,0.29999998211860657,0.29999998211860657,0.29999998211860657,69206016,0.29999998211860657,1.5879693862236501,0.29999998211860657,0.29999998211860657,2.13986013986014,0.0053106689453124994,0.951048951048951,1.4795244755244763,0.29999998211860657,23,0.9583333333333334,960.42,0.29999998211860657,1.0,0.29999998211860657,0.29999998211860657,0.29999998211860657,0.29999998211860657,0.29999998211860657,0.29999998211860657,8747,0.29999998211860657,0.29999998211860657,0.04895104895104895,0.29999998211860657,0.29999998211860657,0.29999998211860657,0.29999998211860657,528,0.29999998211860657,0.29999998211860657,0.1,0.9375,0.0019041585,16,1e-05,20,-0.03973688185214996,0.7294392585754395,0.30000001192092896,16,-5.374142646789551,0.0,27,0.2,0.9411764705882353,17,1.0,0.9,136,0.07790679931640625,0.9259259259259259,-0.004082175568782986,0.14727834765508305,5270
0.29999998211860657,20,0.29999998211860657,706.5535888671875,7912,0.29999998211860657,0.29999998211860657,0.29999998211860657,0.29999998211860657,0.29999998211860657,0.29999998211860657,69337088,0.29999998211860657,1.7318657805544104,0.29999998211860657,0.29999998211860657,1.8307692307692307,0.0053192138671875,0.9307692307692308,1.4878307692307704,0.29999998211860657,20,0.95,960.77,0.29999998211860657,1.0,0.29999998211860657,0.29999998211860657,0.29999998211860657,0.29999998211860657,0.29999998211860657,0.29999998211860657,8763,0.29999998211860657,0.29999998211860657,0.06923076923076923,0.29999998211860657,0.29999998211860657,0.29999998211860657,0.29999998211860657,529,0.29999998211860657,0.29999998211860657,0.1,0.9230769230769231,0.0019046663,23,1e-05,13,-0.20095479488372803,0.7156506180763245,0.30000001192092896,13,-5.374142646789551,0.0,19,0.2,0.9545454545454546,22,1.0,0.9230769230769231,121,0.07936859130859375,0.7368421052631579,-0.0037840532946574966,0.1009339533658931,5280
0.29999998211860657,17,0.29999998211860657,726.9326782226562,7912,0.29999998211860657,0.29999998211860657,0.29999998211860657,0.29999998211860657,0.29999998211860657,0.29999998211860657,69468160,0.29999998211860657,1.5058322747970527,0.29999998211860657,0.29999998211860657,1.7826086956521738,0.0054269409179687495,0.9782608695652174,1.4551014492753633,0.29999998211860657,29,1.0,985.19,0.29999998211860657,1.0,0.29999998211860657,0.29999998211860657,0.29999998211860657,0.29999998211860657,0.29999998211860657,0.29999998211860657,8779,0.29999998211860657,0.29999998211860657,0.021739130434782608,0.29999998211860657,0.29999998211860657,0.29999998211860657,0.29999998211860657,530,0.29999998211860657,0.29999998211860657,0.1,0.9444444444444444,0.0018284421,21,1e-05,22,-0.22699777781963348,0.738244891166687,0.30000001192092896,18,-5.374142646789551,0.0,15,0.2,1.0,16,0.9523809523809523,0.9545454545454546,135,0.07330703735351562,1.0,-0.0037484999047592282,0.0994748469471233,5290
0.29999998211860657,12,0.29999998211860657,729.2446899414062,7913,0.29999998211860657,0.29999998211860657,0.29999998211860657,0.29999998211860657,0.29999998211860657,0.29999998211860657,69599232,0.29999998211860657,1.5135637315237573,0.29999998211860657,0.29999998211860657,1.7131147540983607,0.00533660888671875,0.9754098360655737,1.481754098360657,0.29999998211860657,25,1.0,988.75,0.29999998211860657,1.0,0.29999998211860657,0.29999998211860657,0.29999998211860657,0.29999998211860657,0.29999998211860657,0.29999998211860657,8795,0.29999998211860657,0.29999998211860657,0.02459016393442623,0.29999998211860657,0.29999998211860657,0.29999998211860657,0.29999998211860657,531,0.29999998211860657,0.29999998211860657,0.1,1.0,0.0017477685,14,1e-05,22,-0.22983281314373016,0.6238374710083008,0.30000001192092896,12,-5.374142646789551,0.0,16,0.2,1.0,21,1.0,0.9090909090909091,119,0.06488571166992188,0.9375,-0.0032196415982070903,0.06525223802018446,5300
0.29999998211860657,18,0.29999998211860657,723.2393188476562,7913,0.29999998211860657,0.29999998211860657,0.29999998211860657,0.29999998211860657,0.29999998211860657,0.29999998211860657,69730304,0.29999998211860657,1.5247778637466267,0.29999998211860657,0.29999998211860657,1.7777777777777777,0.0053009033203125,0.9652777777777778,1.4941944444444455,0.29999998211860657,26,1.0,984.7,0.29999998211860657,1.0,0.29999998211860657,0.29999998211860657,0.29999998211860657,0.29999998211860657,0.29999998211860657,0.29999998211860657,8811,0.29999998211860657,0.29999998211860657,0.034722222222222224,0.29999998211860657,0.29999998211860657,0.29999998211860657,0.29999998211860657,532,0.29999998211860657,0.29999998211860657,0.1,0.9090909090909091,0.0017336311,26,1e-05,14,-0.21391376852989197,0.5964792966842651,0.30000001192092896,22,-5.374142646789551,0.0,22,0.2,1.0,16,0.9615384615384616,1.0,139,0.06717681884765625,0.9090909090909091,-0.0032419012584341544,0.06435281978192506,5310
0.29999998211860657,12,0.29999998211860657,703.6361083984375,7914,0.29999998211860657,0.29999998211860657,0.29999998211860657,0.29999998211860657,0.29999998211860657,0.29999998211860657,69861376,0.29999998211860657,1.6700422520773692,0.29999998211860657,0.29999998211860657,1.7777777777777777,0.00526458740234375,0.9444444444444444,1.4961746031746046,0.29999998211860657,19,1.0,964.79,0.29999998211860657,1.0,0.29999998211860657,0.29999998211860657,0.29999998211860657,0.29999998211860657,0.29999998211860657,0.29999998211860657,8827,0.29999998211860657,0.29999998211860657,0.05555555555555555,0.29999998211860657,0.29999998211860657,0.29999998211860657,0.29999998211860657,533,0.29999998211860657,0.29999998211860657,0.1,0.8823529411764706,0.0018185202,13,1e-05,22,-0.2003072053194046,0.6964250206947327,0.30000001192092896,17,-5.374142646789551,0.0,16,0.2,1.0,27,1.0,0.9090909090909091,119,0.06998367309570312,0.8125,-0.003763161178858354,0.08050224723992869,5320
0.29999998211860657,16,0.29999998211860657,715.545166015625,7914,0.29999998211860657,0.29999998211860657,0.29999998211860657,0.29999998211860657,0.29999998211860657,0.29999998211860657,69992448,0.29999998211860657,1.49386820109607,0.29999998211860657,0.29999998211860657,1.9492753623188406,0.00534423828125,0.9492753623188406,1.472231884057972,0.29999998211860657,23,1.0,983.49,0.29999998211860657,1.0,0.29999998211860657,0.29999998211860657,0.29999998211860657,0.29999998211860657,0.29999998211860657,0.29999998211860657,8843,0.29999998211860657,0.29999998211860657,0.050724637681159424,0.29999998211860657,0.29999998211860657,0.29999998211860657,0.29999998211860657,534,0.29999998211860657,0.29999998211860657,0.1,0.9333333333333333,0.0018333037,19,1e-05,19,-0.15262070298194885,0.7258468866348267,0.30000001192092896,15,-5.374142646789551,0.0,29,0.2,1.0,17,0.9473684210526315,0.8947368421052632,131,0.074676513671875,0.896551724137931,-0.0035405021340011444,0.10693611259921454,5330
0.29999998211860657,11,0.29999998211860657,715.150390625,7915,0.29999998211860657,0.29999998211860657,0.29999998211860657,0.29999998211860657,0.29999998211860657,0.29999998211860657,70123520,0.29999998211860657,1.573126051907514,0.29999998211860657,0.29999998211860657,1.5661764705882353,0.0054681396484375,0.9117647058823529,1.4881323529411774,0.29999998211860657,31,1.0,973.87,0.29999998211860657,0.967741935483871,0.29999998211860657,0.29999998211860657,0.29999998211860657,0.29999998211860657,0.29999998211860657,0.29999998211860657,8859,0.29999998211860657,0.29999998211860657,0.08823529411764706,0.29999998211860657,0.29999998211860657,0.29999998211860657,0.29999998211860657,535,0.29999998211860657,0.29999998211860657,0.1,0.875,0.0017520841,19,1e-05,15,-0.22385472059249878,0.779719889163971,0.30000001192092896,16,-5.374142646789551,0.0,26,0.2,1.0,18,1.0,0.5333333333333333,124,0.0670074462890625,0.9230769230769231,-0.0032039833143244325,0.06922626700397813,5340
0.29999998211860657,24,0.29999998211860657,722.752685546875,7916,0.29999998211860657,0.29999998211860657,0.29999998211860657,0.29999998211860657,0.29999998211860657,0.29999998211860657,70254592,0.29999998211860657,1.642620944980244,0.29999998211860657,0.29999998211860657,2.122137404580153,0.00545257568359375,0.9694656488549618,1.4548396946564899,0.29999998211860657,21,0.9583333333333334,982.23,0.29999998211860657,1.0,0.29999998211860657,0.29999998211860657,0.29999998211860657,0.29999998211860657,0.29999998211860657,0.29999998211860657,8874,0.29999998211860657,0.29999998211860657,0.030534351145038167,0.29999998211860657,0.29999998211860657,0.29999998211860657,0.29999998211860657,536,0.29999998211860657,0.29999998211860657,0.1,1.0,0.0018466763,17,1e-05,20,-0.17915058135986328,0.6976367235183716,0.30000001192092896,20,-5.374142646789551,0.0,14,0.2,1.0,15,1.0,0.85,127,0.07427978515625,1.0,-0.004092445835613035,0.12452971640450414,5350
0.29999998211860657,20,0.29999998211860657,714.013916015625,7916,0.29999998211860657,0.29999998211860657,0.29999998211860657,0.29999998211860657,0.29999998211860657,0.29999998211860657,70385664,0.29999998211860657,1.6215604351887338,0.29999998211860657,0.29999998211860657,2.041958041958042,0.00539398193359375,0.916083916083916,1.492699300699302,0.29999998211860657,24,0.95,973.77,0.29999998211860657,1.0,0.29999998211860657,0.29999998211860657,0.29999998211860657,0.29999998211860657,0.29999998211860657,0.29999998211860657,8890,0.29999998211860657,0.29999998211860657,0.08391608391608392,0.29999998211860657,0.29999998211860657,0.29999998211860657,0.29999998211860657,537,0.29999998211860657,0.29999998211860657,0.1,0.8823529411764706,0.0017977587,17,1e-05,21,-0.20553725957870483,0.6293027400970459,0.30000001192092896,17,-5.374142646789551,0.0,27,0.2,1.0,17,1.0,0.8095238095238095,131,0.069879150390625,0.8148148148148148,-0.003444875132754532,0.08246130952611566,5360
0.29999998211860657,23,0.29999998211860657,732.3253784179688,7917,0.29999998211860657,0.29999998211860657,0.29999998211860657,0.29999998211860657,0.29999998211860657,0.29999998211860657,70516736,0.29999998211860657,1.411464245760485,0.29999998211860657,0.29999998211860657,2.126984126984127,0.00540771484375,0.9523809523809523,1.475079365079366,0.29999998211860657,23,0.9130434782608695,990.56,0.29999998211860657,1.0,0.29999998211860657,0.29999998211860657,0.29999998211860657,0.29999998211860657,0.29999998211860657,0.29999998211860657,8906,0.29999998211860657,0.29999998211860657,0.047619047619047616,0.29999998211860657,0.29999998211860657,0.29999998211860657,0.29999998211860657,538,0.29999998211860657,0.29999998211860657,0.1,0.9333333333333333,0.0017824891,10,1e-05,22,-0.21418000757694244,0.692518949508667,0.30000001192092896,15,-5.374142646789551,0.0,16,0.2,0.9411764705882353,17,1.0,0.9545454545454546,120,0.071978759765625,0.9375,-0.00369675469764843,0.11747486950480379,5370
0.29999998211860657,19,0.29999998211860657,722.222412109375,7917,0.29999998211860657,0.29999998211860657,0.29999998211860657,0.29999998211860657,0.29999998211860657,0.29999998211860657,70647808,0.29999998211860657,1.6046753387522188,0.29999998211860657,0.29999998211860657,1.8461538461538463,0.00556060791015625,0.9440559440559441,1.4782797202797213,0.29999998211860657,24,0.9473684210526315,980.37,0.29999998211860657,1.0,0.29999998211860657,0.29999998211860657,0.29999998211860657,0.29999998211860657,0.29999998211860657,0.29999998211860657,8922,0.29999998211860657,0.29999998211860657,0.055944055944055944,0.29999998211860657,0.29999998211860657,0.29999998211860657,0.29999998211860657,539,0.29999998211860657,0.29999998211860657,0.1,0.9583333333333334,0.0017947445,20,1e-05,20,-0.16775618493556976,0.6434850096702576,0.30000001192092896,24,-5.374142646789551,0.0,15,0.2,1.0,21,1.0,0.95,135,0.07142486572265624,0.6666666666666666,-0.0034728639143395412,0.08318852079828502,5380
0.29999998211860657,12,0.29999998211860657,719.9601440429688,7918,0.29999998211860657,0.29999998211860657,0.29999998211860657,0.29999998211860657,0.29999998211860657,0.29999998211860657,70778880,0.29999998211860657,1.3857262772794146,0.29999998211860657,0.29999998211860657,1.5206611570247934,0.0056710815429687495,0.9338842975206612,1.4964628099173565,0.29999998211860657,35,1.0,980.53,0.29999998211860657,0.9714285714285714,0.29999998211860657,0.29999998211860657,0.29999998211860657,0.29999998211860657,0.29999998211860657,0.29999998211860657,8938,0.29999998211860657,0.29999998211860657,0.06611570247933884,0.29999998211860657,0.29999998211860657,0.29999998211860657,0.29999998211860657,540,0.29999998211860657,0.29999998211860657,0.1,0.75,0.0017581817,14,1e-05,16,-0.16787123680114746,0.7634389400482178,0.30000001192092896,12,-5.374142646789551,0.0,19,0.2,0.9230769230769231,13,1.0,0.9375,113,0.06869354248046874,0.8947368421052632,-0.0035399332658926142,0.1042170310363872,5390
0.29999998211860657,21,0.29999998211860657,726.1615600585938,7918,0.29999998211860657,0.29999998211860657,0.29999998211860657,0.29999998211860657,0.29999998211860657,0.29999998211860657,70909952,0.29999998211860657,1.5983659424512047,0.29999998211860657,0.29999998211860657,1.9315068493150684,0.00558380126953125,0.9452054794520548,1.4714246575342476,0.29999998211860657,24,1.0,986.84,0.29999998211860657,1.0,0.29999998211860657,0.29999998211860657,0.29999998211860657,0.29999998211860657,0.29999998211860657,0.29999998211860657,8954,0.29999998211860657,0.29999998211860657,0.0547945205479452,0.29999998211860657,0.29999998211860657,0.29999998211860657,0.29999998211860657,541,0.29999998211860657,0.29999998211860657,0.1,0.9,0.0019181989,15,1e-05,23,-0.15255054831504822,0.7825024724006653,0.30000001192092896,20,-5.374142646789551,0.0,18,0.2,1.0,25,1.0,0.9130434782608695,138,0.07691421508789062,0.7777777777777778,-0.0036657940249369856,0.08533363848109729,5400
0.29999998211860657,8,0.29999998211860657,722.78759765625,7919,0.29999998211860657,0.29999998211860657,0.29999998211860657,0.29999998211860657,0.29999998211860657,0.29999998211860657,71041024,0.29999998211860657,1.5756000685667033,0.29999998211860657,0.29999998211860657,1.775,0.00573883056640625,0.9583333333333334,1.4811666666666676,0.29999998211860657,24,1.0,982.06,0.29999998211860657,1.0,0.29999998211860657,0.29999998211860657,0.29999998211860657,0.29999998211860657,0.29999998211860657,0.29999998211860657,8970,0.29999998211860657,0.29999998211860657,0.041666666666666664,0.29999998211860657,0.29999998211860657,0.29999998211860657,0.29999998211860657,542,0.29999998211860657,0.29999998211860657,0.1,0.9411764705882353,0.0017657719,15,1e-05,28,-0.22789062559604645,0.7339450120925903,0.30000001192092896,17,-5.374142646789551,0.0,12,0.2,1.0,16,0.9333333333333333,0.8928571428571429,115,0.06807403564453125,1.0,-0.003446763635474781,0.08210784802213311,5410
0.29999998211860657,19,0.29999998211860657,710.7860107421875,7919,0.29999998211860657,0.29999998211860657,0.29999998211860657,0.29999998211860657,0.29999998211860657,0.29999998211860657,71172096,0.29999998211860657,1.5493718006903727,0.29999998211860657,0.29999998211860657,1.7828947368421053,0.0056951904296875,0.9342105263157895,1.4857763157894748,0.29999998211860657,32,0.9473684210526315,964.41,0.29999998211860657,1.0,0.29999998211860657,0.29999998211860657,0.29999998211860657,0.29999998211860657,0.29999998211860657,0.29999998211860657,8986,0.29999998211860657,0.29999998211860657,0.06578947368421052,0.29999998211860657,0.29999998211860657,0.29999998211860657,0.29999998211860657,543,0.29999998211860657,0.29999998211860657,0.1,0.8125,0.0017606219,21,1e-05,23,-0.21510155498981476,0.6162877678871155,0.30000001192092896,16,-5.374142646789551,0.0,21,0.2,1.0,20,1.0,0.9130434782608695,142,0.06726608276367188,0.8095238095238095,-0.0034139185961066685,0.08689322253630963,5420
0.29999998211860657,12,0.29999998211860657,726.6943969726562,7920,0.29999998211860657,0.29999998211860657,0.29999998211860657,0.29999998211860657,0.29999998211860657,0.29999998211860657,71303168,0.29999998211860657,1.4271153735867261,0.29999998211860657,0.29999998211860657,1.6153846153846154,0.00559814453125,0.9401709401709402,1.4856239316239328,0.29999998211860657,27,1.0,980.01,0.29999998211860657,1.0,0.29999998211860657,0.29999998211860657,0.29999998211860657,0.29999998211860657,0.29999998211860657,0.29999998211860657,9002,0.29999998211860657,0.29999998211860657,0.05982905982905983,0.29999998211860657,0.29999998211860657,0.29999998211860657,0.29999998211860657,544,0.29999998211860657,0.29999998211860657,0.1,0.8571428571428571,0.0018190367,11,1e-05,15,-0.061990007758140564,0.7214237451553345,0.30000001192092896,14,-5.374142646789551,0.0,19,0.2,0.9473684210526315,19,1.0,0.9333333333333333,110,0.07315521240234375,0.8421052631578947,-0.0037012176753250968,0.10824461126758252,5430
0.29999998211860657,17,0.29999998211860657,722.4866333007812,7920,0.29999998211860657,0.29999998211860657,0.29999998211860657,0.29999998211860657,0.29999998211860657,0.29999998211860657,71434240,0.29999998211860657,1.4981733134054487,0.29999998211860657,0.29999998211860657,1.778523489932886,0.00569183349609375,0.9664429530201343,1.4711006711409405,0.29999998211860657,30,0.9411764705882353,978.84,0.29999998211860657,1.0,0.29999998211860657,0.29999998211860657,0.29999998211860657,0.29999998211860657,0.29999998211860657,0.29999998211860657,9018,0.29999998211860657,0.29999998211860657,0.03355704697986577,0.29999998211860657,0.29999998211860657,0.29999998211860657,0.29999998211860657,545,0.29999998211860657,0.29999998211860657,0.1,0.9565217391304348,0.0017905834,17,1e-05,18,-0.16358588635921478,0.6927383542060852,0.30000001192092896,23,-5.374142646789551,0.0,25,0.2,1.0,19,1.0,0.9444444444444444,144,0.06704940795898437,0.92,-0.0036267588725877433,0.09219921012409031,5440
0.29999998211860657,13,0.29999998211860657,715.5560302734375,7921,0.29999998211860657,0.29999998211860657,0.29999998211860657,0.29999998211860657,0.29999998211860657,0.29999998211860657,71565312,0.29999998211860657,1.6158620056469488,0.29999998211860657,0.29999998211860657,1.8617886178861789,0.005693359375,0.943089430894309,1.475333333333334,0.29999998211860657,20,0.8461538461538461,976.49,0.29999998211860657,1.0,0.29999998211860657,0.29999998211860657,0.29999998211860657,0.29999998211860657,0.29999998211860657,0.29999998211860657,9034,0.29999998211860657,0.29999998211860657,0.056910569105691054,0.29999998211860657,0.29999998211860657,0.29999998211860657,0.29999998211860657,546,0.29999998211860657,0.29999998211860657,0.1,0.95,0.0018012233,13,1e-05,14,-0.19332650303840637,0.7889758944511414,0.30000001192092896,20,-5.374142646789551,0.0,25,0.2,1.0,18,1.0,0.8571428571428571,116,0.0731597900390625,0.92,-0.0037511994422402494,0.07901146839139983,5450
0.29999998211860657,19,0.29999998211860657,721.1671752929688,7921,0.29999998211860657,0.29999998211860657,0.29999998211860657,0.29999998211860657,0.29999998211860657,0.29999998211860657,71696384,0.29999998211860657,1.6206532628248826,0.29999998211860657,0.29999998211860657,1.864864864864865,0.00580047607421875,0.9324324324324325,1.460472972972974,0.29999998211860657,23,0.9473684210526315,976.27,0.29999998211860657,1.0,0.29999998211860657,0.29999998211860657,0.29999998211860657,0.29999998211860657,0.29999998211860657,0.29999998211860657,9050,0.29999998211860657,0.29999998211860657,0.06756756756756757,0.29999998211860657,0.29999998211860657,0.29999998211860657,0.29999998211860657,547,0.29999998211860657,0.29999998211860657,0.1,0.9047619047619048,0.001759416,27,1e-05,18,-0.1586318463087082,0.6761864423751831,0.30000001192092896,21,-5.374142646789551,0.0,21,0.2,1.0,19,0.9259259259259259,0.8333333333333334,138,0.06986160278320312,0.9047619047619048,-0.0035258526222605724,0.10058950862730853,5460
0.29999998211860657,12,0.29999998211860657,716.7218017578125,7922,0.29999998211860657,0.29999998211860657,0.29999998211860657,0.29999998211860657,0.29999998211860657,0.29999998211860657,71827456,0.29999998211860657,1.6245681548587965,0.29999998211860657,0.29999998211860657,1.8166666666666667,0.0058001708984375,0.95,1.486866666666668,0.29999998211860657,22,1.0,975.23,0.29999998211860657,1.0,0.29999998211860657,0.29999998211860657,0.29999998211860657,0.29999998211860657,0.29999998211860657,0.29999998211860657,9066,0.29999998211860657,0.29999998211860657,0.05,0.29999998211860657,0.29999998211860657,0.29999998211860657,0.29999998211860657,548,0.29999998211860657,0.29999998211860657,0.1,0.95,0.0017343787,17,1e-05,18,-0.20514468848705292,0.7441956400871277,0.30000001192092896,20,-5.374142646789551,0.0,17,0.2,0.9285714285714286,14,1.0,0.8888888888888888,114,0.06670074462890625,0.8823529411764706,-0.003590274756970757,0.09753546721767634,5470
0.29999998211860657,14,0.29999998211860657,707.197021484375,7922,0.29999998211860657,0.29999998211860657,0.29999998211860657,0.29999998211860657,0.29999998211860657,0.29999998211860657,71958528,0.29999998211860657,1.5508955194157126,0.29999998211860657,0.29999998211860657,1.8476821192052981,0.00579742431640625,0.9205298013245033,1.4745033112582793,0.29999998211860657,26,0.9285714285714286,957.0,0.29999998211860657,1.0,0.29999998211860657,0.29999998211860657,0.29999998211860657,0.29999998211860657,0.29999998211860657,0.29999998211860657,9082,0.29999998211860657,0.29999998211860657,0.07947019867549669,0.29999998211860657,0.29999998211860657,0.29999998211860657,0.29999998211860657,549,0.29999998211860657,0.29999998211860657,0.1,0.9545454545454546,0.0017990475,19,1e-05,25,-0.19632166624069214,0.677394449710846,0.30000001192092896,22,-5.374142646789551,0.0,24,0.2,0.9047619047619048,21,1.0,0.8,139,0.07105712890625,0.875,-0.0036643761072809866,0.08612324787827674,5480
0.29999998211860657,14,0.29999998211860657,714.5213012695312,7923,0.29999998211860657,0.29999998211860657,0.29999998211860657,0.29999998211860657,0.29999998211860657,0.29999998211860657,72089600,0.29999998211860657,1.4856095698266734,0.29999998211860657,0.29999998211860657,1.728,0.00583251953125,0.912,1.4683680000000012,0.29999998211860657,30,0.9285714285714286,972.56,0.29999998211860657,1.0,0.29999998211860657,0.29999998211860657,0.29999998211860657,0.29999998211860657,0.29999998211860657,0.29999998211860657,9098,0.29999998211860657,0.29999998211860657,0.088,0.29999998211860657,0.29999998211860657,0.29999998211860657,0.29999998211860657,550,0.29999998211860657,0.29999998211860657,0.1,0.9523809523809523,0.0019178153,11,1e-05,12,-0.07147398591041565,0.7078350186347961,0.30000001192092896,21,-5.374142646789551,0.0,25,0.2,0.9166666666666666,12,1.0,0.8333333333333334,114,0.07886886596679688,0.76,-0.004035151430798578,0.13139922475093044,5490
0.29999998211860657,19,0.29999998211860657,729.7806396484375,7924,0.29999998211860657,0.29999998211860657,0.29999998211860657,0.29999998211860657,0.29999998211860657,0.29999998211860657,72220672,0.29999998211860657,1.4365321172484156,0.29999998211860657,0.29999998211860657,1.7841726618705036,0.0058837890625,0.9712230215827338,1.4839136690647492,0.29999998211860657,27,1.0,990.62,0.29999998211860657,1.0,0.29999998211860657,0.29999998211860657,0.29999998211860657,0.29999998211860657,0.29999998211860657,0.29999998211860657,9114,0.29999998211860657,0.29999998211860657,0.02877697841726619,0.29999998211860657,0.29999998211860657,0.29999998211860657,0.29999998211860657,551,0.29999998211860657,0.29999998211860657,0.1,1.0,0.0017800832,16,1e-05,18,-0.14628121256828308,0.693808376789093,0.30000001192092896,16,-5.374142646789551,0.0,20,0.2,0.9565217391304348,23,1.0,0.9444444444444444,135,0.071075439453125,0.9,-0.003576107596472866,0.10734022764081601,5500
0.29999998211860657,20,0.29999998211860657,719.5772094726562,7924,0.29999998211860657,0.29999998211860657,0.29999998211860657,0.29999998211860657,0.29999998211860657,0.29999998211860657,72351744,0.29999998211860657,1.752616750172685,0.29999998211860657,0.29999998211860657,2.32,0.005875549316406251,0.968,1.4777280000000015,0.29999998211860657,16,0.95,979.63,0.29999998211860657,1.0,0.29999998211860657,0.29999998211860657,0.29999998211860657,0.29999998211860657,0.29999998211860657,0.29999998211860657,9130,0.29999998211860657,0.29999998211860657,0.032,0.29999998211860657,0.29999998211860657,0.29999998211860657,0.29999998211860657,552,0.29999998211860657,0.29999998211860657,0.1,0.9375,0.0018331397,17,1e-05,22,-0.21668805181980133,0.7024961113929749,0.30000001192092896,16,-5.374142646789551,0.0,23,0.2,1.0,11,0.9411764705882353,0.9545454545454546,121,0.0725860595703125,1.0,-0.0035810736638268283,0.07728381065535359,5510
0.29999998211860657,18,0.29999998211860657,715.4474487304688,7924,0.29999998211860657,0.29999998211860657,0.29999998211860657,0.29999998211860657,0.29999998211860657,0.29999998211860657,72482816,0.29999998211860657,1.4445204085546788,0.29999998211860657,0.29999998211860657,1.8344827586206895,0.00593048095703125,0.9586206896551724,1.4716689655172426,0.29999998211860657,36,1.0,970.51,0.29999998211860657,1.0,0.29999998211860657,0.29999998211860657,0.29999998211860657,0.29999998211860657,0.29999998211860657,0.29999998211860657,9146,0.29999998211860657,0.29999998211860657,0.041379310344827586,0.29999998211860657,0.29999998211860657,0.29999998211860657,0.29999998211860657,553,0.29999998211860657,0.29999998211860657,0.1,1.0,0.0017426072,11,1e-05,22,-0.21770711243152618,0.679973840713501,0.30000001192092896,16,-5.374142646789551,0.0,27,0.2,1.0,15,1.0,0.9545454545454546,139,0.06916351318359375,0.8148148148148148,-0.003362769813338673,0.06800996546517127,5520
0.29999998211860657,10,0.29999998211860657,711.8333740234375,7925,0.29999998211860657,0.29999998211860657,0.29999998211860657,0.29999998211860657,0.29999998211860657,0.29999998211860657,72613888,0.29999998211860657,1.6062649876875537,0.29999998211860657,0.29999998211860657,1.7024793388429753,0.006011962890625,0.9421487603305785,1.4561652892561994,0.29999998211860657,22,1.0,967.51,0.29999998211860657,1.0,0.29999998211860657,0.29999998211860657,0.29999998211860657,0.29999998211860657,0.29999998211860657,0.29999998211860657,9162,0.29999998211860657,0.29999998211860657,0.05785123966942149,0.29999998211860657,0.29999998211860657,0.29999998211860657,0.29999998211860657,554,0.29999998211860657,0.29999998211860657,0.1,0.8125,0.0018014344,18,1e-05,20,-0.14699490368366241,0.6387821435928345,0.30000001192092896,16,-5.374142646789551,0.0,16,0.2,1.0,19,1.0,0.85,114,0.06996002197265624,0.9375,-0.003517473415740824,0.09305207230790984,5530
0.29999998211860657,20,0.29999998211860657,721.3211669921875,7925,0.29999998211860657,0.29999998211860657,0.29999998211860657,0.29999998211860657,0.29999998211860657,0.29999998211860657,72744960,0.29999998211860657,1.5694527330132793,0.29999998211860657,0.29999998211860657,1.9189189189189189,0.006063232421875,0.9459459459459459,1.4493378378378388,0.29999998211860657,31,0.9,985.28,0.29999998211860657,1.0,0.29999998211860657,0.29999998211860657,0.29999998211860657,0.29999998211860657,0.29999998211860657,0.29999998211860657,9178,0.29999998211860657,0.29999998211860657,0.05405405405405406,0.29999998211860657,0.29999998211860657,0.29999998211860657,0.29999998211860657,555,0.29999998211860657,0.29999998211860657,0.1,0.96,0.0017537847,14,1e-05,22,-0.1645418107509613,0.7740039229393005,0.30000001192092896,25,-5.374142646789551,0.0,21,0.2,1.0,15,1.0,0.8636363636363636,140,0.06675491333007813,0.9047619047619048,-0.003843686581876682,0.0876218758901814,5540
0.29999998211860657,16,0.29999998211860657,730.2908325195312,7926,0.29999998211860657,0.29999998211860657,0.29999998211860657,0.29999998211860657,0.29999998211860657,0.29999998211860657,72876032,0.29999998211860657,1.4850058134629565,0.29999998211860657,0.29999998211860657,1.9067796610169492,0.006026000976562499,0.9576271186440678,1.4776949152542385,0.29999998211860657,22,1.0,987.51,0.29999998211860657,1.0,0.29999998211860657,0.29999998211860657,0.29999998211860657,0.29999998211860657,0.29999998211860657,0.29999998211860657,9194,0.29999998211860657,0.29999998211860657,0.0423728813559322,0.29999998211860657,0.29999998211860657,0.29999998211860657,0.29999998211860657,556,0.29999998211860657,0.29999998211860657,0.1,1.0,0.0018545503,11,1e-05,20,-0.20082762837409973,0.571384608745575,0.30000001192092896,14,-5.3741426389664415,0.0,16,0.2,0.8947368421052632,19,1.0,0.9,113,0.07359466552734376,0.9375,-0.003505580210730841,0.11195274065830745,5550
0.29999998211860657,21,0.29999998211860657,731.8479614257812,7926,0.29999998211860657,0.29999998211860657,0.29999998211860657,0.29999998211860657,0.29999998211860657,0.29999998211860657,73007104,0.29999998211860657,1.388230031262014,0.29999998211860657,0.29999998211860657,1.669064748201439,0.00605743408203125,0.9712230215827338,1.4634676258992816,0.29999998211860657,37,0.9523809523809523,993.22,0.29999998211860657,1.0,0.29999998211860657,0.29999998211860657,0.29999998211860657,0.29999998211860657,0.29999998211860657,0.29999998211860657,9210,0.29999998211860657,0.29999998211860657,0.02877697841726619,0.29999998211860657,0.29999998211860657,0.29999998211860657,0.29999998211860657,557,0.29999998211860657,0.29999998211860657,0.1,0.9473684210526315,0.001783784,16,1e-05,17,-0.23202195763587952,0.6342426538467407,0.30000001192092896,19,-5.374142646789551,0.0,14,0.2,1.0,15,1.0,0.8823529411764706,135,0.0716552734375,1.0,-0.0034482654348721555,0.07582974521501455,5560
0.29999998211860657,17,0.29999998211860657,730.6367797851562,7927,0.29999998211860657,0.29999998211860657,0.29999998211860657,0.29999998211860657,0.29999998211860657,0.29999998211860657,73138176,0.29999998211860657,1.5962162114025567,0.29999998211860657,0.29999998211860657,1.821705426356589,0.00609283447265625,0.9689922480620154,1.4754418604651176,0.29999998211860657,25,1.0,994.92,0.29999998211860657,1.0,0.29999998211860657,0.29999998211860657,0.29999998211860657,0.29999998211860657,0.29999998211860657,0.29999998211860657,9226,0.29999998211860657,0.29999998211860657,0.031007751937984496,0.29999998211860657,0.29999998211860657,0.29999998211860657,0.29999998211860657,558,0.29999998211860657,0.29999998211860657,0.1,0.8888888888888888,0.0017835931,14,1e-05,17,-0.20173311233520508,0.6392899751663208,0.30000001192092896,18,-5.374142646789551,0.0,19,0.2,1.0,19,1.0,0.9411764705882353,125,0.06647491455078125,0.9473684210526315,-0.00309207709428847,0.06654604947107146,5570
0.29999998211860657,20,0.29999998211860657,717.9531860351562,7927,0.29999998211860657,0.29999998211860657,0.29999998211860657,0.29999998211860657,0.29999998211860657,0.29999998211860657,73269248,0.29999998211860657,1.4380180789735166,0.29999998211860657,0.29999998211860657,1.8057553956834533,0.00603515625,0.9424460431654677,1.461841726618706,0.29999998211860657,32,1.0,973.74,0.29999998211860657,1.0,0.29999998211860657,0.29999998211860657,0.29999998211860657,0.29999998211860657,0.29999998211860657,0.29999998211860657,9242,0.29999998211860657,0.29999998211860657,0.05755395683453238,0.29999998211860657,0.29999998211860657,0.29999998211860657,0.29999998211860657,559,0.29999998211860657,0.29999998211860657,0.1,0.9375,0.0017653446,14,1e-05,17,-0.22721059620380402,0.6847269535064697,0.30000001192092896,16,-5.374142643809319,0.0,23,0.2,0.9411764705882353,17,1.0,0.8235294117647058,131,0.06856307983398438,0.8695652173913043,-0.0031330445038292966,0.05570084738865262,5580
0.29999998211860657,15,0.29999998211860657,724.9734497070312,7928,0.29999998211860657,0.29999998211860657,0.29999998211860657,0.29999998211860657,0.29999998211860657,0.29999998211860657,73400320,0.29999998211860657,1.5106519260982585,0.29999998211860657,0.29999998211860657,1.786259541984733,0.00607330322265625,0.9618320610687023,1.4869312977099247,0.29999998211860657,28,1.0,982.65,0.29999998211860657,1.0,0.29999998211860657,0.29999998211860657,0.29999998211860657,0.29999998211860657,0.29999998211860657,0.29999998211860657,9258,0.29999998211860657,0.29999998211860657,0.03816793893129771,0.29999998211860657,0.29999998211860657,0.29999998211860657,0.29999998211860657,560,0.29999998211860657,0.29999998211860657,0.1,1.0,0.0017718191,13,1e-05,18,-0.11374448239803314,0.7569864988327026,0.30000001192092896,18,-5.374142646789551,0.0,22,0.2,1.0,17,0.9230769230769231,0.8333333333333334,126,0.07038726806640624,0.9545454545454546,-0.0038362083730135053,0.09252262696973049,5590
0.29999998211860657,16,0.29999998211860657,722.1563110351562,7928,0.29999998211860657,0.29999998211860657,0.29999998211860657,0.29999998211860657,0.29999998211860657,0.29999998211860657,73531392,0.29999998211860657,1.5473454844723307,0.29999998211860657,0.29999998211860657,1.8432835820895523,0.00601287841796875,0.9701492537313433,1.49613432835821,0.29999998211860657,31,1.0,976.44,0.29999998211860657,1.0,0.29999998211860657,0.29999998211860657,0.29999998211860657,0.29999998211860657,0.29999998211860657,0.29999998211860657,9274,0.29999998211860657,0.29999998211860657,0.029850746268656716,0.29999998211860657,0.29999998211860657,0.29999998211860657,0.29999998211860657,561,0.29999998211860657,0.29999998211860657,0.1,1.0,0.0017434972,13,1e-05,19,-0.221825510263443,0.6127828359603882,0.30000001192092896,20,-5.374142646789551,0.0,23,0.2,1.0,12,1.0,0.9473684210526315,130,0.0677886962890625,0.8695652173913043,-0.0033082677965921904,0.07622650217235787,5600
0.29999998211860657,8,0.29999998211860657,726.9475708007812,7929,0.29999998211860657,0.29999998211860657,0.29999998211860657,0.29999998211860657,0.29999998211860657,0.29999998211860657,73662464,0.29999998211860657,1.514386533544044,0.29999998211860657,0.29999998211860657,1.5255474452554745,0.006138916015625,0.9708029197080292,1.4704671532846727,0.29999998211860657,26,1.0,982.3,0.29999998211860657,1.0,0.29999998211860657,0.29999998211860657,0.29999998211860657,0.29999998211860657,0.29999998211860657,0.29999998211860657,9290,0.29999998211860657,0.29999998211860657,0.029197080291970802,0.29999998211860657,0.29999998211860657,0.29999998211860657,0.29999998211860657,562,0.29999998211860657,0.29999998211860657,0.1,0.9523809523809523,0.0017795891,28,1e-05,20,-0.2363082617521286,0.6737041473388672,0.30000001192092896,21,-5.374142646789551,0.0,15,0.2,0.8947368421052632,19,1.0,1.0,133,0.0708465576171875,0.9333333333333333,-0.0034562406453915173,0.06614928422641242,5610
0.29999998211860657,20,0.29999998211860657,726.0656127929688,7929,0.29999998211860657,0.29999998211860657,0.29999998211860657,0.29999998211860657,0.29999998211860657,0.29999998211860657,73793536,0.29999998211860657,1.4993447696920783,0.29999998211860657,0.29999998211860657,1.746031746031746,0.006090087890625,0.9682539682539683,1.488920634920636,0.29999998211860657,27,1.0,984.27,0.29999998211860657,1.0,0.29999998211860657,0.29999998211860657,0.29999998211860657,0.29999998211860657,0.29999998211860657,0.29999998211860657,9306,0.29999998211860657,0.29999998211860657,0.031746031746031744,0.29999998211860657,0.29999998211860657,0.29999998211860657,0.29999998211860657,563,0.29999998211860657,0.29999998211860657,0.1,0.9333333333333333,0.0018265945,18,1e-05,15,-0.2135324329137802,0.680382490158081,0.30000001192092896,15,-5.374142646789551,0.0,13,0.2,1.0,18,0.9444444444444444,0.8666666666666667,122,0.07318038940429687,1.0,-0.0035851972255841248,0.07833987234771485,5620
0.29999998211860657,18,0.29999998211860657,718.8511962890625,7930,0.29999998211860657,0.29999998211860657,0.29999998211860657,0.29999998211860657,0.29999998211860657,0.29999998211860657,73924608,0.29999998211860657,1.5559724683058298,0.29999998211860657,0.29999998211860657,1.7142857142857142,0.006121520996093749,0.95,1.4807428571428582,0.29999998211860657,31,0.9444444444444444,977.05,0.29999998211860657,1.0,0.29999998211860657,0.29999998211860657,0.29999998211860657,0.29999998211860657,0.29999998211860657,0.29999998211860657,9322,0.29999998211860657,0.29999998211860657,0.05,0.29999998211860657,0.29999998211860657,0.29999998211860657,0.29999998211860657,564,0.29999998211860657,0.29999998211860657,0.1,0.7857142857142857,0.0017581242,21,1e-05,18,-0.20335686206817627,0.6836842894554138,0.30000001192092896,14,-5.374142646789551,0.0,20,0.2,1.0,18,1.0,0.8888888888888888,133,0.06713485717773438,0.95,-0.003555671728008747,0.06895424807589734,5630
0.29999998211860657,12,0.29999998211860657,728.941650390625,7930,0.29999998211860657,0.29999998211860657,0.29999998211860657,0.29999998211860657,0.29999998211860657,0.29999998211860657,74055680,0.29999998211860657,1.542061084985212,0.29999998211860657,0.29999998211860657,1.8015267175572518,0.006204833984375,0.9618320610687023,1.5022137404580163,0.29999998211860657,26,0.9166666666666666,984.2,0.29999998211860657,1.0,0.29999998211860657,0.29999998211860657,0.29999998211860657,0.29999998211860657,0.29999998211860657,0.29999998211860657,9338,0.29999998211860657,0.29999998211860657,0.03816793893129771,0.29999998211860657,0.29999998211860657,0.29999998211860657,0.29999998211860657,565,0.29999998211860657,0.29999998211860657,0.1,1.0,0.0018085863,15,1e-05,19,-0.1930946707725525,0.6344372034072876,0.30000001192092896,21,-5.374142646789551,0.0,23,0.2,1.0,15,1.0,0.8421052631578947,126,0.07347564697265625,0.9565217391304348,-0.003602206347113679,0.09181377993372734,5640
0.29999998211860657,22,0.29999998211860657,724.1239624023438,7931,0.29999998211860657,0.29999998211860657,0.29999998211860657,0.29999998211860657,0.29999998211860657,0.29999998211860657,74186752,0.29999998211860657,1.632426476800726,0.29999998211860657,0.29999998211860657,2.0444444444444443,0.006235351562500001,0.9481481481481482,1.4819703703703715,0.29999998211860657,22,1.0,985.77,0.29999998211860657,0.9545454545454546,0.29999998211860657,0.29999998211860657,0.29999998211860657,0.29999998211860657,0.29999998211860657,0.29999998211860657,9353,0.29999998211860657,0.29999998211860657,0.05185185185185185,0.29999998211860657,0.29999998211860657,0.29999998211860657,0.29999998211860657,566,0.29999998211860657,0.29999998211860657,0.1,0.9047619047619048,0.0017668841,17,1e-05,15,-0.20565614104270935,0.6186916828155518,0.30000001192092896,21,-5.374142646789551,0.0,23,0.2,1.0,15,1.0,0.8666666666666667,128,0.07074737548828125,0.9130434782608695,-0.0034355586876699817,0.09098537760728505,5650
0.29999998211860657,15,0.29999998211860657,710.0016479492188,7931,0.29999998211860657,0.29999998211860657,0.29999998211860657,0.29999998211860657,0.29999998211860657,0.29999998211860657,74317824,0.29999998211860657,1.698559687634252,0.29999998211860657,0.29999998211860657,2.045801526717557,0.0061889648437499995,0.9389312977099237,1.5043664122137415,0.29999998211860657,22,0.9333333333333333,964.54,0.29999998211860657,1.0,0.29999998211860657,0.29999998211860657,0.29999998211860657,0.29999998211860657,0.29999998211860657,0.29999998211860657,9369,0.29999998211860657,0.29999998211860657,0.061068702290076333,0.29999998211860657,0.29999998211860657,0.29999998211860657,0.29999998211860657,567,0.29999998211860657,0.29999998211860657,0.1,0.9523809523809523,0.0017970813,15,1e-05,20,-0.18348145484924316,0.751604437828064,0.30000001192092896,21,-5.374142646789551,0.0,26,0.2,1.0,12,1.0,0.85,123,0.06849365234375,0.8846153846153846,-0.0034353003185060515,0.07203949734102935,5660
0.29999998211860657,12,0.29999998211860657,730.611083984375,7931,0.29999998211860657,0.29999998211860657,0.29999998211860657,0.29999998211860657,0.29999998211860657,0.29999998211860657,74448896,0.29999998211860657,1.5327111908676547,0.29999998211860657,0.29999998211860657,1.7851851851851852,0.0062469482421875,0.9629629629629629,1.4790666666666679,0.29999998211860657,23,1.0,987.64,0.29999998211860657,1.0,0.29999998211860657,0.29999998211860657,0.29999998211860657,0.29999998211860657,0.29999998211860657,0.29999998211860657,9386,0.29999998211860657,0.29999998211860657,0.037037037037037035,0.29999998211860657,0.29999998211860657,0.29999998211860657,0.29999998211860657,568,0.29999998211860657,0.29999998211860657,0.1,0.9411764705882353,0.0018449607,20,1e-05,18,-0.19567161798477173,0.6458294987678528,0.30000001192092896,17,-5.374142646789551,0.0,26,0.2,1.0,19,0.95,1.0,130,0.07266006469726563,0.8846153846153846,-0.0037445293916334777,0.12045396552566671,5670
0.29999998211860657,19,0.29999998211860657,730.8515014648438,7932,0.29999998211860657,0.29999998211860657,0.29999998211860657,0.29999998211860657,0.29999998211860657,0.29999998211860657,74579968,0.29999998211860657,1.5338258259907627,0.29999998211860657,0.29999998211860657,1.7076923076923076,0.00621612548828125,0.9846153846153847,1.486046153846155,0.29999998211860657,29,1.0,990.52,0.29999998211860657,1.0,0.29999998211860657,0.29999998211860657,0.29999998211860657,0.29999998211860657,0.29999998211860657,0.29999998211860657,9402,0.29999998211860657,0.29999998211860657,0.015384615384615385,0.29999998211860657,0.29999998211860657,0.29999998211860657,0.29999998211860657,569,0.29999998211860657,0.29999998211860657,0.1,0.9473684210526315,0.0018070783,16,1e-05,15,-0.2162342071533203,0.621576189994812,0.30000001192092896,19,-5.374142646789551,0.0,14,0.2,1.0,18,1.0,0.9333333333333333,128,0.06877822875976562,1.0,-0.003554035124761867,0.0756206128251506,5680
0.29999998211860657,14,0.29999998211860657,721.94287109375,7932,0.29999998211860657,0.29999998211860657,0.29999998211860657,0.29999998211860657,0.29999998211860657,0.29999998211860657,74711040,0.29999998211860657,1.5566787143726042,0.29999998211860657,0.29999998211860657,1.7,0.00646087646484375,0.9571428571428572,1.4638285714285726,0.29999998211860657,31,1.0,981.43,0.29999998211860657,1.0,0.29999998211860657,0.29999998211860657,0.29999998211860657,0.29999998211860657,0.29999998211860657,0.29999998211860657,9417,0.29999998211860657,0.29999998211860657,0.04285714285714286,0.29999998211860657,0.29999998211860657,0.29999998211860657,0.29999998211860657,570,0.29999998211860657,0.29999998211860657,0.1,1.0,0.0017313116,16,1e-05,17,-0.18225061893463135,0.5777212381362915,0.30000001192092896,23,-5.374142646789551,0.0,23,0.2,0.875,16,1.0,0.9411764705882353,134,0.06541213989257813,0.8695652173913043,-0.003304765679604316,0.055074227011937184,5690
0.29999998211860657,10,0.29999998211860657,726.177734375,7933,0.29999998211860657,0.29999998211860657,0.29999998211860657,0.29999998211860657,0.29999998211860657,0.29999998211860657,74842112,0.29999998211860657,1.571414895414577,0.29999998211860657,0.29999998211860657,1.6507936507936507,0.00627288818359375,0.9444444444444444,1.491809523809525,0.29999998211860657,27,1.0,982.12,0.29999998211860657,1.0,0.29999998211860657,0.29999998211860657,0.29999998211860657,0.29999998211860657,0.29999998211860657,0.29999998211860657,9433,0.29999998211860657,0.29999998211860657,0.05555555555555555,0.29999998211860657,0.29999998211860657,0.29999998211860657,0.29999998211860657,571,0.29999998211860657,0.29999998211860657,0.1,0.9230769230769231,0.0017278651,14,1e-05,19,-0.21079722046852112,0.6936874389648438,0.30000001192092896,13,-5.374142646789551,0.0,23,0.2,0.95,20,1.0,0.8947368421052632,119,0.06724700927734376,0.8695652173913043,-0.003684034879279352,0.08023420289973729,5700
0.29999998211860657,16,0.29999998211860657,739.4686889648438,7933,0.29999998211860657,0.29999998211860657,0.29999998211860657,0.29999998211860657,0.29999998211860657,0.29999998211860657,74973184,0.29999998211860657,1.527904138428392,0.29999998211860657,0.29999998211860657,1.7348484848484849,0.00634796142578125,0.9621212121212122,1.485439393939395,0.29999998211860657,25,0.9375,994.57,0.29999998211860657,1.0,0.29999998211860657,0.29999998211860657,0.29999998211860657,0.29999998211860657,0.29999998211860657,0.29999998211860657,9449,0.29999998211860657,0.29999998211860657,0.03787878787878788,0.29999998211860657,0.29999998211860657,0.29999998211860657,0.29999998211860657,572,0.29999998211860657,0.29999998211860657,0.1,0.875,0.0018375975,15,1e-05,19,-0.19918611645698547,0.623788595199585,0.30000001192092896,16,-5.374142646789551,0.0,17,0.2,1.0,24,1.0,0.8947368421052632,127,0.07069320678710937,1.0,-0.0032456362806442484,0.09138845038687578,5710
0.29999998211860657,18,0.29999998211860657,734.9696655273438,7934,0.29999998211860657,0.29999998211860657,0.29999998211860657,0.29999998211860657,0.29999998211860657,0.29999998211860657,75104256,0.29999998211860657,1.5579063488072968,0.29999998211860657,0.29999998211860657,1.8857142857142857,0.0062127685546874995,0.9571428571428572,1.491057142857144,0.29999998211860657,29,1.0,987.04,0.29999998211860657,1.0,0.29999998211860657,0.29999998211860657,0.29999998211860657,0.29999998211860657,0.29999998211860657,0.29999998211860657,9465,0.29999998211860657,0.29999998211860657,0.04285714285714286,0.29999998211860657,0.29999998211860657,0.29999998211860657,0.29999998211860657,573,0.29999998211860657,0.29999998211860657,0.1,0.9333333333333333,0.0018006596,18,1e-05,23,-0.2308795154094696,0.5642071962356567,0.30000001192092896,15,-5.374142646789551,0.0,21,0.2,1.0,16,1.0,0.9130434782608695,134,0.07072372436523437,0.8571428571428571,-0.0034376551561763335,0.0817204436112661,5720
0.29999998211860657,19,0.29999998211860657,723.9476318359375,7934,0.29999998211860657,0.29999998211860657,0.29999998211860657,0.29999998211860657,0.29999998211860657,0.29999998211860657,75235328,0.29999998211860657,1.5820273148702877,0.29999998211860657,0.29999998211860657,2.0697674418604652,0.006159667968749999,0.937984496124031,1.4794108527131793,0.29999998211860657,26,1.0,974.38,0.29999998211860657,1.0,0.29999998211860657,0.29999998211860657,0.29999998211860657,0.29999998211860657,0.29999998211860657,0.29999998211860657,9481,0.29999998211860657,0.29999998211860657,0.06201550387596899,0.29999998211860657,0.29999998211860657,0.29999998211860657,0.29999998211860657,574,0.29999998211860657,0.29999998211860657,0.1,0.8947368421052632,0.0017839449,15,1e-05,22,-0.1794929951429367,0.6982996463775635,0.30000001192092896,19,-5.3741426389664415,0.0,19,0.2,1.0,9,1.0,0.8181818181818182,121,0.06970062255859374,0.8947368421052632,-0.003393857180071791,0.08122771688795183,5730
0.29999998211860657,21,0.29999998211860657,736.8724975585938,7935,0.29999998211860657,0.29999998211860657,0.29999998211860657,0.29999998211860657,0.29999998211860657,0.29999998211860657,75366400,0.29999998211860657,1.551037632456194,0.29999998211860657,0.29999998211860657,1.8854961832061068,0.006314086914062499,0.9618320610687023,1.480229007633589,0.29999998211860657,27,1.0,992.85,0.29999998211860657,1.0,0.29999998211860657,0.29999998211860657,0.29999998211860657,0.29999998211860657,0.29999998211860657,0.29999998211860657,9497,0.29999998211860657,0.29999998211860657,0.03816793893129771,0.29999998211860657,0.29999998211860657,0.29999998211860657,0.29999998211860657,575,0.29999998211860657,0.29999998211860657,0.1,1.0,0.0018604095,15,1e-05,20,-0.16080906987190247,0.6524900197982788,0.30000001192092896,19,-5.374142646789551,0.0,12,0.2,1.0,17,0.9333333333333333,0.85,126,0.072210693359375,0.9166666666666666,-0.0033482917203400573,0.1006707463762723,5740
0.29999998211860657,18,0.29999998211860657,740.8409423828125,7935,0.29999998211860657,0.29999998211860657,0.29999998211860657,0.29999998211860657,0.29999998211860657,0.29999998211860657,75497472,0.29999998211860657,1.5166607091095576,0.29999998211860657,0.29999998211860657,1.8405797101449275,0.0062579345703125,0.9855072463768116,1.489985507246378,0.29999998211860657,25,1.0,998.85,0.29999998211860657,1.0,0.29999998211860657,0.29999998211860657,0.29999998211860657,0.29999998211860657,0.29999998211860657,0.29999998211860657,9513,0.29999998211860657,0.29999998211860657,0.014492753623188406,0.29999998211860657,0.29999998211860657,0.29999998211860657,0.29999998211860657,576,0.29999998211860657,0.29999998211860657,0.1,1.0,0.0017280711,21,1e-05,17,-0.23270447552204132,0.682594358921051,0.30000001192092896,20,-5.374142646789551,0.0,20,0.2,1.0,17,1.0,0.9411764705882353,136,0.069195556640625,0.95,-0.00336005815001954,0.06809695930278395,5750
0.29999998211860657,22,0.29999998211860657,730.1004638671875,7935,0.29999998211860657,0.29999998211860657,0.29999998211860657,0.29999998211860657,0.29999998211860657,0.29999998211860657,75628544,0.29999998211860657,1.6472575606692523,0.29999998211860657,0.29999998211860657,2.125984251968504,0.00614776611328125,0.9606299212598425,1.4868503937007884,0.29999998211860657,20,1.0,985.97,0.29999998211860657,1.0,0.29999998211860657,0.29999998211860657,0.29999998211860657,0.29999998211860657,0.29999998211860657,0.29999998211860657,9529,0.29999998211860657,0.29999998211860657,0.03937007874015748,0.29999998211860657,0.29999998211860657,0.29999998211860657,0.29999998211860657,577,0.29999998211860657,0.29999998211860657,0.1,1.0,0.0017645182,20,1e-05,21,-0.23613914847373962,0.5803040266036987,0.30000001192092896,20,-5.374142646789551,0.0,12,0.2,1.0,12,1.0,0.8571428571428571,122,0.06699066162109375,0.8333333333333334,-0.0032212868916758454,0.05064805674919626,5760
0.29999998211860657,11,0.29999998211860657,729.92919921875,7936,0.29999998211860657,0.29999998211860657,0.29999998211860657,0.29999998211860657,0.29999998211860657,0.29999998211860657,75759616,0.29999998211860657,1.505715683020155,0.29999998211860657,0.29999998211860657,1.5514705882352942,0.0063070678710937505,0.9705882352941176,1.48979411764706,0.29999998211860657,30,1.0,988.4,0.29999998211860657,1.0,0.29999998211860657,0.29999998211860657,0.29999998211860657,0.29999998211860657,0.29999998211860657,0.29999998211860657,9545,0.29999998211860657,0.29999998211860657,0.029411764705882353,0.29999998211860657,0.29999998211860657,0.29999998211860657,0.29999998211860657,578,0.29999998211860657,0.29999998211860657,0.1,0.96,0.0017865258,16,1e-05,15,-0.19845493137836456,0.6992756128311157,0.30000001192092896,25,-5.374142646789551,0.0,20,0.2,1.0,19,1.0,0.9333333333333333,132,0.07234115600585937,0.9,-0.0036697668693705054,0.07413681214529788,5770
0.29999998211860657,13,0.29999998211860657,735.5584106445312,7936,0.29999998211860657,0.29999998211860657,0.29999998211860657,0.29999998211860657,0.29999998211860657,0.29999998211860657,75890688,0.29999998211860657,1.4815505189408271,0.29999998211860657,0.29999998211860657,1.6377952755905512,0.00629791259765625,0.984251968503937,1.4952598425196861,0.29999998211860657,27,1.0,993.59,0.29999998211860657,1.0,0.29999998211860657,0.29999998211860657,0.29999998211860657,0.29999998211860657,0.29999998211860657,0.29999998211860657,9561,0.29999998211860657,0.29999998211860657,0.015748031496062992,0.29999998211860657,0.29999998211860657,0.29999998211860657,0.29999998211860657,579,0.29999998211860657,0.29999998211860657,0.1,1.0,0.0017899061,19,1e-05,20,-0.22571666538715363,0.6966060996055603,0.30000001192092896,16,-5.374142646789551,0.0,13,0.2,1.0,19,1.0,0.9,125,0.07152862548828125,1.0,-0.003568609289777669,0.04991563917137683,5780
0.29999998211860657,15,0.29999998211860657,734.2171630859375,7937,0.29999998211860657,0.29999998211860657,0.29999998211860657,0.29999998211860657,0.29999998211860657,0.29999998211860657,76021760,0.29999998211860657,1.482612996922936,0.29999998211860657,0.29999998211860657,1.6620689655172414,0.006318054199218749,0.9655172413793104,1.47984827586207,0.29999998211860657,30,1.0,992.83,0.29999998211860657,1.0,0.29999998211860657,0.29999998211860657,0.29999998211860657,0.29999998211860657,0.29999998211860657,0.29999998211860657,9577,0.29999998211860657,0.29999998211860657,0.034482758620689655,0.29999998211860657,0.29999998211860657,0.29999998211860657,0.29999998211860657,580,0.29999998211860657,0.29999998211860657,0.1,0.9629629629629629,0.0017867417,19,1e-05,15,-0.21726292371749878,0.6704173684120178,0.30000001192092896,27,-5.374142646789551,0.0,21,0.2,1.0,18,1.0,0.8666666666666667,140,0.065496826171875,0.9047619047619048,-0.0032438787033697734,0.0641363077564165,5790
0.29999998211860657,12,0.29999998211860657,730.6782836914062,7937,0.29999998211860657,0.29999998211860657,0.29999998211860657,0.29999998211860657,0.29999998211860657,0.29999998211860657,76152832,0.29999998211860657,1.525511969814668,0.29999998211860657,0.29999998211860657,1.9327731092436975,0.00636474609375,0.9747899159663865,1.4756134453781524,0.29999998211860657,20,1.0,982.14,0.29999998211860657,1.0,0.29999998211860657,0.29999998211860657,0.29999998211860657,0.29999998211860657,0.29999998211860657,0.29999998211860657,9593,0.29999998211860657,0.29999998211860657,0.025210084033613446,0.29999998211860657,0.29999998211860657,0.29999998211860657,0.29999998211860657,581,0.29999998211860657,0.29999998211860657,0.1,0.9166666666666666,0.0018368403,15,1e-05,19,-0.19934993982315063,0.6882618069648743,0.30000001192092896,12,-5.374142646789551,0.0,25,0.2,0.9375,16,1.0,1.0,116,0.07266769409179688,0.96,-0.003467725721930037,0.06619839807244716,5800
0.29999998211860657,18,0.29999998211860657,723.1619262695312,7938,0.29999998211860657,0.29999998211860657,0.29999998211860657,0.29999998211860657,0.29999998211860657,0.29999998211860657,76283904,0.29999998211860657,1.6281423920883178,0.29999998211860657,0.29999998211860657,1.8066666666666666,0.006554870605468751,0.96,1.4798933333333344,0.29999998211860657,27,0.8888888888888888,975.6,0.29999998211860657,1.0,0.29999998211860657,0.29999998211860657,0.29999998211860657,0.29999998211860657,0.29999998211860657,0.29999998211860657,9609,0.29999998211860657,0.29999998211860657,0.04,0.29999998211860657,0.29999998211860657,0.29999998211860657,0.29999998211860657,582,0.29999998211860657,0.29999998211860657,0.1,1.0,0.0017249631,14,1e-05,23,-0.1880197525024414,0.5758455991744995,0.30000001192092896,21,-5.374142646789551,0.0,20,0.2,1.0,27,1.0,0.8260869565217391,144,0.06883621215820312,1.0,-0.0027744615291794617,0.060816909701679835,5810
0.29999998211860657,10,0.29999998211860657,705.6417846679688,7938,0.29999998211860657,0.29999998211860657,0.29999998211860657,0.29999998211860657,0.29999998211860657,0.29999998211860657,76414976,0.29999998211860657,1.551711726157284,0.29999998211860657,0.29999998211860657,1.598360655737705,0.0064978027343750005,0.9016393442622951,1.4947868852459028,0.29999998211860657,25,1.0,951.17,0.29999998211860657,1.0,0.29999998211860657,0.29999998211860657,0.29999998211860657,0.29999998211860657,0.29999998211860657,0.29999998211860657,9625,0.29999998211860657,0.29999998211860657,0.09836065573770492,0.29999998211860657,0.29999998211860657,0.29999998211860657,0.29999998211860657,583,0.29999998211860657,0.29999998211860657,0.1,0.9444444444444444,0.001867339,11,1e-05,12,-0.09536619484424591,0.5981003642082214,0.30000001192092896,18,-5.374142646789551,0.0,25,0.2,1.0,21,0.9090909090909091,0.75,110,0.07297744750976562,0.72,-0.0031832621899411605,0.09186082145752153,5820
0.29999998211860657,20,0.29999998211860657,728.4325561523438,7938,0.29999998211860657,0.29999998211860657,0.29999998211860657,0.29999998211860657,0.29999998211860657,0.29999998211860657,76546048,0.29999998211860657,1.4827830714203265,0.29999998211860657,0.29999998211860657,1.7622377622377623,0.0064825439453125005,0.9790209790209791,1.4939720279720292,0.29999998211860657,30,1.0,984.13,0.29999998211860657,1.0,0.29999998211860657,0.29999998211860657,0.29999998211860657,0.29999998211860657,0.29999998211860657,0.29999998211860657,9641,0.29999998211860657,0.29999998211860657,0.02097902097902098,0.29999998211860657,0.29999998211860657,0.29999998211860657,0.29999998211860657,584,0.29999998211860657,0.29999998211860657,0.1,1.0,0.0018341788,22,1e-05,15,-0.18178901076316833,0.7443244457244873,0.30000001192092896,23,-5.374142646789551,0.0,18,0.2,0.9333333333333333,15,1.0,1.0,140,0.07332687377929688,0.8888888888888888,-0.004118120083512622,0.11272308233310468,5830
0.29999998211860657,23,0.29999998211860657,736.562255859375,7939,0.29999998211860657,0.29999998211860657,0.29999998211860657,0.29999998211860657,0.29999998211860657,0.29999998211860657,76677120,0.29999998211860657,1.4573142701693864,0.29999998211860657,0.29999998211860657,1.9296875,0.006436157226562499,0.96875,1.4907500000000011,0.29999998211860657,30,1.0,986.5,0.29999998211860657,1.0,0.29999998211860657,0.29999998211860657,0.29999998211860657,0.29999998211860657,0.29999998211860657,0.29999998211860657,9657,0.29999998211860657,0.29999998211860657,0.03125,0.29999998211860657,0.29999998211860657,0.29999998211860657,0.29999998211860657,585,0.29999998211860657,0.29999998211860657,0.1,1.0,0.0017811301,8,1e-05,20,-0.23944342136383057,0.6012705564498901,0.30000001192092896,16,-5.374142646789551,0.0,14,0.2,1.0,17,1.0,0.85,124,0.06789398193359375,0.9285714285714286,-0.0032403622395577258,0.05802473569056019,5840
0.29999998211860657,17,0.29999998211860657,707.6068725585938,7939,0.29999998211860657,0.29999998211860657,0.29999998211860657,0.29999998211860657,0.29999998211860657,0.29999998211860657,76808192,0.29999998211860657,1.5758892294195015,0.29999998211860657,0.29999998211860657,1.957142857142857,0.00648956298828125,0.9214285714285714,1.4671142857142867,0.29999998211860657,27,0.9411764705882353,959.59,0.29999998211860657,1.0,0.29999998211860657,0.29999998211860657,0.29999998211860657,0.29999998211860657,0.29999998211860657,0.29999998211860657,9673,0.29999998211860657,0.29999998211860657,0.07857142857142857,0.29999998211860657,0.29999998211860657,0.29999998211860657,0.29999998211860657,586,0.29999998211860657,0.29999998211860657,0.1,1.0,0.0018256108,14,1e-05,22,-0.21553683280944824,0.6009647250175476,0.30000001192092896,21,-5.374142646789551,0.0,24,0.2,1.0,15,0.9285714285714286,0.7272727272727273,129,0.07169265747070312,0.875,-0.003416850943312966,0.07468750214611646,5850
0.29999998211860657,19,0.29999998211860657,724.50634765625,7940,0.29999998211860657,0.29999998211860657,0.29999998211860657,0.29999998211860657,0.29999998211860657,0.29999998211860657,76939264,0.29999998211860657,1.4582528516088948,0.29999998211860657,0.29999998211860657,1.816,0.00642242431640625,0.944,1.513872000000001,0.29999998211860657,28,1.0,978.33,0.29999998211860657,1.0,0.29999998211860657,0.29999998211860657,0.29999998211860657,0.29999998211860657,0.29999998211860657,0.29999998211860657,9689,0.29999998211860657,0.29999998211860657,0.056,0.29999998211860657,0.29999998211860657,0.29999998211860657,0.29999998211860657,587,0.29999998211860657,0.29999998211860657,0.1,0.9411764705882353,0.0017970966,16,1e-05,11,-0.15092772245407104,0.6051861047744751,0.30000001192092896,17,-5.374142646789551,0.0,22,0.2,1.0,12,1.0,0.7272727272727273,118,0.07323379516601562,0.8636363636363636,-0.0039015662217934733,0.1198336807108717,5860
0.29999998211860657,16,0.29999998211860657,741.1610717773438,7940,0.29999998211860657,0.29999998211860657,0.29999998211860657,0.29999998211860657,0.29999998211860657,0.29999998211860657,77070336,0.29999998211860657,1.5264656071955645,0.29999998211860657,0.29999998211860657,1.767605633802817,0.00658416748046875,0.9859154929577465,1.491661971830987,0.29999998211860657,26,1.0,996.37,0.29999998211860657,1.0,0.29999998211860657,0.29999998211860657,0.29999998211860657,0.29999998211860657,0.29999998211860657,0.29999998211860657,9705,0.29999998211860657,0.29999998211860657,0.014084507042253521,0.29999998211860657,0.29999998211860657,0.29999998211860657,0.29999998211860657,588,0.29999998211860657,0.29999998211860657,0.1,0.9375,0.0018544471,26,1e-05,22,-0.21467389166355133,0.7727421522140503,0.30000001192092896,16,-5.374142646789551,0.0,17,0.2,1.0,19,1.0,0.9545454545454546,140,0.0791717529296875,1.0,-0.003624990472144418,0.0788988656408037,5870
0.29999998211860657,20,0.29999998211860657,731.5407104492188,7940,0.29999998211860657,0.29999998211860657,0.29999998211860657,0.29999998211860657,0.29999998211860657,0.29999998211860657,77201408,0.29999998211860657,1.58303947434444,0.29999998211860657,0.29999998211860657,1.8923076923076922,0.00656341552734375,0.9615384615384616,1.4933538461538471,0.29999998211860657,23,0.95,982.35,0.29999998211860657,1.0,0.29999998211860657,0.29999998211860657,0.29999998211860657,0.29999998211860657,0.29999998211860657,0.29999998211860657,9722,0.29999998211860657,0.29999998211860657,0.038461538461538464,0.29999998211860657,0.29999998211860657,0.29999998211860657,0.29999998211860657,589,0.29999998211860657,0.29999998211860657,0.1,1.0,0.0017965734,22,1e-05,15,-0.20790544152259827,0.5821310877799988,0.30000001192092896,18,-5.374142646789551,0.0,17,0.2,0.9333333333333333,15,1.0,0.8666666666666667,125,0.07339630126953126,0.9411764705882353,-0.0030026509450181036,0.048980249058513434,5880
0.29999998211860657,17,0.29999998211860657,731.0550537109375,7941,0.29999998211860657,0.29999998211860657,0.29999998211860657,0.29999998211860657,0.29999998211860657,0.29999998211860657,77332480,0.29999998211860657,1.6389211667647627,0.29999998211860657,0.29999998211860657,1.8768115942028984,0.00662200927734375,0.927536231884058,1.4857246376811606,0.29999998211860657,24,1.0,987.29,0.29999998211860657,1.0,0.29999998211860657,0.29999998211860657,0.29999998211860657,0.29999998211860657,0.29999998211860657,0.29999998211860657,9737,0.29999998211860657,0.29999998211860657,0.07246376811594203,0.29999998211860657,0.29999998211860657,0.29999998211860657,0.29999998211860657,590,0.29999998211860657,0.29999998211860657,0.1,0.9565217391304348,0.0018230104,16,1e-05,22,-0.21570412814617157,0.6485822796821594,0.30000001192092896,23,-5.374142646789551,0.0,16,0.2,1.0,20,1.0,0.6818181818181818,128,0.07016677856445312,0.875,-0.0034317334594561543,0.0739648823015159,5890
0.29999998211860657,12,0.29999998211860657,735.6470947265625,7941,0.29999998211860657,0.29999998211860657,0.29999998211860657,0.29999998211860657,0.29999998211860657,0.29999998211860657,77463552,0.29999998211860657,1.3715521577398688,0.29999998211860657,0.29999998211860657,1.5241935483870968,0.00668701171875,0.9758064516129032,1.491161290322582,0.29999998211860657,32,1.0,987.08,0.29999998211860657,1.0,0.29999998211860657,0.29999998211860657,0.29999998211860657,0.29999998211860657,0.29999998211860657,0.29999998211860657,9753,0.29999998211860657,0.29999998211860657,0.024193548387096774,0.29999998211860657,0.29999998211860657,0.29999998211860657,0.29999998211860657,591,0.29999998211860657,0.29999998211860657,0.1,0.8461538461538461,0.0018559056,17,1e-05,16,-0.1520523875951767,0.6900205016136169,0.30000001192092896,13,-5.374142646789551,0.0,18,0.2,1.0,16,1.0,1.0,121,0.07192611694335938,0.9444444444444444,-0.0036415079780454107,0.1008300793779199,5900
0.29999998211860657,10,0.29999998211860657,740.09130859375,7942,0.29999998211860657,0.29999998211860657,0.29999998211860657,0.29999998211860657,0.29999998211860657,0.29999998211860657,77594624,0.29999998211860657,1.4423263728059088,0.29999998211860657,0.29999998211860657,1.4814814814814814,0.0067352294921875,0.9703703703703703,1.5022962962962971,0.29999998211860657,28,1.0,990.62,0.29999998211860657,1.0,0.29999998211860657,0.29999998211860657,0.29999998211860657,0.29999998211860657,0.29999998211860657,0.29999998211860657,9769,0.29999998211860657,0.29999998211860657,0.02962962962962963,0.29999998211860657,0.29999998211860657,0.29999998211860657,0.29999998211860657,592,0.29999998211860657,0.29999998211860657,0.1,0.9523809523809523,0.001766552,16,1e-05,12,-0.23875775933265686,0.6414185762405396,0.30000001192092896,21,-5.374142646789551,0.0,24,0.2,1.0,24,1.0,0.9166666666666666,131,0.06725616455078125,0.9166666666666666,-0.0031090819490145805,0.05331322262354661,5910
0.29999998211860657,27,0.29999998211860657,719.4110717773438,7942,0.29999998211860657,0.29999998211860657,0.29999998211860657,0.29999998211860657,0.29999998211860657,0.29999998211860657,77725696,0.29999998211860657,1.6919404629397252,0.29999998211860657,0.29999998211860657,2.1594202898550723,0.006638793945312501,0.9420289855072463,1.4949710144927548,0.29999998211860657,22,0.9259259259259259,965.89,0.29999998211860657,1.0,0.29999998211860657,0.29999998211860657,0.29999998211860657,0.29999998211860657,0.29999998211860657,0.29999998211860657,9785,0.29999998211860657,0.29999998211860657,0.057971014492753624,0.29999998211860657,0.29999998211860657,0.29999998211860657,0.29999998211860657,593,0.29999998211860657,0.29999998211860657,0.1,0.9523809523809523,0.0019364451,22,1e-05,16,-0.17426437139511108,0.6294592022895813,0.30000001192092896,21,-5.374142646789551,0.0,19,0.2,1.0,11,1.0,0.6875,130,0.07431411743164062,1.0,-0.0034792200708579912,0.06788702161720721,5920
0.29999998211860657,11,0.29999998211860657,726.3712768554688,7943,0.29999998211860657,0.29999998211860657,0.29999998211860657,0.29999998211860657,0.29999998211860657,0.29999998211860657,77856768,0.29999998211860657,1.5201131606959557,0.29999998211860657,0.29999998211860657,1.5190839694656488,0.006678771972656251,0.9465648854961832,1.5081374045801539,0.29999998211860657,27,1.0,976.07,0.29999998211860657,1.0,0.29999998211860657,0.29999998211860657,0.29999998211860657,0.29999998211860657,0.29999998211860657,0.29999998211860657,9801,0.29999998211860657,0.29999998211860657,0.05343511450381679,0.29999998211860657,0.29999998211860657,0.29999998211860657,0.29999998211860657,594,0.29999998211860657,0.29999998211860657,0.1,0.9444444444444444,0.0017945063,17,1e-05,16,-0.22021843492984772,0.6700456738471985,0.30000001192092896,18,-5.374142646789551,0.0,18,0.2,0.9166666666666666,24,1.0,0.8125,124,0.06711044311523437,0.9444444444444444,-0.0038011479931810755,0.09696731720468961,5930
0.29999998211860657,18,0.29999998211860657,729.0762329101562,7943,0.29999998211860657,0.29999998211860657,0.29999998211860657,0.29999998211860657,0.29999998211860657,0.29999998211860657,77987840,0.29999998211860657,1.7650171664904628,0.29999998211860657,0.29999998211860657,1.9926470588235294,0.006578369140625,0.9485294117647058,1.5088676470588245,0.29999998211860657,20,1.0,986.34,0.29999998211860657,1.0,0.29999998211860657,0.29999998211860657,0.29999998211860657,0.29999998211860657,0.29999998211860657,0.29999998211860657,9817,0.29999998211860657,0.29999998211860657,0.051470588235294115,0.29999998211860657,0.29999998211860657,0.29999998211860657,0.29999998211860657,595,0.29999998211860657,0.29999998211860657,0.1,0.8421052631578947,0.0017579121,18,1e-05,19,-0.21188858151435852,0.713761568069458,0.30000001192092896,19,-5.374142646789551,0.0,23,0.2,0.9473684210526315,19,0.9444444444444444,0.9473684210526315,129,0.06921310424804687,0.9565217391304348,-0.00390616464028426,0.08633109224028886,5940
0.29999998211860657,32,0.29999998211860657,746.2647094726562,7943,0.29999998211860657,0.29999998211860657,0.29999998211860657,0.29999998211860657,0.29999998211860657,0.29999998211860657,78118912,0.29999998211860657,1.4233858112788393,0.29999998211860657,0.29999998211860657,2.037878787878788,0.006699829101562501,0.9848484848484849,1.4945757575757588,0.29999998211860657,29,0.96875,1000.0,0.29999998211860657,1.0,0.29999998211860657,0.29999998211860657,0.29999998211860657,0.29999998211860657,0.29999998211860657,0.29999998211860657,9833,0.29999998211860657,0.29999998211860657,0.015151515151515152,0.29999998211860657,0.29999998211860657,0.29999998211860657,0.29999998211860657,596,0.29999998211860657,0.29999998211860657,0.1,1.0,0.0017577866,14,1e-05,10,-0.12216521799564362,0.6609989404678345,0.30000001192092896,12,-5.374142646789551,0.0,20,0.2,1.0,15,1.0,1.0,130,0.06956100463867188,0.95,-0.003727308406178054,0.08955112904368434,5950
0.29999998211860657,15,0.29999998211860657,723.5949096679688,7944,0.29999998211860657,0.29999998211860657,0.29999998211860657,0.29999998211860657,0.29999998211860657,0.29999998211860657,78249984,0.29999998211860657,1.6812743919801019,0.29999998211860657,0.29999998211860657,1.8604651162790697,0.006646728515625,0.9767441860465116,1.5033953488372105,0.29999998211860657,22,1.0,978.87,0.29999998211860657,1.0,0.29999998211860657,0.29999998211860657,0.29999998211860657,0.29999998211860657,0.29999998211860657,0.29999998211860657,9849,0.29999998211860657,0.29999998211860657,0.023255813953488372,0.29999998211860657,0.29999998211860657,0.29999998211860657,0.29999998211860657,597,0.29999998211860657,0.29999998211860657,0.1,1.0,0.0018460591,15,1e-05,18,-0.16997241973876953,0.5696406364440918,0.30000001192092896,17,-5.374142646789551,0.0,22,0.2,1.0,20,1.0,0.9444444444444444,126,0.07471694946289062,0.9090909090909091,-0.003105407011025818,0.06204652205487946,5960
0.29999998211860657,10,0.29999998211860657,729.7273559570312,7944,0.29999998211860657,0.29999998211860657,0.29999998211860657,0.29999998211860657,0.29999998211860657,0.29999998211860657,78381056,0.29999998211860657,1.4703834465272134,0.29999998211860657,0.29999998211860657,1.618705035971223,0.00677276611328125,0.9496402877697842,1.5238129496402888,0.29999998211860657,31,1.0,983.91,0.29999998211860657,1.0,0.29999998211860657,0.29999998211860657,0.29999998211860657,0.29999998211860657,0.29999998211860657,0.29999998211860657,9865,0.29999998211860657,0.29999998211860657,0.050359712230215826,0.29999998211860657,0.29999998211860657,0.29999998211860657,0.29999998211860657,598,0.29999998211860657,0.29999998211860657,0.1,0.8636363636363636,0.0018370033,21,1e-05,21,-0.23577475547790527,0.6021090745925903,0.30000001192092896,22,-5.374142646789551,0.0,19,0.2,1.0,15,1.0,0.9523809523809523,132,0.07124786376953125,0.8421052631578947,-0.003239924121317017,0.06005992807331495,5970
0.29999998211860657,12,0.29999998211860657,744.36669921875,7945,0.29999998211860657,0.29999998211860657,0.29999998211860657,0.29999998211860657,0.29999998211860657,0.29999998211860657,78512128,0.29999998211860657,1.5337950150990418,0.29999998211860657,0.29999998211860657,1.8346456692913387,0.006754150390625,0.937007874015748,1.5095433070866149,0.29999998211860657,21,1.0,994.05,0.29999998211860657,1.0,0.29999998211860657,0.29999998211860657,0.29999998211860657,0.29999998211860657,0.29999998211860657,0.29999998211860657,9881,0.29999998211860657,0.29999998211860657,0.06299212598425197,0.29999998211860657,0.29999998211860657,0.29999998211860657,0.29999998211860657,599,0.29999998211860657,0.29999998211860657,0.1,0.95,0.0019099213,17,1e-05,20,-0.18190306425094604,0.7104068398475647,0.30000001192092896,20,-5.374142646789551,0.0,19,0.2,1.0,18,1.0,0.65,119,0.07918624877929688,1.0,-0.0036708251156596814,0.08592412875732407,5980
0.29999998211860657,16,0.29999998211860657,741.1738891601562,7945,0.29999998211860657,0.29999998211860657,0.29999998211860657,0.29999998211860657,0.29999998211860657,0.29999998211860657,78643200,0.29999998211860657,1.4999158733059015,0.29999998211860657,0.29999998211860657,1.8071428571428572,0.0066461181640625,0.9642857142857143,1.5120428571428581,0.29999998211860657,32,1.0,984.13,0.29999998211860657,1.0,0.29999998211860657,0.29999998211860657,0.29999998211860657,0.29999998211860657,0.29999998211860657,0.29999998211860657,9897,0.29999998211860657,0.29999998211860657,0.03571428571428571,0.29999998211860657,0.29999998211860657,0.29999998211860657,0.29999998211860657,600,0.29999998211860657,0.29999998211860657,0.1,1.0,0.001803028,14,1e-05,21,-0.2074444591999054,0.6423403024673462,0.30000001192092896,22,-5.374142646789551,0.0,21,0.2,1.0,14,1.0,0.8571428571428571,135,0.07280197143554687,0.9047619047619048,-0.0037431696563089644,0.08624956473067869,5990
0.29999998211860657,19,0.29999998211860657,737.8775634765625,7945,0.29999998211860657,0.29999998211860657,0.29999998211860657,0.29999998211860657,0.29999998211860657,0.29999998211860657,78774272,0.29999998211860657,1.6161239865658514,0.29999998211860657,0.29999998211860657,2.046511627906977,0.00672943115234375,0.9612403100775194,1.5337674418604663,0.29999998211860657,21,1.0,989.22,0.29999998211860657,1.0,0.29999998211860657,0.29999998211860657,0.29999998211860657,0.29999998211860657,0.29999998211860657,0.29999998211860657,9913,0.29999998211860657,0.29999998211860657,0.03875968992248062,0.29999998211860657,0.29999998211860657,0.29999998211860657,0.29999998211860657,601,0.29999998211860657,0.29999998211860657,0.1,0.9285714285714286,0.0018284798,20,1e-05,25,-0.22691169381141663,0.6956075429916382,0.30000001192092896,14,-5.374142646789551,0.0,14,0.2,1.0,16,1.0,0.88,124,0.07466201782226563,0.9285714285714286,-0.0034147391260376026,0.06494280605838867,6000
0.29999998211860657,21,0.29999998211860657,729.7921752929688,7946,0.29999998211860657,0.29999998211860657,0.29999998211860657,0.29999998211860657,0.29999998211860657,0.29999998211860657,78905344,0.29999998211860657,1.4715347252579642,0.29999998211860657,0.29999998211860657,1.7971014492753623,0.00669647216796875,0.9637681159420289,1.4985362318840592,0.29999998211860657,30,0.9523809523809523,986.91,0.29999998211860657,1.0,0.29999998211860657,0.29999998211860657,0.29999998211860657,0.29999998211860657,0.29999998211860657,0.29999998211860657,9930,0.29999998211860657,0.29999998211860657,0.036231884057971016,0.29999998211860657,0.29999998211860657,0.29999998211860657,0.29999998211860657,602,0.29999998211860657,0.29999998211860657,0.1,1.0,0.0018305876,17,1e-05,17,-0.2069961279630661,0.6941903829574585,0.30000001192092896,14,-5.374142646789551,0.0,20,0.2,1.0,19,0.9411764705882353,1.0,133,0.0756103515625,0.85,-0.003648009378639472,0.07410365320829441,6010
0.29999998211860657,23,0.29999998211860657,731.8132934570312,7946,0.29999998211860657,0.29999998211860657,0.29999998211860657,0.29999998211860657,0.29999998211860657,0.29999998211860657,79036416,0.29999998211860657,1.6515900962653283,0.29999998211860657,0.29999998211860657,2.0078125,0.0067132568359375006,0.9375,1.5061406250000011,0.29999998211860657,21,1.0,976.34,0.29999998211860657,1.0,0.29999998211860657,0.29999998211860657,0.29999998211860657,0.29999998211860657,0.29999998211860657,0.29999998211860657,9945,0.29999998211860657,0.29999998211860657,0.0625,0.29999998211860657,0.29999998211860657,0.29999998211860657,0.29999998211860657,603,0.29999998211860657,0.29999998211860657,0.1,0.9090909090909091,0.0017591817,15,1e-05,14,-0.1397324949502945,0.6802482604980469,0.30000001192092896,22,-5.374142646789551,0.0,16,0.2,0.9411764705882353,17,1.0,0.8571428571428571,120,0.06993408203125,0.8125,-0.003644953982120569,0.07278002280072542,6020
0.29999998211860657,22,0.29999998211860657,728.46826171875,7946,0.29999998211860657,0.29999998211860657,0.29999998211860657,0.29999998211860657,0.29999998211860657,0.29999998211860657,79167488,0.29999998211860657,1.5970623506241204,0.29999998211860657,0.29999998211860657,2.072992700729927,0.0068194580078125,0.948905109489051,1.5117810218978114,0.29999998211860657,25,1.0,978.52,0.29999998211860657,1.0,0.29999998211860657,0.29999998211860657,0.29999998211860657,0.29999998211860657,0.29999998211860657,0.29999998211860657,9961,0.29999998211860657,0.29999998211860657,0.051094890510948905,0.29999998211860657,0.29999998211860657,0.29999998211860657,0.29999998211860657,604,0.29999998211860657,0.29999998211860657,0.1,0.9411764705882353,0.0018301287,12,1e-05,21,-0.20291107892990112,0.680263876914978,0.30000001192092896,17,-5.374142646789551,0.0,23,0.2,0.8823529411764706,17,1.0,0.8571428571428571,130,0.07303237915039062,0.9565217391304348,-0.0036438730582176505,0.09140269795752828,6030
0.29999998211860657,22,0.29999998211860657,719.2243041992188,7947,0.29999998211860657,0.29999998211860657,0.29999998211860657,0.29999998211860657,0.29999998211860657,0.29999998211860657,79298560,0.29999998211860657,1.5888541546335035,0.29999998211860657,0.29999998211860657,2.0,0.006707763671875,0.917910447761194,1.51068656716418,0.29999998211860657,25,0.9545454545454546,964.94,0.29999998211860657,1.0,0.29999998211860657,0.29999998211860657,0.29999998211860657,0.29999998211860657,0.29999998211860657,0.29999998211860657,9977,0.29999998211860657,0.29999998211860657,0.08208955223880597,0.29999998211860657,0.29999998211860657,0.29999998211860657,0.29999998211860657,605,0.29999998211860657,0.29999998211860657,0.1,0.9444444444444444,0.0018205887,9,1e-05,21,-0.19576811790466309,0.6870509386062622,0.30000001192092896,18,-5.374142646789551,0.0,18,0.2,1.0,21,1.0,0.8095238095238095,123,0.07524032592773437,0.7222222222222222,-0.004036611583524063,0.10354726541845594,6040
0.29999998211860657,16,0.29999998211860657,740.96142578125,7947,0.29999998211860657,0.29999998211860657,0.29999998211860657,0.29999998211860657,0.29999998211860657,0.29999998211860657,79429632,0.29999998211860657,1.6062888795512622,0.29999998211860657,0.29999998211860657,1.8823529411764706,0.00680755615234375,0.9632352941176471,1.5070147058823542,0.29999998211860657,23,1.0,996.04,0.29999998211860657,1.0,0.29999998211860657,0.29999998211860657,0.29999998211860657,0.29999998211860657,0.29999998211860657,0.29999998211860657,9993,0.29999998211860657,0.29999998211860657,0.03676470588235294,0.29999998211860657,0.29999998211860657,0.29999998211860657,0.29999998211860657,606,0.29999998211860657,0.29999998211860657,0.1,0.9523809523809523,0.00184,19,1e-05,21,-0.1979161947965622,0.7610892057418823,0.30000001192092896,21,-5.374142646789551,0.0,18,0.2,1.0,18,1.0,0.8571428571428571,131,0.07335433959960938,0.9444444444444444,-0.0037949438851683226,0.09280061265744735,6050
0.29999998211860657,12,0.29999998211860657,723.062255859375,7948,0.29999998211860657,0.29999998211860657,0.29999998211860657,0.29999998211860657,0.29999998211860657,0.29999998211860657,79560704,0.29999998211860657,1.5573345959708513,0.29999998211860657,0.29999998211860657,1.8372093023255813,0.00686859130859375,0.9457364341085271,1.512511627906978,0.29999998211860657,27,1.0,978.65,0.29999998211860657,1.0,0.29999998211860657,0.29999998211860657,0.29999998211860657,0.29999998211860657,0.29999998211860657,0.29999998211860657,10009,0.29999998211860657,0.29999998211860657,0.05426356589147287,0.29999998211860657,0.29999998211860657,0.29999998211860657,0.29999998211860657,607,0.29999998211860657,0.29999998211860657,0.1,0.8666666666666667,0.0018228658,14,1e-05,25,-0.1675831526517868,0.7192692756652832,0.30000001192092896,15,-5.374142646789551,0.0,20,0.2,1.0,16,0.9285714285714286,0.92,122,0.07057723999023438,0.9,-0.0035803947952445015,0.07840872556553222,6060
0.29999998211860657,17,0.29999998211860657,728.012939453125,7948,0.29999998211860657,0.29999998211860657,0.29999998211860657,0.29999998211860657,0.29999998211860657,0.29999998211860657,79691776,0.29999998211860657,1.553729632958785,0.29999998211860657,0.29999998211860657,1.7943262411347518,0.006739501953125,0.9574468085106383,1.5034468085106394,0.29999998211860657,25,0.9411764705882353,979.01,0.29999998211860657,1.0,0.29999998211860657,0.29999998211860657,0.29999998211860657,0.29999998211860657,0.29999998211860657,0.29999998211860657,10025,0.29999998211860657,0.29999998211860657,0.0425531914893617,0.29999998211860657,0.29999998211860657,0.29999998211860657,0.29999998211860657,608,0.29999998211860657,0.29999998211860657,0.1,1.0,0.0018239276,19,1e-05,20,-0.21737337112426758,0.66694176197052,0.30000001192092896,23,-5.374142646789551,0.0,16,0.2,1.0,21,1.0,0.85,135,0.07092056274414063,0.875,-0.0036392897815858303,0.0944279097893741,6070
0.29999998211860657,16,0.29999998211860657,731.6632080078125,7948,0.29999998211860657,0.29999998211860657,0.29999998211860657,0.29999998211860657,0.29999998211860657,0.29999998211860657,79822848,0.29999998211860657,1.4411082747383535,0.29999998211860657,0.29999998211860657,1.5748031496062993,0.0067791748046875,0.968503937007874,1.5178897637795288,0.29999998211860657,28,0.9375,984.85,0.29999998211860657,1.0,0.29999998211860657,0.29999998211860657,0.29999998211860657,0.29999998211860657,0.29999998211860657,0.29999998211860657,10041,0.29999998211860657,0.29999998211860657,0.031496062992125984,0.29999998211860657,0.29999998211860657,0.29999998211860657,0.29999998211860657,609,0.29999998211860657,0.29999998211860657,0.1,1.0,0.0017436936,23,1e-05,9,-0.23275910317897797,0.7487727403640747,0.30000001192092896,13,-5.374142646789551,0.0,21,0.2,1.0,17,1.0,0.8888888888888888,123,0.06833343505859375,0.9047619047619048,-0.0035926761014707155,0.05775194304442266,6080
0.29999998211860657,11,0.29999998211860657,745.385009765625,7949,0.29999998211860657,0.29999998211860657,0.29999998211860657,0.29999998211860657,0.29999998211860657,0.29999998211860657,79953920,0.29999998211860657,1.5794355677633534,0.29999998211860657,0.29999998211860657,1.9774436090225564,0.0067193603515625,0.9849624060150376,1.5057744360902265,0.29999998211860657,22,1.0,993.94,0.29999998211860657,1.0,0.29999998211860657,0.29999998211860657,0.29999998211860657,0.29999998211860657,0.29999998211860657,0.29999998211860657,10057,0.29999998211860657,0.29999998211860657,0.015037593984962405,0.29999998211860657,0.29999998211860657,0.29999998211860657,0.29999998211860657,610,0.29999998211860657,0.29999998211860657,0.1,1.0,0.0017829764,15,1e-05,26,-0.20205733180046082,0.5777165293693542,0.30000001192092896,21,-5.374142646789551,0.0,23,0.2,1.0,15,1.0,0.9615384615384616,131,0.07073898315429687,0.9565217391304348,-0.0034707587517004866,0.07028201854845975,6090
0.29999998211860657,12,0.29999998211860657,730.7093505859375,7949,0.29999998211860657,0.29999998211860657,0.29999998211860657,0.29999998211860657,0.29999998211860657,0.29999998211860657,80084992,0.29999998211860657,1.6226975948729911,0.29999998211860657,0.29999998211860657,1.651851851851852,0.00679595947265625,0.9407407407407408,1.5027111111111122,0.29999998211860657,26,0.9166666666666666,978.11,0.29999998211860657,1.0,0.29999998211860657,0.29999998211860657,0.29999998211860657,0.29999998211860657,0.29999998211860657,0.29999998211860657,10073,0.29999998211860657,0.29999998211860657,0.05925925925925926,0.29999998211860657,0.29999998211860657,0.29999998211860657,0.29999998211860657,611,0.29999998211860657,0.29999998211860657,0.1,1.0,0.0017231592,22,1e-05,14,-0.1272534728050232,0.6474143266677856,0.30000001192092896,21,-5.374142646789551,0.0,23,0.2,1.0,17,1.0,0.7142857142857143,127,0.06476287841796875,0.8695652173913043,-0.00301576696920165,0.06000094161718152,6100
0.29999998211860657,16,0.29999998211860657,735.1281127929688,7950,0.29999998211860657,0.29999998211860657,0.29999998211860657,0.29999998211860657,0.29999998211860657,0.29999998211860657,80216064,0.29999998211860657,1.6536442019069402,0.29999998211860657,0.29999998211860657,1.9477611940298507,0.00673675537109375,0.9626865671641791,1.4772686567164188,0.29999998211860657,21,1.0,987.46,0.29999998211860657,1.0,0.29999998211860657,0.29999998211860657,0.29999998211860657,0.29999998211860657,0.29999998211860657,0.29999998211860657,10089,0.29999998211860657,0.29999998211860657,0.03731343283582089,0.29999998211860657,0.29999998211860657,0.29999998211860657,0.29999998211860657,612,0.29999998211860657,0.29999998211860657,0.1,1.0,0.0018930405,14,1e-05,21,-0.22605496644973755,0.6298779249191284,0.30000001192092896,16,-5.374142646789551,0.0,24,0.2,1.0,22,1.0,0.9523809523809523,129,0.07804794311523437,0.8333333333333334,-0.003565263754626358,0.0948473869706504,6110
0.29999998211860657,19,0.29999998211860657,733.01123046875,7950,0.29999998211860657,0.29999998211860657,0.29999998211860657,0.29999998211860657,0.29999998211860657,0.29999998211860657,80347136,0.29999998211860657,1.6041933350684159,0.29999998211860657,0.29999998211860657,1.9307692307692308,0.006894226074218751,0.9769230769230769,1.5204769230769242,0.29999998211860657,25,1.0,984.87,0.29999998211860657,1.0,0.29999998211860657,0.29999998211860657,0.29999998211860657,0.29999998211860657,0.29999998211860657,0.29999998211860657,10105,0.29999998211860657,0.29999998211860657,0.023076923076923078,0.29999998211860657,0.29999998211860657,0.29999998211860657,0.29999998211860657,613,0.29999998211860657,0.29999998211860657,0.1,1.0,0.0018548626,12,1e-05,23,-0.22679072618484497,0.6356711387634277,0.30000001192092896,16,-5.374142646789551,0.0,15,0.2,1.0,20,1.0,0.9130434782608695,127,0.0717864990234375,0.9333333333333333,-0.0036885125767184947,0.07331125869968673,6120
0.29999998211860657,18,0.29999998211860657,747.6550903320312,7950,0.29999998211860657,0.29999998211860657,0.29999998211860657,0.29999998211860657,0.29999998211860657,0.29999998211860657,80478208,0.29999998211860657,1.3301415396026686,0.29999998211860657,0.29999998211860657,1.713235294117647,0.006943969726562501,0.9926470588235294,1.4937941176470602,0.29999998211860657,33,1.0,997.04,0.29999998211860657,1.0,0.29999998211860657,0.29999998211860657,0.29999998211860657,0.29999998211860657,0.29999998211860657,0.29999998211860657,10121,0.29999998211860657,0.29999998211860657,0.007352941176470588,0.29999998211860657,0.29999998211860657,0.29999998211860657,0.29999998211860657,614,0.29999998211860657,0.29999998211860657,0.1,1.0,0.0017869347,15,1e-05,20,-0.21695104241371155,0.6368379592895508,0.30000001192092896,12,-5.374142646789551,0.0,19,0.2,1.0,19,1.0,1.0,135,0.06816635131835938,0.9473684210526315,-0.0036503423914837187,0.05739957119221799,6130
0.29999998211860657,19,0.29999998211860657,733.8711547851562,7951,0.29999998211860657,0.29999998211860657,0.29999998211860657,0.29999998211860657,0.29999998211860657,0.29999998211860657,80609280,0.29999998211860657,1.5606902652709316,0.29999998211860657,0.29999998211860657,1.8671875,0.006863708496093751,0.96875,1.503812500000001,0.29999998211860657,26,1.0,988.47,0.29999998211860657,1.0,0.29999998211860657,0.29999998211860657,0.29999998211860657,0.29999998211860657,0.29999998211860657,0.29999998211860657,10137,0.29999998211860657,0.29999998211860657,0.03125,0.29999998211860657,0.29999998211860657,0.29999998211860657,0.29999998211860657,615,0.29999998211860657,0.29999998211860657,0.1,0.9411764705882353,0.0017672097,19,1e-05,18,-0.22810330986976624,0.5584213733673096,0.30000001192092896,17,-5.374142646789551,0.0,15,0.2,1.0,14,1.0,0.8888888888888888,124,0.0712158203125,0.9333333333333333,-0.0032177874485114443,0.042860965043655594,6140
0.29999998211860657,19,0.29999998211860657,751.3291625976562,7951,0.29999998211860657,0.29999998211860657,0.29999998211860657,0.29999998211860657,0.29999998211860657,0.29999998211860657,80740352,0.29999998211860657,1.4986875682263228,0.29999998211860657,0.29999998211860657,1.7686567164179106,0.006815795898437501,1.0,1.5005671641791054,0.29999998211860657,28,1.0,1000.0,0.29999998211860657,1.0,0.29999998211860657,0.29999998211860657,0.29999998211860657,0.29999998211860657,0.29999998211860657,0.29999998211860657,10153,0.29999998211860657,0.29999998211860657,0.0,0.29999998211860657,0.29999998211860657,0.29999998211860657,0.29999998211860657,616,0.29999998211860657,0.29999998211860657,0.1,1.0,0.0018201754,21,1e-05,13,-0.22087326645851135,0.7636354565620422,0.30000001192092896,17,-5.374142646789551,0.0,21,0.2,1.0,15,1.0,1.0,134,0.07128219604492188,1.0,-0.0033610397476422802,0.061569105742091776,6150
0.29999998211860657,17,0.29999998211860657,736.3334350585938,7952,0.29999998211860657,0.29999998211860657,0.29999998211860657,0.29999998211860657,0.29999998211860657,0.29999998211860657,80871424,0.29999998211860657,1.5457815987537094,0.29999998211860657,0.29999998211860657,1.776978417266187,0.00706634521484375,0.9496402877697842,1.5042733812949651,0.29999998211860657,26,0.9411764705882353,984.96,0.29999998211860657,1.0,0.29999998211860657,0.29999998211860657,0.29999998211860657,0.29999998211860657,0.29999998211860657,0.29999998211860657,10169,0.29999998211860657,0.29999998211860657,0.050359712230215826,0.29999998211860657,0.29999998211860657,0.29999998211860657,0.29999998211860657,617,0.29999998211860657,0.29999998211860657,0.1,0.8888888888888888,0.0017272785,21,1e-05,14,-0.22554095089435577,0.6298990845680237,0.30000001192092896,18,-5.374142646789551,0.0,25,0.2,1.0,18,0.9523809523809523,0.9285714285714286,132,0.06769332885742188,0.92,-0.003359735671438102,0.04016749414877267,6160
0.29999998211860657,18,0.29999998211860657,730.1697387695312,7952,0.29999998211860657,0.29999998211860657,0.29999998211860657,0.29999998211860657,0.29999998211860657,0.29999998211860657,81002496,0.29999998211860657,1.5813839852821152,0.29999998211860657,0.29999998211860657,1.936,0.00708343505859375,0.968,1.501392000000001,0.29999998211860657,21,0.8888888888888888,980.28,0.29999998211860657,1.0,0.29999998211860657,0.29999998211860657,0.29999998211860657,0.29999998211860657,0.29999998211860657,0.29999998211860657,10185,0.29999998211860657,0.29999998211860657,0.032,0.29999998211860657,0.29999998211860657,0.29999998211860657,0.29999998211860657,618,0.29999998211860657,0.29999998211860657,0.1,1.0,0.0018196809,22,1e-05,16,-0.2096933126449585,0.6746350526809692,0.30000001192092896,15,-5.374142646789551,0.0,19,0.2,1.0,14,1.0,1.0,121,0.07234954833984375,0.8947368421052632,-0.0037481790694073426,0.08288271267956589,6170
0.29999998211860657,22,0.29999998211860657,734.6464233398438,7952,0.29999998211860657,0.29999998211860657,0.29999998211860657,0.29999998211860657,0.29999998211860657,0.29999998211860657,81133568,0.29999998211860657,1.4317631367498485,0.29999998211860657,0.29999998211860657,1.9574468085106382,0.007151794433593751,0.9716312056737588,1.496453900709221,0.29999998211860657,30,0.9090909090909091,985.94,0.29999998211860657,1.0,0.29999998211860657,0.29999998211860657,0.29999998211860657,0.29999998211860657,0.29999998211860657,0.29999998211860657,10201,0.29999998211860657,0.29999998211860657,0.028368794326241134,0.29999998211860657,0.29999998211860657,0.29999998211860657,0.29999998211860657,619,0.29999998211860657,0.29999998211860657,0.1,1.0,0.0017315318,13,1e-05,25,-0.1720547080039978,0.7263526916503906,0.30000001192092896,10,-5.374142646789551,0.0,21,0.2,1.0,20,1.0,0.96,137,0.067529296875,0.9523809523809523,-0.003260268029589497,0.061592888423183466,6180
0.29999998211860657,21,0.29999998211860657,739.923828125,7953,0.29999998211860657,0.29999998211860657,0.29999998211860657,0.29999998211860657,0.29999998211860657,0.29999998211860657,81264640,0.29999998211860657,1.5376094459824643,0.29999998211860657,0.29999998211860657,2.064516129032258,0.0072073364257812505,0.9758064516129032,1.5042903225806459,0.29999998211860657,22,1.0,993.24,0.29999998211860657,1.0,0.29999998211860657,0.29999998211860657,0.29999998211860657,0.29999998211860657,0.29999998211860657,0.29999998211860657,10217,0.29999998211860657,0.29999998211860657,0.024193548387096774,0.29999998211860657,0.29999998211860657,0.29999998211860657,0.29999998211860657,620,0.29999998211860657,0.29999998211860657,0.1,0.9523809523809523,0.0018429604,19,1e-05,16,-0.20073676109313965,0.726723313331604,0.30000001192092896,21,-5.374142646789551,0.0,16,0.2,1.0,9,1.0,0.9375,121,0.07313003540039062,0.9375,-0.0035345969602531115,0.061637298147252294,6190
0.29999998211860657,21,0.29999998211860657,734.034423828125,7953,0.29999998211860657,0.29999998211860657,0.29999998211860657,0.29999998211860657,0.29999998211860657,0.29999998211860657,81395712,0.29999998211860657,1.5893536414857299,0.29999998211860657,0.29999998211860657,1.9652777777777777,0.007123107910156251,0.9791666666666666,1.5180277777777789,0.29999998211860657,29,1.0,986.83,0.29999998211860657,1.0,0.29999998211860657,0.29999998211860657,0.29999998211860657,0.29999998211860657,0.29999998211860657,0.29999998211860657,10233,0.29999998211860657,0.29999998211860657,0.020833333333333332,0.29999998211860657,0.29999998211860657,0.29999998211860657,0.29999998211860657,621,0.29999998211860657,0.29999998211860657,0.1,0.8947368421052632,0.0017597992,19,1e-05,27,-0.23105692863464355,0.6136599779129028,0.30000001192092896,19,-5.374142646789551,0.0,14,0.2,1.0,15,1.0,0.9629629629629629,141,0.06631622314453126,1.0,-0.0032483058084835648,0.06513566775538493,6200
0.29999998211860657,16,0.29999998211860657,739.4466552734375,7954,0.29999998211860657,0.29999998211860657,0.29999998211860657,0.29999998211860657,0.29999998211860657,0.29999998211860657,81526784,0.29999998211860657,1.5816791426074726,0.29999998211860657,0.29999998211860657,2.1048387096774195,0.0071527099609375,0.9596774193548387,1.4884838709677433,0.29999998211860657,22,1.0,985.26,0.29999998211860657,1.0,0.29999998211860657,0.29999998211860657,0.29999998211860657,0.29999998211860657,0.29999998211860657,0.29999998211860657,10249,0.29999998211860657,0.29999998211860657,0.04032258064516129,0.29999998211860657,0.29999998211860657,0.29999998211860657,0.29999998211860657,622,0.29999998211860657,0.29999998211860657,0.1,0.875,0.0018798073,14,1e-05,25,-0.20219188928604126,0.5661829710006714,0.30000001192092896,16,-5.374142646789551,0.0,19,0.2,1.0,12,1.0,0.92,119,0.07630538940429688,0.9473684210526315,-0.0033578613681129353,0.06662834170419955,6210
0.29999998211860657,19,0.29999998211860657,738.8406982421875,7954,0.29999998211860657,0.29999998211860657,0.29999998211860657,0.29999998211860657,0.29999998211860657,0.29999998211860657,81657856,0.29999998211860657,1.649144056760859,0.29999998211860657,0.29999998211860657,1.8169014084507042,0.007157592773437501,0.9577464788732394,1.4982957746478884,0.29999998211860657,29,1.0,988.36,0.29999998211860657,1.0,0.29999998211860657,0.29999998211860657,0.29999998211860657,0.29999998211860657,0.29999998211860657,0.29999998211860657,10265,0.29999998211860657,0.29999998211860657,0.04225352112676056,0.29999998211860657,0.29999998211860657,0.29999998211860657,0.29999998211860657,623,0.29999998211860657,0.29999998211860657,0.1,0.8695652173913043,0.0017756221,13,1e-05,19,-0.1790720522403717,0.7439947724342346,0.30000001192092896,23,-5.374142646789551,0.0,19,0.2,1.0,20,1.0,0.9473684210526315,136,0.06951446533203125,0.8947368421052632,-0.003191551786812852,0.05817560067225713,6220
0.29999998211860657,21,0.29999998211860657,745.85888671875,7954,0.29999998211860657,0.29999998211860657,0.29999998211860657,0.29999998211860657,0.29999998211860657,0.29999998211860657,81788928,0.29999998211860657,1.819060163561923,0.29999998211860657,0.29999998211860657,2.2983870967741935,0.00722991943359375,0.9596774193548387,1.5027419354838725,0.29999998211860657,14,1.0,994.11,0.29999998211860657,1.0,0.29999998211860657,0.29999998211860657,0.29999998211860657,0.29999998211860657,0.29999998211860657,0.29999998211860657,10281,0.29999998211860657,0.29999998211860657,0.04032258064516129,0.29999998211860657,0.29999998211860657,0.29999998211860657,0.29999998211860657,624,0.29999998211860657,0.29999998211860657,0.1,1.0,0.0017960934,14,1e-05,22,-0.22641298174858093,0.5497722625732422,0.30000001192092896,19,-5.374142646789551,0.0,18,0.2,1.0,16,1.0,0.8181818181818182,119,0.0730865478515625,0.9444444444444444,-0.0036146351194474846,0.08588543491059682,6230
0.29999998211860657,26,0.29999998211860657,745.836181640625,7955,0.29999998211860657,0.29999998211860657,0.29999998211860657,0.29999998211860657,0.29999998211860657,0.29999998211860657,81920000,0.29999998211860657,1.425905035769953,0.29999998211860657,0.29999998211860657,1.95,0.007228088378906251,0.9857142857142858,1.5258428571428584,0.29999998211860657,31,0.9615384615384616,990.55,0.29999998211860657,1.0,0.29999998211860657,0.29999998211860657,0.29999998211860657,0.29999998211860657,0.29999998211860657,0.29999998211860657,10297,0.29999998211860657,0.29999998211860657,0.014285714285714285,0.29999998211860657,0.29999998211860657,0.29999998211860657,0.29999998211860657,625,0.29999998211860657,0.29999998211860657,0.1,1.0,0.0017858844,19,1e-05,19,-0.22848567366600037,0.6942085027694702,0.30000001192092896,17,-5.374142646789551,0.0,15,0.2,1.0,13,1.0,0.9473684210526315,138,0.06794509887695313,1.0,-0.0032120547620252183,0.06821224191226065,6240
0.29999998211860657,13,0.29999998211860657,738.7694702148438,7955,0.29999998211860657,0.29999998211860657,0.29999998211860657,0.29999998211860657,0.29999998211860657,0.29999998211860657,82051072,0.29999998211860657,1.6124135126287238,0.29999998211860657,0.29999998211860657,1.765625,0.007297668457031251,0.9765625,1.5005781250000012,0.29999998211860657,23,1.0,986.44,0.29999998211860657,1.0,0.29999998211860657,0.29999998211860657,0.29999998211860657,0.29999998211860657,0.29999998211860657,0.29999998211860657,10313,0.29999998211860657,0.29999998211860657,0.0234375,0.29999998211860657,0.29999998211860657,0.29999998211860657,0.29999998211860657,626,0.29999998211860657,0.29999998211860657,0.1,1.0,0.0017668458,19,1e-05,14,-0.21179266273975372,0.520146369934082,0.30000001192092896,17,-5.374142646789551,0.0,25,0.2,0.9411764705882353,17,1.0,0.9285714285714286,125,0.06998214721679688,0.96,-0.0031406804229845873,0.05740754298167303,6250
0.29999998211860657,15,0.29999998211860657,747.1805419921875,7956,0.29999998211860657,0.29999998211860657,0.29999998211860657,0.29999998211860657,0.29999998211860657,0.29999998211860657,82182144,0.29999998211860657,1.5228069111000573,0.29999998211860657,0.29999998211860657,1.7099236641221374,0.0073089599609375,1.0,1.5227938931297722,0.29999998211860657,26,1.0,1000.0,0.29999998211860657,1.0,0.29999998211860657,0.29999998211860657,0.29999998211860657,0.29999998211860657,0.29999998211860657,0.29999998211860657,10329,0.29999998211860657,0.29999998211860657,0.0,0.29999998211860657,0.29999998211860657,0.29999998211860657,0.29999998211860657,627,0.29999998211860657,0.29999998211860657,0.1,1.0,0.0017806331,23,1e-05,20,-0.2414686381816864,0.6755752563476562,0.30000001192092896,15,-5.374142646789551,0.0,14,0.2,1.0,18,1.0,1.0,131,0.06955413818359375,1.0,-0.0037165215036566225,0.059807092606206425,6260
0.29999998211860657,16,0.29999998211860657,726.4137573242188,7956,0.29999998211860657,0.29999998211860657,0.29999998211860657,0.29999998211860657,0.29999998211860657,0.29999998211860657,82313216,0.29999998211860657,1.6094738198049223,0.29999998211860657,0.29999998211860657,2.021897810218978,0.00740264892578125,0.9562043795620438,1.5148029197080302,0.29999998211860657,21,1.0,978.21,0.29999998211860657,1.0,0.29999998211860657,0.29999998211860657,0.29999998211860657,0.29999998211860657,0.29999998211860657,0.29999998211860657,10345,0.29999998211860657,0.29999998211860657,0.043795620437956206,0.29999998211860657,0.29999998211860657,0.29999998211860657,0.29999998211860657,628,0.29999998211860657,0.29999998211860657,0.1,0.8666666666666667,0.0017577338,17,1e-05,24,-0.24248620867729187,0.6061931252479553,0.30000001192092896,15,-5.374142646789551,0.0,25,0.2,1.0,19,1.0,0.875,131,0.06926422119140625,0.96,-0.0029850288111447298,0.03605815095652361,6270
0.29999998211860657,14,0.29999998211860657,734.6582641601562,7956,0.29999998211860657,0.29999998211860657,0.29999998211860657,0.29999998211860657,0.29999998211860657,0.29999998211860657,82444288,0.29999998211860657,1.5573370673910556,0.29999998211860657,0.29999998211860657,1.744186046511628,0.0073541259765625006,0.9612403100775194,1.5188217054263577,0.29999998211860657,25,1.0,986.37,0.29999998211860657,1.0,0.29999998211860657,0.29999998211860657,0.29999998211860657,0.29999998211860657,0.29999998211860657,0.29999998211860657,10361,0.29999998211860657,0.29999998211860657,0.03875968992248062,0.29999998211860657,0.29999998211860657,0.29999998211860657,0.29999998211860657,629,0.29999998211860657,0.29999998211860657,0.1,1.0,0.0017950109,18,1e-05,15,-0.1969866156578064,0.642212450504303,0.30000001192092896,21,-5.374142646789551,0.0,20,0.2,1.0,16,0.9444444444444444,0.9333333333333333,124,0.07084197998046875,0.85,-0.0033402840097096487,0.07535108423326164,6280
0.29999998211860657,19,0.29999998211860657,735.49267578125,7957,0.29999998211860657,0.29999998211860657,0.29999998211860657,0.29999998211860657,0.29999998211860657,0.29999998211860657,82575360,0.29999998211860657,1.5791962938289263,0.29999998211860657,0.29999998211860657,1.905109489051095,0.00734405517578125,0.9781021897810219,1.5031240875912422,0.29999998211860657,23,0.9473684210526315,986.8,0.29999998211860657,1.0,0.29999998211860657,0.29999998211860657,0.29999998211860657,0.29999998211860657,0.29999998211860657,0.29999998211860657,10377,0.29999998211860657,0.29999998211860657,0.021897810218978103,0.29999998211860657,0.29999998211860657,0.29999998211860657,0.29999998211860657,630,0.29999998211860657,0.29999998211860657,0.1,0.9473684210526315,0.001797491,17,1e-05,20,-0.2264060080051422,0.7017714977264404,0.30000001192092896,19,-5.374142646789551,0.0,18,0.2,1.0,21,1.0,1.0,134,0.07210693359375,0.9444444444444444,-0.0033320620103495457,0.06572160709329182,6290
0.29999998211860657,18,0.29999998211860657,737.7750244140625,7957,0.29999998211860657,0.29999998211860657,0.29999998211860657,0.29999998211860657,0.29999998211860657,0.29999998211860657,82706432,0.29999998211860657,1.5326485928393407,0.29999998211860657,0.29999998211860657,1.9694656488549618,0.0073999023437500006,0.9541984732824428,1.5308549618320622,0.29999998211860657,23,1.0,993.61,0.29999998211860657,1.0,0.29999998211860657,0.29999998211860657,0.29999998211860657,0.29999998211860657,0.29999998211860657,0.29999998211860657,10393,0.29999998211860657,0.29999998211860657,0.04580152671755725,0.29999998211860657,0.29999998211860657,0.29999998211860657,0.29999998211860657,631,0.29999998211860657,0.29999998211860657,0.1,0.9473684210526315,0.0017553887,24,1e-05,21,-0.2361355721950531,0.5082685947418213,0.30000001192092896,19,-5.374142646789551,0.0,15,0.2,1.0,11,1.0,0.8095238095238095,125,0.06560897827148438,0.9333333333333333,-0.0028991563829094957,0.061444274253153706,6300
0.29999998211860657,13,0.29999998211860657,742.9046630859375,7957,0.29999998211860657,0.29999998211860657,0.29999998211860657,0.29999998211860657,0.29999998211860657,0.29999998211860657,82837504,0.29999998211860657,1.6174356534176746,0.29999998211860657,0.29999998211860657,1.7669172932330828,0.00741729736328125,0.9774436090225563,1.5373233082706779,0.29999998211860657,24,0.9230769230769231,994.95,0.29999998211860657,1.0,0.29999998211860657,0.29999998211860657,0.29999998211860657,0.29999998211860657,0.29999998211860657,0.29999998211860657,10409,0.29999998211860657,0.29999998211860657,0.022556390977443608,0.29999998211860657,0.29999998211860657,0.29999998211860657,0.29999998211860657,632,0.29999998211860657,0.29999998211860657,0.1,1.0,0.001785432,20,1e-05,17,-0.21245867013931274,0.5760324001312256,0.30000001192092896,20,-5.374142646789551,0.0,22,0.2,1.0,17,1.0,0.9411764705882353,130,0.0705047607421875,0.9545454545454546,-0.0038356974171620097,0.08038780075585236,6310
0.29999998211860657,21,0.29999998211860657,730.0346069335938,7958,0.29999998211860657,0.29999998211860657,0.29999998211860657,0.29999998211860657,0.29999998211860657,0.29999998211860657,82968576,0.29999998211860657,1.53378498530407,0.29999998211860657,0.29999998211860657,1.955223880597015,0.0073779296875,0.9552238805970149,1.4804029850746279,0.29999998211860657,28,1.0,974.63,0.29999998211860657,1.0,0.29999998211860657,0.29999998211860657,0.29999998211860657,0.29999998211860657,0.29999998211860657,0.29999998211860657,10425,0.29999998211860657,0.29999998211860657,0.04477611940298507,0.29999998211860657,0.29999998211860657,0.29999998211860657,0.29999998211860657,633,0.29999998211860657,0.29999998211860657,0.1,1.0,0.0018173258,11,1e-05,21,-0.20136013627052307,0.68378746509552,0.30000001192092896,21,-5.374142646789551,0.0,16,0.2,1.0,16,1.0,0.8095238095238095,128,0.07061004638671875,0.875,-0.003343814859908889,0.06238567049440462,6320
0.29999998211860657,14,0.29999998211860657,738.6240844726562,7958,0.29999998211860657,0.29999998211860657,0.29999998211860657,0.29999998211860657,0.29999998211860657,0.29999998211860657,83099648,0.29999998211860657,1.5947516233215582,0.29999998211860657,0.29999998211860657,2.0074626865671643,0.007537841796875,0.9552238805970149,1.5104179104477622,0.29999998211860657,21,1.0,989.02,0.29999998211860657,1.0,0.29999998211860657,0.29999998211860657,0.29999998211860657,0.29999998211860657,0.29999998211860657,0.29999998211860657,10441,0.29999998211860657,0.29999998211860657,0.04477611940298507,0.29999998211860657,0.29999998211860657,0.29999998211860657,0.29999998211860657,634,0.29999998211860657,0.29999998211860657,0.1,1.0,0.0019338357,14,1e-05,27,-0.21211408078670502,0.6898092031478882,0.30000001192092896,22,-5.374142646789551,0.0,18,0.2,1.0,18,1.0,0.8518518518518519,128,0.07564697265625,0.8888888888888888,-0.0035808438265121367,0.07602812926197658,6330
0.29999998211860657,20,0.29999998211860657,734.6218872070312,7959,0.29999998211860657,0.29999998211860657,0.29999998211860657,0.29999998211860657,0.29999998211860657,0.29999998211860657,83230720,0.29999998211860657,1.735913176851477,0.29999998211860657,0.29999998211860657,2.0692307692307694,0.00750335693359375,0.9538461538461539,1.5072923076923088,0.29999998211860657,16,1.0,982.21,0.29999998211860657,1.0,0.29999998211860657,0.29999998211860657,0.29999998211860657,0.29999998211860657,0.29999998211860657,0.29999998211860657,10457,0.29999998211860657,0.29999998211860657,0.046153846153846156,0.29999998211860657,0.29999998211860657,0.29999998211860657,0.29999998211860657,635,0.29999998211860657,0.29999998211860657,0.1,0.9615384615384616,0.0018227472,13,1e-05,12,-0.22483515739440918,0.6823065280914307,0.30000001192092896,26,-5.374142646789551,0.0,24,0.2,1.0,19,1.0,0.8333333333333334,124,0.0720947265625,0.875,-0.0032277603946113233,0.0738699372348492,6340
0.29999998211860657,20,0.29999998211860657,745.5498657226562,7959,0.29999998211860657,0.29999998211860657,0.29999998211860657,0.29999998211860657,0.29999998211860657,0.29999998211860657,83361792,0.29999998211860657,1.6070809668193917,0.29999998211860657,0.29999998211860657,2.0296296296296297,0.007492675781250001,0.9703703703703703,1.5241333333333347,0.29999998211860657,19,1.0,991.99,0.29999998211860657,1.0,0.29999998211860657,0.29999998211860657,0.29999998211860657,0.29999998211860657,0.29999998211860657,0.29999998211860657,10473,0.29999998211860657,0.29999998211860657,0.02962962962962963,0.29999998211860657,0.29999998211860657,0.29999998211860657,0.29999998211860657,636,0.29999998211860657,0.29999998211860657,0.1,0.9285714285714286,0.0017095446,21,1e-05,20,-0.18343794345855713,0.688439130783081,0.30000001192092896,28,-5.374142646789551,0.0,12,0.2,0.9333333333333333,15,1.0,0.95,131,0.06877059936523437,1.0,-0.0031859019993135005,0.06602642964862752,6350
0.29999998211860657,24,0.29999998211860657,743.9478149414062,7959,0.29999998211860657,0.29999998211860657,0.29999998211860657,0.29999998211860657,0.29999998211860657,0.29999998211860657,83492864,0.29999998211860657,1.526472856798607,0.29999998211860657,0.29999998211860657,2.0692307692307694,0.0076470947265625,0.9692307692307692,1.523523076923078,0.29999998211860657,18,1.0,988.3,0.29999998211860657,1.0,0.29999998211860657,0.29999998211860657,0.29999998211860657,0.29999998211860657,0.29999998211860657,0.29999998211860657,10489,0.29999998211860657,0.29999998211860657,0.03076923076923077,0.29999998211860657,0.29999998211860657,0.29999998211860657,0.29999998211860657,637,0.29999998211860657,0.29999998211860657,0.1,0.9444444444444444,0.0017910842,23,1e-05,15,-0.23283451795578003,0.6710618734359741,0.30000001192092896,18,-5.374142646789551,0.0,16,0.2,1.0,16,1.0,0.8666666666666667,126,0.07248611450195312,0.9375,-0.003501691073324764,0.05467450761643704,6360
0.29999998211860657,25,0.29999998211860657,743.03076171875,7960,0.29999998211860657,0.29999998211860657,0.29999998211860657,0.29999998211860657,0.29999998211860657,0.29999998211860657,83623936,0.29999998211860657,1.5937039437688088,0.29999998211860657,0.29999998211860657,1.9848484848484849,0.0075582885742187505,0.9848484848484849,1.5181666666666678,0.29999998211860657,21,1.0,998.96,0.29999998211860657,1.0,0.29999998211860657,0.29999998211860657,0.29999998211860657,0.29999998211860657,0.29999998211860657,0.29999998211860657,10505,0.29999998211860657,0.29999998211860657,0.015151515151515152,0.29999998211860657,0.29999998211860657,0.29999998211860657,0.29999998211860657,638,0.29999998211860657,0.29999998211860657,0.1,1.0,0.0017933659,17,1e-05,17,-0.22211194038391113,0.6207054853439331,0.30000001192092896,14,-5.374142646789551,0.0,15,0.2,0.9565217391304348,23,1.0,0.9411764705882353,130,0.07006378173828125,1.0,-0.0030351133916610706,0.06112049283256056,6370
0.29999998211860657,13,0.29999998211860657,738.484619140625,7960,0.29999998211860657,0.29999998211860657,0.29999998211860657,0.29999998211860657,0.29999998211860657,0.29999998211860657,83755008,0.29999998211860657,1.4823104246484164,0.29999998211860657,0.29999998211860657,1.6046511627906976,0.00761199951171875,0.9767441860465116,1.5338294573643423,0.29999998211860657,33,0.9230769230769231,994.57,0.29999998211860657,1.0,0.29999998211860657,0.29999998211860657,0.29999998211860657,0.29999998211860657,0.29999998211860657,0.29999998211860657,10521,0.29999998211860657,0.29999998211860657,0.023255813953488372,0.29999998211860657,0.29999998211860657,0.29999998211860657,0.29999998211860657,639,0.29999998211860657,0.29999998211860657,0.1,1.0,0.0018354997,13,1e-05,23,-0.23656675219535828,0.7200196385383606,0.30000001192092896,14,-5.374142646789551,0.0,14,0.2,1.0,19,0.9230769230769231,0.9565217391304348,126,0.07620697021484375,1.0,-0.0036170242648040584,0.05324767322163097,6380
0.29999998211860657,16,0.29999998211860657,742.7398681640625,7960,0.29999998211860657,0.29999998211860657,0.29999998211860657,0.29999998211860657,0.29999998211860657,0.29999998211860657,83886080,0.29999998211860657,1.4304012764795748,0.29999998211860657,0.29999998211860657,1.786764705882353,0.00755584716796875,0.9558823529411765,1.513279411764707,0.29999998211860657,30,1.0,988.54,0.29999998211860657,1.0,0.29999998211860657,0.29999998211860657,0.29999998211860657,0.29999998211860657,0.29999998211860657,0.29999998211860657,10537,0.29999998211860657,0.29999998211860657,0.04411764705882353,0.29999998211860657,0.29999998211860657,0.29999998211860657,0.29999998211860657,640,0.29999998211860657,0.29999998211860657,0.1,0.9375,0.00180239,17,1e-05,24,-0.24635080993175507,0.6943113207817078,0.30000001192092896,16,-5.374142646789551,0.0,16,0.2,1.0,17,1.0,0.8333333333333334,130,0.07068634033203125,0.9375,-0.0031082373592653313,0.047042779906769285,6390
0.29999998211860657,26,0.29999998211860657,738.29541015625,7961,0.29999998211860657,0.29999998211860657,0.29999998211860657,0.29999998211860657,0.29999998211860657,0.29999998211860657,84017152,0.29999998211860657,1.5919211545355383,0.29999998211860657,0.29999998211860657,1.9618320610687023,0.0076092529296875,0.9618320610687023,1.532610687022902,0.29999998211860657,28,0.9230769230769231,981.2,0.29999998211860657,1.0,0.29999998211860657,0.29999998211860657,0.29999998211860657,0.29999998211860657,0.29999998211860657,0.29999998211860657,10553,0.29999998211860657,0.29999998211860657,0.03816793893129771,0.29999998211860657,0.29999998211860657,0.29999998211860657,0.29999998211860657,641,0.29999998211860657,0.29999998211860657,0.1,1.0,0.0018202778,12,1e-05,19,-0.24048733711242676,0.6221661567687988,0.30000001192092896,17,-5.374142646789551,0.0,11,0.2,0.9444444444444444,18,1.0,0.9473684210526315,126,0.07619400024414062,0.9090909090909091,-0.003614548478753932,0.08348427539604017,6400
0.29999998211860657,14,0.29999998211860657,740.1376342773438,7961,0.29999998211860657,0.29999998211860657,0.29999998211860657,0.29999998211860657,0.29999998211860657,0.29999998211860657,84148224,0.29999998211860657,1.2688996596317907,0.29999998211860657,0.29999998211860657,1.4222222222222223,0.007584533691406251,0.9777777777777777,1.514562962962964,0.29999998211860657,40,1.0,982.05,0.29999998211860657,1.0,0.29999998211860657,0.29999998211860657,0.29999998211860657,0.29999998211860657,0.29999998211860657,0.29999998211860657,10569,0.29999998211860657,0.29999998211860657,0.022222222222222223,0.29999998211860657,0.29999998211860657,0.29999998211860657,0.29999998211860657,642,0.29999998211860657,0.29999998211860657,0.1,0.9333333333333333,0.0016511369,9,1e-05,21,-0.19882497191429138,0.6847803592681885,0.30000001192092896,15,-5.374142646789551,0.0,13,0.2,1.0,23,1.0,0.9047619047619048,132,0.06331634521484375,1.0,-0.003347504552857572,0.06753152100282023,6410
0.29999998211860657,13,0.29999998211860657,741.6168212890625,7961,0.29999998211860657,0.29999998211860657,0.29999998211860657,0.29999998211860657,0.29999998211860657,0.29999998211860657,84279296,0.29999998211860657,1.457108944455137,0.29999998211860657,0.29999998211860657,1.3888888888888888,0.0075830078125000006,0.9761904761904762,1.5160476190476204,0.29999998211860657,31,1.0,990.7,0.29999998211860657,1.0,0.29999998211860657,0.29999998211860657,0.29999998211860657,0.29999998211860657,0.29999998211860657,0.29999998211860657,10585,0.29999998211860657,0.29999998211860657,0.023809523809523808,0.29999998211860657,0.29999998211860657,0.29999998211860657,0.29999998211860657,643,0.29999998211860657,0.29999998211860657,0.1,1.0,0.0018480755,13,1e-05,16,-0.24261194467544556,0.6758209466934204,0.30000001192092896,20,-5.374142646789551,0.0,8,0.2,1.0,25,1.0,0.875,123,0.07432403564453124,0.875,-0.0029863904409921814,0.052212216757470745,6420
0.29999998211860657,22,0.29999998211860657,735.2606201171875,7962,0.29999998211860657,0.29999998211860657,0.29999998211860657,0.29999998211860657,0.29999998211860657,0.29999998211860657,84410368,0.29999998211860657,1.5679369912453809,0.29999998211860657,0.29999998211860657,2.0285714285714285,0.0076947021484375,0.9571428571428572,1.5322000000000011,0.29999998211860657,27,0.9545454545454546,978.17,0.29999998211860657,1.0,0.29999998211860657,0.29999998211860657,0.29999998211860657,0.29999998211860657,0.29999998211860657,0.29999998211860657,10601,0.29999998211860657,0.29999998211860657,0.04285714285714286,0.29999998211860657,0.29999998211860657,0.29999998211860657,0.29999998211860657,644,0.29999998211860657,0.29999998211860657,0.1,0.9375,0.001833537,12,1e-05,25,-0.23798972368240356,0.6699961423873901,0.30000001192092896,16,-5.374142646789551,0.0,19,0.2,1.0,19,1.0,0.88,134,0.07398757934570313,0.9473684210526315,-0.0032216488735684833,0.05061139392491896,6430
0.29999998211860657,11,0.29999998211860657,745.7244262695312,7962,0.29999998211860657,0.29999998211860657,0.29999998211860657,0.29999998211860657,0.29999998211860657,0.29999998211860657,84541440,0.29999998211860657,1.4992280316603914,0.29999998211860657,0.29999998211860657,1.8372093023255813,0.0078729248046875,0.9844961240310077,1.5205271317829467,0.29999998211860657,27,1.0,998.97,0.29999998211860657,1.0,0.29999998211860657,0.29999998211860657,0.29999998211860657,0.29999998211860657,0.29999998211860657,0.29999998211860657,10617,0.29999998211860657,0.29999998211860657,0.015503875968992248,0.29999998211860657,0.29999998211860657,0.29999998211860657,0.29999998211860657,645,0.29999998211860657,0.29999998211860657,0.1,1.0,0.0018257205,13,1e-05,26,-0.20347249507904053,0.6607193946838379,0.30000001192092896,16,-5.374142646789551,0.0,20,0.2,1.0,16,1.0,0.9230769230769231,127,0.07321395874023437,1.0,-0.0030761651588363747,0.08046851767285261,6440
0.29999998211860657,22,0.29999998211860657,749.4481201171875,7963,0.29999998211860657,0.29999998211860657,0.29999998211860657,0.29999998211860657,0.29999998211860657,0.29999998211860657,84672512,0.29999998211860657,1.5959927236742302,0.29999998211860657,0.29999998211860657,1.875,0.00767364501953125,0.9779411764705882,1.5241176470588247,0.29999998211860657,22,1.0,1000.0,0.29999998211860657,1.0,0.29999998211860657,0.29999998211860657,0.29999998211860657,0.29999998211860657,0.29999998211860657,0.29999998211860657,10633,0.29999998211860657,0.29999998211860657,0.022058823529411766,0.29999998211860657,0.29999998211860657,0.29999998211860657,0.29999998211860657,646,0.29999998211860657,0.29999998211860657,0.1,1.0,0.0018825359,19,1e-05,15,-0.24443039298057556,0.6090150475502014,0.30000001192092896,20,-5.374142646789551,0.0,16,0.2,1.0,22,1.0,0.9333333333333333,133,0.07088165283203125,0.875,-0.003247431468935247,0.061117410036968065,6450
0.29999998211860657,21,0.29999998211860657,738.8624267578125,7963,0.29999998211860657,0.29999998211860657,0.29999998211860657,0.29999998211860657,0.29999998211860657,0.29999998211860657,84803584,0.29999998211860657,1.5561853323748098,0.29999998211860657,0.29999998211860657,1.9696969696969697,0.00770050048828125,0.9696969696969697,1.5115757575757587,0.29999998211860657,23,1.0,987.45,0.29999998211860657,1.0,0.29999998211860657,0.29999998211860657,0.29999998211860657,0.29999998211860657,0.29999998211860657,0.29999998211860657,10649,0.29999998211860657,0.29999998211860657,0.030303030303030304,0.29999998211860657,0.29999998211860657,0.29999998211860657,0.29999998211860657,647,0.29999998211860657,0.29999998211860657,0.1,0.8181818181818182,0.0017971848,15,1e-05,18,-0.25019198656082153,0.676196277141571,0.30000001192092896,11,-5.374142646789551,0.0,23,0.2,1.0,21,1.0,0.9444444444444444,128,0.07137451171875,0.9565217391304348,-0.003157814215137478,0.04125543655536603,6460
0.29999998211860657,18,0.29999998211860657,747.2586059570312,7963,0.29999998211860657,0.29999998211860657,0.29999998211860657,0.29999998211860657,0.29999998211860657,0.29999998211860657,84934656,0.29999998211860657,1.4291050554692513,0.29999998211860657,0.29999998211860657,1.8615384615384616,0.0077264404296875,0.9769230769230769,1.523969230769232,0.29999998211860657,30,1.0,990.16,0.29999998211860657,1.0,0.29999998211860657,0.29999998211860657,0.29999998211860657,0.29999998211860657,0.29999998211860657,0.29999998211860657,10664,0.29999998211860657,0.29999998211860657,0.023076923076923078,0.29999998211860657,0.29999998211860657,0.29999998211860657,0.29999998211860657,648,0.29999998211860657,0.29999998211860657,0.1,1.0,0.0017836858,20,1e-05,22,-0.230256587266922,0.696266770362854,0.30000001192092896,16,-5.374142646789551,0.0,14,0.2,1.0,10,1.0,0.9545454545454546,127,0.07153854370117188,0.8571428571428571,-0.0032526517860333114,0.05958622324251337,6470
0.29999998211860657,21,0.29999998211860657,722.5611572265625,7964,0.29999998211860657,0.29999998211860657,0.29999998211860657,0.29999998211860657,0.29999998211860657,0.29999998211860657,85065728,0.29999998211860657,1.564071622682745,0.29999998211860657,0.29999998211860657,1.7214285714285715,0.007721557617187501,0.9285714285714286,1.5283285714285728,0.29999998211860657,28,0.9523809523809523,965.61,0.29999998211860657,1.0,0.29999998211860657,0.29999998211860657,0.29999998211860657,0.29999998211860657,0.29999998211860657,0.29999998211860657,10680,0.29999998211860657,0.29999998211860657,0.07142857142857142,0.29999998211860657,0.29999998211860657,0.29999998211860657,0.29999998211860657,649,0.29999998211860657,0.29999998211860657,0.1,0.8823529411764706,0.0017965017,22,1e-05,15,-0.2282598912715912,0.6091307401657104,0.30000001192092896,17,-5.374142646789551,0.0,16,0.2,0.9523809523809523,21,1.0,0.7333333333333333,130,0.07098617553710937,0.875,-0.0031657139000344616,0.05460431487153983,6480
