Gym has been unmaintained since 2022 and does not support NumPy 2.0 amongst other critical functionality.
Please upgrade to Gymnasium, the maintained drop-in replacement of Gym, or contact the authors of your software and request that they upgrade.
Users of this version of Gym should be able to simply replace 'import gym' with 'import gymnasium as gym' in the vast majority of cases.
See the migration guide at https://gymnasium.farama.org/introduction/migration_guide/ for additional information.
Logging to /app/envpool/data/beta/20260822_stage2
INFO:root:Experiment: quadruped_ppo_experiment
INFO:root:Using EnvPool for environment Humanoid-v4 with 256 envs. Seed: 0
[0;33m[WW] ModuleManager: CHANGING UPDATE PERIOD: ![0m
[0;33m[WW] ModuleManager: CHANGING UPDATE PERIOD: ![0m
[0;33m[WW] ModuleManager: CHANGING UPDATE PERIOD: ![0m
[0;33m[WW] ModuleManager: CHANGING UPDATE PERIOD: ![0m
[0;33m[WW] ModuleManager: CHANGING UPDATE PERIOD: ![0m
[0;33m[WW] ModuleManager: CHANGING UPDATE PERIOD: ![0m
[0;33m[WW] ModuleManager: CHANGING UPDATE PERIOD: ![0m
[0;33m[WW] ModuleManager: CHANGING UPDATE PERIOD: ![0m
[0;33m[WW] ModuleManager: CHANGING UPDATE PERIOD: ![0m
[0;33m[WW] ModuleManager: CHANGING UPDATE PERIOD: ![0m
[0;33m[WW] ModuleManager: CHANGING UPDATE PERIOD: ![0m
[0;33m[WW] ModuleManager: CHANGING UPDATE PERIOD: ![0m
[0;33m[WW] ModuleManager: CHANGING UPDATE PERIOD: ![0m
[0;33m[WW] ModuleManager: CHANGING UPDATE PERIOD: ![0m
[0;33m[WW] ModuleManager: CHANGING UPDATE PERIOD: ![0m
[0;33m[WW] ModuleManager: CHANGING UPDATE PERIOD: ![0m
[0;33m[WW] ModuleManager: CHANGING UPDATE PERIOD: ![0m
[0;33m[WW] ModuleManager: CHANGING UPDATE PERIOD: ![0m
[0;33m[WW] ModuleManager: CHANGING UPDATE PERIOD: ![0m
[0;33m[WW] ModuleManager: CHANGING UPDATE PERIOD: ![0m
[0;33m[WW] ModuleManager: CHANGING UPDATE PERIOD: ![0m
[0;33m[WW] ModuleManager: CHANGING UPDATE PERIOD: ![0m
[0;33m[WW] ModuleManager: CHANGING UPDATE PERIOD: ![0m
[0;33m[WW] ModuleManager: CHANGING UPDATE PERIOD: ![0m
[0;33m[WW] ModuleManager: CHANGING UPDATE PERIOD: ![0m
[0;33m[WW] ModuleManager: CHANGING UPDATE PERIOD: ![0m
[0;33m[WW] ModuleManager: CHANGING UPDATE PERIOD: ![0m
[0;33m[WW] ModuleManager: CHANGING UPDATE PERIOD: ![0m
[0;33m[WW] ModuleManager: CHANGING UPDATE PERIOD: ![0m
[0;33m[WW] ModuleManager: CHANGING UPDATE PERIOD: ![0m
[0;33m[WW] ModuleManager: CHANGING UPDATE PERIOD: ![0m
[0;33m[WW] ModuleManager: CHANGING UPDATE PERIOD: ![0m
[0;33m[WW] ModuleManager: CHANGING UPDATE PERIOD: ![0m
[0;33m[WW] ModuleManager: CHANGING UPDATE PERIOD: ![0m
[0;33m[WW] ModuleManager: CHANGING UPDATE PERIOD: ![0m
[0;33m[WW] ModuleManager: CHANGING UPDATE PERIOD: ![0m
[0;33m[WW] ModuleManager: CHANGING UPDATE PERIOD: ![0m
[0;33m[WW] ModuleManager: CHANGING UPDATE PERIOD: ![0m
[0;33m[WW] ModuleManager: CHANGING UPDATE PERIOD: ![0m
[0;33m[WW] ModuleManager: CHANGING UPDATE PERIOD: ![0m
[0;33m[WW] ModuleManager: CHANGING UPDATE PERIOD: ![0m
[0;33m[WW] ModuleManager: CHANGING UPDATE PERIOD: ![0m
[0;33m[WW] ModuleManager: CHANGING UPDATE PERIOD: ![0m
[0;33m[WW] ModuleManager: CHANGING UPDATE PERIOD: ![0m
[0;33m[WW] ModuleManager: CHANGING UPDATE PERIOD: ![0m
[0;33m[WW] ModuleManager: CHANGING UPDATE PERIOD: ![0m
[0;33m[WW] ModuleManager: CHANGING UPDATE PERIOD: ![0m
[0;33m[WW] ModuleManager: CHANGING UPDATE PERIOD: ![0m
[0;33m[WW] ModuleManager: CHANGING UPDATE PERIOD: ![0m
[0;33m[WW] ModuleManager: CHANGING UPDATE PERIOD: ![0m
[0;33m[WW] ModuleManager: CHANGING UPDATE PERIOD: ![0m
[0;33m[WW] ModuleManager: CHANGING UPDATE PERIOD: ![0m
[0;33m[WW] ModuleManager: CHANGING UPDATE PERIOD: ![0m
[0;33m[WW] ModuleManager: CHANGING UPDATE PERIOD: ![0m
[0;33m[WW] ModuleManager: CHANGING UPDATE PERIOD: ![0m
[0;33m[WW] ModuleManager: CHANGING UPDATE PERIOD: ![0m
[0;33m[WW] ModuleManager: CHANGING UPDATE PERIOD: ![0m
[0;33m[WW] ModuleManager: CHANGING UPDATE PERIOD: ![0m
[0;33m[WW] ModuleManager: CHANGING UPDATE PERIOD: ![0m
[0;33m[WW] ModuleManager: CHANGING UPDATE PERIOD: ![0m
[0;33m[WW] ModuleManager: CHANGING UPDATE PERIOD: ![0m
[0;33m[WW] ModuleManager: CHANGING UPDATE PERIOD: ![0m
[0;33m[WW] ModuleManager: CHANGING UPDATE PERIOD: ![0m
[0;33m[WW] ModuleManager: CHANGING UPDATE PERIOD: ![0m
[0;33m[WW] ModuleManager: CHANGING UPDATE PERIOD: ![0m
[0;33m[WW] ModuleManager: CHANGING UPDATE PERIOD: ![0m
[0;33m[WW] ModuleManager: CHANGING UPDATE PERIOD: ![0m
[0;33m[WW] ModuleManager: CHANGING UPDATE PERIOD: ![0m
[0;33m[WW] ModuleManager: CHANGING UPDATE PERIOD: ![0m
[0;33m[WW] ModuleManager: CHANGING UPDATE PERIOD: ![0m
[0;33m[WW] ModuleManager: CHANGING UPDATE PERIOD: ![0m
[0;33m[WW] ModuleManager: CHANGING UPDATE PERIOD: ![0m
[0;33m[WW] ModuleManager: CHANGING UPDATE PERIOD: ![0m
[0;33m[WW] ModuleManager: CHANGING UPDATE PERIOD: ![0m
initHardware(SIM): Initializing hardware components...
initHardware(SIM): Initializing hardware components...
initHardware(SIM): Initializing hardware components...
initHardware(SIM): Initializing hardware components...
initHardware(SIM): Initializing hardware components...
initHardware(SIM): Initializing hardware components...
initHardware(SIM): Initializing hardware components...
initHardware(SIM): Initializing hardware components...
initHardware(SIM): Initializing hardware components...
initHardware(SIM): Initializing hardware components...
initHardware(SIM): Initializing hardware components...
initHardware(SIM): Initializing hardware components...
initHardware(SIM): Initializing hardware components...
initHardware(SIM): Initializing hardware components...
initHardware(SIM): Initializing hardware components...
initHardware(SIM): Initializing hardware components...
initHardware(SIM): Initializing hardware components...
initHardware(SIM): Initializing hardware components...
initHardware(SIM): Initializing hardware components...
initHardware(SIM): Initializing hardware components...
initHardware(SIM): Initializing hardware components...
initHardware(SIM): Initializing hardware components...
initHardware(SIM): Initializing hardware components...
initHardware(SIM): Initializing hardware components...
initHardware(SIM): Initializing hardware components...
initHardware(SIM): Initializing hardware components...
initHardware(SIM): Initializing hardware components...
initHardware(SIM): Initializing hardware components...
initHardware(SIM): Initializing hardware components...
initHardware(SIM): Initializing hardware components...
initHardware(SIM): Initializing hardware components...
initHardware(SIM): Initializing hardware components...
initHardware(SIM): Initializing hardware components...
initHardware(SIM): Initializing hardware components...
initHardware(SIM): Initializing hardware components...
initHardware(SIM): Initializing hardware components...
initHardware(SIM): Initializing hardware components...
initHardware(SIM): Initializing hardware components...
initHardware(SIM): Initializing hardware components...
initHardware(SIM): Initializing hardware components...
initHardware(SIM): Initializing hardware components...
initHardware(SIM): Initializing hardware components...
initHardware(SIM): Initializing hardware components...
initHardware(SIM): Initializing hardware components...
initHardware(SIM): Initializing hardware components...
initHardware(SIM): Initializing hardware components...
initHardware(SIM): Initializing hardware components...
initHardware(SIM): Initializing hardware components...
initHardware(SIM): Initializing hardware components...
initHardware(SIM): Initializing hardware components...
initHardware(SIM): Initializing hardware components...
initHardware(SIM): Initializing hardware components...
initHardware(SIM): Initializing hardware components...
initHardware(SIM): Initializing hardware components...
initHardware(SIM): Initializing hardware components...
initHardware(SIM): Initializing hardware components...
initHardware(SIM): Initializing hardware components...
initHardware(SIM): Initializing hardware components...
initHardware(SIM): Initializing hardware components...
initHardware(SIM): Initializing hardware components...
initHardware(SIM): Initializing hardware components...
initHardware(SIM): Initializing hardware components...
initHardware(SIM): Initializing hardware components...
initHardware(SIM): Initializing hardware components...
initHardware(SIM): Initializing hardware components...
initHardware(SIM): Initializing hardware components...
initHardware(SIM): Initializing hardware components...
initHardware(SIM): Initializing hardware components...
initHardware(SIM): Initializing hardware components...
initHardware(SIM): Initializing hardware components...
initHardware(SIM): Initializing hardware components...
initHardware(SIM): Initializing hardware components...
initHardware(SIM): Initializing hardware components...
initHardware(SIM): Initializing hardware components...
initHardware(SIM): Initial[0;33m[WW] ModuleManager: CHANGING UPDATE PERIOD: ![0m
[0;33m[WW] ModuleManager: CHANGING UPDATE PERIOD: ![0m
[0;33m[WW] ModuleManager: CHANGING UPDATE PERIOD: ![0m
[0;33m[WW] ModuleManager: CHANGING UPDATE PERIOD: ![0m
[0;33m[WW] ModuleManager: CHANGING UPDATE PERIOD: ![0m
[0;33m[WW] ModuleManager: CHANGING UPDATE PERIOD: ![0m
[0;33m[WW] ModuleManager: CHANGING UPDATE PERIOD: ![0m
[0;33m[WW] ModuleManager: CHANGING UPDATE PERIOD: ![0m
[0;33m[WW] ModuleManager: CHANGING UPDATE PERIOD: ![0m
[0;33m[WW] ModuleManager: CHANGING UPDATE PERIOD: ![0m
[0;33m[WW] ModuleManager: CHANGING UPDATE PERIOD: ![0m
[0;33m[WW] ModuleManager: CHANGING UPDATE PERIOD: ![0m
[0;33m[WW] ModuleManager: CHANGING UPDATE PERIOD: ![0m
[0;33m[WW] ModuleManager: CHANGING UPDATE PERIOD: ![0m
[0;33m[WW] ModuleManager: CHANGING UPDATE PERIOD: ![0m
[0;33m[WW] ModuleManager: CHANGING UPDATE PERIOD: ![0m
[0;33m[WW] ModuleManager: CHANGING UPDATE PERIOD: ![0m
[0;33m[WW] ModuleManager: CHANGING UPDATE PERIOD: ![0m
[0;33m[WW] ModuleManager: CHANGING UPDATE PERIOD: ![0m
[0;33m[WW] ModuleManager: CHANGING UPDATE PERIOD: ![0m
[0;33m[WW] ModuleManager: CHANGING UPDATE PERIOD: ![0m
[0;33m[WW] ModuleManager: CHANGING UPDATE PERIOD: ![0m
[0;33m[WW] ModuleManager: CHANGING UPDATE PERIOD: ![0m
[0;33m[WW] ModuleManager: CHANGING UPDATE PERIOD: ![0m
[0;33m[WW] ModuleManager: CHANGING UPDATE PERIOD: ![0m
[0;33m[WW] ModuleManager: CHANGING UPDATE PERIOD: ![0m
[0;33m[WW] ModuleManager: CHANGING UPDATE PERIOD: ![0m
[0;33m[WW] ModuleManager: CHANGING UPDATE PERIOD: ![0m
[0;33m[WW] ModuleManager: CHANGING UPDATE PERIOD: ![0m
[0;33m[WW] ModuleManager: CHANGING UPDATE PERIOD: ![0m
[0;33m[WW] ModuleManager: CHANGING UPDATE PERIOD: ![0m
[0;33m[WW] ModuleManager: CHANGING UPDATE PERIOD: ![0m
[0;33m[WW] ModuleManager: CHANGING UPDATE PERIOD: ![0m
[0;33m[WW] ModuleManager: CHANGING UPDATE PERIOD: ![0m
[0;33m[WW] ModuleManager: CHANGING UPDATE PERIOD: ![0m
[0;33m[WW] ModuleManager: CHANGING UPDATE PERIOD: ![0m
[0;33m[WW] ModuleManager: CHANGING UPDATE PERIOD: ![0m
[0;33m[WW] ModuleManager: CHANGING UPDATE PERIOD: ![0m
[0;33m[WW] ModuleManager: CHANGING UPDATE PERIOD: ![0m
[0;33m[WW] ModuleManager: CHANGING UPDATE PERIOD: ![0m
[0;33m[WW] ModuleManager: CHANGING UPDATE PERIOD: ![0m
[0;33m[WW] ModuleManager: CHANGING UPDATE PERIOD: ![0m
[0;33m[WW] ModuleManager: CHANGING UPDATE PERIOD: ![0m
[0;33m[WW] ModuleManager: CHANGING UPDATE PERIOD: ![0m
[0;33m[WW] ModuleManager: CHANGING UPDATE PERIOD: ![0m
[0;33m[WW] ModuleManager: CHANGING UPDATE PERIOD: ![0m
[0;33m[WW] ModuleManager: CHANGING UPDATE PERIOD: ![0m
[0;33m[WW] ModuleManager: CHANGING UPDATE PERIOD: ![0m
[0;33m[WW] ModuleManager: CHANGING UPDATE PERIOD: ![0m
[0;33m[WW] ModuleManager: CHANGING UPDATE PERIOD: ![0m
[0;33m[WW] ModuleManager: CHANGING UPDATE PERIOD: ![0m
[0;33m[WW] ModuleManager: CHANGING UPDATE PERIOD: ![0m
[0;33m[WW] ModuleManager: CHANGING UPDATE PERIOD: ![0m
[0;33m[WW] ModuleManager: CHANGING UPDATE PERIOD: ![0m
[0;33m[WW] ModuleManager: CHANGING UPDATE PERIOD: ![0m
[0;33m[WW] ModuleManager: CHANGING UPDATE PERIOD: ![0m
[0;33m[WW] ModuleManager: CHANGING UPDATE PERIOD: ![0m
[0;33m[WW] ModuleManager: CHANGING UPDATE PERIOD: ![0m
[0;33m[WW] ModuleManager: CHANGING UPDATE PERIOD: ![0m
[0;33m[WW] ModuleManager: CHANGING UPDATE PERIOD: ![0m
[0;33m[WW] ModuleManager: CHANGING UPDATE PERIOD: ![0m
[0;33m[WW] ModuleManager: CHANGING UPDATE PERIOD: ![0m
[0;33m[WW] ModuleManager: CHANGING UPDATE PERIOD: ![0m
[0;33m[WW] ModuleManager: CHANGING UPDATE PERIOD: ![0m
[0;33m[WW] ModuleManager: CHANGING UPDATE PERIOD: ![0m
[0;33m[WW] ModuleManager: CHANGING UPDATE PERIOD: ![0m
[0;33m[WW] ModuleManager: CHANGING UPDATE PERIOD: ![0m
[0;33m[WW] ModuleManager: CHANGING UPDATE PERIOD: ![0m
[0;33m[WW] ModuleManager: CHANGING UPDATE PERIOD: ![0m
[0;33m[WW] ModuleManager: CHANGING UPDATE PERIOD: ![0m
[0;33m[WW] ModuleManager: CHANGING UPDATE PERIOD: ![0m
[0;33m[WW] ModuleManager: CHANGING UPDATE PERIOD: ![0m
[0;33m[WW] ModuleManager: CHANGING UPDATE PERIOD: ![0m
[0;33m[WW] ModuleManager: CHANGING UPDATE PERIOD: ![0m
izing hardware components...
initHardware(SIM): Initializing hardware components...
initHardware(SIM): Initializing hardware components...
initHardware(SIM): Initializing hardware components...
initHardware(SIM): Initializing hardware components...
initHardware(SIM): Initializing hardware components...
initHardware(SIM): Initializing hardware components...
initHardware(SIM): Initializing hardware components...
initHardware(SIM): Initializing hardware components...
initHardware(SIM): Initializing hardware components...
initHardware(SIM): Initializing hardware components...
initHardware(SIM): Initializing hardware components...
initHardware(SIM): Initializing hardware components...
initHardware(SIM): Initializing hardware components...
initHardware(SIM): Initializing hardware components...
initHardware(SIM): Initializing hardware components...
initHardware(SIM): Initializing hardware components...
initHardware(SIM): Initializing hardware components...
initHardware(SIM): Initializing hardware components...
initHardware(SIM): Initializing hardware components...
initHardware(SIM): Initializing hardware components...
initHardware(SIM): Initializing hardware components...
initHardware(SIM): Initializing hardware components...
initHardware(SIM): Initializing hardware components...
initHardware(SIM): Initializing hardware components...
initHardware(SIM): Initializing hardware components...
initHardware(SIM): Initializing hardware components...
initHardware(SIM): Initializing hardware components...
initHardware(SIM): Initializing hardware components...
initHardware(SIM): Initializing hardware components...
initHardware(SIM): Initializing hardware components...
initHardware(SIM): Initializing hardware components...
initHardware(SIM): Initializing hardware components...
initHardware(SIM): Initializing hardware components...
initHardware(SIM): Initializing hardware components...
initHardware(SIM): Initializing hardware components...
initHardware(SIM): Initializing hardware components...
initHardware(SIM): Initializing hardware components...
initHardware(SIM): Initializing hardware components...
initHardware(SIM): Initializing hardware components...
initHardware(SIM): Initializing hardware components...
initHardware(SIM): Initializing hardware components...
initHardware(SIM): Initializing hardware components...
initHardware(SIM): Initializing hardware components...
initHardware(SIM): Initializing hardware components...
initHardware(SIM): Initializing hardware components...
initHardware(SIM): Initializing hardware components...
initHardware(SIM): Initializing hardware components...
initHardware(SIM): Initializing hardware components...
initHardware(SIM): Initializing hardware components...
initHardware(SIM): Initializing hardware components...
initHardware(SIM): Initializing hardware components...
initHardware(SIM): Initializing hardware components...
initHardware(SIM): Initializing hardware components...
initHardware(SIM): Initializing hardware components...
initHardware(SIM): Initializing hardware components...
initHardware(SIM): Initializing hardware components...
initHardware(SIM): Initializing hardware components...
initHardware(SIM): Initializing hardware components...
initHardware(SIM): Initializing hardware components...
initHardware(SIM): Initializing hardware components...
initHardware(SIM): Initializing hardware components...
initHardware(SIM): Initializing hardware components...
initHardware(SIM): Initializing hardware components...
initHardware(SIM): Initializing hardware components...
initHardware(SIM): Initializing hardware components...
initHardware(SIM): Initializing hardware components...
initHardware(SIM): Initializing hardware components...
initHardware(SIM): Initializing hardware components...
initHardware(SIM): Initializing hardware components...
initHardware(SIM): Initializing hardware components...
initHardware(SIM): Initializing hardware components...
initHardware(SIM): Initializing hardware components...
initHardware(SIM): Initializing hardware components...
initHardware(SIM): Initializing hardware components.[0;33m[WW] ModuleManager: CHANGING UPDATE PERIOD: ![0m
[0;33m[WW] ModuleManager: CHANGING UPDATE PERIOD: ![0m
[0;33m[WW] ModuleManager: CHANGING UPDATE PERIOD: ![0m
[0;33m[WW] ModuleManager: CHANGING UPDATE PERIOD: ![0m
[0;33m[WW] ModuleManager: CHANGING UPDATE PERIOD: ![0m
[0;33m[WW] ModuleManager: CHANGING UPDATE PERIOD: ![0m
[0;33m[WW] ModuleManager: CHANGING UPDATE PERIOD: ![0m
[0;33m[WW] ModuleManager: CHANGING UPDATE PERIOD: ![0m
[0;33m[WW] ModuleManager: CHANGING UPDATE PERIOD: ![0m
[0;33m[WW] ModuleManager: CHANGING UPDATE PERIOD: ![0m
[0;33m[WW] ModuleManager: CHANGING UPDATE PERIOD: ![0m
[0;33m[WW] ModuleManager: CHANGING UPDATE PERIOD: ![0m
[0;33m[WW] ModuleManager: CHANGING UPDATE PERIOD: ![0m
[0;33m[WW] ModuleManager: CHANGING UPDATE PERIOD: ![0m
[0;33m[WW] ModuleManager: CHANGING UPDATE PERIOD: ![0m
[0;33m[WW] ModuleManager: CHANGING UPDATE PERIOD: ![0m
[0;33m[WW] ModuleManager: CHANGING UPDATE PERIOD: ![0m
[0;33m[WW] ModuleManager: CHANGING UPDATE PERIOD: ![0m
[0;33m[WW] ModuleManager: CHANGING UPDATE PERIOD: ![0m
[0;33m[WW] ModuleManager: CHANGING UPDATE PERIOD: ![0m
[0;33m[WW] ModuleManager: CHANGING UPDATE PERIOD: ![0m
[0;33m[WW] ModuleManager: CHANGING UPDATE PERIOD: ![0m
[0;33m[WW] ModuleManager: CHANGING UPDATE PERIOD: ![0m
[0;33m[WW] ModuleManager: CHANGING UPDATE PERIOD: ![0m
[0;33m[WW] ModuleManager: CHANGING UPDATE PERIOD: ![0m
[0;33m[WW] ModuleManager: CHANGING UPDATE PERIOD: ![0m
[0;33m[WW] ModuleManager: CHANGING UPDATE PERIOD: ![0m
[0;33m[WW] ModuleManager: CHANGING UPDATE PERIOD: ![0m
[0;33m[WW] ModuleManager: CHANGING UPDATE PERIOD: ![0m
[0;33m[WW] ModuleManager: CHANGING UPDATE PERIOD: ![0m
[0;33m[WW] ModuleManager: CHANGING UPDATE PERIOD: ![0m
[0;33m[WW] ModuleManager: CHANGING UPDATE PERIOD: ![0m
[0;33m[WW] ModuleManager: CHANGING UPDATE PERIOD: ![0m
[0;33m[WW] ModuleManager: CHANGING UPDATE PERIOD: ![0m
[0;33m[WW] ModuleManager: CHANGING UPDATE PERIOD: ![0m
[0;33m[WW] ModuleManager: CHANGING UPDATE PERIOD: ![0m
[0;33m[WW] ModuleManager: CHANGING UPDATE PERIOD: ![0m
[0;33m[WW] ModuleManager: CHANGING UPDATE PERIOD: ![0m
[0;33m[WW] ModuleManager: CHANGING UPDATE PERIOD: ![0m
[0;33m[WW] ModuleManager: CHANGING UPDATE PERIOD: ![0m
[0;33m[WW] ModuleManager: CHANGING UPDATE PERIOD: ![0m
[0;33m[WW] ModuleManager: CHANGING UPDATE PERIOD: ![0m
[0;33m[WW] ModuleManager: CHANGING UPDATE PERIOD: ![0m
[0;33m[WW] ModuleManager: CHANGING UPDATE PERIOD: ![0m
[0;33m[WW] ModuleManager: CHANGING UPDATE PERIOD: ![0m
[0;33m[WW] ModuleManager: CHANGING UPDATE PERIOD: ![0m
[0;33m[WW] ModuleManager: CHANGING UPDATE PERIOD: ![0m
[0;33m[WW] ModuleManager: CHANGING UPDATE PERIOD: ![0m
[0;33m[WW] ModuleManager: CHANGING UPDATE PERIOD: ![0m
[0;33m[WW] ModuleManager: CHANGING UPDATE PERIOD: ![0m
[0;33m[WW] ModuleManager: CHANGING UPDATE PERIOD: ![0m
[0;33m[WW] ModuleManager: CHANGING UPDATE PERIOD: ![0m
[0;33m[WW] ModuleManager: CHANGING UPDATE PERIOD: ![0m
[0;33m[WW] ModuleManager: CHANGING UPDATE PERIOD: ![0m
[0;33m[WW] ModuleManager: CHANGING UPDATE PERIOD: ![0m
[0;33m[WW] ModuleManager: CHANGING UPDATE PERIOD: ![0m
[0;33m[WW] ModuleManager: CHANGING UPDATE PERIOD: ![0m
[0;33m[WW] ModuleManager: CHANGING UPDATE PERIOD: ![0m
[0;33m[WW] ModuleManager: CHANGING UPDATE PERIOD: ![0m
[0;33m[WW] ModuleManager: CHANGING UPDATE PERIOD: ![0m
[0;33m[WW] ModuleManager: CHANGING UPDATE PERIOD: ![0m
[0;33m[WW] ModuleManager: CHANGING UPDATE PERIOD: ![0m
[0;33m[WW] ModuleManager: CHANGING UPDATE PERIOD: ![0m
[0;33m[WW] ModuleManager: CHANGING UPDATE PERIOD: ![0m
[0;33m[WW] ModuleManager: CHANGING UPDATE PERIOD: ![0m
[0;33m[WW] ModuleManager: CHANGING UPDATE PERIOD: ![0m
[0;33m[WW] ModuleManager: CHANGING UPDATE PERIOD: ![0m
[0;33m[WW] ModuleManager: CHANGING UPDATE PERIOD: ![0m
[0;33m[WW] ModuleManager: CHANGING UPDATE PERIOD: ![0m
[0;33m[WW] ModuleManager: CHANGING UPDATE PERIOD: ![0m
[0;33m[WW] ModuleManager: CHANGING UPDATE PERIOD: ![0m
[0;33m[WW] ModuleManager: CHANGING UPDATE PERIOD: ![0m
[0;33m[WW] ModuleManager: CHANGING UPDATE PERIOD: ![0m
[0;33m[WW] ModuleManager: CHANGING UPDATE PERIOD: ![0m
[0;33m[WW] ModuleManager: CHANGING UPDATE PERIOD: ![0m
..
initHardware(SIM): Initializing hardware components...
initHardware(SIM): Initializing hardware components...
initHardware(SIM): Initializing hardware components...
initHardware(SIM): Initializing hardware components...
initHardware(SIM): Initializing hardware components...
initHardware(SIM): Initializing hardware components...
initHardware(SIM): Initializing hardware components...
initHardware(SIM): Initializing hardware components...
initHardware(SIM): Initializing hardware components...
initHardware(SIM): Initializing hardware components...
initHardware(SIM): Initializing hardware components...
initHardware(SIM): Initializing hardware components...
initHardware(SIM): Initializing hardware components...
initHardware(SIM): Initializing hardware components...
initHardware(SIM): Initializing hardware components...
initHardware(SIM): Initializing hardware components...
initHardware(SIM): Initializing hardware components...
initHardware(SIM): Initializing hardware components...
initHardware(SIM): Initializing hardware components...
initHardware(SIM): Initializing hardware components...
initHardware(SIM): Initializing hardware components...
initHardware(SIM): Initializing hardware components...
initHardware(SIM): Initializing hardware components...
initHardware(SIM): Initializing hardware components...
initHardware(SIM): Initializing hardware components...
initHardware(SIM): Initializing hardware components...
initHardware(SIM): Initializing hardware components...
initHardware(SIM): Initializing hardware components...
initHardware(SIM): Initializing hardware components...
initHardware(SIM): Initializing hardware components...
initHardware(SIM): Initializing hardware components...
initHardware(SIM): Initializing hardware components...
initHardware(SIM): Initializing hardware components...
initHardware(SIM): Initializing hardware components...
initHardware(SIM): Initializing hardware components...
initHardware(SIM): Initializing hardware components...
initHardware(SIM): Initializing hardware components...
initHardware(SIM): Initializing hardware components...
initHardware(SIM): Initializing hardware components...
initHardware(SIM): Initializing hardware components...
initHardware(SIM): Initializing hardware components...
initHardware(SIM): Initializing hardware components...
initHardware(SIM): Initializing hardware components...
initHardware(SIM): Initializing hardware components...
initHardware(SIM): Initializing hardware components...
initHardware(SIM): Initializing hardware components...
initHardware(SIM): Initializing hardware components...
initHardware(SIM): Initializing hardware components...
initHardware(SIM): Initializing hardware components...
initHardware(SIM): Initializing hardware components...
initHardware(SIM): Initializing hardware components...
initHardware(SIM): Initializing hardware components...
initHardware(SIM): Initializing hardware components...
initHardware(SIM): Initializing hardware components...
initHardware(SIM): Initializing hardware components...
initHardware(SIM): Initializing hardware components...
initHardware(SIM): Initializing hardware components...
initHardware(SIM): Initializing hardware components...
initHardware(SIM): Initializing hardware components...
initHardware(SIM): Initializing hardware components...
initHardware(SIM): Initializing hardware components...
initHardware(SIM): Initializing hardware components...
initHardware(SIM): Initializing hardware components...
initHardware(SIM): Initializing hardware components...
initHardware(SIM): Initializing hardware components...
initHardware(SIM): Initializing hardware components...
initHardware(SIM): Initializing hardware components...
initHardware(SIM): Initializing hardware components...
initHardware(SIM): Initializing hardware components...
initHardware(SIM): Initializing hardware components...
initHardware(SIM): Initializing hardware components...
initHardware(SIM): Initializing hardware components...
initHardware(SIM): Initializing hardware components...
initHardware(SIM): Initializing hardware components...
initHardware(SIM): Init[0;33m[WW] ModuleManager: CHANGING UPDATE PERIOD: ![0m
[0;33m[WW] ModuleManager: CHANGING UPDATE PERIOD: ![0m
[0;33m[WW] ModuleManager: CHANGING UPDATE PERIOD: ![0m
[0;33m[WW] ModuleManager: CHANGING UPDATE PERIOD: ![0m
[0;33m[WW] ModuleManager: CHANGING UPDATE PERIOD: ![0m
[0;33m[WW] ModuleManager: CHANGING UPDATE PERIOD: ![0m
[0;33m[WW] ModuleManager: CHANGING UPDATE PERIOD: ![0m
[0;33m[WW] ModuleManager: CHANGING UPDATE PERIOD: ![0m
[0;33m[WW] ModuleManager: CHANGING UPDATE PERIOD: ![0m
[0;33m[WW] ModuleManager: CHANGING UPDATE PERIOD: ![0m
[0;33m[WW] ModuleManager: CHANGING UPDATE PERIOD: ![0m
[0;33m[WW] ModuleManager: CHANGING UPDATE PERIOD: ![0m
[0;33m[WW] ModuleManager: CHANGING UPDATE PERIOD: ![0m
[0;33m[WW] ModuleManager: CHANGING UPDATE PERIOD: ![0m
[0;33m[WW] ModuleManager: CHANGING UPDATE PERIOD: ![0m
[0;33m[WW] ModuleManager: CHANGING UPDATE PERIOD: ![0m
[0;33m[WW] ModuleManager: CHANGING UPDATE PERIOD: ![0m
[0;33m[WW] ModuleManager: CHANGING UPDATE PERIOD: ![0m
[0;33m[WW] ModuleManager: CHANGING UPDATE PERIOD: ![0m
[0;33m[WW] ModuleManager: CHANGING UPDATE PERIOD: ![0m
[0;33m[WW] ModuleManager: CHANGING UPDATE PERIOD: ![0m
[0;33m[WW] ModuleManager: CHANGING UPDATE PERIOD: ![0m
[0;33m[WW] ModuleManager: CHANGING UPDATE PERIOD: ![0m
[0;33m[WW] ModuleManager: CHANGING UPDATE PERIOD: ![0m
[0;33m[WW] ModuleManager: CHANGING UPDATE PERIOD: ![0m
[0;33m[WW] ModuleManager: CHANGING UPDATE PERIOD: ![0m
[0;33m[WW] ModuleManager: CHANGING UPDATE PERIOD: ![0m
[0;33m[WW] ModuleManager: CHANGING UPDATE PERIOD: ![0m
[0;33m[WW] ModuleManager: CHANGING UPDATE PERIOD: ![0m
[0;33m[WW] ModuleManager: CHANGING UPDATE PERIOD: ![0m
[0;33m[WW] ModuleManager: CHANGING UPDATE PERIOD: ![0m
[0;33m[WW] ModuleManager: CHANGING UPDATE PERIOD: ![0m
[0;33m[WW] ModuleManager: CHANGING UPDATE PERIOD: ![0m
/usr/local/lib/python3.10/dist-packages/stable_baselines3/common/vec_env/base_vec_env.py:78: UserWarning: The `render_mode` attribute is not defined in your environment. It will be set to None.
  warnings.warn("The `render_mode` attribute is not defined in your environment. It will be set to None.")
/usr/local/lib/python3.10/dist-packages/stable_baselines3/common/utils.py:166: UserWarning: get_schedule_fn() is deprecated, please use FloatSchedule() instead
  warnings.warn("get_schedule_fn() is deprecated, please use FloatSchedule() instead")
/usr/local/lib/python3.10/dist-packages/stable_baselines3/common/utils.py:212: UserWarning: constant_fn() is deprecated, please use ConstantSchedule() instead
  warnings.warn("constant_fn() is deprecated, please use ConstantSchedule() instead")
INFO:root:Overriding learning rate: 5e-06
INFO:root:Starting training...
Using GPU: False
Using VecNormalize wrapper...
Found existing model and continue_training=True. Continuing training.
Loading existing model from /app/envpool/data/beta/quadruped_ppo_model.zip
Loading VecNormalize statistics from /app/envpool/data/beta/quadruped_ppo_model_vecnormalize.pkl
Model loaded successfully. Continuing training...
Model hyperparameters: {'activation_fn': <class 'torch.nn.modules.activation.Tanh'>, 'net_arch': {'pi': [256, 128], 'vf': [256, 128]}, 'log_std_init': -3.0, 'full_std': False, 'use_expln': False}
---------------------------------
| rollout/           |          |
|    ep_len_mean     | 275      |
|    ep_rew_mean     | 9.98     |
| time/              |          |
|    fps             | 4136     |
|    iterations      | 1        |
|    time_elapsed    | 31       |
|    total_timesteps | 131072   |
---------------------------------
------------------------------------------
| rollout/                |              |
|    ep_len_mean          | 969          |
|    ep_rew_mean          | 42           |
| time/                   |              |
|    fps                  | 3181         |
|    iterations           | 2            |
|    time_elapsed         | 82           |
|    total_timesteps      | 262144       |
| train/                  |              |
|    approx_kl            | 0.0018776128 |
|    clip_fraction        | 0.0661       |
|    clip_range           | 0.1          |
|    clip_range_vf        | 0.2          |
|    entropy_loss         | 22.4         |
|    explained_variance   | 0.894        |
|    learning_rate        | 5e-06        |
|    loss                 | 1.39         |
|    n_updates            | 780          |
|    policy_gradient_loss | -0.00292     |
|    std                  | 0.0954       |
|    value_loss           | 0.28         |
------------------------------------------
------------------------------------------
| rollout/                |              |
|    ep_len_mean          | 664          |
|    ep_rew_mean          | 27.4         |
| time/                   |              |
|    fps                  | 2966         |
|    iterations           | 3            |
|    time_elapsed         | 132          |
|    total_timesteps      | 393216       |
| train/                  |              |
|    approx_kl            | 0.0020763557 |
|    clip_fraction        | 0.0774       |
|    clip_range           | 0.1          |
|    clip_range_vf        | 0.2          |
|    entropy_loss         | 22.3         |
|    explained_variance   | 0.706        |
|    learning_rate        | 5e-06        |
|    loss                 | 2.07         |
|    n_updates            | 790          |
|    policy_gradient_loss | -0.00238     |
|    std                  | 0.0959       |
|    value_loss           | 0.915        |
------------------------------------------
ializing hardware components...
initHardware(SIM): Initializing hardware components...
initHardware(SIM): Initializing hardware components...
initHardware(SIM): Initializing hardware components...
initHardware(SIM): Initializing hardware components...
initHardware(SIM): Initializing hardware components...
initHardware(SIM): Initializing hardware components...
initHardware(SIM): Initializing hardware components...
initHardware(SIM): Initializing hardware components...
initHardware(SIM): Initializing hardware components...
initHardware(SIM): Initializing hardware components...
initHardware(SIM): Initializing hardware components...
initHardware(SIM): Initializing hardware components...
initHardware(SIM): Initializing hardware components...
initHardware(SIM): Initializing hardware components...
initHardware(SIM): Initializing hardware components...
initHardware(SIM): Initializing hardware components...
initHardware(SIM): Initializing hardware components...
initHardware(SIM): Initializing hardware components...
initHardware(SIM): Initializing hardware components...
initHardware(SIM): Initializing hardware components...
initHardware(SIM): Initializing hardware components...
initHardware(SIM): Initializing hardware components...
initHardware(SIM): Initializing hardware components...
initHardware(SIM): Initializing hardware components...
initHardware(SIM): Initializing hardware components...
initHardware(SIM): Initializing hardware components...
initHardware(SIM): Initializing hardware components...
initHardware(SIM): Initializing hardware components...
initHardware(SIM): Initializing hardware components...
initHardware(SIM): Initializing hardware components...
initHardware(SIM): Initializing hardware components...
initHardware(SIM): Initializing hardware components...
[HumanoidEnv] Reset state env_id=0 z=0.299209 rpy=[0.00261822, -0.0016217, 0.000413396]
[HumanoidEnv] Reset state env_id=0 z=0.299091 rpy=[0.000179987, -0.00249788, 0.000566238]
[HumanoidEnv] unhealthy terminate at step=897 z=0.197729 rpy=[0.6729, -0.0806934, 0.585595] v_body=[1.00379, 0.421553, -1.02002]
------------------------------------------
| rollout/                |              |
|    ep_len_mean          | 927          |
|    ep_rew_mean          | 40.4         |
| time/                   |              |
|    fps                  | 2854         |
|    iterations           | 4            |
|    time_elapsed         | 183          |
|    total_timesteps      | 524288       |
| train/                  |              |
|    approx_kl            | 0.0020252224 |
|    clip_fraction        | 0.0748       |
|    clip_range           | 0.1          |
|    clip_range_vf        | 0.2          |
|    entropy_loss         | 22.2         |
|    explained_variance   | 0.816        |
|    learning_rate        | 5e-06        |
|    loss                 | 1.68         |
|    n_updates            | 800          |
|    policy_gradient_loss | -0.00254     |
|    std                  | 0.0963       |
|    value_loss           | 0.464        |
------------------------------------------
------------------------------------------
| rollout/                |              |
|    ep_len_mean          | 767          |
|    ep_rew_mean          | 32.1         |
| time/                   |              |
|    fps                  | 2788         |
|    iterations           | 5            |
|    time_elapsed         | 235          |
|    total_timesteps      | 655360       |
| train/                  |              |
|    approx_kl            | 0.0020177083 |
|    clip_fraction        | 0.0738       |
|    clip_range           | 0.1          |
|    clip_range_vf        | 0.2          |
|    entropy_loss         | 22           |
|    explained_variance   | 0.721        |
|    learning_rate        | 5e-06        |
|    loss                 | 2.23         |
|    n_updates            | 810          |
|    policy_gradient_loss | -0.00228     |
|    std                  | 0.0968       |
|    value_loss           | 0.838        |
------------------------------------------
------------------------------------------
| rollout/                |              |
|    ep_len_mean          | 849          |
|    ep_rew_mean          | 36.1         |
| time/                   |              |
|    fps                  | 2743         |
|    iterations           | 6            |
|    time_elapsed         | 286          |
|    total_timesteps      | 786432       |
| train/                  |              |
|    approx_kl            | 0.0020470165 |
|    clip_fraction        | 0.0742       |
|    clip_range           | 0.1          |
|    clip_range_vf        | 0.2          |
|    entropy_loss         | 21.9         |
|    explained_variance   | 0.786        |
|    learning_rate        | 5e-06        |
|    loss                 | 1.81         |
|    n_updates            | 820          |
|    policy_gradient_loss | -0.00233     |
|    std                  | 0.0972       |
|    value_loss           | 0.608        |
------------------------------------------
[HumanoidEnv] Reset state env_id=0 z=0.299236 rpy=[0.00153475, -0.00101829, 0.000761361]
[HumanoidEnv] Reset state env_id=0 z=0.299086 rpy=[0.00188477, -0.00298087, 0.000668847]
[HumanoidEnv] unhealthy terminate at step=645 z=0.199785 rpy=[0.485604, -0.331097, -3.10545] v_body=[0.563694, -0.705817, 0.0253952]
------------------------------------------
| rollout/                |              |
|    ep_len_mean          | 706          |
|    ep_rew_mean          | 28.9         |
| time/                   |              |
|    fps                  | 2709         |
|    iterations           | 7            |
|    time_elapsed         | 338          |
|    total_timesteps      | 917504       |
| train/                  |              |
|    approx_kl            | 0.0021560444 |
|    clip_fraction        | 0.081        |
|    clip_range           | 0.1          |
|    clip_range_vf        | 0.2          |
|    entropy_loss         | 21.8         |
|    explained_variance   | 0.778        |
|    learning_rate        | 5e-06        |
|    loss                 | 1.8          |
|    n_updates            | 830          |
|    policy_gradient_loss | -0.00266     |
|    std                  | 0.0977       |
|    value_loss           | 0.755        |
------------------------------------------
INFO:root:VecNormalize statistics saved at: /app/envpool/data/beta/quadruped_ppo_model_ckpt_vecnormalize.pkl
INFO:root:Model saved at: /app/envpool/data/beta/quadruped_ppo_model_ckpt.zip
INFO:root:Checkpoint written at 1000192 timesteps
------------------------------------------
| rollout/                |              |
|    ep_len_mean          | 817          |
|    ep_rew_mean          | 34.5         |
| time/                   |              |
|    fps                  | 2687         |
|    iterations           | 8            |
|    time_elapsed         | 390          |
|    total_timesteps      | 1048576      |
| train/                  |              |
|    approx_kl            | 0.0020609424 |
|    clip_fraction        | 0.0767       |
|    clip_range           | 0.1          |
|    clip_range_vf        | 0.2          |
|    entropy_loss         | 21.7         |
|    explained_variance   | 0.8          |
|    learning_rate        | 5e-06        |
|    loss                 | 1.66         |
|    n_updates            | 840          |
|    policy_gradient_loss | -0.00269     |
|    std                  | 0.0981       |
|    value_loss           | 0.671        |
------------------------------------------
------------------------------------------
| rollout/                |              |
|    ep_len_mean          | 736          |
|    ep_rew_mean          | 31.1         |
| time/                   |              |
|    fps                  | 2667         |
|    iterations           | 9            |
|    time_elapsed         | 442          |
|    total_timesteps      | 1179648      |
| train/                  |              |
|    approx_kl            | 0.0020876778 |
|    clip_fraction        | 0.0784       |
|    clip_range           | 0.1          |
|    clip_range_vf        | 0.2          |
|    entropy_loss         | 21.6         |
|    explained_variance   | 0.745        |
|    learning_rate        | 5e-06        |
|    loss                 | 1.8          |
|    n_updates            | 850          |
|    policy_gradient_loss | -0.00255     |
|    std                  | 0.0986       |
|    value_loss           | 0.703        |
------------------------------------------
[HumanoidEnv] Reset state env_id=0 z=0.299122 rpy=[0.00256063, -0.00263609, 0.000352395]
[HumanoidEnv] Reset state env_id=0 z=0.299101 rpy=[-0.00166621, -0.00245227, 0.000583633]
[HumanoidEnv] unhealthy terminate at step=138 z=0.198853 rpy=[-1.34236, -0.0794207, -0.327931] v_body=[0.487442, -0.877113, -1.31558]
-----------------------------------------
| rollout/                |             |
|    ep_len_mean          | 756         |
|    ep_rew_mean          | 32          |
| time/                   |             |
|    fps                  | 2654        |
|    iterations           | 10          |
|    time_elapsed         | 493         |
|    total_timesteps      | 1310720     |
| train/                  |             |
|    approx_kl            | 0.002058161 |
|    clip_fraction        | 0.0777      |
|    clip_range           | 0.1         |
|    clip_range_vf        | 0.2         |
|    entropy_loss         | 21.5        |
|    explained_variance   | 0.773       |
|    learning_rate        | 5e-06       |
|    loss                 | 1.84        |
|    n_updates            | 860         |
|    policy_gradient_loss | -0.00256    |
|    std                  | 0.099       |
|    value_loss           | 0.702       |
-----------------------------------------
------------------------------------------
| rollout/                |              |
|    ep_len_mean          | 800          |
|    ep_rew_mean          | 34.3         |
| time/                   |              |
|    fps                  | 2646         |
|    iterations           | 11           |
|    time_elapsed         | 544          |
|    total_timesteps      | 1441792      |
| train/                  |              |
|    approx_kl            | 0.0021167551 |
|    clip_fraction        | 0.0778       |
|    clip_range           | 0.1          |
|    clip_range_vf        | 0.2          |
|    entropy_loss         | 21.4         |
|    explained_variance   | 0.75         |
|    learning_rate        | 5e-06        |
|    loss                 | 1.6          |
|    n_updates            | 870          |
|    policy_gradient_loss | -0.00241     |
|    std                  | 0.0995       |
|    value_loss           | 0.701        |
------------------------------------------
[HumanoidEnv] Reset state env_id=0 z=0.299168 rpy=[-0.000160524, -0.00134869, 0.000445135]
[HumanoidEnv] Reset state env_id=0 z=0.299137 rpy=[0.00153606, -0.00224083, 0.000737668]
[HumanoidEnv] unhealthy terminate at step=371 z=0.198463 rpy=[-1.30287, 0.223617, 0.67575] v_body=[-0.138733, -0.521287, 0.225798]
------------------------------------------
| rollout/                |              |
|    ep_len_mean          | 774          |
|    ep_rew_mean          | 32.7         |
| time/                   |              |
|    fps                  | 2638         |
|    iterations           | 12           |
|    time_elapsed         | 596          |
|    total_timesteps      | 1572864      |
| train/                  |              |
|    approx_kl            | 0.0020569758 |
|    clip_fraction        | 0.0765       |
|    clip_range           | 0.1          |
|    clip_range_vf        | 0.2          |
|    entropy_loss         | 21.3         |
|    explained_variance   | 0.735        |
|    learning_rate        | 5e-06        |
|    loss                 | 1.74         |
|    n_updates            | 880          |
|    policy_gradient_loss | -0.0023      |
|    std                  | 0.0999       |
|    value_loss           | 0.685        |
------------------------------------------
-----------------------------------------
| rollout/                |             |
|    ep_len_mean          | 761         |
|    ep_rew_mean          | 32.1        |
| time/                   |             |
|    fps                  | 2633        |
|    iterations           | 13          |
|    time_elapsed         | 647         |
|    total_timesteps      | 1703936     |
| train/                  |             |
|    approx_kl            | 0.002128207 |
|    clip_fraction        | 0.0811      |
|    clip_range           | 0.1         |
|    clip_range_vf        | 0.2         |
|    entropy_loss         | 21.2        |
|    explained_variance   | 0.742       |
|    learning_rate        | 5e-06       |
|    loss                 | 1.87        |
|    n_updates            | 890         |
|    policy_gradient_loss | -0.00263    |
|    std                  | 0.1         |
|    value_loss           | 0.716       |
-----------------------------------------
------------------------------------------
| rollout/                |              |
|    ep_len_mean          | 789          |
|    ep_rew_mean          | 33.6         |
| time/                   |              |
|    fps                  | 2629         |
|    iterations           | 14           |
|    time_elapsed         | 697          |
|    total_timesteps      | 1835008      |
| train/                  |              |
|    approx_kl            | 0.0020612301 |
|    clip_fraction        | 0.0764       |
|    clip_range           | 0.1          |
|    clip_range_vf        | 0.2          |
|    entropy_loss         | 21.1         |
|    explained_variance   | 0.752        |
|    learning_rate        | 5e-06        |
|    loss                 | 1.69         |
|    n_updates            | 900          |
|    policy_gradient_loss | -0.00252     |
|    std                  | 0.101        |
|    value_loss           | 0.692        |
------------------------------------------
------------------------------------------
| rollout/                |              |
|    ep_len_mean          | 815          |
|    ep_rew_mean          | 34.5         |
| time/                   |              |
|    fps                  | 2623         |
|    iterations           | 15           |
|    time_elapsed         | 749          |
|    total_timesteps      | 1966080      |
| train/                  |              |
|    approx_kl            | 0.0020732384 |
|    clip_fraction        | 0.0745       |
|    clip_range           | 0.1          |
|    clip_range_vf        | 0.2          |
|    entropy_loss         | 20.9         |
|    explained_variance   | 0.74         |
|    learning_rate        | 5e-06        |
|    loss                 | 1.77         |
|    n_updates            | 910          |
|    policy_gradient_loss | -0.00245     |
|    std                  | 0.101        |
|    value_loss           | 0.709        |
------------------------------------------
[HumanoidEnv] Reset state env_id=0 z=0.29925 rpy=[-0.00105213, -0.000211669, 0.000598964]
[HumanoidEnv] Reset state env_id=0 z=0.299186 rpy=[-0.00111174, -0.00120197, 0.000554793]
[HumanoidEnv] unhealthy terminate at step=753 z=0.189636 rpy=[1.07489, 0.0446887, -0.293219] v_body=[0.423009, 1.16602, -1.22273]
INFO:root:VecNormalize statistics saved at: /app/envpool/data/beta/quadruped_ppo_model_ckpt_vecnormalize.pkl
INFO:root:Model saved at: /app/envpool/data/beta/quadruped_ppo_model_ckpt.zip
INFO:root:Checkpoint written at 2000384 timesteps
-----------------------------------------
| rollout/                |             |
|    ep_len_mean          | 786         |
|    ep_rew_mean          | 33.5        |
| time/                   |             |
|    fps                  | 2620        |
|    iterations           | 16          |
|    time_elapsed         | 800         |
|    total_timesteps      | 2097152     |
| train/                  |             |
|    approx_kl            | 0.002048747 |
|    clip_fraction        | 0.0754      |
|    clip_range           | 0.1         |
|    clip_range_vf        | 0.2         |
|    entropy_loss         | 20.8        |
|    explained_variance   | 0.742       |
|    learning_rate        | 5e-06       |
|    loss                 | 1.75        |
|    n_updates            | 920         |
|    policy_gradient_loss | -0.00245    |
|    std                  | 0.102       |
|    value_loss           | 0.671       |
-----------------------------------------
------------------------------------------
| rollout/                |              |
|    ep_len_mean          | 740          |
|    ep_rew_mean          | 31.1         |
| time/                   |              |
|    fps                  | 2617         |
|    iterations           | 17           |
|    time_elapsed         | 851          |
|    total_timesteps      | 2228224      |
| train/                  |              |
|    approx_kl            | 0.0020908923 |
|    clip_fraction        | 0.0764       |
|    clip_range           | 0.1          |
|    clip_range_vf        | 0.2          |
|    entropy_loss         | 20.7         |
|    explained_variance   | 0.732        |
|    learning_rate        | 5e-06        |
|    loss                 | 1.76         |
|    n_updates            | 930          |
|    policy_gradient_loss | -0.00243     |
|    std                  | 0.102        |
|    value_loss           | 0.732        |
------------------------------------------
------------------------------------------
| rollout/                |              |
|    ep_len_mean          | 775          |
|    ep_rew_mean          | 32.6         |
| time/                   |              |
|    fps                  | 2614         |
|    iterations           | 18           |
|    time_elapsed         | 902          |
|    total_timesteps      | 2359296      |
| train/                  |              |
|    approx_kl            | 0.0020567174 |
|    clip_fraction        | 0.0777       |
|    clip_range           | 0.1          |
|    clip_range_vf        | 0.2          |
|    entropy_loss         | 20.6         |
|    explained_variance   | 0.76         |
|    learning_rate        | 5e-06        |
|    loss                 | 1.76         |
|    n_updates            | 940          |
|    policy_gradient_loss | -0.0026      |
|    std                  | 0.103        |
|    value_loss           | 0.648        |
------------------------------------------
-----------------------------------------
| rollout/                |             |
|    ep_len_mean          | 832         |
|    ep_rew_mean          | 35.6        |
| time/                   |             |
|    fps                  | 2612        |
|    iterations           | 19          |
|    time_elapsed         | 953         |
|    total_timesteps      | 2490368     |
| train/                  |             |
|    approx_kl            | 0.002035434 |
|    clip_fraction        | 0.0753      |
|    clip_range           | 0.1         |
|    clip_range_vf        | 0.2         |
|    entropy_loss         | 20.5        |
|    explained_variance   | 0.771       |
|    learning_rate        | 5e-06       |
|    loss                 | 1.95        |
|    n_updates            | 950         |
|    policy_gradient_loss | -0.00246    |
|    std                  | 0.103       |
|    value_loss           | 0.731       |
-----------------------------------------
------------------------------------------
| rollout/                |              |
|    ep_len_mean          | 798          |
|    ep_rew_mean          | 33.8         |
| time/                   |              |
|    fps                  | 2610         |
|    iterations           | 20           |
|    time_elapsed         | 1004         |
|    total_timesteps      | 2621440      |
| train/                  |              |
|    approx_kl            | 0.0020249987 |
|    clip_fraction        | 0.0741       |
|    clip_range           | 0.1          |
|    clip_range_vf        | 0.2          |
|    entropy_loss         | 20.4         |
|    explained_variance   | 0.742        |
|    learning_rate        | 5e-06        |
|    loss                 | 1.51         |
|    n_updates            | 960          |
|    policy_gradient_loss | -0.00239     |
|    std                  | 0.104        |
|    value_loss           | 0.647        |
------------------------------------------
------------------------------------------
| rollout/                |              |
|    ep_len_mean          | 759          |
|    ep_rew_mean          | 32.1         |
| time/                   |              |
|    fps                  | 2608         |
|    iterations           | 21           |
|    time_elapsed         | 1055         |
|    total_timesteps      | 2752512      |
| train/                  |              |
|    approx_kl            | 0.0021038805 |
|    clip_fraction        | 0.0761       |
|    clip_range           | 0.1          |
|    clip_range_vf        | 0.2          |
|    entropy_loss         | 20.3         |
|    explained_variance   | 0.744        |
|    learning_rate        | 5e-06        |
|    loss                 | 1.69         |
|    n_updates            | 970          |
|    policy_gradient_loss | -0.0025      |
|    std                  | 0.104        |
|    value_loss           | 0.736        |
------------------------------------------
------------------------------------------
| rollout/                |              |
|    ep_len_mean          | 832          |
|    ep_rew_mean          | 35.5         |
| time/                   |              |
|    fps                  | 2607         |
|    iterations           | 22           |
|    time_elapsed         | 1105         |
|    total_timesteps      | 2883584      |
| train/                  |              |
|    approx_kl            | 0.0019900622 |
|    clip_fraction        | 0.071        |
|    clip_range           | 0.1          |
|    clip_range_vf        | 0.2          |
|    entropy_loss         | 20.2         |
|    explained_variance   | 0.74         |
|    learning_rate        | 5e-06        |
|    loss                 | 1.71         |
|    n_updates            | 980          |
|    policy_gradient_loss | -0.00243     |
|    std                  | 0.105        |
|    value_loss           | 0.679        |
------------------------------------------
INFO:root:VecNormalize statistics saved at: /app/envpool/data/beta/quadruped_ppo_model_ckpt_vecnormalize.pkl
INFO:root:Model saved at: /app/envpool/data/beta/quadruped_ppo_model_ckpt.zip
INFO:root:Checkpoint written at 3000576 timesteps
------------------------------------------
| rollout/                |              |
|    ep_len_mean          | 756          |
|    ep_rew_mean          | 32.1         |
| time/                   |              |
|    fps                  | 2605         |
|    iterations           | 23           |
|    time_elapsed         | 1157         |
|    total_timesteps      | 3014656      |
| train/                  |              |
|    approx_kl            | 0.0020586585 |
|    clip_fraction        | 0.0749       |
|    clip_range           | 0.1          |
|    clip_range_vf        | 0.2          |
|    entropy_loss         | 20.1         |
|    explained_variance   | 0.72         |
|    learning_rate        | 5e-06        |
|    loss                 | 1.7          |
|    n_updates            | 990          |
|    policy_gradient_loss | -0.00239     |
|    std                  | 0.105        |
|    value_loss           | 0.72         |
------------------------------------------
------------------------------------------
| rollout/                |              |
|    ep_len_mean          | 790          |
|    ep_rew_mean          | 33.5         |
| time/                   |              |
|    fps                  | 2603         |
|    iterations           | 24           |
|    time_elapsed         | 1208         |
|    total_timesteps      | 3145728      |
| train/                  |              |
|    approx_kl            | 0.0020803297 |
|    clip_fraction        | 0.0767       |
|    clip_range           | 0.1          |
|    clip_range_vf        | 0.2          |
|    entropy_loss         | 20           |
|    explained_variance   | 0.751        |
|    learning_rate        | 5e-06        |
|    loss                 | 1.74         |
|    n_updates            | 1000         |
|    policy_gradient_loss | -0.00245     |
|    std                  | 0.106        |
|    value_loss           | 0.714        |
------------------------------------------
[HumanoidEnv] Reset state env_id=0 z=0.299096 rpy=[0.00177512, -0.00269231, 0.00028364]
[HumanoidEnv] Reset state env_id=0 z=0.299128 rpy=[0.00164183, -0.00232909, 0.000576873]
[HumanoidEnv] Reset state env_id=0 z=0.299239 rpy=[-0.00241252, -0.000622468, 0.000732559]
[HumanoidEnv] Reset state env_id=0 z=0.299195 rpy=[-0.00189937, -0.0013121, 0.000960189]
[HumanoidEnv] Reset state env_id=0 z=0.299269 rpy=[-0.00106719, -9.72755e-06, 0.000639575]
[HumanoidEnv] unhealthy terminate at step=651 z=0.197056 rpy=[-0.90162, 0.324004, 0.895344] v_body=[-0.147661, 0.258792, -0.488109]
------------------------------------------
| rollout/                |              |
|    ep_len_mean          | 825          |
|    ep_rew_mean          | 35           |
| time/                   |              |
|    fps                  | 2602         |
|    iterations           | 25           |
|    time_elapsed         | 1258         |
|    total_timesteps      | 3276800      |
| train/                  |              |
|    approx_kl            | 0.0020395364 |
|    clip_fraction        | 0.0714       |
|    clip_range           | 0.1          |
|    clip_range_vf        | 0.2          |
|    entropy_loss         | 19.9         |
|    explained_variance   | 0.748        |
|    learning_rate        | 5e-06        |
|    loss                 | 1.59         |
|    n_updates            | 1010         |
|    policy_gradient_loss | -0.00231     |
|    std                  | 0.106        |
|    value_loss           | 0.683        |
------------------------------------------
-----------------------------------------
| rollout/                |             |
|    ep_len_mean          | 785         |
|    ep_rew_mean          | 33.4        |
| time/                   |             |
|    fps                  | 2601        |
|    iterations           | 26          |
|    time_elapsed         | 1309        |
|    total_timesteps      | 3407872     |
| train/                  |             |
|    approx_kl            | 0.002044812 |
|    clip_fraction        | 0.0715      |
|    clip_range           | 0.1         |
|    clip_range_vf        | 0.2         |
|    entropy_loss         | 19.7        |
|    explained_variance   | 0.72        |
|    learning_rate        | 5e-06       |
|    loss                 | 1.66        |
|    n_updates            | 1020        |
|    policy_gradient_loss | -0.00231    |
|    std                  | 0.107       |
|    value_loss           | 0.703       |
-----------------------------------------
------------------------------------------
| rollout/                |              |
|    ep_len_mean          | 780          |
|    ep_rew_mean          | 33.2         |
| time/                   |              |
|    fps                  | 2600         |
|    iterations           | 27           |
|    time_elapsed         | 1360         |
|    total_timesteps      | 3538944      |
| train/                  |              |
|    approx_kl            | 0.0019811618 |
|    clip_fraction        | 0.0706       |
|    clip_range           | 0.1          |
|    clip_range_vf        | 0.2          |
|    entropy_loss         | 19.6         |
|    explained_variance   | 0.756        |
|    learning_rate        | 5e-06        |
|    loss                 | 1.61         |
|    n_updates            | 1030         |
|    policy_gradient_loss | -0.00232     |
|    std                  | 0.107        |
|    value_loss           | 0.716        |
------------------------------------------
------------------------------------------
| rollout/                |              |
|    ep_len_mean          | 837          |
|    ep_rew_mean          | 35.7         |
| time/                   |              |
|    fps                  | 2600         |
|    iterations           | 28           |
|    time_elapsed         | 1411         |
|    total_timesteps      | 3670016      |
| train/                  |              |
|    approx_kl            | 0.0020109247 |
|    clip_fraction        | 0.0722       |
|    clip_range           | 0.1          |
|    clip_range_vf        | 0.2          |
|    entropy_loss         | 19.5         |
|    explained_variance   | 0.755        |
|    learning_rate        | 5e-06        |
|    loss                 | 1.63         |
|    n_updates            | 1040         |
|    policy_gradient_loss | -0.00226     |
|    std                  | 0.108        |
|    value_loss           | 0.688        |
------------------------------------------
[HumanoidEnv] Reset state env_id=0 z=0.299299 rpy=[-0.00263047, 0.000362241, 0.000658104]
[HumanoidEnv] Reset state env_id=0 z=0.299291 rpy=[-0.00199455, 0.000251177, 0.0010909]
[HumanoidEnv] Reset state env_id=0 z=0.299082 rpy=[0.00202393, -0.00293814, 0.000257906]
[HumanoidEnv] unhealthy terminate at step=116 z=0.199511 rpy=[-1.59488, 0.134614, -3.01078] v_body=[-1.22299, 0.243455, 0.123497]
------------------------------------------
| rollout/                |              |
|    ep_len_mean          | 798          |
|    ep_rew_mean          | 34           |
| time/                   |              |
|    fps                  | 2598         |
|    iterations           | 29           |
|    time_elapsed         | 1462         |
|    total_timesteps      | 3801088      |
| train/                  |              |
|    approx_kl            | 0.0020760545 |
|    clip_fraction        | 0.0732       |
|    clip_range           | 0.1          |
|    clip_range_vf        | 0.2          |
|    entropy_loss         | 19.4         |
|    explained_variance   | 0.705        |
|    learning_rate        | 5e-06        |
|    loss                 | 1.67         |
|    n_updates            | 1050         |
|    policy_gradient_loss | -0.0023      |
|    std                  | 0.108        |
|    value_loss           | 0.746        |
------------------------------------------
------------------------------------------
| rollout/                |              |
|    ep_len_mean          | 779          |
|    ep_rew_mean          | 33.1         |
| time/                   |              |
|    fps                  | 2597         |
|    iterations           | 30           |
|    time_elapsed         | 1513         |
|    total_timesteps      | 3932160      |
| train/                  |              |
|    approx_kl            | 0.0020979154 |
|    clip_fraction        | 0.0755       |
|    clip_range           | 0.1          |
|    clip_range_vf        | 0.2          |
|    entropy_loss         | 19.3         |
|    explained_variance   | 0.731        |
|    learning_rate        | 5e-06        |
|    loss                 | 1.55         |
|    n_updates            | 1060         |
|    policy_gradient_loss | -0.00245     |
|    std                  | 0.109        |
|    value_loss           | 0.71         |
------------------------------------------
INFO:root:VecNormalize statistics saved at: /app/envpool/data/beta/quadruped_ppo_model_ckpt_vecnormalize.pkl
INFO:root:Model saved at: /app/envpool/data/beta/quadruped_ppo_model_ckpt.zip
INFO:root:Checkpoint written at 4000768 timesteps
[HumanoidEnv] Reset state env_id=0 z=0.299147 rpy=[-3.37918e-05, -0.00187681, 0.000834602]
[HumanoidEnv] Reset state env_id=0 z=0.2991 rpy=[0.00162591, -0.00272376, 0.000720026]
[HumanoidEnv] unhealthy terminate at step=191 z=0.192509 rpy=[-0.935403, 0.296154, 0.474403] v_body=[0.782766, -1.07764, -0.409139]
------------------------------------------
| rollout/                |              |
|    ep_len_mean          | 803          |
|    ep_rew_mean          | 34.4         |
| time/                   |              |
|    fps                  | 2597         |
|    iterations           | 31           |
|    time_elapsed         | 1564         |
|    total_timesteps      | 4063232      |
| train/                  |              |
|    approx_kl            | 0.0020428894 |
|    clip_fraction        | 0.0728       |
|    clip_range           | 0.1          |
|    clip_range_vf        | 0.2          |
|    entropy_loss         | 19.2         |
|    explained_variance   | 0.758        |
|    learning_rate        | 5e-06        |
|    loss                 | 1.71         |
|    n_updates            | 1070         |
|    policy_gradient_loss | -0.00247     |
|    std                  | 0.109        |
|    value_loss           | 0.718        |
------------------------------------------
------------------------------------------
| rollout/                |              |
|    ep_len_mean          | 812          |
|    ep_rew_mean          | 34.9         |
| time/                   |              |
|    fps                  | 2596         |
|    iterations           | 32           |
|    time_elapsed         | 1615         |
|    total_timesteps      | 4194304      |
| train/                  |              |
|    approx_kl            | 0.0021002567 |
|    clip_fraction        | 0.0782       |
|    clip_range           | 0.1          |
|    clip_range_vf        | 0.2          |
|    entropy_loss         | 19.1         |
|    explained_variance   | 0.748        |
|    learning_rate        | 5e-06        |
|    loss                 | 1.55         |
|    n_updates            | 1080         |
|    policy_gradient_loss | -0.00266     |
|    std                  | 0.11         |
|    value_loss           | 0.67         |
------------------------------------------
[HumanoidEnv] Reset state env_id=0 z=0.299163 rpy=[-0.00233471, -0.0017759, 0.000547046]
[HumanoidEnv] unhealthy terminate at step=833 z=0.19919 rpy=[2.01426, 0.211132, 0.133397] v_body=[-0.653288, 0.504162, -0.129819]
-----------------------------------------
| rollout/                |             |
|    ep_len_mean          | 807         |
|    ep_rew_mean          | 34.5        |
| time/                   |             |
|    fps                  | 2595        |
|    iterations           | 33          |
|    time_elapsed         | 1666        |
|    total_timesteps      | 4325376     |
| train/                  |             |
|    approx_kl            | 0.002075914 |
|    clip_fraction        | 0.0756      |
|    clip_range           | 0.1         |
|    clip_range_vf        | 0.2         |
|    entropy_loss         | 19          |
|    explained_variance   | 0.736       |
|    learning_rate        | 5e-06       |
|    loss                 | 1.57        |
|    n_updates            | 1090        |
|    policy_gradient_loss | -0.00248    |
|    std                  | 0.11        |
|    value_loss           | 0.71        |
-----------------------------------------
------------------------------------------
| rollout/                |              |
|    ep_len_mean          | 847          |
|    ep_rew_mean          | 36.2         |
| time/                   |              |
|    fps                  | 2595         |
|    iterations           | 34           |
|    time_elapsed         | 1717         |
|    total_timesteps      | 4456448      |
| train/                  |              |
|    approx_kl            | 0.0020600436 |
|    clip_fraction        | 0.0731       |
|    clip_range           | 0.1          |
|    clip_range_vf        | 0.2          |
|    entropy_loss         | 18.9         |
|    explained_variance   | 0.724        |
|    learning_rate        | 5e-06        |
|    loss                 | 1.86         |
|    n_updates            | 1100         |
|    policy_gradient_loss | -0.00247     |
|    std                  | 0.111        |
|    value_loss           | 0.71         |
------------------------------------------
-----------------------------------------
| rollout/                |             |
|    ep_len_mean          | 796         |
|    ep_rew_mean          | 34.1        |
| time/                   |             |
|    fps                  | 2595        |
|    iterations           | 35          |
|    time_elapsed         | 1767        |
|    total_timesteps      | 4587520     |
| train/                  |             |
|    approx_kl            | 0.002015741 |
|    clip_fraction        | 0.0718      |
|    clip_range           | 0.1         |
|    clip_range_vf        | 0.2         |
|    entropy_loss         | 18.7        |
|    explained_variance   | 0.703       |
|    learning_rate        | 5e-06       |
|    loss                 | 1.59        |
|    n_updates            | 1110        |
|    policy_gradient_loss | -0.00228    |
|    std                  | 0.111       |
|    value_loss           | 0.717       |
-----------------------------------------
------------------------------------------
| rollout/                |              |
|    ep_len_mean          | 848          |
|    ep_rew_mean          | 36.7         |
| time/                   |              |
|    fps                  | 2594         |
|    iterations           | 36           |
|    time_elapsed         | 1818         |
|    total_timesteps      | 4718592      |
| train/                  |              |
|    approx_kl            | 0.0020074896 |
|    clip_fraction        | 0.0715       |
|    clip_range           | 0.1          |
|    clip_range_vf        | 0.2          |
|    entropy_loss         | 18.6         |
|    explained_variance   | 0.729        |
|    learning_rate        | 5e-06        |
|    loss                 | 1.57         |
|    n_updates            | 1120         |
|    policy_gradient_loss | -0.00242     |
|    std                  | 0.112        |
|    value_loss           | 0.696        |
------------------------------------------
------------------------------------------
| rollout/                |              |
|    ep_len_mean          | 826          |
|    ep_rew_mean          | 35.2         |
| time/                   |              |
|    fps                  | 2593         |
|    iterations           | 37           |
|    time_elapsed         | 1869         |
|    total_timesteps      | 4849664      |
| train/                  |              |
|    approx_kl            | 0.0021454354 |
|    clip_fraction        | 0.0791       |
|    clip_range           | 0.1          |
|    clip_range_vf        | 0.2          |
|    entropy_loss         | 18.5         |
|    explained_variance   | 0.684        |
|    learning_rate        | 5e-06        |
|    loss                 | 1.63         |
|    n_updates            | 1130         |
|    policy_gradient_loss | -0.00246     |
|    std                  | 0.112        |
|    value_loss           | 0.729        |
------------------------------------------
[HumanoidEnv] Reset state env_id=0 z=0.299183 rpy=[0.00261472, -0.00192032, 0.000406142]
[HumanoidEnv] Reset state env_id=0 z=0.299155 rpy=[-0.0010511, -0.00171606, 0.000670098]
[HumanoidEnv] Reset state env_id=0 z=0.299103 rpy=[-0.00196075, -0.00248106, 0.000488851]
[HumanoidEnv] unhealthy terminate at step=568 z=0.197791 rpy=[0.154635, -0.556049, -2.50759] v_body=[-1.08721, -0.0362132, -0.26908]
------------------------------------------
| rollout/                |              |
|    ep_len_mean          | 833          |
|    ep_rew_mean          | 35.5         |
| time/                   |              |
|    fps                  | 2593         |
|    iterations           | 38           |
|    time_elapsed         | 1920         |
|    total_timesteps      | 4980736      |
| train/                  |              |
|    approx_kl            | 0.0020359568 |
|    clip_fraction        | 0.0735       |
|    clip_range           | 0.1          |
|    clip_range_vf        | 0.2          |
|    entropy_loss         | 18.4         |
|    explained_variance   | 0.721        |
|    learning_rate        | 5e-06        |
|    loss                 | 1.78         |
|    n_updates            | 1140         |
|    policy_gradient_loss | -0.0025      |
|    std                  | 0.113        |
|    value_loss           | 0.706        |
------------------------------------------
INFO:root:VecNormalize statistics saved at: /app/envpool/data/beta/quadruped_ppo_model_ckpt_vecnormalize.pkl
INFO:root:Model saved at: /app/envpool/data/beta/quadruped_ppo_model_ckpt.zip
INFO:root:Checkpoint written at 5000960 timesteps
------------------------------------------
| rollout/                |              |
|    ep_len_mean          | 812          |
|    ep_rew_mean          | 34.8         |
| time/                   |              |
|    fps                  | 2592         |
|    iterations           | 39           |
|    time_elapsed         | 1971         |
|    total_timesteps      | 5111808      |
| train/                  |              |
|    approx_kl            | 0.0020931186 |
|    clip_fraction        | 0.0752       |
|    clip_range           | 0.1          |
|    clip_range_vf        | 0.2          |
|    entropy_loss         | 18.3         |
|    explained_variance   | 0.7          |
|    learning_rate        | 5e-06        |
|    loss                 | 1.55         |
|    n_updates            | 1150         |
|    policy_gradient_loss | -0.00243     |
|    std                  | 0.113        |
|    value_loss           | 0.688        |
------------------------------------------
------------------------------------------
| rollout/                |              |
|    ep_len_mean          | 834          |
|    ep_rew_mean          | 35.8         |
| time/                   |              |
|    fps                  | 2592         |
|    iterations           | 40           |
|    time_elapsed         | 2022         |
|    total_timesteps      | 5242880      |
| train/                  |              |
|    approx_kl            | 0.0020877258 |
|    clip_fraction        | 0.0759       |
|    clip_range           | 0.1          |
|    clip_range_vf        | 0.2          |
|    entropy_loss         | 18.2         |
|    explained_variance   | 0.727        |
|    learning_rate        | 5e-06        |
|    loss                 | 1.56         |
|    n_updates            | 1160         |
|    policy_gradient_loss | -0.00243     |
|    std                  | 0.114        |
|    value_loss           | 0.756        |
------------------------------------------
[HumanoidEnv] Reset state env_id=0 z=0.299192 rpy=[0.00306216, -0.00211593, 0.000634444]
[HumanoidEnv] Reset state env_id=0 z=0.29923 rpy=[0.00179993, -0.00107362, 0.000474053]
[HumanoidEnv] unhealthy terminate at step=558 z=0.196351 rpy=[-1.57808, 0.204339, -0.16804] v_body=[-0.915794, -0.507682, -0.560772]
------------------------------------------
| rollout/                |              |
|    ep_len_mean          | 805          |
|    ep_rew_mean          | 34.6         |
| time/                   |              |
|    fps                  | 2591         |
|    iterations           | 41           |
|    time_elapsed         | 2073         |
|    total_timesteps      | 5373952      |
| train/                  |              |
|    approx_kl            | 0.0021694936 |
|    clip_fraction        | 0.08         |
|    clip_range           | 0.1          |
|    clip_range_vf        | 0.2          |
|    entropy_loss         | 18.1         |
|    explained_variance   | 0.731        |
|    learning_rate        | 5e-06        |
|    loss                 | 1.53         |
|    n_updates            | 1170         |
|    policy_gradient_loss | -0.00254     |
|    std                  | 0.114        |
|    value_loss           | 0.696        |
------------------------------------------
[HumanoidEnv] Reset state env_id=0 z=0.299111 rpy=[-0.00189016, -0.00242827, 0.000784899]
[HumanoidEnv] unhealthy terminate at step=631 z=0.190023 rpy=[1.12881, -0.156571, 0.000680728] v_body=[1.32075, 1.43908, -0.685599]
-----------------------------------------
| rollout/                |             |
|    ep_len_mean          | 784         |
|    ep_rew_mean          | 33.3        |
| time/                   |             |
|    fps                  | 2591        |
|    iterations           | 42          |
|    time_elapsed         | 2124        |
|    total_timesteps      | 5505024     |
| train/                  |             |
|    approx_kl            | 0.002052435 |
|    clip_fraction        | 0.073       |
|    clip_range           | 0.1         |
|    clip_range_vf        | 0.2         |
|    entropy_loss         | 18          |
|    explained_variance   | 0.728       |
|    learning_rate        | 5e-06       |
|    loss                 | 1.54        |
|    n_updates            | 1180        |
|    policy_gradient_loss | -0.00233    |
|    std                  | 0.115       |
|    value_loss           | 0.732       |
-----------------------------------------
------------------------------------------
| rollout/                |              |
|    ep_len_mean          | 815          |
|    ep_rew_mean          | 34.8         |
| time/                   |              |
|    fps                  | 2591         |
|    iterations           | 43           |
|    time_elapsed         | 2175         |
|    total_timesteps      | 5636096      |
| train/                  |              |
|    approx_kl            | 0.0021498282 |
|    clip_fraction        | 0.0777       |
|    clip_range           | 0.1          |
|    clip_range_vf        | 0.2          |
|    entropy_loss         | 17.9         |
|    explained_variance   | 0.764        |
|    learning_rate        | 5e-06        |
|    loss                 | 1.65         |
|    n_updates            | 1190         |
|    policy_gradient_loss | -0.00256     |
|    std                  | 0.115        |
|    value_loss           | 0.723        |
------------------------------------------
------------------------------------------
| rollout/                |              |
|    ep_len_mean          | 828          |
|    ep_rew_mean          | 35.7         |
| time/                   |              |
|    fps                  | 2590         |
|    iterations           | 44           |
|    time_elapsed         | 2225         |
|    total_timesteps      | 5767168      |
| train/                  |              |
|    approx_kl            | 0.0021240173 |
|    clip_fraction        | 0.0773       |
|    clip_range           | 0.1          |
|    clip_range_vf        | 0.2          |
|    entropy_loss         | 17.8         |
|    explained_variance   | 0.728        |
|    learning_rate        | 5e-06        |
|    loss                 | 1.55         |
|    n_updates            | 1200         |
|    policy_gradient_loss | -0.00264     |
|    std                  | 0.116        |
|    value_loss           | 0.69         |
------------------------------------------
------------------------------------------
| rollout/                |              |
|    ep_len_mean          | 813          |
|    ep_rew_mean          | 35           |
| time/                   |              |
|    fps                  | 2590         |
|    iterations           | 45           |
|    time_elapsed         | 2276         |
|    total_timesteps      | 5898240      |
| train/                  |              |
|    approx_kl            | 0.0020608194 |
|    clip_fraction        | 0.0723       |
|    clip_range           | 0.1          |
|    clip_range_vf        | 0.2          |
|    entropy_loss         | 17.6         |
|    explained_variance   | 0.693        |
|    learning_rate        | 5e-06        |
|    loss                 | 1.56         |
|    n_updates            | 1210         |
|    policy_gradient_loss | -0.0023      |
|    std                  | 0.116        |
|    value_loss           | 0.747        |
------------------------------------------
INFO:root:VecNormalize statistics saved at: /app/envpool/data/beta/quadruped_ppo_model_ckpt_vecnormalize.pkl
INFO:root:Model saved at: /app/envpool/data/beta/quadruped_ppo_model_ckpt.zip
INFO:root:Checkpoint written at 6001152 timesteps
-----------------------------------------
| rollout/                |             |
|    ep_len_mean          | 845         |
|    ep_rew_mean          | 36.5        |
| time/                   |             |
|    fps                  | 2590        |
|    iterations           | 46          |
|    time_elapsed         | 2327        |
|    total_timesteps      | 6029312     |
| train/                  |             |
|    approx_kl            | 0.002141343 |
|    clip_fraction        | 0.0767      |
|    clip_range           | 0.1         |
|    clip_range_vf        | 0.2         |
|    entropy_loss         | 17.5        |
|    explained_variance   | 0.726       |
|    learning_rate        | 5e-06       |
|    loss                 | 1.53        |
|    n_updates            | 1220        |
|    policy_gradient_loss | -0.00249    |
|    std                  | 0.117       |
|    value_loss           | 0.679       |
-----------------------------------------
------------------------------------------
| rollout/                |              |
|    ep_len_mean          | 820          |
|    ep_rew_mean          | 35           |
| time/                   |              |
|    fps                  | 2590         |
|    iterations           | 47           |
|    time_elapsed         | 2378         |
|    total_timesteps      | 6160384      |
| train/                  |              |
|    approx_kl            | 0.0021071683 |
|    clip_fraction        | 0.0738       |
|    clip_range           | 0.1          |
|    clip_range_vf        | 0.2          |
|    entropy_loss         | 17.4         |
|    explained_variance   | 0.727        |
|    learning_rate        | 5e-06        |
|    loss                 | 1.49         |
|    n_updates            | 1230         |
|    policy_gradient_loss | -0.00254     |
|    std                  | 0.117        |
|    value_loss           | 0.758        |
------------------------------------------
------------------------------------------
| rollout/                |              |
|    ep_len_mean          | 850          |
|    ep_rew_mean          | 36.9         |
| time/                   |              |
|    fps                  | 2589         |
|    iterations           | 48           |
|    time_elapsed         | 2429         |
|    total_timesteps      | 6291456      |
| train/                  |              |
|    approx_kl            | 0.0020254792 |
|    clip_fraction        | 0.073        |
|    clip_range           | 0.1          |
|    clip_range_vf        | 0.2          |
|    entropy_loss         | 17.3         |
|    explained_variance   | 0.744        |
|    learning_rate        | 5e-06        |
|    loss                 | 1.67         |
|    n_updates            | 1240         |
|    policy_gradient_loss | -0.00238     |
|    std                  | 0.118        |
|    value_loss           | 0.697        |
------------------------------------------
------------------------------------------
| rollout/                |              |
|    ep_len_mean          | 830          |
|    ep_rew_mean          | 35.9         |
| time/                   |              |
|    fps                  | 2589         |
|    iterations           | 49           |
|    time_elapsed         | 2479         |
|    total_timesteps      | 6422528      |
| train/                  |              |
|    approx_kl            | 0.0021860837 |
|    clip_fraction        | 0.0785       |
|    clip_range           | 0.1          |
|    clip_range_vf        | 0.2          |
|    entropy_loss         | 17.2         |
|    explained_variance   | 0.711        |
|    learning_rate        | 5e-06        |
|    loss                 | 1.65         |
|    n_updates            | 1250         |
|    policy_gradient_loss | -0.00254     |
|    std                  | 0.118        |
|    value_loss           | 0.706        |
------------------------------------------
------------------------------------------
| rollout/                |              |
|    ep_len_mean          | 868          |
|    ep_rew_mean          | 38           |
| time/                   |              |
|    fps                  | 2590         |
|    iterations           | 50           |
|    time_elapsed         | 2530         |
|    total_timesteps      | 6553600      |
| train/                  |              |
|    approx_kl            | 0.0020663633 |
|    clip_fraction        | 0.0712       |
|    clip_range           | 0.1          |
|    clip_range_vf        | 0.2          |
|    entropy_loss         | 17.1         |
|    explained_variance   | 0.711        |
|    learning_rate        | 5e-06        |
|    loss                 | 1.52         |
|    n_updates            | 1260         |
|    policy_gradient_loss | -0.00243     |
|    std                  | 0.119        |
|    value_loss           | 0.677        |
------------------------------------------
------------------------------------------
| rollout/                |              |
|    ep_len_mean          | 838          |
|    ep_rew_mean          | 36.5         |
| time/                   |              |
|    fps                  | 2589         |
|    iterations           | 51           |
|    time_elapsed         | 2581         |
|    total_timesteps      | 6684672      |
| train/                  |              |
|    approx_kl            | 0.0020824664 |
|    clip_fraction        | 0.0732       |
|    clip_range           | 0.1          |
|    clip_range_vf        | 0.2          |
|    entropy_loss         | 17           |
|    explained_variance   | 0.643        |
|    learning_rate        | 5e-06        |
|    loss                 | 1.67         |
|    n_updates            | 1270         |
|    policy_gradient_loss | -0.00224     |
|    std                  | 0.119        |
|    value_loss           | 0.77         |
------------------------------------------
------------------------------------------
| rollout/                |              |
|    ep_len_mean          | 826          |
|    ep_rew_mean          | 35.8         |
| time/                   |              |
|    fps                  | 2589         |
|    iterations           | 52           |
|    time_elapsed         | 2632         |
|    total_timesteps      | 6815744      |
| train/                  |              |
|    approx_kl            | 0.0021022488 |
|    clip_fraction        | 0.0749       |
|    clip_range           | 0.1          |
|    clip_range_vf        | 0.2          |
|    entropy_loss         | 16.9         |
|    explained_variance   | 0.694        |
|    learning_rate        | 5e-06        |
|    loss                 | 1.4          |
|    n_updates            | 1280         |
|    policy_gradient_loss | -0.00241     |
|    std                  | 0.12         |
|    value_loss           | 0.674        |
------------------------------------------
------------------------------------------
| rollout/                |              |
|    ep_len_mean          | 832          |
|    ep_rew_mean          | 36.2         |
| time/                   |              |
|    fps                  | 2589         |
|    iterations           | 53           |
|    time_elapsed         | 2682         |
|    total_timesteps      | 6946816      |
| train/                  |              |
|    approx_kl            | 0.0021829954 |
|    clip_fraction        | 0.0794       |
|    clip_range           | 0.1          |
|    clip_range_vf        | 0.2          |
|    entropy_loss         | 16.8         |
|    explained_variance   | 0.657        |
|    learning_rate        | 5e-06        |
|    loss                 | 1.72         |
|    n_updates            | 1290         |
|    policy_gradient_loss | -0.00249     |
|    std                  | 0.121        |
|    value_loss           | 0.76         |
------------------------------------------
INFO:root:VecNormalize statistics saved at: /app/envpool/data/beta/quadruped_ppo_model_ckpt_vecnormalize.pkl
INFO:root:Model saved at: /app/envpool/data/beta/quadruped_ppo_model_ckpt.zip
INFO:root:Checkpoint written at 7001344 timesteps
------------------------------------------
| rollout/                |              |
|    ep_len_mean          | 834          |
|    ep_rew_mean          | 36.1         |
| time/                   |              |
|    fps                  | 2588         |
|    iterations           | 54           |
|    time_elapsed         | 2733         |
|    total_timesteps      | 7077888      |
| train/                  |              |
|    approx_kl            | 0.0020544613 |
|    clip_fraction        | 0.0724       |
|    clip_range           | 0.1          |
|    clip_range_vf        | 0.2          |
|    entropy_loss         | 16.7         |
|    explained_variance   | 0.692        |
|    learning_rate        | 5e-06        |
|    loss                 | 1.35         |
|    n_updates            | 1300         |
|    policy_gradient_loss | -0.00247     |
|    std                  | 0.121        |
|    value_loss           | 0.7          |
------------------------------------------
------------------------------------------
| rollout/                |              |
|    ep_len_mean          | 812          |
|    ep_rew_mean          | 34.8         |
| time/                   |              |
|    fps                  | 2588         |
|    iterations           | 55           |
|    time_elapsed         | 2784         |
|    total_timesteps      | 7208960      |
| train/                  |              |
|    approx_kl            | 0.0021261452 |
|    clip_fraction        | 0.0733       |
|    clip_range           | 0.1          |
|    clip_range_vf        | 0.2          |
|    entropy_loss         | 16.5         |
|    explained_variance   | 0.7          |
|    learning_rate        | 5e-06        |
|    loss                 | 1.71         |
|    n_updates            | 1310         |
|    policy_gradient_loss | -0.00234     |
|    std                  | 0.122        |
|    value_loss           | 0.752        |
------------------------------------------
-----------------------------------------
| rollout/                |             |
|    ep_len_mean          | 793         |
|    ep_rew_mean          | 34.1        |
| time/                   |             |
|    fps                  | 2588        |
|    iterations           | 56          |
|    time_elapsed         | 2835        |
|    total_timesteps      | 7340032     |
| train/                  |             |
|    approx_kl            | 0.002161191 |
|    clip_fraction        | 0.0756      |
|    clip_range           | 0.1         |
|    clip_range_vf        | 0.2         |
|    entropy_loss         | 16.4        |
|    explained_variance   | 0.728       |
|    learning_rate        | 5e-06       |
|    loss                 | 1.34        |
|    n_updates            | 1320        |
|    policy_gradient_loss | -0.00243    |
|    std                  | 0.122       |
|    value_loss           | 0.728       |
-----------------------------------------
------------------------------------------
| rollout/                |              |
|    ep_len_mean          | 808          |
|    ep_rew_mean          | 34.7         |
| time/                   |              |
|    fps                  | 2588         |
|    iterations           | 57           |
|    time_elapsed         | 2886         |
|    total_timesteps      | 7471104      |
| train/                  |              |
|    approx_kl            | 0.0020963543 |
|    clip_fraction        | 0.0727       |
|    clip_range           | 0.1          |
|    clip_range_vf        | 0.2          |
|    entropy_loss         | 16.3         |
|    explained_variance   | 0.713        |
|    learning_rate        | 5e-06        |
|    loss                 | 1.47         |
|    n_updates            | 1330         |
|    policy_gradient_loss | -0.0025      |
|    std                  | 0.123        |
|    value_loss           | 0.699        |
------------------------------------------
-----------------------------------------
| rollout/                |             |
|    ep_len_mean          | 874         |
|    ep_rew_mean          | 38          |
| time/                   |             |
|    fps                  | 2588        |
|    iterations           | 58          |
|    time_elapsed         | 2937        |
|    total_timesteps      | 7602176     |
| train/                  |             |
|    approx_kl            | 0.002035903 |
|    clip_fraction        | 0.0722      |
|    clip_range           | 0.1         |
|    clip_range_vf        | 0.2         |
|    entropy_loss         | 16.2        |
|    explained_variance   | 0.666       |
|    learning_rate        | 5e-06       |
|    loss                 | 1.47        |
|    n_updates            | 1340        |
|    policy_gradient_loss | -0.00239    |
|    std                  | 0.123       |
|    value_loss           | 0.784       |
-----------------------------------------
-----------------------------------------
| rollout/                |             |
|    ep_len_mean          | 913         |
|    ep_rew_mean          | 40          |
| time/                   |             |
|    fps                  | 2587        |
|    iterations           | 59          |
|    time_elapsed         | 2988        |
|    total_timesteps      | 7733248     |
| train/                  |             |
|    approx_kl            | 0.002086614 |
|    clip_fraction        | 0.0712      |
|    clip_range           | 0.1         |
|    clip_range_vf        | 0.2         |
|    entropy_loss         | 16.1        |
|    explained_variance   | 0.66        |
|    learning_rate        | 5e-06       |
|    loss                 | 1.52        |
|    n_updates            | 1350        |
|    policy_gradient_loss | -0.00239    |
|    std                  | 0.124       |
|    value_loss           | 0.681       |
-----------------------------------------
------------------------------------------
| rollout/                |              |
|    ep_len_mean          | 877          |
|    ep_rew_mean          | 38.2         |
| time/                   |              |
|    fps                  | 2587         |
|    iterations           | 60           |
|    time_elapsed         | 3039         |
|    total_timesteps      | 7864320      |
| train/                  |              |
|    approx_kl            | 0.0022055272 |
|    clip_fraction        | 0.081        |
|    clip_range           | 0.1          |
|    clip_range_vf        | 0.2          |
|    entropy_loss         | 16           |
|    explained_variance   | 0.607        |
|    learning_rate        | 5e-06        |
|    loss                 | 1.55         |
|    n_updates            | 1360         |
|    policy_gradient_loss | -0.00237     |
|    std                  | 0.125        |
|    value_loss           | 0.773        |
------------------------------------------
-----------------------------------------
| rollout/                |             |
|    ep_len_mean          | 857         |
|    ep_rew_mean          | 37.3        |
| time/                   |             |
|    fps                  | 2587        |
|    iterations           | 61          |
|    time_elapsed         | 3090        |
|    total_timesteps      | 7995392     |
| train/                  |             |
|    approx_kl            | 0.002158828 |
|    clip_fraction        | 0.0745      |
|    clip_range           | 0.1         |
|    clip_range_vf        | 0.2         |
|    entropy_loss         | 15.9        |
|    explained_variance   | 0.675       |
|    learning_rate        | 5e-06       |
|    loss                 | 1.45        |
|    n_updates            | 1370        |
|    policy_gradient_loss | -0.00258    |
|    std                  | 0.125       |
|    value_loss           | 0.673       |
-----------------------------------------
INFO:root:VecNormalize statistics saved at: /app/envpool/data/beta/quadruped_ppo_model_ckpt_vecnormalize.pkl
INFO:root:Model saved at: /app/envpool/data/beta/quadruped_ppo_model_ckpt.zip
INFO:root:Checkpoint written at 8001536 timesteps
-----------------------------------------
| rollout/                |             |
|    ep_len_mean          | 878         |
|    ep_rew_mean          | 38.1        |
| time/                   |             |
|    fps                  | 2587        |
|    iterations           | 62          |
|    time_elapsed         | 3141        |
|    total_timesteps      | 8126464     |
| train/                  |             |
|    approx_kl            | 0.002040084 |
|    clip_fraction        | 0.071       |
|    clip_range           | 0.1         |
|    clip_range_vf        | 0.2         |
|    entropy_loss         | 15.8        |
|    explained_variance   | 0.672       |
|    learning_rate        | 5e-06       |
|    loss                 | 1.44        |
|    n_updates            | 1380        |
|    policy_gradient_loss | -0.00233    |
|    std                  | 0.126       |
|    value_loss           | 0.767       |
-----------------------------------------
------------------------------------------
| rollout/                |              |
|    ep_len_mean          | 832          |
|    ep_rew_mean          | 36           |
| time/                   |              |
|    fps                  | 2587         |
|    iterations           | 63           |
|    time_elapsed         | 3191         |
|    total_timesteps      | 8257536      |
| train/                  |              |
|    approx_kl            | 0.0021582148 |
|    clip_fraction        | 0.0753       |
|    clip_range           | 0.1          |
|    clip_range_vf        | 0.2          |
|    entropy_loss         | 15.7         |
|    explained_variance   | 0.681        |
|    learning_rate        | 5e-06        |
|    loss                 | 1.49         |
|    n_updates            | 1390         |
|    policy_gradient_loss | -0.00234     |
|    std                  | 0.126        |
|    value_loss           | 0.688        |
------------------------------------------
------------------------------------------
| rollout/                |              |
|    ep_len_mean          | 831          |
|    ep_rew_mean          | 36           |
| time/                   |              |
|    fps                  | 2587         |
|    iterations           | 64           |
|    time_elapsed         | 3242         |
|    total_timesteps      | 8388608      |
| train/                  |              |
|    approx_kl            | 0.0021377187 |
|    clip_fraction        | 0.0765       |
|    clip_range           | 0.1          |
|    clip_range_vf        | 0.2          |
|    entropy_loss         | 15.6         |
|    explained_variance   | 0.682        |
|    learning_rate        | 5e-06        |
|    loss                 | 1.45         |
|    n_updates            | 1400         |
|    policy_gradient_loss | -0.00262     |
|    std                  | 0.127        |
|    value_loss           | 0.77         |
------------------------------------------
[HumanoidEnv] Reset state env_id=0 z=0.29927 rpy=[-0.00125135, 6.41329e-05, 0.000550057]
[HumanoidEnv] Reset state env_id=0 z=0.29915 rpy=[0.0018832, -0.00209816, 0.000459236]
[HumanoidEnv] Reset state env_id=0 z=0.299186 rpy=[0.00216212, -0.00178997, 0.000575365]
[HumanoidEnv] Reset state env_id=0 z=0.29914 rpy=[-0.00236466, -0.00212025, 0.000968924]
[HumanoidEnv] Reset state env_id=0 z=0.299114 rpy=[-0.00128591, -0.00236029, 0.000950214]
[HumanoidEnv] Reset state env_id=0 z=0.299163 rpy=[-0.000474399, -0.00161263, 0.000703904]
[HumanoidEnv] Reset state env_id=0 z=0.299168 rpy=[-0.000570224, -0.00152996, 0.000697127]
[HumanoidEnv] Reset state env_id=0 z=0.299218 rpy=[0.00181126, -0.00114773, 0.000221713]
[HumanoidEnv] Reset state env_id=0 z=0.299261 rpy=[0.000675176, -0.000479696, 0.000677581]
[HumanoidEnv] Reset state env_id=0 z=0.299207 rpy=[-0.000834331, -0.00104134, 0.00104136]
[HumanoidEnv] Reset state env_id=0 z=0.299187 rpy=[0.000388385, -0.0012375, 0.000569328]
[HumanoidEnv] Reset state env_id=0 z=0.299088 rpy=[0.0020774, -0.00293699, 0.000500963]
[HumanoidEnv] unhealthy terminate at step=635 z=0.188444 rpy=[-1.39417, -0.0595878, -0.939628] v_body=[-0.708342, -1.63213, -0.836588]
-----------------------------------------
| rollout/                |             |
|    ep_len_mean          | 908         |
|    ep_rew_mean          | 39.9        |
| time/                   |             |
|    fps                  | 2587        |
|    iterations           | 65          |
|    time_elapsed         | 3292        |
|    total_timesteps      | 8519680     |
| train/                  |             |
|    approx_kl            | 0.001958753 |
|    clip_fraction        | 0.065       |
|    clip_range           | 0.1         |
|    clip_range_vf        | 0.2         |
|    entropy_loss         | 15.4        |
|    explained_variance   | 0.713       |
|    learning_rate        | 5e-06       |
|    loss                 | 1.43        |
|    n_updates            | 1410        |
|    policy_gradient_loss | -0.0022     |
|    std                  | 0.127       |
|    value_loss           | 0.737       |
-----------------------------------------
-----------------------------------------
| rollout/                |             |
|    ep_len_mean          | 856         |
|    ep_rew_mean          | 37.5        |
| time/                   |             |
|    fps                  | 2587        |
|    iterations           | 66          |
|    time_elapsed         | 3343        |
|    total_timesteps      | 8650752     |
| train/                  |             |
|    approx_kl            | 0.002164169 |
|    clip_fraction        | 0.0755      |
|    clip_range           | 0.1         |
|    clip_range_vf        | 0.2         |
|    entropy_loss         | 15.3        |
|    explained_variance   | 0.659       |
|    learning_rate        | 5e-06       |
|    loss                 | 1.67        |
|    n_updates            | 1420        |
|    policy_gradient_loss | -0.0024     |
|    std                  | 0.128       |
|    value_loss           | 0.739       |
-----------------------------------------
------------------------------------------
| rollout/                |              |
|    ep_len_mean          | 830          |
|    ep_rew_mean          | 36.1         |
| time/                   |              |
|    fps                  | 2587         |
|    iterations           | 67           |
|    time_elapsed         | 3394         |
|    total_timesteps      | 8781824      |
| train/                  |              |
|    approx_kl            | 0.0021400214 |
|    clip_fraction        | 0.0745       |
|    clip_range           | 0.1          |
|    clip_range_vf        | 0.2          |
|    entropy_loss         | 15.2         |
|    explained_variance   | 0.638        |
|    learning_rate        | 5e-06        |
|    loss                 | 1.27         |
|    n_updates            | 1430         |
|    policy_gradient_loss | -0.00237     |
|    std                  | 0.129        |
|    value_loss           | 0.71         |
------------------------------------------
------------------------------------------
| rollout/                |              |
|    ep_len_mean          | 823          |
|    ep_rew_mean          | 36           |
| time/                   |              |
|    fps                  | 2587         |
|    iterations           | 68           |
|    time_elapsed         | 3445         |
|    total_timesteps      | 8912896      |
| train/                  |              |
|    approx_kl            | 0.0019976979 |
|    clip_fraction        | 0.0687       |
|    clip_range           | 0.1          |
|    clip_range_vf        | 0.2          |
|    entropy_loss         | 15.1         |
|    explained_variance   | 0.642        |
|    learning_rate        | 5e-06        |
|    loss                 | 1.68         |
|    n_updates            | 1440         |
|    policy_gradient_loss | -0.00247     |
|    std                  | 0.129        |
|    value_loss           | 0.816        |
------------------------------------------
INFO:root:VecNormalize statistics saved at: /app/envpool/data/beta/quadruped_ppo_model_ckpt_vecnormalize.pkl
INFO:root:Model saved at: /app/envpool/data/beta/quadruped_ppo_model_ckpt.zip
INFO:root:Checkpoint written at 9001728 timesteps
------------------------------------------
| rollout/                |              |
|    ep_len_mean          | 856          |
|    ep_rew_mean          | 37.9         |
| time/                   |              |
|    fps                  | 2586         |
|    iterations           | 69           |
|    time_elapsed         | 3495         |
|    total_timesteps      | 9043968      |
| train/                  |              |
|    approx_kl            | 0.0021441872 |
|    clip_fraction        | 0.077        |
|    clip_range           | 0.1          |
|    clip_range_vf        | 0.2          |
|    entropy_loss         | 15           |
|    explained_variance   | 0.682        |
|    learning_rate        | 5e-06        |
|    loss                 | 1.36         |
|    n_updates            | 1450         |
|    policy_gradient_loss | -0.00242     |
|    std                  | 0.13         |
|    value_loss           | 0.666        |
------------------------------------------
[HumanoidEnv] Reset state env_id=0 z=0.299289 rpy=[-0.00120334, 0.000127535, 0.00106381]
[HumanoidEnv] Reset state env_id=0 z=0.299294 rpy=[0.00287374, -0.000765469, 0.000474675]
[HumanoidEnv] Reset state env_id=0 z=0.299075 rpy=[-0.00106224, -0.00270178, 0.000384497]
[HumanoidEnv] unhealthy terminate at step=556 z=0.195174 rpy=[-1.49433, 0.284874, 0.177223] v_body=[-0.31869, -0.658362, -0.675722]
------------------------------------------
| rollout/                |              |
|    ep_len_mean          | 842          |
|    ep_rew_mean          | 36.8         |
| time/                   |              |
|    fps                  | 2586         |
|    iterations           | 70           |
|    time_elapsed         | 3546         |
|    total_timesteps      | 9175040      |
| train/                  |              |
|    approx_kl            | 0.0021227172 |
|    clip_fraction        | 0.0753       |
|    clip_range           | 0.1          |
|    clip_range_vf        | 0.2          |
|    entropy_loss         | 14.9         |
|    explained_variance   | 0.648        |
|    learning_rate        | 5e-06        |
|    loss                 | 1.37         |
|    n_updates            | 1460         |
|    policy_gradient_loss | -0.00258     |
|    std                  | 0.13         |
|    value_loss           | 0.806        |
------------------------------------------
-----------------------------------------
| rollout/                |             |
|    ep_len_mean          | 891         |
|    ep_rew_mean          | 39.6        |
| time/                   |             |
|    fps                  | 2587        |
|    iterations           | 71          |
|    time_elapsed         | 3597        |
|    total_timesteps      | 9306112     |
| train/                  |             |
|    approx_kl            | 0.002118875 |
|    clip_fraction        | 0.0741      |
|    clip_range           | 0.1         |
|    clip_range_vf        | 0.2         |
|    entropy_loss         | 14.8        |
|    explained_variance   | 0.71        |
|    learning_rate        | 5e-06       |
|    loss                 | 1.28        |
|    n_updates            | 1470        |
|    policy_gradient_loss | -0.00243    |
|    std                  | 0.131       |
|    value_loss           | 0.672       |
-----------------------------------------
[HumanoidEnv] Reset state env_id=0 z=0.299107 rpy=[0.00219066, -0.00283198, 0.000675841]
[HumanoidEnv] unhealthy terminate at step=985 z=0.191622 rpy=[1.48136, 0.315821, -0.0744067] v_body=[0.337283, 0.708932, -1.62636]
[HumanoidEnv] Reset state env_id=0 z=0.299083 rpy=[-0.000891313, -0.00264389, 0.000572388]
[HumanoidEnv] unhealthy terminate at step=142 z=0.193108 rpy=[1.42336, 0.0320956, -0.289318] v_body=[0.493101, 0.667951, -1.05521]
------------------------------------------
| rollout/                |              |
|    ep_len_mean          | 864          |
|    ep_rew_mean          | 38           |
| time/                   |              |
|    fps                  | 2586         |
|    iterations           | 72           |
|    time_elapsed         | 3648         |
|    total_timesteps      | 9437184      |
| train/                  |              |
|    approx_kl            | 0.0020993766 |
|    clip_fraction        | 0.0724       |
|    clip_range           | 0.1          |
|    clip_range_vf        | 0.2          |
|    entropy_loss         | 14.7         |
|    explained_variance   | 0.601        |
|    learning_rate        | 5e-06        |
|    loss                 | 1.31         |
|    n_updates            | 1480         |
|    policy_gradient_loss | -0.00219     |
|    std                  | 0.132        |
|    value_loss           | 0.782        |
------------------------------------------
------------------------------------------
| rollout/                |              |
|    ep_len_mean          | 862          |
|    ep_rew_mean          | 37.7         |
| time/                   |              |
|    fps                  | 2586         |
|    iterations           | 73           |
|    time_elapsed         | 3698         |
|    total_timesteps      | 9568256      |
| train/                  |              |
|    approx_kl            | 0.0020820845 |
|    clip_fraction        | 0.0716       |
|    clip_range           | 0.1          |
|    clip_range_vf        | 0.2          |
|    entropy_loss         | 14.6         |
|    explained_variance   | 0.618        |
|    learning_rate        | 5e-06        |
|    loss                 | 1.33         |
|    n_updates            | 1490         |
|    policy_gradient_loss | -0.00228     |
|    std                  | 0.132        |
|    value_loss           | 0.785        |
------------------------------------------
------------------------------------------
| rollout/                |              |
|    ep_len_mean          | 897          |
|    ep_rew_mean          | 39.5         |
| time/                   |              |
|    fps                  | 2586         |
|    iterations           | 74           |
|    time_elapsed         | 3749         |
|    total_timesteps      | 9699328      |
| train/                  |              |
|    approx_kl            | 0.0020664195 |
|    clip_fraction        | 0.0692       |
|    clip_range           | 0.1          |
|    clip_range_vf        | 0.2          |
|    entropy_loss         | 14.4         |
|    explained_variance   | 0.62         |
|    learning_rate        | 5e-06        |
|    loss                 | 1.51         |
|    n_updates            | 1500         |
|    policy_gradient_loss | -0.00214     |
|    std                  | 0.133        |
|    value_loss           | 0.751        |
------------------------------------------
[HumanoidEnv] Reset state env_id=0 z=0.299266 rpy=[0.00251422, -0.000911062, 0.000409658]
[HumanoidEnv] Reset state env_id=0 z=0.299123 rpy=[0.00299343, -0.00286439, 0.000451187]
[HumanoidEnv] unhealthy terminate at step=551 z=0.193039 rpy=[1.3569, 0.164672, 0.608273] v_body=[0.470307, 1.59791, -1.43299]
------------------------------------------
| rollout/                |              |
|    ep_len_mean          | 894          |
|    ep_rew_mean          | 39.3         |
| time/                   |              |
|    fps                  | 2587         |
|    iterations           | 75           |
|    time_elapsed         | 3799         |
|    total_timesteps      | 9830400      |
| train/                  |              |
|    approx_kl            | 0.0022294326 |
|    clip_fraction        | 0.0796       |
|    clip_range           | 0.1          |
|    clip_range_vf        | 0.2          |
|    entropy_loss         | 14.3         |
|    explained_variance   | 0.603        |
|    learning_rate        | 5e-06        |
|    loss                 | 1.58         |
|    n_updates            | 1510         |
|    policy_gradient_loss | -0.00251     |
|    std                  | 0.133        |
|    value_loss           | 0.748        |
------------------------------------------
[HumanoidEnv] Reset state env_id=0 z=0.299065 rpy=[0.0017853, -0.00305175, 0.000139847]
[HumanoidEnv] unhealthy terminate at step=436 z=0.197543 rpy=[0.777446, 0.285123, -0.395499] v_body=[-0.120633, 0.347016, -0.014145]
-----------------------------------------
| rollout/                |             |
|    ep_len_mean          | 884         |
|    ep_rew_mean          | 39          |
| time/                   |             |
|    fps                  | 2587        |
|    iterations           | 76          |
|    time_elapsed         | 3850        |
|    total_timesteps      | 9961472     |
| train/                  |             |
|    approx_kl            | 0.002163246 |
|    clip_fraction        | 0.0776      |
|    clip_range           | 0.1         |
|    clip_range_vf        | 0.2         |
|    entropy_loss         | 14.2        |
|    explained_variance   | 0.607       |
|    learning_rate        | 5e-06       |
|    loss                 | 1.54        |
|    n_updates            | 1520        |
|    policy_gradient_loss | -0.00239    |
|    std                  | 0.134       |
|    value_loss           | 0.722       |
-----------------------------------------
INFO:root:VecNormalize statistics saved at: /app/envpool/data/beta/quadruped_ppo_model_ckpt_vecnormalize.pkl
INFO:root:Model saved at: /app/envpool/data/beta/quadruped_ppo_model_ckpt.zip
INFO:root:Checkpoint written at 10001920 timesteps
------------------------------------------
| rollout/                |              |
|    ep_len_mean          | 871          |
|    ep_rew_mean          | 38.2         |
| time/                   |              |
|    fps                  | 2587         |
|    iterations           | 77           |
|    time_elapsed         | 3900         |
|    total_timesteps      | 10092544     |
| train/                  |              |
|    approx_kl            | 0.0020778468 |
|    clip_fraction        | 0.075        |
|    clip_range           | 0.1          |
|    clip_range_vf        | 0.2          |
|    entropy_loss         | 14.1         |
|    explained_variance   | 0.634        |
|    learning_rate        | 5e-06        |
|    loss                 | 1.36         |
|    n_updates            | 1530         |
|    policy_gradient_loss | -0.00231     |
|    std                  | 0.135        |
|    value_loss           | 0.737        |
------------------------------------------
-----------------------------------------
| rollout/                |             |
|    ep_len_mean          | 864         |
|    ep_rew_mean          | 37.9        |
| time/                   |             |
|    fps                  | 2587        |
|    iterations           | 78          |
|    time_elapsed         | 3951        |
|    total_timesteps      | 10223616    |
| train/                  |             |
|    approx_kl            | 0.002212169 |
|    clip_fraction        | 0.0786      |
|    clip_range           | 0.1         |
|    clip_range_vf        | 0.2         |
|    entropy_loss         | 14          |
|    explained_variance   | 0.657       |
|    learning_rate        | 5e-06       |
|    loss                 | 1.48        |
|    n_updates            | 1540        |
|    policy_gradient_loss | -0.0025     |
|    std                  | 0.135       |
|    value_loss           | 0.77        |
-----------------------------------------
------------------------------------------
| rollout/                |              |
|    ep_len_mean          | 885          |
|    ep_rew_mean          | 38.8         |
| time/                   |              |
|    fps                  | 2587         |
|    iterations           | 79           |
|    time_elapsed         | 4002         |
|    total_timesteps      | 10354688     |
| train/                  |              |
|    approx_kl            | 0.0020978537 |
|    clip_fraction        | 0.0736       |
|    clip_range           | 0.1          |
|    clip_range_vf        | 0.2          |
|    entropy_loss         | 13.9         |
|    explained_variance   | 0.673        |
|    learning_rate        | 5e-06        |
|    loss                 | 1.3          |
|    n_updates            | 1550         |
|    policy_gradient_loss | -0.00254     |
|    std                  | 0.136        |
|    value_loss           | 0.727        |
------------------------------------------
-----------------------------------------
| rollout/                |             |
|    ep_len_mean          | 863         |
|    ep_rew_mean          | 37.9        |
| time/                   |             |
|    fps                  | 2587        |
|    iterations           | 80          |
|    time_elapsed         | 4053        |
|    total_timesteps      | 10485760    |
| train/                  |             |
|    approx_kl            | 0.002096195 |
|    clip_fraction        | 0.0728      |
|    clip_range           | 0.1         |
|    clip_range_vf        | 0.2         |
|    entropy_loss         | 13.8        |
|    explained_variance   | 0.658       |
|    learning_rate        | 5e-06       |
|    loss                 | 1.47        |
|    n_updates            | 1560        |
|    policy_gradient_loss | -0.00234    |
|    std                  | 0.137       |
|    value_loss           | 0.755       |
-----------------------------------------
------------------------------------------
| rollout/                |              |
|    ep_len_mean          | 886          |
|    ep_rew_mean          | 39.1         |
| time/                   |              |
|    fps                  | 2587         |
|    iterations           | 81           |
|    time_elapsed         | 4103         |
|    total_timesteps      | 10616832     |
| train/                  |              |
|    approx_kl            | 0.0020642118 |
|    clip_fraction        | 0.0709       |
|    clip_range           | 0.1          |
|    clip_range_vf        | 0.2          |
|    entropy_loss         | 13.7         |
|    explained_variance   | 0.675        |
|    learning_rate        | 5e-06        |
|    loss                 | 1.36         |
|    n_updates            | 1570         |
|    policy_gradient_loss | -0.00235     |
|    std                  | 0.137        |
|    value_loss           | 0.767        |
------------------------------------------
-----------------------------------------
| rollout/                |             |
|    ep_len_mean          | 901         |
|    ep_rew_mean          | 40          |
| time/                   |             |
|    fps                  | 2586        |
|    iterations           | 82          |
|    time_elapsed         | 4154        |
|    total_timesteps      | 10747904    |
| train/                  |             |
|    approx_kl            | 0.002043139 |
|    clip_fraction        | 0.0704      |
|    clip_range           | 0.1         |
|    clip_range_vf        | 0.2         |
|    entropy_loss         | 13.6        |
|    explained_variance   | 0.668       |
|    learning_rate        | 5e-06       |
|    loss                 | 1.18        |
|    n_updates            | 1580        |
|    policy_gradient_loss | -0.00241    |
|    std                  | 0.138       |
|    value_loss           | 0.642       |
-----------------------------------------
[HumanoidEnv] Reset state env_id=0 z=0.299295 rpy=[0.00274991, -0.000666432, 0.000403682]
[HumanoidEnv] Reset state env_id=0 z=0.299133 rpy=[0.000353886, -0.00190985, 0.000300358]
[HumanoidEnv] Reset state env_id=0 z=0.299203 rpy=[0.002539, -0.00165168, 0.000408622]
[HumanoidEnv] Reset state env_id=0 z=0.299117 rpy=[-0.00233454, -0.00238942, 0.000690963]
[HumanoidEnv] unhealthy terminate at step=750 z=0.196795 rpy=[1.67393, 0.11577, 0.0571332] v_body=[0.561239, 0.544333, -0.491755]
------------------------------------------
| rollout/                |              |
|    ep_len_mean          | 918          |
|    ep_rew_mean          | 41.1         |
| time/                   |              |
|    fps                  | 2587         |
|    iterations           | 83           |
|    time_elapsed         | 4205         |
|    total_timesteps      | 10878976     |
| train/                  |              |
|    approx_kl            | 0.0020871789 |
|    clip_fraction        | 0.0719       |
|    clip_range           | 0.1          |
|    clip_range_vf        | 0.2          |
|    entropy_loss         | 13.4         |
|    explained_variance   | 0.599        |
|    learning_rate        | 5e-06        |
|    loss                 | 1.59         |
|    n_updates            | 1590         |
|    policy_gradient_loss | -0.00224     |
|    std                  | 0.138        |
|    value_loss           | 0.806        |
------------------------------------------
INFO:root:VecNormalize statistics saved at: /app/envpool/data/beta/quadruped_ppo_model_ckpt_vecnormalize.pkl
INFO:root:Model saved at: /app/envpool/data/beta/quadruped_ppo_model_ckpt.zip
INFO:root:Checkpoint written at 11002112 timesteps
-----------------------------------------
| rollout/                |             |
|    ep_len_mean          | 899         |
|    ep_rew_mean          | 39.8        |
| time/                   |             |
|    fps                  | 2587        |
|    iterations           | 84          |
|    time_elapsed         | 4255        |
|    total_timesteps      | 11010048    |
| train/                  |             |
|    approx_kl            | 0.002203288 |
|    clip_fraction        | 0.0772      |
|    clip_range           | 0.1         |
|    clip_range_vf        | 0.2         |
|    entropy_loss         | 13.3        |
|    explained_variance   | 0.589       |
|    learning_rate        | 5e-06       |
|    loss                 | 1.41        |
|    n_updates            | 1600        |
|    policy_gradient_loss | -0.00245    |
|    std                  | 0.139       |
|    value_loss           | 0.698       |
-----------------------------------------
------------------------------------------
| rollout/                |              |
|    ep_len_mean          | 859          |
|    ep_rew_mean          | 38           |
| time/                   |              |
|    fps                  | 2586         |
|    iterations           | 85           |
|    time_elapsed         | 4306         |
|    total_timesteps      | 11141120     |
| train/                  |              |
|    approx_kl            | 0.0020782468 |
|    clip_fraction        | 0.0717       |
|    clip_range           | 0.1          |
|    clip_range_vf        | 0.2          |
|    entropy_loss         | 13.2         |
|    explained_variance   | 0.648        |
|    learning_rate        | 5e-06        |
|    loss                 | 1.54         |
|    n_updates            | 1610         |
|    policy_gradient_loss | -0.00239     |
|    std                  | 0.14         |
|    value_loss           | 0.813        |
------------------------------------------
-----------------------------------------
| rollout/                |             |
|    ep_len_mean          | 912         |
|    ep_rew_mean          | 40.2        |
| time/                   |             |
|    fps                  | 2587        |
|    iterations           | 86          |
|    time_elapsed         | 4357        |
|    total_timesteps      | 11272192    |
| train/                  |             |
|    approx_kl            | 0.002065922 |
|    clip_fraction        | 0.0729      |
|    clip_range           | 0.1         |
|    clip_range_vf        | 0.2         |
|    entropy_loss         | 13.1        |
|    explained_variance   | 0.679       |
|    learning_rate        | 5e-06       |
|    loss                 | 1.28        |
|    n_updates            | 1620        |
|    policy_gradient_loss | -0.0025     |
|    std                  | 0.14        |
|    value_loss           | 0.666       |
-----------------------------------------
-----------------------------------------
| rollout/                |             |
|    ep_len_mean          | 867         |
|    ep_rew_mean          | 38.6        |
| time/                   |             |
|    fps                  | 2587        |
|    iterations           | 87          |
|    time_elapsed         | 4407        |
|    total_timesteps      | 11403264    |
| train/                  |             |
|    approx_kl            | 0.002132656 |
|    clip_fraction        | 0.0774      |
|    clip_range           | 0.1         |
|    clip_range_vf        | 0.2         |
|    entropy_loss         | 13          |
|    explained_variance   | 0.561       |
|    learning_rate        | 5e-06       |
|    loss                 | 1.68        |
|    n_updates            | 1630        |
|    policy_gradient_loss | -0.00244    |
|    std                  | 0.141       |
|    value_loss           | 0.816       |
-----------------------------------------
------------------------------------------
| rollout/                |              |
|    ep_len_mean          | 905          |
|    ep_rew_mean          | 40.4         |
| time/                   |              |
|    fps                  | 2587         |
|    iterations           | 88           |
|    time_elapsed         | 4458         |
|    total_timesteps      | 11534336     |
| train/                  |              |
|    approx_kl            | 0.0020620744 |
|    clip_fraction        | 0.0696       |
|    clip_range           | 0.1          |
|    clip_range_vf        | 0.2          |
|    entropy_loss         | 12.9         |
|    explained_variance   | 0.627        |
|    learning_rate        | 5e-06        |
|    loss                 | 1.25         |
|    n_updates            | 1640         |
|    policy_gradient_loss | -0.00231     |
|    std                  | 0.142        |
|    value_loss           | 0.745        |
------------------------------------------
------------------------------------------
| rollout/                |              |
|    ep_len_mean          | 917          |
|    ep_rew_mean          | 40.7         |
| time/                   |              |
|    fps                  | 2587         |
|    iterations           | 89           |
|    time_elapsed         | 4508         |
|    total_timesteps      | 11665408     |
| train/                  |              |
|    approx_kl            | 0.0021520662 |
|    clip_fraction        | 0.0749       |
|    clip_range           | 0.1          |
|    clip_range_vf        | 0.2          |
|    entropy_loss         | 12.8         |
|    explained_variance   | 0.616        |
|    learning_rate        | 5e-06        |
|    loss                 | 1.4          |
|    n_updates            | 1650         |
|    policy_gradient_loss | -0.0025      |
|    std                  | 0.142        |
|    value_loss           | 0.744        |
------------------------------------------
------------------------------------------
| rollout/                |              |
|    ep_len_mean          | 904          |
|    ep_rew_mean          | 39.9         |
| time/                   |              |
|    fps                  | 2587         |
|    iterations           | 90           |
|    time_elapsed         | 4559         |
|    total_timesteps      | 11796480     |
| train/                  |              |
|    approx_kl            | 0.0020505372 |
|    clip_fraction        | 0.0703       |
|    clip_range           | 0.1          |
|    clip_range_vf        | 0.2          |
|    entropy_loss         | 12.7         |
|    explained_variance   | 0.594        |
|    learning_rate        | 5e-06        |
|    loss                 | 1.24         |
|    n_updates            | 1660         |
|    policy_gradient_loss | -0.00227     |
|    std                  | 0.143        |
|    value_loss           | 0.761        |
------------------------------------------
-----------------------------------------
| rollout/                |             |
|    ep_len_mean          | 914         |
|    ep_rew_mean          | 41.1        |
| time/                   |             |
|    fps                  | 2587        |
|    iterations           | 91          |
|    time_elapsed         | 4610        |
|    total_timesteps      | 11927552    |
| train/                  |             |
|    approx_kl            | 0.002088711 |
|    clip_fraction        | 0.0708      |
|    clip_range           | 0.1         |
|    clip_range_vf        | 0.2         |
|    entropy_loss         | 12.6        |
|    explained_variance   | 0.591       |
|    learning_rate        | 5e-06       |
|    loss                 | 1.18        |
|    n_updates            | 1670        |
|    policy_gradient_loss | -0.00239    |
|    std                  | 0.144       |
|    value_loss           | 0.738       |
-----------------------------------------
INFO:root:VecNormalize statistics saved at: /app/envpool/data/beta/quadruped_ppo_model_ckpt_vecnormalize.pkl
INFO:root:Model saved at: /app/envpool/data/beta/quadruped_ppo_model_ckpt.zip
INFO:root:Checkpoint written at 12002304 timesteps
----------------------------------------
| rollout/                |            |
|    ep_len_mean          | 917        |
|    ep_rew_mean          | 41         |
| time/                   |            |
|    fps                  | 2587       |
|    iterations           | 92         |
|    time_elapsed         | 4660       |
|    total_timesteps      | 12058624   |
| train/                  |            |
|    approx_kl            | 0.00209797 |
|    clip_fraction        | 0.0708     |
|    clip_range           | 0.1        |
|    clip_range_vf        | 0.2        |
|    entropy_loss         | 12.4       |
|    explained_variance   | 0.537      |
|    learning_rate        | 5e-06      |
|    loss                 | 1.5        |
|    n_updates            | 1680       |
|    policy_gradient_loss | -0.00215   |
|    std                  | 0.144      |
|    value_loss           | 0.781      |
----------------------------------------
------------------------------------------
| rollout/                |              |
|    ep_len_mean          | 893          |
|    ep_rew_mean          | 39.9         |
| time/                   |              |
|    fps                  | 2587         |
|    iterations           | 93           |
|    time_elapsed         | 4711         |
|    total_timesteps      | 12189696     |
| train/                  |              |
|    approx_kl            | 0.0021759388 |
|    clip_fraction        | 0.0794       |
|    clip_range           | 0.1          |
|    clip_range_vf        | 0.2          |
|    entropy_loss         | 12.3         |
|    explained_variance   | 0.627        |
|    learning_rate        | 5e-06        |
|    loss                 | 1.25         |
|    n_updates            | 1690         |
|    policy_gradient_loss | -0.00249     |
|    std                  | 0.145        |
|    value_loss           | 0.747        |
------------------------------------------
------------------------------------------
| rollout/                |              |
|    ep_len_mean          | 896          |
|    ep_rew_mean          | 39.8         |
| time/                   |              |
|    fps                  | 2587         |
|    iterations           | 94           |
|    time_elapsed         | 4761         |
|    total_timesteps      | 12320768     |
| train/                  |              |
|    approx_kl            | 0.0021180809 |
|    clip_fraction        | 0.0734       |
|    clip_range           | 0.1          |
|    clip_range_vf        | 0.2          |
|    entropy_loss         | 12.2         |
|    explained_variance   | 0.603        |
|    learning_rate        | 5e-06        |
|    loss                 | 1.42         |
|    n_updates            | 1700         |
|    policy_gradient_loss | -0.00237     |
|    std                  | 0.146        |
|    value_loss           | 0.786        |
------------------------------------------
-----------------------------------------
| rollout/                |             |
|    ep_len_mean          | 913         |
|    ep_rew_mean          | 40.9        |
| time/                   |             |
|    fps                  | 2587        |
|    iterations           | 95          |
|    time_elapsed         | 4812        |
|    total_timesteps      | 12451840    |
| train/                  |             |
|    approx_kl            | 0.001999082 |
|    clip_fraction        | 0.0652      |
|    clip_range           | 0.1         |
|    clip_range_vf        | 0.2         |
|    entropy_loss         | 12.1        |
|    explained_variance   | 0.618       |
|    learning_rate        | 5e-06       |
|    loss                 | 1.22        |
|    n_updates            | 1710        |
|    policy_gradient_loss | -0.0023     |
|    std                  | 0.146       |
|    value_loss           | 0.733       |
-----------------------------------------
-----------------------------------------
| rollout/                |             |
|    ep_len_mean          | 906         |
|    ep_rew_mean          | 40.8        |
| time/                   |             |
|    fps                  | 2587        |
|    iterations           | 96          |
|    time_elapsed         | 4863        |
|    total_timesteps      | 12582912    |
| train/                  |             |
|    approx_kl            | 0.002167021 |
|    clip_fraction        | 0.0768      |
|    clip_range           | 0.1         |
|    clip_range_vf        | 0.2         |
|    entropy_loss         | 12          |
|    explained_variance   | 0.593       |
|    learning_rate        | 5e-06       |
|    loss                 | 1.32        |
|    n_updates            | 1720        |
|    policy_gradient_loss | -0.00231    |
|    std                  | 0.147       |
|    value_loss           | 0.785       |
-----------------------------------------
INFO:root:VecNormalize statistics saved at: /app/envpool/data/beta/quadruped_ppo_model_vecnormalize.pkl
INFO:root:Model saved at: /app/envpool/data/beta/quadruped_ppo_model.zip
INFO:root:Model saved at: /app/envpool/data/beta/quadruped_ppo_model.zip
INFO:root:Training complete.
EnvPool Evaluation - Humanoid-v4
Mean Reward: 705.30 +/- 172.30
Function main took 5037.64 seconds to run.
[HumanoidEnv] Reset state env_id=0 z=0.299289 rpy=[0.00115746, -0.000293127, 0.000783969]
[HumanoidEnv] Reset state env_id=0 z=0.29913 rpy=[0.00072106, -0.00202127, 0.000465549]
[HumanoidEnv] Reset state env_id=0 z=0.299287 rpy=[-0.000668793, 7.63052e-05, 0.00077216]
[HumanoidEnv] Reset state env_id=0 z=0.299187 rpy=[6.69549e-06, -0.00113539, 0.000520275]
[HumanoidEnv] Reset state env_id=0 z=0.299106 rpy=[0.000572673, -0.00238487, 0.000759443]
[HumanoidEnv] Reset state env_id=0 z=0.299141 rpy=[0.0024994, -0.00251518, 0.000621474]
[HumanoidEnv] Reset state env_id=0 z=0.299206 rpy=[0.00219632, -0.00161652, 0.000673258]
[HumanoidEnv] Reset state env_id=0 z=0.299148 rpy=[0.00136347, -0.00205366, 0.000722953]
[HumanoidEnv] Reset state env_id=0 z=0.299076 rpy=[0.000405005, -0.00261729, 0.000260276]
cleanupHardware(SIM): Cleaning up hardware components...
cleanupHardware(SIM): Cleaning up hardware components...
cleanupHardware(SIM): Cleaning up hardware components...
cleanupHardware(SIM): Cleaning up hardware components...
cleanupHardware(SIM): Cleaning up hardware components...
cleanupHardware(SIM): Cleaning up hardware components...
cleanupHardware(SIM): Cleaning up hardware components...
cleanupHardware(SIM): Cleaning up hardware components...
cleanupHardware(SIM): Cleaning up hardware components...
cleanupHardware(SIM): Cleaning up hardware components...
cleanupHardware(SIM): Cleaning up hardware components...
cleanupHardware(SIM): Cleaning up hardware components...
cleanupHardware(SIM): Cleaning up hardware components...
cleanupHardware(SIM): Cleaning up hardware components...
cleanupHardware(SIM): Cleaning up hardware components...
cleanupHardware(SIM): Cleaning up hardware components...
cleanupHardware(SIM): Cleaning up hardware components...
cleanupHardware(SIM): Cleaning up hardware components...
cleanupHardware(SIM): Cleaning up hardware components...
cleanupHardware(SIM): Cleaning up hardware components...
cleanupHardware(SIM): Cleaning up hardware components...
cleanupHardware(SIM): Cleaning up hardware components...
cleanupHardware(SIM): Cleaning up hardware components...
cleanupHardware(SIM): Cleaning up hardware components...
cleanupHardware(SIM): Cleaning up hardware components...
cleanupHardware(SIM): Cleaning up hardware components...
cleanupHardware(SIM): Cleaning up hardware components...
cleanupHardware(SIM): Cleaning up hardware components...
cleanupHardware(SIM): Cleaning up hardware components...
cleanupHardware(SIM): Cleaning up hardware components...
cleanupHardware(SIM): Cleaning up hardware components...
cleanupHardware(SIM): Cleaning up hardware components...
cleanupHardware(SIM): Cleaning up hardware components...
cleanupHardware(SIM): Cleaning up hardware components...
cleanupHardware(SIM): Cleaning up hardware components...
cleanupHardware(SIM): Cleaning up hardware components...
cleanupHardware(SIM): Cleaning up hardware components...
cleanupHardware(SIM): Cleaning up hardware components...
cleanupHardware(SIM): Cleaning up hardware components...
cleanupHardware(SIM): Cleaning up hardware components...
cleanupHardware(SIM): Cleaning up hardware components...
cleanupHardware(SIM): Cleaning up hardware components...
cleanupHardware(SIM): Cleaning up hardware components...
cleanupHardware(SIM): Cleaning up hardware components...
cleanupHardware(SIM): Cleaning up hardware components...
cleanupHardware(SIM): Cleaning up hardware components...
cleanupHardware(SIM): Cleaning up hardware components...
cleanupHardware(SIM): Cleaning up hardware components...
cleanupHardware(SIM): Cleaning up hardware components...
cleanupHardware(SIM): Cleaning up hardware components...
cleanupHardware(SIM): Cleaning up hardware components...
cleanupHardware(SIM): Cleaning up hardware components...
cleanupHardware(SIM): Cleaning up hardware components...
cleanupHardware(SIM): Cleaning up hardware components...
cleanupHardware(SIM): Cleaning up hardware components...
cleanupHardware(SIM): Cleaning up hardware components...
cleanupHardware(SIM): Cleaning up hardware components...
cleanupHardware(SIM): Cleaning up hardware components...
cleanupHardware(SIM): Cleaning up hardware components...
cleanupHardware(SIM): Cleaning up hardware components...
cleanupHardware(SIM): Cleaning up hardware components...
cleanupHardware(SIM): Cleaning up hardware components...
cleanupHardware(SIM): Cleaning up hardware components...
cleanupHardware(SIM): Cleaning up hardware components...
cleanupHardware(SIM): Cleaning up hardware components...
cleanupHardware(SIM): Cleaning up hardware components...
cleanupHardware(SIM): Cleaning up hardware components...
cleanupHardware(SIM): Cleaning up hardware components...
cleanupHardware(SIM): Cleaning up hardware components...
cleanupHardware(SIM): Cleaning up hardware components...
cleanupHardware(SIM): Cleaning up hardware components...
cleanupHardware(SIM): Cleaning up hardware components...
cleanupHardware(SIM): Cleaning up hardware components...
cleanupHardware(SIM): Cleaning up hardware components...
cleanupHardware(SIM): Cleaning up hardware components...
cleanupHardware(SIM): Cleaning up hardware components...
cleanupHardware(SIM): Cleaning up hardware components...
cleanupHardware(SIM): Cleaning up hardware components...
cleanupHardware(SIM): Cleaning up hardware components...
cleanupHardware(SIM): Cleaning up hardware components...
cleanupHardware(SIM): Cleaning up hardware components...
cleanupHardware(SIM): Cleaning up hardware components...
cleanupHardware(SIM): Cleaning up hardware components...
cleanupHardware(SIM): Cleaning up hardware components...
cleanupHardware(SIM): Cleaning up hardware components...
cleanupHardware(SIM): Cleaning up hardware components...
cleanupHardware(SIM): Cleaning up hardware components...
cleanupHardware(SIM): Cleaning up hardware components...
cleanupHardware(SIM): Cleaning up hardware components...
cleanupHardware(SIM): Cleaning up hardware components...
cleanupHardware(SIM): Cleaning up hardware components...
cleanupHardware(SIM): Cleaning up hardware components...
cleanupHardware(SIM): Cleaning up hardware components...
cleanupHardware(SIM): Cleaning up hardware components...
cleanupHardware(SIM): Cleaning up hardware components...
cleanupHardware(SIM): Cleaning up hardware components...
cleanupHardware(SIM): Cleaning up hardware components...
cleanupHardware(SIM): Cleaning up hardware components...
cleanupHardware(SIM): Cleaning up hardware components...
cleanupHardware(SIM): Cleaning up hardware components...
cleanupHardware(SIM): Cleaning up hardware components...
cleanupHardware(SIM): Cleaning up hardware components...
cleanupHardware(SIM): Cleaning up hardware components...
cleanupHardware(SIM): Cleaning up hardware components...
cleanupHardware(SIM): Cleaning up hardware components...
cleanupHardware(SIM): Cleaning up hardware components...
cleanupHardware(SIM): Cleaning up hardware components...
cleanupHardware(SIM): Cleaning up hardware components...
cleanupHardware(SIM): Cleaning up hardware components...
cleanupHardware(SIM): Cleaning up hardware components...
cleanupHardware(SIM): Cleaning up hardware components...
cleanupHardware(SIM): Cleaning up hardware components...
cleanupHardware(SIM): Cleaning up hardware components...
cleanupHardware(SIM): Cleaning up hardware components...
cleanupHardware(SIM): Cleaning up hardware components...
cleanupHardware(SIM): Cleaning up hardware components...
cleanupHardware(SIM): Cleaning up hardware components...
cleanupHardware(SIM): Cleaning up hardware components...
cleanupHardware(SIM): Cleaning up hardware components...
cleanupHardware(SIM): Cleaning up hardware components...
cleanupHardware(SIM): Cleaning up hardware components...
cleanupHardware(SIM): Cleaning up hardware components...
cleanupHardware(SIM): Cleaning up hardware components...
cleanupHardware(SIM): Cleaning up hardware components...
cleanupHardware(SIM): Cleaning up hardware components...
cleanupHardware(SIM): Cleaning up hardware components...
cleanupHardware(SIM): Cleaning up hardware components...
cleanupHardware(SIM): Cleaning up hardware components...
cleanupHardware(SIM): Cleaning up hardware components...
cleanupHardware(SIM): Cleaning up hardware components...
cleanupHardware(SIM): Cleaning up hardware components...
cleanupHardware(SIM): Cleaning up hardware components...
cleanupHardware(SIM): Cleaning up hardware components...
cleanupHardware(SIM): Cleaning up hardware components...
cleanupHardware(SIM): Cleaning up hardware components...
cleanupHardware(SIM): Cleaning up hardware components...
cleanupHardware(SIM): Cleaning up hardware components...
cleanupHardware(SIM): Cleaning up hardware components...
cleanupHardware(SIM): Cleaning up hardware components...
cleanupHardware(SIM): Cleaning up hardware components...
cleanupHardware(SIM): Cleaning up hardware components...
cleanupHardware(SIM): Cleaning up hardware components...
cleanupHardware(SIM): Cleaning up hardware components...
cleanupHardware(SIM): Cleaning up hardware components...
cleanupHardware(SIM): Cleaning up hardware components...
cleanupHardware(SIM): Cleaning up hardware components...
cleanupHardware(SIM): Cleaning up hardware components...
cleanupHardware(SIM): Cleaning up hardware components...
cleanupHardware(SIM): Cleaning up hardware components...
cleanupHardware(SIM): Cleaning up hardware components...
cleanupHardware(SIM): Cleaning up hardware components...
cleanupHardware(SIM): Cleaning up hardware components...
cleanupHardware(SIM): Cleaning up hardware components...
cleanupHardware(SIM): Cleaning up hardware components...
cleanupHardware(SIM): Cleaning up hardware components...
cleanupHardware(SIM): Cleaning up hardware components...
cleanupHardware(SIM): Cleaning up hardware components...
cleanupHardware(SIM): Cleaning up hardware components...
cleanupHardware(SIM): Cleaning up hardware components...
cleanupHardware(SIM): Cleaning up hardware components...
cleanupHardware(SIM): Cleaning up hardware components...
cleanupHardware(SIM): Cleaning up hardware components...
cleanupHardware(SIM): Cleaning up hardware components...
cleanupHardware(SIM): Cleaning up hardware components...
cleanupHardware(SIM): Cleaning up hardware components...
cleanupHardware(SIM): Cleaning up hardware components...
cleanupHardware(SIM): Cleaning up hardware components...
cleanupHardware(SIM): Cleaning up hardware components...
cleanupHardware(SIM): Cleaning up hardware components...
cleanupHardware(SIM): Cleaning up hardware components...
cleanupHardware(SIM): Cleaning up hardware components...
cleanupHardware(SIM): Cleaning up hardware components...
cleanupHardware(SIM): Cleaning up hardware components...
cleanupHardware(SIM): Cleaning up hardware components...
cleanupHardware(SIM): Cleaning up hardware components...
cleanupHardware(SIM): Cleaning up hardware components...
cleanupHardware(SIM): Cleaning up hardware components...
cleanupHardware(SIM): Cleaning up hardware components...
cleanupHardware(SIM): Cleaning up hardware components...
cleanupHardware(SIM): Cleaning up hardware components...
cleanupHardware(SIM): Cleaning up hardware components...
cleanupHardware(SIM): Cleaning up hardware components...
cleanupHardware(SIM): Cleaning up hardware components...
cleanupHardware(SIM): Cleaning up hardware components...
cleanupHardware(SIM): Cleaning up hardware components...
cleanupHardware(SIM): Cleaning up hardware components...
cleanupHardware(SIM): Cleaning up hardware components...
cleanupHardware(SIM): Cleaning up hardware components...
cleanupHardware(SIM): Cleaning up hardware components...
cleanupHardware(SIM): Cleaning up hardware components...
cleanupHardware(SIM): Cleaning up hardware components...
cleanupHardware(SIM): Cleaning up hardware components...
cleanupHardware(SIM): Cleaning up hardware components...
cleanupHardware(SIM): Cleaning up hardware components...
cleanupHardware(SIM): Cleaning up hardware components...
cleanupHardware(SIM): Cleaning up hardware components...
cleanupHardware(SIM): Cleaning up hardware components...
cleanupHardware(SIM): Cleaning up hardware components...
cleanupHardware(SIM): Cleaning up hardware components...
cleanupHardware(SIM): Cleaning up hardware components...
cleanupHardware(SIM): Cleaning up hardware components...
cleanupHardware(SIM): Cleaning up hardware components...
cleanupHardware(SIM): Cleaning up hardware components...
cleanupHardware(SIM): Cleaning up hardware components...
cleanupHardware(SIM): Cleaning up hardware components...
cleanupHardware(SIM): Cleaning up hardware components...
cleanupHardware(SIM): Cleaning up hardware components...
cleanupHardware(SIM): Cleaning up hardware components...
cleanupHardware(SIM): Cleaning up hardware components...
cleanupHardware(SIM): Cleaning up hardware components...
cleanupHardware(SIM): Cleaning up hardware components...
cleanupHardware(SIM): Cleaning up hardware components...
cleanupHardware(SIM): Cleaning up hardware components...
cleanupHardware(SIM): Cleaning up hardware components...
cleanupHardware(SIM): Cleaning up hardware components...
cleanupHardware(SIM): Cleaning up hardware components...
cleanupHardware(SIM): Cleaning up hardware components...
cleanupHardware(SIM): Cleaning up hardware components...
cleanupHardware(SIM): Cleaning up hardware components...
cleanupHardware(SIM): Cleaning up hardware components...
cleanupHardware(SIM): Cleaning up hardware components...
cleanupHardware(SIM): Cleaning up hardware components...
cleanupHardware(SIM): Cleaning up hardware components...
cleanupHardware(SIM): Cleaning up hardware components...
cleanupHardware(SIM): Cleaning up hardware components...
cleanupHardware(SIM): Cleaning up hardware components...
cleanupHardware(SIM): Cleaning up hardware components...
cleanupHardware(SIM): Cleaning up hardware components...
cleanupHardware(SIM): Cleaning up hardware components...
cleanupHardware(SIM): Cleaning up hardware components...
cleanupHardware(SIM): Cleaning up hardware components...
cleanupHardware(SIM): Cleaning up hardware components...
cleanupHardware(SIM): Cleaning up hardware components...
cleanupHardware(SIM): Cleaning up hardware components...
cleanupHardware(SIM): Cleaning up hardware components...
cleanupHardware(SIM): Cleaning up hardware components...
cleanupHardware(SIM): Cleaning up hardware components...
cleanupHardware(SIM): Cleaning up hardware components...
cleanupHardware(SIM): Cleaning up hardware components...
cleanupHardware(SIM): Cleaning up hardware components...
cleanupHardware(SIM): Cleaning up hardware components...
cleanupHardware(SIM): Cleaning up hardware components...
cleanupHardware(SIM): Cleaning up hardware components...
cleanupHardware(SIM): Cleaning up hardware components...
cleanupHardware(SIM): Cleaning up hardware components...
cleanupHardware(SIM): Cleaning up hardware components...
cleanupHardware(SIM): Cleaning up hardware components...
cleanupHardware(SIM): Cleaning up hardware components...
cleanupHardware(SIM): Cleaning up hardware components...
cleanupHardware(SIM): Cleaning up hardware components...
cleanupHardware(SIM): Cleaning up hardware components...
cleanupHardware(SIM): Cleaning up hardware components...
cleanupHardware(SIM): Cleaning up hardware components...
cleanupHardware(SIM): Cleaning up hardware components...
cleanupHardware(SIM): Cleaning up hardware components...
cleanupHardware(SIM): Cleaning up hardware components...
