train/action_std_18,rollout/action_saturation_fraction,train/action_std_09,train/action_std_11,train/action_std_12,train/action_std_04,train/action_std_06,train/action_std_13,rollout/is_fall_mean,time/fps,time/total_timesteps,train/action_std_02,train/action_std_00,train/action_std_24,rollout/force_direction_mean,train/action_std_14,rollout/force_requested_impulse_mean,train/action_std_01,train/action_std_23,train/action_std_21,train/std_max,rollout/is_timeout_mean,train/action_std_10,time/time_elapsed,train/action_std_19,rollout/episodes_noforce,train/action_std_20,rollout/force_onset_mean,train/action_std_08,train/action_std_22,train/action_std_17,train/action_std_03,train/action_std_07,rollout/ep_len_mean,time/iterations,train/action_std_16,train/action_std_05,train/std_min,rollout/recovery_noforce,rollout/ep_rew_mean,train/action_std_15,train/clip_fraction,train/learning_rate,train/explained_variance,train/clip_range_vf,train/n_updates,rollout/timeouts,train/value_loss,train/clip_range,train/std,train/entropy_loss,train/approx_kl,train/policy_gradient_loss,rollout/timeout_without_onset_fraction,train/loss
0.05000000074505806,0.0,0.05000000074505806,0.05000000074505806,0.05000000074505806,0.05000000074505806,0.05000000074505806,0.05000000074505806,1.0,5470,131072,0.05000000074505806,0.05000000074505806,0.05000000074505806,-1.0,0.05000000074505806,0.0,0.05000000074505806,0.05000000074505806,0.05000000074505806,0.05000000074505806,0.0,0.05000000074505806,23,0.05000000074505806,8,0.05000000074505806,1.1082500000000008,0.05000000074505806,0.05000000074505806,0.05000000074505806,0.05000000074505806,0.05000000074505806,336.25,1,0.05000000074505806,0.05000000074505806,0.05000000074505806,0.0,227.32763671875,0.05000000074505806,,,,,,,,,,,,,,
0.05008961632847786,0.0,0.050145719200372696,0.05002238228917122,0.05007319152355194,0.050053372979164124,0.05013950169086456,0.05014903098344803,0.03225806451612903,4951,262144,0.05011673644185066,0.05011705681681633,0.050096772611141205,-1.0,0.050103746354579926,0.0,0.050087910145521164,0.05010347440838814,0.050081510096788406,0.05014945939183235,0.967741935483871,0.050083957612514496,52,0.050100021064281464,248,0.05006805434823036,1.405766129032259,0.05010340362787247,0.05009187385439873,0.050108104944229126,0.05003555864095688,0.05014945939183235,1000.0,2,0.0500703826546669,0.05006371811032295,0.05002238228917122,0.967741935483871,680.8330688476562,0.05014912411570549,0.12561798095703125,1e-05,-0.16649174690246582,0.2,10,240,2.9207140852697195,0.1,0.05009614676237106,39.39295604526997,0.0025105467,-0.0021528213918827533,0.0,3.900674819946289
0.0501437783241272,0.0,0.050223108381032944,0.050090283155441284,0.05015033483505249,0.05014157295227051,0.05025864392518997,0.050286274403333664,0.5294117647058824,4853,393216,0.05016894266009331,0.050222042948007584,0.050202131271362305,-1.0,0.05021476000547409,0.0,0.050126686692237854,0.05024012550711632,0.05016977712512016,0.050286274403333664,0.47058823529411764,0.050176799297332764,81,0.05015493556857109,17,0.050165388733148575,1.2194117647058833,0.050212256610393524,0.05014804005622864,0.05014476180076599,0.05018847808241844,0.05018998682498932,936.96,3,0.05015360936522484,0.050145357847213745,0.050090283155441284,0.47058823529411764,637.1849365234375,0.05017749220132828,0.10729904174804687,1e-05,-1.1473217010498047,0.2,20,8,1.4554536587558686,0.1,0.050179824233055115,39.34776592850685,0.0021657979,-0.0016158681318302116,0.0,1.825835108757019
0.05024886876344681,0.0,0.050335247069597244,0.05018923431634903,0.05029141530394554,0.05027586966753006,0.05029568448662758,0.05036678537726402,0.0375,4740,524288,0.05025221407413483,0.05027422308921814,0.05033000186085701,-1.0,0.05026179552078247,0.0,0.05026507005095482,0.05029092729091644,0.05030243843793869,0.05036678537726402,0.9625,0.05023840069770813,110,0.050298552960157394,240,0.050254322588443756,1.3950833333333346,0.05031351000070572,0.05026358366012573,0.0502234548330307,0.05027277395129204,0.0503273531794548,995.95,4,0.050293680280447006,0.05022690072655678,0.05018923431634903,0.9625,679.0117797851562,0.050209783017635345,0.11094818115234376,1e-05,-2.1766815185546875,0.2,30,231,1.4662057539448141,0.1,0.050276078283786774,39.30252107977867,0.00214689,-0.0016044381378378602,0.0,1.8050750494003296
0.050317924469709396,0.0,0.05046403780579567,0.050269097089767456,0.05035167187452316,0.05032575875520706,0.05039849877357483,0.050471749156713486,0.34615384615384615,4701,655360,0.050298336893320084,0.05037843436002731,0.05045337602496147,-1.0,0.050336435437202454,0.0,0.05033635348081589,0.05038905516266823,0.05029837414622307,0.050471749156713486,0.6538461538461539,0.05034991353750229,139,0.05035410448908806,26,0.050336532294750214,1.3956923076923087,0.05044674128293991,0.050367459654808044,0.050341930240392685,0.050344083458185196,0.05042190104722977,943.92,5,0.05033949762582779,0.050287868827581406,0.050269097089767456,0.6538461538461539,641.669189453125,0.050291575491428375,0.11549530029296876,1e-05,-1.1420559883117676,0.2,40,17,1.4939706556499004,0.1,0.05035882815718651,39.25883540809154,0.0022231066,-0.0018678654296309105,0.0,1.8355540037155151
0.050446126610040665,0.0,0.05055992305278778,0.050364479422569275,0.05046375095844269,0.05045086517930031,0.05055120959877968,0.05052158236503601,0.034482758620689655,4649,786432,0.05037383362650871,0.05052383616566658,0.05043548345565796,-1.0,0.05045952647924423,0.0,0.0504206120967865,0.050508130341768265,0.05038190633058548,0.05055992305278778,0.9655172413793104,0.0504179410636425,169,0.05042501166462898,232,0.050415780395269394,1.3926293103448286,0.050559405237436295,0.05047906935214996,0.05036652088165283,0.05045966058969498,0.050523702055215836,1000.0,6,0.050475314259529114,0.05041801556944847,0.050364479422569275,0.9655172413793104,682.99072265625,0.0503726452589035,0.10968780517578125,1e-05,-1.2694971561431885,0.2,50,224,1.4622566182166339,0.1,0.050454966723918915,39.21401956379414,0.0022228365,-0.0018378876025053614,0.0,1.8144524097442627
0.050563566386699677,0.0,0.050652191042900085,0.05046016722917557,0.0505542978644371,0.05057434365153313,0.05066336318850517,0.0505877323448658,0.21212121212121213,4631,917504,0.05045878142118454,0.050603654235601425,0.05051707848906517,-1.0,0.05052246153354645,0.0,0.05050167813897133,0.05059482529759407,0.050451621413230896,0.05067801848053932,0.7878787878787878,0.05045899748802185,198,0.05053117126226425,33,0.05051570385694504,1.4525454545454555,0.05067801848053932,0.050579555332660675,0.05049626901745796,0.05058835819363594,0.05062201991677284,961.96,7,0.05061090737581253,0.05051610246300697,0.050451621413230896,0.7878787878787878,655.2332153320312,0.05048217251896858,0.109765625,1e-05,-0.8701099157333374,0.2,60,26,1.3763093845918775,0.1,0.0505514033138752,39.16624726355076,0.0021689285,-0.0017101094811550865,0.0,1.7815020084381104
0.05069148913025856,0.0,0.05074193701148033,0.05051383748650551,0.05060473084449768,0.05068172886967659,0.05074157193303108,0.05065681412816048,0.022123893805309734,4598,1048576,0.0505133792757988,0.050665490329265594,0.05064762383699417,-1.0,0.05060242488980293,0.0,0.050550367683172226,0.050664547830820084,0.05053164064884186,0.050750695168972015,0.9778761061946902,0.050510190427303314,228,0.050570543855428696,226,0.050636231899261475,1.383212389380532,0.050750695168972015,0.05069689452648163,0.05067181959748268,0.05071478337049484,0.05067627504467964,1000.0,8,0.050656553357839584,0.050574708729982376,0.050510190427303314,0.9778761061946902,681.0842895507812,0.05059373751282692,0.11066207885742188,1e-05,-1.4815518856048584,0.2,70,221,1.3687170391902328,0.1,0.05063439905643463,39.122298964858054,0.0021978756,-0.001863177330506005,0.0,1.7608790397644043
0.05072971060872078,0.0,0.05079686641693115,0.05053975060582161,0.05067842826247215,0.05077855661511421,0.050826545804739,0.05079590901732445,0.26666666666666666,4588,1179648,0.05056021735072136,0.05076181888580322,0.050717324018478394,-1.0,0.05068524181842804,0.0,0.050632160156965256,0.05068286135792732,0.050610002130270004,0.05084829404950142,0.7333333333333333,0.05057469382882118,257,0.050631918013095856,45,0.05075919255614281,1.4345777777777786,0.05082858353853226,0.05075588822364807,0.050750479102134705,0.05084829404950142,0.05076684057712555,941.05,9,0.050750941038131714,0.05063635855913162,0.05053975060582161,0.7333333333333333,639.837646484375,0.05069457367062569,0.11198883056640625,1e-05,-1.1462268829345703,0.2,80,33,1.3165311767719685,0.1,0.050711724907159805,39.0828738540411,0.0022579913,-0.00155027575292479,0.0,1.6952518224716187
0.050833940505981445,0.0,0.05093009024858475,0.050591882318258286,0.05075667425990105,0.05087927728891373,0.050868675112724304,0.05094858631491661,0.028037383177570093,4561,1310720,0.050719283521175385,0.05080348998308182,0.05079890415072441,-1.0,0.05076911672949791,0.0,0.05071572586894035,0.05078020691871643,0.050706442445516586,0.05094858631491661,0.9719626168224299,0.050666745752096176,287,0.0507286936044693,214,0.05081849917769432,1.394747663551403,0.050902340561151505,0.05087237432599068,0.05080948770046234,0.05091162398457527,0.05087296664714813,1000.0,10,0.05088217183947563,0.05075901001691818,0.050591882318258286,0.9719626168224299,680.7295532226562,0.05077439546585083,0.10520172119140625,1e-05,-1.4830503463745117,0.2,90,208,1.2809819490648806,0.1,0.0508040226995945,39.0407228410244,0.0021068072,-0.001834170656002243,0.0,1.6690809726715088
0.05091940611600876,0.0,0.051020897924900055,0.05065499246120453,0.050877612084150314,0.05099758505821228,0.05101652443408966,0.051068082451820374,0.1320754716981132,4554,1441792,0.0508212186396122,0.05092943459749222,0.05085314065217972,-1.0,0.05085019767284393,0.0,0.05078794062137604,0.05086725577712059,0.05079576373100281,0.051068082451820374,0.8679245283018868,0.05080582946538925,316,0.050848338752985,53,0.05096159875392914,1.3972452830188689,0.051012326031923294,0.051003847271203995,0.05089857801795006,0.05102233588695526,0.050968606024980545,964.61,11,0.05094992369413376,0.050829820334911346,0.05065499246120453,0.8679245283018868,655.2047729492188,0.05085514113306999,0.11146621704101563,1e-05,-1.0586426258087158,0.2,100,46,1.213682264275849,0.1,0.05090465396642685,38.992865496873854,0.0022122804,-0.002104180988317239,0.0,1.5984359979629517
0.05103455111384392,0.0,0.051058392971754074,0.05075041949748993,0.051041778177022934,0.051038410514593124,0.05104738846421242,0.05119781196117401,0.03398058252427184,4534,1572864,0.050865061581134796,0.050981029868125916,0.05093944072723389,-1.0,0.05088428407907486,0.0,0.05089385807514191,0.05095888674259186,0.050839658826589584,0.05119781196117401,0.9660194174757282,0.05089721828699112,346,0.05095561966300011,206,0.051055774092674255,1.3850097087378652,0.05111235752701759,0.051127318292856216,0.05101747065782547,0.051108669489622116,0.051084935665130615,988.25,12,0.05096196010708809,0.05093328654766083,0.05075041949748993,0.9660194174757282,674.0750122070312,0.05092485621571541,0.11100387573242188,1e-05,-1.189490795135498,0.2,110,199,1.1095542187802494,0.1,0.050988417118787766,38.94818550348282,0.0022123544,-0.0019286237646156223,0.0,1.4092994928359985
0.05116887390613556,0.0,0.051136117428541183,0.050893981009721756,0.05113382637500763,0.051086731255054474,0.051132023334503174,0.051256969571113586,0.1746031746031746,4529,1703936,0.05104272812604904,0.05108468234539032,0.05099838972091675,-1.0,0.050925061106681824,0.0,0.051020290702581406,0.051042716950178146,0.050981052219867706,0.051261454820632935,0.8253968253968254,0.05091134458780289,376,0.05101185292005539,63,0.05115451663732529,1.3875555555555563,0.051181260496377945,0.0512508861720562,0.05111939087510109,0.051261454820632935,0.051161691546440125,920.97,13,0.051066283136606216,0.05106222629547119,0.050893981009721756,0.8253968253968254,628.4050903320312,0.051051173359155655,0.10922164916992187,1e-05,-0.9902528524398804,0.2,120,52,1.1242896102368831,0.1,0.051085423678159714,38.90311896800995,0.0021671187,-0.0018331334799768229,0.0,1.447882056236267
0.05119835585355759,0.0,0.051122356206178665,0.05093175172805786,0.05121874809265137,0.0511571504175663,0.051178134977817535,0.05135360732674599,0.050505050505050504,4511,1835008,0.051118966192007065,0.051181260496377945,0.051138948649168015,-1.0,0.05101641267538071,0.0,0.05112748593091965,0.0511380173265934,0.05107949301600456,0.05136342719197273,0.9494949494949495,0.05109187960624695,406,0.05104505270719528,198,0.051142461597919464,1.3980808080808096,0.05129428580403328,0.05128035694360733,0.051164813339710236,0.05136342719197273,0.05123474821448326,993.74,14,0.051195256412029266,0.05117401108145714,0.05093175172805786,0.9494949494949495,678.7860717773438,0.05108803138136864,0.10942230224609376,1e-05,-0.9218094348907471,0.2,130,188,1.024138440703973,0.1,0.051161400973796844,38.86182801127434,0.0021414666,-0.0021221537739620545,0.0,1.4162073135375977
0.05132509768009186,0.0,0.051221657544374466,0.05105135962367058,0.051420439034700394,0.05130266025662422,0.05128718912601471,0.05139157921075821,0.046875,4509,1966080,0.051227688789367676,0.05126934126019478,0.05124939605593681,-1.0,0.05110100284218788,0.0,0.05125942826271057,0.05126591771841049,0.05114137381315231,0.05150886997580528,0.953125,0.05121574178338051,436,0.05115079879760742,64,0.05128047987818718,1.4021562500000009,0.05138257145881653,0.05137152224779129,0.05121586471796036,0.05150886997580528,0.051349248737096786,972.41,15,0.051314111799001694,0.05123230442404747,0.05105135962367058,0.953125,661.32666015625,0.05117213353514671,0.10910873413085938,1e-05,-0.8349955081939697,0.2,140,61,1.0352806757204234,0.1,0.051268309354782104,38.81620862483978,0.0022265853,-0.002019764548913372,0.0,1.429626226425171
0.051403023302555084,0.0,0.05135457590222359,0.051129862666130066,0.05157441273331642,0.05139061063528061,0.05137903243303299,0.05138265714049339,0.025510204081632654,4491,2097152,0.05133206397294998,0.05133764073252678,0.05132058262825012,-1.0,0.0511777326464653,0.0,0.05135255306959152,0.05131593719124794,0.05117566138505936,0.05161087587475777,0.9744897959183674,0.0512990802526474,466,0.05127204209566116,196,0.05133992061018944,1.3980714285714293,0.0515170581638813,0.05142175033688545,0.0512976348400116,0.05161087587475777,0.05142483115196228,994.15,16,0.05143161863088608,0.051308922469615936,0.051129862666130066,0.9744897959183674,675.7097778320312,0.05120889097452164,0.10999069213867188,1e-05,-1.34932279586792,0.2,150,191,0.8930134572088718,0.1,0.05135035514831543,38.77034331858158,0.0022065577,-0.0018893047948949971,0.0,1.2397578954696655
0.05145973339676857,0.0,0.051480960100889206,0.051209092140197754,0.051707781851291656,0.051446396857500076,0.051538705825805664,0.051484521478414536,0.11764705882352941,4491,2228224,0.051473598927259445,0.05146868899464607,0.05146149918437004,-1.0,0.05127440392971039,0.0,0.05143257603049278,0.051415760070085526,0.05125479772686958,0.051707781851291656,0.8823529411764706,0.05145196616649628,496,0.05134054273366928,68,0.05144635960459709,1.4010882352941185,0.05160503089427948,0.0515240877866745,0.05136885121464729,0.05167233943939209,0.05149339511990547,956.81,17,0.05152997374534607,0.05136353522539139,0.051209092140197754,0.8823529411764706,649.1533813476562,0.0513869971036911,0.10888290405273438,1e-05,-0.9758083820343018,0.2,160,60,0.8887982127256692,0.1,0.0514516644179821,38.72574411332607,0.0021914612,-0.001965144384121231,0.0,1.31531822681427
0.05159285292029381,0.0,0.051522981375455856,0.051319558173418045,0.05184230953454971,0.05154071003198624,0.051680680364370346,0.051566191017627716,0.041666666666666664,4478,2359296,0.051536887884140015,0.05161384120583534,0.05149031803011894,-1.0,0.051371265202760696,0.0,0.05152909830212593,0.05148475617170334,0.0513424314558506,0.05184230953454971,0.9583333333333334,0.05148307606577873,526,0.05143046751618385,192,0.05149046704173088,1.3816979166666676,0.051701296120882034,0.05161823332309723,0.05144399777054787,0.05176359415054321,0.05155673623085022,990.8,18,0.05158516392111778,0.051460664719343185,0.051319558173418045,0.9583333333333334,672.3399047851562,0.051482729613780975,0.11002731323242188,1e-05,-0.7480260133743286,0.2,170,184,0.7983327238820493,0.1,0.05153800919651985,38.68017580807209,0.0021720568,-0.0020482328613979917,0.0,1.1467578411102295
0.05172012373805046,0.0,0.05156438425183296,0.0513765811920166,0.05197383835911751,0.051617566496133804,0.05177738144993782,0.05158283933997154,0.10526315789473684,4478,2490368,0.05167610943317413,0.05174127593636513,0.05155044421553612,-1.0,0.05150223895907402,0.0,0.05159442499279976,0.05160808190703392,0.05144163966178894,0.05197383835911751,0.8947368421052632,0.05157186836004257,556,0.05157024785876274,76,0.05157526582479477,1.3759210526315802,0.05177941918373108,0.051692117005586624,0.051512282341718674,0.05179351195693016,0.05159902572631836,947.29,19,0.05167153850197792,0.051493287086486816,0.0513765811920166,0.8947368421052632,643.5628051757812,0.051566533744335175,0.10755996704101563,1e-05,-0.6387226581573486,0.2,180,68,0.8128686090931296,0.1,0.05162207782268524,38.6391932040453,0.0021259552,-0.0019045028623622783,0.0,1.1854442358016968
0.05181341990828514,0.0,0.051684118807315826,0.051444973796606064,0.05205381289124489,0.051719509065151215,0.05182056128978729,0.051724623888731,0.041666666666666664,4467,2621440,0.05175761133432388,0.05182787403464317,0.05172600969672203,-1.0,0.051611464470624924,0.0,0.0516338050365448,0.05172933638095856,0.051523782312870026,0.05205381289124489,0.9583333333333334,0.051620595157146454,586,0.0516732893884182,192,0.051628079265356064,1.397093750000001,0.05190527066588402,0.051746029406785965,0.05162521079182625,0.05189159885048866,0.05176374688744545,996.2,20,0.05175050348043442,0.05163726583123207,0.051444973796606064,0.9583333333333334,678.8532104492188,0.051690030843019485,0.1087005615234375,1e-05,-0.6175141334533691,0.2,190,184,0.7179646599572151,0.1,0.05172009766101837,38.594456401467326,0.0021839659,-0.0020401941224008624,0.0,1.0675837993621826
0.0519072525203228,0.0,0.05181765928864479,0.05152199789881706,0.052158910781145096,0.05180096626281738,0.0518445186316967,0.05182856321334839,0.0958904109589041,4467,2752512,0.05187598988413811,0.05184980854392052,0.05185260251164436,-1.0,0.05173448100686073,0.0,0.05170382559299469,0.05180943012237549,0.05166875571012497,0.052158910781145096,0.9041095890410958,0.05167475342750549,616,0.05176786705851555,73,0.051686543971300125,1.4042191780821929,0.052016694098711014,0.0518716461956501,0.05172477290034294,0.051997385919094086,0.05184311419725418,955.48,21,0.051887355744838715,0.05175146833062172,0.05152199789881706,0.9041095890410958,651.6343994140625,0.0517837293446064,0.11138458251953125,1e-05,-0.29621708393096924,0.2,200,66,0.6858625145163387,0.1,0.051815204322338104,38.54816189408302,0.002233149,-0.0021906762862272445,0.0,1.0667965412139893
0.05202389881014824,0.0,0.051893725991249084,0.05163192376494408,0.052184198051691055,0.051923271268606186,0.051921017467975616,0.0519319586455822,0.05181347150259067,4456,2883584,0.05201347917318344,0.05195128172636032,0.05191485211253166,-1.0,0.05189948156476021,0.0,0.0518266037106514,0.05194205045700073,0.0517304465174675,0.052184198051691055,0.9481865284974094,0.051751453429460526,647,0.05182630196213722,193,0.051820673048496246,1.395139896373058,0.05208761990070343,0.051877930760383606,0.05181214585900307,0.05213158577680588,0.05188808590173721,963.59,22,0.05192309245467186,0.05184232071042061,0.05163192376494408,0.9481865284974094,655.6116333007812,0.05177246034145355,0.1079681396484375,1e-05,-0.4845855236053467,0.2,210,183,0.5931645773351193,0.1,0.051900871098041534,38.50448868572712,0.00223384,-0.0021863292393391022,0.0,0.9311320185661316
0.05211622640490532,0.0,0.05195990204811096,0.05171844735741615,0.05233756825327873,0.05205399915575981,0.05203176289796829,0.05199180915951729,0.14634146341463414,4453,3014656,0.052095938473939896,0.05205315351486206,0.05200695991516113,-1.0,0.05197985842823982,0.0,0.05191250890493393,0.052043650299310684,0.051779236644506454,0.05233756825327873,0.8536585365853658,0.05185133218765259,676,0.051873981952667236,82,0.05192067101597786,1.356268292682928,0.05219379439949989,0.052023179829120636,0.05188518762588501,0.05220324173569679,0.0519455187022686,908.65,23,0.051968783140182495,0.05195261538028717,0.05171844735741615,0.8536585365853658,617.8431396484375,0.051837701350450516,0.10814132690429687,1e-05,-0.14005351066589355,0.2,220,70,0.5915425574872643,0.1,0.05198947712779045,38.46326512694359,0.0021618938,-0.0022124652450656868,0.0,0.9545494318008423
0.05222533270716667,0.0,0.05210105702280998,0.05180278420448303,0.052429717034101486,0.05211483687162399,0.05212334543466568,0.05208908021450043,0.08465608465608465,4445,3145728,0.052197590470314026,0.052203886210918427,0.05208205431699753,-1.0,0.05209505558013916,0.0,0.05203067511320114,0.05212400481104851,0.05184068903326988,0.052429717034101486,0.9153439153439153,0.05194029211997986,707,0.05200479179620743,189,0.0520176887512207,1.3999576719576732,0.05229615792632103,0.05209316685795784,0.05195296183228493,0.05232514441013336,0.052090808749198914,960.09,24,0.05205266922712326,0.05205988138914108,0.05180278420448303,0.9153439153439153,651.419921875,0.05197878181934357,0.10904998779296875,1e-05,0.055970609188079834,0.2,230,173,0.5098303457256407,0.1,0.05209089815616608,38.41664905548096,0.0022006305,-0.002315293185893097,0.0,0.8780708909034729
0.052315935492515564,0.0,0.0521567203104496,0.051907770335674286,0.052491191774606705,0.052217766642570496,0.05228445306420326,0.052208926528692245,0.12345679012345678,4444,3276800,0.05227009579539299,0.05230756849050522,0.052132219076156616,-1.0,0.052155751734972,0.0,0.052056197077035904,0.052184488624334335,0.05187547206878662,0.052491191774606705,0.8765432098765432,0.05206699296832085,737,0.05206532031297684,81,0.052078425884246826,1.4022962962962973,0.052415020763874054,0.05220141261816025,0.05205538868904114,0.052453383803367615,0.05215909704566002,950.59,25,0.05214766040444374,0.052149947732686996,0.05187547206878662,0.8765432098765432,645.814453125,0.05205211043357849,0.1066558837890625,1e-05,0.2716408371925354,0.2,240,71,0.49319027962628753,0.1,0.05217637121677399,38.37246789932251,0.0022266398,-0.0022550093762674804,0.0,0.8404190540313721
0.052407506853342056,0.0,0.05226759985089302,0.05197925493121147,0.05258719250559807,0.0522877536714077,0.05239712819457054,0.052283305674791336,0.043478260869565216,4437,3407872,0.05235535278916359,0.05242267623543739,0.052211519330739975,-1.0,0.052244700491428375,0.0,0.052169233560562134,0.05230899155139923,0.05195078253746033,0.05258999019861221,0.9565217391304348,0.05215176194906235,768,0.052134256809949875,184,0.0522182397544384,1.381945652173914,0.05249601975083351,0.05222279578447342,0.05209428444504738,0.05258999019861221,0.05217674747109413,987.91,26,0.05221739038825035,0.05227435380220413,0.05195078253746033,0.9565217391304348,674.39404296875,0.0522177517414093,0.10830078125,1e-05,0.03559213876724243,0.2,250,176,0.43582423019688576,0.1,0.05226666480302811,38.33044531643391,0.0021507656,-0.0020393488403897208,0.0,0.7843759059906006
0.05246196314692497,0.0,0.05242176726460457,0.05209427326917648,0.052665334194898605,0.052359651774168015,0.0524960458278656,0.05235685035586357,0.16853932584269662,4435,3538944,0.052479200065135956,0.05256667360663414,0.052296146750450134,-1.0,0.052354421466588974,0.0,0.05225192755460739,0.05239647626876831,0.052092112600803375,0.052692562341690063,0.8314606741573034,0.05227678641676903,797,0.05217478424310684,89,0.05233912914991379,1.3742022471910122,0.052625007927417755,0.052332617342472076,0.05215643718838692,0.052692562341690063,0.052234962582588196,935.26,27,0.052357614040374756,0.052341215312480927,0.052092112600803375,0.8314606741573034,634.0274047851562,0.052360471338033676,0.10942153930664063,1e-05,0.11429339647293091,0.2,260,74,0.400808174489066,0.1,0.052367374300956726,38.28388104736805,0.0021861254,-0.0022177721774824023,0.0,0.7807815074920654
0.05257764831185341,0.0,0.052484892308712006,0.05219196528196335,0.05277726799249649,0.05247671157121658,0.05253932997584343,0.05245920270681381,0.044444444444444446,4428,3670016,0.05255895107984543,0.05268944799900055,0.05235738679766655,-1.0,0.0524509958922863,0.0,0.052318230271339417,0.05253871530294418,0.052189264446496964,0.05277726799249649,0.9555555555555556,0.052300773561000824,828,0.052275318652391434,180,0.05246191471815109,1.3791666666666675,0.05269496142864227,0.05243311822414398,0.05226563289761543,0.05275378003716469,0.052301108837127686,973.53,28,0.05248256400227547,0.05243392661213875,0.052189264446496964,0.9555555555555556,661.1224975585938,0.05245419591665268,0.11462020874023438,1e-05,0.34361064434051514,0.2,270,172,0.37682948440779,0.1,0.05245869606733322,38.23902138769627,0.002238746,-0.0025173849309794603,0.0,0.7204380035400391
0.0527455173432827,0.0,0.05262746661901474,0.05228785425424576,0.052892252802848816,0.05257594585418701,0.052582740783691406,0.05249360203742981,0.10227272727272728,4423,3801088,0.0526343397796154,0.05282161757349968,0.05241125449538231,-1.0,0.05250847339630127,0.0,0.05246805399656296,0.05268208682537079,0.05231689661741257,0.052892252802848816,0.8977272727272727,0.052383385598659515,859,0.05239146947860718,88,0.05251587554812431,1.40384090909091,0.05285613611340523,0.05252030864357948,0.0523163266479969,0.05289057642221451,0.05242786556482315,957.73,29,0.052591465413570404,0.052525926381349564,0.05228785425424576,0.8977272727272727,652.3280029296875,0.052504170686006546,0.10924911499023438,1e-05,0.2400374412536621,0.2,280,79,0.3262588348472491,0.1,0.05255885794758797,38.192485481500626,0.0021930204,-0.0022232715260543045,0.0,0.7008315324783325
0.052772991359233856,0.0,0.05274539068341255,0.052439332008361816,0.05299380421638489,0.05263889953494072,0.05278557166457176,0.05254743620753288,0.08426966292134831,4417,3932160,0.05272694677114487,0.052864037454128265,0.05254345014691353,-1.0,0.05256298556923866,0.0,0.05253736302256584,0.05277164280414581,0.05238838121294975,0.05299380421638489,0.9157303370786517,0.05246909335255623,890,0.05249254032969475,178,0.05260777100920677,1.3785056179775292,0.05294814705848694,0.052616626024246216,0.05239436402916908,0.05298939347267151,0.05255163088440895,954.82,30,0.052744410932064056,0.05257686227560043,0.05238838121294975,0.9157303370786517,647.4928588867188,0.052550606429576874,0.10959930419921875,1e-05,0.41406524181365967,0.2,290,163,0.3036759236478247,0.1,0.05265038460493088,38.14735985994339,0.0021948728,-0.002414909529397846,0.0,0.6824157238006592
0.052824072539806366,0.0,0.05280393734574318,0.052544739097356796,0.05307082459330559,0.052695490419864655,0.052865106612443924,0.05269083008170128,0.09574468085106383,4413,4063232,0.05280749872326851,0.053003329783678055,0.052641794085502625,-1.0,0.05266891419887543,0.0,0.05265052244067192,0.0528654009103775,0.05249961093068123,0.05317062512040138,0.9042553191489362,0.052605412900447845,920,0.05258447304368019,94,0.05269748717546463,1.379127659574469,0.053057391196489334,0.05268074572086334,0.05253542587161064,0.05317062512040138,0.052537791430950165,966.08,31,0.052805233746767044,0.05266531929373741,0.05249961093068123,0.9042553191489362,655.956787109375,0.052586790174245834,0.11213150024414062,1e-05,0.5152958631515503,0.2,300,85,0.29546812068438155,0.1,0.05274235084652901,38.10410022139549,0.0022081789,-0.00271800833488669,0.0,0.6690298318862915
0.0529915913939476,0.0,0.05285092815756798,0.05258610099554062,0.053204383701086044,0.052750952541828156,0.053009990602731705,0.05279102176427841,0.047058823529411764,4406,4194304,0.05290396884083748,0.053087491542100906,0.052785951644182205,-1.0,0.05274199694395065,0.0,0.05269135907292366,0.0529775433242321,0.05262228101491928,0.05328477546572685,0.9529411764705882,0.05261128395795822,951,0.05270363390445709,170,0.052764762192964554,1.374541176470589,0.05310005322098732,0.05276111513376236,0.052629388868808746,0.05328477546572685,0.05257716402411461,971.31,32,0.0529194101691246,0.052773430943489075,0.05257716402411461,0.9529411764705882,661.511962890625,0.05262809246778488,0.11217117309570312,1e-05,0.5327658653259277,0.2,310,162,0.2456733059952967,0.1,0.05282994732260704,38.06131909489632,0.0022128178,-0.002528481317040132,0.0,0.6685701608657837
0.05311993137001991,0.0,0.0529702790081501,0.05267275869846344,0.053268976509571075,0.05283902585506439,0.05318554863333702,0.05283958837389946,0.05263157894736842,4403,4325376,0.052969448268413544,0.05317748337984085,0.05292882025241852,-1.0,0.05282219871878624,0.0,0.05280548706650734,0.053104862570762634,0.0526958703994751,0.053408097475767136,0.9473684210526315,0.05266154184937477,982,0.05282948538661003,95,0.05285653844475746,1.4080000000000008,0.05320201441645622,0.05282203108072281,0.05277644842863083,0.053408097475767136,0.05268693342804909,984.37,33,0.05296168103814125,0.05282904580235481,0.05266154184937477,0.9473684210526315,668.455078125,0.052734024822711945,0.11328506469726562,1e-05,0.4436672329902649,0.2,320,90,0.22312359074130655,0.1,0.052926719188690186,38.01744686961174,0.0022295923,-0.00253542303944414,0.0,0.584979772567749
0.05317605286836624,0.0,0.0530804842710495,0.052765678614377975,0.05334918946027756,0.05298500508069992,0.05330489203333855,0.052971240133047104,0.06395348837209303,4399,4456448,0.053090229630470276,0.05327151343226433,0.05303703248500824,-1.0,0.05286630243062973,0.0,0.052856601774692535,0.053192172199487686,0.052810244262218475,0.05346455052495003,0.936046511627907,0.0526949018239975,1012,0.05293162539601326,172,0.05299324542284012,1.386418604651164,0.05332755669951439,0.052924949675798416,0.05288694426417351,0.05346455052495003,0.052771128714084625,968.25,34,0.052978288382291794,0.052879299968481064,0.0526949018239975,0.936046511627907,658.052978515625,0.05289231613278389,0.11556854248046874,1e-05,0.5387722253799438,0.2,330,161,0.18581321629462763,0.1,0.05302005633711815,37.97273484766483,0.0023062096,-0.002570616579032503,0.0,0.5933095812797546
0.053290724754333496,0.0,0.05314980447292328,0.052869051694869995,0.05348614975810051,0.05312691256403923,0.05337309092283249,0.0530959889292717,0.1553398058252427,4394,4587520,0.053159382194280624,0.0533229261636734,0.05311521887779236,-1.0,0.05294988676905632,0.0,0.05296444520354271,0.05330559238791466,0.05287504196166992,0.05357583612203598,0.8446601941747572,0.05283910036087036,1043,0.052998561412096024,103,0.05307110771536827,1.4056116504854377,0.053429000079631805,0.05308177322149277,0.052961211651563644,0.05357583612203598,0.0528763048350811,938.09,35,0.05310188606381416,0.05299074202775955,0.05283910036087036,0.8446601941747572,634.916748046875,0.05307091772556305,0.11311264038085937,1e-05,0.6452827453613281,0.2,340,87,0.1877692423062399,0.1,0.05312322452664375,37.92651683688164,0.0023243371,-0.0025706641884426064,0.0,0.517163872718811
0.05342651158571243,0.0,0.0532539039850235,0.05293866619467735,0.05357099324464798,0.053198445588350296,0.053457822650671005,0.053218740969896317,0.0718562874251497,4390,4718592,0.05325956642627716,0.0533917136490345,0.053224071860313416,-1.0,0.05302289500832558,0.0,0.053079355508089066,0.05346471816301346,0.05297992005944252,0.05360829085111618,0.9281437125748503,0.052882518619298935,1074,0.05311080068349838,167,0.05317659676074982,1.386562874251498,0.0535443052649498,0.053151387721300125,0.05304441601037979,0.05360829085111618,0.05298277363181114,955.07,36,0.053134750574827194,0.05307377874851227,0.052882518619298935,0.9281437125748503,646.870849609375,0.05313585326075554,0.11867446899414062,1e-05,0.7065953016281128,0.2,350,155,0.20665457455907016,0.1,0.05321330949664116,37.88154552876949,0.002360736,-0.002739335123806086,0.0,0.5873170495033264
0.05349131301045418,0.0,0.05334988608956337,0.05304676666855812,0.05364144966006279,0.05321143567562103,0.05360265076160431,0.05331225320696831,0.0761904761904762,4386,4849664,0.05332784727215767,0.05350843071937561,0.05332555994391441,-1.0,0.05314317345619202,0.0,0.05311903357505798,0.053514108061790466,0.053066905587911606,0.053727999329566956,0.9238095238095239,0.053041279315948486,1105,0.053167443722486496,105,0.05332155525684357,1.4049714285714299,0.05370358005166054,0.05323052033782005,0.05319499596953392,0.053727999329566956,0.0530921146273613,967.3,37,0.05325085297226906,0.05317027121782303,0.053041279315948486,0.9238095238095239,654.12841796875,0.05321059748530388,0.114361572265625,1e-05,0.6900402307510376,0.2,360,97,0.19417918014805763,0.1,0.053310878574848175,37.8376027226448,0.0022596777,-0.002601661189510196,0.0,0.5670168399810791
0.05362262949347496,0.0,0.053436797112226486,0.05315975099802017,0.05372300744056702,0.053323131054639816,0.05370684713125229,0.053366273641586304,0.01910828025477707,4383,4980736,0.05346105992794037,0.05364058166742325,0.053436730057001114,-1.0,0.05324973911046982,0.0,0.05325528234243393,0.053605347871780396,0.05322670936584473,0.05388868600130081,0.9808917197452229,0.05313117802143097,1136,0.053310345858335495,157,0.053398434072732925,1.395936305732485,0.053752921521663666,0.05332157760858536,0.053242072463035583,0.05388868600130081,0.05321993678808212,987.66,38,0.05340740829706192,0.05324799567461014,0.05313117802143097,0.9808917197452229,669.0123291015625,0.05330881476402283,0.119964599609375,1e-05,0.6618664264678955,0.2,370,154,0.15095083538326434,0.1,0.05341772735118866,37.7889072984457,0.0023865923,-0.002792499287352257,0.0,0.513002872467041
0.0537833534181118,0.0,0.053617361932992935,0.05324188992381096,0.05384885519742966,0.05342941731214523,0.05386439710855484,0.05342675745487213,0.058333333333333334,4379,5111808,0.053501732647418976,0.05382309481501579,0.05346217006444931,-1.0,0.05333254113793373,0.0,0.05339120328426361,0.05373048782348633,0.05330813303589821,0.05392461642622948,0.9416666666666667,0.05327122285962105,1167,0.05340106785297394,120,0.05347277224063873,1.4091666666666678,0.05390149727463722,0.0534062534570694,0.05335189402103424,0.05392461642622948,0.05332405865192413,975.1,39,0.053489312529563904,0.05334753170609474,0.05324188992381096,0.9416666666666667,659.7686767578125,0.05341489985585213,0.114007568359375,1e-05,0.5871106386184692,0.2,380,113,0.11277139309095219,0.1,0.053522661328315735,37.739128014445306,0.0023310944,-0.002535044938485953,0.0,0.47544577717781067
0.05388617888092995,0.0,0.05373644456267357,0.05339931324124336,0.054003749042749405,0.05353213846683502,0.054005175828933716,0.05343920364975929,0.039473684210526314,4376,5242880,0.05358879640698433,0.05395105853676796,0.05357123538851738,-1.0,0.05346959829330444,0.0,0.05350303277373314,0.05379897728562355,0.05336080119013786,0.0540197379887104,0.9605263157894737,0.05332459136843681,1198,0.05349757522344589,152,0.05359113588929176,1.3923157894736853,0.05399201810359955,0.05354413762688637,0.053449880331754684,0.0540197379887104,0.053428489714860916,970.68,40,0.05357252433896065,0.053432807326316833,0.05332459136843681,0.9605263157894737,659.4653930664062,0.05348611995577812,0.116973876953125,1e-05,0.6602458953857422,0.2,390,146,0.12369183811242693,0.1,0.05362338945269585,37.69194087684154,0.0022804576,-0.002857553559442749,0.0,0.5079302191734314
0.05393649637699127,0.0,0.053828101605176926,0.053556881844997406,0.05411157011985779,0.053633011877536774,0.05410028249025345,0.0535416379570961,0.1,4371,5373952,0.05365254357457161,0.054018568247556686,0.053684696555137634,-1.0,0.053554315119981766,0.0,0.05361926555633545,0.053908102214336395,0.05349826440215111,0.054158370941877365,0.9,0.05340990796685219,1229,0.05359615758061409,120,0.05364632606506348,1.3939333333333344,0.054070647805929184,0.05364556983113289,0.05358206853270531,0.054158370941877365,0.05354390665888786,953.44,41,0.05370352789759636,0.05353013798594475,0.05340990796685219,0.9,647.17919921875,0.053629010915756226,0.11727218627929688,1e-05,0.7220430374145508,0.2,400,108,0.11302051003440283,0.1,0.05372637137770653,37.6440915286541,0.0023436537,-0.002598376696369087,0.0,0.49863681197166443
0.05402076989412308,0.0,0.05388418585062027,0.0536729097366333,0.05431550741195679,0.053717538714408875,0.05428081378340721,0.053647540509700775,0.04827586206896552,4369,5505024,0.05375062674283981,0.054101377725601196,0.05379744619131088,-1.0,0.053598690778017044,0.0,0.05374640226364136,0.05402867868542671,0.053605735301971436,0.05431550741195679,0.9517241379310345,0.05351909622550011,1259,0.053694602102041245,145,0.0537952296435833,1.3964137931034495,0.05411311984062195,0.05373949557542801,0.05368650332093239,0.05431452393531799,0.05360044166445732,973.59,42,0.0538589209318161,0.05359236150979996,0.05351909622550011,0.9517241379310345,659.75927734375,0.053717292845249176,0.123968505859375,1e-05,0.75379878282547,0.2,410,138,0.14199935268843547,0.1,0.05383199080824852,37.59589345157146,0.0024249253,-0.003173746393167676,0.0,0.5104051828384399
0.05411455035209656,0.0,0.054000746458768845,0.05373338237404823,0.05444151163101196,0.05380626395344734,0.05438739061355591,0.05370781570672989,0.02824858757062147,4365,5636096,0.05388093739748001,0.0542142428457737,0.05391601845622063,-1.0,0.05372073873877525,0.0,0.05383116751909256,0.05408782511949539,0.053703274577856064,0.05444151163101196,0.9717514124293786,0.0536048486828804,1291,0.053770314902067184,177,0.05387812480330467,1.391220338983052,0.054238345474004745,0.053815729916095734,0.05380125716328621,0.05442475527524948,0.05368104949593544,987.59,43,0.053961582481861115,0.05371502414345741,0.0536048486828804,0.9717514124293786,669.640380859375,0.053812190890312195,0.1130584716796875,1e-05,0.7670331597328186,0.2,420,172,0.09754363393585663,0.1,0.05392996221780777,37.548495987057684,0.0022616251,-0.0025944916274056595,0.0,0.48585790395736694
0.0542122945189476,0.0,0.05410153418779373,0.05386586859822273,0.05459693446755409,0.05390448868274689,0.0544828325510025,0.05376999452710152,0.06818181818181818,4362,5767168,0.05393190681934357,0.05436244606971741,0.0540243498980999,-1.0,0.0538894422352314,0.0,0.05397875979542732,0.054237671196460724,0.05387592688202858,0.05459693446755409,0.9318181818181818,0.05368620529770851,1321,0.05384408310055733,88,0.05399072915315628,1.3967727272727284,0.054279766976833344,0.05398013815283775,0.05393556132912636,0.05447310581803322,0.05378120392560959,973.12,44,0.05404499173164368,0.0537320077419281,0.05368620529770851,0.9318181818181818,659.941162109375,0.05394098535180092,0.1155914306640625,1e-05,0.7268949747085571,0.2,430,82,0.09014392154058441,0.1,0.054036930203437805,37.500999161601065,0.002249462,-0.0024467172364893487,0.0,0.43221810460090637
0.054278742522001266,0.0,0.05423241853713989,0.053971901535987854,0.054741524159908295,0.054013945162296295,0.05459314584732056,0.05385477468371391,0.06857142857142857,4358,5898240,0.05403965339064598,0.05444902926683426,0.05403892323374748,-1.0,0.054006993770599365,0.0,0.054104115813970566,0.05429334565997124,0.05403440073132515,0.054741524159908295,0.9314285714285714,0.05378134176135063,1353,0.0539766363799572,175,0.05413110554218292,1.3720228571428583,0.05444411188364029,0.05409104749560356,0.05402436479926109,0.05455709248781204,0.05388326197862625,982.48,45,0.054144181311130524,0.05382489040493965,0.05378134176135063,0.9314285714285714,668.8077392578125,0.05404103547334671,0.1167266845703125,1e-05,0.7889344692230225,0.2,440,163,0.09236693911952898,0.1,0.05414207652211189,37.451966899633405,0.0022807748,-0.0025360805765558326,0.0,0.4465651512145996
0.05433012917637825,0.0,0.05432695522904396,0.05410369113087654,0.05484208092093468,0.05413629487156868,0.05478799343109131,0.05398912355303764,0.14432989690721648,4356,6029312,0.05414019152522087,0.05458090081810951,0.05419009178876877,-1.0,0.054147202521562576,0.0,0.05417506769299507,0.05439219996333122,0.05415375903248787,0.05484208092093468,0.8556701030927835,0.053878456354141235,1384,0.05412347987294197,97,0.054181721061468124,1.3768041237113415,0.05460819602012634,0.05428239330649376,0.05415959656238556,0.05464433878660202,0.05399330332875252,942.27,46,0.05428125336766243,0.053954582661390305,0.053878456354141235,0.8556701030927835,634.993896484375,0.05414871498942375,0.1303741455078125,1e-05,0.7847119569778442,0.2,450,83,0.13687427852419204,0.1,0.05426206439733505,37.40050484836102,0.0024871118,-0.00320250187523925,0.0,0.5114966630935669
0.054442618042230606,0.0,0.0544639453291893,0.054201629012823105,0.05487503111362457,0.054246556013822556,0.054889123886823654,0.05410265550017357,0.018072289156626505,4352,6160384,0.05425061658024788,0.054735973477363586,0.05433402583003044,-1.0,0.05431424826383591,0.0,0.05426030233502388,0.05449795350432396,0.05430197715759277,0.054889123886823654,0.9819277108433735,0.05406965687870979,1415,0.05416598543524742,166,0.05429287999868393,1.3955662650602423,0.05469897761940956,0.054382823407649994,0.05427360534667969,0.054733578115701675,0.05411002039909363,992.93,47,0.05444885045289993,0.05410388112068176,0.05406965687870979,0.9819277108433735,673.7589111328125,0.05427396669983864,0.12863388061523437,1e-05,0.768719494342804,0.2,460,163,0.1418047928425949,0.1,0.05437883362174034,37.34600506722927,0.0025162445,-0.0032616081698506605,0.0,0.5130001306533813
0.05449250712990761,0.0,0.0545264407992363,0.054249126464128494,0.054949354380369186,0.05433870479464531,0.05502714961767197,0.054276205599308014,0.10101010101010101,4351,6291456,0.05437200143933296,0.05483107641339302,0.05441397801041603,-1.0,0.05444953590631485,0.0,0.05437818169593811,0.054668158292770386,0.054350730031728745,0.05502714961767197,0.898989898989899,0.05418028682470322,1445,0.05423799529671669,99,0.054407998919487,1.3935353535353543,0.05473266541957855,0.05449995771050453,0.05437112972140312,0.054892294108867645,0.05419749394059181,962.98,48,0.05457460507750511,0.05421232804656029,0.05418028682470322,0.898989898989899,654.10205078125,0.0544365830719471,0.11556243896484375,1e-05,0.7260146141052246,0.2,470,89,0.07774881326477043,0.1,0.054482657462358475,37.29451868832111,0.0023160197,-0.002554332863655873,0.0,0.4912204146385193
0.05451119691133499,0.0,0.054623041301965714,0.0543978251516819,0.055049825459718704,0.054382748901844025,0.05511452630162239,0.054428040981292725,0.048484848484848485,4348,6422528,0.0543983057141304,0.05494255945086479,0.05453901365399361,-1.0,0.054617300629615784,0.0,0.054482702165842056,0.05475833639502525,0.05444763973355293,0.05511452630162239,0.9515151515151515,0.05426058918237686,1476,0.05433584004640579,165,0.05446527153253555,1.369539393939395,0.05481812357902527,0.05458052456378937,0.05447706580162048,0.05500305816531181,0.054332565516233444,989.33,49,0.054733287543058395,0.054307855665683746,0.05426058918237686,0.9515151515151515,671.1763916015625,0.05455177277326584,0.12489242553710937,1e-05,0.788791298866272,0.2,480,157,0.11427719816565514,0.1,0.05458236113190651,37.24918331503868,0.0024353804,-0.0031076888148163563,0.0,0.5493841171264648
0.05460474640130997,0.0,0.05478304252028465,0.05455225706100464,0.05515557900071144,0.05446705222129822,0.055217843502759933,0.0545080341398716,0.10377358490566038,4346,6553600,0.05452519282698631,0.05501985549926758,0.05462737753987312,-1.0,0.05472809821367264,0.0,0.054632481187582016,0.05480314791202545,0.05457403138279915,0.055217843502759933,0.8962264150943396,0.05430561676621437,1507,0.054491184651851654,106,0.05460112541913986,1.3718867924528308,0.054937224835157394,0.054665811359882355,0.05456977337598801,0.05517204850912094,0.05444673076272011,960.99,50,0.05490793287754059,0.05445824936032295,0.05430561676621437,0.8962264150943396,649.7156372070312,0.05459965765476227,0.12152786254882812,1e-05,0.77456134557724,0.2,490,95,0.10072912506875582,0.1,0.05469416081905365,37.19976828992367,0.0023357272,-0.002969714676692092,0.0,0.4304673373699188
0.05468212068080902,0.0,0.05492086708545685,0.054629068821668625,0.05527573078870773,0.05455412715673447,0.05536904186010361,0.05461319535970688,0.03821656050955414,4343,6684672,0.0546821728348732,0.055144958198070526,0.05472823604941368,-1.0,0.05486441031098366,0.0,0.05479959398508072,0.0548861026763916,0.05468122288584709,0.05536904186010361,0.9617834394904459,0.05437762662768364,1539,0.05466416850686073,157,0.0546807236969471,1.3781910828025488,0.05510571226477623,0.054822396486997604,0.054620515555143356,0.05534486100077629,0.054619066417217255,986.2,51,0.055083341896533966,0.05458517000079155,0.05437762662768364,0.9617834394904459,666.3170166015625,0.05470952019095421,0.12354965209960937,1e-05,0.7683072686195374,0.2,500,151,0.11938952838827391,0.1,0.05481775477528572,37.14602160751819,0.0024264166,-0.0030753977662243415,0.0,0.4558854103088379
0.05478290095925331,0.0,0.055047567933797836,0.05472097173333168,0.055441003292798996,0.05467531085014343,0.05546906217932701,0.054710157215595245,0.07142857142857142,4340,6815744,0.054854702204465866,0.05520203709602356,0.0549272820353508,-1.0,0.054980047047138214,0.0,0.054897502064704895,0.05499574914574623,0.054765764623880386,0.05549432709813118,0.9285714285714286,0.05448564887046814,1570,0.05477803945541382,112,0.05479871854186058,1.3837142857142868,0.055209483951330185,0.054901767522096634,0.05477234721183777,0.05549432709813118,0.05478331819176674,965.17,52,0.055222317576408386,0.05474631488323212,0.05448564887046814,0.9285714285714286,653.4139404296875,0.05480731278657913,0.12352523803710938,1e-05,0.7688381671905518,0.2,510,104,0.11089711036765948,0.1,0.05493878200650215,37.0907006919384,0.0024010171,-0.002865133082741522,0.0,0.44812729954719543
0.05491067096590996,0.0,0.05515161156654358,0.05485726520419121,0.05557572841644287,0.054864302277565,0.05558731034398079,0.05481398105621338,0.0379746835443038,4338,6946816,0.055000316351652145,0.05527272820472717,0.05503798648715019,-1.0,0.055030547082424164,0.0,0.054964594542980194,0.05509693920612335,0.054864443838596344,0.055621277540922165,0.9620253164556962,0.05459199100732803,1601,0.054870765656232834,158,0.054869405925273895,1.3910506329113934,0.05528515577316284,0.055043213069438934,0.054897867143154144,0.055621277540922165,0.05490121617913246,991.3,53,0.05535975843667984,0.054836686700582504,0.05459199100732803,0.9620253164556962,676.412109375,0.054903846234083176,0.11641311645507812,1e-05,0.8068180084228516,0.2,520,152,0.09508207890903578,0.1,0.0550483837723732,37.038075587153436,0.0022849948,-0.002706496617793164,0.0,0.44233590364456177
0.05500735715031624,0.0,0.05527583882212639,0.054913561791181564,0.05572807788848877,0.055007655173540115,0.055663660168647766,0.054865360260009766,0.08695652173913043,4336,7077888,0.055084433406591415,0.05538024753332138,0.05511639639735222,-1.0,0.055152084678411484,0.0,0.055112507194280624,0.05516371876001358,0.054931383579969406,0.05573894828557968,0.9130434782608695,0.0547206848859787,1632,0.05498648062348366,115,0.05494341999292374,1.3854260869565227,0.05532826483249664,0.055113740265369415,0.05501054227352142,0.05573894828557968,0.05509805306792259,954.21,54,0.0554497055709362,0.0550108440220356,0.0547206848859787,0.9130434782608695,645.2129516601562,0.05502079054713249,0.12003250122070312,1e-05,0.7414735555648804,0.2,530,105,0.09391253684007098,0.1,0.05515294894576073,36.98925244510174,0.00231783,-0.002525120839891315,0.0,0.4415549039840698
0.055166326463222504,0.0,0.05539620295166969,0.055059049278497696,0.0558323860168457,0.05510132387280464,0.055821310728788376,0.05492865666747093,0.053691275167785234,4334,7208960,0.05520499497652054,0.055491842329502106,0.055168986320495605,-1.0,0.055252715945243835,0.0,0.05521262064576149,0.055272042751312256,0.05507654324173927,0.05591188371181488,0.9463087248322147,0.0548548698425293,1663,0.055039551109075546,149,0.05505805462598801,1.395436241610739,0.055458322167396545,0.05523473769426346,0.055206943303346634,0.05591188371181488,0.055235132575035095,998.62,55,0.05553382262587547,0.055133506655693054,0.0548548698425293,0.9463087248322147,676.40380859375,0.055183060467243195,0.12837905883789064,1e-05,0.7771788239479065,0.2,540,141,0.13863086208875758,0.1,0.055273398756980896,36.93829486370087,0.002448753,-0.0030743519698262388,0.0,0.5386960506439209
0.055242665112018585,0.0,0.05545307695865631,0.0551125705242157,0.05596793815493584,0.05521127209067345,0.055979277938604355,0.05508077144622803,0.05217391304347826,4333,7340032,0.05536087229847908,0.05566898360848427,0.05532074347138405,-1.0,0.055401761084795,0.0,0.05527671054005623,0.055359601974487305,0.055183347314596176,0.055979277938604355,0.9478260869565217,0.05498243123292923,1693,0.05519833788275719,115,0.05513894930481911,1.3848869565217403,0.055601589381694794,0.055368684232234955,0.05534468963742256,0.05593012273311615,0.05533156171441078,973.46,56,0.05563850700855255,0.05521036684513092,0.05498243123292923,0.9478260869565217,661.6727905273438,0.05528077855706215,0.12329177856445313,1e-05,0.7591216564178467,0.2,550,109,0.09293610778113362,0.1,0.05538582801818848,36.885405188798906,0.0024280637,-0.0029387725207016047,0.0,0.4648228883743286
0.05536242574453354,0.0,0.05561015382409096,0.055208418518304825,0.05616094172000885,0.05529588833451271,0.056099969893693924,0.05516945570707321,0.040268456375838924,4330,7471104,0.0554942786693573,0.055719152092933655,0.05543084070086479,-1.0,0.055533479899168015,0.0,0.055425237864255905,0.05550312623381615,0.055325061082839966,0.05616094172000885,0.959731543624161,0.05506683513522148,1725,0.05533065274357796,149,0.05526812747120857,1.4077181208053702,0.05570942535996437,0.055506687611341476,0.05550430715084076,0.056120239198207855,0.055490173399448395,986.8,57,0.05576363205909729,0.055352672934532166,0.05506683513522148,0.959731543624161,671.647216796875,0.05531292408704758,0.12017822265625,1e-05,0.760707437992096,0.2,560,143,0.07971725287789014,0.1,0.05551056191325188,36.83171972930431,0.0022764895,-0.0028927098420354013,0.0,0.4853057563304901
0.055454108864068985,0.0,0.05571521818637848,0.05532029643654823,0.056307051330804825,0.05537594482302666,0.05624280124902725,0.055305711925029755,0.08130081300813008,4328,7602176,0.05564098432660103,0.05585288628935814,0.055587418377399445,-1.0,0.05570099502801895,0.0,0.05549567565321922,0.05564551055431366,0.0554649718105793,0.056307051330804825,0.9186991869918699,0.05518999695777893,1756,0.055429983884096146,123,0.05535294860601425,1.3714308943089444,0.05575426295399666,0.055545367300510406,0.05561338737607002,0.056245800107717514,0.055588118731975555,972.91,58,0.05590279400348663,0.05548248812556267,0.05518999695777893,0.9186991869918699,657.7380981445312,0.055454690009355545,0.119378662109375,1e-05,0.7402163743972778,0.2,570,113,0.10102639844699297,0.1,0.055626776069402695,36.77800244092941,0.0022741223,-0.0027926407659833786,0.0,0.47651350498199463
0.05557128041982651,0.0,0.055851049721241,0.05548592656850815,0.05642285197973251,0.055513039231300354,0.05638378486037254,0.05546390637755394,0.08275862068965517,4327,7733248,0.055728040635585785,0.05600615590810776,0.05574270710349083,-1.0,0.055879924446344376,0.0,0.05561475455760956,0.05580233410000801,0.05556312948465347,0.05642285197973251,0.9172413793103448,0.05528537929058075,1787,0.055602237582206726,145,0.05549582093954086,1.3900413793103459,0.05588195100426674,0.05562272295355797,0.0556899718940258,0.0563572458922863,0.05564935877919197,984.38,59,0.05608442798256874,0.05559162050485611,0.05528537929058075,0.9172413793103448,667.9322509765625,0.05555412173271179,0.12488784790039062,1e-05,0.7538901567459106,0.2,580,133,0.12037939323636238,0.1,0.05575374513864517,36.724047833681105,0.0024802305,-0.0032909498795561376,0.0,0.43751201033592224
0.05566517263650894,0.0,0.055970367044210434,0.05564023181796074,0.05663378909230232,0.0556209571659565,0.05654224380850792,0.055571384727954865,0.03333333333333333,4325,7864320,0.05584133043885231,0.05610143020749092,0.05587587505578995,-1.0,0.055986784398555756,0.0,0.055686693638563156,0.05587698146700859,0.05564694479107857,0.05663378909230232,0.9666666666666667,0.05544273555278778,1817,0.05571840703487396,120,0.0556367002427578,1.3852333333333344,0.05594966188073158,0.055767036974430084,0.0559365376830101,0.056492485105991364,0.0557522252202034,980.14,60,0.05624007433652878,0.055667828768491745,0.05544273555278778,0.9666666666666667,665.3987426757812,0.0556996688246727,0.12927017211914063,1e-05,0.7970049977302551,0.2,590,116,0.10906347960990388,0.1,0.055878542363643646,36.6666515648365,0.0024852518,-0.003179043441741669,0.0,0.4232628643512726
0.055781103670597076,0.0,0.05606107786297798,0.05579971522092819,0.05677013844251633,0.05568252503871918,0.056609366089105606,0.055691540241241455,0.04794520547945205,4324,7995392,0.05590099096298218,0.05629093199968338,0.056013286113739014,-1.0,0.05605991557240486,0.0,0.05579376593232155,0.055962976068258286,0.05573655664920807,0.05677013844251633,0.952054794520548,0.05557452514767647,1848,0.055871427059173584,146,0.05571644380688667,1.3884931506849325,0.056016914546489716,0.055895090103149414,0.05602439492940903,0.05663706734776497,0.055805474519729614,982.5,61,0.05640645697712898,0.05581517517566681,0.05557452514767647,0.952054794520548,668.8662719726562,0.05577702075242996,0.1205963134765625,1e-05,0.7717181444168091,0.2,600,139,0.07417600965709426,0.1,0.055987756699323654,36.614539289474486,0.0023144775,-0.002813599342334783,0.0,0.4131425619125366
0.055816370993852615,0.0,0.05622561275959015,0.05595763772726059,0.056893590837717056,0.055794790387153625,0.05673760920763016,0.055797427892684937,0.058333333333333334,4323,8126464,0.05595359578728676,0.05627383664250374,0.056150857359170914,-1.0,0.05619285628199577,0.0,0.05592026934027672,0.05617441236972809,0.05586090311408043,0.056893590837717056,0.9416666666666667,0.055723149329423904,1879,0.05594613775610924,120,0.05583416670560837,1.3980833333333345,0.056130822747945786,0.056067634373903275,0.05612872168421745,0.05678083002567291,0.05591170862317085,979.81,62,0.05646751821041107,0.05592229589819908,0.055723149329423904,0.9416666666666667,662.8613891601562,0.05588560178875923,0.12412338256835938,1e-05,0.78156977891922,0.2,610,113,0.0850339871016331,0.1,0.05610193312168121,36.56471913456917,0.0024073306,-0.0030858423147037684,0.0,0.419935405254364
0.05594944953918457,0.0,0.05633697286248207,0.05611616000533104,0.057002954185009,0.055937204509973526,0.05691331624984741,0.05593332275748253,0.02097902097902098,4321,8257536,0.05607951059937477,0.05634649470448494,0.056349918246269226,-1.0,0.05625832825899124,0.0,0.056087881326675415,0.05635784938931465,0.05600631237030029,0.057002954185009,0.9790209790209791,0.05584404617547989,1910,0.05600658059120178,143,0.055944375693798065,1.3902657342657354,0.05630526691675186,0.056225329637527466,0.056257352232933044,0.05684836953878403,0.05601277947425842,992.26,63,0.0566091351211071,0.056066688150167465,0.05584404617547989,0.9790209790209791,674.593505859375,0.056014660745859146,0.1209686279296875,1e-05,0.7208831310272217,0.2,620,140,0.09716959139041137,0.1,0.05623240768909454,36.51008557677269,0.0023844817,-0.0033034179280548416,0.0,0.488741934299469
0.0560627318918705,0.0,0.056428730487823486,0.056135144084692,0.05714898183941841,0.05605554208159447,0.057072512805461884,0.056002069264650345,0.064,4321,8388608,0.05617531016469002,0.05647772178053856,0.05647027865052223,-1.0,0.05641894042491913,0.0,0.0562002919614315,0.056477077305316925,0.056109290570020676,0.05714898183941841,0.936,0.055982980877161026,1941,0.05611522123217583,125,0.05607251822948456,1.3839200000000011,0.05637849122285843,0.05634954199194908,0.05637902766466141,0.05689844489097595,0.056152936071157455,975.35,64,0.056756507605314255,0.05618898570537567,0.055982980877161026,0.936,662.5906372070312,0.056164395064115524,0.11739273071289062,1e-05,0.784580647945404,0.2,630,117,0.06488317626062781,0.1,0.05634694546461105,36.455557867884636,0.0023322664,-0.0028273710585381196,0.0,0.4082255959510803
0.05620963126420975,0.0,0.05657428503036499,0.056238844990730286,0.05724265053868294,0.0561707578599453,0.05724872276186943,0.0561542883515358,0.041379310344827586,4319,8519680,0.05627639964222908,0.056584980338811874,0.05665215477347374,-1.0,0.056536611169576645,0.0,0.056326914578676224,0.056661203503608704,0.05620739609003067,0.05724872276186943,0.9586206896551724,0.05613432824611664,1972,0.0562705360352993,145,0.05619048699736595,1.3876275862068974,0.05647445097565651,0.0565153993666172,0.05646583437919617,0.057026732712984085,0.056222811341285706,965.69,65,0.05685814097523689,0.05642092972993851,0.05613432824611664,0.9586206896551724,656.9347534179688,0.05628066509962082,0.12247543334960938,1e-05,0.782648503780365,0.2,640,139,0.09124478212324902,0.1,0.056477803736925125,36.40134923756123,0.0024070013,-0.003282254820896924,0.0,0.4206588864326477
0.056264858692884445,0.0,0.056711576879024506,0.056379228830337524,0.05736265704035759,0.056324250996112823,0.05738940089941025,0.056259118020534515,0.088,4318,8650752,0.05645327642560005,0.05670340731739998,0.05674394965171814,-1.0,0.056686487048864365,0.0,0.05646476894617081,0.05677708238363266,0.05629057064652443,0.05738940089941025,0.912,0.05629679933190346,2003,0.05637216195464134,125,0.05630026012659073,1.387536000000001,0.05653811991214752,0.05660349503159523,0.056564491242170334,0.05720941349864006,0.05637984722852707,969.49,66,0.05703510716557503,0.05654103308916092,0.056259118020534515,0.912,658.2896728515625,0.05636826157569885,0.1186859130859375,1e-05,0.7843250632286072,0.2,650,114,0.08273459927004297,0.1,0.05660078302025795,36.34518329799175,0.0023548151,-0.0025248720248782774,0.0,0.4531542658805847
0.05635179951786995,0.0,0.056846026331186295,0.05652818828821182,0.05746425315737724,0.05647629499435425,0.057563845068216324,0.056342411786317825,0.027586206896551724,4316,8781824,0.05659208074212074,0.056791916489601135,0.05691984295845032,-1.0,0.05689086392521858,0.0,0.05658470094203949,0.056955449283123016,0.056397270411252975,0.057563845068216324,0.9724137931034482,0.05645141750574112,2034,0.056522876024246216,145,0.0564291775226593,1.4162206896551734,0.05668830871582031,0.05675950273871422,0.05675436928868294,0.05735716596245766,0.05652735009789467,984.28,67,0.05722028762102127,0.05666443333029747,0.056342411786317825,0.9724137931034482,667.6168823242188,0.056481264531612396,0.12852706909179687,1e-05,0.7795458436012268,0.2,660,141,0.11643466554523911,0.1,0.05674244090914726,36.28682264685631,0.0025362354,-0.003412962963921018,0.0,0.4568744897842407
0.0564444437623024,0.0,0.05703432112932205,0.05670700594782829,0.05759366229176521,0.0565982423722744,0.057780440896749496,0.05646525323390961,0.075,4315,8912896,0.0566902793943882,0.05688679590821266,0.057024624198675156,-1.0,0.05703403055667877,0.0,0.05669159069657326,0.05710170790553093,0.05648891627788544,0.057780440896749496,0.925,0.056559327989816666,2065,0.05669713392853737,120,0.05658988282084465,1.4088333333333343,0.05675739049911499,0.05686984211206436,0.05683504790067673,0.057508524507284164,0.05670509859919548,964.32,68,0.057328276336193085,0.05686069279909134,0.0564444437623024,0.925,650.6076049804688,0.05662580579519272,0.12023849487304687,1e-05,0.7821751832962036,0.2,670,111,0.07778287115797866,0.1,0.05687513202428818,36.226418882608414,0.0023658467,-0.0029866942946682683,0.0,0.46847963333129883
0.05657386779785156,0.0,0.05720239132642746,0.056844562292099,0.05770266056060791,0.0567488931119442,0.05793653801083565,0.056582726538181305,0.041379310344827586,4314,9043968,0.05682353302836418,0.05707942694425583,0.057118333876132965,-1.0,0.05717868357896805,0.0,0.05683881789445877,0.057236265391111374,0.0566280335187912,0.05793653801083565,0.9586206896551724,0.056696295738220215,2096,0.05679456144571304,145,0.05673709511756897,1.406013793103449,0.05688299611210823,0.057013560086488724,0.05698985606431961,0.05757416784763336,0.0568167045712471,985.93,69,0.0574592687189579,0.056946080178022385,0.05657386779785156,0.9586206896551724,668.3234252929688,0.05675714462995529,0.125543212890625,1e-05,0.7954986691474915,0.2,680,139,0.09637459216173738,0.1,0.05700649693608284,36.168640279769896,0.0024640379,-0.0029821129071933685,0.0,0.44547465443611145
0.05666651204228401,0.0,0.05727201700210571,0.056922487914562225,0.05777330324053764,0.056831229478120804,0.05805497244000435,0.05671146884560585,0.041666666666666664,4312,9175040,0.056954145431518555,0.057163115590810776,0.0573299303650856,-1.0,0.05731756240129471,0.0,0.05695943161845207,0.057295944541692734,0.056715238839387894,0.05805497244000435,0.9583333333333334,0.05676807835698128,2127,0.05694464221596718,120,0.05687080696225166,1.4109833333333344,0.05699239671230316,0.057119835168123245,0.05717955157160759,0.05772443860769272,0.05689939484000206,991.17,70,0.05756819620728493,0.05704212561249733,0.05666651204228401,0.9583333333333334,670.9756469726562,0.056889601051807404,0.11961441040039063,1e-05,0.8002976179122925,0.2,690,115,0.07849958771694218,0.1,0.05711865797638893,36.11498520970345,0.0023861476,-0.0029571599384325964,0.0,0.4535039961338043
0.05680234730243683,0.0,0.05734400823712349,0.05711313337087631,0.057907357811927795,0.05700301006436348,0.05817583203315735,0.056812871247529984,0.027972027972027972,4311,9306112,0.05704768747091293,0.05732853710651398,0.057487741112709045,-1.0,0.05744066461920738,0.0,0.05705086886882782,0.05744176357984543,0.05680112540721893,0.05817583203315735,0.972027972027972,0.0569026805460453,2158,0.05707531422376633,143,0.05696972459554672,1.4016363636363647,0.05712714418768883,0.05721588060259819,0.05723227933049202,0.057890310883522034,0.05698567256331444,982.2,71,0.05773300305008888,0.05719322711229324,0.05680112540721893,0.972027972027972,665.3387451171875,0.057043060660362244,0.11981735229492188,1e-05,0.778995931148529,0.2,700,139,0.07438790416345001,0.1,0.057245008647441864,36.06217786967754,0.0023740716,-0.0029663306905604258,0.0,0.42684823274612427
0.056930363178253174,0.0,0.057452309876680374,0.057219043374061584,0.058005910366773605,0.05713662505149841,0.058321207761764526,0.056946150958538055,0.0703125,4310,9437184,0.05710102990269661,0.057401761412620544,0.05760760232806206,-1.0,0.057587653398513794,0.0,0.057165566831827164,0.05758611485362053,0.056911446154117584,0.058321207761764526,0.9296875,0.05701211839914322,2189,0.05720558390021324,128,0.057104215025901794,1.3980625000000009,0.0572495274245739,0.05735993757843971,0.05741972103714943,0.05813223868608475,0.05707443505525589,965.99,72,0.05788173899054527,0.05730206519365311,0.056911446154117584,0.9296875,653.4151611328125,0.0572146512567997,0.12059555053710938,1e-05,0.7929691672325134,0.2,710,119,0.06584320127731189,0.1,0.057373158633708954,36.00635707974434,0.0022771992,-0.002636402188545617,0.0,0.4224550127983093
0.057008013129234314,0.0,0.05758446455001831,0.05733141675591469,0.05810731276869774,0.05723956599831581,0.058464452624320984,0.057095691561698914,0.043795620437956206,4309,9568256,0.05723930895328522,0.057559236884117126,0.05775005742907524,-1.0,0.057744331657886505,0.0,0.05729002505540848,0.05775652825832367,0.05701538175344467,0.058464452624320984,0.9562043795620438,0.05713304504752159,2220,0.05727493762969971,137,0.05724794790148735,1.4076350364963512,0.057309575378894806,0.05746033787727356,0.05755661427974701,0.058276813477277756,0.05718464031815529,996.19,73,0.05800940841436386,0.05744626745581627,0.057008013129234314,0.9562043795620438,673.7711791992188,0.05734966695308685,0.13213424682617186,1e-05,0.8049283027648926,0.2,720,131,0.09290743670426309,0.1,0.05749740079045296,35.9528190612793,0.002490912,-0.0036859990870652835,0.0,0.4461313784122467
0.05709175765514374,0.0,0.05771055445075035,0.057463791221380234,0.05818089470267296,0.057300638407468796,0.05855879560112953,0.05721617117524147,0.06923076923076923,4308,9699328,0.05741021782159805,0.05774220824241638,0.057865310460329056,-1.0,0.05782788619399071,0.0,0.05739402770996094,0.057816047221422195,0.05708549916744232,0.05855879560112953,0.9307692307692308,0.05730171874165535,2251,0.05740228295326233,130,0.0573313944041729,1.3916615384615396,0.05741499364376068,0.05755266547203064,0.05768705904483795,0.058361224830150604,0.057271525263786316,976.74,74,0.05814803019165993,0.05758041515946388,0.05708549916744232,0.9307692307692308,661.5419311523438,0.057505782693624496,0.1215789794921875,1e-05,0.8055897951126099,0.2,730,121,0.07906697790604085,0.1,0.05760883167386055,35.90137287378311,0.0023743939,-0.0029604727424157318,0.0,0.422419011592865
0.05722334235906601,0.0,0.05784040689468384,0.05760044977068901,0.05825100094079971,0.05746515840291977,0.05868258699774742,0.05741770192980766,0.036231884057971016,4307,9830400,0.057533662766218185,0.057903505861759186,0.057934634387493134,-1.0,0.057989560067653656,0.0,0.05750470981001854,0.057957567274570465,0.05719182267785072,0.05868258699774742,0.9637681159420289,0.05742187798023224,2282,0.05755090340971947,138,0.057443831115961075,1.4004492753623197,0.057516805827617645,0.057694144546985626,0.05778459832072258,0.05842655152082443,0.0573519803583622,987.62,75,0.058281563222408295,0.057763319462537766,0.05719182267785072,0.9637681159420289,668.3213500976562,0.057675186544656754,0.12308731079101562,1e-05,0.8143073320388794,0.2,740,133,0.0865162015077658,0.1,0.057736270129680634,35.849293515086174,0.0023949621,-0.002681716301231063,0.0,0.4561435580253601
0.05730154365301132,0.0,0.05792788043618202,0.05777553468942642,0.05837348476052284,0.057649824768304825,0.0587809793651104,0.05752724036574364,0.05511811023622047,4306,9961472,0.05762752145528793,0.058030128479003906,0.0580277219414711,-1.0,0.05809086933732033,0.0,0.05761271342635155,0.05811692774295807,0.05731069669127464,0.0587809793651104,0.9448818897637795,0.05748550593852997,2312,0.05766114220023155,127,0.057545170187950134,1.3871496062992132,0.05764630436897278,0.05780612304806709,0.057924166321754456,0.05854543298482895,0.057430148124694824,977.29,76,0.05839327722787857,0.05791209638118744,0.05730154365301132,0.9448818897637795,662.5594482421875,0.057772256433963776,0.12021102905273437,1e-05,0.8080995082855225,0.2,750,120,0.07086734457989223,0.1,0.05785098299384117,35.79693113565445,0.0023500673,-0.0028824990732573496,0.0,0.41502875089645386
0.05737612023949623,0.0,0.05809338018298149,0.05792778357863426,0.058468881994485855,0.0577566958963871,0.05887749791145325,0.05766049399971962,0.03546099290780142,4306,10092544,0.0577787309885025,0.058131299912929535,0.05821835994720459,-1.0,0.0582038015127182,0.0,0.05772599205374718,0.058281898498535156,0.05743709206581116,0.05887749791145325,0.9645390070921985,0.0576418936252594,2343,0.05778583884239197,141,0.057653989642858505,1.402368794326242,0.05776885151863098,0.057935863733291626,0.058085374534130096,0.058701448142528534,0.057579342275857925,974.04,77,0.05852204188704491,0.05800265818834305,0.05737612023949623,0.9645390070921985,661.93798828125,0.05790088325738907,0.12280960083007812,1e-05,0.8048630356788635,0.2,760,136,0.07879454290814465,0.1,0.05798064544796944,35.744005128741264,0.0023856794,-0.0030786159331910312,0.0,0.4081920385360718
0.05750930681824684,0.0,0.05819511413574219,0.05807603895664215,0.058657459914684296,0.05787644162774086,0.058994051069021225,0.057802584022283554,0.0546875,4305,10223616,0.05786823108792305,0.05822691321372986,0.05836615338921547,-1.0,0.05828660726547241,0.0,0.05787772312760353,0.058409642428159714,0.05760257691144943,0.058994051069021225,0.9453125,0.05775829032063484,2374,0.057930074632167816,128,0.05779508501291275,1.3985000000000012,0.05786605179309845,0.058079540729522705,0.05821988731622696,0.058742705732584,0.057766374200582504,976.83,78,0.05869258940219879,0.058114808052778244,0.05750930681824684,0.9453125,660.1021728515625,0.05802534148097038,0.11931076049804687,1e-05,0.783051609992981,0.2,770,121,0.07616514687979362,0.1,0.0581095814704895,35.6878601282835,0.0023007905,-0.0026141244643440587,0.0,0.4304512143135071
0.05770305544137955,0.0,0.058395300060510635,0.05826842039823532,0.05871529132127762,0.057987917214632034,0.059090886265039444,0.058022670447826385,0.06521739130434782,4304,10354688,0.05797074735164642,0.058317217975854874,0.058481138199567795,-1.0,0.058404628187417984,0.0,0.058016419410705566,0.05854965001344681,0.05770670250058174,0.059090886265039444,0.9347826086956522,0.05789684131741524,2405,0.05807635560631752,138,0.05792892724275589,1.407057971014494,0.05804206803441048,0.058104291558265686,0.058382797986269,0.05885783210396767,0.05786528065800667,983.35,79,0.058828022330999374,0.05831022560596466,0.05770305544137955,0.9347826086956522,666.2737426757812,0.05815712362527847,0.12714385986328125,1e-05,0.7852973937988281,0.2,780,129,0.0936251324674231,0.1,0.05824318900704384,35.631815487146376,0.0024641133,-0.0028557269328302937,0.0,0.5026290416717529
0.05784712731838226,0.0,0.05856917425990105,0.058417368680238724,0.058865927159786224,0.05815846845507622,0.05923202261328697,0.058197833597660065,0.007874015748031496,4303,10485760,0.058098211884498596,0.0584668330848217,0.058587536215782166,-1.0,0.05852930247783661,0.0,0.05809549614787102,0.05865055322647095,0.057780951261520386,0.05923202261328697,0.9921259842519685,0.05798782408237457,2436,0.058269698172807693,127,0.05810241028666496,1.4008661417322843,0.05820414796471596,0.05825648829340935,0.05858756601810455,0.05897512286901474,0.057900071144104004,1000.0,80,0.059031885117292404,0.05849463865160942,0.057780951261520386,0.9921259842519685,680.648681640625,0.058292679488658905,0.12720489501953125,1e-05,0.8129929304122925,0.2,790,126,0.09414290395361605,0.1,0.05838397517800331,35.573006281256674,0.002410327,-0.00315495958802785,0.0,0.43146640062332153
0.05791797488927841,0.0,0.05873440206050873,0.05850844457745552,0.05901410058140755,0.05826350301504135,0.05930762365460396,0.05834689363837242,0.022058823529411766,4303,10616832,0.058121610432863235,0.05859190970659256,0.05870670825242996,-1.0,0.058618202805519104,0.0,0.058198653161525726,0.058733001351356506,0.05786861851811409,0.05930762365460396,0.9779411764705882,0.058035995811223984,2467,0.05838793143630028,136,0.058174390345811844,1.3953676470588245,0.05836360529065132,0.05833451449871063,0.05862170085310936,0.05908471718430519,0.057994820177555084,988.14,81,0.05909997224807739,0.05860641226172447,0.05786861851811409,0.9779411764705882,671.7841186523438,0.058401089161634445,0.109222412109375,1e-05,0.7707532048225403,0.2,800,133,0.031896840625267944,0.1,0.058481473475694656,35.52122158408165,0.0021845582,-0.0021875892825846677,0.0,0.38405296206474304
0.058008454740047455,0.0,0.058873411267995834,0.0585784837603569,0.059068504720926285,0.0583949089050293,0.059369783848524094,0.058388542383909225,0.05185185185185185,4302,10747904,0.05821176618337631,0.05863327533006668,0.058853551745414734,-1.0,0.058671168982982635,0.0,0.058321915566921234,0.05876021459698677,0.05791231617331505,0.059369783848524094,0.9481481481481482,0.05813673138618469,2498,0.058576587587594986,135,0.05827336758375168,1.405051851851853,0.05842217803001404,0.058541107922792435,0.058716777712106705,0.0592452809214592,0.05808926746249199,978.47,82,0.05918816104531288,0.058652330189943314,0.05791231617331505,0.9481481481481482,659.77685546875,0.05848883092403412,0.11474151611328125,1e-05,0.7996399402618408,0.2,810,128,0.05008050048345467,0.1,0.05857507511973381,35.480782717466354,0.0022247457,-0.00255444620452181,0.0,0.38377171754837036
0.058147281408309937,0.0,0.05899329110980034,0.058722808957099915,0.05918101966381073,0.05852048099040985,0.05949576944112778,0.058510202914476395,0.06060606060606061,4301,10878976,0.05836928263306618,0.05876268073916435,0.05894031748175621,-1.0,0.05882915481925011,0.0,0.05843411013484001,0.05897783488035202,0.058019574731588364,0.05949576944112778,0.9393939393939394,0.05828431621193886,2528,0.05867348983883858,132,0.05838789418339729,1.411696969696971,0.058558572083711624,0.058603715151548386,0.05889686942100525,0.05939725413918495,0.05824946239590645,982.38,83,0.059258926659822464,0.05884939804673195,0.058019574731588364,0.9393939393939394,666.2355346679688,0.05862800404429436,0.12299880981445313,1e-05,0.8115757703781128,0.2,820,124,0.07854194422980072,0.1,0.05870766565203667,35.4332551419735,0.0023778006,-0.0030365032644112944,0.0,0.4234100878238678
0.05830969661474228,0.0,0.05915508046746254,0.05884791165590286,0.05930832773447037,0.05868350714445114,0.05966848134994507,0.05861379951238632,0.05732484076433121,4301,11010048,0.05843699723482132,0.0589153915643692,0.05907808244228363,-1.0,0.058924779295921326,0.0,0.058609262108802795,0.05912655219435692,0.05811641365289688,0.05966848134994507,0.9426751592356688,0.058386918157339096,2559,0.05879969149827957,157,0.058549318462610245,1.411108280254778,0.05873003229498863,0.05873596668243408,0.05903569981455803,0.059518568217754364,0.05834855139255524,955.76,84,0.05947062373161316,0.058961499482393265,0.05811641365289688,0.9426751592356688,647.2281494140625,0.05872213840484619,0.126446533203125,1e-05,0.8201004266738892,0.2,830,148,0.08198462731670589,0.1,0.05884213373064995,35.37554794549942,0.0024918788,-0.00298881182761761,0.0,0.4455643892288208
0.0584261454641819,0.0,0.05929753929376602,0.058982040733098984,0.05942403897643089,0.05877545848488808,0.05981853976845741,0.05874919146299362,0.05454545454545454,4300,11141120,0.05860690027475357,0.05903029441833496,0.059213098138570786,-1.0,0.05900852754712105,0.0,0.05873038247227669,0.059284236282110214,0.05822815001010895,0.05981853976845741,0.9454545454545454,0.05856146290898323,2590,0.058940108865499496,110,0.05878550931811333,1.3981272727272736,0.05884721130132675,0.05886557698249817,0.05917935073375702,0.059694431722164154,0.058463502675294876,987.47,85,0.059562548995018005,0.059192024171352386,0.05822815001010895,0.9454545454545454,671.4600219726562,0.058828260749578476,0.12473678588867188,1e-05,0.8270142078399658,0.2,840,104,0.0895109519478865,0.1,0.058979783207178116,35.31804851591587,0.0024197577,-0.003117011034555617,0.0,0.4023335576057434
0.05854149907827377,0.0,0.05941098555922508,0.059094857424497604,0.05952109396457672,0.05891913175582886,0.059907276183366776,0.05886518582701683,0.045454545454545456,4299,11272192,0.05876586213707924,0.059180352836847305,0.0593964159488678,-1.0,0.05910284444689751,0.0,0.05888449773192406,0.059385597705841064,0.05837082490324974,0.059907276183366776,0.9545454545454546,0.05874836444854736,2621,0.059132304042577744,154,0.058938223868608475,1.3983636363636374,0.05898842588067055,0.05901436135172844,0.059288013726472855,0.059846412390470505,0.05860178545117378,976.25,86,0.059670913964509964,0.05923014134168625,0.05837082490324974,0.9545454545454546,661.5767822265625,0.05896902084350586,0.12039642333984375,1e-05,0.7762548923492432,0.2,850,147,0.07261628923297395,0.1,0.05911097303032875,35.26112085878849,0.0023608808,-0.002602345179548138,0.0,0.3931158483028412
0.05861518532037735,0.0,0.05954406037926674,0.0592130608856678,0.05966513603925705,0.05904586240649223,0.0599670335650444,0.05906191095709801,0.05263157894736842,4299,11403264,0.05893711373209953,0.059284888207912445,0.05955283343791962,-1.0,0.059180811047554016,0.0,0.05897682160139084,0.05956149473786354,0.05846162140369415,0.0599670335650444,0.9473684210526315,0.05893779173493385,2652,0.05915968865156174,114,0.05913974717259407,1.3991052631578957,0.05913466215133667,0.05908608436584473,0.059461817145347595,0.059955697506666183,0.05872710794210434,971.9,87,0.05983078107237816,0.059397757053375244,0.05846162140369415,0.9473684210526315,656.7550048828125,0.05916784331202507,0.12254180908203124,1e-05,0.8433513641357422,0.2,860,108,0.06904901519010309,0.1,0.059242673218250275,35.205011427402496,0.0024297808,-0.0027899243097635916,0.0,0.39118602871894836
0.058685772120952606,0.0,0.05970519781112671,0.05936524271965027,0.05976809188723564,0.059208374470472336,0.060073185712099075,0.059260737150907516,0.034013605442176874,4298,11534336,0.059028901159763336,0.059387750923633575,0.0596773736178875,-1.0,0.05929574370384216,0.0,0.05911913886666298,0.05970075726509094,0.05866478011012077,0.060121700167655945,0.9659863945578231,0.059021368622779846,2683,0.059287190437316895,147,0.059291306883096695,1.4016734693877562,0.059267379343509674,0.059143614023923874,0.059674739837646484,0.060121700167655945,0.05883462727069855,983.62,88,0.05998629704117775,0.0595519132912159,0.05866478011012077,0.9659863945578231,665.429443359375,0.05929681658744812,0.12318344116210937,1e-05,0.8215862512588501,0.2,870,142,0.07034923111641547,0.1,0.05937672033905983,35.14905292987824,0.0024261542,-0.0029998276571859606,0.0,0.4109528362751007
0.05883416533470154,0.0,0.05990220233798027,0.059438105672597885,0.059974100440740585,0.059277866035699844,0.060205329209566116,0.05924979969859123,0.0743801652892562,4297,11665408,0.05918030068278313,0.05950459465384483,0.05981844291090965,-1.0,0.059382114559412,0.0,0.05920690670609474,0.05984310433268547,0.05880092829465866,0.060290176421403885,0.9256198347107438,0.05916207283735275,2714,0.059407658874988556,121,0.05941149964928627,1.40709090909091,0.0593651682138443,0.05925600230693817,0.059773217886686325,0.060290176421403885,0.0589548759162426,959.49,89,0.060108888894319534,0.05970439687371254,0.05880092829465866,0.9256198347107438,649.0789184570312,0.059413909912109375,0.12410888671875,1e-05,0.7904558181762695,0.2,880,112,0.07635826558398548,0.1,0.059498634189367294,35.095960316061976,0.0024224988,-0.003100407285910478,0.0,0.4017311632633209
0.05894798785448074,0.0,0.060004960745573044,0.05959172174334526,0.06009445711970329,0.0595003217458725,0.060316700488328934,0.05933927372097969,0.02142857142857143,4296,11796480,0.059304311871528625,0.05962911620736122,0.05988702178001404,-1.0,0.059481702744960785,0.0,0.05937809497117996,0.05998096242547035,0.05901581421494484,0.060441941022872925,0.9785714285714285,0.059286996722221375,2745,0.05948880314826965,140,0.05955278128385544,1.397742857142858,0.05952046811580658,0.05940002575516701,0.05996021628379822,0.060441941022872925,0.05913073569536209,994.78,90,0.060203030705451965,0.05985349044203758,0.05894798785448074,0.9785714285714285,678.1759643554688,0.059534091502428055,0.1281402587890625,1e-05,0.8177125453948975,0.2,890,137,0.09645734171353978,0.1,0.05963379889726639,35.041900399327275,0.0024738973,-0.003126099741712096,0.0,0.5033320784568787
0.05913319066166878,0.0,0.06019459292292595,0.05970897898077965,0.06018083170056343,0.059668950736522675,0.0603984110057354,0.059470366686582565,0.07751937984496124,4295,11927552,0.05944852530956268,0.05973788723349571,0.05991826951503754,-1.0,0.05961248651146889,0.0,0.05948435142636299,0.06008920073509216,0.05921449884772301,0.060595765709877014,0.9224806201550387,0.059405237436294556,2776,0.05961232632398605,129,0.05967629328370094,1.3975038759689933,0.05965672805905342,0.05946996062994003,0.06010359898209572,0.060595765709877014,0.059380192309617996,966.5,91,0.06031953543424606,0.060015689581632614,0.05913319066166878,0.9224806201550387,653.7457275390625,0.05971967428922653,0.116473388671875,1e-05,0.7512826919555664,0.2,900,119,0.06070280502608512,0.1,0.059768617153167725,34.98426624238491,0.0022669178,-0.002724922883317049,0.0,0.39089077711105347
0.05922996997833252,0.0,0.0603550560772419,0.059861596673727036,0.06034721061587334,0.05980004742741585,0.060599640011787415,0.05959489196538925,0.05263157894736842,4294,12058624,0.05956351384520531,0.059791963547468185,0.0600406639277935,-1.0,0.05974387004971504,0.0,0.059540387243032455,0.06021732836961746,0.05934664607048035,0.06076573207974434,0.9473684210526315,0.059516455978155136,2807,0.05979602411389351,133,0.05980178713798523,1.3883759398496252,0.05980209633708,0.059581976383924484,0.06025705114006996,0.06076573207974434,0.05948815494775772,989.02,92,0.06045033037662506,0.06015721708536148,0.05922996997833252,0.9473684210526315,669.0332641601562,0.05981530249118805,0.12743453979492186,1e-05,0.8229996562004089,0.2,910,126,0.09426551508804551,0.1,0.05989859625697136,34.929927760362624,0.002399114,-0.0031123405475227627,0.0,0.43702006340026855
0.059349674731492996,0.0,0.06046449765563011,0.05997298285365105,0.06041112542152405,0.05988011509180069,0.060696475207805634,0.05978335440158844,0.030303030303030304,4294,12189696,0.05970629304647446,0.059924498200416565,0.06017884984612465,-1.0,0.05986865237355232,0.0,0.05966394022107124,0.06029520928859711,0.059456247836351395,0.06084202975034714,0.9696969696969697,0.05964183807373047,2838,0.059848684817552567,132,0.059937700629234314,1.384060606060607,0.06000420078635216,0.05974043533205986,0.06038350611925125,0.06084202975034714,0.05960093066096306,989.58,93,0.060598425567150116,0.0602397583425045,0.059349674731492996,0.9696969696969697,672.0382080078125,0.05994187667965889,0.1220855712890625,1e-05,0.8327349424362183,0.2,920,128,0.06373463323834586,0.1,0.06001725047826767,34.877877393364905,0.0023804947,-0.0030793209533840128,0.0,0.4099801778793335
0.05943690240383148,0.0,0.06067204102873802,0.06015988439321518,0.06049273535609245,0.060016896575689316,0.06072894111275673,0.059956036508083344,0.051470588235294115,4293,12320768,0.059859827160835266,0.06000480800867081,0.060296498239040375,-1.0,0.06000436097383499,0.0,0.05975881218910217,0.06038111820816994,0.0595775730907917,0.06095806881785393,0.9485294117647058,0.05974757298827171,2869,0.059985365718603134,136,0.060018595308065414,1.401500000000001,0.06011916324496269,0.05992288514971733,0.060482319444417953,0.06095806881785393,0.05969322472810745,980.33,94,0.060733214020729065,0.06036967411637306,0.05943690240383148,0.9485294117647058,669.9679565429688,0.060043588280677795,0.11335601806640624,1e-05,0.8266177177429199,0.2,930,129,0.04852289364353055,0.1,0.06013680249452591,34.827683347463605,0.0021770895,-0.0030083295507211004,0.0,0.41564714908599854
0.05957946181297302,0.0,0.0608232282102108,0.06031348183751106,0.06065741926431656,0.060163713991642,0.06086805462837219,0.06016137823462486,0.043795620437956206,4293,12451840,0.05995529517531395,0.06018095836043358,0.06041562184691429,-1.0,0.06020573154091835,0.0,0.05988982319831848,0.06052464246749878,0.059765566140413284,0.06110094487667084,0.9562043795620438,0.05989818647503853,2900,0.06018858030438423,137,0.06019354239106178,1.4052408759124098,0.06026965752243996,0.06015229597687721,0.060611575841903687,0.06110094487667084,0.05984707176685333,957.26,95,0.06090297922492027,0.06047157943248749,0.05957946181297302,0.9562043795620438,650.5848999023438,0.06021296605467796,0.1281280517578125,1e-05,0.8071639537811279,0.2,940,131,0.0817300134076504,0.1,0.060294151306152344,34.77023748457432,0.0024554557,-0.003120771575231629,0.0,0.39446163177490234
0.05965897813439369,0.0,0.06095418706536293,0.060504764318466187,0.06081036850810051,0.06031365692615509,0.06099224463105202,0.06033414602279663,0.07575757575757576,4292,12582912,0.06004532054066658,0.06032944470643997,0.06057579070329666,-1.0,0.060334596782922745,0.0,0.059996895492076874,0.06067941337823868,0.05992235988378525,0.0612802691757679,0.9242424242424242,0.060019802302122116,2931,0.06026967987418175,132,0.06034301221370697,1.387318181818183,0.06039164587855339,0.060356222093105316,0.06070732697844505,0.0612802691757679,0.059974394738674164,984.26,96,0.06112793833017349,0.06056894361972809,0.05965897813439369,0.9242424242424242,668.9044799804688,0.06034558266401291,0.1320648193359375,1e-05,0.7993476986885071,0.2,950,122,0.07428013695025584,0.1,0.06043347716331482,34.708742529153824,0.0025203493,-0.0029889771381931495,0.0,0.4397019147872925
0.059816885739564896,0.0,0.06114056333899498,0.06067310646176338,0.06101883575320244,0.06046067923307419,0.06120442971587181,0.06048240885138512,0.05223880597014925,4292,12713984,0.060127995908260345,0.060450561344623566,0.06075521185994148,-1.0,0.06045549362897873,0.0,0.060126617550849915,0.060740455985069275,0.060044918209314346,0.061458904296159744,0.9477611940298507,0.06016892194747925,2962,0.06033922731876373,134,0.06049095839262009,1.3774179104477622,0.060513999313116074,0.060491856187582016,0.060831889510154724,0.061458904296159744,0.060150377452373505,992.11,97,0.06122799962759018,0.06065652146935463,0.059816885739564896,0.9477611940298507,672.8551025390625,0.06053986772894859,0.12439346313476562,1e-05,0.8429386019706726,0.2,960,127,0.09275828474492301,0.1,0.06057475134730339,34.65106458365917,0.0024264152,-0.0034000212834143896,0.0,0.4396575093269348
0.05996217206120491,0.0,0.06126779317855835,0.06081840395927429,0.06114796921610832,0.06060744449496269,0.06131221354007721,0.060654666274785995,0.03007518796992481,4290,12845056,0.06022591516375542,0.06060643121600151,0.06091698259115219,-1.0,0.0606071837246418,0.0,0.06029282137751579,0.06085975840687752,0.06016181781888008,0.06153460592031479,0.9699248120300752,0.060266073793172836,2994,0.06045456975698471,133,0.060633327811956406,1.3784962406015047,0.060644663870334625,0.06064829230308533,0.06098451092839241,0.06153460592031479,0.06031929329037666,986.97,98,0.06134074181318283,0.060811690986156464,0.05996217206120491,0.9699248120300752,671.627197265625,0.060668159276247025,0.12043914794921876,1e-05,0.834561824798584,0.2,970,129,0.0689865484906477,0.1,0.06070989370346069,34.593597534298894,0.0023006168,-0.0029769477892841677,0.0,0.382059782743454
0.06015999987721443,0.0,0.06136148050427437,0.06091109663248062,0.06135166808962822,0.060729656368494034,0.06143227219581604,0.060764845460653305,0.058394160583941604,4287,12976128,0.06039411947131157,0.06072700023651123,0.06109556555747986,-1.0,0.06072888895869255,0.0,0.06045388802886009,0.06094936653971672,0.06032805144786835,0.06166921183466911,0.9416058394160584,0.06047525256872177,3026,0.060569655150175095,137,0.06071138009428978,1.3938832116788331,0.060811690986156464,0.06081444397568703,0.06109673157334328,0.06166921183466911,0.06047935038805008,972.57,99,0.061479173600673676,0.060932599008083344,0.06015999987721443,0.9416058394160584,663.3488159179688,0.06082333251833916,0.12306747436523438,1e-05,0.8037863969802856,0.2,980,129,0.06516219955374254,0.1,0.060850027948617935,34.53652539253235,0.0023968609,-0.002727178630448179,0.0,0.4070263206958771
0.06040051206946373,0.0,0.06146697700023651,0.06105288863182068,0.06155776232481003,0.06086564436554909,0.06152975186705589,0.060933761298656464,0.0390625,4286,13107200,0.06046171858906746,0.06091095879673958,0.06126321852207184,-1.0,0.06086217984557152,0.0,0.060662318021059036,0.061145927757024765,0.06050004065036774,0.0618901364505291,0.9609375,0.06051696836948395,3058,0.060786280781030655,128,0.060822680592536926,1.399296875000001,0.06101277098059654,0.060944512486457825,0.06129338964819908,0.0618901364505291,0.0606374628841877,982.52,100,0.061628308147192,0.06106092035770416,0.06040051206946373,0.9609375,664.5604858398438,0.060957297682762146,0.12319717407226563,1e-05,0.7457472085952759,0.2,990,123,0.10629813354462385,0.1,0.0610065720975399,34.476763159036636,0.0023671105,-0.003135370727068221,0.0,0.44087475538253784
0.06055844947695732,0.0,0.06161605566740036,0.06120651960372925,0.06168275699019432,0.06100540980696678,0.06165796518325806,0.06097046658396721,0.035211267605633804,4285,13238272,0.060547057539224625,0.06105424091219902,0.06138839200139046,-1.0,0.06098516285419464,0.0,0.060798436403274536,0.061306778341531754,0.06064603477716446,0.062037087976932526,0.9647887323943662,0.06071750819683075,3089,0.0609346479177475,142,0.06093922257423401,1.4036197183098602,0.061190977692604065,0.06109055504202843,0.06143704429268837,0.062037087976932526,0.06078198552131653,984.34,101,0.061748720705509186,0.06124977022409439,0.060547057539224625,0.9647887323943662,667.1749877929688,0.061111316084861755,0.12087020874023438,1e-05,0.7987916469573975,0.2,1000,137,0.0652878398206667,0.1,0.06114649772644043,34.41448546350002,0.0023494386,-0.0026756130493595263,0.0,0.3878263533115387
0.06071823090314865,0.0,0.061763837933540344,0.06137435510754585,0.061826691031455994,0.06111268326640129,0.06184006109833717,0.06110562011599541,0.04032258064516129,4284,13369344,0.06071456894278526,0.061278775334358215,0.06157281994819641,-1.0,0.06112702190876007,0.0,0.06091885268688202,0.061427146196365356,0.06082730367779732,0.062131211161613464,0.9596774193548387,0.06083901226520538,3120,0.061046451330184937,124,0.061062611639499664,1.3998709677419365,0.061270833015441895,0.061192598193883896,0.061568357050418854,0.062131211161613464,0.060906630009412766,995.08,102,0.061862509697675705,0.061378251761198044,0.06071456894278526,0.9596774193548387,673.8338012695312,0.06121855601668358,0.12734756469726563,1e-05,0.8068684935569763,0.2,1010,119,0.08142764008953236,0.1,0.06128339469432831,34.35925984978676,0.0024962537,-0.0028977830829717277,0.0,0.3973088264465332
0.06087503582239151,0.0,0.06186479330062866,0.0614335872232914,0.06198345124721527,0.06124484911561012,0.061969783157110214,0.06123201176524162,0.03571428571428571,4283,13500416,0.060786567628383636,0.06139557808637619,0.06172589212656021,-1.0,0.061237603425979614,0.0,0.06103619188070297,0.06163327768445015,0.061028845608234406,0.062294598668813705,0.9642857142857143,0.06094256415963173,3151,0.061144307255744934,140,0.06121102347970009,1.4013285714285726,0.06134789437055588,0.0613226518034935,0.06175006181001663,0.062294598668813705,0.06100182980298996,992.59,103,0.06198420375585556,0.06157236546278,0.060786567628383636,0.9642857142857143,671.79833984375,0.061391688883304596,0.11940460205078125,1e-05,0.8175631761550903,0.2,1020,135,0.07280798777501332,0.1,0.06141642481088638,34.304240363836286,0.0023133908,-0.002805272619752941,0.0,0.4086656868457794
0.06102554127573967,0.0,0.061991799622774124,0.061558376997709274,0.06215643137693405,0.061323557049036026,0.06206082925200462,0.06139680743217468,0.02459016393442623,4283,13631488,0.06092565506696701,0.061600588262081146,0.06190800666809082,-1.0,0.06137469783425331,0.0,0.061177656054496765,0.06184730306267738,0.0611896812915802,0.06247486546635628,0.9754098360655737,0.06113284081220627,3182,0.06118880584836006,122,0.061271004378795624,1.3861147540983616,0.06144454702734947,0.06145431846380234,0.06188386678695679,0.06247486546635628,0.06108845770359039,984.78,104,0.06211447715759277,0.061792533844709396,0.06092565506696701,0.9754098360655737,669.1956787109375,0.06155809760093689,0.11678390502929688,1e-05,0.7978748083114624,0.2,1030,119,0.05908718465070706,0.1,0.061557624489068985,34.247457075119016,0.0022623532,-0.0030194366244359117,0.0,0.39676448702812195
0.06114954128861427,0.0,0.06211845949292183,0.061750251799821854,0.06224275380373001,0.061483822762966156,0.062219806015491486,0.061512645334005356,0.04225352112676056,4282,13762560,0.06110745295882225,0.06172234192490578,0.062008120119571686,-1.0,0.06152058020234108,0.0,0.06130955368280411,0.061991844326257706,0.06128918379545212,0.06261733919382095,0.9577464788732394,0.06131771206855774,3214,0.061346810311079025,142,0.06137785688042641,1.3975774647887333,0.06155849248170853,0.0616193450987339,0.06203010678291321,0.06261733919382095,0.061258647590875626,983.94,105,0.06231866031885147,0.06189754977822304,0.06110745295882225,0.9577464788732394,669.4391479492188,0.06164989620447159,0.11351547241210938,1e-05,0.7658405303955078,0.2,1040,136,0.054989327739167496,0.1,0.061696749180555344,34.19075220525265,0.0022555771,-0.00270532542381261,0.0,0.3773955702781677
0.061260443180799484,0.0,0.06224934384226799,0.0618610754609108,0.06238972768187523,0.06158101186156273,0.06237180531024933,0.061607297509908676,0.06299212598425197,4281,13893632,0.061299994587898254,0.06188441440463066,0.06209574639797211,-1.0,0.061635375022888184,0.0,0.06150008365511894,0.06215861439704895,0.06133607402443886,0.06279144436120987,0.937007874015748,0.06137961149215698,3245,0.06156391277909279,127,0.061504729092121124,1.4054015748031505,0.06164182722568512,0.061734601855278015,0.0621015802025795,0.06279144436120987,0.06140870973467827,983.62,106,0.06247823312878609,0.06198740750551224,0.061260443180799484,0.937007874015748,664.530029296875,0.06176957115530968,0.124163818359375,1e-05,0.7900995016098022,0.2,1050,119,0.07809654685552232,0.1,0.061823707073926926,34.137798085808754,0.0024043734,-0.003397713537196978,0.0,0.4694143533706665
0.06139048561453819,0.0,0.06244438514113426,0.06206340342760086,0.0625007301568985,0.061677079647779465,0.06256377696990967,0.061796627938747406,0.036231884057971016,4281,14024704,0.06142178550362587,0.06198463216423988,0.06222518905997276,-1.0,0.06176533177495003,0.0,0.06161787733435631,0.06219833716750145,0.06148562580347061,0.06294940412044525,0.9637681159420289,0.061520714312791824,3275,0.06177980452775955,138,0.061621636152267456,1.400391304347827,0.06180458515882492,0.061864472925662994,0.062279049307107925,0.06294940412044525,0.06155819073319435,986.72,107,0.0625898465514183,0.0621185228228569,0.06139048561453819,0.9637681159420289,671.4508056640625,0.06180857867002487,0.12239913940429688,1e-05,0.7946890592575073,0.2,1060,133,0.08709099317347864,0.1,0.06196120008826256,34.08441990017891,0.002458449,-0.003179878754144738,0.0,0.42240092158317566
0.06151028722524643,0.0,0.06253484636545181,0.062171295285224915,0.0625966489315033,0.06176665052771568,0.06268195807933807,0.06195617839694023,0.03787878787878788,4280,14155776,0.06160605326294899,0.06209571659564972,0.06236695498228073,-1.0,0.06186094507575035,0.0,0.061799440532922745,0.06243131309747696,0.06165282055735588,0.06303885579109192,0.9621212121212122,0.06172416731715202,3306,0.06193140894174576,132,0.06177220493555069,1.390712121212122,0.061947301030159,0.06210238113999367,0.062425389885902405,0.06303885579109192,0.06167193129658699,979.76,108,0.06271646916866302,0.06223776936531067,0.06151028722524643,0.9621212121212122,667.2521362304688,0.06191893666982651,0.11741867065429687,1e-05,0.7989630699157715,0.2,1070,127,0.058885838743299244,0.1,0.062100715935230255,34.027865919470784,0.002315965,-0.0030941898651690282,0.0,0.41618019342422485
0.061595287173986435,0.0,0.06267630308866501,0.062346138060092926,0.06276629865169525,0.06188073754310608,0.06281055510044098,0.06213638186454773,0.045454545454545456,4280,14286848,0.06171020492911339,0.06218898668885231,0.06251117587089539,-1.0,0.06198210269212723,0.0,0.06194882094860077,0.06256446987390518,0.06178054213523865,0.0632362812757492,0.9545454545454546,0.0618046298623085,3337,0.061997074633836746,132,0.061895836144685745,1.3946818181818192,0.06209773197770119,0.062239669263362885,0.0626443400979042,0.0632362812757492,0.06184985488653183,981.35,109,0.06287650763988495,0.06232661381363869,0.061595287173986435,0.9545454545454546,664.25244140625,0.06206054985523224,0.12116165161132812,1e-05,0.7959222793579102,0.2,1080,126,0.08011235943558859,0.1,0.062237080186605453,33.973072928190234,0.0023351526,-0.0029072499205540225,0.0,0.39759713411331177
0.06173525005578995,0.0,0.06275461614131927,0.06251636892557144,0.06293192505836487,0.061940595507621765,0.06298129260540009,0.062256600707769394,0.03007518796992481,4279,14417920,0.06181058660149574,0.062337297946214676,0.06263288110494614,-1.0,0.06219730153679848,0.0,0.062066275626420975,0.06270555406808853,0.06192045658826828,0.0633632019162178,0.9699248120300752,0.06186487898230553,3368,0.062127478420734406,133,0.06199011206626892,1.3918496240601514,0.06226218119263649,0.06241140514612198,0.06283389776945114,0.0633632019162178,0.061988018453121185,987.93,110,0.06310637295246124,0.062403883785009384,0.06173525005578995,0.9699248120300752,668.2664794921875,0.062253113836050034,0.12508697509765626,1e-05,0.8262903094291687,0.2,1090,129,0.0702880118318717,0.1,0.06237565726041794,33.91687182784081,0.0023719473,-0.002923826488404302,0.0,0.3899928629398346
0.06190051510930061,0.0,0.06287568062543869,0.06259602308273315,0.06301621347665787,0.062062401324510574,0.06304981559515,0.062416985630989075,0.030303030303030304,4279,14548992,0.06189596652984619,0.06252270191907883,0.06273441761732101,-1.0,0.062321025878190994,0.0,0.06232444569468498,0.062808096408844,0.06204673647880554,0.06351527571678162,0.9696969696969697,0.06194453686475754,3399,0.062262047082185745,132,0.06208989769220352,1.4140606060606071,0.062492311000823975,0.06251354515552521,0.06292667239904404,0.06351527571678162,0.062179822474718094,988.24,111,0.06315560638904572,0.06253352016210556,0.06189596652984619,0.9696969696969697,667.6605224609375,0.06237718462944031,0.11478118896484375,1e-05,0.7771068811416626,0.2,1100,128,0.05753893447108567,0.1,0.06250245869159698,33.86381686031818,0.0022530577,-0.0028082097944206906,0.0,0.40943288803100586
0.062027979642152786,0.0,0.06302626430988312,0.06268072873353958,0.06314472109079361,0.06218554079532623,0.06313294172286987,0.0625472217798233,0.05223880597014925,4278,14680064,0.06205609813332558,0.06266329437494278,0.06285363435745239,-1.0,0.06250184774398804,0.0,0.06244906038045883,0.06294766813516617,0.06221478804945946,0.06362669914960861,0.9477611940298507,0.062053922563791275,3431,0.062350764870643616,134,0.0622544027864933,1.3919701492537324,0.06263072788715363,0.06266668438911438,0.0630742609500885,0.06362669914960861,0.062290824949741364,975.04,112,0.06325925886631012,0.06266894191503525,0.062027979642152786,0.9477611940298507,659.3297729492188,0.06255780160427094,0.11649322509765625,1e-05,0.8096117377281189,0.2,1110,127,0.058450543733488305,0.1,0.06263463944196701,33.812092950940134,0.002253329,-0.0028377808277582515,0.0,0.37370261549949646
0.06221116706728935,0.0,0.06315240263938904,0.0628327801823616,0.06328858435153961,0.06232790648937225,0.06328456848859787,0.06262523680925369,0.036231884057971016,4277,14811136,0.06217992678284645,0.0627211406826973,0.06302444636821747,-1.0,0.0625724196434021,0.0,0.06259384006261826,0.06307761371135712,0.0624396950006485,0.06373098492622375,0.9637681159420289,0.06216961890459061,3462,0.06244325265288353,138,0.062390752136707306,1.4075507246376822,0.06277184933423996,0.06281490623950958,0.06319940835237503,0.06373098492622375,0.06250864267349243,985.94,113,0.06343948841094971,0.06287073343992233,0.06216961890459061,0.9637681159420289,670.7659301757812,0.06271956861019135,0.1225494384765625,1e-05,0.7859859466552734,0.2,1120,133,0.08343560029024957,0.1,0.0627756416797638,33.758253982663156,0.0023819073,-0.0034545100991635993,0.0,0.40434330701828003
0.06232728064060211,0.0,0.06330564618110657,0.06289786845445633,0.06344331055879593,0.06245842203497887,0.06337493658065796,0.06278824061155319,0.05223880597014925,4277,14942208,0.06228208169341087,0.06284958869218826,0.06311708688735962,-1.0,0.06278566271066666,0.0,0.06280495226383209,0.06328046321868896,0.06264261901378632,0.06390009820461273,0.9477611940298507,0.06228862702846527,3493,0.06263426691293716,134,0.06247994676232338,1.4214925373134337,0.0628255233168602,0.06294324994087219,0.063351109623909,0.06390009820461273,0.06269270181655884,976.07,114,0.06358299404382706,0.0630682036280632,0.06228208169341087,0.9477611940298507,664.1249389648438,0.06285282224416733,0.11869049072265625,1e-05,0.8217378854751587,0.2,1130,127,0.06336700424726587,0.1,0.06291910260915756,33.70090539455414,0.002320911,-0.0030323426351060332,0.0,0.4211316704750061
0.06245474889874458,0.0,0.06352613866329193,0.062977135181427,0.06359383463859558,0.06259600818157196,0.06355901062488556,0.06292072683572769,0.03816793893129771,4276,15073280,0.06241327524185181,0.06298965215682983,0.0632152333855629,-1.0,0.06295440346002579,0.0,0.06296496838331223,0.06341462582349777,0.06281650811433792,0.0639713928103447,0.9618320610687023,0.062441498041152954,3524,0.06277463585138321,131,0.06262212991714478,1.4006870229007644,0.06297232210636139,0.06309572607278824,0.06354084610939026,0.0639713928103447,0.06283783912658691,983.95,115,0.0637715682387352,0.06309947371482849,0.06241327524185181,0.9618320610687023,669.4639282226562,0.06293370574712753,0.12149581909179688,1e-05,0.7696757912635803,0.2,1140,126,0.08486144497583155,0.1,0.0630582869052887,33.64548215866089,0.0023593311,-0.0033121737658802887,0.0,0.4248615801334381
0.06255533546209335,0.0,0.06365372240543365,0.06304817646741867,0.06377188861370087,0.06275831162929535,0.06369004398584366,0.06300736218690872,0.03007518796992481,4276,15204352,0.06256316602230072,0.06311219930648804,0.06333507597446442,-1.0,0.063116155564785,0.0,0.06312496960163116,0.06354644894599915,0.06300990283489227,0.0640963762998581,0.9699248120300752,0.06255405396223068,3555,0.06287232041358948,133,0.06275346130132675,1.37427067669173,0.06315675377845764,0.06326385587453842,0.06367798149585724,0.0640963762998581,0.06296354532241821,986.02,116,0.06383301317691803,0.06320338696241379,0.06255405396223068,0.9699248120300752,666.5083618164062,0.0631047934293747,0.11608505249023438,1e-05,0.7614607810974121,0.2,1150,129,0.07146030694566434,0.1,0.06319088488817215,33.59106813967228,0.0023468477,-0.0033084016728935238,0.0,0.4205531179904938
0.06276681274175644,0.0,0.06386151909828186,0.06310588121414185,0.06389310210943222,0.0629304051399231,0.06374171376228333,0.06310924887657166,0.03787878787878788,4275,15335424,0.06272553652524948,0.06316956877708435,0.06345982104539871,-1.0,0.06322219967842102,0.0,0.06333344429731369,0.06367404758930206,0.06311448663473129,0.06424584239721298,0.9621212121212122,0.06269978731870651,3586,0.06295989453792572,132,0.06284576654434204,1.3986515151515162,0.06328895688056946,0.0633256807923317,0.0637458935379982,0.06424584239721298,0.06308785825967789,974.15,117,0.06399175524711609,0.06334687024354935,0.06269978731870651,0.9621212121212122,657.6107177734375,0.06319230049848557,0.11726303100585937,1e-05,0.8114837408065796,0.2,1160,127,0.05355117155559128,0.1,0.06331352889537811,33.540598201751706,0.0023168582,-0.003211046998058009,0.0,0.3668992519378662
0.0628715306520462,0.0,0.06395669281482697,0.063258595764637,0.06403511762619019,0.06319068372249603,0.06385878473520279,0.06327272951602936,0.029197080291970802,4275,15466496,0.0628192350268364,0.06332646310329437,0.06360731273889542,-1.0,0.06336020678281784,0.0,0.06340382993221283,0.06382480263710022,0.06328658759593964,0.06443332880735397,0.9708029197080292,0.06277923285961151,3617,0.06310517340898514,137,0.06295063346624374,1.4157080291970814,0.06343734264373779,0.06341731548309326,0.06384307146072388,0.06443332880735397,0.06317596882581711,989.06,118,0.06416922062635422,0.0634746178984642,0.06277923285961151,0.9708029197080292,672.5958862304688,0.06333957612514496,0.11429901123046875,1e-05,0.805105447769165,0.2,1170,133,0.06577358252397972,0.1,0.06344792246818542,33.48965801894665,0.002304942,-0.0028266170949791556,0.0,0.3606879711151123
0.0630057230591774,0.0,0.06405263394117355,0.06340286880731583,0.06422609090805054,0.0633586049079895,0.06398643553256989,0.06344512850046158,0.08270676691729323,4275,15597568,0.06299284100532532,0.06339804083108902,0.06369255483150482,-1.0,0.06347969174385071,0.0,0.0635826587677002,0.06394659727811813,0.063455730676651,0.06458983570337296,0.9172932330827067,0.0629236102104187,3648,0.06319572031497955,133,0.06310413032770157,1.3926766917293243,0.06353864073753357,0.06356072425842285,0.06406298279762268,0.06458983570337296,0.06329422444105148,967.18,119,0.06423936039209366,0.0636204332113266,0.0629236102104187,0.9172932330827067,654.5169677734375,0.06343091279268265,0.11945037841796875,1e-05,0.8488235473632812,0.2,1180,122,0.0579757976855035,0.1,0.06358344107866287,33.43597894906998,0.002287607,-0.0028625310361348965,0.0,0.37521037459373474
0.06317300349473953,0.0,0.06420528143644333,0.0635240375995636,0.06442933529615402,0.06352142989635468,0.06417866796255112,0.06353484839200974,0.04316546762589928,4274,15728640,0.06320909410715103,0.06359680742025375,0.06383918970823288,-1.0,0.06366847455501556,0.0,0.06375393271446228,0.06407822668552399,0.06362336128950119,0.06476569175720215,0.9568345323741008,0.06308428943157196,3679,0.0632508397102356,139,0.06324788182973862,1.396705035971224,0.06368977576494217,0.06371407210826874,0.0641806572675705,0.06476569175720215,0.06344018131494522,975.53,120,0.06442426145076752,0.06379945576190948,0.06308428943157196,0.9568345323741008,658.19189453125,0.06355016678571701,0.12693328857421876,1e-05,0.8419901728630066,0.2,1190,133,0.09804925651988014,0.1,0.06373931467533112,33.379418957233426,0.0025076182,-0.003324490376689937,0.0,0.4450278878211975
0.06328674405813217,0.0,0.0644051730632782,0.06370333582162857,0.06456518918275833,0.06364756077528,0.06438202410936356,0.06370919942855835,0.04477611940298507,4273,15859712,0.06332192569971085,0.06373841315507889,0.06391434371471405,-1.0,0.0638364627957344,0.0,0.0638713538646698,0.06423036009073257,0.06384339928627014,0.0649438202381134,0.9552238805970149,0.06326257437467575,3710,0.06336774677038193,134,0.06339341402053833,1.4227164179104486,0.0638376772403717,0.06385488063097,0.06434266269207001,0.0649438202381134,0.063596710562706,980.16,121,0.0645834431052208,0.06395968049764633,0.06326257437467575,0.9552238805970149,665.903076171875,0.06376504898071289,0.1214630126953125,1e-05,0.7835723757743835,0.2,1200,128,0.07743238226976246,0.1,0.06389452517032623,33.318478220701216,0.0024111082,-0.003392535257535201,0.0,0.4383606016635895
0.06341444700956345,0.0,0.06459055840969086,0.06386119872331619,0.06471852213144302,0.06377903372049332,0.06451652199029922,0.06391199678182602,0.05343511450381679,4273,15990784,0.06348521262407303,0.06387648731470108,0.06405415385961533,-1.0,0.06395940482616425,0.0,0.06402653455734253,0.064346082508564,0.06402163207530975,0.0651308223605156,0.9465648854961832,0.06348864734172821,3741,0.06348840892314911,131,0.06359187513589859,1.4069770992366422,0.064036063849926,0.06396692246198654,0.06444212794303894,0.0651308223605156,0.06369610875844955,983.27,122,0.06471296399831772,0.06409711390733719,0.06341444700956345,0.9465648854961832,665.0391235351562,0.06389743089675903,0.12106475830078126,1e-05,0.7800935506820679,0.2,1210,124,0.08260025498893811,0.1,0.06404440850019455,33.25888701379299,0.0023944033,-0.0031088158922102592,0.0,0.3795152008533478
0.06353701651096344,0.0,0.06473588198423386,0.0640251636505127,0.06492402404546738,0.06386339664459229,0.06465348601341248,0.0640605092048645,0.030303030303030304,4272,16121856,0.06358898431062698,0.06401138007640839,0.06423132121562958,-1.0,0.06409929692745209,0.0,0.06417485326528549,0.06446339935064316,0.0642111524939537,0.06535810977220535,0.9696969696969697,0.06369839608669281,3773,0.06360892206430435,132,0.06371886283159256,1.3983181818181827,0.06415586918592453,0.0641000047326088,0.06464181840419769,0.06535810977220535,0.06382088363170624,989.92,123,0.06478941440582275,0.06423448026180267,0.06353701651096344,0.9696969696969697,672.7402954101562,0.06399701535701752,0.12034149169921875,1e-05,0.7920641303062439,0.2,1220,128,0.08974519217154012,0.1,0.06418813765048981,33.20218178331852,0.0023205495,-0.0032139340017238284,0.0,0.3956420421600342
0.06356736272573471,0.0,0.06489600986242294,0.06416801363229752,0.06497447192668915,0.0639764815568924,0.06482911109924316,0.06419894099235535,0.023809523809523808,4272,16252928,0.06367893517017365,0.06405974179506302,0.06442186236381531,-1.0,0.0642605796456337,0.0,0.06434155255556107,0.0645836740732193,0.06432782858610153,0.06544828414916992,0.9761904761904762,0.06389138102531433,3803,0.0637509897351265,126,0.06390832364559174,1.3887460317460327,0.06430793553590775,0.06425487995147705,0.06479763239622116,0.06544828414916992,0.06389626860618591,999.0,124,0.06496874243021011,0.06443851441144943,0.06356736272573471,0.9761904761904762,680.2965087890625,0.0642165020108223,0.12022705078125,1e-05,0.8024261593818665,0.2,1230,123,0.06336637663916918,0.1,0.06432656198740005,33.146916922926906,0.0023487858,-0.003354019744620018,0.0,0.45632877945899963
0.0636492595076561,0.0,0.06499738991260529,0.06426690518856049,0.06513530015945435,0.06412166357040405,0.06501221656799316,0.06430867314338684,0.07096774193548387,4271,16384000,0.06379816681146622,0.06418175250291824,0.06459319591522217,-1.0,0.06440311670303345,0.0,0.0645054280757904,0.06471215933561325,0.06446205824613571,0.06562899053096771,0.9290322580645162,0.06397832930088043,3835,0.06389150768518448,155,0.06401154398918152,1.427767741935485,0.06450721621513367,0.06441802531480789,0.0648917704820633,0.06562899053096771,0.06399344652891159,965.09,125,0.06513196229934692,0.06458304822444916,0.0636492595076561,0.9290322580645162,651.222900390625,0.06439480930566788,0.115484619140625,1e-05,0.801400363445282,0.2,1240,144,0.05656443154002773,0.1,0.06446311622858047,33.09266055822373,0.002235696,-0.0025106218889959565,0.0,0.4118439853191376
0.06378478556871414,0.0,0.06523468345403671,0.06449785083532333,0.0652870163321495,0.06434160470962524,0.06516124308109283,0.06452376395463943,0.03508771929824561,4271,16515072,0.06396463513374329,0.06432155519723892,0.06466660648584366,-1.0,0.064553402364254,0.0,0.0646834447979927,0.06491421163082123,0.06461237370967865,0.06581351161003113,0.9649122807017544,0.06415755301713943,3866,0.06402266025543213,114,0.06425753235816956,1.4112105263157906,0.06461164355278015,0.06459653377532959,0.06502736359834671,0.06581351161003113,0.06425152719020844,986.35,126,0.06530006229877472,0.0647825226187706,0.06378478556871414,0.9649122807017544,671.4359130859375,0.06452479213476181,0.1219329833984375,1e-05,0.787495493888855,0.2,1250,110,0.10931283885147422,0.1,0.06463571637868881,33.0333549797535,0.002393629,-0.003696355893407599,0.0,0.3784548044204712
0.06401994079351425,0.0,0.06542065739631653,0.06460493057966232,0.06544280797243118,0.06446918845176697,0.06532078236341476,0.06465412676334381,0.06535947712418301,4271,16646144,0.06404291093349457,0.0644419714808464,0.06477300822734833,-1.0,0.06467927247285843,0.0,0.06480792164802551,0.06518504023551941,0.06476207822561264,0.06591247022151947,0.934640522875817,0.06421738862991333,3897,0.06411510705947876,153,0.06442496925592422,1.419581699346406,0.06481657177209854,0.06472265720367432,0.06523841619491577,0.06591247022151947,0.06440699845552444,972.35,127,0.06553279608488083,0.06495627015829086,0.06401994079351425,0.934640522875817,659.6712646484375,0.06467181444168091,0.11397628784179688,1e-05,0.8313714265823364,0.2,1260,143,0.05774296747695189,0.1,0.06478559970855713,32.97050140500069,0.0023611854,-0.0031367575838885386,0.0,0.38309019804000854
0.06416443735361099,0.0,0.06562399864196777,0.06476320326328278,0.06566330045461655,0.06463929265737534,0.06541616469621658,0.06484761089086533,0.026785714285714284,4271,16777216,0.06416498869657516,0.06453506648540497,0.06499215215444565,-1.0,0.06478240340948105,0.0,0.06489260494709015,0.06532839685678482,0.0649033933877945,0.06605144590139389,0.9732142857142857,0.06439155340194702,3928,0.06430715322494507,112,0.06459973752498627,1.3895714285714296,0.06499867141246796,0.06482646614313126,0.06542892009019852,0.06605144590139389,0.06461670249700546,987.79,128,0.06563658267259598,0.06507304310798645,0.06416443735361099,0.9732142857142857,673.0346069335938,0.06482739746570587,0.12518386840820311,1e-05,0.8160843253135681,0.2,1270,109,0.09506102395389462,0.1,0.064938984811306,32.91269510388374,0.0024581118,-0.0032135447501786983,0.0,0.3983590304851532
0.06430421024560928,0.0,0.06581968069076538,0.06495869904756546,0.06579893827438354,0.06479746103286743,0.06552369147539139,0.06508472561836243,0.026490066225165563,4270,16908288,0.06437328457832336,0.0646735429763794,0.0651516392827034,-1.0,0.06482705473899841,0.0,0.06502440571784973,0.06541859358549118,0.06498244404792786,0.06620489805936813,0.9735099337748344,0.06455818563699722,3959,0.06448478996753693,151,0.06470685452222824,1.4153509933774846,0.06510570645332336,0.06496281176805496,0.06555388122797012,0.06620489805936813,0.06475063413381577,993.52,129,0.0657215341925621,0.06528598070144653,0.06430421024560928,0.9735099337748344,674.613037109375,0.06494694948196411,0.11490402221679688,1e-05,0.7848899364471436,0.2,1280,147,0.0638843111184542,0.1,0.06508082151412964,32.854726403951645,0.0022837948,-0.0028877809392724883,0.0,0.3793366551399231
0.06442368030548096,0.0,0.06605152040719986,0.06502548605203629,0.06588508933782578,0.06488681584596634,0.06559646874666214,0.06525003910064697,0.034482758620689655,4270,17039360,0.06448986381292343,0.06480619311332703,0.06521252542734146,-1.0,0.06494532525539398,0.0,0.06516506522893906,0.0655033141374588,0.06506083160638809,0.06636373698711395,0.9655172413793104,0.0647381991147995,3989,0.06460440903902054,116,0.06484980881214142,1.3835862068965525,0.06526615470647812,0.06507524847984314,0.06566760689020157,0.06636373698711395,0.06489235907793045,987.88,130,0.0658685639500618,0.06555278599262238,0.06442368030548096,0.9655172413793104,671.1216430664062,0.0650826096534729,0.11574554443359375,1e-05,0.8260241150856018,0.2,1290,112,0.04729489461897174,0.1,0.06521054357290268,32.80251749455929,0.0023148563,-0.003102400130683236,0.0,0.37122902274131775
0.06462075561285019,0.0,0.06621412932872772,0.0651356503367424,0.06610352545976639,0.06496003270149231,0.06575378775596619,0.06543764472007751,0.04666666666666667,4270,17170432,0.0646364688873291,0.06491996347904205,0.0654100626707077,-1.0,0.06504273414611816,0.0,0.06544125825166702,0.0656953826546669,0.06518174707889557,0.06653022021055222,0.9533333333333334,0.06489511579275131,4021,0.06479344516992569,150,0.06497563421726227,1.3969866666666677,0.06538654863834381,0.06518233567476273,0.0658356249332428,0.06653022021055222,0.06504614651203156,982.11,131,0.06599507480859756,0.06560433655977249,0.06462075561285019,0.9533333333333334,664.50830078125,0.06516510248184204,0.11290283203125,1e-05,0.8191481232643127,0.2,1300,143,0.058670910126238596,0.1,0.06535851210355759,32.74974174797535,0.0023803313,-0.0029627932703988336,0.0,0.38281476497650146
0.06476088613271713,0.0,0.06637271493673325,0.06538622826337814,0.0661487728357315,0.06514664739370346,0.06585077941417694,0.06560807675123215,0.034782608695652174,4270,17301504,0.06481364369392395,0.06516464054584503,0.0655955970287323,-1.0,0.06514738500118256,0.0,0.06556171178817749,0.0657547265291214,0.06534470617771149,0.06663151830434799,0.9652173913043478,0.06506236642599106,4051,0.06501380354166031,115,0.06517068296670914,1.4268869565217401,0.0655442550778389,0.065324567258358,0.06600523740053177,0.06663151830434799,0.06517761200666428,982.64,132,0.06619064509868622,0.06569336354732513,0.06476088613271713,0.9652173913043478,663.35546875,0.06528925150632858,0.11925048828125,1e-05,0.8242968320846558,0.2,1310,111,0.07811688474903349,0.1,0.06551039218902588,32.693060010671616,0.0023476384,-0.0034478280956136585,0.0,0.36971473693847656
0.06489763408899307,0.0,0.06644432246685028,0.06551221013069153,0.06628816574811935,0.06527042388916016,0.06604795902967453,0.06582779437303543,0.06666666666666667,4269,17432576,0.06490108370780945,0.06526726484298706,0.06574874371290207,-1.0,0.06527714431285858,0.0,0.06575118750333786,0.06593416631221771,0.06538553535938263,0.06678621470928192,0.9333333333333333,0.0652003213763237,4083,0.06520175188779831,150,0.06528838723897934,1.4024533333333344,0.06563004106283188,0.06543423980474472,0.06615426391363144,0.06678621470928192,0.06531835347414017,975.63,133,0.06628503650426865,0.0658874586224556,0.06489763408899307,0.9333333333333333,662.128662109375,0.065506212413311,0.11484756469726562,1e-05,0.8270083069801331,0.2,1320,140,0.051875041649327616,0.1,0.0656498372554779,32.63735321760178,0.0022674918,-0.0030070447593971037,0.0,0.36401331424713135
0.0651015043258667,0.0,0.06661824136972427,0.06568052619695663,0.06645840406417847,0.06543489545583725,0.06622900068759918,0.06596993654966354,0.06779661016949153,4269,17563648,0.06505869328975677,0.06546486914157867,0.0659342110157013,-1.0,0.06541711091995239,0.0,0.06585168838500977,0.0660332515835762,0.06562073528766632,0.06692810356616974,0.9322033898305084,0.06538630276918411,4114,0.06533272564411163,118,0.06541003286838531,1.4082542372881368,0.06580372154712677,0.06562647223472595,0.06633228808641434,0.06692810356616974,0.06553344428539276,971.94,134,0.06646176427602768,0.06601426005363464,0.06505869328975677,0.9322033898305084,657.6884155273438,0.06570547074079514,0.12387924194335938,1e-05,0.7991663813591003,0.2,1330,110,0.11021149344014702,0.1,0.06581630557775497,32.57933807373047,0.0024750184,-0.0035472088366077514,0.0,0.4371110796928406
0.06527668237686157,0.0,0.0667479932308197,0.06582967936992645,0.06664565950632095,0.06563888490200043,0.06634587794542313,0.06605816632509232,0.040268456375838924,4268,17694720,0.06518641114234924,0.06561272591352463,0.06613048166036606,-1.0,0.06550474464893341,0.0,0.06598099321126938,0.06621143221855164,0.06576737016439438,0.06708710640668869,0.959731543624161,0.06550580263137817,4145,0.06557638943195343,149,0.06549040973186493,1.404979865771813,0.06589511036872864,0.06579073518514633,0.06648774445056915,0.06708710640668869,0.06572402268648148,974.48,135,0.06668095290660858,0.06613685190677643,0.06518641114234924,0.959731543624161,660.981689453125,0.06584823131561279,0.11651382446289063,1e-05,0.8382531404495239,0.2,1340,143,0.07864820405375213,0.1,0.0659664124250412,32.51915573477745,0.002349089,-0.0034012713024822007,0.0,0.3872472643852234
0.06545703113079071,0.0,0.0668657049536705,0.06594766676425934,0.06678976863622665,0.06576848030090332,0.06650184839963913,0.06615407764911652,0.034782608695652174,4268,17825792,0.06538009643554688,0.06579567492008209,0.0662851333618164,-1.0,0.06568794697523117,0.0,0.06611873209476471,0.0663507953286171,0.06590326875448227,0.06726802885532379,0.9652173913043478,0.06563129276037216,4175,0.06577767431735992,115,0.06555408239364624,1.3756695652173925,0.0660126805305481,0.06591866165399551,0.06661097705364227,0.06726802885532379,0.0659351572394371,993.0,136,0.06679733097553253,0.06639178097248077,0.06538009643554688,0.9652173913043478,675.427490234375,0.06595127284526825,0.12137680053710938,1e-05,0.8072874546051025,0.2,1350,111,0.07547628251195419,0.1,0.06611420214176178,32.462638863921164,0.0023946846,-0.003203909954936535,0.0,0.408078670501709
0.0655699148774147,0.0,0.06703266501426697,0.06605475395917892,0.0670141950249672,0.06594592332839966,0.06664472818374634,0.06634225696325302,0.034013605442176874,4268,17956864,0.06556299328804016,0.06592795997858047,0.0664558857679367,-1.0,0.06582923978567123,0.0,0.0661918893456459,0.06646056473255157,0.06600846350193024,0.06738988310098648,0.9659863945578231,0.06577139347791672,4207,0.06593963503837585,147,0.06565548479557037,1.3921088435374163,0.06610710173845291,0.06611268222332001,0.06672628223896027,0.06738988310098648,0.06605567783117294,986.66,137,0.06693154573440552,0.06652150303125381,0.06556299328804016,0.9659863945578231,671.4776000976562,0.06612566113471985,0.11099014282226563,1e-05,0.7944806814193726,0.2,1360,142,0.04903417274617823,0.1,0.0662551298737526,32.40733498036862,0.0022613897,-0.002693624046150944,0.0,0.3524084985256195
0.0656396821141243,0.0,0.06721729040145874,0.06618588417768478,0.06720651686191559,0.06611502915620804,0.0669168010354042,0.06653766334056854,0.00847457627118644,4268,18087936,0.06572609394788742,0.06607354432344437,0.06658671796321869,-1.0,0.06600171327590942,0.0,0.06639773398637772,0.06661440432071686,0.06614207476377487,0.06757204234600067,0.9915254237288136,0.0658855140209198,4237,0.06608381122350693,118,0.06584017723798752,1.3842542372881366,0.06629777699708939,0.06623033434152603,0.0669015496969223,0.06757204234600067,0.06619520485401154,998.04,138,0.06709583848714828,0.06667845696210861,0.0656396821141243,0.9915254237288136,682.2720947265625,0.06620410829782486,0.1183349609375,1e-05,0.8441722393035889,0.2,1370,117,0.0595551354897907,0.1,0.06641384214162827,32.35080707669258,0.0023706334,-0.0031932365493048563,0.0,0.40482330322265625
0.06575249135494232,0.0,0.0673663467168808,0.06631526350975037,0.0673891082406044,0.06624586880207062,0.06710591912269592,0.06667604297399521,0.05442176870748299,4267,18219008,0.0657971128821373,0.06624918431043625,0.06671762466430664,-1.0,0.06615708768367767,0.0,0.06649444997310638,0.06667093932628632,0.0662580356001854,0.06776095926761627,0.9455782312925171,0.06605476886034012,4269,0.06620568782091141,147,0.06607995927333832,1.4063401360544228,0.06652101129293442,0.06648368388414383,0.06707198917865753,0.06776095926761627,0.06623765826225281,975.31,139,0.06716238707304001,0.06682367622852325,0.06575249135494232,0.9455782312925171,662.2627563476562,0.06639941036701202,0.11200180053710937,1e-05,0.799232542514801,0.2,1380,139,0.03967897731490666,0.1,0.06655986607074738,32.29278065562248,0.0022239846,-0.002661470340080996,0.0,0.3442130386829376
0.06589972972869873,0.0,0.06756111979484558,0.06640772521495819,0.06750649958848953,0.0664069652557373,0.06724627315998077,0.0667969211935997,0.06722689075630252,4267,18350080,0.06597068905830383,0.06639561057090759,0.06691956520080566,-1.0,0.06635935604572296,0.0,0.06670249998569489,0.06681308895349503,0.06644847244024277,0.067925363779068,0.9327731092436975,0.06624462455511093,4300,0.06630141288042068,119,0.0662541314959526,1.4113613445378161,0.06677243113517761,0.06664180755615234,0.06719467788934708,0.067925363779068,0.06635461002588272,972.99,140,0.06738819181919098,0.0670301541686058,0.06589972972869873,0.9327731092436975,659.0466918945312,0.06660459190607071,0.12268295288085937,1e-05,0.8094525337219238,0.2,1390,111,0.08834055024490226,0.1,0.06672585755586624,32.235456597805026,0.0024735446,-0.003498421260883333,0.0,0.3978695273399353
0.06601206958293915,0.0,0.06772740930318832,0.06657645851373672,0.06767214089632034,0.06663696467876434,0.06741310656070709,0.0669880136847496,0.013793103448275862,4267,18481152,0.06614360213279724,0.06650643795728683,0.06713051348924637,-1.0,0.06645762920379639,0.0,0.06684131175279617,0.06704502552747726,0.06662840396165848,0.06810818612575531,0.9862068965517241,0.06643499433994293,4331,0.06647026538848877,145,0.06639385223388672,1.4020413793103457,0.06691112369298935,0.06677886098623276,0.06730905175209045,0.06810818612575531,0.06658077985048294,997.83,141,0.0675550103187561,0.06715194880962372,0.06601206958293915,0.9862068965517241,678.58740234375,0.06670235842466354,0.12221221923828125,1e-05,0.8052693009376526,0.2,1400,143,0.09255541753373109,0.1,0.0668870210647583,32.17421166300774,0.0024409336,-0.0032872497577955072,0.0,0.4038427770137787
0.06601233780384064,0.0,0.06790526956319809,0.06674835830926895,0.06775365769863129,0.06684281677007675,0.06756851077079773,0.06711117178201675,0.03361344537815126,4266,18612224,0.06625327467918396,0.0665561631321907,0.06730207055807114,-1.0,0.06653641164302826,0.0,0.0669691190123558,0.06717392057180405,0.06671754270792007,0.06816819310188293,0.9663865546218487,0.06662321090698242,4362,0.06664689630270004,119,0.06654450297355652,1.4002521008403368,0.06699714809656143,0.06685171276330948,0.06742136180400848,0.06816819310188293,0.0667550265789032,985.9,142,0.06779277324676514,0.06728453934192657,0.06601233780384064,0.9663865546218487,669.0558471679688,0.06688845902681351,0.11061477661132812,1e-05,0.7790730595588684,0.2,1410,115,0.048069441781262864,0.1,0.06701697409152985,32.11865939795971,0.002227027,-0.0026222932154269076,0.0,0.3589114844799042
0.06613431125879288,0.0,0.06806357949972153,0.06684958934783936,0.06784194707870483,0.06692171841859818,0.06770222634077072,0.06721031665802002,0.034013605442176874,4266,18743296,0.06635533273220062,0.0666792243719101,0.06750962138175964,-1.0,0.0667099729180336,0.0,0.06706361472606659,0.06738311797380447,0.06683950126171112,0.0683569684624672,0.9659863945578231,0.06683214008808136,4392,0.06678972393274307,147,0.0667075514793396,1.394530612244899,0.06711971014738083,0.06699395179748535,0.0674949362874031,0.0683569684624672,0.0669340193271637,985.0,143,0.06795842200517654,0.06743033975362778,0.06613431125879288,0.9659863945578231,667.7169799804688,0.06701342761516571,0.11941604614257813,1e-05,0.8094331622123718,0.2,1420,142,0.05607542118377751,0.1,0.06715581566095352,32.06949112415314,0.0022433766,-0.0031560145449475384,0.0,0.39116671681404114
0.06625334173440933,0.0,0.06822139024734497,0.06693273037672043,0.06806281208992004,0.06708285957574844,0.06785573065280914,0.06730271130800247,0.058823529411764705,4266,18874368,0.06650274246931076,0.06679750978946686,0.06765856593847275,-1.0,0.0668686181306839,0.0,0.0671093612909317,0.06763751059770584,0.06702271103858948,0.06850612163543701,0.9411764705882353,0.06708092987537384,4423,0.06696340441703796,119,0.06688343733549118,1.4100840336134464,0.06719779223203659,0.06711012870073318,0.06765063852071762,0.06850612163543701,0.06715428829193115,984.89,144,0.06815467029809952,0.06759823113679886,0.06625334173440933,0.9411764705882353,669.0924072265625,0.06709134578704834,0.11097869873046876,1e-05,0.8378379344940186,0.2,1430,112,0.06000655930693029,0.1,0.0673079788684845,32.01568228006363,0.0022108224,-0.0029708376745475108,0.0,0.3541702926158905
0.06636528670787811,0.0,0.06836172938346863,0.06711582094430923,0.06817694008350372,0.0672234445810318,0.06804054975509644,0.0674666091799736,0.04,4266,19005440,0.06660111248493195,0.06694338470697403,0.06779494136571884,-1.0,0.06700488179922104,0.0,0.06727191060781479,0.06780913472175598,0.06712379306554794,0.06865877658128738,0.96,0.06723257899284363,4454,0.06711976230144501,150,0.06694570183753967,1.3922133333333342,0.06733235716819763,0.06720577925443649,0.06781983375549316,0.06865877658128738,0.06733108311891556,967.44,145,0.06837357580661774,0.06767240166664124,0.06636528670787811,0.96,657.46435546875,0.06731446087360382,0.12016067504882813,1e-05,0.82584547996521,0.2,1440,144,0.06493110369920033,0.1,0.06745223701000214,31.96051304489374,0.0023338036,-0.0032771416291325294,0.0,0.4143417179584503
0.06657370179891586,0.0,0.06846717745065689,0.06730863451957703,0.06834378838539124,0.06741476058959961,0.06815796345472336,0.06762878596782684,0.017094017094017096,4266,19136512,0.0667688325047493,0.06713172793388367,0.06802337616682053,-1.0,0.06716666370630264,0.0,0.06739559024572372,0.06794306635856628,0.06727971881628036,0.06888465583324432,0.9829059829059829,0.06739916652441025,4485,0.06724447757005692,117,0.06710139662027359,1.4079145299145308,0.06741252541542053,0.06729885935783386,0.06802128255367279,0.06888465583324432,0.06753797084093094,990.4,146,0.06848025321960449,0.06787443161010742,0.06657370179891586,0.9829059829059829,673.6124267578125,0.06749575585126877,0.11474761962890626,1e-05,0.7624829411506653,0.2,1450,115,0.07785745197179494,0.1,0.06761418282985687,31.903815707564355,0.0022774362,-0.002964092516049277,0.0,0.3810860216617584
0.06670758873224258,0.0,0.06858639419078827,0.06740535795688629,0.06851407885551453,0.0675879418849945,0.06825316697359085,0.06770258396863937,0.02,4265,19267584,0.06688357889652252,0.06723600625991821,0.06814265996217728,-1.0,0.06734548509120941,0.0,0.06751976907253265,0.06805112957954407,0.06746674329042435,0.06902318447828293,0.98,0.06759121268987656,4516,0.06739041209220886,150,0.06724286824464798,1.3954400000000011,0.06757387518882751,0.06752322614192963,0.06811423599720001,0.06902318447828293,0.06764306128025055,988.6,147,0.06856880336999893,0.06804915517568588,0.06670758873224258,0.98,672.09033203125,0.0676453560590744,0.11195831298828125,1e-05,0.8025460839271545,0.2,1460,147,0.04187554456002544,0.1,0.0677507147192955,31.847889682650568,0.002200686,-0.002841584226007399,0.0,0.3527854084968567
0.06688329577445984,0.0,0.06871337443590164,0.06755954027175903,0.06860826164484024,0.06782444566488266,0.06842195987701416,0.06782504171133041,0.02654867256637168,4265,19398656,0.06699642539024353,0.06730841100215912,0.06817282736301422,-1.0,0.0675467848777771,0.0,0.06761166453361511,0.06820661574602127,0.0676518976688385,0.06913083791732788,0.9734513274336283,0.0677047148346901,4547,0.0675637274980545,113,0.0673794075846672,1.4068672566371692,0.06770814955234528,0.06760746240615845,0.06829306483268738,0.06913083791732788,0.06770952045917511,992.75,148,0.0686645433306694,0.06823653727769852,0.06688329577445984,0.9734513274336283,674.218017578125,0.06778179854154587,0.11252822875976562,1e-05,0.8119004368782043,0.2,1470,110,0.053221388121892234,0.1,0.0678844153881073,31.798463352024555,0.0022125738,-0.0029816936525094207,0.0,0.3519290089607239
0.06699468940496445,0.0,0.06888646632432938,0.06766477227210999,0.06871061772108078,0.06788331270217896,0.06860020011663437,0.06789926439523697,0.013157894736842105,4265,19529728,0.0671909749507904,0.06741426140069962,0.06833169609308243,-1.0,0.06764774769544601,0.0,0.06772491335868835,0.06841998547315598,0.06778132915496826,0.06928356736898422,0.9868421052631579,0.06785006821155548,4578,0.0677148699760437,152,0.06749298423528671,1.4024342105263168,0.06781595945358276,0.06778548657894135,0.068451426923275,0.06928356736898422,0.06790274381637573,995.72,149,0.06880661845207214,0.06840437650680542,0.06699468940496445,0.9868421052631579,676.548583984375,0.0678839161992073,0.11165008544921876,1e-05,0.7571569085121155,0.2,1480,150,0.054953559341083744,0.1,0.06802168488502502,31.74851176291704,0.0022230295,-0.0031415849323821023,0.0,0.3491200804710388
0.06707796454429626,0.0,0.06897801905870438,0.06785892695188522,0.0688006728887558,0.06798397749662399,0.0687764585018158,0.06804929673671722,0.05357142857142857,4264,19660800,0.06739439815282822,0.0674925148487091,0.06850960105657578,-1.0,0.06785532087087631,0.0,0.06788519024848938,0.06859768182039261,0.06783070415258408,0.06940389424562454,0.9464285714285714,0.06805744022130966,4610,0.06799940764904022,112,0.06765726953744888,1.4245892857142868,0.06799540668725967,0.06791813671588898,0.06853923946619034,0.06940389424562454,0.0680839866399765,982.68,150,0.06893941760063171,0.06856206804513931,0.06707796454429626,0.9464285714285714,670.938232421875,0.0680132582783699,0.10952606201171874,1e-05,0.750586986541748,0.2,1490,106,0.04488867270993069,0.1,0.06817040592432022,31.694815090298654,0.0021966384,-0.0030184907891452895,0.0,0.34388190507888794
0.06722510606050491,0.0,0.06910066306591034,0.06794087588787079,0.06900415569543839,0.06815817207098007,0.06895140558481216,0.0681028738617897,0.03333333333333333,4264,19791872,0.06750848144292831,0.06756269186735153,0.06860854476690292,-1.0,0.06800198554992676,0.0,0.06807870417833328,0.06871211528778076,0.06803207099437714,0.0695776715874672,0.9666666666666667,0.0682515874505043,4641,0.0680939108133316,150,0.06776617467403412,1.3905200000000009,0.06807824224233627,0.06804481893777847,0.06864909082651138,0.0695776715874672,0.06822032481431961,980.25,151,0.06907520443201065,0.0687457025051117,0.06722510606050491,0.9666666666666667,666.6876831054688,0.0681658536195755,0.11834030151367188,1e-05,0.8357179164886475,0.2,1500,145,0.06415801658149575,0.1,0.06830625236034393,31.643788115680216,0.002297739,-0.003025128211811534,0.0,0.37465596199035645
0.06738397479057312,0.0,0.06929407268762589,0.06805971264839172,0.06912092864513397,0.06833966076374054,0.06906142085790634,0.0683293268084526,0.008928571428571428,4263,19922944,0.06769463419914246,0.06765634566545486,0.06875646114349365,-1.0,0.06808549910783768,0.0,0.06823959946632385,0.06882506608963013,0.06819780170917511,0.06976758688688278,0.9910714285714286,0.06837417930364609,4672,0.0682368353009224,112,0.06793168932199478,1.4038035714285724,0.06822340935468674,0.06820957362651825,0.06879742443561554,0.06976758688688278,0.06836996227502823,996.04,152,0.06926277279853821,0.06890558451414108,0.06738397479057312,0.9910714285714286,679.7323608398438,0.06829079985618591,0.11177825927734375,1e-05,0.7937345504760742,0.2,1510,111,0.06547927605570295,0.1,0.06845656782388687,31.59252200424671,0.0022203354,-0.0031132031821471174,0.0,0.389871209859848
0.06745994091033936,0.0,0.06942181289196014,0.068251833319664,0.06922745704650879,0.06843750923871994,0.06909693777561188,0.06846104562282562,0.046357615894039736,4263,20054016,0.0678177997469902,0.0678669735789299,0.06898371130228043,-1.0,0.06821326166391373,0.0,0.06832097470760345,0.06891989707946777,0.06829957664012909,0.06987956911325455,0.9536423841059603,0.06855582445859909,4703,0.06834173202514648,151,0.06805425882339478,1.415615894039736,0.06836900860071182,0.06832475960254669,0.06894002854824066,0.06987956911325455,0.0685952752828598,980.05,153,0.0694301426410675,0.06902612000703812,0.06745994091033936,0.9536423841059603,666.5700073242188,0.06850840896368027,0.11467742919921875,1e-05,0.7822418212890625,0.2,1520,144,0.04524426446878351,0.1,0.06859215348958969,31.538997249305247,0.0022952151,-0.0031212312691422995,0.0,0.3494131565093994
