train/action_std_07,train/action_std_00,rollout/is_fall_mean,train/action_std_17,time/time_elapsed,rollout/ep_len_mean,train/action_std_16,train/action_std_20,time/fps,train/action_std_09,train/std_max,train/action_std_01,time/iterations,rollout/recovery_right,rollout/force_direction_mean,rollout/force_requested_impulse_mean,rollout/episodes_left,train/action_std_04,train/action_std_06,train/action_std_18,train/std_min,rollout/recovery_left,train/action_std_05,train/action_std_02,train/action_std_19,rollout/recovery_fwd,rollout/recovery_down,rollout/episodes_back,train/action_std_15,train/action_std_24,rollout/episodes_fwd,rollout/force_onset_mean,time/total_timesteps,train/action_std_03,rollout/is_timeout_mean,rollout/recovery_back,rollout/action_saturation_fraction,train/action_std_22,rollout/episodes_right,train/action_std_08,rollout/episodes_up,rollout/ep_rew_mean,train/action_std_10,train/action_std_21,rollout/episodes_down,train/action_std_14,train/action_std_11,train/action_std_12,train/action_std_13,rollout/recovery_up,train/action_std_23,rollout/timeout_without_onset_fraction,train/explained_variance,rollout/recovery_noforce,train/loss,train/value_loss,train/clip_fraction,train/learning_rate,train/std,train/clip_range,rollout/timeouts,train/approx_kl,train/entropy_loss,rollout/episodes_noforce,train/policy_gradient_loss,train/n_updates,train/clip_range_vf
0.056915391236543655,0.056588854640722275,1.0,0.056648802012205124,22,340.11,0.05714968964457512,0.05697356536984444,5716,0.05731123313307762,0.05731123313307762,0.05699291452765465,1,0.0,1.958762886597938,2.989661667781668,40,0.05619281530380249,0.057200320065021515,0.0564500167965889,0.05601786449551582,0.0,0.05655568838119507,0.05689471587538719,0.057255957275629044,0.0,0.0,32,0.05668531730771065,0.05696316435933113,47,1.3922474226804136,131072,0.05729932710528374,0.0,0.0,0.0,0.056376971304416656,44,0.05641506612300873,19,231.26585388183594,0.05601786449551582,0.056659527122974396,12,0.05626126751303673,0.056602995842695236,0.05700726434588432,0.056168440729379654,0.0,0.05713804066181183,,,,,,,,,,,,,,,,
0.05703400820493698,0.05668441578745842,0.8936170212765957,0.05671875551342964,49,622.08,0.057325731962919235,0.05709248036146164,5303,0.05751514434814453,0.05751514434814453,0.05710940435528755,2,0.045454545454545456,1.8368794326241136,2.965653005430458,39,0.056309282779693604,0.05736703798174858,0.0565909706056118,0.05609462037682533,0.1282051282051282,0.05665656924247742,0.05699831247329712,0.057435013353824615,0.046153846153846156,0.25,70,0.05678997188806534,0.057070717215538025,65,1.4100851063829798,262144,0.05740392208099365,0.10638297872340426,0.1,0.0,0.056520331650972366,44,0.056527502834796906,46,430.3743896484375,0.05609462037682533,0.05680204927921295,12,0.056316301226615906,0.056761231273412704,0.05715549737215042,0.056293752044439316,0.08695652173913043,0.05725131556391716,0.0,0.6865768432617188,1.0,2.3485093116760254,1.6780189904384315,0.110125732421875,1e-05,0.05687297135591507,0.1,30,0.002384969,36.22562021911144,6,-0.004498176655397401,630,0.2
0.057204972952604294,0.05674926936626434,0.9098360655737705,0.05684870854020119,75,481.5,0.05745252966880798,0.0572529174387455,5175,0.05764701962471008,0.05764701962471008,0.05718101188540459,3,0.05660377358490566,1.9631147540983607,2.912355128227812,35,0.0564301572740078,0.05750146508216858,0.05668449401855469,0.056220557540655136,0.11428571428571428,0.05673739314079285,0.05706161633133888,0.05757054314017296,0.02040816326530612,0.17647058823529413,55,0.05693957954645157,0.05725134536623955,49,1.3874262295081978,393216,0.05758721008896828,0.09016393442622951,0.07272727272727272,0.0,0.05666186287999153,53,0.05659351125359535,29,327.1742248535156,0.056220557540655136,0.056907616555690765,17,0.05645787715911865,0.05688631907105446,0.057371754199266434,0.056419435888528824,0.10344827586206896,0.05737859383225441,0.0,0.7277699708938599,0.6666666666666666,1.947367548942566,1.7470671638846398,0.106512451171875,1e-05,0.05699991062283516,0.1,22,0.0023155878,36.17022753953934,6,-0.004528312580805505,640,0.2
0.05729677528142929,0.05687747895717621,0.8565737051792829,0.05695994570851326,102,496.27,0.057552263140678406,0.05735137686133385,5101,0.05776791647076607,0.05776791647076607,0.05732515826821327,4,0.11363636363636363,2.143426294820717,2.85144539324545,46,0.0565706305205822,0.05757523700594902,0.05684676766395569,0.05629521235823631,0.06521739130434782,0.05684511736035347,0.05720001831650734,0.05771896243095398,0.041666666666666664,0.3333333333333333,43,0.05712096393108368,0.05736367031931877,48,1.3978007968127502,524288,0.05768287554383278,0.14342629482071714,0.16279069767441862,0.0,0.056806597858667374,44,0.056662917137145996,43,339.51922607421875,0.05629521235823631,0.0570339672267437,21,0.05652930587530136,0.0569721981883049,0.05755581706762314,0.056580815464258194,0.13953488372093023,0.05752049759030342,0.0,0.7157216668128967,1.0,2.0159013271331787,1.579750885721296,0.111041259765625,1e-05,0.05712049454450607,0.1,36,0.0023375256,36.115484988689424,6,-0.004077823584702855,650,0.2
0.05735858529806137,0.05702624097466469,0.85,0.05704447627067566,129,495.26,0.05763997137546539,0.05743920058012009,5053,0.05786591023206711,0.05786591023206711,0.057434216141700745,5,0.10416666666666667,2.023076923076923,2.805781390642439,33,0.05672432854771614,0.057687416672706604,0.056969545781612396,0.056455470621585846,0.15151515151515152,0.05693041533231735,0.05733773112297058,0.057833049446344376,0.06779661016949153,0.3333333333333333,44,0.057259947061538696,0.0574793815612793,59,1.4005153846153855,655360,0.05782077834010124,0.15,0.13636363636363635,0.0,0.056984029710292816,48,0.05682548135519028,48,334.086181640625,0.056455470621585846,0.05714286491274834,18,0.056562360376119614,0.057150743901729584,0.05766744911670685,0.05665655434131622,0.10416666666666667,0.05768613517284393,0.0,0.7207788228988647,0.8,2.0832929611206055,1.4770551624707877,0.11124114990234375,1e-05,0.057239286601543427,0.1,39,0.002342155,36.063008072972295,10,-0.004036559370433679,660,0.2
0.05750662088394165,0.05713711678981781,0.8669354838709677,0.057148467749357224,156,454.76,0.05774611979722977,0.05757976695895195,5019,0.05799819156527519,0.05799819156527519,0.05751224234700203,6,0.05128205128205128,1.7137096774193548,2.866899645225321,30,0.05685380473732948,0.057839419692754745,0.05707377940416336,0.056576523929834366,0.13333333333333333,0.057109758257865906,0.057526569813489914,0.057972464710474014,0.09230769230769231,0.2,51,0.05743072181940079,0.05763903632760048,65,1.3984354838709687,786432,0.057959750294685364,0.13306451612903225,0.1568627450980392,0.0,0.057132214307785034,39,0.05696464702486992,40,309.0963134765625,0.056576523929834366,0.057301610708236694,10,0.056682780385017395,0.05724894255399704,0.057761598378419876,0.05680453032255173,0.05,0.05775902047753334,0.0,0.7532585859298706,0.6923076923076923,1.6363167762756348,1.3434208065737039,0.11397933959960938,1e-05,0.0573706217110157,0.1,33,0.0023855704,36.00821666419506,13,-0.004219068288603012,670,0.2
0.057693496346473694,0.05723175033926964,0.8395522388059702,0.05731991305947304,183,520.26,0.05782092735171318,0.05773394927382469,4986,0.058128830045461655,0.058128830045461655,0.05763417109847069,7,0.07692307692307693,1.8246268656716418,2.81840549201567,36,0.05696747079491615,0.0579015351831913,0.05716555565595627,0.056711602956056595,0.19444444444444445,0.05716461315751076,0.05766685679554939,0.05802639201283455,0.0547945205479452,0.26666666666666666,44,0.05751406028866768,0.057735394686460495,73,1.4000149253731353,917504,0.05809120461344719,0.16044776119402984,0.11363636363636363,0.0,0.05724218860268593,52,0.05704548582434654,38,358.2052001953125,0.056711602956056595,0.057436708360910416,15,0.05684766545891762,0.05740070715546608,0.057916540652513504,0.05691014230251312,0.23684210526315788,0.057833269238471985,0.0,0.7612922191619873,1.0,1.5987694263458252,1.2922316176816822,0.11466293334960938,1e-05,0.05748561769723892,0.1,43,0.0023751168,35.95523836612701,10,-0.0041424860699407874,680,0.2
0.05778605863451958,0.05739676579833031,0.8620689655172413,0.05741167068481445,211,520.07,0.05797795206308365,0.05792905017733574,4966,0.05818432196974754,0.05826173722743988,0.057703305035829544,8,0.045454545454545456,1.9846743295019158,2.7920908882396267,42,0.057129159569740295,0.05799074098467827,0.05730912461876869,0.056702110916376114,0.19047619047619047,0.05727601423859596,0.05774057283997536,0.05820513516664505,0.04081632653061224,0.5,56,0.05757208541035652,0.05786885321140289,49,1.3936858237547904,1048576,0.05826173722743988,0.13793103448275862,0.07142857142857142,0.0,0.05731809139251709,44,0.05715296417474747,44,351.3024597167969,0.056702110916376114,0.057568952441215515,16,0.0569622777402401,0.05749412998557091,0.058047883212566376,0.05697116628289223,0.11363636363636363,0.05791005119681358,0.0,0.7618488073348999,0.7,1.5145829916000366,1.2279079378116875,0.10759811401367188,1e-05,0.05759480223059654,0.1,36,0.0023107447,35.906873962283136,10,-0.004007847330194636,690,0.2
0.05792372301220894,0.05756038799881935,0.876984126984127,0.057556092739105225,238,467.44,0.0580904558300972,0.058101482689380646,4951,0.05832332372665405,0.05839775130152702,0.057827506214380264,9,0.07547169811320754,2.2023809523809526,2.8871087561960747,29,0.05729074031114578,0.05814388394355774,0.05737929046154022,0.05685005336999893,0.10344827586206896,0.05739855766296387,0.057852644473314285,0.05839775130152702,0.044444444444444446,0.2,49,0.057753320783376694,0.057961300015449524,45,1.393277777777779,1179648,0.05838605388998985,0.12301587301587301,0.061224489795918366,0.0,0.057430438697338104,53,0.05732179805636406,49,318.04107666015625,0.05685005336999893,0.05766187980771065,20,0.057072218507528305,0.05758528783917427,0.058188121765851974,0.057065319269895554,0.1836734693877551,0.05796562135219574,0.0,0.7648391723632812,0.8571428571428571,1.41914963722229,1.251933605130762,0.10850601196289063,1e-05,0.05772349238395691,0.1,31,0.0022950186,35.85463348329067,7,-0.003914252937192941,700,0.2
0.05801381915807724,0.05770852044224739,0.8171641791044776,0.057667557150125504,265,510.14,0.05814795941114426,0.05819027125835419,4935,0.058470625430345535,0.05855236202478409,0.05792967230081558,10,0.18604651162790697,1.8843283582089552,2.8674911317321996,34,0.057367801666259766,0.05824903026223183,0.0575135163962841,0.0569281242787838,0.08823529411764706,0.05753117799758911,0.05798932537436485,0.05855236202478409,0.0625,0.28,50,0.05793754756450653,0.05804475396871567,64,1.4082089552238817,1310720,0.05850328505039215,0.1828358208955224,0.06,0.0,0.05753343924880028,43,0.0574316568672657,37,346.9310302734375,0.0569281242787838,0.057820942252874374,25,0.05717310681939125,0.05770402029156685,0.05830219015479088,0.057177767157554626,0.2702702702702703,0.058033935725688934,0.0,0.7561758160591125,0.9333333333333333,1.4568449258804321,1.180351302260533,0.1135528564453125,1e-05,0.05783689394593239,0.1,49,0.002367281,35.80252495110035,15,-0.0040214567575276305,710,0.2
0.05820506438612938,0.05785369127988815,0.9021739130434783,0.05774492397904396,292,474.05,0.05820777267217636,0.05832010880112648,4922,0.0586179681122303,0.05862893909215927,0.058042194694280624,11,0.03333333333333333,1.9384057971014492,2.910809568054713,38,0.05752253532409668,0.05826372653245926,0.05766741931438446,0.05704261362552643,0.10526315789473684,0.05764974653720856,0.058141402900218964,0.05862893909215927,0.029411764705882353,0.15789473684210525,50,0.05800511687994003,0.05821136385202408,68,1.3994347826086966,1441792,0.05861184373497963,0.09782608695652174,0.12,0.0,0.057679031044244766,60,0.05758309364318848,35,323.9917297363281,0.05704261362552643,0.05791645869612694,19,0.05733099579811096,0.057828620076179504,0.05839312821626663,0.05728423595428467,0.14285714285714285,0.05813729763031006,0.0,0.7715702652931213,0.8333333333333334,1.4444968700408936,1.132833678741008,0.1149505615234375,1e-05,0.05795557051897049,0.1,27,0.0023898107,35.75160159766674,6,-0.003890399241117848,720,0.2
0.058294907212257385,0.058032285422086716,0.8793774319066148,0.05789370834827423,320,543.56,0.058375779539346695,0.05851668491959572,4913,0.058819644153118134,0.058819644153118134,0.05818605422973633,12,0.038461538461538464,1.972762645914397,2.7678303267009308,40,0.05759020149707794,0.05837845057249069,0.05781881883740425,0.057206157594919205,0.1,0.057803474366664886,0.05826617032289505,0.05877314880490303,0.08333333333333333,0.21428571428571427,52,0.058168064802885056,0.05839787423610687,48,1.3964824902723747,1572864,0.0587892085313797,0.12062256809338522,0.07692307692307693,0.0,0.057798270136117935,52,0.057705894112586975,40,374.6326904296875,0.057206157594919205,0.05802162364125252,14,0.05747424066066742,0.05800820514559746,0.058514147996902466,0.05737493187189102,0.125,0.058263085782527924,0.0,0.7687394022941589,0.8181818181818182,1.5889849662780762,1.1724573249462993,0.11007308959960938,1e-05,0.05809883773326874,0.1,31,0.0022932333,35.69450584053993,11,-0.003604437152353057,730,0.2
0.05837645009160042,0.058129843324422836,0.8626760563380281,0.0579727403819561,347,476.63,0.05842870846390724,0.058653853833675385,4905,0.058961499482393265,0.058961499482393265,0.05832087621092796,13,0.10714285714285714,1.9647887323943662,2.8636914509282674,41,0.057657402008771896,0.05851778760552406,0.05788540095090866,0.057285603135824203,0.14634146341463414,0.057937219738960266,0.05841994658112526,0.058909762650728226,0.08064516129032258,0.2631578947368421,52,0.05824372544884682,0.05849346145987511,62,1.3952112676056347,1703936,0.058918386697769165,0.13732394366197184,0.038461538461538464,0.0,0.057956475764513016,56,0.05780335143208504,43,322.7060241699219,0.057285603135824203,0.05813128501176834,19,0.05759422853589058,0.05811922997236252,0.05864119902253151,0.05749868229031563,0.13953488372093023,0.058366499841213226,0.0,0.7849469780921936,0.8181818181818182,1.3651330471038818,1.038467360055074,0.11298141479492188,1e-05,0.05820894241333008,0.1,39,0.0023415443,35.641112783551215,11,-0.003576676913871779,740,0.2
0.05852976068854332,0.05829082056879997,0.8943089430894309,0.05811874568462372,374,489.87,0.05854367837309837,0.05875224247574806,4899,0.0590582937002182,0.0590582937002182,0.05845208466053009,14,0.06451612903225806,2.0569105691056913,2.8948914432183743,35,0.05774562433362007,0.058598000556230545,0.05797576904296875,0.05746318772435188,0.05714285714285714,0.058088626712560654,0.05856837332248688,0.05904293432831764,0.03076923076923077,0.30434782608695654,35,0.05838896334171295,0.058625053614377975,65,1.4004552845528464,1835008,0.05899634212255478,0.10569105691056911,0.05714285714285714,0.0,0.05816532298922539,31,0.057915519922971725,50,332.23382568359375,0.05746318772435188,0.05821598693728447,23,0.057662349194288254,0.05827028304338455,0.058795250952243805,0.05758741870522499,0.12,0.05846524238586426,0.0,0.7799675464630127,0.7142857142857143,1.4452481269836426,1.1287711935117841,0.11275634765625,1e-05,0.05833263322710991,0.1,26,0.0022987025,35.59065139889717,7,-0.003426375283197558,750,0.2
0.0586809478700161,0.0583646185696125,0.8191881918819188,0.05831751227378845,401,491.1,0.05867276340723038,0.058855485171079636,4892,0.05917638912796974,0.05917638912796974,0.05856211483478546,15,0.0975609756097561,1.952029520295203,2.8015002070484516,36,0.05784089118242264,0.058756254613399506,0.05810440331697464,0.05759182572364807,0.1388888888888889,0.05823131278157234,0.05867157503962517,0.05916859209537506,0.12121212121212122,0.3888888888888889,47,0.0584474615752697,0.05878322571516037,66,1.3949298892988942,1966080,0.05911341309547424,0.18081180811808117,0.14893617021276595,0.0,0.05829859897494316,41,0.05804609879851341,52,336.6564025878906,0.05759182572364807,0.05831456184387207,18,0.057810425758361816,0.058403901755809784,0.058942243456840515,0.05775140970945358,0.1346153846153846,0.05861004441976547,0.0,0.7791434526443481,1.0,1.4092392921447754,1.02816290021874,0.11319580078125,1e-05,0.058460645377635956,0.1,49,0.0023910552,35.53644063174725,11,-0.0035146264024660924,760,0.2
0.058799050748348236,0.05846107751131058,0.8523985239852399,0.05845759063959122,429,504.36,0.05884931609034538,0.058932896703481674,4887,0.05924912542104721,0.05929321050643921,0.0587206669151783,16,0.05454545454545454,2.03690036900369,2.8985870687168145,42,0.0579737089574337,0.0588889941573143,0.058244962245225906,0.05767344310879707,0.16666666666666666,0.058455877006053925,0.058881718665361404,0.05929321050643921,0.1111111111111111,0.42105263157894735,52,0.05857190862298012,0.0589817576110363,54,1.3890922509225103,2097152,0.05919500067830086,0.14760147601476015,0.09615384615384616,0.0,0.058345895260572433,55,0.05818360298871994,41,347.3419189453125,0.05767344310879707,0.05849919468164444,19,0.057923901826143265,0.05851515382528305,0.05906599760055542,0.05784852057695389,0.0975609756097561,0.05870372802019119,0.0,0.7783482074737549,0.875,1.2683207988739014,0.9859391196165234,0.119903564453125,1e-05,0.058588650077581406,0.1,40,0.002362331,35.48187198638916,8,-0.0036030671691150928,770,0.2
0.05892739072442055,0.05849682539701462,0.8760330578512396,0.05859389528632164,456,497.89,0.058899831026792526,0.05904017388820648,4883,0.05928293988108635,0.05949759855866432,0.05881115049123764,17,0.06666666666666667,2.049586776859504,2.7894711215418435,35,0.058132462203502655,0.05901503935456276,0.058399345725774765,0.05777132138609886,0.17142857142857143,0.05857521668076515,0.05900346115231514,0.05949759855866432,0.13725490196078433,0.2857142857142857,44,0.05863261595368385,0.05906844511628151,51,1.3953719008264476,2228224,0.05929124727845192,0.12396694214876033,0.06818181818181818,0.0,0.05847600847482681,45,0.058349303901195526,46,336.8188781738281,0.05777132138609886,0.058667346835136414,14,0.05806194618344307,0.0586373545229435,0.059218376874923706,0.05796302109956741,0.043478260869565216,0.058790888637304306,0.0,0.7852548360824585,0.7142857142857143,1.478043794631958,1.0269867416471243,0.11547393798828125,1e-05,0.05870412662625313,0.1,30,0.002374991,35.43017112314701,7,-0.0033877606164423924,780,0.2
0.05907947197556496,0.05859178304672241,0.8452830188679246,0.058741431683301926,483,555.72,0.05902079492807388,0.059158362448215485,4879,0.05946817249059677,0.05960695445537567,0.058893024921417236,18,0.11320754716981132,1.9283018867924528,2.8191475759326576,34,0.05818680301308632,0.059145715087652206,0.05856504663825035,0.05788462609052658,0.14705882352941177,0.05868511646986008,0.05912839621305466,0.05960695445537567,0.14035087719298245,0.3,60,0.058750759810209274,0.05916191637516022,57,1.4015094339622651,2359296,0.05945994704961777,0.15471698113207547,0.11666666666666667,0.0,0.058621183037757874,53,0.05846584215760231,45,380.1482849121094,0.05788462609052658,0.05878213047981262,10,0.05822780355811119,0.058799147605895996,0.05936095118522644,0.05807081609964371,0.13333333333333333,0.05890931189060211,0.0,0.789703369140625,1.0,1.1898577213287354,0.9357869383879006,0.11591567993164062,1e-05,0.0588306188583374,0.1,41,0.002407631,35.37844496369362,6,-0.0035333324834027737,790,0.2
0.059238944202661514,0.05865417420864105,0.8713235294117647,0.05890589952468872,510,494.83,0.05915514752268791,0.059250324964523315,4874,0.05961789935827255,0.059690218418836594,0.05908973142504692,19,0.17647058823529413,1.8970588235294117,2.9107041610574598,43,0.05831002816557884,0.05930698662996292,0.058727819472551346,0.057958148419857025,0.046511627906976744,0.05889037996530533,0.05922337993979454,0.059690218418836594,0.027777777777777776,0.42105263157894735,42,0.058942269533872604,0.0592542365193367,72,1.4053823529411773,2490368,0.05961369350552559,0.12867647058823528,0.09523809523809523,0.0,0.058705464005470276,51,0.05862487480044365,37,339.7147521972656,0.057958148419857025,0.05885791406035423,19,0.058351002633571625,0.05887944623827934,0.059442587196826935,0.05815079063177109,0.08108108108108109,0.059008654206991196,0.0,0.7920742034912109,0.875,1.2894797325134277,0.9488401580601931,0.1165924072265625,1e-05,0.05895400047302246,0.1,35,0.0023767222,35.32516693472862,8,-0.0033516381353365433,800,0.2
0.0594363771378994,0.05881831422448158,0.8514056224899599,0.058970145881175995,538,488.91,0.05924389511346817,0.0593692883849144,4871,0.05976911261677742,0.05976911261677742,0.059168897569179535,20,0.11363636363636363,1.9357429718875503,2.7772817135919867,36,0.05848421901464462,0.059424519538879395,0.05884735286235809,0.058162931352853775,0.2222222222222222,0.05900687724351883,0.059288110584020615,0.05974104627966881,0.038461538461538464,0.26666666666666666,45,0.05911257117986679,0.05939575284719467,52,1.3911887550200814,2621440,0.059704896062612534,0.14859437751004015,0.08888888888888889,0.0,0.058764196932315826,44,0.05871317535638809,43,332.9722595214844,0.058162931352853775,0.05889105796813965,15,0.05839154124259949,0.05901675671339035,0.05954127758741379,0.0582582950592041,0.023255813953488372,0.059159617871046066,0.0,0.7880998849868774,0.9285714285714286,1.2259228229522705,0.9894067165441811,0.11555633544921876,1e-05,0.05906720831990242,0.1,37,0.0023458414,35.27554890215397,14,-0.003212853540753713,810,0.2
0.05962345376610756,0.05897213891148567,0.8534798534798534,0.05911654606461525,565,525.11,0.059315793216228485,0.059479571878910065,4867,0.05989910289645195,0.05989910289645195,0.05924630165100098,21,0.08888888888888889,1.8205128205128205,2.7761301040707402,47,0.05861174687743187,0.059570614248514175,0.058899033814668655,0.05830701068043709,0.10638297872340426,0.05920232832431793,0.05930258706212044,0.05984969809651375,0.05172413793103448,0.17647058823529413,52,0.05920523405075073,0.05956359580159187,58,1.4026666666666676,2752512,0.05979368835687637,0.14652014652014653,0.057692307692307696,0.0,0.05889660492539406,45,0.05893406644463539,37,361.2533264160156,0.05830701068043709,0.059004347771406174,17,0.05853300169110298,0.05915563926100731,0.0596211701631546,0.05840327590703964,0.16216216216216217,0.059346575289964676,0.0,0.7917470932006836,0.9411764705882353,1.3908603191375732,0.9014802477322519,0.11708526611328125,1e-05,0.05919412150979042,0.1,40,0.0023789378,35.22444163858891,17,-0.00324049244136404,820,0.2
0.05970669165253639,0.05907703563570976,0.9238754325259516,0.05927368253469467,592,410.09,0.059428244829177856,0.059551071375608444,4863,0.06001274660229683,0.060015689581632614,0.059343814849853516,22,0.05660377358490566,1.9619377162629759,2.9328647709878655,55,0.05880321189761162,0.05963083729147911,0.05898004397749901,0.05842023715376854,0.01818181818181818,0.059317223727703094,0.059418752789497375,0.060015689581632614,0.015873015873015872,0.16,53,0.05934257060289383,0.05971807986497879,63,1.391038062283738,2883584,0.05994746461510658,0.07612456747404844,0.07547169811320754,0.0,0.05900752544403076,53,0.059035222977399826,32,275.6281433105469,0.05842023715376854,0.059147052466869354,25,0.058693792670965195,0.05930976942181587,0.05971910431981087,0.05853792652487755,0.09375,0.05953534319996834,0.0,0.7850226163864136,0.75,1.4251853227615356,0.9861901046708226,0.11416015625,1e-05,0.05931892246007919,0.1,22,0.002329459,35.171203282475474,8,-0.0031596409607118404,830,0.2
0.05987004563212395,0.059208501130342484,0.8914728682170543,0.059351708739995956,620,486.92,0.0595211386680603,0.05964997783303261,4860,0.06009679287672043,0.0601666122674942,0.05946352332830429,23,0.0784313725490196,1.8875968992248062,2.8815029945511275,35,0.05895588919520378,0.05971655249595642,0.059174712747335434,0.05847618728876114,0.17142857142857143,0.059480875730514526,0.05955195426940918,0.0601666122674942,0.01639344262295082,0.35714285714285715,53,0.05943106487393379,0.059873830527067184,61,1.4121162790697683,3014656,0.060051318258047104,0.10852713178294573,0.05660377358490566,0.0,0.05911712348461151,51,0.059145260602235794,37,328.57440185546875,0.05847618728876114,0.059189483523368835,14,0.05885240435600281,0.05940829589962959,0.05992268770933151,0.058657027781009674,0.08108108108108109,0.059658706188201904,0.0,0.7882228493690491,0.8571428571428571,1.426625370979309,1.0677971180994064,0.11433181762695313,1e-05,0.05943966656923294,0.1,28,0.0023569504,35.119254449009894,7,-0.003165719949083723,840,0.2
0.05993741750717163,0.05928676947951317,0.831275720164609,0.05949384346604347,647,513.27,0.05961757153272629,0.05979512631893158,4859,0.06020306050777435,0.06021741405129433,0.05956514552235603,24,0.05,1.97119341563786,2.8218018151712028,30,0.059047140181064606,0.059849683195352554,0.059270698577165604,0.05858854576945305,0.1,0.0595676563680172,0.05967298895120621,0.06021741405129433,0.15384615384615385,0.19047619047619047,47,0.0595514252781868,0.060028646141290665,52,1.4009218106995895,3145728,0.06017351150512695,0.16872427983539096,0.1276595744680851,0.0,0.05921143665909767,40,0.05930343270301819,40,350.0307922363281,0.05858854576945305,0.05929475650191307,21,0.05902106314897537,0.059562958776950836,0.06015158072113991,0.05881388112902641,0.125,0.059743743389844894,0.0,0.7996684908866882,1.0,1.307676911354065,0.9048144785687328,0.11695098876953125,1e-05,0.05955877527594566,0.1,41,0.0023523034,35.06939930617809,13,-0.0033086129606090253,850,0.2
0.059989314526319504,0.059376947581768036,0.8571428571428571,0.059632327407598495,674,469.51,0.059651877731084824,0.05986339971423149,4856,0.06029606983065605,0.06037435308098793,0.05973365902900696,25,0.05,2.1149825783972127,2.794588121331093,42,0.05913708359003067,0.059969380497932434,0.0593433640897274,0.05869114398956299,0.14285714285714285,0.05961376428604126,0.05978839844465256,0.06037435308098793,0.11320754716981132,0.17857142857142858,46,0.05972444266080856,0.06013941019773483,53,1.3924181184669,3276800,0.060240719467401505,0.14285714285714285,0.06521739130434782,0.0,0.05934961512684822,60,0.05938411131501198,43,318.8506164550781,0.05869114398956299,0.05942671373486519,28,0.059138983488082886,0.05968306213617325,0.06024632230401039,0.058891661465168,0.11627906976744186,0.0599115714430809,0.0,0.7858293056488037,0.8666666666666667,1.149348258972168,0.8801007471047342,0.117279052734375,1e-05,0.05966390296816826,0.1,41,0.0022982433,35.02291729450226,15,-0.0032159196662178147,860,0.2
0.060090333223342896,0.05947933346033096,0.927007299270073,0.05979998782277107,702,486.11,0.05974450707435608,0.0599292553961277,4854,0.06046069413423538,0.06046069413423538,0.05990125983953476,26,0.0784313725490196,1.8941605839416058,2.9313732058463366,45,0.05921008065342903,0.060063544660806656,0.059447914361953735,0.058796778321266174,0.044444444444444446,0.05974992364645004,0.05993296205997467,0.06041298806667328,0.0,0.16666666666666666,55,0.059824131429195404,0.06021570414304733,61,1.3889343065693438,3407872,0.060347698628902435,0.072992700729927,0.03636363636363636,0.0,0.05949096009135246,51,0.0596192330121994,35,329.6114196777344,0.058796778321266174,0.059592701494693756,18,0.059260666370391846,0.05983487144112587,0.060332756489515305,0.058912865817546844,0.0,0.06004184111952782,0.0,0.7955209016799927,1.0,1.530614972114563,0.9440147538669408,0.111993408203125,1e-05,0.05977971851825714,0.1,20,0.0022663493,34.97613458931446,9,-0.002861805894281133,870,0.2
0.060210924595594406,0.05959189310669899,0.8714859437751004,0.05997620150446892,729,455.55,0.05986993387341499,0.06009789556264877,4852,0.06056225672364235,0.06056225672364235,0.060055144131183624,27,0.08888888888888889,1.8755020080321285,2.877587857399404,36,0.059332821518182755,0.060168176889419556,0.05958865210413933,0.058846861124038696,0.16666666666666666,0.05986328423023224,0.06009995937347412,0.060491710901260376,0.047619047619047616,0.26666666666666666,45,0.05997445434331894,0.060306206345558167,63,1.4116546184738965,3538944,0.060436177998781204,0.1285140562248996,0.044444444444444446,0.0,0.059653133153915405,45,0.05966797098517418,37,312.8670654296875,0.058846861124038696,0.05966866388916969,15,0.05938466638326645,0.05991195887327194,0.0604092963039875,0.059005286544561386,0.13513513513513514,0.06021541729569435,0.0,0.7997599244117737,1.0,1.3072389364242554,0.9525243767537177,0.11637115478515625,1e-05,0.059895552694797516,0.1,32,0.002385296,34.92763624489307,8,-0.0029881789907449273,880,0.2
0.060282789170742035,0.05966326221823692,0.8364312267657993,0.060102179646492004,756,503.44,0.05999007448554039,0.06013917550444603,4850,0.060616735368967056,0.06066584959626198,0.060156699270009995,28,0.1702127659574468,1.9107806691449813,2.8786749186959097,41,0.05947032943367958,0.060198623687028885,0.05969604477286339,0.059006571769714355,0.0975609756097561,0.05986522138118744,0.06015627086162567,0.06066584959626198,0.034482758620689655,0.35714285714285715,55,0.060064904391765594,0.060367245227098465,58,1.3954200743494434,3670016,0.06056588515639305,0.16356877323420074,0.12727272727272726,0.0,0.05975145101547241,47,0.05976635217666626,44,340.3532409667969,0.059006571769714355,0.05977688357234001,14,0.05953049287199974,0.06006082519888878,0.060609132051467896,0.059119533747434616,0.20454545454545456,0.06040986254811287,0.0,0.797885000705719,0.9,1.149062991142273,0.8471470667049289,0.11548385620117188,1e-05,0.06000129505991936,0.1,44,0.0023409347,34.88132294714451,10,-0.0029574213778687406,890,0.2
0.06041880324482918,0.05980004742741585,0.8834586466165414,0.06025664880871773,784,485.82,0.06009753793478012,0.06020254269242287,4848,0.060650359839200974,0.060771916061639786,0.06032958999276161,29,0.05084745762711865,2.142857142857143,2.864203146517099,35,0.059542156755924225,0.060343775898218155,0.05984560400247574,0.05913364514708519,0.11428571428571428,0.060029976069927216,0.06025734171271324,0.060771916061639786,0.0851063829787234,0.25,51,0.060137197375297546,0.06052964925765991,47,1.3985037593984972,3801088,0.06069592759013176,0.11654135338345864,0.09803921568627451,0.0,0.05990944430232048,59,0.059869877994060516,50,330.29901123046875,0.05913364514708519,0.0599534809589386,16,0.059651125222444534,0.060200028121471405,0.060759950429201126,0.05923336371779442,0.08,0.06055387109518051,0.0,0.7849757671356201,0.875,1.2410244941711426,0.9323450178839267,0.11489181518554688,1e-05,0.060126952826976776,0.1,31,0.002327408,34.83269698321819,8,-0.002781753226008732,900,0.2
0.06050487980246544,0.05995868518948555,0.8768115942028986,0.06038888171315193,811,503.47,0.060240231454372406,0.06033532693982124,4846,0.060818545520305634,0.06092158704996109,0.060351140797138214,30,0.06896551724137931,1.8731884057971016,2.9423377468379086,34,0.05969736725091934,0.06044716015458107,0.059961915016174316,0.05918894708156586,0.08823529411764706,0.060158926993608475,0.06030705198645592,0.06084681302309036,0.01639344262295082,0.16666666666666666,60,0.06023244559764862,0.060683827847242355,61,1.388891304347827,3932160,0.06088867783546448,0.12318840579710146,0.2,0.0,0.05999918282032013,58,0.06007284298539162,34,344.73455810546875,0.05918894708156586,0.06008017435669899,18,0.0597771555185318,0.060299403965473175,0.06092158704996109,0.059399109333753586,0.11764705882352941,0.06071651726961136,0.0,0.7941042184829712,0.6363636363636364,1.2209527492523193,0.9118238552007825,0.11524887084960937,1e-05,0.06025107204914093,0.1,34,0.0023135305,34.78128329515457,11,-0.002864970919836196,910,0.2
0.06056039780378342,0.0600932277739048,0.8888888888888888,0.060607168823480606,838,452.8,0.06035177409648895,0.06042627990245819,4845,0.06090784817934036,0.06098156049847603,0.06048278138041496,31,0.12,2.007662835249042,2.9330131579156014,38,0.05978696048259735,0.060538697987794876,0.0600431002676487,0.059252120554447174,0.07894736842105263,0.060266464948654175,0.06040513515472412,0.06095349043607712,0.07142857142857142,0.16666666666666666,51,0.06031212955713272,0.06079171597957611,56,1.3998620689655183,4063232,0.06096619367599487,0.1111111111111111,0.058823529411764705,0.0,0.06012432277202606,50,0.06012646108865738,41,307.9373474121094,0.059252120554447174,0.060117390006780624,18,0.059888049960136414,0.060420215129852295,0.06098156049847603,0.05958490073680878,0.12195121951219512,0.06084689870476723,0.0,0.7889706492424011,0.7142857142857143,1.3370281457901,0.9775180478114635,0.11565399169921875,1e-05,0.06035340949892998,0.1,29,0.0023463252,34.734403148293495,7,-0.0029355787846725434,920,0.2
0.06064550206065178,0.0602109394967556,0.8731343283582089,0.06080666929483414,865,502.65,0.060520242899656296,0.06054825708270073,4844,0.060994528234004974,0.06120828166604042,0.06059767305850983,32,0.09523809523809523,1.958955223880597,2.834510553724768,45,0.059907540678977966,0.06065235659480095,0.06013001874089241,0.059326399117708206,0.06666666666666667,0.06043436378240585,0.06047824025154114,0.06120828166604042,0.08823529411764706,0.2857142857142857,43,0.060415491461753845,0.06091673672199249,68,1.3950671641791055,4194304,0.0610230416059494,0.12686567164179105,0.11627906976744186,0.0,0.06022942066192627,42,0.0601813904941082,42,343.756591796875,0.059326399117708206,0.06023194268345833,21,0.06001022458076477,0.06054552644491196,0.061067502945661545,0.05971900746226311,0.11904761904761904,0.060942038893699646,0.0,0.8003456592559814,0.7142857142857143,1.2404286861419678,0.8836046336218715,0.11672897338867187,1e-05,0.06046973168849945,0.1,34,0.002405017,34.68901630342007,7,-0.003027852402465214,930,0.2
0.06074905768036842,0.06031212955713272,0.8772563176895307,0.0609876923263073,893,476.59,0.06057398393750191,0.06068926677107811,4843,0.0611526183784008,0.061286669224500656,0.06068044155836105,33,0.07936507936507936,2.1407942238267146,2.7638598243186676,45,0.06006569415330887,0.060900844633579254,0.060206759721040726,0.05938997492194176,0.1111111111111111,0.06055612489581108,0.06056248024106026,0.061286669224500656,0.125,0.16666666666666666,46,0.06056273728609085,0.061055392026901245,48,1.4058628158844775,4325376,0.061179015785455704,0.12274368231046931,0.08695652173913043,0.0,0.06031279265880585,63,0.06035323813557625,47,326.556640625,0.05938997492194176,0.06029365584254265,18,0.0601007342338562,0.06064485013484955,0.06119195371866226,0.05978402495384216,0.06382978723404255,0.061050981283187866,0.0,0.8039228916168213,0.8,1.3451426029205322,0.8669697519391775,0.11520767211914062,1e-05,0.06058572605252266,0.1,34,0.0023442884,34.64126538932324,10,-0.003010996394823451,940,0.2
0.0608927458524704,0.06041199341416359,0.8716981132075472,0.061072248965501785,920,509.49,0.0607609823346138,0.06084827706217766,4842,0.061277683824300766,0.06146961823105812,0.060823243111371994,34,0.09090909090909091,2.0037735849056606,2.8409319111759523,28,0.060140155255794525,0.061083417385816574,0.06032005324959755,0.0595281608402729,0.21428571428571427,0.060674309730529785,0.06070667505264282,0.06146961823105812,0.034482758620689655,0.25,54,0.06068882346153259,0.06118444353342056,58,1.3910490566037745,4456448,0.061226408928632736,0.12830188679245283,0.07407407407407407,0.0,0.060461558401584625,55,0.06043992191553116,46,346.4554748535156,0.0595281608402729,0.06039901450276375,16,0.060154665261507034,0.06081012263894081,0.061357080936431885,0.059871118515729904,0.10869565217391304,0.06111161783337593,0.0,0.7869491577148438,1.0,1.2054871320724487,0.9521379557438194,0.11548309326171875,1e-05,0.06070857495069504,0.1,34,0.0023314538,34.59152377843857,8,-0.003193127469785395,950,0.2
0.06100168451666832,0.060513127595186234,0.8664122137404581,0.061181508004665375,947,533.36,0.06085618585348129,0.060983218252658844,4841,0.06136425957083702,0.06155790761113167,0.06091330945491791,35,0.08928571428571429,1.7671755725190839,2.897639062463788,40,0.06023547798395157,0.061246175318956375,0.06044040247797966,0.059705112129449844,0.1,0.06082135811448097,0.06087164208292961,0.06155790761113167,0.09090909090909091,0.4,50,0.06081531196832657,0.06130857765674591,66,1.40132824427481,4587520,0.06129682436585426,0.13358778625954199,0.08,0.0,0.06055886670947075,56,0.060590002685785294,25,361.8813171386719,0.059705112129449844,0.06054772436618805,15,0.060207635164260864,0.06086357310414314,0.06150795519351959,0.05997595563530922,0.0,0.06117613986134529,0.0,0.8054147958755493,1.0,1.0765657424926758,0.8349450009409338,0.11285018920898438,1e-05,0.06082160025835037,0.1,35,0.0022621257,34.5434437841177,10,-0.0029080374544719232,960,0.2
0.061151172965765,0.060613323003053665,0.8715953307392996,0.06131143867969513,974,524.81,0.060996171087026596,0.061100270599126816,4840,0.06143735349178314,0.061700668185949326,0.06105055660009384,36,0.020833333333333332,2.11284046692607,2.842837315190265,45,0.060331255197525024,0.06140787899494171,0.060566216707229614,0.059898920357227325,0.1111111111111111,0.060905251652002335,0.061004143208265305,0.061700668185949326,0.061224489795918366,0.2857142857142857,44,0.06092492491006851,0.06146338954567909,49,1.3977976653696509,4718592,0.061360955238342285,0.12840466926070038,0.11363636363636363,0.0,0.060712095350027084,48,0.06072297692298889,42,353.7882080078125,0.059898920357227325,0.060689687728881836,21,0.06035619229078293,0.0610358752310276,0.061598751693964005,0.060074545443058014,0.14285714285714285,0.061304159462451935,0.0,0.8055362701416016,0.875,1.2036561965942383,0.8598564726766199,0.11872329711914062,1e-05,0.06094872206449509,0.1,33,0.0023760526,34.493507269024846,8,-0.0030571779814636104,970,0.2
0.06126127764582634,0.06070197746157646,0.8156862745098039,0.06143218278884888,1002,561.43,0.061126865446567535,0.06121479347348213,4838,0.06151910126209259,0.061849694699048996,0.06117790564894676,37,0.09523809523809523,1.811764705882353,2.865430757097065,33,0.06043022498488426,0.06146564707159996,0.060647785663604736,0.060024622827768326,0.24242424242424243,0.0609273687005043,0.06111590564250946,0.061849694699048996,0.08333333333333333,0.5238095238095238,41,0.06104056164622307,0.06162957102060318,72,1.4024627450980403,4849664,0.0615391843020916,0.1843137254901961,0.14634146341463414,0.0,0.06079591438174248,42,0.06087208911776543,34,386.3711853027344,0.060024622827768326,0.06080610677599907,21,0.06046346202492714,0.061141323298215866,0.06172609701752663,0.06018887832760811,0.08823529411764706,0.06144694983959198,0.0,0.7943004369735718,0.75,1.1422854661941528,0.852751569636166,0.11358108520507812,1e-05,0.06106181442737579,0.1,47,0.002258,34.44491105973721,12,-0.002953017524578172,980,0.2
0.06140248849987984,0.0608304962515831,0.9025270758122743,0.061622779816389084,1029,438.81,0.06125803291797638,0.0613643079996109,4838,0.06161212921142578,0.06198859214782715,0.06130971759557724,38,0.1,1.9891696750902528,2.932252443067571,37,0.06058959662914276,0.06154462322592735,0.06071489676833153,0.06014028191566467,0.1891891891891892,0.06103929504752159,0.061292555183172226,0.06198859214782715,0.0136986301369863,0.3,47,0.06122840940952301,0.061710160225629807,73,1.4113501805054163,4980736,0.06171339750289917,0.09747292418772563,0.0425531914893617,0.0,0.06092057004570961,50,0.061081815510988235,46,296.2822570800781,0.06014028191566467,0.06098473072052002,20,0.06057193875312805,0.061162319034338,0.06187304109334946,0.06034790351986885,0.043478260869565216,0.06159619614481926,0.0,0.7853184342384338,1.0,1.2571156024932861,0.8665126474108547,0.11387176513671875,1e-05,0.06119601055979729,0.1,27,0.0023213543,34.3936866402626,4,-0.0028727818440529517,990,0.2
0.061467550694942474,0.060981616377830505,0.8854961832061069,0.06179671362042427,1056,484.48,0.06137649342417717,0.06141355633735657,4836,0.06176794692873955,0.062093351036310196,0.06134521961212158,39,0.06557377049180328,2.045801526717557,2.8863665836849903,39,0.060645367950201035,0.06165366992354393,0.060817837715148926,0.06024465709924698,0.02564102564102564,0.06114718317985535,0.061381179839372635,0.062093351036310196,0.1320754716981132,0.14285714285714285,49,0.06129433959722519,0.06182766705751419,53,1.410061068702291,5111808,0.06188134849071503,0.11450381679389313,0.04081632653061224,0.0,0.061035774648189545,61,0.061239391565322876,32,331.41925048828125,0.06024465709924698,0.061071522533893585,21,0.06071566417813301,0.061312027275562286,0.06199298053979874,0.06050707399845123,0.1875,0.06171128898859024,0.0,0.8094689846038818,1.0,1.0683153867721558,0.8579771158285439,0.11286544799804688,1e-05,0.061308860778808594,0.1,30,0.0022749654,34.34365616440773,7,-0.0029468054381140973,1000,0.2
0.06167885661125183,0.06115301325917244,0.8599221789883269,0.061933282762765884,1084,486.5,0.061500050127506256,0.061460621654987335,4835,0.06186063587665558,0.06227671727538109,0.061489537358284,40,0.05714285714285714,1.9260700389105059,2.837678970793529,37,0.06079183891415596,0.061741091310977936,0.060960859060287476,0.06041717529296875,0.08108108108108109,0.061220381408929825,0.06151914596557617,0.06227671727538109,0.07692307692307693,0.23529411764705882,47,0.06141307204961777,0.061955247074365616,65,1.4026536964980554,5242880,0.061983879655599594,0.14007782101167315,0.1276595744680851,0.0,0.06116500124335289,35,0.06135697290301323,48,324.51318359375,0.06041717529296875,0.06116831302642822,17,0.06084417551755905,0.0614670105278492,0.06204409897327423,0.06058626249432564,0.1875,0.061857182532548904,0.0,0.7846730947494507,0.875,1.1033000946044922,0.8769273454789073,0.11436843872070312,1e-05,0.06143377348780632,0.1,36,0.0023289807,34.29473491311073,8,-0.0028748231480221877,1010,0.2
0.06185097619891167,0.061253610998392105,0.8656126482213439,0.062188003212213516,1111,534.01,0.06168327108025551,0.0615013986825943,4834,0.061969827860593796,0.062435660511255264,0.06167515367269516,41,0.0,1.976284584980237,2.835576319091222,34,0.060941893607378006,0.06182582303881645,0.061038579791784286,0.06058208644390106,0.14705882352941177,0.06139928102493286,0.061663877218961716,0.062435660511255264,0.041666666666666664,0.3333333333333333,49,0.061551377177238464,0.06206417456269264,48,1.3944980237154159,5373952,0.062057770788669586,0.13438735177865613,0.08163265306122448,0.0,0.061246439814567566,46,0.06147196143865585,39,363.52618408203125,0.06058208644390106,0.06128278002142906,21,0.061005450785160065,0.06162292882800102,0.06215396896004677,0.060743480920791626,0.05128205128205128,0.06197765842080116,0.0,0.7950351238250732,0.875,1.2903543710708618,0.844661322236061,0.1185272216796875,1e-05,0.06156750023365021,0.1,34,0.0024150482,34.24210329651832,16,-0.0033631119168603617,1020,0.2
0.061960697174072266,0.061432551592588425,0.8419117647058824,0.06225954368710518,1138,505.66,0.06191267445683479,0.061599794775247574,4833,0.06211091950535774,0.0625501200556755,0.061849430203437805,42,0.08,1.9080882352941178,2.8792956837806725,32,0.06102077290415764,0.06201091408729553,0.061126671731472015,0.06068093329668045,0.1875,0.06153815612196922,0.06172054633498192,0.0625501200556755,0.04838709677419355,0.1111111111111111,55,0.061711572110652924,0.06223725154995918,62,1.3991985294117657,5505024,0.06224995478987694,0.15808823529411764,0.18181818181818182,0.0,0.061293523758649826,50,0.06162635609507561,43,342.9458923339844,0.06068093329668045,0.061432622373104095,18,0.061086829751729965,0.061734821647405624,0.06227990984916687,0.06083983555436134,0.18604651162790697,0.06215490400791168,0.0,0.8064202070236206,0.8333333333333334,0.971961259841919,0.7660626954399049,0.11155166625976562,1e-05,0.0616968534886837,0.1,43,0.0023033642,34.188646695017816,12,-0.0030113755840829983,1030,0.2
0.062065672129392624,0.061576563864946365,0.9022556390977443,0.0624285563826561,1166,474.04,0.06204518303275108,0.06168739125132561,4833,0.06217632442712784,0.06263992935419083,0.06198231130838394,43,0.09090909090909091,1.9210526315789473,2.9341700244253333,36,0.06112401932477951,0.06210517883300781,0.061222441494464874,0.060780756175518036,0.1111111111111111,0.06174487620592117,0.06181761249899864,0.06263992935419083,0.015151515151515152,0.375,58,0.06178612634539604,0.06241729483008385,66,1.390203007518798,5636096,0.06246639043092728,0.09774436090225563,0.05172413793103448,0.0,0.06145103648304939,44,0.06176365166902542,43,319.9804382324219,0.060780756175518036,0.06153903529047966,16,0.061244718730449677,0.0618109367787838,0.06237955018877983,0.060928236693143845,0.11627906976744186,0.06238123029470444,0.0,0.8033222556114197,1.0,1.0661064386367798,0.8406637510750443,0.1158721923828125,1e-05,0.06182260066270828,0.1,26,0.00231112,34.1371592015028,3,-0.002955684401149483,1040,0.2
0.06214527413249016,0.06173011660575867,0.8778625954198473,0.06257953494787216,1193,486.08,0.062179241329431534,0.06183226406574249,4832,0.06237027049064636,0.06276550889015198,0.062070272862911224,44,0.018867924528301886,2.0114503816793894,2.7918907470221184,35,0.061334189027547836,0.062195371836423874,0.06142251938581467,0.06094428151845932,0.14285714285714285,0.061892811208963394,0.06191961094737053,0.06276550889015198,0.07017543859649122,0.5,48,0.061888840049505234,0.06252099573612213,57,1.3974732824427492,5767168,0.06258738040924072,0.12213740458015267,0.0625,0.0,0.061630528420209885,53,0.0618351586163044,47,328.2234802246094,0.06094428151845932,0.06164398789405823,14,0.06135520711541176,0.06190298870205879,0.06249421834945679,0.061040498316287994,0.10638297872340426,0.06248003616929054,0.0,0.8017004728317261,0.875,1.2002179622650146,0.8642312398180365,0.11684951782226563,1e-05,0.0619504451751709,0.1,32,0.002291569,34.085696786642075,8,-0.002923511294557102,1050,0.2
0.06223806366324425,0.06186818704009056,0.8674242424242424,0.06272952258586884,1220,533.77,0.06230774521827698,0.061957888305187225,4832,0.062481287866830826,0.06282834708690643,0.06220436096191406,45,0.1111111111111111,1.9204545454545454,2.870820526094108,45,0.06152810528874397,0.06234296038746834,0.061505869030952454,0.06103876978158951,0.06666666666666667,0.062046218663454056,0.062020864337682724,0.06282834708690643,0.07272727272727272,0.3076923076923077,51,0.06194351986050606,0.06262656301259995,55,1.3945530303030313,5898240,0.06268995255231857,0.13257575757575757,0.13725490196078433,0.0,0.06183432787656784,54,0.061975203454494476,37,363.218017578125,0.06103876978158951,0.06173088029026985,13,0.06142767518758774,0.06203612685203552,0.06254421174526215,0.061090219765901566,0.10810810810810811,0.06257152557373047,0.0,0.7997366189956665,0.7777777777777778,1.2384710311889648,0.8260699974838644,0.11518478393554688,1e-05,0.06206273287534714,0.1,35,0.002255571,34.0376879453659,9,-0.0029648192177774034,1060,0.2
0.062392402440309525,0.06208723410964012,0.8705035971223022,0.06288942694664001,1247,446.54,0.062403228133916855,0.06216874718666077,4831,0.06265571713447571,0.0629177913069725,0.062357958406209946,46,0.18181818181818182,2.0035971223021583,2.9976054790766353,33,0.06169593334197998,0.06251132488250732,0.061731480062007904,0.061168499290943146,0.06060606060606061,0.06216609477996826,0.06204894930124283,0.0629177913069725,0.06451612903225806,0.17857142857142858,55,0.0621323399245739,0.06276848167181015,62,1.402884892086332,6029312,0.06283018738031387,0.12949640287769784,0.07272727272727272,0.0,0.061951830983161926,44,0.062091484665870667,44,301.09442138671875,0.061168499290943146,0.061828091740608215,28,0.06151358410716057,0.06212468072772026,0.06256571412086487,0.061194438487291336,0.09090909090909091,0.06262737512588501,0.0,0.8005619645118713,0.75,1.1148152351379395,0.8326226208824664,0.11562423706054688,1e-05,0.06219291687011719,0.1,36,0.0023241264,33.98865773379803,12,-0.0029874708874558565,1070,0.2
0.06247978284955025,0.06212170422077179,0.8599221789883269,0.06310025602579117,1275,520.48,0.06254266202449799,0.06223118305206299,4831,0.06285396218299866,0.06310025602579117,0.06252650171518326,47,0.11627906976744186,2.035019455252918,2.8403946036479497,34,0.06180010363459587,0.0627194195985794,0.06182452291250229,0.06127604842185974,0.17647058823529413,0.06228082999587059,0.062125034630298615,0.06297361850738525,0.05454545454545454,0.28,48,0.06219716742634773,0.06287629902362823,55,1.3968482490272385,6160384,0.06302759051322937,0.14007782101167315,0.041666666666666664,0.0,0.062090493738651276,43,0.06223153695464134,41,349.82244873046875,0.06127604842185974,0.06198681890964508,25,0.06164025515317917,0.06224697083234787,0.06271587312221527,0.06134505569934845,0.12195121951219512,0.06270474940538406,0.0,0.8025023937225342,0.7272727272727273,1.1667735576629639,0.8819139925763011,0.11950302124023438,1e-05,0.062316734343767166,0.1,36,0.002375612,33.93738994598389,11,-0.0029687431275306152,1080,0.2
0.06262870132923126,0.062258221209049225,0.8423076923076923,0.0632038414478302,1302,515.13,0.06258287280797958,0.06232656538486481,4830,0.06291966140270233,0.0632038414478302,0.06272236257791519,48,0.1568627450980392,1.8615384615384616,2.7932037609877707,43,0.061938539147377014,0.0628858283162117,0.0619625560939312,0.06144158914685249,0.18604651162790697,0.06244582682847977,0.062331609427928925,0.06316383183002472,0.06779661016949153,0.4,51,0.06223515793681145,0.06298704445362091,59,1.3952384615384625,6291456,0.06308617442846298,0.1576923076923077,0.058823529411764705,0.0,0.06221260875463486,51,0.06241650506854057,32,352.8065490722656,0.06144158914685249,0.06211976334452629,15,0.061727967113256454,0.06240653619170189,0.06289432942867279,0.06146479398012161,0.125,0.0628727599978447,0.0,0.7928590774536133,0.8888888888888888,1.0200128555297852,0.8405425788834691,0.1179595947265625,1e-05,0.06244942173361778,0.1,41,0.00242644,33.88580310642719,9,-0.003137774842980434,1090,0.2
0.06268773972988129,0.06237480416893959,0.8897058823529411,0.06333241611719131,1329,455.04,0.06274698674678802,0.062404852360486984,4830,0.0630703940987587,0.06335458904504776,0.06288965791463852,49,0.01694915254237288,2.036764705882353,2.885770437565326,46,0.06207443028688431,0.06301844865083694,0.06199950352311134,0.06156089901924133,0.13043478260869565,0.06249718368053436,0.06250149011611938,0.06335458904504776,0.08771929824561403,0.23076923076923078,47,0.06241561099886894,0.0631210207939148,57,1.4029926470588248,6422528,0.06320829689502716,0.11029411764705882,0.0425531914893617,0.0,0.06235473230481148,59,0.06252933293581009,29,307.2091369628906,0.06156089901924133,0.06219664588570595,26,0.061848703771829605,0.0625457763671875,0.0630229264497757,0.06158231943845749,0.10344827586206896,0.06294358521699905,0.0,0.8017433881759644,0.875,1.0740587711334229,0.7977300041820854,0.11066207885742188,1e-05,0.06257129460573196,0.1,30,0.0022822695,33.83545331656933,8,-0.002925928092736285,1100,0.2
0.06281127035617828,0.06260267645120621,0.8452830188679246,0.06342165917158127,1356,445.65,0.0629899799823761,0.06253359466791153,4829,0.06325850635766983,0.06352096050977707,0.06303876638412476,50,0.175,1.9433962264150944,2.820363119178143,40,0.062213290482759476,0.06315687298774719,0.062151554971933365,0.06172887608408928,0.125,0.06259135156869888,0.06264554709196091,0.06352096050977707,0.0392156862745098,0.2727272727272727,64,0.06256306916475296,0.06337597966194153,51,1.4071622641509443,6553600,0.06334765255451202,0.15471698113207547,0.125,0.0,0.06245678663253784,40,0.06267694383859634,51,301.181884765625,0.06172887608408928,0.062335055321455,11,0.06195631995797157,0.06267515569925308,0.06320664286613464,0.06172925606369972,0.1568627450980392,0.06307811290025711,0.0,0.8018729090690613,1.0,1.202054738998413,0.853413935052231,0.11176681518554688,1e-05,0.06272263079881668,0.1,41,0.0022943188,33.78019360601902,8,-0.002743736182401335,1110,0.2
0.0629120022058487,0.06267382204532623,0.8429752066115702,0.06351965665817261,1384,547.36,0.06315713375806808,0.06273037940263748,4829,0.06337808072566986,0.0636836588382721,0.06311924010515213,51,0.1590909090909091,1.8181818181818181,2.921657774125488,26,0.06233065575361252,0.06332126259803772,0.06224602088332176,0.06175166368484497,0.11538461538461539,0.06276300549507141,0.06271883100271225,0.0636836588382721,0.017241379310344827,0.2631578947368421,53,0.06273426860570908,0.06352714449167252,58,1.4059090909090919,6684672,0.06342095136642456,0.15702479338842976,0.07547169811320754,0.0,0.06263887882232666,44,0.0628780797123909,30,372.6668395996094,0.06175166368484497,0.06238148361444473,19,0.06211037561297417,0.06281930953264236,0.06331152468919754,0.06189759075641632,0.23333333333333334,0.06323335319757462,0.0,0.8160868883132935,0.9166666666666666,1.2827142477035522,0.7821723943576216,0.11902694702148438,1e-05,0.06285033375024796,0.1,38,0.002368703,33.72481327354908,12,-0.0031007686739940254,1120,0.2
0.06310577690601349,0.06276722252368927,0.8436363636363636,0.06369379907846451,1411,502.36,0.06329791992902756,0.06295621395111084,4828,0.06340611726045609,0.06379494071006775,0.06328481435775757,52,0.06818181818181818,1.9054545454545455,2.801856812830857,49,0.062435317784547806,0.06348495930433273,0.06243829429149628,0.06188051775097847,0.1836734693877551,0.06287247687578201,0.06287677586078644,0.06379494071006775,0.06349206349206349,0.2631578947368421,47,0.06289025396108627,0.06368139386177063,63,1.3946618181818193,6815744,0.06355051696300507,0.15636363636363637,0.0851063829787234,0.0,0.06277896463871002,44,0.06309355795383453,41,341.0210266113281,0.06188051775097847,0.06257051974534988,19,0.06228397786617279,0.06292156875133514,0.06340091675519943,0.06200089305639267,0.17073170731707318,0.06337855011224747,0.0,0.8076465725898743,0.9166666666666666,1.1756095886230469,0.7659037363249809,0.11337890625,1e-05,0.0629938468337059,0.1,43,0.0023074122,33.670704969763754,12,-0.002777276110191451,1130,0.2
0.0632646232843399,0.06287340074777603,0.8832116788321168,0.0639074519276619,1438,492.18,0.06341823935508728,0.0630631074309349,4827,0.06354257464408875,0.0639752522110939,0.06344565749168396,53,0.038461538461538464,1.864963503649635,2.9333602743102345,37,0.06261305510997772,0.06358244270086288,0.06259497255086899,0.0620419979095459,0.10810810810810811,0.06290227919816971,0.06297919154167175,0.0639752522110939,0.03125,0.35714285714285715,59,0.06295647472143173,0.06372503936290741,64,1.403970802919709,6946816,0.0636821836233139,0.11678832116788321,0.13559322033898305,0.0,0.06285889446735382,52,0.0632273480296135,40,332.131103515625,0.0620419979095459,0.06268417835235596,14,0.062477268278598785,0.06300494074821472,0.06356727331876755,0.06212960183620453,0.1,0.06357321888208389,0.0,0.8006632924079895,0.875,1.210292100906372,0.836266610166058,0.11245269775390625,1e-05,0.06312362849712372,0.1,32,0.00230093,33.61670935153961,8,-0.002994298248358973,1140,0.2
0.0633637085556984,0.06304966658353806,0.8630705394190872,0.06407925486564636,1466,482.16,0.06355984508991241,0.06321191787719727,4827,0.06373826414346695,0.06420358270406723,0.06354869157075882,54,0.05263157894736842,1.8713692946058091,2.974302223514252,34,0.06268931925296783,0.06370782852172852,0.06266094744205475,0.062179092317819595,0.23529411764705882,0.06300252676010132,0.063104048371315,0.06420358270406723,0.06349206349206349,0.29411764705882354,44,0.06306973099708557,0.06384676694869995,63,1.4013941908713703,7077888,0.06375526636838913,0.13692946058091288,0.022727272727272728,0.0,0.0630326196551323,38,0.06331745535135269,37,321.500244140625,0.062179092317819595,0.0628540888428688,17,0.0626249685883522,0.06320241093635559,0.06379128992557526,0.062314726412296295,0.16216216216216217,0.06370940804481506,0.0,0.8005560040473938,0.875,1.1671805381774902,0.8615228384267539,0.109307861328125,1e-05,0.06326469033956528,0.1,33,0.0023133606,33.56275444328785,8,-0.0028431479383471013,1150,0.2
0.06344854831695557,0.06319746375083923,0.8372093023255814,0.06428452581167221,1493,508.37,0.06368239223957062,0.06328476220369339,4826,0.06385336071252823,0.06428452581167221,0.0636342391371727,55,0.10204081632653061,2.0891472868217056,2.8153457533178368,38,0.06284674257040024,0.06382595002651215,0.06271520256996155,0.06233619898557663,0.13157894736842105,0.06317182630300522,0.0631496012210846,0.06427732855081558,0.0196078431372549,0.22727272727272727,42,0.06313617527484894,0.06404891610145569,51,1.3841937984496133,7208960,0.06386186927556992,0.16279069767441862,0.11904761904761904,0.0,0.06314738839864731,49,0.06349190324544907,44,345.0880432128906,0.06233619898557663,0.06295560300350189,22,0.06273417919874191,0.06335844099521637,0.06388288736343384,0.062486112117767334,0.20454545454545456,0.06383315473794937,0.0,0.8091820478439331,1.0,1.1638569831848145,0.751240836409852,0.11488113403320313,1e-05,0.06338579207658768,0.1,42,0.002363283,33.51163597404957,12,-0.0029950050338811707,1160,0.2
0.06360343098640442,0.06328396499156952,0.8603773584905661,0.06437493115663528,1520,487.34,0.0638510137796402,0.06345424801111221,4826,0.06397595256567001,0.06437493115663528,0.06377807259559631,56,0.037037037037037035,1.7811320754716982,2.8175956846442376,37,0.06301135569810867,0.06397277861833572,0.06283439695835114,0.06247665360569954,0.24324324324324326,0.06323323398828506,0.0633249282836914,0.06428246200084686,0.08333333333333333,0.2727272727272727,46,0.06328156590461731,0.06422214955091476,72,1.4036981132075481,7340032,0.06392323225736618,0.13962264150943396,0.15217391304347827,0.0,0.06329807639122009,54,0.06367471069097519,36,329.7446594238281,0.06247665360569954,0.06309422105550766,11,0.06279193609952927,0.06354723870754242,0.06412819027900696,0.06258857995271683,0.05555555555555555,0.06392043828964233,0.0,0.7946352958679199,0.8888888888888888,1.1986454725265503,0.8117494244594127,0.1141876220703125,1e-05,0.06351710855960846,0.1,37,0.002334133,33.461259219050405,9,-0.003125710917538527,1170,0.2
0.06375431269407272,0.06337093561887741,0.8676470588235294,0.06450147926807404,1548,484.22,0.06401044875383377,0.06360410153865814,4825,0.06402404606342316,0.06450147926807404,0.06387986987829208,57,0.05454545454545454,1.875,2.8018785684844607,43,0.06315383315086365,0.06417840719223022,0.06299521028995514,0.06256847828626633,0.11627906976744186,0.063412144780159,0.06342148035764694,0.06445200741291046,0.1,0.29411764705882354,53,0.06340774893760681,0.06433293223381042,60,1.392830882352942,7471104,0.06400591135025024,0.1323529411764706,0.05660377358490566,0.0,0.06341157108545303,55,0.06389179825782776,33,325.4370422363281,0.06256847828626633,0.06322836130857468,17,0.06297018378973007,0.06371507793664932,0.06419972330331802,0.06267546862363815,0.12121212121212122,0.06407438963651657,0.0,0.8009013533592224,0.9090909090909091,1.1236673593521118,0.8164023516699672,0.10975723266601563,1e-05,0.06364958733320236,0.1,36,0.0022212574,33.409445479512215,11,-0.002749570124069578,1180,0.2
0.06391722708940506,0.06344382464885712,0.8953488372093024,0.06456029415130615,1575,483.67,0.06418603658676147,0.06377264857292175,4825,0.06412141770124435,0.06458856165409088,0.06404581665992737,58,0.07017543859649122,1.9069767441860466,2.7752638776702327,33,0.06333032995462418,0.06431378424167633,0.06319578737020493,0.06263496726751328,0.030303030303030304,0.06351824849843979,0.06350908428430557,0.06458856165409088,0.03225806451612903,0.5,44,0.06353907287120819,0.06447398662567139,62,1.4055736434108537,7602176,0.06405436992645264,0.10465116279069768,0.022727272727272728,0.0,0.06348539888858795,57,0.06400711834430695,45,325.1791687011719,0.06263496726751328,0.06334687024354935,8,0.06309977173805237,0.06384024024009705,0.06433212757110596,0.06282652914524078,0.13333333333333333,0.06417951732873917,0.0,0.8114322423934937,1.0,1.183049201965332,0.7899475149344652,0.11395034790039063,1e-05,0.06377291679382324,0.1,27,0.0023094157,33.359687712788585,9,-0.0029280064319209486,1190,0.2
0.06405360251665115,0.06357055902481079,0.8443579766536965,0.06471432000398636,1602,468.18,0.0642753317952156,0.06381692737340927,4824,0.06424515694379807,0.06471432000398636,0.06423821300268173,59,0.08163265306122448,1.8521400778210118,2.742149736858915,44,0.06340502202510834,0.06442581117153168,0.06336960196495056,0.06264425814151764,0.25,0.06362582743167877,0.06359957903623581,0.06471183896064758,0.0967741935483871,0.21428571428571427,42,0.06367659568786621,0.06456267833709717,62,1.3948715953307402,7733248,0.0642450749874115,0.1556420233463035,0.023809523809523808,0.0,0.06358857452869415,49,0.06415516883134842,35,317.3826904296875,0.06264425814151764,0.06342233717441559,14,0.06324075907468796,0.06396310776472092,0.06448185443878174,0.0628674253821373,0.11428571428571428,0.06435470283031464,0.0,0.8065059781074524,1.0,1.136187195777893,0.8034101652447134,0.11214828491210938,1e-05,0.06389017403125763,0.1,40,0.0022999048,33.31255887150765,11,-0.0028008648039758556,1200,0.2
0.06417509913444519,0.0637064203619957,0.8647540983606558,0.06483925133943558,1630,508.4,0.06445031613111496,0.06390724331140518,4824,0.064350426197052,0.06483925133943558,0.06445623189210892,60,0.13333333333333333,1.959016393442623,2.8801198883252868,40,0.06354798376560211,0.06452497839927673,0.06352860480546951,0.06275411695241928,0.2,0.06385355442762375,0.06374453753232956,0.0647965520620346,0.0784313725490196,0.0,45,0.06384631246328354,0.06465872377157211,51,1.395500000000001,7864320,0.06440609693527222,0.13524590163934427,0.044444444444444446,0.0,0.06364698708057404,45,0.06425938010215759,37,345.48516845703125,0.06275411695241928,0.06361230462789536,16,0.06325540691614151,0.06408501416444778,0.06458061188459396,0.06301708519458771,0.13513513513513514,0.06453482061624527,0.0,0.8058258295059204,0.8,1.2125587463378906,0.7589605815242976,0.1086822509765625,1e-05,0.0640215203166008,0.1,33,0.0022248079,33.264173939824104,10,-0.002751979524327908,1210,0.2
0.06436008960008621,0.06377887725830078,0.8582375478927203,0.06498675793409348,1657,516.45,0.06452194601297379,0.06405649334192276,4824,0.06450064480304718,0.06498675793409348,0.06457342207431793,61,0.17777777777777778,2.0114942528735633,2.8710515425904823,56,0.06365719437599182,0.0647083967924118,0.06374555826187134,0.06285694986581802,0.16071428571428573,0.06400890648365021,0.06392562389373779,0.06493815034627914,0.06,0.23529411764705882,48,0.06398402154445648,0.06478416174650192,50,1.399471264367817,7995392,0.06458583474159241,0.1417624521072797,0.0625,0.0,0.06372673064470291,45,0.06435758620500565,38,349.9271545410156,0.06285694986581802,0.06365467607975006,17,0.06338149309158325,0.0642578974366188,0.06480114161968231,0.06308280676603317,0.10526315789473684,0.06463651359081268,0.0,0.8014181852340698,0.8571428571428571,1.1903648376464844,0.7858389563858509,0.10628280639648438,1e-05,0.06415487080812454,0.1,37,0.0022432092,33.21219579577446,7,-0.0028157114804344017,1220,0.2
0.0644652247428894,0.06395069509744644,0.8646616541353384,0.06506701558828354,1684,480.09,0.06469451636075974,0.06409735977649689,4823,0.06467187404632568,0.06509623676538467,0.06471388787031174,62,0.1016949152542373,1.9962406015037595,2.8377612224240023,31,0.06380174309015274,0.06483922153711319,0.0637906938791275,0.06293486058712006,0.12903225806451613,0.06408395618200302,0.06408075243234634,0.06509623676538467,0.06896551724137931,0.25,45,0.06413821876049042,0.06488960236310959,58,1.3993233082706777,8126464,0.06474066525697708,0.13533834586466165,0.06666666666666667,0.0,0.06389051675796509,59,0.0644688531756401,40,323.8541564941406,0.06293486058712006,0.06375030428171158,20,0.06341780722141266,0.06440406292676926,0.06493106484413147,0.06321040540933609,0.1,0.06477188318967819,0.0,0.808624267578125,0.7692307692307693,1.1661282777786255,0.7906098065432161,0.1160552978515625,1e-05,0.06427605450153351,0.1,36,0.0023055298,33.16272608935833,13,-0.003160490192567522,1230,0.2
0.06462538987398148,0.06406526267528534,0.8555555555555555,0.06519432365894318,1712,510.61,0.06482371687889099,0.06419110298156738,4822,0.06474895775318146,0.06519432365894318,0.0648592859506607,63,0.08163265306122448,2.011111111111111,2.823374741788196,36,0.06398910284042358,0.06495916843414307,0.06395133584737778,0.0631277933716774,0.1111111111111111,0.06414645165205002,0.06422372907400131,0.06515006721019745,0.07246376811594203,0.25925925925925924,34,0.06432988494634628,0.06504164636135101,69,1.3995037037037048,8257536,0.06490136682987213,0.14444444444444443,0.058823529411764705,0.0,0.06404636800289154,49,0.06464992463588715,42,346.7901916503906,0.0631277933716774,0.06385214626789093,27,0.06346343457698822,0.06446419656276703,0.06510929018259048,0.06328611075878143,0.11904761904761904,0.06491328030824661,0.0,0.8087291717529297,0.9230769230769231,1.0354974269866943,0.8210245895665139,0.11505203247070313,1e-05,0.06440453231334686,0.1,39,0.0022973432,33.114144721627234,13,-0.0030618253987086063,1240,0.2
0.0647319033741951,0.06422626972198486,0.8880597014925373,0.06539043039083481,1739,484.51,0.06494154781103134,0.064298115670681,4822,0.06481541693210602,0.06539043039083481,0.06501809507608414,64,0.07017543859649122,2.156716417910448,2.8051141856306434,46,0.06405937671661377,0.06507977098226547,0.0640394389629364,0.06326129287481308,0.10869565217391304,0.0642690509557724,0.0643383339047432,0.06524616479873657,0.09433962264150944,0.21052631578947367,39,0.06455178558826447,0.06520262360572815,53,1.4082388059701503,8388608,0.0650148093700409,0.11194029850746269,0.07692307692307693,0.0,0.06410977244377136,57,0.06469408422708511,47,325.9619140625,0.06326129287481308,0.06401149928569794,19,0.06358738988637924,0.06467270851135254,0.06528659164905548,0.06335023790597916,0.06382978723404255,0.06504566222429276,0.0,0.8135590553283691,0.8571428571428571,1.268183946609497,0.7770526377484203,0.1126312255859375,1e-05,0.06452968716621399,0.1,30,0.0022877073,33.064880600571634,7,-0.0028247495445612005,1250,0.2
0.06483107805252075,0.06435433775186539,0.8664259927797834,0.06546613574028015,1766,458.98,0.06510553508996964,0.0642901360988617,4821,0.06495579332113266,0.06546613574028015,0.06509961932897568,65,0.043478260869565216,1.8989169675090252,2.954748592800691,40,0.06413914263248444,0.0651513859629631,0.06412916630506516,0.0634295791387558,0.1,0.06444302946329117,0.0644267350435257,0.06533757597208023,0.05555555555555555,0.2916666666666667,49,0.0645839124917984,0.06528430432081223,72,1.4120216606498206,8519680,0.0651124119758606,0.13357400722021662,0.1836734693877551,0.0,0.06421723961830139,46,0.06486066430807114,37,309.5196533203125,0.0634295791387558,0.06413479149341583,24,0.0636954978108406,0.06484916061162949,0.06537258625030518,0.06346732378005981,0.10810810810810811,0.06516582518815994,0.0,0.7941933870315552,0.7777777777777778,1.2548891305923462,0.8411429002415389,0.1110107421875,1e-05,0.06463611871004105,0.1,37,0.002244698,33.02052876055241,9,-0.0027669632274410104,1260,0.2
0.06498248130083084,0.06457431614398956,0.9019607843137255,0.06571224331855774,1794,432.5,0.06532039493322372,0.06448516249656677,4821,0.0651133731007576,0.06571224331855774,0.06525663286447525,66,0.04878048780487805,1.9607843137254901,2.9109443565119935,40,0.06425590813159943,0.06538129597902298,0.06432124972343445,0.06348688900470734,0.1,0.06463887542486191,0.06461073458194733,0.06546538323163986,0.0392156862745098,0.14285714285714285,53,0.06471071392297745,0.06543900072574615,51,1.3949568627450992,8650752,0.0652046874165535,0.09803921568627451,0.03773584905660377,0.0,0.06425624340772629,41,0.0649578794836998,46,289.0581970214844,0.06348688900470734,0.06421659141778946,14,0.06376203149557114,0.06496170908212662,0.06541942059993744,0.06360669434070587,0.06521739130434782,0.06533824652433395,0.0,0.8102855682373047,1.0,1.0747785568237305,0.8357101150322706,0.11145782470703125,1e-05,0.0647791251540184,0.1,25,0.0022846542,32.97129143178463,10,-0.0028916958972331486,1270,0.2
0.06507978588342667,0.06466151028871536,0.7991803278688525,0.0658695250749588,1821,549.46,0.06543626636266708,0.06458301097154617,4821,0.06521893292665482,0.0658695250749588,0.06538045406341553,67,0.19047619047619047,1.901639344262295,2.749716399408099,34,0.06440498679876328,0.06551969796419144,0.06450587511062622,0.06367193162441254,0.14705882352941177,0.064827099442482,0.06473129987716675,0.065554678440094,0.10909090909090909,0.35714285714285715,42,0.0648837685585022,0.06554724276065826,55,1.4002950819672142,8781824,0.06528676301240921,0.20081967213114754,0.14285714285714285,0.0,0.06436269730329514,42,0.06505855172872543,43,370.76641845703125,0.06367193162441254,0.0643458366394043,14,0.06388039141893387,0.0650424212217331,0.06557073444128036,0.06373832374811172,0.16279069767441862,0.06552441418170929,0.0,0.8085006475448608,0.8571428571428571,1.0845952033996582,0.778193163080141,0.11614151000976562,1e-05,0.06490744650363922,0.1,49,0.0023001856,32.91925194561482,14,-0.0030497308216581587,1280,0.2
0.06526222079992294,0.06477242708206177,0.8555133079847909,0.06592235714197159,1848,520.11,0.06556377559900284,0.06468823552131653,4820,0.06535851210355759,0.06592235714197159,0.06550438702106476,68,0.11538461538461539,2.0152091254752853,2.8270132763307925,30,0.06447091698646545,0.06555641442537308,0.06466127932071686,0.06374426186084747,0.16666666666666666,0.06491023302078247,0.06491848081350327,0.0656999796628952,0.10526315789473684,0.19047619047619047,46,0.0650872215628624,0.06573671847581863,57,1.393102661596959,8912896,0.06540577858686447,0.1444866920152091,0.10869565217391304,0.0,0.06440805643796921,52,0.065218485891819,44,354.9228210449219,0.06374426186084747,0.0643729493021965,21,0.06394295394420624,0.06515417248010635,0.06560169160366058,0.06388220191001892,0.06818181818181818,0.06567145138978958,0.0,0.8111998438835144,0.6923076923076923,0.9296849966049194,0.7002802297938615,0.11083831787109374,1e-05,0.0650206059217453,0.1,38,0.0023435506,32.873187044262885,13,-0.0028264178840800014,1290,0.2
0.06541605293750763,0.0649123340845108,0.88,0.06603031605482101,1876,467.2,0.06566837430000305,0.06486057490110397,4820,0.0654873326420784,0.06603031605482101,0.06566618382930756,69,0.045454545454545456,2.176,2.8860644804136655,36,0.0646059513092041,0.06563221663236618,0.06475434452295303,0.06381246447563171,0.16666666666666666,0.0650821328163147,0.06502829492092133,0.06585408747196198,0.022222222222222223,0.16666666666666666,48,0.06516217440366745,0.06586810946464539,45,1.387848000000001,9043968,0.06556292623281479,0.12,0.125,0.0,0.0644940659403801,44,0.06541449576616287,45,314.0167236328125,0.06381246447563171,0.06444982439279556,24,0.06405297666788101,0.06529378145933151,0.06575019657611847,0.06398387253284454,0.06666666666666667,0.06578627973794937,0.0,0.8017743229866028,1.0,1.1229591369628906,0.80308329872787,0.1085906982421875,1e-05,0.06514517217874527,0.1,30,0.0022180623,32.82716448009014,8,-0.0029325253952265486,1300,0.2
0.06553314626216888,0.06511050462722778,0.8530465949820788,0.0661919116973877,1903,449.65,0.06579123437404633,0.06497577577829361,4820,0.06559889763593674,0.0661919116973877,0.0657794252038002,70,0.043478260869565216,1.935483870967742,2.937331086381461,31,0.06474500149488449,0.06570491939783096,0.06487526744604111,0.06390820443630219,0.16129032258064516,0.06517782807350159,0.06517481803894043,0.06601975113153458,0.125,0.2222222222222222,60,0.06530343741178513,0.06602457910776138,64,1.4007598566308253,9175040,0.06569679826498032,0.14695340501792115,0.13333333333333333,0.0,0.06468252837657928,46,0.06553853303194046,50,303.2417297363281,0.06390820443630219,0.06456580758094788,18,0.06427200883626938,0.06536803394556046,0.06593262404203415,0.06413016468286514,0.1,0.06587634235620499,0.0,0.808083176612854,0.9,1.0450390577316284,0.7673253217712045,0.11224822998046875,1e-05,0.06527910381555557,0.1,41,0.0022474525,32.777544581890105,10,-0.0029502829022021613,1310,0.2
0.06561032682657242,0.0651889443397522,0.8765432098765432,0.06626153737306595,1930,473.19,0.06594806164503098,0.06519751995801926,4819,0.0656818076968193,0.06626153737306595,0.06593763828277588,71,0.06382978723404255,1.9423868312757202,2.869971055420261,31,0.064903125166893,0.06573896110057831,0.06495530903339386,0.06403494626283646,0.16129032258064516,0.06534378975629807,0.06527835875749588,0.06613437831401825,0.037037037037037035,0.23076923076923078,46,0.0654713362455368,0.06622954457998276,54,1.389835390946503,9306112,0.06577698886394501,0.12345679012345678,0.06521739130434782,0.0,0.06477444618940353,47,0.065658338367939,42,319.2496337890625,0.06403494626283646,0.0647125169634819,13,0.06442993134260178,0.06541033089160919,0.06610322743654251,0.06427351385354996,0.16666666666666666,0.06601673364639282,0.0,0.8166495561599731,0.7,1.0203121900558472,0.8349420906510204,0.114739990234375,1e-05,0.06540285795927048,0.1,30,0.0023303046,32.728482297062875,10,-0.003055315184974461,1320,0.2
0.06579780578613281,0.06528844684362411,0.8115384615384615,0.06632272154092789,1958,531.89,0.06607051938772202,0.06527881324291229,4819,0.06571982055902481,0.06633739918470383,0.06613598763942719,72,0.1276595744680851,2.023076923076923,2.90322321292831,31,0.06504590809345245,0.06589431315660477,0.06508050113916397,0.06425069272518158,0.12903225806451613,0.06546368449926376,0.06542260199785233,0.06631387025117874,0.12280701754385964,0.5555555555555556,50,0.0656859427690506,0.0662955790758133,57,1.4113000000000009,9437184,0.065963014960289,0.18846153846153846,0.14,0.0,0.0648936778306961,47,0.06583884358406067,48,362.5630798339844,0.06425069272518158,0.06479465216398239,18,0.06453531980514526,0.06557806581258774,0.06633739918470383,0.06443476676940918,0.14583333333333334,0.06614566594362259,0.0,0.8116030693054199,0.8888888888888888,1.0332638025283813,0.7423327415715903,0.11431350708007812,1e-05,0.06554354727268219,0.1,49,0.00235592,32.677419105172156,9,-0.0028724152412905823,1330,0.2
0.06597504764795303,0.06535114347934723,0.8473895582329317,0.06649304181337357,1985,496.79,0.06615769863128662,0.06538122147321701,4818,0.06586769968271255,0.06653451919555664,0.06620509922504425,73,0.08333333333333333,1.9196787148594376,2.8016304368041514,40,0.065191850066185,0.06609033793210983,0.0652824342250824,0.06435787677764893,0.2,0.0656253919005394,0.06560534238815308,0.06652632355690002,0.07272727272727272,0.07142857142857142,43,0.06577777862548828,0.06640852987766266,55,1.4006586345381535,9568256,0.06609955430030823,0.15261044176706828,0.11627906976744186,0.0,0.0650210902094841,48,0.06596729904413223,38,338.41180419921875,0.06435787677764893,0.06498046964406967,14,0.06476639956235886,0.06575233489274979,0.06653451919555664,0.0645303800702095,0.13157894736842105,0.06634648889303207,0.0,0.8031513690948486,1.0,1.0891928672790527,0.7649020073469728,0.11553878784179687,1e-05,0.06569182127714157,0.1,38,0.0023630382,32.62249639332295,11,-0.0028795582938073495,1340,0.2
0.06606745719909668,0.06554847210645676,0.8571428571428571,0.06671120971441269,2012,459.01,0.06624561548233032,0.06548252701759338,4818,0.06608450412750244,0.06674211472272873,0.06630716472864151,74,0.07407407407407407,2.1355311355311355,2.952172918653199,39,0.06530849635601044,0.06619250774383545,0.06536681950092316,0.06448622047901154,0.20512820512820512,0.06579245626926422,0.0657167062163353,0.06674211472272873,0.0625,0.3333333333333333,61,0.06585080176591873,0.06646430492401123,48,1.391948717948719,9699328,0.06619209796190262,0.14285714285714285,0.13114754098360656,0.0,0.06520798802375793,54,0.06617630273103714,49,305.8502502441406,0.06448622047901154,0.0651034414768219,18,0.06491510570049286,0.06598562002182007,0.06664730608463287,0.06459210067987442,0.12244897959183673,0.06650332361459732,0.0,0.7849822640419006,1.0,1.116539478302002,0.7932179655879736,0.11072311401367188,1e-05,0.0658276230096817,0.1,39,0.0022601448,32.568585094809535,4,-0.0025819641627094826,1350,0.2
0.06616568565368652,0.06569798290729523,0.832,0.06689545512199402,2040,527.78,0.06644543260335922,0.06554017215967178,4818,0.06625862419605255,0.06689545512199402,0.06643540412187576,75,0.09090909090909091,2.052,2.6445368219360534,43,0.06541070342063904,0.06631509959697723,0.06550802290439606,0.06469229608774185,0.11627906976744186,0.06600481271743774,0.06580600142478943,0.06677338480949402,0.10416666666666667,0.35294117647058826,32,0.06596902012825012,0.06658979505300522,48,1.4058960000000011,9830400,0.0663062185049057,0.168,0.125,0.0,0.06536326557397842,55,0.06628107279539108,40,357.08660888671875,0.06472443044185638,0.06526195257902145,17,0.06507139652967453,0.06623964756727219,0.0667567178606987,0.06469229608774185,0.1,0.06656849384307861,0.0,0.8030284643173218,0.8666666666666667,1.1993730068206787,0.8170660194009542,0.11635894775390625,1e-05,0.06596323847770691,0.1,42,0.002366971,32.51705259680748,15,-0.0029715826250139798,1360,0.2
0.06637264788150787,0.06588011980056763,0.860655737704918,0.06698302924633026,2067,532.63,0.06658382713794708,0.06559454649686813,4817,0.06643076241016388,0.06698302924633026,0.06657858937978745,76,0.08333333333333333,1.9754098360655739,2.8333472698694173,31,0.06556088477373123,0.06640661507844925,0.06554419547319412,0.0647895559668541,0.1935483870967742,0.06612080335617065,0.06602801382541656,0.06683783233165741,0.057692307692307696,0.3333333333333333,48,0.06603620201349258,0.06680967658758163,52,1.4162131147540995,9961472,0.0664747953414917,0.13934426229508196,0.10416666666666667,0.0,0.06546633690595627,48,0.06645628809928894,37,356.3955383300781,0.0647895559668541,0.06538034975528717,18,0.06523403525352478,0.06637432426214218,0.06685639172792435,0.06485213339328766,0.02702702702702703,0.06672392785549164,0.0,0.8063591122627258,0.9,0.9597704410552979,0.7262642067391425,0.11220169067382812,1e-05,0.06609503924846649,0.1,34,0.0022422625,32.46663576960564,10,-0.0027694748981957674,1370,0.2
0.06651975959539413,0.06595958769321442,0.8444444444444444,0.0670994445681572,2095,537.09,0.06676168739795685,0.06571735441684723,4817,0.06659136712551117,0.0670994445681572,0.06668683886528015,77,0.02040816326530612,1.9,2.87431522269293,34,0.06569495797157288,0.066568523645401,0.0656682625412941,0.06499011814594269,0.20588235294117646,0.06633097678422928,0.06615153700113297,0.06691879779100418,0.09375,0.3684210526315789,61,0.06619305908679962,0.0669584572315216,64,1.3805481481481492,10092544,0.06662213802337646,0.15555555555555556,0.13114754098360656,0.0,0.06563372164964676,49,0.0666293278336525,37,358.1290283203125,0.06499011814594269,0.06554532796144485,19,0.06543341279029846,0.06652670353651047,0.06695336103439331,0.06499805301427841,0.1891891891891892,0.06685515493154526,0.0,0.8098170161247253,1.0,0.9136152267456055,0.7166833658702672,0.11471176147460938,1e-05,0.06624031066894531,0.1,42,0.0023563693,32.41350709497929,6,-0.0030824652647424957,1380,0.2
0.06662753969430923,0.06608916819095612,0.864406779661017,0.0672592744231224,2122,478.22,0.06687939912080765,0.06588783860206604,4817,0.06676381826400757,0.0672592744231224,0.06678159534931183,78,0.07317073170731707,1.902542372881356,2.8329992119782506,37,0.06587550789117813,0.06671450287103653,0.06582973897457123,0.06509082019329071,0.10810810810810811,0.06646852940320969,0.06621881574392319,0.06701736152172089,0.15254237288135594,0.4166666666666667,42,0.06627146154642105,0.0670929029583931,59,1.4082542372881368,10223616,0.06675856560468674,0.13559322033898305,0.07142857142857142,0.0,0.0657685250043869,41,0.06681268662214279,39,317.01715087890625,0.06509082019329071,0.06573212891817093,12,0.06549809128046036,0.06665056198835373,0.067092165350914,0.06512659788131714,0.05128205128205128,0.06696607172489166,0.0,0.8071673512458801,1.0,1.0009862184524536,0.7910386517643928,0.11255111694335937,1e-05,0.06637094169855118,0.1,32,0.0022541261,32.36183348596096,6,-0.0029553948834291077,1390,0.2
0.06684724986553192,0.06628689914941788,0.8088235294117647,0.0674433559179306,2149,529.65,0.06693556904792786,0.06591834127902985,4816,0.0669463723897934,0.0674433559179306,0.06692637503147125,79,0.13043478260869565,1.9485294117647058,2.7016226953853564,47,0.06603138148784637,0.06680209934711456,0.06593254208564758,0.06520422548055649,0.19148936170212766,0.06654678285121918,0.06640274822711945,0.06724581867456436,0.058823529411764705,0.3,48,0.0663609728217125,0.06720571964979172,51,1.3977058823529422,10354688,0.06688745319843292,0.19117647058823528,0.14583333333333334,0.0,0.06582007557153702,46,0.06693617254495621,42,357.87872314453125,0.06520422548055649,0.06590022146701813,20,0.06560514867305756,0.06674094498157501,0.06725578010082245,0.06525777280330658,0.16666666666666666,0.06708844006061554,0.0,0.8095223307609558,0.7777777777777778,1.1584240198135376,0.7560023730620742,0.11047439575195313,1e-05,0.06650113314390182,0.1,52,0.0022519124,32.31311922073364,18,-0.0027713924057024995,1400,0.2
0.06691619753837585,0.06634604930877686,0.8739837398373984,0.06756982207298279,2176,547.8,0.06708554178476334,0.06614265590906143,4816,0.0670991986989975,0.06756982207298279,0.06708809733390808,80,0.08333333333333333,2.1463414634146343,2.8357025599965455,34,0.06614244729280472,0.06695342808961868,0.066044881939888,0.065309539437294,0.14705882352941177,0.06668554991483688,0.06653057783842087,0.06740082055330276,0.07272727272727272,0.4117647058823529,34,0.0665246844291687,0.06734240055084229,55,1.395528455284554,10485760,0.06700235605239868,0.12601626016260162,0.058823529411764705,0.0,0.06593139469623566,48,0.06710996478796005,51,370.4208984375,0.065309539437294,0.06599046289920807,17,0.06572515517473221,0.06692859530448914,0.06745786964893341,0.06531929969787598,0.09803921568627451,0.0672067329287529,0.0,0.8070880770683289,0.5714285714285714,0.9957166910171509,0.751790829654783,0.10990219116210938,1e-05,0.0666341483592987,0.1,31,0.002251439,32.26348518133163,7,-0.0028565340248860593,1410,0.2
0.0670236200094223,0.06651148200035095,0.8608058608058609,0.06770210713148117,2204,524.22,0.06727097928524017,0.06621064245700836,4816,0.06723302602767944,0.06770210713148117,0.06720656901597977,81,0.019230769230769232,1.9120879120879122,2.8516945411281274,41,0.06621487438678741,0.06720137596130371,0.06616530567407608,0.06541924923658371,0.17073170731707318,0.06679945439100266,0.06669023633003235,0.06763160973787308,0.07017543859649122,0.36363636363636365,53,0.06668917089700699,0.0674416720867157,57,1.3932380952380963,10616832,0.06715654581785202,0.1391941391941392,0.07547169811320754,0.0,0.0661439299583435,52,0.06727518141269684,47,357.5878601074219,0.06550639867782593,0.06611397862434387,11,0.06586103141307831,0.06701259315013885,0.06763111054897308,0.06541924923658371,0.1276595744680851,0.06739486008882523,0.0,0.8181779980659485,1.0,1.1043262481689453,0.7584052961785346,0.1084686279296875,1e-05,0.06678027659654617,0.1,38,0.002273782,32.210544019937515,12,-0.0026242695485052536,1420,0.2
0.06717581301927567,0.06660826504230499,0.8849206349206349,0.06789776682853699,2231,505.15,0.06752420961856842,0.06629849970340729,4816,0.06732023507356644,0.06789776682853699,0.06738695502281189,82,0.13636363636363635,2.234126984126984,2.9622770616313656,32,0.06646035611629486,0.06732670217752457,0.06629298627376556,0.06556082516908646,0.125,0.06691431254148483,0.06681087613105774,0.06773190200328827,0.0425531914893617,0.16666666666666666,46,0.06684783846139908,0.06762111932039261,47,1.398857142857144,10747904,0.0673195943236351,0.11507936507936507,0.0,0.0,0.06614147126674652,44,0.06728416681289673,52,340.46173095703125,0.06565575301647186,0.06616202741861343,24,0.06607511639595032,0.06715326011180878,0.06778811663389206,0.06556082516908646,0.1346153846153846,0.06757514923810959,0.0,0.8127850890159607,0.8571428571428571,1.2001773118972778,0.7801483468152582,0.113885498046875,1e-05,0.06691733002662659,0.1,29,0.0023004464,32.15797274708748,7,-0.0030578906558730522,1430,0.2
0.06740220636129379,0.06673208624124527,0.8566037735849057,0.06796693056821823,2259,549.38,0.06757993996143341,0.06650194525718689,4815,0.06746984273195267,0.06796693056821823,0.06748754531145096,83,0.075,1.9320754716981132,2.90605019658365,35,0.06660430878400803,0.06745561212301254,0.06641735136508942,0.06568646430969238,0.17142857142857143,0.0671050101518631,0.06686245650053024,0.06784741580486298,0.10606060606060606,0.3,48,0.06693343073129654,0.06774888932704926,66,1.4044528301886803,10878976,0.06747792661190033,0.14339622641509434,0.0625,0.0,0.06622876971960068,40,0.06737396121025085,46,366.1835021972656,0.0659007653594017,0.06632813066244125,20,0.06622353941202164,0.06728162616491318,0.06793862581253052,0.06568646430969238,0.10869565217391304,0.06775554269552231,0.0,0.8054094910621643,0.8,1.0423228740692139,0.7897017246345058,0.11598358154296876,1e-05,0.06705240905284882,0.1,38,0.0023277574,32.107090523839,10,-0.003095721653153305,1440,0.2
0.06762721389532089,0.06688942015171051,0.8884462151394422,0.06813439726829529,2286,577.65,0.06773999333381653,0.06665749102830887,4815,0.06763019412755966,0.06813439726829529,0.06764138489961624,84,0.109375,1.9601593625498008,2.926934431912404,29,0.066703662276268,0.06764069199562073,0.06647517532110214,0.0657956600189209,0.10344827586206896,0.06723998486995697,0.06695126742124557,0.0680445060133934,0.057692307692307696,0.3,54,0.06709682941436768,0.0678323432803154,52,1.4136892430278893,11010048,0.06760567426681519,0.11155378486055777,0.05555555555555555,0.0,0.06635910272598267,64,0.067511186003685,36,390.985107421875,0.0660533681511879,0.0665133148431778,10,0.06639320403337479,0.06742268800735474,0.06804244965314865,0.0657956600189209,0.08333333333333333,0.06790541112422943,0.0,0.8137373924255371,1.0,1.0797815322875977,0.7524732605088502,0.114324951171875,1e-05,0.06719626486301422,0.1,28,0.0023407147,32.055027437210086,6,-0.003054672401958669,1450,0.2
0.06775039434432983,0.06697309762239456,0.8605577689243028,0.06827046722173691,2313,490.73,0.06783413141965866,0.06675425171852112,4815,0.06774328649044037,0.06827046722173691,0.06778735667467117,85,0.10204081632653061,2.043824701195219,2.875058585935054,26,0.06686171889305115,0.0678366869688034,0.06663724780082703,0.06588205695152283,0.15384615384615385,0.06737839430570602,0.0670996680855751,0.06823081523180008,0.06666666666666667,0.15,45,0.0672183483839035,0.0680241733789444,60,1.4048924302788854,11141120,0.06780758500099182,0.1394422310756972,0.1111111111111111,0.0,0.06658787280321121,49,0.06764770299196243,44,331.3275146484375,0.06614278256893158,0.06658153980970383,20,0.0666111409664154,0.0675462856888771,0.06821412593126297,0.06588205695152283,0.18181818181818182,0.06808457523584366,0.0,0.7972811460494995,0.8571428571428571,1.2065229415893555,0.7934663424734026,0.10859375,1e-05,0.06734023243188858,0.1,35,0.0021997127,32.001879918575284,7,-0.002630076525747427,1460,0.2
0.06786985695362091,0.06711345165967941,0.8760330578512396,0.06845805794000626,2340,541.71,0.06793185323476791,0.06682804226875305,4815,0.06789948791265488,0.06845805794000626,0.06787323206663132,86,0.05,1.7603305785123966,2.9791442406688318,39,0.06697097420692444,0.06791026890277863,0.06682264059782028,0.0660872757434845,0.15384615384615385,0.06749165058135986,0.06722725927829742,0.06828168779611588,0.07017543859649122,0.36363636363636365,59,0.0673208087682724,0.06809577345848083,57,1.4125950413223152,11272192,0.06798873096704483,0.12396694214876033,0.06779661016949153,0.0,0.06680268049240112,40,0.06776856631040573,30,365.0005187988281,0.06633128225803375,0.06676201522350311,11,0.06682756543159485,0.06760112941265106,0.06834358721971512,0.0660872757434845,0.16666666666666666,0.06827012449502945,0.0,0.8130146265029907,0.8333333333333334,1.121354579925537,0.7410926056094468,0.11512374877929688,1e-05,0.06747511774301529,0.1,30,0.0022949432,31.95020645707846,6,-0.0030147650744765998,1470,0.2
0.06798112392425537,0.06728265434503555,0.828,0.06853971630334854,2368,527.02,0.06802070140838623,0.06694113463163376,4814,0.06810262799263,0.06853971630334854,0.06797028332948685,87,0.1111111111111111,1.912,2.8892765300401058,25,0.06703180819749832,0.06802948564291,0.0669754147529602,0.0661049336194992,0.12,0.0676698237657547,0.06740321964025497,0.06847795099020004,0.11267605633802817,0.5625,45,0.06738071143627167,0.06820088624954224,71,1.405112000000001,11403264,0.06810545176267624,0.172,0.15555555555555556,0.0,0.06699486076831818,54,0.06798002123832703,36,354.122802734375,0.06646604835987091,0.0668879821896553,16,0.06698044389486313,0.06787186115980148,0.06844630092382431,0.0661049336194992,0.19444444444444445,0.0684652179479599,0.0,0.8120535612106323,1.0,1.3607876300811768,0.7608514429070056,0.11008987426757813,1e-05,0.067612424492836,0.1,43,0.002283718,31.899574795365332,3,-0.002898137540432799,1480,0.2
0.06804254651069641,0.06742570549249649,0.8645418326693227,0.0686916708946228,2395,495.11,0.068199522793293,0.06714200973510742,4814,0.06827093660831451,0.0686916708946228,0.06809549778699875,88,0.08771929824561403,1.8525896414342629,2.8490421447933754,34,0.06712915748357773,0.06823621690273285,0.067073293030262,0.06619909405708313,0.14705882352941177,0.06786274909973145,0.06754519045352936,0.06859669834375381,0.046153846153846156,0.3125,40,0.06753551214933395,0.068355992436409,65,1.4071235059760965,11534336,0.06835087388753891,0.13545816733067728,0.05,0.0,0.06706126034259796,57,0.06805258989334106,29,329.1705017089844,0.06665389984846115,0.06708192825317383,16,0.06708939373493195,0.06804616749286652,0.06863374263048172,0.06619909405708313,0.1724137931034483,0.06858659535646439,0.0,0.809011697769165,0.9,1.09147310256958,0.7472183820791543,0.10968093872070313,1e-05,0.06775832921266556,0.1,34,0.0022854647,31.846670985221863,10,-0.0029692302421608476,1490,0.2
0.06816033273935318,0.06753948330879211,0.8259109311740891,0.06888984143733978,2422,529.37,0.06828565895557404,0.06720228493213654,4814,0.06831376254558563,0.06888984143733978,0.0683399885892868,89,0.08695652173913043,1.9757085020242915,2.8930077778713246,39,0.06724126636981964,0.06837727874517441,0.06722671538591385,0.06636232882738113,0.20512820512820512,0.06797460466623306,0.06760994344949722,0.06871175765991211,0.0,0.375,46,0.06759804487228394,0.06851675361394882,48,1.399829959514171,11665408,0.0685153380036354,0.17408906882591094,0.08695652173913043,0.0,0.0671611949801445,46,0.06822498887777328,30,354.9727783203125,0.06682804226875305,0.06730792671442032,24,0.0671762079000473,0.06827118247747421,0.06876993924379349,0.06636232882738113,0.2,0.06873944401741028,0.0,0.8111074566841125,0.8571428571428571,0.9703553915023804,0.7570653413888067,0.11041641235351562,1e-05,0.06789377331733704,0.1,43,0.0022613765,31.795336174964905,14,-0.00284863676824898,1500,0.2
0.0683446153998375,0.06761687248945236,0.8825757575757576,0.06907068938016891,2450,479.08,0.06838048994541168,0.06737513840198517,4814,0.06841123104095459,0.06907068938016891,0.06855226308107376,90,0.13333333333333333,2.090909090909091,2.9047275164615884,36,0.06731219589710236,0.06858165562152863,0.06726755201816559,0.06649690866470337,0.08333333333333333,0.068130724132061,0.06774552911520004,0.06889926642179489,0.03278688524590164,0.2777777777777778,42,0.06770673394203186,0.06864329427480698,61,1.4085909090909101,11796480,0.06858659535646439,0.11742424242424243,0.07142857142857142,0.0,0.06727416068315506,45,0.06835788488388062,55,315.9216003417969,0.06697393208742142,0.06747286021709442,18,0.06724677979946136,0.06842822581529617,0.06887240707874298,0.06649690866470337,0.09090909090909091,0.06887277960777283,0.0,0.8022534251213074,1.0,1.2612377405166626,0.7720500990748406,0.10797271728515626,1e-05,0.06802482903003693,0.1,31,0.0022681816,31.746838437020777,7,-0.002867639181386039,1510,0.2
0.06843695044517517,0.06769955158233643,0.8566176470588235,0.06925693899393082,2477,512.27,0.06854639947414398,0.06745351105928421,4814,0.06847627460956573,0.06925693899393082,0.06877312809228897,91,0.10204081632653061,1.8566176470588236,2.776796469677469,43,0.06744805723428726,0.06861793249845505,0.06737397611141205,0.06656387448310852,0.16279069767441862,0.06820444762706757,0.06788434833288193,0.06911562383174896,0.09859154929577464,0.23076923076923078,44,0.06780385971069336,0.06882234662771225,71,1.3955000000000009,11927552,0.06870844960212708,0.14338235294117646,0.06818181818181818,0.0,0.06746971607208252,49,0.06843548268079758,43,338.9895324707031,0.06710080057382584,0.06756139546632767,13,0.06738430261611938,0.06862322986125946,0.06896258145570755,0.06656387448310852,0.11627906976744186,0.06901474297046661,0.0,0.8118868470191956,1.0,1.1712043285369873,0.7845687327440828,0.1072296142578125,1e-05,0.06814951449632645,0.1,39,0.0022786679,31.699676063656806,9,-0.002715806700189205,1520,0.2
0.0685897022485733,0.06789962947368622,0.8921933085501859,0.069453664124012,2504,434.9,0.06866113841533661,0.0676509290933609,4813,0.0686027854681015,0.069453664124012,0.0690082237124443,92,0.07407407407407407,2.033457249070632,2.8935490117971816,32,0.06752258539199829,0.06875205039978027,0.06751828640699387,0.06668392568826675,0.03125,0.06827914714813232,0.06805987656116486,0.06928528100252151,0.03225806451612903,0.30434782608695654,47,0.06788405776023865,0.06900236755609512,62,1.4029739776951684,12058624,0.06879264861345291,0.10780669144981413,0.0425531914893617,0.0,0.0676392912864685,54,0.06850185990333557,42,288.60919189453125,0.06729508936405182,0.06773118674755096,23,0.06753478944301605,0.06881912797689438,0.06918250769376755,0.06668392568826675,0.11904761904761904,0.06916262209415436,0.0,0.8182758092880249,0.8888888888888888,1.3049860000610352,0.7483186427503824,0.11796722412109376,1e-05,0.0683005154132843,0.1,29,0.0023942096,31.648649595677853,9,-0.003331639143380016,1530,0.2
0.06870608776807785,0.06800118088722229,0.8595744680851064,0.06957745552062988,2532,522.43,0.06881941854953766,0.06773161143064499,4813,0.06871393322944641,0.06957745552062988,0.06913141906261444,93,0.1,2.0553191489361704,2.971142551851202,18,0.06757692247629166,0.06885170191526413,0.06763847917318344,0.0667768120765686,0.05555555555555555,0.06849246472120285,0.06825191527605057,0.06938379257917404,0.1111111111111111,0.2631578947368421,55,0.06806867569684982,0.06917444616556168,45,1.4066297872340434,12189696,0.06885365396738052,0.14042553191489363,0.07272727272727272,0.0,0.06774570792913437,50,0.06867431849241257,39,349.19769287109375,0.0674775242805481,0.06786017119884491,19,0.0677439346909523,0.06907343864440918,0.0693986639380455,0.0667768120765686,0.15384615384615385,0.06928937882184982,0.0,0.8096986413002014,0.7777777777777778,1.058621883392334,0.7817111301235855,0.10859222412109375,1e-05,0.0684405192732811,0.1,33,0.002287418,31.595619136095046,9,-0.0026886061026743847,1540,0.2
0.06883566081523895,0.06811021268367767,0.8326693227091634,0.06977353990077972,2559,491.45,0.06902046501636505,0.06783410161733627,4813,0.06874742358922958,0.06977353990077972,0.0692513957619667,94,0.021739130434782608,1.9880478087649402,2.877480541934093,31,0.06776423752307892,0.06899392604827881,0.06778644025325775,0.06685574352741241,0.25806451612903225,0.06855327636003494,0.06838402897119522,0.06954600661993027,0.06349206349206349,0.4,40,0.06833747774362564,0.06930145621299744,63,1.4196494023904394,12320768,0.06896241754293442,0.16733067729083664,0.1,0.0,0.06786647439002991,46,0.06885816901922226,42,329.8875427246094,0.06763393431901932,0.06801419705152512,20,0.06782671064138412,0.06926950812339783,0.06950415670871735,0.06685574352741241,0.21428571428571427,0.06947571039199829,0.0,0.8096004128456116,0.8888888888888888,1.043349027633667,0.7182489462196827,0.1052581787109375,1e-05,0.068580262362957,0.1,42,0.0022391584,31.544849851727484,9,-0.0026526329379521485,1550,0.2
0.06903616338968277,0.06822017580270767,0.8255813953488372,0.0698712095618248,2586,530.76,0.06912887841463089,0.06797811388969421,4813,0.06877877563238144,0.0698712095618248,0.06943788379430771,95,0.13725490196078433,1.872093023255814,2.765790092255503,39,0.0679011344909668,0.0692163035273552,0.06795214861631393,0.06690946966409683,0.1794871794871795,0.0686156377196312,0.06854907423257828,0.06965362280607224,0.08064516129032258,0.11764705882352941,48,0.06859887391328812,0.06940412521362305,62,1.4030387596899234,12451840,0.06913202255964279,0.1744186046511628,0.22916666666666666,0.0,0.06809388101100922,51,0.06896642595529556,32,351.59307861328125,0.06777212768793106,0.06811380386352539,17,0.06793741136789322,0.06929650157690048,0.0695960521697998,0.06690946966409683,0.1875,0.0696328654885292,0.0,0.8003337383270264,0.7777777777777778,1.0827810764312744,0.7391897362656892,0.1074432373046875,1e-05,0.06871170550584793,0.1,45,0.0022252612,31.495258432626724,9,-0.002804139457475685,1560,0.2
0.0691617801785469,0.06838151067495346,0.857707509881423,0.07002194970846176,2614,510.84,0.06929785758256912,0.06809644401073456,4813,0.0689963772892952,0.07002194970846176,0.06967602670192719,96,0.17391304347826086,1.8379446640316206,2.8469069221003496,29,0.06802064925432205,0.06929237395524979,0.06808972358703613,0.067013218998909,0.1724137931034483,0.06884385645389557,0.06858323514461517,0.06981545686721802,0.06557377049180328,0.0,54,0.06884753704071045,0.06958605349063873,61,1.4047430830039536,12582912,0.0693182423710823,0.1422924901185771,0.07407407407407407,0.0,0.06827510893344879,46,0.06911351531744003,46,338.99493408203125,0.0680425614118576,0.06819339096546173,8,0.0680965781211853,0.06938167661428452,0.06971653550863266,0.067013218998909,0.15217391304347827,0.06972885876893997,0.0,0.8053427338600159,0.8888888888888888,1.1198608875274658,0.7370157020632178,0.108026123046875,1e-05,0.06886362284421921,0.1,36,0.002210487,31.44344561547041,9,-0.0029808543444232783,1570,0.2
0.06938879936933517,0.0685136467218399,0.8490566037735849,0.07016739249229431,2641,505.21,0.0693465992808342,0.06832396984100342,4813,0.06914190202951431,0.07016739249229431,0.06973311305046082,97,0.0851063829787234,1.969811320754717,2.8924109572522267,35,0.06815410405397415,0.0693918988108635,0.06825736910104752,0.06711561977863312,0.2,0.06897349655628204,0.06871922314167023,0.06995078921318054,0.03571428571428571,0.4117647058823529,58,0.06899486482143402,0.06969773024320602,56,1.405667924528303,12713984,0.06943518668413162,0.1509433962264151,0.15517241379310345,0.0,0.0684911459684372,47,0.06932297348976135,44,337.09783935546875,0.06824924796819687,0.06830557435750961,17,0.06814604252576828,0.06949809193611145,0.0697995126247406,0.06711561977863312,0.09090909090909091,0.06985639035701752,0.0,0.8168443441390991,0.875,1.0743345022201538,0.7521317737177015,0.10972671508789063,1e-05,0.06899898499250412,0.1,40,0.0023021582,31.391241008043288,8,-0.0028849975211414857,1580,0.2
0.06956682354211807,0.06864286959171295,0.8549618320610687,0.07036086916923523,2668,531.15,0.06954222917556763,0.06859501451253891,4813,0.06932345032691956,0.07036086916923523,0.06988807022571564,98,0.16666666666666666,1.9465648854961832,2.806538880708272,50,0.0682598426938057,0.06957166641950607,0.068356953561306,0.06729706376791,0.14,0.06909269094467163,0.06884434819221497,0.07017162442207336,0.03333333333333333,0.25,42,0.06912999600172043,0.06984539330005646,60,1.3850076335877872,12845056,0.06951013952493668,0.1450381679389313,0.11904761904761904,0.0,0.068600594997406,42,0.06949767470359802,38,360.1847229003906,0.06833989173173904,0.06846698373556137,20,0.06830809265375137,0.06955575942993164,0.06993595510721207,0.06729706376791,0.07894736842105263,0.06999586522579193,0.0,0.8163906931877136,0.9,1.1249170303344727,0.731714946217835,0.10744400024414062,1e-05,0.0691479966044426,0.1,38,0.0022572284,31.33966234177351,10,-0.002823480436018144,1590,0.2
0.06966597586870193,0.06879858672618866,0.8951612903225806,0.07056538015604019,2695,484.18,0.06966772675514221,0.0686761811375618,4813,0.06948808580636978,0.07056538015604019,0.07009714841842651,99,0.0625,1.8548387096774193,2.877162940387959,34,0.06835611909627914,0.06973357498645782,0.06846696883440018,0.06738218665122986,0.058823529411764705,0.06917791068553925,0.06903790682554245,0.07043078541755676,0.08771929824561403,0.07692307692307693,52,0.06930651515722275,0.0700453445315361,57,1.399500000000001,12976128,0.06968212127685547,0.10483870967741936,0.11538461538461539,0.0,0.06873748451471329,48,0.06959552317857742,35,323.2508850097656,0.06851670891046524,0.0686078742146492,13,0.06848521530628204,0.06967179477214813,0.07004596292972565,0.06738218665122986,0.05714285714285714,0.07004609704017639,0.0,0.8112495541572571,0.7777777777777778,0.975356936454773,0.7424383337143808,0.1037078857421875,1e-05,0.06929140537977219,0.1,26,0.002129226,31.28728366792202,9,-0.0026677707348426337,1600,0.2
0.06977680325508118,0.06890246272087097,0.8189300411522634,0.07085928320884705,2723,548.37,0.06984517723321915,0.06882722675800323,4813,0.06962823122739792,0.07085928320884705,0.0702175721526146,100,0.12244897959183673,1.9588477366255144,2.8143537108190553,33,0.06838927417993546,0.06995060294866562,0.06861762702465057,0.0676037073135376,0.21212121212121213,0.06927750259637833,0.0692710280418396,0.07057958841323853,0.11538461538461539,0.25,43,0.06935399770736694,0.07012280821800232,52,1.401860082304528,13107200,0.06976807117462158,0.18106995884773663,0.09302325581395349,0.0,0.0689188614487648,49,0.06972328573465347,38,367.7811584472656,0.06868284940719604,0.0687478706240654,16,0.0686929002404213,0.06984102725982666,0.07009678333997726,0.0676037073135376,0.15789473684210525,0.07011528313159943,0.0,0.8106247782707214,0.9166666666666666,0.9811373949050903,0.7360990688437596,0.10996780395507813,1e-05,0.06943239271640778,0.1,44,0.0022402003,31.235978221893312,12,-0.0029915200943833042,1610,0.2
0.06995443254709244,0.06902538239955902,0.7983539094650206,0.07085748016834259,2750,560.81,0.0700620487332344,0.06890310347080231,4813,0.06980758905410767,0.07085748016834259,0.0702638179063797,101,0.23404255319148937,2.074074074074074,2.850238135484828,29,0.06847810000181198,0.07002255320549011,0.0688057690858841,0.06770244985818863,0.10344827586206896,0.06942076981067657,0.06937970221042633,0.07080673426389694,0.12,0.2727272727272727,45,0.0694749653339386,0.07025018334388733,50,1.4025432098765442,13238272,0.06995642185211182,0.20164609053497942,0.15555555555555556,0.0,0.06909803301095963,47,0.06982454657554626,40,377.3476257324219,0.06881707161664963,0.06881918013095856,22,0.06886767596006393,0.06999869644641876,0.070166677236557,0.06770244985818863,0.15,0.07031939178705215,0.0,0.803985059261322,1.0,1.0424079895019531,0.7215432210359722,0.11522369384765625,1e-05,0.06956331431865692,0.1,49,0.0023603442,31.18725504875183,10,-0.003184978377521475,1620,0.2
0.0700470581650734,0.06918122619390488,0.8588235294117647,0.07101447880268097,2777,498.74,0.07018008828163147,0.06903736293315887,4812,0.0699198842048645,0.07101447880268097,0.07042716443538666,102,0.08695652173913043,1.8862745098039215,2.8797358994526707,35,0.0684887021780014,0.07018835842609406,0.06898060441017151,0.06776205450296402,0.11428571428571428,0.06954662501811981,0.06949257850646973,0.07090409100055695,0.015873015873015872,0.3333333333333333,48,0.06956534832715988,0.07040664553642273,63,1.4017568627450994,13369344,0.07004402577877045,0.1411764705882353,0.08333333333333333,0.0,0.06918440759181976,46,0.06986095011234283,36,332.3084411621094,0.06891147792339325,0.06894268840551376,18,0.06909844279289246,0.0701998919248581,0.07032459229230881,0.06776205450296402,0.2222222222222222,0.07039996236562729,0.0,0.8071131110191345,1.0,1.0845493078231812,0.733431619219482,0.10850448608398437,1e-05,0.06968434900045395,0.1,36,0.0022408706,31.142094053328037,9,-0.0028697150357402277,1630,0.2
0.07018203288316727,0.06930824369192123,0.8530612244897959,0.07105544954538345,2805,533.27,0.07029786705970764,0.06916990876197815,4812,0.07013185322284698,0.07105544954538345,0.07063089311122894,103,0.07894736842105263,1.9306122448979592,2.9273414179770176,29,0.0686323419213295,0.07033605873584747,0.06910542398691177,0.0679149180650711,0.13793103448275862,0.06981231272220612,0.06979292631149292,0.07094866037368774,0.07547169811320754,0.3181818181818182,52,0.06967318803071976,0.07053369283676147,53,1.4102612244897972,13500416,0.07014772295951843,0.1469387755102041,0.057692307692307696,0.0,0.06941557675600052,38,0.07001305371522903,38,357.2579345703125,0.06905952841043472,0.06911636888980865,22,0.06924107670783997,0.07034485042095184,0.07045799493789673,0.0679149180650711,0.13157894736842105,0.07047673314809799,0.0,0.8076067566871643,0.7692307692307693,1.0018641948699951,0.7757367515936494,0.10865859985351563,1e-05,0.06983194500207901,0.1,36,0.0022467528,31.093257136642933,13,-0.0029229585757093446,1640,0.2
0.07032645493745804,0.06942782551050186,0.8326530612244898,0.07133799046278,2832,518.08,0.07041002064943314,0.06945141404867172,4812,0.07027754187583923,0.07133799046278,0.07076573371887207,104,0.1111111111111111,2.0816326530612246,2.790284020783823,40,0.06876872479915619,0.07045476883649826,0.06924851983785629,0.0681101456284523,0.15,0.06993316113948822,0.06993082165718079,0.07104560732841492,0.11904761904761904,0.16666666666666666,47,0.06984081864356995,0.07068830728530884,42,1.3887755102040826,13631488,0.07026255130767822,0.1673469387755102,0.0851063829787234,0.0,0.0695827454328537,54,0.0701390728354454,35,351.1524658203125,0.06922782212495804,0.06925753504037857,18,0.06942060589790344,0.07051271200180054,0.0706610381603241,0.0681101456284523,0.2571428571428571,0.07070125639438629,0.0,0.8179183006286621,0.8888888888888888,1.012585163116455,0.7231469301506877,0.10802536010742188,1e-05,0.0699913278222084,0.1,41,0.0022937795,31.03800050020218,9,-0.0028654014469793763,1650,0.2
0.07048333436250687,0.06958001106977463,0.8565573770491803,0.0714402124285698,2859,532.89,0.07058010250329971,0.06959187239408493,4812,0.07042838633060455,0.0714402124285698,0.07085102796554565,105,0.16279069767441862,1.9467213114754098,2.8552228335944463,33,0.068931445479393,0.07052234560251236,0.06944477558135986,0.06817037612199783,0.15151515151515152,0.07003458589315414,0.07013630121946335,0.07117515057325363,0.07936507936507936,0.21428571428571427,38,0.06993577629327774,0.07086707651615143,63,1.4103278688524599,13762560,0.07045181840658188,0.14344262295081966,0.07894736842105263,0.0,0.06972943991422653,43,0.07027579843997955,45,355.5542907714844,0.06934242695569992,0.06945563852787018,14,0.06947431713342667,0.07070544362068176,0.0709061548113823,0.06817037612199783,0.13333333333333333,0.0708882138133049,0.0,0.8150049448013306,0.75,1.042412519454956,0.7013292270712554,0.11224746704101562,1e-05,0.07013607770204544,0.1,35,0.0022949264,30.984209875762463,8,-0.003223636515667749,1660,0.2
0.07058621197938919,0.06972181051969528,0.8262548262548263,0.07161995023488998,2886,534.75,0.07070799171924591,0.06969345360994339,4812,0.07067042589187622,0.07161995023488998,0.07095656543970108,106,0.13725490196078433,2.2316602316602316,2.814882092096924,33,0.06910369545221329,0.07078089565038681,0.0695396438241005,0.06829117238521576,0.21212121212121213,0.07013718783855438,0.07041227072477341,0.07132706791162491,0.0392156862745098,0.2608695652173913,40,0.07006140798330307,0.07105065882205963,51,1.3961467181467189,13893632,0.07062617689371109,0.17374517374517376,0.125,0.0,0.06992127001285553,51,0.0705225020647049,53,359.4473571777344,0.06942541897296906,0.06961426138877869,23,0.06960435211658478,0.07082168757915497,0.07108401507139206,0.06829117238521576,0.18867924528301888,0.0710444226861,0.0,0.818378210067749,1.0,0.9243693947792053,0.7203322947723791,0.10701751708984375,1e-05,0.07029297947883606,0.1,45,0.0022161035,30.929916113615036,8,-0.002906866843204625,1670,0.2
0.07065332680940628,0.0698869377374649,0.8230088495575221,0.07167904078960419,2914,518.71,0.07076744735240936,0.06978464126586914,4812,0.0707872211933136,0.07167904078960419,0.0710982009768486,107,0.10256410256410256,1.9690265486725664,2.829909896815487,39,0.06920130550861359,0.07095355540513992,0.06973861902952194,0.06847867369651794,0.1282051282051282,0.07024579495191574,0.07060323655605316,0.07151937484741211,0.057692307692307696,0.4,38,0.0702296569943428,0.07118472456932068,52,1.3853451327433637,14024704,0.07089398056268692,0.17699115044247787,0.07894736842105263,0.0,0.06999079138040543,39,0.07072478532791138,30,348.427978515625,0.06958598643541336,0.06974172592163086,20,0.06977985054254532,0.07096549868583679,0.0713009238243103,0.06847867369651794,0.3333333333333333,0.07114293426275253,0.0,0.8019020557403564,0.875,1.0005433559417725,0.7471366866957396,0.11049346923828125,1e-05,0.07043752819299698,0.1,40,0.0022589709,30.876514910161497,8,-0.0030876158572937127,1680,0.2
