train/std_min,rollout/is_timeout_mean,train/action_std_09,time/iterations,train/action_std_13,rollout/episodes_right,train/action_std_06,rollout/ep_len_mean,train/action_std_15,train/action_std_03,train/action_std_17,train/action_std_02,train/action_std_11,time/total_timesteps,train/action_std_10,time/fps,rollout/force_onset_mean,time/time_elapsed,train/std_max,rollout/force_direction_mean,train/action_std_20,train/action_std_24,train/action_std_18,train/action_std_04,train/action_std_00,rollout/ep_rew_mean,train/action_std_22,train/action_std_01,train/action_std_07,train/action_std_12,rollout/is_fall_mean,rollout/recovery_right,train/action_std_08,train/action_std_05,train/action_std_19,train/action_std_23,rollout/force_requested_impulse_mean,rollout/action_saturation_fraction,train/action_std_21,train/action_std_14,train/action_std_16,train/clip_range_vf,train/explained_variance,rollout/recovery_fwd,train/loss,rollout/episodes_fwd,train/approx_kl,rollout/timeouts,rollout/episodes_noforce,rollout/episodes_up,rollout/episodes_down,train/entropy_loss,train/std,rollout/recovery_left,rollout/episodes_left,train/policy_gradient_loss,rollout/recovery_up,train/learning_rate,train/value_loss,train/clip_fraction,train/clip_range,rollout/recovery_noforce,rollout/recovery_down,rollout/timeout_without_onset_fraction,rollout/episodes_back,rollout/recovery_back,train/n_updates
0.04999999701976776,0.0,0.04999999701976776,1,0.04999999701976776,1,0.04999999701976776,407.0,0.04999999701976776,0.04999999701976776,0.04999999701976776,0.04999999701976776,0.04999999701976776,131072,0.04999999701976776,12503,1.2180000000000009,10,0.04999999701976776,3.0,0.04999999701976776,0.04999999701976776,0.04999999701976776,0.04999999701976776,0.04999999701976776,264.3897399902344,0.04999999701976776,0.04999999701976776,0.04999999701976776,0.04999999701976776,1.0,0.0,0.04999999701976776,0.04999999701976776,0.04999999701976776,0.04999999701976776,0.8532428114042314,0.0,0.04999999701976776,0.04999999701976776,0.04999999701976776,,,,,,,,,,,,,,,,,,,,,,,,,,
0.05040591210126877,1.0,0.05042484402656555,2,0.05042792111635208,30,0.05041500926017761,1000.0,0.050434090197086334,0.050427284091711044,0.05043628811836243,0.05043844133615494,0.050461042672395706,262144,0.050424687564373016,9200,1.4046274509803933,28,0.050461042672395706,1.7529411764705882,0.0504375658929348,0.050416186451911926,0.05040591210126877,0.050426680594682693,0.050444334745407104,743.6839599609375,0.05044659599661827,0.0504177026450634,0.05041837692260742,0.05043678358197212,0.0,1.0,0.05042177811264992,0.05042865499854088,0.05041714757680893,0.050434328615665436,0.5156562500396321,0.0,0.05042335391044617,0.05044874921441078,0.05041130632162094,0.2,-0.16669023036956787,1.0,5.5002827644348145,35,0.0037587858,255,49,39,29,39.306962969899175,0.050429001450538635,1.0,32,-0.0016561473548790673,1.0,1e-05,2.9896084356121717,0.16215057373046876,0.1,1.0,1.0,0.0,41,1.0,10
0.050764575600624084,1.0,0.050834521651268005,3,0.05077801272273064,,0.05082807317376137,1000.0,0.05084066465497017,0.05078338831663132,0.050813570618629456,0.050821494311094284,0.050842106342315674,393216,0.05080730468034744,8677,1.394000000000001,45,0.050867289304733276,0.0,0.0508074015378952,0.050819870084524155,0.05079035088419914,0.05078465864062309,0.05082068219780922,743.9058837890625,0.05081893503665924,0.050767939537763596,0.05079684033989906,0.05080782622098923,0.0,,0.050837889313697815,0.050867289304733276,0.05079441890120506,0.05082986503839493,0.9597751741365461,0.0,0.05081307142972946,0.05082949250936508,0.050764575600624084,0.2,-1.308711290359497,1.0,3.31801176071167,1,0.0030432343,1,,,,39.100119376182555,0.0508120097219944,,,-0.0007420290400659724,,1e-05,1.3615863019600511,0.13315811157226562,0.1,,,0.0,,,20
0.05113920196890831,1.0,0.05123579874634743,4,0.05113920196890831,31,0.05125917121767998,1000.0,0.05125363543629646,0.05116245895624161,0.05123171955347061,0.05123157054185867,0.051190655678510666,524288,0.051214803010225296,8274,1.4020235294117658,63,0.05125917121767998,1.968627450980392,0.051221054047346115,0.051220089197158813,0.051211725920438766,0.05114811658859253,0.05122113972902298,739.5900268554688,0.0512242428958416,0.05118604376912117,0.051179636269807816,0.051204755902290344,0.0,1.0,0.05123646929860115,0.05122525617480278,0.051141127943992615,0.05116662010550499,0.5089523868155066,0.0,0.05123575031757355,0.05121959000825882,0.05114511772990227,0.2,-2.8542661666870117,1.0,3.2413129806518555,36,0.0030933246,255,47,29,50,38.909227749705316,0.05120422691106796,1.0,28,-0.0005818611102768045,1.0,1e-05,1.3231357490643858,0.13664321899414061,0.1,1.0,1.0,0.0,34,1.0,30
0.05151664465665817,0.5,0.05161941424012184,5,0.05151835083961487,,0.05163194611668587,991.83,0.051668666303157806,0.051550332456827164,0.05162357538938522,0.051617126911878586,0.05158180743455887,655360,0.05160396173596382,8159,1.523000000000001,80,0.051673002541065216,0.5,0.05166849493980408,0.051617249846458435,0.051621630787849426,0.051531776785850525,0.051673002541065216,733.3584594726562,0.051605816930532455,0.05153651908040047,0.051563560962677,0.05157172307372093,0.5,,0.05162596330046654,0.05159532278776169,0.05151664465665817,0.0515812523663044,0.4495168402367239,0.0,0.05157095938920975,0.05158279091119766,0.05154211074113846,0.2,-0.7408268451690674,0.0,3.284461498260498,1,0.0031003163,1,,,,38.71904521286488,0.05159280449151993,,,-0.0006750742061740311,,1e-05,1.4020714844577014,0.135125732421875,0.1,,,0.0,1,1.0,40
0.05189862474799156,0.9686274509803922,0.05204317718744278,6,0.05193500593304634,35,0.052039727568626404,990.72,0.05208403989672661,0.05191105231642723,0.05199788510799408,0.05200855806469917,0.05201831832528114,786432,0.05193730816245079,8008,1.3923137254901972,98,0.05208403989672661,1.6431372549019607,0.0520659014582634,0.05203041061758995,0.052034344524145126,0.05198587104678154,0.05206158384680748,728.5189819335938,0.05203425884246826,0.051950905472040176,0.05199381709098816,0.0519476979970932,0.03137254901960784,0.8857142857142857,0.052046999335289,0.05201070383191109,0.05189862474799156,0.05197523906826973,0.9386971711803496,0.0,0.05193118005990982,0.05200255662202835,0.05195774510502815,0.2,-1.7204034328460693,1.0,3.185980796813965,34,0.0031543528,247,60,30,32,38.52583364248276,0.05199611559510231,0.9,30,-0.0005568327705077536,1.0,1e-05,1.2847581242211163,0.13695755004882812,0.1,0.9833333333333333,1.0,0.0,34,1.0,50
0.05227271094918251,0.04878048780487805,0.05240693315863609,7,0.05235223472118378,16,0.0524626262485981,745.64,0.05246884375810623,0.05228075012564659,0.05239043012261391,0.052387792617082596,0.05248856171965599,917504,0.05232932046055794,7966,1.400000000000001,115,0.05248856171965599,2.4878048780487805,0.05247073248028755,0.052468594163656235,0.052453670650720596,0.052423641085624695,0.05247041955590248,542.79052734375,0.05246230214834213,0.05231944099068642,0.052409932017326355,0.052383583039045334,0.9512195121951219,0.0,0.052464891225099564,0.052392538636922836,0.05227271094918251,0.052359335124492645,1.669036865145315,0.0,0.05234198644757271,0.05240104719996452,0.05235183611512184,0.2,-0.5206878185272217,0.0,3.266941547393799,3,0.0032153805,2,,4,1,38.33262799680233,0.05240056663751602,0.0,16,-0.0012037798764140462,0.25,1e-05,1.3014912906102836,0.13788909912109376,0.1,,1.0,0.0,1,0.0,60
0.05264504626393318,0.8454545454545455,0.05282355472445488,8,0.052758634090423584,27,0.052889879792928696,982.38,0.05286089703440666,0.052678659558296204,0.05279092118144035,0.05284295603632927,0.052880335599184036,1048576,0.05272394418716431,7885,1.396700000000001,132,0.052921414375305176,1.8681818181818182,0.05280551314353943,0.052921414375305176,0.05286431312561035,0.052846383303403854,0.05287443473935127,704.4432983398438,0.052878331393003464,0.05273105949163437,0.052839718759059906,0.05274287611246109,0.15454545454545454,0.5925925925925926,0.052895642817020416,0.05281980335712433,0.05264504626393318,0.052800100296735764,1.1060465428983257,0.0,0.052773669362068176,0.05278289318084717,0.05277909338474274,0.2,-0.7051633596420288,0.8275862068965517,3.0768237113952637,29,0.0032371487,186,36,30,26,38.13894771039486,0.052810002118349075,0.6590909090909091,44,-0.00154462875389072,1.0,1e-05,1.1536546627990902,0.1368499755859375,0.1,0.9166666666666666,1.0,0.0,28,1.0,70
0.05305866897106171,0.4266666666666667,0.05324270576238632,9,0.053154896944761276,18,0.053316712379455566,751.34,0.05324440822005272,0.05308769643306732,0.053202368319034576,0.05329246446490288,0.053291015326976776,1179648,0.05313923582434654,7852,1.3786933333333342,150,0.0533321350812912,2.0533333333333332,0.05322708189487457,0.0533321350812912,0.05330190435051918,0.05326395854353905,0.05330287292599678,535.2261962890625,0.05331458896398544,0.05312785878777504,0.05325711518526077,0.053134750574827194,0.5733333333333334,0.16666666666666666,0.05331766605377197,0.05325566604733467,0.05305866897106171,0.05324713513255119,1.3691017702451798,0.0,0.05320015922188759,0.05324632301926613,0.05317985638976097,0.2,-0.7300217151641846,0.6666666666666666,3.1002578735351562,6,0.0032501053,32,8,8,3,37.942033514380455,0.053229570388793945,0.20689655172413793,29,-0.0014911110543380345,0.625,1e-05,1.178942916635424,0.13818435668945311,0.1,1.0,1.0,0.0,3,1.0,80
0.05346520245075226,0.8223350253807107,0.053679678589105606,10,0.053572677075862885,34,0.053740836679935455,983.25,0.053685374557971954,0.0534837506711483,0.05359248071908951,0.05369267240166664,0.053741466253995895,1310720,0.05360652133822441,7794,1.3878071065989854,168,0.05378740653395653,1.8172588832487309,0.05371445044875145,0.05378740653395653,0.05369831621646881,0.053668469190597534,0.053748104721307755,703.242919921875,0.053764790296554565,0.05357998237013817,0.053648293018341064,0.053574658930301666,0.17766497461928935,0.5588235294117647,0.053752101957798004,0.05368455499410629,0.05346520245075226,0.053674276918172836,1.0977838373191704,0.0,0.05361770838499069,0.0536942332983017,0.053638752549886703,0.2,-0.4313715696334839,0.90625,2.870512008666992,32,0.003288405,162,35,29,20,37.74196951687336,0.05366026982665062,0.5357142857142857,28,-0.0020697951292731886,0.9655172413793104,1e-05,1.0526353972498328,0.14160919189453125,0.1,0.9714285714285714,0.95,0.0,19,0.9473684210526315,90
0.05391721427440643,0.6020408163265306,0.054152701050043106,11,0.05403316020965576,28,0.054156702011823654,812.32,0.054075174033641815,0.05391721427440643,0.05399126932024956,0.054183799773454666,0.054162733256816864,1441792,0.05400801822543144,7633,1.4009795918367358,188,0.05421863868832588,2.2244897959183674,0.05414349585771561,0.05418068543076515,0.05408924072980881,0.05411839485168457,0.054210223257541656,575.2822875976562,0.05417173355817795,0.05399300903081894,0.054102733731269836,0.05403215438127518,0.3979591836734694,0.25,0.05421863868832588,0.054131776094436646,0.053947560489177704,0.0540832057595253,1.2913424157327722,0.0,0.054068006575107574,0.05410722270607948,0.054048776626586914,0.2,-0.5577366352081299,0.75,2.9298593997955322,8,0.0032459514,59,13,14,8,37.541265711188316,0.05409310385584831,0.3333333333333333,24,-0.0016012164186577139,1.0,1e-05,1.052734416304156,0.13820037841796876,0.1,1.0,1.0,0.0,3,1.0,100
0.054336488246917725,0.7578947368421053,0.05454270541667938,12,0.054485831409692764,33,0.05462643876671791,944.63,0.05448758602142334,0.054336488246917725,0.054441098123788834,0.054636623710393906,0.054632220417261124,1572864,0.05444500595331192,7612,1.4024315789473696,206,0.054656531661748886,1.9473684210526316,0.05455869063735008,0.05460011214017868,0.054567549377679825,0.054550651460886,0.05463065952062607,677.017822265625,0.05457232519984245,0.054410889744758606,0.05456040799617767,0.05442741885781288,0.24210526315789474,0.5454545454545454,0.054656531661748886,0.05459774285554886,0.05438707768917084,0.054474908858537674,1.0996097253879047,0.0,0.05445219576358795,0.05454643815755844,0.05446409061551094,0.2,-0.20097315311431885,0.75,2.7658565044403076,16,0.00330752,144,32,28,17,37.34175896644592,0.05452366918325424,0.40476190476190477,42,-0.0018328153426864446,1.0,1e-05,0.9250299249775707,0.138153076171875,0.1,1.0,0.9411764705882353,0.0,22,0.9545454545454546,110
0.05476577579975128,0.6728971962616822,0.05497422441840172,13,0.05489937216043472,21,0.05510801449418068,833.98,0.054904330521821976,0.05476577579975128,0.05489601939916611,0.05505683645606041,0.055086784064769745,1703936,0.05483525991439819,7603,1.3862056074766365,224,0.05510801449418068,1.7009345794392523,0.05504844710230827,0.05504688620567322,0.05499434843659401,0.05500733107328415,0.05509871244430542,597.3399658203125,0.055027347058057785,0.05480794236063957,0.05499158054590225,0.05487814545631409,0.32710280373831774,0.2857142857142857,0.05504162237048149,0.05501097813248634,0.05481594055891037,0.05495889112353325,1.1175012211371411,0.0,0.054886337369680405,0.0549650639295578,0.05483463034033775,0.2,-0.1831517219543457,0.75,2.7700753211975098,16,0.0032395737,72,19,12,8,37.14393452107906,0.05495763197541237,0.3157894736842105,19,-0.0018508166348510714,0.8333333333333334,1e-05,0.9380754249170422,0.13794021606445311,0.1,1.0,1.0,0.0,12,0.9166666666666666,120
0.0552171990275383,0.8044692737430168,0.055441007018089294,14,0.05534819886088371,35,0.05553007498383522,966.38,0.0553399920463562,0.05523315817117691,0.05535825714468956,0.05548744648694992,0.05551651865243912,1835008,0.05523448809981346,7484,1.3791620111731853,245,0.055534787476062775,1.8715083798882681,0.05545173957943916,0.05551464110612869,0.05542086437344551,0.05547993257641792,0.055534787476062775,694.8197631835938,0.055486056953668594,0.05524902790784836,0.055449001491069794,0.05529239401221275,0.19553072625698323,0.7142857142857143,0.055493611842393875,0.05543840304017067,0.0552171990275383,0.05543074756860733,1.1607452452255622,0.0,0.055296074599027634,0.05541376769542694,0.0552787259221077,0.2,-0.046492576599121094,0.8928571428571429,2.628769874572754,28,0.003185172,144,28,20,20,36.94476724863053,0.05539743974804878,0.36666666666666664,30,-0.0017434434155802591,0.9,1e-05,0.8169327585026622,0.13450241088867188,0.1,0.9642857142857143,1.0,0.0,18,1.0,130
0.05566268041729927,0.6198347107438017,0.05588645488023758,15,0.055795229971408844,27,0.05595718324184418,826.72,0.05576144903898239,0.05568438395857811,0.055766504257917404,0.05592350661754608,0.05595047399401665,1966080,0.05566268041729927,7484,1.3696363636363649,262,0.05597658455371857,1.9256198347107438,0.05594229698181152,0.05595416948199272,0.055835455656051636,0.05589611455798149,0.05596663057804108,585.078857421875,0.05597658455371857,0.05570809915661812,0.05591514706611633,0.055739812552928925,0.38016528925619836,0.2962962962962963,0.05595146119594574,0.05590894818305969,0.055691566318273544,0.055896662175655365,1.309962933137154,0.0,0.055764004588127136,0.055842075496912,0.055727891623973846,0.2,-0.044658541679382324,0.7142857142857143,2.611774206161499,21,0.0031835823,75,13,9,12,36.74462074935436,0.05584419146180153,0.36666666666666664,30,-0.0015577723992919346,1.0,1e-05,0.7941659653093666,0.13354949951171874,0.1,0.9230769230769231,1.0,0.0,9,0.8888888888888888,140
0.05610758066177368,0.7543859649122807,0.056302208453416824,16,0.05625054985284805,31,0.05641533434391022,943.97,0.05619817599654198,0.056122418493032455,0.05624609813094139,0.0563797689974308,0.05643162503838539,2097152,0.05610758066177368,7477,1.3952865497076032,280,0.05643162503838539,1.8362573099415205,0.056353602558374405,0.05640512332320213,0.056273553520441055,0.05630745366215706,0.05641695857048035,670.4600830078125,0.05641071870923042,0.056186359375715256,0.05641963705420494,0.05619287118315697,0.24561403508771928,0.4838709677419355,0.05639130249619484,0.056369148194789886,0.056178979575634,0.05629882216453552,1.115297716245463,0.0,0.05621838569641113,0.056308943778276443,0.05618415027856827,0.2,0.24391430616378784,0.8,2.5019516944885254,20,0.00328377,129,30,14,20,36.54443798065186,0.056294795125722885,0.5128205128205128,39,-0.002061122928716941,0.9285714285714286,1e-05,0.7015578990336507,0.13687744140625,0.1,0.9666666666666667,1.0,0.0,17,0.9411764705882353,150
0.05649733170866966,0.3232758620689655,0.056743182241916656,17,0.05670567974448204,70,0.056862954050302505,607.24,0.05666100233793259,0.05660601705312729,0.05674579367041588,0.05681744962930679,0.056882672011852264,2228224,0.05649733170866966,7390,1.3806034482758631,301,0.05691055953502655,2.1336206896551726,0.05682484433054924,0.056848544627428055,0.05676395073533058,0.05676530674099922,0.05691055953502655,422.9552001953125,0.05681266635656357,0.056614428758621216,0.056866779923439026,0.05668025463819504,0.6767241379310345,0.12857142857142856,0.056818194687366486,0.05686071887612343,0.0566214993596077,0.05677206069231033,1.9930643776149188,0.0,0.05671645700931549,0.056735213845968246,0.05663914605975151,0.2,0.20027750730514526,0.375,2.476210594177246,32,0.0033032545,75,16,26,13,36.3430929094553,0.056750912219285965,0.14035087719298245,57,-0.0020185686645163513,0.2692307692307692,1e-05,0.676897405507043,0.13819351196289062,0.1,1.0,0.9230769230769231,0.0,18,0.6111111111111112,160
0.056993499398231506,0.22072072072072071,0.05722346529364586,18,0.05715540051460266,51,0.057364340871572495,548.14,0.057094696909189224,0.057059600949287415,0.05728337913751602,0.05725500360131264,0.057389430701732635,2359296,0.056993499398231506,7386,1.401891891891893,319,0.057389430701732635,2.0720720720720722,0.05729076638817787,0.05732637271285057,0.057204220443964005,0.05721346661448479,0.0573388934135437,377.68829345703125,0.057298075407743454,0.057033758610486984,0.057352226227521896,0.057130564004182816,0.7792792792792793,0.1568627450980392,0.0573124885559082,0.05731736868619919,0.05710406228899956,0.05726699158549309,2.203863104585145,0.0,0.057152457535266876,0.05722027271986008,0.05709587037563324,0.2,0.4370482563972473,0.21951219512195122,2.6181812286376953,41,0.0033996669,49,12,39,9,36.14039581120014,0.05721907317638397,0.08333333333333333,48,-0.002601326421518024,0.20512820512820512,1e-05,0.8115979244932532,0.138970947265625,0.1,0.9166666666666666,0.4444444444444444,0.0,22,0.22727272727272727,170
0.05745961144566536,0.24423963133640553,0.05773746222257614,19,0.057601574808359146,60,0.05780090019106865,631.78,0.05761922523379326,0.05751245841383934,0.05773381143808365,0.05770677328109741,0.05781708285212517,2490368,0.05745961144566536,7384,1.385852534562213,337,0.05782737955451012,2.1474654377880182,0.05777738243341446,0.057799480855464935,0.05769125372171402,0.0576915442943573,0.05781795084476471,435.305908203125,0.05778725817799568,0.0575285479426384,0.05782737955451012,0.057594627141952515,0.7557603686635944,0.1,0.05781322345137596,0.05778254568576813,0.0575580969452858,0.05771297588944435,2.156459112299643,0.0,0.057643502950668335,0.0576634481549263,0.05759892612695694,0.2,0.5564966201782227,0.23684210526315788,2.5336217880249023,38,0.0034851586,53,11,35,8,35.9346590667963,0.05769108235836029,0.1346153846153846,52,-0.0027592664776420863,0.2571428571428571,1e-05,0.7489103703293949,0.14192581176757812,0.1,0.8181818181818182,0.875,0.0,13,0.46153846153846156,180
0.057933349162340164,0.26291079812206575,0.058196794241666794,20,0.05809975042939186,51,0.05824693292379379,608.62,0.05808146670460701,0.05802026391029358,0.05824561417102814,0.05816156417131424,0.05833813175559044,2621440,0.057933349162340164,7318,1.3849014084507054,358,0.05833813175559044,1.9859154929577465,0.05824539065361023,0.05822306498885155,0.05819730833172798,0.05819443613290787,0.058292780071496964,419.6846008300781,0.05829257145524025,0.0580102913081646,0.058336950838565826,0.05802357196807861,0.7370892018779343,0.13725490196078433,0.05827634036540985,0.058239586651325226,0.05803593993186951,0.058173876255750656,2.1808801660560344,0.0,0.058149248361587524,0.05811646953225136,0.05801643431186676,0.2,0.5912531018257141,0.22727272727272727,2.5343544483184814,44,0.0033702045,56,14,35,9,35.729699668288234,0.05816592276096344,0.05128205128205128,39,-0.002409300688850635,0.11428571428571428,1e-05,0.7029212020803243,0.14067840576171875,0.1,0.9285714285714286,1.0,0.0,21,0.5238095238095238,190
0.05843575671315193,0.273972602739726,0.05862107127904892,21,0.05859460309147835,58,0.05873370170593262,623.19,0.058618247509002686,0.058530110865831375,0.05875035375356674,0.058581627905368805,0.05877821892499924,2752512,0.0584430992603302,7318,1.3999634703196357,376,0.058797113597393036,2.127853881278539,0.05874798446893692,0.05865218862891197,0.05865304172039032,0.05866364389657974,0.05877428129315376,431.5935974121094,0.05870633199810982,0.058516062796115875,0.05878505855798721,0.05843575671315193,0.726027397260274,0.15517241379310345,0.058797113597393036,0.05873490497469902,0.05852099880576134,0.058696113526821136,2.12203277088011,0.0,0.058617252856492996,0.05857932195067406,0.05851304903626442,0.2,0.6164019107818604,0.21052631578947367,2.4226672649383545,38,0.0033800416,60,14,30,14,35.525868135690686,0.05864176154136658,0.13725490196078433,51,-0.0022961172499435635,0.1,1e-05,0.6911713981535286,0.13985214233398438,0.1,0.9285714285714286,0.9285714285714286,0.0,14,0.5,200
0.05886435508728027,0.28888888888888886,0.05908281356096268,22,0.0590779110789299,53,0.059225693345069885,606.15,0.05914919823408127,0.05893159285187721,0.05918203666806221,0.059078656136989594,0.059250324964523315,2883584,0.05895856022834778,7308,1.395031111111112,394,0.059296708554029465,2.08,0.05924247205257416,0.05914554372429848,0.059163596481084824,0.05913857743144035,0.05926501750946045,418.0960998535156,0.0591934397816658,0.059009820222854614,0.059279914945364,0.05886435508728027,0.7111111111111111,0.09433962264150944,0.059296708554029465,0.05914464220404625,0.05895033851265907,0.05911388248205185,2.0742038022640257,0.0,0.05913732200860977,0.059040751308202744,0.058967359364032745,0.2,0.6628787517547607,0.1891891891891892,2.3964340686798096,37,0.0034514396,65,19,37,12,35.32336154282093,0.05911561846733093,0.11320754716981132,53,-0.00222676861758373,0.1891891891891892,1e-05,0.6569202569779009,0.14143218994140624,0.1,0.9473684210526315,1.0,0.0,14,0.7142857142857143,210
0.05937747284770012,0.16883116883116883,0.059585005044937134,23,0.05952494218945503,64,0.05968427285552025,539.82,0.05966079980134964,0.05941746383905411,0.059670429676771164,0.05956736207008362,0.05973442643880844,3014656,0.05950097739696503,7257,1.3797748917748929,415,0.05981111153960228,2.1774891774891776,0.0596747100353241,0.05968861281871796,0.059636808931827545,0.05963234230875969,0.05976003780961037,372.1825866699219,0.05965256318449974,0.05949239432811737,0.05981111153960228,0.05937747284770012,0.8311688311688312,0.078125,0.05975600704550743,0.059609655290842056,0.05943312123417854,0.059636253863573074,2.204087647746958,0.0,0.05964861065149307,0.059547752141952515,0.05942605063319206,0.2,0.6888352632522583,0.11428571428571428,2.4108235836029053,35,0.003454802,39,13,35,10,35.119223245978354,0.05960517004132271,0.06666666666666667,60,-0.002203395951073617,0.08571428571428572,1e-05,0.6715455873869359,0.14482040405273439,0.1,0.7692307692307693,0.8,0.0,14,0.35714285714285715,220
0.05989627540111542,0.22972972972972974,0.06003771722316742,24,0.060090258717536926,58,0.060171302407979965,565.32,0.06015188246965408,0.059918612241744995,0.06014285981655121,0.06007634848356247,0.060196612030267715,3145728,0.05995170772075653,7260,1.3904144144144153,433,0.06032032519578934,2.144144144144144,0.06014522537589073,0.06017730012536049,0.0601598396897316,0.060125771909952164,0.06023639440536499,388.2601623535156,0.060121554881334305,0.059992775321006775,0.06032032519578934,0.05989627540111542,0.7702702702702703,0.05172413793103448,0.06027647852897644,0.06010712310671806,0.05994414910674095,0.060170743614435196,2.164717409120946,0.0,0.06009736657142639,0.060011573135852814,0.0599205419421196,0.2,0.6869511604309082,0.1,2.4300589561462402,30,0.0033388166,51,17,35,10,34.91336653828621,0.060097627341747284,0.08771929824561403,57,-0.0018543612417488476,0.22857142857142856,1e-05,0.8047908589243888,0.13846817016601562,0.1,0.9411764705882353,0.9,0.0,15,0.4666666666666667,230
0.06037541851401329,0.28448275862068967,0.0605478510260582,25,0.0605953074991703,44,0.06071006506681442,615.73,0.0606590211391449,0.06038447096943855,0.06068022921681404,0.06057779863476753,0.06070152670145035,3276800,0.06047738716006279,7250,1.3914741379310356,451,0.06077601760625839,2.0129310344827585,0.060656823217868805,0.06069118157029152,0.060697417706251144,0.06058831512928009,0.06075955927371979,427.85003662109375,0.06067643687129021,0.06048693507909775,0.06077601760625839,0.06040484830737114,0.7155172413793104,0.11363636363636363,0.06077348440885544,0.06062818318605423,0.06046842038631439,0.06066930666565895,2.1467339775740717,0.0,0.06058387830853462,0.06056322902441025,0.06037541851401329,0.2,0.7025831937789917,0.18867924528301888,2.4705491065979004,53,0.0035271319,66,12,32,18,34.70555207431316,0.06060532480478287,0.05357142857142857,56,-0.0020655611035181208,0.375,1e-05,0.7440673389472068,0.14440460205078126,0.1,1.0,0.8333333333333334,0.0,17,0.5294117647058824,240
0.06086544692516327,0.21395348837209302,0.06104520335793495,26,0.061123788356781006,57,0.06120981276035309,592.44,0.0611705556511879,0.060911014676094055,0.06122492253780365,0.061082180589437485,0.0612093023955822,3407872,0.06097453832626343,7211,1.3806046511627914,472,0.06129544973373413,2.167441860465116,0.06112845242023468,0.06120596081018448,0.06120799109339714,0.06110011041164398,0.061277829110622406,406.1341552734375,0.06114102900028229,0.0610402375459671,0.06129544973373413,0.0609111450612545,0.786046511627907,0.12280701754385964,0.06126158684492111,0.06115696579217911,0.06104744225740433,0.06115344911813736,2.1905512569652976,0.0,0.061095159500837326,0.06102365255355835,0.06086544692516327,0.2,0.714938759803772,0.2413793103448276,2.4301021099090576,29,0.003444773,46,13,39,6,34.496456652879715,0.061114534735679626,0.058823529411764705,51,-0.0019239910105170565,0.07692307692307693,1e-05,0.6958913962822407,0.14005584716796876,0.1,0.8461538461538461,0.5,0.0,20,0.6,250
0.061386533081531525,0.2532188841201717,0.06154477596282959,27,0.061686549335718155,52,0.06170399487018585,632.33,0.06167774274945259,0.061386533081531525,0.06174187362194061,0.06164469197392464,0.0617167092859745,3538944,0.06145311892032623,7216,1.4036394849785419,490,0.06182439252734184,1.9785407725321889,0.061636243015527725,0.06174718961119652,0.06173735484480858,0.061648059636354446,0.06182439252734184,435.813232421875,0.061590585857629776,0.061587635427713394,0.06181279569864273,0.061441048979759216,0.7467811158798283,0.19230769230769232,0.061744626611471176,0.06164972111582756,0.061538904905319214,0.06164426729083061,2.1402836191028367,0.0,0.06154738739132881,0.06152992695569992,0.06139196455478668,0.2,0.7234944701194763,0.16666666666666666,2.5742850303649902,48,0.003543068,59,17,39,9,34.28729938566685,0.061625123023986816,0.07547169811320754,53,-0.002035299962562931,0.1282051282051282,1e-05,0.7206797201186419,0.14858245849609375,0.1,0.8823529411764706,0.8888888888888888,0.0,15,0.6,260
0.06187885254621506,0.17972350230414746,0.06208087131381035,28,0.062209151685237885,58,0.06218942999839783,595.99,0.06222483143210411,0.06192469224333763,0.06229012832045555,0.062138888984918594,0.06226012110710144,3670016,0.0619131475687027,7205,1.3842580645161302,509,0.06231185793876648,2.0599078341013826,0.06215238571166992,0.062260549515485764,0.062265731394290924,0.06215892359614372,0.06231185793876648,406.2007141113281,0.0621049702167511,0.06202032044529915,0.062256988137960434,0.06196041777729988,0.8202764976958525,0.08620689655172414,0.06227199733257294,0.06215466931462288,0.06210238113999367,0.06214367598295212,2.2284395749131445,0.0,0.06203825771808624,0.062102142721414566,0.06187885254621506,0.2,0.7324351072311401,0.23076923076923078,2.4919331073760986,39,0.0034738462,39,8,30,5,34.080368879437444,0.062136612832546234,0.06779661016949153,59,-0.0021399430207566183,0.1,1e-05,0.7740914335940033,0.14230499267578126,0.1,0.875,1.0,0.0,18,0.3333333333333333,270
0.06237214431166649,0.248868778280543,0.06259136646986008,29,0.06275465339422226,49,0.0627451092004776,619.29,0.06273229420185089,0.06247026473283768,0.06275447458028793,0.0626552402973175,0.06278416514396667,3801088,0.0624014176428318,7174,1.3887420814479647,529,0.06289379298686981,1.8506787330316743,0.06265082955360413,0.06278088688850403,0.06277502328157425,0.06268169730901718,0.06289379298686981,428.929931640625,0.0626814141869545,0.0625007301568985,0.06284579634666443,0.06245434284210205,0.751131221719457,0.14285714285714285,0.06278105825185776,0.062711700797081,0.06263170391321182,0.0626438558101654,2.2101610365517477,0.0,0.06254510581493378,0.06263499706983566,0.06237214431166649,0.2,0.7575227618217468,0.1702127659574468,2.555995464324951,47,0.0033574863,55,15,31,7,33.872665750980374,0.06265895813703537,0.10869565217391304,46,-0.002050721198793326,0.12903225806451613,1e-05,0.7235816541360691,0.1406951904296875,0.1,0.9333333333333333,1.0,0.0,26,0.38461538461538464,280
0.06286809593439102,0.2577777777777778,0.06310482323169708,30,0.06333619356155396,57,0.06324832141399384,550.18,0.06328274309635162,0.0629650130867958,0.06328345835208893,0.06317789852619171,0.06334978342056274,3932160,0.06286809593439102,7179,1.3805066666666677,547,0.06339824199676514,2.0844444444444443,0.06321894377470016,0.0632738322019577,0.06326594203710556,0.06320124864578247,0.06339824199676514,375.273193359375,0.06313460320234299,0.06306104362010956,0.0633469745516777,0.06289872527122498,0.7422222222222222,0.03508771929824561,0.0632941871881485,0.06319873034954071,0.06320700794458389,0.06317880004644394,2.173026330466403,0.0,0.06308958679437637,0.06314913183450699,0.06289740651845932,0.2,0.7459800243377686,0.2222222222222222,2.4214086532592773,36,0.0034788875,58,17,36,10,33.66527318954468,0.06317722797393799,0.07692307692307693,52,-0.0023259875926669336,0.25,1e-05,0.7099488033913076,0.14313125610351562,0.1,0.9411764705882353,1.0,0.0,17,0.5294117647058824,290
0.06343545019626617,0.2837209302325581,0.06362941116094589,31,0.06385985761880875,45,0.06381698697805405,644.83,0.06379314512014389,0.06355992704629898,0.063829705119133,0.06374174356460571,0.06392333656549454,4063232,0.06349065154790878,7175,1.3975255813953498,566,0.06393543630838394,2.130232558139535,0.06373472511768341,0.06382974982261658,0.06385966390371323,0.06368904560804367,0.06393543630838394,447.40850830078125,0.0636477991938591,0.0636235848069191,0.06386703252792358,0.06343545019626617,0.7162790697674418,0.1111111111111111,0.06382825970649719,0.06369832158088684,0.0637560784816742,0.06376536190509796,2.166942576535701,0.0,0.06359002739191055,0.06364133954048157,0.06346581131219864,0.2,0.7515565156936646,0.2571428571428571,2.4816322326660156,35,0.003529811,61,11,33,14,33.454076540470126,0.06372050195932388,0.07272727272727272,55,-0.002211019106198364,0.24242424242424243,1e-05,0.7266471746377647,0.14558258056640624,0.1,1.0,0.8571428571428571,0.0,22,0.5454545454545454,300
0.06392109394073486,0.2149122807017544,0.06417607516050339,32,0.06435509026050568,57,0.06437753885984421,591.66,0.0643787682056427,0.0641101822257042,0.06439242511987686,0.06433539092540741,0.06440993398427963,4194304,0.06404540687799454,7146,1.3941315789473692,586,0.064459890127182,2.004385964912281,0.06424880027770996,0.06437014043331146,0.06437024474143982,0.06424688547849655,0.06438783556222916,405.4194030761719,0.06413260847330093,0.06414565443992615,0.064459890127182,0.06396312266588211,0.7850877192982456,0.15789473684210525,0.06435855478048325,0.06424883008003235,0.06428948044776917,0.06433472782373428,2.203210129890517,0.0,0.06411588191986084,0.06421111524105072,0.06392109394073486,0.2,0.7532065510749817,0.13636363636363635,2.384265661239624,44,0.0034980886,49,10,33,6,33.24332268536091,0.06425543129444122,0.10714285714285714,56,-0.0019123098948512051,0.24242424242424243,1e-05,0.7169243365526199,0.14598922729492186,0.1,1.0,0.5,0.0,22,0.3181818181818182,310
0.06447461247444153,0.2534562211981567,0.06464454531669617,33,0.0648624449968338,50,0.06488090753555298,560.97,0.06488465517759323,0.06464236974716187,0.0649043619632721,0.06485797464847565,0.06498077511787415,4325376,0.0645831748843193,7152,1.392663594470047,604,0.06498077511787415,2.0921658986175116,0.0648055300116539,0.06495506316423416,0.0648958832025528,0.06476911902427673,0.06489697098731995,387.1161193847656,0.06469448655843735,0.06465379148721695,0.06496696174144745,0.06451204419136047,0.7465437788018433,0.14,0.0648663118481636,0.06475324928760529,0.06483999639749527,0.06485945731401443,2.0611868285002903,0.0,0.06461074203252792,0.06480282545089722,0.06447461247444153,0.2,0.7581742405891418,0.15151515151515152,2.3164920806884766,33,0.003426705,55,18,39,9,33.03664303719997,0.06478393822908401,0.1509433962264151,53,-0.001817071380401103,0.15384615384615385,1e-05,0.7907014971133322,0.13983535766601562,0.1,0.8333333333333334,0.7777777777777778,0.0,15,0.4666666666666667,320
0.06504306942224503,0.27074235807860264,0.06509074568748474,34,0.06541000306606293,50,0.06539469212293625,595.8,0.06544096767902374,0.06522288173437119,0.06547047197818756,0.06545589864253998,0.0655190721154213,4456448,0.06506490707397461,7148,1.3836069868995644,623,0.06553559750318527,2.1528384279475983,0.06533797830343246,0.06551464647054672,0.06541110575199127,0.06534867733716965,0.06541725248098373,409.0873107910156,0.0652204230427742,0.06520271301269531,0.06553559750318527,0.06504306942224503,0.7292576419213974,0.06,0.06543887406587601,0.06530318409204483,0.06539147347211838,0.0653986930847168,2.155817649957422,0.0,0.06516414135694504,0.0653880313038826,0.06504488736391068,0.2,0.765113353729248,0.13157894736842105,2.3847410678863525,38,0.0035708817,62,14,42,14,32.829118999838826,0.06532921642065048,0.16666666666666666,48,-0.00204780835974816,0.14285714285714285,1e-05,0.7573675212915987,0.14496994018554688,0.1,1.0,0.8571428571428571,0.0,23,0.6086956521739131,330
0.06558042764663696,0.23214285714285715,0.06565478444099426,35,0.06596477329730988,56,0.06597632169723511,565.32,0.06601855158805847,0.06578049063682556,0.06601820886135101,0.06597715616226196,0.06609337776899338,4587520,0.06565660238265991,7123,1.4085982142857152,643,0.06610222160816193,2.0044642857142856,0.06582393497228622,0.06603910028934479,0.06596504151821136,0.0658242329955101,0.06597249954938889,389.9256286621094,0.06578347086906433,0.06575249880552292,0.06610222160816193,0.06558042764663696,0.7678571428571429,0.08928571428571429,0.06601225584745407,0.06583946943283081,0.06597708910703659,0.0659397765994072,2.1863888174354664,0.0,0.06569606065750122,0.06594529002904892,0.06560520082712173,0.2,0.7575153708457947,0.23404255319148937,2.461832046508789,47,0.0034841506,52,13,31,9,32.6194977492094,0.0658799558877945,0.08771929824561403,57,-0.0021495321372640317,0.16129032258064516,1e-05,0.7587711669970304,0.14226226806640624,0.1,0.9230769230769231,0.8888888888888888,0.0,11,0.5454545454545454,340
0.06614087522029877,0.17916666666666667,0.0662059560418129,36,0.06650533527135849,61,0.06648677587509155,548.43,0.06653939187526703,0.06638684123754501,0.06655889004468918,0.06654665619134903,0.06665242463350296,4718592,0.06617309898138046,7129,1.3698333333333343,661,0.06665242463350296,2.1,0.06637777388095856,0.06660251319408417,0.06649993360042572,0.06641293317079544,0.06647664308547974,374.6503601074219,0.06636514514684677,0.0663188174366951,0.06657262146472931,0.06614087522029877,0.8208333333333333,0.09836065573770492,0.0665925070643425,0.06631296873092651,0.06659495085477829,0.06648971885442734,2.1561294934236668,0.0,0.06624256819486618,0.06649298965930939,0.06616012752056122,0.2,0.7544316649436951,0.14634146341463414,2.544404983520508,41,0.0034477268,43,14,38,7,32.41129778325558,0.06642834097146988,0.057971014492753624,69,-0.0019092189674211114,0.21052631578947367,1e-05,0.7995644643437118,0.140423583984375,0.1,0.6428571428571429,1.0,0.0,10,0.3,350
0.06661243736743927,0.24528301886792453,0.06672769784927368,37,0.06709148734807968,61,0.06702491641044617,612.15,0.06704828143119812,0.0669160857796669,0.06705816090106964,0.06709311902523041,0.06719917804002762,4849664,0.06670154631137848,7121,1.3858490566037747,680,0.06719917804002762,2.268867924528302,0.06691710650920868,0.0671146884560585,0.06705151498317719,0.06694240123033524,0.06699182838201523,415.5975646972656,0.06685949116945267,0.06689286231994629,0.06709974259138107,0.06661243736743927,0.7547169811320755,0.13114754098360656,0.06711152195930481,0.06684662401676178,0.06711336225271225,0.06705210357904434,2.206111501087404,0.0,0.0667460560798645,0.06707915663719177,0.06670895963907242,0.2,0.7680330276489258,0.14285714285714285,2.413569211959839,42,0.003308454,52,8,39,11,32.20895571112633,0.06696001440286636,0.13636363636363635,44,-0.0019167797303452972,0.23076923076923078,1e-05,0.8286354473792017,0.1348480224609375,0.1,1.0,1.0,0.0,7,0.5714285714285714,360
0.06718669831752777,0.2702702702702703,0.06732850521802902,38,0.0676349326968193,58,0.06760763376951218,615.22,0.06763314455747604,0.0674714744091034,0.06758831441402435,0.06765331327915192,0.0677712932229042,4980736,0.06727129966020584,7101,1.382909909909911,701,0.0677712932229042,2.144144144144144,0.06743846833705902,0.06773801892995834,0.06763465702533722,0.06753478944301605,0.06757082790136337,418.6112365722656,0.06744871288537979,0.06744179874658585,0.06767088174819946,0.06718669831752777,0.7297297297297297,0.15517241379310345,0.06765091419219971,0.06736239790916443,0.06765333563089371,0.0675911158323288,2.1464761207658904,0.0,0.06731423735618591,0.06764402985572815,0.06727664172649384,0.2,0.7672077417373657,0.21212121212121213,2.2634928226470947,33,0.0034909213,60,11,31,9,32.00314749032259,0.06752470135688782,0.171875,64,-0.0021533374748287314,0.16129032258064516,1e-05,0.7398753460031002,0.14651565551757811,0.1,0.8181818181818182,0.8888888888888888,0.0,16,0.6875,370
0.06775198876857758,0.26244343891402716,0.06785392761230469,39,0.06816349923610687,42,0.06814941018819809,575.98,0.06832116842269897,0.06798528879880905,0.06813321262598038,0.06819051504135132,0.0683387964963913,5111808,0.06785135716199875,7108,1.3760452488687793,719,0.0683387964963913,1.995475113122172,0.06799739599227905,0.06825059652328491,0.06817784905433655,0.06815074384212494,0.06807365268468857,393.7400817871094,0.06796637922525406,0.06793345510959625,0.0683203712105751,0.06775198876857758,0.7375565610859729,0.07142857142857142,0.06823373585939407,0.0679396465420723,0.06827154010534286,0.06817622482776642,2.1513567084052463,0.0,0.06787768006324768,0.06819387525320053,0.06781917065382004,0.2,0.773338794708252,0.20454545454545456,2.23188853263855,44,0.0034687012,58,16,36,12,31.79548902362585,0.06808485835790634,0.10714285714285714,56,-0.002111671049169672,0.2222222222222222,1e-05,0.757795560033992,0.14340286254882811,0.1,0.9375,0.9166666666666666,0.0,15,0.4,380
0.06835286319255829,0.2672413793103448,0.06841917335987091,40,0.0687343180179596,49,0.06869318336248398,541.55,0.06887708604335785,0.06853262335062027,0.06871814280748367,0.06876614689826965,0.06889767944812775,5242880,0.06839066743850708,7106,1.3919051724137943,737,0.06889767944812775,2.168103448275862,0.06858477741479874,0.06878548115491867,0.06864561885595322,0.06874142587184906,0.06867320090532303,365.9971008300781,0.06856509298086166,0.06847165524959564,0.06887858361005783,0.06835286319255829,0.7327586206896551,0.10204081632653061,0.0688181221485138,0.06852784752845764,0.0688723549246788,0.06882087886333466,2.1332161860560666,0.0,0.06843302398920059,0.06872879713773727,0.06837096810340881,0.2,0.7507997751235962,0.17857142857142858,2.3019204139709473,28,0.0034119084,62,21,48,7,31.58840225636959,0.06865198910236359,0.15492957746478872,71,-0.001913164985489857,0.1875,1e-05,0.7543688812758773,0.14216384887695313,0.1,0.9523809523809523,1.0,0.0,8,0.625,390
0.06892506778240204,0.20081967213114754,0.06898827105760574,41,0.0693393349647522,51,0.06926433742046356,545.57,0.06948471814393997,0.06913294643163681,0.06929055601358414,0.06928457319736481,0.06952252238988876,5373952,0.0689956396818161,7085,1.3982704918032798,758,0.06952252238988876,2.1844262295081966,0.06919387727975845,0.06938549131155014,0.06921296566724777,0.06931106001138687,0.06923077255487442,370.5082702636719,0.0691448301076889,0.0690406933426857,0.06947918981313705,0.06892506778240204,0.7991803278688525,0.0392156862745098,0.0693761482834816,0.06909697502851486,0.06940220296382904,0.0693817213177681,2.255025351760245,0.0,0.06897338479757309,0.06930552423000336,0.0689692422747612,0.2,0.7670946717262268,0.16666666666666666,2.3134381771087646,42,0.0034183185,49,9,40,14,31.380053904652595,0.06922928243875504,0.056338028169014086,71,-0.0019264185684278346,0.15,1e-05,0.7565042743925006,0.13956527709960936,0.1,0.8888888888888888,0.8571428571428571,0.0,17,0.5882352941176471,400
0.06951600313186646,0.25471698113207547,0.06956418603658676,42,0.06998001039028168,53,0.06984251737594604,637.26,0.07012541592121124,0.06970725208520889,0.06984536349773407,0.06985600292682648,0.07007206976413727,5505024,0.06953700631856918,7088,1.3885566037735861,776,0.07012541592121124,2.240566037735849,0.06973736733198166,0.06998497992753983,0.06981009989976883,0.0699082538485527,0.06983891874551773,433.3486022949219,0.06970914453268051,0.06962845474481583,0.070081427693367,0.06951870769262314,0.7452830188679245,0.1320754716981132,0.0699404925107956,0.06965500116348267,0.0700112134218216,0.06998621672391891,2.211779027031505,0.0,0.06955894827842712,0.06985662132501602,0.06951600313186646,0.2,0.775031566619873,0.21428571428571427,2.2807397842407227,28,0.0033769668,54,9,34,9,31.170602798461914,0.06981085985898972,0.07692307692307693,65,-0.0020049188306984433,0.20588235294117646,1e-05,0.8056194941513241,0.14116134643554687,0.1,1.0,1.0,0.0,14,0.7857142857142857,410
0.07010548561811447,0.24285714285714285,0.0701785534620285,43,0.07058507204055786,50,0.07047297805547714,599.46,0.0707537829875946,0.07032554596662521,0.07036478817462921,0.07039816677570343,0.07063710689544678,5636096,0.07013069838285446,7085,1.4053714285714298,795,0.0707537829875946,2.0047619047619047,0.07037369906902313,0.07061410695314407,0.07041523605585098,0.07049879431724548,0.0704181119799614,402.9988708496094,0.07030576467514038,0.07014616578817368,0.07063586264848709,0.07013862580060959,0.7571428571428571,0.12,0.07051993906497955,0.0702090635895729,0.07055725902318954,0.07049965113401413,2.1922375261493494,0.0,0.07010548561811447,0.07042910903692245,0.07012263685464859,0.2,0.7425185441970825,0.15789473684210525,2.139307975769043,38,0.0034270177,51,12,32,7,30.962455950677395,0.07039345055818558,0.12244897959183673,49,-0.0021194184493651845,0.28125,1e-05,0.7814248406328261,0.1414947509765625,0.1,0.8333333333333334,0.8571428571428571,0.0,22,0.36363636363636365,420
0.07066944986581802,0.2304147465437788,0.07077181339263916,44,0.07113009691238403,51,0.07102712988853455,570.81,0.0713176503777504,0.07092133909463882,0.0709729939699173,0.07099880278110504,0.07123667746782303,5767168,0.07078292220830917,7068,1.3895299539170518,815,0.0713176503777504,2.1566820276497696,0.07098671793937683,0.07119326293468475,0.07103661447763443,0.07106700539588928,0.07104743272066116,386.09295654296875,0.0708177238702774,0.07066944986581802,0.07125303149223328,0.07069604098796844,0.7695852534562212,0.09803921568627451,0.07109781354665756,0.07078936696052551,0.07111234217882156,0.07109220325946808,2.13820377256452,0.0,0.07071096450090408,0.07104123383760452,0.07072922587394714,0.2,0.7536427974700928,0.15625,2.450082302093506,32,0.0034965738,50,13,33,10,30.755269807577132,0.07097999006509781,0.07352941176470588,68,-0.0021110151610628236,0.24242424242424243,1e-05,0.7665457033086568,0.1399505615234375,0.1,0.9230769230769231,1.0,0.0,10,0.5,430
0.07126148045063019,0.2510822510822511,0.07137749344110489,45,0.07172299176454544,57,0.07165894657373428,591.68,0.0719321221113205,0.07152242958545685,0.07153846323490143,0.07162392884492874,0.07193505018949509,5898240,0.0713595598936081,7073,1.389852813852815,833,0.07193505018949509,2.090909090909091,0.07161363214254379,0.07185236364603043,0.07164455950260162,0.07167477905750275,0.07162509113550186,398.074951171875,0.0714094266295433,0.07129807025194168,0.07187655568122864,0.07126148045063019,0.7489177489177489,0.12280701754385964,0.0717141330242157,0.07139068841934204,0.07176101207733154,0.07168838381767273,2.1450333505763535,0.0,0.07129699736833572,0.07159768790006638,0.07141543924808502,0.2,0.7778347730636597,0.2,2.236624002456665,35,0.0034045565,58,12,41,4,30.54345057606697,0.07159164547920227,0.13793103448275862,58,-0.0018735690892754064,0.2926829268292683,1e-05,0.6957130154129118,0.13457183837890624,0.1,0.8333333333333334,0.75,0.0,24,0.4583333333333333,440
0.07186425477266312,0.2753623188405797,0.07197941839694977,46,0.0723075121641159,48,0.07227178663015366,570.79,0.07252595573663712,0.07205609977245331,0.07208491861820221,0.07219583541154861,0.07247517257928848,6029312,0.07194016128778458,7069,1.3874589371980686,852,0.07252595573663712,2.1980676328502415,0.07220466434955597,0.07252179086208344,0.07228510826826096,0.07232523709535599,0.0722600519657135,383.55609130859375,0.07199544459581375,0.07187393307685852,0.07248744368553162,0.07186425477266312,0.7246376811594203,0.08333333333333333,0.07228034734725952,0.07201285660266876,0.072424978017807,0.07231025397777557,2.144404745665088,0.0,0.07187841087579727,0.07213915884494781,0.07206520438194275,0.2,0.7761598825454712,0.1935483870967742,2.3498501777648926,31,0.0033495976,57,15,45,7,30.33250908255577,0.07219064235687256,0.12,50,-0.0019385682056054065,0.37777777777777777,1e-05,0.7686306284740567,0.1343536376953125,0.1,0.8666666666666667,0.7142857142857143,0.0,11,0.5454545454545454,450
0.07244175672531128,0.2579185520361991,0.07257367670536041,47,0.07284551113843918,67,0.07285140454769135,597.02,0.07315432280302048,0.07263948023319244,0.07260380685329437,0.0728146955370903,0.07306530326604843,6160384,0.07251866161823273,7055,1.4086153846153855,873,0.07315432280302048,2.230769230769231,0.07279039174318314,0.07313646376132965,0.07289235293865204,0.07296209037303925,0.07297573238611221,409.3649597167969,0.0725603923201561,0.07244175672531128,0.0731196254491806,0.07245314121246338,0.7420814479638009,0.1791044776119403,0.07284317165613174,0.07268029451370239,0.07297556102275848,0.07285696268081665,2.1536511109254755,0.0,0.07248417288064957,0.07278063893318176,0.0726507157087326,0.2,0.7714595198631287,0.26666666666666666,2.0908453464508057,30,0.003400606,57,12,34,9,30.12612498551607,0.07278680801391602,0.12962962962962962,54,-0.002131971627477469,0.17647058823529413,1e-05,0.6989102016668767,0.13973846435546874,0.1,1.0,0.7777777777777778,0.0,15,0.3333333333333333,460
0.07302229106426239,0.2530612244897959,0.07323215156793594,48,0.07348775863647461,52,0.0735228955745697,568.18,0.0737677812576294,0.0732891783118248,0.07322262227535248,0.07337310165166855,0.0736953392624855,6291456,0.07314002513885498,7060,1.3924408163265316,891,0.0737677812576294,2.1061224489795918,0.07338295131921768,0.07374011725187302,0.0734737440943718,0.07352613657712936,0.07363878190517426,381.2278137207031,0.0731639489531517,0.07305187731981277,0.073733389377594,0.07302229106426239,0.746938775510204,0.057692307692307696,0.07348302751779556,0.07325485348701477,0.07360364496707916,0.07350613921880722,2.2393443702342712,0.0,0.07304495573043823,0.07336300611495972,0.07326515763998032,0.2,0.7811441421508789,0.17073170731707318,2.3568525314331055,41,0.0033980627,62,12,34,15,29.917978517711163,0.07339940220117569,0.1,70,-0.0018052873629130772,0.23529411764705882,1e-05,0.7146343925502151,0.13480453491210936,0.1,1.0,0.9333333333333333,0.0,21,0.5238095238095238,470
0.07364947348833084,0.2708333333333333,0.07385654747486115,49,0.07407576590776443,54,0.07412394136190414,636.39,0.07439786195755005,0.07390859723091125,0.07381170988082886,0.07405497878789902,0.07426507025957108,6422528,0.07367425411939621,7058,1.3894791666666677,909,0.07439786195755005,2.140625,0.07402385771274567,0.07437019050121307,0.07406839728355408,0.0741393193602562,0.07419898360967636,428.8316650390625,0.07371202856302261,0.07367158681154251,0.07437662780284882,0.07366083562374115,0.7291666666666666,0.18518518518518517,0.07405491173267365,0.07385212928056717,0.07421570271253586,0.07414718717336655,2.025123433431459,0.0,0.07364947348833084,0.07392602413892746,0.07388655841350555,0.2,0.769699215888977,0.22580645161290322,2.250577926635742,31,0.0033540796,52,16,30,10,29.71080415844917,0.07400491088628769,0.09090909090909091,44,-0.0020530603309453,0.16666666666666666,1e-05,0.7914617085829377,0.13438186645507813,0.1,0.8125,1.0,0.0,7,0.42857142857142855,480
0.07425384223461151,0.27510917030567683,0.0745120570063591,50,0.07472812384366989,52,0.0747179165482521,563.97,0.07498683780431747,0.07455170154571533,0.07445208728313446,0.07463612407445908,0.07492105662822723,6553600,0.07430922240018845,7044,1.3893362445414859,930,0.0750475749373436,2.222707423580786,0.07468576729297638,0.07491438090801239,0.0747140496969223,0.07484191656112671,0.07483138889074326,382.5160827636719,0.07433885335922241,0.07430684566497803,0.0750475749373436,0.07425384223461151,0.7248908296943232,0.11538461538461539,0.0747022032737732,0.07447680085897446,0.07486941665410995,0.0747690200805664,2.196763533480636,0.0,0.07426459342241287,0.0745333582162857,0.07445096969604492,0.2,0.7664273381233215,0.3055555555555556,2.1030497550964355,36,0.0033993009,63,14,40,16,29.50256458222866,0.07463264465332031,0.08928571428571429,56,-0.0021506298117856203,0.225,1e-05,0.6535751630319282,0.13988800048828126,0.1,0.9285714285714286,0.875,0.0,15,0.3333333333333333,490
0.07485868781805038,0.2571428571428571,0.07508174329996109,51,0.07533976435661316,42,0.07538405060768127,593.25,0.07567588239908218,0.07520527392625809,0.07508568465709686,0.07525360584259033,0.07554677128791809,6684672,0.07497984915971756,7049,1.3937333333333344,948,0.07567691057920456,2.1809523809523808,0.07528341561555862,0.07556839287281036,0.07531104236841202,0.07547098398208618,0.0755452960729599,393.9159851074219,0.07503222674131393,0.07488247007131577,0.07567691057920456,0.07489082217216492,0.7428571428571429,0.11904761904761904,0.07529833167791367,0.07513077557086945,0.07547688484191895,0.07539135217666626,2.0891565350053853,0.0,0.07485868781805038,0.07508446276187897,0.07510340958833694,0.2,0.7527880072593689,0.1935483870967742,2.2178726196289062,31,0.0033969483,54,15,38,15,29.291387119889258,0.07526232302188873,0.0392156862745098,51,-0.0018947651426060475,0.21052631578947367,1e-05,0.7620833301451058,0.13626174926757811,0.1,0.9333333333333333,0.8666666666666667,0.0,18,0.3333333333333333,500
0.07550640404224396,0.25390625,0.0757349282503128,52,0.07601294666528702,57,0.07606254518032074,566.32,0.0763632133603096,0.07587102800607681,0.07568306475877762,0.07591357082128525,0.07613980025053024,6815744,0.07564207911491394,7045,1.394898437500001,967,0.0763632133603096,2.06640625,0.07591179758310318,0.07618852704763412,0.07589934766292572,0.07609625160694122,0.07614581286907196,377.2386474609375,0.07566092908382416,0.075520358979702,0.07627743482589722,0.07550640404224396,0.74609375,0.05263157894736842,0.07588940858840942,0.07577874511480331,0.0760856568813324,0.07599624246358871,2.1601756964248278,0.0,0.07550649344921112,0.07565063238143921,0.07575903087854385,0.2,0.7815635204315186,0.17391304347826086,2.075925350189209,46,0.0032810317,65,18,48,10,29.08310263752937,0.07589184492826462,0.12280701754385964,57,-0.001977925397386571,0.22916666666666666,1e-05,0.7202864236664027,0.13201141357421875,0.1,1.0,0.9,0.0,20,0.45,510
0.07611139863729477,0.22842639593908629,0.07636161148548126,53,0.07668644189834595,45,0.07667059451341629,604.53,0.07694056630134583,0.076575867831707,0.07638698071241379,0.07653053104877472,0.07671981304883957,6946816,0.07623875141143799,7034,1.4042639593908641,987,0.07694056630134583,2.1015228426395938,0.0765034407377243,0.07679594308137894,0.07657702267169952,0.07665849477052689,0.07680671662092209,403.821533203125,0.07637157291173935,0.0761299654841423,0.07691211998462677,0.0761314332485199,0.7715736040609137,0.15555555555555556,0.0764440968632698,0.07641508430242538,0.0767558217048645,0.07658635079860687,2.2309815237961383,0.0,0.07611139863729477,0.07628058642148972,0.0763724073767662,0.2,0.7755476236343384,0.16666666666666666,2.2655603885650635,36,0.0033779521,45,12,45,3,28.87561313658953,0.07651854306459427,0.125,40,-0.0021859126513163575,0.2222222222222222,1e-05,0.8167991235852241,0.13791732788085936,0.1,0.8333333333333334,1.0,0.0,16,0.25,520
0.07675913721323013,0.2554112554112554,0.07703046500682831,54,0.07732363790273666,64,0.07730668038129807,569.99,0.07755281776189804,0.07722117006778717,0.07708901911973953,0.07714689522981644,0.07742629945278168,7077888,0.07681401818990707,7038,1.3828398268398276,1005,0.07762929052114487,2.0735930735930737,0.0771670937538147,0.07746060937643051,0.07717268913984299,0.0772935003042221,0.07743716984987259,383.0127868652344,0.07702512294054031,0.07681125402450562,0.07762929052114487,0.0767790824174881,0.7445887445887446,0.125,0.07708196341991425,0.0771225318312645,0.07739843428134918,0.07722488790750504,2.100837769655908,0.0,0.07675913721323013,0.07697375863790512,0.07713054865598679,0.2,0.7870358228683472,0.21951219512195122,2.168447494506836,41,0.0035041492,59,16,37,7,28.665411970019342,0.07717512547969818,0.09259259259259259,54,-0.0024902369048504626,0.24324324324324326,1e-05,0.6606614041374996,0.14380416870117188,0.1,0.875,1.0,0.0,12,0.5833333333333334,530
0.07737390697002411,0.22869955156950672,0.07776182889938354,55,0.07794397324323654,45,0.07794386148452759,565.41,0.07825398445129395,0.07783570885658264,0.07774223387241364,0.07784580439329147,0.07807623594999313,7208960,0.07750415056943893,7036,1.3821345291479832,1024,0.07825398445129395,2.1614349775784754,0.07782023400068283,0.07813841104507446,0.07769604027271271,0.07794562727212906,0.07812736928462982,375.7487487792969,0.07765384018421173,0.07745625078678131,0.07823685556650162,0.07737390697002411,0.7713004484304933,0.06666666666666667,0.07784250378608704,0.07774603366851807,0.07806828618049622,0.07782292366027832,2.19164192564953,0.0,0.07738446444272995,0.07765109837055206,0.07775487750768661,0.2,0.7799990773200989,0.14285714285714285,2.1331701278686523,35,0.003379991,51,15,46,9,28.454182653129102,0.07782505452632904,0.18333333333333332,60,-0.002271604154839224,0.13043478260869565,1e-05,0.7215760605875403,0.13651046752929688,0.1,0.8,0.8888888888888888,0.0,13,0.46153846153846156,540
0.07797049731016159,0.2217391304347826,0.0784488245844841,56,0.07855526357889175,52,0.07856524735689163,576.7,0.07893337309360504,0.07844044268131256,0.078446164727211,0.07846231013536453,0.07872737944126129,7340032,0.07805734127759933,7024,1.3898347826086968,1044,0.07896828651428223,1.9695652173913043,0.07847364246845245,0.07880742102861404,0.07826846092939377,0.07852911949157715,0.07878480106592178,384.30523681640625,0.07819376140832901,0.0780634805560112,0.07896828651428223,0.07803574204444885,0.7782608695652173,0.15384615384615385,0.07852602750062943,0.07838501036167145,0.07872071862220764,0.07848720997571945,2.1478394210169314,0.0,0.07797049731016159,0.07825310528278351,0.0783982053399086,0.2,0.7775630950927734,0.2222222222222222,2.1423346996307373,36,0.0033002936,51,15,33,4,28.248237031698228,0.07846007496118546,0.1,70,-0.0019540368918569582,0.15151515151515152,1e-05,0.7801371377892792,0.1339324951171875,0.1,0.7333333333333333,1.0,0.0,20,0.4,550
0.07858560979366302,0.2459016393442623,0.0791153535246849,57,0.07915014773607254,59,0.07929471135139465,570.14,0.07949388772249222,0.07912855595350266,0.0790945515036583,0.07909907400608063,0.07942831516265869,7471104,0.07868217676877975,7028,1.3672131147540993,1062,0.07951722294092178,2.0163934426229506,0.07905643433332443,0.07951722294092178,0.07893013209104538,0.07910775393247604,0.07945354282855988,382.8314208984375,0.0788789615035057,0.07871633023023605,0.07949678599834442,0.07869289070367813,0.7540983606557377,0.1694915254237288,0.07912633568048477,0.07906504720449448,0.0794120505452156,0.07917504012584686,2.0908702655215436,0.0,0.07858560979366302,0.07889865338802338,0.07909689098596573,0.2,0.7785313129425049,0.21621621621621623,2.255204200744629,37,0.0033538085,60,23,37,11,28.04397507458925,0.0791078582406044,0.05172413793103448,58,-0.002001831383086028,0.10810810810810811,1e-05,0.7478770507732406,0.13177032470703126,0.1,0.782608695652174,0.8181818181818182,0.0,19,0.42105263157894735,560
0.07923127710819244,0.1689497716894977,0.07977201044559479,58,0.07979217171669006,47,0.0799340307712555,546.19,0.08015742897987366,0.07971540838479996,0.07975847274065018,0.07978858053684235,0.07999923080205917,7602176,0.07927193492650986,7027,1.3936986301369874,1081,0.08017918467521667,2.009132420091324,0.0796547681093216,0.08017443865537643,0.07953421026468277,0.0797676369547844,0.08008329570293427,365.0233154296875,0.07950744032859802,0.0793805718421936,0.08017918467521667,0.07940728217363358,0.8310502283105022,0.0851063829787234,0.07973285764455795,0.07974506914615631,0.08007745444774628,0.07987908273935318,2.258921038519932,0.0,0.07923127710819244,0.07955579459667206,0.0797479972243309,0.2,0.7802504301071167,0.06382978723404255,2.1420230865478516,47,0.003350332,37,11,36,7,27.83910937309265,0.07975389808416367,0.06666666666666667,60,-0.0021658042579474567,0.1388888888888889,1e-05,0.7724258819594979,0.14033889770507812,0.1,1.0,1.0,0.0,11,0.2727272727272727,570
0.07980278879404068,0.26609442060085836,0.08046459406614304,59,0.08052048087120056,44,0.0805663913488388,637.8,0.0808492973446846,0.0803123190999031,0.08039433509111404,0.08055225759744644,0.08061577379703522,7733248,0.07992903888225555,7014,1.3975622317596579,1102,0.08085284382104874,1.9270386266094421,0.0803302675485611,0.08074477314949036,0.08018451184034348,0.08040226995944977,0.08069638907909393,422.02325439453125,0.08020585030317307,0.08002863079309464,0.08085284382104874,0.08005637675523758,0.7339055793991416,0.11363636363636363,0.08038824051618576,0.08036243170499802,0.08066751062870026,0.08052147924900055,2.1007230123027094,0.0,0.07980278879404068,0.0801989883184433,0.08043114840984344,0.2,0.7637085914611816,0.14583333333333334,2.0463829040527344,48,0.0033346107,62,22,46,8,27.636562117934226,0.0804031565785408,0.1,50,-0.00211980098456479,0.2391304347826087,1e-05,0.7697811269434169,0.1340606689453125,0.1,0.8636363636363636,0.875,0.0,15,0.5333333333333333,580
0.08051508665084839,0.19523809523809524,0.0811629444360733,60,0.08117997646331787,58,0.08118138462305069,582.4,0.08150094747543335,0.0809115394949913,0.08104526251554489,0.0812150314450264,0.08131998777389526,7864320,0.08063534647226334,7019,1.3849809523809535,1120,0.08150094747543335,2.104761904761905,0.08106043189764023,0.08146974444389343,0.08081549406051636,0.08102253824472427,0.08137931674718857,385.9481201171875,0.08082088828086853,0.08073441684246063,0.08149395138025284,0.08075112104415894,0.8047619047619048,0.06896551724137931,0.08115313202142715,0.08099868893623352,0.08140982687473297,0.08123914152383804,2.2168827052448687,0.0,0.08051508665084839,0.08087817579507828,0.08101963996887207,0.2,0.7855679988861084,0.13513513513513514,2.0672926902770996,37,0.0032820133,41,9,24,9,27.430228215456008,0.08107656240463257,0.14285714285714285,63,-0.002157971553879179,0.25,1e-05,0.7137129630427808,0.1326263427734375,0.1,0.7777777777777778,0.8888888888888888,0.0,10,0.2,590
0.08119857311248779,0.2599118942731278,0.08177109807729721,61,0.08180444687604904,55,0.08191641420125961,549.58,0.08221889287233353,0.0816195085644722,0.08171059191226959,0.0819956511259079,0.08199455589056015,7995392,0.0812888815999031,7016,1.3925814977973578,1139,0.08221889287233353,2.0352422907488985,0.08178161084651947,0.08211876451969147,0.08147864043712616,0.08162049949169159,0.0820680558681488,366.3172912597656,0.08152154833078384,0.08139000833034515,0.08212637901306152,0.08141949027776718,0.7400881057268722,0.07272727272727272,0.08183152228593826,0.08176127821207047,0.08210281282663345,0.08187668025493622,2.190790321471264,0.0,0.08119857311248779,0.08154752105474472,0.08175954222679138,0.2,0.771488606929779,0.1282051282051282,2.155292510986328,39,0.0033230805,59,15,36,9,27.221702049672604,0.08175691962242126,0.14,50,-0.0020495942342677155,0.25,1e-05,0.7736326865619049,0.13231201171875,0.1,0.8666666666666667,0.7777777777777778,0.0,23,0.6086956521739131,600
0.08190497010946274,0.26126126126126126,0.0825311467051506,62,0.08247020840644836,46,0.08263364434242249,589.98,0.08290524035692215,0.08236062526702881,0.08242723345756531,0.0826932042837143,0.08271921426057816,8126464,0.08198268711566925,7006,1.3906756756756766,1159,0.08290524035692215,2.09009009009009,0.08247789740562439,0.0828867256641388,0.08215979486703873,0.08227803558111191,0.08272603899240494,392.2488708496094,0.08225006610155106,0.08206204324960709,0.08278530836105347,0.08209823071956635,0.7387387387387387,0.10869565217391304,0.08246002346277237,0.08249526470899582,0.08279141038656235,0.08256247639656067,2.1572234872790066,0.0,0.08190497010946274,0.08226683735847473,0.08233064413070679,0.2,0.7726374864578247,0.25,2.023958206176758,32,0.0032967625,58,12,37,7,27.011574253439903,0.08245036005973816,0.16417910447761194,67,-0.00202440604361982,0.13513513513513514,1e-05,0.6968341218074784,0.1318328857421875,0.1,0.8333333333333334,0.8571428571428571,0.0,21,0.6190476190476191,610
0.08260803669691086,0.26570048309178745,0.08321058005094528,63,0.08316878974437714,47,0.08326113969087601,610.18,0.08355177193880081,0.08305136114358902,0.08303285390138626,0.08348178118467331,0.0834183543920517,8257536,0.0826319083571434,7011,1.400415458937199,1177,0.08355177193880081,2.0531400966183573,0.08315788209438324,0.08349151164293289,0.08285903930664062,0.083002470433712,0.08346530050039291,404.7149963378906,0.08289612829685211,0.08279476314783096,0.08345097303390503,0.08281855285167694,0.7342995169082126,0.0851063829787234,0.08323165029287338,0.08314241468906403,0.08347608894109726,0.08327043056488037,2.1744381726918194,0.0,0.08260803669691086,0.08281418681144714,0.08305999636650085,0.2,0.7755809426307678,0.25,2.087437868118286,32,0.0032479903,55,15,34,7,26.803241035342218,0.08313391357660294,0.08928571428571429,56,-0.001989215043886361,0.20588235294117646,1e-05,0.7099147489760071,0.12916107177734376,0.1,1.0,1.0,0.0,16,0.5625,620
0.08331324905157089,0.2777777777777778,0.08392167091369629,64,0.08383313566446304,59,0.08394542336463928,636.74,0.08421044796705246,0.08367285132408142,0.0837118849158287,0.08429714292287827,0.08407529443502426,8388608,0.08331324905157089,7009,1.4056759259259268,1196,0.08429714292287827,2.2546296296296298,0.08384919166564941,0.08406861871480942,0.08359982818365097,0.08371385931968689,0.08415430784225464,421.75018310546875,0.0835409164428711,0.08342982828617096,0.08410737663507462,0.0834045484662056,0.7222222222222222,0.1016949152542373,0.08390698581933975,0.08388081938028336,0.0841795951128006,0.0840238556265831,2.0863178738439876,0.0,0.08336617797613144,0.0834747776389122,0.08379145711660385,0.2,0.7671284675598145,0.3235294117647059,2.106266975402832,34,0.0034222826,60,11,37,11,26.59751822054386,0.0838189348578453,0.14814814814814814,54,-0.002229382311907102,0.2702702702702703,1e-05,0.691559966490604,0.1388763427734375,0.1,0.8181818181818182,0.9090909090909091,0.0,10,0.6,630
0.08402425795793533,0.2638888888888889,0.08458177000284195,65,0.0845499336719513,50,0.08462201058864594,610.23,0.08490641415119171,0.0843905508518219,0.08441759645938873,0.08500406891107559,0.08485040068626404,8519680,0.08407747745513916,6997,1.4010925925925934,1217,0.08500406891107559,1.9675925925925926,0.08450578153133392,0.08482223004102707,0.0843135267496109,0.0844733715057373,0.08482418954372406,401.8621826171875,0.08423773944377899,0.08402425795793533,0.08485791087150574,0.0841955691576004,0.7361111111111112,0.06,0.08452276885509491,0.08459397405385971,0.08489611744880676,0.08472052216529846,2.1215017070151894,0.0,0.08404960483312607,0.08412612229585648,0.08450283855199814,0.2,0.7820266485214233,0.2222222222222222,2.0069899559020996,36,0.0033467226,57,18,25,11,26.389954763650895,0.08452266454696655,0.11290322580645161,62,-0.0023186189145235404,0.12,1e-05,0.6976350386161357,0.13450088500976562,0.1,0.8888888888888888,0.9090909090909091,0.0,14,0.7142857142857143,640
0.08464792370796204,0.24034334763948498,0.0852995216846466,66,0.08531501889228821,52,0.08532606065273285,566.79,0.08565070480108261,0.08509034663438797,0.08513202518224716,0.08575389534235,0.08553095906972885,8650752,0.08473037928342819,7000,1.3884463519313317,1235,0.08575389534235,2.072961373390558,0.08522133529186249,0.08550066500902176,0.08502782136201859,0.08509767055511475,0.0855681449174881,372.6593322753906,0.08500879257917404,0.08464792370796204,0.08557212352752686,0.08497227728366852,0.759656652360515,0.09615384615384616,0.0851643830537796,0.08526064455509186,0.08567141741514206,0.08541329950094223,2.127436037556328,0.0,0.08472476899623871,0.08483672887086868,0.08517175167798996,0.2,0.7794923782348633,0.2894736842105263,1.8033993244171143,38,0.003319019,56,17,45,6,26.18171299546957,0.08522754907608032,0.0847457627118644,59,-0.0021519644937143313,0.2222222222222222,1e-05,0.6862132437992841,0.13217697143554688,0.1,0.8823529411764706,0.6666666666666666,0.0,16,0.375,650
0.08536869287490845,0.26291079812206575,0.08606456965208054,67,0.0860140472650528,42,0.08602019399404526,607.61,0.08637130260467529,0.0857524424791336,0.08590677380561829,0.0864948257803917,0.0862189531326294,8781824,0.08546014875173569,6997,1.3891079812206584,1254,0.0864948257803917,2.183098591549296,0.08596551418304443,0.08623683452606201,0.08577139675617218,0.08569811284542084,0.0862925723195076,399.2313537597656,0.08566189557313919,0.08536869287490845,0.08637873828411102,0.08568187057971954,0.7370892018779343,0.14285714285714285,0.08592294156551361,0.0859331414103508,0.08634239435195923,0.08618086576461792,2.109445562921342,0.0,0.0854276791214943,0.08562442660331726,0.08580402284860611,0.2,0.7777897119522095,0.21621621621621623,2.1580047607421875,37,0.0033049732,56,15,46,11,25.973458056151866,0.08594377338886261,0.1509433962264151,53,-0.002008201099852158,0.15217391304347827,1e-05,0.7352917965967208,0.13217544555664062,0.1,1.0,0.8181818181818182,0.0,9,0.3333333333333333,660
0.08611050248146057,0.27638190954773867,0.08669503033161163,68,0.08676739782094955,53,0.08681105822324753,608.54,0.08706055581569672,0.08648886531591415,0.08667118102312088,0.0871148481965065,0.0869271457195282,8912896,0.08622119575738907,6986,1.4024321608040213,1275,0.0871419608592987,2.1105527638190953,0.08666491508483887,0.08694389462471008,0.0865040197968483,0.08642234653234482,0.0869685485959053,401.1707458496094,0.08640976250171661,0.08613274246454239,0.0871419608592987,0.08642686158418655,0.7236180904522613,0.11320754716981132,0.08659718930721283,0.0866980031132698,0.08700010925531387,0.08692891150712967,2.102271512501827,0.0,0.08611050248146057,0.08637060225009918,0.08660051226615906,0.2,0.7916309237480164,0.13636363636363635,1.9141684770584106,22,0.003317379,55,16,31,7,25.76397529989481,0.08666712790727615,0.10416666666666667,48,-0.002222621267537761,0.25806451612903225,1e-05,0.660794559493661,0.130450439453125,0.1,0.875,0.8571428571428571,0.0,22,0.5909090909090909,670
0.08685223758220673,0.26359832635983266,0.08741176128387451,69,0.08754104375839233,53,0.08762538433074951,591.48,0.08778836578130722,0.08719059079885483,0.0873781070113182,0.0878463014960289,0.08767037838697433,9043968,0.08695502579212189,6988,1.3913723849372395,1294,0.08791709691286087,2.0502092050209204,0.08736700564622879,0.08777061849832535,0.08720111101865768,0.08714542537927628,0.08777633309364319,388.2901306152344,0.0871160551905632,0.08685223758220673,0.08791709691286087,0.08716491609811783,0.7364016736401674,0.1509433962264151,0.08734817802906036,0.08738338202238083,0.08767826110124588,0.08762695640325546,2.172180669034196,0.0,0.08687029778957367,0.08710874617099762,0.08733387291431427,0.2,0.7725585103034973,0.24324324324324326,1.7975646257400513,37,0.0032557738,63,13,31,10,25.554034677147865,0.08740269392728806,0.13333333333333333,75,-0.002086729525422015,0.1935483870967742,1e-05,0.664052404044196,0.12873153686523436,0.1,0.8461538461538461,0.8,0.0,20,0.55,680
0.08760679513216019,0.22522522522522523,0.08814900368452072,70,0.08820092678070068,52,0.0883597582578659,540.16,0.0885608121752739,0.08783172816038132,0.08802501112222672,0.08849316835403442,0.08843103051185608,9175040,0.0877302810549736,6983,1.3863873873873884,1313,0.0886387974023819,2.054054054054054,0.0881023183465004,0.08849453926086426,0.0880453884601593,0.08793793618679047,0.08855350315570831,347.4405517578125,0.08779045939445496,0.08760679513216019,0.0886387974023819,0.08785861730575562,0.7747747747747747,0.11538461538461539,0.08811187744140625,0.08809641748666763,0.08832129836082458,0.08834660798311234,2.2423595217615464,0.0,0.08764860033988953,0.08782852441072464,0.08806092292070389,0.2,0.7759671211242676,0.2222222222222222,1.9764763116836548,36,0.003262887,50,16,39,6,25.34464800655842,0.0881289690732956,0.10526315789473684,57,-0.0022604537445658933,0.1282051282051282,1e-05,0.7592574972659349,0.12738800048828125,0.1,0.9375,0.6666666666666666,0.0,16,0.375,690
0.0883883461356163,0.273542600896861,0.08895916491746902,71,0.08893729746341705,51,0.0890396311879158,626.88,0.08925589174032211,0.08853822201490402,0.08880097419023514,0.08917330205440521,0.08923542499542236,9306112,0.08843155950307846,6976,1.393623318385651,1333,0.08938543498516083,2.2062780269058297,0.08889638632535934,0.08922836184501648,0.08875571936368942,0.08871030062437057,0.08931975811719894,413.0311279296875,0.08850225806236267,0.08839068561792374,0.08938543498516083,0.08853746205568314,0.726457399103139,0.13725490196078433,0.0888182744383812,0.0888836681842804,0.08912309259176254,0.08910225331783295,2.1901734043147516,0.0,0.0883883461356163,0.08855679631233215,0.08879420161247253,0.2,0.7852270007133484,0.2702702702702703,1.936363697052002,37,0.0033056657,61,12,50,8,25.13594033420086,0.0888705849647522,0.15217391304347827,46,-0.0021447023310884107,0.22,1e-05,0.6923457009950653,0.12998199462890625,0.1,1.0,0.75,0.0,19,0.42105263157894735,700
0.08908311277627945,0.2383177570093458,0.08975890278816223,72,0.08972009271383286,57,0.08974479883909225,568.8,0.09000377357006073,0.08925554901361465,0.08947671204805374,0.08998729288578033,0.0899614691734314,9437184,0.08926621079444885,6979,1.390271028037384,1352,0.09017319977283478,2.1121495327102804,0.08962862938642502,0.09002053737640381,0.08950701355934143,0.08948661386966705,0.09001576900482178,372.6890563964844,0.08930778503417969,0.08912049978971481,0.09017319977283478,0.08924074470996857,0.7616822429906542,0.08771929824561403,0.08946109563112259,0.0896979495882988,0.08981584012508392,0.0899026095867157,2.1505733931730973,0.0,0.08908311277627945,0.08932895213365555,0.08942797780036926,0.2,0.7980830669403076,0.17142857142857143,1.8229007720947266,35,0.0032844613,51,17,33,11,24.927393309772015,0.08961572498083115,0.1,50,-0.00224934077305079,0.09090909090909091,1e-05,0.6477138646412641,0.12853546142578126,0.1,0.8823529411764706,0.8181818181818182,0.0,11,0.7272727272727273,710
0.08985432982444763,0.2922374429223744,0.09046907722949982,73,0.09047632664442062,56,0.0905560702085495,635.98,0.09070302546024323,0.08997193723917007,0.0902741476893425,0.09076885133981705,0.09077179431915283,9568256,0.08996222168207169,6974,1.3817077625570788,1371,0.09091300517320633,1.9589041095890412,0.09044233709573746,0.09076430648565292,0.09031634777784348,0.0902966633439064,0.09064631909132004,420.1606140136719,0.09009736031293869,0.08985432982444763,0.09091300517320633,0.08997534960508347,0.7077625570776256,0.10714285714285714,0.09028934687376022,0.0904460921883583,0.09062812477350235,0.09072013199329376,2.0980088047389356,0.0,0.08987636119127274,0.0900978371500969,0.09021306782960892,0.2,0.7787346839904785,0.3125,1.9950172901153564,32,0.003318098,64,19,25,7,24.71592116355896,0.0903812125325203,0.13846153846153847,65,-0.0023506326745518892,0.24,1e-05,0.6823130848817527,0.13245697021484376,0.1,0.8947368421052632,0.8571428571428571,0.0,15,0.6666666666666666,720
0.09055477380752563,0.23255813953488372,0.0911271721124649,74,0.09127392619848251,50,0.09131649881601334,625.87,0.09147842973470688,0.0907418504357338,0.0909671038389206,0.09153888374567032,0.09150803089141846,9699328,0.09078343957662582,6968,1.3679627906976752,1391,0.0916767418384552,2.218604651162791,0.09115500748157501,0.09149684011936188,0.09109845757484436,0.09104884415864944,0.09139063954353333,407.58355712890625,0.09076123684644699,0.09055477380752563,0.0916767418384552,0.09081356972455978,0.7674418604651163,0.12,0.09111331403255463,0.09120381623506546,0.09138809144496918,0.0914422944188118,2.152714459819987,0.0,0.09077112376689911,0.09085051715373993,0.0909905955195427,0.2,0.7857147455215454,0.13333333333333333,1.7795603275299072,30,0.003225825,50,13,39,11,24.50611301511526,0.09113964438438416,0.12280701754385964,57,-0.001967961666559859,0.2564102564102564,1e-05,0.7089487741468474,0.12646484375,0.1,0.6153846153846154,0.8181818181818182,0.0,15,0.4,730
0.09127949178218842,0.2102803738317757,0.09188065677881241,75,0.09206579625606537,55,0.09207207709550858,603.85,0.09228329360485077,0.09144238382577896,0.09179110825061798,0.09231068938970566,0.09225118160247803,9830400,0.09154951572418213,6972,1.3866355140186928,1409,0.0924258679151535,2.130841121495327,0.09199641644954681,0.09231984615325928,0.09174500405788422,0.09182194620370865,0.09209033846855164,395.5006103515625,0.09147386997938156,0.09127949178218842,0.0924258679151535,0.09157463908195496,0.7897196261682243,0.05454545454545454,0.09196946769952774,0.09193820506334305,0.09216687083244324,0.09216532856225967,2.2049931957226545,0.0,0.09157020598649979,0.09162525832653046,0.09168767184019089,0.2,0.7934868335723877,0.09375,1.9294145107269287,32,0.003384144,45,14,36,9,24.297782480716705,0.09189989417791367,0.08333333333333333,48,-0.0024325184232566245,0.2222222222222222,1e-05,0.6914724086644128,0.1313507080078125,0.1,0.9285714285714286,0.8888888888888888,0.0,20,0.3,740
0.09203805774450302,0.2554112554112554,0.09262922406196594,76,0.092790886759758,46,0.09279969334602356,598.86,0.0930228978395462,0.09226547181606293,0.09261281043291092,0.09310625493526459,0.09308013319969177,9961472,0.09234531968832016,6968,1.3935584415584428,1429,0.09317849576473236,2.103896103896104,0.09264927357435226,0.09313887357711792,0.092509426176548,0.09263211488723755,0.09284833818674088,388.0003662109375,0.09234393388032913,0.09203805774450302,0.09317849576473236,0.09229825437068939,0.7445887445887446,0.10869565217391304,0.09269755333662033,0.09275463223457336,0.0929553210735321,0.09297939389944077,2.2156778442438982,0.0,0.09232673794031143,0.0924186185002327,0.09240291267633438,0.2,0.778838038444519,0.13953488372093023,1.9629504680633545,43,0.0032716212,59,14,42,12,24.08872209340334,0.09267297387123108,0.15,60,-0.002040212785914264,0.30952380952380953,1e-05,0.7097405375912785,0.12758255004882812,0.1,0.7857142857142857,0.75,0.0,14,0.42857142857142855,750
0.09285659343004227,0.27319587628865977,0.09340447932481766,77,0.09360455721616745,37,0.09361426532268524,640.34,0.09385281056165695,0.09305082261562347,0.09346166253089905,0.09390121698379517,0.09389674663543701,10092544,0.09313933551311493,6962,1.38958762886598,1449,0.09396027773618698,2.11340206185567,0.09338577091693878,0.09396027773618698,0.09319382160902023,0.09335456043481827,0.09365306794643402,420.1776428222656,0.09310838580131531,0.09285659343004227,0.09391384571790695,0.09304884821176529,0.7268041237113402,0.08108108108108109,0.09352844208478928,0.09356994926929474,0.09372638165950775,0.09382698684930801,2.130774351809071,0.0,0.09307440370321274,0.09322629123926163,0.09313924610614777,0.2,0.7812933921813965,0.15625,1.9691581726074219,32,0.0033049819,53,14,31,15,23.877929443120955,0.09345971047878265,0.12244897959183673,49,-0.0024541524230698997,0.12903225806451613,1e-05,0.7175447246758268,0.13113861083984374,0.1,0.9285714285714286,0.8666666666666667,0.0,16,0.5625,760
0.09364500641822815,0.29957805907172996,0.09410793334245682,78,0.09447416663169861,63,0.09431509673595428,577.54,0.09457939118146896,0.09384500235319138,0.09425120800733566,0.09470866620540619,0.09471134841442108,10223616,0.09394759684801102,6967,1.3895443037974693,1467,0.09474380314350128,2.0632911392405062,0.0942215770483017,0.09474380314350128,0.09404616057872772,0.09409994632005692,0.09448175132274628,378.2983093261719,0.09388228505849838,0.09364500641822815,0.09471055865287781,0.09384871274232864,0.70042194092827,0.15873015873015872,0.09426581859588623,0.09434851258993149,0.09450390189886093,0.09469068795442581,2.142518916281654,0.0,0.09391424804925919,0.09395387023687363,0.0938926711678505,0.2,0.7714041471481323,0.27906976744186046,1.9526004791259766,43,0.0033438508,71,18,41,9,23.667849841713906,0.09424760192632675,0.13043478260869565,46,-0.002113627808967067,0.17073170731707318,1e-05,0.6425305475480855,0.13100509643554686,0.1,0.8888888888888888,0.7777777777777778,0.0,17,0.7647058823529411,770
0.09448022395372391,0.22596153846153846,0.0949212908744812,79,0.09528335183858871,44,0.09515722095966339,625.69,0.09538106620311737,0.09459131956100464,0.09490680694580078,0.095534548163414,0.09561966359615326,10354688,0.09478767961263657,6967,1.39573076923077,1486,0.09561966359615326,1.9711538461538463,0.09499254077672958,0.09547621011734009,0.09478522092103958,0.09491454809904099,0.09523141384124756,409.3559875488281,0.09464011341333389,0.09448022395372391,0.09556049853563309,0.09459567070007324,0.7740384615384616,0.045454545454545456,0.09502527117729187,0.09507877379655838,0.09538663923740387,0.09546537697315216,2.1608862032952225,0.0,0.09467258304357529,0.09474857151508331,0.09466224908828735,0.2,0.7802534103393555,0.15384615384615385,1.9939229488372803,39,0.0032303636,47,18,34,9,23.459137515723704,0.09503595530986786,0.13725490196078433,51,-0.0021453281412050274,0.23529411764705882,1e-05,0.7081264180364087,0.12620162963867188,0.1,0.8888888888888888,0.7777777777777778,0.0,13,0.07692307692307693,780
0.09519250690937042,0.2972972972972973,0.09569332748651505,80,0.09604804962873459,53,0.09589014947414398,650.64,0.09616383165121078,0.09535389393568039,0.09575037658214569,0.09626130014657974,0.09649068117141724,10485760,0.09564392268657684,6959,1.3893063063063076,1506,0.09649068117141724,2.1981981981981984,0.09579668939113617,0.09624259173870087,0.09558460116386414,0.0956888273358345,0.09595450013875961,427.0335693359375,0.09537851810455322,0.09519250690937042,0.09634990245103836,0.09542086720466614,0.7027027027027027,0.1509433962264151,0.09582576900720596,0.09589552134275436,0.09611351788043976,0.096183180809021,2.0787951724821703,0.0,0.09538863599300385,0.09559351205825806,0.09537394344806671,0.2,0.791983962059021,0.24242424242424243,1.9091954231262207,33,0.0031926082,66,16,35,16,23.253715808689595,0.0958111509680748,0.10714285714285714,56,-0.0022202372298124828,0.22857142857142856,1e-05,0.6644994787871837,0.12149658203125,0.1,0.9375,0.8125,0.0,13,0.6153846153846154,790
0.09599798172712326,0.24774774774774774,0.09654637426137924,81,0.09685701876878738,47,0.09663745015859604,607.22,0.09705117344856262,0.0961642861366272,0.0965651124715805,0.09709195047616959,0.0973019003868103,10616832,0.09650004655122757,6963,1.403549549549551,1524,0.0973019003868103,2.027027027027027,0.09659327566623688,0.09707595407962799,0.09644243121147156,0.0965690016746521,0.09678418934345245,392.8410949707031,0.0963192880153656,0.09599798172712326,0.09713825583457947,0.09624220430850983,0.7522522522522522,0.06382978723404255,0.09664075076580048,0.09671764075756073,0.09687896072864532,0.09700832515954971,2.1737403593531464,0.0,0.09621671587228775,0.09637986123561859,0.09620969742536545,0.2,0.7917268872261047,0.125,1.7725446224212646,40,0.003259588,55,14,39,9,23.044401520490645,0.09663718938827515,0.061224489795918366,49,-0.002124860519234062,0.23076923076923078,1e-05,0.6430077434983105,0.12594375610351563,0.1,0.9285714285714286,0.5555555555555556,0.0,24,0.7083333333333334,800
0.09676695615053177,0.2535211267605634,0.09738340973854065,82,0.09769612550735474,48,0.09745202213525772,567.51,0.09790240973234177,0.09703493118286133,0.09737437963485718,0.09786369651556015,0.09808129817247391,10747904,0.09726666659116745,6960,1.3844507042253529,1544,0.09808129817247391,1.9577464788732395,0.09740646928548813,0.0978456363081932,0.09728580713272095,0.09740300476551056,0.09753458201885223,365.8232421875,0.09707597643136978,0.09676695615053177,0.0980190709233284,0.09707614034414291,0.7464788732394366,0.14583333333333334,0.09744460880756378,0.09744679182767868,0.0976712703704834,0.09781375527381897,2.1308213731351024,0.0,0.09702208638191223,0.09723944962024689,0.09704441577196121,0.2,0.7971089482307434,0.2222222222222222,1.9656985998153687,36,0.0032689255,54,18,29,9,22.833002436161042,0.09744603931903839,0.07017543859649122,57,-0.002216883488927124,0.1724137931034483,1e-05,0.6858725080965087,0.12617874145507812,0.1,0.9444444444444444,0.8888888888888888,0.0,16,0.3125,810
0.09767739474773407,0.21777777777777776,0.09822358191013336,83,0.09862551093101501,50,0.0982326939702034,620.01,0.09864446520805359,0.0978003442287445,0.09821540862321854,0.09865182638168335,0.09889921545982361,10878976,0.09807886928319931,6953,1.390613333333334,1564,0.09889921545982361,2.1066666666666665,0.09828167408704758,0.09871526062488556,0.09811484068632126,0.0982874408364296,0.09821950644254684,405.2529296875,0.09786677360534668,0.09767739474773407,0.09887830913066864,0.097970150411129,0.7822222222222223,0.04,0.09828659892082214,0.0983409509062767,0.09855370223522186,0.09856110066175461,2.2265990969949128,0.0,0.09790822118520737,0.09804501384496689,0.09778812527656555,0.2,0.7956535816192627,0.20833333333333334,1.8027915954589844,48,0.0031963899,49,13,46,9,22.62276876717806,0.09827467799186707,0.08163265306122448,49,-0.0020497025533586567,0.21739130434782608,1e-05,0.6660311272135004,0.12125930786132813,0.1,0.8461538461538461,0.8888888888888888,0.0,10,0.4,820
0.09848316758871078,0.22790697674418606,0.09909122437238693,84,0.09944595396518707,56,0.09914956986904144,582.38,0.09952401369810104,0.09873790293931961,0.09910856187343597,0.09956739842891693,0.09972333908081055,11010048,0.0989253968000412,6957,1.375665116279071,1582,0.09972333908081055,2.0790697674418603,0.09914382547140121,0.0996256172657013,0.09889987856149673,0.09920293837785721,0.09909233450889587,375.6026916503906,0.09868977218866348,0.09848316758871078,0.09967537224292755,0.09882979840040207,0.772093023255814,0.08928571428571429,0.0991377979516983,0.09921516478061676,0.09932072460651398,0.09943575412034988,2.189001305707851,0.0,0.09876658022403717,0.0988895520567894,0.09857924282550812,0.2,0.7850319147109985,0.21951219512195122,1.7343627214431763,41,0.0034082776,49,14,35,8,22.407779876887798,0.09913043677806854,0.09615384615384616,52,-0.0024678782677256096,0.17142857142857143,1e-05,0.7270059281494469,0.13574371337890626,0.1,0.9285714285714286,1.0,0.0,9,0.3333333333333333,830
0.09930916875600815,0.2422680412371134,0.0998855009675026,85,0.10025738924741745,55,0.10000777244567871,626.76,0.10039306432008743,0.09950882196426392,0.0998612642288208,0.10044118016958237,0.1006050631403923,11141120,0.09971316158771515,6956,1.39278350515464,1601,0.1006050631403923,2.0463917525773194,0.09998013824224472,0.10047104954719543,0.09968936443328857,0.10005134344100952,0.0999164879322052,401.0483093261719,0.09947981685400009,0.09930916875600815,0.10050154477357864,0.09955669194459915,0.7577319587628866,0.09090909090909091,0.09995966404676437,0.10001449286937714,0.10025779902935028,0.10031070560216904,2.090151284325375,0.0,0.09960293769836426,0.09973558038473129,0.09944450110197067,0.2,0.7870495915412903,0.20588235294117646,1.7426469326019287,34,0.0032256646,47,12,29,6,22.19657745808363,0.09995818138122559,0.075,40,-0.0024179646861739457,0.2413793103448276,1e-05,0.6852449068566784,0.12475051879882812,0.1,0.75,1.0,0.0,18,0.5555555555555556,840
0.10013104975223541,0.2831858407079646,0.10073059052228928,86,0.10096273571252823,47,0.10088994354009628,613.61,0.10119917243719101,0.10034934431314468,0.10080336034297943,0.10132251679897308,0.1014614924788475,11272192,0.10057516396045685,6950,1.385300884955753,1621,0.1014614924788475,2.079646017699115,0.10083985328674316,0.1013551875948906,0.10052283108234406,0.1008051186800003,0.10070879012346268,400.00665283203125,0.10036247968673706,0.10013104975223541,0.1013205349445343,0.10039689391851425,0.7168141592920354,0.0425531914893617,0.10080624371767044,0.10082855075597763,0.10107901692390442,0.10114005208015442,2.131179106645147,0.0,0.10037630796432495,0.10059382021427155,0.10022075474262238,0.2,0.7903298139572144,0.3055555555555556,1.6382375955581665,36,0.0031663221,64,20,39,13,21.98900887668133,0.10079127550125122,0.08771929824561403,57,-0.0023756652715746897,0.23076923076923078,1e-05,0.6064210545737296,0.12443466186523437,0.1,0.9,0.9230769230769231,0.0,14,0.5,850
0.10092008858919144,0.2692307692307692,0.1016126275062561,87,0.10183718800544739,35,0.10168252140283585,617.08,0.10206866264343262,0.10120392590761185,0.10152781754732132,0.10218298435211182,0.10233177244663239,11403264,0.10140383988618851,6954,1.4141826923076932,1639,0.10233177244663239,2.298076923076923,0.10168751329183578,0.1022389829158783,0.10141871124505997,0.10160627961158752,0.101486437022686,397.5356750488281,0.10115071386098862,0.10092008858919144,0.10214252769947052,0.10120493918657303,0.7307692307692307,0.11428571428571428,0.10165953636169434,0.10158058255910873,0.10189768671989441,0.1020694449543953,2.198272025507331,0.0,0.10119739174842834,0.10141878575086594,0.10112076252698898,0.2,0.7883946299552917,0.15384615384615385,1.7604010105133057,26,0.0031698118,56,15,49,13,21.78226298838854,0.10162606835365295,0.12280701754385964,57,-0.002136177026659425,0.24489795918367346,1e-05,0.7087574002798647,0.12155380249023437,0.1,0.9333333333333333,0.8461538461538461,0.0,13,0.3076923076923077,860
0.10186559706926346,0.31527093596059114,0.10248126834630966,88,0.10262542963027954,52,0.10264348983764648,607.3,0.10297326743602753,0.10205581784248352,0.10240303725004196,0.10304247587919235,0.10311514884233475,11534336,0.1022258922457695,6954,1.3898423645320208,1658,0.10311514884233475,2.3004926108374386,0.1024915799498558,0.10305822640657425,0.10218970477581024,0.10245102643966675,0.10228138417005539,395.5714111328125,0.10201932489871979,0.10186559706926346,0.10306151956319809,0.10212194919586182,0.6847290640394089,0.15384615384615385,0.10247433185577393,0.10243392735719681,0.10278317332267761,0.10293080657720566,2.1384620895244075,0.0,0.10210055112838745,0.10221497714519501,0.10193350166082382,0.2,0.7941650748252869,0.38461538461538464,1.6343481540679932,26,0.0032304132,64,12,36,14,21.574370996654032,0.10247910767793655,0.08695652173913043,46,-0.002257107788500434,0.2777777777777778,1e-05,0.6538089256733656,0.12462234497070312,0.1,0.9166666666666666,1.0,0.0,17,0.4117647058823529,870
0.10277248919010162,0.2676056338028169,0.1034015566110611,89,0.10349767655134201,53,0.10349790006875992,638.52,0.10378450900316238,0.10291951149702072,0.10329942405223846,0.10385257750749588,0.10403561592102051,11665408,0.10310973972082138,6947,1.3968544600938977,1679,0.10404881834983826,2.1549295774647885,0.10340944677591324,0.10404881834983826,0.10314755141735077,0.10342288762331009,0.10322891175746918,410.0352783203125,0.10283896327018738,0.10277248919010162,0.10390044748783112,0.10293833911418915,0.7323943661971831,0.11320754716981132,0.10325926542282104,0.10328065603971481,0.10368926078081131,0.10379200428724289,2.0640976752484965,0.0,0.10298851132392883,0.10303471237421036,0.10293566435575485,0.2,0.7800387144088745,0.18181818181818182,1.6644325256347656,33,0.0032458892,57,16,36,11,21.361740250885486,0.10336346924304962,0.1320754716981132,53,-0.002064282955007002,0.25,1e-05,0.6260976617224514,0.12069091796875,0.1,1.0,0.6363636363636364,0.0,11,0.5454545454545454,880
0.10362023860216141,0.26976744186046514,0.10434938967227936,90,0.104397714138031,56,0.10434936732053757,622.73,0.10470359027385712,0.10374902933835983,0.10404378175735474,0.10475567728281021,0.10490816831588745,11796480,0.10388410091400146,6951,1.4031348837209312,1696,0.10490816831588745,2.0372093023255813,0.10417354851961136,0.10489854216575623,0.1040906235575676,0.10430921614170074,0.10413359105587006,403.7776184082031,0.10370375216007233,0.10362023860216141,0.10475258529186249,0.10387615114450455,0.7302325581395349,0.10714285714285714,0.10415946692228317,0.1041213795542717,0.10458844900131226,0.10458291321992874,2.152280416224318,0.0,0.103792205452919,0.1039951741695404,0.10385005176067352,0.2,0.7934483289718628,0.24324324324324326,1.7227574586868286,37,0.0032180385,58,18,32,10,21.150464244186878,0.10423155128955841,0.08333333333333333,48,-0.002255738306303101,0.25,1e-05,0.6536428049905225,0.12539749145507811,0.1,0.8888888888888888,0.9,0.0,14,0.42857142857142855,890
0.10451558977365494,0.30493273542600896,0.1051914393901825,91,0.10536003112792969,54,0.10530779510736465,619.09,0.10564438998699188,0.10462474077939987,0.10493035614490509,0.10563316196203232,0.10571007430553436,11927552,0.10472568869590759,6951,1.4002600896860993,1715,0.10572993755340576,2.004484304932735,0.10507833957672119,0.10571637749671936,0.10503092408180237,0.1052577942609787,0.10500691086053848,397.5415344238281,0.10460072010755539,0.10451558977365494,0.10572993755340576,0.10472898185253143,0.695067264573991,0.2037037037037037,0.10501427203416824,0.1050194799900055,0.10544833540916443,0.1054973229765892,2.061455405278764,0.0,0.10475040972232819,0.10490606725215912,0.10478700697422028,0.2,0.7797248959541321,0.2727272727272727,1.8151161670684814,33,0.0033603269,68,17,23,13,20.938407975435258,0.10512863844633102,0.04838709677419355,62,-0.0023392113290356064,0.30434782608695654,1e-05,0.6935946238692849,0.12958602905273436,0.1,0.9411764705882353,0.9230769230769231,0.0,21,0.47619047619047616,900
0.10531831532716751,0.2575107296137339,0.10616374760866165,92,0.10626106709241867,65,0.1063053086400032,600.27,0.1065978929400444,0.1054883673787117,0.10580748319625854,0.10653188079595566,0.10660594701766968,12058624,0.1056068167090416,6944,1.3863948497854088,1736,0.10660594701766968,2.223175965665236,0.10604225099086761,0.10659128427505493,0.10593010485172272,0.10614459216594696,0.10586415231227875,384.3328552246094,0.10546305030584335,0.10531831532716751,0.10658907145261765,0.10559087991714478,0.7424892703862661,0.1076923076923077,0.10598969459533691,0.10590790957212448,0.10629843920469284,0.10649333149194717,2.0896941367560147,0.0,0.10558884590864182,0.1058565303683281,0.1055726557970047,0.2,0.7781566381454468,0.16666666666666666,1.751406192779541,30,0.0032707872,60,20,46,10,20.72538430094719,0.1060243770480156,0.06382978723404255,47,-0.002212404858619266,0.21739130434782608,1e-05,0.6779812321765348,0.12470779418945313,0.1,0.85,0.8,0.0,15,0.6666666666666666,910
0.10626757889986038,0.26066350710900477,0.10701609402894974,93,0.10720236599445343,44,0.10714632272720337,586.94,0.10749315470457077,0.10638431459665298,0.10675354301929474,0.1075214073061943,0.10748621076345444,12189696,0.1064358651638031,6947,1.3993649289099535,1754,0.10752327740192413,2.170616113744076,0.10695905983448029,0.10752327740192413,0.10674626380205154,0.10701589286327362,0.10673873126506805,375.47613525390625,0.10639618337154388,0.10626757889986038,0.10751064121723175,0.10647114366292953,0.7393364928909952,0.11363636363636363,0.1068657711148262,0.106833316385746,0.10726195573806763,0.10742116719484329,2.1754445523792705,0.0,0.10648611932992935,0.10669367015361786,0.10652527958154678,0.2,0.7955864667892456,0.16666666666666666,1.6752902269363403,36,0.003138166,55,14,42,12,20.513302953541277,0.10692621022462845,0.061224489795918366,49,-0.002179580446545515,0.23809523809523808,1e-05,0.6935736672021449,0.11794204711914062,0.1,0.9285714285714286,0.9166666666666666,0.0,14,0.5,920
0.10704957693815231,0.27699530516431925,0.1078416258096695,94,0.1081116795539856,58,0.10799206793308258,608.45,0.10846884548664093,0.10720892995595932,0.10759735852479935,0.10822626203298569,0.10838315635919571,12320768,0.10729499906301498,6948,1.3848450704225361,1773,0.10846884548664093,2.3051643192488265,0.10777664929628372,0.10842414200305939,0.10765925794839859,0.10793499648571014,0.1076861098408699,389.78009033203125,0.10729669034481049,0.10704957693815231,0.10845783352851868,0.10730978846549988,0.7230046948356808,0.20689655172413793,0.10782892256975174,0.1078076958656311,0.10817879438400269,0.10823892802000046,2.178691061947696,0.0,0.10740498453378677,0.10755021870136261,0.10747678577899933,0.2,0.7944803237915039,0.2,1.6375706195831299,30,0.0030494623,59,10,38,12,20.305978685617447,0.10780824720859528,0.08,50,-0.001901065709262184,0.2894736842105263,1e-05,0.652489381073974,0.11394271850585938,0.1,0.9,0.9166666666666666,0.0,15,0.4,930
0.10792285203933716,0.24107142857142858,0.1087360605597496,95,0.10899709910154343,64,0.10889774560928345,576.77,0.10932786762714386,0.10815248638391495,0.1085520014166832,0.10916201025247574,0.10927136987447739,12451840,0.108248271048069,6940,1.4061160714285725,1794,0.10939769446849823,2.174107142857143,0.10866259038448334,0.10930422693490982,0.10856103152036667,0.10892293602228165,0.1086236834526062,368.699462890625,0.10815078765153885,0.10792285203933716,0.10939769446849823,0.10826750099658966,0.7589285714285714,0.109375,0.10877091437578201,0.10865341871976852,0.1090654656291008,0.1092090979218483,2.1496603570774058,0.0,0.10830870270729065,0.10841887444257736,0.10854752361774445,0.2,0.7772219181060791,0.21052631578947367,1.5739967823028564,38,0.003239058,54,11,35,9,20.096652241051196,0.10872528702020645,0.12962962962962962,54,-0.0025035505587311492,0.22857142857142856,1e-05,0.6979356647003442,0.12500991821289062,0.1,0.8181818181818182,0.6666666666666666,0.0,13,0.6923076923076923,940
0.10885582119226456,0.2420091324200913,0.10969750583171844,96,0.10995626449584961,48,0.10989321023225784,568.16,0.11024724692106247,0.10904154926538467,0.10948473960161209,0.11020288616418839,0.11017971485853195,12582912,0.10925832390785217,6943,1.4049771689497725,1812,0.11024724692106247,2.228310502283105,0.10958951711654663,0.11005314439535141,0.10947270691394806,0.10987295210361481,0.10954473912715912,361.6845703125,0.10899291932582855,0.10885582119226456,0.11022942513227463,0.10930649936199188,0.7579908675799086,0.08333333333333333,0.10959607362747192,0.10948445647954941,0.10984539985656738,0.11012635380029678,2.1609310011176075,0.0,0.10920855402946472,0.10923334211111069,0.10947810858488083,0.2,0.800737738609314,0.034482758620689655,1.6529349088668823,29,0.003112523,53,18,42,14,19.886156648397446,0.10963406413793564,0.07142857142857142,56,-0.002083662942459341,0.19047619047619047,1e-05,0.6777740962570533,0.12167205810546874,0.1,0.8888888888888888,0.9285714285714286,0.0,12,0.5833333333333334,950
0.10971681028604507,0.2822966507177033,0.11055982112884521,97,0.11089866608381271,40,0.11074253916740417,634.17,0.11125573515892029,0.11008413881063461,0.11049766093492508,0.11111953109502792,0.11125143617391586,12713984,0.11010416597127914,6944,1.407444976076556,1830,0.11125573515892029,2.3014354066985647,0.11057674884796143,0.11101342737674713,0.11037611961364746,0.11077877134084702,0.1104692667722702,405.0362548828125,0.10989608615636826,0.10971681028604507,0.111232690513134,0.1103343665599823,0.7177033492822966,0.125,0.11049671471118927,0.11035751551389694,0.11077945679426193,0.11104926466941833,2.2284698799959646,0.0,0.11011500656604767,0.11016784608364105,0.11035572737455368,0.2,0.7719078660011292,0.12121212121212122,1.7216691970825195,33,0.0031764684,59,10,38,20,19.676151525974273,0.11056919395923615,0.09803921568627451,51,-0.0021650174384376442,0.15789473684210525,1e-05,0.7004563430324197,0.1187957763671875,0.1,0.9,0.85,0.0,17,0.7647058823529411,960
0.11070038378238678,0.2557077625570776,0.11155244708061218,98,0.11179246753454208,36,0.1117718368768692,604.45,0.11221374571323395,0.11093489825725555,0.11146896332502365,0.11210089921951294,0.1121654361486435,12845056,0.11106724292039871,6936,1.387378995433791,1851,0.11221374571323395,2.1187214611872145,0.11150713264942169,0.11195215582847595,0.11130465567111969,0.11173667013645172,0.11144573986530304,384.2021179199219,0.11075568944215775,0.11070038378238678,0.11214075982570648,0.11134351789951324,0.7442922374429224,0.16666666666666666,0.11147289723157883,0.11131301522254944,0.11179185658693314,0.11202846467494965,2.215665847353337,0.0,0.11098029464483261,0.1110585629940033,0.11128133535385132,0.2,0.8006550073623657,0.08571428571428572,1.5661237239837646,35,0.0032742817,56,11,41,11,19.463308991491793,0.11151523888111115,0.09523809523809523,63,-0.0024666989602337708,0.1951219512195122,1e-05,0.6347428731387481,0.126043701171875,0.1,0.9090909090909091,0.9090909090909091,0.0,22,0.5909090909090909,970
0.11163433641195297,0.2889908256880734,0.1124764010310173,99,0.11276999115943909,43,0.11268514394760132,635.03,0.11311302334070206,0.11184597760438919,0.11233055591583252,0.11295302212238312,0.11316365003585815,12976128,0.11196617037057877,6940,1.4006788990825703,1869,0.11316365003585815,1.8761467889908257,0.11251907050609589,0.11290197819471359,0.1123281717300415,0.11269519478082657,0.112357959151268,404.3984375,0.11169953644275665,0.11163433641195297,0.11299183964729309,0.11226166784763336,0.7110091743119266,0.11627906976744186,0.11243301630020142,0.11220245808362961,0.11268627643585205,0.11310053616762161,2.112197767386565,0.0,0.11187712848186493,0.11201319098472595,0.11218242347240448,0.2,0.792870283126831,0.21951219512195122,1.6011416912078857,41,0.0031702553,63,19,31,10,19.25332980155945,0.11244754493236542,0.09803921568627451,51,-0.0022837886645447726,0.2903225806451613,1e-05,0.6570926762418822,0.12433013916015626,0.1,1.0,0.8,0.0,23,0.34782608695652173,980
0.1125691682100296,0.29064039408866993,0.11344905942678452,100,0.11367323994636536,58,0.11364375799894333,632.9,0.11401393264532089,0.1127268448472023,0.11328247934579849,0.11395392566919327,0.11413843929767609,13107200,0.11283459514379501,6943,1.4045024630541885,1887,0.11413843929767609,2.29064039408867,0.11342041939496994,0.11389213055372238,0.1133408322930336,0.11360637098550797,0.11326419562101364,403.0919189453125,0.11265073716640472,0.1125691682100296,0.11391353607177734,0.11332905292510986,0.7093596059113301,0.10344827586206896,0.11336678266525269,0.11327016353607178,0.11369074881076813,0.11408302187919617,2.1208100205772866,0.0,0.11278757452964783,0.11295830458402634,0.11315026879310608,0.2,0.7824689149856567,0.19047619047619047,1.6366170644760132,21,0.0031989687,59,15,32,14,19.044089545309543,0.11340038478374481,0.17777777777777778,45,-0.002188819314687862,0.25,1e-05,0.6420075151603669,0.12159194946289062,0.1,0.8666666666666667,0.8571428571428571,0.0,18,0.4444444444444444,990
0.11343907564878464,0.28837209302325584,0.11446516215801239,101,0.11462869495153427,49,0.11467992514371872,615.84,0.11498354375362396,0.11377006024122238,0.11432603746652603,0.11493289470672607,0.1149808019399643,13238272,0.1138823851943016,6935,1.3958976744186058,1908,0.11498354375362396,2.130232558139535,0.11431660503149033,0.11492747068405151,0.1142381951212883,0.11457940191030502,0.11425437033176422,393.52581787109375,0.11364161223173141,0.11343907564878464,0.1148395761847496,0.11431524157524109,0.7116279069767442,0.1836734693877551,0.11435607820749283,0.114193394780159,0.11464935541152954,0.11492659151554108,2.1291916473013672,0.0,0.11367535591125488,0.11385835707187653,0.1140061542391777,0.2,0.7778291702270508,0.2972972972972973,1.5445855855941772,37,0.003268011,62,13,46,5,18.833244927227497,0.11435465514659882,0.12,50,-0.0023501188042246214,0.30434782608695654,1e-05,0.6506224058335647,0.1252288818359375,0.1,0.9230769230769231,0.8,0.0,15,0.4,1000
0.11443356424570084,0.27053140096618356,0.1153627336025238,102,0.1156478077173233,57,0.11566587537527084,608.89,0.11594083905220032,0.11476646363735199,0.11524900048971176,0.11583360284566879,0.11600913107395172,13369344,0.11476276814937592,6938,1.3977101449275369,1926,0.11600913107395172,2.1739130434782608,0.11529822647571564,0.11596272885799408,0.11529272794723511,0.1156000941991806,0.1151818111538887,390.5364074707031,0.11452557146549225,0.11443356424570084,0.11571381241083145,0.11529110372066498,0.7294685990338164,0.14035087719298245,0.11528000235557556,0.11514586955308914,0.11547921597957611,0.11591192334890366,2.239763896701299,0.0,0.1147192195057869,0.11491440236568451,0.11502555012702942,0.2,0.7769679427146912,0.2413793103448276,1.546358585357666,29,0.0032272916,56,15,37,8,18.623306703567504,0.11532057076692581,0.08888888888888889,45,-0.0023527911473138373,0.13513513513513514,1e-05,0.668724407395348,0.12185592651367187,0.1,0.9333333333333333,0.875,0.0,16,0.6875,1010
0.11541871726512909,0.2876712328767123,0.11631036549806595,103,0.1165367066860199,37,0.11656702309846878,605.03,0.11692081391811371,0.11568382382392883,0.11625070869922638,0.11689233034849167,0.1170307844877243,13500416,0.11570754647254944,6937,1.3766027397260285,1945,0.11703390628099442,2.228310502283105,0.11619706451892853,0.11703390628099442,0.11617141216993332,0.1165839210152626,0.11618991196155548,383.7992858886719,0.11552641540765762,0.11541871726512909,0.11663579940795898,0.11628003418445587,0.7123287671232876,0.10810810810810811,0.11631075292825699,0.11610971391201019,0.11655726283788681,0.11693308502435684,2.109825775660766,0.0,0.11557366698980331,0.1158689334988594,0.11603134870529175,0.2,0.8006670475006104,0.34375,1.6854177713394165,32,0.00320666,63,13,40,15,18.413544577360152,0.11629287898540497,0.1506849315068493,73,-0.002312811092224365,0.175,1e-05,0.6382638779003174,0.12112045288085938,0.1,0.9230769230769231,0.9333333333333333,0.0,9,0.4444444444444444,1020
0.11645954102277756,0.2608695652173913,0.11722397059202194,104,0.11757861077785492,44,0.11747011542320251,606.3,0.1179654598236084,0.11665849387645721,0.11726707220077515,0.1178685799241066,0.11804690957069397,13631488,0.11674357205629349,6930,1.4091207729468609,1966,0.11813030391931534,2.1256038647342996,0.11722489446401596,0.11813030391931534,0.11706458032131195,0.11759885400533676,0.11715403944253922,385.855224609375,0.11655179411172867,0.11645954102277756,0.11764206737279892,0.11740090698003769,0.7391304347826086,0.11363636363636363,0.11732767522335052,0.11699705570936203,0.11745023727416992,0.11794129759073257,2.1840068759600246,0.0,0.11656919121742249,0.11674953252077103,0.11698165535926819,0.2,0.7860603332519531,0.25,1.608542799949646,40,0.0032439837,54,9,40,8,18.20261397510767,0.11728265136480331,0.058823529411764705,51,-0.0024970259235033154,0.2,1e-05,0.661881051887758,0.1263641357421875,0.1,1.0,1.0,0.0,15,0.7333333333333333,1030
0.11740219593048096,0.24786324786324787,0.11822254955768585,105,0.11865436285734177,55,0.1184864416718483,593.45,0.11892358213663101,0.11761526018381119,0.11819292604923248,0.11889968812465668,0.11906174570322037,13762560,0.11778205633163452,6934,1.4046752136752145,1984,0.11906174570322037,2.158119658119658,0.1181994080543518,0.11905388534069061,0.1179819107055664,0.1184631958603859,0.11806576699018478,373.1155090332031,0.11748098582029343,0.11740219593048096,0.11866626888513565,0.11824681609869003,0.7521367521367521,0.10909090909090909,0.1183951199054718,0.11801882088184357,0.11835569143295288,0.11900828033685684,2.237876827613812,0.0,0.11752188950777054,0.1177247017621994,0.1179540678858757,0.2,0.7868430018424988,0.17647058823529413,1.5868659019470215,34,0.0030501464,58,13,45,6,17.993775844573975,0.11825510114431381,0.14516129032258066,62,-0.002011835732446343,0.24444444444444444,1e-05,0.6517803541151806,0.11387252807617188,0.1,0.9230769230769231,0.6666666666666666,0.0,19,0.5263157894736842,1040
0.11831898242235184,0.2376237623762376,0.11918239295482635,106,0.11966618150472641,42,0.11947488784790039,609.12,0.11989390105009079,0.11862638592720032,0.11916696280241013,0.12001410126686096,0.12011454999446869,13893632,0.118819460272789,6935,1.3881683168316845,2003,0.12011454999446869,2.1930693069306932,0.11928587406873703,0.11994696408510208,0.11902743577957153,0.11931835114955902,0.1190551370382309,384.6673889160156,0.11841530352830887,0.11831898242235184,0.11962860822677612,0.11926013976335526,0.7623762376237624,0.14285714285714285,0.11938852816820145,0.11888474971055984,0.11943678557872772,0.1199682429432869,2.252631507110775,0.0,0.11856717616319656,0.11868061870336533,0.11897715926170349,0.2,0.7878479361534119,0.15,1.505502700805664,40,0.0031295158,48,9,45,10,17.78592192083597,0.11924474686384201,0.05,40,-0.002225172121234209,0.2,1e-05,0.7150919334730134,0.11903228759765624,0.1,0.8888888888888888,0.9,0.0,16,0.5,1050
0.11942075192928314,0.2796610169491525,0.12022912502288818,107,0.1207558736205101,54,0.12059300392866135,621.75,0.12088613212108612,0.11970341950654984,0.12018461525440216,0.12105667591094971,0.12110549211502075,14024704,0.11980032175779343,6928,1.3961525423728824,2024,0.12110549211502075,2.1059322033898304,0.12034788727760315,0.12101549655199051,0.12007343024015427,0.12036019563674927,0.12014651298522949,395.6273193359375,0.1194654032588005,0.11942075192928314,0.12060703337192535,0.12031988054513931,0.7203389830508474,0.18518518518518517,0.12044889479875565,0.11990690231323242,0.12041524797677994,0.1210787296295166,2.1201318939276614,0.0,0.11957890540361404,0.11965559422969818,0.11996243894100189,0.2,0.779449462890625,0.17647058823529413,1.541559100151062,34,0.0032262062,66,17,37,10,17.572946336865424,0.12028472125530243,0.08571428571428572,70,-0.002622126259484503,0.24324324324324326,1e-05,0.6543017991818487,0.12119827270507813,0.1,0.8823529411764706,1.0,0.0,14,0.7142857142857143,1060
0.12045914679765701,0.2564102564102564,0.12112810462713242,108,0.12186795473098755,42,0.12163683772087097,633.76,0.12190872430801392,0.12076056748628616,0.12126746773719788,0.12216325849294662,0.12220095098018646,14155776,0.12075518071651459,6932,1.3994974358974372,2041,0.12220095098018646,2.1333333333333333,0.1214204803109169,0.1219596341252327,0.1210535317659378,0.12139124423265457,0.121079221367836,399.5430603027344,0.12046374380588531,0.12045914679765701,0.12162929773330688,0.12123517692089081,0.7435897435897436,0.14285714285714285,0.12138351798057556,0.1210133358836174,0.1214718148112297,0.12204907834529877,2.1199730832823946,0.0,0.12062696367502213,0.1206275075674057,0.12098638713359833,0.2,0.7816459536552429,0.1111111111111111,1.5615730285644531,27,0.0031114097,50,13,32,10,17.359581637382508,0.1213015764951706,0.09259259259259259,54,-0.0022586773634429846,0.1875,1e-05,0.7137868451885879,0.11592559814453125,0.1,0.9230769230769231,0.8,0.0,17,0.5882352941176471,1070
0.121453195810318,0.308411214953271,0.12214718014001846,109,0.12281133234500885,52,0.12263337522745132,629.11,0.1229509636759758,0.1218220591545105,0.12227599322795868,0.12329044193029404,0.12321921437978745,14286848,0.12182371318340302,6932,1.3957196261682254,2060,0.12329044193029404,2.032710280373832,0.12241525202989578,0.12311191111803055,0.12210845202207565,0.12245704978704453,0.12210489809513092,394.2739562988281,0.121453195810318,0.12149513512849808,0.12262247502803802,0.12239202111959457,0.6915887850467289,0.11538461538461539,0.12242003530263901,0.12205100059509277,0.12249676883220673,0.12295582890510559,2.177038405432866,0.0,0.12163970619440079,0.12169064581394196,0.12209866940975189,0.2,0.8090380430221558,0.16666666666666666,1.4842398166656494,42,0.003091277,66,18,36,11,17.14794992953539,0.12233948707580566,0.11627906976744186,43,-0.0021166658141737573,0.3333333333333333,1e-05,0.5694321707589551,0.1096038818359375,0.1,1.0,1.0,0.0,12,0.5833333333333334,1080
0.12248020619153976,0.26046511627906976,0.12325646728277206,110,0.12395475804805756,47,0.1237451359629631,617.03,0.1240164190530777,0.12287122756242752,0.12329018115997314,0.12438185513019562,0.12432558089494705,14417920,0.12291854619979858,6926,1.4056372093023266,2081,0.12438185513019562,2.1023255813953488,0.12345284223556519,0.12413977831602097,0.12315953522920609,0.12350350618362427,0.12319809198379517,389.9753112792969,0.1224936693906784,0.12248020619153976,0.12369734793901443,0.12344056367874146,0.7395348837209302,0.1276595744680851,0.12351425737142563,0.12306319922208786,0.12363251298666,0.12404519319534302,2.23178248946428,0.0,0.12258490920066833,0.12266033887863159,0.12305551022291183,0.2,0.7870989441871643,0.2727272727272727,1.4388427734375,33,0.0032176832,56,15,38,8,16.933589051663876,0.12339526414871216,0.08333333333333333,60,-0.002363598481133522,0.15789473684210525,1e-05,0.6298769682180136,0.11783828735351562,0.1,1.0,1.0,0.0,14,0.5,1090
0.12359635531902313,0.29245283018867924,0.12443073093891144,111,0.12493671476840973,41,0.12486176192760468,597.78,0.12510626018047333,0.1239745020866394,0.12436548620462418,0.12550683319568634,0.1254395842552185,14548992,0.12389986217021942,6930,1.3937830188679254,2099,0.12550683319568634,1.990566037735849,0.12444868683815002,0.1252579391002655,0.12420230358839035,0.1246013417840004,0.12413841485977173,374.964599609375,0.12360380589962006,0.12363018840551376,0.12479370087385178,0.12448897957801819,0.7075471698113207,0.1951219512195122,0.12457882612943649,0.12406329065561295,0.12458141148090363,0.12501057982444763,2.165560337415984,0.0,0.12359635531902313,0.12374525517225266,0.1240442767739296,0.2,0.7758128643035889,0.18604651162790697,1.410266399383545,43,0.0032452992,62,13,45,4,16.71989339143038,0.12445228546857834,0.15217391304347827,46,-0.002445197309134528,0.28888888888888886,1e-05,0.6513281743042171,0.12242584228515625,0.1,1.0,0.75,0.0,20,0.5,1100
0.12465206533670425,0.26146788990825687,0.12549413740634918,112,0.1260538399219513,57,0.12594732642173767,575.97,0.1261747181415558,0.1250125765800476,0.12538151443004608,0.1264619678258896,0.1263725459575653,14680064,0.12499412894248962,6931,1.404559633027524,2117,0.1264619678258896,2.2752293577981653,0.12551945447921753,0.1263103485107422,0.12528182566165924,0.12570235133171082,0.12527741491794586,364.64276123046875,0.12465206533670425,0.12467075884342194,0.12586365640163422,0.1254606992006302,0.7385321100917431,0.10526315789473684,0.12561307847499847,0.12507455050945282,0.12568089365959167,0.1261116862297058,2.1639146069719537,0.0,0.12474708259105682,0.12473735958337784,0.1251603215932846,0.2,0.7981470823287964,0.22580645161290322,1.5076119899749756,31,0.0031615607,57,11,40,13,16.50760347992182,0.12551024556159973,0.17777777777777778,45,-0.0023377603947665193,0.1,1e-05,0.6376027304213494,0.117401123046875,0.1,1.0,1.0,0.0,21,0.38095238095238093,1110
0.12554998695850372,0.26570048309178745,0.12657225131988525,113,0.1271059364080429,43,0.1270531862974167,633.62,0.12732037901878357,0.12609854340553284,0.12644261121749878,0.12763527035713196,0.12750743329524994,14811136,0.12599512934684753,6924,1.3877777777777789,2139,0.12763527035713196,2.236714975845411,0.1265295296907425,0.12728731334209442,0.1263739913702011,0.12657976150512695,0.1262759566307068,398.7730407714844,0.12554998695850372,0.12564194202423096,0.12695808708667755,0.1265888810157776,0.7342995169082126,0.13953488372093023,0.1266624480485916,0.12622277438640594,0.12673570215702057,0.12713445723056793,2.1676107963663758,0.0,0.12572552263736725,0.1257878839969635,0.1260935217142105,0.2,0.7927747964859009,0.0967741935483871,1.372115135192871,31,0.0031287791,55,12,37,16,16.298111985623837,0.12655514478683472,0.1,50,-0.00240570701444085,0.2702702702702703,1e-05,0.6488137117121369,0.1165374755859375,0.1,0.75,0.875,0.0,18,0.4444444444444444,1120
0.12665000557899475,0.28640776699029125,0.12769508361816406,114,0.12818273901939392,44,0.1280927062034607,599.84,0.12835583090782166,0.12718990445137024,0.1275111734867096,0.12879928946495056,0.12862439453601837,14942208,0.12702347338199615,6927,1.3879805825242728,2156,0.12879928946495056,2.1601941747572817,0.12764793634414673,0.1283939629793167,0.12751923501491547,0.1276625692844391,0.127258762717247,376.59320068359375,0.12665000557899475,0.12666773796081543,0.1280599683523178,0.1275673657655716,0.7135922330097088,0.11363636363636363,0.1277095526456833,0.12732598185539246,0.12775467336177826,0.1282770186662674,2.1600093868734263,0.0,0.12679065763950348,0.12694582343101501,0.12706761062145233,0.2,0.7936528921127319,0.2222222222222222,1.3573925495147705,27,0.0031464985,59,17,43,9,16.088392733037473,0.12763093411922455,0.10638297872340426,47,-0.0023364162950201715,0.23255813953488372,1e-05,0.6624431643402204,0.11894760131835938,0.1,0.8823529411764706,1.0,0.0,19,0.47368421052631576,1130
0.12770918011665344,0.2857142857142857,0.12878237664699554,115,0.12933188676834106,50,0.1292208880186081,666.49,0.1296396404504776,0.1282350718975067,0.12858043611049652,0.12972012162208557,0.12968836724758148,15073280,0.1281309425830841,6930,1.4021904761904769,2174,0.12972012162208557,2.3333333333333335,0.12863120436668396,0.12953920662403107,0.1285601109266281,0.1287696212530136,0.12835559248924255,421.24249267578125,0.12778480350971222,0.12770918011665344,0.12906260788440704,0.128663569688797,0.7142857142857143,0.1,0.12879911065101624,0.128473699092865,0.12886889278888702,0.12942463159561157,2.090228297355995,0.0,0.12790675461292267,0.12804073095321655,0.1281260848045349,0.2,0.7940226793289185,0.4666666666666667,1.4123809337615967,30,0.0031228762,60,11,47,9,15.876657934486866,0.12872181832790375,0.12727272727272726,55,-0.0023585867277233774,0.23404255319148937,1e-05,0.6361220899270847,0.1156768798828125,0.1,1.0,1.0,0.0,8,0.375,1140
0.12881869077682495,0.32160804020100503,0.12991811335086823,116,0.13048507273197174,35,0.13035407662391663,661.91,0.13066785037517548,0.12926822900772095,0.12960582971572876,0.13071085512638092,0.1306425929069519,15204352,0.12923260033130646,6923,1.4206633165829157,2196,0.13071085512638092,2.135678391959799,0.12980353832244873,0.13069532811641693,0.12961263954639435,0.12981624901294708,0.12948080897331238,416.8041076660156,0.12881869077682495,0.12889160215854645,0.13017134368419647,0.12980331480503082,0.678391959798995,0.2,0.1299384981393814,0.1295570582151413,0.12990935146808624,0.13054180145263672,2.1201992156069083,0.0,0.12894892692565918,0.12907497584819794,0.12924227118492126,0.2,0.7977297306060791,0.23333333333333334,1.34474778175354,30,0.0031145744,64,16,37,14,15.6648532114923,0.12980766594409943,0.0784313725490196,51,-0.0023011618152850135,0.21621621621621623,1e-05,0.5966851559933275,0.115997314453125,0.1,1.0,0.9285714285714286,0.0,16,0.5625,1150
0.12985798716545105,0.2857142857142857,0.13094466924667358,117,0.13166145980358124,47,0.13147832453250885,648.12,0.13182620704174042,0.13041824102401733,0.13071954250335693,0.13180065155029297,0.13179917633533478,15335424,0.13032054901123047,6926,1.390837438423646,2213,0.13182620704174042,2.147783251231527,0.1309245377779007,0.1317659616470337,0.13056913018226624,0.1309632807970047,0.1304354965686798,404.12164306640625,0.12985798716545105,0.12987631559371948,0.13129451870918274,0.1309070587158203,0.7142857142857143,0.14893617021276595,0.13106060028076172,0.13063308596611023,0.13112808763980865,0.1316327005624771,2.169247641683195,0.0,0.13001848757266998,0.1302807778120041,0.13032999634742737,0.2,0.7982346415519714,0.24324324324324326,1.3717705011367798,37,0.0031333836,58,12,40,8,15.454296450316907,0.1309058666229248,0.14583333333333334,48,-0.0023573456391204673,0.225,1e-05,0.5700402567861602,0.1175811767578125,0.1,0.8333333333333334,0.75,0.0,11,0.9090909090909091,1160
0.13099469244480133,0.30288461538461536,0.13205760717391968,118,0.13283684849739075,51,0.13259544968605042,648.97,0.1329001784324646,0.13146986067295074,0.13201163709163666,0.13286526501178741,0.13302922248840332,15466496,0.13140784204006195,6930,1.4040865384615395,2231,0.13302922248840332,1.9230769230769231,0.13192841410636902,0.13287761807441711,0.13177642226219177,0.13204742968082428,0.1313992291688919,407.84735107421875,0.1310485154390335,0.13099469244480133,0.13239747285842896,0.13202178478240967,0.6971153846153846,0.17647058823529413,0.1321946680545807,0.13178199529647827,0.13227158784866333,0.13275696337223053,2.078851070366484,0.0,0.1312408745288849,0.13142326474189758,0.13151217997074127,0.2,0.7863171100616455,0.2647058823529412,1.483757495880127,34,0.0031758808,63,20,30,7,15.24194711446762,0.13203386962413788,0.13043478260869565,46,-0.0023840471518269623,0.2,1e-05,0.6275642884662375,0.1168487548828125,0.1,1.0,1.0,0.0,20,0.3,1170
0.132059708237648,0.3,0.13318540155887604,119,0.1339193731546402,41,0.13378578424453735,586.88,0.13407830893993378,0.13266412913799286,0.13309696316719055,0.13407933712005615,0.13406063616275787,15597568,0.13257935643196106,6923,1.4019818181818193,2252,0.13407933712005615,2.0545454545454547,0.13313078880310059,0.13395273685455322,0.13290710747241974,0.1331382840871811,0.13269522786140442,369.63067626953125,0.13224759697914124,0.132059708237648,0.13343891501426697,0.13316482305526733,0.7,0.12195121951219512,0.1333749145269394,0.13296233117580414,0.13334842026233673,0.13390515744686127,2.102060165497737,0.0,0.13236983120441437,0.13250115513801575,0.13242819905281067,0.2,0.7875863313674927,0.26666666666666666,1.3494073152542114,30,0.0031814175,66,16,35,11,15.028413505852223,0.1331629753112793,0.047619047619047616,63,-0.002386911979101569,0.22857142857142856,1e-05,0.605928715527989,0.119183349609375,0.1,1.0,1.0,0.0,24,0.625,1180
0.13311463594436646,0.3015075376884422,0.13437208533287048,120,0.135170117020607,45,0.13497428596019745,657.25,0.13528485596179962,0.1337345987558365,0.13426294922828674,0.1352025717496872,0.1352713406085968,15728640,0.1336851865053177,6926,1.3865427135678399,2270,0.13528485596179962,2.14070351758794,0.13434070348739624,0.1350073367357254,0.13407333195209503,0.13432307541370392,0.1337464302778244,408.60894775390625,0.13347473740577698,0.13311463594436646,0.13459588587284088,0.13423596322536469,0.6984924623115578,0.17777777777777778,0.13452139496803284,0.13415314257144928,0.13459473848342896,0.13496002554893494,2.1302579419691776,0.0,0.13329820334911346,0.13371196389198303,0.1336095780134201,0.2,0.7863720059394836,0.21875,1.3234323263168335,32,0.003174332,60,18,38,12,14.814497686177493,0.13430875539779663,0.11627906976744186,43,-0.0023251137366059995,0.18421052631578946,1e-05,0.662422992195934,0.11638031005859376,0.1,0.9444444444444444,0.8333333333333334,0.0,11,0.5454545454545454,1190
0.13430283963680267,0.29464285714285715,0.13547180593013763,121,0.13623909652233124,60,0.1362299770116806,691.41,0.1363561749458313,0.13486085832118988,0.1354537308216095,0.1364402174949646,0.13636301457881927,15859712,0.13478538393974304,6928,1.4135089285714295,2289,0.1364402174949646,2.0625,0.13551272451877594,0.1361900269985199,0.13532954454421997,0.1354784518480301,0.13488858938217163,430.3960266113281,0.13459421694278717,0.13430283963680267,0.1357129067182541,0.13523562252521515,0.7053571428571429,0.1,0.13573475182056427,0.13519065082073212,0.13566835224628448,0.13613051176071167,2.113182324300493,0.0,0.13431206345558167,0.13480307161808014,0.13482633233070374,0.2,0.7802681922912598,0.18181818181818182,1.3088257312774658,33,0.0030777475,66,17,34,9,14.602866940200329,0.13544444739818573,0.1276595744680851,47,-0.00240359728400108,0.3235294117647059,1e-05,0.623829721682705,0.11075057983398437,0.1,0.8823529411764706,1.0,0.0,24,0.5416666666666666,1200
0.13534392416477203,0.2372093023255814,0.1366182118654251,122,0.1374642550945282,57,0.13742190599441528,563.44,0.13741382956504822,0.13608749210834503,0.13643774390220642,0.13749341666698456,0.13754138350486755,15990784,0.13585366308689117,6921,1.3964930232558148,2310,0.13754138350486755,2.2,0.1366310864686966,0.13735400140285492,0.1363902986049652,0.13662156462669373,0.13593046367168427,349.7343444824219,0.13565543293952942,0.13534392416477203,0.13685579597949982,0.13640189170837402,0.7627906976744186,0.12280701754385964,0.13685128092765808,0.13630177080631256,0.13688884675502777,0.13729068636894226,2.165777369838564,0.0,0.13543103635311127,0.13601233065128326,0.1360374540090561,0.2,0.7888714671134949,0.2571428571428571,1.4563658237457275,35,0.0031332434,51,10,36,10,14.39413417056203,0.1365731954574585,0.058823529411764705,51,-0.0024339867925846194,0.25,1e-05,0.6726419082144275,0.11555099487304688,0.1,1.0,0.9,0.0,16,0.25,1210
0.13636228442192078,0.29523809523809524,0.13772690296173096,123,0.13856840133666992,43,0.1385655403137207,580.94,0.1385493129491806,0.13723210990428925,0.13755583763122559,0.13873928785324097,0.1387065052986145,16121856,0.1370130032300949,6924,1.398714285714287,2328,0.13873928785324097,2.2095238095238097,0.13785962760448456,0.1386127471923828,0.13749882578849792,0.13781172037124634,0.13700835406780243,364.9962158203125,0.1369657665491104,0.13636228442192078,0.13789349794387817,0.1376020461320877,0.7047619047619048,0.11627906976744186,0.13811790943145752,0.13742516934871674,0.13793635368347168,0.1385139673948288,2.1843318159738168,0.0,0.13652293384075165,0.13719122111797333,0.1371828317642212,0.2,0.7764776945114136,0.3,1.4139375686645508,30,0.0030491704,62,11,40,10,14.18455114737153,0.13772650063037872,0.11666666666666667,60,-0.0021880556404084927,0.4,1e-05,0.6881040625507012,0.11175613403320313,0.1,0.8181818181818182,0.9,0.0,16,0.4375,1220
0.13754159212112427,0.27102803738317754,0.1390184611082077,124,0.13974107801914215,55,0.1396401971578598,607.97,0.13971227407455444,0.13835054636001587,0.1386926919221878,0.13993901014328003,0.1399170607328415,16252928,0.1382996141910553,6927,1.395429906542057,2346,0.13993901014328003,2.2336448598130842,0.13898393511772156,0.13981284201145172,0.13878761231899261,0.13910381495952606,0.1383168250322342,376.3829040527344,0.1381273865699768,0.13754159212112427,0.1391347050666809,0.1388276070356369,0.7289719626168224,0.2727272727272727,0.1392461359500885,0.13859683275222778,0.13924497365951538,0.1396084576845169,2.1354703952467347,0.0,0.1376413106918335,0.13845494389533997,0.1383562982082367,0.2,0.7795565128326416,0.13333333333333333,1.3439805507659912,30,0.0031553276,58,14,47,6,13.971276678144932,0.13892383873462677,0.10638297872340426,47,-0.0023831649948533595,0.23404255319148937,1e-05,0.6614525264129043,0.110870361328125,0.1,1.0,0.6666666666666666,0.0,15,0.3333333333333333,1230
0.13867171108722687,0.3088235294117647,0.14016613364219666,125,0.14088042080402374,43,0.14077883958816528,614.0,0.14092804491519928,0.13944381475448608,0.13983623683452606,0.1411207765340805,0.14117500185966492,16384000,0.13947142660617828,6921,1.3873137254901968,2367,0.14117500185966492,2.0441176470588234,0.1400265246629715,0.14102306962013245,0.13992886245250702,0.14023716747760773,0.13953472673892975,379.86968994140625,0.13932453095912933,0.13867171108722687,0.14028476178646088,0.14004984498023987,0.6911764705882353,0.06976744186046512,0.14021199941635132,0.13972824811935425,0.14046558737754822,0.1408356875181198,2.1184254358653867,0.0,0.13886922597885132,0.1395634263753891,0.13951817154884338,0.2,0.7935169339179993,0.2647058823529412,1.1824872493743896,34,0.0031008783,63,11,27,12,13.759403855353593,0.14008298516273499,0.2037037037037037,54,-0.0024427537401152223,0.25925925925925924,1e-05,0.6387080398388207,0.11536331176757812,0.1,1.0,0.8333333333333334,0.0,23,0.5217391304347826,1240
0.13981494307518005,0.2679425837320574,0.14135701954364777,126,0.1421579122543335,54,0.14189335703849792,595.69,0.14214009046554565,0.14075693488121033,0.140943244099617,0.1423472911119461,0.1424109786748886,16515072,0.14049603044986725,6924,1.4125550239234461,2384,0.1424109786748886,2.1435406698564594,0.14117950201034546,0.1422671675682068,0.14117570221424103,0.14137491583824158,0.14065951108932495,372.5409851074219,0.14056479930877686,0.13981494307518005,0.14161992073059082,0.14120517671108246,0.7320574162679426,0.09259259259259259,0.14142891764640808,0.14094434678554535,0.14165203273296356,0.14202430844306946,2.118878960799082,0.0,0.14005285501480103,0.1407606154680252,0.1407155692577362,0.2,0.7829926609992981,0.1875,1.460337519645691,32,0.003109605,56,13,39,7,13.549114018678665,0.1412777304649353,0.11363636363636363,44,-0.002276200868982414,0.23076923076923078,1e-05,0.6083812196971848,0.11260910034179687,0.1,0.9230769230769231,1.0,0.0,20,0.6,1250
0.14105376601219177,0.3194444444444444,0.14245717227458954,127,0.1433631330728531,59,0.14316777884960175,679.02,0.14334438741207123,0.1419811099767685,0.14216594398021698,0.14353077113628387,0.14369677007198334,16646144,0.14176863431930542,6925,1.410500000000001,2403,0.14369677007198334,2.314814814814815,0.1423700898885727,0.14354674518108368,0.14233055710792542,0.14256058633327484,0.14195892214775085,421.2110900878906,0.1418217271566391,0.14105376601219177,0.14262479543685913,0.14235834777355194,0.6805555555555556,0.15254237288135594,0.14248907566070557,0.14218220114707947,0.14295096695423126,0.14308549463748932,2.1058586379861968,0.0,0.14127576351165771,0.1418679654598236,0.1420096755027771,0.2,0.7850068807601929,0.34782608695652173,1.2886850833892822,23,0.0031971482,69,12,34,13,13.337211748212576,0.14247851073741913,0.1694915254237288,59,-0.0023246838127306546,0.23529411764705882,1e-05,0.6372971697943285,0.1167388916015625,0.1,1.0,0.8461538461538461,0.0,16,0.6875,1260
0.14229650795459747,0.3333333333333333,0.14365188777446747,128,0.1444590836763382,34,0.14430062472820282,678.63,0.1445799469947815,0.14326539635658264,0.14331009984016418,0.14474286139011383,0.14492997527122498,16777216,0.14298562705516815,6920,1.4016296296296307,2424,0.14492997527122498,2.074074074074074,0.14373746514320374,0.14473408460617065,0.1435512900352478,0.1438578963279724,0.14310629665851593,426.0577392578125,0.1430373191833496,0.14229650795459747,0.1438070386648178,0.14360152184963226,0.6666666666666666,0.14705882352941177,0.14377114176750183,0.14338304102420807,0.144296333193779,0.1442786604166031,2.178664176748269,0.0,0.1424127221107483,0.14311890304088593,0.14316710829734802,0.2,0.7911390066146851,0.3142857142857143,1.2449257373809814,35,0.0031131136,63,12,37,9,13.12550516873598,0.14369530975818634,0.1702127659574468,47,-0.002446187500299857,0.32432432432432434,1e-05,0.599426939454861,0.1142913818359375,0.1,1.0,0.6666666666666666,0.0,15,0.6,1270
0.14348424971103668,0.3532110091743119,0.14490723609924316,129,0.14565709233283997,46,0.1454436033964157,649.83,0.1457652747631073,0.14451472461223602,0.14440695941448212,0.14612314105033875,0.14617563784122467,16908288,0.14425985515117645,6922,1.4115045871559642,2442,0.14617563784122467,2.1009174311926606,0.14507414400577545,0.1460493803024292,0.14472799003124237,0.14507262408733368,0.14437007904052734,402.924072265625,0.1443091630935669,0.14348424971103668,0.14504781365394592,0.1447862982749939,0.6467889908256881,0.17391304347826086,0.14486458897590637,0.14467670023441315,0.14560909569263458,0.14560683071613312,2.1682913605001235,0.0,0.14353995025157928,0.14424742758274078,0.1444701850414276,0.2,0.7769548892974854,0.3103448275862069,1.3557121753692627,29,0.0031418684,77,15,34,12,12.91205376163125,0.14492760598659515,0.14035087719298245,57,-0.002372216847834352,0.3235294117647059,1e-05,0.5743823700817302,0.11391143798828125,0.1,0.9333333333333333,0.9166666666666666,0.0,25,0.64,1280
0.14476512372493744,0.275,0.14615339040756226,130,0.14672425389289856,38,0.14678625762462616,606.66,0.14705441892147064,0.14571814239025116,0.14558930695056915,0.14718256890773773,0.14734211564064026,17039360,0.14538869261741638,6923,1.406270000000001,2460,0.14734211564064026,2.525,0.14623141288757324,0.1472979336977005,0.14598818123340607,0.1463048905134201,0.14550182223320007,374.3021545410156,0.14531897008419037,0.14480844140052795,0.1462886929512024,0.14585086703300476,0.725,0.10526315789473684,0.14598973095417023,0.14596323668956757,0.14688706398010254,0.14676176011562347,2.219713495865755,0.0,0.14476512372493744,0.1454268842935562,0.14564500749111176,0.2,0.7886881232261658,0.23529411764705882,1.2248234748840332,17,0.0030192735,55,13,58,11,12.703959699720144,0.14611876010894775,0.1111111111111111,54,-0.002128683761020511,0.25862068965517243,1e-05,0.6199165512109175,0.10939712524414062,0.1,0.8461538461538461,0.8181818181818182,0.0,9,0.6666666666666666,1290
0.1457829773426056,0.3681592039800995,0.14735747873783112,131,0.14803387224674225,57,0.14794105291366577,683.07,0.1482231765985489,0.1469288319349289,0.1469455510377884,0.14847122132778168,0.14880961179733276,17170432,0.1465160846710205,6918,1.4038407960199017,2481,0.14880961179733276,2.2487562189054726,0.14763584733009338,0.14858119189739227,0.1472339928150177,0.14743880927562714,0.1467224657535553,419.5329284667969,0.14640502631664276,0.14603345096111298,0.14748474955558777,0.14712278544902802,0.6318407960199005,0.22807017543859648,0.14719367027282715,0.14716561138629913,0.14809152483940125,0.14808903634548187,2.105771601829507,0.0,0.1457829773426056,0.1466955840587616,0.14682899415493011,0.2,0.7888665795326233,0.24,1.2929396629333496,25,0.003095478,74,16,37,9,12.495867396146059,0.1473492980003357,0.2553191489361702,47,-0.0025542054054767506,0.32432432432432434,1e-05,0.6399706548079849,0.11459121704101563,0.1,0.875,1.0,0.0,10,0.8,1300
0.14696800708770752,0.3532608695652174,0.14857111871242523,132,0.14920392632484436,43,0.1491526961326599,709.13,0.14947189390659332,0.14822715520858765,0.1481010615825653,0.14980028569698334,0.1500827968120575,17301504,0.1478775590658188,6921,1.394978260869566,2499,0.1500827968120575,2.407608695652174,0.14891724288463593,0.1499299854040146,0.14852158725261688,0.1487480252981186,0.14800794422626495,437.52972412109375,0.14775098860263824,0.14724686741828918,0.14862002432346344,0.14828337728977203,0.6467391304347826,0.20930232558139536,0.14836637675762177,0.14853249490261078,0.14936769008636475,0.1493218094110489,2.163583317893443,0.0,0.14696800708770752,0.14789168536663055,0.14811792969703674,0.2,0.7822439670562744,0.25,1.0105432271957397,20,0.0031594024,65,10,34,17,12.285456763207913,0.14860321581363678,0.18604651162790697,43,-0.0025316825845948187,0.29411764705882354,1e-05,0.5846883782884106,0.11961593627929687,0.1,0.9,0.8823529411764706,0.0,17,0.5294117647058824,1310
0.14825434982776642,0.37142857142857144,0.1498951017856598,133,0.15050192177295685,37,0.15047095715999603,679.74,0.1508549004793167,0.14950914680957794,0.14932884275913239,0.15086477994918823,0.15133829414844513,17432576,0.14917822182178497,6921,1.4033333333333344,2518,0.15133829414844513,2.176190476190476,0.1502506583929062,0.15110334753990173,0.14973005652427673,0.15003179013729095,0.1493038684129715,422.9581298828125,0.149043470621109,0.1484992355108261,0.149913489818573,0.1495903581380844,0.6285714285714286,0.13513513513513514,0.149607315659523,0.14965087175369263,0.15055055916309357,0.15050645172595978,2.1250632073497706,0.0,0.14825434982776642,0.14911077916622162,0.14935654401779175,0.2,0.771277904510498,0.1891891891891892,1.1291847229003906,37,0.0031784405,78,14,43,16,12.07466934248805,0.1498578041791916,0.26666666666666666,45,-0.002566756384430846,0.27906976744186046,1e-05,0.5425836823415011,0.1169921875,0.1,1.0,0.9375,0.0,18,0.7222222222222222,1320
0.14946165680885315,0.25225225225225223,0.15127848088741302,134,0.15188217163085938,49,0.15169641375541687,611.7,0.15210917592048645,0.1507263332605362,0.15053926408290863,0.15227247774600983,0.15260642766952515,17563648,0.15039759874343872,6916,1.3968738738738748,2539,0.15260642766952515,2.175675675675676,0.1515207439661026,0.1523827314376831,0.15085159242153168,0.151460662484169,0.15054064989089966,380.8752746582031,0.1503717303276062,0.14962276816368103,0.15119561553001404,0.1509537547826767,0.7477477477477478,0.08163265306122448,0.15083476901054382,0.15096426010131836,0.1518750786781311,0.15177710354328156,2.1716212846289067,0.0,0.14946165680885315,0.15032222867012024,0.1506797969341278,0.2,0.7910159826278687,0.23333333333333334,1.089547872543335,30,0.0031569274,56,14,37,12,11.863503127545119,0.15113294124603271,0.12903225806451613,62,-0.0024895130129152674,0.16216216216216217,1e-05,0.5893585880752653,0.11459274291992187,0.1,0.7857142857142857,0.8333333333333334,0.0,18,0.5555555555555556,1330
0.15080448985099792,0.34328358208955223,0.15249958634376526,135,0.15313705801963806,42,0.15305623412132263,669.05,0.1534099131822586,0.15184181928634644,0.15175743401050568,0.1535901129245758,0.1538805067539215,17694720,0.15169426798820496,6919,1.3992935323383098,2557,0.1538805067539215,2.1393034825870645,0.15289729833602905,0.1536351889371872,0.1521204113960266,0.1527027040719986,0.1517655998468399,411.9871826171875,0.1516522765159607,0.15091939270496368,0.15236328542232513,0.15226472914218903,0.6567164179104478,0.11904761904761904,0.15209071338176727,0.15227408707141876,0.15321050584316254,0.15298433601856232,2.0995337266962695,0.0,0.15080448985099792,0.15172775089740753,0.15201392769813538,0.2,0.7973126173019409,0.32,1.1875505447387695,25,0.0031483024,69,17,38,10,11.652234194427729,0.15241174399852753,0.08,50,-0.0023872239270076533,0.39473684210526316,1e-05,0.6640536714112386,0.11263275146484375,0.1,0.9411764705882353,1.0,0.0,19,0.5789473684210527,1340
0.15215280652046204,0.2955665024630542,0.1537681519985199,136,0.15417897701263428,52,0.1543673723936081,661.61,0.1545817106962204,0.15319831669330597,0.15301771461963654,0.15506094694137573,0.15508967638015747,17825792,0.15294688940048218,6921,1.4074876847290647,2575,0.15508967638015747,1.9852216748768472,0.1541779786348343,0.15493106842041016,0.1534910947084427,0.1540370136499405,0.15297333896160126,405.25323486328125,0.15294869244098663,0.1523081660270691,0.15357743203639984,0.15352532267570496,0.7044334975369458,0.09615384615384616,0.15333911776542664,0.15355677902698517,0.15456631779670715,0.15435157716274261,2.195542869358894,0.0,0.15215280652046204,0.1530124396085739,0.1533133089542389,0.2,0.7862477898597717,0.22857142857142856,1.2175636291503906,35,0.0031233842,60,19,29,10,11.441446322202683,0.1536988765001297,0.21428571428571427,42,-0.002423692240972741,0.06896551724137931,1e-05,0.6102707390906289,0.11447525024414062,0.1,0.9473684210526315,0.7,0.0,16,0.6875,1350
0.15337230265140533,0.27906976744186046,0.15497542917728424,137,0.1553308516740799,43,0.15563061833381653,622.45,0.15585118532180786,0.15468648076057434,0.15432246029376984,0.15631544589996338,0.1564432978630066,17956864,0.15428288280963898,6916,1.4052372093023269,2596,0.1564432978630066,2.13953488372093,0.15547941625118256,0.1562577337026596,0.1548050194978714,0.15530334413051605,0.15445208549499512,384.0834045410156,0.15426649153232574,0.15372884273529053,0.15487609803676605,0.15474101901054382,0.7209302325581395,0.11627906976744186,0.15483300387859344,0.1548311561346054,0.15575112402439117,0.155634805560112,2.1587247389682767,0.0,0.15337230265140533,0.1542188674211502,0.15460145473480225,0.2,0.7772032022476196,0.18181818181818182,1.2554025650024414,33,0.003095143,60,11,42,5,11.23134031444788,0.15499965846538544,0.17647058823529413,68,-0.0023966928343725157,0.2857142857142857,1e-05,0.6459719204576686,0.112060546875,0.1,1.0,1.0,0.0,13,0.6923076923076923,1360
0.15457357466220856,0.29797979797979796,0.1564917415380478,138,0.15669064223766327,43,0.15696504712104797,620.4,0.15705318748950958,0.1559644192457199,0.15558217465877533,0.15757566690444946,0.15787222981452942,18087936,0.15549661219120026,6919,1.409818181818183,2614,0.15787222981452942,2.1565656565656566,0.1568412035703659,0.15767358243465424,0.15603691339492798,0.15669995546340942,0.15566030144691467,381.8212585449219,0.15554039180278778,0.1549881398677826,0.15620003640651703,0.15616025030612946,0.702020202020202,0.06976744186046512,0.15606996417045593,0.15604090690612793,0.1571953296661377,0.15707536041736603,2.2163367490136636,0.0,0.15457357466220856,0.15561749041080475,0.15583091974258423,0.2,0.7897102236747742,0.2727272727272727,1.2370038032531738,33,0.003058534,59,10,31,13,11.020065367221832,0.1563158482313156,0.0784313725490196,51,-0.0024435793852717325,0.3225806451612903,1e-05,0.676464159693569,0.11091766357421876,0.1,0.9,0.9230769230769231,0.0,17,0.7058823529411765,1370
0.15591086447238922,0.29017857142857145,0.15789414942264557,139,0.15801440179347992,53,0.15831652283668518,603.04,0.15845656394958496,0.1572808027267456,0.1569298356771469,0.15890972316265106,0.15915720164775848,18219008,0.1568659096956253,6921,1.412517857142858,2632,0.15915720164775848,2.2142857142857144,0.15818747878074646,0.1589803248643875,0.1572117656469345,0.15804423391819,0.15679368376731873,373.4096984863281,0.15688149631023407,0.1563389152288437,0.15744534134864807,0.15755921602249146,0.7098214285714286,0.2830188679245283,0.15735246241092682,0.15738852322101593,0.15861822664737701,0.15847064554691315,2.1517456208581156,0.0,0.15591086447238922,0.15703226625919342,0.15712715685367584,0.2,0.7892976999282837,0.26666666666666666,1.2296726703643799,30,0.0031146344,65,15,42,9,10.808290146291256,0.15764670073986053,0.09375,64,-0.0025282509653152376,0.14285714285714285,1e-05,0.6064664282603189,0.11346588134765626,0.1,1.0,1.0,0.0,11,0.5454545454545454,1380
0.15724524855613708,0.3298429319371728,0.15945106744766235,140,0.15939171612262726,35,0.1596568524837494,651.04,0.15977340936660767,0.1585361808538437,0.15835419297218323,0.16035793721675873,0.16048935055732727,18350080,0.15823893249034882,6916,1.3975706806282733,2653,0.16048935055732727,1.9947643979057592,0.15958887338638306,0.16030173003673553,0.1585901528596878,0.15922510623931885,0.15818741917610168,398.5839538574219,0.15830057859420776,0.15769030153751373,0.15892745554447174,0.15888918936252594,0.6701570680628273,0.14285714285714285,0.15864339470863342,0.15876393020153046,0.15988633036613464,0.15977835655212402,1.9965721331233928,0.0,0.15724524855613708,0.15824085474014282,0.1584291160106659,0.2,0.7802334427833557,0.36666666666666664,1.1889653205871582,30,0.003170311,63,19,36,8,10.595427085459232,0.15899749100208282,0.08333333333333333,48,-0.0025407401274605947,0.25,1e-05,0.6302687884308398,0.11386795043945312,0.1,0.8421052631578947,1.0,0.0,15,0.6666666666666666,1390
0.1585574746131897,0.3076923076923077,0.16074399650096893,141,0.16070514917373657,48,0.16094057261943817,683.27,0.1610211879014969,0.15981535613536835,0.15956369042396545,0.16188283264636993,0.16188734769821167,18481152,0.15963084995746613,6918,1.4096057692307702,2671,0.16188734769821167,2.0,0.1608489602804184,0.1617431938648224,0.1599990874528885,0.1605255901813507,0.15961657464504242,413.0390930175781,0.15962755680084229,0.15899552404880524,0.16027504205703735,0.16010770201683044,0.6923076923076923,0.14583333333333334,0.15989500284194946,0.16005384922027588,0.16127647459506989,0.16120077669620514,2.087735650200136,0.0,0.1585574746131897,0.15959197282791138,0.15976396203041077,0.2,0.8108999729156494,0.2647058823529412,1.1844127178192139,34,0.0031242243,64,15,30,8,10.384960346668958,0.16033081710338593,0.1111111111111111,54,-0.0024570577217673415,0.4666666666666667,1e-05,0.5383119313511997,0.11175384521484374,0.1,0.7333333333333333,0.75,0.0,19,0.5789473684210527,1400
0.15996648371219635,0.2964824120603015,0.16210027039051056,142,0.16214965283870697,46,0.16218112409114838,640.19,0.16233618557453156,0.16126923263072968,0.16090044379234314,0.16317161917686462,0.16325150430202484,18612224,0.16098694503307343,6921,1.40419095477387,2688,0.16325150430202484,2.2110552763819094,0.16226337850093842,0.16323807835578918,0.1614433079957962,0.1620258241891861,0.1608033925294876,391.1763610839844,0.16112343966960907,0.1603386551141739,0.16178928315639496,0.16142451763153076,0.7035175879396985,0.1956521739130435,0.16134223341941833,0.16150064766407013,0.16264042258262634,0.1624755710363388,2.1076199787776897,0.0,0.15996648371219635,0.16108553111553192,0.16113118827342987,0.2,0.7843925356864929,0.17391304347826086,1.1430795192718506,23,0.0031473055,59,15,40,9,10.172519111633301,0.16171754896640778,0.08695652173913043,46,-0.002512421968822309,0.2,1e-05,0.6331741600530222,0.1150665283203125,0.1,1.0,0.7777777777777778,0.0,20,0.6,1410
0.1613011658191681,0.3480392156862745,0.1634109914302826,143,0.16341765224933624,50,0.16342860460281372,646.58,0.16371476650238037,0.1625857800245285,0.16238698363304138,0.16455018520355225,0.1646656095981598,18743296,0.16224227845668793,6915,1.3948823529411778,2710,0.1646656095981598,2.122549019607843,0.16350820660591125,0.16465793550014496,0.16286680102348328,0.16343748569488525,0.16202819347381592,396.859375,0.16271202266216278,0.16185350716114044,0.16309772431850433,0.16281664371490479,0.6519607843137255,0.22,0.16282176971435547,0.16289518773555756,0.16407878696918488,0.16404148936271667,2.109036060431048,0.0,0.1613011658191681,0.16239939630031586,0.16246113181114197,0.2,0.7847905158996582,0.26666666666666666,0.9873007535934448,30,0.0030462288,71,19,31,14,9.95959685370326,0.16309520602226257,0.08333333333333333,48,-0.0024846921443440807,0.3870967741935484,1e-05,0.5818444638745859,0.10929489135742188,0.1,1.0,0.7142857142857143,0.0,12,0.5833333333333334,1420
0.16286635398864746,0.2814070351758794,0.16479408740997314,144,0.16476531326770782,35,0.1649828851222992,673.23,0.16521386802196503,0.16405154764652252,0.1637403964996338,0.1659599095582962,0.16603600978851318,18874368,0.16369514167308807,6918,1.4070753768844229,2728,0.16603600978851318,2.0653266331658293,0.16480395197868347,0.1659628450870514,0.16422304511070251,0.16484859585762024,0.1632087230682373,409.0356140136719,0.16404086351394653,0.16318461298942566,0.16456523537635803,0.16418978571891785,0.7185929648241206,0.11428571428571428,0.1641535609960556,0.16428937017917633,0.16549064218997955,0.16538095474243164,2.108794694156249,0.0,0.16286635398864746,0.16397875547409058,0.16369490325450897,0.2,0.7751645445823669,0.21875,0.9907910823822021,32,0.0032183472,56,16,37,10,9.74664752408862,0.16448484361171722,0.12727272727272726,55,-0.0027205102679545234,0.1891891891891892,1e-05,0.6173915081191808,0.11684951782226563,0.1,0.9375,0.9,0.0,14,0.5,1430
0.16405367851257324,0.31958762886597936,0.16621243953704834,145,0.16620558500289917,48,0.16632632911205292,649.43,0.16677799820899963,0.16546285152435303,0.16533371806144714,0.16740813851356506,0.16761305928230286,19005440,0.16506192088127136,6919,1.399432989690723,2746,0.16761305928230286,2.3195876288659796,0.16646897792816162,0.1673838347196579,0.16562272608280182,0.16612619161605835,0.16476061940193176,397.539794921875,0.16552425920963287,0.1645389050245285,0.16576124727725983,0.16547639667987823,0.6804123711340206,0.16666666666666666,0.16567178070545197,0.1658097356557846,0.1669132560491562,0.16669954359531403,2.1223098502948137,0.0,0.16405367851257324,0.16510330140590668,0.1650494635105133,0.2,0.7993172407150269,0.34782608695652173,1.0816655158996582,23,0.0031087515,62,14,37,14,9.534652180969715,0.16589464247226715,0.045454545454545456,44,-0.0027427511628047795,0.32432432432432434,1e-05,0.5742730142781511,0.1124847412109375,0.1,0.9285714285714286,0.8571428571428571,0.0,14,0.5,1440
0.16536347568035126,0.32524271844660196,0.16765640676021576,146,0.16761080920696259,35,0.1678067147731781,633.84,0.1683339774608612,0.16693398356437683,0.1667269915342331,0.1687392145395279,0.16901355981826782,19136512,0.1664387583732605,6914,1.4041067961165061,2767,0.16901355981826782,2.0728155339805827,0.16786988079547882,0.16887271404266357,0.16703258454799652,0.16747187077999115,0.16616663336753845,390.9231262207031,0.16685563325881958,0.16606760025024414,0.16725338995456696,0.16690044105052948,0.6747572815533981,0.17142857142857143,0.16723990440368652,0.1672147661447525,0.16837017238140106,0.16814124584197998,2.1430328945071593,0.0,0.16536347568035126,0.16647599637508392,0.1663544476032257,0.2,0.7895898222923279,0.13157894736842105,1.097466230392456,38,0.003135469,67,17,40,14,9.320902213454247,0.1673164814710617,0.1702127659574468,47,-0.002397907109480002,0.275,1e-05,0.5809525951044634,0.11394805908203125,0.1,0.9411764705882353,0.9285714285714286,0.0,15,0.5333333333333333,1450
0.16665031015872955,0.3251231527093596,0.16906510293483734,147,0.1691480576992035,40,0.169123113155365,630.33,0.16981618106365204,0.16832204163074493,0.168101504445076,0.1700229048728943,0.17043763399124146,19267584,0.1678161323070526,6916,1.4183349753694592,2785,0.17051030695438385,2.1527093596059115,0.16933947801589966,0.17051030695438385,0.1684531271457672,0.1689896136522293,0.16766324639320374,383.02471923828125,0.16814784705638885,0.16746827960014343,0.16874346137046814,0.16856162250041962,0.6748768472906403,0.05,0.16870048642158508,0.16861315071582794,0.16974177956581116,0.16956853866577148,2.1146199725941788,0.0,0.16665031015872955,0.16789059340953827,0.1678715944290161,0.2,0.7990116477012634,0.34285714285714286,1.0378785133361816,35,0.0031062705,66,14,38,16,9.107645930349827,0.16875062882900238,0.1282051282051282,39,-0.002715079474455706,0.18421052631578946,1e-05,0.6072637714678422,0.11385345458984375,0.1,1.0,1.0,0.0,21,0.47619047619047616,1460
0.1679852455854416,0.3802083333333333,0.17066408693790436,148,0.17064547538757324,44,0.17061325907707214,654.63,0.17126472294330597,0.16963863372802734,0.16962137818336487,0.1713901162147522,0.17198379337787628,19398656,0.16925963759422302,6919,1.4059166666666678,2803,0.17198379337787628,2.015625,0.1706535816192627,0.17192932963371277,0.16985869407653809,0.17056159675121307,0.16899731755256653,397.1243896484375,0.1696583479642868,0.1690659523010254,0.17016668617725372,0.17002137005329132,0.6197916666666666,0.11363636363636363,0.17010580003261566,0.17013433575630188,0.17109854519367218,0.1710953265428543,2.0736969938642895,0.0,0.1679852455854416,0.16941861808300018,0.16939210891723633,0.2,0.8038086295127869,0.3548387096774194,0.9486701488494873,31,0.0030233297,73,17,27,13,8.8934116974473,0.17020894587039948,0.10256410256410256,39,-0.002562534791468352,0.48148148148148145,1e-05,0.5648999982047826,0.10704574584960938,0.1,0.8235294117647058,0.8461538461538461,0.0,21,0.7142857142857143,1470
0.16950689256191254,0.3829787234042553,0.17205579578876495,149,0.17200078070163727,29,0.17205645143985748,717.97,0.17266446352005005,0.17107750475406647,0.17110328376293182,0.17300596833229065,0.17353978753089905,19529728,0.17077475786209106,6913,1.4401808510638312,2824,0.17353978753089905,2.154255319148936,0.17211581766605377,0.17344975471496582,0.1713249385356903,0.17209087312221527,0.17020472884178162,442.5950012207031,0.1710984706878662,0.17041605710983276,0.17153525352478027,0.17148415744304657,0.6170212765957447,0.3103448275862069,0.17152713239192963,0.17148444056510925,0.17272436618804932,0.1727362722158432,2.0671650211968844,0.0,0.16950689256191254,0.1709257811307907,0.17076092958450317,0.2,0.7976386547088623,0.2727272727272727,0.9864742755889893,22,0.003211136,72,16,29,16,8.679258988052606,0.17166657745838165,0.16129032258064516,62,-0.0027737814981719567,0.27586206896551724,1e-05,0.5493401685496793,0.11595993041992188,0.1,0.9375,0.8125,0.0,14,0.7857142857142857,1480
0.17102620005607605,0.34183673469387754,0.17366227507591248,150,0.17344574630260468,50,0.17354613542556763,662.27,0.17416933178901672,0.17240242660045624,0.17255859076976776,0.17458294332027435,0.1749587208032608,19660800,0.17231407761573792,6915,1.4147959183673484,2842,0.17507831752300262,2.020408163265306,0.1735316962003708,0.17507831752300262,0.1727876365184784,0.1736995428800583,0.17160548269748688,405.9053649902344,0.1725475788116455,0.17203547060489655,0.17288273572921753,0.17295746505260468,0.6581632653061225,0.24,0.17311060428619385,0.1729615479707718,0.1743474006652832,0.1741802990436554,2.1027406448994976,0.0,0.17102620005607605,0.17246034741401672,0.17224019765853882,0.2,0.7773330211639404,0.2413793103448276,1.040035367012024,29,0.0031427466,67,18,27,9,8.464216143637895,0.17316371202468872,0.10416666666666667,48,-0.002561638343740924,0.25925925925925924,1e-05,0.5686453477246687,0.1127166748046875,0.1,0.9444444444444444,0.7777777777777778,0.0,15,0.8,1490
0.1725354939699173,0.38974358974358975,0.1751888394355774,151,0.17491872608661652,39,0.17492206394672394,698.3,0.17566248774528503,0.17379623651504517,0.17390835285186768,0.17608428001403809,0.17642024159431458,19791872,0.17368076741695404,6918,1.4092615384615392,2860,0.176528200507164,2.005128205128205,0.17507727444171906,0.176528200507164,0.1742243617773056,0.17516984045505524,0.17310497164726257,425.42425537109375,0.174139142036438,0.17348234355449677,0.17433156073093414,0.17436707019805908,0.6102564102564103,0.15384615384615385,0.17456001043319702,0.1744004487991333,0.17565318942070007,0.1758551150560379,2.0907232200398056,0.0,0.1725354939699173,0.17385616898536682,0.1737200766801834,0.2,0.7878824472427368,0.3076923076923077,0.9123004674911499,26,0.0030220957,76,21,36,10,8.25098975300789,0.1746234893798828,0.15789473684210525,38,-0.0022934564313800364,0.19444444444444445,1e-05,0.5640652431407943,0.10694808959960937,0.1,1.0,0.9,0.0,25,0.76,1500
0.1740221083164215,0.34594594594594597,0.1766939014196396,152,0.1763935089111328,41,0.17638325691223145,667.18,0.1771562397480011,0.17526036500930786,0.17552009224891663,0.1775795966386795,0.17789292335510254,19922944,0.17518934607505798,6912,1.4085945945945957,2882,0.17790140211582184,2.156756756756757,0.1766248643398285,0.17790140211582184,0.17577293515205383,0.17663653194904327,0.1746433675289154,403.98565673828125,0.1757344752550125,0.1750413030385971,0.17591731250286102,0.17590826749801636,0.654054054054054,0.21951219512195122,0.176016703248024,0.17590323090553284,0.17696966230869293,0.17732849717140198,2.191738859180324,0.0,0.1740221083164215,0.17535628378391266,0.17524462938308716,0.2,0.7846012115478516,0.358974358974359,0.9067438244819641,39,0.0031367205,64,12,35,14,8.038784287497402,0.17612361907958984,0.11764705882352941,34,-0.002712142624113767,0.17142857142857143,1e-05,0.5075496904784813,0.11132736206054687,0.1,0.8333333333333334,0.9285714285714286,0.0,10,0.8,1510
0.175424262881279,0.3853658536585366,0.1782432198524475,153,0.17776568233966827,46,0.17795999348163605,690.54,0.1786656379699707,0.17679361999034882,0.1770773082971573,0.1792648434638977,0.17922158539295197,20054016,0.17656074464321136,6915,1.399648780487806,2899,0.1794547438621521,2.029268292682927,0.17824697494506836,0.1794547438621521,0.1773860901594162,0.1781408041715622,0.1760295182466507,420.5198059082031,0.17700353264808655,0.1765173077583313,0.1774269938468933,0.17740365862846375,0.6146341463414634,0.21739130434782608,0.17748208343982697,0.1774705946445465,0.17861348390579224,0.17875783145427704,2.1352701191413046,0.0,0.175424262881279,0.17681138217449188,0.1768336296081543,0.2,0.7871914505958557,0.4358974358974359,1.0442230701446533,39,0.0030704397,79,12,34,9,7.826425311714411,0.1776222288608551,0.13636363636363635,44,-0.002588121094913731,0.38235294117647056,1e-05,0.5452982681570575,0.11124267578125,0.1,1.0,0.6666666666666666,0.0,21,0.7142857142857143,1520
0.1769663244485855,0.3217821782178218,0.17972196638584137,154,0.17930586636066437,48,0.17951872944831848,654.82,0.18006202578544617,0.1783006340265274,0.17860554158687592,0.1806478500366211,0.18086610734462738,20185088,0.1780855804681778,6917,1.4187722772277238,2917,0.18088001012802124,2.0594059405940595,0.17979656159877777,0.18088001012802124,0.17874222993850708,0.17977167665958405,0.17757362127304077,396.0160827636719,0.1784885972738266,0.1780269593000412,0.17884550988674164,0.17892025411128998,0.6782178217821783,0.125,0.1791137307882309,0.17887060344219208,0.1801522970199585,0.1802366077899933,2.108679129682348,0.0,0.1769663244485855,0.17817790806293488,0.17838908731937408,0.2,0.7887392044067383,0.23333333333333334,0.8859905004501343,30,0.0030300936,65,18,30,11,7.615193083509803,0.179122656583786,0.16,50,-0.0026489505129575265,0.26666666666666666,1e-05,0.5883958084508777,0.10539398193359376,0.1,1.0,0.8181818181818182,0.0,15,0.6,1530
0.17834077775478363,0.3333333333333333,0.1814289689064026,155,0.18077322840690613,46,0.18116100132465363,621.32,0.18174751102924347,0.17992855608463287,0.18012507259845734,0.18244951963424683,0.18228913843631744,20316160,0.17966634035110474,6912,1.4249435897435907,2938,0.18257039785385132,2.123076923076923,0.18135127425193787,0.18257039785385132,0.1802835464477539,0.18137559294700623,0.1789245456457138,380.9554443359375,0.17990681529045105,0.17961560189723969,0.18045203387737274,0.18041741847991943,0.6666666666666666,0.21739130434782608,0.18054115772247314,0.18028613924980164,0.18170829117298126,0.1817493438720703,2.1440033755027827,0.0,0.17834077775478363,0.17973051965236664,0.18006159365177155,0.2,0.7934200763702393,0.3333333333333333,1.0031908750534058,33,0.0031443918,65,13,30,13,7.401377206295729,0.18067535758018494,0.11363636363636363,44,-0.0025021503042808035,0.16666666666666666,1e-05,0.5851146957138553,0.11206130981445313,0.1,0.9230769230769231,0.9230769230769231,0.0,16,0.625,1540
0.18001984059810638,0.4010416666666667,0.18290694057941437,156,0.18245385587215424,42,0.18258406221866608,748.68,0.18340420722961426,0.18166281282901764,0.18163472414016724,0.18389061093330383,0.1837230771780014,20447232,0.18100984394550323,6915,1.4246666666666676,2956,0.18412426114082336,1.9114583333333333,0.18294289708137512,0.18412426114082336,0.1818612664937973,0.1830492913722992,0.18040163815021515,458.78948974609375,0.1814299374818802,0.1811831146478653,0.1819928139448166,0.18186451494693756,0.5989583333333334,0.19047619047619047,0.1822221726179123,0.18181349337100983,0.1832232028245926,0.1831093281507492,2.0312954283501807,3.0517578125e-07,0.18001984059810638,0.18130968511104584,0.18147410452365875,0.2,0.7902045249938965,0.37142857142857144,1.1110855340957642,35,0.0029986426,77,20,36,6,7.188745054975152,0.18221166729927063,0.11764705882352941,34,-0.0023276328324755013,0.3611111111111111,1e-05,0.6132532491348683,0.10106277465820312,0.1,0.95,0.8333333333333334,0.0,19,0.7894736842105263,1550
0.18164046108722687,0.3247422680412371,0.18414150178432465,157,0.18394367396831512,36,0.1841215193271637,680.02,0.18496978282928467,0.18331319093704224,0.18310120701789856,0.18549558520317078,0.1854599118232727,20578304,0.182647243142128,6917,1.4323195876288672,2974,0.18574056029319763,2.329896907216495,0.184507355093956,0.18574056029319763,0.18344826996326447,0.18450231850147247,0.18196304142475128,411.8437805175781,0.1830998808145523,0.18289980292320251,0.18360555171966553,0.1833125352859497,0.6752577319587629,0.1388888888888889,0.18359683454036713,0.18321500718593597,0.1846916228532791,0.184796541929245,2.121954580248863,0.0,0.18164046108722687,0.18299897015094757,0.1831260472536087,0.2,0.7830796241760254,0.22727272727272727,0.8596299886703491,22,0.0031816964,63,11,40,14,6.975808754563332,0.18377353250980377,0.1111111111111111,54,-0.002678611568717315,0.375,1e-05,0.580987443914637,0.1175201416015625,0.1,0.9090909090909091,0.8571428571428571,0.0,17,0.5882352941176471,1560
0.1830742061138153,0.3988439306358382,0.18568459153175354,158,0.18556427955627441,33,0.18570168316364288,712.36,0.18654504418373108,0.18468861281871796,0.18467667698860168,0.18728172779083252,0.18700867891311646,20709376,0.18445837497711182,6912,1.435641618497111,2996,0.18729619681835175,2.040462427745665,0.18597698211669922,0.18729619681835175,0.184946209192276,0.18604709208011627,0.18346437811851501,436.7794189453125,0.18476414680480957,0.18447138369083405,0.18532466888427734,0.18494364619255066,0.6011560693641619,0.24242424242424243,0.18522951006889343,0.18480214476585388,0.18635892868041992,0.1863904744386673,2.0950139048950476,0.0,0.1830742061138153,0.18481044471263885,0.18468156456947327,0.2,0.8045081496238708,0.32142857142857145,0.8451091051101685,28,0.0031770812,69,14,29,10,6.7606916759163145,0.1853676587343216,0.2558139534883721,43,-0.0026205167645912296,0.20689655172413793,1e-05,0.5716570108896122,0.11203689575195312,0.1,1.0,1.0,0.0,16,0.6875,1570
0.18469861149787903,0.3557692307692308,0.18734169006347656,159,0.1869826465845108,44,0.18724623322486877,696.08,0.18815051019191742,0.1863289773464203,0.18631893396377563,0.18887469172477722,0.1887480765581131,20840448,0.1860046237707138,6914,1.4138653846153857,3014,0.18887469172477722,2.139423076923077,0.18757818639278412,0.18885478377342224,0.1864752322435379,0.1875670850276947,0.1851411610841751,419.7519836425781,0.1863316148519516,0.18606851994991302,0.186709463596344,0.1864049881696701,0.6442307692307693,0.13636363636363635,0.18675068020820618,0.18636342883110046,0.1880255788564682,0.18803255259990692,2.0225076518782483,0.0,0.18469861149787903,0.186416894197464,0.18632884323596954,0.2,0.7974108457565308,0.2916666666666667,0.8758718967437744,24,0.0031915586,74,22,40,11,6.546791147440672,0.18694977462291718,0.2641509433962264,53,-0.002992140966125589,0.2,1e-05,0.5021721883909777,0.1161163330078125,0.1,0.8636363636363636,1.0,0.0,14,0.6428571428571429,1580
0.18611004948616028,0.3413173652694611,0.1891443431377411,160,0.1885426789522171,44,0.1887948215007782,684.79,0.18981924653053284,0.18814580142498016,0.18786229193210602,0.19075824320316315,0.19048582017421722,20971520,0.18771660327911377,6916,1.417508982035929,3031,0.19075824320316315,2.3353293413173652,0.18906165659427643,0.19064904749393463,0.18794454634189606,0.1890983283519745,0.18659353256225586,415.3903503417969,0.1879664808511734,0.1876179277896881,0.1883368194103241,0.18812412023544312,0.6586826347305389,0.22727272727272727,0.1884552389383316,0.18803107738494873,0.18955545127391815,0.18969807028770447,2.1510851218833467,0.0,0.18611004948616028,0.1880045384168625,0.1878516972064972,0.2,0.7840204238891602,0.3333333333333333,0.9824885129928589,21,0.0030635302,57,9,29,11,6.332155842706561,0.18857474625110626,0.13953488372093023,43,-0.0024421661009000673,0.27586206896551724,1e-05,0.61962323137559,0.10665817260742187,0.1,0.8888888888888888,0.9090909090909091,0.0,10,0.8,1590
0.1879396140575409,0.42346938775510207,0.19070330262184143,161,0.19030927121639252,40,0.19054162502288818,721.05,0.19142970442771912,0.1897435039281845,0.1893894374370575,0.192261204123497,0.19195885956287384,21102592,0.18935313820838928,6911,1.4395816326530624,3053,0.19235962629318237,1.9591836734693877,0.19066175818443298,0.19235962629318237,0.18951815366744995,0.1907350867986679,0.18821750581264496,443.6576843261719,0.18968522548675537,0.18935729563236237,0.18998593091964722,0.18938614428043365,0.576530612244898,0.225,0.1901109218597412,0.18963855504989624,0.19124743342399597,0.1913367211818695,2.004328820289261,3.0517578125e-07,0.1879396140575409,0.18953873217105865,0.18937325477600098,0.2,0.7906215786933899,0.48484848484848486,0.8209318518638611,33,0.0031198575,83,16,33,9,6.117854208499193,0.19019128382205963,0.21052631578947367,38,-0.0026061824426506066,0.24242424242424243,1e-05,0.5116461377125233,0.10837554931640625,0.1,1.0,1.0,0.0,27,0.6296296296296297,1600
0.18961749970912933,0.32367149758454106,0.19238978624343872,162,0.19197991490364075,45,0.19212360680103302,671.43,0.19319352507591248,0.19140729308128357,0.19104033708572388,0.19395394623279572,0.1935759335756302,21233664,0.19091245532035828,6913,1.4109565217391316,3071,0.19396880269050598,2.207729468599034,0.1922948807477951,0.19396880269050598,0.19126257300376892,0.19249261915683746,0.18967854976654053,406.695068359375,0.19137844443321228,0.19097428023815155,0.19161854684352875,0.19098949432373047,0.6763285024154589,0.08888888888888889,0.1917605847120285,0.1914641261100769,0.19306540489196777,0.19280263781547546,2.171649555125472,3.0517578125e-07,0.18961749970912933,0.191150963306427,0.19113689661026,0.2,0.7892782092094421,0.2962962962962963,0.972347617149353,27,0.0031738635,67,11,35,12,5.901962577551603,0.19184932112693787,0.17857142857142858,56,-0.0028960978559098294,0.3142857142857143,1e-05,0.5168914000038057,0.11458053588867187,0.1,0.9090909090909091,0.9166666666666666,0.0,21,0.6190476190476191,1610
0.19128377735614777,0.33689839572192515,0.19404758512973785,163,0.19359201192855835,43,0.19376824796199799,687.63,0.1947389543056488,0.19302837550640106,0.1926179975271225,0.1957739144563675,0.1952306628227234,21364736,0.19266557693481445,6915,1.4206096256684504,3089,0.1957739144563675,2.0320855614973263,0.19385167956352234,0.19562046229839325,0.1927141696214676,0.19398978352546692,0.19131635129451752,421.06866455078125,0.19302162528038025,0.19263914227485657,0.19320183992385864,0.19251589477062225,0.6631016042780749,0.11627906976744186,0.19328336417675018,0.1930181384086609,0.19464091956615448,0.19445951282978058,2.101914077613834,6.103515625e-07,0.19128377735614777,0.19290649890899658,0.19274042546749115,0.2,0.7814431190490723,0.2962962962962963,0.8344380855560303,27,0.003078857,63,19,26,12,5.689152903109789,0.1934666782617569,0.10869565217391304,46,-0.002427360849060278,0.19230769230769232,1e-05,0.6299582271138207,0.11053543090820313,0.1,0.9473684210526315,1.0,0.0,14,0.7142857142857143,1620
0.19292248785495758,0.3263157894736842,0.19577588140964508,164,0.195162832736969,31,0.19526201486587524,680.49,0.19641929864883423,0.1948276311159134,0.19437532126903534,0.19731231033802032,0.19690768420696259,21495808,0.19423262774944305,6910,1.4217368421052643,3110,0.19731438159942627,2.1789473684210527,0.19560183584690094,0.19731438159942627,0.19445478916168213,0.1956922709941864,0.19292248785495758,412.6024169921875,0.19479835033416748,0.19433540105819702,0.19497589766979218,0.19413600862026215,0.6736842105263158,0.1935483870967742,0.19489648938179016,0.19446538388729095,0.1962532103061676,0.1961895376443863,2.1475441904352173,3.0517578125e-07,0.19298066198825836,0.1946043074131012,0.19440792500972748,0.2,0.7792347073554993,0.2413793103448276,0.8311901092529297,29,0.003053305,62,13,40,11,5.476788843050599,0.19513218104839325,0.16981132075471697,53,-0.0022580383307740704,0.25,1e-05,0.593916520406492,0.10527572631835938,0.1,0.9230769230769231,0.9090909090909091,0.0,13,0.6153846153846154,1630
0.19447222352027893,0.39487179487179486,0.1974453181028366,165,0.19682200253009796,51,0.19698598980903625,660.94,0.1978578418493271,0.19620750844478607,0.19599363207817078,0.19906017184257507,0.1984938383102417,21626880,0.19579747319221497,6912,1.4315692307692316,3128,0.19914081692695618,2.1384615384615384,0.1974124014377594,0.19914081692695618,0.19588002562522888,0.19746887683868408,0.19447222352027893,399.37969970703125,0.19647403061389923,0.19591136276721954,0.19659751653671265,0.1957412213087082,0.6051282051282051,0.13725490196078433,0.19659599661827087,0.1963030993938446,0.19773434102535248,0.1977131962776184,2.0007915759778063,9.1552734375e-07,0.1946110725402832,0.19622181355953217,0.196145698428154,0.2,0.7953413724899292,0.5,0.6183847784996033,24,0.0030499627,77,22,34,12,5.265748459845781,0.19676350057125092,0.2894736842105263,38,-0.0026505315129725206,0.29411764705882354,1e-05,0.546212779940106,0.10930252075195312,0.1,0.8636363636363636,0.6666666666666666,0.0,14,0.7142857142857143,1640
0.19589701294898987,0.34806629834254144,0.19919650256633759,166,0.1983262300491333,39,0.19869868457317352,666.66,0.19965939223766327,0.19793587923049927,0.1975475251674652,0.20053428411483765,0.20019492506980896,21757952,0.19762353599071503,6914,1.4074696132596696,3146,0.20096907019615173,2.0773480662983426,0.19902125000953674,0.20096907019615173,0.1976238340139389,0.19913047552108765,0.19589701294898987,405.56817626953125,0.19812597334384918,0.19786261022090912,0.19847573339939117,0.19747403264045715,0.6519337016574586,0.23076923076923078,0.19810156524181366,0.19811420142650604,0.19936200976371765,0.19953402876853943,2.0638151387884194,1.220703125e-06,0.19623062014579773,0.19786827266216278,0.19777598977088928,0.2,0.7790803909301758,0.2608695652173913,0.7380044460296631,23,0.0030931793,63,17,38,4,5.054843440279365,0.19845132529735565,0.18181818181818182,44,-0.002670577389881146,0.23684210526315788,1e-05,0.5458020230988041,0.10991439819335938,0.1,0.9411764705882353,1.0,0.0,16,0.6875,1650
0.19773699343204498,0.38341968911917096,0.20093223452568054,167,0.20003275573253632,46,0.20037561655044556,671.08,0.2013302445411682,0.19965441524982452,0.1991306096315384,0.20227676630020142,0.2020694613456726,21889024,0.1992853581905365,6908,1.4276062176165816,3168,0.20265012979507446,2.2124352331606216,0.20061439275741577,0.20265012979507446,0.19929295778274536,0.20086640119552612,0.19773699343204498,408.1658630371094,0.19981037080287933,0.19943051040172577,0.20019960403442383,0.19919602572917938,0.616580310880829,0.13043478260869565,0.1997271478176117,0.20003481209278107,0.20095136761665344,0.20150381326675415,1.9545605810767548,0.0,0.19795462489128113,0.19953711330890656,0.1994198113679886,0.2,0.7696318626403809,0.5,0.742738664150238,22,0.003090036,74,19,37,11,4.840867235511541,0.20016054809093475,0.1702127659574468,47,-0.00264344344809615,0.35135135135135137,1e-05,0.5897741499356925,0.10870285034179687,0.1,1.0,1.0,0.0,11,0.5454545454545454,1660
0.199416846036911,0.37628865979381443,0.20243149995803833,168,0.20187853276729584,38,0.20207592844963074,712.19,0.20315761864185333,0.201424703001976,0.20097455382347107,0.20395399630069733,0.20388683676719666,22020096,0.200860857963562,6911,1.4231340206185576,3186,0.20441854000091553,2.2938144329896906,0.2022486925125122,0.20441854000091553,0.20110462605953217,0.20256921648979187,0.199416846036911,432.49078369140625,0.2014228105545044,0.20138788223266602,0.20188139379024506,0.2010432630777359,0.6237113402061856,0.10526315789473684,0.20155759155750275,0.20162439346313477,0.20279346406459808,0.2031964212656021,2.0856846637218194,3.0517578125e-07,0.1996539980173111,0.20119819045066833,0.20101384818553925,0.2,0.7701842784881592,0.3333333333333333,0.863807201385498,24,0.0031237935,73,12,35,16,4.626383958756923,0.20188701152801514,0.24074074074074073,54,-0.002517843576697487,0.2571428571428571,1e-05,0.578517226385884,0.1090911865234375,0.1,1.0,0.875,0.0,15,0.8666666666666667,1670
0.20107989013195038,0.324468085106383,0.20421431958675385,169,0.20339320600032806,43,0.2038457840681076,674.88,0.20491939783096313,0.20318664610385895,0.20280323922634125,0.2056857794523239,0.2057965099811554,22151168,0.20268496870994568,6913,1.4300425531914904,3204,0.20607055723667145,2.324468085106383,0.20395734906196594,0.20607055723667145,0.2025916874408722,0.2042413204908371,0.20107989013195038,404.605224609375,0.20309562981128693,0.2031337171792984,0.2036045342683792,0.2027483582496643,0.675531914893617,0.09302325581395349,0.20338690280914307,0.20326033234596252,0.20459239184856415,0.20498673617839813,2.1725176826547488,1.220703125e-06,0.20132604241371155,0.20294815301895142,0.20258313417434692,0.2,0.7699251174926758,0.2631578947368421,0.8450391888618469,19,0.0030639193,61,13,41,10,4.413336313515901,0.20360545814037323,0.17777777777777778,45,-0.0025251363289044092,0.34146341463414637,1e-05,0.5554599191294983,0.1063995361328125,0.1,0.9230769230769231,0.6,0.0,17,0.7058823529411765,1680
0.20276141166687012,0.4175257731958763,0.20611082017421722,170,0.2051750272512436,47,0.2055019587278366,705.54,0.2066527158021927,0.20489315688610077,0.204538494348526,0.2074952870607376,0.20767274498939514,22282240,0.20470356941223145,6908,1.4141030927835063,3225,0.2079596072435379,2.195876288659794,0.20586811006069183,0.2079596072435379,0.20432978868484497,0.20612290501594543,0.20276141166687012,430.9774475097656,0.20487335324287415,0.20493830740451813,0.20539270341396332,0.20457148551940918,0.5824742268041238,0.2127659574468085,0.2050391584634781,0.2051542103290558,0.20636461675167084,0.20665830373764038,1.9894589564281595,9.1552734375e-07,0.20300118625164032,0.20459383726119995,0.20413701236248016,0.2,0.7848343849182129,0.38461538461538464,0.7149825692176819,26,0.003059859,81,15,31,16,4.198413060978055,0.2053803950548172,0.13513513513513514,37,-0.002439161162601522,0.3225806451612903,1e-05,0.593675986933522,0.10643310546875,0.1,0.8666666666666667,0.875,0.0,22,0.8636363636363636,1690
0.20454660058021545,0.37777777777777777,0.20772744715213776,171,0.20692668855190277,45,0.20712536573410034,676.64,0.20853006839752197,0.20663698017597198,0.20638102293014526,0.2095140516757965,0.20944231748580933,22413312,0.20635423064231873,6910,1.410411111111112,3243,0.20979034900665283,2.161111111111111,0.2075721174478531,0.20979034900665283,0.2062753140926361,0.20803971588611603,0.20454660058021545,411.82928466796875,0.2066241204738617,0.20667926967144012,0.20709086954593658,0.20649610459804535,0.6222222222222222,0.15555555555555556,0.20696665346622467,0.20685029029846191,0.2083505392074585,0.20853601396083832,2.051885668793415,2.13623046875e-06,0.20467428863048553,0.20615333318710327,0.2059844434261322,0.2,0.7800388336181641,0.25,0.7110582590103149,20,0.0031343733,68,18,28,14,3.9813933530822396,0.2071707397699356,0.11428571428571428,35,-0.0026203632545730216,0.32142857142857145,1e-05,0.5237547516124323,0.10905532836914063,0.1,0.8888888888888888,0.9285714285714286,0.0,20,0.7,1700
0.20633555948734283,0.43523316062176165,0.20916974544525146,172,0.2087831199169159,34,0.20888222754001617,672.28,0.21031755208969116,0.20833994448184967,0.20781628787517548,0.21139957010746002,0.21114595234394073,22544384,0.20814308524131775,6913,1.4128911917098457,3261,0.2116471529006958,2.1709844559585494,0.20939581096172333,0.2116471529006958,0.2079140841960907,0.20974326133728027,0.20633555948734283,412.2621154785156,0.20827440917491913,0.20859071612358093,0.20896072685718536,0.20827478170394897,0.5647668393782384,0.23529411764705882,0.20872436463832855,0.20870350301265717,0.2101876139640808,0.210231751203537,1.9184934723290785,3.0517578125e-06,0.20650260150432587,0.2079123854637146,0.20774497091770172,0.2,0.7822495698928833,0.4782608695652174,0.641148567199707,23,0.003151232,84,19,32,20,3.7676699135452507,0.20892564952373505,0.18604651162790697,43,-0.002611432776575384,0.21875,1e-05,0.5302438457962125,0.11235427856445312,0.1,0.8421052631578947,0.9,0.0,22,0.7272727272727273,1710
0.20783796906471252,0.36813186813186816,0.2108757644891739,173,0.2104364037513733,42,0.2104603350162506,713.81,0.2120608538389206,0.20997954905033112,0.20956911146640778,0.2130984663963318,0.21268683671951294,22675456,0.21007980406284332,6908,1.4128351648351658,3282,0.21354174613952637,2.0714285714285716,0.21113930642604828,0.21354174613952637,0.20956866443157196,0.21131964027881622,0.20783796906471252,435.1505432128906,0.21005788445472717,0.21040810644626617,0.21068884432315826,0.21006740629673004,0.6318681318681318,0.19047619047619047,0.21028347313404083,0.2104538530111313,0.21184265613555908,0.21200712025165558,2.04545710815672,1.8310546875000001e-06,0.20836539566516876,0.20970086753368378,0.20964674651622772,0.2,0.7824496626853943,0.3076923076923077,0.691893458366394,26,0.0029397267,67,14,35,4,3.5610069420188664,0.2106470912694931,0.25,44,-0.002351769359938771,0.3142857142857143,1e-05,0.5336375956889242,0.10049057006835938,0.1,0.9285714285714286,1.0,0.0,17,0.7058823529411765,1720
0.2094869613647461,0.37894736842105264,0.21277610957622528,174,0.21224327385425568,36,0.21237270534038544,726.63,0.2139156311750412,0.21177874505519867,0.21158164739608765,0.21508559584617615,0.21437637507915497,22806528,0.2117832601070404,6910,1.415242105263159,3300,0.21545685827732086,2.2421052631578946,0.2130812704563141,0.21545685827732086,0.21126283705234528,0.21319222450256348,0.2094869613647461,443.8447265625,0.21202625334262848,0.21211744844913483,0.21253538131713867,0.21190021932125092,0.6210526315789474,0.2777777777777778,0.21183523535728455,0.21228401362895966,0.21363094449043274,0.2136872410774231,2.122174912300574,5.4931640625e-06,0.20991350710391998,0.21128493547439575,0.2115018516778946,0.2,0.7810407876968384,0.23809523809523808,0.8065052628517151,21,0.0032490897,72,14,29,17,3.3509656850248577,0.21244442462921143,0.1724137931034483,58,-0.0027061948608206876,0.27586206896551724,1e-05,0.5606814987724646,0.11683502197265624,0.1,0.9285714285714286,0.8823529411764706,0.0,15,0.7333333333333333,1730
0.2114192694425583,0.3539325842696629,0.21478809416294098,175,0.2141348123550415,45,0.21420542895793915,718.6,0.21575723588466644,0.21352063119411469,0.21340736746788025,0.21676480770111084,0.21617209911346436,22937600,0.21364545822143555,6912,1.4219325842696642,3318,0.21733440458774567,1.9269662921348314,0.2147405445575714,0.21733440458774567,0.2131395936012268,0.2151162326335907,0.2114192694425583,433.6112365722656,0.213826522231102,0.21387042105197906,0.21426048874855042,0.21371258795261383,0.6460674157303371,0.1111111111111111,0.21382036805152893,0.2140175700187683,0.21550878882408142,0.21552526950836182,2.046499002665585,3.96728515625e-06,0.21174149215221405,0.21304987370967865,0.21309389173984528,0.2,0.7929879426956177,0.42857142857142855,0.7706154584884644,28,0.0030807257,63,20,29,4,3.138308762945235,0.2142629474401474,0.275,40,-0.002653213789108122,0.2413793103448276,1e-05,0.5632905990583822,0.10617599487304688,0.1,0.9,0.5,0.0,12,0.6666666666666666,1740
0.21325263381004333,0.3939393939393939,0.21671824157238007,176,0.21605055034160614,43,0.2162412703037262,709.85,0.21769596636295319,0.21544302999973297,0.2152121663093567,0.21874487400054932,0.21797481179237366,23068672,0.21546867489814758,6906,1.4338383838383848,3339,0.219109907746315,2.257575757575758,0.2166282832622528,0.219109907746315,0.2148406207561493,0.21681998670101166,0.21325263381004333,433.1170349121094,0.21573051810264587,0.21572424471378326,0.2159872204065323,0.21556852757930756,0.6060606060606061,0.27906976744186046,0.2157267928123474,0.21578802168369293,0.2173212170600891,0.21735727787017822,2.142912715403503,3.3569335937500004e-06,0.21355096995830536,0.21490032970905304,0.21494713425636292,0.2,0.8006665110588074,0.25,0.6934881806373596,32,0.0030735196,78,13,43,11,2.923756055161357,0.2161121368408203,0.2708333333333333,48,-0.0026021902298452916,0.4186046511627907,1e-05,0.5294993287418037,0.10707778930664062,0.1,1.0,0.8181818181818182,0.0,8,0.625,1750
0.2152324914932251,0.3901098901098901,0.21853899955749512,177,0.21793130040168762,47,0.21792197227478027,671.72,0.21962271630764008,0.21747362613677979,0.21706248819828033,0.22074049711227417,0.21991422772407532,23199744,0.2174944430589676,6909,1.4234395604395615,3357,0.22106093168258667,2.142857142857143,0.2184557020664215,0.22106093168258667,0.2169327288866043,0.21880373358726501,0.2152324914932251,400.56500244140625,0.21757720410823822,0.2175154983997345,0.21806927025318146,0.2173430621623993,0.6098901098901099,0.0851063829787234,0.21754810214042664,0.21773318946361542,0.21920382976531982,0.2191922515630722,2.0456970561418513,5.79833984375e-06,0.21525165438652039,0.21664021909236908,0.216440811753273,0.2,0.7849826216697693,0.43478260869565216,0.673581600189209,23,0.003138498,71,18,29,12,2.708233489282429,0.217988058924675,0.15789473684210525,38,-0.0027355509146218537,0.4482758620689655,1e-05,0.5940267542144284,0.11021499633789063,0.1,1.0,0.8333333333333334,0.0,15,0.6666666666666666,1760
0.2169697880744934,0.3981042654028436,0.22043940424919128,178,0.21989871561527252,45,0.21976929903030396,710.05,0.2214277684688568,0.21928685903549194,0.21906150877475739,0.22240732610225677,0.22186103463172913,23330816,0.21938174962997437,6910,1.4303412322274893,3375,0.22313909232616425,2.1516587677725116,0.22016890347003937,0.22313909232616425,0.21888409554958344,0.22062711417675018,0.2169697880744934,435.3296813964844,0.2195211946964264,0.21953749656677246,0.21976658701896667,0.21923069655895233,0.6018957345971564,0.13333333333333333,0.2194090336561203,0.21939809620380402,0.2209560126066208,0.22107228636741638,1.9628051204404462,5.79833984375e-06,0.21726550161838531,0.2185123711824417,0.21833060681819916,0.2,0.798052966594696,0.30434782608695654,0.4868137836456299,23,0.003038688,84,23,44,12,2.494468536041677,0.21985290944576263,0.16666666666666666,42,-0.0027102184645173113,0.3409090909090909,1e-05,0.5454186116112396,0.1065032958984375,0.1,0.9565217391304348,0.75,0.0,22,0.8181818181818182,1770
0.21881265938282013,0.34444444444444444,0.22258400917053223,179,0.22181664407253265,43,0.22172054648399353,654.33,0.22323940694332123,0.2212258279323578,0.22108854353427887,0.22455476224422455,0.22358128428459167,23461888,0.22107966244220734,6905,1.4404888888888898,3397,0.22524955868721008,2.272222222222222,0.2221938967704773,0.22524955868721008,0.2207978516817093,0.22260679304599762,0.21881265938282013,394.6152648925781,0.22133374214172363,0.2213762253522873,0.22168858349323273,0.22125326097011566,0.6555555555555556,0.13953488372093023,0.22126172482967377,0.22119903564453125,0.22273240983486176,0.222869873046875,2.106498599809896,7.01904296875e-06,0.2191513478755951,0.22046613693237305,0.2200060784816742,0.2,0.7795388698577881,0.4090909090909091,0.7055731415748596,22,0.003154524,62,13,36,10,2.2791892444714903,0.22175562381744385,0.20930232558139536,43,-0.0027865887662755994,0.2222222222222222,1e-05,0.5783668997697532,0.11090621948242188,0.1,1.0,0.9,0.0,13,0.6153846153846154,1780
0.2206464558839798,0.43523316062176165,0.2242709845304489,180,0.22363433241844177,31,0.22376227378845215,708.42,0.22532664239406586,0.22307825088500977,0.22308529913425446,0.22635671496391296,0.22557657957077026,23592960,0.2230551689863205,6907,1.4445803108808302,3415,0.22695107758045197,2.0725388601036268,0.22408148646354675,0.22695107758045197,0.22269773483276367,0.22474274039268494,0.2206464558839798,427.04058837890625,0.2230452448129654,0.22337740659713745,0.22358784079551697,0.22316303849220276,0.5647668393782384,0.3225806451612903,0.22309988737106323,0.22297586500644684,0.22464965283870697,0.22465388476848602,2.179611436823805,7.01904296875e-06,0.22097234427928925,0.2222115695476532,0.22187085449695587,0.2,0.7741632461547852,0.5757575757575758,0.716861367225647,33,0.003081755,84,11,41,7,2.066978733614087,0.22363494336605072,0.12244897959183673,49,-0.0026852145033444685,0.3902439024390244,1e-05,0.5715725117130205,0.10810775756835937,0.1,1.0,1.0,0.0,21,0.7142857142857143,1790
0.22249820828437805,0.40718562874251496,0.2262898087501526,181,0.22535349428653717,40,0.22575291991233826,725.47,0.22704413533210754,0.22494962811470032,0.22496475279331207,0.22821751236915588,0.22759206593036652,23724032,0.22487759590148926,6909,1.4297964071856297,3433,0.22887714207172394,2.0838323353293413,0.22586694359779358,0.22887714207172394,0.224458709359169,0.2267896831035614,0.22249820828437805,444.6844177246094,0.2249855101108551,0.22539710998535156,0.22547180950641632,0.22505831718444824,0.592814371257485,0.3,0.22505392134189606,0.2249222844839096,0.22659318149089813,0.22670112550258636,2.033251739590038,1.2512207031250001e-05,0.22268344461917877,0.22399495542049408,0.22376124560832977,0.2,0.7898533940315247,0.42105263157894735,0.6547434329986572,19,0.0031061762,68,15,26,7,1.856228446494788,0.22552624344825745,0.1590909090909091,44,-0.0026938466579849774,0.3076923076923077,1e-05,0.5475387595128268,0.11080551147460938,0.1,0.8666666666666667,0.7142857142857143,0.0,16,0.9375,1800
0.2242482751607895,0.46733668341708545,0.2282753586769104,182,0.22738724946975708,42,0.22784268856048584,732.07,0.2288036197423935,0.2269127517938614,0.22676900029182434,0.23002000153064728,0.22972865402698517,23855104,0.22665424644947052,6904,1.4508241206030161,3455,0.23078279197216034,2.090452261306533,0.2279502898454666,0.23078279197216034,0.22636210918426514,0.2287329137325287,0.2242482751607895,445.7862548828125,0.2272026389837265,0.22747907042503357,0.227307990193367,0.22708483040332794,0.5326633165829145,0.21428571428571427,0.22697578370571136,0.22695103287696838,0.22866909205913544,0.22845359146595,1.9832153599338525,1.3427734375000002e-05,0.22475533187389374,0.2260928899049759,0.22571639716625214,0.2,0.7421395778656006,0.47368421052631576,0.5671237111091614,19,0.003158532,93,24,31,15,1.6431137925945223,0.22748632729053497,0.23404255319148937,47,-0.0028392597758283957,0.3225806451612903,1e-05,0.5050824991893024,0.10841751098632812,0.1,0.9583333333333334,1.0,0.0,21,0.7619047619047619,1810
0.22617197036743164,0.3558282208588957,0.23015287518501282,183,0.22939367592334747,30,0.22982646524906158,692.91,0.23079878091812134,0.22888505458831787,0.22859881818294525,0.23210009932518005,0.23168615996837616,23986176,0.2287953644990921,6906,1.4346134969325164,3472,0.23294305801391602,2.0122699386503067,0.22966967523097992,0.23294305801391602,0.22819718718528748,0.23072586953639984,0.22617197036743164,420.56854248046875,0.22885540127754211,0.2292649894952774,0.22918912768363953,0.22893297672271729,0.6441717791411042,0.2,0.22885899245738983,0.22891035676002502,0.230645552277565,0.2302532196044922,2.0194637845861823,1.678466796875e-05,0.22663836181163788,0.22781945765018463,0.2277407944202423,0.2,0.779144287109375,0.25,0.639768123626709,24,0.003104562,58,15,27,7,1.4298126377165317,0.22940215468406677,0.14,50,-0.0026203556160453445,0.4074074074074074,1e-05,0.5247968970565126,0.11040725708007812,0.1,1.0,1.0,0.0,10,0.6,1820
0.22806107997894287,0.465,0.2322462648153305,184,0.23146867752075195,46,0.23187941312789917,704.27,0.23275984823703766,0.230848491191864,0.2305481880903244,0.2340170443058014,0.2338763177394867,24117248,0.23082947731018066,6908,1.4288800000000008,3490,0.23516854643821716,2.35,0.23153012990951538,0.23516854643821716,0.23016954958438873,0.232712984085083,0.22806107997894287,426.3073425292969,0.2307213991880417,0.23135212063789368,0.23104390501976013,0.23092055320739746,0.535,0.30434782608695654,0.23098522424697876,0.23097574710845947,0.23285937309265137,0.23196688294410706,2.0596013311751284,1.8310546875000003e-05,0.2286607176065445,0.22971796989440918,0.22975508868694305,0.2,0.7864750027656555,0.5,0.6953243017196655,18,0.003115334,93,15,40,16,1.2163210417144001,0.23140302300453186,0.14285714285714285,42,-0.0027766306279772834,0.45,1e-05,0.533639439358376,0.1082977294921875,0.1,0.9333333333333333,0.8125,0.0,23,0.8260869565217391,1830
0.2300385683774948,0.4046242774566474,0.23422463238239288,185,0.2334808111190796,30,0.23415425419807434,691.81,0.23467779159545898,0.23291759192943573,0.23250673711299896,0.23612576723098755,0.23600973188877106,24248320,0.23281876742839813,6903,1.4381618497109838,3512,0.23715239763259888,2.254335260115607,0.2334745228290558,0.23715239763259888,0.23237556219100952,0.23448145389556885,0.2300385683774948,419.83856201171875,0.23277060687541962,0.23338750004768372,0.23324348032474518,0.23296238481998444,0.5953757225433526,0.26666666666666666,0.23285110294818878,0.23296046257019043,0.23479534685611725,0.23399075865745544,2.065032288966709,2.349853515625e-05,0.23053891956806183,0.23164412379264832,0.23195628821849823,0.2,0.7874860763549805,0.5,0.459067165851593,26,0.0031245183,70,16,40,13,0.9987208844162524,0.23342157900333405,0.20930232558139536,43,-0.002930700743763737,0.275,1e-05,0.5111247594933956,0.11138687133789063,0.1,0.9375,0.8461538461538461,0.0,5,0.6,1840
0.23190350830554962,0.46808510638297873,0.23625564575195312,186,0.2354254275560379,37,0.23635658621788025,728.95,0.23666702210903168,0.23491430282592773,0.23460176587104797,0.2381647229194641,0.23814958333969116,24379392,0.23504817485809326,6905,1.4221595744680862,3530,0.23922719061374664,2.1914893617021276,0.23554569482803345,0.23922719061374664,0.234402135014534,0.23671874403953552,0.23190350830554962,442.08819580078125,0.2347927689552307,0.23555131256580353,0.23524406552314758,0.23505184054374695,0.5319148936170213,0.10810810810810811,0.23480761051177979,0.23492684960365295,0.236811101436615,0.2360152155160904,2.016250552431725,2.6855468750000004e-05,0.23266729712486267,0.2337471842765808,0.23372454941272736,0.2,0.8043169975280762,0.47058823529411764,0.4576464891433716,17,0.0030834018,88,22,41,10,0.7811653265729547,0.2354688048362732,0.3333333333333333,48,-0.002727008505462436,0.3902439024390244,1e-05,0.49926950796507297,0.10753021240234376,0.1,0.9545454545454546,1.0,0.0,13,1.0,1850
0.2337781935930252,0.38095238095238093,0.2382921427488327,187,0.23767498135566711,37,0.2383430302143097,700.22,0.23845349252223969,0.23689664900302887,0.23668573796749115,0.24016867578029633,0.24012063443660736,24510464,0.2370445877313614,6908,1.4222857142857155,3547,0.24119646847248077,2.25,0.23755288124084473,0.24119646847248077,0.23624779284000397,0.2387734353542328,0.2337781935930252,425.5303955078125,0.2367042452096939,0.23770402371883392,0.23722735047340393,0.23727796971797943,0.6190476190476191,0.1891891891891892,0.23685218393802643,0.23685923218727112,0.23877418041229248,0.237860307097435,2.11272783201435,3.448486328125e-05,0.23463870584964752,0.23575359582901,0.23590847849845886,0.2,0.7722145318984985,0.3333333333333333,0.4787888526916504,18,0.0030935316,64,11,31,10,0.56668407083489,0.2374715358018875,0.16279069767441862,43,-0.0025708200070766905,0.3870967741935484,1e-05,0.5100006387103349,0.10668106079101562,0.1,1.0,0.7,0.0,18,0.7777777777777778,1860
0.2356712967157364,0.41414141414141414,0.2403651922941208,188,0.23971813917160034,48,0.24049772322177887,707.2,0.24054574966430664,0.2389524281024933,0.2388349026441574,0.24216681718826294,0.24220232665538788,24641536,0.23921087384223938,6903,1.4432828282828296,3569,0.24332842230796814,2.101010101010101,0.23965223133563995,0.24332842230796814,0.23824095726013184,0.2407570332288742,0.2356712967157364,427.9551696777344,0.23870164155960083,0.2397185117006302,0.2392418533563614,0.23956528306007385,0.5858585858585859,0.3125,0.23860211670398712,0.23892273008823395,0.24076059460639954,0.23975855112075806,2.048203695859103,3.7841796875e-05,0.23647074401378632,0.23782356083393097,0.2378183901309967,0.2,0.7870364785194397,0.46153846153846156,0.4853852689266205,26,0.0031445227,82,17,27,15,0.3545661555603147,0.23950113356113434,0.14634146341463414,41,-0.0027107170552881144,0.1111111111111111,1e-05,0.529980696272105,0.11079177856445313,0.1,0.9411764705882353,0.9333333333333333,0.0,24,0.6666666666666666,1870
0.23764725029468536,0.3954802259887006,0.2425183653831482,189,0.24168069660663605,32,0.2424621433019638,686.89,0.24242480099201202,0.24108317494392395,0.24098606407642365,0.24414439499378204,0.24434591829776764,24772608,0.24104417860507965,6905,1.4396497175141254,3587,0.24537885189056396,2.0903954802259888,0.2415379136800766,0.24537885189056396,0.2402258962392807,0.2427893877029419,0.23764725029468536,416.729248046875,0.2406810224056244,0.24191878736019135,0.2411632090806961,0.24168607592582703,0.6045197740112994,0.25,0.2406705766916275,0.24108266830444336,0.2425452619791031,0.24166066944599152,2.135983176242858,4.8828125e-05,0.2387332022190094,0.2398463487625122,0.23971351981163025,0.2,0.763691782951355,0.37037037037037035,0.45623907446861267,27,0.0031251379,70,13,33,11,0.14335314948111771,0.24151882529258728,0.2564102564102564,39,-0.0029186744523940432,0.18181818181818182,1e-05,0.58509361455217,0.11151962280273438,0.1,1.0,1.0,0.0,22,0.5454545454545454,1880
0.23950660228729248,0.4065934065934066,0.2446485310792923,190,0.24389173090457916,40,0.24455444514751434,750.08,0.2445981204509735,0.24299542605876923,0.24291233718395233,0.24625667929649353,0.24634887278079987,24903680,0.24287013709545135,6907,1.4434395604395616,3605,0.24735784530639648,2.2967032967032965,0.24329066276550293,0.24735784530639648,0.24210213124752045,0.24482892453670502,0.23950660228729248,456.5591735839844,0.2427012324333191,0.24403098225593567,0.243205726146698,0.243806853890419,0.5934065934065934,0.175,0.24277490377426147,0.2433607131242752,0.24468374252319336,0.24380716681480408,2.0499165942311746,5.462646484375e-05,0.2409115582704544,0.24201321601867676,0.24175699055194855,0.2,0.7918813228607178,0.4117647058823529,0.5768490433692932,17,0.0030237557,74,17,39,13,-0.06716648422880098,0.24356861412525177,0.18421052631578946,38,-0.002676559537576395,0.28205128205128205,1e-05,0.5376010518753901,0.10468368530273438,0.1,1.0,0.7692307692307693,0.0,18,0.8333333333333334,1890
0.24157539010047913,0.41237113402061853,0.24666345119476318,191,0.24597665667533875,32,0.24654006958007812,673.99,0.24672918021678925,0.2450033724308014,0.2453823983669281,0.24837857484817505,0.2485855221748352,25034752,0.24507102370262146,6902,1.4562577319587637,3626,0.24950481951236725,2.1443298969072164,0.24546895921230316,0.24950481951236725,0.24421341717243195,0.2469361126422882,0.24157539010047913,408.43084716796875,0.2448081225156784,0.24609382450580597,0.24531573057174683,0.2458539754152298,0.5876288659793815,0.125,0.24487312138080597,0.24530096352100372,0.24674755334854126,0.2459029257297516,2.0557079016755835,6.378173828125e-05,0.24297477304935455,0.24405863881111145,0.24395108222961426,0.2,0.7664609551429749,0.4857142857142857,0.5013301372528076,35,0.0030999614,80,16,35,20,-0.280776088766288,0.24567638337612152,0.125,40,-0.0027407191281781707,0.2857142857142857,1e-05,0.5311214885907247,0.10614852905273438,0.1,1.0,0.8,0.0,16,0.75,1900
0.2435770034790039,0.3817204301075269,0.2488291710615158,192,0.2479926347732544,32,0.24894748628139496,660.32,0.24899177253246307,0.24731862545013428,0.2474810630083084,0.25062352418899536,0.2510635554790497,25165824,0.2468888759613037,6905,1.456247311827958,3644,0.2517184019088745,2.161290322580645,0.24757717549800873,0.2517184019088745,0.2463420331478119,0.24919630587100983,0.2435770034790039,400.6114501953125,0.24670541286468506,0.24826425313949585,0.24744127690792084,0.24804989993572235,0.6182795698924731,0.15625,0.2470838725566864,0.2474876493215561,0.2488635778427124,0.24819110333919525,2.03352083771111,6.744384765625e-05,0.24487930536270142,0.24628344178199768,0.2459532916545868,0.2,0.79163658618927,0.3333333333333333,0.3506641983985901,18,0.0031262953,71,19,33,14,-0.4981889231130481,0.24783003330230713,0.16981132075471697,53,-0.0028482187606186926,0.30303030303030304,1e-05,0.5358719726325945,0.1095489501953125,0.1,1.0,0.8571428571428571,0.0,17,0.5882352941176471,1910
0.24576184153556824,0.41847826086956524,0.250638484954834,193,0.25016066431999207,34,0.25090426206588745,740.58,0.2510479986667633,0.24927358329296112,0.24966435134410858,0.2528373897075653,0.2534513473510742,25296896,0.24880653619766235,6907,1.44988043478261,3662,0.25395631790161133,2.135869565217391,0.24998614192008972,0.25395631790161133,0.24866817891597748,0.25127947330474854,0.24576184153556824,450.0440368652344,0.24872231483459473,0.25044509768486023,0.2495196908712387,0.2502078413963318,0.5815217391304348,0.29411764705882354,0.2492225617170334,0.24953173100948334,0.25088685750961304,0.25010907649993896,2.0253646999575756,7.99560546875e-05,0.24696597456932068,0.24848830699920654,0.24809813499450684,0.2,0.7810232639312744,0.4,0.45539191365242004,25,0.0030411722,77,19,37,13,-0.7131053456570953,0.24994537234306335,0.17073170731707318,41,-0.0026218711452202113,0.21621621621621623,1e-05,0.571660903096199,0.10177841186523437,0.1,1.0,0.8461538461538461,0.0,15,0.8,1920
0.2477765828371048,0.4342857142857143,0.2529168426990509,194,0.25232332944869995,25,0.25305628776550293,736.11,0.2533326745033264,0.25168249011039734,0.25177687406539917,0.25507357716560364,0.25552570819854736,25427968,0.2508920133113861,6902,1.4545600000000012,3683,0.25638505816459656,2.085714285714286,0.25193873047828674,0.25638505816459656,0.25056183338165283,0.2534017562866211,0.2477765828371048,449.3964538574219,0.250835657119751,0.25241655111312866,0.25160321593284607,0.2523695230484009,0.5657142857142857,0.24,0.25123271346092224,0.25166741013526917,0.253065824508667,0.25213247537612915,2.089140764113891,8.48388671875e-05,0.24913793802261353,0.2508506774902344,0.2502080202102661,0.2,0.7913252711296082,0.72,0.5458238124847412,25,0.0030245022,76,10,33,8,-0.9260930004529655,0.2520865499973297,0.2222222222222222,54,-0.0025768231813799503,0.36363636363636365,1e-05,0.5472424442879855,0.1031005859375,0.1,0.9,0.75,0.0,20,0.65,1930
0.24994462728500366,0.41304347826086957,0.254964143037796,195,0.2547786831855774,36,0.25514477491378784,735.63,0.2555387020111084,0.25389206409454346,0.25385582447052,0.2571079730987549,0.2574937045574188,25559040,0.2531050145626068,6904,1.4461739130434794,3701,0.2587512135505676,2.125,0.25374552607536316,0.2587512135505676,0.2528091073036194,0.2554835379123688,0.24994462728500366,444.4443359375,0.2530772089958191,0.2545067071914673,0.25395530462265015,0.2543496787548065,0.5869565217391305,0.2222222222222222,0.2535044848918915,0.25390100479125977,0.2551443874835968,0.25429072976112366,1.9569657329167482,9.826660156249999e-05,0.251350462436676,0.25277477502822876,0.25238001346588135,0.2,0.8026196360588074,0.34782608695652173,0.42469075322151184,23,0.003151919,76,24,32,17,-1.1383529975079,0.2542340159416199,0.14285714285714285,42,-0.002675046534386638,0.34375,1e-05,0.4778254063334316,0.11026458740234375,0.1,1.0,0.8823529411764706,0.0,10,0.4,1940
0.25211307406425476,0.4431137724550898,0.25686395168304443,196,0.25697195529937744,32,0.2570723295211792,747.01,0.25726988911628723,0.2561115324497223,0.25609397888183594,0.25926926732063293,0.2599368989467621,25690112,0.2555001974105835,6906,1.4366347305389233,3719,0.2608487904071808,2.1317365269461077,0.25580406188964844,0.2608487904071808,0.25476136803627014,0.2578830420970917,0.25211307406425476,450.8533935546875,0.25527411699295044,0.25686830282211304,0.25613102316856384,0.25662997364997864,0.5568862275449101,0.1875,0.255779504776001,0.25603508949279785,0.2572794258594513,0.2565948963165283,1.9515611318432418,0.00011535644531250001,0.2534151077270508,0.2549377977848053,0.25416505336761475,0.2,0.7701693773269653,0.45,0.5096980929374695,20,0.0030710292,74,16,31,12,-1.3493677905760706,0.2563844323158264,0.3055555555555556,36,-0.002695949080680293,0.25806451612903225,1e-05,0.5718442370649427,0.106787109375,0.1,1.0,0.8333333333333334,0.0,20,0.7,1950
0.2540756165981293,0.4739583333333333,0.25902634859085083,197,0.25908929109573364,44,0.25931620597839355,703.83,0.25937190651893616,0.2584032118320465,0.25830379128456116,0.2616487443447113,0.2621871829032898,25821184,0.25787657499313354,6902,1.4463645833333345,3740,0.26315996050834656,2.2291666666666665,0.25813594460487366,0.26315996050834656,0.2568836212158203,0.2598479986190796,0.2540756165981293,427.3984680175781,0.25758928060531616,0.2591044008731842,0.25819483399391174,0.2588690221309662,0.5260416666666666,0.22727272727272727,0.2581922709941864,0.2581433951854706,0.259478896856308,0.2590545415878296,1.9853501197338914,0.00013641357421875002,0.2556125521659851,0.25719088315963745,0.2561553716659546,0.2,0.8044289350509644,0.5714285714285714,0.3675649166107178,21,0.0031252606,91,17,31,16,-1.5621321179904044,0.2585964798927307,0.32608695652173914,46,-0.0028175268612358195,0.3870967741935484,1e-05,0.4583570566494018,0.10805206298828125,0.1,0.9411764705882353,0.75,0.0,17,0.8235294117647058,1960
0.25633886456489563,0.42011834319526625,0.2615065276622772,198,0.261128306388855,25,0.26165899634361267,709.75,0.26160240173339844,0.2606441080570221,0.26036134362220764,0.2636054754257202,0.26446011662483215,25952256,0.2599455714225769,6905,1.4413609467455633,3758,0.2655508816242218,2.201183431952663,0.2600812315940857,0.2655508816242218,0.25918397307395935,0.2619522213935852,0.25633886456489563,433.6571044921875,0.2598739266395569,0.2613200545310974,0.2607422173023224,0.2612977921962738,0.5798816568047337,0.08,0.26055580377578735,0.2604631185531616,0.2615738809108734,0.2611009478569031,1.9822790750809165,0.00015533447265625,0.2577587366104126,0.2594537138938904,0.25840693712234497,0.2,0.7684968709945679,0.7058823529411765,0.4296295940876007,17,0.0031277344,71,18,43,9,-1.7773436825722455,0.26082268357276917,0.24390243902439024,41,-0.002715678857248349,0.3023255813953488,1e-05,0.5432458486873657,0.10923690795898437,0.1,1.0,0.8888888888888888,0.0,16,0.5,1970
0.2583652138710022,0.4213197969543147,0.2638237476348877,199,0.2634347975254059,51,0.26381969451904297,693.11,0.2638327181339264,0.2626424729824066,0.2627648115158081,0.266152948141098,0.2667376399040222,26083328,0.26212024688720703,6907,1.453289340101524,3776,0.26794376969337463,2.1928934010152283,0.2622765302658081,0.26794376969337463,0.2613721191883087,0.2641441524028778,0.2583652138710022,420.1156921386719,0.26203325390815735,0.2633831202983856,0.2629627287387848,0.2635806202888489,0.5786802030456852,0.3137254901960784,0.26292839646339417,0.2628699541091919,0.26378539204597473,0.2632436454296112,2.062033236935936,0.000184326171875,0.2598245143890381,0.2616819739341736,0.26065781712532043,0.2,0.7915315628051758,0.5416666666666666,0.34174954891204834,24,0.0030373377,83,19,27,15,-1.9905811592005194,0.2630552649497986,0.18518518518518517,54,-0.0026212463430965727,0.3333333333333333,1e-05,0.5132921057986095,0.10335235595703125,0.1,0.9473684210526315,0.8,0.0,7,0.7142857142857143,1980
0.2604861855506897,0.41621621621621624,0.2659114897251129,200,0.26578739285469055,41,0.26610708236694336,702.8,0.2658597230911255,0.2647838890552521,0.26527005434036255,0.26836979389190674,0.2688634395599365,26214400,0.26411426067352295,6902,1.4600324324324336,3797,0.2702629566192627,2.0324324324324325,0.2646426856517792,0.2702629566192627,0.26352909207344055,0.2664896547794342,0.2604861855506897,427.8290100097656,0.26432737708091736,0.2655212879180908,0.26520583033561707,0.26570186018943787,0.5837837837837838,0.1951219512195122,0.2648611068725586,0.2650041878223419,0.2662055194377899,0.26568835973739624,2.0196569394678168,0.00021484375,0.26204779744148254,0.2640281915664673,0.2629742920398712,0.2,0.8001111745834351,0.4090909090909091,0.3841767907142639,22,0.0030059768,77,20,29,9,-2.2020686803385616,0.2652817666530609,0.2708333333333333,48,-0.002503232210801798,0.27586206896551724,1e-05,0.5695694072637707,0.10163192749023438,0.1,0.95,0.8888888888888888,0.0,16,0.75,1990
0.2625451982021332,0.4438202247191011,0.2680676281452179,201,0.2679029107093811,37,0.26829564571380615,730.89,0.2681054472923279,0.26691174507141113,0.26721706986427307,0.2708319127559662,0.2709486186504364,26345472,0.2663792371749878,6904,1.4782808988764058,3815,0.27264735102653503,2.297752808988764,0.26703232526779175,0.27264735102653503,0.2658735513687134,0.26877361536026,0.2625451982021332,446.8056945800781,0.2662094831466675,0.2681220769882202,0.26737627387046814,0.26804354786872864,0.5561797752808989,0.1891891891891892,0.26734158396720886,0.2673597037792206,0.26841795444488525,0.2680562436580658,2.0398820492432828,0.00024047851562500002,0.2644805610179901,0.2664037346839905,0.2651761770248413,0.2,0.7983313202857971,0.5294117647058824,0.3692035675048828,17,0.0030305684,79,17,35,16,-2.41380368322134,0.2675408124923706,0.28205128205128205,39,-0.002839200637936301,0.2571428571428571,1e-05,0.523186407936737,0.10467529296875,0.1,0.8823529411764706,1.0,0.0,17,0.7058823529411765,2000
0.264950692653656,0.455026455026455,0.2702194154262543,202,0.27016082406044006,38,0.2708633244037628,723.34,0.2702840268611908,0.2693246006965637,0.26979511976242065,0.27309450507164,0.27334916591644287,26476544,0.26875829696655273,6905,1.4761164021164033,3833,0.27494940161705017,2.0899470899470898,0.269334077835083,0.27494940161705017,0.2680392563343048,0.2711608111858368,0.264950692653656,440.0809326171875,0.2684885859489441,0.2706272304058075,0.2697700560092926,0.2703542709350586,0.544973544973545,0.3157894736842105,0.26981210708618164,0.26972097158432007,0.2708921432495117,0.2704011797904968,1.9794481608665218,0.00025390625,0.2665775716304779,0.26856452226638794,0.26742684841156006,0.2,0.7681773900985718,0.36363636363636365,0.41516128182411194,22,0.0031718316,86,24,32,15,-2.6285980481654407,0.26987677812576294,0.25,44,-0.0026986407452568527,0.28125,1e-05,0.5509047065628693,0.10947723388671875,0.1,0.9583333333333334,0.8,0.0,14,0.7857142857142857,2010
0.2670663893222809,0.4823529411764706,0.27257025241851807,203,0.27245792746543884,34,0.2731778025627136,753.1,0.27276158332824707,0.2717507481575012,0.2721520662307739,0.275140643119812,0.2757696509361267,26607616,0.2712278664112091,6902,1.4522235294117658,3855,0.27745383977890015,2.1,0.2714885473251343,0.27745383977890015,0.2702498733997345,0.27348265051841736,0.2670663893222809,459.72503662109375,0.2707597315311432,0.2729952335357666,0.2720898985862732,0.2725680470466614,0.5176470588235295,0.29411764705882354,0.2721392512321472,0.2719576060771942,0.27318331599235535,0.2730228900909424,1.8452920168887905,0.00028900146484375,0.26870644092559814,0.2711028456687927,0.2696860134601593,0.2,0.7954311370849609,0.4583333333333333,0.34142693877220154,24,0.0031796827,82,23,38,12,-2.8442538145929577,0.2721984386444092,0.25925925925925924,27,-0.002995489047771116,0.3157894736842105,1e-05,0.5323134356876835,0.11240234375,0.1,0.9565217391304348,0.9166666666666666,0.0,12,0.75,2020
0.2694157660007477,0.4624277456647399,0.27507296204566956,204,0.2749221920967102,38,0.2756662666797638,748.34,0.2749481797218323,0.2739540934562683,0.2745969593524933,0.27738308906555176,0.27795854210853577,26738688,0.273708313703537,6904,1.477213872832371,3872,0.27976179122924805,2.1098265895953756,0.27356740832328796,0.27976179122924805,0.2725088596343994,0.2756815254688263,0.2694157660007477,449.3091125488281,0.2730700969696045,0.2753831148147583,0.2743147015571594,0.2750703692436218,0.5375722543352601,0.21052631578947367,0.27433204650878906,0.27439016103744507,0.2754274308681488,0.275357723236084,1.9665681351180402,0.0003271484375000001,0.2709957957267761,0.27335983514785767,0.2721249461174011,0.2,0.7737758159637451,0.48148148148148145,0.36728960275650024,27,0.0031522668,80,19,30,14,-3.0574463084340096,0.2745189070701599,0.2857142857142857,35,-0.0029422336690004157,0.36666666666666664,1e-05,0.5085639040218666,0.11126937866210937,0.1,0.9473684210526315,1.0,0.0,10,0.6,2030
0.27157577872276306,0.49693251533742333,0.27757391333580017,205,0.27727681398391724,27,0.2780473828315735,776.66,0.27731257677078247,0.2763950824737549,0.2770332098007202,0.2798190116882324,0.2803899347782135,26869760,0.275892972946167,6906,1.4836319018404918,3890,0.28192466497421265,2.214723926380368,0.2759262025356293,0.28192466497421265,0.2748032212257385,0.2781123220920563,0.27157577872276306,474.12774658203125,0.2754242420196533,0.2779020667076111,0.2765045464038849,0.2775927782058716,0.5030674846625767,0.2962962962962963,0.27689507603645325,0.2768636643886566,0.2779445946216583,0.2775326073169708,1.998411723921097,0.00037353515625,0.27330920100212097,0.27594271302223206,0.27423906326293945,0.2,0.7566661834716797,0.6666666666666666,0.2479577660560608,21,0.003119126,81,16,30,17,-3.2712246902287005,0.2768893539905548,0.23076923076923078,39,-0.0028739537902310987,0.3,1e-05,0.5135408967034891,0.1091705322265625,0.1,1.0,0.8823529411764706,0.0,13,0.7692307692307693,2040
0.27378183603286743,0.4581005586592179,0.27995795011520386,206,0.2794933319091797,39,0.2802334725856781,726.53,0.2798488736152649,0.27856308221817017,0.27964282035827637,0.2824501097202301,0.2829786539077759,27000832,0.2780466675758362,6902,1.4725474860335204,3911,0.28424879908561707,2.100558659217877,0.27828869223594666,0.28424879908561707,0.2772849500179291,0.2803615629673004,0.27378183603286743,442.9677734375,0.277786523103714,0.2801997661590576,0.2789205014705658,0.2802208662033081,0.5418994413407822,0.15384615384615385,0.279255211353302,0.2790749669075012,0.28039780259132385,0.27999088168144226,1.9309100822933516,0.00042572021484375003,0.27555790543556213,0.2784004807472229,0.2763155698776245,0.2,0.7727545499801636,0.48148148148148145,0.39709940552711487,27,0.0030987654,82,20,34,12,-3.4845082331448793,0.2792520821094513,0.3055555555555556,36,-0.002810819932938102,0.38235294117647056,1e-05,0.48101348758209495,0.10615234375,0.1,1.0,0.9166666666666666,0.0,11,0.7272727272727273,2050
0.2758427858352661,0.45454545454545453,0.28228554129600525,207,0.28192439675331116,44,0.2824808359146118,727.42,0.28205057978630066,0.2808764576911926,0.28221702575683594,0.2846962809562683,0.28535008430480957,27131904,0.2803710103034973,6904,1.4628522727272737,3929,0.28708308935165405,2.0454545454545454,0.2807442545890808,0.28708308935165405,0.27974894642829895,0.2827918529510498,0.2758427858352661,444.8355712890625,0.2802012860774994,0.2824031114578247,0.2811792194843292,0.2824670076370239,0.5454545454545454,0.4090909090909091,0.2818949222564697,0.2815663814544678,0.2826139032840729,0.2825685143470764,1.9751169470302707,0.00046966552734375,0.2779337167739868,0.2808290719985962,0.27858608961105347,0.2,0.799102783203125,0.5652173913043478,0.1752084642648697,23,0.0029595844,80,18,27,10,-3.6962797306478024,0.28162825107574463,0.14705882352941177,34,-0.00238960825599861,0.3333333333333333,1e-05,0.47993826093152164,0.09837265014648437,0.1,1.0,0.7,0.0,20,0.5,2060
0.2783779799938202,0.45789473684210524,0.28452345728874207,208,0.2844390571117401,38,0.28484591841697693,705.22,0.2843492925167084,0.28342053294181824,0.2848341166973114,0.28694742918014526,0.287763386964798,27262976,0.28297609090805054,6907,1.4884736842105273,3946,0.28949955105781555,2.2473684210526317,0.2834084630012512,0.28949955105781555,0.2822631299495697,0.28529810905456543,0.2783779799938202,428.42828369140625,0.2828282117843628,0.28502798080444336,0.28377023339271545,0.2847842872142792,0.5421052631578948,0.18421052631578946,0.28413674235343933,0.28393808007240295,0.28473252058029175,0.285056471824646,1.983548112246342,0.00054473876953125,0.28016674518585205,0.28333964943885803,0.2810211181640625,0.2,0.8198879361152649,0.42857142857142855,0.2029697448015213,21,0.0030167648,87,20,47,11,-3.91083775870502,0.2840699553489685,0.2702702702702703,37,-0.002754588480502207,0.40425531914893614,1e-05,0.47552271184977146,0.104736328125,0.1,0.95,0.9090909090909091,0.0,16,0.8125,2070
0.28085389733314514,0.42777777777777776,0.2872093915939331,209,0.2867230176925659,38,0.2875016927719116,689.4,0.28657767176628113,0.2860706150531769,0.28735819458961487,0.28917789459228516,0.2903607487678528,27394048,0.28529658913612366,6910,1.477822222222223,3964,0.2920805513858795,2.066666666666667,0.28583115339279175,0.2920805513858795,0.284670352935791,0.2878190875053406,0.28085389733314514,421.1338806152344,0.2849605977535248,0.28771713376045227,0.2862919569015503,0.28690510988235474,0.5722222222222222,0.10526315789473684,0.2865596413612366,0.28613266348838806,0.287131667137146,0.2874627411365509,1.9972526347440773,0.0005880737304687501,0.28264686465263367,0.2855609655380249,0.2830740809440613,0.2,0.7831063270568848,0.6086956521739131,0.2240464687347412,23,0.002919883,77,18,30,9,-4.123820632696152,0.2864789664745331,0.24489795918367346,49,-0.0025265398751798786,0.36666666666666664,1e-05,0.562482782243751,0.09958038330078126,0.1,1.0,0.7777777777777778,0.0,13,0.8461538461538461,2080
0.28324058651924133,0.46153846153846156,0.2895343601703644,210,0.2895154356956482,57,0.28984808921813965,743.2,0.28916436433792114,0.2884846031665802,0.28986701369285583,0.2919005751609802,0.2928185760974884,27525120,0.287692666053772,6912,1.4856205128205138,3981,0.29497718811035156,2.1435897435897435,0.2880796790122986,0.29497718811035156,0.2869280278682709,0.2900948226451874,0.28324058651924133,450.2515563964844,0.28730419278144836,0.29006436467170715,0.28850290179252625,0.28967323899269104,0.5384615384615384,0.2807017543859649,0.28908613324165344,0.28871405124664307,0.28946414589881897,0.2900210916996002,1.972964728909927,0.00066802978515625,0.28522977232933044,0.28814560174942017,0.2855777144432068,0.2,0.7698479890823364,0.6363636363636364,0.3234204649925232,22,0.0030939858,90,20,31,10,-4.3375936418771746,0.2889571487903595,0.3157894736842105,38,-0.0027255796792360343,0.2903225806451613,1e-05,0.560070129763335,0.10607223510742188,0.1,1.0,0.9,0.0,17,0.5882352941176471,2090
0.2857138514518738,0.422360248447205,0.2917032837867737,211,0.29200106859207153,41,0.2922848165035248,696.48,0.2917608916759491,0.2909689247608185,0.2922603189945221,0.29428404569625854,0.2952212989330292,27656192,0.2903866767883301,6915,1.471080745341616,3999,0.2977007329463959,2.1677018633540373,0.29065752029418945,0.2977007329463959,0.28962409496307373,0.2926064431667328,0.2857138514518738,422.6845397949219,0.2897876799106598,0.2926039695739746,0.29110094904899597,0.29205673933029175,0.577639751552795,0.2926829268292683,0.2916335463523865,0.2910503149032593,0.2918511629104614,0.2926899492740631,2.039359560054674,0.0007418823242187501,0.2874339520931244,0.2906246483325958,0.2882412374019623,0.2,0.7945495247840881,0.5882352941176471,0.3239799737930298,17,0.0030847893,68,16,28,10,-4.552497623115778,0.2914499044418335,0.25806451612903225,31,-0.0029987548768076523,0.17857142857142858,1e-05,0.5746102776611224,0.10858612060546875,0.1,0.9375,0.8,0.0,18,0.5555555555555556,2100
0.2880616784095764,0.478494623655914,0.2941591739654541,212,0.2946200966835022,43,0.295026034116745,765.04,0.29437455534935,0.2936294972896576,0.29494431614875793,0.29683393239974976,0.2976419925689697,27787264,0.2929497957229614,6918,1.4703118279569902,4016,0.29999998211860657,1.989247311827957,0.29318884015083313,0.29999998211860657,0.29229214787483215,0.29543811082839966,0.2880616784095764,472.7535400390625,0.2922533452510834,0.29519981145858765,0.2937353551387787,0.2945564091205597,0.521505376344086,0.27906976744186046,0.2938990890979767,0.2936154007911682,0.2943327724933624,0.2950522303581238,1.8706933117590276,0.0008135986328125001,0.28986841440200806,0.292713463306427,0.2907097041606903,0.2,0.8013936281204224,0.7391304347826086,0.1330997198820114,23,0.003038574,89,26,30,11,-4.7675363317132,0.29396384954452515,0.20512820512820512,39,-0.0028343086595668866,0.3333333333333333,1e-05,0.49000132428482174,0.102008056640625,0.1,1.0,0.8181818181818182,0.0,14,0.5,2110
0.29057711362838745,0.4779874213836478,0.296999454498291,213,0.297088086605072,32,0.2978872060775757,784.65,0.29690998792648315,0.2962252199649811,0.2975273132324219,0.29943326115608215,0.29996025562286377,27918336,0.2951604425907135,6921,1.4865786163522023,4033,0.29999998211860657,1.9245283018867925,0.29539385437965393,0.29999998211860657,0.29465922713279724,0.29787206649780273,0.29057711362838745,474.890380859375,0.2948128283023834,0.29755502939224243,0.29627174139022827,0.2972553074359894,0.5220125786163522,0.3125,0.2966872751712799,0.2960556745529175,0.29670900106430054,0.29778221249580383,1.964612494544754,0.0008950805664062502,0.2924724519252777,0.2951792776584625,0.29311731457710266,0.2,0.7858116030693054,0.5925925925925926,0.17296868562698364,27,0.0029278316,76,18,26,7,-4.975974303483963,0.29638367891311646,0.3,40,-0.002658198217432073,0.2692307692307692,1e-05,0.5146886986214667,0.09891433715820312,0.1,0.9444444444444444,1.0,0.0,9,0.7777777777777778,2120
0.2929512858390808,0.5114942528735632,0.29950833320617676,214,0.2997182011604309,36,0.29999998211860657,733.25,0.2992752492427826,0.29868772625923157,0.29999998211860657,0.29999998211860657,0.29999998211860657,28049408,0.29773151874542236,6923,1.47728735632184,4051,0.29999998211860657,2.3333333333333335,0.298179030418396,0.29999998211860657,0.29693812131881714,0.29999998211860657,0.2929512858390808,448.20745849609375,0.29725775122642517,0.2999641001224518,0.29856646060943604,0.29971832036972046,0.4885057471264368,0.2777777777777778,0.29940545558929443,0.2988221049308777,0.2991808354854584,0.29999998211860657,1.9783898040178949,0.0009906005859375002,0.29451650381088257,0.2975333034992218,0.2955809235572815,0.2,0.772487998008728,0.5294117647058824,0.2239207923412323,17,0.0027887698,89,15,35,18,-5.170600352808833,0.29854142665863037,0.26666666666666666,30,-0.0027952226037996296,0.37142857142857144,1e-05,0.5216457619098946,0.09979782104492188,0.1,1.0,0.9444444444444444,0.0,23,0.7391304347826086,2130
0.2956312894821167,0.4666666666666667,0.29999998211860657,215,0.29999998211860657,35,0.29999998211860657,743.7,0.29999998211860657,0.29999998211860657,0.29999998211860657,0.29999998211860657,0.29999998211860657,28180480,0.29999998211860657,6926,1.476177777777779,4068,0.29999998211860657,2.2888888888888888,0.29999998211860657,0.29999998211860657,0.2996021807193756,0.29999998211860657,0.2956312894821167,457.4276123046875,0.29982471466064453,0.29999998211860657,0.29999998211860657,0.29999998211860657,0.5333333333333333,0.3142857142857143,0.29999998211860657,0.29999998211860657,0.29999998211860657,0.29999998211860657,2.019627455027999,0.00105560302734375,0.2971597909927368,0.29999998211860657,0.2981214225292206,0.2,0.7728361487388611,0.5882352941176471,0.1716935634613037,17,0.0021961613,84,21,36,19,-5.309555693343282,0.2996135652065277,0.32432432432432434,37,-0.003279640476057466,0.25,1e-05,0.5120313345454633,0.08268051147460938,0.1,0.9047619047619048,0.8421052631578947,0.0,15,0.4666666666666667,2140
0.2979222536087036,0.46153846153846156,0.29999998211860657,216,0.29999998211860657,44,0.29999998211860657,660.03,0.29999998211860657,0.29999998211860657,0.29999998211860657,0.29999998211860657,0.29999998211860657,28311552,0.29999998211860657,6929,1.47168131868132,4085,0.29999998211860657,2.291208791208791,0.29999998211860657,0.29999998211860657,0.29999998211860657,0.29999998211860657,0.2979222536087036,401.3275451660156,0.29999998211860657,0.29999998211860657,0.29999998211860657,0.29999998211860657,0.5384615384615384,0.18181818181818182,0.29999998211860657,0.29999998211860657,0.29999998211860657,0.29999998211860657,1.9880300807528581,0.0010052490234375004,0.2998730540275574,0.29999998211860657,0.29999998211860657,0.2,0.794609010219574,0.72,0.2734789550304413,25,0.0017642942,84,12,37,14,-5.356680591031909,0.2999117970466614,0.1724137931034483,29,-0.003158283541642959,0.40540540540540543,1e-05,0.5046601201873273,0.06306304931640624,0.1,1.0,1.0,0.0,21,0.5714285714285714,2150
0.29999998211860657,0.47398843930635837,0.29999998211860657,217,0.29999998211860657,39,0.29999998211860657,768.21,0.29999998211860657,0.29999998211860657,0.29999998211860657,0.29999998211860657,0.29999998211860657,28442624,0.29999998211860657,6932,1.4714104046242784,4103,0.29999998211860657,2.2369942196531793,0.29999998211860657,0.29999998211860657,0.29999998211860657,0.29999998211860657,0.29999998211860657,471.693603515625,0.29999998211860657,0.29999998211860657,0.29999998211860657,0.29999998211860657,0.5260115606936416,0.3333333333333333,0.29999998211860657,0.29999998211860657,0.29999998211860657,0.29999998211860657,2.0050235742236135,0.00106353759765625,0.29999998211860657,0.29999998211860657,0.29999998211860657,0.2,0.7749733924865723,0.7368421052631579,0.16511091589927673,19,0.0018110633,82,15,28,15,-5.371238335594535,0.30000001192092896,0.34146341463414637,41,-0.0033629772359745403,0.14285714285714285,1e-05,0.5359795839060097,0.06858749389648437,0.1,1.0,0.8,0.0,16,0.625,2160
0.29999998211860657,0.5136612021857924,0.29999998211860657,218,0.29999998211860657,45,0.29999998211860657,803.07,0.29999998211860657,0.29999998211860657,0.29999998211860657,0.29999998211860657,0.29999998211860657,28573696,0.29999998211860657,6934,1.4722841530054658,4120,0.29999998211860657,2.202185792349727,0.29999998211860657,0.29999998211860657,0.29999998211860657,0.29999998211860657,0.29999998211860657,494.220458984375,0.29999998211860657,0.29999998211860657,0.29999998211860657,0.29999998211860657,0.48633879781420764,0.24444444444444444,0.29999998211860657,0.29999998211860657,0.29999998211860657,0.29999998211860657,1.9294826842465025,0.00105560302734375,0.29999998211860657,0.29999998211860657,0.29999998211860657,0.2,0.7629357576370239,0.7222222222222222,0.3337545692920685,18,0.0017894376,94,19,36,11,-5.374142646789551,0.30000001192092896,0.35294117647058826,34,-0.0036196439539253333,0.5,1e-05,0.5344926595455035,0.06751861572265624,0.1,1.0,0.6363636363636364,0.0,20,0.7,2170
0.29999998211860657,0.4620253164556962,0.29999998211860657,219,0.29999998211860657,37,0.29999998211860657,763.97,0.29999998211860657,0.29999998211860657,0.29999998211860657,0.29999998211860657,0.29999998211860657,28704768,0.29999998211860657,6937,1.4928227848101276,4137,0.29999998211860657,2.4683544303797467,0.29999998211860657,0.29999998211860657,0.29999998211860657,0.29999998211860657,0.29999998211860657,469.1190490722656,0.29999998211860657,0.29999998211860657,0.29999998211860657,0.29999998211860657,0.5379746835443038,0.1891891891891892,0.29999998211860657,0.29999998211860657,0.29999998211860657,0.29999998211860657,2.06767464996918,0.0011129760742187502,0.29999998211860657,0.29999998211860657,0.29999998211860657,0.2,0.7783997058868408,0.6875,0.25010213255882263,16,0.0017594874,73,12,35,16,-5.374142646789551,0.30000001192092896,0.3103448275862069,29,-0.003416155483228067,0.3142857142857143,1e-05,0.5173423231113702,0.06584548950195312,0.1,0.8333333333333334,0.875,0.0,13,0.8461538461538461,2180
0.29999998211860657,0.5319148936170213,0.29999998211860657,220,0.29999998211860657,41,0.29999998211860657,801.81,0.29999998211860657,0.29999998211860657,0.29999998211860657,0.29999998211860657,0.29999998211860657,28835840,0.29999998211860657,6939,1.4721063829787244,4155,0.29999998211860657,1.9095744680851063,0.29999998211860657,0.29999998211860657,0.29999998211860657,0.29999998211860657,0.29999998211860657,500.3502197265625,0.29999998211860657,0.29999998211860657,0.29999998211860657,0.29999998211860657,0.46808510638297873,0.3170731707317073,0.29999998211860657,0.29999998211860657,0.29999998211860657,0.29999998211860657,1.8902185353276293,0.0010943603515625002,0.29999998211860657,0.29999998211860657,0.29999998211860657,0.2,0.765209436416626,0.631578947368421,0.12179750204086304,19,0.0017707958,100,30,24,13,-5.374142646789551,0.30000001192092896,0.29545454545454547,44,-0.0035624490090185646,0.25,1e-05,0.49962963063735516,0.06905593872070312,0.1,0.9666666666666667,0.9230769230769231,0.0,17,0.8823529411764706,2190
0.29999998211860657,0.477124183006536,0.29999998211860657,221,0.29999998211860657,38,0.29999998211860657,781.2,0.29999998211860657,0.29999998211860657,0.29999998211860657,0.29999998211860657,0.29999998211860657,28966912,0.29999998211860657,6942,1.474666666666668,4172,0.29999998211860657,2.2483660130718954,0.29999998211860657,0.29999998211860657,0.29999998211860657,0.29999998211860657,0.29999998211860657,484.1480712890625,0.29999998211860657,0.29999998211860657,0.29999998211860657,0.29999998211860657,0.5228758169934641,0.2894736842105263,0.29999998211860657,0.29999998211860657,0.29999998211860657,0.29999998211860657,1.8951006750823416,0.0011044311523437501,0.29999998211860657,0.29999998211860657,0.29999998211860657,0.2,0.7709964513778687,0.6,0.10286357998847961,15,0.0018087912,73,20,33,11,-5.374142646789551,0.30000001192092896,0.2962962962962963,27,-0.0034377120605313394,0.2727272727272727,1e-05,0.5027493424015119,0.06840057373046875,0.1,1.0,0.6363636363636364,0.0,9,1.0,2200
0.29999998211860657,0.55,0.29999998211860657,222,0.29999998211860657,29,0.29999998211860657,773.33,0.29999998211860657,0.29999998211860657,0.29999998211860657,0.29999998211860657,0.29999998211860657,29097984,0.29999998211860657,6945,1.5028222222222234,4189,0.29999998211860657,2.0055555555555555,0.29999998211860657,0.29999998211860657,0.29999998211860657,0.29999998211860657,0.29999998211860657,478.7801513671875,0.29999998211860657,0.29999998211860657,0.29999998211860657,0.29999998211860657,0.45,0.41379310344827586,0.29999998211860657,0.29999998211860657,0.29999998211860657,0.29999998211860657,1.9027634923497183,0.0011383056640625001,0.29999998211860657,0.29999998211860657,0.29999998211860657,0.2,0.7623145580291748,0.75,0.17029181122779846,28,0.0018090904,99,25,37,13,-5.374142646789551,0.30000001192092896,0.2894736842105263,38,-0.003516756775798058,0.32432432432432434,1e-05,0.46777927668299524,0.06915664672851562,0.1,0.96,0.9230769230769231,0.0,10,0.7,2210
0.29999998211860657,0.4069767441860465,0.29999998211860657,223,0.29999998211860657,32,0.29999998211860657,732.1,0.29999998211860657,0.29999998211860657,0.29999998211860657,0.29999998211860657,0.29999998211860657,29229056,0.29999998211860657,6947,1.4881744186046526,4207,0.29999998211860657,2.3197674418604652,0.29999998211860657,0.29999998211860657,0.29999998211860657,0.29999998211860657,0.29999998211860657,460.4061279296875,0.29999998211860657,0.29999998211860657,0.29999998211860657,0.29999998211860657,0.5930232558139535,0.15625,0.29999998211860657,0.29999998211860657,0.29999998211860657,0.29999998211860657,2.013516177092993,0.0011300659179687503,0.29999998211860657,0.29999998211860657,0.29999998211860657,0.2,0.7791877388954163,0.3333333333333333,0.1597435474395752,18,0.0018227616,70,18,36,17,-5.374142646789551,0.30000001192092896,0.17073170731707318,41,-0.003795833992126063,0.3611111111111111,1e-05,0.4876315594185144,0.07274322509765625,0.1,1.0,0.8235294117647058,0.0,10,0.7,2220
0.29999998211860657,0.5517241379310345,0.29999998211860657,224,0.29999998211860657,35,0.29999998211860657,781.58,0.29999998211860657,0.29999998211860657,0.29999998211860657,0.29999998211860657,0.29999998211860657,29360128,0.29999998211860657,6949,1.4930114942528747,4224,0.29999998211860657,2.1206896551724137,0.29999998211860657,0.29999998211860657,0.29999998211860657,0.29999998211860657,0.29999998211860657,492.0722961425781,0.29999998211860657,0.29999998211860657,0.29999998211860657,0.29999998211860657,0.4482758620689655,0.37142857142857144,0.29999998211860657,0.29999998211860657,0.29999998211860657,0.29999998211860657,1.8884444657465445,0.00113250732421875,0.29999998211860657,0.29999998211860657,0.29999998211860657,0.2,0.7839348912239075,0.65,0.30096274614334106,20,0.0017498363,96,22,38,10,-5.374142646789551,0.30000001192092896,0.37142857142857144,35,-0.0035098079810268247,0.4473684210526316,1e-05,0.5640990499639884,0.06621780395507812,0.1,0.9545454545454546,0.8,0.0,14,0.7857142857142857,2230
0.29999998211860657,0.5088757396449705,0.29999998211860657,225,0.29999998211860657,41,0.29999998211860657,766.51,0.29999998211860657,0.29999998211860657,0.29999998211860657,0.29999998211860657,0.29999998211860657,29491200,0.29999998211860657,6952,1.48228402366864,4242,0.29999998211860657,2.1834319526627217,0.29999998211860657,0.29999998211860657,0.29999998211860657,0.29999998211860657,0.29999998211860657,477.4154052734375,0.29999998211860657,0.29999998211860657,0.29999998211860657,0.29999998211860657,0.4911242603550296,0.4634146341463415,0.29999998211860657,0.29999998211860657,0.29999998211860657,0.29999998211860657,2.024514497333208,0.0011666870117187501,0.29999998211860657,0.29999998211860657,0.29999998211860657,0.2,0.775381863117218,0.6666666666666666,0.2626012861728668,18,0.001778871,86,16,32,11,-5.374142646789551,0.30000001192092896,0.2857142857142857,28,-0.0037682973572373156,0.21875,1e-05,0.4702610876178369,0.06858901977539063,0.1,0.9375,0.8181818181818182,0.0,23,0.6956521739130435,2240
0.29999998211860657,0.5389221556886228,0.29999998211860657,226,0.29999998211860657,31,0.29999998211860657,783.05,0.29999998211860657,0.29999998211860657,0.29999998211860657,0.29999998211860657,0.29999998211860657,29622272,0.29999998211860657,6954,1.48231137724551,4259,0.29999998211860657,2.1137724550898205,0.29999998211860657,0.29999998211860657,0.29999998211860657,0.29999998211860657,0.29999998211860657,490.95721435546875,0.29999998211860657,0.29999998211860657,0.29999998211860657,0.29999998211860657,0.46107784431137727,0.41935483870967744,0.29999998211860657,0.29999998211860657,0.29999998211860657,0.29999998211860657,2.009648983333905,0.00115478515625,0.29999998211860657,0.29999998211860657,0.29999998211860657,0.2,0.7719257473945618,0.6296296296296297,0.2872105538845062,27,0.0018167323,90,11,33,9,-5.374142646789551,0.30000001192092896,0.47368421052631576,38,-0.003755374429965741,0.21212121212121213,1e-05,0.4997015051310882,0.072491455078125,0.1,1.0,1.0,0.0,18,0.8333333333333334,2250
0.29999998211860657,0.519774011299435,0.29999998211860657,227,0.29999998211860657,30,0.29999998211860657,769.14,0.29999998211860657,0.29999998211860657,0.29999998211860657,0.29999998211860657,0.29999998211860657,29753344,0.29999998211860657,6956,1.493073446327685,4276,0.29999998211860657,2.1129943502824857,0.29999998211860657,0.29999998211860657,0.29999998211860657,0.29999998211860657,0.29999998211860657,482.2887878417969,0.29999998211860657,0.29999998211860657,0.29999998211860657,0.29999998211860657,0.480225988700565,0.26666666666666666,0.29999998211860657,0.29999998211860657,0.29999998211860657,0.29999998211860657,1.9896917222424504,0.0011755371093750003,0.29999998211860657,0.29999998211860657,0.29999998211860657,0.2,0.7745146751403809,0.4166666666666667,0.23866486549377441,24,0.0018380573,92,19,27,19,-5.374142646789551,0.30000001192092896,0.3333333333333333,42,-0.0036108382678776254,0.4074074074074074,1e-05,0.47546267956495286,0.07169418334960938,0.1,0.9473684210526315,0.9473684210526315,0.0,16,0.8125,2260
0.29999998211860657,0.5,0.29999998211860657,228,0.29999998211860657,35,0.29999998211860657,769.23,0.29999998211860657,0.29999998211860657,0.29999998211860657,0.29999998211860657,0.29999998211860657,29884416,0.29999998211860657,6959,1.5191325301204828,4294,0.29999998211860657,2.0843373493975905,0.29999998211860657,0.29999998211860657,0.29999998211860657,0.29999998211860657,0.29999998211860657,483.5246887207031,0.29999998211860657,0.29999998211860657,0.29999998211860657,0.29999998211860657,0.5,0.2,0.29999998211860657,0.29999998211860657,0.29999998211860657,0.29999998211860657,1.9071396341184677,0.0011923217773437502,0.29999998211860657,0.29999998211860657,0.29999998211860657,0.2,0.7804126739501953,0.5,0.34536176919937134,20,0.0016990872,83,23,30,13,-5.374142646789551,0.30000001192092896,0.2647058823529412,34,-0.003523697607261056,0.5333333333333333,1e-05,0.5197044445667416,0.0631256103515625,0.1,0.9130434782608695,1.0,0.0,11,0.6363636363636364,2270
0.29999998211860657,0.5625,0.29999998211860657,229,0.29999998211860657,27,0.29999998211860657,803.04,0.29999998211860657,0.29999998211860657,0.29999998211860657,0.29999998211860657,0.29999998211860657,30015488,0.29999998211860657,6961,1.4823068181818193,4311,0.29999998211860657,2.1931818181818183,0.29999998211860657,0.29999998211860657,0.29999998211860657,0.29999998211860657,0.29999998211860657,509.3387145996094,0.29999998211860657,0.29999998211860657,0.29999998211860657,0.29999998211860657,0.4375,0.2222222222222222,0.29999998211860657,0.29999998211860657,0.29999998211860657,0.29999998211860657,1.878476151815075,0.0012023925781250002,0.29999998211860657,0.29999998211860657,0.29999998211860657,0.2,0.7803151607513428,0.631578947368421,0.2625110149383545,19,0.0018627775,99,22,31,23,-5.374142646789551,0.30000001192092896,0.29411764705882354,34,-0.003721286217933084,0.5161290322580645,1e-05,0.503766723931767,0.07601394653320312,0.1,0.9545454545454546,0.8695652173913043,0.0,20,0.7,2280
0.29999998211860657,0.4470588235294118,0.29999998211860657,230,0.29999998211860657,35,0.29999998211860657,754.3,0.29999998211860657,0.29999998211860657,0.29999998211860657,0.29999998211860657,0.29999998211860657,30146560,0.29999998211860657,6963,1.5060470588235302,4329,0.29999998211860657,2.3,0.29999998211860657,0.29999998211860657,0.29999998211860657,0.29999998211860657,0.29999998211860657,482.7916259765625,0.29999998211860657,0.29999998211860657,0.29999998211860657,0.29999998211860657,0.5529411764705883,0.2857142857142857,0.29999998211860657,0.29999998211860657,0.29999998211860657,0.29999998211860657,2.0631235832578114,0.0012133789062500002,0.29999998211860657,0.29999998211860657,0.29999998211860657,0.2,0.7957118153572083,0.47058823529411764,0.24050560593605042,17,0.0017922099,76,17,37,13,-5.374142646417022,0.30000001192092896,0.28205128205128205,39,-0.0035913836950385303,0.2972972972972973,1e-05,0.4624339420814067,0.06925048828125,0.1,1.0,0.8461538461538461,0.0,12,0.6666666666666666,2290
0.29999998211860657,0.5117647058823529,0.29999998211860657,231,0.29999998211860657,26,0.29999998211860657,788.73,0.29999998211860657,0.29999998211860657,0.29999998211860657,0.29999998211860657,0.29999998211860657,30277632,0.29999998211860657,6965,1.495788235294119,4346,0.29999998211860657,2.1176470588235294,0.29999998211860657,0.29999998211860657,0.29999998211860657,0.29999998211860657,0.29999998211860657,502.9096984863281,0.29999998211860657,0.29999998211860657,0.29999998211860657,0.29999998211860657,0.48823529411764705,0.38461538461538464,0.29999998211860657,0.29999998211860657,0.29999998211860657,0.29999998211860657,1.9488484852738224,0.0012277221679687501,0.29999998211860657,0.29999998211860657,0.29999998211860657,0.2,0.7825937271118164,0.5789473684210527,0.18871882557868958,19,0.0018560574,87,21,39,13,-5.374142646789551,0.30000001192092896,0.26666666666666666,30,-0.0036614768137951613,0.38461538461538464,1e-05,0.5907050224719569,0.07431640625,0.1,0.9523809523809523,0.6923076923076923,0.0,22,0.6363636363636364,2300
0.29999998211860657,0.6012658227848101,0.29999998211860657,232,0.29999998211860657,36,0.29999998211860657,816.81,0.29999998211860657,0.29999998211860657,0.29999998211860657,0.29999998211860657,0.29999998211860657,30408704,0.29999998211860657,6968,1.4968101265822795,4363,0.29999998211860657,2.259493670886076,0.29999998211860657,0.29999998211860657,0.29999998211860657,0.29999998211860657,0.29999998211860657,515.2245483398438,0.29999998211860657,0.29999998211860657,0.29999998211860657,0.29999998211860657,0.3987341772151899,0.4166666666666667,0.29999998211860657,0.29999998211860657,0.29999998211860657,0.29999998211860657,1.9399497902805285,0.0012619018554687503,0.29999998211860657,0.29999998211860657,0.29999998211860657,0.2,0.778984010219574,0.7777777777777778,0.18795135617256165,18,0.0017783942,95,15,31,13,-5.374142646789551,0.30000001192092896,0.4,30,-0.003618744633786264,0.41935483870967744,1e-05,0.4798543164972216,0.068023681640625,0.1,1.0,0.8461538461538461,0.0,15,1.0,2310
0.29999998211860657,0.5470588235294118,0.29999998211860657,233,0.29999998211860657,38,0.29999998211860657,795.85,0.29999998211860657,0.29999998211860657,0.29999998211860657,0.29999998211860657,0.29999998211860657,30539776,0.29999998211860657,6970,1.4997764705882362,4381,0.29999998211860657,2.176470588235294,0.29999998211860657,0.29999998211860657,0.29999998211860657,0.29999998211860657,0.29999998211860657,506.7823791503906,0.29999998211860657,0.29999998211860657,0.29999998211860657,0.29999998211860657,0.45294117647058824,0.3684210526315789,0.29999998211860657,0.29999998211860657,0.29999998211860657,0.29999998211860657,1.9164578219095534,0.0011944580078125,0.29999998211860657,0.29999998211860657,0.29999998211860657,0.2,0.7857275009155273,0.5384615384615384,0.008323192596435547,13,0.0017250287,93,21,34,11,-5.374142646789551,0.30000001192092896,0.42424242424242425,33,-0.0034294753771973775,0.29411764705882354,1e-05,0.4571307914797217,0.067156982421875,0.1,1.0,1.0,0.0,20,0.8,2320
0.29999998211860657,0.6052631578947368,0.29999998211860657,234,0.29999998211860657,22,0.29999998211860657,842.73,0.29999998211860657,0.29999998211860657,0.29999998211860657,0.29999998211860657,0.29999998211860657,30670848,0.29999998211860657,6973,1.517934210526317,4398,0.29999998211860657,2.0197368421052633,0.29999998211860657,0.29999998211860657,0.29999998211860657,0.29999998211860657,0.29999998211860657,538.3351440429688,0.29999998211860657,0.29999998211860657,0.29999998211860657,0.29999998211860657,0.39473684210526316,0.45454545454545453,0.29999998211860657,0.29999998211860657,0.29999998211860657,0.29999998211860657,1.918371790454259,0.0012744140625000002,0.29999998211860657,0.29999998211860657,0.29999998211860657,0.2,0.8017616271972656,0.7777777777777778,0.1869247555732727,18,0.0018580868,92,21,31,12,-5.374142646789551,0.30000001192092896,0.26666666666666666,30,-0.0038969772782365907,0.4838709677419355,1e-05,0.5033032682491466,0.07327041625976563,0.1,0.9047619047619048,0.9166666666666666,0.0,18,0.8333333333333334,2330
0.29999998211860657,0.5755813953488372,0.29999998211860657,235,0.29999998211860657,40,0.29999998211860657,812.37,0.29999998211860657,0.29999998211860657,0.29999998211860657,0.29999998211860657,0.29999998211860657,30801920,0.29999998211860657,6975,1.5178604651162801,4415,0.29999998211860657,2.238372093023256,0.29999998211860657,0.29999998211860657,0.29999998211860657,0.29999998211860657,0.29999998211860657,524.29931640625,0.29999998211860657,0.29999998211860657,0.29999998211860657,0.29999998211860657,0.42441860465116277,0.4,0.29999998211860657,0.29999998211860657,0.29999998211860657,0.29999998211860657,1.8995102089288107,0.0013116455078125001,0.29999998211860657,0.29999998211860657,0.29999998211860657,0.2,0.7496335506439209,0.7391304347826086,0.14486297965049744,23,0.0018063732,99,21,35,17,-5.374142646789551,0.30000001192092896,0.44,25,-0.003465073201141422,0.34285714285714286,1e-05,0.45510637128027154,0.07004928588867188,0.1,0.9523809523809523,0.7647058823529411,0.0,11,0.9090909090909091,2340
0.29999998211860657,0.5741935483870968,0.29999998211860657,236,0.29999998211860657,29,0.29999998211860657,803.51,0.29999998211860657,0.29999998211860657,0.29999998211860657,0.29999998211860657,0.29999998211860657,30932992,0.29999998211860657,6977,1.5142322580645173,4433,0.29999998211860657,2.1483870967741936,0.29999998211860657,0.29999998211860657,0.29999998211860657,0.29999998211860657,0.29999998211860657,516.4130859375,0.29999998211860657,0.29999998211860657,0.29999998211860657,0.29999998211860657,0.4258064516129032,0.4482758620689655,0.29999998211860657,0.29999998211860657,0.29999998211860657,0.29999998211860657,1.8687862680201226,0.0013085937500000003,0.29999998211860657,0.29999998211860657,0.29999998211860657,0.2,0.7724941372871399,0.65,0.18866154551506042,20,0.0018115813,89,16,29,13,-5.374142646789551,0.30000001192092896,0.3333333333333333,33,-0.0037049742861199773,0.4827586206896552,1e-05,0.5016471039270982,0.07205886840820312,0.1,0.9375,0.8461538461538461,0.0,15,0.8,2350
0.29999998211860657,0.6578947368421053,0.29999998211860657,237,0.29999998211860657,22,0.29999998211860657,853.54,0.29999998211860657,0.29999998211860657,0.29999998211860657,0.29999998211860657,0.29999998211860657,31064064,0.29999998211860657,6979,1.4957368421052641,4450,0.29999998211860657,2.1184210526315788,0.29999998211860657,0.29999998211860657,0.29999998211860657,0.29999998211860657,0.29999998211860657,543.61962890625,0.29999998211860657,0.29999998211860657,0.29999998211860657,0.29999998211860657,0.34210526315789475,0.5,0.29999998211860657,0.29999998211860657,0.29999998211860657,0.29999998211860657,1.8495470590223142,0.0013238525390625003,0.29999998211860657,0.29999998211860657,0.29999998211860657,0.2,0.7747449278831482,0.7647058823529411,0.2419358491897583,17,0.0017974257,100,21,35,13,-5.374142646789551,0.30000001192092896,0.6428571428571429,28,-0.003529105297729984,0.37142857142857144,1e-05,0.47425381569191816,0.07024307250976562,0.1,1.0,0.9230769230769231,0.0,16,0.75,2360
0.29999998211860657,0.5166666666666667,0.29999998211860657,238,0.29999998211860657,44,0.29999998211860657,757.28,0.29999998211860657,0.29999998211860657,0.29999998211860657,0.29999998211860657,0.29999998211860657,31195136,0.29999998211860657,6981,1.5171333333333343,4468,0.29999998211860657,2.316666666666667,0.29999998211860657,0.29999998211860657,0.29999998211860657,0.29999998211860657,0.29999998211860657,487.3185119628906,0.29999998211860657,0.29999998211860657,0.29999998211860657,0.29999998211860657,0.48333333333333334,0.29545454545454547,0.29999998211860657,0.29999998211860657,0.29999998211860657,0.29999998211860657,2.0372804945533183,0.0013055419921875,0.29999998211860657,0.29999998211860657,0.29999998211860657,0.2,0.803928554058075,0.6818181818181818,0.17418086528778076,22,0.0018495593,93,18,38,16,-5.374142646789551,0.30000001192092896,0.41379310344827586,29,-0.003938753373950022,0.2631578947368421,1e-05,0.42898165923543274,0.072991943359375,0.1,0.8888888888888888,0.9375,0.0,13,0.9230769230769231,2370
0.29999998211860657,0.6012658227848101,0.29999998211860657,239,0.29999998211860657,30,0.29999998211860657,806.58,0.29999998211860657,0.29999998211860657,0.29999998211860657,0.29999998211860657,0.29999998211860657,31326208,0.29999998211860657,6983,1.510088607594938,4485,0.29999998211860657,2.3164556962025316,0.29999998211860657,0.29999998211860657,0.29999998211860657,0.29999998211860657,0.29999998211860657,523.401123046875,0.29999998211860657,0.29999998211860657,0.29999998211860657,0.29999998211860657,0.3987341772151899,0.5,0.29999998211860657,0.29999998211860657,0.29999998211860657,0.29999998211860657,1.9303609871608904,0.0013839721679687503,0.29999998211860657,0.29999998211860657,0.29999998211860657,0.2,0.7857128381729126,0.875,0.20507532358169556,8,0.0017212476,95,18,35,13,-5.374142646789551,0.30000001192092896,0.4,35,-0.0034119230925625742,0.37142857142857144,1e-05,0.55934293565806,0.06427459716796875,0.1,1.0,0.8461538461538461,0.0,19,0.8947368421052632,2380
0.29999998211860657,0.5764705882352941,0.29999998211860657,240,0.29999998211860657,32,0.29999998211860657,805.54,0.29999998211860657,0.29999998211860657,0.29999998211860657,0.29999998211860657,0.29999998211860657,31457280,0.29999998211860657,6985,1.5412470588235305,4502,0.29999998211860657,2.135294117647059,0.29999998211860657,0.29999998211860657,0.29999998211860657,0.29999998211860657,0.29999998211860657,522.5972900390625,0.29999998211860657,0.29999998211860657,0.29999998211860657,0.29999998211860657,0.4235294117647059,0.3125,0.29999998211860657,0.29999998211860657,0.29999998211860657,0.29999998211860657,1.946559810575228,0.0013714599609375004,0.29999998211860657,0.29999998211860657,0.29999998211860657,0.2,0.7868339419364929,0.85,0.04362848401069641,20,0.001812726,98,20,31,15,-5.374142646789551,0.30000001192092896,0.3611111111111111,36,-0.0037182902927270335,0.41935483870967744,1e-05,0.451250524353236,0.07435989379882812,0.1,1.0,0.8666666666666667,0.0,16,0.75,2390
0.29999998211860657,0.6133333333333333,0.29999998211860657,241,0.29999998211860657,20,0.29999998211860657,805.0,0.29999998211860657,0.29999998211860657,0.29999998211860657,0.29999998211860657,0.29999998211860657,31588352,0.29999998211860657,6988,1.511746666666668,4520,0.29999998211860657,1.8466666666666667,0.29999998211860657,0.29999998211860657,0.29999998211860657,0.29999998211860657,0.29999998211860657,515.1107788085938,0.29999998211860657,0.29999998211860657,0.29999998211860657,0.29999998211860657,0.38666666666666666,0.55,0.29999998211860657,0.29999998211860657,0.29999998211860657,0.29999998211860657,1.8762290211693493,0.0013949584960937502,0.29999998211860657,0.29999998211860657,0.29999998211860657,0.2,0.7845801115036011,0.6,0.3389723002910614,25,0.0017269105,92,22,34,6,-5.374142646789551,0.30000001192092896,0.4666666666666667,30,-0.003541472843835436,0.4117647058823529,1e-05,0.5101550774648785,0.06599807739257812,0.1,1.0,0.8333333333333334,0.0,13,0.8461538461538461,2400
0.29999998211860657,0.5722222222222222,0.29999998211860657,242,0.29999998211860657,30,0.29999998211860657,782.55,0.29999998211860657,0.29999998211860657,0.29999998211860657,0.29999998211860657,0.29999998211860657,31719424,0.29999998211860657,6990,1.5036444444444454,4537,0.29999998211860657,2.172222222222222,0.29999998211860657,0.29999998211860657,0.29999998211860657,0.29999998211860657,0.29999998211860657,513.8892822265625,0.29999998211860657,0.29999998211860657,0.29999998211860657,0.29999998211860657,0.42777777777777776,0.5,0.29999998211860657,0.29999998211860657,0.29999998211860657,0.29999998211860657,1.9236305132371563,0.0013653564453125003,0.29999998211860657,0.29999998211860657,0.29999998211860657,0.2,0.7891601324081421,0.75,0.1643804907798767,16,0.001743135,103,22,46,9,-5.374142646789551,0.30000001192092896,0.35135135135135137,37,-0.0035501537293839646,0.3695652173913043,1e-05,0.4296306812437251,0.06539230346679688,0.1,1.0,0.7777777777777778,0.0,20,0.85,2410
0.29999998211860657,0.5547945205479452,0.29999998211860657,243,0.29999998211860657,24,0.29999998211860657,852.66,0.29999998211860657,0.29999998211860657,0.29999998211860657,0.29999998211860657,0.29999998211860657,31850496,0.29999998211860657,6992,1.5196712328767135,4555,0.29999998211860657,1.8835616438356164,0.29999998211860657,0.29999998211860657,0.29999998211860657,0.29999998211860657,0.29999998211860657,554.9530639648438,0.29999998211860657,0.29999998211860657,0.29999998211860657,0.29999998211860657,0.4452054794520548,0.16666666666666666,0.29999998211860657,0.29999998211860657,0.29999998211860657,0.29999998211860657,1.8558284179318971,0.0013720703125000002,0.29999998211860657,0.29999998211860657,0.29999998211860657,0.2,0.7874112725257874,0.75,0.3403370678424835,20,0.0017186312,81,22,26,11,-5.374142646789551,0.30000001192092896,0.34782608695652173,23,-0.0032330897055544484,0.4230769230769231,1e-05,0.5063858292065561,0.062412261962890625,0.1,0.9090909090909091,0.9090909090909091,0.0,20,0.65,2420
0.29999998211860657,0.5842696629213483,0.29999998211860657,244,0.29999998211860657,34,0.29999998211860657,779.72,0.29999998211860657,0.29999998211860657,0.29999998211860657,0.29999998211860657,0.29999998211860657,31981568,0.29999998211860657,6994,1.5411685393258439,4572,0.29999998211860657,2.2247191011235956,0.29999998211860657,0.29999998211860657,0.29999998211860657,0.29999998211860657,0.29999998211860657,509.10528564453125,0.29999998211860657,0.29999998211860657,0.29999998211860657,0.29999998211860657,0.4157303370786517,0.4117647058823529,0.29999998211860657,0.29999998211860657,0.29999998211860657,0.29999998211860657,1.8749091946507543,0.0014529418945312502,0.29999998211860657,0.29999998211860657,0.29999998211860657,0.2,0.7817920446395874,0.6,0.13699406385421753,20,0.0016874762,104,21,31,21,-5.374142646789551,0.30000001192092896,0.34285714285714286,35,-0.003596851707334281,0.45161290322580644,1e-05,0.459922911087051,0.06467437744140625,0.1,1.0,0.9047619047619048,0.0,16,0.75,2430
0.29999998211860657,0.5490196078431373,0.29999998211860657,245,0.29999998211860657,33,0.29999998211860657,798.95,0.29999998211860657,0.29999998211860657,0.29999998211860657,0.29999998211860657,0.29999998211860657,32112640,0.29999998211860657,6996,1.5072941176470598,4589,0.29999998211860657,2.2549019607843137,0.29999998211860657,0.29999998211860657,0.29999998211860657,0.29999998211860657,0.29999998211860657,518.3515014648438,0.29999998211860657,0.29999998211860657,0.29999998211860657,0.29999998211860657,0.45098039215686275,0.3333333333333333,0.29999998211860657,0.29999998211860657,0.29999998211860657,0.29999998211860657,2.0310922279195562,0.00145904541015625,0.29999998211860657,0.29999998211860657,0.29999998211860657,0.2,0.80912184715271,0.5333333333333333,0.16620555520057678,15,0.0017682628,84,13,32,10,-5.374142646789551,0.30000001192092896,0.45161290322580644,31,-0.0037190187343185245,0.40625,1e-05,0.46254780248273164,0.06764144897460937,0.1,1.0,0.9,0.0,19,0.8421052631578947,2440
0.29999998211860657,0.6198830409356725,0.29999998211860657,246,0.29999998211860657,35,0.29999998211860657,787.35,0.29999998211860657,0.29999998211860657,0.29999998211860657,0.29999998211860657,0.29999998211860657,32243712,0.29999998211860657,6998,1.5343391812865508,4607,0.29999998211860657,2.1228070175438596,0.29999998211860657,0.29999998211860657,0.29999998211860657,0.29999998211860657,0.29999998211860657,522.4790649414062,0.29999998211860657,0.29999998211860657,0.29999998211860657,0.29999998211860657,0.38011695906432746,0.4,0.29999998211860657,0.29999998211860657,0.29999998211860657,0.29999998211860657,1.7999182939127898,0.0014602661132812503,0.29999998211860657,0.29999998211860657,0.29999998211860657,0.2,0.8052853941917419,0.8571428571428571,0.19319221377372742,14,0.0017254781,106,27,38,11,-5.374142646789551,0.30000001192092896,0.375,32,-0.0036202497354679507,0.5,1e-05,0.5036450003739447,0.06524200439453125,0.1,0.9629629629629629,1.0,0.0,14,0.8571428571428571,2450
0.29999998211860657,0.6329113924050633,0.29999998211860657,247,0.29999998211860657,31,0.29999998211860657,844.24,0.29999998211860657,0.29999998211860657,0.29999998211860657,0.29999998211860657,0.29999998211860657,32374784,0.29999998211860657,7000,1.5208987341772164,4624,0.29999998211860657,1.9050632911392404,0.29999998211860657,0.29999998211860657,0.29999998211860657,0.29999998211860657,0.29999998211860657,559.32958984375,0.29999998211860657,0.29999998211860657,0.29999998211860657,0.29999998211860657,0.3670886075949367,0.45161290322580644,0.29999998211860657,0.29999998211860657,0.29999998211860657,0.29999998211860657,1.7896644073722219,0.0014749145507812504,0.29999998211860657,0.29999998211860657,0.29999998211860657,0.2,0.788040816783905,0.625,0.12074500322341919,16,0.0018077472,100,28,27,10,-5.374142646789551,0.30000001192092896,0.46875,32,-0.0037469943525366032,0.4444444444444444,1e-05,0.4923210660694167,0.07279281616210938,0.1,1.0,0.9,0.0,14,0.8571428571428571,2460
0.29999998211860657,0.6602564102564102,0.29999998211860657,248,0.29999998211860657,24,0.29999998211860657,845.0,0.29999998211860657,0.29999998211860657,0.29999998211860657,0.29999998211860657,0.29999998211860657,32505856,0.29999998211860657,7002,1.5284358974358985,4641,0.29999998211860657,1.8333333333333333,0.29999998211860657,0.29999998211860657,0.29999998211860657,0.29999998211860657,0.29999998211860657,559.8333129882812,0.29999998211860657,0.29999998211860657,0.29999998211860657,0.29999998211860657,0.33974358974358976,0.4166666666666667,0.29999998211860657,0.29999998211860657,0.29999998211860657,0.29999998211860657,1.626695005390496,0.0014859008789062504,0.29999998211860657,0.29999998211860657,0.29999998211860657,0.2,0.79689621925354,0.7368421052631579,0.10791000723838806,19,0.0017543957,103,30,21,17,-5.374142646789551,0.30000001192092896,0.5333333333333333,30,-0.003615465888469771,0.3333333333333333,1e-05,0.4282194275641814,0.06945419311523438,0.1,0.9333333333333333,0.9411764705882353,0.0,15,0.8,2470
0.29999998211860657,0.6071428571428571,0.29999998211860657,249,0.29999998211860657,32,0.29999998211860657,816.13,0.29999998211860657,0.29999998211860657,0.29999998211860657,0.29999998211860657,0.29999998211860657,32636928,0.29999998211860657,7004,1.5083214285714295,4659,0.29999998211860657,2.0535714285714284,0.29999998211860657,0.29999998211860657,0.29999998211860657,0.29999998211860657,0.29999998211860657,541.6892700195312,0.29999998211860657,0.29999998211860657,0.29999998211860657,0.29999998211860657,0.39285714285714285,0.4375,0.29999998211860657,0.29999998211860657,0.29999998211860657,0.29999998211860657,1.8808924332223047,0.00153533935546875,0.29999998211860657,0.29999998211860657,0.29999998211860657,0.2,0.7722176313400269,0.5217391304347826,0.08064961433410645,23,0.0017699827,102,22,31,13,-5.374142646789551,0.30000001192092896,0.37142857142857144,35,-0.003503514845169775,0.5483870967741935,1e-05,0.43848685286939143,0.06956100463867188,0.1,1.0,0.9230769230769231,0.0,12,1.0,2480
0.29999998211860657,0.6326530612244898,0.29999998211860657,250,0.29999998211860657,19,0.29999998211860657,814.66,0.29999998211860657,0.29999998211860657,0.29999998211860657,0.29999998211860657,0.29999998211860657,32768000,0.29999998211860657,7007,1.528938775510205,4676,0.29999998211860657,2.2789115646258504,0.29999998211860657,0.29999998211860657,0.29999998211860657,0.29999998211860657,0.29999998211860657,538.2203979492188,0.29999998211860657,0.29999998211860657,0.29999998211860657,0.29999998211860657,0.3673469387755102,0.47368421052631576,0.29999998211860657,0.29999998211860657,0.29999998211860657,0.29999998211860657,1.8444609555270446,0.0015188598632812503,0.29999998211860657,0.29999998211860657,0.29999998211860657,0.2,0.7750917673110962,0.7857142857142857,0.20947971940040588,14,0.0018064624,93,20,38,16,-5.374142646789551,0.30000001192092896,0.46153846153846156,26,-0.003757454085234713,0.39473684210526316,1e-05,0.4725540837505832,0.07454757690429688,0.1,0.9,0.875,0.0,14,1.0,2490
0.29999998211860657,0.6503067484662577,0.29999998211860657,251,0.29999998211860657,33,0.29999998211860657,834.7,0.29999998211860657,0.29999998211860657,0.29999998211860657,0.29999998211860657,0.29999998211860657,32899072,0.29999998211860657,7009,1.5035705521472402,4693,0.29999998211860657,2.2208588957055215,0.29999998211860657,0.29999998211860657,0.29999998211860657,0.29999998211860657,0.29999998211860657,548.6318359375,0.29999998211860657,0.29999998211860657,0.29999998211860657,0.29999998211860657,0.3496932515337423,0.5151515151515151,0.29999998211860657,0.29999998211860657,0.29999998211860657,0.29999998211860657,1.8845314601816332,0.0015710449218750003,0.29999998211860657,0.29999998211860657,0.29999998211860657,0.2,0.7856528759002686,0.7142857142857143,0.09670284390449524,21,0.001769122,106,16,34,14,-5.374142646789551,0.30000001192092896,0.6071428571428571,28,-0.0035814229920561047,0.38235294117647056,1e-05,0.43958012233488264,0.06962738037109376,0.1,0.9375,0.8571428571428571,0.0,17,1.0,2500
0.29999998211860657,0.5853658536585366,0.29999998211860657,252,0.29999998211860657,35,0.29999998211860657,795.98,0.29999998211860657,0.29999998211860657,0.29999998211860657,0.29999998211860657,0.29999998211860657,33030144,0.29999998211860657,7011,1.525219512195123,4710,0.29999998211860657,2.2560975609756095,0.29999998211860657,0.29999998211860657,0.29999998211860657,0.29999998211860657,0.29999998211860657,529.7450561523438,0.29999998211860657,0.29999998211860657,0.29999998211860657,0.29999998211860657,0.4146341463414634,0.4,0.29999998211860657,0.29999998211860657,0.29999998211860657,0.29999998211860657,1.8930728301648603,0.0015487670898437502,0.29999998211860657,0.29999998211860657,0.29999998211860657,0.2,0.7958076596260071,0.875,0.14592459797859192,16,0.0018033707,96,21,35,15,-5.374142646789551,0.30000001192092896,0.4482758620689655,29,-0.0037365635596415814,0.34285714285714286,1e-05,0.46084983164910226,0.07100753784179688,0.1,0.9523809523809523,0.8,0.0,13,0.8461538461538461,2510
0.29999998211860657,0.6815286624203821,0.29999998211860657,253,0.29999998211860657,32,0.29999998211860657,836.27,0.29999998211860657,0.29999998211860657,0.29999998211860657,0.29999998211860657,0.29999998211860657,33161216,0.29999998211860657,7013,1.5493121019108291,4728,0.29999998211860657,2.1974522292993632,0.29999998211860657,0.29999998211860657,0.29999998211860657,0.29999998211860657,0.29999998211860657,556.91064453125,0.29999998211860657,0.29999998211860657,0.29999998211860657,0.29999998211860657,0.3184713375796178,0.65625,0.29999998211860657,0.29999998211860657,0.29999998211860657,0.29999998211860657,1.894510557030537,0.0015985107421875003,0.29999998211860657,0.29999998211860657,0.29999998211860657,0.2,0.7929559946060181,0.8888888888888888,0.18967419862747192,18,0.001742027,107,21,24,22,-5.374142646789551,0.30000001192092896,0.5416666666666666,24,-0.003399827586963511,0.375,1e-05,0.48117922691162673,0.06708450317382812,0.1,1.0,0.7272727272727273,0.0,16,0.6875,2520
0.29999998211860657,0.622093023255814,0.29999998211860657,254,0.29999998211860657,31,0.29999998211860657,816.93,0.29999998211860657,0.29999998211860657,0.29999998211860657,0.29999998211860657,0.29999998211860657,33292288,0.29999998211860657,7015,1.5273372093023265,4745,0.29999998211860657,1.9534883720930232,0.29999998211860657,0.29999998211860657,0.29999998211860657,0.29999998211860657,0.29999998211860657,552.8079833984375,0.29999998211860657,0.29999998211860657,0.29999998211860657,0.29999998211860657,0.37790697674418605,0.3870967741935484,0.29999998211860657,0.29999998211860657,0.29999998211860657,0.29999998211860657,1.9573707559708706,0.0016223144531250003,0.29999998211860657,0.29999998211860657,0.29999998211860657,0.2,0.7834760546684265,0.8709677419354839,0.14541378617286682,31,0.0017290793,107,21,33,12,-5.374142646789551,0.30000001192092896,0.39285714285714285,28,-0.0034725528052149458,0.42424242424242425,1e-05,0.42826988007873296,0.06353302001953125,0.1,0.9047619047619048,0.9166666666666666,0.0,16,0.8125,2530
0.29999998211860657,0.6453900709219859,0.29999998211860657,255,0.29999998211860657,24,0.29999998211860657,887.5,0.29999998211860657,0.29999998211860657,0.29999998211860657,0.29999998211860657,0.29999998211860657,33423360,0.29999998211860657,7017,1.5055177304964549,4762,0.29999998211860657,1.9858156028368794,0.29999998211860657,0.29999998211860657,0.29999998211860657,0.29999998211860657,0.29999998211860657,595.924560546875,0.29999998211860657,0.29999998211860657,0.29999998211860657,0.29999998211860657,0.3546099290780142,0.7083333333333334,0.29999998211860657,0.29999998211860657,0.29999998211860657,0.29999998211860657,1.7917532657766089,0.0016323852539062503,0.29999998211860657,0.29999998211860657,0.29999998211860657,0.2,0.7967509031295776,0.75,0.1866997480392456,20,0.0017699297,91,22,29,11,-5.374142646789551,0.30000001192092896,0.4166666666666667,24,-0.0036764154733646137,0.3448275862068966,1e-05,0.4577780010877177,0.07085113525390625,0.1,0.9090909090909091,1.0,0.0,11,0.7272727272727273,2540
0.29999998211860657,0.6848484848484848,0.29999998211860657,256,0.29999998211860657,25,0.29999998211860657,799.33,0.29999998211860657,0.29999998211860657,0.29999998211860657,0.29999998211860657,0.29999998211860657,33554432,0.29999998211860657,7019,1.5312484848484862,4780,0.29999998211860657,2.193939393939394,0.29999998211860657,0.29999998211860657,0.29999998211860657,0.29999998211860657,0.29999998211860657,533.9046630859375,0.29999998211860657,0.29999998211860657,0.29999998211860657,0.29999998211860657,0.3151515151515151,0.52,0.29999998211860657,0.29999998211860657,0.29999998211860657,0.29999998211860657,1.72003425590948,0.0016525268554687502,0.29999998211860657,0.29999998211860657,0.29999998211860657,0.2,0.7813946008682251,0.8333333333333334,0.17116844654083252,18,0.0017829195,113,23,38,17,-5.374142646789551,0.30000001192092896,0.5172413793103449,29,-0.003569505685936747,0.5263157894736842,1e-05,0.38979554306715725,0.06820144653320312,0.1,1.0,0.8235294117647058,0.0,15,0.8666666666666667,2550
0.29999998211860657,0.6620689655172414,0.29999998211860657,257,0.29999998211860657,22,0.29999998211860657,856.21,0.29999998211860657,0.29999998211860657,0.29999998211860657,0.29999998211860657,0.29999998211860657,33685504,0.29999998211860657,7021,1.5128275862068978,4797,0.29999998211860657,2.0965517241379312,0.29999998211860657,0.29999998211860657,0.29999998211860657,0.29999998211860657,0.29999998211860657,565.672119140625,0.29999998211860657,0.29999998211860657,0.29999998211860657,0.29999998211860657,0.33793103448275863,0.5454545454545454,0.29999998211860657,0.29999998211860657,0.29999998211860657,0.29999998211860657,1.8368558855257497,0.0017068481445312502,0.29999998211860657,0.29999998211860657,0.29999998211860657,0.2,0.7777241468429565,0.6842105263157895,0.2909447252750397,19,0.0017864637,96,23,35,13,-5.374142646789551,0.30000001192092896,0.6086956521739131,23,-0.0035047041198140506,0.4857142857142857,1e-05,0.5050302247749642,0.06754989624023437,0.1,0.9565217391304348,0.8461538461538461,0.0,10,0.7,2560
0.29999998211860657,0.6867469879518072,0.29999998211860657,258,0.29999998211860657,28,0.29999998211860657,870.19,0.29999998211860657,0.29999998211860657,0.29999998211860657,0.29999998211860657,0.29999998211860657,33816576,0.29999998211860657,7023,1.5255301204819287,4814,0.29999998211860657,2.0481927710843375,0.29999998211860657,0.29999998211860657,0.29999998211860657,0.29999998211860657,0.29999998211860657,593.364013671875,0.29999998211860657,0.29999998211860657,0.29999998211860657,0.29999998211860657,0.3132530120481928,0.5714285714285714,0.29999998211860657,0.29999998211860657,0.29999998211860657,0.29999998211860657,1.8352069479261166,0.0016915893554687502,0.29999998211860657,0.29999998211860657,0.29999998211860657,0.2,0.7891889810562134,0.6666666666666666,0.03178197145462036,18,0.0018712142,114,24,29,17,-5.374142646789551,0.30000001192092896,0.6206896551724138,29,-0.0037535267463681523,0.41379310344827586,1e-05,0.4084096682141535,0.07736434936523437,0.1,1.0,1.0,0.0,21,0.7142857142857143,2570
0.29999998211860657,0.6423357664233577,0.29999998211860657,259,0.29999998211860657,28,0.29999998211860657,849.57,0.29999998211860657,0.29999998211860657,0.29999998211860657,0.29999998211860657,0.29999998211860657,33947648,0.29999998211860657,7025,1.5306423357664245,4832,0.29999998211860657,2.18978102189781,0.29999998211860657,0.29999998211860657,0.29999998211860657,0.29999998211860657,0.29999998211860657,572.06396484375,0.29999998211860657,0.29999998211860657,0.29999998211860657,0.29999998211860657,0.35766423357664234,0.6071428571428571,0.29999998211860657,0.29999998211860657,0.29999998211860657,0.29999998211860657,1.7948934935050636,0.0016827392578125002,0.29999998211860657,0.29999998211860657,0.29999998211860657,0.2,0.754466712474823,0.5833333333333334,0.12696057558059692,12,0.0017287954,88,23,27,17,-5.374142646789551,0.30000001192092896,0.5625,16,-0.003493495712746153,0.37037037037037035,1e-05,0.4710350947687402,0.06382827758789063,0.1,1.0,0.7647058823529411,0.0,14,0.6428571428571429,2580
0.29999998211860657,0.6470588235294118,0.29999998211860657,260,0.29999998211860657,27,0.29999998211860657,817.9,0.29999998211860657,0.29999998211860657,0.29999998211860657,0.29999998211860657,0.29999998211860657,34078720,0.29999998211860657,7027,1.5172588235294129,4849,0.29999998211860657,2.2941176470588234,0.29999998211860657,0.29999998211860657,0.29999998211860657,0.29999998211860657,0.29999998211860657,555.121337890625,0.29999998211860657,0.29999998211860657,0.29999998211860657,0.29999998211860657,0.35294117647058826,0.4444444444444444,0.29999998211860657,0.29999998211860657,0.29999998211860657,0.29999998211860657,1.8958320983276842,0.0017736816406250001,0.29999998211860657,0.29999998211860657,0.29999998211860657,0.2,0.782084584236145,0.7894736842105263,0.1177627444267273,19,0.0018564832,110,22,45,17,-5.374142646789551,0.30000001192092896,0.5769230769230769,26,-0.0038028803676752434,0.4,1e-05,0.4329063062905334,0.07124099731445313,0.1,1.0,0.8823529411764706,0.0,14,0.9285714285714286,2590
0.29999998211860657,0.631578947368421,0.29999998211860657,261,0.29999998211860657,28,0.29999998211860657,833.91,0.29999998211860657,0.29999998211860657,0.29999998211860657,0.29999998211860657,0.29999998211860657,34209792,0.29999998211860657,7029,1.5183421052631592,4866,0.29999998211860657,2.2697368421052633,0.29999998211860657,0.29999998211860657,0.29999998211860657,0.29999998211860657,0.29999998211860657,564.5049438476562,0.29999998211860657,0.29999998211860657,0.29999998211860657,0.29999998211860657,0.3684210526315789,0.5,0.29999998211860657,0.29999998211860657,0.29999998211860657,0.29999998211860657,1.7796037384334855,0.0017736816406250001,0.29999998211860657,0.29999998211860657,0.29999998211860657,0.2,0.7839212417602539,0.8333333333333334,0.15866369009017944,18,0.001794902,96,15,35,14,-5.374142646789551,0.30000001192092896,0.5416666666666666,24,-0.0037317930863537186,0.37142857142857144,1e-05,0.4760015946812928,0.06968917846679687,0.1,0.9333333333333333,1.0,0.0,18,0.7222222222222222,2600
0.29999998211860657,0.65625,0.29999998211860657,262,0.29999998211860657,25,0.29999998211860657,825.49,0.29999998211860657,0.29999998211860657,0.29999998211860657,0.29999998211860657,0.29999998211860657,34340864,0.29999998211860657,7031,1.522600000000001,4884,0.29999998211860657,2.375,0.29999998211860657,0.29999998211860657,0.29999998211860657,0.29999998211860657,0.29999998211860657,555.3258666992188,0.29999998211860657,0.29999998211860657,0.29999998211860657,0.29999998211860657,0.34375,0.52,0.29999998211860657,0.29999998211860657,0.29999998211860657,0.29999998211860657,1.8858796496481047,0.0018072509765625002,0.29999998211860657,0.29999998211860657,0.29999998211860657,0.2,0.7913548946380615,0.8421052631578947,0.027817100286483765,19,0.0017276596,105,16,33,23,-5.374142646789551,0.30000001192092896,0.6,30,-0.0035793792991626106,0.3333333333333333,1e-05,0.41226913740392773,0.066900634765625,0.1,1.0,0.9130434782608695,0.0,14,0.7142857142857143,2610
0.29999998211860657,0.7142857142857143,0.29999998211860657,263,0.29999998211860657,18,0.29999998211860657,877.12,0.29999998211860657,0.29999998211860657,0.29999998211860657,0.29999998211860657,0.29999998211860657,34471936,0.29999998211860657,7033,1.5222142857142869,4901,0.29999998211860657,1.9857142857142858,0.29999998211860657,0.29999998211860657,0.29999998211860657,0.29999998211860657,0.29999998211860657,597.9465942382812,0.29999998211860657,0.29999998211860657,0.29999998211860657,0.29999998211860657,0.2857142857142857,0.2777777777777778,0.29999998211860657,0.29999998211860657,0.29999998211860657,0.29999998211860657,1.6745332413330025,0.0017919921875000002,0.29999998211860657,0.29999998211860657,0.29999998211860657,0.2,0.7954659461975098,0.9333333333333333,0.2161896526813507,15,0.001746706,100,26,25,17,-5.374142646789551,0.30000001192092896,0.6153846153846154,26,-0.003493434915162652,0.4,1e-05,0.48168127194512633,0.0653961181640625,0.1,1.0,0.9411764705882353,0.0,13,1.0,2620
0.29999998211860657,0.7215189873417721,0.29999998211860657,264,0.29999998211860657,28,0.29999998211860657,868.41,0.29999998211860657,0.29999998211860657,0.29999998211860657,0.29999998211860657,0.29999998211860657,34603008,0.29999998211860657,7035,1.516949367088609,4918,0.29999998211860657,2.2341772151898733,0.29999998211860657,0.29999998211860657,0.29999998211860657,0.29999998211860657,0.29999998211860657,588.734130859375,0.29999998211860657,0.29999998211860657,0.29999998211860657,0.29999998211860657,0.27848101265822783,0.5357142857142857,0.29999998211860657,0.29999998211860657,0.29999998211860657,0.29999998211860657,1.6577490913808874,0.0018603515625000002,0.29999998211860657,0.29999998211860657,0.29999998211860657,0.2,0.754635214805603,0.9333333333333333,0.037331998348236084,15,0.0018466808,114,23,33,19,-5.374142646789551,0.30000001192092896,0.52,25,-0.0034704754458289243,0.5151515151515151,1e-05,0.35855934334686024,0.071539306640625,0.1,1.0,0.8947368421052632,0.0,15,1.0,2630
0.29999998211860657,0.6510067114093959,0.29999998211860657,265,0.29999998211860657,23,0.29999998211860657,843.62,0.29999998211860657,0.29999998211860657,0.29999998211860657,0.29999998211860657,0.29999998211860657,34734080,0.29999998211860657,7037,1.4993691275167798,4935,0.29999998211860657,2.1073825503355703,0.29999998211860657,0.29999998211860657,0.29999998211860657,0.29999998211860657,0.29999998211860657,567.4598388671875,0.29999998211860657,0.29999998211860657,0.29999998211860657,0.29999998211860657,0.348993288590604,0.5217391304347826,0.29999998211860657,0.29999998211860657,0.29999998211860657,0.29999998211860657,1.8311681544369354,0.0017745971679687502,0.29999998211860657,0.29999998211860657,0.29999998211860657,0.2,0.7801556587219238,0.7894736842105263,0.12605544924736023,19,0.0017663242,97,18,33,12,-5.374142646789551,0.30000001192092896,0.5925925925925926,27,-0.0036750398580807087,0.3939393939393939,1e-05,0.40497502309735867,0.06852264404296875,0.1,1.0,0.8333333333333334,0.0,17,0.7647058823529411,2640
0.29999998211860657,0.632258064516129,0.29999998211860657,266,0.29999998211860657,32,0.29999998211860657,817.57,0.29999998211860657,0.29999998211860657,0.29999998211860657,0.29999998211860657,0.29999998211860657,34865152,0.29999998211860657,7039,1.5221290322580656,4952,0.29999998211860657,2.2193548387096773,0.29999998211860657,0.29999998211860657,0.29999998211860657,0.29999998211860657,0.29999998211860657,552.0764770507812,0.29999998211860657,0.29999998211860657,0.29999998211860657,0.29999998211860657,0.36774193548387096,0.4375,0.29999998211860657,0.29999998211860657,0.29999998211860657,0.29999998211860657,1.8373799436386222,0.0018765258789062503,0.29999998211860657,0.29999998211860657,0.29999998211860657,0.2,0.7856510877609253,0.75,0.16174998879432678,16,0.0017083625,98,16,26,16,-5.374142646789551,0.30000001192092896,0.6129032258064516,31,-0.0033591950766549417,0.34615384615384615,1e-05,0.47273518273141235,0.06361923217773438,0.1,0.9375,0.875,0.0,18,0.8333333333333334,2650
0.29999998211860657,0.7124183006535948,0.29999998211860657,267,0.29999998211860657,32,0.29999998211860657,861.32,0.29999998211860657,0.29999998211860657,0.29999998211860657,0.29999998211860657,0.29999998211860657,34996224,0.29999998211860657,7041,1.5290326797385632,4970,0.29999998211860657,1.8954248366013071,0.29999998211860657,0.29999998211860657,0.29999998211860657,0.29999998211860657,0.29999998211860657,583.34716796875,0.29999998211860657,0.29999998211860657,0.29999998211860657,0.29999998211860657,0.2875816993464052,0.5,0.29999998211860657,0.29999998211860657,0.29999998211860657,0.29999998211860657,1.700996885325126,0.0018475341796875002,0.29999998211860657,0.29999998211860657,0.29999998211860657,0.2,0.7761174440383911,0.9,0.2058156430721283,20,0.0017502226,109,27,24,12,-5.374142646789551,0.30000001192092896,0.5185185185185185,27,-0.0035047998833306337,0.4583333333333333,1e-05,0.4619055222952738,0.0665679931640625,0.1,1.0,1.0,0.0,11,1.0,2660
0.29999998211860657,0.7225806451612903,0.29999998211860657,268,0.29999998211860657,28,0.29999998211860657,865.79,0.29999998211860657,0.29999998211860657,0.29999998211860657,0.29999998211860657,0.29999998211860657,35127296,0.29999998211860657,7043,1.5412903225806462,4987,0.29999998211860657,1.8516129032258064,0.29999998211860657,0.29999998211860657,0.29999998211860657,0.29999998211860657,0.29999998211860657,590.0565185546875,0.29999998211860657,0.29999998211860657,0.29999998211860657,0.29999998211860657,0.27741935483870966,0.4642857142857143,0.29999998211860657,0.29999998211860657,0.29999998211860657,0.29999998211860657,1.7278831396092813,0.001881103515625,0.29999998211860657,0.29999998211860657,0.29999998211860657,0.2,0.7440338730812073,0.8125,0.1563892364501953,16,0.0017136858,112,27,20,14,-5.374142646789551,0.30000001192092896,0.7,30,-0.003361551738862545,0.55,1e-05,0.4279562632087618,0.067120361328125,0.1,0.9629629629629629,0.7857142857142857,0.0,20,0.85,2670
0.29999998211860657,0.7291666666666666,0.29999998211860657,269,0.29999998211860657,21,0.29999998211860657,839.76,0.29999998211860657,0.29999998211860657,0.29999998211860657,0.29999998211860657,0.29999998211860657,35258368,0.29999998211860657,7045,1.5071666666666677,5004,0.29999998211860657,1.8055555555555556,0.29999998211860657,0.29999998211860657,0.29999998211860657,0.29999998211860657,0.29999998211860657,572.8545532226562,0.29999998211860657,0.29999998211860657,0.29999998211860657,0.29999998211860657,0.2708333333333333,0.5714285714285714,0.29999998211860657,0.29999998211860657,0.29999998211860657,0.29999998211860657,1.6386876884932682,0.0019042968750000002,0.29999998211860657,0.29999998211860657,0.29999998211860657,0.2,0.7655138969421387,0.8571428571428571,0.1846071481704712,14,0.0017740349,105,26,22,12,-5.374142646789551,0.30000001192092896,0.46153846153846156,26,-0.003702920741670823,0.7272727272727273,1e-05,0.39088667996693405,0.06594085693359375,0.1,0.9615384615384616,0.8333333333333334,0.0,23,0.782608695652174,2680
0.29999998211860657,0.7058823529411765,0.29999998211860657,270,0.29999998211860657,29,0.29999998211860657,854.99,0.29999998211860657,0.29999998211860657,0.29999998211860657,0.29999998211860657,0.29999998211860657,35389440,0.29999998211860657,7047,1.5201176470588247,5021,0.29999998211860657,1.8,0.29999998211860657,0.29999998211860657,0.29999998211860657,0.29999998211860657,0.29999998211860657,580.927734375,0.29999998211860657,0.29999998211860657,0.29999998211860657,0.29999998211860657,0.29411764705882354,0.3793103448275862,0.29999998211860657,0.29999998211860657,0.29999998211860657,0.29999998211860657,1.6724528899971092,0.0018746948242187502,0.29999998211860657,0.29999998211860657,0.29999998211860657,0.2,0.7591090202331543,0.8095238095238095,0.12059473991394043,21,0.0017367969,120,33,29,12,-5.374142646789551,0.30000001192092896,0.6,30,-0.003367337476083776,0.5517241379310345,1e-05,0.3714018257218413,0.06627349853515625,0.1,1.0,0.9166666666666666,0.0,16,0.875,2690
0.29999998211860657,0.6099290780141844,0.29999998211860657,271,0.29999998211860657,37,0.29999998211860657,834.88,0.29999998211860657,0.29999998211860657,0.29999998211860657,0.29999998211860657,0.29999998211860657,35520512,0.29999998211860657,7049,1.4989787234042564,5038,0.29999998211860657,2.4468085106382977,0.29999998211860657,0.29999998211860657,0.29999998211860657,0.29999998211860657,0.29999998211860657,564.0742797851562,0.29999998211860657,0.29999998211860657,0.29999998211860657,0.29999998211860657,0.3900709219858156,0.4864864864864865,0.29999998211860657,0.29999998211860657,0.29999998211860657,0.29999998211860657,2.019151766717189,0.0018588256835937503,0.29999998211860657,0.29999998211860657,0.29999998211860657,0.2,0.7976138591766357,0.6666666666666666,0.06602111458778381,15,0.0017298231,86,10,27,16,-5.374142646789551,0.30000001192092896,0.7,20,-0.0035280169723591825,0.2962962962962963,1e-05,0.3885332698002458,0.06406478881835938,0.1,1.0,0.8125,0.0,16,0.8125,2700
0.29999998211860657,0.6932515337423313,0.29999998211860657,272,0.29999998211860657,26,0.29999998211860657,855.62,0.29999998211860657,0.29999998211860657,0.29999998211860657,0.29999998211860657,0.29999998211860657,35651584,0.29999998211860657,7051,1.537030674846627,5056,0.29999998211860657,2.1104294478527605,0.29999998211860657,0.29999998211860657,0.29999998211860657,0.29999998211860657,0.29999998211860657,580.6604614257812,0.29999998211860657,0.29999998211860657,0.29999998211860657,0.29999998211860657,0.3067484662576687,0.6153846153846154,0.29999998211860657,0.29999998211860657,0.29999998211860657,0.29999998211860657,1.74928510909771,0.0018844604492187502,0.29999998211860657,0.29999998211860657,0.29999998211860657,0.2,0.7613363265991211,0.8947368421052632,0.22734373807907104,19,0.0017154219,113,28,38,17,-5.374142646789551,0.30000001192092896,0.5454545454545454,22,-0.0034692155856191676,0.3684210526315789,1e-05,0.4724625196075067,0.0633819580078125,0.1,1.0,0.8823529411764706,0.0,13,0.8461538461538461,2710
0.29999998211860657,0.6986301369863014,0.29999998211860657,273,0.29999998211860657,14,0.29999998211860657,859.49,0.29999998211860657,0.29999998211860657,0.29999998211860657,0.29999998211860657,0.29999998211860657,35782656,0.29999998211860657,7053,1.5324109589041106,5073,0.29999998211860657,1.9794520547945205,0.29999998211860657,0.29999998211860657,0.29999998211860657,0.29999998211860657,0.29999998211860657,587.0899047851562,0.29999998211860657,0.29999998211860657,0.29999998211860657,0.29999998211860657,0.3013698630136986,0.5714285714285714,0.29999998211860657,0.29999998211860657,0.29999998211860657,0.29999998211860657,1.7525012415969978,0.00193450927734375,0.29999998211860657,0.29999998211860657,0.29999998211860657,0.2,0.7819228768348694,0.6842105263157895,0.11268925666809082,19,0.0017540378,102,24,26,18,-5.374142646789551,0.30000001192092896,0.53125,32,-0.003731314854951506,0.4230769230769231,1e-05,0.4290713152149692,0.0662384033203125,0.1,1.0,0.8888888888888888,0.0,13,1.0,2720
0.29999998211860657,0.7088607594936709,0.29999998211860657,274,0.29999998211860657,28,0.29999998211860657,881.04,0.29999998211860657,0.29999998211860657,0.29999998211860657,0.29999998211860657,0.29999998211860657,35913728,0.29999998211860657,7055,1.531481012658229,5090,0.29999998211860657,2.189873417721519,0.29999998211860657,0.29999998211860657,0.29999998211860657,0.29999998211860657,0.29999998211860657,593.1910400390625,0.29999998211860657,0.29999998211860657,0.29999998211860657,0.29999998211860657,0.2911392405063291,0.5357142857142857,0.29999998211860657,0.29999998211860657,0.29999998211860657,0.29999998211860657,1.89542022564184,0.00197296142578125,0.29999998211860657,0.29999998211860657,0.29999998211860657,0.2,0.7812529802322388,0.8125,0.04816123843193054,16,0.0018081504,112,18,33,15,-5.374142646789551,0.30000001192092896,0.56,25,-0.0037083596382672113,0.6363636363636364,1e-05,0.38648078084224835,0.07245559692382812,0.1,0.9444444444444444,0.8,0.0,23,0.8695652173913043,2730
0.29999998211860657,0.7071428571428572,0.29999998211860657,275,0.29999998211860657,31,0.29999998211860657,848.93,0.29999998211860657,0.29999998211860657,0.29999998211860657,0.29999998211860657,0.29999998211860657,36044800,0.29999998211860657,7057,1.5171714285714297,5107,0.29999998211860657,2.164285714285714,0.29999998211860657,0.29999998211860657,0.29999998211860657,0.29999998211860657,0.29999998211860657,578.645263671875,0.29999998211860657,0.29999998211860657,0.29999998211860657,0.29999998211860657,0.29285714285714287,0.3870967741935484,0.29999998211860657,0.29999998211860657,0.29999998211860657,0.29999998211860657,1.904734602671457,0.00202392578125,0.29999998211860657,0.29999998211860657,0.29999998211860657,0.2,0.7774029970169067,1.0,0.13532447814941406,17,0.0016759646,99,19,28,14,-5.374142646789551,0.30000001192092896,0.625,16,-0.0035466485312099392,0.4642857142857143,1e-05,0.42088981573469936,0.06342697143554688,0.1,1.0,0.9285714285714286,0.0,15,1.0,2740
0.29999998211860657,0.7341772151898734,0.29999998211860657,276,0.29999998211860657,25,0.29999998211860657,879.23,0.29999998211860657,0.29999998211860657,0.29999998211860657,0.29999998211860657,0.29999998211860657,36175872,0.29999998211860657,7058,1.534620253164558,5124,0.29999998211860657,1.9746835443037976,0.29999998211860657,0.29999998211860657,0.29999998211860657,0.29999998211860657,0.29999998211860657,600.3709106445312,0.29999998211860657,0.29999998211860657,0.29999998211860657,0.29999998211860657,0.26582278481012656,0.64,0.29999998211860657,0.29999998211860657,0.29999998211860657,0.29999998211860657,1.806191106502884,0.0019699096679687503,0.29999998211860657,0.29999998211860657,0.29999998211860657,0.2,0.7702381610870361,0.9090909090909091,0.10475504398345947,22,0.0017668009,116,23,28,14,-5.374142646789551,0.30000001192092896,0.59375,32,-0.003447709137435595,0.42857142857142855,1e-05,0.35794500323245304,0.06737289428710938,0.1,1.0,0.8571428571428571,0.0,14,1.0,2750
0.29999998211860657,0.6824324324324325,0.29999998211860657,277,0.29999998211860657,27,0.29999998211860657,844.14,0.29999998211860657,0.29999998211860657,0.29999998211860657,0.29999998211860657,0.29999998211860657,36306944,0.29999998211860657,7061,1.5336486486486498,5141,0.29999998211860657,2.222972972972973,0.29999998211860657,0.29999998211860657,0.29999998211860657,0.29999998211860657,0.29999998211860657,572.1146850585938,0.29999998211860657,0.29999998211860657,0.29999998211860657,0.29999998211860657,0.31756756756756754,0.4444444444444444,0.29999998211860657,0.29999998211860657,0.29999998211860657,0.29999998211860657,1.8015259150705392,0.00200225830078125,0.29999998211860657,0.29999998211860657,0.29999998211860657,0.2,0.7701900005340576,0.7272727272727273,0.17236807942390442,11,0.0017423241,101,22,29,18,-5.374142646789551,0.30000001192092896,0.5652173913043478,23,-0.0037581086264253825,0.5172413793103449,1e-05,0.39450091554317623,0.06935653686523438,0.1,1.0,0.7777777777777778,0.0,18,0.9444444444444444,2760
0.29999998211860657,0.7254901960784313,0.29999998211860657,278,0.29999998211860657,26,0.29999998211860657,874.99,0.29999998211860657,0.29999998211860657,0.29999998211860657,0.29999998211860657,0.29999998211860657,36438016,0.29999998211860657,7062,1.539856209150328,5159,0.29999998211860657,2.0326797385620914,0.29999998211860657,0.29999998211860657,0.29999998211860657,0.29999998211860657,0.29999998211860657,598.416259765625,0.29999998211860657,0.29999998211860657,0.29999998211860657,0.29999998211860657,0.27450980392156865,0.5,0.29999998211860657,0.29999998211860657,0.29999998211860657,0.29999998211860657,1.643308369531386,0.0020123291015625004,0.29999998211860657,0.29999998211860657,0.29999998211860657,0.2,0.7592328786849976,0.9375,0.18387329578399658,16,0.0017468937,111,26,31,14,-5.374142646789551,0.30000001192092896,0.64,25,-0.0035410230836987466,0.4838709677419355,1e-05,0.3982452720636502,0.06726531982421875,0.1,1.0,0.8571428571428571,0.0,15,0.9333333333333333,2770
0.29999998211860657,0.6242038216560509,0.29999998211860657,279,0.29999998211860657,27,0.29999998211860657,801.74,0.29999998211860657,0.29999998211860657,0.29999998211860657,0.29999998211860657,0.29999998211860657,36569088,0.29999998211860657,7064,1.5189554140127401,5176,0.29999998211860657,2.0127388535031847,0.29999998211860657,0.29999998211860657,0.29999998211860657,0.29999998211860657,0.29999998211860657,541.3214721679688,0.29999998211860657,0.29999998211860657,0.29999998211860657,0.29999998211860657,0.37579617834394907,0.4444444444444444,0.29999998211860657,0.29999998211860657,0.29999998211860657,0.29999998211860657,1.8596678270160603,0.0020687866210937498,0.29999998211860657,0.29999998211860657,0.29999998211860657,0.2,0.7917735576629639,0.7037037037037037,0.12699076533317566,27,0.0017480549,98,21,30,15,-5.374142646789551,0.30000001192092896,0.4583333333333333,24,-0.003606459823095065,0.4,1e-05,0.3654145264765248,0.06517562866210938,0.1,0.9523809523809523,0.9333333333333333,0.0,13,0.7692307692307693,2780
0.29999998211860657,0.6524390243902439,0.29999998211860657,280,0.29999998211860657,27,0.29999998211860657,838.49,0.29999998211860657,0.29999998211860657,0.29999998211860657,0.29999998211860657,0.29999998211860657,36700160,0.29999998211860657,7066,1.5192926829268305,5193,0.29999998211860657,2.207317073170732,0.29999998211860657,0.29999998211860657,0.29999998211860657,0.29999998211860657,0.29999998211860657,571.067138671875,0.29999998211860657,0.29999998211860657,0.29999998211860657,0.29999998211860657,0.3475609756097561,0.5185185185185185,0.29999998211860657,0.29999998211860657,0.29999998211860657,0.29999998211860657,1.9724755985673543,0.0021206665039062503,0.29999998211860657,0.29999998211860657,0.29999998211860657,0.2,0.7909632921218872,0.8,0.1269964575767517,25,0.0017340133,107,15,33,18,-5.374142646789551,0.30000001192092896,0.5357142857142857,28,-0.0036559936275807558,0.36363636363636365,1e-05,0.4599607636104338,0.06483840942382812,0.1,1.0,0.8888888888888888,0.0,18,0.8333333333333334,2790
0.29999998211860657,0.7112676056338029,0.29999998211860657,281,0.29999998211860657,37,0.29999998211860657,882.86,0.29999998211860657,0.29999998211860657,0.29999998211860657,0.29999998211860657,0.29999998211860657,36831232,0.29999998211860657,7068,1.522211267605635,5210,0.29999998211860657,2.2816901408450705,0.29999998211860657,0.29999998211860657,0.29999998211860657,0.29999998211860657,0.29999998211860657,601.9340209960938,0.29999998211860657,0.29999998211860657,0.29999998211860657,0.29999998211860657,0.2887323943661972,0.7027027027027027,0.29999998211860657,0.29999998211860657,0.29999998211860657,0.29999998211860657,1.9397340537704921,0.0020806884765625,0.29999998211860657,0.29999998211860657,0.29999998211860657,0.2,0.7930470705032349,0.7777777777777778,0.14773401618003845,18,0.0016468638,101,13,31,10,-5.374142646789551,0.30000001192092896,0.5263157894736842,19,-0.0033684976525364617,0.4838709677419355,1e-05,0.43731736385961995,0.05872344970703125,0.1,1.0,0.9,0.0,14,1.0,2800
0.29999998211860657,0.7100591715976331,0.29999998211860657,282,0.29999998211860657,28,0.29999998211860657,851.26,0.29999998211860657,0.29999998211860657,0.29999998211860657,0.29999998211860657,0.29999998211860657,36962304,0.29999998211860657,7069,1.5165680473372796,5228,0.29999998211860657,2.195266272189349,0.29999998211860657,0.29999998211860657,0.29999998211860657,0.29999998211860657,0.29999998211860657,580.5042724609375,0.29999998211860657,0.29999998211860657,0.29999998211860657,0.29999998211860657,0.28994082840236685,0.5357142857142857,0.29999998211860657,0.29999998211860657,0.29999998211860657,0.29999998211860657,1.8294007651202453,0.0020623779296875004,0.29999998211860657,0.29999998211860657,0.29999998211860657,0.2,0.7828941941261292,0.8888888888888888,0.07834285497665405,18,0.0017682745,120,26,31,25,-5.374142646789551,0.30000001192092896,0.5652173913043478,23,-0.003752127579491571,0.3548387096774194,1e-05,0.34765215788502246,0.06730804443359376,0.1,1.0,0.88,0.0,18,0.9444444444444444,2810
0.29999998211860657,0.6764705882352942,0.29999998211860657,283,0.29999998211860657,16,0.29999998211860657,848.05,0.29999998211860657,0.29999998211860657,0.29999998211860657,0.29999998211860657,0.29999998211860657,37093376,0.29999998211860657,7071,1.5327058823529423,5245,0.29999998211860657,2.1838235294117645,0.29999998211860657,0.29999998211860657,0.29999998211860657,0.29999998211860657,0.29999998211860657,577.3885498046875,0.29999998211860657,0.29999998211860657,0.29999998211860657,0.29999998211860657,0.3235294117647059,0.5,0.29999998211860657,0.29999998211860657,0.29999998211860657,0.29999998211860657,1.7868027395949064,0.0021075439453125,0.29999998211860657,0.29999998211860657,0.29999998211860657,0.2,0.7602001428604126,0.8461538461538461,0.32149747014045715,13,0.0017254411,92,19,29,17,-5.374142646789551,0.30000001192092896,0.48,25,-0.0035844456137056114,0.4482758620689655,1e-05,0.4179882897180505,0.0645294189453125,0.1,1.0,0.7647058823529411,0.0,17,0.9411764705882353,2820
0.29999998211860657,0.7083333333333334,0.29999998211860657,284,0.29999998211860657,30,0.29999998211860657,871.49,0.29999998211860657,0.29999998211860657,0.29999998211860657,0.29999998211860657,0.29999998211860657,37224448,0.29999998211860657,7073,1.5233452380952393,5262,0.29999998211860657,2.4404761904761907,0.29999998211860657,0.29999998211860657,0.29999998211860657,0.29999998211860657,0.29999998211860657,590.83203125,0.29999998211860657,0.29999998211860657,0.29999998211860657,0.29999998211860657,0.2916666666666667,0.5333333333333333,0.29999998211860657,0.29999998211860657,0.29999998211860657,0.29999998211860657,1.9401361300642792,0.0021038818359375,0.29999998211860657,0.29999998211860657,0.29999998211860657,0.2,0.7776252031326294,0.875,0.10259228944778442,16,0.0017664994,119,17,33,27,-5.374142646789551,0.30000001192092896,0.56,25,-0.003670475075887225,0.48484848484848486,1e-05,0.38766975537873805,0.06623992919921876,0.1,1.0,0.9629629629629629,0.0,20,0.8,2830
0.29999998211860657,0.6846153846153846,0.29999998211860657,285,0.29999998211860657,23,0.29999998211860657,855.36,0.29999998211860657,0.29999998211860657,0.29999998211860657,0.29999998211860657,0.29999998211860657,37355520,0.29999998211860657,7074,1.5251230769230781,5280,0.29999998211860657,2.3,0.29999998211860657,0.29999998211860657,0.29999998211860657,0.29999998211860657,0.29999998211860657,578.9861450195312,0.29999998211860657,0.29999998211860657,0.29999998211860657,0.29999998211860657,0.3153846153846154,0.6956521739130435,0.29999998211860657,0.29999998211860657,0.29999998211860657,0.29999998211860657,1.8262203777258361,0.002115478515625,0.29999998211860657,0.29999998211860657,0.29999998211860657,0.2,0.785125732421875,0.7777777777777778,0.26286858320236206,18,0.0017585843,89,16,27,19,-5.374142646789551,0.30000001192092896,0.625,16,-0.0038570626888031257,0.2962962962962963,1e-05,0.4106874720193446,0.06900787353515625,0.1,1.0,0.7894736842105263,0.0,11,0.9090909090909091,2840
0.29999998211860657,0.7975460122699386,0.29999998211860657,286,0.29999998211860657,29,0.29999998211860657,894.36,0.29999998211860657,0.29999998211860657,0.29999998211860657,0.29999998211860657,0.29999998211860657,37486592,0.29999998211860657,7076,1.5340122699386516,5297,0.29999998211860657,1.901840490797546,0.29999998211860657,0.29999998211860657,0.29999998211860657,0.29999998211860657,0.29999998211860657,610.9943237304688,0.29999998211860657,0.29999998211860657,0.29999998211860657,0.29999998211860657,0.20245398773006135,0.5517241379310345,0.29999998211860657,0.29999998211860657,0.29999998211860657,0.29999998211860657,1.712585566263466,0.00213470458984375,0.29999998211860657,0.29999998211860657,0.29999998211860657,0.2,0.7991746664047241,0.9565217391304348,0.025432497262954712,23,0.0017927183,130,29,23,20,-5.374142646789551,0.30000001192092896,0.6666666666666666,21,-0.0036521130264191015,0.5652173913043478,1e-05,0.3270380908274092,0.06765060424804688,0.1,0.9655172413793104,0.95,0.0,18,1.0,2850
0.29999998211860657,0.673469387755102,0.29999998211860657,287,0.29999998211860657,23,0.29999998211860657,858.3,0.29999998211860657,0.29999998211860657,0.29999998211860657,0.29999998211860657,0.29999998211860657,37617664,0.29999998211860657,7078,1.5205986394557833,5314,0.29999998211860657,2.306122448979592,0.29999998211860657,0.29999998211860657,0.29999998211860657,0.29999998211860657,0.29999998211860657,587.7535400390625,0.29999998211860657,0.29999998211860657,0.29999998211860657,0.29999998211860657,0.32653061224489793,0.5217391304347826,0.29999998211860657,0.29999998211860657,0.29999998211860657,0.29999998211860657,1.7357641516889042,0.00214202880859375,0.29999998211860657,0.29999998211860657,0.29999998211860657,0.2,0.7620260715484619,0.7647058823529411,0.03809386491775513,17,0.001792585,99,20,36,19,-5.374142646789551,0.30000001192092896,0.5789473684210527,19,-0.0035978854843051523,0.4166666666666667,1e-05,0.34347324874252083,0.07143707275390625,0.1,0.95,0.8947368421052632,0.0,13,0.9230769230769231,2860
0.29999998211860657,0.6709677419354839,0.29999998211860657,288,0.29999998211860657,25,0.29999998211860657,872.35,0.29999998211860657,0.29999998211860657,0.29999998211860657,0.29999998211860657,0.29999998211860657,37748736,0.29999998211860657,7080,1.5320129032258074,5331,0.29999998211860657,2.335483870967742,0.29999998211860657,0.29999998211860657,0.29999998211860657,0.29999998211860657,0.29999998211860657,595.8265991210938,0.29999998211860657,0.29999998211860657,0.29999998211860657,0.29999998211860657,0.32903225806451614,0.4,0.29999998211860657,0.29999998211860657,0.29999998211860657,0.29999998211860657,1.8630452914061673,0.002127685546875,0.29999998211860657,0.29999998211860657,0.29999998211860657,0.2,0.7600853443145752,0.8095238095238095,0.03229200839996338,21,0.0017079544,104,17,35,21,-5.374142646789551,0.30000001192092896,0.5217391304347826,23,-0.0035080061113148984,0.5428571428571428,1e-05,0.42516678071115166,0.06550750732421876,0.1,0.9411764705882353,0.8571428571428571,0.0,13,0.9230769230769231,2870
0.29999998211860657,0.6754966887417219,0.29999998211860657,289,0.29999998211860657,30,0.29999998211860657,885.48,0.29999998211860657,0.29999998211860657,0.29999998211860657,0.29999998211860657,0.29999998211860657,37879808,0.29999998211860657,7081,1.5172715231788092,5348,0.29999998211860657,2.2913907284768213,0.29999998211860657,0.29999998211860657,0.29999998211860657,0.29999998211860657,0.29999998211860657,605.445556640625,0.29999998211860657,0.29999998211860657,0.29999998211860657,0.29999998211860657,0.32450331125827814,0.4,0.29999998211860657,0.29999998211860657,0.29999998211860657,0.29999998211860657,1.8722021835367504,0.0021121215820312502,0.29999998211860657,0.29999998211860657,0.29999998211860657,0.2,0.791401207447052,0.8461538461538461,0.19348770380020142,13,0.0018037941,102,20,32,17,-5.374142646789551,0.30000001192092896,0.625,24,-0.003719710805307841,0.53125,1e-05,0.46481080998200924,0.07031707763671875,0.1,0.95,0.8235294117647058,0.0,15,0.9333333333333333,2880
0.29999998211860657,0.8043478260869565,0.29999998211860657,290,0.29999998211860657,24,0.29999998211860657,921.09,0.29999998211860657,0.29999998211860657,0.29999998211860657,0.29999998211860657,0.29999998211860657,38010880,0.29999998211860657,7083,1.5239420289855083,5365,0.29999998211860657,1.8623188405797102,0.29999998211860657,0.29999998211860657,0.29999998211860657,0.29999998211860657,0.29999998211860657,636.697265625,0.29999998211860657,0.29999998211860657,0.29999998211860657,0.29999998211860657,0.1956521739130435,0.7916666666666666,0.29999998211860657,0.29999998211860657,0.29999998211860657,0.29999998211860657,1.6162491015135239,0.0021368408203125003,0.29999998211860657,0.29999998211860657,0.29999998211860657,0.2,0.7888879179954529,0.8125,0.1387612223625183,16,0.0017820911,111,28,27,11,-5.374142646789551,0.30000001192092896,0.6666666666666666,18,-0.0037352031156842715,0.6666666666666666,1e-05,0.4021494703949429,0.07221527099609375,0.1,0.9642857142857143,0.9090909090909091,0.0,14,0.8571428571428571,2890
0.29999998211860657,0.6927710843373494,0.29999998211860657,291,0.29999998211860657,29,0.29999998211860657,852.95,0.29999998211860657,0.29999998211860657,0.29999998211860657,0.29999998211860657,0.29999998211860657,38141952,0.29999998211860657,7085,1.5231686746987962,5383,0.29999998211860657,2.180722891566265,0.29999998211860657,0.29999998211860657,0.29999998211860657,0.29999998211860657,0.29999998211860657,582.8621215820312,0.29999998211860657,0.29999998211860657,0.29999998211860657,0.29999998211860657,0.3072289156626506,0.5517241379310345,0.29999998211860657,0.29999998211860657,0.29999998211860657,0.29999998211860657,1.8671838105739325,0.0021548461914062495,0.29999998211860657,0.29999998211860657,0.29999998211860657,0.2,0.742103099822998,1.0,0.0072784423828125,19,0.0017601624,115,20,34,16,-5.374142646789551,0.30000001192092896,0.45161290322580644,31,-0.0033807250189056503,0.4411764705882353,1e-05,0.28254163479432465,0.06760711669921875,0.1,0.95,0.9375,0.0,17,1.0,2900
0.29999998211860657,0.6971830985915493,0.29999998211860657,292,0.29999998211860657,21,0.29999998211860657,864.74,0.29999998211860657,0.29999998211860657,0.29999998211860657,0.29999998211860657,0.29999998211860657,38273024,0.29999998211860657,7086,1.5239014084507054,5400,0.29999998211860657,2.288732394366197,0.29999998211860657,0.29999998211860657,0.29999998211860657,0.29999998211860657,0.29999998211860657,590.5117797851562,0.29999998211860657,0.29999998211860657,0.29999998211860657,0.29999998211860657,0.3028169014084507,0.3333333333333333,0.29999998211860657,0.29999998211860657,0.29999998211860657,0.29999998211860657,1.7371492023968624,0.00219024658203125,0.29999998211860657,0.29999998211860657,0.29999998211860657,0.2,0.759939432144165,1.0,0.1914554238319397,12,0.0017979336,99,25,35,21,-5.374142646789551,0.30000001192092896,0.7857142857142857,14,-0.0036169726036860083,0.42857142857142855,1e-05,0.4416248865542002,0.06842269897460937,0.1,0.96,0.8571428571428571,0.0,14,0.8571428571428571,2910
0.29999998211860657,0.7894736842105263,0.29999998211860657,293,0.29999998211860657,22,0.29999998211860657,884.39,0.29999998211860657,0.29999998211860657,0.29999998211860657,0.29999998211860657,0.29999998211860657,38404096,0.29999998211860657,7088,1.5120526315789484,5417,0.29999998211860657,1.875,0.29999998211860657,0.29999998211860657,0.29999998211860657,0.29999998211860657,0.29999998211860657,603.6709594726562,0.29999998211860657,0.29999998211860657,0.29999998211860657,0.29999998211860657,0.21052631578947367,0.6363636363636364,0.29999998211860657,0.29999998211860657,0.29999998211860657,0.29999998211860657,1.5402358798679254,0.002144775390625,0.29999998211860657,0.29999998211860657,0.29999998211860657,0.2,0.812732994556427,1.0,0.09687426686286926,16,0.0017691762,120,30,18,19,-5.374142646789551,0.30000001192092896,0.6285714285714286,35,-0.0035332932125584195,0.4444444444444444,1e-05,0.3871965837315656,0.06835861206054687,0.1,0.9666666666666667,1.0,0.0,12,1.0,2920
0.29999998211860657,0.7114093959731543,0.29999998211860657,294,0.29999998211860657,28,0.29999998211860657,872.01,0.29999998211860657,0.29999998211860657,0.29999998211860657,0.29999998211860657,0.29999998211860657,38535168,0.29999998211860657,7090,1.5164966442953032,5435,0.29999998211860657,2.2751677852348995,0.29999998211860657,0.29999998211860657,0.29999998211860657,0.29999998211860657,0.29999998211860657,602.7142333984375,0.29999998211860657,0.29999998211860657,0.29999998211860657,0.29999998211860657,0.28859060402684567,0.5357142857142857,0.29999998211860657,0.29999998211860657,0.29999998211860657,0.29999998211860657,1.776483178014741,0.0021697998046875,0.29999998211860657,0.29999998211860657,0.29999998211860657,0.2,0.7737798690795898,0.8333333333333334,0.021822065114974976,12,0.0018148976,106,22,31,18,-5.374142646789551,0.30000001192092896,0.72,25,-0.003428726382935565,0.4838709677419355,1e-05,0.3145778357051313,0.06955032348632813,0.1,1.0,0.8333333333333334,0.0,13,0.8461538461538461,2930
0.29999998211860657,0.6912751677852349,0.29999998211860657,295,0.29999998211860657,23,0.29999998211860657,860.73,0.29999998211860657,0.29999998211860657,0.29999998211860657,0.29999998211860657,0.29999998211860657,38666240,0.29999998211860657,7091,1.505503355704699,5452,0.29999998211860657,2.0805369127516777,0.29999998211860657,0.29999998211860657,0.29999998211860657,0.29999998211860657,0.29999998211860657,587.19140625,0.29999998211860657,0.29999998211860657,0.29999998211860657,0.29999998211860657,0.3087248322147651,0.6521739130434783,0.29999998211860657,0.29999998211860657,0.29999998211860657,0.29999998211860657,1.7020367960753313,0.0021966552734374997,0.29999998211860657,0.29999998211860657,0.29999998211860657,0.2,0.7678513526916504,0.8333333333333334,0.17047345638275146,12,0.0017169788,103,27,30,18,-5.374142646789551,0.30000001192092896,0.3684210526315789,19,-0.0034660936670661614,0.36666666666666664,1e-05,0.3767267646617256,0.06267929077148438,0.1,1.0,0.7777777777777778,0.0,20,0.95,2940
0.29999998211860657,0.7114093959731543,0.29999998211860657,296,0.29999998211860657,26,0.29999998211860657,851.7,0.29999998211860657,0.29999998211860657,0.29999998211860657,0.29999998211860657,0.29999998211860657,38797312,0.29999998211860657,7093,1.5064026845637595,5469,0.29999998211860657,1.8657718120805369,0.29999998211860657,0.29999998211860657,0.29999998211860657,0.29999998211860657,0.29999998211860657,581.7061157226562,0.29999998211860657,0.29999998211860657,0.29999998211860657,0.29999998211860657,0.28859060402684567,0.5769230769230769,0.29999998211860657,0.29999998211860657,0.29999998211860657,0.29999998211860657,1.696600015755733,0.00213897705078125,0.29999998211860657,0.29999998211860657,0.29999998211860657,0.2,0.79859459400177,0.9375,0.10088798403739929,16,0.0017892849,106,30,26,13,-5.374142644554377,0.30000001192092896,0.6086956521739131,23,-0.003680211482833329,0.34615384615384615,1e-05,0.37155951333697884,0.06711196899414062,0.1,0.9666666666666667,0.8461538461538461,0.0,15,0.8666666666666667,2950
0.29999998211860657,0.6867469879518072,0.29999998211860657,297,0.29999998211860657,30,0.29999998211860657,877.05,0.29999998211860657,0.29999998211860657,0.29999998211860657,0.29999998211860657,0.29999998211860657,38928384,0.29999998211860657,7095,1.5320843373493986,5486,0.29999998211860657,2.2228915662650603,0.29999998211860657,0.29999998211860657,0.29999998211860657,0.29999998211860657,0.29999998211860657,602.2891235351562,0.29999998211860657,0.29999998211860657,0.29999998211860657,0.29999998211860657,0.3132530120481928,0.5,0.29999998211860657,0.29999998211860657,0.29999998211860657,0.29999998211860657,1.8537029565024083,0.00214508056640625,0.29999998211860657,0.29999998211860657,0.29999998211860657,0.2,0.7716321349143982,0.9444444444444444,0.12219640612602234,18,0.0017274311,114,17,30,18,-5.374142646789551,0.30000001192092896,0.5454545454545454,33,-0.0033433521116421616,0.43333333333333335,1e-05,0.37353154394077137,0.0624053955078125,0.1,1.0,0.9444444444444444,0.0,20,0.85,2960
0.29999998211860657,0.6524822695035462,0.29999998211860657,298,0.29999998211860657,25,0.29999998211860657,840.42,0.29999998211860657,0.29999998211860657,0.29999998211860657,0.29999998211860657,0.29999998211860657,39059456,0.29999998211860657,7096,1.5243120567375898,5503,0.29999998211860657,2.0425531914893615,0.29999998211860657,0.29999998211860657,0.29999998211860657,0.29999998211860657,0.29999998211860657,576.0286254882812,0.29999998211860657,0.29999998211860657,0.29999998211860657,0.29999998211860657,0.3475177304964539,0.24,0.29999998211860657,0.29999998211860657,0.29999998211860657,0.29999998211860657,1.8526102302514593,0.00218597412109375,0.29999998211860657,0.29999998211860657,0.29999998211860657,0.2,0.8051681518554688,0.9166666666666666,0.021944522857666016,12,0.0017796962,92,20,26,10,-5.374142646789551,0.30000001192092896,0.6129032258064516,31,-0.0034125213074275964,0.4230769230769231,1e-05,0.41112853756640105,0.06764144897460937,0.1,0.95,0.9,0.0,17,1.0,2970
0.29999998211860657,0.743421052631579,0.29999998211860657,299,0.29999998211860657,25,0.29999998211860657,889.46,0.29999998211860657,0.29999998211860657,0.29999998211860657,0.29999998211860657,0.29999998211860657,39190528,0.29999998211860657,7098,1.518013157894738,5521,0.29999998211860657,1.9736842105263157,0.29999998211860657,0.29999998211860657,0.29999998211860657,0.29999998211860657,0.29999998211860657,604.08935546875,0.29999998211860657,0.29999998211860657,0.29999998211860657,0.29999998211860657,0.2565789473684211,0.68,0.29999998211860657,0.29999998211860657,0.29999998211860657,0.29999998211860657,1.714773221654495,0.0021807861328125002,0.29999998211860657,0.29999998211860657,0.29999998211860657,0.2,0.7873709797859192,0.9444444444444444,0.14273548126220703,18,0.0017648053,113,31,31,17,-5.374142646789551,0.30000001192092896,0.5882352941176471,17,-0.0033083034779792797,0.3225806451612903,1e-05,0.42474287037039177,0.06478118896484375,0.1,1.0,0.8823529411764706,0.0,13,1.0,2980
0.29999998211860657,0.7536231884057971,0.29999998211860657,300,0.29999998211860657,27,0.29999998211860657,891.89,0.29999998211860657,0.29999998211860657,0.29999998211860657,0.29999998211860657,0.29999998211860657,39321600,0.29999998211860657,7099,1.5109565217391314,5538,0.29999998211860657,2.0652173913043477,0.29999998211860657,0.29999998211860657,0.29999998211860657,0.29999998211860657,0.29999998211860657,606.55322265625,0.29999998211860657,0.29999998211860657,0.29999998211860657,0.29999998211860657,0.2463768115942029,0.7037037037037037,0.29999998211860657,0.29999998211860657,0.29999998211860657,0.29999998211860657,1.8344009095274496,0.00214019775390625,0.29999998211860657,0.29999998211860657,0.29999998211860657,0.2,0.7826366424560547,1.0,0.0842534601688385,14,0.0017255148,104,18,27,9,-5.374142646789551,0.30000001192092896,0.6153846153846154,26,-0.0034362908222647093,0.5185185185185185,1e-05,0.3541483519715257,0.06418609619140625,0.1,1.0,0.6666666666666666,0.0,17,1.0,2990
0.29999998211860657,0.7516339869281046,0.29999998211860657,301,0.29999998211860657,24,0.29999998211860657,882.76,0.29999998211860657,0.29999998211860657,0.29999998211860657,0.29999998211860657,0.29999998211860657,39452672,0.29999998211860657,7101,1.5184967320261449,5555,0.29999998211860657,1.7189542483660132,0.29999998211860657,0.29999998211860657,0.29999998211860657,0.29999998211860657,0.29999998211860657,599.2333984375,0.29999998211860657,0.29999998211860657,0.29999998211860657,0.29999998211860657,0.24836601307189543,0.5416666666666666,0.29999998211860657,0.29999998211860657,0.29999998211860657,0.29999998211860657,1.704722585070478,0.00221954345703125,0.29999998211860657,0.29999998211860657,0.29999998211860657,0.2,0.766456127166748,0.896551724137931,0.11160209774971008,29,0.0018117145,115,23,20,13,-5.374142646789551,0.30000001192092896,0.56,25,-0.003572655697189475,0.55,1e-05,0.38208594179013744,0.07011871337890625,0.1,1.0,0.8461538461538461,0.0,19,0.8947368421052632,3000
0.29999998211860657,0.7019867549668874,0.29999998211860657,302,0.29999998211860657,23,0.29999998211860657,825.95,0.29999998211860657,0.29999998211860657,0.29999998211860657,0.29999998211860657,0.29999998211860657,39583744,0.29999998211860657,7102,1.5145033112582795,5573,0.29999998211860657,2.0397350993377485,0.29999998211860657,0.29999998211860657,0.29999998211860657,0.29999998211860657,0.29999998211860657,565.8720092773438,0.29999998211860657,0.29999998211860657,0.29999998211860657,0.29999998211860657,0.2980132450331126,0.4782608695652174,0.29999998211860657,0.29999998211860657,0.29999998211860657,0.29999998211860657,1.7126554132723886,0.002164306640625,0.29999998211860657,0.29999998211860657,0.29999998211860657,0.2,0.816858172416687,1.0,0.01452869176864624,16,0.0018502646,106,28,34,14,-5.374142646789551,0.30000001192092896,0.48,25,-0.003598504846559081,0.5294117647058824,1e-05,0.3124741365434602,0.070880126953125,0.1,0.9642857142857143,0.8571428571428571,0.0,11,0.9090909090909091,3010
0.29999998211860657,0.7254901960784313,0.29999998211860657,303,0.29999998211860657,23,0.29999998211860657,858.05,0.29999998211860657,0.29999998211860657,0.29999998211860657,0.29999998211860657,0.29999998211860657,39714816,0.29999998211860657,7103,1.511307189542485,5590,0.29999998211860657,2.156862745098039,0.29999998211860657,0.29999998211860657,0.29999998211860657,0.29999998211860657,0.29999998211860657,582.1690063476562,0.29999998211860657,0.29999998211860657,0.29999998211860657,0.29999998211860657,0.27450980392156865,0.6956521739130435,0.29999998211860657,0.29999998211860657,0.29999998211860657,0.29999998211860657,1.8348548151350292,0.0021612548828125,0.29999998211860657,0.29999998211860657,0.29999998211860657,0.2,0.7877435088157654,0.7272727272727273,0.08995968103408813,22,0.0018262223,111,19,24,25,-5.374142646789551,0.30000001192092896,0.47368421052631576,19,-0.0037321913637697436,0.4583333333333333,1e-05,0.3816408819286153,0.0681121826171875,0.1,1.0,0.88,0.0,21,0.8571428571428571,3020
0.29999998211860657,0.7379310344827587,0.29999998211860657,304,0.29999998211860657,28,0.29999998211860657,854.93,0.29999998211860657,0.29999998211860657,0.29999998211860657,0.29999998211860657,0.29999998211860657,39845888,0.29999998211860657,7105,1.5006206896551735,5608,0.29999998211860657,2.1655172413793102,0.29999998211860657,0.29999998211860657,0.29999998211860657,0.29999998211860657,0.29999998211860657,587.7897338867188,0.29999998211860657,0.29999998211860657,0.29999998211860657,0.29999998211860657,0.2620689655172414,0.6428571428571429,0.29999998211860657,0.29999998211860657,0.29999998211860657,0.29999998211860657,1.733913025527609,0.00220672607421875,0.29999998211860657,0.29999998211860657,0.29999998211860657,0.2,0.7894536256790161,0.8571428571428571,0.07994508743286133,14,0.0017384642,107,23,25,19,-5.374142646789551,0.30000001192092896,0.6818181818181818,22,-0.003586971778395309,0.4,1e-05,0.3584165131673217,0.06656341552734375,0.1,1.0,0.8421052631578947,0.0,14,0.9285714285714286,3030
0.29999998211860657,0.7973856209150327,0.29999998211860657,305,0.29999998211860657,27,0.29999998211860657,897.93,0.29999998211860657,0.29999998211860657,0.29999998211860657,0.29999998211860657,0.29999998211860657,39976960,0.29999998211860657,7106,1.5034901960784324,5625,0.29999998211860657,2.1176470588235294,0.29999998211860657,0.29999998211860657,0.29999998211860657,0.29999998211860657,0.29999998211860657,619.872314453125,0.29999998211860657,0.29999998211860657,0.29999998211860657,0.29999998211860657,0.20261437908496732,0.7407407407407407,0.29999998211860657,0.29999998211860657,0.29999998211860657,0.29999998211860657,1.7897036643868873,0.0022344970703125,0.29999998211860657,0.29999998211860657,0.29999998211860657,0.2,0.7972114086151123,0.8571428571428571,0.01080736517906189,14,0.0017025657,122,27,31,17,-5.374142646789551,0.30000001192092896,0.75,24,-0.0034613030872151286,0.5161290322580645,1e-05,0.31481946068815886,0.06053314208984375,0.1,1.0,1.0,0.0,13,0.9230769230769231,3040
0.29999998211860657,0.7357142857142858,0.29999998211860657,306,0.29999998211860657,15,0.29999998211860657,869.77,0.29999998211860657,0.29999998211860657,0.29999998211860657,0.29999998211860657,0.29999998211860657,40108032,0.29999998211860657,7108,1.5083714285714296,5642,0.29999998211860657,1.8,0.29999998211860657,0.29999998211860657,0.29999998211860657,0.29999998211860657,0.29999998211860657,599.632568359375,0.29999998211860657,0.29999998211860657,0.29999998211860657,0.29999998211860657,0.2642857142857143,0.5333333333333333,0.29999998211860657,0.29999998211860657,0.29999998211860657,0.29999998211860657,1.729478127467525,0.00224212646484375,0.29999998211860657,0.29999998211860657,0.29999998211860657,0.2,0.7485171556472778,0.8333333333333334,-0.016639262437820435,18,0.0018310171,103,26,26,13,-5.374142646789551,0.30000001192092896,0.6363636363636364,22,-0.003721052854871232,0.38461538461538464,1e-05,0.333795190800447,0.06966476440429688,0.1,1.0,0.9230769230769231,0.0,20,0.9,3050
0.29999998211860657,0.7834394904458599,0.29999998211860657,307,0.29999998211860657,23,0.29999998211860657,902.27,0.29999998211860657,0.29999998211860657,0.29999998211860657,0.29999998211860657,0.29999998211860657,40239104,0.29999998211860657,7109,1.518127388535033,5660,0.29999998211860657,2.0636942675159236,0.29999998211860657,0.29999998211860657,0.29999998211860657,0.29999998211860657,0.29999998211860657,618.2531127929688,0.29999998211860657,0.29999998211860657,0.29999998211860657,0.29999998211860657,0.21656050955414013,0.6086956521739131,0.29999998211860657,0.29999998211860657,0.29999998211860657,0.29999998211860657,1.8105981112732616,0.00223785400390625,0.29999998211860657,0.29999998211860657,0.29999998211860657,0.2,0.7867788076400757,0.9411764705882353,0.04927584528923035,17,0.0018151412,123,23,26,21,-5.374142646789551,0.30000001192092896,0.5454545454545454,22,-0.003675628571318157,0.6153846153846154,1e-05,0.3203992119524628,0.06976547241210937,0.1,1.0,0.9047619047619048,0.0,25,0.92,3060
0.29999998211860657,0.7313432835820896,0.29999998211860657,308,0.29999998211860657,22,0.29999998211860657,890.1,0.29999998211860657,0.29999998211860657,0.29999998211860657,0.29999998211860657,0.29999998211860657,40370176,0.29999998211860657,7110,1.5413432835820906,5677,0.29999998211860657,2.074626865671642,0.29999998211860657,0.29999998211860657,0.29999998211860657,0.29999998211860657,0.29999998211860657,613.8873291015625,0.29999998211860657,0.29999998211860657,0.29999998211860657,0.29999998211860657,0.26865671641791045,0.7272727272727273,0.29999998211860657,0.29999998211860657,0.29999998211860657,0.29999998211860657,1.7935734877427565,0.0022805786132812497,0.29999998211860657,0.29999998211860657,0.29999998211860657,0.2,0.7771386504173279,1.0,-0.004617542028427124,18,0.0017834066,98,20,27,15,-5.374142646789551,0.30000001192092896,0.4117647058823529,17,-0.0037366540489529145,0.4444444444444444,1e-05,0.3237966108485125,0.069915771484375,0.1,0.9,0.8666666666666667,0.0,15,0.9333333333333333,3070
0.29999998211860657,0.7870967741935484,0.29999998211860657,309,0.29999998211860657,25,0.29999998211860657,891.31,0.29999998211860657,0.29999998211860657,0.29999998211860657,0.29999998211860657,0.29999998211860657,40501248,0.29999998211860657,7111,1.518993548387098,5695,0.29999998211860657,2.470967741935484,0.29999998211860657,0.29999998211860657,0.29999998211860657,0.29999998211860657,0.29999998211860657,612.2927856445312,0.29999998211860657,0.29999998211860657,0.29999998211860657,0.29999998211860657,0.2129032258064516,0.6,0.29999998211860657,0.29999998211860657,0.29999998211860657,0.29999998211860657,1.753192898451979,0.0022698974609375,0.29999998211860657,0.29999998211860657,0.29999998211860657,0.2,0.7734928131103516,1.0,0.13513290882110596,12,0.0017810038,122,20,28,30,-5.374142646789551,0.30000001192092896,0.6153846153846154,26,-0.0035899676877761523,0.6071428571428571,1e-05,0.3628432082361542,0.06934814453125,0.1,1.0,0.9666666666666667,0.0,14,0.9285714285714286,3080
0.29999998211860657,0.7202797202797203,0.29999998211860657,310,0.29999998211860657,24,0.29999998211860657,868.3,0.29999998211860657,0.29999998211860657,0.29999998211860657,0.29999998211860657,0.29999998211860657,40632320,0.29999998211860657,7112,1.5314825174825188,5712,0.29999998211860657,2.076923076923077,0.29999998211860657,0.29999998211860657,0.29999998211860657,0.29999998211860657,0.29999998211860657,589.5257568359375,0.29999998211860657,0.29999998211860657,0.29999998211860657,0.29999998211860657,0.27972027972027974,0.4583333333333333,0.29999998211860657,0.29999998211860657,0.29999998211860657,0.29999998211860657,1.8271784102999096,0.00226593017578125,0.29999998211860657,0.29999998211860657,0.29999998211860657,0.2,0.7880873680114746,1.0,0.09513956308364868,13,0.0018167228,103,22,33,10,-5.374142646789551,0.30000001192092896,0.6666666666666666,24,-0.00375305032189317,0.5454545454545454,1e-05,0.31427982926834375,0.07248611450195312,0.1,0.9545454545454546,0.7,0.0,17,1.0,3090
0.29999998211860657,0.756578947368421,0.29999998211860657,311,0.29999998211860657,26,0.29999998211860657,920.96,0.29999998211860657,0.29999998211860657,0.29999998211860657,0.29999998211860657,0.29999998211860657,40763392,0.29999998211860657,7110,1.5206447368421063,5732,0.29999998211860657,2.1184210526315788,0.29999998211860657,0.29999998211860657,0.29999998211860657,0.29999998211860657,0.29999998211860657,630.8646240234375,0.29999998211860657,0.29999998211860657,0.29999998211860657,0.29999998211860657,0.24342105263157895,0.6538461538461539,0.29999998211860657,0.29999998211860657,0.29999998211860657,0.29999998211860657,1.9254249460759825,0.0022952270507812502,0.29999998211860657,0.29999998211860657,0.29999998211860657,0.2,0.7722685933113098,0.9473684210526315,-0.05284717679023743,19,0.0016982274,115,16,26,16,-5.374142646789551,0.30000001192092896,0.7407407407407407,27,-0.0034721565538802677,0.5384615384615384,1e-05,0.336130469548516,0.06460189819335938,0.1,0.875,0.8125,0.0,22,0.8636363636363636,3100
0.29999998211860657,0.7586206896551724,0.29999998211860657,312,0.29999998211860657,27,0.29999998211860657,875.26,0.29999998211860657,0.29999998211860657,0.29999998211860657,0.29999998211860657,0.29999998211860657,40894464,0.29999998211860657,7108,1.5357655172413807,5753,0.29999998211860657,2.1724137931034484,0.29999998211860657,0.29999998211860657,0.29999998211860657,0.29999998211860657,0.29999998211860657,605.7453002929688,0.29999998211860657,0.29999998211860657,0.29999998211860657,0.29999998211860657,0.2413793103448276,0.7407407407407407,0.29999998211860657,0.29999998211860657,0.29999998211860657,0.29999998211860657,1.797790486150099,0.00235748291015625,0.29999998211860657,0.29999998211860657,0.29999998211860657,0.2,0.7930091619491577,0.9285714285714286,0.042328983545303345,14,0.0017214966,110,19,30,15,-5.374142646789551,0.30000001192092896,0.3333333333333333,18,-0.003651415229023769,0.5333333333333333,1e-05,0.3688653867924586,0.06410598754882812,0.1,0.9473684210526315,1.0,0.0,22,1.0,3110
0.29999998211860657,0.795774647887324,0.29999998211860657,313,0.29999998211860657,21,0.29999998211860657,911.4,0.29999998211860657,0.29999998211860657,0.29999998211860657,0.29999998211860657,0.29999998211860657,41025536,0.29999998211860657,7110,1.5129154929577477,5769,0.29999998211860657,1.943661971830986,0.29999998211860657,0.29999998211860657,0.29999998211860657,0.29999998211860657,0.29999998211860657,629.203369140625,0.29999998211860657,0.29999998211860657,0.29999998211860657,0.29999998211860657,0.20422535211267606,0.7619047619047619,0.29999998211860657,0.29999998211860657,0.29999998211860657,0.29999998211860657,1.6952795361647082,0.00231353759765625,0.29999998211860657,0.29999998211860657,0.29999998211860657,0.2,0.7928110957145691,0.8636363636363636,0.0032522976398468018,22,0.0017996759,113,24,23,18,-5.374142646789551,0.30000001192092896,0.6190476190476191,21,-0.0036052147028840407,0.6086956521739131,1e-05,0.2970160211843904,0.06994171142578125,0.1,1.0,0.8888888888888888,0.0,13,0.8461538461538461,3120
0.29999998211860657,0.7320261437908496,0.29999998211860657,314,0.29999998211860657,25,0.29999998211860657,884.07,0.29999998211860657,0.29999998211860657,0.29999998211860657,0.29999998211860657,0.29999998211860657,41156608,0.29999998211860657,7112,1.5262875816993475,5786,0.29999998211860657,2.189542483660131,0.29999998211860657,0.29999998211860657,0.29999998211860657,0.29999998211860657,0.29999998211860657,600.9478149414062,0.29999998211860657,0.29999998211860657,0.29999998211860657,0.29999998211860657,0.2679738562091503,0.56,0.29999998211860657,0.29999998211860657,0.29999998211860657,0.29999998211860657,1.8146959943239858,0.0023019409179687498,0.29999998211860657,0.29999998211860657,0.29999998211860657,0.2,0.7540855407714844,0.8695652173913043,-0.05258511006832123,23,0.0017764618,112,19,30,19,-5.374142646789551,0.30000001192092896,0.6296296296296297,27,-0.0037339549830903707,0.5666666666666667,1e-05,0.2782947152038105,0.069940185546875,0.1,1.0,0.8421052631578947,0.0,10,0.9,3130
0.29999998211860657,0.7681159420289855,0.29999998211860657,315,0.29999998211860657,14,0.29999998211860657,891.52,0.29999998211860657,0.29999998211860657,0.29999998211860657,0.29999998211860657,0.29999998211860657,41287680,0.29999998211860657,7112,1.516376811594204,5805,0.29999998211860657,2.1449275362318843,0.29999998211860657,0.29999998211860657,0.29999998211860657,0.29999998211860657,0.29999998211860657,610.9334106445312,0.29999998211860657,0.29999998211860657,0.29999998211860657,0.29999998211860657,0.2318840579710145,0.7142857142857143,0.29999998211860657,0.29999998211860657,0.29999998211860657,0.29999998211860657,1.6781476507217545,0.0023809814453125003,0.29999998211860657,0.29999998211860657,0.29999998211860657,0.2,0.7811618447303772,1.0,0.078331857919693,14,0.0017624411,106,19,28,19,-5.374142646789551,0.30000001192092896,0.6363636363636364,22,-0.003931254036979226,0.42857142857142855,1e-05,0.3520518354838714,0.07054367065429687,0.1,1.0,0.8421052631578947,0.0,22,0.9545454545454546,3140
0.29999998211860657,0.7870967741935484,0.29999998211860657,316,0.29999998211860657,15,0.29999998211860657,872.34,0.29999998211860657,0.29999998211860657,0.29999998211860657,0.29999998211860657,0.29999998211860657,41418752,0.29999998211860657,7114,1.5193032258064527,5821,0.29999998211860657,2.0064516129032257,0.29999998211860657,0.29999998211860657,0.29999998211860657,0.29999998211860657,0.29999998211860657,596.83935546875,0.29999998211860657,0.29999998211860657,0.29999998211860657,0.29999998211860657,0.2129032258064516,0.7333333333333333,0.29999998211860657,0.29999998211860657,0.29999998211860657,0.29999998211860657,1.6081453319463772,0.00233978271484375,0.29999998211860657,0.29999998211860657,0.29999998211860657,0.2,0.734040379524231,0.9,0.016699165105819702,20,0.0017670122,122,31,44,14,-5.374142646789551,0.30000001192092896,0.8,20,-0.003723773728870583,0.5,1e-05,0.30014597398694604,0.06911087036132812,0.1,1.0,0.9285714285714286,0.0,11,1.0,3150
0.29999998211860657,0.7448275862068966,0.29999998211860657,317,0.29999998211860657,23,0.29999998211860657,875.38,0.29999998211860657,0.29999998211860657,0.29999998211860657,0.29999998211860657,0.29999998211860657,41549824,0.29999998211860657,7115,1.5256275862068978,5839,0.29999998211860657,2.0482758620689654,0.29999998211860657,0.29999998211860657,0.29999998211860657,0.29999998211860657,0.29999998211860657,595.6756591796875,0.29999998211860657,0.29999998211860657,0.29999998211860657,0.29999998211860657,0.25517241379310346,0.391304347826087,0.29999998211860657,0.29999998211860657,0.29999998211860657,0.29999998211860657,1.6876491673563767,0.0023532104492187504,0.29999998211860657,0.29999998211860657,0.29999998211860657,0.2,0.7771164774894714,0.8125,-0.029783517122268677,16,0.0017317045,108,23,27,16,-5.374142646789551,0.30000001192092896,0.6086956521739131,23,-0.0036043621665157845,0.6666666666666666,1e-05,0.32872147518210115,0.06355972290039062,0.1,1.0,0.9375,0.0,17,0.9411764705882353,3160
0.29999998211860657,0.7762237762237763,0.29999998211860657,318,0.29999998211860657,19,0.29999998211860657,893.33,0.29999998211860657,0.29999998211860657,0.29999998211860657,0.29999998211860657,0.29999998211860657,41680896,0.29999998211860657,7116,1.5296223776223787,5856,0.29999998211860657,2.4265734265734267,0.29999998211860657,0.29999998211860657,0.29999998211860657,0.29999998211860657,0.29999998211860657,613.9714965820312,0.29999998211860657,0.29999998211860657,0.29999998211860657,0.29999998211860657,0.22377622377622378,0.8421052631578947,0.29999998211860657,0.29999998211860657,0.29999998211860657,0.29999998211860657,1.8102198623567425,0.00231842041015625,0.29999998211860657,0.29999998211860657,0.29999998211860657,0.2,0.8124864101409912,1.0,0.022841215133666992,9,0.001866524,111,19,39,17,-5.374142646789551,0.30000001192092896,0.6428571428571429,28,-0.0038427726524787433,0.5384615384615384,1e-05,0.31044589842204007,0.07444686889648437,0.1,1.0,1.0,0.0,12,0.9166666666666666,3170
0.29999998211860657,0.7945205479452054,0.29999998211860657,319,0.29999998211860657,19,0.29999998211860657,881.85,0.29999998211860657,0.29999998211860657,0.29999998211860657,0.29999998211860657,0.29999998211860657,41811968,0.29999998211860657,7117,1.512013698630138,5874,0.29999998211860657,1.952054794520548,0.29999998211860657,0.29999998211860657,0.29999998211860657,0.29999998211860657,0.29999998211860657,609.2347412109375,0.29999998211860657,0.29999998211860657,0.29999998211860657,0.29999998211860657,0.2054794520547945,0.7368421052631579,0.29999998211860657,0.29999998211860657,0.29999998211860657,0.29999998211860657,1.6209715275086642,0.0023086547851562497,0.29999998211860657,0.29999998211860657,0.29999998211860657,0.2,0.807123064994812,0.9375,-0.042892441153526306,16,0.0017625034,116,28,26,18,-5.374142646789551,0.30000001192092896,0.782608695652174,23,-0.003618909326678477,0.4230769230769231,1e-05,0.25546010772231964,0.0652679443359375,0.1,1.0,0.8888888888888888,0.0,16,0.875,3180
0.29999998211860657,0.8273381294964028,0.29999998211860657,320,0.29999998211860657,16,0.29999998211860657,920.01,0.29999998211860657,0.29999998211860657,0.29999998211860657,0.29999998211860657,0.29999998211860657,41943040,0.29999998211860657,7119,1.5262302158273393,5891,0.29999998211860657,2.0071942446043165,0.29999998211860657,0.29999998211860657,0.29999998211860657,0.29999998211860657,0.29999998211860657,637.908203125,0.29999998211860657,0.29999998211860657,0.29999998211860657,0.29999998211860657,0.17266187050359713,0.75,0.29999998211860657,0.29999998211860657,0.29999998211860657,0.29999998211860657,1.6298253628206325,0.002392578125,0.29999998211860657,0.29999998211860657,0.29999998211860657,0.2,0.778549075126648,0.8666666666666667,0.03160378336906433,15,0.0017749309,115,27,26,19,-5.374142646789551,0.30000001192092896,0.782608695652174,23,-0.0037874323480536986,0.6153846153846154,1e-05,0.28862911015748977,0.06686019897460938,0.1,1.0,0.9473684210526315,0.0,13,0.8461538461538461,3190
0.29999998211860657,0.8108108108108109,0.29999998211860657,321,0.29999998211860657,26,0.29999998211860657,901.61,0.29999998211860657,0.29999998211860657,0.29999998211860657,0.29999998211860657,0.29999998211860657,42074112,0.29999998211860657,7120,1.5372432432432444,5908,0.29999998211860657,1.912162162162162,0.29999998211860657,0.29999998211860657,0.29999998211860657,0.29999998211860657,0.29999998211860657,620.519775390625,0.29999998211860657,0.29999998211860657,0.29999998211860657,0.29999998211860657,0.1891891891891892,0.6923076923076923,0.29999998211860657,0.29999998211860657,0.29999998211860657,0.29999998211860657,1.6249699349478723,0.00240692138671875,0.29999998211860657,0.29999998211860657,0.29999998211860657,0.2,0.7290111780166626,1.0,0.003774672746658325,15,0.0018839354,120,28,25,14,-5.374142646789551,0.30000001192092896,0.8260869565217391,23,-0.003638566616245953,0.48,1e-05,0.25854292105068455,0.07525558471679687,0.1,1.0,0.7857142857142857,0.0,17,1.0,3200
0.29999998211860657,0.8296296296296296,0.29999998211860657,322,0.29999998211860657,22,0.29999998211860657,917.95,0.29999998211860657,0.29999998211860657,0.29999998211860657,0.29999998211860657,0.29999998211860657,42205184,0.29999998211860657,7122,1.5033481481481494,5925,0.29999998211860657,1.9481481481481482,0.29999998211860657,0.29999998211860657,0.29999998211860657,0.29999998211860657,0.29999998211860657,632.7177124023438,0.29999998211860657,0.29999998211860657,0.29999998211860657,0.29999998211860657,0.17037037037037037,0.8181818181818182,0.29999998211860657,0.29999998211860657,0.29999998211860657,0.29999998211860657,1.5525784009291135,0.002376708984375,0.29999998211860657,0.29999998211860657,0.29999998211860657,0.2,0.7461115717887878,1.0,0.008187294006347656,15,0.0017587843,112,27,27,12,-5.374142646789551,0.30000001192092896,0.8333333333333334,24,-0.0034547407484751603,0.5925925925925926,1e-05,0.27570695913746024,0.06833267211914062,0.1,1.0,0.6666666666666666,0.0,8,1.0,3210
0.29999998211860657,0.8376623376623377,0.29999998211860657,323,0.29999998211860657,24,0.29999998211860657,897.58,0.29999998211860657,0.29999998211860657,0.29999998211860657,0.29999998211860657,0.29999998211860657,42336256,0.29999998211860657,7123,1.5240649350649362,5943,0.29999998211860657,1.7922077922077921,0.29999998211860657,0.29999998211860657,0.29999998211860657,0.29999998211860657,0.29999998211860657,616.9992065429688,0.29999998211860657,0.29999998211860657,0.29999998211860657,0.29999998211860657,0.16233766233766234,0.625,0.29999998211860657,0.29999998211860657,0.29999998211860657,0.29999998211860657,1.5674519464757517,0.0024295043945312495,0.29999998211860657,0.29999998211860657,0.29999998211860657,0.2,0.756388783454895,1.0,0.013523906469345093,16,0.0017853115,129,31,22,16,-5.374142646789551,0.30000001192092896,0.6818181818181818,22,-0.0034981958002390456,0.6818181818181818,1e-05,0.2564787262759637,0.06724853515625,0.1,1.0,0.875,0.0,23,1.0,3220
0.29999998211860657,0.7364864864864865,0.29999998211860657,324,0.29999998211860657,19,0.29999998211860657,875.54,0.29999998211860657,0.29999998211860657,0.29999998211860657,0.29999998211860657,0.29999998211860657,42467328,0.29999998211860657,7124,1.5304324324324337,5960,0.29999998211860657,2.3175675675675675,0.29999998211860657,0.29999998211860657,0.29999998211860657,0.29999998211860657,0.29999998211860657,607.5198974609375,0.29999998211860657,0.29999998211860657,0.29999998211860657,0.29999998211860657,0.2635135135135135,0.47368421052631576,0.29999998211860657,0.29999998211860657,0.29999998211860657,0.29999998211860657,1.8750818659271473,0.002366943359375,0.29999998211860657,0.29999998211860657,0.29999998211860657,0.2,0.7321766018867493,1.0,-0.08133818209171295,17,0.0018508296,109,15,34,19,-5.374142646789551,0.30000001192092896,0.6538461538461539,26,-0.0037318163166673913,0.5882352941176471,1e-05,0.28573654965730383,0.07295989990234375,0.1,1.0,0.7368421052631579,0.0,18,0.9444444444444444,3230
0.29999998211860657,0.7785714285714286,0.29999998211860657,325,0.29999998211860657,20,0.29999998211860657,898.97,0.29999998211860657,0.29999998211860657,0.29999998211860657,0.29999998211860657,0.29999998211860657,42598400,0.29999998211860657,7126,1.5304428571428583,5977,0.29999998211860657,2.164285714285714,0.29999998211860657,0.29999998211860657,0.29999998211860657,0.29999998211860657,0.29999998211860657,618.6658325195312,0.29999998211860657,0.29999998211860657,0.29999998211860657,0.29999998211860657,0.22142857142857142,0.75,0.29999998211860657,0.29999998211860657,0.29999998211860657,0.29999998211860657,1.7338406402428266,0.0023663330078124998,0.29999998211860657,0.29999998211860657,0.29999998211860657,0.2,0.7650892734527588,1.0,0.0003769397735595703,12,0.001759264,109,21,25,19,-5.374142646789551,0.30000001192092896,0.6153846153846154,26,-0.0036566799098181947,0.6,1e-05,0.35754462046315894,0.0684844970703125,0.1,1.0,0.8421052631578947,0.0,17,0.8235294117647058,3240
0.29999998211860657,0.8561643835616438,0.29999998211860657,326,0.29999998211860657,19,0.29999998211860657,952.5,0.29999998211860657,0.29999998211860657,0.29999998211860657,0.29999998211860657,0.29999998211860657,42729472,0.29999998211860657,7127,1.5394109589041107,5994,0.29999998211860657,2.0753424657534247,0.29999998211860657,0.29999998211860657,0.29999998211860657,0.29999998211860657,0.29999998211860657,657.9321899414062,0.29999998211860657,0.29999998211860657,0.29999998211860657,0.29999998211860657,0.14383561643835616,0.7368421052631579,0.29999998211860657,0.29999998211860657,0.29999998211860657,0.29999998211860657,1.6751565914383464,0.0023736572265625,0.29999998211860657,0.29999998211860657,0.29999998211860657,0.2,0.7481275200843811,1.0,0.0001506507396697998,20,0.0017924217,125,25,31,21,-5.374142646789551,0.30000001192092896,0.75,12,-0.003797575885528204,0.5806451612903226,1e-05,0.27565253895008934,0.07463226318359376,0.1,1.0,1.0,0.0,18,1.0,3250
0.29999998211860657,0.8,0.29999998211860657,327,0.29999998211860657,23,0.29999998211860657,896.83,0.29999998211860657,0.29999998211860657,0.29999998211860657,0.29999998211860657,0.29999998211860657,42860544,0.29999998211860657,7128,1.5112296296296306,6012,0.29999998211860657,2.066666666666667,0.29999998211860657,0.29999998211860657,0.29999998211860657,0.29999998211860657,0.29999998211860657,623.1867065429688,0.29999998211860657,0.29999998211860657,0.29999998211860657,0.29999998211860657,0.2,0.8260869565217391,0.29999998211860657,0.29999998211860657,0.29999998211860657,0.29999998211860657,1.7522420443425766,0.0023681640625,0.29999998211860657,0.29999998211860657,0.29999998211860657,0.2,0.7556395530700684,0.9230769230769231,-0.07299597561359406,13,0.0017079003,108,22,26,14,-5.374142646789551,0.30000001192092896,0.6190476190476191,21,-0.0034940568545607674,0.5384615384615384,1e-05,0.2257682549941819,0.06231536865234375,0.1,1.0,0.9285714285714286,0.0,16,0.9375,3260
0.29999998211860657,0.7898089171974523,0.29999998211860657,328,0.29999998211860657,23,0.29999998211860657,904.22,0.29999998211860657,0.29999998211860657,0.29999998211860657,0.29999998211860657,0.29999998211860657,42991616,0.29999998211860657,7130,1.5440509554140138,6029,0.29999998211860657,2.1146496815286624,0.29999998211860657,0.29999998211860657,0.29999998211860657,0.29999998211860657,0.29999998211860657,625.81494140625,0.29999998211860657,0.29999998211860657,0.29999998211860657,0.29999998211860657,0.21019108280254778,0.6521739130434783,0.29999998211860657,0.29999998211860657,0.29999998211860657,0.29999998211860657,1.7274458588363197,0.0024044799804687498,0.29999998211860657,0.29999998211860657,0.29999998211860657,0.2,0.7553971409797668,1.0,-0.0834755152463913,18,0.0017302532,124,25,28,22,-5.374142646789551,0.30000001192092896,0.68,25,-0.0036299937818512263,0.5357142857142857,1e-05,0.2656906778458506,0.06583633422851562,0.1,0.96,0.9545454545454546,0.0,16,0.875,3270
0.29999998211860657,0.7318840579710145,0.29999998211860657,329,0.29999998211860657,27,0.29999998211860657,879.51,0.29999998211860657,0.29999998211860657,0.29999998211860657,0.29999998211860657,0.29999998211860657,43122688,0.29999998211860657,7130,1.5098985507246387,6047,0.29999998211860657,2.1594202898550723,0.29999998211860657,0.29999998211860657,0.29999998211860657,0.29999998211860657,0.29999998211860657,606.6013793945312,0.29999998211860657,0.29999998211860657,0.29999998211860657,0.29999998211860657,0.26811594202898553,0.6296296296296297,0.29999998211860657,0.29999998211860657,0.29999998211860657,0.29999998211860657,1.7825297550301777,0.0024020385742187502,0.29999998211860657,0.29999998211860657,0.29999998211860657,0.2,0.798179030418396,1.0,0.02423095703125,17,0.0018006435,101,18,27,13,-5.374142646789551,0.30000001192092896,0.6538461538461539,26,-0.0037714712572778806,0.4074074074074074,1e-05,0.3131012919126078,0.07060928344726562,0.1,0.9444444444444444,0.9230769230769231,0.0,10,1.0,3280
0.29999998211860657,0.8194444444444444,0.29999998211860657,330,0.29999998211860657,15,0.29999998211860657,934.81,0.29999998211860657,0.29999998211860657,0.29999998211860657,0.29999998211860657,0.29999998211860657,43253760,0.29999998211860657,7133,1.5255972222222232,6063,0.29999998211860657,1.8263888888888888,0.29999998211860657,0.29999998211860657,0.29999998211860657,0.29999998211860657,0.29999998211860657,645.4088134765625,0.29999998211860657,0.29999998211860657,0.29999998211860657,0.29999998211860657,0.18055555555555555,0.7333333333333333,0.29999998211860657,0.29999998211860657,0.29999998211860657,0.29999998211860657,1.5934067792401494,0.00240814208984375,0.29999998211860657,0.29999998211860657,0.29999998211860657,0.2,0.7800577282905579,0.8666666666666667,0.13169097900390625,15,0.0018140756,118,26,22,17,-5.374142646789551,0.30000001192092896,0.7272727272727273,22,-0.003656038674762385,0.4090909090909091,1e-05,0.34352044713450597,0.06951828002929687,0.1,1.0,1.0,0.0,27,0.9629629629629629,3290
0.29999998211860657,0.7880794701986755,0.29999998211860657,331,0.29999998211860657,20,0.29999998211860657,905.05,0.29999998211860657,0.29999998211860657,0.29999998211860657,0.29999998211860657,0.29999998211860657,43384832,0.29999998211860657,7134,1.5236026490066237,6081,0.29999998211860657,2.0,0.29999998211860657,0.29999998211860657,0.29999998211860657,0.29999998211860657,0.29999998211860657,624.4080200195312,0.29999998211860657,0.29999998211860657,0.29999998211860657,0.29999998211860657,0.2119205298013245,0.7,0.29999998211860657,0.29999998211860657,0.29999998211860657,0.29999998211860657,1.683135087775968,0.00240509033203125,0.29999998211860657,0.29999998211860657,0.29999998211860657,0.2,0.7820887565612793,1.0,-0.07560063898563385,14,0.0017301799,119,29,24,20,-5.374142646789551,0.30000001192092896,0.6451612903225806,31,-0.003901041750987133,0.5416666666666666,1e-05,0.23106512852245942,0.06469955444335937,0.1,0.9655172413793104,0.95,0.0,13,0.8461538461538461,3300
0.29999998211860657,0.7323943661971831,0.29999998211860657,332,0.29999998211860657,23,0.29999998211860657,896.27,0.29999998211860657,0.29999998211860657,0.29999998211860657,0.29999998211860657,0.29999998211860657,43515904,0.29999998211860657,7135,1.5105352112676071,6098,0.29999998211860657,2.119718309859155,0.29999998211860657,0.29999998211860657,0.29999998211860657,0.29999998211860657,0.29999998211860657,615.5520629882812,0.29999998211860657,0.29999998211860657,0.29999998211860657,0.29999998211860657,0.2676056338028169,0.5652173913043478,0.29999998211860657,0.29999998211860657,0.29999998211860657,0.29999998211860657,1.7325641500727753,0.00243865966796875,0.29999998211860657,0.29999998211860657,0.29999998211860657,0.2,0.7899643182754517,0.9,0.021314233541488647,20,0.0017450184,104,20,30,17,-5.374142646789551,0.30000001192092896,0.4,15,-0.0035414905133620777,0.4666666666666667,1e-05,0.28237707902444525,0.06710052490234375,0.1,1.0,0.9411764705882353,0.0,17,1.0,3310
0.29999998211860657,0.756578947368421,0.29999998211860657,333,0.29999998211860657,26,0.29999998211860657,879.39,0.29999998211860657,0.29999998211860657,0.29999998211860657,0.29999998211860657,0.29999998211860657,43646976,0.29999998211860657,7136,1.5231315789473696,6116,0.29999998211860657,2.3815789473684212,0.29999998211860657,0.29999998211860657,0.29999998211860657,0.29999998211860657,0.29999998211860657,606.8233032226562,0.29999998211860657,0.29999998211860657,0.29999998211860657,0.29999998211860657,0.24342105263157895,0.6538461538461539,0.29999998211860657,0.29999998211860657,0.29999998211860657,0.29999998211860657,1.8556485301534802,0.0024569702148437497,0.29999998211860657,0.29999998211860657,0.29999998211860657,0.2,0.78904128074646,0.8571428571428571,0.037321001291275024,14,0.0017602551,115,14,36,17,-5.374142646789551,0.30000001192092896,0.7916666666666666,24,-0.003633591716788942,0.5277777777777778,1e-05,0.29146806091303007,0.06625442504882813,0.1,1.0,0.8823529411764706,0.0,21,0.9047619047619048,3320
0.29999998211860657,0.8115942028985508,0.29999998211860657,334,0.29999998211860657,24,0.29999998211860657,886.09,0.29999998211860657,0.29999998211860657,0.29999998211860657,0.29999998211860657,0.29999998211860657,43778048,0.29999998211860657,7138,1.5305652173913058,6132,0.29999998211860657,1.9710144927536233,0.29999998211860657,0.29999998211860657,0.29999998211860657,0.29999998211860657,0.29999998211860657,611.0501708984375,0.29999998211860657,0.29999998211860657,0.29999998211860657,0.29999998211860657,0.18840579710144928,0.7083333333333334,0.29999998211860657,0.29999998211860657,0.29999998211860657,0.29999998211860657,1.6651724081666854,0.002489013671875,0.29999998211860657,0.29999998211860657,0.29999998211860657,0.2,0.7889466285705566,0.95,-0.007397860288619995,20,0.001768203,112,21,25,14,-5.374142646789551,0.30000001192092896,0.7058823529411765,17,-0.0037914977840955546,0.52,1e-05,0.3284426000667736,0.06828842163085938,0.1,1.0,0.9285714285714286,0.0,17,1.0,3330
0.29999998211860657,0.8231292517006803,0.29999998211860657,335,0.29999998211860657,20,0.29999998211860657,920.33,0.29999998211860657,0.29999998211860657,0.29999998211860657,0.29999998211860657,0.29999998211860657,43909120,0.29999998211860657,7139,1.5227891156462596,6149,0.29999998211860657,2.238095238095238,0.29999998211860657,0.29999998211860657,0.29999998211860657,0.29999998211860657,0.29999998211860657,638.8968505859375,0.29999998211860657,0.29999998211860657,0.29999998211860657,0.29999998211860657,0.17687074829931973,0.6,0.29999998211860657,0.29999998211860657,0.29999998211860657,0.29999998211860657,1.9148293592395011,0.0024578857421875,0.29999998211860657,0.29999998211860657,0.29999998211860657,0.2,0.7744573950767517,1.0,0.029978275299072266,17,0.0017800871,121,16,27,23,-5.374142646789551,0.30000001192092896,0.7777777777777778,18,-0.0038239154630446137,0.5925925925925926,1e-05,0.27227866273606194,0.069097900390625,0.1,1.0,0.8695652173913043,0.0,26,1.0,3340
0.29999998211860657,0.8071428571428572,0.29999998211860657,336,0.29999998211860657,23,0.29999998211860657,914.43,0.29999998211860657,0.29999998211860657,0.29999998211860657,0.29999998211860657,0.29999998211860657,44040192,0.29999998211860657,7141,1.544657142857144,6167,0.29999998211860657,2.2,0.29999998211860657,0.29999998211860657,0.29999998211860657,0.29999998211860657,0.29999998211860657,634.4678955078125,0.29999998211860657,0.29999998211860657,0.29999998211860657,0.29999998211860657,0.19285714285714287,0.782608695652174,0.29999998211860657,0.29999998211860657,0.29999998211860657,0.29999998211860657,1.7913143394618285,0.00247772216796875,0.29999998211860657,0.29999998211860657,0.29999998211860657,0.2,0.7568291425704956,1.0,0.01616242527961731,19,0.0017381469,113,17,31,15,-5.374142646789551,0.30000001192092896,0.7272727272727273,22,-0.0036180532221351315,0.5483870967741935,1e-05,0.2593896737555042,0.06696624755859375,0.1,0.8823529411764706,1.0,0.0,13,1.0,3350
0.29999998211860657,0.8428571428571429,0.29999998211860657,337,0.29999998211860657,22,0.29999998211860657,927.73,0.29999998211860657,0.29999998211860657,0.29999998211860657,0.29999998211860657,0.29999998211860657,44171264,0.29999998211860657,7142,1.5511000000000013,6184,0.29999998211860657,1.9714285714285715,0.29999998211860657,0.29999998211860657,0.29999998211860657,0.29999998211860657,0.29999998211860657,648.8125610351562,0.29999998211860657,0.29999998211860657,0.29999998211860657,0.29999998211860657,0.15714285714285714,0.8636363636363636,0.29999998211860657,0.29999998211860657,0.29999998211860657,0.29999998211860657,1.6513698030021449,0.0025311279296875,0.29999998211860657,0.29999998211860657,0.29999998211860657,0.2,0.7939096093177795,1.0,-0.034006938338279724,16,0.001888694,118,30,24,19,-5.374142646789551,0.30000001192092896,0.8,20,-0.003864396314520491,0.5,1e-05,0.2653549201437272,0.07429580688476563,0.1,1.0,0.8421052631578947,0.0,9,1.0,3360
0.29999998211860657,0.8163265306122449,0.29999998211860657,338,0.29999998211860657,16,0.29999998211860657,931.7,0.29999998211860657,0.29999998211860657,0.29999998211860657,0.29999998211860657,0.29999998211860657,44302336,0.29999998211860657,7142,1.5417278911564638,6202,0.29999998211860657,2.0136054421768708,0.29999998211860657,0.29999998211860657,0.29999998211860657,0.29999998211860657,0.29999998211860657,643.181884765625,0.29999998211860657,0.29999998211860657,0.29999998211860657,0.29999998211860657,0.1836734693877551,0.5625,0.29999998211860657,0.29999998211860657,0.29999998211860657,0.29999998211860657,1.6787162496688133,0.00256256103515625,0.29999998211860657,0.29999998211860657,0.29999998211860657,0.2,0.742922842502594,1.0,-0.04913851618766785,15,0.0018146298,120,29,26,23,-5.374142646789551,0.30000001192092896,0.6,20,-0.0036905831328112983,0.6923076923076923,1e-05,0.24765424165525474,0.07224807739257813,0.1,1.0,0.8695652173913043,0.0,18,0.9444444444444444,3370
0.29999998211860657,0.7482517482517482,0.29999998211860657,339,0.29999998211860657,22,0.29999998211860657,879.77,0.29999998211860657,0.29999998211860657,0.29999998211860657,0.29999998211860657,0.29999998211860657,44433408,0.29999998211860657,7145,1.5413286713286725,6218,0.29999998211860657,2.041958041958042,0.29999998211860657,0.29999998211860657,0.29999998211860657,0.29999998211860657,0.29999998211860657,609.3434448242188,0.29999998211860657,0.29999998211860657,0.29999998211860657,0.29999998211860657,0.2517482517482518,0.5454545454545454,0.29999998211860657,0.29999998211860657,0.29999998211860657,0.29999998211860657,1.7011856016399636,0.0025054931640625,0.29999998211860657,0.29999998211860657,0.29999998211860657,0.2,0.7989906072616577,0.9375,0.039735257625579834,16,0.001717218,107,25,30,15,-5.374142646789551,0.30000001192092896,0.5714285714285714,21,-0.0034866809724235282,0.5666666666666667,1e-05,0.25736898166360334,0.0672821044921875,0.1,1.0,1.0,0.0,14,0.7857142857142857,3380
0.29999998211860657,0.8531468531468531,0.29999998211860657,340,0.29999998211860657,24,0.29999998211860657,931.37,0.29999998211860657,0.29999998211860657,0.29999998211860657,0.29999998211860657,0.29999998211860657,44564480,0.29999998211860657,7146,1.5214965034965047,6235,0.29999998211860657,1.8461538461538463,0.29999998211860657,0.29999998211860657,0.29999998211860657,0.29999998211860657,0.29999998211860657,648.4185180664062,0.29999998211860657,0.29999998211860657,0.29999998211860657,0.29999998211860657,0.14685314685314685,0.7916666666666666,0.29999998211860657,0.29999998211860657,0.29999998211860657,0.29999998211860657,1.6725353783973222,0.0025091552734375,0.29999998211860657,0.29999998211860657,0.29999998211860657,0.2,0.779834508895874,0.92,0.05827599763870239,25,0.0018145223,122,24,21,16,-5.374142646789551,0.30000001192092896,0.7894736842105263,19,-0.0037285419165073107,0.5238095238095238,1e-05,0.3029413914307952,0.07020263671875,0.1,1.0,1.0,0.0,14,1.0,3390
0.29999998211860657,0.7724137931034483,0.29999998211860657,341,0.29999998211860657,18,0.29999998211860657,912.41,0.29999998211860657,0.29999998211860657,0.29999998211860657,0.29999998211860657,0.29999998211860657,44695552,0.29999998211860657,7147,1.5502758620689667,6253,0.29999998211860657,1.8827586206896552,0.29999998211860657,0.29999998211860657,0.29999998211860657,0.29999998211860657,0.29999998211860657,619.8787231445312,0.29999998211860657,0.29999998211860657,0.29999998211860657,0.29999998211860657,0.22758620689655173,0.6666666666666666,0.29999998211860657,0.29999998211860657,0.29999998211860657,0.29999998211860657,1.6681972599106114,0.0024819946289062504,0.29999998211860657,0.29999998211860657,0.29999998211860657,0.2,0.7715105414390564,1.0,-0.0038312971591949463,15,0.0017639927,112,30,32,13,-5.374142646789551,0.30000001192092896,0.47368421052631576,19,-0.003660894066752007,0.59375,1e-05,0.24834683796507306,0.06638336181640625,0.1,1.0,0.9230769230769231,0.0,18,0.8333333333333334,3400
0.29999998211860657,0.8344827586206897,0.29999998211860657,342,0.29999998211860657,18,0.29999998211860657,903.53,0.29999998211860657,0.29999998211860657,0.29999998211860657,0.29999998211860657,0.29999998211860657,44826624,0.29999998211860657,7148,1.5299862068965528,6270,0.29999998211860657,1.6896551724137931,0.29999998211860657,0.29999998211860657,0.29999998211860657,0.29999998211860657,0.29999998211860657,624.6026611328125,0.29999998211860657,0.29999998211860657,0.29999998211860657,0.29999998211860657,0.16551724137931034,0.6666666666666666,0.29999998211860657,0.29999998211860657,0.29999998211860657,0.29999998211860657,1.5122307355773024,0.00247344970703125,0.29999998211860657,0.29999998211860657,0.29999998211860657,0.2,0.7977368831634521,1.0,0.0004767179489135742,12,0.0017245434,121,37,24,14,-5.374142644926906,0.30000001192092896,0.8636363636363636,22,-0.0037351751121150302,0.5416666666666666,1e-05,0.26853894583764487,0.063458251953125,0.1,0.972972972972973,0.7857142857142857,0.0,18,1.0,3410
0.29999998211860657,0.8226950354609929,0.29999998211860657,343,0.29999998211860657,20,0.29999998211860657,934.65,0.29999998211860657,0.29999998211860657,0.29999998211860657,0.29999998211860657,0.29999998211860657,44957696,0.29999998211860657,7149,1.5275886524822708,6288,0.29999998211860657,2.049645390070922,0.29999998211860657,0.29999998211860657,0.29999998211860657,0.29999998211860657,0.29999998211860657,644.842529296875,0.29999998211860657,0.29999998211860657,0.29999998211860657,0.29999998211860657,0.1773049645390071,0.75,0.29999998211860657,0.29999998211860657,0.29999998211860657,0.29999998211860657,1.8497150074984012,0.00251190185546875,0.29999998211860657,0.29999998211860657,0.29999998211860657,0.2,0.7910929918289185,0.92,-0.014156758785247803,25,0.0018615954,116,14,24,17,-5.374142646789551,0.30000001192092896,0.6666666666666666,21,-0.00364505636089234,0.625,1e-05,0.24758660319494083,0.07152786254882812,0.1,1.0,0.9411764705882353,0.0,20,0.95,3420
0.29999998211860657,0.8163265306122449,0.29999998211860657,344,0.29999998211860657,27,0.29999998211860657,910.85,0.29999998211860657,0.29999998211860657,0.29999998211860657,0.29999998211860657,0.29999998211860657,45088768,0.29999998211860657,7151,1.53413605442177,6304,0.29999998211860657,2.054421768707483,0.29999998211860657,0.29999998211860657,0.29999998211860657,0.29999998211860657,0.29999998211860657,634.5183715820312,0.29999998211860657,0.29999998211860657,0.29999998211860657,0.29999998211860657,0.1836734693877551,0.7407407407407407,0.29999998211860657,0.29999998211860657,0.29999998211860657,0.29999998211860657,1.5167986797514166,0.002515869140625,0.29999998211860657,0.29999998211860657,0.29999998211860657,0.2,0.7793049812316895,0.9473684210526315,0.012366533279418945,19,0.0018121668,120,27,29,18,-5.374142646789551,0.30000001192092896,0.6,15,-0.003687894070026232,0.5862068965517241,1e-05,0.2202387249621097,0.06695327758789063,0.1,1.0,0.9444444444444444,0.0,12,1.0,3430
0.29999998211860657,0.8636363636363636,0.29999998211860657,345,0.29999998211860657,17,0.29999998211860657,943.22,0.29999998211860657,0.29999998211860657,0.29999998211860657,0.29999998211860657,0.29999998211860657,45219840,0.29999998211860657,7152,1.528318181818183,6322,0.29999998211860657,2.0,0.29999998211860657,0.29999998211860657,0.29999998211860657,0.29999998211860657,0.29999998211860657,658.3330688476562,0.29999998211860657,0.29999998211860657,0.29999998211860657,0.29999998211860657,0.13636363636363635,0.7647058823529411,0.29999998211860657,0.29999998211860657,0.29999998211860657,0.29999998211860657,1.672383745057871,0.00254730224609375,0.29999998211860657,0.29999998211860657,0.29999998211860657,0.2,0.7649412155151367,1.0,-0.03209321200847626,17,0.0018135995,114,19,28,12,-5.374142646789551,0.30000001192092896,0.8571428571428571,21,-0.003599976952045836,0.6785714285714286,1e-05,0.2540835520834662,0.07137451171875,0.1,1.0,0.9166666666666666,0.0,18,0.9444444444444444,3440
0.29999998211860657,0.82,0.29999998211860657,346,0.29999998211860657,24,0.29999998211860657,914.25,0.29999998211860657,0.29999998211860657,0.29999998211860657,0.29999998211860657,0.29999998211860657,45350912,0.29999998211860657,7153,1.5206133333333343,6339,0.29999998211860657,2.12,0.29999998211860657,0.29999998211860657,0.29999998211860657,0.29999998211860657,0.29999998211860657,632.5518188476562,0.29999998211860657,0.29999998211860657,0.29999998211860657,0.29999998211860657,0.18,0.7916666666666666,0.29999998211860657,0.29999998211860657,0.29999998211860657,0.29999998211860657,1.7401952700993781,0.00255340576171875,0.29999998211860657,0.29999998211860657,0.29999998211860657,0.2,0.7469810843467712,1.0,-0.10204537212848663,18,0.0017110985,123,20,34,14,-5.374142646789551,0.30000001192092896,0.85,20,-0.0035351256639842175,0.47058823529411764,1e-05,0.21570900021470152,0.06169586181640625,0.1,1.0,0.9285714285714286,0.0,20,1.0,3450
0.29999998211860657,0.8148148148148148,0.29999998211860657,347,0.29999998211860657,24,0.29999998211860657,930.38,0.29999998211860657,0.29999998211860657,0.29999998211860657,0.29999998211860657,0.29999998211860657,45481984,0.29999998211860657,7154,1.5229925925925938,6357,0.29999998211860657,2.162962962962963,0.29999998211860657,0.29999998211860657,0.29999998211860657,0.29999998211860657,0.29999998211860657,646.08935546875,0.29999998211860657,0.29999998211860657,0.29999998211860657,0.29999998211860657,0.18518518518518517,0.8333333333333334,0.29999998211860657,0.29999998211860657,0.29999998211860657,0.29999998211860657,1.6345967965292398,0.00260833740234375,0.29999998211860657,0.29999998211860657,0.29999998211860657,0.2,0.8040286898612976,1.0,-0.11830893158912659,11,0.0017305922,110,23,24,18,-5.374142646789551,0.30000001192092896,0.7727272727272727,22,-0.003677531267521772,0.5416666666666666,1e-05,0.26645941932220013,0.0669708251953125,0.1,0.9565217391304348,0.8333333333333334,0.0,13,0.9230769230769231,3460
0.29999998211860657,0.7894736842105263,0.29999998211860657,348,0.29999998211860657,18,0.29999998211860657,885.66,0.29999998211860657,0.29999998211860657,0.29999998211860657,0.29999998211860657,0.29999998211860657,45613056,0.29999998211860657,7156,1.5211315789473694,6374,0.29999998211860657,2.026315789473684,0.29999998211860657,0.29999998211860657,0.29999998211860657,0.29999998211860657,0.29999998211860657,615.5733032226562,0.29999998211860657,0.29999998211860657,0.29999998211860657,0.29999998211860657,0.21052631578947367,0.7222222222222222,0.29999998211860657,0.29999998211860657,0.29999998211860657,0.29999998211860657,1.740133835129886,0.00257110595703125,0.29999998211860657,0.29999998211860657,0.29999998211860657,0.2,0.7531499862670898,0.9473684210526315,-0.037157610058784485,19,0.0018023158,120,25,31,18,-5.374142646789551,0.30000001192092896,0.7083333333333334,24,-0.0037502607690839797,0.45161290322580644,1e-05,0.21510089613148012,0.06852569580078124,0.1,1.0,0.8888888888888888,0.0,17,1.0,3470
0.29999998211860657,0.8333333333333334,0.29999998211860657,349,0.29999998211860657,19,0.29999998211860657,921.13,0.29999998211860657,0.29999998211860657,0.29999998211860657,0.29999998211860657,0.29999998211860657,45744128,0.29999998211860657,7157,1.5290757575757588,6390,0.29999998211860657,2.022727272727273,0.29999998211860657,0.29999998211860657,0.29999998211860657,0.29999998211860657,0.29999998211860657,640.1039428710938,0.29999998211860657,0.29999998211860657,0.29999998211860657,0.29999998211860657,0.16666666666666666,0.8421052631578947,0.29999998211860657,0.29999998211860657,0.29999998211860657,0.29999998211860657,1.6116116903589235,0.00258392333984375,0.29999998211860657,0.29999998211860657,0.29999998211860657,0.2,0.7607300281524658,0.9473684210526315,0.0683785080909729,19,0.0018492421,110,23,26,17,-5.374142646789551,0.30000001192092896,0.875,16,-0.00400898132961629,0.5,1e-05,0.3109277540934272,0.07648239135742188,0.1,1.0,0.8235294117647058,0.0,12,1.0,3480
0.29999998211860657,0.8618421052631579,0.29999998211860657,350,0.29999998211860657,22,0.29999998211860657,943.19,0.29999998211860657,0.29999998211860657,0.29999998211860657,0.29999998211860657,0.29999998211860657,45875200,0.29999998211860657,7158,1.5135394736842116,6408,0.29999998211860657,2.2828947368421053,0.29999998211860657,0.29999998211860657,0.29999998211860657,0.29999998211860657,0.29999998211860657,654.897705078125,0.29999998211860657,0.29999998211860657,0.29999998211860657,0.29999998211860657,0.13815789473684212,0.8181818181818182,0.29999998211860657,0.29999998211860657,0.29999998211860657,0.29999998211860657,1.8934472985861488,0.0025479125976562503,0.29999998211860657,0.29999998211860657,0.29999998211860657,0.2,0.7661375999450684,1.0,-0.055908411741256714,14,0.0018801503,131,17,29,23,-5.374142646789551,0.30000001192092896,0.85,20,-0.00370651875537078,0.5862068965517241,1e-05,0.24580882475711405,0.075408935546875,0.1,1.0,0.9565217391304348,0.0,27,0.9629629629629629,3490
0.29999998211860657,0.8106060606060606,0.29999998211860657,351,0.29999998211860657,18,0.29999998211860657,916.03,0.29999998211860657,0.29999998211860657,0.29999998211860657,0.29999998211860657,0.29999998211860657,46006272,0.29999998211860657,7159,1.517227272727274,6425,0.29999998211860657,1.893939393939394,0.29999998211860657,0.29999998211860657,0.29999998211860657,0.29999998211860657,0.29999998211860657,634.241943359375,0.29999998211860657,0.29999998211860657,0.29999998211860657,0.29999998211860657,0.1893939393939394,0.6666666666666666,0.29999998211860657,0.29999998211860657,0.29999998211860657,0.29999998211860657,1.6379474834433603,0.0026440429687500005,0.29999998211860657,0.29999998211860657,0.29999998211860657,0.2,0.7464771866798401,1.0,-0.027712136507034302,14,0.0017187751,107,26,22,15,-5.374142646789551,0.30000001192092896,0.5909090909090909,22,-0.00347062404512144,0.6818181818181818,1e-05,0.23391130909440108,0.06449203491210938,0.1,1.0,0.8,0.0,15,1.0,3500
0.29999998211860657,0.8707482993197279,0.29999998211860657,352,0.29999998211860657,18,0.29999998211860657,949.67,0.29999998211860657,0.29999998211860657,0.29999998211860657,0.29999998211860657,0.29999998211860657,46137344,0.29999998211860657,7160,1.5299183673469399,6443,0.29999998211860657,1.9319727891156462,0.29999998211860657,0.29999998211860657,0.29999998211860657,0.29999998211860657,0.29999998211860657,662.23876953125,0.29999998211860657,0.29999998211860657,0.29999998211860657,0.29999998211860657,0.1292517006802721,0.9444444444444444,0.29999998211860657,0.29999998211860657,0.29999998211860657,0.29999998211860657,1.588651017450754,0.0025839233398437496,0.29999998211860657,0.29999998211860657,0.29999998211860657,0.2,0.7613010406494141,1.0,-0.04660607874393463,17,0.0018073285,128,24,22,17,-5.374142646789551,0.30000001192092896,0.71875,32,-0.0036488886526058195,0.6818181818181818,1e-05,0.23412838105577977,0.07170639038085938,0.1,1.0,0.9411764705882353,0.0,17,0.9411764705882353,3510
0.29999998211860657,0.8549618320610687,0.29999998211860657,353,0.29999998211860657,25,0.29999998211860657,928.49,0.29999998211860657,0.29999998211860657,0.29999998211860657,0.29999998211860657,0.29999998211860657,46268416,0.29999998211860657,7162,1.5118931297709934,6459,0.29999998211860657,1.9694656488549618,0.29999998211860657,0.29999998211860657,0.29999998211860657,0.29999998211860657,0.29999998211860657,648.6953735351562,0.29999998211860657,0.29999998211860657,0.29999998211860657,0.29999998211860657,0.1450381679389313,0.84,0.29999998211860657,0.29999998211860657,0.29999998211860657,0.29999998211860657,1.7148951345061774,0.0026126098632812504,0.29999998211860657,0.29999998211860657,0.29999998211860657,0.2,0.7160701155662537,1.0,-0.0696849524974823,20,0.0017794714,112,23,26,12,-5.374142646789551,0.30000001192092896,0.7647058823529411,17,-0.003607971490600903,0.6538461538461539,1e-05,0.21118525551282802,0.0654876708984375,0.1,1.0,0.9166666666666666,0.0,8,0.875,3520
0.29999998211860657,0.8051948051948052,0.29999998211860657,354,0.29999998211860657,28,0.29999998211860657,899.36,0.29999998211860657,0.29999998211860657,0.29999998211860657,0.29999998211860657,0.29999998211860657,46399488,0.29999998211860657,7163,1.5235714285714297,6477,0.29999998211860657,2.0324675324675323,0.29999998211860657,0.29999998211860657,0.29999998211860657,0.29999998211860657,0.29999998211860657,627.8048706054688,0.29999998211860657,0.29999998211860657,0.29999998211860657,0.29999998211860657,0.19480519480519481,0.7857142857142857,0.29999998211860657,0.29999998211860657,0.29999998211860657,0.29999998211860657,1.6799991419439178,0.0025561523437499997,0.29999998211860657,0.29999998211860657,0.29999998211860657,0.2,0.750274121761322,1.0,-0.1759428232908249,13,0.0018494045,124,26,31,14,-5.374142646789551,0.30000001192092896,0.7894736842105263,19,-0.003764390826631825,0.5161290322580645,1e-05,0.2114239491056651,0.07237548828125,0.1,0.9615384615384616,0.8571428571428571,0.0,23,0.9130434782608695,3530
0.29999998211860657,0.8091603053435115,0.29999998211860657,355,0.29999998211860657,15,0.29999998211860657,920.2,0.29999998211860657,0.29999998211860657,0.29999998211860657,0.29999998211860657,0.29999998211860657,46530560,0.29999998211860657,7164,1.5230839694656502,6494,0.29999998211860657,2.1755725190839694,0.29999998211860657,0.29999998211860657,0.29999998211860657,0.29999998211860657,0.29999998211860657,636.7298583984375,0.29999998211860657,0.29999998211860657,0.29999998211860657,0.29999998211860657,0.19083969465648856,0.4666666666666667,0.29999998211860657,0.29999998211860657,0.29999998211860657,0.29999998211860657,1.5991388048030981,0.00260345458984375,0.29999998211860657,0.29999998211860657,0.29999998211860657,0.2,0.7692945599555969,1.0,-0.04702085256576538,14,0.0017376277,106,23,29,19,-5.374142646789551,0.30000001192092896,0.9047619047619048,21,-0.003679163712422451,0.5517241379310345,1e-05,0.25989174143760463,0.06701583862304687,0.1,1.0,0.9473684210526315,0.0,10,0.9,3540
0.29999998211860657,0.8609271523178808,0.29999998211860657,356,0.29999998211860657,13,0.29999998211860657,937.46,0.29999998211860657,0.29999998211860657,0.29999998211860657,0.29999998211860657,0.29999998211860657,46661632,0.29999998211860657,7165,1.5278675496688752,6511,0.29999998211860657,1.7748344370860927,0.29999998211860657,0.29999998211860657,0.29999998211860657,0.29999998211860657,0.29999998211860657,655.16015625,0.29999998211860657,0.29999998211860657,0.29999998211860657,0.29999998211860657,0.1390728476821192,0.8461538461538461,0.29999998211860657,0.29999998211860657,0.29999998211860657,0.29999998211860657,1.5205778696372085,0.00267120361328125,0.29999998211860657,0.29999998211860657,0.29999998211860657,0.2,0.7464741468429565,1.0,-0.060936421155929565,22,0.001822183,130,30,26,18,-5.374142646789551,0.30000001192092896,0.6956521739130435,23,-0.0037008337474617294,0.5769230769230769,1e-05,0.23141410544048996,0.0689239501953125,0.1,1.0,0.9444444444444444,0.0,19,1.0,3550
0.29999998211860657,0.8492063492063492,0.29999998211860657,357,0.29999998211860657,16,0.29999998211860657,941.89,0.29999998211860657,0.29999998211860657,0.29999998211860657,0.29999998211860657,0.29999998211860657,46792704,0.29999998211860657,7166,1.5269682539682552,6529,0.29999998211860657,1.9603174603174602,0.29999998211860657,0.29999998211860657,0.29999998211860657,0.29999998211860657,0.29999998211860657,657.0147705078125,0.29999998211860657,0.29999998211860657,0.29999998211860657,0.29999998211860657,0.15079365079365079,0.8125,0.29999998211860657,0.29999998211860657,0.29999998211860657,0.29999998211860657,1.4944139238848513,0.00262939453125,0.29999998211860657,0.29999998211860657,0.29999998211860657,0.2,0.7674095630645752,0.8333333333333334,-0.07512266933917999,12,0.0017737984,107,27,21,19,-5.374142646789551,0.30000001192092896,0.8125,16,-0.003829080804644036,0.7142857142857143,1e-05,0.21023779052775354,0.06637191772460938,0.1,1.0,0.7368421052631579,0.0,15,1.0,3560
0.29999998211860657,0.8866666666666667,0.29999998211860657,358,0.29999998211860657,20,0.29999998211860657,925.64,0.29999998211860657,0.29999998211860657,0.29999998211860657,0.29999998211860657,0.29999998211860657,46923776,0.29999998211860657,7168,1.5292933333333345,6545,0.29999998211860657,1.84,0.29999998211860657,0.29999998211860657,0.29999998211860657,0.29999998211860657,0.29999998211860657,649.1950073242188,0.29999998211860657,0.29999998211860657,0.29999998211860657,0.29999998211860657,0.11333333333333333,0.65,0.29999998211860657,0.29999998211860657,0.29999998211860657,0.29999998211860657,1.6841445723637432,0.0026632690429687503,0.29999998211860657,0.29999998211860657,0.29999998211860657,0.2,0.7390047311782837,0.9583333333333334,0.008678793907165527,24,0.001793968,133,26,28,15,-5.374142646789551,0.30000001192092896,0.7777777777777778,18,-0.003507624280609889,0.8214285714285714,1e-05,0.19721964780474083,0.066424560546875,0.1,1.0,1.0,0.0,19,1.0,3570
0.29999998211860657,0.8503937007874016,0.29999998211860657,359,0.29999998211860657,27,0.29999998211860657,955.09,0.29999998211860657,0.29999998211860657,0.29999998211860657,0.29999998211860657,0.29999998211860657,47054848,0.29999998211860657,7169,1.537448818897639,6563,0.29999998211860657,2.062992125984252,0.29999998211860657,0.29999998211860657,0.29999998211860657,0.29999998211860657,0.29999998211860657,664.6437377929688,0.29999998211860657,0.29999998211860657,0.29999998211860657,0.29999998211860657,0.14960629921259844,0.7037037037037037,0.29999998211860657,0.29999998211860657,0.29999998211860657,0.29999998211860657,1.764669814511496,0.0026971435546875,0.29999998211860657,0.29999998211860657,0.29999998211860657,0.2,0.7489545345306396,0.9375,-0.05425325036048889,16,0.0017194445,108,20,23,13,-5.374142646789551,0.30000001192092896,0.875,16,-0.0036324643133411882,0.6521739130434783,1e-05,0.21554673224454746,0.06670989990234374,0.1,1.0,1.0,0.0,12,1.0,3580
0.29999998211860657,0.8535031847133758,0.29999998211860657,360,0.29999998211860657,35,0.29999998211860657,920.36,0.29999998211860657,0.29999998211860657,0.29999998211860657,0.29999998211860657,0.29999998211860657,47185920,0.29999998211860657,7170,1.5550063694267526,6580,0.29999998211860657,2.248407643312102,0.29999998211860657,0.29999998211860657,0.29999998211860657,0.29999998211860657,0.29999998211860657,648.2503051757812,0.29999998211860657,0.29999998211860657,0.29999998211860657,0.29999998211860657,0.1464968152866242,0.6571428571428571,0.29999998211860657,0.29999998211860657,0.29999998211860657,0.29999998211860657,1.6878097241533234,0.0027044677734375,0.29999998211860657,0.29999998211860657,0.29999998211860657,0.2,0.7499374747276306,1.0,-0.15087391436100006,14,0.001814937,134,24,28,22,-5.374142646789551,0.30000001192092896,0.75,16,-0.0036908007014062605,0.75,1e-05,0.18209928689757363,0.0724517822265625,0.1,1.0,1.0,0.0,18,1.0,3590
0.29999998211860657,0.8120300751879699,0.29999998211860657,361,0.29999998211860657,20,0.29999998211860657,935.88,0.29999998211860657,0.29999998211860657,0.29999998211860657,0.29999998211860657,0.29999998211860657,47316992,0.29999998211860657,7171,1.5390676691729335,6598,0.29999998211860657,2.3533834586466167,0.29999998211860657,0.29999998211860657,0.29999998211860657,0.29999998211860657,0.29999998211860657,657.4441528320312,0.29999998211860657,0.29999998211860657,0.29999998211860657,0.29999998211860657,0.18796992481203006,0.65,0.29999998211860657,0.29999998211860657,0.29999998211860657,0.29999998211860657,1.7238254588580508,0.0027392578124999997,0.29999998211860657,0.29999998211860657,0.29999998211860657,0.2,0.759320855140686,1.0,-0.13990232348442078,15,0.0017758439,108,16,35,17,-5.374142646789551,0.30000001192092896,0.8571428571428571,14,-0.003643023870699835,0.6285714285714286,1e-05,0.22935918860021048,0.07145843505859376,0.1,1.0,0.8235294117647058,0.0,16,1.0,3600
0.29999998211860657,0.847682119205298,0.29999998211860657,362,0.29999998211860657,25,0.29999998211860657,958.08,0.29999998211860657,0.29999998211860657,0.29999998211860657,0.29999998211860657,0.29999998211860657,47448064,0.29999998211860657,7172,1.5412185430463587,6614,0.29999998211860657,1.9602649006622517,0.29999998211860657,0.29999998211860657,0.29999998211860657,0.29999998211860657,0.29999998211860657,669.70166015625,0.29999998211860657,0.29999998211860657,0.29999998211860657,0.29999998211860657,0.152317880794702,0.84,0.29999998211860657,0.29999998211860657,0.29999998211860657,0.29999998211860657,1.667313128342725,0.0027203369140625,0.29999998211860657,0.29999998211860657,0.29999998211860657,0.2,0.7332106828689575,1.0,-0.030632510781288147,16,0.0018070556,128,28,21,21,-5.374142646789551,0.30000001192092896,0.7,20,-0.0037823321375981323,0.5238095238095238,1e-05,0.23273257833789102,0.067010498046875,0.1,1.0,0.9523809523809523,0.0,20,0.9,3610
0.29999998211860657,0.8015267175572519,0.29999998211860657,363,0.29999998211860657,24,0.29999998211860657,917.69,0.29999998211860657,0.29999998211860657,0.29999998211860657,0.29999998211860657,0.29999998211860657,47579136,0.29999998211860657,7174,1.519496183206108,6631,0.29999998211860657,2.015267175572519,0.29999998211860657,0.29999998211860657,0.29999998211860657,0.29999998211860657,0.29999998211860657,646.3350219726562,0.29999998211860657,0.29999998211860657,0.29999998211860657,0.29999998211860657,0.1984732824427481,0.7916666666666666,0.29999998211860657,0.29999998211860657,0.29999998211860657,0.29999998211860657,1.6263613061080235,0.002667236328125,0.29999998211860657,0.29999998211860657,0.29999998211860657,0.2,0.7664797306060791,0.9230769230769231,-0.15968039631843567,13,0.0017287625,105,23,25,11,-5.374142646789551,0.30000001192092896,0.68,25,-0.0036663924532149396,0.56,1e-05,0.2149353389570024,0.0645355224609375,0.1,1.0,0.9090909090909091,0.0,10,1.0,3620
0.29999998211860657,0.8698630136986302,0.29999998211860657,364,0.29999998211860657,19,0.29999998211860657,944.51,0.29999998211860657,0.29999998211860657,0.29999998211860657,0.29999998211860657,0.29999998211860657,47710208,0.29999998211860657,7175,1.5285890410958913,6648,0.29999998211860657,1.917808219178082,0.29999998211860657,0.29999998211860657,0.29999998211860657,0.29999998211860657,0.29999998211860657,657.1187744140625,0.29999998211860657,0.29999998211860657,0.29999998211860657,0.29999998211860657,0.13013698630136986,0.7368421052631579,0.29999998211860657,0.29999998211860657,0.29999998211860657,0.29999998211860657,1.6548947126293225,0.002738037109375,0.29999998211860657,0.29999998211860657,0.29999998211860657,0.2,0.7779619097709656,1.0,-0.0659504234790802,16,0.0018630899,127,28,24,17,-5.374142646789551,0.30000001192092896,0.7857142857142857,28,-0.0038231950759382016,0.7083333333333334,1e-05,0.2488244800362736,0.07197799682617187,0.1,1.0,0.9411764705882353,0.0,14,1.0,3630
0.29999998211860657,0.8507462686567164,0.29999998211860657,365,0.29999998211860657,16,0.29999998211860657,943.29,0.29999998211860657,0.29999998211860657,0.29999998211860657,0.29999998211860657,0.29999998211860657,47841280,0.29999998211860657,7176,1.533402985074628,6666,0.29999998211860657,2.0522388059701493,0.29999998211860657,0.29999998211860657,0.29999998211860657,0.29999998211860657,0.29999998211860657,661.5459594726562,0.29999998211860657,0.29999998211860657,0.29999998211860657,0.29999998211860657,0.14925373134328357,0.625,0.29999998211860657,0.29999998211860657,0.29999998211860657,0.29999998211860657,1.5736627524364744,0.0027243041992187503,0.29999998211860657,0.29999998211860657,0.29999998211860657,0.2,0.7612717151641846,0.9230769230769231,-0.08114682137966156,13,0.0017998726,114,29,29,19,-5.374142646789551,0.30000001192092896,0.8235294117647058,17,-0.0037042751470835354,0.7241379310344828,1e-05,0.21741673536016606,0.07051239013671876,0.1,1.0,0.9473684210526315,0.0,11,0.9090909090909091,3640
0.29999998211860657,0.8951048951048951,0.29999998211860657,366,0.29999998211860657,23,0.29999998211860657,925.01,0.29999998211860657,0.29999998211860657,0.29999998211860657,0.29999998211860657,0.29999998211860657,47972352,0.29999998211860657,7176,1.540867132867134,6684,0.29999998211860657,1.93006993006993,0.29999998211860657,0.29999998211860657,0.29999998211860657,0.29999998211860657,0.29999998211860657,652.526611328125,0.29999998211860657,0.29999998211860657,0.29999998211860657,0.29999998211860657,0.1048951048951049,0.782608695652174,0.29999998211860657,0.29999998211860657,0.29999998211860657,0.29999998211860657,1.696260452830285,0.0027301025390625002,0.29999998211860657,0.29999998211860657,0.29999998211860657,0.2,0.7317755222320557,1.0,-0.06201790273189545,26,0.0018049239,128,20,25,15,-5.374142646789551,0.30000001192092896,0.7777777777777778,18,-0.003902121764895128,0.84,1e-05,0.19605060875182972,0.06875152587890625,0.1,1.0,1.0,0.0,16,0.875,3650
0.29999998211860657,0.8455882352941176,0.29999998211860657,367,0.29999998211860657,21,0.29999998211860657,937.83,0.29999998211860657,0.29999998211860657,0.29999998211860657,0.29999998211860657,0.29999998211860657,48103424,0.29999998211860657,7179,1.5336176470588245,6700,0.29999998211860657,2.088235294117647,0.29999998211860657,0.29999998211860657,0.29999998211860657,0.29999998211860657,0.29999998211860657,654.88916015625,0.29999998211860657,0.29999998211860657,0.29999998211860657,0.29999998211860657,0.15441176470588236,0.8095238095238095,0.29999998211860657,0.29999998211860657,0.29999998211860657,0.29999998211860657,1.637622083054507,0.0027008056640625,0.29999998211860657,0.29999998211860657,0.29999998211860657,0.2,0.7555471658706665,0.9166666666666666,-0.06857635080814362,12,0.0017682924,115,21,21,19,-5.374142644926906,0.30000001192092896,0.5714285714285714,21,-0.0035502798799370793,0.7142857142857143,1e-05,0.17630243527819403,0.06854782104492188,0.1,1.0,0.9473684210526315,0.0,21,1.0,3660
0.29999998211860657,0.8955223880597015,0.29999998211860657,368,0.29999998211860657,20,0.29999998211860657,970.35,0.29999998211860657,0.29999998211860657,0.29999998211860657,0.29999998211860657,0.29999998211860657,48234496,0.29999998211860657,7180,1.5123582089552248,6717,0.29999998211860657,1.9104477611940298,0.29999998211860657,0.29999998211860657,0.29999998211860657,0.29999998211860657,0.29999998211860657,677.8665771484375,0.29999998211860657,0.29999998211860657,0.29999998211860657,0.29999998211860657,0.1044776119402985,0.8,0.29999998211860657,0.29999998211860657,0.29999998211860657,0.29999998211860657,1.633716510762384,0.00273712158203125,0.29999998211860657,0.29999998211860657,0.29999998211860657,0.2,0.7171312570571899,1.0,-0.08257843554019928,10,0.0018022796,120,29,19,19,-5.374142646789551,0.30000001192092896,0.8823529411764706,17,-0.003888440403443383,0.5789473684210527,1e-05,0.2357773761905264,0.07012939453125,0.1,1.0,1.0,0.0,20,1.0,3670
0.29999998211860657,0.847682119205298,0.29999998211860657,369,0.29999998211860657,26,0.29999998211860657,940.13,0.29999998211860657,0.29999998211860657,0.29999998211860657,0.29999998211860657,0.29999998211860657,48365568,0.29999998211860657,7181,1.5228211920529813,6735,0.29999998211860657,2.0927152317880795,0.29999998211860657,0.29999998211860657,0.29999998211860657,0.29999998211860657,0.29999998211860657,656.819580078125,0.29999998211860657,0.29999998211860657,0.29999998211860657,0.29999998211860657,0.152317880794702,0.7692307692307693,0.29999998211860657,0.29999998211860657,0.29999998211860657,0.29999998211860657,1.6564524990401857,0.0027178955078125,0.29999998211860657,0.29999998211860657,0.29999998211860657,0.2,0.7368432879447937,1.0,-0.13273176550865173,17,0.0017185326,128,23,30,16,-5.374142646789551,0.30000001192092896,0.8181818181818182,22,-0.003647384291753042,0.6,1e-05,0.17298165902029722,0.06439895629882812,0.1,1.0,0.9375,0.0,17,1.0,3680
0.29999998211860657,0.837037037037037,0.29999998211860657,370,0.29999998211860657,20,0.29999998211860657,890.73,0.29999998211860657,0.29999998211860657,0.29999998211860657,0.29999998211860657,0.29999998211860657,48496640,0.29999998211860657,7181,1.5250222222222234,6752,0.29999998211860657,1.9851851851851852,0.29999998211860657,0.29999998211860657,0.29999998211860657,0.29999998211860657,0.29999998211860657,618.0272827148438,0.29999998211860657,0.29999998211860657,0.29999998211860657,0.29999998211860657,0.16296296296296298,0.7,0.29999998211860657,0.29999998211860657,0.29999998211860657,0.29999998211860657,1.7209428059877554,0.00272125244140625,0.29999998211860657,0.29999998211860657,0.29999998211860657,0.2,0.7906258702278137,0.9,-0.01725640892982483,20,0.0017194793,113,23,29,13,-5.374142646789551,0.30000001192092896,0.75,20,-0.00351231930353606,0.7586206896551724,1e-05,0.21978390731383116,0.0668060302734375,0.1,1.0,0.9230769230769231,0.0,10,0.9,3690
0.29999998211860657,0.8601398601398601,0.29999998211860657,371,0.29999998211860657,15,0.29999998211860657,949.95,0.29999998211860657,0.29999998211860657,0.29999998211860657,0.29999998211860657,0.29999998211860657,48627712,0.29999998211860657,7183,1.5262657342657353,6769,0.29999998211860657,2.020979020979021,0.29999998211860657,0.29999998211860657,0.29999998211860657,0.29999998211860657,0.29999998211860657,667.978271484375,0.29999998211860657,0.29999998211860657,0.29999998211860657,0.29999998211860657,0.13986013986013987,0.6,0.29999998211860657,0.29999998211860657,0.29999998211860657,0.29999998211860657,1.588444434986287,0.0027877807617187503,0.29999998211860657,0.29999998211860657,0.29999998211860657,0.2,0.7934282422065735,0.95,0.0003972351551055908,20,0.0018081535,123,28,21,28,-5.374142646789551,0.30000001192092896,0.7647058823529411,17,-0.003925190474365081,0.6666666666666666,1e-05,0.23176700343028642,0.07333755493164062,0.1,1.0,0.9285714285714286,0.0,14,1.0,3700
0.29999998211860657,0.8394160583941606,0.29999998211860657,372,0.29999998211860657,23,0.29999998211860657,931.87,0.29999998211860657,0.29999998211860657,0.29999998211860657,0.29999998211860657,0.29999998211860657,48758784,0.29999998211860657,7184,1.4996934306569354,6786,0.29999998211860657,1.948905109489051,0.29999998211860657,0.29999998211860657,0.29999998211860657,0.29999998211860657,0.29999998211860657,651.3851318359375,0.29999998211860657,0.29999998211860657,0.29999998211860657,0.29999998211860657,0.16058394160583941,0.782608695652174,0.29999998211860657,0.29999998211860657,0.29999998211860657,0.29999998211860657,1.712099929202538,0.00268463134765625,0.29999998211860657,0.29999998211860657,0.29999998211860657,0.2,0.7321309447288513,1.0,-0.0538969486951828,16,0.0018394829,115,25,28,13,-5.374142646789551,0.30000001192092896,0.9285714285714286,14,-0.0037160096052502923,0.5,1e-05,0.18926413389854133,0.06840057373046875,0.1,0.96,1.0,0.0,18,0.9444444444444444,3710
0.29999998211860657,0.8985507246376812,0.29999998211860657,373,0.29999998211860657,17,0.29999998211860657,959.07,0.29999998211860657,0.29999998211860657,0.29999998211860657,0.29999998211860657,0.29999998211860657,48889856,0.29999998211860657,7185,1.5054492753623199,6803,0.29999998211860657,1.8405797101449275,0.29999998211860657,0.29999998211860657,0.29999998211860657,0.29999998211860657,0.29999998211860657,676.5674438476562,0.29999998211860657,0.29999998211860657,0.29999998211860657,0.29999998211860657,0.10144927536231885,0.7058823529411765,0.29999998211860657,0.29999998211860657,0.29999998211860657,0.29999998211860657,1.5700042479951775,0.00275238037109375,0.29999998211860657,0.29999998211860657,0.29999998211860657,0.2,0.7933624982833862,1.0,-0.06657131016254425,12,0.0018064736,124,27,26,14,-5.374142646789551,0.30000001192092896,0.9285714285714286,14,-0.003780250027011789,0.6923076923076923,1e-05,0.21109934920095838,0.06949691772460938,0.1,1.0,1.0,0.0,28,1.0,3720
0.29999998211860657,0.8723404255319149,0.29999998211860657,374,0.29999998211860657,22,0.29999998211860657,912.92,0.29999998211860657,0.29999998211860657,0.29999998211860657,0.29999998211860657,0.29999998211860657,49020928,0.29999998211860657,7186,1.5158156028368803,6821,0.29999998211860657,1.7943262411347518,0.29999998211860657,0.29999998211860657,0.29999998211860657,0.29999998211860657,0.29999998211860657,635.834228515625,0.29999998211860657,0.29999998211860657,0.29999998211860657,0.29999998211860657,0.1276595744680851,0.9090909090909091,0.29999998211860657,0.29999998211860657,0.29999998211860657,0.29999998211860657,1.5624707847007828,0.00277618408203125,0.29999998211860657,0.29999998211860657,0.29999998211860657,0.2,0.7490464448928833,0.95,-0.1648769974708557,20,0.0016741845,123,28,21,15,-5.374142646789551,0.30000001192092896,0.7619047619047619,21,-0.003421088555069218,0.6666666666666666,1e-05,0.16840385386021808,0.0664947509765625,0.1,1.0,0.8,0.0,14,1.0,3730
0.29999998211860657,0.8591549295774648,0.29999998211860657,375,0.29999998211860657,26,0.29999998211860657,936.17,0.29999998211860657,0.29999998211860657,0.29999998211860657,0.29999998211860657,0.29999998211860657,49152000,0.29999998211860657,7187,1.5350845070422547,6838,0.29999998211860657,2.028169014084507,0.29999998211860657,0.29999998211860657,0.29999998211860657,0.29999998211860657,0.29999998211860657,661.9429931640625,0.29999998211860657,0.29999998211860657,0.29999998211860657,0.29999998211860657,0.14084507042253522,0.7307692307692307,0.29999998211860657,0.29999998211860657,0.29999998211860657,0.29999998211860657,1.6439221339671317,0.00275299072265625,0.29999998211860657,0.29999998211860657,0.29999998211860657,0.2,0.6997284293174744,0.9444444444444444,0.016171425580978394,18,0.0017271193,122,25,23,17,-5.374142646789551,0.30000001192092896,0.84,25,-0.0036559571505904386,0.6956521739130435,1e-05,0.21153648822801188,0.0650970458984375,0.1,1.0,1.0,0.0,8,0.875,3740
0.29999998211860657,0.9166666666666666,0.29999998211860657,376,0.29999998211860657,16,0.29999998211860657,969.35,0.29999998211860657,0.29999998211860657,0.29999998211860657,0.29999998211860657,0.29999998211860657,49283072,0.29999998211860657,7189,1.5138787878787892,6854,0.29999998211860657,1.5606060606060606,0.29999998211860657,0.29999998211860657,0.29999998211860657,0.29999998211860657,0.29999998211860657,686.1158447265625,0.29999998211860657,0.29999998211860657,0.29999998211860657,0.29999998211860657,0.08333333333333333,0.75,0.29999998211860657,0.29999998211860657,0.29999998211860657,0.29999998211860657,1.4002729920656796,0.00280242919921875,0.29999998211860657,0.29999998211860657,0.29999998211860657,0.2,0.7818284034729004,1.0,-0.11379808187484741,20,0.0017763192,121,29,13,14,-5.374142646789551,0.30000001192092896,0.88,25,-0.003809950177628707,0.7692307692307693,1e-05,0.21698096271720715,0.06955184936523437,0.1,0.9655172413793104,1.0,0.0,15,1.0,3750
0.29999998211860657,0.8541666666666666,0.29999998211860657,377,0.29999998211860657,26,0.29999998211860657,937.92,0.29999998211860657,0.29999998211860657,0.29999998211860657,0.29999998211860657,0.29999998211860657,49414144,0.29999998211860657,7190,1.5129722222222233,6872,0.29999998211860657,1.8472222222222223,0.29999998211860657,0.29999998211860657,0.29999998211860657,0.29999998211860657,0.29999998211860657,665.7020263671875,0.29999998211860657,0.29999998211860657,0.29999998211860657,0.29999998211860657,0.14583333333333334,0.8076923076923077,0.29999998211860657,0.29999998211860657,0.29999998211860657,0.29999998211860657,1.5519980214691615,0.00285430908203125,0.29999998211860657,0.29999998211860657,0.29999998211860657,0.2,0.7384589910507202,1.0,-0.11644300818443298,14,0.0018443913,123,32,25,13,-5.374142646789551,0.30000001192092896,0.6666666666666666,21,-0.003624958419050017,0.72,1e-05,0.14061313104175496,0.07087173461914062,0.1,1.0,0.8461538461538461,0.0,13,1.0,3760
0.29999998211860657,0.9318181818181818,0.29999998211860657,378,0.29999998211860657,22,0.29999998211860657,955.17,0.29999998211860657,0.29999998211860657,0.29999998211860657,0.29999998211860657,0.29999998211860657,49545216,0.29999998211860657,7191,1.5381969696969708,6889,0.29999998211860657,2.196969696969697,0.29999998211860657,0.29999998211860657,0.29999998211860657,0.29999998211860657,0.29999998211860657,674.283447265625,0.29999998211860657,0.29999998211860657,0.29999998211860657,0.29999998211860657,0.06818181818181818,0.9090909090909091,0.29999998211860657,0.29999998211860657,0.29999998211860657,0.29999998211860657,1.5580243879896194,0.00286865234375,0.29999998211860657,0.29999998211860657,0.29999998211860657,0.2,0.7862961292266846,1.0,-0.08320371806621552,11,0.0017781069,123,22,28,18,-5.374142646789551,0.30000001192092896,1.0,13,-0.003849658921490118,0.7857142857142857,1e-05,0.1818504453229252,0.06739501953125,0.1,1.0,1.0,0.0,18,0.9444444444444444,3770
0.29999998211860657,0.8657718120805369,0.29999998211860657,379,0.29999998211860657,20,0.29999998211860657,929.91,0.29999998211860657,0.29999998211860657,0.29999998211860657,0.29999998211860657,0.29999998211860657,49676288,0.29999998211860657,7191,1.5223758389261757,6907,0.29999998211860657,1.9328859060402686,0.29999998211860657,0.29999998211860657,0.29999998211860657,0.29999998211860657,0.29999998211860657,649.53662109375,0.29999998211860657,0.29999998211860657,0.29999998211860657,0.29999998211860657,0.1342281879194631,0.75,0.29999998211860657,0.29999998211860657,0.29999998211860657,0.29999998211860657,1.586278217492989,0.00280487060546875,0.29999998211860657,0.29999998211860657,0.29999998211860657,0.2,0.6920351982116699,0.8823529411764706,-0.12428189814090729,17,0.0017148359,129,31,28,18,-5.374142646789551,0.30000001192092896,0.9090909090909091,22,-0.0037279308678535017,0.6071428571428571,1e-05,0.13553576873091516,0.06397933959960937,0.1,1.0,1.0,0.0,13,1.0,3780
0.29999998211860657,0.8181818181818182,0.29999998211860657,380,0.29999998211860657,17,0.29999998211860657,915.59,0.29999998211860657,0.29999998211860657,0.29999998211860657,0.29999998211860657,0.29999998211860657,49807360,0.29999998211860657,7193,1.5267575757575769,6923,0.29999998211860657,2.0303030303030303,0.29999998211860657,0.29999998211860657,0.29999998211860657,0.29999998211860657,0.29999998211860657,642.1616821289062,0.29999998211860657,0.29999998211860657,0.29999998211860657,0.29999998211860657,0.18181818181818182,0.5882352941176471,0.29999998211860657,0.29999998211860657,0.29999998211860657,0.29999998211860657,1.728705998252849,0.0028448486328125,0.29999998211860657,0.29999998211860657,0.29999998211860657,0.2,0.7803122401237488,0.9523809523809523,-0.07850739359855652,21,0.0017304753,108,19,23,19,-5.374142646789551,0.30000001192092896,0.875,16,-0.0038018114227270417,0.43478260869565216,1e-05,0.21146800084388814,0.06361465454101563,0.1,1.0,0.9473684210526315,0.0,17,1.0,3790
0.29999998211860657,0.8205128205128205,0.29999998211860657,381,0.29999998211860657,20,0.29999998211860657,905.41,0.29999998211860657,0.29999998211860657,0.29999998211860657,0.29999998211860657,0.29999998211860657,49938432,0.29999998211860657,7194,1.5126025641025653,6941,0.29999998211860657,1.7115384615384615,0.29999998211860657,0.29999998211860657,0.29999998211860657,0.29999998211860657,0.29999998211860657,633.4971923828125,0.29999998211860657,0.29999998211860657,0.29999998211860657,0.29999998211860657,0.1794871794871795,0.7,0.29999998211860657,0.29999998211860657,0.29999998211860657,0.29999998211860657,1.5454053409921402,0.00283416748046875,0.29999998211860657,0.29999998211860657,0.29999998211860657,0.2,0.7563849687576294,1.0,-0.0795229971408844,18,0.0019322773,128,35,20,18,-5.374142646789551,0.30000001192092896,0.6666666666666666,27,-0.003904168945064157,0.6,1e-05,0.22571310978964904,0.0809814453125,0.1,0.9714285714285714,0.8333333333333334,0.0,18,0.9444444444444444,3800
0.29999998211860657,0.8074074074074075,0.29999998211860657,382,0.29999998211860657,19,0.29999998211860657,899.49,0.29999998211860657,0.29999998211860657,0.29999998211860657,0.29999998211860657,0.29999998211860657,50069504,0.29999998211860657,7195,1.5383555555555564,6958,0.29999998211860657,2.2888888888888888,0.29999998211860657,0.29999998211860657,0.29999998211860657,0.29999998211860657,0.29999998211860657,629.2193603515625,0.29999998211860657,0.29999998211860657,0.29999998211860657,0.29999998211860657,0.1925925925925926,0.7368421052631579,0.29999998211860657,0.29999998211860657,0.29999998211860657,0.29999998211860657,1.747632712176509,0.0029336547851562503,0.29999998211860657,0.29999998211860657,0.29999998211860657,0.2,0.7742652893066406,1.0,-0.061439335346221924,12,0.0017692582,109,21,29,21,-5.374142646789551,0.30000001192092896,0.5789473684210527,19,-0.003978577970610786,0.6206896551724138,1e-05,0.2348746033385396,0.06835861206054687,0.1,1.0,0.9047619047619048,0.0,14,1.0,3810
0.29999998211860657,0.8888888888888888,0.29999998211860657,383,0.29999998211860657,16,0.29999998211860657,951.88,0.29999998211860657,0.29999998211860657,0.29999998211860657,0.29999998211860657,0.29999998211860657,50200576,0.29999998211860657,7196,1.5205416666666678,6975,0.29999998211860657,1.8958333333333333,0.29999998211860657,0.29999998211860657,0.29999998211860657,0.29999998211860657,0.29999998211860657,672.1017456054688,0.29999998211860657,0.29999998211860657,0.29999998211860657,0.29999998211860657,0.1111111111111111,0.8125,0.29999998211860657,0.29999998211860657,0.29999998211860657,0.29999998211860657,1.6845983408719185,0.00290191650390625,0.29999998211860657,0.29999998211860657,0.29999998211860657,0.2,0.7871435880661011,0.9230769230769231,-0.02160048484802246,13,0.0017026984,128,25,24,14,-5.374142646789551,0.30000001192092896,0.90625,32,-0.0035073554910013626,0.7083333333333334,1e-05,0.2183187553775497,0.061757659912109374,0.1,1.0,0.9285714285714286,0.0,20,0.95,3820
0.29999998211860657,0.8888888888888888,0.29999998211860657,384,0.29999998211860657,14,0.29999998211860657,936.64,0.29999998211860657,0.29999998211860657,0.29999998211860657,0.29999998211860657,0.29999998211860657,50331648,0.29999998211860657,7197,1.4997185185185198,6993,0.29999998211860657,1.7259259259259259,0.29999998211860657,0.29999998211860657,0.29999998211860657,0.29999998211860657,0.29999998211860657,659.8465576171875,0.29999998211860657,0.29999998211860657,0.29999998211860657,0.29999998211860657,0.1111111111111111,0.7142857142857143,0.29999998211860657,0.29999998211860657,0.29999998211860657,0.29999998211860657,1.6635279567582897,0.0029455566406250003,0.29999998211860657,0.29999998211860657,0.29999998211860657,0.2,0.7066524624824524,1.0,-0.1734159290790558,20,0.0017879723,120,25,24,13,-5.374142646789551,0.30000001192092896,0.9375,16,-0.004041424118440773,0.6666666666666666,1e-05,0.17936209247563967,0.0690765380859375,0.1,1.0,1.0,0.0,23,0.9130434782608695,3830
0.29999998211860657,0.8698630136986302,0.29999998211860657,385,0.29999998211860657,19,0.29999998211860657,948.09,0.29999998211860657,0.29999998211860657,0.29999998211860657,0.29999998211860657,0.29999998211860657,50462720,0.29999998211860657,7198,1.515123287671234,7009,0.29999998211860657,2.0616438356164384,0.29999998211860657,0.29999998211860657,0.29999998211860657,0.29999998211860657,0.29999998211860657,666.4740600585938,0.29999998211860657,0.29999998211860657,0.29999998211860657,0.29999998211860657,0.13013698630136986,0.7894736842105263,0.29999998211860657,0.29999998211860657,0.29999998211860657,0.29999998211860657,1.5286989893364806,0.0029446411132812503,0.29999998211860657,0.29999998211860657,0.29999998211860657,0.2,0.7627504467964172,1.0,-0.13785016536712646,14,0.0017836088,127,29,26,22,-5.374142646789551,0.30000001192092896,0.782608695652174,23,-0.0039595438324795396,0.7307692307692307,1e-05,0.1866613794642035,0.06589813232421875,0.1,1.0,0.9090909090909091,0.0,13,0.9230769230769231,3840
0.29999998211860657,0.8489208633093526,0.29999998211860657,386,0.29999998211860657,21,0.29999998211860657,935.62,0.29999998211860657,0.29999998211860657,0.29999998211860657,0.29999998211860657,0.29999998211860657,50593792,0.29999998211860657,7199,1.519410071942447,7027,0.29999998211860657,2.050359712230216,0.29999998211860657,0.29999998211860657,0.29999998211860657,0.29999998211860657,0.29999998211860657,657.587646484375,0.29999998211860657,0.29999998211860657,0.29999998211860657,0.29999998211860657,0.1510791366906475,0.8095238095238095,0.29999998211860657,0.29999998211860657,0.29999998211860657,0.29999998211860657,1.7369780381660653,0.0028289794921875,0.29999998211860657,0.29999998211860657,0.29999998211860657,0.2,0.7339776754379272,0.9285714285714286,-0.048326656222343445,14,0.0017309147,118,24,28,16,-5.374142646789551,0.30000001192092896,0.7777777777777778,18,-0.003773104176434572,0.6071428571428571,1e-05,0.19886124222539364,0.0665740966796875,0.1,1.0,0.9375,0.0,18,1.0,3850
0.29999998211860657,0.8405797101449275,0.29999998211860657,387,0.29999998211860657,21,0.29999998211860657,922.91,0.29999998211860657,0.29999998211860657,0.29999998211860657,0.29999998211860657,0.29999998211860657,50724864,0.29999998211860657,7200,1.5394492753623201,7044,0.29999998211860657,1.9782608695652173,0.29999998211860657,0.29999998211860657,0.29999998211860657,0.29999998211860657,0.29999998211860657,650.0391235351562,0.29999998211860657,0.29999998211860657,0.29999998211860657,0.29999998211860657,0.15942028985507245,0.6666666666666666,0.29999998211860657,0.29999998211860657,0.29999998211860657,0.29999998211860657,1.7068936441561124,0.00289642333984375,0.29999998211860657,0.29999998211860657,0.29999998211860657,0.2,0.7590215802192688,1.0,-0.044774919748306274,17,0.0017615459,116,20,20,15,-5.374142646789551,0.30000001192092896,0.7666666666666667,30,-0.00395046007606652,0.6,1e-05,0.1947753864398692,0.06510009765625,0.1,1.0,1.0,0.0,15,1.0,3860
0.29999998211860657,0.8832116788321168,0.29999998211860657,388,0.29999998211860657,15,0.29999998211860657,964.66,0.29999998211860657,0.29999998211860657,0.29999998211860657,0.29999998211860657,0.29999998211860657,50855936,0.29999998211860657,7201,1.5566131386861324,7062,0.29999998211860657,1.7080291970802919,0.29999998211860657,0.29999998211860657,0.29999998211860657,0.29999998211860657,0.29999998211860657,675.4854125976562,0.29999998211860657,0.29999998211860657,0.29999998211860657,0.29999998211860657,0.11678832116788321,0.6,0.29999998211860657,0.29999998211860657,0.29999998211860657,0.29999998211860657,1.5862925399554788,0.00295440673828125,0.29999998211860657,0.29999998211860657,0.29999998211860657,0.2,0.7527028322219849,1.0,-0.028658270835876465,23,0.0018220986,121,26,18,19,-5.374142646789551,0.30000001192092896,0.8333333333333334,12,-0.003584673119166837,0.6666666666666666,1e-05,0.19808697897242383,0.07210006713867187,0.1,1.0,0.9473684210526315,0.0,24,0.9583333333333334,3870
0.29999998211860657,0.8571428571428571,0.29999998211860657,389,0.29999998211860657,19,0.29999998211860657,949.37,0.29999998211860657,0.29999998211860657,0.29999998211860657,0.29999998211860657,0.29999998211860657,50987008,0.29999998211860657,7203,1.5003857142857153,7078,0.29999998211860657,1.8785714285714286,0.29999998211860657,0.29999998211860657,0.29999998211860657,0.29999998211860657,0.29999998211860657,671.2924194335938,0.29999998211860657,0.29999998211860657,0.29999998211860657,0.29999998211860657,0.14285714285714285,0.5789473684210527,0.29999998211860657,0.29999998211860657,0.29999998211860657,0.29999998211860657,1.5653711841369646,0.0029861450195312503,0.29999998211860657,0.29999998211860657,0.29999998211860657,0.2,0.768493115901947,1.0,-0.13180209696292877,17,0.0016948914,120,26,21,16,-5.374142646789551,0.30000001192092896,0.8518518518518519,27,-0.00357949430813278,0.6190476190476191,1e-05,0.16965099413646384,0.06608352661132813,0.1,1.0,1.0,0.0,14,1.0,3880
0.29999998211860657,0.8880597014925373,0.29999998211860657,390,0.29999998211860657,20,0.29999998211860657,941.32,0.29999998211860657,0.29999998211860657,0.29999998211860657,0.29999998211860657,0.29999998211860657,51118080,0.29999998211860657,7203,1.5076716417910463,7095,0.29999998211860657,1.6940298507462686,0.29999998211860657,0.29999998211860657,0.29999998211860657,0.29999998211860657,0.29999998211860657,661.0580444335938,0.29999998211860657,0.29999998211860657,0.29999998211860657,0.29999998211860657,0.11194029850746269,0.7,0.29999998211860657,0.29999998211860657,0.29999998211860657,0.29999998211860657,1.6885368128581535,0.00300384521484375,0.29999998211860657,0.29999998211860657,0.29999998211860657,0.2,0.7107962965965271,0.9666666666666667,-0.06734961271286011,30,0.0018251252,119,24,14,20,-5.374142646789551,0.30000001192092896,0.7777777777777778,9,-0.003782543370834901,0.7142857142857143,1e-05,0.20822856945451348,0.0736541748046875,0.1,1.0,0.9,0.0,17,1.0,3890
0.29999998211860657,0.7843137254901961,0.29999998211860657,391,0.29999998211860657,28,0.29999998211860657,890.22,0.29999998211860657,0.29999998211860657,0.29999998211860657,0.29999998211860657,0.29999998211860657,51249152,0.29999998211860657,7204,1.5353071895424848,7113,0.29999998211860657,2.281045751633987,0.29999998211860657,0.29999998211860657,0.29999998211860657,0.29999998211860657,0.29999998211860657,622.3502197265625,0.29999998211860657,0.29999998211860657,0.29999998211860657,0.29999998211860657,0.21568627450980393,0.5714285714285714,0.29999998211860657,0.29999998211860657,0.29999998211860657,0.29999998211860657,1.8204359008426427,0.0029742431640625002,0.29999998211860657,0.29999998211860657,0.29999998211860657,0.2,0.7077596783638,1.0,-0.09003163874149323,10,0.0017279517,120,22,30,21,-5.374142646789551,0.30000001192092896,0.65,20,-0.003789195798981382,0.6666666666666666,1e-05,0.18144661324913613,0.06671829223632812,0.1,1.0,0.9047619047619048,0.0,22,0.9090909090909091,3900
0.29999998211860657,0.8235294117647058,0.29999998211860657,392,0.29999998211860657,23,0.29999998211860657,917.11,0.29999998211860657,0.29999998211860657,0.29999998211860657,0.29999998211860657,0.29999998211860657,51380224,0.29999998211860657,7205,1.505514705882354,7130,0.29999998211860657,1.963235294117647,0.29999998211860657,0.29999998211860657,0.29999998211860657,0.29999998211860657,0.29999998211860657,645.7246704101562,0.29999998211860657,0.29999998211860657,0.29999998211860657,0.29999998211860657,0.17647058823529413,0.6521739130434783,0.29999998211860657,0.29999998211860657,0.29999998211860657,0.29999998211860657,1.7068898893202749,0.00297119140625,0.29999998211860657,0.29999998211860657,0.29999998211860657,0.2,0.7742373943328857,0.9523809523809523,0.11248329281806946,21,0.0018051221,112,25,21,19,-5.374142646789551,0.30000001192092896,0.7647058823529411,17,-0.004012274948036065,0.6190476190476191,1e-05,0.28562724209623414,0.070367431640625,0.1,1.0,0.8421052631578947,0.0,10,1.0,3910
0.29999998211860657,0.8661971830985915,0.29999998211860657,393,0.29999998211860657,21,0.29999998211860657,932.29,0.29999998211860657,0.29999998211860657,0.29999998211860657,0.29999998211860657,0.29999998211860657,51511296,0.29999998211860657,7206,1.509661971830987,7147,0.29999998211860657,2.0,0.29999998211860657,0.29999998211860657,0.29999998211860657,0.29999998211860657,0.29999998211860657,657.9268188476562,0.29999998211860657,0.29999998211860657,0.29999998211860657,0.29999998211860657,0.13380281690140844,0.8095238095238095,0.29999998211860657,0.29999998211860657,0.29999998211860657,0.29999998211860657,1.6500620602692748,0.0030453491210937498,0.29999998211860657,0.29999998211860657,0.29999998211860657,0.2,0.7610411643981934,1.0,-0.06841282546520233,14,0.0018188334,123,29,22,22,-5.374142646789551,0.30000001192092896,0.6666666666666666,18,-0.0037944657179650675,0.6363636363636364,1e-05,0.2241967009147629,0.07168121337890625,0.1,1.0,0.9545454545454546,0.0,16,1.0,3920
0.29999998211860657,0.8787878787878788,0.29999998211860657,394,0.29999998211860657,17,0.29999998211860657,963.25,0.29999998211860657,0.29999998211860657,0.29999998211860657,0.29999998211860657,0.29999998211860657,51642368,0.29999998211860657,7207,1.4983484848484858,7164,0.29999998211860657,1.871212121212121,0.29999998211860657,0.29999998211860657,0.29999998211860657,0.29999998211860657,0.29999998211860657,685.7185668945312,0.29999998211860657,0.29999998211860657,0.29999998211860657,0.29999998211860657,0.12121212121212122,0.7058823529411765,0.29999998211860657,0.29999998211860657,0.29999998211860657,0.29999998211860657,1.611689144285042,0.003070068359375,0.29999998211860657,0.29999998211860657,0.29999998211860657,0.2,0.727706253528595,1.0,-0.0757341980934143,17,0.0017995747,116,24,17,18,-5.374142646789551,0.30000001192092896,0.6521739130434783,23,-0.0037006017626254107,0.8823529411764706,1e-05,0.1938546982972184,0.06971282958984375,0.1,1.0,0.9444444444444444,0.0,16,1.0,3930
0.29999998211860657,0.9290780141843972,0.29999998211860657,395,0.29999998211860657,16,0.29999998211860657,972.48,0.29999998211860657,0.29999998211860657,0.29999998211860657,0.29999998211860657,0.29999998211860657,51773440,0.29999998211860657,7208,1.5126950354609938,7181,0.29999998211860657,1.6524822695035462,0.29999998211860657,0.29999998211860657,0.29999998211860657,0.29999998211860657,0.29999998211860657,686.447265625,0.29999998211860657,0.29999998211860657,0.29999998211860657,0.29999998211860657,0.07092198581560284,0.8125,0.29999998211860657,0.29999998211860657,0.29999998211860657,0.29999998211860657,1.5221381505950318,0.0030050659179687504,0.29999998211860657,0.29999998211860657,0.29999998211860657,0.2,0.7615687847137451,1.0,-0.14421430230140686,22,0.0018663406,131,31,25,12,-5.374142646789551,0.30000001192092896,0.7619047619047619,21,-0.00412957826110869,0.92,1e-05,0.19287895340821706,0.07404251098632812,0.1,1.0,1.0,0.0,14,1.0,3940
0.29999998211860657,0.8297872340425532,0.29999998211860657,396,0.29999998211860657,19,0.29999998211860657,907.64,0.29999998211860657,0.29999998211860657,0.29999998211860657,0.29999998211860657,0.29999998211860657,51904512,0.29999998211860657,7209,1.5167659574468095,7199,0.29999998211860657,2.00709219858156,0.29999998211860657,0.29999998211860657,0.29999998211860657,0.29999998211860657,0.29999998211860657,642.7239990234375,0.29999998211860657,0.29999998211860657,0.29999998211860657,0.29999998211860657,0.1702127659574468,0.631578947368421,0.29999998211860657,0.29999998211860657,0.29999998211860657,0.29999998211860657,1.771997161399277,0.003062744140625,0.29999998211860657,0.29999998211860657,0.29999998211860657,0.2,0.6841546297073364,0.9444444444444444,-0.09099388122558594,18,0.0016873749,117,21,27,16,-5.374142646789551,0.30000001192092896,0.631578947368421,19,-0.0036802219655783118,0.7407407407407407,1e-05,0.13811840205453335,0.06326065063476563,0.1,1.0,0.875,0.0,21,1.0,3950
0.29999998211860657,0.917910447761194,0.29999998211860657,397,0.29999998211860657,14,0.29999998211860657,976.35,0.29999998211860657,0.29999998211860657,0.29999998211860657,0.29999998211860657,0.29999998211860657,52035584,0.29999998211860657,7210,1.5111194029850756,7216,0.29999998211860657,1.664179104477612,0.29999998211860657,0.29999998211860657,0.29999998211860657,0.29999998211860657,0.29999998211860657,688.93017578125,0.29999998211860657,0.29999998211860657,0.29999998211860657,0.29999998211860657,0.08208955223880597,0.9285714285714286,0.29999998211860657,0.29999998211860657,0.29999998211860657,0.29999998211860657,1.5007177473893523,0.0031008911132812504,0.29999998211860657,0.29999998211860657,0.29999998211860657,0.2,0.7639697194099426,0.96,-0.02494409680366516,25,0.001838583,123,27,21,13,-5.374142646789551,0.30000001192092896,0.84,25,-0.0038090122771791356,0.8095238095238095,1e-05,0.21832667619455606,0.06786041259765625,0.1,0.9629629629629629,1.0,0.0,9,1.0,3960
0.29999998211860657,0.863013698630137,0.29999998211860657,398,0.29999998211860657,23,0.29999998211860657,927.33,0.29999998211860657,0.29999998211860657,0.29999998211860657,0.29999998211860657,0.29999998211860657,52166656,0.29999998211860657,7211,1.5057260273972612,7233,0.29999998211860657,2.143835616438356,0.29999998211860657,0.29999998211860657,0.29999998211860657,0.29999998211860657,0.29999998211860657,656.419189453125,0.29999998211860657,0.29999998211860657,0.29999998211860657,0.29999998211860657,0.136986301369863,0.6956521739130435,0.29999998211860657,0.29999998211860657,0.29999998211860657,0.29999998211860657,1.6014193896325268,0.00298309326171875,0.29999998211860657,0.29999998211860657,0.29999998211860657,0.2,0.7552985548973083,1.0,-0.08474108576774597,11,0.0017986154,126,25,22,24,-5.374142646789551,0.30000001192092896,0.85,20,-0.0036470106882006805,0.6363636363636364,1e-05,0.14503935543471017,0.06931381225585938,0.1,1.0,1.0,0.0,21,0.9047619047619048,3970
0.29999998211860657,0.8837209302325582,0.29999998211860657,399,0.29999998211860657,20,0.29999998211860657,929.71,0.29999998211860657,0.29999998211860657,0.29999998211860657,0.29999998211860657,0.29999998211860657,52297728,0.29999998211860657,7213,1.4949302325581404,7249,0.29999998211860657,1.6589147286821706,0.29999998211860657,0.29999998211860657,0.29999998211860657,0.29999998211860657,0.29999998211860657,660.66748046875,0.29999998211860657,0.29999998211860657,0.29999998211860657,0.29999998211860657,0.11627906976744186,0.7,0.29999998211860657,0.29999998211860657,0.29999998211860657,0.29999998211860657,1.471526708986583,0.0030670166015625004,0.29999998211860657,0.29999998211860657,0.29999998211860657,0.2,0.7013998031616211,1.0,-0.05815857648849487,14,0.0017588555,114,30,17,12,-5.374142646789551,0.30000001192092896,0.95,20,-0.0036249786254302307,0.5882352941176471,1e-05,0.17700063851079903,0.06691513061523438,0.1,1.0,0.9166666666666666,0.0,16,1.0,3980
0.29999998211860657,0.9361702127659575,0.29999998211860657,400,0.29999998211860657,24,0.29999998211860657,981.95,0.29999998211860657,0.29999998211860657,0.29999998211860657,0.29999998211860657,0.29999998211860657,52428800,0.29999998211860657,7215,1.525872340425533,7265,0.29999998211860657,2.021276595744681,0.29999998211860657,0.29999998211860657,0.29999998211860657,0.29999998211860657,0.29999998211860657,690.6217041015625,0.29999998211860657,0.29999998211860657,0.29999998211860657,0.29999998211860657,0.06382978723404255,0.875,0.29999998211860657,0.29999998211860657,0.29999998211860657,0.29999998211860657,1.6715608163400701,0.0030279541015625004,0.29999998211860657,0.29999998211860657,0.29999998211860657,0.2,0.7336755394935608,1.0,-0.03295162320137024,14,0.0017157823,132,23,21,18,-5.374142646789551,0.30000001192092896,0.9047619047619048,21,-0.00328238850534035,0.8571428571428571,1e-05,0.1864259272813797,0.065032958984375,0.1,0.9565217391304348,1.0,0.0,20,1.0,3990
0.29999998211860657,0.916030534351145,0.29999998211860657,401,0.29999998211860657,27,0.29999998211860657,957.51,0.29999998211860657,0.29999998211860657,0.29999998211860657,0.29999998211860657,0.29999998211860657,52559872,0.29999998211860657,7218,1.5028702290076348,7281,0.29999998211860657,2.1755725190839694,0.29999998211860657,0.29999998211860657,0.29999998211860657,0.29999998211860657,0.29999998211860657,676.2847900390625,0.29999998211860657,0.29999998211860657,0.29999998211860657,0.29999998211860657,0.08396946564885496,0.8518518518518519,0.29999998211860657,0.29999998211860657,0.29999998211860657,0.29999998211860657,1.6445155023736484,0.00313079833984375,0.29999998211860657,0.29999998211860657,0.29999998211860657,0.2,0.7106558084487915,1.0,-0.12819261848926544,15,0.0017649254,120,25,28,18,-5.374142646789551,0.30000001192092896,0.6666666666666666,9,-0.00338666221218773,0.8571428571428571,1e-05,0.1306983946240507,0.06422576904296876,0.1,1.0,1.0,0.0,9,1.0,4000
0.29999998211860657,0.8986486486486487,0.29999998211860657,402,0.29999998211860657,21,0.29999998211860657,939.13,0.29999998211860657,0.29999998211860657,0.29999998211860657,0.29999998211860657,0.29999998211860657,52690944,0.29999998211860657,7220,1.4932297297297308,7297,0.29999998211860657,1.9054054054054055,0.29999998211860657,0.29999998211860657,0.29999998211860657,0.29999998211860657,0.29999998211860657,660.84521484375,0.29999998211860657,0.29999998211860657,0.29999998211860657,0.29999998211860657,0.10135135135135136,0.8571428571428571,0.29999998211860657,0.29999998211860657,0.29999998211860657,0.29999998211860657,1.6173405275408212,0.00313507080078125,0.29999998211860657,0.29999998211860657,0.29999998211860657,0.2,0.7182254791259766,1.0,-0.08379583060741425,20,0.0016700164,133,28,18,23,-5.374142646789551,0.30000001192092896,0.7727272727272727,22,-0.0037276486116752496,0.7222222222222222,1e-05,0.14420371487794909,0.06282119750976563,0.1,1.0,0.9130434782608695,0.0,16,1.0,4010
0.29999998211860657,0.8931297709923665,0.29999998211860657,403,0.29999998211860657,22,0.29999998211860657,968.36,0.29999998211860657,0.29999998211860657,0.29999998211860657,0.29999998211860657,0.29999998211860657,52822016,0.29999998211860657,7222,1.502992366412215,7313,0.29999998211860657,2.213740458015267,0.29999998211860657,0.29999998211860657,0.29999998211860657,0.29999998211860657,0.29999998211860657,685.40673828125,0.29999998211860657,0.29999998211860657,0.29999998211860657,0.29999998211860657,0.10687022900763359,0.8636363636363636,0.29999998211860657,0.29999998211860657,0.29999998211860657,0.29999998211860657,1.747852686426022,0.00306396484375,0.29999998211860657,0.29999998211860657,0.29999998211860657,0.2,0.7230286598205566,1.0,-0.028310686349868774,17,0.0017396561,117,17,20,21,-5.374142646789551,0.30000001192092896,0.7727272727272727,22,-0.003822957725788001,0.75,1e-05,0.1733174371358473,0.06768875122070313,0.1,1.0,0.9523809523809523,0.0,12,1.0,4020
0.29999998211860657,0.9507042253521126,0.29999998211860657,404,0.29999998211860657,23,0.29999998211860657,975.7,0.29999998211860657,0.29999998211860657,0.29999998211860657,0.29999998211860657,0.29999998211860657,52953088,0.29999998211860657,7224,1.4946478873239448,7329,0.29999998211860657,1.6619718309859155,0.29999998211860657,0.29999998211860657,0.29999998211860657,0.29999998211860657,0.29999998211860657,696.05712890625,0.29999998211860657,0.29999998211860657,0.29999998211860657,0.29999998211860657,0.04929577464788732,0.9130434782608695,0.29999998211860657,0.29999998211860657,0.29999998211860657,0.29999998211860657,1.552190310503381,0.0031027221679687505,0.29999998211860657,0.29999998211860657,0.29999998211860657,0.2,0.7441960573196411,0.9333333333333333,-0.18060298264026642,15,0.0017914833,135,35,15,16,-5.374142646789551,0.30000001192092896,0.9583333333333334,24,-0.0037241031701341853,0.8666666666666667,1e-05,0.14366174883325583,0.070361328125,0.1,1.0,0.9375,0.0,14,1.0,4030
0.29999998211860657,0.8759124087591241,0.29999998211860657,405,0.29999998211860657,22,0.29999998211860657,940.04,0.29999998211860657,0.29999998211860657,0.29999998211860657,0.29999998211860657,0.29999998211860657,53084160,0.29999998211860657,7226,1.4817226277372273,7345,0.29999998211860657,1.6788321167883211,0.29999998211860657,0.29999998211860657,0.29999998211860657,0.29999998211860657,0.29999998211860657,662.457275390625,0.29999998211860657,0.29999998211860657,0.29999998211860657,0.29999998211860657,0.12408759124087591,0.6818181818181818,0.29999998211860657,0.29999998211860657,0.29999998211860657,0.29999998211860657,1.488305873614553,0.00314117431640625,0.29999998211860657,0.29999998211860657,0.29999998211860657,0.2,0.6550929546356201,1.0,-0.13647733628749847,21,0.001742407,120,30,14,18,-5.374142646789551,0.30000001192092896,0.625,16,-0.0034207006884571455,0.8571428571428571,1e-05,0.10931387220625766,0.06578140258789063,0.1,0.9666666666666667,0.9444444444444444,0.0,16,1.0,4040
0.29999998211860657,0.9064748201438849,0.29999998211860657,406,0.29999998211860657,27,0.29999998211860657,968.67,0.29999998211860657,0.29999998211860657,0.29999998211860657,0.29999998211860657,0.29999998211860657,53215232,0.29999998211860657,7228,1.4941582733812961,7361,0.29999998211860657,1.9496402877697843,0.29999998211860657,0.29999998211860657,0.29999998211860657,0.29999998211860657,0.29999998211860657,687.0580444335938,0.29999998211860657,0.29999998211860657,0.29999998211860657,0.29999998211860657,0.09352517985611511,0.8888888888888888,0.29999998211860657,0.29999998211860657,0.29999998211860657,0.29999998211860657,1.5277222545872546,0.00317657470703125,0.29999998211860657,0.29999998211860657,0.29999998211860657,0.2,0.7480564117431641,1.0,-0.1575615108013153,17,0.0017710822,126,27,21,15,-5.374142646789551,0.30000001192092896,0.8846153846153846,26,-0.003722094320028191,0.7142857142857143,1e-05,0.18225368431594688,0.06503982543945312,0.1,1.0,1.0,0.0,6,0.8333333333333334,4050
0.29999998211860657,0.9453125,0.29999998211860657,407,0.29999998211860657,14,0.29999998211860657,961.6,0.29999998211860657,0.29999998211860657,0.29999998211860657,0.29999998211860657,0.29999998211860657,53346304,0.29999998211860657,7230,1.4942187500000013,7378,0.29999998211860657,1.796875,0.29999998211860657,0.29999998211860657,0.29999998211860657,0.29999998211860657,0.29999998211860657,680.4788818359375,0.29999998211860657,0.29999998211860657,0.29999998211860657,0.29999998211860657,0.0546875,0.7142857142857143,0.29999998211860657,0.29999998211860657,0.29999998211860657,0.29999998211860657,1.6106118472484408,0.0032269287109375003,0.29999998211860657,0.29999998211860657,0.29999998211860657,0.2,0.7513867020606995,1.0,-0.052828654646873474,23,0.0018484422,121,23,14,21,-5.374142646789551,0.30000001192092896,1.0,17,-0.004054880722651433,0.8571428571428571,1e-05,0.15415437775372992,0.07446975708007812,0.1,1.0,0.9523809523809523,0.0,16,1.0,4060
0.29999998211860657,0.8972602739726028,0.29999998211860657,408,0.29999998211860657,27,0.29999998211860657,976.24,0.29999998211860657,0.29999998211860657,0.29999998211860657,0.29999998211860657,0.29999998211860657,53477376,0.29999998211860657,7230,1.493287671232878,7395,0.29999998211860657,2.136986301369863,0.29999998211860657,0.29999998211860657,0.29999998211860657,0.29999998211860657,0.29999998211860657,689.671630859375,0.29999998211860657,0.29999998211860657,0.29999998211860657,0.29999998211860657,0.10273972602739725,0.9629629629629629,0.29999998211860657,0.29999998211860657,0.29999998211860657,0.29999998211860657,1.6635490392425596,0.00324615478515625,0.29999998211860657,0.29999998211860657,0.29999998211860657,0.2,0.740041971206665,0.9333333333333333,-0.16136136651039124,15,0.0017209309,131,18,19,20,-5.374142646789551,0.30000001192092896,0.8461538461538461,26,-0.0035536675301955254,0.7368421052631579,1e-05,0.12730663364636713,0.0668731689453125,0.1,1.0,0.8,0.0,21,1.0,4070
0.29999998211860657,0.8992248062015504,0.29999998211860657,409,0.29999998211860657,19,0.29999998211860657,966.7,0.29999998211860657,0.29999998211860657,0.29999998211860657,0.29999998211860657,0.29999998211860657,53608448,0.29999998211860657,7231,1.5139534883720942,7413,0.29999998211860657,1.682170542635659,0.29999998211860657,0.29999998211860657,0.29999998211860657,0.29999998211860657,0.29999998211860657,687.8270874023438,0.29999998211860657,0.29999998211860657,0.29999998211860657,0.29999998211860657,0.10077519379844961,0.7894736842105263,0.29999998211860657,0.29999998211860657,0.29999998211860657,0.29999998211860657,1.5615318976768204,0.0032229614257812504,0.29999998211860657,0.29999998211860657,0.29999998211860657,0.2,0.8053432703018188,1.0,-0.15873615443706512,12,0.0018498847,116,25,17,9,-5.374142646789551,0.30000001192092896,0.88,25,-0.0038497402454595432,0.7647058823529411,1e-05,0.1330082019092515,0.07235107421875,0.1,1.0,1.0,0.0,22,0.9090909090909091,4080
0.29999998211860657,0.8881118881118881,0.29999998211860657,410,0.29999998211860657,18,0.29999998211860657,948.32,0.29999998211860657,0.29999998211860657,0.29999998211860657,0.29999998211860657,0.29999998211860657,53739520,0.29999998211860657,7232,1.5144335664335673,7430,0.29999998211860657,1.7272727272727273,0.29999998211860657,0.29999998211860657,0.29999998211860657,0.29999998211860657,0.29999998211860657,674.9059448242188,0.29999998211860657,0.29999998211860657,0.29999998211860657,0.29999998211860657,0.11188811188811189,0.8333333333333334,0.29999998211860657,0.29999998211860657,0.29999998211860657,0.29999998211860657,1.5178994797925627,0.00318939208984375,0.29999998211860657,0.29999998211860657,0.29999998211860657,0.2,0.7318480610847473,0.9565217391304348,-0.2058829367160797,23,0.0017826607,127,31,31,10,-5.374142646789551,0.30000001192092896,0.8,20,-0.0037980561844051406,0.7741935483870968,1e-05,0.1463990683114389,0.07047195434570312,0.1,1.0,0.9,0.0,10,1.0,4090
0.29999998211860657,0.8888888888888888,0.29999998211860657,411,0.29999998211860657,25,0.29999998211860657,957.36,0.29999998211860657,0.29999998211860657,0.29999998211860657,0.29999998211860657,0.29999998211860657,53870592,0.29999998211860657,7233,1.5211703703703716,7446,0.29999998211860657,2.0074074074074075,0.29999998211860657,0.29999998211860657,0.29999998211860657,0.29999998211860657,0.29999998211860657,679.2760009765625,0.29999998211860657,0.29999998211860657,0.29999998211860657,0.29999998211860657,0.1111111111111111,0.68,0.29999998211860657,0.29999998211860657,0.29999998211860657,0.29999998211860657,1.542742544377623,0.00321014404296875,0.29999998211860657,0.29999998211860657,0.29999998211860657,0.2,0.7610529065132141,1.0,-0.08710883557796478,12,0.0017603207,120,22,19,15,-5.374142643436789,0.30000001192092896,0.92,25,-0.0037214182455500124,0.7894736842105263,1e-05,0.15688038194784895,0.06736984252929687,0.1,1.0,1.0,0.0,17,0.9411764705882353,4100
0.29999998211860657,0.8905109489051095,0.29999998211860657,412,0.29999998211860657,24,0.29999998211860657,952.86,0.29999998211860657,0.29999998211860657,0.29999998211860657,0.29999998211860657,0.29999998211860657,54001664,0.29999998211860657,7234,1.5178102189781033,7464,0.29999998211860657,1.9635036496350364,0.29999998211860657,0.29999998211860657,0.29999998211860657,0.29999998211860657,0.29999998211860657,674.837890625,0.29999998211860657,0.29999998211860657,0.29999998211860657,0.29999998211860657,0.10948905109489052,0.875,0.29999998211860657,0.29999998211860657,0.29999998211860657,0.29999998211860657,1.5626576151310978,0.00325103759765625,0.29999998211860657,0.29999998211860657,0.29999998211860657,0.2,0.764828622341156,1.0,-0.10883842408657074,15,0.0018069064,122,25,26,13,-5.374142646789551,0.30000001192092896,0.7368421052631579,19,-0.0038098111037470515,0.7692307692307693,1e-05,0.15873391489440108,0.07001190185546875,0.1,0.96,1.0,0.0,15,1.0,4110
0.29999998211860657,0.8992805755395683,0.29999998211860657,413,0.29999998211860657,25,0.29999998211860657,941.68,0.29999998211860657,0.29999998211860657,0.29999998211860657,0.29999998211860657,0.29999998211860657,54132736,0.29999998211860657,7235,1.5306330935251808,7481,0.29999998211860657,1.7841726618705036,0.29999998211860657,0.29999998211860657,0.29999998211860657,0.29999998211860657,0.29999998211860657,669.76806640625,0.29999998211860657,0.29999998211860657,0.29999998211860657,0.29999998211860657,0.10071942446043165,0.84,0.29999998211860657,0.29999998211860657,0.29999998211860657,0.29999998211860657,1.6396772198787757,0.00322418212890625,0.29999998211860657,0.29999998211860657,0.29999998211860657,0.2,0.7311885356903076,1.0,-0.1618758589029312,16,0.0017208918,125,27,22,10,-5.374142646789551,0.30000001192092896,0.8260869565217391,23,-0.00369107933174746,0.7272727272727273,1e-05,0.1498255471640732,0.06501007080078125,0.1,1.0,1.0,0.0,16,1.0,4120
0.29999998211860657,0.8985507246376812,0.29999998211860657,414,0.29999998211860657,12,0.29999998211860657,956.38,0.29999998211860657,0.29999998211860657,0.29999998211860657,0.29999998211860657,0.29999998211860657,54263808,0.29999998211860657,7236,1.5059565217391317,7499,0.29999998211860657,1.9927536231884058,0.29999998211860657,0.29999998211860657,0.29999998211860657,0.29999998211860657,0.29999998211860657,679.607421875,0.29999998211860657,0.29999998211860657,0.29999998211860657,0.29999998211860657,0.10144927536231885,0.9166666666666666,0.29999998211860657,0.29999998211860657,0.29999998211860657,0.29999998211860657,1.4910318268552287,0.0032727050781250003,0.29999998211860657,0.29999998211860657,0.29999998211860657,0.2,0.742358922958374,1.0,-0.10664403438568115,12,0.0017745481,124,26,31,16,-5.374142646789551,0.30000001192092896,0.85,20,-0.0037989811604347778,0.7096774193548387,1e-05,0.14979721706476995,0.06739120483398438,0.1,1.0,0.9375,0.0,21,1.0,4130
0.29999998211860657,0.8794326241134752,0.29999998211860657,415,0.29999998211860657,19,0.29999998211860657,949.9,0.29999998211860657,0.29999998211860657,0.29999998211860657,0.29999998211860657,0.29999998211860657,54394880,0.29999998211860657,7237,1.510326241134753,7515,0.29999998211860657,1.9787234042553192,0.29999998211860657,0.29999998211860657,0.29999998211860657,0.29999998211860657,0.29999998211860657,676.5948486328125,0.29999998211860657,0.29999998211860657,0.29999998211860657,0.29999998211860657,0.12056737588652482,0.6842105263157895,0.29999998211860657,0.29999998211860657,0.29999998211860657,0.29999998211860657,1.739013431973456,0.0032550048828125003,0.29999998211860657,0.29999998211860657,0.29999998211860657,0.2,0.6483805179595947,0.9545454545454546,-0.17863398790359497,22,0.0017433189,124,24,23,20,-5.374142646789551,0.30000001192092896,0.9523809523809523,21,-0.0035217358606587368,0.6086956521739131,1e-05,0.15556198123667855,0.06725006103515625,0.1,1.0,1.0,0.0,12,1.0,4140
0.29999998211860657,0.8382352941176471,0.29999998211860657,416,0.29999998211860657,19,0.29999998211860657,929.92,0.29999998211860657,0.29999998211860657,0.29999998211860657,0.29999998211860657,0.29999998211860657,54525952,0.29999998211860657,7238,1.5134117647058833,7532,0.29999998211860657,2.1544117647058822,0.29999998211860657,0.29999998211860657,0.29999998211860657,0.29999998211860657,0.29999998211860657,653.9756469726562,0.29999998211860657,0.29999998211860657,0.29999998211860657,0.29999998211860657,0.16176470588235295,0.7368421052631579,0.29999998211860657,0.29999998211860657,0.29999998211860657,0.29999998211860657,1.7553820869923358,0.0032650756835937503,0.29999998211860657,0.29999998211860657,0.29999998211860657,0.2,0.7255023717880249,1.0,-0.09869445860385895,16,0.001744058,114,20,21,24,-5.374142646789551,0.30000001192092896,0.6875,16,-0.004022348272519594,0.47619047619047616,1e-05,0.20685324546066114,0.0652740478515625,0.1,1.0,0.9583333333333334,0.0,20,1.0,4150
0.29999998211860657,0.8768115942028986,0.29999998211860657,417,0.29999998211860657,19,0.29999998211860657,955.87,0.29999998211860657,0.29999998211860657,0.29999998211860657,0.29999998211860657,0.29999998211860657,54657024,0.29999998211860657,7239,1.526985507246378,7549,0.29999998211860657,1.9202898550724639,0.29999998211860657,0.29999998211860657,0.29999998211860657,0.29999998211860657,0.29999998211860657,684.34228515625,0.29999998211860657,0.29999998211860657,0.29999998211860657,0.29999998211860657,0.12318840579710146,0.7894736842105263,0.29999998211860657,0.29999998211860657,0.29999998211860657,0.29999998211860657,1.6546540622900583,0.0032800292968750006,0.29999998211860657,0.29999998211860657,0.29999998211860657,0.2,0.7730251550674438,1.0,-0.008139103651046753,13,0.0017957019,121,26,22,17,-5.374142646789551,0.30000001192092896,0.9,20,-0.0038036234393075572,0.6363636363636364,1e-05,0.18809933623415417,0.0685211181640625,0.1,0.9615384615384616,0.9411764705882353,0.0,21,0.9523809523809523,4160
0.29999998211860657,0.8785714285714286,0.29999998211860657,418,0.29999998211860657,18,0.29999998211860657,948.42,0.29999998211860657,0.29999998211860657,0.29999998211860657,0.29999998211860657,0.29999998211860657,54788096,0.29999998211860657,7240,1.5262285714285726,7567,0.29999998211860657,1.6214285714285714,0.29999998211860657,0.29999998211860657,0.29999998211860657,0.29999998211860657,0.29999998211860657,679.0022583007812,0.29999998211860657,0.29999998211860657,0.29999998211860657,0.29999998211860657,0.12142857142857143,0.6666666666666666,0.29999998211860657,0.29999998211860657,0.29999998211860657,0.29999998211860657,1.497131664829215,0.00333099365234375,0.29999998211860657,0.29999998211860657,0.29999998211860657,0.2,0.7760251760482788,1.0,-0.07671292126178741,16,0.0017251412,123,35,18,17,-5.374142646789551,0.30000001192092896,0.7333333333333333,15,-0.0040210746467437275,0.6666666666666666,1e-05,0.1540762267599348,0.06787338256835937,0.1,1.0,0.9411764705882353,0.0,21,1.0,4170
0.29999998211860657,0.8759124087591241,0.29999998211860657,419,0.29999998211860657,12,0.29999998211860657,945.75,0.29999998211860657,0.29999998211860657,0.29999998211860657,0.29999998211860657,0.29999998211860657,54919168,0.29999998211860657,7240,1.5145109489051105,7584,0.29999998211860657,1.8686131386861313,0.29999998211860657,0.29999998211860657,0.29999998211860657,0.29999998211860657,0.29999998211860657,674.4788208007812,0.29999998211860657,0.29999998211860657,0.29999998211860657,0.29999998211860657,0.12408759124087591,0.8333333333333334,0.29999998211860657,0.29999998211860657,0.29999998211860657,0.29999998211860657,1.70218744522321,0.00329132080078125,0.29999998211860657,0.29999998211860657,0.29999998211860657,0.2,0.7236016988754272,0.9473684210526315,-0.09705805778503418,19,0.0018412707,120,20,23,15,-5.374142646789551,0.30000001192092896,0.8,25,-0.0038952020028773402,0.6521739130434783,1e-05,0.18434324755799025,0.07008132934570313,0.1,1.0,0.9333333333333333,0.0,23,1.0,4180
0.29999998211860657,0.9124087591240876,0.29999998211860657,420,0.29999998211860657,22,0.29999998211860657,958.61,0.29999998211860657,0.29999998211860657,0.29999998211860657,0.29999998211860657,0.29999998211860657,55050240,0.29999998211860657,7242,1.5469781021897822,7600,0.29999998211860657,1.7591240875912408,0.29999998211860657,0.29999998211860657,0.29999998211860657,0.29999998211860657,0.29999998211860657,681.1242065429688,0.29999998211860657,0.29999998211860657,0.29999998211860657,0.29999998211860657,0.08759124087591241,0.7727272727272727,0.29999998211860657,0.29999998211860657,0.29999998211860657,0.29999998211860657,1.5454643513183088,0.003240966796875,0.29999998211860657,0.29999998211860657,0.29999998211860657,0.2,0.7635812759399414,1.0,-0.04803980886936188,13,0.0017521854,125,27,19,12,-5.374142646789551,0.30000001192092896,0.8181818181818182,22,-0.0039081694137621525,0.8421052631578947,1e-05,0.1849587976525072,0.069854736328125,0.1,1.0,1.0,0.0,22,1.0,4190
0.29999998211860657,0.875,0.29999998211860657,421,0.29999998211860657,16,0.29999998211860657,956.02,0.29999998211860657,0.29999998211860657,0.29999998211860657,0.29999998211860657,0.29999998211860657,55181312,0.29999998211860657,7243,1.5308194444444456,7618,0.29999998211860657,1.8125,0.29999998211860657,0.29999998211860657,0.29999998211860657,0.29999998211860657,0.29999998211860657,681.7774047851562,0.29999998211860657,0.29999998211860657,0.29999998211860657,0.29999998211860657,0.125,0.8125,0.29999998211860657,0.29999998211860657,0.29999998211860657,0.29999998211860657,1.6582922965412328,0.003280029296875,0.29999998211860657,0.29999998211860657,0.29999998211860657,0.2,0.7244100570678711,0.8888888888888888,-0.16372050344944,18,0.0018749125,126,28,19,21,-5.374142646789551,0.30000001192092896,0.6666666666666666,18,-0.0037808140159086177,0.6842105263157895,1e-05,0.15084546683356165,0.07034683227539062,0.1,1.0,0.9523809523809523,0.0,24,1.0,4200
0.29999998211860657,0.9,0.29999998211860657,422,0.29999998211860657,31,0.29999998211860657,960.24,0.29999998211860657,0.29999998211860657,0.29999998211860657,0.29999998211860657,0.29999998211860657,55312384,0.29999998211860657,7244,1.5322307692307706,7635,0.29999998211860657,2.1153846153846154,0.29999998211860657,0.29999998211860657,0.29999998211860657,0.29999998211860657,0.29999998211860657,689.4176635742188,0.29999998211860657,0.29999998211860657,0.29999998211860657,0.29999998211860657,0.1,0.8709677419354839,0.29999998211860657,0.29999998211860657,0.29999998211860657,0.29999998211860657,1.6323416199026166,0.0032601928710937504,0.29999998211860657,0.29999998211860657,0.29999998211860657,0.2,0.7588120698928833,1.0,0.09570369124412537,13,0.001766148,117,22,18,17,-5.374142646789551,0.30000001192092896,0.8888888888888888,18,-0.003844828335377315,0.6666666666666666,1e-05,0.15329942309181205,0.06905059814453125,0.1,1.0,0.9411764705882353,0.0,11,1.0,4210
0.29999998211860657,0.9071428571428571,0.29999998211860657,423,0.29999998211860657,25,0.29999998211860657,966.64,0.29999998211860657,0.29999998211860657,0.29999998211860657,0.29999998211860657,0.29999998211860657,55443456,0.29999998211860657,7244,1.4990714285714297,7652,0.29999998211860657,1.9714285714285715,0.29999998211860657,0.29999998211860657,0.29999998211860657,0.29999998211860657,0.29999998211860657,687.4612426757812,0.29999998211860657,0.29999998211860657,0.29999998211860657,0.29999998211860657,0.09285714285714286,0.84,0.29999998211860657,0.29999998211860657,0.29999998211860657,0.29999998211860657,1.639876643846402,0.0033383178710937505,0.29999998211860657,0.29999998211860657,0.29999998211860657,0.2,0.7499507069587708,1.0,-0.08433268964290619,20,0.0017656637,127,22,24,15,-5.374142646789551,0.30000001192092896,0.8333333333333334,18,-0.0037107959494278473,0.8333333333333334,1e-05,0.16398953959869686,0.07006072998046875,0.1,0.9545454545454546,0.9333333333333333,0.0,16,1.0,4220
0.29999998211860657,0.9022556390977443,0.29999998211860657,424,0.29999998211860657,15,0.29999998211860657,949.08,0.29999998211860657,0.29999998211860657,0.29999998211860657,0.29999998211860657,0.29999998211860657,55574528,0.29999998211860657,7245,1.5119248120300763,7670,0.29999998211860657,1.8721804511278195,0.29999998211860657,0.29999998211860657,0.29999998211860657,0.29999998211860657,0.29999998211860657,671.1467895507812,0.29999998211860657,0.29999998211860657,0.29999998211860657,0.29999998211860657,0.09774436090225563,0.8666666666666667,0.29999998211860657,0.29999998211860657,0.29999998211860657,0.29999998211860657,1.6303612669609389,0.00336456298828125,0.29999998211860657,0.29999998211860657,0.29999998211860657,0.2,0.7406691312789917,1.0,-0.15708813071250916,21,0.0017813041,120,23,23,15,-5.374142646789551,0.30000001192092896,0.8333333333333334,24,-0.0036831435225394673,0.782608695652174,1e-05,0.1429036389628891,0.06900482177734375,0.1,1.0,0.8666666666666667,0.0,12,1.0,4230
0.29999998211860657,0.920863309352518,0.29999998211860657,425,0.29999998211860657,26,0.29999998211860657,965.57,0.29999998211860657,0.29999998211860657,0.29999998211860657,0.29999998211860657,0.29999998211860657,55705600,0.29999998211860657,7247,1.526503597122303,7686,0.29999998211860657,1.7194244604316546,0.29999998211860657,0.29999998211860657,0.29999998211860657,0.29999998211860657,0.29999998211860657,692.206298828125,0.29999998211860657,0.29999998211860657,0.29999998211860657,0.29999998211860657,0.07913669064748201,0.8076923076923077,0.29999998211860657,0.29999998211860657,0.29999998211860657,0.29999998211860657,1.4526869940153184,0.0033349609375000005,0.29999998211860657,0.29999998211860657,0.29999998211860657,0.2,0.7016212940216064,1.0,0.025035738945007324,18,0.0017948488,128,29,18,13,-5.374142646789551,0.30000001192092896,0.8333333333333334,18,-0.003755623107917927,0.8333333333333334,1e-05,0.16908326990669592,0.07215194702148438,0.1,1.0,1.0,0.0,17,1.0,4240
0.29999998211860657,0.8962962962962963,0.29999998211860657,426,0.29999998211860657,17,0.29999998211860657,967.49,0.29999998211860657,0.29999998211860657,0.29999998211860657,0.29999998211860657,0.29999998211860657,55836672,0.29999998211860657,7247,1.5102370370370384,7703,0.29999998211860657,1.874074074074074,0.29999998211860657,0.29999998211860657,0.29999998211860657,0.29999998211860657,0.29999998211860657,691.5759887695312,0.29999998211860657,0.29999998211860657,0.29999998211860657,0.29999998211860657,0.1037037037037037,0.7058823529411765,0.29999998211860657,0.29999998211860657,0.29999998211860657,0.29999998211860657,1.5417605491511734,0.003341064453125,0.29999998211860657,0.29999998211860657,0.29999998211860657,0.2,0.7411604523658752,1.0,-0.13148808479309082,18,0.0017810017,121,25,19,18,-5.374142646789551,0.30000001192092896,0.8260869565217391,23,-0.003678993922903828,0.8421052631578947,1e-05,0.1480267819366418,0.0693389892578125,0.1,1.0,0.9444444444444444,0.0,15,0.9333333333333333,4250
0.29999998211860657,0.8857142857142857,0.29999998211860657,427,0.29999998211860657,19,0.29999998211860657,938.21,0.29999998211860657,0.29999998211860657,0.29999998211860657,0.29999998211860657,0.29999998211860657,55967744,0.29999998211860657,7248,1.5155428571428582,7721,0.29999998211860657,1.6785714285714286,0.29999998211860657,0.29999998211860657,0.29999998211860657,0.29999998211860657,0.29999998211860657,672.9860229492188,0.29999998211860657,0.29999998211860657,0.29999998211860657,0.29999998211860657,0.11428571428571428,0.7894736842105263,0.29999998211860657,0.29999998211860657,0.29999998211860657,0.29999998211860657,1.4993709144018512,0.0033990478515625003,0.29999998211860657,0.29999998211860657,0.29999998211860657,0.2,0.7753571271896362,1.0,-0.13373789191246033,20,0.0017721866,124,32,23,14,-5.374142646789551,0.30000001192092896,0.6875,16,-0.00401949877050356,0.782608695652174,1e-05,0.1364486303704325,0.06798553466796875,0.1,1.0,0.8571428571428571,0.0,16,1.0,4260
0.29999998211860657,0.9343065693430657,0.29999998211860657,428,0.29999998211860657,23,0.29999998211860657,970.64,0.29999998211860657,0.29999998211860657,0.29999998211860657,0.29999998211860657,0.29999998211860657,56098816,0.29999998211860657,7248,1.5329051094890522,7738,0.29999998211860657,1.6788321167883211,0.29999998211860657,0.29999998211860657,0.29999998211860657,0.29999998211860657,0.29999998211860657,692.11083984375,0.29999998211860657,0.29999998211860657,0.29999998211860657,0.29999998211860657,0.06569343065693431,0.8260869565217391,0.29999998211860657,0.29999998211860657,0.29999998211860657,0.29999998211860657,1.5898432732596088,0.0034286499023437503,0.29999998211860657,0.29999998211860657,0.29999998211860657,0.2,0.6699079275131226,1.0,-0.12072041630744934,16,0.001757862,128,29,10,18,-5.374142646789551,0.30000001192092896,0.8421052631578947,19,-0.003455729592906209,0.9,1e-05,0.17655616176198236,0.06589126586914062,0.1,1.0,0.9444444444444444,0.0,22,1.0,4270
0.29999998211860657,0.9393939393939394,0.29999998211860657,429,0.29999998211860657,21,0.29999998211860657,968.3,0.29999998211860657,0.29999998211860657,0.29999998211860657,0.29999998211860657,0.29999998211860657,56229888,0.29999998211860657,7250,1.5269393939393952,7755,0.29999998211860657,2.1136363636363638,0.29999998211860657,0.29999998211860657,0.29999998211860657,0.29999998211860657,0.29999998211860657,690.1591186523438,0.29999998211860657,0.29999998211860657,0.29999998211860657,0.29999998211860657,0.06060606060606061,1.0,0.29999998211860657,0.29999998211860657,0.29999998211860657,0.29999998211860657,1.6913178462785428,0.0034420776367187506,0.29999998211860657,0.29999998211860657,0.29999998211860657,0.2,0.738034725189209,0.9285714285714286,-0.13798508048057556,14,0.0017171017,124,24,18,24,-5.374142646789551,0.30000001192092896,0.9411764705882353,17,-0.0035753067168570853,0.7222222222222222,1e-05,0.11496176754299085,0.06621322631835938,0.1,1.0,0.9583333333333334,0.0,14,1.0,4280
0.29999998211860657,0.9057971014492754,0.29999998211860657,430,0.29999998211860657,18,0.29999998211860657,955.05,0.29999998211860657,0.29999998211860657,0.29999998211860657,0.29999998211860657,0.29999998211860657,56360960,0.29999998211860657,7251,1.5120000000000011,7772,0.29999998211860657,1.9710144927536233,0.29999998211860657,0.29999998211860657,0.29999998211860657,0.29999998211860657,0.29999998211860657,684.4676513671875,0.29999998211860657,0.29999998211860657,0.29999998211860657,0.29999998211860657,0.09420289855072464,0.9444444444444444,0.29999998211860657,0.29999998211860657,0.29999998211860657,0.29999998211860657,1.5434381623577091,0.00342376708984375,0.29999998211860657,0.29999998211860657,0.29999998211860657,0.2,0.7275278568267822,1.0,-0.16384518146514893,15,0.0017011149,125,21,20,18,-5.374142646789551,0.30000001192092896,0.7391304347826086,23,-0.0037954245503897255,0.8,1e-05,0.12150140816520434,0.06537857055664062,0.1,1.0,0.8888888888888888,0.0,23,1.0,4290
0.29999998211860657,0.8652482269503546,0.29999998211860657,431,0.29999998211860657,14,0.29999998211860657,938.72,0.29999998211860657,0.29999998211860657,0.29999998211860657,0.29999998211860657,0.29999998211860657,56492032,0.29999998211860657,7252,1.5156028368794336,7789,0.29999998211860657,2.049645390070922,0.29999998211860657,0.29999998211860657,0.29999998211860657,0.29999998211860657,0.29999998211860657,669.2771606445312,0.29999998211860657,0.29999998211860657,0.29999998211860657,0.29999998211860657,0.1347517730496454,0.6428571428571429,0.29999998211860657,0.29999998211860657,0.29999998211860657,0.29999998211860657,1.6624036774030349,0.0034262084960937503,0.29999998211860657,0.29999998211860657,0.29999998211860657,0.2,0.7255108952522278,1.0,-0.1544780433177948,15,0.0018624167,122,26,20,27,-5.374142646789551,0.30000001192092896,0.8421052631578947,19,-0.003764877049525239,0.75,1e-05,0.1439043695485452,0.07520294189453125,0.1,1.0,0.7777777777777778,0.0,20,1.0,4300
0.29999998211860657,0.9104477611940298,0.29999998211860657,432,0.29999998211860657,22,0.29999998211860657,963.1,0.29999998211860657,0.29999998211860657,0.29999998211860657,0.29999998211860657,0.29999998211860657,56623104,0.29999998211860657,7252,1.4841194029850755,7807,0.29999998211860657,1.6417910447761195,0.29999998211860657,0.29999998211860657,0.29999998211860657,0.29999998211860657,0.29999998211860657,687.0111083984375,0.29999998211860657,0.29999998211860657,0.29999998211860657,0.29999998211860657,0.08955223880597014,0.7727272727272727,0.29999998211860657,0.29999998211860657,0.29999998211860657,0.29999998211860657,1.4903401919683,0.0034335327148437506,0.29999998211860657,0.29999998211860657,0.29999998211860657,0.2,0.6949284672737122,1.0,0.0113506019115448,14,0.0018825436,122,32,23,9,-5.374142646789551,0.30000001192092896,0.7333333333333333,15,-0.0038251956689236977,0.8695652173913043,1e-05,0.20765692819841206,0.0743408203125,0.1,1.0,1.0,0.0,19,1.0,4310
0.29999998211860657,0.8840579710144928,0.29999998211860657,433,0.29999998211860657,20,0.29999998211860657,965.81,0.29999998211860657,0.29999998211860657,0.29999998211860657,0.29999998211860657,0.29999998211860657,56754176,0.29999998211860657,7253,1.5075072463768129,7824,0.29999998211860657,1.9130434782608696,0.29999998211860657,0.29999998211860657,0.29999998211860657,0.29999998211860657,0.29999998211860657,691.6076049804688,0.29999998211860657,0.29999998211860657,0.29999998211860657,0.29999998211860657,0.11594202898550725,0.7,0.29999998211860657,0.29999998211860657,0.29999998211860657,0.29999998211860657,1.6114653269520502,0.0034710693359375,0.29999998211860657,0.29999998211860657,0.29999998211860657,0.2,0.7778595685958862,1.0,-0.13104933500289917,17,0.0017639021,122,29,19,21,-5.374142646789551,0.30000001192092896,0.95,20,-0.003758452957299596,0.631578947368421,1e-05,0.14381514010601676,0.0684356689453125,0.1,1.0,0.9047619047619048,0.0,12,1.0,4320
0.29999998211860657,0.8402777777777778,0.29999998211860657,434,0.29999998211860657,17,0.29999998211860657,916.08,0.29999998211860657,0.29999998211860657,0.29999998211860657,0.29999998211860657,0.29999998211860657,56885248,0.29999998211860657,7254,1.5187916666666677,7841,0.29999998211860657,1.7291666666666667,0.29999998211860657,0.29999998211860657,0.29999998211860657,0.29999998211860657,0.29999998211860657,652.2069702148438,0.29999998211860657,0.29999998211860657,0.29999998211860657,0.29999998211860657,0.1597222222222222,0.8235294117647058,0.29999998211860657,0.29999998211860657,0.29999998211860657,0.29999998211860657,1.5445857810791912,0.0035021972656250006,0.29999998211860657,0.29999998211860657,0.29999998211860657,0.2,0.760659396648407,1.0,-0.15223589539527893,17,0.0017786236,121,34,22,17,-5.374142646789551,0.30000001192092896,0.7727272727272727,22,-0.003642348061885059,0.45454545454545453,1e-05,0.16031871699378825,0.06879501342773438,0.1,1.0,0.8235294117647058,0.0,15,1.0,4330
0.29999998211860657,0.9242424242424242,0.29999998211860657,435,0.29999998211860657,24,0.29999998211860657,986.59,0.29999998211860657,0.29999998211860657,0.29999998211860657,0.29999998211860657,0.29999998211860657,57016320,0.29999998211860657,7255,1.5134242424242437,7858,0.29999998211860657,2.159090909090909,0.29999998211860657,0.29999998211860657,0.29999998211860657,0.29999998211860657,0.29999998211860657,707.2896728515625,0.29999998211860657,0.29999998211860657,0.29999998211860657,0.29999998211860657,0.07575757575757576,0.9583333333333334,0.29999998211860657,0.29999998211860657,0.29999998211860657,0.29999998211860657,1.6381663098076737,0.0034939575195312503,0.29999998211860657,0.29999998211860657,0.29999998211860657,0.2,0.7346901893615723,1.0,-0.08172816038131714,18,0.0018213273,122,20,26,18,-5.374142646789551,0.30000001192092896,0.8461538461538461,13,-0.003881851641835965,0.7307692307692307,1e-05,0.19305199940572493,0.07133636474609376,0.1,1.0,1.0,0.0,13,1.0,4340
0.29999998211860657,0.927536231884058,0.29999998211860657,436,0.29999998211860657,20,0.29999998211860657,953.99,0.29999998211860657,0.29999998211860657,0.29999998211860657,0.29999998211860657,0.29999998211860657,57147392,0.29999998211860657,7256,1.521289855072465,7875,0.29999998211860657,2.050724637681159,0.29999998211860657,0.29999998211860657,0.29999998211860657,0.29999998211860657,0.29999998211860657,684.647705078125,0.29999998211860657,0.29999998211860657,0.29999998211860657,0.29999998211860657,0.07246376811594203,0.85,0.29999998211860657,0.29999998211860657,0.29999998211860657,0.29999998211860657,1.487380953090069,0.0034765625000000005,0.29999998211860657,0.29999998211860657,0.29999998211860657,0.2,0.7398849129676819,0.9230769230769231,-0.10591866075992584,13,0.0017630731,128,30,21,24,-5.374142646789551,0.30000001192092896,1.0,19,-0.003684417272279461,0.7142857142857143,1e-05,0.11844075500266626,0.06765670776367187,0.1,1.0,1.0,0.0,11,1.0,4350
0.29999998211860657,0.920863309352518,0.29999998211860657,437,0.29999998211860657,17,0.29999998211860657,968.86,0.29999998211860657,0.29999998211860657,0.29999998211860657,0.29999998211860657,0.29999998211860657,57278464,0.29999998211860657,7257,1.5136834532374113,7892,0.29999998211860657,1.841726618705036,0.29999998211860657,0.29999998211860657,0.29999998211860657,0.29999998211860657,0.29999998211860657,694.2134399414062,0.29999998211860657,0.29999998211860657,0.29999998211860657,0.29999998211860657,0.07913669064748201,1.0,0.29999998211860657,0.29999998211860657,0.29999998211860657,0.29999998211860657,1.4704941793914388,0.0034497070312499998,0.29999998211860657,0.29999998211860657,0.29999998211860657,0.2,0.7545626163482666,1.0,-0.12724387645721436,18,0.0018085262,128,26,19,18,-5.374142646789551,0.30000001192092896,0.7916666666666666,24,-0.003698260809733256,0.7894736842105263,1e-05,0.12745282510004471,0.07295913696289062,0.1,1.0,0.8888888888888888,0.0,17,1.0,4360
0.29999998211860657,0.9398496240601504,0.29999998211860657,438,0.29999998211860657,16,0.29999998211860657,982.38,0.29999998211860657,0.29999998211860657,0.29999998211860657,0.29999998211860657,0.29999998211860657,57409536,0.29999998211860657,7257,1.5189924812030087,7910,0.29999998211860657,1.9172932330827068,0.29999998211860657,0.29999998211860657,0.29999998211860657,0.29999998211860657,0.29999998211860657,704.7075805664062,0.29999998211860657,0.29999998211860657,0.29999998211860657,0.29999998211860657,0.06015037593984962,0.8125,0.29999998211860657,0.29999998211860657,0.29999998211860657,0.29999998211860657,1.6151905797294321,0.0034243774414062502,0.29999998211860657,0.29999998211860657,0.29999998211860657,0.2,0.7513628602027893,1.0,-0.11362005770206451,15,0.0017171868,125,23,23,15,-5.374142646789551,0.30000001192092896,0.9545454545454546,22,-0.00385764874886263,0.8695652173913043,1e-05,0.11890859310224186,0.06927566528320313,0.1,1.0,0.9333333333333333,0.0,19,1.0,4370
0.29999998211860657,0.8785714285714286,0.29999998211860657,439,0.29999998211860657,20,0.29999998211860657,929.71,0.29999998211860657,0.29999998211860657,0.29999998211860657,0.29999998211860657,0.29999998211860657,57540608,0.29999998211860657,7259,1.5163857142857156,7926,0.29999998211860657,1.9285714285714286,0.29999998211860657,0.29999998211860657,0.29999998211860657,0.29999998211860657,0.29999998211860657,663.4712524414062,0.29999998211860657,0.29999998211860657,0.29999998211860657,0.29999998211860657,0.12142857142857143,0.7,0.29999998211860657,0.29999998211860657,0.29999998211860657,0.29999998211860657,1.6028908633698056,0.0035418701171875,0.29999998211860657,0.29999998211860657,0.29999998211860657,0.2,0.672744870185852,1.0,-0.11588969826698303,18,0.0017603703,123,25,24,15,-5.374142646789551,0.30000001192092896,0.8846153846153846,26,-0.0035082609663732002,0.6666666666666666,1e-05,0.12489552229817491,0.0676788330078125,0.1,1.0,1.0,0.0,12,1.0,4380
0.29999998211860657,0.8913043478260869,0.29999998211860657,440,0.29999998211860657,23,0.29999998211860657,965.08,0.29999998211860657,0.29999998211860657,0.29999998211860657,0.29999998211860657,0.29999998211860657,57671680,0.29999998211860657,7259,1.5183913043478274,7943,0.29999998211860657,2.0942028985507246,0.29999998211860657,0.29999998211860657,0.29999998211860657,0.29999998211860657,0.29999998211860657,694.51708984375,0.29999998211860657,0.29999998211860657,0.29999998211860657,0.29999998211860657,0.10869565217391304,0.8695652173913043,0.29999998211860657,0.29999998211860657,0.29999998211860657,0.29999998211860657,1.5959982071714607,0.003492431640625,0.29999998211860657,0.29999998211860657,0.29999998211860657,0.2,0.7578942775726318,0.9444444444444444,-0.06385147571563721,18,0.0018400056,123,23,24,20,-5.374142646789551,0.30000001192092896,0.6470588235294118,17,-0.003949513986844977,0.7916666666666666,1e-05,0.18292687310604377,0.07175369262695312,0.1,1.0,1.0,0.0,13,1.0,4390
0.29999998211860657,0.9097744360902256,0.29999998211860657,441,0.29999998211860657,24,0.29999998211860657,943.6,0.29999998211860657,0.29999998211860657,0.29999998211860657,0.29999998211860657,0.29999998211860657,57802752,0.29999998211860657,7260,1.5191428571428585,7960,0.29999998211860657,2.2406015037593985,0.29999998211860657,0.29999998211860657,0.29999998211860657,0.29999998211860657,0.29999998211860657,675.3817138671875,0.29999998211860657,0.29999998211860657,0.29999998211860657,0.29999998211860657,0.09022556390977443,0.7916666666666666,0.29999998211860657,0.29999998211860657,0.29999998211860657,0.29999998211860657,1.6441220619023913,0.00349456787109375,0.29999998211860657,0.29999998211860657,0.29999998211860657,0.2,0.7315808534622192,1.0,-0.14572638273239136,16,0.001845291,121,19,28,17,-5.374142646789551,0.30000001192092896,0.8421052631578947,19,-0.003925755888394633,0.9285714285714286,1e-05,0.147371447092155,0.07264022827148438,0.1,1.0,0.9411764705882353,0.0,10,0.9,4400
0.29999998211860657,0.9197080291970803,0.29999998211860657,442,0.29999998211860657,14,0.29999998211860657,964.32,0.29999998211860657,0.29999998211860657,0.29999998211860657,0.29999998211860657,0.29999998211860657,57933824,0.29999998211860657,7261,1.5242043795620448,7978,0.29999998211860657,1.9343065693430657,0.29999998211860657,0.29999998211860657,0.29999998211860657,0.29999998211860657,0.29999998211860657,686.7714233398438,0.29999998211860657,0.29999998211860657,0.29999998211860657,0.29999998211860657,0.08029197080291971,0.8571428571428571,0.29999998211860657,0.29999998211860657,0.29999998211860657,0.29999998211860657,1.615767762293048,0.0035064697265625,0.29999998211860657,0.29999998211860657,0.29999998211860657,0.2,0.741327702999115,1.0,-0.14142966270446777,15,0.0017417117,126,24,16,21,-5.374142646789551,0.30000001192092896,0.9032258064516129,31,-0.003370234544672712,0.75,1e-05,0.1333999340160517,0.06656570434570312,0.1,0.9583333333333334,0.9523809523809523,0.0,16,1.0,4410
0.29999998211860657,0.9318181818181818,0.29999998211860657,443,0.29999998211860657,17,0.29999998211860657,986.7,0.29999998211860657,0.29999998211860657,0.29999998211860657,0.29999998211860657,0.29999998211860657,58064896,0.29999998211860657,7261,1.5117575757575767,7995,0.29999998211860657,1.696969696969697,0.29999998211860657,0.29999998211860657,0.29999998211860657,0.29999998211860657,0.29999998211860657,704.1156005859375,0.29999998211860657,0.29999998211860657,0.29999998211860657,0.29999998211860657,0.06818181818181818,0.9411764705882353,0.29999998211860657,0.29999998211860657,0.29999998211860657,0.29999998211860657,1.4878172873107525,0.0036169433593750003,0.29999998211860657,0.29999998211860657,0.29999998211860657,0.2,0.740914523601532,1.0,-0.19932770729064941,15,0.0018013599,123,28,16,15,-5.374142646789551,0.30000001192092896,0.9047619047619048,21,-0.0036566627111824348,0.6875,1e-05,0.13058664501004386,0.07135162353515626,0.1,1.0,0.9333333333333333,0.0,20,1.0,4420
0.29999998211860657,0.9407407407407408,0.29999998211860657,444,0.29999998211860657,18,0.29999998211860657,969.7,0.29999998211860657,0.29999998211860657,0.29999998211860657,0.29999998211860657,0.29999998211860657,58195968,0.29999998211860657,7263,1.5122962962962974,8012,0.29999998211860657,1.8518518518518519,0.29999998211860657,0.29999998211860657,0.29999998211860657,0.29999998211860657,0.29999998211860657,695.5006103515625,0.29999998211860657,0.29999998211860657,0.29999998211860657,0.29999998211860657,0.05925925925925926,0.9444444444444444,0.29999998211860657,0.29999998211860657,0.29999998211860657,0.29999998211860657,1.5766902995432754,0.0036026000976562503,0.29999998211860657,0.29999998211860657,0.29999998211860657,0.2,0.6933534145355225,1.0,-0.14555685222148895,14,0.0017563856,127,27,17,19,-5.374142646789551,0.30000001192092896,0.8,20,-0.0035948599643234047,0.8235294117647058,1e-05,0.12223309339897241,0.0698150634765625,0.1,1.0,1.0,0.0,20,1.0,4430
0.29999998211860657,0.9558823529411765,0.29999998211860657,445,0.29999998211860657,27,0.29999998211860657,980.9,0.29999998211860657,0.29999998211860657,0.29999998211860657,0.29999998211860657,0.29999998211860657,58327040,0.29999998211860657,7264,1.5076323529411775,8029,0.29999998211860657,2.1470588235294117,0.29999998211860657,0.29999998211860657,0.29999998211860657,0.29999998211860657,0.29999998211860657,701.7592163085938,0.29999998211860657,0.29999998211860657,0.29999998211860657,0.29999998211860657,0.04411764705882353,0.8888888888888888,0.29999998211860657,0.29999998211860657,0.29999998211860657,0.29999998211860657,1.6819909538689246,0.00361419677734375,0.29999998211860657,0.29999998211860657,0.29999998211860657,0.2,0.7408915758132935,1.0,-0.16276028752326965,21,0.0017454539,130,18,13,25,-5.374142646789551,0.30000001192092896,1.0,20,-0.003792483948154768,0.8461538461538461,1e-05,0.10862121158861555,0.06718063354492188,0.1,1.0,0.96,0.0,12,1.0,4440
0.29999998211860657,0.8970588235294118,0.29999998211860657,446,0.29999998211860657,13,0.29999998211860657,953.11,0.29999998211860657,0.29999998211860657,0.29999998211860657,0.29999998211860657,0.29999998211860657,58458112,0.29999998211860657,7264,1.5117352941176483,8046,0.29999998211860657,1.7647058823529411,0.29999998211860657,0.29999998211860657,0.29999998211860657,0.29999998211860657,0.29999998211860657,684.04736328125,0.29999998211860657,0.29999998211860657,0.29999998211860657,0.29999998211860657,0.10294117647058823,0.8461538461538461,0.29999998211860657,0.29999998211860657,0.29999998211860657,0.29999998211860657,1.4988332342900814,0.003631591796875,0.29999998211860657,0.29999998211860657,0.29999998211860657,0.2,0.6870771646499634,1.0,-0.14472542703151703,19,0.00171271,122,31,22,19,-5.374142646789551,0.30000001192092896,0.8235294117647058,17,-0.003702086530711313,0.7272727272727273,1e-05,0.1183850112138316,0.06485519409179688,0.1,1.0,0.8947368421052632,0.0,15,0.9333333333333333,4450
0.29999998211860657,0.875,0.29999998211860657,447,0.29999998211860657,23,0.29999998211860657,950.55,0.29999998211860657,0.29999998211860657,0.29999998211860657,0.29999998211860657,0.29999998211860657,58589184,0.29999998211860657,7265,1.513279411764707,8064,0.29999998211860657,2.0808823529411766,0.29999998211860657,0.29999998211860657,0.29999998211860657,0.29999998211860657,0.29999998211860657,682.5254516601562,0.29999998211860657,0.29999998211860657,0.29999998211860657,0.29999998211860657,0.125,0.9130434782608695,0.29999998211860657,0.29999998211860657,0.29999998211860657,0.29999998211860657,1.6824603260306399,0.0036846923828125003,0.29999998211860657,0.29999998211860657,0.29999998211860657,0.2,0.7459582686424255,0.9230769230769231,-0.03815317153930664,13,0.0018243924,119,21,27,13,-5.374142646789551,0.30000001192092896,0.8260869565217391,23,-0.0038823012501779885,0.7037037037037037,1e-05,0.1464748014259385,0.0699615478515625,0.1,1.0,0.8461538461538461,0.0,16,1.0,4460
0.29999998211860657,0.9465648854961832,0.29999998211860657,448,0.29999998211860657,22,0.29999998211860657,980.59,0.29999998211860657,0.29999998211860657,0.29999998211860657,0.29999998211860657,0.29999998211860657,58720256,0.29999998211860657,7266,1.518152671755726,8081,0.29999998211860657,1.786259541984733,0.29999998211860657,0.29999998211860657,0.29999998211860657,0.29999998211860657,0.29999998211860657,704.4939575195312,0.29999998211860657,0.29999998211860657,0.29999998211860657,0.29999998211860657,0.05343511450381679,0.9545454545454546,0.29999998211860657,0.29999998211860657,0.29999998211860657,0.29999998211860657,1.5121831111525257,0.0036651611328125,0.29999998211860657,0.29999998211860657,0.29999998211860657,0.2,0.745397686958313,1.0,-0.11829677224159241,15,0.0017820909,124,28,17,16,-5.374142646789551,0.30000001192092896,0.8666666666666667,15,-0.003795343834690357,0.8823529411764706,1e-05,0.1722912783792708,0.06749725341796875,0.1,1.0,0.9375,0.0,18,0.9444444444444444,4470
0.29999998211860657,0.8741258741258742,0.29999998211860657,449,0.29999998211860657,22,0.29999998211860657,936.4,0.29999998211860657,0.29999998211860657,0.29999998211860657,0.29999998211860657,0.29999998211860657,58851328,0.29999998211860657,7267,1.5394125874125888,8097,0.29999998211860657,2.097902097902098,0.29999998211860657,0.29999998211860657,0.29999998211860657,0.29999998211860657,0.29999998211860657,675.4029541015625,0.29999998211860657,0.29999998211860657,0.29999998211860657,0.29999998211860657,0.1258741258741259,0.7727272727272727,0.29999998211860657,0.29999998211860657,0.29999998211860657,0.29999998211860657,1.5380243362867878,0.0036871337890625002,0.29999998211860657,0.29999998211860657,0.29999998211860657,0.2,0.7536582350730896,1.0,-0.18960675597190857,13,0.0018245038,125,27,28,20,-5.374142646789551,0.30000001192092896,0.75,16,-0.0038034114075344407,0.6785714285714286,1e-05,0.10768162408203352,0.06986846923828124,0.1,1.0,1.0,0.0,17,1.0,4480
0.29999998211860657,0.9111111111111111,0.29999998211860657,450,0.29999998211860657,22,0.29999998211860657,952.51,0.29999998211860657,0.29999998211860657,0.29999998211860657,0.29999998211860657,0.29999998211860657,58982400,0.29999998211860657,7268,1.5233185185185198,8114,0.29999998211860657,1.8888888888888888,0.29999998211860657,0.29999998211860657,0.29999998211860657,0.29999998211860657,0.29999998211860657,688.9710083007812,0.29999998211860657,0.29999998211860657,0.29999998211860657,0.29999998211860657,0.08888888888888889,0.7272727272727273,0.29999998211860657,0.29999998211860657,0.29999998211860657,0.29999998211860657,1.616754669425203,0.003779296875,0.29999998211860657,0.29999998211860657,0.29999998211860657,0.2,0.7513695359230042,1.0,-0.07412080466747284,16,0.0018460117,123,23,14,19,-5.374142646789551,0.30000001192092896,0.85,20,-0.0040181252720230985,0.8571428571428571,1e-05,0.1617255448421929,0.07127532958984376,0.1,1.0,0.9473684210526315,0.0,21,1.0,4490
0.29999998211860657,0.8827586206896552,0.29999998211860657,451,0.29999998211860657,16,0.29999998211860657,941.46,0.29999998211860657,0.29999998211860657,0.29999998211860657,0.29999998211860657,0.29999998211860657,59113472,0.29999998211860657,7268,1.4997517241379321,8132,0.29999998211860657,1.8551724137931034,0.29999998211860657,0.29999998211860657,0.29999998211860657,0.29999998211860657,0.29999998211860657,677.3761596679688,0.29999998211860657,0.29999998211860657,0.29999998211860657,0.29999998211860657,0.11724137931034483,0.8125,0.29999998211860657,0.29999998211860657,0.29999998211860657,0.29999998211860657,1.7444366752120555,0.0037991333007812503,0.29999998211860657,0.29999998211860657,0.29999998211860657,0.2,0.6593837141990662,1.0,-0.1795756071805954,16,0.0018322668,128,27,29,14,-5.374142646789551,0.30000001192092896,0.7894736842105263,19,-0.0038648329229545196,0.6896551724137931,1e-05,0.13069873522908892,0.07181625366210938,0.1,1.0,0.9285714285714286,0.0,24,1.0,4500
0.29999998211860657,0.9465648854961832,0.29999998211860657,452,0.29999998211860657,18,0.29999998211860657,974.77,0.29999998211860657,0.29999998211860657,0.29999998211860657,0.29999998211860657,0.29999998211860657,59244544,0.29999998211860657,7269,1.5209770992366425,8149,0.29999998211860657,1.8396946564885497,0.29999998211860657,0.29999998211860657,0.29999998211860657,0.29999998211860657,0.29999998211860657,700.4785766601562,0.29999998211860657,0.29999998211860657,0.29999998211860657,0.29999998211860657,0.05343511450381679,0.9444444444444444,0.29999998211860657,0.29999998211860657,0.29999998211860657,0.29999998211860657,1.4663279945752876,0.00377166748046875,0.29999998211860657,0.29999998211860657,0.29999998211860657,0.2,0.7304189801216125,1.0,-0.1449417769908905,17,0.0018194707,124,29,19,20,-5.374142646789551,0.30000001192092896,0.8333333333333334,12,-0.003891688194926246,0.8421052631578947,1e-05,0.16761139153677504,0.0722808837890625,0.1,1.0,0.95,0.0,16,1.0,4510
0.29999998211860657,0.9090909090909091,0.29999998211860657,453,0.29999998211860657,28,0.29999998211860657,975.63,0.29999998211860657,0.29999998211860657,0.29999998211860657,0.29999998211860657,0.29999998211860657,59375616,0.29999998211860657,7270,1.5226153846153856,8166,0.29999998211860657,1.916083916083916,0.29999998211860657,0.29999998211860657,0.29999998211860657,0.29999998211860657,0.29999998211860657,692.958740234375,0.29999998211860657,0.29999998211860657,0.29999998211860657,0.29999998211860657,0.09090909090909091,0.8928571428571429,0.29999998211860657,0.29999998211860657,0.29999998211860657,0.29999998211860657,1.5758000474537122,0.00374542236328125,0.29999998211860657,0.29999998211860657,0.29999998211860657,0.2,0.6281915903091431,1.0,-0.12925846874713898,19,0.0017123681,130,28,18,19,-5.374142646789551,0.30000001192092896,0.7,20,-0.0033534215562667667,0.8888888888888888,1e-05,0.10697868215211201,0.0640533447265625,0.1,1.0,0.8947368421052632,0.0,11,1.0,4520
0.29999998211860657,0.8863636363636364,0.29999998211860657,454,0.29999998211860657,22,0.29999998211860657,946.66,0.29999998211860657,0.29999998211860657,0.29999998211860657,0.29999998211860657,0.29999998211860657,59506688,0.29999998211860657,7271,1.5190454545454555,8183,0.29999998211860657,1.9166666666666667,0.29999998211860657,0.29999998211860657,0.29999998211860657,0.29999998211860657,0.29999998211860657,672.8877563476562,0.29999998211860657,0.29999998211860657,0.29999998211860657,0.29999998211860657,0.11363636363636363,0.9090909090909091,0.29999998211860657,0.29999998211860657,0.29999998211860657,0.29999998211860657,1.692973025772224,0.0037329101562500002,0.29999998211860657,0.29999998211860657,0.29999998211860657,0.2,0.7425917387008667,1.0,-0.12364326417446136,15,0.001800447,117,23,19,17,-5.374142646789551,0.30000001192092896,0.8461538461538461,13,-0.0037372247074927145,0.5789473684210527,1e-05,0.14163658990873956,0.06903152465820313,0.1,1.0,0.8823529411764706,0.0,23,0.9565217391304348,4530
0.29999998211860657,0.9185185185185185,0.29999998211860657,455,0.29999998211860657,24,0.29999998211860657,957.38,0.29999998211860657,0.29999998211860657,0.29999998211860657,0.29999998211860657,0.29999998211860657,59637760,0.29999998211860657,7272,1.5387111111111125,8200,0.29999998211860657,2.051851851851852,0.29999998211860657,0.29999998211860657,0.29999998211860657,0.29999998211860657,0.29999998211860657,689.9378662109375,0.29999998211860657,0.29999998211860657,0.29999998211860657,0.29999998211860657,0.08148148148148149,0.8333333333333334,0.29999998211860657,0.29999998211860657,0.29999998211860657,0.29999998211860657,1.6353780010215302,0.0037469482421875,0.29999998211860657,0.29999998211860657,0.29999998211860657,0.2,0.7106289267539978,1.0,-0.14207153022289276,15,0.0017830278,124,24,20,20,-5.374142646789551,0.30000001192092896,0.9411764705882353,17,-0.003711513388861931,0.8,1e-05,0.170055986486841,0.068218994140625,0.1,1.0,0.95,0.0,15,0.9333333333333333,4540
0.29999998211860657,0.8873239436619719,0.29999998211860657,456,0.29999998211860657,24,0.29999998211860657,948.4,0.29999998211860657,0.29999998211860657,0.29999998211860657,0.29999998211860657,0.29999998211860657,59768832,0.29999998211860657,7272,1.5301971830985925,8217,0.29999998211860657,1.7887323943661972,0.29999998211860657,0.29999998211860657,0.29999998211860657,0.29999998211860657,0.29999998211860657,677.4088134765625,0.29999998211860657,0.29999998211860657,0.29999998211860657,0.29999998211860657,0.11267605633802817,0.75,0.29999998211860657,0.29999998211860657,0.29999998211860657,0.29999998211860657,1.642147180607838,0.0037829589843750002,0.29999998211860657,0.29999998211860657,0.29999998211860657,0.2,0.7553151845932007,1.0,-0.15231993794441223,18,0.001783761,126,27,16,18,-5.374142646789551,0.30000001192092896,0.8125,16,-0.0035937726598149313,0.75,1e-05,0.12885984325257596,0.070709228515625,0.1,0.9629629629629629,0.8888888888888888,0.0,23,1.0,4550
0.29999998211860657,0.9230769230769231,0.29999998211860657,457,0.29999998211860657,14,0.29999998211860657,963.75,0.29999998211860657,0.29999998211860657,0.29999998211860657,0.29999998211860657,0.29999998211860657,59899904,0.29999998211860657,7273,1.5382307692307704,8235,0.29999998211860657,1.6153846153846154,0.29999998211860657,0.29999998211860657,0.29999998211860657,0.29999998211860657,0.29999998211860657,691.8941650390625,0.29999998211860657,0.29999998211860657,0.29999998211860657,0.29999998211860657,0.07692307692307693,0.8571428571428571,0.29999998211860657,0.29999998211860657,0.29999998211860657,0.29999998211860657,1.52678905717287,0.0037533569335937503,0.29999998211860657,0.29999998211860657,0.29999998211860657,0.2,0.7387065887451172,1.0,-0.11790642142295837,21,0.0018322959,120,31,16,19,-5.374142646789551,0.30000001192092896,0.8181818181818182,11,-0.004140518688745942,0.875,1e-05,0.16254748915089295,0.07286376953125,0.1,1.0,0.8947368421052632,0.0,18,0.8888888888888888,4560
0.29999998211860657,0.9338235294117647,0.29999998211860657,458,0.29999998211860657,19,0.29999998211860657,971.85,0.29999998211860657,0.29999998211860657,0.29999998211860657,0.29999998211860657,0.29999998211860657,60030976,0.29999998211860657,7274,1.5511911764705895,8251,0.29999998211860657,2.0294117647058822,0.29999998211860657,0.29999998211860657,0.29999998211860657,0.29999998211860657,0.29999998211860657,699.430419921875,0.29999998211860657,0.29999998211860657,0.29999998211860657,0.29999998211860657,0.0661764705882353,0.7368421052631579,0.29999998211860657,0.29999998211860657,0.29999998211860657,0.29999998211860657,1.691688793374122,0.00380218505859375,0.29999998211860657,0.29999998211860657,0.29999998211860657,0.2,0.7225615978240967,1.0,-0.11607161164283752,19,0.0017204522,127,24,23,21,-5.374142646789551,0.30000001192092896,0.875,16,-0.0038151434181145304,0.9130434782608695,1e-05,0.1281265848519979,0.06597442626953125,0.1,1.0,1.0,0.0,14,1.0,4570
0.29999998211860657,0.9172932330827067,0.29999998211860657,459,0.29999998211860657,25,0.29999998211860657,954.63,0.29999998211860657,0.29999998211860657,0.29999998211860657,0.29999998211860657,0.29999998211860657,60162048,0.29999998211860657,7275,1.5494887218045124,8269,0.29999998211860657,1.6766917293233083,0.29999998211860657,0.29999998211860657,0.29999998211860657,0.29999998211860657,0.29999998211860657,686.755859375,0.29999998211860657,0.29999998211860657,0.29999998211860657,0.29999998211860657,0.08270676691729323,0.84,0.29999998211860657,0.29999998211860657,0.29999998211860657,0.29999998211860657,1.4844641451733094,0.003798828125,0.29999998211860657,0.29999998211860657,0.29999998211860657,0.2,0.6956160068511963,0.95,-0.13647089898586273,20,0.0018319797,122,29,15,14,-5.374142646789551,0.30000001192092896,0.8235294117647058,17,-0.0037044954472094105,0.8,1e-05,0.10416507344634737,0.07375106811523438,0.1,1.0,1.0,0.0,13,1.0,4580
0.29999998211860657,0.9343065693430657,0.29999998211860657,460,0.29999998211860657,19,0.29999998211860657,977.78,0.29999998211860657,0.29999998211860657,0.29999998211860657,0.29999998211860657,0.29999998211860657,60293120,0.29999998211860657,7276,1.5449197080291983,8286,0.29999998211860657,1.7372262773722629,0.29999998211860657,0.29999998211860657,0.29999998211860657,0.29999998211860657,0.29999998211860657,707.4907836914062,0.29999998211860657,0.29999998211860657,0.29999998211860657,0.29999998211860657,0.06569343065693431,1.0,0.29999998211860657,0.29999998211860657,0.29999998211860657,0.29999998211860657,1.6952291056475874,0.0038906860351562503,0.29999998211860657,0.29999998211860657,0.29999998211860657,0.2,0.7418779134750366,0.9117647058823529,-0.19376587867736816,34,0.0016769797,128,18,15,17,-5.374142646789551,0.30000001192092896,0.9,20,-0.0037034095668332157,0.7333333333333333,1e-05,0.12344412775710226,0.06459274291992187,0.1,1.0,1.0,0.0,14,1.0,4590
0.29999998211860657,0.9545454545454546,0.29999998211860657,461,0.29999998211860657,14,0.29999998211860657,970.69,0.29999998211860657,0.29999998211860657,0.29999998211860657,0.29999998211860657,0.29999998211860657,60424192,0.29999998211860657,7276,1.5314696969696981,8303,0.29999998211860657,1.4621212121212122,0.29999998211860657,0.29999998211860657,0.29999998211860657,0.29999998211860657,0.29999998211860657,698.1721801757812,0.29999998211860657,0.29999998211860657,0.29999998211860657,0.29999998211860657,0.045454545454545456,0.8571428571428571,0.29999998211860657,0.29999998211860657,0.29999998211860657,0.29999998211860657,1.4942545950201598,0.003922729492187501,0.29999998211860657,0.29999998211860657,0.29999998211860657,0.2,0.6579673290252686,1.0,-0.17816682159900665,27,0.0017370419,126,30,15,15,-5.374142646789551,0.30000001192092896,0.9333333333333333,15,-0.003623377482381329,0.9333333333333333,1e-05,0.11644342264335136,0.06487655639648438,0.1,1.0,0.8666666666666667,0.0,16,1.0,4600
0.29999998211860657,0.9347826086956522,0.29999998211860657,462,0.29999998211860657,20,0.29999998211860657,956.96,0.29999998211860657,0.29999998211860657,0.29999998211860657,0.29999998211860657,0.29999998211860657,60555264,0.29999998211860657,7277,1.5225507246376822,8321,0.29999998211860657,1.4855072463768115,0.29999998211860657,0.29999998211860657,0.29999998211860657,0.29999998211860657,0.29999998211860657,685.1317138671875,0.29999998211860657,0.29999998211860657,0.29999998211860657,0.29999998211860657,0.06521739130434782,1.0,0.29999998211860657,0.29999998211860657,0.29999998211860657,0.29999998211860657,1.3719765201392626,0.00392974853515625,0.29999998211860657,0.29999998211860657,0.29999998211860657,0.2,0.6297510266304016,0.9411764705882353,-0.21145877242088318,17,0.0017463893,129,40,18,13,-5.374142646789551,0.30000001192092896,0.7777777777777778,18,-0.0033551040178281255,0.8333333333333334,1e-05,0.09105393845238723,0.06796417236328126,0.1,1.0,0.9230769230769231,0.0,12,1.0,4610
0.29999998211860657,0.8794326241134752,0.29999998211860657,463,0.29999998211860657,24,0.29999998211860657,917.08,0.29999998211860657,0.29999998211860657,0.29999998211860657,0.29999998211860657,0.29999998211860657,60686336,0.29999998211860657,7278,1.554794326241136,8337,0.29999998211860657,2.0921985815602837,0.29999998211860657,0.29999998211860657,0.29999998211860657,0.29999998211860657,0.29999998211860657,657.0379028320312,0.29999998211860657,0.29999998211860657,0.29999998211860657,0.29999998211860657,0.12056737588652482,0.7916666666666666,0.29999998211860657,0.29999998211860657,0.29999998211860657,0.29999998211860657,1.661676496625084,0.00386627197265625,0.29999998211860657,0.29999998211860657,0.29999998211860657,0.2,0.7801628112792969,1.0,-0.1629185527563095,13,0.0017536294,124,24,25,17,-5.374142646789551,0.30000001192092896,0.8333333333333334,24,-0.0037825484966560905,0.76,1e-05,0.10813841461203992,0.06645736694335938,0.1,0.9583333333333334,0.9411764705882353,0.0,14,1.0,4620
0.29999998211860657,0.9389312977099237,0.29999998211860657,464,0.29999998211860657,16,0.29999998211860657,976.36,0.29999998211860657,0.29999998211860657,0.29999998211860657,0.29999998211860657,0.29999998211860657,60817408,0.29999998211860657,7279,1.5507786259541996,8354,0.29999998211860657,1.7557251908396947,0.29999998211860657,0.29999998211860657,0.29999998211860657,0.29999998211860657,0.29999998211860657,707.9944458007812,0.29999998211860657,0.29999998211860657,0.29999998211860657,0.29999998211860657,0.061068702290076333,0.8125,0.29999998211860657,0.29999998211860657,0.29999998211860657,0.29999998211860657,1.4602622889904797,0.00388336181640625,0.29999998211860657,0.29999998211860657,0.29999998211860657,0.2,0.7177755832672119,0.9444444444444444,-0.09595896303653717,18,0.0017975795,123,31,14,23,-5.374142646789551,0.30000001192092896,0.8461538461538461,13,-0.0039042494139721385,0.8571428571428571,1e-05,0.16736931289196946,0.07087326049804688,0.1,1.0,1.0,0.0,16,1.0,4630
0.29999998211860657,0.9142857142857143,0.29999998211860657,465,0.29999998211860657,20,0.29999998211860657,963.73,0.29999998211860657,0.29999998211860657,0.29999998211860657,0.29999998211860657,0.29999998211860657,60948480,0.29999998211860657,7279,1.5282857142857154,8372,0.29999998211860657,1.8857142857142857,0.29999998211860657,0.29999998211860657,0.29999998211860657,0.29999998211860657,0.29999998211860657,693.8574829101562,0.29999998211860657,0.29999998211860657,0.29999998211860657,0.29999998211860657,0.08571428571428572,0.9,0.29999998211860657,0.29999998211860657,0.29999998211860657,0.29999998211860657,1.5287189263990968,0.0039715576171875005,0.29999998211860657,0.29999998211860657,0.29999998211860657,0.2,0.774596095085144,0.9166666666666666,-0.20601728558540344,12,0.0017275349,128,28,25,14,-5.374142646789551,0.30000001192092896,0.8571428571428571,21,-0.003714905314063799,0.8,1e-05,0.0866074374091113,0.06723480224609375,0.1,1.0,0.9285714285714286,0.0,20,1.0,4640
0.29999998211860657,0.9166666666666666,0.29999998211860657,466,0.29999998211860657,12,0.29999998211860657,963.68,0.29999998211860657,0.29999998211860657,0.29999998211860657,0.29999998211860657,0.29999998211860657,61079552,0.29999998211860657,7280,1.5487575757575769,8389,0.29999998211860657,1.9393939393939394,0.29999998211860657,0.29999998211860657,0.29999998211860657,0.29999998211860657,0.29999998211860657,694.853515625,0.29999998211860657,0.29999998211860657,0.29999998211860657,0.29999998211860657,0.08333333333333333,0.8333333333333334,0.29999998211860657,0.29999998211860657,0.29999998211860657,0.29999998211860657,1.5166703541794546,0.00401885986328125,0.29999998211860657,0.29999998211860657,0.29999998211860657,0.2,0.733371376991272,1.0,-0.18748250603675842,19,0.0017905314,121,26,25,21,-5.374142646789551,0.30000001192092896,0.9166666666666666,12,-0.0038198025054043683,0.76,1e-05,0.1248482249036897,0.07025833129882812,0.1,1.0,0.9047619047619048,0.0,17,1.0,4650
0.29999998211860657,0.9154929577464789,0.29999998211860657,467,0.29999998211860657,20,0.29999998211860657,970.33,0.29999998211860657,0.29999998211860657,0.29999998211860657,0.29999998211860657,0.29999998211860657,61210624,0.29999998211860657,7281,1.5558028169014098,8406,0.29999998211860657,1.943661971830986,0.29999998211860657,0.29999998211860657,0.29999998211860657,0.29999998211860657,0.29999998211860657,701.4990844726562,0.29999998211860657,0.29999998211860657,0.29999998211860657,0.29999998211860657,0.08450704225352113,0.9,0.29999998211860657,0.29999998211860657,0.29999998211860657,0.29999998211860657,1.5952617076946343,0.00400634765625,0.29999998211860657,0.29999998211860657,0.29999998211860657,0.2,0.6931703090667725,1.0,-0.18774493038654327,21,0.0018304712,130,25,18,23,-5.374142646789551,0.30000001192092896,0.8947368421052632,19,-0.003661079114408494,0.6666666666666666,1e-05,0.13335405883844942,0.0699737548828125,0.1,1.0,0.9565217391304348,0.0,16,0.9375,4660
0.29999998211860657,0.8947368421052632,0.29999998211860657,468,0.29999998211860657,30,0.29999998211860657,961.61,0.29999998211860657,0.29999998211860657,0.29999998211860657,0.29999998211860657,0.29999998211860657,61341696,0.29999998211860657,7282,1.5535488721804522,8423,0.29999998211860657,1.9849624060150375,0.29999998211860657,0.29999998211860657,0.29999998211860657,0.29999998211860657,0.29999998211860657,695.1004028320312,0.29999998211860657,0.29999998211860657,0.29999998211860657,0.29999998211860657,0.10526315789473684,0.8333333333333334,0.29999998211860657,0.29999998211860657,0.29999998211860657,0.29999998211860657,1.6761348711548103,0.00401702880859375,0.29999998211860657,0.29999998211860657,0.29999998211860657,0.2,0.7651137113571167,1.0,-0.19421204924583435,8,0.0017791007,119,27,17,16,-5.374142646789551,0.30000001192092896,0.8333333333333334,18,-0.0037484953310467973,0.7647058823529411,1e-05,0.11706093247630633,0.07151260375976562,0.1,1.0,0.875,0.0,17,1.0,4670
0.29999998211860657,0.8970588235294118,0.29999998211860657,469,0.29999998211860657,18,0.29999998211860657,959.9,0.29999998211860657,0.29999998211860657,0.29999998211860657,0.29999998211860657,0.29999998211860657,61472768,0.29999998211860657,7282,1.5481617647058834,8440,0.29999998211860657,1.8529411764705883,0.29999998211860657,0.29999998211860657,0.29999998211860657,0.29999998211860657,0.29999998211860657,689.413818359375,0.29999998211860657,0.29999998211860657,0.29999998211860657,0.29999998211860657,0.10294117647058823,0.8888888888888888,0.29999998211860657,0.29999998211860657,0.29999998211860657,0.29999998211860657,1.6070016284545285,0.004056091308593751,0.29999998211860657,0.29999998211860657,0.29999998211860657,0.2,0.7237114906311035,0.9473684210526315,-0.0690203309059143,19,0.001883944,122,25,25,13,-5.374142646789551,0.30000001192092896,0.8181818181818182,22,-0.0037099852107076005,0.84,1e-05,0.15718239595007616,0.072772216796875,0.1,1.0,0.7692307692307693,0.0,14,1.0,4680
0.29999998211860657,0.9635036496350365,0.29999998211860657,470,0.29999998211860657,21,0.29999998211860657,985.41,0.29999998211860657,0.29999998211860657,0.29999998211860657,0.29999998211860657,0.29999998211860657,61603840,0.29999998211860657,7283,1.555270072992702,8458,0.29999998211860657,1.854014598540146,0.29999998211860657,0.29999998211860657,0.29999998211860657,0.29999998211860657,0.29999998211860657,712.876953125,0.29999998211860657,0.29999998211860657,0.29999998211860657,0.29999998211860657,0.0364963503649635,0.9523809523809523,0.29999998211860657,0.29999998211860657,0.29999998211860657,0.29999998211860657,1.4299470600548911,0.00411407470703125,0.29999998211860657,0.29999998211860657,0.29999998211860657,0.2,0.7269235849380493,1.0,-0.11515207588672638,17,0.0017890566,132,29,25,15,-5.374142646789551,0.30000001192092896,0.8666666666666667,15,-0.0037046656168058687,0.92,1e-05,0.1396216627501417,0.07084426879882813,0.1,1.0,1.0,0.0,15,1.0,4690
0.29999998211860657,0.9166666666666666,0.29999998211860657,471,0.29999998211860657,17,0.29999998211860657,950.74,0.29999998211860657,0.29999998211860657,0.29999998211860657,0.29999998211860657,0.29999998211860657,61734912,0.29999998211860657,7283,1.542696969696971,8475,0.29999998211860657,2.2954545454545454,0.29999998211860657,0.29999998211860657,0.29999998211860657,0.29999998211860657,0.29999998211860657,679.6504516601562,0.29999998211860657,0.29999998211860657,0.29999998211860657,0.29999998211860657,0.08333333333333333,0.8823529411764706,0.29999998211860657,0.29999998211860657,0.29999998211860657,0.29999998211860657,1.6782196084582244,0.00401031494140625,0.29999998211860657,0.29999998211860657,0.29999998211860657,0.2,0.6133327484130859,1.0,-0.1940300166606903,8,0.0018150702,121,22,32,19,-5.374142646789551,0.30000001192092896,1.0,17,-0.003637732551305817,0.78125,1e-05,0.09875597866193857,0.07097854614257812,0.1,1.0,0.9473684210526315,0.0,17,0.9411764705882353,4700
0.29999998211860657,0.9290780141843972,0.29999998211860657,472,0.29999998211860657,13,0.29999998211860657,971.4,0.29999998211860657,0.29999998211860657,0.29999998211860657,0.29999998211860657,0.29999998211860657,61865984,0.29999998211860657,7285,1.576368794326242,8492,0.29999998211860657,1.872340425531915,0.29999998211860657,0.29999998211860657,0.29999998211860657,0.29999998211860657,0.29999998211860657,704.0726318359375,0.29999998211860657,0.29999998211860657,0.29999998211860657,0.29999998211860657,0.07092198581560284,0.9230769230769231,0.29999998211860657,0.29999998211860657,0.29999998211860657,0.29999998211860657,1.6457104383234902,0.00408172607421875,0.29999998211860657,0.29999998211860657,0.29999998211860657,0.2,0.6732633113861084,0.9375,-0.17559389770030975,16,0.0017813236,131,23,27,12,-5.374142646789551,0.30000001192092896,0.9333333333333333,30,-0.0037502829416553142,0.8518518518518519,1e-05,0.1379724367230665,0.06725387573242188,0.1,1.0,0.8333333333333334,0.0,20,1.0,4710
0.29999998211860657,0.8939393939393939,0.29999998211860657,473,0.29999998211860657,20,0.29999998211860657,961.77,0.29999998211860657,0.29999998211860657,0.29999998211860657,0.29999998211860657,0.29999998211860657,61997056,0.29999998211860657,7285,1.5420757575757587,8509,0.29999998211860657,1.9772727272727273,0.29999998211860657,0.29999998211860657,0.29999998211860657,0.29999998211860657,0.29999998211860657,686.790771484375,0.29999998211860657,0.29999998211860657,0.29999998211860657,0.29999998211860657,0.10606060606060606,0.8,0.29999998211860657,0.29999998211860657,0.29999998211860657,0.29999998211860657,1.6039155278242436,0.00414093017578125,0.29999998211860657,0.29999998211860657,0.29999998211860657,0.2,0.7213765978813171,0.9230769230769231,-0.1916312873363495,13,0.0018595639,118,26,19,20,-5.374142646789551,0.30000001192092896,1.0,17,-0.003560822907184047,0.7894736842105263,1e-05,0.11189480633765925,0.07105484008789062,0.1,1.0,0.8,0.0,17,0.9411764705882353,4720
0.29999998211860657,0.9402985074626866,0.29999998211860657,474,0.29999998211860657,22,0.29999998211860657,974.58,0.29999998211860657,0.29999998211860657,0.29999998211860657,0.29999998211860657,0.29999998211860657,62128128,0.29999998211860657,7286,1.5623283582089562,8526,0.29999998211860657,1.7686567164179106,0.29999998211860657,0.29999998211860657,0.29999998211860657,0.29999998211860657,0.29999998211860657,711.4974975585938,0.29999998211860657,0.29999998211860657,0.29999998211860657,0.29999998211860657,0.05970149253731343,0.9090909090909091,0.29999998211860657,0.29999998211860657,0.29999998211860657,0.29999998211860657,1.355191125147304,0.004017944335937501,0.29999998211860657,0.29999998211860657,0.29999998211860657,0.2,0.8048686981201172,0.9565217391304348,-0.14615696668624878,23,0.001858983,126,29,18,18,-5.374142646789551,0.30000001192092896,0.9285714285714286,14,-0.0041426950356253656,0.8333333333333334,1e-05,0.12523477146751247,0.07341079711914063,0.1,1.0,0.9444444444444444,0.0,10,1.0,4730
0.29999998211860657,0.9708029197080292,0.29999998211860657,475,0.29999998211860657,18,0.29999998211860657,978.81,0.29999998211860657,0.29999998211860657,0.29999998211860657,0.29999998211860657,0.29999998211860657,62259200,0.29999998211860657,7286,1.5541459854014612,8544,0.29999998211860657,1.8102189781021898,0.29999998211860657,0.29999998211860657,0.29999998211860657,0.29999998211860657,0.29999998211860657,710.9744262695312,0.29999998211860657,0.29999998211860657,0.29999998211860657,0.29999998211860657,0.029197080291970802,0.9444444444444444,0.29999998211860657,0.29999998211860657,0.29999998211860657,0.29999998211860657,1.3571048083417359,0.004103698730468751,0.29999998211860657,0.29999998211860657,0.29999998211860657,0.2,0.6498351097106934,0.9166666666666666,-0.12669067084789276,12,0.0017835405,133,31,20,17,-5.374142646789551,0.30000001192092896,0.9523809523809523,21,-0.0036904818987750334,1.0,1e-05,0.11348247335990891,0.06595611572265625,0.1,1.0,0.9411764705882353,0.0,18,1.0,4740
0.29999998211860657,0.952755905511811,0.29999998211860657,476,0.29999998211860657,18,0.29999998211860657,980.12,0.29999998211860657,0.29999998211860657,0.29999998211860657,0.29999998211860657,0.29999998211860657,62390272,0.29999998211860657,7287,1.556173228346458,8561,0.29999998211860657,2.141732283464567,0.29999998211860657,0.29999998211860657,0.29999998211860657,0.29999998211860657,0.29999998211860657,713.8095092773438,0.29999998211860657,0.29999998211860657,0.29999998211860657,0.29999998211860657,0.047244094488188976,0.9444444444444444,0.29999998211860657,0.29999998211860657,0.29999998211860657,0.29999998211860657,1.5118219144060479,0.0040704345703125,0.29999998211860657,0.29999998211860657,0.29999998211860657,0.2,0.6937321424484253,1.0,-0.1572149395942688,13,0.0017576399,121,19,23,17,-5.374142646789551,0.30000001192092896,0.8695652173913043,23,-0.0033659907143828603,0.9130434782608695,1e-05,0.09708712215942797,0.06846923828125,0.1,1.0,1.0,0.0,14,1.0,4750
0.29999998211860657,0.9230769230769231,0.29999998211860657,477,0.29999998211860657,11,0.29999998211860657,954.06,0.29999998211860657,0.29999998211860657,0.29999998211860657,0.29999998211860657,0.29999998211860657,62521344,0.29999998211860657,7288,1.5652587412587424,8578,0.29999998211860657,1.6783216783216783,0.29999998211860657,0.29999998211860657,0.29999998211860657,0.29999998211860657,0.29999998211860657,692.2179565429688,0.29999998211860657,0.29999998211860657,0.29999998211860657,0.29999998211860657,0.07692307692307693,1.0,0.29999998211860657,0.29999998211860657,0.29999998211860657,0.29999998211860657,1.491983204589317,0.0041314697265625,0.29999998211860657,0.29999998211860657,0.29999998211860657,0.2,0.7619354724884033,1.0,-0.18072998523712158,18,0.0017708528,132,32,22,17,-5.374142646789551,0.30000001192092896,0.8260869565217391,23,-0.003683838772303716,0.7727272727272727,1e-05,0.09154297990316991,0.06739120483398438,0.1,0.96875,1.0,0.0,20,0.95,4760
0.29999998211860657,0.916030534351145,0.29999998211860657,478,0.29999998211860657,18,0.29999998211860657,952.88,0.29999998211860657,0.29999998211860657,0.29999998211860657,0.29999998211860657,0.29999998211860657,62652416,0.29999998211860657,7288,1.56720610687023,8595,0.29999998211860657,2.015267175572519,0.29999998211860657,0.29999998211860657,0.29999998211860657,0.29999998211860657,0.29999998211860657,695.3292846679688,0.29999998211860657,0.29999998211860657,0.29999998211860657,0.29999998211860657,0.08396946564885496,1.0,0.29999998211860657,0.29999998211860657,0.29999998211860657,0.29999998211860657,1.6789847148498638,0.004110107421875,0.29999998211860657,0.29999998211860657,0.29999998211860657,0.2,0.7555592656135559,1.0,-0.1578204333782196,16,0.0017528806,120,25,21,21,-5.374142646789551,0.30000001192092896,0.875,16,-0.004077284243658141,0.5714285714285714,1e-05,0.1175281123694731,0.06615982055664063,0.1,1.0,1.0,0.0,14,1.0,4770
0.29999998211860657,0.9295774647887324,0.29999998211860657,479,0.29999998211860657,21,0.29999998211860657,946.49,0.29999998211860657,0.29999998211860657,0.29999998211860657,0.29999998211860657,0.29999998211860657,62783488,0.29999998211860657,7289,1.557225352112677,8613,0.29999998211860657,2.0211267605633805,0.29999998211860657,0.29999998211860657,0.29999998211860657,0.29999998211860657,0.29999998211860657,681.6793823242188,0.29999998211860657,0.29999998211860657,0.29999998211860657,0.29999998211860657,0.07042253521126761,0.9047619047619048,0.29999998211860657,0.29999998211860657,0.29999998211860657,0.29999998211860657,1.6392163739306522,0.00420379638671875,0.29999998211860657,0.29999998211860657,0.29999998211860657,0.2,0.7073615789413452,1.0,-0.12256449460983276,13,0.0017980973,132,27,28,18,-5.374142646789551,0.30000001192092896,1.0,14,-0.0037810419678862674,0.75,1e-05,0.12821588436199818,0.07109909057617188,0.1,1.0,0.9444444444444444,0.0,21,1.0,4780
0.29999998211860657,0.9104477611940298,0.29999998211860657,480,0.29999998211860657,15,0.29999998211860657,950.61,0.29999998211860657,0.29999998211860657,0.29999998211860657,0.29999998211860657,0.29999998211860657,62914560,0.29999998211860657,7289,1.5371641791044788,8630,0.29999998211860657,1.835820895522388,0.29999998211860657,0.29999998211860657,0.29999998211860657,0.29999998211860657,0.29999998211860657,684.3230590820312,0.29999998211860657,0.29999998211860657,0.29999998211860657,0.29999998211860657,0.08955223880597014,0.7333333333333333,0.29999998211860657,0.29999998211860657,0.29999998211860657,0.29999998211860657,1.647763633868756,0.00421783447265625,0.29999998211860657,0.29999998211860657,0.29999998211860657,0.2,0.6936933994293213,1.0,-0.17869333922863007,24,0.0017856539,122,22,16,21,-5.374142640456557,0.30000001192092896,0.7777777777777778,18,-0.0034148726535022434,0.75,1e-05,0.12130856439180207,0.06715545654296876,0.1,1.0,1.0,0.0,18,1.0,4790
0.29999998211860657,0.9253731343283582,0.29999998211860657,481,0.29999998211860657,11,0.29999998211860657,967.61,0.29999998211860657,0.29999998211860657,0.29999998211860657,0.29999998211860657,0.29999998211860657,63045632,0.29999998211860657,7289,1.5534029850746283,8648,0.29999998211860657,1.6194029850746268,0.29999998211860657,0.29999998211860657,0.29999998211860657,0.29999998211860657,0.29999998211860657,698.3970947265625,0.29999998211860657,0.29999998211860657,0.29999998211860657,0.29999998211860657,0.07462686567164178,0.9090909090909091,0.29999998211860657,0.29999998211860657,0.29999998211860657,0.29999998211860657,1.5241726468668202,0.00430328369140625,0.29999998211860657,0.29999998211860657,0.29999998211860657,0.2,0.7585185766220093,1.0,-0.2054726630449295,20,0.0018012434,124,27,19,14,-5.374142646789551,0.30000001192092896,0.9090909090909091,22,-0.003795303323522603,0.7894736842105263,1e-05,0.13291892833076419,0.06984786987304688,0.1,0.9629629629629629,0.8571428571428571,0.0,21,1.0,4800
0.29999998211860657,0.9057971014492754,0.29999998211860657,482,0.29999998211860657,14,0.29999998211860657,962.73,0.29999998211860657,0.29999998211860657,0.29999998211860657,0.29999998211860657,0.29999998211860657,63176704,0.29999998211860657,7288,1.5432753623188418,8667,0.29999998211860657,1.8333333333333333,0.29999998211860657,0.29999998211860657,0.29999998211860657,0.29999998211860657,0.29999998211860657,693.576416015625,0.29999998211860657,0.29999998211860657,0.29999998211860657,0.29999998211860657,0.09420289855072464,0.7857142857142857,0.29999998211860657,0.29999998211860657,0.29999998211860657,0.29999998211860657,1.5255906084651005,0.00433258056640625,0.29999998211860657,0.29999998211860657,0.29999998211860657,0.2,0.795748233795166,1.0,-0.17735153436660767,17,0.0017493074,125,29,20,20,-5.374142646417022,0.30000001192092896,0.7272727272727273,22,-0.0037205664122666347,0.8,1e-05,0.10907534937432502,0.06506805419921875,0.1,1.0,1.0,0.0,16,1.0,4810
0.29999998211860657,0.9153846153846154,0.29999998211860657,483,0.29999998211860657,17,0.29999998211860657,962.99,0.29999998211860657,0.29999998211860657,0.29999998211860657,0.29999998211860657,0.29999998211860657,63307776,0.29999998211860657,7288,1.5684153846153857,8686,0.29999998211860657,1.8615384615384616,0.29999998211860657,0.29999998211860657,0.29999998211860657,0.29999998211860657,0.29999998211860657,697.4213256835938,0.29999998211860657,0.29999998211860657,0.29999998211860657,0.29999998211860657,0.08461538461538462,0.8235294117647058,0.29999998211860657,0.29999998211860657,0.29999998211860657,0.29999998211860657,1.7002074153045559,0.0042825317382812495,0.29999998211860657,0.29999998211860657,0.29999998211860657,0.2,0.7963811159133911,1.0,-0.07731731235980988,18,0.0017688901,119,23,20,17,-5.374142646789551,0.30000001192092896,0.7857142857142857,14,-0.003829473232235614,0.8,1e-05,0.14173426758497953,0.06602783203125,0.1,1.0,0.9411764705882353,0.0,21,1.0,4820
0.29999998211860657,0.9305555555555556,0.29999998211860657,484,0.29999998211860657,20,0.29999998211860657,972.58,0.29999998211860657,0.29999998211860657,0.29999998211860657,0.29999998211860657,0.29999998211860657,63438848,0.29999998211860657,7287,1.5546111111111123,8705,0.29999998211860657,1.6805555555555556,0.29999998211860657,0.29999998211860657,0.29999998211860657,0.29999998211860657,0.29999998211860657,700.5739135742188,0.29999998211860657,0.29999998211860657,0.29999998211860657,0.29999998211860657,0.06944444444444445,0.85,0.29999998211860657,0.29999998211860657,0.29999998211860657,0.29999998211860657,1.5443166575762466,0.0042596435546874995,0.29999998211860657,0.29999998211860657,0.29999998211860657,0.2,0.6568129658699036,1.0,-0.16440460085868835,20,0.0018172883,134,34,20,16,-5.374142646789551,0.30000001192092896,0.9545454545454546,22,-0.003420883706985478,0.8,1e-05,0.12225264608860016,0.06790847778320312,0.1,1.0,0.875,0.0,12,1.0,4830
0.29999998211860657,0.9274193548387096,0.29999998211860657,485,0.29999998211860657,16,0.29999998211860657,970.37,0.29999998211860657,0.29999998211860657,0.29999998211860657,0.29999998211860657,0.29999998211860657,63569920,0.29999998211860657,7287,1.5603709677419368,8723,0.29999998211860657,1.5806451612903225,0.29999998211860657,0.29999998211860657,0.29999998211860657,0.29999998211860657,0.29999998211860657,700.8356323242188,0.29999998211860657,0.29999998211860657,0.29999998211860657,0.29999998211860657,0.07258064516129033,0.8125,0.29999998211860657,0.29999998211860657,0.29999998211860657,0.29999998211860657,1.3971927951398408,0.00430267333984375,0.29999998211860657,0.29999998211860657,0.29999998211860657,0.2,0.6423764824867249,1.0,-0.1507793366909027,10,0.0018201756,115,38,23,10,-5.374142646789551,0.30000001192092896,0.9411764705882353,17,-0.003722367309137553,0.8260869565217391,1e-05,0.1339047118468443,0.07161102294921876,0.1,0.9736842105263158,1.0,0.0,10,1.0,4840
0.29999998211860657,0.9383561643835616,0.29999998211860657,486,0.29999998211860657,13,0.29999998211860657,969.58,0.29999998211860657,0.29999998211860657,0.29999998211860657,0.29999998211860657,0.29999998211860657,63700992,0.29999998211860657,7286,1.5486575342465765,8742,0.29999998211860657,1.6027397260273972,0.29999998211860657,0.29999998211860657,0.29999998211860657,0.29999998211860657,0.29999998211860657,702.3828125,0.29999998211860657,0.29999998211860657,0.29999998211860657,0.29999998211860657,0.06164383561643835,0.8461538461538461,0.29999998211860657,0.29999998211860657,0.29999998211860657,0.29999998211860657,1.5693550993156433,0.004382324218749999,0.29999998211860657,0.29999998211860657,0.29999998211860657,0.2,0.7327883839607239,1.0,-0.2099216729402542,27,0.0017656931,137,27,19,15,-5.374142646789551,0.30000001192092896,0.8461538461538461,26,-0.003965025267871169,0.8421052631578947,1e-05,0.10040466279606335,0.067083740234375,0.1,1.0,1.0,0.0,19,1.0,4850
0.29999998211860657,0.9230769230769231,0.29999998211860657,487,0.29999998211860657,17,0.29999998211860657,973.97,0.29999998211860657,0.29999998211860657,0.29999998211860657,0.29999998211860657,0.29999998211860657,63832064,0.29999998211860657,7285,1.555846153846155,8761,0.29999998211860657,1.853846153846154,0.29999998211860657,0.29999998211860657,0.29999998211860657,0.29999998211860657,0.29999998211860657,704.4297485351562,0.29999998211860657,0.29999998211860657,0.29999998211860657,0.29999998211860657,0.07692307692307693,0.7647058823529411,0.29999998211860657,0.29999998211860657,0.29999998211860657,0.29999998211860657,1.5778262256495554,0.004381103515625,0.29999998211860657,0.29999998211860657,0.29999998211860657,0.2,0.6638129353523254,1.0,-0.20223891735076904,12,0.001841856,120,27,18,18,-5.374142646789551,0.30000001192092896,0.9411764705882353,17,-0.0036122988851730042,0.7777777777777778,1e-05,0.11720740541932173,0.0729156494140625,0.1,1.0,1.0,0.0,21,0.9523809523809523,4860
0.29999998211860657,0.8958333333333334,0.29999998211860657,488,0.29999998211860657,24,0.29999998211860657,953.85,0.29999998211860657,0.29999998211860657,0.29999998211860657,0.29999998211860657,0.29999998211860657,63963136,0.29999998211860657,7284,1.5587361111111122,8780,0.29999998211860657,1.5625,0.29999998211860657,0.29999998211860657,0.29999998211860657,0.29999998211860657,0.29999998211860657,690.9071044921875,0.29999998211860657,0.29999998211860657,0.29999998211860657,0.29999998211860657,0.10416666666666667,0.875,0.29999998211860657,0.29999998211860657,0.29999998211860657,0.29999998211860657,1.4970586076338357,0.004407958984375,0.29999998211860657,0.29999998211860657,0.29999998211860657,0.2,0.7338458299636841,1.0,-0.1958692967891693,22,0.0017878348,129,34,19,12,-5.374142646789551,0.30000001192092896,0.7222222222222222,18,-0.0038516269190040477,0.7894736842105263,1e-05,0.12304861758602784,0.07188949584960938,0.1,0.9705882352941176,0.9166666666666666,0.0,15,0.9333333333333333,4870
0.29999998211860657,0.9206349206349206,0.29999998211860657,489,0.29999998211860657,20,0.29999998211860657,973.1,0.29999998211860657,0.29999998211860657,0.29999998211860657,0.29999998211860657,0.29999998211860657,64094208,0.29999998211860657,7284,1.549793650793652,8799,0.29999998211860657,2.1746031746031744,0.29999998211860657,0.29999998211860657,0.29999998211860657,0.29999998211860657,0.29999998211860657,699.0518188476562,0.29999998211860657,0.29999998211860657,0.29999998211860657,0.29999998211860657,0.07936507936507936,0.85,0.29999998211860657,0.29999998211860657,0.29999998211860657,0.29999998211860657,1.7411991506244084,0.00440185546875,0.29999998211860657,0.29999998211860657,0.29999998211860657,0.2,0.6974771022796631,0.9285714285714286,-0.11204767227172852,14,0.0018112671,116,16,24,17,-5.374142646789551,0.30000001192092896,0.9285714285714286,14,-0.0036540558039632742,0.7916666666666666,1e-05,0.1578344651235966,0.07208709716796875,0.1,1.0,1.0,0.0,21,1.0,4880
0.29999998211860657,0.9285714285714286,0.29999998211860657,490,0.29999998211860657,12,0.29999998211860657,958.52,0.29999998211860657,0.29999998211860657,0.29999998211860657,0.29999998211860657,0.29999998211860657,64225280,0.29999998211860657,7283,1.5686714285714296,8818,0.29999998211860657,1.4857142857142858,0.29999998211860657,0.29999998211860657,0.29999998211860657,0.29999998211860657,0.29999998211860657,695.19140625,0.29999998211860657,0.29999998211860657,0.29999998211860657,0.29999998211860657,0.07142857142857142,0.9166666666666666,0.29999998211860657,0.29999998211860657,0.29999998211860657,0.29999998211860657,1.4103829663207814,0.0043426513671875,0.29999998211860657,0.29999998211860657,0.29999998211860657,0.2,0.7362607717514038,1.0,-0.18057414889335632,15,0.001815215,130,38,18,14,-5.374142646789551,0.30000001192092896,0.8,25,-0.003554412831999798,0.7777777777777778,1e-05,0.11405252079712228,0.07110595703125,0.1,1.0,1.0,0.0,18,1.0,4890
0.29999998211860657,0.9534883720930233,0.29999998211860657,491,0.29999998211860657,15,0.29999998211860657,982.93,0.29999998211860657,0.29999998211860657,0.29999998211860657,0.29999998211860657,0.29999998211860657,64356352,0.29999998211860657,7282,1.563767441860466,8837,0.29999998211860657,1.751937984496124,0.29999998211860657,0.29999998211860657,0.29999998211860657,0.29999998211860657,0.29999998211860657,716.0114135742188,0.29999998211860657,0.29999998211860657,0.29999998211860657,0.29999998211860657,0.046511627906976744,0.8666666666666667,0.29999998211860657,0.29999998211860657,0.29999998211860657,0.29999998211860657,1.6884933170692284,0.004464111328124999,0.29999998211860657,0.29999998211860657,0.29999998211860657,0.2,0.6474434733390808,1.0,-0.17578944563865662,22,0.0017656274,123,21,16,16,-5.374142646789551,0.30000001192092896,0.8947368421052632,19,-0.003580600424311342,0.9375,1e-05,0.11127098913711961,0.06868667602539062,0.1,1.0,0.9375,0.0,20,1.0,4900
0.29999998211860657,0.9290780141843972,0.29999998211860657,492,0.29999998211860657,22,0.29999998211860657,982.15,0.29999998211860657,0.29999998211860657,0.29999998211860657,0.29999998211860657,0.29999998211860657,64487424,0.29999998211860657,7281,1.5862411347517744,8856,0.29999998211860657,1.8439716312056738,0.29999998211860657,0.29999998211860657,0.29999998211860657,0.29999998211860657,0.29999998211860657,708.6443481445312,0.29999998211860657,0.29999998211860657,0.29999998211860657,0.29999998211860657,0.07092198581560284,0.9545454545454546,0.29999998211860657,0.29999998211860657,0.29999998211860657,0.29999998211860657,1.5165489231890255,0.0043890380859375,0.29999998211860657,0.29999998211860657,0.29999998211860657,0.2,0.7177774906158447,1.0,-0.15008430182933807,13,0.0018252622,131,33,19,20,-5.374142646789551,0.30000001192092896,0.7647058823529411,17,-0.003433186332995319,0.8947368421052632,1e-05,0.10399445404764265,0.07082748413085938,0.1,1.0,0.85,0.0,17,1.0,4910
0.29999998211860657,0.9097744360902256,0.29999998211860657,493,0.29999998211860657,16,0.29999998211860657,959.57,0.29999998211860657,0.29999998211860657,0.29999998211860657,0.29999998211860657,0.29999998211860657,64618496,0.29999998211860657,7280,1.5774436090225576,8874,0.29999998211860657,1.962406015037594,0.29999998211860657,0.29999998211860657,0.29999998211860657,0.29999998211860657,0.29999998211860657,701.455810546875,0.29999998211860657,0.29999998211860657,0.29999998211860657,0.29999998211860657,0.09022556390977443,0.875,0.29999998211860657,0.29999998211860657,0.29999998211860657,0.29999998211860657,1.666679916473935,0.00444671630859375,0.29999998211860657,0.29999998211860657,0.29999998211860657,0.2,0.6444947719573975,1.0,-0.16748195886611938,15,0.0017367841,121,26,24,18,-5.374142646789551,0.30000001192092896,0.6842105263157895,19,-0.0034838503405808297,0.875,1e-05,0.11204225670662708,0.06667861938476563,0.1,1.0,0.9444444444444444,0.0,15,1.0,4920
0.29999998211860657,0.927007299270073,0.29999998211860657,494,0.29999998211860657,23,0.29999998211860657,966.24,0.29999998211860657,0.29999998211860657,0.29999998211860657,0.29999998211860657,0.29999998211860657,64749568,0.29999998211860657,7280,1.5468759124087603,8893,0.29999998211860657,2.0802919708029197,0.29999998211860657,0.29999998211860657,0.29999998211860657,0.29999998211860657,0.29999998211860657,697.24853515625,0.29999998211860657,0.29999998211860657,0.29999998211860657,0.29999998211860657,0.072992700729927,0.9130434782608695,0.29999998211860657,0.29999998211860657,0.29999998211860657,0.29999998211860657,1.6714880990743874,0.004493713378906251,0.29999998211860657,0.29999998211860657,0.29999998211860657,0.2,0.7294191122055054,1.0,-0.15221354365348816,22,0.001866959,127,14,19,17,-5.374142646789551,0.30000001192092896,0.8888888888888888,27,-0.0037617990887611084,0.7894736842105263,1e-05,0.15290988413617015,0.0781036376953125,0.1,1.0,0.9411764705882353,0.0,15,1.0,4930
0.29999998211860657,0.9485294117647058,0.29999998211860657,495,0.29999998211860657,22,0.29999998211860657,979.96,0.29999998211860657,0.29999998211860657,0.29999998211860657,0.29999998211860657,0.29999998211860657,64880640,0.29999998211860657,7279,1.5756176470588248,8913,0.29999998211860657,1.9191176470588236,0.29999998211860657,0.29999998211860657,0.29999998211860657,0.29999998211860657,0.29999998211860657,712.1883544921875,0.29999998211860657,0.29999998211860657,0.29999998211860657,0.29999998211860657,0.051470588235294115,0.7727272727272727,0.29999998211860657,0.29999998211860657,0.29999998211860657,0.29999998211860657,1.5745943717604944,0.0044732666015624995,0.29999998211860657,0.29999998211860657,0.29999998211860657,0.2,0.6482720375061035,1.0,-0.1083904355764389,15,0.001828901,129,26,20,17,-5.374142646789551,0.30000001192092896,1.0,20,-0.0034635272907962643,0.9,1e-05,0.12513411805557553,0.07330780029296875,0.1,1.0,1.0,0.0,16,1.0,4940
0.29999998211860657,0.9612403100775194,0.29999998211860657,496,0.29999998211860657,23,0.29999998211860657,984.68,0.29999998211860657,0.29999998211860657,0.29999998211860657,0.29999998211860657,0.29999998211860657,65011712,0.29999998211860657,7279,1.5730077519379857,8931,0.29999998211860657,2.1627906976744184,0.29999998211860657,0.29999998211860657,0.29999998211860657,0.29999998211860657,0.29999998211860657,713.1404418945312,0.29999998211860657,0.29999998211860657,0.29999998211860657,0.29999998211860657,0.03875968992248062,0.9565217391304348,0.29999998211860657,0.29999998211860657,0.29999998211860657,0.29999998211860657,1.7732580492260466,0.004490661621093749,0.29999998211860657,0.29999998211860657,0.29999998211860657,0.2,0.6969499588012695,1.0,-0.1361979991197586,16,0.0017885978,124,19,19,21,-5.374142646789551,0.30000001192092896,0.8823529411764706,17,-0.003587548025916476,0.9473684210526315,1e-05,0.11417051691678352,0.069122314453125,0.1,1.0,0.9523809523809523,0.0,14,1.0,4950
0.29999998211860657,0.935251798561151,0.29999998211860657,497,0.29999998211860657,22,0.29999998211860657,959.33,0.29999998211860657,0.29999998211860657,0.29999998211860657,0.29999998211860657,0.29999998211860657,65142784,0.29999998211860657,7278,1.5877985611510803,8950,0.29999998211860657,1.8920863309352518,0.29999998211860657,0.29999998211860657,0.29999998211860657,0.29999998211860657,0.29999998211860657,694.328125,0.29999998211860657,0.29999998211860657,0.29999998211860657,0.29999998211860657,0.06474820143884892,0.7727272727272727,0.29999998211860657,0.29999998211860657,0.29999998211860657,0.29999998211860657,1.6224574101041092,0.004512939453125,0.29999998211860657,0.29999998211860657,0.29999998211860657,0.2,0.6604611873626709,1.0,-0.22197705507278442,16,0.0017568929,130,20,18,13,-5.374142646789551,0.30000001192092896,0.9333333333333333,30,-0.00316432801623705,0.8888888888888888,1e-05,0.0750411247368902,0.06843414306640624,0.1,1.0,1.0,0.0,20,1.0,4960
0.29999998211860657,0.916030534351145,0.29999998211860657,498,0.29999998211860657,18,0.29999998211860657,959.11,0.29999998211860657,0.29999998211860657,0.29999998211860657,0.29999998211860657,0.29999998211860657,65273856,0.29999998211860657,7277,1.5760458015267187,8968,0.29999998211860657,1.6793893129770991,0.29999998211860657,0.29999998211860657,0.29999998211860657,0.29999998211860657,0.29999998211860657,692.9754028320312,0.29999998211860657,0.29999998211860657,0.29999998211860657,0.29999998211860657,0.08396946564885496,0.8333333333333334,0.29999998211860657,0.29999998211860657,0.29999998211860657,0.29999998211860657,1.5245150525963378,0.0044226074218750005,0.29999998211860657,0.29999998211860657,0.29999998211860657,0.2,0.7191766500473022,1.0,-0.1921689808368683,17,0.0017878442,120,34,17,18,-5.374142645671964,0.30000001192092896,0.8666666666666667,15,-0.003782542131102673,0.7058823529411765,1e-05,0.11245495283219498,0.07274246215820312,0.1,1.0,1.0,0.0,12,0.9166666666666666,4970
0.29999998211860657,0.9338235294117647,0.29999998211860657,499,0.29999998211860657,16,0.29999998211860657,968.58,0.29999998211860657,0.29999998211860657,0.29999998211860657,0.29999998211860657,0.29999998211860657,65404928,0.29999998211860657,7277,1.548014705882354,8986,0.29999998211860657,2.161764705882353,0.29999998211860657,0.29999998211860657,0.29999998211860657,0.29999998211860657,0.29999998211860657,698.330078125,0.29999998211860657,0.29999998211860657,0.29999998211860657,0.29999998211860657,0.0661764705882353,0.75,0.29999998211860657,0.29999998211860657,0.29999998211860657,0.29999998211860657,1.506163434557538,0.0044281005859375,0.29999998211860657,0.29999998211860657,0.29999998211860657,0.2,0.7148487567901611,0.9333333333333333,-0.17833802103996277,15,0.0018096743,127,28,27,26,-5.374142646789551,0.30000001192092896,0.9166666666666666,12,-0.003982413537141838,0.9629629629629629,1e-05,0.12368304485280532,0.07337417602539062,0.1,1.0,0.9230769230769231,0.0,12,1.0,4980
0.29999998211860657,0.9848484848484849,0.29999998211860657,500,0.29999998211860657,15,0.29999998211860657,986.43,0.29999998211860657,0.29999998211860657,0.29999998211860657,0.29999998211860657,0.29999998211860657,65536000,0.29999998211860657,7278,1.5586515151515161,9004,0.29999998211860657,2.022727272727273,0.29999998211860657,0.29999998211860657,0.29999998211860657,0.29999998211860657,0.29999998211860657,717.6212768554688,0.29999998211860657,0.29999998211860657,0.29999998211860657,0.29999998211860657,0.015151515151515152,1.0,0.29999998211860657,0.29999998211860657,0.29999998211860657,0.29999998211860657,1.6518696199027187,0.00455902099609375,0.29999998211860657,0.29999998211860657,0.29999998211860657,0.2,0.7179652452468872,1.0,-0.18063847720623016,13,0.0017562511,130,22,16,24,-5.374142646789551,0.30000001192092896,1.0,18,-0.003526778203013237,0.9375,1e-05,0.10923142562096473,0.07151260375976562,0.1,1.0,1.0,0.0,24,0.9583333333333334,4990
0.29999998211860657,0.9485294117647058,0.29999998211860657,501,0.29999998211860657,25,0.29999998211860657,977.87,0.29999998211860657,0.29999998211860657,0.29999998211860657,0.29999998211860657,0.29999998211860657,65667072,0.29999998211860657,7278,1.5642058823529423,9022,0.29999998211860657,1.7647058823529411,0.29999998211860657,0.29999998211860657,0.29999998211860657,0.29999998211860657,0.29999998211860657,708.9873657226562,0.29999998211860657,0.29999998211860657,0.29999998211860657,0.29999998211860657,0.051470588235294115,0.84,0.29999998211860657,0.29999998211860657,0.29999998211860657,0.29999998211860657,1.5908488123923519,0.00459381103515625,0.29999998211860657,0.29999998211860657,0.29999998211860657,0.2,0.7208079099655151,1.0,-0.20103438198566437,12,0.0017747823,129,30,18,13,-5.374142646789551,0.30000001192092896,0.95,20,-0.0035539796559987736,0.8888888888888888,1e-05,0.06153574436029885,0.06754531860351562,0.1,1.0,1.0,0.0,18,1.0,5000
0.29999998211860657,0.8985507246376812,0.29999998211860657,502,0.29999998211860657,18,0.29999998211860657,947.47,0.29999998211860657,0.29999998211860657,0.29999998211860657,0.29999998211860657,0.29999998211860657,65798144,0.29999998211860657,7278,1.546521739130436,9040,0.29999998211860657,2.217391304347826,0.29999998211860657,0.29999998211860657,0.29999998211860657,0.29999998211860657,0.29999998211860657,690.5926513671875,0.29999998211860657,0.29999998211860657,0.29999998211860657,0.29999998211860657,0.10144927536231885,0.8333333333333334,0.29999998211860657,0.29999998211860657,0.29999998211860657,0.29999998211860657,1.742132916587596,0.00456268310546875,0.29999998211860657,0.29999998211860657,0.29999998211860657,0.2,0.7097184658050537,1.0,-0.17375548183918,16,0.0017077362,124,20,30,20,-5.374142646789551,0.30000001192092896,0.8888888888888888,18,-0.003443389767062399,0.7666666666666667,1e-05,0.07918692099483451,0.061847686767578125,0.1,1.0,0.95,0.0,16,0.9375,5010
0.29999998211860657,0.9384615384615385,0.29999998211860657,503,0.29999998211860657,19,0.29999998211860657,965.63,0.29999998211860657,0.29999998211860657,0.29999998211860657,0.29999998211860657,0.29999998211860657,65929216,0.29999998211860657,7278,1.5717230769230779,9057,0.29999998211860657,2.4153846153846152,0.29999998211860657,0.29999998211860657,0.29999998211860657,0.29999998211860657,0.29999998211860657,706.3211669921875,0.29999998211860657,0.29999998211860657,0.29999998211860657,0.29999998211860657,0.06153846153846154,0.7894736842105263,0.29999998211860657,0.29999998211860657,0.29999998211860657,0.29999998211860657,1.6396209071349805,0.0045208740234375005,0.29999998211860657,0.29999998211860657,0.29999998211860657,0.2,0.6849221587181091,1.0,-0.09662109613418579,15,0.0018299972,122,14,19,29,-5.374142646789551,0.30000001192092896,1.0,16,-0.0038288534203275047,0.8421052631578947,1e-05,0.13999423695204313,0.07463455200195312,0.1,1.0,0.9655172413793104,0.0,18,1.0,5020
0.29999998211860657,0.9637681159420289,0.29999998211860657,504,0.29999998211860657,24,0.29999998211860657,974.49,0.29999998211860657,0.29999998211860657,0.29999998211860657,0.29999998211860657,0.29999998211860657,66060288,0.29999998211860657,7278,1.5539710144927548,9075,0.29999998211860657,1.9855072463768115,0.29999998211860657,0.29999998211860657,0.29999998211860657,0.29999998211860657,0.29999998211860657,708.5238037109375,0.29999998211860657,0.29999998211860657,0.29999998211860657,0.29999998211860657,0.036231884057971016,0.875,0.29999998211860657,0.29999998211860657,0.29999998211860657,0.29999998211860657,1.5849373132045252,0.0045465087890625006,0.29999998211860657,0.29999998211860657,0.29999998211860657,0.2,0.6801965236663818,1.0,-0.21647058427333832,10,0.0018265343,133,27,18,20,-5.374142646789551,0.30000001192092896,1.0,18,-0.003422217911884218,0.8888888888888888,1e-05,0.09362347675632918,0.06913833618164063,0.1,1.0,1.0,0.0,21,1.0,5030
0.29999998211860657,0.9398496240601504,0.29999998211860657,505,0.29999998211860657,15,0.29999998211860657,970.15,0.29999998211860657,0.29999998211860657,0.29999998211860657,0.29999998211860657,0.29999998211860657,66191360,0.29999998211860657,7278,1.5543157894736854,9093,0.29999998211860657,2.0150375939849625,0.29999998211860657,0.29999998211860657,0.29999998211860657,0.29999998211860657,0.29999998211860657,704.9528198242188,0.29999998211860657,0.29999998211860657,0.29999998211860657,0.29999998211860657,0.06015037593984962,0.9333333333333333,0.29999998211860657,0.29999998211860657,0.29999998211860657,0.29999998211860657,1.6106876456204677,0.004576416015624999,0.29999998211860657,0.29999998211860657,0.29999998211860657,0.2,0.7557066082954407,1.0,-0.19912880659103394,13,0.0017167527,125,26,30,16,-5.374142646789551,0.30000001192092896,0.9375,16,-0.0032915340194904275,0.8333333333333334,1e-05,0.07726781292440137,0.06662979125976562,0.1,1.0,1.0,0.0,17,0.9411764705882353,5040
0.29999998211860657,0.9230769230769231,0.29999998211860657,506,0.29999998211860657,14,0.29999998211860657,971.52,0.29999998211860657,0.29999998211860657,0.29999998211860657,0.29999998211860657,0.29999998211860657,66322432,0.29999998211860657,7278,1.5401818181818192,9111,0.29999998211860657,2.195804195804196,0.29999998211860657,0.29999998211860657,0.29999998211860657,0.29999998211860657,0.29999998211860657,706.204833984375,0.29999998211860657,0.29999998211860657,0.29999998211860657,0.29999998211860657,0.07692307692307693,0.7857142857142857,0.29999998211860657,0.29999998211860657,0.29999998211860657,0.29999998211860657,1.598595887817324,0.00459381103515625,0.29999998211860657,0.29999998211860657,0.29999998211860657,0.2,0.7174724340438843,1.0,-0.15684005618095398,12,0.0017758535,132,23,36,17,-5.374142646789551,0.30000001192092896,0.88,25,-0.003960456036020332,0.8611111111111112,1e-05,0.098797772009857,0.06877593994140625,0.1,1.0,1.0,0.0,16,1.0,5050
0.29999998211860657,0.9457364341085271,0.29999998211860657,507,0.29999998211860657,25,0.29999998211860657,980.44,0.29999998211860657,0.29999998211860657,0.29999998211860657,0.29999998211860657,0.29999998211860657,66453504,0.29999998211860657,7279,1.5592248062015517,9129,0.29999998211860657,1.8914728682170543,0.29999998211860657,0.29999998211860657,0.29999998211860657,0.29999998211860657,0.29999998211860657,711.4215698242188,0.29999998211860657,0.29999998211860657,0.29999998211860657,0.29999998211860657,0.05426356589147287,0.92,0.29999998211860657,0.29999998211860657,0.29999998211860657,0.29999998211860657,1.5502012451903537,0.00455413818359375,0.29999998211860657,0.29999998211860657,0.29999998211860657,0.2,0.7305898666381836,1.0,-0.15084291994571686,10,0.0017307512,122,25,20,12,-5.374142646789551,0.30000001192092896,0.9411764705882353,17,-0.003640065399758896,0.9,1e-05,0.12273472367669455,0.06597442626953125,0.1,1.0,0.9166666666666666,0.0,20,0.95,5060
0.29999998211860657,0.9716312056737588,0.29999998211860657,508,0.29999998211860657,19,0.29999998211860657,979.48,0.29999998211860657,0.29999998211860657,0.29999998211860657,0.29999998211860657,0.29999998211860657,66584576,0.29999998211860657,7279,1.568794326241136,9147,0.29999998211860657,1.7375886524822695,0.29999998211860657,0.29999998211860657,0.29999998211860657,0.29999998211860657,0.29999998211860657,716.79443359375,0.29999998211860657,0.29999998211860657,0.29999998211860657,0.29999998211860657,0.028368794326241134,0.9473684210526315,0.29999998211860657,0.29999998211860657,0.29999998211860657,0.29999998211860657,1.5965246231950034,0.0046002197265625,0.29999998211860657,0.29999998211860657,0.29999998211860657,0.2,0.6613541841506958,1.0,-0.2018701136112213,19,0.0017490177,137,28,18,17,-5.374142646789551,0.30000001192092896,0.8947368421052632,19,-0.0036321379218861695,0.9444444444444444,1e-05,0.09560311160748824,0.06916427612304688,0.1,1.0,1.0,0.0,21,1.0,5070
0.29999998211860657,0.92,0.29999998211860657,509,0.29999998211860657,16,0.29999998211860657,973.79,0.29999998211860657,0.29999998211860657,0.29999998211860657,0.29999998211860657,0.29999998211860657,66715648,0.29999998211860657,7279,1.5656800000000015,9164,0.29999998211860657,2.176,0.29999998211860657,0.29999998211860657,0.29999998211860657,0.29999998211860657,0.29999998211860657,712.4766235351562,0.29999998211860657,0.29999998211860657,0.29999998211860657,0.29999998211860657,0.08,0.6875,0.29999998211860657,0.29999998211860657,0.29999998211860657,0.29999998211860657,1.6268574676451417,0.00458984375,0.29999998211860657,0.29999998211860657,0.29999998211860657,0.2,0.6125956773757935,1.0,-0.09499889612197876,12,0.0017134137,115,20,22,21,-5.374142646789551,0.30000001192092896,0.8823529411764706,17,-0.0037131300036890025,0.8636363636363636,1e-05,0.0827389075551764,0.06943283081054688,0.1,1.0,1.0,0.0,17,1.0,5080
0.29999998211860657,0.958041958041958,0.29999998211860657,510,0.29999998211860657,26,0.29999998211860657,973.94,0.29999998211860657,0.29999998211860657,0.29999998211860657,0.29999998211860657,0.29999998211860657,66846720,0.29999998211860657,7279,1.5740979020979033,9182,0.29999998211860657,1.8461538461538463,0.29999998211860657,0.29999998211860657,0.29999998211860657,0.29999998211860657,0.29999998211860657,708.2310791015625,0.29999998211860657,0.29999998211860657,0.29999998211860657,0.29999998211860657,0.04195804195804196,0.9615384615384616,0.29999998211860657,0.29999998211860657,0.29999998211860657,0.29999998211860657,1.5971812463827313,0.00469573974609375,0.29999998211860657,0.29999998211860657,0.29999998211860657,0.2,0.6778355836868286,1.0,-0.203546404838562,28,0.0017692992,137,18,19,14,-5.374142646789551,0.30000001192092896,0.95,20,-0.0033055308074835922,0.7894736842105263,1e-05,0.10887468134169467,0.06639480590820312,0.1,1.0,1.0,0.0,18,1.0,5090
0.29999998211860657,0.9191176470588235,0.29999998211860657,511,0.29999998211860657,18,0.29999998211860657,951.04,0.29999998211860657,0.29999998211860657,0.29999998211860657,0.29999998211860657,0.29999998211860657,66977792,0.29999998211860657,7279,1.5639558823529425,9200,0.29999998211860657,1.7941176470588236,0.29999998211860657,0.29999998211860657,0.29999998211860657,0.29999998211860657,0.29999998211860657,684.4132080078125,0.29999998211860657,0.29999998211860657,0.29999998211860657,0.29999998211860657,0.08088235294117647,0.8333333333333334,0.29999998211860657,0.29999998211860657,0.29999998211860657,0.29999998211860657,1.6150905321474454,0.004683227539062499,0.29999998211860657,0.29999998211860657,0.29999998211860657,0.2,0.6862143874168396,0.8695652173913043,-0.1953156292438507,23,0.0017184196,125,21,11,20,-5.374142646789551,0.30000001192092896,0.9166666666666666,24,-0.0034734661073798634,0.8181818181818182,1e-05,0.09170243200496771,0.0636871337890625,0.1,1.0,0.95,0.0,19,1.0,5100
0.29999998211860657,0.9051094890510949,0.29999998211860657,512,0.29999998211860657,17,0.29999998211860657,951.04,0.29999998211860657,0.29999998211860657,0.29999998211860657,0.29999998211860657,0.29999998211860657,67108864,0.29999998211860657,7279,1.5248175182481765,9218,0.29999998211860657,1.7007299270072993,0.29999998211860657,0.29999998211860657,0.29999998211860657,0.29999998211860657,0.29999998211860657,685.4229125976562,0.29999998211860657,0.29999998211860657,0.29999998211860657,0.29999998211860657,0.0948905109489051,0.7058823529411765,0.29999998211860657,0.29999998211860657,0.29999998211860657,0.29999998211860657,1.5659860752829222,0.004571533203125,0.29999998211860657,0.29999998211860657,0.29999998211860657,0.2,0.6817522644996643,1.0,-0.15722018480300903,21,0.0017936428,124,26,14,17,-5.374142646789551,0.30000001192092896,0.96,25,-0.003889992708718637,0.7142857142857143,1e-05,0.13507566488406156,0.07161636352539062,0.1,1.0,0.8235294117647058,0.0,17,1.0,5110
0.29999998211860657,0.9124087591240876,0.29999998211860657,513,0.29999998211860657,24,0.29999998211860657,978.43,0.29999998211860657,0.29999998211860657,0.29999998211860657,0.29999998211860657,0.29999998211860657,67239936,0.29999998211860657,7279,1.5355036496350376,9236,0.29999998211860657,2.0291970802919708,0.29999998211860657,0.29999998211860657,0.29999998211860657,0.29999998211860657,0.29999998211860657,713.4723510742188,0.29999998211860657,0.29999998211860657,0.29999998211860657,0.29999998211860657,0.08759124087591241,0.6666666666666666,0.29999998211860657,0.29999998211860657,0.29999998211860657,0.29999998211860657,1.6993456397872218,0.0046011352539062494,0.29999998211860657,0.29999998211860657,0.29999998211860657,0.2,0.7615172266960144,1.0,-0.1831507682800293,14,0.0018325958,125,21,21,17,-5.374142646789551,0.30000001192092896,1.0,18,-0.003708733246094198,0.8571428571428571,1e-05,0.13183335210778752,0.0716339111328125,0.1,1.0,0.9411764705882353,0.0,22,1.0,5120
0.29999998211860657,0.9172932330827067,0.29999998211860657,514,0.29999998211860657,20,0.29999998211860657,965.76,0.29999998211860657,0.29999998211860657,0.29999998211860657,0.29999998211860657,0.29999998211860657,67371008,0.29999998211860657,7279,1.5634736842105275,9254,0.29999998211860657,2.075187969924812,0.29999998211860657,0.29999998211860657,0.29999998211860657,0.29999998211860657,0.29999998211860657,705.448974609375,0.29999998211860657,0.29999998211860657,0.29999998211860657,0.29999998211860657,0.08270676691729323,0.95,0.29999998211860657,0.29999998211860657,0.29999998211860657,0.29999998211860657,1.7195873722828283,0.0045477294921874994,0.29999998211860657,0.29999998211860657,0.29999998211860657,0.2,0.751467227935791,1.0,-0.16400519013404846,17,0.0017831404,122,21,26,17,-5.374142646789551,0.30000001192092896,0.8125,16,-0.0036250756545086913,0.8076923076923077,1e-05,0.12505086999444756,0.067144775390625,0.1,1.0,0.8823529411764706,0.0,16,1.0,5130
0.29999998211860657,0.9562043795620438,0.29999998211860657,515,0.29999998211860657,19,0.29999998211860657,978.99,0.29999998211860657,0.29999998211860657,0.29999998211860657,0.29999998211860657,0.29999998211860657,67502080,0.29999998211860657,7279,1.5625693430656944,9272,0.29999998211860657,1.6934306569343065,0.29999998211860657,0.29999998211860657,0.29999998211860657,0.29999998211860657,0.29999998211860657,716.184326171875,0.29999998211860657,0.29999998211860657,0.29999998211860657,0.29999998211860657,0.043795620437956206,1.0,0.29999998211860657,0.29999998211860657,0.29999998211860657,0.29999998211860657,1.4490059983506969,0.004635009765625,0.29999998211860657,0.29999998211860657,0.29999998211860657,0.2,0.6819891929626465,0.9375,-0.13523590564727783,16,0.0017708405,131,31,21,13,-5.374142646789551,0.30000001192092896,1.0,20,-0.0036733679366989236,0.8095238095238095,1e-05,0.12166807785106357,0.06926422119140625,0.1,1.0,0.9230769230769231,0.0,17,1.0,5140
0.29999998211860657,0.9389312977099237,0.29999998211860657,516,0.29999998211860657,25,0.29999998211860657,982.52,0.29999998211860657,0.29999998211860657,0.29999998211860657,0.29999998211860657,0.29999998211860657,67633152,0.29999998211860657,7280,1.5541526717557264,9290,0.29999998211860657,1.6793893129770991,0.29999998211860657,0.29999998211860657,0.29999998211860657,0.29999998211860657,0.29999998211860657,712.8322143554688,0.29999998211860657,0.29999998211860657,0.29999998211860657,0.29999998211860657,0.061068702290076333,0.88,0.29999998211860657,0.29999998211860657,0.29999998211860657,0.29999998211860657,1.6355137923807397,0.004676513671875,0.29999998211860657,0.29999998211860657,0.29999998211860657,0.2,0.6339724659919739,1.0,-0.18371210992336273,19,0.0017389826,123,23,16,9,-5.374142646789551,0.30000001192092896,0.85,20,-0.0034138383786284977,0.9375,1e-05,0.09019958000571933,0.06803436279296875,0.1,1.0,0.8888888888888888,0.0,19,1.0,5150
0.29999998211860657,0.9615384615384616,0.29999998211860657,517,0.29999998211860657,18,0.29999998211860657,978.91,0.29999998211860657,0.29999998211860657,0.29999998211860657,0.29999998211860657,0.29999998211860657,67764224,0.29999998211860657,7280,1.5925846153846166,9307,0.29999998211860657,1.7692307692307692,0.29999998211860657,0.29999998211860657,0.29999998211860657,0.29999998211860657,0.29999998211860657,712.05712890625,0.29999998211860657,0.29999998211860657,0.29999998211860657,0.29999998211860657,0.038461538461538464,0.8333333333333334,0.29999998211860657,0.29999998211860657,0.29999998211860657,0.29999998211860657,1.5180969162948728,0.0047247314453125,0.29999998211860657,0.29999998211860657,0.29999998211860657,0.2,0.7168411016464233,1.0,-0.15563267469406128,20,0.0017728688,125,26,16,18,-5.374142646789551,0.30000001192092896,0.875,16,-0.0037085604329604393,1.0,1e-05,0.09232395587023348,0.06913375854492188,0.1,1.0,1.0,0.0,16,1.0,5160
0.29999998211860657,0.9197080291970803,0.29999998211860657,518,0.29999998211860657,25,0.29999998211860657,963.61,0.29999998211860657,0.29999998211860657,0.29999998211860657,0.29999998211860657,0.29999998211860657,67895296,0.29999998211860657,7280,1.551153284671534,9325,0.29999998211860657,1.8467153284671534,0.29999998211860657,0.29999998211860657,0.29999998211860657,0.29999998211860657,0.29999998211860657,697.74462890625,0.29999998211860657,0.29999998211860657,0.29999998211860657,0.29999998211860657,0.08029197080291971,0.84,0.29999998211860657,0.29999998211860657,0.29999998211860657,0.29999998211860657,1.587958472793964,0.004737548828125,0.29999998211860657,0.29999998211860657,0.29999998211860657,0.2,0.6958774328231812,0.875,-0.10958053171634674,16,0.0017665643,126,28,14,20,-5.374142646789551,0.30000001192092896,0.9375,16,-0.00334418613588241,0.7857142857142857,1e-05,0.08201362759864424,0.06697540283203125,0.1,1.0,1.0,0.0,18,0.9444444444444444,5170
0.29999998211860657,0.9242424242424242,0.29999998211860657,519,0.29999998211860657,18,0.29999998211860657,980.91,0.29999998211860657,0.29999998211860657,0.29999998211860657,0.29999998211860657,0.29999998211860657,68026368,0.29999998211860657,7280,1.5676212121212134,9343,0.29999998211860657,2.015151515151515,0.29999998211860657,0.29999998211860657,0.29999998211860657,0.29999998211860657,0.29999998211860657,716.3650512695312,0.29999998211860657,0.29999998211860657,0.29999998211860657,0.29999998211860657,0.07575757575757576,0.8333333333333334,0.29999998211860657,0.29999998211860657,0.29999998211860657,0.29999998211860657,1.5733183535861273,0.0047174072265625,0.29999998211860657,0.29999998211860657,0.29999998211860657,0.2,0.7749013900756836,1.0,-0.17258025705814362,21,0.0018488326,122,22,21,21,-5.374142646789551,0.30000001192092896,0.875,16,-0.004063552224397427,0.8095238095238095,1e-05,0.11928450805571629,0.07440567016601562,0.1,1.0,0.9523809523809523,0.0,13,1.0,5180
0.29999998211860657,0.9632352941176471,0.29999998211860657,520,0.29999998211860657,17,0.29999998211860657,984.74,0.29999998211860657,0.29999998211860657,0.29999998211860657,0.29999998211860657,0.29999998211860657,68157440,0.29999998211860657,7280,1.5633088235294128,9361,0.29999998211860657,2.286764705882353,0.29999998211860657,0.29999998211860657,0.29999998211860657,0.29999998211860657,0.29999998211860657,724.3944702148438,0.29999998211860657,0.29999998211860657,0.29999998211860657,0.29999998211860657,0.03676470588235294,0.9411764705882353,0.29999998211860657,0.29999998211860657,0.29999998211860657,0.29999998211860657,1.6330545444242985,0.004722900390625,0.29999998211860657,0.29999998211860657,0.29999998211860657,0.2,0.6806996464729309,1.0,-0.2077004611492157,13,0.0018875285,131,18,23,25,-5.374142646789551,0.30000001192092896,0.9047619047619048,21,-0.0038713101094344895,0.9565217391304348,1e-05,0.11773065145534929,0.0731689453125,0.1,0.9444444444444444,1.0,0.0,19,1.0,5190
0.29999998211860657,0.9534883720930233,0.29999998211860657,521,0.29999998211860657,24,0.29999998211860657,976.84,0.29999998211860657,0.29999998211860657,0.29999998211860657,0.29999998211860657,0.29999998211860657,68288512,0.29999998211860657,7280,1.5652093023255826,9379,0.29999998211860657,2.1705426356589146,0.29999998211860657,0.29999998211860657,0.29999998211860657,0.29999998211860657,0.29999998211860657,715.314697265625,0.29999998211860657,0.29999998211860657,0.29999998211860657,0.29999998211860657,0.046511627906976744,0.8333333333333334,0.29999998211860657,0.29999998211860657,0.29999998211860657,0.29999998211860657,1.690303750897797,0.0047454833984375,0.29999998211860657,0.29999998211860657,0.29999998211860657,0.2,0.7403355240821838,1.0,-0.1878736913204193,13,0.001701362,123,22,16,25,-5.374142646789551,0.30000001192092896,0.9166666666666666,12,-0.003540594317291834,1.0,1e-05,0.06432610353076598,0.06445388793945313,0.1,1.0,0.96,0.0,17,1.0,5200
0.29999998211860657,0.9645390070921985,0.29999998211860657,522,0.29999998211860657,18,0.29999998211860657,993.09,0.29999998211860657,0.29999998211860657,0.29999998211860657,0.29999998211860657,0.29999998211860657,68419584,0.29999998211860657,7280,1.5655602836879445,9397,0.29999998211860657,1.900709219858156,0.29999998211860657,0.29999998211860657,0.29999998211860657,0.29999998211860657,0.29999998211860657,721.4430541992188,0.29999998211860657,0.29999998211860657,0.29999998211860657,0.29999998211860657,0.03546099290780142,0.9444444444444444,0.29999998211860657,0.29999998211860657,0.29999998211860657,0.29999998211860657,1.443693495277969,0.00473114013671875,0.29999998211860657,0.29999998211860657,0.29999998211860657,0.2,0.5760009288787842,1.0,-0.18837226927280426,18,0.0018979936,136,29,25,18,-5.374142646789551,0.30000001192092896,0.95,20,-0.0035284266510643646,0.88,1e-05,0.09538764916651417,0.07857742309570312,0.1,1.0,1.0,0.0,13,1.0,5210
0.29999998211860657,0.9682539682539683,0.29999998211860657,523,0.29999998211860657,20,0.29999998211860657,989.18,0.29999998211860657,0.29999998211860657,0.29999998211860657,0.29999998211860657,0.29999998211860657,68550656,0.29999998211860657,7280,1.5973333333333344,9415,0.29999998211860657,1.8095238095238095,0.29999998211860657,0.29999998211860657,0.29999998211860657,0.29999998211860657,0.29999998211860657,728.680419921875,0.29999998211860657,0.29999998211860657,0.29999998211860657,0.29999998211860657,0.031746031746031744,0.9,0.29999998211860657,0.29999998211860657,0.29999998211860657,0.29999998211860657,1.4555900827799124,0.0047430419921875,0.29999998211860657,0.29999998211860657,0.29999998211860657,0.2,0.7184168100357056,1.0,-0.2161911576986313,13,0.0017389759,122,31,14,19,-5.374142646789551,0.30000001192092896,1.0,19,-0.003574224901967682,0.9285714285714286,1e-05,0.061379563641094134,0.06732406616210937,0.1,1.0,0.9473684210526315,0.0,10,1.0,5220
0.29999998211860657,0.9420289855072463,0.29999998211860657,524,0.29999998211860657,14,0.29999998211860657,985.67,0.29999998211860657,0.29999998211860657,0.29999998211860657,0.29999998211860657,0.29999998211860657,68681728,0.29999998211860657,7280,1.5621159420289867,9433,0.29999998211860657,1.7971014492753623,0.29999998211860657,0.29999998211860657,0.29999998211860657,0.29999998211860657,0.29999998211860657,724.2940063476562,0.29999998211860657,0.29999998211860657,0.29999998211860657,0.29999998211860657,0.057971014492753624,0.8571428571428571,0.29999998211860657,0.29999998211860657,0.29999998211860657,0.29999998211860657,1.6332038690147195,0.00478759765625,0.29999998211860657,0.29999998211860657,0.29999998211860657,0.2,0.5822271108627319,1.0,-0.18122315406799316,24,0.0018056538,130,26,20,20,-5.374142646789551,0.30000001192092896,0.8888888888888888,18,-0.0032439193384561802,0.85,1e-05,0.07175098832958611,0.07188644409179687,0.1,1.0,0.95,0.0,16,1.0,5230
0.29999998211860657,0.9253731343283582,0.29999998211860657,525,0.29999998211860657,18,0.29999998211860657,964.14,0.29999998211860657,0.29999998211860657,0.29999998211860657,0.29999998211860657,0.29999998211860657,68812800,0.29999998211860657,7282,1.5753283582089566,9449,0.29999998211860657,1.7238805970149254,0.29999998211860657,0.29999998211860657,0.29999998211860657,0.29999998211860657,0.29999998211860657,699.874267578125,0.29999998211860657,0.29999998211860657,0.29999998211860657,0.29999998211860657,0.07462686567164178,0.8333333333333334,0.29999998211860657,0.29999998211860657,0.29999998211860657,0.29999998211860657,1.5372670968030155,0.004808654785156251,0.29999998211860657,0.29999998211860657,0.29999998211860657,0.2,0.7018355131149292,1.0,-0.18483051657676697,24,0.0018096484,124,23,19,13,-5.374142646789551,0.30000001192092896,0.8181818181818182,22,-0.0036633502587847034,0.8947368421052632,1e-05,0.10050276649417356,0.07171707153320313,0.1,1.0,0.9230769230769231,0.0,15,1.0,5240
0.29999998211860657,0.9538461538461539,0.29999998211860657,526,0.29999998211860657,17,0.29999998211860657,977.62,0.29999998211860657,0.29999998211860657,0.29999998211860657,0.29999998211860657,0.29999998211860657,68943872,0.29999998211860657,7283,1.5787538461538475,9465,0.29999998211860657,1.9153846153846155,0.29999998211860657,0.29999998211860657,0.29999998211860657,0.29999998211860657,0.29999998211860657,715.7913818359375,0.29999998211860657,0.29999998211860657,0.29999998211860657,0.29999998211860657,0.046153846153846156,0.8823529411764706,0.29999998211860657,0.29999998211860657,0.29999998211860657,0.29999998211860657,1.4493956448803942,0.0048138427734375,0.29999998211860657,0.29999998211860657,0.29999998211860657,0.2,0.6194961667060852,1.0,-0.13383035361766815,11,0.0018495074,124,30,17,22,-5.374142646789551,0.30000001192092896,0.9411764705882353,17,-0.003572746513873426,0.8235294117647058,1e-05,0.12376329435792285,0.07415390014648438,0.1,1.0,1.0,0.0,16,1.0,5250
0.29999998211860657,0.9440559440559441,0.29999998211860657,527,0.29999998211860657,14,0.29999998211860657,980.25,0.29999998211860657,0.29999998211860657,0.29999998211860657,0.29999998211860657,0.29999998211860657,69074944,0.29999998211860657,7285,1.5826013986013998,9481,0.29999998211860657,1.6783216783216783,0.29999998211860657,0.29999998211860657,0.29999998211860657,0.29999998211860657,0.29999998211860657,712.927490234375,0.29999998211860657,0.29999998211860657,0.29999998211860657,0.29999998211860657,0.055944055944055944,1.0,0.29999998211860657,0.29999998211860657,0.29999998211860657,0.29999998211860657,1.5251068067188989,0.004803466796874999,0.29999998211860657,0.29999998211860657,0.29999998211860657,0.2,0.6585582494735718,1.0,-0.2039880007505417,21,0.0018567285,135,27,15,19,-5.374142646789551,0.30000001192092896,0.8260869565217391,23,-0.003711609057472742,0.8,1e-05,0.0859728415380232,0.07171554565429687,0.1,1.0,0.9473684210526315,0.0,24,1.0,5260
0.29999998211860657,0.9312977099236641,0.29999998211860657,528,0.29999998211860657,17,0.29999998211860657,987.51,0.29999998211860657,0.29999998211860657,0.29999998211860657,0.29999998211860657,0.29999998211860657,69206016,0.29999998211860657,7286,1.561908396946566,9497,0.29999998211860657,1.7328244274809161,0.29999998211860657,0.29999998211860657,0.29999998211860657,0.29999998211860657,0.29999998211860657,722.8484497070312,0.29999998211860657,0.29999998211860657,0.29999998211860657,0.29999998211860657,0.06870229007633588,0.8823529411764706,0.29999998211860657,0.29999998211860657,0.29999998211860657,0.29999998211860657,1.5668283139704005,0.004811401367187501,0.29999998211860657,0.29999998211860657,0.29999998211860657,0.2,0.7064471244812012,0.9411764705882353,-0.19120097160339355,17,0.0017431676,122,27,16,16,-5.374142646789551,0.30000001192092896,0.8571428571428571,21,-0.0033972165486829907,0.8125,1e-05,0.09574168777180603,0.07115325927734376,0.1,1.0,1.0,0.0,17,1.0,5270
0.29999998211860657,0.9136690647482014,0.29999998211860657,529,0.29999998211860657,24,0.29999998211860657,958.98,0.29999998211860657,0.29999998211860657,0.29999998211860657,0.29999998211860657,0.29999998211860657,69337088,0.29999998211860657,7288,1.5520431654676272,9513,0.29999998211860657,1.856115107913669,0.29999998211860657,0.29999998211860657,0.29999998211860657,0.29999998211860657,0.29999998211860657,702.242431640625,0.29999998211860657,0.29999998211860657,0.29999998211860657,0.29999998211860657,0.08633093525179857,0.7916666666666666,0.29999998211860657,0.29999998211860657,0.29999998211860657,0.29999998211860657,1.582681845968435,0.0047430419921875,0.29999998211860657,0.29999998211860657,0.29999998211860657,0.2,0.7460267543792725,0.9333333333333333,-0.20047704875469208,15,0.0017353392,127,25,21,14,-5.374142646789551,0.30000001192092896,0.8823529411764706,17,-0.0037098456913099652,0.8571428571428571,1e-05,0.08402426249958808,0.06863861083984375,0.1,1.0,0.9285714285714286,0.0,23,1.0,5280
0.29999998211860657,0.9689922480620154,0.29999998211860657,530,0.29999998211860657,9,0.29999998211860657,971.89,0.29999998211860657,0.29999998211860657,0.29999998211860657,0.29999998211860657,0.29999998211860657,69468160,0.29999998211860657,7289,1.5638139534883733,9529,0.29999998211860657,1.5426356589147288,0.29999998211860657,0.29999998211860657,0.29999998211860657,0.29999998211860657,0.29999998211860657,714.6614990234375,0.29999998211860657,0.29999998211860657,0.29999998211860657,0.29999998211860657,0.031007751937984496,0.8888888888888888,0.29999998211860657,0.29999998211860657,0.29999998211860657,0.29999998211860657,1.477946386464113,0.00486358642578125,0.29999998211860657,0.29999998211860657,0.29999998211860657,0.2,0.7524161338806152,1.0,-0.10747988522052765,21,0.0017907846,125,32,19,16,-5.374142646789551,0.30000001192092896,0.9375,16,-0.003861882957426133,0.8947368421052632,1e-05,0.11548582823597826,0.0718048095703125,0.1,1.0,1.0,0.0,16,1.0,5290
0.29999998211860657,0.9142857142857143,0.29999998211860657,531,0.29999998211860657,20,0.29999998211860657,970.52,0.29999998211860657,0.29999998211860657,0.29999998211860657,0.29999998211860657,0.29999998211860657,69599232,0.29999998211860657,7291,1.571557142857144,9545,0.29999998211860657,1.8785714285714286,0.29999998211860657,0.29999998211860657,0.29999998211860657,0.29999998211860657,0.29999998211860657,714.77099609375,0.29999998211860657,0.29999998211860657,0.29999998211860657,0.29999998211860657,0.08571428571428572,0.85,0.29999998211860657,0.29999998211860657,0.29999998211860657,0.29999998211860657,1.4955908144911891,0.00491119384765625,0.29999998211860657,0.29999998211860657,0.29999998211860657,0.2,0.6858846545219421,1.0,-0.1688065528869629,13,0.0018168287,128,30,26,15,-5.374142646789551,0.30000001192092896,0.8888888888888888,18,-0.003533436106499721,0.7692307692307693,1e-05,0.07624278541479726,0.07079238891601562,0.1,1.0,1.0,0.0,18,0.9444444444444444,5300
0.29999998211860657,0.9318181818181818,0.29999998211860657,532,0.29999998211860657,14,0.29999998211860657,972.15,0.29999998211860657,0.29999998211860657,0.29999998211860657,0.29999998211860657,0.29999998211860657,69730304,0.29999998211860657,7292,1.5504242424242438,9561,0.29999998211860657,1.7348484848484849,0.29999998211860657,0.29999998211860657,0.29999998211860657,0.29999998211860657,0.29999998211860657,714.3214721679688,0.29999998211860657,0.29999998211860657,0.29999998211860657,0.29999998211860657,0.06818181818181818,0.8571428571428571,0.29999998211860657,0.29999998211860657,0.29999998211860657,0.29999998211860657,1.5625018812735543,0.004899291992187501,0.29999998211860657,0.29999998211860657,0.29999998211860657,0.2,0.7154208421707153,1.0,-0.17999592423439026,21,0.0018198919,123,26,26,13,-5.374142646789551,0.30000001192092896,0.8333333333333334,12,-0.003956829395792738,0.8461538461538461,1e-05,0.11486487034126185,0.06904754638671876,0.1,1.0,0.9230769230769231,0.0,20,1.0,5310
0.29999998211860657,0.9847328244274809,0.29999998211860657,533,0.29999998211860657,14,0.29999998211860657,993.49,0.29999998211860657,0.29999998211860657,0.29999998211860657,0.29999998211860657,0.29999998211860657,69861376,0.29999998211860657,7293,1.562458015267177,9577,0.29999998211860657,1.8015267175572518,0.29999998211860657,0.29999998211860657,0.29999998211860657,0.29999998211860657,0.29999998211860657,730.2440795898438,0.29999998211860657,0.29999998211860657,0.29999998211860657,0.29999998211860657,0.015267175572519083,1.0,0.29999998211860657,0.29999998211860657,0.29999998211860657,0.29999998211860657,1.450704164940413,0.004925537109374999,0.29999998211860657,0.29999998211860657,0.29999998211860657,0.2,0.7739357352256775,1.0,-0.16982875764369965,18,0.0017904686,129,26,29,11,-5.374142646789551,0.30000001192092896,1.0,16,-0.00375233627551097,0.9310344827586207,1e-05,0.09852627061191015,0.07042160034179687,0.1,1.0,1.0,0.0,17,1.0,5320
0.29999998211860657,0.927536231884058,0.29999998211860657,534,0.29999998211860657,17,0.29999998211860657,967.74,0.29999998211860657,0.29999998211860657,0.29999998211860657,0.29999998211860657,0.29999998211860657,69992448,0.29999998211860657,7295,1.5347391304347837,9594,0.29999998211860657,1.6666666666666667,0.29999998211860657,0.29999998211860657,0.29999998211860657,0.29999998211860657,0.29999998211860657,710.0198974609375,0.29999998211860657,0.29999998211860657,0.29999998211860657,0.29999998211860657,0.07246376811594203,0.9411764705882353,0.29999998211860657,0.29999998211860657,0.29999998211860657,0.29999998211860657,1.6085137802298068,0.0049407958984375,0.29999998211860657,0.29999998211860657,0.29999998211860657,0.2,0.6839946508407593,0.9090909090909091,-0.2369033396244049,22,0.0017500592,128,31,23,14,-5.374142646789551,0.30000001192092896,0.9411764705882353,17,-0.003377259334320115,0.782608695652174,1e-05,0.06131503001524834,0.06976776123046875,0.1,1.0,1.0,0.0,14,0.9285714285714286,5330
0.29999998211860657,0.9689922480620154,0.29999998211860657,535,0.29999998211860657,22,0.29999998211860657,988.8,0.29999998211860657,0.29999998211860657,0.29999998211860657,0.29999998211860657,0.29999998211860657,70123520,0.29999998211860657,7296,1.5673333333333348,9610,0.29999998211860657,1.550387596899225,0.29999998211860657,0.29999998211860657,0.29999998211860657,0.29999998211860657,0.29999998211860657,723.15234375,0.29999998211860657,0.29999998211860657,0.29999998211860657,0.29999998211860657,0.031007751937984496,0.8636363636363636,0.29999998211860657,0.29999998211860657,0.29999998211860657,0.29999998211860657,1.608549621116377,0.00502471923828125,0.29999998211860657,0.29999998211860657,0.29999998211860657,0.2,0.7065299153327942,1.0,-0.2045077085494995,20,0.0017876178,125,25,15,8,-5.374142640456557,0.30000001192092896,0.95,20,-0.00391208001205996,1.0,1e-05,0.10489989773195703,0.06935577392578125,0.1,1.0,1.0,0.0,19,1.0,5340
0.29999998211860657,0.9565217391304348,0.29999998211860657,536,0.29999998211860657,25,0.29999998211860657,987.44,0.29999998211860657,0.29999998211860657,0.29999998211860657,0.29999998211860657,0.29999998211860657,70254592,0.29999998211860657,7298,1.5526231884057984,9626,0.29999998211860657,2.2318840579710146,0.29999998211860657,0.29999998211860657,0.29999998211860657,0.29999998211860657,0.29999998211860657,726.0388793945312,0.29999998211860657,0.29999998211860657,0.29999998211860657,0.29999998211860657,0.043478260869565216,1.0,0.29999998211860657,0.29999998211860657,0.29999998211860657,0.29999998211860657,1.5535132490505683,0.004933166503906249,0.29999998211860657,0.29999998211860657,0.29999998211860657,0.2,0.5941709280014038,1.0,-0.15380258858203888,16,0.0018146352,132,20,22,24,-5.374142646789551,0.30000001192092896,1.0,14,-0.0032127268473232107,0.7272727272727273,1e-05,0.08707370203046594,0.07040863037109375,0.1,1.0,1.0,0.0,17,1.0,5350
0.29999998211860657,0.9402985074626866,0.29999998211860657,537,0.29999998211860657,25,0.29999998211860657,974.22,0.29999998211860657,0.29999998211860657,0.29999998211860657,0.29999998211860657,0.29999998211860657,70385664,0.29999998211860657,7299,1.5288358208955235,9642,0.29999998211860657,1.8656716417910448,0.29999998211860657,0.29999998211860657,0.29999998211860657,0.29999998211860657,0.29999998211860657,713.650634765625,0.29999998211860657,0.29999998211860657,0.29999998211860657,0.29999998211860657,0.05970149253731343,0.88,0.29999998211860657,0.29999998211860657,0.29999998211860657,0.29999998211860657,1.6348183352969865,0.00492706298828125,0.29999998211860657,0.29999998211860657,0.29999998211860657,0.2,0.69026780128479,1.0,-0.233331099152565,17,0.0018142841,126,24,18,16,-5.374142646789551,0.30000001192092896,0.8461538461538461,13,-0.0033953303559428605,0.8333333333333334,1e-05,0.07861573062982644,0.073291015625,0.1,1.0,1.0,0.0,21,1.0,5360
0.29999998211860657,0.9538461538461539,0.29999998211860657,538,0.29999998211860657,13,0.29999998211860657,977.11,0.29999998211860657,0.29999998211860657,0.29999998211860657,0.29999998211860657,0.29999998211860657,70516736,0.29999998211860657,7300,1.5328000000000013,9658,0.29999998211860657,1.8076923076923077,0.29999998211860657,0.29999998211860657,0.29999998211860657,0.29999998211860657,0.29999998211860657,717.1925659179688,0.29999998211860657,0.29999998211860657,0.29999998211860657,0.29999998211860657,0.046153846153846156,0.9230769230769231,0.29999998211860657,0.29999998211860657,0.29999998211860657,0.29999998211860657,1.5751137719246768,0.00499542236328125,0.29999998211860657,0.29999998211860657,0.29999998211860657,0.2,0.6880490183830261,1.0,-0.1688014268875122,14,0.001733629,124,24,21,14,-5.374142646789551,0.30000001192092896,0.9090909090909091,22,-0.0036246035678232148,0.9047619047619048,1e-05,0.0857014679175336,0.07058334350585938,0.1,1.0,0.9285714285714286,0.0,22,1.0,5370
0.29999998211860657,0.9568345323741008,0.29999998211860657,539,0.29999998211860657,16,0.29999998211860657,994.37,0.29999998211860657,0.29999998211860657,0.29999998211860657,0.29999998211860657,0.29999998211860657,70647808,0.29999998211860657,7302,1.5179136690647494,9674,0.29999998211860657,1.920863309352518,0.29999998211860657,0.29999998211860657,0.29999998211860657,0.29999998211860657,0.29999998211860657,730.9209594726562,0.29999998211860657,0.29999998211860657,0.29999998211860657,0.29999998211860657,0.04316546762589928,0.9375,0.29999998211860657,0.29999998211860657,0.29999998211860657,0.29999998211860657,1.562945126957242,0.005184936523437499,0.29999998211860657,0.29999998211860657,0.29999998211860657,0.2,0.7104183435440063,1.0,-0.1855638027191162,16,0.0018475788,133,24,20,20,-5.374142646789551,0.30000001192092896,0.85,20,-0.00371261460468304,0.95,1e-05,0.08763973264576634,0.07761764526367188,0.1,1.0,0.95,0.0,23,1.0,5380
0.29999998211860657,0.9230769230769231,0.29999998211860657,540,0.29999998211860657,21,0.29999998211860657,968.41,0.29999998211860657,0.29999998211860657,0.29999998211860657,0.29999998211860657,0.29999998211860657,70778880,0.29999998211860657,7303,1.5293692307692317,9690,0.29999998211860657,1.8615384615384616,0.29999998211860657,0.29999998211860657,0.29999998211860657,0.29999998211860657,0.29999998211860657,713.1414794921875,0.29999998211860657,0.29999998211860657,0.29999998211860657,0.29999998211860657,0.07692307692307693,0.8571428571428571,0.29999998211860657,0.29999998211860657,0.29999998211860657,0.29999998211860657,1.4898662538412146,0.00503204345703125,0.29999998211860657,0.29999998211860657,0.29999998211860657,0.2,0.6664885878562927,0.9375,-0.1465085744857788,16,0.0019033964,120,28,21,15,-5.374142646789551,0.30000001192092896,0.8421052631578947,19,-0.003458554421285953,0.8571428571428571,1e-05,0.09393180790939368,0.07675323486328126,0.1,1.0,1.0,0.0,10,1.0,5390
0.29999998211860657,0.9444444444444444,0.29999998211860657,541,0.29999998211860657,22,0.29999998211860657,966.5,0.29999998211860657,0.29999998211860657,0.29999998211860657,0.29999998211860657,0.29999998211860657,70909952,0.29999998211860657,7305,1.5336805555555566,9706,0.29999998211860657,1.5763888888888888,0.29999998211860657,0.29999998211860657,0.29999998211860657,0.29999998211860657,0.29999998211860657,715.3662719726562,0.29999998211860657,0.29999998211860657,0.29999998211860657,0.29999998211860657,0.05555555555555555,0.8636363636363636,0.29999998211860657,0.29999998211860657,0.29999998211860657,0.29999998211860657,1.4230853258890184,0.00509307861328125,0.29999998211860657,0.29999998211860657,0.29999998211860657,0.2,0.7075278759002686,1.0,-0.12372128665447235,16,0.0018388443,136,36,16,14,-5.374142646789551,0.30000001192092896,0.9130434782608695,23,-0.0038654047174532026,0.8125,1e-05,0.10172281428385758,0.07220611572265626,0.1,1.0,1.0,0.0,17,1.0,5400
0.29999998211860657,0.9508196721311475,0.29999998211860657,542,0.29999998211860657,16,0.29999998211860657,974.14,0.29999998211860657,0.29999998211860657,0.29999998211860657,0.29999998211860657,0.29999998211860657,71041024,0.29999998211860657,7306,1.5320983606557386,9722,0.29999998211860657,1.6065573770491803,0.29999998211860657,0.29999998211860657,0.29999998211860657,0.29999998211860657,0.29999998211860657,712.5831298828125,0.29999998211860657,0.29999998211860657,0.29999998211860657,0.29999998211860657,0.04918032786885246,0.875,0.29999998211860657,0.29999998211860657,0.29999998211860657,0.29999998211860657,1.589445992642714,0.00508453369140625,0.29999998211860657,0.29999998211860657,0.29999998211860657,0.2,0.6975709199905396,1.0,-0.20608362555503845,18,0.001851984,116,23,12,13,-5.374142646789551,0.30000001192092896,0.8333333333333334,18,-0.003738398996028991,0.9166666666666666,1e-05,0.09655218582192901,0.07213821411132812,0.1,1.0,1.0,0.0,22,1.0,5410
0.29999998211860657,0.9444444444444444,0.29999998211860657,543,0.29999998211860657,15,0.29999998211860657,980.18,0.29999998211860657,0.29999998211860657,0.29999998211860657,0.29999998211860657,0.29999998211860657,71172096,0.29999998211860657,7308,1.5310416666666677,9738,0.29999998211860657,1.7916666666666667,0.29999998211860657,0.29999998211860657,0.29999998211860657,0.29999998211860657,0.29999998211860657,717.6126708984375,0.29999998211860657,0.29999998211860657,0.29999998211860657,0.29999998211860657,0.05555555555555555,0.8,0.29999998211860657,0.29999998211860657,0.29999998211860657,0.29999998211860657,1.5540792575625773,0.00510345458984375,0.29999998211860657,0.29999998211860657,0.29999998211860657,0.2,0.7205727100372314,1.0,-0.21720457077026367,22,0.0017680397,136,34,24,22,-5.374142646789551,0.30000001192092896,1.0,14,-0.003744085329753943,0.7916666666666666,1e-05,0.08728807441657409,0.06664199829101562,0.1,1.0,1.0,0.0,13,1.0,5420
0.29999998211860657,0.9586776859504132,0.29999998211860657,544,0.29999998211860657,17,0.29999998211860657,971.26,0.29999998211860657,0.29999998211860657,0.29999998211860657,0.29999998211860657,0.29999998211860657,71303168,0.29999998211860657,7309,1.525239669421489,9754,0.29999998211860657,2.0330578512396693,0.29999998211860657,0.29999998211860657,0.29999998211860657,0.29999998211860657,0.29999998211860657,712.7820434570312,0.29999998211860657,0.29999998211860657,0.29999998211860657,0.29999998211860657,0.04132231404958678,0.8823529411764706,0.29999998211860657,0.29999998211860657,0.29999998211860657,0.29999998211860657,1.5999619685671933,0.005096435546875,0.29999998211860657,0.29999998211860657,0.29999998211860657,0.2,0.7453709840774536,0.9411764705882353,-0.1912686824798584,17,0.0018687696,116,21,20,19,-5.374142646789551,0.30000001192092896,1.0,14,-0.00402026325789393,0.9,1e-05,0.08937810886418447,0.07501907348632812,0.1,1.0,1.0,0.0,13,1.0,5430
0.29999998211860657,0.9319727891156463,0.29999998211860657,545,0.29999998211860657,22,0.29999998211860657,976.66,0.29999998211860657,0.29999998211860657,0.29999998211860657,0.29999998211860657,0.29999998211860657,71434240,0.29999998211860657,7311,1.555496598639457,9770,0.29999998211860657,1.7619047619047619,0.29999998211860657,0.29999998211860657,0.29999998211860657,0.29999998211860657,0.29999998211860657,716.0278930664062,0.29999998211860657,0.29999998211860657,0.29999998211860657,0.29999998211860657,0.06802721088435375,0.8181818181818182,0.29999998211860657,0.29999998211860657,0.29999998211860657,0.29999998211860657,1.6851980144586145,0.005168151855468751,0.29999998211860657,0.29999998211860657,0.29999998211860657,0.2,0.6771880984306335,1.0,-0.19904297590255737,15,0.001839477,137,28,24,11,-5.374142646789551,0.30000001192092896,0.9130434782608695,23,-0.0034645649191588747,0.8333333333333334,1e-05,0.07406006220262498,0.072491455078125,0.1,1.0,1.0,0.0,24,1.0,5440
0.29999998211860657,0.9421487603305785,0.29999998211860657,546,0.29999998211860657,18,0.29999998211860657,986.1,0.29999998211860657,0.29999998211860657,0.29999998211860657,0.29999998211860657,0.29999998211860657,71565312,0.29999998211860657,7312,1.5720991735537204,9786,0.29999998211860657,1.4297520661157024,0.29999998211860657,0.29999998211860657,0.29999998211860657,0.29999998211860657,0.29999998211860657,726.1715698242188,0.29999998211860657,0.29999998211860657,0.29999998211860657,0.29999998211860657,0.05785123966942149,0.9444444444444444,0.29999998211860657,0.29999998211860657,0.29999998211860657,0.29999998211860657,1.4669475509474101,0.0051397705078125005,0.29999998211860657,0.29999998211860657,0.29999998211860657,0.2,0.7468147873878479,1.0,-0.12267820537090302,21,0.0018276715,114,34,16,11,-5.374142646789551,0.30000001192092896,0.8461538461538461,13,-0.003924927564276004,0.75,1e-05,0.11406779403041582,0.07150650024414062,0.1,1.0,1.0,0.0,8,1.0,5450
0.29999998211860657,0.9856115107913669,0.29999998211860657,547,0.29999998211860657,19,0.29999998211860657,993.03,0.29999998211860657,0.29999998211860657,0.29999998211860657,0.29999998211860657,0.29999998211860657,71696384,0.29999998211860657,7313,1.536201438848922,9802,0.29999998211860657,2.1223021582733814,0.29999998211860657,0.29999998211860657,0.29999998211860657,0.29999998211860657,0.29999998211860657,729.3506469726562,0.29999998211860657,0.29999998211860657,0.29999998211860657,0.29999998211860657,0.014388489208633094,1.0,0.29999998211860657,0.29999998211860657,0.29999998211860657,0.29999998211860657,1.7572679032194671,0.0051934814453125,0.29999998211860657,0.29999998211860657,0.29999998211860657,0.2,0.667267918586731,1.0,-0.22371427714824677,22,0.0017226952,137,19,18,26,-5.374142646789551,0.30000001192092896,0.95,20,-0.003428068827906827,0.9444444444444444,1e-05,0.08657485611911397,0.0701141357421875,0.1,1.0,1.0,0.0,15,1.0,5460
0.29999998211860657,0.9375,0.29999998211860657,548,0.29999998211860657,14,0.29999998211860657,971.2,0.29999998211860657,0.29999998211860657,0.29999998211860657,0.29999998211860657,0.29999998211860657,71827456,0.29999998211860657,7315,1.549328125000001,9818,0.29999998211860657,1.7421875,0.29999998211860657,0.29999998211860657,0.29999998211860657,0.29999998211860657,0.29999998211860657,715.1858520507812,0.29999998211860657,0.29999998211860657,0.29999998211860657,0.29999998211860657,0.0625,0.9285714285714286,0.29999998211860657,0.29999998211860657,0.29999998211860657,0.29999998211860657,1.4833915642119462,0.00523101806640625,0.29999998211860657,0.29999998211860657,0.29999998211860657,0.2,0.667306661605835,1.0,-0.2180832475423813,14,0.0017853547,120,27,18,15,-5.374142646789551,0.30000001192092896,0.9047619047619048,21,-0.0034582519066361783,0.8888888888888888,1e-05,0.05758316414430738,0.07176513671875,0.1,1.0,0.8,0.0,19,1.0,5470
0.29999998211860657,0.9637681159420289,0.29999998211860657,549,0.29999998211860657,25,0.29999998211860657,982.81,0.29999998211860657,0.29999998211860657,0.29999998211860657,0.29999998211860657,0.29999998211860657,71958528,0.29999998211860657,7316,1.5357826086956534,9834,0.29999998211860657,1.826086956521739,0.29999998211860657,0.29999998211860657,0.29999998211860657,0.29999998211860657,0.29999998211860657,719.1891479492188,0.29999998211860657,0.29999998211860657,0.29999998211860657,0.29999998211860657,0.036231884057971016,0.88,0.29999998211860657,0.29999998211860657,0.29999998211860657,0.29999998211860657,1.5385747343310583,0.0051611328125,0.29999998211860657,0.29999998211860657,0.29999998211860657,0.2,0.6038504242897034,1.0,-0.06410954892635345,20,0.0018075153,133,29,24,15,-5.374142646789551,0.30000001192092896,1.0,10,-0.0035021569441141764,0.9583333333333334,1e-05,0.11587134333822177,0.07189407348632812,0.1,1.0,0.9333333333333333,0.0,15,1.0,5480
0.29999998211860657,0.9402985074626866,0.29999998211860657,550,0.29999998211860657,17,0.29999998211860657,977.07,0.29999998211860657,0.29999998211860657,0.29999998211860657,0.29999998211860657,0.29999998211860657,72089600,0.29999998211860657,7318,1.5293134328358222,9850,0.29999998211860657,1.8955223880597014,0.29999998211860657,0.29999998211860657,0.29999998211860657,0.29999998211860657,0.29999998211860657,713.9048461914062,0.29999998211860657,0.29999998211860657,0.29999998211860657,0.29999998211860657,0.05970149253731343,0.9411764705882353,0.29999998211860657,0.29999998211860657,0.29999998211860657,0.29999998211860657,1.5774456520424789,0.0050759887695312495,0.29999998211860657,0.29999998211860657,0.29999998211860657,0.2,0.7035275101661682,1.0,-0.16007599234580994,20,0.0017647749,126,27,20,21,-5.374142646789551,0.30000001192092896,0.875,16,-0.0033639901269452823,0.9,1e-05,0.07987652999872807,0.06962509155273437,0.1,0.9629629629629629,0.9523809523809523,0.0,13,0.9230769230769231,5490
0.29999998211860657,0.9552238805970149,0.29999998211860657,551,0.29999998211860657,22,0.29999998211860657,978.71,0.29999998211860657,0.29999998211860657,0.29999998211860657,0.29999998211860657,0.29999998211860657,72220672,0.29999998211860657,7319,1.5336567164179116,9866,0.29999998211860657,1.8582089552238805,0.29999998211860657,0.29999998211860657,0.29999998211860657,0.29999998211860657,0.29999998211860657,720.0811157226562,0.29999998211860657,0.29999998211860657,0.29999998211860657,0.29999998211860657,0.04477611940298507,0.8636363636363636,0.29999998211860657,0.29999998211860657,0.29999998211860657,0.29999998211860657,1.5844113124435335,0.00516815185546875,0.29999998211860657,0.29999998211860657,0.29999998211860657,0.2,0.7342489957809448,1.0,-0.1963096261024475,21,0.0018715755,128,23,19,16,-5.374142646789551,0.30000001192092896,1.0,17,-0.0037897723942478478,0.9473684210526315,1e-05,0.0936989184046979,0.075048828125,0.1,0.9565217391304348,0.9375,0.0,16,1.0,5500
0.29999998211860657,0.9621212121212122,0.29999998211860657,552,0.29999998211860657,19,0.29999998211860657,983.85,0.29999998211860657,0.29999998211860657,0.29999998211860657,0.29999998211860657,0.29999998211860657,72351744,0.29999998211860657,7320,1.5561212121212133,9882,0.29999998211860657,1.9318181818181819,0.29999998211860657,0.29999998211860657,0.29999998211860657,0.29999998211860657,0.29999998211860657,725.5563354492188,0.29999998211860657,0.29999998211860657,0.29999998211860657,0.29999998211860657,0.03787878787878788,0.8947368421052632,0.29999998211860657,0.29999998211860657,0.29999998211860657,0.29999998211860657,1.5375908575942974,0.005113525390625,0.29999998211860657,0.29999998211860657,0.29999998211860657,0.2,0.6910288333892822,1.0,-0.19497624039649963,12,0.0017900249,127,27,23,15,-5.374142646789551,0.30000001192092896,0.9545454545454546,22,-0.0033328890925531595,0.9130434782608695,1e-05,0.08798788791173137,0.06872329711914063,0.1,1.0,1.0,0.0,14,1.0,5510
0.29999998211860657,0.9621212121212122,0.29999998211860657,553,0.29999998211860657,20,0.29999998211860657,982.56,0.29999998211860657,0.29999998211860657,0.29999998211860657,0.29999998211860657,0.29999998211860657,72482816,0.29999998211860657,7322,1.55448484848485,9898,0.29999998211860657,1.9621212121212122,0.29999998211860657,0.29999998211860657,0.29999998211860657,0.29999998211860657,0.29999998211860657,723.1102905273438,0.29999998211860657,0.29999998211860657,0.29999998211860657,0.29999998211860657,0.03787878787878788,0.9,0.29999998211860657,0.29999998211860657,0.29999998211860657,0.29999998211860657,1.668847033941551,0.00518310546875,0.29999998211860657,0.29999998211860657,0.29999998211860657,0.2,0.6756789088249207,1.0,-0.20275995135307312,16,0.0017411086,127,23,21,17,-5.374142646789551,0.30000001192092896,1.0,18,-0.003469902329788965,0.8571428571428571,1e-05,0.06635480397380888,0.06944198608398437,0.1,1.0,1.0,0.0,17,1.0,5520
0.29999998211860657,0.9770992366412213,0.29999998211860657,554,0.29999998211860657,15,0.29999998211860657,994.13,0.29999998211860657,0.29999998211860657,0.29999998211860657,0.29999998211860657,0.29999998211860657,72613888,0.29999998211860657,7323,1.5193435114503828,9914,0.29999998211860657,1.8396946564885497,0.29999998211860657,0.29999998211860657,0.29999998211860657,0.29999998211860657,0.29999998211860657,733.4812622070312,0.29999998211860657,0.29999998211860657,0.29999998211860657,0.29999998211860657,0.022900763358778626,1.0,0.29999998211860657,0.29999998211860657,0.29999998211860657,0.29999998211860657,1.3974328860004808,0.00516510009765625,0.29999998211860657,0.29999998211860657,0.29999998211860657,0.2,0.6751816272735596,1.0,-0.16130822896957397,11,0.0018146593,128,31,21,18,-5.374142646789551,0.30000001192092896,0.9444444444444444,18,-0.003532925773470197,0.9047619047619048,1e-05,0.07303976769617293,0.07453689575195313,0.1,1.0,1.0,0.0,17,1.0,5530
0.29999998211860657,0.9626865671641791,0.29999998211860657,555,0.29999998211860657,18,0.29999998211860657,978.86,0.29999998211860657,0.29999998211860657,0.29999998211860657,0.29999998211860657,0.29999998211860657,72744960,0.29999998211860657,7325,1.5319552238805982,9930,0.29999998211860657,1.8134328358208955,0.29999998211860657,0.29999998211860657,0.29999998211860657,0.29999998211860657,0.29999998211860657,725.8554077148438,0.29999998211860657,0.29999998211860657,0.29999998211860657,0.29999998211860657,0.03731343283582089,0.9444444444444444,0.29999998211860657,0.29999998211860657,0.29999998211860657,0.29999998211860657,1.6052767241098633,0.005215759277343749,0.29999998211860657,0.29999998211860657,0.29999998211860657,0.2,0.6125339269638062,0.9523809523809523,-0.23189236223697662,21,0.001727348,129,20,15,17,-5.374142646789551,0.30000001192092896,0.9523809523809523,21,-0.0033161396002014953,0.8666666666666667,1e-05,0.057223875423369465,0.06772613525390625,0.1,1.0,1.0,0.0,22,1.0,5540
0.29999998211860657,0.9473684210526315,0.29999998211860657,556,0.29999998211860657,20,0.29999998211860657,976.03,0.29999998211860657,0.29999998211860657,0.29999998211860657,0.29999998211860657,0.29999998211860657,72876032,0.29999998211860657,7326,1.5223157894736852,9947,0.29999998211860657,1.962406015037594,0.29999998211860657,0.29999998211860657,0.29999998211860657,0.29999998211860657,0.29999998211860657,718.7304077148438,0.29999998211860657,0.29999998211860657,0.29999998211860657,0.29999998211860657,0.05263157894736842,0.95,0.29999998211860657,0.29999998211860657,0.29999998211860657,0.29999998211860657,1.5073192137640432,0.0052313232421875005,0.29999998211860657,0.29999998211860657,0.29999998211860657,0.2,0.7118791341781616,1.0,-0.20725399255752563,16,0.0018072387,126,25,23,17,-5.374142646789551,0.30000001192092896,0.8823529411764706,17,-0.0033919946328296647,0.9130434782608695,1e-05,0.07192181842547143,0.07078475952148437,0.1,1.0,0.8823529411764706,0.0,15,1.0,5550
0.29999998211860657,0.927536231884058,0.29999998211860657,557,0.29999998211860657,19,0.29999998211860657,969.12,0.29999998211860657,0.29999998211860657,0.29999998211860657,0.29999998211860657,0.29999998211860657,73007104,0.29999998211860657,7327,1.5280869565217403,9963,0.29999998211860657,1.7391304347826086,0.29999998211860657,0.29999998211860657,0.29999998211860657,0.29999998211860657,0.29999998211860657,711.87353515625,0.29999998211860657,0.29999998211860657,0.29999998211860657,0.29999998211860657,0.07246376811594203,0.8421052631578947,0.29999998211860657,0.29999998211860657,0.29999998211860657,0.29999998211860657,1.5988762691192084,0.00536895751953125,0.29999998211860657,0.29999998211860657,0.29999998211860657,0.2,0.6478238105773926,1.0,-0.21171633899211884,18,0.0018633064,128,24,20,12,-5.374142646789551,0.30000001192092896,0.8181818181818182,22,-0.0035462151660794914,0.9,1e-05,0.09138010159076657,0.07610397338867188,0.1,1.0,0.9166666666666666,0.0,23,1.0,5560
0.29999998211860657,0.9453125,0.29999998211860657,558,0.29999998211860657,18,0.29999998211860657,980.01,0.29999998211860657,0.29999998211860657,0.29999998211860657,0.29999998211860657,0.29999998211860657,73138176,0.29999998211860657,7329,1.5567031250000012,9979,0.29999998211860657,2.0078125,0.29999998211860657,0.29999998211860657,0.29999998211860657,0.29999998211860657,0.29999998211860657,721.6220092773438,0.29999998211860657,0.29999998211860657,0.29999998211860657,0.29999998211860657,0.0546875,0.9444444444444444,0.29999998211860657,0.29999998211860657,0.29999998211860657,0.29999998211860657,1.5814512408605825,0.005322265624999999,0.29999998211860657,0.29999998211860657,0.29999998211860657,0.2,0.6882480978965759,1.0,-0.13870790600776672,13,0.0017462678,121,20,21,17,-5.374142646417022,0.30000001192092896,0.8666666666666667,15,-0.003954518953287333,0.8095238095238095,1e-05,0.11400850803183857,0.07114410400390625,0.1,1.0,1.0,0.0,24,1.0,5570
0.29999998211860657,0.9708029197080292,0.29999998211860657,559,0.29999998211860657,14,0.29999998211860657,995.47,0.29999998211860657,0.29999998211860657,0.29999998211860657,0.29999998211860657,0.29999998211860657,73269248,0.29999998211860657,7330,1.5383503649635049,9995,0.29999998211860657,1.4744525547445255,0.29999998211860657,0.29999998211860657,0.29999998211860657,0.29999998211860657,0.29999998211860657,734.5381469726562,0.29999998211860657,0.29999998211860657,0.29999998211860657,0.29999998211860657,0.029197080291970802,1.0,0.29999998211860657,0.29999998211860657,0.29999998211860657,0.29999998211860657,1.206311303326168,0.005306396484375,0.29999998211860657,0.29999998211860657,0.29999998211860657,0.2,0.7045108079910278,1.0,-0.23660078644752502,14,0.0018305574,133,44,19,18,-5.374142646789551,0.30000001192092896,1.0,10,-0.003749435013742186,0.8421052631578947,1e-05,0.08452257563913008,0.07473297119140625,0.1,1.0,0.9444444444444444,0.0,18,1.0,5580
0.29999998211860657,0.968503937007874,0.29999998211860657,560,0.29999998211860657,15,0.29999998211860657,977.15,0.29999998211860657,0.29999998211860657,0.29999998211860657,0.29999998211860657,0.29999998211860657,73400320,0.29999998211860657,7331,1.5211023622047255,10011,0.29999998211860657,1.8818897637795275,0.29999998211860657,0.29999998211860657,0.29999998211860657,0.29999998211860657,0.29999998211860657,718.7530517578125,0.29999998211860657,0.29999998211860657,0.29999998211860657,0.29999998211860657,0.031496062992125984,0.9333333333333333,0.29999998211860657,0.29999998211860657,0.29999998211860657,0.29999998211860657,1.4870110701947403,0.00528533935546875,0.29999998211860657,0.29999998211860657,0.29999998211860657,0.2,0.6233451962471008,1.0,-0.2249009609222412,7,0.0017573354,123,30,17,19,-5.374142646789551,0.30000001192092896,0.9090909090909091,22,-0.00330092233407413,0.9411764705882353,1e-05,0.06416326473117806,0.06947097778320313,0.1,1.0,1.0,0.0,17,1.0,5590
0.29999998211860657,0.9295774647887324,0.29999998211860657,561,0.29999998211860657,13,0.29999998211860657,981.48,0.29999998211860657,0.29999998211860657,0.29999998211860657,0.29999998211860657,0.29999998211860657,73531392,0.29999998211860657,7333,1.5549436619718322,10027,0.29999998211860657,1.7535211267605635,0.29999998211860657,0.29999998211860657,0.29999998211860657,0.29999998211860657,0.29999998211860657,719.1925659179688,0.29999998211860657,0.29999998211860657,0.29999998211860657,0.29999998211860657,0.07042253521126761,0.9230769230769231,0.29999998211860657,0.29999998211860657,0.29999998211860657,0.29999998211860657,1.482558664240407,0.00531951904296875,0.29999998211860657,0.29999998211860657,0.29999998211860657,0.2,0.6704205274581909,0.9583333333333334,-0.21598663926124573,24,0.0017905703,132,27,15,23,-5.374142646789551,0.30000001192092896,0.8636363636363636,22,-0.0037770547782201903,0.8666666666666667,1e-05,0.07854778691835236,0.070697021484375,0.1,1.0,0.9130434782608695,0.0,18,0.9444444444444444,5600
0.29999998211860657,0.9457364341085271,0.29999998211860657,562,0.29999998211860657,19,0.29999998211860657,961.85,0.29999998211860657,0.29999998211860657,0.29999998211860657,0.29999998211860657,0.29999998211860657,73662464,0.29999998211860657,7334,1.5484031007751948,10043,0.29999998211860657,1.9767441860465116,0.29999998211860657,0.29999998211860657,0.29999998211860657,0.29999998211860657,0.29999998211860657,709.8814086914062,0.29999998211860657,0.29999998211860657,0.29999998211860657,0.29999998211860657,0.05426356589147287,0.8947368421052632,0.29999998211860657,0.29999998211860657,0.29999998211860657,0.29999998211860657,1.5223777014655235,0.005272827148437499,0.29999998211860657,0.29999998211860657,0.29999998211860657,0.2,0.6727190017700195,1.0,-0.18127785623073578,14,0.0018133968,122,24,21,19,-5.374142646789551,0.30000001192092896,1.0,11,-0.0036015159437738477,0.8571428571428571,1e-05,0.09175564200995723,0.07248153686523437,0.1,1.0,0.8947368421052632,0.0,21,1.0,5610
0.29999998211860657,0.9624060150375939,0.29999998211860657,563,0.29999998211860657,20,0.29999998211860657,982.16,0.29999998211860657,0.29999998211860657,0.29999998211860657,0.29999998211860657,0.29999998211860657,73793536,0.29999998211860657,7336,1.5301954887218054,10059,0.29999998211860657,1.8270676691729324,0.29999998211860657,0.29999998211860657,0.29999998211860657,0.29999998211860657,0.29999998211860657,722.95947265625,0.29999998211860657,0.29999998211860657,0.29999998211860657,0.29999998211860657,0.03759398496240601,0.9,0.29999998211860657,0.29999998211860657,0.29999998211860657,0.29999998211860657,1.5239284557158872,0.00537689208984375,0.29999998211860657,0.29999998211860657,0.29999998211860657,0.2,0.60999596118927,1.0,-0.16232383251190186,11,0.001824368,128,27,22,13,-5.374142646789551,0.30000001192092896,0.9411764705882353,17,-0.0037049012802526705,0.9090909090909091,1e-05,0.09452410411613528,0.07029876708984376,0.1,1.0,1.0,0.0,23,1.0,5620
0.29999998211860657,0.9440559440559441,0.29999998211860657,564,0.29999998211860657,19,0.29999998211860657,984.06,0.29999998211860657,0.29999998211860657,0.29999998211860657,0.29999998211860657,0.29999998211860657,73924608,0.29999998211860657,7337,1.5441958041958053,10075,0.29999998211860657,1.937062937062937,0.29999998211860657,0.29999998211860657,0.29999998211860657,0.29999998211860657,0.29999998211860657,723.2853393554688,0.29999998211860657,0.29999998211860657,0.29999998211860657,0.29999998211860657,0.055944055944055944,0.8421052631578947,0.29999998211860657,0.29999998211860657,0.29999998211860657,0.29999998211860657,1.6362061367506948,0.00546173095703125,0.29999998211860657,0.29999998211860657,0.29999998211860657,0.2,0.6735699772834778,1.0,-0.2113182097673416,27,0.0017630983,135,20,24,19,-5.374142646789551,0.30000001192092896,0.9333333333333333,15,-0.003623357512333314,0.875,1e-05,0.06992805908957962,0.0666717529296875,0.1,1.0,0.9473684210526315,0.0,19,1.0,5630
0.29999998211860657,0.9747899159663865,0.29999998211860657,565,0.29999998211860657,11,0.29999998211860657,990.84,0.29999998211860657,0.29999998211860657,0.29999998211860657,0.29999998211860657,0.29999998211860657,74055680,0.29999998211860657,7338,1.555781512605043,10091,0.29999998211860657,1.73109243697479,0.29999998211860657,0.29999998211860657,0.29999998211860657,0.29999998211860657,0.29999998211860657,731.8497924804688,0.29999998211860657,0.29999998211860657,0.29999998211860657,0.29999998211860657,0.025210084033613446,0.8181818181818182,0.29999998211860657,0.29999998211860657,0.29999998211860657,0.29999998211860657,1.4198519224089827,0.0055108642578125,0.29999998211860657,0.29999998211860657,0.29999998211860657,0.2,0.6379208564758301,1.0,-0.15464481711387634,11,0.0018906372,116,29,25,10,-5.374142646789551,0.30000001192092896,1.0,19,-0.0037737510760507574,0.96,1e-05,0.09594192211079644,0.07885208129882812,0.1,1.0,1.0,0.0,14,1.0,5640
0.29999998211860657,0.9395973154362416,0.29999998211860657,566,0.29999998211860657,27,0.29999998211860657,975.0,0.29999998211860657,0.29999998211860657,0.29999998211860657,0.29999998211860657,0.29999998211860657,74186752,0.29999998211860657,7340,1.5303087248322158,10107,0.29999998211860657,2.0201342281879193,0.29999998211860657,0.29999998211860657,0.29999998211860657,0.29999998211860657,0.29999998211860657,716.9229125976562,0.29999998211860657,0.29999998211860657,0.29999998211860657,0.29999998211860657,0.06040268456375839,0.9259259259259259,0.29999998211860657,0.29999998211860657,0.29999998211860657,0.29999998211860657,1.6662485113772518,0.005474853515625,0.29999998211860657,0.29999998211860657,0.29999998211860657,0.2,0.7324337959289551,0.9565217391304348,-0.21137452125549316,23,0.0018003312,140,21,20,20,-5.374142646789551,0.30000001192092896,0.9130434782608695,23,-0.003368470052782868,0.8,1e-05,0.05387376575963572,0.06969528198242188,0.1,1.0,1.0,0.0,15,1.0,5650
0.29999998211860657,0.9173553719008265,0.29999998211860657,567,0.29999998211860657,15,0.29999998211860657,973.43,0.29999998211860657,0.29999998211860657,0.29999998211860657,0.29999998211860657,0.29999998211860657,74317824,0.29999998211860657,7341,1.5581157024793402,10123,0.29999998211860657,1.9421487603305785,0.29999998211860657,0.29999998211860657,0.29999998211860657,0.29999998211860657,0.29999998211860657,722.1978759765625,0.29999998211860657,0.29999998211860657,0.29999998211860657,0.29999998211860657,0.08264462809917356,0.8,0.29999998211860657,0.29999998211860657,0.29999998211860657,0.29999998211860657,1.5095844603368531,0.00565673828125,0.29999998211860657,0.29999998211860657,0.29999998211860657,0.2,0.6996991038322449,1.0,-0.18452337384223938,15,0.0018564719,111,22,20,17,-5.374142646789551,0.30000001192092896,0.9333333333333333,15,-0.0037205507324870267,0.8,1e-05,0.10567120976920705,0.07221298217773438,0.1,1.0,0.8823529411764706,0.0,17,1.0,5660
0.29999998211860657,0.9527027027027027,0.29999998211860657,568,0.29999998211860657,20,0.29999998211860657,982.69,0.29999998211860657,0.29999998211860657,0.29999998211860657,0.29999998211860657,0.29999998211860657,74448896,0.29999998211860657,7342,1.5405945945945958,10139,0.29999998211860657,1.7567567567567568,0.29999998211860657,0.29999998211860657,0.29999998211860657,0.29999998211860657,0.29999998211860657,722.4099731445312,0.29999998211860657,0.29999998211860657,0.29999998211860657,0.29999998211860657,0.0472972972972973,0.9,0.29999998211860657,0.29999998211860657,0.29999998211860657,0.29999998211860657,1.5692956645010285,0.005505371093749999,0.29999998211860657,0.29999998211860657,0.29999998211860657,0.2,0.696792721748352,1.0,-0.18369150161743164,19,0.0017799961,141,28,28,10,-5.374142646789551,0.30000001192092896,0.9130434782608695,23,-0.0036743121805557165,0.9285714285714286,1e-05,0.09135936825186945,0.06820755004882813,0.1,1.0,0.9,0.0,20,1.0,5670
0.29999998211860657,0.975,0.29999998211860657,569,0.29999998211860657,14,0.29999998211860657,986.55,0.29999998211860657,0.29999998211860657,0.29999998211860657,0.29999998211860657,0.29999998211860657,74579968,0.29999998211860657,7344,1.535650000000001,10155,0.29999998211860657,2.05,0.29999998211860657,0.29999998211860657,0.29999998211860657,0.29999998211860657,0.29999998211860657,725.10986328125,0.29999998211860657,0.29999998211860657,0.29999998211860657,0.29999998211860657,0.025,0.9285714285714286,0.29999998211860657,0.29999998211860657,0.29999998211860657,0.29999998211860657,1.5117237592748904,0.00531341552734375,0.29999998211860657,0.29999998211860657,0.29999998211860657,0.2,0.6671210527420044,1.0,-0.13823948800563812,15,0.0018457053,117,21,19,20,-5.374142646789551,0.30000001192092896,1.0,18,-0.00372842918563947,0.8947368421052632,1e-05,0.10713508184999228,0.0758575439453125,0.1,1.0,1.0,0.0,13,1.0,5680
0.29999998211860657,0.9459459459459459,0.29999998211860657,570,0.29999998211860657,20,0.29999998211860657,968.35,0.29999998211860657,0.29999998211860657,0.29999998211860657,0.29999998211860657,0.29999998211860657,74711040,0.29999998211860657,7345,1.5343243243243256,10171,0.29999998211860657,2.060810810810811,0.29999998211860657,0.29999998211860657,0.29999998211860657,0.29999998211860657,0.29999998211860657,720.3351440429688,0.29999998211860657,0.29999998211860657,0.29999998211860657,0.29999998211860657,0.05405405405405406,0.85,0.29999998211860657,0.29999998211860657,0.29999998211860657,0.29999998211860657,1.6162734988214447,0.00547821044921875,0.29999998211860657,0.29999998211860657,0.29999998211860657,0.2,0.6113206148147583,1.0,-0.22595250606536865,9,0.001725367,140,28,22,23,-5.374142646789551,0.30000001192092896,0.9166666666666666,24,-0.0033603148720885655,0.9545454545454546,1e-05,0.06178963537240634,0.0702392578125,0.1,1.0,0.9565217391304348,0.0,22,0.9545454545454546,5690
0.29999998211860657,0.90625,0.29999998211860657,571,0.29999998211860657,18,0.29999998211860657,950.79,0.29999998211860657,0.29999998211860657,0.29999998211860657,0.29999998211860657,0.29999998211860657,74842112,0.29999998211860657,7346,1.530859375000001,10187,0.29999998211860657,1.890625,0.29999998211860657,0.29999998211860657,0.29999998211860657,0.29999998211860657,0.29999998211860657,698.5546875,0.29999998211860657,0.29999998211860657,0.29999998211860657,0.29999998211860657,0.09375,0.8333333333333334,0.29999998211860657,0.29999998211860657,0.29999998211860657,0.29999998211860657,1.508717364042838,0.005593566894531251,0.29999998211860657,0.29999998211860657,0.29999998211860657,0.2,0.7140818238258362,0.9285714285714286,-0.17670613527297974,14,0.0017427064,116,24,18,15,-5.374142640829087,0.30000001192092896,0.8076923076923077,26,-0.003736359475806239,0.8333333333333334,1e-05,0.0968432126159314,0.06614151000976562,0.1,1.0,1.0,0.0,13,1.0,5700
0.29999998211860657,0.9784172661870504,0.29999998211860657,572,0.29999998211860657,20,0.29999998211860657,991.14,0.29999998211860657,0.29999998211860657,0.29999998211860657,0.29999998211860657,0.29999998211860657,74973184,0.29999998211860657,7348,1.526057553956836,10203,0.29999998211860657,2.0719424460431655,0.29999998211860657,0.29999998211860657,0.29999998211860657,0.29999998211860657,0.29999998211860657,732.2113037109375,0.29999998211860657,0.29999998211860657,0.29999998211860657,0.29999998211860657,0.02158273381294964,1.0,0.29999998211860657,0.29999998211860657,0.29999998211860657,0.29999998211860657,1.568487085904274,0.0054876708984375,0.29999998211860657,0.29999998211860657,0.29999998211860657,0.2,0.7399091720581055,1.0,-0.16446924209594727,15,0.0019281174,136,25,22,23,-5.374142646789551,0.30000001192092896,0.875,16,-0.003844149434235078,1.0,1e-05,0.12070800746732857,0.07860183715820312,0.1,1.0,0.9565217391304348,0.0,18,1.0,5710
0.29999998211860657,0.9242424242424242,0.29999998211860657,573,0.29999998211860657,14,0.29999998211860657,963.56,0.29999998211860657,0.29999998211860657,0.29999998211860657,0.29999998211860657,0.29999998211860657,75104256,0.29999998211860657,7349,1.5324848484848494,10219,0.29999998211860657,1.9545454545454546,0.29999998211860657,0.29999998211860657,0.29999998211860657,0.29999998211860657,0.29999998211860657,705.1182250976562,0.29999998211860657,0.29999998211860657,0.29999998211860657,0.29999998211860657,0.07575757575757576,0.7857142857142857,0.29999998211860657,0.29999998211860657,0.29999998211860657,0.29999998211860657,1.714303801684405,0.00558380126953125,0.29999998211860657,0.29999998211860657,0.29999998211860657,0.2,0.5422228574752808,1.0,-0.19969603419303894,19,0.001768123,122,18,26,14,-5.374142646789551,0.30000001192092896,0.8947368421052632,19,-0.0029764614033410907,0.8461538461538461,1e-05,0.061479702932410875,0.07105712890625,0.1,1.0,0.9285714285714286,0.0,22,1.0,5720
0.29999998211860657,0.9555555555555556,0.29999998211860657,574,0.29999998211860657,21,0.29999998211860657,987.81,0.29999998211860657,0.29999998211860657,0.29999998211860657,0.29999998211860657,0.29999998211860657,75235328,0.29999998211860657,7350,1.54008888888889,10235,0.29999998211860657,1.7185185185185186,0.29999998211860657,0.29999998211860657,0.29999998211860657,0.29999998211860657,0.29999998211860657,732.8244018554688,0.29999998211860657,0.29999998211860657,0.29999998211860657,0.29999998211860657,0.044444444444444446,0.9523809523809523,0.29999998211860657,0.29999998211860657,0.29999998211860657,0.29999998211860657,1.4912818228551,0.005599365234375,0.29999998211860657,0.29999998211860657,0.29999998211860657,0.2,0.6515147686004639,1.0,-0.17760580778121948,16,0.0018038815,129,28,16,14,-5.374142646789551,0.30000001192092896,0.9130434782608695,23,-0.004062431643887976,0.8125,1e-05,0.13253821212856565,0.07463607788085938,0.1,1.0,1.0,0.0,17,1.0,5730
0.29999998211860657,0.9473684210526315,0.29999998211860657,575,0.29999998211860657,15,0.29999998211860657,985.27,0.29999998211860657,0.29999998211860657,0.29999998211860657,0.29999998211860657,0.29999998211860657,75366400,0.29999998211860657,7351,1.563714285714287,10251,0.29999998211860657,1.6090225563909775,0.29999998211860657,0.29999998211860657,0.29999998211860657,0.29999998211860657,0.29999998211860657,726.9204711914062,0.29999998211860657,0.29999998211860657,0.29999998211860657,0.29999998211860657,0.05263157894736842,1.0,0.29999998211860657,0.29999998211860657,0.29999998211860657,0.29999998211860657,1.6376702307684996,0.0055908203125,0.29999998211860657,0.29999998211860657,0.29999998211860657,0.2,0.6734570860862732,0.96,-0.2272731512784958,25,0.0018365601,126,25,20,13,-5.374142646789551,0.30000001192092896,0.9285714285714286,14,-0.003504869286189205,0.8,1e-05,0.07596969627920772,0.07214126586914063,0.1,0.96,1.0,0.0,21,1.0,5740
0.29999998211860657,0.9552238805970149,0.29999998211860657,576,0.29999998211860657,16,0.29999998211860657,976.1,0.29999998211860657,0.29999998211860657,0.29999998211860657,0.29999998211860657,0.29999998211860657,75497472,0.29999998211860657,7353,1.544089552238807,10267,0.29999998211860657,1.7761194029850746,0.29999998211860657,0.29999998211860657,0.29999998211860657,0.29999998211860657,0.29999998211860657,726.321533203125,0.29999998211860657,0.29999998211860657,0.29999998211860657,0.29999998211860657,0.04477611940298507,0.9375,0.29999998211860657,0.29999998211860657,0.29999998211860657,0.29999998211860657,1.4045483827372771,0.005574340820312501,0.29999998211860657,0.29999998211860657,0.29999998211860657,0.2,0.7429969906806946,1.0,-0.20329982042312622,21,0.0017477772,128,31,25,17,-5.374142646789551,0.30000001192092896,0.8333333333333334,12,-0.0037964776381613774,0.92,1e-05,0.0741237847978482,0.069244384765625,0.1,1.0,0.9411764705882353,0.0,12,1.0,5750
0.29999998211860657,0.9694656488549618,0.29999998211860657,577,0.29999998211860657,17,0.29999998211860657,985.64,0.29999998211860657,0.29999998211860657,0.29999998211860657,0.29999998211860657,0.29999998211860657,75628544,0.29999998211860657,7354,1.5543969465648866,10283,0.29999998211860657,1.7709923664122138,0.29999998211860657,0.29999998211860657,0.29999998211860657,0.29999998211860657,0.29999998211860657,732.4004516601562,0.29999998211860657,0.29999998211860657,0.29999998211860657,0.29999998211860657,0.030534351145038167,0.8823529411764706,0.29999998211860657,0.29999998211860657,0.29999998211860657,0.29999998211860657,1.5372172875744117,0.005548095703125,0.29999998211860657,0.29999998211860657,0.29999998211860657,0.2,0.620557427406311,1.0,-0.1652146577835083,19,0.0017930197,127,26,16,18,-5.374142646789551,0.30000001192092896,0.9444444444444444,18,-0.0035251813543254683,0.9375,1e-05,0.0871845829024096,0.07293548583984374,0.1,1.0,1.0,0.0,17,1.0,5760
0.29999998211860657,0.935251798561151,0.29999998211860657,578,0.29999998211860657,21,0.29999998211860657,963.39,0.29999998211860657,0.29999998211860657,0.29999998211860657,0.29999998211860657,0.29999998211860657,75759616,0.29999998211860657,7355,1.5513093525179869,10299,0.29999998211860657,1.920863309352518,0.29999998211860657,0.29999998211860657,0.29999998211860657,0.29999998211860657,0.29999998211860657,713.7666625976562,0.29999998211860657,0.29999998211860657,0.29999998211860657,0.29999998211860657,0.06474820143884892,0.9047619047619048,0.29999998211860657,0.29999998211860657,0.29999998211860657,0.29999998211860657,1.626699761892916,0.0057830810546875,0.29999998211860657,0.29999998211860657,0.29999998211860657,0.2,0.6965314149856567,0.95,-0.2214173525571823,20,0.0018277434,130,23,26,14,-5.374142646789551,0.30000001192092896,1.0,18,-0.003725259749990073,0.7692307692307693,1e-05,0.0744641389552271,0.0753387451171875,0.1,1.0,1.0,0.0,17,1.0,5770
0.29999998211860657,0.967741935483871,0.29999998211860657,579,0.29999998211860657,19,0.29999998211860657,984.84,0.29999998211860657,0.29999998211860657,0.29999998211860657,0.29999998211860657,0.29999998211860657,75890688,0.29999998211860657,7357,1.5427096774193558,10315,0.29999998211860657,1.9274193548387097,0.29999998211860657,0.29999998211860657,0.29999998211860657,0.29999998211860657,0.29999998211860657,729.3052978515625,0.29999998211860657,0.29999998211860657,0.29999998211860657,0.29999998211860657,0.03225806451612903,0.8947368421052632,0.29999998211860657,0.29999998211860657,0.29999998211860657,0.29999998211860657,1.5513731459387943,0.005751342773437499,0.29999998211860657,0.29999998211860657,0.29999998211860657,0.2,0.7270344495773315,1.0,-0.1469225436449051,18,0.0017895241,120,24,17,20,-5.374142646789551,0.30000001192092896,1.0,12,-0.003709151988823578,0.8823529411764706,1e-05,0.10100124209420755,0.06766510009765625,0.1,1.0,1.0,0.0,14,1.0,5780
0.29999998211860657,0.9577464788732394,0.29999998211860657,580,0.29999998211860657,22,0.29999998211860657,982.0,0.29999998211860657,0.29999998211860657,0.29999998211860657,0.29999998211860657,0.29999998211860657,76021760,0.29999998211860657,7358,1.5605915492957758,10331,0.29999998211860657,1.5140845070422535,0.29999998211860657,0.29999998211860657,0.29999998211860657,0.29999998211860657,0.29999998211860657,727.0310668945312,0.29999998211860657,0.29999998211860657,0.29999998211860657,0.29999998211860657,0.04225352112676056,0.8181818181818182,0.29999998211860657,0.29999998211860657,0.29999998211860657,0.29999998211860657,1.3758523675514744,0.005791931152343751,0.29999998211860657,0.29999998211860657,0.29999998211860657,0.2,0.6610531210899353,1.0,-0.20449653267860413,26,0.001885321,136,31,14,14,-5.374142646789551,0.30000001192092896,0.9473684210526315,19,-0.0037063650955587945,0.9285714285714286,1e-05,0.07701853296312038,0.07695541381835938,0.1,1.0,1.0,0.0,16,1.0,5790
0.29999998211860657,0.9133858267716536,0.29999998211860657,581,0.29999998211860657,22,0.29999998211860657,960.75,0.29999998211860657,0.29999998211860657,0.29999998211860657,0.29999998211860657,0.29999998211860657,76152832,0.29999998211860657,7359,1.5575275590551196,10347,0.29999998211860657,1.8346456692913387,0.29999998211860657,0.29999998211860657,0.29999998211860657,0.29999998211860657,0.29999998211860657,710.1202392578125,0.29999998211860657,0.29999998211860657,0.29999998211860657,0.29999998211860657,0.08661417322834646,0.8636363636363636,0.29999998211860657,0.29999998211860657,0.29999998211860657,0.29999998211860657,1.5727939462611549,0.005730590820312501,0.29999998211860657,0.29999998211860657,0.29999998211860657,0.2,0.6650345325469971,1.0,-0.23201940953731537,23,0.0017865549,116,18,15,14,-5.374142646789551,0.30000001192092896,0.85,20,-0.003533351153964759,0.6666666666666666,1e-05,0.07353196629264858,0.07062606811523438,0.1,1.0,1.0,0.0,15,1.0,5800
0.29999998211860657,0.9852941176470589,0.29999998211860657,582,0.29999998211860657,18,0.29999998211860657,993.74,0.29999998211860657,0.29999998211860657,0.29999998211860657,0.29999998211860657,0.29999998211860657,76283904,0.29999998211860657,7360,1.544823529411766,10363,0.29999998211860657,1.9191176470588236,0.29999998211860657,0.29999998211860657,0.29999998211860657,0.29999998211860657,0.29999998211860657,735.451416015625,0.29999998211860657,0.29999998211860657,0.29999998211860657,0.29999998211860657,0.014705882352941176,1.0,0.29999998211860657,0.29999998211860657,0.29999998211860657,0.29999998211860657,1.5082265105034818,0.0058453369140625,0.29999998211860657,0.29999998211860657,0.29999998211860657,0.2,0.6870641112327576,1.0,-0.13772088289260864,23,0.0018139542,134,25,27,17,-5.374142646789551,0.30000001192092896,1.0,13,-0.004292548927696771,0.9629629629629629,1e-05,0.11638153288222383,0.0755828857421875,0.1,1.0,0.9411764705882353,0.0,13,1.0,5810
0.29999998211860657,0.9710144927536232,0.29999998211860657,583,0.29999998211860657,15,0.29999998211860657,995.54,0.29999998211860657,0.29999998211860657,0.29999998211860657,0.29999998211860657,0.29999998211860657,76414976,0.29999998211860657,7362,1.538739130434784,10379,0.29999998211860657,1.7391304347826086,0.29999998211860657,0.29999998211860657,0.29999998211860657,0.29999998211860657,0.29999998211860657,736.364013671875,0.29999998211860657,0.29999998211860657,0.29999998211860657,0.29999998211860657,0.028985507246376812,0.9333333333333333,0.29999998211860657,0.29999998211860657,0.29999998211860657,0.29999998211860657,1.4922406040307878,0.0057476806640625,0.29999998211860657,0.29999998211860657,0.29999998211860657,0.2,0.796602725982666,1.0,-0.2274688333272934,17,0.0017122785,134,31,21,18,-5.374142646789551,0.30000001192092896,0.9375,16,-0.003093563250558873,0.9523809523809523,1e-05,0.05637345832074061,0.0637939453125,0.1,1.0,1.0,0.0,20,0.95,5820
0.29999998211860657,0.9606299212598425,0.29999998211860657,584,0.29999998211860657,14,0.29999998211860657,988.64,0.29999998211860657,0.29999998211860657,0.29999998211860657,0.29999998211860657,0.29999998211860657,76546048,0.29999998211860657,7363,1.5666456692913395,10395,0.29999998211860657,2.0,0.29999998211860657,0.29999998211860657,0.29999998211860657,0.29999998211860657,0.29999998211860657,736.0311889648438,0.29999998211860657,0.29999998211860657,0.29999998211860657,0.29999998211860657,0.03937007874015748,0.9285714285714286,0.29999998211860657,0.29999998211860657,0.29999998211860657,0.29999998211860657,1.4104619657306625,0.005758972167968749,0.29999998211860657,0.29999998211860657,0.29999998211860657,0.2,0.6619709730148315,1.0,-0.2192508578300476,22,0.0018215535,122,22,23,19,-5.374142646789551,0.30000001192092896,0.9,20,-0.003614030136304791,0.9565217391304348,1e-05,0.07370891350728925,0.07472991943359375,0.1,1.0,0.9473684210526315,0.0,7,1.0,5830
0.29999998211860657,0.9705882352941176,0.29999998211860657,585,0.29999998211860657,20,0.29999998211860657,990.95,0.29999998211860657,0.29999998211860657,0.29999998211860657,0.29999998211860657,0.29999998211860657,76677120,0.29999998211860657,7364,1.5786323529411777,10411,0.29999998211860657,1.7058823529411764,0.29999998211860657,0.29999998211860657,0.29999998211860657,0.29999998211860657,0.29999998211860657,737.24609375,0.29999998211860657,0.29999998211860657,0.29999998211860657,0.29999998211860657,0.029411764705882353,0.95,0.29999998211860657,0.29999998211860657,0.29999998211860657,0.29999998211860657,1.4805726019591952,0.00587860107421875,0.29999998211860657,0.29999998211860657,0.29999998211860657,0.2,0.6759603023529053,1.0,-0.20073454082012177,16,0.0017393103,132,30,22,12,-5.374142646789551,0.30000001192092896,1.0,18,-0.0036842254447037705,0.9090909090909091,1e-05,0.05942948716256069,0.06601943969726562,0.1,1.0,1.0,0.0,18,0.9444444444444444,5840
0.29999998211860657,0.9461538461538461,0.29999998211860657,586,0.29999998211860657,17,0.29999998211860657,969.36,0.29999998211860657,0.29999998211860657,0.29999998211860657,0.29999998211860657,0.29999998211860657,76808192,0.29999998211860657,7365,1.5298769230769242,10427,0.29999998211860657,1.9615384615384615,0.29999998211860657,0.29999998211860657,0.29999998211860657,0.29999998211860657,0.29999998211860657,720.7572021484375,0.29999998211860657,0.29999998211860657,0.29999998211860657,0.29999998211860657,0.05384615384615385,1.0,0.29999998211860657,0.29999998211860657,0.29999998211860657,0.29999998211860657,1.5067658218988527,0.0060266113281250006,0.29999998211860657,0.29999998211860657,0.29999998211860657,0.2,0.7101863026618958,1.0,-0.22267946600914001,14,0.0018279267,123,27,25,18,-5.374142646789551,0.30000001192092896,0.9166666666666666,12,-0.0033909571600361232,0.8,1e-05,0.06073740085994359,0.07205276489257813,0.1,1.0,0.9444444444444444,0.0,17,1.0,5850
0.29999998211860657,0.95,0.29999998211860657,587,0.29999998211860657,18,0.29999998211860657,985.45,0.29999998211860657,0.29999998211860657,0.29999998211860657,0.29999998211860657,0.29999998211860657,76939264,0.29999998211860657,7366,1.531257142857144,10443,0.29999998211860657,1.8214285714285714,0.29999998211860657,0.29999998211860657,0.29999998211860657,0.29999998211860657,0.29999998211860657,727.410888671875,0.29999998211860657,0.29999998211860657,0.29999998211860657,0.29999998211860657,0.05,0.9444444444444444,0.29999998211860657,0.29999998211860657,0.29999998211860657,0.29999998211860657,1.6566944819839173,0.00597198486328125,0.29999998211860657,0.29999998211860657,0.29999998211860657,0.2,0.5942189693450928,1.0,-0.23977214097976685,27,0.0018057349,133,19,18,17,-5.374142646789551,0.30000001192092896,0.9545454545454546,22,-0.003323030216870393,0.8888888888888888,1e-05,0.08967772574542324,0.07050247192382812,0.1,0.9473684210526315,0.8823529411764706,0.0,19,1.0,5860
0.29999998211860657,0.9609375,0.29999998211860657,588,0.29999998211860657,22,0.29999998211860657,972.32,0.29999998211860657,0.29999998211860657,0.29999998211860657,0.29999998211860657,0.29999998211860657,77070336,0.29999998211860657,7367,1.5544687500000012,10461,0.29999998211860657,1.8671875,0.29999998211860657,0.29999998211860657,0.29999998211860657,0.29999998211860657,0.29999998211860657,722.555908203125,0.29999998211860657,0.29999998211860657,0.29999998211860657,0.29999998211860657,0.0390625,1.0,0.29999998211860657,0.29999998211860657,0.29999998211860657,0.29999998211860657,1.4644435547637515,0.0059710693359375,0.29999998211860657,0.29999998211860657,0.29999998211860657,0.2,0.6992906332015991,0.9523809523809523,-0.13794676959514618,21,0.0018654369,123,21,21,12,-5.374142646789551,0.30000001192092896,1.0,19,-0.0038041175696889697,0.8571428571428571,1e-05,0.09349428950226865,0.07702407836914063,0.1,1.0,0.9166666666666666,0.0,12,1.0,5870
0.29999998211860657,0.9642857142857143,0.29999998211860657,589,0.29999998211860657,21,0.29999998211860657,979.65,0.29999998211860657,0.29999998211860657,0.29999998211860657,0.29999998211860657,0.29999998211860657,77201408,0.29999998211860657,7367,1.5366857142857153,10478,0.29999998211860657,1.9785714285714286,0.29999998211860657,0.29999998211860657,0.29999998211860657,0.29999998211860657,0.29999998211860657,720.490478515625,0.29999998211860657,0.29999998211860657,0.29999998211860657,0.29999998211860657,0.03571428571428571,0.9047619047619048,0.29999998211860657,0.29999998211860657,0.29999998211860657,0.29999998211860657,1.546519685232321,0.00609039306640625,0.29999998211860657,0.29999998211860657,0.29999998211860657,0.2,0.6682680249214172,1.0,-0.22129607200622559,16,0.0017776478,135,25,23,18,-5.374142646789551,0.30000001192092896,0.95,20,-0.0038016028035599446,0.9565217391304348,1e-05,0.06839699511183425,0.072857666015625,0.1,1.0,1.0,0.0,17,0.9411764705882353,5880
0.29999998211860657,0.9166666666666666,0.29999998211860657,590,0.29999998211860657,17,0.29999998211860657,962.69,0.29999998211860657,0.29999998211860657,0.29999998211860657,0.29999998211860657,0.29999998211860657,77332480,0.29999998211860657,7368,1.540621212121213,10495,0.29999998211860657,1.9621212121212122,0.29999998211860657,0.29999998211860657,0.29999998211860657,0.29999998211860657,0.29999998211860657,713.3204956054688,0.29999998211860657,0.29999998211860657,0.29999998211860657,0.29999998211860657,0.08333333333333333,0.8823529411764706,0.29999998211860657,0.29999998211860657,0.29999998211860657,0.29999998211860657,1.6517850488583,0.0060784912109375,0.29999998211860657,0.29999998211860657,0.29999998211860657,0.2,0.6446549892425537,1.0,-0.22629259526729584,18,0.001773859,121,20,16,19,-5.374142646789551,0.30000001192092896,0.9259259259259259,27,-0.0036598175994413396,0.6875,1e-05,0.09139727874135133,0.06922988891601563,0.1,1.0,0.9473684210526315,0.0,15,0.9333333333333333,5890
0.29999998211860657,0.9214285714285714,0.29999998211860657,591,0.29999998211860657,23,0.29999998211860657,967.63,0.29999998211860657,0.29999998211860657,0.29999998211860657,0.29999998211860657,0.29999998211860657,77463552,0.29999998211860657,7368,1.524414285714287,10512,0.29999998211860657,2.0285714285714285,0.29999998211860657,0.29999998211860657,0.29999998211860657,0.29999998211860657,0.29999998211860657,717.37158203125,0.29999998211860657,0.29999998211860657,0.29999998211860657,0.29999998211860657,0.07857142857142857,0.9130434782608695,0.29999998211860657,0.29999998211860657,0.29999998211860657,0.29999998211860657,1.603964142754234,0.006021728515625,0.29999998211860657,0.29999998211860657,0.29999998211860657,0.2,0.7173372507095337,0.875,-0.08413954079151154,16,0.0018520276,129,23,17,22,-5.374142646789551,0.30000001192092896,1.0,21,-0.004299442104911577,0.6470588235294118,1e-05,0.12343860273831524,0.07315216064453126,0.1,1.0,0.9545454545454546,0.0,18,1.0,5900
0.29999998211860657,0.9230769230769231,0.29999998211860657,592,0.29999998211860657,22,0.29999998211860657,983.59,0.29999998211860657,0.29999998211860657,0.29999998211860657,0.29999998211860657,0.29999998211860657,77594624,0.29999998211860657,7369,1.5688461538461551,10529,0.29999998211860657,2.076923076923077,0.29999998211860657,0.29999998211860657,0.29999998211860657,0.29999998211860657,0.29999998211860657,732.8027954101562,0.29999998211860657,0.29999998211860657,0.29999998211860657,0.29999998211860657,0.07692307692307693,0.8181818181818182,0.29999998211860657,0.29999998211860657,0.29999998211860657,0.29999998211860657,1.6483910594840703,0.006011962890625,0.29999998211860657,0.29999998211860657,0.29999998211860657,0.2,0.6458480358123779,1.0,-0.210020512342453,19,0.001829621,120,19,20,17,-5.374142646789551,0.30000001192092896,0.88,25,-0.004089806083584335,0.85,1e-05,0.11938490553584416,0.07165985107421875,0.1,1.0,1.0,0.0,8,1.0,5910
0.29999998211860657,0.9850746268656716,0.29999998211860657,593,0.29999998211860657,22,0.29999998211860657,990.47,0.29999998211860657,0.29999998211860657,0.29999998211860657,0.29999998211860657,0.29999998211860657,77725696,0.29999998211860657,7369,1.561955223880598,10547,0.29999998211860657,2.0223880597014925,0.29999998211860657,0.29999998211860657,0.29999998211860657,0.29999998211860657,0.29999998211860657,734.316650390625,0.29999998211860657,0.29999998211860657,0.29999998211860657,0.29999998211860657,0.014925373134328358,0.9545454545454546,0.29999998211860657,0.29999998211860657,0.29999998211860657,0.29999998211860657,1.68603396806945,0.006112060546875,0.29999998211860657,0.29999998211860657,0.29999998211860657,0.2,0.7422609329223633,1.0,-0.1998504400253296,21,0.0017815209,132,21,18,22,-5.374142646789551,0.30000001192092896,1.0,14,-0.003643495055439416,0.9444444444444444,1e-05,0.09414764627581462,0.06985549926757813,0.1,1.0,1.0,0.0,16,1.0,5920
0.29999998211860657,0.9626865671641791,0.29999998211860657,594,0.29999998211860657,17,0.29999998211860657,985.83,0.29999998211860657,0.29999998211860657,0.29999998211860657,0.29999998211860657,0.29999998211860657,77856768,0.29999998211860657,7369,1.5676119402985087,10564,0.29999998211860657,1.7835820895522387,0.29999998211860657,0.29999998211860657,0.29999998211860657,0.29999998211860657,0.29999998211860657,725.9932861328125,0.29999998211860657,0.29999998211860657,0.29999998211860657,0.29999998211860657,0.03731343283582089,0.9411764705882353,0.29999998211860657,0.29999998211860657,0.29999998211860657,0.29999998211860657,1.6577879244528142,0.00612548828125,0.29999998211860657,0.29999998211860657,0.29999998211860657,0.2,0.6295175552368164,1.0,-0.22714932262897491,21,0.0017981059,129,21,23,11,-5.374142646789551,0.30000001192092896,0.9523809523809523,21,-0.003121883301901107,0.9130434782608695,1e-05,0.05286234773084288,0.0736602783203125,0.1,1.0,0.9090909090909091,0.0,20,1.0,5930
0.29999998211860657,0.9770992366412213,0.29999998211860657,595,0.29999998211860657,23,0.29999998211860657,984.12,0.29999998211860657,0.29999998211860657,0.29999998211860657,0.29999998211860657,0.29999998211860657,77987840,0.29999998211860657,7370,1.563587786259543,10580,0.29999998211860657,1.8854961832061068,0.29999998211860657,0.29999998211860657,0.29999998211860657,0.29999998211860657,0.29999998211860657,734.259765625,0.29999998211860657,0.29999998211860657,0.29999998211860657,0.29999998211860657,0.022900763358778626,0.9565217391304348,0.29999998211860657,0.29999998211860657,0.29999998211860657,0.29999998211860657,1.4976293198403108,0.00630859375,0.29999998211860657,0.29999998211860657,0.29999998211860657,0.2,0.6977042555809021,1.0,-0.22024458646774292,19,0.0017659998,128,19,10,20,-5.374142646789551,0.30000001192092896,1.0,17,-0.0037067579703034424,0.8,1e-05,0.06438538351212628,0.0687713623046875,0.1,1.0,1.0,0.0,23,1.0,5940
0.29999998211860657,0.9219858156028369,0.29999998211860657,596,0.29999998211860657,20,0.29999998211860657,969.22,0.29999998211860657,0.29999998211860657,0.29999998211860657,0.29999998211860657,0.29999998211860657,78118912,0.29999998211860657,7370,1.551957446808512,10598,0.29999998211860657,1.5106382978723405,0.29999998211860657,0.29999998211860657,0.29999998211860657,0.29999998211860657,0.29999998211860657,718.6267700195312,0.29999998211860657,0.29999998211860657,0.29999998211860657,0.29999998211860657,0.07801418439716312,0.8,0.29999998211860657,0.29999998211860657,0.29999998211860657,0.29999998211860657,1.4376854229416554,0.00637786865234375,0.29999998211860657,0.29999998211860657,0.29999998211860657,0.2,0.6540627479553223,1.0,-0.22934481501579285,20,0.0018871715,130,35,19,12,-5.374142646789551,0.30000001192092896,0.9411764705882353,17,-0.003424722972431482,0.6842105263157895,1e-05,0.07371540962049039,0.07581939697265624,0.1,1.0,1.0,0.0,18,1.0,5950
0.29999998211860657,0.924812030075188,0.29999998211860657,597,0.29999998211860657,26,0.29999998211860657,976.27,0.29999998211860657,0.29999998211860657,0.29999998211860657,0.29999998211860657,0.29999998211860657,78249984,0.29999998211860657,7371,1.566872180451129,10615,0.29999998211860657,1.9849624060150375,0.29999998211860657,0.29999998211860657,0.29999998211860657,0.29999998211860657,0.29999998211860657,724.0147094726562,0.29999998211860657,0.29999998211860657,0.29999998211860657,0.29999998211860657,0.07518796992481203,0.8846153846153846,0.29999998211860657,0.29999998211860657,0.29999998211860657,0.29999998211860657,1.538201214286003,0.0062176513671875,0.29999998211860657,0.29999998211860657,0.29999998211860657,0.2,0.6814283132553101,1.0,-0.21519942581653595,14,0.0017985919,123,28,17,20,-5.3741426460444925,0.30000001192092896,0.7777777777777778,18,-0.003810149528180773,0.8823529411764706,1e-05,0.1026556230848655,0.0694366455078125,0.1,1.0,0.95,0.0,10,1.0,5960
0.29999998211860657,0.9338235294117647,0.29999998211860657,598,0.29999998211860657,16,0.29999998211860657,975.89,0.29999998211860657,0.29999998211860657,0.29999998211860657,0.29999998211860657,0.29999998211860657,78381056,0.29999998211860657,7371,1.5449705882352953,10632,0.29999998211860657,1.7794117647058822,0.29999998211860657,0.29999998211860657,0.29999998211860657,0.29999998211860657,0.29999998211860657,724.9517211914062,0.29999998211860657,0.29999998211860657,0.29999998211860657,0.29999998211860657,0.0661764705882353,0.9375,0.29999998211860657,0.29999998211860657,0.29999998211860657,0.29999998211860657,1.5272161001397013,0.006346740722656251,0.29999998211860657,0.29999998211860657,0.29999998211860657,0.2,0.6923864483833313,0.95,-0.17258641123771667,20,0.0018996536,127,29,21,18,-5.374142646789551,0.30000001192092896,0.9411764705882353,17,-0.003623106002851273,0.7142857142857143,1e-05,0.10658867543388624,0.0771392822265625,0.1,1.0,1.0,0.0,15,1.0,5970
0.29999998211860657,0.9230769230769231,0.29999998211860657,599,0.29999998211860657,14,0.29999998211860657,964.75,0.29999998211860657,0.29999998211860657,0.29999998211860657,0.29999998211860657,0.29999998211860657,78512128,0.29999998211860657,7371,1.5312615384615396,10650,0.29999998211860657,1.7846153846153847,0.29999998211860657,0.29999998211860657,0.29999998211860657,0.29999998211860657,0.29999998211860657,712.6648559570312,0.29999998211860657,0.29999998211860657,0.29999998211860657,0.29999998211860657,0.07692307692307693,0.8571428571428571,0.29999998211860657,0.29999998211860657,0.29999998211860657,0.29999998211860657,1.4382725559809169,0.006412353515625,0.29999998211860657,0.29999998211860657,0.29999998211860657,0.2,0.7236676216125488,1.0,-0.17319273948669434,22,0.0018596544,120,28,21,19,-5.374142646789551,0.30000001192092896,1.0,13,-0.004228376921764721,0.6666666666666666,1e-05,0.1049593212781474,0.07888336181640625,0.1,1.0,1.0,0.0,13,0.9230769230769231,5980
0.29999998211860657,0.9640287769784173,0.29999998211860657,600,0.29999998211860657,19,0.29999998211860657,984.49,0.29999998211860657,0.29999998211860657,0.29999998211860657,0.29999998211860657,0.29999998211860657,78643200,0.29999998211860657,7372,1.5637985611510803,10666,0.29999998211860657,1.9424460431654675,0.29999998211860657,0.29999998211860657,0.29999998211860657,0.29999998211860657,0.29999998211860657,729.5607299804688,0.29999998211860657,0.29999998211860657,0.29999998211860657,0.29999998211860657,0.03597122302158273,0.8947368421052632,0.29999998211860657,0.29999998211860657,0.29999998211860657,0.29999998211860657,1.5635463039720743,0.00637969970703125,0.29999998211860657,0.29999998211860657,0.29999998211860657,0.2,0.7524595856666565,0.95,-0.19455350935459137,20,0.0018661981,134,26,26,18,-5.374142646789551,0.30000001192092896,0.9333333333333333,15,-0.003831576313950791,0.9615384615384616,1e-05,0.10320487360731931,0.07483673095703125,0.1,1.0,1.0,0.0,15,1.0,5990
0.29999998211860657,0.9841269841269841,0.29999998211860657,601,0.29999998211860657,12,0.29999998211860657,989.08,0.29999998211860657,0.29999998211860657,0.29999998211860657,0.29999998211860657,0.29999998211860657,78774272,0.29999998211860657,7372,1.5539682539682553,10684,0.29999998211860657,1.5714285714285714,0.29999998211860657,0.29999998211860657,0.29999998211860657,0.29999998211860657,0.29999998211860657,735.8121948242188,0.29999998211860657,0.29999998211860657,0.29999998211860657,0.29999998211860657,0.015873015873015872,1.0,0.29999998211860657,0.29999998211860657,0.29999998211860657,0.29999998211860657,1.390811553023176,0.006347351074218749,0.29999998211860657,0.29999998211860657,0.29999998211860657,0.2,0.5967487692832947,1.0,-0.19111433625221252,23,0.0017657666,124,26,15,16,-5.374142646789551,0.30000001192092896,1.0,14,-0.0033211944836693875,0.8666666666666667,1e-05,0.07566323130740785,0.06736068725585938,0.1,1.0,1.0,0.0,20,1.0,6000
0.29999998211860657,0.9577464788732394,0.29999998211860657,602,0.29999998211860657,16,0.29999998211860657,981.91,0.29999998211860657,0.29999998211860657,0.29999998211860657,0.29999998211860657,0.29999998211860657,78905344,0.29999998211860657,7373,1.5550845070422545,10701,0.29999998211860657,1.852112676056338,0.29999998211860657,0.29999998211860657,0.29999998211860657,0.29999998211860657,0.29999998211860657,730.2672119140625,0.29999998211860657,0.29999998211860657,0.29999998211860657,0.29999998211860657,0.04225352112676056,0.9375,0.29999998211860657,0.29999998211860657,0.29999998211860657,0.29999998211860657,1.520092817548178,0.006376953124999999,0.29999998211860657,0.29999998211860657,0.29999998211860657,0.2,0.628284215927124,1.0,-0.24547147750854492,21,0.0017397917,136,26,14,23,-5.374142646789551,0.30000001192092896,0.8928571428571429,28,-0.003266474570682476,0.9285714285714286,1e-05,0.05146900573890889,0.06687698364257813,0.1,1.0,1.0,0.0,14,0.9285714285714286,6010
0.29999998211860657,0.96875,0.29999998211860657,603,0.29999998211860657,16,0.29999998211860657,989.56,0.29999998211860657,0.29999998211860657,0.29999998211860657,0.29999998211860657,0.29999998211860657,79036416,0.29999998211860657,7373,1.5494843750000014,10719,0.29999998211860657,1.8984375,0.29999998211860657,0.29999998211860657,0.29999998211860657,0.29999998211860657,0.29999998211860657,735.6115112304688,0.29999998211860657,0.29999998211860657,0.29999998211860657,0.29999998211860657,0.03125,0.9375,0.29999998211860657,0.29999998211860657,0.29999998211860657,0.29999998211860657,1.5610270602441148,0.00652801513671875,0.29999998211860657,0.29999998211860657,0.29999998211860657,0.2,0.7456638813018799,1.0,-0.23182782530784607,20,0.0018222147,124,23,17,21,-5.374142646789551,0.30000001192092896,0.9285714285714286,14,-0.00390858554501392,0.8823529411764706,1e-05,0.06436296605388633,0.072802734375,0.1,1.0,1.0,0.0,17,1.0,6020
0.29999998211860657,0.9626865671641791,0.29999998211860657,604,0.29999998211860657,17,0.29999998211860657,978.65,0.29999998211860657,0.29999998211860657,0.29999998211860657,0.29999998211860657,0.29999998211860657,79167488,0.29999998211860657,7374,1.5326119402985086,10735,0.29999998211860657,1.828358208955224,0.29999998211860657,0.29999998211860657,0.29999998211860657,0.29999998211860657,0.29999998211860657,725.060791015625,0.29999998211860657,0.29999998211860657,0.29999998211860657,0.29999998211860657,0.03731343283582089,1.0,0.29999998211860657,0.29999998211860657,0.29999998211860657,0.29999998211860657,1.584056946462244,0.00654327392578125,0.29999998211860657,0.29999998211860657,0.29999998211860657,0.2,0.7359930276870728,1.0,-0.22550290822982788,19,0.0017761885,129,24,19,15,-5.374142646789551,0.30000001192092896,0.9629629629629629,27,-0.0036047738239176398,0.7894736842105263,1e-05,0.0554182023202884,0.07156753540039062,0.1,1.0,1.0,0.0,13,1.0,6030
0.29999998211860657,0.9285714285714286,0.29999998211860657,605,0.29999998211860657,21,0.29999998211860657,960.71,0.29999998211860657,0.29999998211860657,0.29999998211860657,0.29999998211860657,0.29999998211860657,79298560,0.29999998211860657,7374,1.5453285714285727,10752,0.29999998211860657,1.9928571428571429,0.29999998211860657,0.29999998211860657,0.29999998211860657,0.29999998211860657,0.29999998211860657,712.8048706054688,0.29999998211860657,0.29999998211860657,0.29999998211860657,0.29999998211860657,0.07142857142857142,0.8095238095238095,0.29999998211860657,0.29999998211860657,0.29999998211860657,0.29999998211860657,1.7037676772044055,0.006567382812500001,0.29999998211860657,0.29999998211860657,0.29999998211860657,0.2,0.694694995880127,0.9444444444444444,-0.15374526381492615,18,0.0017740075,130,25,20,21,-5.374142646789551,0.30000001192092896,1.0,21,-0.0036984200297411006,0.9,1e-05,0.07725809453550028,0.07050628662109375,0.1,1.0,0.9047619047619048,0.0,14,0.9285714285714286,6040
0.29999998211860657,0.968,0.29999998211860657,606,0.29999998211860657,13,0.29999998211860657,987.4,0.29999998211860657,0.29999998211860657,0.29999998211860657,0.29999998211860657,0.29999998211860657,79429632,0.29999998211860657,7375,1.540800000000001,10770,0.29999998211860657,1.696,0.29999998211860657,0.29999998211860657,0.29999998211860657,0.29999998211860657,0.29999998211860657,734.2382202148438,0.29999998211860657,0.29999998211860657,0.29999998211860657,0.29999998211860657,0.032,0.8461538461538461,0.29999998211860657,0.29999998211860657,0.29999998211860657,0.29999998211860657,1.5120795162824743,0.006554870605468749,0.29999998211860657,0.29999998211860657,0.29999998211860657,0.2,0.6651902198791504,1.0,-0.11854049563407898,24,0.0017819216,121,24,10,21,-5.374142644926906,0.30000001192092896,0.9473684210526315,19,-0.0037409091399240426,1.0,1e-05,0.10901468839874724,0.07070999145507813,0.1,1.0,0.9523809523809523,0.0,14,1.0,6050
0.29999998211860657,0.9452054794520548,0.29999998211860657,607,0.29999998211860657,25,0.29999998211860657,988.35,0.29999998211860657,0.29999998211860657,0.29999998211860657,0.29999998211860657,0.29999998211860657,79560704,0.29999998211860657,7375,1.5605753424657545,10787,0.29999998211860657,1.7397260273972603,0.29999998211860657,0.29999998211860657,0.29999998211860657,0.29999998211860657,0.29999998211860657,736.7076416015625,0.29999998211860657,0.29999998211860657,0.29999998211860657,0.29999998211860657,0.0547945205479452,0.88,0.29999998211860657,0.29999998211860657,0.29999998211860657,0.29999998211860657,1.5304138992090586,0.0066754150390625,0.29999998211860657,0.29999998211860657,0.29999998211860657,0.2,0.6026169657707214,1.0,-0.23608775436878204,18,0.0018352966,138,33,18,17,-5.374142643436789,0.30000001192092896,1.0,20,-0.0032839677114679944,0.7777777777777778,1e-05,0.06858178348338698,0.07226715087890626,0.1,1.0,0.9411764705882353,0.0,15,1.0,6060
0.29999998211860657,0.9426229508196722,0.29999998211860657,608,0.29999998211860657,18,0.29999998211860657,967.03,0.29999998211860657,0.29999998211860657,0.29999998211860657,0.29999998211860657,0.29999998211860657,79691776,0.29999998211860657,7375,1.530426229508198,10805,0.29999998211860657,2.139344262295082,0.29999998211860657,0.29999998211860657,0.29999998211860657,0.29999998211860657,0.29999998211860657,713.6029052734375,0.29999998211860657,0.29999998211860657,0.29999998211860657,0.29999998211860657,0.05737704918032787,0.8888888888888888,0.29999998211860657,0.29999998211860657,0.29999998211860657,0.29999998211860657,1.4367969020429698,0.00656494140625,0.29999998211860657,0.29999998211860657,0.29999998211860657,0.2,0.6581342816352844,1.0,-0.22678256034851074,5,0.0018468702,115,26,24,18,-5.374142646789551,0.30000001192092896,0.9375,16,-0.0033872450992930682,0.9166666666666666,1e-05,0.09617567453242373,0.07652053833007813,0.1,1.0,0.9444444444444444,0.0,15,0.9333333333333333,6070
0.29999998211860657,0.9710144927536232,0.29999998211860657,609,0.29999998211860657,16,0.29999998211860657,999.4,0.29999998211860657,0.29999998211860657,0.29999998211860657,0.29999998211860657,0.29999998211860657,79822848,0.29999998211860657,7376,1.5317971014492764,10821,0.29999998211860657,2.1956521739130435,0.29999998211860657,0.29999998211860657,0.29999998211860657,0.29999998211860657,0.29999998211860657,747.926025390625,0.29999998211860657,0.29999998211860657,0.29999998211860657,0.29999998211860657,0.028985507246376812,1.0,0.29999998211860657,0.29999998211860657,0.29999998211860657,0.29999998211860657,1.6173348195232038,0.0065911865234375006,0.29999998211860657,0.29999998211860657,0.29999998211860657,0.2,0.7227309942245483,1.0,-0.18404683470726013,24,0.0018058477,134,19,23,28,-5.374142646789551,0.30000001192092896,0.9285714285714286,14,-0.003939921570008664,0.9565217391304348,1e-05,0.0786497526380117,0.07224349975585938,0.1,1.0,0.9285714285714286,0.0,14,1.0,6080
0.29999998211860657,0.953125,0.29999998211860657,610,0.29999998211860657,21,0.29999998211860657,985.6,0.29999998211860657,0.29999998211860657,0.29999998211860657,0.29999998211860657,0.29999998211860657,79953920,0.29999998211860657,7376,1.5483593750000009,10838,0.29999998211860657,1.8671875,0.29999998211860657,0.29999998211860657,0.29999998211860657,0.29999998211860657,0.29999998211860657,728.8250122070312,0.29999998211860657,0.29999998211860657,0.29999998211860657,0.29999998211860657,0.046875,0.8571428571428571,0.29999998211860657,0.29999998211860657,0.29999998211860657,0.29999998211860657,1.6249289019241946,0.0066375732421875,0.29999998211860657,0.29999998211860657,0.29999998211860657,0.2,0.5490707159042358,1.0,-0.21091428399085999,19,0.0019499399,122,20,23,10,-5.374142646789551,0.30000001192092896,1.0,19,-0.0036726345150782437,0.8695652173913043,1e-05,0.08151413260493427,0.0801116943359375,0.1,1.0,1.0,0.0,16,1.0,6090
0.29999998211860657,0.9774436090225563,0.29999998211860657,611,0.29999998211860657,16,0.29999998211860657,983.43,0.29999998211860657,0.29999998211860657,0.29999998211860657,0.29999998211860657,0.29999998211860657,80084992,0.29999998211860657,7377,1.5217593984962414,10855,0.29999998211860657,1.7969924812030076,0.29999998211860657,0.29999998211860657,0.29999998211860657,0.29999998211860657,0.29999998211860657,730.2265625,0.29999998211860657,0.29999998211860657,0.29999998211860657,0.29999998211860657,0.022556390977443608,1.0,0.29999998211860657,0.29999998211860657,0.29999998211860657,0.29999998211860657,1.5726400521014985,0.00647491455078125,0.29999998211860657,0.29999998211860657,0.29999998211860657,0.2,0.7277307510375977,1.0,-0.22688966989517212,28,0.0018380858,130,18,21,15,-5.374142646789551,0.30000001192092896,0.8666666666666667,15,-0.003489020263987186,1.0,1e-05,0.07693719625822268,0.0711883544921875,0.1,1.0,0.9333333333333333,0.0,20,1.0,6100
0.29999998211860657,0.9850746268656716,0.29999998211860657,612,0.29999998211860657,19,0.29999998211860657,998.37,0.29999998211860657,0.29999998211860657,0.29999998211860657,0.29999998211860657,0.29999998211860657,80216064,0.29999998211860657,7377,1.5223731343283593,10873,0.29999998211860657,1.7462686567164178,0.29999998211860657,0.29999998211860657,0.29999998211860657,0.29999998211860657,0.29999998211860657,746.66455078125,0.29999998211860657,0.29999998211860657,0.29999998211860657,0.29999998211860657,0.014925373134328358,0.9473684210526315,0.29999998211860657,0.29999998211860657,0.29999998211860657,0.29999998211860657,1.5003514833372125,0.00661956787109375,0.29999998211860657,0.29999998211860657,0.29999998211860657,0.2,0.7494743466377258,1.0,-0.1882568746805191,15,0.0017384097,132,28,13,18,-5.374142646789551,0.30000001192092896,1.0,22,-0.003504005674403743,0.9230769230769231,1e-05,0.04976577073539375,0.06644668579101562,0.1,1.0,1.0,0.0,19,1.0,6110
0.29999998211860657,0.9407407407407408,0.29999998211860657,613,0.29999998211860657,29,0.29999998211860657,971.31,0.29999998211860657,0.29999998211860657,0.29999998211860657,0.29999998211860657,0.29999998211860657,80347136,0.29999998211860657,7377,1.5166222222222232,10890,0.29999998211860657,2.111111111111111,0.29999998211860657,0.29999998211860657,0.29999998211860657,0.29999998211860657,0.29999998211860657,721.3484497070312,0.29999998211860657,0.29999998211860657,0.29999998211860657,0.29999998211860657,0.05925925925925926,0.8620689655172413,0.29999998211860657,0.29999998211860657,0.29999998211860657,0.29999998211860657,1.6067863572826764,0.00674407958984375,0.29999998211860657,0.29999998211860657,0.29999998211860657,0.2,0.6481996178627014,0.9333333333333333,-0.17986837029457092,15,0.0018024453,127,19,17,19,-5.374142646789551,0.30000001192092896,0.8888888888888888,18,-0.003307165260775946,1.0,1e-05,0.04305937117023859,0.07125015258789062,0.1,1.0,0.9473684210526315,0.0,18,1.0,6120
0.29999998211860657,0.9618320610687023,0.29999998211860657,614,0.29999998211860657,16,0.29999998211860657,990.56,0.29999998211860657,0.29999998211860657,0.29999998211860657,0.29999998211860657,0.29999998211860657,80478208,0.29999998211860657,7378,1.5248854961832072,10906,0.29999998211860657,1.6259541984732824,0.29999998211860657,0.29999998211860657,0.29999998211860657,0.29999998211860657,0.29999998211860657,735.7388916015625,0.29999998211860657,0.29999998211860657,0.29999998211860657,0.29999998211860657,0.03816793893129771,0.9375,0.29999998211860657,0.29999998211860657,0.29999998211860657,0.29999998211860657,1.4504404595094365,0.006712646484375,0.29999998211860657,0.29999998211860657,0.29999998211860657,0.2,0.608793318271637,1.0,-0.1659104824066162,17,0.0018105461,126,33,12,20,-5.374142646789551,0.30000001192092896,0.9411764705882353,17,-0.003602379522544652,0.8333333333333334,1e-05,0.09397244235296967,0.07140121459960938,0.1,1.0,0.95,0.0,16,1.0,6130
0.29999998211860657,0.9343065693430657,0.29999998211860657,615,0.29999998211860657,13,0.29999998211860657,972.32,0.29999998211860657,0.29999998211860657,0.29999998211860657,0.29999998211860657,0.29999998211860657,80609280,0.29999998211860657,7379,1.523182481751826,10924,0.29999998211860657,1.686131386861314,0.29999998211860657,0.29999998211860657,0.29999998211860657,0.29999998211860657,0.29999998211860657,724.8016967773438,0.29999998211860657,0.29999998211860657,0.29999998211860657,0.29999998211860657,0.06569343065693431,0.8461538461538461,0.29999998211860657,0.29999998211860657,0.29999998211860657,0.29999998211860657,1.4308005796542356,0.006779785156250001,0.29999998211860657,0.29999998211860657,0.29999998211860657,0.2,0.6234294772148132,1.0,-0.24065075814723969,20,0.0018162024,128,34,22,18,-5.374142646789551,0.30000001192092896,0.9444444444444444,18,-0.003545068367429849,0.9090909090909091,1e-05,0.07898310383607168,0.07488479614257812,0.1,1.0,0.7777777777777778,0.0,12,1.0,6140
0.29999998211860657,0.9692307692307692,0.29999998211860657,616,0.29999998211860657,18,0.29999998211860657,983.63,0.29999998211860657,0.29999998211860657,0.29999998211860657,0.29999998211860657,0.29999998211860657,80740352,0.29999998211860657,7379,1.5496615384615395,10941,0.29999998211860657,1.646153846153846,0.29999998211860657,0.29999998211860657,0.29999998211860657,0.29999998211860657,0.29999998211860657,728.3987426757812,0.29999998211860657,0.29999998211860657,0.29999998211860657,0.29999998211860657,0.03076923076923077,0.9444444444444444,0.29999998211860657,0.29999998211860657,0.29999998211860657,0.29999998211860657,1.5628285905263428,0.0066259765625,0.29999998211860657,0.29999998211860657,0.29999998211860657,0.2,0.6371781826019287,1.0,-0.19839486479759216,15,0.0018530746,126,28,18,12,-5.374142646789551,0.30000001192092896,0.9411764705882353,17,-0.0035433859647127975,0.9444444444444444,1e-05,0.1013027651293669,0.0762847900390625,0.1,1.0,0.9166666666666666,0.0,22,1.0,6150
0.29999998211860657,0.9632352941176471,0.29999998211860657,617,0.29999998211860657,23,0.29999998211860657,984.86,0.29999998211860657,0.29999998211860657,0.29999998211860657,0.29999998211860657,0.29999998211860657,80871424,0.29999998211860657,7379,1.5261764705882366,10958,0.29999998211860657,1.6764705882352942,0.29999998211860657,0.29999998211860657,0.29999998211860657,0.29999998211860657,0.29999998211860657,738.4852294921875,0.29999998211860657,0.29999998211860657,0.29999998211860657,0.29999998211860657,0.03676470588235294,0.9565217391304348,0.29999998211860657,0.29999998211860657,0.29999998211860657,0.29999998211860657,1.5088013007995873,0.006732177734375,0.29999998211860657,0.29999998211860657,0.29999998211860657,0.2,0.6946589350700378,1.0,-0.24076277017593384,22,0.001847363,131,27,20,11,-5.374142646789551,0.30000001192092896,1.0,18,-0.003533847693415737,0.9,1e-05,0.05849232550826855,0.07425537109375,0.1,1.0,0.9090909090909091,0.0,15,0.9333333333333333,6160
0.29999998211860657,0.9612403100775194,0.29999998211860657,618,0.29999998211860657,19,0.29999998211860657,985.47,0.29999998211860657,0.29999998211860657,0.29999998211860657,0.29999998211860657,0.29999998211860657,81002496,0.29999998211860657,7379,1.5186976744186058,10976,0.29999998211860657,1.7131782945736433,0.29999998211860657,0.29999998211860657,0.29999998211860657,0.29999998211860657,0.29999998211860657,733.7923583984375,0.29999998211860657,0.29999998211860657,0.29999998211860657,0.29999998211860657,0.03875968992248062,0.8421052631578947,0.29999998211860657,0.29999998211860657,0.29999998211860657,0.29999998211860657,1.4744552312079593,0.0068658447265625,0.29999998211860657,0.29999998211860657,0.29999998211860657,0.2,0.6922025680541992,1.0,-0.18117853999137878,17,0.0018381544,124,33,12,22,-5.374142646789551,0.30000001192092896,1.0,13,-0.00360034117302348,0.9166666666666666,1e-05,0.0701056932535721,0.076202392578125,0.1,1.0,0.9545454545454546,0.0,13,1.0,6170
0.29999998211860657,0.9361702127659575,0.29999998211860657,619,0.29999998211860657,20,0.29999998211860657,973.38,0.29999998211860657,0.29999998211860657,0.29999998211860657,0.29999998211860657,0.29999998211860657,81133568,0.29999998211860657,7380,1.519758865248228,10992,0.29999998211860657,1.8581560283687943,0.29999998211860657,0.29999998211860657,0.29999998211860657,0.29999998211860657,0.29999998211860657,721.2796020507812,0.29999998211860657,0.29999998211860657,0.29999998211860657,0.29999998211860657,0.06382978723404255,0.9,0.29999998211860657,0.29999998211860657,0.29999998211860657,0.29999998211860657,1.5902145011545452,0.006874999999999999,0.29999998211860657,0.29999998211860657,0.29999998211860657,0.2,0.607323944568634,1.0,-0.20647111535072327,13,0.0017975855,132,31,24,17,-5.374142646789551,0.30000001192092896,1.0,16,-0.003104289505245106,0.75,1e-05,0.07466366431908682,0.07049331665039063,0.1,1.0,0.9411764705882353,0.0,20,1.0,6180
0.29999998211860657,0.968,0.29999998211860657,620,0.29999998211860657,19,0.29999998211860657,981.81,0.29999998211860657,0.29999998211860657,0.29999998211860657,0.29999998211860657,0.29999998211860657,81264640,0.29999998211860657,7381,1.5170560000000006,11009,0.29999998211860657,1.864,0.29999998211860657,0.29999998211860657,0.29999998211860657,0.29999998211860657,0.29999998211860657,729.7511596679688,0.29999998211860657,0.29999998211860657,0.29999998211860657,0.29999998211860657,0.032,0.9473684210526315,0.29999998211860657,0.29999998211860657,0.29999998211860657,0.29999998211860657,1.5575118681152613,0.00690277099609375,0.29999998211860657,0.29999998211860657,0.29999998211860657,0.2,0.6483131647109985,0.9411764705882353,-0.15259552001953125,17,0.0018643314,121,23,16,17,-5.374142646789551,0.30000001192092896,1.0,17,-0.00366598157070257,0.875,1e-05,0.10389304503041785,0.07967529296875,0.1,1.0,1.0,0.0,16,1.0,6190
0.29999998211860657,0.9366197183098591,0.29999998211860657,621,0.29999998211860657,14,0.29999998211860657,967.83,0.29999998211860657,0.29999998211860657,0.29999998211860657,0.29999998211860657,0.29999998211860657,81395712,0.29999998211860657,7381,1.5330281690140857,11026,0.29999998211860657,1.7394366197183098,0.29999998211860657,0.29999998211860657,0.29999998211860657,0.29999998211860657,0.29999998211860657,714.9861450195312,0.29999998211860657,0.29999998211860657,0.29999998211860657,0.29999998211860657,0.06338028169014084,0.7142857142857143,0.29999998211860657,0.29999998211860657,0.29999998211860657,0.29999998211860657,1.49087958620847,0.00693572998046875,0.29999998211860657,0.29999998211860657,0.29999998211860657,0.2,0.7360806465148926,1.0,-0.21843186020851135,18,0.0018444173,133,33,17,22,-5.374142646789551,0.30000001192092896,0.9545454545454546,22,-0.00402356341066934,0.8823529411764706,1e-05,0.06530047551059397,0.07580795288085937,0.1,1.0,0.9545454545454546,0.0,16,0.9375,6200
0.29999998211860657,0.9596774193548387,0.29999998211860657,622,0.29999998211860657,26,0.29999998211860657,986.97,0.29999998211860657,0.29999998211860657,0.29999998211860657,0.29999998211860657,0.29999998211860657,81526784,0.29999998211860657,7381,1.5273225806451625,11044,0.29999998211860657,2.2580645161290325,0.29999998211860657,0.29999998211860657,0.29999998211860657,0.29999998211860657,0.29999998211860657,733.6458740234375,0.29999998211860657,0.29999998211860657,0.29999998211860657,0.29999998211860657,0.04032258064516129,0.9230769230769231,0.29999998211860657,0.29999998211860657,0.29999998211860657,0.29999998211860657,1.677911532318897,0.00685577392578125,0.29999998211860657,0.29999998211860657,0.29999998211860657,0.2,0.7178385257720947,1.0,-0.12737539410591125,15,0.0018567229,119,16,18,20,-5.374142646789551,0.30000001192092896,0.9411764705882353,17,-0.0040631308889715004,0.8888888888888888,1e-05,0.09221412609622348,0.07659988403320313,0.1,1.0,1.0,0.0,12,1.0,6210
0.29999998211860657,0.9708029197080292,0.29999998211860657,623,0.29999998211860657,11,0.29999998211860657,996.46,0.29999998211860657,0.29999998211860657,0.29999998211860657,0.29999998211860657,0.29999998211860657,81657856,0.29999998211860657,7382,1.52902189781022,11061,0.29999998211860657,1.6496350364963503,0.29999998211860657,0.29999998211860657,0.29999998211860657,0.29999998211860657,0.29999998211860657,740.508056640625,0.29999998211860657,0.29999998211860657,0.29999998211860657,0.29999998211860657,0.029197080291970802,0.9090909090909091,0.29999998211860657,0.29999998211860657,0.29999998211860657,0.29999998211860657,1.606007760578643,0.006836853027343751,0.29999998211860657,0.29999998211860657,0.29999998211860657,0.2,0.6859859228134155,1.0,-0.2283869981765747,28,0.0018236912,133,26,18,19,-5.374142646789551,0.30000001192092896,0.9411764705882353,17,-0.0036619480067201947,0.8888888888888888,1e-05,0.07453806342527969,0.07310714721679687,0.1,1.0,1.0,0.0,18,1.0,6220
0.29999998211860657,0.9689922480620154,0.29999998211860657,624,0.29999998211860657,14,0.29999998211860657,987.44,0.29999998211860657,0.29999998211860657,0.29999998211860657,0.29999998211860657,0.29999998211860657,81788928,0.29999998211860657,7382,1.5413178294573655,11078,0.29999998211860657,1.7674418604651163,0.29999998211860657,0.29999998211860657,0.29999998211860657,0.29999998211860657,0.29999998211860657,738.22021484375,0.29999998211860657,0.29999998211860657,0.29999998211860657,0.29999998211860657,0.031007751937984496,1.0,0.29999998211860657,0.29999998211860657,0.29999998211860657,0.29999998211860657,1.468374761055923,0.006734008789062501,0.29999998211860657,0.29999998211860657,0.29999998211860657,0.2,0.6488630771636963,1.0,-0.1836012452840805,14,0.0018361021,125,28,17,17,-5.374142646789551,0.30000001192092896,0.9090909090909091,22,-0.003461686227183236,0.9411764705882353,1e-05,0.06250266020942945,0.07357025146484375,0.1,1.0,0.9411764705882353,0.0,17,1.0,6230
0.29999998211860657,0.9558823529411765,0.29999998211860657,625,0.29999998211860657,14,0.29999998211860657,984.86,0.29999998211860657,0.29999998211860657,0.29999998211860657,0.29999998211860657,0.29999998211860657,81920000,0.29999998211860657,7383,1.5170735294117659,11095,0.29999998211860657,1.963235294117647,0.29999998211860657,0.29999998211860657,0.29999998211860657,0.29999998211860657,0.29999998211860657,731.5133056640625,0.29999998211860657,0.29999998211860657,0.29999998211860657,0.29999998211860657,0.04411764705882353,1.0,0.29999998211860657,0.29999998211860657,0.29999998211860657,0.29999998211860657,1.7123124336089637,0.00680145263671875,0.29999998211860657,0.29999998211860657,0.29999998211860657,0.2,0.680898904800415,1.0,-0.21025273203849792,17,0.0017785328,130,24,19,21,-5.374142646789551,0.30000001192092896,0.8888888888888888,27,-0.0036750327517438564,0.8421052631578947,1e-05,0.05962126862141304,0.07073898315429687,0.1,1.0,1.0,0.0,14,1.0,6240
0.29999998211860657,0.9922480620155039,0.29999998211860657,626,0.29999998211860657,14,0.29999998211860657,998.84,0.29999998211860657,0.29999998211860657,0.29999998211860657,0.29999998211860657,0.29999998211860657,82051072,0.29999998211860657,7383,1.5211627906976755,11112,0.29999998211860657,1.7131782945736433,0.29999998211860657,0.29999998211860657,0.29999998211860657,0.29999998211860657,0.29999998211860657,738.2329711914062,0.29999998211860657,0.29999998211860657,0.29999998211860657,0.29999998211860657,0.007751937984496124,1.0,0.29999998211860657,0.29999998211860657,0.29999998211860657,0.29999998211860657,1.3880962472541383,0.006814270019531251,0.29999998211860657,0.29999998211860657,0.29999998211860657,0.2,0.7339448928833008,1.0,-0.20090755820274353,16,0.0018162816,128,34,17,21,-5.374142646789551,0.30000001192092896,1.0,13,-0.003962387362435038,0.9411764705882353,1e-05,0.07768016444751993,0.0722412109375,0.1,1.0,1.0,0.0,14,1.0,6250
0.29999998211860657,0.9699248120300752,0.29999998211860657,627,0.29999998211860657,12,0.29999998211860657,981.38,0.29999998211860657,0.29999998211860657,0.29999998211860657,0.29999998211860657,0.29999998211860657,82182144,0.29999998211860657,7383,1.5372631578947378,11130,0.29999998211860657,1.736842105263158,0.29999998211860657,0.29999998211860657,0.29999998211860657,0.29999998211860657,0.29999998211860657,729.7839965820312,0.29999998211860657,0.29999998211860657,0.29999998211860657,0.29999998211860657,0.03007518796992481,1.0,0.29999998211860657,0.29999998211860657,0.29999998211860657,0.29999998211860657,1.6034410777577188,0.00683563232421875,0.29999998211860657,0.29999998211860657,0.29999998211860657,0.2,0.6206586360931396,0.96,-0.18002784252166748,25,0.0018542075,129,23,14,20,-5.374142646789551,0.30000001192092896,0.9565217391304348,23,-0.003328698995983359,0.9285714285714286,1e-05,0.05232271971181035,0.07349624633789062,0.1,1.0,0.95,0.0,16,1.0,6260
0.29999998211860657,0.9921259842519685,0.29999998211860657,628,0.29999998211860657,24,0.29999998211860657,997.27,0.29999998211860657,0.29999998211860657,0.29999998211860657,0.29999998211860657,0.29999998211860657,82313216,0.29999998211860657,7384,1.5195590551181113,11146,0.29999998211860657,1.4960629921259843,0.29999998211860657,0.29999998211860657,0.29999998211860657,0.29999998211860657,0.29999998211860657,741.478759765625,0.29999998211860657,0.29999998211860657,0.29999998211860657,0.29999998211860657,0.007874015748031496,1.0,0.29999998211860657,0.29999998211860657,0.29999998211860657,0.29999998211860657,1.412392132524106,0.00703277587890625,0.29999998211860657,0.29999998211860657,0.29999998211860657,0.2,0.5725917816162109,1.0,-0.18460536003112793,12,0.0017755171,126,33,13,9,-5.374142646789551,0.30000001192092896,1.0,18,-0.0034780640477038104,0.9230769230769231,1e-05,0.06154335309984162,0.071575927734375,0.1,1.0,1.0,0.0,18,1.0,6270
0.29999998211860657,0.9635036496350365,0.29999998211860657,629,0.29999998211860657,26,0.29999998211860657,978.94,0.29999998211860657,0.29999998211860657,0.29999998211860657,0.29999998211860657,0.29999998211860657,82444288,0.29999998211860657,7384,1.5231532846715339,11163,0.29999998211860657,1.6788321167883211,0.29999998211860657,0.29999998211860657,0.29999998211860657,0.29999998211860657,0.29999998211860657,728.915771484375,0.29999998211860657,0.29999998211860657,0.29999998211860657,0.29999998211860657,0.0364963503649635,1.0,0.29999998211860657,0.29999998211860657,0.29999998211860657,0.29999998211860657,1.4787216997303152,0.00707122802734375,0.29999998211860657,0.29999998211860657,0.29999998211860657,0.2,0.5445635318756104,1.0,-0.2462366372346878,22,0.0018140294,132,31,19,15,-5.374142646789551,0.30000001192092896,0.875,8,-0.0032870907257802175,0.8947368421052632,1e-05,0.04072746289166389,0.07132186889648437,0.1,1.0,0.9333333333333333,0.0,16,0.9375,6280
0.29999998211860657,0.9699248120300752,0.29999998211860657,630,0.29999998211860657,12,0.29999998211860657,993.05,0.29999998211860657,0.29999998211860657,0.29999998211860657,0.29999998211860657,0.29999998211860657,82575360,0.29999998211860657,7385,1.5198496240601513,11181,0.29999998211860657,1.887218045112782,0.29999998211860657,0.29999998211860657,0.29999998211860657,0.29999998211860657,0.29999998211860657,744.9794311523438,0.29999998211860657,0.29999998211860657,0.29999998211860657,0.29999998211860657,0.03007518796992481,1.0,0.29999998211860657,0.29999998211860657,0.29999998211860657,0.29999998211860657,1.5367246835785529,0.0069793701171875,0.29999998211860657,0.29999998211860657,0.29999998211860657,0.2,0.6400279402732849,1.0,-0.20809343457221985,16,0.0018443691,129,26,19,21,-5.374142646789551,0.30000001192092896,0.9523809523809523,21,-0.0032938850601567536,0.8947368421052632,1e-05,0.0705285961565096,0.07533950805664062,0.1,1.0,0.9523809523809523,0.0,18,1.0,6290
0.29999998211860657,0.9849624060150376,0.29999998211860657,631,0.29999998211860657,20,0.29999998211860657,986.88,0.29999998211860657,0.29999998211860657,0.29999998211860657,0.29999998211860657,0.29999998211860657,82706432,0.29999998211860657,7385,1.50233082706767,11198,0.29999998211860657,1.9473684210526316,0.29999998211860657,0.29999998211860657,0.29999998211860657,0.29999998211860657,0.29999998211860657,735.8819580078125,0.29999998211860657,0.29999998211860657,0.29999998211860657,0.29999998211860657,0.015037593984962405,1.0,0.29999998211860657,0.29999998211860657,0.29999998211860657,0.29999998211860657,1.556425575700486,0.007302246093750001,0.29999998211860657,0.29999998211860657,0.29999998211860657,0.2,0.7342345714569092,1.0,-0.2375759482383728,16,0.0017199623,131,21,11,22,-5.374142646789551,0.30000001192092896,0.9565217391304348,23,-0.0033055350157155773,1.0,1e-05,0.05365140135108959,0.06426162719726562,0.1,1.0,0.9545454545454546,0.0,20,1.0,6300
0.29999998211860657,0.9849624060150376,0.29999998211860657,632,0.29999998211860657,18,0.29999998211860657,991.8,0.29999998211860657,0.29999998211860657,0.29999998211860657,0.29999998211860657,0.29999998211860657,82837504,0.29999998211860657,7385,1.5418045112781966,11216,0.29999998211860657,1.7518796992481203,0.29999998211860657,0.29999998211860657,0.29999998211860657,0.29999998211860657,0.29999998211860657,738.2466430664062,0.29999998211860657,0.29999998211860657,0.29999998211860657,0.29999998211860657,0.015037593984962405,1.0,0.29999998211860657,0.29999998211860657,0.29999998211860657,0.29999998211860657,1.508802494590285,0.0072073364257812505,0.29999998211860657,0.29999998211860657,0.29999998211860657,0.2,0.569399356842041,1.0,-0.23271100223064423,19,0.0017615373,131,26,21,13,-5.374142646789551,0.30000001192092896,1.0,20,-0.002921709171278053,0.9047619047619048,1e-05,0.05030796483333688,0.07017745971679687,0.1,1.0,1.0,0.0,16,1.0,6310
0.29999998211860657,0.9477611940298507,0.29999998211860657,633,0.29999998211860657,15,0.29999998211860657,993.65,0.29999998211860657,0.29999998211860657,0.29999998211860657,0.29999998211860657,0.29999998211860657,82968576,0.29999998211860657,7386,1.5399552238805982,11232,0.29999998211860657,1.9477611940298507,0.29999998211860657,0.29999998211860657,0.29999998211860657,0.29999998211860657,0.29999998211860657,731.3792114257812,0.29999998211860657,0.29999998211860657,0.29999998211860657,0.29999998211860657,0.05223880597014925,0.8,0.29999998211860657,0.29999998211860657,0.29999998211860657,0.29999998211860657,1.6396508836512595,0.00706298828125,0.29999998211860657,0.29999998211860657,0.29999998211860657,0.2,0.6463308930397034,0.9333333333333333,-0.2054440975189209,15,0.0018411586,127,24,27,15,-5.374142646789551,0.30000001192092896,0.9473684210526315,19,-0.0035632578880722575,0.9259259259259259,1e-05,0.06373186756536597,0.07032012939453125,0.1,1.0,1.0,0.0,19,1.0,6320
0.29999998211860657,0.9477611940298507,0.29999998211860657,634,0.29999998211860657,23,0.29999998211860657,983.26,0.29999998211860657,0.29999998211860657,0.29999998211860657,0.29999998211860657,0.29999998211860657,83099648,0.29999998211860657,7386,1.538895522388061,11249,0.29999998211860657,1.7686567164179106,0.29999998211860657,0.29999998211860657,0.29999998211860657,0.29999998211860657,0.29999998211860657,734.80712890625,0.29999998211860657,0.29999998211860657,0.29999998211860657,0.29999998211860657,0.05223880597014925,0.9130434782608695,0.29999998211860657,0.29999998211860657,0.29999998211860657,0.29999998211860657,1.4931635809664916,0.0070642089843750006,0.29999998211860657,0.29999998211860657,0.29999998211860657,0.2,0.7527340650558472,1.0,-0.15648794174194336,16,0.0017996584,127,30,22,13,-5.374142646789551,0.30000001192092896,0.9333333333333333,15,-0.0038188940923191694,0.8181818181818182,1e-05,0.07358393667382188,0.07056808471679688,0.1,1.0,1.0,0.0,15,1.0,6330
0.29999998211860657,0.9692307692307692,0.29999998211860657,635,0.29999998211860657,19,0.29999998211860657,990.64,0.29999998211860657,0.29999998211860657,0.29999998211860657,0.29999998211860657,0.29999998211860657,83230720,0.29999998211860657,7387,1.5195230769230779,11266,0.29999998211860657,1.9461538461538461,0.29999998211860657,0.29999998211860657,0.29999998211860657,0.29999998211860657,0.29999998211860657,736.4343872070312,0.29999998211860657,0.29999998211860657,0.29999998211860657,0.29999998211860657,0.03076923076923077,0.9473684210526315,0.29999998211860657,0.29999998211860657,0.29999998211860657,0.29999998211860657,1.4964037133452668,0.007132263183593749,0.29999998211860657,0.29999998211860657,0.29999998211860657,0.2,0.7232396602630615,0.9473684210526315,-0.19063186645507812,19,0.0017764731,126,25,14,25,-5.374142646789551,0.30000001192092896,0.9166666666666666,12,-0.003843825166177339,0.9285714285714286,1e-05,0.08526086360943737,0.070098876953125,0.1,1.0,1.0,0.0,16,1.0,6340
0.29999998211860657,0.9571428571428572,0.29999998211860657,636,0.29999998211860657,21,0.29999998211860657,987.0,0.29999998211860657,0.29999998211860657,0.29999998211860657,0.29999998211860657,0.29999998211860657,83361792,0.29999998211860657,7387,1.5202142857142869,11284,0.29999998211860657,1.7714285714285714,0.29999998211860657,0.29999998211860657,0.29999998211860657,0.29999998211860657,0.29999998211860657,737.82568359375,0.29999998211860657,0.29999998211860657,0.29999998211860657,0.29999998211860657,0.04285714285714286,0.8571428571428571,0.29999998211860657,0.29999998211860657,0.29999998211860657,0.29999998211860657,1.5377155568620169,0.007176513671875,0.29999998211860657,0.29999998211860657,0.29999998211860657,0.2,0.6609416007995605,1.0,-0.17786140739917755,18,0.0018103507,134,31,14,22,-5.374142646789551,0.30000001192092896,1.0,16,-0.0035192657083825906,0.8571428571428571,1e-05,0.06494606324704363,0.0707489013671875,0.1,0.967741935483871,1.0,0.0,18,1.0,6350
0.29999998211860657,1.0,0.29999998211860657,637,0.29999998211860657,16,0.29999998211860657,1000.0,0.29999998211860657,0.29999998211860657,0.29999998211860657,0.29999998211860657,0.29999998211860657,83492864,0.29999998211860657,7387,1.530126984126985,11301,0.29999998211860657,1.8492063492063493,0.29999998211860657,0.29999998211860657,0.29999998211860657,0.29999998211860657,0.29999998211860657,750.3641967773438,0.29999998211860657,0.29999998211860657,0.29999998211860657,0.29999998211860657,0.0,1.0,0.29999998211860657,0.29999998211860657,0.29999998211860657,0.29999998211860657,1.262118753896094,0.007126159667968751,0.29999998211860657,0.29999998211860657,0.29999998211860657,0.2,0.757577121257782,1.0,-0.23265087604522705,9,0.0018376855,126,33,18,19,-5.374142646789551,0.30000001192092896,1.0,20,-0.003636533709641299,1.0,1e-05,0.0688649518036982,0.07280807495117188,0.1,1.0,1.0,0.0,11,1.0,6360
0.29999998211860657,0.9712230215827338,0.29999998211860657,638,0.29999998211860657,20,0.29999998211860657,979.74,0.29999998211860657,0.29999998211860657,0.29999998211860657,0.29999998211860657,0.29999998211860657,83623936,0.29999998211860657,7388,1.5317410071942457,11317,0.29999998211860657,2.143884892086331,0.29999998211860657,0.29999998211860657,0.29999998211860657,0.29999998211860657,0.29999998211860657,738.675537109375,0.29999998211860657,0.29999998211860657,0.29999998211860657,0.29999998211860657,0.02877697841726619,0.95,0.29999998211860657,0.29999998211860657,0.29999998211860657,0.29999998211860657,1.3556773905518449,0.0072747802734375,0.29999998211860657,0.29999998211860657,0.29999998211860657,0.2,0.5587954521179199,1.0,-0.24043413996696472,12,0.0017257084,135,29,30,22,-5.374142646789551,0.30000001192092896,1.0,11,-0.0029073620802137156,0.9333333333333333,1e-05,0.029266015111352316,0.06817855834960937,0.1,1.0,0.9545454545454546,0.0,15,1.0,6370
0.29999998211860657,0.9606299212598425,0.29999998211860657,639,0.29999998211860657,18,0.29999998211860657,980.74,0.29999998211860657,0.29999998211860657,0.29999998211860657,0.29999998211860657,0.29999998211860657,83755008,0.29999998211860657,7388,1.5391338582677174,11335,0.29999998211860657,1.9763779527559056,0.29999998211860657,0.29999998211860657,0.29999998211860657,0.29999998211860657,0.29999998211860657,739.5870971679688,0.29999998211860657,0.29999998211860657,0.29999998211860657,0.29999998211860657,0.03937007874015748,0.8888888888888888,0.29999998211860657,0.29999998211860657,0.29999998211860657,0.29999998211860657,1.4651670675712203,0.00721038818359375,0.29999998211860657,0.29999998211860657,0.29999998211860657,0.2,0.6342846155166626,1.0,-0.23718895018100739,13,0.001841136,122,24,21,18,-5.374142646789551,0.30000001192092896,0.9285714285714286,14,-0.003400066808171687,0.9523809523809523,1e-05,0.05928573914425215,0.07350311279296876,0.1,1.0,0.9444444444444444,0.0,19,1.0,6380
0.29999998211860657,0.9642857142857143,0.29999998211860657,640,0.29999998211860657,19,0.29999998211860657,982.44,0.29999998211860657,0.29999998211860657,0.29999998211860657,0.29999998211860657,0.29999998211860657,83886080,0.29999998211860657,7389,1.525157142857144,11352,0.29999998211860657,1.9785714285714286,0.29999998211860657,0.29999998211860657,0.29999998211860657,0.29999998211860657,0.29999998211860657,737.052001953125,0.29999998211860657,0.29999998211860657,0.29999998211860657,0.29999998211860657,0.03571428571428571,0.9473684210526315,0.29999998211860657,0.29999998211860657,0.29999998211860657,0.29999998211860657,1.6584423248253506,0.00723236083984375,0.29999998211860657,0.29999998211860657,0.29999998211860657,0.2,0.5962409973144531,1.0,-0.19004595279693604,19,0.0018195149,135,21,19,21,-5.374142646789551,0.30000001192092896,0.9473684210526315,19,-0.0033841757355730804,0.8421052631578947,1e-05,0.07544419965270208,0.07228469848632812,0.1,1.0,1.0,0.0,22,1.0,6390
0.29999998211860657,0.9461538461538461,0.29999998211860657,641,0.29999998211860657,20,0.29999998211860657,975.95,0.29999998211860657,0.29999998211860657,0.29999998211860657,0.29999998211860657,0.29999998211860657,84017152,0.29999998211860657,7389,1.480046153846155,11370,0.29999998211860657,1.7923076923076924,0.29999998211860657,0.29999998211860657,0.29999998211860657,0.29999998211860657,0.29999998211860657,727.2982177734375,0.29999998211860657,0.29999998211860657,0.29999998211860657,0.29999998211860657,0.05384615384615385,0.9,0.29999998211860657,0.29999998211860657,0.29999998211860657,0.29999998211860657,1.5572268878985371,0.0074392700195312494,0.29999998211860657,0.29999998211860657,0.29999998211860657,0.2,0.6709845066070557,1.0,-0.21904484927654266,15,0.0018430129,123,28,20,15,-5.374142646789551,0.30000001192092896,0.8571428571428571,14,-0.0036931002813616943,0.85,1e-05,0.06643758196296404,0.07490081787109375,0.1,1.0,1.0,0.0,18,1.0,6400
0.29999998211860657,0.9851851851851852,0.29999998211860657,642,0.29999998211860657,14,0.29999998211860657,995.3,0.29999998211860657,0.29999998211860657,0.29999998211860657,0.29999998211860657,0.29999998211860657,84148224,0.29999998211860657,7390,1.5339407407407417,11386,0.29999998211860657,1.6222222222222222,0.29999998211860657,0.29999998211860657,0.29999998211860657,0.29999998211860657,0.29999998211860657,745.6976318359375,0.29999998211860657,0.29999998211860657,0.29999998211860657,0.29999998211860657,0.014814814814814815,1.0,0.29999998211860657,0.29999998211860657,0.29999998211860657,0.29999998211860657,1.5415312967642656,0.007536926269531251,0.29999998211860657,0.29999998211860657,0.29999998211860657,0.2,0.6311235427856445,1.0,-0.17464491724967957,18,0.001869842,133,30,23,11,-5.374142646789551,0.30000001192092896,0.9523809523809523,21,-0.003790613790624775,0.9565217391304348,1e-05,0.08682567458745324,0.07657012939453126,0.1,1.0,1.0,0.0,18,1.0,6410
0.29999998211860657,0.9609375,0.29999998211860657,643,0.29999998211860657,16,0.29999998211860657,983.23,0.29999998211860657,0.29999998211860657,0.29999998211860657,0.29999998211860657,0.29999998211860657,84279296,0.29999998211860657,7390,1.4922343750000011,11403,0.29999998211860657,1.8359375,0.29999998211860657,0.29999998211860657,0.29999998211860657,0.29999998211860657,0.29999998211860657,731.8193969726562,0.29999998211860657,0.29999998211860657,0.29999998211860657,0.29999998211860657,0.0390625,0.875,0.29999998211860657,0.29999998211860657,0.29999998211860657,0.29999998211860657,1.6080113672588465,0.0074972534179687505,0.29999998211860657,0.29999998211860657,0.29999998211860657,0.2,0.6752315163612366,1.0,-0.24176940321922302,22,0.0017993918,123,24,21,17,-5.374142646789551,0.30000001192092896,0.9285714285714286,14,-0.003665007328254433,0.9047619047619048,1e-05,0.045358141587348653,0.07481613159179687,0.1,1.0,1.0,0.0,14,1.0,6420
0.29999998211860657,0.9568345323741008,0.29999998211860657,644,0.29999998211860657,15,0.29999998211860657,977.44,0.29999998211860657,0.29999998211860657,0.29999998211860657,0.29999998211860657,0.29999998211860657,84410368,0.29999998211860657,7390,1.4586762589928068,11420,0.29999998211860657,1.6258992805755397,0.29999998211860657,0.29999998211860657,0.29999998211860657,0.29999998211860657,0.29999998211860657,726.193115234375,0.29999998211860657,0.29999998211860657,0.29999998211860657,0.29999998211860657,0.04316546762589928,0.9333333333333333,0.29999998211860657,0.29999998211860657,0.29999998211860657,0.29999998211860657,1.5214078018135115,0.007685546875,0.29999998211860657,0.29999998211860657,0.29999998211860657,0.2,0.7448428273200989,0.95,-0.2154867798089981,20,0.0017572311,133,34,19,18,-5.374142646789551,0.30000001192092896,0.9375,16,-0.0036357233885610184,0.9473684210526315,1e-05,0.06837692784756655,0.07012176513671875,0.1,0.9705882352941176,0.9444444444444444,0.0,17,1.0,6430
0.29999998211860657,0.9453125,0.29999998211860657,645,0.29999998211860657,20,0.29999998211860657,966.31,0.29999998211860657,0.29999998211860657,0.29999998211860657,0.29999998211860657,0.29999998211860657,84541440,0.29999998211860657,7391,1.4996875000000012,11438,0.29999998211860657,1.6171875,0.29999998211860657,0.29999998211860657,0.29999998211860657,0.29999998211860657,0.29999998211860657,720.017578125,0.29999998211860657,0.29999998211860657,0.29999998211860657,0.29999998211860657,0.0546875,0.95,0.29999998211860657,0.29999998211860657,0.29999998211860657,0.29999998211860657,1.56649412100059,0.0076617431640625,0.29999998211860657,0.29999998211860657,0.29999998211860657,0.2,0.6691263914108276,1.0,-0.18669342994689941,22,0.001809779,121,28,21,8,-5.374142646789551,0.30000001192092896,1.0,22,-0.0037310273735329247,0.8095238095238095,1e-05,0.07976092721510213,0.07003326416015625,0.1,0.9642857142857143,0.875,0.0,7,1.0,6440
0.29999998211860657,0.9574468085106383,0.29999998211860657,646,0.29999998211860657,16,0.29999998211860657,972.9,0.29999998211860657,0.29999998211860657,0.29999998211860657,0.29999998211860657,0.29999998211860657,84672512,0.29999998211860657,7391,1.517021276595746,11455,0.29999998211860657,1.9219858156028369,0.29999998211860657,0.29999998211860657,0.29999998211860657,0.29999998211860657,0.29999998211860657,726.5072021484375,0.29999998211860657,0.29999998211860657,0.29999998211860657,0.29999998211860657,0.0425531914893617,0.9375,0.29999998211860657,0.29999998211860657,0.29999998211860657,0.29999998211860657,1.6462411111849928,0.0076348876953125,0.29999998211860657,0.29999998211860657,0.29999998211860657,0.2,0.6630964279174805,0.9473684210526315,-0.10610097646713257,19,0.0019023931,135,26,23,20,-5.374142646789551,0.30000001192092896,0.95,20,-0.003924132212841869,0.8695652173913043,1e-05,0.09665530175407185,0.07838821411132812,0.1,1.0,1.0,0.0,17,1.0,6450
0.29999998211860657,0.952755905511811,0.29999998211860657,647,0.29999998211860657,16,0.29999998211860657,980.51,0.29999998211860657,0.29999998211860657,0.29999998211860657,0.29999998211860657,0.29999998211860657,84803584,0.29999998211860657,7392,1.515196850393702,11471,0.29999998211860657,2.1102362204724407,0.29999998211860657,0.29999998211860657,0.29999998211860657,0.29999998211860657,0.29999998211860657,731.64013671875,0.29999998211860657,0.29999998211860657,0.29999998211860657,0.29999998211860657,0.047244094488188976,0.75,0.29999998211860657,0.29999998211860657,0.29999998211860657,0.29999998211860657,1.5187623347717578,0.00768402099609375,0.29999998211860657,0.29999998211860657,0.29999998211860657,0.2,0.6797758936882019,1.0,-0.20498791337013245,15,0.0019189324,121,24,25,20,-5.374142646789551,0.30000001192092896,0.9411764705882353,17,-0.0034873496325417363,0.96,1e-05,0.0769218415065552,0.07690582275390626,0.1,1.0,1.0,0.0,10,1.0,6460
0.29999998211860657,0.9787234042553191,0.29999998211860657,648,0.29999998211860657,14,0.29999998211860657,995.46,0.29999998211860657,0.29999998211860657,0.29999998211860657,0.29999998211860657,0.29999998211860657,84934656,0.29999998211860657,7392,1.503418439716313,11489,0.29999998211860657,1.4539007092198581,0.29999998211860657,0.29999998211860657,0.29999998211860657,0.29999998211860657,0.29999998211860657,736.84375,0.29999998211860657,0.29999998211860657,0.29999998211860657,0.29999998211860657,0.02127659574468085,0.9285714285714286,0.29999998211860657,0.29999998211860657,0.29999998211860657,0.29999998211860657,1.5042596400311925,0.00766632080078125,0.29999998211860657,0.29999998211860657,0.29999998211860657,0.2,0.6392886638641357,1.0,-0.0843481719493866,25,0.0018458869,138,31,16,14,-5.374142646789551,0.30000001192092896,1.0,19,-0.003355180946209657,0.875,1e-05,0.08936555348045658,0.07310943603515625,0.1,1.0,1.0,0.0,22,1.0,6470
0.29999998211860657,0.983739837398374,0.29999998211860657,649,0.29999998211860657,16,0.29999998211860657,993.97,0.29999998211860657,0.29999998211860657,0.29999998211860657,0.29999998211860657,0.29999998211860657,85065728,0.29999998211860657,7392,1.5073495934959362,11506,0.29999998211860657,1.6422764227642277,0.29999998211860657,0.29999998211860657,0.29999998211860657,0.29999998211860657,0.29999998211860657,744.261474609375,0.29999998211860657,0.29999998211860657,0.29999998211860657,0.29999998211860657,0.016260162601626018,1.0,0.29999998211860657,0.29999998211860657,0.29999998211860657,0.29999998211860657,1.452343563807302,0.007655029296875,0.29999998211860657,0.29999998211860657,0.29999998211860657,0.2,0.6803140044212341,1.0,-0.1878073513507843,21,0.001845724,121,25,14,16,-5.374142646789551,0.30000001192092896,1.0,12,-0.003591830957930142,0.8571428571428571,1e-05,0.061365793085133194,0.07400894165039062,0.1,1.0,1.0,0.0,19,1.0,6480
