Gym has been unmaintained since 2022 and does not support NumPy 2.0 amongst other critical functionality.
Please upgrade to Gymnasium, the maintained drop-in replacement of Gym, or contact the authors of your software and request that they upgrade.
Users of this version of Gym should be able to simply replace 'import gym' with 'import gymnasium as gym' in the vast majority of cases.
See the migration guide at https://gymnasium.farama.org/introduction/migration_guide/ for additional information.
Logging to ./data/delta_refine_lr1e7/tb
INFO:root:Experiment: quadruped_ppo_experiment
INFO:root:Using EnvPool for environment Humanoid-v4 with 256 envs. Seed: 0
INFO:root:EnvPool worker threads: 256 for 256 envs
[0;33m[WW] ModuleManager: CHANGING UPDATE PERIOD: ![0m
[0;33m[WW] ModuleManager: CHANGING UPDATE PERIOD: ![0m
[0;33m[WW] ModuleManager: CHANGING UPDATE PERIOD: ![0m
[0;33m[WW] ModuleManager: CHANGING UPDATE PERIOD: ![0m
[0;33m[WW] ModuleManager: CHANGING UPDATE PERIOD: ![0m
[0;33m[WW] ModuleManager: CHANGING UPDATE PERIOD: ![0m
[0;33m[WW] ModuleManager: CHANGING UPDATE PERIOD: ![0m
[0;33m[WW] ModuleManager: CHANGING UPDATE PERIOD: ![0m
[0;33m[WW] ModuleManager: CHANGING UPDATE PERIOD: ![0m
[0;33m[WW] ModuleManager: CHANGING UPDATE PERIOD: ![0m
[0;33m[WW] ModuleManager: CHANGING UPDATE PERIOD: ![0m
[0;33m[WW] ModuleManager: CHANGING UPDATE PERIOD: ![0m
[0;33m[WW] ModuleManager: CHANGING UPDATE PERIOD: ![0m
[0;33m[WW] ModuleManager: CHANGING UPDATE PERIOD: ![0m
[0;33m[WW] ModuleManager: CHANGING UPDATE PERIOD: ![0m
[0;33m[WW] ModuleManager: CHANGING UPDATE PERIOD: ![0m
[0;33m[WW] ModuleManager: CHANGING UPDATE PERIOD: ![0m
[0;33m[WW] ModuleManager: CHANGING UPDATE PERIOD: ![0m
[0;33m[WW] ModuleManager: CHANGING UPDATE PERIOD: ![0m
[0;33m[WW] ModuleManager: CHANGING UPDATE PERIOD: ![0m
[0;33m[WW] ModuleManager: CHANGING UPDATE PERIOD: ![0m
[0;33m[WW] ModuleManager: CHANGING UPDATE PERIOD: ![0m
[0;33m[WW] ModuleManager: CHANGING UPDATE PERIOD: ![0m
[0;33m[WW] ModuleManager: CHANGING UPDATE PERIOD: ![0m
[0;33m[WW] ModuleManager: CHANGING UPDATE PERIOD: ![0m
[0;33m[WW] ModuleManager: CHANGING UPDATE PERIOD: ![0m
[0;33m[WW] ModuleManager: CHANGING UPDATE PERIOD: ![0m
[0;33m[WW] ModuleManager: CHANGING UPDATE PERIOD: ![0m
[0;33m[WW] ModuleManager: CHANGING UPDATE PERIOD: ![0m
[0;33m[WW] ModuleManager: CHANGING UPDATE PERIOD: ![0m
[0;33m[WW] ModuleManager: CHANGING UPDATE PERIOD: ![0m
[0;33m[WW] ModuleManager: CHANGING UPDATE PERIOD: ![0m
[0;33m[WW] ModuleManager: CHANGING UPDATE PERIOD: ![0m
[0;33m[WW] ModuleManager: CHANGING UPDATE PERIOD: ![0m
[0;33m[WW] ModuleManager: CHANGING UPDATE PERIOD: ![0m
[0;33m[WW] ModuleManager: CHANGING UPDATE PERIOD: ![0m
[0;33m[WW] ModuleManager: CHANGING UPDATE PERIOD: ![0m
[0;33m[WW] ModuleManager: CHANGING UPDATE PERIOD: ![0m
[0;33m[WW] ModuleManager: CHANGING UPDATE PERIOD: ![0m
[0;33m[WW] ModuleManager: CHANGING UPDATE PERIOD: ![0m
[0;33m[WW] ModuleManager: CHANGING UPDATE PERIOD: ![0m
[0;33m[WW] ModuleManager: CHANGING UPDATE PERIOD: ![0m
[0;33m[WW] ModuleManager: CHANGING UPDATE PERIOD: ![0m
[0;33m[WW] ModuleManager: CHANGING UPDATE PERIOD: ![0m
[0;33m[WW] ModuleManager: CHANGING UPDATE PERIOD: ![0m
[0;33m[WW] ModuleManager: CHANGING UPDATE PERIOD: ![0m
[0;33m[WW] ModuleManager: CHANGING UPDATE PERIOD: ![0m
[0;33m[WW] ModuleManager: CHANGING UPDATE PERIOD: ![0m
[0;33m[WW] ModuleManager: CHANGING UPDATE PERIOD: ![0m
[0;33m[WW] ModuleManager: CHANGING UPDATE PERIOD: ![0m
[0;33m[WW] ModuleManager: CHANGING UPDATE PERIOD: ![0m
[0;33m[WW] ModuleManager: CHANGING UPDATE PERIOD: ![0m
[0;33m[WW] ModuleManager: CHANGING UPDATE PERIOD: ![0m
[0;33m[WW] ModuleManager: CHANGING UPDATE PERIOD: ![0m
[0;33m[WW] ModuleManager: CHANGING UPDATE PERIOD: ![0m
[0;33m[WW] ModuleManager: CHANGING UPDATE PERIOD: ![0m
[0;33m[WW] ModuleManager: CHANGING UPDATE PERIOD: ![0m
[0;33m[WW] ModuleManager: CHANGING UPDATE PERIOD: ![0m
[0;33m[WW] ModuleManager: CHANGING UPDATE PERIOD: ![0m
[0;33m[WW] ModuleManager: CHANGING UPDATE PERIOD: ![0m
[0;33m[WW] ModuleManager: CHANGING UPDATE PERIOD: ![0m
[0;33m[WW] ModuleManager: CHANGING UPDATE PERIOD: ![0m
[0;33m[WW] ModuleManager: CHANGING UPDATE PERIOD: ![0m
[0;33m[WW] ModuleManager: CHANGING UPDATE PERIOD: ![0m
[0;33m[WW] ModuleManager: CHANGING UPDATE PERIOD: ![0m
[0;33m[WW] ModuleManager: CHANGING UPDATE PERIOD: ![0m
[0;33m[WW] ModuleManager: CHANGING UPDATE PERIOD: ![0m
[0;33m[WW] ModuleManager: CHANGING UPDATE PERIOD: ![0m
[0;33m[WW] ModuleManager: CHANGING UPDATE PERIOD: ![0m
[0;33m[WW] ModuleManager: CHANGING UPDATE PERIOD: ![0m
[0;33m[WW] ModuleManager: CHANGING UPDATE PERIOD: ![0m
[0;33m[WW] ModuleManager: CHANGING UPDATE PERIOD: ![0m
[0;33m[WW] ModuleManager: CHANGING UPDATE PERIOD: ![0m
[0;33m[WW] ModuleManager: CHANGING UPDATE PERIOD: ![0m
initHardware(SIM): Initializing hardware components...
initHardware(SIM): Initializing hardware components...
initHardware(SIM): Initializing hardware components...
initHardware(SIM): Initializing hardware components...
initHardware(SIM): Initializing hardware components...
initHardware(SIM): Initializing hardware components...
initHardware(SIM): Initializing hardware components...
initHardware(SIM): Initializing hardware components...
initHardware(SIM): Initializing hardware components...
initHardware(SIM): Initializing hardware components...
initHardware(SIM): Initializing hardware components...
initHardware(SIM): Initializing hardware components...
initHardware(SIM): Initializing hardware components...
initHardware(SIM): Initializing hardware components...
initHardware(SIM): Initializing hardware components...
initHardware(SIM): Initializing hardware components...
initHardware(SIM): Initializing hardware components...
initHardware(SIM): Initializing hardware components...
initHardware(SIM): Initializing hardware components...
initHardware(SIM): Initializing hardware components...
initHardware(SIM): Initializing hardware components...
initHardware(SIM): Initializing hardware components...
initHardware(SIM): Initializing hardware components...
initHardware(SIM): Initializing hardware components...
initHardware(SIM): Initializing hardware components...
initHardware(SIM): Initializing hardware components...
initHardware(SIM): Initializing hardware components...
initHardware(SIM): Initializing hardware components...
initHardware(SIM): Initializing hardware components...
initHardware(SIM): Initializing hardware components...
initHardware(SIM): Initializing hardware components...
initHardware(SIM): Initializing hardware components...
initHardware(SIM): Initializing hardware components...
initHardware(SIM): Initializing hardware components...
initHardware(SIM): Initializing hardware components...
initHardware(SIM): Initializing hardware components...
initHardware(SIM): Initializing hardware components...
initHardware(SIM): Initializing hardware components...
initHardware(SIM): Initializing hardware components...
initHardware(SIM): Initializing hardware components...
initHardware(SIM): Initializing hardware components...
initHardware(SIM): Initializing hardware components...
initHardware(SIM): Initializing hardware components...
initHardware(SIM): Initializing hardware components...
initHardware(SIM): Initializing hardware components...
initHardware(SIM): Initializing hardware components...
initHardware(SIM): Initializing hardware components...
initHardware(SIM): Initializing hardware components...
initHardware(SIM): Initializing hardware components...
initHardware(SIM): Initializing hardware components...
initHardware(SIM): Initializing hardware components...
initHardware(SIM): Initializing hardware components...
initHardware(SIM): Initializing hardware components...
initHardware(SIM): Initializing hardware components...
initHardware(SIM): Initializing hardware components...
initHardware(SIM): Initializing hardware components...
initHardware(SIM): Initializing hardware components...
initHardware(SIM): Initializing hardware components...
initHardware(SIM): Initializing hardware components...
initHardware(SIM): Initializing hardware components...
initHardware(SIM): Initializing hardware components...
initHardware(SIM): Initializing hardware components...
initHardware(SIM): Initializing hardware components...
initHardware(SIM): Initializing hardware components...
initHardware(SIM): Initializing hardware components...
initHardware(SIM): Initializing hardware components...
initHardware(SIM): Initializing hardware components...
initHardware(SIM): Initializing hardware components...
initHardware(SIM): Initializing hardware components...
initHardware(SIM): Initializing hardware components...
initHardware(SIM): Initializing hardware components...
initHardware(SIM): Initializing hardware components...
initHardware(SIM): Initializing hardware components...
initHardware(SIM): Initializing hardware components...
initHardware(SIM): Initial[0;33m[WW] ModuleManager: CHANGING UPDATE PERIOD: ![0m
[0;33m[WW] ModuleManager: CHANGING UPDATE PERIOD: ![0m
[0;33m[WW] ModuleManager: CHANGING UPDATE PERIOD: ![0m
[0;33m[WW] ModuleManager: CHANGING UPDATE PERIOD: ![0m
[0;33m[WW] ModuleManager: CHANGING UPDATE PERIOD: ![0m
[0;33m[WW] ModuleManager: CHANGING UPDATE PERIOD: ![0m
[0;33m[WW] ModuleManager: CHANGING UPDATE PERIOD: ![0m
[0;33m[WW] ModuleManager: CHANGING UPDATE PERIOD: ![0m
[0;33m[WW] ModuleManager: CHANGING UPDATE PERIOD: ![0m
[0;33m[WW] ModuleManager: CHANGING UPDATE PERIOD: ![0m
[0;33m[WW] ModuleManager: CHANGING UPDATE PERIOD: ![0m
[0;33m[WW] ModuleManager: CHANGING UPDATE PERIOD: ![0m
[0;33m[WW] ModuleManager: CHANGING UPDATE PERIOD: ![0m
[0;33m[WW] ModuleManager: CHANGING UPDATE PERIOD: ![0m
[0;33m[WW] ModuleManager: CHANGING UPDATE PERIOD: ![0m
[0;33m[WW] ModuleManager: CHANGING UPDATE PERIOD: ![0m
[0;33m[WW] ModuleManager: CHANGING UPDATE PERIOD: ![0m
[0;33m[WW] ModuleManager: CHANGING UPDATE PERIOD: ![0m
[0;33m[WW] ModuleManager: CHANGING UPDATE PERIOD: ![0m
[0;33m[WW] ModuleManager: CHANGING UPDATE PERIOD: ![0m
[0;33m[WW] ModuleManager: CHANGING UPDATE PERIOD: ![0m
[0;33m[WW] ModuleManager: CHANGING UPDATE PERIOD: ![0m
[0;33m[WW] ModuleManager: CHANGING UPDATE PERIOD: ![0m
[0;33m[WW] ModuleManager: CHANGING UPDATE PERIOD: ![0m
[0;33m[WW] ModuleManager: CHANGING UPDATE PERIOD: ![0m
[0;33m[WW] ModuleManager: CHANGING UPDATE PERIOD: ![0m
[0;33m[WW] ModuleManager: CHANGING UPDATE PERIOD: ![0m
[0;33m[WW] ModuleManager: CHANGING UPDATE PERIOD: ![0m
[0;33m[WW] ModuleManager: CHANGING UPDATE PERIOD: ![0m
[0;33m[WW] ModuleManager: CHANGING UPDATE PERIOD: ![0m
[0;33m[WW] ModuleManager: CHANGING UPDATE PERIOD: ![0m
[0;33m[WW] ModuleManager: CHANGING UPDATE PERIOD: ![0m
[0;33m[WW] ModuleManager: CHANGING UPDATE PERIOD: ![0m
[0;33m[WW] ModuleManager: CHANGING UPDATE PERIOD: ![0m
[0;33m[WW] ModuleManager: CHANGING UPDATE PERIOD: ![0m
[0;33m[WW] ModuleManager: CHANGING UPDATE PERIOD: ![0m
[0;33m[WW] ModuleManager: CHANGING UPDATE PERIOD: ![0m
[0;33m[WW] ModuleManager: CHANGING UPDATE PERIOD: ![0m
[0;33m[WW] ModuleManager: CHANGING UPDATE PERIOD: ![0m
[0;33m[WW] ModuleManager: CHANGING UPDATE PERIOD: ![0m
[0;33m[WW] ModuleManager: CHANGING UPDATE PERIOD: ![0m
[0;33m[WW] ModuleManager: CHANGING UPDATE PERIOD: ![0m
[0;33m[WW] ModuleManager: CHANGING UPDATE PERIOD: ![0m
[0;33m[WW] ModuleManager: CHANGING UPDATE PERIOD: ![0m
[0;33m[WW] ModuleManager: CHANGING UPDATE PERIOD: ![0m
[0;33m[WW] ModuleManager: CHANGING UPDATE PERIOD: ![0m
[0;33m[WW] ModuleManager: CHANGING UPDATE PERIOD: ![0m
[0;33m[WW] ModuleManager: CHANGING UPDATE PERIOD: ![0m
[0;33m[WW] ModuleManager: CHANGING UPDATE PERIOD: ![0m
[0;33m[WW] ModuleManager: CHANGING UPDATE PERIOD: ![0m
[0;33m[WW] ModuleManager: CHANGING UPDATE PERIOD: ![0m
[0;33m[WW] ModuleManager: CHANGING UPDATE PERIOD: ![0m
[0;33m[WW] ModuleManager: CHANGING UPDATE PERIOD: ![0m
[0;33m[WW] ModuleManager: CHANGING UPDATE PERIOD: ![0m
[0;33m[WW] ModuleManager: CHANGING UPDATE PERIOD: ![0m
[0;33m[WW] ModuleManager: CHANGING UPDATE PERIOD: ![0m
[0;33m[WW] ModuleManager: CHANGING UPDATE PERIOD: ![0m
[0;33m[WW] ModuleManager: CHANGING UPDATE PERIOD: ![0m
[0;33m[WW] ModuleManager: CHANGING UPDATE PERIOD: ![0m
[0;33m[WW] ModuleManager: CHANGING UPDATE PERIOD: ![0m
[0;33m[WW] ModuleManager: CHANGING UPDATE PERIOD: ![0m
[0;33m[WW] ModuleManager: CHANGING UPDATE PERIOD: ![0m
[0;33m[WW] ModuleManager: CHANGING UPDATE PERIOD: ![0m
[0;33m[WW] ModuleManager: CHANGING UPDATE PERIOD: ![0m
[0;33m[WW] ModuleManager: CHANGING UPDATE PERIOD: ![0m
[0;33m[WW] ModuleManager: CHANGING UPDATE PERIOD: ![0m
[0;33m[WW] ModuleManager: CHANGING UPDATE PERIOD: ![0m
[0;33m[WW] ModuleManager: CHANGING UPDATE PERIOD: ![0m
[0;33m[WW] ModuleManager: CHANGING UPDATE PERIOD: ![0m
[0;33m[WW] ModuleManager: CHANGING UPDATE PERIOD: ![0m
[0;33m[WW] ModuleManager: CHANGING UPDATE PERIOD: ![0m
[0;33m[WW] ModuleManager: CHANGING UPDATE PERIOD: ![0m
[0;33m[WW] ModuleManager: CHANGING UPDATE PERIOD: ![0m
[0;33m[WW] ModuleManager: CHANGING UPDATE PERIOD: ![0m
izing hardware components...
initHardware(SIM): Initializing hardware components...
initHardware(SIM): Initializing hardware components...
initHardware(SIM): Initializing hardware components...
initHardware(SIM): Initializing hardware components...
initHardware(SIM): Initializing hardware components...
initHardware(SIM): Initializing hardware components...
initHardware(SIM): Initializing hardware components...
initHardware(SIM): Initializing hardware components...
initHardware(SIM): Initializing hardware components...
initHardware(SIM): Initializing hardware components...
initHardware(SIM): Initializing hardware components...
initHardware(SIM): Initializing hardware components...
initHardware(SIM): Initializing hardware components...
initHardware(SIM): Initializing hardware components...
initHardware(SIM): Initializing hardware components...
initHardware(SIM): Initializing hardware components...
initHardware(SIM): Initializing hardware components...
initHardware(SIM): Initializing hardware components...
initHardware(SIM): Initializing hardware components...
initHardware(SIM): Initializing hardware components...
initHardware(SIM): Initializing hardware components...
initHardware(SIM): Initializing hardware components...
initHardware(SIM): Initializing hardware components...
initHardware(SIM): Initializing hardware components...
initHardware(SIM): Initializing hardware components...
initHardware(SIM): Initializing hardware components...
initHardware(SIM): Initializing hardware components...
initHardware(SIM): Initializing hardware components...
initHardware(SIM): Initializing hardware components...
initHardware(SIM): Initializing hardware components...
initHardware(SIM): Initializing hardware components...
initHardware(SIM): Initializing hardware components...
initHardware(SIM): Initializing hardware components...
initHardware(SIM): Initializing hardware components...
initHardware(SIM): Initializing hardware components...
initHardware(SIM): Initializing hardware components...
initHardware(SIM): Initializing hardware components...
initHardware(SIM): Initializing hardware components...
initHardware(SIM): Initializing hardware components...
initHardware(SIM): Initializing hardware components...
initHardware(SIM): Initializing hardware components...
initHardware(SIM): Initializing hardware components...
initHardware(SIM): Initializing hardware components...
initHardware(SIM): Initializing hardware components...
initHardware(SIM): Initializing hardware components...
initHardware(SIM): Initializing hardware components...
initHardware(SIM): Initializing hardware components...
initHardware(SIM): Initializing hardware components...
initHardware(SIM): Initializing hardware components...
initHardware(SIM): Initializing hardware components...
initHardware(SIM): Initializing hardware components...
initHardware(SIM): Initializing hardware components...
initHardware(SIM): Initializing hardware components...
initHardware(SIM): Initializing hardware components...
initHardware(SIM): Initializing hardware components...
initHardware(SIM): Initializing hardware components...
initHardware(SIM): Initializing hardware components...
initHardware(SIM): Initializing hardware components...
initHardware(SIM): Initializing hardware components...
initHardware(SIM): Initializing hardware components...
initHardware(SIM): Initializing hardware components...
initHardware(SIM): Initializing hardware components...
initHardware(SIM): Initializing hardware components...
initHardware(SIM): Initializing hardware components...
initHardware(SIM): Initializing hardware components...
initHardware(SIM): Initializing hardware components...
initHardware(SIM): Initializing hardware components...
initHardware(SIM): Initializing hardware components...
initHardware(SIM): Initializing hardware components...
initHardware(SIM): Initializing hardware components...
initHardware(SIM): Initializing hardware components...
initHardware(SIM): Initializing hardware components...
initHardware(SIM): Initializing hardware components...
initHardware(SIM): Initializing hardware components.[0;33m[WW] ModuleManager: CHANGING UPDATE PERIOD: ![0m
[0;33m[WW] ModuleManager: CHANGING UPDATE PERIOD: ![0m
[0;33m[WW] ModuleManager: CHANGING UPDATE PERIOD: ![0m
[0;33m[WW] ModuleManager: CHANGING UPDATE PERIOD: ![0m
[0;33m[WW] ModuleManager: CHANGING UPDATE PERIOD: ![0m
[0;33m[WW] ModuleManager: CHANGING UPDATE PERIOD: ![0m
[0;33m[WW] ModuleManager: CHANGING UPDATE PERIOD: ![0m
[0;33m[WW] ModuleManager: CHANGING UPDATE PERIOD: ![0m
[0;33m[WW] ModuleManager: CHANGING UPDATE PERIOD: ![0m
[0;33m[WW] ModuleManager: CHANGING UPDATE PERIOD: ![0m
[0;33m[WW] ModuleManager: CHANGING UPDATE PERIOD: ![0m
[0;33m[WW] ModuleManager: CHANGING UPDATE PERIOD: ![0m
[0;33m[WW] ModuleManager: CHANGING UPDATE PERIOD: ![0m
[0;33m[WW] ModuleManager: CHANGING UPDATE PERIOD: ![0m
[0;33m[WW] ModuleManager: CHANGING UPDATE PERIOD: ![0m
[0;33m[WW] ModuleManager: CHANGING UPDATE PERIOD: ![0m
[0;33m[WW] ModuleManager: CHANGING UPDATE PERIOD: ![0m
[0;33m[WW] ModuleManager: CHANGING UPDATE PERIOD: ![0m
[0;33m[WW] ModuleManager: CHANGING UPDATE PERIOD: ![0m
[0;33m[WW] ModuleManager: CHANGING UPDATE PERIOD: ![0m
[0;33m[WW] ModuleManager: CHANGING UPDATE PERIOD: ![0m
[0;33m[WW] ModuleManager: CHANGING UPDATE PERIOD: ![0m
[0;33m[WW] ModuleManager: CHANGING UPDATE PERIOD: ![0m
[0;33m[WW] ModuleManager: CHANGING UPDATE PERIOD: ![0m
[0;33m[WW] ModuleManager: CHANGING UPDATE PERIOD: ![0m
[0;33m[WW] ModuleManager: CHANGING UPDATE PERIOD: ![0m
[0;33m[WW] ModuleManager: CHANGING UPDATE PERIOD: ![0m
[0;33m[WW] ModuleManager: CHANGING UPDATE PERIOD: ![0m
[0;33m[WW] ModuleManager: CHANGING UPDATE PERIOD: ![0m
[0;33m[WW] ModuleManager: CHANGING UPDATE PERIOD: ![0m
[0;33m[WW] ModuleManager: CHANGING UPDATE PERIOD: ![0m
[0;33m[WW] ModuleManager: CHANGING UPDATE PERIOD: ![0m
[0;33m[WW] ModuleManager: CHANGING UPDATE PERIOD: ![0m
[0;33m[WW] ModuleManager: CHANGING UPDATE PERIOD: ![0m
[0;33m[WW] ModuleManager: CHANGING UPDATE PERIOD: ![0m
[0;33m[WW] ModuleManager: CHANGING UPDATE PERIOD: ![0m
[0;33m[WW] ModuleManager: CHANGING UPDATE PERIOD: ![0m
[0;33m[WW] ModuleManager: CHANGING UPDATE PERIOD: ![0m
[0;33m[WW] ModuleManager: CHANGING UPDATE PERIOD: ![0m
[0;33m[WW] ModuleManager: CHANGING UPDATE PERIOD: ![0m
[0;33m[WW] ModuleManager: CHANGING UPDATE PERIOD: ![0m
[0;33m[WW] ModuleManager: CHANGING UPDATE PERIOD: ![0m
[0;33m[WW] ModuleManager: CHANGING UPDATE PERIOD: ![0m
[0;33m[WW] ModuleManager: CHANGING UPDATE PERIOD: ![0m
[0;33m[WW] ModuleManager: CHANGING UPDATE PERIOD: ![0m
[0;33m[WW] ModuleManager: CHANGING UPDATE PERIOD: ![0m
[0;33m[WW] ModuleManager: CHANGING UPDATE PERIOD: ![0m
[0;33m[WW] ModuleManager: CHANGING UPDATE PERIOD: ![0m
[0;33m[WW] ModuleManager: CHANGING UPDATE PERIOD: ![0m
[0;33m[WW] ModuleManager: CHANGING UPDATE PERIOD: ![0m
[0;33m[WW] ModuleManager: CHANGING UPDATE PERIOD: ![0m
[0;33m[WW] ModuleManager: CHANGING UPDATE PERIOD: ![0m
[0;33m[WW] ModuleManager: CHANGING UPDATE PERIOD: ![0m
[0;33m[WW] ModuleManager: CHANGING UPDATE PERIOD: ![0m
[0;33m[WW] ModuleManager: CHANGING UPDATE PERIOD: ![0m
[0;33m[WW] ModuleManager: CHANGING UPDATE PERIOD: ![0m
[0;33m[WW] ModuleManager: CHANGING UPDATE PERIOD: ![0m
[0;33m[WW] ModuleManager: CHANGING UPDATE PERIOD: ![0m
[0;33m[WW] ModuleManager: CHANGING UPDATE PERIOD: ![0m
[0;33m[WW] ModuleManager: CHANGING UPDATE PERIOD: ![0m
[0;33m[WW] ModuleManager: CHANGING UPDATE PERIOD: ![0m
[0;33m[WW] ModuleManager: CHANGING UPDATE PERIOD: ![0m
[0;33m[WW] ModuleManager: CHANGING UPDATE PERIOD: ![0m
[0;33m[WW] ModuleManager: CHANGING UPDATE PERIOD: ![0m
[0;33m[WW] ModuleManager: CHANGING UPDATE PERIOD: ![0m
[0;33m[WW] ModuleManager: CHANGING UPDATE PERIOD: ![0m
[0;33m[WW] ModuleManager: CHANGING UPDATE PERIOD: ![0m
[0;33m[WW] ModuleManager: CHANGING UPDATE PERIOD: ![0m
[0;33m[WW] ModuleManager: CHANGING UPDATE PERIOD: ![0m
[0;33m[WW] ModuleManager: CHANGING UPDATE PERIOD: ![0m
[0;33m[WW] ModuleManager: CHANGING UPDATE PERIOD: ![0m
[0;33m[WW] ModuleManager: CHANGING UPDATE PERIOD: ![0m
[0;33m[WW] ModuleManager: CHANGING UPDATE PERIOD: ![0m
[0;33m[WW] ModuleManager: CHANGING UPDATE PERIOD: ![0m
[0;33m[WW] ModuleManager: CHANGING UPDATE PERIOD: ![0m
..
initHardware(SIM): Initializing hardware components...
initHardware(SIM): Initializing hardware components...
initHardware(SIM): Initializing hardware components...
initHardware(SIM): Initializing hardware components...
initHardware(SIM): Initializing hardware components...
initHardware(SIM): Initializing hardware components...
initHardware(SIM): Initializing hardware components...
initHardware(SIM): Initializing hardware components...
initHardware(SIM): Initializing hardware components...
initHardware(SIM): Initializing hardware components...
initHardware(SIM): Initializing hardware components...
initHardware(SIM): Initializing hardware components...
initHardware(SIM): Initializing hardware components...
initHardware(SIM): Initializing hardware components...
initHardware(SIM): Initializing hardware components...
initHardware(SIM): Initializing hardware components...
initHardware(SIM): Initializing hardware components...
initHardware(SIM): Initializing hardware components...
initHardware(SIM): Initializing hardware components...
initHardware(SIM): Initializing hardware components...
initHardware(SIM): Initializing hardware components...
initHardware(SIM): Initializing hardware components...
initHardware(SIM): Initializing hardware components...
initHardware(SIM): Initializing hardware components...
initHardware(SIM): Initializing hardware components...
initHardware(SIM): Initializing hardware components...
initHardware(SIM): Initializing hardware components...
initHardware(SIM): Initializing hardware components...
initHardware(SIM): Initializing hardware components...
initHardware(SIM): Initializing hardware components...
initHardware(SIM): Initializing hardware components...
initHardware(SIM): Initializing hardware components...
initHardware(SIM): Initializing hardware components...
initHardware(SIM): Initializing hardware components...
initHardware(SIM): Initializing hardware components...
initHardware(SIM): Initializing hardware components...
initHardware(SIM): Initializing hardware components...
initHardware(SIM): Initializing hardware components...
initHardware(SIM): Initializing hardware components...
initHardware(SIM): Initializing hardware components...
initHardware(SIM): Initializing hardware components...
initHardware(SIM): Initializing hardware components...
initHardware(SIM): Initializing hardware components...
initHardware(SIM): Initializing hardware components...
initHardware(SIM): Initializing hardware components...
initHardware(SIM): Initializing hardware components...
initHardware(SIM): Initializing hardware components...
initHardware(SIM): Initializing hardware components...
initHardware(SIM): Initializing hardware components...
initHardware(SIM): Initializing hardware components...
initHardware(SIM): Initializing hardware components...
initHardware(SIM): Initializing hardware components...
initHardware(SIM): Initializing hardware components...
initHardware(SIM): Initializing hardware components...
initHardware(SIM): Initializing hardware components...
initHardware(SIM): Initializing hardware components...
initHardware(SIM): Initializing hardware components...
initHardware(SIM): Initializing hardware components...
initHardware(SIM): Initializing hardware components...
initHardware(SIM): Initializing hardware components...
initHardware(SIM): Initializing hardware components...
initHardware(SIM): Initializing hardware components...
initHardware(SIM): Initializing hardware components...
initHardware(SIM): Initializing hardware components...
initHardware(SIM): Initializing hardware components...
initHardware(SIM): Initializing hardware components...
initHardware(SIM): Initializing hardware components...
initHardware(SIM): Initializing hardware components...
initHardware(SIM): Initializing hardware components...
initHardware(SIM): Initializing hardware components...
initHardware(SIM): Initializing hardware components...
initHardware(SIM): Initializing hardware components...
initHardware(SIM): Initializing hardware components...
initHardware(SIM): Initializing hardware components...
initHardware(SIM): Init[0;33m[WW] ModuleManager: CHANGING UPDATE PERIOD: ![0m
[0;33m[WW] ModuleManager: CHANGING UPDATE PERIOD: ![0m
[0;33m[WW] ModuleManager: CHANGING UPDATE PERIOD: ![0m
[0;33m[WW] ModuleManager: CHANGING UPDATE PERIOD: ![0m
[0;33m[WW] ModuleManager: CHANGING UPDATE PERIOD: ![0m
[0;33m[WW] ModuleManager: CHANGING UPDATE PERIOD: ![0m
[0;33m[WW] ModuleManager: CHANGING UPDATE PERIOD: ![0m
[0;33m[WW] ModuleManager: CHANGING UPDATE PERIOD: ![0m
[0;33m[WW] ModuleManager: CHANGING UPDATE PERIOD: ![0m
[0;33m[WW] ModuleManager: CHANGING UPDATE PERIOD: ![0m
[0;33m[WW] ModuleManager: CHANGING UPDATE PERIOD: ![0m
[0;33m[WW] ModuleManager: CHANGING UPDATE PERIOD: ![0m
[0;33m[WW] ModuleManager: CHANGING UPDATE PERIOD: ![0m
[0;33m[WW] ModuleManager: CHANGING UPDATE PERIOD: ![0m
[0;33m[WW] ModuleManager: CHANGING UPDATE PERIOD: ![0m
[0;33m[WW] ModuleManager: CHANGING UPDATE PERIOD: ![0m
[0;33m[WW] ModuleManager: CHANGING UPDATE PERIOD: ![0m
[0;33m[WW] ModuleManager: CHANGING UPDATE PERIOD: ![0m
[0;33m[WW] ModuleManager: CHANGING UPDATE PERIOD: ![0m
[0;33m[WW] ModuleManager: CHANGING UPDATE PERIOD: ![0m
[0;33m[WW] ModuleManager: CHANGING UPDATE PERIOD: ![0m
[0;33m[WW] ModuleManager: CHANGING UPDATE PERIOD: ![0m
[0;33m[WW] ModuleManager: CHANGING UPDATE PERIOD: ![0m
[0;33m[WW] ModuleManager: CHANGING UPDATE PERIOD: ![0m
[0;33m[WW] ModuleManager: CHANGING UPDATE PERIOD: ![0m
[0;33m[WW] ModuleManager: CHANGING UPDATE PERIOD: ![0m
[0;33m[WW] ModuleManager: CHANGING UPDATE PERIOD: ![0m
[0;33m[WW] ModuleManager: CHANGING UPDATE PERIOD: ![0m
[0;33m[WW] ModuleManager: CHANGING UPDATE PERIOD: ![0m
[0;33m[WW] ModuleManager: CHANGING UPDATE PERIOD: ![0m
[0;33m[WW] ModuleManager: CHANGING UPDATE PERIOD: ![0m
[0;33m[WW] ModuleManager: CHANGING UPDATE PERIOD: ![0m
[0;33m[WW] ModuleManager: CHANGING UPDATE PERIOD: ![0m
/usr/local/lib/python3.10/dist-packages/stable_baselines3/common/vec_env/base_vec_env.py:78: UserWarning: The `render_mode` attribute is not defined in your environment. It will be set to None.
  warnings.warn("The `render_mode` attribute is not defined in your environment. It will be set to None.")
/usr/local/lib/python3.10/dist-packages/stable_baselines3/common/utils.py:166: UserWarning: get_schedule_fn() is deprecated, please use FloatSchedule() instead
  warnings.warn("get_schedule_fn() is deprecated, please use FloatSchedule() instead")
/usr/local/lib/python3.10/dist-packages/stable_baselines3/common/utils.py:212: UserWarning: constant_fn() is deprecated, please use ConstantSchedule() instead
  warnings.warn("constant_fn() is deprecated, please use ConstantSchedule() instead")
INFO:root:Overriding learning rate: 1e-07
INFO:root:Starting training...
INFO:root:Action std clamped to [0.05, 0.3] after every optimizer step
INFO:root:Setting target_kl: 0.01 (was 0.01)
Using GPU: False
Using VecNormalize wrapper...
Found existing model and continue_training=True. Continuing training.
Loading existing model from ./data/delta_refine_lr1e7/quadruped_ppo_model.zip
Loading VecNormalize statistics from ./data/delta_refine_lr1e7/quadruped_ppo_model_vecnormalize.pkl
Model loaded successfully. Continuing training...
Model hyperparameters: {'actor_obs_dim': 54, 'activation_fn': <class 'torch.nn.modules.activation.Tanh'>, 'net_arch': {'pi': [256, 128], 'vf': [256, 128]}, 'log_std_init': -3.0, 'full_std': False, 'use_expln': False}
----------------------------------------------
| rollout/                        |          |
|    action_saturation_fraction   | 0        |
|    ep_len_mean                  | 352      |
|    ep_rew_mean                  | 227      |
|    episodes_noforce             | 38       |
|    force_direction_mean         | -1       |
|    force_onset_mean             | 1.32     |
|    force_requested_impulse_mean | 0        |
|    is_fall_mean                 | 1        |
|    is_timeout_mean              | 0        |
|    recovery_noforce             | 0        |
| time/                           |          |
|    fps                          | 3188     |
|    iterations                   | 1        |
|    time_elapsed                 | 41       |
|    total_timesteps              | 131072   |
| train/                          |          |
|    action_std_00                | 0.0521   |
|    action_std_01                | 0.052    |
|    action_std_02                | 0.0521   |
|    action_std_03                | 0.0519   |
|    action_std_04                | 0.052    |
|    action_std_05                | 0.0521   |
|    action_std_06                | 0.0519   |
|    action_std_07                | 0.052    |
|    action_std_08                | 0.052    |
|    action_std_09                | 0.052    |
|    action_std_10                | 0.0519   |
|    action_std_11                | 0.052    |
|    action_std_12                | 0.0519   |
|    action_std_13                | 0.052    |
|    action_std_14                | 0.052    |
|    action_std_15                | 0.0519   |
|    action_std_16                | 0.052    |
|    action_std_17                | 0.052    |
|    action_std_18                | 0.0519   |
|    action_std_19                | 0.0521   |
|    action_std_20                | 0.052    |
|    action_std_21                | 0.052    |
|    action_std_22                | 0.0521   |
|    action_std_23                | 0.0519   |
|    action_std_24                | 0.052    |
|    std_max                      | 0.0521   |
|    std_min                      | 0.0519   |
----------------------------------------------
ializing hardware components...
initHardware(SIM): Initializing hardware components...
initHardware(SIM): Initializing hardware components...
initHardware(SIM): Initializing hardware components...
initHardware(SIM): Initializing hardware components...
initHardware(SIM): Initializing hardware components...
initHardware(SIM): Initializing hardware components...
initHardware(SIM): Initializing hardware components...
initHardware(SIM): Initializing hardware components...
initHardware(SIM): Initializing hardware components...
initHardware(SIM): Initializing hardware components...
initHardware(SIM): Initializing hardware components...
initHardware(SIM): Initializing hardware components...
initHardware(SIM): Initializing hardware components...
initHardware(SIM): Initializing hardware components...
initHardware(SIM): Initializing hardware components...
initHardware(SIM): Initializing hardware components...
initHardware(SIM): Initializing hardware components...
initHardware(SIM): Initializing hardware components...
initHardware(SIM): Initializing hardware components...
initHardware(SIM): Initializing hardware components...
initHardware(SIM): Initializing hardware components...
initHardware(SIM): Initializing hardware components...
initHardware(SIM): Initializing hardware components...
initHardware(SIM): Initializing hardware components...
initHardware(SIM): Initializing hardware components...
initHardware(SIM): Initializing hardware components...
initHardware(SIM): Initializing hardware components...
initHardware(SIM): Initializing hardware components...
initHardware(SIM): Initializing hardware components...
initHardware(SIM): Initializing hardware components...
initHardware(SIM): Initializing hardware components...
initHardware(SIM): Initializing hardware components...
[HumanoidEnv] Reset state env_id=0 z=0.329077 rpy=[0.00215322, -0.00288509, -0.000139081]
[HumanoidEnv] unhealthy terminate at step=642 z=0.19736 rpy=[-2.08567, -0.161949, -0.0583743] v_body=[0.0720051, -0.746398, -0.110391]
----------------------------------------------------
| rollout/                          |              |
|    action_saturation_fraction     | 0            |
|    ep_len_mean                    | 988          |
|    ep_rew_mean                    | 662          |
|    episodes_noforce               | 234          |
|    force_direction_mean           | -1           |
|    force_onset_mean               | 1.41         |
|    force_requested_impulse_mean   | 0            |
|    is_fall_mean                   | 0.329        |
|    is_timeout_mean                | 0.671        |
|    recovery_noforce               | 0.671        |
|    timeout_without_onset_fraction | 0            |
|    timeouts                       | 157          |
| time/                             |              |
|    fps                            | 2578         |
|    iterations                     | 2            |
|    time_elapsed                   | 101          |
|    total_timesteps                | 262144       |
| train/                            |              |
|    action_std_00                  | 0.0521       |
|    action_std_01                  | 0.052        |
|    action_std_02                  | 0.0521       |
|    action_std_03                  | 0.0519       |
|    action_std_04                  | 0.052        |
|    action_std_05                  | 0.0521       |
|    action_std_06                  | 0.0519       |
|    action_std_07                  | 0.052        |
|    action_std_08                  | 0.052        |
|    action_std_09                  | 0.052        |
|    action_std_10                  | 0.0519       |
|    action_std_11                  | 0.052        |
|    action_std_12                  | 0.0519       |
|    action_std_13                  | 0.052        |
|    action_std_14                  | 0.052        |
|    action_std_15                  | 0.0519       |
|    action_std_16                  | 0.052        |
|    action_std_17                  | 0.052        |
|    action_std_18                  | 0.0519       |
|    action_std_19                  | 0.0521       |
|    action_std_20                  | 0.052        |
|    action_std_21                  | 0.052        |
|    action_std_22                  | 0.0521       |
|    action_std_23                  | 0.0519       |
|    action_std_24                  | 0.052        |
|    approx_kl                      | 0.0001335477 |
|    clip_fraction                  | 0            |
|    clip_range                     | 0.1          |
|    clip_range_vf                  | 0.2          |
|    entropy_loss                   | 38.4         |
|    explained_variance             | 0.872        |
|    learning_rate                  | 1e-07        |
|    loss                           | 0.842        |
|    n_updates                      | 1540         |
|    policy_gradient_loss           | -0.000471    |
|    std                            | 0.052        |
|    std_max                        | 0.0521       |
|    std_min                        | 0.0519       |
|    value_loss                     | 0.434        |
----------------------------------------------------
[HumanoidEnv] Reset state env_id=0 z=0.318881 rpy=[-0.000893695, -0.00339235, 0.000274936]
[HumanoidEnv] unhealthy terminate at step=417 z=0.193917 rpy=[-1.2095, -0.0866947, -1.40013] v_body=[-0.66812, -1.09681, -0.451206]
-----------------------------------------------------
| rollout/                          |               |
|    action_saturation_fraction     | 0             |
|    ep_len_mean                    | 768           |
|    ep_rew_mean                    | 504           |
|    episodes_noforce               | 66            |
|    force_direction_mean           | -1            |
|    force_onset_mean               | 1.39          |
|    force_requested_impulse_mean   | 0             |
|    is_fall_mean                   | 0.606         |
|    is_timeout_mean                | 0.394         |
|    recovery_noforce               | 0.394         |
|    timeout_without_onset_fraction | 0             |
|    timeouts                       | 26            |
| time/                             |               |
|    fps                            | 2442          |
|    iterations                     | 3             |
|    time_elapsed                   | 161           |
|    total_timesteps                | 393216        |
| train/                            |               |
|    action_std_00                  | 0.0521        |
|    action_std_01                  | 0.052         |
|    action_std_02                  | 0.0521        |
|    action_std_03                  | 0.0519        |
|    action_std_04                  | 0.052         |
|    action_std_05                  | 0.0521        |
|    action_std_06                  | 0.0519        |
|    action_std_07                  | 0.052         |
|    action_std_08                  | 0.052         |
|    action_std_09                  | 0.052         |
|    action_std_10                  | 0.0519        |
|    action_std_11                  | 0.052         |
|    action_std_12                  | 0.0519        |
|    action_std_13                  | 0.052         |
|    action_std_14                  | 0.052         |
|    action_std_15                  | 0.0519        |
|    action_std_16                  | 0.052         |
|    action_std_17                  | 0.052         |
|    action_std_18                  | 0.0519        |
|    action_std_19                  | 0.0521        |
|    action_std_20                  | 0.052         |
|    action_std_21                  | 0.052         |
|    action_std_22                  | 0.0521        |
|    action_std_23                  | 0.0519        |
|    action_std_24                  | 0.052         |
|    approx_kl                      | 0.00014987272 |
|    clip_fraction                  | 0             |
|    clip_range                     | 0.1           |
|    clip_range_vf                  | 0.2           |
|    entropy_loss                   | 38.4          |
|    explained_variance             | 0.875         |
|    learning_rate                  | 1e-07         |
|    loss                           | 0.858         |
|    n_updates                      | 1550          |
|    policy_gradient_loss           | -0.000524     |
|    std                            | 0.052         |
|    std_max                        | 0.0521        |
|    std_min                        | 0.0519        |
|    value_loss                     | 0.496         |
-----------------------------------------------------
-----------------------------------------------------
| rollout/                          |               |
|    action_saturation_fraction     | 0             |
|    ep_len_mean                    | 993           |
|    ep_rew_mean                    | 666           |
|    episodes_noforce               | 216           |
|    force_direction_mean           | -1            |
|    force_onset_mean               | 1.41          |
|    force_requested_impulse_mean   | 0             |
|    is_fall_mean                   | 0.31          |
|    is_timeout_mean                | 0.69          |
|    recovery_noforce               | 0.69          |
|    timeout_without_onset_fraction | 0             |
|    timeouts                       | 149           |
| time/                             |               |
|    fps                            | 2360          |
|    iterations                     | 4             |
|    time_elapsed                   | 222           |
|    total_timesteps                | 524288        |
| train/                            |               |
|    action_std_00                  | 0.0521        |
|    action_std_01                  | 0.052         |
|    action_std_02                  | 0.0521        |
|    action_std_03                  | 0.0519        |
|    action_std_04                  | 0.052         |
|    action_std_05                  | 0.0521        |
|    action_std_06                  | 0.0519        |
|    action_std_07                  | 0.052         |
|    action_std_08                  | 0.052         |
|    action_std_09                  | 0.052         |
|    action_std_10                  | 0.0519        |
|    action_std_11                  | 0.052         |
|    action_std_12                  | 0.0519        |
|    action_std_13                  | 0.052         |
|    action_std_14                  | 0.052         |
|    action_std_15                  | 0.0519        |
|    action_std_16                  | 0.052         |
|    action_std_17                  | 0.052         |
|    action_std_18                  | 0.0519        |
|    action_std_19                  | 0.0521        |
|    action_std_20                  | 0.052         |
|    action_std_21                  | 0.052         |
|    action_std_22                  | 0.0521        |
|    action_std_23                  | 0.0519        |
|    action_std_24                  | 0.052         |
|    approx_kl                      | 0.00012994386 |
|    clip_fraction                  | 0             |
|    clip_range                     | 0.1           |
|    clip_range_vf                  | 0.2           |
|    entropy_loss                   | 38.4          |
|    explained_variance             | 0.859         |
|    learning_rate                  | 1e-07         |
|    loss                           | 0.749         |
|    n_updates                      | 1560          |
|    policy_gradient_loss           | -0.000445     |
|    std                            | 0.052         |
|    std_max                        | 0.0521        |
|    std_min                        | 0.0519        |
|    value_loss                     | 0.395         |
-----------------------------------------------------
-----------------------------------------------------
| rollout/                          |               |
|    action_saturation_fraction     | 0             |
|    ep_len_mean                    | 722           |
|    ep_rew_mean                    | 473           |
|    episodes_noforce               | 111           |
|    force_direction_mean           | -1            |
|    force_onset_mean               | 1.39          |
|    force_requested_impulse_mean   | 0             |
|    is_fall_mean                   | 0.595         |
|    is_timeout_mean                | 0.405         |
|    recovery_noforce               | 0.405         |
|    timeout_without_onset_fraction | 0             |
|    timeouts                       | 45            |
| time/                             |               |
|    fps                            | 2318          |
|    iterations                     | 5             |
|    time_elapsed                   | 282           |
|    total_timesteps                | 655360        |
| train/                            |               |
|    action_std_00                  | 0.0521        |
|    action_std_01                  | 0.052         |
|    action_std_02                  | 0.0521        |
|    action_std_03                  | 0.0519        |
|    action_std_04                  | 0.052         |
|    action_std_05                  | 0.0521        |
|    action_std_06                  | 0.0519        |
|    action_std_07                  | 0.052         |
|    action_std_08                  | 0.052         |
|    action_std_09                  | 0.052         |
|    action_std_10                  | 0.0519        |
|    action_std_11                  | 0.052         |
|    action_std_12                  | 0.0519        |
|    action_std_13                  | 0.052         |
|    action_std_14                  | 0.052         |
|    action_std_15                  | 0.0519        |
|    action_std_16                  | 0.052         |
|    action_std_17                  | 0.052         |
|    action_std_18                  | 0.0519        |
|    action_std_19                  | 0.0521        |
|    action_std_20                  | 0.052         |
|    action_std_21                  | 0.052         |
|    action_std_22                  | 0.0521        |
|    action_std_23                  | 0.0519        |
|    action_std_24                  | 0.052         |
|    approx_kl                      | 0.00013181695 |
|    clip_fraction                  | 0             |
|    clip_range                     | 0.1           |
|    clip_range_vf                  | 0.2           |
|    entropy_loss                   | 38.4          |
|    explained_variance             | 0.884         |
|    learning_rate                  | 1e-07         |
|    loss                           | 0.863         |
|    n_updates                      | 1570          |
|    policy_gradient_loss           | -0.000486     |
|    std                            | 0.052         |
|    std_max                        | 0.0521        |
|    std_min                        | 0.0519        |
|    value_loss                     | 0.51          |
-----------------------------------------------------
-----------------------------------------------------
| rollout/                          |               |
|    action_saturation_fraction     | 0             |
|    ep_len_mean                    | 934           |
|    ep_rew_mean                    | 626           |
|    episodes_noforce               | 185           |
|    force_direction_mean           | -1            |
|    force_onset_mean               | 1.39          |
|    force_requested_impulse_mean   | 0             |
|    is_fall_mean                   | 0.314         |
|    is_timeout_mean                | 0.686         |
|    recovery_noforce               | 0.686         |
|    timeout_without_onset_fraction | 0             |
|    timeouts                       | 127           |
| time/                             |               |
|    fps                            | 2288          |
|    iterations                     | 6             |
|    time_elapsed                   | 343           |
|    total_timesteps                | 786432        |
| train/                            |               |
|    action_std_00                  | 0.0521        |
|    action_std_01                  | 0.052         |
|    action_std_02                  | 0.0521        |
|    action_std_03                  | 0.0519        |
|    action_std_04                  | 0.052         |
|    action_std_05                  | 0.0521        |
|    action_std_06                  | 0.0519        |
|    action_std_07                  | 0.052         |
|    action_std_08                  | 0.052         |
|    action_std_09                  | 0.052         |
|    action_std_10                  | 0.0519        |
|    action_std_11                  | 0.052         |
|    action_std_12                  | 0.0519        |
|    action_std_13                  | 0.052         |
|    action_std_14                  | 0.052         |
|    action_std_15                  | 0.0519        |
|    action_std_16                  | 0.052         |
|    action_std_17                  | 0.052         |
|    action_std_18                  | 0.0519        |
|    action_std_19                  | 0.0521        |
|    action_std_20                  | 0.052         |
|    action_std_21                  | 0.052         |
|    action_std_22                  | 0.0521        |
|    action_std_23                  | 0.0519        |
|    action_std_24                  | 0.052         |
|    approx_kl                      | 0.00015725735 |
|    clip_fraction                  | 1.53e-06      |
|    clip_range                     | 0.1           |
|    clip_range_vf                  | 0.2           |
|    entropy_loss                   | 38.4          |
|    explained_variance             | 0.866         |
|    learning_rate                  | 1e-07         |
|    loss                           | 0.925         |
|    n_updates                      | 1580          |
|    policy_gradient_loss           | -0.000511     |
|    std                            | 0.052         |
|    std_max                        | 0.0521        |
|    std_min                        | 0.0519        |
|    value_loss                     | 0.502         |
-----------------------------------------------------
-----------------------------------------------------
| rollout/                          |               |
|    action_saturation_fraction     | 0             |
|    ep_len_mean                    | 821           |
|    ep_rew_mean                    | 544           |
|    episodes_noforce               | 127           |
|    force_direction_mean           | -1            |
|    force_onset_mean               | 1.39          |
|    force_requested_impulse_mean   | 0             |
|    is_fall_mean                   | 0.425         |
|    is_timeout_mean                | 0.575         |
|    recovery_noforce               | 0.575         |
|    timeout_without_onset_fraction | 0             |
|    timeouts                       | 73            |
| time/                             |               |
|    fps                            | 2266          |
|    iterations                     | 7             |
|    time_elapsed                   | 404           |
|    total_timesteps                | 917504        |
| train/                            |               |
|    action_std_00                  | 0.0521        |
|    action_std_01                  | 0.052         |
|    action_std_02                  | 0.0521        |
|    action_std_03                  | 0.0519        |
|    action_std_04                  | 0.052         |
|    action_std_05                  | 0.0521        |
|    action_std_06                  | 0.0519        |
|    action_std_07                  | 0.052         |
|    action_std_08                  | 0.052         |
|    action_std_09                  | 0.052         |
|    action_std_10                  | 0.0519        |
|    action_std_11                  | 0.052         |
|    action_std_12                  | 0.0519        |
|    action_std_13                  | 0.052         |
|    action_std_14                  | 0.052         |
|    action_std_15                  | 0.0519        |
|    action_std_16                  | 0.052         |
|    action_std_17                  | 0.052         |
|    action_std_18                  | 0.0519        |
|    action_std_19                  | 0.0521        |
|    action_std_20                  | 0.052         |
|    action_std_21                  | 0.052         |
|    action_std_22                  | 0.0521        |
|    action_std_23                  | 0.0519        |
|    action_std_24                  | 0.052         |
|    approx_kl                      | 0.00013681815 |
|    clip_fraction                  | 7.63e-07      |
|    clip_range                     | 0.1           |
|    clip_range_vf                  | 0.2           |
|    entropy_loss                   | 38.4          |
|    explained_variance             | 0.869         |
|    learning_rate                  | 1e-07         |
|    loss                           | 0.806         |
|    n_updates                      | 1590          |
|    policy_gradient_loss           | -0.000477     |
|    std                            | 0.052         |
|    std_max                        | 0.0521        |
|    std_min                        | 0.0519        |
|    value_loss                     | 0.432         |
-----------------------------------------------------
----------------------------------------------------
| rollout/                          |              |
|    action_saturation_fraction     | 0            |
|    ep_len_mean                    | 884          |
|    ep_rew_mean                    | 586          |
|    episodes_noforce               | 161          |
|    force_direction_mean           | -1           |
|    force_onset_mean               | 1.36         |
|    force_requested_impulse_mean   | 0            |
|    is_fall_mean                   | 0.298        |
|    is_timeout_mean                | 0.702        |
|    recovery_noforce               | 0.702        |
|    timeout_without_onset_fraction | 0            |
|    timeouts                       | 113          |
| time/                             |              |
|    fps                            | 2252         |
|    iterations                     | 8            |
|    time_elapsed                   | 465          |
|    total_timesteps                | 1048576      |
| train/                            |              |
|    action_std_00                  | 0.0521       |
|    action_std_01                  | 0.052        |
|    action_std_02                  | 0.0521       |
|    action_std_03                  | 0.0519       |
|    action_std_04                  | 0.052        |
|    action_std_05                  | 0.0521       |
|    action_std_06                  | 0.0519       |
|    action_std_07                  | 0.052        |
|    action_std_08                  | 0.052        |
|    action_std_09                  | 0.052        |
|    action_std_10                  | 0.0519       |
|    action_std_11                  | 0.052        |
|    action_std_12                  | 0.0519       |
|    action_std_13                  | 0.052        |
|    action_std_14                  | 0.052        |
|    action_std_15                  | 0.0519       |
|    action_std_16                  | 0.052        |
|    action_std_17                  | 0.052        |
|    action_std_18                  | 0.0519       |
|    action_std_19                  | 0.0521       |
|    action_std_20                  | 0.052        |
|    action_std_21                  | 0.052        |
|    action_std_22                  | 0.0521       |
|    action_std_23                  | 0.0519       |
|    action_std_24                  | 0.052        |
|    approx_kl                      | 9.931266e-05 |
|    clip_fraction                  | 0            |
|    clip_range                     | 0.1          |
|    clip_range_vf                  | 0.2          |
|    entropy_loss                   | 38.4         |
|    explained_variance             | 0.852        |
|    learning_rate                  | 1e-07        |
|    loss                           | 0.935        |
|    n_updates                      | 1600         |
|    policy_gradient_loss           | -0.000414    |
|    std                            | 0.052        |
|    std_max                        | 0.0521       |
|    std_min                        | 0.0519       |
|    value_loss                     | 0.457        |
----------------------------------------------------
----------------------------------------------------
| rollout/                          |              |
|    action_saturation_fraction     | 0            |
|    ep_len_mean                    | 854          |
|    ep_rew_mean                    | 568          |
|    episodes_noforce               | 149          |
|    force_direction_mean           | -1           |
|    force_onset_mean               | 1.39         |
|    force_requested_impulse_mean   | 0            |
|    is_fall_mean                   | 0.356        |
|    is_timeout_mean                | 0.644        |
|    recovery_noforce               | 0.644        |
|    timeout_without_onset_fraction | 0            |
|    timeouts                       | 96           |
| time/                             |              |
|    fps                            | 2239         |
|    iterations                     | 9            |
|    time_elapsed                   | 526          |
|    total_timesteps                | 1179648      |
| train/                            |              |
|    action_std_00                  | 0.0521       |
|    action_std_01                  | 0.052        |
|    action_std_02                  | 0.0521       |
|    action_std_03                  | 0.0519       |
|    action_std_04                  | 0.052        |
|    action_std_05                  | 0.0521       |
|    action_std_06                  | 0.0519       |
|    action_std_07                  | 0.052        |
|    action_std_08                  | 0.052        |
|    action_std_09                  | 0.052        |
|    action_std_10                  | 0.0519       |
|    action_std_11                  | 0.052        |
|    action_std_12                  | 0.0519       |
|    action_std_13                  | 0.052        |
|    action_std_14                  | 0.052        |
|    action_std_15                  | 0.0519       |
|    action_std_16                  | 0.052        |
|    action_std_17                  | 0.052        |
|    action_std_18                  | 0.0519       |
|    action_std_19                  | 0.0521       |
|    action_std_20                  | 0.052        |
|    action_std_21                  | 0.052        |
|    action_std_22                  | 0.0521       |
|    action_std_23                  | 0.0519       |
|    action_std_24                  | 0.052        |
|    approx_kl                      | 0.0001625967 |
|    clip_fraction                  | 1.53e-06     |
|    clip_range                     | 0.1          |
|    clip_range_vf                  | 0.2          |
|    entropy_loss                   | 38.4         |
|    explained_variance             | 0.838        |
|    learning_rate                  | 1e-07        |
|    loss                           | 0.857        |
|    n_updates                      | 1610         |
|    policy_gradient_loss           | -0.000516    |
|    std                            | 0.052        |
|    std_max                        | 0.0521       |
|    std_min                        | 0.0519       |
|    value_loss                     | 0.467        |
----------------------------------------------------
-----------------------------------------------------
| rollout/                          |               |
|    action_saturation_fraction     | 0             |
|    ep_len_mean                    | 902           |
|    ep_rew_mean                    | 602           |
|    episodes_noforce               | 150           |
|    force_direction_mean           | -1            |
|    force_onset_mean               | 1.39          |
|    force_requested_impulse_mean   | 0             |
|    is_fall_mean                   | 0.327         |
|    is_timeout_mean                | 0.673         |
|    recovery_noforce               | 0.673         |
|    timeout_without_onset_fraction | 0             |
|    timeouts                       | 101           |
| time/                             |               |
|    fps                            | 2225          |
|    iterations                     | 10            |
|    time_elapsed                   | 588           |
|    total_timesteps                | 1310720       |
| train/                            |               |
|    action_std_00                  | 0.0521        |
|    action_std_01                  | 0.052         |
|    action_std_02                  | 0.0521        |
|    action_std_03                  | 0.0519        |
|    action_std_04                  | 0.052         |
|    action_std_05                  | 0.0521        |
|    action_std_06                  | 0.0519        |
|    action_std_07                  | 0.052         |
|    action_std_08                  | 0.052         |
|    action_std_09                  | 0.052         |
|    action_std_10                  | 0.0519        |
|    action_std_11                  | 0.052         |
|    action_std_12                  | 0.0519        |
|    action_std_13                  | 0.052         |
|    action_std_14                  | 0.052         |
|    action_std_15                  | 0.0519        |
|    action_std_16                  | 0.052         |
|    action_std_17                  | 0.052         |
|    action_std_18                  | 0.0519        |
|    action_std_19                  | 0.0521        |
|    action_std_20                  | 0.052         |
|    action_std_21                  | 0.052         |
|    action_std_22                  | 0.0521        |
|    action_std_23                  | 0.0519        |
|    action_std_24                  | 0.052         |
|    approx_kl                      | 0.00012761631 |
|    clip_fraction                  | 0             |
|    clip_range                     | 0.1           |
|    clip_range_vf                  | 0.2           |
|    entropy_loss                   | 38.4          |
|    explained_variance             | 0.866         |
|    learning_rate                  | 1e-07         |
|    loss                           | 0.803         |
|    n_updates                      | 1620          |
|    policy_gradient_loss           | -0.000444     |
|    std                            | 0.052         |
|    std_max                        | 0.0521        |
|    std_min                        | 0.0519        |
|    value_loss                     | 0.439         |
-----------------------------------------------------
[HumanoidEnv] Reset state env_id=0 z=0.308788 rpy=[-0.00302374, -0.00288949, 0.000403224]
[HumanoidEnv] Reset state env_id=0 z=0.308266 rpy=[-0.00172006, -0.00334296, 0.00015812]
[HumanoidEnv] Reset state env_id=0 z=0.297695 rpy=[0.00245076, -0.0025159, -8.59729e-05]
[HumanoidEnv] Reset state env_id=0 z=0.316063 rpy=[-0.000861332, -0.00304284, -1.53736e-05]
[HumanoidEnv] Reset state env_id=0 z=0.274304 rpy=[-0.000575744, 1.0384e-05, 0.00118342]
[HumanoidEnv] unhealthy terminate at step=300 z=0.194617 rpy=[1.49564, -0.0588163, 1.51936] v_body=[-1.01016, 2.04985, 0.0787417]
-----------------------------------------------------
| rollout/                          |               |
|    action_saturation_fraction     | 0             |
|    ep_len_mean                    | 856           |
|    ep_rew_mean                    | 569           |
|    episodes_noforce               | 154           |
|    force_direction_mean           | -1            |
|    force_onset_mean               | 1.4           |
|    force_requested_impulse_mean   | 0             |
|    is_fall_mean                   | 0.383         |
|    is_timeout_mean                | 0.617         |
|    recovery_noforce               | 0.617         |
|    timeout_without_onset_fraction | 0             |
|    timeouts                       | 95            |
| time/                             |               |
|    fps                            | 2216          |
|    iterations                     | 11            |
|    time_elapsed                   | 650           |
|    total_timesteps                | 1441792       |
| train/                            |               |
|    action_std_00                  | 0.0521        |
|    action_std_01                  | 0.052         |
|    action_std_02                  | 0.0521        |
|    action_std_03                  | 0.0519        |
|    action_std_04                  | 0.052         |
|    action_std_05                  | 0.0521        |
|    action_std_06                  | 0.0519        |
|    action_std_07                  | 0.052         |
|    action_std_08                  | 0.052         |
|    action_std_09                  | 0.052         |
|    action_std_10                  | 0.0519        |
|    action_std_11                  | 0.052         |
|    action_std_12                  | 0.0519        |
|    action_std_13                  | 0.052         |
|    action_std_14                  | 0.052         |
|    action_std_15                  | 0.0519        |
|    action_std_16                  | 0.052         |
|    action_std_17                  | 0.052         |
|    action_std_18                  | 0.0519        |
|    action_std_19                  | 0.0521        |
|    action_std_20                  | 0.052         |
|    action_std_21                  | 0.052         |
|    action_std_22                  | 0.0521        |
|    action_std_23                  | 0.0519        |
|    action_std_24                  | 0.052         |
|    approx_kl                      | 0.00016017216 |
|    clip_fraction                  | 0             |
|    clip_range                     | 0.1           |
|    clip_range_vf                  | 0.2           |
|    entropy_loss                   | 38.4          |
|    explained_variance             | 0.853         |
|    learning_rate                  | 1e-07         |
|    loss                           | 0.815         |
|    n_updates                      | 1630          |
|    policy_gradient_loss           | -0.000503     |
|    std                            | 0.052         |
|    std_max                        | 0.0521        |
|    std_min                        | 0.0519        |
|    value_loss                     | 0.428         |
-----------------------------------------------------
[HumanoidEnv] Reset state env_id=0 z=0.31291 rpy=[-0.00191721, -0.00140711, 0.000498191]
[HumanoidEnv] unhealthy terminate at step=774 z=0.197591 rpy=[-1.11881, 0.230793, 0.313186] v_body=[-0.436892, -0.477729, 0.0202274]
-----------------------------------------------------
| rollout/                          |               |
|    action_saturation_fraction     | 0             |
|    ep_len_mean                    | 863           |
|    ep_rew_mean                    | 565           |
|    episodes_noforce               | 150           |
|    force_direction_mean           | -1            |
|    force_onset_mean               | 1.37          |
|    force_requested_impulse_mean   | 0             |
|    is_fall_mean                   | 0.347         |
|    is_timeout_mean                | 0.653         |
|    recovery_noforce               | 0.653         |
|    timeout_without_onset_fraction | 0             |
|    timeouts                       | 98            |
| time/                             |               |
|    fps                            | 2208          |
|    iterations                     | 12            |
|    time_elapsed                   | 712           |
|    total_timesteps                | 1572864       |
| train/                            |               |
|    action_std_00                  | 0.0521        |
|    action_std_01                  | 0.052         |
|    action_std_02                  | 0.0521        |
|    action_std_03                  | 0.0519        |
|    action_std_04                  | 0.052         |
|    action_std_05                  | 0.0521        |
|    action_std_06                  | 0.0519        |
|    action_std_07                  | 0.052         |
|    action_std_08                  | 0.052         |
|    action_std_09                  | 0.052         |
|    action_std_10                  | 0.0519        |
|    action_std_11                  | 0.052         |
|    action_std_12                  | 0.0519        |
|    action_std_13                  | 0.052         |
|    action_std_14                  | 0.052         |
|    action_std_15                  | 0.0519        |
|    action_std_16                  | 0.052         |
|    action_std_17                  | 0.052         |
|    action_std_18                  | 0.0519        |
|    action_std_19                  | 0.0521        |
|    action_std_20                  | 0.052         |
|    action_std_21                  | 0.052         |
|    action_std_22                  | 0.0521        |
|    action_std_23                  | 0.0519        |
|    action_std_24                  | 0.052         |
|    approx_kl                      | 0.00014914347 |
|    clip_fraction                  | 0             |
|    clip_range                     | 0.1           |
|    clip_range_vf                  | 0.2           |
|    entropy_loss                   | 38.4          |
|    explained_variance             | 0.872         |
|    learning_rate                  | 1e-07         |
|    loss                           | 0.813         |
|    n_updates                      | 1640          |
|    policy_gradient_loss           | -0.000474     |
|    std                            | 0.052         |
|    std_max                        | 0.0521        |
|    std_min                        | 0.0519        |
|    value_loss                     | 0.446         |
-----------------------------------------------------
[HumanoidEnv] Reset state env_id=0 z=0.326779 rpy=[0.00155199, -0.00340044, -5.33261e-05]
[HumanoidEnv] unhealthy terminate at step=430 z=0.199161 rpy=[1.74288, 0.089376, -1.37809] v_body=[0.770296, -0.22419, 1.99278]
-----------------------------------------------------
| rollout/                          |               |
|    action_saturation_fraction     | 0             |
|    ep_len_mean                    | 846           |
|    ep_rew_mean                    | 560           |
|    episodes_noforce               | 161           |
|    force_direction_mean           | -1            |
|    force_onset_mean               | 1.4           |
|    force_requested_impulse_mean   | 0             |
|    is_fall_mean                   | 0.373         |
|    is_timeout_mean                | 0.627         |
|    recovery_noforce               | 0.627         |
|    timeout_without_onset_fraction | 0             |
|    timeouts                       | 101           |
| time/                             |               |
|    fps                            | 2200          |
|    iterations                     | 13            |
|    time_elapsed                   | 774           |
|    total_timesteps                | 1703936       |
| train/                            |               |
|    action_std_00                  | 0.0521        |
|    action_std_01                  | 0.052         |
|    action_std_02                  | 0.0521        |
|    action_std_03                  | 0.0519        |
|    action_std_04                  | 0.052         |
|    action_std_05                  | 0.0521        |
|    action_std_06                  | 0.0519        |
|    action_std_07                  | 0.052         |
|    action_std_08                  | 0.052         |
|    action_std_09                  | 0.052         |
|    action_std_10                  | 0.0519        |
|    action_std_11                  | 0.052         |
|    action_std_12                  | 0.0519        |
|    action_std_13                  | 0.052         |
|    action_std_14                  | 0.052         |
|    action_std_15                  | 0.0519        |
|    action_std_16                  | 0.052         |
|    action_std_17                  | 0.052         |
|    action_std_18                  | 0.0519        |
|    action_std_19                  | 0.0521        |
|    action_std_20                  | 0.052         |
|    action_std_21                  | 0.052         |
|    action_std_22                  | 0.0521        |
|    action_std_23                  | 0.0519        |
|    action_std_24                  | 0.052         |
|    approx_kl                      | 0.00012657813 |
|    clip_fraction                  | 0             |
|    clip_range                     | 0.1           |
|    clip_range_vf                  | 0.2           |
|    entropy_loss                   | 38.4          |
|    explained_variance             | 0.878         |
|    learning_rate                  | 1e-07         |
|    loss                           | 0.828         |
|    n_updates                      | 1650          |
|    policy_gradient_loss           | -0.000502     |
|    std                            | 0.052         |
|    std_max                        | 0.0521        |
|    std_min                        | 0.0519        |
|    value_loss                     | 0.468         |
-----------------------------------------------------
-----------------------------------------------------
| rollout/                          |               |
|    action_saturation_fraction     | 0             |
|    ep_len_mean                    | 808           |
|    ep_rew_mean                    | 535           |
|    episodes_noforce               | 154           |
|    force_direction_mean           | -1            |
|    force_onset_mean               | 1.39          |
|    force_requested_impulse_mean   | 0             |
|    is_fall_mean                   | 0.409         |
|    is_timeout_mean                | 0.591         |
|    recovery_noforce               | 0.591         |
|    timeout_without_onset_fraction | 0             |
|    timeouts                       | 91            |
| time/                             |               |
|    fps                            | 2196          |
|    iterations                     | 14            |
|    time_elapsed                   | 835           |
|    total_timesteps                | 1835008       |
| train/                            |               |
|    action_std_00                  | 0.0521        |
|    action_std_01                  | 0.052         |
|    action_std_02                  | 0.0521        |
|    action_std_03                  | 0.0519        |
|    action_std_04                  | 0.052         |
|    action_std_05                  | 0.0521        |
|    action_std_06                  | 0.0519        |
|    action_std_07                  | 0.052         |
|    action_std_08                  | 0.052         |
|    action_std_09                  | 0.052         |
|    action_std_10                  | 0.0519        |
|    action_std_11                  | 0.052         |
|    action_std_12                  | 0.0519        |
|    action_std_13                  | 0.052         |
|    action_std_14                  | 0.052         |
|    action_std_15                  | 0.0519        |
|    action_std_16                  | 0.052         |
|    action_std_17                  | 0.052         |
|    action_std_18                  | 0.0519        |
|    action_std_19                  | 0.0521        |
|    action_std_20                  | 0.052         |
|    action_std_21                  | 0.052         |
|    action_std_22                  | 0.0521        |
|    action_std_23                  | 0.0519        |
|    action_std_24                  | 0.052         |
|    approx_kl                      | 0.00017969153 |
|    clip_fraction                  | 0             |
|    clip_range                     | 0.1           |
|    clip_range_vf                  | 0.2           |
|    entropy_loss                   | 38.4          |
|    explained_variance             | 0.876         |
|    learning_rate                  | 1e-07         |
|    loss                           | 0.764         |
|    n_updates                      | 1660          |
|    policy_gradient_loss           | -0.00056      |
|    std                            | 0.052         |
|    std_max                        | 0.0521        |
|    std_min                        | 0.0519        |
|    value_loss                     | 0.472         |
-----------------------------------------------------
[HumanoidEnv] Reset state env_id=0 z=0.290374 rpy=[-0.00161979, 0.000290774, 0.000501]
[HumanoidEnv] unhealthy terminate at step=970 z=0.199119 rpy=[2.52298, 0.485811, 0.475351] v_body=[-1.04329, 1.65593, -0.160338]
------------------------------------------------------
| rollout/                          |                |
|    action_saturation_fraction     | 0              |
|    ep_len_mean                    | 817            |
|    ep_rew_mean                    | 542            |
|    episodes_noforce               | 162            |
|    force_direction_mean           | -1             |
|    force_onset_mean               | 1.41           |
|    force_requested_impulse_mean   | 0              |
|    is_fall_mean                   | 0.407          |
|    is_timeout_mean                | 0.593          |
|    recovery_noforce               | 0.593          |
|    timeout_without_onset_fraction | 0              |
|    timeouts                       | 96             |
| time/                             |                |
|    fps                            | 2192           |
|    iterations                     | 15             |
|    time_elapsed                   | 896            |
|    total_timesteps                | 1966080        |
| train/                            |                |
|    action_std_00                  | 0.0521         |
|    action_std_01                  | 0.052          |
|    action_std_02                  | 0.0521         |
|    action_std_03                  | 0.0519         |
|    action_std_04                  | 0.052          |
|    action_std_05                  | 0.0521         |
|    action_std_06                  | 0.0519         |
|    action_std_07                  | 0.052          |
|    action_std_08                  | 0.052          |
|    action_std_09                  | 0.052          |
|    action_std_10                  | 0.0519         |
|    action_std_11                  | 0.052          |
|    action_std_12                  | 0.0519         |
|    action_std_13                  | 0.052          |
|    action_std_14                  | 0.052          |
|    action_std_15                  | 0.0519         |
|    action_std_16                  | 0.052          |
|    action_std_17                  | 0.052          |
|    action_std_18                  | 0.0519         |
|    action_std_19                  | 0.0521         |
|    action_std_20                  | 0.052          |
|    action_std_21                  | 0.052          |
|    action_std_22                  | 0.0521         |
|    action_std_23                  | 0.0519         |
|    action_std_24                  | 0.052          |
|    approx_kl                      | 0.000121408084 |
|    clip_fraction                  | 0              |
|    clip_range                     | 0.1            |
|    clip_range_vf                  | 0.2            |
|    entropy_loss                   | 38.4           |
|    explained_variance             | 0.869          |
|    learning_rate                  | 1e-07          |
|    loss                           | 0.835          |
|    n_updates                      | 1670           |
|    policy_gradient_loss           | -0.000441      |
|    std                            | 0.052          |
|    std_max                        | 0.0521         |
|    std_min                        | 0.0519         |
|    value_loss                     | 0.493          |
------------------------------------------------------
INFO:root:VecNormalize statistics saved at: ./data/delta_refine_lr1e7/quadruped_ppo_model_ckpt_2000128_vecnormalize.pkl
INFO:root:Model saved at: ./data/delta_refine_lr1e7/quadruped_ppo_model_ckpt_2000128.zip
INFO:root:Checkpoint written at 2000128 timesteps
-----------------------------------------------------
| rollout/                          |               |
|    action_saturation_fraction     | 0             |
|    ep_len_mean                    | 834           |
|    ep_rew_mean                    | 552           |
|    episodes_noforce               | 151           |
|    force_direction_mean           | -1            |
|    force_onset_mean               | 1.41          |
|    force_requested_impulse_mean   | 0             |
|    is_fall_mean                   | 0.391         |
|    is_timeout_mean                | 0.609         |
|    recovery_noforce               | 0.609         |
|    timeout_without_onset_fraction | 0             |
|    timeouts                       | 92            |
| time/                             |               |
|    fps                            | 2189          |
|    iterations                     | 16            |
|    time_elapsed                   | 957           |
|    total_timesteps                | 2097152       |
| train/                            |               |
|    action_std_00                  | 0.0521        |
|    action_std_01                  | 0.052         |
|    action_std_02                  | 0.0521        |
|    action_std_03                  | 0.0519        |
|    action_std_04                  | 0.052         |
|    action_std_05                  | 0.0521        |
|    action_std_06                  | 0.0519        |
|    action_std_07                  | 0.052         |
|    action_std_08                  | 0.052         |
|    action_std_09                  | 0.052         |
|    action_std_10                  | 0.0519        |
|    action_std_11                  | 0.052         |
|    action_std_12                  | 0.0519        |
|    action_std_13                  | 0.052         |
|    action_std_14                  | 0.052         |
|    action_std_15                  | 0.0519        |
|    action_std_16                  | 0.052         |
|    action_std_17                  | 0.052         |
|    action_std_18                  | 0.0519        |
|    action_std_19                  | 0.0521        |
|    action_std_20                  | 0.052         |
|    action_std_21                  | 0.052         |
|    action_std_22                  | 0.0521        |
|    action_std_23                  | 0.0519        |
|    action_std_24                  | 0.052         |
|    approx_kl                      | 0.00012566944 |
|    clip_fraction                  | 0             |
|    clip_range                     | 0.1           |
|    clip_range_vf                  | 0.2           |
|    entropy_loss                   | 38.4          |
|    explained_variance             | 0.868         |
|    learning_rate                  | 1e-07         |
|    loss                           | 0.93          |
|    n_updates                      | 1680          |
|    policy_gradient_loss           | -0.000455     |
|    std                            | 0.052         |
|    std_max                        | 0.0521        |
|    std_min                        | 0.0519        |
|    value_loss                     | 0.498         |
-----------------------------------------------------
[HumanoidEnv] Reset state env_id=0 z=0.297413 rpy=[-0.000459838, -0.00192307, 0.000539712]
[HumanoidEnv] unhealthy terminate at step=854 z=0.19353 rpy=[0.737776, 0.282386, 1.00621] v_body=[0.281813, 0.89894, -1.17291]
-----------------------------------------------------
| rollout/                          |               |
|    action_saturation_fraction     | 0             |
|    ep_len_mean                    | 790           |
|    ep_rew_mean                    | 526           |
|    episodes_noforce               | 168           |
|    force_direction_mean           | -1            |
|    force_onset_mean               | 1.37          |
|    force_requested_impulse_mean   | 0             |
|    is_fall_mean                   | 0.476         |
|    is_timeout_mean                | 0.524         |
|    recovery_noforce               | 0.524         |
|    timeout_without_onset_fraction | 0             |
|    timeouts                       | 88            |
| time/                             |               |
|    fps                            | 2185          |
|    iterations                     | 17            |
|    time_elapsed                   | 1019          |
|    total_timesteps                | 2228224       |
| train/                            |               |
|    action_std_00                  | 0.0521        |
|    action_std_01                  | 0.052         |
|    action_std_02                  | 0.0521        |
|    action_std_03                  | 0.0519        |
|    action_std_04                  | 0.052         |
|    action_std_05                  | 0.0521        |
|    action_std_06                  | 0.0519        |
|    action_std_07                  | 0.052         |
|    action_std_08                  | 0.052         |
|    action_std_09                  | 0.052         |
|    action_std_10                  | 0.0519        |
|    action_std_11                  | 0.052         |
|    action_std_12                  | 0.0519        |
|    action_std_13                  | 0.052         |
|    action_std_14                  | 0.052         |
|    action_std_15                  | 0.0519        |
|    action_std_16                  | 0.052         |
|    action_std_17                  | 0.052         |
|    action_std_18                  | 0.0519        |
|    action_std_19                  | 0.0521        |
|    action_std_20                  | 0.052         |
|    action_std_21                  | 0.052         |
|    action_std_22                  | 0.0521        |
|    action_std_23                  | 0.0519        |
|    action_std_24                  | 0.052         |
|    approx_kl                      | 0.00015727346 |
|    clip_fraction                  | 0             |
|    clip_range                     | 0.1           |
|    clip_range_vf                  | 0.2           |
|    entropy_loss                   | 38.4          |
|    explained_variance             | 0.864         |
|    learning_rate                  | 1e-07         |
|    loss                           | 0.79          |
|    n_updates                      | 1690          |
|    policy_gradient_loss           | -0.00051      |
|    std                            | 0.052         |
|    std_max                        | 0.0521        |
|    std_min                        | 0.0519        |
|    value_loss                     | 0.49          |
-----------------------------------------------------
[HumanoidEnv] Reset state env_id=0 z=0.272507 rpy=[0.000423316, -0.000639921, 0.000726146]
[HumanoidEnv] unhealthy terminate at step=553 z=0.184956 rpy=[-2.03203, -0.00371967, 0.601659] v_body=[1.07804, -1.32088, 1.60057]
------------------------------------------------------
| rollout/                          |                |
|    action_saturation_fraction     | 0              |
|    ep_len_mean                    | 829            |
|    ep_rew_mean                    | 545            |
|    episodes_noforce               | 154            |
|    force_direction_mean           | -1             |
|    force_onset_mean               | 1.37           |
|    force_requested_impulse_mean   | 0              |
|    is_fall_mean                   | 0.422          |
|    is_timeout_mean                | 0.578          |
|    recovery_noforce               | 0.578          |
|    timeout_without_onset_fraction | 0              |
|    timeouts                       | 89             |
| time/                             |                |
|    fps                            | 2183           |
|    iterations                     | 18             |
|    time_elapsed                   | 1080           |
|    total_timesteps                | 2359296        |
| train/                            |                |
|    action_std_00                  | 0.0521         |
|    action_std_01                  | 0.052          |
|    action_std_02                  | 0.0521         |
|    action_std_03                  | 0.0519         |
|    action_std_04                  | 0.052          |
|    action_std_05                  | 0.0521         |
|    action_std_06                  | 0.0519         |
|    action_std_07                  | 0.052          |
|    action_std_08                  | 0.052          |
|    action_std_09                  | 0.052          |
|    action_std_10                  | 0.0519         |
|    action_std_11                  | 0.052          |
|    action_std_12                  | 0.0519         |
|    action_std_13                  | 0.052          |
|    action_std_14                  | 0.052          |
|    action_std_15                  | 0.0519         |
|    action_std_16                  | 0.052          |
|    action_std_17                  | 0.052          |
|    action_std_18                  | 0.0519         |
|    action_std_19                  | 0.0521         |
|    action_std_20                  | 0.052          |
|    action_std_21                  | 0.052          |
|    action_std_22                  | 0.0521         |
|    action_std_23                  | 0.0519         |
|    action_std_24                  | 0.052          |
|    approx_kl                      | 0.000107176915 |
|    clip_fraction                  | 0              |
|    clip_range                     | 0.1            |
|    clip_range_vf                  | 0.2            |
|    entropy_loss                   | 38.4           |
|    explained_variance             | 0.867          |
|    learning_rate                  | 1e-07          |
|    loss                           | 1.01           |
|    n_updates                      | 1700           |
|    policy_gradient_loss           | -0.000436      |
|    std                            | 0.052          |
|    std_max                        | 0.0521         |
|    std_min                        | 0.0519         |
|    value_loss                     | 0.566          |
------------------------------------------------------
[HumanoidEnv] Reset state env_id=0 z=0.309514 rpy=[0.00207473, -0.00325652, -0.000126155]
[HumanoidEnv] unhealthy terminate at step=507 z=0.195068 rpy=[0.755382, -0.0155404, 0.348316] v_body=[-0.0299444, 2.02335, -1.01271]
-----------------------------------------------------
| rollout/                          |               |
|    action_saturation_fraction     | 0             |
|    ep_len_mean                    | 816           |
|    ep_rew_mean                    | 542           |
|    episodes_noforce               | 166           |
|    force_direction_mean           | -1            |
|    force_onset_mean               | 1.41          |
|    force_requested_impulse_mean   | 0             |
|    is_fall_mean                   | 0.41          |
|    is_timeout_mean                | 0.59          |
|    recovery_noforce               | 0.59          |
|    timeout_without_onset_fraction | 0             |
|    timeouts                       | 98            |
| time/                             |               |
|    fps                            | 2180          |
|    iterations                     | 19            |
|    time_elapsed                   | 1142          |
|    total_timesteps                | 2490368       |
| train/                            |               |
|    action_std_00                  | 0.0521        |
|    action_std_01                  | 0.052         |
|    action_std_02                  | 0.0521        |
|    action_std_03                  | 0.0519        |
|    action_std_04                  | 0.052         |
|    action_std_05                  | 0.0521        |
|    action_std_06                  | 0.0519        |
|    action_std_07                  | 0.052         |
|    action_std_08                  | 0.052         |
|    action_std_09                  | 0.052         |
|    action_std_10                  | 0.0519        |
|    action_std_11                  | 0.052         |
|    action_std_12                  | 0.0519        |
|    action_std_13                  | 0.052         |
|    action_std_14                  | 0.052         |
|    action_std_15                  | 0.0519        |
|    action_std_16                  | 0.052         |
|    action_std_17                  | 0.052         |
|    action_std_18                  | 0.0519        |
|    action_std_19                  | 0.0521        |
|    action_std_20                  | 0.052         |
|    action_std_21                  | 0.052         |
|    action_std_22                  | 0.0521        |
|    action_std_23                  | 0.0519        |
|    action_std_24                  | 0.052         |
|    approx_kl                      | 0.00015070016 |
|    clip_fraction                  | 0             |
|    clip_range                     | 0.1           |
|    clip_range_vf                  | 0.2           |
|    entropy_loss                   | 38.4          |
|    explained_variance             | 0.876         |
|    learning_rate                  | 1e-07         |
|    loss                           | 0.944         |
|    n_updates                      | 1710          |
|    policy_gradient_loss           | -0.000515     |
|    std                            | 0.052         |
|    std_max                        | 0.0521        |
|    std_min                        | 0.0519        |
|    value_loss                     | 0.517         |
-----------------------------------------------------
[HumanoidEnv] Reset state env_id=0 z=0.288173 rpy=[-0.00098087, -0.00109537, 0.000530024]
[HumanoidEnv] unhealthy terminate at step=420 z=0.19298 rpy=[-1.86008, 0.0508482, -1.21172] v_body=[-0.300066, -1.67196, -0.106384]
-----------------------------------------------------
| rollout/                          |               |
|    action_saturation_fraction     | 0             |
|    ep_len_mean                    | 830           |
|    ep_rew_mean                    | 550           |
|    episodes_noforce               | 150           |
|    force_direction_mean           | -1            |
|    force_onset_mean               | 1.41          |
|    force_requested_impulse_mean   | 0             |
|    is_fall_mean                   | 0.36          |
|    is_timeout_mean                | 0.64          |
|    recovery_noforce               | 0.64          |
|    timeout_without_onset_fraction | 0             |
|    timeouts                       | 96            |
| time/                             |               |
|    fps                            | 2177          |
|    iterations                     | 20            |
|    time_elapsed                   | 1204          |
|    total_timesteps                | 2621440       |
| train/                            |               |
|    action_std_00                  | 0.0521        |
|    action_std_01                  | 0.052         |
|    action_std_02                  | 0.0521        |
|    action_std_03                  | 0.0519        |
|    action_std_04                  | 0.052         |
|    action_std_05                  | 0.0521        |
|    action_std_06                  | 0.0519        |
|    action_std_07                  | 0.052         |
|    action_std_08                  | 0.052         |
|    action_std_09                  | 0.052         |
|    action_std_10                  | 0.0519        |
|    action_std_11                  | 0.052         |
|    action_std_12                  | 0.0519        |
|    action_std_13                  | 0.052         |
|    action_std_14                  | 0.052         |
|    action_std_15                  | 0.0519        |
|    action_std_16                  | 0.052         |
|    action_std_17                  | 0.052         |
|    action_std_18                  | 0.0519        |
|    action_std_19                  | 0.0521        |
|    action_std_20                  | 0.052         |
|    action_std_21                  | 0.052         |
|    action_std_22                  | 0.0521        |
|    action_std_23                  | 0.0519        |
|    action_std_24                  | 0.052         |
|    approx_kl                      | 0.00013332342 |
|    clip_fraction                  | 0             |
|    clip_range                     | 0.1           |
|    clip_range_vf                  | 0.2           |
|    entropy_loss                   | 38.4          |
|    explained_variance             | 0.878         |
|    learning_rate                  | 1e-07         |
|    loss                           | 0.886         |
|    n_updates                      | 1720          |
|    policy_gradient_loss           | -0.000451     |
|    std                            | 0.052         |
|    std_max                        | 0.0521        |
|    std_min                        | 0.0519        |
|    value_loss                     | 0.465         |
-----------------------------------------------------
----------------------------------------------------
| rollout/                          |              |
|    action_saturation_fraction     | 0            |
|    ep_len_mean                    | 846          |
|    ep_rew_mean                    | 563          |
|    episodes_noforce               | 154          |
|    force_direction_mean           | -1           |
|    force_onset_mean               | 1.39         |
|    force_requested_impulse_mean   | 0            |
|    is_fall_mean                   | 0.37         |
|    is_timeout_mean                | 0.63         |
|    recovery_noforce               | 0.63         |
|    timeout_without_onset_fraction | 0            |
|    timeouts                       | 97           |
| time/                             |              |
|    fps                            | 2175         |
|    iterations                     | 21           |
|    time_elapsed                   | 1264         |
|    total_timesteps                | 2752512      |
| train/                            |              |
|    action_std_00                  | 0.0521       |
|    action_std_01                  | 0.052        |
|    action_std_02                  | 0.0521       |
|    action_std_03                  | 0.0519       |
|    action_std_04                  | 0.052        |
|    action_std_05                  | 0.0521       |
|    action_std_06                  | 0.0519       |
|    action_std_07                  | 0.052        |
|    action_std_08                  | 0.052        |
|    action_std_09                  | 0.052        |
|    action_std_10                  | 0.0519       |
|    action_std_11                  | 0.052        |
|    action_std_12                  | 0.0519       |
|    action_std_13                  | 0.052        |
|    action_std_14                  | 0.052        |
|    action_std_15                  | 0.0519       |
|    action_std_16                  | 0.052        |
|    action_std_17                  | 0.052        |
|    action_std_18                  | 0.0519       |
|    action_std_19                  | 0.0521       |
|    action_std_20                  | 0.052        |
|    action_std_21                  | 0.052        |
|    action_std_22                  | 0.0521       |
|    action_std_23                  | 0.0519       |
|    action_std_24                  | 0.052        |
|    approx_kl                      | 0.0001448787 |
|    clip_fraction                  | 7.63e-07     |
|    clip_range                     | 0.1          |
|    clip_range_vf                  | 0.2          |
|    entropy_loss                   | 38.4         |
|    explained_variance             | 0.869        |
|    learning_rate                  | 1e-07        |
|    loss                           | 0.795        |
|    n_updates                      | 1730         |
|    policy_gradient_loss           | -0.000488    |
|    std                            | 0.052        |
|    std_max                        | 0.0521       |
|    std_min                        | 0.0519       |
|    value_loss                     | 0.457        |
----------------------------------------------------
-----------------------------------------------------
| rollout/                          |               |
|    action_saturation_fraction     | 0             |
|    ep_len_mean                    | 860           |
|    ep_rew_mean                    | 571           |
|    episodes_noforce               | 159           |
|    force_direction_mean           | -1            |
|    force_onset_mean               | 1.39          |
|    force_requested_impulse_mean   | 0             |
|    is_fall_mean                   | 0.352         |
|    is_timeout_mean                | 0.648         |
|    recovery_noforce               | 0.648         |
|    timeout_without_onset_fraction | 0             |
|    timeouts                       | 103           |
| time/                             |               |
|    fps                            | 2174          |
|    iterations                     | 22            |
|    time_elapsed                   | 1326          |
|    total_timesteps                | 2883584       |
| train/                            |               |
|    action_std_00                  | 0.0521        |
|    action_std_01                  | 0.052         |
|    action_std_02                  | 0.0521        |
|    action_std_03                  | 0.0519        |
|    action_std_04                  | 0.052         |
|    action_std_05                  | 0.0521        |
|    action_std_06                  | 0.0519        |
|    action_std_07                  | 0.052         |
|    action_std_08                  | 0.052         |
|    action_std_09                  | 0.052         |
|    action_std_10                  | 0.0519        |
|    action_std_11                  | 0.052         |
|    action_std_12                  | 0.0519        |
|    action_std_13                  | 0.052         |
|    action_std_14                  | 0.052         |
|    action_std_15                  | 0.0519        |
|    action_std_16                  | 0.052         |
|    action_std_17                  | 0.052         |
|    action_std_18                  | 0.0519        |
|    action_std_19                  | 0.0521        |
|    action_std_20                  | 0.052         |
|    action_std_21                  | 0.052         |
|    action_std_22                  | 0.0521        |
|    action_std_23                  | 0.0519        |
|    action_std_24                  | 0.052         |
|    approx_kl                      | 0.00012973488 |
|    clip_fraction                  | 7.63e-07      |
|    clip_range                     | 0.1           |
|    clip_range_vf                  | 0.2           |
|    entropy_loss                   | 38.4          |
|    explained_variance             | 0.868         |
|    learning_rate                  | 1e-07         |
|    loss                           | 0.754         |
|    n_updates                      | 1740          |
|    policy_gradient_loss           | -0.000473     |
|    std                            | 0.052         |
|    std_max                        | 0.0521        |
|    std_min                        | 0.0519        |
|    value_loss                     | 0.414         |
-----------------------------------------------------
----------------------------------------------------
| rollout/                          |              |
|    action_saturation_fraction     | 0            |
|    ep_len_mean                    | 839          |
|    ep_rew_mean                    | 554          |
|    episodes_noforce               | 152          |
|    force_direction_mean           | -1           |
|    force_onset_mean               | 1.4          |
|    force_requested_impulse_mean   | 0            |
|    is_fall_mean                   | 0.395        |
|    is_timeout_mean                | 0.605        |
|    recovery_noforce               | 0.605        |
|    timeout_without_onset_fraction | 0            |
|    timeouts                       | 92           |
| time/                             |              |
|    fps                            | 2171         |
|    iterations                     | 23           |
|    time_elapsed                   | 1388         |
|    total_timesteps                | 3014656      |
| train/                            |              |
|    action_std_00                  | 0.0521       |
|    action_std_01                  | 0.052        |
|    action_std_02                  | 0.0521       |
|    action_std_03                  | 0.0519       |
|    action_std_04                  | 0.052        |
|    action_std_05                  | 0.0521       |
|    action_std_06                  | 0.0519       |
|    action_std_07                  | 0.052        |
|    action_std_08                  | 0.052        |
|    action_std_09                  | 0.052        |
|    action_std_10                  | 0.0519       |
|    action_std_11                  | 0.052        |
|    action_std_12                  | 0.0519       |
|    action_std_13                  | 0.052        |
|    action_std_14                  | 0.052        |
|    action_std_15                  | 0.0519       |
|    action_std_16                  | 0.052        |
|    action_std_17                  | 0.052        |
|    action_std_18                  | 0.0519       |
|    action_std_19                  | 0.0521       |
|    action_std_20                  | 0.052        |
|    action_std_21                  | 0.052        |
|    action_std_22                  | 0.0521       |
|    action_std_23                  | 0.0519       |
|    action_std_24                  | 0.052        |
|    approx_kl                      | 0.0001320589 |
|    clip_fraction                  | 0            |
|    clip_range                     | 0.1          |
|    clip_range_vf                  | 0.2          |
|    entropy_loss                   | 38.4         |
|    explained_variance             | 0.865        |
|    learning_rate                  | 1e-07        |
|    loss                           | 0.82         |
|    n_updates                      | 1750         |
|    policy_gradient_loss           | -0.000459    |
|    std                            | 0.052        |
|    std_max                        | 0.0521       |
|    std_min                        | 0.0519       |
|    value_loss                     | 0.465        |
----------------------------------------------------
[HumanoidEnv] Reset state env_id=0 z=0.30427 rpy=[-0.00258819, -0.00320266, 0.000196629]
[HumanoidEnv] Reset state env_id=0 z=0.283147 rpy=[0.00131658, -0.00148584, 0.000370131]
[HumanoidEnv] unhealthy terminate at step=912 z=0.198736 rpy=[-0.621316, 0.114963, 2.13663] v_body=[0.604904, 0.281822, -0.512128]
-----------------------------------------------------
| rollout/                          |               |
|    action_saturation_fraction     | 0             |
|    ep_len_mean                    | 875           |
|    ep_rew_mean                    | 580           |
|    episodes_noforce               | 154           |
|    force_direction_mean           | -1            |
|    force_onset_mean               | 1.37          |
|    force_requested_impulse_mean   | 0             |
|    is_fall_mean                   | 0.396         |
|    is_timeout_mean                | 0.604         |
|    recovery_noforce               | 0.604         |
|    timeout_without_onset_fraction | 0             |
|    timeouts                       | 93            |
| time/                             |               |
|    fps                            | 2169          |
|    iterations                     | 24            |
|    time_elapsed                   | 1449          |
|    total_timesteps                | 3145728       |
| train/                            |               |
|    action_std_00                  | 0.0521        |
|    action_std_01                  | 0.052         |
|    action_std_02                  | 0.0521        |
|    action_std_03                  | 0.0519        |
|    action_std_04                  | 0.052         |
|    action_std_05                  | 0.0521        |
|    action_std_06                  | 0.0519        |
|    action_std_07                  | 0.052         |
|    action_std_08                  | 0.052         |
|    action_std_09                  | 0.052         |
|    action_std_10                  | 0.0519        |
|    action_std_11                  | 0.052         |
|    action_std_12                  | 0.0519        |
|    action_std_13                  | 0.052         |
|    action_std_14                  | 0.052         |
|    action_std_15                  | 0.0519        |
|    action_std_16                  | 0.052         |
|    action_std_17                  | 0.052         |
|    action_std_18                  | 0.0519        |
|    action_std_19                  | 0.0521        |
|    action_std_20                  | 0.052         |
|    action_std_21                  | 0.052         |
|    action_std_22                  | 0.0521        |
|    action_std_23                  | 0.0519        |
|    action_std_24                  | 0.052         |
|    approx_kl                      | 0.00012358773 |
|    clip_fraction                  | 0             |
|    clip_range                     | 0.1           |
|    clip_range_vf                  | 0.2           |
|    entropy_loss                   | 38.4          |
|    explained_variance             | 0.871         |
|    learning_rate                  | 1e-07         |
|    loss                           | 0.933         |
|    n_updates                      | 1760          |
|    policy_gradient_loss           | -0.000429     |
|    std                            | 0.052         |
|    std_max                        | 0.0521        |
|    std_min                        | 0.0519        |
|    value_loss                     | 0.509         |
-----------------------------------------------------
[HumanoidEnv] Reset state env_id=0 z=0.286203 rpy=[-0.000122569, -0.00160952, 0.000493305]
[HumanoidEnv] unhealthy terminate at step=644 z=0.199163 rpy=[0.969223, -0.0402337, 1.31763] v_body=[-1.1777, 2.12998, -1.13209]
-----------------------------------------------------
| rollout/                          |               |
|    action_saturation_fraction     | 0             |
|    ep_len_mean                    | 875           |
|    ep_rew_mean                    | 576           |
|    episodes_noforce               | 143           |
|    force_direction_mean           | -1            |
|    force_onset_mean               | 1.4           |
|    force_requested_impulse_mean   | 0             |
|    is_fall_mean                   | 0.392         |
|    is_timeout_mean                | 0.608         |
|    recovery_noforce               | 0.608         |
|    timeout_without_onset_fraction | 0             |
|    timeouts                       | 87            |
| time/                             |               |
|    fps                            | 2168          |
|    iterations                     | 25            |
|    time_elapsed                   | 1511          |
|    total_timesteps                | 3276800       |
| train/                            |               |
|    action_std_00                  | 0.0521        |
|    action_std_01                  | 0.052         |
|    action_std_02                  | 0.0521        |
|    action_std_03                  | 0.0519        |
|    action_std_04                  | 0.052         |
|    action_std_05                  | 0.0521        |
|    action_std_06                  | 0.0519        |
|    action_std_07                  | 0.052         |
|    action_std_08                  | 0.052         |
|    action_std_09                  | 0.052         |
|    action_std_10                  | 0.0519        |
|    action_std_11                  | 0.052         |
|    action_std_12                  | 0.0519        |
|    action_std_13                  | 0.052         |
|    action_std_14                  | 0.052         |
|    action_std_15                  | 0.0519        |
|    action_std_16                  | 0.052         |
|    action_std_17                  | 0.052         |
|    action_std_18                  | 0.0519        |
|    action_std_19                  | 0.0521        |
|    action_std_20                  | 0.052         |
|    action_std_21                  | 0.052         |
|    action_std_22                  | 0.0521        |
|    action_std_23                  | 0.0519        |
|    action_std_24                  | 0.052         |
|    approx_kl                      | 0.00012326462 |
|    clip_fraction                  | 0             |
|    clip_range                     | 0.1           |
|    clip_range_vf                  | 0.2           |
|    entropy_loss                   | 38.4          |
|    explained_variance             | 0.888         |
|    learning_rate                  | 1e-07         |
|    loss                           | 0.807         |
|    n_updates                      | 1770          |
|    policy_gradient_loss           | -0.000443     |
|    std                            | 0.052         |
|    std_max                        | 0.0521        |
|    std_min                        | 0.0519        |
|    value_loss                     | 0.444         |
-----------------------------------------------------
-----------------------------------------------------
| rollout/                          |               |
|    action_saturation_fraction     | 0             |
|    ep_len_mean                    | 880           |
|    ep_rew_mean                    | 584           |
|    episodes_noforce               | 159           |
|    force_direction_mean           | -1            |
|    force_onset_mean               | 1.41          |
|    force_requested_impulse_mean   | 0             |
|    is_fall_mean                   | 0.327         |
|    is_timeout_mean                | 0.673         |
|    recovery_noforce               | 0.673         |
|    timeout_without_onset_fraction | 0             |
|    timeouts                       | 107           |
| time/                             |               |
|    fps                            | 2166          |
|    iterations                     | 26            |
|    time_elapsed                   | 1572          |
|    total_timesteps                | 3407872       |
| train/                            |               |
|    action_std_00                  | 0.0521        |
|    action_std_01                  | 0.052         |
|    action_std_02                  | 0.0521        |
|    action_std_03                  | 0.0519        |
|    action_std_04                  | 0.052         |
|    action_std_05                  | 0.0521        |
|    action_std_06                  | 0.0519        |
|    action_std_07                  | 0.052         |
|    action_std_08                  | 0.052         |
|    action_std_09                  | 0.052         |
|    action_std_10                  | 0.0519        |
|    action_std_11                  | 0.052         |
|    action_std_12                  | 0.0519        |
|    action_std_13                  | 0.052         |
|    action_std_14                  | 0.052         |
|    action_std_15                  | 0.0519        |
|    action_std_16                  | 0.052         |
|    action_std_17                  | 0.052         |
|    action_std_18                  | 0.0519        |
|    action_std_19                  | 0.0521        |
|    action_std_20                  | 0.052         |
|    action_std_21                  | 0.052         |
|    action_std_22                  | 0.0521        |
|    action_std_23                  | 0.0519        |
|    action_std_24                  | 0.052         |
|    approx_kl                      | 0.00015202753 |
|    clip_fraction                  | 7.63e-07      |
|    clip_range                     | 0.1           |
|    clip_range_vf                  | 0.2           |
|    entropy_loss                   | 38.4          |
|    explained_variance             | 0.868         |
|    learning_rate                  | 1e-07         |
|    loss                           | 0.866         |
|    n_updates                      | 1780          |
|    policy_gradient_loss           | -0.000542     |
|    std                            | 0.052         |
|    std_max                        | 0.0521        |
|    std_min                        | 0.0519        |
|    value_loss                     | 0.442         |
-----------------------------------------------------
[HumanoidEnv] Reset state env_id=0 z=0.312273 rpy=[0.00186586, -0.00324085, -0.00016305]
[HumanoidEnv] unhealthy terminate at step=950 z=0.198046 rpy=[0.353451, -0.172367, -1.97414] v_body=[0.36286, 0.38134, -0.26797]
-----------------------------------------------------
| rollout/                          |               |
|    action_saturation_fraction     | 0             |
|    ep_len_mean                    | 791           |
|    ep_rew_mean                    | 522           |
|    episodes_noforce               | 163           |
|    force_direction_mean           | -1            |
|    force_onset_mean               | 1.4           |
|    force_requested_impulse_mean   | 0             |
|    is_fall_mean                   | 0.46          |
|    is_timeout_mean                | 0.54          |
|    recovery_noforce               | 0.54          |
|    timeout_without_onset_fraction | 0             |
|    timeouts                       | 88            |
| time/                             |               |
|    fps                            | 2165          |
|    iterations                     | 27            |
|    time_elapsed                   | 1633          |
|    total_timesteps                | 3538944       |
| train/                            |               |
|    action_std_00                  | 0.0521        |
|    action_std_01                  | 0.052         |
|    action_std_02                  | 0.0521        |
|    action_std_03                  | 0.0519        |
|    action_std_04                  | 0.052         |
|    action_std_05                  | 0.0521        |
|    action_std_06                  | 0.0519        |
|    action_std_07                  | 0.052         |
|    action_std_08                  | 0.052         |
|    action_std_09                  | 0.052         |
|    action_std_10                  | 0.0519        |
|    action_std_11                  | 0.052         |
|    action_std_12                  | 0.0519        |
|    action_std_13                  | 0.052         |
|    action_std_14                  | 0.052         |
|    action_std_15                  | 0.0519        |
|    action_std_16                  | 0.052         |
|    action_std_17                  | 0.052         |
|    action_std_18                  | 0.0519        |
|    action_std_19                  | 0.0521        |
|    action_std_20                  | 0.052         |
|    action_std_21                  | 0.052         |
|    action_std_22                  | 0.0521        |
|    action_std_23                  | 0.0519        |
|    action_std_24                  | 0.052         |
|    approx_kl                      | 0.00018245065 |
|    clip_fraction                  | 1.53e-06      |
|    clip_range                     | 0.1           |
|    clip_range_vf                  | 0.2           |
|    entropy_loss                   | 38.4          |
|    explained_variance             | 0.846         |
|    learning_rate                  | 1e-07         |
|    loss                           | 0.765         |
|    n_updates                      | 1790          |
|    policy_gradient_loss           | -0.00053      |
|    std                            | 0.052         |
|    std_max                        | 0.0521        |
|    std_min                        | 0.0519        |
|    value_loss                     | 0.463         |
-----------------------------------------------------
-----------------------------------------------------
| rollout/                          |               |
|    action_saturation_fraction     | 0             |
|    ep_len_mean                    | 874           |
|    ep_rew_mean                    | 582           |
|    episodes_noforce               | 156           |
|    force_direction_mean           | -1            |
|    force_onset_mean               | 1.38          |
|    force_requested_impulse_mean   | 0             |
|    is_fall_mean                   | 0.365         |
|    is_timeout_mean                | 0.635         |
|    recovery_noforce               | 0.635         |
|    timeout_without_onset_fraction | 0             |
|    timeouts                       | 99            |
| time/                             |               |
|    fps                            | 2163          |
|    iterations                     | 28            |
|    time_elapsed                   | 1695          |
|    total_timesteps                | 3670016       |
| train/                            |               |
|    action_std_00                  | 0.0521        |
|    action_std_01                  | 0.052         |
|    action_std_02                  | 0.0521        |
|    action_std_03                  | 0.0519        |
|    action_std_04                  | 0.052         |
|    action_std_05                  | 0.0521        |
|    action_std_06                  | 0.0519        |
|    action_std_07                  | 0.052         |
|    action_std_08                  | 0.052         |
|    action_std_09                  | 0.052         |
|    action_std_10                  | 0.0519        |
|    action_std_11                  | 0.052         |
|    action_std_12                  | 0.0519        |
|    action_std_13                  | 0.052         |
|    action_std_14                  | 0.052         |
|    action_std_15                  | 0.0519        |
|    action_std_16                  | 0.052         |
|    action_std_17                  | 0.052         |
|    action_std_18                  | 0.0519        |
|    action_std_19                  | 0.0521        |
|    action_std_20                  | 0.052         |
|    action_std_21                  | 0.052         |
|    action_std_22                  | 0.0521        |
|    action_std_23                  | 0.0519        |
|    action_std_24                  | 0.052         |
|    approx_kl                      | 0.00013727086 |
|    clip_fraction                  | 1.53e-06      |
|    clip_range                     | 0.1           |
|    clip_range_vf                  | 0.2           |
|    entropy_loss                   | 38.4          |
|    explained_variance             | 0.878         |
|    learning_rate                  | 1e-07         |
|    loss                           | 0.875         |
|    n_updates                      | 1800          |
|    policy_gradient_loss           | -0.000488     |
|    std                            | 0.052         |
|    std_max                        | 0.0521        |
|    std_min                        | 0.0519        |
|    value_loss                     | 0.516         |
-----------------------------------------------------
-----------------------------------------------------
| rollout/                          |               |
|    action_saturation_fraction     | 0             |
|    ep_len_mean                    | 857           |
|    ep_rew_mean                    | 573           |
|    episodes_noforce               | 144           |
|    force_direction_mean           | -1            |
|    force_onset_mean               | 1.4           |
|    force_requested_impulse_mean   | 0             |
|    is_fall_mean                   | 0.389         |
|    is_timeout_mean                | 0.611         |
|    recovery_noforce               | 0.611         |
|    timeout_without_onset_fraction | 0             |
|    timeouts                       | 88            |
| time/                             |               |
|    fps                            | 2162          |
|    iterations                     | 29            |
|    time_elapsed                   | 1757          |
|    total_timesteps                | 3801088       |
| train/                            |               |
|    action_std_00                  | 0.0521        |
|    action_std_01                  | 0.052         |
|    action_std_02                  | 0.0521        |
|    action_std_03                  | 0.0519        |
|    action_std_04                  | 0.052         |
|    action_std_05                  | 0.0521        |
|    action_std_06                  | 0.0519        |
|    action_std_07                  | 0.052         |
|    action_std_08                  | 0.052         |
|    action_std_09                  | 0.052         |
|    action_std_10                  | 0.0519        |
|    action_std_11                  | 0.052         |
|    action_std_12                  | 0.0519        |
|    action_std_13                  | 0.052         |
|    action_std_14                  | 0.052         |
|    action_std_15                  | 0.0519        |
|    action_std_16                  | 0.052         |
|    action_std_17                  | 0.052         |
|    action_std_18                  | 0.0519        |
|    action_std_19                  | 0.0521        |
|    action_std_20                  | 0.052         |
|    action_std_21                  | 0.052         |
|    action_std_22                  | 0.0521        |
|    action_std_23                  | 0.0519        |
|    action_std_24                  | 0.052         |
|    approx_kl                      | 0.00013102348 |
|    clip_fraction                  | 0             |
|    clip_range                     | 0.1           |
|    clip_range_vf                  | 0.2           |
|    entropy_loss                   | 38.4          |
|    explained_variance             | 0.866         |
|    learning_rate                  | 1e-07         |
|    loss                           | 0.795         |
|    n_updates                      | 1810          |
|    policy_gradient_loss           | -0.000477     |
|    std                            | 0.052         |
|    std_max                        | 0.0521        |
|    std_min                        | 0.0519        |
|    value_loss                     | 0.445         |
-----------------------------------------------------
-----------------------------------------------------
| rollout/                          |               |
|    action_saturation_fraction     | 0             |
|    ep_len_mean                    | 870           |
|    ep_rew_mean                    | 577           |
|    episodes_noforce               | 156           |
|    force_direction_mean           | -1            |
|    force_onset_mean               | 1.39          |
|    force_requested_impulse_mean   | 0             |
|    is_fall_mean                   | 0.353         |
|    is_timeout_mean                | 0.647         |
|    recovery_noforce               | 0.647         |
|    timeout_without_onset_fraction | 0             |
|    timeouts                       | 101           |
| time/                             |               |
|    fps                            | 2161          |
|    iterations                     | 30            |
|    time_elapsed                   | 1819          |
|    total_timesteps                | 3932160       |
| train/                            |               |
|    action_std_00                  | 0.0521        |
|    action_std_01                  | 0.052         |
|    action_std_02                  | 0.0521        |
|    action_std_03                  | 0.0519        |
|    action_std_04                  | 0.052         |
|    action_std_05                  | 0.0521        |
|    action_std_06                  | 0.0519        |
|    action_std_07                  | 0.052         |
|    action_std_08                  | 0.052         |
|    action_std_09                  | 0.052         |
|    action_std_10                  | 0.0519        |
|    action_std_11                  | 0.052         |
|    action_std_12                  | 0.0519        |
|    action_std_13                  | 0.052         |
|    action_std_14                  | 0.052         |
|    action_std_15                  | 0.0519        |
|    action_std_16                  | 0.052         |
|    action_std_17                  | 0.052         |
|    action_std_18                  | 0.0519        |
|    action_std_19                  | 0.0521        |
|    action_std_20                  | 0.052         |
|    action_std_21                  | 0.052         |
|    action_std_22                  | 0.0521        |
|    action_std_23                  | 0.0519        |
|    action_std_24                  | 0.052         |
|    approx_kl                      | 0.00015678459 |
|    clip_fraction                  | 7.63e-07      |
|    clip_range                     | 0.1           |
|    clip_range_vf                  | 0.2           |
|    entropy_loss                   | 38.4          |
|    explained_variance             | 0.866         |
|    learning_rate                  | 1e-07         |
|    loss                           | 0.812         |
|    n_updates                      | 1820          |
|    policy_gradient_loss           | -0.000534     |
|    std                            | 0.052         |
|    std_max                        | 0.0521        |
|    std_min                        | 0.0519        |
|    value_loss                     | 0.433         |
-----------------------------------------------------
INFO:root:VecNormalize statistics saved at: ./data/delta_refine_lr1e7/quadruped_ppo_model_ckpt_4000256_vecnormalize.pkl
INFO:root:Model saved at: ./data/delta_refine_lr1e7/quadruped_ppo_model_ckpt_4000256.zip
INFO:root:Checkpoint written at 4000256 timesteps
[HumanoidEnv] Reset state env_id=0 z=0.319707 rpy=[-0.00225576, -0.00262313, 0.000332052]
[HumanoidEnv] Reset state env_id=0 z=0.321853 rpy=[0.00184958, -0.0034435, -1.27306e-05]
[HumanoidEnv] Reset state env_id=0 z=0.288697 rpy=[0.00147587, -0.00213667, 0.000444937]
[HumanoidEnv] unhealthy terminate at step=388 z=0.192692 rpy=[-1.53523, -0.0469981, 0.989876] v_body=[0.876706, -1.17952, -0.855988]
-----------------------------------------------------
| rollout/                          |               |
|    action_saturation_fraction     | 0             |
|    ep_len_mean                    | 812           |
|    ep_rew_mean                    | 542           |
|    episodes_noforce               | 158           |
|    force_direction_mean           | -1            |
|    force_onset_mean               | 1.4           |
|    force_requested_impulse_mean   | 0             |
|    is_fall_mean                   | 0.418         |
|    is_timeout_mean                | 0.582         |
|    recovery_noforce               | 0.582         |
|    timeout_without_onset_fraction | 0             |
|    timeouts                       | 92            |
| time/                             |               |
|    fps                            | 2160          |
|    iterations                     | 31            |
|    time_elapsed                   | 1880          |
|    total_timesteps                | 4063232       |
| train/                            |               |
|    action_std_00                  | 0.0521        |
|    action_std_01                  | 0.052         |
|    action_std_02                  | 0.0521        |
|    action_std_03                  | 0.0519        |
|    action_std_04                  | 0.052         |
|    action_std_05                  | 0.0521        |
|    action_std_06                  | 0.0519        |
|    action_std_07                  | 0.052         |
|    action_std_08                  | 0.052         |
|    action_std_09                  | 0.052         |
|    action_std_10                  | 0.0519        |
|    action_std_11                  | 0.052         |
|    action_std_12                  | 0.0519        |
|    action_std_13                  | 0.052         |
|    action_std_14                  | 0.052         |
|    action_std_15                  | 0.0519        |
|    action_std_16                  | 0.052         |
|    action_std_17                  | 0.052         |
|    action_std_18                  | 0.0519        |
|    action_std_19                  | 0.0521        |
|    action_std_20                  | 0.052         |
|    action_std_21                  | 0.052         |
|    action_std_22                  | 0.0521        |
|    action_std_23                  | 0.0519        |
|    action_std_24                  | 0.052         |
|    approx_kl                      | 0.00015780138 |
|    clip_fraction                  | 3.05e-06      |
|    clip_range                     | 0.1           |
|    clip_range_vf                  | 0.2           |
|    entropy_loss                   | 38.4          |
|    explained_variance             | 0.875         |
|    learning_rate                  | 1e-07         |
|    loss                           | 0.812         |
|    n_updates                      | 1830          |
|    policy_gradient_loss           | -0.000538     |
|    std                            | 0.052         |
|    std_max                        | 0.0521        |
|    std_min                        | 0.0519        |
|    value_loss                     | 0.461         |
-----------------------------------------------------
-----------------------------------------------------
| rollout/                          |               |
|    action_saturation_fraction     | 0             |
|    ep_len_mean                    | 806           |
|    ep_rew_mean                    | 535           |
|    episodes_noforce               | 159           |
|    force_direction_mean           | -1            |
|    force_onset_mean               | 1.38          |
|    force_requested_impulse_mean   | 0             |
|    is_fall_mean                   | 0.358         |
|    is_timeout_mean                | 0.642         |
|    recovery_noforce               | 0.642         |
|    timeout_without_onset_fraction | 0             |
|    timeouts                       | 102           |
| time/                             |               |
|    fps                            | 2160          |
|    iterations                     | 32            |
|    time_elapsed                   | 1941          |
|    total_timesteps                | 4194304       |
| train/                            |               |
|    action_std_00                  | 0.0521        |
|    action_std_01                  | 0.052         |
|    action_std_02                  | 0.0521        |
|    action_std_03                  | 0.0519        |
|    action_std_04                  | 0.052         |
|    action_std_05                  | 0.0521        |
|    action_std_06                  | 0.0519        |
|    action_std_07                  | 0.052         |
|    action_std_08                  | 0.052         |
|    action_std_09                  | 0.052         |
|    action_std_10                  | 0.0519        |
|    action_std_11                  | 0.052         |
|    action_std_12                  | 0.0519        |
|    action_std_13                  | 0.052         |
|    action_std_14                  | 0.052         |
|    action_std_15                  | 0.0519        |
|    action_std_16                  | 0.052         |
|    action_std_17                  | 0.052         |
|    action_std_18                  | 0.0519        |
|    action_std_19                  | 0.0521        |
|    action_std_20                  | 0.052         |
|    action_std_21                  | 0.052         |
|    action_std_22                  | 0.0521        |
|    action_std_23                  | 0.0519        |
|    action_std_24                  | 0.052         |
|    approx_kl                      | 0.00016547884 |
|    clip_fraction                  | 7.63e-07      |
|    clip_range                     | 0.1           |
|    clip_range_vf                  | 0.2           |
|    entropy_loss                   | 38.4          |
|    explained_variance             | 0.87          |
|    learning_rate                  | 1e-07         |
|    loss                           | 0.896         |
|    n_updates                      | 1840          |
|    policy_gradient_loss           | -0.000539     |
|    std                            | 0.052         |
|    std_max                        | 0.0521        |
|    std_min                        | 0.0519        |
|    value_loss                     | 0.485         |
-----------------------------------------------------
-----------------------------------------------------
| rollout/                          |               |
|    action_saturation_fraction     | 0             |
|    ep_len_mean                    | 811           |
|    ep_rew_mean                    | 535           |
|    episodes_noforce               | 162           |
|    force_direction_mean           | -1            |
|    force_onset_mean               | 1.41          |
|    force_requested_impulse_mean   | 0             |
|    is_fall_mean                   | 0.42          |
|    is_timeout_mean                | 0.58          |
|    recovery_noforce               | 0.58          |
|    timeout_without_onset_fraction | 0             |
|    timeouts                       | 94            |
| time/                             |               |
|    fps                            | 2159          |
|    iterations                     | 33            |
|    time_elapsed                   | 2003          |
|    total_timesteps                | 4325376       |
| train/                            |               |
|    action_std_00                  | 0.0521        |
|    action_std_01                  | 0.052         |
|    action_std_02                  | 0.0521        |
|    action_std_03                  | 0.0519        |
|    action_std_04                  | 0.052         |
|    action_std_05                  | 0.0521        |
|    action_std_06                  | 0.0519        |
|    action_std_07                  | 0.052         |
|    action_std_08                  | 0.052         |
|    action_std_09                  | 0.052         |
|    action_std_10                  | 0.0519        |
|    action_std_11                  | 0.052         |
|    action_std_12                  | 0.0519        |
|    action_std_13                  | 0.052         |
|    action_std_14                  | 0.052         |
|    action_std_15                  | 0.0519        |
|    action_std_16                  | 0.052         |
|    action_std_17                  | 0.052         |
|    action_std_18                  | 0.0519        |
|    action_std_19                  | 0.0521        |
|    action_std_20                  | 0.052         |
|    action_std_21                  | 0.052         |
|    action_std_22                  | 0.0521        |
|    action_std_23                  | 0.0519        |
|    action_std_24                  | 0.052         |
|    approx_kl                      | 0.00013988392 |
|    clip_fraction                  | 0             |
|    clip_range                     | 0.1           |
|    clip_range_vf                  | 0.2           |
|    entropy_loss                   | 38.4          |
|    explained_variance             | 0.864         |
|    learning_rate                  | 1e-07         |
|    loss                           | 0.904         |
|    n_updates                      | 1850          |
|    policy_gradient_loss           | -0.000459     |
|    std                            | 0.052         |
|    std_max                        | 0.0521        |
|    std_min                        | 0.0519        |
|    value_loss                     | 0.475         |
-----------------------------------------------------
-----------------------------------------------------
| rollout/                          |               |
|    action_saturation_fraction     | 0             |
|    ep_len_mean                    | 802           |
|    ep_rew_mean                    | 530           |
|    episodes_noforce               | 157           |
|    force_direction_mean           | -1            |
|    force_onset_mean               | 1.4           |
|    force_requested_impulse_mean   | 0             |
|    is_fall_mean                   | 0.395         |
|    is_timeout_mean                | 0.605         |
|    recovery_noforce               | 0.605         |
|    timeout_without_onset_fraction | 0             |
|    timeouts                       | 95            |
| time/                             |               |
|    fps                            | 2158          |
|    iterations                     | 34            |
|    time_elapsed                   | 2064          |
|    total_timesteps                | 4456448       |
| train/                            |               |
|    action_std_00                  | 0.0521        |
|    action_std_01                  | 0.052         |
|    action_std_02                  | 0.0521        |
|    action_std_03                  | 0.0519        |
|    action_std_04                  | 0.052         |
|    action_std_05                  | 0.0521        |
|    action_std_06                  | 0.0519        |
|    action_std_07                  | 0.052         |
|    action_std_08                  | 0.052         |
|    action_std_09                  | 0.052         |
|    action_std_10                  | 0.0519        |
|    action_std_11                  | 0.052         |
|    action_std_12                  | 0.0519        |
|    action_std_13                  | 0.052         |
|    action_std_14                  | 0.052         |
|    action_std_15                  | 0.0519        |
|    action_std_16                  | 0.052         |
|    action_std_17                  | 0.052         |
|    action_std_18                  | 0.0519        |
|    action_std_19                  | 0.0521        |
|    action_std_20                  | 0.052         |
|    action_std_21                  | 0.052         |
|    action_std_22                  | 0.0521        |
|    action_std_23                  | 0.0519        |
|    action_std_24                  | 0.052         |
|    approx_kl                      | 0.00012303216 |
|    clip_fraction                  | 1.53e-06      |
|    clip_range                     | 0.1           |
|    clip_range_vf                  | 0.2           |
|    entropy_loss                   | 38.4          |
|    explained_variance             | 0.877         |
|    learning_rate                  | 1e-07         |
|    loss                           | 0.959         |
|    n_updates                      | 1860          |
|    policy_gradient_loss           | -0.000476     |
|    std                            | 0.052         |
|    std_max                        | 0.0521        |
|    std_min                        | 0.0519        |
|    value_loss                     | 0.529         |
-----------------------------------------------------
-----------------------------------------------------
| rollout/                          |               |
|    action_saturation_fraction     | 0             |
|    ep_len_mean                    | 843           |
|    ep_rew_mean                    | 559           |
|    episodes_noforce               | 151           |
|    force_direction_mean           | -1            |
|    force_onset_mean               | 1.41          |
|    force_requested_impulse_mean   | 0             |
|    is_fall_mean                   | 0.377         |
|    is_timeout_mean                | 0.623         |
|    recovery_noforce               | 0.623         |
|    timeout_without_onset_fraction | 0             |
|    timeouts                       | 94            |
| time/                             |               |
|    fps                            | 2157          |
|    iterations                     | 35            |
|    time_elapsed                   | 2126          |
|    total_timesteps                | 4587520       |
| train/                            |               |
|    action_std_00                  | 0.0521        |
|    action_std_01                  | 0.052         |
|    action_std_02                  | 0.0521        |
|    action_std_03                  | 0.0519        |
|    action_std_04                  | 0.052         |
|    action_std_05                  | 0.0521        |
|    action_std_06                  | 0.0519        |
|    action_std_07                  | 0.052         |
|    action_std_08                  | 0.052         |
|    action_std_09                  | 0.052         |
|    action_std_10                  | 0.0519        |
|    action_std_11                  | 0.052         |
|    action_std_12                  | 0.0519        |
|    action_std_13                  | 0.052         |
|    action_std_14                  | 0.052         |
|    action_std_15                  | 0.0519        |
|    action_std_16                  | 0.052         |
|    action_std_17                  | 0.052         |
|    action_std_18                  | 0.0519        |
|    action_std_19                  | 0.0521        |
|    action_std_20                  | 0.052         |
|    action_std_21                  | 0.052         |
|    action_std_22                  | 0.0521        |
|    action_std_23                  | 0.0519        |
|    action_std_24                  | 0.052         |
|    approx_kl                      | 0.00012289238 |
|    clip_fraction                  | 0             |
|    clip_range                     | 0.1           |
|    clip_range_vf                  | 0.2           |
|    entropy_loss                   | 38.4          |
|    explained_variance             | 0.862         |
|    learning_rate                  | 1e-07         |
|    loss                           | 0.93          |
|    n_updates                      | 1870          |
|    policy_gradient_loss           | -0.00049      |
|    std                            | 0.052         |
|    std_max                        | 0.0521        |
|    std_min                        | 0.0519        |
|    value_loss                     | 0.508         |
-----------------------------------------------------
-----------------------------------------------------
| rollout/                          |               |
|    action_saturation_fraction     | 0             |
|    ep_len_mean                    | 855           |
|    ep_rew_mean                    | 569           |
|    episodes_noforce               | 166           |
|    force_direction_mean           | -1            |
|    force_onset_mean               | 1.4           |
|    force_requested_impulse_mean   | 0             |
|    is_fall_mean                   | 0.398         |
|    is_timeout_mean                | 0.602         |
|    recovery_noforce               | 0.602         |
|    timeout_without_onset_fraction | 0             |
|    timeouts                       | 100           |
| time/                             |               |
|    fps                            | 2156          |
|    iterations                     | 36            |
|    time_elapsed                   | 2188          |
|    total_timesteps                | 4718592       |
| train/                            |               |
|    action_std_00                  | 0.0521        |
|    action_std_01                  | 0.052         |
|    action_std_02                  | 0.0521        |
|    action_std_03                  | 0.0519        |
|    action_std_04                  | 0.052         |
|    action_std_05                  | 0.0521        |
|    action_std_06                  | 0.0519        |
|    action_std_07                  | 0.052         |
|    action_std_08                  | 0.052         |
|    action_std_09                  | 0.052         |
|    action_std_10                  | 0.0519        |
|    action_std_11                  | 0.052         |
|    action_std_12                  | 0.0519        |
|    action_std_13                  | 0.052         |
|    action_std_14                  | 0.052         |
|    action_std_15                  | 0.0519        |
|    action_std_16                  | 0.052         |
|    action_std_17                  | 0.052         |
|    action_std_18                  | 0.0519        |
|    action_std_19                  | 0.0521        |
|    action_std_20                  | 0.052         |
|    action_std_21                  | 0.052         |
|    action_std_22                  | 0.0521        |
|    action_std_23                  | 0.0519        |
|    action_std_24                  | 0.052         |
|    approx_kl                      | 0.00014467686 |
|    clip_fraction                  | 0             |
|    clip_range                     | 0.1           |
|    clip_range_vf                  | 0.2           |
|    entropy_loss                   | 38.4          |
|    explained_variance             | 0.866         |
|    learning_rate                  | 1e-07         |
|    loss                           | 0.841         |
|    n_updates                      | 1880          |
|    policy_gradient_loss           | -0.000486     |
|    std                            | 0.052         |
|    std_max                        | 0.0521        |
|    std_min                        | 0.0519        |
|    value_loss                     | 0.459         |
-----------------------------------------------------
-----------------------------------------------------
| rollout/                          |               |
|    action_saturation_fraction     | 0             |
|    ep_len_mean                    | 810           |
|    ep_rew_mean                    | 536           |
|    episodes_noforce               | 150           |
|    force_direction_mean           | -1            |
|    force_onset_mean               | 1.4           |
|    force_requested_impulse_mean   | 0             |
|    is_fall_mean                   | 0.427         |
|    is_timeout_mean                | 0.573         |
|    recovery_noforce               | 0.573         |
|    timeout_without_onset_fraction | 0             |
|    timeouts                       | 86            |
| time/                             |               |
|    fps                            | 2156          |
|    iterations                     | 37            |
|    time_elapsed                   | 2249          |
|    total_timesteps                | 4849664       |
| train/                            |               |
|    action_std_00                  | 0.0521        |
|    action_std_01                  | 0.052         |
|    action_std_02                  | 0.0521        |
|    action_std_03                  | 0.0519        |
|    action_std_04                  | 0.052         |
|    action_std_05                  | 0.0521        |
|    action_std_06                  | 0.0519        |
|    action_std_07                  | 0.052         |
|    action_std_08                  | 0.052         |
|    action_std_09                  | 0.052         |
|    action_std_10                  | 0.0519        |
|    action_std_11                  | 0.052         |
|    action_std_12                  | 0.0519        |
|    action_std_13                  | 0.052         |
|    action_std_14                  | 0.052         |
|    action_std_15                  | 0.0519        |
|    action_std_16                  | 0.052         |
|    action_std_17                  | 0.052         |
|    action_std_18                  | 0.0519        |
|    action_std_19                  | 0.0521        |
|    action_std_20                  | 0.052         |
|    action_std_21                  | 0.052         |
|    action_std_22                  | 0.0521        |
|    action_std_23                  | 0.0519        |
|    action_std_24                  | 0.052         |
|    approx_kl                      | 0.00011719287 |
|    clip_fraction                  | 0             |
|    clip_range                     | 0.1           |
|    clip_range_vf                  | 0.2           |
|    entropy_loss                   | 38.4          |
|    explained_variance             | 0.883         |
|    learning_rate                  | 1e-07         |
|    loss                           | 0.886         |
|    n_updates                      | 1890          |
|    policy_gradient_loss           | -0.000428     |
|    std                            | 0.052         |
|    std_max                        | 0.0521        |
|    std_min                        | 0.0519        |
|    value_loss                     | 0.481         |
-----------------------------------------------------
----------------------------------------------------
| rollout/                          |              |
|    action_saturation_fraction     | 0            |
|    ep_len_mean                    | 822          |
|    ep_rew_mean                    | 541          |
|    episodes_noforce               | 171          |
|    force_direction_mean           | -1           |
|    force_onset_mean               | 1.37         |
|    force_requested_impulse_mean   | 0            |
|    is_fall_mean                   | 0.415        |
|    is_timeout_mean                | 0.585        |
|    recovery_noforce               | 0.585        |
|    timeout_without_onset_fraction | 0            |
|    timeouts                       | 100          |
| time/                             |              |
|    fps                            | 2154         |
|    iterations                     | 38           |
|    time_elapsed                   | 2311         |
|    total_timesteps                | 4980736      |
| train/                            |              |
|    action_std_00                  | 0.0521       |
|    action_std_01                  | 0.052        |
|    action_std_02                  | 0.0521       |
|    action_std_03                  | 0.0519       |
|    action_std_04                  | 0.052        |
|    action_std_05                  | 0.0521       |
|    action_std_06                  | 0.0519       |
|    action_std_07                  | 0.052        |
|    action_std_08                  | 0.052        |
|    action_std_09                  | 0.052        |
|    action_std_10                  | 0.0519       |
|    action_std_11                  | 0.052        |
|    action_std_12                  | 0.0519       |
|    action_std_13                  | 0.052        |
|    action_std_14                  | 0.052        |
|    action_std_15                  | 0.0519       |
|    action_std_16                  | 0.052        |
|    action_std_17                  | 0.052        |
|    action_std_18                  | 0.0519       |
|    action_std_19                  | 0.0521       |
|    action_std_20                  | 0.052        |
|    action_std_21                  | 0.052        |
|    action_std_22                  | 0.0521       |
|    action_std_23                  | 0.0519       |
|    action_std_24                  | 0.052        |
|    approx_kl                      | 0.0001094091 |
|    clip_fraction                  | 0            |
|    clip_range                     | 0.1          |
|    clip_range_vf                  | 0.2          |
|    entropy_loss                   | 38.4         |
|    explained_variance             | 0.873        |
|    learning_rate                  | 1e-07        |
|    loss                           | 0.939        |
|    n_updates                      | 1900         |
|    policy_gradient_loss           | -0.000429    |
|    std                            | 0.052        |
|    std_max                        | 0.0521       |
|    std_min                        | 0.0519       |
|    value_loss                     | 0.504        |
----------------------------------------------------
-----------------------------------------------------
| rollout/                          |               |
|    action_saturation_fraction     | 0             |
|    ep_len_mean                    | 802           |
|    ep_rew_mean                    | 532           |
|    episodes_noforce               | 150           |
|    force_direction_mean           | -1            |
|    force_onset_mean               | 1.4           |
|    force_requested_impulse_mean   | 0             |
|    is_fall_mean                   | 0.433         |
|    is_timeout_mean                | 0.567         |
|    recovery_noforce               | 0.567         |
|    timeout_without_onset_fraction | 0             |
|    timeouts                       | 85            |
| time/                             |               |
|    fps                            | 2154          |
|    iterations                     | 39            |
|    time_elapsed                   | 2372          |
|    total_timesteps                | 5111808       |
| train/                            |               |
|    action_std_00                  | 0.0521        |
|    action_std_01                  | 0.052         |
|    action_std_02                  | 0.0521        |
|    action_std_03                  | 0.0519        |
|    action_std_04                  | 0.052         |
|    action_std_05                  | 0.0521        |
|    action_std_06                  | 0.0519        |
|    action_std_07                  | 0.052         |
|    action_std_08                  | 0.052         |
|    action_std_09                  | 0.052         |
|    action_std_10                  | 0.0519        |
|    action_std_11                  | 0.052         |
|    action_std_12                  | 0.0519        |
|    action_std_13                  | 0.052         |
|    action_std_14                  | 0.052         |
|    action_std_15                  | 0.0519        |
|    action_std_16                  | 0.052         |
|    action_std_17                  | 0.052         |
|    action_std_18                  | 0.0519        |
|    action_std_19                  | 0.0521        |
|    action_std_20                  | 0.052         |
|    action_std_21                  | 0.052         |
|    action_std_22                  | 0.0521        |
|    action_std_23                  | 0.0519        |
|    action_std_24                  | 0.052         |
|    approx_kl                      | 0.00013579614 |
|    clip_fraction                  | 0             |
|    clip_range                     | 0.1           |
|    clip_range_vf                  | 0.2           |
|    entropy_loss                   | 38.4          |
|    explained_variance             | 0.88          |
|    learning_rate                  | 1e-07         |
|    loss                           | 0.978         |
|    n_updates                      | 1910          |
|    policy_gradient_loss           | -0.000514     |
|    std                            | 0.052         |
|    std_max                        | 0.0521        |
|    std_min                        | 0.0519        |
|    value_loss                     | 0.517         |
-----------------------------------------------------
-----------------------------------------------------
| rollout/                          |               |
|    action_saturation_fraction     | 0             |
|    ep_len_mean                    | 846           |
|    ep_rew_mean                    | 562           |
|    episodes_noforce               | 161           |
|    force_direction_mean           | -1            |
|    force_onset_mean               | 1.39          |
|    force_requested_impulse_mean   | 0             |
|    is_fall_mean                   | 0.335         |
|    is_timeout_mean                | 0.665         |
|    recovery_noforce               | 0.665         |
|    timeout_without_onset_fraction | 0             |
|    timeouts                       | 107           |
| time/                             |               |
|    fps                            | 2153          |
|    iterations                     | 40            |
|    time_elapsed                   | 2434          |
|    total_timesteps                | 5242880       |
| train/                            |               |
|    action_std_00                  | 0.0521        |
|    action_std_01                  | 0.052         |
|    action_std_02                  | 0.0521        |
|    action_std_03                  | 0.0519        |
|    action_std_04                  | 0.052         |
|    action_std_05                  | 0.0521        |
|    action_std_06                  | 0.0519        |
|    action_std_07                  | 0.052         |
|    action_std_08                  | 0.052         |
|    action_std_09                  | 0.052         |
|    action_std_10                  | 0.0519        |
|    action_std_11                  | 0.052         |
|    action_std_12                  | 0.0519        |
|    action_std_13                  | 0.052         |
|    action_std_14                  | 0.052         |
|    action_std_15                  | 0.0519        |
|    action_std_16                  | 0.052         |
|    action_std_17                  | 0.052         |
|    action_std_18                  | 0.0519        |
|    action_std_19                  | 0.0521        |
|    action_std_20                  | 0.052         |
|    action_std_21                  | 0.052         |
|    action_std_22                  | 0.0521        |
|    action_std_23                  | 0.0519        |
|    action_std_24                  | 0.052         |
|    approx_kl                      | 0.00012357297 |
|    clip_fraction                  | 0             |
|    clip_range                     | 0.1           |
|    clip_range_vf                  | 0.2           |
|    entropy_loss                   | 38.4          |
|    explained_variance             | 0.875         |
|    learning_rate                  | 1e-07         |
|    loss                           | 0.886         |
|    n_updates                      | 1920          |
|    policy_gradient_loss           | -0.000466     |
|    std                            | 0.052         |
|    std_max                        | 0.0521        |
|    std_min                        | 0.0519        |
|    value_loss                     | 0.48          |
-----------------------------------------------------
-----------------------------------------------------
| rollout/                          |               |
|    action_saturation_fraction     | 0             |
|    ep_len_mean                    | 873           |
|    ep_rew_mean                    | 583           |
|    episodes_noforce               | 152           |
|    force_direction_mean           | -1            |
|    force_onset_mean               | 1.38          |
|    force_requested_impulse_mean   | 0             |
|    is_fall_mean                   | 0.322         |
|    is_timeout_mean                | 0.678         |
|    recovery_noforce               | 0.678         |
|    timeout_without_onset_fraction | 0             |
|    timeouts                       | 103           |
| time/                             |               |
|    fps                            | 2153          |
|    iterations                     | 41            |
|    time_elapsed                   | 2495          |
|    total_timesteps                | 5373952       |
| train/                            |               |
|    action_std_00                  | 0.0521        |
|    action_std_01                  | 0.052         |
|    action_std_02                  | 0.0521        |
|    action_std_03                  | 0.0519        |
|    action_std_04                  | 0.052         |
|    action_std_05                  | 0.0521        |
|    action_std_06                  | 0.0519        |
|    action_std_07                  | 0.052         |
|    action_std_08                  | 0.052         |
|    action_std_09                  | 0.052         |
|    action_std_10                  | 0.0519        |
|    action_std_11                  | 0.052         |
|    action_std_12                  | 0.0519        |
|    action_std_13                  | 0.052         |
|    action_std_14                  | 0.052         |
|    action_std_15                  | 0.0519        |
|    action_std_16                  | 0.052         |
|    action_std_17                  | 0.052         |
|    action_std_18                  | 0.0519        |
|    action_std_19                  | 0.0521        |
|    action_std_20                  | 0.052         |
|    action_std_21                  | 0.052         |
|    action_std_22                  | 0.0521        |
|    action_std_23                  | 0.0519        |
|    action_std_24                  | 0.052         |
|    approx_kl                      | 0.00011265354 |
|    clip_fraction                  | 0             |
|    clip_range                     | 0.1           |
|    clip_range_vf                  | 0.2           |
|    entropy_loss                   | 38.4          |
|    explained_variance             | 0.858         |
|    learning_rate                  | 1e-07         |
|    loss                           | 0.827         |
|    n_updates                      | 1930          |
|    policy_gradient_loss           | -0.000431     |
|    std                            | 0.052         |
|    std_max                        | 0.0521        |
|    std_min                        | 0.0519        |
|    value_loss                     | 0.427         |
-----------------------------------------------------
[HumanoidEnv] Reset state env_id=0 z=0.290826 rpy=[0.00103161, -0.0015615, 0.000505087]
[HumanoidEnv] Reset state env_id=0 z=0.280649 rpy=[-0.00168218, -0.000696195, 0.000506594]
[HumanoidEnv] Reset state env_id=0 z=0.287908 rpy=[0.00241473, -0.00226589, 0.000414691]
[HumanoidEnv] Reset state env_id=0 z=0.29642 rpy=[-0.00141855, -0.00067706, 0.000624157]
[HumanoidEnv] Reset state env_id=0 z=0.281199 rpy=[0.000393948, -0.00144297, 0.000455362]
[HumanoidEnv] Reset state env_id=0 z=0.326874 rpy=[-0.00107224, -0.00353132, 1.47284e-05]
[HumanoidEnv] unhealthy terminate at step=519 z=0.194023 rpy=[-2.68182, 0.365191, -2.41394] v_body=[-1.57236, -0.224414, 0.141863]
-----------------------------------------------------
| rollout/                          |               |
|    action_saturation_fraction     | 0             |
|    ep_len_mean                    | 844           |
|    ep_rew_mean                    | 564           |
|    episodes_noforce               | 153           |
|    force_direction_mean           | -1            |
|    force_onset_mean               | 1.4           |
|    force_requested_impulse_mean   | 0             |
|    is_fall_mean                   | 0.418         |
|    is_timeout_mean                | 0.582         |
|    recovery_noforce               | 0.582         |
|    timeout_without_onset_fraction | 0             |
|    timeouts                       | 89            |
| time/                             |               |
|    fps                            | 2152          |
|    iterations                     | 42            |
|    time_elapsed                   | 2557          |
|    total_timesteps                | 5505024       |
| train/                            |               |
|    action_std_00                  | 0.0521        |
|    action_std_01                  | 0.052         |
|    action_std_02                  | 0.0521        |
|    action_std_03                  | 0.0519        |
|    action_std_04                  | 0.052         |
|    action_std_05                  | 0.0521        |
|    action_std_06                  | 0.0519        |
|    action_std_07                  | 0.052         |
|    action_std_08                  | 0.052         |
|    action_std_09                  | 0.052         |
|    action_std_10                  | 0.0519        |
|    action_std_11                  | 0.052         |
|    action_std_12                  | 0.0519        |
|    action_std_13                  | 0.052         |
|    action_std_14                  | 0.052         |
|    action_std_15                  | 0.0519        |
|    action_std_16                  | 0.052         |
|    action_std_17                  | 0.052         |
|    action_std_18                  | 0.0519        |
|    action_std_19                  | 0.0521        |
|    action_std_20                  | 0.052         |
|    action_std_21                  | 0.052         |
|    action_std_22                  | 0.0521        |
|    action_std_23                  | 0.0519        |
|    action_std_24                  | 0.052         |
|    approx_kl                      | 0.00012834813 |
|    clip_fraction                  | 0             |
|    clip_range                     | 0.1           |
|    clip_range_vf                  | 0.2           |
|    entropy_loss                   | 38.4          |
|    explained_variance             | 0.856         |
|    learning_rate                  | 1e-07         |
|    loss                           | 0.679         |
|    n_updates                      | 1940          |
|    policy_gradient_loss           | -0.000457     |
|    std                            | 0.052         |
|    std_max                        | 0.0521        |
|    std_min                        | 0.0519        |
|    value_loss                     | 0.459         |
-----------------------------------------------------
[HumanoidEnv] Reset state env_id=0 z=0.301337 rpy=[-0.00176581, -0.000218164, 0.000290888]
[HumanoidEnv] unhealthy terminate at step=677 z=0.188545 rpy=[3.12047, 0.268747, 0.973981] v_body=[-1.10002, 1.2498, 1.14418]
-----------------------------------------------------
| rollout/                          |               |
|    action_saturation_fraction     | 0             |
|    ep_len_mean                    | 855           |
|    ep_rew_mean                    | 571           |
|    episodes_noforce               | 156           |
|    force_direction_mean           | -1            |
|    force_onset_mean               | 1.41          |
|    force_requested_impulse_mean   | 0             |
|    is_fall_mean                   | 0.385         |
|    is_timeout_mean                | 0.615         |
|    recovery_noforce               | 0.615         |
|    timeout_without_onset_fraction | 0             |
|    timeouts                       | 96            |
| time/                             |               |
|    fps                            | 2151          |
|    iterations                     | 43            |
|    time_elapsed                   | 2619          |
|    total_timesteps                | 5636096       |
| train/                            |               |
|    action_std_00                  | 0.0521        |
|    action_std_01                  | 0.052         |
|    action_std_02                  | 0.0521        |
|    action_std_03                  | 0.0519        |
|    action_std_04                  | 0.052         |
|    action_std_05                  | 0.0521        |
|    action_std_06                  | 0.0519        |
|    action_std_07                  | 0.052         |
|    action_std_08                  | 0.052         |
|    action_std_09                  | 0.052         |
|    action_std_10                  | 0.0519        |
|    action_std_11                  | 0.052         |
|    action_std_12                  | 0.0519        |
|    action_std_13                  | 0.052         |
|    action_std_14                  | 0.052         |
|    action_std_15                  | 0.0519        |
|    action_std_16                  | 0.052         |
|    action_std_17                  | 0.052         |
|    action_std_18                  | 0.0519        |
|    action_std_19                  | 0.0521        |
|    action_std_20                  | 0.052         |
|    action_std_21                  | 0.052         |
|    action_std_22                  | 0.0521        |
|    action_std_23                  | 0.0519        |
|    action_std_24                  | 0.052         |
|    approx_kl                      | 0.00016954335 |
|    clip_fraction                  | 2.29e-06      |
|    clip_range                     | 0.1           |
|    clip_range_vf                  | 0.2           |
|    entropy_loss                   | 38.4          |
|    explained_variance             | 0.875         |
|    learning_rate                  | 1e-07         |
|    loss                           | 0.857         |
|    n_updates                      | 1950          |
|    policy_gradient_loss           | -0.000549     |
|    std                            | 0.052         |
|    std_max                        | 0.0521        |
|    std_min                        | 0.0519        |
|    value_loss                     | 0.475         |
-----------------------------------------------------
[HumanoidEnv] Reset state env_id=0 z=0.278409 rpy=[0.000930943, -0.00137722, 0.000556351]
[HumanoidEnv] unhealthy terminate at step=385 z=0.197971 rpy=[-0.828169, 0.291215, -0.96945] v_body=[0.321466, 0.0800836, -0.761177]
-----------------------------------------------------
| rollout/                          |               |
|    action_saturation_fraction     | 0             |
|    ep_len_mean                    | 795           |
|    ep_rew_mean                    | 531           |
|    episodes_noforce               | 157           |
|    force_direction_mean           | -1            |
|    force_onset_mean               | 1.41          |
|    force_requested_impulse_mean   | 0             |
|    is_fall_mean                   | 0.369         |
|    is_timeout_mean                | 0.631         |
|    recovery_noforce               | 0.631         |
|    timeout_without_onset_fraction | 0             |
|    timeouts                       | 99            |
| time/                             |               |
|    fps                            | 2150          |
|    iterations                     | 44            |
|    time_elapsed                   | 2681          |
|    total_timesteps                | 5767168       |
| train/                            |               |
|    action_std_00                  | 0.0521        |
|    action_std_01                  | 0.052         |
|    action_std_02                  | 0.0521        |
|    action_std_03                  | 0.0519        |
|    action_std_04                  | 0.052         |
|    action_std_05                  | 0.0521        |
|    action_std_06                  | 0.0519        |
|    action_std_07                  | 0.052         |
|    action_std_08                  | 0.052         |
|    action_std_09                  | 0.052         |
|    action_std_10                  | 0.0519        |
|    action_std_11                  | 0.052         |
|    action_std_12                  | 0.0519        |
|    action_std_13                  | 0.052         |
|    action_std_14                  | 0.052         |
|    action_std_15                  | 0.0519        |
|    action_std_16                  | 0.052         |
|    action_std_17                  | 0.052         |
|    action_std_18                  | 0.0519        |
|    action_std_19                  | 0.0521        |
|    action_std_20                  | 0.052         |
|    action_std_21                  | 0.052         |
|    action_std_22                  | 0.0521        |
|    action_std_23                  | 0.0519        |
|    action_std_24                  | 0.052         |
|    approx_kl                      | 0.00014196076 |
|    clip_fraction                  | 7.63e-07      |
|    clip_range                     | 0.1           |
|    clip_range_vf                  | 0.2           |
|    entropy_loss                   | 38.4          |
|    explained_variance             | 0.87          |
|    learning_rate                  | 1e-07         |
|    loss                           | 0.891         |
|    n_updates                      | 1960          |
|    policy_gradient_loss           | -0.000523     |
|    std                            | 0.052         |
|    std_max                        | 0.0521        |
|    std_min                        | 0.0519        |
|    value_loss                     | 0.468         |
-----------------------------------------------------
[HumanoidEnv] Reset state env_id=0 z=0.300822 rpy=[-0.00200968, -0.00212448, 0.000217517]
[HumanoidEnv] unhealthy terminate at step=491 z=0.191253 rpy=[2.62625, 0.0466891, 1.5324] v_body=[-1.636, 0.75212, 0.440385]
-----------------------------------------------------
| rollout/                          |               |
|    action_saturation_fraction     | 0             |
|    ep_len_mean                    | 849           |
|    ep_rew_mean                    | 563           |
|    episodes_noforce               | 153           |
|    force_direction_mean           | -1            |
|    force_onset_mean               | 1.38          |
|    force_requested_impulse_mean   | 0             |
|    is_fall_mean                   | 0.392         |
|    is_timeout_mean                | 0.608         |
|    recovery_noforce               | 0.608         |
|    timeout_without_onset_fraction | 0             |
|    timeouts                       | 93            |
| time/                             |               |
|    fps                            | 2150          |
|    iterations                     | 45            |
|    time_elapsed                   | 2743          |
|    total_timesteps                | 5898240       |
| train/                            |               |
|    action_std_00                  | 0.0521        |
|    action_std_01                  | 0.052         |
|    action_std_02                  | 0.0521        |
|    action_std_03                  | 0.0519        |
|    action_std_04                  | 0.052         |
|    action_std_05                  | 0.0521        |
|    action_std_06                  | 0.0519        |
|    action_std_07                  | 0.052         |
|    action_std_08                  | 0.052         |
|    action_std_09                  | 0.052         |
|    action_std_10                  | 0.0519        |
|    action_std_11                  | 0.052         |
|    action_std_12                  | 0.0519        |
|    action_std_13                  | 0.052         |
|    action_std_14                  | 0.052         |
|    action_std_15                  | 0.0519        |
|    action_std_16                  | 0.052         |
|    action_std_17                  | 0.052         |
|    action_std_18                  | 0.0519        |
|    action_std_19                  | 0.0521        |
|    action_std_20                  | 0.052         |
|    action_std_21                  | 0.052         |
|    action_std_22                  | 0.0521        |
|    action_std_23                  | 0.0519        |
|    action_std_24                  | 0.052         |
|    approx_kl                      | 0.00012321565 |
|    clip_fraction                  | 0             |
|    clip_range                     | 0.1           |
|    clip_range_vf                  | 0.2           |
|    entropy_loss                   | 38.4          |
|    explained_variance             | 0.859         |
|    learning_rate                  | 1e-07         |
|    loss                           | 0.821         |
|    n_updates                      | 1970          |
|    policy_gradient_loss           | -0.000438     |
|    std                            | 0.052         |
|    std_max                        | 0.0521        |
|    std_min                        | 0.0519        |
|    value_loss                     | 0.488         |
-----------------------------------------------------
INFO:root:VecNormalize statistics saved at: ./data/delta_refine_lr1e7/quadruped_ppo_model_ckpt_6000384_vecnormalize.pkl
INFO:root:Model saved at: ./data/delta_refine_lr1e7/quadruped_ppo_model_ckpt_6000384.zip
INFO:root:Checkpoint written at 6000384 timesteps
-----------------------------------------------------
| rollout/                          |               |
|    action_saturation_fraction     | 0             |
|    ep_len_mean                    | 830           |
|    ep_rew_mean                    | 553           |
|    episodes_noforce               | 155           |
|    force_direction_mean           | -1            |
|    force_onset_mean               | 1.39          |
|    force_requested_impulse_mean   | 0             |
|    is_fall_mean                   | 0.355         |
|    is_timeout_mean                | 0.645         |
|    recovery_noforce               | 0.645         |
|    timeout_without_onset_fraction | 0             |
|    timeouts                       | 100           |
| time/                             |               |
|    fps                            | 2149          |
|    iterations                     | 46            |
|    time_elapsed                   | 2804          |
|    total_timesteps                | 6029312       |
| train/                            |               |
|    action_std_00                  | 0.0521        |
|    action_std_01                  | 0.052         |
|    action_std_02                  | 0.0521        |
|    action_std_03                  | 0.0519        |
|    action_std_04                  | 0.052         |
|    action_std_05                  | 0.0521        |
|    action_std_06                  | 0.0519        |
|    action_std_07                  | 0.052         |
|    action_std_08                  | 0.052         |
|    action_std_09                  | 0.052         |
|    action_std_10                  | 0.0519        |
|    action_std_11                  | 0.052         |
|    action_std_12                  | 0.0519        |
|    action_std_13                  | 0.052         |
|    action_std_14                  | 0.052         |
|    action_std_15                  | 0.0519        |
|    action_std_16                  | 0.052         |
|    action_std_17                  | 0.052         |
|    action_std_18                  | 0.0519        |
|    action_std_19                  | 0.0521        |
|    action_std_20                  | 0.052         |
|    action_std_21                  | 0.052         |
|    action_std_22                  | 0.0521        |
|    action_std_23                  | 0.0519        |
|    action_std_24                  | 0.052         |
|    approx_kl                      | 0.00017092531 |
|    clip_fraction                  | 2.29e-06      |
|    clip_range                     | 0.1           |
|    clip_range_vf                  | 0.2           |
|    entropy_loss                   | 38.4          |
|    explained_variance             | 0.868         |
|    learning_rate                  | 1e-07         |
|    loss                           | 0.846         |
|    n_updates                      | 1980          |
|    policy_gradient_loss           | -0.000544     |
|    std                            | 0.052         |
|    std_max                        | 0.0521        |
|    std_min                        | 0.0519        |
|    value_loss                     | 0.477         |
-----------------------------------------------------
[HumanoidEnv] Reset state env_id=0 z=0.32509 rpy=[-0.00303029, -0.0034795, 0.000340398]
[HumanoidEnv] unhealthy terminate at step=927 z=0.19931 rpy=[-1.19903, -0.00565771, -1.68528] v_body=[-0.213365, -0.653418, -0.744139]
------------------------------------------------------
| rollout/                          |                |
|    action_saturation_fraction     | 0              |
|    ep_len_mean                    | 848            |
|    ep_rew_mean                    | 564            |
|    episodes_noforce               | 154            |
|    force_direction_mean           | -1             |
|    force_onset_mean               | 1.4            |
|    force_requested_impulse_mean   | 0              |
|    is_fall_mean                   | 0.331          |
|    is_timeout_mean                | 0.669          |
|    recovery_noforce               | 0.669          |
|    timeout_without_onset_fraction | 0              |
|    timeouts                       | 103            |
| time/                             |                |
|    fps                            | 2149           |
|    iterations                     | 47             |
|    time_elapsed                   | 2866           |
|    total_timesteps                | 6160384        |
| train/                            |                |
|    action_std_00                  | 0.0521         |
|    action_std_01                  | 0.052          |
|    action_std_02                  | 0.0521         |
|    action_std_03                  | 0.0519         |
|    action_std_04                  | 0.052          |
|    action_std_05                  | 0.0521         |
|    action_std_06                  | 0.0519         |
|    action_std_07                  | 0.052          |
|    action_std_08                  | 0.052          |
|    action_std_09                  | 0.052          |
|    action_std_10                  | 0.0519         |
|    action_std_11                  | 0.052          |
|    action_std_12                  | 0.0519         |
|    action_std_13                  | 0.052          |
|    action_std_14                  | 0.052          |
|    action_std_15                  | 0.0519         |
|    action_std_16                  | 0.052          |
|    action_std_17                  | 0.052          |
|    action_std_18                  | 0.0519         |
|    action_std_19                  | 0.0521         |
|    action_std_20                  | 0.052          |
|    action_std_21                  | 0.052          |
|    action_std_22                  | 0.0521         |
|    action_std_23                  | 0.0519         |
|    action_std_24                  | 0.052          |
|    approx_kl                      | 0.000113698195 |
|    clip_fraction                  | 0              |
|    clip_range                     | 0.1            |
|    clip_range_vf                  | 0.2            |
|    entropy_loss                   | 38.4           |
|    explained_variance             | 0.862          |
|    learning_rate                  | 1e-07          |
|    loss                           | 0.832          |
|    n_updates                      | 1990           |
|    policy_gradient_loss           | -0.000425      |
|    std                            | 0.052          |
|    std_max                        | 0.0521         |
|    std_min                        | 0.0519         |
|    value_loss                     | 0.479          |
------------------------------------------------------
-----------------------------------------------------
| rollout/                          |               |
|    action_saturation_fraction     | 0             |
|    ep_len_mean                    | 844           |
|    ep_rew_mean                    | 562           |
|    episodes_noforce               | 152           |
|    force_direction_mean           | -1            |
|    force_onset_mean               | 1.39          |
|    force_requested_impulse_mean   | 0             |
|    is_fall_mean                   | 0.362         |
|    is_timeout_mean                | 0.638         |
|    recovery_noforce               | 0.638         |
|    timeout_without_onset_fraction | 0             |
|    timeouts                       | 97            |
| time/                             |               |
|    fps                            | 2148          |
|    iterations                     | 48            |
|    time_elapsed                   | 2928          |
|    total_timesteps                | 6291456       |
| train/                            |               |
|    action_std_00                  | 0.0521        |
|    action_std_01                  | 0.052         |
|    action_std_02                  | 0.0521        |
|    action_std_03                  | 0.0519        |
|    action_std_04                  | 0.052         |
|    action_std_05                  | 0.0521        |
|    action_std_06                  | 0.0519        |
|    action_std_07                  | 0.052         |
|    action_std_08                  | 0.052         |
|    action_std_09                  | 0.052         |
|    action_std_10                  | 0.0519        |
|    action_std_11                  | 0.052         |
|    action_std_12                  | 0.0519        |
|    action_std_13                  | 0.052         |
|    action_std_14                  | 0.052         |
|    action_std_15                  | 0.0519        |
|    action_std_16                  | 0.052         |
|    action_std_17                  | 0.052         |
|    action_std_18                  | 0.0519        |
|    action_std_19                  | 0.0521        |
|    action_std_20                  | 0.052         |
|    action_std_21                  | 0.052         |
|    action_std_22                  | 0.0521        |
|    action_std_23                  | 0.0519        |
|    action_std_24                  | 0.052         |
|    approx_kl                      | 0.00014193938 |
|    clip_fraction                  | 0             |
|    clip_range                     | 0.1           |
|    clip_range_vf                  | 0.2           |
|    entropy_loss                   | 38.4          |
|    explained_variance             | 0.872         |
|    learning_rate                  | 1e-07         |
|    loss                           | 0.707         |
|    n_updates                      | 2000          |
|    policy_gradient_loss           | -0.000473     |
|    std                            | 0.052         |
|    std_max                        | 0.0521        |
|    std_min                        | 0.0519        |
|    value_loss                     | 0.433         |
-----------------------------------------------------
[HumanoidEnv] Reset state env_id=0 z=0.317782 rpy=[-0.00230652, -0.00261292, 0.000418663]
[HumanoidEnv] unhealthy terminate at step=834 z=0.198043 rpy=[-3.03938, -0.442799, -1.3332] v_body=[-1.69667, -0.357857, 1.37853]
[HumanoidEnv] Reset state env_id=0 z=0.308225 rpy=[-0.00168652, -0.00281647, -1.51938e-05]
[HumanoidEnv] unhealthy terminate at step=404 z=0.199685 rpy=[0.30016, 0.364241, 1.41519] v_body=[0.314455, 0.196763, -0.496546]
-----------------------------------------------------
| rollout/                          |               |
|    action_saturation_fraction     | 0             |
|    ep_len_mean                    | 838           |
|    ep_rew_mean                    | 558           |
|    episodes_noforce               | 152           |
|    force_direction_mean           | -1            |
|    force_onset_mean               | 1.4           |
|    force_requested_impulse_mean   | 0             |
|    is_fall_mean                   | 0.322         |
|    is_timeout_mean                | 0.678         |
|    recovery_noforce               | 0.678         |
|    timeout_without_onset_fraction | 0             |
|    timeouts                       | 103           |
| time/                             |               |
|    fps                            | 2147          |
|    iterations                     | 49            |
|    time_elapsed                   | 2990          |
|    total_timesteps                | 6422528       |
| train/                            |               |
|    action_std_00                  | 0.0521        |
|    action_std_01                  | 0.052         |
|    action_std_02                  | 0.0521        |
|    action_std_03                  | 0.0519        |
|    action_std_04                  | 0.052         |
|    action_std_05                  | 0.0521        |
|    action_std_06                  | 0.0519        |
|    action_std_07                  | 0.052         |
|    action_std_08                  | 0.052         |
|    action_std_09                  | 0.052         |
|    action_std_10                  | 0.0519        |
|    action_std_11                  | 0.052         |
|    action_std_12                  | 0.0519        |
|    action_std_13                  | 0.052         |
|    action_std_14                  | 0.052         |
|    action_std_15                  | 0.0519        |
|    action_std_16                  | 0.052         |
|    action_std_17                  | 0.052         |
|    action_std_18                  | 0.0519        |
|    action_std_19                  | 0.0521        |
|    action_std_20                  | 0.052         |
|    action_std_21                  | 0.052         |
|    action_std_22                  | 0.0521        |
|    action_std_23                  | 0.0519        |
|    action_std_24                  | 0.052         |
|    approx_kl                      | 0.00013828531 |
|    clip_fraction                  | 0             |
|    clip_range                     | 0.1           |
|    clip_range_vf                  | 0.2           |
|    entropy_loss                   | 38.4          |
|    explained_variance             | 0.865         |
|    learning_rate                  | 1e-07         |
|    loss                           | 0.819         |
|    n_updates                      | 2010          |
|    policy_gradient_loss           | -0.000471     |
|    std                            | 0.052         |
|    std_max                        | 0.0521        |
|    std_min                        | 0.0519        |
|    value_loss                     | 0.428         |
-----------------------------------------------------
[HumanoidEnv] Reset state env_id=0 z=0.30783 rpy=[-0.00160419, -0.00173831, 0.000103773]
[HumanoidEnv] unhealthy terminate at step=467 z=0.196839 rpy=[2.42387, 0.485646, -0.971672] v_body=[-0.133723, 0.38637, 0.723434]
-----------------------------------------------------
| rollout/                          |               |
|    action_saturation_fraction     | 0             |
|    ep_len_mean                    | 815           |
|    ep_rew_mean                    | 542           |
|    episodes_noforce               | 166           |
|    force_direction_mean           | -1            |
|    force_onset_mean               | 1.39          |
|    force_requested_impulse_mean   | 0             |
|    is_fall_mean                   | 0.416         |
|    is_timeout_mean                | 0.584         |
|    recovery_noforce               | 0.584         |
|    timeout_without_onset_fraction | 0             |
|    timeouts                       | 97            |
| time/                             |               |
|    fps                            | 2147          |
|    iterations                     | 50            |
|    time_elapsed                   | 3051          |
|    total_timesteps                | 6553600       |
| train/                            |               |
|    action_std_00                  | 0.0521        |
|    action_std_01                  | 0.052         |
|    action_std_02                  | 0.0521        |
|    action_std_03                  | 0.0519        |
|    action_std_04                  | 0.052         |
|    action_std_05                  | 0.0521        |
|    action_std_06                  | 0.0519        |
|    action_std_07                  | 0.052         |
|    action_std_08                  | 0.052         |
|    action_std_09                  | 0.052         |
|    action_std_10                  | 0.0519        |
|    action_std_11                  | 0.052         |
|    action_std_12                  | 0.0519        |
|    action_std_13                  | 0.052         |
|    action_std_14                  | 0.052         |
|    action_std_15                  | 0.0519        |
|    action_std_16                  | 0.052         |
|    action_std_17                  | 0.052         |
|    action_std_18                  | 0.0519        |
|    action_std_19                  | 0.0521        |
|    action_std_20                  | 0.052         |
|    action_std_21                  | 0.052         |
|    action_std_22                  | 0.0521        |
|    action_std_23                  | 0.0519        |
|    action_std_24                  | 0.052         |
|    approx_kl                      | 0.00014159262 |
|    clip_fraction                  | 0             |
|    clip_range                     | 0.1           |
|    clip_range_vf                  | 0.2           |
|    entropy_loss                   | 38.4          |
|    explained_variance             | 0.861         |
|    learning_rate                  | 1e-07         |
|    loss                           | 0.877         |
|    n_updates                      | 2020          |
|    policy_gradient_loss           | -0.000487     |
|    std                            | 0.052         |
|    std_max                        | 0.0521        |
|    std_min                        | 0.0519        |
|    value_loss                     | 0.474         |
-----------------------------------------------------
-----------------------------------------------------
| rollout/                          |               |
|    action_saturation_fraction     | 0             |
|    ep_len_mean                    | 824           |
|    ep_rew_mean                    | 544           |
|    episodes_noforce               | 149           |
|    force_direction_mean           | -1            |
|    force_onset_mean               | 1.39          |
|    force_requested_impulse_mean   | 0             |
|    is_fall_mean                   | 0.383         |
|    is_timeout_mean                | 0.617         |
|    recovery_noforce               | 0.617         |
|    timeout_without_onset_fraction | 0             |
|    timeouts                       | 92            |
| time/                             |               |
|    fps                            | 2147          |
|    iterations                     | 51            |
|    time_elapsed                   | 3113          |
|    total_timesteps                | 6684672       |
| train/                            |               |
|    action_std_00                  | 0.0521        |
|    action_std_01                  | 0.052         |
|    action_std_02                  | 0.0521        |
|    action_std_03                  | 0.0519        |
|    action_std_04                  | 0.052         |
|    action_std_05                  | 0.0521        |
|    action_std_06                  | 0.0519        |
|    action_std_07                  | 0.052         |
|    action_std_08                  | 0.052         |
|    action_std_09                  | 0.052         |
|    action_std_10                  | 0.0519        |
|    action_std_11                  | 0.052         |
|    action_std_12                  | 0.0519        |
|    action_std_13                  | 0.052         |
|    action_std_14                  | 0.052         |
|    action_std_15                  | 0.0519        |
|    action_std_16                  | 0.052         |
|    action_std_17                  | 0.052         |
|    action_std_18                  | 0.0519        |
|    action_std_19                  | 0.0521        |
|    action_std_20                  | 0.052         |
|    action_std_21                  | 0.052         |
|    action_std_22                  | 0.0521        |
|    action_std_23                  | 0.0519        |
|    action_std_24                  | 0.052         |
|    approx_kl                      | 0.00014294113 |
|    clip_fraction                  | 0             |
|    clip_range                     | 0.1           |
|    clip_range_vf                  | 0.2           |
|    entropy_loss                   | 38.4          |
|    explained_variance             | 0.876         |
|    learning_rate                  | 1e-07         |
|    loss                           | 0.893         |
|    n_updates                      | 2030          |
|    policy_gradient_loss           | -0.000451     |
|    std                            | 0.052         |
|    std_max                        | 0.0521        |
|    std_min                        | 0.0519        |
|    value_loss                     | 0.498         |
-----------------------------------------------------
-----------------------------------------------------
| rollout/                          |               |
|    action_saturation_fraction     | 0             |
|    ep_len_mean                    | 861           |
|    ep_rew_mean                    | 576           |
|    episodes_noforce               | 152           |
|    force_direction_mean           | -1            |
|    force_onset_mean               | 1.41          |
|    force_requested_impulse_mean   | 0             |
|    is_fall_mean                   | 0.316         |
|    is_timeout_mean                | 0.684         |
|    recovery_noforce               | 0.684         |
|    timeout_without_onset_fraction | 0             |
|    timeouts                       | 104           |
| time/                             |               |
|    fps                            | 2146          |
|    iterations                     | 52            |
|    time_elapsed                   | 3175          |
|    total_timesteps                | 6815744       |
| train/                            |               |
|    action_std_00                  | 0.0521        |
|    action_std_01                  | 0.052         |
|    action_std_02                  | 0.0521        |
|    action_std_03                  | 0.0519        |
|    action_std_04                  | 0.052         |
|    action_std_05                  | 0.0521        |
|    action_std_06                  | 0.0519        |
|    action_std_07                  | 0.052         |
|    action_std_08                  | 0.052         |
|    action_std_09                  | 0.052         |
|    action_std_10                  | 0.0519        |
|    action_std_11                  | 0.052         |
|    action_std_12                  | 0.0519        |
|    action_std_13                  | 0.052         |
|    action_std_14                  | 0.052         |
|    action_std_15                  | 0.0519        |
|    action_std_16                  | 0.052         |
|    action_std_17                  | 0.052         |
|    action_std_18                  | 0.0519        |
|    action_std_19                  | 0.0521        |
|    action_std_20                  | 0.052         |
|    action_std_21                  | 0.052         |
|    action_std_22                  | 0.0521        |
|    action_std_23                  | 0.0519        |
|    action_std_24                  | 0.052         |
|    approx_kl                      | 0.00011932613 |
|    clip_fraction                  | 0             |
|    clip_range                     | 0.1           |
|    clip_range_vf                  | 0.2           |
|    entropy_loss                   | 38.4          |
|    explained_variance             | 0.875         |
|    learning_rate                  | 1e-07         |
|    loss                           | 0.867         |
|    n_updates                      | 2040          |
|    policy_gradient_loss           | -0.000451     |
|    std                            | 0.052         |
|    std_max                        | 0.0521        |
|    std_min                        | 0.0519        |
|    value_loss                     | 0.458         |
-----------------------------------------------------
-----------------------------------------------------
| rollout/                          |               |
|    action_saturation_fraction     | 0             |
|    ep_len_mean                    | 850           |
|    ep_rew_mean                    | 567           |
|    episodes_noforce               | 152           |
|    force_direction_mean           | -1            |
|    force_onset_mean               | 1.4           |
|    force_requested_impulse_mean   | 0             |
|    is_fall_mean                   | 0.349         |
|    is_timeout_mean                | 0.651         |
|    recovery_noforce               | 0.651         |
|    timeout_without_onset_fraction | 0             |
|    timeouts                       | 99            |
| time/                             |               |
|    fps                            | 2146          |
|    iterations                     | 53            |
|    time_elapsed                   | 3236          |
|    total_timesteps                | 6946816       |
| train/                            |               |
|    action_std_00                  | 0.0521        |
|    action_std_01                  | 0.052         |
|    action_std_02                  | 0.0521        |
|    action_std_03                  | 0.0519        |
|    action_std_04                  | 0.052         |
|    action_std_05                  | 0.0521        |
|    action_std_06                  | 0.0519        |
|    action_std_07                  | 0.052         |
|    action_std_08                  | 0.052         |
|    action_std_09                  | 0.052         |
|    action_std_10                  | 0.0519        |
|    action_std_11                  | 0.052         |
|    action_std_12                  | 0.0519        |
|    action_std_13                  | 0.052         |
|    action_std_14                  | 0.052         |
|    action_std_15                  | 0.0519        |
|    action_std_16                  | 0.052         |
|    action_std_17                  | 0.052         |
|    action_std_18                  | 0.0519        |
|    action_std_19                  | 0.0521        |
|    action_std_20                  | 0.052         |
|    action_std_21                  | 0.052         |
|    action_std_22                  | 0.0521        |
|    action_std_23                  | 0.0519        |
|    action_std_24                  | 0.052         |
|    approx_kl                      | 0.00015028888 |
|    clip_fraction                  | 2.29e-06      |
|    clip_range                     | 0.1           |
|    clip_range_vf                  | 0.2           |
|    entropy_loss                   | 38.4          |
|    explained_variance             | 0.863         |
|    learning_rate                  | 1e-07         |
|    loss                           | 0.941         |
|    n_updates                      | 2050          |
|    policy_gradient_loss           | -0.000501     |
|    std                            | 0.052         |
|    std_max                        | 0.0521        |
|    std_min                        | 0.0519        |
|    value_loss                     | 0.423         |
-----------------------------------------------------
---------------------------------------------------
| rollout/                          |             |
|    action_saturation_fraction     | 0           |
|    ep_len_mean                    | 802         |
|    ep_rew_mean                    | 531         |
|    episodes_noforce               | 169         |
|    force_direction_mean           | -1          |
|    force_onset_mean               | 1.39        |
|    force_requested_impulse_mean   | 0           |
|    is_fall_mean                   | 0.379       |
|    is_timeout_mean                | 0.621       |
|    recovery_noforce               | 0.621       |
|    timeout_without_onset_fraction | 0           |
|    timeouts                       | 105         |
| time/                             |             |
|    fps                            | 2145        |
|    iterations                     | 54          |
|    time_elapsed                   | 3298        |
|    total_timesteps                | 7077888     |
| train/                            |             |
|    action_std_00                  | 0.0521      |
|    action_std_01                  | 0.052       |
|    action_std_02                  | 0.0521      |
|    action_std_03                  | 0.0519      |
|    action_std_04                  | 0.052       |
|    action_std_05                  | 0.0521      |
|    action_std_06                  | 0.0519      |
|    action_std_07                  | 0.052       |
|    action_std_08                  | 0.052       |
|    action_std_09                  | 0.052       |
|    action_std_10                  | 0.0519      |
|    action_std_11                  | 0.052       |
|    action_std_12                  | 0.0519      |
|    action_std_13                  | 0.052       |
|    action_std_14                  | 0.052       |
|    action_std_15                  | 0.0519      |
|    action_std_16                  | 0.052       |
|    action_std_17                  | 0.052       |
|    action_std_18                  | 0.0519      |
|    action_std_19                  | 0.0521      |
|    action_std_20                  | 0.052       |
|    action_std_21                  | 0.052       |
|    action_std_22                  | 0.0521      |
|    action_std_23                  | 0.0519      |
|    action_std_24                  | 0.052       |
|    approx_kl                      | 0.000154401 |
|    clip_fraction                  | 7.63e-07    |
|    clip_range                     | 0.1         |
|    clip_range_vf                  | 0.2         |
|    entropy_loss                   | 38.4        |
|    explained_variance             | 0.856       |
|    learning_rate                  | 1e-07       |
|    loss                           | 0.799       |
|    n_updates                      | 2060        |
|    policy_gradient_loss           | -0.000491   |
|    std                            | 0.052       |
|    std_max                        | 0.0521      |
|    std_min                        | 0.0519      |
|    value_loss                     | 0.438       |
---------------------------------------------------
-----------------------------------------------------
| rollout/                          |               |
|    action_saturation_fraction     | 0             |
|    ep_len_mean                    | 805           |
|    ep_rew_mean                    | 532           |
|    episodes_noforce               | 152           |
|    force_direction_mean           | -1            |
|    force_onset_mean               | 1.41          |
|    force_requested_impulse_mean   | 0             |
|    is_fall_mean                   | 0.434         |
|    is_timeout_mean                | 0.566         |
|    recovery_noforce               | 0.566         |
|    timeout_without_onset_fraction | 0             |
|    timeouts                       | 86            |
| time/                             |               |
|    fps                            | 2145          |
|    iterations                     | 55            |
|    time_elapsed                   | 3360          |
|    total_timesteps                | 7208960       |
| train/                            |               |
|    action_std_00                  | 0.0521        |
|    action_std_01                  | 0.052         |
|    action_std_02                  | 0.0521        |
|    action_std_03                  | 0.0519        |
|    action_std_04                  | 0.052         |
|    action_std_05                  | 0.0521        |
|    action_std_06                  | 0.0519        |
|    action_std_07                  | 0.052         |
|    action_std_08                  | 0.052         |
|    action_std_09                  | 0.052         |
|    action_std_10                  | 0.0519        |
|    action_std_11                  | 0.052         |
|    action_std_12                  | 0.0519        |
|    action_std_13                  | 0.052         |
|    action_std_14                  | 0.052         |
|    action_std_15                  | 0.0519        |
|    action_std_16                  | 0.052         |
|    action_std_17                  | 0.052         |
|    action_std_18                  | 0.0519        |
|    action_std_19                  | 0.0521        |
|    action_std_20                  | 0.052         |
|    action_std_21                  | 0.052         |
|    action_std_22                  | 0.0521        |
|    action_std_23                  | 0.0519        |
|    action_std_24                  | 0.052         |
|    approx_kl                      | 0.00012874234 |
|    clip_fraction                  | 7.63e-07      |
|    clip_range                     | 0.1           |
|    clip_range_vf                  | 0.2           |
|    entropy_loss                   | 38.4          |
|    explained_variance             | 0.882         |
|    learning_rate                  | 1e-07         |
|    loss                           | 0.783         |
|    n_updates                      | 2070          |
|    policy_gradient_loss           | -0.000472     |
|    std                            | 0.052         |
|    std_max                        | 0.0521        |
|    std_min                        | 0.0519        |
|    value_loss                     | 0.468         |
-----------------------------------------------------
----------------------------------------------------
| rollout/                          |              |
|    action_saturation_fraction     | 0            |
|    ep_len_mean                    | 818          |
|    ep_rew_mean                    | 538          |
|    episodes_noforce               | 153          |
|    force_direction_mean           | -1           |
|    force_onset_mean               | 1.38         |
|    force_requested_impulse_mean   | 0            |
|    is_fall_mean                   | 0.405        |
|    is_timeout_mean                | 0.595        |
|    recovery_noforce               | 0.595        |
|    timeout_without_onset_fraction | 0            |
|    timeouts                       | 91           |
| time/                             |              |
|    fps                            | 2145         |
|    iterations                     | 56           |
|    time_elapsed                   | 3421         |
|    total_timesteps                | 7340032      |
| train/                            |              |
|    action_std_00                  | 0.0521       |
|    action_std_01                  | 0.052        |
|    action_std_02                  | 0.0521       |
|    action_std_03                  | 0.0519       |
|    action_std_04                  | 0.052        |
|    action_std_05                  | 0.0521       |
|    action_std_06                  | 0.0519       |
|    action_std_07                  | 0.052        |
|    action_std_08                  | 0.052        |
|    action_std_09                  | 0.052        |
|    action_std_10                  | 0.0519       |
|    action_std_11                  | 0.052        |
|    action_std_12                  | 0.0519       |
|    action_std_13                  | 0.052        |
|    action_std_14                  | 0.052        |
|    action_std_15                  | 0.0519       |
|    action_std_16                  | 0.052        |
|    action_std_17                  | 0.052        |
|    action_std_18                  | 0.0519       |
|    action_std_19                  | 0.0521       |
|    action_std_20                  | 0.052        |
|    action_std_21                  | 0.052        |
|    action_std_22                  | 0.0521       |
|    action_std_23                  | 0.0519       |
|    action_std_24                  | 0.052        |
|    approx_kl                      | 0.0001179816 |
|    clip_fraction                  | 0            |
|    clip_range                     | 0.1          |
|    clip_range_vf                  | 0.2          |
|    entropy_loss                   | 38.4         |
|    explained_variance             | 0.876        |
|    learning_rate                  | 1e-07        |
|    loss                           | 0.911        |
|    n_updates                      | 2080         |
|    policy_gradient_loss           | -0.000459    |
|    std                            | 0.052        |
|    std_max                        | 0.0521       |
|    std_min                        | 0.0519       |
|    value_loss                     | 0.479        |
----------------------------------------------------
----------------------------------------------------
| rollout/                          |              |
|    action_saturation_fraction     | 0            |
|    ep_len_mean                    | 852          |
|    ep_rew_mean                    | 570          |
|    episodes_noforce               | 162          |
|    force_direction_mean           | -1           |
|    force_onset_mean               | 1.39         |
|    force_requested_impulse_mean   | 0            |
|    is_fall_mean                   | 0.389        |
|    is_timeout_mean                | 0.611        |
|    recovery_noforce               | 0.611        |
|    timeout_without_onset_fraction | 0            |
|    timeouts                       | 99           |
| time/                             |              |
|    fps                            | 2144         |
|    iterations                     | 57           |
|    time_elapsed                   | 3483         |
|    total_timesteps                | 7471104      |
| train/                            |              |
|    action_std_00                  | 0.0521       |
|    action_std_01                  | 0.052        |
|    action_std_02                  | 0.0521       |
|    action_std_03                  | 0.0519       |
|    action_std_04                  | 0.052        |
|    action_std_05                  | 0.0521       |
|    action_std_06                  | 0.0519       |
|    action_std_07                  | 0.052        |
|    action_std_08                  | 0.052        |
|    action_std_09                  | 0.052        |
|    action_std_10                  | 0.0519       |
|    action_std_11                  | 0.052        |
|    action_std_12                  | 0.0519       |
|    action_std_13                  | 0.052        |
|    action_std_14                  | 0.052        |
|    action_std_15                  | 0.0519       |
|    action_std_16                  | 0.052        |
|    action_std_17                  | 0.052        |
|    action_std_18                  | 0.0519       |
|    action_std_19                  | 0.0521       |
|    action_std_20                  | 0.052        |
|    action_std_21                  | 0.052        |
|    action_std_22                  | 0.0521       |
|    action_std_23                  | 0.0519       |
|    action_std_24                  | 0.052        |
|    approx_kl                      | 0.0001264887 |
|    clip_fraction                  | 0            |
|    clip_range                     | 0.1          |
|    clip_range_vf                  | 0.2          |
|    entropy_loss                   | 38.4         |
|    explained_variance             | 0.876        |
|    learning_rate                  | 1e-07        |
|    loss                           | 0.852        |
|    n_updates                      | 2090         |
|    policy_gradient_loss           | -0.000433    |
|    std                            | 0.052        |
|    std_max                        | 0.0521       |
|    std_min                        | 0.0519       |
|    value_loss                     | 0.495        |
----------------------------------------------------
----------------------------------------------------
| rollout/                          |              |
|    action_saturation_fraction     | 0            |
|    ep_len_mean                    | 814          |
|    ep_rew_mean                    | 541          |
|    episodes_noforce               | 150          |
|    force_direction_mean           | -1           |
|    force_onset_mean               | 1.4          |
|    force_requested_impulse_mean   | 0            |
|    is_fall_mean                   | 0.42         |
|    is_timeout_mean                | 0.58         |
|    recovery_noforce               | 0.58         |
|    timeout_without_onset_fraction | 0            |
|    timeouts                       | 87           |
| time/                             |              |
|    fps                            | 2144         |
|    iterations                     | 58           |
|    time_elapsed                   | 3545         |
|    total_timesteps                | 7602176      |
| train/                            |              |
|    action_std_00                  | 0.0521       |
|    action_std_01                  | 0.052        |
|    action_std_02                  | 0.0521       |
|    action_std_03                  | 0.0519       |
|    action_std_04                  | 0.052        |
|    action_std_05                  | 0.0521       |
|    action_std_06                  | 0.0519       |
|    action_std_07                  | 0.052        |
|    action_std_08                  | 0.052        |
|    action_std_09                  | 0.052        |
|    action_std_10                  | 0.0519       |
|    action_std_11                  | 0.052        |
|    action_std_12                  | 0.0519       |
|    action_std_13                  | 0.052        |
|    action_std_14                  | 0.052        |
|    action_std_15                  | 0.0519       |
|    action_std_16                  | 0.052        |
|    action_std_17                  | 0.052        |
|    action_std_18                  | 0.0519       |
|    action_std_19                  | 0.0521       |
|    action_std_20                  | 0.052        |
|    action_std_21                  | 0.052        |
|    action_std_22                  | 0.0521       |
|    action_std_23                  | 0.0519       |
|    action_std_24                  | 0.052        |
|    approx_kl                      | 0.0001356827 |
|    clip_fraction                  | 0            |
|    clip_range                     | 0.1          |
|    clip_range_vf                  | 0.2          |
|    entropy_loss                   | 38.4         |
|    explained_variance             | 0.867        |
|    learning_rate                  | 1e-07        |
|    loss                           | 0.897        |
|    n_updates                      | 2100         |
|    policy_gradient_loss           | -0.000438    |
|    std                            | 0.052        |
|    std_max                        | 0.0521       |
|    std_min                        | 0.0519       |
|    value_loss                     | 0.477        |
----------------------------------------------------
[HumanoidEnv] Reset state env_id=0 z=0.30517 rpy=[-0.00170904, -0.00223464, 0.000381288]
[HumanoidEnv] Reset state env_id=0 z=0.270239 rpy=[-0.0023882, 0.000185592, 0.000791148]
[HumanoidEnv] Reset state env_id=0 z=0.302195 rpy=[-0.00171159, -0.00143782, 0.000466453]
[HumanoidEnv] Reset state env_id=0 z=0.327203 rpy=[0.00193937, -0.00255331, -4.61796e-05]
[HumanoidEnv] Reset state env_id=0 z=0.29378 rpy=[-0.000372245, -0.00189964, 0.000510448]
[HumanoidEnv] unhealthy terminate at step=517 z=0.192976 rpy=[2.86046, 0.429288, 0.375108] v_body=[-0.232645, 0.632528, 0.941662]
-----------------------------------------------------
| rollout/                          |               |
|    action_saturation_fraction     | 0             |
|    ep_len_mean                    | 895           |
|    ep_rew_mean                    | 595           |
|    episodes_noforce               | 160           |
|    force_direction_mean           | -1            |
|    force_onset_mean               | 1.41          |
|    force_requested_impulse_mean   | 0             |
|    is_fall_mean                   | 0.319         |
|    is_timeout_mean                | 0.681         |
|    recovery_noforce               | 0.681         |
|    timeout_without_onset_fraction | 0             |
|    timeouts                       | 109           |
| time/                             |               |
|    fps                            | 2143          |
|    iterations                     | 59            |
|    time_elapsed                   | 3607          |
|    total_timesteps                | 7733248       |
| train/                            |               |
|    action_std_00                  | 0.0521        |
|    action_std_01                  | 0.052         |
|    action_std_02                  | 0.0521        |
|    action_std_03                  | 0.0519        |
|    action_std_04                  | 0.052         |
|    action_std_05                  | 0.0521        |
|    action_std_06                  | 0.0519        |
|    action_std_07                  | 0.052         |
|    action_std_08                  | 0.052         |
|    action_std_09                  | 0.052         |
|    action_std_10                  | 0.0519        |
|    action_std_11                  | 0.052         |
|    action_std_12                  | 0.0519        |
|    action_std_13                  | 0.052         |
|    action_std_14                  | 0.052         |
|    action_std_15                  | 0.0519        |
|    action_std_16                  | 0.052         |
|    action_std_17                  | 0.052         |
|    action_std_18                  | 0.0519        |
|    action_std_19                  | 0.0521        |
|    action_std_20                  | 0.052         |
|    action_std_21                  | 0.052         |
|    action_std_22                  | 0.0521        |
|    action_std_23                  | 0.0519        |
|    action_std_24                  | 0.052         |
|    approx_kl                      | 0.00013489921 |
|    clip_fraction                  | 0             |
|    clip_range                     | 0.1           |
|    clip_range_vf                  | 0.2           |
|    entropy_loss                   | 38.4          |
|    explained_variance             | 0.872         |
|    learning_rate                  | 1e-07         |
|    loss                           | 0.799         |
|    n_updates                      | 2110          |
|    policy_gradient_loss           | -0.000485     |
|    std                            | 0.052         |
|    std_max                        | 0.0521        |
|    std_min                        | 0.0519        |
|    value_loss                     | 0.474         |
-----------------------------------------------------
----------------------------------------------------
| rollout/                          |              |
|    action_saturation_fraction     | 0            |
|    ep_len_mean                    | 820          |
|    ep_rew_mean                    | 543          |
|    episodes_noforce               | 149          |
|    force_direction_mean           | -1           |
|    force_onset_mean               | 1.39         |
|    force_requested_impulse_mean   | 0            |
|    is_fall_mean                   | 0.383        |
|    is_timeout_mean                | 0.617        |
|    recovery_noforce               | 0.617        |
|    timeout_without_onset_fraction | 0            |
|    timeouts                       | 92           |
| time/                             |              |
|    fps                            | 2143         |
|    iterations                     | 60           |
|    time_elapsed                   | 3668         |
|    total_timesteps                | 7864320      |
| train/                            |              |
|    action_std_00                  | 0.0521       |
|    action_std_01                  | 0.052        |
|    action_std_02                  | 0.0521       |
|    action_std_03                  | 0.0519       |
|    action_std_04                  | 0.052        |
|    action_std_05                  | 0.0521       |
|    action_std_06                  | 0.0519       |
|    action_std_07                  | 0.052        |
|    action_std_08                  | 0.052        |
|    action_std_09                  | 0.052        |
|    action_std_10                  | 0.0519       |
|    action_std_11                  | 0.052        |
|    action_std_12                  | 0.0519       |
|    action_std_13                  | 0.052        |
|    action_std_14                  | 0.052        |
|    action_std_15                  | 0.0519       |
|    action_std_16                  | 0.052        |
|    action_std_17                  | 0.052        |
|    action_std_18                  | 0.0519       |
|    action_std_19                  | 0.0521       |
|    action_std_20                  | 0.052        |
|    action_std_21                  | 0.052        |
|    action_std_22                  | 0.0521       |
|    action_std_23                  | 0.0519       |
|    action_std_24                  | 0.052        |
|    approx_kl                      | 0.0001276405 |
|    clip_fraction                  | 0            |
|    clip_range                     | 0.1          |
|    clip_range_vf                  | 0.2          |
|    entropy_loss                   | 38.4         |
|    explained_variance             | 0.869        |
|    learning_rate                  | 1e-07        |
|    loss                           | 0.829        |
|    n_updates                      | 2120         |
|    policy_gradient_loss           | -0.000474    |
|    std                            | 0.052        |
|    std_max                        | 0.0521       |
|    std_min                        | 0.0519       |
|    value_loss                     | 0.439        |
----------------------------------------------------
----------------------------------------------------
| rollout/                          |              |
|    action_saturation_fraction     | 0            |
|    ep_len_mean                    | 838          |
|    ep_rew_mean                    | 558          |
|    episodes_noforce               | 164          |
|    force_direction_mean           | -1           |
|    force_onset_mean               | 1.4          |
|    force_requested_impulse_mean   | 0            |
|    is_fall_mean                   | 0.341        |
|    is_timeout_mean                | 0.659        |
|    recovery_noforce               | 0.659        |
|    timeout_without_onset_fraction | 0            |
|    timeouts                       | 108          |
| time/                             |              |
|    fps                            | 2143         |
|    iterations                     | 61           |
|    time_elapsed                   | 3729         |
|    total_timesteps                | 7995392      |
| train/                            |              |
|    action_std_00                  | 0.0521       |
|    action_std_01                  | 0.052        |
|    action_std_02                  | 0.0521       |
|    action_std_03                  | 0.0519       |
|    action_std_04                  | 0.052        |
|    action_std_05                  | 0.0521       |
|    action_std_06                  | 0.0519       |
|    action_std_07                  | 0.052        |
|    action_std_08                  | 0.052        |
|    action_std_09                  | 0.052        |
|    action_std_10                  | 0.0519       |
|    action_std_11                  | 0.052        |
|    action_std_12                  | 0.0519       |
|    action_std_13                  | 0.052        |
|    action_std_14                  | 0.052        |
|    action_std_15                  | 0.0519       |
|    action_std_16                  | 0.052        |
|    action_std_17                  | 0.052        |
|    action_std_18                  | 0.0519       |
|    action_std_19                  | 0.0521       |
|    action_std_20                  | 0.052        |
|    action_std_21                  | 0.052        |
|    action_std_22                  | 0.0521       |
|    action_std_23                  | 0.0519       |
|    action_std_24                  | 0.052        |
|    approx_kl                      | 0.0001633792 |
|    clip_fraction                  | 2.29e-06     |
|    clip_range                     | 0.1          |
|    clip_range_vf                  | 0.2          |
|    entropy_loss                   | 38.4         |
|    explained_variance             | 0.856        |
|    learning_rate                  | 1e-07        |
|    loss                           | 0.935        |
|    n_updates                      | 2130         |
|    policy_gradient_loss           | -0.000488    |
|    std                            | 0.052        |
|    std_max                        | 0.0521       |
|    std_min                        | 0.0519       |
|    value_loss                     | 0.494        |
----------------------------------------------------
INFO:root:VecNormalize statistics saved at: ./data/delta_refine_lr1e7/quadruped_ppo_model_ckpt_8000512_vecnormalize.pkl
INFO:root:Model saved at: ./data/delta_refine_lr1e7/quadruped_ppo_model_ckpt_8000512.zip
INFO:root:Checkpoint written at 8000512 timesteps
----------------------------------------------------
| rollout/                          |              |
|    action_saturation_fraction     | 0            |
|    ep_len_mean                    | 801          |
|    ep_rew_mean                    | 535          |
|    episodes_noforce               | 158          |
|    force_direction_mean           | -1           |
|    force_onset_mean               | 1.42         |
|    force_requested_impulse_mean   | 0            |
|    is_fall_mean                   | 0.392        |
|    is_timeout_mean                | 0.608        |
|    recovery_noforce               | 0.608        |
|    timeout_without_onset_fraction | 0            |
|    timeouts                       | 96           |
| time/                             |              |
|    fps                            | 2143         |
|    iterations                     | 62           |
|    time_elapsed                   | 3791         |
|    total_timesteps                | 8126464      |
| train/                            |              |
|    action_std_00                  | 0.0521       |
|    action_std_01                  | 0.052        |
|    action_std_02                  | 0.0521       |
|    action_std_03                  | 0.0519       |
|    action_std_04                  | 0.052        |
|    action_std_05                  | 0.0521       |
|    action_std_06                  | 0.0519       |
|    action_std_07                  | 0.052        |
|    action_std_08                  | 0.052        |
|    action_std_09                  | 0.052        |
|    action_std_10                  | 0.0519       |
|    action_std_11                  | 0.052        |
|    action_std_12                  | 0.0519       |
|    action_std_13                  | 0.052        |
|    action_std_14                  | 0.052        |
|    action_std_15                  | 0.0519       |
|    action_std_16                  | 0.052        |
|    action_std_17                  | 0.052        |
|    action_std_18                  | 0.0519       |
|    action_std_19                  | 0.0521       |
|    action_std_20                  | 0.052        |
|    action_std_21                  | 0.052        |
|    action_std_22                  | 0.0521       |
|    action_std_23                  | 0.0519       |
|    action_std_24                  | 0.052        |
|    approx_kl                      | 0.0001356519 |
|    clip_fraction                  | 0            |
|    clip_range                     | 0.1          |
|    clip_range_vf                  | 0.2          |
|    entropy_loss                   | 38.4         |
|    explained_variance             | 0.876        |
|    learning_rate                  | 1e-07        |
|    loss                           | 0.82         |
|    n_updates                      | 2140         |
|    policy_gradient_loss           | -0.000448    |
|    std                            | 0.052        |
|    std_max                        | 0.0521       |
|    std_min                        | 0.0519       |
|    value_loss                     | 0.424        |
----------------------------------------------------
[HumanoidEnv] Reset state env_id=0 z=0.299755 rpy=[-0.00199043, 0.000247271, 0.000283789]
[HumanoidEnv] Reset state env_id=0 z=0.297688 rpy=[-0.0011164, -0.00166428, 0.000355287]
[HumanoidEnv] unhealthy terminate at step=870 z=0.19855 rpy=[0.741615, 0.304956, -0.746831] v_body=[0.334069, 0.365791, 0.143775]
-----------------------------------------------------
| rollout/                          |               |
|    action_saturation_fraction     | 0             |
|    ep_len_mean                    | 838           |
|    ep_rew_mean                    | 554           |
|    episodes_noforce               | 151           |
|    force_direction_mean           | -1            |
|    force_onset_mean               | 1.42          |
|    force_requested_impulse_mean   | 0             |
|    is_fall_mean                   | 0.364         |
|    is_timeout_mean                | 0.636         |
|    recovery_noforce               | 0.636         |
|    timeout_without_onset_fraction | 0             |
|    timeouts                       | 96            |
| time/                             |               |
|    fps                            | 2143          |
|    iterations                     | 63            |
|    time_elapsed                   | 3852          |
|    total_timesteps                | 8257536       |
| train/                            |               |
|    action_std_00                  | 0.0521        |
|    action_std_01                  | 0.052         |
|    action_std_02                  | 0.0521        |
|    action_std_03                  | 0.0519        |
|    action_std_04                  | 0.052         |
|    action_std_05                  | 0.0521        |
|    action_std_06                  | 0.0519        |
|    action_std_07                  | 0.052         |
|    action_std_08                  | 0.052         |
|    action_std_09                  | 0.052         |
|    action_std_10                  | 0.0519        |
|    action_std_11                  | 0.052         |
|    action_std_12                  | 0.0519        |
|    action_std_13                  | 0.052         |
|    action_std_14                  | 0.052         |
|    action_std_15                  | 0.0519        |
|    action_std_16                  | 0.052         |
|    action_std_17                  | 0.052         |
|    action_std_18                  | 0.0519        |
|    action_std_19                  | 0.0521        |
|    action_std_20                  | 0.052         |
|    action_std_21                  | 0.052         |
|    action_std_22                  | 0.0521        |
|    action_std_23                  | 0.0519        |
|    action_std_24                  | 0.052         |
|    approx_kl                      | 0.00013704176 |
|    clip_fraction                  | 7.63e-07      |
|    clip_range                     | 0.1           |
|    clip_range_vf                  | 0.2           |
|    entropy_loss                   | 38.4          |
|    explained_variance             | 0.872         |
|    learning_rate                  | 1e-07         |
|    loss                           | 0.845         |
|    n_updates                      | 2150          |
|    policy_gradient_loss           | -0.000476     |
|    std                            | 0.052         |
|    std_max                        | 0.0521        |
|    std_min                        | 0.0519        |
|    value_loss                     | 0.502         |
-----------------------------------------------------
----------------------------------------------------
| rollout/                          |              |
|    action_saturation_fraction     | 0            |
|    ep_len_mean                    | 835          |
|    ep_rew_mean                    | 554          |
|    episodes_noforce               | 165          |
|    force_direction_mean           | -1           |
|    force_onset_mean               | 1.38         |
|    force_requested_impulse_mean   | 0            |
|    is_fall_mean                   | 0.4          |
|    is_timeout_mean                | 0.6          |
|    recovery_noforce               | 0.6          |
|    timeout_without_onset_fraction | 0            |
|    timeouts                       | 99           |
| time/                             |              |
|    fps                            | 2143         |
|    iterations                     | 64           |
|    time_elapsed                   | 3914         |
|    total_timesteps                | 8388608      |
| train/                            |              |
|    action_std_00                  | 0.0521       |
|    action_std_01                  | 0.052        |
|    action_std_02                  | 0.0521       |
|    action_std_03                  | 0.0519       |
|    action_std_04                  | 0.052        |
|    action_std_05                  | 0.0521       |
|    action_std_06                  | 0.0519       |
|    action_std_07                  | 0.052        |
|    action_std_08                  | 0.052        |
|    action_std_09                  | 0.052        |
|    action_std_10                  | 0.0519       |
|    action_std_11                  | 0.052        |
|    action_std_12                  | 0.0519       |
|    action_std_13                  | 0.052        |
|    action_std_14                  | 0.052        |
|    action_std_15                  | 0.0519       |
|    action_std_16                  | 0.052        |
|    action_std_17                  | 0.052        |
|    action_std_18                  | 0.0519       |
|    action_std_19                  | 0.0521       |
|    action_std_20                  | 0.052        |
|    action_std_21                  | 0.052        |
|    action_std_22                  | 0.0521       |
|    action_std_23                  | 0.0519       |
|    action_std_24                  | 0.052        |
|    approx_kl                      | 0.0001372294 |
|    clip_fraction                  | 0            |
|    clip_range                     | 0.1          |
|    clip_range_vf                  | 0.2          |
|    entropy_loss                   | 38.4         |
|    explained_variance             | 0.87         |
|    learning_rate                  | 1e-07        |
|    loss                           | 0.807        |
|    n_updates                      | 2160         |
|    policy_gradient_loss           | -0.000498    |
|    std                            | 0.052        |
|    std_max                        | 0.0521       |
|    std_min                        | 0.0519       |
|    value_loss                     | 0.464        |
----------------------------------------------------
-----------------------------------------------------
| rollout/                          |               |
|    action_saturation_fraction     | 0             |
|    ep_len_mean                    | 834           |
|    ep_rew_mean                    | 555           |
|    episodes_noforce               | 147           |
|    force_direction_mean           | -1            |
|    force_onset_mean               | 1.39          |
|    force_requested_impulse_mean   | 0             |
|    is_fall_mean                   | 0.408         |
|    is_timeout_mean                | 0.592         |
|    recovery_noforce               | 0.592         |
|    timeout_without_onset_fraction | 0             |
|    timeouts                       | 87            |
| time/                             |               |
|    fps                            | 2143          |
|    iterations                     | 65            |
|    time_elapsed                   | 3975          |
|    total_timesteps                | 8519680       |
| train/                            |               |
|    action_std_00                  | 0.0521        |
|    action_std_01                  | 0.052         |
|    action_std_02                  | 0.0521        |
|    action_std_03                  | 0.0519        |
|    action_std_04                  | 0.052         |
|    action_std_05                  | 0.0521        |
|    action_std_06                  | 0.0519        |
|    action_std_07                  | 0.052         |
|    action_std_08                  | 0.052         |
|    action_std_09                  | 0.052         |
|    action_std_10                  | 0.0519        |
|    action_std_11                  | 0.052         |
|    action_std_12                  | 0.0519        |
|    action_std_13                  | 0.052         |
|    action_std_14                  | 0.052         |
|    action_std_15                  | 0.0519        |
|    action_std_16                  | 0.052         |
|    action_std_17                  | 0.052         |
|    action_std_18                  | 0.0519        |
|    action_std_19                  | 0.0521        |
|    action_std_20                  | 0.052         |
|    action_std_21                  | 0.052         |
|    action_std_22                  | 0.0521        |
|    action_std_23                  | 0.0519        |
|    action_std_24                  | 0.052         |
|    approx_kl                      | 0.00013991678 |
|    clip_fraction                  | 2.29e-06      |
|    clip_range                     | 0.1           |
|    clip_range_vf                  | 0.2           |
|    entropy_loss                   | 38.4          |
|    explained_variance             | 0.881         |
|    learning_rate                  | 1e-07         |
|    loss                           | 0.936         |
|    n_updates                      | 2170          |
|    policy_gradient_loss           | -0.000502     |
|    std                            | 0.052         |
|    std_max                        | 0.0521        |
|    std_min                        | 0.0519        |
|    value_loss                     | 0.52          |
-----------------------------------------------------
-----------------------------------------------------
| rollout/                          |               |
|    action_saturation_fraction     | 0             |
|    ep_len_mean                    | 857           |
|    ep_rew_mean                    | 576           |
|    episodes_noforce               | 163           |
|    force_direction_mean           | -1            |
|    force_onset_mean               | 1.36          |
|    force_requested_impulse_mean   | 0             |
|    is_fall_mean                   | 0.331         |
|    is_timeout_mean                | 0.669         |
|    recovery_noforce               | 0.669         |
|    timeout_without_onset_fraction | 0             |
|    timeouts                       | 109           |
| time/                             |               |
|    fps                            | 2143          |
|    iterations                     | 66            |
|    time_elapsed                   | 4036          |
|    total_timesteps                | 8650752       |
| train/                            |               |
|    action_std_00                  | 0.0521        |
|    action_std_01                  | 0.052         |
|    action_std_02                  | 0.0521        |
|    action_std_03                  | 0.0519        |
|    action_std_04                  | 0.052         |
|    action_std_05                  | 0.0521        |
|    action_std_06                  | 0.0519        |
|    action_std_07                  | 0.052         |
|    action_std_08                  | 0.052         |
|    action_std_09                  | 0.052         |
|    action_std_10                  | 0.0519        |
|    action_std_11                  | 0.052         |
|    action_std_12                  | 0.0519        |
|    action_std_13                  | 0.052         |
|    action_std_14                  | 0.052         |
|    action_std_15                  | 0.0519        |
|    action_std_16                  | 0.052         |
|    action_std_17                  | 0.052         |
|    action_std_18                  | 0.0519        |
|    action_std_19                  | 0.0521        |
|    action_std_20                  | 0.052         |
|    action_std_21                  | 0.052         |
|    action_std_22                  | 0.0521        |
|    action_std_23                  | 0.0519        |
|    action_std_24                  | 0.052         |
|    approx_kl                      | 0.00015316907 |
|    clip_fraction                  | 1.53e-06      |
|    clip_range                     | 0.1           |
|    clip_range_vf                  | 0.2           |
|    entropy_loss                   | 38.4          |
|    explained_variance             | 0.873         |
|    learning_rate                  | 1e-07         |
|    loss                           | 0.787         |
|    n_updates                      | 2180          |
|    policy_gradient_loss           | -0.000476     |
|    std                            | 0.052         |
|    std_max                        | 0.0521        |
|    std_min                        | 0.0519        |
|    value_loss                     | 0.46          |
-----------------------------------------------------
----------------------------------------------------
| rollout/                          |              |
|    action_saturation_fraction     | 0            |
|    ep_len_mean                    | 799          |
|    ep_rew_mean                    | 526          |
|    episodes_noforce               | 154          |
|    force_direction_mean           | -1           |
|    force_onset_mean               | 1.39         |
|    force_requested_impulse_mean   | 0            |
|    is_fall_mean                   | 0.448        |
|    is_timeout_mean                | 0.552        |
|    recovery_noforce               | 0.552        |
|    timeout_without_onset_fraction | 0            |
|    timeouts                       | 85           |
| time/                             |              |
|    fps                            | 2142         |
|    iterations                     | 67           |
|    time_elapsed                   | 4098         |
|    total_timesteps                | 8781824      |
| train/                            |              |
|    action_std_00                  | 0.0521       |
|    action_std_01                  | 0.052        |
|    action_std_02                  | 0.0521       |
|    action_std_03                  | 0.0519       |
|    action_std_04                  | 0.052        |
|    action_std_05                  | 0.0521       |
|    action_std_06                  | 0.0519       |
|    action_std_07                  | 0.052        |
|    action_std_08                  | 0.052        |
|    action_std_09                  | 0.052        |
|    action_std_10                  | 0.0519       |
|    action_std_11                  | 0.052        |
|    action_std_12                  | 0.0519       |
|    action_std_13                  | 0.052        |
|    action_std_14                  | 0.052        |
|    action_std_15                  | 0.0519       |
|    action_std_16                  | 0.052        |
|    action_std_17                  | 0.052        |
|    action_std_18                  | 0.0519       |
|    action_std_19                  | 0.0521       |
|    action_std_20                  | 0.052        |
|    action_std_21                  | 0.052        |
|    action_std_22                  | 0.0521       |
|    action_std_23                  | 0.0519       |
|    action_std_24                  | 0.052        |
|    approx_kl                      | 0.0001369543 |
|    clip_fraction                  | 0            |
|    clip_range                     | 0.1          |
|    clip_range_vf                  | 0.2          |
|    entropy_loss                   | 38.4         |
|    explained_variance             | 0.863        |
|    learning_rate                  | 1e-07        |
|    loss                           | 0.805        |
|    n_updates                      | 2190         |
|    policy_gradient_loss           | -0.000482    |
|    std                            | 0.052        |
|    std_max                        | 0.0521       |
|    std_min                        | 0.0519       |
|    value_loss                     | 0.458        |
----------------------------------------------------
[HumanoidEnv] Reset state env_id=0 z=0.320204 rpy=[-0.000637601, -0.00260713, 0.000347985]
[HumanoidEnv] Reset state env_id=0 z=0.307976 rpy=[-0.00162712, -0.00341034, -5.03632e-05]
[HumanoidEnv] Reset state env_id=0 z=0.320358 rpy=[-0.00122134, -0.00305554, 0.000213077]
[HumanoidEnv] unhealthy terminate at step=596 z=0.190279 rpy=[2.87251, 0.321549, -0.0952238] v_body=[1.09435, -0.017909, 0.774414]
-----------------------------------------------------
| rollout/                          |               |
|    action_saturation_fraction     | 0             |
|    ep_len_mean                    | 874           |
|    ep_rew_mean                    | 583           |
|    episodes_noforce               | 153           |
|    force_direction_mean           | -1            |
|    force_onset_mean               | 1.39          |
|    force_requested_impulse_mean   | 0             |
|    is_fall_mean                   | 0.379         |
|    is_timeout_mean                | 0.621         |
|    recovery_noforce               | 0.621         |
|    timeout_without_onset_fraction | 0             |
|    timeouts                       | 95            |
| time/                             |               |
|    fps                            | 2142          |
|    iterations                     | 68            |
|    time_elapsed                   | 4159          |
|    total_timesteps                | 8912896       |
| train/                            |               |
|    action_std_00                  | 0.0521        |
|    action_std_01                  | 0.052         |
|    action_std_02                  | 0.0521        |
|    action_std_03                  | 0.0519        |
|    action_std_04                  | 0.052         |
|    action_std_05                  | 0.0521        |
|    action_std_06                  | 0.0519        |
|    action_std_07                  | 0.052         |
|    action_std_08                  | 0.052         |
|    action_std_09                  | 0.052         |
|    action_std_10                  | 0.0519        |
|    action_std_11                  | 0.052         |
|    action_std_12                  | 0.0519        |
|    action_std_13                  | 0.052         |
|    action_std_14                  | 0.052         |
|    action_std_15                  | 0.0519        |
|    action_std_16                  | 0.052         |
|    action_std_17                  | 0.052         |
|    action_std_18                  | 0.0519        |
|    action_std_19                  | 0.0521        |
|    action_std_20                  | 0.052         |
|    action_std_21                  | 0.052         |
|    action_std_22                  | 0.0521        |
|    action_std_23                  | 0.0519        |
|    action_std_24                  | 0.052         |
|    approx_kl                      | 0.00013526624 |
|    clip_fraction                  | 0             |
|    clip_range                     | 0.1           |
|    clip_range_vf                  | 0.2           |
|    entropy_loss                   | 38.4          |
|    explained_variance             | 0.873         |
|    learning_rate                  | 1e-07         |
|    loss                           | 0.919         |
|    n_updates                      | 2200          |
|    policy_gradient_loss           | -0.00048      |
|    std                            | 0.052         |
|    std_max                        | 0.0521        |
|    std_min                        | 0.0519        |
|    value_loss                     | 0.498         |
-----------------------------------------------------
-----------------------------------------------------
| rollout/                          |               |
|    action_saturation_fraction     | 0             |
|    ep_len_mean                    | 836           |
|    ep_rew_mean                    | 549           |
|    episodes_noforce               | 159           |
|    force_direction_mean           | -1            |
|    force_onset_mean               | 1.39          |
|    force_requested_impulse_mean   | 0             |
|    is_fall_mean                   | 0.346         |
|    is_timeout_mean                | 0.654         |
|    recovery_noforce               | 0.654         |
|    timeout_without_onset_fraction | 0             |
|    timeouts                       | 104           |
| time/                             |               |
|    fps                            | 2142          |
|    iterations                     | 69            |
|    time_elapsed                   | 4220          |
|    total_timesteps                | 9043968       |
| train/                            |               |
|    action_std_00                  | 0.0521        |
|    action_std_01                  | 0.052         |
|    action_std_02                  | 0.0521        |
|    action_std_03                  | 0.0519        |
|    action_std_04                  | 0.052         |
|    action_std_05                  | 0.0521        |
|    action_std_06                  | 0.0519        |
|    action_std_07                  | 0.052         |
|    action_std_08                  | 0.052         |
|    action_std_09                  | 0.052         |
|    action_std_10                  | 0.0519        |
|    action_std_11                  | 0.052         |
|    action_std_12                  | 0.0519        |
|    action_std_13                  | 0.052         |
|    action_std_14                  | 0.052         |
|    action_std_15                  | 0.0519        |
|    action_std_16                  | 0.052         |
|    action_std_17                  | 0.052         |
|    action_std_18                  | 0.0519        |
|    action_std_19                  | 0.0521        |
|    action_std_20                  | 0.052         |
|    action_std_21                  | 0.052         |
|    action_std_22                  | 0.0521        |
|    action_std_23                  | 0.0519        |
|    action_std_24                  | 0.052         |
|    approx_kl                      | 0.00017990186 |
|    clip_fraction                  | 4.58e-06      |
|    clip_range                     | 0.1           |
|    clip_range_vf                  | 0.2           |
|    entropy_loss                   | 38.4          |
|    explained_variance             | 0.851         |
|    learning_rate                  | 1e-07         |
|    loss                           | 0.789         |
|    n_updates                      | 2210          |
|    policy_gradient_loss           | -0.00052      |
|    std                            | 0.052         |
|    std_max                        | 0.0521        |
|    std_min                        | 0.0519        |
|    value_loss                     | 0.458         |
-----------------------------------------------------
[HumanoidEnv] Reset state env_id=0 z=0.317205 rpy=[-0.000561947, -0.00111377, 5.19614e-05]
[HumanoidEnv] Reset state env_id=0 z=0.311445 rpy=[0.000796721, -0.00314382, 0.000110951]
[HumanoidEnv] unhealthy terminate at step=392 z=0.196749 rpy=[0.721236, 0.38627, 1.12942] v_body=[0.572819, -0.300558, -1.16173]
-----------------------------------------------------
| rollout/                          |               |
|    action_saturation_fraction     | 0             |
|    ep_len_mean                    | 853           |
|    ep_rew_mean                    | 566           |
|    episodes_noforce               | 157           |
|    force_direction_mean           | -1            |
|    force_onset_mean               | 1.4           |
|    force_requested_impulse_mean   | 0             |
|    is_fall_mean                   | 0.395         |
|    is_timeout_mean                | 0.605         |
|    recovery_noforce               | 0.605         |
|    timeout_without_onset_fraction | 0             |
|    timeouts                       | 95            |
| time/                             |               |
|    fps                            | 2142          |
|    iterations                     | 70            |
|    time_elapsed                   | 4282          |
|    total_timesteps                | 9175040       |
| train/                            |               |
|    action_std_00                  | 0.0521        |
|    action_std_01                  | 0.052         |
|    action_std_02                  | 0.0521        |
|    action_std_03                  | 0.0519        |
|    action_std_04                  | 0.052         |
|    action_std_05                  | 0.0521        |
|    action_std_06                  | 0.0519        |
|    action_std_07                  | 0.052         |
|    action_std_08                  | 0.052         |
|    action_std_09                  | 0.052         |
|    action_std_10                  | 0.0519        |
|    action_std_11                  | 0.052         |
|    action_std_12                  | 0.0519        |
|    action_std_13                  | 0.052         |
|    action_std_14                  | 0.052         |
|    action_std_15                  | 0.0519        |
|    action_std_16                  | 0.052         |
|    action_std_17                  | 0.052         |
|    action_std_18                  | 0.0519        |
|    action_std_19                  | 0.0521        |
|    action_std_20                  | 0.052         |
|    action_std_21                  | 0.052         |
|    action_std_22                  | 0.0521        |
|    action_std_23                  | 0.0519        |
|    action_std_24                  | 0.052         |
|    approx_kl                      | 0.00010832835 |
|    clip_fraction                  | 0             |
|    clip_range                     | 0.1           |
|    clip_range_vf                  | 0.2           |
|    entropy_loss                   | 38.4          |
|    explained_variance             | 0.872         |
|    learning_rate                  | 1e-07         |
|    loss                           | 0.748         |
|    n_updates                      | 2220          |
|    policy_gradient_loss           | -0.000417     |
|    std                            | 0.052         |
|    std_max                        | 0.0521        |
|    std_min                        | 0.0519        |
|    value_loss                     | 0.464         |
-----------------------------------------------------
-----------------------------------------------------
| rollout/                          |               |
|    action_saturation_fraction     | 0             |
|    ep_len_mean                    | 869           |
|    ep_rew_mean                    | 580           |
|    episodes_noforce               | 145           |
|    force_direction_mean           | -1            |
|    force_onset_mean               | 1.4           |
|    force_requested_impulse_mean   | 0             |
|    is_fall_mean                   | 0.366         |
|    is_timeout_mean                | 0.634         |
|    recovery_noforce               | 0.634         |
|    timeout_without_onset_fraction | 0             |
|    timeouts                       | 92            |
| time/                             |               |
|    fps                            | 2142          |
|    iterations                     | 71            |
|    time_elapsed                   | 4343          |
|    total_timesteps                | 9306112       |
| train/                            |               |
|    action_std_00                  | 0.0521        |
|    action_std_01                  | 0.052         |
|    action_std_02                  | 0.0521        |
|    action_std_03                  | 0.0519        |
|    action_std_04                  | 0.052         |
|    action_std_05                  | 0.0521        |
|    action_std_06                  | 0.0519        |
|    action_std_07                  | 0.052         |
|    action_std_08                  | 0.052         |
|    action_std_09                  | 0.052         |
|    action_std_10                  | 0.0519        |
|    action_std_11                  | 0.052         |
|    action_std_12                  | 0.0519        |
|    action_std_13                  | 0.052         |
|    action_std_14                  | 0.052         |
|    action_std_15                  | 0.0519        |
|    action_std_16                  | 0.052         |
|    action_std_17                  | 0.052         |
|    action_std_18                  | 0.0519        |
|    action_std_19                  | 0.0521        |
|    action_std_20                  | 0.052         |
|    action_std_21                  | 0.052         |
|    action_std_22                  | 0.0521        |
|    action_std_23                  | 0.0519        |
|    action_std_24                  | 0.052         |
|    approx_kl                      | 0.00015353732 |
|    clip_fraction                  | 0             |
|    clip_range                     | 0.1           |
|    clip_range_vf                  | 0.2           |
|    entropy_loss                   | 38.4          |
|    explained_variance             | 0.872         |
|    learning_rate                  | 1e-07         |
|    loss                           | 0.872         |
|    n_updates                      | 2230          |
|    policy_gradient_loss           | -0.00049      |
|    std                            | 0.052         |
|    std_max                        | 0.0521        |
|    std_min                        | 0.0519        |
|    value_loss                     | 0.472         |
-----------------------------------------------------
------------------------------------------------------
| rollout/                          |                |
|    action_saturation_fraction     | 0              |
|    ep_len_mean                    | 834            |
|    ep_rew_mean                    | 553            |
|    episodes_noforce               | 165            |
|    force_direction_mean           | -1             |
|    force_onset_mean               | 1.42           |
|    force_requested_impulse_mean   | 0              |
|    is_fall_mean                   | 0.388          |
|    is_timeout_mean                | 0.612          |
|    recovery_noforce               | 0.612          |
|    timeout_without_onset_fraction | 0              |
|    timeouts                       | 101            |
| time/                             |                |
|    fps                            | 2142           |
|    iterations                     | 72             |
|    time_elapsed                   | 4405           |
|    total_timesteps                | 9437184        |
| train/                            |                |
|    action_std_00                  | 0.0521         |
|    action_std_01                  | 0.052          |
|    action_std_02                  | 0.0521         |
|    action_std_03                  | 0.0519         |
|    action_std_04                  | 0.052          |
|    action_std_05                  | 0.0521         |
|    action_std_06                  | 0.0519         |
|    action_std_07                  | 0.052          |
|    action_std_08                  | 0.052          |
|    action_std_09                  | 0.052          |
|    action_std_10                  | 0.0519         |
|    action_std_11                  | 0.052          |
|    action_std_12                  | 0.0519         |
|    action_std_13                  | 0.052          |
|    action_std_14                  | 0.052          |
|    action_std_15                  | 0.0519         |
|    action_std_16                  | 0.052          |
|    action_std_17                  | 0.052          |
|    action_std_18                  | 0.0519         |
|    action_std_19                  | 0.0521         |
|    action_std_20                  | 0.052          |
|    action_std_21                  | 0.052          |
|    action_std_22                  | 0.0521         |
|    action_std_23                  | 0.0519         |
|    action_std_24                  | 0.052          |
|    approx_kl                      | 0.000119882694 |
|    clip_fraction                  | 0              |
|    clip_range                     | 0.1            |
|    clip_range_vf                  | 0.2            |
|    entropy_loss                   | 38.4           |
|    explained_variance             | 0.865          |
|    learning_rate                  | 1e-07          |
|    loss                           | 0.902          |
|    n_updates                      | 2240           |
|    policy_gradient_loss           | -0.000449      |
|    std                            | 0.052          |
|    std_max                        | 0.0521         |
|    std_min                        | 0.0519         |
|    value_loss                     | 0.466          |
------------------------------------------------------
----------------------------------------------------
| rollout/                          |              |
|    action_saturation_fraction     | 0            |
|    ep_len_mean                    | 849          |
|    ep_rew_mean                    | 566          |
|    episodes_noforce               | 145          |
|    force_direction_mean           | -1           |
|    force_onset_mean               | 1.41         |
|    force_requested_impulse_mean   | 0            |
|    is_fall_mean                   | 0.379        |
|    is_timeout_mean                | 0.621        |
|    recovery_noforce               | 0.621        |
|    timeout_without_onset_fraction | 0            |
|    timeouts                       | 90           |
| time/                             |              |
|    fps                            | 2142         |
|    iterations                     | 73           |
|    time_elapsed                   | 4466         |
|    total_timesteps                | 9568256      |
| train/                            |              |
|    action_std_00                  | 0.0521       |
|    action_std_01                  | 0.052        |
|    action_std_02                  | 0.0521       |
|    action_std_03                  | 0.0519       |
|    action_std_04                  | 0.052        |
|    action_std_05                  | 0.0521       |
|    action_std_06                  | 0.0519       |
|    action_std_07                  | 0.052        |
|    action_std_08                  | 0.052        |
|    action_std_09                  | 0.052        |
|    action_std_10                  | 0.0519       |
|    action_std_11                  | 0.052        |
|    action_std_12                  | 0.0519       |
|    action_std_13                  | 0.052        |
|    action_std_14                  | 0.052        |
|    action_std_15                  | 0.0519       |
|    action_std_16                  | 0.052        |
|    action_std_17                  | 0.052        |
|    action_std_18                  | 0.0519       |
|    action_std_19                  | 0.0521       |
|    action_std_20                  | 0.052        |
|    action_std_21                  | 0.052        |
|    action_std_22                  | 0.0521       |
|    action_std_23                  | 0.0519       |
|    action_std_24                  | 0.052        |
|    approx_kl                      | 0.0001258142 |
|    clip_fraction                  | 0            |
|    clip_range                     | 0.1          |
|    clip_range_vf                  | 0.2          |
|    entropy_loss                   | 38.4         |
|    explained_variance             | 0.871        |
|    learning_rate                  | 1e-07        |
|    loss                           | 0.78         |
|    n_updates                      | 2250         |
|    policy_gradient_loss           | -0.000435    |
|    std                            | 0.052        |
|    std_max                        | 0.0521       |
|    std_min                        | 0.0519       |
|    value_loss                     | 0.454        |
----------------------------------------------------
-----------------------------------------------------
| rollout/                          |               |
|    action_saturation_fraction     | 0             |
|    ep_len_mean                    | 835           |
|    ep_rew_mean                    | 555           |
|    episodes_noforce               | 163           |
|    force_direction_mean           | -1            |
|    force_onset_mean               | 1.4           |
|    force_requested_impulse_mean   | 0             |
|    is_fall_mean                   | 0.356         |
|    is_timeout_mean                | 0.644         |
|    recovery_noforce               | 0.644         |
|    timeout_without_onset_fraction | 0             |
|    timeouts                       | 105           |
| time/                             |               |
|    fps                            | 2141          |
|    iterations                     | 74            |
|    time_elapsed                   | 4528          |
|    total_timesteps                | 9699328       |
| train/                            |               |
|    action_std_00                  | 0.0521        |
|    action_std_01                  | 0.052         |
|    action_std_02                  | 0.0521        |
|    action_std_03                  | 0.0519        |
|    action_std_04                  | 0.052         |
|    action_std_05                  | 0.0521        |
|    action_std_06                  | 0.0519        |
|    action_std_07                  | 0.052         |
|    action_std_08                  | 0.052         |
|    action_std_09                  | 0.052         |
|    action_std_10                  | 0.0519        |
|    action_std_11                  | 0.052         |
|    action_std_12                  | 0.0519        |
|    action_std_13                  | 0.052         |
|    action_std_14                  | 0.052         |
|    action_std_15                  | 0.0519        |
|    action_std_16                  | 0.052         |
|    action_std_17                  | 0.052         |
|    action_std_18                  | 0.0519        |
|    action_std_19                  | 0.0521        |
|    action_std_20                  | 0.052         |
|    action_std_21                  | 0.052         |
|    action_std_22                  | 0.0521        |
|    action_std_23                  | 0.0519        |
|    action_std_24                  | 0.052         |
|    approx_kl                      | 0.00018576787 |
|    clip_fraction                  | 0             |
|    clip_range                     | 0.1           |
|    clip_range_vf                  | 0.2           |
|    entropy_loss                   | 38.4          |
|    explained_variance             | 0.85          |
|    learning_rate                  | 1e-07         |
|    loss                           | 0.902         |
|    n_updates                      | 2260          |
|    policy_gradient_loss           | -0.000536     |
|    std                            | 0.052         |
|    std_max                        | 0.0521        |
|    std_min                        | 0.0519        |
|    value_loss                     | 0.482         |
-----------------------------------------------------
-----------------------------------------------------
| rollout/                          |               |
|    action_saturation_fraction     | 0             |
|    ep_len_mean                    | 799           |
|    ep_rew_mean                    | 531           |
|    episodes_noforce               | 153           |
|    force_direction_mean           | -1            |
|    force_onset_mean               | 1.42          |
|    force_requested_impulse_mean   | 0             |
|    is_fall_mean                   | 0.431         |
|    is_timeout_mean                | 0.569         |
|    recovery_noforce               | 0.569         |
|    timeout_without_onset_fraction | 0             |
|    timeouts                       | 87            |
| time/                             |               |
|    fps                            | 2141          |
|    iterations                     | 75            |
|    time_elapsed                   | 4590          |
|    total_timesteps                | 9830400       |
| train/                            |               |
|    action_std_00                  | 0.0521        |
|    action_std_01                  | 0.052         |
|    action_std_02                  | 0.0521        |
|    action_std_03                  | 0.0519        |
|    action_std_04                  | 0.052         |
|    action_std_05                  | 0.0521        |
|    action_std_06                  | 0.0519        |
|    action_std_07                  | 0.052         |
|    action_std_08                  | 0.052         |
|    action_std_09                  | 0.052         |
|    action_std_10                  | 0.0519        |
|    action_std_11                  | 0.052         |
|    action_std_12                  | 0.0519        |
|    action_std_13                  | 0.052         |
|    action_std_14                  | 0.052         |
|    action_std_15                  | 0.0519        |
|    action_std_16                  | 0.052         |
|    action_std_17                  | 0.052         |
|    action_std_18                  | 0.0519        |
|    action_std_19                  | 0.0521        |
|    action_std_20                  | 0.052         |
|    action_std_21                  | 0.052         |
|    action_std_22                  | 0.0521        |
|    action_std_23                  | 0.0519        |
|    action_std_24                  | 0.052         |
|    approx_kl                      | 0.00014230092 |
|    clip_fraction                  | 7.63e-07      |
|    clip_range                     | 0.1           |
|    clip_range_vf                  | 0.2           |
|    entropy_loss                   | 38.4          |
|    explained_variance             | 0.872         |
|    learning_rate                  | 1e-07         |
|    loss                           | 0.808         |
|    n_updates                      | 2270          |
|    policy_gradient_loss           | -0.000492     |
|    std                            | 0.052         |
|    std_max                        | 0.0521        |
|    std_min                        | 0.0519        |
|    value_loss                     | 0.475         |
-----------------------------------------------------
------------------------------------------------------
| rollout/                          |                |
|    action_saturation_fraction     | 0              |
|    ep_len_mean                    | 833            |
|    ep_rew_mean                    | 555            |
|    episodes_noforce               | 158            |
|    force_direction_mean           | -1             |
|    force_onset_mean               | 1.42           |
|    force_requested_impulse_mean   | 0              |
|    is_fall_mean                   | 0.424          |
|    is_timeout_mean                | 0.576          |
|    recovery_noforce               | 0.576          |
|    timeout_without_onset_fraction | 0              |
|    timeouts                       | 91             |
| time/                             |                |
|    fps                            | 2141           |
|    iterations                     | 76             |
|    time_elapsed                   | 4651           |
|    total_timesteps                | 9961472        |
| train/                            |                |
|    action_std_00                  | 0.0521         |
|    action_std_01                  | 0.052          |
|    action_std_02                  | 0.0521         |
|    action_std_03                  | 0.0519         |
|    action_std_04                  | 0.052          |
|    action_std_05                  | 0.0521         |
|    action_std_06                  | 0.0519         |
|    action_std_07                  | 0.052          |
|    action_std_08                  | 0.052          |
|    action_std_09                  | 0.052          |
|    action_std_10                  | 0.0519         |
|    action_std_11                  | 0.052          |
|    action_std_12                  | 0.0519         |
|    action_std_13                  | 0.052          |
|    action_std_14                  | 0.052          |
|    action_std_15                  | 0.0519         |
|    action_std_16                  | 0.052          |
|    action_std_17                  | 0.052          |
|    action_std_18                  | 0.0519         |
|    action_std_19                  | 0.0521         |
|    action_std_20                  | 0.052          |
|    action_std_21                  | 0.052          |
|    action_std_22                  | 0.0521         |
|    action_std_23                  | 0.0519         |
|    action_std_24                  | 0.052          |
|    approx_kl                      | 0.000116059644 |
|    clip_fraction                  | 0              |
|    clip_range                     | 0.1            |
|    clip_range_vf                  | 0.2            |
|    entropy_loss                   | 38.4           |
|    explained_variance             | 0.87           |
|    learning_rate                  | 1e-07          |
|    loss                           | 0.945          |
|    n_updates                      | 2280           |
|    policy_gradient_loss           | -0.000486      |
|    std                            | 0.052          |
|    std_max                        | 0.0521         |
|    std_min                        | 0.0519         |
|    value_loss                     | 0.523          |
------------------------------------------------------
INFO:root:VecNormalize statistics saved at: ./data/delta_refine_lr1e7/quadruped_ppo_model_ckpt_10000640_vecnormalize.pkl
INFO:root:Model saved at: ./data/delta_refine_lr1e7/quadruped_ppo_model_ckpt_10000640.zip
INFO:root:Checkpoint written at 10000640 timesteps
-----------------------------------------------------
| rollout/                          |               |
|    action_saturation_fraction     | 0             |
|    ep_len_mean                    | 878           |
|    ep_rew_mean                    | 586           |
|    episodes_noforce               | 160           |
|    force_direction_mean           | -1            |
|    force_onset_mean               | 1.4           |
|    force_requested_impulse_mean   | 0             |
|    is_fall_mean                   | 0.388         |
|    is_timeout_mean                | 0.613         |
|    recovery_noforce               | 0.613         |
|    timeout_without_onset_fraction | 0             |
|    timeouts                       | 98            |
| time/                             |               |
|    fps                            | 2141          |
|    iterations                     | 77            |
|    time_elapsed                   | 4712          |
|    total_timesteps                | 10092544      |
| train/                            |               |
|    action_std_00                  | 0.0521        |
|    action_std_01                  | 0.052         |
|    action_std_02                  | 0.0521        |
|    action_std_03                  | 0.0519        |
|    action_std_04                  | 0.052         |
|    action_std_05                  | 0.0521        |
|    action_std_06                  | 0.0519        |
|    action_std_07                  | 0.052         |
|    action_std_08                  | 0.052         |
|    action_std_09                  | 0.052         |
|    action_std_10                  | 0.0519        |
|    action_std_11                  | 0.052         |
|    action_std_12                  | 0.0519        |
|    action_std_13                  | 0.052         |
|    action_std_14                  | 0.052         |
|    action_std_15                  | 0.0519        |
|    action_std_16                  | 0.052         |
|    action_std_17                  | 0.052         |
|    action_std_18                  | 0.0519        |
|    action_std_19                  | 0.0521        |
|    action_std_20                  | 0.052         |
|    action_std_21                  | 0.052         |
|    action_std_22                  | 0.0521        |
|    action_std_23                  | 0.0519        |
|    action_std_24                  | 0.052         |
|    approx_kl                      | 0.00013461246 |
|    clip_fraction                  | 0             |
|    clip_range                     | 0.1           |
|    clip_range_vf                  | 0.2           |
|    entropy_loss                   | 38.4          |
|    explained_variance             | 0.879         |
|    learning_rate                  | 1e-07         |
|    loss                           | 0.867         |
|    n_updates                      | 2290          |
|    policy_gradient_loss           | -0.000474     |
|    std                            | 0.052         |
|    std_max                        | 0.0521        |
|    std_min                        | 0.0519        |
|    value_loss                     | 0.486         |
-----------------------------------------------------
INFO:root:VecNormalize statistics saved at: ./data/delta_refine_lr1e7/quadruped_ppo_model_vecnormalize.pkl
INFO:root:Model saved at: ./data/delta_refine_lr1e7/quadruped_ppo_model.zip
INFO:root:Model saved at: ./data/delta_refine_lr1e7/quadruped_ppo_model.zip
INFO:root:Training complete.
[HumanoidEnv] Reset state env_id=0 z=0.293401 rpy=[-0.00141574, -1.55511e-05, 0.000474189]
[HumanoidEnv] Reset state env_id=0 z=0.295341 rpy=[-0.00167041, 0.000651035, 0.000921587]
[HumanoidEnv] Reset state env_id=0 z=0.291295 rpy=[-0.000166745, -0.00166495, 0.000271173]
[HumanoidEnv] Reset state env_id=0 z=0.276016 rpy=[0.00209341, -0.0017008, 0.000522317]
[HumanoidEnv] Reset state env_id=0 z=0.29902 rpy=[0.000981436, 1.05633e-05, 0.00063567]
[HumanoidEnv] unhealthy terminate at step=642 z=0.191646 rpy=[-2.45168, 0.338383, 1.6964] v_body=[0.682943, -0.595111, 1.43126]
EnvPool Evaluation - Humanoid-v4
Mean Reward: 557.82 +/- 183.62
Function main took 4909.21 seconds to run.
[HumanoidEnv] Reset state env_id=0 z=0.313629 rpy=[0.000427352, -0.0010587, 0.000279295]
cleanupHardware(SIM): Cleaning up hardware components...
cleanupHardware(SIM): Cleaning up hardware components...
cleanupHardware(SIM): Cleaning up hardware components...
cleanupHardware(SIM): Cleaning up hardware components...
cleanupHardware(SIM): Cleaning up hardware components...
cleanupHardware(SIM): Cleaning up hardware components...
cleanupHardware(SIM): Cleaning up hardware components...
cleanupHardware(SIM): Cleaning up hardware components...
cleanupHardware(SIM): Cleaning up hardware components...
cleanupHardware(SIM): Cleaning up hardware components...
cleanupHardware(SIM): Cleaning up hardware components...
cleanupHardware(SIM): Cleaning up hardware components...
cleanupHardware(SIM): Cleaning up hardware components...
cleanupHardware(SIM): Cleaning up hardware components...
cleanupHardware(SIM): Cleaning up hardware components...
cleanupHardware(SIM): Cleaning up hardware components...
cleanupHardware(SIM): Cleaning up hardware components...
cleanupHardware(SIM): Cleaning up hardware components...
cleanupHardware(SIM): Cleaning up hardware components...
cleanupHardware(SIM): Cleaning up hardware components...
cleanupHardware(SIM): Cleaning up hardware components...
cleanupHardware(SIM): Cleaning up hardware components...
cleanupHardware(SIM): Cleaning up hardware components...
cleanupHardware(SIM): Cleaning up hardware components...
cleanupHardware(SIM): Cleaning up hardware components...
cleanupHardware(SIM): Cleaning up hardware components...
cleanupHardware(SIM): Cleaning up hardware components...
cleanupHardware(SIM): Cleaning up hardware components...
cleanupHardware(SIM): Cleaning up hardware components...
cleanupHardware(SIM): Cleaning up hardware components...
cleanupHardware(SIM): Cleaning up hardware components...
cleanupHardware(SIM): Cleaning up hardware components...
cleanupHardware(SIM): Cleaning up hardware components...
cleanupHardware(SIM): Cleaning up hardware components...
cleanupHardware(SIM): Cleaning up hardware components...
cleanupHardware(SIM): Cleaning up hardware components...
cleanupHardware(SIM): Cleaning up hardware components...
cleanupHardware(SIM): Cleaning up hardware components...
cleanupHardware(SIM): Cleaning up hardware components...
cleanupHardware(SIM): Cleaning up hardware components...
cleanupHardware(SIM): Cleaning up hardware components...
cleanupHardware(SIM): Cleaning up hardware components...
cleanupHardware(SIM): Cleaning up hardware components...
cleanupHardware(SIM): Cleaning up hardware components...
cleanupHardware(SIM): Cleaning up hardware components...
cleanupHardware(SIM): Cleaning up hardware components...
cleanupHardware(SIM): Cleaning up hardware components...
cleanupHardware(SIM): Cleaning up hardware components...
cleanupHardware(SIM): Cleaning up hardware components...
cleanupHardware(SIM): Cleaning up hardware components...
cleanupHardware(SIM): Cleaning up hardware components...
cleanupHardware(SIM): Cleaning up hardware components...
cleanupHardware(SIM): Cleaning up hardware components...
cleanupHardware(SIM): Cleaning up hardware components...
cleanupHardware(SIM): Cleaning up hardware components...
cleanupHardware(SIM): Cleaning up hardware components...
cleanupHardware(SIM): Cleaning up hardware components...
cleanupHardware(SIM): Cleaning up hardware components...
cleanupHardware(SIM): Cleaning up hardware components...
cleanupHardware(SIM): Cleaning up hardware components...
cleanupHardware(SIM): Cleaning up hardware components...
cleanupHardware(SIM): Cleaning up hardware components...
cleanupHardware(SIM): Cleaning up hardware components...
cleanupHardware(SIM): Cleaning up hardware components...
cleanupHardware(SIM): Cleaning up hardware components...
cleanupHardware(SIM): Cleaning up hardware components...
cleanupHardware(SIM): Cleaning up hardware components...
cleanupHardware(SIM): Cleaning up hardware components...
cleanupHardware(SIM): Cleaning up hardware components...
cleanupHardware(SIM): Cleaning up hardware components...
cleanupHardware(SIM): Cleaning up hardware components...
cleanupHardware(SIM): Cleaning up hardware components...
cleanupHardware(SIM): Cleaning up hardware components...
cleanupHardware(SIM): Cleaning up hardware components...
cleanupHardware(SIM): Cleaning up hardware components...
cleanupHardware(SIM): Cleaning up hardware components...
cleanupHardware(SIM): Cleaning up hardware components...
cleanupHardware(SIM): Cleaning up hardware components...
cleanupHardware(SIM): Cleaning up hardware components...
cleanupHardware(SIM): Cleaning up hardware components...
cleanupHardware(SIM): Cleaning up hardware components...
cleanupHardware(SIM): Cleaning up hardware components...
cleanupHardware(SIM): Cleaning up hardware components...
cleanupHardware(SIM): Cleaning up hardware components...
cleanupHardware(SIM): Cleaning up hardware components...
cleanupHardware(SIM): Cleaning up hardware components...
cleanupHardware(SIM): Cleaning up hardware components...
cleanupHardware(SIM): Cleaning up hardware components...
cleanupHardware(SIM): Cleaning up hardware components...
cleanupHardware(SIM): Cleaning up hardware components...
cleanupHardware(SIM): Cleaning up hardware components...
cleanupHardware(SIM): Cleaning up hardware components...
cleanupHardware(SIM): Cleaning up hardware components...
cleanupHardware(SIM): Cleaning up hardware components...
cleanupHardware(SIM): Cleaning up hardware components...
cleanupHardware(SIM): Cleaning up hardware components...
cleanupHardware(SIM): Cleaning up hardware components...
cleanupHardware(SIM): Cleaning up hardware components...
cleanupHardware(SIM): Cleaning up hardware components...
cleanupHardware(SIM): Cleaning up hardware components...
cleanupHardware(SIM): Cleaning up hardware components...
cleanupHardware(SIM): Cleaning up hardware components...
cleanupHardware(SIM): Cleaning up hardware components...
cleanupHardware(SIM): Cleaning up hardware components...
cleanupHardware(SIM): Cleaning up hardware components...
cleanupHardware(SIM): Cleaning up hardware components...
cleanupHardware(SIM): Cleaning up hardware components...
cleanupHardware(SIM): Cleaning up hardware components...
cleanupHardware(SIM): Cleaning up hardware components...
cleanupHardware(SIM): Cleaning up hardware components...
cleanupHardware(SIM): Cleaning up hardware components...
cleanupHardware(SIM): Cleaning up hardware components...
cleanupHardware(SIM): Cleaning up hardware components...
cleanupHardware(SIM): Cleaning up hardware components...
cleanupHardware(SIM): Cleaning up hardware components...
cleanupHardware(SIM): Cleaning up hardware components...
cleanupHardware(SIM): Cleaning up hardware components...
cleanupHardware(SIM): Cleaning up hardware components...
cleanupHardware(SIM): Cleaning up hardware components...
cleanupHardware(SIM): Cleaning up hardware components...
cleanupHardware(SIM): Cleaning up hardware components...
cleanupHardware(SIM): Cleaning up hardware components...
cleanupHardware(SIM): Cleaning up hardware components...
cleanupHardware(SIM): Cleaning up hardware components...
cleanupHardware(SIM): Cleaning up hardware components...
cleanupHardware(SIM): Cleaning up hardware components...
cleanupHardware(SIM): Cleaning up hardware components...
cleanupHardware(SIM): Cleaning up hardware components...
cleanupHardware(SIM): Cleaning up hardware components...
cleanupHardware(SIM): Cleaning up hardware components...
cleanupHardware(SIM): Cleaning up hardware components...
cleanupHardware(SIM): Cleaning up hardware components...
cleanupHardware(SIM): Cleaning up hardware components...
cleanupHardware(SIM): Cleaning up hardware components...
cleanupHardware(SIM): Cleaning up hardware components...
cleanupHardware(SIM): Cleaning up hardware components...
cleanupHardware(SIM): Cleaning up hardware components...
cleanupHardware(SIM): Cleaning up hardware components...
cleanupHardware(SIM): Cleaning up hardware components...
cleanupHardware(SIM): Cleaning up hardware components...
cleanupHardware(SIM): Cleaning up hardware components...
cleanupHardware(SIM): Cleaning up hardware components...
cleanupHardware(SIM): Cleaning up hardware components...
cleanupHardware(SIM): Cleaning up hardware components...
cleanupHardware(SIM): Cleaning up hardware components...
cleanupHardware(SIM): Cleaning up hardware components...
cleanupHardware(SIM): Cleaning up hardware components...
cleanupHardware(SIM): Cleaning up hardware components...
cleanupHardware(SIM): Cleaning up hardware components...
cleanupHardware(SIM): Cleaning up hardware components...
cleanupHardware(SIM): Cleaning up hardware components...
cleanupHardware(SIM): Cleaning up hardware components...
cleanupHardware(SIM): Cleaning up hardware components...
cleanupHardware(SIM): Cleaning up hardware components...
cleanupHardware(SIM): Cleaning up hardware components...
cleanupHardware(SIM): Cleaning up hardware components...
cleanupHardware(SIM): Cleaning up hardware components...
cleanupHardware(SIM): Cleaning up hardware components...
cleanupHardware(SIM): Cleaning up hardware components...
cleanupHardware(SIM): Cleaning up hardware components...
cleanupHardware(SIM): Cleaning up hardware components...
cleanupHardware(SIM): Cleaning up hardware components...
cleanupHardware(SIM): Cleaning up hardware components...
cleanupHardware(SIM): Cleaning up hardware components...
cleanupHardware(SIM): Cleaning up hardware components...
cleanupHardware(SIM): Cleaning up hardware components...
cleanupHardware(SIM): Cleaning up hardware components...
cleanupHardware(SIM): Cleaning up hardware components...
cleanupHardware(SIM): Cleaning up hardware components...
cleanupHardware(SIM): Cleaning up hardware components...
cleanupHardware(SIM): Cleaning up hardware components...
cleanupHardware(SIM): Cleaning up hardware components...
cleanupHardware(SIM): Cleaning up hardware components...
cleanupHardware(SIM): Cleaning up hardware components...
cleanupHardware(SIM): Cleaning up hardware components...
cleanupHardware(SIM): Cleaning up hardware components...
cleanupHardware(SIM): Cleaning up hardware components...
cleanupHardware(SIM): Cleaning up hardware components...
cleanupHardware(SIM): Cleaning up hardware components...
cleanupHardware(SIM): Cleaning up hardware components...
cleanupHardware(SIM): Cleaning up hardware components...
cleanupHardware(SIM): Cleaning up hardware components...
cleanupHardware(SIM): Cleaning up hardware components...
cleanupHardware(SIM): Cleaning up hardware components...
cleanupHardware(SIM): Cleaning up hardware components...
cleanupHardware(SIM): Cleaning up hardware components...
cleanupHardware(SIM): Cleaning up hardware components...
cleanupHardware(SIM): Cleaning up hardware components...
cleanupHardware(SIM): Cleaning up hardware components...
cleanupHardware(SIM): Cleaning up hardware components...
cleanupHardware(SIM): Cleaning up hardware components...
cleanupHardware(SIM): Cleaning up hardware components...
cleanupHardware(SIM): Cleaning up hardware components...
cleanupHardware(SIM): Cleaning up hardware components...
cleanupHardware(SIM): Cleaning up hardware components...
cleanupHardware(SIM): Cleaning up hardware components...
cleanupHardware(SIM): Cleaning up hardware components...
cleanupHardware(SIM): Cleaning up hardware components...
cleanupHardware(SIM): Cleaning up hardware components...
cleanupHardware(SIM): Cleaning up hardware components...
cleanupHardware(SIM): Cleaning up hardware components...
cleanupHardware(SIM): Cleaning up hardware components...
cleanupHardware(SIM): Cleaning up hardware components...
cleanupHardware(SIM): Cleaning up hardware components...
cleanupHardware(SIM): Cleaning up hardware components...
cleanupHardware(SIM): Cleaning up hardware components...
cleanupHardware(SIM): Cleaning up hardware components...
cleanupHardware(SIM): Cleaning up hardware components...
cleanupHardware(SIM): Cleaning up hardware components...
cleanupHardware(SIM): Cleaning up hardware components...
cleanupHardware(SIM): Cleaning up hardware components...
cleanupHardware(SIM): Cleaning up hardware components...
cleanupHardware(SIM): Cleaning up hardware components...
cleanupHardware(SIM): Cleaning up hardware components...
cleanupHardware(SIM): Cleaning up hardware components...
cleanupHardware(SIM): Cleaning up hardware components...
cleanupHardware(SIM): Cleaning up hardware components...
cleanupHardware(SIM): Cleaning up hardware components...
cleanupHardware(SIM): Cleaning up hardware components...
cleanupHardware(SIM): Cleaning up hardware components...
cleanupHardware(SIM): Cleaning up hardware components...
cleanupHardware(SIM): Cleaning up hardware components...
cleanupHardware(SIM): Cleaning up hardware components...
cleanupHardware(SIM): Cleaning up hardware components...
cleanupHardware(SIM): Cleaning up hardware components...
cleanupHardware(SIM): Cleaning up hardware components...
cleanupHardware(SIM): Cleaning up hardware components...
cleanupHardware(SIM): Cleaning up hardware components...
cleanupHardware(SIM): Cleaning up hardware components...
cleanupHardware(SIM): Cleaning up hardware components...
cleanupHardware(SIM): Cleaning up hardware components...
cleanupHardware(SIM): Cleaning up hardware components...
cleanupHardware(SIM): Cleaning up hardware components...
cleanupHardware(SIM): Cleaning up hardware components...
cleanupHardware(SIM): Cleaning up hardware components...
cleanupHardware(SIM): Cleaning up hardware components...
cleanupHardware(SIM): Cleaning up hardware components...
cleanupHardware(SIM): Cleaning up hardware components...
cleanupHardware(SIM): Cleaning up hardware components...
cleanupHardware(SIM): Cleaning up hardware components...
cleanupHardware(SIM): Cleaning up hardware components...
cleanupHardware(SIM): Cleaning up hardware components...
cleanupHardware(SIM): Cleaning up hardware components...
cleanupHardware(SIM): Cleaning up hardware components...
cleanupHardware(SIM): Cleaning up hardware components...
cleanupHardware(SIM): Cleaning up hardware components...
cleanupHardware(SIM): Cleaning up hardware components...
cleanupHardware(SIM): Cleaning up hardware components...
cleanupHardware(SIM): Cleaning up hardware components...
cleanupHardware(SIM): Cleaning up hardware components...
cleanupHardware(SIM): Cleaning up hardware components...
cleanupHardware(SIM): Cleaning up hardware components...
cleanupHardware(SIM): Cleaning up hardware components...
cleanupHardware(SIM): Cleaning up hardware components...
cleanupHardware(SIM): Cleaning up hardware components...
cleanupHardware(SIM): Cleaning up hardware components...
