Gym has been unmaintained since 2022 and does not support NumPy 2.0 amongst other critical functionality.
Please upgrade to Gymnasium, the maintained drop-in replacement of Gym, or contact the authors of your software and request that they upgrade.
Users of this version of Gym should be able to simply replace 'import gym' with 'import gymnasium as gym' in the vast majority of cases.
See the migration guide at https://gymnasium.farama.org/introduction/migration_guide/ for additional information.
Logging to ./data/gamma1/tb
INFO:root:Experiment: quadruped_ppo_experiment
INFO:root:Using EnvPool for environment Humanoid-v4 with 256 envs. Seed: 0
[0;33m[WW] ModuleManager: CHANGING UPDATE PERIOD: ![0m
initHardware(SIM): Initializing hardware components...
PARITY step_period_us=2000
PARITY max_torque=23.700 23.700 45.430
PARITY contact_mu=0.450
PARITY body_height=0.320
PARITY Kp_body=100.000 100.000 100.000
PARITY Kd_body=30.000 30.000 30.000
PARITY Kp_ori=100.000 100.000 100.000
PARITY Kd_ori=10.000 10.000 10.000
PARITY Kp_foot=550.000 550.000 550.000
PARITY Kd_foot=10.000 10.000 10.000
PARITY Kp_joint=5.000 5.000 5.000
PARITY Kd_joint=3.000 3.000 3.000
PARITY floating_base_weight=50.000
PARITY control_mode=5.000
[0;33m[WW] ModuleManager: CHANGING UPDATE PERIOD: ![0m
[0;33m[WW] ModuleManager: CHANGING UPDATE PERIOD: ![0m
[0;33m[WW] ModuleManager: CHANGING UPDATE PERIOD: ![0m
[0;33m[WW] ModuleManager: CHANGING UPDATE PERIOD: ![0m
[0;33m[WW] ModuleManager: CHANGING UPDATE PERIOD: ![0m
[0;33m[WW] ModuleManager: CHANGING UPDATE PERIOD: ![0m
[0;33m[WW] ModuleManager: CHANGING UPDATE PERIOD: ![0m
[0;33m[WW] ModuleManager: CHANGING UPDATE PERIOD: ![0m
[0;33m[WW] ModuleManager: CHANGING UPDATE PERIOD: ![0m
[0;33m[WW] ModuleManager: CHANGING UPDATE PERIOD: ![0m
[0;33m[WW] ModuleManager: CHANGING UPDATE PERIOD: ![0m
[0;33m[WW] ModuleManager: CHANGING UPDATE PERIOD: ![0m
[0;33m[WW] ModuleManager: CHANGING UPDATE PERIOD: ![0m
[0;33m[WW] ModuleManager: CHANGING UPDATE PERIOD: ![0m
[0;33m[WW] ModuleManager: CHANGING UPDATE PERIOD: ![0m
[0;33m[WW] ModuleManager: CHANGING UPDATE PERIOD: ![0m
[0;33m[WW] ModuleManager: CHANGING UPDATE PERIOD: ![0m
[0;33m[WW] ModuleManager: CHANGING UPDATE PERIOD: ![0m
[0;33m[WW] ModuleManager: CHANGING UPDATE PERIOD: ![0m
[0;33m[WW] ModuleManager: CHANGING UPDATE PERIOD: ![0m
[0;33m[WW] ModuleManager: CHANGING UPDATE PERIOD: ![0m
[0;33m[WW] ModuleManager: CHANGING UPDATE PERIOD: ![0m
[0;33m[WW] ModuleManager: CHANGING UPDATE PERIOD: ![0m
[0;33m[WW] ModuleManager: CHANGING UPDATE PERIOD: ![0m
[0;33m[WW] ModuleManager: CHANGING UPDATE PERIOD: ![0m
[0;33m[WW] ModuleManager: CHANGING UPDATE PERIOD: ![0m
[0;33m[WW] ModuleManager: CHANGING UPDATE PERIOD: ![0m
[0;33m[WW] ModuleManager: CHANGING UPDATE PERIOD: ![0m
[0;33m[WW] ModuleManager: CHANGING UPDATE PERIOD: ![0m
[0;33m[WW] ModuleManager: CHANGING UPDATE PERIOD: ![0m
[0;33m[WW] ModuleManager: CHANGING UPDATE PERIOD: ![0m
[0;33m[WW] ModuleManager: CHANGING UPDATE PERIOD: ![0m
[0;33m[WW] ModuleManager: CHANGING UPDATE PERIOD: ![0m
[0;33m[WW] ModuleManager: CHANGING UPDATE PERIOD: ![0m
[0;33m[WW] ModuleManager: CHANGING UPDATE PERIOD: ![0m
[0;33m[WW] ModuleManager: CHANGING UPDATE PERIOD: ![0m
[0;33m[WW] ModuleManager: CHANGING UPDATE PERIOD: ![0m
[0;33m[WW] ModuleManager: CHANGING UPDATE PERIOD: ![0m
[0;33m[WW] ModuleManager: CHANGING UPDATE PERIOD: ![0m
[0;33m[WW] ModuleManager: CHANGING UPDATE PERIOD: ![0m
[0;33m[WW] ModuleManager: CHANGING UPDATE PERIOD: ![0m
[0;33m[WW] ModuleManager: CHANGING UPDATE PERIOD: ![0m
[0;33m[WW] ModuleManager: CHANGING UPDATE PERIOD: ![0m
[0;33m[WW] ModuleManager: CHANGING UPDATE PERIOD: ![0m
[0;33m[WW] ModuleManager: CHANGING UPDATE PERIOD: ![0m
[0;33m[WW] ModuleManager: CHANGING UPDATE PERIOD: ![0m
[0;33m[WW] ModuleManager: CHANGING UPDATE PERIOD: ![0m
[0;33m[WW] ModuleManager: CHANGING UPDATE PERIOD: ![0m
[0;33m[WW] ModuleManager: CHANGING UPDATE PERIOD: ![0m
[0;33m[WW] ModuleManager: CHANGING UPDATE PERIOD: ![0m
[0;33m[WW] ModuleManager: CHANGING UPDATE PERIOD: ![0m
[0;33m[WW] ModuleManager: CHANGING UPDATE PERIOD: ![0m
[0;33m[WW] ModuleManager: CHANGING UPDATE PERIOD: ![0m
[0;33m[WW] ModuleManager: CHANGING UPDATE PERIOD: ![0m
[0;33m[WW] ModuleManager: CHANGING UPDATE PERIOD: ![0m
[0;33m[WW] ModuleManager: CHANGING UPDATE PERIOD: ![0m
[0;33m[WW] ModuleManager: CHANGING UPDATE PERIOD: ![0m
[0;33m[WW] ModuleManager: CHANGING UPDATE PERIOD: ![0m
[0;33m[WW] ModuleManager: CHANGING UPDATE PERIOD: ![0m
[0;33m[WW] ModuleManager: CHANGING UPDATE PERIOD: ![0m
[0;33m[WW] ModuleManager: CHANGING UPDATE PERIOD: ![0m
[0;33m[WW] ModuleManager: CHANGING UPDATE PERIOD: ![0m
[0;33m[WW] ModuleManager: CHANGING UPDATE PERIOD: ![0m
[0;33m[WW] ModuleManager: CHANGING UPDATE PERIOD: ![0m
[0;33m[WW] ModuleManager: CHANGING UPDATE PERIOD: ![0m
[0;33m[WW] ModuleManager: CHANGING UPDATE PERIOD: ![0m
[0;33m[WW] ModuleManager: CHANGING UPDATE PERIOD: ![0m
[0;33m[WW] ModuleManager: CHANGING UPDATE PERIOD: ![0m
[0;33m[WW] ModuleManager: CHANGING UPDATE PERIOD: ![0m
[0;33m[WW] ModuleManager: CHANGING UPDATE PERIOD: ![0m
[0;33m[WW] ModuleManager: CHANGING UPDATE PERIOD: ![0m
[0;33m[WW] ModuleManager: CHANGING UPDATE PERIOD: ![0m
[0;33m[WW] ModuleManager: CHANGING UPDATE PERIOD: ![0m
[0;33m[WW] ModuleManager: CHANGING UPDATE PERIOD: ![0m
initHardware(SIM): Initializing hardware components...
initHardware(SIM): Initializing hardware components...
initHardware(SIM): Initializing hardware components...
initHardware(SIM): Initializing hardware components...
initHardware(SIM): Initializing hardware components...
initHardware(SIM): Initializing hardware components...
initHardware(SIM): Initializing hardware components...
initHardware(SIM): Initializing hardware components...
initHardware(SIM): Initializing hardware components...
initHardware(SIM): Initializing hardware components...
initHardware(SIM): Initializing hardware components...
initHardware(SIM): Initializing hardware components...
initHardware(SIM): Initializing hardware components...
initHardware(SIM): Initializing hardware components...
initHardware(SIM): Initializing hardware components...
initHardware(SIM): Initializing hardware components...
initHardware(SIM): Initializing hardware components...
initHardware(SIM): Initializing hardware components...
initHardware(SIM): Initializing hardware components...
initHardware(SIM): Initializing hardware components...
initHardware(SIM): Initializing hardware components...
initHardware(SIM): Initializing hardware components...
initHardware(SIM): Initializing hardware components...
initHardware(SIM): Initializing hardware components...
initHardware(SIM): Initializing hardware components...
initHardware(SIM): Initializing hardware components...
initHardware(SIM): Initializing hardware components...
initHardware(SIM): Initializing hardware components...
initHardware(SIM): Initializing hardware components...
initHardware(SIM): Initializing hardware components...
initHardware(SIM): Initializing hardware components...
initHardware(SIM): Initializing hardware components...
initHardware(SIM): Initializing hardware components...
initHardware(SIM): Initializing hardware components...
initHardware(SIM): Initializing hardware components...
initHardware(SIM): Initializing hardware components...
initHardware(SIM): Initializing hardware components...
initHardware(SIM): Initializing hardware components...
initHardware(SIM): Initializing hardware components...
initHardware(SIM): Initializing hardware components...
initHardware(SIM): Initializing hardware components...
initHardware(SIM): Initializing hardware components...
initHardware(SIM): Initializing hardware components...
initHardware(SIM): Initializing hardware components...
initHardware(SIM): Initializing hardware components...
initHardware(SIM): Initializing hardware components...
initHardware(SIM): Initializing hardware components...
initHardware(SIM): Initializing hardware components...
initHardware(SIM): Initializing hardware components...
initHardware(SIM): Initializing hardware components...
initHardware(SIM): Initializing hardware components...
initHardware(SIM): Initializing hardware components...
initHardware(SIM): Initializing hardware components...
initHardware(SIM): Initializing hardware components...
initHardware(SIM): Initializing hardware components...
initHardware(SIM): Initializing hardware components...
initHardware(SIM): Initializing hardware components...
initHardware(SIM): Initializing hardware components...
initHardware(SIM): Initializing hardware components...
initHardware(SIM): Initializing hardware components...
initHardware(SIM): Initializing hardware components...
initHardware(SIM): Initializing hardware components...
initHardware(SIM): Initializing hardware components...
initHardware(SIM): Initializing hardware components...
initHardware(SIM): Initializing hardware components...
initHardware(SIM): Initializing hardware components...
initHardware(SIM): Initializing hardware components...
initHardware(SIM): Initializing hardware components...
initHardware(SIM): Initializing hardware components...
initHardware(SIM): Initializing hardware components...
initHardware(SIM): Initializing hardware components...
initHardware(SIM): Initializing hardware components...
initHardware(SIM): Initializing hardware components...
initHardware(SIM): Initializing hardware components...
initHardware(SIM): Initial[0;33m[WW] ModuleManager: CHANGING UPDATE PERIOD: ![0m
[0;33m[WW] ModuleManager: CHANGING UPDATE PERIOD: ![0m
[0;33m[WW] ModuleManager: CHANGING UPDATE PERIOD: ![0m
[0;33m[WW] ModuleManager: CHANGING UPDATE PERIOD: ![0m
[0;33m[WW] ModuleManager: CHANGING UPDATE PERIOD: ![0m
[0;33m[WW] ModuleManager: CHANGING UPDATE PERIOD: ![0m
[0;33m[WW] ModuleManager: CHANGING UPDATE PERIOD: ![0m
[0;33m[WW] ModuleManager: CHANGING UPDATE PERIOD: ![0m
[0;33m[WW] ModuleManager: CHANGING UPDATE PERIOD: ![0m
[0;33m[WW] ModuleManager: CHANGING UPDATE PERIOD: ![0m
[0;33m[WW] ModuleManager: CHANGING UPDATE PERIOD: ![0m
[0;33m[WW] ModuleManager: CHANGING UPDATE PERIOD: ![0m
[0;33m[WW] ModuleManager: CHANGING UPDATE PERIOD: ![0m
[0;33m[WW] ModuleManager: CHANGING UPDATE PERIOD: ![0m
[0;33m[WW] ModuleManager: CHANGING UPDATE PERIOD: ![0m
[0;33m[WW] ModuleManager: CHANGING UPDATE PERIOD: ![0m
[0;33m[WW] ModuleManager: CHANGING UPDATE PERIOD: ![0m
[0;33m[WW] ModuleManager: CHANGING UPDATE PERIOD: ![0m
[0;33m[WW] ModuleManager: CHANGING UPDATE PERIOD: ![0m
[0;33m[WW] ModuleManager: CHANGING UPDATE PERIOD: ![0m
[0;33m[WW] ModuleManager: CHANGING UPDATE PERIOD: ![0m
[0;33m[WW] ModuleManager: CHANGING UPDATE PERIOD: ![0m
[0;33m[WW] ModuleManager: CHANGING UPDATE PERIOD: ![0m
[0;33m[WW] ModuleManager: CHANGING UPDATE PERIOD: ![0m
[0;33m[WW] ModuleManager: CHANGING UPDATE PERIOD: ![0m
[0;33m[WW] ModuleManager: CHANGING UPDATE PERIOD: ![0m
[0;33m[WW] ModuleManager: CHANGING UPDATE PERIOD: ![0m
[0;33m[WW] ModuleManager: CHANGING UPDATE PERIOD: ![0m
[0;33m[WW] ModuleManager: CHANGING UPDATE PERIOD: ![0m
[0;33m[WW] ModuleManager: CHANGING UPDATE PERIOD: ![0m
[0;33m[WW] ModuleManager: CHANGING UPDATE PERIOD: ![0m
[0;33m[WW] ModuleManager: CHANGING UPDATE PERIOD: ![0m
[0;33m[WW] ModuleManager: CHANGING UPDATE PERIOD: ![0m
[0;33m[WW] ModuleManager: CHANGING UPDATE PERIOD: ![0m
[0;33m[WW] ModuleManager: CHANGING UPDATE PERIOD: ![0m
[0;33m[WW] ModuleManager: CHANGING UPDATE PERIOD: ![0m
[0;33m[WW] ModuleManager: CHANGING UPDATE PERIOD: ![0m
[0;33m[WW] ModuleManager: CHANGING UPDATE PERIOD: ![0m
[0;33m[WW] ModuleManager: CHANGING UPDATE PERIOD: ![0m
[0;33m[WW] ModuleManager: CHANGING UPDATE PERIOD: ![0m
[0;33m[WW] ModuleManager: CHANGING UPDATE PERIOD: ![0m
[0;33m[WW] ModuleManager: CHANGING UPDATE PERIOD: ![0m
[0;33m[WW] ModuleManager: CHANGING UPDATE PERIOD: ![0m
[0;33m[WW] ModuleManager: CHANGING UPDATE PERIOD: ![0m
[0;33m[WW] ModuleManager: CHANGING UPDATE PERIOD: ![0m
[0;33m[WW] ModuleManager: CHANGING UPDATE PERIOD: ![0m
[0;33m[WW] ModuleManager: CHANGING UPDATE PERIOD: ![0m
[0;33m[WW] ModuleManager: CHANGING UPDATE PERIOD: ![0m
[0;33m[WW] ModuleManager: CHANGING UPDATE PERIOD: ![0m
[0;33m[WW] ModuleManager: CHANGING UPDATE PERIOD: ![0m
[0;33m[WW] ModuleManager: CHANGING UPDATE PERIOD: ![0m
[0;33m[WW] ModuleManager: CHANGING UPDATE PERIOD: ![0m
[0;33m[WW] ModuleManager: CHANGING UPDATE PERIOD: ![0m
[0;33m[WW] ModuleManager: CHANGING UPDATE PERIOD: ![0m
[0;33m[WW] ModuleManager: CHANGING UPDATE PERIOD: ![0m
[0;33m[WW] ModuleManager: CHANGING UPDATE PERIOD: ![0m
[0;33m[WW] ModuleManager: CHANGING UPDATE PERIOD: ![0m
[0;33m[WW] ModuleManager: CHANGING UPDATE PERIOD: ![0m
[0;33m[WW] ModuleManager: CHANGING UPDATE PERIOD: ![0m
[0;33m[WW] ModuleManager: CHANGING UPDATE PERIOD: ![0m
[0;33m[WW] ModuleManager: CHANGING UPDATE PERIOD: ![0m
[0;33m[WW] ModuleManager: CHANGING UPDATE PERIOD: ![0m
[0;33m[WW] ModuleManager: CHANGING UPDATE PERIOD: ![0m
[0;33m[WW] ModuleManager: CHANGING UPDATE PERIOD: ![0m
[0;33m[WW] ModuleManager: CHANGING UPDATE PERIOD: ![0m
[0;33m[WW] ModuleManager: CHANGING UPDATE PERIOD: ![0m
[0;33m[WW] ModuleManager: CHANGING UPDATE PERIOD: ![0m
[0;33m[WW] ModuleManager: CHANGING UPDATE PERIOD: ![0m
[0;33m[WW] ModuleManager: CHANGING UPDATE PERIOD: ![0m
[0;33m[WW] ModuleManager: CHANGING UPDATE PERIOD: ![0m
[0;33m[WW] ModuleManager: CHANGING UPDATE PERIOD: ![0m
[0;33m[WW] ModuleManager: CHANGING UPDATE PERIOD: ![0m
[0;33m[WW] ModuleManager: CHANGING UPDATE PERIOD: ![0m
[0;33m[WW] ModuleManager: CHANGING UPDATE PERIOD: ![0m
izing hardware components...
initHardware(SIM): Initializing hardware components...
initHardware(SIM): Initializing hardware components...
initHardware(SIM): Initializing hardware components...
initHardware(SIM): Initializing hardware components...
initHardware(SIM): Initializing hardware components...
initHardware(SIM): Initializing hardware components...
initHardware(SIM): Initializing hardware components...
initHardware(SIM): Initializing hardware components...
initHardware(SIM): Initializing hardware components...
initHardware(SIM): Initializing hardware components...
initHardware(SIM): Initializing hardware components...
initHardware(SIM): Initializing hardware components...
initHardware(SIM): Initializing hardware components...
initHardware(SIM): Initializing hardware components...
initHardware(SIM): Initializing hardware components...
initHardware(SIM): Initializing hardware components...
initHardware(SIM): Initializing hardware components...
initHardware(SIM): Initializing hardware components...
initHardware(SIM): Initializing hardware components...
initHardware(SIM): Initializing hardware components...
initHardware(SIM): Initializing hardware components...
initHardware(SIM): Initializing hardware components...
initHardware(SIM): Initializing hardware components...
initHardware(SIM): Initializing hardware components...
initHardware(SIM): Initializing hardware components...
initHardware(SIM): Initializing hardware components...
initHardware(SIM): Initializing hardware components...
initHardware(SIM): Initializing hardware components...
initHardware(SIM): Initializing hardware components...
initHardware(SIM): Initializing hardware components...
initHardware(SIM): Initializing hardware components...
initHardware(SIM): Initializing hardware components...
initHardware(SIM): Initializing hardware components...
initHardware(SIM): Initializing hardware components...
initHardware(SIM): Initializing hardware components...
initHardware(SIM): Initializing hardware components...
initHardware(SIM): Initializing hardware components...
initHardware(SIM): Initializing hardware components...
initHardware(SIM): Initializing hardware components...
initHardware(SIM): Initializing hardware components...
initHardware(SIM): Initializing hardware components...
initHardware(SIM): Initializing hardware components...
initHardware(SIM): Initializing hardware components...
initHardware(SIM): Initializing hardware components...
initHardware(SIM): Initializing hardware components...
initHardware(SIM): Initializing hardware components...
initHardware(SIM): Initializing hardware components...
initHardware(SIM): Initializing hardware components...
initHardware(SIM): Initializing hardware components...
initHardware(SIM): Initializing hardware components...
initHardware(SIM): Initializing hardware components...
initHardware(SIM): Initializing hardware components...
initHardware(SIM): Initializing hardware components...
initHardware(SIM): Initializing hardware components...
initHardware(SIM): Initializing hardware components...
initHardware(SIM): Initializing hardware components...
initHardware(SIM): Initializing hardware components...
initHardware(SIM): Initializing hardware components...
initHardware(SIM): Initializing hardware components...
initHardware(SIM): Initializing hardware components...
initHardware(SIM): Initializing hardware components...
initHardware(SIM): Initializing hardware components...
initHardware(SIM): Initializing hardware components...
initHardware(SIM): Initializing hardware components...
initHardware(SIM): Initializing hardware components...
initHardware(SIM): Initializing hardware components...
initHardware(SIM): Initializing hardware components...
initHardware(SIM): Initializing hardware components...
initHardware(SIM): Initializing hardware components...
initHardware(SIM): Initializing hardware components...
initHardware(SIM): Initializing hardware components...
initHardware(SIM): Initializing hardware components...
initHardware(SIM): Initializing hardware components...
initHardware(SIM): Initializing hardware components.[0;33m[WW] ModuleManager: CHANGING UPDATE PERIOD: ![0m
[0;33m[WW] ModuleManager: CHANGING UPDATE PERIOD: ![0m
[0;33m[WW] ModuleManager: CHANGING UPDATE PERIOD: ![0m
[0;33m[WW] ModuleManager: CHANGING UPDATE PERIOD: ![0m
[0;33m[WW] ModuleManager: CHANGING UPDATE PERIOD: ![0m
[0;33m[WW] ModuleManager: CHANGING UPDATE PERIOD: ![0m
[0;33m[WW] ModuleManager: CHANGING UPDATE PERIOD: ![0m
[0;33m[WW] ModuleManager: CHANGING UPDATE PERIOD: ![0m
[0;33m[WW] ModuleManager: CHANGING UPDATE PERIOD: ![0m
[0;33m[WW] ModuleManager: CHANGING UPDATE PERIOD: ![0m
[0;33m[WW] ModuleManager: CHANGING UPDATE PERIOD: ![0m
[0;33m[WW] ModuleManager: CHANGING UPDATE PERIOD: ![0m
[0;33m[WW] ModuleManager: CHANGING UPDATE PERIOD: ![0m
[0;33m[WW] ModuleManager: CHANGING UPDATE PERIOD: ![0m
[0;33m[WW] ModuleManager: CHANGING UPDATE PERIOD: ![0m
[0;33m[WW] ModuleManager: CHANGING UPDATE PERIOD: ![0m
[0;33m[WW] ModuleManager: CHANGING UPDATE PERIOD: ![0m
[0;33m[WW] ModuleManager: CHANGING UPDATE PERIOD: ![0m
[0;33m[WW] ModuleManager: CHANGING UPDATE PERIOD: ![0m
[0;33m[WW] ModuleManager: CHANGING UPDATE PERIOD: ![0m
[0;33m[WW] ModuleManager: CHANGING UPDATE PERIOD: ![0m
[0;33m[WW] ModuleManager: CHANGING UPDATE PERIOD: ![0m
[0;33m[WW] ModuleManager: CHANGING UPDATE PERIOD: ![0m
[0;33m[WW] ModuleManager: CHANGING UPDATE PERIOD: ![0m
[0;33m[WW] ModuleManager: CHANGING UPDATE PERIOD: ![0m
[0;33m[WW] ModuleManager: CHANGING UPDATE PERIOD: ![0m
[0;33m[WW] ModuleManager: CHANGING UPDATE PERIOD: ![0m
[0;33m[WW] ModuleManager: CHANGING UPDATE PERIOD: ![0m
[0;33m[WW] ModuleManager: CHANGING UPDATE PERIOD: ![0m
[0;33m[WW] ModuleManager: CHANGING UPDATE PERIOD: ![0m
[0;33m[WW] ModuleManager: CHANGING UPDATE PERIOD: ![0m
[0;33m[WW] ModuleManager: CHANGING UPDATE PERIOD: ![0m
[0;33m[WW] ModuleManager: CHANGING UPDATE PERIOD: ![0m
[0;33m[WW] ModuleManager: CHANGING UPDATE PERIOD: ![0m
[0;33m[WW] ModuleManager: CHANGING UPDATE PERIOD: ![0m
[0;33m[WW] ModuleManager: CHANGING UPDATE PERIOD: ![0m
[0;33m[WW] ModuleManager: CHANGING UPDATE PERIOD: ![0m
[0;33m[WW] ModuleManager: CHANGING UPDATE PERIOD: ![0m
[0;33m[WW] ModuleManager: CHANGING UPDATE PERIOD: ![0m
[0;33m[WW] ModuleManager: CHANGING UPDATE PERIOD: ![0m
[0;33m[WW] ModuleManager: CHANGING UPDATE PERIOD: ![0m
[0;33m[WW] ModuleManager: CHANGING UPDATE PERIOD: ![0m
[0;33m[WW] ModuleManager: CHANGING UPDATE PERIOD: ![0m
[0;33m[WW] ModuleManager: CHANGING UPDATE PERIOD: ![0m
[0;33m[WW] ModuleManager: CHANGING UPDATE PERIOD: ![0m
[0;33m[WW] ModuleManager: CHANGING UPDATE PERIOD: ![0m
[0;33m[WW] ModuleManager: CHANGING UPDATE PERIOD: ![0m
[0;33m[WW] ModuleManager: CHANGING UPDATE PERIOD: ![0m
[0;33m[WW] ModuleManager: CHANGING UPDATE PERIOD: ![0m
[0;33m[WW] ModuleManager: CHANGING UPDATE PERIOD: ![0m
[0;33m[WW] ModuleManager: CHANGING UPDATE PERIOD: ![0m
[0;33m[WW] ModuleManager: CHANGING UPDATE PERIOD: ![0m
[0;33m[WW] ModuleManager: CHANGING UPDATE PERIOD: ![0m
[0;33m[WW] ModuleManager: CHANGING UPDATE PERIOD: ![0m
[0;33m[WW] ModuleManager: CHANGING UPDATE PERIOD: ![0m
[0;33m[WW] ModuleManager: CHANGING UPDATE PERIOD: ![0m
[0;33m[WW] ModuleManager: CHANGING UPDATE PERIOD: ![0m
[0;33m[WW] ModuleManager: CHANGING UPDATE PERIOD: ![0m
[0;33m[WW] ModuleManager: CHANGING UPDATE PERIOD: ![0m
[0;33m[WW] ModuleManager: CHANGING UPDATE PERIOD: ![0m
[0;33m[WW] ModuleManager: CHANGING UPDATE PERIOD: ![0m
[0;33m[WW] ModuleManager: CHANGING UPDATE PERIOD: ![0m
[0;33m[WW] ModuleManager: CHANGING UPDATE PERIOD: ![0m
[0;33m[WW] ModuleManager: CHANGING UPDATE PERIOD: ![0m
[0;33m[WW] ModuleManager: CHANGING UPDATE PERIOD: ![0m
[0;33m[WW] ModuleManager: CHANGING UPDATE PERIOD: ![0m
[0;33m[WW] ModuleManager: CHANGING UPDATE PERIOD: ![0m
[0;33m[WW] ModuleManager: CHANGING UPDATE PERIOD: ![0m
[0;33m[WW] ModuleManager: CHANGING UPDATE PERIOD: ![0m
[0;33m[WW] ModuleManager: CHANGING UPDATE PERIOD: ![0m
[0;33m[WW] ModuleManager: CHANGING UPDATE PERIOD: ![0m
[0;33m[WW] ModuleManager: CHANGING UPDATE PERIOD: ![0m
[0;33m[WW] ModuleManager: CHANGING UPDATE PERIOD: ![0m
[0;33m[WW] ModuleManager: CHANGING UPDATE PERIOD: ![0m
[0;33m[WW] ModuleManager: CHANGING UPDATE PERIOD: ![0m
..
initHardware(SIM): Initializing hardware components...
initHardware(SIM): Initializing hardware components...
initHardware(SIM): Initializing hardware components...
initHardware(SIM): Initializing hardware components...
initHardware(SIM): Initializing hardware components...
initHardware(SIM): Initializing hardware components...
initHardware(SIM): Initializing hardware components...
initHardware(SIM): Initializing hardware components...
initHardware(SIM): Initializing hardware components...
initHardware(SIM): Initializing hardware components...
initHardware(SIM): Initializing hardware components...
initHardware(SIM): Initializing hardware components...
initHardware(SIM): Initializing hardware components...
initHardware(SIM): Initializing hardware components...
initHardware(SIM): Initializing hardware components...
initHardware(SIM): Initializing hardware components...
initHardware(SIM): Initializing hardware components...
initHardware(SIM): Initializing hardware components...
initHardware(SIM): Initializing hardware components...
initHardware(SIM): Initializing hardware components...
initHardware(SIM): Initializing hardware components...
initHardware(SIM): Initializing hardware components...
initHardware(SIM): Initializing hardware components...
initHardware(SIM): Initializing hardware components...
initHardware(SIM): Initializing hardware components...
initHardware(SIM): Initializing hardware components...
initHardware(SIM): Initializing hardware components...
initHardware(SIM): Initializing hardware components...
initHardware(SIM): Initializing hardware components...
initHardware(SIM): Initializing hardware components...
initHardware(SIM): Initializing hardware components...
initHardware(SIM): Initializing hardware components...
initHardware(SIM): Initializing hardware components...
initHardware(SIM): Initializing hardware components...
initHardware(SIM): Initializing hardware components...
initHardware(SIM): Initializing hardware components...
initHardware(SIM): Initializing hardware components...
initHardware(SIM): Initializing hardware components...
initHardware(SIM): Initializing hardware components...
initHardware(SIM): Initializing hardware components...
initHardware(SIM): Initializing hardware components...
initHardware(SIM): Initializing hardware components...
initHardware(SIM): Initializing hardware components...
initHardware(SIM): Initializing hardware components...
initHardware(SIM): Initializing hardware components...
initHardware(SIM): Initializing hardware components...
initHardware(SIM): Initializing hardware components...
initHardware(SIM): Initializing hardware components...
initHardware(SIM): Initializing hardware components...
initHardware(SIM): Initializing hardware components...
initHardware(SIM): Initializing hardware components...
initHardware(SIM): Initializing hardware components...
initHardware(SIM): Initializing hardware components...
initHardware(SIM): Initializing hardware components...
initHardware(SIM): Initializing hardware components...
initHardware(SIM): Initializing hardware components...
initHardware(SIM): Initializing hardware components...
initHardware(SIM): Initializing hardware components...
initHardware(SIM): Initializing hardware components...
initHardware(SIM): Initializing hardware components...
initHardware(SIM): Initializing hardware components...
initHardware(SIM): Initializing hardware components...
initHardware(SIM): Initializing hardware components...
initHardware(SIM): Initializing hardware components...
initHardware(SIM): Initializing hardware components...
initHardware(SIM): Initializing hardware components...
initHardware(SIM): Initializing hardware components...
initHardware(SIM): Initializing hardware components...
initHardware(SIM): Initializing hardware components...
initHardware(SIM): Initializing hardware components...
initHardware(SIM): Initializing hardware components...
initHardware(SIM): Initializing hardware components...
initHardware(SIM): Initializing hardware components...
initHardware(SIM): Initializing hardware components...
initHardware(SIM): Init[0;33m[WW] ModuleManager: CHANGING UPDATE PERIOD: ![0m
[0;33m[WW] ModuleManager: CHANGING UPDATE PERIOD: ![0m
[0;33m[WW] ModuleManager: CHANGING UPDATE PERIOD: ![0m
[0;33m[WW] ModuleManager: CHANGING UPDATE PERIOD: ![0m
[0;33m[WW] ModuleManager: CHANGING UPDATE PERIOD: ![0m
[0;33m[WW] ModuleManager: CHANGING UPDATE PERIOD: ![0m
[0;33m[WW] ModuleManager: CHANGING UPDATE PERIOD: ![0m
[0;33m[WW] ModuleManager: CHANGING UPDATE PERIOD: ![0m
[0;33m[WW] ModuleManager: CHANGING UPDATE PERIOD: ![0m
[0;33m[WW] ModuleManager: CHANGING UPDATE PERIOD: ![0m
[0;33m[WW] ModuleManager: CHANGING UPDATE PERIOD: ![0m
[0;33m[WW] ModuleManager: CHANGING UPDATE PERIOD: ![0m
[0;33m[WW] ModuleManager: CHANGING UPDATE PERIOD: ![0m
[0;33m[WW] ModuleManager: CHANGING UPDATE PERIOD: ![0m
[0;33m[WW] ModuleManager: CHANGING UPDATE PERIOD: ![0m
[0;33m[WW] ModuleManager: CHANGING UPDATE PERIOD: ![0m
[0;33m[WW] ModuleManager: CHANGING UPDATE PERIOD: ![0m
[0;33m[WW] ModuleManager: CHANGING UPDATE PERIOD: ![0m
[0;33m[WW] ModuleManager: CHANGING UPDATE PERIOD: ![0m
[0;33m[WW] ModuleManager: CHANGING UPDATE PERIOD: ![0m
[0;33m[WW] ModuleManager: CHANGING UPDATE PERIOD: ![0m
[0;33m[WW] ModuleManager: CHANGING UPDATE PERIOD: ![0m
[0;33m[WW] ModuleManager: CHANGING UPDATE PERIOD: ![0m
[0;33m[WW] ModuleManager: CHANGING UPDATE PERIOD: ![0m
[0;33m[WW] ModuleManager: CHANGING UPDATE PERIOD: ![0m
[0;33m[WW] ModuleManager: CHANGING UPDATE PERIOD: ![0m
[0;33m[WW] ModuleManager: CHANGING UPDATE PERIOD: ![0m
[0;33m[WW] ModuleManager: CHANGING UPDATE PERIOD: ![0m
[0;33m[WW] ModuleManager: CHANGING UPDATE PERIOD: ![0m
[0;33m[WW] ModuleManager: CHANGING UPDATE PERIOD: ![0m
[0;33m[WW] ModuleManager: CHANGING UPDATE PERIOD: ![0m
[0;33m[WW] ModuleManager: CHANGING UPDATE PERIOD: ![0m
/usr/local/lib/python3.10/dist-packages/stable_baselines3/common/vec_env/base_vec_env.py:78: UserWarning: The `render_mode` attribute is not defined in your environment. It will be set to None.
  warnings.warn("The `render_mode` attribute is not defined in your environment. It will be set to None.")
/usr/local/lib/python3.10/dist-packages/stable_baselines3/common/policies.py:486: UserWarning: As shared layers in the mlp_extractor are removed since SB3 v1.8.0, you should now pass directly a dictionary and not a list (net_arch=dict(pi=..., vf=...) instead of net_arch=[dict(pi=..., vf=...)])
  warnings.warn(
INFO:root:Starting training...
INFO:root:KL-adaptive learning rate: desired_kl=0.01, bounds [1e-07, 0.0001], target_kl backstop moved to 0.04
ializing hardware components...
initHardware(SIM): Initializing hardware components...
initHardware(SIM): Initializing hardware components...
initHardware(SIM): Initializing hardware components...
initHardware(SIM): Initializing hardware components...
initHardware(SIM): Initializing hardware components...
initHardware(SIM): Initializing hardware components...
initHardware(SIM): Initializing hardware components...
initHardware(SIM): Initializing hardware components...
initHardware(SIM): Initializing hardware components...
initHardware(SIM): Initializing hardware components...
initHardware(SIM): Initializing hardware components...
initHardware(SIM): Initializing hardware components...
initHardware(SIM): Initializing hardware components...
initHardware(SIM): Initializing hardware components...
initHardware(SIM): Initializing hardware components...
initHardware(SIM): Initializing hardware components...
initHardware(SIM): Initializing hardware components...
initHardware(SIM): Initializing hardware components...
initHardware(SIM): Initializing hardware components...
initHardware(SIM): Initializing hardware components...
initHardware(SIM): Initializing hardware components...
initHardware(SIM): Initializing hardware components...
initHardware(SIM): Initializing hardware components...
initHardware(SIM): Initializing hardware components...
initHardware(SIM): Initializing hardware components...
initHardware(SIM): Initializing hardware components...
initHardware(SIM): Initializing hardware components...
initHardware(SIM): Initializing hardware components...
initHardware(SIM): Initializing hardware components...
initHardware(SIM): Initializing hardware components...
initHardware(SIM): Initializing hardware components...
PARITY max_torque=23.700 23.700 45.430
PARITY contact_mu=0.450
PARITY body_height=0.320
PARITY Kp_body=100.000 100.000 100.000
PARITY Kd_body=30.000 30.000 30.000
PARITY Kp_ori=100.000 100.000 100.000
PARITY Kd_ori=10.000 10.000 10.000
PARITY Kp_foot=550.000 550.000 550.000
PARITY Kd_foot=10.000 10.000 10.000
PARITY Kp_joint=5.000 5.000 5.000
PARITY Kd_joint=3.000 3.000 3.000
PARITY floating_base_weight=50.000
PARITY control_mode=5.000
Using GPU: False
Using VecNormalize wrapper...
Creating new model...
Using cpu device
New model created.
---------------------------------
| rollout/           |          |
|    ep_len_mean     | 426      |
|    ep_rew_mean     | 37       |
| time/              |          |
|    fps             | 3424     |
|    iterations      | 1        |
|    time_elapsed    | 38       |
|    total_timesteps | 131072   |
---------------------------------
/usr/local/lib/python3.10/dist-packages/stable_baselines3/common/utils.py:166: UserWarning: get_schedule_fn() is deprecated, please use FloatSchedule() instead
  warnings.warn("get_schedule_fn() is deprecated, please use FloatSchedule() instead")
/usr/local/lib/python3.10/dist-packages/stable_baselines3/common/utils.py:212: UserWarning: constant_fn() is deprecated, please use ConstantSchedule() instead
  warnings.warn("constant_fn() is deprecated, please use ConstantSchedule() instead")
[HumanoidEnv] Reset state env_id=0 z=0.329 rpy=[-0.000, -0.003, 0.000]
[HumanoidEnv] unhealthy terminate at step=846 z=0.191383 rpy=[0.743435, -0.326831, -1.86408] v_body=[1.14549, -0.445691, -0.616415]
PARITY max_torque=23.700 23.700 45.430
PARITY contact_mu=0.450
PARITY body_height=0.320
PARITY Kp_body=100.000 100.000 100.000
PARITY Kd_body=30.000 30.000 30.000
PARITY Kp_ori=100.000 100.000 100.000
PARITY Kd_ori=10.000 10.000 10.000
PARITY Kp_foot=550.000 550.000 550.000
PARITY Kd_foot=10.000 10.000 10.000
PARITY Kp_joint=5.000 5.000 5.000
PARITY Kd_joint=3.000 3.000 3.000
PARITY floating_base_weight=50.000
PARITY control_mode=5.000
------------------------------------------
| rollout/                |              |
|    ep_len_mean          | 727          |
|    ep_rew_mean          | 43.2         |
| time/                   |              |
|    fps                  | 2723         |
|    iterations           | 2            |
|    time_elapsed         | 96           |
|    total_timesteps      | 262144       |
| train/                  |              |
|    adaptive_lr          | 1.5e-05      |
|    approx_kl            | 0.0023725163 |
|    clip_fraction        | 0.115        |
|    clip_range           | 0.1          |
|    clip_range_vf        | 0.2          |
|    entropy_loss         | 39.5         |
|    explained_variance   | -0.0561      |
|    learning_rate        | 1e-05        |
|    loss                 | 3.87         |
|    n_updates            | 10           |
|    policy_gradient_loss | -0.00117     |
|    std                  | 0.0499       |
|    value_loss           | 2.84         |
------------------------------------------
-----------------------------------------
| rollout/                |             |
|    ep_len_mean          | 565         |
|    ep_rew_mean          | 22.8        |
| time/                   |             |
|    fps                  | 2552        |
|    iterations           | 3           |
|    time_elapsed         | 154         |
|    total_timesteps      | 393216      |
| train/                  |             |
|    adaptive_lr          | 2.25e-05    |
|    approx_kl            | 0.002840408 |
|    clip_fraction        | 0.143       |
|    clip_range           | 0.1         |
|    clip_range_vf        | 0.2         |
|    entropy_loss         | 39.4        |
|    explained_variance   | 0.0259      |
|    learning_rate        | 1.5e-05     |
|    loss                 | 1.45        |
|    n_updates            | 20          |
|    policy_gradient_loss | -0.00214    |
|    std                  | 0.05        |
|    value_loss           | 1.08        |
-----------------------------------------
[HumanoidEnv] Reset state env_id=0 z=0.300 rpy=[-0.002, -0.002, 0.000]
[HumanoidEnv] unhealthy terminate at step=733 z=0.192768 rpy=[-0.291304, -0.019953, 0.725648] v_body=[0.525775, -2.06239, -0.753957]
PARITY max_torque=23.700 23.700 45.430
PARITY contact_mu=0.450
PARITY body_height=0.320
PARITY Kp_body=100.000 100.000 100.000
PARITY Kd_body=30.000 30.000 30.000
PARITY Kp_ori=100.000 100.000 100.000
PARITY Kd_ori=10.000 10.000 10.000
PARITY Kp_foot=550.000 550.000 550.000
PARITY Kd_foot=10.000 10.000 10.000
PARITY Kp_joint=5.000 5.000 5.000
PARITY Kd_joint=3.000 3.000 3.000
PARITY floating_base_weight=50.000
PARITY control_mode=5.000
------------------------------------------
| rollout/                |              |
|    ep_len_mean          | 474          |
|    ep_rew_mean          | 19.3         |
| time/                   |              |
|    fps                  | 2458         |
|    iterations           | 4            |
|    time_elapsed         | 213          |
|    total_timesteps      | 524288       |
| train/                  |              |
|    adaptive_lr          | 3.38e-05     |
|    approx_kl            | 0.0034655333 |
|    clip_fraction        | 0.18         |
|    clip_range           | 0.1          |
|    clip_range_vf        | 0.2          |
|    entropy_loss         | 39.4         |
|    explained_variance   | 0.0865       |
|    learning_rate        | 2.25e-05     |
|    loss                 | 1.27         |
|    n_updates            | 30           |
|    policy_gradient_loss | -0.000698    |
|    std                  | 0.0502       |
|    value_loss           | 0.9          |
------------------------------------------
[HumanoidEnv] Reset state env_id=0 z=0.294 rpy=[-0.001, -0.002, 0.000]
[HumanoidEnv] unhealthy terminate at step=530 z=0.185079 rpy=[-1.58423, 0.309505, 2.0174] v_body=[1.3824, -0.39577, 1.58014]
PARITY max_torque=23.700 23.700 45.430
PARITY contact_mu=0.450
PARITY body_height=0.320
PARITY Kp_body=100.000 100.000 100.000
PARITY Kd_body=30.000 30.000 30.000
PARITY Kp_ori=100.000 100.000 100.000
PARITY Kd_ori=10.000 10.000 10.000
PARITY Kp_foot=550.000 550.000 550.000
PARITY Kd_foot=10.000 10.000 10.000
PARITY Kp_joint=5.000 5.000 5.000
PARITY Kd_joint=3.000 3.000 3.000
PARITY floating_base_weight=50.000
PARITY control_mode=5.000
------------------------------------------
| rollout/                |              |
|    ep_len_mean          | 464          |
|    ep_rew_mean          | 18.5         |
| time/                   |              |
|    fps                  | 2405         |
|    iterations           | 5            |
|    time_elapsed         | 272          |
|    total_timesteps      | 655360       |
| train/                  |              |
|    adaptive_lr          | 5.06e-05     |
|    approx_kl            | 0.0049349805 |
|    clip_fraction        | 0.245        |
|    clip_range           | 0.1          |
|    clip_range_vf        | 0.2          |
|    entropy_loss         | 39.3         |
|    explained_variance   | 0.237        |
|    learning_rate        | 3.38e-05     |
|    loss                 | 1.24         |
|    n_updates            | 40           |
|    policy_gradient_loss | 0.00111      |
|    std                  | 0.0503       |
|    value_loss           | 0.817        |
------------------------------------------
[HumanoidEnv] Reset state env_id=0 z=0.324 rpy=[0.002, -0.002, -0.000]
[HumanoidEnv] unhealthy terminate at step=567 z=0.196349 rpy=[-2.65242, -0.428916, -0.258789] v_body=[0.421254, -1.85871, 0.37175]
PARITY max_torque=23.700 23.700 45.430
PARITY contact_mu=0.450
PARITY body_height=0.320
PARITY Kp_body=100.000 100.000 100.000
PARITY Kd_body=30.000 30.000 30.000
PARITY Kp_ori=100.000 100.000 100.000
PARITY Kd_ori=10.000 10.000 10.000
PARITY Kp_foot=550.000 550.000 550.000
PARITY Kd_foot=10.000 10.000 10.000
PARITY Kp_joint=5.000 5.000 5.000
PARITY Kd_joint=3.000 3.000 3.000
PARITY floating_base_weight=50.000
PARITY control_mode=5.000
------------------------------------------
| rollout/                |              |
|    ep_len_mean          | 549          |
|    ep_rew_mean          | 22           |
| time/                   |              |
|    fps                  | 2370         |
|    iterations           | 6            |
|    time_elapsed         | 331          |
|    total_timesteps      | 786432       |
| train/                  |              |
|    adaptive_lr          | 5.06e-05     |
|    approx_kl            | 0.0069599315 |
|    clip_fraction        | 0.317        |
|    clip_range           | 0.1          |
|    clip_range_vf        | 0.2          |
|    entropy_loss         | 39.2         |
|    explained_variance   | 0.362        |
|    learning_rate        | 5.06e-05     |
|    loss                 | 1.17         |
|    n_updates            | 50           |
|    policy_gradient_loss | 0.00447      |
|    std                  | 0.0505       |
|    value_loss           | 0.772        |
------------------------------------------
[HumanoidEnv] Reset state env_id=0 z=0.284 rpy=[0.001, 0.000, 0.001]
[HumanoidEnv] unhealthy terminate at step=791 z=0.19521 rpy=[-0.83202, -0.197167, -0.906326] v_body=[-1.63177, -0.66068, -0.333097]
PARITY max_torque=23.700 23.700 45.430
PARITY contact_mu=0.450
PARITY body_height=0.320
PARITY Kp_body=100.000 100.000 100.000
PARITY Kd_body=30.000 30.000 30.000
PARITY Kp_ori=100.000 100.000 100.000
PARITY Kd_ori=10.000 10.000 10.000
PARITY Kp_foot=550.000 550.000 550.000
PARITY Kd_foot=10.000 10.000 10.000
PARITY Kp_joint=5.000 5.000 5.000
PARITY Kd_joint=3.000 3.000 3.000
PARITY floating_base_weight=50.000
PARITY control_mode=5.000
------------------------------------------
| rollout/                |              |
|    ep_len_mean          | 454          |
|    ep_rew_mean          | 18           |
| time/                   |              |
|    fps                  | 2340         |
|    iterations           | 7            |
|    time_elapsed         | 391          |
|    total_timesteps      | 917504       |
| train/                  |              |
|    adaptive_lr          | 5.06e-05     |
|    approx_kl            | 0.0069604786 |
|    clip_fraction        | 0.317        |
|    clip_range           | 0.1          |
|    clip_range_vf        | 0.2          |
|    entropy_loss         | 39.1         |
|    explained_variance   | 0.484        |
|    learning_rate        | 5.06e-05     |
|    loss                 | 1.02         |
|    n_updates            | 60           |
|    policy_gradient_loss | 0.00413      |
|    std                  | 0.0506       |
|    value_loss           | 0.624        |
------------------------------------------
[HumanoidEnv] Reset state env_id=0 z=0.291 rpy=[0.002, -0.002, 0.000]
[HumanoidEnv] unhealthy terminate at step=589 z=0.190984 rpy=[0.681005, -0.1278, 0.481759] v_body=[0.0486912, 1.60591, -0.995911]
PARITY max_torque=23.700 23.700 45.430
PARITY contact_mu=0.450
PARITY body_height=0.320
PARITY Kp_body=100.000 100.000 100.000
PARITY Kd_body=30.000 30.000 30.000
PARITY Kp_ori=100.000 100.000 100.000
PARITY Kd_ori=10.000 10.000 10.000
PARITY Kp_foot=550.000 550.000 550.000
PARITY Kd_foot=10.000 10.000 10.000
PARITY Kp_joint=5.000 5.000 5.000
PARITY Kd_joint=3.000 3.000 3.000
PARITY floating_base_weight=50.000
PARITY control_mode=5.000
-----------------------------------------
| rollout/                |             |
|    ep_len_mean          | 616         |
|    ep_rew_mean          | 23.9        |
| time/                   |             |
|    fps                  | 2316        |
|    iterations           | 8           |
|    time_elapsed         | 452         |
|    total_timesteps      | 1048576     |
| train/                  |             |
|    adaptive_lr          | 5.06e-05    |
|    approx_kl            | 0.006795887 |
|    clip_fraction        | 0.308       |
|    clip_range           | 0.1         |
|    clip_range_vf        | 0.2         |
|    entropy_loss         | 39.1        |
|    explained_variance   | 0.588       |
|    learning_rate        | 5.06e-05    |
|    loss                 | 0.965       |
|    n_updates            | 70          |
|    policy_gradient_loss | 0.0037      |
|    std                  | 0.0508      |
|    value_loss           | 0.605       |
-----------------------------------------
[HumanoidEnv] Reset state env_id=0 z=0.271 rpy=[-0.001, -0.001, 0.001]
[HumanoidEnv] unhealthy terminate at step=422 z=0.195383 rpy=[2.66459, 0.203108, -1.32145] v_body=[-1.27473, -0.186332, 2.21726]
PARITY max_torque=23.700 23.700 45.430
PARITY contact_mu=0.450
PARITY body_height=0.320
PARITY Kp_body=100.000 100.000 100.000
PARITY Kd_body=30.000 30.000 30.000
PARITY Kp_ori=100.000 100.000 100.000
PARITY Kd_ori=10.000 10.000 10.000
PARITY Kp_foot=550.000 550.000 550.000
PARITY Kd_foot=10.000 10.000 10.000
PARITY Kp_joint=5.000 5.000 5.000
PARITY Kd_joint=3.000 3.000 3.000
PARITY floating_base_weight=50.000
PARITY control_mode=5.000
----------------------------------------
| rollout/                |            |
|    ep_len_mean          | 620        |
|    ep_rew_mean          | 24.4       |
| time/                   |            |
|    fps                  | 2303       |
|    iterations           | 9          |
|    time_elapsed         | 512        |
|    total_timesteps      | 1179648    |
| train/                  |            |
|    adaptive_lr          | 5.06e-05   |
|    approx_kl            | 0.00665105 |
|    clip_fraction        | 0.305      |
|    clip_range           | 0.1        |
|    clip_range_vf        | 0.2        |
|    entropy_loss         | 39         |
|    explained_variance   | 0.616      |
|    learning_rate        | 5.06e-05   |
|    loss                 | 0.923      |
|    n_updates            | 80         |
|    policy_gradient_loss | 0.00391    |
|    std                  | 0.0509     |
|    value_loss           | 0.548      |
----------------------------------------
[HumanoidEnv] Reset state env_id=0 z=0.315 rpy=[-0.001, -0.003, 0.000]
[HumanoidEnv] unhealthy terminate at step=548 z=0.192825 rpy=[1.11162, -0.4875, -1.10563] v_body=[1.9121, -0.670506, -1.50911]
PARITY max_torque=23.700 23.700 45.430
PARITY contact_mu=0.450
PARITY body_height=0.320
PARITY Kp_body=100.000 100.000 100.000
PARITY Kd_body=30.000 30.000 30.000
PARITY Kp_ori=100.000 100.000 100.000
PARITY Kd_ori=10.000 10.000 10.000
PARITY Kp_foot=550.000 550.000 550.000
PARITY Kd_foot=10.000 10.000 10.000
PARITY Kp_joint=5.000 5.000 5.000
PARITY Kd_joint=3.000 3.000 3.000
PARITY floating_base_weight=50.000
PARITY control_mode=5.000
------------------------------------------
| rollout/                |              |
|    ep_len_mean          | 496          |
|    ep_rew_mean          | 20           |
| time/                   |              |
|    fps                  | 2290         |
|    iterations           | 10           |
|    time_elapsed         | 572          |
|    total_timesteps      | 1310720      |
| train/                  |              |
|    adaptive_lr          | 5.06e-05     |
|    approx_kl            | 0.0066297227 |
|    clip_fraction        | 0.312        |
|    clip_range           | 0.1          |
|    clip_range_vf        | 0.2          |
|    entropy_loss         | 38.9         |
|    explained_variance   | 0.682        |
|    learning_rate        | 5.06e-05     |
|    loss                 | 0.867        |
|    n_updates            | 90           |
|    policy_gradient_loss | 0.00349      |
|    std                  | 0.0511       |
|    value_loss           | 0.504        |
------------------------------------------
[HumanoidEnv] Reset state env_id=0 z=0.298 rpy=[0.000, -0.001, 0.000]
[HumanoidEnv] unhealthy terminate at step=493 z=0.193398 rpy=[-2.2932, 0.107831, 2.47502] v_body=[-1.09146, 0.202151, 1.63864]
PARITY max_torque=23.700 23.700 45.430
PARITY contact_mu=0.450
PARITY body_height=0.320
PARITY Kp_body=100.000 100.000 100.000
PARITY Kd_body=30.000 30.000 30.000
PARITY Kp_ori=100.000 100.000 100.000
PARITY Kd_ori=10.000 10.000 10.000
PARITY Kp_foot=550.000 550.000 550.000
PARITY Kd_foot=10.000 10.000 10.000
PARITY Kp_joint=5.000 5.000 5.000
PARITY Kd_joint=3.000 3.000 3.000
PARITY floating_base_weight=50.000
PARITY control_mode=5.000
-----------------------------------------
| rollout/                |             |
|    ep_len_mean          | 584         |
|    ep_rew_mean          | 23          |
| time/                   |             |
|    fps                  | 2276        |
|    iterations           | 11          |
|    time_elapsed         | 633         |
|    total_timesteps      | 1441792     |
| train/                  |             |
|    adaptive_lr          | 5.06e-05    |
|    approx_kl            | 0.006516813 |
|    clip_fraction        | 0.3         |
|    clip_range           | 0.1         |
|    clip_range_vf        | 0.2         |
|    entropy_loss         | 38.8        |
|    explained_variance   | 0.717       |
|    learning_rate        | 5.06e-05    |
|    loss                 | 0.857       |
|    n_updates            | 100         |
|    policy_gradient_loss | 0.00322     |
|    std                  | 0.0512      |
|    value_loss           | 0.48        |
-----------------------------------------
[HumanoidEnv] Reset state env_id=0 z=0.314 rpy=[-0.002, -0.001, 0.000]
[HumanoidEnv] unhealthy terminate at step=404 z=0.19373 rpy=[3.04703, -0.565574, -0.65037] v_body=[0.641086, 2.5107, 1.31056]
PARITY max_torque=23.700 23.700 45.430
PARITY contact_mu=0.450
PARITY body_height=0.320
PARITY Kp_body=100.000 100.000 100.000
PARITY Kd_body=30.000 30.000 30.000
PARITY Kp_ori=100.000 100.000 100.000
PARITY Kd_ori=10.000 10.000 10.000
PARITY Kp_foot=550.000 550.000 550.000
PARITY Kd_foot=10.000 10.000 10.000
PARITY Kp_joint=5.000 5.000 5.000
PARITY Kd_joint=3.000 3.000 3.000
PARITY floating_base_weight=50.000
PARITY control_mode=5.000
------------------------------------------
| rollout/                |              |
|    ep_len_mean          | 499          |
|    ep_rew_mean          | 19.7         |
| time/                   |              |
|    fps                  | 2256         |
|    iterations           | 12           |
|    time_elapsed         | 696          |
|    total_timesteps      | 1572864      |
| train/                  |              |
|    adaptive_lr          | 5.06e-05     |
|    approx_kl            | 0.0068494505 |
|    clip_fraction        | 0.307        |
|    clip_range           | 0.1          |
|    clip_range_vf        | 0.2          |
|    entropy_loss         | 38.7         |
|    explained_variance   | 0.791        |
|    learning_rate        | 5.06e-05     |
|    loss                 | 0.8          |
|    n_updates            | 110          |
|    policy_gradient_loss | 0.00326      |
|    std                  | 0.0514       |
|    value_loss           | 0.424        |
------------------------------------------
[HumanoidEnv] Reset state env_id=0 z=0.280 rpy=[-0.000, -0.001, 0.001]
[HumanoidEnv] unhealthy terminate at step=654 z=0.19926 rpy=[2.22145, 0.389931, -0.765918] v_body=[-0.207004, 0.477674, 0.487807]
PARITY max_torque=23.700 23.700 45.430
PARITY contact_mu=0.450
PARITY body_height=0.320
PARITY Kp_body=100.000 100.000 100.000
PARITY Kd_body=30.000 30.000 30.000
PARITY Kp_ori=100.000 100.000 100.000
PARITY Kd_ori=10.000 10.000 10.000
PARITY Kp_foot=550.000 550.000 550.000
PARITY Kd_foot=10.000 10.000 10.000
PARITY Kp_joint=5.000 5.000 5.000
PARITY Kd_joint=3.000 3.000 3.000
PARITY floating_base_weight=50.000
PARITY control_mode=5.000
-----------------------------------------
| rollout/                |             |
|    ep_len_mean          | 465         |
|    ep_rew_mean          | 18.3        |
| time/                   |             |
|    fps                  | 2246        |
|    iterations           | 13          |
|    time_elapsed         | 758         |
|    total_timesteps      | 1703936     |
| train/                  |             |
|    adaptive_lr          | 5.06e-05    |
|    approx_kl            | 0.006639146 |
|    clip_fraction        | 0.299       |
|    clip_range           | 0.1         |
|    clip_range_vf        | 0.2         |
|    entropy_loss         | 38.7        |
|    explained_variance   | 0.805       |
|    learning_rate        | 5.06e-05    |
|    loss                 | 0.784       |
|    n_updates            | 120         |
|    policy_gradient_loss | 0.00326     |
|    std                  | 0.0515      |
|    value_loss           | 0.418       |
-----------------------------------------
[HumanoidEnv] Reset state env_id=0 z=0.318 rpy=[-0.002, -0.003, 0.000]
[HumanoidEnv] unhealthy terminate at step=550 z=0.19424 rpy=[-1.36047, 0.19441, 2.39523] v_body=[0.155394, 1.69155, 1.16145]
PARITY max_torque=23.700 23.700 45.430
PARITY contact_mu=0.450
PARITY body_height=0.320
PARITY Kp_body=100.000 100.000 100.000
PARITY Kd_body=30.000 30.000 30.000
PARITY Kp_ori=100.000 100.000 100.000
PARITY Kd_ori=10.000 10.000 10.000
PARITY Kp_foot=550.000 550.000 550.000
PARITY Kd_foot=10.000 10.000 10.000
PARITY Kp_joint=5.000 5.000 5.000
PARITY Kd_joint=3.000 3.000 3.000
PARITY floating_base_weight=50.000
PARITY control_mode=5.000
-----------------------------------------
| rollout/                |             |
|    ep_len_mean          | 509         |
|    ep_rew_mean          | 20          |
| time/                   |             |
|    fps                  | 2230        |
|    iterations           | 14          |
|    time_elapsed         | 822         |
|    total_timesteps      | 1835008     |
| train/                  |             |
|    adaptive_lr          | 5.06e-05    |
|    approx_kl            | 0.006697708 |
|    clip_fraction        | 0.301       |
|    clip_range           | 0.1         |
|    clip_range_vf        | 0.2         |
|    entropy_loss         | 38.6        |
|    explained_variance   | 0.822       |
|    learning_rate        | 5.06e-05    |
|    loss                 | 0.791       |
|    n_updates            | 130         |
|    policy_gradient_loss | 0.00312     |
|    std                  | 0.0517      |
|    value_loss           | 0.397       |
-----------------------------------------
[HumanoidEnv] Reset state env_id=0 z=0.324 rpy=[0.001, -0.002, 0.000]
[HumanoidEnv] unhealthy terminate at step=431 z=0.19973 rpy=[-2.84838, 0.345814, 2.34275] v_body=[-2.19931, -0.424801, 0.118586]
PARITY max_torque=23.700 23.700 45.430
PARITY contact_mu=0.450
PARITY body_height=0.320
PARITY Kp_body=100.000 100.000 100.000
PARITY Kd_body=30.000 30.000 30.000
PARITY Kp_ori=100.000 100.000 100.000
PARITY Kd_ori=10.000 10.000 10.000
PARITY Kp_foot=550.000 550.000 550.000
PARITY Kd_foot=10.000 10.000 10.000
PARITY Kp_joint=5.000 5.000 5.000
PARITY Kd_joint=3.000 3.000 3.000
PARITY floating_base_weight=50.000
PARITY control_mode=5.000
------------------------------------------
| rollout/                |              |
|    ep_len_mean          | 508          |
|    ep_rew_mean          | 19.4         |
| time/                   |              |
|    fps                  | 2213         |
|    iterations           | 15           |
|    time_elapsed         | 888          |
|    total_timesteps      | 1966080      |
| train/                  |              |
|    adaptive_lr          | 5.06e-05     |
|    approx_kl            | 0.0066800867 |
|    clip_fraction        | 0.3          |
|    clip_range           | 0.1          |
|    clip_range_vf        | 0.2          |
|    entropy_loss         | 38.5         |
|    explained_variance   | 0.821        |
|    learning_rate        | 5.06e-05     |
|    loss                 | 0.765        |
|    n_updates            | 140          |
|    policy_gradient_loss | 0.00297      |
|    std                  | 0.0519       |
|    value_loss           | 0.399        |
------------------------------------------
INFO:root:VecNormalize statistics saved at: ./data/gamma1/quadruped_ppo_model_ckpt_2000128_vecnormalize.pkl
INFO:root:Model saved at: ./data/gamma1/quadruped_ppo_model_ckpt_2000128.zip
INFO:root:Checkpoint written at 2000128 timesteps
[HumanoidEnv] Reset state env_id=0 z=0.278 rpy=[-0.002, 0.000, 0.001]
[HumanoidEnv] unhealthy terminate at step=606 z=0.187074 rpy=[-0.430317, -0.335001, -1.35678] v_body=[-2.23355, -0.21589, -0.827595]
PARITY max_torque=23.700 23.700 45.430
PARITY contact_mu=0.450
PARITY body_height=0.320
PARITY Kp_body=100.000 100.000 100.000
PARITY Kd_body=30.000 30.000 30.000
PARITY Kp_ori=100.000 100.000 100.000
PARITY Kd_ori=10.000 10.000 10.000
PARITY Kp_foot=550.000 550.000 550.000
PARITY Kd_foot=10.000 10.000 10.000
PARITY Kp_joint=5.000 5.000 5.000
PARITY Kd_joint=3.000 3.000 3.000
PARITY floating_base_weight=50.000
PARITY control_mode=5.000
-----------------------------------------
| rollout/                |             |
|    ep_len_mean          | 459         |
|    ep_rew_mean          | 18          |
| time/                   |             |
|    fps                  | 2200        |
|    iterations           | 16          |
|    time_elapsed         | 952         |
|    total_timesteps      | 2097152     |
| train/                  |             |
|    adaptive_lr          | 5.06e-05    |
|    approx_kl            | 0.006654732 |
|    clip_fraction        | 0.3         |
|    clip_range           | 0.1         |
|    clip_range_vf        | 0.2         |
|    entropy_loss         | 38.4        |
|    explained_variance   | 0.839       |
|    learning_rate        | 5.06e-05    |
|    loss                 | 0.754       |
|    n_updates            | 150         |
|    policy_gradient_loss | 0.00306     |
|    std                  | 0.0521      |
|    value_loss           | 0.383       |
-----------------------------------------
/usr/local/lib/python3.10/dist-packages/stable_baselines3/common/utils.py:166: UserWarning: get_schedule_fn() is deprecated, please use FloatSchedule() instead
  warnings.warn("get_schedule_fn() is deprecated, please use FloatSchedule() instead")
/usr/local/lib/python3.10/dist-packages/stable_baselines3/common/utils.py:212: UserWarning: constant_fn() is deprecated, please use ConstantSchedule() instead
  warnings.warn("constant_fn() is deprecated, please use ConstantSchedule() instead")
[HumanoidEnv] Reset state env_id=0 z=0.323 rpy=[-0.001, -0.001, 0.000]
[HumanoidEnv] unhealthy terminate at step=455 z=0.198166 rpy=[-1.13643, -0.138487, 1.91369] v_body=[1.79027, 1.34474, 1.34559]
PARITY max_torque=23.700 23.700 45.430
PARITY contact_mu=0.450
PARITY body_height=0.320
PARITY Kp_body=100.000 100.000 100.000
PARITY Kd_body=30.000 30.000 30.000
PARITY Kp_ori=100.000 100.000 100.000
PARITY Kd_ori=10.000 10.000 10.000
PARITY Kp_foot=550.000 550.000 550.000
PARITY Kd_foot=10.000 10.000 10.000
PARITY Kp_joint=5.000 5.000 5.000
PARITY Kd_joint=3.000 3.000 3.000
PARITY floating_base_weight=50.000
PARITY control_mode=5.000
-----------------------------------------
| rollout/                |             |
|    ep_len_mean          | 444         |
|    ep_rew_mean          | 17.2        |
| time/                   |             |
|    fps                  | 2184        |
|    iterations           | 17          |
|    time_elapsed         | 1020        |
|    total_timesteps      | 2228224     |
| train/                  |             |
|    adaptive_lr          | 5.06e-05    |
|    approx_kl            | 0.006569472 |
|    clip_fraction        | 0.296       |
|    clip_range           | 0.1         |
|    clip_range_vf        | 0.2         |
|    entropy_loss         | 38.3        |
|    explained_variance   | 0.843       |
|    learning_rate        | 5.06e-05    |
|    loss                 | 0.77        |
|    n_updates            | 160         |
|    policy_gradient_loss | 0.00307     |
|    std                  | 0.0522      |
|    value_loss           | 0.396       |
-----------------------------------------
[HumanoidEnv] Reset state env_id=0 z=0.276 rpy=[0.003, -0.002, 0.001]
[HumanoidEnv] unhealthy terminate at step=407 z=0.189314 rpy=[-2.96891, -0.111843, -2.24957] v_body=[0.133354, 0.24167, 1.23401]
PARITY max_torque=23.700 23.700 45.430
PARITY contact_mu=0.450
PARITY body_height=0.320
PARITY Kp_body=100.000 100.000 100.000
PARITY Kd_body=30.000 30.000 30.000
PARITY Kp_ori=100.000 100.000 100.000
PARITY Kd_ori=10.000 10.000 10.000
PARITY Kp_foot=550.000 550.000 550.000
PARITY Kd_foot=10.000 10.000 10.000
PARITY Kp_joint=5.000 5.000 5.000
PARITY Kd_joint=3.000 3.000 3.000
PARITY floating_base_weight=50.000
PARITY control_mode=5.000
------------------------------------------
| rollout/                |              |
|    ep_len_mean          | 496          |
|    ep_rew_mean          | 18.8         |
| time/                   |              |
|    fps                  | 2175         |
|    iterations           | 18           |
|    time_elapsed         | 1084         |
|    total_timesteps      | 2359296      |
| train/                  |              |
|    adaptive_lr          | 5.06e-05     |
|    approx_kl            | 0.0064949743 |
|    clip_fraction        | 0.29         |
|    clip_range           | 0.1          |
|    clip_range_vf        | 0.2          |
|    entropy_loss         | 38.3         |
|    explained_variance   | 0.869        |
|    learning_rate        | 5.06e-05     |
|    loss                 | 0.745        |
|    n_updates            | 170          |
|    policy_gradient_loss | 0.00278      |
|    std                  | 0.0524       |
|    value_loss           | 0.36         |
------------------------------------------
[HumanoidEnv] Reset state env_id=0 z=0.282 rpy=[0.002, -0.000, 0.001]
[HumanoidEnv] unhealthy terminate at step=288 z=0.198446 rpy=[1.5933, 0.199088, 0.275794] v_body=[-0.545263, 0.30358, -0.842184]
PARITY max_torque=23.700 23.700 45.430
PARITY contact_mu=0.450
PARITY body_height=0.320
PARITY Kp_body=100.000 100.000 100.000
PARITY Kd_body=30.000 30.000 30.000
PARITY Kp_ori=100.000 100.000 100.000
PARITY Kd_ori=10.000 10.000 10.000
PARITY Kp_foot=550.000 550.000 550.000
PARITY Kd_foot=10.000 10.000 10.000
PARITY Kp_joint=5.000 5.000 5.000
PARITY Kd_joint=3.000 3.000 3.000
PARITY floating_base_weight=50.000
PARITY control_mode=5.000
[HumanoidEnv] Reset state env_id=0 z=0.276 rpy=[0.001, 0.000, 0.001]
[HumanoidEnv] unhealthy terminate at step=394 z=0.198914 rpy=[-2.30404, -0.13028, -0.908713] v_body=[0.688, -0.338716, 1.5177]
PARITY max_torque=23.700 23.700 45.430
PARITY contact_mu=0.450
PARITY body_height=0.320
PARITY Kp_body=100.000 100.000 100.000
PARITY Kd_body=30.000 30.000 30.000
PARITY Kp_ori=100.000 100.000 100.000
PARITY Kd_ori=10.000 10.000 10.000
PARITY Kp_foot=550.000 550.000 550.000
PARITY Kd_foot=10.000 10.000 10.000
PARITY Kp_joint=5.000 5.000 5.000
PARITY Kd_joint=3.000 3.000 3.000
PARITY floating_base_weight=50.000
PARITY control_mode=5.000
------------------------------------------
| rollout/                |              |
|    ep_len_mean          | 518          |
|    ep_rew_mean          | 19.7         |
| time/                   |              |
|    fps                  | 2171         |
|    iterations           | 19           |
|    time_elapsed         | 1146         |
|    total_timesteps      | 2490368      |
| train/                  |              |
|    adaptive_lr          | 5.06e-05     |
|    approx_kl            | 0.0065421034 |
|    clip_fraction        | 0.295        |
|    clip_range           | 0.1          |
|    clip_range_vf        | 0.2          |
|    entropy_loss         | 38.2         |
|    explained_variance   | 0.887        |
|    learning_rate        | 5.06e-05     |
|    loss                 | 0.725        |
|    n_updates            | 180          |
|    policy_gradient_loss | 0.00253      |
|    std                  | 0.0525       |
|    value_loss           | 0.331        |
------------------------------------------
------------------------------------------
| rollout/                |              |
|    ep_len_mean          | 558          |
|    ep_rew_mean          | 21.1         |
| time/                   |              |
|    fps                  | 2154         |
|    iterations           | 20           |
|    time_elapsed         | 1216         |
|    total_timesteps      | 2621440      |
| train/                  |              |
|    adaptive_lr          | 5.06e-05     |
|    approx_kl            | 0.0063556223 |
|    clip_fraction        | 0.291        |
|    clip_range           | 0.1          |
|    clip_range_vf        | 0.2          |
|    entropy_loss         | 38.1         |
|    explained_variance   | 0.884        |
|    learning_rate        | 5.06e-05     |
|    loss                 | 0.71         |
|    n_updates            | 190          |
|    policy_gradient_loss | 0.00248      |
|    std                  | 0.0527       |
|    value_loss           | 0.336        |
------------------------------------------
[HumanoidEnv] Reset state env_id=0 z=0.301 rpy=[-0.002, -0.001, 0.000]
[HumanoidEnv] unhealthy terminate at step=673 z=0.198159 rpy=[2.1059, -0.401378, 0.895944] v_body=[0.542759, 2.3782, -0.126489]
PARITY max_torque=23.700 23.700 45.430
PARITY contact_mu=0.450
PARITY body_height=0.320
PARITY Kp_body=100.000 100.000 100.000
PARITY Kd_body=30.000 30.000 30.000
PARITY Kp_ori=100.000 100.000 100.000
PARITY Kd_ori=10.000 10.000 10.000
PARITY Kp_foot=550.000 550.000 550.000
PARITY Kd_foot=10.000 10.000 10.000
PARITY Kp_joint=5.000 5.000 5.000
PARITY Kd_joint=3.000 3.000 3.000
PARITY floating_base_weight=50.000
PARITY control_mode=5.000
------------------------------------------
| rollout/                |              |
|    ep_len_mean          | 516          |
|    ep_rew_mean          | 19.8         |
| time/                   |              |
|    fps                  | 2150         |
|    iterations           | 21           |
|    time_elapsed         | 1280         |
|    total_timesteps      | 2752512      |
| train/                  |              |
|    adaptive_lr          | 5.06e-05     |
|    approx_kl            | 0.0064718868 |
|    clip_fraction        | 0.293        |
|    clip_range           | 0.1          |
|    clip_range_vf        | 0.2          |
|    entropy_loss         | 38           |
|    explained_variance   | 0.895        |
|    learning_rate        | 5.06e-05     |
|    loss                 | 0.752        |
|    n_updates            | 200          |
|    policy_gradient_loss | 0.00246      |
|    std                  | 0.0529       |
|    value_loss           | 0.34         |
------------------------------------------
[HumanoidEnv] Reset state env_id=0 z=0.271 rpy=[-0.002, -0.000, 0.001]
[HumanoidEnv] unhealthy terminate at step=541 z=0.194306 rpy=[2.90297, 0.421223, 0.395983] v_body=[-0.760067, 1.48998, 0.453339]
PARITY max_torque=23.700 23.700 45.430
PARITY contact_mu=0.450
PARITY body_height=0.320
PARITY Kp_body=100.000 100.000 100.000
PARITY Kd_body=30.000 30.000 30.000
PARITY Kp_ori=100.000 100.000 100.000
PARITY Kd_ori=10.000 10.000 10.000
PARITY Kp_foot=550.000 550.000 550.000
PARITY Kd_foot=10.000 10.000 10.000
PARITY Kp_joint=5.000 5.000 5.000
PARITY Kd_joint=3.000 3.000 3.000
PARITY floating_base_weight=50.000
PARITY control_mode=5.000
------------------------------------------
| rollout/                |              |
|    ep_len_mean          | 480          |
|    ep_rew_mean          | 18.7         |
| time/                   |              |
|    fps                  | 2147         |
|    iterations           | 22           |
|    time_elapsed         | 1343         |
|    total_timesteps      | 2883584      |
| train/                  |              |
|    adaptive_lr          | 5.06e-05     |
|    approx_kl            | 0.0062763994 |
|    clip_fraction        | 0.29         |
|    clip_range           | 0.1          |
|    clip_range_vf        | 0.2          |
|    entropy_loss         | 37.9         |
|    explained_variance   | 0.888        |
|    learning_rate        | 5.06e-05     |
|    loss                 | 0.79         |
|    n_updates            | 210          |
|    policy_gradient_loss | 0.00276      |
|    std                  | 0.0531       |
|    value_loss           | 0.431        |
------------------------------------------
[HumanoidEnv] Reset state env_id=0 z=0.327 rpy=[0.002, -0.001, -0.000]
[HumanoidEnv] unhealthy terminate at step=443 z=0.199615 rpy=[-0.690312, 0.298796, 0.108768] v_body=[-0.640141, -0.137877, -0.145071]
PARITY max_torque=23.700 23.700 45.430
PARITY contact_mu=0.450
PARITY body_height=0.320
PARITY Kp_body=100.000 100.000 100.000
PARITY Kd_body=30.000 30.000 30.000
PARITY Kp_ori=100.000 100.000 100.000
PARITY Kd_ori=10.000 10.000 10.000
PARITY Kp_foot=550.000 550.000 550.000
PARITY Kd_foot=10.000 10.000 10.000
PARITY Kp_joint=5.000 5.000 5.000
PARITY Kd_joint=3.000 3.000 3.000
PARITY floating_base_weight=50.000
PARITY control_mode=5.000
------------------------------------------
| rollout/                |              |
|    ep_len_mean          | 459          |
|    ep_rew_mean          | 18.2         |
| time/                   |              |
|    fps                  | 2144         |
|    iterations           | 23           |
|    time_elapsed         | 1405         |
|    total_timesteps      | 3014656      |
| train/                  |              |
|    adaptive_lr          | 5.06e-05     |
|    approx_kl            | 0.0063906237 |
|    clip_fraction        | 0.289        |
|    clip_range           | 0.1          |
|    clip_range_vf        | 0.2          |
|    entropy_loss         | 37.9         |
|    explained_variance   | 0.901        |
|    learning_rate        | 5.06e-05     |
|    loss                 | 0.808        |
|    n_updates            | 220          |
|    policy_gradient_loss | 0.00226      |
|    std                  | 0.0533       |
|    value_loss           | 0.426        |
------------------------------------------
[HumanoidEnv] Reset state env_id=0 z=0.291 rpy=[0.001, -0.001, 0.000]
[HumanoidEnv] unhealthy terminate at step=530 z=0.193241 rpy=[-2.5774, -0.0043313, -1.50311] v_body=[0.359791, 1.72369, 2.54309]
PARITY max_torque=23.700 23.700 45.430
PARITY contact_mu=0.450
PARITY body_height=0.320
PARITY Kp_body=100.000 100.000 100.000
PARITY Kd_body=30.000 30.000 30.000
PARITY Kp_ori=100.000 100.000 100.000
PARITY Kd_ori=10.000 10.000 10.000
PARITY Kp_foot=550.000 550.000 550.000
PARITY Kd_foot=10.000 10.000 10.000
PARITY Kp_joint=5.000 5.000 5.000
PARITY Kd_joint=3.000 3.000 3.000
PARITY floating_base_weight=50.000
PARITY control_mode=5.000
-----------------------------------------
| rollout/                |             |
|    ep_len_mean          | 445         |
|    ep_rew_mean          | 17.8        |
| time/                   |             |
|    fps                  | 2142        |
|    iterations           | 24          |
|    time_elapsed         | 1468        |
|    total_timesteps      | 3145728     |
| train/                  |             |
|    adaptive_lr          | 5.06e-05    |
|    approx_kl            | 0.006413491 |
|    clip_fraction        | 0.286       |
|    clip_range           | 0.1         |
|    clip_range_vf        | 0.2         |
|    entropy_loss         | 37.8        |
|    explained_variance   | 0.893       |
|    learning_rate        | 5.06e-05    |
|    loss                 | 0.931       |
|    n_updates            | 230         |
|    policy_gradient_loss | 0.00227     |
|    std                  | 0.0535      |
|    value_loss           | 0.497       |
-----------------------------------------
[HumanoidEnv] Reset state env_id=0 z=0.277 rpy=[0.000, 0.000, 0.001]
[HumanoidEnv] unhealthy terminate at step=450 z=0.18789 rpy=[-1.93011, -0.168635, -0.0372418] v_body=[0.253593, -2.51163, -1.45449]
PARITY max_torque=23.700 23.700 45.430
PARITY contact_mu=0.450
PARITY body_height=0.320
PARITY Kp_body=100.000 100.000 100.000
PARITY Kd_body=30.000 30.000 30.000
PARITY Kp_ori=100.000 100.000 100.000
PARITY Kd_ori=10.000 10.000 10.000
PARITY Kp_foot=550.000 550.000 550.000
PARITY Kd_foot=10.000 10.000 10.000
PARITY Kp_joint=5.000 5.000 5.000
PARITY Kd_joint=3.000 3.000 3.000
PARITY floating_base_weight=50.000
PARITY control_mode=5.000
------------------------------------------
| rollout/                |              |
|    ep_len_mean          | 450          |
|    ep_rew_mean          | 17.8         |
| time/                   |              |
|    fps                  | 2140         |
|    iterations           | 25           |
|    time_elapsed         | 1530         |
|    total_timesteps      | 3276800      |
| train/                  |              |
|    adaptive_lr          | 5.06e-05     |
|    approx_kl            | 0.0061142403 |
|    clip_fraction        | 0.281        |
|    clip_range           | 0.1          |
|    clip_range_vf        | 0.2          |
|    entropy_loss         | 37.7         |
|    explained_variance   | 0.896        |
|    learning_rate        | 5.06e-05     |
|    loss                 | 0.877        |
|    n_updates            | 240          |
|    policy_gradient_loss | 0.00258      |
|    std                  | 0.0536       |
|    value_loss           | 0.519        |
------------------------------------------
[HumanoidEnv] Reset state env_id=0 z=0.285 rpy=[-0.001, 0.001, 0.001]
[HumanoidEnv] unhealthy terminate at step=482 z=0.189717 rpy=[2.96861, 0.358657, -0.366879] v_body=[-0.798142, -0.192319, 1.983]
PARITY max_torque=23.700 23.700 45.430
PARITY contact_mu=0.450
PARITY body_height=0.320
PARITY Kp_body=100.000 100.000 100.000
PARITY Kd_body=30.000 30.000 30.000
PARITY Kp_ori=100.000 100.000 100.000
PARITY Kd_ori=10.000 10.000 10.000
PARITY Kp_foot=550.000 550.000 550.000
PARITY Kd_foot=10.000 10.000 10.000
PARITY Kp_joint=5.000 5.000 5.000
PARITY Kd_joint=3.000 3.000 3.000
PARITY floating_base_weight=50.000
PARITY control_mode=5.000
------------------------------------------
| rollout/                |              |
|    ep_len_mean          | 448          |
|    ep_rew_mean          | 17.6         |
| time/                   |              |
|    fps                  | 2139         |
|    iterations           | 26           |
|    time_elapsed         | 1593         |
|    total_timesteps      | 3407872      |
| train/                  |              |
|    adaptive_lr          | 5.06e-05     |
|    approx_kl            | 0.0060277944 |
|    clip_fraction        | 0.277        |
|    clip_range           | 0.1          |
|    clip_range_vf        | 0.2          |
|    entropy_loss         | 37.6         |
|    explained_variance   | 0.899        |
|    learning_rate        | 5.06e-05     |
|    loss                 | 0.847        |
|    n_updates            | 250          |
|    policy_gradient_loss | 0.00223      |
|    std                  | 0.0538       |
|    value_loss           | 0.52         |
------------------------------------------
[HumanoidEnv] Reset state env_id=0 z=0.271 rpy=[-0.002, 0.001, 0.001]
[HumanoidEnv] unhealthy terminate at step=679 z=0.199154 rpy=[2.5094, 0.188525, -0.0114787] v_body=[-0.901957, 1.50414, 0.0465245]
PARITY max_torque=23.700 23.700 45.430
PARITY contact_mu=0.450
PARITY body_height=0.320
PARITY Kp_body=100.000 100.000 100.000
PARITY Kd_body=30.000 30.000 30.000
PARITY Kp_ori=100.000 100.000 100.000
PARITY Kd_ori=10.000 10.000 10.000
PARITY Kp_foot=550.000 550.000 550.000
PARITY Kd_foot=10.000 10.000 10.000
PARITY Kp_joint=5.000 5.000 5.000
PARITY Kd_joint=3.000 3.000 3.000
PARITY floating_base_weight=50.000
PARITY control_mode=5.000
-----------------------------------------
| rollout/                |             |
|    ep_len_mean          | 463         |
|    ep_rew_mean          | 18          |
| time/                   |             |
|    fps                  | 2137        |
|    iterations           | 27          |
|    time_elapsed         | 1655        |
|    total_timesteps      | 3538944     |
| train/                  |             |
|    adaptive_lr          | 5.06e-05    |
|    approx_kl            | 0.006129289 |
|    clip_fraction        | 0.279       |
|    clip_range           | 0.1         |
|    clip_range_vf        | 0.2         |
|    entropy_loss         | 37.5        |
|    explained_variance   | 0.907       |
|    learning_rate        | 5.06e-05    |
|    loss                 | 0.797       |
|    n_updates            | 260         |
|    policy_gradient_loss | 0.00212     |
|    std                  | 0.054       |
|    value_loss           | 0.475       |
-----------------------------------------
[HumanoidEnv] Reset state env_id=0 z=0.323 rpy=[0.001, -0.003, 0.000]
[HumanoidEnv] unhealthy terminate at step=363 z=0.199398 rpy=[1.94608, 0.303479, -0.612986] v_body=[0.123485, 1.42484, -1.20949]
PARITY max_torque=23.700 23.700 45.430
PARITY contact_mu=0.450
PARITY body_height=0.320
PARITY Kp_body=100.000 100.000 100.000
PARITY Kd_body=30.000 30.000 30.000
PARITY Kp_ori=100.000 100.000 100.000
PARITY Kd_ori=10.000 10.000 10.000
PARITY Kp_foot=550.000 550.000 550.000
PARITY Kd_foot=10.000 10.000 10.000
PARITY Kp_joint=5.000 5.000 5.000
PARITY Kd_joint=3.000 3.000 3.000
PARITY floating_base_weight=50.000
PARITY control_mode=5.000
[HumanoidEnv] Reset state env_id=0 z=0.278 rpy=[0.001, -0.001, 0.000]
[HumanoidEnv] unhealthy terminate at step=371 z=0.199724 rpy=[-0.888527, 0.0244391, -0.537349] v_body=[-0.62671, -0.826899, -1.22931]
PARITY max_torque=23.700 23.700 45.430
PARITY contact_mu=0.450
PARITY body_height=0.320
PARITY Kp_body=100.000 100.000 100.000
PARITY Kd_body=30.000 30.000 30.000
PARITY Kp_ori=100.000 100.000 100.000
PARITY Kd_ori=10.000 10.000 10.000
PARITY Kp_foot=550.000 550.000 550.000
PARITY Kd_foot=10.000 10.000 10.000
PARITY Kp_joint=5.000 5.000 5.000
PARITY Kd_joint=3.000 3.000 3.000
PARITY floating_base_weight=50.000
PARITY control_mode=5.000
------------------------------------------
| rollout/                |              |
|    ep_len_mean          | 466          |
|    ep_rew_mean          | 17.8         |
| time/                   |              |
|    fps                  | 2135         |
|    iterations           | 28           |
|    time_elapsed         | 1718         |
|    total_timesteps      | 3670016      |
| train/                  |              |
|    adaptive_lr          | 5.06e-05     |
|    approx_kl            | 0.0060199373 |
|    clip_fraction        | 0.28         |
|    clip_range           | 0.1          |
|    clip_range_vf        | 0.2          |
|    entropy_loss         | 37.4         |
|    explained_variance   | 0.905        |
|    learning_rate        | 5.06e-05     |
|    loss                 | 0.892        |
|    n_updates            | 270          |
|    policy_gradient_loss | 0.00217      |
|    std                  | 0.0542       |
|    value_loss           | 0.491        |
------------------------------------------
[HumanoidEnv] Reset state env_id=0 z=0.286 rpy=[0.002, -0.002, 0.000]
[HumanoidEnv] unhealthy terminate at step=312 z=0.193112 rpy=[-1.18749, 0.26199, -2.51085] v_body=[-1.91155, -0.405566, -0.69927]
PARITY max_torque=23.700 23.700 45.430
PARITY contact_mu=0.450
PARITY body_height=0.320
PARITY Kp_body=100.000 100.000 100.000
PARITY Kd_body=30.000 30.000 30.000
PARITY Kp_ori=100.000 100.000 100.000
PARITY Kd_ori=10.000 10.000 10.000
PARITY Kp_foot=550.000 550.000 550.000
PARITY Kd_foot=10.000 10.000 10.000
PARITY Kp_joint=5.000 5.000 5.000
PARITY Kd_joint=3.000 3.000 3.000
PARITY floating_base_weight=50.000
PARITY control_mode=5.000
------------------------------------------
| rollout/                |              |
|    ep_len_mean          | 485          |
|    ep_rew_mean          | 18.4         |
| time/                   |              |
|    fps                  | 2132         |
|    iterations           | 29           |
|    time_elapsed         | 1782         |
|    total_timesteps      | 3801088      |
| train/                  |              |
|    adaptive_lr          | 5.06e-05     |
|    approx_kl            | 0.0061326814 |
|    clip_fraction        | 0.276        |
|    clip_range           | 0.1          |
|    clip_range_vf        | 0.2          |
|    entropy_loss         | 37.3         |
|    explained_variance   | 0.909        |
|    learning_rate        | 5.06e-05     |
|    loss                 | 0.792        |
|    n_updates            | 280          |
|    policy_gradient_loss | 0.00232      |
|    std                  | 0.0544       |
|    value_loss           | 0.467        |
------------------------------------------
[HumanoidEnv] Reset state env_id=0 z=0.287 rpy=[-0.002, -0.001, 0.000]
[HumanoidEnv] unhealthy terminate at step=400 z=0.198175 rpy=[-0.968661, -0.143461, -0.270225] v_body=[0.86667, -0.604347, -0.897802]
PARITY max_torque=23.700 23.700 45.430
PARITY contact_mu=0.450
PARITY body_height=0.320
PARITY Kp_body=100.000 100.000 100.000
PARITY Kd_body=30.000 30.000 30.000
PARITY Kp_ori=100.000 100.000 100.000
PARITY Kd_ori=10.000 10.000 10.000
PARITY Kp_foot=550.000 550.000 550.000
PARITY Kd_foot=10.000 10.000 10.000
PARITY Kp_joint=5.000 5.000 5.000
PARITY Kd_joint=3.000 3.000 3.000
PARITY floating_base_weight=50.000
PARITY control_mode=5.000
------------------------------------------
| rollout/                |              |
|    ep_len_mean          | 458          |
|    ep_rew_mean          | 17.9         |
| time/                   |              |
|    fps                  | 2132         |
|    iterations           | 30           |
|    time_elapsed         | 1843         |
|    total_timesteps      | 3932160      |
| train/                  |              |
|    adaptive_lr          | 5.06e-05     |
|    approx_kl            | 0.0058626677 |
|    clip_fraction        | 0.271        |
|    clip_range           | 0.1          |
|    clip_range_vf        | 0.2          |
|    entropy_loss         | 37.3         |
|    explained_variance   | 0.91         |
|    learning_rate        | 5.06e-05     |
|    loss                 | 0.847        |
|    n_updates            | 290          |
|    policy_gradient_loss | 0.00206      |
|    std                  | 0.0546       |
|    value_loss           | 0.458        |
------------------------------------------
[HumanoidEnv] Reset state env_id=0 z=0.273 rpy=[0.002, -0.001, 0.001]
[HumanoidEnv] unhealthy terminate at step=506 z=0.196004 rpy=[0.933627, 0.133005, 2.18982] v_body=[0.749678, -1.13336, -1.90472]
PARITY max_torque=23.700 23.700 45.430
PARITY contact_mu=0.450
PARITY body_height=0.320
PARITY Kp_body=100.000 100.000 100.000
PARITY Kd_body=30.000 30.000 30.000
PARITY Kp_ori=100.000 100.000 100.000
PARITY Kd_ori=10.000 10.000 10.000
PARITY Kp_foot=550.000 550.000 550.000
PARITY Kd_foot=10.000 10.000 10.000
PARITY Kp_joint=5.000 5.000 5.000
PARITY Kd_joint=3.000 3.000 3.000
PARITY floating_base_weight=50.000
PARITY control_mode=5.000
INFO:root:VecNormalize statistics saved at: ./data/gamma1/quadruped_ppo_model_ckpt_4000256_vecnormalize.pkl
INFO:root:Model saved at: ./data/gamma1/quadruped_ppo_model_ckpt_4000256.zip
INFO:root:Checkpoint written at 4000256 timesteps
[HumanoidEnv] Reset state env_id=0 z=0.321 rpy=[0.002, -0.002, 0.000]
[HumanoidEnv] unhealthy terminate at step=286 z=0.192503 rpy=[-0.54915, 0.358462, 0.50658] v_body=[-0.154613, -0.445972, -0.41622]
PARITY max_torque=23.700 23.700 45.430
PARITY contact_mu=0.450
PARITY body_height=0.320
PARITY Kp_body=100.000 100.000 100.000
PARITY Kd_body=30.000 30.000 30.000
PARITY Kp_ori=100.000 100.000 100.000
PARITY Kd_ori=10.000 10.000 10.000
PARITY Kp_foot=550.000 550.000 550.000
PARITY Kd_foot=10.000 10.000 10.000
PARITY Kp_joint=5.000 5.000 5.000
PARITY Kd_joint=3.000 3.000 3.000
PARITY floating_base_weight=50.000
PARITY control_mode=5.000
------------------------------------------
| rollout/                |              |
|    ep_len_mean          | 458          |
|    ep_rew_mean          | 18           |
| time/                   |              |
|    fps                  | 2131         |
|    iterations           | 31           |
|    time_elapsed         | 1906         |
|    total_timesteps      | 4063232      |
| train/                  |              |
|    adaptive_lr          | 5.06e-05     |
|    approx_kl            | 0.0062498217 |
|    clip_fraction        | 0.269        |
|    clip_range           | 0.1          |
|    clip_range_vf        | 0.2          |
|    entropy_loss         | 37.2         |
|    explained_variance   | 0.91         |
|    learning_rate        | 5.06e-05     |
|    loss                 | 0.8          |
|    n_updates            | 300          |
|    policy_gradient_loss | 0.00183      |
|    std                  | 0.0548       |
|    value_loss           | 0.474        |
------------------------------------------
[HumanoidEnv] Reset state env_id=0 z=0.323 rpy=[0.001, -0.001, 0.000]
[HumanoidEnv] unhealthy terminate at step=455 z=0.197422 rpy=[2.14514, -0.643665, 0.866277] v_body=[-0.376851, 0.801968, 0.227398]
PARITY max_torque=23.700 23.700 45.430
PARITY contact_mu=0.450
PARITY body_height=0.320
PARITY Kp_body=100.000 100.000 100.000
PARITY Kd_body=30.000 30.000 30.000
PARITY Kp_ori=100.000 100.000 100.000
PARITY Kd_ori=10.000 10.000 10.000
PARITY Kp_foot=550.000 550.000 550.000
PARITY Kd_foot=10.000 10.000 10.000
PARITY Kp_joint=5.000 5.000 5.000
PARITY Kd_joint=3.000 3.000 3.000
PARITY floating_base_weight=50.000
PARITY control_mode=5.000
-----------------------------------------
| rollout/                |             |
|    ep_len_mean          | 479         |
|    ep_rew_mean          | 18.9        |
| time/                   |             |
|    fps                  | 2131        |
|    iterations           | 32          |
|    time_elapsed         | 1967        |
|    total_timesteps      | 4194304     |
| train/                  |             |
|    adaptive_lr          | 5.06e-05    |
|    approx_kl            | 0.005742189 |
|    clip_fraction        | 0.262       |
|    clip_range           | 0.1         |
|    clip_range_vf        | 0.2         |
|    entropy_loss         | 37.1        |
|    explained_variance   | 0.903       |
|    learning_rate        | 5.06e-05    |
|    loss                 | 0.812       |
|    n_updates            | 310         |
|    policy_gradient_loss | 0.00186     |
|    std                  | 0.055       |
|    value_loss           | 0.468       |
-----------------------------------------
[HumanoidEnv] Reset state env_id=0 z=0.296 rpy=[-0.001, -0.001, 0.001]
[HumanoidEnv] unhealthy terminate at step=351 z=0.193067 rpy=[2.31738, -0.100674, -0.345313] v_body=[1.03018, 2.75549, -0.605596]
PARITY max_torque=23.700 23.700 45.430
PARITY contact_mu=0.450
PARITY body_height=0.320
PARITY Kp_body=100.000 100.000 100.000
PARITY Kd_body=30.000 30.000 30.000
PARITY Kp_ori=100.000 100.000 100.000
PARITY Kd_ori=10.000 10.000 10.000
PARITY Kp_foot=550.000 550.000 550.000
PARITY Kd_foot=10.000 10.000 10.000
PARITY Kp_joint=5.000 5.000 5.000
PARITY Kd_joint=3.000 3.000 3.000
PARITY floating_base_weight=50.000
PARITY control_mode=5.000
-----------------------------------------
| rollout/                |             |
|    ep_len_mean          | 480         |
|    ep_rew_mean          | 18.8        |
| time/                   |             |
|    fps                  | 2131        |
|    iterations           | 33          |
|    time_elapsed         | 2029        |
|    total_timesteps      | 4325376     |
| train/                  |             |
|    adaptive_lr          | 5.06e-05    |
|    approx_kl            | 0.005656408 |
|    clip_fraction        | 0.256       |
|    clip_range           | 0.1         |
|    clip_range_vf        | 0.2         |
|    entropy_loss         | 37          |
|    explained_variance   | 0.901       |
|    learning_rate        | 5.06e-05    |
|    loss                 | 0.892       |
|    n_updates            | 320         |
|    policy_gradient_loss | 0.00183     |
|    std                  | 0.0552      |
|    value_loss           | 0.465       |
-----------------------------------------
[HumanoidEnv] Reset state env_id=0 z=0.310 rpy=[-0.000, -0.002, 0.000]
[HumanoidEnv] unhealthy terminate at step=495 z=0.198465 rpy=[0.666104, 0.0477178, 0.865238] v_body=[0.572008, 0.628996, -0.732441]
PARITY max_torque=23.700 23.700 45.430
PARITY contact_mu=0.450
PARITY body_height=0.320
PARITY Kp_body=100.000 100.000 100.000
PARITY Kd_body=30.000 30.000 30.000
PARITY Kp_ori=100.000 100.000 100.000
PARITY Kd_ori=10.000 10.000 10.000
PARITY Kp_foot=550.000 550.000 550.000
PARITY Kd_foot=10.000 10.000 10.000
PARITY Kp_joint=5.000 5.000 5.000
PARITY Kd_joint=3.000 3.000 3.000
PARITY floating_base_weight=50.000
PARITY control_mode=5.000
-----------------------------------------
| rollout/                |             |
|    ep_len_mean          | 503         |
|    ep_rew_mean          | 19.7        |
| time/                   |             |
|    fps                  | 2131        |
|    iterations           | 34          |
|    time_elapsed         | 2091        |
|    total_timesteps      | 4456448     |
| train/                  |             |
|    adaptive_lr          | 5.06e-05    |
|    approx_kl            | 0.005868554 |
|    clip_fraction        | 0.255       |
|    clip_range           | 0.1         |
|    clip_range_vf        | 0.2         |
|    entropy_loss         | 36.9        |
|    explained_variance   | 0.903       |
|    learning_rate        | 5.06e-05    |
|    loss                 | 0.807       |
|    n_updates            | 330         |
|    policy_gradient_loss | 0.0018      |
|    std                  | 0.0554      |
|    value_loss           | 0.451       |
-----------------------------------------
[HumanoidEnv] Reset state env_id=0 z=0.300 rpy=[0.002, -0.002, 0.000]
[HumanoidEnv] unhealthy terminate at step=487 z=0.197005 rpy=[-1.46209, -0.000323835, -0.602699] v_body=[-0.275144, -0.691911, 0.14099]
PARITY max_torque=23.700 23.700 45.430
PARITY contact_mu=0.450
PARITY body_height=0.320
PARITY Kp_body=100.000 100.000 100.000
PARITY Kd_body=30.000 30.000 30.000
PARITY Kp_ori=100.000 100.000 100.000
PARITY Kd_ori=10.000 10.000 10.000
PARITY Kp_foot=550.000 550.000 550.000
PARITY Kd_foot=10.000 10.000 10.000
PARITY Kp_joint=5.000 5.000 5.000
PARITY Kd_joint=3.000 3.000 3.000
PARITY floating_base_weight=50.000
PARITY control_mode=5.000
[HumanoidEnv] Reset state env_id=0 z=0.312 rpy=[-0.001, -0.003, 0.000]
[HumanoidEnv] unhealthy terminate at step=315 z=0.196506 rpy=[1.95426, 0.0458982, -0.175653] v_body=[0.706077, 2.16706, -1.15255]
PARITY max_torque=23.700 23.700 45.430
PARITY contact_mu=0.450
PARITY body_height=0.320
PARITY Kp_body=100.000 100.000 100.000
PARITY Kd_body=30.000 30.000 30.000
PARITY Kp_ori=100.000 100.000 100.000
PARITY Kd_ori=10.000 10.000 10.000
PARITY Kp_foot=550.000 550.000 550.000
PARITY Kd_foot=10.000 10.000 10.000
PARITY Kp_joint=5.000 5.000 5.000
PARITY Kd_joint=3.000 3.000 3.000
PARITY floating_base_weight=50.000
PARITY control_mode=5.000
------------------------------------------
| rollout/                |              |
|    ep_len_mean          | 526          |
|    ep_rew_mean          | 20.3         |
| time/                   |              |
|    fps                  | 2131         |
|    iterations           | 35           |
|    time_elapsed         | 2152         |
|    total_timesteps      | 4587520      |
| train/                  |              |
|    adaptive_lr          | 5.06e-05     |
|    approx_kl            | 0.0058225133 |
|    clip_fraction        | 0.258        |
|    clip_range           | 0.1          |
|    clip_range_vf        | 0.2          |
|    entropy_loss         | 36.8         |
|    explained_variance   | 0.91         |
|    learning_rate        | 5.06e-05     |
|    loss                 | 0.747        |
|    n_updates            | 340          |
|    policy_gradient_loss | 0.00171      |
|    std                  | 0.0555       |
|    value_loss           | 0.429        |
------------------------------------------
-----------------------------------------
| rollout/                |             |
|    ep_len_mean          | 532         |
|    ep_rew_mean          | 20.5        |
| time/                   |             |
|    fps                  | 2130        |
|    iterations           | 36          |
|    time_elapsed         | 2214        |
|    total_timesteps      | 4718592     |
| train/                  |             |
|    adaptive_lr          | 5.06e-05    |
|    approx_kl            | 0.005874726 |
|    clip_fraction        | 0.259       |
|    clip_range           | 0.1         |
|    clip_range_vf        | 0.2         |
|    entropy_loss         | 36.7        |
|    explained_variance   | 0.918       |
|    learning_rate        | 5.06e-05    |
|    loss                 | 0.719       |
|    n_updates            | 350         |
|    policy_gradient_loss | 0.00148     |
|    std                  | 0.0557      |
|    value_loss           | 0.395       |
-----------------------------------------
[HumanoidEnv] Reset state env_id=0 z=0.270 rpy=[0.002, -0.001, 0.000]
[HumanoidEnv] unhealthy terminate at step=648 z=0.198506 rpy=[-1.02873, -0.00505281, -1.87197] v_body=[-2.17035, -1.71908, 0.214432]
PARITY max_torque=23.700 23.700 45.430
PARITY contact_mu=0.450
PARITY body_height=0.320
PARITY Kp_body=100.000 100.000 100.000
PARITY Kd_body=30.000 30.000 30.000
PARITY Kp_ori=100.000 100.000 100.000
PARITY Kd_ori=10.000 10.000 10.000
PARITY Kp_foot=550.000 550.000 550.000
PARITY Kd_foot=10.000 10.000 10.000
PARITY Kp_joint=5.000 5.000 5.000
PARITY Kd_joint=3.000 3.000 3.000
PARITY floating_base_weight=50.000
PARITY control_mode=5.000
------------------------------------------
| rollout/                |              |
|    ep_len_mean          | 522          |
|    ep_rew_mean          | 20.4         |
| time/                   |              |
|    fps                  | 2128         |
|    iterations           | 37           |
|    time_elapsed         | 2278         |
|    total_timesteps      | 4849664      |
| train/                  |              |
|    adaptive_lr          | 5.06e-05     |
|    approx_kl            | 0.0058871373 |
|    clip_fraction        | 0.258        |
|    clip_range           | 0.1          |
|    clip_range_vf        | 0.2          |
|    entropy_loss         | 36.7         |
|    explained_variance   | 0.914        |
|    learning_rate        | 5.06e-05     |
|    loss                 | 0.745        |
|    n_updates            | 360          |
|    policy_gradient_loss | 0.00171      |
|    std                  | 0.0559       |
|    value_loss           | 0.42         |
------------------------------------------
[HumanoidEnv] Reset state env_id=0 z=0.283 rpy=[-0.002, 0.001, 0.001]
[HumanoidEnv] unhealthy terminate at step=769 z=0.197926 rpy=[-3.04546, 0.489824, -2.60831] v_body=[-0.0696094, 0.952854, 0.162343]
PARITY max_torque=23.700 23.700 45.430
PARITY contact_mu=0.450
PARITY body_height=0.320
PARITY Kp_body=100.000 100.000 100.000
PARITY Kd_body=30.000 30.000 30.000
PARITY Kp_ori=100.000 100.000 100.000
PARITY Kd_ori=10.000 10.000 10.000
PARITY Kp_foot=550.000 550.000 550.000
PARITY Kd_foot=10.000 10.000 10.000
PARITY Kp_joint=5.000 5.000 5.000
PARITY Kd_joint=3.000 3.000 3.000
PARITY floating_base_weight=50.000
PARITY control_mode=5.000
------------------------------------------
| rollout/                |              |
|    ep_len_mean          | 551          |
|    ep_rew_mean          | 21.1         |
| time/                   |              |
|    fps                  | 2126         |
|    iterations           | 38           |
|    time_elapsed         | 2341         |
|    total_timesteps      | 4980736      |
| train/                  |              |
|    adaptive_lr          | 5.06e-05     |
|    approx_kl            | 0.0058258595 |
|    clip_fraction        | 0.254        |
|    clip_range           | 0.1          |
|    clip_range_vf        | 0.2          |
|    entropy_loss         | 36.6         |
|    explained_variance   | 0.912        |
|    learning_rate        | 5.06e-05     |
|    loss                 | 0.839        |
|    n_updates            | 370          |
|    policy_gradient_loss | 0.00142      |
|    std                  | 0.0561       |
|    value_loss           | 0.42         |
------------------------------------------
[HumanoidEnv] Reset state env_id=0 z=0.322 rpy=[-0.000, -0.003, 0.000]
[HumanoidEnv] unhealthy terminate at step=402 z=0.196509 rpy=[-1.92789, 0.0221388, 0.290956] v_body=[0.87474, -2.0174, -1.46035]
PARITY max_torque=23.700 23.700 45.430
PARITY contact_mu=0.450
PARITY body_height=0.320
PARITY Kp_body=100.000 100.000 100.000
PARITY Kd_body=30.000 30.000 30.000
PARITY Kp_ori=100.000 100.000 100.000
PARITY Kd_ori=10.000 10.000 10.000
PARITY Kp_foot=550.000 550.000 550.000
PARITY Kd_foot=10.000 10.000 10.000
PARITY Kp_joint=5.000 5.000 5.000
PARITY Kd_joint=3.000 3.000 3.000
PARITY floating_base_weight=50.000
PARITY control_mode=5.000
-----------------------------------------
| rollout/                |             |
|    ep_len_mean          | 569         |
|    ep_rew_mean          | 22          |
| time/                   |             |
|    fps                  | 2122        |
|    iterations           | 39          |
|    time_elapsed         | 2408        |
|    total_timesteps      | 5111808     |
| train/                  |             |
|    adaptive_lr          | 5.06e-05    |
|    approx_kl            | 0.005746606 |
|    clip_fraction        | 0.251       |
|    clip_range           | 0.1         |
|    clip_range_vf        | 0.2         |
|    entropy_loss         | 36.5        |
|    explained_variance   | 0.914       |
|    learning_rate        | 5.06e-05    |
|    loss                 | 0.767       |
|    n_updates            | 380         |
|    policy_gradient_loss | 0.00137     |
|    std                  | 0.0563      |
|    value_loss           | 0.41        |
-----------------------------------------
[HumanoidEnv] Reset state env_id=0 z=0.313 rpy=[-0.001, -0.002, 0.000]
[HumanoidEnv] unhealthy terminate at step=718 z=0.196936 rpy=[-0.0461574, -0.0706498, -0.278652] v_body=[1.9615, -1.89362, -1.95805]
PARITY max_torque=23.700 23.700 45.430
PARITY contact_mu=0.450
PARITY body_height=0.320
PARITY Kp_body=100.000 100.000 100.000
PARITY Kd_body=30.000 30.000 30.000
PARITY Kp_ori=100.000 100.000 100.000
PARITY Kd_ori=10.000 10.000 10.000
PARITY Kp_foot=550.000 550.000 550.000
PARITY Kd_foot=10.000 10.000 10.000
PARITY Kp_joint=5.000 5.000 5.000
PARITY Kd_joint=3.000 3.000 3.000
PARITY floating_base_weight=50.000
PARITY control_mode=5.000
-----------------------------------------
| rollout/                |             |
|    ep_len_mean          | 565         |
|    ep_rew_mean          | 22          |
| time/                   |             |
|    fps                  | 2121        |
|    iterations           | 40          |
|    time_elapsed         | 2471        |
|    total_timesteps      | 5242880     |
| train/                  |             |
|    adaptive_lr          | 5.06e-05    |
|    approx_kl            | 0.005753995 |
|    clip_fraction        | 0.25        |
|    clip_range           | 0.1         |
|    clip_range_vf        | 0.2         |
|    entropy_loss         | 36.4        |
|    explained_variance   | 0.91        |
|    learning_rate        | 5.06e-05    |
|    loss                 | 0.773       |
|    n_updates            | 390         |
|    policy_gradient_loss | 0.00137     |
|    std                  | 0.0564      |
|    value_loss           | 0.414       |
-----------------------------------------
[HumanoidEnv] Reset state env_id=0 z=0.297 rpy=[-0.002, -0.002, 0.000]
[HumanoidEnv] unhealthy terminate at step=565 z=0.195817 rpy=[2.69789, 0.332768, 1.59721] v_body=[-0.436017, 1.09104, 0.114591]
PARITY max_torque=23.700 23.700 45.430
PARITY contact_mu=0.450
PARITY body_height=0.320
PARITY Kp_body=100.000 100.000 100.000
PARITY Kd_body=30.000 30.000 30.000
PARITY Kp_ori=100.000 100.000 100.000
PARITY Kd_ori=10.000 10.000 10.000
PARITY Kp_foot=550.000 550.000 550.000
PARITY Kd_foot=10.000 10.000 10.000
PARITY Kp_joint=5.000 5.000 5.000
PARITY Kd_joint=3.000 3.000 3.000
PARITY floating_base_weight=50.000
PARITY control_mode=5.000
--------------------------------------
| rollout/                |          |
|    ep_len_mean          | 518      |
|    ep_rew_mean          | 20.3     |
| time/                   |          |
|    fps                  | 2119     |
|    iterations           | 41       |
|    time_elapsed         | 2535     |
|    total_timesteps      | 5373952  |
| train/                  |          |
|    adaptive_lr          | 5.06e-05 |
|    approx_kl            | 0.005812 |
|    clip_fraction        | 0.253    |
|    clip_range           | 0.1      |
|    clip_range_vf        | 0.2      |
|    entropy_loss         | 36.3     |
|    explained_variance   | 0.911    |
|    learning_rate        | 5.06e-05 |
|    loss                 | 0.723    |
|    n_updates            | 400      |
|    policy_gradient_loss | 0.00125  |
|    std                  | 0.0567   |
|    value_loss           | 0.437    |
--------------------------------------
[HumanoidEnv] Reset state env_id=0 z=0.313 rpy=[0.001, -0.002, 0.000]
[HumanoidEnv] unhealthy terminate at step=398 z=0.195074 rpy=[1.33012, -0.216542, 2.73742] v_body=[0.478728, -0.789455, -0.240495]
PARITY max_torque=23.700 23.700 45.430
PARITY contact_mu=0.450
PARITY body_height=0.320
PARITY Kp_body=100.000 100.000 100.000
PARITY Kd_body=30.000 30.000 30.000
PARITY Kp_ori=100.000 100.000 100.000
PARITY Kd_ori=10.000 10.000 10.000
PARITY Kp_foot=550.000 550.000 550.000
PARITY Kd_foot=10.000 10.000 10.000
PARITY Kp_joint=5.000 5.000 5.000
PARITY Kd_joint=3.000 3.000 3.000
PARITY floating_base_weight=50.000
PARITY control_mode=5.000
-----------------------------------------
| rollout/                |             |
|    ep_len_mean          | 522         |
|    ep_rew_mean          | 20          |
| time/                   |             |
|    fps                  | 2117        |
|    iterations           | 42          |
|    time_elapsed         | 2599        |
|    total_timesteps      | 5505024     |
| train/                  |             |
|    adaptive_lr          | 5.06e-05    |
|    approx_kl            | 0.005745889 |
|    clip_fraction        | 0.251       |
|    clip_range           | 0.1         |
|    clip_range_vf        | 0.2         |
|    entropy_loss         | 36.2        |
|    explained_variance   | 0.909       |
|    learning_rate        | 5.06e-05    |
|    loss                 | 0.817       |
|    n_updates            | 410         |
|    policy_gradient_loss | 0.00134     |
|    std                  | 0.0569      |
|    value_loss           | 0.458       |
-----------------------------------------
[HumanoidEnv] Reset state env_id=0 z=0.297 rpy=[-0.001, -0.002, 0.000]
[HumanoidEnv] unhealthy terminate at step=461 z=0.197978 rpy=[-0.192206, 0.335976, -0.809046] v_body=[0.374562, -0.61936, -0.735331]
PARITY max_torque=23.700 23.700 45.430
PARITY contact_mu=0.450
PARITY body_height=0.320
PARITY Kp_body=100.000 100.000 100.000
PARITY Kd_body=30.000 30.000 30.000
PARITY Kp_ori=100.000 100.000 100.000
PARITY Kd_ori=10.000 10.000 10.000
PARITY Kp_foot=550.000 550.000 550.000
PARITY Kd_foot=10.000 10.000 10.000
PARITY Kp_joint=5.000 5.000 5.000
PARITY Kd_joint=3.000 3.000 3.000
PARITY floating_base_weight=50.000
PARITY control_mode=5.000
-----------------------------------------
| rollout/                |             |
|    ep_len_mean          | 515         |
|    ep_rew_mean          | 20.1        |
| time/                   |             |
|    fps                  | 2115        |
|    iterations           | 43          |
|    time_elapsed         | 2664        |
|    total_timesteps      | 5636096     |
| train/                  |             |
|    adaptive_lr          | 5.06e-05    |
|    approx_kl            | 0.005807073 |
|    clip_fraction        | 0.249       |
|    clip_range           | 0.1         |
|    clip_range_vf        | 0.2         |
|    entropy_loss         | 36.1        |
|    explained_variance   | 0.909       |
|    learning_rate        | 5.06e-05    |
|    loss                 | 0.798       |
|    n_updates            | 420         |
|    policy_gradient_loss | 0.00124     |
|    std                  | 0.0571      |
|    value_loss           | 0.456       |
-----------------------------------------
[HumanoidEnv] Reset state env_id=0 z=0.286 rpy=[-0.002, -0.000, 0.001]
[HumanoidEnv] unhealthy terminate at step=523 z=0.191939 rpy=[-2.70397, -0.0028108, 0.299366] v_body=[0.611702, -0.419912, 0.588871]
PARITY max_torque=23.700 23.700 45.430
PARITY contact_mu=0.450
PARITY body_height=0.320
PARITY Kp_body=100.000 100.000 100.000
PARITY Kd_body=30.000 30.000 30.000
PARITY Kp_ori=100.000 100.000 100.000
PARITY Kd_ori=10.000 10.000 10.000
PARITY Kp_foot=550.000 550.000 550.000
PARITY Kd_foot=10.000 10.000 10.000
PARITY Kp_joint=5.000 5.000 5.000
PARITY Kd_joint=3.000 3.000 3.000
PARITY floating_base_weight=50.000
PARITY control_mode=5.000
------------------------------------------
| rollout/                |              |
|    ep_len_mean          | 499          |
|    ep_rew_mean          | 19.4         |
| time/                   |              |
|    fps                  | 2111         |
|    iterations           | 44           |
|    time_elapsed         | 2731         |
|    total_timesteps      | 5767168      |
| train/                  |              |
|    adaptive_lr          | 5.06e-05     |
|    approx_kl            | 0.0056503834 |
|    clip_fraction        | 0.25         |
|    clip_range           | 0.1          |
|    clip_range_vf        | 0.2          |
|    entropy_loss         | 36           |
|    explained_variance   | 0.908        |
|    learning_rate        | 5.06e-05     |
|    loss                 | 0.848        |
|    n_updates            | 430          |
|    policy_gradient_loss | 0.00114      |
|    std                  | 0.0573       |
|    value_loss           | 0.466        |
------------------------------------------
[HumanoidEnv] Reset state env_id=0 z=0.304 rpy=[0.000, -0.001, 0.000]
[HumanoidEnv] unhealthy terminate at step=336 z=0.185526 rpy=[-1.97172, -0.000753551, -0.063493] v_body=[0.217983, -2.40343, -1.13244]
PARITY max_torque=23.700 23.700 45.430
PARITY contact_mu=0.450
PARITY body_height=0.320
PARITY Kp_body=100.000 100.000 100.000
PARITY Kd_body=30.000 30.000 30.000
PARITY Kp_ori=100.000 100.000 100.000
PARITY Kd_ori=10.000 10.000 10.000
PARITY Kp_foot=550.000 550.000 550.000
PARITY Kd_foot=10.000 10.000 10.000
PARITY Kp_joint=5.000 5.000 5.000
PARITY Kd_joint=3.000 3.000 3.000
PARITY floating_base_weight=50.000
PARITY control_mode=5.000
------------------------------------------
| rollout/                |              |
|    ep_len_mean          | 502          |
|    ep_rew_mean          | 19.3         |
| time/                   |              |
|    fps                  | 2105         |
|    iterations           | 45           |
|    time_elapsed         | 2801         |
|    total_timesteps      | 5898240      |
| train/                  |              |
|    adaptive_lr          | 5.06e-05     |
|    approx_kl            | 0.0059316843 |
|    clip_fraction        | 0.246        |
|    clip_range           | 0.1          |
|    clip_range_vf        | 0.2          |
|    entropy_loss         | 36           |
|    explained_variance   | 0.917        |
|    learning_rate        | 5.06e-05     |
|    loss                 | 0.736        |
|    n_updates            | 440          |
|    policy_gradient_loss | 0.000951     |
|    std                  | 0.0575       |
|    value_loss           | 0.456        |
------------------------------------------
[HumanoidEnv] Reset state env_id=0 z=0.319 rpy=[-0.003, -0.003, 0.000]
[HumanoidEnv] unhealthy terminate at step=552 z=0.197259 rpy=[-1.97134, 0.388431, 0.441541] v_body=[1.44845, -0.398245, -1.53024]
PARITY max_torque=23.700 23.700 45.430
PARITY contact_mu=0.450
PARITY body_height=0.320
PARITY Kp_body=100.000 100.000 100.000
PARITY Kd_body=30.000 30.000 30.000
PARITY Kp_ori=100.000 100.000 100.000
PARITY Kd_ori=10.000 10.000 10.000
PARITY Kp_foot=550.000 550.000 550.000
PARITY Kd_foot=10.000 10.000 10.000
PARITY Kp_joint=5.000 5.000 5.000
PARITY Kd_joint=3.000 3.000 3.000
PARITY floating_base_weight=50.000
PARITY control_mode=5.000
INFO:root:VecNormalize statistics saved at: ./data/gamma1/quadruped_ppo_model_ckpt_6000384_vecnormalize.pkl
INFO:root:Model saved at: ./data/gamma1/quadruped_ppo_model_ckpt_6000384.zip
INFO:root:Checkpoint written at 6000384 timesteps
----------------------------------------
| rollout/                |            |
|    ep_len_mean          | 516        |
|    ep_rew_mean          | 19.6       |
| time/                   |            |
|    fps                  | 2100       |
|    iterations           | 46         |
|    time_elapsed         | 2870       |
|    total_timesteps      | 6029312    |
| train/                  |            |
|    adaptive_lr          | 5.06e-05   |
|    approx_kl            | 0.00594658 |
|    clip_fraction        | 0.253      |
|    clip_range           | 0.1        |
|    clip_range_vf        | 0.2        |
|    entropy_loss         | 35.9       |
|    explained_variance   | 0.922      |
|    learning_rate        | 5.06e-05   |
|    loss                 | 0.764      |
|    n_updates            | 450        |
|    policy_gradient_loss | 0.00103    |
|    std                  | 0.0577     |
|    value_loss           | 0.435      |
----------------------------------------
[HumanoidEnv] Reset state env_id=0 z=0.308 rpy=[0.001, -0.003, -0.000]
[HumanoidEnv] unhealthy terminate at step=391 z=0.199573 rpy=[0.350687, -0.821032, -1.39302] v_body=[1.09112, -0.417601, -0.783876]
PARITY max_torque=23.700 23.700 45.430
PARITY contact_mu=0.450
PARITY body_height=0.320
PARITY Kp_body=100.000 100.000 100.000
PARITY Kd_body=30.000 30.000 30.000
PARITY Kp_ori=100.000 100.000 100.000
PARITY Kd_ori=10.000 10.000 10.000
PARITY Kp_foot=550.000 550.000 550.000
PARITY Kd_foot=10.000 10.000 10.000
PARITY Kp_joint=5.000 5.000 5.000
PARITY Kd_joint=3.000 3.000 3.000
PARITY floating_base_weight=50.000
PARITY control_mode=5.000
-----------------------------------------
| rollout/                |             |
|    ep_len_mean          | 514         |
|    ep_rew_mean          | 19.9        |
| time/                   |             |
|    fps                  | 2095        |
|    iterations           | 47          |
|    time_elapsed         | 2939        |
|    total_timesteps      | 6160384     |
| train/                  |             |
|    adaptive_lr          | 5.06e-05    |
|    approx_kl            | 0.006052848 |
|    clip_fraction        | 0.253       |
|    clip_range           | 0.1         |
|    clip_range_vf        | 0.2         |
|    entropy_loss         | 35.8        |
|    explained_variance   | 0.92        |
|    learning_rate        | 5.06e-05    |
|    loss                 | 0.867       |
|    n_updates            | 460         |
|    policy_gradient_loss | 0.000956    |
|    std                  | 0.0579      |
|    value_loss           | 0.444       |
-----------------------------------------
[HumanoidEnv] Reset state env_id=0 z=0.323 rpy=[-0.002, -0.003, 0.000]
[HumanoidEnv] unhealthy terminate at step=803 z=0.196297 rpy=[1.41445, -0.221902, -2.81113] v_body=[-0.456383, -1.23479, 1.55699]
PARITY max_torque=23.700 23.700 45.430
PARITY contact_mu=0.450
PARITY body_height=0.320
PARITY Kp_body=100.000 100.000 100.000
PARITY Kd_body=30.000 30.000 30.000
PARITY Kp_ori=100.000 100.000 100.000
PARITY Kd_ori=10.000 10.000 10.000
PARITY Kp_foot=550.000 550.000 550.000
PARITY Kd_foot=10.000 10.000 10.000
PARITY Kp_joint=5.000 5.000 5.000
PARITY Kd_joint=3.000 3.000 3.000
PARITY floating_base_weight=50.000
PARITY control_mode=5.000
-----------------------------------------
| rollout/                |             |
|    ep_len_mean          | 494         |
|    ep_rew_mean          | 19.5        |
| time/                   |             |
|    fps                  | 2092        |
|    iterations           | 48          |
|    time_elapsed         | 3006        |
|    total_timesteps      | 6291456     |
| train/                  |             |
|    adaptive_lr          | 5.06e-05    |
|    approx_kl            | 0.005673797 |
|    clip_fraction        | 0.248       |
|    clip_range           | 0.1         |
|    clip_range_vf        | 0.2         |
|    entropy_loss         | 35.7        |
|    explained_variance   | 0.917       |
|    learning_rate        | 5.06e-05    |
|    loss                 | 0.791       |
|    n_updates            | 470         |
|    policy_gradient_loss | 0.00096     |
|    std                  | 0.0581      |
|    value_loss           | 0.465       |
-----------------------------------------
[HumanoidEnv] Reset state env_id=0 z=0.287 rpy=[0.001, 0.000, 0.000]
[HumanoidEnv] unhealthy terminate at step=552 z=0.19827 rpy=[-3.06706, 0.376697, 0.0763735] v_body=[-1.00986, -1.35921, 0.84216]
PARITY max_torque=23.700 23.700 45.430
PARITY contact_mu=0.450
PARITY body_height=0.320
PARITY Kp_body=100.000 100.000 100.000
PARITY Kd_body=30.000 30.000 30.000
PARITY Kp_ori=100.000 100.000 100.000
PARITY Kd_ori=10.000 10.000 10.000
PARITY Kp_foot=550.000 550.000 550.000
PARITY Kd_foot=10.000 10.000 10.000
PARITY Kp_joint=5.000 5.000 5.000
PARITY Kd_joint=3.000 3.000 3.000
PARITY floating_base_weight=50.000
PARITY control_mode=5.000
-----------------------------------------
| rollout/                |             |
|    ep_len_mean          | 489         |
|    ep_rew_mean          | 19.2        |
| time/                   |             |
|    fps                  | 2090        |
|    iterations           | 49          |
|    time_elapsed         | 3072        |
|    total_timesteps      | 6422528     |
| train/                  |             |
|    adaptive_lr          | 5.06e-05    |
|    approx_kl            | 0.005717542 |
|    clip_fraction        | 0.246       |
|    clip_range           | 0.1         |
|    clip_range_vf        | 0.2         |
|    entropy_loss         | 35.6        |
|    explained_variance   | 0.914       |
|    learning_rate        | 5.06e-05    |
|    loss                 | 0.841       |
|    n_updates            | 480         |
|    policy_gradient_loss | 0.000858    |
|    std                  | 0.0583      |
|    value_loss           | 0.492       |
-----------------------------------------
[HumanoidEnv] Reset state env_id=0 z=0.283 rpy=[0.001, -0.000, 0.001]
[HumanoidEnv] unhealthy terminate at step=571 z=0.197676 rpy=[2.83842, 0.155845, -1.0768] v_body=[-0.097138, 0.325736, 1.29424]
PARITY max_torque=23.700 23.700 45.430
PARITY contact_mu=0.450
PARITY body_height=0.320
PARITY Kp_body=100.000 100.000 100.000
PARITY Kd_body=30.000 30.000 30.000
PARITY Kp_ori=100.000 100.000 100.000
PARITY Kd_ori=10.000 10.000 10.000
PARITY Kp_foot=550.000 550.000 550.000
PARITY Kd_foot=10.000 10.000 10.000
PARITY Kp_joint=5.000 5.000 5.000
PARITY Kd_joint=3.000 3.000 3.000
PARITY floating_base_weight=50.000
PARITY control_mode=5.000
-----------------------------------------
| rollout/                |             |
|    ep_len_mean          | 488         |
|    ep_rew_mean          | 18.9        |
| time/                   |             |
|    fps                  | 2083        |
|    iterations           | 50          |
|    time_elapsed         | 3145        |
|    total_timesteps      | 6553600     |
| train/                  |             |
|    adaptive_lr          | 5.06e-05    |
|    approx_kl            | 0.005814034 |
|    clip_fraction        | 0.248       |
|    clip_range           | 0.1         |
|    clip_range_vf        | 0.2         |
|    entropy_loss         | 35.5        |
|    explained_variance   | 0.91        |
|    learning_rate        | 5.06e-05    |
|    loss                 | 0.892       |
|    n_updates            | 490         |
|    policy_gradient_loss | 0.000971    |
|    std                  | 0.0585      |
|    value_loss           | 0.505       |
-----------------------------------------
[HumanoidEnv] Reset state env_id=0 z=0.322 rpy=[-0.002, -0.003, 0.000]
[HumanoidEnv] unhealthy terminate at step=388 z=0.198077 rpy=[2.11214, 0.207253, -1.63382] v_body=[-0.115939, -0.242798, 1.6073]
PARITY max_torque=23.700 23.700 45.430
PARITY contact_mu=0.450
PARITY body_height=0.320
PARITY Kp_body=100.000 100.000 100.000
PARITY Kd_body=30.000 30.000 30.000
PARITY Kp_ori=100.000 100.000 100.000
PARITY Kd_ori=10.000 10.000 10.000
PARITY Kp_foot=550.000 550.000 550.000
PARITY Kd_foot=10.000 10.000 10.000
PARITY Kp_joint=5.000 5.000 5.000
PARITY Kd_joint=3.000 3.000 3.000
PARITY floating_base_weight=50.000
PARITY control_mode=5.000
-----------------------------------------
| rollout/                |             |
|    ep_len_mean          | 469         |
|    ep_rew_mean          | 18.6        |
| time/                   |             |
|    fps                  | 2079        |
|    iterations           | 51          |
|    time_elapsed         | 3214        |
|    total_timesteps      | 6684672     |
| train/                  |             |
|    adaptive_lr          | 5.06e-05    |
|    approx_kl            | 0.005817338 |
|    clip_fraction        | 0.249       |
|    clip_range           | 0.1         |
|    clip_range_vf        | 0.2         |
|    entropy_loss         | 35.4        |
|    explained_variance   | 0.911       |
|    learning_rate        | 5.06e-05    |
|    loss                 | 0.872       |
|    n_updates            | 500         |
|    policy_gradient_loss | 0.000843    |
|    std                  | 0.0587      |
|    value_loss           | 0.528       |
-----------------------------------------
[HumanoidEnv] Reset state env_id=0 z=0.318 rpy=[-0.002, -0.003, 0.000]
[HumanoidEnv] unhealthy terminate at step=514 z=0.194621 rpy=[2.68257, 0.202238, 2.89965] v_body=[2.02586, 0.510339, 1.90481]
PARITY max_torque=23.700 23.700 45.430
PARITY contact_mu=0.450
PARITY body_height=0.320
PARITY Kp_body=100.000 100.000 100.000
PARITY Kd_body=30.000 30.000 30.000
PARITY Kp_ori=100.000 100.000 100.000
PARITY Kd_ori=10.000 10.000 10.000
PARITY Kp_foot=550.000 550.000 550.000
PARITY Kd_foot=10.000 10.000 10.000
PARITY Kp_joint=5.000 5.000 5.000
PARITY Kd_joint=3.000 3.000 3.000
PARITY floating_base_weight=50.000
PARITY control_mode=5.000
-----------------------------------------
| rollout/                |             |
|    ep_len_mean          | 454         |
|    ep_rew_mean          | 17.8        |
| time/                   |             |
|    fps                  | 2078        |
|    iterations           | 52          |
|    time_elapsed         | 3279        |
|    total_timesteps      | 6815744     |
| train/                  |             |
|    adaptive_lr          | 5.06e-05    |
|    approx_kl            | 0.005842483 |
|    clip_fraction        | 0.251       |
|    clip_range           | 0.1         |
|    clip_range_vf        | 0.2         |
|    entropy_loss         | 35.3        |
|    explained_variance   | 0.908       |
|    learning_rate        | 5.06e-05    |
|    loss                 | 0.849       |
|    n_updates            | 510         |
|    policy_gradient_loss | 0.00076     |
|    std                  | 0.059       |
|    value_loss           | 0.529       |
-----------------------------------------
[HumanoidEnv] Reset state env_id=0 z=0.292 rpy=[0.000, -0.002, 0.001]
[HumanoidEnv] unhealthy terminate at step=486 z=0.190258 rpy=[-2.65074, -0.153414, -0.116564] v_body=[-0.46679, -2.43468, 0.214356]
PARITY max_torque=23.700 23.700 45.430
PARITY contact_mu=0.450
PARITY body_height=0.320
PARITY Kp_body=100.000 100.000 100.000
PARITY Kd_body=30.000 30.000 30.000
PARITY Kp_ori=100.000 100.000 100.000
PARITY Kd_ori=10.000 10.000 10.000
PARITY Kp_foot=550.000 550.000 550.000
PARITY Kd_foot=10.000 10.000 10.000
PARITY Kp_joint=5.000 5.000 5.000
PARITY Kd_joint=3.000 3.000 3.000
PARITY floating_base_weight=50.000
PARITY control_mode=5.000
-----------------------------------------
| rollout/                |             |
|    ep_len_mean          | 444         |
|    ep_rew_mean          | 17.2        |
| time/                   |             |
|    fps                  | 2077        |
|    iterations           | 53          |
|    time_elapsed         | 3343        |
|    total_timesteps      | 6946816     |
| train/                  |             |
|    adaptive_lr          | 5.06e-05    |
|    approx_kl            | 0.005679237 |
|    clip_fraction        | 0.246       |
|    clip_range           | 0.1         |
|    clip_range_vf        | 0.2         |
|    entropy_loss         | 35.2        |
|    explained_variance   | 0.904       |
|    learning_rate        | 5.06e-05    |
|    loss                 | 0.796       |
|    n_updates            | 520         |
|    policy_gradient_loss | 0.000942    |
|    std                  | 0.0592      |
|    value_loss           | 0.54        |
-----------------------------------------
[HumanoidEnv] Reset state env_id=0 z=0.326 rpy=[0.000, -0.003, -0.000]
[HumanoidEnv] unhealthy terminate at step=480 z=0.198069 rpy=[-3.03323, -0.0827155, 1.20476] v_body=[-1.73504, -1.35261, 0.218333]
PARITY max_torque=23.700 23.700 45.430
PARITY contact_mu=0.450
PARITY body_height=0.320
PARITY Kp_body=100.000 100.000 100.000
PARITY Kd_body=30.000 30.000 30.000
PARITY Kp_ori=100.000 100.000 100.000
PARITY Kd_ori=10.000 10.000 10.000
PARITY Kp_foot=550.000 550.000 550.000
PARITY Kd_foot=10.000 10.000 10.000
PARITY Kp_joint=5.000 5.000 5.000
PARITY Kd_joint=3.000 3.000 3.000
PARITY floating_base_weight=50.000
PARITY control_mode=5.000
------------------------------------------
| rollout/                |              |
|    ep_len_mean          | 481          |
|    ep_rew_mean          | 18.2         |
| time/                   |              |
|    fps                  | 2077         |
|    iterations           | 54           |
|    time_elapsed         | 3407         |
|    total_timesteps      | 7077888      |
| train/                  |              |
|    adaptive_lr          | 5.06e-05     |
|    approx_kl            | 0.0058115562 |
|    clip_fraction        | 0.244        |
|    clip_range           | 0.1          |
|    clip_range_vf        | 0.2          |
|    entropy_loss         | 35.1         |
|    explained_variance   | 0.918        |
|    learning_rate        | 5.06e-05     |
|    loss                 | 0.794        |
|    n_updates            | 530          |
|    policy_gradient_loss | 0.000841     |
|    std                  | 0.0594       |
|    value_loss           | 0.467        |
------------------------------------------
[HumanoidEnv] Reset state env_id=0 z=0.280 rpy=[0.000, 0.001, 0.001]
[HumanoidEnv] unhealthy terminate at step=544 z=0.196271 rpy=[1.67277, -0.31337, 2.70664] v_body=[0.33732, -0.826924, 1.32763]
PARITY max_torque=23.700 23.700 45.430
PARITY contact_mu=0.450
PARITY body_height=0.320
PARITY Kp_body=100.000 100.000 100.000
PARITY Kd_body=30.000 30.000 30.000
PARITY Kp_ori=100.000 100.000 100.000
PARITY Kd_ori=10.000 10.000 10.000
PARITY Kp_foot=550.000 550.000 550.000
PARITY Kd_foot=10.000 10.000 10.000
PARITY Kp_joint=5.000 5.000 5.000
PARITY Kd_joint=3.000 3.000 3.000
PARITY floating_base_weight=50.000
PARITY control_mode=5.000
------------------------------------------
| rollout/                |              |
|    ep_len_mean          | 465          |
|    ep_rew_mean          | 17.8         |
| time/                   |              |
|    fps                  | 2076         |
|    iterations           | 55           |
|    time_elapsed         | 3470         |
|    total_timesteps      | 7208960      |
| train/                  |              |
|    adaptive_lr          | 5.06e-05     |
|    approx_kl            | 0.0059969844 |
|    clip_fraction        | 0.245        |
|    clip_range           | 0.1          |
|    clip_range_vf        | 0.2          |
|    entropy_loss         | 35.1         |
|    explained_variance   | 0.924        |
|    learning_rate        | 5.06e-05     |
|    loss                 | 0.72         |
|    n_updates            | 540          |
|    policy_gradient_loss | 0.000657     |
|    std                  | 0.0596       |
|    value_loss           | 0.429        |
------------------------------------------
[HumanoidEnv] Reset state env_id=0 z=0.274 rpy=[0.002, 0.001, 0.001]
[HumanoidEnv] unhealthy terminate at step=478 z=0.194495 rpy=[-2.12472, 0.352213, 0.993808] v_body=[0.694695, -0.867472, 1.22537]
PARITY max_torque=23.700 23.700 45.430
PARITY contact_mu=0.450
PARITY body_height=0.320
PARITY Kp_body=100.000 100.000 100.000
PARITY Kd_body=30.000 30.000 30.000
PARITY Kp_ori=100.000 100.000 100.000
PARITY Kd_ori=10.000 10.000 10.000
PARITY Kp_foot=550.000 550.000 550.000
PARITY Kd_foot=10.000 10.000 10.000
PARITY Kp_joint=5.000 5.000 5.000
PARITY Kd_joint=3.000 3.000 3.000
PARITY floating_base_weight=50.000
PARITY control_mode=5.000
------------------------------------------
| rollout/                |              |
|    ep_len_mean          | 486          |
|    ep_rew_mean          | 18.6         |
| time/                   |              |
|    fps                  | 2076         |
|    iterations           | 56           |
|    time_elapsed         | 3534         |
|    total_timesteps      | 7340032      |
| train/                  |              |
|    adaptive_lr          | 5.06e-05     |
|    approx_kl            | 0.0058795447 |
|    clip_fraction        | 0.246        |
|    clip_range           | 0.1          |
|    clip_range_vf        | 0.2          |
|    entropy_loss         | 35           |
|    explained_variance   | 0.925        |
|    learning_rate        | 5.06e-05     |
|    loss                 | 0.686        |
|    n_updates            | 550          |
|    policy_gradient_loss | 0.000679     |
|    std                  | 0.0598       |
|    value_loss           | 0.421        |
------------------------------------------
[HumanoidEnv] Reset state env_id=0 z=0.307 rpy=[0.002, -0.003, -0.000]
[HumanoidEnv] unhealthy terminate at step=345 z=0.199606 rpy=[-3.06377, 0.362895, 1.00278] v_body=[-0.565579, -1.0015, 1.03249]
PARITY max_torque=23.700 23.700 45.430
PARITY contact_mu=0.450
PARITY body_height=0.320
PARITY Kp_body=100.000 100.000 100.000
PARITY Kd_body=30.000 30.000 30.000
PARITY Kp_ori=100.000 100.000 100.000
PARITY Kd_ori=10.000 10.000 10.000
PARITY Kp_foot=550.000 550.000 550.000
PARITY Kd_foot=10.000 10.000 10.000
PARITY Kp_joint=5.000 5.000 5.000
PARITY Kd_joint=3.000 3.000 3.000
PARITY floating_base_weight=50.000
PARITY control_mode=5.000
[HumanoidEnv] Reset state env_id=0 z=0.306 rpy=[-0.002, -0.002, 0.000]
[HumanoidEnv] unhealthy terminate at step=341 z=0.197671 rpy=[2.04481, 0.339831, -1.41745] v_body=[0.219727, 2.05897, 0.498291]
PARITY max_torque=23.700 23.700 45.430
PARITY contact_mu=0.450
PARITY body_height=0.320
PARITY Kp_body=100.000 100.000 100.000
PARITY Kd_body=30.000 30.000 30.000
PARITY Kp_ori=100.000 100.000 100.000
PARITY Kd_ori=10.000 10.000 10.000
PARITY Kp_foot=550.000 550.000 550.000
PARITY Kd_foot=10.000 10.000 10.000
PARITY Kp_joint=5.000 5.000 5.000
PARITY Kd_joint=3.000 3.000 3.000
PARITY floating_base_weight=50.000
PARITY control_mode=5.000
-----------------------------------------
| rollout/                |             |
|    ep_len_mean          | 472         |
|    ep_rew_mean          | 17.8        |
| time/                   |             |
|    fps                  | 2076        |
|    iterations           | 57          |
|    time_elapsed         | 3598        |
|    total_timesteps      | 7471104     |
| train/                  |             |
|    adaptive_lr          | 5.06e-05    |
|    approx_kl            | 0.005929877 |
|    clip_fraction        | 0.247       |
|    clip_range           | 0.1         |
|    clip_range_vf        | 0.2         |
|    entropy_loss         | 34.9        |
|    explained_variance   | 0.924       |
|    learning_rate        | 5.06e-05    |
|    loss                 | 0.737       |
|    n_updates            | 560         |
|    policy_gradient_loss | 0.00033     |
|    std                  | 0.06        |
|    value_loss           | 0.416       |
-----------------------------------------
[HumanoidEnv] Reset state env_id=0 z=0.280 rpy=[0.001, -0.000, 0.001]
[HumanoidEnv] unhealthy terminate at step=401 z=0.188272 rpy=[-0.971867, 0.263413, 1.63096] v_body=[1.37914, -0.00865319, 0.0238885]
PARITY max_torque=23.700 23.700 45.430
PARITY contact_mu=0.450
PARITY body_height=0.320
PARITY Kp_body=100.000 100.000 100.000
PARITY Kd_body=30.000 30.000 30.000
PARITY Kp_ori=100.000 100.000 100.000
PARITY Kd_ori=10.000 10.000 10.000
PARITY Kp_foot=550.000 550.000 550.000
PARITY Kd_foot=10.000 10.000 10.000
PARITY Kp_joint=5.000 5.000 5.000
PARITY Kd_joint=3.000 3.000 3.000
PARITY floating_base_weight=50.000
PARITY control_mode=5.000
-----------------------------------------
| rollout/                |             |
|    ep_len_mean          | 512         |
|    ep_rew_mean          | 19.7        |
| time/                   |             |
|    fps                  | 2075        |
|    iterations           | 58          |
|    time_elapsed         | 3662        |
|    total_timesteps      | 7602176     |
| train/                  |             |
|    adaptive_lr          | 5.06e-05    |
|    approx_kl            | 0.005773637 |
|    clip_fraction        | 0.239       |
|    clip_range           | 0.1         |
|    clip_range_vf        | 0.2         |
|    entropy_loss         | 34.8        |
|    explained_variance   | 0.925       |
|    learning_rate        | 5.06e-05    |
|    loss                 | 0.763       |
|    n_updates            | 570         |
|    policy_gradient_loss | 0.000649    |
|    std                  | 0.0602      |
|    value_loss           | 0.413       |
-----------------------------------------
[HumanoidEnv] Reset state env_id=0 z=0.311 rpy=[0.001, -0.003, 0.000]
[HumanoidEnv] unhealthy terminate at step=459 z=0.199984 rpy=[1.62936, 0.299658, -0.460726] v_body=[-0.0291151, 0.420757, -0.950611]
PARITY max_torque=23.700 23.700 45.430
PARITY contact_mu=0.450
PARITY body_height=0.320
PARITY Kp_body=100.000 100.000 100.000
PARITY Kd_body=30.000 30.000 30.000
PARITY Kp_ori=100.000 100.000 100.000
PARITY Kd_ori=10.000 10.000 10.000
PARITY Kp_foot=550.000 550.000 550.000
PARITY Kd_foot=10.000 10.000 10.000
PARITY Kp_joint=5.000 5.000 5.000
PARITY Kd_joint=3.000 3.000 3.000
PARITY floating_base_weight=50.000
PARITY control_mode=5.000
------------------------------------------
| rollout/                |              |
|    ep_len_mean          | 531          |
|    ep_rew_mean          | 20.4         |
| time/                   |              |
|    fps                  | 2075         |
|    iterations           | 59           |
|    time_elapsed         | 3726         |
|    total_timesteps      | 7733248      |
| train/                  |              |
|    adaptive_lr          | 5.06e-05     |
|    approx_kl            | 0.0055745216 |
|    clip_fraction        | 0.238        |
|    clip_range           | 0.1          |
|    clip_range_vf        | 0.2          |
|    entropy_loss         | 34.7         |
|    explained_variance   | 0.923        |
|    learning_rate        | 5.06e-05     |
|    loss                 | 0.758        |
|    n_updates            | 580          |
|    policy_gradient_loss | 0.00055      |
|    std                  | 0.0604       |
|    value_loss           | 0.403        |
------------------------------------------
[HumanoidEnv] Reset state env_id=0 z=0.325 rpy=[-0.001, -0.003, -0.000]
[HumanoidEnv] unhealthy terminate at step=468 z=0.18652 rpy=[-2.27389, -0.446757, -0.589977] v_body=[-0.18235, -0.405608, 2.17735]
PARITY max_torque=23.700 23.700 45.430
PARITY contact_mu=0.450
PARITY body_height=0.320
PARITY Kp_body=100.000 100.000 100.000
PARITY Kd_body=30.000 30.000 30.000
PARITY Kp_ori=100.000 100.000 100.000
PARITY Kd_ori=10.000 10.000 10.000
PARITY Kp_foot=550.000 550.000 550.000
PARITY Kd_foot=10.000 10.000 10.000
PARITY Kp_joint=5.000 5.000 5.000
PARITY Kd_joint=3.000 3.000 3.000
PARITY floating_base_weight=50.000
PARITY control_mode=5.000
-----------------------------------------
| rollout/                |             |
|    ep_len_mean          | 525         |
|    ep_rew_mean          | 20.1        |
| time/                   |             |
|    fps                  | 2075        |
|    iterations           | 60          |
|    time_elapsed         | 3789        |
|    total_timesteps      | 7864320     |
| train/                  |             |
|    adaptive_lr          | 5.06e-05    |
|    approx_kl            | 0.005599982 |
|    clip_fraction        | 0.238       |
|    clip_range           | 0.1         |
|    clip_range_vf        | 0.2         |
|    entropy_loss         | 34.6        |
|    explained_variance   | 0.92        |
|    learning_rate        | 5.06e-05    |
|    loss                 | 0.705       |
|    n_updates            | 590         |
|    policy_gradient_loss | 0.000733    |
|    std                  | 0.0606      |
|    value_loss           | 0.404       |
-----------------------------------------
[HumanoidEnv] Reset state env_id=0 z=0.276 rpy=[-0.002, -0.000, 0.001]
[HumanoidEnv] unhealthy terminate at step=714 z=0.184145 rpy=[1.97581, 0.278721, 0.182879] v_body=[0.462612, 2.78919, -1.34576]
PARITY max_torque=23.700 23.700 45.430
PARITY contact_mu=0.450
PARITY body_height=0.320
PARITY Kp_body=100.000 100.000 100.000
PARITY Kd_body=30.000 30.000 30.000
PARITY Kp_ori=100.000 100.000 100.000
PARITY Kd_ori=10.000 10.000 10.000
PARITY Kp_foot=550.000 550.000 550.000
PARITY Kd_foot=10.000 10.000 10.000
PARITY Kp_joint=5.000 5.000 5.000
PARITY Kd_joint=3.000 3.000 3.000
PARITY floating_base_weight=50.000
PARITY control_mode=5.000
------------------------------------------
| rollout/                |              |
|    ep_len_mean          | 529          |
|    ep_rew_mean          | 20.4         |
| time/                   |              |
|    fps                  | 2075         |
|    iterations           | 61           |
|    time_elapsed         | 3852         |
|    total_timesteps      | 7995392      |
| train/                  |              |
|    adaptive_lr          | 5.06e-05     |
|    approx_kl            | 0.0054955063 |
|    clip_fraction        | 0.234        |
|    clip_range           | 0.1          |
|    clip_range_vf        | 0.2          |
|    entropy_loss         | 34.5         |
|    explained_variance   | 0.921        |
|    learning_rate        | 5.06e-05     |
|    loss                 | 0.691        |
|    n_updates            | 600          |
|    policy_gradient_loss | 0.000636     |
|    std                  | 0.0609       |
|    value_loss           | 0.383        |
------------------------------------------
[HumanoidEnv] Reset state env_id=0 z=0.292 rpy=[0.002, -0.002, -0.000]
[HumanoidEnv] unhealthy terminate at step=79 z=0.191742 rpy=[-1.38646, -0.0769086, 0.00664094] v_body=[1.37975, -1.32252, -1.29844]
PARITY max_torque=23.700 23.700 45.430
PARITY contact_mu=0.450
PARITY body_height=0.320
PARITY Kp_body=100.000 100.000 100.000
PARITY Kd_body=30.000 30.000 30.000
PARITY Kp_ori=100.000 100.000 100.000
PARITY Kd_ori=10.000 10.000 10.000
PARITY Kp_foot=550.000 550.000 550.000
PARITY Kd_foot=10.000 10.000 10.000
PARITY Kp_joint=5.000 5.000 5.000
PARITY Kd_joint=3.000 3.000 3.000
PARITY floating_base_weight=50.000
PARITY control_mode=5.000
INFO:root:VecNormalize statistics saved at: ./data/gamma1/quadruped_ppo_model_ckpt_8000512_vecnormalize.pkl
INFO:root:Model saved at: ./data/gamma1/quadruped_ppo_model_ckpt_8000512.zip
INFO:root:Checkpoint written at 8000512 timesteps
-----------------------------------------
| rollout/                |             |
|    ep_len_mean          | 495         |
|    ep_rew_mean          | 19.3        |
| time/                   |             |
|    fps                  | 2075        |
|    iterations           | 62          |
|    time_elapsed         | 3915        |
|    total_timesteps      | 8126464     |
| train/                  |             |
|    adaptive_lr          | 5.06e-05    |
|    approx_kl            | 0.005659116 |
|    clip_fraction        | 0.243       |
|    clip_range           | 0.1         |
|    clip_range_vf        | 0.2         |
|    entropy_loss         | 34.4        |
|    explained_variance   | 0.916       |
|    learning_rate        | 5.06e-05    |
|    loss                 | 0.749       |
|    n_updates            | 610         |
|    policy_gradient_loss | 0.000485    |
|    std                  | 0.0611      |
|    value_loss           | 0.43        |
-----------------------------------------
[HumanoidEnv] Reset state env_id=0 z=0.320 rpy=[0.000, -0.002, 0.000]
[HumanoidEnv] unhealthy terminate at step=641 z=0.19634 rpy=[2.23599, 0.30401, -2.28258] v_body=[-1.04344, -2.02048, 0.820246]
PARITY max_torque=23.700 23.700 45.430
PARITY contact_mu=0.450
PARITY body_height=0.320
PARITY Kp_body=100.000 100.000 100.000
PARITY Kd_body=30.000 30.000 30.000
PARITY Kp_ori=100.000 100.000 100.000
PARITY Kd_ori=10.000 10.000 10.000
PARITY Kp_foot=550.000 550.000 550.000
PARITY Kd_foot=10.000 10.000 10.000
PARITY Kp_joint=5.000 5.000 5.000
PARITY Kd_joint=3.000 3.000 3.000
PARITY floating_base_weight=50.000
PARITY control_mode=5.000
------------------------------------------
| rollout/                |              |
|    ep_len_mean          | 482          |
|    ep_rew_mean          | 18.6         |
| time/                   |              |
|    fps                  | 2075         |
|    iterations           | 63           |
|    time_elapsed         | 3979         |
|    total_timesteps      | 8257536      |
| train/                  |              |
|    adaptive_lr          | 5.06e-05     |
|    approx_kl            | 0.0055098315 |
|    clip_fraction        | 0.235        |
|    clip_range           | 0.1          |
|    clip_range_vf        | 0.2          |
|    entropy_loss         | 34.3         |
|    explained_variance   | 0.916        |
|    learning_rate        | 5.06e-05     |
|    loss                 | 0.747        |
|    n_updates            | 620          |
|    policy_gradient_loss | 0.000431     |
|    std                  | 0.0613       |
|    value_loss           | 0.419        |
------------------------------------------
[HumanoidEnv] Reset state env_id=0 z=0.280 rpy=[0.000, 0.001, 0.001]
[HumanoidEnv] unhealthy terminate at step=607 z=0.198259 rpy=[2.79225, -0.78263, -0.649444] v_body=[1.11477, 1.37208, 1.02792]
PARITY max_torque=23.700 23.700 45.430
PARITY contact_mu=0.450
PARITY body_height=0.320
PARITY Kp_body=100.000 100.000 100.000
PARITY Kd_body=30.000 30.000 30.000
PARITY Kp_ori=100.000 100.000 100.000
PARITY Kd_ori=10.000 10.000 10.000
PARITY Kp_foot=550.000 550.000 550.000
PARITY Kd_foot=10.000 10.000 10.000
PARITY Kp_joint=5.000 5.000 5.000
PARITY Kd_joint=3.000 3.000 3.000
PARITY floating_base_weight=50.000
PARITY control_mode=5.000
-----------------------------------------
| rollout/                |             |
|    ep_len_mean          | 479         |
|    ep_rew_mean          | 18.8        |
| time/                   |             |
|    fps                  | 2075        |
|    iterations           | 64          |
|    time_elapsed         | 4042        |
|    total_timesteps      | 8388608     |
| train/                  |             |
|    adaptive_lr          | 5.06e-05    |
|    approx_kl            | 0.005524723 |
|    clip_fraction        | 0.238       |
|    clip_range           | 0.1         |
|    clip_range_vf        | 0.2         |
|    entropy_loss         | 34.3        |
|    explained_variance   | 0.915       |
|    learning_rate        | 5.06e-05    |
|    loss                 | 0.832       |
|    n_updates            | 630         |
|    policy_gradient_loss | 0.000542    |
|    std                  | 0.0615      |
|    value_loss           | 0.44        |
-----------------------------------------
[HumanoidEnv] Reset state env_id=0 z=0.274 rpy=[0.002, 0.000, 0.001]
[HumanoidEnv] unhealthy terminate at step=557 z=0.194442 rpy=[2.93058, 0.413118, 0.398823] v_body=[-0.949611, 0.663371, 1.0852]
PARITY max_torque=23.700 23.700 45.430
PARITY contact_mu=0.450
PARITY body_height=0.320
PARITY Kp_body=100.000 100.000 100.000
PARITY Kd_body=30.000 30.000 30.000
PARITY Kp_ori=100.000 100.000 100.000
PARITY Kd_ori=10.000 10.000 10.000
PARITY Kp_foot=550.000 550.000 550.000
PARITY Kd_foot=10.000 10.000 10.000
PARITY Kp_joint=5.000 5.000 5.000
PARITY Kd_joint=3.000 3.000 3.000
PARITY floating_base_weight=50.000
PARITY control_mode=5.000
-----------------------------------------
| rollout/                |             |
|    ep_len_mean          | 474         |
|    ep_rew_mean          | 18.6        |
| time/                   |             |
|    fps                  | 2074        |
|    iterations           | 65          |
|    time_elapsed         | 4106        |
|    total_timesteps      | 8519680     |
| train/                  |             |
|    adaptive_lr          | 5.06e-05    |
|    approx_kl            | 0.005701358 |
|    clip_fraction        | 0.238       |
|    clip_range           | 0.1         |
|    clip_range_vf        | 0.2         |
|    entropy_loss         | 34.2        |
|    explained_variance   | 0.912       |
|    learning_rate        | 5.06e-05    |
|    loss                 | 0.915       |
|    n_updates            | 640         |
|    policy_gradient_loss | 0.000501    |
|    std                  | 0.0618      |
|    value_loss           | 0.484       |
-----------------------------------------
[HumanoidEnv] Reset state env_id=0 z=0.323 rpy=[0.000, -0.003, 0.000]
[HumanoidEnv] unhealthy terminate at step=604 z=0.196002 rpy=[-2.82507, 0.216002, 1.0288] v_body=[0.245777, -1.39299, 0.487362]
PARITY max_torque=23.700 23.700 45.430
PARITY contact_mu=0.450
PARITY body_height=0.320
PARITY Kp_body=100.000 100.000 100.000
PARITY Kd_body=30.000 30.000 30.000
PARITY Kp_ori=100.000 100.000 100.000
PARITY Kd_ori=10.000 10.000 10.000
PARITY Kp_foot=550.000 550.000 550.000
PARITY Kd_foot=10.000 10.000 10.000
PARITY Kp_joint=5.000 5.000 5.000
PARITY Kd_joint=3.000 3.000 3.000
PARITY floating_base_weight=50.000
PARITY control_mode=5.000
------------------------------------------
| rollout/                |              |
|    ep_len_mean          | 501          |
|    ep_rew_mean          | 19.3         |
| time/                   |              |
|    fps                  | 2074         |
|    iterations           | 66           |
|    time_elapsed         | 4169         |
|    total_timesteps      | 8650752      |
| train/                  |              |
|    adaptive_lr          | 5.06e-05     |
|    approx_kl            | 0.0056970743 |
|    clip_fraction        | 0.235        |
|    clip_range           | 0.1          |
|    clip_range_vf        | 0.2          |
|    entropy_loss         | 34.1         |
|    explained_variance   | 0.917        |
|    learning_rate        | 5.06e-05     |
|    loss                 | 0.77         |
|    n_updates            | 650          |
|    policy_gradient_loss | 0.000376     |
|    std                  | 0.062        |
|    value_loss           | 0.468        |
------------------------------------------
[HumanoidEnv] Reset state env_id=0 z=0.317 rpy=[-0.001, -0.004, -0.000]
[HumanoidEnv] unhealthy terminate at step=424 z=0.199379 rpy=[2.89202, 0.00745793, 2.70643] v_body=[-1.74625, -1.12526, 0.801987]
PARITY max_torque=23.700 23.700 45.430
PARITY contact_mu=0.450
PARITY body_height=0.320
PARITY Kp_body=100.000 100.000 100.000
PARITY Kd_body=30.000 30.000 30.000
PARITY Kp_ori=100.000 100.000 100.000
PARITY Kd_ori=10.000 10.000 10.000
PARITY Kp_foot=550.000 550.000 550.000
PARITY Kd_foot=10.000 10.000 10.000
PARITY Kp_joint=5.000 5.000 5.000
PARITY Kd_joint=3.000 3.000 3.000
PARITY floating_base_weight=50.000
PARITY control_mode=5.000
-----------------------------------------
| rollout/                |             |
|    ep_len_mean          | 521         |
|    ep_rew_mean          | 20.2        |
| time/                   |             |
|    fps                  | 2074        |
|    iterations           | 67          |
|    time_elapsed         | 4232        |
|    total_timesteps      | 8781824     |
| train/                  |             |
|    adaptive_lr          | 5.06e-05    |
|    approx_kl            | 0.005666153 |
|    clip_fraction        | 0.237       |
|    clip_range           | 0.1         |
|    clip_range_vf        | 0.2         |
|    entropy_loss         | 34          |
|    explained_variance   | 0.922       |
|    learning_rate        | 5.06e-05    |
|    loss                 | 0.727       |
|    n_updates            | 660         |
|    policy_gradient_loss | 0.000196    |
|    std                  | 0.0622      |
|    value_loss           | 0.425       |
-----------------------------------------
[HumanoidEnv] Reset state env_id=0 z=0.274 rpy=[-0.002, -0.000, 0.001]
[HumanoidEnv] unhealthy terminate at step=557 z=0.197274 rpy=[-1.62164, 0.310114, 0.761114] v_body=[-0.354372, -0.94284, -0.22312]
PARITY max_torque=23.700 23.700 45.430
PARITY contact_mu=0.450
PARITY body_height=0.320
PARITY Kp_body=100.000 100.000 100.000
PARITY Kd_body=30.000 30.000 30.000
PARITY Kp_ori=100.000 100.000 100.000
PARITY Kd_ori=10.000 10.000 10.000
PARITY Kp_foot=550.000 550.000 550.000
PARITY Kd_foot=10.000 10.000 10.000
PARITY Kp_joint=5.000 5.000 5.000
PARITY Kd_joint=3.000 3.000 3.000
PARITY floating_base_weight=50.000
PARITY control_mode=5.000
-----------------------------------------
| rollout/                |             |
|    ep_len_mean          | 520         |
|    ep_rew_mean          | 20.4        |
| time/                   |             |
|    fps                  | 2074        |
|    iterations           | 68          |
|    time_elapsed         | 4295        |
|    total_timesteps      | 8912896     |
| train/                  |             |
|    adaptive_lr          | 5.06e-05    |
|    approx_kl            | 0.005445622 |
|    clip_fraction        | 0.23        |
|    clip_range           | 0.1         |
|    clip_range_vf        | 0.2         |
|    entropy_loss         | 33.9        |
|    explained_variance   | 0.917       |
|    learning_rate        | 5.06e-05    |
|    loss                 | 0.704       |
|    n_updates            | 670         |
|    policy_gradient_loss | 0.000299    |
|    std                  | 0.0625      |
|    value_loss           | 0.433       |
-----------------------------------------
[HumanoidEnv] Reset state env_id=0 z=0.303 rpy=[0.000, -0.002, -0.000]
[HumanoidEnv] unhealthy terminate at step=377 z=0.18261 rpy=[0.565941, -0.164123, -0.11638] v_body=[1.28801, 2.08787, -0.632889]
PARITY max_torque=23.700 23.700 45.430
PARITY contact_mu=0.450
PARITY body_height=0.320
PARITY Kp_body=100.000 100.000 100.000
PARITY Kd_body=30.000 30.000 30.000
PARITY Kp_ori=100.000 100.000 100.000
PARITY Kd_ori=10.000 10.000 10.000
PARITY Kp_foot=550.000 550.000 550.000
PARITY Kd_foot=10.000 10.000 10.000
PARITY Kp_joint=5.000 5.000 5.000
PARITY Kd_joint=3.000 3.000 3.000
PARITY floating_base_weight=50.000
PARITY control_mode=5.000
-----------------------------------------
| rollout/                |             |
|    ep_len_mean          | 527         |
|    ep_rew_mean          | 20.5        |
| time/                   |             |
|    fps                  | 2074        |
|    iterations           | 69          |
|    time_elapsed         | 4358        |
|    total_timesteps      | 9043968     |
| train/                  |             |
|    adaptive_lr          | 5.06e-05    |
|    approx_kl            | 0.005252758 |
|    clip_fraction        | 0.231       |
|    clip_range           | 0.1         |
|    clip_range_vf        | 0.2         |
|    entropy_loss         | 33.8        |
|    explained_variance   | 0.92        |
|    learning_rate        | 5.06e-05    |
|    loss                 | 0.678       |
|    n_updates            | 680         |
|    policy_gradient_loss | 5.98e-06    |
|    std                  | 0.0627      |
|    value_loss           | 0.389       |
-----------------------------------------
[HumanoidEnv] Reset state env_id=0 z=0.316 rpy=[0.002, -0.003, -0.000]
[HumanoidEnv] unhealthy terminate at step=522 z=0.192483 rpy=[-2.39676, -0.13364, -2.34109] v_body=[0.0821128, 2.33774, -0.611204]
PARITY max_torque=23.700 23.700 45.430
PARITY contact_mu=0.450
PARITY body_height=0.320
PARITY Kp_body=100.000 100.000 100.000
PARITY Kd_body=30.000 30.000 30.000
PARITY Kp_ori=100.000 100.000 100.000
PARITY Kd_ori=10.000 10.000 10.000
PARITY Kp_foot=550.000 550.000 550.000
PARITY Kd_foot=10.000 10.000 10.000
PARITY Kp_joint=5.000 5.000 5.000
PARITY Kd_joint=3.000 3.000 3.000
PARITY floating_base_weight=50.000
PARITY control_mode=5.000
-----------------------------------------
| rollout/                |             |
|    ep_len_mean          | 502         |
|    ep_rew_mean          | 19.3        |
| time/                   |             |
|    fps                  | 2074        |
|    iterations           | 70          |
|    time_elapsed         | 4422        |
|    total_timesteps      | 9175040     |
| train/                  |             |
|    adaptive_lr          | 5.06e-05    |
|    approx_kl            | 0.005265588 |
|    clip_fraction        | 0.229       |
|    clip_range           | 0.1         |
|    clip_range_vf        | 0.2         |
|    entropy_loss         | 33.7        |
|    explained_variance   | 0.925       |
|    learning_rate        | 5.06e-05    |
|    loss                 | 0.712       |
|    n_updates            | 690         |
|    policy_gradient_loss | 0.000447    |
|    std                  | 0.0629      |
|    value_loss           | 0.393       |
-----------------------------------------
[HumanoidEnv] Reset state env_id=0 z=0.293 rpy=[0.002, -0.001, 0.000]
[HumanoidEnv] unhealthy terminate at step=420 z=0.186846 rpy=[1.57556, 0.0988804, -0.241445] v_body=[0.891566, 1.38775, -1.77557]
PARITY max_torque=23.700 23.700 45.430
PARITY contact_mu=0.450
PARITY body_height=0.320
PARITY Kp_body=100.000 100.000 100.000
PARITY Kd_body=30.000 30.000 30.000
PARITY Kp_ori=100.000 100.000 100.000
PARITY Kd_ori=10.000 10.000 10.000
PARITY Kp_foot=550.000 550.000 550.000
PARITY Kd_foot=10.000 10.000 10.000
PARITY Kp_joint=5.000 5.000 5.000
PARITY Kd_joint=3.000 3.000 3.000
PARITY floating_base_weight=50.000
PARITY control_mode=5.000
-----------------------------------------
| rollout/                |             |
|    ep_len_mean          | 478         |
|    ep_rew_mean          | 18.2        |
| time/                   |             |
|    fps                  | 2074        |
|    iterations           | 71          |
|    time_elapsed         | 4485        |
|    total_timesteps      | 9306112     |
| train/                  |             |
|    adaptive_lr          | 5.06e-05    |
|    approx_kl            | 0.005399475 |
|    clip_fraction        | 0.233       |
|    clip_range           | 0.1         |
|    clip_range_vf        | 0.2         |
|    entropy_loss         | 33.6        |
|    explained_variance   | 0.929       |
|    learning_rate        | 5.06e-05    |
|    loss                 | 0.703       |
|    n_updates            | 700         |
|    policy_gradient_loss | 0.000265    |
|    std                  | 0.0631      |
|    value_loss           | 0.386       |
-----------------------------------------
[HumanoidEnv] Reset state env_id=0 z=0.325 rpy=[-0.002, -0.003, 0.000]
[HumanoidEnv] unhealthy terminate at step=449 z=0.189434 rpy=[-1.81867, -0.101586, 0.0821881] v_body=[0.582556, -2.20545, -1.19154]
PARITY max_torque=23.700 23.700 45.430
PARITY contact_mu=0.450
PARITY body_height=0.320
PARITY Kp_body=100.000 100.000 100.000
PARITY Kd_body=30.000 30.000 30.000
PARITY Kp_ori=100.000 100.000 100.000
PARITY Kd_ori=10.000 10.000 10.000
PARITY Kp_foot=550.000 550.000 550.000
PARITY Kd_foot=10.000 10.000 10.000
PARITY Kp_joint=5.000 5.000 5.000
PARITY Kd_joint=3.000 3.000 3.000
PARITY floating_base_weight=50.000
PARITY control_mode=5.000
[HumanoidEnv] Reset state env_id=0 z=0.275 rpy=[0.002, 0.000, 0.001]
[HumanoidEnv] unhealthy terminate at step=341 z=0.199198 rpy=[-2.21221, 0.490806, -0.260889] v_body=[-1.06135, -0.983516, -0.211047]
PARITY max_torque=23.700 23.700 45.430
PARITY contact_mu=0.450
PARITY body_height=0.320
PARITY Kp_body=100.000 100.000 100.000
PARITY Kd_body=30.000 30.000 30.000
PARITY Kp_ori=100.000 100.000 100.000
PARITY Kd_ori=10.000 10.000 10.000
PARITY Kp_foot=550.000 550.000 550.000
PARITY Kd_foot=10.000 10.000 10.000
PARITY Kp_joint=5.000 5.000 5.000
PARITY Kd_joint=3.000 3.000 3.000
PARITY floating_base_weight=50.000
PARITY control_mode=5.000
-----------------------------------------
| rollout/                |             |
|    ep_len_mean          | 510         |
|    ep_rew_mean          | 19.3        |
| time/                   |             |
|    fps                  | 2074        |
|    iterations           | 72          |
|    time_elapsed         | 4549        |
|    total_timesteps      | 9437184     |
| train/                  |             |
|    adaptive_lr          | 5.06e-05    |
|    approx_kl            | 0.005438639 |
|    clip_fraction        | 0.238       |
|    clip_range           | 0.1         |
|    clip_range_vf        | 0.2         |
|    entropy_loss         | 33.5        |
|    explained_variance   | 0.931       |
|    learning_rate        | 5.06e-05    |
|    loss                 | 0.697       |
|    n_updates            | 710         |
|    policy_gradient_loss | 0.0004      |
|    std                  | 0.0634      |
|    value_loss           | 0.392       |
-----------------------------------------
[HumanoidEnv] Reset state env_id=0 z=0.272 rpy=[0.002, -0.000, 0.000]
[HumanoidEnv] unhealthy terminate at step=494 z=0.194965 rpy=[-1.77206, 0.0318809, -0.606475] v_body=[-0.772164, -0.0202751, 0.72013]
PARITY max_torque=23.700 23.700 45.430
PARITY contact_mu=0.450
PARITY body_height=0.320
PARITY Kp_body=100.000 100.000 100.000
PARITY Kd_body=30.000 30.000 30.000
PARITY Kp_ori=100.000 100.000 100.000
PARITY Kd_ori=10.000 10.000 10.000
PARITY Kp_foot=550.000 550.000 550.000
PARITY Kd_foot=10.000 10.000 10.000
PARITY Kp_joint=5.000 5.000 5.000
PARITY Kd_joint=3.000 3.000 3.000
PARITY floating_base_weight=50.000
PARITY control_mode=5.000
------------------------------------------
| rollout/                |              |
|    ep_len_mean          | 483          |
|    ep_rew_mean          | 18.6         |
| time/                   |              |
|    fps                  | 2074         |
|    iterations           | 73           |
|    time_elapsed         | 4612         |
|    total_timesteps      | 9568256      |
| train/                  |              |
|    adaptive_lr          | 5.06e-05     |
|    approx_kl            | 0.0053331987 |
|    clip_fraction        | 0.233        |
|    clip_range           | 0.1          |
|    clip_range_vf        | 0.2          |
|    entropy_loss         | 33.4         |
|    explained_variance   | 0.929        |
|    learning_rate        | 5.06e-05     |
|    loss                 | 0.765        |
|    n_updates            | 720          |
|    policy_gradient_loss | 0.000404     |
|    std                  | 0.0636       |
|    value_loss           | 0.416        |
------------------------------------------
[HumanoidEnv] Reset state env_id=0 z=0.311 rpy=[-0.002, -0.004, 0.000]
[HumanoidEnv] unhealthy terminate at step=450 z=0.19519 rpy=[2.50886, -0.533425, -2.20782] v_body=[-0.62916, 1.24525, 1.26809]
PARITY max_torque=23.700 23.700 45.430
PARITY contact_mu=0.450
PARITY body_height=0.320
PARITY Kp_body=100.000 100.000 100.000
PARITY Kd_body=30.000 30.000 30.000
PARITY Kp_ori=100.000 100.000 100.000
PARITY Kd_ori=10.000 10.000 10.000
PARITY Kp_foot=550.000 550.000 550.000
PARITY Kd_foot=10.000 10.000 10.000
PARITY Kp_joint=5.000 5.000 5.000
PARITY Kd_joint=3.000 3.000 3.000
PARITY floating_base_weight=50.000
PARITY control_mode=5.000
-----------------------------------------
| rollout/                |             |
|    ep_len_mean          | 478         |
|    ep_rew_mean          | 18.5        |
| time/                   |             |
|    fps                  | 2072        |
|    iterations           | 74          |
|    time_elapsed         | 4678        |
|    total_timesteps      | 9699328     |
| train/                  |             |
|    adaptive_lr          | 5.06e-05    |
|    approx_kl            | 0.005471145 |
|    clip_fraction        | 0.238       |
|    clip_range           | 0.1         |
|    clip_range_vf        | 0.2         |
|    entropy_loss         | 33.4        |
|    explained_variance   | 0.925       |
|    learning_rate        | 5.06e-05    |
|    loss                 | 0.77        |
|    n_updates            | 730         |
|    policy_gradient_loss | 3.62e-05    |
|    std                  | 0.0638      |
|    value_loss           | 0.421       |
-----------------------------------------
[HumanoidEnv] Reset state env_id=0 z=0.281 rpy=[-0.001, -0.001, 0.001]
[HumanoidEnv] unhealthy terminate at step=352 z=0.195979 rpy=[-2.44139, 0.248303, -0.644356] v_body=[-1.81348, 0.297155, 0.695128]
PARITY max_torque=23.700 23.700 45.430
PARITY contact_mu=0.450
PARITY body_height=0.320
PARITY Kp_body=100.000 100.000 100.000
PARITY Kd_body=30.000 30.000 30.000
PARITY Kp_ori=100.000 100.000 100.000
PARITY Kd_ori=10.000 10.000 10.000
PARITY Kp_foot=550.000 550.000 550.000
PARITY Kd_foot=10.000 10.000 10.000
PARITY Kp_joint=5.000 5.000 5.000
PARITY Kd_joint=3.000 3.000 3.000
PARITY floating_base_weight=50.000
PARITY control_mode=5.000
------------------------------------------
| rollout/                |              |
|    ep_len_mean          | 466          |
|    ep_rew_mean          | 18.2         |
| time/                   |              |
|    fps                  | 2072         |
|    iterations           | 75           |
|    time_elapsed         | 4742         |
|    total_timesteps      | 9830400      |
| train/                  |              |
|    adaptive_lr          | 5.06e-05     |
|    approx_kl            | 0.0053869574 |
|    clip_fraction        | 0.23         |
|    clip_range           | 0.1          |
|    clip_range_vf        | 0.2          |
|    entropy_loss         | 33.3         |
|    explained_variance   | 0.918        |
|    learning_rate        | 5.06e-05     |
|    loss                 | 0.731        |
|    n_updates            | 740          |
|    policy_gradient_loss | 0.000401     |
|    std                  | 0.064        |
|    value_loss           | 0.456        |
------------------------------------------
[HumanoidEnv] Reset state env_id=0 z=0.305 rpy=[0.001, -0.001, 0.000]
[HumanoidEnv] unhealthy terminate at step=415 z=0.198048 rpy=[-0.828761, -0.33858, -0.585907] v_body=[0.102348, -0.917621, -0.535841]
PARITY max_torque=23.700 23.700 45.430
PARITY contact_mu=0.450
PARITY body_height=0.320
PARITY Kp_body=100.000 100.000 100.000
PARITY Kd_body=30.000 30.000 30.000
PARITY Kp_ori=100.000 100.000 100.000
PARITY Kd_ori=10.000 10.000 10.000
PARITY Kp_foot=550.000 550.000 550.000
PARITY Kd_foot=10.000 10.000 10.000
PARITY Kp_joint=5.000 5.000 5.000
PARITY Kd_joint=3.000 3.000 3.000
PARITY floating_base_weight=50.000
PARITY control_mode=5.000
----------------------------------------
| rollout/                |            |
|    ep_len_mean          | 504        |
|    ep_rew_mean          | 19.5       |
| time/                   |            |
|    fps                  | 2072       |
|    iterations           | 76         |
|    time_elapsed         | 4806       |
|    total_timesteps      | 9961472    |
| train/                  |            |
|    adaptive_lr          | 5.06e-05   |
|    approx_kl            | 0.00531759 |
|    clip_fraction        | 0.231      |
|    clip_range           | 0.1        |
|    clip_range_vf        | 0.2        |
|    entropy_loss         | 33.2       |
|    explained_variance   | 0.915      |
|    learning_rate        | 5.06e-05   |
|    loss                 | 0.783      |
|    n_updates            | 750        |
|    policy_gradient_loss | 6.44e-05   |
|    std                  | 0.0642     |
|    value_loss           | 0.466      |
----------------------------------------
[HumanoidEnv] Reset state env_id=0 z=0.324 rpy=[-0.002, -0.002, 0.000]
[HumanoidEnv] unhealthy terminate at step=501 z=0.199075 rpy=[-2.42264, -0.301948, 1.5526] v_body=[0.173852, -2.15752, 0.33807]
PARITY max_torque=23.700 23.700 45.430
PARITY contact_mu=0.450
PARITY body_height=0.320
PARITY Kp_body=100.000 100.000 100.000
PARITY Kd_body=30.000 30.000 30.000
PARITY Kp_ori=100.000 100.000 100.000
PARITY Kd_ori=10.000 10.000 10.000
PARITY Kp_foot=550.000 550.000 550.000
PARITY Kd_foot=10.000 10.000 10.000
PARITY Kp_joint=5.000 5.000 5.000
PARITY Kd_joint=3.000 3.000 3.000
PARITY floating_base_weight=50.000
PARITY control_mode=5.000
INFO:root:VecNormalize statistics saved at: ./data/gamma1/quadruped_ppo_model_ckpt_10000640_vecnormalize.pkl
INFO:root:Model saved at: ./data/gamma1/quadruped_ppo_model_ckpt_10000640.zip
INFO:root:Checkpoint written at 10000640 timesteps
-----------------------------------------
| rollout/                |             |
|    ep_len_mean          | 510         |
|    ep_rew_mean          | 19.3        |
| time/                   |             |
|    fps                  | 2073        |
|    iterations           | 77          |
|    time_elapsed         | 4867        |
|    total_timesteps      | 10092544    |
| train/                  |             |
|    adaptive_lr          | 5.06e-05    |
|    approx_kl            | 0.005322438 |
|    clip_fraction        | 0.233       |
|    clip_range           | 0.1         |
|    clip_range_vf        | 0.2         |
|    entropy_loss         | 33.1        |
|    explained_variance   | 0.916       |
|    learning_rate        | 5.06e-05    |
|    loss                 | 0.827       |
|    n_updates            | 760         |
|    policy_gradient_loss | 0.000327    |
|    std                  | 0.0645      |
|    value_loss           | 0.462       |
-----------------------------------------
[HumanoidEnv] Reset state env_id=0 z=0.321 rpy=[0.003, -0.002, 0.000]
[HumanoidEnv] unhealthy terminate at step=619 z=0.197299 rpy=[-1.92357, 0.169046, 3.13284] v_body=[1.72448, -0.210278, 2.51541]
PARITY max_torque=23.700 23.700 45.430
PARITY contact_mu=0.450
PARITY body_height=0.320
PARITY Kp_body=100.000 100.000 100.000
PARITY Kd_body=30.000 30.000 30.000
PARITY Kp_ori=100.000 100.000 100.000
PARITY Kd_ori=10.000 10.000 10.000
PARITY Kp_foot=550.000 550.000 550.000
PARITY Kd_foot=10.000 10.000 10.000
PARITY Kp_joint=5.000 5.000 5.000
PARITY Kd_joint=3.000 3.000 3.000
PARITY floating_base_weight=50.000
PARITY control_mode=5.000
------------------------------------------
| rollout/                |              |
|    ep_len_mean          | 501          |
|    ep_rew_mean          | 18.9         |
| time/                   |              |
|    fps                  | 2075         |
|    iterations           | 78           |
|    time_elapsed         | 4927         |
|    total_timesteps      | 10223616     |
| train/                  |              |
|    adaptive_lr          | 5.06e-05     |
|    approx_kl            | 0.0052877446 |
|    clip_fraction        | 0.23         |
|    clip_range           | 0.1          |
|    clip_range_vf        | 0.2          |
|    entropy_loss         | 33           |
|    explained_variance   | 0.917        |
|    learning_rate        | 5.06e-05     |
|    loss                 | 0.77         |
|    n_updates            | 770          |
|    policy_gradient_loss | 0.000104     |
|    std                  | 0.0647       |
|    value_loss           | 0.41         |
------------------------------------------
[HumanoidEnv] Reset state env_id=0 z=0.327 rpy=[-0.000, -0.003, -0.000]
[HumanoidEnv] unhealthy terminate at step=486 z=0.199703 rpy=[0.551161, -0.411439, 0.944394] v_body=[0.10755, 0.507973, 0.00770668]
PARITY max_torque=23.700 23.700 45.430
PARITY contact_mu=0.450
PARITY body_height=0.320
PARITY Kp_body=100.000 100.000 100.000
PARITY Kd_body=30.000 30.000 30.000
PARITY Kp_ori=100.000 100.000 100.000
PARITY Kd_ori=10.000 10.000 10.000
PARITY Kp_foot=550.000 550.000 550.000
PARITY Kd_foot=10.000 10.000 10.000
PARITY Kp_joint=5.000 5.000 5.000
PARITY Kd_joint=3.000 3.000 3.000
PARITY floating_base_weight=50.000
PARITY control_mode=5.000
-----------------------------------------
| rollout/                |             |
|    ep_len_mean          | 497         |
|    ep_rew_mean          | 19          |
| time/                   |             |
|    fps                  | 2076        |
|    iterations           | 79          |
|    time_elapsed         | 4986        |
|    total_timesteps      | 10354688    |
| train/                  |             |
|    adaptive_lr          | 5.06e-05    |
|    approx_kl            | 0.005336616 |
|    clip_fraction        | 0.23        |
|    clip_range           | 0.1         |
|    clip_range_vf        | 0.2         |
|    entropy_loss         | 32.9        |
|    explained_variance   | 0.92        |
|    learning_rate        | 5.06e-05    |
|    loss                 | 0.735       |
|    n_updates            | 780         |
|    policy_gradient_loss | 0.000273    |
|    std                  | 0.0649      |
|    value_loss           | 0.412       |
-----------------------------------------
[HumanoidEnv] Reset state env_id=0 z=0.274 rpy=[-0.002, -0.001, 0.001]
[HumanoidEnv] unhealthy terminate at step=445 z=0.194152 rpy=[-2.44091, -0.52115, 2.84759] v_body=[1.06486, -0.621484, 0.736528]
PARITY max_torque=23.700 23.700 45.430
PARITY contact_mu=0.450
PARITY body_height=0.320
PARITY Kp_body=100.000 100.000 100.000
PARITY Kd_body=30.000 30.000 30.000
PARITY Kp_ori=100.000 100.000 100.000
PARITY Kd_ori=10.000 10.000 10.000
PARITY Kp_foot=550.000 550.000 550.000
PARITY Kd_foot=10.000 10.000 10.000
PARITY Kp_joint=5.000 5.000 5.000
PARITY Kd_joint=3.000 3.000 3.000
PARITY floating_base_weight=50.000
PARITY control_mode=5.000
-----------------------------------------
| rollout/                |             |
|    ep_len_mean          | 507         |
|    ep_rew_mean          | 19.3        |
| time/                   |             |
|    fps                  | 2078        |
|    iterations           | 80          |
|    time_elapsed         | 5045        |
|    total_timesteps      | 10485760    |
| train/                  |             |
|    adaptive_lr          | 5.06e-05    |
|    approx_kl            | 0.005436346 |
|    clip_fraction        | 0.236       |
|    clip_range           | 0.1         |
|    clip_range_vf        | 0.2         |
|    entropy_loss         | 32.8        |
|    explained_variance   | 0.924       |
|    learning_rate        | 5.06e-05    |
|    loss                 | 0.698       |
|    n_updates            | 790         |
|    policy_gradient_loss | -0.000183   |
|    std                  | 0.0651      |
|    value_loss           | 0.392       |
-----------------------------------------
[HumanoidEnv] Reset state env_id=0 z=0.306 rpy=[-0.001, -0.004, 0.000]
[HumanoidEnv] unhealthy terminate at step=733 z=0.761081 rpy=[0.309262, 0.379027, 0.932816] v_body=[2.04397, 0.440135, 0.254313]
PARITY max_torque=23.700 23.700 45.430
PARITY contact_mu=0.450
PARITY body_height=0.320
PARITY Kp_body=100.000 100.000 100.000
PARITY Kd_body=30.000 30.000 30.000
PARITY Kp_ori=100.000 100.000 100.000
PARITY Kd_ori=10.000 10.000 10.000
PARITY Kp_foot=550.000 550.000 550.000
PARITY Kd_foot=10.000 10.000 10.000
PARITY Kp_joint=5.000 5.000 5.000
PARITY Kd_joint=3.000 3.000 3.000
PARITY floating_base_weight=50.000
PARITY control_mode=5.000
-----------------------------------------
| rollout/                |             |
|    ep_len_mean          | 503         |
|    ep_rew_mean          | 19.1        |
| time/                   |             |
|    fps                  | 2079        |
|    iterations           | 81          |
|    time_elapsed         | 5105        |
|    total_timesteps      | 10616832    |
| train/                  |             |
|    adaptive_lr          | 5.06e-05    |
|    approx_kl            | 0.005306893 |
|    clip_fraction        | 0.231       |
|    clip_range           | 0.1         |
|    clip_range_vf        | 0.2         |
|    entropy_loss         | 32.8        |
|    explained_variance   | 0.92        |
|    learning_rate        | 5.06e-05    |
|    loss                 | 0.734       |
|    n_updates            | 800         |
|    policy_gradient_loss | 0.000205    |
|    std                  | 0.0653      |
|    value_loss           | 0.407       |
-----------------------------------------
[HumanoidEnv] Reset state env_id=0 z=0.279 rpy=[-0.001, -0.000, 0.001]
[HumanoidEnv] unhealthy terminate at step=313 z=0.199098 rpy=[1.02226, -0.299748, -2.38331] v_body=[0.407646, 0.632002, -1.10332]
PARITY max_torque=23.700 23.700 45.430
PARITY contact_mu=0.450
PARITY body_height=0.320
PARITY Kp_body=100.000 100.000 100.000
PARITY Kd_body=30.000 30.000 30.000
PARITY Kp_ori=100.000 100.000 100.000
PARITY Kd_ori=10.000 10.000 10.000
PARITY Kp_foot=550.000 550.000 550.000
PARITY Kd_foot=10.000 10.000 10.000
PARITY Kp_joint=5.000 5.000 5.000
PARITY Kd_joint=3.000 3.000 3.000
PARITY floating_base_weight=50.000
PARITY control_mode=5.000
[HumanoidEnv] Reset state env_id=0 z=0.308 rpy=[-0.001, -0.002, 0.000]
[HumanoidEnv] unhealthy terminate at step=350 z=0.18719 rpy=[-0.860287, 0.288631, -2.19975] v_body=[-1.74179, -1.00938, -1.37158]
PARITY max_torque=23.700 23.700 45.430
PARITY contact_mu=0.450
PARITY body_height=0.320
PARITY Kp_body=100.000 100.000 100.000
PARITY Kd_body=30.000 30.000 30.000
PARITY Kp_ori=100.000 100.000 100.000
PARITY Kd_ori=10.000 10.000 10.000
PARITY Kp_foot=550.000 550.000 550.000
PARITY Kd_foot=10.000 10.000 10.000
PARITY Kp_joint=5.000 5.000 5.000
PARITY Kd_joint=3.000 3.000 3.000
PARITY floating_base_weight=50.000
PARITY control_mode=5.000
----------------------------------------
| rollout/                |            |
|    ep_len_mean          | 493        |
|    ep_rew_mean          | 18.8       |
| time/                   |            |
|    fps                  | 2081       |
|    iterations           | 82         |
|    time_elapsed         | 5164       |
|    total_timesteps      | 10747904   |
| train/                  |            |
|    adaptive_lr          | 5.06e-05   |
|    approx_kl            | 0.00538096 |
|    clip_fraction        | 0.237      |
|    clip_range           | 0.1        |
|    clip_range_vf        | 0.2        |
|    entropy_loss         | 32.7       |
|    explained_variance   | 0.921      |
|    learning_rate        | 5.06e-05   |
|    loss                 | 0.678      |
|    n_updates            | 810        |
|    policy_gradient_loss | 2.88e-05   |
|    std                  | 0.0656     |
|    value_loss           | 0.399      |
----------------------------------------
[HumanoidEnv] Reset state env_id=0 z=0.279 rpy=[-0.002, -0.000, 0.001]
[HumanoidEnv] unhealthy terminate at step=492 z=0.193767 rpy=[-0.370431, 0.362067, -0.862837] v_body=[-0.464402, 0.150462, -1.50944]
PARITY max_torque=23.700 23.700 45.430
PARITY contact_mu=0.450
PARITY body_height=0.320
PARITY Kp_body=100.000 100.000 100.000
PARITY Kd_body=30.000 30.000 30.000
PARITY Kp_ori=100.000 100.000 100.000
PARITY Kd_ori=10.000 10.000 10.000
PARITY Kp_foot=550.000 550.000 550.000
PARITY Kd_foot=10.000 10.000 10.000
PARITY Kp_joint=5.000 5.000 5.000
PARITY Kd_joint=3.000 3.000 3.000
PARITY floating_base_weight=50.000
PARITY control_mode=5.000
------------------------------------------
| rollout/                |              |
|    ep_len_mean          | 521          |
|    ep_rew_mean          | 20.2         |
| time/                   |              |
|    fps                  | 2082         |
|    iterations           | 83           |
|    time_elapsed         | 5223         |
|    total_timesteps      | 10878976     |
| train/                  |              |
|    adaptive_lr          | 5.06e-05     |
|    approx_kl            | 0.0052041216 |
|    clip_fraction        | 0.228        |
|    clip_range           | 0.1          |
|    clip_range_vf        | 0.2          |
|    entropy_loss         | 32.6         |
|    explained_variance   | 0.917        |
|    learning_rate        | 5.06e-05     |
|    loss                 | 0.713        |
|    n_updates            | 820          |
|    policy_gradient_loss | 0.000105     |
|    std                  | 0.0658       |
|    value_loss           | 0.395        |
------------------------------------------
[HumanoidEnv] Reset state env_id=0 z=0.274 rpy=[-0.001, -0.000, 0.001]
[HumanoidEnv] unhealthy terminate at step=411 z=0.197019 rpy=[-0.551866, 0.210512, 0.834437] v_body=[0.617029, -2.74967, -0.0280461]
PARITY max_torque=23.700 23.700 45.430
PARITY contact_mu=0.450
PARITY body_height=0.320
PARITY Kp_body=100.000 100.000 100.000
PARITY Kd_body=30.000 30.000 30.000
PARITY Kp_ori=100.000 100.000 100.000
PARITY Kd_ori=10.000 10.000 10.000
PARITY Kp_foot=550.000 550.000 550.000
PARITY Kd_foot=10.000 10.000 10.000
PARITY Kp_joint=5.000 5.000 5.000
PARITY Kd_joint=3.000 3.000 3.000
PARITY floating_base_weight=50.000
PARITY control_mode=5.000
------------------------------------------
| rollout/                |              |
|    ep_len_mean          | 533          |
|    ep_rew_mean          | 20.4         |
| time/                   |              |
|    fps                  | 2084         |
|    iterations           | 84           |
|    time_elapsed         | 5282         |
|    total_timesteps      | 11010048     |
| train/                  |              |
|    adaptive_lr          | 5.06e-05     |
|    approx_kl            | 0.0050713783 |
|    clip_fraction        | 0.228        |
|    clip_range           | 0.1          |
|    clip_range_vf        | 0.2          |
|    entropy_loss         | 32.5         |
|    explained_variance   | 0.917        |
|    learning_rate        | 5.06e-05     |
|    loss                 | 0.737        |
|    n_updates            | 830          |
|    policy_gradient_loss | 0.000217     |
|    std                  | 0.066        |
|    value_loss           | 0.402        |
------------------------------------------
[HumanoidEnv] Reset state env_id=0 z=0.325 rpy=[0.002, -0.003, -0.000]
[HumanoidEnv] unhealthy terminate at step=407 z=0.196726 rpy=[-2.14825, -0.125664, 0.21781] v_body=[0.82917, -2.32291, -0.551113]
PARITY max_torque=23.700 23.700 45.430
PARITY contact_mu=0.450
PARITY body_height=0.320
PARITY Kp_body=100.000 100.000 100.000
PARITY Kd_body=30.000 30.000 30.000
PARITY Kp_ori=100.000 100.000 100.000
PARITY Kd_ori=10.000 10.000 10.000
PARITY Kp_foot=550.000 550.000 550.000
PARITY Kd_foot=10.000 10.000 10.000
PARITY Kp_joint=5.000 5.000 5.000
PARITY Kd_joint=3.000 3.000 3.000
PARITY floating_base_weight=50.000
PARITY control_mode=5.000
------------------------------------------
| rollout/                |              |
|    ep_len_mean          | 527          |
|    ep_rew_mean          | 20.5         |
| time/                   |              |
|    fps                  | 2085         |
|    iterations           | 85           |
|    time_elapsed         | 5342         |
|    total_timesteps      | 11141120     |
| train/                  |              |
|    adaptive_lr          | 5.06e-05     |
|    approx_kl            | 0.0052847476 |
|    clip_fraction        | 0.229        |
|    clip_range           | 0.1          |
|    clip_range_vf        | 0.2          |
|    entropy_loss         | 32.4         |
|    explained_variance   | 0.915        |
|    learning_rate        | 5.06e-05     |
|    loss                 | 0.653        |
|    n_updates            | 840          |
|    policy_gradient_loss | -0.00016     |
|    std                  | 0.0662       |
|    value_loss           | 0.395        |
------------------------------------------
[HumanoidEnv] Reset state env_id=0 z=0.273 rpy=[0.001, -0.001, 0.001]
[HumanoidEnv] unhealthy terminate at step=406 z=0.190509 rpy=[0.00601081, -0.538137, 0.283769] v_body=[0.756822, 1.36871, -0.300983]
PARITY max_torque=23.700 23.700 45.430
PARITY contact_mu=0.450
PARITY body_height=0.320
PARITY Kp_body=100.000 100.000 100.000
PARITY Kd_body=30.000 30.000 30.000
PARITY Kp_ori=100.000 100.000 100.000
PARITY Kd_ori=10.000 10.000 10.000
PARITY Kp_foot=550.000 550.000 550.000
PARITY Kd_foot=10.000 10.000 10.000
PARITY Kp_joint=5.000 5.000 5.000
PARITY Kd_joint=3.000 3.000 3.000
PARITY floating_base_weight=50.000
PARITY control_mode=5.000
------------------------------------------
| rollout/                |              |
|    ep_len_mean          | 541          |
|    ep_rew_mean          | 21           |
| time/                   |              |
|    fps                  | 2086         |
|    iterations           | 86           |
|    time_elapsed         | 5401         |
|    total_timesteps      | 11272192     |
| train/                  |              |
|    adaptive_lr          | 5.06e-05     |
|    approx_kl            | 0.0050598597 |
|    clip_fraction        | 0.221        |
|    clip_range           | 0.1          |
|    clip_range_vf        | 0.2          |
|    entropy_loss         | 32.3         |
|    explained_variance   | 0.92         |
|    learning_rate        | 5.06e-05     |
|    loss                 | 0.655        |
|    n_updates            | 850          |
|    policy_gradient_loss | 8.47e-05     |
|    std                  | 0.0664       |
|    value_loss           | 0.392        |
------------------------------------------
[HumanoidEnv] Reset state env_id=0 z=0.303 rpy=[-0.002, -0.001, 0.000]
[HumanoidEnv] unhealthy terminate at step=837 z=0.195366 rpy=[-2.67956, -0.456598, 0.811241] v_body=[0.590583, -0.207951, 0.550072]
PARITY max_torque=23.700 23.700 45.430
PARITY contact_mu=0.450
PARITY body_height=0.320
PARITY Kp_body=100.000 100.000 100.000
PARITY Kd_body=30.000 30.000 30.000
PARITY Kp_ori=100.000 100.000 100.000
PARITY Kd_ori=10.000 10.000 10.000
PARITY Kp_foot=550.000 550.000 550.000
PARITY Kd_foot=10.000 10.000 10.000
PARITY Kp_joint=5.000 5.000 5.000
PARITY Kd_joint=3.000 3.000 3.000
PARITY floating_base_weight=50.000
PARITY control_mode=5.000
-----------------------------------------
| rollout/                |             |
|    ep_len_mean          | 552         |
|    ep_rew_mean          | 21          |
| time/                   |             |
|    fps                  | 2088        |
|    iterations           | 87          |
|    time_elapsed         | 5460        |
|    total_timesteps      | 11403264    |
| train/                  |             |
|    adaptive_lr          | 5.06e-05    |
|    approx_kl            | 0.005218774 |
|    clip_fraction        | 0.227       |
|    clip_range           | 0.1         |
|    clip_range_vf        | 0.2         |
|    entropy_loss         | 32.3        |
|    explained_variance   | 0.909       |
|    learning_rate        | 5.06e-05    |
|    loss                 | 0.706       |
|    n_updates            | 860         |
|    policy_gradient_loss | -0.000174   |
|    std                  | 0.0666      |
|    value_loss           | 0.447       |
-----------------------------------------
------------------------------------------
| rollout/                |              |
|    ep_len_mean          | 520          |
|    ep_rew_mean          | 20.1         |
| time/                   |              |
|    fps                  | 2089         |
|    iterations           | 88           |
|    time_elapsed         | 5520         |
|    total_timesteps      | 11534336     |
| train/                  |              |
|    adaptive_lr          | 5.06e-05     |
|    approx_kl            | 0.0052208784 |
|    clip_fraction        | 0.221        |
|    clip_range           | 0.1          |
|    clip_range_vf        | 0.2          |
|    entropy_loss         | 32.2         |
|    explained_variance   | 0.912        |
|    learning_rate        | 5.06e-05     |
|    loss                 | 0.73         |
|    n_updates            | 870          |
|    policy_gradient_loss | 6.6e-05      |
|    std                  | 0.0668       |
|    value_loss           | 0.457        |
------------------------------------------
[HumanoidEnv] Reset state env_id=0 z=0.309 rpy=[0.001, -0.003, -0.000]
[HumanoidEnv] unhealthy terminate at step=660 z=0.197084 rpy=[-0.72994, 0.269239, 2.30412] v_body=[0.426717, -0.387022, -0.32888]
PARITY max_torque=23.700 23.700 45.430
PARITY contact_mu=0.450
PARITY body_height=0.320
PARITY Kp_body=100.000 100.000 100.000
PARITY Kd_body=30.000 30.000 30.000
PARITY Kp_ori=100.000 100.000 100.000
PARITY Kd_ori=10.000 10.000 10.000
PARITY Kp_foot=550.000 550.000 550.000
PARITY Kd_foot=10.000 10.000 10.000
PARITY Kp_joint=5.000 5.000 5.000
PARITY Kd_joint=3.000 3.000 3.000
PARITY floating_base_weight=50.000
PARITY control_mode=5.000
[HumanoidEnv] Reset state env_id=0 z=0.318 rpy=[0.001, -0.001, 0.000]
[HumanoidEnv] unhealthy terminate at step=410 z=0.199577 rpy=[-2.40414, -0.018075, -1.9822] v_body=[1.50407, 1.01571, 2.42693]
PARITY max_torque=23.700 23.700 45.430
PARITY contact_mu=0.450
PARITY body_height=0.320
PARITY Kp_body=100.000 100.000 100.000
PARITY Kd_body=30.000 30.000 30.000
PARITY Kp_ori=100.000 100.000 100.000
PARITY Kd_ori=10.000 10.000 10.000
PARITY Kp_foot=550.000 550.000 550.000
PARITY Kd_foot=10.000 10.000 10.000
PARITY Kp_joint=5.000 5.000 5.000
PARITY Kd_joint=3.000 3.000 3.000
PARITY floating_base_weight=50.000
PARITY control_mode=5.000
------------------------------------------
| rollout/                |              |
|    ep_len_mean          | 502          |
|    ep_rew_mean          | 19.5         |
| time/                   |              |
|    fps                  | 2090         |
|    iterations           | 89           |
|    time_elapsed         | 5580         |
|    total_timesteps      | 11665408     |
| train/                  |              |
|    adaptive_lr          | 5.06e-05     |
|    approx_kl            | 0.0054466133 |
|    clip_fraction        | 0.23         |
|    clip_range           | 0.1          |
|    clip_range_vf        | 0.2          |
|    entropy_loss         | 32.1         |
|    explained_variance   | 0.912        |
|    learning_rate        | 5.06e-05     |
|    loss                 | 0.769        |
|    n_updates            | 880          |
|    policy_gradient_loss | -3.39e-05    |
|    std                  | 0.0671       |
|    value_loss           | 0.493        |
------------------------------------------
-----------------------------------------
| rollout/                |             |
|    ep_len_mean          | 512         |
|    ep_rew_mean          | 19.7        |
| time/                   |             |
|    fps                  | 2091        |
|    iterations           | 90          |
|    time_elapsed         | 5639        |
|    total_timesteps      | 11796480    |
| train/                  |             |
|    adaptive_lr          | 5.06e-05    |
|    approx_kl            | 0.005352458 |
|    clip_fraction        | 0.23        |
|    clip_range           | 0.1         |
|    clip_range_vf        | 0.2         |
|    entropy_loss         | 32          |
|    explained_variance   | 0.916       |
|    learning_rate        | 5.06e-05    |
|    loss                 | 0.787       |
|    n_updates            | 890         |
|    policy_gradient_loss | -0.000111   |
|    std                  | 0.0673      |
|    value_loss           | 0.464       |
-----------------------------------------
[HumanoidEnv] Reset state env_id=0 z=0.306 rpy=[0.001, -0.003, -0.000]
[HumanoidEnv] unhealthy terminate at step=896 z=0.197299 rpy=[0.43966, 0.362396, -1.51501] v_body=[0.251164, 0.322781, -0.183202]
PARITY max_torque=23.700 23.700 45.430
PARITY contact_mu=0.450
PARITY body_height=0.320
PARITY Kp_body=100.000 100.000 100.000
PARITY Kd_body=30.000 30.000 30.000
PARITY Kp_ori=100.000 100.000 100.000
PARITY Kd_ori=10.000 10.000 10.000
PARITY Kp_foot=550.000 550.000 550.000
PARITY Kd_foot=10.000 10.000 10.000
PARITY Kp_joint=5.000 5.000 5.000
PARITY Kd_joint=3.000 3.000 3.000
PARITY floating_base_weight=50.000
PARITY control_mode=5.000
------------------------------------------
| rollout/                |              |
|    ep_len_mean          | 482          |
|    ep_rew_mean          | 18.9         |
| time/                   |              |
|    fps                  | 2092         |
|    iterations           | 91           |
|    time_elapsed         | 5698         |
|    total_timesteps      | 11927552     |
| train/                  |              |
|    adaptive_lr          | 5.06e-05     |
|    approx_kl            | 0.0054674167 |
|    clip_fraction        | 0.234        |
|    clip_range           | 0.1          |
|    clip_range_vf        | 0.2          |
|    entropy_loss         | 31.9         |
|    explained_variance   | 0.909        |
|    learning_rate        | 5.06e-05     |
|    loss                 | 0.889        |
|    n_updates            | 900          |
|    policy_gradient_loss | -0.000129    |
|    std                  | 0.0675       |
|    value_loss           | 0.506        |
------------------------------------------
[HumanoidEnv] Reset state env_id=0 z=0.275 rpy=[0.002, 0.000, 0.001]
[HumanoidEnv] unhealthy terminate at step=247 z=0.199862 rpy=[-1.49837, 0.350306, 0.500896] v_body=[-2.01523, -1.38967, -1.47684]
PARITY max_torque=23.700 23.700 45.430
PARITY contact_mu=0.450
PARITY body_height=0.320
PARITY Kp_body=100.000 100.000 100.000
PARITY Kd_body=30.000 30.000 30.000
PARITY Kp_ori=100.000 100.000 100.000
PARITY Kd_ori=10.000 10.000 10.000
PARITY Kp_foot=550.000 550.000 550.000
PARITY Kd_foot=10.000 10.000 10.000
PARITY Kp_joint=5.000 5.000 5.000
PARITY Kd_joint=3.000 3.000 3.000
PARITY floating_base_weight=50.000
PARITY control_mode=5.000
INFO:root:VecNormalize statistics saved at: ./data/gamma1/quadruped_ppo_model_ckpt_12000768_vecnormalize.pkl
INFO:root:Model saved at: ./data/gamma1/quadruped_ppo_model_ckpt_12000768.zip
INFO:root:Checkpoint written at 12000768 timesteps
[HumanoidEnv] Reset state env_id=0 z=0.315 rpy=[0.002, -0.003, 0.000]
[HumanoidEnv] unhealthy terminate at step=402 z=0.199675 rpy=[-2.1007, -0.267713, 1.62327] v_body=[-0.205544, -0.19963, 2.17449]
PARITY max_torque=23.700 23.700 45.430
PARITY contact_mu=0.450
PARITY body_height=0.320
PARITY Kp_body=100.000 100.000 100.000
PARITY Kd_body=30.000 30.000 30.000
PARITY Kp_ori=100.000 100.000 100.000
PARITY Kd_ori=10.000 10.000 10.000
PARITY Kp_foot=550.000 550.000 550.000
PARITY Kd_foot=10.000 10.000 10.000
PARITY Kp_joint=5.000 5.000 5.000
PARITY Kd_joint=3.000 3.000 3.000
PARITY floating_base_weight=50.000
PARITY control_mode=5.000
-----------------------------------------
| rollout/                |             |
|    ep_len_mean          | 504         |
|    ep_rew_mean          | 19.4        |
| time/                   |             |
|    fps                  | 2094        |
|    iterations           | 92          |
|    time_elapsed         | 5758        |
|    total_timesteps      | 12058624    |
| train/                  |             |
|    adaptive_lr          | 5.06e-05    |
|    approx_kl            | 0.005534425 |
|    clip_fraction        | 0.229       |
|    clip_range           | 0.1         |
|    clip_range_vf        | 0.2         |
|    entropy_loss         | 31.8        |
|    explained_variance   | 0.908       |
|    learning_rate        | 5.06e-05    |
|    loss                 | 0.843       |
|    n_updates            | 910         |
|    policy_gradient_loss | -0.000105   |
|    std                  | 0.0678      |
|    value_loss           | 0.509       |
-----------------------------------------
[HumanoidEnv] Reset state env_id=0 z=0.274 rpy=[0.002, -0.001, 0.001]
[HumanoidEnv] unhealthy terminate at step=319 z=0.199131 rpy=[-0.762146, -0.13599, -0.580636] v_body=[1.41279, 0.0790858, -1.46905]
PARITY max_torque=23.700 23.700 45.430
PARITY contact_mu=0.450
PARITY body_height=0.320
PARITY Kp_body=100.000 100.000 100.000
PARITY Kd_body=30.000 30.000 30.000
PARITY Kp_ori=100.000 100.000 100.000
PARITY Kd_ori=10.000 10.000 10.000
PARITY Kp_foot=550.000 550.000 550.000
PARITY Kd_foot=10.000 10.000 10.000
PARITY Kp_joint=5.000 5.000 5.000
PARITY Kd_joint=3.000 3.000 3.000
PARITY floating_base_weight=50.000
PARITY control_mode=5.000
------------------------------------------
| rollout/                |              |
|    ep_len_mean          | 487          |
|    ep_rew_mean          | 18.4         |
| time/                   |              |
|    fps                  | 2095         |
|    iterations           | 93           |
|    time_elapsed         | 5817         |
|    total_timesteps      | 12189696     |
| train/                  |              |
|    adaptive_lr          | 5.06e-05     |
|    approx_kl            | 0.0051856535 |
|    clip_fraction        | 0.226        |
|    clip_range           | 0.1          |
|    clip_range_vf        | 0.2          |
|    entropy_loss         | 31.7         |
|    explained_variance   | 0.914        |
|    learning_rate        | 5.06e-05     |
|    loss                 | 0.805        |
|    n_updates            | 920          |
|    policy_gradient_loss | 8.92e-05     |
|    std                  | 0.0681       |
|    value_loss           | 0.473        |
------------------------------------------
[HumanoidEnv] Reset state env_id=0 z=0.324 rpy=[-0.001, -0.002, -0.000]
[HumanoidEnv] unhealthy terminate at step=617 z=0.194865 rpy=[1.23106, -0.042368, -1.01111] v_body=[1.46982, 0.207627, 2.23208]
PARITY max_torque=23.700 23.700 45.430
PARITY contact_mu=0.450
PARITY body_height=0.320
PARITY Kp_body=100.000 100.000 100.000
PARITY Kd_body=30.000 30.000 30.000
PARITY Kp_ori=100.000 100.000 100.000
PARITY Kd_ori=10.000 10.000 10.000
PARITY Kp_foot=550.000 550.000 550.000
PARITY Kd_foot=10.000 10.000 10.000
PARITY Kp_joint=5.000 5.000 5.000
PARITY Kd_joint=3.000 3.000 3.000
PARITY floating_base_weight=50.000
PARITY control_mode=5.000
------------------------------------------
| rollout/                |              |
|    ep_len_mean          | 511          |
|    ep_rew_mean          | 19.3         |
| time/                   |              |
|    fps                  | 2096         |
|    iterations           | 94           |
|    time_elapsed         | 5876         |
|    total_timesteps      | 12320768     |
| train/                  |              |
|    adaptive_lr          | 5.06e-05     |
|    approx_kl            | 0.0053748037 |
|    clip_fraction        | 0.231        |
|    clip_range           | 0.1          |
|    clip_range_vf        | 0.2          |
|    entropy_loss         | 31.6         |
|    explained_variance   | 0.916        |
|    learning_rate        | 5.06e-05     |
|    loss                 | 0.805        |
|    n_updates            | 930          |
|    policy_gradient_loss | -0.000315    |
|    std                  | 0.0683       |
|    value_loss           | 0.447        |
------------------------------------------
[HumanoidEnv] Reset state env_id=0 z=0.308 rpy=[-0.000, -0.002, 0.000]
[HumanoidEnv] unhealthy terminate at step=618 z=0.194826 rpy=[-1.50351, 0.0980272, 0.378148] v_body=[-0.111143, -1.82234, 1.20918]
PARITY max_torque=23.700 23.700 45.430
PARITY contact_mu=0.450
PARITY body_height=0.320
PARITY Kp_body=100.000 100.000 100.000
PARITY Kd_body=30.000 30.000 30.000
PARITY Kp_ori=100.000 100.000 100.000
PARITY Kd_ori=10.000 10.000 10.000
PARITY Kp_foot=550.000 550.000 550.000
PARITY Kd_foot=10.000 10.000 10.000
PARITY Kp_joint=5.000 5.000 5.000
PARITY Kd_joint=3.000 3.000 3.000
PARITY floating_base_weight=50.000
PARITY control_mode=5.000
------------------------------------------
| rollout/                |              |
|    ep_len_mean          | 517          |
|    ep_rew_mean          | 19.8         |
| time/                   |              |
|    fps                  | 2097         |
|    iterations           | 95           |
|    time_elapsed         | 5935         |
|    total_timesteps      | 12451840     |
| train/                  |              |
|    adaptive_lr          | 5.06e-05     |
|    approx_kl            | 0.0051581673 |
|    clip_fraction        | 0.233        |
|    clip_range           | 0.1          |
|    clip_range_vf        | 0.2          |
|    entropy_loss         | 31.6         |
|    explained_variance   | 0.919        |
|    learning_rate        | 5.06e-05     |
|    loss                 | 0.71         |
|    n_updates            | 940          |
|    policy_gradient_loss | -0.00027     |
|    std                  | 0.0686       |
|    value_loss           | 0.429        |
------------------------------------------
[HumanoidEnv] Reset state env_id=0 z=0.283 rpy=[0.000, -0.002, 0.001]
[HumanoidEnv] unhealthy terminate at step=525 z=0.190307 rpy=[-2.36012, 0.00176306, 1.94511] v_body=[-0.732074, 2.11451, 1.94506]
PARITY max_torque=23.700 23.700 45.430
PARITY contact_mu=0.450
PARITY body_height=0.320
PARITY Kp_body=100.000 100.000 100.000
PARITY Kd_body=30.000 30.000 30.000
PARITY Kp_ori=100.000 100.000 100.000
PARITY Kd_ori=10.000 10.000 10.000
PARITY Kp_foot=550.000 550.000 550.000
PARITY Kd_foot=10.000 10.000 10.000
PARITY Kp_joint=5.000 5.000 5.000
PARITY Kd_joint=3.000 3.000 3.000
PARITY floating_base_weight=50.000
PARITY control_mode=5.000
-----------------------------------------
| rollout/                |             |
|    ep_len_mean          | 542         |
|    ep_rew_mean          | 20.4        |
| time/                   |             |
|    fps                  | 2098        |
|    iterations           | 96          |
|    time_elapsed         | 5994        |
|    total_timesteps      | 12582912    |
| train/                  |             |
|    adaptive_lr          | 5.06e-05    |
|    approx_kl            | 0.005359607 |
|    clip_fraction        | 0.23        |
|    clip_range           | 0.1         |
|    clip_range_vf        | 0.2         |
|    entropy_loss         | 31.5        |
|    explained_variance   | 0.922       |
|    learning_rate        | 5.06e-05    |
|    loss                 | 0.743       |
|    n_updates            | 950         |
|    policy_gradient_loss | -0.00075    |
|    std                  | 0.0688      |
|    value_loss           | 0.399       |
-----------------------------------------
------------------------------------------
| rollout/                |              |
|    ep_len_mean          | 545          |
|    ep_rew_mean          | 20.5         |
| time/                   |              |
|    fps                  | 2100         |
|    iterations           | 97           |
|    time_elapsed         | 6053         |
|    total_timesteps      | 12713984     |
| train/                  |              |
|    adaptive_lr          | 5.06e-05     |
|    approx_kl            | 0.0052042576 |
|    clip_fraction        | 0.228        |
|    clip_range           | 0.1          |
|    clip_range_vf        | 0.2          |
|    entropy_loss         | 31.4         |
|    explained_variance   | 0.922        |
|    learning_rate        | 5.06e-05     |
|    loss                 | 0.776        |
|    n_updates            | 960          |
|    policy_gradient_loss | -0.000447    |
|    std                  | 0.069        |
|    value_loss           | 0.399        |
------------------------------------------
[HumanoidEnv] Reset state env_id=0 z=0.314 rpy=[0.001, -0.002, -0.000]
[HumanoidEnv] unhealthy terminate at step=634 z=0.197665 rpy=[2.88165, 0.310923, 0.53176] v_body=[-1.8895, -0.343208, 1.78886]
PARITY max_torque=23.700 23.700 45.430
PARITY contact_mu=0.450
PARITY body_height=0.320
PARITY Kp_body=100.000 100.000 100.000
PARITY Kd_body=30.000 30.000 30.000
PARITY Kp_ori=100.000 100.000 100.000
PARITY Kd_ori=10.000 10.000 10.000
PARITY Kp_foot=550.000 550.000 550.000
PARITY Kd_foot=10.000 10.000 10.000
PARITY Kp_joint=5.000 5.000 5.000
PARITY Kd_joint=3.000 3.000 3.000
PARITY floating_base_weight=50.000
PARITY control_mode=5.000
------------------------------------------
| rollout/                |              |
|    ep_len_mean          | 513          |
|    ep_rew_mean          | 19.7         |
| time/                   |              |
|    fps                  | 2101         |
|    iterations           | 98           |
|    time_elapsed         | 6112         |
|    total_timesteps      | 12845056     |
| train/                  |              |
|    adaptive_lr          | 5.06e-05     |
|    approx_kl            | 0.0051263757 |
|    clip_fraction        | 0.22         |
|    clip_range           | 0.1          |
|    clip_range_vf        | 0.2          |
|    entropy_loss         | 31.3         |
|    explained_variance   | 0.924        |
|    learning_rate        | 5.06e-05     |
|    loss                 | 0.675        |
|    n_updates            | 970          |
|    policy_gradient_loss | -0.000232    |
|    std                  | 0.0692       |
|    value_loss           | 0.393        |
------------------------------------------
[HumanoidEnv] Reset state env_id=0 z=0.319 rpy=[-0.001, -0.003, 0.000]
[HumanoidEnv] unhealthy terminate at step=522 z=0.191828 rpy=[-2.21948, -0.435644, -0.497653] v_body=[0.293319, -1.74309, 0.127138]
PARITY max_torque=23.700 23.700 45.430
PARITY contact_mu=0.450
PARITY body_height=0.320
PARITY Kp_body=100.000 100.000 100.000
PARITY Kd_body=30.000 30.000 30.000
PARITY Kp_ori=100.000 100.000 100.000
PARITY Kd_ori=10.000 10.000 10.000
PARITY Kp_foot=550.000 550.000 550.000
PARITY Kd_foot=10.000 10.000 10.000
PARITY Kp_joint=5.000 5.000 5.000
PARITY Kd_joint=3.000 3.000 3.000
PARITY floating_base_weight=50.000
PARITY control_mode=5.000
-----------------------------------------
| rollout/                |             |
|    ep_len_mean          | 535         |
|    ep_rew_mean          | 20.4        |
| time/                   |             |
|    fps                  | 2102        |
|    iterations           | 99          |
|    time_elapsed         | 6171        |
|    total_timesteps      | 12976128    |
| train/                  |             |
|    adaptive_lr          | 5.06e-05    |
|    approx_kl            | 0.005110515 |
|    clip_fraction        | 0.222       |
|    clip_range           | 0.1         |
|    clip_range_vf        | 0.2         |
|    entropy_loss         | 31.2        |
|    explained_variance   | 0.925       |
|    learning_rate        | 5.06e-05    |
|    loss                 | 0.622       |
|    n_updates            | 980         |
|    policy_gradient_loss | -0.000405   |
|    std                  | 0.0695      |
|    value_loss           | 0.365       |
-----------------------------------------
[HumanoidEnv] Reset state env_id=0 z=0.304 rpy=[0.001, -0.002, -0.000]
[HumanoidEnv] unhealthy terminate at step=649 z=0.194861 rpy=[-0.52491, 0.18486, -2.85623] v_body=[1.36831, -1.32869, -1.85123]
PARITY max_torque=23.700 23.700 45.430
PARITY contact_mu=0.450
PARITY body_height=0.320
PARITY Kp_body=100.000 100.000 100.000
PARITY Kd_body=30.000 30.000 30.000
PARITY Kp_ori=100.000 100.000 100.000
PARITY Kd_ori=10.000 10.000 10.000
PARITY Kp_foot=550.000 550.000 550.000
PARITY Kd_foot=10.000 10.000 10.000
PARITY Kp_joint=5.000 5.000 5.000
PARITY Kd_joint=3.000 3.000 3.000
PARITY floating_base_weight=50.000
PARITY control_mode=5.000
------------------------------------------
| rollout/                |              |
|    ep_len_mean          | 533          |
|    ep_rew_mean          | 20.1         |
| time/                   |              |
|    fps                  | 2103         |
|    iterations           | 100          |
|    time_elapsed         | 6231         |
|    total_timesteps      | 13107200     |
| train/                  |              |
|    adaptive_lr          | 5.06e-05     |
|    approx_kl            | 0.0051661488 |
|    clip_fraction        | 0.221        |
|    clip_range           | 0.1          |
|    clip_range_vf        | 0.2          |
|    entropy_loss         | 31.1         |
|    explained_variance   | 0.927        |
|    learning_rate        | 5.06e-05     |
|    loss                 | 0.683        |
|    n_updates            | 990          |
|    policy_gradient_loss | -0.000602    |
|    std                  | 0.0697       |
|    value_loss           | 0.364        |
------------------------------------------
[HumanoidEnv] Reset state env_id=0 z=0.288 rpy=[-0.001, -0.001, 0.001]
[HumanoidEnv] unhealthy terminate at step=514 z=0.189233 rpy=[-2.35863, -0.0111893, -0.178111] v_body=[-1.51324, -0.331223, 1.34701]
PARITY max_torque=23.700 23.700 45.430
PARITY contact_mu=0.450
PARITY body_height=0.320
PARITY Kp_body=100.000 100.000 100.000
PARITY Kd_body=30.000 30.000 30.000
PARITY Kp_ori=100.000 100.000 100.000
PARITY Kd_ori=10.000 10.000 10.000
PARITY Kp_foot=550.000 550.000 550.000
PARITY Kd_foot=10.000 10.000 10.000
PARITY Kp_joint=5.000 5.000 5.000
PARITY Kd_joint=3.000 3.000 3.000
PARITY floating_base_weight=50.000
PARITY control_mode=5.000
------------------------------------------
| rollout/                |              |
|    ep_len_mean          | 526          |
|    ep_rew_mean          | 19.9         |
| time/                   |              |
|    fps                  | 2104         |
|    iterations           | 101          |
|    time_elapsed         | 6290         |
|    total_timesteps      | 13238272     |
| train/                  |              |
|    adaptive_lr          | 5.06e-05     |
|    approx_kl            | 0.0051968805 |
|    clip_fraction        | 0.222        |
|    clip_range           | 0.1          |
|    clip_range_vf        | 0.2          |
|    entropy_loss         | 31           |
|    explained_variance   | 0.929        |
|    learning_rate        | 5.06e-05     |
|    loss                 | 0.7          |
|    n_updates            | 1000         |
|    policy_gradient_loss | -0.000353    |
|    std                  | 0.0699       |
|    value_loss           | 0.362        |
------------------------------------------
[HumanoidEnv] Reset state env_id=0 z=0.285 rpy=[0.000, 0.000, 0.001]
[HumanoidEnv] unhealthy terminate at step=450 z=0.195836 rpy=[-2.18846, 0.364978, -1.93182] v_body=[-2.08035, 0.305851, -1.14675]
PARITY max_torque=23.700 23.700 45.430
PARITY contact_mu=0.450
PARITY body_height=0.320
PARITY Kp_body=100.000 100.000 100.000
PARITY Kd_body=30.000 30.000 30.000
PARITY Kp_ori=100.000 100.000 100.000
PARITY Kd_ori=10.000 10.000 10.000
PARITY Kp_foot=550.000 550.000 550.000
PARITY Kd_foot=10.000 10.000 10.000
PARITY Kp_joint=5.000 5.000 5.000
PARITY Kd_joint=3.000 3.000 3.000
PARITY floating_base_weight=50.000
PARITY control_mode=5.000
----------------------------------------
| rollout/                |            |
|    ep_len_mean          | 535        |
|    ep_rew_mean          | 20.4       |
| time/                   |            |
|    fps                  | 2105       |
|    iterations           | 102        |
|    time_elapsed         | 6349       |
|    total_timesteps      | 13369344   |
| train/                  |            |
|    adaptive_lr          | 7.59e-05   |
|    approx_kl            | 0.00497436 |
|    clip_fraction        | 0.223      |
|    clip_range           | 0.1        |
|    clip_range_vf        | 0.2        |
|    entropy_loss         | 31         |
|    explained_variance   | 0.928      |
|    learning_rate        | 5.06e-05   |
|    loss                 | 0.663      |
|    n_updates            | 1010       |
|    policy_gradient_loss | -0.000413  |
|    std                  | 0.0702     |
|    value_loss           | 0.36       |
----------------------------------------
[HumanoidEnv] Reset state env_id=0 z=0.276 rpy=[0.000, -0.001, 0.001]
[HumanoidEnv] unhealthy terminate at step=490 z=0.197168 rpy=[1.92302, -0.0174677, 0.97614] v_body=[-1.04492, -0.786996, 0.302306]
PARITY max_torque=23.700 23.700 45.430
PARITY contact_mu=0.450
PARITY body_height=0.320
PARITY Kp_body=100.000 100.000 100.000
PARITY Kd_body=30.000 30.000 30.000
PARITY Kp_ori=100.000 100.000 100.000
PARITY Kd_ori=10.000 10.000 10.000
PARITY Kp_foot=550.000 550.000 550.000
PARITY Kd_foot=10.000 10.000 10.000
PARITY Kp_joint=5.000 5.000 5.000
PARITY Kd_joint=3.000 3.000 3.000
PARITY floating_base_weight=50.000
PARITY control_mode=5.000
-----------------------------------------
| rollout/                |             |
|    ep_len_mean          | 562         |
|    ep_rew_mean          | 20.8        |
| time/                   |             |
|    fps                  | 2106        |
|    iterations           | 103         |
|    time_elapsed         | 6408        |
|    total_timesteps      | 13500416    |
| train/                  |             |
|    adaptive_lr          | 7.59e-05    |
|    approx_kl            | 0.007406152 |
|    clip_fraction        | 0.291       |
|    clip_range           | 0.1         |
|    clip_range_vf        | 0.2         |
|    entropy_loss         | 30.9        |
|    explained_variance   | 0.928       |
|    learning_rate        | 7.59e-05    |
|    loss                 | 0.688       |
|    n_updates            | 1020        |
|    policy_gradient_loss | 0.00213     |
|    std                  | 0.0704      |
|    value_loss           | 0.375       |
-----------------------------------------
[HumanoidEnv] Reset state env_id=0 z=0.302 rpy=[0.001, -0.001, -0.000]
[HumanoidEnv] unhealthy terminate at step=420 z=0.199257 rpy=[2.05965, -0.334445, -0.0522785] v_body=[1.44421, 1.82994, -0.870379]
PARITY max_torque=23.700 23.700 45.430
PARITY contact_mu=0.450
PARITY body_height=0.320
PARITY Kp_body=100.000 100.000 100.000
PARITY Kd_body=30.000 30.000 30.000
PARITY Kp_ori=100.000 100.000 100.000
PARITY Kd_ori=10.000 10.000 10.000
PARITY Kp_foot=550.000 550.000 550.000
PARITY Kd_foot=10.000 10.000 10.000
PARITY Kp_joint=5.000 5.000 5.000
PARITY Kd_joint=3.000 3.000 3.000
PARITY floating_base_weight=50.000
PARITY control_mode=5.000
----------------------------------------
| rollout/                |            |
|    ep_len_mean          | 560        |
|    ep_rew_mean          | 21.1       |
| time/                   |            |
|    fps                  | 2107       |
|    iterations           | 104        |
|    time_elapsed         | 6467       |
|    total_timesteps      | 13631488   |
| train/                  |            |
|    adaptive_lr          | 7.59e-05   |
|    approx_kl            | 0.00730896 |
|    clip_fraction        | 0.291      |
|    clip_range           | 0.1        |
|    clip_range_vf        | 0.2        |
|    entropy_loss         | 30.8       |
|    explained_variance   | 0.931      |
|    learning_rate        | 7.59e-05   |
|    loss                 | 0.646      |
|    n_updates            | 1030       |
|    policy_gradient_loss | 0.00213    |
|    std                  | 0.0707     |
|    value_loss           | 0.35       |
----------------------------------------
[HumanoidEnv] Reset state env_id=0 z=0.275 rpy=[0.000, -0.000, 0.001]
[HumanoidEnv] unhealthy terminate at step=523 z=0.193584 rpy=[2.25968, 0.0231809, 0.353148] v_body=[0.960194, 2.06038, -0.363971]
PARITY max_torque=23.700 23.700 45.430
PARITY contact_mu=0.450
PARITY body_height=0.320
PARITY Kp_body=100.000 100.000 100.000
PARITY Kd_body=30.000 30.000 30.000
PARITY Kp_ori=100.000 100.000 100.000
PARITY Kd_ori=10.000 10.000 10.000
PARITY Kp_foot=550.000 550.000 550.000
PARITY Kd_foot=10.000 10.000 10.000
PARITY Kp_joint=5.000 5.000 5.000
PARITY Kd_joint=3.000 3.000 3.000
PARITY floating_base_weight=50.000
PARITY control_mode=5.000
[HumanoidEnv] Reset state env_id=0 z=0.280 rpy=[0.002, -0.001, 0.000]
[HumanoidEnv] unhealthy terminate at step=316 z=0.19881 rpy=[1.45345, -0.0602131, -0.298637] v_body=[0.131928, 0.0246732, -2.05632]
PARITY max_torque=23.700 23.700 45.430
PARITY contact_mu=0.450
PARITY body_height=0.320
PARITY Kp_body=100.000 100.000 100.000
PARITY Kd_body=30.000 30.000 30.000
PARITY Kp_ori=100.000 100.000 100.000
PARITY Kd_ori=10.000 10.000 10.000
PARITY Kp_foot=550.000 550.000 550.000
PARITY Kd_foot=10.000 10.000 10.000
PARITY Kp_joint=5.000 5.000 5.000
PARITY Kd_joint=3.000 3.000 3.000
PARITY floating_base_weight=50.000
PARITY control_mode=5.000
------------------------------------------
| rollout/                |              |
|    ep_len_mean          | 552          |
|    ep_rew_mean          | 20.7         |
| time/                   |              |
|    fps                  | 2108         |
|    iterations           | 105          |
|    time_elapsed         | 6526         |
|    total_timesteps      | 13762560     |
| train/                  |              |
|    adaptive_lr          | 7.59e-05     |
|    approx_kl            | 0.0070194257 |
|    clip_fraction        | 0.286        |
|    clip_range           | 0.1          |
|    clip_range_vf        | 0.2          |
|    entropy_loss         | 30.7         |
|    explained_variance   | 0.929        |
|    learning_rate        | 7.59e-05     |
|    loss                 | 0.619        |
|    n_updates            | 1040         |
|    policy_gradient_loss | 0.00186      |
|    std                  | 0.0709       |
|    value_loss           | 0.363        |
------------------------------------------
-----------------------------------------
| rollout/                |             |
|    ep_len_mean          | 569         |
|    ep_rew_mean          | 21.5        |
| time/                   |             |
|    fps                  | 2109        |
|    iterations           | 106         |
|    time_elapsed         | 6584        |
|    total_timesteps      | 13893632    |
| train/                  |             |
|    adaptive_lr          | 7.59e-05    |
|    approx_kl            | 0.007064879 |
|    clip_fraction        | 0.289       |
|    clip_range           | 0.1         |
|    clip_range_vf        | 0.2         |
|    entropy_loss         | 30.6        |
|    explained_variance   | 0.927       |
|    learning_rate        | 7.59e-05    |
|    loss                 | 0.689       |
|    n_updates            | 1050        |
|    policy_gradient_loss | 0.00182     |
|    std                  | 0.0711      |
|    value_loss           | 0.366       |
-----------------------------------------
[HumanoidEnv] Reset state env_id=0 z=0.315 rpy=[-0.002, -0.001, 0.001]
[HumanoidEnv] unhealthy terminate at step=752 z=0.193304 rpy=[1.10839, -0.0227332, 1.16433] v_body=[-0.672935, 0.549025, -0.817905]
PARITY max_torque=23.700 23.700 45.430
PARITY contact_mu=0.450
PARITY body_height=0.320
PARITY Kp_body=100.000 100.000 100.000
PARITY Kd_body=30.000 30.000 30.000
PARITY Kp_ori=100.000 100.000 100.000
PARITY Kd_ori=10.000 10.000 10.000
PARITY Kp_foot=550.000 550.000 550.000
PARITY Kd_foot=10.000 10.000 10.000
PARITY Kp_joint=5.000 5.000 5.000
PARITY Kd_joint=3.000 3.000 3.000
PARITY floating_base_weight=50.000
PARITY control_mode=5.000
INFO:root:VecNormalize statistics saved at: ./data/gamma1/quadruped_ppo_model_ckpt_14000896_vecnormalize.pkl
INFO:root:Model saved at: ./data/gamma1/quadruped_ppo_model_ckpt_14000896.zip
INFO:root:Checkpoint written at 14000896 timesteps
------------------------------------------
| rollout/                |              |
|    ep_len_mean          | 550          |
|    ep_rew_mean          | 20.8         |
| time/                   |              |
|    fps                  | 2110         |
|    iterations           | 107          |
|    time_elapsed         | 6643         |
|    total_timesteps      | 14024704     |
| train/                  |              |
|    adaptive_lr          | 7.59e-05     |
|    approx_kl            | 0.0067668147 |
|    clip_fraction        | 0.287        |
|    clip_range           | 0.1          |
|    clip_range_vf        | 0.2          |
|    entropy_loss         | 30.5         |
|    explained_variance   | 0.924        |
|    learning_rate        | 7.59e-05     |
|    loss                 | 0.725        |
|    n_updates            | 1060         |
|    policy_gradient_loss | 0.00192      |
|    std                  | 0.0714       |
|    value_loss           | 0.392        |
------------------------------------------
[HumanoidEnv] Reset state env_id=0 z=0.300 rpy=[-0.001, -0.002, 0.000]
[HumanoidEnv] unhealthy terminate at step=386 z=0.198683 rpy=[2.64911, 0.394299, -0.390079] v_body=[-0.177802, -1.93265, 1.38726]
PARITY max_torque=23.700 23.700 45.430
PARITY contact_mu=0.450
PARITY body_height=0.320
PARITY Kp_body=100.000 100.000 100.000
PARITY Kd_body=30.000 30.000 30.000
PARITY Kp_ori=100.000 100.000 100.000
PARITY Kd_ori=10.000 10.000 10.000
PARITY Kp_foot=550.000 550.000 550.000
PARITY Kd_foot=10.000 10.000 10.000
PARITY Kp_joint=5.000 5.000 5.000
PARITY Kd_joint=3.000 3.000 3.000
PARITY floating_base_weight=50.000
PARITY control_mode=5.000
----------------------------------------
| rollout/                |            |
|    ep_len_mean          | 548        |
|    ep_rew_mean          | 20.9       |
| time/                   |            |
|    fps                  | 2112       |
|    iterations           | 108        |
|    time_elapsed         | 6702       |
|    total_timesteps      | 14155776   |
| train/                  |            |
|    adaptive_lr          | 7.59e-05   |
|    approx_kl            | 0.00691626 |
|    clip_fraction        | 0.29       |
|    clip_range           | 0.1        |
|    clip_range_vf        | 0.2        |
|    entropy_loss         | 30.4       |
|    explained_variance   | 0.924      |
|    learning_rate        | 7.59e-05   |
|    loss                 | 0.698      |
|    n_updates            | 1070       |
|    policy_gradient_loss | 0.00191    |
|    std                  | 0.0717     |
|    value_loss           | 0.399      |
----------------------------------------
[HumanoidEnv] Reset state env_id=0 z=0.280 rpy=[0.001, -0.002, 0.001]
[HumanoidEnv] unhealthy terminate at step=517 z=0.196997 rpy=[-1.59487, -0.416005, 2.58344] v_body=[2.23246, 0.885866, -0.910896]
PARITY max_torque=23.700 23.700 45.430
PARITY contact_mu=0.450
PARITY body_height=0.320
PARITY Kp_body=100.000 100.000 100.000
PARITY Kd_body=30.000 30.000 30.000
PARITY Kp_ori=100.000 100.000 100.000
PARITY Kd_ori=10.000 10.000 10.000
PARITY Kp_foot=550.000 550.000 550.000
PARITY Kd_foot=10.000 10.000 10.000
PARITY Kp_joint=5.000 5.000 5.000
PARITY Kd_joint=3.000 3.000 3.000
PARITY floating_base_weight=50.000
PARITY control_mode=5.000
-----------------------------------------
| rollout/                |             |
|    ep_len_mean          | 542         |
|    ep_rew_mean          | 20.9        |
| time/                   |             |
|    fps                  | 2113        |
|    iterations           | 109         |
|    time_elapsed         | 6760        |
|    total_timesteps      | 14286848    |
| train/                  |             |
|    adaptive_lr          | 7.59e-05    |
|    approx_kl            | 0.007088313 |
|    clip_fraction        | 0.285       |
|    clip_range           | 0.1         |
|    clip_range_vf        | 0.2         |
|    entropy_loss         | 30.4        |
|    explained_variance   | 0.925       |
|    learning_rate        | 7.59e-05    |
|    loss                 | 0.763       |
|    n_updates            | 1080        |
|    policy_gradient_loss | 0.00184     |
|    std                  | 0.0719      |
|    value_loss           | 0.4         |
-----------------------------------------
[HumanoidEnv] Reset state env_id=0 z=0.319 rpy=[-0.003, -0.003, 0.000]
[HumanoidEnv] unhealthy terminate at step=894 z=0.187083 rpy=[1.38698, -0.0274051, -0.176833] v_body=[1.45153, 1.19832, -1.50354]
PARITY max_torque=23.700 23.700 45.430
PARITY contact_mu=0.450
PARITY body_height=0.320
PARITY Kp_body=100.000 100.000 100.000
PARITY Kd_body=30.000 30.000 30.000
PARITY Kp_ori=100.000 100.000 100.000
PARITY Kd_ori=10.000 10.000 10.000
PARITY Kp_foot=550.000 550.000 550.000
PARITY Kd_foot=10.000 10.000 10.000
PARITY Kp_joint=5.000 5.000 5.000
PARITY Kd_joint=3.000 3.000 3.000
PARITY floating_base_weight=50.000
PARITY control_mode=5.000
-----------------------------------------
| rollout/                |             |
|    ep_len_mean          | 551         |
|    ep_rew_mean          | 20.8        |
| time/                   |             |
|    fps                  | 2114        |
|    iterations           | 110         |
|    time_elapsed         | 6819        |
|    total_timesteps      | 14417920    |
| train/                  |             |
|    adaptive_lr          | 7.59e-05    |
|    approx_kl            | 0.007116763 |
|    clip_fraction        | 0.285       |
|    clip_range           | 0.1         |
|    clip_range_vf        | 0.2         |
|    entropy_loss         | 30.3        |
|    explained_variance   | 0.925       |
|    learning_rate        | 7.59e-05    |
|    loss                 | 0.606       |
|    n_updates            | 1090        |
|    policy_gradient_loss | 0.00164     |
|    std                  | 0.0721      |
|    value_loss           | 0.389       |
-----------------------------------------
-----------------------------------------
| rollout/                |             |
|    ep_len_mean          | 596         |
|    ep_rew_mean          | 22.8        |
| time/                   |             |
|    fps                  | 2115        |
|    iterations           | 111         |
|    time_elapsed         | 6878        |
|    total_timesteps      | 14548992    |
| train/                  |             |
|    adaptive_lr          | 7.59e-05    |
|    approx_kl            | 0.006913668 |
|    clip_fraction        | 0.288       |
|    clip_range           | 0.1         |
|    clip_range_vf        | 0.2         |
|    entropy_loss         | 30.2        |
|    explained_variance   | 0.917       |
|    learning_rate        | 7.59e-05    |
|    loss                 | 0.683       |
|    n_updates            | 1100        |
|    policy_gradient_loss | 0.00158     |
|    std                  | 0.0724      |
|    value_loss           | 0.384       |
-----------------------------------------
[HumanoidEnv] Reset state env_id=0 z=0.300 rpy=[0.002, -0.001, 0.000]
[HumanoidEnv] unhealthy terminate at step=914 z=0.189352 rpy=[1.63368, 0.435873, 0.214685] v_body=[-0.946553, 1.41381, -0.872724]
PARITY max_torque=23.700 23.700 45.430
PARITY contact_mu=0.450
PARITY body_height=0.320
PARITY Kp_body=100.000 100.000 100.000
PARITY Kd_body=30.000 30.000 30.000
PARITY Kp_ori=100.000 100.000 100.000
PARITY Kd_ori=10.000 10.000 10.000
PARITY Kp_foot=550.000 550.000 550.000
PARITY Kd_foot=10.000 10.000 10.000
PARITY Kp_joint=5.000 5.000 5.000
PARITY Kd_joint=3.000 3.000 3.000
PARITY floating_base_weight=50.000
PARITY control_mode=5.000
------------------------------------------
| rollout/                |              |
|    ep_len_mean          | 576          |
|    ep_rew_mean          | 22           |
| time/                   |              |
|    fps                  | 2116         |
|    iterations           | 112          |
|    time_elapsed         | 6936         |
|    total_timesteps      | 14680064     |
| train/                  |              |
|    adaptive_lr          | 7.59e-05     |
|    approx_kl            | 0.0070076063 |
|    clip_fraction        | 0.286        |
|    clip_range           | 0.1          |
|    clip_range_vf        | 0.2          |
|    entropy_loss         | 30.1         |
|    explained_variance   | 0.921        |
|    learning_rate        | 7.59e-05     |
|    loss                 | 0.623        |
|    n_updates            | 1110         |
|    policy_gradient_loss | 0.00151      |
|    std                  | 0.0726       |
|    value_loss           | 0.364        |
------------------------------------------
[HumanoidEnv] Reset state env_id=0 z=0.294 rpy=[0.001, -0.002, 0.000]
[HumanoidEnv] unhealthy terminate at step=580 z=0.19913 rpy=[0.672572, 0.357391, 1.67156] v_body=[0.169323, 0.720695, -0.586705]
PARITY max_torque=23.700 23.700 45.430
PARITY contact_mu=0.450
PARITY body_height=0.320
PARITY Kp_body=100.000 100.000 100.000
PARITY Kd_body=30.000 30.000 30.000
PARITY Kp_ori=100.000 100.000 100.000
PARITY Kd_ori=10.000 10.000 10.000
PARITY Kp_foot=550.000 550.000 550.000
PARITY Kd_foot=10.000 10.000 10.000
PARITY Kp_joint=5.000 5.000 5.000
PARITY Kd_joint=3.000 3.000 3.000
PARITY floating_base_weight=50.000
PARITY control_mode=5.000
------------------------------------------
| rollout/                |              |
|    ep_len_mean          | 613          |
|    ep_rew_mean          | 23.4         |
| time/                   |              |
|    fps                  | 2117         |
|    iterations           | 113          |
|    time_elapsed         | 6994         |
|    total_timesteps      | 14811136     |
| train/                  |              |
|    adaptive_lr          | 7.59e-05     |
|    approx_kl            | 0.0069387676 |
|    clip_fraction        | 0.285        |
|    clip_range           | 0.1          |
|    clip_range_vf        | 0.2          |
|    entropy_loss         | 30           |
|    explained_variance   | 0.919        |
|    learning_rate        | 7.59e-05     |
|    loss                 | 0.702        |
|    n_updates            | 1120         |
|    policy_gradient_loss | 0.00119      |
|    std                  | 0.0729       |
|    value_loss           | 0.377        |
------------------------------------------
[HumanoidEnv] Reset state env_id=0 z=0.280 rpy=[0.001, -0.001, 0.000]
[HumanoidEnv] unhealthy terminate at step=381 z=0.184178 rpy=[0.0765484, -0.354736, -0.569248] v_body=[1.24101, -2.89907, -1.19359]
PARITY max_torque=23.700 23.700 45.430
PARITY contact_mu=0.450
PARITY body_height=0.320
PARITY Kp_body=100.000 100.000 100.000
PARITY Kd_body=30.000 30.000 30.000
PARITY Kp_ori=100.000 100.000 100.000
PARITY Kd_ori=10.000 10.000 10.000
PARITY Kp_foot=550.000 550.000 550.000
PARITY Kd_foot=10.000 10.000 10.000
PARITY Kp_joint=5.000 5.000 5.000
PARITY Kd_joint=3.000 3.000 3.000
PARITY floating_base_weight=50.000
PARITY control_mode=5.000
------------------------------------------
| rollout/                |              |
|    ep_len_mean          | 559          |
|    ep_rew_mean          | 21.5         |
| time/                   |              |
|    fps                  | 2118         |
|    iterations           | 114          |
|    time_elapsed         | 7053         |
|    total_timesteps      | 14942208     |
| train/                  |              |
|    adaptive_lr          | 7.59e-05     |
|    approx_kl            | 0.0070237694 |
|    clip_fraction        | 0.285        |
|    clip_range           | 0.1          |
|    clip_range_vf        | 0.2          |
|    entropy_loss         | 29.9         |
|    explained_variance   | 0.912        |
|    learning_rate        | 7.59e-05     |
|    loss                 | 0.614        |
|    n_updates            | 1130         |
|    policy_gradient_loss | 0.00165      |
|    std                  | 0.0731       |
|    value_loss           | 0.414        |
------------------------------------------
[HumanoidEnv] Reset state env_id=0 z=0.289 rpy=[0.000, -0.002, 0.000]
[HumanoidEnv] unhealthy terminate at step=498 z=0.197076 rpy=[-1.011, 0.462057, -0.752061] v_body=[-0.24831, 0.391226, -2.12326]
PARITY max_torque=23.700 23.700 45.430
PARITY contact_mu=0.450
PARITY body_height=0.320
PARITY Kp_body=100.000 100.000 100.000
PARITY Kd_body=30.000 30.000 30.000
PARITY Kp_ori=100.000 100.000 100.000
PARITY Kd_ori=10.000 10.000 10.000
PARITY Kp_foot=550.000 550.000 550.000
PARITY Kd_foot=10.000 10.000 10.000
PARITY Kp_joint=5.000 5.000 5.000
PARITY Kd_joint=3.000 3.000 3.000
PARITY floating_base_weight=50.000
PARITY control_mode=5.000
-----------------------------------------
| rollout/                |             |
|    ep_len_mean          | 531         |
|    ep_rew_mean          | 20.4        |
| time/                   |             |
|    fps                  | 2118        |
|    iterations           | 115         |
|    time_elapsed         | 7113        |
|    total_timesteps      | 15073280    |
| train/                  |             |
|    adaptive_lr          | 7.59e-05    |
|    approx_kl            | 0.006967862 |
|    clip_fraction        | 0.286       |
|    clip_range           | 0.1         |
|    clip_range_vf        | 0.2         |
|    entropy_loss         | 29.8        |
|    explained_variance   | 0.916       |
|    learning_rate        | 7.59e-05    |
|    loss                 | 0.683       |
|    n_updates            | 1140        |
|    policy_gradient_loss | 0.00145     |
|    std                  | 0.0734      |
|    value_loss           | 0.433       |
-----------------------------------------
[HumanoidEnv] Reset state env_id=0 z=0.320 rpy=[-0.002, -0.002, 0.000]
[HumanoidEnv] unhealthy terminate at step=402 z=0.198912 rpy=[-2.09502, -0.00878716, 0.79575] v_body=[1.91274, -1.58962, -0.447242]
PARITY max_torque=23.700 23.700 45.430
PARITY contact_mu=0.450
PARITY body_height=0.320
PARITY Kp_body=100.000 100.000 100.000
PARITY Kd_body=30.000 30.000 30.000
PARITY Kp_ori=100.000 100.000 100.000
PARITY Kd_ori=10.000 10.000 10.000
PARITY Kp_foot=550.000 550.000 550.000
PARITY Kd_foot=10.000 10.000 10.000
PARITY Kp_joint=5.000 5.000 5.000
PARITY Kd_joint=3.000 3.000 3.000
PARITY floating_base_weight=50.000
PARITY control_mode=5.000
[HumanoidEnv] Reset state env_id=0 z=0.296 rpy=[0.002, -0.002, -0.000]
[HumanoidEnv] unhealthy terminate at step=301 z=0.197556 rpy=[-0.711875, -0.208346, -0.419059] v_body=[0.495087, -0.223277, -0.6594]
PARITY max_torque=23.700 23.700 45.430
PARITY contact_mu=0.450
PARITY body_height=0.320
PARITY Kp_body=100.000 100.000 100.000
PARITY Kd_body=30.000 30.000 30.000
PARITY Kp_ori=100.000 100.000 100.000
PARITY Kd_ori=10.000 10.000 10.000
PARITY Kp_foot=550.000 550.000 550.000
PARITY Kd_foot=10.000 10.000 10.000
PARITY Kp_joint=5.000 5.000 5.000
PARITY Kd_joint=3.000 3.000 3.000
PARITY floating_base_weight=50.000
PARITY control_mode=5.000
-----------------------------------------
| rollout/                |             |
|    ep_len_mean          | 539         |
|    ep_rew_mean          | 20.8        |
| time/                   |             |
|    fps                  | 2119        |
|    iterations           | 116         |
|    time_elapsed         | 7172        |
|    total_timesteps      | 15204352    |
| train/                  |             |
|    adaptive_lr          | 7.59e-05    |
|    approx_kl            | 0.007122646 |
|    clip_fraction        | 0.283       |
|    clip_range           | 0.1         |
|    clip_range_vf        | 0.2         |
|    entropy_loss         | 29.7        |
|    explained_variance   | 0.913       |
|    learning_rate        | 7.59e-05    |
|    loss                 | 0.663       |
|    n_updates            | 1150        |
|    policy_gradient_loss | 0.00146     |
|    std                  | 0.0737      |
|    value_loss           | 0.431       |
-----------------------------------------
[HumanoidEnv] Reset state env_id=0 z=0.313 rpy=[-0.001, -0.001, 0.000]
[HumanoidEnv] unhealthy terminate at step=587 z=0.191466 rpy=[2.57495, 0.457709, -1.94883] v_body=[-0.423863, -0.747434, 0.829589]
PARITY max_torque=23.700 23.700 45.430
PARITY contact_mu=0.450
PARITY body_height=0.320
PARITY Kp_body=100.000 100.000 100.000
PARITY Kd_body=30.000 30.000 30.000
PARITY Kp_ori=100.000 100.000 100.000
PARITY Kd_ori=10.000 10.000 10.000
PARITY Kp_foot=550.000 550.000 550.000
PARITY Kd_foot=10.000 10.000 10.000
PARITY Kp_joint=5.000 5.000 5.000
PARITY Kd_joint=3.000 3.000 3.000
PARITY floating_base_weight=50.000
PARITY control_mode=5.000
-----------------------------------------
| rollout/                |             |
|    ep_len_mean          | 530         |
|    ep_rew_mean          | 20.7        |
| time/                   |             |
|    fps                  | 2120        |
|    iterations           | 117         |
|    time_elapsed         | 7230        |
|    total_timesteps      | 15335424    |
| train/                  |             |
|    adaptive_lr          | 7.59e-05    |
|    approx_kl            | 0.007182533 |
|    clip_fraction        | 0.289       |
|    clip_range           | 0.1         |
|    clip_range_vf        | 0.2         |
|    entropy_loss         | 29.6        |
|    explained_variance   | 0.917       |
|    learning_rate        | 7.59e-05    |
|    loss                 | 0.73        |
|    n_updates            | 1160        |
|    policy_gradient_loss | 0.00109     |
|    std                  | 0.074       |
|    value_loss           | 0.433       |
-----------------------------------------
-----------------------------------------
| rollout/                |             |
|    ep_len_mean          | 552         |
|    ep_rew_mean          | 21.3        |
| time/                   |             |
|    fps                  | 2121        |
|    iterations           | 118         |
|    time_elapsed         | 7288        |
|    total_timesteps      | 15466496    |
| train/                  |             |
|    adaptive_lr          | 7.59e-05    |
|    approx_kl            | 0.006891395 |
|    clip_fraction        | 0.28        |
|    clip_range           | 0.1         |
|    clip_range_vf        | 0.2         |
|    entropy_loss         | 29.6        |
|    explained_variance   | 0.913       |
|    learning_rate        | 7.59e-05    |
|    loss                 | 0.717       |
|    n_updates            | 1170        |
|    policy_gradient_loss | 0.00155     |
|    std                  | 0.0742      |
|    value_loss           | 0.438       |
-----------------------------------------
[HumanoidEnv] Reset state env_id=0 z=0.277 rpy=[-0.001, -0.001, 0.001]
[HumanoidEnv] unhealthy terminate at step=612 z=0.190001 rpy=[-0.0886465, 0.12346, 0.023804] v_body=[1.92533, -1.42468, -1.20893]
PARITY max_torque=23.700 23.700 45.430
PARITY contact_mu=0.450
PARITY body_height=0.320
PARITY Kp_body=100.000 100.000 100.000
PARITY Kd_body=30.000 30.000 30.000
PARITY Kp_ori=100.000 100.000 100.000
PARITY Kd_ori=10.000 10.000 10.000
PARITY Kp_foot=550.000 550.000 550.000
PARITY Kd_foot=10.000 10.000 10.000
PARITY Kp_joint=5.000 5.000 5.000
PARITY Kd_joint=3.000 3.000 3.000
PARITY floating_base_weight=50.000
PARITY control_mode=5.000
------------------------------------------
| rollout/                |              |
|    ep_len_mean          | 569          |
|    ep_rew_mean          | 22.1         |
| time/                   |              |
|    fps                  | 2122         |
|    iterations           | 119          |
|    time_elapsed         | 7348         |
|    total_timesteps      | 15597568     |
| train/                  |              |
|    adaptive_lr          | 7.59e-05     |
|    approx_kl            | 0.0070107365 |
|    clip_fraction        | 0.284        |
|    clip_range           | 0.1          |
|    clip_range_vf        | 0.2          |
|    entropy_loss         | 29.5         |
|    explained_variance   | 0.92         |
|    learning_rate        | 7.59e-05     |
|    loss                 | 0.661        |
|    n_updates            | 1180         |
|    policy_gradient_loss | 0.00138      |
|    std                  | 0.0745       |
|    value_loss           | 0.396        |
------------------------------------------
[HumanoidEnv] Reset state env_id=0 z=0.308 rpy=[-0.003, -0.004, 0.000]
[HumanoidEnv] unhealthy terminate at step=635 z=0.19101 rpy=[2.14125, 0.207405, -0.348958] v_body=[-0.953871, 1.39973, 0.471663]
PARITY max_torque=23.700 23.700 45.430
PARITY contact_mu=0.450
PARITY body_height=0.320
PARITY Kp_body=100.000 100.000 100.000
PARITY Kd_body=30.000 30.000 30.000
PARITY Kp_ori=100.000 100.000 100.000
PARITY Kd_ori=10.000 10.000 10.000
PARITY Kp_foot=550.000 550.000 550.000
PARITY Kd_foot=10.000 10.000 10.000
PARITY Kp_joint=5.000 5.000 5.000
PARITY Kd_joint=3.000 3.000 3.000
PARITY floating_base_weight=50.000
PARITY control_mode=5.000
------------------------------------------
| rollout/                |              |
|    ep_len_mean          | 564          |
|    ep_rew_mean          | 21.9         |
| time/                   |              |
|    fps                  | 2123         |
|    iterations           | 120          |
|    time_elapsed         | 7407         |
|    total_timesteps      | 15728640     |
| train/                  |              |
|    adaptive_lr          | 7.59e-05     |
|    approx_kl            | 0.0067975195 |
|    clip_fraction        | 0.274        |
|    clip_range           | 0.1          |
|    clip_range_vf        | 0.2          |
|    entropy_loss         | 29.4         |
|    explained_variance   | 0.915        |
|    learning_rate        | 7.59e-05     |
|    loss                 | 0.726        |
|    n_updates            | 1190         |
|    policy_gradient_loss | 0.00142      |
|    std                  | 0.0748       |
|    value_loss           | 0.422        |
------------------------------------------
[HumanoidEnv] Reset state env_id=0 z=0.320 rpy=[-0.000, -0.003, 0.000]
[HumanoidEnv] unhealthy terminate at step=570 z=0.191469 rpy=[1.85375, -0.102651, -0.206939] v_body=[1.159, 1.87226, -1.49524]
PARITY max_torque=23.700 23.700 45.430
PARITY contact_mu=0.450
PARITY body_height=0.320
PARITY Kp_body=100.000 100.000 100.000
PARITY Kd_body=30.000 30.000 30.000
PARITY Kp_ori=100.000 100.000 100.000
PARITY Kd_ori=10.000 10.000 10.000
PARITY Kp_foot=550.000 550.000 550.000
PARITY Kd_foot=10.000 10.000 10.000
PARITY Kp_joint=5.000 5.000 5.000
PARITY Kd_joint=3.000 3.000 3.000
PARITY floating_base_weight=50.000
PARITY control_mode=5.000
-----------------------------------------
| rollout/                |             |
|    ep_len_mean          | 565         |
|    ep_rew_mean          | 21.7        |
| time/                   |             |
|    fps                  | 2124        |
|    iterations           | 121         |
|    time_elapsed         | 7465        |
|    total_timesteps      | 15859712    |
| train/                  |             |
|    adaptive_lr          | 7.59e-05    |
|    approx_kl            | 0.006674152 |
|    clip_fraction        | 0.276       |
|    clip_range           | 0.1         |
|    clip_range_vf        | 0.2         |
|    entropy_loss         | 29.3        |
|    explained_variance   | 0.914       |
|    learning_rate        | 7.59e-05    |
|    loss                 | 0.685       |
|    n_updates            | 1200        |
|    policy_gradient_loss | 0.00102     |
|    std                  | 0.075       |
|    value_loss           | 0.415       |
-----------------------------------------
[HumanoidEnv] Reset state env_id=0 z=0.301 rpy=[-0.000, -0.003, -0.000]
[HumanoidEnv] unhealthy terminate at step=370 z=0.193581 rpy=[0.903722, -0.12179, -0.223233] v_body=[0.68439, -0.126074, -0.964125]
PARITY max_torque=23.700 23.700 45.430
PARITY contact_mu=0.450
PARITY body_height=0.320
PARITY Kp_body=100.000 100.000 100.000
PARITY Kd_body=30.000 30.000 30.000
PARITY Kp_ori=100.000 100.000 100.000
PARITY Kd_ori=10.000 10.000 10.000
PARITY Kp_foot=550.000 550.000 550.000
PARITY Kd_foot=10.000 10.000 10.000
PARITY Kp_joint=5.000 5.000 5.000
PARITY Kd_joint=3.000 3.000 3.000
PARITY floating_base_weight=50.000
PARITY control_mode=5.000
-----------------------------------------
| rollout/                |             |
|    ep_len_mean          | 569         |
|    ep_rew_mean          | 22          |
| time/                   |             |
|    fps                  | 2125        |
|    iterations           | 122         |
|    time_elapsed         | 7524        |
|    total_timesteps      | 15990784    |
| train/                  |             |
|    adaptive_lr          | 7.59e-05    |
|    approx_kl            | 0.006937747 |
|    clip_fraction        | 0.279       |
|    clip_range           | 0.1         |
|    clip_range_vf        | 0.2         |
|    entropy_loss         | 29.2        |
|    explained_variance   | 0.922       |
|    learning_rate        | 7.59e-05    |
|    loss                 | 0.687       |
|    n_updates            | 1210        |
|    policy_gradient_loss | 0.00124     |
|    std                  | 0.0753      |
|    value_loss           | 0.425       |
-----------------------------------------
INFO:root:VecNormalize statistics saved at: ./data/gamma1/quadruped_ppo_model_ckpt_16001024_vecnormalize.pkl
INFO:root:Model saved at: ./data/gamma1/quadruped_ppo_model_ckpt_16001024.zip
INFO:root:Checkpoint written at 16001024 timesteps
[HumanoidEnv] Reset state env_id=0 z=0.316 rpy=[-0.001, -0.001, 0.000]
[HumanoidEnv] unhealthy terminate at step=548 z=0.194909 rpy=[-1.01862, 0.253717, -2.32496] v_body=[-1.14584, -0.5617, -0.755612]
PARITY max_torque=23.700 23.700 45.430
PARITY contact_mu=0.450
PARITY body_height=0.320
PARITY Kp_body=100.000 100.000 100.000
PARITY Kd_body=30.000 30.000 30.000
PARITY Kp_ori=100.000 100.000 100.000
PARITY Kd_ori=10.000 10.000 10.000
PARITY Kp_foot=550.000 550.000 550.000
PARITY Kd_foot=10.000 10.000 10.000
PARITY Kp_joint=5.000 5.000 5.000
PARITY Kd_joint=3.000 3.000 3.000
PARITY floating_base_weight=50.000
PARITY control_mode=5.000
------------------------------------------
| rollout/                |              |
|    ep_len_mean          | 553          |
|    ep_rew_mean          | 21.1         |
| time/                   |              |
|    fps                  | 2126         |
|    iterations           | 123          |
|    time_elapsed         | 7582         |
|    total_timesteps      | 16121856     |
| train/                  |              |
|    adaptive_lr          | 7.59e-05     |
|    approx_kl            | 0.0071457373 |
|    clip_fraction        | 0.286        |
|    clip_range           | 0.1          |
|    clip_range_vf        | 0.2          |
|    entropy_loss         | 29.1         |
|    explained_variance   | 0.923        |
|    learning_rate        | 7.59e-05     |
|    loss                 | 0.722        |
|    n_updates            | 1220         |
|    policy_gradient_loss | 0.00105      |
|    std                  | 0.0756       |
|    value_loss           | 0.43         |
------------------------------------------
[HumanoidEnv] Reset state env_id=0 z=0.318 rpy=[-0.001, -0.002, 0.000]
[HumanoidEnv] unhealthy terminate at step=560 z=0.199443 rpy=[1.50804, -0.218054, -0.0023345] v_body=[1.05746, 1.23412, -2.52758]
PARITY max_torque=23.700 23.700 45.430
PARITY contact_mu=0.450
PARITY body_height=0.320
PARITY Kp_body=100.000 100.000 100.000
PARITY Kd_body=30.000 30.000 30.000
PARITY Kp_ori=100.000 100.000 100.000
PARITY Kd_ori=10.000 10.000 10.000
PARITY Kp_foot=550.000 550.000 550.000
PARITY Kd_foot=10.000 10.000 10.000
PARITY Kp_joint=5.000 5.000 5.000
PARITY Kd_joint=3.000 3.000 3.000
PARITY floating_base_weight=50.000
PARITY control_mode=5.000
------------------------------------------
| rollout/                |              |
|    ep_len_mean          | 516          |
|    ep_rew_mean          | 19.8         |
| time/                   |              |
|    fps                  | 2127         |
|    iterations           | 124          |
|    time_elapsed         | 7640         |
|    total_timesteps      | 16252928     |
| train/                  |              |
|    adaptive_lr          | 7.59e-05     |
|    approx_kl            | 0.0067971842 |
|    clip_fraction        | 0.281        |
|    clip_range           | 0.1          |
|    clip_range_vf        | 0.2          |
|    entropy_loss         | 29           |
|    explained_variance   | 0.918        |
|    learning_rate        | 7.59e-05     |
|    loss                 | 0.69         |
|    n_updates            | 1230         |
|    policy_gradient_loss | 0.00134      |
|    std                  | 0.0758       |
|    value_loss           | 0.469        |
------------------------------------------
[HumanoidEnv] Reset state env_id=0 z=0.292 rpy=[-0.002, 0.000, 0.001]
[HumanoidEnv] unhealthy terminate at step=638 z=0.198591 rpy=[2.00515, 0.202786, 2.15956] v_body=[-1.51857, 0.688832, -0.0740451]
PARITY max_torque=23.700 23.700 45.430
PARITY contact_mu=0.450
PARITY body_height=0.320
PARITY Kp_body=100.000 100.000 100.000
PARITY Kd_body=30.000 30.000 30.000
PARITY Kp_ori=100.000 100.000 100.000
PARITY Kd_ori=10.000 10.000 10.000
PARITY Kp_foot=550.000 550.000 550.000
PARITY Kd_foot=10.000 10.000 10.000
PARITY Kp_joint=5.000 5.000 5.000
PARITY Kd_joint=3.000 3.000 3.000
PARITY floating_base_weight=50.000
PARITY control_mode=5.000
-----------------------------------------
| rollout/                |             |
|    ep_len_mean          | 522         |
|    ep_rew_mean          | 20          |
| time/                   |             |
|    fps                  | 2127        |
|    iterations           | 125         |
|    time_elapsed         | 7699        |
|    total_timesteps      | 16384000    |
| train/                  |             |
|    adaptive_lr          | 7.59e-05    |
|    approx_kl            | 0.006908333 |
|    clip_fraction        | 0.281       |
|    clip_range           | 0.1         |
|    clip_range_vf        | 0.2         |
|    entropy_loss         | 28.9        |
|    explained_variance   | 0.915       |
|    learning_rate        | 7.59e-05    |
|    loss                 | 0.82        |
|    n_updates            | 1240        |
|    policy_gradient_loss | 0.0011      |
|    std                  | 0.0761      |
|    value_loss           | 0.487       |
-----------------------------------------
[HumanoidEnv] Reset state env_id=0 z=0.294 rpy=[0.002, -0.002, 0.000]
[HumanoidEnv] unhealthy terminate at step=644 z=0.19551 rpy=[-1.99916, 0.345471, -1.45452] v_body=[-0.872166, 0.849605, 0.643536]
PARITY max_torque=23.700 23.700 45.430
PARITY contact_mu=0.450
PARITY body_height=0.320
PARITY Kp_body=100.000 100.000 100.000
PARITY Kd_body=30.000 30.000 30.000
PARITY Kp_ori=100.000 100.000 100.000
PARITY Kd_ori=10.000 10.000 10.000
PARITY Kp_foot=550.000 550.000 550.000
PARITY Kd_foot=10.000 10.000 10.000
PARITY Kp_joint=5.000 5.000 5.000
PARITY Kd_joint=3.000 3.000 3.000
PARITY floating_base_weight=50.000
PARITY control_mode=5.000
------------------------------------------
| rollout/                |              |
|    ep_len_mean          | 510          |
|    ep_rew_mean          | 19.2         |
| time/                   |              |
|    fps                  | 2128         |
|    iterations           | 126          |
|    time_elapsed         | 7758         |
|    total_timesteps      | 16515072     |
| train/                  |              |
|    adaptive_lr          | 7.59e-05     |
|    approx_kl            | 0.0068109985 |
|    clip_fraction        | 0.282        |
|    clip_range           | 0.1          |
|    clip_range_vf        | 0.2          |
|    entropy_loss         | 28.9         |
|    explained_variance   | 0.921        |
|    learning_rate        | 7.59e-05     |
|    loss                 | 0.693        |
|    n_updates            | 1250         |
|    policy_gradient_loss | 0.00118      |
|    std                  | 0.0764       |
|    value_loss           | 0.467        |
------------------------------------------
[HumanoidEnv] Reset state env_id=0 z=0.276 rpy=[-0.002, -0.001, 0.001]
[HumanoidEnv] unhealthy terminate at step=405 z=0.197307 rpy=[-1.89455, 0.123147, 3.08166] v_body=[-1.12023, -0.0175537, 0.992615]
PARITY max_torque=23.700 23.700 45.430
PARITY contact_mu=0.450
PARITY body_height=0.320
PARITY Kp_body=100.000 100.000 100.000
PARITY Kd_body=30.000 30.000 30.000
PARITY Kp_ori=100.000 100.000 100.000
PARITY Kd_ori=10.000 10.000 10.000
PARITY Kp_foot=550.000 550.000 550.000
PARITY Kd_foot=10.000 10.000 10.000
PARITY Kp_joint=5.000 5.000 5.000
PARITY Kd_joint=3.000 3.000 3.000
PARITY floating_base_weight=50.000
PARITY control_mode=5.000
----------------------------------------
| rollout/                |            |
|    ep_len_mean          | 497        |
|    ep_rew_mean          | 19         |
| time/                   |            |
|    fps                  | 2129       |
|    iterations           | 127        |
|    time_elapsed         | 7817       |
|    total_timesteps      | 16646144   |
| train/                  |            |
|    adaptive_lr          | 7.59e-05   |
|    approx_kl            | 0.00701507 |
|    clip_fraction        | 0.287      |
|    clip_range           | 0.1        |
|    clip_range_vf        | 0.2        |
|    entropy_loss         | 28.8       |
|    explained_variance   | 0.924      |
|    learning_rate        | 7.59e-05   |
|    loss                 | 0.728      |
|    n_updates            | 1260       |
|    policy_gradient_loss | 0.000883   |
|    std                  | 0.0766     |
|    value_loss           | 0.454      |
----------------------------------------
[HumanoidEnv] Reset state env_id=0 z=0.310 rpy=[0.000, -0.003, 0.000]
[HumanoidEnv] unhealthy terminate at step=411 z=0.197853 rpy=[-2.81045, 0.407238, -0.398505] v_body=[-1.46964, -1.35451, 0.480541]
PARITY max_torque=23.700 23.700 45.430
PARITY contact_mu=0.450
PARITY body_height=0.320
PARITY Kp_body=100.000 100.000 100.000
PARITY Kd_body=30.000 30.000 30.000
PARITY Kp_ori=100.000 100.000 100.000
PARITY Kd_ori=10.000 10.000 10.000
PARITY Kp_foot=550.000 550.000 550.000
PARITY Kd_foot=10.000 10.000 10.000
PARITY Kp_joint=5.000 5.000 5.000
PARITY Kd_joint=3.000 3.000 3.000
PARITY floating_base_weight=50.000
PARITY control_mode=5.000
-----------------------------------------
| rollout/                |             |
|    ep_len_mean          | 481         |
|    ep_rew_mean          | 18.6        |
| time/                   |             |
|    fps                  | 2130        |
|    iterations           | 128         |
|    time_elapsed         | 7875        |
|    total_timesteps      | 16777216    |
| train/                  |             |
|    adaptive_lr          | 7.59e-05    |
|    approx_kl            | 0.006747186 |
|    clip_fraction        | 0.281       |
|    clip_range           | 0.1         |
|    clip_range_vf        | 0.2         |
|    entropy_loss         | 28.7        |
|    explained_variance   | 0.924       |
|    learning_rate        | 7.59e-05    |
|    loss                 | 0.755       |
|    n_updates            | 1270        |
|    policy_gradient_loss | 0.0012      |
|    std                  | 0.0769      |
|    value_loss           | 0.435       |
-----------------------------------------
[HumanoidEnv] Reset state env_id=0 z=0.300 rpy=[0.001, -0.002, -0.000]
[HumanoidEnv] unhealthy terminate at step=446 z=0.198971 rpy=[3.03417, 0.453666, 0.843245] v_body=[-0.75005, 0.977533, 0.512367]
PARITY max_torque=23.700 23.700 45.430
PARITY contact_mu=0.450
PARITY body_height=0.320
PARITY Kp_body=100.000 100.000 100.000
PARITY Kd_body=30.000 30.000 30.000
PARITY Kp_ori=100.000 100.000 100.000
PARITY Kd_ori=10.000 10.000 10.000
PARITY Kp_foot=550.000 550.000 550.000
PARITY Kd_foot=10.000 10.000 10.000
PARITY Kp_joint=5.000 5.000 5.000
PARITY Kd_joint=3.000 3.000 3.000
PARITY floating_base_weight=50.000
PARITY control_mode=5.000
-----------------------------------------
| rollout/                |             |
|    ep_len_mean          | 492         |
|    ep_rew_mean          | 18.7        |
| time/                   |             |
|    fps                  | 2130        |
|    iterations           | 129         |
|    time_elapsed         | 7934        |
|    total_timesteps      | 16908288    |
| train/                  |             |
|    adaptive_lr          | 7.59e-05    |
|    approx_kl            | 0.006766425 |
|    clip_fraction        | 0.281       |
|    clip_range           | 0.1         |
|    clip_range_vf        | 0.2         |
|    entropy_loss         | 28.6        |
|    explained_variance   | 0.923       |
|    learning_rate        | 7.59e-05    |
|    loss                 | 0.68        |
|    n_updates            | 1280        |
|    policy_gradient_loss | 0.00117     |
|    std                  | 0.0771      |
|    value_loss           | 0.421       |
-----------------------------------------
[HumanoidEnv] Reset state env_id=0 z=0.295 rpy=[-0.001, -0.000, 0.001]
[HumanoidEnv] unhealthy terminate at step=454 z=0.194446 rpy=[1.12041, -0.246431, 2.25001] v_body=[-1.89996, -2.0273, 1.38183]
PARITY max_torque=23.700 23.700 45.430
PARITY contact_mu=0.450
PARITY body_height=0.320
PARITY Kp_body=100.000 100.000 100.000
PARITY Kd_body=30.000 30.000 30.000
PARITY Kp_ori=100.000 100.000 100.000
PARITY Kd_ori=10.000 10.000 10.000
PARITY Kp_foot=550.000 550.000 550.000
PARITY Kd_foot=10.000 10.000 10.000
PARITY Kp_joint=5.000 5.000 5.000
PARITY Kd_joint=3.000 3.000 3.000
PARITY floating_base_weight=50.000
PARITY control_mode=5.000
-----------------------------------------
| rollout/                |             |
|    ep_len_mean          | 497         |
|    ep_rew_mean          | 18.9        |
| time/                   |             |
|    fps                  | 2131        |
|    iterations           | 130         |
|    time_elapsed         | 7993        |
|    total_timesteps      | 17039360    |
| train/                  |             |
|    adaptive_lr          | 7.59e-05    |
|    approx_kl            | 0.007010521 |
|    clip_fraction        | 0.287       |
|    clip_range           | 0.1         |
|    clip_range_vf        | 0.2         |
|    entropy_loss         | 28.5        |
|    explained_variance   | 0.926       |
|    learning_rate        | 7.59e-05    |
|    loss                 | 0.77        |
|    n_updates            | 1290        |
|    policy_gradient_loss | 0.00105     |
|    std                  | 0.0774      |
|    value_loss           | 0.426       |
-----------------------------------------
[HumanoidEnv] Reset state env_id=0 z=0.283 rpy=[0.001, -0.001, 0.001]
[HumanoidEnv] unhealthy terminate at step=431 z=0.196618 rpy=[-2.63156, -0.633438, 0.800302] v_body=[0.659163, -2.33307, 0.121193]
PARITY max_torque=23.700 23.700 45.430
PARITY contact_mu=0.450
PARITY body_height=0.320
PARITY Kp_body=100.000 100.000 100.000
PARITY Kd_body=30.000 30.000 30.000
PARITY Kp_ori=100.000 100.000 100.000
PARITY Kd_ori=10.000 10.000 10.000
PARITY Kp_foot=550.000 550.000 550.000
PARITY Kd_foot=10.000 10.000 10.000
PARITY Kp_joint=5.000 5.000 5.000
PARITY Kd_joint=3.000 3.000 3.000
PARITY floating_base_weight=50.000
PARITY control_mode=5.000
[HumanoidEnv] Reset state env_id=0 z=0.282 rpy=[-0.001, 0.001, 0.001]
[HumanoidEnv] unhealthy terminate at step=377 z=0.198048 rpy=[-2.60018, 0.38483, -0.345219] v_body=[-0.31304, 0.466274, 1.38194]
PARITY max_torque=23.700 23.700 45.430
PARITY contact_mu=0.450
PARITY body_height=0.320
PARITY Kp_body=100.000 100.000 100.000
PARITY Kd_body=30.000 30.000 30.000
PARITY Kp_ori=100.000 100.000 100.000
PARITY Kd_ori=10.000 10.000 10.000
PARITY Kp_foot=550.000 550.000 550.000
PARITY Kd_foot=10.000 10.000 10.000
PARITY Kp_joint=5.000 5.000 5.000
PARITY Kd_joint=3.000 3.000 3.000
PARITY floating_base_weight=50.000
PARITY control_mode=5.000
------------------------------------------
| rollout/                |              |
|    ep_len_mean          | 513          |
|    ep_rew_mean          | 19.5         |
| time/                   |              |
|    fps                  | 2132         |
|    iterations           | 131          |
|    time_elapsed         | 8052         |
|    total_timesteps      | 17170432     |
| train/                  |              |
|    adaptive_lr          | 7.59e-05     |
|    approx_kl            | 0.0067232805 |
|    clip_fraction        | 0.28         |
|    clip_range           | 0.1          |
|    clip_range_vf        | 0.2          |
|    entropy_loss         | 28.4         |
|    explained_variance   | 0.924        |
|    learning_rate        | 7.59e-05     |
|    loss                 | 0.677        |
|    n_updates            | 1300         |
|    policy_gradient_loss | 0.00113      |
|    std                  | 0.0777       |
|    value_loss           | 0.418        |
------------------------------------------
[HumanoidEnv] Reset state env_id=0 z=0.310 rpy=[0.001, -0.003, -0.000]
[HumanoidEnv] unhealthy terminate at step=408 z=0.186007 rpy=[-1.53622, -0.211276, -0.518864] v_body=[-0.217972, -1.67108, 0.184442]
PARITY max_torque=23.700 23.700 45.430
PARITY contact_mu=0.450
PARITY body_height=0.320
PARITY Kp_body=100.000 100.000 100.000
PARITY Kd_body=30.000 30.000 30.000
PARITY Kp_ori=100.000 100.000 100.000
PARITY Kd_ori=10.000 10.000 10.000
PARITY Kp_foot=550.000 550.000 550.000
PARITY Kd_foot=10.000 10.000 10.000
PARITY Kp_joint=5.000 5.000 5.000
PARITY Kd_joint=3.000 3.000 3.000
PARITY floating_base_weight=50.000
PARITY control_mode=5.000
-----------------------------------------
| rollout/                |             |
|    ep_len_mean          | 490         |
|    ep_rew_mean          | 18.8        |
| time/                   |             |
|    fps                  | 2133        |
|    iterations           | 132         |
|    time_elapsed         | 8111        |
|    total_timesteps      | 17301504    |
| train/                  |             |
|    adaptive_lr          | 7.59e-05    |
|    approx_kl            | 0.006847142 |
|    clip_fraction        | 0.282       |
|    clip_range           | 0.1         |
|    clip_range_vf        | 0.2         |
|    entropy_loss         | 28.3        |
|    explained_variance   | 0.923       |
|    learning_rate        | 7.59e-05    |
|    loss                 | 0.772       |
|    n_updates            | 1310        |
|    policy_gradient_loss | 0.000809    |
|    std                  | 0.078       |
|    value_loss           | 0.425       |
-----------------------------------------
------------------------------------------
| rollout/                |              |
|    ep_len_mean          | 523          |
|    ep_rew_mean          | 20           |
| time/                   |              |
|    fps                  | 2133         |
|    iterations           | 133          |
|    time_elapsed         | 8169         |
|    total_timesteps      | 17432576     |
| train/                  |              |
|    adaptive_lr          | 7.59e-05     |
|    approx_kl            | 0.0066587618 |
|    clip_fraction        | 0.278        |
|    clip_range           | 0.1          |
|    clip_range_vf        | 0.2          |
|    entropy_loss         | 28.2         |
|    explained_variance   | 0.92         |
|    learning_rate        | 7.59e-05     |
|    loss                 | 0.733        |
|    n_updates            | 1320         |
|    policy_gradient_loss | 0.00112      |
|    std                  | 0.0782       |
|    value_loss           | 0.443        |
------------------------------------------
[HumanoidEnv] Reset state env_id=0 z=0.295 rpy=[-0.000, -0.002, 0.000]
[HumanoidEnv] unhealthy terminate at step=798 z=0.199577 rpy=[0.461647, -0.28183, 2.81005] v_body=[-1.95131, 1.70601, 0.186683]
PARITY max_torque=23.700 23.700 45.430
PARITY contact_mu=0.450
PARITY body_height=0.320
PARITY Kp_body=100.000 100.000 100.000
PARITY Kd_body=30.000 30.000 30.000
PARITY Kp_ori=100.000 100.000 100.000
PARITY Kd_ori=10.000 10.000 10.000
PARITY Kp_foot=550.000 550.000 550.000
PARITY Kd_foot=10.000 10.000 10.000
PARITY Kp_joint=5.000 5.000 5.000
PARITY Kd_joint=3.000 3.000 3.000
PARITY floating_base_weight=50.000
PARITY control_mode=5.000
------------------------------------------
| rollout/                |              |
|    ep_len_mean          | 518          |
|    ep_rew_mean          | 19.7         |
| time/                   |              |
|    fps                  | 2134         |
|    iterations           | 134          |
|    time_elapsed         | 8228         |
|    total_timesteps      | 17563648     |
| train/                  |              |
|    adaptive_lr          | 7.59e-05     |
|    approx_kl            | 0.0066125845 |
|    clip_fraction        | 0.276        |
|    clip_range           | 0.1          |
|    clip_range_vf        | 0.2          |
|    entropy_loss         | 28.1         |
|    explained_variance   | 0.917        |
|    learning_rate        | 7.59e-05     |
|    loss                 | 0.713        |
|    n_updates            | 1330         |
|    policy_gradient_loss | 0.000899     |
|    std                  | 0.0786       |
|    value_loss           | 0.428        |
------------------------------------------
[HumanoidEnv] Reset state env_id=0 z=0.274 rpy=[0.001, -0.000, 0.001]
[HumanoidEnv] unhealthy terminate at step=642 z=0.192476 rpy=[2.5131, -0.0437581, 0.60365] v_body=[-1.63048, 2.20753, 0.432235]
PARITY max_torque=23.700 23.700 45.430
PARITY contact_mu=0.450
PARITY body_height=0.320
PARITY Kp_body=100.000 100.000 100.000
PARITY Kd_body=30.000 30.000 30.000
PARITY Kp_ori=100.000 100.000 100.000
PARITY Kd_ori=10.000 10.000 10.000
PARITY Kp_foot=550.000 550.000 550.000
PARITY Kd_foot=10.000 10.000 10.000
PARITY Kp_joint=5.000 5.000 5.000
PARITY Kd_joint=3.000 3.000 3.000
PARITY floating_base_weight=50.000
PARITY control_mode=5.000
------------------------------------------
| rollout/                |              |
|    ep_len_mean          | 527          |
|    ep_rew_mean          | 20.3         |
| time/                   |              |
|    fps                  | 2135         |
|    iterations           | 135          |
|    time_elapsed         | 8286         |
|    total_timesteps      | 17694720     |
| train/                  |              |
|    adaptive_lr          | 7.59e-05     |
|    approx_kl            | 0.0066739223 |
|    clip_fraction        | 0.275        |
|    clip_range           | 0.1          |
|    clip_range_vf        | 0.2          |
|    entropy_loss         | 28.1         |
|    explained_variance   | 0.917        |
|    learning_rate        | 7.59e-05     |
|    loss                 | 0.751        |
|    n_updates            | 1340         |
|    policy_gradient_loss | 0.000702     |
|    std                  | 0.0788       |
|    value_loss           | 0.442        |
------------------------------------------
[HumanoidEnv] Reset state env_id=0 z=0.286 rpy=[0.000, -0.001, 0.000]
[HumanoidEnv] unhealthy terminate at step=374 z=0.189384 rpy=[-0.52428, 0.0286641, -0.991303] v_body=[-1.11339, -0.731681, -0.927795]
PARITY max_torque=23.700 23.700 45.430
PARITY contact_mu=0.450
PARITY body_height=0.320
PARITY Kp_body=100.000 100.000 100.000
PARITY Kd_body=30.000 30.000 30.000
PARITY Kp_ori=100.000 100.000 100.000
PARITY Kd_ori=10.000 10.000 10.000
PARITY Kp_foot=550.000 550.000 550.000
PARITY Kd_foot=10.000 10.000 10.000
PARITY Kp_joint=5.000 5.000 5.000
PARITY Kd_joint=3.000 3.000 3.000
PARITY floating_base_weight=50.000
PARITY control_mode=5.000
[HumanoidEnv] Reset state env_id=0 z=0.326 rpy=[-0.002, -0.003, 0.000]
[HumanoidEnv] unhealthy terminate at step=420 z=0.19128 rpy=[-1.39145, 0.143868, 0.319868] v_body=[1.33236, -1.46623, -0.999976]
PARITY max_torque=23.700 23.700 45.430
PARITY contact_mu=0.450
PARITY body_height=0.320
PARITY Kp_body=100.000 100.000 100.000
PARITY Kd_body=30.000 30.000 30.000
PARITY Kp_ori=100.000 100.000 100.000
PARITY Kd_ori=10.000 10.000 10.000
PARITY Kp_foot=550.000 550.000 550.000
PARITY Kd_foot=10.000 10.000 10.000
PARITY Kp_joint=5.000 5.000 5.000
PARITY Kd_joint=3.000 3.000 3.000
PARITY floating_base_weight=50.000
PARITY control_mode=5.000
-----------------------------------------
| rollout/                |             |
|    ep_len_mean          | 532         |
|    ep_rew_mean          | 20.4        |
| time/                   |             |
|    fps                  | 2135        |
|    iterations           | 136         |
|    time_elapsed         | 8345        |
|    total_timesteps      | 17825792    |
| train/                  |             |
|    adaptive_lr          | 7.59e-05    |
|    approx_kl            | 0.006547374 |
|    clip_fraction        | 0.272       |
|    clip_range           | 0.1         |
|    clip_range_vf        | 0.2         |
|    entropy_loss         | 28          |
|    explained_variance   | 0.919       |
|    learning_rate        | 7.59e-05    |
|    loss                 | 0.66        |
|    n_updates            | 1350        |
|    policy_gradient_loss | 0.000922    |
|    std                  | 0.0791      |
|    value_loss           | 0.41        |
-----------------------------------------
----------------------------------------
| rollout/                |            |
|    ep_len_mean          | 504        |
|    ep_rew_mean          | 19.5       |
| time/                   |            |
|    fps                  | 2136       |
|    iterations           | 137        |
|    time_elapsed         | 8403       |
|    total_timesteps      | 17956864   |
| train/                  |            |
|    adaptive_lr          | 7.59e-05   |
|    approx_kl            | 0.00655038 |
|    clip_fraction        | 0.27       |
|    clip_range           | 0.1        |
|    clip_range_vf        | 0.2        |
|    entropy_loss         | 27.9       |
|    explained_variance   | 0.915      |
|    learning_rate        | 7.59e-05   |
|    loss                 | 0.653      |
|    n_updates            | 1360       |
|    policy_gradient_loss | 0.000723   |
|    std                  | 0.0793     |
|    value_loss           | 0.431      |
----------------------------------------
INFO:root:VecNormalize statistics saved at: ./data/gamma1/quadruped_ppo_model_ckpt_18001152_vecnormalize.pkl
INFO:root:Model saved at: ./data/gamma1/quadruped_ppo_model_ckpt_18001152.zip
INFO:root:Checkpoint written at 18001152 timesteps
[HumanoidEnv] Reset state env_id=0 z=0.303 rpy=[-0.001, -0.002, 0.000]
[HumanoidEnv] unhealthy terminate at step=757 z=0.192461 rpy=[2.52496, -0.019996, -1.59438] v_body=[0.367628, 1.48112, 1.49409]
PARITY max_torque=23.700 23.700 45.430
PARITY contact_mu=0.450
PARITY body_height=0.320
PARITY Kp_body=100.000 100.000 100.000
PARITY Kd_body=30.000 30.000 30.000
PARITY Kp_ori=100.000 100.000 100.000
PARITY Kd_ori=10.000 10.000 10.000
PARITY Kp_foot=550.000 550.000 550.000
PARITY Kd_foot=10.000 10.000 10.000
PARITY Kp_joint=5.000 5.000 5.000
PARITY Kd_joint=3.000 3.000 3.000
PARITY floating_base_weight=50.000
PARITY control_mode=5.000
-----------------------------------------
| rollout/                |             |
|    ep_len_mean          | 504         |
|    ep_rew_mean          | 19.4        |
| time/                   |             |
|    fps                  | 2137        |
|    iterations           | 138         |
|    time_elapsed         | 8462        |
|    total_timesteps      | 18087936    |
| train/                  |             |
|    adaptive_lr          | 7.59e-05    |
|    approx_kl            | 0.006321745 |
|    clip_fraction        | 0.263       |
|    clip_range           | 0.1         |
|    clip_range_vf        | 0.2         |
|    entropy_loss         | 27.8        |
|    explained_variance   | 0.921       |
|    learning_rate        | 7.59e-05    |
|    loss                 | 0.703       |
|    n_updates            | 1370        |
|    policy_gradient_loss | 0.000828    |
|    std                  | 0.0796      |
|    value_loss           | 0.406       |
-----------------------------------------
[HumanoidEnv] Reset state env_id=0 z=0.290 rpy=[-0.002, -0.001, 0.001]
[HumanoidEnv] unhealthy terminate at step=750 z=0.195615 rpy=[0.654193, 0.338352, 1.13893] v_body=[-0.556235, 0.261327, -1.03801]
PARITY max_torque=23.700 23.700 45.430
PARITY contact_mu=0.450
PARITY body_height=0.320
PARITY Kp_body=100.000 100.000 100.000
PARITY Kd_body=30.000 30.000 30.000
PARITY Kp_ori=100.000 100.000 100.000
PARITY Kd_ori=10.000 10.000 10.000
PARITY Kp_foot=550.000 550.000 550.000
PARITY Kd_foot=10.000 10.000 10.000
PARITY Kp_joint=5.000 5.000 5.000
PARITY Kd_joint=3.000 3.000 3.000
PARITY floating_base_weight=50.000
PARITY control_mode=5.000
------------------------------------------
| rollout/                |              |
|    ep_len_mean          | 499          |
|    ep_rew_mean          | 19.5         |
| time/                   |              |
|    fps                  | 2138         |
|    iterations           | 139          |
|    time_elapsed         | 8520         |
|    total_timesteps      | 18219008     |
| train/                  |              |
|    adaptive_lr          | 7.59e-05     |
|    approx_kl            | 0.0066009457 |
|    clip_fraction        | 0.27         |
|    clip_range           | 0.1          |
|    clip_range_vf        | 0.2          |
|    entropy_loss         | 27.7         |
|    explained_variance   | 0.923        |
|    learning_rate        | 7.59e-05     |
|    loss                 | 0.707        |
|    n_updates            | 1380         |
|    policy_gradient_loss | 0.000592     |
|    std                  | 0.0798       |
|    value_loss           | 0.391        |
------------------------------------------
-----------------------------------------
| rollout/                |             |
|    ep_len_mean          | 502         |
|    ep_rew_mean          | 19.1        |
| time/                   |             |
|    fps                  | 2138        |
|    iterations           | 140         |
|    time_elapsed         | 8579        |
|    total_timesteps      | 18350080    |
| train/                  |             |
|    adaptive_lr          | 7.59e-05    |
|    approx_kl            | 0.006577535 |
|    clip_fraction        | 0.269       |
|    clip_range           | 0.1         |
|    clip_range_vf        | 0.2         |
|    entropy_loss         | 27.7        |
|    explained_variance   | 0.928       |
|    learning_rate        | 7.59e-05    |
|    loss                 | 0.649       |
|    n_updates            | 1390        |
|    policy_gradient_loss | 0.000658    |
|    std                  | 0.0801      |
|    value_loss           | 0.382       |
-----------------------------------------
[HumanoidEnv] Reset state env_id=0 z=0.312 rpy=[-0.001, -0.003, -0.000]
[HumanoidEnv] unhealthy terminate at step=659 z=0.191125 rpy=[1.47731, 0.17863, -1.59044] v_body=[0.975443, -1.68773, -0.458369]
PARITY max_torque=23.700 23.700 45.430
PARITY contact_mu=0.450
PARITY body_height=0.320
PARITY Kp_body=100.000 100.000 100.000
PARITY Kd_body=30.000 30.000 30.000
PARITY Kp_ori=100.000 100.000 100.000
PARITY Kd_ori=10.000 10.000 10.000
PARITY Kp_foot=550.000 550.000 550.000
PARITY Kd_foot=10.000 10.000 10.000
PARITY Kp_joint=5.000 5.000 5.000
PARITY Kd_joint=3.000 3.000 3.000
PARITY floating_base_weight=50.000
PARITY control_mode=5.000
------------------------------------------
| rollout/                |              |
|    ep_len_mean          | 517          |
|    ep_rew_mean          | 19.6         |
| time/                   |              |
|    fps                  | 2139         |
|    iterations           | 141          |
|    time_elapsed         | 8637         |
|    total_timesteps      | 18481152     |
| train/                  |              |
|    adaptive_lr          | 7.59e-05     |
|    approx_kl            | 0.0067161303 |
|    clip_fraction        | 0.277        |
|    clip_range           | 0.1          |
|    clip_range_vf        | 0.2          |
|    entropy_loss         | 27.6         |
|    explained_variance   | 0.926        |
|    learning_rate        | 7.59e-05     |
|    loss                 | 0.635        |
|    n_updates            | 1400         |
|    policy_gradient_loss | 0.000784     |
|    std                  | 0.0804       |
|    value_loss           | 0.4          |
------------------------------------------
[HumanoidEnv] Reset state env_id=0 z=0.295 rpy=[0.002, -0.002, -0.000]
[HumanoidEnv] unhealthy terminate at step=654 z=0.198571 rpy=[2.36828, -0.149312, 1.55249] v_body=[0.927959, -1.34009, 1.06567]
PARITY max_torque=23.700 23.700 45.430
PARITY contact_mu=0.450
PARITY body_height=0.320
PARITY Kp_body=100.000 100.000 100.000
PARITY Kd_body=30.000 30.000 30.000
PARITY Kp_ori=100.000 100.000 100.000
PARITY Kd_ori=10.000 10.000 10.000
PARITY Kp_foot=550.000 550.000 550.000
PARITY Kd_foot=10.000 10.000 10.000
PARITY Kp_joint=5.000 5.000 5.000
PARITY Kd_joint=3.000 3.000 3.000
PARITY floating_base_weight=50.000
PARITY control_mode=5.000
-----------------------------------------
| rollout/                |             |
|    ep_len_mean          | 499         |
|    ep_rew_mean          | 18.8        |
| time/                   |             |
|    fps                  | 2140        |
|    iterations           | 142         |
|    time_elapsed         | 8696        |
|    total_timesteps      | 18612224    |
| train/                  |             |
|    adaptive_lr          | 7.59e-05    |
|    approx_kl            | 0.006606398 |
|    clip_fraction        | 0.276       |
|    clip_range           | 0.1         |
|    clip_range_vf        | 0.2         |
|    entropy_loss         | 27.5        |
|    explained_variance   | 0.928       |
|    learning_rate        | 7.59e-05    |
|    loss                 | 0.643       |
|    n_updates            | 1410        |
|    policy_gradient_loss | 0.000662    |
|    std                  | 0.0807      |
|    value_loss           | 0.377       |
-----------------------------------------
[HumanoidEnv] Reset state env_id=0 z=0.295 rpy=[0.001, -0.000, 0.000]
[HumanoidEnv] unhealthy terminate at step=296 z=0.194683 rpy=[2.08802, 0.340934, -1.20567] v_body=[0.493776, 0.718271, 0.429195]
PARITY max_torque=23.700 23.700 45.430
PARITY contact_mu=0.450
PARITY body_height=0.320
PARITY Kp_body=100.000 100.000 100.000
PARITY Kd_body=30.000 30.000 30.000
PARITY Kp_ori=100.000 100.000 100.000
PARITY Kd_ori=10.000 10.000 10.000
PARITY Kp_foot=550.000 550.000 550.000
PARITY Kd_foot=10.000 10.000 10.000
PARITY Kp_joint=5.000 5.000 5.000
PARITY Kd_joint=3.000 3.000 3.000
PARITY floating_base_weight=50.000
PARITY control_mode=5.000
------------------------------------------
| rollout/                |              |
|    ep_len_mean          | 524          |
|    ep_rew_mean          | 19.8         |
| time/                   |              |
|    fps                  | 2140         |
|    iterations           | 143          |
|    time_elapsed         | 8755         |
|    total_timesteps      | 18743296     |
| train/                  |              |
|    adaptive_lr          | 7.59e-05     |
|    approx_kl            | 0.0065922933 |
|    clip_fraction        | 0.276        |
|    clip_range           | 0.1          |
|    clip_range_vf        | 0.2          |
|    entropy_loss         | 27.4         |
|    explained_variance   | 0.928        |
|    learning_rate        | 7.59e-05     |
|    loss                 | 0.628        |
|    n_updates            | 1420         |
|    policy_gradient_loss | 0.000814     |
|    std                  | 0.081        |
|    value_loss           | 0.384        |
------------------------------------------
[HumanoidEnv] Reset state env_id=0 z=0.325 rpy=[-0.002, -0.001, 0.000]
[HumanoidEnv] unhealthy terminate at step=499 z=0.196557 rpy=[2.8751, -0.318529, 2.99258] v_body=[3.19836, 0.794851, 1.4349]
PARITY max_torque=23.700 23.700 45.430
PARITY contact_mu=0.450
PARITY body_height=0.320
PARITY Kp_body=100.000 100.000 100.000
PARITY Kd_body=30.000 30.000 30.000
PARITY Kp_ori=100.000 100.000 100.000
PARITY Kd_ori=10.000 10.000 10.000
PARITY Kp_foot=550.000 550.000 550.000
PARITY Kd_foot=10.000 10.000 10.000
PARITY Kp_joint=5.000 5.000 5.000
PARITY Kd_joint=3.000 3.000 3.000
PARITY floating_base_weight=50.000
PARITY control_mode=5.000
[HumanoidEnv] Reset state env_id=0 z=0.321 rpy=[0.000, -0.002, 0.000]
[HumanoidEnv] unhealthy terminate at step=430 z=0.197346 rpy=[-2.99981, 0.289314, -0.187954] v_body=[-1.04189, -1.30396, 0.85726]
PARITY max_torque=23.700 23.700 45.430
PARITY contact_mu=0.450
PARITY body_height=0.320
PARITY Kp_body=100.000 100.000 100.000
PARITY Kd_body=30.000 30.000 30.000
PARITY Kp_ori=100.000 100.000 100.000
PARITY Kd_ori=10.000 10.000 10.000
PARITY Kp_foot=550.000 550.000 550.000
PARITY Kd_foot=10.000 10.000 10.000
PARITY Kp_joint=5.000 5.000 5.000
PARITY Kd_joint=3.000 3.000 3.000
PARITY floating_base_weight=50.000
PARITY control_mode=5.000
-----------------------------------------
| rollout/                |             |
|    ep_len_mean          | 541         |
|    ep_rew_mean          | 20.4        |
| time/                   |             |
|    fps                  | 2141        |
|    iterations           | 144         |
|    time_elapsed         | 8813        |
|    total_timesteps      | 18874368    |
| train/                  |             |
|    adaptive_lr          | 7.59e-05    |
|    approx_kl            | 0.006621229 |
|    clip_fraction        | 0.274       |
|    clip_range           | 0.1         |
|    clip_range_vf        | 0.2         |
|    entropy_loss         | 27.3        |
|    explained_variance   | 0.929       |
|    learning_rate        | 7.59e-05    |
|    loss                 | 0.637       |
|    n_updates            | 1430        |
|    policy_gradient_loss | 0.000918    |
|    std                  | 0.0812      |
|    value_loss           | 0.371       |
-----------------------------------------
-----------------------------------------
| rollout/                |             |
|    ep_len_mean          | 537         |
|    ep_rew_mean          | 20.3        |
| time/                   |             |
|    fps                  | 2142        |
|    iterations           | 145         |
|    time_elapsed         | 8871        |
|    total_timesteps      | 19005440    |
| train/                  |             |
|    adaptive_lr          | 7.59e-05    |
|    approx_kl            | 0.006663139 |
|    clip_fraction        | 0.282       |
|    clip_range           | 0.1         |
|    clip_range_vf        | 0.2         |
|    entropy_loss         | 27.2        |
|    explained_variance   | 0.927       |
|    learning_rate        | 7.59e-05    |
|    loss                 | 0.6         |
|    n_updates            | 1440        |
|    policy_gradient_loss | 0.000615    |
|    std                  | 0.0815      |
|    value_loss           | 0.382       |
-----------------------------------------
[HumanoidEnv] Reset state env_id=0 z=0.298 rpy=[-0.000, -0.002, 0.000]
[HumanoidEnv] unhealthy terminate at step=659 z=0.189451 rpy=[-1.24928, -0.283178, -0.98495] v_body=[-0.307466, -1.53725, 0.704187]
PARITY max_torque=23.700 23.700 45.430
PARITY contact_mu=0.450
PARITY body_height=0.320
PARITY Kp_body=100.000 100.000 100.000
PARITY Kd_body=30.000 30.000 30.000
PARITY Kp_ori=100.000 100.000 100.000
PARITY Kd_ori=10.000 10.000 10.000
PARITY Kp_foot=550.000 550.000 550.000
PARITY Kd_foot=10.000 10.000 10.000
PARITY Kp_joint=5.000 5.000 5.000
PARITY Kd_joint=3.000 3.000 3.000
PARITY floating_base_weight=50.000
PARITY control_mode=5.000
------------------------------------------
| rollout/                |              |
|    ep_len_mean          | 531          |
|    ep_rew_mean          | 20.3         |
| time/                   |              |
|    fps                  | 2142         |
|    iterations           | 146          |
|    time_elapsed         | 8930         |
|    total_timesteps      | 19136512     |
| train/                  |              |
|    adaptive_lr          | 7.59e-05     |
|    approx_kl            | 0.0066102864 |
|    clip_fraction        | 0.277        |
|    clip_range           | 0.1          |
|    clip_range_vf        | 0.2          |
|    entropy_loss         | 27.1         |
|    explained_variance   | 0.929        |
|    learning_rate        | 7.59e-05     |
|    loss                 | 0.676        |
|    n_updates            | 1450         |
|    policy_gradient_loss | 0.000674     |
|    std                  | 0.0818       |
|    value_loss           | 0.373        |
------------------------------------------
[HumanoidEnv] Reset state env_id=0 z=0.323 rpy=[0.001, -0.003, -0.000]
[HumanoidEnv] unhealthy terminate at step=516 z=0.188075 rpy=[2.07354, -0.253326, -2.61222] v_body=[0.211644, 0.0460515, 1.9004]
PARITY max_torque=23.700 23.700 45.430
PARITY contact_mu=0.450
PARITY body_height=0.320
PARITY Kp_body=100.000 100.000 100.000
PARITY Kd_body=30.000 30.000 30.000
PARITY Kp_ori=100.000 100.000 100.000
PARITY Kd_ori=10.000 10.000 10.000
PARITY Kp_foot=550.000 550.000 550.000
PARITY Kd_foot=10.000 10.000 10.000
PARITY Kp_joint=5.000 5.000 5.000
PARITY Kd_joint=3.000 3.000 3.000
PARITY floating_base_weight=50.000
PARITY control_mode=5.000
-----------------------------------------
| rollout/                |             |
|    ep_len_mean          | 585         |
|    ep_rew_mean          | 22.3        |
| time/                   |             |
|    fps                  | 2143        |
|    iterations           | 147         |
|    time_elapsed         | 8988        |
|    total_timesteps      | 19267584    |
| train/                  |             |
|    adaptive_lr          | 7.59e-05    |
|    approx_kl            | 0.006757954 |
|    clip_fraction        | 0.278       |
|    clip_range           | 0.1         |
|    clip_range_vf        | 0.2         |
|    entropy_loss         | 27          |
|    explained_variance   | 0.929       |
|    learning_rate        | 7.59e-05    |
|    loss                 | 0.667       |
|    n_updates            | 1460        |
|    policy_gradient_loss | 0.000629    |
|    std                  | 0.0821      |
|    value_loss           | 0.371       |
-----------------------------------------
[HumanoidEnv] Reset state env_id=0 z=0.294 rpy=[0.001, -0.002, 0.000]
[HumanoidEnv] unhealthy terminate at step=625 z=0.192175 rpy=[1.11272, 0.128595, 2.10341] v_body=[-2.06608, -0.637444, 0.227738]
PARITY max_torque=23.700 23.700 45.430
PARITY contact_mu=0.450
PARITY body_height=0.320
PARITY Kp_body=100.000 100.000 100.000
PARITY Kd_body=30.000 30.000 30.000
PARITY Kp_ori=100.000 100.000 100.000
PARITY Kd_ori=10.000 10.000 10.000
PARITY Kp_foot=550.000 550.000 550.000
PARITY Kd_foot=10.000 10.000 10.000
PARITY Kp_joint=5.000 5.000 5.000
PARITY Kd_joint=3.000 3.000 3.000
PARITY floating_base_weight=50.000
PARITY control_mode=5.000
------------------------------------------
| rollout/                |              |
|    ep_len_mean          | 573          |
|    ep_rew_mean          | 22.2         |
| time/                   |              |
|    fps                  | 2144         |
|    iterations           | 148          |
|    time_elapsed         | 9046         |
|    total_timesteps      | 19398656     |
| train/                  |              |
|    adaptive_lr          | 7.59e-05     |
|    approx_kl            | 0.0066859075 |
|    clip_fraction        | 0.282        |
|    clip_range           | 0.1          |
|    clip_range_vf        | 0.2          |
|    entropy_loss         | 27           |
|    explained_variance   | 0.933        |
|    learning_rate        | 7.59e-05     |
|    loss                 | 0.631        |
|    n_updates            | 1470         |
|    policy_gradient_loss | 0.000259     |
|    std                  | 0.0823       |
|    value_loss           | 0.338        |
------------------------------------------
[HumanoidEnv] Reset state env_id=0 z=0.293 rpy=[0.001, -0.001, 0.000]
[HumanoidEnv] unhealthy terminate at step=760 z=0.181607 rpy=[-2.1659, -0.087917, 0.0813322] v_body=[0.680525, -2.68141, -0.514228]
PARITY max_torque=23.700 23.700 45.430
PARITY contact_mu=0.450
PARITY body_height=0.320
PARITY Kp_body=100.000 100.000 100.000
PARITY Kd_body=30.000 30.000 30.000
PARITY Kp_ori=100.000 100.000 100.000
PARITY Kd_ori=10.000 10.000 10.000
PARITY Kp_foot=550.000 550.000 550.000
PARITY Kd_foot=10.000 10.000 10.000
PARITY Kp_joint=5.000 5.000 5.000
PARITY Kd_joint=3.000 3.000 3.000
PARITY floating_base_weight=50.000
PARITY control_mode=5.000
------------------------------------------
| rollout/                |              |
|    ep_len_mean          | 566          |
|    ep_rew_mean          | 21.9         |
| time/                   |              |
|    fps                  | 2144         |
|    iterations           | 149          |
|    time_elapsed         | 9104         |
|    total_timesteps      | 19529728     |
| train/                  |              |
|    adaptive_lr          | 7.59e-05     |
|    approx_kl            | 0.0066665653 |
|    clip_fraction        | 0.278        |
|    clip_range           | 0.1          |
|    clip_range_vf        | 0.2          |
|    entropy_loss         | 26.9         |
|    explained_variance   | 0.927        |
|    learning_rate        | 7.59e-05     |
|    loss                 | 0.656        |
|    n_updates            | 1480         |
|    policy_gradient_loss | 0.000642     |
|    std                  | 0.0826       |
|    value_loss           | 0.392        |
------------------------------------------
[HumanoidEnv] Reset state env_id=0 z=0.278 rpy=[-0.001, -0.000, 0.001]
[HumanoidEnv] unhealthy terminate at step=571 z=0.192229 rpy=[2.74674, 0.261142, -1.39276] v_body=[-1.32574, -1.14003, 1.38166]
PARITY max_torque=23.700 23.700 45.430
PARITY contact_mu=0.450
PARITY body_height=0.320
PARITY Kp_body=100.000 100.000 100.000
PARITY Kd_body=30.000 30.000 30.000
PARITY Kp_ori=100.000 100.000 100.000
PARITY Kd_ori=10.000 10.000 10.000
PARITY Kp_foot=550.000 550.000 550.000
PARITY Kd_foot=10.000 10.000 10.000
PARITY Kp_joint=5.000 5.000 5.000
PARITY Kd_joint=3.000 3.000 3.000
PARITY floating_base_weight=50.000
PARITY control_mode=5.000
-----------------------------------------
| rollout/                |             |
|    ep_len_mean          | 543         |
|    ep_rew_mean          | 21.1        |
| time/                   |             |
|    fps                  | 2145        |
|    iterations           | 150         |
|    time_elapsed         | 9163        |
|    total_timesteps      | 19660800    |
| train/                  |             |
|    adaptive_lr          | 7.59e-05    |
|    approx_kl            | 0.006554095 |
|    clip_fraction        | 0.277       |
|    clip_range           | 0.1         |
|    clip_range_vf        | 0.2         |
|    entropy_loss         | 26.8        |
|    explained_variance   | 0.926       |
|    learning_rate        | 7.59e-05    |
|    loss                 | 0.628       |
|    n_updates            | 1490        |
|    policy_gradient_loss | 0.000506    |
|    std                  | 0.0829      |
|    value_loss           | 0.395       |
-----------------------------------------
[HumanoidEnv] Reset state env_id=0 z=0.298 rpy=[0.002, -0.002, 0.000]
[HumanoidEnv] unhealthy terminate at step=361 z=0.190893 rpy=[2.88609, 0.416246, -1.35286] v_body=[-0.0506298, 0.867616, 1.54069]
PARITY max_torque=23.700 23.700 45.430
PARITY contact_mu=0.450
PARITY body_height=0.320
PARITY Kp_body=100.000 100.000 100.000
PARITY Kd_body=30.000 30.000 30.000
PARITY Kp_ori=100.000 100.000 100.000
PARITY Kd_ori=10.000 10.000 10.000
PARITY Kp_foot=550.000 550.000 550.000
PARITY Kd_foot=10.000 10.000 10.000
PARITY Kp_joint=5.000 5.000 5.000
PARITY Kd_joint=3.000 3.000 3.000
PARITY floating_base_weight=50.000
PARITY control_mode=5.000
-----------------------------------------
| rollout/                |             |
|    ep_len_mean          | 528         |
|    ep_rew_mean          | 20.5        |
| time/                   |             |
|    fps                  | 2145        |
|    iterations           | 151         |
|    time_elapsed         | 9224        |
|    total_timesteps      | 19791872    |
| train/                  |             |
|    adaptive_lr          | 7.59e-05    |
|    approx_kl            | 0.006570583 |
|    clip_fraction        | 0.275       |
|    clip_range           | 0.1         |
|    clip_range_vf        | 0.2         |
|    entropy_loss         | 26.7        |
|    explained_variance   | 0.924       |
|    learning_rate        | 7.59e-05    |
|    loss                 | 0.698       |
|    n_updates            | 1500        |
|    policy_gradient_loss | 0.000577    |
|    std                  | 0.0832      |
|    value_loss           | 0.417       |
-----------------------------------------
[HumanoidEnv] Reset state env_id=0 z=0.323 rpy=[-0.000, -0.003, 0.000]
[HumanoidEnv] unhealthy terminate at step=451 z=0.192373 rpy=[-0.541574, -0.235259, -0.84031] v_body=[-0.951935, -1.39948, -1.1662]
PARITY max_torque=23.700 23.700 45.430
PARITY contact_mu=0.450
PARITY body_height=0.320
PARITY Kp_body=100.000 100.000 100.000
PARITY Kd_body=30.000 30.000 30.000
PARITY Kp_ori=100.000 100.000 100.000
PARITY Kd_ori=10.000 10.000 10.000
PARITY Kp_foot=550.000 550.000 550.000
PARITY Kd_foot=10.000 10.000 10.000
PARITY Kp_joint=5.000 5.000 5.000
PARITY Kd_joint=3.000 3.000 3.000
PARITY floating_base_weight=50.000
PARITY control_mode=5.000
-----------------------------------------
| rollout/                |             |
|    ep_len_mean          | 522         |
|    ep_rew_mean          | 19.9        |
| time/                   |             |
|    fps                  | 2146        |
|    iterations           | 152         |
|    time_elapsed         | 9282        |
|    total_timesteps      | 19922944    |
| train/                  |             |
|    adaptive_lr          | 7.59e-05    |
|    approx_kl            | 0.006493465 |
|    clip_fraction        | 0.275       |
|    clip_range           | 0.1         |
|    clip_range_vf        | 0.2         |
|    entropy_loss         | 26.6        |
|    explained_variance   | 0.922       |
|    learning_rate        | 7.59e-05    |
|    loss                 | 0.688       |
|    n_updates            | 1510        |
|    policy_gradient_loss | 0.000731    |
|    std                  | 0.0835      |
|    value_loss           | 0.447       |
-----------------------------------------
INFO:root:VecNormalize statistics saved at: ./data/gamma1/quadruped_ppo_model_ckpt_20001280_vecnormalize.pkl
INFO:root:Model saved at: ./data/gamma1/quadruped_ppo_model_ckpt_20001280.zip
INFO:root:Checkpoint written at 20001280 timesteps
[HumanoidEnv] Reset state env_id=0 z=0.308 rpy=[0.000, -0.003, -0.000]
[HumanoidEnv] unhealthy terminate at step=684 z=0.195493 rpy=[1.82355, 0.114504, 1.6748] v_body=[-1.08043, 1.32463, -0.981287]
PARITY max_torque=23.700 23.700 45.430
PARITY contact_mu=0.450
PARITY body_height=0.320
PARITY Kp_body=100.000 100.000 100.000
PARITY Kd_body=30.000 30.000 30.000
PARITY Kp_ori=100.000 100.000 100.000
PARITY Kd_ori=10.000 10.000 10.000
PARITY Kp_foot=550.000 550.000 550.000
PARITY Kd_foot=10.000 10.000 10.000
PARITY Kp_joint=5.000 5.000 5.000
PARITY Kd_joint=3.000 3.000 3.000
PARITY floating_base_weight=50.000
PARITY control_mode=5.000
-----------------------------------------
| rollout/                |             |
|    ep_len_mean          | 500         |
|    ep_rew_mean          | 18.9        |
| time/                   |             |
|    fps                  | 2146        |
|    iterations           | 153         |
|    time_elapsed         | 9341        |
|    total_timesteps      | 20054016    |
| train/                  |             |
|    adaptive_lr          | 7.59e-05    |
|    approx_kl            | 0.006692192 |
|    clip_fraction        | 0.279       |
|    clip_range           | 0.1         |
|    clip_range_vf        | 0.2         |
|    entropy_loss         | 26.5        |
|    explained_variance   | 0.925       |
|    learning_rate        | 7.59e-05    |
|    loss                 | 0.674       |
|    n_updates            | 1520        |
|    policy_gradient_loss | 0.000432    |
|    std                  | 0.0838      |
|    value_loss           | 0.434       |
-----------------------------------------
------------------------------------------
| rollout/                |              |
|    ep_len_mean          | 462          |
|    ep_rew_mean          | 17.9         |
| time/                   |              |
|    fps                  | 2147         |
|    iterations           | 154          |
|    time_elapsed         | 9399         |
|    total_timesteps      | 20185088     |
| train/                  |              |
|    adaptive_lr          | 7.59e-05     |
|    approx_kl            | 0.0065949634 |
|    clip_fraction        | 0.287        |
|    clip_range           | 0.1          |
|    clip_range_vf        | 0.2          |
|    entropy_loss         | 26.4         |
|    explained_variance   | 0.92         |
|    learning_rate        | 7.59e-05     |
|    loss                 | 0.856        |
|    n_updates            | 1530         |
|    policy_gradient_loss | 0.000828     |
|    std                  | 0.0841       |
|    value_loss           | 0.492        |
------------------------------------------
[HumanoidEnv] Reset state env_id=0 z=0.294 rpy=[-0.001, -0.002, 0.000]
[HumanoidEnv] unhealthy terminate at step=626 z=0.187807 rpy=[-1.65464, -0.139014, 0.535777] v_body=[1.22236, -0.981003, -1.61261]
PARITY max_torque=23.700 23.700 45.430
PARITY contact_mu=0.450
PARITY body_height=0.320
PARITY Kp_body=100.000 100.000 100.000
PARITY Kd_body=30.000 30.000 30.000
PARITY Kp_ori=100.000 100.000 100.000
PARITY Kd_ori=10.000 10.000 10.000
PARITY Kp_foot=550.000 550.000 550.000
PARITY Kd_foot=10.000 10.000 10.000
PARITY Kp_joint=5.000 5.000 5.000
PARITY Kd_joint=3.000 3.000 3.000
PARITY floating_base_weight=50.000
PARITY control_mode=5.000
[HumanoidEnv] Reset state env_id=0 z=0.288 rpy=[-0.001, -0.002, 0.001]
[HumanoidEnv] unhealthy terminate at step=298 z=0.195624 rpy=[2.51137, 0.108406, 1.30822] v_body=[0.624115, -0.803607, 3.01365]
PARITY max_torque=23.700 23.700 45.430
PARITY contact_mu=0.450
PARITY body_height=0.320
PARITY Kp_body=100.000 100.000 100.000
PARITY Kd_body=30.000 30.000 30.000
PARITY Kp_ori=100.000 100.000 100.000
PARITY Kd_ori=10.000 10.000 10.000
PARITY Kp_foot=550.000 550.000 550.000
PARITY Kd_foot=10.000 10.000 10.000
PARITY Kp_joint=5.000 5.000 5.000
PARITY Kd_joint=3.000 3.000 3.000
PARITY floating_base_weight=50.000
PARITY control_mode=5.000
------------------------------------------
| rollout/                |              |
|    ep_len_mean          | 470          |
|    ep_rew_mean          | 18.3         |
| time/                   |              |
|    fps                  | 2147         |
|    iterations           | 155          |
|    time_elapsed         | 9458         |
|    total_timesteps      | 20316160     |
| train/                  |              |
|    adaptive_lr          | 7.59e-05     |
|    approx_kl            | 0.0066708685 |
|    clip_fraction        | 0.279        |
|    clip_range           | 0.1          |
|    clip_range_vf        | 0.2          |
|    entropy_loss         | 26.3         |
|    explained_variance   | 0.923        |
|    learning_rate        | 7.59e-05     |
|    loss                 | 0.751        |
|    n_updates            | 1540         |
|    policy_gradient_loss | 0.000653     |
|    std                  | 0.0844       |
|    value_loss           | 0.475        |
------------------------------------------
[HumanoidEnv] Reset state env_id=0 z=0.325 rpy=[-0.000, -0.002, 0.000]
[HumanoidEnv] unhealthy terminate at step=269 z=0.187731 rpy=[2.60029, -0.0448523, -1.66243] v_body=[3.37061, 1.04937, -0.11986]
PARITY max_torque=23.700 23.700 45.430
PARITY contact_mu=0.450
PARITY body_height=0.320
PARITY Kp_body=100.000 100.000 100.000
PARITY Kd_body=30.000 30.000 30.000
PARITY Kp_ori=100.000 100.000 100.000
PARITY Kd_ori=10.000 10.000 10.000
PARITY Kp_foot=550.000 550.000 550.000
PARITY Kd_foot=10.000 10.000 10.000
PARITY Kp_joint=5.000 5.000 5.000
PARITY Kd_joint=3.000 3.000 3.000
PARITY floating_base_weight=50.000
PARITY control_mode=5.000
------------------------------------------
| rollout/                |              |
|    ep_len_mean          | 481          |
|    ep_rew_mean          | 18.4         |
| time/                   |              |
|    fps                  | 2148         |
|    iterations           | 156          |
|    time_elapsed         | 9517         |
|    total_timesteps      | 20447232     |
| train/                  |              |
|    adaptive_lr          | 7.59e-05     |
|    approx_kl            | 0.0064064097 |
|    clip_fraction        | 0.279        |
|    clip_range           | 0.1          |
|    clip_range_vf        | 0.2          |
|    entropy_loss         | 26.3         |
|    explained_variance   | 0.92         |
|    learning_rate        | 7.59e-05     |
|    loss                 | 0.645        |
|    n_updates            | 1550         |
|    policy_gradient_loss | 0.000765     |
|    std                  | 0.0847       |
|    value_loss           | 0.488        |
------------------------------------------
[HumanoidEnv] Reset state env_id=0 z=0.329 rpy=[0.001, -0.002, 0.000]
[HumanoidEnv] unhealthy terminate at step=487 z=0.19665 rpy=[-2.23853, 0.290853, 1.6432] v_body=[0.289421, 1.03299, 1.85231]
PARITY max_torque=23.700 23.700 45.430
PARITY contact_mu=0.450
PARITY body_height=0.320
PARITY Kp_body=100.000 100.000 100.000
PARITY Kd_body=30.000 30.000 30.000
PARITY Kp_ori=100.000 100.000 100.000
PARITY Kd_ori=10.000 10.000 10.000
PARITY Kp_foot=550.000 550.000 550.000
PARITY Kd_foot=10.000 10.000 10.000
PARITY Kp_joint=5.000 5.000 5.000
PARITY Kd_joint=3.000 3.000 3.000
PARITY floating_base_weight=50.000
PARITY control_mode=5.000
------------------------------------------
| rollout/                |              |
|    ep_len_mean          | 467          |
|    ep_rew_mean          | 18.2         |
| time/                   |              |
|    fps                  | 2148         |
|    iterations           | 157          |
|    time_elapsed         | 9575         |
|    total_timesteps      | 20578304     |
| train/                  |              |
|    adaptive_lr          | 7.59e-05     |
|    approx_kl            | 0.0067224563 |
|    clip_fraction        | 0.283        |
|    clip_range           | 0.1          |
|    clip_range_vf        | 0.2          |
|    entropy_loss         | 26.2         |
|    explained_variance   | 0.92         |
|    learning_rate        | 7.59e-05     |
|    loss                 | 0.737        |
|    n_updates            | 1560         |
|    policy_gradient_loss | 0.000389     |
|    std                  | 0.085        |
|    value_loss           | 0.481        |
------------------------------------------
[HumanoidEnv] Reset state env_id=0 z=0.278 rpy=[0.002, -0.001, 0.000]
[HumanoidEnv] unhealthy terminate at step=603 z=0.193584 rpy=[1.53109, 0.163794, -2.22447] v_body=[-0.0395735, -1.70762, 1.24553]
PARITY max_torque=23.700 23.700 45.430
PARITY contact_mu=0.450
PARITY body_height=0.320
PARITY Kp_body=100.000 100.000 100.000
PARITY Kd_body=30.000 30.000 30.000
PARITY Kp_ori=100.000 100.000 100.000
PARITY Kd_ori=10.000 10.000 10.000
PARITY Kp_foot=550.000 550.000 550.000
PARITY Kd_foot=10.000 10.000 10.000
PARITY Kp_joint=5.000 5.000 5.000
PARITY Kd_joint=3.000 3.000 3.000
PARITY floating_base_weight=50.000
PARITY control_mode=5.000
-----------------------------------------
| rollout/                |             |
|    ep_len_mean          | 468         |
|    ep_rew_mean          | 18          |
| time/                   |             |
|    fps                  | 2149        |
|    iterations           | 158         |
|    time_elapsed         | 9634        |
|    total_timesteps      | 20709376    |
| train/                  |             |
|    adaptive_lr          | 7.59e-05    |
|    approx_kl            | 0.006591389 |
|    clip_fraction        | 0.279       |
|    clip_range           | 0.1         |
|    clip_range_vf        | 0.2         |
|    entropy_loss         | 26.1        |
|    explained_variance   | 0.922       |
|    learning_rate        | 7.59e-05    |
|    loss                 | 0.733       |
|    n_updates            | 1570        |
|    policy_gradient_loss | 0.000495    |
|    std                  | 0.0853      |
|    value_loss           | 0.472       |
-----------------------------------------
[HumanoidEnv] Reset state env_id=0 z=0.301 rpy=[-0.001, -0.000, 0.001]
[HumanoidEnv] unhealthy terminate at step=505 z=0.197245 rpy=[-1.03181, 0.247894, -0.485574] v_body=[-1.01899, -0.0979096, -0.143974]
PARITY max_torque=23.700 23.700 45.430
PARITY contact_mu=0.450
PARITY body_height=0.320
PARITY Kp_body=100.000 100.000 100.000
PARITY Kd_body=30.000 30.000 30.000
PARITY Kp_ori=100.000 100.000 100.000
PARITY Kd_ori=10.000 10.000 10.000
PARITY Kp_foot=550.000 550.000 550.000
PARITY Kd_foot=10.000 10.000 10.000
PARITY Kp_joint=5.000 5.000 5.000
PARITY Kd_joint=3.000 3.000 3.000
PARITY floating_base_weight=50.000
PARITY control_mode=5.000
[HumanoidEnv] Reset state env_id=0 z=0.274 rpy=[-0.002, 0.001, 0.001]
[HumanoidEnv] unhealthy terminate at step=313 z=0.188208 rpy=[1.17006, 0.0657991, -0.403724] v_body=[1.44423, -0.123202, -3.36929]
PARITY max_torque=23.700 23.700 45.430
PARITY contact_mu=0.450
PARITY body_height=0.320
PARITY Kp_body=100.000 100.000 100.000
PARITY Kd_body=30.000 30.000 30.000
PARITY Kp_ori=100.000 100.000 100.000
PARITY Kd_ori=10.000 10.000 10.000
PARITY Kp_foot=550.000 550.000 550.000
PARITY Kd_foot=10.000 10.000 10.000
PARITY Kp_joint=5.000 5.000 5.000
PARITY Kd_joint=3.000 3.000 3.000
PARITY floating_base_weight=50.000
PARITY control_mode=5.000
------------------------------------------
| rollout/                |              |
|    ep_len_mean          | 543          |
|    ep_rew_mean          | 20.2         |
| time/                   |              |
|    fps                  | 2150         |
|    iterations           | 159          |
|    time_elapsed         | 9693         |
|    total_timesteps      | 20840448     |
| train/                  |              |
|    adaptive_lr          | 7.59e-05     |
|    approx_kl            | 0.0063252803 |
|    clip_fraction        | 0.276        |
|    clip_range           | 0.1          |
|    clip_range_vf        | 0.2          |
|    entropy_loss         | 26           |
|    explained_variance   | 0.918        |
|    learning_rate        | 7.59e-05     |
|    loss                 | 0.704        |
|    n_updates            | 1580         |
|    policy_gradient_loss | 0.000432     |
|    std                  | 0.0856       |
|    value_loss           | 0.465        |
------------------------------------------
------------------------------------------
| rollout/                |              |
|    ep_len_mean          | 517          |
|    ep_rew_mean          | 19.6         |
| time/                   |              |
|    fps                  | 2150         |
|    iterations           | 160          |
|    time_elapsed         | 9751         |
|    total_timesteps      | 20971520     |
| train/                  |              |
|    adaptive_lr          | 7.59e-05     |
|    approx_kl            | 0.0066610854 |
|    clip_fraction        | 0.282        |
|    clip_range           | 0.1          |
|    clip_range_vf        | 0.2          |
|    entropy_loss         | 25.9         |
|    explained_variance   | 0.926        |
|    learning_rate        | 7.59e-05     |
|    loss                 | 0.678        |
|    n_updates            | 1590         |
|    policy_gradient_loss | 0.000468     |
|    std                  | 0.0859       |
|    value_loss           | 0.419        |
------------------------------------------
[HumanoidEnv] Reset state env_id=0 z=0.290 rpy=[0.002, -0.002, 0.001]
[HumanoidEnv] unhealthy terminate at step=654 z=0.198153 rpy=[1.53691, 0.217428, 0.465] v_body=[-0.901401, 0.272218, -0.709473]
PARITY max_torque=23.700 23.700 45.430
PARITY contact_mu=0.450
PARITY body_height=0.320
PARITY Kp_body=100.000 100.000 100.000
PARITY Kd_body=30.000 30.000 30.000
PARITY Kp_ori=100.000 100.000 100.000
PARITY Kd_ori=10.000 10.000 10.000
PARITY Kp_foot=550.000 550.000 550.000
PARITY Kd_foot=10.000 10.000 10.000
PARITY Kp_joint=5.000 5.000 5.000
PARITY Kd_joint=3.000 3.000 3.000
PARITY floating_base_weight=50.000
PARITY control_mode=5.000
[HumanoidEnv] Reset state env_id=0 z=0.282 rpy=[0.002, 0.000, 0.000]
[HumanoidEnv] unhealthy terminate at step=388 z=0.194023 rpy=[-1.85018, 0.274846, 0.822303] v_body=[0.0262904, -1.57383, -0.884798]
PARITY max_torque=23.700 23.700 45.430
PARITY contact_mu=0.450
PARITY body_height=0.320
PARITY Kp_body=100.000 100.000 100.000
PARITY Kd_body=30.000 30.000 30.000
PARITY Kp_ori=100.000 100.000 100.000
PARITY Kd_ori=10.000 10.000 10.000
PARITY Kp_foot=550.000 550.000 550.000
PARITY Kd_foot=10.000 10.000 10.000
PARITY Kp_joint=5.000 5.000 5.000
PARITY Kd_joint=3.000 3.000 3.000
PARITY floating_base_weight=50.000
PARITY control_mode=5.000
------------------------------------------
| rollout/                |              |
|    ep_len_mean          | 557          |
|    ep_rew_mean          | 21.1         |
| time/                   |              |
|    fps                  | 2151         |
|    iterations           | 161          |
|    time_elapsed         | 9810         |
|    total_timesteps      | 21102592     |
| train/                  |              |
|    adaptive_lr          | 7.59e-05     |
|    approx_kl            | 0.0063176644 |
|    clip_fraction        | 0.273        |
|    clip_range           | 0.1          |
|    clip_range_vf        | 0.2          |
|    entropy_loss         | 25.8         |
|    explained_variance   | 0.926        |
|    learning_rate        | 7.59e-05     |
|    loss                 | 0.626        |
|    n_updates            | 1600         |
|    policy_gradient_loss | 0.000774     |
|    std                  | 0.0862       |
|    value_loss           | 0.41         |
------------------------------------------
[HumanoidEnv] Reset state env_id=0 z=0.281 rpy=[0.001, -0.002, 0.000]
[HumanoidEnv] unhealthy terminate at step=367 z=0.198425 rpy=[2.22773, 0.31147, -0.294375] v_body=[-0.855802, 1.71917, -0.735867]
PARITY max_torque=23.700 23.700 45.430
PARITY contact_mu=0.450
PARITY body_height=0.320
PARITY Kp_body=100.000 100.000 100.000
PARITY Kd_body=30.000 30.000 30.000
PARITY Kp_ori=100.000 100.000 100.000
PARITY Kd_ori=10.000 10.000 10.000
PARITY Kp_foot=550.000 550.000 550.000
PARITY Kd_foot=10.000 10.000 10.000
PARITY Kp_joint=5.000 5.000 5.000
PARITY Kd_joint=3.000 3.000 3.000
PARITY floating_base_weight=50.000
PARITY control_mode=5.000
------------------------------------------
| rollout/                |              |
|    ep_len_mean          | 527          |
|    ep_rew_mean          | 19.9         |
| time/                   |              |
|    fps                  | 2151         |
|    iterations           | 162          |
|    time_elapsed         | 9868         |
|    total_timesteps      | 21233664     |
| train/                  |              |
|    adaptive_lr          | 7.59e-05     |
|    approx_kl            | 0.0064706984 |
|    clip_fraction        | 0.278        |
|    clip_range           | 0.1          |
|    clip_range_vf        | 0.2          |
|    entropy_loss         | 25.7         |
|    explained_variance   | 0.927        |
|    learning_rate        | 7.59e-05     |
|    loss                 | 0.654        |
|    n_updates            | 1610         |
|    policy_gradient_loss | 0.000323     |
|    std                  | 0.0865       |
|    value_loss           | 0.385        |
------------------------------------------
[HumanoidEnv] Reset state env_id=0 z=0.280 rpy=[0.002, -0.002, 0.000]
[HumanoidEnv] unhealthy terminate at step=308 z=0.197838 rpy=[-1.89678, -0.325211, -0.524932] v_body=[0.20434, -2.17869, -1.20918]
PARITY max_torque=23.700 23.700 45.430
PARITY contact_mu=0.450
PARITY body_height=0.320
PARITY Kp_body=100.000 100.000 100.000
PARITY Kd_body=30.000 30.000 30.000
PARITY Kp_ori=100.000 100.000 100.000
PARITY Kd_ori=10.000 10.000 10.000
PARITY Kp_foot=550.000 550.000 550.000
PARITY Kd_foot=10.000 10.000 10.000
PARITY Kp_joint=5.000 5.000 5.000
PARITY Kd_joint=3.000 3.000 3.000
PARITY floating_base_weight=50.000
PARITY control_mode=5.000
-----------------------------------------
| rollout/                |             |
|    ep_len_mean          | 542         |
|    ep_rew_mean          | 20.4        |
| time/                   |             |
|    fps                  | 2152        |
|    iterations           | 163         |
|    time_elapsed         | 9926        |
|    total_timesteps      | 21364736    |
| train/                  |             |
|    adaptive_lr          | 7.59e-05    |
|    approx_kl            | 0.006379175 |
|    clip_fraction        | 0.272       |
|    clip_range           | 0.1         |
|    clip_range_vf        | 0.2         |
|    entropy_loss         | 25.7        |
|    explained_variance   | 0.925       |
|    learning_rate        | 7.59e-05    |
|    loss                 | 0.692       |
|    n_updates            | 1620        |
|    policy_gradient_loss | 0.000263    |
|    std                  | 0.0868      |
|    value_loss           | 0.389       |
-----------------------------------------
------------------------------------------
| rollout/                |              |
|    ep_len_mean          | 583          |
|    ep_rew_mean          | 22.2         |
| time/                   |              |
|    fps                  | 2152         |
|    iterations           | 164          |
|    time_elapsed         | 9984         |
|    total_timesteps      | 21495808     |
| train/                  |              |
|    adaptive_lr          | 7.59e-05     |
|    approx_kl            | 0.0061110593 |
|    clip_fraction        | 0.269        |
|    clip_range           | 0.1          |
|    clip_range_vf        | 0.2          |
|    entropy_loss         | 25.6         |
|    explained_variance   | 0.924        |
|    learning_rate        | 7.59e-05     |
|    loss                 | 0.608        |
|    n_updates            | 1630         |
|    policy_gradient_loss | 0.000439     |
|    std                  | 0.087        |
|    value_loss           | 0.388        |
------------------------------------------
[HumanoidEnv] Reset state env_id=0 z=0.295 rpy=[0.002, -0.003, 0.000]
[HumanoidEnv] unhealthy terminate at step=941 z=0.191415 rpy=[-2.70932, 0.135179, 0.961675] v_body=[0.864922, 0.186368, 0.839963]
PARITY max_torque=23.700 23.700 45.430
PARITY contact_mu=0.450
PARITY body_height=0.320
PARITY Kp_body=100.000 100.000 100.000
PARITY Kd_body=30.000 30.000 30.000
PARITY Kp_ori=100.000 100.000 100.000
PARITY Kd_ori=10.000 10.000 10.000
PARITY Kp_foot=550.000 550.000 550.000
PARITY Kd_foot=10.000 10.000 10.000
PARITY Kp_joint=5.000 5.000 5.000
PARITY Kd_joint=3.000 3.000 3.000
PARITY floating_base_weight=50.000
PARITY control_mode=5.000
------------------------------------------
| rollout/                |              |
|    ep_len_mean          | 590          |
|    ep_rew_mean          | 22.5         |
| time/                   |              |
|    fps                  | 2153         |
|    iterations           | 165          |
|    time_elapsed         | 10043        |
|    total_timesteps      | 21626880     |
| train/                  |              |
|    adaptive_lr          | 7.59e-05     |
|    approx_kl            | 0.0063096834 |
|    clip_fraction        | 0.271        |
|    clip_range           | 0.1          |
|    clip_range_vf        | 0.2          |
|    entropy_loss         | 25.5         |
|    explained_variance   | 0.928        |
|    learning_rate        | 7.59e-05     |
|    loss                 | 0.61         |
|    n_updates            | 1640         |
|    policy_gradient_loss | 0.000101     |
|    std                  | 0.0873       |
|    value_loss           | 0.357        |
------------------------------------------
[HumanoidEnv] Reset state env_id=0 z=0.285 rpy=[0.002, -0.001, 0.001]
[HumanoidEnv] unhealthy terminate at step=653 z=0.195883 rpy=[-1.8551, 0.276304, 0.407572] v_body=[0.0496436, -0.964258, -1.34753]
PARITY max_torque=23.700 23.700 45.430
PARITY contact_mu=0.450
PARITY body_height=0.320
PARITY Kp_body=100.000 100.000 100.000
PARITY Kd_body=30.000 30.000 30.000
PARITY Kp_ori=100.000 100.000 100.000
PARITY Kd_ori=10.000 10.000 10.000
PARITY Kp_foot=550.000 550.000 550.000
PARITY Kd_foot=10.000 10.000 10.000
PARITY Kp_joint=5.000 5.000 5.000
PARITY Kd_joint=3.000 3.000 3.000
PARITY floating_base_weight=50.000
PARITY control_mode=5.000
------------------------------------------
| rollout/                |              |
|    ep_len_mean          | 593          |
|    ep_rew_mean          | 22.6         |
| time/                   |              |
|    fps                  | 2153         |
|    iterations           | 166          |
|    time_elapsed         | 10101        |
|    total_timesteps      | 21757952     |
| train/                  |              |
|    adaptive_lr          | 7.59e-05     |
|    approx_kl            | 0.0062197875 |
|    clip_fraction        | 0.266        |
|    clip_range           | 0.1          |
|    clip_range_vf        | 0.2          |
|    entropy_loss         | 25.4         |
|    explained_variance   | 0.922        |
|    learning_rate        | 7.59e-05     |
|    loss                 | 0.65         |
|    n_updates            | 1650         |
|    policy_gradient_loss | 0.000333     |
|    std                  | 0.0876       |
|    value_loss           | 0.367        |
------------------------------------------
[HumanoidEnv] Reset state env_id=0 z=0.305 rpy=[0.001, -0.003, -0.000]
[HumanoidEnv] unhealthy terminate at step=755 z=0.190187 rpy=[2.36326, 0.167749, -3.05278] v_body=[-1.53272, -0.552024, 1.00601]
PARITY max_torque=23.700 23.700 45.430
PARITY contact_mu=0.450
PARITY body_height=0.320
PARITY Kp_body=100.000 100.000 100.000
PARITY Kd_body=30.000 30.000 30.000
PARITY Kp_ori=100.000 100.000 100.000
PARITY Kd_ori=10.000 10.000 10.000
PARITY Kp_foot=550.000 550.000 550.000
PARITY Kd_foot=10.000 10.000 10.000
PARITY Kp_joint=5.000 5.000 5.000
PARITY Kd_joint=3.000 3.000 3.000
PARITY floating_base_weight=50.000
PARITY control_mode=5.000
------------------------------------------
| rollout/                |              |
|    ep_len_mean          | 554          |
|    ep_rew_mean          | 21.3         |
| time/                   |              |
|    fps                  | 2154         |
|    iterations           | 167          |
|    time_elapsed         | 10160        |
|    total_timesteps      | 21889024     |
| train/                  |              |
|    adaptive_lr          | 7.59e-05     |
|    approx_kl            | 0.0062994645 |
|    clip_fraction        | 0.274        |
|    clip_range           | 0.1          |
|    clip_range_vf        | 0.2          |
|    entropy_loss         | 25.3         |
|    explained_variance   | 0.92         |
|    learning_rate        | 7.59e-05     |
|    loss                 | 0.668        |
|    n_updates            | 1660         |
|    policy_gradient_loss | 0.000188     |
|    std                  | 0.0879       |
|    value_loss           | 0.399        |
------------------------------------------
INFO:root:VecNormalize statistics saved at: ./data/gamma1/quadruped_ppo_model_ckpt_22001408_vecnormalize.pkl
INFO:root:Model saved at: ./data/gamma1/quadruped_ppo_model_ckpt_22001408.zip
INFO:root:Checkpoint written at 22001408 timesteps
------------------------------------------
| rollout/                |              |
|    ep_len_mean          | 558          |
|    ep_rew_mean          | 21.5         |
| time/                   |              |
|    fps                  | 2154         |
|    iterations           | 168          |
|    time_elapsed         | 10219        |
|    total_timesteps      | 22020096     |
| train/                  |              |
|    adaptive_lr          | 7.59e-05     |
|    approx_kl            | 0.0065279547 |
|    clip_fraction        | 0.273        |
|    clip_range           | 0.1          |
|    clip_range_vf        | 0.2          |
|    entropy_loss         | 25.2         |
|    explained_variance   | 0.924        |
|    learning_rate        | 7.59e-05     |
|    loss                 | 0.583        |
|    n_updates            | 1670         |
|    policy_gradient_loss | 0.000175     |
|    std                  | 0.0883       |
|    value_loss           | 0.401        |
------------------------------------------
[HumanoidEnv] Reset state env_id=0 z=0.309 rpy=[0.002, -0.003, -0.000]
[HumanoidEnv] unhealthy terminate at step=985 z=0.19919 rpy=[1.9194, -0.334887, 0.246514] v_body=[1.14622, 1.37146, -0.31448]
PARITY max_torque=23.700 23.700 45.430
PARITY contact_mu=0.450
PARITY body_height=0.320
PARITY Kp_body=100.000 100.000 100.000
PARITY Kd_body=30.000 30.000 30.000
PARITY Kp_ori=100.000 100.000 100.000
PARITY Kd_ori=10.000 10.000 10.000
PARITY Kp_foot=550.000 550.000 550.000
PARITY Kd_foot=10.000 10.000 10.000
PARITY Kp_joint=5.000 5.000 5.000
PARITY Kd_joint=3.000 3.000 3.000
PARITY floating_base_weight=50.000
PARITY control_mode=5.000
-----------------------------------------
| rollout/                |             |
|    ep_len_mean          | 570         |
|    ep_rew_mean          | 21.8        |
| time/                   |             |
|    fps                  | 2155        |
|    iterations           | 169         |
|    time_elapsed         | 10277       |
|    total_timesteps      | 22151168    |
| train/                  |             |
|    adaptive_lr          | 7.59e-05    |
|    approx_kl            | 0.006289934 |
|    clip_fraction        | 0.273       |
|    clip_range           | 0.1         |
|    clip_range_vf        | 0.2         |
|    entropy_loss         | 25.2        |
|    explained_variance   | 0.92        |
|    learning_rate        | 7.59e-05    |
|    loss                 | 0.734       |
|    n_updates            | 1680        |
|    policy_gradient_loss | 0.000102    |
|    std                  | 0.0885      |
|    value_loss           | 0.427       |
-----------------------------------------
[HumanoidEnv] Reset state env_id=0 z=0.287 rpy=[0.000, -0.001, 0.001]
[HumanoidEnv] unhealthy terminate at step=599 z=0.19948 rpy=[-1.02515, 0.242137, -0.230836] v_body=[-0.507001, -0.943603, -0.25554]
PARITY max_torque=23.700 23.700 45.430
PARITY contact_mu=0.450
PARITY body_height=0.320
PARITY Kp_body=100.000 100.000 100.000
PARITY Kd_body=30.000 30.000 30.000
PARITY Kp_ori=100.000 100.000 100.000
PARITY Kd_ori=10.000 10.000 10.000
PARITY Kp_foot=550.000 550.000 550.000
PARITY Kd_foot=10.000 10.000 10.000
PARITY Kp_joint=5.000 5.000 5.000
PARITY Kd_joint=3.000 3.000 3.000
PARITY floating_base_weight=50.000
PARITY control_mode=5.000
------------------------------------------
| rollout/                |              |
|    ep_len_mean          | 569          |
|    ep_rew_mean          | 21.4         |
| time/                   |              |
|    fps                  | 2155         |
|    iterations           | 170          |
|    time_elapsed         | 10335        |
|    total_timesteps      | 22282240     |
| train/                  |              |
|    adaptive_lr          | 7.59e-05     |
|    approx_kl            | 0.0065818746 |
|    clip_fraction        | 0.273        |
|    clip_range           | 0.1          |
|    clip_range_vf        | 0.2          |
|    entropy_loss         | 25.1         |
|    explained_variance   | 0.923        |
|    learning_rate        | 7.59e-05     |
|    loss                 | 0.753        |
|    n_updates            | 1690         |
|    policy_gradient_loss | 0.000199     |
|    std                  | 0.0888       |
|    value_loss           | 0.41         |
------------------------------------------
[HumanoidEnv] Reset state env_id=0 z=0.329 rpy=[0.001, -0.003, 0.000]
[HumanoidEnv] unhealthy terminate at step=475 z=0.198753 rpy=[-1.69296, -0.259193, -0.178912] v_body=[1.48289, -1.92786, -0.907598]
PARITY max_torque=23.700 23.700 45.430
PARITY contact_mu=0.450
PARITY body_height=0.320
PARITY Kp_body=100.000 100.000 100.000
PARITY Kd_body=30.000 30.000 30.000
PARITY Kp_ori=100.000 100.000 100.000
PARITY Kd_ori=10.000 10.000 10.000
PARITY Kp_foot=550.000 550.000 550.000
PARITY Kd_foot=10.000 10.000 10.000
PARITY Kp_joint=5.000 5.000 5.000
PARITY Kd_joint=3.000 3.000 3.000
PARITY floating_base_weight=50.000
PARITY control_mode=5.000
------------------------------------------
| rollout/                |              |
|    ep_len_mean          | 527          |
|    ep_rew_mean          | 20.1         |
| time/                   |              |
|    fps                  | 2156         |
|    iterations           | 171          |
|    time_elapsed         | 10394        |
|    total_timesteps      | 22413312     |
| train/                  |              |
|    adaptive_lr          | 7.59e-05     |
|    approx_kl            | 0.0064156405 |
|    clip_fraction        | 0.275        |
|    clip_range           | 0.1          |
|    clip_range_vf        | 0.2          |
|    entropy_loss         | 25           |
|    explained_variance   | 0.921        |
|    learning_rate        | 7.59e-05     |
|    loss                 | 0.706        |
|    n_updates            | 1700         |
|    policy_gradient_loss | 0.00041      |
|    std                  | 0.0891       |
|    value_loss           | 0.432        |
------------------------------------------
[HumanoidEnv] Reset state env_id=0 z=0.293 rpy=[0.001, -0.001, 0.000]
[HumanoidEnv] unhealthy terminate at step=400 z=0.198459 rpy=[-0.467677, -0.20492, -1.04977] v_body=[0.562852, -0.661447, -1.08197]
PARITY max_torque=23.700 23.700 45.430
PARITY contact_mu=0.450
PARITY body_height=0.320
PARITY Kp_body=100.000 100.000 100.000
PARITY Kd_body=30.000 30.000 30.000
PARITY Kp_ori=100.000 100.000 100.000
PARITY Kd_ori=10.000 10.000 10.000
PARITY Kp_foot=550.000 550.000 550.000
PARITY Kd_foot=10.000 10.000 10.000
PARITY Kp_joint=5.000 5.000 5.000
PARITY Kd_joint=3.000 3.000 3.000
PARITY floating_base_weight=50.000
PARITY control_mode=5.000
-----------------------------------------
| rollout/                |             |
|    ep_len_mean          | 508         |
|    ep_rew_mean          | 19.6        |
| time/                   |             |
|    fps                  | 2156        |
|    iterations           | 172         |
|    time_elapsed         | 10452       |
|    total_timesteps      | 22544384    |
| train/                  |             |
|    adaptive_lr          | 7.59e-05    |
|    approx_kl            | 0.006333837 |
|    clip_fraction        | 0.272       |
|    clip_range           | 0.1         |
|    clip_range_vf        | 0.2         |
|    entropy_loss         | 24.9        |
|    explained_variance   | 0.92        |
|    learning_rate        | 7.59e-05    |
|    loss                 | 0.724       |
|    n_updates            | 1710        |
|    policy_gradient_loss | 0.000238    |
|    std                  | 0.0894      |
|    value_loss           | 0.44        |
-----------------------------------------
[HumanoidEnv] Reset state env_id=0 z=0.304 rpy=[0.000, -0.003, -0.000]
[HumanoidEnv] unhealthy terminate at step=482 z=0.194378 rpy=[0.531076, 0.282916, 3.06187] v_body=[1.66726, -0.0606728, -0.709231]
PARITY max_torque=23.700 23.700 45.430
PARITY contact_mu=0.450
PARITY body_height=0.320
PARITY Kp_body=100.000 100.000 100.000
PARITY Kd_body=30.000 30.000 30.000
PARITY Kp_ori=100.000 100.000 100.000
PARITY Kd_ori=10.000 10.000 10.000
PARITY Kp_foot=550.000 550.000 550.000
PARITY Kd_foot=10.000 10.000 10.000
PARITY Kp_joint=5.000 5.000 5.000
PARITY Kd_joint=3.000 3.000 3.000
PARITY floating_base_weight=50.000
PARITY control_mode=5.000
------------------------------------------
| rollout/                |              |
|    ep_len_mean          | 525          |
|    ep_rew_mean          | 20.2         |
| time/                   |              |
|    fps                  | 2157         |
|    iterations           | 173          |
|    time_elapsed         | 10511        |
|    total_timesteps      | 22675456     |
| train/                  |              |
|    adaptive_lr          | 7.59e-05     |
|    approx_kl            | 0.0065317787 |
|    clip_fraction        | 0.273        |
|    clip_range           | 0.1          |
|    clip_range_vf        | 0.2          |
|    entropy_loss         | 24.8         |
|    explained_variance   | 0.925        |
|    learning_rate        | 7.59e-05     |
|    loss                 | 0.689        |
|    n_updates            | 1720         |
|    policy_gradient_loss | -2.5e-06     |
|    std                  | 0.0897       |
|    value_loss           | 0.444        |
------------------------------------------
[HumanoidEnv] Reset state env_id=0 z=0.327 rpy=[-0.003, -0.001, 0.001]
[HumanoidEnv] unhealthy terminate at step=530 z=0.19731 rpy=[-2.31323, 0.441637, -2.43327] v_body=[-1.63955, -1.45468, 0.07712]
PARITY max_torque=23.700 23.700 45.430
PARITY contact_mu=0.450
PARITY body_height=0.320
PARITY Kp_body=100.000 100.000 100.000
PARITY Kd_body=30.000 30.000 30.000
PARITY Kp_ori=100.000 100.000 100.000
PARITY Kd_ori=10.000 10.000 10.000
PARITY Kp_foot=550.000 550.000 550.000
PARITY Kd_foot=10.000 10.000 10.000
PARITY Kp_joint=5.000 5.000 5.000
PARITY Kd_joint=3.000 3.000 3.000
PARITY floating_base_weight=50.000
PARITY control_mode=5.000
-----------------------------------------
| rollout/                |             |
|    ep_len_mean          | 531         |
|    ep_rew_mean          | 20.5        |
| time/                   |             |
|    fps                  | 2157        |
|    iterations           | 174         |
|    time_elapsed         | 10569       |
|    total_timesteps      | 22806528    |
| train/                  |             |
|    adaptive_lr          | 7.59e-05    |
|    approx_kl            | 0.006483683 |
|    clip_fraction        | 0.277       |
|    clip_range           | 0.1         |
|    clip_range_vf        | 0.2         |
|    entropy_loss         | 24.7        |
|    explained_variance   | 0.923       |
|    learning_rate        | 7.59e-05    |
|    loss                 | 0.775       |
|    n_updates            | 1730        |
|    policy_gradient_loss | 0.00016     |
|    std                  | 0.0901      |
|    value_loss           | 0.448       |
-----------------------------------------
[HumanoidEnv] Reset state env_id=0 z=0.326 rpy=[0.002, -0.002, 0.000]
[HumanoidEnv] unhealthy terminate at step=433 z=0.197646 rpy=[0.62804, 0.0540905, -1.78242] v_body=[1.52954, 0.0789032, -1.2846]
PARITY max_torque=23.700 23.700 45.430
PARITY contact_mu=0.450
PARITY body_height=0.320
PARITY Kp_body=100.000 100.000 100.000
PARITY Kd_body=30.000 30.000 30.000
PARITY Kp_ori=100.000 100.000 100.000
PARITY Kd_ori=10.000 10.000 10.000
PARITY Kp_foot=550.000 550.000 550.000
PARITY Kd_foot=10.000 10.000 10.000
PARITY Kp_joint=5.000 5.000 5.000
PARITY Kd_joint=3.000 3.000 3.000
PARITY floating_base_weight=50.000
PARITY control_mode=5.000
------------------------------------------
| rollout/                |              |
|    ep_len_mean          | 516          |
|    ep_rew_mean          | 19.9         |
| time/                   |              |
|    fps                  | 2158         |
|    iterations           | 175          |
|    time_elapsed         | 10627        |
|    total_timesteps      | 22937600     |
| train/                  |              |
|    adaptive_lr          | 7.59e-05     |
|    approx_kl            | 0.0064195944 |
|    clip_fraction        | 0.269        |
|    clip_range           | 0.1          |
|    clip_range_vf        | 0.2          |
|    entropy_loss         | 24.6         |
|    explained_variance   | 0.917        |
|    learning_rate        | 7.59e-05     |
|    loss                 | 0.8          |
|    n_updates            | 1740         |
|    policy_gradient_loss | 8.08e-05     |
|    std                  | 0.0903       |
|    value_loss           | 0.473        |
------------------------------------------
[HumanoidEnv] Reset state env_id=0 z=0.271 rpy=[-0.000, -0.001, 0.001]
[HumanoidEnv] unhealthy terminate at step=455 z=0.196758 rpy=[2.81931, 0.306017, -0.680387] v_body=[-0.377093, -0.937344, 1.25939]
PARITY max_torque=23.700 23.700 45.430
PARITY contact_mu=0.450
PARITY body_height=0.320
PARITY Kp_body=100.000 100.000 100.000
PARITY Kd_body=30.000 30.000 30.000
PARITY Kp_ori=100.000 100.000 100.000
PARITY Kd_ori=10.000 10.000 10.000
PARITY Kp_foot=550.000 550.000 550.000
PARITY Kd_foot=10.000 10.000 10.000
PARITY Kp_joint=5.000 5.000 5.000
PARITY Kd_joint=3.000 3.000 3.000
PARITY floating_base_weight=50.000
PARITY control_mode=5.000
-----------------------------------------
| rollout/                |             |
|    ep_len_mean          | 559         |
|    ep_rew_mean          | 21.4        |
| time/                   |             |
|    fps                  | 2158        |
|    iterations           | 176         |
|    time_elapsed         | 10686       |
|    total_timesteps      | 23068672    |
| train/                  |             |
|    adaptive_lr          | 7.59e-05    |
|    approx_kl            | 0.006251576 |
|    clip_fraction        | 0.27        |
|    clip_range           | 0.1         |
|    clip_range_vf        | 0.2         |
|    entropy_loss         | 24.6        |
|    explained_variance   | 0.922       |
|    learning_rate        | 7.59e-05    |
|    loss                 | 0.65        |
|    n_updates            | 1750        |
|    policy_gradient_loss | 0.000304    |
|    std                  | 0.0906      |
|    value_loss           | 0.45        |
-----------------------------------------
[HumanoidEnv] Reset state env_id=0 z=0.302 rpy=[0.001, -0.002, -0.000]
[HumanoidEnv] unhealthy terminate at step=556 z=0.194875 rpy=[0.276844, -0.595393, 1.28162] v_body=[-1.33929, 1.45833, 0.127098]
PARITY max_torque=23.700 23.700 45.430
PARITY contact_mu=0.450
PARITY body_height=0.320
PARITY Kp_body=100.000 100.000 100.000
PARITY Kd_body=30.000 30.000 30.000
PARITY Kp_ori=100.000 100.000 100.000
PARITY Kd_ori=10.000 10.000 10.000
PARITY Kp_foot=550.000 550.000 550.000
PARITY Kd_foot=10.000 10.000 10.000
PARITY Kp_joint=5.000 5.000 5.000
PARITY Kd_joint=3.000 3.000 3.000
PARITY floating_base_weight=50.000
PARITY control_mode=5.000
-----------------------------------------
| rollout/                |             |
|    ep_len_mean          | 563         |
|    ep_rew_mean          | 21.5        |
| time/                   |             |
|    fps                  | 2159        |
|    iterations           | 177         |
|    time_elapsed         | 10745       |
|    total_timesteps      | 23199744    |
| train/                  |             |
|    adaptive_lr          | 7.59e-05    |
|    approx_kl            | 0.006270364 |
|    clip_fraction        | 0.269       |
|    clip_range           | 0.1         |
|    clip_range_vf        | 0.2         |
|    entropy_loss         | 24.5        |
|    explained_variance   | 0.919       |
|    learning_rate        | 7.59e-05    |
|    loss                 | 0.698       |
|    n_updates            | 1760        |
|    policy_gradient_loss | 0.000248    |
|    std                  | 0.0909      |
|    value_loss           | 0.444       |
-----------------------------------------
[HumanoidEnv] Reset state env_id=0 z=0.320 rpy=[-0.002, -0.001, 0.000]
[HumanoidEnv] unhealthy terminate at step=453 z=0.19921 rpy=[-2.14032, 0.424573, -0.1824] v_body=[-0.623997, -1.2912, -0.901859]
PARITY max_torque=23.700 23.700 45.430
PARITY contact_mu=0.450
PARITY body_height=0.320
PARITY Kp_body=100.000 100.000 100.000
PARITY Kd_body=30.000 30.000 30.000
PARITY Kp_ori=100.000 100.000 100.000
PARITY Kd_ori=10.000 10.000 10.000
PARITY Kp_foot=550.000 550.000 550.000
PARITY Kd_foot=10.000 10.000 10.000
PARITY Kp_joint=5.000 5.000 5.000
PARITY Kd_joint=3.000 3.000 3.000
PARITY floating_base_weight=50.000
PARITY control_mode=5.000
----------------------------------------
| rollout/                |            |
|    ep_len_mean          | 545        |
|    ep_rew_mean          | 21.1       |
| time/                   |            |
|    fps                  | 2159       |
|    iterations           | 178        |
|    time_elapsed         | 10803      |
|    total_timesteps      | 23330816   |
| train/                  |            |
|    adaptive_lr          | 7.59e-05   |
|    approx_kl            | 0.00632883 |
|    clip_fraction        | 0.273      |
|    clip_range           | 0.1        |
|    clip_range_vf        | 0.2        |
|    entropy_loss         | 24.4       |
|    explained_variance   | 0.918      |
|    learning_rate        | 7.59e-05   |
|    loss                 | 0.65       |
|    n_updates            | 1770       |
|    policy_gradient_loss | 0.000302   |
|    std                  | 0.0913     |
|    value_loss           | 0.445      |
----------------------------------------
[HumanoidEnv] Reset state env_id=0 z=0.284 rpy=[-0.001, 0.000, 0.001]
[HumanoidEnv] unhealthy terminate at step=527 z=0.196837 rpy=[0.798472, -0.0832717, -1.78678] v_body=[1.34183, -0.692332, 1.13146]
PARITY max_torque=23.700 23.700 45.430
PARITY contact_mu=0.450
PARITY body_height=0.320
PARITY Kp_body=100.000 100.000 100.000
PARITY Kd_body=30.000 30.000 30.000
PARITY Kp_ori=100.000 100.000 100.000
PARITY Kd_ori=10.000 10.000 10.000
PARITY Kp_foot=550.000 550.000 550.000
PARITY Kd_foot=10.000 10.000 10.000
PARITY Kp_joint=5.000 5.000 5.000
PARITY Kd_joint=3.000 3.000 3.000
PARITY floating_base_weight=50.000
PARITY control_mode=5.000
------------------------------------------
| rollout/                |              |
|    ep_len_mean          | 555          |
|    ep_rew_mean          | 21.5         |
| time/                   |              |
|    fps                  | 2160         |
|    iterations           | 179          |
|    time_elapsed         | 10861        |
|    total_timesteps      | 23461888     |
| train/                  |              |
|    adaptive_lr          | 7.59e-05     |
|    approx_kl            | 0.0062145954 |
|    clip_fraction        | 0.271        |
|    clip_range           | 0.1          |
|    clip_range_vf        | 0.2          |
|    entropy_loss         | 24.3         |
|    explained_variance   | 0.915        |
|    learning_rate        | 7.59e-05     |
|    loss                 | 0.682        |
|    n_updates            | 1780         |
|    policy_gradient_loss | 0.00018      |
|    std                  | 0.0916       |
|    value_loss           | 0.447        |
------------------------------------------
[HumanoidEnv] Reset state env_id=0 z=0.294 rpy=[0.001, -0.002, 0.000]
[HumanoidEnv] unhealthy terminate at step=338 z=0.199289 rpy=[1.03462, 0.0359596, -0.190193] v_body=[2.13135, 2.27405, 0.207651]
PARITY max_torque=23.700 23.700 45.430
PARITY contact_mu=0.450
PARITY body_height=0.320
PARITY Kp_body=100.000 100.000 100.000
PARITY Kd_body=30.000 30.000 30.000
PARITY Kp_ori=100.000 100.000 100.000
PARITY Kd_ori=10.000 10.000 10.000
PARITY Kp_foot=550.000 550.000 550.000
PARITY Kd_foot=10.000 10.000 10.000
PARITY Kp_joint=5.000 5.000 5.000
PARITY Kd_joint=3.000 3.000 3.000
PARITY floating_base_weight=50.000
PARITY control_mode=5.000
------------------------------------------
| rollout/                |              |
|    ep_len_mean          | 519          |
|    ep_rew_mean          | 20           |
| time/                   |              |
|    fps                  | 2160         |
|    iterations           | 180          |
|    time_elapsed         | 10920        |
|    total_timesteps      | 23592960     |
| train/                  |              |
|    adaptive_lr          | 7.59e-05     |
|    approx_kl            | 0.0062411097 |
|    clip_fraction        | 0.271        |
|    clip_range           | 0.1          |
|    clip_range_vf        | 0.2          |
|    entropy_loss         | 24.2         |
|    explained_variance   | 0.918        |
|    learning_rate        | 7.59e-05     |
|    loss                 | 0.769        |
|    n_updates            | 1790         |
|    policy_gradient_loss | 0.000236     |
|    std                  | 0.0919       |
|    value_loss           | 0.462        |
------------------------------------------
[HumanoidEnv] Reset state env_id=0 z=0.295 rpy=[-0.002, -0.001, 0.001]
[HumanoidEnv] unhealthy terminate at step=814 z=0.192404 rpy=[2.51292, 0.356926, -2.20052] v_body=[-1.33285, -0.894208, 1.12651]
PARITY max_torque=23.700 23.700 45.430
PARITY contact_mu=0.450
PARITY body_height=0.320
PARITY Kp_body=100.000 100.000 100.000
PARITY Kd_body=30.000 30.000 30.000
PARITY Kp_ori=100.000 100.000 100.000
PARITY Kd_ori=10.000 10.000 10.000
PARITY Kp_foot=550.000 550.000 550.000
PARITY Kd_foot=10.000 10.000 10.000
PARITY Kp_joint=5.000 5.000 5.000
PARITY Kd_joint=3.000 3.000 3.000
PARITY floating_base_weight=50.000
PARITY control_mode=5.000
------------------------------------------
| rollout/                |              |
|    ep_len_mean          | 545          |
|    ep_rew_mean          | 21.1         |
| time/                   |              |
|    fps                  | 2160         |
|    iterations           | 181          |
|    time_elapsed         | 10978        |
|    total_timesteps      | 23724032     |
| train/                  |              |
|    adaptive_lr          | 7.59e-05     |
|    approx_kl            | 0.0062796865 |
|    clip_fraction        | 0.271        |
|    clip_range           | 0.1          |
|    clip_range_vf        | 0.2          |
|    entropy_loss         | 24.1         |
|    explained_variance   | 0.914        |
|    learning_rate        | 7.59e-05     |
|    loss                 | 0.691        |
|    n_updates            | 1800         |
|    policy_gradient_loss | 0.000193     |
|    std                  | 0.0923       |
|    value_loss           | 0.464        |
------------------------------------------
----------------------------------------
| rollout/                |            |
|    ep_len_mean          | 505        |
|    ep_rew_mean          | 19.4       |
| time/                   |            |
|    fps                  | 2161       |
|    iterations           | 182        |
|    time_elapsed         | 11037      |
|    total_timesteps      | 23855104   |
| train/                  |            |
|    adaptive_lr          | 7.59e-05   |
|    approx_kl            | 0.00639978 |
|    clip_fraction        | 0.273      |
|    clip_range           | 0.1        |
|    clip_range_vf        | 0.2        |
|    entropy_loss         | 24         |
|    explained_variance   | 0.92       |
|    learning_rate        | 7.59e-05   |
|    loss                 | 0.631      |
|    n_updates            | 1810       |
|    policy_gradient_loss | -8.99e-05  |
|    std                  | 0.0926     |
|    value_loss           | 0.452      |
----------------------------------------
[HumanoidEnv] Reset state env_id=0 z=0.299 rpy=[-0.001, -0.001, 0.001]
[HumanoidEnv] unhealthy terminate at step=865 z=0.191296 rpy=[-2.06888, -0.0858698, 0.0147222] v_body=[-0.386553, -0.0879371, 2.3628]
PARITY max_torque=23.700 23.700 45.430
PARITY contact_mu=0.450
PARITY body_height=0.320
PARITY Kp_body=100.000 100.000 100.000
PARITY Kd_body=30.000 30.000 30.000
PARITY Kp_ori=100.000 100.000 100.000
PARITY Kd_ori=10.000 10.000 10.000
PARITY Kp_foot=550.000 550.000 550.000
PARITY Kd_foot=10.000 10.000 10.000
PARITY Kp_joint=5.000 5.000 5.000
PARITY Kd_joint=3.000 3.000 3.000
PARITY floating_base_weight=50.000
PARITY control_mode=5.000
------------------------------------------
| rollout/                |              |
|    ep_len_mean          | 564          |
|    ep_rew_mean          | 21.7         |
| time/                   |              |
|    fps                  | 2161         |
|    iterations           | 183          |
|    time_elapsed         | 11097        |
|    total_timesteps      | 23986176     |
| train/                  |              |
|    adaptive_lr          | 7.59e-05     |
|    approx_kl            | 0.0062871096 |
|    clip_fraction        | 0.276        |
|    clip_range           | 0.1          |
|    clip_range_vf        | 0.2          |
|    entropy_loss         | 24           |
|    explained_variance   | 0.917        |
|    learning_rate        | 7.59e-05     |
|    loss                 | 0.742        |
|    n_updates            | 1820         |
|    policy_gradient_loss | -0.000332    |
|    std                  | 0.0929       |
|    value_loss           | 0.465        |
------------------------------------------
INFO:root:VecNormalize statistics saved at: ./data/gamma1/quadruped_ppo_model_ckpt_24001536_vecnormalize.pkl
INFO:root:Model saved at: ./data/gamma1/quadruped_ppo_model_ckpt_24001536.zip
INFO:root:Checkpoint written at 24001536 timesteps
[HumanoidEnv] Reset state env_id=0 z=0.276 rpy=[0.000, 0.000, 0.001]
[HumanoidEnv] unhealthy terminate at step=434 z=0.17879 rpy=[-1.86965, 0.00323518, 0.562375] v_body=[2.62975, -1.84426, -1.42747]
PARITY max_torque=23.700 23.700 45.430
PARITY contact_mu=0.450
PARITY body_height=0.320
PARITY Kp_body=100.000 100.000 100.000
PARITY Kd_body=30.000 30.000 30.000
PARITY Kp_ori=100.000 100.000 100.000
PARITY Kd_ori=10.000 10.000 10.000
PARITY Kp_foot=550.000 550.000 550.000
PARITY Kd_foot=10.000 10.000 10.000
PARITY Kp_joint=5.000 5.000 5.000
PARITY Kd_joint=3.000 3.000 3.000
PARITY floating_base_weight=50.000
PARITY control_mode=5.000
[HumanoidEnv] Reset state env_id=0 z=0.308 rpy=[0.000, -0.002, -0.000]
[HumanoidEnv] unhealthy terminate at step=351 z=0.192515 rpy=[0.692973, 0.18746, 0.194328] v_body=[-0.179898, 1.52919, -1.12211]
PARITY max_torque=23.700 23.700 45.430
PARITY contact_mu=0.450
PARITY body_height=0.320
PARITY Kp_body=100.000 100.000 100.000
PARITY Kd_body=30.000 30.000 30.000
PARITY Kp_ori=100.000 100.000 100.000
PARITY Kd_ori=10.000 10.000 10.000
PARITY Kp_foot=550.000 550.000 550.000
PARITY Kd_foot=10.000 10.000 10.000
PARITY Kp_joint=5.000 5.000 5.000
PARITY Kd_joint=3.000 3.000 3.000
PARITY floating_base_weight=50.000
PARITY control_mode=5.000
------------------------------------------
| rollout/                |              |
|    ep_len_mean          | 496          |
|    ep_rew_mean          | 19           |
| time/                   |              |
|    fps                  | 2161         |
|    iterations           | 184          |
|    time_elapsed         | 11155        |
|    total_timesteps      | 24117248     |
| train/                  |              |
|    adaptive_lr          | 7.59e-05     |
|    approx_kl            | 0.0064310967 |
|    clip_fraction        | 0.273        |
|    clip_range           | 0.1          |
|    clip_range_vf        | 0.2          |
|    entropy_loss         | 23.9         |
|    explained_variance   | 0.917        |
|    learning_rate        | 7.59e-05     |
|    loss                 | 0.695        |
|    n_updates            | 1830         |
|    policy_gradient_loss | -2.37e-05    |
|    std                  | 0.0932       |
|    value_loss           | 0.468        |
------------------------------------------
[HumanoidEnv] Reset state env_id=0 z=0.304 rpy=[0.001, -0.002, -0.000]
[HumanoidEnv] unhealthy terminate at step=509 z=0.198809 rpy=[-2.96358, 0.0452564, -2.85251] v_body=[2.30152, -1.32675, 1.477]
PARITY max_torque=23.700 23.700 45.430
PARITY contact_mu=0.450
PARITY body_height=0.320
PARITY Kp_body=100.000 100.000 100.000
PARITY Kd_body=30.000 30.000 30.000
PARITY Kp_ori=100.000 100.000 100.000
PARITY Kd_ori=10.000 10.000 10.000
PARITY Kp_foot=550.000 550.000 550.000
PARITY Kd_foot=10.000 10.000 10.000
PARITY Kp_joint=5.000 5.000 5.000
PARITY Kd_joint=3.000 3.000 3.000
PARITY floating_base_weight=50.000
PARITY control_mode=5.000
-----------------------------------------
| rollout/                |             |
|    ep_len_mean          | 508         |
|    ep_rew_mean          | 19.5        |
| time/                   |             |
|    fps                  | 2162        |
|    iterations           | 185         |
|    time_elapsed         | 11214       |
|    total_timesteps      | 24248320    |
| train/                  |             |
|    adaptive_lr          | 7.59e-05    |
|    approx_kl            | 0.006309429 |
|    clip_fraction        | 0.274       |
|    clip_range           | 0.1         |
|    clip_range_vf        | 0.2         |
|    entropy_loss         | 23.8        |
|    explained_variance   | 0.917       |
|    learning_rate        | 7.59e-05    |
|    loss                 | 0.749       |
|    n_updates            | 1840        |
|    policy_gradient_loss | 3.95e-05    |
|    std                  | 0.0935      |
|    value_loss           | 0.484       |
-----------------------------------------
[HumanoidEnv] Reset state env_id=0 z=0.271 rpy=[-0.002, 0.002, 0.001]
[HumanoidEnv] unhealthy terminate at step=477 z=0.18953 rpy=[2.92997, -0.567188, -0.964482] v_body=[0.0260836, -0.729212, 2.10167]
PARITY max_torque=23.700 23.700 45.430
PARITY contact_mu=0.450
PARITY body_height=0.320
PARITY Kp_body=100.000 100.000 100.000
PARITY Kd_body=30.000 30.000 30.000
PARITY Kp_ori=100.000 100.000 100.000
PARITY Kd_ori=10.000 10.000 10.000
PARITY Kp_foot=550.000 550.000 550.000
PARITY Kd_foot=10.000 10.000 10.000
PARITY Kp_joint=5.000 5.000 5.000
PARITY Kd_joint=3.000 3.000 3.000
PARITY floating_base_weight=50.000
PARITY control_mode=5.000
-----------------------------------------
| rollout/                |             |
|    ep_len_mean          | 474         |
|    ep_rew_mean          | 18.4        |
| time/                   |             |
|    fps                  | 2162        |
|    iterations           | 186         |
|    time_elapsed         | 11273       |
|    total_timesteps      | 24379392    |
| train/                  |             |
|    adaptive_lr          | 7.59e-05    |
|    approx_kl            | 0.006347781 |
|    clip_fraction        | 0.273       |
|    clip_range           | 0.1         |
|    clip_range_vf        | 0.2         |
|    entropy_loss         | 23.7        |
|    explained_variance   | 0.919       |
|    learning_rate        | 7.59e-05    |
|    loss                 | 0.63        |
|    n_updates            | 1850        |
|    policy_gradient_loss | -3.27e-05   |
|    std                  | 0.0938      |
|    value_loss           | 0.464       |
-----------------------------------------
-----------------------------------------
| rollout/                |             |
|    ep_len_mean          | 505         |
|    ep_rew_mean          | 19.6        |
| time/                   |             |
|    fps                  | 2162        |
|    iterations           | 187         |
|    time_elapsed         | 11331       |
|    total_timesteps      | 24510464    |
| train/                  |             |
|    adaptive_lr          | 7.59e-05    |
|    approx_kl            | 0.006328861 |
|    clip_fraction        | 0.273       |
|    clip_range           | 0.1         |
|    clip_range_vf        | 0.2         |
|    entropy_loss         | 23.6        |
|    explained_variance   | 0.916       |
|    learning_rate        | 7.59e-05    |
|    loss                 | 0.644       |
|    n_updates            | 1860        |
|    policy_gradient_loss | 0.000239    |
|    std                  | 0.0941      |
|    value_loss           | 0.475       |
-----------------------------------------
[HumanoidEnv] Reset state env_id=0 z=0.289 rpy=[0.001, -0.001, 0.001]
[HumanoidEnv] unhealthy terminate at step=676 z=0.198781 rpy=[2.2761, 0.0167261, -2.27439] v_body=[-0.750713, -0.430037, 1.26094]
PARITY max_torque=23.700 23.700 45.430
PARITY contact_mu=0.450
PARITY body_height=0.320
PARITY Kp_body=100.000 100.000 100.000
PARITY Kd_body=30.000 30.000 30.000
PARITY Kp_ori=100.000 100.000 100.000
PARITY Kd_ori=10.000 10.000 10.000
PARITY Kp_foot=550.000 550.000 550.000
PARITY Kd_foot=10.000 10.000 10.000
PARITY Kp_joint=5.000 5.000 5.000
PARITY Kd_joint=3.000 3.000 3.000
PARITY floating_base_weight=50.000
PARITY control_mode=5.000
[HumanoidEnv] Reset state env_id=0 z=0.307 rpy=[-0.001, -0.002, 0.000]
[HumanoidEnv] unhealthy terminate at step=354 z=0.19721 rpy=[-0.67963, 0.31254, 0.275424] v_body=[-0.400663, -0.441943, -0.0716445]
PARITY max_torque=23.700 23.700 45.430
PARITY contact_mu=0.450
PARITY body_height=0.320
PARITY Kp_body=100.000 100.000 100.000
PARITY Kd_body=30.000 30.000 30.000
PARITY Kp_ori=100.000 100.000 100.000
PARITY Kd_ori=10.000 10.000 10.000
PARITY Kp_foot=550.000 550.000 550.000
PARITY Kd_foot=10.000 10.000 10.000
PARITY Kp_joint=5.000 5.000 5.000
PARITY Kd_joint=3.000 3.000 3.000
PARITY floating_base_weight=50.000
PARITY control_mode=5.000
------------------------------------------
| rollout/                |              |
|    ep_len_mean          | 489          |
|    ep_rew_mean          | 19.1         |
| time/                   |              |
|    fps                  | 2163         |
|    iterations           | 188          |
|    time_elapsed         | 11390        |
|    total_timesteps      | 24641536     |
| train/                  |              |
|    adaptive_lr          | 7.59e-05     |
|    approx_kl            | 0.0064124344 |
|    clip_fraction        | 0.273        |
|    clip_range           | 0.1          |
|    clip_range_vf        | 0.2          |
|    entropy_loss         | 23.5         |
|    explained_variance   | 0.915        |
|    learning_rate        | 7.59e-05     |
|    loss                 | 0.766        |
|    n_updates            | 1870         |
|    policy_gradient_loss | -1.73e-05    |
|    std                  | 0.0945       |
|    value_loss           | 0.474        |
------------------------------------------
[HumanoidEnv] Reset state env_id=0 z=0.277 rpy=[-0.002, 0.001, 0.001]
[HumanoidEnv] unhealthy terminate at step=493 z=0.197027 rpy=[2.32774, 0.26311, -0.376152] v_body=[-0.156033, 0.0653694, 0.659844]
PARITY max_torque=23.700 23.700 45.430
PARITY contact_mu=0.450
PARITY body_height=0.320
PARITY Kp_body=100.000 100.000 100.000
PARITY Kd_body=30.000 30.000 30.000
PARITY Kp_ori=100.000 100.000 100.000
PARITY Kd_ori=10.000 10.000 10.000
PARITY Kp_foot=550.000 550.000 550.000
PARITY Kd_foot=10.000 10.000 10.000
PARITY Kp_joint=5.000 5.000 5.000
PARITY Kd_joint=3.000 3.000 3.000
PARITY floating_base_weight=50.000
PARITY control_mode=5.000
------------------------------------------
| rollout/                |              |
|    ep_len_mean          | 505          |
|    ep_rew_mean          | 19.4         |
| time/                   |              |
|    fps                  | 2163         |
|    iterations           | 189          |
|    time_elapsed         | 11449        |
|    total_timesteps      | 24772608     |
| train/                  |              |
|    adaptive_lr          | 7.59e-05     |
|    approx_kl            | 0.0063390946 |
|    clip_fraction        | 0.273        |
|    clip_range           | 0.1          |
|    clip_range_vf        | 0.2          |
|    entropy_loss         | 23.4         |
|    explained_variance   | 0.92         |
|    learning_rate        | 7.59e-05     |
|    loss                 | 0.669        |
|    n_updates            | 1880         |
|    policy_gradient_loss | 2.1e-05      |
|    std                  | 0.0948       |
|    value_loss           | 0.444        |
------------------------------------------
[HumanoidEnv] Reset state env_id=0 z=0.284 rpy=[-0.001, -0.000, 0.000]
[HumanoidEnv] unhealthy terminate at step=586 z=0.198861 rpy=[1.15669, -0.178821, 1.20032] v_body=[-1.61719, -0.735195, -0.0897548]
PARITY max_torque=23.700 23.700 45.430
PARITY contact_mu=0.450
PARITY body_height=0.320
PARITY Kp_body=100.000 100.000 100.000
PARITY Kd_body=30.000 30.000 30.000
PARITY Kp_ori=100.000 100.000 100.000
PARITY Kd_ori=10.000 10.000 10.000
PARITY Kp_foot=550.000 550.000 550.000
PARITY Kd_foot=10.000 10.000 10.000
PARITY Kp_joint=5.000 5.000 5.000
PARITY Kd_joint=3.000 3.000 3.000
PARITY floating_base_weight=50.000
PARITY control_mode=5.000
-----------------------------------------
| rollout/                |             |
|    ep_len_mean          | 523         |
|    ep_rew_mean          | 20.1        |
| time/                   |             |
|    fps                  | 2164        |
|    iterations           | 190         |
|    time_elapsed         | 11507       |
|    total_timesteps      | 24903680    |
| train/                  |             |
|    adaptive_lr          | 7.59e-05    |
|    approx_kl            | 0.006429271 |
|    clip_fraction        | 0.271       |
|    clip_range           | 0.1         |
|    clip_range_vf        | 0.2         |
|    entropy_loss         | 23.4        |
|    explained_variance   | 0.919       |
|    learning_rate        | 7.59e-05    |
|    loss                 | 0.734       |
|    n_updates            | 1890        |
|    policy_gradient_loss | 1.74e-05    |
|    std                  | 0.0951      |
|    value_loss           | 0.459       |
-----------------------------------------
[HumanoidEnv] Reset state env_id=0 z=0.285 rpy=[-0.001, -0.001, 0.001]
[HumanoidEnv] unhealthy terminate at step=510 z=0.197613 rpy=[-0.482713, -0.0849903, 0.261034] v_body=[-0.00895211, -0.188953, -0.586212]
PARITY max_torque=23.700 23.700 45.430
PARITY contact_mu=0.450
PARITY body_height=0.320
PARITY Kp_body=100.000 100.000 100.000
PARITY Kd_body=30.000 30.000 30.000
PARITY Kp_ori=100.000 100.000 100.000
PARITY Kd_ori=10.000 10.000 10.000
PARITY Kp_foot=550.000 550.000 550.000
PARITY Kd_foot=10.000 10.000 10.000
PARITY Kp_joint=5.000 5.000 5.000
PARITY Kd_joint=3.000 3.000 3.000
PARITY floating_base_weight=50.000
PARITY control_mode=5.000
-----------------------------------------
| rollout/                |             |
|    ep_len_mean          | 557         |
|    ep_rew_mean          | 21.3        |
| time/                   |             |
|    fps                  | 2164        |
|    iterations           | 191         |
|    time_elapsed         | 11566       |
|    total_timesteps      | 25034752    |
| train/                  |             |
|    adaptive_lr          | 7.59e-05    |
|    approx_kl            | 0.005920411 |
|    clip_fraction        | 0.268       |
|    clip_range           | 0.1         |
|    clip_range_vf        | 0.2         |
|    entropy_loss         | 23.3        |
|    explained_variance   | 0.917       |
|    learning_rate        | 7.59e-05    |
|    loss                 | 0.577       |
|    n_updates            | 1900        |
|    policy_gradient_loss | -2.38e-05   |
|    std                  | 0.0954      |
|    value_loss           | 0.422       |
-----------------------------------------
-----------------------------------------
| rollout/                |             |
|    ep_len_mean          | 524         |
|    ep_rew_mean          | 20.2        |
| time/                   |             |
|    fps                  | 2164        |
|    iterations           | 192         |
|    time_elapsed         | 11625       |
|    total_timesteps      | 25165824    |
| train/                  |             |
|    adaptive_lr          | 7.59e-05    |
|    approx_kl            | 0.006234766 |
|    clip_fraction        | 0.267       |
|    clip_range           | 0.1         |
|    clip_range_vf        | 0.2         |
|    entropy_loss         | 23.2        |
|    explained_variance   | 0.913       |
|    learning_rate        | 7.59e-05    |
|    loss                 | 0.61        |
|    n_updates            | 1910        |
|    policy_gradient_loss | 6.32e-05    |
|    std                  | 0.0957      |
|    value_loss           | 0.465       |
-----------------------------------------
[HumanoidEnv] Reset state env_id=0 z=0.292 rpy=[0.002, -0.002, 0.000]
[HumanoidEnv] unhealthy terminate at step=712 z=0.195636 rpy=[-2.1055, -0.181226, 2.93315] v_body=[1.11035, -0.216955, 0.674303]
PARITY max_torque=23.700 23.700 45.430
PARITY contact_mu=0.450
PARITY body_height=0.320
PARITY Kp_body=100.000 100.000 100.000
PARITY Kd_body=30.000 30.000 30.000
PARITY Kp_ori=100.000 100.000 100.000
PARITY Kd_ori=10.000 10.000 10.000
PARITY Kp_foot=550.000 550.000 550.000
PARITY Kd_foot=10.000 10.000 10.000
PARITY Kp_joint=5.000 5.000 5.000
PARITY Kd_joint=3.000 3.000 3.000
PARITY floating_base_weight=50.000
PARITY control_mode=5.000
------------------------------------------
| rollout/                |              |
|    ep_len_mean          | 556          |
|    ep_rew_mean          | 21.4         |
| time/                   |              |
|    fps                  | 2165         |
|    iterations           | 193          |
|    time_elapsed         | 11683        |
|    total_timesteps      | 25296896     |
| train/                  |              |
|    adaptive_lr          | 7.59e-05     |
|    approx_kl            | 0.0062296335 |
|    clip_fraction        | 0.271        |
|    clip_range           | 0.1          |
|    clip_range_vf        | 0.2          |
|    entropy_loss         | 23.1         |
|    explained_variance   | 0.923        |
|    learning_rate        | 7.59e-05     |
|    loss                 | 0.608        |
|    n_updates            | 1920         |
|    policy_gradient_loss | -0.000322    |
|    std                  | 0.096        |
|    value_loss           | 0.419        |
------------------------------------------
[HumanoidEnv] Reset state env_id=0 z=0.276 rpy=[-0.001, -0.001, 0.001]
[HumanoidEnv] unhealthy terminate at step=601 z=0.193276 rpy=[2.49627, 0.0789162, -3.10525] v_body=[1.49335, -0.176921, 1.42638]
PARITY max_torque=23.700 23.700 45.430
PARITY contact_mu=0.450
PARITY body_height=0.320
PARITY Kp_body=100.000 100.000 100.000
PARITY Kd_body=30.000 30.000 30.000
PARITY Kp_ori=100.000 100.000 100.000
PARITY Kd_ori=10.000 10.000 10.000
PARITY Kp_foot=550.000 550.000 550.000
PARITY Kd_foot=10.000 10.000 10.000
PARITY Kp_joint=5.000 5.000 5.000
PARITY Kd_joint=3.000 3.000 3.000
PARITY floating_base_weight=50.000
PARITY control_mode=5.000
-----------------------------------------
| rollout/                |             |
|    ep_len_mean          | 550         |
|    ep_rew_mean          | 21.2        |
| time/                   |             |
|    fps                  | 2165        |
|    iterations           | 194         |
|    time_elapsed         | 11741       |
|    total_timesteps      | 25427968    |
| train/                  |             |
|    adaptive_lr          | 7.59e-05    |
|    approx_kl            | 0.006090953 |
|    clip_fraction        | 0.269       |
|    clip_range           | 0.1         |
|    clip_range_vf        | 0.2         |
|    entropy_loss         | 23          |
|    explained_variance   | 0.918       |
|    learning_rate        | 7.59e-05    |
|    loss                 | 0.602       |
|    n_updates            | 1930        |
|    policy_gradient_loss | -0.000364   |
|    std                  | 0.0964      |
|    value_loss           | 0.426       |
-----------------------------------------
[HumanoidEnv] Reset state env_id=0 z=0.328 rpy=[0.001, -0.001, 0.000]
[HumanoidEnv] unhealthy terminate at step=439 z=0.197406 rpy=[-1.61993, -0.069521, -0.610506] v_body=[-0.195002, -1.7063, -1.66247]
PARITY max_torque=23.700 23.700 45.430
PARITY contact_mu=0.450
PARITY body_height=0.320
PARITY Kp_body=100.000 100.000 100.000
PARITY Kd_body=30.000 30.000 30.000
PARITY Kp_ori=100.000 100.000 100.000
PARITY Kd_ori=10.000 10.000 10.000
PARITY Kp_foot=550.000 550.000 550.000
PARITY Kd_foot=10.000 10.000 10.000
PARITY Kp_joint=5.000 5.000 5.000
PARITY Kd_joint=3.000 3.000 3.000
PARITY floating_base_weight=50.000
PARITY control_mode=5.000
-----------------------------------------
| rollout/                |             |
|    ep_len_mean          | 561         |
|    ep_rew_mean          | 21.9        |
| time/                   |             |
|    fps                  | 2165        |
|    iterations           | 195         |
|    time_elapsed         | 11800       |
|    total_timesteps      | 25559040    |
| train/                  |             |
|    adaptive_lr          | 7.59e-05    |
|    approx_kl            | 0.006119838 |
|    clip_fraction        | 0.271       |
|    clip_range           | 0.1         |
|    clip_range_vf        | 0.2         |
|    entropy_loss         | 22.9        |
|    explained_variance   | 0.914       |
|    learning_rate        | 7.59e-05    |
|    loss                 | 0.597       |
|    n_updates            | 1940        |
|    policy_gradient_loss | -0.00019    |
|    std                  | 0.0967      |
|    value_loss           | 0.411       |
-----------------------------------------
[HumanoidEnv] Reset state env_id=0 z=0.304 rpy=[0.002, -0.003, -0.000]
[HumanoidEnv] unhealthy terminate at step=524 z=0.192637 rpy=[-1.54839, -0.160218, 1.60666] v_body=[1.68826, -0.119185, 1.5496]
PARITY max_torque=23.700 23.700 45.430
PARITY contact_mu=0.450
PARITY body_height=0.320
PARITY Kp_body=100.000 100.000 100.000
PARITY Kd_body=30.000 30.000 30.000
PARITY Kp_ori=100.000 100.000 100.000
PARITY Kd_ori=10.000 10.000 10.000
PARITY Kp_foot=550.000 550.000 550.000
PARITY Kd_foot=10.000 10.000 10.000
PARITY Kp_joint=5.000 5.000 5.000
PARITY Kd_joint=3.000 3.000 3.000
PARITY floating_base_weight=50.000
PARITY control_mode=5.000
------------------------------------------
| rollout/                |              |
|    ep_len_mean          | 571          |
|    ep_rew_mean          | 22.2         |
| time/                   |              |
|    fps                  | 2165         |
|    iterations           | 196          |
|    time_elapsed         | 11862        |
|    total_timesteps      | 25690112     |
| train/                  |              |
|    adaptive_lr          | 7.59e-05     |
|    approx_kl            | 0.0059001376 |
|    clip_fraction        | 0.267        |
|    clip_range           | 0.1          |
|    clip_range_vf        | 0.2          |
|    entropy_loss         | 22.9         |
|    explained_variance   | 0.919        |
|    learning_rate        | 7.59e-05     |
|    loss                 | 0.619        |
|    n_updates            | 1950         |
|    policy_gradient_loss | -0.00027     |
|    std                  | 0.0971       |
|    value_loss           | 0.408        |
------------------------------------------
[HumanoidEnv] Reset state env_id=0 z=0.303 rpy=[0.000, -0.001, 0.000]
[HumanoidEnv] unhealthy terminate at step=661 z=0.191395 rpy=[1.87476, -0.26903, -0.0922641] v_body=[1.72264, 1.10868, -0.0265945]
PARITY max_torque=23.700 23.700 45.430
PARITY contact_mu=0.450
PARITY body_height=0.320
PARITY Kp_body=100.000 100.000 100.000
PARITY Kd_body=30.000 30.000 30.000
PARITY Kp_ori=100.000 100.000 100.000
PARITY Kd_ori=10.000 10.000 10.000
PARITY Kp_foot=550.000 550.000 550.000
PARITY Kd_foot=10.000 10.000 10.000
PARITY Kp_joint=5.000 5.000 5.000
PARITY Kd_joint=3.000 3.000 3.000
PARITY floating_base_weight=50.000
PARITY control_mode=5.000
------------------------------------------
| rollout/                |              |
|    ep_len_mean          | 571          |
|    ep_rew_mean          | 21.9         |
| time/                   |              |
|    fps                  | 2165         |
|    iterations           | 197          |
|    time_elapsed         | 11923        |
|    total_timesteps      | 25821184     |
| train/                  |              |
|    adaptive_lr          | 7.59e-05     |
|    approx_kl            | 0.0060879206 |
|    clip_fraction        | 0.265        |
|    clip_range           | 0.1          |
|    clip_range_vf        | 0.2          |
|    entropy_loss         | 22.8         |
|    explained_variance   | 0.918        |
|    learning_rate        | 7.59e-05     |
|    loss                 | 0.615        |
|    n_updates            | 1960         |
|    policy_gradient_loss | -0.000252    |
|    std                  | 0.0974       |
|    value_loss           | 0.42         |
------------------------------------------
