Gym has been unmaintained since 2022 and does not support NumPy 2.0 amongst other critical functionality.
Please upgrade to Gymnasium, the maintained drop-in replacement of Gym, or contact the authors of your software and request that they upgrade.
Users of this version of Gym should be able to simply replace 'import gym' with 'import gymnasium as gym' in the vast majority of cases.
See the migration guide at https://gymnasium.farama.org/introduction/migration_guide/ for additional information.
Logging to data/beta3/20260825_stage3
INFO:root:Experiment: quadruped_ppo_experiment
INFO:root:Using EnvPool for environment Humanoid-v4 with 256 envs. Seed: 0
[0;33m[WW] ModuleManager: CHANGING UPDATE PERIOD: ![0m
[0;33m[WW] ModuleManager: CHANGING UPDATE PERIOD: ![0m
[0;33m[WW] ModuleManager: CHANGING UPDATE PERIOD: ![0m
[0;33m[WW] ModuleManager: CHANGING UPDATE PERIOD: ![0m
[0;33m[WW] ModuleManager: CHANGING UPDATE PERIOD: ![0m
[0;33m[WW] ModuleManager: CHANGING UPDATE PERIOD: ![0m
[0;33m[WW] ModuleManager: CHANGING UPDATE PERIOD: ![0m
[0;33m[WW] ModuleManager: CHANGING UPDATE PERIOD: ![0m
[0;33m[WW] ModuleManager: CHANGING UPDATE PERIOD: ![0m
[0;33m[WW] ModuleManager: CHANGING UPDATE PERIOD: ![0m
[0;33m[WW] ModuleManager: CHANGING UPDATE PERIOD: ![0m
[0;33m[WW] ModuleManager: CHANGING UPDATE PERIOD: ![0m
[0;33m[WW] ModuleManager: CHANGING UPDATE PERIOD: ![0m
[0;33m[WW] ModuleManager: CHANGING UPDATE PERIOD: ![0m
[0;33m[WW] ModuleManager: CHANGING UPDATE PERIOD: ![0m
[0;33m[WW] ModuleManager: CHANGING UPDATE PERIOD: ![0m
[0;33m[WW] ModuleManager: CHANGING UPDATE PERIOD: ![0m
[0;33m[WW] ModuleManager: CHANGING UPDATE PERIOD: ![0m
[0;33m[WW] ModuleManager: CHANGING UPDATE PERIOD: ![0m
[0;33m[WW] ModuleManager: CHANGING UPDATE PERIOD: ![0m
[0;33m[WW] ModuleManager: CHANGING UPDATE PERIOD: ![0m
[0;33m[WW] ModuleManager: CHANGING UPDATE PERIOD: ![0m
[0;33m[WW] ModuleManager: CHANGING UPDATE PERIOD: ![0m
[0;33m[WW] ModuleManager: CHANGING UPDATE PERIOD: ![0m
[0;33m[WW] ModuleManager: CHANGING UPDATE PERIOD: ![0m
[0;33m[WW] ModuleManager: CHANGING UPDATE PERIOD: ![0m
[0;33m[WW] ModuleManager: CHANGING UPDATE PERIOD: ![0m
[0;33m[WW] ModuleManager: CHANGING UPDATE PERIOD: ![0m
[0;33m[WW] ModuleManager: CHANGING UPDATE PERIOD: ![0m
[0;33m[WW] ModuleManager: CHANGING UPDATE PERIOD: ![0m
[0;33m[WW] ModuleManager: CHANGING UPDATE PERIOD: ![0m
[0;33m[WW] ModuleManager: CHANGING UPDATE PERIOD: ![0m
[0;33m[WW] ModuleManager: CHANGING UPDATE PERIOD: ![0m
[0;33m[WW] ModuleManager: CHANGING UPDATE PERIOD: ![0m
[0;33m[WW] ModuleManager: CHANGING UPDATE PERIOD: ![0m
[0;33m[WW] ModuleManager: CHANGING UPDATE PERIOD: ![0m
[0;33m[WW] ModuleManager: CHANGING UPDATE PERIOD: ![0m
[0;33m[WW] ModuleManager: CHANGING UPDATE PERIOD: ![0m
[0;33m[WW] ModuleManager: CHANGING UPDATE PERIOD: ![0m
[0;33m[WW] ModuleManager: CHANGING UPDATE PERIOD: ![0m
[0;33m[WW] ModuleManager: CHANGING UPDATE PERIOD: ![0m
[0;33m[WW] ModuleManager: CHANGING UPDATE PERIOD: ![0m
[0;33m[WW] ModuleManager: CHANGING UPDATE PERIOD: ![0m
[0;33m[WW] ModuleManager: CHANGING UPDATE PERIOD: ![0m
[0;33m[WW] ModuleManager: CHANGING UPDATE PERIOD: ![0m
[0;33m[WW] ModuleManager: CHANGING UPDATE PERIOD: ![0m
[0;33m[WW] ModuleManager: CHANGING UPDATE PERIOD: ![0m
[0;33m[WW] ModuleManager: CHANGING UPDATE PERIOD: ![0m
[0;33m[WW] ModuleManager: CHANGING UPDATE PERIOD: ![0m
[0;33m[WW] ModuleManager: CHANGING UPDATE PERIOD: ![0m
[0;33m[WW] ModuleManager: CHANGING UPDATE PERIOD: ![0m
[0;33m[WW] ModuleManager: CHANGING UPDATE PERIOD: ![0m
[0;33m[WW] ModuleManager: CHANGING UPDATE PERIOD: ![0m
[0;33m[WW] ModuleManager: CHANGING UPDATE PERIOD: ![0m
[0;33m[WW] ModuleManager: CHANGING UPDATE PERIOD: ![0m
[0;33m[WW] ModuleManager: CHANGING UPDATE PERIOD: ![0m
[0;33m[WW] ModuleManager: CHANGING UPDATE PERIOD: ![0m
[0;33m[WW] ModuleManager: CHANGING UPDATE PERIOD: ![0m
[0;33m[WW] ModuleManager: CHANGING UPDATE PERIOD: ![0m
[0;33m[WW] ModuleManager: CHANGING UPDATE PERIOD: ![0m
[0;33m[WW] ModuleManager: CHANGING UPDATE PERIOD: ![0m
[0;33m[WW] ModuleManager: CHANGING UPDATE PERIOD: ![0m
[0;33m[WW] ModuleManager: CHANGING UPDATE PERIOD: ![0m
[0;33m[WW] ModuleManager: CHANGING UPDATE PERIOD: ![0m
[0;33m[WW] ModuleManager: CHANGING UPDATE PERIOD: ![0m
[0;33m[WW] ModuleManager: CHANGING UPDATE PERIOD: ![0m
[0;33m[WW] ModuleManager: CHANGING UPDATE PERIOD: ![0m
[0;33m[WW] ModuleManager: CHANGING UPDATE PERIOD: ![0m
[0;33m[WW] ModuleManager: CHANGING UPDATE PERIOD: ![0m
[0;33m[WW] ModuleManager: CHANGING UPDATE PERIOD: ![0m
[0;33m[WW] ModuleManager: CHANGING UPDATE PERIOD: ![0m
[0;33m[WW] ModuleManager: CHANGING UPDATE PERIOD: ![0m
[0;33m[WW] ModuleManager: CHANGING UPDATE PERIOD: ![0m
[0;33m[WW] ModuleManager: CHANGING UPDATE PERIOD: ![0m
initHardware(SIM): Initializing hardware components...
initHardware(SIM): Initializing hardware components...
initHardware(SIM): Initializing hardware components...
initHardware(SIM): Initializing hardware components...
initHardware(SIM): Initializing hardware components...
initHardware(SIM): Initializing hardware components...
initHardware(SIM): Initializing hardware components...
initHardware(SIM): Initializing hardware components...
initHardware(SIM): Initializing hardware components...
initHardware(SIM): Initializing hardware components...
initHardware(SIM): Initializing hardware components...
initHardware(SIM): Initializing hardware components...
initHardware(SIM): Initializing hardware components...
initHardware(SIM): Initializing hardware components...
initHardware(SIM): Initializing hardware components...
initHardware(SIM): Initializing hardware components...
initHardware(SIM): Initializing hardware components...
initHardware(SIM): Initializing hardware components...
initHardware(SIM): Initializing hardware components...
initHardware(SIM): Initializing hardware components...
initHardware(SIM): Initializing hardware components...
initHardware(SIM): Initializing hardware components...
initHardware(SIM): Initializing hardware components...
initHardware(SIM): Initializing hardware components...
initHardware(SIM): Initializing hardware components...
initHardware(SIM): Initializing hardware components...
initHardware(SIM): Initializing hardware components...
initHardware(SIM): Initializing hardware components...
initHardware(SIM): Initializing hardware components...
initHardware(SIM): Initializing hardware components...
initHardware(SIM): Initializing hardware components...
initHardware(SIM): Initializing hardware components...
initHardware(SIM): Initializing hardware components...
initHardware(SIM): Initializing hardware components...
initHardware(SIM): Initializing hardware components...
initHardware(SIM): Initializing hardware components...
initHardware(SIM): Initializing hardware components...
initHardware(SIM): Initializing hardware components...
initHardware(SIM): Initializing hardware components...
initHardware(SIM): Initializing hardware components...
initHardware(SIM): Initializing hardware components...
initHardware(SIM): Initializing hardware components...
initHardware(SIM): Initializing hardware components...
initHardware(SIM): Initializing hardware components...
initHardware(SIM): Initializing hardware components...
initHardware(SIM): Initializing hardware components...
initHardware(SIM): Initializing hardware components...
initHardware(SIM): Initializing hardware components...
initHardware(SIM): Initializing hardware components...
initHardware(SIM): Initializing hardware components...
initHardware(SIM): Initializing hardware components...
initHardware(SIM): Initializing hardware components...
initHardware(SIM): Initializing hardware components...
initHardware(SIM): Initializing hardware components...
initHardware(SIM): Initializing hardware components...
initHardware(SIM): Initializing hardware components...
initHardware(SIM): Initializing hardware components...
initHardware(SIM): Initializing hardware components...
initHardware(SIM): Initializing hardware components...
initHardware(SIM): Initializing hardware components...
initHardware(SIM): Initializing hardware components...
initHardware(SIM): Initializing hardware components...
initHardware(SIM): Initializing hardware components...
initHardware(SIM): Initializing hardware components...
initHardware(SIM): Initializing hardware components...
initHardware(SIM): Initializing hardware components...
initHardware(SIM): Initializing hardware components...
initHardware(SIM): Initializing hardware components...
initHardware(SIM): Initializing hardware components...
initHardware(SIM): Initializing hardware components...
initHardware(SIM): Initializing hardware components...
initHardware(SIM): Initializing hardware components...
initHardware(SIM): Initializing hardware components...
initHardware(SIM): Initializing hardware components...
initHardware(SIM): Initial[0;33m[WW] ModuleManager: CHANGING UPDATE PERIOD: ![0m
[0;33m[WW] ModuleManager: CHANGING UPDATE PERIOD: ![0m
[0;33m[WW] ModuleManager: CHANGING UPDATE PERIOD: ![0m
[0;33m[WW] ModuleManager: CHANGING UPDATE PERIOD: ![0m
[0;33m[WW] ModuleManager: CHANGING UPDATE PERIOD: ![0m
[0;33m[WW] ModuleManager: CHANGING UPDATE PERIOD: ![0m
[0;33m[WW] ModuleManager: CHANGING UPDATE PERIOD: ![0m
[0;33m[WW] ModuleManager: CHANGING UPDATE PERIOD: ![0m
[0;33m[WW] ModuleManager: CHANGING UPDATE PERIOD: ![0m
[0;33m[WW] ModuleManager: CHANGING UPDATE PERIOD: ![0m
[0;33m[WW] ModuleManager: CHANGING UPDATE PERIOD: ![0m
[0;33m[WW] ModuleManager: CHANGING UPDATE PERIOD: ![0m
[0;33m[WW] ModuleManager: CHANGING UPDATE PERIOD: ![0m
[0;33m[WW] ModuleManager: CHANGING UPDATE PERIOD: ![0m
[0;33m[WW] ModuleManager: CHANGING UPDATE PERIOD: ![0m
[0;33m[WW] ModuleManager: CHANGING UPDATE PERIOD: ![0m
[0;33m[WW] ModuleManager: CHANGING UPDATE PERIOD: ![0m
[0;33m[WW] ModuleManager: CHANGING UPDATE PERIOD: ![0m
[0;33m[WW] ModuleManager: CHANGING UPDATE PERIOD: ![0m
[0;33m[WW] ModuleManager: CHANGING UPDATE PERIOD: ![0m
[0;33m[WW] ModuleManager: CHANGING UPDATE PERIOD: ![0m
[0;33m[WW] ModuleManager: CHANGING UPDATE PERIOD: ![0m
[0;33m[WW] ModuleManager: CHANGING UPDATE PERIOD: ![0m
[0;33m[WW] ModuleManager: CHANGING UPDATE PERIOD: ![0m
[0;33m[WW] ModuleManager: CHANGING UPDATE PERIOD: ![0m
[0;33m[WW] ModuleManager: CHANGING UPDATE PERIOD: ![0m
[0;33m[WW] ModuleManager: CHANGING UPDATE PERIOD: ![0m
[0;33m[WW] ModuleManager: CHANGING UPDATE PERIOD: ![0m
[0;33m[WW] ModuleManager: CHANGING UPDATE PERIOD: ![0m
[0;33m[WW] ModuleManager: CHANGING UPDATE PERIOD: ![0m
[0;33m[WW] ModuleManager: CHANGING UPDATE PERIOD: ![0m
[0;33m[WW] ModuleManager: CHANGING UPDATE PERIOD: ![0m
[0;33m[WW] ModuleManager: CHANGING UPDATE PERIOD: ![0m
[0;33m[WW] ModuleManager: CHANGING UPDATE PERIOD: ![0m
[0;33m[WW] ModuleManager: CHANGING UPDATE PERIOD: ![0m
[0;33m[WW] ModuleManager: CHANGING UPDATE PERIOD: ![0m
[0;33m[WW] ModuleManager: CHANGING UPDATE PERIOD: ![0m
[0;33m[WW] ModuleManager: CHANGING UPDATE PERIOD: ![0m
[0;33m[WW] ModuleManager: CHANGING UPDATE PERIOD: ![0m
[0;33m[WW] ModuleManager: CHANGING UPDATE PERIOD: ![0m
[0;33m[WW] ModuleManager: CHANGING UPDATE PERIOD: ![0m
[0;33m[WW] ModuleManager: CHANGING UPDATE PERIOD: ![0m
[0;33m[WW] ModuleManager: CHANGING UPDATE PERIOD: ![0m
[0;33m[WW] ModuleManager: CHANGING UPDATE PERIOD: ![0m
[0;33m[WW] ModuleManager: CHANGING UPDATE PERIOD: ![0m
[0;33m[WW] ModuleManager: CHANGING UPDATE PERIOD: ![0m
[0;33m[WW] ModuleManager: CHANGING UPDATE PERIOD: ![0m
[0;33m[WW] ModuleManager: CHANGING UPDATE PERIOD: ![0m
[0;33m[WW] ModuleManager: CHANGING UPDATE PERIOD: ![0m
[0;33m[WW] ModuleManager: CHANGING UPDATE PERIOD: ![0m
[0;33m[WW] ModuleManager: CHANGING UPDATE PERIOD: ![0m
[0;33m[WW] ModuleManager: CHANGING UPDATE PERIOD: ![0m
[0;33m[WW] ModuleManager: CHANGING UPDATE PERIOD: ![0m
[0;33m[WW] ModuleManager: CHANGING UPDATE PERIOD: ![0m
[0;33m[WW] ModuleManager: CHANGING UPDATE PERIOD: ![0m
[0;33m[WW] ModuleManager: CHANGING UPDATE PERIOD: ![0m
[0;33m[WW] ModuleManager: CHANGING UPDATE PERIOD: ![0m
[0;33m[WW] ModuleManager: CHANGING UPDATE PERIOD: ![0m
[0;33m[WW] ModuleManager: CHANGING UPDATE PERIOD: ![0m
[0;33m[WW] ModuleManager: CHANGING UPDATE PERIOD: ![0m
[0;33m[WW] ModuleManager: CHANGING UPDATE PERIOD: ![0m
[0;33m[WW] ModuleManager: CHANGING UPDATE PERIOD: ![0m
[0;33m[WW] ModuleManager: CHANGING UPDATE PERIOD: ![0m
[0;33m[WW] ModuleManager: CHANGING UPDATE PERIOD: ![0m
[0;33m[WW] ModuleManager: CHANGING UPDATE PERIOD: ![0m
[0;33m[WW] ModuleManager: CHANGING UPDATE PERIOD: ![0m
[0;33m[WW] ModuleManager: CHANGING UPDATE PERIOD: ![0m
[0;33m[WW] ModuleManager: CHANGING UPDATE PERIOD: ![0m
[0;33m[WW] ModuleManager: CHANGING UPDATE PERIOD: ![0m
[0;33m[WW] ModuleManager: CHANGING UPDATE PERIOD: ![0m
[0;33m[WW] ModuleManager: CHANGING UPDATE PERIOD: ![0m
[0;33m[WW] ModuleManager: CHANGING UPDATE PERIOD: ![0m
[0;33m[WW] ModuleManager: CHANGING UPDATE PERIOD: ![0m
[0;33m[WW] ModuleManager: CHANGING UPDATE PERIOD: ![0m
izing hardware components...
initHardware(SIM): Initializing hardware components...
initHardware(SIM): Initializing hardware components...
initHardware(SIM): Initializing hardware components...
initHardware(SIM): Initializing hardware components...
initHardware(SIM): Initializing hardware components...
initHardware(SIM): Initializing hardware components...
initHardware(SIM): Initializing hardware components...
initHardware(SIM): Initializing hardware components...
initHardware(SIM): Initializing hardware components...
initHardware(SIM): Initializing hardware components...
initHardware(SIM): Initializing hardware components...
initHardware(SIM): Initializing hardware components...
initHardware(SIM): Initializing hardware components...
initHardware(SIM): Initializing hardware components...
initHardware(SIM): Initializing hardware components...
initHardware(SIM): Initializing hardware components...
initHardware(SIM): Initializing hardware components...
initHardware(SIM): Initializing hardware components...
initHardware(SIM): Initializing hardware components...
initHardware(SIM): Initializing hardware components...
initHardware(SIM): Initializing hardware components...
initHardware(SIM): Initializing hardware components...
initHardware(SIM): Initializing hardware components...
initHardware(SIM): Initializing hardware components...
initHardware(SIM): Initializing hardware components...
initHardware(SIM): Initializing hardware components...
initHardware(SIM): Initializing hardware components...
initHardware(SIM): Initializing hardware components...
initHardware(SIM): Initializing hardware components...
initHardware(SIM): Initializing hardware components...
initHardware(SIM): Initializing hardware components...
initHardware(SIM): Initializing hardware components...
initHardware(SIM): Initializing hardware components...
initHardware(SIM): Initializing hardware components...
initHardware(SIM): Initializing hardware components...
initHardware(SIM): Initializing hardware components...
initHardware(SIM): Initializing hardware components...
initHardware(SIM): Initializing hardware components...
initHardware(SIM): Initializing hardware components...
initHardware(SIM): Initializing hardware components...
initHardware(SIM): Initializing hardware components...
initHardware(SIM): Initializing hardware components...
initHardware(SIM): Initializing hardware components...
initHardware(SIM): Initializing hardware components...
initHardware(SIM): Initializing hardware components...
initHardware(SIM): Initializing hardware components...
initHardware(SIM): Initializing hardware components...
initHardware(SIM): Initializing hardware components...
initHardware(SIM): Initializing hardware components...
initHardware(SIM): Initializing hardware components...
initHardware(SIM): Initializing hardware components...
initHardware(SIM): Initializing hardware components...
initHardware(SIM): Initializing hardware components...
initHardware(SIM): Initializing hardware components...
initHardware(SIM): Initializing hardware components...
initHardware(SIM): Initializing hardware components...
initHardware(SIM): Initializing hardware components...
initHardware(SIM): Initializing hardware components...
initHardware(SIM): Initializing hardware components...
initHardware(SIM): Initializing hardware components...
initHardware(SIM): Initializing hardware components...
initHardware(SIM): Initializing hardware components...
initHardware(SIM): Initializing hardware components...
initHardware(SIM): Initializing hardware components...
initHardware(SIM): Initializing hardware components...
initHardware(SIM): Initializing hardware components...
initHardware(SIM): Initializing hardware components...
initHardware(SIM): Initializing hardware components...
initHardware(SIM): Initializing hardware components...
initHardware(SIM): Initializing hardware components...
initHardware(SIM): Initializing hardware components...
initHardware(SIM): Initializing hardware components...
initHardware(SIM): Initializing hardware components...
initHardware(SIM): Initializing hardware components.[0;33m[WW] ModuleManager: CHANGING UPDATE PERIOD: ![0m
[0;33m[WW] ModuleManager: CHANGING UPDATE PERIOD: ![0m
[0;33m[WW] ModuleManager: CHANGING UPDATE PERIOD: ![0m
[0;33m[WW] ModuleManager: CHANGING UPDATE PERIOD: ![0m
[0;33m[WW] ModuleManager: CHANGING UPDATE PERIOD: ![0m
[0;33m[WW] ModuleManager: CHANGING UPDATE PERIOD: ![0m
[0;33m[WW] ModuleManager: CHANGING UPDATE PERIOD: ![0m
[0;33m[WW] ModuleManager: CHANGING UPDATE PERIOD: ![0m
[0;33m[WW] ModuleManager: CHANGING UPDATE PERIOD: ![0m
[0;33m[WW] ModuleManager: CHANGING UPDATE PERIOD: ![0m
[0;33m[WW] ModuleManager: CHANGING UPDATE PERIOD: ![0m
[0;33m[WW] ModuleManager: CHANGING UPDATE PERIOD: ![0m
[0;33m[WW] ModuleManager: CHANGING UPDATE PERIOD: ![0m
[0;33m[WW] ModuleManager: CHANGING UPDATE PERIOD: ![0m
[0;33m[WW] ModuleManager: CHANGING UPDATE PERIOD: ![0m
[0;33m[WW] ModuleManager: CHANGING UPDATE PERIOD: ![0m
[0;33m[WW] ModuleManager: CHANGING UPDATE PERIOD: ![0m
[0;33m[WW] ModuleManager: CHANGING UPDATE PERIOD: ![0m
[0;33m[WW] ModuleManager: CHANGING UPDATE PERIOD: ![0m
[0;33m[WW] ModuleManager: CHANGING UPDATE PERIOD: ![0m
[0;33m[WW] ModuleManager: CHANGING UPDATE PERIOD: ![0m
[0;33m[WW] ModuleManager: CHANGING UPDATE PERIOD: ![0m
[0;33m[WW] ModuleManager: CHANGING UPDATE PERIOD: ![0m
[0;33m[WW] ModuleManager: CHANGING UPDATE PERIOD: ![0m
[0;33m[WW] ModuleManager: CHANGING UPDATE PERIOD: ![0m
[0;33m[WW] ModuleManager: CHANGING UPDATE PERIOD: ![0m
[0;33m[WW] ModuleManager: CHANGING UPDATE PERIOD: ![0m
[0;33m[WW] ModuleManager: CHANGING UPDATE PERIOD: ![0m
[0;33m[WW] ModuleManager: CHANGING UPDATE PERIOD: ![0m
[0;33m[WW] ModuleManager: CHANGING UPDATE PERIOD: ![0m
[0;33m[WW] ModuleManager: CHANGING UPDATE PERIOD: ![0m
[0;33m[WW] ModuleManager: CHANGING UPDATE PERIOD: ![0m
[0;33m[WW] ModuleManager: CHANGING UPDATE PERIOD: ![0m
[0;33m[WW] ModuleManager: CHANGING UPDATE PERIOD: ![0m
[0;33m[WW] ModuleManager: CHANGING UPDATE PERIOD: ![0m
[0;33m[WW] ModuleManager: CHANGING UPDATE PERIOD: ![0m
[0;33m[WW] ModuleManager: CHANGING UPDATE PERIOD: ![0m
[0;33m[WW] ModuleManager: CHANGING UPDATE PERIOD: ![0m
[0;33m[WW] ModuleManager: CHANGING UPDATE PERIOD: ![0m
[0;33m[WW] ModuleManager: CHANGING UPDATE PERIOD: ![0m
[0;33m[WW] ModuleManager: CHANGING UPDATE PERIOD: ![0m
[0;33m[WW] ModuleManager: CHANGING UPDATE PERIOD: ![0m
[0;33m[WW] ModuleManager: CHANGING UPDATE PERIOD: ![0m
[0;33m[WW] ModuleManager: CHANGING UPDATE PERIOD: ![0m
[0;33m[WW] ModuleManager: CHANGING UPDATE PERIOD: ![0m
[0;33m[WW] ModuleManager: CHANGING UPDATE PERIOD: ![0m
[0;33m[WW] ModuleManager: CHANGING UPDATE PERIOD: ![0m
[0;33m[WW] ModuleManager: CHANGING UPDATE PERIOD: ![0m
[0;33m[WW] ModuleManager: CHANGING UPDATE PERIOD: ![0m
[0;33m[WW] ModuleManager: CHANGING UPDATE PERIOD: ![0m
[0;33m[WW] ModuleManager: CHANGING UPDATE PERIOD: ![0m
[0;33m[WW] ModuleManager: CHANGING UPDATE PERIOD: ![0m
[0;33m[WW] ModuleManager: CHANGING UPDATE PERIOD: ![0m
[0;33m[WW] ModuleManager: CHANGING UPDATE PERIOD: ![0m
[0;33m[WW] ModuleManager: CHANGING UPDATE PERIOD: ![0m
[0;33m[WW] ModuleManager: CHANGING UPDATE PERIOD: ![0m
[0;33m[WW] ModuleManager: CHANGING UPDATE PERIOD: ![0m
[0;33m[WW] ModuleManager: CHANGING UPDATE PERIOD: ![0m
[0;33m[WW] ModuleManager: CHANGING UPDATE PERIOD: ![0m
[0;33m[WW] ModuleManager: CHANGING UPDATE PERIOD: ![0m
[0;33m[WW] ModuleManager: CHANGING UPDATE PERIOD: ![0m
[0;33m[WW] ModuleManager: CHANGING UPDATE PERIOD: ![0m
[0;33m[WW] ModuleManager: CHANGING UPDATE PERIOD: ![0m
[0;33m[WW] ModuleManager: CHANGING UPDATE PERIOD: ![0m
[0;33m[WW] ModuleManager: CHANGING UPDATE PERIOD: ![0m
[0;33m[WW] ModuleManager: CHANGING UPDATE PERIOD: ![0m
[0;33m[WW] ModuleManager: CHANGING UPDATE PERIOD: ![0m
[0;33m[WW] ModuleManager: CHANGING UPDATE PERIOD: ![0m
[0;33m[WW] ModuleManager: CHANGING UPDATE PERIOD: ![0m
[0;33m[WW] ModuleManager: CHANGING UPDATE PERIOD: ![0m
[0;33m[WW] ModuleManager: CHANGING UPDATE PERIOD: ![0m
[0;33m[WW] ModuleManager: CHANGING UPDATE PERIOD: ![0m
[0;33m[WW] ModuleManager: CHANGING UPDATE PERIOD: ![0m
[0;33m[WW] ModuleManager: CHANGING UPDATE PERIOD: ![0m
[0;33m[WW] ModuleManager: CHANGING UPDATE PERIOD: ![0m
..
initHardware(SIM): Initializing hardware components...
initHardware(SIM): Initializing hardware components...
initHardware(SIM): Initializing hardware components...
initHardware(SIM): Initializing hardware components...
initHardware(SIM): Initializing hardware components...
initHardware(SIM): Initializing hardware components...
initHardware(SIM): Initializing hardware components...
initHardware(SIM): Initializing hardware components...
initHardware(SIM): Initializing hardware components...
initHardware(SIM): Initializing hardware components...
initHardware(SIM): Initializing hardware components...
initHardware(SIM): Initializing hardware components...
initHardware(SIM): Initializing hardware components...
initHardware(SIM): Initializing hardware components...
initHardware(SIM): Initializing hardware components...
initHardware(SIM): Initializing hardware components...
initHardware(SIM): Initializing hardware components...
initHardware(SIM): Initializing hardware components...
initHardware(SIM): Initializing hardware components...
initHardware(SIM): Initializing hardware components...
initHardware(SIM): Initializing hardware components...
initHardware(SIM): Initializing hardware components...
initHardware(SIM): Initializing hardware components...
initHardware(SIM): Initializing hardware components...
initHardware(SIM): Initializing hardware components...
initHardware(SIM): Initializing hardware components...
initHardware(SIM): Initializing hardware components...
initHardware(SIM): Initializing hardware components...
initHardware(SIM): Initializing hardware components...
initHardware(SIM): Initializing hardware components...
initHardware(SIM): Initializing hardware components...
initHardware(SIM): Initializing hardware components...
initHardware(SIM): Initializing hardware components...
initHardware(SIM): Initializing hardware components...
initHardware(SIM): Initializing hardware components...
initHardware(SIM): Initializing hardware components...
initHardware(SIM): Initializing hardware components...
initHardware(SIM): Initializing hardware components...
initHardware(SIM): Initializing hardware components...
initHardware(SIM): Initializing hardware components...
initHardware(SIM): Initializing hardware components...
initHardware(SIM): Initializing hardware components...
initHardware(SIM): Initializing hardware components...
initHardware(SIM): Initializing hardware components...
initHardware(SIM): Initializing hardware components...
initHardware(SIM): Initializing hardware components...
initHardware(SIM): Initializing hardware components...
initHardware(SIM): Initializing hardware components...
initHardware(SIM): Initializing hardware components...
initHardware(SIM): Initializing hardware components...
initHardware(SIM): Initializing hardware components...
initHardware(SIM): Initializing hardware components...
initHardware(SIM): Initializing hardware components...
initHardware(SIM): Initializing hardware components...
initHardware(SIM): Initializing hardware components...
initHardware(SIM): Initializing hardware components...
initHardware(SIM): Initializing hardware components...
initHardware(SIM): Initializing hardware components...
initHardware(SIM): Initializing hardware components...
initHardware(SIM): Initializing hardware components...
initHardware(SIM): Initializing hardware components...
initHardware(SIM): Initializing hardware components...
initHardware(SIM): Initializing hardware components...
initHardware(SIM): Initializing hardware components...
initHardware(SIM): Initializing hardware components...
initHardware(SIM): Initializing hardware components...
initHardware(SIM): Initializing hardware components...
initHardware(SIM): Initializing hardware components...
initHardware(SIM): Initializing hardware components...
initHardware(SIM): Initializing hardware components...
initHardware(SIM): Initializing hardware components...
initHardware(SIM): Initializing hardware components...
initHardware(SIM): Initializing hardware components...
initHardware(SIM): Initializing hardware components...
initHardware(SIM): Init[0;33m[WW] ModuleManager: CHANGING UPDATE PERIOD: ![0m
[0;33m[WW] ModuleManager: CHANGING UPDATE PERIOD: ![0m
[0;33m[WW] ModuleManager: CHANGING UPDATE PERIOD: ![0m
[0;33m[WW] ModuleManager: CHANGING UPDATE PERIOD: ![0m
[0;33m[WW] ModuleManager: CHANGING UPDATE PERIOD: ![0m
[0;33m[WW] ModuleManager: CHANGING UPDATE PERIOD: ![0m
[0;33m[WW] ModuleManager: CHANGING UPDATE PERIOD: ![0m
[0;33m[WW] ModuleManager: CHANGING UPDATE PERIOD: ![0m
[0;33m[WW] ModuleManager: CHANGING UPDATE PERIOD: ![0m
[0;33m[WW] ModuleManager: CHANGING UPDATE PERIOD: ![0m
[0;33m[WW] ModuleManager: CHANGING UPDATE PERIOD: ![0m
[0;33m[WW] ModuleManager: CHANGING UPDATE PERIOD: ![0m
[0;33m[WW] ModuleManager: CHANGING UPDATE PERIOD: ![0m
[0;33m[WW] ModuleManager: CHANGING UPDATE PERIOD: ![0m
[0;33m[WW] ModuleManager: CHANGING UPDATE PERIOD: ![0m
[0;33m[WW] ModuleManager: CHANGING UPDATE PERIOD: ![0m
[0;33m[WW] ModuleManager: CHANGING UPDATE PERIOD: ![0m
[0;33m[WW] ModuleManager: CHANGING UPDATE PERIOD: ![0m
[0;33m[WW] ModuleManager: CHANGING UPDATE PERIOD: ![0m
[0;33m[WW] ModuleManager: CHANGING UPDATE PERIOD: ![0m
[0;33m[WW] ModuleManager: CHANGING UPDATE PERIOD: ![0m
[0;33m[WW] ModuleManager: CHANGING UPDATE PERIOD: ![0m
[0;33m[WW] ModuleManager: CHANGING UPDATE PERIOD: ![0m
[0;33m[WW] ModuleManager: CHANGING UPDATE PERIOD: ![0m
[0;33m[WW] ModuleManager: CHANGING UPDATE PERIOD: ![0m
[0;33m[WW] ModuleManager: CHANGING UPDATE PERIOD: ![0m
[0;33m[WW] ModuleManager: CHANGING UPDATE PERIOD: ![0m
[0;33m[WW] ModuleManager: CHANGING UPDATE PERIOD: ![0m
[0;33m[WW] ModuleManager: CHANGING UPDATE PERIOD: ![0m
[0;33m[WW] ModuleManager: CHANGING UPDATE PERIOD: ![0m
[0;33m[WW] ModuleManager: CHANGING UPDATE PERIOD: ![0m
[0;33m[WW] ModuleManager: CHANGING UPDATE PERIOD: ![0m
[0;33m[WW] ModuleManager: CHANGING UPDATE PERIOD: ![0m
/usr/local/lib/python3.10/dist-packages/stable_baselines3/common/vec_env/base_vec_env.py:78: UserWarning: The `render_mode` attribute is not defined in your environment. It will be set to None.
  warnings.warn("The `render_mode` attribute is not defined in your environment. It will be set to None.")
/usr/local/lib/python3.10/dist-packages/stable_baselines3/common/utils.py:166: UserWarning: get_schedule_fn() is deprecated, please use FloatSchedule() instead
  warnings.warn("get_schedule_fn() is deprecated, please use FloatSchedule() instead")
/usr/local/lib/python3.10/dist-packages/stable_baselines3/common/utils.py:212: UserWarning: constant_fn() is deprecated, please use ConstantSchedule() instead
  warnings.warn("constant_fn() is deprecated, please use ConstantSchedule() instead")
INFO:root:Overriding learning rate: 5e-06
INFO:root:Starting training...
Using GPU: False
Using VecNormalize wrapper...
Found existing model and continue_training=True. Continuing training.
Loading existing model from data/beta3/quadruped_ppo_model.zip
Loading VecNormalize statistics from data/beta3/quadruped_ppo_model_vecnormalize.pkl
Model loaded successfully. Continuing training...
Model hyperparameters: {'activation_fn': <class 'torch.nn.modules.activation.Tanh'>, 'net_arch': {'pi': [256, 128], 'vf': [256, 128]}, 'log_std_init': -3.0, 'full_std': False, 'use_expln': False}
-------------------------------
| time/              |        |
|    fps             | 4302   |
|    iterations      | 1      |
|    time_elapsed    | 30     |
|    total_timesteps | 131072 |
-------------------------------
------------------------------------------
| rollout/                |              |
|    ep_len_mean          | 1e+03        |
|    ep_rew_mean          | 42.6         |
| time/                   |              |
|    fps                  | 3203         |
|    iterations           | 2            |
|    time_elapsed         | 81           |
|    total_timesteps      | 262144       |
| train/                  |              |
|    approx_kl            | 0.0015127831 |
|    clip_fraction        | 0.0456       |
|    clip_range           | 0.1          |
|    clip_range_vf        | 0.2          |
|    entropy_loss         | -5.2         |
|    explained_variance   | 0.5          |
|    learning_rate        | 5e-06        |
|    loss                 | -0.202       |
|    n_updates            | 4430         |
|    policy_gradient_loss | -0.00236     |
|    std                  | 0.301        |
|    value_loss           | 0.07         |
------------------------------------------
------------------------------------------
| rollout/                |              |
|    ep_len_mean          | 964          |
|    ep_rew_mean          | 41.1         |
| time/                   |              |
|    fps                  | 2931         |
|    iterations           | 3            |
|    time_elapsed         | 134          |
|    total_timesteps      | 393216       |
| train/                  |              |
|    approx_kl            | 0.0015718467 |
|    clip_fraction        | 0.043        |
|    clip_range           | 0.1          |
|    clip_range_vf        | 0.2          |
|    entropy_loss         | -5.3         |
|    explained_variance   | 0.145        |
|    learning_rate        | 5e-06        |
|    loss                 | 0.84         |
|    n_updates            | 4440         |
|    policy_gradient_loss | -0.00173     |
|    std                  | 0.302        |
|    value_loss           | 1.02         |
------------------------------------------
------------------------------------------
| rollout/                |              |
|    ep_len_mean          | 1e+03        |
|    ep_rew_mean          | 42.1         |
| time/                   |              |
|    fps                  | 2800         |
|    iterations           | 4            |
|    time_elapsed         | 187          |
|    total_timesteps      | 524288       |
| train/                  |              |
|    approx_kl            | 0.0016435124 |
|    clip_fraction        | 0.0513       |
|    clip_range           | 0.1          |
|    clip_range_vf        | 0.2          |
|    entropy_loss         | -5.41        |
|    explained_variance   | 0.5          |
|    learning_rate        | 5e-06        |
|    loss                 | -0.178       |
|    n_updates            | 4450         |
|    policy_gradient_loss | -0.0021      |
|    std                  | 0.304        |
|    value_loss           | 0.12         |
------------------------------------------
------------------------------------------
| rollout/                |              |
|    ep_len_mean          | 986          |
|    ep_rew_mean          | 41.5         |
| time/                   |              |
|    fps                  | 2710         |
|    iterations           | 5            |
|    time_elapsed         | 241          |
|    total_timesteps      | 655360       |
| train/                  |              |
|    approx_kl            | 0.0016399603 |
|    clip_fraction        | 0.048        |
|    clip_range           | 0.1          |
|    clip_range_vf        | 0.2          |
|    entropy_loss         | -5.51        |
|    explained_variance   | 0.317        |
|    learning_rate        | 5e-06        |
|    loss                 | 0.746        |
|    n_updates            | 4460         |
|    policy_gradient_loss | -0.00214     |
|    std                  | 0.305        |
|    value_loss           | 1.1          |
------------------------------------------
------------------------------------------
| rollout/                |              |
|    ep_len_mean          | 994          |
|    ep_rew_mean          | 41.3         |
| time/                   |              |
|    fps                  | 2659         |
|    iterations           | 6            |
|    time_elapsed         | 295          |
|    total_timesteps      | 786432       |
| train/                  |              |
|    approx_kl            | 0.0017567037 |
|    clip_fraction        | 0.0577       |
|    clip_range           | 0.1          |
|    clip_range_vf        | 0.2          |
|    entropy_loss         | -5.62        |
|    explained_variance   | 0.634        |
|    learning_rate        | 5e-06        |
|    loss                 | -0.212       |
|    n_updates            | 4470         |
|    policy_gradient_loss | -0.0026      |
|    std                  | 0.307        |
|    value_loss           | 0.098        |
------------------------------------------
------------------------------------------
| rollout/                |              |
|    ep_len_mean          | 994          |
|    ep_rew_mean          | 41.4         |
| time/                   |              |
|    fps                  | 2626         |
|    iterations           | 7            |
|    time_elapsed         | 349          |
|    total_timesteps      | 917504       |
| train/                  |              |
|    approx_kl            | 0.0016730919 |
|    clip_fraction        | 0.0485       |
|    clip_range           | 0.1          |
|    clip_range_vf        | 0.2          |
|    entropy_loss         | -5.73        |
|    explained_variance   | 0.301        |
|    learning_rate        | 5e-06        |
|    loss                 | 0.996        |
|    n_updates            | 4480         |
|    policy_gradient_loss | -0.00177     |
|    std                  | 0.308        |
|    value_loss           | 1.25         |
------------------------------------------
ializing hardware components...
initHardware(SIM): Initializing hardware components...
initHardware(SIM): Initializing hardware components...
initHardware(SIM): Initializing hardware components...
initHardware(SIM): Initializing hardware components...
initHardware(SIM): Initializing hardware components...
initHardware(SIM): Initializing hardware components...
initHardware(SIM): Initializing hardware components...
initHardware(SIM): Initializing hardware components...
initHardware(SIM): Initializing hardware components...
initHardware(SIM): Initializing hardware components...
initHardware(SIM): Initializing hardware components...
initHardware(SIM): Initializing hardware components...
initHardware(SIM): Initializing hardware components...
initHardware(SIM): Initializing hardware components...
initHardware(SIM): Initializing hardware components...
initHardware(SIM): Initializing hardware components...
initHardware(SIM): Initializing hardware components...
initHardware(SIM): Initializing hardware components...
initHardware(SIM): Initializing hardware components...
initHardware(SIM): Initializing hardware components...
initHardware(SIM): Initializing hardware components...
initHardware(SIM): Initializing hardware components...
initHardware(SIM): Initializing hardware components...
initHardware(SIM): Initializing hardware components...
initHardware(SIM): Initializing hardware components...
initHardware(SIM): Initializing hardware components...
initHardware(SIM): Initializing hardware components...
initHardware(SIM): Initializing hardware components...
initHardware(SIM): Initializing hardware components...
initHardware(SIM): Initializing hardware components...
initHardware(SIM): Initializing hardware components...
initHardware(SIM): Initializing hardware components...
[HumanoidEnv] Reset state env_id=0 z=0.299195 rpy=[0.00233959, -0.00159651, 0.000220757]
[HumanoidEnv] Reset state env_id=0 z=0.299223 rpy=[0.00164688, -0.00118572, 0.000706775]
[HumanoidEnv] Reset state env_id=0 z=0.299198 rpy=[-0.000486548, -0.000893117, 0.000430153]
[HumanoidEnv] Reset state env_id=0 z=0.299087 rpy=[-0.000486673, -0.0025651, 0.000628674]
[HumanoidEnv] unhealthy terminate at step=725 z=0.196098 rpy=[0.0303905, 0.000823087, -0.0771299] v_body=[0.0538598, -0.0426037, -0.398759]
INFO:root:VecNormalize statistics saved at: data/beta3/quadruped_ppo_model_ckpt_vecnormalize.pkl
INFO:root:Model saved at: data/beta3/quadruped_ppo_model_ckpt.zip
INFO:root:Checkpoint written at 1000192 timesteps
------------------------------------------
| rollout/                |              |
|    ep_len_mean          | 1e+03        |
|    ep_rew_mean          | 42.1         |
| time/                   |              |
|    fps                  | 2615         |
|    iterations           | 8            |
|    time_elapsed         | 400          |
|    total_timesteps      | 1048576      |
| train/                  |              |
|    approx_kl            | 0.0015834857 |
|    clip_fraction        | 0.0485       |
|    clip_range           | 0.1          |
|    clip_range_vf        | 0.2          |
|    entropy_loss         | -5.84        |
|    explained_variance   | 0.202        |
|    learning_rate        | 5e-06        |
|    loss                 | -0.199       |
|    n_updates            | 4490         |
|    policy_gradient_loss | -0.00188     |
|    std                  | 0.309        |
|    value_loss           | 0.107        |
------------------------------------------
------------------------------------------
| rollout/                |              |
|    ep_len_mean          | 728          |
|    ep_rew_mean          | 30.8         |
| time/                   |              |
|    fps                  | 2603         |
|    iterations           | 9            |
|    time_elapsed         | 453          |
|    total_timesteps      | 1179648      |
| train/                  |              |
|    approx_kl            | 0.0016556697 |
|    clip_fraction        | 0.0435       |
|    clip_range           | 0.1          |
|    clip_range_vf        | 0.2          |
|    entropy_loss         | -5.95        |
|    explained_variance   | 0.254        |
|    learning_rate        | 5e-06        |
|    loss                 | 0.971        |
|    n_updates            | 4500         |
|    policy_gradient_loss | -0.00177     |
|    std                  | 0.311        |
|    value_loss           | 1.34         |
------------------------------------------
------------------------------------------
| rollout/                |              |
|    ep_len_mean          | 975          |
|    ep_rew_mean          | 40.6         |
| time/                   |              |
|    fps                  | 2599         |
|    iterations           | 10           |
|    time_elapsed         | 504          |
|    total_timesteps      | 1310720      |
| train/                  |              |
|    approx_kl            | 0.0017081922 |
|    clip_fraction        | 0.0505       |
|    clip_range           | 0.1          |
|    clip_range_vf        | 0.2          |
|    entropy_loss         | -6.06        |
|    explained_variance   | 0.32         |
|    learning_rate        | 5e-06        |
|    loss                 | 0.098        |
|    n_updates            | 4510         |
|    policy_gradient_loss | -0.00188     |
|    std                  | 0.312        |
|    value_loss           | 0.402        |
------------------------------------------
-----------------------------------------
| rollout/                |             |
|    ep_len_mean          | 588         |
|    ep_rew_mean          | 24.5        |
| time/                   |             |
|    fps                  | 2596        |
|    iterations           | 11          |
|    time_elapsed         | 555         |
|    total_timesteps      | 1441792     |
| train/                  |             |
|    approx_kl            | 0.001649741 |
|    clip_fraction        | 0.0474      |
|    clip_range           | 0.1         |
|    clip_range_vf        | 0.2         |
|    entropy_loss         | -6.17       |
|    explained_variance   | 0.286       |
|    learning_rate        | 5e-06       |
|    loss                 | 1.08        |
|    n_updates            | 4520        |
|    policy_gradient_loss | -0.00196    |
|    std                  | 0.314       |
|    value_loss           | 1.14        |
-----------------------------------------
------------------------------------------
| rollout/                |              |
|    ep_len_mean          | 969          |
|    ep_rew_mean          | 39.9         |
| time/                   |              |
|    fps                  | 2590         |
|    iterations           | 12           |
|    time_elapsed         | 607          |
|    total_timesteps      | 1572864      |
| train/                  |              |
|    approx_kl            | 0.0018068017 |
|    clip_fraction        | 0.0557       |
|    clip_range           | 0.1          |
|    clip_range_vf        | 0.2          |
|    entropy_loss         | -6.28        |
|    explained_variance   | 0.36         |
|    learning_rate        | 5e-06        |
|    loss                 | 0.481        |
|    n_updates            | 4530         |
|    policy_gradient_loss | -0.00219     |
|    std                  | 0.315        |
|    value_loss           | 0.766        |
------------------------------------------
------------------------------------------
| rollout/                |              |
|    ep_len_mean          | 734          |
|    ep_rew_mean          | 29.1         |
| time/                   |              |
|    fps                  | 2587         |
|    iterations           | 13           |
|    time_elapsed         | 658          |
|    total_timesteps      | 1703936      |
| train/                  |              |
|    approx_kl            | 0.0018080911 |
|    clip_fraction        | 0.0562       |
|    clip_range           | 0.1          |
|    clip_range_vf        | 0.2          |
|    entropy_loss         | -6.39        |
|    explained_variance   | 0.296        |
|    learning_rate        | 5e-06        |
|    loss                 | 0.519        |
|    n_updates            | 4540         |
|    policy_gradient_loss | -0.00204     |
|    std                  | 0.317        |
|    value_loss           | 0.825        |
------------------------------------------
------------------------------------------
| rollout/                |              |
|    ep_len_mean          | 693          |
|    ep_rew_mean          | 27.2         |
| time/                   |              |
|    fps                  | 2565         |
|    iterations           | 14           |
|    time_elapsed         | 715          |
|    total_timesteps      | 1835008      |
| train/                  |              |
|    approx_kl            | 0.0016635279 |
|    clip_fraction        | 0.0466       |
|    clip_range           | 0.1          |
|    clip_range_vf        | 0.2          |
|    entropy_loss         | -6.5         |
|    explained_variance   | 0.597        |
|    learning_rate        | 5e-06        |
|    loss                 | 0.355        |
|    n_updates            | 4550         |
|    policy_gradient_loss | -0.00224     |
|    std                  | 0.318        |
|    value_loss           | 0.87         |
------------------------------------------
[HumanoidEnv] Reset state env_id=0 z=0.299183 rpy=[-0.000910128, -0.00132266, 0.000720575]
[HumanoidEnv] Reset state env_id=0 z=0.299188 rpy=[0.00308748, -0.00205815, 0.000381377]
[HumanoidEnv] Reset state env_id=0 z=0.299077 rpy=[0.000736306, -0.00266624, 0.000361782]
[HumanoidEnv] Reset state env_id=0 z=0.299156 rpy=[0.000182811, -0.00178303, 0.00089113]
[HumanoidEnv] unhealthy terminate at step=607 z=0.19409 rpy=[1.59862, 0.284437, 2.20052] v_body=[-1.18615, 0.407408, -0.411549]
------------------------------------------
| rollout/                |              |
|    ep_len_mean          | 677          |
|    ep_rew_mean          | 26           |
| time/                   |              |
|    fps                  | 2550         |
|    iterations           | 15           |
|    time_elapsed         | 771          |
|    total_timesteps      | 1966080      |
| train/                  |              |
|    approx_kl            | 0.0016566629 |
|    clip_fraction        | 0.0465       |
|    clip_range           | 0.1          |
|    clip_range_vf        | 0.2          |
|    entropy_loss         | -6.61        |
|    explained_variance   | 0.696        |
|    learning_rate        | 5e-06        |
|    loss                 | 0.594        |
|    n_updates            | 4560         |
|    policy_gradient_loss | -0.00222     |
|    std                  | 0.319        |
|    value_loss           | 0.914        |
------------------------------------------
INFO:root:VecNormalize statistics saved at: data/beta3/quadruped_ppo_model_ckpt_vecnormalize.pkl
INFO:root:Model saved at: data/beta3/quadruped_ppo_model_ckpt.zip
INFO:root:Checkpoint written at 2000384 timesteps
[HumanoidEnv] Reset state env_id=0 z=0.299171 rpy=[-0.00139672, -0.00160581, 0.00102882]
[HumanoidEnv] unhealthy terminate at step=545 z=0.195133 rpy=[-0.00687774, 0.0182974, 0.0273826] v_body=[-0.404928, -0.191706, -0.628172]
------------------------------------------
| rollout/                |              |
|    ep_len_mean          | 652          |
|    ep_rew_mean          | 25.7         |
| time/                   |              |
|    fps                  | 2547         |
|    iterations           | 16           |
|    time_elapsed         | 823          |
|    total_timesteps      | 2097152      |
| train/                  |              |
|    approx_kl            | 0.0016439101 |
|    clip_fraction        | 0.0439       |
|    clip_range           | 0.1          |
|    clip_range_vf        | 0.2          |
|    entropy_loss         | -6.72        |
|    explained_variance   | 0.815        |
|    learning_rate        | 5e-06        |
|    loss                 | 0.205        |
|    n_updates            | 4570         |
|    policy_gradient_loss | -0.00244     |
|    std                  | 0.321        |
|    value_loss           | 0.649        |
------------------------------------------
[HumanoidEnv] Reset state env_id=0 z=0.299284 rpy=[0.00223076, -0.000609135, 0.000492227]
[HumanoidEnv] unhealthy terminate at step=807 z=0.199968 rpy=[3.09397, 0.150503, -2.56946] v_body=[1.44782, -1.07062, 0.602692]
------------------------------------------
| rollout/                |              |
|    ep_len_mean          | 682          |
|    ep_rew_mean          | 26.1         |
| time/                   |              |
|    fps                  | 2549         |
|    iterations           | 17           |
|    time_elapsed         | 873          |
|    total_timesteps      | 2228224      |
| train/                  |              |
|    approx_kl            | 0.0017461418 |
|    clip_fraction        | 0.05         |
|    clip_range           | 0.1          |
|    clip_range_vf        | 0.2          |
|    entropy_loss         | -6.83        |
|    explained_variance   | 0.693        |
|    learning_rate        | 5e-06        |
|    loss                 | 0.45         |
|    n_updates            | 4580         |
|    policy_gradient_loss | -0.00239     |
|    std                  | 0.322        |
|    value_loss           | 0.884        |
------------------------------------------
------------------------------------------
| rollout/                |              |
|    ep_len_mean          | 784          |
|    ep_rew_mean          | 30.1         |
| time/                   |              |
|    fps                  | 2552         |
|    iterations           | 18           |
|    time_elapsed         | 924          |
|    total_timesteps      | 2359296      |
| train/                  |              |
|    approx_kl            | 0.0015974997 |
|    clip_fraction        | 0.0437       |
|    clip_range           | 0.1          |
|    clip_range_vf        | 0.2          |
|    entropy_loss         | -6.94        |
|    explained_variance   | 0.756        |
|    learning_rate        | 5e-06        |
|    loss                 | 0.394        |
|    n_updates            | 4590         |
|    policy_gradient_loss | -0.00218     |
|    std                  | 0.324        |
|    value_loss           | 0.711        |
------------------------------------------
[HumanoidEnv] Reset state env_id=0 z=0.299055 rpy=[0.000252578, -0.00296726, 0.000467288]
[HumanoidEnv] unhealthy terminate at step=974 z=0.197725 rpy=[0.0807299, 0.276411, -0.225837] v_body=[1.6922, -0.841362, -1.41392]
------------------------------------------
| rollout/                |              |
|    ep_len_mean          | 584          |
|    ep_rew_mean          | 23.1         |
| time/                   |              |
|    fps                  | 2553         |
|    iterations           | 19           |
|    time_elapsed         | 975          |
|    total_timesteps      | 2490368      |
| train/                  |              |
|    approx_kl            | 0.0017085044 |
|    clip_fraction        | 0.0468       |
|    clip_range           | 0.1          |
|    clip_range_vf        | 0.2          |
|    entropy_loss         | -7.05        |
|    explained_variance   | 0.841        |
|    learning_rate        | 5e-06        |
|    loss                 | 0.109        |
|    n_updates            | 4600         |
|    policy_gradient_loss | -0.00252     |
|    std                  | 0.325        |
|    value_loss           | 0.534        |
------------------------------------------
------------------------------------------
| rollout/                |              |
|    ep_len_mean          | 494          |
|    ep_rew_mean          | 19.3         |
| time/                   |              |
|    fps                  | 2555         |
|    iterations           | 20           |
|    time_elapsed         | 1025         |
|    total_timesteps      | 2621440      |
| train/                  |              |
|    approx_kl            | 0.0016495025 |
|    clip_fraction        | 0.0449       |
|    clip_range           | 0.1          |
|    clip_range_vf        | 0.2          |
|    entropy_loss         | -7.16        |
|    explained_variance   | 0.691        |
|    learning_rate        | 5e-06        |
|    loss                 | 0.687        |
|    n_updates            | 4610         |
|    policy_gradient_loss | -0.0023      |
|    std                  | 0.327        |
|    value_loss           | 1.08         |
------------------------------------------
[HumanoidEnv] Reset state env_id=0 z=0.299142 rpy=[-0.00237435, -0.00209946, 0.00100894]
[HumanoidEnv] unhealthy terminate at step=908 z=0.193978 rpy=[0.115105, -0.0514023, -0.0293118] v_body=[-0.746657, -0.92502, -1.13255]
------------------------------------------
| rollout/                |              |
|    ep_len_mean          | 669          |
|    ep_rew_mean          | 24.8         |
| time/                   |              |
|    fps                  | 2556         |
|    iterations           | 21           |
|    time_elapsed         | 1076         |
|    total_timesteps      | 2752512      |
| train/                  |              |
|    approx_kl            | 0.0016722374 |
|    clip_fraction        | 0.0463       |
|    clip_range           | 0.1          |
|    clip_range_vf        | 0.2          |
|    entropy_loss         | -7.27        |
|    explained_variance   | 0.792        |
|    learning_rate        | 5e-06        |
|    loss                 | 0.436        |
|    n_updates            | 4620         |
|    policy_gradient_loss | -0.00222     |
|    std                  | 0.328        |
|    value_loss           | 0.805        |
------------------------------------------
[HumanoidEnv] Reset state env_id=0 z=0.299066 rpy=[0.000936164, -0.00289599, 0.00048716]
[HumanoidEnv] unhealthy terminate at step=582 z=0.190249 rpy=[-0.860153, 0.144468, 1.80347] v_body=[0.714308, 0.291702, -0.938369]
-----------------------------------------
| rollout/                |             |
|    ep_len_mean          | 545         |
|    ep_rew_mean          | 21.2        |
| time/                   |             |
|    fps                  | 2558        |
|    iterations           | 22          |
|    time_elapsed         | 1126        |
|    total_timesteps      | 2883584     |
| train/                  |             |
|    approx_kl            | 0.001641483 |
|    clip_fraction        | 0.044       |
|    clip_range           | 0.1         |
|    clip_range_vf        | 0.2         |
|    entropy_loss         | -7.38       |
|    explained_variance   | 0.842       |
|    learning_rate        | 5e-06       |
|    loss                 | 0.385       |
|    n_updates            | 4630        |
|    policy_gradient_loss | -0.00243    |
|    std                  | 0.33        |
|    value_loss           | 0.767       |
-----------------------------------------
[HumanoidEnv] Reset state env_id=0 z=0.299131 rpy=[-0.000214351, -0.00206408, 0.000823238]
[HumanoidEnv] unhealthy terminate at step=220 z=0.195259 rpy=[-0.0255468, 0.318397, 0.200451] v_body=[1.12753, 0.956747, -1.2103]
[HumanoidEnv] Reset state env_id=0 z=0.299069 rpy=[0.00094016, -0.00285534, 0.000507983]
[HumanoidEnv] unhealthy terminate at step=275 z=0.19894 rpy=[0.0288187, 0.0637725, 0.0443498] v_body=[0.579442, 0.00267749, -0.146465]
INFO:root:VecNormalize statistics saved at: data/beta3/quadruped_ppo_model_ckpt_vecnormalize.pkl
INFO:root:Model saved at: data/beta3/quadruped_ppo_model_ckpt.zip
INFO:root:Checkpoint written at 3000576 timesteps
------------------------------------------
| rollout/                |              |
|    ep_len_mean          | 528          |
|    ep_rew_mean          | 20.2         |
| time/                   |              |
|    fps                  | 2560         |
|    iterations           | 23           |
|    time_elapsed         | 1177         |
|    total_timesteps      | 3014656      |
| train/                  |              |
|    approx_kl            | 0.0016549323 |
|    clip_fraction        | 0.046        |
|    clip_range           | 0.1          |
|    clip_range_vf        | 0.2          |
|    entropy_loss         | -7.49        |
|    explained_variance   | 0.795        |
|    learning_rate        | 5e-06        |
|    loss                 | 0.317        |
|    n_updates            | 4640         |
|    policy_gradient_loss | -0.00234     |
|    std                  | 0.331        |
|    value_loss           | 0.817        |
------------------------------------------
[HumanoidEnv] Reset state env_id=0 z=0.299143 rpy=[0.000121642, -0.00179435, 0.000451613]
[HumanoidEnv] unhealthy terminate at step=554 z=0.199217 rpy=[-2.12835, -0.356518, 1.60504] v_body=[2.37681, -1.52924, -0.749357]
------------------------------------------
| rollout/                |              |
|    ep_len_mean          | 489          |
|    ep_rew_mean          | 19.2         |
| time/                   |              |
|    fps                  | 2561         |
|    iterations           | 24           |
|    time_elapsed         | 1227         |
|    total_timesteps      | 3145728      |
| train/                  |              |
|    approx_kl            | 0.0016041584 |
|    clip_fraction        | 0.0405       |
|    clip_range           | 0.1          |
|    clip_range_vf        | 0.2          |
|    entropy_loss         | -7.6         |
|    explained_variance   | 0.777        |
|    learning_rate        | 5e-06        |
|    loss                 | 0.624        |
|    n_updates            | 4650         |
|    policy_gradient_loss | -0.0021      |
|    std                  | 0.333        |
|    value_loss           | 0.903        |
------------------------------------------
-----------------------------------------
| rollout/                |             |
|    ep_len_mean          | 463         |
|    ep_rew_mean          | 18.4        |
| time/                   |             |
|    fps                  | 2563        |
|    iterations           | 25          |
|    time_elapsed         | 1278        |
|    total_timesteps      | 3276800     |
| train/                  |             |
|    approx_kl            | 0.001616528 |
|    clip_fraction        | 0.0409      |
|    clip_range           | 0.1         |
|    clip_range_vf        | 0.2         |
|    entropy_loss         | -7.71       |
|    explained_variance   | 0.729       |
|    learning_rate        | 5e-06       |
|    loss                 | 0.791       |
|    n_updates            | 4660        |
|    policy_gradient_loss | -0.00202    |
|    std                  | 0.334       |
|    value_loss           | 1.04        |
-----------------------------------------
[HumanoidEnv] Reset state env_id=0 z=0.299074 rpy=[0.00195685, -0.0030151, 0.000247946]
[HumanoidEnv] unhealthy terminate at step=915 z=0.199307 rpy=[0.480118, -0.136474, -0.911937] v_body=[-0.138311, 1.37732, -0.244162]
------------------------------------------
| rollout/                |              |
|    ep_len_mean          | 446          |
|    ep_rew_mean          | 17.3         |
| time/                   |              |
|    fps                  | 2564         |
|    iterations           | 26           |
|    time_elapsed         | 1328         |
|    total_timesteps      | 3407872      |
| train/                  |              |
|    approx_kl            | 0.0016451364 |
|    clip_fraction        | 0.0446       |
|    clip_range           | 0.1          |
|    clip_range_vf        | 0.2          |
|    entropy_loss         | -7.82        |
|    explained_variance   | 0.723        |
|    learning_rate        | 5e-06        |
|    loss                 | 0.716        |
|    n_updates            | 4670         |
|    policy_gradient_loss | -0.00204     |
|    std                  | 0.336        |
|    value_loss           | 1.04         |
------------------------------------------
[HumanoidEnv] Reset state env_id=0 z=0.299246 rpy=[0.00166487, -0.000832696, 0.000476812]
[HumanoidEnv] unhealthy terminate at step=619 z=0.199885 rpy=[0.0211877, 0.098129, -0.200934] v_body=[-0.0449036, -0.210114, -1.05341]
-----------------------------------------
| rollout/                |             |
|    ep_len_mean          | 442         |
|    ep_rew_mean          | 16.8        |
| time/                   |             |
|    fps                  | 2564        |
|    iterations           | 27          |
|    time_elapsed         | 1379        |
|    total_timesteps      | 3538944     |
| train/                  |             |
|    approx_kl            | 0.001613813 |
|    clip_fraction        | 0.0401      |
|    clip_range           | 0.1         |
|    clip_range_vf        | 0.2         |
|    entropy_loss         | -7.93       |
|    explained_variance   | 0.777       |
|    learning_rate        | 5e-06       |
|    loss                 | 0.489       |
|    n_updates            | 4680        |
|    policy_gradient_loss | -0.00197    |
|    std                  | 0.337       |
|    value_loss           | 0.954       |
-----------------------------------------
[HumanoidEnv] Reset state env_id=0 z=0.299213 rpy=[0.00275849, -0.0017476, 0.000653101]
[HumanoidEnv] unhealthy terminate at step=322 z=0.198659 rpy=[0.0017459, 0.37848, -0.0769062] v_body=[0.867537, -1.22459, -0.694119]
------------------------------------------
| rollout/                |              |
|    ep_len_mean          | 480          |
|    ep_rew_mean          | 18.3         |
| time/                   |              |
|    fps                  | 2566         |
|    iterations           | 28           |
|    time_elapsed         | 1429         |
|    total_timesteps      | 3670016      |
| train/                  |              |
|    approx_kl            | 0.0016399634 |
|    clip_fraction        | 0.0443       |
|    clip_range           | 0.1          |
|    clip_range_vf        | 0.2          |
|    entropy_loss         | -8.04        |
|    explained_variance   | 0.811        |
|    learning_rate        | 5e-06        |
|    loss                 | 0.481        |
|    n_updates            | 4690         |
|    policy_gradient_loss | -0.0022      |
|    std                  | 0.339        |
|    value_loss           | 0.883        |
------------------------------------------
[HumanoidEnv] Reset state env_id=0 z=0.299115 rpy=[-0.00193851, -0.00234745, 0.000740833]
[HumanoidEnv] unhealthy terminate at step=420 z=0.199982 rpy=[0.967885, 0.215777, 2.3949] v_body=[-0.515061, 0.081129, -0.942015]
[HumanoidEnv] Reset state env_id=0 z=0.299101 rpy=[-0.000366296, -0.0024741, 0.000882575]
[HumanoidEnv] unhealthy terminate at step=260 z=0.199147 rpy=[-0.0908418, -6.16781e-05, 0.06064] v_body=[-0.399892, 0.245598, -0.737573]
------------------------------------------
| rollout/                |              |
|    ep_len_mean          | 568          |
|    ep_rew_mean          | 21           |
| time/                   |              |
|    fps                  | 2567         |
|    iterations           | 29           |
|    time_elapsed         | 1480         |
|    total_timesteps      | 3801088      |
| train/                  |              |
|    approx_kl            | 0.0016435302 |
|    clip_fraction        | 0.0448       |
|    clip_range           | 0.1          |
|    clip_range_vf        | 0.2          |
|    entropy_loss         | -8.15        |
|    explained_variance   | 0.812        |
|    learning_rate        | 5e-06        |
|    loss                 | 0.25         |
|    n_updates            | 4700         |
|    policy_gradient_loss | -0.00207     |
|    std                  | 0.34         |
|    value_loss           | 0.788        |
------------------------------------------
[HumanoidEnv] Reset state env_id=0 z=0.29909 rpy=[-0.000422051, -0.00258979, 0.000785525]
[HumanoidEnv] unhealthy terminate at step=316 z=0.193993 rpy=[0.0276487, 0.336026, -0.138643] v_body=[1.83497, -1.10985, -1.51596]
------------------------------------------
| rollout/                |              |
|    ep_len_mean          | 563          |
|    ep_rew_mean          | 20.9         |
| time/                   |              |
|    fps                  | 2568         |
|    iterations           | 30           |
|    time_elapsed         | 1530         |
|    total_timesteps      | 3932160      |
| train/                  |              |
|    approx_kl            | 0.0016940738 |
|    clip_fraction        | 0.0484       |
|    clip_range           | 0.1          |
|    clip_range_vf        | 0.2          |
|    entropy_loss         | -8.25        |
|    explained_variance   | 0.847        |
|    learning_rate        | 5e-06        |
|    loss                 | 0.305        |
|    n_updates            | 4710         |
|    policy_gradient_loss | -0.00244     |
|    std                  | 0.342        |
|    value_loss           | 0.666        |
------------------------------------------
[HumanoidEnv] Reset state env_id=0 z=0.299142 rpy=[-0.000377272, -0.00193825, 0.000892966]
[HumanoidEnv] unhealthy terminate at step=494 z=0.199896 rpy=[0.086453, -0.0666873, 0.0840982] v_body=[-0.933126, -0.451893, -1.24799]
INFO:root:VecNormalize statistics saved at: data/beta3/quadruped_ppo_model_ckpt_vecnormalize.pkl
INFO:root:Model saved at: data/beta3/quadruped_ppo_model_ckpt.zip
INFO:root:Checkpoint written at 4000768 timesteps
------------------------------------------
| rollout/                |              |
|    ep_len_mean          | 450          |
|    ep_rew_mean          | 17.3         |
| time/                   |              |
|    fps                  | 2569         |
|    iterations           | 31           |
|    time_elapsed         | 1581         |
|    total_timesteps      | 4063232      |
| train/                  |              |
|    approx_kl            | 0.0016657196 |
|    clip_fraction        | 0.0458       |
|    clip_range           | 0.1          |
|    clip_range_vf        | 0.2          |
|    entropy_loss         | -8.36        |
|    explained_variance   | 0.841        |
|    learning_rate        | 5e-06        |
|    loss                 | 0.188        |
|    n_updates            | 4720         |
|    policy_gradient_loss | -0.0022      |
|    std                  | 0.344        |
|    value_loss           | 0.711        |
------------------------------------------
[HumanoidEnv] Reset state env_id=0 z=0.299077 rpy=[0.00205433, -0.00316583, 0.000701332]
[HumanoidEnv] unhealthy terminate at step=535 z=0.198128 rpy=[-2.65474, 0.210108, -0.259375] v_body=[-1.37355, -1.12321, -0.113805]
------------------------------------------
| rollout/                |              |
|    ep_len_mean          | 430          |
|    ep_rew_mean          | 16.7         |
| time/                   |              |
|    fps                  | 2570         |
|    iterations           | 32           |
|    time_elapsed         | 1631         |
|    total_timesteps      | 4194304      |
| train/                  |              |
|    approx_kl            | 0.0016602504 |
|    clip_fraction        | 0.0444       |
|    clip_range           | 0.1          |
|    clip_range_vf        | 0.2          |
|    entropy_loss         | -8.47        |
|    explained_variance   | 0.821        |
|    learning_rate        | 5e-06        |
|    loss                 | 0.42         |
|    n_updates            | 4730         |
|    policy_gradient_loss | -0.00221     |
|    std                  | 0.345        |
|    value_loss           | 0.852        |
------------------------------------------
[HumanoidEnv] Reset state env_id=0 z=0.299142 rpy=[-0.00252356, -0.00216404, 0.00109681]
[HumanoidEnv] unhealthy terminate at step=413 z=0.19988 rpy=[0.0630735, -0.0674599, 0.0736847] v_body=[0.0533772, -0.752065, -0.527474]
------------------------------------------
| rollout/                |              |
|    ep_len_mean          | 468          |
|    ep_rew_mean          | 18           |
| time/                   |              |
|    fps                  | 2571         |
|    iterations           | 33           |
|    time_elapsed         | 1682         |
|    total_timesteps      | 4325376      |
| train/                  |              |
|    approx_kl            | 0.0016142337 |
|    clip_fraction        | 0.0429       |
|    clip_range           | 0.1          |
|    clip_range_vf        | 0.2          |
|    entropy_loss         | -8.58        |
|    explained_variance   | 0.816        |
|    learning_rate        | 5e-06        |
|    loss                 | 0.347        |
|    n_updates            | 4740         |
|    policy_gradient_loss | -0.00216     |
|    std                  | 0.347        |
|    value_loss           | 0.849        |
------------------------------------------
[HumanoidEnv] Reset state env_id=0 z=0.299144 rpy=[0.00244146, -0.00248767, 0.000686094]
[HumanoidEnv] unhealthy terminate at step=465 z=0.754804 rpy=[0.207643, -0.818605, 0.0138478] v_body=[-2.38206, -0.299287, -0.942691]
-----------------------------------------
| rollout/                |             |
|    ep_len_mean          | 553         |
|    ep_rew_mean          | 20.9        |
| time/                   |             |
|    fps                  | 2571        |
|    iterations           | 34          |
|    time_elapsed         | 1732        |
|    total_timesteps      | 4456448     |
| train/                  |             |
|    approx_kl            | 0.001621438 |
|    clip_fraction        | 0.0423      |
|    clip_range           | 0.1         |
|    clip_range_vf        | 0.2         |
|    entropy_loss         | -8.69       |
|    explained_variance   | 0.843       |
|    learning_rate        | 5e-06       |
|    loss                 | 0.282       |
|    n_updates            | 4750        |
|    policy_gradient_loss | -0.002      |
|    std                  | 0.348       |
|    value_loss           | 0.702       |
-----------------------------------------
[HumanoidEnv] Reset state env_id=0 z=0.299145 rpy=[0.0005545, -0.00172991, 0.000283928]
[HumanoidEnv] unhealthy terminate at step=468 z=0.198373 rpy=[0.365777, 0.0919532, 0.503617] v_body=[-0.265011, 1.55619, -0.554392]
------------------------------------------
| rollout/                |              |
|    ep_len_mean          | 582          |
|    ep_rew_mean          | 21.8         |
| time/                   |              |
|    fps                  | 2572         |
|    iterations           | 35           |
|    time_elapsed         | 1783         |
|    total_timesteps      | 4587520      |
| train/                  |              |
|    approx_kl            | 0.0016282469 |
|    clip_fraction        | 0.0451       |
|    clip_range           | 0.1          |
|    clip_range_vf        | 0.2          |
|    entropy_loss         | -8.8         |
|    explained_variance   | 0.87         |
|    learning_rate        | 5e-06        |
|    loss                 | 0.284        |
|    n_updates            | 4760         |
|    policy_gradient_loss | -0.00227     |
|    std                  | 0.35         |
|    value_loss           | 0.609        |
------------------------------------------
[HumanoidEnv] Reset state env_id=0 z=0.299119 rpy=[0.00272563, -0.00291823, 0.000682167]
[HumanoidEnv] unhealthy terminate at step=676 z=0.193067 rpy=[0.668453, -0.0874205, 1.76819] v_body=[-1.19381, 0.883276, -0.0962757]
------------------------------------------
| rollout/                |              |
|    ep_len_mean          | 608          |
|    ep_rew_mean          | 22.8         |
| time/                   |              |
|    fps                  | 2572         |
|    iterations           | 36           |
|    time_elapsed         | 1834         |
|    total_timesteps      | 4718592      |
| train/                  |              |
|    approx_kl            | 0.0016355631 |
|    clip_fraction        | 0.0443       |
|    clip_range           | 0.1          |
|    clip_range_vf        | 0.2          |
|    entropy_loss         | -8.91        |
|    explained_variance   | 0.856        |
|    learning_rate        | 5e-06        |
|    loss                 | 0.126        |
|    n_updates            | 4770         |
|    policy_gradient_loss | -0.00227     |
|    std                  | 0.351        |
|    value_loss           | 0.577        |
------------------------------------------
[HumanoidEnv] Reset state env_id=0 z=0.299144 rpy=[-0.00131872, -0.00192224, 0.000929485]
[HumanoidEnv] unhealthy terminate at step=558 z=0.194654 rpy=[1.6986, 0.421641, -1.09568] v_body=[0.282506, 0.625355, 0.887147]
------------------------------------------
| rollout/                |              |
|    ep_len_mean          | 603          |
|    ep_rew_mean          | 22.8         |
| time/                   |              |
|    fps                  | 2573         |
|    iterations           | 37           |
|    time_elapsed         | 1884         |
|    total_timesteps      | 4849664      |
| train/                  |              |
|    approx_kl            | 0.0016009128 |
|    clip_fraction        | 0.0411       |
|    clip_range           | 0.1          |
|    clip_range_vf        | 0.2          |
|    entropy_loss         | -9.02        |
|    explained_variance   | 0.853        |
|    learning_rate        | 5e-06        |
|    loss                 | 0.136        |
|    n_updates            | 4780         |
|    policy_gradient_loss | -0.00219     |
|    std                  | 0.353        |
|    value_loss           | 0.607        |
------------------------------------------
[HumanoidEnv] Reset state env_id=0 z=0.299143 rpy=[0.00230456, -0.00230101, 0.000441373]
[HumanoidEnv] unhealthy terminate at step=417 z=0.194544 rpy=[-2.10008, 0.241044, -1.10853] v_body=[-0.595957, -0.646718, -0.0818398]
------------------------------------------
| rollout/                |              |
|    ep_len_mean          | 511          |
|    ep_rew_mean          | 19.5         |
| time/                   |              |
|    fps                  | 2573         |
|    iterations           | 38           |
|    time_elapsed         | 1935         |
|    total_timesteps      | 4980736      |
| train/                  |              |
|    approx_kl            | 0.0016116754 |
|    clip_fraction        | 0.0432       |
|    clip_range           | 0.1          |
|    clip_range_vf        | 0.2          |
|    entropy_loss         | -9.12        |
|    explained_variance   | 0.841        |
|    learning_rate        | 5e-06        |
|    loss                 | 0.205        |
|    n_updates            | 4790         |
|    policy_gradient_loss | -0.00219     |
|    std                  | 0.355        |
|    value_loss           | 0.674        |
------------------------------------------
INFO:root:VecNormalize statistics saved at: data/beta3/quadruped_ppo_model_ckpt_vecnormalize.pkl
INFO:root:Model saved at: data/beta3/quadruped_ppo_model_ckpt.zip
INFO:root:Checkpoint written at 5000960 timesteps
[HumanoidEnv] Reset state env_id=0 z=0.29923 rpy=[0.00261681, -0.0012889, 0.000218155]
[HumanoidEnv] unhealthy terminate at step=694 z=0.196829 rpy=[-0.0622627, 0.310085, -0.262089] v_body=[1.21127, -0.0571054, -1.06555]
------------------------------------------
| rollout/                |              |
|    ep_len_mean          | 465          |
|    ep_rew_mean          | 17.9         |
| time/                   |              |
|    fps                  | 2574         |
|    iterations           | 39           |
|    time_elapsed         | 1985         |
|    total_timesteps      | 5111808      |
| train/                  |              |
|    approx_kl            | 0.0016171363 |
|    clip_fraction        | 0.0424       |
|    clip_range           | 0.1          |
|    clip_range_vf        | 0.2          |
|    entropy_loss         | -9.23        |
|    explained_variance   | 0.828        |
|    learning_rate        | 5e-06        |
|    loss                 | 0.363        |
|    n_updates            | 4800         |
|    policy_gradient_loss | -0.00193     |
|    std                  | 0.356        |
|    value_loss           | 0.8          |
------------------------------------------
[HumanoidEnv] Reset state env_id=0 z=0.29925 rpy=[0.00140639, -0.000741573, 0.000569027]
[HumanoidEnv] unhealthy terminate at step=480 z=0.751033 rpy=[0.362258, -0.306987, -0.105465] v_body=[0.292781, -0.851229, 0.610209]
------------------------------------------
| rollout/                |              |
|    ep_len_mean          | 489          |
|    ep_rew_mean          | 18.6         |
| time/                   |              |
|    fps                  | 2574         |
|    iterations           | 40           |
|    time_elapsed         | 2036         |
|    total_timesteps      | 5242880      |
| train/                  |              |
|    approx_kl            | 0.0016207638 |
|    clip_fraction        | 0.0422       |
|    clip_range           | 0.1          |
|    clip_range_vf        | 0.2          |
|    entropy_loss         | -9.34        |
|    explained_variance   | 0.82         |
|    learning_rate        | 5e-06        |
|    loss                 | 0.391        |
|    n_updates            | 4810         |
|    policy_gradient_loss | -0.00199     |
|    std                  | 0.358        |
|    value_loss           | 0.802        |
------------------------------------------
[HumanoidEnv] Reset state env_id=0 z=0.299142 rpy=[0.000473017, -0.00178606, 0.000322373]
[HumanoidEnv] unhealthy terminate at step=430 z=0.756409 rpy=[-0.83986, -0.48328, 0.194686] v_body=[-0.202313, 1.88503, -0.917504]
-----------------------------------------
| rollout/                |             |
|    ep_len_mean          | 434         |
|    ep_rew_mean          | 17          |
| time/                   |             |
|    fps                  | 2575        |
|    iterations           | 41          |
|    time_elapsed         | 2086        |
|    total_timesteps      | 5373952     |
| train/                  |             |
|    approx_kl            | 0.001576825 |
|    clip_fraction        | 0.0405      |
|    clip_range           | 0.1         |
|    clip_range_vf        | 0.2         |
|    entropy_loss         | -9.45       |
|    explained_variance   | 0.842       |
|    learning_rate        | 5e-06       |
|    loss                 | 0.212       |
|    n_updates            | 4820        |
|    policy_gradient_loss | -0.00204    |
|    std                  | 0.36        |
|    value_loss           | 0.768       |
-----------------------------------------
[HumanoidEnv] Reset state env_id=0 z=0.299125 rpy=[-0.00130208, -0.00220019, 0.000963876]
[HumanoidEnv] unhealthy terminate at step=349 z=0.75774 rpy=[0.635956, -0.601599, -0.482988] v_body=[0.173014, -2.89948, 0.314882]
[HumanoidEnv] Reset state env_id=0 z=0.299184 rpy=[0.000418198, -0.00120485, 0.000284275]
[HumanoidEnv] unhealthy terminate at step=371 z=0.197397 rpy=[0.000935669, 0.220159, -0.278017] v_body=[1.31807, 0.0332128, -0.985534]
------------------------------------------
| rollout/                |              |
|    ep_len_mean          | 445          |
|    ep_rew_mean          | 17.7         |
| time/                   |              |
|    fps                  | 2575         |
|    iterations           | 42           |
|    time_elapsed         | 2137         |
|    total_timesteps      | 5505024      |
| train/                  |              |
|    approx_kl            | 0.0016606294 |
|    clip_fraction        | 0.0449       |
|    clip_range           | 0.1          |
|    clip_range_vf        | 0.2          |
|    entropy_loss         | -9.56        |
|    explained_variance   | 0.836        |
|    learning_rate        | 5e-06        |
|    loss                 | 0.289        |
|    n_updates            | 4830         |
|    policy_gradient_loss | -0.0021      |
|    std                  | 0.361        |
|    value_loss           | 0.789        |
------------------------------------------
[HumanoidEnv] Reset state env_id=0 z=0.299096 rpy=[-0.00103479, -0.00244405, 0.000524799]
[HumanoidEnv] unhealthy terminate at step=363 z=0.195231 rpy=[-0.000886236, 0.220564, 0.0977079] v_body=[1.28434, 0.665473, -0.940955]
------------------------------------------
| rollout/                |              |
|    ep_len_mean          | 449          |
|    ep_rew_mean          | 17.6         |
| time/                   |              |
|    fps                  | 2576         |
|    iterations           | 43           |
|    time_elapsed         | 2187         |
|    total_timesteps      | 5636096      |
| train/                  |              |
|    approx_kl            | 0.0016733175 |
|    clip_fraction        | 0.0459       |
|    clip_range           | 0.1          |
|    clip_range_vf        | 0.2          |
|    entropy_loss         | -9.67        |
|    explained_variance   | 0.831        |
|    learning_rate        | 5e-06        |
|    loss                 | 0.398        |
|    n_updates            | 4840         |
|    policy_gradient_loss | -0.0021      |
|    std                  | 0.363        |
|    value_loss           | 0.829        |
------------------------------------------
-----------------------------------------
| rollout/                |             |
|    ep_len_mean          | 442         |
|    ep_rew_mean          | 17.5        |
| time/                   |             |
|    fps                  | 2576        |
|    iterations           | 44          |
|    time_elapsed         | 2238        |
|    total_timesteps      | 5767168     |
| train/                  |             |
|    approx_kl            | 0.001585348 |
|    clip_fraction        | 0.0403      |
|    clip_range           | 0.1         |
|    clip_range_vf        | 0.2         |
|    entropy_loss         | -9.78       |
|    explained_variance   | 0.819       |
|    learning_rate        | 5e-06       |
|    loss                 | 0.389       |
|    n_updates            | 4850        |
|    policy_gradient_loss | -0.0018     |
|    std                  | 0.365       |
|    value_loss           | 0.87        |
-----------------------------------------
------------------------------------------
| rollout/                |              |
|    ep_len_mean          | 504          |
|    ep_rew_mean          | 19.2         |
| time/                   |              |
|    fps                  | 2577         |
|    iterations           | 45           |
|    time_elapsed         | 2288         |
|    total_timesteps      | 5898240      |
| train/                  |              |
|    approx_kl            | 0.0016531722 |
|    clip_fraction        | 0.0452       |
|    clip_range           | 0.1          |
|    clip_range_vf        | 0.2          |
|    entropy_loss         | -9.89        |
|    explained_variance   | 0.803        |
|    learning_rate        | 5e-06        |
|    loss                 | 0.394        |
|    n_updates            | 4860         |
|    policy_gradient_loss | -0.00204     |
|    std                  | 0.366        |
|    value_loss           | 0.894        |
------------------------------------------
[HumanoidEnv] Reset state env_id=0 z=0.299118 rpy=[0.000441246, -0.00214249, 0.000471956]
[HumanoidEnv] Reset state env_id=0 z=0.299061 rpy=[0.000839284, -0.00297352, 0.000564055]
[HumanoidEnv] unhealthy terminate at step=370 z=0.198031 rpy=[2.00333, -0.437216, -0.748673] v_body=[3.21659, 0.527548, -0.563702]
[HumanoidEnv] Reset state env_id=0 z=0.29922 rpy=[0.00198981, -0.0012335, 0.000408377]
[HumanoidEnv] unhealthy terminate at step=244 z=0.196279 rpy=[0.120785, 0.338028, 0.167674] v_body=[-0.19637, 0.727167, -0.436904]
INFO:root:VecNormalize statistics saved at: data/beta3/quadruped_ppo_model_ckpt_vecnormalize.pkl
INFO:root:Model saved at: data/beta3/quadruped_ppo_model_ckpt.zip
INFO:root:Checkpoint written at 6001152 timesteps
------------------------------------------
| rollout/                |              |
|    ep_len_mean          | 533          |
|    ep_rew_mean          | 20.3         |
| time/                   |              |
|    fps                  | 2577         |
|    iterations           | 46           |
|    time_elapsed         | 2339         |
|    total_timesteps      | 6029312      |
| train/                  |              |
|    approx_kl            | 0.0015672075 |
|    clip_fraction        | 0.0404       |
|    clip_range           | 0.1          |
|    clip_range_vf        | 0.2          |
|    entropy_loss         | -10          |
|    explained_variance   | 0.839        |
|    learning_rate        | 5e-06        |
|    loss                 | 0.379        |
|    n_updates            | 4870         |
|    policy_gradient_loss | -0.00188     |
|    std                  | 0.368        |
|    value_loss           | 0.779        |
------------------------------------------
[HumanoidEnv] Reset state env_id=0 z=0.299221 rpy=[-0.00189042, -0.000748798, 0.000712025]
[HumanoidEnv] unhealthy terminate at step=503 z=0.190434 rpy=[-2.64663, 0.397374, -1.91255] v_body=[-2.30869, -0.169653, -0.258195]
------------------------------------------
| rollout/                |              |
|    ep_len_mean          | 517          |
|    ep_rew_mean          | 19.3         |
| time/                   |              |
|    fps                  | 2578         |
|    iterations           | 47           |
|    time_elapsed         | 2389         |
|    total_timesteps      | 6160384      |
| train/                  |              |
|    approx_kl            | 0.0016199339 |
|    clip_fraction        | 0.0414       |
|    clip_range           | 0.1          |
|    clip_range_vf        | 0.2          |
|    entropy_loss         | -10.1        |
|    explained_variance   | 0.863        |
|    learning_rate        | 5e-06        |
|    loss                 | 0.066        |
|    n_updates            | 4880         |
|    policy_gradient_loss | -0.0021      |
|    std                  | 0.37         |
|    value_loss           | 0.661        |
------------------------------------------
[HumanoidEnv] Reset state env_id=0 z=0.299214 rpy=[-0.00122406, -0.000810066, 0.000750581]
[HumanoidEnv] unhealthy terminate at step=440 z=0.194939 rpy=[-2.20001, 0.0837318, -1.2499] v_body=[-0.594453, -2.20555, 0.458533]
-----------------------------------------
| rollout/                |             |
|    ep_len_mean          | 483         |
|    ep_rew_mean          | 18.2        |
| time/                   |             |
|    fps                  | 2578        |
|    iterations           | 48          |
|    time_elapsed         | 2439        |
|    total_timesteps      | 6291456     |
| train/                  |             |
|    approx_kl            | 0.001543035 |
|    clip_fraction        | 0.0397      |
|    clip_range           | 0.1         |
|    clip_range_vf        | 0.2         |
|    entropy_loss         | -10.2       |
|    explained_variance   | 0.861       |
|    learning_rate        | 5e-06       |
|    loss                 | 0.194       |
|    n_updates            | 4890        |
|    policy_gradient_loss | -0.00198    |
|    std                  | 0.371       |
|    value_loss           | 0.696       |
-----------------------------------------
[HumanoidEnv] Reset state env_id=0 z=0.299224 rpy=[0.00212536, -0.0011857, 0.000257472]
[HumanoidEnv] unhealthy terminate at step=436 z=0.191306 rpy=[0.364706, 0.183952, 0.815294] v_body=[-2.21375, 0.391902, -0.244207]
------------------------------------------
| rollout/                |              |
|    ep_len_mean          | 483          |
|    ep_rew_mean          | 18.1         |
| time/                   |              |
|    fps                  | 2579         |
|    iterations           | 49           |
|    time_elapsed         | 2490         |
|    total_timesteps      | 6422528      |
| train/                  |              |
|    approx_kl            | 0.0016395506 |
|    clip_fraction        | 0.0457       |
|    clip_range           | 0.1          |
|    clip_range_vf        | 0.2          |
|    entropy_loss         | -10.3        |
|    explained_variance   | 0.851        |
|    learning_rate        | 5e-06        |
|    loss                 | 0.211        |
|    n_updates            | 4900         |
|    policy_gradient_loss | -0.00215     |
|    std                  | 0.373        |
|    value_loss           | 0.728        |
------------------------------------------
[HumanoidEnv] Reset state env_id=0 z=0.299289 rpy=[-0.00243083, 0.000277719, 0.000836558]
[HumanoidEnv] unhealthy terminate at step=496 z=0.184443 rpy=[-2.78663, 0.394185, -2.1468] v_body=[-1.48593, 1.91324, 1.21419]
------------------------------------------
| rollout/                |              |
|    ep_len_mean          | 472          |
|    ep_rew_mean          | 17.7         |
| time/                   |              |
|    fps                  | 2579         |
|    iterations           | 50           |
|    time_elapsed         | 2540         |
|    total_timesteps      | 6553600      |
| train/                  |              |
|    approx_kl            | 0.0016605917 |
|    clip_fraction        | 0.0449       |
|    clip_range           | 0.1          |
|    clip_range_vf        | 0.2          |
|    entropy_loss         | -10.4        |
|    explained_variance   | 0.841        |
|    learning_rate        | 5e-06        |
|    loss                 | 0.139        |
|    n_updates            | 4910         |
|    policy_gradient_loss | -0.00204     |
|    std                  | 0.375        |
|    value_loss           | 0.782        |
------------------------------------------
[HumanoidEnv] Reset state env_id=0 z=0.2993 rpy=[-0.00102449, 0.000234766, 0.00103185]
[HumanoidEnv] unhealthy terminate at step=405 z=0.190947 rpy=[0.157188, 0.226372, 0.0998928] v_body=[0.117992, -0.716049, -1.42989]
------------------------------------------
| rollout/                |              |
|    ep_len_mean          | 432          |
|    ep_rew_mean          | 16.6         |
| time/                   |              |
|    fps                  | 2579         |
|    iterations           | 51           |
|    time_elapsed         | 2591         |
|    total_timesteps      | 6684672      |
| train/                  |              |
|    approx_kl            | 0.0016233048 |
|    clip_fraction        | 0.041        |
|    clip_range           | 0.1          |
|    clip_range_vf        | 0.2          |
|    entropy_loss         | -10.5        |
|    explained_variance   | 0.837        |
|    learning_rate        | 5e-06        |
|    loss                 | 0.303        |
|    n_updates            | 4920         |
|    policy_gradient_loss | -0.00192     |
|    std                  | 0.376        |
|    value_loss           | 0.792        |
------------------------------------------
[HumanoidEnv] Reset state env_id=0 z=0.299258 rpy=[-0.00278979, -0.000471726, 0.000799969]
[HumanoidEnv] unhealthy terminate at step=490 z=0.197706 rpy=[0.551213, -0.443949, -1.95827] v_body=[0.258666, 0.193284, -1.36491]
[HumanoidEnv] Reset state env_id=0 z=0.299231 rpy=[0.00062588, -0.000794844, 0.000634397]
[HumanoidEnv] unhealthy terminate at step=339 z=0.195963 rpy=[-0.196484, 0.382762, -0.164386] v_body=[0.32502, -0.586237, -0.374518]
------------------------------------------
| rollout/                |              |
|    ep_len_mean          | 453          |
|    ep_rew_mean          | 16.9         |
| time/                   |              |
|    fps                  | 2579         |
|    iterations           | 52           |
|    time_elapsed         | 2641         |
|    total_timesteps      | 6815744      |
| train/                  |              |
|    approx_kl            | 0.0016066855 |
|    clip_fraction        | 0.0403       |
|    clip_range           | 0.1          |
|    clip_range_vf        | 0.2          |
|    entropy_loss         | -10.7        |
|    explained_variance   | 0.829        |
|    learning_rate        | 5e-06        |
|    loss                 | 0.187        |
|    n_updates            | 4930         |
|    policy_gradient_loss | -0.00196     |
|    std                  | 0.378        |
|    value_loss           | 0.817        |
------------------------------------------
[HumanoidEnv] Reset state env_id=0 z=0.299188 rpy=[0.00251585, -0.00182357, 0.000419363]
[HumanoidEnv] unhealthy terminate at step=474 z=0.188154 rpy=[-1.77473, 0.322401, 1.3265] v_body=[0.977695, -1.51856, 0.0523952]
------------------------------------------
| rollout/                |              |
|    ep_len_mean          | 443          |
|    ep_rew_mean          | 16.8         |
| time/                   |              |
|    fps                  | 2580         |
|    iterations           | 53           |
|    time_elapsed         | 2692         |
|    total_timesteps      | 6946816      |
| train/                  |              |
|    approx_kl            | 0.0016109477 |
|    clip_fraction        | 0.0415       |
|    clip_range           | 0.1          |
|    clip_range_vf        | 0.2          |
|    entropy_loss         | -10.8        |
|    explained_variance   | 0.838        |
|    learning_rate        | 5e-06        |
|    loss                 | 0.179        |
|    n_updates            | 4940         |
|    policy_gradient_loss | -0.00197     |
|    std                  | 0.38         |
|    value_loss           | 0.781        |
------------------------------------------
INFO:root:VecNormalize statistics saved at: data/beta3/quadruped_ppo_model_ckpt_vecnormalize.pkl
INFO:root:Model saved at: data/beta3/quadruped_ppo_model_ckpt.zip
INFO:root:Checkpoint written at 7001344 timesteps
[HumanoidEnv] Reset state env_id=0 z=0.299117 rpy=[-0.00024069, -0.00219983, 0.000700409]
[HumanoidEnv] unhealthy terminate at step=415 z=0.756045 rpy=[0.59089, -0.965989, -0.413975] v_body=[-1.47878, -0.681192, -1.22962]
------------------------------------------
| rollout/                |              |
|    ep_len_mean          | 456          |
|    ep_rew_mean          | 16.9         |
| time/                   |              |
|    fps                  | 2580         |
|    iterations           | 54           |
|    time_elapsed         | 2743         |
|    total_timesteps      | 7077888      |
| train/                  |              |
|    approx_kl            | 0.0015772893 |
|    clip_fraction        | 0.038        |
|    clip_range           | 0.1          |
|    clip_range_vf        | 0.2          |
|    entropy_loss         | -10.9        |
|    explained_variance   | 0.837        |
|    learning_rate        | 5e-06        |
|    loss                 | 0.157        |
|    n_updates            | 4950         |
|    policy_gradient_loss | -0.00194     |
|    std                  | 0.381        |
|    value_loss           | 0.769        |
------------------------------------------
[HumanoidEnv] Reset state env_id=0 z=0.299052 rpy=[-0.000307321, -0.00292317, 0.000321641]
[HumanoidEnv] unhealthy terminate at step=469 z=0.196621 rpy=[0.0151813, 0.0479767, -0.115413] v_body=[0.934464, -0.463312, -0.602438]
[HumanoidEnv] Reset state env_id=0 z=0.299095 rpy=[0.00294371, -0.00305795, 0.000170056]
[HumanoidEnv] unhealthy terminate at step=305 z=0.1927 rpy=[-1.03328, 0.206733, -0.169691] v_body=[2.43694, -2.40217, -0.848828]
------------------------------------------
| rollout/                |              |
|    ep_len_mean          | 448          |
|    ep_rew_mean          | 16.9         |
| time/                   |              |
|    fps                  | 2580         |
|    iterations           | 55           |
|    time_elapsed         | 2793         |
|    total_timesteps      | 7208960      |
| train/                  |              |
|    approx_kl            | 0.0016221019 |
|    clip_fraction        | 0.0408       |
|    clip_range           | 0.1          |
|    clip_range_vf        | 0.2          |
|    entropy_loss         | -11          |
|    explained_variance   | 0.847        |
|    learning_rate        | 5e-06        |
|    loss                 | 0.146        |
|    n_updates            | 4960         |
|    policy_gradient_loss | -0.0021      |
|    std                  | 0.383        |
|    value_loss           | 0.711        |
------------------------------------------
-----------------------------------------
| rollout/                |             |
|    ep_len_mean          | 502         |
|    ep_rew_mean          | 18.8        |
| time/                   |             |
|    fps                  | 2581        |
|    iterations           | 56          |
|    time_elapsed         | 2843        |
|    total_timesteps      | 7340032     |
| train/                  |             |
|    approx_kl            | 0.001616101 |
|    clip_fraction        | 0.0413      |
|    clip_range           | 0.1         |
|    clip_range_vf        | 0.2         |
|    entropy_loss         | -11.1       |
|    explained_variance   | 0.842       |
|    learning_rate        | 5e-06       |
|    loss                 | 0.0581      |
|    n_updates            | 4970        |
|    policy_gradient_loss | -0.00203    |
|    std                  | 0.385       |
|    value_loss           | 0.713       |
-----------------------------------------
[HumanoidEnv] Reset state env_id=0 z=0.299094 rpy=[0.00158143, -0.00265834, 0.000264108]
[HumanoidEnv] unhealthy terminate at step=546 z=0.196313 rpy=[-1.55277, 0.15962, -0.0273822] v_body=[-0.181232, -0.867944, 0.630778]
------------------------------------------
| rollout/                |              |
|    ep_len_mean          | 478          |
|    ep_rew_mean          | 17.8         |
| time/                   |              |
|    fps                  | 2581         |
|    iterations           | 57           |
|    time_elapsed         | 2894         |
|    total_timesteps      | 7471104      |
| train/                  |              |
|    approx_kl            | 0.0016758386 |
|    clip_fraction        | 0.0439       |
|    clip_range           | 0.1          |
|    clip_range_vf        | 0.2          |
|    entropy_loss         | -11.2        |
|    explained_variance   | 0.827        |
|    learning_rate        | 5e-06        |
|    loss                 | 0.127        |
|    n_updates            | 4980         |
|    policy_gradient_loss | -0.00212     |
|    std                  | 0.387        |
|    value_loss           | 0.78         |
------------------------------------------
------------------------------------------
| rollout/                |              |
|    ep_len_mean          | 487          |
|    ep_rew_mean          | 18.4         |
| time/                   |              |
|    fps                  | 2581         |
|    iterations           | 58           |
|    time_elapsed         | 2944         |
|    total_timesteps      | 7602176      |
| train/                  |              |
|    approx_kl            | 0.0016562232 |
|    clip_fraction        | 0.0438       |
|    clip_range           | 0.1          |
|    clip_range_vf        | 0.2          |
|    entropy_loss         | -11.3        |
|    explained_variance   | 0.837        |
|    learning_rate        | 5e-06        |
|    loss                 | 0.185        |
|    n_updates            | 4990         |
|    policy_gradient_loss | -0.00217     |
|    std                  | 0.388        |
|    value_loss           | 0.713        |
------------------------------------------
[HumanoidEnv] Reset state env_id=0 z=0.299221 rpy=[0.00243919, -0.00139755, 0.00038709]
[HumanoidEnv] Reset state env_id=0 z=0.299178 rpy=[0.00158751, -0.00159148, 0.000234183]
[HumanoidEnv] unhealthy terminate at step=412 z=0.185006 rpy=[1.84828, 0.183224, -0.837539] v_body=[1.41252, 2.25758, -1.77736]
-----------------------------------------
| rollout/                |             |
|    ep_len_mean          | 496         |
|    ep_rew_mean          | 18.9        |
| time/                   |             |
|    fps                  | 2582        |
|    iterations           | 59          |
|    time_elapsed         | 2994        |
|    total_timesteps      | 7733248     |
| train/                  |             |
|    approx_kl            | 0.001574766 |
|    clip_fraction        | 0.0391      |
|    clip_range           | 0.1         |
|    clip_range_vf        | 0.2         |
|    entropy_loss         | -11.4       |
|    explained_variance   | 0.833       |
|    learning_rate        | 5e-06       |
|    loss                 | 0.161       |
|    n_updates            | 5000        |
|    policy_gradient_loss | -0.00193    |
|    std                  | 0.39        |
|    value_loss           | 0.709       |
-----------------------------------------
[HumanoidEnv] Reset state env_id=0 z=0.299068 rpy=[0.00130532, -0.00302176, 0.000678926]
[HumanoidEnv] unhealthy terminate at step=307 z=0.197524 rpy=[0.0821664, 0.186455, -0.0550608] v_body=[2.14636, -1.3001, -0.761397]
------------------------------------------
| rollout/                |              |
|    ep_len_mean          | 518          |
|    ep_rew_mean          | 19.8         |
| time/                   |              |
|    fps                  | 2582         |
|    iterations           | 60           |
|    time_elapsed         | 3045         |
|    total_timesteps      | 7864320      |
| train/                  |              |
|    approx_kl            | 0.0015663657 |
|    clip_fraction        | 0.0385       |
|    clip_range           | 0.1          |
|    clip_range_vf        | 0.2          |
|    entropy_loss         | -11.5        |
|    explained_variance   | 0.827        |
|    learning_rate        | 5e-06        |
|    loss                 | 0.18         |
|    n_updates            | 5010         |
|    policy_gradient_loss | -0.00194     |
|    std                  | 0.392        |
|    value_loss           | 0.709        |
------------------------------------------
[HumanoidEnv] Reset state env_id=0 z=0.29925 rpy=[-0.000654274, -0.00033839, 0.000748983]
[HumanoidEnv] unhealthy terminate at step=404 z=0.182534 rpy=[1.72668, 0.103109, -0.49131] v_body=[1.99301, 2.13548, -1.70459]
------------------------------------------
| rollout/                |              |
|    ep_len_mean          | 454          |
|    ep_rew_mean          | 17.6         |
| time/                   |              |
|    fps                  | 2583         |
|    iterations           | 61           |
|    time_elapsed         | 3095         |
|    total_timesteps      | 7995392      |
| train/                  |              |
|    approx_kl            | 0.0016478301 |
|    clip_fraction        | 0.0422       |
|    clip_range           | 0.1          |
|    clip_range_vf        | 0.2          |
|    entropy_loss         | -11.6        |
|    explained_variance   | 0.809        |
|    learning_rate        | 5e-06        |
|    loss                 | 0.117        |
|    n_updates            | 5020         |
|    policy_gradient_loss | -0.00219     |
|    std                  | 0.394        |
|    value_loss           | 0.776        |
------------------------------------------
INFO:root:VecNormalize statistics saved at: data/beta3/quadruped_ppo_model_ckpt_vecnormalize.pkl
INFO:root:Model saved at: data/beta3/quadruped_ppo_model_ckpt.zip
INFO:root:Checkpoint written at 8001536 timesteps
[HumanoidEnv] Reset state env_id=0 z=0.2991 rpy=[0.000297644, -0.00243412, 0.000690493]
[HumanoidEnv] unhealthy terminate at step=647 z=0.196617 rpy=[0.0998333, 0.0781506, -0.103062] v_body=[1.06229, -1.0143, -0.762057]
------------------------------------------
| rollout/                |              |
|    ep_len_mean          | 496          |
|    ep_rew_mean          | 18.7         |
| time/                   |              |
|    fps                  | 2583         |
|    iterations           | 62           |
|    time_elapsed         | 3145         |
|    total_timesteps      | 8126464      |
| train/                  |              |
|    approx_kl            | 0.0016551523 |
|    clip_fraction        | 0.0425       |
|    clip_range           | 0.1          |
|    clip_range_vf        | 0.2          |
|    entropy_loss         | -11.7        |
|    explained_variance   | 0.809        |
|    learning_rate        | 5e-06        |
|    loss                 | 0.254        |
|    n_updates            | 5030         |
|    policy_gradient_loss | -0.00208     |
|    std                  | 0.396        |
|    value_loss           | 0.794        |
------------------------------------------
[HumanoidEnv] Reset state env_id=0 z=0.299063 rpy=[0.000490654, -0.00290654, 0.000624099]
[HumanoidEnv] unhealthy terminate at step=425 z=0.184905 rpy=[0.660272, -0.364844, -0.105457] v_body=[1.06921, 0.502516, -2.02943]
------------------------------------------
| rollout/                |              |
|    ep_len_mean          | 465          |
|    ep_rew_mean          | 17.7         |
| time/                   |              |
|    fps                  | 2583         |
|    iterations           | 63           |
|    time_elapsed         | 3195         |
|    total_timesteps      | 8257536      |
| train/                  |              |
|    approx_kl            | 0.0016190452 |
|    clip_fraction        | 0.0432       |
|    clip_range           | 0.1          |
|    clip_range_vf        | 0.2          |
|    entropy_loss         | -11.9        |
|    explained_variance   | 0.806        |
|    learning_rate        | 5e-06        |
|    loss                 | 0.136        |
|    n_updates            | 5040         |
|    policy_gradient_loss | -0.00213     |
|    std                  | 0.397        |
|    value_loss           | 0.775        |
------------------------------------------
[HumanoidEnv] Reset state env_id=0 z=0.299214 rpy=[0.00135738, -0.00125246, 0.0008387]
[HumanoidEnv] unhealthy terminate at step=485 z=0.196384 rpy=[0.334868, -0.124799, 2.26152] v_body=[-1.28436, 2.11887, -0.44521]
[HumanoidEnv] Reset state env_id=0 z=0.299107 rpy=[-0.00183197, -0.00247737, 0.000758343]
[HumanoidEnv] unhealthy terminate at step=279 z=0.192927 rpy=[2.87663, -0.906953, -2.11408] v_body=[2.65823, -0.467912, 0.241694]
------------------------------------------
| rollout/                |              |
|    ep_len_mean          | 462          |
|    ep_rew_mean          | 17.4         |
| time/                   |              |
|    fps                  | 2584         |
|    iterations           | 64           |
|    time_elapsed         | 3246         |
|    total_timesteps      | 8388608      |
| train/                  |              |
|    approx_kl            | 0.0016128612 |
|    clip_fraction        | 0.0407       |
|    clip_range           | 0.1          |
|    clip_range_vf        | 0.2          |
|    entropy_loss         | -12          |
|    explained_variance   | 0.806        |
|    learning_rate        | 5e-06        |
|    loss                 | 0.134        |
|    n_updates            | 5050         |
|    policy_gradient_loss | -0.00205     |
|    std                  | 0.399        |
|    value_loss           | 0.821        |
------------------------------------------
[HumanoidEnv] Reset state env_id=0 z=0.299126 rpy=[0.00280255, -0.00283899, 0.000632239]
[HumanoidEnv] unhealthy terminate at step=381 z=0.18906 rpy=[0.054582, -0.134319, 0.121836] v_body=[-1.07823, -0.843192, -1.31705]
------------------------------------------
| rollout/                |              |
|    ep_len_mean          | 443          |
|    ep_rew_mean          | 16.5         |
| time/                   |              |
|    fps                  | 2584         |
|    iterations           | 65           |
|    time_elapsed         | 3296         |
|    total_timesteps      | 8519680      |
| train/                  |              |
|    approx_kl            | 0.0015788741 |
|    clip_fraction        | 0.0386       |
|    clip_range           | 0.1          |
|    clip_range_vf        | 0.2          |
|    entropy_loss         | -12.1        |
|    explained_variance   | 0.82         |
|    learning_rate        | 5e-06        |
|    loss                 | 0.169        |
|    n_updates            | 5060         |
|    policy_gradient_loss | -0.00192     |
|    std                  | 0.401        |
|    value_loss           | 0.842        |
------------------------------------------
[HumanoidEnv] Reset state env_id=0 z=0.299208 rpy=[0.00254793, -0.00171331, 0.000628851]
[HumanoidEnv] unhealthy terminate at step=552 z=0.199092 rpy=[0.0537417, -0.164066, 1.39947] v_body=[-0.269264, -0.812645, -1.34353]
------------------------------------------
| rollout/                |              |
|    ep_len_mean          | 473          |
|    ep_rew_mean          | 17.7         |
| time/                   |              |
|    fps                  | 2584         |
|    iterations           | 66           |
|    time_elapsed         | 3347         |
|    total_timesteps      | 8650752      |
| train/                  |              |
|    approx_kl            | 0.0016201407 |
|    clip_fraction        | 0.0426       |
|    clip_range           | 0.1          |
|    clip_range_vf        | 0.2          |
|    entropy_loss         | -12.2        |
|    explained_variance   | 0.834        |
|    learning_rate        | 5e-06        |
|    loss                 | 0.131        |
|    n_updates            | 5070         |
|    policy_gradient_loss | -0.00205     |
|    std                  | 0.403        |
|    value_loss           | 0.758        |
------------------------------------------
[HumanoidEnv] Reset state env_id=0 z=0.299233 rpy=[-0.00162789, -0.000438902, 0.000616084]
[HumanoidEnv] unhealthy terminate at step=385 z=0.197198 rpy=[-0.823685, 0.0120767, 0.588504] v_body=[-0.0540042, 0.403014, -2.08017]
------------------------------------------
| rollout/                |              |
|    ep_len_mean          | 449          |
|    ep_rew_mean          | 16.9         |
| time/                   |              |
|    fps                  | 2584         |
|    iterations           | 67           |
|    time_elapsed         | 3397         |
|    total_timesteps      | 8781824      |
| train/                  |              |
|    approx_kl            | 0.0015902114 |
|    clip_fraction        | 0.0394       |
|    clip_range           | 0.1          |
|    clip_range_vf        | 0.2          |
|    entropy_loss         | -12.3        |
|    explained_variance   | 0.847        |
|    learning_rate        | 5e-06        |
|    loss                 | 0.0467       |
|    n_updates            | 5080         |
|    policy_gradient_loss | -0.00196     |
|    std                  | 0.405        |
|    value_loss           | 0.727        |
------------------------------------------
[HumanoidEnv] Reset state env_id=0 z=0.299173 rpy=[-0.000693587, -0.00148146, 0.00072856]
[HumanoidEnv] unhealthy terminate at step=349 z=0.759953 rpy=[-0.590298, -0.358079, 0.166538] v_body=[1.2204, 2.30372, 0.831169]
-----------------------------------------
| rollout/                |             |
|    ep_len_mean          | 490         |
|    ep_rew_mean          | 18.2        |
| time/                   |             |
|    fps                  | 2584        |
|    iterations           | 68          |
|    time_elapsed         | 3448        |
|    total_timesteps      | 8912896     |
| train/                  |             |
|    approx_kl            | 0.001557271 |
|    clip_fraction        | 0.0366      |
|    clip_range           | 0.1         |
|    clip_range_vf        | 0.2         |
|    entropy_loss         | -12.4       |
|    explained_variance   | 0.848       |
|    learning_rate        | 5e-06       |
|    loss                 | 0.111       |
|    n_updates            | 5090        |
|    policy_gradient_loss | -0.00174    |
|    std                  | 0.406       |
|    value_loss           | 0.742       |
-----------------------------------------
[HumanoidEnv] Reset state env_id=0 z=0.299123 rpy=[0.00143761, -0.00228204, 0.000397536]
[HumanoidEnv] unhealthy terminate at step=672 z=0.750719 rpy=[0.228268, -0.401799, 0.228646] v_body=[2.22813, -1.44571, 0.864538]
INFO:root:VecNormalize statistics saved at: data/beta3/quadruped_ppo_model_ckpt_vecnormalize.pkl
INFO:root:Model saved at: data/beta3/quadruped_ppo_model_ckpt.zip
INFO:root:Checkpoint written at 9001728 timesteps
[HumanoidEnv] Reset state env_id=0 z=0.299243 rpy=[0.00115522, -0.000722937, 0.000418521]
[HumanoidEnv] unhealthy terminate at step=197 z=0.193656 rpy=[-0.216213, -0.145899, -0.102122] v_body=[-0.324405, -0.146624, -0.937791]
------------------------------------------
| rollout/                |              |
|    ep_len_mean          | 503          |
|    ep_rew_mean          | 18.7         |
| time/                   |              |
|    fps                  | 2584         |
|    iterations           | 69           |
|    time_elapsed         | 3498         |
|    total_timesteps      | 9043968      |
| train/                  |              |
|    approx_kl            | 0.0016894413 |
|    clip_fraction        | 0.0446       |
|    clip_range           | 0.1          |
|    clip_range_vf        | 0.2          |
|    entropy_loss         | -12.5        |
|    explained_variance   | 0.852        |
|    learning_rate        | 5e-06        |
|    loss                 | 0.127        |
|    n_updates            | 5100         |
|    policy_gradient_loss | -0.00227     |
|    std                  | 0.408        |
|    value_loss           | 0.672        |
------------------------------------------
[HumanoidEnv] Reset state env_id=0 z=0.299078 rpy=[0.00019937, -0.00270551, 0.000670077]
[HumanoidEnv] unhealthy terminate at step=578 z=0.189379 rpy=[0.0605508, 0.403847, -0.187683] v_body=[1.01384, 0.149812, -1.23844]
------------------------------------------
| rollout/                |              |
|    ep_len_mean          | 517          |
|    ep_rew_mean          | 19.3         |
| time/                   |              |
|    fps                  | 2585         |
|    iterations           | 70           |
|    time_elapsed         | 3549         |
|    total_timesteps      | 9175040      |
| train/                  |              |
|    approx_kl            | 0.0016578387 |
|    clip_fraction        | 0.0449       |
|    clip_range           | 0.1          |
|    clip_range_vf        | 0.2          |
|    entropy_loss         | -12.6        |
|    explained_variance   | 0.857        |
|    learning_rate        | 5e-06        |
|    loss                 | -0.0678      |
|    n_updates            | 5110         |
|    policy_gradient_loss | -0.0022      |
|    std                  | 0.41         |
|    value_loss           | 0.643        |
------------------------------------------
[HumanoidEnv] Reset state env_id=0 z=0.299288 rpy=[-0.00271103, 0.000110163, 0.000625127]
[HumanoidEnv] unhealthy terminate at step=469 z=0.19504 rpy=[0.15202, 0.123685, -0.351498] v_body=[0.288805, -0.73864, -0.596136]
------------------------------------------
| rollout/                |              |
|    ep_len_mean          | 491          |
|    ep_rew_mean          | 18.4         |
| time/                   |              |
|    fps                  | 2585         |
|    iterations           | 71           |
|    time_elapsed         | 3599         |
|    total_timesteps      | 9306112      |
| train/                  |              |
|    approx_kl            | 0.0015814858 |
|    clip_fraction        | 0.0376       |
|    clip_range           | 0.1          |
|    clip_range_vf        | 0.2          |
|    entropy_loss         | -12.7        |
|    explained_variance   | 0.858        |
|    learning_rate        | 5e-06        |
|    loss                 | 0.0339       |
|    n_updates            | 5120         |
|    policy_gradient_loss | -0.00204     |
|    std                  | 0.412        |
|    value_loss           | 0.662        |
------------------------------------------
[HumanoidEnv] Reset state env_id=0 z=0.299214 rpy=[0.000962264, -0.00100883, 0.000407299]
[HumanoidEnv] unhealthy terminate at step=512 z=0.193986 rpy=[2.87641, -0.649551, -2.40591] v_body=[2.72387, 1.06007, -0.612226]
------------------------------------------
| rollout/                |              |
|    ep_len_mean          | 481          |
|    ep_rew_mean          | 17.6         |
| time/                   |              |
|    fps                  | 2585         |
|    iterations           | 72           |
|    time_elapsed         | 3649         |
|    total_timesteps      | 9437184      |
| train/                  |              |
|    approx_kl            | 0.0016010178 |
|    clip_fraction        | 0.0405       |
|    clip_range           | 0.1          |
|    clip_range_vf        | 0.2          |
|    entropy_loss         | -12.8        |
|    explained_variance   | 0.845        |
|    learning_rate        | 5e-06        |
|    loss                 | 0.0943       |
|    n_updates            | 5130         |
|    policy_gradient_loss | -0.0021      |
|    std                  | 0.414        |
|    value_loss           | 0.692        |
------------------------------------------
[HumanoidEnv] Reset state env_id=0 z=0.299289 rpy=[0.000875957, -0.000273363, 0.000943717]
[HumanoidEnv] unhealthy terminate at step=256 z=0.196018 rpy=[0.229136, 0.0828657, 0.10253] v_body=[-0.887, -0.482786, -0.436932]
[HumanoidEnv] Reset state env_id=0 z=0.299133 rpy=[-0.00141723, -0.00204018, 0.000783922]
[HumanoidEnv] unhealthy terminate at step=121 z=0.198485 rpy=[0.743124, 0.131261, -0.281982] v_body=[0.615734, 0.460215, -0.392606]
-----------------------------------------
| rollout/                |             |
|    ep_len_mean          | 434         |
|    ep_rew_mean          | 16.2        |
| time/                   |             |
|    fps                  | 2585        |
|    iterations           | 73          |
|    time_elapsed         | 3700        |
|    total_timesteps      | 9568256     |
| train/                  |             |
|    approx_kl            | 0.001605216 |
|    clip_fraction        | 0.0415      |
|    clip_range           | 0.1         |
|    clip_range_vf        | 0.2         |
|    entropy_loss         | -12.9       |
|    explained_variance   | 0.853       |
|    learning_rate        | 5e-06       |
|    loss                 | -0.0223     |
|    n_updates            | 5140        |
|    policy_gradient_loss | -0.00217    |
|    std                  | 0.416       |
|    value_loss           | 0.668       |
-----------------------------------------
[HumanoidEnv] Reset state env_id=0 z=0.299087 rpy=[-0.000922551, -0.00262121, 0.000634095]
[HumanoidEnv] unhealthy terminate at step=404 z=0.198216 rpy=[-0.0245443, -0.00672696, -0.070931] v_body=[-0.73068, -0.289249, -1.14511]
------------------------------------------
| rollout/                |              |
|    ep_len_mean          | 424          |
|    ep_rew_mean          | 15.9         |
| time/                   |              |
|    fps                  | 2585         |
|    iterations           | 74           |
|    time_elapsed         | 3751         |
|    total_timesteps      | 9699328      |
| train/                  |              |
|    approx_kl            | 0.0016024949 |
|    clip_fraction        | 0.0398       |
|    clip_range           | 0.1          |
|    clip_range_vf        | 0.2          |
|    entropy_loss         | -13          |
|    explained_variance   | 0.839        |
|    learning_rate        | 5e-06        |
|    loss                 | 0.1          |
|    n_updates            | 5150         |
|    policy_gradient_loss | -0.00202     |
|    std                  | 0.418        |
|    value_loss           | 0.755        |
------------------------------------------
[HumanoidEnv] Reset state env_id=0 z=0.299077 rpy=[-0.00136289, -0.00272218, 0.000408243]
[HumanoidEnv] unhealthy terminate at step=652 z=0.752661 rpy=[0.753671, -0.376423, -0.489919] v_body=[-0.0683438, -2.36091, -0.75251]
------------------------------------------
| rollout/                |              |
|    ep_len_mean          | 451          |
|    ep_rew_mean          | 16.9         |
| time/                   |              |
|    fps                  | 2585         |
|    iterations           | 75           |
|    time_elapsed         | 3801         |
|    total_timesteps      | 9830400      |
| train/                  |              |
|    approx_kl            | 0.0015936852 |
|    clip_fraction        | 0.0396       |
|    clip_range           | 0.1          |
|    clip_range_vf        | 0.2          |
|    entropy_loss         | -13.2        |
|    explained_variance   | 0.839        |
|    learning_rate        | 5e-06        |
|    loss                 | 0.0252       |
|    n_updates            | 5160         |
|    policy_gradient_loss | -0.00197     |
|    std                  | 0.42         |
|    value_loss           | 0.745        |
------------------------------------------
[HumanoidEnv] Reset state env_id=0 z=0.29907 rpy=[-0.000125977, -0.00283494, 0.000646258]
[HumanoidEnv] unhealthy terminate at step=342 z=0.199826 rpy=[-2.79713, 0.329075, -1.47897] v_body=[-1.19358, -1.06837, -0.00545687]
[HumanoidEnv] Reset state env_id=0 z=0.299089 rpy=[0.00133698, -0.00271602, 0.000488114]
[HumanoidEnv] unhealthy terminate at step=367 z=0.192753 rpy=[-1.2053, -0.527378, 0.947647] v_body=[2.31496, 1.05055, -1.22665]
------------------------------------------
| rollout/                |              |
|    ep_len_mean          | 414          |
|    ep_rew_mean          | 15.4         |
| time/                   |              |
|    fps                  | 2585         |
|    iterations           | 76           |
|    time_elapsed         | 3852         |
|    total_timesteps      | 9961472      |
| train/                  |              |
|    approx_kl            | 0.0015984513 |
|    clip_fraction        | 0.0407       |
|    clip_range           | 0.1          |
|    clip_range_vf        | 0.2          |
|    entropy_loss         | -13.3        |
|    explained_variance   | 0.83         |
|    learning_rate        | 5e-06        |
|    loss                 | 0.134        |
|    n_updates            | 5170         |
|    policy_gradient_loss | -0.00184     |
|    std                  | 0.421        |
|    value_loss           | 0.795        |
------------------------------------------
INFO:root:VecNormalize statistics saved at: data/beta3/quadruped_ppo_model_ckpt_vecnormalize.pkl
INFO:root:Model saved at: data/beta3/quadruped_ppo_model_ckpt.zip
INFO:root:Checkpoint written at 10001920 timesteps
[HumanoidEnv] Reset state env_id=0 z=0.299148 rpy=[-0.00268597, -0.00209443, 0.00109051]
[HumanoidEnv] unhealthy terminate at step=248 z=0.757544 rpy=[-0.423165, -0.918002, 0.400819] v_body=[-1.68603, 0.706977, -0.603807]
------------------------------------------
| rollout/                |              |
|    ep_len_mean          | 446          |
|    ep_rew_mean          | 16.4         |
| time/                   |              |
|    fps                  | 2586         |
|    iterations           | 77           |
|    time_elapsed         | 3902         |
|    total_timesteps      | 10092544     |
| train/                  |              |
|    approx_kl            | 0.0015829949 |
|    clip_fraction        | 0.0376       |
|    clip_range           | 0.1          |
|    clip_range_vf        | 0.2          |
|    entropy_loss         | -13.4        |
|    explained_variance   | 0.831        |
|    learning_rate        | 5e-06        |
|    loss                 | 0.0547       |
|    n_updates            | 5180         |
|    policy_gradient_loss | -0.00193     |
|    std                  | 0.423        |
|    value_loss           | 0.801        |
------------------------------------------
[HumanoidEnv] Reset state env_id=0 z=0.299123 rpy=[-0.00208244, -0.00233916, 0.000970022]
[HumanoidEnv] unhealthy terminate at step=384 z=0.195719 rpy=[1.76461, 0.472714, 0.896498] v_body=[0.528741, 1.50534, -1.2487]
[HumanoidEnv] Reset state env_id=0 z=0.299113 rpy=[0.000514239, -0.00219609, 0.000429724]
[HumanoidEnv] unhealthy terminate at step=253 z=0.196706 rpy=[-0.033448, 0.168081, 0.130697] v_body=[0.960851, 0.556763, -0.896931]
------------------------------------------
| rollout/                |              |
|    ep_len_mean          | 430          |
|    ep_rew_mean          | 16.2         |
| time/                   |              |
|    fps                  | 2586         |
|    iterations           | 78           |
|    time_elapsed         | 3953         |
|    total_timesteps      | 10223616     |
| train/                  |              |
|    approx_kl            | 0.0016388078 |
|    clip_fraction        | 0.0413       |
|    clip_range           | 0.1          |
|    clip_range_vf        | 0.2          |
|    entropy_loss         | -13.5        |
|    explained_variance   | 0.826        |
|    learning_rate        | 5e-06        |
|    loss                 | 0.115        |
|    n_updates            | 5190         |
|    policy_gradient_loss | -0.00196     |
|    std                  | 0.425        |
|    value_loss           | 0.806        |
------------------------------------------
[HumanoidEnv] Reset state env_id=0 z=0.299108 rpy=[4.30621e-05, -0.00230567, 0.000633738]
[HumanoidEnv] unhealthy terminate at step=307 z=0.193891 rpy=[0.174742, 0.371335, -0.196039] v_body=[1.36241, -1.6922, -1.28313]
------------------------------------------
| rollout/                |              |
|    ep_len_mean          | 482          |
|    ep_rew_mean          | 17.8         |
| time/                   |              |
|    fps                  | 2586         |
|    iterations           | 79           |
|    time_elapsed         | 4003         |
|    total_timesteps      | 10354688     |
| train/                  |              |
|    approx_kl            | 0.0015732415 |
|    clip_fraction        | 0.0395       |
|    clip_range           | 0.1          |
|    clip_range_vf        | 0.2          |
|    entropy_loss         | -13.6        |
|    explained_variance   | 0.833        |
|    learning_rate        | 5e-06        |
|    loss                 | 0.0843       |
|    n_updates            | 5200         |
|    policy_gradient_loss | -0.00205     |
|    std                  | 0.427        |
|    value_loss           | 0.764        |
------------------------------------------
[HumanoidEnv] Reset state env_id=0 z=0.299056 rpy=[0.000722136, -0.00292686, 0.000278425]
[HumanoidEnv] unhealthy terminate at step=758 z=0.181751 rpy=[-2.3364, 0.012737, 2.66623] v_body=[0.718213, 3.96133, 0.724223]
------------------------------------------
| rollout/                |              |
|    ep_len_mean          | 456          |
|    ep_rew_mean          | 16.8         |
| time/                   |              |
|    fps                  | 2586         |
|    iterations           | 80           |
|    time_elapsed         | 4054         |
|    total_timesteps      | 10485760     |
| train/                  |              |
|    approx_kl            | 0.0016358721 |
|    clip_fraction        | 0.0404       |
|    clip_range           | 0.1          |
|    clip_range_vf        | 0.2          |
|    entropy_loss         | -13.7        |
|    explained_variance   | 0.841        |
|    learning_rate        | 5e-06        |
|    loss                 | 0.0559       |
|    n_updates            | 5210         |
|    policy_gradient_loss | -0.00208     |
|    std                  | 0.429        |
|    value_loss           | 0.754        |
------------------------------------------
[HumanoidEnv] Reset state env_id=0 z=0.299139 rpy=[0.00309199, -0.00277072, 0.00057494]
[HumanoidEnv] unhealthy terminate at step=427 z=0.195522 rpy=[-0.267311, -0.436042, 0.928844] v_body=[0.618684, -0.279256, -0.472619]
------------------------------------------
| rollout/                |              |
|    ep_len_mean          | 433          |
|    ep_rew_mean          | 16.1         |
| time/                   |              |
|    fps                  | 2586         |
|    iterations           | 81           |
|    time_elapsed         | 4105         |
|    total_timesteps      | 10616832     |
| train/                  |              |
|    approx_kl            | 0.0015764812 |
|    clip_fraction        | 0.0397       |
|    clip_range           | 0.1          |
|    clip_range_vf        | 0.2          |
|    entropy_loss         | -13.8        |
|    explained_variance   | 0.836        |
|    learning_rate        | 5e-06        |
|    loss                 | 0.00159      |
|    n_updates            | 5220         |
|    policy_gradient_loss | -0.00201     |
|    std                  | 0.431        |
|    value_loss           | 0.721        |
------------------------------------------
[HumanoidEnv] Reset state env_id=0 z=0.299263 rpy=[0.000340037, -0.000357804, 0.000591885]
[HumanoidEnv] unhealthy terminate at step=362 z=0.194592 rpy=[-0.00396628, -0.206739, -0.142206] v_body=[-0.777555, 0.698182, -0.878192]
------------------------------------------
| rollout/                |              |
|    ep_len_mean          | 417          |
|    ep_rew_mean          | 15.7         |
| time/                   |              |
|    fps                  | 2586         |
|    iterations           | 82           |
|    time_elapsed         | 4155         |
|    total_timesteps      | 10747904     |
| train/                  |              |
|    approx_kl            | 0.0015977218 |
|    clip_fraction        | 0.0381       |
|    clip_range           | 0.1          |
|    clip_range_vf        | 0.2          |
|    entropy_loss         | -13.9        |
|    explained_variance   | 0.833        |
|    learning_rate        | 5e-06        |
|    loss                 | 0.048        |
|    n_updates            | 5230         |
|    policy_gradient_loss | -0.002       |
|    std                  | 0.433        |
|    value_loss           | 0.724        |
------------------------------------------
[HumanoidEnv] Reset state env_id=0 z=0.299169 rpy=[-0.00115608, -0.00154261, 0.000680999]
[HumanoidEnv] unhealthy terminate at step=463 z=0.193263 rpy=[-0.383991, 0.191088, 1.13191] v_body=[-0.505584, -0.744803, -0.885308]
------------------------------------------
| rollout/                |              |
|    ep_len_mean          | 417          |
|    ep_rew_mean          | 15.5         |
| time/                   |              |
|    fps                  | 2586         |
|    iterations           | 83           |
|    time_elapsed         | 4206         |
|    total_timesteps      | 10878976     |
| train/                  |              |
|    approx_kl            | 0.0015985603 |
|    clip_fraction        | 0.0389       |
|    clip_range           | 0.1          |
|    clip_range_vf        | 0.2          |
|    entropy_loss         | -14          |
|    explained_variance   | 0.816        |
|    learning_rate        | 5e-06        |
|    loss                 | -0.0286      |
|    n_updates            | 5240         |
|    policy_gradient_loss | -0.0021      |
|    std                  | 0.435        |
|    value_loss           | 0.76         |
------------------------------------------
[HumanoidEnv] Reset state env_id=0 z=0.299164 rpy=[-0.00247161, -0.00178735, 0.00109559]
[HumanoidEnv] unhealthy terminate at step=587 z=0.19893 rpy=[-3.03613, -0.387482, 0.100505] v_body=[-1.02035, -1.65872, -0.490843]
INFO:root:VecNormalize statistics saved at: data/beta3/quadruped_ppo_model_ckpt_vecnormalize.pkl
INFO:root:Model saved at: data/beta3/quadruped_ppo_model_ckpt.zip
INFO:root:Checkpoint written at 11002112 timesteps
------------------------------------------
| rollout/                |              |
|    ep_len_mean          | 425          |
|    ep_rew_mean          | 16.1         |
| time/                   |              |
|    fps                  | 2586         |
|    iterations           | 84           |
|    time_elapsed         | 4256         |
|    total_timesteps      | 11010048     |
| train/                  |              |
|    approx_kl            | 0.0015225003 |
|    clip_fraction        | 0.0357       |
|    clip_range           | 0.1          |
|    clip_range_vf        | 0.2          |
|    entropy_loss         | -14.1        |
|    explained_variance   | 0.837        |
|    learning_rate        | 5e-06        |
|    loss                 | 0.113        |
|    n_updates            | 5250         |
|    policy_gradient_loss | -0.00179     |
|    std                  | 0.437        |
|    value_loss           | 0.733        |
------------------------------------------
------------------------------------------
| rollout/                |              |
|    ep_len_mean          | 417          |
|    ep_rew_mean          | 15.6         |
| time/                   |              |
|    fps                  | 2586         |
|    iterations           | 85           |
|    time_elapsed         | 4307         |
|    total_timesteps      | 11141120     |
| train/                  |              |
|    approx_kl            | 0.0015695413 |
|    clip_fraction        | 0.0366       |
|    clip_range           | 0.1          |
|    clip_range_vf        | 0.2          |
|    entropy_loss         | -14.2        |
|    explained_variance   | 0.809        |
|    learning_rate        | 5e-06        |
|    loss                 | 0.0852       |
|    n_updates            | 5260         |
|    policy_gradient_loss | -0.00187     |
|    std                  | 0.439        |
|    value_loss           | 0.791        |
------------------------------------------
[HumanoidEnv] Reset state env_id=0 z=0.299096 rpy=[0.00242122, -0.00300006, 0.000521895]
[HumanoidEnv] Reset state env_id=0 z=0.299068 rpy=[0.00163702, -0.00301531, 0.000343386]
[HumanoidEnv] unhealthy terminate at step=330 z=0.198551 rpy=[-0.0266387, -0.227986, -0.0206596] v_body=[-0.665618, 0.17469, -0.409604]
------------------------------------------
| rollout/                |              |
|    ep_len_mean          | 454          |
|    ep_rew_mean          | 17           |
| time/                   |              |
|    fps                  | 2586         |
|    iterations           | 86           |
|    time_elapsed         | 4358         |
|    total_timesteps      | 11272192     |
| train/                  |              |
|    approx_kl            | 0.0015840246 |
|    clip_fraction        | 0.0362       |
|    clip_range           | 0.1          |
|    clip_range_vf        | 0.2          |
|    entropy_loss         | -14.4        |
|    explained_variance   | 0.817        |
|    learning_rate        | 5e-06        |
|    loss                 | 0.0627       |
|    n_updates            | 5270         |
|    policy_gradient_loss | -0.00198     |
|    std                  | 0.441        |
|    value_loss           | 0.756        |
------------------------------------------
[HumanoidEnv] Reset state env_id=0 z=0.299147 rpy=[-0.000390337, -0.00167565, 0.000368302]
[HumanoidEnv] unhealthy terminate at step=249 z=0.199891 rpy=[0.244079, 0.000420415, -0.262479] v_body=[-0.283373, 0.357287, -0.680734]
---------------------------------------
| rollout/                |           |
|    ep_len_mean          | 494       |
|    ep_rew_mean          | 18        |
| time/                   |           |
|    fps                  | 2586      |
|    iterations           | 87        |
|    time_elapsed         | 4408      |
|    total_timesteps      | 11403264  |
| train/                  |           |
|    approx_kl            | 0.0015594 |
|    clip_fraction        | 0.035     |
|    clip_range           | 0.1       |
|    clip_range_vf        | 0.2       |
|    entropy_loss         | -14.5     |
|    explained_variance   | 0.812     |
|    learning_rate        | 5e-06     |
|    loss                 | 0.12      |
|    n_updates            | 5280      |
|    policy_gradient_loss | -0.00178  |
|    std                  | 0.443     |
|    value_loss           | 0.739     |
---------------------------------------
[HumanoidEnv] Reset state env_id=0 z=0.29908 rpy=[0.000830595, -0.00279588, 0.000819372]
[HumanoidEnv] unhealthy terminate at step=426 z=0.199407 rpy=[-0.427169, 0.184393, -0.188457] v_body=[2.99491, 1.20041, -1.39795]
------------------------------------------
| rollout/                |              |
|    ep_len_mean          | 462          |
|    ep_rew_mean          | 17.3         |
| time/                   |              |
|    fps                  | 2586         |
|    iterations           | 88           |
|    time_elapsed         | 4459         |
|    total_timesteps      | 11534336     |
| train/                  |              |
|    approx_kl            | 0.0015976572 |
|    clip_fraction        | 0.0403       |
|    clip_range           | 0.1          |
|    clip_range_vf        | 0.2          |
|    entropy_loss         | -14.6        |
|    explained_variance   | 0.837        |
|    learning_rate        | 5e-06        |
|    loss                 | 0.0212       |
|    n_updates            | 5290         |
|    policy_gradient_loss | -0.00205     |
|    std                  | 0.445        |
|    value_loss           | 0.678        |
------------------------------------------
[HumanoidEnv] Reset state env_id=0 z=0.299104 rpy=[0.00246796, -0.00276532, 0.000177277]
[HumanoidEnv] unhealthy terminate at step=752 z=0.199981 rpy=[-0.870565, 0.466436, 1.34967] v_body=[0.651125, -0.24793, -0.494407]
------------------------------------------
| rollout/                |              |
|    ep_len_mean          | 506          |
|    ep_rew_mean          | 18.6         |
| time/                   |              |
|    fps                  | 2586         |
|    iterations           | 89           |
|    time_elapsed         | 4509         |
|    total_timesteps      | 11665408     |
| train/                  |              |
|    approx_kl            | 0.0015420525 |
|    clip_fraction        | 0.0361       |
|    clip_range           | 0.1          |
|    clip_range_vf        | 0.2          |
|    entropy_loss         | -14.7        |
|    explained_variance   | 0.826        |
|    learning_rate        | 5e-06        |
|    loss                 | -0.0902      |
|    n_updates            | 5300         |
|    policy_gradient_loss | -0.0019      |
|    std                  | 0.447        |
|    value_loss           | 0.674        |
------------------------------------------
[HumanoidEnv] Reset state env_id=0 z=0.299217 rpy=[-0.00168046, -0.000960482, 0.0010371]
[HumanoidEnv] unhealthy terminate at step=619 z=0.192663 rpy=[0.35055, -0.126282, 0.711757] v_body=[2.22458, -0.78278, -1.54408]
------------------------------------------
| rollout/                |              |
|    ep_len_mean          | 484          |
|    ep_rew_mean          | 17.9         |
| time/                   |              |
|    fps                  | 2586         |
|    iterations           | 90           |
|    time_elapsed         | 4560         |
|    total_timesteps      | 11796480     |
| train/                  |              |
|    approx_kl            | 0.0015670503 |
|    clip_fraction        | 0.0361       |
|    clip_range           | 0.1          |
|    clip_range_vf        | 0.2          |
|    entropy_loss         | -14.8        |
|    explained_variance   | 0.852        |
|    learning_rate        | 5e-06        |
|    loss                 | -0.181       |
|    n_updates            | 5310         |
|    policy_gradient_loss | -0.002       |
|    std                  | 0.449        |
|    value_loss           | 0.606        |
------------------------------------------
[HumanoidEnv] Reset state env_id=0 z=0.299098 rpy=[0.0011447, -0.00246991, 0.000222362]
[HumanoidEnv] unhealthy terminate at step=474 z=0.190534 rpy=[2.06748, 0.0676812, -2.08182] v_body=[2.30347, 0.688691, -0.999318]
------------------------------------------
| rollout/                |              |
|    ep_len_mean          | 470          |
|    ep_rew_mean          | 17.4         |
| time/                   |              |
|    fps                  | 2586         |
|    iterations           | 91           |
|    time_elapsed         | 4611         |
|    total_timesteps      | 11927552     |
| train/                  |              |
|    approx_kl            | 0.0015495655 |
|    clip_fraction        | 0.0372       |
|    clip_range           | 0.1          |
|    clip_range_vf        | 0.2          |
|    entropy_loss         | -14.9        |
|    explained_variance   | 0.832        |
|    learning_rate        | 5e-06        |
|    loss                 | -0.0664      |
|    n_updates            | 5320         |
|    policy_gradient_loss | -0.0019      |
|    std                  | 0.451        |
|    value_loss           | 0.681        |
------------------------------------------
INFO:root:VecNormalize statistics saved at: data/beta3/quadruped_ppo_model_ckpt_vecnormalize.pkl
INFO:root:Model saved at: data/beta3/quadruped_ppo_model_ckpt.zip
INFO:root:Checkpoint written at 12002304 timesteps
[HumanoidEnv] Reset state env_id=0 z=0.299197 rpy=[0.00220565, -0.00161032, 0.000460828]
[HumanoidEnv] unhealthy terminate at step=428 z=0.192123 rpy=[-1.80521, 0.316404, 0.291234] v_body=[-1.4515, -1.70947, -0.0965734]
------------------------------------------
| rollout/                |              |
|    ep_len_mean          | 457          |
|    ep_rew_mean          | 17           |
| time/                   |              |
|    fps                  | 2586         |
|    iterations           | 92           |
|    time_elapsed         | 4661         |
|    total_timesteps      | 12058624     |
| train/                  |              |
|    approx_kl            | 0.0015384657 |
|    clip_fraction        | 0.0366       |
|    clip_range           | 0.1          |
|    clip_range_vf        | 0.2          |
|    entropy_loss         | -15          |
|    explained_variance   | 0.838        |
|    learning_rate        | 5e-06        |
|    loss                 | 0.0554       |
|    n_updates            | 5330         |
|    policy_gradient_loss | -0.00194     |
|    std                  | 0.453        |
|    value_loss           | 0.706        |
------------------------------------------
[HumanoidEnv] Reset state env_id=0 z=0.299103 rpy=[-0.00114925, -0.00250609, 0.000908388]
[HumanoidEnv] unhealthy terminate at step=342 z=0.19081 rpy=[0.060432, 0.27317, -0.095136] v_body=[0.959219, -1.09802, -1.60253]
[HumanoidEnv] Reset state env_id=0 z=0.299189 rpy=[0.00188484, -0.0016191, 0.000526649]
[HumanoidEnv] unhealthy terminate at step=234 z=0.194563 rpy=[-0.151237, 0.0886118, 0.137655] v_body=[-1.7204, 0.976496, -0.896689]
------------------------------------------
| rollout/                |              |
|    ep_len_mean          | 415          |
|    ep_rew_mean          | 15.8         |
| time/                   |              |
|    fps                  | 2586         |
|    iterations           | 93           |
|    time_elapsed         | 4712         |
|    total_timesteps      | 12189696     |
| train/                  |              |
|    approx_kl            | 0.0015700423 |
|    clip_fraction        | 0.0378       |
|    clip_range           | 0.1          |
|    clip_range_vf        | 0.2          |
|    entropy_loss         | -15.1        |
|    explained_variance   | 0.824        |
|    learning_rate        | 5e-06        |
|    loss                 | -0.0569      |
|    n_updates            | 5340         |
|    policy_gradient_loss | -0.00196     |
|    std                  | 0.455        |
|    value_loss           | 0.752        |
------------------------------------------
[HumanoidEnv] Reset state env_id=0 z=0.299175 rpy=[-0.000659135, -0.00148365, 0.000834001]
[HumanoidEnv] unhealthy terminate at step=468 z=0.19029 rpy=[0.0188168, 0.0500137, 0.0673437] v_body=[-1.21684, -1.29585, -1.15224]
------------------------------------------
| rollout/                |              |
|    ep_len_mean          | 419          |
|    ep_rew_mean          | 15.8         |
| time/                   |              |
|    fps                  | 2586         |
|    iterations           | 94           |
|    time_elapsed         | 4764         |
|    total_timesteps      | 12320768     |
| train/                  |              |
|    approx_kl            | 0.0015436786 |
|    clip_fraction        | 0.0362       |
|    clip_range           | 0.1          |
|    clip_range_vf        | 0.2          |
|    entropy_loss         | -15.2        |
|    explained_variance   | 0.814        |
|    learning_rate        | 5e-06        |
|    loss                 | 0.146        |
|    n_updates            | 5350         |
|    policy_gradient_loss | -0.00182     |
|    std                  | 0.457        |
|    value_loss           | 0.818        |
------------------------------------------
[HumanoidEnv] Reset state env_id=0 z=0.299263 rpy=[-0.000255895, -0.00034012, 0.00100154]
[HumanoidEnv] unhealthy terminate at step=575 z=0.195079 rpy=[0.405596, -0.33529, 0.276489] v_body=[1.59831, 0.723491, -0.145142]
------------------------------------------
| rollout/                |              |
|    ep_len_mean          | 421          |
|    ep_rew_mean          | 15.3         |
| time/                   |              |
|    fps                  | 2586         |
|    iterations           | 95           |
|    time_elapsed         | 4815         |
|    total_timesteps      | 12451840     |
| train/                  |              |
|    approx_kl            | 0.0016164964 |
|    clip_fraction        | 0.0396       |
|    clip_range           | 0.1          |
|    clip_range_vf        | 0.2          |
|    entropy_loss         | -15.3        |
|    explained_variance   | 0.811        |
|    learning_rate        | 5e-06        |
|    loss                 | 0.125        |
|    n_updates            | 5360         |
|    policy_gradient_loss | -0.00198     |
|    std                  | 0.459        |
|    value_loss           | 0.793        |
------------------------------------------
------------------------------------------
| rollout/                |              |
|    ep_len_mean          | 411          |
|    ep_rew_mean          | 15.5         |
| time/                   |              |
|    fps                  | 2586         |
|    iterations           | 96           |
|    time_elapsed         | 4865         |
|    total_timesteps      | 12582912     |
| train/                  |              |
|    approx_kl            | 0.0015943898 |
|    clip_fraction        | 0.0391       |
|    clip_range           | 0.1          |
|    clip_range_vf        | 0.2          |
|    entropy_loss         | -15.4        |
|    explained_variance   | 0.811        |
|    learning_rate        | 5e-06        |
|    loss                 | -0.0387      |
|    n_updates            | 5370         |
|    policy_gradient_loss | -0.00188     |
|    std                  | 0.461        |
|    value_loss           | 0.818        |
------------------------------------------
INFO:root:VecNormalize statistics saved at: data/beta3/quadruped_ppo_model_vecnormalize.pkl
INFO:root:Model saved at: data/beta3/quadruped_ppo_model.zip
INFO:root:Model saved at: data/beta3/quadruped_ppo_model.zip
INFO:root:Training complete.
[HumanoidEnv] Reset state env_id=0 z=0.299227 rpy=[-0.001316, -0.00063919, 0.000844164]
[HumanoidEnv] Reset state env_id=0 z=0.299262 rpy=[0.0012548, -0.00050197, 0.00032032]
[HumanoidEnv] unhealthy terminate at step=503 z=0.198006 rpy=[-0.397154, -0.525394, -0.940377] v_body=[-0.474889, -1.0714, 0.330144]
EnvPool Evaluation - Humanoid-v4
Mean Reward: 293.36 +/- 107.07
Function main took 5041.88 seconds to run.
[HumanoidEnv] Reset state env_id=0 z=0.299087 rpy=[0.00247795, -0.00310442, 0.000467525]
cleanupHardware(SIM): Cleaning up hardware components...
cleanupHardware(SIM): Cleaning up hardware components...
cleanupHardware(SIM): Cleaning up hardware components...
cleanupHardware(SIM): Cleaning up hardware components...
cleanupHardware(SIM): Cleaning up hardware components...
cleanupHardware(SIM): Cleaning up hardware components...
cleanupHardware(SIM): Cleaning up hardware components...
cleanupHardware(SIM): Cleaning up hardware components...
cleanupHardware(SIM): Cleaning up hardware components...
cleanupHardware(SIM): Cleaning up hardware components...
cleanupHardware(SIM): Cleaning up hardware components...
cleanupHardware(SIM): Cleaning up hardware components...
cleanupHardware(SIM): Cleaning up hardware components...
cleanupHardware(SIM): Cleaning up hardware components...
cleanupHardware(SIM): Cleaning up hardware components...
cleanupHardware(SIM): Cleaning up hardware components...
cleanupHardware(SIM): Cleaning up hardware components...
cleanupHardware(SIM): Cleaning up hardware components...
cleanupHardware(SIM): Cleaning up hardware components...
cleanupHardware(SIM): Cleaning up hardware components...
cleanupHardware(SIM): Cleaning up hardware components...
cleanupHardware(SIM): Cleaning up hardware components...
cleanupHardware(SIM): Cleaning up hardware components...
cleanupHardware(SIM): Cleaning up hardware components...
cleanupHardware(SIM): Cleaning up hardware components...
cleanupHardware(SIM): Cleaning up hardware components...
cleanupHardware(SIM): Cleaning up hardware components...
cleanupHardware(SIM): Cleaning up hardware components...
cleanupHardware(SIM): Cleaning up hardware components...
cleanupHardware(SIM): Cleaning up hardware components...
cleanupHardware(SIM): Cleaning up hardware components...
cleanupHardware(SIM): Cleaning up hardware components...
cleanupHardware(SIM): Cleaning up hardware components...
cleanupHardware(SIM): Cleaning up hardware components...
cleanupHardware(SIM): Cleaning up hardware components...
cleanupHardware(SIM): Cleaning up hardware components...
cleanupHardware(SIM): Cleaning up hardware components...
cleanupHardware(SIM): Cleaning up hardware components...
cleanupHardware(SIM): Cleaning up hardware components...
cleanupHardware(SIM): Cleaning up hardware components...
cleanupHardware(SIM): Cleaning up hardware components...
cleanupHardware(SIM): Cleaning up hardware components...
cleanupHardware(SIM): Cleaning up hardware components...
cleanupHardware(SIM): Cleaning up hardware components...
cleanupHardware(SIM): Cleaning up hardware components...
cleanupHardware(SIM): Cleaning up hardware components...
cleanupHardware(SIM): Cleaning up hardware components...
cleanupHardware(SIM): Cleaning up hardware components...
cleanupHardware(SIM): Cleaning up hardware components...
cleanupHardware(SIM): Cleaning up hardware components...
cleanupHardware(SIM): Cleaning up hardware components...
cleanupHardware(SIM): Cleaning up hardware components...
cleanupHardware(SIM): Cleaning up hardware components...
cleanupHardware(SIM): Cleaning up hardware components...
cleanupHardware(SIM): Cleaning up hardware components...
cleanupHardware(SIM): Cleaning up hardware components...
cleanupHardware(SIM): Cleaning up hardware components...
cleanupHardware(SIM): Cleaning up hardware components...
cleanupHardware(SIM): Cleaning up hardware components...
cleanupHardware(SIM): Cleaning up hardware components...
cleanupHardware(SIM): Cleaning up hardware components...
cleanupHardware(SIM): Cleaning up hardware components...
cleanupHardware(SIM): Cleaning up hardware components...
cleanupHardware(SIM): Cleaning up hardware components...
cleanupHardware(SIM): Cleaning up hardware components...
cleanupHardware(SIM): Cleaning up hardware components...
cleanupHardware(SIM): Cleaning up hardware components...
cleanupHardware(SIM): Cleaning up hardware components...
cleanupHardware(SIM): Cleaning up hardware components...
cleanupHardware(SIM): Cleaning up hardware components...
cleanupHardware(SIM): Cleaning up hardware components...
cleanupHardware(SIM): Cleaning up hardware components...
cleanupHardware(SIM): Cleaning up hardware components...
cleanupHardware(SIM): Cleaning up hardware components...
cleanupHardware(SIM): Cleaning up hardware components...
cleanupHardware(SIM): Cleaning up hardware components...
cleanupHardware(SIM): Cleaning up hardware components...
cleanupHardware(SIM): Cleaning up hardware components...
cleanupHardware(SIM): Cleaning up hardware components...
cleanupHardware(SIM): Cleaning up hardware components...
cleanupHardware(SIM): Cleaning up hardware components...
cleanupHardware(SIM): Cleaning up hardware components...
cleanupHardware(SIM): Cleaning up hardware components...
cleanupHardware(SIM): Cleaning up hardware components...
cleanupHardware(SIM): Cleaning up hardware components...
cleanupHardware(SIM): Cleaning up hardware components...
cleanupHardware(SIM): Cleaning up hardware components...
cleanupHardware(SIM): Cleaning up hardware components...
cleanupHardware(SIM): Cleaning up hardware components...
cleanupHardware(SIM): Cleaning up hardware components...
cleanupHardware(SIM): Cleaning up hardware components...
cleanupHardware(SIM): Cleaning up hardware components...
cleanupHardware(SIM): Cleaning up hardware components...
cleanupHardware(SIM): Cleaning up hardware components...
cleanupHardware(SIM): Cleaning up hardware components...
cleanupHardware(SIM): Cleaning up hardware components...
cleanupHardware(SIM): Cleaning up hardware components...
cleanupHardware(SIM): Cleaning up hardware components...
cleanupHardware(SIM): Cleaning up hardware components...
cleanupHardware(SIM): Cleaning up hardware components...
cleanupHardware(SIM): Cleaning up hardware components...
cleanupHardware(SIM): Cleaning up hardware components...
cleanupHardware(SIM): Cleaning up hardware components...
cleanupHardware(SIM): Cleaning up hardware components...
cleanupHardware(SIM): Cleaning up hardware components...
cleanupHardware(SIM): Cleaning up hardware components...
cleanupHardware(SIM): Cleaning up hardware components...
cleanupHardware(SIM): Cleaning up hardware components...
cleanupHardware(SIM): Cleaning up hardware components...
cleanupHardware(SIM): Cleaning up hardware components...
cleanupHardware(SIM): Cleaning up hardware components...
cleanupHardware(SIM): Cleaning up hardware components...
cleanupHardware(SIM): Cleaning up hardware components...
cleanupHardware(SIM): Cleaning up hardware components...
cleanupHardware(SIM): Cleaning up hardware components...
cleanupHardware(SIM): Cleaning up hardware components...
cleanupHardware(SIM): Cleaning up hardware components...
cleanupHardware(SIM): Cleaning up hardware components...
cleanupHardware(SIM): Cleaning up hardware components...
cleanupHardware(SIM): Cleaning up hardware components...
cleanupHardware(SIM): Cleaning up hardware components...
cleanupHardware(SIM): Cleaning up hardware components...
cleanupHardware(SIM): Cleaning up hardware components...
cleanupHardware(SIM): Cleaning up hardware components...
cleanupHardware(SIM): Cleaning up hardware components...
cleanupHardware(SIM): Cleaning up hardware components...
cleanupHardware(SIM): Cleaning up hardware components...
cleanupHardware(SIM): Cleaning up hardware components...
cleanupHardware(SIM): Cleaning up hardware components...
cleanupHardware(SIM): Cleaning up hardware components...
cleanupHardware(SIM): Cleaning up hardware components...
cleanupHardware(SIM): Cleaning up hardware components...
cleanupHardware(SIM): Cleaning up hardware components...
cleanupHardware(SIM): Cleaning up hardware components...
cleanupHardware(SIM): Cleaning up hardware components...
cleanupHardware(SIM): Cleaning up hardware components...
cleanupHardware(SIM): Cleaning up hardware components...
cleanupHardware(SIM): Cleaning up hardware components...
cleanupHardware(SIM): Cleaning up hardware components...
cleanupHardware(SIM): Cleaning up hardware components...
cleanupHardware(SIM): Cleaning up hardware components...
cleanupHardware(SIM): Cleaning up hardware components...
cleanupHardware(SIM): Cleaning up hardware components...
cleanupHardware(SIM): Cleaning up hardware components...
cleanupHardware(SIM): Cleaning up hardware components...
cleanupHardware(SIM): Cleaning up hardware components...
cleanupHardware(SIM): Cleaning up hardware components...
cleanupHardware(SIM): Cleaning up hardware components...
cleanupHardware(SIM): Cleaning up hardware components...
cleanupHardware(SIM): Cleaning up hardware components...
cleanupHardware(SIM): Cleaning up hardware components...
cleanupHardware(SIM): Cleaning up hardware components...
cleanupHardware(SIM): Cleaning up hardware components...
cleanupHardware(SIM): Cleaning up hardware components...
cleanupHardware(SIM): Cleaning up hardware components...
cleanupHardware(SIM): Cleaning up hardware components...
cleanupHardware(SIM): Cleaning up hardware components...
cleanupHardware(SIM): Cleaning up hardware components...
cleanupHardware(SIM): Cleaning up hardware components...
cleanupHardware(SIM): Cleaning up hardware components...
cleanupHardware(SIM): Cleaning up hardware components...
cleanupHardware(SIM): Cleaning up hardware components...
cleanupHardware(SIM): Cleaning up hardware components...
cleanupHardware(SIM): Cleaning up hardware components...
cleanupHardware(SIM): Cleaning up hardware components...
cleanupHardware(SIM): Cleaning up hardware components...
cleanupHardware(SIM): Cleaning up hardware components...
cleanupHardware(SIM): Cleaning up hardware components...
cleanupHardware(SIM): Cleaning up hardware components...
cleanupHardware(SIM): Cleaning up hardware components...
cleanupHardware(SIM): Cleaning up hardware components...
cleanupHardware(SIM): Cleaning up hardware components...
cleanupHardware(SIM): Cleaning up hardware components...
cleanupHardware(SIM): Cleaning up hardware components...
cleanupHardware(SIM): Cleaning up hardware components...
cleanupHardware(SIM): Cleaning up hardware components...
cleanupHardware(SIM): Cleaning up hardware components...
cleanupHardware(SIM): Cleaning up hardware components...
cleanupHardware(SIM): Cleaning up hardware components...
cleanupHardware(SIM): Cleaning up hardware components...
cleanupHardware(SIM): Cleaning up hardware components...
cleanupHardware(SIM): Cleaning up hardware components...
cleanupHardware(SIM): Cleaning up hardware components...
cleanupHardware(SIM): Cleaning up hardware components...
cleanupHardware(SIM): Cleaning up hardware components...
cleanupHardware(SIM): Cleaning up hardware components...
cleanupHardware(SIM): Cleaning up hardware components...
cleanupHardware(SIM): Cleaning up hardware components...
cleanupHardware(SIM): Cleaning up hardware components...
cleanupHardware(SIM): Cleaning up hardware components...
cleanupHardware(SIM): Cleaning up hardware components...
cleanupHardware(SIM): Cleaning up hardware components...
cleanupHardware(SIM): Cleaning up hardware components...
cleanupHardware(SIM): Cleaning up hardware components...
cleanupHardware(SIM): Cleaning up hardware components...
cleanupHardware(SIM): Cleaning up hardware components...
cleanupHardware(SIM): Cleaning up hardware components...
cleanupHardware(SIM): Cleaning up hardware components...
cleanupHardware(SIM): Cleaning up hardware components...
cleanupHardware(SIM): Cleaning up hardware components...
cleanupHardware(SIM): Cleaning up hardware components...
cleanupHardware(SIM): Cleaning up hardware components...
cleanupHardware(SIM): Cleaning up hardware components...
cleanupHardware(SIM): Cleaning up hardware components...
cleanupHardware(SIM): Cleaning up hardware components...
cleanupHardware(SIM): Cleaning up hardware components...
cleanupHardware(SIM): Cleaning up hardware components...
cleanupHardware(SIM): Cleaning up hardware components...
cleanupHardware(SIM): Cleaning up hardware components...
cleanupHardware(SIM): Cleaning up hardware components...
cleanupHardware(SIM): Cleaning up hardware components...
cleanupHardware(SIM): Cleaning up hardware components...
cleanupHardware(SIM): Cleaning up hardware components...
cleanupHardware(SIM): Cleaning up hardware components...
cleanupHardware(SIM): Cleaning up hardware components...
cleanupHardware(SIM): Cleaning up hardware components...
cleanupHardware(SIM): Cleaning up hardware components...
cleanupHardware(SIM): Cleaning up hardware components...
cleanupHardware(SIM): Cleaning up hardware components...
cleanupHardware(SIM): Cleaning up hardware components...
cleanupHardware(SIM): Cleaning up hardware components...
cleanupHardware(SIM): Cleaning up hardware components...
cleanupHardware(SIM): Cleaning up hardware components...
cleanupHardware(SIM): Cleaning up hardware components...
cleanupHardware(SIM): Cleaning up hardware components...
cleanupHardware(SIM): Cleaning up hardware components...
cleanupHardware(SIM): Cleaning up hardware components...
cleanupHardware(SIM): Cleaning up hardware components...
cleanupHardware(SIM): Cleaning up hardware components...
cleanupHardware(SIM): Cleaning up hardware components...
cleanupHardware(SIM): Cleaning up hardware components...
cleanupHardware(SIM): Cleaning up hardware components...
cleanupHardware(SIM): Cleaning up hardware components...
cleanupHardware(SIM): Cleaning up hardware components...
cleanupHardware(SIM): Cleaning up hardware components...
cleanupHardware(SIM): Cleaning up hardware components...
cleanupHardware(SIM): Cleaning up hardware components...
cleanupHardware(SIM): Cleaning up hardware components...
cleanupHardware(SIM): Cleaning up hardware components...
cleanupHardware(SIM): Cleaning up hardware components...
cleanupHardware(SIM): Cleaning up hardware components...
cleanupHardware(SIM): Cleaning up hardware components...
cleanupHardware(SIM): Cleaning up hardware components...
cleanupHardware(SIM): Cleaning up hardware components...
cleanupHardware(SIM): Cleaning up hardware components...
cleanupHardware(SIM): Cleaning up hardware components...
cleanupHardware(SIM): Cleaning up hardware components...
cleanupHardware(SIM): Cleaning up hardware components...
cleanupHardware(SIM): Cleaning up hardware components...
cleanupHardware(SIM): Cleaning up hardware components...
cleanupHardware(SIM): Cleaning up hardware components...
cleanupHardware(SIM): Cleaning up hardware components...
cleanupHardware(SIM): Cleaning up hardware components...
cleanupHardware(SIM): Cleaning up hardware components...
cleanupHardware(SIM): Cleaning up hardware components...
cleanupHardware(SIM): Cleaning up hardware components...
