train/action_std_06,train/action_std_10,rollout/episodes_noforce,train/action_std_13,train/std_min,train/action_std_08,train/action_std_14,train/action_std_04,train/action_std_17,train/action_std_02,train/action_std_09,train/action_std_20,train/action_std_01,train/action_std_07,rollout/force_requested_impulse_mean,train/action_std_24,time/iterations,rollout/ep_rew_mean,train/action_std_03,rollout/ep_len_mean,train/action_std_23,train/action_std_18,train/action_std_11,train/action_std_05,rollout/action_saturation_fraction,train/action_std_12,time/time_elapsed,train/action_std_19,train/action_std_22,time/total_timesteps,train/action_std_16,rollout/recovery_noforce,time/fps,rollout/is_timeout_mean,rollout/force_direction_mean,train/std_max,rollout/is_fall_mean,train/action_std_21,train/action_std_00,train/action_std_15,rollout/force_onset_mean,train/learning_rate,train/loss,train/clip_range,train/clip_range_vf,train/value_loss,train/entropy_loss,train/std,rollout/timeouts,train/policy_gradient_loss,train/explained_variance,train/n_updates,train/approx_kl,train/clip_fraction,rollout/timeout_without_onset_fraction
0.04999999701976776,0.04999999701976776,61,0.04999999701976776,0.04999999701976776,0.04999999701976776,0.04999999701976776,0.04999999701976776,0.04999999701976776,0.04999999701976776,0.04999999701976776,0.04999999701976776,0.04999999701976776,0.04999999701976776,0.0,0.04999999701976776,1,212.540283203125,0.04999999701976776,332.1803278688525,0.04999999701976776,0.04999999701976776,0.04999999701976776,0.04999999701976776,0.0,0.04999999701976776,41,0.04999999701976776,0.04999999701976776,131072,0.04999999701976776,0.0,3181,0.0,-1.0,0.04999999701976776,1.0,0.04999999701976776,0.04999999701976776,0.04999999701976776,1.159868852459017,,,,,,,,,,,,,,
0.050010643899440765,0.05001193284988403,215,0.05001220852136612,0.0500064492225647,0.05001743137836456,0.05001016706228256,0.05002118647098541,0.05000868812203407,0.05002205818891525,0.05000866577029228,0.05001046508550644,0.05001560598611832,0.05001202970743179,0.0,0.05001041665673256,2,665.8738403320312,0.050008226186037064,1000.0,0.0500166080892086,0.050010014325380325,0.050009679049253464,0.050015177577733994,0.0,0.05000985786318779,100,0.05000847578048706,0.0500064492225647,262144,0.05001462623476982,0.5581395348837209,2596,0.5581395348837209,-1.0,0.05002205818891525,0.4418604651162791,0.050013087689876556,0.05001112073659897,0.050008535385131836,1.3934976744186056,1e-06,3.894942045211792,0.1,0.2,3.0537991425022484,39.41678967177868,0.05001213401556015,120,-0.002055547765303345,-0.1506786346435547,10,0.0012560658,0.02822723388671875,0.0
0.05002683773636818,0.05003010854125023,115,0.05002359673380852,0.05001417547464371,0.05003199353814125,0.05002724379301071,0.0500362254679203,0.05001809820532799,0.05003734678030014,0.05002540722489357,0.05002310499548912,0.05002753064036369,0.05002216249704361,0.0,0.05002185329794884,3,441.4155578613281,0.0500342957675457,676.72,0.05002472922205925,0.050023894757032394,0.05003156140446663,0.050033506006002426,0.0,0.05001417547464371,160,0.050019241869449615,0.05002639815211296,393216,0.05002453923225403,0.3130434782608696,2452,0.3130434782608696,-1.0,0.05003734678030014,0.6869565217391305,0.05002444237470627,0.05003480613231659,0.050026435405015945,1.349495652173914,1e-06,1.754341959953308,0.1,0.2,1.4876245146617293,39.41016662418842,0.050026778131723404,36,-0.0024151086077836225,-0.4791189432144165,20,0.0012199683,0.026908111572265626,0.0
0.05003641918301582,0.050044696778059006,187,0.0500352717936039,0.05003054812550545,0.05004173889756203,0.05003499984741211,0.05005491152405739,0.05003399774432182,0.05005442351102829,0.05004661902785301,0.05003390088677406,0.050043992698192596,0.05003054812550545,0.0,0.050030726939439774,4,605.4842529296875,0.05004196614027023,914.32,0.05003659799695015,0.05004101246595383,0.050040069967508316,0.05004569888114929,0.0,0.050031229853630066,220,0.050040628761053085,0.05003691837191582,524288,0.05004351586103439,0.5775401069518716,2373,0.5775401069518716,-1.0,0.05005491152405739,0.42245989304812837,0.05004386231303215,0.05004407837986946,0.0500391386449337,1.4015614973262043,1e-06,1.9021570682525635,0.1,0.2,1.6063715860247612,39.40311162471771,0.05004027858376503,108,-0.0023182743160305107,-0.28605151176452637,30,0.0012331381,0.02867889404296875,0.0
0.05004948377609253,0.05005380138754845,148,0.05004550889134407,0.05004029721021652,0.05006086826324463,0.05004825443029404,0.050070248544216156,0.05004426836967468,0.05006859079003334,0.0500572994351387,0.050049781799316406,0.05005534365773201,0.05004291981458664,0.0,0.05004029721021652,5,479.61468505859375,0.050056248903274536,741.67,0.050055891275405884,0.0500464029610157,0.050054147839546204,0.05005898326635361,0.0,0.05004601180553436,281,0.05006233602762222,0.05004663020372391,655360,0.05006096512079239,0.4391891891891892,2328,0.4391891891891892,-1.0,0.050070248544216156,0.5608108108108109,0.050058361142873764,0.050058744847774506,0.0500548779964447,1.391500000000001,1e-06,1.9252288341522217,0.1,0.2,1.6278856020420789,39.39632433056831,0.050053853541612625,65,-0.0023696076252235796,0.0006272196769714355,40,0.0012790749,0.03213577270507813,0.0
0.05005934089422226,0.05007045343518257,169,0.050058670341968536,0.050048455595970154,0.05007143318653107,0.05006451904773712,0.0500812828540802,0.05006086826324463,0.050083789974451065,0.05006861314177513,0.050066858530044556,0.050072770565748215,0.05005491152405739,0.0,0.05005565285682678,6,527.6602172851562,0.050059232860803604,808.25,0.05006861314177513,0.05006352812051773,0.05006454512476921,0.050071731209754944,0.0,0.050048455595970154,342,0.05008111521601677,0.05006304010748863,786432,0.05007374659180641,0.46745562130177515,2299,0.46745562130177515,-1.0,0.050083789974451065,0.5325443786982249,0.050062742084264755,0.05007397383451462,0.05006136745214462,1.3831597633136103,1e-06,1.9731619358062744,0.1,0.2,1.6595016499049962,39.38979416489601,0.05006645247340202,79,-0.0022815143782736413,0.2689419388771057,50,0.0012122719,0.026276397705078124,0.0
0.050071194767951965,0.05007709190249443,169,0.050070155411958694,0.050046809017658234,0.05008137598633766,0.0500696636736393,0.05009753629565239,0.05008208006620407,0.05010393634438515,0.05008460208773613,0.05008571222424507,0.05008239299058914,0.05006566643714905,0.0,0.050072792917490005,7,489.1239318847656,0.05007230490446091,748.5,0.05008344352245331,0.05007084831595421,0.05008259415626526,0.0500841848552227,0.0,0.050046809017658234,402,0.05009092018008232,0.05008005350828171,917504,0.05008438602089882,0.4437869822485207,2276,0.4437869822485207,-1.0,0.05010393634438515,0.5562130177514792,0.050076924264431,0.050082799047231674,0.0500754676759243,1.3931479289940838,1e-06,1.8878060579299927,0.1,0.2,1.6230846223421396,39.383531019091606,0.050078991800546646,75,-0.0025352576236400636,0.40410709381103516,60,0.0012999746,0.033245849609375,0.0
0.05007730424404144,0.05008634552359581,165,0.05008191615343094,0.05006386339664459,0.050096768885850906,0.05008186772465706,0.0501115582883358,0.050104547291994095,0.05011472478508949,0.050102777779102325,0.05010387673974037,0.050093941390514374,0.050074417144060135,0.0,0.05008245259523392,8,529.999267578125,0.050087012350559235,812.72,0.05009526386857033,0.05008753761649132,0.05009213835000992,0.05009269714355469,0.0,0.05006386339664459,463,0.05010424926877022,0.05010061711072922,1048576,0.0500941202044487,0.4727272727272727,2261,0.4727272727272727,-1.0,0.05011472478508949,0.5272727272727272,0.05009051412343979,0.050102803856134415,0.050087012350559235,1.4073454545454556,1e-06,1.9349217414855957,0.1,0.2,1.6254430300556124,39.376982393860814,0.050092410296201706,78,-0.002402970939874649,0.44383907318115234,70,0.0012838097,0.0324951171875,0.0
0.05009089410305023,0.050093259662389755,171,0.05009020119905472,0.05007652938365936,0.05010863393545151,0.0500943586230278,0.050118643790483475,0.05012337863445282,0.050133489072322845,0.05011719837784767,0.050120316445827484,0.05011291056871414,0.05008869618177414,0.0,0.050094906240701675,9,504.66534423828125,0.050095003098249435,770.38,0.05010750889778137,0.050100233405828476,0.05010554939508438,0.05011177435517311,0.0,0.05007652938365936,524,0.05011427029967308,0.050116170197725296,1179648,0.050113290548324585,0.4619883040935672,2248,0.4619883040935672,-1.0,0.050133489072322845,0.5380116959064327,0.050100818276405334,0.05011758208274841,0.050103724002838135,1.3772280701754398,1e-06,1.9221067428588867,0.1,0.2,1.6274525049142539,39.37028190195561,0.050105974078178406,79,-0.002133557216347981,0.526914119720459,80,0.0011620296,0.025177764892578124,0.0
0.05010819062590599,0.0501006543636322,167,0.05010238289833069,0.05008488893508911,0.0501125268638134,0.050113316625356674,0.05013207718729973,0.050140637904405594,0.05014948174357414,0.05012776330113411,0.050135135650634766,0.05012365058064461,0.05009813234210014,0.0,0.050108619034290314,10,527.2488403320312,0.05010571703314781,807.56,0.050119709223508835,0.050113290548324585,0.0501234233379364,0.05012553930282593,0.0,0.05008488893508911,585,0.05013033375144005,0.05012916028499603,1310720,0.05012497678399086,0.5269461077844312,2238,0.5269461077844312,-1.0,0.05014948174357414,0.47305389221556887,0.05011112987995148,0.05014118552207947,0.050115276128053665,1.358802395209582,1e-06,1.8864541053771973,0.1,0.2,1.6189075984992087,39.363642141222954,0.05011909082531929,88,-0.002186684720618359,0.5609467029571533,90,0.0011991855,0.02696075439453125,0.0
0.05011222884058952,0.050115883350372314,167,0.05011925473809242,0.05010206252336502,0.05012441799044609,0.05012986809015274,0.050141915678977966,0.05015625059604645,0.05016693100333214,0.05013464763760567,0.05014900490641594,0.05013805255293846,0.05011570453643799,0.0,0.050113528966903687,11,516.419189453125,0.050115156918764114,795.28,0.05013364180922508,0.050123125314712524,0.050131432712078094,0.05015188828110695,0.0,0.05010206252336502,646,0.05014267936348915,0.05014586076140404,1441792,0.050135258585214615,0.49101796407185627,2230,0.49101796407185627,-1.0,0.05016693100333214,0.5089820359281437,0.05012990161776543,0.050147894769907,0.050130702555179596,1.3853892215568873,1e-06,1.8856613636016846,0.1,0.2,1.5888379801996053,39.35705493092537,0.05013228952884674,82,-0.002190069137532191,0.6015356779098511,100,0.0011995267,0.026690673828125,0.0
0.05011611059308052,0.05012623220682144,168,0.05012739077210426,0.050110723823308945,0.05013493448495865,0.050153009593486786,0.05015940964221954,0.05017535015940666,0.050179265439510345,0.050152771174907684,0.0501570999622345,0.05014895647764206,0.050117772072553635,0.0,0.050123509019613266,12,506.69854736328125,0.05012068897485733,781.56,0.05015043914318085,0.05012824013829231,0.05014403164386749,0.05016783997416496,0.0,0.050110723823308945,707,0.05016060546040535,0.050161514431238174,1572864,0.05015150457620621,0.42857142857142855,2222,0.42857142857142855,-1.0,0.050179265439510345,0.5714285714285714,0.050150033086538315,0.050164587795734406,0.05014229938387871,1.3977142857142868,1e-06,1.8231792449951172,0.1,0.2,1.5771602727472782,39.35057157576084,0.050144974142313004,72,-0.002294497268212581,0.6286889910697937,110,0.0012370632,0.02887115478515625,0.0
0.0501183457672596,0.05014090985059738,159,0.05013027414679527,0.0501183457672596,0.05016286298632622,0.050170961767435074,0.05016689375042915,0.050185125321149826,0.050200119614601135,0.05017352104187012,0.050170544534921646,0.05015576258301735,0.05012211203575134,0.0,0.05013144388794899,13,552.725830078125,0.050129398703575134,840.67,0.05016768351197243,0.05013933405280113,0.05015700310468674,0.050178054720163345,0.0,0.05012467876076698,768,0.050171978771686554,0.0501735582947731,1703936,0.05016496777534485,0.5660377358490566,2216,0.5660377358490566,-1.0,0.050200119614601135,0.4339622641509434,0.05016239732503891,0.050175122916698456,0.05015609413385391,1.4053081761006299,1e-06,1.8653546571731567,0.1,0.2,1.5693417523987592,39.34438310861587,0.05015716701745987,90,-0.0023117325716157213,0.6469788551330566,120,0.0012345978,0.029620361328125,0.0
0.05013260245323181,0.050144556909799576,183,0.05014915019273758,0.050132542848587036,0.050180841237306595,0.05019211396574974,0.050185687839984894,0.05020499229431152,0.050214868038892746,0.05018322542309761,0.05019382759928703,0.05016201362013817,0.050132542848587036,0.0,0.0501505583524704,14,514.1974487304688,0.05014492943882942,786.34,0.05017149820923805,0.05015118047595024,0.05016864091157913,0.05018991231918335,0.0,0.05013564974069595,829,0.050181224942207336,0.05018315091729164,1835008,0.05017935857176781,0.4808743169398907,2212,0.4808743169398907,-1.0,0.050214868038892746,0.5191256830601093,0.05017358064651489,0.050193142145872116,0.050158847123384476,1.4002404371584711,1e-06,1.832468032836914,0.1,0.2,1.5814571118913592,39.3380385607481,0.05017032474279404,88,-0.0024783419585673984,0.6215265989303589,130,0.0012957169,0.033014678955078126,0.0
0.05014215409755707,0.050157543271780014,150,0.05016964673995972,0.050139859318733215,0.05019322782754898,0.05020182207226753,0.05019192397594452,0.05021929740905762,0.050230253487825394,0.05019752308726311,0.05020032450556755,0.05017469450831413,0.050139859318733215,0.0,0.050167515873909,15,529.104248046875,0.05016377195715904,809.9,0.05018641799688339,0.05015552043914795,0.05017939582467079,0.05019289255142212,0.0,0.05015554651618004,890,0.05019507184624672,0.05020100623369217,1966080,0.05018598958849907,0.5266666666666666,2208,0.5266666666666666,-1.0,0.050230253487825394,0.47333333333333333,0.05019127577543259,0.05020550638437271,0.050169166177511215,1.385760000000001,1e-06,1.8499655723571777,0.1,0.2,1.5575871923007072,39.331710159778595,0.05018268898129463,79,-0.002248900109043461,0.6496709585189819,140,0.0012693345,0.031313323974609376,0.0
0.050153929740190506,0.05017170310020447,179,0.05017806589603424,0.05014125630259514,0.050208836793899536,0.05021750181913376,0.05020950362086296,0.05023636296391487,0.05024382472038269,0.050205349922180176,0.05021951347589493,0.05019095540046692,0.05014125630259514,0.0,0.05017872527241707,16,495.5659484863281,0.050176188349723816,761.17,0.0501999668776989,0.05016211047768593,0.05019456893205643,0.05020982772111893,0.0,0.05016954988241196,951,0.05020921677350998,0.05021850764751434,2097152,0.05018464848399162,0.5027932960893855,2204,0.5027932960893855,-1.0,0.05024382472038269,0.4972067039106145,0.050207145512104034,0.050217680633068085,0.05017635598778725,1.4126480446927385,1e-06,1.856156587600708,0.1,0.2,1.5361869147978724,39.32549067437649,0.050195254385471344,90,-0.002269976230309112,0.6248631477355957,150,0.0012733988,0.03249435424804688,0.0
0.05017172545194626,0.05018620193004608,163,0.05018184706568718,0.050156369805336,0.05021541938185692,0.05024181306362152,0.050221141427755356,0.050243742763996124,0.05025159940123558,0.05020853504538536,0.05022880434989929,0.050205208361148834,0.050156369805336,0.0,0.05018877610564232,17,494.998779296875,0.05019301176071167,762.31,0.050211600959300995,0.05016695335507393,0.05021054670214653,0.05021301284432411,0.0,0.050185173749923706,1012,0.050220053642988205,0.05023689195513725,2228224,0.05019441246986389,0.44785276073619634,2200,0.44785276073619634,-1.0,0.05025159940123558,0.5521472392638037,0.050220951437950134,0.05023114010691643,0.050188858062028885,1.4022576687116575,1e-06,1.81260085105896,0.1,0.2,1.568368200957775,39.319432058930396,0.050206951797008514,73,-0.0023382707212476817,0.6577942371368408,160,0.0012313679,0.030722808837890626,0.0
0.05018187314271927,0.05019345507025719,185,0.05019531026482582,0.05017754063010216,0.05023444816470146,0.050252269953489304,0.05024346709251404,0.05025830864906311,0.05025863274931908,0.05021798238158226,0.05023106932640076,0.05021410062909126,0.05017754063010216,0.0,0.050199463963508606,18,481.0425720214844,0.05019909143447876,737.63,0.05022551119327545,0.050181299448013306,0.05022113025188446,0.050216712057590485,0.0,0.05019281059503555,1073,0.05022650584578514,0.05025818943977356,2359296,0.050203099846839905,0.43783783783783786,2198,0.43783783783783786,-1.0,0.05025863274931908,0.5621621621621622,0.050225451588630676,0.050241559743881226,0.05019998922944069,1.3823027027027037,1e-06,1.8300541639328003,0.1,0.2,1.539515727199614,39.31379903256893,0.05021797493100166,81,-0.002292334679623309,0.6725270748138428,170,0.0012288188,0.029450225830078124,0.0
0.05019739270210266,0.050202157348394394,157,0.0502128079533577,0.05019140988588333,0.05023893713951111,0.050257086753845215,0.0502498634159565,0.050274573266506195,0.05027211457490921,0.05022916570305824,0.050250496715307236,0.05023098737001419,0.05019539222121239,0.0,0.05020672827959061,19,511.5625915527344,0.05021706968545914,786.33,0.05023212358355522,0.05019140988588333,0.05023498460650444,0.05023842304944992,0.0,0.05021029710769653,1134,0.05023777484893799,0.05027179419994354,2490368,0.050216928124427795,0.4267515923566879,2195,0.4267515923566879,-1.0,0.050274573266506195,0.5732484076433121,0.05024145543575287,0.05025247484445572,0.05020974576473236,1.3450445859872622,1e-06,1.8515733480453491,0.1,0.2,1.5158350958488882,39.30780955553055,0.05023089051246643,67,-0.00219274173255144,0.6901525259017944,180,0.001206951,0.02791900634765625,0.0
0.050211504101753235,0.05021272599697113,175,0.050224997103214264,0.05020162835717201,0.050249408930540085,0.050266146659851074,0.05025867000222206,0.05028961971402168,0.05028391256928444,0.05024779215455055,0.050261594355106354,0.05023680627346039,0.05021309852600098,0.0,0.050220195204019547,20,531.4937744140625,0.05022465065121651,811.89,0.05024595931172371,0.05020162835717201,0.050249431282281876,0.05025298893451691,0.0,0.05022242292761803,1195,0.050255950540304184,0.05028706416487694,2621440,0.05022631585597992,0.5485714285714286,2192,0.5485714285714286,-1.0,0.05028961971402168,0.4514285714285714,0.050253767520189285,0.050267595797777176,0.050217777490615845,1.397462857142858,1e-06,1.861039638519287,0.1,0.2,1.4920587898232043,39.30155026912689,0.050243280827999115,96,-0.0023327001358211417,0.6826789379119873,190,0.0012420218,0.03056488037109375,0.0
0.05021682009100914,0.05021851882338524,166,0.0502389632165432,0.05021296441555023,0.05026663839817047,0.0502716489136219,0.05028363689780235,0.05030790716409683,0.05028577148914337,0.050262708216905594,0.05027390271425247,0.05025989189743996,0.0502273328602314,0.0,0.050233226269483566,21,513.220947265625,0.050240952521562576,788.9,0.05026073008775711,0.05021296441555023,0.05027136206626892,0.05025129020214081,0.0,0.05023801699280739,1257,0.050274670124053955,0.05029863491654396,2752512,0.050243884325027466,0.5060240963855421,2189,0.5060240963855421,-1.0,0.05030790716409683,0.4939759036144578,0.05025603249669075,0.05027705430984497,0.05022480711340904,1.3749156626506034,1e-06,1.835429310798645,0.1,0.2,1.4833391408436,39.29529506266117,0.05025589466094971,84,-0.0022854000534607622,0.6762552261352539,200,0.0012358078,0.030524444580078126,0.0
0.05023197829723358,0.05022605136036873,155,0.05024770647287369,0.05022455379366875,0.05027472972869873,0.05029144138097763,0.05030255764722824,0.050320956856012344,0.050299521535634995,0.05027422681450844,0.05029049515724182,0.050272174179553986,0.05024442449212074,0.0,0.050246186554431915,22,532.44140625,0.05025004222989082,809.02,0.05027911439538002,0.05022455379366875,0.05027937889099121,0.05027156323194504,0.0,0.050248388200998306,1317,0.05028918758034706,0.05031053349375725,2883584,0.05026385933160782,0.5419354838709678,2187,0.5419354838709678,-1.0,0.050320956856012344,0.45806451612903226,0.050261735916137695,0.05028832331299782,0.05023334547877312,1.3608903225806461,1e-06,1.7831708192825317,0.1,0.2,1.4921192171052098,39.28890379369259,0.05026889964938164,84,-0.002249399978654765,0.678388237953186,210,0.0012555734,0.03057708740234375,0.0
0.05024351552128792,0.050229452550411224,171,0.050259388983249664,0.050229452550411224,0.050285063683986664,0.05031457543373108,0.05031166225671768,0.05034135654568672,0.050304897129535675,0.05028856173157692,0.050306059420108795,0.05029328912496567,0.05025774613022804,0.0,0.05025971308350563,23,529.1245727539062,0.050264060497283936,813.4,0.05029550567269325,0.05023892596364021,0.05028858780860901,0.05028342083096504,0.0,0.05025465413928032,1379,0.05030873417854309,0.05032268539071083,3014656,0.050280265510082245,0.52046783625731,2185,0.52046783625731,-1.0,0.05034135654568672,0.47953216374269003,0.05027755722403526,0.050299882888793945,0.05024425685405731,1.3812397660818725,1e-06,1.6992958784103394,0.1,0.2,1.4158381514251233,39.282410827279094,0.050282154232263565,89,-0.0023448552819900215,0.635849118232727,220,0.0012397901,0.031894683837890625,0.0
0.05025894567370415,0.05023659020662308,154,0.0502716600894928,0.05023659020662308,0.05028747394680977,0.05032223090529442,0.050322674214839935,0.050357408821582794,0.05032196640968323,0.05029077082872391,0.050304584205150604,0.050307497382164,0.05026993528008461,0.0,0.050278276205062866,24,511.2677307128906,0.050268519669771194,784.92,0.05031367763876915,0.05025452375411987,0.05029340833425522,0.05030173063278198,0.0,0.05027712509036064,1439,0.05032709985971451,0.05034737288951874,3145728,0.05029299855232239,0.4675324675324675,2184,0.4675324675324675,-1.0,0.050357408821582794,0.5324675324675324,0.05028795078396797,0.05030854046344757,0.05025840550661087,1.402181818181819,1e-06,1.6899187564849854,0.1,0.2,1.441470824368298,39.276050478219986,0.050294455140829086,72,-0.0022949409611101148,0.6561608910560608,230,0.00121737,0.031329345703125,0.0
0.05027060583233833,0.0502556748688221,174,0.05027596279978752,0.0502556748688221,0.05030383914709091,0.05033981055021286,0.05033467337489128,0.050359927117824554,0.05033864453434944,0.05030381679534912,0.05031108483672142,0.05031616985797882,0.05028213560581207,0.0,0.05029253289103508,25,495.3143615722656,0.05028458312153816,755.6,0.05033231899142265,0.05026353523135185,0.05030706524848938,0.05031836777925491,0.0,0.05028657242655754,1501,0.05033303052186966,0.05034991726279259,3276800,0.05030234158039093,0.5287356321839081,2183,0.5287356321839081,-1.0,0.050359927117824554,0.47126436781609193,0.05030035227537155,0.0503271259367466,0.05026954039931297,1.3919080459770123,1e-06,1.7231216430664062,0.1,0.2,1.4272596863098443,39.27003684639931,0.05030638724565506,92,-0.002192043201512206,0.6823662519454956,240,0.0011962351,0.027651214599609376,0.0
0.050278935581445694,0.05027417838573456,163,0.05028630793094635,0.05027417838573456,0.050314828753471375,0.050351884216070175,0.05034680664539337,0.05038253217935562,0.050343673676252365,0.05031194910407066,0.05032053962349892,0.050330378115177155,0.05029771104454994,0.0,0.0503067784011364,26,531.3806762695312,0.050292473286390305,809.83,0.05033554881811142,0.05027654021978378,0.050327375531196594,0.05032544583082199,0.0,0.05030481144785881,1562,0.05035477876663208,0.050363242626190186,3407872,0.050312187522649765,0.5644171779141104,2181,0.5644171779141104,-1.0,0.05038253217935562,0.43558282208588955,0.050310030579566956,0.05033857375383377,0.05028488114476204,1.3709938650306759,1e-06,1.6664496660232544,0.1,0.2,1.3652703491039575,39.26392842233181,0.050318893045186996,92,-0.0022507377720557996,0.6578667759895325,250,0.0012222291,0.029132080078125,0.0
0.050290193408727646,0.05028892308473587,179,0.05029924586415291,0.05028892308473587,0.05032597482204437,0.050372164696455,0.050358738750219345,0.05038774386048317,0.05035601556301117,0.050319552421569824,0.05033224821090698,0.05035444349050522,0.050315018743276596,0.0,0.05031193792819977,27,481.9920959472656,0.050298310816287994,739.88,0.05033526197075844,0.05029226839542389,0.05034102126955986,0.05033498629927635,0.0,0.050315942615270615,1623,0.050373055040836334,0.05038059502840042,3538944,0.05031856894493103,0.4692737430167598,2179,0.4692737430167598,-1.0,0.05038774386048317,0.5307262569832403,0.05032796412706375,0.05035689100623131,0.05029735341668129,1.3999888268156435,1e-06,1.6519490480422974,0.1,0.2,1.3639681082218886,39.25776258707047,0.05033138394355774,84,-0.0023225845181968907,0.6682075262069702,260,0.0012365639,0.030260467529296876,0.0
0.05030294135212898,0.050296034663915634,161,0.05030283331871033,0.050296034663915634,0.050342630594968796,0.05038890987634659,0.050368551164865494,0.050395432859659195,0.050377510488033295,0.050326813012361526,0.05035053938627243,0.05036201700568199,0.050330594182014465,0.0,0.050316303968429565,28,507.0087890625,0.05030692368745804,775.11,0.050345197319984436,0.050304774194955826,0.05034961551427841,0.05034751445055008,0.0,0.05033314973115921,1684,0.050386108458042145,0.05039604753255844,3670016,0.050332799553871155,0.4782608695652174,2178,0.4782608695652174,-1.0,0.05039604753255844,0.5217391304347826,0.05034011974930763,0.05036252364516258,0.05031491070985794,1.3880372670807464,1e-06,1.579689383506775,0.1,0.2,1.3611180254258215,39.25171590745449,0.05034323036670685,77,-0.0022859072390929215,0.7165124416351318,270,0.0012420309,0.02967681884765625,0.0
0.050313904881477356,0.050306275486946106,169,0.05032208561897278,0.050306275486946106,0.05035949498414993,0.05040257051587105,0.0503862202167511,0.05039942264556885,0.0503915399312973,0.05034152418375015,0.050359975546598434,0.05037633329629898,0.05034797266125679,0.0,0.050329092890024185,29,511.3414306640625,0.05031967535614967,781.46,0.05034901574254036,0.05030903220176697,0.05036330223083496,0.050361718982458115,0.0,0.0503416582942009,1745,0.050400637090206146,0.0504026785492897,3801088,0.050346218049526215,0.47928994082840237,2177,0.47928994082840237,-1.0,0.0504026785492897,0.5207100591715976,0.05035492405295372,0.050374530255794525,0.050334371626377106,1.385846153846155,1e-06,1.5669044256210327,0.1,0.2,1.3287698486819863,39.2456571996212,0.05035576969385147,81,-0.002170006900905719,0.6883974075317383,280,0.0011861906,0.026462554931640625,0.0
0.05032575875520706,0.05030646547675133,171,0.05032876878976822,0.05030646547675133,0.05036979913711548,0.050413280725479126,0.050392188131809235,0.050408340990543365,0.05039791017770767,0.050356194376945496,0.05036628246307373,0.05038405582308769,0.05035882443189621,0.0,0.05035128444433212,30,500.935302734375,0.05033012479543686,766.59,0.0503697395324707,0.05032164230942726,0.05038321390748024,0.05037277936935425,0.0,0.050355199724435806,1806,0.05041240155696869,0.05042198300361633,3932160,0.050363123416900635,0.5029239766081871,2176,0.5029239766081871,-1.0,0.05042198300361633,0.49707602339181284,0.05036766082048416,0.050383251160383224,0.05034245178103447,1.4003976608187143,1e-06,1.5374536514282227,0.1,0.2,1.2808921365067363,39.239688554406165,0.05036730691790581,86,-0.0023680898616476043,0.7006983757019043,290,0.001222224,0.02934112548828125,0.0
0.050343096256256104,0.050322361290454865,153,0.05034571513533592,0.050322361290454865,0.05037182942032814,0.05041997507214546,0.05040059983730316,0.05041659623384476,0.05041416734457016,0.05035402253270149,0.05038550868630409,0.05039890483021736,0.050373125821352005,0.0,0.05035894364118576,31,537.9281005859375,0.050347838550806046,821.63,0.050379324704408646,0.0503324419260025,0.05039362981915474,0.050389137119054794,0.0,0.05037663131952286,1868,0.05042862892150879,0.05043834447860718,4063232,0.0503721758723259,0.5751633986928104,2174,0.5751633986928104,-1.0,0.05043834447860718,0.42483660130718953,0.05038405582308769,0.050400372594594955,0.050357021391391754,1.3684444444444455,1e-06,1.5190964937210083,0.1,0.2,1.2429000466130673,39.233630537986755,0.05038017779588699,88,-0.002150061167913009,0.7078738808631897,300,0.0012118942,0.02723846435546875,0.0
0.05036259442567825,0.05032990872859955,193,0.05036062374711037,0.05032990872859955,0.05039479583501816,0.0504365898668766,0.050422653555870056,0.05043290928006172,0.050421103835105896,0.05036201700568199,0.05040093511343002,0.050404854118824005,0.050391215831041336,0.0,0.05037093907594681,32,491.0799560546875,0.050354212522506714,750.68,0.05039532482624054,0.05034052953124046,0.050411392003297806,0.05041084066033363,0.0,0.05039025470614433,1930,0.05044165253639221,0.050449300557374954,4194304,0.050384391099214554,0.44559585492227977,2172,0.44559585492227977,-1.0,0.050449300557374954,0.5544041450777202,0.050399769097566605,0.0504121370613575,0.05036940425634384,1.3746528497409334,1e-06,1.5203566551208496,0.1,0.2,1.2287225320003927,39.22700839042663,0.05039400979876518,86,-0.002162733154000307,0.653162956237793,310,0.0012303346,0.02847137451171875,0.0
0.0503820963203907,0.050339557230472565,154,0.05036965385079384,0.050339557230472565,0.050401993095874786,0.050447773188352585,0.05043240636587143,0.050445884466171265,0.050431009382009506,0.05037376284599304,0.050411198288202286,0.05042228102684021,0.05040533468127251,0.0,0.05038014054298401,33,497.59014892578125,0.05036988481879234,757.11,0.05040272697806358,0.05034961551427841,0.05041767656803131,0.05041782185435295,0.0,0.05040334165096283,1991,0.05045763775706291,0.05046423152089119,4325376,0.050401825457811356,0.44805194805194803,2171,0.44805194805194803,-1.0,0.05046423152089119,0.551948051948052,0.050411295145750046,0.05042773857712746,0.05038975179195404,1.4137792207792217,1e-06,1.5399181842803955,0.1,0.2,1.2345105366781355,39.220540791749954,0.05040626972913742,69,-0.0023455048493815412,0.7316348552703857,320,0.001229503,0.029396820068359374,0.0
0.050406694412231445,0.05035152658820152,176,0.05037456750869751,0.05035152658820152,0.050415873527526855,0.05045387148857117,0.05044574290513992,0.05046200379729271,0.0504385381937027,0.050381556153297424,0.05042325705289841,0.050435375422239304,0.05042671784758568,0.0,0.050395529717206955,34,518.2017211914062,0.05038200318813324,789.06,0.050419215112924576,0.05036258324980736,0.05043325945734978,0.050422582775354385,0.0,0.05041523650288582,2053,0.05046918988227844,0.05047518014907837,4456448,0.05041655898094177,0.5454545454545454,2170,0.5454545454545454,-1.0,0.05047518014907837,0.45454545454545453,0.050429604947566986,0.05043803155422211,0.050401754677295685,1.4092272727272737,1e-06,1.5039119720458984,0.1,0.2,1.1751429558731616,39.21431562900543,0.05041905492544174,96,-0.0024242761612640606,0.7065020799636841,330,0.0012752584,0.0307861328125,0.0
0.05041636899113655,0.050369102507829666,168,0.050390977412462234,0.050369102507829666,0.050423916429281235,0.05046676844358444,0.05046214908361435,0.05048073083162308,0.050448037683963776,0.05039596185088158,0.05044180899858475,0.05044468492269516,0.05043346434831619,0.0,0.05041041970252991,35,526.713134765625,0.050398483872413635,799.25,0.050439558923244476,0.050369247794151306,0.050444576889276505,0.050438668578863144,0.0,0.050420381128787994,2114,0.050479527562856674,0.05049093812704086,4587520,0.050430960953235626,0.4523809523809524,2169,0.4523809523809524,-1.0,0.05049093812704086,0.5476190476190477,0.05044659599661827,0.050453294068574905,0.05042469874024391,1.3990000000000011,1e-06,1.4662764072418213,0.1,0.2,1.114807354938239,39.207714995741846,0.050432853400707245,76,-0.002454251994640799,0.7107306718826294,340,0.0013070455,0.033542633056640625,0.0
0.05042576789855957,0.050378039479255676,169,0.050412558019161224,0.050378039479255676,0.05043279007077217,0.05048181116580963,0.050469815731048584,0.050491850823163986,0.050461284816265106,0.05040832608938217,0.050455279648303986,0.05045292153954506,0.05044473335146904,0.0,0.05042612925171852,36,522.92138671875,0.050410620868206024,799.79,0.05045485869050026,0.05039473623037338,0.05045198276638985,0.050448328256607056,0.0,0.05043694004416466,2175,0.05049590766429901,0.05049864202737808,4718592,0.05044013634324074,0.48520710059171596,2168,0.48520710059171596,-1.0,0.05049864202737808,0.514792899408284,0.05045430734753609,0.05045803636312485,0.05043303221464157,1.4003076923076931,1e-06,1.3791207075119019,0.1,0.2,1.1504644636064767,39.20135007798672,0.05044475570321083,82,-0.002323969166718598,0.6964201927185059,350,0.0012510745,0.03155441284179687,0.0
0.05043725296854973,0.05039949342608452,148,0.05042490363121033,0.05039949342608452,0.05045458301901817,0.05050177127122879,0.050485748797655106,0.050505418330430984,0.050469718873500824,0.0504179410636425,0.050468359142541885,0.050471752882003784,0.05045529082417488,0.0,0.05043703317642212,37,534.5634155273438,0.05042211338877678,809.85,0.05047663673758507,0.05040260776877403,0.05046669766306877,0.05045706033706665,0.0,0.05044564604759216,2236,0.05051758512854576,0.05051245167851448,4849664,0.050451647490262985,0.5472972972972973,2168,0.5472972972972973,-1.0,0.05051758512854576,0.4527027027027027,0.05047919973731041,0.05046669766306877,0.05044853314757347,1.4003243243243255,1e-06,1.4697790145874023,0.1,0.2,1.1228484032675623,39.194874384999274,0.05045904591679573,81,-0.0024000528056149053,0.7227199077606201,360,0.0012563195,0.03189697265625,0.0
0.05045727640390396,0.050425611436367035,169,0.05044568330049515,0.05042193457484245,0.05046234279870987,0.05051117762923241,0.05049505457282066,0.05052388459444046,0.05049145221710205,0.05042963847517967,0.050485771149396896,0.05048484727740288,0.05046536400914192,0.0,0.05044557526707649,38,530.9439697265625,0.05043471232056618,808.04,0.05048922821879387,0.05042193457484245,0.05048240348696709,0.05046878010034561,0.0,0.05045202001929283,2298,0.05053374916315079,0.05052879825234413,4980736,0.050468094646930695,0.5502958579881657,2167,0.5502958579881657,-1.0,0.05053374916315079,0.44970414201183434,0.05049344152212143,0.05047886446118355,0.05046382173895836,1.3935029585798828,1e-06,1.2993910312652588,0.1,0.2,1.0930501525755971,39.18772312998772,0.05047358572483063,93,-0.002297100482019232,0.6900601387023926,370,0.0012573964,0.0315887451171875,0.0
0.05047693848609924,0.050437793135643005,168,0.05044902488589287,0.05042746290564537,0.05046756565570831,0.050520159304142,0.05049574002623558,0.05054285749793053,0.05049825459718704,0.05044054612517357,0.050493739545345306,0.05048707127571106,0.05048205330967903,0.0,0.050450049340724945,39,501.79449462890625,0.05043921247124672,771.43,0.05049288645386696,0.05042746290564537,0.05049088969826698,0.050470221787691116,0.0,0.05047367513179779,2359,0.050541967153549194,0.05054159462451935,5111808,0.050474315881729126,0.4642857142857143,2166,0.4642857142857143,-1.0,0.05054285749793053,0.5357142857142857,0.05050741881132126,0.0504915751516819,0.05047499015927315,1.40029761904762,1e-06,1.4217619895935059,0.1,0.2,1.0685110302641987,39.18184195160866,0.050482720136642456,78,-0.0021092381422477048,0.7136062383651733,380,0.0011626997,0.02532196044921875,0.0
0.050490766763687134,0.05044761672616005,162,0.050461295992136,0.05044335871934891,0.050481896847486496,0.05053383484482765,0.05051099509000778,0.05055011436343193,0.05050469934940338,0.050458937883377075,0.05051109194755554,0.0504879504442215,0.05049470439553261,0.0,0.05046730116009712,40,511.1275634765625,0.05044335871934891,776.05,0.05050879344344139,0.05045001208782196,0.050496749579906464,0.05048080161213875,0.0,0.05048088729381561,2421,0.0505516454577446,0.05055421218276024,5242880,0.05049540102481842,0.5,2165,0.5,-1.0,0.05055421218276024,0.5,0.05052719637751579,0.05050009861588478,0.050491753965616226,1.3720987654320997,1e-06,1.2980130910873413,0.1,0.2,0.9988935456611217,39.17648866772652,0.05049528554081917,81,-0.002499527519057665,0.7513467669487,390,0.0012770912,0.032994842529296874,0.0
0.050501398742198944,0.05045769736170769,158,0.050473231822252274,0.05045769736170769,0.050492897629737854,0.05054337531328201,0.050534412264823914,0.05056381970643997,0.0505196787416935,0.05047117546200752,0.05052025616168976,0.050499267876148224,0.05050688982009888,0.0,0.0504835806787014,41,535.86669921875,0.05045885220170021,819.16,0.05052744969725609,0.050460346043109894,0.0505097433924675,0.05049239471554756,0.0,0.050488732755184174,2483,0.05057234317064285,0.05056958273053169,5373952,0.050508514046669006,0.5506329113924051,2164,0.5506329113924051,-1.0,0.05057234317064285,0.44936708860759494,0.050547655671834946,0.05050127953290939,0.05049872398376465,1.4045822784810138,1e-06,1.263745903968811,0.1,0.2,1.002881593350321,39.17018466591835,0.05050813779234886,87,-0.0023953162551833885,0.7210345268249512,400,0.0012674527,0.03147201538085938,0.0
0.05050213262438774,0.05047350749373436,165,0.05048166960477829,0.05047278478741646,0.05051306635141373,0.050554826855659485,0.05054835230112076,0.050582483410835266,0.05053823068737984,0.05049053952097893,0.050536952912807465,0.05051407963037491,0.0505220890045166,0.0,0.05049661919474602,42,532.883544921875,0.05047278478741646,811.22,0.05053955689072609,0.05047406256198883,0.05051568150520325,0.050503265112638474,0.0,0.05049687251448631,2544,0.05059481039643288,0.05058899521827698,5505024,0.05052977427840233,0.5878787878787879,2163,0.5878787878787879,-1.0,0.05059481039643288,0.4121212121212121,0.05056377127766609,0.05051328241825104,0.050502531230449677,1.386169696969698,1e-06,1.3064839839935303,0.1,0.2,0.9228263638913632,39.16360244452953,0.05052199214696884,97,-0.002209771655589066,0.7155382633209229,410,0.0012549479,0.02960968017578125,0.0
0.05051172897219658,0.050483833998441696,166,0.0505049042403698,0.050482042133808136,0.05052955821156502,0.050562214106321335,0.050557948648929596,0.05059253051877022,0.050548162311315536,0.050493258982896805,0.05054643750190735,0.050528086721897125,0.05053184553980827,0.0,0.050513140857219696,43,532.8300170898438,0.050482042133808136,810.22,0.05054304003715515,0.05048486962914467,0.05053361877799034,0.050527628511190414,0.0,0.050505395978689194,2606,0.05060810595750809,0.05060547590255737,5636096,0.050547439604997635,0.5481927710843374,2162,0.5481927710843374,-1.0,0.05060810595750809,0.45180722891566266,0.050578176975250244,0.050528641790151596,0.050512753427028656,1.365168674698796,1e-06,1.3071215152740479,0.1,0.2,0.922510608844459,39.157105922698975,0.050534430891275406,91,-0.002279014017585723,0.7393897771835327,420,0.0012120063,0.028353118896484376,0.0
0.050532013177871704,0.05049353837966919,166,0.050514981150627136,0.05048339068889618,0.05054355785250664,0.050579287111759186,0.0505685918033123,0.05060852691531181,0.05056585744023323,0.05050250515341759,0.05055774375796318,0.05054548755288124,0.05054190754890442,0.0,0.05052407458424568,44,528.142333984375,0.05048339068889618,806.59,0.05055956169962883,0.05049819499254227,0.050542064011096954,0.05054555833339691,0.0,0.050507888197898865,2667,0.05062215030193329,0.0506216324865818,5767168,0.0505576953291893,0.5120481927710844,2162,0.5120481927710844,-1.0,0.05062215030193329,0.4879518072289157,0.05059855058789253,0.050539109855890274,0.05052187293767929,1.386144578313254,1e-06,1.3866418600082397,0.1,0.2,0.9138660826254636,39.1508847951889,0.0505470335483551,85,-0.002364866531206644,0.7442679405212402,430,0.0012661456,0.030417633056640626,0.0
0.050552040338516235,0.05050443112850189,161,0.050527606159448624,0.05050269886851311,0.05055577680468559,0.050594739615917206,0.050585873425006866,0.050612546503543854,0.05057274177670479,0.05052194371819496,0.050572920590639114,0.05055840685963631,0.05054637789726257,0.0,0.0505358949303627,45,539.5531616210938,0.05050269886851311,826.87,0.05057670921087265,0.05050646886229515,0.050560105592012405,0.05055159702897072,0.0,0.050521355122327805,2728,0.05063505470752716,0.05063791573047638,5898240,0.05056910961866379,0.515527950310559,2161,0.515527950310559,-1.0,0.05063791573047638,0.484472049689441,0.05060539022088051,0.05055325850844383,0.05054108798503876,1.3991801242236035,1e-06,1.204744577407837,0.1,0.2,0.8472000759094953,39.14453047811985,0.050560079514980316,83,-0.002372802134414087,0.7563139796257019,440,0.0012620352,0.0312713623046875,0.0
0.05056915804743767,0.050520461052656174,162,0.05054011195898056,0.05051891878247261,0.0505698099732399,0.0506085641682148,0.050593964755535126,0.050621453672647476,0.05059197545051575,0.050531305372714996,0.05058955028653145,0.05057143792510033,0.0505538247525692,0.0,0.050554826855659485,46,534.3442993164062,0.05052352324128151,810.48,0.05059317126870155,0.05051891878247261,0.05057457461953163,0.05055965855717659,0.0,0.05053853243589401,2789,0.05065670609474182,0.05065705627202988,6029312,0.05058923736214638,0.5370370370370371,2161,0.5370370370370371,-1.0,0.05065705627202988,0.46296296296296297,0.05062175542116165,0.05056200921535492,0.0505513921380043,1.4077654320987665,1e-06,1.293034315109253,0.1,0.2,0.8553761536255479,39.137738978862764,0.050574518740177155,87,-0.002379203588816381,0.7658545970916748,450,0.0012707007,0.029931640625,0.0
0.05057968571782112,0.050532761961221695,155,0.050555549561977386,0.05052994191646576,0.05058056488633156,0.050623733550310135,0.05061231553554535,0.05063449963927269,0.05061674490571022,0.05054411292076111,0.050601229071617126,0.050597548484802246,0.050571054220199585,0.0,0.05056197568774223,47,523.8281860351562,0.05053142458200455,795.72,0.05059460550546646,0.05052994191646576,0.05058768019080162,0.050573717802762985,0.0,0.05054999142885208,2850,0.05067753046751022,0.05067244544625282,6160384,0.050599947571754456,0.5032258064516129,2160,0.5032258064516129,-1.0,0.05067753046751022,0.4967741935483871,0.05063258111476898,0.050565674901008606,0.05056873708963394,1.357883870967743,1e-06,1.2124660015106201,0.1,0.2,0.8081846291199326,39.13090502917767,0.050587840378284454,78,-0.002341174346747721,0.7333202362060547,460,0.001235408,0.030029296875,0.0
0.050584521144628525,0.05055118724703789,176,0.050565216690301895,0.05054601654410362,0.05058984085917473,0.050631649792194366,0.05061786621809006,0.050643857568502426,0.050630904734134674,0.05055611580610275,0.05062147602438927,0.050607550889253616,0.050587646663188934,0.0,0.05057411640882492,48,541.867919921875,0.05054601654410362,826.19,0.05060820281505585,0.05055078864097595,0.05059600621461868,0.05058581382036209,0.0,0.050553884357213974,2912,0.05069781094789505,0.05068336799740791,6291456,0.05061127990484238,0.5738636363636364,2160,0.5738636363636364,-1.0,0.05069781094789505,0.42613636363636365,0.0506439171731472,0.050575464963912964,0.05057775601744652,1.3892727272727283,1e-06,1.2065677642822266,0.1,0.2,0.8034957142546773,39.124693784117696,0.05059969052672386,101,-0.0022262986236455617,0.7673325538635254,470,0.0011931174,0.025862884521484376,0.0
0.050585199147462845,0.05056273192167282,157,0.05057058110833168,0.050552017986774445,0.05059698224067688,0.05064598098397255,0.05062910541892052,0.05065246671438217,0.050639040768146515,0.05056476965546608,0.050638001412153244,0.05062045156955719,0.05060460790991783,0.0,0.05059041827917099,49,528.5242309570312,0.050552017986774445,807.98,0.050617121160030365,0.05056558921933174,0.05060841888189316,0.05059400200843811,0.0,0.05057663470506668,2973,0.050703369081020355,0.05069231241941452,6422528,0.050623103976249695,0.5286624203821656,2159,0.5286624203821656,-1.0,0.050703369081020355,0.4713375796178344,0.05065272003412247,0.05058840662240982,0.05058835819363594,1.3856305732484087,1e-06,1.1823770999908447,0.1,0.2,0.752664631512016,39.11910341084003,0.0506104938685894,83,-0.0023638101840333546,0.7631443738937378,480,0.0012324782,0.0298614501953125,0.0
0.05059695616364479,0.05057843029499054,168,0.050586920231580734,0.05055653676390648,0.0506112165749073,0.050663337111473083,0.050646405667066574,0.0506763830780983,0.050654519349336624,0.05057302862405777,0.05064774677157402,0.050635840743780136,0.05061696097254753,0.0,0.05060257762670517,50,516.6232299804688,0.05055653676390648,786.51,0.0506303608417511,0.050579022616147995,0.050631772726774216,0.050610363483428955,0.0,0.05058431625366211,3034,0.05072339251637459,0.05071176216006279,6553600,0.05063902586698532,0.5416666666666666,2159,0.5416666666666666,-1.0,0.05072339251637459,0.4583333333333333,0.050664376467466354,0.050601374357938766,0.05060340091586113,1.374357142857144,1e-06,1.1278889179229736,0.1,0.2,0.7651319392956794,39.112828731536865,0.050625041127204895,91,-0.0024772285916697,0.7720990777015686,490,0.001250181,0.02959747314453125,0.0
0.050608791410923004,0.05058636888861656,166,0.05060940980911255,0.050571098923683167,0.050624191761016846,0.05068209767341614,0.05066180229187012,0.05069003999233246,0.050664667040109634,0.05058987811207771,0.0506669357419014,0.05065145343542099,0.050638217478990555,0.0,0.0506197027862072,51,500.6206359863281,0.050571098923683167,759.89,0.05064641684293747,0.050585076212882996,0.050649870187044144,0.05062276870012283,0.0,0.0505993589758873,3096,0.05073970928788185,0.05072668194770813,6684672,0.05065814405679703,0.5120481927710844,2159,0.5120481927710844,-1.0,0.05073970928788185,0.4879518072289157,0.050676602870225906,0.050613533705472946,0.05061726272106171,1.3947831325301214,1e-06,1.0650041103363037,0.1,0.2,0.7187158844899386,39.10556443631649,0.05064000189304352,85,-0.002581697949290174,0.7682774662971497,500,0.0012785627,0.031683349609375,0.0
0.05061693862080574,0.05059874430298805,159,0.05062189698219299,0.05058129131793976,0.050637662410736084,0.05070708319544792,0.050679899752140045,0.05070755258202553,0.05067726597189903,0.05060505121946335,0.050680067390203476,0.05066753923892975,0.050654955208301544,0.0,0.050637468695640564,52,508.3446960449219,0.05058129131793976,779.03,0.05066050961613655,0.050591543316841125,0.05066253989934921,0.05063823238015175,0.0,0.05060496926307678,3157,0.05075934901833534,0.05074335262179375,6815744,0.05067000538110733,0.5220125786163522,2158,0.5220125786163522,-1.0,0.05075934901833534,0.4779874213836478,0.050690412521362305,0.050629790872335434,0.05063488706946373,1.394742138364781,1e-06,1.0729459524154663,0.1,0.2,0.7258619511965663,39.09831222295761,0.05065435916185379,83,-0.0023428357263583165,0.7778618335723877,510,0.0012127198,0.0296844482421875,0.0
0.05063590034842491,0.050612788647413254,173,0.05062982812523842,0.05058959871530533,0.05065741762518883,0.0507238544523716,0.05069180205464363,0.050717130303382874,0.0506809763610363,0.05061556398868561,0.050689976662397385,0.05067690461874008,0.050668422132730484,0.0,0.05065364018082619,53,521.28173828125,0.05058959871530533,800.74,0.05066901445388794,0.05060840770602226,0.05067257955670357,0.050656598061323166,0.0,0.050608839839696884,3218,0.05077255144715309,0.05076352506875992,6946816,0.05068020150065422,0.5028901734104047,2158,0.5028901734104047,-1.0,0.05077255144715309,0.49710982658959535,0.05070367455482483,0.050641853362321854,0.05064329132437706,1.39863583815029,1e-06,1.1181821823120117,0.1,0.2,0.7185298782307654,39.091725170612335,0.05066657438874245,87,-0.0024077792095795305,0.786906361579895,520,0.0012139534,0.02747039794921875,0.0
0.050652116537094116,0.050623491406440735,158,0.050639789551496506,0.05061451345682144,0.050667904317379,0.05073235556483269,0.05070164054632187,0.050718411803245544,0.05069421976804733,0.050634343177080154,0.05070319026708603,0.05068743973970413,0.05068637803196907,0.0,0.05066419392824173,54,506.93304443359375,0.05061451345682144,779.11,0.05068119242787361,0.05062473565340042,0.05068100988864899,0.05066854506731033,0.0,0.05062362551689148,3279,0.05078459903597832,0.05077347159385681,7077888,0.050695404410362244,0.5063291139240507,2158,0.5063291139240507,-1.0,0.05078459903597832,0.4936708860759494,0.05071431025862694,0.0506523959338665,0.05065123364329338,1.3649620253164567,1e-06,1.0624669790267944,0.1,0.2,0.7349203958641738,39.0857036948204,0.05067881941795349,80,-0.0024636063862544686,0.8044576644897461,530,0.0012177539,0.028033447265625,0.0
0.050664521753787994,0.05063110962510109,178,0.05065080150961876,0.05062267184257507,0.05067974328994751,0.05073483660817146,0.0507173091173172,0.050737954676151276,0.050709523260593414,0.05065307021141052,0.050719063729047775,0.05070442333817482,0.050698257982730865,0.0,0.05067969486117363,55,550.2567749023438,0.05062267184257507,839.0,0.05069076269865036,0.05063297972083092,0.05069935694336891,0.05068845674395561,0.0,0.05063007026910782,3341,0.05079670995473862,0.05079271271824837,7208960,0.05071437358856201,0.47752808988764045,2157,0.47752808988764045,-1.0,0.05079670995473862,0.5224719101123596,0.050725799053907394,0.05066915974020958,0.050664812326431274,1.3766516853932595,1e-06,1.0209145545959473,0.1,0.2,0.7298726769164204,39.07937693893909,0.05069233104586601,85,-0.002541042991379072,0.7748929858207703,540,0.0012804314,0.0324859619140625,0.0
0.05067957565188408,0.050647370517253876,155,0.0506540983915329,0.05063273757696152,0.05069313198328018,0.050746556371450424,0.05073390528559685,0.05073772743344307,0.050719957798719406,0.05067456141114235,0.05072617530822754,0.050713878124952316,0.05071718990802765,0.0,0.05069011077284813,56,517.2449340820312,0.05063273757696152,786.67,0.05070630833506584,0.050649628043174744,0.05070652440190315,0.050706055015325546,0.0,0.05064961686730385,3402,0.0508057177066803,0.05080914869904518,7340032,0.050726406276226044,0.45161290322580644,2157,0.45161290322580644,-1.0,0.05080914869904518,0.5483870967741935,0.05073963850736618,0.050675466656684875,0.05067632347345352,1.3838064516129043,1e-06,1.1290236711502075,0.1,0.2,0.7283141375053674,39.07298755943775,0.0507047139108181,70,-0.0026165246761593155,0.8066929578781128,550,0.0012911432,0.03174285888671875,0.0
0.05068837106227875,0.05067005380988121,174,0.05067044124007225,0.05063953623175621,0.05071596801280975,0.05076198652386665,0.05074424669146538,0.05074450001120567,0.05072486773133278,0.05068107321858406,0.05074060708284378,0.050725486129522324,0.05072403326630592,0.0,0.050704870373010635,57,520.0162963867188,0.05063953623175621,787.36,0.05072719231247902,0.050659507513046265,0.050720151513814926,0.05071840062737465,0.0,0.05066610127687454,3463,0.050821784883737564,0.050823990255594254,7471104,0.050729572772979736,0.5459770114942529,2156,0.5459770114942529,-1.0,0.050823990255594254,0.4540229885057471,0.0507567822933197,0.050693217664957047,0.05069359019398689,1.3999770114942538,1e-06,1.0627268552780151,0.1,0.2,0.6521295297890901,39.066728696227074,0.050717853009700775,95,-0.002348038967102184,0.8180624842643738,560,0.0012072893,0.027101898193359376,0.0
0.050696469843387604,0.05068943277001381,157,0.05067630112171173,0.05064352974295616,0.05072518438100815,0.050771888345479965,0.05075841769576073,0.05075804144144058,0.05074019357562065,0.050691984593868256,0.05075537785887718,0.050749655812978745,0.05072958394885063,0.0,0.05071525648236275,58,512.1902465820312,0.05064352974295616,786.69,0.05073583871126175,0.05068414285778999,0.05073337256908417,0.050731364637613297,0.0,0.05067796632647514,3525,0.05083530768752098,0.05083397403359413,7602176,0.0507332868874073,0.5222929936305732,2156,0.5222929936305732,-1.0,0.05083530768752098,0.47770700636942676,0.05076991394162178,0.050712909549474716,0.05070627108216286,1.4096305732484087,1e-06,1.0879971981048584,0.1,0.2,0.6974732159636915,39.06042189002037,0.050730228424072266,82,-0.0025587509060187585,0.8066842555999756,570,0.0012894588,0.030948638916015625,0.0
0.0507127046585083,0.05070602893829346,163,0.05069293826818466,0.05065327510237694,0.05073206499218941,0.05078184977173805,0.05077648535370827,0.05077609792351723,0.050749871879816055,0.05070674419403076,0.050765883177518845,0.05076245963573456,0.05074497312307358,0.0,0.05072138458490372,59,520.2720947265625,0.05065327510237694,789.77,0.0507412813603878,0.05069752037525177,0.050748277455568314,0.05073941871523857,0.0,0.05068723484873772,3587,0.05084582790732384,0.05084018036723137,7733248,0.05074425786733627,0.50920245398773,2155,0.50920245398773,-1.0,0.05084582790732384,0.49079754601226994,0.05079074949026108,0.050726983696222305,0.05072414129972458,1.3659754601227003,1e-06,1.144766092300415,0.1,0.2,0.6827634134795517,39.054275545477864,0.0507427453994751,83,-0.002690013798292057,0.8215662240982056,580,0.0013005494,0.03174514770507812,0.0
0.05072757601737976,0.05071556940674782,166,0.050696928054094315,0.0506674088537693,0.05074425786733627,0.0508020855486393,0.0507880263030529,0.05079486593604088,0.050762735307216644,0.05071176216006279,0.05077729746699333,0.05077730864286423,0.05075954273343086,0.0,0.05074405297636986,60,506.5369567871094,0.0506674088537693,772.61,0.050753962248563766,0.05071409419178963,0.050752364099025726,0.05075448378920555,0.0,0.050702039152383804,3648,0.05086394399404526,0.05084681138396263,7864320,0.05075724050402641,0.5301204819277109,2155,0.5301204819277109,-1.0,0.05086394399404526,0.46987951807228917,0.05079213157296181,0.050742071121931076,0.05073223263025284,1.4043734939759045,1e-06,1.096659541130066,0.1,0.2,0.646158484974876,39.04812392294407,0.05075523257255554,88,-0.0024776225948698995,0.8139829039573669,590,0.0012030237,0.027950286865234375,0.0
0.050751276314258575,0.050727371126413345,173,0.05071314051747322,0.05068786442279816,0.0507621206343174,0.05080248415470123,0.05080082640051842,0.050816308706998825,0.05077667906880379,0.050725195556879044,0.05079929903149605,0.05079200863838196,0.05077831447124481,0.0,0.05076019465923309,61,497.5820617675781,0.05068786442279816,761.23,0.050762519240379333,0.050721313804388046,0.050768811255693436,0.05077427253127098,0.0,0.05071021243929863,3710,0.050868988037109375,0.05085594207048416,7995392,0.05076972022652626,0.5086705202312138,2154,0.5086705202312138,-1.0,0.050868988037109375,0.4913294797687861,0.05080153048038483,0.05074692144989967,0.050735317170619965,1.3831445086705212,1e-06,1.1480623483657837,0.1,0.2,0.6475677386857569,39.04180898964405,0.05076834559440613,88,-0.002516663592268742,0.821966826915741,600,0.0012901223,0.032155609130859374,0.0
0.050761573016643524,0.050737835466861725,161,0.05073299631476402,0.05069732666015625,0.05078229680657387,0.05080214515328407,0.05081455036997795,0.050835076719522476,0.05079628527164459,0.05073337256908417,0.05081823468208313,0.05079765245318413,0.05079714581370354,0.0,0.050769563764333725,62,481.1401672363281,0.05069732666015625,734.22,0.050776027143001556,0.05073460564017296,0.05078204348683357,0.05078522861003876,0.0,0.050725728273391724,3771,0.05088729411363602,0.05086494982242584,8126464,0.05078330263495445,0.45962732919254656,2154,0.45962732919254656,-1.0,0.05088729411363602,0.5403726708074534,0.05081527680158615,0.0507604256272316,0.05075467750430107,1.398000000000001,1e-06,1.0367987155914307,0.1,0.2,0.6686336063779891,39.0352632433176,0.05078182741999626,74,-0.0026433327668200944,0.8308617472648621,610,0.0012333188,0.028572845458984374,0.0
0.0507790669798851,0.050748396664857864,162,0.05075206235051155,0.05070430040359497,0.05079053342342377,0.05081091448664665,0.05083346739411354,0.05085174739360809,0.050811704248189926,0.05075305700302124,0.050844933837652206,0.050812382251024246,0.05081159621477127,0.0,0.05079137906432152,63,556.2192993164062,0.05070430040359497,845.21,0.05078558996319771,0.05074146389961243,0.05079375207424164,0.05079855024814606,0.0,0.05074246972799301,3833,0.050891611725091934,0.05087488517165184,8257536,0.05079571530222893,0.5987654320987654,2154,0.5987654320987654,-1.0,0.050891611725091934,0.4012345679012346,0.05083831399679184,0.05077192187309265,0.05076659843325615,1.3840246913580256,1e-06,1.025308609008789,0.1,0.2,0.7051040579564869,39.028481259942055,0.05079585686326027,97,-0.0025951748391889852,0.8215305805206299,620,0.0012177731,0.027793121337890626,0.0
0.05079025402665138,0.0507655069231987,162,0.05077230930328369,0.050718773156404495,0.050806157290935516,0.050827234983444214,0.050848338752985,0.050862669944763184,0.05083547905087471,0.050766609609127045,0.05085652321577072,0.05082864314317703,0.05081535130739212,0.0,0.05080725625157356,64,546.6818237304688,0.050718773156404495,832.82,0.05079250782728195,0.05075932294130325,0.05079876631498337,0.05080437660217285,0.0,0.05075637251138687,3894,0.05091134458780289,0.05088767036795616,8388608,0.0508037805557251,0.5061728395061729,2153,0.5061728395061729,-1.0,0.05091134458780289,0.49382716049382713,0.05085282400250435,0.05078840255737305,0.050772227346897125,1.3998888888888898,1e-06,0.9259229302406311,0.1,0.2,0.6096734314458445,39.02172306776047,0.05080914869904518,82,-0.0024613840218535186,0.7980669736862183,630,0.0012549775,0.03167800903320313,0.0
0.05080396309494972,0.0507831834256649,151,0.05079282075166702,0.05072977766394615,0.050819821655750275,0.05084332078695297,0.05086222290992737,0.05087921395897865,0.05085190385580063,0.05078466981649399,0.050869256258010864,0.05084284767508507,0.05082657188177109,0.0,0.050824474543333054,65,544.536865234375,0.05072977766394615,832.51,0.050809718668460846,0.050773002207279205,0.050814028829336166,0.050816986709833145,0.0,0.05076884850859642,3956,0.050926726311445236,0.0508938692510128,8519680,0.05081307142972946,0.5496688741721855,2153,0.5496688741721855,-1.0,0.050926726311445236,0.4503311258278146,0.05085652321577072,0.05079907178878784,0.05078952759504318,1.40060927152318,1e-06,0.9965287446975708,0.1,0.2,0.6304463617037982,39.015067499876025,0.05082302168011665,83,-0.002576863558988407,0.8300598859786987,640,0.0012817648,0.031345367431640625,0.0
0.05081037059426308,0.0507984533905983,171,0.0508086271584034,0.050740908831357956,0.05083062872290611,0.05085500702261925,0.050868794322013855,0.05088695511221886,0.050860319286584854,0.050809379667043686,0.050892218947410583,0.050850071012973785,0.05083521082997322,0.0,0.05083543062210083,66,498.856689453125,0.050740908831357956,766.58,0.050822824239730835,0.05079032480716705,0.05082465708255768,0.05083047226071358,0.0,0.05077691003680229,4016,0.05093860253691673,0.05091135948896408,8650752,0.05082407593727112,0.5497076023391813,2153,0.5497076023391813,-1.0,0.05093860253691673,0.4502923976608187,0.050868552178144455,0.05082451179623604,0.05080472677946091,1.3486432748538022,1e-06,0.8919215202331543,0.1,0.2,0.622619141289033,39.008462336659434,0.050835981965065,94,-0.0024480570861669547,0.8123149275779724,650,0.0012060951,0.027471160888671874,0.0
0.050822123885154724,0.05079559236764908,153,0.05081820860505104,0.05075585097074509,0.050838954746723175,0.05087387561798096,0.0508837029337883,0.05090071260929108,0.050869498401880264,0.05082358792424202,0.05089707300066948,0.05086749792098999,0.05084768310189247,0.0,0.050848338752985,67,547.8012084960938,0.05075585097074509,833.61,0.05083945393562317,0.0508098267018795,0.0508437305688858,0.05084587633609772,0.0,0.05078790336847305,4078,0.0509500689804554,0.05092398449778557,8781824,0.050839297473430634,0.5686274509803921,2153,0.5686274509803921,-1.0,0.0509500689804554,0.43137254901960786,0.050882354378700256,0.05083273723721504,0.05082106962800026,1.4015686274509813,1e-06,1.1208930015563965,0.1,0.2,0.650568344979547,39.002154496312144,0.05084875971078873,87,-0.002634522096468572,0.826144814491272,660,0.001257014,0.028243255615234376,0.0
0.05084358528256416,0.05080842226743698,170,0.05083052068948746,0.05077158287167549,0.05085442587733269,0.05087998881936073,0.0508926697075367,0.05091001093387604,0.050876498222351074,0.050850193947553635,0.050906065851449966,0.050876859575510025,0.05086455121636391,0.0,0.05085916444659233,68,529.405517578125,0.05077158287167549,811.04,0.050858668982982635,0.050822097808122635,0.05085970088839531,0.05085522681474686,0.0,0.05080471560359001,4139,0.050961222499608994,0.050933562219142914,8912896,0.050852786749601364,0.6,2153,0.6,-1.0,0.050961222499608994,0.4,0.05090456083416939,0.05084202438592911,0.050834424793720245,1.4016823529411775,1e-06,0.860862672328949,0.1,0.2,0.5987148012733087,38.99572966992855,0.0508621409535408,102,-0.002645648164252634,0.8132272362709045,670,0.0012781525,0.03348236083984375,0.0
0.05085510388016701,0.05083061754703522,168,0.05084032565355301,0.05078777298331261,0.050852447748184204,0.05089282616972923,0.05090361461043358,0.05091609060764313,0.05089287459850311,0.05086353048682213,0.05091007053852081,0.05089186877012253,0.05088568106293678,0.0,0.05087076127529144,69,522.7330322265625,0.05078777298331261,802.77,0.050869304686784744,0.050841089338064194,0.050874046981334686,0.050865303725004196,0.0,0.0508112795650959,4200,0.05096711590886116,0.050952427089214325,9043968,0.05086542293429375,0.5357142857142857,2152,0.5357142857142857,-1.0,0.05096711590886116,0.4642857142857143,0.05092939734458923,0.05084581673145294,0.05084574595093727,1.39329761904762,1e-06,0.9530918002128601,0.1,0.2,0.5802849130239338,38.98942448794842,0.05087442323565483,90,-0.002615468553449318,0.8236743211746216,680,0.0012775296,0.030548095703125,0.0
0.050870250910520554,0.050839100033044815,157,0.05086259916424751,0.05080137029290199,0.05087043344974518,0.0508984811604023,0.05091646686196327,0.050926677882671356,0.050907038152217865,0.05087784305214882,0.05092086270451546,0.05090436711907387,0.050895873457193375,0.0,0.05088725686073303,70,536.0852661132812,0.05080137029290199,817.31,0.050876643508672714,0.050850898027420044,0.05088280513882637,0.05087175592780113,0.0,0.050826314836740494,4261,0.05097999796271324,0.050966180860996246,9175040,0.050879091024398804,0.535031847133758,2152,0.535031847133758,-1.0,0.05097999796271324,0.46496815286624205,0.05093270167708397,0.05086066946387291,0.05086349695920944,1.3948535031847145,1e-06,0.9200347065925598,0.1,0.2,0.6363403713330626,38.98339688181877,0.050886768847703934,84,-0.0025955791764772584,0.8428537845611572,690,0.0012550042,0.0305633544921875,0.0
0.05088131129741669,0.05085335671901703,166,0.0508650466799736,0.05081232264637947,0.05087490752339363,0.05090595781803131,0.05092952027916908,0.05094391107559204,0.050927430391311646,0.05089382082223892,0.050936855375766754,0.05091570317745209,0.050905436277389526,0.0,0.05090384557843208,71,538.9852905273438,0.05081232264637947,816.86,0.05088572949171066,0.05084947869181633,0.05089602991938591,0.05087986961007118,0.0,0.05083219334483147,4323,0.05098962411284447,0.05098557472229004,9306112,0.05088639631867409,0.536144578313253,2152,0.536144578313253,-1.0,0.05098962411284447,0.463855421686747,0.05094018206000328,0.050878219306468964,0.05087264999747276,1.3837831325301215,1e-06,0.9849883317947388,0.1,0.2,0.6065125738503412,38.9776304602623,0.05089781805872917,89,-0.002473101403029432,0.8291774988174438,700,0.001249017,0.0297515869140625,0.0
0.05089378356933594,0.05086293816566467,166,0.05088098347187042,0.05082735791802406,0.05088542401790619,0.05091264471411705,0.05093362554907799,0.05096140503883362,0.0509408637881279,0.05091001093387604,0.05094743147492409,0.050932493060827255,0.05092475935816765,0.0,0.05091523006558418,72,523.350341796875,0.05082735791802406,795.1,0.05090400204062462,0.0508667454123497,0.05090939253568649,0.0508846715092659,0.0,0.050849780440330505,4383,0.05100676789879799,0.05099453777074814,9437184,0.050897788256406784,0.5060240963855421,2152,0.5060240963855421,-1.0,0.05100676789879799,0.4939759036144578,0.050953518599271774,0.05089457333087921,0.05088142305612564,1.3920240963855433,1e-06,0.9026378393173218,0.1,0.2,0.6167383565101773,38.971702003479,0.05091088265180588,84,-0.0025625689611842974,0.83162522315979,710,0.0012422351,0.029376220703125,0.0
0.05090094357728958,0.05087321996688843,178,0.050896018743515015,0.0508425310254097,0.05090465769171715,0.05091987922787666,0.05093766748905182,0.05097603425383568,0.05095558613538742,0.05091634765267372,0.05096633732318878,0.05094308406114578,0.05093451216816902,0.0,0.050937071442604065,73,515.5829467773438,0.0508425310254097,784.64,0.05092393606901169,0.050876252353191376,0.05091748759150505,0.05089753493666649,0.0,0.050859421491622925,4445,0.051012568175792694,0.05101224035024643,9568256,0.050907790660858154,0.5393258426966292,2152,0.5393258426966292,-1.0,0.051012568175792694,0.4606741573033708,0.05095696821808815,0.050907108932733536,0.05089651420712471,1.3946292134831473,1e-06,0.9423866271972656,0.1,0.2,0.6063571217702701,38.96554817259312,0.05092287063598633,96,-0.0025135894355571508,0.8385968208312988,720,0.0012063847,0.02649078369140625,0.0
0.05090857669711113,0.05088914930820465,155,0.05090244859457016,0.05085623264312744,0.050911709666252136,0.050932712852954865,0.05094759166240692,0.05098330229520798,0.05097568407654762,0.05093315243721008,0.050971467047929764,0.05095411464571953,0.05094147101044655,0.0,0.050941918045282364,74,514.6217041015625,0.05085623264312744,791.19,0.05093464255332947,0.05089368671178818,0.05093337967991829,0.050907425582408905,0.0,0.05087261646986008,4507,0.051030732691287994,0.05103209242224693,9699328,0.05091897025704384,0.4645161290322581,2151,0.4645161290322581,-1.0,0.05103209242224693,0.535483870967742,0.05097617954015732,0.05091889575123787,0.05091073736548424,1.3744774193548397,1e-06,0.9496827125549316,0.1,0.2,0.6559361244551838,38.95959774255753,0.05093515291810036,72,-0.002554871946313142,0.8513146042823792,730,0.0012210838,0.029114532470703124,0.0
0.05092395842075348,0.05089673399925232,170,0.05091452598571777,0.05087094008922577,0.050931353121995926,0.05093786120414734,0.050956156104803085,0.051004067063331604,0.050987035036087036,0.050944969058036804,0.050980690866708755,0.050975389778614044,0.05095958337187767,0.0,0.05095836520195007,75,527.6209106445312,0.05087094008922577,800.55,0.05095019191503525,0.0509040392935276,0.05094524845480919,0.05092357099056244,0.0,0.05089041218161583,4569,0.05103749781847,0.05104730650782585,9830400,0.05093638226389885,0.5294117647058824,2151,0.5294117647058824,-1.0,0.05104730650782585,0.47058823529411764,0.05098336562514305,0.050936564803123474,0.05092579126358032,1.3907411764705895,1e-06,1.1111863851547241,0.1,0.2,0.6790084508247674,38.95318585038185,0.05094888061285019,90,-0.002573978693726531,0.8409214615821838,740,0.0012929812,0.0328399658203125,0.0
0.050931498408317566,0.05090872570872307,172,0.05092792958021164,0.05088207498192787,0.050951939076185226,0.05094613507390022,0.050975002348423004,0.05101879686117172,0.05099859833717346,0.05095566809177399,0.05099133774638176,0.05099666491150856,0.05098361894488335,0.0,0.050977371633052826,76,498.9342041015625,0.05088207498192787,767.47,0.05096625164151192,0.050917282700538635,0.05094700679183006,0.0509466677904129,0.0,0.05089977756142616,4630,0.051062557846307755,0.05105666443705559,9961472,0.05094687268137932,0.47674418604651164,2151,0.47674418604651164,-1.0,0.051062557846307755,0.5232558139534884,0.05100521072745323,0.05094781145453453,0.05093840882182121,1.3996627906976755,1e-06,0.9387649297714233,0.1,0.2,0.6066891979426146,38.946312576532364,0.05096319690346718,82,-0.0026645923751857483,0.8519448041915894,750,0.0012542885,0.0318389892578125,0.0
0.050944261252880096,0.050920791923999786,157,0.05093846842646599,0.05089476704597473,0.05095473304390907,0.05095814913511276,0.050994500517845154,0.0510328970849514,0.05100640282034874,0.050968706607818604,0.051006659865379333,0.051010794937610626,0.050991933792829514,0.0,0.050996385514736176,77,522.5321044921875,0.05089476704597473,796.14,0.05097220838069916,0.05093245953321457,0.050964027643203735,0.050956957042217255,0.0,0.050912752747535706,4691,0.05107680335640907,0.05107656121253967,10092544,0.050963860005140305,0.554140127388535,2151,0.554140127388535,-1.0,0.05107680335640907,0.445859872611465,0.05101747065782547,0.05096573010087013,0.050956081598997116,1.3345605095541409,1e-06,1.030295968055725,0.1,0.2,0.6614442291902378,38.939509955048564,0.050976578146219254,87,-0.002340348971483763,0.84706711769104,760,0.0011780618,0.026641082763671876,0.0
0.05096983537077904,0.05094066634774208,174,0.050951696932315826,0.05090692639350891,0.050967540591955185,0.050970468670129776,0.05100778862833977,0.0510423518717289,0.051022883504629135,0.050985466688871384,0.05101627856492996,0.05102601274847984,0.051010612398386,0.0,0.051012519747018814,78,541.9953002929688,0.05090692639350891,823.86,0.05098867788910866,0.05094839259982109,0.05098104104399681,0.05098165199160576,0.0,0.05093219131231308,4752,0.05108771473169327,0.051088616251945496,10223616,0.05098084732890129,0.5344827586206896,2151,0.5344827586206896,-1.0,0.051088616251945496,0.46551724137931033,0.051028065383434296,0.050984106957912445,0.05097091943025589,1.4074597701149434,1e-06,0.9197707176208496,0.1,0.2,0.5886589423986152,38.93245950937271,0.05099213123321533,93,-0.0025404700134458837,0.8312828540802002,770,0.0012488719,0.029290008544921874,0.0
0.05099235847592354,0.050956495106220245,154,0.05096639692783356,0.0509188249707222,0.05098133534193039,0.05098855495452881,0.051019564270973206,0.05106314271688461,0.05104457959532738,0.05099150910973549,0.05103059858083725,0.05104384943842888,0.05102210491895676,0.0,0.051025085151195526,79,514.8379516601562,0.0509188249707222,782.63,0.05100399628281593,0.05096033588051796,0.0509934164583683,0.050991155207157135,0.0,0.050944846123456955,4814,0.05109613388776779,0.05109235644340515,10354688,0.050983183085918427,0.512987012987013,2150,0.512987012987013,-1.0,0.05109613388776779,0.487012987012987,0.051047805696725845,0.05099846422672272,0.05098975822329521,1.399922077922079,1e-06,1.045048713684082,0.1,0.2,0.6148306408897042,38.92527253329754,0.05100583657622337,79,-0.002606173110893906,0.8499357104301453,780,0.001258631,0.030799102783203126,0.0
0.05100466310977936,0.05096730962395668,165,0.05097653344273567,0.05093962326645851,0.050994183868169785,0.05101389437913895,0.05103519558906555,0.05107524245977402,0.051053550094366074,0.050988711416721344,0.05103989318013191,0.05105903744697571,0.05103401467204094,0.0,0.05103421211242676,80,533.6817016601562,0.05093962326645851,813.58,0.05101991817355156,0.05097648501396179,0.05100129544734955,0.05100366845726967,0.0,0.050950128585100174,4876,0.051112156361341476,0.05110624432563782,10485760,0.050996020436286926,0.5636363636363636,2150,0.5636363636363636,-1.0,0.051112156361341476,0.43636363636363634,0.05106163024902344,0.05102096125483513,0.051002997905015945,1.388860606060607,1e-06,0.9666785001754761,0.1,0.2,0.6023145800689236,38.91874507963657,0.05101870000362396,93,-0.002483449849933095,0.8430061340332031,790,0.0012495499,0.02982940673828125,0.0
0.05101451650261879,0.05096996948122978,177,0.05099397525191307,0.05095156282186508,0.05100725591182709,0.05103394389152527,0.05105765163898468,0.05108952894806862,0.0510677695274353,0.050999607890844345,0.05105714127421379,0.05107447877526283,0.0510515533387661,0.0,0.05104781687259674,81,516.4638061523438,0.05095156282186508,784.28,0.05102111026644707,0.050988007336854935,0.05101804435253143,0.051022812724113464,0.0,0.05096614360809326,4937,0.051126379519701004,0.051119979470968246,10616832,0.051006294786930084,0.4915254237288136,2150,0.4915254237288136,-1.0,0.051126379519701004,0.5084745762711864,0.05107302963733673,0.051038067787885666,0.05100889503955841,1.3941129943502835,1e-06,0.961212158203125,0.1,0.2,0.5717293111374602,38.91228315830231,0.05103222280740738,87,-0.0026081340432483557,0.8534748554229736,800,0.0012708323,0.0321685791015625,0.0
0.05103007331490517,0.050983741879463196,153,0.051008325070142746,0.05096560716629028,0.051008738577365875,0.05104491859674454,0.05106418952345848,0.05110090970993042,0.05107346549630165,0.051012665033340454,0.051065173000097275,0.05107976123690605,0.05105838179588318,0.0,0.05105627700686455,82,518.6328735351562,0.05096560716629028,791.24,0.05102739855647087,0.050996698439121246,0.05103703588247299,0.051040880382061005,0.0,0.050980761647224426,4998,0.05114321410655975,0.05113433673977852,10747904,0.05101095139980316,0.5751633986928104,2150,0.5751633986928104,-1.0,0.05114321410655975,0.42483660130718953,0.05108531564474106,0.0510447733104229,0.051016487181186676,1.396718954248367,1e-06,1.0807912349700928,0.1,0.2,0.6242269626120105,38.9063876837492,0.05104280635714531,88,-0.0025427403813864657,0.8563213348388672,810,0.0012667419,0.02996368408203125,0.0
0.05103673040866852,0.05098544433712959,162,0.05101686343550682,0.050984494388103485,0.05102717876434326,0.05106208100914955,0.05107226222753525,0.05110597610473633,0.05109592527151108,0.051025792956352234,0.051081590354442596,0.05109207704663277,0.051071543246507645,0.0,0.051062777638435364,83,557.8834838867188,0.050984494388103485,844.33,0.05103722959756851,0.051013872027397156,0.051048800349235535,0.05105180665850639,0.0,0.050993453711271286,5060,0.05116521567106247,0.05113937333226204,10878976,0.051031678915023804,0.6049382716049383,2149,0.6049382716049383,-1.0,0.05116521567106247,0.3950617283950617,0.051097460091114044,0.051062263548374176,0.05103636533021927,1.3970864197530874,1e-06,0.995920717716217,0.1,0.2,0.5464378640754148,38.90056502223015,0.05105592682957649,98,-0.0025509526147288854,0.8571215867996216,820,0.0012691445,0.030895233154296875,0.0
0.05104660987854004,0.051005490124225616,145,0.05102944001555443,0.05099927634000778,0.051043618470430374,0.05107371136546135,0.05108529329299927,0.051117174327373505,0.05110710859298706,0.05104249715805054,0.05109647288918495,0.05109868943691254,0.051082734018564224,0.0,0.05107932537794113,84,561.5526123046875,0.05099927634000778,852.26,0.05105163902044296,0.05102075636386871,0.05105544626712799,0.051066234707832336,0.0,0.05100499466061592,5121,0.05117485299706459,0.051161982119083405,11010048,0.05104847252368927,0.5862068965517241,2149,0.5862068965517241,-1.0,0.05117485299706459,0.41379310344827586,0.05111202225089073,0.051075343042612076,0.05104918032884598,1.390896551724139,1e-06,1.0381230115890503,0.1,0.2,0.5461741229519248,38.89411500394344,0.05106913670897484,85,-0.002356464532431346,0.8541005253791809,830,0.0012010597,0.026877593994140626,0.0
0.05105442553758621,0.051020547747612,172,0.05104445666074753,0.051006343215703964,0.05104944854974747,0.05108749493956566,0.05110154300928116,0.05112325772643089,0.05111895501613617,0.05105726048350334,0.05110667273402214,0.05110470950603485,0.051091041415929794,0.0,0.05109543725848198,85,542.3345336914062,0.051006343215703964,831.39,0.05106563866138458,0.05104108527302742,0.05106661096215248,0.05107934772968292,0.0,0.05101880803704262,5182,0.05118696019053459,0.05116414278745651,11141120,0.051060281693935394,0.5930232558139535,2149,0.5930232558139535,-1.0,0.05118696019053459,0.4069767441860465,0.05112342908978462,0.051093123853206635,0.051062580198049545,1.4061162790697685,1e-06,0.9659092426300049,0.1,0.2,0.5479238857049495,38.88800297677517,0.051080942153930664,102,-0.0024513761429716396,0.8483186960220337,840,0.0012255788,0.02867431640625,0.0
0.051060765981674194,0.05102658271789551,156,0.051066379994153976,0.051022373139858246,0.05106741562485695,0.0511079765856266,0.05112515762448311,0.05113063380122185,0.05113999545574188,0.05107969045639038,0.051122549921274185,0.051113106310367584,0.05110573396086693,0.0,0.05111024156212807,86,526.5420532226562,0.051022373139858246,802.15,0.05106396973133087,0.05106031894683838,0.05108396336436272,0.05109671875834465,0.0,0.05103052407503128,5244,0.051200997084379196,0.0511738546192646,11272192,0.05106639117002487,0.5128205128205128,2149,0.5128205128205128,-1.0,0.051200997084379196,0.48717948717948717,0.0511326789855957,0.05110831558704376,0.051076341420412064,1.3966153846153855,1e-06,1.0071587562561035,0.1,0.2,0.5691358119016513,38.88172544240952,0.0510949082672596,80,-0.002533697146736813,0.8499252796173096,850,0.0012499611,0.029831695556640624,0.0
0.05107296630740166,0.05104241147637367,159,0.05107919126749039,0.051028236746788025,0.05107914283871651,0.05112918093800545,0.051139019429683685,0.05114150792360306,0.05115075036883354,0.051091358065605164,0.05114151909947395,0.05112304911017418,0.05111696943640709,0.0,0.051134753972291946,87,560.0750732421875,0.051028236746788025,848.24,0.05107983574271202,0.05107160285115242,0.05109458416700363,0.05111464112997055,0.0,0.051043521612882614,5305,0.051219262182712555,0.05117962509393692,11403264,0.05107884854078293,0.5911949685534591,2149,0.5911949685534591,-1.0,0.051219262182712555,0.4088050314465409,0.05114525184035301,0.051128607243299484,0.051094815135002136,1.393245283018869,1e-06,0.9484249353408813,0.1,0.2,0.5763612987939268,38.87491059005261,0.05110882222652435,94,-0.0026609959262714256,0.8488471508026123,860,0.001220388,0.028585052490234374,0.0
0.051080383360385895,0.05106154829263687,162,0.051098667085170746,0.051034100353717804,0.05109588801860809,0.051146604120731354,0.05115072429180145,0.05114906653761864,0.05116777867078781,0.05111544579267502,0.051157787442207336,0.05113043636083603,0.05112878978252411,0.0,0.05114191025495529,88,523.808349609375,0.051034100353717804,797.24,0.05109787359833717,0.0510900542140007,0.051111094653606415,0.051127877086400986,0.0,0.051057662814855576,5367,0.05123147368431091,0.05119484290480614,11534336,0.05109436437487602,0.4876543209876543,2149,0.4876543209876543,-1.0,0.05123147368431091,0.5123456790123457,0.05115702003240585,0.05114639550447464,0.051108743995428085,1.3811851851851864,1e-06,0.8728220462799072,0.1,0.2,0.5774501272942871,38.86799933612347,0.05112306773662567,79,-0.0026317995459521626,0.843630850315094,870,0.0012913361,0.031847381591796876,0.0
0.05110188201069832,0.05108083412051201,157,0.05110466107726097,0.051038797944784164,0.05110818147659302,0.051149554550647736,0.05116447061300278,0.05116705968976021,0.05118495598435402,0.05113105848431587,0.05116724222898483,0.05113775283098221,0.051144249737262726,0.0,0.051155395805835724,89,557.6260375976562,0.051038797944784164,837.92,0.05111343413591385,0.05110129714012146,0.051118601113557816,0.0511421300470829,0.0,0.05107598751783371,5428,0.051240526139736176,0.0512096993625164,11665408,0.051112569868564606,0.5987261146496815,2148,0.5987261146496815,-1.0,0.051240526139736176,0.4012738853503185,0.05117538943886757,0.051166851073503494,0.0511198453605175,1.3926369426751604,1e-06,1.106926679611206,0.1,0.2,0.6347030904144049,38.86123112738132,0.05113649740815163,94,-0.0026012954477664606,0.8569949269294739,880,0.0012287349,0.0295806884765625,0.0
0.05111473798751831,0.05108926072716713,152,0.05111260712146759,0.05106276273727417,0.05111782252788544,0.051159653812646866,0.051169730722904205,0.05118005350232124,0.05119531974196434,0.05113719031214714,0.05117921158671379,0.05115317553281784,0.05114682391285896,0.0,0.051168546080589294,90,562.1536254882812,0.05106276273727417,850.45,0.05112960934638977,0.051105670630931854,0.05112145468592644,0.05115668848156929,0.0,0.05109252780675888,5489,0.0512535497546196,0.05122225359082222,11796480,0.05112472176551819,0.6381578947368421,2148,0.6381578947368421,-1.0,0.0512535497546196,0.3618421052631579,0.05118842422962189,0.05118778720498085,0.051124561578035355,1.3967105263157904,1e-06,1.0014010667800903,0.1,0.2,0.5343574011931196,38.85521669089794,0.051147766411304474,97,-0.0026422776424624315,0.8488477468490601,890,0.0012689086,0.030936431884765626,0.0
0.05112936347723007,0.051090992987155914,160,0.05112319812178612,0.05108166113495827,0.051135994493961334,0.051166191697120667,0.051190558820962906,0.05120401084423065,0.05120393633842468,0.05115720257163048,0.051201678812503815,0.05116255581378937,0.05116300657391548,0.0,0.05119100958108902,91,562.2625732421875,0.05108166113495827,849.22,0.051133863627910614,0.05112023651599884,0.051130011677742004,0.05117563530802727,0.0,0.05111105740070343,5551,0.05125955119729042,0.05123836174607277,11927552,0.05113647133111954,0.6,2148,0.6,-1.0,0.05125955119729042,0.4,0.05120624601840973,0.05119743198156357,0.051138874143362045,1.392362500000001,1e-06,0.8406260013580322,0.1,0.2,0.5196964285802096,38.84895312190056,0.051161959767341614,96,-0.0024931934811775135,0.848188042640686,900,0.0012392193,0.027191925048828124,0.0
0.05114887282252312,0.05110423266887665,164,0.051138557493686676,0.05109619349241257,0.051148079335689545,0.051179345697164536,0.05120895430445671,0.05121484026312828,0.05122363194823265,0.05116959661245346,0.05121302232146263,0.05118046700954437,0.05118217691779137,0.0,0.051199931651353836,92,517.5237426757812,0.05109619349241257,788.71,0.0511523000895977,0.05113448575139046,0.051137179136276245,0.05117640271782875,0.0,0.051124587655067444,5612,0.051278937608003616,0.051247552037239075,12058624,0.05115527659654617,0.5,2148,0.5,-1.0,0.051278937608003616,0.5,0.051221948117017746,0.05121481418609619,0.05115735903382301,1.3785731707317082,1e-06,0.8918747901916504,0.1,0.2,0.5047501410357654,38.84198120236397,0.05117635428905487,82,-0.002675957006340468,0.8579524755477905,910,0.0013299959,0.03498001098632812,0.0
0.05115954577922821,0.0511096827685833,161,0.051144078373909,0.0511096827685833,0.051164641976356506,0.05118692293763161,0.051229532808065414,0.05123535916209221,0.051230814307928085,0.051189277321100235,0.051223497837781906,0.051192011684179306,0.05120665952563286,0.0,0.0512143149971962,93,543.6102294921875,0.05111503228545189,829.8,0.05117387697100639,0.051150690764188766,0.05115489661693573,0.05119498819112778,0.0,0.0511380210518837,5674,0.051284059882164,0.051262617111206055,12189696,0.05117667093873024,0.5900621118012422,2148,0.5900621118012422,-1.0,0.051284059882164,0.40993788819875776,0.05122845619916916,0.05122409760951996,0.05117230489850044,1.3996024844720507,1e-06,0.9778251647949219,0.1,0.2,0.5684139310382307,38.83501940369606,0.05119048058986664,95,-0.0024435773887034884,0.861395001411438,920,0.0012701924,0.029604339599609376,0.0
0.05117323249578476,0.05111946538090706,170,0.051158152520656586,0.05111946538090706,0.05119103565812111,0.05120907723903656,0.05125122889876366,0.05125367268919945,0.05124497413635254,0.05119844526052475,0.051235344260931015,0.05120721086859703,0.05121491476893425,0.0,0.051229823380708694,94,509.6780090332031,0.05112771689891815,773.0,0.051184821873903275,0.05116315558552742,0.05116194859147072,0.051205266267061234,0.0,0.0511540062725544,5736,0.051293108612298965,0.051272884011268616,12320768,0.051193807274103165,0.49411764705882355,2147,0.49411764705882355,-1.0,0.051293108612298965,0.5058823529411764,0.05123043432831764,0.051236700266599655,0.05117719620466232,1.3640117647058834,1e-06,0.8920854330062866,0.1,0.2,0.5485070606693625,38.82838430404663,0.05120350420475006,84,-0.0024562187974879633,0.8484607934951782,930,0.0012842426,0.0309814453125,0.0
0.05119182914495468,0.05114300549030304,151,0.05117408558726311,0.051142603158950806,0.05120100826025009,0.05122422054409981,0.051253415644168854,0.05126586928963661,0.051262397319078445,0.0512084923684597,0.0512530617415905,0.05121321603655815,0.05123984068632126,0.0,0.05123383179306984,95,541.751953125,0.051142603158950806,817.94,0.051197003573179245,0.05117487907409668,0.05117711052298546,0.0512271374464035,0.0,0.05116426572203636,5797,0.051315151154994965,0.05129411071538925,12451840,0.05120841786265373,0.5165562913907285,2147,0.5165562913907285,-1.0,0.051315151154994965,0.48344370860927155,0.05124012380838394,0.05125720426440239,0.05118947476148605,1.3869403973509942,1e-06,1.074175477027893,0.1,0.2,0.6087476443964988,38.82166425585747,0.05121807008981705,78,-0.0023872931664755013,0.8581404089927673,940,0.0011929502,0.02634429931640625,0.0
0.05120624601840973,0.05115565285086632,170,0.051192425191402435,0.05115253105759621,0.051222190260887146,0.05123287811875343,0.05126423016190529,0.05127627030014992,0.05127270147204399,0.051226332783699036,0.05126835033297539,0.051223695278167725,0.05124708637595177,0.0,0.05124368891119957,96,529.6472778320312,0.05115253105759621,804.29,0.05120832100510597,0.051192913204431534,0.05119169503450394,0.0512380450963974,0.0,0.05117392539978027,5859,0.05132869631052017,0.051303356885910034,12582912,0.05122486501932144,0.5823529411764706,2147,0.5823529411764706,-1.0,0.05132869631052017,0.4176470588235294,0.051249127835035324,0.051269277930259705,0.05120246112346649,1.3697882352941184,1e-06,0.897697925567627,0.1,0.2,0.5474166366970167,38.81499646902084,0.05123068019747734,99,-0.0025881657532863755,0.8529745936393738,950,0.0012974008,0.03353424072265625,0.0
0.05121706426143646,0.05117367208003998,155,0.05120336264371872,0.051153238862752914,0.05124290660023689,0.051232706755399704,0.051279451698064804,0.05129937082529068,0.0512947216629982,0.05124527961015701,0.05127575993537903,0.05123402550816536,0.05125902593135834,0.0,0.05125804618000984,97,519.2130737304688,0.051153238862752914,790.72,0.051221996545791626,0.05121307075023651,0.051207661628723145,0.05125052109360695,0.0,0.05117669701576233,5920,0.05134579539299011,0.05131442844867706,12713984,0.05123807117342949,0.5161290322580645,2147,0.5161290322580645,-1.0,0.05134579539299011,0.4838709677419355,0.05125347524881363,0.05127741023898125,0.051220957189798355,1.3851225806451621,1e-06,0.8939470052719116,0.1,0.2,0.5776340974727645,38.80879044234753,0.051243554800748825,80,-0.0025994129211539983,0.8540853261947632,960,0.0013086329,0.031573486328125,0.0
0.051236383616924286,0.05119198560714722,161,0.051222898066043854,0.051166824996471405,0.051249872893095016,0.05124637857079506,0.05129542201757431,0.05130697786808014,0.05130990222096443,0.05126206949353218,0.05129566416144371,0.05125560238957405,0.0512799508869648,0.0,0.05127371847629547,98,549.673095703125,0.051166824996471405,830.52,0.05123341456055641,0.05122276395559311,0.05122193321585655,0.051254674792289734,0.0,0.051192913204431534,5981,0.05135552957653999,0.051327839493751526,12845056,0.051241613924503326,0.6086956521739131,2147,0.6086956521739131,-1.0,0.05135552957653999,0.391304347826087,0.051261432468891144,0.05129491910338402,0.0512261725962162,1.3969192546583862,1e-06,0.8910021185874939,0.1,0.2,0.5548519804840908,38.80239063799381,0.05125707760453224,98,-0.002646112002094014,0.8529220819473267,970,0.0013643871,0.035562896728515626,0.0
0.0512496642768383,0.051210470497608185,173,0.05123348906636238,0.05117074400186539,0.05126145854592323,0.051257044076919556,0.051308128982782364,0.05131111294031143,0.051326774060726166,0.05127060040831566,0.05130579322576523,0.051267847418785095,0.051295846700668335,0.0,0.05128052458167076,99,504.6131286621094,0.05117074400186539,765.28,0.051241159439086914,0.051241904497146606,0.05123571306467056,0.051266539841890335,0.0,0.05120498687028885,6043,0.05136564373970032,0.05134289339184761,12976128,0.05126063898205757,0.5317919075144508,2147,0.5317919075144508,-1.0,0.05136564373970032,0.4682080924855491,0.051279742270708084,0.05130132660269737,0.0512334406375885,1.4079537572254346,1e-06,0.8907145261764526,0.1,0.2,0.5182748597115279,38.796194568276405,0.051268938928842545,92,-0.0025294525103618072,0.8535439372062683,980,0.0012438439,0.030458831787109376,0.0
0.0512547604739666,0.05123042315244675,154,0.05124690383672714,0.05119078978896141,0.05128084495663643,0.05127311870455742,0.05131584778428078,0.051326971501111984,0.05132991820573807,0.05129430815577507,0.05132048577070236,0.05128294602036476,0.05129949375987053,0.0,0.05129009857773781,100,526.7152099609375,0.05119078978896141,806.18,0.051255613565444946,0.051263634115457535,0.05124824866652489,0.05128513649106026,0.0,0.05122493952512741,6104,0.051381442695856094,0.05135928839445114,13107200,0.05128195509314537,0.512987012987013,2147,0.512987012987013,-1.0,0.051381442695856094,0.487012987012987,0.05129443109035492,0.05131743848323822,0.05124887079000473,1.401025974025975,1e-06,0.9437341690063477,0.1,0.2,0.5984884144039825,38.78964558839798,0.05128391832113266,79,-0.0026578931865515187,0.8527587652206421,990,0.0012419529,0.03058929443359375,0.0
0.05126570910215378,0.051236994564533234,168,0.05125760659575462,0.051207415759563446,0.05128687247633934,0.05128108710050583,0.051323432475328445,0.05132482945919037,0.051345232874155045,0.05131557956337929,0.05133562162518501,0.05129324272274971,0.05132391303777695,0.0,0.05129784345626831,101,533.3211059570312,0.051207415759563446,808.47,0.051260869950056076,0.05127820372581482,0.051263533532619476,0.05129813402891159,0.0,0.05123848468065262,6165,0.05139251798391342,0.051369376480579376,13238272,0.051298074424266815,0.6011904761904762,2146,0.6011904761904762,-1.0,0.05139251798391342,0.39880952380952384,0.05130499601364136,0.05132582038640976,0.05126452445983887,1.405095238095239,1e-06,0.9917123317718506,0.1,0.2,0.5765957107068971,38.78314770460129,0.05129559338092804,101,-0.002595066263120316,0.8698681592941284,1000,0.0012799778,0.03158416748046875,0.0
0.05127324163913727,0.051260173320770264,155,0.05126601457595825,0.05121989548206329,0.05130520462989807,0.051285624504089355,0.05133993178606033,0.05133490264415741,0.05136234685778618,0.05132785066962242,0.05133853480219841,0.05130796879529953,0.051337629556655884,0.0,0.05131157860159874,102,509.9170227050781,0.05121989548206329,779.02,0.051276564598083496,0.05128970742225647,0.05129164084792137,0.05131830647587776,0.0,0.051250360906124115,6226,0.05139739438891411,0.05139373242855072,13369344,0.05131107568740845,0.5225806451612903,2147,0.5225806451612903,-1.0,0.05139739438891411,0.4774193548387097,0.051311787217855453,0.05134177953004837,0.051275867968797684,1.384000000000001,1e-06,0.8971105813980103,0.1,0.2,0.5398722900310531,38.77700302898884,0.05130916088819504,81,-0.0024614052711967815,0.8606522083282471,1010,0.0011909677,0.026654052734375,0.0
0.051290832459926605,0.05127332732081413,167,0.05128130689263344,0.051232047379016876,0.051325857639312744,0.05129591003060341,0.051353104412555695,0.05135098472237587,0.051369670778512955,0.0513378381729126,0.051348574459552765,0.051320165395736694,0.05135440081357956,0.0,0.05132530629634857,103,561.2183837890625,0.051232047379016876,844.45,0.051290370523929596,0.05130587890744209,0.05131007358431816,0.05132712796330452,0.0,0.05126150697469711,6288,0.05141206458210945,0.05141526460647583,13500416,0.0513254776597023,0.6047904191616766,2146,0.6047904191616766,-1.0,0.05141526460647583,0.39520958083832336,0.051323432475328445,0.051358822733163834,0.05129576101899147,1.4198443113772465,1e-06,0.9396159648895264,0.1,0.2,0.5332039118744433,38.770208874344824,0.05132339894771576,101,-0.002587278427790807,0.8601043224334717,1020,0.0012780074,0.031035614013671876,0.0
0.05130700394511223,0.051287151873111725,149,0.05129611864686012,0.0512489452958107,0.05134138837456703,0.05132030323147774,0.0513710081577301,0.05137664079666138,0.05138244852423668,0.05135522037744522,0.051362838596105576,0.05133216083049774,0.05137353017926216,0.0,0.05134684592485428,104,533.30908203125,0.0512489452958107,805.42,0.05129235237836838,0.051313914358615875,0.051315199583768845,0.051339663565158844,0.0,0.05127781257033348,6349,0.051429953426122665,0.05143050476908684,13631488,0.051332782953977585,0.5906040268456376,2146,0.5906040268456376,-1.0,0.05143050476908684,0.40939597315436244,0.05133180320262909,0.05137572064995766,0.05131378024816513,1.4161208053691288,1e-06,0.8776962757110596,0.1,0.2,0.5157907793764025,38.76312106847763,0.051338206976652145,88,-0.0024311073820626914,0.8479801416397095,1030,0.0012797007,0.03272857666015625,0.0
0.05133022740483284,0.05130144953727722,169,0.05131741240620613,0.05126650631427765,0.05135142803192139,0.051334887742996216,0.051379457116127014,0.051395200192928314,0.051398999989032745,0.05136440694332123,0.05136909708380699,0.05134034901857376,0.051386624574661255,0.0,0.05136688053607941,105,560.1519165039062,0.05126650631427765,843.1,0.0513097308576107,0.05131808668375015,0.05132618546485901,0.05135698616504669,0.0,0.05128566175699234,6410,0.05145267769694328,0.05143815651535988,13762560,0.05134689807891846,0.591715976331361,2147,0.591715976331361,-1.0,0.05145267769694328,0.40828402366863903,0.05134262517094612,0.05138406530022621,0.05132720246911049,1.4094556213017762,1e-06,0.8864972591400146,0.1,0.2,0.5175101428059861,38.75626968443394,0.051351647824048996,100,-0.0025075887102048,0.856789231300354,1040,0.0012413468,0.02816619873046875,0.0
0.051347360014915466,0.05131746456027031,151,0.05134323611855507,0.05128699541091919,0.05136347562074661,0.051342904567718506,0.051386330276727676,0.051404256373643875,0.05140627920627594,0.05137615278363228,0.05138189718127251,0.05135496333241463,0.05139849707484245,0.0,0.05138671025633812,106,530.6923828125,0.05128699541091919,805.83,0.051311638206243515,0.05132901296019554,0.051332466304302216,0.05137293040752411,0.0,0.05129726603627205,6471,0.05147601664066315,0.05143999680876732,13893632,0.05135272443294525,0.543046357615894,2146,0.543046357615894,-1.0,0.05147601664066315,0.45695364238410596,0.05136317014694214,0.05139404907822609,0.05133955180644989,1.3769536423841071,1e-06,0.8528279066085815,0.1,0.2,0.515777996671386,38.74990700483322,0.05136421322822571,82,-0.0025952337967282803,0.8612320423126221,1050,0.0012711727,0.03050537109375,0.0
0.051357414573431015,0.05133240297436714,148,0.05135514959692955,0.05129680037498474,0.05138406530022621,0.05136021599173546,0.05139988288283348,0.051401082426309586,0.051423270255327225,0.05138353630900383,0.05139799416065216,0.05136227607727051,0.05141953006386757,0.0,0.051405176520347595,107,571.7267456054688,0.05129680037498474,866.52,0.05131921172142029,0.05133407935500145,0.0513530932366848,0.051385682076215744,0.0,0.05131348595023155,6532,0.0514957532286644,0.051456909626722336,14024704,0.05136494338512421,0.6621621621621622,2146,0.6621621621621622,-1.0,0.0514957532286644,0.33783783783783783,0.05136636644601822,0.05141161382198334,0.051348425447940826,1.3875270270270281,1e-06,0.915773868560791,0.1,0.2,0.5420220284489915,38.74374976158142,0.051377132534980774,98,-0.0024371182377763033,0.852623701095581,1060,0.0012477874,0.028876495361328126,0.0
0.05137116461992264,0.05134602636098862,172,0.05136981979012489,0.05131002515554428,0.05139114707708359,0.05137348175048828,0.05140978470444679,0.05141894146800041,0.05143547058105469,0.05139390379190445,0.05141487345099449,0.051374901086091995,0.051433201879262924,0.0,0.05141918733716011,108,561.865234375,0.05131002515554428,848.87,0.051343176513910294,0.051348745822906494,0.051363781094551086,0.051395483314991,0.0,0.05132683739066124,6593,0.051509127020835876,0.051481034606695175,14155776,0.05138076841831207,0.6569767441860465,2146,0.6569767441860465,-1.0,0.051509127020835876,0.3430232558139535,0.051379814743995667,0.05142231285572052,0.05135596916079521,1.3901046511627917,1e-06,0.7998411655426025,0.1,0.2,0.4331313533941284,38.737246146798135,0.05139075592160225,113,-0.0023702369683178404,0.8444406986236572,1070,0.0012691936,0.03152313232421875,0.0
0.051369279623031616,0.051362913101911545,149,0.05138002336025238,0.05133098363876343,0.05140955373644829,0.05138668790459633,0.05141743645071983,0.051424238830804825,0.051445476710796356,0.051411405205726624,0.051430221647024155,0.051390547305345535,0.0514458604156971,0.0,0.05143246799707413,109,518.891845703125,0.05133098363876343,785.49,0.05135583505034447,0.051355991512537,0.05138179659843445,0.051406171172857285,0.0,0.0513395257294178,6654,0.051527611911296844,0.051494453102350235,14286848,0.051391586661338806,0.5637583892617449,2146,0.5637583892617449,-1.0,0.051527611911296844,0.436241610738255,0.05139090120792389,0.05143533647060394,0.05137873440980911,1.3913825503355715,1e-06,0.9450066089630127,0.1,0.2,0.4902768533444032,38.73079150617123,0.051403798162937164,84,-0.0025685131967293274,0.8571069240570068,1080,0.0012989547,0.031089019775390626,0.0
0.05137353017926216,0.0513811856508255,176,0.05138701573014259,0.05134597793221474,0.051427219063043594,0.05140412226319313,0.05143455043435097,0.05143425613641739,0.05146016180515289,0.051423221826553345,0.0514410026371479,0.05140993371605873,0.0514516606926918,0.0,0.05144476518034935,110,525.6521606445312,0.05134597793221474,798.38,0.05137169361114502,0.0513605959713459,0.051388755440711975,0.05142764747142792,0.0,0.051350127905607224,6715,0.051541153341531754,0.051506780087947845,14417920,0.0513986200094223,0.5852272727272727,2147,0.5852272727272727,-1.0,0.051541153341531754,0.4147727272727273,0.05139737203717232,0.05145541578531265,0.05138396844267845,1.3731477272727284,1e-06,0.9289296865463257,0.1,0.2,0.4992406918434426,38.72464345693588,0.051416028290987015,103,-0.0025077568342567248,0.8657915592193604,1090,0.0013051056,0.031522369384765624,0.0
0.051384516060352325,0.051385730504989624,154,0.051405031234025955,0.05135306715965271,0.05144524574279785,0.0514095276594162,0.05144248530268669,0.05143731087446213,0.05147771164774895,0.05143529921770096,0.051451269537210464,0.05142594128847122,0.05146509408950806,0.0,0.05145717039704323,111,526.79052734375,0.05135306715965271,798.95,0.05137854069471359,0.05137825757265091,0.051402702927589417,0.051441650837659836,0.0,0.05136002227663994,6776,0.05155721679329872,0.05152343586087227,14548992,0.05141839012503624,0.564935064935065,2146,0.564935064935065,-1.0,0.05155721679329872,0.43506493506493504,0.0514039508998394,0.051475219428539276,0.05140148848295212,1.3867662337662348,1e-06,0.8453291654586792,0.1,0.2,0.556080211722292,38.71859711408615,0.051428645849227905,87,-0.0023761887373439095,0.8546789288520813,1100,0.001279109,0.0309326171875,0.0
0.051396869122982025,0.05139534920454025,169,0.05141044780611992,0.05136594921350479,0.051463279873132706,0.051422424614429474,0.05145739018917084,0.05145635828375816,0.05148669332265854,0.051454223692417145,0.05146497115492821,0.051436010748147964,0.05148441344499588,0.0,0.051472924649715424,112,541.1094360351562,0.05136594921350479,820.15,0.05139858275651932,0.05138591304421425,0.05142767354846001,0.05145848169922829,0.0,0.05136660858988762,6837,0.051567479968070984,0.05153719708323479,14680064,0.051436807960271835,0.5443786982248521,2146,0.5443786982248521,-1.0,0.051567479968070984,0.4556213017751479,0.05141569301486015,0.05148453265428543,0.05141400173306465,1.392059171597634,1e-06,0.9527817964553833,0.1,0.2,0.536792746023275,38.71216167211533,0.05144241452217102,92,-0.002592598630963039,0.8620830178260803,1110,0.0012508226,0.030512237548828126,0.0
0.051410410553216934,0.05140402540564537,155,0.051423098891973495,0.05137493833899498,0.051478445529937744,0.05143262445926666,0.05148033797740936,0.0514729842543602,0.05149683356285095,0.05146781727671623,0.0514712780714035,0.05145007744431496,0.051498111337423325,0.0,0.05147496238350868,113,519.1912231445312,0.05137493833899498,786.14,0.05140375718474388,0.05140278860926628,0.05144476518034935,0.051468297839164734,0.0,0.05138259381055832,6899,0.051588594913482666,0.05155207961797714,14811136,0.05145453289151192,0.5032258064516129,2146,0.5032258064516129,-1.0,0.051588594913482666,0.4967741935483871,0.05142132192850113,0.0515100359916687,0.05142201855778694,1.3699741935483882,1e-06,1.0364594459533691,0.1,0.2,0.5619722932809964,38.70566533207894,0.05145546793937683,78,-0.0024762909554738146,0.8681076169013977,1120,0.0012487323,0.031484222412109374,0.0
0.05142462998628616,0.05141481012105942,156,0.051426395773887634,0.051385436207056046,0.051490020006895065,0.05145092308521271,0.05149312689900398,0.051489148288965225,0.05150926113128662,0.05147833749651909,0.05148192122578621,0.05146462842822075,0.05150726065039635,0.0,0.051494158804416656,114,547.1090698242188,0.05138908699154854,832.79,0.05142218992114067,0.05141555890440941,0.05145926773548126,0.05148232355713844,0.0,0.051385436207056046,6960,0.051607418805360794,0.051561444997787476,14942208,0.05147010087966919,0.6153846153846154,2146,0.6153846153846154,-1.0,0.051607418805360794,0.38461538461538464,0.051434047520160675,0.051511865109205246,0.051442474126815796,1.3800000000000012,1e-06,0.9540114402770996,0.1,0.2,0.57871769357007,38.69937497973442,0.05146823823451996,96,-0.002490066643440514,0.8595287799835205,1130,0.0012698497,0.029402923583984376,0.0
0.051432982087135315,0.05143580213189125,159,0.05143473669886589,0.05140221118927002,0.051503024995326996,0.05147283896803856,0.05151066184043884,0.0514942929148674,0.051520008593797684,0.05149128660559654,0.051496945321559906,0.05147680267691612,0.051514580845832825,0.0,0.05150540545582771,115,534.08154296875,0.05140221118927002,812.61,0.05142876133322716,0.051431864500045776,0.051478974521160126,0.05149683356285095,0.0,0.05140379071235657,7021,0.0516197606921196,0.05157095938920975,15073280,0.05148092657327652,0.5534591194968553,2146,0.5534591194968553,-1.0,0.0516197606921196,0.44654088050314467,0.051446691155433655,0.051529958844184875,0.051446471363306046,1.3943522012578626,1e-06,0.9266999959945679,0.1,0.2,0.5119588725501671,38.693180695176125,0.05148106440901756,88,-0.0024875966513718596,0.867533266544342,1140,0.0012374738,0.029979705810546875,0.0
0.05144861713051796,0.05145090073347092,157,0.05145293474197388,0.0514138787984848,0.05151262879371643,0.05148642510175705,0.05153395235538483,0.051505111157894135,0.051534343510866165,0.051504164934158325,0.05150676891207695,0.05149929225444794,0.05152304098010063,0.0,0.05151939392089844,116,537.2019653320312,0.0514138787984848,816.57,0.05144171416759491,0.051438916474580765,0.051493629813194275,0.05151214823126793,0.0,0.05142153054475784,7082,0.05163263529539108,0.05158678814768791,15204352,0.05148959159851074,0.5732484076433121,2146,0.5732484076433121,-1.0,0.05163263529539108,0.4267515923566879,0.051460765302181244,0.05153394117951393,0.051462579518556595,1.3866114649681538,1e-06,0.8239114284515381,0.1,0.2,0.5337317638797685,38.68675475418568,0.05149462819099426,90,-0.0024645956808853954,0.8667066693305969,1150,0.0012747142,0.030933380126953125,0.0
0.05145970731973648,0.051465217024087906,163,0.05146370828151703,0.05143709108233452,0.051513586193323135,0.05149582773447037,0.05155299976468086,0.05151750147342682,0.05155062675476074,0.05151810497045517,0.051518239080905914,0.05151168256998062,0.051531076431274414,0.0,0.05152904987335205,117,557.9727783203125,0.05144009366631508,847.15,0.05146569758653641,0.051448460668325424,0.05151112750172615,0.05153213441371918,0.0,0.05143709108233452,7143,0.05164970085024834,0.051593467593193054,15335424,0.0515042282640934,0.6257668711656442,2146,0.6257668711656442,-1.0,0.05164970085024834,0.37423312883435583,0.051479097455739975,0.0515519417822361,0.051488205790519714,1.385791411042946,1e-06,0.8686785697937012,0.1,0.2,0.5071956108789891,38.67995277941227,0.05150914192199707,102,-0.0023809997457647112,0.8612765073776245,1160,0.0012624982,0.02902679443359375,0.0
0.05147038400173187,0.05147577077150345,155,0.05148161202669144,0.05145302042365074,0.05152459070086479,0.051507603377103806,0.051564235240221024,0.0515320859849453,0.05157789587974548,0.051531579345464706,0.05152752622961998,0.05153298005461693,0.05155261978507042,0.0,0.051534589380025864,118,548.5457153320312,0.05145302042365074,828.17,0.051477402448654175,0.051464591175317764,0.051524847745895386,0.051556169986724854,0.0,0.05145503580570221,7204,0.05167223885655403,0.05160772427916527,15466496,0.05152730643749237,0.567741935483871,2146,0.567741935483871,-1.0,0.05167223885655403,0.432258064516129,0.05149930343031883,0.05156264826655388,0.051507383584976196,1.4026967741935494,1e-06,0.8869380354881287,0.1,0.2,0.5157290164846927,38.672624906897546,0.051524847745895386,88,-0.0023864448713538876,0.8491872549057007,1170,0.0012547725,0.029138946533203126,0.0
0.05148037523031235,0.05148691684007645,166,0.05149514228105545,0.051466137170791626,0.051538657397031784,0.05151359736919403,0.051581043750047684,0.051541078835725784,0.051594216376543045,0.0515454038977623,0.05155034363269806,0.05153392627835274,0.0515756830573082,0.0,0.05154481530189514,119,538.2029418945312,0.051466137170791626,813.63,0.05148826539516449,0.05147135257720947,0.05154072120785713,0.051572926342487335,0.0,0.051466651260852814,7265,0.05168961361050606,0.05162224546074867,15597568,0.05153527855873108,0.5662650602409639,2146,0.5662650602409639,-1.0,0.05168961361050606,0.43373493975903615,0.05150965601205826,0.05157008767127991,0.05151338875293732,1.397421686746989,1e-06,0.8199169635772705,0.1,0.2,0.48702724643517287,38.665828737616536,0.051537103950977325,94,-0.002344091011036653,0.8546117544174194,1180,0.0012704107,0.030713653564453124,0.0
0.0514938160777092,0.05149105191230774,161,0.051506560295820236,0.05148418992757797,0.05154723674058914,0.05153029039502144,0.0515936017036438,0.05155017226934433,0.05160442739725113,0.05155716836452484,0.05156373232603073,0.051550161093473434,0.051585014909505844,0.0,0.05156034976243973,120,535.3106079101562,0.05148418992757797,812.58,0.05149625986814499,0.051486216485500336,0.051547642797231674,0.05159291252493858,0.0,0.05148516222834587,7326,0.05170188844203949,0.0516325980424881,15728640,0.051549091935157776,0.5962732919254659,2146,0.5962732919254659,-1.0,0.05170188844203949,0.40372670807453415,0.05152224376797676,0.05158126726746559,0.05153117701411247,1.3935403726708084,1e-06,0.9209545850753784,0.1,0.2,0.5191619362449273,38.659794667363165,0.051549773663282394,96,-0.0026221885792438115,0.8670957684516907,1190,0.0012901037,0.031146240234375,0.0
0.051511041820049286,0.051500752568244934,144,0.051515378057956696,0.05149123817682266,0.051561690866947174,0.05154920369386673,0.05161057785153389,0.051562219858169556,0.05162079259753227,0.05157516524195671,0.05157831311225891,0.05156996473670006,0.05159260705113411,0.0,0.05157092213630676,121,565.2872924804688,0.051508575677871704,861.26,0.05151683837175369,0.05149123817682266,0.05156625062227249,0.051604416221380234,0.0,0.05149514228105545,7387,0.051703810691833496,0.051642753183841705,15859712,0.05157007649540901,0.6180555555555556,2146,0.6180555555555556,-1.0,0.051703810691833496,0.3819444444444444,0.05153540149331093,0.05159072205424309,0.05153929814696312,1.3962222222222234,1e-06,0.8684934377670288,0.1,0.2,0.5629438787000254,38.65342198908329,0.0515633299946785,89,-0.002413637521340206,0.8589068651199341,1200,0.0012450047,0.03008575439453125,0.0
0.05152887850999832,0.05151859670877457,177,0.05152951553463936,0.05150517448782921,0.051575277000665665,0.05155159905552864,0.051626235246658325,0.051571428775787354,0.05163101106882095,0.05158131569623947,0.05158965289592743,0.05158780887722969,0.05160348117351532,0.0,0.05158672481775284,122,531.0360717773438,0.05152454227209091,801.03,0.051528338342905045,0.05150517448782921,0.05157976597547531,0.051624659448862076,0.0,0.05151090770959854,7449,0.05170698091387749,0.0516541451215744,15990784,0.051584117114543915,0.5706214689265536,2146,0.5706214689265536,-1.0,0.05170698091387749,0.4293785310734463,0.05155235901474953,0.05159930884838104,0.05155004933476448,1.397672316384182,1e-06,0.7963411808013916,0.1,0.2,0.4822560804663226,38.64705428481102,0.05157607048749924,101,-0.0025722446783220223,0.8624166250228882,1210,0.0012778871,0.03196029663085938,0.0
0.051541004329919815,0.05153445526957512,139,0.051550332456827164,0.05151861906051636,0.05159065127372742,0.05156492441892624,0.05163345858454704,0.05158185586333275,0.05164609104394913,0.051592592149972916,0.05160858482122421,0.05159977823495865,0.05161847919225693,0.0,0.05160873383283615,123,548.338623046875,0.05152912437915802,834.15,0.051545970141887665,0.05151861906051636,0.05159512534737587,0.05164143815636635,0.0,0.05153156816959381,7510,0.05171080306172371,0.05166631564497948,16121856,0.051603589206933975,0.5539568345323741,2146,0.5539568345323741,-1.0,0.05171080306172371,0.4460431654676259,0.05157027393579483,0.05161111056804657,0.05156293138861656,1.406935251798562,1e-06,0.8508436679840088,0.1,0.2,0.5236914007226006,38.64051218032837,0.05159030854701996,77,-0.002577127381618993,0.8657512664794922,1220,0.0012948106,0.03306121826171875,0.0
0.05156368389725685,0.05154842883348465,167,0.05156932398676872,0.05152720585465431,0.05161193385720253,0.051581524312496185,0.05166245996952057,0.0515889897942543,0.05165782570838928,0.051603589206933975,0.051620807498693466,0.051613423973321915,0.051629841327667236,0.0,0.0516260601580143,124,551.147705078125,0.051531508564949036,836.55,0.05155785381793976,0.05152720585465431,0.05160893127322197,0.0516555979847908,0.0,0.0515492744743824,7571,0.05171441286802292,0.05167785659432411,16252928,0.051620349287986755,0.6227544910179641,2146,0.6227544910179641,-1.0,0.05171441286802292,0.3772455089820359,0.05158533528447151,0.05163054168224335,0.05156944692134857,1.3908742514970072,1e-06,0.9765259027481079,0.1,0.2,0.5086288833757863,38.63369641900063,0.0516042485833168,104,-0.002423744157522378,0.8542366027832031,1230,0.0012620953,0.0334014892578125,0.0
0.05157241225242615,0.05155918374657631,151,0.05158628150820732,0.051537320017814636,0.05162641778588295,0.05158913508057594,0.05167913809418678,0.05159905180335045,0.05166197940707207,0.0516170896589756,0.05162827670574188,0.0516238696873188,0.05162915214896202,0.0,0.051636919379234314,125,563.5497436523438,0.0515495203435421,848.11,0.05157122015953064,0.051537320017814636,0.05161801353096962,0.05166909843683243,0.0,0.051562268286943436,7632,0.05173385143280029,0.05169340968132019,16384000,0.051641032099723816,0.5827814569536424,2146,0.5827814569536424,-1.0,0.05173385143280029,0.41721854304635764,0.05160314962267876,0.05164337158203125,0.05157491937279701,1.4021456953642395,1e-06,0.8666833639144897,0.1,0.2,0.44972303602844477,38.62741065919399,0.05161624029278755,88,-0.0024914719844673526,0.8770453929901123,1240,0.0012721572,0.03296051025390625,0.0
0.051587168127298355,0.05157873034477234,175,0.05160577967762947,0.05155009776353836,0.05163202062249184,0.05159585177898407,0.051690008491277695,0.051619723439216614,0.051671821624040604,0.05163823440670967,0.0516502782702446,0.05163092538714409,0.051644306629896164,0.0,0.05164436623454094,126,498.51141357421875,0.05156300589442253,763.09,0.05157576873898506,0.05155009776353836,0.05162316933274269,0.051674652844667435,0.0,0.05157720670104027,7693,0.05175041779875755,0.05170512944459915,16515072,0.05166085809469223,0.56,2146,0.56,-1.0,0.05175041779875755,0.44,0.051614467054605484,0.051668569445610046,0.051589641720056534,1.374057142857144,1e-06,0.8505385518074036,0.1,0.2,0.5128859944408759,38.62124291062355,0.0516296848654747,98,-0.002362079511749471,0.861207127571106,1250,0.0012070432,0.026848602294921874,0.0
0.051597513258457184,0.05160052701830864,150,0.051618628203868866,0.05156191065907478,0.05164312571287155,0.05161089822649956,0.05170360207557678,0.051631808280944824,0.05168214440345764,0.051664575934410095,0.05166143551468849,0.05164669454097748,0.05165330693125725,0.0,0.05166271701455116,127,519.5175170898438,0.05158576741814613,788.46,0.05158553272485733,0.05156191065907478,0.051639899611473083,0.0516824796795845,0.0,0.051598288118839264,7754,0.05176412686705589,0.05171439051628113,16646144,0.05168277397751808,0.5666666666666667,2146,0.5666666666666667,-1.0,0.05176412686705589,0.43333333333333335,0.05162600055336952,0.05168580636382103,0.051595497876405716,1.397200000000001,1e-06,0.8976221084594727,0.1,0.2,0.5446687666932121,38.61454916000366,0.0516439825296402,85,-0.0026654311596757906,0.8812796473503113,1260,0.0012791664,0.031598663330078124,0.0
0.05161120742559433,0.05160382390022278,173,0.0516323521733284,0.05157843604683876,0.05164739489555359,0.051627688109874725,0.05171811208128929,0.05163794010877609,0.051698844879865646,0.05167233943939209,0.05166810005903244,0.051658812910318375,0.05166855454444885,0.0,0.05167514830827713,128,530.29052734375,0.051593415439128876,808.16,0.05159655213356018,0.05157843604683876,0.05164749547839165,0.05169953405857086,0.0,0.0516057088971138,7816,0.051770567893981934,0.051726870238780975,16777216,0.05169014260172844,0.6127167630057804,2146,0.6127167630057804,-1.0,0.051770567893981934,0.3872832369942196,0.05163685604929924,0.05169772356748581,0.0515945740044117,1.4087167630057813,1e-06,0.9036434292793274,0.1,0.2,0.5153265692293644,38.60856809616089,0.05165432393550873,106,-0.0024436294769657253,0.8630832433700562,1270,0.0012582218,0.03055419921875,0.0
0.051621150225400925,0.051611047238111496,152,0.051642656326293945,0.051595889031887054,0.05166366696357727,0.05164547637104988,0.05172979086637497,0.05165349319577217,0.05171866714954376,0.05169380456209183,0.051674727350473404,0.0516711063683033,0.051683761179447174,0.0,0.05168687552213669,129,516.5589599609375,0.05161455273628235,789.61,0.05160212516784668,0.051595889031887054,0.05166862905025482,0.05171032249927521,0.0,0.051618847995996475,7877,0.051780469715595245,0.051743000745773315,16908288,0.05170084163546562,0.5526315789473685,2146,0.5526315789473685,-1.0,0.051780469715595245,0.4473684210526316,0.0516442209482193,0.05171046778559685,0.051605090498924255,1.3620131578947376,1e-06,0.9276007413864136,0.1,0.2,0.525938763236627,38.60287159979343,0.051667626947164536,84,-0.002421050195175667,0.8506743907928467,1280,0.0012384829,0.030545806884765624,0.0
0.051638394594192505,0.05162608623504639,165,0.051658257842063904,0.051607050001621246,0.051678214222192764,0.051664404571056366,0.05174306407570839,0.05166536569595337,0.051741842180490494,0.051702577620744705,0.05168204754590988,0.05167924985289574,0.05170655995607376,0.0,0.05170008912682533,130,546.1660766601562,0.05163059011101723,829.08,0.051619306206703186,0.051607050001621246,0.051695480942726135,0.05172800272703171,0.0,0.051622480154037476,7938,0.051791198551654816,0.0517546609044075,17039360,0.05172114819288254,0.5878787878787879,2146,0.5878787878787879,-1.0,0.051791198551654816,0.4121212121212121,0.05165321007370949,0.05172077566385269,0.05162128433585167,1.3933454545454556,1e-06,0.8715205192565918,0.1,0.2,0.5023489648476243,38.5961540043354,0.05168205127120018,97,-0.0025390925065948977,0.8696123361587524,1290,0.0012798046,0.030765533447265625,0.0
0.05164923146367073,0.051641929894685745,147,0.051659662276506424,0.051614824682474136,0.051688749343156815,0.05167979374527931,0.05175838991999626,0.05168130621314049,0.05175654962658882,0.05170685797929764,0.05170036107301712,0.051688503473997116,0.05172612890601158,0.0,0.05171257629990578,131,560.4129028320312,0.051643308252096176,843.4,0.051629383116960526,0.051614824682474136,0.05170973017811775,0.0517459399998188,0.0,0.051629915833473206,8000,0.051803745329380035,0.05176026374101639,17170432,0.051732417196035385,0.6258503401360545,2146,0.6258503401360545,-1.0,0.051803745329380035,0.3741496598639456,0.05166914686560631,0.05174338445067406,0.05163370445370674,1.3922448979591848,1e-06,0.926313042640686,0.1,0.2,0.49585245228372515,38.58961533010006,0.051694631576538086,92,-0.0024491827043220836,0.8618044853210449,1300,0.0012454811,0.029046630859375,0.0
0.05165047571063042,0.05165049806237221,168,0.05167236179113388,0.0516267754137516,0.05171455070376396,0.05169074609875679,0.05176732316613197,0.05168808624148369,0.05177577957510948,0.05172410607337952,0.05171821266412735,0.051695749163627625,0.05173994228243828,0.0,0.051707733422517776,132,561.531494140625,0.05166437849402428,849.74,0.0516330786049366,0.0516267754137516,0.05172047019004822,0.05176607519388199,0.0,0.05164361745119095,8061,0.05181756988167763,0.05178141966462135,17301504,0.05174824595451355,0.5892857142857143,2146,0.5892857142857143,-1.0,0.05181756988167763,0.4107142857142857,0.051681037992239,0.051755860447883606,0.051644738763570786,1.3967857142857152,1e-06,0.9151833057403564,0.1,0.2,0.47563935129437596,38.58354408144951,0.05170714855194092,99,-0.002401381727668195,0.8598023056983948,1310,0.0012222613,0.027870941162109374,0.0
0.05165405943989754,0.05167412385344505,142,0.051687050610780716,0.05164312571287155,0.05171997472643852,0.051708951592445374,0.051781702786684036,0.05169796943664551,0.051794201135635376,0.05174515023827553,0.05172814056277275,0.051710087805986404,0.05175626650452614,0.0,0.051720790565013885,133,539.5488891601562,0.0516781285405159,810.86,0.051647063344717026,0.05164312571287155,0.05173883214592934,0.05178111046552658,0.0,0.051650967448949814,8122,0.05182695761322975,0.05179886892437935,17432576,0.05176301673054695,0.528169014084507,2146,0.528169014084507,-1.0,0.05182695761322975,0.47183098591549294,0.05169729143381119,0.05177018791437149,0.05164970085024834,1.4042253521126769,1e-06,0.881714940071106,0.1,0.2,0.5193757853936404,38.57718918025493,0.05172094702720642,75,-0.002426747688696196,0.8749211430549622,1320,0.0012418358,0.02922821044921875,0.0
0.051670920103788376,0.05167968198657036,175,0.051699042320251465,0.05165717378258705,0.051735565066337585,0.05171741172671318,0.05178680270910263,0.05171653628349304,0.051816631108522415,0.05176743492484093,0.051730088889598846,0.051721084862947464,0.05176550894975662,0.0,0.05173368752002716,134,553.3478393554688,0.051689453423023224,832.2,0.05167042836546898,0.05166036635637283,0.05174598842859268,0.0517984963953495,0.0,0.05165717378258705,8184,0.05184408649802208,0.05181266367435455,17563648,0.05177292600274086,0.5885714285714285,2145,0.5885714285714285,-1.0,0.05184408649802208,0.4114285714285714,0.05171424150466919,0.05177780240774155,0.05166511982679367,1.393280000000001,1e-06,0.8973103165626526,0.1,0.2,0.5262765193823725,38.57068934738636,0.051733966916799545,103,-0.002504792622039531,0.8657302260398865,1330,0.001296645,0.031179046630859374,0.0
0.05168478190898895,0.05168389528989792,144,0.05171659588813782,0.05167088285088539,0.0517536997795105,0.0517255999147892,0.05180002748966217,0.051718249917030334,0.051826637238264084,0.05177527293562889,0.051739733666181564,0.05174623429775238,0.05177650600671768,0.0,0.05175785720348358,135,538.3231201171875,0.051704712212085724,818.05,0.05167723074555397,0.05167215317487717,0.051752280443906784,0.051806919276714325,0.0,0.05167088285088539,8245,0.05186066776514053,0.05183056741952896,17694720,0.05177884176373482,0.5763888888888888,2145,0.5763888888888888,-1.0,0.05186066776514053,0.4236111111111111,0.05173330754041672,0.05179539695382118,0.05167276784777641,1.39051388888889,1e-06,0.9227373600006104,0.1,0.2,0.5349304965697229,38.56456109881401,0.0517464317381382,83,-0.0025102480958139493,0.8578656911849976,1340,0.0012612344,0.03122406005859375,0.0
0.051706068217754364,0.05170048400759697,175,0.05173929035663605,0.05167892947793007,0.05176296830177307,0.0517406091094017,0.051807329058647156,0.051728349179029465,0.05184638500213623,0.051787037402391434,0.051752861589193344,0.05174967646598816,0.05178755521774292,0.0,0.051773469895124435,136,548.8255615234375,0.05171725153923035,829.75,0.05169247090816498,0.05167941004037857,0.05176940932869911,0.0518263541162014,0.0,0.05167892947793007,8307,0.051871128380298615,0.051844630390405655,17825792,0.051795125007629395,0.6,2145,0.6,-1.0,0.051871128380298615,0.4,0.05174558237195015,0.051812849938869476,0.05167980492115021,1.373862857142858,1e-06,0.7963003516197205,0.1,0.2,0.46887355842627587,38.55828450918197,0.05175980180501938,105,-0.002701378549227229,0.8690432906150818,1350,0.001315369,0.032865142822265624,0.0
0.051723651587963104,0.05171321704983711,146,0.05175385996699333,0.05169195309281349,0.05178317427635193,0.05175440385937691,0.0518188402056694,0.051738325506448746,0.051858194172382355,0.05180640146136284,0.05176879093050957,0.051758572459220886,0.05179227143526077,0.0,0.05177997425198555,137,543.290771484375,0.05172668397426605,823.6,0.051706794649362564,0.05169195309281349,0.05178649351000786,0.05183832719922066,0.0,0.051692090928554535,8368,0.05187438055872917,0.05185901001095772,17956864,0.051813047379255295,0.5205479452054794,2145,0.5205479452054794,-1.0,0.05187438055872917,0.4794520547945205,0.051763176918029785,0.05182983726263046,0.05169915407896042,1.3838630136986312,1e-06,0.8904039859771729,0.1,0.2,0.5085936630377546,38.55183612704277,0.05177322402596474,76,-0.0024701021758573916,0.8700939416885376,1360,0.0012538291,0.030052947998046874,0.0
0.051727794110774994,0.05172407999634743,163,0.05177012458443642,0.0517035648226738,0.05179585516452789,0.051760781556367874,0.05182858929038048,0.05175189673900604,0.05187149718403816,0.051825277507305145,0.05179212614893913,0.05177297815680504,0.05180586874485016,0.0,0.0517972856760025,138,564.357177734375,0.05173663794994354,850.52,0.0517205074429512,0.0517166443169117,0.05179953575134277,0.05185326188802719,0.0,0.0517035648226738,8429,0.05188678577542305,0.05186985433101654,18087936,0.051823388785123825,0.6073619631901841,2145,0.6073619631901841,-1.0,0.05188678577542305,0.39263803680981596,0.05178319662809372,0.051842764019966125,0.05170959234237671,1.3960122699386515,1e-06,0.8149151802062988,0.1,0.2,0.4673580298665911,38.54529049992561,0.051786795258522034,99,-0.002482986357790651,0.887956440448761,1370,0.0013235891,0.0324951171875,0.0
0.051738858222961426,0.05174638330936432,150,0.05177748203277588,0.05171599239110947,0.051815591752529144,0.05177021026611328,0.05184360593557358,0.05176559463143349,0.05187997221946716,0.05185047909617424,0.05179987847805023,0.05179436132311821,0.051812514662742615,0.0,0.051822029054164886,139,526.9275512695312,0.051746394485235214,802.33,0.051736392080783844,0.05173112452030182,0.05181329324841499,0.051869768649339676,0.0,0.05171599239110947,8490,0.05189315602183342,0.05188081040978432,18219008,0.05183578282594681,0.5666666666666667,2145,0.5666666666666667,-1.0,0.05189315602183342,0.43333333333333335,0.05179659649729729,0.05184696614742279,0.051719654351472855,1.3850933333333344,1e-06,0.9150034189224243,0.1,0.2,0.4362968936562538,38.53881181180477,0.051800113171339035,85,-0.002524311692104675,0.8793873190879822,1380,0.001304114,0.031427764892578126,0.0
0.051743555814027786,0.0517655573785305,159,0.051791731268167496,0.05172937363386154,0.051825474947690964,0.05179344490170479,0.05185390263795853,0.051779236644506454,0.05190238729119301,0.05185830593109131,0.05181426927447319,0.05181145295500755,0.05182032287120819,0.0,0.05183769762516022,140,564.806884765625,0.051760006695985794,853.74,0.051756586879491806,0.05174010246992111,0.051831986755132675,0.0518721304833889,0.0,0.05172937363386154,8551,0.05190707743167877,0.05189867690205574,18350080,0.05185133218765259,0.610062893081761,2145,0.610062893081761,-1.0,0.05190707743167877,0.389937106918239,0.0518127866089344,0.051858577877283096,0.051739759743213654,1.4089937106918249,1e-06,0.9398250579833984,0.1,0.2,0.5247125388123095,38.532199651002884,0.05181422829627991,97,-0.0024385518327108002,0.8697490692138672,1390,0.0012117584,0.027294158935546875,0.0
0.051766667515039444,0.05177401378750801,155,0.05180814489722252,0.05174796283245087,0.05183516442775726,0.05179961025714874,0.05186912417411804,0.051793571561574936,0.05191648378968239,0.051870424300432205,0.05182049795985222,0.05182737857103348,0.05183062702417374,0.0,0.05185026675462723,141,584.297607421875,0.0517694465816021,885.58,0.0517645962536335,0.05175377428531647,0.051838625222444534,0.051880426704883575,0.0,0.05174796283245087,8613,0.05192824453115463,0.051921743899583817,18481152,0.051858995109796524,0.6193548387096774,2145,0.6193548387096774,-1.0,0.05192824453115463,0.38064516129032255,0.0518379807472229,0.051875121891498566,0.051749687641859055,1.3859741935483882,1e-06,0.8977862596511841,0.1,0.2,0.48698320214170965,38.52556322515011,0.05182754620909691,96,-0.00240704164671115,0.8682812452316284,1400,0.0012720075,0.030384063720703125,0.0
0.05178143084049225,0.0517914816737175,164,0.051827527582645416,0.05175309628248215,0.051855795085430145,0.05181637033820152,0.05188241973519325,0.051801808178424835,0.05193493142724037,0.05188345909118652,0.05183984711766243,0.051843270659446716,0.051843345165252686,0.0,0.051870595663785934,142,529.34814453125,0.05178970471024513,805.1,0.05177238583564758,0.05176578089594841,0.051855139434337616,0.05189753696322441,0.0,0.05176273360848427,8673,0.05193148925900459,0.05192096531391144,18612224,0.05187263712286949,0.5609756097560976,2145,0.5609756097560976,-1.0,0.05193493142724037,0.43902439024390244,0.05185795947909355,0.05189589038491249,0.05175309628248215,1.4073902439024402,1e-06,0.8439347743988037,0.1,0.2,0.5063377367565408,38.51889393031597,0.05184190347790718,92,-0.002382880476761784,0.8698982000350952,1410,0.0012224684,0.026467132568359374,0.0
0.05180083215236664,0.051802992820739746,156,0.05184244364500046,0.051761992275714874,0.05185965076088905,0.051831841468811035,0.0519021637737751,0.05180985853075981,0.051944442093372345,0.051901817321777344,0.05185484141111374,0.051858194172382355,0.05185844004154205,0.0,0.05188973248004913,143,549.190673828125,0.05180332437157631,830.33,0.051778655499219894,0.051789283752441406,0.05186626687645912,0.05191720277070999,0.0,0.05177484080195427,8735,0.05194752663373947,0.051942795515060425,18743296,0.051883917301893234,0.6025641025641025,2145,0.6025641025641025,-1.0,0.05194752663373947,0.3974358974358974,0.05187452957034111,0.051912933588027954,0.051761992275714874,1.3882820512820522,1e-06,0.8422675132751465,0.1,0.2,0.47503746608272196,38.5119663476944,0.05185642093420029,94,-0.0026084435562097495,0.8820420503616333,1420,0.001288089,0.031249237060546876,0.0
0.05180390551686287,0.051808834075927734,168,0.05185501649975777,0.051780086010694504,0.0518743060529232,0.05184181407094002,0.05191535875201225,0.05182645097374916,0.05195172503590584,0.05191325396299362,0.05186797305941582,0.051864102482795715,0.051875170320272446,0.0,0.051910754293203354,144,530.7434692382812,0.05181288719177246,803.48,0.051788199692964554,0.051800619810819626,0.05187346413731575,0.051930855959653854,0.0,0.051787011325359344,8795,0.05196404829621315,0.051953595131635666,18874368,0.05190014839172363,0.5892857142857143,2145,0.5892857142857143,-1.0,0.05196404829621315,0.4107142857142857,0.05188519135117531,0.051930028945207596,0.051780086010694504,1.3772142857142866,1e-06,0.8584833145141602,0.1,0.2,0.5024412150029093,38.505513700842855,0.05186859145760536,99,-0.0024589302582171515,0.8688375949859619,1430,0.0013115909,0.03344268798828125,0.0
0.05181580036878586,0.05183028429746628,145,0.05187255144119263,0.05179727450013161,0.051890186965465546,0.051853444427251816,0.05193508043885231,0.051845286041498184,0.05196118727326393,0.051932442933321,0.05188016965985298,0.05187862366437912,0.051892589777708054,0.0,0.051926326006650925,145,559.11962890625,0.051830824464559555,840.15,0.05180521681904793,0.05180612951517105,0.05188703536987305,0.05194970592856407,0.0,0.051800794899463654,8857,0.05197891965508461,0.051971953362226486,19005440,0.051921870559453964,0.6137931034482759,2145,0.6137931034482759,-1.0,0.05197891965508461,0.38620689655172413,0.05188697203993797,0.05193553864955902,0.05179727450013161,1.4127310344827597,1e-06,0.7981911897659302,0.1,0.2,0.4643589000683278,38.49902845025063,0.05188344791531563,89,-0.002485276369429812,0.8711908459663391,1440,0.0012760435,0.029505157470703126,0.0
0.051832087337970734,0.05184227228164673,164,0.05188474431633949,0.05180594325065613,0.051899999380111694,0.051870424300432205,0.05194941908121109,0.05185834318399429,0.051974084228277206,0.05193861946463585,0.05190026015043259,0.051880985498428345,0.05190083011984825,0.0,0.05193966254591942,146,567.1569213867188,0.05184684321284294,850.66,0.05182180553674698,0.05181162804365158,0.05189884826540947,0.051969561725854874,0.0,0.05182284489274025,8918,0.051989663392305374,0.05198889598250389,19136512,0.05193169787526131,0.6036585365853658,2145,0.6036585365853658,-1.0,0.051989663392305374,0.39634146341463417,0.05189414694905281,0.05195469781756401,0.05180594325065613,1.4014146341463425,1e-06,0.8278574347496033,0.1,0.2,0.4568811634555459,38.49229357540607,0.05189633369445801,99,-0.0024269911600640626,0.8696296215057373,1450,0.0012847605,0.031072235107421874,0.0
0.05185019597411156,0.05185718089342117,172,0.051910221576690674,0.05181633308529854,0.05191503465175629,0.0518835224211216,0.051956553012132645,0.05187075585126877,0.051987048238515854,0.05194760113954544,0.051912225782871246,0.051900122314691544,0.05191289633512497,0.0,0.05196107551455498,147,531.2734985351562,0.05186204984784126,802.18,0.05183866247534752,0.05182241275906563,0.051905084401369095,0.05197108909487724,0.0,0.05182584747672081,8979,0.052002519369125366,0.05199585109949112,19267584,0.05194154381752014,0.5348837209302325,2145,0.5348837209302325,-1.0,0.052002519369125366,0.46511627906976744,0.05191696807742119,0.05197175592184067,0.05181633308529854,1.381093023255815,1e-06,0.950269877910614,0.1,0.2,0.524741257308051,38.48604377508163,0.05190937966108322,92,-0.002626723765320094,0.8669615983963013,1460,0.0013796499,0.037274932861328124,0.0
0.05187316983938217,0.05187349021434784,155,0.05192657187581062,0.051818594336509705,0.05192941054701805,0.051898565143346786,0.051971111446619034,0.05189506337046623,0.05200377106666565,0.051957473158836365,0.05192992836236954,0.05191813036799431,0.05193028599023819,0.0,0.051987048238515854,148,504.2167663574219,0.05186731740832329,763.16,0.05184737592935562,0.05183243378996849,0.051922425627708435,0.05198608338832855,0.0,0.05183717980980873,9040,0.05201324447989464,0.05200440436601639,19398656,0.051959242671728134,0.535483870967742,2145,0.535483870967742,-1.0,0.05201324447989464,0.4645161290322581,0.05192600563168526,0.05198739469051361,0.051818594336509705,1.4059225806451625,1e-06,0.927025556564331,0.1,0.2,0.5423806409351528,38.47943699061871,0.05192382633686066,83,-0.002665585804697912,0.8765988945960999,1470,0.0013480134,0.03574447631835938,0.0
0.051886118948459625,0.05189606547355652,169,0.0519447885453701,0.05183073878288269,0.05194156989455223,0.05191914737224579,0.051990728825330734,0.05190525949001312,0.052016731351614,0.05196896940469742,0.051943909376859665,0.05192302167415619,0.051937494426965714,0.0,0.051997847855091095,149,562.8911743164062,0.05187153443694115,851.26,0.05186453461647034,0.051846832036972046,0.05192947015166283,0.05199374258518219,0.0,0.051843754947185516,9101,0.052027247846126556,0.05202202498912811,19529728,0.051963988691568375,0.6035502958579881,2145,0.6035502958579881,-1.0,0.052027247846126556,0.39644970414201186,0.05193654075264931,0.05200628936290741,0.05183073878288269,1.3697278106508886,1e-06,0.9343364834785461,0.1,0.2,0.48861174599733204,38.472965630888936,0.05193633213639259,102,-0.0026559264655588778,0.87910395860672,1480,0.0013299764,0.034458160400390625,0.0
0.05190460383892059,0.05190451815724373,160,0.05195185914635658,0.051852814853191376,0.05195413902401924,0.05193111672997475,0.051994189620018005,0.051927268505096436,0.052027296274900436,0.05197977274656296,0.05195760726928711,0.05194014310836792,0.051956307142972946,0.0,0.05199876427650452,150,513.4425659179688,0.05188971757888794,778.03,0.05187022313475609,0.05186014622449875,0.05193079635500908,0.052004676312208176,0.0,0.051853667944669724,9162,0.05204370990395546,0.05203041061758995,19660800,0.051979489624500275,0.5375,2145,0.5375,-1.0,0.05204370990395546,0.4625,0.05194402113556862,0.052021875977516174,0.051852814853191376,1.403500000000001,1e-06,0.802834153175354,0.1,0.2,0.49288514466024935,38.46704636216164,0.051948364824056625,86,-0.002370693673628921,0.869026780128479,1490,0.0012754345,0.030535125732421876,0.0
0.05190863832831383,0.05191313102841377,153,0.051965028047561646,0.05186609551310539,0.05196845903992653,0.051943711936473846,0.05200466513633728,0.05194415524601936,0.05204485356807709,0.05199979245662689,0.0519770123064518,0.05195401608943939,0.05197244882583618,0.0,0.05201216787099838,151,579.8558959960938,0.05190581455826759,874.1,0.05188295245170593,0.051872797310352325,0.051947686821222305,0.052020251750946045,0.0,0.05186609551310539,9223,0.052063729614019394,0.05203526094555855,19791872,0.05198676511645317,0.6209150326797386,2145,0.6209150326797386,-1.0,0.052063729614019394,0.3790849673202614,0.05196136236190796,0.05204233527183533,0.051867663860321045,1.3915686274509813,1e-06,0.8790165185928345,0.1,0.2,0.5367227487266064,38.46081459522247,0.05196243152022362,95,-0.002411126987726675,0.8696981072425842,1500,0.0013021512,0.031322479248046875,0.0
0.05192050710320473,0.051921945065259933,155,0.05198401212692261,0.05188142880797386,0.05198729783296585,0.05196761712431908,0.05201764777302742,0.051959194242954254,0.05206213891506195,0.05201175808906555,0.051991820335388184,0.05196567252278328,0.05198133736848831,0.0,0.05202346667647362,152,572.43212890625,0.051916733384132385,865.12,0.051893021911382675,0.05188142880797386,0.05196484178304672,0.05203281715512276,0.0,0.0518864281475544,9285,0.052079882472753525,0.05204232037067413,19922944,0.051994115114212036,0.5870967741935483,2145,0.5870967741935483,-1.0,0.052079882472753525,0.4129032258064516,0.05198344215750694,0.052054792642593384,0.05189106613397598,1.398735483870969,1e-06,0.7979647517204285,0.1,0.2,0.4391268306178972,38.45398478806019,0.051976609975099564,91,-0.0023745863632029796,0.8730834722518921,1510,0.0012088944,0.026609039306640624,0.0
0.05192723125219345,0.05193004012107849,167,0.05199568718671799,0.05189313367009163,0.05199747532606125,0.051976725459098816,0.052037592977285385,0.05197024345397949,0.05207517743110657,0.05201421305537224,0.05200346186757088,0.051981136202812195,0.05199394002556801,0.0,0.05203896015882492,153,557.6927490234375,0.051928430795669556,840.72,0.05190996080636978,0.05189789831638336,0.0519721657037735,0.05203825235366821,0.0,0.05189313367009163,9346,0.052099838852882385,0.05205042287707329,20054016,0.05200541019439697,0.5449101796407185,2145,0.5449101796407185,-1.0,0.052099838852882385,0.4550898203592814,0.051984209567308426,0.052069392055273056,0.051906485110521317,1.391700598802396,1e-06,0.946825385093689,0.1,0.2,0.5383241103030741,38.44785441458225,0.0519878976047039,91,-0.0023336765701969854,0.8709303140640259,1520,0.0012367215,0.028284454345703126,0.0
