rollout/ep_len_mean,rollout/force_direction_mean,rollout/is_fall_mean,train/action_std_11,time/fps,train/action_std_09,train/action_std_18,rollout/recovery_noforce,train/action_std_12,train/action_std_01,train/action_std_04,train/action_std_19,train/action_std_17,train/action_std_08,train/action_std_13,train/action_std_23,train/action_std_20,time/time_elapsed,train/action_std_16,rollout/episodes_noforce,train/action_std_00,train/action_std_03,time/iterations,train/action_std_07,train/action_std_06,rollout/is_timeout_mean,rollout/force_onset_mean,train/std_max,train/action_std_24,train/std_min,train/action_std_22,time/total_timesteps,train/action_std_10,train/action_std_14,train/action_std_02,rollout/action_saturation_fraction,train/action_std_15,train/action_std_21,rollout/ep_rew_mean,train/action_std_05,rollout/force_requested_impulse_mean,train/policy_gradient_loss,train/std,train/explained_variance,train/learning_rate,train/clip_range,train/approx_kl,train/clip_fraction,train/clip_range_vf,train/n_updates,rollout/timeout_without_onset_fraction,train/loss,train/value_loss,train/entropy_loss,rollout/timeouts
387.8,-1.0,1.0,0.05000000074505806,5566,0.05000000074505806,0.05000000074505806,0.0,0.05000000074505806,0.05000000074505806,0.05000000074505806,0.05000000074505806,0.05000000074505806,0.05000000074505806,0.05000000074505806,0.05000000074505806,0.05000000074505806,23,0.05000000074505806,10,0.05000000074505806,0.05000000074505806,1,0.05000000074505806,0.05000000074505806,0.0,1.365600000000001,0.05000000074505806,0.05000000074505806,0.05000000074505806,0.05000000074505806,131072,0.05000000074505806,0.05000000074505806,0.05000000074505806,0.0,0.05000000074505806,0.05000000074505806,259.2788391113281,0.05000000074505806,0.0,,,,,,,,,,,,,,
1000.0,-1.0,0.056910569105691054,0.050012312829494476,5030,0.05015195906162262,0.05010005831718445,0.943089430894309,0.05007476359605789,0.05007285252213478,0.0500723272562027,0.050106994807720184,0.05012016370892525,0.05009539797902107,0.05013369023799896,0.050091277807950974,0.0500347837805748,52,0.050088636577129364,246,0.05011255294084549,0.050060711801052094,2,0.05014542117714882,0.05015995725989342,0.943089430894309,1.4060000000000012,0.05015995725989342,0.050089966505765915,0.050012312829494476,0.05007563531398773,262144,0.050072938203811646,0.05009030923247337,0.050108250230550766,0.0,0.05013496056199074,0.05008123442530632,686.4947509765625,0.050065211951732635,0.0,-0.0023043420308567876,0.05009409412741661,-0.17379999160766602,1e-05,0.1,0.0025990386,0.13211593627929688,0.2,10,0.0,4.057195663452148,2.933798539545387,39.39350834786892,232
878.01,-1.0,0.6551724137931034,0.050093501806259155,4901,0.050259966403245926,0.05018046125769615,0.3448275862068966,0.05017603561282158,0.05013545975089073,0.050174910575151443,0.050149936228990555,0.050152212381362915,0.050213877111673355,0.050277549773454666,0.05021657049655914,0.05009470507502556,80,0.050199031829833984,29,0.05016833171248436,0.05025216192007065,3,0.05018765106797218,0.05028707906603813,0.3448275862068966,1.4084827586206905,0.05028707906603813,0.05020060017704964,0.050093501806259155,0.05015305057168007,393216,0.05017923191189766,0.050177961587905884,0.05016658455133438,0.0,0.050168152898550034,0.05019073933362961,599.9827880859375,0.05018584430217743,0.0,-0.001616509653194953,0.050185661762952805,-1.0981898307800293,1e-05,0.1,0.0021278856,0.106976318359375,0.2,20,0.0,1.8266676664352417,1.453841949813068,39.3466500878334,10
1000.0,-1.0,0.06521739130434782,0.050229188054800034,4743,0.050385016947984695,0.05023672431707382,0.9347826086956522,0.05028066411614418,0.0502312146127224,0.05031294375658035,0.050245434045791626,0.05022990703582764,0.0503399521112442,0.050347983837127686,0.050245050340890884,0.05020180717110634,110,0.05032737925648689,230,0.05021734908223152,0.050325553864240646,4,0.050301406532526016,0.05039951950311661,0.9347826086956522,1.3960956521739138,0.05039951950311661,0.050370484590530396,0.05020180717110634,0.05028980225324631,524288,0.05020427703857422,0.050258517265319824,0.050242699682712555,0.0,0.05023949220776558,0.05034410580992699,688.3025512695312,0.05030207708477974,0.0,-0.0018783585656819922,0.05028434097766876,-1.7905192375183105,1e-05,0.1,0.0022528237,0.11294097900390625,0.2,30,0.0,1.75062096118927,1.4530091037973762,39.29908017218113,215
894.44,-1.0,0.4318181818181818,0.05034323036670685,4714,0.050454750657081604,0.05031939968466759,0.5681818181818182,0.0503326952457428,0.0503227598965168,0.05033916234970093,0.050342172384262085,0.050342485308647156,0.050451960414648056,0.050460513681173325,0.0502966083586216,0.050285615026950836,139,0.050432465970516205,44,0.05026597902178764,0.05045892670750618,5,0.05038262531161308,0.050490885972976685,0.5681818181818182,1.4051363636363645,0.050508372485637665,0.050508372485637665,0.05026597902178764,0.05042683705687523,655360,0.05030936002731323,0.050351787358522415,0.05030559375882149,0.0,0.05030745267868042,0.050383225083351135,612.6906127929688,0.05038939043879509,0.0,-0.001995585371969355,0.0503721684217453,-1.0971338748931885,1e-05,0.1,0.0021993653,0.11228790283203124,0.2,40,0.0,1.8360810279846191,1.4739003070630132,39.25310339033604,25
992.68,-1.0,0.09722222222222222,0.05042775347828865,4667,0.05055537074804306,0.05046050250530243,0.9027777777777778,0.050410814583301544,0.05039757490158081,0.05042644217610359,0.050413828343153,0.05038667097687721,0.050555042922496796,0.05055635794997215,0.050394196063280106,0.05035541579127312,168,0.050549887120723724,216,0.05036189779639244,0.050557609647512436,6,0.05047667399048805,0.05058673024177551,0.9027777777777778,1.3886018518518528,0.05058673024177551,0.05054430663585663,0.05035541579127312,0.05055875703692436,786432,0.05037149041891098,0.050444770604372025,0.0504060797393322,0.0,0.05046583339571953,0.05050807073712349,680.3604736328125,0.05051565542817116,0.0,-0.0020472571069149125,0.050467509776353836,-1.1368708610534668,1e-05,0.1,0.0022441107,0.11080093383789062,0.2,50,0.0,1.753124713897705,1.3995837441645562,39.20757313966751,195
888.9,-1.0,0.3,0.05058100074529648,4649,0.05067378655076027,0.05060090497136116,0.7,0.05049483850598335,0.05051712691783905,0.05056978762149811,0.05049995332956314,0.05046948790550232,0.05061551555991173,0.05063525214791298,0.050481513142585754,0.050499968230724335,197,0.05065882205963135,60,0.05046561360359192,0.05065517500042915,7,0.050547149032354355,0.05069870874285698,0.7,1.393766666666668,0.05069870874285698,0.0505622997879982,0.050375230610370636,0.05065719410777092,917504,0.050375230610370636,0.05045956373214722,0.05052083358168602,0.0,0.050602156668901443,0.05058938264846802,609.4703369140625,0.05064735934138298,0.0,-0.0018836396413462353,0.05056314170360565,-0.7861865758895874,1e-05,0.1,0.0022044685,0.108294677734375,0.2,60,0.0,1.7384045124053955,1.3416371500119566,39.16024521291256,42
982.74,-1.0,0.08823529411764706,0.05067506805062294,4619,0.05076267942786217,0.05069313570857048,0.9117647058823529,0.05057726427912712,0.05061925947666168,0.05072808638215065,0.050617579370737076,0.05056081712245941,0.050680067390203476,0.050669148564338684,0.050533074885606766,0.05062310770153999,226,0.050686269998550415,204,0.050565458834171295,0.05077250674366951,8,0.050656117498874664,0.05079187825322151,0.9117647058823529,1.3914019607843147,0.05079187825322151,0.05071566626429558,0.050487156957387924,0.05072101205587387,1048576,0.050487156957387924,0.05055651441216469,0.050632018595933914,0.0,0.050604838877916336,0.05061677098274231,673.529296875,0.05070319026708603,0.0,-0.0020640484813156945,0.05064994841814041,-1.1481893062591553,1e-05,0.1,0.002212773,0.1099700927734375,0.2,70,0.0,1.708949327468872,1.3280005170963705,39.11558630764485,186
832.98,-1.0,0.3023255813953488,0.05073455721139908,4592,0.05086490139365196,0.05076510086655617,0.6976744186046512,0.05064070597290993,0.05068574100732803,0.050834644585847855,0.05070415884256363,0.050650063902139664,0.05078074708580971,0.05077825486660004,0.050569821149110794,0.05068441852927208,256,0.05077885836362839,86,0.05067199841141701,0.0509418323636055,9,0.05074688419699669,0.05089486390352249,0.6976744186046512,1.3812558139534894,0.0509418323636055,0.05085262283682823,0.050569821149110794,0.05075565725564957,1179648,0.05058309808373451,0.05067785829305649,0.05068879574537277,0.0,0.050681836903095245,0.05072283744812012,567.9347534179688,0.05079198628664017,0.0,-0.0018548116276178917,0.050739288330078125,-0.9112061262130737,1e-05,0.1,0.0021864595,0.10948333740234376,0.2,80,0.0,1.6569675207138062,1.2684706334024667,39.071940371394156,60
955.45,-1.0,0.11764705882352941,0.050783488899469376,4566,0.0509675033390522,0.05083092302083969,0.8823529411764706,0.050758540630340576,0.05073901265859604,0.05092842876911163,0.05080599710345268,0.05072454363107681,0.05087053030729294,0.05086725577712059,0.05073976144194603,0.050817664712667465,287,0.05087512731552124,187,0.05069853365421295,0.051012761890888214,10,0.050815969705581665,0.0509464368224144,0.8823529411764706,1.3606951871657766,0.051012761890888214,0.05096998065710068,0.05063372850418091,0.050900667905807495,1310720,0.05063372850418091,0.05075191706418991,0.05076524242758751,0.0,0.0507652685046196,0.05080386996269226,653.1488647460938,0.0509304516017437,0.0,-0.002185675310101942,0.05082814022898674,-0.8506143093109131,1e-05,0.1,0.0021496296,0.10836868286132813,0.2,90,0.0,1.6218726634979248,1.2260646406561135,39.02810389399529,165
893.7,-1.0,0.1744186046511628,0.05088379979133606,4556,0.05101163312792778,0.05093706026673317,0.8255813953488372,0.0508861169219017,0.05083814263343811,0.05099458247423172,0.050912268459796906,0.050823748111724854,0.05094403028488159,0.05094784498214722,0.05085436627268791,0.050891902297735214,316,0.05096566677093506,86,0.05079450458288193,0.05107913911342621,11,0.050889454782009125,0.05100470036268234,0.8255813953488372,1.41632558139535,0.05107913911342621,0.05099371075630188,0.05078763887286186,0.05098084732890129,1441792,0.05078763887286186,0.05088850483298302,0.05088770389556885,0.0,0.05088772997260094,0.05095086991786957,610.39404296875,0.05107470974326134,0.0,-0.0020755767373884736,0.05092442408204079,-0.5705678462982178,1e-05,0.1,0.0021930817,0.11058502197265625,0.2,100,0.0,1.5652159452438354,1.1583370831795037,38.98224989771843,71
988.81,-1.0,0.07303370786516854,0.05096469447016716,4536,0.051093243062496185,0.05098835751414299,0.9269662921348315,0.050978999584913254,0.05092865601181984,0.05107074975967407,0.051053717732429504,0.050932880491018295,0.05100066214799881,0.051086634397506714,0.05091467127203941,0.051017653197050095,346,0.05110590159893036,178,0.050864674150943756,0.051101941615343094,12,0.05098474770784378,0.05113309621810913,0.9269662921348315,1.3977191011235965,0.05120120570063591,0.05105113983154297,0.050864674150943756,0.051068276166915894,1572864,0.05093895271420479,0.050919659435749054,0.05098314210772514,0.0,0.05100748687982559,0.05105623975396156,678.9765014648438,0.05120120570063591,0.0,-0.001867847514404275,0.051017895340919495,-0.7163364887237549,1e-05,0.1,0.0021582996,0.10773239135742188,0.2,110,0.0,1.4225913286209106,1.06945783845149,38.93594178855419,165
902.07,-1.0,0.1919191919191919,0.05107690021395683,4527,0.05119185149669647,0.051109228283166885,0.8080808080808081,0.051046259701251984,0.05109178274869919,0.05111149698495865,0.05116260424256325,0.05097536742687225,0.051077816635370255,0.05117198824882507,0.05100148916244507,0.05103710666298866,376,0.05120811238884926,99,0.050971366465091705,0.051186397671699524,13,0.05104247108101845,0.05123419687151909,0.8080808080808081,1.3866262626262635,0.051377277821302414,0.05115794762969017,0.050971366465091705,0.05116715282201767,1703936,0.051017388701438904,0.05103238299489021,0.051170241087675095,0.0,0.05110054463148117,0.05114369094371796,620.7825927734375,0.051377277821302414,0.0,-0.0020918435792737,0.0511145181953907,-0.8082499504089355,1e-05,0.1,0.0021833694,0.11128692626953125,0.2,120,0.0,1.395801305770874,1.056857400527224,38.88875749409199,80
970.98,-1.0,0.11176470588235295,0.051137521862983704,4508,0.05129791796207428,0.051163069903850555,0.888235294117647,0.051126837730407715,0.05120690166950226,0.05114871636033058,0.05122408643364906,0.05107133463025093,0.051135413348674774,0.051239218562841415,0.05115221440792084,0.05102795735001564,407,0.051308631896972656,170,0.05110245570540428,0.05131574720144272,14,0.05113239958882332,0.051382116973400116,0.888235294117647,1.3838352941176482,0.05149708315730095,0.051285699009895325,0.05102795735001564,0.051241882145404816,1835008,0.05111394822597504,0.05113809555768967,0.05122572183609009,0.0,0.051202449947595596,0.0512053407728672,663.43359375,0.05149708315730095,0.0,-0.002248183302799589,0.05120331048965454,-0.4677605628967285,1e-05,0.1,0.0021815412,0.11093521118164062,0.2,130,0.0,1.3801926374435425,0.9676387249026448,38.844047448039056,151
972.13,-1.0,0.06796116504854369,0.05125200003385544,4500,0.05138275399804115,0.0512201152741909,0.9320388349514563,0.05123521015048027,0.051316045224666595,0.051242321729660034,0.05137794092297554,0.051184430718421936,0.05125390365719795,0.05132141336798668,0.05122077465057373,0.05117709934711456,436,0.05137266963720322,103,0.051164377480745316,0.05141323059797287,15,0.05122777074575424,0.05146818980574608,0.9320388349514563,1.388135922330098,0.05162947252392769,0.051411222666502,0.05115735903382301,0.05130903422832489,1966080,0.05115735903382301,0.051232319325208664,0.05131177604198456,0.0,0.051282767206430435,0.051308006048202515,664.5868530273438,0.05162947252392769,0.0,-0.0023020930339953337,0.05129888281226158,-0.4207139015197754,1e-05,0.1,0.0021568825,0.11126861572265626,0.2,140,0.0,1.3348186016082764,0.9478313134517521,38.79896875321865,96
977.48,-1.0,0.1317365269461078,0.05135035887360573,4484,0.05148179456591606,0.051335401833057404,0.8682634730538922,0.051323164254426956,0.05143016204237938,0.05131057649850845,0.051517587155103683,0.05124678090214729,0.05135789141058922,0.051389627158641815,0.051329027861356735,0.05123264715075493,467,0.05144071951508522,167,0.051306553184986115,0.051532503217458725,16,0.051348257809877396,0.051519136875867844,0.8682634730538922,1.3777604790419171,0.05176379531621933,0.05150455981492996,0.05120425671339035,0.051380980759859085,2097152,0.05120425671339035,0.05133158341050148,0.05136510357260704,0.0,0.05138368532061577,0.051419250667095184,670.31494140625,0.05176379531621933,0.0,-0.0018244363034682464,0.051392216235399246,-0.8005508184432983,1e-05,0.1,0.0021798634,0.10942459106445312,0.2,150,0.0,1.256770133972168,0.8604352152906358,38.75292031168938,145
918.51,-1.0,0.1834862385321101,0.051411084830760956,4477,0.05159773305058479,0.05137845501303673,0.8165137614678899,0.05145616456866264,0.05147405341267586,0.05140784755349159,0.05150442197918892,0.051299627870321274,0.05143563076853752,0.05149053782224655,0.05145227164030075,0.05129389092326164,497,0.051513463258743286,109,0.051424622535705566,0.051621679216623306,17,0.051409244537353516,0.05158368870615959,0.8165137614678899,1.39411009174312,0.05183185264468193,0.051645465195178986,0.05129389092326164,0.05149400234222412,2228224,0.05134326219558716,0.05141871050000191,0.05145755037665367,0.0,0.05148863419890404,0.05153118818998337,625.401123046875,0.05183185264468193,0.0,-0.0021034404738202285,0.05147860571742058,-0.07714593410491943,1e-05,0.1,0.0021232965,0.10782546997070312,0.2,160,0.0,1.2276484966278076,0.8348132048267871,38.70954983532429,89
987.21,-1.0,0.08280254777070063,0.051481232047080994,4466,0.051745038479566574,0.051526911556720734,0.9171974522292994,0.05157184600830078,0.05162378400564194,0.05153370648622513,0.051611822098493576,0.05135703459382057,0.05152268707752228,0.05161714926362038,0.05160784721374512,0.051427796483039856,528,0.05158713087439537,157,0.05148029699921608,0.051775481551885605,18,0.05148082971572876,0.05172288790345192,0.9171974522292994,1.4057707006369435,0.05194251239299774,0.051694419234991074,0.05135703459382057,0.05154940113425255,2359296,0.05139811709523201,0.051547445356845856,0.05157869681715965,0.0,0.05154481157660484,0.05161578580737114,674.7413330078125,0.05194251239299774,0.0,-0.0020807559119930376,0.05158178508281708,-0.22585880756378174,1e-05,0.1,0.0022034785,0.10867843627929688,0.2,170,0.0,1.125606894493103,0.7683242824394256,38.662710934877396,144
934.19,-1.0,0.17073170731707318,0.051576998084783554,4458,0.051879577338695526,0.051598262041807175,0.8292682926829268,0.05165296420454979,0.05172260105609894,0.05159063637256622,0.05173402279615402,0.05143912509083748,0.051656126976013184,0.05169704556465149,0.05173662677407265,0.051497265696525574,558,0.05170493200421333,123,0.05164129287004471,0.05185570940375328,19,0.05157756432890892,0.05179017782211304,0.8292682926829268,1.3885853658536595,0.05200473964214325,0.05182705819606781,0.05143912509083748,0.051577404141426086,2490368,0.051527488976716995,0.05160179361701012,0.05166823789477348,0.0,0.05165741965174675,0.051768165081739426,639.6638793945312,0.05200473964214325,0.0,-0.0022953835050429916,0.051679328083992004,-0.18159806728363037,1e-05,0.1,0.0022485997,0.1122467041015625,0.2,180,0.0,1.0962142944335938,0.7440545600373298,38.61406656801701,102
969.17,-1.0,0.11612903225806452,0.051659613847732544,4448,0.05197891965508461,0.05172732472419739,0.8838709677419355,0.051690489053726196,0.051797088235616684,0.0516754575073719,0.051790375262498856,0.05155104398727417,0.05176563188433647,0.05178002640604973,0.05182112753391266,0.051574479788541794,589,0.051774200052022934,155,0.05175083875656128,0.05194265767931938,20,0.05166282877326012,0.05182362347841263,0.8838709677419355,1.399548387096775,0.052123621106147766,0.05192870646715164,0.05155104398727417,0.05167493596673012,2621440,0.051641058176755905,0.05167955532670021,0.0518251433968544,0.0,0.051758475601673126,0.051868729293346405,665.6317138671875,0.052123621106147766,0.0,-0.002079287979086075,0.051770638674497604,-0.019650578498840332,1e-05,0.1,0.0022147791,0.106903076171875,0.2,190,0.0,1.0417561531066895,0.7034387171734124,38.56876386106014,137
924.14,-1.0,0.16260162601626016,0.05178194120526314,4443,0.05206843465566635,0.051846131682395935,0.8373983739837398,0.05182904750108719,0.05186676234006882,0.05174432322382927,0.05192996561527252,0.051587995141744614,0.05185522511601448,0.05180254951119423,0.05193670094013214,0.05162041261792183,619,0.05180211737751961,123,0.05186017230153084,0.05204940587282181,21,0.05166657269001007,0.05188410356640816,0.8373983739837398,1.4000325203252044,0.052309587597846985,0.052052583545446396,0.051587995141744614,0.051732853055000305,2752512,0.05167848616838455,0.05175967514514923,0.05199825391173363,0.0,0.051924530416727066,0.05194024369120598,630.150390625,0.052309587597846985,0.0,-0.0020939748148521174,0.051861122250556946,-0.003025650978088379,1e-05,0.1,0.002176268,0.107562255859375,0.2,200,0.0,1.027144193649292,0.6460028481669724,38.52480290234089,103
953.22,-1.0,0.12578616352201258,0.05188663676381111,4434,0.05216845124959946,0.05195711553096771,0.8742138364779874,0.051895447075366974,0.051929324865341187,0.05184897035360336,0.0520075261592865,0.0516502782702446,0.05200161412358284,0.05195238068699837,0.05207323655486107,0.05167846381664276,650,0.05180284380912781,159,0.05195549875497818,0.05213593691587448,22,0.05177617818117142,0.052010565996170044,0.8742138364779874,1.3474339622641518,0.05236511304974556,0.05214821919798851,0.0516502782702446,0.05177431181073189,2883584,0.051805831491947174,0.051892466843128204,0.05212778225541115,0.0,0.05205587297677994,0.05205187946557999,646.6580810546875,0.05236511304974556,0.0,-0.0023189276636912835,0.051958076655864716,0.1696162223815918,1e-05,0.1,0.0022491578,0.11128768920898438,0.2,210,0.0,1.0031245946884155,0.6020562903955579,38.47986679375172,139
944.24,-1.0,0.12605042016806722,0.051985349506139755,4428,0.05219905450940132,0.05203612893819809,0.8739495798319328,0.051981955766677856,0.052088797092437744,0.05191705375909805,0.052046749740839005,0.05177370458841324,0.05206555128097534,0.052030984312295914,0.052180517464876175,0.05179404094815254,680,0.051884524524211884,119,0.05202150344848633,0.05218403786420822,23,0.05184131860733032,0.05208982527256012,0.8739495798319328,1.3735630252100852,0.052416205406188965,0.05223998427391052,0.05177370458841324,0.051911432296037674,3014656,0.05190066993236542,0.05194232240319252,0.05224468931555748,0.0,0.05216702073812485,0.052141107618808746,644.1105346679688,0.052416205406188965,0.0,-0.002317763815426588,0.052043378353118896,0.3118288516998291,1e-05,0.1,0.0022235862,0.11050796508789062,0.2,220,0.0,0.9036436676979065,0.5624922200571746,38.436646053195,104
968.51,-1.0,0.08666666666666667,0.052080512046813965,4420,0.052312593907117844,0.052138909697532654,0.9133333333333333,0.052083369344472885,0.05222219601273537,0.05207322910428047,0.05217285454273224,0.05183883383870125,0.05213349685072899,0.052116259932518005,0.0523323193192482,0.05194370076060295,711,0.05195396766066551,150,0.052143603563308716,0.05234333500266075,24,0.05194138363003731,0.052111539989709854,0.9133333333333333,1.3932133333333345,0.05250932648777962,0.052324969321489334,0.05183883383870125,0.051943399012088776,3145728,0.05203058198094368,0.05210302025079727,0.05229590833187103,0.0,0.05233997851610184,0.05218731239438057,659.8123168945312,0.05250932648777962,0.0,-0.0022739380684470233,0.05214706435799599,0.2305384874343872,1e-05,0.1,0.0022192379,0.1093536376953125,0.2,230,0.0,0.8649564981460571,0.49493269228842107,38.39066100716591,137
934.9,-1.0,0.1484375,0.0521729551255703,4416,0.05240938067436218,0.05223334580659866,0.8515625,0.05220327526330948,0.05235586315393448,0.05216541513800621,0.05224667116999626,0.051987163722515106,0.052192822098731995,0.052250541746616364,0.05247357115149498,0.052014585584402084,742,0.0520414263010025,128,0.05218086764216423,0.05249881371855736,25,0.05204348638653755,0.05217844992876053,0.8515625,1.4004375000000011,0.05257285013794899,0.05247988924384117,0.051987163722515106,0.05203501135110855,3276800,0.05210733041167259,0.052201833575963974,0.0523260198533535,0.0,0.05243845656514168,0.052303217351436615,634.9261474609375,0.05257285013794899,0.0,-0.0021463353845319944,0.052244529128074646,0.18635690212249756,1e-05,0.1,0.002208204,0.11198043823242188,0.2,240,0.0,0.8197494745254517,0.4457229408901185,38.3421134442091,109
977.64,-1.0,0.07042253521126761,0.05224998667836189,4409,0.05247010663151741,0.05229296535253525,0.9295774647887324,0.05231032520532608,0.05244019255042076,0.05228579789400101,0.052413854748010635,0.05205743387341499,0.05232759937644005,0.052339520305395126,0.052569326013326645,0.052077099680900574,772,0.0521550327539444,142,0.05223824083805084,0.05257198587059975,26,0.052158091217279434,0.052297189831733704,0.9295774647887324,1.388225352112677,0.0527099184691906,0.05259054899215698,0.05205743387341499,0.052115146070718765,3407872,0.05220256745815277,0.05234804004430771,0.05234874039888382,0.0,0.05254913866519928,0.05239512771368027,672.025146484375,0.0527099184691906,0.0,-0.0023984047994417778,0.0523405596613884,0.42728757858276367,1e-05,0.1,0.0022258712,0.112896728515625,0.2,250,0.0,0.7962780594825745,0.4233127991203219,38.29626549184322,132
955.35,-1.0,0.10077519379844961,0.05230430141091347,4405,0.05257188528776169,0.052374716848134995,0.8992248062015504,0.052379053086042404,0.05256020650267601,0.05233681946992874,0.05245929956436157,0.0521700456738472,0.05236833915114403,0.05247450992465019,0.05266691744327545,0.05226264148950577,803,0.05223825201392174,129,0.052320752292871475,0.05272557586431503,27,0.05223569646477699,0.05235438048839569,0.8992248062015504,1.3968992248062027,0.052776701748371124,0.05263999104499817,0.0521700456738472,0.05222620442509651,3538944,0.0522896982729435,0.05242546647787094,0.052490316331386566,0.0,0.052632272243499756,0.05253446847200394,652.2344360351562,0.052776701748371124,0.0,-0.00220179033203749,0.05243273451924324,0.260667085647583,1e-05,0.1,0.0021604598,0.10810623168945313,0.2,260,0.0,0.7812201380729675,0.39501653767656536,38.25115036070347,116
951.7,-1.0,0.0763888888888889,0.052398134022951126,4402,0.052655138075351715,0.052425142377614975,0.9236111111111112,0.05251291021704674,0.05268885940313339,0.052439894527196884,0.052563853561878204,0.05234783887863159,0.05250246450304985,0.052541811019182205,0.052788201719522476,0.0522991418838501,833,0.05233947932720184,144,0.05243591591715813,0.052820976823568344,28,0.05233671888709068,0.0524124950170517,0.9236111111111112,1.4096944444444455,0.052861589938402176,0.05275854468345642,0.05227997899055481,0.05227997899055481,3670016,0.05241281911730766,0.05250830203294754,0.052600473165512085,0.0,0.05274766683578491,0.052664730697870255,651.7427368164062,0.052861589938402176,0.0,-0.0023765082563841134,0.05253372713923454,0.43318796157836914,1e-05,0.1,0.0022544365,0.11245193481445312,0.2,270,0.0,0.7349324226379395,0.33606909655500206,38.20521505177021,133
964.25,-1.0,0.07258064516129033,0.05252964794635773,4399,0.05276647210121155,0.05257238820195198,0.9274193548387096,0.05260926112532616,0.052860986441373825,0.05256682261824608,0.052633076906204224,0.05245776101946831,0.052591241896152496,0.05265325680375099,0.052918512374162674,0.05236610025167465,864,0.05246985703706741,124,0.052519164979457855,0.05291229113936424,29,0.052422329783439636,0.052477363497018814,0.9274193548387096,1.3967419354838722,0.052947111427783966,0.052844393998384476,0.052344247698783875,0.052344247698783875,3801088,0.05246834456920624,0.052523501217365265,0.05276880040764809,0.0,0.05284176021814346,0.05272355303168297,659.5687255859375,0.052947111427783966,0.0,-0.002114875709048647,0.05263153091073036,0.4208161234855652,1e-05,0.1,0.002208406,0.1086273193359375,0.2,280,0.0,0.6536535024642944,0.27856271620839834,38.15824725329876,115
948.68,-1.0,0.11486486486486487,0.05255923047661781,4396,0.05284874886274338,0.052696168422698975,0.8851351351351351,0.05267379805445671,0.052937064319849014,0.05266370251774788,0.05271300673484802,0.05252773314714432,0.052637729793787,0.05275632441043854,0.053010016679763794,0.052453868091106415,894,0.05256924033164978,148,0.05261962488293648,0.05300167202949524,30,0.05251147970557213,0.05254745855927467,0.8851351351351351,1.3988243243243255,0.05303233861923218,0.05286785587668419,0.05239766463637352,0.05239766463637352,3932160,0.052591633051633835,0.05255170911550522,0.05292859300971031,0.0,0.0529581718146801,0.05284939333796501,646.6281127929688,0.05303233861923218,0.0,-0.0024117344321894054,0.05271616950631142,0.3996380567550659,1e-05,0.1,0.0022093891,0.11160888671875,0.2,290,0.0,0.6243830919265747,0.2649921272182837,38.11492244303226,131
931.56,-1.0,0.16793893129770993,0.052674464881420135,4394,0.05292700603604317,0.05279156565666199,0.8320610687022901,0.05276681110262871,0.05306403338909149,0.05274258926510811,0.05282450094819069,0.052703820168972015,0.052723731845617294,0.052895065397024155,0.053091149777173996,0.0525830015540123,924,0.05268382281064987,131,0.052691344171762466,0.053122591227293015,31,0.05257526785135269,0.05259678140282631,0.8320610687022901,1.400473282442749,0.053122591227293015,0.05296511575579643,0.0524660162627697,0.0524660162627697,4063232,0.052727699279785156,0.05265361815690994,0.05306445062160492,0.0,0.05303092300891876,0.052923306822776794,634.1542358398438,0.053105052560567856,0.0,-0.0028095509313061486,0.0528157502412796,0.6438555717468262,1e-05,0.1,0.0023286385,0.11514358520507813,0.2,300,0.0,0.6408326625823975,0.2586628253222443,38.071233701705935,109
938.55,-1.0,0.12244897959183673,0.05275985226035118,4392,0.053019341081380844,0.052837274968624115,0.8775510204081632,0.05287225544452667,0.05312475562095642,0.05285782366991043,0.05295361205935478,0.05279995873570442,0.05277501419186592,0.05299019813537598,0.05320839211344719,0.05272433161735535,954,0.05279061943292618,147,0.05279182642698288,0.05322875455021858,32,0.05263553187251091,0.05270271375775337,0.8775510204081632,1.405469387755103,0.053233157843351364,0.053039368242025375,0.05254197493195534,0.05254197493195534,4194304,0.0528377890586853,0.052729662507772446,0.053159356117248535,0.0,0.05314560607075691,0.05297541990876198,640.53271484375,0.053233157843351364,0.0,-0.002472854548250325,0.052909381687641144,0.6417677402496338,1e-05,0.1,0.0023168274,0.11632766723632812,0.2,310,0.0,0.6368317604064941,0.26450563842663544,38.02557110488415,129
917.15,-1.0,0.18045112781954886,0.05280724912881851,4391,0.05310174822807312,0.0529613122344017,0.8195488721804511,0.05296880006790161,0.053246334195137024,0.05297386646270752,0.053034551441669464,0.052981432527303696,0.05287552252411842,0.05307022109627724,0.053369082510471344,0.05280979350209236,984,0.0528583787381649,133,0.052896350622177124,0.05333350598812103,33,0.05266755819320679,0.05286000669002533,0.8195488721804511,1.3996992481203019,0.053369082510471344,0.0531323216855526,0.052635546773672104,0.052635546773672104,4325376,0.05292810499668121,0.052825458347797394,0.053255096077919006,0.0,0.05331024155020714,0.0530729666352272,623.128662109375,0.05331123620271683,0.0,-0.002763523354769859,0.053011469542980194,0.6416006684303284,1e-05,0.1,0.0023049635,0.11502227783203126,0.2,320,0.0,0.6221600770950317,0.24746673294575885,37.97907092869282,109
934.18,-1.0,0.1506849315068493,0.0528833270072937,4388,0.05323921516537666,0.053050246089696884,0.8493150684931506,0.05305920168757439,0.05332183465361595,0.0531451553106308,0.05314735695719719,0.053120195865631104,0.05294886603951454,0.05317842587828636,0.053368400782346725,0.05291218310594559,1015,0.05295737460255623,146,0.05296594649553299,0.05339975655078888,34,0.052783336490392685,0.05298363044857979,0.8493150684931506,1.3776986301369873,0.05341222509741783,0.05319859832525253,0.052756283432245255,0.052756283432245255,4456448,0.05301123857498169,0.052940938621759415,0.05338339880108833,0.0,0.05337758734822273,0.05323480814695358,634.4650268554688,0.05341222509741783,0.0,-0.002873235384868167,0.053111180663108826,0.7111911773681641,1e-05,0.1,0.0023771585,0.11800460815429688,0.2,330,0.0,0.690613865852356,0.2761975593632087,37.93188929259777,124
959.97,-1.0,0.11194029850746269,0.05299757793545723,4387,0.05333513393998146,0.053105760365724564,0.8880597014925373,0.05312900245189667,0.05346041917800903,0.05325186997652054,0.05323978513479233,0.05324455723166466,0.053039152175188065,0.053237881511449814,0.05348548665642738,0.05304862558841705,1045,0.0531545914709568,134,0.053105633705854416,0.05350140109658241,35,0.052922751754522324,0.05305776000022888,0.8880597014925373,1.3924179104477623,0.0535162016749382,0.05331537500023842,0.05287376791238785,0.05287376791238785,4587520,0.053171779960393906,0.053059883415699005,0.0535162016749382,0.0,0.05339111387729645,0.05330842360854149,655.9822387695312,0.05347960814833641,0.0,-0.002602342431237048,0.053217336535453796,0.7266559600830078,1e-05,0.1,0.0023543015,0.11341705322265624,0.2,340,0.0,0.6402161121368408,0.2429870587424375,37.88314410746098,119
943.56,-1.0,0.11267605633802817,0.053113095462322235,4385,0.05344506353139877,0.05317363142967224,0.8873239436619719,0.05321600288152695,0.05361035838723183,0.05333179980516434,0.05342753231525421,0.05333821102976799,0.05317522957921028,0.05333986505866051,0.053583867847919464,0.05317439138889313,1075,0.05327526107430458,142,0.053223222494125366,0.05364995822310448,36,0.05306040495634079,0.05313877761363983,0.8873239436619719,1.379112676056339,0.05364995822310448,0.053426552563905716,0.05298207700252533,0.05298207700252533,4718592,0.0532805360853672,0.05315264314413071,0.053592123091220856,0.0,0.05346402898430824,0.053417690098285675,643.6307373046875,0.05360575392842293,0.0,-0.0026475173233848183,0.05332792177796364,0.7137502431869507,1e-05,0.1,0.0023416032,0.11767807006835937,0.2,350,0.0,0.565924882888794,0.20027185626095162,37.831726083159445,126
909.53,-1.0,0.2013888888888889,0.053258322179317474,4383,0.05348466709256172,0.05324606969952583,0.7986111111111112,0.05331508442759514,0.05377168953418732,0.05344706401228905,0.053558528423309326,0.05351781100034714,0.05333498492836952,0.053351692855358124,0.05373454838991165,0.05330420285463333,1106,0.05341019853949547,144,0.05336558446288109,0.053811971098184586,37,0.053171779960393906,0.05320378765463829,0.7986111111111112,1.3536805555555567,0.053811971098184586,0.053542349487543106,0.05310627818107605,0.05310627818107605,4849664,0.05343062803149223,0.05324535816907883,0.05366665497422218,0.0,0.053577929735183716,0.05346028134226799,619.8296508789062,0.05373034253716469,0.0,-0.0028822743249293124,0.053441908210515976,0.7091367244720459,1e-05,0.1,0.002328061,0.1177520751953125,0.2,360,0.0,0.6083764433860779,0.19640325435902922,37.77954778671265,115
941.25,-1.0,0.1276595744680851,0.05336478352546692,4382,0.05356736481189728,0.05334385856986046,0.8723404255319149,0.053370505571365356,0.05388723313808441,0.05363469943404198,0.0536644384264946,0.05365092679858208,0.05340607091784477,0.05347421392798424,0.0538359172642231,0.05342524126172066,1136,0.05352669209241867,141,0.05339965596795082,0.05392046645283699,38,0.05334017053246498,0.05334501340985298,0.8723404255319149,1.392822695035462,0.05392046645283699,0.053637322038412094,0.053215011954307556,0.053215011954307556,4980736,0.05345211178064346,0.053379226475954056,0.05376085266470909,0.0,0.053697165101766586,0.0535643994808197,639.5067138671875,0.053832899779081345,0.0,-0.0030326402997161495,0.053547848016023636,0.7935982942581177,1e-05,0.1,0.002490331,0.12336959838867187,0.2,370,0.0,0.5418884754180908,0.2435301825636998,37.728370451927184,123
955.76,-1.0,0.10948905109489052,0.05343583598732948,4381,0.05363995581865311,0.05342769995331764,0.8905109489051095,0.05353821441531181,0.054016754031181335,0.05374971777200699,0.05378853529691696,0.05371711403131485,0.053443241864442825,0.0536070242524147,0.053923461586236954,0.05349622666835785,1166,0.05358254909515381,137,0.053569257259368896,0.053967151790857315,39,0.05351793393492699,0.053418323397636414,0.8905109489051095,1.3849197080291982,0.054016754031181335,0.053724631667137146,0.05330315977334976,0.05330315977334976,5111808,0.053617555648088455,0.05348188802599907,0.05386331304907799,0.0,0.05374787375330925,0.053717970848083496,651.6217041015625,0.05392630025744438,0.0,-0.0025166418072331,0.05364886671304703,0.7448819875717163,1e-05,0.1,0.002407971,0.12154617309570312,0.2,380,0.0,0.5588403344154358,0.18708794823032804,37.68032776713371,122
929.46,-1.0,0.14285714285714285,0.05349798500537872,4381,0.053745679557323456,0.05352501943707466,0.8571428571428571,0.05363398417830467,0.05407974123954773,0.053864866495132446,0.053892962634563446,0.053822726011276245,0.05350067839026451,0.05369541049003601,0.05397963523864746,0.053605642169713974,1196,0.05366219952702522,140,0.053703952580690384,0.054093148559331894,40,0.05359091982245445,0.053505536168813705,0.8571428571428571,1.3873857142857153,0.054093148559331894,0.05384698137640953,0.053332287818193436,0.053332287818193436,5242880,0.05366992577910423,0.05355633422732353,0.053961724042892456,0.0,0.0538012832403183,0.05383254215121269,631.2591552734375,0.05404544994235039,0.0,-0.00287822439613592,0.05373786389827728,0.7485744953155518,1e-05,0.1,0.0023859271,0.12436141967773437,0.2,390,0.0,0.6135510206222534,0.21273108762688936,37.636336502432826,120
962.7,-1.0,0.12318840579710146,0.05355806648731232,4379,0.05384509637951851,0.05360400676727295,0.8768115942028986,0.05374378338456154,0.0541665181517601,0.05394468083977699,0.054029569029808044,0.053974151611328125,0.05360957980155945,0.0537918321788311,0.0541626438498497,0.053725093603134155,1227,0.05375371500849724,138,0.05372606962919235,0.05417752265930176,41,0.05366998165845871,0.053597819060087204,0.8768115942028986,1.3778115942028997,0.05417752265930176,0.05405345559120178,0.053440388292074203,0.053440388292074203,5373952,0.05381190404295921,0.0536612942814827,0.05412173643708229,0.0,0.053880076855421066,0.05392461642622948,651.7799072265625,0.054169800132513046,0.0,-0.0029775889086522513,0.053845737129449844,0.7946752309799194,1e-05,0.1,0.0023907972,0.12239608764648438,0.2,400,0.0,0.4776795506477356,0.18838745058164932,37.59044570922852,121
907.24,-1.0,0.15384615384615385,0.053690291941165924,4377,0.05396699905395508,0.05372176319360733,0.8461538461538461,0.053831614553928375,0.054212577641010284,0.05405477061867714,0.05409375578165054,0.05400792881846428,0.05370059609413147,0.053925544023513794,0.05427413806319237,0.0539243221282959,1257,0.05377180501818657,143,0.053843386471271515,0.05424725264310837,42,0.05385283753275871,0.05373238027095795,0.8461538461538461,1.4047552447552456,0.05427413806319237,0.05421369895339012,0.053502585738897324,0.053502585738897324,5505024,0.053915079683065414,0.05376467481255531,0.05421130731701851,0.0,0.053955767303705215,0.054003141820430756,616.58056640625,0.05426699295639992,0.0,-0.0030524823773703247,0.05394740775227547,0.7742630839347839,1e-05,0.1,0.002435555,0.12882537841796876,0.2,410,0.0,0.5577181577682495,0.19575547145796007,37.54202755093574,121
958.73,-1.0,0.12179487179487179,0.05380865931510925,4376,0.054103314876556396,0.05383171886205673,0.8782051282051282,0.05387423187494278,0.05430155247449875,0.05418416112661362,0.05420326068997383,0.05409592390060425,0.05381845310330391,0.054025545716285706,0.05431170016527176,0.05406210198998451,1287,0.053893476724624634,156,0.053954340517520905,0.05442158132791519,43,0.05398881062865257,0.05385992303490639,0.8782051282051282,1.4001666666666677,0.05442158132791519,0.054312895983457565,0.05358683317899704,0.05358683317899704,5636096,0.054016634821891785,0.053926512598991394,0.054276853799819946,0.0,0.054094571620225906,0.05412878468632698,651.8847045898438,0.054347943514585495,0.0,-0.0029904774854003337,0.05405718833208084,0.7961477637290955,1e-05,0.1,0.0024465853,0.12729721069335936,0.2,420,0.0,0.5382137298583984,0.19393513149116187,37.49276592433453,137
937.19,-1.0,0.15702479338842976,0.05397815257310867,4376,0.05425864830613136,0.05393535643815994,0.8429752066115702,0.05400759354233742,0.05447385460138321,0.054304540157318115,0.05432189255952835,0.05425669625401497,0.05398053675889969,0.054152343422174454,0.05444146320223808,0.05417495220899582,1317,0.053987059742212296,121,0.05408721789717674,0.05454498529434204,44,0.05410388112068176,0.05393372103571892,0.8429752066115702,1.3937190082644637,0.05454498529434204,0.054451536387205124,0.05371831730008125,0.05371831730008125,5767168,0.05414317548274994,0.054048068821430206,0.054318808019161224,0.0,0.054269518703222275,0.05420634523034096,637.826904296875,0.05443253368139267,0.0,-0.0029293976768713036,0.05418124422430992,0.7850339412689209,1e-05,0.1,0.0025147593,0.13115386962890624,0.2,430,0.0,0.6578359603881836,0.21084376157377846,37.43815663158894,102
957.35,-1.0,0.12337662337662338,0.05412180349230766,4375,0.05439896881580353,0.054038506001234055,0.8766233766233766,0.05407524108886719,0.05453789606690407,0.05449703335762024,0.054394859820604324,0.05438786745071411,0.05407204106450081,0.054292384535074234,0.05451777204871178,0.0542629174888134,1348,0.05413464456796646,154,0.05421455577015877,0.054639752954244614,45,0.05417871102690697,0.05407491698861122,0.8766233766233766,1.4112467532467543,0.054639752954244614,0.05454019829630852,0.053787264972925186,0.053787264972925186,5898240,0.054177459329366684,0.0541105791926384,0.0544319748878479,0.0,0.054376911371946335,0.0542617030441761,653.4237670898438,0.0545339435338974,0.0,-0.0028701498767986777,0.05428239703178406,0.7963820099830627,1e-05,0.1,0.0024403208,0.12361297607421876,0.2,440,0.0,0.5156217813491821,0.19433805184089578,37.387072482705115,135
962.43,-1.0,0.07692307692307693,0.054206281900405884,4374,0.05454264208674431,0.05416850745677948,0.9230769230769231,0.05415929853916168,0.05467164143919945,0.05462596192955971,0.054481908679008484,0.054526496678590775,0.05415979400277138,0.054414570331573486,0.05459395423531532,0.05439760535955429,1378,0.054267898201942444,117,0.05437571927905083,0.05474947392940521,46,0.05435101315379143,0.054170768707990646,0.9230769230769231,1.3933675213675223,0.05474947392940521,0.05466725677251816,0.0539863295853138,0.0539863295853138,6029312,0.05429017171263695,0.05423001945018768,0.054528433829545975,0.0,0.054445963352918625,0.05434658005833626,657.5387573242188,0.05465147644281387,0.0,-0.0030518159370330976,0.05440039187669754,0.8056740164756775,1e-05,0.1,0.0025053206,0.13152084350585938,0.2,450,0.0,0.5461220145225525,0.18912447910988703,37.33604921102524,108
937.33,-1.0,0.12101910828025478,0.054293978959321976,4373,0.054699018597602844,0.05424901098012924,0.8789808917197452,0.0542474202811718,0.05480969324707985,0.054753322154283524,0.05458600074052811,0.05463360249996185,0.0542876198887825,0.054496586322784424,0.05466127768158913,0.0544784776866436,1408,0.05441506579518318,157,0.05456623435020447,0.05485627055168152,47,0.054450564086437225,0.05427924543619156,0.8789808917197452,1.3914522292993639,0.05485627055168152,0.05475602298974991,0.05412024259567261,0.05412024259567261,6160384,0.0544559620320797,0.05434394255280495,0.05463550612330437,0.0,0.05457832291722298,0.05449017137289047,639.0328979492188,0.054713718593120575,0.0,-0.0028932226726283263,0.054514288902282715,0.7182444334030151,1e-05,0.1,0.002497131,0.13071136474609374,0.2,460,0.0,0.5118380188941956,0.16141046256525443,37.28218580186367,138
944.7,-1.0,0.14754098360655737,0.05437570810317993,4373,0.05482962727546692,0.05436326190829277,0.8524590163934426,0.05438024550676346,0.054905664175748825,0.054882265627384186,0.054696161299943924,0.05479928106069565,0.0543881393969059,0.054630346596241,0.054822929203510284,0.054606009274721146,1438,0.05454638600349426,122,0.05468037351965904,0.05498628318309784,48,0.05460141599178314,0.05443644896149635,0.8524590163934426,1.3977049180327878,0.05498628318309784,0.05494174361228943,0.05424315482378006,0.05424315482378006,6291456,0.05466943606734276,0.054460231214761734,0.05474547669291496,0.0,0.05471291020512581,0.05462981387972832,644.893310546875,0.054841767996549606,0.0,-0.003146739900330431,0.05464700609445572,0.7685322761535645,1e-05,0.1,0.0025410876,0.13479080200195312,0.2,470,0.0,0.5484790802001953,0.21388759558903986,37.226211321353915,104
949.3,-1.0,0.12582781456953643,0.05445669963955879,4372,0.05493176355957985,0.054441824555397034,0.8741721854304636,0.05445194989442825,0.05505041778087616,0.05508728325366974,0.054789282381534576,0.05488025024533272,0.054530978202819824,0.05472599342465401,0.05493010953068733,0.05470874905586243,1468,0.054641615599393845,151,0.05480378493666649,0.05514269694685936,49,0.054802220314741135,0.054541535675525665,0.8741721854304636,1.3947284768211932,0.05514269694685936,0.05505124479532242,0.05435233935713768,0.05435233935713768,6422528,0.054774969816207886,0.05466873198747635,0.0548410527408123,0.0,0.054806869477033615,0.05476061999797821,644.4344482421875,0.054916154593229294,0.0,-0.0029501136945327745,0.054763562977313995,0.7743160128593445,1e-05,0.1,0.0024763215,0.12679367065429686,0.2,480,0.0,0.5083909034729004,0.16838146857335232,37.1693566352129,132
962.84,-1.0,0.125,0.05450491979718208,4373,0.05507998168468475,0.05450446531176567,0.875,0.05455826595425606,0.05515376478433609,0.055188942700624466,0.054884884506464005,0.05499302223324776,0.05466039106249809,0.05479272082448006,0.05509911850094795,0.05483118072152138,1498,0.05472478270530701,128,0.054962169378995895,0.055257972329854965,50,0.05497654527425766,0.054679591208696365,0.875,1.381812500000001,0.055257972329854965,0.05512247979640961,0.05449865385890007,0.05449865385890007,6553600,0.0549754872918129,0.054832082241773605,0.05497534200549126,0.0,0.054987870156764984,0.05486901104450226,654.921142578125,0.05500411614775658,0.0,-0.003102215638318739,0.05488470941781998,0.7907005548477173,1e-05,0.1,0.0026109987,0.13656005859375,0.2,490,0.0,0.6105971932411194,0.23189614206785336,37.11466068029404,112
949.59,-1.0,0.1118421052631579,0.05458272248506546,4371,0.05525864288210869,0.054659727960824966,0.8881578947368421,0.0546748973429203,0.05524437502026558,0.055335018783807755,0.05495966598391533,0.055136408656835556,0.05475341156125069,0.05489204451441765,0.05526193603873253,0.0549476258456707,1529,0.05487064644694328,152,0.055086180567741394,0.05537932366132736,51,0.05510811507701874,0.05480995401740074,0.8881578947368421,1.3845526315789485,0.05537932366132736,0.055248405784368515,0.05458272248506546,0.0546511672437191,6684672,0.055108971893787384,0.05499632656574249,0.055087678134441376,0.0,0.05506356805562973,0.05502723902463913,644.2258911132812,0.05504382401704788,0.0,-0.0026618800501637453,0.055007513612508774,0.8046555519104004,1e-05,0.1,0.002423891,0.1239288330078125,0.2,500,0.0,0.4913908839225769,0.14143573274486698,37.05886012613773,135
950.82,-1.0,0.11965811965811966,0.05475012585520744,4370,0.05541721358895302,0.054775387048721313,0.8803418803418803,0.05483369156718254,0.05537453293800354,0.05545612797141075,0.055102694779634476,0.055258169770240784,0.054909802973270416,0.055016182363033295,0.0553593672811985,0.05507780238986015,1559,0.05502616614103317,117,0.05516962707042694,0.05553920194506645,52,0.05512228235602379,0.05495088919997215,0.8803418803418803,1.3905982905982917,0.05553920194506645,0.055339567363262177,0.05475012585520744,0.05475917458534241,6815744,0.05525807663798332,0.055114150047302246,0.05523974075913429,0.0,0.05520813912153244,0.05517933517694473,648.1065673828125,0.05513608083128929,0.0,-0.002683533688468742,0.055134937167167664,0.7816519737243652,1e-05,0.1,0.0025261668,0.12826766967773437,0.2,510,0.0,0.5662415027618408,0.19637732293340376,37.00288364291191,103
975.97,-1.0,0.1038961038961039,0.05486688017845154,4368,0.055532488971948624,0.05489505082368851,0.8961038961038961,0.054942816495895386,0.05545491352677345,0.055604226887226105,0.05520504713058472,0.05545000731945038,0.05504486337304115,0.05514706298708916,0.055458784103393555,0.05521928891539574,1590,0.05514512583613396,154,0.05528111383318901,0.05565115064382553,53,0.05523449927568436,0.055034589022397995,0.8961038961038961,1.3815064935064945,0.05565115064382553,0.05545513704419136,0.05486688017845154,0.054879870265722275,6946816,0.055344898253679276,0.05528842657804489,0.055319108068943024,0.0,0.055253200232982635,0.055346667766571045,663.6419677734375,0.05526106804609299,0.0,-0.0029639780084835367,0.05525265261530876,0.7577085494995117,1e-05,0.1,0.0025051553,0.12618789672851563,0.2,520,0.0,0.4755244553089142,0.16938460264354943,36.946962147951126,138
925.71,-1.0,0.1889763779527559,0.05503322556614876,4368,0.055663835257291794,0.05500661954283714,0.8110236220472441,0.05500359460711479,0.05554119870066643,0.05573457479476929,0.05529582500457764,0.0555773600935936,0.05512003228068352,0.05525803565979004,0.055535122752189636,0.05532112717628479,1620,0.05527703836560249,127,0.055313266813755035,0.055818770080804825,54,0.055298224091529846,0.055163685232400894,0.8110236220472441,1.4057637795275602,0.055818770080804825,0.05552529916167259,0.054955482482910156,0.054955482482910156,7077888,0.0554925799369812,0.055351100862026215,0.05540807545185089,0.0,0.055411018431186676,0.055502861738204956,627.329833984375,0.0553303062915802,0.0,-0.0030464935067357145,0.05535753071308136,0.7679099440574646,1e-05,0.1,0.002556792,0.1334747314453125,0.2,530,0.0,0.5983576774597168,0.19871358777745626,36.89687437713146,103
981.14,-1.0,0.0763888888888889,0.05512137711048126,4367,0.05583401024341583,0.055105146020650864,0.9236111111111112,0.05513182282447815,0.055680084973573685,0.05585373938083649,0.05535929650068283,0.05565681681036949,0.055178020149469376,0.055377621203660965,0.05553364008665085,0.05540469288825989,1650,0.05535375326871872,144,0.0553775429725647,0.05586829409003258,55,0.055437251925468445,0.055348727852106094,0.9236111111111112,1.3810694444444456,0.05586829409003258,0.055599190294742584,0.05510152131319046,0.05510152131319046,7208960,0.055560268461704254,0.055475346744060516,0.05551862716674805,0.0,0.055526264011859894,0.05564318969845772,664.942626953125,0.055464472621679306,0.0,-0.0033389239442840335,0.05546042323112488,0.8040254712104797,1e-05,0.1,0.002616395,0.1355499267578125,0.2,540,0.0,0.5540906190872192,0.22821603571646848,36.85019525587559,133
938.97,-1.0,0.12403100775193798,0.055190179497003555,4367,0.05595344677567482,0.05524951219558716,0.875968992248062,0.055271636694669724,0.055863313376903534,0.056014273315668106,0.055465638637542725,0.05580681934952736,0.05527959764003754,0.05549553409218788,0.055635757744312286,0.055519949644804,1680,0.05545433238148689,129,0.05550272762775421,0.05602121725678444,56,0.0555431991815567,0.055470582097768784,0.875968992248062,1.3726976744186057,0.05602121725678444,0.05568980053067207,0.055190179497003555,0.05525973439216614,7340032,0.05564196780323982,0.055583614856004715,0.0555950365960598,0.0,0.055681370198726654,0.0557391494512558,641.1634521484375,0.055587220937013626,0.0,-0.00288431077151472,0.05558062344789505,0.7872081995010376,1e-05,0.1,0.0023859735,0.122064208984375,0.2,550,0.0,0.5243569612503052,0.1287200035090791,36.79941360354424,113
923.16,-1.0,0.16551724137931034,0.055335044860839844,4367,0.05602231249213219,0.05536913126707077,0.8344827586206897,0.05541476234793663,0.05602191388607025,0.05609634518623352,0.055573850870132446,0.05591033771634102,0.055380791425704956,0.055509053170681,0.055808790028095245,0.055594030767679214,1710,0.05559779703617096,145,0.055594682693481445,0.05616644397377968,57,0.05569533631205559,0.05560218542814255,0.8344827586206897,1.4051724137931045,0.05616644397377968,0.0558236688375473,0.055335044860839844,0.05534624308347702,7471104,0.05568297579884529,0.05574869364500046,0.05567752197384834,0.0,0.05583084002137184,0.055899541825056076,630.1697998046875,0.05570043623447418,0.0,-0.0032181373306229945,0.05569611117243767,0.7876675128936768,1e-05,0.1,0.0024684346,0.13043365478515626,0.2,560,0.0,0.5291135311126709,0.1900985294720158,36.746581652760504,121
948.75,-1.0,0.10526315789473684,0.05540567263960838,4367,0.05611666291952133,0.055509403347969055,0.8947368421052632,0.055531345307826996,0.05618254095315933,0.056349385529756546,0.0557243712246418,0.0559975802898407,0.05548975244164467,0.05558875948190689,0.05593562871217728,0.05568244308233261,1740,0.0557498075067997,133,0.05577068030834198,0.056266967207193375,58,0.05584677681326866,0.05570780485868454,0.8947368421052632,1.3970075187969935,0.056349385529756546,0.055962201207876205,0.05540567263960838,0.05545827001333237,7602176,0.055854376405477524,0.055794406682252884,0.05575278401374817,0.0,0.055871784687042236,0.05600801110267639,646.1716918945312,0.05577097460627556,0.0,-0.003260398663223896,0.05581313371658325,0.79949951171875,1e-05,0.1,0.0025316966,0.13177337646484374,0.2,570,0.0,0.6529550552368164,0.21532865260960535,36.69486901462078,119
938.56,-1.0,0.13194444444444445,0.05552614480257034,4367,0.056199852377176285,0.055553898215293884,0.8680555555555556,0.05562274903059006,0.05630377680063248,0.056408610194921494,0.055772315710783005,0.05612647160887718,0.0556805357336998,0.055712975561618805,0.056119006127119064,0.055791642516851425,1770,0.05586091801524162,144,0.05591902881860733,0.05636846274137497,59,0.05598985403776169,0.05578569322824478,0.8680555555555556,1.3703888888888898,0.056408610194921494,0.056103114038705826,0.05552614480257034,0.05559903010725975,7733248,0.055995646864175797,0.05583914369344711,0.055890027433633804,0.0,0.05602535977959633,0.05613165348768234,634.7855224609375,0.05584447458386421,0.0,-0.003035977558374725,0.055926818400621414,0.790673017501831,1e-05,0.1,0.0025209193,0.13192977905273437,0.2,580,0.0,0.4982243776321411,0.1604547624301631,36.642729091644284,125
937.97,-1.0,0.1259259259259259,0.055705536156892776,4367,0.056351758539676666,0.05571867525577545,0.8740740740740741,0.055757757276296616,0.05646979436278343,0.05652756616473198,0.055908285081386566,0.05623570829629898,0.05570875108242035,0.05583053454756737,0.05627581104636192,0.055890265852212906,1800,0.05602223426103592,135,0.05599859729409218,0.05647706612944603,60,0.05600956082344055,0.05595482513308525,0.8740740740740741,1.3956592592592605,0.05652756616473198,0.05627860128879547,0.055705536156892776,0.05573977530002594,7864320,0.0561063252389431,0.055978454649448395,0.056002240628004074,0.0,0.05624993517994881,0.0562283992767334,637.9110717773438,0.05596577376127243,0.0,-0.0031165654840151547,0.05605568736791611,0.7822701930999756,1e-05,0.1,0.0026566861,0.13842926025390626,0.2,590,0.0,0.5768463611602783,0.20360236988635733,36.58864107131958,118
971.76,-1.0,0.06060606060606061,0.05581456422805786,4367,0.056502532213926315,0.05580722913146019,0.9393939393939394,0.05583183839917183,0.056655269116163254,0.056652069091796875,0.05604159086942673,0.05629156157374382,0.055840011686086655,0.05595008656382561,0.05638062581419945,0.05602407827973366,1830,0.05614805966615677,132,0.05607794597744942,0.056626319885253906,61,0.05613815411925316,0.05607227981090546,0.9393939393939394,1.4156060606060616,0.056655269116163254,0.056335803121328354,0.05580722913146019,0.055872827768325806,7995392,0.05627008154988289,0.056169647723436356,0.05605980381369591,0.0,0.05644284561276436,0.05638241395354271,662.3597412109375,0.05606377124786377,0.0,-0.0033438699265389005,0.056178051978349686,0.7760764956474304,1e-05,0.1,0.0025405614,0.13374786376953124,0.2,600,0.0,0.5908359289169312,0.17988821734907107,36.53269145488739,124
966.55,-1.0,0.11347517730496454,0.055960651487112045,4367,0.05660709738731384,0.056000158190727234,0.8865248226950354,0.055978789925575256,0.05665578693151474,0.05678315833210945,0.056167516857385635,0.05637063831090927,0.05593279004096985,0.05609048530459404,0.05656525120139122,0.056132469326257706,1860,0.056222569197416306,141,0.056175004690885544,0.05671774223446846,62,0.05635635554790497,0.05621641129255295,0.8865248226950354,1.3918581560283698,0.05678315833210945,0.05641921982169151,0.05593279004096985,0.05602900683879852,8126464,0.05638303607702255,0.05626212805509567,0.056188274174928665,0.0,0.05661535635590553,0.056509725749492645,658.330810546875,0.05623940750956535,0.0,-0.0030254395795054735,0.05630316212773323,0.7716888189315796,1e-05,0.1,0.0023913942,0.12625579833984374,0.2,610,0.0,0.4772539734840393,0.13199430861568545,36.47727471590042,125
973.2,-1.0,0.10526315789473684,0.0560690276324749,4367,0.05682705342769623,0.056222740560770035,0.8947368421052632,0.05613517388701439,0.05676370859146118,0.05695526301860809,0.056325513869524,0.05642840638756752,0.05605130270123482,0.05623845383524895,0.05672677233815193,0.05629025027155876,1890,0.05631449446082115,133,0.05625040456652641,0.05684136226773262,63,0.05649290233850479,0.05636822059750557,0.8947368421052632,1.3973684210526327,0.05695526301860809,0.05657854676246643,0.05605130270123482,0.0561363510787487,8257536,0.05653342977166176,0.056378815323114395,0.056315336376428604,0.0,0.05667921155691147,0.05663580819964409,659.8651733398438,0.05645639821887016,0.0,-0.0032214386579653364,0.05644059553742409,0.8155727982521057,1e-05,0.1,0.0025895443,0.13443603515625,0.2,620,0.0,0.5399872064590454,0.1623915056232363,36.418840944767,119
944.15,-1.0,0.15602836879432624,0.056189242750406265,4367,0.05690319091081619,0.056310784071683884,0.8439716312056738,0.05626707151532173,0.056933239102363586,0.05705447494983673,0.056419529020786285,0.056546032428741455,0.05618235468864441,0.05627802386879921,0.05687658116221428,0.05647685006260872,1920,0.05646713823080063,141,0.05640694126486778,0.056895095854997635,64,0.056609056890010834,0.056517139077186584,0.8439716312056738,1.4031205673758875,0.05705447494983673,0.05667875334620476,0.05618235468864441,0.0562242828309536,8388608,0.05666986480355263,0.05647742748260498,0.05643095076084137,0.0,0.05676955729722977,0.05673297122120857,643.8154907226562,0.0565938837826252,0.0,-0.0030424311846218187,0.05655641481280327,0.7792024612426758,1e-05,0.1,0.0025178236,0.12772750854492188,0.2,630,0.0,0.567510187625885,0.15366859177011066,36.36328248679638,119
943.49,-1.0,0.1037037037037037,0.05634751915931702,4366,0.05709197372198105,0.05639271065592766,0.8962962962962963,0.056403860449790955,0.05712692812085152,0.0572272352874279,0.05662871152162552,0.05669169872999191,0.0562552846968174,0.05648041516542435,0.05700230598449707,0.05653848499059677,1951,0.056572575122117996,135,0.05652222782373428,0.05704541504383087,65,0.0567450113594532,0.05660315975546837,0.8962962962962963,1.372133333333334,0.0572272352874279,0.05677012354135513,0.0562552846968174,0.05626345053315163,8519680,0.05683945119380951,0.056651316583156586,0.056550536304712296,0.0,0.05691970884799957,0.05684607848525047,641.82373046875,0.056729815900325775,0.0,-0.0032076518175017553,0.05668983981013298,0.8241981267929077,1e-05,0.1,0.0025972002,0.1394500732421875,0.2,640,0.0,0.5926902294158936,0.20499712153105065,36.30770615637302,121
959.23,-1.0,0.0979020979020979,0.056472066789865494,4366,0.057222880423069,0.05650537461042404,0.9020979020979021,0.05654571205377579,0.05725476145744324,0.05731106549501419,0.05683441087603569,0.056839194148778915,0.05637616291642189,0.056601349264383316,0.05713365599513054,0.05662238970398903,1981,0.05669087544083595,143,0.056631531566381454,0.05719815194606781,66,0.056871335953474045,0.05672718957066536,0.9020979020979021,1.4064895104895112,0.05731106549501419,0.056896328926086426,0.05637616291642189,0.05640407279133797,8650752,0.056975916028022766,0.0568271204829216,0.0566575825214386,0.0,0.057033978402614594,0.05698917806148529,653.0890502929688,0.056855324655771255,0.0,-0.0029941969420178793,0.05681910365819931,0.7680619955062866,1e-05,0.1,0.002548764,0.13192214965820312,0.2,650,0.0,0.4821203947067261,0.15745126974070445,36.24983725547791,129
946.23,-1.0,0.1044776119402985,0.05656889081001282,4365,0.05732728913426399,0.056716904044151306,0.8955223880597015,0.056648507714271545,0.0573544017970562,0.05735539644956589,0.05691288411617279,0.05698347091674805,0.056505560874938965,0.05669610947370529,0.057250116020441055,0.05675453320145607,2011,0.05680548772215843,134,0.05678758770227432,0.057283706963062286,67,0.056941356509923935,0.056883376091718674,0.8955223880597015,1.4024626865671652,0.05735539644956589,0.05697150528430939,0.056505560874938965,0.056589990854263306,8781824,0.057115666568279266,0.05694643408060074,0.05670947954058647,0.0,0.05716332048177719,0.05708858743309975,644.1353759765625,0.056980282068252563,0.0,-0.003491269923870277,0.056933630257844925,0.7858152389526367,1e-05,0.1,0.0026176705,0.14068222045898438,0.2,660,0.0,0.5359457731246948,0.16669776595081204,36.19660408198833,120
933.19,-1.0,0.13013698630136986,0.0567186176776886,4365,0.0574834942817688,0.05684638023376465,0.8698630136986302,0.05676253139972687,0.05746707692742348,0.0575101412832737,0.05704791843891144,0.057103317230939865,0.05666470155119896,0.05688128620386124,0.0573510080575943,0.05685361474752426,2041,0.05695446953177452,146,0.05689175799489021,0.05742939934134483,68,0.05715571716427803,0.05706726014614105,0.8698630136986302,1.3794520547945215,0.0575101412832737,0.0571121945977211,0.05666470155119896,0.05669021233916283,8912896,0.05720863863825798,0.05704892426729202,0.056889940053224564,0.0,0.05726765841245651,0.05721462890505791,636.4876708984375,0.057061467319726944,0.0,-0.0031926711006235566,0.05706729367375374,0.7797992825508118,1e-05,0.1,0.0025074976,0.12908477783203126,0.2,670,0.0,0.5123386383056641,0.15061474309768527,36.141834914684296,127
938.68,-1.0,0.109375,0.05688200518488884,4365,0.05759220942854881,0.05699271336197853,0.890625,0.056909773498773575,0.05752462148666382,0.057675741612911224,0.057146038860082626,0.05724393203854561,0.05680043622851372,0.05701214447617531,0.057518549263477325,0.056975945830345154,2071,0.05710919573903084,128,0.05702999234199524,0.05760285258293152,69,0.05727590620517731,0.057196348905563354,0.890625,1.402437500000001,0.057675741612911224,0.05723065882921219,0.05678529664874077,0.05678529664874077,9043968,0.057367391884326935,0.05712435767054558,0.05697951838374138,0.0,0.05744325742125511,0.057307690382003784,634.0096435546875,0.05716370418667793,0.0,-0.0034587483975883513,0.05719561129808426,0.8327718377113342,1e-05,0.1,0.0025915385,0.13101348876953126,0.2,680,0.0,0.5548697710037231,0.17274694787338377,36.084896239638326,114
966.91,-1.0,0.08163265306122448,0.05698598176240921,4364,0.05774801969528198,0.057091448456048965,0.9183673469387755,0.05695018172264099,0.057561565190553665,0.05780092999339104,0.057263944298028946,0.05735880509018898,0.056921061128377914,0.05713723972439766,0.05763683840632439,0.05702117085456848,2102,0.05719543620944023,147,0.057090792804956436,0.057724494487047195,70,0.05732189118862152,0.05731559172272682,0.9183673469387755,1.4022040816326542,0.05780092999339104,0.05738353356719017,0.056899286806583405,0.056899286806583405,9175040,0.05751340463757515,0.05731125548481941,0.057136911898851395,0.0,0.05758093670010567,0.05740750953555107,654.9290161132812,0.0572764128446579,0.0,-0.003006988521428866,0.057305388152599335,0.8077934980392456,1e-05,0.1,0.002623248,0.13248825073242188,0.2,690,0.0,0.5106236934661865,0.15202441850560716,36.032947942614555,135
960.65,-1.0,0.11290322580645161,0.05714508518576622,4364,0.05786290392279625,0.05719345808029175,0.8870967741935484,0.057042356580495834,0.05774819850921631,0.05796685442328453,0.05737215280532837,0.05747566744685173,0.05708341300487518,0.057336773723363876,0.05778602138161659,0.05723059922456741,2132,0.057382382452487946,124,0.05719371885061264,0.057816047221422195,71,0.057467881590127945,0.057488493621349335,0.8870967741935484,1.3924032258064527,0.05796685442328453,0.057520247995853424,0.05700916796922684,0.05700916796922684,9306112,0.05758402496576309,0.05746367946267128,0.05726264789700508,0.0,0.057756200432777405,0.057533591985702515,654.77099609375,0.057369742542505264,0.0,-0.003360605654961546,0.05744365230202675,0.7671939134597778,1e-05,0.1,0.002492426,0.1289825439453125,0.2,700,0.0,0.5607891082763672,0.1667961185099557,35.978644201159476,110
952.73,-1.0,0.08666666666666667,0.05724135413765907,4364,0.0579812154173851,0.05724694952368736,0.9133333333333333,0.057128142565488815,0.05801839381456375,0.05801788717508316,0.05750586465001106,0.05762334540486336,0.05720248818397522,0.05749072879552841,0.057881228625774384,0.05734224617481232,2162,0.0575048103928566,150,0.0573272630572319,0.05790327116847038,72,0.05763542279601097,0.057624801993370056,0.9133333333333333,1.4003733333333344,0.05801839381456375,0.05762356519699097,0.057128142565488815,0.05713494122028351,9437184,0.05777594819664955,0.05758237838745117,0.05736914277076721,0.0,0.057893816381692886,0.057635050266981125,648.8379516601562,0.05751953646540642,0.0,-0.0031242399678376386,0.05756838992238045,0.7902519702911377,1e-05,0.1,0.0025302293,0.132049560546875,0.2,710,0.0,0.5218858122825623,0.1430196949397214,35.92118380963802,137
938.33,-1.0,0.11278195488721804,0.05728573724627495,4364,0.05812862515449524,0.057418350130319595,0.8872180451127819,0.05724272131919861,0.058177024126052856,0.05811820179224014,0.0576835535466671,0.05768928676843643,0.057307951152324677,0.057639531791210175,0.05802465230226517,0.05750320479273796,2192,0.05763495713472366,133,0.05747154355049133,0.05801474675536156,73,0.0577758364379406,0.0577818863093853,0.8872180451127819,1.3835639097744372,0.058177024126052856,0.05770023912191391,0.05724272131919861,0.05731762945652008,9568256,0.057872671633958817,0.05766017735004425,0.05749918892979622,0.0,0.058001235127449036,0.05782294273376465,633.65869140625,0.05768945440649986,0.0,-0.0031613982868293534,0.05769845470786095,0.8136143684387207,1e-05,0.1,0.0025619543,0.13486404418945314,0.2,720,0.0,0.4542224407196045,0.14387252583692317,35.86593949198723,118
970.49,-1.0,0.08759124087591241,0.057432107627391815,4363,0.05824233964085579,0.0575266107916832,0.9124087591240876,0.0573260597884655,0.05834418535232544,0.05825640261173248,0.05776209384202957,0.057786088436841965,0.05734657868742943,0.05772193521261215,0.05819147825241089,0.0576309971511364,2222,0.05774599686264992,137,0.05767912417650223,0.05813659355044365,74,0.05791941285133362,0.0580071397125721,0.9124087591240876,1.3902335766423368,0.05834418535232544,0.05780642852187157,0.0573260597884655,0.057432740926742554,9699328,0.05804136395454407,0.05775486305356026,0.057644397020339966,0.0,0.05808798968791962,0.057941775768995285,659.126953125,0.05786723643541336,0.0,-0.0032641296964357027,0.057825278490781784,0.8100667595863342,1e-05,0.1,0.00257048,0.13325653076171876,0.2,730,0.0,0.5016839504241943,0.16342612872831525,35.81021422147751,125
944.11,-1.0,0.12142857142857143,0.05761246755719185,4363,0.058309946209192276,0.05763935297727585,0.8785714285714286,0.057460855692625046,0.058488793671131134,0.05846985802054405,0.05790106579661369,0.05789938196539879,0.05752001702785492,0.05784941837191582,0.05833330377936363,0.057651087641716,2252,0.0579475499689579,140,0.057804979383945465,0.05826924368739128,75,0.0580781027674675,0.05812431499361992,0.8785714285714286,1.3914571428571438,0.058488793671131134,0.05795852094888687,0.057460855692625046,0.057559672743082047,9830400,0.058097656816244125,0.05784429982304573,0.0578019917011261,0.0,0.058188024908304214,0.058073628693819046,640.6378784179688,0.05801142379641533,0.0,-0.0032834918287335314,0.057955797761678696,0.7944337725639343,1e-05,0.1,0.0025264407,0.12738800048828125,0.2,740,0.0,0.4842571020126343,0.15576191056752578,35.75479997098446,123
933.01,-1.0,0.1037037037037037,0.05782168731093407,4363,0.05844627320766449,0.0578107126057148,0.8962962962962963,0.057586248964071274,0.05866266414523125,0.05863257125020027,0.058036841452121735,0.05813027173280716,0.05766965076327324,0.05799635127186775,0.05839939042925835,0.057788003236055374,2282,0.05804881080985069,135,0.05796064808964729,0.05840100720524788,76,0.058136094361543655,0.05825207009911537,0.8962962962962963,1.398800000000001,0.05866266414523125,0.05808152258396149,0.057586248964071274,0.05767140910029411,9961472,0.05825180560350418,0.05801339074969292,0.0579039491713047,0.0,0.058301910758018494,0.058211810886859894,632.607177734375,0.0581313818693161,0.0,-0.0033796031690144445,0.058093857020139694,0.8040613532066345,1e-05,0.1,0.0024947138,0.13344802856445312,0.2,750,0.0,0.5071613192558289,0.17290393572766333,35.69648304283619,121
963.47,-1.0,0.10218978102189781,0.05793975666165352,4362,0.058525506407022476,0.05796237662434578,0.8978102189781022,0.0576876662671566,0.05882897228002548,0.058754753321409225,0.05813049525022507,0.058305442333221436,0.057869020849466324,0.058110956102609634,0.05857294425368309,0.05785784497857094,2313,0.05816975608468056,137,0.05809842050075531,0.05852801725268364,77,0.05828199163079262,0.058421600610017776,0.8978102189781022,1.4124525547445266,0.05882897228002548,0.05819561332464218,0.0576876662671566,0.057813454419374466,10092544,0.05833486095070839,0.05819186568260193,0.05801395699381828,0.0,0.05837445706129074,0.05836143717169762,655.6681518554688,0.05823289230465889,0.0,-0.003216708271611424,0.058222558349370956,0.8115845322608948,1e-05,0.1,0.0025837217,0.13486862182617188,0.2,760,0.0,0.538278341293335,0.17550102220848202,35.639551350474356,123
955.06,-1.0,0.10218978102189781,0.058108337223529816,4362,0.058637745678424835,0.058137357234954834,0.8978102189781022,0.05782470479607582,0.05897367373108864,0.05891425907611847,0.058345727622509,0.05839155614376068,0.0579473152756691,0.058281660079956055,0.05867953598499298,0.05798746272921562,2343,0.05829159542918205,137,0.058173444122076035,0.058665841817855835,78,0.05838198959827423,0.05855686962604523,0.8978102189781022,1.3928175182481763,0.05897367373108864,0.0583270788192749,0.05782470479607582,0.05794568359851837,10223616,0.05838198959827423,0.05830804258584976,0.05810145288705826,0.0,0.058470722287893295,0.058503951877355576,649.2684936523438,0.058351945132017136,0.0,-0.0032878877304938214,0.05834759399294853,0.7834683060646057,1e-05,0.1,0.002419225,0.12495803833007812,0.2,770,0.0,0.5082907676696777,0.1355086037889123,35.58502247929573,123
958.64,-1.0,0.11594202898550725,0.05835970863699913,4362,0.05882978439331055,0.05826147645711899,0.8840579710144928,0.05793764442205429,0.059103142470121384,0.05913374200463295,0.0585339218378067,0.058545127511024475,0.058091770857572556,0.05844408646225929,0.05881130322813988,0.05817624554038048,2373,0.058487147092819214,138,0.05829290300607681,0.05870234593749046,79,0.05847796052694321,0.05869832634925842,0.8840579710144928,1.4107826086956534,0.05913374200463295,0.05841653421521187,0.05793764442205429,0.05802903324365616,10354688,0.05851936340332031,0.05849698930978775,0.058223605155944824,0.0,0.05859987437725067,0.058649685233831406,656.62646484375,0.05852498859167099,0.0,-0.0035539052182684827,0.05849387124180794,0.8128517270088196,1e-05,0.1,0.0026248237,0.133502197265625,0.2,780,0.0,0.501736044883728,0.15473854443989693,35.52602813243866,122
975.65,-1.0,0.058823529411764705,0.05852090194821358,4362,0.05895944684743881,0.058416467159986496,0.9411764705882353,0.05813039466738701,0.059289708733558655,0.05925954878330231,0.05859929695725441,0.058734260499477386,0.058236170560121536,0.05856168642640114,0.0588960275053978,0.058292098343372345,2403,0.05860042944550514,136,0.05842312425374985,0.05886875092983246,80,0.05857553705573082,0.05894969403743744,0.9411764705882353,1.3935588235294125,0.059289708733558655,0.058503322303295135,0.05813039466738701,0.05818132311105728,10485760,0.05867018923163414,0.05870819464325905,0.05842043459415436,0.0,0.05872929096221924,0.058778878301382065,664.9593505859375,0.05865933373570442,0.0,-0.0028189873928567977,0.05863858014345169,0.7951538562774658,1e-05,0.1,0.0025423348,0.1311859130859375,0.2,790,0.0,0.46642106771469116,0.1459474331641104,35.46400344371796,128
944.17,-1.0,0.1056338028169014,0.05865824595093727,4362,0.05902625620365143,0.05856657028198242,0.8943661971830986,0.05828104913234711,0.059489473700523376,0.059419162571430206,0.05871446803212166,0.05882994085550308,0.05832220986485481,0.05874985083937645,0.059010595083236694,0.058481473475694656,2433,0.05866006389260292,142,0.05855482816696167,0.059004221111536026,81,0.05869605764746666,0.05906974524259567,0.8943661971830986,1.3738169014084518,0.059489473700523376,0.05869397148489952,0.05828104913234711,0.05831282213330269,10616832,0.05883258953690529,0.058793552219867706,0.058575622737407684,0.0,0.0588223971426487,0.05887439474463463,642.3914184570312,0.05873105674982071,0.0,-0.0031201027487441023,0.05876682326197624,0.7919096946716309,1e-05,0.1,0.0025275168,0.129669189453125,0.2,800,0.0,0.49275603890419006,0.13105579399270936,35.40591365695,127
957.0,-1.0,0.09090909090909091,0.05885498225688934,4362,0.059206876903772354,0.05867726728320122,0.9090909090909091,0.058428384363651276,0.059596143662929535,0.059554167091846466,0.058873213827610016,0.05889884755015373,0.05849709361791611,0.05891967564821243,0.05914396420121193,0.058669254183769226,2463,0.05877537652850151,132,0.058694589883089066,0.05906872823834419,82,0.05883172154426575,0.05916788801550865,0.9090909090909091,1.3916363636363647,0.059596143662929535,0.0588328056037426,0.058428384363651276,0.05846097692847252,10747904,0.05891415476799011,0.058904651552438736,0.058649953454732895,0.0,0.05899360403418541,0.05901111662387848,654.0671997070312,0.05884787067770958,0.0,-0.003575231866670947,0.0588989295065403,0.803372859954834,1e-05,0.1,0.002539328,0.12786407470703126,0.2,810,0.0,0.47477999329566956,0.14569729094218928,35.35083041787148,120
974.04,-1.0,0.07246376811594203,0.05901453271508217,4362,0.05936156213283539,0.05886734277009964,0.927536231884058,0.058507103472948074,0.05972088500857353,0.059661369770765305,0.05894993245601654,0.05900903418660164,0.05859812721610069,0.059085097163915634,0.05927742272615433,0.058840081095695496,2493,0.058914072811603546,138,0.058784570544958115,0.05917823687195778,83,0.0589887909591198,0.059254731982946396,0.927536231884058,1.401159420289856,0.05972088500857353,0.05892101302742958,0.058507103472948074,0.058582477271556854,10878976,0.05907312035560608,0.05902908742427826,0.05879155173897743,0.0,0.05912003666162491,0.05906717851758003,661.5382690429688,0.05905209854245186,0.0,-0.003369674261102773,0.059025973081588745,0.7881757020950317,1e-05,0.1,0.0025642226,0.13803787231445314,0.2,820,0.0,0.42823052406311035,0.1447429650463164,35.29577151536942,128
958.49,-1.0,0.11678832116788321,0.05915041267871857,4359,0.05954590439796448,0.05905347689986229,0.8832116788321168,0.058652956038713455,0.059783194214105606,0.05981503054499626,0.05908261612057686,0.05908878892660141,0.058770403265953064,0.05916333198547363,0.05942121893167496,0.05895474925637245,2525,0.05899215117096901,137,0.05892615392804146,0.05922946333885193,84,0.05907401069998741,0.05933115631341934,0.8832116788321168,1.3876934306569353,0.05981503054499626,0.059090618044137955,0.058652956038713455,0.058681927621364594,11010048,0.059209998697042465,0.05917947739362717,0.058859147131443024,0.0,0.059241339564323425,0.05916720628738403,652.6304931640625,0.05920400843024254,0.0,-0.0031337132031694637,0.05914675071835518,0.7682573199272156,1e-05,0.1,0.0025363052,0.13214492797851562,0.2,830,0.0,0.5010766983032227,0.1461033746571047,35.24378312528133,121
951.69,-1.0,0.0962962962962963,0.05930756404995918,4359,0.05972881615161896,0.059215907007455826,0.9037037037037037,0.05876774340867996,0.05992291495203972,0.05992389842867851,0.05931395664811134,0.05920509248971939,0.05896744504570961,0.05927526205778122,0.05949427932500839,0.05909709632396698,2555,0.059099115431308746,135,0.05898846685886383,0.05936139076948166,85,0.05921414494514465,0.05940109118819237,0.9037037037037037,1.3868444444444454,0.05992389842867851,0.05914440006017685,0.05876067653298378,0.05876067653298378,11141120,0.05931559577584267,0.05931411311030388,0.05894901603460312,0.0,0.059407658874988556,0.05934224650263786,644.1044311523438,0.05933906510472298,0.0,-0.0034874177005804084,0.05927427485585213,0.8024611473083496,1e-05,0.1,0.0026697246,0.13455581665039062,0.2,840,0.0,0.5249617099761963,0.16935547046596183,35.19154377281666,122
960.22,-1.0,0.09929078014184398,0.05948958545923233,4358,0.05985346809029579,0.05936909466981888,0.900709219858156,0.05888747423887253,0.06007463485002518,0.06004892662167549,0.05945427715778351,0.05930976942181587,0.05908764526247978,0.059401754289865494,0.05964074656367302,0.059197936207056046,2586,0.05919754505157471,141,0.05907430499792099,0.059473518282175064,86,0.05932627245783806,0.059568628668785095,0.900709219858156,1.40917730496454,0.06007463485002518,0.059303365647792816,0.05886118486523628,0.05886118486523628,11272192,0.059462770819664,0.05946645513176918,0.05905781686306,0.0,0.05952627584338188,0.05944438278675079,653.3817138671875,0.05942586436867714,0.0,-0.0033326014539852623,0.05940014868974686,0.8033196330070496,1e-05,0.1,0.0024870131,0.13203353881835939,0.2,850,0.0,0.5032559037208557,0.13291936831665224,35.13757119476795,127
957.19,-1.0,0.09774436090225563,0.0595782995223999,4357,0.06001477688550949,0.05944223329424858,0.9022556390977443,0.05904613062739372,0.060105349868535995,0.060175493359565735,0.059627607464790344,0.059394024312496185,0.059228308498859406,0.05956224724650383,0.059799905866384506,0.059344593435525894,2616,0.05930130183696747,133,0.05921708047389984,0.059553585946559906,87,0.059485457837581635,0.059694476425647736,0.9022556390977443,1.3950676691729333,0.060175493359565735,0.059459466487169266,0.058976177126169205,0.058976177126169205,11403264,0.05964205041527748,0.05963689088821411,0.05922141671180725,0.0,0.05965106934309006,0.059566691517829895,649.7636108398438,0.05950336158275604,0.0,-0.0031121912136768516,0.05952912196516991,0.8478873372077942,1e-05,0.1,0.0024981052,0.13011016845703124,0.2,860,0.0,0.5042325854301453,0.1491374851000728,35.08407222628593,120
939.99,-1.0,0.12056737588652482,0.059695858508348465,4357,0.06017150357365608,0.05958130955696106,0.8794326241134752,0.05921027436852455,0.06022217869758606,0.060298312455415726,0.05972591042518616,0.0594959519803524,0.059368111193180084,0.059696681797504425,0.05998103320598602,0.05954955518245697,2646,0.05940501391887665,141,0.05930497497320175,0.059649862349033356,88,0.05960645526647568,0.059744153171777725,0.8794326241134752,1.373446808510639,0.060298312455415726,0.05953235179185867,0.05909891426563263,0.05909891426563263,11534336,0.05965839698910713,0.05981791391968727,0.0593254379928112,0.0,0.05977781116962433,0.05971359461545944,640.2453002929688,0.059670332819223404,0.0,-0.0031479239485634027,0.05965207517147064,0.8539460301399231,1e-05,0.1,0.0024078628,0.1206207275390625,0.2,870,0.0,0.45788395404815674,0.11265713512839284,35.031480291485785,124
955.66,-1.0,0.1,0.059889551252126694,4357,0.06038638576865196,0.059659507125616074,0.9,0.05918481573462486,0.060357239097356796,0.060432273894548416,0.05985570698976517,0.05960003286600113,0.05953442305326462,0.05985052511096001,0.060072485357522964,0.05971328169107437,2677,0.05950924754142761,140,0.05941654369235039,0.059769488871097565,89,0.05976838618516922,0.059868279844522476,0.9,1.4013714285714298,0.060432273894548416,0.059703897684812546,0.05918481573462486,0.05921924114227295,11665408,0.059729740023612976,0.059987396001815796,0.05945787951350212,0.0,0.059945378452539444,0.05988723412156105,648.7592163085938,0.059723787009716034,0.0,-0.0035139264545250627,0.05978090688586235,0.7824081182479858,1e-05,0.1,0.0025672466,0.13156280517578126,0.2,880,0.0,0.5464019179344177,0.17777502227108927,34.978846326470375,126
984.96,-1.0,0.08333333333333333,0.060004547238349915,4356,0.060571830719709396,0.05979340150952339,0.9166666666666666,0.059287264943122864,0.06045544892549515,0.06059767305850983,0.060038864612579346,0.05973445251584053,0.059644728899002075,0.05992857366800308,0.060150910168886185,0.059860698878765106,2707,0.05965624749660492,132,0.05957411974668503,0.05992267280817032,90,0.05991895869374275,0.059956710785627365,0.9166666666666666,1.395409090909092,0.06059767305850983,0.059836167842149734,0.059287264943122864,0.05933393910527229,11796480,0.05988479405641556,0.060098111629486084,0.05961094796657562,0.0,0.06012347713112831,0.06005487218499184,673.3739624023438,0.05990351736545563,0.0,-0.0031059214051310847,0.059917714446783066,0.8040335178375244,1e-05,0.1,0.0025662263,0.13164596557617186,0.2,890,0.0,0.4515553116798401,0.1404786479222821,34.923082953691484,121
947.16,-1.0,0.10144927536231885,0.0600767619907856,4356,0.06063747778534889,0.059971824288368225,0.8985507246376812,0.05946583300828934,0.06051676720380783,0.06073470786213875,0.06023181229829788,0.05982165038585663,0.059824757277965546,0.060088954865932465,0.06025904789566994,0.05994800850749016,2737,0.059733856469392776,138,0.059692997485399246,0.06009342521429062,91,0.060038287192583084,0.06007428467273712,0.8985507246376812,1.4034927536231894,0.06073470786213875,0.059988755732774734,0.05944516509771347,0.05944516509771347,11927552,0.059976283460855484,0.06028291955590248,0.059712059795856476,0.0,0.06036439165472984,0.06020279973745346,643.4265747070312,0.060001127421855927,0.0,-0.0031479211858822962,0.06004735827445984,0.7824589014053345,1e-05,0.1,0.002414783,0.12480545043945312,0.2,900,0.0,0.4575302302837372,0.12248678578471299,34.867078247666356,124
971.71,-1.0,0.11029411764705882,0.06018311157822609,4356,0.060797903686761856,0.060068413615226746,0.8897058823529411,0.059520795941352844,0.06063833087682724,0.060878608375787735,0.06032780557870865,0.05999480560421944,0.05994662269949913,0.06021925434470177,0.06042246147990227,0.0600455217063427,2768,0.05986342579126358,136,0.05982121080160141,0.0602666474878788,92,0.060086753219366074,0.06020370498299599,0.8897058823529411,1.4048676470588244,0.060878608375787735,0.06013420224189758,0.059520795941352844,0.05959901586174965,12058624,0.06019432097673416,0.06038837879896164,0.05986480787396431,0.0,0.060502905398607254,0.06027371808886528,656.8644409179688,0.06014284864068031,0.0,-0.003300380332802888,0.060175422579050064,0.7811087369918823,1e-05,0.1,0.002505403,0.13368072509765624,0.2,910,0.0,0.45817649364471436,0.15968847498879768,34.8137259632349,121
961.85,-1.0,0.06666666666666667,0.06028828024864197,4355,0.06090046837925911,0.06022248417139053,0.9333333333333333,0.05972568318247795,0.06072092428803444,0.06102391332387924,0.06042200326919556,0.060095880180597305,0.05999022722244263,0.06034659221768379,0.06052866950631142,0.06022225320339203,2798,0.059978172183036804,135,0.059988055378198624,0.06036723032593727,93,0.06013401597738266,0.06034411862492561,0.9333333333333333,1.3650814814814825,0.06102391332387924,0.06020672246813774,0.05972568318247795,0.05977462977170944,12189696,0.0603405237197876,0.06047340855002403,0.059961169958114624,0.0,0.06067885458469391,0.06041213497519493,654.906005859375,0.06027096137404442,0.0,-0.003286415839647816,0.06029669567942619,0.8454357981681824,1e-05,0.1,0.002619849,0.13739471435546874,0.2,920,0.0,0.483895480632782,0.15109006818092893,34.76213908791542,126
970.36,-1.0,0.0661764705882353,0.06034892424941063,4354,0.061007317155599594,0.06040949746966362,0.9338235294117647,0.059850238263607025,0.06089967489242554,0.06115606054663658,0.060487180948257446,0.060165148228406906,0.060147594660520554,0.060456641018390656,0.06070919334888458,0.060342937707901,2829,0.06007001921534538,136,0.06009318307042122,0.06050991266965866,94,0.06027660891413689,0.06047704070806503,0.9338235294117647,1.3878676470588243,0.06115606054663658,0.0603402778506279,0.059850238263607025,0.059999581426382065,12320768,0.060465939342975616,0.06061575189232826,0.060079846531152725,0.0,0.060775190591812134,0.060507044196128845,660.8475952148438,0.060432128608226776,0.0,-0.0031945642097525708,0.060424916446208954,0.7882310748100281,1e-05,0.1,0.0024192426,0.1285003662109375,0.2,930,0.0,0.47328415513038635,0.1067001823510509,34.70965871810913,127
974.74,-1.0,0.09923664122137404,0.06058269366621971,4354,0.06112738326191902,0.06054065003991127,0.9007633587786259,0.06002333387732506,0.061029307544231415,0.061338797211647034,0.0605892688035965,0.060277439653873444,0.060286182910203934,0.06062309443950653,0.06091433763504028,0.06049653887748718,2859,0.06020975112915039,131,0.06020927429199219,0.06065745651721954,95,0.060378726571798325,0.06063750386238098,0.9007633587786259,1.38332824427481,0.061338797211647034,0.06046970561146736,0.06002333387732506,0.060138504952192307,12451840,0.0606575571000576,0.060700856149196625,0.06023438647389412,0.0,0.06094907596707344,0.060641657561063766,662.4087524414062,0.06057024747133255,0.0,-0.0032812472712066667,0.060571350157260895,0.7962968945503235,1e-05,0.1,0.002455469,0.12750701904296874,0.2,940,0.0,0.4870135188102722,0.12174472780607175,34.65264708399773,118
930.85,-1.0,0.1388888888888889,0.06073927879333496,4354,0.06136159971356392,0.06065358221530914,0.8611111111111112,0.0601624958217144,0.061150915920734406,0.0615239255130291,0.06073834002017975,0.06038700416684151,0.06038720905780792,0.060733865946531296,0.06105904281139374,0.06065819412469864,2889,0.06036048009991646,144,0.060264695435762405,0.060826625674963,96,0.0604863166809082,0.06080245599150658,0.8611111111111112,1.40188888888889,0.0615239255130291,0.0605163611471653,0.0601624958217144,0.06026998534798622,12582912,0.06074743717908859,0.06086687743663788,0.06033456698060036,0.0,0.06108574941754341,0.06080174073576927,630.6483764648438,0.060675930231809616,0.0,-0.003322330445280386,0.06070378050208092,0.7842279076576233,1e-05,0.1,0.0025670694,0.13359298706054687,0.2,950,0.0,0.4466353952884674,0.14697269964090082,34.596140280365944,124
974.58,-1.0,0.08527131782945736,0.060891903936862946,4353,0.06157644838094711,0.06080090254545212,0.9147286821705426,0.06034611910581589,0.06134197115898132,0.06164626404643059,0.06083061173558235,0.06052397936582565,0.06055716425180435,0.060909196734428406,0.061158787459135056,0.060816776007413864,2920,0.06052686274051666,129,0.06038898229598999,0.06098109111189842,97,0.06070879474282265,0.060971006751060486,0.9147286821705426,1.3913178294573654,0.06164626404643059,0.06067908555269241,0.06034611910581589,0.06040051206946373,12713984,0.060897525399923325,0.06095327436923981,0.06047368422150612,0.0,0.06123238056898117,0.06093737483024597,662.4144287109375,0.06081542745232582,0.0,-0.0033373961199686165,0.06085464358329773,0.8114898204803467,1e-05,0.1,0.002614976,0.13499908447265624,0.2,960,0.0,0.47592827677726746,0.1822381082980428,34.53724452257156,118
960.65,-1.0,0.10884353741496598,0.061033982783555984,4353,0.06168340519070625,0.06094446778297424,0.891156462585034,0.06056714430451393,0.06155148148536682,0.061810992658138275,0.06099677085876465,0.060617558658123016,0.06068730354309082,0.06104046851396561,0.061291638761758804,0.06096931919455528,2950,0.06070471182465553,147,0.060500431805849075,0.061172302812337875,98,0.060843128710985184,0.0610823854804039,0.891156462585034,1.3914013605442188,0.061810992658138275,0.060783784836530685,0.060500431805849075,0.06053401157259941,12845056,0.06099672615528107,0.06110455468297005,0.060659222304821014,0.0,0.061331864446401596,0.061106082051992416,652.345458984375,0.06094563007354736,0.0,-0.0028030517914885422,0.060998376458883286,0.8043113350868225,1e-05,0.1,0.0025897548,0.13333740234375,0.2,970,0.0,0.48291146755218506,0.12647187504335305,34.47637763619423,131
908.53,-1.0,0.17037037037037037,0.061134278774261475,4352,0.061794035136699677,0.06102887541055679,0.8296296296296296,0.06072865054011345,0.0616874061524868,0.061996884644031525,0.061090368777513504,0.06074238196015358,0.06083434075117111,0.06120990216732025,0.06141604855656624,0.06109913811087608,2981,0.0608590729534626,135,0.06065148860216141,0.061286695301532745,99,0.06096291169524193,0.06120762601494789,0.8296296296296296,1.400325925925927,0.061996884644031525,0.06092950329184532,0.06059225648641586,0.06059225648641586,12976128,0.06119951233267784,0.06132162734866142,0.06084497272968292,0.0,0.06149669364094734,0.061287298798561096,616.5831909179688,0.061117976903915405,0.0,-0.003237419044762646,0.06114079803228378,0.8097646236419678,1e-05,0.1,0.0025305287,0.13556976318359376,0.2,980,0.0,0.5420545339584351,0.1651771791279316,34.4187513589859,112
971.3,-1.0,0.08955223880597014,0.061312563717365265,4352,0.06191149353981018,0.06116766855120659,0.9104477611940298,0.06088126450777054,0.06177571043372154,0.06219441071152687,0.06126859411597252,0.0609014555811882,0.061017803847789764,0.061399295926094055,0.06156536191701889,0.061215590685606,3011,0.060989558696746826,134,0.060750894248485565,0.06146101653575897,100,0.06120413541793823,0.06134522706270218,0.9104477611940298,1.3796865671641803,0.06219441071152687,0.061065349727869034,0.060750894248485565,0.06076134368777275,13107200,0.06134979799389839,0.06143619865179062,0.06099157780408859,0.0,0.06163686141371727,0.06143738701939583,661.5897827148438,0.061334189027547836,0.0,-0.003660693749316124,0.06129498779773712,0.8197571039199829,1e-05,0.1,0.002807327,0.14404144287109374,0.2,990,0.0,0.5611096620559692,0.2236867405823432,34.357815977931025,122
981.99,-1.0,0.06060606060606061,0.06143007427453995,4351,0.06206130608916283,0.06131407245993614,0.9393939393939394,0.06108603999018669,0.06201144680380821,0.06245002523064613,0.061320386826992035,0.06106482446193695,0.061210982501506805,0.061508554965257645,0.061692140996456146,0.06136154383420944,3042,0.06108034774661064,132,0.06085097789764404,0.061630528420209885,101,0.061357282102108,0.061543408781290054,0.9393939393939394,1.407242424242425,0.06245002523064613,0.061232421547174454,0.06085097789764404,0.060884758830070496,13238272,0.06142204999923706,0.06160915270447731,0.06118164211511612,0.0,0.06181346997618675,0.06151288002729416,668.5745849609375,0.061429284512996674,0.0,-0.003511186429477675,0.061442382633686066,0.8221569061279297,1e-05,0.1,0.0025116687,0.126043701171875,0.2,1000,0.0,0.5035623908042908,0.14985914595599753,34.29579421579838,124
969.8,-1.0,0.0661764705882353,0.06162168085575104,4351,0.062148403376340866,0.06147804483771324,0.9338235294117647,0.06117606908082962,0.06211237236857414,0.06257220357656479,0.06147508695721626,0.06123528629541397,0.06133395805954933,0.061642032116651535,0.061858996748924255,0.06145988777279854,3072,0.0612923838198185,136,0.06099117174744606,0.06173691526055336,102,0.06158654764294624,0.06164027005434036,0.9338235294117647,1.398514705882354,0.06257220357656479,0.06134752556681633,0.06095418706536293,0.06095418706536293,13369344,0.06152165308594704,0.06175842136144638,0.06131787225604057,0.0,0.06190777197480202,0.06163449212908745,660.2485961914062,0.0616232231259346,0.0,-0.003470164143527654,0.06157705560326576,0.8032139539718628,1e-05,0.1,0.002445789,0.1250213623046875,0.2,1010,0.0,0.4725719392299652,0.11129104147548788,34.23847647309303,127
927.21,-1.0,0.1232876712328767,0.06175285950303078,4350,0.062258489429950714,0.061576563864946365,0.8767123287671232,0.06129857525229454,0.062219489365816116,0.0627903938293457,0.06156805157661438,0.06141228228807449,0.06150940805673599,0.06169221177697182,0.06202441081404686,0.061595916748046875,3103,0.0614340603351593,146,0.061140332370996475,0.061898183077573776,103,0.06166752055287361,0.06183586269617081,0.8767123287671232,1.401068493150686,0.0627903938293457,0.06140875443816185,0.0610470212996006,0.0610470212996006,13500416,0.06165943667292595,0.061893872916698456,0.06144976243376732,0.0,0.062042247503995895,0.06169191747903824,630.2111206054688,0.06175892427563667,0.0,-0.002890661279343476,0.06170506402850151,0.814583957195282,1e-05,0.1,0.002419838,0.1262725830078125,0.2,1020,0.0,0.44778838753700256,0.11877445272984914,34.185399636626244,128
957.72,-1.0,0.12403100775193798,0.061959780752658844,4350,0.06244191527366638,0.06174295023083687,0.875968992248062,0.06150160729885101,0.06238844245672226,0.062892846763134,0.061744775623083115,0.061577506363391876,0.06155908480286598,0.061849985271692276,0.062187310308218,0.061761293560266495,3133,0.06156376376748085,129,0.061294879764318466,0.06206914782524109,104,0.06186184287071228,0.061980199068784714,0.875968992248062,1.3850542635658925,0.062892846763134,0.061561018228530884,0.06120876222848892,0.06120876222848892,13631488,0.061797380447387695,0.062119483947753906,0.061552226543426514,0.0,0.062208570539951324,0.0618223138153553,653.5458984375,0.061894480139017105,0.0,-0.0036083580126614833,0.061861660331487656,0.8101151585578918,1e-05,0.1,0.002631906,0.136016845703125,0.2,1030,0.0,0.4849315583705902,0.18217452114913613,34.12783370912075,113
953.08,-1.0,0.1048951048951049,0.06210266053676605,4350,0.06253568083047867,0.0618562251329422,0.8951048951048951,0.06168116629123688,0.06247377768158913,0.0630510002374649,0.06189388781785965,0.06171309947967529,0.06175053119659424,0.06184855476021767,0.06232653930783272,0.06186315789818764,3163,0.06161326542496681,143,0.06145568564534187,0.06221916154026985,105,0.06196124106645584,0.06210258603096008,0.8951048951048951,1.3775944055944067,0.0630510002374649,0.06168343126773834,0.06136075034737587,0.06136075034737587,13762560,0.06188756972551346,0.06224845349788666,0.06177985295653343,0.0,0.0624568909406662,0.06197477504611015,645.0236206054688,0.06202435493469238,0.0,-0.003090489126589091,0.06199457123875618,0.8250792026519775,1e-05,0.1,0.002544369,0.13115081787109376,0.2,1040,0.0,0.42694634199142456,0.1524546021973947,34.06925165057182,128
957.78,-1.0,0.09230769230769231,0.062270261347293854,4350,0.06274834275245667,0.062017038464546204,0.9076923076923077,0.061826664954423904,0.06264642626047134,0.06320901215076447,0.06204560771584511,0.061919450759887695,0.061980582773685455,0.061893220990896225,0.06248995661735535,0.06199532002210617,3193,0.06178714334964752,130,0.06160511076450348,0.06243164464831352,106,0.062113840132951736,0.06223126873373985,0.9076923076923077,1.3729538461538473,0.06320901215076447,0.06188613921403885,0.061532653868198395,0.061532653868198395,13893632,0.06206274405121803,0.062431760132312775,0.06187067925930023,0.0,0.06272660940885544,0.062121570110321045,650.7662353515625,0.06212881579995155,0.0,-0.0032273984613311766,0.062158867716789246,0.8495503664016724,1e-05,0.1,0.0025562665,0.13333206176757811,0.2,1050,0.0,0.47933027148246765,0.14399859790864866,34.00878442823887,118
964.73,-1.0,0.07913669064748201,0.062382910400629044,4349,0.06286166608333588,0.062086254358291626,0.920863309352518,0.061965927481651306,0.06285019218921661,0.06341154128313065,0.06209259107708931,0.06199977919459343,0.062125153839588165,0.06195161119103432,0.06267805397510529,0.06217998266220093,3224,0.06191406399011612,139,0.06174798682332039,0.06261375546455383,107,0.062271859496831894,0.06242626905441284,0.920863309352518,1.3632230215827348,0.06341154128313065,0.06204025447368622,0.06168519705533981,0.06168519705533981,14024704,0.06218904256820679,0.06254200637340546,0.062030330300331116,0.0,0.06292331963777542,0.06220712140202522,655.8392944335938,0.06229516491293907,0.0,-0.003460106566126342,0.06229887902736664,0.7967731356620789,1e-05,0.1,0.0025099306,0.12868499755859375,0.2,1060,0.0,0.548795759677887,0.1566470095422119,33.94829019606114,128
961.36,-1.0,0.0916030534351145,0.0624750591814518,4349,0.06296756863594055,0.062194351106882095,0.9083969465648855,0.062117572873830795,0.06294098496437073,0.06350456178188324,0.06227180361747742,0.06213267892599106,0.062303315848112106,0.06209342181682587,0.06284628808498383,0.06227554380893707,3254,0.06197897344827652,131,0.061907507479190826,0.062823086977005,108,0.062365543097257614,0.06259328126907349,0.9083969465648855,1.3870381679389323,0.06350456178188324,0.0622166283428669,0.061769142746925354,0.061769142746925354,14155776,0.06224067509174347,0.06272481381893158,0.062227651476860046,0.0,0.06315551698207855,0.06234609708189964,653.8876342773438,0.06232884153723717,0.0,-0.003265832640499866,0.06243203580379486,0.8248546123504639,1e-05,0.1,0.002530584,0.12971878051757812,0.2,1070,0.0,0.42575180530548096,0.12335157829802483,33.8936580568552,119
969.71,-1.0,0.07857142857142857,0.06270400434732437,4348,0.06312595307826996,0.06239280477166176,0.9214285714285714,0.06223068758845329,0.06306325644254684,0.06365067511796951,0.0625036358833313,0.06230585649609566,0.06246871501207352,0.062227800488471985,0.06297990679740906,0.06244869902729988,3285,0.06212630867958069,140,0.061980951577425,0.06295312941074371,109,0.06247745826840401,0.06267548352479935,0.9214285714285714,1.387000000000001,0.06365067511796951,0.06239936128258705,0.061853982508182526,0.061853982508182526,14286848,0.06235702708363533,0.06289789080619812,0.06235409528017044,0.0,0.06327580660581589,0.06254063546657562,661.4085083007812,0.062453120946884155,0.0,-0.0031659666947234655,0.06257789582014084,0.7897500991821289,1e-05,0.1,0.0024749124,0.12507400512695313,0.2,1080,0.0,0.42670032382011414,0.12829702474118676,33.837990555167195,129
943.01,-1.0,0.10526315789473684,0.06278485804796219,4348,0.06333845108747482,0.06256096065044403,0.8947368421052632,0.06232478469610214,0.06320462375879288,0.06381687521934509,0.0625661239027977,0.062453869730234146,0.06260864436626434,0.062322452664375305,0.0631658285856247,0.06250545382499695,3315,0.06226811930537224,133,0.062072061002254486,0.06312689930200577,110,0.06258609890937805,0.06277879327535629,0.8947368421052632,1.4101052631578959,0.06381687521934509,0.0624799020588398,0.061928410083055496,0.061928410083055496,14417920,0.06261257082223892,0.0629534125328064,0.06243068724870682,0.0,0.06339634954929352,0.06273606419563293,640.8877563476562,0.06264171004295349,0.0,-0.0032628398763336008,0.06270656734704971,0.8236059546470642,1e-05,0.1,0.0023944997,0.12435989379882813,0.2,1090,0.0,0.4234955906867981,0.12461345736519433,33.782727628946304,119
975.11,-1.0,0.07407407407407407,0.0629764124751091,4347,0.06350654363632202,0.06279534846544266,0.9259259259259259,0.06244133040308952,0.06333056092262268,0.06398551166057587,0.0627712532877922,0.06258487701416016,0.06284410506486893,0.062457386404275894,0.06331562995910645,0.06266883760690689,3346,0.06233701482415199,135,0.06223711743950844,0.06326227635145187,111,0.06272567063570023,0.0629812628030777,0.9259259259259259,1.3896888888888899,0.06398551166057587,0.06263985484838486,0.062032755464315414,0.062032755464315414,14548992,0.06273297965526581,0.06311432272195816,0.06258666515350342,0.0,0.06355614960193634,0.0628773495554924,664.4612426757812,0.06282053887844086,0.0,-0.0033254304189540562,0.06286327540874481,0.7956609725952148,1e-05,0.1,0.00264387,0.135089111328125,0.2,1100,0.0,0.43440771102905273,0.15621116290567444,33.72607260644436,125
946.81,-1.0,0.1056338028169014,0.06305798143148422,4347,0.06364019960165024,0.06293511390686035,0.8943661971830986,0.06257490813732147,0.06348749995231628,0.06418278068304062,0.06292164325714111,0.06278057396411896,0.06309918314218521,0.06262466311454773,0.06346771866083145,0.06279374659061432,3376,0.06249767169356346,142,0.062454212456941605,0.06344103068113327,112,0.06283499300479889,0.06305988878011703,0.8943661971830986,1.40649295774648,0.06418278068304062,0.06276529282331467,0.062090031802654266,0.062090031802654266,14680064,0.0627724751830101,0.06326188147068024,0.06269693374633789,0.0,0.0637172982096672,0.06304677575826645,645.47900390625,0.06293021142482758,0.0,-0.0030485753173707052,0.06300538778305054,0.7885751724243164,1e-05,0.1,0.0024030157,0.12236557006835938,0.2,1110,0.0,0.4282000660896301,0.11863402217277326,33.66647028028965,127
938.44,-1.0,0.1259259259259259,0.06318726390600204,4347,0.0638865977525711,0.06311725080013275,0.8740740740740741,0.06276586651802063,0.0636681541800499,0.06432149559259415,0.06310991197824478,0.06292575597763062,0.06329002976417542,0.06282416731119156,0.06357625871896744,0.06295197457075119,3407,0.06262700259685516,135,0.062655970454216,0.06362698972225189,113,0.0629391223192215,0.06320768594741821,0.8740740740740741,1.3882222222222234,0.06432149559259415,0.06290175765752792,0.06218329071998596,0.06218329071998596,14811136,0.06288640201091766,0.06342870742082596,0.062848761677742,0.0,0.06389935314655304,0.06328867375850677,634.0101318359375,0.06309922784566879,0.0,-0.003129588473257172,0.06316870450973511,0.7978714108467102,1e-05,0.1,0.0025116731,0.13359756469726564,0.2,1120,0.0,0.45834726095199585,0.15612501827417874,33.60576954185963,118
972.45,-1.0,0.08029197080291971,0.06335892528295517,4346,0.06404853612184525,0.06323384493589401,0.9197080291970803,0.06283815950155258,0.06382250785827637,0.0643787533044815,0.06327707320451736,0.06306331604719162,0.06338979303836823,0.0628676638007164,0.06375061720609665,0.06314685940742493,3437,0.06275951862335205,137,0.06280267238616943,0.06383206695318222,114,0.06309308856725693,0.06337390840053558,0.9197080291970803,1.3885109489051104,0.0643787533044815,0.0630418211221695,0.06228119879961014,0.06228119879961014,14942208,0.06299013644456863,0.06356746703386307,0.06298979371786118,0.0,0.06403938680887222,0.06335035711526871,662.3394775390625,0.0632796511054039,0.0,-0.0034964289804520375,0.06330308318138123,0.808181881904602,1e-05,0.1,0.0025636118,0.13338088989257812,0.2,1130,0.0,0.6032136678695679,0.19171115658828058,33.54773649871349,126
969.58,-1.0,0.06666666666666667,0.06353213638067245,4346,0.06424441933631897,0.06337786465883255,0.9333333333333333,0.06297773122787476,0.06391303241252899,0.06455063074827194,0.06338009238243103,0.06321018189191818,0.0635225772857666,0.06304535269737244,0.06393182277679443,0.06330264359712601,3467,0.06290104985237122,135,0.062917560338974,0.06391791254281998,115,0.06331542879343033,0.06346230208873749,0.9333333333333333,1.3809925925925939,0.06455063074827194,0.06320091336965561,0.06246432289481163,0.06246432289481163,15073280,0.06316700577735901,0.06377819925546646,0.06313546746969223,0.0,0.06408946961164474,0.06355208903551102,659.795654296875,0.06338905543088913,0.0,-0.0034052864815748763,0.06345116347074509,0.8314056396484375,1e-05,0.1,0.0025210653,0.12589645385742188,0.2,1140,0.0,0.42899060249328613,0.10943707747501322,33.490969175100325,126
964.09,-1.0,0.05970149253731343,0.06366543471813202,4346,0.06442355364561081,0.06356066465377808,0.9402985074626866,0.0630381852388382,0.06401152908802032,0.06471681594848633,0.06355283409357071,0.06336189806461334,0.06371404230594635,0.06319136172533035,0.06407249718904495,0.06342250853776932,3498,0.06296464055776596,134,0.06306997686624527,0.06412211805582047,116,0.06350796669721603,0.06359304487705231,0.9402985074626866,1.3960298507462696,0.06471681594848633,0.06329532712697983,0.06260213255882263,0.06260213255882263,15204352,0.06331025063991547,0.06397996097803116,0.06326528638601303,0.0,0.06419282406568527,0.06371617317199707,654.2191772460938,0.06357133388519287,0.0,-0.003304738710357924,0.06359689682722092,0.8009187579154968,1e-05,0.1,0.0024428703,0.126702880859375,0.2,1150,0.0,0.40397125482559204,0.09735353904106887,33.43380205631256,126
972.95,-1.0,0.05755395683453238,0.06386607140302658,4345,0.06455831974744797,0.06376757472753525,0.9424460431654677,0.06318419426679611,0.0642332062125206,0.06485030055046082,0.06365785002708435,0.06348764896392822,0.06383270770311356,0.06338819116353989,0.06419786810874939,0.06354589760303497,3528,0.0630943551659584,139,0.06318721920251846,0.06422551721334457,117,0.06362009793519974,0.06376508623361588,0.9424460431654677,1.3896690647482026,0.06485030055046082,0.06345024704933167,0.0628412589430809,0.0628412589430809,15335424,0.06342756003141403,0.06411128491163254,0.06334654986858368,0.0,0.0644417256116867,0.06384620070457458,662.3300170898438,0.0637647733092308,0.0,-0.003383184294852981,0.06374767422676086,0.7701259255409241,1e-05,0.1,0.0025214744,0.1274566650390625,0.2,1160,0.0,0.4477536082267761,0.1139546094374964,33.374417713284494,131
936.37,-1.0,0.10606060606060606,0.0640076994895935,4345,0.06470756232738495,0.06384926289319992,0.8939393939393939,0.06327084451913834,0.06432826817035675,0.06498602777719498,0.06379476189613342,0.06370554119348526,0.06392431259155273,0.06348449736833572,0.06420841813087463,0.06369058042764664,3558,0.063258096575737,132,0.06330032646656036,0.06432613730430603,118,0.06373827904462814,0.06386914849281311,0.8939393939393939,1.4114242424242431,0.06498602777719498,0.06362000852823257,0.06294048577547073,0.06294048577547073,15466496,0.06351543217897415,0.06422027945518494,0.06342551112174988,0.0,0.06453453004360199,0.06396599113941193,638.802978515625,0.06392136961221695,0.0,-0.003022812872131908,0.06386373192071915,0.7837231755256653,1e-05,0.1,0.0024343757,0.12546844482421876,0.2,1170,0.0,0.42416030168533325,0.11678807175776455,33.323144155740735,118
965.57,-1.0,0.09523809523809523,0.06416793912649155,4345,0.06490598618984222,0.06403385102748871,0.9047619047619048,0.06342014670372009,0.06448591500520706,0.06520666927099228,0.06398485600948334,0.06384853273630142,0.0641169548034668,0.0636175349354744,0.06432601809501648,0.06392915546894073,3589,0.06332504749298096,147,0.06351789087057114,0.06459308415651321,119,0.06388051062822342,0.06402421742677689,0.9047619047619048,1.4074965986394568,0.06520666927099228,0.06372594088315964,0.06311317533254623,0.06311317533254623,15597568,0.06365444511175156,0.06431799381971359,0.0635719895362854,0.0,0.06472410261631012,0.06418053060770035,657.09765625,0.06407642364501953,0.0,-0.0036225487830961354,0.06402996182441711,0.8319695591926575,1e-05,0.1,0.0024876692,0.13218841552734376,0.2,1180,0.0,0.5199876427650452,0.1507505775662139,33.267453560233115,133
943.15,-1.0,0.12213740458015267,0.0642692819237709,4344,0.06509040296077728,0.06422962248325348,0.8778625954198473,0.063609279692173,0.06470761448144913,0.0653650313615799,0.06415499746799469,0.0640178918838501,0.06424278020858765,0.06384801864624023,0.06449010223150253,0.06412487477064133,3619,0.06340773403644562,131,0.06362044811248779,0.06473078578710556,120,0.06393498182296753,0.06419175863265991,0.8778625954198473,1.401496183206108,0.0653650313615799,0.06390081346035004,0.06323879212141037,0.06323879212141037,15728640,0.06385209411382675,0.06445015966892242,0.06370318681001663,0.0,0.06492812186479568,0.06435711681842804,639.4788208007812,0.06426136195659637,0.0,-0.003145644270352932,0.06418909132480621,0.7885481119155884,1e-05,0.1,0.0025052284,0.1249542236328125,0.2,1190,0.0,0.4926799535751343,0.13739503810356837,33.20416611731052,115
955.55,-1.0,0.08904109589041095,0.06440585106611252,4344,0.06527061015367508,0.0643586590886116,0.910958904109589,0.06367970257997513,0.06483527272939682,0.06555302441120148,0.06430631130933762,0.0641896203160286,0.06440789252519608,0.06409189105033875,0.06462355703115463,0.06431910395622253,3650,0.06352182477712631,146,0.06378794461488724,0.06492770463228226,121,0.06403980404138565,0.06429996341466904,0.910958904109589,1.3992054794520559,0.06555302441120148,0.06406324356794357,0.0633152648806572,0.0633152648806572,15859712,0.06409663707017899,0.06460341066122055,0.06382844597101212,0.0,0.06511735916137695,0.06448550522327423,650.4343872070312,0.06445210427045822,0.0,-0.0035650260570037062,0.06434322893619537,0.8441367745399475,1e-05,0.1,0.0024815416,0.1271087646484375,0.2,1200,0.0,0.3957701623439789,0.14271328843024095,33.14345073401928,133
961.23,-1.0,0.07142857142857142,0.0646267756819725,4343,0.0654032975435257,0.06455165892839432,0.9285714285714286,0.06389725208282471,0.06500022113323212,0.0657474547624588,0.06436280161142349,0.06434344500303268,0.06446230411529541,0.06428325921297073,0.06475386023521423,0.06443239003419876,3681,0.06371936202049255,126,0.06395701318979263,0.06509997695684433,122,0.06419326364994049,0.06442618370056152,0.9285714285714286,1.381698412698414,0.0657474547624588,0.06420240551233292,0.06349150836467743,0.06349150836467743,15990784,0.06425595283508301,0.06478437781333923,0.06399845331907272,0.0,0.06519970297813416,0.06460346281528473,655.498779296875,0.06458105891942978,0.0,-0.0034300088898817195,0.06449509412050247,0.8116248846054077,1e-05,0.1,0.0025900523,0.13164215087890624,0.2,1210,0.0,0.44923609495162964,0.13727852163428905,33.08375332057476,117
969.1,-1.0,0.05673758865248227,0.06476187705993652,4343,0.06549100577831268,0.0646946132183075,0.9432624113475178,0.06401251256465912,0.06507645547389984,0.06571418792009354,0.06449732929468155,0.06448432058095932,0.06458361446857452,0.06449946016073227,0.0649484321475029,0.06455119699239731,3712,0.06385596096515656,141,0.06411214917898178,0.06531304121017456,123,0.06432068347930908,0.06453331559896469,0.9432624113475178,1.3849645390070933,0.06571418792009354,0.06432152539491653,0.06366443634033203,0.06366443634033203,16121856,0.06432659924030304,0.0649259090423584,0.06406550109386444,0.0,0.06535405665636063,0.06475228816270828,658.63623046875,0.06472410261631012,0.0,-0.003209616833828477,0.0646233856678009,0.7703089714050293,1e-05,0.1,0.0025561324,0.13282089233398436,0.2,1220,0.0,0.4281246066093445,0.12259558928781189,33.029662895202634,133
966.01,-1.0,0.06870229007633588,0.06495438516139984,4342,0.06569481641054153,0.06479852646589279,0.9312977099236641,0.06414655596017838,0.06520475447177887,0.06590664386749268,0.06462880969047546,0.06459364295005798,0.0647478774189949,0.06455626338720322,0.06504392623901367,0.06468948721885681,3742,0.06405502557754517,131,0.06417535990476608,0.06540287286043167,124,0.06453794986009598,0.06467346847057343,0.9312977099236641,1.3927786259541994,0.06590664386749268,0.06440272927284241,0.06382547318935394,0.06382547318935394,16252928,0.06446198374032974,0.0650220662355423,0.0642223060131073,0.0,0.06552011519670486,0.06494705379009247,657.1109619140625,0.06482354551553726,0.0,-0.0031482559320465953,0.06476143002510071,0.7915605306625366,1e-05,0.1,0.002387486,0.12197952270507813,0.2,1230,0.0,0.4046376645565033,0.0941288577450905,32.978045320510866,122
974.4,-1.0,0.08571428571428572,0.06497468799352646,4342,0.06585022807121277,0.06498744338750839,0.9142857142857143,0.06430260092020035,0.06537730246782303,0.06599240005016327,0.06485503911972046,0.06464064866304398,0.06488889455795288,0.06471583247184753,0.0651591420173645,0.06485097110271454,3772,0.06415929645299911,140,0.06435603648424149,0.0655447244644165,125,0.06465815007686615,0.06488202512264252,0.9142857142857143,1.4171714285714294,0.06599240005016327,0.06453405320644379,0.06396591663360596,0.06396591663360596,16384000,0.06464619189500809,0.06516169011592865,0.06435287743806839,0.0,0.06567640602588654,0.06510427594184875,660.7597045898438,0.06500960141420364,0.0,-0.003194921690828778,0.06490585207939148,0.7778763175010681,1e-05,0.1,0.0024813572,0.12894363403320314,0.2,1240,0.0,0.41102299094200134,0.11384246594388969,32.92394497692585,128
992.57,-1.0,0.05511811023622047,0.06510957330465317,4342,0.06597308814525604,0.06517469137907028,0.9448818897637795,0.06442045420408249,0.0655498281121254,0.0660824403166771,0.0649915412068367,0.06486935913562775,0.06502047926187515,0.06483060866594315,0.06520789116621017,0.06502469629049301,3803,0.06430574506521225,127,0.06452259421348572,0.06575649976730347,126,0.06480039656162262,0.06511910259723663,0.9448818897637795,1.395543307086615,0.0660824403166771,0.064698725938797,0.06412935256958008,0.06412935256958008,16515072,0.06484805047512054,0.06530852615833282,0.06445858627557755,0.0,0.06582705676555634,0.06527471542358398,676.120849609375,0.06522981822490692,0.0,-0.0030113081349554703,0.06506135314702988,0.7975583076477051,1e-05,0.1,0.0025109802,0.13018035888671875,0.2,1250,0.0,0.4146346151828766,0.13578848310571628,32.865603536367416,120
953.28,-1.0,0.08450704225352113,0.06522804498672485,4341,0.06615306437015533,0.06538650393486023,0.9154929577464789,0.06451325863599777,0.06569135934114456,0.06626150757074356,0.06515297293663025,0.06507840752601624,0.06508786976337433,0.06495971232652664,0.06527580320835114,0.06518418341875076,3834,0.06446768343448639,142,0.06459052860736847,0.06584186106920242,127,0.06493280082941055,0.06520438194274902,0.9154929577464789,1.3704225352112687,0.06626150757074356,0.06493821740150452,0.06428840756416321,0.06428840756416321,16646144,0.06503668427467346,0.06546352803707123,0.06461983174085617,0.0,0.06597261130809784,0.065498486161232,646.077392578125,0.06533939391374588,0.0,-0.0035557551223064365,0.06520667672157288,0.7678757905960083,1e-05,0.1,0.0023925067,0.12044830322265625,0.2,1260,0.0,0.43560928106307983,0.11311836771201342,32.80827444195747,130
984.11,-1.0,0.08695652173913043,0.0654166042804718,4340,0.06637146323919296,0.06551504135131836,0.9130434782608695,0.06470470875501633,0.0657636821269989,0.06647444516420364,0.06528710573911667,0.06521198153495789,0.06517068296670914,0.06512121111154556,0.06546498090028763,0.06536920368671417,3864,0.06462136656045914,138,0.06480494141578674,0.0660233125090599,128,0.06503601372241974,0.06533654779195786,0.9130434782608695,1.3893768115942036,0.06647444516420364,0.06510373204946518,0.06443483382463455,0.06443483382463455,16777216,0.0652039647102356,0.06561712920665741,0.06478796154260635,0.0,0.0660853385925293,0.06567566841840744,671.2615356445312,0.06556572765111923,0.0,-0.003716853701189393,0.0653667077422142,0.8080008625984192,1e-05,0.1,0.002449336,0.12551422119140626,0.2,1270,0.0,0.4107852578163147,0.13365467085968702,32.74955538213253,126
952.75,-1.0,0.10526315789473684,0.06546778976917267,4340,0.0665362998843193,0.0656411200761795,0.8947368421052632,0.06482832133769989,0.06590735167264938,0.066591776907444,0.06538940221071243,0.06540422141551971,0.06537920981645584,0.06526500731706619,0.06559585779905319,0.06542322784662247,3895,0.0648173913359642,133,0.06495269387960434,0.06617734581232071,129,0.06520453095436096,0.06548566371202469,0.8947368421052632,1.395969924812031,0.066591776907444,0.065294548869133,0.06449587643146515,0.06449587643146515,16908288,0.06534533202648163,0.06567142903804779,0.06496579945087433,0.0,0.06625796854496002,0.06582264602184296,651.5099487304688,0.06578131020069122,0.0,-0.003368842725376453,0.06550808250904083,0.8145605325698853,1e-05,0.1,0.0023292413,0.12125778198242188,0.2,1280,0.0,0.40303200483322144,0.11585127296857536,32.69180206656456,119
970.78,-1.0,0.05185185185185185,0.06568919867277145,4340,0.06672006845474243,0.06581858545541763,0.9481481481481482,0.06498590856790543,0.06605789810419083,0.06669241935014725,0.06552213430404663,0.06560833007097244,0.06558633595705032,0.06538533419370651,0.06574589014053345,0.06555148959159851,3926,0.06500072032213211,135,0.0651124119758606,0.06624116003513336,130,0.06537222862243652,0.06565184146165848,0.9481481481481482,1.387925925925927,0.06672006845474243,0.06538890302181244,0.06462707370519638,0.06462707370519638,17039360,0.06558052450418472,0.06586889177560806,0.06511145085096359,0.0,0.06639974564313889,0.06602919846773148,661.1505737304688,0.06596238911151886,0.0,-0.003509033545560669,0.06566840410232544,0.833456814289093,1e-05,0.1,0.0025272737,0.13233489990234376,0.2,1290,0.0,0.46765732765197754,0.13415455498034135,32.63409213423729,128
972.98,-1.0,0.08695652173913043,0.06580044329166412,4339,0.06684064865112305,0.06586252152919769,0.9130434782608695,0.06513604521751404,0.0661543607711792,0.0667477622628212,0.06562189012765884,0.0657135546207428,0.06572943180799484,0.06556274741888046,0.06594468653202057,0.0657450258731842,3956,0.06516195088624954,138,0.06528642028570175,0.06643426418304443,131,0.06551346182823181,0.06589288264513016,0.9130434782608695,1.4045942028985519,0.06684064865112305,0.06552434712648392,0.06477563828229904,0.06477563828229904,17170432,0.06580661237239838,0.06610420346260071,0.06530080735683441,0.0,0.06646355986595154,0.06609567999839783,663.8746948242188,0.0660930797457695,0.0,-0.0031614512479791303,0.06581248342990875,0.7764479517936707,1e-05,0.1,0.0024631736,0.12392196655273438,0.2,1300,0.0,0.4010276198387146,0.10857681623310782,32.57606963217258,126
957.45,-1.0,0.11678832116788321,0.06591836363077164,4339,0.06701093167066574,0.06600083410739899,0.8832116788321168,0.06525019556283951,0.06633599102497101,0.06692908704280853,0.0657663643360138,0.06590653210878372,0.065957210958004,0.06576128304004669,0.06614896655082703,0.0658150240778923,3987,0.06525199860334396,137,0.06544038653373718,0.06658493727445602,132,0.06564246863126755,0.06611248105764389,0.8832116788321168,1.3828175182481761,0.06701093167066574,0.06566967070102692,0.06488097459077835,0.06488097459077835,17301504,0.06597910821437836,0.06625231355428696,0.0654204785823822,0.0,0.0666283592581749,0.06618387252092361,652.1156616210938,0.06636779010295868,0.0,-0.0034395836376461377,0.06596862524747849,0.8250474333763123,1e-05,0.1,0.0023427815,0.11926956176757812,0.2,1310,0.0,0.38784873485565186,0.106045698307571,32.51923606097698,121
963.08,-1.0,0.0962962962962963,0.0660879909992218,4339,0.06721626222133636,0.06612391024827957,0.9037037037037037,0.06544286757707596,0.0664442926645279,0.06702857464551926,0.06592679023742676,0.06608270853757858,0.06621234863996506,0.06588997691869736,0.06634080410003662,0.06592567265033722,4017,0.06539105623960495,135,0.06560453772544861,0.06675641238689423,133,0.06573187559843063,0.0663013681769371,0.9037037037037037,1.4006666666666678,0.06721626222133636,0.06588994711637497,0.06508413702249527,0.06508413702249527,17432576,0.06608570367097855,0.06640729308128357,0.06549570709466934,0.0,0.06677301973104477,0.06637995690107346,656.4205322265625,0.06655118614435196,0.0,-0.0036715714720230606,0.06612697243690491,0.785150408744812,1e-05,0.1,0.0026812206,0.14227066040039063,0.2,1320,0.0,0.6402158141136169,0.17183674726984463,32.45989737808704,122
970.92,-1.0,0.07462686567164178,0.06618265807628632,4338,0.06738528609275818,0.06625591218471527,0.9253731343283582,0.06562637537717819,0.06656789034605026,0.06719520688056946,0.06610144674777985,0.06619276106357574,0.06644370406866074,0.06598912924528122,0.06646249443292618,0.06605710089206696,4047,0.06555145978927612,134,0.06574533879756927,0.06689909845590591,134,0.06578011810779572,0.06645370274782181,0.9253731343283582,1.393358208955225,0.06738528609275818,0.06604798138141632,0.06525824218988419,0.06525824218988419,17563648,0.06619059294462204,0.06655184924602509,0.06563379615545273,0.0,0.06699956208467484,0.06652979552745819,662.7354736328125,0.06672363728284836,0.0,-0.003116665670495422,0.06627300381660461,0.7813850045204163,1e-05,0.1,0.0025236933,0.12887420654296874,0.2,1330,0.0,0.5012351274490356,0.1589939904457424,32.4024374961853,124
978.8,-1.0,0.072992700729927,0.06627419590950012,4338,0.06752151995897293,0.06639979034662247,0.927007299270073,0.06575833261013031,0.06676211208105087,0.06733919680118561,0.06622887402772903,0.0662505105137825,0.06663823127746582,0.06614188104867935,0.06667549908161163,0.06616973876953125,4078,0.065688356757164,137,0.06593149155378342,0.0671212375164032,135,0.06583746522665024,0.0666140764951706,0.927007299270073,1.3874306569343076,0.06752151995897293,0.06610555946826935,0.06535591185092926,0.06535591185092926,17694720,0.06629042327404022,0.06666587293148041,0.06579709053039551,0.0,0.06707653403282166,0.06669658422470093,666.981201171875,0.06694437563419342,0.0,-0.003751604473291081,0.06641139090061188,0.8013877868652344,1e-05,0.1,0.0023977973,0.12148971557617187,0.2,1340,0.0,0.43159744143486023,0.14365489929041358,32.34918148815632,127
977.96,-1.0,0.07751937984496124,0.06639331579208374,4338,0.06774680316448212,0.06656704843044281,0.9224806201550387,0.06591058522462845,0.06695468723773956,0.06748750060796738,0.06635119020938873,0.06641554087400436,0.06679747253656387,0.06625574082136154,0.0668439194560051,0.06631788611412048,4108,0.06584824621677399,129,0.06608466058969498,0.06734181195497513,136,0.0659823790192604,0.06684743613004684,0.9224806201550387,1.3831162790697682,0.06774680316448212,0.06629319489002228,0.06553731858730316,0.06553731858730316,17825792,0.06645739823579788,0.06687257438898087,0.06591857224702835,0.0,0.06725262850522995,0.06679489463567734,666.4684448242188,0.0671032965183258,0.0,-0.0034210152391096925,0.06657504290342331,0.8346585035324097,1e-05,0.1,0.002442832,0.12049331665039062,0.2,1350,0.0,0.4837771952152252,0.10475062313489616,32.29134618341923,119
963.64,-1.0,0.08333333333333333,0.06654998660087585,4338,0.06786682456731796,0.0667245090007782,0.9166666666666666,0.0660507008433342,0.06706368178129196,0.06761638820171356,0.06652473658323288,0.06652940064668655,0.06685003638267517,0.06639988720417023,0.06707784533500671,0.06648146361112595,4139,0.06595344096422195,144,0.06629297137260437,0.06748881191015244,137,0.06606802344322205,0.0670873150229454,0.9166666666666666,1.3847083333333343,0.06786682456731796,0.06648077070713043,0.06571058183908463,0.06571058183908463,17956864,0.06664618104696274,0.06701574474573135,0.06607752293348312,0.0,0.06741541624069214,0.06693451851606369,653.1906127929688,0.06721669435501099,0.0,-0.003351796541028307,0.06672494113445282,0.803928792476654,1e-05,0.1,0.002435207,0.12420578002929687,0.2,1360,0.0,0.4325016140937805,0.10082076357793994,32.23278791606426,132
976.58,-1.0,0.046511627906976744,0.0666998103260994,4338,0.0680360421538353,0.06691935658454895,0.9534883720930233,0.06625106185674667,0.06720038503408432,0.06776773184537888,0.06662735342979431,0.06665368378162384,0.06696248054504395,0.06660430878400803,0.06729797273874283,0.06655013561248779,4169,0.06607193499803543,129,0.06641274690628052,0.06773826479911804,138,0.06626106798648834,0.06720161437988281,0.9534883720930233,1.3914883720930242,0.0680360421538353,0.06657282263040543,0.06600859016180038,0.06600859016180038,18087936,0.06685097515583038,0.06710414588451385,0.06621642410755157,0.0,0.06755130738019943,0.06707445532083511,666.85400390625,0.06738153100013733,0.0,-0.0034590687269883346,0.06688065081834793,0.7959065437316895,1e-05,0.1,0.0024014586,0.12831802368164064,0.2,1370,0.0,0.41139644384384155,0.14026274724456017,32.17559037804604,123
985.77,-1.0,0.0364963503649635,0.06688737124204636,4337,0.0681663453578949,0.06710921972990036,0.9635036496350365,0.06635834276676178,0.06733031570911407,0.06793851405382156,0.06682917475700378,0.06679698079824448,0.06702756881713867,0.06672560423612595,0.06748808175325394,0.06670372188091278,4199,0.0661950632929802,137,0.06658433377742767,0.06793909519910812,139,0.06639470905065536,0.06737619638442993,0.9635036496350365,1.4063795620437967,0.0681663453578949,0.06671388447284698,0.06612255424261093,0.06612255424261093,18219008,0.06704395264387131,0.06724107265472412,0.06634265184402466,0.0,0.06772765517234802,0.06723088026046753,674.405517578125,0.0674811452627182,0.0,-0.0029121295738150366,0.06703018397092819,0.7742791771888733,1e-05,0.1,0.0023320108,0.12291183471679687,0.2,1380,0.0,0.3892694115638733,0.08218237612454686,32.118015247583386,132
974.9,-1.0,0.1044776119402985,0.06698408722877502,4337,0.06834505498409271,0.06721310317516327,0.8955223880597015,0.06659236550331116,0.06747051328420639,0.06809637695550919,0.06694729626178741,0.066926009953022,0.06716720014810562,0.0668438971042633,0.06751720607280731,0.06687022000551224,4230,0.06640300154685974,134,0.06672061234712601,0.0681142583489418,140,0.06659360229969025,0.06746778637170792,0.8955223880597015,1.3892537313432847,0.06834505498409271,0.06682676821947098,0.06629515439271927,0.06629515439271927,18350080,0.06717701256275177,0.06739673763513565,0.06649630516767502,0.0,0.06774385273456573,0.06742078810930252,664.2994384765625,0.06762854754924774,0.0,-0.0028763754423380304,0.06717031449079514,0.7625612616539001,1e-05,0.1,0.002415068,0.12146530151367188,0.2,1390,0.0,0.40861862897872925,0.08809182492550463,32.064690458774564,120
963.73,-1.0,0.08088235294117647,0.06713536381721497,4338,0.06846082955598831,0.06736206263303757,0.9191176470588235,0.06670162081718445,0.06765718758106232,0.06830211728811264,0.06709647923707962,0.06711886823177338,0.06725969165563583,0.06698430329561234,0.06766140460968018,0.06697922945022583,4259,0.0665760338306427,136,0.06690989434719086,0.06828378140926361,141,0.06675618886947632,0.06760168820619583,0.9191176470588235,1.3623088235294127,0.06846082955598831,0.06694838404655457,0.06637419760227203,0.06637419760227203,18481152,0.06740231812000275,0.06754989176988602,0.06663481891155243,0.0,0.06789463013410568,0.06759811192750931,654.2643432617188,0.06775739043951035,0.0,-0.0034507207677052067,0.06732025742530823,0.8448992371559143,1e-05,0.1,0.0024765995,0.1289794921875,0.2,1400,0.0,0.451058030128479,0.13205111981078516,32.01097343564034,125
960.73,-1.0,0.08208955223880597,0.06728576868772507,4338,0.06865211576223373,0.06749995052814484,0.917910447761194,0.06680145859718323,0.0678626224398613,0.06842220574617386,0.06727764010429382,0.06726233661174774,0.067439965903759,0.06721458584070206,0.06782317161560059,0.06716011464595795,4289,0.0667819157242775,134,0.06708501279354095,0.06853320449590683,142,0.06681110709905624,0.06779102981090546,0.917910447761194,1.368820895522389,0.06865211576223373,0.06714656949043274,0.06653869897127151,0.06653869897127151,18612224,0.06750111281871796,0.06772865355014801,0.06681786477565765,0.0,0.06806394457817078,0.06767088174819946,653.239501953125,0.06786355376243591,0.0,-0.003626302952397964,0.06748142093420029,0.8102768659591675,1e-05,0.1,0.0024418263,0.1226287841796875,0.2,1410,0.0,0.40406233072280884,0.12733935473079327,31.952412024140358,123
954.86,-1.0,0.08633093525179857,0.06740379333496094,4339,0.0688210129737854,0.06769073009490967,0.9136690647482014,0.06698034703731537,0.06803783029317856,0.06867339462041855,0.06744253635406494,0.06743822991847992,0.06771575659513474,0.06732981652021408,0.0679912269115448,0.06731384992599487,4318,0.06690823286771774,139,0.0672961175441742,0.06866688281297684,143,0.06694145500659943,0.06797347217798233,0.9136690647482014,1.4023021582733823,0.0688210129737854,0.06725088506937027,0.0666504055261612,0.0666504055261612,18743296,0.0677143782377243,0.06788360327482224,0.06703697890043259,0.0,0.06822537630796432,0.0678442046046257,650.1863403320312,0.0680401623249054,0.0,-0.0032540024827540036,0.06765082478523254,0.8344987630844116,1e-05,0.1,0.0023590894,0.12087860107421874,0.2,1420,0.0,0.362306147813797,0.0910037633846514,31.891018752753734,127
971.32,-1.0,0.0703125,0.06761115044355392,4340,0.06895572692155838,0.06794393807649612,0.9296875,0.06719229370355606,0.06813610345125198,0.068889319896698,0.06756846606731415,0.06762717664241791,0.06796258687973022,0.06750702112913132,0.06811139732599258,0.06746876984834671,4348,0.06707746535539627,128,0.06740305572748184,0.06880335509777069,144,0.06705416738986969,0.06809016317129135,0.9296875,1.3969218750000012,0.06895572692155838,0.06731469929218292,0.06675592064857483,0.06675592064857483,18874368,0.06782087683677673,0.06804193556308746,0.06722577661275864,0.0,0.06837290525436401,0.06807004660367966,661.61865234375,0.06818289309740067,0.0,-0.0033113275127107044,0.06780748814344406,0.7953412532806396,1e-05,0.1,0.002513081,0.12700119018554687,0.2,1430,0.0,0.4187297821044922,0.141252269706456,31.83187275379896,119
989.59,-1.0,0.05,0.0677669495344162,4341,0.0691620483994484,0.0681072399020195,0.95,0.06727346777915955,0.06836578249931335,0.06902661919593811,0.06773266941308975,0.06779196858406067,0.0681246668100357,0.06775718927383423,0.06818535923957825,0.06768229603767395,4377,0.06724032014608383,140,0.06757362186908722,0.06897497922182083,145,0.067217156291008,0.06820791214704514,0.95,1.392900000000001,0.0691620483994484,0.06753064692020416,0.06690628826618195,0.06690628826618195,19005440,0.06801920384168625,0.06822843849658966,0.06736002117395401,0.0,0.06857924163341522,0.06824593245983124,677.456298828125,0.06832520663738251,0.0,-0.0034029256690701003,0.06797540187835693,0.7932406067848206,1e-05,0.1,0.0024382302,0.1304931640625,0.2,1440,0.0,0.39522552490234375,0.11428473555424716,31.77141412049532,133
971.07,-1.0,0.07936507936507936,0.06784951686859131,4342,0.06931695342063904,0.0682126134634018,0.9206349206349206,0.06740370392799377,0.06856364011764526,0.06918425858020782,0.06793930381536484,0.06785831600427628,0.06827616691589355,0.06789149343967438,0.06828352063894272,0.067839615046978,4406,0.06732432544231415,126,0.06770285218954086,0.069099560379982,146,0.06726115942001343,0.06834346055984497,0.9206349206349206,1.3853809523809533,0.06931695342063904,0.06771428138017654,0.06705105304718018,0.06705105304718018,19136512,0.06823252141475677,0.06841112673282623,0.06743377447128296,0.0,0.06865905225276947,0.06833289563655853,659.78857421875,0.06850273907184601,0.0,-0.0032103644718517897,0.06810751557350159,0.815000057220459,1e-05,0.1,0.0022417908,0.11149826049804687,0.2,1450,0.0,0.415418803691864,0.06913622848369413,31.715841674804686,116
960.75,-1.0,0.07042253521126761,0.06800214946269989,4343,0.06950031220912933,0.06836485862731934,0.9295774647887324,0.0675431415438652,0.06870973855257034,0.06936177611351013,0.06814071536064148,0.06799911707639694,0.06838548183441162,0.06799058616161346,0.06840664148330688,0.0679653063416481,4436,0.0675017237663269,142,0.06785686314105988,0.06929967552423477,147,0.0674223080277443,0.06849750131368637,0.9295774647887324,1.3920140845070432,0.06950031220912933,0.06795184314250946,0.06722286343574524,0.06722286343574524,19267584,0.06834109872579575,0.06857248395681381,0.0675971582531929,0.0,0.06886257231235504,0.06857423484325409,656.8378295898438,0.06872062385082245,0.0,-0.0034102739493391708,0.06827162951231003,0.8154467344284058,1e-05,0.1,0.0024358816,0.1220001220703125,0.2,1460,0.0,0.4358038306236267,0.11726732838724274,31.66194482296705,132
988.46,-1.0,0.05185185185185185,0.0681772381067276,4344,0.06962788850069046,0.06855393201112747,0.9481481481481482,0.06778787821531296,0.06892536580562592,0.06948602944612503,0.06825056672096252,0.06813936680555344,0.06863828748464584,0.0681087002158165,0.06850339472293854,0.06815768778324127,4465,0.06762788444757462,135,0.06799498200416565,0.06951312720775604,148,0.06760990619659424,0.06867647171020508,0.9481481481481482,1.3854074074074085,0.06962788850069046,0.06813117861747742,0.06742877513170242,0.06742877513170242,19398656,0.06846021115779877,0.06868286430835724,0.06778868287801743,0.0,0.06907913833856583,0.0687408521771431,671.33056640625,0.06887045502662659,0.0,-0.0032252813523882653,0.06843843311071396,0.7877219915390015,1e-05,0.1,0.0023870333,0.12486648559570312,0.2,1470,0.0,0.39975547790527344,0.1251755358913215,31.601323822140692,128
964.54,-1.0,0.09558823529411764,0.06829626858234406,4345,0.06974979490041733,0.06879235059022903,0.9044117647058824,0.06793909519910812,0.0690782442688942,0.06977876275777817,0.06845079362392426,0.0683685690164566,0.06874345988035202,0.06826534122228622,0.0686948373913765,0.06840721517801285,4494,0.06777945905923843,136,0.06818612664937973,0.06962825357913971,149,0.06773537397384644,0.06883522868156433,0.9044117647058824,1.4006470588235305,0.06977876275777817,0.0682595744729042,0.06758825480937958,0.06758825480937958,19529728,0.06861989945173264,0.06887872517108917,0.06793959438800812,0.0,0.06924587488174438,0.0688847228884697,659.4978637695312,0.06908498704433441,0.0,-0.0033602945073653244,0.06860923022031784,0.7812943458557129,1e-05,0.1,0.0024331473,0.12586135864257814,0.2,1480,0.0,0.38255545496940613,0.10072765952500048,31.53901978880167,123
944.0,-1.0,0.08695652173913043,0.06852517277002335,4345,0.06993060559034348,0.06890691816806793,0.9130434782608695,0.0681707039475441,0.06919681280851364,0.06994333118200302,0.06857477128505707,0.06850135326385498,0.06880257278680801,0.06842796504497528,0.06893205642700195,0.06863459199666977,4524,0.06791514158248901,138,0.06828933209180832,0.06973439455032349,150,0.067955881357193,0.06901394575834274,0.9130434782608695,1.3865942028985516,0.06994333118200302,0.06835869699716568,0.06780606508255005,0.06780606508255005,19660800,0.06874490529298782,0.06903251260519028,0.06810019165277481,0.0,0.06945940852165222,0.06907953321933746,644.1900634765625,0.06920542567968369,0.0,-0.00374783768920679,0.06876969337463379,0.807786226272583,1e-05,0.1,0.0023573758,0.12238845825195313,0.2,1490,0.0,0.5520327091217041,0.12185847647197079,31.479922010004522,126
979.63,-1.0,0.04580152671755725,0.06873296946287155,4346,0.07009974122047424,0.06912969052791595,0.9541984732824428,0.0683002918958664,0.06937869638204575,0.07014235854148865,0.0688224583864212,0.06867087632417679,0.06903624534606934,0.06853561103343964,0.06900259852409363,0.06878236681222916,4553,0.0680655762553215,131,0.06842716783285141,0.06987778842449188,151,0.06815902888774872,0.06917738169431686,0.9541984732824428,1.3978625954198483,0.07014235854148865,0.06849630177021027,0.06803175061941147,0.06803175061941147,19791872,0.06888110935688019,0.06918205320835114,0.06827627867460251,0.0,0.06965752691030502,0.06926371157169342,669.52783203125,0.06938299536705017,0.0,-0.003390808483982255,0.06894050538539886,0.7977153062820435,1e-05,0.1,0.0024949308,0.12796173095703126,0.2,1500,0.0,0.49021047353744507,0.12758876500010957,31.419262839853765,125
970.99,-1.0,0.07042253521126761,0.06890780478715897,4347,0.07027727365493774,0.06920671463012695,0.9295774647887324,0.06849903613328934,0.06948621571063995,0.07033555954694748,0.06899618357419968,0.06877787411212921,0.06903504580259323,0.06884732097387314,0.06924447417259216,0.06888452172279358,4582,0.06809192895889282,142,0.06854433566331863,0.0700206309556961,152,0.0682402029633522,0.06938818842172623,0.9295774647887324,1.3793521126760575,0.07033555954694748,0.06862694770097733,0.06809192895889282,0.06820766627788544,19922944,0.06905073672533035,0.06923851370811462,0.06836089491844177,0.0,0.06980165839195251,0.06947986781597137,663.4662475585938,0.06953327357769012,0.0,-0.003287077698314533,0.0690833106637001,0.7871313095092773,1e-05,0.1,0.0023309742,0.11447677612304688,0.2,1510,0.0,0.43353620171546936,0.08257152819278417,31.361937187612057,132
957.67,-1.0,0.09375,0.06919066607952118,4348,0.07040167599916458,0.06939393281936646,0.90625,0.06867537647485733,0.0696524903178215,0.07056871801614761,0.06923051178455353,0.0688835009932518,0.0691419318318367,0.06902619451284409,0.06943752616643906,0.06908205151557922,4611,0.0683509036898613,128,0.0687246024608612,0.07022804766893387,153,0.06839289516210556,0.06954236328601837,0.90625,1.360734375000001,0.07056871801614761,0.06877367943525314,0.0683509036898613,0.0684000700712204,20054016,0.06932240724563599,0.06946413218975067,0.0684838518500328,0.0,0.06999300420284271,0.06970605254173279,654.8527221679688,0.06976652145385742,0.0,-0.0037229218750326255,0.06927333027124405,0.8288098573684692,1e-05,0.1,0.0023602704,0.12124252319335938,0.2,1520,0.0,0.4499036967754364,0.12009575183328706,31.301425549387933,116
