Gym has been unmaintained since 2022 and does not support NumPy 2.0 amongst other critical functionality.
Please upgrade to Gymnasium, the maintained drop-in replacement of Gym, or contact the authors of your software and request that they upgrade.
Users of this version of Gym should be able to simply replace 'import gym' with 'import gymnasium as gym' in the vast majority of cases.
See the migration guide at https://gymnasium.farama.org/introduction/migration_guide/ for additional information.
Logging to data/beta2/20260825_stage2
INFO:root:Experiment: quadruped_ppo_experiment
INFO:root:Using EnvPool for environment Humanoid-v4 with 256 envs. Seed: 0
[0;33m[WW] ModuleManager: CHANGING UPDATE PERIOD: ![0m
[0;33m[WW] ModuleManager: CHANGING UPDATE PERIOD: ![0m
[0;33m[WW] ModuleManager: CHANGING UPDATE PERIOD: ![0m
[0;33m[WW] ModuleManager: CHANGING UPDATE PERIOD: ![0m
[0;33m[WW] ModuleManager: CHANGING UPDATE PERIOD: ![0m
[0;33m[WW] ModuleManager: CHANGING UPDATE PERIOD: ![0m
[0;33m[WW] ModuleManager: CHANGING UPDATE PERIOD: ![0m
[0;33m[WW] ModuleManager: CHANGING UPDATE PERIOD: ![0m
[0;33m[WW] ModuleManager: CHANGING UPDATE PERIOD: ![0m
[0;33m[WW] ModuleManager: CHANGING UPDATE PERIOD: ![0m
[0;33m[WW] ModuleManager: CHANGING UPDATE PERIOD: ![0m
[0;33m[WW] ModuleManager: CHANGING UPDATE PERIOD: ![0m
[0;33m[WW] ModuleManager: CHANGING UPDATE PERIOD: ![0m
[0;33m[WW] ModuleManager: CHANGING UPDATE PERIOD: ![0m
[0;33m[WW] ModuleManager: CHANGING UPDATE PERIOD: ![0m
[0;33m[WW] ModuleManager: CHANGING UPDATE PERIOD: ![0m
[0;33m[WW] ModuleManager: CHANGING UPDATE PERIOD: ![0m
[0;33m[WW] ModuleManager: CHANGING UPDATE PERIOD: ![0m
[0;33m[WW] ModuleManager: CHANGING UPDATE PERIOD: ![0m
[0;33m[WW] ModuleManager: CHANGING UPDATE PERIOD: ![0m
[0;33m[WW] ModuleManager: CHANGING UPDATE PERIOD: ![0m
[0;33m[WW] ModuleManager: CHANGING UPDATE PERIOD: ![0m
[0;33m[WW] ModuleManager: CHANGING UPDATE PERIOD: ![0m
[0;33m[WW] ModuleManager: CHANGING UPDATE PERIOD: ![0m
[0;33m[WW] ModuleManager: CHANGING UPDATE PERIOD: ![0m
[0;33m[WW] ModuleManager: CHANGING UPDATE PERIOD: ![0m
[0;33m[WW] ModuleManager: CHANGING UPDATE PERIOD: ![0m
[0;33m[WW] ModuleManager: CHANGING UPDATE PERIOD: ![0m
[0;33m[WW] ModuleManager: CHANGING UPDATE PERIOD: ![0m
[0;33m[WW] ModuleManager: CHANGING UPDATE PERIOD: ![0m
[0;33m[WW] ModuleManager: CHANGING UPDATE PERIOD: ![0m
[0;33m[WW] ModuleManager: CHANGING UPDATE PERIOD: ![0m
[0;33m[WW] ModuleManager: CHANGING UPDATE PERIOD: ![0m
[0;33m[WW] ModuleManager: CHANGING UPDATE PERIOD: ![0m
[0;33m[WW] ModuleManager: CHANGING UPDATE PERIOD: ![0m
[0;33m[WW] ModuleManager: CHANGING UPDATE PERIOD: ![0m
[0;33m[WW] ModuleManager: CHANGING UPDATE PERIOD: ![0m
[0;33m[WW] ModuleManager: CHANGING UPDATE PERIOD: ![0m
[0;33m[WW] ModuleManager: CHANGING UPDATE PERIOD: ![0m
[0;33m[WW] ModuleManager: CHANGING UPDATE PERIOD: ![0m
[0;33m[WW] ModuleManager: CHANGING UPDATE PERIOD: ![0m
[0;33m[WW] ModuleManager: CHANGING UPDATE PERIOD: ![0m
[0;33m[WW] ModuleManager: CHANGING UPDATE PERIOD: ![0m
[0;33m[WW] ModuleManager: CHANGING UPDATE PERIOD: ![0m
[0;33m[WW] ModuleManager: CHANGING UPDATE PERIOD: ![0m
[0;33m[WW] ModuleManager: CHANGING UPDATE PERIOD: ![0m
[0;33m[WW] ModuleManager: CHANGING UPDATE PERIOD: ![0m
[0;33m[WW] ModuleManager: CHANGING UPDATE PERIOD: ![0m
[0;33m[WW] ModuleManager: CHANGING UPDATE PERIOD: ![0m
[0;33m[WW] ModuleManager: CHANGING UPDATE PERIOD: ![0m
[0;33m[WW] ModuleManager: CHANGING UPDATE PERIOD: ![0m
[0;33m[WW] ModuleManager: CHANGING UPDATE PERIOD: ![0m
[0;33m[WW] ModuleManager: CHANGING UPDATE PERIOD: ![0m
[0;33m[WW] ModuleManager: CHANGING UPDATE PERIOD: ![0m
[0;33m[WW] ModuleManager: CHANGING UPDATE PERIOD: ![0m
[0;33m[WW] ModuleManager: CHANGING UPDATE PERIOD: ![0m
[0;33m[WW] ModuleManager: CHANGING UPDATE PERIOD: ![0m
[0;33m[WW] ModuleManager: CHANGING UPDATE PERIOD: ![0m
[0;33m[WW] ModuleManager: CHANGING UPDATE PERIOD: ![0m
[0;33m[WW] ModuleManager: CHANGING UPDATE PERIOD: ![0m
[0;33m[WW] ModuleManager: CHANGING UPDATE PERIOD: ![0m
[0;33m[WW] ModuleManager: CHANGING UPDATE PERIOD: ![0m
[0;33m[WW] ModuleManager: CHANGING UPDATE PERIOD: ![0m
[0;33m[WW] ModuleManager: CHANGING UPDATE PERIOD: ![0m
[0;33m[WW] ModuleManager: CHANGING UPDATE PERIOD: ![0m
[0;33m[WW] ModuleManager: CHANGING UPDATE PERIOD: ![0m
[0;33m[WW] ModuleManager: CHANGING UPDATE PERIOD: ![0m
[0;33m[WW] ModuleManager: CHANGING UPDATE PERIOD: ![0m
[0;33m[WW] ModuleManager: CHANGING UPDATE PERIOD: ![0m
[0;33m[WW] ModuleManager: CHANGING UPDATE PERIOD: ![0m
[0;33m[WW] ModuleManager: CHANGING UPDATE PERIOD: ![0m
[0;33m[WW] ModuleManager: CHANGING UPDATE PERIOD: ![0m
[0;33m[WW] ModuleManager: CHANGING UPDATE PERIOD: ![0m
[0;33m[WW] ModuleManager: CHANGING UPDATE PERIOD: ![0m
initHardware(SIM): Initializing hardware components...
initHardware(SIM): Initializing hardware components...
initHardware(SIM): Initializing hardware components...
initHardware(SIM): Initializing hardware components...
initHardware(SIM): Initializing hardware components...
initHardware(SIM): Initializing hardware components...
initHardware(SIM): Initializing hardware components...
initHardware(SIM): Initializing hardware components...
initHardware(SIM): Initializing hardware components...
initHardware(SIM): Initializing hardware components...
initHardware(SIM): Initializing hardware components...
initHardware(SIM): Initializing hardware components...
initHardware(SIM): Initializing hardware components...
initHardware(SIM): Initializing hardware components...
initHardware(SIM): Initializing hardware components...
initHardware(SIM): Initializing hardware components...
initHardware(SIM): Initializing hardware components...
initHardware(SIM): Initializing hardware components...
initHardware(SIM): Initializing hardware components...
initHardware(SIM): Initializing hardware components...
initHardware(SIM): Initializing hardware components...
initHardware(SIM): Initializing hardware components...
initHardware(SIM): Initializing hardware components...
initHardware(SIM): Initializing hardware components...
initHardware(SIM): Initializing hardware components...
initHardware(SIM): Initializing hardware components...
initHardware(SIM): Initializing hardware components...
initHardware(SIM): Initializing hardware components...
initHardware(SIM): Initializing hardware components...
initHardware(SIM): Initializing hardware components...
initHardware(SIM): Initializing hardware components...
initHardware(SIM): Initializing hardware components...
initHardware(SIM): Initializing hardware components...
initHardware(SIM): Initializing hardware components...
initHardware(SIM): Initializing hardware components...
initHardware(SIM): Initializing hardware components...
initHardware(SIM): Initializing hardware components...
initHardware(SIM): Initializing hardware components...
initHardware(SIM): Initializing hardware components...
initHardware(SIM): Initializing hardware components...
initHardware(SIM): Initializing hardware components...
initHardware(SIM): Initializing hardware components...
initHardware(SIM): Initializing hardware components...
initHardware(SIM): Initializing hardware components...
initHardware(SIM): Initializing hardware components...
initHardware(SIM): Initializing hardware components...
initHardware(SIM): Initializing hardware components...
initHardware(SIM): Initializing hardware components...
initHardware(SIM): Initializing hardware components...
initHardware(SIM): Initializing hardware components...
initHardware(SIM): Initializing hardware components...
initHardware(SIM): Initializing hardware components...
initHardware(SIM): Initializing hardware components...
initHardware(SIM): Initializing hardware components...
initHardware(SIM): Initializing hardware components...
initHardware(SIM): Initializing hardware components...
initHardware(SIM): Initializing hardware components...
initHardware(SIM): Initializing hardware components...
initHardware(SIM): Initializing hardware components...
initHardware(SIM): Initializing hardware components...
initHardware(SIM): Initializing hardware components...
initHardware(SIM): Initializing hardware components...
initHardware(SIM): Initializing hardware components...
initHardware(SIM): Initializing hardware components...
initHardware(SIM): Initializing hardware components...
initHardware(SIM): Initializing hardware components...
initHardware(SIM): Initializing hardware components...
initHardware(SIM): Initializing hardware components...
initHardware(SIM): Initializing hardware components...
initHardware(SIM): Initializing hardware components...
initHardware(SIM): Initializing hardware components...
initHardware(SIM): Initializing hardware components...
initHardware(SIM): Initializing hardware components...
initHardware(SIM): Initializing hardware components...
initHardware(SIM): Initial[0;33m[WW] ModuleManager: CHANGING UPDATE PERIOD: ![0m
[0;33m[WW] ModuleManager: CHANGING UPDATE PERIOD: ![0m
[0;33m[WW] ModuleManager: CHANGING UPDATE PERIOD: ![0m
[0;33m[WW] ModuleManager: CHANGING UPDATE PERIOD: ![0m
[0;33m[WW] ModuleManager: CHANGING UPDATE PERIOD: ![0m
[0;33m[WW] ModuleManager: CHANGING UPDATE PERIOD: ![0m
[0;33m[WW] ModuleManager: CHANGING UPDATE PERIOD: ![0m
[0;33m[WW] ModuleManager: CHANGING UPDATE PERIOD: ![0m
[0;33m[WW] ModuleManager: CHANGING UPDATE PERIOD: ![0m
[0;33m[WW] ModuleManager: CHANGING UPDATE PERIOD: ![0m
[0;33m[WW] ModuleManager: CHANGING UPDATE PERIOD: ![0m
[0;33m[WW] ModuleManager: CHANGING UPDATE PERIOD: ![0m
[0;33m[WW] ModuleManager: CHANGING UPDATE PERIOD: ![0m
[0;33m[WW] ModuleManager: CHANGING UPDATE PERIOD: ![0m
[0;33m[WW] ModuleManager: CHANGING UPDATE PERIOD: ![0m
[0;33m[WW] ModuleManager: CHANGING UPDATE PERIOD: ![0m
[0;33m[WW] ModuleManager: CHANGING UPDATE PERIOD: ![0m
[0;33m[WW] ModuleManager: CHANGING UPDATE PERIOD: ![0m
[0;33m[WW] ModuleManager: CHANGING UPDATE PERIOD: ![0m
[0;33m[WW] ModuleManager: CHANGING UPDATE PERIOD: ![0m
[0;33m[WW] ModuleManager: CHANGING UPDATE PERIOD: ![0m
[0;33m[WW] ModuleManager: CHANGING UPDATE PERIOD: ![0m
[0;33m[WW] ModuleManager: CHANGING UPDATE PERIOD: ![0m
[0;33m[WW] ModuleManager: CHANGING UPDATE PERIOD: ![0m
[0;33m[WW] ModuleManager: CHANGING UPDATE PERIOD: ![0m
[0;33m[WW] ModuleManager: CHANGING UPDATE PERIOD: ![0m
[0;33m[WW] ModuleManager: CHANGING UPDATE PERIOD: ![0m
[0;33m[WW] ModuleManager: CHANGING UPDATE PERIOD: ![0m
[0;33m[WW] ModuleManager: CHANGING UPDATE PERIOD: ![0m
[0;33m[WW] ModuleManager: CHANGING UPDATE PERIOD: ![0m
[0;33m[WW] ModuleManager: CHANGING UPDATE PERIOD: ![0m
[0;33m[WW] ModuleManager: CHANGING UPDATE PERIOD: ![0m
[0;33m[WW] ModuleManager: CHANGING UPDATE PERIOD: ![0m
[0;33m[WW] ModuleManager: CHANGING UPDATE PERIOD: ![0m
[0;33m[WW] ModuleManager: CHANGING UPDATE PERIOD: ![0m
[0;33m[WW] ModuleManager: CHANGING UPDATE PERIOD: ![0m
[0;33m[WW] ModuleManager: CHANGING UPDATE PERIOD: ![0m
[0;33m[WW] ModuleManager: CHANGING UPDATE PERIOD: ![0m
[0;33m[WW] ModuleManager: CHANGING UPDATE PERIOD: ![0m
[0;33m[WW] ModuleManager: CHANGING UPDATE PERIOD: ![0m
[0;33m[WW] ModuleManager: CHANGING UPDATE PERIOD: ![0m
[0;33m[WW] ModuleManager: CHANGING UPDATE PERIOD: ![0m
[0;33m[WW] ModuleManager: CHANGING UPDATE PERIOD: ![0m
[0;33m[WW] ModuleManager: CHANGING UPDATE PERIOD: ![0m
[0;33m[WW] ModuleManager: CHANGING UPDATE PERIOD: ![0m
[0;33m[WW] ModuleManager: CHANGING UPDATE PERIOD: ![0m
[0;33m[WW] ModuleManager: CHANGING UPDATE PERIOD: ![0m
[0;33m[WW] ModuleManager: CHANGING UPDATE PERIOD: ![0m
[0;33m[WW] ModuleManager: CHANGING UPDATE PERIOD: ![0m
[0;33m[WW] ModuleManager: CHANGING UPDATE PERIOD: ![0m
[0;33m[WW] ModuleManager: CHANGING UPDATE PERIOD: ![0m
[0;33m[WW] ModuleManager: CHANGING UPDATE PERIOD: ![0m
[0;33m[WW] ModuleManager: CHANGING UPDATE PERIOD: ![0m
[0;33m[WW] ModuleManager: CHANGING UPDATE PERIOD: ![0m
[0;33m[WW] ModuleManager: CHANGING UPDATE PERIOD: ![0m
[0;33m[WW] ModuleManager: CHANGING UPDATE PERIOD: ![0m
[0;33m[WW] ModuleManager: CHANGING UPDATE PERIOD: ![0m
[0;33m[WW] ModuleManager: CHANGING UPDATE PERIOD: ![0m
[0;33m[WW] ModuleManager: CHANGING UPDATE PERIOD: ![0m
[0;33m[WW] ModuleManager: CHANGING UPDATE PERIOD: ![0m
[0;33m[WW] ModuleManager: CHANGING UPDATE PERIOD: ![0m
[0;33m[WW] ModuleManager: CHANGING UPDATE PERIOD: ![0m
[0;33m[WW] ModuleManager: CHANGING UPDATE PERIOD: ![0m
[0;33m[WW] ModuleManager: CHANGING UPDATE PERIOD: ![0m
[0;33m[WW] ModuleManager: CHANGING UPDATE PERIOD: ![0m
[0;33m[WW] ModuleManager: CHANGING UPDATE PERIOD: ![0m
[0;33m[WW] ModuleManager: CHANGING UPDATE PERIOD: ![0m
[0;33m[WW] ModuleManager: CHANGING UPDATE PERIOD: ![0m
[0;33m[WW] ModuleManager: CHANGING UPDATE PERIOD: ![0m
[0;33m[WW] ModuleManager: CHANGING UPDATE PERIOD: ![0m
[0;33m[WW] ModuleManager: CHANGING UPDATE PERIOD: ![0m
[0;33m[WW] ModuleManager: CHANGING UPDATE PERIOD: ![0m
[0;33m[WW] ModuleManager: CHANGING UPDATE PERIOD: ![0m
[0;33m[WW] ModuleManager: CHANGING UPDATE PERIOD: ![0m
izing hardware components...
initHardware(SIM): Initializing hardware components...
initHardware(SIM): Initializing hardware components...
initHardware(SIM): Initializing hardware components...
initHardware(SIM): Initializing hardware components...
initHardware(SIM): Initializing hardware components...
initHardware(SIM): Initializing hardware components...
initHardware(SIM): Initializing hardware components...
initHardware(SIM): Initializing hardware components...
initHardware(SIM): Initializing hardware components...
initHardware(SIM): Initializing hardware components...
initHardware(SIM): Initializing hardware components...
initHardware(SIM): Initializing hardware components...
initHardware(SIM): Initializing hardware components...
initHardware(SIM): Initializing hardware components...
initHardware(SIM): Initializing hardware components...
initHardware(SIM): Initializing hardware components...
initHardware(SIM): Initializing hardware components...
initHardware(SIM): Initializing hardware components...
initHardware(SIM): Initializing hardware components...
initHardware(SIM): Initializing hardware components...
initHardware(SIM): Initializing hardware components...
initHardware(SIM): Initializing hardware components...
initHardware(SIM): Initializing hardware components...
initHardware(SIM): Initializing hardware components...
initHardware(SIM): Initializing hardware components...
initHardware(SIM): Initializing hardware components...
initHardware(SIM): Initializing hardware components...
initHardware(SIM): Initializing hardware components...
initHardware(SIM): Initializing hardware components...
initHardware(SIM): Initializing hardware components...
initHardware(SIM): Initializing hardware components...
initHardware(SIM): Initializing hardware components...
initHardware(SIM): Initializing hardware components...
initHardware(SIM): Initializing hardware components...
initHardware(SIM): Initializing hardware components...
initHardware(SIM): Initializing hardware components...
initHardware(SIM): Initializing hardware components...
initHardware(SIM): Initializing hardware components...
initHardware(SIM): Initializing hardware components...
initHardware(SIM): Initializing hardware components...
initHardware(SIM): Initializing hardware components...
initHardware(SIM): Initializing hardware components...
initHardware(SIM): Initializing hardware components...
initHardware(SIM): Initializing hardware components...
initHardware(SIM): Initializing hardware components...
initHardware(SIM): Initializing hardware components...
initHardware(SIM): Initializing hardware components...
initHardware(SIM): Initializing hardware components...
initHardware(SIM): Initializing hardware components...
initHardware(SIM): Initializing hardware components...
initHardware(SIM): Initializing hardware components...
initHardware(SIM): Initializing hardware components...
initHardware(SIM): Initializing hardware components...
initHardware(SIM): Initializing hardware components...
initHardware(SIM): Initializing hardware components...
initHardware(SIM): Initializing hardware components...
initHardware(SIM): Initializing hardware components...
initHardware(SIM): Initializing hardware components...
initHardware(SIM): Initializing hardware components...
initHardware(SIM): Initializing hardware components...
initHardware(SIM): Initializing hardware components...
initHardware(SIM): Initializing hardware components...
initHardware(SIM): Initializing hardware components...
initHardware(SIM): Initializing hardware components...
initHardware(SIM): Initializing hardware components...
initHardware(SIM): Initializing hardware components...
initHardware(SIM): Initializing hardware components...
initHardware(SIM): Initializing hardware components...
initHardware(SIM): Initializing hardware components...
initHardware(SIM): Initializing hardware components...
initHardware(SIM): Initializing hardware components...
initHardware(SIM): Initializing hardware components...
initHardware(SIM): Initializing hardware components...
initHardware(SIM): Initializing hardware components.[0;33m[WW] ModuleManager: CHANGING UPDATE PERIOD: ![0m
[0;33m[WW] ModuleManager: CHANGING UPDATE PERIOD: ![0m
[0;33m[WW] ModuleManager: CHANGING UPDATE PERIOD: ![0m
[0;33m[WW] ModuleManager: CHANGING UPDATE PERIOD: ![0m
[0;33m[WW] ModuleManager: CHANGING UPDATE PERIOD: ![0m
[0;33m[WW] ModuleManager: CHANGING UPDATE PERIOD: ![0m
[0;33m[WW] ModuleManager: CHANGING UPDATE PERIOD: ![0m
[0;33m[WW] ModuleManager: CHANGING UPDATE PERIOD: ![0m
[0;33m[WW] ModuleManager: CHANGING UPDATE PERIOD: ![0m
[0;33m[WW] ModuleManager: CHANGING UPDATE PERIOD: ![0m
[0;33m[WW] ModuleManager: CHANGING UPDATE PERIOD: ![0m
[0;33m[WW] ModuleManager: CHANGING UPDATE PERIOD: ![0m
[0;33m[WW] ModuleManager: CHANGING UPDATE PERIOD: ![0m
[0;33m[WW] ModuleManager: CHANGING UPDATE PERIOD: ![0m
[0;33m[WW] ModuleManager: CHANGING UPDATE PERIOD: ![0m
[0;33m[WW] ModuleManager: CHANGING UPDATE PERIOD: ![0m
[0;33m[WW] ModuleManager: CHANGING UPDATE PERIOD: ![0m
[0;33m[WW] ModuleManager: CHANGING UPDATE PERIOD: ![0m
[0;33m[WW] ModuleManager: CHANGING UPDATE PERIOD: ![0m
[0;33m[WW] ModuleManager: CHANGING UPDATE PERIOD: ![0m
[0;33m[WW] ModuleManager: CHANGING UPDATE PERIOD: ![0m
[0;33m[WW] ModuleManager: CHANGING UPDATE PERIOD: ![0m
[0;33m[WW] ModuleManager: CHANGING UPDATE PERIOD: ![0m
[0;33m[WW] ModuleManager: CHANGING UPDATE PERIOD: ![0m
[0;33m[WW] ModuleManager: CHANGING UPDATE PERIOD: ![0m
[0;33m[WW] ModuleManager: CHANGING UPDATE PERIOD: ![0m
[0;33m[WW] ModuleManager: CHANGING UPDATE PERIOD: ![0m
[0;33m[WW] ModuleManager: CHANGING UPDATE PERIOD: ![0m
[0;33m[WW] ModuleManager: CHANGING UPDATE PERIOD: ![0m
[0;33m[WW] ModuleManager: CHANGING UPDATE PERIOD: ![0m
[0;33m[WW] ModuleManager: CHANGING UPDATE PERIOD: ![0m
[0;33m[WW] ModuleManager: CHANGING UPDATE PERIOD: ![0m
[0;33m[WW] ModuleManager: CHANGING UPDATE PERIOD: ![0m
[0;33m[WW] ModuleManager: CHANGING UPDATE PERIOD: ![0m
[0;33m[WW] ModuleManager: CHANGING UPDATE PERIOD: ![0m
[0;33m[WW] ModuleManager: CHANGING UPDATE PERIOD: ![0m
[0;33m[WW] ModuleManager: CHANGING UPDATE PERIOD: ![0m
[0;33m[WW] ModuleManager: CHANGING UPDATE PERIOD: ![0m
[0;33m[WW] ModuleManager: CHANGING UPDATE PERIOD: ![0m
[0;33m[WW] ModuleManager: CHANGING UPDATE PERIOD: ![0m
[0;33m[WW] ModuleManager: CHANGING UPDATE PERIOD: ![0m
[0;33m[WW] ModuleManager: CHANGING UPDATE PERIOD: ![0m
[0;33m[WW] ModuleManager: CHANGING UPDATE PERIOD: ![0m
[0;33m[WW] ModuleManager: CHANGING UPDATE PERIOD: ![0m
[0;33m[WW] ModuleManager: CHANGING UPDATE PERIOD: ![0m
[0;33m[WW] ModuleManager: CHANGING UPDATE PERIOD: ![0m
[0;33m[WW] ModuleManager: CHANGING UPDATE PERIOD: ![0m
[0;33m[WW] ModuleManager: CHANGING UPDATE PERIOD: ![0m
[0;33m[WW] ModuleManager: CHANGING UPDATE PERIOD: ![0m
[0;33m[WW] ModuleManager: CHANGING UPDATE PERIOD: ![0m
[0;33m[WW] ModuleManager: CHANGING UPDATE PERIOD: ![0m
[0;33m[WW] ModuleManager: CHANGING UPDATE PERIOD: ![0m
[0;33m[WW] ModuleManager: CHANGING UPDATE PERIOD: ![0m
[0;33m[WW] ModuleManager: CHANGING UPDATE PERIOD: ![0m
[0;33m[WW] ModuleManager: CHANGING UPDATE PERIOD: ![0m
[0;33m[WW] ModuleManager: CHANGING UPDATE PERIOD: ![0m
[0;33m[WW] ModuleManager: CHANGING UPDATE PERIOD: ![0m
[0;33m[WW] ModuleManager: CHANGING UPDATE PERIOD: ![0m
[0;33m[WW] ModuleManager: CHANGING UPDATE PERIOD: ![0m
[0;33m[WW] ModuleManager: CHANGING UPDATE PERIOD: ![0m
[0;33m[WW] ModuleManager: CHANGING UPDATE PERIOD: ![0m
[0;33m[WW] ModuleManager: CHANGING UPDATE PERIOD: ![0m
[0;33m[WW] ModuleManager: CHANGING UPDATE PERIOD: ![0m
[0;33m[WW] ModuleManager: CHANGING UPDATE PERIOD: ![0m
[0;33m[WW] ModuleManager: CHANGING UPDATE PERIOD: ![0m
[0;33m[WW] ModuleManager: CHANGING UPDATE PERIOD: ![0m
[0;33m[WW] ModuleManager: CHANGING UPDATE PERIOD: ![0m
[0;33m[WW] ModuleManager: CHANGING UPDATE PERIOD: ![0m
[0;33m[WW] ModuleManager: CHANGING UPDATE PERIOD: ![0m
[0;33m[WW] ModuleManager: CHANGING UPDATE PERIOD: ![0m
[0;33m[WW] ModuleManager: CHANGING UPDATE PERIOD: ![0m
[0;33m[WW] ModuleManager: CHANGING UPDATE PERIOD: ![0m
[0;33m[WW] ModuleManager: CHANGING UPDATE PERIOD: ![0m
[0;33m[WW] ModuleManager: CHANGING UPDATE PERIOD: ![0m
[0;33m[WW] ModuleManager: CHANGING UPDATE PERIOD: ![0m
..
initHardware(SIM): Initializing hardware components...
initHardware(SIM): Initializing hardware components...
initHardware(SIM): Initializing hardware components...
initHardware(SIM): Initializing hardware components...
initHardware(SIM): Initializing hardware components...
initHardware(SIM): Initializing hardware components...
initHardware(SIM): Initializing hardware components...
initHardware(SIM): Initializing hardware components...
initHardware(SIM): Initializing hardware components...
initHardware(SIM): Initializing hardware components...
initHardware(SIM): Initializing hardware components...
initHardware(SIM): Initializing hardware components...
initHardware(SIM): Initializing hardware components...
initHardware(SIM): Initializing hardware components...
initHardware(SIM): Initializing hardware components...
initHardware(SIM): Initializing hardware components...
initHardware(SIM): Initializing hardware components...
initHardware(SIM): Initializing hardware components...
initHardware(SIM): Initializing hardware components...
initHardware(SIM): Initializing hardware components...
initHardware(SIM): Initializing hardware components...
initHardware(SIM): Initializing hardware components...
initHardware(SIM): Initializing hardware components...
initHardware(SIM): Initializing hardware components...
initHardware(SIM): Initializing hardware components...
initHardware(SIM): Initializing hardware components...
initHardware(SIM): Initializing hardware components...
initHardware(SIM): Initializing hardware components...
initHardware(SIM): Initializing hardware components...
initHardware(SIM): Initializing hardware components...
initHardware(SIM): Initializing hardware components...
initHardware(SIM): Initializing hardware components...
initHardware(SIM): Initializing hardware components...
initHardware(SIM): Initializing hardware components...
initHardware(SIM): Initializing hardware components...
initHardware(SIM): Initializing hardware components...
initHardware(SIM): Initializing hardware components...
initHardware(SIM): Initializing hardware components...
initHardware(SIM): Initializing hardware components...
initHardware(SIM): Initializing hardware components...
initHardware(SIM): Initializing hardware components...
initHardware(SIM): Initializing hardware components...
initHardware(SIM): Initializing hardware components...
initHardware(SIM): Initializing hardware components...
initHardware(SIM): Initializing hardware components...
initHardware(SIM): Initializing hardware components...
initHardware(SIM): Initializing hardware components...
initHardware(SIM): Initializing hardware components...
initHardware(SIM): Initializing hardware components...
initHardware(SIM): Initializing hardware components...
initHardware(SIM): Initializing hardware components...
initHardware(SIM): Initializing hardware components...
initHardware(SIM): Initializing hardware components...
initHardware(SIM): Initializing hardware components...
initHardware(SIM): Initializing hardware components...
initHardware(SIM): Initializing hardware components...
initHardware(SIM): Initializing hardware components...
initHardware(SIM): Initializing hardware components...
initHardware(SIM): Initializing hardware components...
initHardware(SIM): Initializing hardware components...
initHardware(SIM): Initializing hardware components...
initHardware(SIM): Initializing hardware components...
initHardware(SIM): Initializing hardware components...
initHardware(SIM): Initializing hardware components...
initHardware(SIM): Initializing hardware components...
initHardware(SIM): Initializing hardware components...
initHardware(SIM): Initializing hardware components...
initHardware(SIM): Initializing hardware components...
initHardware(SIM): Initializing hardware components...
initHardware(SIM): Initializing hardware components...
initHardware(SIM): Initializing hardware components...
initHardware(SIM): Initializing hardware components...
initHardware(SIM): Initializing hardware components...
initHardware(SIM): Initializing hardware components...
initHardware(SIM): Init[0;33m[WW] ModuleManager: CHANGING UPDATE PERIOD: ![0m
[0;33m[WW] ModuleManager: CHANGING UPDATE PERIOD: ![0m
[0;33m[WW] ModuleManager: CHANGING UPDATE PERIOD: ![0m
[0;33m[WW] ModuleManager: CHANGING UPDATE PERIOD: ![0m
[0;33m[WW] ModuleManager: CHANGING UPDATE PERIOD: ![0m
[0;33m[WW] ModuleManager: CHANGING UPDATE PERIOD: ![0m
[0;33m[WW] ModuleManager: CHANGING UPDATE PERIOD: ![0m
[0;33m[WW] ModuleManager: CHANGING UPDATE PERIOD: ![0m
[0;33m[WW] ModuleManager: CHANGING UPDATE PERIOD: ![0m
[0;33m[WW] ModuleManager: CHANGING UPDATE PERIOD: ![0m
[0;33m[WW] ModuleManager: CHANGING UPDATE PERIOD: ![0m
[0;33m[WW] ModuleManager: CHANGING UPDATE PERIOD: ![0m
[0;33m[WW] ModuleManager: CHANGING UPDATE PERIOD: ![0m
[0;33m[WW] ModuleManager: CHANGING UPDATE PERIOD: ![0m
[0;33m[WW] ModuleManager: CHANGING UPDATE PERIOD: ![0m
[0;33m[WW] ModuleManager: CHANGING UPDATE PERIOD: ![0m
[0;33m[WW] ModuleManager: CHANGING UPDATE PERIOD: ![0m
[0;33m[WW] ModuleManager: CHANGING UPDATE PERIOD: ![0m
[0;33m[WW] ModuleManager: CHANGING UPDATE PERIOD: ![0m
[0;33m[WW] ModuleManager: CHANGING UPDATE PERIOD: ![0m
[0;33m[WW] ModuleManager: CHANGING UPDATE PERIOD: ![0m
[0;33m[WW] ModuleManager: CHANGING UPDATE PERIOD: ![0m
[0;33m[WW] ModuleManager: CHANGING UPDATE PERIOD: ![0m
[0;33m[WW] ModuleManager: CHANGING UPDATE PERIOD: ![0m
[0;33m[WW] ModuleManager: CHANGING UPDATE PERIOD: ![0m
[0;33m[WW] ModuleManager: CHANGING UPDATE PERIOD: ![0m
[0;33m[WW] ModuleManager: CHANGING UPDATE PERIOD: ![0m
[0;33m[WW] ModuleManager: CHANGING UPDATE PERIOD: ![0m
[0;33m[WW] ModuleManager: CHANGING UPDATE PERIOD: ![0m
[0;33m[WW] ModuleManager: CHANGING UPDATE PERIOD: ![0m
[0;33m[WW] ModuleManager: CHANGING UPDATE PERIOD: ![0m
[0;33m[WW] ModuleManager: CHANGING UPDATE PERIOD: ![0m
[0;33m[WW] ModuleManager: CHANGING UPDATE PERIOD: ![0m
/usr/local/lib/python3.10/dist-packages/stable_baselines3/common/vec_env/base_vec_env.py:78: UserWarning: The `render_mode` attribute is not defined in your environment. It will be set to None.
  warnings.warn("The `render_mode` attribute is not defined in your environment. It will be set to None.")
/usr/local/lib/python3.10/dist-packages/stable_baselines3/common/utils.py:166: UserWarning: get_schedule_fn() is deprecated, please use FloatSchedule() instead
  warnings.warn("get_schedule_fn() is deprecated, please use FloatSchedule() instead")
/usr/local/lib/python3.10/dist-packages/stable_baselines3/common/utils.py:212: UserWarning: constant_fn() is deprecated, please use ConstantSchedule() instead
  warnings.warn("constant_fn() is deprecated, please use ConstantSchedule() instead")
INFO:root:Overriding learning rate: 5e-06
INFO:root:Starting training...
Using GPU: False
Using VecNormalize wrapper...
Found existing model and continue_training=True. Continuing training.
Loading existing model from data/beta2/quadruped_ppo_model.zip
Loading VecNormalize statistics from data/beta2/quadruped_ppo_model_vecnormalize.pkl
Model loaded successfully. Continuing training...
Model hyperparameters: {'activation_fn': <class 'torch.nn.modules.activation.Tanh'>, 'net_arch': {'pi': [256, 128], 'vf': [256, 128]}, 'log_std_init': -3.0, 'full_std': False, 'use_expln': False}
---------------------------------
| rollout/           |          |
|    ep_len_mean     | 296      |
|    ep_rew_mean     | 10.7     |
| time/              |          |
|    fps             | 4249     |
|    iterations      | 1        |
|    time_elapsed    | 30       |
|    total_timesteps | 131072   |
---------------------------------
------------------------------------------
| rollout/                |              |
|    ep_len_mean          | 1e+03        |
|    ep_rew_mean          | 43.7         |
| time/                   |              |
|    fps                  | 3264         |
|    iterations           | 2            |
|    time_elapsed         | 80           |
|    total_timesteps      | 262144       |
| train/                  |              |
|    approx_kl            | 0.0016513387 |
|    clip_fraction        | 0.0524       |
|    clip_range           | 0.1          |
|    clip_range_vf        | 0.2          |
|    entropy_loss         | -5.21        |
|    explained_variance   | 0.528        |
|    learning_rate        | 5e-06        |
|    loss                 | -0.166       |
|    n_updates            | 3470         |
|    policy_gradient_loss | -0.00254     |
|    std                  | 0.301        |
|    value_loss           | 0.103        |
------------------------------------------
------------------------------------------
| rollout/                |              |
|    ep_len_mean          | 994          |
|    ep_rew_mean          | 43.4         |
| time/                   |              |
|    fps                  | 3039         |
|    iterations           | 3            |
|    time_elapsed         | 129          |
|    total_timesteps      | 393216       |
| train/                  |              |
|    approx_kl            | 0.0016851755 |
|    clip_fraction        | 0.0471       |
|    clip_range           | 0.1          |
|    clip_range_vf        | 0.2          |
|    entropy_loss         | -5.31        |
|    explained_variance   | 0.243        |
|    learning_rate        | 5e-06        |
|    loss                 | 0.787        |
|    n_updates            | 3480         |
|    policy_gradient_loss | -0.0019      |
|    std                  | 0.303        |
|    value_loss           | 0.953        |
------------------------------------------
------------------------------------------
| rollout/                |              |
|    ep_len_mean          | 1e+03        |
|    ep_rew_mean          | 42.4         |
| time/                   |              |
|    fps                  | 2915         |
|    iterations           | 4            |
|    time_elapsed         | 179          |
|    total_timesteps      | 524288       |
| train/                  |              |
|    approx_kl            | 0.0017037585 |
|    clip_fraction        | 0.053        |
|    clip_range           | 0.1          |
|    clip_range_vf        | 0.2          |
|    entropy_loss         | -5.42        |
|    explained_variance   | 0.521        |
|    learning_rate        | 5e-06        |
|    loss                 | -0.0797      |
|    n_updates            | 3490         |
|    policy_gradient_loss | -0.00236     |
|    std                  | 0.304        |
|    value_loss           | 0.191        |
------------------------------------------
------------------------------------------
| rollout/                |              |
|    ep_len_mean          | 995          |
|    ep_rew_mean          | 42.3         |
| time/                   |              |
|    fps                  | 2860         |
|    iterations           | 5            |
|    time_elapsed         | 229          |
|    total_timesteps      | 655360       |
| train/                  |              |
|    approx_kl            | 0.0017266874 |
|    clip_fraction        | 0.0514       |
|    clip_range           | 0.1          |
|    clip_range_vf        | 0.2          |
|    entropy_loss         | -5.52        |
|    explained_variance   | 0.576        |
|    learning_rate        | 5e-06        |
|    loss                 | 0.793        |
|    n_updates            | 3500         |
|    policy_gradient_loss | -0.00234     |
|    std                  | 0.305        |
|    value_loss           | 0.932        |
------------------------------------------
------------------------------------------
| rollout/                |              |
|    ep_len_mean          | 1e+03        |
|    ep_rew_mean          | 42.7         |
| time/                   |              |
|    fps                  | 2804         |
|    iterations           | 6            |
|    time_elapsed         | 280          |
|    total_timesteps      | 786432       |
| train/                  |              |
|    approx_kl            | 0.0019829667 |
|    clip_fraction        | 0.0756       |
|    clip_range           | 0.1          |
|    clip_range_vf        | 0.2          |
|    entropy_loss         | -5.63        |
|    explained_variance   | 0.67         |
|    learning_rate        | 5e-06        |
|    loss                 | -0.163       |
|    n_updates            | 3510         |
|    policy_gradient_loss | -0.00314     |
|    std                  | 0.307        |
|    value_loss           | 0.135        |
------------------------------------------
------------------------------------------
| rollout/                |              |
|    ep_len_mean          | 988          |
|    ep_rew_mean          | 42.3         |
| time/                   |              |
|    fps                  | 2777         |
|    iterations           | 7            |
|    time_elapsed         | 330          |
|    total_timesteps      | 917504       |
| train/                  |              |
|    approx_kl            | 0.0018091358 |
|    clip_fraction        | 0.0536       |
|    clip_range           | 0.1          |
|    clip_range_vf        | 0.2          |
|    entropy_loss         | -5.74        |
|    explained_variance   | 0.6          |
|    learning_rate        | 5e-06        |
|    loss                 | 0.746        |
|    n_updates            | 3520         |
|    policy_gradient_loss | -0.00244     |
|    std                  | 0.308        |
|    value_loss           | 1            |
------------------------------------------
INFO:root:VecNormalize statistics saved at: data/beta2/quadruped_ppo_model_ckpt_vecnormalize.pkl
INFO:root:Model saved at: data/beta2/quadruped_ppo_model_ckpt.zip
INFO:root:Checkpoint written at 1000192 timesteps
------------------------------------------
| rollout/                |              |
|    ep_len_mean          | 1e+03        |
|    ep_rew_mean          | 43.2         |
| time/                   |              |
|    fps                  | 2746         |
|    iterations           | 8            |
|    time_elapsed         | 381          |
|    total_timesteps      | 1048576      |
| train/                  |              |
|    approx_kl            | 0.0018203317 |
|    clip_fraction        | 0.063        |
|    clip_range           | 0.1          |
|    clip_range_vf        | 0.2          |
|    entropy_loss         | -5.85        |
|    explained_variance   | 0.575        |
|    learning_rate        | 5e-06        |
|    loss                 | -0.124       |
|    n_updates            | 3530         |
|    policy_gradient_loss | -0.00258     |
|    std                  | 0.309        |
|    value_loss           | 0.138        |
------------------------------------------
------------------------------------------
| rollout/                |              |
|    ep_len_mean          | 929          |
|    ep_rew_mean          | 39.8         |
| time/                   |              |
|    fps                  | 2728         |
|    iterations           | 9            |
|    time_elapsed         | 432          |
|    total_timesteps      | 1179648      |
| train/                  |              |
|    approx_kl            | 0.0017435906 |
|    clip_fraction        | 0.0503       |
|    clip_range           | 0.1          |
|    clip_range_vf        | 0.2          |
|    entropy_loss         | -5.96        |
|    explained_variance   | 0.394        |
|    learning_rate        | 5e-06        |
|    loss                 | 0.938        |
|    n_updates            | 3540         |
|    policy_gradient_loss | -0.00212     |
|    std                  | 0.311        |
|    value_loss           | 1.14         |
------------------------------------------
------------------------------------------
| rollout/                |              |
|    ep_len_mean          | 994          |
|    ep_rew_mean          | 42.4         |
| time/                   |              |
|    fps                  | 2711         |
|    iterations           | 10           |
|    time_elapsed         | 483          |
|    total_timesteps      | 1310720      |
| train/                  |              |
|    approx_kl            | 0.0017111966 |
|    clip_fraction        | 0.0542       |
|    clip_range           | 0.1          |
|    clip_range_vf        | 0.2          |
|    entropy_loss         | -6.07        |
|    explained_variance   | 0.768        |
|    learning_rate        | 5e-06        |
|    loss                 | -0.0359      |
|    n_updates            | 3550         |
|    policy_gradient_loss | -0.00262     |
|    std                  | 0.312        |
|    value_loss           | 0.263        |
------------------------------------------
------------------------------------------
| rollout/                |              |
|    ep_len_mean          | 850          |
|    ep_rew_mean          | 35.5         |
| time/                   |              |
|    fps                  | 2697         |
|    iterations           | 11           |
|    time_elapsed         | 534          |
|    total_timesteps      | 1441792      |
| train/                  |              |
|    approx_kl            | 0.0017617189 |
|    clip_fraction        | 0.0478       |
|    clip_range           | 0.1          |
|    clip_range_vf        | 0.2          |
|    entropy_loss         | -6.17        |
|    explained_variance   | 0.384        |
|    learning_rate        | 5e-06        |
|    loss                 | 0.918        |
|    n_updates            | 3560         |
|    policy_gradient_loss | -0.00219     |
|    std                  | 0.314        |
|    value_loss           | 1.14         |
------------------------------------------
------------------------------------------
| rollout/                |              |
|    ep_len_mean          | 995          |
|    ep_rew_mean          | 41.7         |
| time/                   |              |
|    fps                  | 2685         |
|    iterations           | 12           |
|    time_elapsed         | 585          |
|    total_timesteps      | 1572864      |
| train/                  |              |
|    approx_kl            | 0.0017179938 |
|    clip_fraction        | 0.0497       |
|    clip_range           | 0.1          |
|    clip_range_vf        | 0.2          |
|    entropy_loss         | -6.28        |
|    explained_variance   | 0.79         |
|    learning_rate        | 5e-06        |
|    loss                 | 0.0551       |
|    n_updates            | 3570         |
|    policy_gradient_loss | -0.00252     |
|    std                  | 0.315        |
|    value_loss           | 0.37         |
------------------------------------------
ializing hardware components...
initHardware(SIM): Initializing hardware components...
initHardware(SIM): Initializing hardware components...
initHardware(SIM): Initializing hardware components...
initHardware(SIM): Initializing hardware components...
initHardware(SIM): Initializing hardware components...
initHardware(SIM): Initializing hardware components...
initHardware(SIM): Initializing hardware components...
initHardware(SIM): Initializing hardware components...
initHardware(SIM): Initializing hardware components...
initHardware(SIM): Initializing hardware components...
initHardware(SIM): Initializing hardware components...
initHardware(SIM): Initializing hardware components...
initHardware(SIM): Initializing hardware components...
initHardware(SIM): Initializing hardware components...
initHardware(SIM): Initializing hardware components...
initHardware(SIM): Initializing hardware components...
initHardware(SIM): Initializing hardware components...
initHardware(SIM): Initializing hardware components...
initHardware(SIM): Initializing hardware components...
initHardware(SIM): Initializing hardware components...
initHardware(SIM): Initializing hardware components...
initHardware(SIM): Initializing hardware components...
initHardware(SIM): Initializing hardware components...
initHardware(SIM): Initializing hardware components...
initHardware(SIM): Initializing hardware components...
initHardware(SIM): Initializing hardware components...
initHardware(SIM): Initializing hardware components...
initHardware(SIM): Initializing hardware components...
initHardware(SIM): Initializing hardware components...
initHardware(SIM): Initializing hardware components...
initHardware(SIM): Initializing hardware components...
initHardware(SIM): Initializing hardware components...
[HumanoidEnv] Reset state env_id=0 z=0.299082 rpy=[-0.00111944, -0.00264897, 0.000496728]
[HumanoidEnv] Reset state env_id=0 z=0.299202 rpy=[-0.00140372, -0.000914487, 0.000495913]
[HumanoidEnv] Reset state env_id=0 z=0.299108 rpy=[0.00152698, -0.00259401, 0.000715358]
[HumanoidEnv] Reset state env_id=0 z=0.299102 rpy=[0.00211761, -0.00270767, 0.00022872]
[HumanoidEnv] Reset state env_id=0 z=0.299095 rpy=[-0.000250398, -0.00232848, 0.000326964]
[HumanoidEnv] Reset state env_id=0 z=0.299139 rpy=[0.0014112, -0.00215145, 0.000641663]
[HumanoidEnv] Reset state env_id=0 z=0.299171 rpy=[-0.00263848, -0.00168383, 0.00088649]
[HumanoidEnv] unhealthy terminate at step=551 z=0.193293 rpy=[2.71466, -0.227869, 0.487416] v_body=[-0.318338, -0.1191, 0.759388]
------------------------------------------
| rollout/                |              |
|    ep_len_mean          | 709          |
|    ep_rew_mean          | 28.4         |
| time/                   |              |
|    fps                  | 2672         |
|    iterations           | 13           |
|    time_elapsed         | 637          |
|    total_timesteps      | 1703936      |
| train/                  |              |
|    approx_kl            | 0.0018944247 |
|    clip_fraction        | 0.0574       |
|    clip_range           | 0.1          |
|    clip_range_vf        | 0.2          |
|    entropy_loss         | -6.39        |
|    explained_variance   | 0.681        |
|    learning_rate        | 5e-06        |
|    loss                 | 0.76         |
|    n_updates            | 3580         |
|    policy_gradient_loss | -0.00212     |
|    std                  | 0.317        |
|    value_loss           | 0.855        |
------------------------------------------
------------------------------------------
| rollout/                |              |
|    ep_len_mean          | 793          |
|    ep_rew_mean          | 31.3         |
| time/                   |              |
|    fps                  | 2661         |
|    iterations           | 14           |
|    time_elapsed         | 689          |
|    total_timesteps      | 1835008      |
| train/                  |              |
|    approx_kl            | 0.0017721369 |
|    clip_fraction        | 0.0521       |
|    clip_range           | 0.1          |
|    clip_range_vf        | 0.2          |
|    entropy_loss         | -6.5         |
|    explained_variance   | 0.78         |
|    learning_rate        | 5e-06        |
|    loss                 | 0.301        |
|    n_updates            | 3590         |
|    policy_gradient_loss | -0.00253     |
|    std                  | 0.318        |
|    value_loss           | 0.614        |
------------------------------------------
[HumanoidEnv] Reset state env_id=0 z=0.299097 rpy=[0.00234983, -0.00294721, 0.000508513]
[HumanoidEnv] unhealthy terminate at step=818 z=0.199426 rpy=[2.30772, -0.149019, -0.187651] v_body=[-0.404679, -0.952007, 1.34711]
------------------------------------------
| rollout/                |              |
|    ep_len_mean          | 622          |
|    ep_rew_mean          | 24           |
| time/                   |              |
|    fps                  | 2653         |
|    iterations           | 15           |
|    time_elapsed         | 741          |
|    total_timesteps      | 1966080      |
| train/                  |              |
|    approx_kl            | 0.0017477972 |
|    clip_fraction        | 0.0501       |
|    clip_range           | 0.1          |
|    clip_range_vf        | 0.2          |
|    entropy_loss         | -6.61        |
|    explained_variance   | 0.806        |
|    learning_rate        | 5e-06        |
|    loss                 | 0.385        |
|    n_updates            | 3600         |
|    policy_gradient_loss | -0.00242     |
|    std                  | 0.319        |
|    value_loss           | 0.772        |
------------------------------------------
INFO:root:VecNormalize statistics saved at: data/beta2/quadruped_ppo_model_ckpt_vecnormalize.pkl
INFO:root:Model saved at: data/beta2/quadruped_ppo_model_ckpt.zip
INFO:root:Checkpoint written at 2000384 timesteps
------------------------------------------
| rollout/                |              |
|    ep_len_mean          | 729          |
|    ep_rew_mean          | 28.4         |
| time/                   |              |
|    fps                  | 2646         |
|    iterations           | 16           |
|    time_elapsed         | 792          |
|    total_timesteps      | 2097152      |
| train/                  |              |
|    approx_kl            | 0.0016896732 |
|    clip_fraction        | 0.0492       |
|    clip_range           | 0.1          |
|    clip_range_vf        | 0.2          |
|    entropy_loss         | -6.72        |
|    explained_variance   | 0.87         |
|    learning_rate        | 5e-06        |
|    loss                 | 0.168        |
|    n_updates            | 3610         |
|    policy_gradient_loss | -0.00239     |
|    std                  | 0.321        |
|    value_loss           | 0.532        |
------------------------------------------
------------------------------------------
| rollout/                |              |
|    ep_len_mean          | 711          |
|    ep_rew_mean          | 27.5         |
| time/                   |              |
|    fps                  | 2639         |
|    iterations           | 17           |
|    time_elapsed         | 844          |
|    total_timesteps      | 2228224      |
| train/                  |              |
|    approx_kl            | 0.0016045022 |
|    clip_fraction        | 0.0434       |
|    clip_range           | 0.1          |
|    clip_range_vf        | 0.2          |
|    entropy_loss         | -6.83        |
|    explained_variance   | 0.853        |
|    learning_rate        | 5e-06        |
|    loss                 | 0.212        |
|    n_updates            | 3620         |
|    policy_gradient_loss | -0.0022      |
|    std                  | 0.322        |
|    value_loss           | 0.633        |
------------------------------------------
[HumanoidEnv] Reset state env_id=0 z=0.299279 rpy=[-0.000341878, -9.53628e-05, 0.00086143]
[HumanoidEnv] Reset state env_id=0 z=0.299124 rpy=[-0.00283223, -0.0024825, 0.000553793]
[HumanoidEnv] unhealthy terminate at step=571 z=0.194505 rpy=[-2.79556, -0.155186, 0.239693] v_body=[-0.00915671, 0.984961, 1.02423]
------------------------------------------
| rollout/                |              |
|    ep_len_mean          | 731          |
|    ep_rew_mean          | 28.7         |
| time/                   |              |
|    fps                  | 2631         |
|    iterations           | 18           |
|    time_elapsed         | 896          |
|    total_timesteps      | 2359296      |
| train/                  |              |
|    approx_kl            | 0.0016877928 |
|    clip_fraction        | 0.0464       |
|    clip_range           | 0.1          |
|    clip_range_vf        | 0.2          |
|    entropy_loss         | -6.94        |
|    explained_variance   | 0.863        |
|    learning_rate        | 5e-06        |
|    loss                 | 0.0733       |
|    n_updates            | 3630         |
|    policy_gradient_loss | -0.0025      |
|    std                  | 0.324        |
|    value_loss           | 0.487        |
------------------------------------------
[HumanoidEnv] Reset state env_id=0 z=0.299059 rpy=[0.00114485, -0.00300038, 0.000299618]
[HumanoidEnv] unhealthy terminate at step=601 z=0.182434 rpy=[1.52089, -0.218916, -0.527467] v_body=[2.7752, 0.262436, -0.801044]
------------------------------------------
| rollout/                |              |
|    ep_len_mean          | 691          |
|    ep_rew_mean          | 26.4         |
| time/                   |              |
|    fps                  | 2625         |
|    iterations           | 19           |
|    time_elapsed         | 948          |
|    total_timesteps      | 2490368      |
| train/                  |              |
|    approx_kl            | 0.0017332179 |
|    clip_fraction        | 0.0479       |
|    clip_range           | 0.1          |
|    clip_range_vf        | 0.2          |
|    entropy_loss         | -7.05        |
|    explained_variance   | 0.886        |
|    learning_rate        | 5e-06        |
|    loss                 | 0.14         |
|    n_updates            | 3640         |
|    policy_gradient_loss | -0.00248     |
|    std                  | 0.325        |
|    value_loss           | 0.598        |
------------------------------------------
[HumanoidEnv] Reset state env_id=0 z=0.299124 rpy=[0.00106379, -0.00228211, 0.000761034]
[HumanoidEnv] unhealthy terminate at step=607 z=0.198993 rpy=[-1.92567, -0.216659, 1.16766] v_body=[0.758078, -0.245848, 0.00335567]
------------------------------------------
| rollout/                |              |
|    ep_len_mean          | 621          |
|    ep_rew_mean          | 23.4         |
| time/                   |              |
|    fps                  | 2619         |
|    iterations           | 20           |
|    time_elapsed         | 1000         |
|    total_timesteps      | 2621440      |
| train/                  |              |
|    approx_kl            | 0.0016602967 |
|    clip_fraction        | 0.0433       |
|    clip_range           | 0.1          |
|    clip_range_vf        | 0.2          |
|    entropy_loss         | -7.15        |
|    explained_variance   | 0.863        |
|    learning_rate        | 5e-06        |
|    loss                 | 0.298        |
|    n_updates            | 3650         |
|    policy_gradient_loss | -0.00238     |
|    std                  | 0.327        |
|    value_loss           | 0.617        |
------------------------------------------
[HumanoidEnv] Reset state env_id=0 z=0.299136 rpy=[0.00217078, -0.00233552, 0.000391856]
[HumanoidEnv] unhealthy terminate at step=539 z=0.194157 rpy=[-0.0385701, -0.0261792, 0.999911] v_body=[0.312759, -0.627842, -0.497894]
------------------------------------------
| rollout/                |              |
|    ep_len_mean          | 536          |
|    ep_rew_mean          | 20.3         |
| time/                   |              |
|    fps                  | 2613         |
|    iterations           | 21           |
|    time_elapsed         | 1053         |
|    total_timesteps      | 2752512      |
| train/                  |              |
|    approx_kl            | 0.0017229281 |
|    clip_fraction        | 0.0477       |
|    clip_range           | 0.1          |
|    clip_range_vf        | 0.2          |
|    entropy_loss         | -7.26        |
|    explained_variance   | 0.883        |
|    learning_rate        | 5e-06        |
|    loss                 | 0.147        |
|    n_updates            | 3660         |
|    policy_gradient_loss | -0.00249     |
|    std                  | 0.328        |
|    value_loss           | 0.625        |
------------------------------------------
------------------------------------------
| rollout/                |              |
|    ep_len_mean          | 550          |
|    ep_rew_mean          | 20.9         |
| time/                   |              |
|    fps                  | 2609         |
|    iterations           | 22           |
|    time_elapsed         | 1105         |
|    total_timesteps      | 2883584      |
| train/                  |              |
|    approx_kl            | 0.0016616144 |
|    clip_fraction        | 0.0463       |
|    clip_range           | 0.1          |
|    clip_range_vf        | 0.2          |
|    entropy_loss         | -7.37        |
|    explained_variance   | 0.894        |
|    learning_rate        | 5e-06        |
|    loss                 | 0.175        |
|    n_updates            | 3670         |
|    policy_gradient_loss | -0.00255     |
|    std                  | 0.33         |
|    value_loss           | 0.605        |
------------------------------------------
[HumanoidEnv] Reset state env_id=0 z=0.299171 rpy=[-0.00185452, -0.00162309, 0.00102746]
[HumanoidEnv] unhealthy terminate at step=595 z=0.199745 rpy=[-0.531446, -0.274054, -1.13093] v_body=[-0.294988, -0.864916, -1.40243]
INFO:root:VecNormalize statistics saved at: data/beta2/quadruped_ppo_model_ckpt_vecnormalize.pkl
INFO:root:Model saved at: data/beta2/quadruped_ppo_model_ckpt.zip
INFO:root:Checkpoint written at 3000576 timesteps
[HumanoidEnv] Reset state env_id=0 z=0.299113 rpy=[-0.0011774, -0.00225659, 0.000649587]
[HumanoidEnv] unhealthy terminate at step=485 z=0.196132 rpy=[1.8167, -0.149889, 2.45511] v_body=[-2.25578, 0.33567, -1.19581]
------------------------------------------
| rollout/                |              |
|    ep_len_mean          | 575          |
|    ep_rew_mean          | 21.8         |
| time/                   |              |
|    fps                  | 2604         |
|    iterations           | 23           |
|    time_elapsed         | 1157         |
|    total_timesteps      | 3014656      |
| train/                  |              |
|    approx_kl            | 0.0016659378 |
|    clip_fraction        | 0.0445       |
|    clip_range           | 0.1          |
|    clip_range_vf        | 0.2          |
|    entropy_loss         | -7.48        |
|    explained_variance   | 0.895        |
|    learning_rate        | 5e-06        |
|    loss                 | 0.197        |
|    n_updates            | 3680         |
|    policy_gradient_loss | -0.00242     |
|    std                  | 0.331        |
|    value_loss           | 0.592        |
------------------------------------------
-----------------------------------------
| rollout/                |             |
|    ep_len_mean          | 546         |
|    ep_rew_mean          | 20.5        |
| time/                   |             |
|    fps                  | 2600        |
|    iterations           | 24          |
|    time_elapsed         | 1209        |
|    total_timesteps      | 3145728     |
| train/                  |             |
|    approx_kl            | 0.001675166 |
|    clip_fraction        | 0.0457      |
|    clip_range           | 0.1         |
|    clip_range_vf        | 0.2         |
|    entropy_loss         | -7.58       |
|    explained_variance   | 0.88        |
|    learning_rate        | 5e-06       |
|    loss                 | 0.106       |
|    n_updates            | 3690        |
|    policy_gradient_loss | -0.00244    |
|    std                  | 0.333       |
|    value_loss           | 0.642       |
-----------------------------------------
[HumanoidEnv] Reset state env_id=0 z=0.299227 rpy=[-0.0022765, -0.000848798, 0.000983731]
[HumanoidEnv] unhealthy terminate at step=601 z=0.199154 rpy=[-0.124092, 0.119209, -0.300431] v_body=[-0.0512155, -0.924454, -0.037837]
[HumanoidEnv] Reset state env_id=0 z=0.299249 rpy=[0.00289535, -0.0011929, 0.000220945]
[HumanoidEnv] unhealthy terminate at step=380 z=0.194412 rpy=[2.12786, 0.00552124, -3.05364] v_body=[1.13411, -0.417017, 0.728011]
------------------------------------------
| rollout/                |              |
|    ep_len_mean          | 576          |
|    ep_rew_mean          | 21.7         |
| time/                   |              |
|    fps                  | 2595         |
|    iterations           | 25           |
|    time_elapsed         | 1262         |
|    total_timesteps      | 3276800      |
| train/                  |              |
|    approx_kl            | 0.0016128346 |
|    clip_fraction        | 0.0407       |
|    clip_range           | 0.1          |
|    clip_range_vf        | 0.2          |
|    entropy_loss         | -7.69        |
|    explained_variance   | 0.89         |
|    learning_rate        | 5e-06        |
|    loss                 | 0.264        |
|    n_updates            | 3700         |
|    policy_gradient_loss | -0.00213     |
|    std                  | 0.334        |
|    value_loss           | 0.62         |
------------------------------------------
------------------------------------------
| rollout/                |              |
|    ep_len_mean          | 495          |
|    ep_rew_mean          | 18.5         |
| time/                   |              |
|    fps                  | 2592         |
|    iterations           | 26           |
|    time_elapsed         | 1314         |
|    total_timesteps      | 3407872      |
| train/                  |              |
|    approx_kl            | 0.0016189583 |
|    clip_fraction        | 0.0428       |
|    clip_range           | 0.1          |
|    clip_range_vf        | 0.2          |
|    entropy_loss         | -7.8         |
|    explained_variance   | 0.891        |
|    learning_rate        | 5e-06        |
|    loss                 | 0.236        |
|    n_updates            | 3710         |
|    policy_gradient_loss | -0.00211     |
|    std                  | 0.336        |
|    value_loss           | 0.669        |
------------------------------------------
[HumanoidEnv] Reset state env_id=0 z=0.299282 rpy=[-0.00148231, 0.000176275, 0.00083716]
[HumanoidEnv] unhealthy terminate at step=838 z=0.196777 rpy=[0.522151, 0.372218, 0.659495] v_body=[-0.691419, 0.519719, -0.623987]
------------------------------------------
| rollout/                |              |
|    ep_len_mean          | 510          |
|    ep_rew_mean          | 18.9         |
| time/                   |              |
|    fps                  | 2590         |
|    iterations           | 27           |
|    time_elapsed         | 1366         |
|    total_timesteps      | 3538944      |
| train/                  |              |
|    approx_kl            | 0.0017166637 |
|    clip_fraction        | 0.0476       |
|    clip_range           | 0.1          |
|    clip_range_vf        | 0.2          |
|    entropy_loss         | -7.91        |
|    explained_variance   | 0.886        |
|    learning_rate        | 5e-06        |
|    loss                 | 0.137        |
|    n_updates            | 3720         |
|    policy_gradient_loss | -0.00246     |
|    std                  | 0.337        |
|    value_loss           | 0.682        |
------------------------------------------
[HumanoidEnv] Reset state env_id=0 z=0.299125 rpy=[-0.000943924, -0.00200013, 0.0004089]
[HumanoidEnv] unhealthy terminate at step=543 z=0.193628 rpy=[2.36601, 0.0422479, 2.53644] v_body=[-0.00630948, -0.703598, 0.416055]
------------------------------------------
| rollout/                |              |
|    ep_len_mean          | 524          |
|    ep_rew_mean          | 19.4         |
| time/                   |              |
|    fps                  | 2588         |
|    iterations           | 28           |
|    time_elapsed         | 1417         |
|    total_timesteps      | 3670016      |
| train/                  |              |
|    approx_kl            | 0.0017094146 |
|    clip_fraction        | 0.0498       |
|    clip_range           | 0.1          |
|    clip_range_vf        | 0.2          |
|    entropy_loss         | -8.02        |
|    explained_variance   | 0.892        |
|    learning_rate        | 5e-06        |
|    loss                 | 0.14         |
|    n_updates            | 3730         |
|    policy_gradient_loss | -0.00251     |
|    std                  | 0.339        |
|    value_loss           | 0.648        |
------------------------------------------
------------------------------------------
| rollout/                |              |
|    ep_len_mean          | 549          |
|    ep_rew_mean          | 20.6         |
| time/                   |              |
|    fps                  | 2588         |
|    iterations           | 29           |
|    time_elapsed         | 1468         |
|    total_timesteps      | 3801088      |
| train/                  |              |
|    approx_kl            | 0.0016329227 |
|    clip_fraction        | 0.0443       |
|    clip_range           | 0.1          |
|    clip_range_vf        | 0.2          |
|    entropy_loss         | -8.12        |
|    explained_variance   | 0.898        |
|    learning_rate        | 5e-06        |
|    loss                 | 0.151        |
|    n_updates            | 3740         |
|    policy_gradient_loss | -0.00224     |
|    std                  | 0.34         |
|    value_loss           | 0.602        |
------------------------------------------
[HumanoidEnv] Reset state env_id=0 z=0.299112 rpy=[0.00243967, -0.00270936, 0.000354964]
[HumanoidEnv] unhealthy terminate at step=874 z=0.752687 rpy=[1.03554, -0.647838, -1.62536] v_body=[-1.77969, 0.915482, -3.20278]
------------------------------------------
| rollout/                |              |
|    ep_len_mean          | 559          |
|    ep_rew_mean          | 21           |
| time/                   |              |
|    fps                  | 2587         |
|    iterations           | 30           |
|    time_elapsed         | 1519         |
|    total_timesteps      | 3932160      |
| train/                  |              |
|    approx_kl            | 0.0017561654 |
|    clip_fraction        | 0.0535       |
|    clip_range           | 0.1          |
|    clip_range_vf        | 0.2          |
|    entropy_loss         | -8.23        |
|    explained_variance   | 0.887        |
|    learning_rate        | 5e-06        |
|    loss                 | 0.272        |
|    n_updates            | 3750         |
|    policy_gradient_loss | -0.00267     |
|    std                  | 0.342        |
|    value_loss           | 0.595        |
------------------------------------------
INFO:root:VecNormalize statistics saved at: data/beta2/quadruped_ppo_model_ckpt_vecnormalize.pkl
INFO:root:Model saved at: data/beta2/quadruped_ppo_model_ckpt.zip
INFO:root:Checkpoint written at 4000768 timesteps
[HumanoidEnv] Reset state env_id=0 z=0.299099 rpy=[0.00276743, -0.00308181, 0.000462541]
[HumanoidEnv] unhealthy terminate at step=630 z=0.198938 rpy=[0.650674, 0.125739, 1.23162] v_body=[-1.3967, 0.87337, 0.262493]
------------------------------------------
| rollout/                |              |
|    ep_len_mean          | 508          |
|    ep_rew_mean          | 18.9         |
| time/                   |              |
|    fps                  | 2586         |
|    iterations           | 31           |
|    time_elapsed         | 1571         |
|    total_timesteps      | 4063232      |
| train/                  |              |
|    approx_kl            | 0.0017019559 |
|    clip_fraction        | 0.0479       |
|    clip_range           | 0.1          |
|    clip_range_vf        | 0.2          |
|    entropy_loss         | -8.34        |
|    explained_variance   | 0.891        |
|    learning_rate        | 5e-06        |
|    loss                 | 0.146        |
|    n_updates            | 3760         |
|    policy_gradient_loss | -0.00245     |
|    std                  | 0.343        |
|    value_loss           | 0.603        |
------------------------------------------
[HumanoidEnv] Reset state env_id=0 z=0.299141 rpy=[-0.00235191, -0.00212424, 0.00101163]
[HumanoidEnv] unhealthy terminate at step=369 z=0.186565 rpy=[0.863592, -0.0376338, 0.342688] v_body=[1.34538, 2.07823, -1.48072]
------------------------------------------
| rollout/                |              |
|    ep_len_mean          | 504          |
|    ep_rew_mean          | 18.8         |
| time/                   |              |
|    fps                  | 2585         |
|    iterations           | 32           |
|    time_elapsed         | 1622         |
|    total_timesteps      | 4194304      |
| train/                  |              |
|    approx_kl            | 0.0016794021 |
|    clip_fraction        | 0.0465       |
|    clip_range           | 0.1          |
|    clip_range_vf        | 0.2          |
|    entropy_loss         | -8.45        |
|    explained_variance   | 0.892        |
|    learning_rate        | 5e-06        |
|    loss                 | 0.187        |
|    n_updates            | 3770         |
|    policy_gradient_loss | -0.00237     |
|    std                  | 0.345        |
|    value_loss           | 0.628        |
------------------------------------------
[HumanoidEnv] Reset state env_id=0 z=0.299085 rpy=[0.00133275, -0.00280323, 0.000636285]
[HumanoidEnv] unhealthy terminate at step=509 z=0.193835 rpy=[1.9268, -0.514799, -2.70284] v_body=[1.80725, 0.183781, 0.0480324]
------------------------------------------
| rollout/                |              |
|    ep_len_mean          | 544          |
|    ep_rew_mean          | 19.9         |
| time/                   |              |
|    fps                  | 2584         |
|    iterations           | 33           |
|    time_elapsed         | 1673         |
|    total_timesteps      | 4325376      |
| train/                  |              |
|    approx_kl            | 0.0016813627 |
|    clip_fraction        | 0.0458       |
|    clip_range           | 0.1          |
|    clip_range_vf        | 0.2          |
|    entropy_loss         | -8.55        |
|    explained_variance   | 0.893        |
|    learning_rate        | 5e-06        |
|    loss                 | 0.198        |
|    n_updates            | 3780         |
|    policy_gradient_loss | -0.00238     |
|    std                  | 0.346        |
|    value_loss           | 0.596        |
------------------------------------------
[HumanoidEnv] Reset state env_id=0 z=0.29924 rpy=[0.00303457, -0.00137047, 0.000267178]
[HumanoidEnv] unhealthy terminate at step=445 z=0.195773 rpy=[0.79938, 0.0681798, 0.681548] v_body=[-1.90407, 1.92872, 0.150516]
------------------------------------------
| rollout/                |              |
|    ep_len_mean          | 564          |
|    ep_rew_mean          | 21.2         |
| time/                   |              |
|    fps                  | 2583         |
|    iterations           | 34           |
|    time_elapsed         | 1724         |
|    total_timesteps      | 4456448      |
| train/                  |              |
|    approx_kl            | 0.0017099606 |
|    clip_fraction        | 0.0469       |
|    clip_range           | 0.1          |
|    clip_range_vf        | 0.2          |
|    entropy_loss         | -8.66        |
|    explained_variance   | 0.898        |
|    learning_rate        | 5e-06        |
|    loss                 | 0.165        |
|    n_updates            | 3790         |
|    policy_gradient_loss | -0.0026      |
|    std                  | 0.348        |
|    value_loss           | 0.553        |
------------------------------------------
[HumanoidEnv] Reset state env_id=0 z=0.299224 rpy=[3.06232e-05, -0.000834774, 0.000979649]
[HumanoidEnv] unhealthy terminate at step=751 z=0.196417 rpy=[-2.24044, 0.511895, -0.391093] v_body=[-0.947124, -0.757216, -0.394464]
------------------------------------------
| rollout/                |              |
|    ep_len_mean          | 537          |
|    ep_rew_mean          | 20.2         |
| time/                   |              |
|    fps                  | 2582         |
|    iterations           | 35           |
|    time_elapsed         | 1776         |
|    total_timesteps      | 4587520      |
| train/                  |              |
|    approx_kl            | 0.0017048845 |
|    clip_fraction        | 0.0485       |
|    clip_range           | 0.1          |
|    clip_range_vf        | 0.2          |
|    entropy_loss         | -8.77        |
|    explained_variance   | 0.899        |
|    learning_rate        | 5e-06        |
|    loss                 | 0.12         |
|    n_updates            | 3800         |
|    policy_gradient_loss | -0.00245     |
|    std                  | 0.349        |
|    value_loss           | 0.546        |
------------------------------------------
[HumanoidEnv] Reset state env_id=0 z=0.299136 rpy=[0.00118643, -0.00208751, 0.000512661]
[HumanoidEnv] unhealthy terminate at step=558 z=0.197744 rpy=[-0.667628, -0.727978, -3.03228] v_body=[0.0517344, -0.682242, -1.01332]
------------------------------------------
| rollout/                |              |
|    ep_len_mean          | 615          |
|    ep_rew_mean          | 23.2         |
| time/                   |              |
|    fps                  | 2582         |
|    iterations           | 36           |
|    time_elapsed         | 1827         |
|    total_timesteps      | 4718592      |
| train/                  |              |
|    approx_kl            | 0.0016556389 |
|    clip_fraction        | 0.0461       |
|    clip_range           | 0.1          |
|    clip_range_vf        | 0.2          |
|    entropy_loss         | -8.88        |
|    explained_variance   | 0.899        |
|    learning_rate        | 5e-06        |
|    loss                 | 0.011        |
|    n_updates            | 3810         |
|    policy_gradient_loss | -0.00239     |
|    std                  | 0.351        |
|    value_loss           | 0.527        |
------------------------------------------
[HumanoidEnv] Reset state env_id=0 z=0.2993 rpy=[0.0029685, -0.000743244, 0.00048387]
[HumanoidEnv] unhealthy terminate at step=394 z=0.196194 rpy=[-2.89296, -0.0651768, 1.5036] v_body=[-1.06979, 0.614254, 1.37066]
------------------------------------------
| rollout/                |              |
|    ep_len_mean          | 624          |
|    ep_rew_mean          | 23.5         |
| time/                   |              |
|    fps                  | 2582         |
|    iterations           | 37           |
|    time_elapsed         | 1877         |
|    total_timesteps      | 4849664      |
| train/                  |              |
|    approx_kl            | 0.0016862287 |
|    clip_fraction        | 0.0484       |
|    clip_range           | 0.1          |
|    clip_range_vf        | 0.2          |
|    entropy_loss         | -8.98        |
|    explained_variance   | 0.888        |
|    learning_rate        | 5e-06        |
|    loss                 | 0.0604       |
|    n_updates            | 3820         |
|    policy_gradient_loss | -0.00251     |
|    std                  | 0.353        |
|    value_loss           | 0.545        |
------------------------------------------
[HumanoidEnv] Reset state env_id=0 z=0.299147 rpy=[0.00133338, -0.00191982, 0.000235018]
[HumanoidEnv] unhealthy terminate at step=682 z=0.197999 rpy=[2.05854, -0.16209, -2.14322] v_body=[-0.175552, 0.347455, 1.5262]
------------------------------------------
| rollout/                |              |
|    ep_len_mean          | 632          |
|    ep_rew_mean          | 24.2         |
| time/                   |              |
|    fps                  | 2582         |
|    iterations           | 38           |
|    time_elapsed         | 1928         |
|    total_timesteps      | 4980736      |
| train/                  |              |
|    approx_kl            | 0.0016377692 |
|    clip_fraction        | 0.0448       |
|    clip_range           | 0.1          |
|    clip_range_vf        | 0.2          |
|    entropy_loss         | -9.09        |
|    explained_variance   | 0.88         |
|    learning_rate        | 5e-06        |
|    loss                 | 0.0574       |
|    n_updates            | 3830         |
|    policy_gradient_loss | -0.00242     |
|    std                  | 0.354        |
|    value_loss           | 0.544        |
------------------------------------------
INFO:root:VecNormalize statistics saved at: data/beta2/quadruped_ppo_model_ckpt_vecnormalize.pkl
INFO:root:Model saved at: data/beta2/quadruped_ppo_model_ckpt.zip
INFO:root:Checkpoint written at 5000960 timesteps
------------------------------------------
| rollout/                |              |
|    ep_len_mean          | 582          |
|    ep_rew_mean          | 21.8         |
| time/                   |              |
|    fps                  | 2582         |
|    iterations           | 39           |
|    time_elapsed         | 1979         |
|    total_timesteps      | 5111808      |
| train/                  |              |
|    approx_kl            | 0.0016289335 |
|    clip_fraction        | 0.0436       |
|    clip_range           | 0.1          |
|    clip_range_vf        | 0.2          |
|    entropy_loss         | -9.2         |
|    explained_variance   | 0.88         |
|    learning_rate        | 5e-06        |
|    loss                 | 0.109        |
|    n_updates            | 3840         |
|    policy_gradient_loss | -0.0022      |
|    std                  | 0.356        |
|    value_loss           | 0.57         |
------------------------------------------
[HumanoidEnv] Reset state env_id=0 z=0.299057 rpy=[0.000670928, -0.00288637, 0.000215219]
[HumanoidEnv] unhealthy terminate at step=757 z=0.197971 rpy=[-1.13815, -0.235409, -0.724671] v_body=[1.09568, -1.16185, -0.368185]
------------------------------------------
| rollout/                |              |
|    ep_len_mean          | 588          |
|    ep_rew_mean          | 22           |
| time/                   |              |
|    fps                  | 2582         |
|    iterations           | 40           |
|    time_elapsed         | 2030         |
|    total_timesteps      | 5242880      |
| train/                  |              |
|    approx_kl            | 0.0016470908 |
|    clip_fraction        | 0.0445       |
|    clip_range           | 0.1          |
|    clip_range_vf        | 0.2          |
|    entropy_loss         | -9.31        |
|    explained_variance   | 0.89         |
|    learning_rate        | 5e-06        |
|    loss                 | 0.0783       |
|    n_updates            | 3850         |
|    policy_gradient_loss | -0.00238     |
|    std                  | 0.357        |
|    value_loss           | 0.554        |
------------------------------------------
[HumanoidEnv] Reset state env_id=0 z=0.299263 rpy=[0.000164731, -0.000258702, 0.000354311]
[HumanoidEnv] unhealthy terminate at step=585 z=0.196842 rpy=[1.41642, 0.325133, 0.618829] v_body=[0.718975, 0.854733, -1.0224]
-----------------------------------------
| rollout/                |             |
|    ep_len_mean          | 575         |
|    ep_rew_mean          | 21.5        |
| time/                   |             |
|    fps                  | 2581        |
|    iterations           | 41          |
|    time_elapsed         | 2081        |
|    total_timesteps      | 5373952     |
| train/                  |             |
|    approx_kl            | 0.001667425 |
|    clip_fraction        | 0.0461      |
|    clip_range           | 0.1         |
|    clip_range_vf        | 0.2         |
|    entropy_loss         | -9.41       |
|    explained_variance   | 0.886       |
|    learning_rate        | 5e-06       |
|    loss                 | 0.187       |
|    n_updates            | 3860        |
|    policy_gradient_loss | -0.0023     |
|    std                  | 0.359       |
|    value_loss           | 0.597       |
-----------------------------------------
[HumanoidEnv] Reset state env_id=0 z=0.299074 rpy=[0.000729415, -0.00266398, 0.000227371]
[HumanoidEnv] unhealthy terminate at step=402 z=0.187167 rpy=[-1.71504, -0.310234, 0.647875] v_body=[0.626522, -1.75195, -1.75842]
------------------------------------------
| rollout/                |              |
|    ep_len_mean          | 501          |
|    ep_rew_mean          | 19           |
| time/                   |              |
|    fps                  | 2581         |
|    iterations           | 42           |
|    time_elapsed         | 2132         |
|    total_timesteps      | 5505024      |
| train/                  |              |
|    approx_kl            | 0.0016755363 |
|    clip_fraction        | 0.0432       |
|    clip_range           | 0.1          |
|    clip_range_vf        | 0.2          |
|    entropy_loss         | -9.52        |
|    explained_variance   | 0.889        |
|    learning_rate        | 5e-06        |
|    loss                 | 0.203        |
|    n_updates            | 3870         |
|    policy_gradient_loss | -0.00227     |
|    std                  | 0.361        |
|    value_loss           | 0.623        |
------------------------------------------
[HumanoidEnv] Reset state env_id=0 z=0.299249 rpy=[-0.00169355, -0.000452612, 0.00114165]
[HumanoidEnv] unhealthy terminate at step=452 z=0.193151 rpy=[-1.67935, 0.123206, -1.57108] v_body=[-0.788656, -1.6973, -0.632294]
[HumanoidEnv] Reset state env_id=0 z=0.299219 rpy=[0.00100428, -0.000977111, 0.000483604]
[HumanoidEnv] unhealthy terminate at step=442 z=0.19978 rpy=[-0.645257, 0.256415, 2.86671] v_body=[0.541986, -1.55511, -1.64388]
------------------------------------------
| rollout/                |              |
|    ep_len_mean          | 543          |
|    ep_rew_mean          | 20.5         |
| time/                   |              |
|    fps                  | 2581         |
|    iterations           | 43           |
|    time_elapsed         | 2183         |
|    total_timesteps      | 5636096      |
| train/                  |              |
|    approx_kl            | 0.0017015026 |
|    clip_fraction        | 0.0481       |
|    clip_range           | 0.1          |
|    clip_range_vf        | 0.2          |
|    entropy_loss         | -9.63        |
|    explained_variance   | 0.892        |
|    learning_rate        | 5e-06        |
|    loss                 | 0.0728       |
|    n_updates            | 3880         |
|    policy_gradient_loss | -0.0024      |
|    std                  | 0.362        |
|    value_loss           | 0.614        |
------------------------------------------
[HumanoidEnv] Reset state env_id=0 z=0.299231 rpy=[0.00278041, -0.00157327, 0.000692986]
[HumanoidEnv] unhealthy terminate at step=423 z=0.19029 rpy=[0.835939, -0.17657, 1.5429] v_body=[-1.16676, 1.33089, -0.840094]
------------------------------------------
| rollout/                |              |
|    ep_len_mean          | 523          |
|    ep_rew_mean          | 19.7         |
| time/                   |              |
|    fps                  | 2581         |
|    iterations           | 44           |
|    time_elapsed         | 2233         |
|    total_timesteps      | 5767168      |
| train/                  |              |
|    approx_kl            | 0.0016730251 |
|    clip_fraction        | 0.0472       |
|    clip_range           | 0.1          |
|    clip_range_vf        | 0.2          |
|    entropy_loss         | -9.74        |
|    explained_variance   | 0.903        |
|    learning_rate        | 5e-06        |
|    loss                 | 0.0569       |
|    n_updates            | 3890         |
|    policy_gradient_loss | -0.00226     |
|    std                  | 0.364        |
|    value_loss           | 0.578        |
------------------------------------------
[HumanoidEnv] Reset state env_id=0 z=0.299143 rpy=[-0.000312328, -0.00176962, 0.000462998]
[HumanoidEnv] unhealthy terminate at step=528 z=0.198515 rpy=[1.02933, -0.0722541, 0.56331] v_body=[1.04995, 1.06085, -0.19107]
-----------------------------------------
| rollout/                |             |
|    ep_len_mean          | 514         |
|    ep_rew_mean          | 19.2        |
| time/                   |             |
|    fps                  | 2581        |
|    iterations           | 45          |
|    time_elapsed         | 2284        |
|    total_timesteps      | 5898240     |
| train/                  |             |
|    approx_kl            | 0.001665952 |
|    clip_fraction        | 0.0448      |
|    clip_range           | 0.1         |
|    clip_range_vf        | 0.2         |
|    entropy_loss         | -9.85       |
|    explained_variance   | 0.895       |
|    learning_rate        | 5e-06       |
|    loss                 | 0.109       |
|    n_updates            | 3900        |
|    policy_gradient_loss | -0.00226    |
|    std                  | 0.366       |
|    value_loss           | 0.609       |
-----------------------------------------
INFO:root:VecNormalize statistics saved at: data/beta2/quadruped_ppo_model_ckpt_vecnormalize.pkl
INFO:root:Model saved at: data/beta2/quadruped_ppo_model_ckpt.zip
INFO:root:Checkpoint written at 6001152 timesteps
------------------------------------------
| rollout/                |              |
|    ep_len_mean          | 541          |
|    ep_rew_mean          | 20.3         |
| time/                   |              |
|    fps                  | 2582         |
|    iterations           | 46           |
|    time_elapsed         | 2335         |
|    total_timesteps      | 6029312      |
| train/                  |              |
|    approx_kl            | 0.0016668689 |
|    clip_fraction        | 0.0457       |
|    clip_range           | 0.1          |
|    clip_range_vf        | 0.2          |
|    entropy_loss         | -9.96        |
|    explained_variance   | 0.896        |
|    learning_rate        | 5e-06        |
|    loss                 | 0.0602       |
|    n_updates            | 3910         |
|    policy_gradient_loss | -0.00236     |
|    std                  | 0.367        |
|    value_loss           | 0.585        |
------------------------------------------
-----------------------------------------
| rollout/                |             |
|    ep_len_mean          | 523         |
|    ep_rew_mean          | 19.5        |
| time/                   |             |
|    fps                  | 2582        |
|    iterations           | 47          |
|    time_elapsed         | 2385        |
|    total_timesteps      | 6160384     |
| train/                  |             |
|    approx_kl            | 0.001725327 |
|    clip_fraction        | 0.0486      |
|    clip_range           | 0.1         |
|    clip_range_vf        | 0.2         |
|    entropy_loss         | -10.1       |
|    explained_variance   | 0.899       |
|    learning_rate        | 5e-06       |
|    loss                 | 0.0448      |
|    n_updates            | 3920        |
|    policy_gradient_loss | -0.00251    |
|    std                  | 0.369       |
|    value_loss           | 0.588       |
-----------------------------------------
[HumanoidEnv] Reset state env_id=0 z=0.299146 rpy=[-0.00028768, -0.00185925, 0.000792145]
[HumanoidEnv] Reset state env_id=0 z=0.299108 rpy=[0.000415986, -0.00237434, 0.00084732]
[HumanoidEnv] unhealthy terminate at step=320 z=0.189613 rpy=[-0.491223, -0.352457, 0.29865] v_body=[-0.604352, 0.714256, -2.08452]
------------------------------------------
| rollout/                |              |
|    ep_len_mean          | 526          |
|    ep_rew_mean          | 19.4         |
| time/                   |              |
|    fps                  | 2582         |
|    iterations           | 48           |
|    time_elapsed         | 2436         |
|    total_timesteps      | 6291456      |
| train/                  |              |
|    approx_kl            | 0.0016653576 |
|    clip_fraction        | 0.043        |
|    clip_range           | 0.1          |
|    clip_range_vf        | 0.2          |
|    entropy_loss         | -10.2        |
|    explained_variance   | 0.889        |
|    learning_rate        | 5e-06        |
|    loss                 | 0.0862       |
|    n_updates            | 3930         |
|    policy_gradient_loss | -0.00229     |
|    std                  | 0.371        |
|    value_loss           | 0.622        |
------------------------------------------
[HumanoidEnv] Reset state env_id=0 z=0.299152 rpy=[0.00196311, -0.0021452, 0.000629662]
[HumanoidEnv] unhealthy terminate at step=590 z=0.195731 rpy=[-0.175914, 0.0960258, 0.121973] v_body=[-0.945266, 0.903708, -0.86074]
------------------------------------------
| rollout/                |              |
|    ep_len_mean          | 502          |
|    ep_rew_mean          | 18.6         |
| time/                   |              |
|    fps                  | 2582         |
|    iterations           | 49           |
|    time_elapsed         | 2487         |
|    total_timesteps      | 6422528      |
| train/                  |              |
|    approx_kl            | 0.0016127768 |
|    clip_fraction        | 0.0401       |
|    clip_range           | 0.1          |
|    clip_range_vf        | 0.2          |
|    entropy_loss         | -10.3        |
|    explained_variance   | 0.888        |
|    learning_rate        | 5e-06        |
|    loss                 | -0.0527      |
|    n_updates            | 3940         |
|    policy_gradient_loss | -0.00211     |
|    std                  | 0.372        |
|    value_loss           | 0.629        |
------------------------------------------
-----------------------------------------
| rollout/                |             |
|    ep_len_mean          | 504         |
|    ep_rew_mean          | 18.5        |
| time/                   |             |
|    fps                  | 2582        |
|    iterations           | 50          |
|    time_elapsed         | 2538        |
|    total_timesteps      | 6553600     |
| train/                  |             |
|    approx_kl            | 0.001628255 |
|    clip_fraction        | 0.0445      |
|    clip_range           | 0.1         |
|    clip_range_vf        | 0.2         |
|    entropy_loss         | -10.4       |
|    explained_variance   | 0.889       |
|    learning_rate        | 5e-06       |
|    loss                 | 0.127       |
|    n_updates            | 3950        |
|    policy_gradient_loss | -0.0022     |
|    std                  | 0.374       |
|    value_loss           | 0.601       |
-----------------------------------------
[HumanoidEnv] Reset state env_id=0 z=0.299261 rpy=[0.0020582, -0.000888242, 0.000675554]
[HumanoidEnv] unhealthy terminate at step=905 z=0.196224 rpy=[-0.898586, -0.164714, -1.9245] v_body=[-0.764725, 0.936159, 0.386002]
------------------------------------------
| rollout/                |              |
|    ep_len_mean          | 526          |
|    ep_rew_mean          | 19.4         |
| time/                   |              |
|    fps                  | 2581         |
|    iterations           | 51           |
|    time_elapsed         | 2589         |
|    total_timesteps      | 6684672      |
| train/                  |              |
|    approx_kl            | 0.0016299046 |
|    clip_fraction        | 0.0415       |
|    clip_range           | 0.1          |
|    clip_range_vf        | 0.2          |
|    entropy_loss         | -10.5        |
|    explained_variance   | 0.88         |
|    learning_rate        | 5e-06        |
|    loss                 | 0.0834       |
|    n_updates            | 3960         |
|    policy_gradient_loss | -0.00223     |
|    std                  | 0.376        |
|    value_loss           | 0.646        |
------------------------------------------
[HumanoidEnv] Reset state env_id=0 z=0.299216 rpy=[-0.00220299, -0.000984597, 0.000867157]
[HumanoidEnv] unhealthy terminate at step=745 z=0.196159 rpy=[-1.82482, 0.0938643, 0.737147] v_body=[-0.0278641, -1.59805, -2.52125]
------------------------------------------
| rollout/                |              |
|    ep_len_mean          | 500          |
|    ep_rew_mean          | 18.3         |
| time/                   |              |
|    fps                  | 2581         |
|    iterations           | 52           |
|    time_elapsed         | 2640         |
|    total_timesteps      | 6815744      |
| train/                  |              |
|    approx_kl            | 0.0016369112 |
|    clip_fraction        | 0.0407       |
|    clip_range           | 0.1          |
|    clip_range_vf        | 0.2          |
|    entropy_loss         | -10.6        |
|    explained_variance   | 0.88         |
|    learning_rate        | 5e-06        |
|    loss                 | 0.00112      |
|    n_updates            | 3970         |
|    policy_gradient_loss | -0.00215     |
|    std                  | 0.377        |
|    value_loss           | 0.622        |
------------------------------------------
[HumanoidEnv] Reset state env_id=0 z=0.29926 rpy=[0.00208862, -0.000820093, 0.000448506]
[HumanoidEnv] unhealthy terminate at step=554 z=0.199561 rpy=[0.858421, -0.48728, 3.04761] v_body=[-1.58803, 0.67031, -2.17162]
------------------------------------------
| rollout/                |              |
|    ep_len_mean          | 510          |
|    ep_rew_mean          | 18.5         |
| time/                   |              |
|    fps                  | 2581         |
|    iterations           | 53           |
|    time_elapsed         | 2690         |
|    total_timesteps      | 6946816      |
| train/                  |              |
|    approx_kl            | 0.0016373531 |
|    clip_fraction        | 0.0422       |
|    clip_range           | 0.1          |
|    clip_range_vf        | 0.2          |
|    entropy_loss         | -10.7        |
|    explained_variance   | 0.878        |
|    learning_rate        | 5e-06        |
|    loss                 | 0.102        |
|    n_updates            | 3980         |
|    policy_gradient_loss | -0.00225     |
|    std                  | 0.379        |
|    value_loss           | 0.624        |
------------------------------------------
INFO:root:VecNormalize statistics saved at: data/beta2/quadruped_ppo_model_ckpt_vecnormalize.pkl
INFO:root:Model saved at: data/beta2/quadruped_ppo_model_ckpt.zip
INFO:root:Checkpoint written at 7001344 timesteps
[HumanoidEnv] Reset state env_id=0 z=0.299081 rpy=[9.43993e-05, -0.00266611, 0.000657572]
[HumanoidEnv] unhealthy terminate at step=430 z=0.198247 rpy=[-0.340026, -0.170977, -1.16398] v_body=[-1.41827, -0.933262, -0.468393]
------------------------------------------
| rollout/                |              |
|    ep_len_mean          | 515          |
|    ep_rew_mean          | 18.5         |
| time/                   |              |
|    fps                  | 2581         |
|    iterations           | 54           |
|    time_elapsed         | 2741         |
|    total_timesteps      | 7077888      |
| train/                  |              |
|    approx_kl            | 0.0016544486 |
|    clip_fraction        | 0.0432       |
|    clip_range           | 0.1          |
|    clip_range_vf        | 0.2          |
|    entropy_loss         | -10.8        |
|    explained_variance   | 0.886        |
|    learning_rate        | 5e-06        |
|    loss                 | -0.0707      |
|    n_updates            | 3990         |
|    policy_gradient_loss | -0.00229     |
|    std                  | 0.381        |
|    value_loss           | 0.598        |
------------------------------------------
[HumanoidEnv] Reset state env_id=0 z=0.299074 rpy=[-0.000471714, -0.00276391, 0.000637747]
[HumanoidEnv] unhealthy terminate at step=544 z=0.198734 rpy=[-0.810311, -0.304813, -0.497397] v_body=[1.52307, -0.43457, -0.0584299]
------------------------------------------
| rollout/                |              |
|    ep_len_mean          | 518          |
|    ep_rew_mean          | 18.7         |
| time/                   |              |
|    fps                  | 2581         |
|    iterations           | 55           |
|    time_elapsed         | 2792         |
|    total_timesteps      | 7208960      |
| train/                  |              |
|    approx_kl            | 0.0016125431 |
|    clip_fraction        | 0.0397       |
|    clip_range           | 0.1          |
|    clip_range_vf        | 0.2          |
|    entropy_loss         | -10.9        |
|    explained_variance   | 0.881        |
|    learning_rate        | 5e-06        |
|    loss                 | 0.0516       |
|    n_updates            | 4000         |
|    policy_gradient_loss | -0.00217     |
|    std                  | 0.382        |
|    value_loss           | 0.615        |
------------------------------------------
------------------------------------------
| rollout/                |              |
|    ep_len_mean          | 498          |
|    ep_rew_mean          | 18.1         |
| time/                   |              |
|    fps                  | 2581         |
|    iterations           | 56           |
|    time_elapsed         | 2843         |
|    total_timesteps      | 7340032      |
| train/                  |              |
|    approx_kl            | 0.0016916129 |
|    clip_fraction        | 0.0457       |
|    clip_range           | 0.1          |
|    clip_range_vf        | 0.2          |
|    entropy_loss         | -11          |
|    explained_variance   | 0.884        |
|    learning_rate        | 5e-06        |
|    loss                 | 0.0492       |
|    n_updates            | 4010         |
|    policy_gradient_loss | -0.00234     |
|    std                  | 0.384        |
|    value_loss           | 0.612        |
------------------------------------------
------------------------------------------
| rollout/                |              |
|    ep_len_mean          | 545          |
|    ep_rew_mean          | 20.2         |
| time/                   |              |
|    fps                  | 2581         |
|    iterations           | 57           |
|    time_elapsed         | 2893         |
|    total_timesteps      | 7471104      |
| train/                  |              |
|    approx_kl            | 0.0015630575 |
|    clip_fraction        | 0.0376       |
|    clip_range           | 0.1          |
|    clip_range_vf        | 0.2          |
|    entropy_loss         | -11.1        |
|    explained_variance   | 0.888        |
|    learning_rate        | 5e-06        |
|    loss                 | 0.012        |
|    n_updates            | 4020         |
|    policy_gradient_loss | -0.00203     |
|    std                  | 0.386        |
|    value_loss           | 0.578        |
------------------------------------------
[HumanoidEnv] Reset state env_id=0 z=0.299093 rpy=[0.00208183, -0.00281985, 0.00028303]
[HumanoidEnv] Reset state env_id=0 z=0.299255 rpy=[0.000168895, -0.000454604, 0.000739815]
[HumanoidEnv] unhealthy terminate at step=329 z=0.185784 rpy=[0.402345, 0.143947, 0.239649] v_body=[-1.58609, 0.883012, -0.901187]
------------------------------------------
| rollout/                |              |
|    ep_len_mean          | 551          |
|    ep_rew_mean          | 20.3         |
| time/                   |              |
|    fps                  | 2581         |
|    iterations           | 58           |
|    time_elapsed         | 2944         |
|    total_timesteps      | 7602176      |
| train/                  |              |
|    approx_kl            | 0.0016332273 |
|    clip_fraction        | 0.042        |
|    clip_range           | 0.1          |
|    clip_range_vf        | 0.2          |
|    entropy_loss         | -11.3        |
|    explained_variance   | 0.879        |
|    learning_rate        | 5e-06        |
|    loss                 | -0.0376      |
|    n_updates            | 4030         |
|    policy_gradient_loss | -0.00227     |
|    std                  | 0.388        |
|    value_loss           | 0.584        |
------------------------------------------
[HumanoidEnv] Reset state env_id=0 z=0.299091 rpy=[0.0011579, -0.00259576, 0.000344363]
[HumanoidEnv] unhealthy terminate at step=449 z=0.199159 rpy=[0.161831, 0.236429, -1.27939] v_body=[-0.565411, 0.214679, -0.449761]
------------------------------------------
| rollout/                |              |
|    ep_len_mean          | 548          |
|    ep_rew_mean          | 20.4         |
| time/                   |              |
|    fps                  | 2581         |
|    iterations           | 59           |
|    time_elapsed         | 2995         |
|    total_timesteps      | 7733248      |
| train/                  |              |
|    approx_kl            | 0.0016417634 |
|    clip_fraction        | 0.0425       |
|    clip_range           | 0.1          |
|    clip_range_vf        | 0.2          |
|    entropy_loss         | -11.4        |
|    explained_variance   | 0.889        |
|    learning_rate        | 5e-06        |
|    loss                 | -0.00749     |
|    n_updates            | 4040         |
|    policy_gradient_loss | -0.00232     |
|    std                  | 0.389        |
|    value_loss           | 0.532        |
------------------------------------------
[HumanoidEnv] Reset state env_id=0 z=0.299259 rpy=[0.000306065, -0.000471672, 0.000908448]
[HumanoidEnv] unhealthy terminate at step=573 z=0.196484 rpy=[-2.73997, 0.134756, -0.0871021] v_body=[0.097259, -0.556104, 1.04959]
------------------------------------------
| rollout/                |              |
|    ep_len_mean          | 576          |
|    ep_rew_mean          | 21.4         |
| time/                   |              |
|    fps                  | 2581         |
|    iterations           | 60           |
|    time_elapsed         | 3045         |
|    total_timesteps      | 7864320      |
| train/                  |              |
|    approx_kl            | 0.0015989918 |
|    clip_fraction        | 0.0416       |
|    clip_range           | 0.1          |
|    clip_range_vf        | 0.2          |
|    entropy_loss         | -11.5        |
|    explained_variance   | 0.872        |
|    learning_rate        | 5e-06        |
|    loss                 | 0.161        |
|    n_updates            | 4050         |
|    policy_gradient_loss | -0.00213     |
|    std                  | 0.391        |
|    value_loss           | 0.578        |
------------------------------------------
[HumanoidEnv] Reset state env_id=0 z=0.299122 rpy=[0.000775186, -0.0021174, 0.000414569]
[HumanoidEnv] unhealthy terminate at step=609 z=0.197216 rpy=[0.606399, 0.351753, -1.21929] v_body=[0.576934, 0.307768, -0.200093]
------------------------------------------
| rollout/                |              |
|    ep_len_mean          | 594          |
|    ep_rew_mean          | 21.8         |
| time/                   |              |
|    fps                  | 2581         |
|    iterations           | 61           |
|    time_elapsed         | 3096         |
|    total_timesteps      | 7995392      |
| train/                  |              |
|    approx_kl            | 0.0015201385 |
|    clip_fraction        | 0.0355       |
|    clip_range           | 0.1          |
|    clip_range_vf        | 0.2          |
|    entropy_loss         | -11.6        |
|    explained_variance   | 0.852        |
|    learning_rate        | 5e-06        |
|    loss                 | 0.0134       |
|    n_updates            | 4060         |
|    policy_gradient_loss | -0.00198     |
|    std                  | 0.393        |
|    value_loss           | 0.618        |
------------------------------------------
INFO:root:VecNormalize statistics saved at: data/beta2/quadruped_ppo_model_ckpt_vecnormalize.pkl
INFO:root:Model saved at: data/beta2/quadruped_ppo_model_ckpt.zip
INFO:root:Checkpoint written at 8001536 timesteps
[HumanoidEnv] Reset state env_id=0 z=0.299143 rpy=[0.000878768, -0.00187343, 0.00036778]
[HumanoidEnv] unhealthy terminate at step=732 z=0.189349 rpy=[-2.56387, 0.39759, 2.823] v_body=[-2.41337, 2.18839, 0.477606]
------------------------------------------
| rollout/                |              |
|    ep_len_mean          | 534          |
|    ep_rew_mean          | 19.9         |
| time/                   |              |
|    fps                  | 2581         |
|    iterations           | 62           |
|    time_elapsed         | 3147         |
|    total_timesteps      | 8126464      |
| train/                  |              |
|    approx_kl            | 0.0016669342 |
|    clip_fraction        | 0.0439       |
|    clip_range           | 0.1          |
|    clip_range_vf        | 0.2          |
|    entropy_loss         | -11.7        |
|    explained_variance   | 0.874        |
|    learning_rate        | 5e-06        |
|    loss                 | 0.0988       |
|    n_updates            | 4070         |
|    policy_gradient_loss | -0.00232     |
|    std                  | 0.395        |
|    value_loss           | 0.605        |
------------------------------------------
------------------------------------------
| rollout/                |              |
|    ep_len_mean          | 526          |
|    ep_rew_mean          | 19.3         |
| time/                   |              |
|    fps                  | 2582         |
|    iterations           | 63           |
|    time_elapsed         | 3197         |
|    total_timesteps      | 8257536      |
| train/                  |              |
|    approx_kl            | 0.0016436563 |
|    clip_fraction        | 0.0419       |
|    clip_range           | 0.1          |
|    clip_range_vf        | 0.2          |
|    entropy_loss         | -11.8        |
|    explained_variance   | 0.87         |
|    learning_rate        | 5e-06        |
|    loss                 | 0.0309       |
|    n_updates            | 4080         |
|    policy_gradient_loss | -0.00224     |
|    std                  | 0.396        |
|    value_loss           | 0.612        |
------------------------------------------
[HumanoidEnv] Reset state env_id=0 z=0.299264 rpy=[0.000105861, -0.000315656, 0.000680214]
[HumanoidEnv] unhealthy terminate at step=589 z=0.199059 rpy=[-2.9889, 0.414158, 2.22669] v_body=[-0.629807, -0.346234, 0.820607]
[HumanoidEnv] Reset state env_id=0 z=0.299088 rpy=[0.00153715, -0.00278205, 0.000480408]
[HumanoidEnv] unhealthy terminate at step=338 z=0.195706 rpy=[-0.668902, 0.0656492, -0.7776] v_body=[0.198416, -1.54277, -0.621637]
------------------------------------------
| rollout/                |              |
|    ep_len_mean          | 491          |
|    ep_rew_mean          | 18           |
| time/                   |              |
|    fps                  | 2582         |
|    iterations           | 64           |
|    time_elapsed         | 3248         |
|    total_timesteps      | 8388608      |
| train/                  |              |
|    approx_kl            | 0.0016084302 |
|    clip_fraction        | 0.0422       |
|    clip_range           | 0.1          |
|    clip_range_vf        | 0.2          |
|    entropy_loss         | -11.9        |
|    explained_variance   | 0.875        |
|    learning_rate        | 5e-06        |
|    loss                 | -0.00279     |
|    n_updates            | 4090         |
|    policy_gradient_loss | -0.00219     |
|    std                  | 0.398        |
|    value_loss           | 0.596        |
------------------------------------------
[HumanoidEnv] Reset state env_id=0 z=0.299118 rpy=[-0.00251864, -0.00245507, 0.000562357]
[HumanoidEnv] unhealthy terminate at step=464 z=0.199612 rpy=[2.47547, -0.620086, -0.327121] v_body=[-0.584421, 0.340948, 1.71786]
------------------------------------------
| rollout/                |              |
|    ep_len_mean          | 493          |
|    ep_rew_mean          | 18.2         |
| time/                   |              |
|    fps                  | 2582         |
|    iterations           | 65           |
|    time_elapsed         | 3299         |
|    total_timesteps      | 8519680      |
| train/                  |              |
|    approx_kl            | 0.0015999298 |
|    clip_fraction        | 0.0412       |
|    clip_range           | 0.1          |
|    clip_range_vf        | 0.2          |
|    entropy_loss         | -12          |
|    explained_variance   | 0.88         |
|    learning_rate        | 5e-06        |
|    loss                 | -0.0245      |
|    n_updates            | 4100         |
|    policy_gradient_loss | -0.00223     |
|    std                  | 0.4          |
|    value_loss           | 0.625        |
------------------------------------------
[HumanoidEnv] Reset state env_id=0 z=0.299227 rpy=[0.00122369, -0.00100243, 0.000665293]
[HumanoidEnv] unhealthy terminate at step=430 z=0.19358 rpy=[0.750776, 0.264986, 0.601982] v_body=[-0.317998, 1.43453, -0.5293]
------------------------------------------
| rollout/                |              |
|    ep_len_mean          | 540          |
|    ep_rew_mean          | 20           |
| time/                   |              |
|    fps                  | 2582         |
|    iterations           | 66           |
|    time_elapsed         | 3350         |
|    total_timesteps      | 8650752      |
| train/                  |              |
|    approx_kl            | 0.0016942808 |
|    clip_fraction        | 0.044        |
|    clip_range           | 0.1          |
|    clip_range_vf        | 0.2          |
|    entropy_loss         | -12.1        |
|    explained_variance   | 0.88         |
|    learning_rate        | 5e-06        |
|    loss                 | 0.0405       |
|    n_updates            | 4110         |
|    policy_gradient_loss | -0.00245     |
|    std                  | 0.402        |
|    value_loss           | 0.593        |
------------------------------------------
[HumanoidEnv] Reset state env_id=0 z=0.29924 rpy=[0.000102691, -0.000553684, 0.000498525]
[HumanoidEnv] unhealthy terminate at step=416 z=0.193854 rpy=[-0.0518781, 0.323112, 0.124986] v_body=[0.770616, 1.27012, -1.27408]
------------------------------------------
| rollout/                |              |
|    ep_len_mean          | 540          |
|    ep_rew_mean          | 20           |
| time/                   |              |
|    fps                  | 2582         |
|    iterations           | 67           |
|    time_elapsed         | 3400         |
|    total_timesteps      | 8781824      |
| train/                  |              |
|    approx_kl            | 0.0016012073 |
|    clip_fraction        | 0.0393       |
|    clip_range           | 0.1          |
|    clip_range_vf        | 0.2          |
|    entropy_loss         | -12.2        |
|    explained_variance   | 0.883        |
|    learning_rate        | 5e-06        |
|    loss                 | -0.0878      |
|    n_updates            | 4120         |
|    policy_gradient_loss | -0.00213     |
|    std                  | 0.404        |
|    value_loss           | 0.582        |
------------------------------------------
[HumanoidEnv] Reset state env_id=0 z=0.299076 rpy=[0.000162871, -0.00261967, 0.000330485]
[HumanoidEnv] unhealthy terminate at step=752 z=0.191721 rpy=[-0.693797, 0.126586, -3.07688] v_body=[-1.35997, 2.44166, -0.532537]
------------------------------------------
| rollout/                |              |
|    ep_len_mean          | 589          |
|    ep_rew_mean          | 21.2         |
| time/                   |              |
|    fps                  | 2582         |
|    iterations           | 68           |
|    time_elapsed         | 3451         |
|    total_timesteps      | 8912896      |
| train/                  |              |
|    approx_kl            | 0.0015836351 |
|    clip_fraction        | 0.0389       |
|    clip_range           | 0.1          |
|    clip_range_vf        | 0.2          |
|    entropy_loss         | -12.3        |
|    explained_variance   | 0.887        |
|    learning_rate        | 5e-06        |
|    loss                 | -0.139       |
|    n_updates            | 4130         |
|    policy_gradient_loss | -0.00211     |
|    std                  | 0.406        |
|    value_loss           | 0.56         |
------------------------------------------
INFO:root:VecNormalize statistics saved at: data/beta2/quadruped_ppo_model_ckpt_vecnormalize.pkl
INFO:root:Model saved at: data/beta2/quadruped_ppo_model_ckpt.zip
INFO:root:Checkpoint written at 9001728 timesteps
------------------------------------------
| rollout/                |              |
|    ep_len_mean          | 564          |
|    ep_rew_mean          | 20.4         |
| time/                   |              |
|    fps                  | 2582         |
|    iterations           | 69           |
|    time_elapsed         | 3501         |
|    total_timesteps      | 9043968      |
| train/                  |              |
|    approx_kl            | 0.0015762479 |
|    clip_fraction        | 0.0384       |
|    clip_range           | 0.1          |
|    clip_range_vf        | 0.2          |
|    entropy_loss         | -12.4        |
|    explained_variance   | 0.887        |
|    learning_rate        | 5e-06        |
|    loss                 | -0.173       |
|    n_updates            | 4140         |
|    policy_gradient_loss | -0.00214     |
|    std                  | 0.407        |
|    value_loss           | 0.562        |
------------------------------------------
[HumanoidEnv] Reset state env_id=0 z=0.299147 rpy=[-0.000801249, -0.00188421, 0.000977214]
[HumanoidEnv] unhealthy terminate at step=635 z=0.193251 rpy=[2.97458, -0.0321989, 0.14392] v_body=[-1.94996, -1.26121, 0.904656]
------------------------------------------
| rollout/                |              |
|    ep_len_mean          | 558          |
|    ep_rew_mean          | 20.1         |
| time/                   |              |
|    fps                  | 2581         |
|    iterations           | 70           |
|    time_elapsed         | 3553         |
|    total_timesteps      | 9175040      |
| train/                  |              |
|    approx_kl            | 0.0015796594 |
|    clip_fraction        | 0.0396       |
|    clip_range           | 0.1          |
|    clip_range_vf        | 0.2          |
|    entropy_loss         | -12.6        |
|    explained_variance   | 0.883        |
|    learning_rate        | 5e-06        |
|    loss                 | -0.102       |
|    n_updates            | 4150         |
|    policy_gradient_loss | -0.00224     |
|    std                  | 0.409        |
|    value_loss           | 0.539        |
------------------------------------------
[HumanoidEnv] Reset state env_id=0 z=0.299164 rpy=[-0.00147787, -0.00161419, 0.000689785]
[HumanoidEnv] unhealthy terminate at step=655 z=0.198613 rpy=[0.238538, 0.231381, -0.195069] v_body=[-0.784977, -0.782656, -0.628761]
------------------------------------------
| rollout/                |              |
|    ep_len_mean          | 539          |
|    ep_rew_mean          | 19.5         |
| time/                   |              |
|    fps                  | 2581         |
|    iterations           | 71           |
|    time_elapsed         | 3604         |
|    total_timesteps      | 9306112      |
| train/                  |              |
|    approx_kl            | 0.0016501176 |
|    clip_fraction        | 0.0425       |
|    clip_range           | 0.1          |
|    clip_range_vf        | 0.2          |
|    entropy_loss         | -12.7        |
|    explained_variance   | 0.883        |
|    learning_rate        | 5e-06        |
|    loss                 | -0.126       |
|    n_updates            | 4160         |
|    policy_gradient_loss | -0.00232     |
|    std                  | 0.411        |
|    value_loss           | 0.576        |
------------------------------------------
[HumanoidEnv] Reset state env_id=0 z=0.299252 rpy=[0.000128768, -0.000527977, 0.000927956]
[HumanoidEnv] unhealthy terminate at step=555 z=0.198947 rpy=[-2.49005, 0.0692384, 0.25287] v_body=[-0.757144, 0.0132268, 1.46483]
------------------------------------------
| rollout/                |              |
|    ep_len_mean          | 501          |
|    ep_rew_mean          | 18.2         |
| time/                   |              |
|    fps                  | 2581         |
|    iterations           | 72           |
|    time_elapsed         | 3655         |
|    total_timesteps      | 9437184      |
| train/                  |              |
|    approx_kl            | 0.0015612916 |
|    clip_fraction        | 0.0366       |
|    clip_range           | 0.1          |
|    clip_range_vf        | 0.2          |
|    entropy_loss         | -12.8        |
|    explained_variance   | 0.881        |
|    learning_rate        | 5e-06        |
|    loss                 | -0.0622      |
|    n_updates            | 4170         |
|    policy_gradient_loss | -0.00203     |
|    std                  | 0.413        |
|    value_loss           | 0.581        |
------------------------------------------
[HumanoidEnv] Reset state env_id=0 z=0.29926 rpy=[0.00284428, -0.0010497, 0.000240383]
[HumanoidEnv] unhealthy terminate at step=630 z=0.19809 rpy=[0.0670158, -0.0810207, -0.45759] v_body=[0.638853, -1.13265, -0.776109]
------------------------------------------
| rollout/                |              |
|    ep_len_mean          | 495          |
|    ep_rew_mean          | 18           |
| time/                   |              |
|    fps                  | 2581         |
|    iterations           | 73           |
|    time_elapsed         | 3705         |
|    total_timesteps      | 9568256      |
| train/                  |              |
|    approx_kl            | 0.0016171245 |
|    clip_fraction        | 0.0381       |
|    clip_range           | 0.1          |
|    clip_range_vf        | 0.2          |
|    entropy_loss         | -12.9        |
|    explained_variance   | 0.872        |
|    learning_rate        | 5e-06        |
|    loss                 | -0.0745      |
|    n_updates            | 4180         |
|    policy_gradient_loss | -0.00213     |
|    std                  | 0.415        |
|    value_loss           | 0.605        |
------------------------------------------
[HumanoidEnv] Reset state env_id=0 z=0.299093 rpy=[-0.00133669, -0.00256381, 0.000638268]
[HumanoidEnv] unhealthy terminate at step=295 z=0.199408 rpy=[1.01593, -0.0668597, 1.28182] v_body=[-1.14573, 2.82552, 0.731559]
------------------------------------------
| rollout/                |              |
|    ep_len_mean          | 496          |
|    ep_rew_mean          | 18.1         |
| time/                   |              |
|    fps                  | 2581         |
|    iterations           | 74           |
|    time_elapsed         | 3756         |
|    total_timesteps      | 9699328      |
| train/                  |              |
|    approx_kl            | 0.0015944925 |
|    clip_fraction        | 0.0382       |
|    clip_range           | 0.1          |
|    clip_range_vf        | 0.2          |
|    entropy_loss         | -13          |
|    explained_variance   | 0.874        |
|    learning_rate        | 5e-06        |
|    loss                 | -0.101       |
|    n_updates            | 4190         |
|    policy_gradient_loss | -0.00214     |
|    std                  | 0.417        |
|    value_loss           | 0.621        |
------------------------------------------
[HumanoidEnv] Reset state env_id=0 z=0.299106 rpy=[0.00216702, -0.00268231, 0.000317069]
[HumanoidEnv] unhealthy terminate at step=542 z=0.189802 rpy=[0.423352, -0.0122172, 0.607408] v_body=[0.3364, 1.76262, -0.604541]
------------------------------------------
| rollout/                |              |
|    ep_len_mean          | 520          |
|    ep_rew_mean          | 18.8         |
| time/                   |              |
|    fps                  | 2582         |
|    iterations           | 75           |
|    time_elapsed         | 3807         |
|    total_timesteps      | 9830400      |
| train/                  |              |
|    approx_kl            | 0.0016331277 |
|    clip_fraction        | 0.0421       |
|    clip_range           | 0.1          |
|    clip_range_vf        | 0.2          |
|    entropy_loss         | -13.1        |
|    explained_variance   | 0.881        |
|    learning_rate        | 5e-06        |
|    loss                 | -0.0737      |
|    n_updates            | 4200         |
|    policy_gradient_loss | -0.00225     |
|    std                  | 0.419        |
|    value_loss           | 0.581        |
------------------------------------------
[HumanoidEnv] Reset state env_id=0 z=0.299084 rpy=[0.00228226, -0.00300171, 0.000313463]
[HumanoidEnv] unhealthy terminate at step=606 z=0.199973 rpy=[-0.0794921, -0.0918944, -0.0244433] v_body=[0.0363286, 0.830795, -0.656233]
------------------------------------------
| rollout/                |              |
|    ep_len_mean          | 536          |
|    ep_rew_mean          | 19.4         |
| time/                   |              |
|    fps                  | 2582         |
|    iterations           | 76           |
|    time_elapsed         | 3857         |
|    total_timesteps      | 9961472      |
| train/                  |              |
|    approx_kl            | 0.0015893623 |
|    clip_fraction        | 0.04         |
|    clip_range           | 0.1          |
|    clip_range_vf        | 0.2          |
|    entropy_loss         | -13.2        |
|    explained_variance   | 0.885        |
|    learning_rate        | 5e-06        |
|    loss                 | -0.116       |
|    n_updates            | 4210         |
|    policy_gradient_loss | -0.00212     |
|    std                  | 0.42         |
|    value_loss           | 0.593        |
------------------------------------------
[HumanoidEnv] Reset state env_id=0 z=0.299068 rpy=[0.000765456, -0.00281406, 0.000445142]
[HumanoidEnv] unhealthy terminate at step=376 z=0.195529 rpy=[-0.856544, 0.327316, 0.00314077] v_body=[0.265288, -0.00278866, -0.990357]
INFO:root:VecNormalize statistics saved at: data/beta2/quadruped_ppo_model_ckpt_vecnormalize.pkl
INFO:root:Model saved at: data/beta2/quadruped_ppo_model_ckpt.zip
INFO:root:Checkpoint written at 10001920 timesteps
------------------------------------------
| rollout/                |              |
|    ep_len_mean          | 550          |
|    ep_rew_mean          | 19.7         |
| time/                   |              |
|    fps                  | 2582         |
|    iterations           | 77           |
|    time_elapsed         | 3907         |
|    total_timesteps      | 10092544     |
| train/                  |              |
|    approx_kl            | 0.0016213505 |
|    clip_fraction        | 0.0415       |
|    clip_range           | 0.1          |
|    clip_range_vf        | 0.2          |
|    entropy_loss         | -13.3        |
|    explained_variance   | 0.878        |
|    learning_rate        | 5e-06        |
|    loss                 | -0.151       |
|    n_updates            | 4220         |
|    policy_gradient_loss | -0.00226     |
|    std                  | 0.422        |
|    value_loss           | 0.587        |
------------------------------------------
[HumanoidEnv] Reset state env_id=0 z=0.299202 rpy=[-0.00225805, -0.00122146, 0.000575045]
[HumanoidEnv] unhealthy terminate at step=723 z=0.199113 rpy=[-0.828319, 0.00184924, -1.92896] v_body=[0.0175639, -0.330293, -0.629099]
------------------------------------------
| rollout/                |              |
|    ep_len_mean          | 533          |
|    ep_rew_mean          | 19           |
| time/                   |              |
|    fps                  | 2583         |
|    iterations           | 78           |
|    time_elapsed         | 3957         |
|    total_timesteps      | 10223616     |
| train/                  |              |
|    approx_kl            | 0.0016459788 |
|    clip_fraction        | 0.0411       |
|    clip_range           | 0.1          |
|    clip_range_vf        | 0.2          |
|    entropy_loss         | -13.4        |
|    explained_variance   | 0.879        |
|    learning_rate        | 5e-06        |
|    loss                 | -0.0602      |
|    n_updates            | 4230         |
|    policy_gradient_loss | -0.00239     |
|    std                  | 0.424        |
|    value_loss           | 0.586        |
------------------------------------------
[HumanoidEnv] Reset state env_id=0 z=0.299134 rpy=[0.00273849, -0.00273985, 0.00068832]
[HumanoidEnv] unhealthy terminate at step=427 z=0.198686 rpy=[-1.40296, 0.109888, -1.57307] v_body=[-0.16645, -0.378085, -0.253174]
------------------------------------------
| rollout/                |              |
|    ep_len_mean          | 507          |
|    ep_rew_mean          | 18.4         |
| time/                   |              |
|    fps                  | 2583         |
|    iterations           | 79           |
|    time_elapsed         | 4007         |
|    total_timesteps      | 10354688     |
| train/                  |              |
|    approx_kl            | 0.0015448232 |
|    clip_fraction        | 0.0355       |
|    clip_range           | 0.1          |
|    clip_range_vf        | 0.2          |
|    entropy_loss         | -13.5        |
|    explained_variance   | 0.875        |
|    learning_rate        | 5e-06        |
|    loss                 | -0.143       |
|    n_updates            | 4240         |
|    policy_gradient_loss | -0.00199     |
|    std                  | 0.426        |
|    value_loss           | 0.593        |
------------------------------------------
[HumanoidEnv] Reset state env_id=0 z=0.29915 rpy=[-0.00167388, -0.00187906, 0.00105541]
[HumanoidEnv] unhealthy terminate at step=624 z=0.198831 rpy=[-0.27655, -0.118693, 0.104903] v_body=[0.666983, 0.140394, -0.0850555]
------------------------------------------
| rollout/                |              |
|    ep_len_mean          | 507          |
|    ep_rew_mean          | 18.4         |
| time/                   |              |
|    fps                  | 2583         |
|    iterations           | 80           |
|    time_elapsed         | 4059         |
|    total_timesteps      | 10485760     |
| train/                  |              |
|    approx_kl            | 0.0016135706 |
|    clip_fraction        | 0.041        |
|    clip_range           | 0.1          |
|    clip_range_vf        | 0.2          |
|    entropy_loss         | -13.6        |
|    explained_variance   | 0.869        |
|    learning_rate        | 5e-06        |
|    loss                 | -0.104       |
|    n_updates            | 4250         |
|    policy_gradient_loss | -0.00212     |
|    std                  | 0.428        |
|    value_loss           | 0.594        |
------------------------------------------
[HumanoidEnv] Reset state env_id=0 z=0.299133 rpy=[-0.0023258, -0.00216391, 0.000541309]
[HumanoidEnv] unhealthy terminate at step=507 z=0.192977 rpy=[-1.47681, 0.312394, -2.11767] v_body=[-1.2675, -0.653296, -0.450474]
------------------------------------------
| rollout/                |              |
|    ep_len_mean          | 547          |
|    ep_rew_mean          | 19.5         |
| time/                   |              |
|    fps                  | 2583         |
|    iterations           | 81           |
|    time_elapsed         | 4109         |
|    total_timesteps      | 10616832     |
| train/                  |              |
|    approx_kl            | 0.0015826435 |
|    clip_fraction        | 0.0371       |
|    clip_range           | 0.1          |
|    clip_range_vf        | 0.2          |
|    entropy_loss         | -13.7        |
|    explained_variance   | 0.875        |
|    learning_rate        | 5e-06        |
|    loss                 | 0.0721       |
|    n_updates            | 4260         |
|    policy_gradient_loss | -0.00214     |
|    std                  | 0.43         |
|    value_loss           | 0.619        |
------------------------------------------
[HumanoidEnv] Reset state env_id=0 z=0.299112 rpy=[0.00164386, -0.00257992, 0.000714402]
[HumanoidEnv] unhealthy terminate at step=351 z=0.199756 rpy=[-2.2656, -0.0292569, 0.92322] v_body=[0.294758, -1.87265, -0.80309]
------------------------------------------
| rollout/                |              |
|    ep_len_mean          | 508          |
|    ep_rew_mean          | 18.2         |
| time/                   |              |
|    fps                  | 2583         |
|    iterations           | 82           |
|    time_elapsed         | 4160         |
|    total_timesteps      | 10747904     |
| train/                  |              |
|    approx_kl            | 0.0015707649 |
|    clip_fraction        | 0.0385       |
|    clip_range           | 0.1          |
|    clip_range_vf        | 0.2          |
|    entropy_loss         | -13.9        |
|    explained_variance   | 0.868        |
|    learning_rate        | 5e-06        |
|    loss                 | -0.129       |
|    n_updates            | 4270         |
|    policy_gradient_loss | -0.00219     |
|    std                  | 0.432        |
|    value_loss           | 0.6          |
------------------------------------------
[HumanoidEnv] Reset state env_id=0 z=0.299194 rpy=[0.00160893, -0.00146519, 0.000502272]
[HumanoidEnv] unhealthy terminate at step=392 z=0.196293 rpy=[0.779433, 0.257842, -0.624885] v_body=[-0.30883, 0.342437, -0.941324]
[HumanoidEnv] Reset state env_id=0 z=0.299064 rpy=[0.00150055, -0.00300459, 0.000209486]
[HumanoidEnv] unhealthy terminate at step=304 z=0.195215 rpy=[-0.0439988, 0.0403076, 0.0377938] v_body=[1.88391, -0.10674, -0.587429]
-----------------------------------------
| rollout/                |             |
|    ep_len_mean          | 521         |
|    ep_rew_mean          | 18.8        |
| time/                   |             |
|    fps                  | 2583        |
|    iterations           | 83          |
|    time_elapsed         | 4211        |
|    total_timesteps      | 10878976    |
| train/                  |             |
|    approx_kl            | 0.001620358 |
|    clip_fraction        | 0.0416      |
|    clip_range           | 0.1         |
|    clip_range_vf        | 0.2         |
|    entropy_loss         | -14         |
|    explained_variance   | 0.859       |
|    learning_rate        | 5e-06       |
|    loss                 | -0.0913     |
|    n_updates            | 4280        |
|    policy_gradient_loss | -0.00221    |
|    std                  | 0.434       |
|    value_loss           | 0.635       |
-----------------------------------------
[HumanoidEnv] Reset state env_id=0 z=0.299251 rpy=[0.00116249, -0.000727795, 0.000795786]
[HumanoidEnv] unhealthy terminate at step=401 z=0.198514 rpy=[0.627747, 0.087236, 0.930433] v_body=[-0.489593, 2.2797, -0.23519]
INFO:root:VecNormalize statistics saved at: data/beta2/quadruped_ppo_model_ckpt_vecnormalize.pkl
INFO:root:Model saved at: data/beta2/quadruped_ppo_model_ckpt.zip
INFO:root:Checkpoint written at 11002112 timesteps
------------------------------------------
| rollout/                |              |
|    ep_len_mean          | 512          |
|    ep_rew_mean          | 18.6         |
| time/                   |              |
|    fps                  | 2583         |
|    iterations           | 84           |
|    time_elapsed         | 4262         |
|    total_timesteps      | 11010048     |
| train/                  |              |
|    approx_kl            | 0.0016006059 |
|    clip_fraction        | 0.0397       |
|    clip_range           | 0.1          |
|    clip_range_vf        | 0.2          |
|    entropy_loss         | -14.1        |
|    explained_variance   | 0.87         |
|    learning_rate        | 5e-06        |
|    loss                 | -0.0928      |
|    n_updates            | 4290         |
|    policy_gradient_loss | -0.0021      |
|    std                  | 0.436        |
|    value_loss           | 0.587        |
------------------------------------------
[HumanoidEnv] Reset state env_id=0 z=0.299144 rpy=[-0.00201588, -0.00189828, 0.000563197]
[HumanoidEnv] unhealthy terminate at step=300 z=0.199439 rpy=[1.49871, 0.455579, 0.0874622] v_body=[0.247379, 0.323424, -0.0159836]
------------------------------------------
| rollout/                |              |
|    ep_len_mean          | 558          |
|    ep_rew_mean          | 20           |
| time/                   |              |
|    fps                  | 2583         |
|    iterations           | 85           |
|    time_elapsed         | 4313         |
|    total_timesteps      | 11141120     |
| train/                  |              |
|    approx_kl            | 0.0015485878 |
|    clip_fraction        | 0.0347       |
|    clip_range           | 0.1          |
|    clip_range_vf        | 0.2          |
|    entropy_loss         | -14.2        |
|    explained_variance   | 0.869        |
|    learning_rate        | 5e-06        |
|    loss                 | -0.0101      |
|    n_updates            | 4300         |
|    policy_gradient_loss | -0.00195     |
|    std                  | 0.438        |
|    value_loss           | 0.583        |
------------------------------------------
[HumanoidEnv] Reset state env_id=0 z=0.299254 rpy=[0.000388343, -0.000403326, 0.00029811]
[HumanoidEnv] unhealthy terminate at step=862 z=0.19905 rpy=[0.980187, -0.032524, 0.52358] v_body=[1.34331, 1.71711, -0.764572]
------------------------------------------
| rollout/                |              |
|    ep_len_mean          | 574          |
|    ep_rew_mean          | 20.6         |
| time/                   |              |
|    fps                  | 2583         |
|    iterations           | 86           |
|    time_elapsed         | 4363         |
|    total_timesteps      | 11272192     |
| train/                  |              |
|    approx_kl            | 0.0016074947 |
|    clip_fraction        | 0.0393       |
|    clip_range           | 0.1          |
|    clip_range_vf        | 0.2          |
|    entropy_loss         | -14.3        |
|    explained_variance   | 0.877        |
|    learning_rate        | 5e-06        |
|    loss                 | -0.19        |
|    n_updates            | 4310         |
|    policy_gradient_loss | -0.00218     |
|    std                  | 0.44         |
|    value_loss           | 0.55         |
------------------------------------------
------------------------------------------
| rollout/                |              |
|    ep_len_mean          | 578          |
|    ep_rew_mean          | 20.9         |
| time/                   |              |
|    fps                  | 2582         |
|    iterations           | 87           |
|    time_elapsed         | 4414         |
|    total_timesteps      | 11403264     |
| train/                  |              |
|    approx_kl            | 0.0016263534 |
|    clip_fraction        | 0.0411       |
|    clip_range           | 0.1          |
|    clip_range_vf        | 0.2          |
|    entropy_loss         | -14.4        |
|    explained_variance   | 0.878        |
|    learning_rate        | 5e-06        |
|    loss                 | -0.104       |
|    n_updates            | 4320         |
|    policy_gradient_loss | -0.0023      |
|    std                  | 0.442        |
|    value_loss           | 0.54         |
------------------------------------------
[HumanoidEnv] Reset state env_id=0 z=0.299117 rpy=[-0.00030322, -0.0022048, 0.000706474]
[HumanoidEnv] unhealthy terminate at step=740 z=0.198489 rpy=[1.08081, 0.133509, 0.128] v_body=[0.383276, -0.647484, -1.39664]
------------------------------------------
| rollout/                |              |
|    ep_len_mean          | 520          |
|    ep_rew_mean          | 18.8         |
| time/                   |              |
|    fps                  | 2582         |
|    iterations           | 88           |
|    time_elapsed         | 4465         |
|    total_timesteps      | 11534336     |
| train/                  |              |
|    approx_kl            | 0.0015767976 |
|    clip_fraction        | 0.0386       |
|    clip_range           | 0.1          |
|    clip_range_vf        | 0.2          |
|    entropy_loss         | -14.5        |
|    explained_variance   | 0.878        |
|    learning_rate        | 5e-06        |
|    loss                 | -0.22        |
|    n_updates            | 4330         |
|    policy_gradient_loss | -0.00213     |
|    std                  | 0.444        |
|    value_loss           | 0.552        |
------------------------------------------
[HumanoidEnv] Reset state env_id=0 z=0.299269 rpy=[0.000216769, -0.000280747, 0.000635742]
[HumanoidEnv] unhealthy terminate at step=564 z=0.199517 rpy=[1.17863, 0.258423, -1.6193] v_body=[1.14892, 2.29511, -0.778862]
[HumanoidEnv] Reset state env_id=0 z=0.299159 rpy=[-0.00211829, -0.0017373, 0.000623662]
[HumanoidEnv] unhealthy terminate at step=298 z=0.19739 rpy=[-0.0211227, -0.0641946, -0.0805236] v_body=[-0.21569, 0.0526012, -1.00172]
------------------------------------------
| rollout/                |              |
|    ep_len_mean          | 501          |
|    ep_rew_mean          | 18.3         |
| time/                   |              |
|    fps                  | 2583         |
|    iterations           | 89           |
|    time_elapsed         | 4516         |
|    total_timesteps      | 11665408     |
| train/                  |              |
|    approx_kl            | 0.0015682806 |
|    clip_fraction        | 0.0381       |
|    clip_range           | 0.1          |
|    clip_range_vf        | 0.2          |
|    entropy_loss         | -14.6        |
|    explained_variance   | 0.867        |
|    learning_rate        | 5e-06        |
|    loss                 | -0.178       |
|    n_updates            | 4340         |
|    policy_gradient_loss | -0.00208     |
|    std                  | 0.446        |
|    value_loss           | 0.604        |
------------------------------------------
[HumanoidEnv] Reset state env_id=0 z=0.299196 rpy=[-0.000681678, -0.00121243, 0.00102198]
[HumanoidEnv] unhealthy terminate at step=456 z=0.195317 rpy=[-0.579679, -0.598658, -0.581394] v_body=[0.247994, -1.09175, -0.0356418]
------------------------------------------
| rollout/                |              |
|    ep_len_mean          | 467          |
|    ep_rew_mean          | 17.1         |
| time/                   |              |
|    fps                  | 2583         |
|    iterations           | 90           |
|    time_elapsed         | 4566         |
|    total_timesteps      | 11796480     |
| train/                  |              |
|    approx_kl            | 0.0015912903 |
|    clip_fraction        | 0.0376       |
|    clip_range           | 0.1          |
|    clip_range_vf        | 0.2          |
|    entropy_loss         | -14.7        |
|    explained_variance   | 0.865        |
|    learning_rate        | 5e-06        |
|    loss                 | -0.143       |
|    n_updates            | 4350         |
|    policy_gradient_loss | -0.0021      |
|    std                  | 0.448        |
|    value_loss           | 0.624        |
------------------------------------------
[HumanoidEnv] Reset state env_id=0 z=0.299154 rpy=[0.00175747, -0.00203381, 0.00053873]
[HumanoidEnv] unhealthy terminate at step=237 z=0.195551 rpy=[-0.275727, -0.405558, 0.12103] v_body=[-1.2815, 1.4043, -1.65729]
------------------------------------------
| rollout/                |              |
|    ep_len_mean          | 519          |
|    ep_rew_mean          | 18.9         |
| time/                   |              |
|    fps                  | 2582         |
|    iterations           | 91           |
|    time_elapsed         | 4617         |
|    total_timesteps      | 11927552     |
| train/                  |              |
|    approx_kl            | 0.0016083913 |
|    clip_fraction        | 0.0391       |
|    clip_range           | 0.1          |
|    clip_range_vf        | 0.2          |
|    entropy_loss         | -14.8        |
|    explained_variance   | 0.868        |
|    learning_rate        | 5e-06        |
|    loss                 | -0.0648      |
|    n_updates            | 4360         |
|    policy_gradient_loss | -0.00214     |
|    std                  | 0.45         |
|    value_loss           | 0.62         |
------------------------------------------
[HumanoidEnv] Reset state env_id=0 z=0.299106 rpy=[-0.000830814, -0.00228365, 0.00051622]
[HumanoidEnv] unhealthy terminate at step=471 z=0.195822 rpy=[0.367414, -0.29191, -0.304294] v_body=[-1.45841, -0.80621, -1.35379]
INFO:root:VecNormalize statistics saved at: data/beta2/quadruped_ppo_model_ckpt_vecnormalize.pkl
INFO:root:Model saved at: data/beta2/quadruped_ppo_model_ckpt.zip
INFO:root:Checkpoint written at 12002304 timesteps
------------------------------------------
| rollout/                |              |
|    ep_len_mean          | 482          |
|    ep_rew_mean          | 17.3         |
| time/                   |              |
|    fps                  | 2582         |
|    iterations           | 92           |
|    time_elapsed         | 4668         |
|    total_timesteps      | 12058624     |
| train/                  |              |
|    approx_kl            | 0.0016318541 |
|    clip_fraction        | 0.0393       |
|    clip_range           | 0.1          |
|    clip_range_vf        | 0.2          |
|    entropy_loss         | -14.9        |
|    explained_variance   | 0.855        |
|    learning_rate        | 5e-06        |
|    loss                 | -0.0592      |
|    n_updates            | 4370         |
|    policy_gradient_loss | -0.00221     |
|    std                  | 0.452        |
|    value_loss           | 0.661        |
------------------------------------------
[HumanoidEnv] Reset state env_id=0 z=0.299218 rpy=[0.00015053, -0.0007901, 0.000418933]
[HumanoidEnv] unhealthy terminate at step=570 z=0.186731 rpy=[-2.40422, -0.0132751, 0.454079] v_body=[1.90324, -0.959376, 1.26771]
------------------------------------------
| rollout/                |              |
|    ep_len_mean          | 473          |
|    ep_rew_mean          | 17           |
| time/                   |              |
|    fps                  | 2582         |
|    iterations           | 93           |
|    time_elapsed         | 4719         |
|    total_timesteps      | 12189696     |
| train/                  |              |
|    approx_kl            | 0.0015935671 |
|    clip_fraction        | 0.038        |
|    clip_range           | 0.1          |
|    clip_range_vf        | 0.2          |
|    entropy_loss         | -15.1        |
|    explained_variance   | 0.855        |
|    learning_rate        | 5e-06        |
|    loss                 | -0.0416      |
|    n_updates            | 4380         |
|    policy_gradient_loss | -0.00209     |
|    std                  | 0.454        |
|    value_loss           | 0.659        |
------------------------------------------
[HumanoidEnv] Reset state env_id=0 z=0.299307 rpy=[0.00299243, -0.000630743, 0.000382146]
[HumanoidEnv] unhealthy terminate at step=604 z=0.193681 rpy=[1.40154, 0.310352, 1.24294] v_body=[-0.234308, 1.67847, -0.411693]
------------------------------------------
| rollout/                |              |
|    ep_len_mean          | 508          |
|    ep_rew_mean          | 18.2         |
| time/                   |              |
|    fps                  | 2582         |
|    iterations           | 94           |
|    time_elapsed         | 4770         |
|    total_timesteps      | 12320768     |
| train/                  |              |
|    approx_kl            | 0.0015934289 |
|    clip_fraction        | 0.0367       |
|    clip_range           | 0.1          |
|    clip_range_vf        | 0.2          |
|    entropy_loss         | -15.2        |
|    explained_variance   | 0.853        |
|    learning_rate        | 5e-06        |
|    loss                 | -0.148       |
|    n_updates            | 4390         |
|    policy_gradient_loss | -0.00202     |
|    std                  | 0.456        |
|    value_loss           | 0.676        |
------------------------------------------
[HumanoidEnv] Reset state env_id=0 z=0.299111 rpy=[0.0025696, -0.00270167, 0.000145926]
[HumanoidEnv] unhealthy terminate at step=408 z=0.194562 rpy=[-0.321029, -0.000160968, -0.366793] v_body=[0.40031, 0.0460944, -0.64427]
----------------------------------------
| rollout/                |            |
|    ep_len_mean          | 517        |
|    ep_rew_mean          | 18.7       |
| time/                   |            |
|    fps                  | 2582       |
|    iterations           | 95         |
|    time_elapsed         | 4822       |
|    total_timesteps      | 12451840   |
| train/                  |            |
|    approx_kl            | 0.00160988 |
|    clip_fraction        | 0.0401     |
|    clip_range           | 0.1        |
|    clip_range_vf        | 0.2        |
|    entropy_loss         | -15.3      |
|    explained_variance   | 0.862      |
|    learning_rate        | 5e-06      |
|    loss                 | -0.193     |
|    n_updates            | 4400       |
|    policy_gradient_loss | -0.00215   |
|    std                  | 0.458      |
|    value_loss           | 0.596      |
----------------------------------------
[HumanoidEnv] Reset state env_id=0 z=0.299253 rpy=[-0.00102965, -0.000314778, 0.00108746]
[HumanoidEnv] unhealthy terminate at step=441 z=0.19782 rpy=[0.655124, 0.254773, 2.02736] v_body=[-0.583812, 0.389593, -0.555599]
------------------------------------------
| rollout/                |              |
|    ep_len_mean          | 541          |
|    ep_rew_mean          | 19.5         |
| time/                   |              |
|    fps                  | 2582         |
|    iterations           | 96           |
|    time_elapsed         | 4873         |
|    total_timesteps      | 12582912     |
| train/                  |              |
|    approx_kl            | 0.0015320929 |
|    clip_fraction        | 0.0335       |
|    clip_range           | 0.1          |
|    clip_range_vf        | 0.2          |
|    entropy_loss         | -15.4        |
|    explained_variance   | 0.866        |
|    learning_rate        | 5e-06        |
|    loss                 | -0.114       |
|    n_updates            | 4410         |
|    policy_gradient_loss | -0.00216     |
|    std                  | 0.46         |
|    value_loss           | 0.59         |
------------------------------------------
INFO:root:VecNormalize statistics saved at: data/beta2/quadruped_ppo_model_vecnormalize.pkl
INFO:root:Model saved at: data/beta2/quadruped_ppo_model.zip
INFO:root:Model saved at: data/beta2/quadruped_ppo_model.zip
INFO:root:Training complete.
[HumanoidEnv] Reset state env_id=0 z=0.299195 rpy=[0.00127902, -0.00142975, 0.000717842]
[HumanoidEnv] Reset state env_id=0 z=0.299199 rpy=[0.00244631, -0.00161763, 0.000309627]
[HumanoidEnv] unhealthy terminate at step=469 z=0.195789 rpy=[0.0670027, 0.0708761, -0.0092549] v_body=[-0.368772, -0.548075, -0.782614]
[HumanoidEnv] Reset state env_id=0 z=0.299063 rpy=[0.00153003, -0.00304656, 0.000324884]
[HumanoidEnv] unhealthy terminate at step=113 z=0.199915 rpy=[0.0229588, -0.0660487, -0.0696627] v_body=[0.590107, 0.161572, -0.0323508]
[HumanoidEnv] Reset state env_id=0 z=0.299128 rpy=[0.00220461, -0.00249969, 0.000525192]
[HumanoidEnv] unhealthy terminate at step=219 z=0.199967 rpy=[-0.0166062, -0.042188, 0.0311924] v_body=[0.266896, 0.0776958, -0.0263218]
[HumanoidEnv] Reset state env_id=0 z=0.299078 rpy=[0.00252456, -0.00318188, 0.000351206]
[HumanoidEnv] unhealthy terminate at step=113 z=0.199574 rpy=[0.0188749, -0.0713556, -0.0370396] v_body=[0.591255, 0.22561, -0.0328793]
EnvPool Evaluation - Humanoid-v4
Mean Reward: 212.03 +/- 160.09
Function main took 5049.07 seconds to run.
[HumanoidEnv] Reset state env_id=0 z=0.299197 rpy=[0.00286474, -0.00186692, 0.000419105]
cleanupHardware(SIM): Cleaning up hardware components...
cleanupHardware(SIM): Cleaning up hardware components...
cleanupHardware(SIM): Cleaning up hardware components...
cleanupHardware(SIM): Cleaning up hardware components...
cleanupHardware(SIM): Cleaning up hardware components...
cleanupHardware(SIM): Cleaning up hardware components...
cleanupHardware(SIM): Cleaning up hardware components...
cleanupHardware(SIM): Cleaning up hardware components...
cleanupHardware(SIM): Cleaning up hardware components...
cleanupHardware(SIM): Cleaning up hardware components...
cleanupHardware(SIM): Cleaning up hardware components...
cleanupHardware(SIM): Cleaning up hardware components...
cleanupHardware(SIM): Cleaning up hardware components...
cleanupHardware(SIM): Cleaning up hardware components...
cleanupHardware(SIM): Cleaning up hardware components...
cleanupHardware(SIM): Cleaning up hardware components...
cleanupHardware(SIM): Cleaning up hardware components...
cleanupHardware(SIM): Cleaning up hardware components...
cleanupHardware(SIM): Cleaning up hardware components...
cleanupHardware(SIM): Cleaning up hardware components...
cleanupHardware(SIM): Cleaning up hardware components...
cleanupHardware(SIM): Cleaning up hardware components...
cleanupHardware(SIM): Cleaning up hardware components...
cleanupHardware(SIM): Cleaning up hardware components...
cleanupHardware(SIM): Cleaning up hardware components...
cleanupHardware(SIM): Cleaning up hardware components...
cleanupHardware(SIM): Cleaning up hardware components...
cleanupHardware(SIM): Cleaning up hardware components...
cleanupHardware(SIM): Cleaning up hardware components...
cleanupHardware(SIM): Cleaning up hardware components...
cleanupHardware(SIM): Cleaning up hardware components...
cleanupHardware(SIM): Cleaning up hardware components...
cleanupHardware(SIM): Cleaning up hardware components...
cleanupHardware(SIM): Cleaning up hardware components...
cleanupHardware(SIM): Cleaning up hardware components...
cleanupHardware(SIM): Cleaning up hardware components...
cleanupHardware(SIM): Cleaning up hardware components...
cleanupHardware(SIM): Cleaning up hardware components...
cleanupHardware(SIM): Cleaning up hardware components...
cleanupHardware(SIM): Cleaning up hardware components...
cleanupHardware(SIM): Cleaning up hardware components...
cleanupHardware(SIM): Cleaning up hardware components...
cleanupHardware(SIM): Cleaning up hardware components...
cleanupHardware(SIM): Cleaning up hardware components...
cleanupHardware(SIM): Cleaning up hardware components...
cleanupHardware(SIM): Cleaning up hardware components...
cleanupHardware(SIM): Cleaning up hardware components...
cleanupHardware(SIM): Cleaning up hardware components...
cleanupHardware(SIM): Cleaning up hardware components...
cleanupHardware(SIM): Cleaning up hardware components...
cleanupHardware(SIM): Cleaning up hardware components...
cleanupHardware(SIM): Cleaning up hardware components...
cleanupHardware(SIM): Cleaning up hardware components...
cleanupHardware(SIM): Cleaning up hardware components...
cleanupHardware(SIM): Cleaning up hardware components...
cleanupHardware(SIM): Cleaning up hardware components...
cleanupHardware(SIM): Cleaning up hardware components...
cleanupHardware(SIM): Cleaning up hardware components...
cleanupHardware(SIM): Cleaning up hardware components...
cleanupHardware(SIM): Cleaning up hardware components...
cleanupHardware(SIM): Cleaning up hardware components...
cleanupHardware(SIM): Cleaning up hardware components...
cleanupHardware(SIM): Cleaning up hardware components...
cleanupHardware(SIM): Cleaning up hardware components...
cleanupHardware(SIM): Cleaning up hardware components...
cleanupHardware(SIM): Cleaning up hardware components...
cleanupHardware(SIM): Cleaning up hardware components...
cleanupHardware(SIM): Cleaning up hardware components...
cleanupHardware(SIM): Cleaning up hardware components...
cleanupHardware(SIM): Cleaning up hardware components...
cleanupHardware(SIM): Cleaning up hardware components...
cleanupHardware(SIM): Cleaning up hardware components...
cleanupHardware(SIM): Cleaning up hardware components...
cleanupHardware(SIM): Cleaning up hardware components...
cleanupHardware(SIM): Cleaning up hardware components...
cleanupHardware(SIM): Cleaning up hardware components...
cleanupHardware(SIM): Cleaning up hardware components...
cleanupHardware(SIM): Cleaning up hardware components...
cleanupHardware(SIM): Cleaning up hardware components...
cleanupHardware(SIM): Cleaning up hardware components...
cleanupHardware(SIM): Cleaning up hardware components...
cleanupHardware(SIM): Cleaning up hardware components...
cleanupHardware(SIM): Cleaning up hardware components...
cleanupHardware(SIM): Cleaning up hardware components...
cleanupHardware(SIM): Cleaning up hardware components...
cleanupHardware(SIM): Cleaning up hardware components...
cleanupHardware(SIM): Cleaning up hardware components...
cleanupHardware(SIM): Cleaning up hardware components...
cleanupHardware(SIM): Cleaning up hardware components...
cleanupHardware(SIM): Cleaning up hardware components...
cleanupHardware(SIM): Cleaning up hardware components...
cleanupHardware(SIM): Cleaning up hardware components...
cleanupHardware(SIM): Cleaning up hardware components...
cleanupHardware(SIM): Cleaning up hardware components...
cleanupHardware(SIM): Cleaning up hardware components...
cleanupHardware(SIM): Cleaning up hardware components...
cleanupHardware(SIM): Cleaning up hardware components...
cleanupHardware(SIM): Cleaning up hardware components...
cleanupHardware(SIM): Cleaning up hardware components...
cleanupHardware(SIM): Cleaning up hardware components...
cleanupHardware(SIM): Cleaning up hardware components...
cleanupHardware(SIM): Cleaning up hardware components...
cleanupHardware(SIM): Cleaning up hardware components...
cleanupHardware(SIM): Cleaning up hardware components...
cleanupHardware(SIM): Cleaning up hardware components...
cleanupHardware(SIM): Cleaning up hardware components...
cleanupHardware(SIM): Cleaning up hardware components...
cleanupHardware(SIM): Cleaning up hardware components...
cleanupHardware(SIM): Cleaning up hardware components...
cleanupHardware(SIM): Cleaning up hardware components...
cleanupHardware(SIM): Cleaning up hardware components...
cleanupHardware(SIM): Cleaning up hardware components...
cleanupHardware(SIM): Cleaning up hardware components...
cleanupHardware(SIM): Cleaning up hardware components...
cleanupHardware(SIM): Cleaning up hardware components...
cleanupHardware(SIM): Cleaning up hardware components...
cleanupHardware(SIM): Cleaning up hardware components...
cleanupHardware(SIM): Cleaning up hardware components...
cleanupHardware(SIM): Cleaning up hardware components...
cleanupHardware(SIM): Cleaning up hardware components...
cleanupHardware(SIM): Cleaning up hardware components...
cleanupHardware(SIM): Cleaning up hardware components...
cleanupHardware(SIM): Cleaning up hardware components...
cleanupHardware(SIM): Cleaning up hardware components...
cleanupHardware(SIM): Cleaning up hardware components...
cleanupHardware(SIM): Cleaning up hardware components...
cleanupHardware(SIM): Cleaning up hardware components...
cleanupHardware(SIM): Cleaning up hardware components...
cleanupHardware(SIM): Cleaning up hardware components...
cleanupHardware(SIM): Cleaning up hardware components...
cleanupHardware(SIM): Cleaning up hardware components...
cleanupHardware(SIM): Cleaning up hardware components...
cleanupHardware(SIM): Cleaning up hardware components...
cleanupHardware(SIM): Cleaning up hardware components...
cleanupHardware(SIM): Cleaning up hardware components...
cleanupHardware(SIM): Cleaning up hardware components...
cleanupHardware(SIM): Cleaning up hardware components...
cleanupHardware(SIM): Cleaning up hardware components...
cleanupHardware(SIM): Cleaning up hardware components...
cleanupHardware(SIM): Cleaning up hardware components...
cleanupHardware(SIM): Cleaning up hardware components...
cleanupHardware(SIM): Cleaning up hardware components...
cleanupHardware(SIM): Cleaning up hardware components...
cleanupHardware(SIM): Cleaning up hardware components...
cleanupHardware(SIM): Cleaning up hardware components...
cleanupHardware(SIM): Cleaning up hardware components...
cleanupHardware(SIM): Cleaning up hardware components...
cleanupHardware(SIM): Cleaning up hardware components...
cleanupHardware(SIM): Cleaning up hardware components...
cleanupHardware(SIM): Cleaning up hardware components...
cleanupHardware(SIM): Cleaning up hardware components...
cleanupHardware(SIM): Cleaning up hardware components...
cleanupHardware(SIM): Cleaning up hardware components...
cleanupHardware(SIM): Cleaning up hardware components...
cleanupHardware(SIM): Cleaning up hardware components...
cleanupHardware(SIM): Cleaning up hardware components...
cleanupHardware(SIM): Cleaning up hardware components...
cleanupHardware(SIM): Cleaning up hardware components...
cleanupHardware(SIM): Cleaning up hardware components...
cleanupHardware(SIM): Cleaning up hardware components...
cleanupHardware(SIM): Cleaning up hardware components...
cleanupHardware(SIM): Cleaning up hardware components...
cleanupHardware(SIM): Cleaning up hardware components...
cleanupHardware(SIM): Cleaning up hardware components...
cleanupHardware(SIM): Cleaning up hardware components...
cleanupHardware(SIM): Cleaning up hardware components...
cleanupHardware(SIM): Cleaning up hardware components...
cleanupHardware(SIM): Cleaning up hardware components...
cleanupHardware(SIM): Cleaning up hardware components...
cleanupHardware(SIM): Cleaning up hardware components...
cleanupHardware(SIM): Cleaning up hardware components...
cleanupHardware(SIM): Cleaning up hardware components...
cleanupHardware(SIM): Cleaning up hardware components...
cleanupHardware(SIM): Cleaning up hardware components...
cleanupHardware(SIM): Cleaning up hardware components...
cleanupHardware(SIM): Cleaning up hardware components...
cleanupHardware(SIM): Cleaning up hardware components...
cleanupHardware(SIM): Cleaning up hardware components...
cleanupHardware(SIM): Cleaning up hardware components...
cleanupHardware(SIM): Cleaning up hardware components...
cleanupHardware(SIM): Cleaning up hardware components...
cleanupHardware(SIM): Cleaning up hardware components...
cleanupHardware(SIM): Cleaning up hardware components...
cleanupHardware(SIM): Cleaning up hardware components...
cleanupHardware(SIM): Cleaning up hardware components...
cleanupHardware(SIM): Cleaning up hardware components...
cleanupHardware(SIM): Cleaning up hardware components...
cleanupHardware(SIM): Cleaning up hardware components...
cleanupHardware(SIM): Cleaning up hardware components...
cleanupHardware(SIM): Cleaning up hardware components...
cleanupHardware(SIM): Cleaning up hardware components...
cleanupHardware(SIM): Cleaning up hardware components...
cleanupHardware(SIM): Cleaning up hardware components...
cleanupHardware(SIM): Cleaning up hardware components...
cleanupHardware(SIM): Cleaning up hardware components...
cleanupHardware(SIM): Cleaning up hardware components...
cleanupHardware(SIM): Cleaning up hardware components...
cleanupHardware(SIM): Cleaning up hardware components...
cleanupHardware(SIM): Cleaning up hardware components...
cleanupHardware(SIM): Cleaning up hardware components...
cleanupHardware(SIM): Cleaning up hardware components...
cleanupHardware(SIM): Cleaning up hardware components...
cleanupHardware(SIM): Cleaning up hardware components...
cleanupHardware(SIM): Cleaning up hardware components...
cleanupHardware(SIM): Cleaning up hardware components...
cleanupHardware(SIM): Cleaning up hardware components...
cleanupHardware(SIM): Cleaning up hardware components...
cleanupHardware(SIM): Cleaning up hardware components...
cleanupHardware(SIM): Cleaning up hardware components...
cleanupHardware(SIM): Cleaning up hardware components...
cleanupHardware(SIM): Cleaning up hardware components...
cleanupHardware(SIM): Cleaning up hardware components...
cleanupHardware(SIM): Cleaning up hardware components...
cleanupHardware(SIM): Cleaning up hardware components...
cleanupHardware(SIM): Cleaning up hardware components...
cleanupHardware(SIM): Cleaning up hardware components...
cleanupHardware(SIM): Cleaning up hardware components...
cleanupHardware(SIM): Cleaning up hardware components...
cleanupHardware(SIM): Cleaning up hardware components...
cleanupHardware(SIM): Cleaning up hardware components...
cleanupHardware(SIM): Cleaning up hardware components...
cleanupHardware(SIM): Cleaning up hardware components...
cleanupHardware(SIM): Cleaning up hardware components...
cleanupHardware(SIM): Cleaning up hardware components...
cleanupHardware(SIM): Cleaning up hardware components...
cleanupHardware(SIM): Cleaning up hardware components...
cleanupHardware(SIM): Cleaning up hardware components...
cleanupHardware(SIM): Cleaning up hardware components...
cleanupHardware(SIM): Cleaning up hardware components...
cleanupHardware(SIM): Cleaning up hardware components...
cleanupHardware(SIM): Cleaning up hardware components...
cleanupHardware(SIM): Cleaning up hardware components...
cleanupHardware(SIM): Cleaning up hardware components...
cleanupHardware(SIM): Cleaning up hardware components...
cleanupHardware(SIM): Cleaning up hardware components...
cleanupHardware(SIM): Cleaning up hardware components...
cleanupHardware(SIM): Cleaning up hardware components...
cleanupHardware(SIM): Cleaning up hardware components...
cleanupHardware(SIM): Cleaning up hardware components...
cleanupHardware(SIM): Cleaning up hardware components...
cleanupHardware(SIM): Cleaning up hardware components...
cleanupHardware(SIM): Cleaning up hardware components...
cleanupHardware(SIM): Cleaning up hardware components...
cleanupHardware(SIM): Cleaning up hardware components...
cleanupHardware(SIM): Cleaning up hardware components...
cleanupHardware(SIM): Cleaning up hardware components...
cleanupHardware(SIM): Cleaning up hardware components...
cleanupHardware(SIM): Cleaning up hardware components...
cleanupHardware(SIM): Cleaning up hardware components...
cleanupHardware(SIM): Cleaning up hardware components...
cleanupHardware(SIM): Cleaning up hardware components...
cleanupHardware(SIM): Cleaning up hardware components...
cleanupHardware(SIM): Cleaning up hardware components...
cleanupHardware(SIM): Cleaning up hardware components...
cleanupHardware(SIM): Cleaning up hardware components...
cleanupHardware(SIM): Cleaning up hardware components...
