=== v1 ours stage 1: 20M @ 1e-5, from scratch === 2026-09-12T17:20:23+03:00
Gym has been unmaintained since 2022 and does not support NumPy 2.0 amongst other critical functionality.
Please upgrade to Gymnasium, the maintained drop-in replacement of Gym, or contact the authors of your software and request that they upgrade.
Users of this version of Gym should be able to simply replace 'import gym' with 'import gymnasium as gym' in the vast majority of cases.
See the migration guide at https://gymnasium.farama.org/introduction/migration_guide/ for additional information.
Logging to ./data/v1_ours/tb
INFO:root:Experiment: quadruped_ppo_experiment
INFO:root:Using EnvPool for environment QuadrupedWBC-v0 with 256 envs. Seed: 0
Using GPU: False
INFO:root:Using EnvPool's default worker-thread count
initHardware(SIM): Initializing hardware components...
[0;33m[WW] ModuleManager: CHANGING UPDATE PERIOD: ![0m
initHardware(SIM): Initializing hardware components...
[0;33m[WW] ModuleManager: CHANGING UPDATE PERIOD: ![0m
initHardware(SIM): Initializing hardware components...
[0;33m[WW] ModuleManager: CHANGING UPDATE PERIOD: ![0m
initHardware(SIM): Initializing hardware components...
[0;33m[WW] ModuleManager: CHANGING UPDATE PERIOD: ![0m
initHardware(SIM): Initializing hardware components...
[0;33m[WW] ModuleManager: CHANGING UPDATE PERIOD: ![0m
initHardware(SIM): Initializing hardware components...
[0;33m[WW] ModuleManager: CHANGING UPDATE PERIOD: ![0m
initHardware(SIM): Initializing hardware components...
[0;33m[WW] ModuleManager: CHANGING UPDATE PERIOD: ![0m
initHardware(SIM): Initializing hardware components...
[0;33m[WW] ModuleManager: CHANGING UPDATE PERIOD: ![0m
initHardware(SIM): Initializing hardware components...
[0;33m[WW] ModuleManager: CHANGING UPDATE PERIOD: ![0m
initHardware(SIM): Initializing hardware components...
[0;33m[WW] ModuleManager: CHANGING UPDATE PERIOD: ![0m
initHardware(SIM): Initializing hardware components...
[0;33m[WW] ModuleManager: CHANGING UPDATE PERIOD: ![0m
initHardware(SIM): Initializing hardware components...
[0;33m[WW] ModuleManager: CHANGING UPDATE PERIOD: ![0m
initHardware(SIM): Initializing hardware components...
[0;33m[WW] ModuleManager: CHANGING UPDATE PERIOD: ![0m
initHardware(SIM): Initializing hardware components...
[0;33m[WW] ModuleManager: CHANGING UPDATE PERIOD: ![0m
initHardware(SIM): Initializing hardware components...
[0;33m[WW] ModuleManager: CHANGING UPDATE PERIOD: ![0m
initHardware(SIM): Initializing hardware components...
[0;33m[WW] ModuleManager: CHANGING UPDATE PERIOD: ![0m
initHardware(SIM): Initializing hardware components...
[0;33m[WW] ModuleManager: CHANGING UPDATE PERIOD: ![0m
initHardware(SIM): Initializing hardware components...
[0;33m[WW] ModuleManager: CHANGING UPDATE PERIOD: ![0m
initHardware(SIM): Initializing hardware components...
[0;33m[WW] ModuleManager: CHANGING UPDATE PERIOD: ![0m
initHardware(SIM): Initializing hardware components...
[0;33m[WW] ModuleManager: CHANGING UPDATE PERIOD: ![0m
initHardware(SIM): Initializing hardware components...
[0;33m[WW] ModuleManager: CHANGING UPDATE PERIOD: ![0m
initHardware(SIM): Initializing hardware components...
[0;33m[WW] ModuleManager: CHANGING UPDATE PERIOD: ![0m
initHardware(SIM): Initializing hardware components...
[0;33m[WW] ModuleManager: CHANGING UPDATE PERIOD: ![0m
initHardware(SIM): Initializing hardware components...
[0;33m[WW] ModuleManager: CHANGING UPDATE PERIOD: ![0m
initHardware(SIM): Initializing hardware components...
[0;33m[WW] ModuleManager: CHANGING UPDATE PERIOD: ![0m
initHardware(SIM): Initializing hardware components...
[0;33m[WW] ModuleManager: CHANGING UPDATE PERIOD: ![0m
initHardware(SIM): Initializing hardware components...
[0;33m[WW] ModuleManager: CHANGING UPDATE PERIOD: ![0m
initHardware(SIM): Initializing hardware components...
[0;33m[WW] ModuleManager: CHANGING UPDATE PERIOD: ![0m
initHardware(SIM): Initializing hardware components...
[0;33m[WW] ModuleManager: CHANGING UPDATE PERIOD: ![0m
initHardware(SIM): Initializing hardware components...
[0;33m[WW] ModuleManager: CHANGING UPDATE PERIOD: ![0m
initHardware(SIM): Initializing hardware components...
[0;33m[WW] ModuleManager: CHANGING UPDATE PERIOD: ![0m
initHardware(SIM): Initializing hardware components...
[0;33m[WW] ModuleManager: CHANGING UPDATE PERIOD: ![0m
initHardware(SIM): Initializing hardware components...
[0;33m[WW] ModuleManager: CHANGING UPDATE PERIOD: ![0m
initHardware(SIM): Initializing hardware components...
[0;33m[WW] ModuleManager: CHANGING UPDATE PERIOD: ![0m
initHardware(SIM): Initializing hardware components...
[0;33m[WW] ModuleManager: CHANGING UPDATE PERIOD: ![0m
initHardware(SIM): Initializing hardware components...
[0;33m[WW] ModuleManager: CHANGING UPDATE PERIOD: ![0m
initHardware(SIM): Initializing hardware components...
[0;33m[WW] ModuleManager: CHANGING UPDATE PERIOD: ![0m
initHardware(SIM): Initializing hardware components...
[0;33m[WW] ModuleManager: CHANGING UPDATE PERIOD: ![0m
initHardware(SIM): Initializing hardware components...
[0;33m[WW] ModuleManager: CHANGING UPDATE PERIOD: ![0m
initHardware(SIM): Initializing hardware components...
[0;33m[WW] ModuleManager: CHANGING UPDATE PERIOD: ![0m
initHardware(SIM): Initializing hardware components...
[0;33m[WW] ModuleManager: CHANGING UPDATE PERIOD: ![0m
initHardware(SIM): Initializing hardware components...
[0;33m[WW] ModuleManager: CHANGING UPDATE PERIOD: ![0m
initHardware(SIM): Initializing hardware components...
[0;33m[WW] ModuleManager: CHANGING UPDATE PERIOD: ![0m
initHardware(SIM): Initializing hardware components...
[0;33m[WW] ModuleManager: CHANGING UPDATE PERIOD: ![0m
initHardware(SIM): Initializing hardware components...
[0;33m[WW] ModuleManager: CHANGING UPDATE PERIOD: ![0m
initHardware(SIM): Initializing hardware components...
[0;33m[WW] ModuleManager: CHANGING UPDATE PERIOD: ![0m
initHardware(SIM): Initializing hardware components...
[0;33m[WW] ModuleManager: CHANGING UPDATE PERIOD: ![0m
initHardware(SIM): Initializing hardware components...
[0;33m[WW] ModuleManager: CHANGING UPDATE PERIOD: ![0m
initHardware(SIM): Initializing hardware components...
[0;33m[WW] ModuleManager: CHANGING UPDATE PERIOD: ![0m
initHardware(SIM): Initializing hardware components...
[0;33m[WW] ModuleManager: CHANGING UPDATE PERIOD: ![0m
initHardware(SIM): Initializing hardware components...
[0;33m[WW] ModuleManager: CHANGING UPDATE PERIOD: ![0m
initHardware(SIM): Initializing hardware components...
[0;33m[WW] ModuleManager: CHANGING UPDATE PERIOD: ![0m
initHardware(SIM): Initializing hardware components...
[0;33m[WW] ModuleManager: CHANGING UPDATE PERIOD: ![0m
initHardware(SIM): Initializing hardware components...
[0;33m[WW] ModuleManager: CHANGING UPDATE PERIOD: ![0m
initHardware(SIM): Initializing hardware components...
[0;33m[WW] ModuleManager: CHANGING UPDATE PERIOD: ![0m
initHardware(SIM): Initializing hardware components...
[0;33m[WW] ModuleManager: CHANGING UPDATE PERIOD: ![0m
initHardware(SIM): Initializing hardware components...
[0;33m[WW] ModuleManager: CHANGING UPDATE PERIOD: ![0m
initHardware(SIM): Initializing hardware components...
[0;33m[WW] ModuleManager: CHANGING UPDATE PERIOD: ![0m
initHardware(SIM): Initializing hardware components...
[0;33m[WW] ModuleManager: CHANGING UPDATE PERIOD: ![0m
initHardware(SIM): Initializing hardware components...
[0;33m[WW] ModuleManager: CHANGING UPDATE PERIOD: ![0m
initHardware(SIM): Initializing hardware components...
[0;33m[WW] ModuleManager: CHANGING UPDATE PERIOD: ![0m
initHardware(SIM): Initializing hardware components...
[0;33m[WW] ModuleManager: CHANGING UPDATE PERIOD: ![0m
initHardware(SIM): Initializing hardware components...
[0;33m[WW] ModuleManager: CHANGING UPDATE PERIOD: ![0m
initHardware(SIM): Initializing hardware components...
[0;33m[WW] ModuleManager: CHANGING UPDATE PERIOD: ![0m
initHardware(SIM): Initializing hardware components...
[0;33m[WW] ModuleManager: CHANGING UPDATE PERIOD: ![0m
initHardware(SIM): Initializing hardware components...
[0;33m[WW] ModuleManager: CHANGING UPDATE PERIOD: ![0m
initHardware(SIM): Initializing hardware components...
[0;33m[WW] ModuleManager: CHANGING UPDATE PERIOD: ![0m
initHardware(SIM): Initializing hardware components...
[0;33m[WW] ModuleManager: CHANGING UPDATE PERIOD: ![0m
initHardware(SIM): Initializing hardware components...
[0;33m[WW] ModuleManager: CHANGING UPDATE PERIOD: ![0m
initHardware(SIM): Initializing hardware components...
[0;33m[WW] ModuleManager: CHANGING UPDATE PERIOD: ![0m
initHardware(SIM): Initializing hardware components...
[0;33m[WW] ModuleManager: CHANGING UPDATE PERIOD: ![0m
initHardware(SIM): Initializing hardware components...
[0;33m[WW] ModuleManager: CHANGING UPDATE PERIOD: ![0m
initHardware(SIM): Initializing hardware components...
[0;33m[WW] ModuleManager: CHANGING UPDATE PERIOD: ![0m
initHardware(SIM): Initializing hardware components...
[0;33m[WW] ModuleManager: CHANGING UPDATE PERIOD: ![0m
initHardware(SIM): Initializing hardware components...
[0;33m[WW] ModuleManager: CHANGING UPDATE PERIOD: ![0m
initHardware(SIM): Initializing hardware components...
[0;33m[WW] ModuleManager: CHANGING UPDATE PERIOD: ![0m
initHardware(SIM): Initializing hardware components...
[0;33m[WW] ModuleManager: CHANGING UPDATE PERIOD: ![0m
initHardware(SIM): Initializing hardware components...
[0;33m[WW] ModuleManager: CHANGING UPDATE PERIOD: ![0m
initHardware(SIM): Initializing hardware components...
[0;33m[WW] ModuleManager: CHANGING UPDATE PERIOD: ![0m
initHardware(SIM): Initializing hardware components...
[0;33m[WW] ModuleManager: CHANGING UPDATE PERIOD: ![0m
initHardware(SIM): Initializing hardware components...
[0;33m[WW] ModuleManager: CHANGING UPDATE PERIOD: ![0m
initHardware(SIM): Initializing hardware components...
[0;33m[WW] ModuleManager: CHANGING UPDATE PERIOD: ![0m
initHardware(SIM): Initializing hardware components...
[0;33m[WW] ModuleManager: CHANGING UPDATE PERIOD: ![0m
initHardware(SIM): Initializing hardware components...
[0;33m[WW] ModuleManager: CHANGING UPDATE PERIOD: ![0m
initHardware(SIM): Initializing hardware components...
[0;33m[WW] ModuleManager: CHANGING UPDATE PERIOD: ![0m
initHardware(SIM): Initializing hardware components...
[0;33m[WW] ModuleManager: CHANGING UPDATE PERIOD: ![0m
initHardware(SIM): Initializing hardware components...
[0;33m[WW] ModuleManager: CHANGING UPDATE PERIOD: ![0m
initHardware(SIM): Initializing hardware components...
[0;33m[WW] ModuleManager: CHANGING UPDATE PERIOD: ![0m
initHardware(SIM): Initializing hardware components...
[0;33m[WW] ModuleManager: CHANGING UPDATE PERIOD: ![0m
initHardware(SIM): Initializing hardware components...
[0;33m[WW] ModuleManager: CHANGING UPDATE PERIOD: ![0m
initHardware(SIM): Initializing hardware components...
[0;33m[WW] ModuleManager: CHANGING UPDATE PERIOD: ![0m
initHardware(SIM): Initializing hardware components...
[0;33m[WW] ModuleManager: CHANGING UPDATE PERIOD: ![0m
initHardware(SIM): Initializing hardware components...
[0;33m[WW] ModuleManager: CHANGING UPDATE PERIOD: ![0m
initHardware(SIM): Initializing hardware components...
[0;33m[WW] ModuleManager: CHANGING UPDATE PERIOD: ![0m
initHardware(SIM): Initializing hardware components...
[0;33m[WW] ModuleManager: CHANGING UPDATE PERIOD: ![0m
initHardware(SIM): Initializing hardware components...
[0;33m[WW] ModuleManager: CHANGING UPDATE PERIOD: ![0m
initHardware(SIM): Initializing hardware components...
[0;33m[WW] ModuleManager: CHANGING UPDATE PERIOD: ![0m
initHardware(SIM): Initializing hardware components...
[0;33m[WW] ModuleManager: CHANGING UPDATE PERIOD: ![0m
initHardware(SIM): Initializing hardware components...
[0;33m[WW] ModuleManager: CHANGING UPDATE PERIOD: ![0m
initHardware(SIM): Initializing hardware components...
[0;33m[WW] ModuleManager: CHANGING UPDATE PERIOD: ![0m
initHardware(SIM): Initializing hardware components...
[0;33m[WW] ModuleManager: CHANGING UPDATE PERIOD: ![0m
initHardware(SIM): Initializing hardware components...
[0;33m[WW] ModuleManager: CHANGING UPDATE PERIOD: ![0m
initHardware(SIM): Initializing hardware components...
[0;33m[WW] ModuleManager: CHANGING UPDATE PERIOD: ![0m
initHardware(SIM): Initializing hardware components...
[0;33m[WW] ModuleManager: CHANGING UPDATE PERIOD: ![0m
initHardware(SIM): Initializing hardware components...
[0;33m[WW] ModuleManager: CHANGING UPDATE PERIOD: ![0m
initHardware(SIM): Initializing hardware components...
[0;33m[WW] ModuleManager: CHANGING UPDATE PERIOD: ![0m
initHardware(SIM): Initializing hardware components...
[0;33m[WW] ModuleManager: CHANGING UPDATE PERIOD: ![0m
initHardware(SIM): Initializing hardware components...
[0;33m[WW] ModuleManager: CHANGING UPDATE PERIOD: ![0m
initHardware(SIM): Initializing hardware components...
[0;33m[WW] ModuleManager: CHANGING UPDATE PERIOD: ![0m
initHardware(SIM): Initializing hardware components...
[0;33m[WW] ModuleManager: CHANGING UPDATE PERIOD: ![0m
initHardware(SIM): Initializing hardware components...
[0;33m[WW] ModuleManager: CHANGING UPDATE PERIOD: ![0m
initHardware(SIM): Initializing hardware components...
[0;33m[WW] ModuleManager: CHANGING UPDATE PERIOD: ![0m
initHardware(SIM): Initializing hardware components...
[0;33m[WW] ModuleManager: CHANGING UPDATE PERIOD: ![0m
initHardware(SIM): Initializing hardware components...
[0;33m[WW] ModuleManager: CHANGING UPDATE PERIOD: ![0m
initHardware(SIM): Initializing hardware components...
[0;33m[WW] ModuleManager: CHANGING UPDATE PERIOD: ![0m
initHardware(SIM): Initializing hardware components...
[0;33m[WW] ModuleManager: CHANGING UPDATE PERIOD: ![0m
initHardware(SIM): Initializing hardware components...
[0;33m[WW] ModuleManager: CHANGING UPDATE PERIOD: ![0m
initHardware(SIM): Initializing hardware components...
[0;33m[WW] ModuleManager: CHANGING UPDATE PERIOD: ![0m
initHardware(SIM): Initializing hardware components...
[0;33m[WW] ModuleManager: CHANGING UPDATE PERIOD: ![0m
initHardware(SIM): Initializing hardware components...
[0;33m[WW] ModuleManager: CHANGING UPDATE PERIOD: ![0m
initHardware(SIM): Initializing hardware components...
[0;33m[WW] ModuleManager: CHANGING UPDATE PERIOD: ![0m
initHardware(SIM): Initializing hardware components...
[0;33m[WW] ModuleManager: CHANGING UPDATE PERIOD: ![0m
initHardware(SIM): Initializing hardware components...
[0;33m[WW] ModuleManager: CHANGING UPDATE PERIOD: ![0m
initHardware(SIM): Initializing hardware components...
[0;33m[WW] ModuleManager: CHANGING UPDATE PERIOD: ![0m
initHardware(SIM): Initializing hardware components...
[0;33m[WW] ModuleManager: CHANGING UPDATE PERIOD: ![0m
initHardware(SIM): Initializing hardware components...
[0;33m[WW] ModuleManager: CHANGING UPDATE PERIOD: ![0m
initHardware(SIM): Initializing hardware components...
[0;33m[WW] ModuleManager: CHANGING UPDATE PERIOD: ![0m
initHardware(SIM): Initializing hardware components...
[0;33m[WW] ModuleManager: CHANGING UPDATE PERIOD: ![0m
initHardware(SIM): Initializing hardware components...
[0;33m[WW] ModuleManager: CHANGING UPDATE PERIOD: ![0m
initHardware(SIM): Initializing hardware components...
[0;33m[WW] ModuleManager: CHANGING UPDATE PERIOD: ![0m
initHardware(SIM): Initializing hardware components...
[0;33m[WW] ModuleManager: CHANGING UPDATE PERIOD: ![0m
initHardware(SIM): Initializing hardware components...
[0;33m[WW] ModuleManager: CHANGING UPDATE PERIOD: ![0m
initHardware(SIM): Initializing hardware components...
[0;33m[WW] ModuleManager: CHANGING UPDATE PERIOD: ![0m
initHardware(SIM): Initializing hardware components...
[0;33m[WW] ModuleManager: CHANGING UPDATE PERIOD: ![0m
initHardware(SIM): Initializing hardware components...
[0;33m[WW] ModuleManager: CHANGING UPDATE PERIOD: ![0m
initHardware(SIM): Initializing hardware components...
[0;33m[WW] ModuleManager: CHANGING UPDATE PERIOD: ![0m
initHardware(SIM): Initializing hardware components...
[0;33m[WW] ModuleManager: CHANGING UPDATE PERIOD: ![0m
initHardware(SIM): Initializing hardware components...
[0;33m[WW] ModuleManager: CHANGING UPDATE PERIOD: ![0m
initHardware(SIM): Initializing hardware components...
[0;33m[WW] ModuleManager: CHANGING UPDATE PERIOD: ![0m
initHardware(SIM): Initializing hardware components...
[0;33m[WW] ModuleManager: CHANGING UPDATE PERIOD: ![0m
initHardware(SIM): Initializing hardware components...
[0;33m[WW] ModuleManager: CHANGING UPDATE PERIOD: ![0m
initHardware(SIM): Initializing hardware components...
[0;33m[WW] ModuleManager: CHANGING UPDATE PERIOD: ![0m
initHardware(SIM): Initializing hardware components...
[0;33m[WW] ModuleManager: CHANGING UPDATE PERIOD: ![0m
initHardware(SIM): Initializing hardware components...
[0;33m[WW] ModuleManager: CHANGING UPDATE PERIOD: ![0m
initHardware(SIM): Initializing hardware components...
[0;33m[WW] ModuleManager: CHANGING UPDATE PERIOD: ![0m
initHardware(SIM): Initializing hardware components...
[0;33m[WW] ModuleManager: CHANGING UPDATE PERIOD: ![0m
initHardware(SIM): Initializing hardware components...
[0;33m[WW] ModuleManager: CHANGING UPDATE PERIOD: ![0m
initHardware(SIM): Initializing hardware components...
[0;33m[WW] ModuleManager: CHANGING UPDATE PERIOD: ![0m
initHardware(SIM): Initializing hardware components...
[0;33m[WW] ModuleManager: CHANGING UPDATE PERIOD: ![0m
initHardware(SIM): Initializing hardware components...
[0;33m[WW] ModuleManager: CHANGING UPDATE PERIOD: ![0m
initHardware(SIM): Initializing hardware components...
[0;33m[WW] ModuleManager: CHANGING UPDATE PERIOD: ![0m
initHardware(SIM): Initializing hardware components...
[0;33m[WW] ModuleManager: CHANGING UPDATE PERIOD: ![0m
initHardware(SIM): Initializing hardware components...
[0;33m[WW] ModuleManager: CHANGING UPDATE PERIOD: ![0m
initHardware(SIM): Initializing hardware components...
[0;33m[WW] ModuleManager: CHANGING UPDATE PERIOD: ![0m
initHardware(SIM): Initializing hardware components...
[0;33m[WW] ModuleManager: CHANGING UPDATE PERIOD: ![0m
initHardware(SIM): Initializing hardware components...
[0;33m[WW] ModuleManager: CHANGING UPDATE PERIOD: ![0m
initHardware(SIM): Initializing hardware components...
[0;33m[WW] ModuleManager: CHANGING UPDATE PERIOD: ![0m
initHardware(SIM): Initializing hardware components...
[0;33m[WW] ModuleManager: CHANGING UPDATE PERIOD: ![0m
initHardware(SIM): Initializing hardware components...
[0;33m[WW] ModuleManager: CHANGING UPDATE PERIOD: ![0m
initHardware(SIM): Initializing hardware components...
[0;33m[WW] ModuleManager: CHANGING UPDATE PERIOD: ![0m
initHardware(SIM): Initializing hardware components...
[0;33m[WW] ModuleManager: CHANGING UPDATE PERIOD: ![0m
initHardware(SIM): Initializing hardware components...
[0;33m[WW] ModuleManager: CHANGING UPDATE PERIOD: ![0m
initHardware(SIM): Initializing hardware components...
[0;33m[WW] ModuleManager: CHANGING UPDATE PERIOD: ![0m
initHardware(SIM): Initializing hardware components...
[0;33m[WW] ModuleManager: CHANGING UPDATE PERIOD: ![0m
initHardware(SIM): Initializing hardware components...
[0;33m[WW] ModuleManager: CHANGING UPDATE PERIOD: ![0m
initHardware(SIM): Initializing hardware components...
[0;33m[WW] ModuleManager: CHANGING UPDATE PERIOD: ![0m
initHardware(SIM): Initializing hardware components...
[0;33m[WW] ModuleManager: CHANGING UPDATE PERIOD: ![0m
initHardware(SIM): Initializing hardware components...
[0;33m[WW] ModuleManager: CHANGING UPDATE PERIOD: ![0m
initHardware(SIM): Initializing hardware components...
[0;33m[WW] ModuleManager: CHANGING UPDATE PERIOD: ![0m
initHardware(SIM): Initializing hardware components...
[0;33m[WW] ModuleManager: CHANGING UPDATE PERIOD: ![0m
initHardware(SIM): Initializing hardware components...
[0;33m[WW] ModuleManager: CHANGING UPDATE PERIOD: ![0m
initHardware(SIM): Initializing hardware components...
[0;33m[WW] ModuleManager: CHANGING UPDATE PERIOD: ![0m
initHardware(SIM): Initializing hardware components...
[0;33m[WW] ModuleManager: CHANGING UPDATE PERIOD: ![0m
initHardware(SIM): Initializing hardware components...
[0;33m[WW] ModuleManager: CHANGING UPDATE PERIOD: ![0m
initHardware(SIM): Initializing hardware components...
[0;33m[WW] ModuleManager: CHANGING UPDATE PERIOD: ![0m
initHardware(SIM): Initializing hardware components...
[0;33m[WW] ModuleManager: CHANGING UPDATE PERIOD: ![0m
initHardware(SIM): Initializing hardware components...
[0;33m[WW] ModuleManager: CHANGING UPDATE PERIOD: ![0m
initHardware(SIM): Initializing hardware components...
[0;33m[WW] ModuleManager: CHANGING UPDATE PERIOD: ![0m
initHardware(SIM): Initializing hardware components...
[0;33m[WW] ModuleManager: CHANGING UPDATE PERIOD: ![0m
initHardware(SIM): Initializing hardware components...
[0;33m[WW] ModuleManager: CHANGING UPDATE PERIOD: ![0m
initHardware(SIM): Initializing hardware components...
[0;33m[WW] ModuleManager: CHANGING UPDATE PERIOD: ![0m
initHardware(SIM): Initializing hardware components...
[0;33m[WW] ModuleManager: CHANGING UPDATE PERIOD: ![0m
initHardware(SIM): Initializing hardware components...
[0;33m[WW] ModuleManager: CHANGING UPDATE PERIOD: ![0m
initHardware(SIM): Initializing hardware components...
[0;33m[WW] ModuleManager: CHANGING UPDATE PERIOD: ![0m
initHardware(SIM): Initializing hardware components...
[0;33m[WW] ModuleManager: CHANGING UPDATE PERIOD: ![0m
initHardware(SIM): Initializing hardware components...
[0;33m[WW] ModuleManager: CHANGING UPDATE PERIOD: ![0m
initHardware(SIM): Initializing hardware components...
[0;33m[WW] ModuleManager: CHANGING UPDATE PERIOD: ![0m
initHardware(SIM): Initializing hardware components...
[0;33m[WW] ModuleManager: CHANGING UPDATE PERIOD: ![0m
initHardware(SIM): Initializing hardware components...
[0;33m[WW] ModuleManager: CHANGING UPDATE PERIOD: ![0m
initHardware(SIM): Initializing hardware components...
[0;33m[WW] ModuleManager: CHANGING UPDATE PERIOD: ![0m
initHardware(SIM): Initializing hardware components...
[0;33m[WW] ModuleManager: CHANGING UPDATE PERIOD: ![0m
initHardware(SIM): Initializing hardware components...
[0;33m[WW] ModuleManager: CHANGING UPDATE PERIOD: ![0m
initHardware(SIM): Initializing hardware components...
[0;33m[WW] ModuleManager: CHANGING UPDATE PERIOD: ![0m
initHardware(SIM): Initializing hardware components...
[0;33m[WW] ModuleManager: CHANGING UPDATE PERIOD: ![0m
initHardware(SIM): Initializing hardware components...
[0;33m[WW] ModuleManager: CHANGING UPDATE PERIOD: ![0m
initHardware(SIM): Initializing hardware components...
[0;33m[WW] ModuleManager: CHANGING UPDATE PERIOD: ![0m
initHardware(SIM): Initializing hardware components...
[0;33m[WW] ModuleManager: CHANGING UPDATE PERIOD: ![0m
initHardware(SIM): Initializing hardware components...
[0;33m[WW] ModuleManager: CHANGING UPDATE PERIOD: ![0m
initHardware(SIM): Initializing hardware components...
[0;33m[WW] ModuleManager: CHANGING UPDATE PERIOD: ![0m
initHardware(SIM): Initializing hardware components...
[0;33m[WW] ModuleManager: CHANGING UPDATE PERIOD: ![0m
initHardware(SIM): Initializing hardware components...
[0;33m[WW] ModuleManager: CHANGING UPDATE PERIOD: ![0m
initHardware(SIM): Initializing hardware components...
[0;33m[WW] ModuleManager: CHANGING UPDATE PERIOD: ![0m
initHardware(SIM): Initializing hardware components...
[0;33m[WW] ModuleManager: CHANGING UPDATE PERIOD: ![0m
initHardware(SIM): Initializing hardware components...
[0;33m[WW] ModuleManager: CHANGING UPDATE PERIOD: ![0m
initHardware(SIM): Initializing hardware components...
[0;33m[WW] ModuleManager: CHANGING UPDATE PERIOD: ![0m
initHardware(SIM): Initializing hardware components...
[0;33m[WW] ModuleManager: CHANGING UPDATE PERIOD: ![0m
initHardware(SIM): Initializing hardware components...
[0;33m[WW] ModuleManager: CHANGING UPDATE PERIOD: ![0m
initHardware(SIM): Initializing hardware components...
[0;33m[WW] ModuleManager: CHANGING UPDATE PERIOD: ![0m
initHardware(SIM): Initializing hardware components...
[0;33m[WW] ModuleManager: CHANGING UPDATE PERIOD: ![0m
initHardware(SIM): Initializing hardware components...
[0;33m[WW] ModuleManager: CHANGING UPDATE PERIOD: ![0m
initHardware(SIM): Initializing hardware components...
[0;33m[WW] ModuleManager: CHANGING UPDATE PERIOD: ![0m
initHardware(SIM): Initializing hardware components...
[0;33m[WW] ModuleManager: CHANGING UPDATE PERIOD: ![0m
initHardware(SIM): Initializing hardware components...
[0;33m[WW] ModuleManager: CHANGING UPDATE PERIOD: ![0m
initHardware(SIM): Initializing hardware components...
[0;33m[WW] ModuleManager: CHANGING UPDATE PERIOD: ![0m
initHardware(SIM): Initializing hardware components...
[0;33m[WW] ModuleManager: CHANGING UPDATE PERIOD: ![0m
initHardware(SIM): Initializing hardware components...
[0;33m[WW] ModuleManager: CHANGING UPDATE PERIOD: ![0m
initHardware(SIM): Initializing hardware components...
[0;33m[WW] ModuleManager: CHANGING UPDATE PERIOD: ![0m
initHardware(SIM): Initializing hardware components...
[0;33m[WW] ModuleManager: CHANGING UPDATE PERIOD: ![0m
initHardware(SIM): Initializing hardware components...
[0;33m[WW] ModuleManager: CHANGING UPDATE PERIOD: ![0m
initHardware(SIM): Initializing hardware components...
[0;33m[WW] ModuleManager: CHANGING UPDATE PERIOD: ![0m
initHardware(SIM): Initializing hardware components...
[0;33m[WW] ModuleManager: CHANGING UPDATE PERIOD: ![0m
initHardware(SIM): Initializing hardware components...
[0;33m[WW] ModuleManager: CHANGING UPDATE PERIOD: ![0m
initHardware(SIM): Initializing hardware components...
[0;33m[WW] ModuleManager: CHANGING UPDATE PERIOD: ![0m
initHardware(SIM): Initializing hardware components...
[0;33m[WW] ModuleManager: CHANGING UPDATE PERIOD: ![0m
initHardware(SIM): Initializing hardware components...
[0;33m[WW] ModuleManager: CHANGING UPDATE PERIOD: ![0m
initHardware(SIM): Initializing hardware components...
[0;33m[WW] ModuleManager: CHANGING UPDATE PERIOD: ![0m
initHardware(SIM): Initializing hardware components...
[0;33m[WW] ModuleManager: CHANGING UPDATE PERIOD: ![0m
initHardware(SIM): Initializing hardware components...
[0;33m[WW] ModuleManager: CHANGING UPDATE PERIOD: ![0m
initHardware(SIM): Initializing hardware components...
[0;33m[WW] ModuleManager: CHANGING UPDATE PERIOD: ![0m
initHardware(SIM): Initializing hardware components...
[0;33m[WW] ModuleManager: CHANGING UPDATE PERIOD: ![0m
initHardware(SIM): Initializing hardware components...
[0;33m[WW] ModuleManager: CHANGING UPDATE PERIOD: ![0m
initHardware(SIM): Initializing hardware components...
[0;33m[WW] ModuleManager: CHANGING UPDATE PERIOD: ![0m
initHardware(SIM): Initializing hardware components...
[0;33m[WW] ModuleManager: CHANGING UPDATE PERIOD: ![0m
initHardware(SIM): Initializing hardware components...
[0;33m[WW] ModuleManager: CHANGING UPDATE PERIOD: ![0m
initHardware(SIM): Initializing hardware components...
[0;33m[WW] ModuleManager: CHANGING UPDATE PERIOD: ![0m
initHardware(SIM): Initializing hardware components...
[0;33m[WW] ModuleManager: CHANGING UPDATE PERIOD: ![0m
initHardware(SIM): Initializing hardware components...
[0;33m[WW] ModuleManager: CHANGING UPDATE PERIOD: ![0m
initHardware(SIM): Initializing hardware components...
[0;33m[WW] ModuleManager: CHANGING UPDATE PERIOD: ![0m
initHardware(SIM): Initializing hardware components...
[0;33m[WW] ModuleManager: CHANGING UPDATE PERIOD: ![0m
initHardware(SIM): Initializing hardware components...
[0;33m[WW] ModuleManager: CHANGING UPDATE PERIOD: ![0m
initHardware(SIM): Initializing hardware components...
[0;33m[WW] ModuleManager: CHANGING UPDATE PERIOD: ![0m
initHardware(SIM): Initializing hardware components...
[0;33m[WW] ModuleManager: CHANGING UPDATE PERIOD: ![0m
initHardware(SIM): Initializing hardware components...
[0;33m[WW] ModuleManager: CHANGING UPDATE PERIOD: ![0m
initHardware(SIM): Initializing hardware components...
[0;33m[WW] ModuleManager: CHANGING UPDATE PERIOD: ![0m
initHardware(SIM): Initializing hardware components...
[0;33m[WW] ModuleManager: CHANGING UPDATE PERIOD: ![0m
initHardware(SIM): Initializing hardware components...
[0;33m[WW] ModuleManager: CHANGING UPDATE PERIOD: ![0m
initHardware(SIM): Initializing hardware components...
[0;33m[WW] ModuleManager: CHANGING UPDATE PERIOD: ![0m
initHardware(SIM): Initializing hardware components...
[0;33m[WW] ModuleManager: CHANGING UPDATE PERIOD: ![0m
initHardware(SIM): Initializing hardware components...
[0;33m[WW] ModuleManager: CHANGING UPDATE PERIOD: ![0m
initHardware(SIM): Initializing hardware components...
[0;33m[WW] ModuleManager: CHANGING UPDATE PERIOD: ![0m
initHardware(SIM): Initializing hardware components...
[0;33m[WW] ModuleManager: CHANGING UPDATE PERIOD: ![0m
initHardware(SIM): Initializing hardware components...
[0;33m[WW] ModuleManager: CHANGING UPDATE PERIOD: ![0m
initHardware(SIM): Initializing hardware components...
[0;33m[WW] ModuleManager: CHANGING UPDATE PERIOD: ![0m
initHardware(SIM): Initializing hardware components...
[0;33m[WW] ModuleManager: CHANGING UPDATE PERIOD: ![0m
initHardware(SIM): Initializing hardware components...
[0;33m[WW] ModuleManager: CHANGING UPDATE PERIOD: ![0m
initHardware(SIM): Initializing hardware components...
[0;33m[WW] ModuleManager: CHANGING UPDATE PERIOD: ![0m
/usr/local/lib/python3.10/dist-packages/stable_baselines3/common/vec_env/base_vec_env.py:78: UserWarning: The `render_mode` attribute is not defined in your environment. It will be set to None.
  warnings.warn("The `render_mode` attribute is not defined in your environment. It will be set to None.")
Using VecNormalize wrapper...
Creating new model...
Using cpu device
/usr/local/lib/python3.10/dist-packages/stable_baselines3/common/policies.py:486: UserWarning: As shared layers in the mlp_extractor are removed since SB3 v1.8.0, you should now pass directly a dictionary and not a list (net_arch=dict(pi=..., vf=...) instead of net_arch=[dict(pi=..., vf=...)])
  warnings.warn(
New model created.
INFO:root:Overriding learning rate: 1e-05
/usr/local/lib/python3.10/dist-packages/stable_baselines3/common/utils.py:168: UserWarning: get_schedule_fn() is deprecated, please use FloatSchedule() instead
  warnings.warn("get_schedule_fn() is deprecated, please use FloatSchedule() instead")
/usr/local/lib/python3.10/dist-packages/stable_baselines3/common/utils.py:214: UserWarning: constant_fn() is deprecated, please use ConstantSchedule() instead
  warnings.warn("constant_fn() is deprecated, please use ConstantSchedule() instead")
INFO:root:Starting training...
INFO:root:Action std clamped to [0.05, 0.3] after every optimizer step
INFO:root:Setting target_kl: 0.01 (was 0.01)
[QuadrupedWBCEnv] Reset state env_id=0 z=0.329065 rpy=[-0.0111317, 0.0220809, -0.0188587]
----------------------------------------------
| rollout/                        |          |
|    action_saturation_fraction   | 0        |
|    ep_len_mean                  | 370      |
|    ep_rew_mean                  | 240      |
|    episodes_noforce             | 11       |
|    force_direction_mean         | -1       |
|    force_onset_mean             | 1.36     |
|    force_requested_impulse_mean | 0        |
|    is_fall_mean                 | 1        |
|    is_timeout_mean              | 0        |
|    recovery_noforce             | 0        |
| time/                           |          |
|    fps                          | 12712    |
|    iterations                   | 1        |
|    time_elapsed                 | 10       |
|    total_timesteps              | 131072   |
| train/                          |          |
|    action_std_00                | 0.05     |
|    action_std_01                | 0.05     |
|    action_std_02                | 0.05     |
|    action_std_03                | 0.05     |
|    action_std_04                | 0.05     |
|    action_std_05                | 0.05     |
|    action_std_06                | 0.05     |
|    action_std_07                | 0.05     |
|    action_std_08                | 0.05     |
|    action_std_09                | 0.05     |
|    action_std_10                | 0.05     |
|    action_std_11                | 0.05     |
|    action_std_12                | 0.05     |
|    action_std_13                | 0.05     |
|    action_std_14                | 0.05     |
|    action_std_15                | 0.05     |
|    action_std_16                | 0.05     |
|    action_std_17                | 0.05     |
|    action_std_18                | 0.05     |
|    action_std_19                | 0.05     |
|    action_std_20                | 0.05     |
|    action_std_21                | 0.05     |
|    action_std_22                | 0.05     |
|    action_std_23                | 0.05     |
|    action_std_24                | 0.05     |
|    std_max                      | 0.05     |
|    std_min                      | 0.05     |
----------------------------------------------
[QuadrupedWBCEnv] Reset state env_id=0 z=0.271869 rpy=[-0.0124279, 0.024469, -0.0180647]
---------------------------------------------------
| rollout/                          |             |
|    action_saturation_fraction     | 0           |
|    ep_len_mean                    | 1e+03       |
|    ep_rew_mean                    | 682         |
|    episodes_noforce               | 247         |
|    force_direction_mean           | -1          |
|    force_onset_mean               | 1.41        |
|    force_requested_impulse_mean   | 0           |
|    is_fall_mean                   | 0.105       |
|    is_timeout_mean                | 0.895       |
|    recovery_noforce               | 0.895       |
|    timeout_without_onset_fraction | 0           |
|    timeouts                       | 221         |
| time/                             |             |
|    fps                            | 9156        |
|    iterations                     | 2           |
|    time_elapsed                   | 28          |
|    total_timesteps                | 262144      |
| train/                            |             |
|    action_std_00                  | 0.0501      |
|    action_std_01                  | 0.0501      |
|    action_std_02                  | 0.0501      |
|    action_std_03                  | 0.0501      |
|    action_std_04                  | 0.0501      |
|    action_std_05                  | 0.0501      |
|    action_std_06                  | 0.0501      |
|    action_std_07                  | 0.0501      |
|    action_std_08                  | 0.05        |
|    action_std_09                  | 0.0501      |
|    action_std_10                  | 0.0501      |
|    action_std_11                  | 0.0502      |
|    action_std_12                  | 0.0501      |
|    action_std_13                  | 0.0501      |
|    action_std_14                  | 0.0501      |
|    action_std_15                  | 0.0501      |
|    action_std_16                  | 0.0501      |
|    action_std_17                  | 0.0501      |
|    action_std_18                  | 0.05        |
|    action_std_19                  | 0.0501      |
|    action_std_20                  | 0.0501      |
|    action_std_21                  | 0.05        |
|    action_std_22                  | 0.0501      |
|    action_std_23                  | 0.0501      |
|    action_std_24                  | 0.0501      |
|    approx_kl                      | 0.002579355 |
|    clip_fraction                  | 0.135       |
|    clip_range                     | 0.1         |
|    clip_range_vf                  | 0.2         |
|    entropy_loss                   | 39.4        |
|    explained_variance             | -0.171      |
|    learning_rate                  | 1e-05       |
|    loss                           | 3.85        |
|    n_updates                      | 10          |
|    policy_gradient_loss           | -0.00262    |
|    std                            | 0.0501      |
|    std_max                        | 0.0502      |
|    std_min                        | 0.05        |
|    value_loss                     | 2.93        |
---------------------------------------------------
----------------------------------------------------
| rollout/                          |              |
|    action_saturation_fraction     | 0            |
|    ep_len_mean                    | 910          |
|    ep_rew_mean                    | 618          |
|    episodes_noforce               | 24           |
|    force_direction_mean           | -1           |
|    force_onset_mean               | 1.41         |
|    force_requested_impulse_mean   | 0            |
|    is_fall_mean                   | 0.625        |
|    is_timeout_mean                | 0.375        |
|    recovery_noforce               | 0.375        |
|    timeout_without_onset_fraction | 0            |
|    timeouts                       | 9            |
| time/                             |              |
|    fps                            | 8540         |
|    iterations                     | 3            |
|    time_elapsed                   | 46           |
|    total_timesteps                | 393216       |
| train/                            |              |
|    action_std_00                  | 0.0502       |
|    action_std_01                  | 0.0502       |
|    action_std_02                  | 0.0502       |
|    action_std_03                  | 0.0502       |
|    action_std_04                  | 0.0501       |
|    action_std_05                  | 0.0502       |
|    action_std_06                  | 0.0502       |
|    action_std_07                  | 0.0502       |
|    action_std_08                  | 0.0501       |
|    action_std_09                  | 0.0502       |
|    action_std_10                  | 0.0502       |
|    action_std_11                  | 0.0502       |
|    action_std_12                  | 0.0502       |
|    action_std_13                  | 0.0501       |
|    action_std_14                  | 0.0502       |
|    action_std_15                  | 0.0502       |
|    action_std_16                  | 0.0502       |
|    action_std_17                  | 0.0502       |
|    action_std_18                  | 0.0501       |
|    action_std_19                  | 0.0502       |
|    action_std_20                  | 0.0502       |
|    action_std_21                  | 0.0502       |
|    action_std_22                  | 0.0502       |
|    action_std_23                  | 0.0502       |
|    action_std_24                  | 0.0502       |
|    approx_kl                      | 0.0021889023 |
|    clip_fraction                  | 0.108        |
|    clip_range                     | 0.1          |
|    clip_range_vf                  | 0.2          |
|    entropy_loss                   | 39.3         |
|    explained_variance             | -0.99        |
|    learning_rate                  | 1e-05        |
|    loss                           | 1.8          |
|    n_updates                      | 20           |
|    policy_gradient_loss           | -0.00204     |
|    std                            | 0.0502       |
|    std_max                        | 0.0502       |
|    std_min                        | 0.0501       |
|    value_loss                     | 1.41         |
----------------------------------------------------
[QuadrupedWBCEnv] Reset state env_id=0 z=0.292099 rpy=[-0.0111429, 0.0232918, -0.0184722]
----------------------------------------------------
| rollout/                          |              |
|    action_saturation_fraction     | 0            |
|    ep_len_mean                    | 993          |
|    ep_rew_mean                    | 684          |
|    episodes_noforce               | 235          |
|    force_direction_mean           | -1           |
|    force_onset_mean               | 1.4          |
|    force_requested_impulse_mean   | 0            |
|    is_fall_mean                   | 0.0851       |
|    is_timeout_mean                | 0.915        |
|    recovery_noforce               | 0.915        |
|    timeout_without_onset_fraction | 0            |
|    timeouts                       | 215          |
| time/                             |              |
|    fps                            | 8167         |
|    iterations                     | 4            |
|    time_elapsed                   | 64           |
|    total_timesteps                | 524288       |
| train/                            |              |
|    action_std_00                  | 0.0503       |
|    action_std_01                  | 0.0503       |
|    action_std_02                  | 0.0503       |
|    action_std_03                  | 0.0502       |
|    action_std_04                  | 0.0502       |
|    action_std_05                  | 0.0503       |
|    action_std_06                  | 0.0503       |
|    action_std_07                  | 0.0503       |
|    action_std_08                  | 0.0502       |
|    action_std_09                  | 0.0503       |
|    action_std_10                  | 0.0503       |
|    action_std_11                  | 0.0503       |
|    action_std_12                  | 0.0503       |
|    action_std_13                  | 0.0502       |
|    action_std_14                  | 0.0503       |
|    action_std_15                  | 0.0503       |
|    action_std_16                  | 0.0502       |
|    action_std_17                  | 0.0503       |
|    action_std_18                  | 0.0502       |
|    action_std_19                  | 0.0503       |
|    action_std_20                  | 0.0502       |
|    action_std_21                  | 0.0502       |
|    action_std_22                  | 0.0503       |
|    action_std_23                  | 0.0503       |
|    action_std_24                  | 0.0503       |
|    approx_kl                      | 0.0022376569 |
|    clip_fraction                  | 0.112        |
|    clip_range                     | 0.1          |
|    clip_range_vf                  | 0.2          |
|    entropy_loss                   | 39.3         |
|    explained_variance             | -1.73        |
|    learning_rate                  | 1e-05        |
|    loss                           | 1.75         |
|    n_updates                      | 30           |
|    policy_gradient_loss           | -0.00193     |
|    std                            | 0.0503       |
|    std_max                        | 0.0503       |
|    std_min                        | 0.0502       |
|    value_loss                     | 1.45         |
----------------------------------------------------
----------------------------------------------------
| rollout/                          |              |
|    action_saturation_fraction     | 0            |
|    ep_len_mean                    | 923          |
|    ep_rew_mean                    | 631          |
|    episodes_noforce               | 36           |
|    force_direction_mean           | -1           |
|    force_onset_mean               | 1.37         |
|    force_requested_impulse_mean   | 0            |
|    is_fall_mean                   | 0.333        |
|    is_timeout_mean                | 0.667        |
|    recovery_noforce               | 0.667        |
|    timeout_without_onset_fraction | 0            |
|    timeouts                       | 24           |
| time/                             |              |
|    fps                            | 8046         |
|    iterations                     | 5            |
|    time_elapsed                   | 81           |
|    total_timesteps                | 655360       |
| train/                            |              |
|    action_std_00                  | 0.0505       |
|    action_std_01                  | 0.0503       |
|    action_std_02                  | 0.0504       |
|    action_std_03                  | 0.0504       |
|    action_std_04                  | 0.0503       |
|    action_std_05                  | 0.0504       |
|    action_std_06                  | 0.0504       |
|    action_std_07                  | 0.0504       |
|    action_std_08                  | 0.0503       |
|    action_std_09                  | 0.0504       |
|    action_std_10                  | 0.0504       |
|    action_std_11                  | 0.0503       |
|    action_std_12                  | 0.0503       |
|    action_std_13                  | 0.0503       |
|    action_std_14                  | 0.0504       |
|    action_std_15                  | 0.0504       |
|    action_std_16                  | 0.0503       |
|    action_std_17                  | 0.0503       |
|    action_std_18                  | 0.0503       |
|    action_std_19                  | 0.0504       |
|    action_std_20                  | 0.0504       |
|    action_std_21                  | 0.0502       |
|    action_std_22                  | 0.0504       |
|    action_std_23                  | 0.0504       |
|    action_std_24                  | 0.0504       |
|    approx_kl                      | 0.0022310596 |
|    clip_fraction                  | 0.111        |
|    clip_range                     | 0.1          |
|    clip_range_vf                  | 0.2          |
|    entropy_loss                   | 39.3         |
|    explained_variance             | -1.02        |
|    learning_rate                  | 1e-05        |
|    loss                           | 1.81         |
|    n_updates                      | 40           |
|    policy_gradient_loss           | -0.00201     |
|    std                            | 0.0504       |
|    std_max                        | 0.0505       |
|    std_min                        | 0.0502       |
|    value_loss                     | 1.46         |
----------------------------------------------------
[QuadrupedWBCEnv] unhealthy terminate at step=578 z=0.193981 rpy=[2.56149, 0.379333, 0.455091] v_body=[-0.277175, 1.02618, 0.382023]
[QuadrupedWBCEnv] Reset state env_id=0 z=0.325724 rpy=[-0.0125078, 0.02382, -0.0185332]
----------------------------------------------------
| rollout/                          |              |
|    action_saturation_fraction     | 0            |
|    ep_len_mean                    | 1e+03        |
|    ep_rew_mean                    | 682          |
|    episodes_noforce               | 222          |
|    force_direction_mean           | -1           |
|    force_onset_mean               | 1.39         |
|    force_requested_impulse_mean   | 0            |
|    is_fall_mean                   | 0.0901       |
|    is_timeout_mean                | 0.91         |
|    recovery_noforce               | 0.91         |
|    timeout_without_onset_fraction | 0            |
|    timeouts                       | 202          |
| time/                             |              |
|    fps                            | 7906         |
|    iterations                     | 6            |
|    time_elapsed                   | 99           |
|    total_timesteps                | 786432       |
| train/                            |              |
|    action_std_00                  | 0.0505       |
|    action_std_01                  | 0.0504       |
|    action_std_02                  | 0.0505       |
|    action_std_03                  | 0.0505       |
|    action_std_04                  | 0.0504       |
|    action_std_05                  | 0.0505       |
|    action_std_06                  | 0.0504       |
|    action_std_07                  | 0.0505       |
|    action_std_08                  | 0.0504       |
|    action_std_09                  | 0.0506       |
|    action_std_10                  | 0.0504       |
|    action_std_11                  | 0.0504       |
|    action_std_12                  | 0.0504       |
|    action_std_13                  | 0.0504       |
|    action_std_14                  | 0.0504       |
|    action_std_15                  | 0.0504       |
|    action_std_16                  | 0.0504       |
|    action_std_17                  | 0.0504       |
|    action_std_18                  | 0.0504       |
|    action_std_19                  | 0.0505       |
|    action_std_20                  | 0.0505       |
|    action_std_21                  | 0.0503       |
|    action_std_22                  | 0.0505       |
|    action_std_23                  | 0.0505       |
|    action_std_24                  | 0.0504       |
|    approx_kl                      | 0.0021882053 |
|    clip_fraction                  | 0.109        |
|    clip_range                     | 0.1          |
|    clip_range_vf                  | 0.2          |
|    entropy_loss                   | 39.2         |
|    explained_variance             | -1.07        |
|    learning_rate                  | 1e-05        |
|    loss                           | 1.81         |
|    n_updates                      | 50           |
|    policy_gradient_loss           | -0.00202     |
|    std                            | 0.0504       |
|    std_max                        | 0.0506       |
|    std_min                        | 0.0503       |
|    value_loss                     | 1.39         |
----------------------------------------------------
[QuadrupedWBCEnv] Reset state env_id=0 z=0.283749 rpy=[-0.0118413, 0.0260085, -0.0179546]
----------------------------------------------------
| rollout/                          |              |
|    action_saturation_fraction     | 0            |
|    ep_len_mean                    | 943          |
|    ep_rew_mean                    | 641          |
|    episodes_noforce               | 47           |
|    force_direction_mean           | -1           |
|    force_onset_mean               | 1.43         |
|    force_requested_impulse_mean   | 0            |
|    is_fall_mean                   | 0.234        |
|    is_timeout_mean                | 0.766        |
|    recovery_noforce               | 0.766        |
|    timeout_without_onset_fraction | 0            |
|    timeouts                       | 36           |
| time/                             |              |
|    fps                            | 7872         |
|    iterations                     | 7            |
|    time_elapsed                   | 116          |
|    total_timesteps                | 917504       |
| train/                            |              |
|    action_std_00                  | 0.0506       |
|    action_std_01                  | 0.0505       |
|    action_std_02                  | 0.0506       |
|    action_std_03                  | 0.0506       |
|    action_std_04                  | 0.0505       |
|    action_std_05                  | 0.0506       |
|    action_std_06                  | 0.0505       |
|    action_std_07                  | 0.0507       |
|    action_std_08                  | 0.0506       |
|    action_std_09                  | 0.0507       |
|    action_std_10                  | 0.0505       |
|    action_std_11                  | 0.0506       |
|    action_std_12                  | 0.0505       |
|    action_std_13                  | 0.0506       |
|    action_std_14                  | 0.0505       |
|    action_std_15                  | 0.0505       |
|    action_std_16                  | 0.0504       |
|    action_std_17                  | 0.0505       |
|    action_std_18                  | 0.0505       |
|    action_std_19                  | 0.0505       |
|    action_std_20                  | 0.0506       |
|    action_std_21                  | 0.0504       |
|    action_std_22                  | 0.0506       |
|    action_std_23                  | 0.0506       |
|    action_std_24                  | 0.0505       |
|    approx_kl                      | 0.0021716894 |
|    clip_fraction                  | 0.109        |
|    clip_range                     | 0.1          |
|    clip_range_vf                  | 0.2          |
|    entropy_loss                   | 39.2         |
|    explained_variance             | -0.742       |
|    learning_rate                  | 1e-05        |
|    loss                           | 1.75         |
|    n_updates                      | 60           |
|    policy_gradient_loss           | -0.00215     |
|    std                            | 0.0506       |
|    std_max                        | 0.0507       |
|    std_min                        | 0.0504       |
|    value_loss                     | 1.34         |
----------------------------------------------------
----------------------------------------------------
| rollout/                          |              |
|    action_saturation_fraction     | 0            |
|    ep_len_mean                    | 993          |
|    ep_rew_mean                    | 678          |
|    episodes_noforce               | 216          |
|    force_direction_mean           | -1           |
|    force_onset_mean               | 1.41         |
|    force_requested_impulse_mean   | 0            |
|    is_fall_mean                   | 0.0833       |
|    is_timeout_mean                | 0.917        |
|    recovery_noforce               | 0.917        |
|    timeout_without_onset_fraction | 0            |
|    timeouts                       | 198          |
| time/                             |              |
|    fps                            | 7798         |
|    iterations                     | 8            |
|    time_elapsed                   | 134          |
|    total_timesteps                | 1048576      |
| train/                            |              |
|    action_std_00                  | 0.0507       |
|    action_std_01                  | 0.0506       |
|    action_std_02                  | 0.0507       |
|    action_std_03                  | 0.0507       |
|    action_std_04                  | 0.0506       |
|    action_std_05                  | 0.0506       |
|    action_std_06                  | 0.0507       |
|    action_std_07                  | 0.0508       |
|    action_std_08                  | 0.0507       |
|    action_std_09                  | 0.0508       |
|    action_std_10                  | 0.0505       |
|    action_std_11                  | 0.0507       |
|    action_std_12                  | 0.0506       |
|    action_std_13                  | 0.0507       |
|    action_std_14                  | 0.0505       |
|    action_std_15                  | 0.0505       |
|    action_std_16                  | 0.0505       |
|    action_std_17                  | 0.0506       |
|    action_std_18                  | 0.0506       |
|    action_std_19                  | 0.0506       |
|    action_std_20                  | 0.0506       |
|    action_std_21                  | 0.0505       |
|    action_std_22                  | 0.0506       |
|    action_std_23                  | 0.0506       |
|    action_std_24                  | 0.0507       |
|    approx_kl                      | 0.0022092462 |
|    clip_fraction                  | 0.11         |
|    clip_range                     | 0.1          |
|    clip_range_vf                  | 0.2          |
|    entropy_loss                   | 39.1         |
|    explained_variance             | -0.961       |
|    learning_rate                  | 1e-05        |
|    loss                           | 1.66         |
|    n_updates                      | 70           |
|    policy_gradient_loss           | -0.00215     |
|    std                            | 0.0506       |
|    std_max                        | 0.0508       |
|    std_min                        | 0.0505       |
|    value_loss                     | 1.32         |
----------------------------------------------------
[QuadrupedWBCEnv] Reset state env_id=0 z=0.322836 rpy=[-0.0140891, 0.0241852, -0.0185747]
---------------------------------------------------
| rollout/                          |             |
|    action_saturation_fraction     | 0           |
|    ep_len_mean                    | 877         |
|    ep_rew_mean                    | 595         |
|    episodes_noforce               | 66          |
|    force_direction_mean           | -1          |
|    force_onset_mean               | 1.42        |
|    force_requested_impulse_mean   | 0           |
|    is_fall_mean                   | 0.333       |
|    is_timeout_mean                | 0.667       |
|    recovery_noforce               | 0.667       |
|    timeout_without_onset_fraction | 0           |
|    timeouts                       | 44          |
| time/                             |             |
|    fps                            | 7765        |
|    iterations                     | 9           |
|    time_elapsed                   | 151         |
|    total_timesteps                | 1179648     |
| train/                            |             |
|    action_std_00                  | 0.0508      |
|    action_std_01                  | 0.0507      |
|    action_std_02                  | 0.0508      |
|    action_std_03                  | 0.0508      |
|    action_std_04                  | 0.0507      |
|    action_std_05                  | 0.0507      |
|    action_std_06                  | 0.0508      |
|    action_std_07                  | 0.0508      |
|    action_std_08                  | 0.0508      |
|    action_std_09                  | 0.0509      |
|    action_std_10                  | 0.0506      |
|    action_std_11                  | 0.0508      |
|    action_std_12                  | 0.0506      |
|    action_std_13                  | 0.0507      |
|    action_std_14                  | 0.0506      |
|    action_std_15                  | 0.0506      |
|    action_std_16                  | 0.0506      |
|    action_std_17                  | 0.0508      |
|    action_std_18                  | 0.0508      |
|    action_std_19                  | 0.0507      |
|    action_std_20                  | 0.0507      |
|    action_std_21                  | 0.0507      |
|    action_std_22                  | 0.0508      |
|    action_std_23                  | 0.0508      |
|    action_std_24                  | 0.0508      |
|    approx_kl                      | 0.002198615 |
|    clip_fraction                  | 0.11        |
|    clip_range                     | 0.1         |
|    clip_range_vf                  | 0.2         |
|    entropy_loss                   | 39.1        |
|    explained_variance             | -0.754      |
|    learning_rate                  | 1e-05       |
|    loss                           | 1.62        |
|    n_updates                      | 80          |
|    policy_gradient_loss           | -0.00214    |
|    std                            | 0.0507      |
|    std_max                        | 0.0509      |
|    std_min                        | 0.0506      |
|    value_loss                     | 1.27        |
---------------------------------------------------
----------------------------------------------------
| rollout/                          |              |
|    action_saturation_fraction     | 0            |
|    ep_len_mean                    | 979          |
|    ep_rew_mean                    | 669          |
|    episodes_noforce               | 198          |
|    force_direction_mean           | -1           |
|    force_onset_mean               | 1.38         |
|    force_requested_impulse_mean   | 0            |
|    is_fall_mean                   | 0.096        |
|    is_timeout_mean                | 0.904        |
|    recovery_noforce               | 0.904        |
|    timeout_without_onset_fraction | 0            |
|    timeouts                       | 179          |
| time/                             |              |
|    fps                            | 7719         |
|    iterations                     | 10           |
|    time_elapsed                   | 169          |
|    total_timesteps                | 1310720      |
| train/                            |              |
|    action_std_00                  | 0.0509       |
|    action_std_01                  | 0.0508       |
|    action_std_02                  | 0.0509       |
|    action_std_03                  | 0.0509       |
|    action_std_04                  | 0.0507       |
|    action_std_05                  | 0.0508       |
|    action_std_06                  | 0.0509       |
|    action_std_07                  | 0.0509       |
|    action_std_08                  | 0.0509       |
|    action_std_09                  | 0.051        |
|    action_std_10                  | 0.0507       |
|    action_std_11                  | 0.0509       |
|    action_std_12                  | 0.0508       |
|    action_std_13                  | 0.0508       |
|    action_std_14                  | 0.0507       |
|    action_std_15                  | 0.0506       |
|    action_std_16                  | 0.0507       |
|    action_std_17                  | 0.0508       |
|    action_std_18                  | 0.0509       |
|    action_std_19                  | 0.0508       |
|    action_std_20                  | 0.0508       |
|    action_std_21                  | 0.0508       |
|    action_std_22                  | 0.0509       |
|    action_std_23                  | 0.0508       |
|    action_std_24                  | 0.0509       |
|    approx_kl                      | 0.0021957837 |
|    clip_fraction                  | 0.107        |
|    clip_range                     | 0.1          |
|    clip_range_vf                  | 0.2          |
|    entropy_loss                   | 39           |
|    explained_variance             | -0.67        |
|    learning_rate                  | 1e-05        |
|    loss                           | 1.68         |
|    n_updates                      | 90           |
|    policy_gradient_loss           | -0.00231     |
|    std                            | 0.0508       |
|    std_max                        | 0.051        |
|    std_min                        | 0.0506       |
|    value_loss                     | 1.23         |
----------------------------------------------------
[QuadrupedWBCEnv] Reset state env_id=0 z=0.3145 rpy=[-0.011551, 0.0219478, -0.0188468]
----------------------------------------------------
| rollout/                          |              |
|    action_saturation_fraction     | 0            |
|    ep_len_mean                    | 892          |
|    ep_rew_mean                    | 608          |
|    episodes_noforce               | 81           |
|    force_direction_mean           | -1           |
|    force_onset_mean               | 1.41         |
|    force_requested_impulse_mean   | 0            |
|    is_fall_mean                   | 0.21         |
|    is_timeout_mean                | 0.79         |
|    recovery_noforce               | 0.79         |
|    timeout_without_onset_fraction | 0            |
|    timeouts                       | 64           |
| time/                             |              |
|    fps                            | 7711         |
|    iterations                     | 11           |
|    time_elapsed                   | 186          |
|    total_timesteps                | 1441792      |
| train/                            |              |
|    action_std_00                  | 0.051        |
|    action_std_01                  | 0.0508       |
|    action_std_02                  | 0.051        |
|    action_std_03                  | 0.051        |
|    action_std_04                  | 0.0508       |
|    action_std_05                  | 0.0509       |
|    action_std_06                  | 0.051        |
|    action_std_07                  | 0.0511       |
|    action_std_08                  | 0.051        |
|    action_std_09                  | 0.0511       |
|    action_std_10                  | 0.0508       |
|    action_std_11                  | 0.051        |
|    action_std_12                  | 0.0509       |
|    action_std_13                  | 0.0508       |
|    action_std_14                  | 0.0508       |
|    action_std_15                  | 0.0507       |
|    action_std_16                  | 0.0507       |
|    action_std_17                  | 0.0509       |
|    action_std_18                  | 0.051        |
|    action_std_19                  | 0.0509       |
|    action_std_20                  | 0.0509       |
|    action_std_21                  | 0.0509       |
|    action_std_22                  | 0.051        |
|    action_std_23                  | 0.0509       |
|    action_std_24                  | 0.0511       |
|    approx_kl                      | 0.0022044997 |
|    clip_fraction                  | 0.11         |
|    clip_range                     | 0.1          |
|    clip_range_vf                  | 0.2          |
|    entropy_loss                   | 39           |
|    explained_variance             | -0.422       |
|    learning_rate                  | 1e-05        |
|    loss                           | 1.56         |
|    n_updates                      | 100          |
|    policy_gradient_loss           | -0.00241     |
|    std                            | 0.0509       |
|    std_max                        | 0.0511       |
|    std_min                        | 0.0507       |
|    value_loss                     | 1.15         |
----------------------------------------------------
---------------------------------------------------
| rollout/                          |             |
|    action_saturation_fraction     | 0           |
|    ep_len_mean                    | 989         |
|    ep_rew_mean                    | 675         |
|    episodes_noforce               | 183         |
|    force_direction_mean           | -1          |
|    force_onset_mean               | 1.4         |
|    force_requested_impulse_mean   | 0           |
|    is_fall_mean                   | 0.082       |
|    is_timeout_mean                | 0.918       |
|    recovery_noforce               | 0.918       |
|    timeout_without_onset_fraction | 0           |
|    timeouts                       | 168         |
| time/                             |             |
|    fps                            | 7683        |
|    iterations                     | 12          |
|    time_elapsed                   | 204         |
|    total_timesteps                | 1572864     |
| train/                            |             |
|    action_std_00                  | 0.0511      |
|    action_std_01                  | 0.051       |
|    action_std_02                  | 0.0511      |
|    action_std_03                  | 0.0511      |
|    action_std_04                  | 0.0509      |
|    action_std_05                  | 0.051       |
|    action_std_06                  | 0.0511      |
|    action_std_07                  | 0.0512      |
|    action_std_08                  | 0.0511      |
|    action_std_09                  | 0.0513      |
|    action_std_10                  | 0.0509      |
|    action_std_11                  | 0.0511      |
|    action_std_12                  | 0.051       |
|    action_std_13                  | 0.051       |
|    action_std_14                  | 0.051       |
|    action_std_15                  | 0.0508      |
|    action_std_16                  | 0.0508      |
|    action_std_17                  | 0.0511      |
|    action_std_18                  | 0.0511      |
|    action_std_19                  | 0.051       |
|    action_std_20                  | 0.0509      |
|    action_std_21                  | 0.0509      |
|    action_std_22                  | 0.051       |
|    action_std_23                  | 0.051       |
|    action_std_24                  | 0.0511      |
|    approx_kl                      | 0.002255865 |
|    clip_fraction                  | 0.11        |
|    clip_range                     | 0.1         |
|    clip_range_vf                  | 0.2         |
|    entropy_loss                   | 38.9        |
|    explained_variance             | -0.537      |
|    learning_rate                  | 1e-05       |
|    loss                           | 1.36        |
|    n_updates                      | 110         |
|    policy_gradient_loss           | -0.00222    |
|    std                            | 0.051       |
|    std_max                        | 0.0513      |
|    std_min                        | 0.0508      |
|    value_loss                     | 1.07        |
---------------------------------------------------
[QuadrupedWBCEnv] Reset state env_id=0 z=0.277437 rpy=[-0.0137987, 0.026473, -0.0178247]
----------------------------------------------------
| rollout/                          |              |
|    action_saturation_fraction     | 0            |
|    ep_len_mean                    | 914          |
|    ep_rew_mean                    | 619          |
|    episodes_noforce               | 87           |
|    force_direction_mean           | -1           |
|    force_onset_mean               | 1.38         |
|    force_requested_impulse_mean   | 0            |
|    is_fall_mean                   | 0.207        |
|    is_timeout_mean                | 0.793        |
|    recovery_noforce               | 0.793        |
|    timeout_without_onset_fraction | 0            |
|    timeouts                       | 69           |
| time/                             |              |
|    fps                            | 7675         |
|    iterations                     | 13           |
|    time_elapsed                   | 221          |
|    total_timesteps                | 1703936      |
| train/                            |              |
|    action_std_00                  | 0.0511       |
|    action_std_01                  | 0.0511       |
|    action_std_02                  | 0.0512       |
|    action_std_03                  | 0.0512       |
|    action_std_04                  | 0.051        |
|    action_std_05                  | 0.0511       |
|    action_std_06                  | 0.0513       |
|    action_std_07                  | 0.0512       |
|    action_std_08                  | 0.0512       |
|    action_std_09                  | 0.0513       |
|    action_std_10                  | 0.051        |
|    action_std_11                  | 0.0513       |
|    action_std_12                  | 0.051        |
|    action_std_13                  | 0.0511       |
|    action_std_14                  | 0.0511       |
|    action_std_15                  | 0.0509       |
|    action_std_16                  | 0.0509       |
|    action_std_17                  | 0.0512       |
|    action_std_18                  | 0.0511       |
|    action_std_19                  | 0.0511       |
|    action_std_20                  | 0.051        |
|    action_std_21                  | 0.0511       |
|    action_std_22                  | 0.0511       |
|    action_std_23                  | 0.0511       |
|    action_std_24                  | 0.0512       |
|    approx_kl                      | 0.0021683183 |
|    clip_fraction                  | 0.109        |
|    clip_range                     | 0.1          |
|    clip_range_vf                  | 0.2          |
|    entropy_loss                   | 38.9         |
|    explained_variance             | -0.534       |
|    learning_rate                  | 1e-05        |
|    loss                           | 1.43         |
|    n_updates                      | 120          |
|    policy_gradient_loss           | -0.00219     |
|    std                            | 0.0511       |
|    std_max                        | 0.0513       |
|    std_min                        | 0.0509       |
|    value_loss                     | 1.05         |
----------------------------------------------------
---------------------------------------------------
| rollout/                          |             |
|    action_saturation_fraction     | 0           |
|    ep_len_mean                    | 998         |
|    ep_rew_mean                    | 683         |
|    episodes_noforce               | 177         |
|    force_direction_mean           | -1          |
|    force_onset_mean               | 1.39        |
|    force_requested_impulse_mean   | 0           |
|    is_fall_mean                   | 0.0791      |
|    is_timeout_mean                | 0.921       |
|    recovery_noforce               | 0.921       |
|    timeout_without_onset_fraction | 0           |
|    timeouts                       | 163         |
| time/                             |             |
|    fps                            | 7655        |
|    iterations                     | 14          |
|    time_elapsed                   | 239         |
|    total_timesteps                | 1835008     |
| train/                            |             |
|    action_std_00                  | 0.0512      |
|    action_std_01                  | 0.0511      |
|    action_std_02                  | 0.0513      |
|    action_std_03                  | 0.0513      |
|    action_std_04                  | 0.0511      |
|    action_std_05                  | 0.0512      |
|    action_std_06                  | 0.0514      |
|    action_std_07                  | 0.0514      |
|    action_std_08                  | 0.0514      |
|    action_std_09                  | 0.0515      |
|    action_std_10                  | 0.0511      |
|    action_std_11                  | 0.0514      |
|    action_std_12                  | 0.0512      |
|    action_std_13                  | 0.0512      |
|    action_std_14                  | 0.0513      |
|    action_std_15                  | 0.051       |
|    action_std_16                  | 0.051       |
|    action_std_17                  | 0.0512      |
|    action_std_18                  | 0.0512      |
|    action_std_19                  | 0.0512      |
|    action_std_20                  | 0.0512      |
|    action_std_21                  | 0.0512      |
|    action_std_22                  | 0.0512      |
|    action_std_23                  | 0.0512      |
|    action_std_24                  | 0.0513      |
|    approx_kl                      | 0.002158196 |
|    clip_fraction                  | 0.107       |
|    clip_range                     | 0.1         |
|    clip_range_vf                  | 0.2         |
|    entropy_loss                   | 38.8        |
|    explained_variance             | -0.289      |
|    learning_rate                  | 1e-05       |
|    loss                           | 1.37        |
|    n_updates                      | 130         |
|    policy_gradient_loss           | -0.00226    |
|    std                            | 0.0512      |
|    std_max                        | 0.0515      |
|    std_min                        | 0.051       |
|    value_loss                     | 0.977       |
---------------------------------------------------
[QuadrupedWBCEnv] Reset state env_id=0 z=0.284059 rpy=[-0.0148309, 0.0247733, -0.0177549]
----------------------------------------------------
| rollout/                          |              |
|    action_saturation_fraction     | 0            |
|    ep_len_mean                    | 901          |
|    ep_rew_mean                    | 611          |
|    episodes_noforce               | 102          |
|    force_direction_mean           | -1           |
|    force_onset_mean               | 1.41         |
|    force_requested_impulse_mean   | 0            |
|    is_fall_mean                   | 0.206        |
|    is_timeout_mean                | 0.794        |
|    recovery_noforce               | 0.794        |
|    timeout_without_onset_fraction | 0            |
|    timeouts                       | 81           |
| time/                             |              |
|    fps                            | 7648         |
|    iterations                     | 15           |
|    time_elapsed                   | 257          |
|    total_timesteps                | 1966080      |
| train/                            |              |
|    action_std_00                  | 0.0514       |
|    action_std_01                  | 0.0512       |
|    action_std_02                  | 0.0514       |
|    action_std_03                  | 0.0513       |
|    action_std_04                  | 0.0512       |
|    action_std_05                  | 0.0513       |
|    action_std_06                  | 0.0515       |
|    action_std_07                  | 0.0515       |
|    action_std_08                  | 0.0515       |
|    action_std_09                  | 0.0516       |
|    action_std_10                  | 0.0511       |
|    action_std_11                  | 0.0516       |
|    action_std_12                  | 0.0513       |
|    action_std_13                  | 0.0513       |
|    action_std_14                  | 0.0513       |
|    action_std_15                  | 0.0511       |
|    action_std_16                  | 0.0511       |
|    action_std_17                  | 0.0513       |
|    action_std_18                  | 0.0514       |
|    action_std_19                  | 0.0513       |
|    action_std_20                  | 0.0513       |
|    action_std_21                  | 0.0512       |
|    action_std_22                  | 0.0513       |
|    action_std_23                  | 0.0512       |
|    action_std_24                  | 0.0514       |
|    approx_kl                      | 0.0021921783 |
|    clip_fraction                  | 0.109        |
|    clip_range                     | 0.1          |
|    clip_range_vf                  | 0.2          |
|    entropy_loss                   | 38.8         |
|    explained_variance             | -0.414       |
|    learning_rate                  | 1e-05        |
|    loss                           | 1.33         |
|    n_updates                      | 140          |
|    policy_gradient_loss           | -0.00221     |
|    std                            | 0.0513       |
|    std_max                        | 0.0516       |
|    std_min                        | 0.0511       |
|    value_loss                     | 0.957        |
----------------------------------------------------
INFO:root:VecNormalize statistics saved at: ./data/v1_ours/quadruped_ppo_model_ckpt_2000128_vecnormalize.pkl
INFO:root:Model saved at: ./data/v1_ours/quadruped_ppo_model_ckpt_2000128.zip
INFO:root:Checkpoint written at 2000128 timesteps
---------------------------------------------------
| rollout/                          |             |
|    action_saturation_fraction     | 0           |
|    ep_len_mean                    | 973         |
|    ep_rew_mean                    | 668         |
|    episodes_noforce               | 167         |
|    force_direction_mean           | -1          |
|    force_onset_mean               | 1.4         |
|    force_requested_impulse_mean   | 0           |
|    is_fall_mean                   | 0.0599      |
|    is_timeout_mean                | 0.94        |
|    recovery_noforce               | 0.94        |
|    timeout_without_onset_fraction | 0           |
|    timeouts                       | 157         |
| time/                             |             |
|    fps                            | 7629        |
|    iterations                     | 16          |
|    time_elapsed                   | 274         |
|    total_timesteps                | 2097152     |
| train/                            |             |
|    action_std_00                  | 0.0515      |
|    action_std_01                  | 0.0513      |
|    action_std_02                  | 0.0515      |
|    action_std_03                  | 0.0514      |
|    action_std_04                  | 0.0514      |
|    action_std_05                  | 0.0514      |
|    action_std_06                  | 0.0515      |
|    action_std_07                  | 0.0515      |
|    action_std_08                  | 0.0516      |
|    action_std_09                  | 0.0516      |
|    action_std_10                  | 0.0513      |
|    action_std_11                  | 0.0517      |
|    action_std_12                  | 0.0514      |
|    action_std_13                  | 0.0514      |
|    action_std_14                  | 0.0514      |
|    action_std_15                  | 0.0512      |
|    action_std_16                  | 0.0512      |
|    action_std_17                  | 0.0514      |
|    action_std_18                  | 0.0515      |
|    action_std_19                  | 0.0513      |
|    action_std_20                  | 0.0515      |
|    action_std_21                  | 0.0514      |
|    action_std_22                  | 0.0514      |
|    action_std_23                  | 0.0513      |
|    action_std_24                  | 0.0514      |
|    approx_kl                      | 0.002231458 |
|    clip_fraction                  | 0.11        |
|    clip_range                     | 0.1         |
|    clip_range_vf                  | 0.2         |
|    entropy_loss                   | 38.7        |
|    explained_variance             | -0.0603     |
|    learning_rate                  | 1e-05       |
|    loss                           | 1.21        |
|    n_updates                      | 150         |
|    policy_gradient_loss           | -0.00251    |
|    std                            | 0.0514      |
|    std_max                        | 0.0517      |
|    std_min                        | 0.0512      |
|    value_loss                     | 0.854       |
---------------------------------------------------
[QuadrupedWBCEnv] Reset state env_id=0 z=0.297908 rpy=[-0.0109517, 0.0240303, -0.0189627]
---------------------------------------------------
| rollout/                          |             |
|    action_saturation_fraction     | 0           |
|    ep_len_mean                    | 915         |
|    ep_rew_mean                    | 620         |
|    episodes_noforce               | 113         |
|    force_direction_mean           | -1          |
|    force_onset_mean               | 1.41        |
|    force_requested_impulse_mean   | 0           |
|    is_fall_mean                   | 0.168       |
|    is_timeout_mean                | 0.832       |
|    recovery_noforce               | 0.832       |
|    timeout_without_onset_fraction | 0           |
|    timeouts                       | 94          |
| time/                             |             |
|    fps                            | 7626        |
|    iterations                     | 17          |
|    time_elapsed                   | 292         |
|    total_timesteps                | 2228224     |
| train/                            |             |
|    action_std_00                  | 0.0516      |
|    action_std_01                  | 0.0514      |
|    action_std_02                  | 0.0516      |
|    action_std_03                  | 0.0514      |
|    action_std_04                  | 0.0515      |
|    action_std_05                  | 0.0515      |
|    action_std_06                  | 0.0517      |
|    action_std_07                  | 0.0517      |
|    action_std_08                  | 0.0517      |
|    action_std_09                  | 0.0517      |
|    action_std_10                  | 0.0515      |
|    action_std_11                  | 0.0517      |
|    action_std_12                  | 0.0516      |
|    action_std_13                  | 0.0515      |
|    action_std_14                  | 0.0515      |
|    action_std_15                  | 0.0513      |
|    action_std_16                  | 0.0513      |
|    action_std_17                  | 0.0515      |
|    action_std_18                  | 0.0516      |
|    action_std_19                  | 0.0515      |
|    action_std_20                  | 0.0515      |
|    action_std_21                  | 0.0515      |
|    action_std_22                  | 0.0515      |
|    action_std_23                  | 0.0514      |
|    action_std_24                  | 0.0516      |
|    approx_kl                      | 0.002163496 |
|    clip_fraction                  | 0.107       |
|    clip_range                     | 0.1         |
|    clip_range_vf                  | 0.2         |
|    entropy_loss                   | 38.7        |
|    explained_variance             | -0.356      |
|    learning_rate                  | 1e-05       |
|    loss                           | 1.21        |
|    n_updates                      | 160         |
|    policy_gradient_loss           | -0.0021     |
|    std                            | 0.0515      |
|    std_max                        | 0.0517      |
|    std_min                        | 0.0513      |
|    value_loss                     | 0.836       |
---------------------------------------------------
--------------------------------------------------
| rollout/                          |            |
|    action_saturation_fraction     | 0          |
|    ep_len_mean                    | 964        |
|    ep_rew_mean                    | 661        |
|    episodes_noforce               | 159        |
|    force_direction_mean           | -1         |
|    force_onset_mean               | 1.4        |
|    force_requested_impulse_mean   | 0          |
|    is_fall_mean                   | 0.101      |
|    is_timeout_mean                | 0.899      |
|    recovery_noforce               | 0.899      |
|    timeout_without_onset_fraction | 0          |
|    timeouts                       | 143        |
| time/                             |            |
|    fps                            | 7609       |
|    iterations                     | 18         |
|    time_elapsed                   | 310        |
|    total_timesteps                | 2359296    |
| train/                            |            |
|    action_std_00                  | 0.0518     |
|    action_std_01                  | 0.0516     |
|    action_std_02                  | 0.0516     |
|    action_std_03                  | 0.0515     |
|    action_std_04                  | 0.0516     |
|    action_std_05                  | 0.0516     |
|    action_std_06                  | 0.0518     |
|    action_std_07                  | 0.0517     |
|    action_std_08                  | 0.0518     |
|    action_std_09                  | 0.0518     |
|    action_std_10                  | 0.0515     |
|    action_std_11                  | 0.0517     |
|    action_std_12                  | 0.0517     |
|    action_std_13                  | 0.0516     |
|    action_std_14                  | 0.0516     |
|    action_std_15                  | 0.0514     |
|    action_std_16                  | 0.0514     |
|    action_std_17                  | 0.0516     |
|    action_std_18                  | 0.0516     |
|    action_std_19                  | 0.0515     |
|    action_std_20                  | 0.0516     |
|    action_std_21                  | 0.0515     |
|    action_std_22                  | 0.0515     |
|    action_std_23                  | 0.0515     |
|    action_std_24                  | 0.0516     |
|    approx_kl                      | 0.00223086 |
|    clip_fraction                  | 0.11       |
|    clip_range                     | 0.1        |
|    clip_range_vf                  | 0.2        |
|    entropy_loss                   | 38.6       |
|    explained_variance             | 0.0568     |
|    learning_rate                  | 1e-05      |
|    loss                           | 1.1        |
|    n_updates                      | 170        |
|    policy_gradient_loss           | -0.00235   |
|    std                            | 0.0516     |
|    std_max                        | 0.0518     |
|    std_min                        | 0.0514     |
|    value_loss                     | 0.765      |
--------------------------------------------------
[QuadrupedWBCEnv] Reset state env_id=0 z=0.28168 rpy=[-0.0136153, 0.0245661, -0.017899]
----------------------------------------------------
| rollout/                          |              |
|    action_saturation_fraction     | 0            |
|    ep_len_mean                    | 947          |
|    ep_rew_mean                    | 642          |
|    episodes_noforce               | 115          |
|    force_direction_mean           | -1           |
|    force_onset_mean               | 1.39         |
|    force_requested_impulse_mean   | 0            |
|    is_fall_mean                   | 0.13         |
|    is_timeout_mean                | 0.87         |
|    recovery_noforce               | 0.87         |
|    timeout_without_onset_fraction | 0            |
|    timeouts                       | 100          |
| time/                             |              |
|    fps                            | 7604         |
|    iterations                     | 19           |
|    time_elapsed                   | 327          |
|    total_timesteps                | 2490368      |
| train/                            |              |
|    action_std_00                  | 0.0519       |
|    action_std_01                  | 0.0517       |
|    action_std_02                  | 0.0518       |
|    action_std_03                  | 0.0517       |
|    action_std_04                  | 0.0516       |
|    action_std_05                  | 0.0516       |
|    action_std_06                  | 0.0519       |
|    action_std_07                  | 0.0518       |
|    action_std_08                  | 0.0519       |
|    action_std_09                  | 0.0519       |
|    action_std_10                  | 0.0516       |
|    action_std_11                  | 0.0518       |
|    action_std_12                  | 0.0518       |
|    action_std_13                  | 0.0517       |
|    action_std_14                  | 0.0517       |
|    action_std_15                  | 0.0515       |
|    action_std_16                  | 0.0515       |
|    action_std_17                  | 0.0517       |
|    action_std_18                  | 0.0518       |
|    action_std_19                  | 0.0517       |
|    action_std_20                  | 0.0518       |
|    action_std_21                  | 0.0515       |
|    action_std_22                  | 0.0515       |
|    action_std_23                  | 0.0516       |
|    action_std_24                  | 0.0517       |
|    approx_kl                      | 0.0021200771 |
|    clip_fraction                  | 0.106        |
|    clip_range                     | 0.1          |
|    clip_range_vf                  | 0.2          |
|    entropy_loss                   | 38.6         |
|    explained_variance             | -0.0878      |
|    learning_rate                  | 1e-05        |
|    loss                           | 1.09         |
|    n_updates                      | 180          |
|    policy_gradient_loss           | -0.00212     |
|    std                            | 0.0517       |
|    std_max                        | 0.0519       |
|    std_min                        | 0.0515       |
|    value_loss                     | 0.731        |
----------------------------------------------------
----------------------------------------------------
| rollout/                          |              |
|    action_saturation_fraction     | 0            |
|    ep_len_mean                    | 967          |
|    ep_rew_mean                    | 658          |
|    episodes_noforce               | 158          |
|    force_direction_mean           | -1           |
|    force_onset_mean               | 1.39         |
|    force_requested_impulse_mean   | 0            |
|    is_fall_mean                   | 0.108        |
|    is_timeout_mean                | 0.892        |
|    recovery_noforce               | 0.892        |
|    timeout_without_onset_fraction | 0            |
|    timeouts                       | 141          |
| time/                             |              |
|    fps                            | 7599         |
|    iterations                     | 20           |
|    time_elapsed                   | 344          |
|    total_timesteps                | 2621440      |
| train/                            |              |
|    action_std_00                  | 0.052        |
|    action_std_01                  | 0.0518       |
|    action_std_02                  | 0.0519       |
|    action_std_03                  | 0.0518       |
|    action_std_04                  | 0.0518       |
|    action_std_05                  | 0.0517       |
|    action_std_06                  | 0.052        |
|    action_std_07                  | 0.0519       |
|    action_std_08                  | 0.052        |
|    action_std_09                  | 0.052        |
|    action_std_10                  | 0.0517       |
|    action_std_11                  | 0.0519       |
|    action_std_12                  | 0.0519       |
|    action_std_13                  | 0.0518       |
|    action_std_14                  | 0.0518       |
|    action_std_15                  | 0.0516       |
|    action_std_16                  | 0.0516       |
|    action_std_17                  | 0.0518       |
|    action_std_18                  | 0.0518       |
|    action_std_19                  | 0.0518       |
|    action_std_20                  | 0.0518       |
|    action_std_21                  | 0.0517       |
|    action_std_22                  | 0.0516       |
|    action_std_23                  | 0.0517       |
|    action_std_24                  | 0.0518       |
|    approx_kl                      | 0.0020847982 |
|    clip_fraction                  | 0.103        |
|    clip_range                     | 0.1          |
|    clip_range_vf                  | 0.2          |
|    entropy_loss                   | 38.6         |
|    explained_variance             | 0.227        |
|    learning_rate                  | 1e-05        |
|    loss                           | 1.07         |
|    n_updates                      | 190          |
|    policy_gradient_loss           | -0.00219     |
|    std                            | 0.0518       |
|    std_max                        | 0.052        |
|    std_min                        | 0.0516       |
|    value_loss                     | 0.67         |
----------------------------------------------------
[QuadrupedWBCEnv] Reset state env_id=0 z=0.317515 rpy=[-0.0160179, 0.0230263, -0.0183868]
----------------------------------------------------
| rollout/                          |              |
|    action_saturation_fraction     | 0            |
|    ep_len_mean                    | 959          |
|    ep_rew_mean                    | 651          |
|    episodes_noforce               | 121          |
|    force_direction_mean           | -1           |
|    force_onset_mean               | 1.41         |
|    force_requested_impulse_mean   | 0            |
|    is_fall_mean                   | 0.0826       |
|    is_timeout_mean                | 0.917        |
|    recovery_noforce               | 0.917        |
|    timeout_without_onset_fraction | 0            |
|    timeouts                       | 111          |
| time/                             |              |
|    fps                            | 7594         |
|    iterations                     | 21           |
|    time_elapsed                   | 362          |
|    total_timesteps                | 2752512      |
| train/                            |              |
|    action_std_00                  | 0.0521       |
|    action_std_01                  | 0.0518       |
|    action_std_02                  | 0.052        |
|    action_std_03                  | 0.0519       |
|    action_std_04                  | 0.0519       |
|    action_std_05                  | 0.0518       |
|    action_std_06                  | 0.052        |
|    action_std_07                  | 0.052        |
|    action_std_08                  | 0.0521       |
|    action_std_09                  | 0.0521       |
|    action_std_10                  | 0.0519       |
|    action_std_11                  | 0.0519       |
|    action_std_12                  | 0.0521       |
|    action_std_13                  | 0.0519       |
|    action_std_14                  | 0.0519       |
|    action_std_15                  | 0.0516       |
|    action_std_16                  | 0.0516       |
|    action_std_17                  | 0.0518       |
|    action_std_18                  | 0.0519       |
|    action_std_19                  | 0.0519       |
|    action_std_20                  | 0.0519       |
|    action_std_21                  | 0.0518       |
|    action_std_22                  | 0.0518       |
|    action_std_23                  | 0.0518       |
|    action_std_24                  | 0.0519       |
|    approx_kl                      | 0.0021257852 |
|    clip_fraction                  | 0.106        |
|    clip_range                     | 0.1          |
|    clip_range_vf                  | 0.2          |
|    entropy_loss                   | 38.5         |
|    explained_variance             | 0.185        |
|    learning_rate                  | 1e-05        |
|    loss                           | 0.965        |
|    n_updates                      | 200          |
|    policy_gradient_loss           | -0.00227     |
|    std                            | 0.0519       |
|    std_max                        | 0.0521       |
|    std_min                        | 0.0516       |
|    value_loss                     | 0.605        |
----------------------------------------------------
----------------------------------------------------
| rollout/                          |              |
|    action_saturation_fraction     | 0            |
|    ep_len_mean                    | 977          |
|    ep_rew_mean                    | 664          |
|    episodes_noforce               | 153          |
|    force_direction_mean           | -1           |
|    force_onset_mean               | 1.39         |
|    force_requested_impulse_mean   | 0            |
|    is_fall_mean                   | 0.111        |
|    is_timeout_mean                | 0.889        |
|    recovery_noforce               | 0.889        |
|    timeout_without_onset_fraction | 0            |
|    timeouts                       | 136          |
| time/                             |              |
|    fps                            | 7591         |
|    iterations                     | 22           |
|    time_elapsed                   | 379          |
|    total_timesteps                | 2883584      |
| train/                            |              |
|    action_std_00                  | 0.0522       |
|    action_std_01                  | 0.0519       |
|    action_std_02                  | 0.0521       |
|    action_std_03                  | 0.052        |
|    action_std_04                  | 0.052        |
|    action_std_05                  | 0.0519       |
|    action_std_06                  | 0.0521       |
|    action_std_07                  | 0.0521       |
|    action_std_08                  | 0.0522       |
|    action_std_09                  | 0.0523       |
|    action_std_10                  | 0.052        |
|    action_std_11                  | 0.052        |
|    action_std_12                  | 0.0522       |
|    action_std_13                  | 0.0521       |
|    action_std_14                  | 0.052        |
|    action_std_15                  | 0.0517       |
|    action_std_16                  | 0.0517       |
|    action_std_17                  | 0.0519       |
|    action_std_18                  | 0.052        |
|    action_std_19                  | 0.052        |
|    action_std_20                  | 0.052        |
|    action_std_21                  | 0.0519       |
|    action_std_22                  | 0.0518       |
|    action_std_23                  | 0.0519       |
|    action_std_24                  | 0.0521       |
|    approx_kl                      | 0.0021331026 |
|    clip_fraction                  | 0.105        |
|    clip_range                     | 0.1          |
|    clip_range_vf                  | 0.2          |
|    entropy_loss                   | 38.5         |
|    explained_variance             | 0.195        |
|    learning_rate                  | 1e-05        |
|    loss                           | 0.938        |
|    n_updates                      | 210          |
|    policy_gradient_loss           | -0.00207     |
|    std                            | 0.052        |
|    std_max                        | 0.0523       |
|    std_min                        | 0.0517       |
|    value_loss                     | 0.547        |
----------------------------------------------------
[QuadrupedWBCEnv] Reset state env_id=0 z=0.272581 rpy=[-0.0139807, 0.0249844, -0.0180671]
---------------------------------------------------
| rollout/                          |             |
|    action_saturation_fraction     | 0           |
|    ep_len_mean                    | 950         |
|    ep_rew_mean                    | 646         |
|    episodes_noforce               | 119         |
|    force_direction_mean           | -1          |
|    force_onset_mean               | 1.4         |
|    force_requested_impulse_mean   | 0           |
|    is_fall_mean                   | 0.126       |
|    is_timeout_mean                | 0.874       |
|    recovery_noforce               | 0.874       |
|    timeout_without_onset_fraction | 0           |
|    timeouts                       | 104         |
| time/                             |             |
|    fps                            | 7590        |
|    iterations                     | 23          |
|    time_elapsed                   | 397         |
|    total_timesteps                | 3014656     |
| train/                            |             |
|    action_std_00                  | 0.0522      |
|    action_std_01                  | 0.052       |
|    action_std_02                  | 0.0523      |
|    action_std_03                  | 0.0521      |
|    action_std_04                  | 0.052       |
|    action_std_05                  | 0.0519      |
|    action_std_06                  | 0.0523      |
|    action_std_07                  | 0.0522      |
|    action_std_08                  | 0.0523      |
|    action_std_09                  | 0.0524      |
|    action_std_10                  | 0.0521      |
|    action_std_11                  | 0.0521      |
|    action_std_12                  | 0.0523      |
|    action_std_13                  | 0.0522      |
|    action_std_14                  | 0.0521      |
|    action_std_15                  | 0.0518      |
|    action_std_16                  | 0.0518      |
|    action_std_17                  | 0.052       |
|    action_std_18                  | 0.0521      |
|    action_std_19                  | 0.052       |
|    action_std_20                  | 0.052       |
|    action_std_21                  | 0.0519      |
|    action_std_22                  | 0.0519      |
|    action_std_23                  | 0.0519      |
|    action_std_24                  | 0.0521      |
|    approx_kl                      | 0.002138487 |
|    clip_fraction                  | 0.104       |
|    clip_range                     | 0.1         |
|    clip_range_vf                  | 0.2         |
|    entropy_loss                   | 38.4        |
|    explained_variance             | 0.347       |
|    learning_rate                  | 1e-05       |
|    loss                           | 0.893       |
|    n_updates                      | 220         |
|    policy_gradient_loss           | -0.0021     |
|    std                            | 0.0521      |
|    std_max                        | 0.0524      |
|    std_min                        | 0.0518      |
|    value_loss                     | 0.525       |
---------------------------------------------------
---------------------------------------------------
| rollout/                          |             |
|    action_saturation_fraction     | 0           |
|    ep_len_mean                    | 976         |
|    ep_rew_mean                    | 669         |
|    episodes_noforce               | 145         |
|    force_direction_mean           | -1          |
|    force_onset_mean               | 1.38        |
|    force_requested_impulse_mean   | 0           |
|    is_fall_mean                   | 0.0759      |
|    is_timeout_mean                | 0.924       |
|    recovery_noforce               | 0.924       |
|    timeout_without_onset_fraction | 0           |
|    timeouts                       | 134         |
| time/                             |             |
|    fps                            | 7586        |
|    iterations                     | 24          |
|    time_elapsed                   | 414         |
|    total_timesteps                | 3145728     |
| train/                            |             |
|    action_std_00                  | 0.0523      |
|    action_std_01                  | 0.0521      |
|    action_std_02                  | 0.0524      |
|    action_std_03                  | 0.0522      |
|    action_std_04                  | 0.052       |
|    action_std_05                  | 0.052       |
|    action_std_06                  | 0.0524      |
|    action_std_07                  | 0.0523      |
|    action_std_08                  | 0.0524      |
|    action_std_09                  | 0.0525      |
|    action_std_10                  | 0.0522      |
|    action_std_11                  | 0.0522      |
|    action_std_12                  | 0.0524      |
|    action_std_13                  | 0.0522      |
|    action_std_14                  | 0.0522      |
|    action_std_15                  | 0.052       |
|    action_std_16                  | 0.0519      |
|    action_std_17                  | 0.052       |
|    action_std_18                  | 0.0522      |
|    action_std_19                  | 0.0521      |
|    action_std_20                  | 0.0521      |
|    action_std_21                  | 0.0521      |
|    action_std_22                  | 0.052       |
|    action_std_23                  | 0.052       |
|    action_std_24                  | 0.0522      |
|    approx_kl                      | 0.002226037 |
|    clip_fraction                  | 0.11        |
|    clip_range                     | 0.1         |
|    clip_range_vf                  | 0.2         |
|    entropy_loss                   | 38.4        |
|    explained_variance             | 0.441       |
|    learning_rate                  | 1e-05       |
|    loss                           | 0.881       |
|    n_updates                      | 230         |
|    policy_gradient_loss           | -0.00249    |
|    std                            | 0.0522      |
|    std_max                        | 0.0525      |
|    std_min                        | 0.0519      |
|    value_loss                     | 0.499       |
---------------------------------------------------
[QuadrupedWBCEnv] Reset state env_id=0 z=0.300044 rpy=[-0.0138441, 0.0253439, -0.0186332]
----------------------------------------------------
| rollout/                          |              |
|    action_saturation_fraction     | 0            |
|    ep_len_mean                    | 948          |
|    ep_rew_mean                    | 645          |
|    episodes_noforce               | 130          |
|    force_direction_mean           | -1           |
|    force_onset_mean               | 1.37         |
|    force_requested_impulse_mean   | 0            |
|    is_fall_mean                   | 0.138        |
|    is_timeout_mean                | 0.862        |
|    recovery_noforce               | 0.862        |
|    timeout_without_onset_fraction | 0            |
|    timeouts                       | 112          |
| time/                             |              |
|    fps                            | 7585         |
|    iterations                     | 25           |
|    time_elapsed                   | 431          |
|    total_timesteps                | 3276800      |
| train/                            |              |
|    action_std_00                  | 0.0524       |
|    action_std_01                  | 0.0522       |
|    action_std_02                  | 0.0524       |
|    action_std_03                  | 0.0522       |
|    action_std_04                  | 0.0522       |
|    action_std_05                  | 0.0521       |
|    action_std_06                  | 0.0525       |
|    action_std_07                  | 0.0524       |
|    action_std_08                  | 0.0525       |
|    action_std_09                  | 0.0526       |
|    action_std_10                  | 0.0523       |
|    action_std_11                  | 0.0523       |
|    action_std_12                  | 0.0525       |
|    action_std_13                  | 0.0523       |
|    action_std_14                  | 0.0523       |
|    action_std_15                  | 0.0521       |
|    action_std_16                  | 0.052        |
|    action_std_17                  | 0.0521       |
|    action_std_18                  | 0.0523       |
|    action_std_19                  | 0.0522       |
|    action_std_20                  | 0.0522       |
|    action_std_21                  | 0.0522       |
|    action_std_22                  | 0.0521       |
|    action_std_23                  | 0.0521       |
|    action_std_24                  | 0.0524       |
|    approx_kl                      | 0.0022355819 |
|    clip_fraction                  | 0.11         |
|    clip_range                     | 0.1          |
|    clip_range_vf                  | 0.2          |
|    entropy_loss                   | 38.3         |
|    explained_variance             | 0.337        |
|    learning_rate                  | 1e-05        |
|    loss                           | 0.865        |
|    n_updates                      | 240          |
|    policy_gradient_loss           | -0.0025      |
|    std                            | 0.0523       |
|    std_max                        | 0.0526       |
|    std_min                        | 0.052        |
|    value_loss                     | 0.45         |
----------------------------------------------------
----------------------------------------------------
| rollout/                          |              |
|    action_saturation_fraction     | 0            |
|    ep_len_mean                    | 954          |
|    ep_rew_mean                    | 652          |
|    episodes_noforce               | 148          |
|    force_direction_mean           | -1           |
|    force_onset_mean               | 1.4          |
|    force_requested_impulse_mean   | 0            |
|    is_fall_mean                   | 0.122        |
|    is_timeout_mean                | 0.878        |
|    recovery_noforce               | 0.878        |
|    timeout_without_onset_fraction | 0            |
|    timeouts                       | 130          |
| time/                             |              |
|    fps                            | 7580         |
|    iterations                     | 26           |
|    time_elapsed                   | 449          |
|    total_timesteps                | 3407872      |
| train/                            |              |
|    action_std_00                  | 0.0525       |
|    action_std_01                  | 0.0524       |
|    action_std_02                  | 0.0525       |
|    action_std_03                  | 0.0524       |
|    action_std_04                  | 0.0523       |
|    action_std_05                  | 0.0522       |
|    action_std_06                  | 0.0526       |
|    action_std_07                  | 0.0525       |
|    action_std_08                  | 0.0526       |
|    action_std_09                  | 0.0527       |
|    action_std_10                  | 0.0523       |
|    action_std_11                  | 0.0524       |
|    action_std_12                  | 0.0525       |
|    action_std_13                  | 0.0524       |
|    action_std_14                  | 0.0524       |
|    action_std_15                  | 0.0522       |
|    action_std_16                  | 0.0521       |
|    action_std_17                  | 0.0522       |
|    action_std_18                  | 0.0523       |
|    action_std_19                  | 0.0523       |
|    action_std_20                  | 0.0523       |
|    action_std_21                  | 0.0523       |
|    action_std_22                  | 0.0522       |
|    action_std_23                  | 0.0521       |
|    action_std_24                  | 0.0525       |
|    approx_kl                      | 0.0022072569 |
|    clip_fraction                  | 0.106        |
|    clip_range                     | 0.1          |
|    clip_range_vf                  | 0.2          |
|    entropy_loss                   | 38.3         |
|    explained_variance             | 0.565        |
|    learning_rate                  | 1e-05        |
|    loss                           | 0.793        |
|    n_updates                      | 250          |
|    policy_gradient_loss           | -0.00225     |
|    std                            | 0.0524       |
|    std_max                        | 0.0527       |
|    std_min                        | 0.0521       |
|    value_loss                     | 0.396        |
----------------------------------------------------
[QuadrupedWBCEnv] Reset state env_id=0 z=0.322344 rpy=[-0.0145801, 0.0219635, -0.018783]
----------------------------------------------------
| rollout/                          |              |
|    action_saturation_fraction     | 0            |
|    ep_len_mean                    | 972          |
|    ep_rew_mean                    | 664          |
|    episodes_noforce               | 123          |
|    force_direction_mean           | -1           |
|    force_onset_mean               | 1.41         |
|    force_requested_impulse_mean   | 0            |
|    is_fall_mean                   | 0.0813       |
|    is_timeout_mean                | 0.919        |
|    recovery_noforce               | 0.919        |
|    timeout_without_onset_fraction | 0            |
|    timeouts                       | 113          |
| time/                             |              |
|    fps                            | 7577         |
|    iterations                     | 27           |
|    time_elapsed                   | 467          |
|    total_timesteps                | 3538944      |
| train/                            |              |
|    action_std_00                  | 0.0526       |
|    action_std_01                  | 0.0525       |
|    action_std_02                  | 0.0527       |
|    action_std_03                  | 0.0525       |
|    action_std_04                  | 0.0524       |
|    action_std_05                  | 0.0524       |
|    action_std_06                  | 0.0527       |
|    action_std_07                  | 0.0527       |
|    action_std_08                  | 0.0527       |
|    action_std_09                  | 0.0528       |
|    action_std_10                  | 0.0525       |
|    action_std_11                  | 0.0525       |
|    action_std_12                  | 0.0526       |
|    action_std_13                  | 0.0525       |
|    action_std_14                  | 0.0525       |
|    action_std_15                  | 0.0524       |
|    action_std_16                  | 0.0522       |
|    action_std_17                  | 0.0523       |
|    action_std_18                  | 0.0524       |
|    action_std_19                  | 0.0524       |
|    action_std_20                  | 0.0525       |
|    action_std_21                  | 0.0523       |
|    action_std_22                  | 0.0523       |
|    action_std_23                  | 0.0522       |
|    action_std_24                  | 0.0526       |
|    approx_kl                      | 0.0021614027 |
|    clip_fraction                  | 0.105        |
|    clip_range                     | 0.1          |
|    clip_range_vf                  | 0.2          |
|    entropy_loss                   | 38.2         |
|    explained_variance             | 0.575        |
|    learning_rate                  | 1e-05        |
|    loss                           | 0.762        |
|    n_updates                      | 260          |
|    policy_gradient_loss           | -0.00241     |
|    std                            | 0.0525       |
|    std_max                        | 0.0528       |
|    std_min                        | 0.0522       |
|    value_loss                     | 0.391        |
----------------------------------------------------
[QuadrupedWBCEnv] unhealthy terminate at step=291 z=0.196866 rpy=[-1.65383, 0.433306, -0.136869] v_body=[-0.439996, -0.34654, -1.25374]
[QuadrupedWBCEnv] Reset state env_id=0 z=0.318319 rpy=[-0.0109747, 0.0224754, -0.0186633]
----------------------------------------------------
| rollout/                          |              |
|    action_saturation_fraction     | 0            |
|    ep_len_mean                    | 935          |
|    ep_rew_mean                    | 633          |
|    episodes_noforce               | 150          |
|    force_direction_mean           | -1           |
|    force_onset_mean               | 1.39         |
|    force_requested_impulse_mean   | 0            |
|    is_fall_mean                   | 0.12         |
|    is_timeout_mean                | 0.88         |
|    recovery_noforce               | 0.88         |
|    timeout_without_onset_fraction | 0            |
|    timeouts                       | 132          |
| time/                             |              |
|    fps                            | 7575         |
|    iterations                     | 28           |
|    time_elapsed                   | 484          |
|    total_timesteps                | 3670016      |
| train/                            |              |
|    action_std_00                  | 0.0527       |
|    action_std_01                  | 0.0526       |
|    action_std_02                  | 0.0528       |
|    action_std_03                  | 0.0526       |
|    action_std_04                  | 0.0525       |
|    action_std_05                  | 0.0525       |
|    action_std_06                  | 0.0528       |
|    action_std_07                  | 0.0528       |
|    action_std_08                  | 0.0528       |
|    action_std_09                  | 0.0529       |
|    action_std_10                  | 0.0526       |
|    action_std_11                  | 0.0527       |
|    action_std_12                  | 0.0528       |
|    action_std_13                  | 0.0525       |
|    action_std_14                  | 0.0526       |
|    action_std_15                  | 0.0524       |
|    action_std_16                  | 0.0524       |
|    action_std_17                  | 0.0524       |
|    action_std_18                  | 0.0524       |
|    action_std_19                  | 0.0525       |
|    action_std_20                  | 0.0526       |
|    action_std_21                  | 0.0525       |
|    action_std_22                  | 0.0524       |
|    action_std_23                  | 0.0522       |
|    action_std_24                  | 0.0527       |
|    approx_kl                      | 0.0022006147 |
|    clip_fraction                  | 0.11         |
|    clip_range                     | 0.1          |
|    clip_range_vf                  | 0.2          |
|    entropy_loss                   | 38.2         |
|    explained_variance             | 0.589        |
|    learning_rate                  | 1e-05        |
|    loss                           | 0.689        |
|    n_updates                      | 270          |
|    policy_gradient_loss           | -0.0024      |
|    std                            | 0.0526       |
|    std_max                        | 0.0529       |
|    std_min                        | 0.0522       |
|    value_loss                     | 0.327        |
----------------------------------------------------
----------------------------------------------------
| rollout/                          |              |
|    action_saturation_fraction     | 0            |
|    ep_len_mean                    | 970          |
|    ep_rew_mean                    | 661          |
|    episodes_noforce               | 122          |
|    force_direction_mean           | -1           |
|    force_onset_mean               | 1.38         |
|    force_requested_impulse_mean   | 0            |
|    is_fall_mean                   | 0.082        |
|    is_timeout_mean                | 0.918        |
|    recovery_noforce               | 0.918        |
|    timeout_without_onset_fraction | 0            |
|    timeouts                       | 112          |
| time/                             |              |
|    fps                            | 7577         |
|    iterations                     | 29           |
|    time_elapsed                   | 501          |
|    total_timesteps                | 3801088      |
| train/                            |              |
|    action_std_00                  | 0.0527       |
|    action_std_01                  | 0.0527       |
|    action_std_02                  | 0.0529       |
|    action_std_03                  | 0.0527       |
|    action_std_04                  | 0.0526       |
|    action_std_05                  | 0.0526       |
|    action_std_06                  | 0.0529       |
|    action_std_07                  | 0.0529       |
|    action_std_08                  | 0.0529       |
|    action_std_09                  | 0.053        |
|    action_std_10                  | 0.0527       |
|    action_std_11                  | 0.0527       |
|    action_std_12                  | 0.0529       |
|    action_std_13                  | 0.0526       |
|    action_std_14                  | 0.0527       |
|    action_std_15                  | 0.0526       |
|    action_std_16                  | 0.0525       |
|    action_std_17                  | 0.0525       |
|    action_std_18                  | 0.0526       |
|    action_std_19                  | 0.0526       |
|    action_std_20                  | 0.0527       |
|    action_std_21                  | 0.0525       |
|    action_std_22                  | 0.0525       |
|    action_std_23                  | 0.0523       |
|    action_std_24                  | 0.0527       |
|    approx_kl                      | 0.0022593075 |
|    clip_fraction                  | 0.113        |
|    clip_range                     | 0.1          |
|    clip_range_vf                  | 0.2          |
|    entropy_loss                   | 38.1         |
|    explained_variance             | 0.597        |
|    learning_rate                  | 1e-05        |
|    loss                           | 0.688        |
|    n_updates                      | 280          |
|    policy_gradient_loss           | -0.00265     |
|    std                            | 0.0527       |
|    std_max                        | 0.053        |
|    std_min                        | 0.0523       |
|    value_loss                     | 0.305        |
----------------------------------------------------
[QuadrupedWBCEnv] Reset state env_id=0 z=0.306855 rpy=[-0.0109845, 0.0238074, -0.018858]
----------------------------------------------------
| rollout/                          |              |
|    action_saturation_fraction     | 0            |
|    ep_len_mean                    | 963          |
|    ep_rew_mean                    | 659          |
|    episodes_noforce               | 144          |
|    force_direction_mean           | -1           |
|    force_onset_mean               | 1.39         |
|    force_requested_impulse_mean   | 0            |
|    is_fall_mean                   | 0.0972       |
|    is_timeout_mean                | 0.903        |
|    recovery_noforce               | 0.903        |
|    timeout_without_onset_fraction | 0            |
|    timeouts                       | 130          |
| time/                             |              |
|    fps                            | 7575         |
|    iterations                     | 30           |
|    time_elapsed                   | 519          |
|    total_timesteps                | 3932160      |
| train/                            |              |
|    action_std_00                  | 0.0529       |
|    action_std_01                  | 0.0528       |
|    action_std_02                  | 0.0529       |
|    action_std_03                  | 0.0528       |
|    action_std_04                  | 0.0526       |
|    action_std_05                  | 0.0527       |
|    action_std_06                  | 0.053        |
|    action_std_07                  | 0.053        |
|    action_std_08                  | 0.053        |
|    action_std_09                  | 0.0531       |
|    action_std_10                  | 0.0528       |
|    action_std_11                  | 0.0528       |
|    action_std_12                  | 0.0529       |
|    action_std_13                  | 0.0527       |
|    action_std_14                  | 0.0528       |
|    action_std_15                  | 0.0526       |
|    action_std_16                  | 0.0526       |
|    action_std_17                  | 0.0527       |
|    action_std_18                  | 0.0527       |
|    action_std_19                  | 0.0527       |
|    action_std_20                  | 0.0527       |
|    action_std_21                  | 0.0526       |
|    action_std_22                  | 0.0526       |
|    action_std_23                  | 0.0524       |
|    action_std_24                  | 0.0528       |
|    approx_kl                      | 0.0021799356 |
|    clip_fraction                  | 0.109        |
|    clip_range                     | 0.1          |
|    clip_range_vf                  | 0.2          |
|    entropy_loss                   | 38.1         |
|    explained_variance             | 0.626        |
|    learning_rate                  | 1e-05        |
|    loss                           | 0.619        |
|    n_updates                      | 290          |
|    policy_gradient_loss           | -0.00248     |
|    std                            | 0.0528       |
|    std_max                        | 0.0531       |
|    std_min                        | 0.0524       |
|    value_loss                     | 0.253        |
----------------------------------------------------
INFO:root:VecNormalize statistics saved at: ./data/v1_ours/quadruped_ppo_model_ckpt_4000256_vecnormalize.pkl
INFO:root:Model saved at: ./data/v1_ours/quadruped_ppo_model_ckpt_4000256.zip
INFO:root:Checkpoint written at 4000256 timesteps
[QuadrupedWBCEnv] Reset state env_id=0 z=0.293249 rpy=[-0.0139815, 0.0238501, -0.0183245]
----------------------------------------------------
| rollout/                          |              |
|    action_saturation_fraction     | 0            |
|    ep_len_mean                    | 944          |
|    ep_rew_mean                    | 640          |
|    episodes_noforce               | 131          |
|    force_direction_mean           | -1           |
|    force_onset_mean               | 1.4          |
|    force_requested_impulse_mean   | 0            |
|    is_fall_mean                   | 0.137        |
|    is_timeout_mean                | 0.863        |
|    recovery_noforce               | 0.863        |
|    timeout_without_onset_fraction | 0            |
|    timeouts                       | 113          |
| time/                             |              |
|    fps                            | 7572         |
|    iterations                     | 31           |
|    time_elapsed                   | 536          |
|    total_timesteps                | 4063232      |
| train/                            |              |
|    action_std_00                  | 0.0529       |
|    action_std_01                  | 0.0529       |
|    action_std_02                  | 0.053        |
|    action_std_03                  | 0.0529       |
|    action_std_04                  | 0.0527       |
|    action_std_05                  | 0.0528       |
|    action_std_06                  | 0.0531       |
|    action_std_07                  | 0.0532       |
|    action_std_08                  | 0.0532       |
|    action_std_09                  | 0.0532       |
|    action_std_10                  | 0.0529       |
|    action_std_11                  | 0.0529       |
|    action_std_12                  | 0.053        |
|    action_std_13                  | 0.0528       |
|    action_std_14                  | 0.0528       |
|    action_std_15                  | 0.0527       |
|    action_std_16                  | 0.0526       |
|    action_std_17                  | 0.0528       |
|    action_std_18                  | 0.0528       |
|    action_std_19                  | 0.0527       |
|    action_std_20                  | 0.0528       |
|    action_std_21                  | 0.0527       |
|    action_std_22                  | 0.0527       |
|    action_std_23                  | 0.0525       |
|    action_std_24                  | 0.0529       |
|    approx_kl                      | 0.0022157975 |
|    clip_fraction                  | 0.113        |
|    clip_range                     | 0.1          |
|    clip_range_vf                  | 0.2          |
|    entropy_loss                   | 38           |
|    explained_variance             | 0.603        |
|    learning_rate                  | 1e-05        |
|    loss                           | 0.636        |
|    n_updates                      | 300          |
|    policy_gradient_loss           | -0.00247     |
|    std                            | 0.0529       |
|    std_max                        | 0.0532       |
|    std_min                        | 0.0525       |
|    value_loss                     | 0.265        |
----------------------------------------------------
----------------------------------------------------
| rollout/                          |              |
|    action_saturation_fraction     | 0            |
|    ep_len_mean                    | 958          |
|    ep_rew_mean                    | 653          |
|    episodes_noforce               | 150          |
|    force_direction_mean           | -1           |
|    force_onset_mean               | 1.4          |
|    force_requested_impulse_mean   | 0            |
|    is_fall_mean                   | 0.107        |
|    is_timeout_mean                | 0.893        |
|    recovery_noforce               | 0.893        |
|    timeout_without_onset_fraction | 0            |
|    timeouts                       | 134          |
| time/                             |              |
|    fps                            | 7570         |
|    iterations                     | 32           |
|    time_elapsed                   | 554          |
|    total_timesteps                | 4194304      |
| train/                            |              |
|    action_std_00                  | 0.053        |
|    action_std_01                  | 0.053        |
|    action_std_02                  | 0.0531       |
|    action_std_03                  | 0.053        |
|    action_std_04                  | 0.0528       |
|    action_std_05                  | 0.0529       |
|    action_std_06                  | 0.0532       |
|    action_std_07                  | 0.0532       |
|    action_std_08                  | 0.0533       |
|    action_std_09                  | 0.0532       |
|    action_std_10                  | 0.0529       |
|    action_std_11                  | 0.053        |
|    action_std_12                  | 0.0531       |
|    action_std_13                  | 0.0529       |
|    action_std_14                  | 0.0529       |
|    action_std_15                  | 0.0528       |
|    action_std_16                  | 0.0527       |
|    action_std_17                  | 0.0529       |
|    action_std_18                  | 0.0529       |
|    action_std_19                  | 0.0528       |
|    action_std_20                  | 0.0529       |
|    action_std_21                  | 0.0528       |
|    action_std_22                  | 0.0527       |
|    action_std_23                  | 0.0526       |
|    action_std_24                  | 0.053        |
|    approx_kl                      | 0.0022784795 |
|    clip_fraction                  | 0.11         |
|    clip_range                     | 0.1          |
|    clip_range_vf                  | 0.2          |
|    entropy_loss                   | 38           |
|    explained_variance             | 0.774        |
|    learning_rate                  | 1e-05        |
|    loss                           | 0.592        |
|    n_updates                      | 310          |
|    policy_gradient_loss           | -0.00288     |
|    std                            | 0.0529       |
|    std_max                        | 0.0533       |
|    std_min                        | 0.0526       |
|    value_loss                     | 0.217        |
----------------------------------------------------
[QuadrupedWBCEnv] Reset state env_id=0 z=0.301652 rpy=[-0.0116588, 0.0231154, -0.0187705]
----------------------------------------------------
| rollout/                          |              |
|    action_saturation_fraction     | 0            |
|    ep_len_mean                    | 932          |
|    ep_rew_mean                    | 631          |
|    episodes_noforce               | 131          |
|    force_direction_mean           | -1           |
|    force_onset_mean               | 1.4          |
|    force_requested_impulse_mean   | 0            |
|    is_fall_mean                   | 0.176        |
|    is_timeout_mean                | 0.824        |
|    recovery_noforce               | 0.824        |
|    timeout_without_onset_fraction | 0            |
|    timeouts                       | 108          |
| time/                             |              |
|    fps                            | 7566         |
|    iterations                     | 33           |
|    time_elapsed                   | 571          |
|    total_timesteps                | 4325376      |
| train/                            |              |
|    action_std_00                  | 0.0532       |
|    action_std_01                  | 0.0531       |
|    action_std_02                  | 0.0532       |
|    action_std_03                  | 0.0531       |
|    action_std_04                  | 0.0529       |
|    action_std_05                  | 0.053        |
|    action_std_06                  | 0.0533       |
|    action_std_07                  | 0.0533       |
|    action_std_08                  | 0.0533       |
|    action_std_09                  | 0.0533       |
|    action_std_10                  | 0.053        |
|    action_std_11                  | 0.0531       |
|    action_std_12                  | 0.0532       |
|    action_std_13                  | 0.053        |
|    action_std_14                  | 0.0529       |
|    action_std_15                  | 0.0529       |
|    action_std_16                  | 0.0528       |
|    action_std_17                  | 0.053        |
|    action_std_18                  | 0.053        |
|    action_std_19                  | 0.053        |
|    action_std_20                  | 0.053        |
|    action_std_21                  | 0.0529       |
|    action_std_22                  | 0.0528       |
|    action_std_23                  | 0.0528       |
|    action_std_24                  | 0.0531       |
|    approx_kl                      | 0.0022286791 |
|    clip_fraction                  | 0.114        |
|    clip_range                     | 0.1          |
|    clip_range_vf                  | 0.2          |
|    entropy_loss                   | 38           |
|    explained_variance             | 0.745        |
|    learning_rate                  | 1e-05        |
|    loss                           | 0.612        |
|    n_updates                      | 320          |
|    policy_gradient_loss           | -0.00311     |
|    std                            | 0.0531       |
|    std_max                        | 0.0533       |
|    std_min                        | 0.0528       |
|    value_loss                     | 0.242        |
----------------------------------------------------
---------------------------------------------------
| rollout/                          |             |
|    action_saturation_fraction     | 0           |
|    ep_len_mean                    | 939         |
|    ep_rew_mean                    | 636         |
|    episodes_noforce               | 145         |
|    force_direction_mean           | -1          |
|    force_onset_mean               | 1.37        |
|    force_requested_impulse_mean   | 0           |
|    is_fall_mean                   | 0.11        |
|    is_timeout_mean                | 0.89        |
|    recovery_noforce               | 0.89        |
|    timeout_without_onset_fraction | 0           |
|    timeouts                       | 129         |
| time/                             |             |
|    fps                            | 7564        |
|    iterations                     | 34          |
|    time_elapsed                   | 589         |
|    total_timesteps                | 4456448     |
| train/                            |             |
|    action_std_00                  | 0.0532      |
|    action_std_01                  | 0.0532      |
|    action_std_02                  | 0.0533      |
|    action_std_03                  | 0.0531      |
|    action_std_04                  | 0.0529      |
|    action_std_05                  | 0.0531      |
|    action_std_06                  | 0.0534      |
|    action_std_07                  | 0.0534      |
|    action_std_08                  | 0.0534      |
|    action_std_09                  | 0.0534      |
|    action_std_10                  | 0.0531      |
|    action_std_11                  | 0.0531      |
|    action_std_12                  | 0.0534      |
|    action_std_13                  | 0.0531      |
|    action_std_14                  | 0.053       |
|    action_std_15                  | 0.053       |
|    action_std_16                  | 0.053       |
|    action_std_17                  | 0.0531      |
|    action_std_18                  | 0.0531      |
|    action_std_19                  | 0.0531      |
|    action_std_20                  | 0.0531      |
|    action_std_21                  | 0.053       |
|    action_std_22                  | 0.0529      |
|    action_std_23                  | 0.0529      |
|    action_std_24                  | 0.0533      |
|    approx_kl                      | 0.002252915 |
|    clip_fraction                  | 0.113       |
|    clip_range                     | 0.1         |
|    clip_range_vf                  | 0.2         |
|    entropy_loss                   | 37.9        |
|    explained_variance             | 0.799       |
|    learning_rate                  | 1e-05       |
|    loss                           | 0.613       |
|    n_updates                      | 330         |
|    policy_gradient_loss           | -0.00284    |
|    std                            | 0.0532      |
|    std_max                        | 0.0534      |
|    std_min                        | 0.0529      |
|    value_loss                     | 0.219       |
---------------------------------------------------
[QuadrupedWBCEnv] Reset state env_id=0 z=0.324798 rpy=[-0.0145994, 0.0218531, -0.0185213]
----------------------------------------------------
| rollout/                          |              |
|    action_saturation_fraction     | 0            |
|    ep_len_mean                    | 964          |
|    ep_rew_mean                    | 658          |
|    episodes_noforce               | 127          |
|    force_direction_mean           | -1           |
|    force_onset_mean               | 1.4          |
|    force_requested_impulse_mean   | 0            |
|    is_fall_mean                   | 0.126        |
|    is_timeout_mean                | 0.874        |
|    recovery_noforce               | 0.874        |
|    timeout_without_onset_fraction | 0            |
|    timeouts                       | 111          |
| time/                             |              |
|    fps                            | 7564         |
|    iterations                     | 35           |
|    time_elapsed                   | 606          |
|    total_timesteps                | 4587520      |
| train/                            |              |
|    action_std_00                  | 0.0534       |
|    action_std_01                  | 0.0533       |
|    action_std_02                  | 0.0534       |
|    action_std_03                  | 0.0532       |
|    action_std_04                  | 0.0531       |
|    action_std_05                  | 0.0532       |
|    action_std_06                  | 0.0535       |
|    action_std_07                  | 0.0535       |
|    action_std_08                  | 0.0535       |
|    action_std_09                  | 0.0535       |
|    action_std_10                  | 0.0532       |
|    action_std_11                  | 0.0532       |
|    action_std_12                  | 0.0534       |
|    action_std_13                  | 0.0532       |
|    action_std_14                  | 0.0531       |
|    action_std_15                  | 0.0531       |
|    action_std_16                  | 0.0531       |
|    action_std_17                  | 0.0532       |
|    action_std_18                  | 0.0532       |
|    action_std_19                  | 0.0532       |
|    action_std_20                  | 0.0532       |
|    action_std_21                  | 0.0531       |
|    action_std_22                  | 0.053        |
|    action_std_23                  | 0.053        |
|    action_std_24                  | 0.0534       |
|    approx_kl                      | 0.0022467105 |
|    clip_fraction                  | 0.115        |
|    clip_range                     | 0.1          |
|    clip_range_vf                  | 0.2          |
|    entropy_loss                   | 37.9         |
|    explained_variance             | 0.798        |
|    learning_rate                  | 1e-05        |
|    loss                           | 0.624        |
|    n_updates                      | 340          |
|    policy_gradient_loss           | -0.00321     |
|    std                            | 0.0533       |
|    std_max                        | 0.0535       |
|    std_min                        | 0.053        |
|    value_loss                     | 0.231        |
----------------------------------------------------
[QuadrupedWBCEnv] unhealthy terminate at step=429 z=0.194304 rpy=[2.04684, -0.484135, -1.22229] v_body=[0.390325, 0.83807, 0.303225]
[QuadrupedWBCEnv] Reset state env_id=0 z=0.296296 rpy=[-0.015581, 0.0241441, -0.0184194]
--------------------------------------------------
| rollout/                          |            |
|    action_saturation_fraction     | 0          |
|    ep_len_mean                    | 960        |
|    ep_rew_mean                    | 650        |
|    episodes_noforce               | 144        |
|    force_direction_mean           | -1         |
|    force_onset_mean               | 1.39       |
|    force_requested_impulse_mean   | 0          |
|    is_fall_mean                   | 0.125      |
|    is_timeout_mean                | 0.875      |
|    recovery_noforce               | 0.875      |
|    timeout_without_onset_fraction | 0          |
|    timeouts                       | 126        |
| time/                             |            |
|    fps                            | 7561       |
|    iterations                     | 36         |
|    time_elapsed                   | 623        |
|    total_timesteps                | 4718592    |
| train/                            |            |
|    action_std_00                  | 0.0535     |
|    action_std_01                  | 0.0534     |
|    action_std_02                  | 0.0536     |
|    action_std_03                  | 0.0533     |
|    action_std_04                  | 0.0531     |
|    action_std_05                  | 0.0533     |
|    action_std_06                  | 0.0536     |
|    action_std_07                  | 0.0536     |
|    action_std_08                  | 0.0536     |
|    action_std_09                  | 0.0537     |
|    action_std_10                  | 0.0532     |
|    action_std_11                  | 0.0534     |
|    action_std_12                  | 0.0535     |
|    action_std_13                  | 0.0533     |
|    action_std_14                  | 0.0532     |
|    action_std_15                  | 0.0532     |
|    action_std_16                  | 0.0532     |
|    action_std_17                  | 0.0533     |
|    action_std_18                  | 0.0533     |
|    action_std_19                  | 0.0533     |
|    action_std_20                  | 0.0533     |
|    action_std_21                  | 0.0533     |
|    action_std_22                  | 0.0531     |
|    action_std_23                  | 0.0531     |
|    action_std_24                  | 0.0535     |
|    approx_kl                      | 0.00234041 |
|    clip_fraction                  | 0.116      |
|    clip_range                     | 0.1        |
|    clip_range_vf                  | 0.2        |
|    entropy_loss                   | 37.8       |
|    explained_variance             | 0.806      |
|    learning_rate                  | 1e-05      |
|    loss                           | 0.535      |
|    n_updates                      | 350        |
|    policy_gradient_loss           | -0.00309   |
|    std                            | 0.0534     |
|    std_max                        | 0.0537     |
|    std_min                        | 0.0531     |
|    value_loss                     | 0.189      |
--------------------------------------------------
----------------------------------------------------
| rollout/                          |              |
|    action_saturation_fraction     | 0            |
|    ep_len_mean                    | 950          |
|    ep_rew_mean                    | 645          |
|    episodes_noforce               | 136          |
|    force_direction_mean           | -1           |
|    force_onset_mean               | 1.39         |
|    force_requested_impulse_mean   | 0            |
|    is_fall_mean                   | 0.14         |
|    is_timeout_mean                | 0.86         |
|    recovery_noforce               | 0.86         |
|    timeout_without_onset_fraction | 0            |
|    timeouts                       | 117          |
| time/                             |              |
|    fps                            | 7558         |
|    iterations                     | 37           |
|    time_elapsed                   | 641          |
|    total_timesteps                | 4849664      |
| train/                            |              |
|    action_std_00                  | 0.0536       |
|    action_std_01                  | 0.0535       |
|    action_std_02                  | 0.0537       |
|    action_std_03                  | 0.0535       |
|    action_std_04                  | 0.0532       |
|    action_std_05                  | 0.0535       |
|    action_std_06                  | 0.0537       |
|    action_std_07                  | 0.0538       |
|    action_std_08                  | 0.0537       |
|    action_std_09                  | 0.0538       |
|    action_std_10                  | 0.0533       |
|    action_std_11                  | 0.0535       |
|    action_std_12                  | 0.0536       |
|    action_std_13                  | 0.0535       |
|    action_std_14                  | 0.0534       |
|    action_std_15                  | 0.0534       |
|    action_std_16                  | 0.0533       |
|    action_std_17                  | 0.0534       |
|    action_std_18                  | 0.0534       |
|    action_std_19                  | 0.0534       |
|    action_std_20                  | 0.0533       |
|    action_std_21                  | 0.0534       |
|    action_std_22                  | 0.0532       |
|    action_std_23                  | 0.0532       |
|    action_std_24                  | 0.0536       |
|    approx_kl                      | 0.0023250654 |
|    clip_fraction                  | 0.115        |
|    clip_range                     | 0.1          |
|    clip_range_vf                  | 0.2          |
|    entropy_loss                   | 37.8         |
|    explained_variance             | 0.802        |
|    learning_rate                  | 1e-05        |
|    loss                           | 0.533        |
|    n_updates                      | 360          |
|    policy_gradient_loss           | -0.00319     |
|    std                            | 0.0535       |
|    std_max                        | 0.0538       |
|    std_min                        | 0.0532       |
|    value_loss                     | 0.169        |
----------------------------------------------------
[QuadrupedWBCEnv] Reset state env_id=0 z=0.285255 rpy=[-0.0142222, 0.0240384, -0.0183931]
----------------------------------------------------
| rollout/                          |              |
|    action_saturation_fraction     | 0            |
|    ep_len_mean                    | 942          |
|    ep_rew_mean                    | 639          |
|    episodes_noforce               | 141          |
|    force_direction_mean           | -1           |
|    force_onset_mean               | 1.39         |
|    force_requested_impulse_mean   | 0            |
|    is_fall_mean                   | 0.0993       |
|    is_timeout_mean                | 0.901        |
|    recovery_noforce               | 0.901        |
|    timeout_without_onset_fraction | 0            |
|    timeouts                       | 127          |
| time/                             |              |
|    fps                            | 7556         |
|    iterations                     | 38           |
|    time_elapsed                   | 659          |
|    total_timesteps                | 4980736      |
| train/                            |              |
|    action_std_00                  | 0.0536       |
|    action_std_01                  | 0.0537       |
|    action_std_02                  | 0.0538       |
|    action_std_03                  | 0.0536       |
|    action_std_04                  | 0.0533       |
|    action_std_05                  | 0.0535       |
|    action_std_06                  | 0.0538       |
|    action_std_07                  | 0.0539       |
|    action_std_08                  | 0.0538       |
|    action_std_09                  | 0.0539       |
|    action_std_10                  | 0.0534       |
|    action_std_11                  | 0.0536       |
|    action_std_12                  | 0.0538       |
|    action_std_13                  | 0.0536       |
|    action_std_14                  | 0.0535       |
|    action_std_15                  | 0.0534       |
|    action_std_16                  | 0.0534       |
|    action_std_17                  | 0.0536       |
|    action_std_18                  | 0.0535       |
|    action_std_19                  | 0.0535       |
|    action_std_20                  | 0.0534       |
|    action_std_21                  | 0.0535       |
|    action_std_22                  | 0.0533       |
|    action_std_23                  | 0.0533       |
|    action_std_24                  | 0.0537       |
|    approx_kl                      | 0.0023578205 |
|    clip_fraction                  | 0.118        |
|    clip_range                     | 0.1          |
|    clip_range_vf                  | 0.2          |
|    entropy_loss                   | 37.7         |
|    explained_variance             | 0.808        |
|    learning_rate                  | 1e-05        |
|    loss                           | 0.543        |
|    n_updates                      | 370          |
|    policy_gradient_loss           | -0.00286     |
|    std                            | 0.0536       |
|    std_max                        | 0.0539       |
|    std_min                        | 0.0533       |
|    value_loss                     | 0.187        |
----------------------------------------------------
----------------------------------------------------
| rollout/                          |              |
|    action_saturation_fraction     | 0            |
|    ep_len_mean                    | 969          |
|    ep_rew_mean                    | 656          |
|    episodes_noforce               | 133          |
|    force_direction_mean           | -1           |
|    force_onset_mean               | 1.38         |
|    force_requested_impulse_mean   | 0            |
|    is_fall_mean                   | 0.105        |
|    is_timeout_mean                | 0.895        |
|    recovery_noforce               | 0.895        |
|    timeout_without_onset_fraction | 0            |
|    timeouts                       | 119          |
| time/                             |              |
|    fps                            | 7554         |
|    iterations                     | 39           |
|    time_elapsed                   | 676          |
|    total_timesteps                | 5111808      |
| train/                            |              |
|    action_std_00                  | 0.0537       |
|    action_std_01                  | 0.0538       |
|    action_std_02                  | 0.0539       |
|    action_std_03                  | 0.0537       |
|    action_std_04                  | 0.0534       |
|    action_std_05                  | 0.0537       |
|    action_std_06                  | 0.0539       |
|    action_std_07                  | 0.0541       |
|    action_std_08                  | 0.0539       |
|    action_std_09                  | 0.0541       |
|    action_std_10                  | 0.0535       |
|    action_std_11                  | 0.0537       |
|    action_std_12                  | 0.0538       |
|    action_std_13                  | 0.0537       |
|    action_std_14                  | 0.0536       |
|    action_std_15                  | 0.0536       |
|    action_std_16                  | 0.0535       |
|    action_std_17                  | 0.0537       |
|    action_std_18                  | 0.0537       |
|    action_std_19                  | 0.0536       |
|    action_std_20                  | 0.0535       |
|    action_std_21                  | 0.0536       |
|    action_std_22                  | 0.0534       |
|    action_std_23                  | 0.0534       |
|    action_std_24                  | 0.0538       |
|    approx_kl                      | 0.0022972585 |
|    clip_fraction                  | 0.114        |
|    clip_range                     | 0.1          |
|    clip_range_vf                  | 0.2          |
|    entropy_loss                   | 37.7         |
|    explained_variance             | 0.827        |
|    learning_rate                  | 1e-05        |
|    loss                           | 0.511        |
|    n_updates                      | 380          |
|    policy_gradient_loss           | -0.00299     |
|    std                            | 0.0537       |
|    std_max                        | 0.0541       |
|    std_min                        | 0.0534       |
|    value_loss                     | 0.159        |
----------------------------------------------------
[QuadrupedWBCEnv] Reset state env_id=0 z=0.311496 rpy=[-0.0111422, 0.0219752, -0.0186354]
----------------------------------------------------
| rollout/                          |              |
|    action_saturation_fraction     | 0            |
|    ep_len_mean                    | 949          |
|    ep_rew_mean                    | 647          |
|    episodes_noforce               | 143          |
|    force_direction_mean           | -1           |
|    force_onset_mean               | 1.39         |
|    force_requested_impulse_mean   | 0            |
|    is_fall_mean                   | 0.126        |
|    is_timeout_mean                | 0.874        |
|    recovery_noforce               | 0.874        |
|    timeout_without_onset_fraction | 0            |
|    timeouts                       | 125          |
| time/                             |              |
|    fps                            | 7552         |
|    iterations                     | 40           |
|    time_elapsed                   | 694          |
|    total_timesteps                | 5242880      |
| train/                            |              |
|    action_std_00                  | 0.0538       |
|    action_std_01                  | 0.0538       |
|    action_std_02                  | 0.0539       |
|    action_std_03                  | 0.0538       |
|    action_std_04                  | 0.0535       |
|    action_std_05                  | 0.0538       |
|    action_std_06                  | 0.054        |
|    action_std_07                  | 0.0541       |
|    action_std_08                  | 0.054        |
|    action_std_09                  | 0.0542       |
|    action_std_10                  | 0.0537       |
|    action_std_11                  | 0.0538       |
|    action_std_12                  | 0.054        |
|    action_std_13                  | 0.0537       |
|    action_std_14                  | 0.0537       |
|    action_std_15                  | 0.0536       |
|    action_std_16                  | 0.0535       |
|    action_std_17                  | 0.0538       |
|    action_std_18                  | 0.0538       |
|    action_std_19                  | 0.0537       |
|    action_std_20                  | 0.0535       |
|    action_std_21                  | 0.0537       |
|    action_std_22                  | 0.0535       |
|    action_std_23                  | 0.0535       |
|    action_std_24                  | 0.054        |
|    approx_kl                      | 0.0021964884 |
|    clip_fraction                  | 0.112        |
|    clip_range                     | 0.1          |
|    clip_range_vf                  | 0.2          |
|    entropy_loss                   | 37.6         |
|    explained_variance             | 0.843        |
|    learning_rate                  | 1e-05        |
|    loss                           | 0.514        |
|    n_updates                      | 390          |
|    policy_gradient_loss           | -0.00293     |
|    std                            | 0.0538       |
|    std_max                        | 0.0542       |
|    std_min                        | 0.0535       |
|    value_loss                     | 0.152        |
----------------------------------------------------
[QuadrupedWBCEnv] unhealthy terminate at step=485 z=0.193766 rpy=[-1.10498, 0.217255, -1.58842] v_body=[-0.229348, -0.194338, -1.06611]
[QuadrupedWBCEnv] Reset state env_id=0 z=0.275039 rpy=[-0.0112813, 0.0247745, -0.0180553]
----------------------------------------------------
| rollout/                          |              |
|    action_saturation_fraction     | 0            |
|    ep_len_mean                    | 941          |
|    ep_rew_mean                    | 636          |
|    episodes_noforce               | 134          |
|    force_direction_mean           | -1           |
|    force_onset_mean               | 1.4          |
|    force_requested_impulse_mean   | 0            |
|    is_fall_mean                   | 0.134        |
|    is_timeout_mean                | 0.866        |
|    recovery_noforce               | 0.866        |
|    timeout_without_onset_fraction | 0            |
|    timeouts                       | 116          |
| time/                             |              |
|    fps                            | 7551         |
|    iterations                     | 41           |
|    time_elapsed                   | 711          |
|    total_timesteps                | 5373952      |
| train/                            |              |
|    action_std_00                  | 0.0539       |
|    action_std_01                  | 0.0539       |
|    action_std_02                  | 0.0541       |
|    action_std_03                  | 0.0539       |
|    action_std_04                  | 0.0535       |
|    action_std_05                  | 0.0539       |
|    action_std_06                  | 0.0541       |
|    action_std_07                  | 0.0542       |
|    action_std_08                  | 0.0541       |
|    action_std_09                  | 0.0543       |
|    action_std_10                  | 0.0538       |
|    action_std_11                  | 0.0539       |
|    action_std_12                  | 0.0541       |
|    action_std_13                  | 0.0539       |
|    action_std_14                  | 0.0538       |
|    action_std_15                  | 0.0537       |
|    action_std_16                  | 0.0536       |
|    action_std_17                  | 0.0539       |
|    action_std_18                  | 0.0539       |
|    action_std_19                  | 0.0539       |
|    action_std_20                  | 0.0537       |
|    action_std_21                  | 0.0538       |
|    action_std_22                  | 0.0536       |
|    action_std_23                  | 0.0536       |
|    action_std_24                  | 0.0542       |
|    approx_kl                      | 0.0024824357 |
|    clip_fraction                  | 0.123        |
|    clip_range                     | 0.1          |
|    clip_range_vf                  | 0.2          |
|    entropy_loss                   | 37.6         |
|    explained_variance             | 0.847        |
|    learning_rate                  | 1e-05        |
|    loss                           | 0.516        |
|    n_updates                      | 400          |
|    policy_gradient_loss           | -0.00318     |
|    std                            | 0.0539       |
|    std_max                        | 0.0543       |
|    std_min                        | 0.0535       |
|    value_loss                     | 0.174        |
----------------------------------------------------
---------------------------------------------------
| rollout/                          |             |
|    action_saturation_fraction     | 0           |
|    ep_len_mean                    | 978         |
|    ep_rew_mean                    | 666         |
|    episodes_noforce               | 137         |
|    force_direction_mean           | -1          |
|    force_onset_mean               | 1.4         |
|    force_requested_impulse_mean   | 0           |
|    is_fall_mean                   | 0.0803      |
|    is_timeout_mean                | 0.92        |
|    recovery_noforce               | 0.92        |
|    timeout_without_onset_fraction | 0           |
|    timeouts                       | 126         |
| time/                             |             |
|    fps                            | 7549        |
|    iterations                     | 42          |
|    time_elapsed                   | 729         |
|    total_timesteps                | 5505024     |
| train/                            |             |
|    action_std_00                  | 0.0541      |
|    action_std_01                  | 0.054       |
|    action_std_02                  | 0.0541      |
|    action_std_03                  | 0.0541      |
|    action_std_04                  | 0.0537      |
|    action_std_05                  | 0.0541      |
|    action_std_06                  | 0.0543      |
|    action_std_07                  | 0.0544      |
|    action_std_08                  | 0.0542      |
|    action_std_09                  | 0.0544      |
|    action_std_10                  | 0.054       |
|    action_std_11                  | 0.054       |
|    action_std_12                  | 0.0542      |
|    action_std_13                  | 0.054       |
|    action_std_14                  | 0.0539      |
|    action_std_15                  | 0.0539      |
|    action_std_16                  | 0.0538      |
|    action_std_17                  | 0.054       |
|    action_std_18                  | 0.054       |
|    action_std_19                  | 0.054       |
|    action_std_20                  | 0.0539      |
|    action_std_21                  | 0.054       |
|    action_std_22                  | 0.0537      |
|    action_std_23                  | 0.0538      |
|    action_std_24                  | 0.0543      |
|    approx_kl                      | 0.002369042 |
|    clip_fraction                  | 0.12        |
|    clip_range                     | 0.1         |
|    clip_range_vf                  | 0.2         |
|    entropy_loss                   | 37.5        |
|    explained_variance             | 0.848       |
|    learning_rate                  | 1e-05       |
|    loss                           | 0.498       |
|    n_updates                      | 410         |
|    policy_gradient_loss           | -0.00296    |
|    std                            | 0.054       |
|    std_max                        | 0.0544      |
|    std_min                        | 0.0537      |
|    value_loss                     | 0.182       |
---------------------------------------------------
[QuadrupedWBCEnv] Reset state env_id=0 z=0.311777 rpy=[-0.0155608, 0.0240875, -0.0183631]
----------------------------------------------------
| rollout/                          |              |
|    action_saturation_fraction     | 0            |
|    ep_len_mean                    | 981          |
|    ep_rew_mean                    | 670          |
|    episodes_noforce               | 140          |
|    force_direction_mean           | -1           |
|    force_onset_mean               | 1.39         |
|    force_requested_impulse_mean   | 0            |
|    is_fall_mean                   | 0.0643       |
|    is_timeout_mean                | 0.936        |
|    recovery_noforce               | 0.936        |
|    timeout_without_onset_fraction | 0            |
|    timeouts                       | 131          |
| time/                             |              |
|    fps                            | 7550         |
|    iterations                     | 43           |
|    time_elapsed                   | 746          |
|    total_timesteps                | 5636096      |
| train/                            |              |
|    action_std_00                  | 0.0542       |
|    action_std_01                  | 0.054        |
|    action_std_02                  | 0.0543       |
|    action_std_03                  | 0.0542       |
|    action_std_04                  | 0.0538       |
|    action_std_05                  | 0.0542       |
|    action_std_06                  | 0.0543       |
|    action_std_07                  | 0.0544       |
|    action_std_08                  | 0.0543       |
|    action_std_09                  | 0.0545       |
|    action_std_10                  | 0.0541       |
|    action_std_11                  | 0.0542       |
|    action_std_12                  | 0.0543       |
|    action_std_13                  | 0.0542       |
|    action_std_14                  | 0.0541       |
|    action_std_15                  | 0.054        |
|    action_std_16                  | 0.0539       |
|    action_std_17                  | 0.0542       |
|    action_std_18                  | 0.0542       |
|    action_std_19                  | 0.054        |
|    action_std_20                  | 0.054        |
|    action_std_21                  | 0.0541       |
|    action_std_22                  | 0.0538       |
|    action_std_23                  | 0.0538       |
|    action_std_24                  | 0.0544       |
|    approx_kl                      | 0.0023698364 |
|    clip_fraction                  | 0.117        |
|    clip_range                     | 0.1          |
|    clip_range_vf                  | 0.2          |
|    entropy_loss                   | 37.5         |
|    explained_variance             | 0.853        |
|    learning_rate                  | 1e-05        |
|    loss                           | 0.497        |
|    n_updates                      | 420          |
|    policy_gradient_loss           | -0.00326     |
|    std                            | 0.0541       |
|    std_max                        | 0.0545       |
|    std_min                        | 0.0538       |
|    value_loss                     | 0.136        |
----------------------------------------------------
----------------------------------------------------
| rollout/                          |              |
|    action_saturation_fraction     | 0            |
|    ep_len_mean                    | 972          |
|    ep_rew_mean                    | 661          |
|    episodes_noforce               | 136          |
|    force_direction_mean           | -1           |
|    force_onset_mean               | 1.39         |
|    force_requested_impulse_mean   | 0            |
|    is_fall_mean                   | 0.118        |
|    is_timeout_mean                | 0.882        |
|    recovery_noforce               | 0.882        |
|    timeout_without_onset_fraction | 0            |
|    timeouts                       | 120          |
| time/                             |              |
|    fps                            | 7549         |
|    iterations                     | 44           |
|    time_elapsed                   | 763          |
|    total_timesteps                | 5767168      |
| train/                            |              |
|    action_std_00                  | 0.0543       |
|    action_std_01                  | 0.0541       |
|    action_std_02                  | 0.0544       |
|    action_std_03                  | 0.0543       |
|    action_std_04                  | 0.054        |
|    action_std_05                  | 0.0543       |
|    action_std_06                  | 0.0545       |
|    action_std_07                  | 0.0545       |
|    action_std_08                  | 0.0544       |
|    action_std_09                  | 0.0546       |
|    action_std_10                  | 0.0542       |
|    action_std_11                  | 0.0543       |
|    action_std_12                  | 0.0544       |
|    action_std_13                  | 0.0543       |
|    action_std_14                  | 0.0542       |
|    action_std_15                  | 0.0541       |
|    action_std_16                  | 0.054        |
|    action_std_17                  | 0.0543       |
|    action_std_18                  | 0.0542       |
|    action_std_19                  | 0.0541       |
|    action_std_20                  | 0.0541       |
|    action_std_21                  | 0.0543       |
|    action_std_22                  | 0.054        |
|    action_std_23                  | 0.0539       |
|    action_std_24                  | 0.0545       |
|    approx_kl                      | 0.0023162647 |
|    clip_fraction                  | 0.117        |
|    clip_range                     | 0.1          |
|    clip_range_vf                  | 0.2          |
|    entropy_loss                   | 37.4         |
|    explained_variance             | 0.829        |
|    learning_rate                  | 1e-05        |
|    loss                           | 0.459        |
|    n_updates                      | 430          |
|    policy_gradient_loss           | -0.00278     |
|    std                            | 0.0542       |
|    std_max                        | 0.0546       |
|    std_min                        | 0.0539       |
|    value_loss                     | 0.111        |
----------------------------------------------------
[QuadrupedWBCEnv] Reset state env_id=0 z=0.317764 rpy=[-0.0158307, 0.0218682, -0.0184826]
---------------------------------------------------
| rollout/                          |             |
|    action_saturation_fraction     | 0           |
|    ep_len_mean                    | 966         |
|    ep_rew_mean                    | 657         |
|    episodes_noforce               | 134         |
|    force_direction_mean           | -1          |
|    force_onset_mean               | 1.4         |
|    force_requested_impulse_mean   | 0           |
|    is_fall_mean                   | 0.112       |
|    is_timeout_mean                | 0.888       |
|    recovery_noforce               | 0.888       |
|    timeout_without_onset_fraction | 0           |
|    timeouts                       | 119         |
| time/                             |             |
|    fps                            | 7548        |
|    iterations                     | 45          |
|    time_elapsed                   | 781         |
|    total_timesteps                | 5898240     |
| train/                            |             |
|    action_std_00                  | 0.0545      |
|    action_std_01                  | 0.0542      |
|    action_std_02                  | 0.0545      |
|    action_std_03                  | 0.0544      |
|    action_std_04                  | 0.0541      |
|    action_std_05                  | 0.0545      |
|    action_std_06                  | 0.0547      |
|    action_std_07                  | 0.0546      |
|    action_std_08                  | 0.0545      |
|    action_std_09                  | 0.0547      |
|    action_std_10                  | 0.0542      |
|    action_std_11                  | 0.0544      |
|    action_std_12                  | 0.0545      |
|    action_std_13                  | 0.0544      |
|    action_std_14                  | 0.0543      |
|    action_std_15                  | 0.0541      |
|    action_std_16                  | 0.0541      |
|    action_std_17                  | 0.0544      |
|    action_std_18                  | 0.0543      |
|    action_std_19                  | 0.0543      |
|    action_std_20                  | 0.0542      |
|    action_std_21                  | 0.0543      |
|    action_std_22                  | 0.0541      |
|    action_std_23                  | 0.054       |
|    action_std_24                  | 0.0546      |
|    approx_kl                      | 0.002437253 |
|    clip_fraction                  | 0.123       |
|    clip_range                     | 0.1         |
|    clip_range_vf                  | 0.2         |
|    entropy_loss                   | 37.4        |
|    explained_variance             | 0.85        |
|    learning_rate                  | 1e-05       |
|    loss                           | 0.549       |
|    n_updates                      | 440         |
|    policy_gradient_loss           | -0.00376    |
|    std                            | 0.0544      |
|    std_max                        | 0.0547      |
|    std_min                        | 0.054       |
|    value_loss                     | 0.171       |
---------------------------------------------------
INFO:root:VecNormalize statistics saved at: ./data/v1_ours/quadruped_ppo_model_ckpt_6000384_vecnormalize.pkl
INFO:root:Model saved at: ./data/v1_ours/quadruped_ppo_model_ckpt_6000384.zip
INFO:root:Checkpoint written at 6000384 timesteps
----------------------------------------------------
| rollout/                          |              |
|    action_saturation_fraction     | 0            |
|    ep_len_mean                    | 953          |
|    ep_rew_mean                    | 645          |
|    episodes_noforce               | 142          |
|    force_direction_mean           | -1           |
|    force_onset_mean               | 1.39         |
|    force_requested_impulse_mean   | 0            |
|    is_fall_mean                   | 0.148        |
|    is_timeout_mean                | 0.852        |
|    recovery_noforce               | 0.852        |
|    timeout_without_onset_fraction | 0            |
|    timeouts                       | 121          |
| time/                             |              |
|    fps                            | 7547         |
|    iterations                     | 46           |
|    time_elapsed                   | 798          |
|    total_timesteps                | 6029312      |
| train/                            |              |
|    action_std_00                  | 0.0546       |
|    action_std_01                  | 0.0543       |
|    action_std_02                  | 0.0546       |
|    action_std_03                  | 0.0545       |
|    action_std_04                  | 0.0542       |
|    action_std_05                  | 0.0546       |
|    action_std_06                  | 0.0547       |
|    action_std_07                  | 0.0547       |
|    action_std_08                  | 0.0547       |
|    action_std_09                  | 0.0548       |
|    action_std_10                  | 0.0544       |
|    action_std_11                  | 0.0545       |
|    action_std_12                  | 0.0547       |
|    action_std_13                  | 0.0545       |
|    action_std_14                  | 0.0545       |
|    action_std_15                  | 0.0542       |
|    action_std_16                  | 0.0543       |
|    action_std_17                  | 0.0545       |
|    action_std_18                  | 0.0544       |
|    action_std_19                  | 0.0544       |
|    action_std_20                  | 0.0543       |
|    action_std_21                  | 0.0545       |
|    action_std_22                  | 0.0542       |
|    action_std_23                  | 0.0541       |
|    action_std_24                  | 0.0548       |
|    approx_kl                      | 0.0023999724 |
|    clip_fraction                  | 0.12         |
|    clip_range                     | 0.1          |
|    clip_range_vf                  | 0.2          |
|    entropy_loss                   | 37.3         |
|    explained_variance             | 0.857        |
|    learning_rate                  | 1e-05        |
|    loss                           | 0.541        |
|    n_updates                      | 450          |
|    policy_gradient_loss           | -0.00311     |
|    std                            | 0.0545       |
|    std_max                        | 0.0548       |
|    std_min                        | 0.0541       |
|    value_loss                     | 0.164        |
----------------------------------------------------
[QuadrupedWBCEnv] Reset state env_id=0 z=0.315729 rpy=[-0.0148703, 0.023399, -0.0184754]
----------------------------------------------------
| rollout/                          |              |
|    action_saturation_fraction     | 0            |
|    ep_len_mean                    | 953          |
|    ep_rew_mean                    | 647          |
|    episodes_noforce               | 131          |
|    force_direction_mean           | -1           |
|    force_onset_mean               | 1.4          |
|    force_requested_impulse_mean   | 0            |
|    is_fall_mean                   | 0.137        |
|    is_timeout_mean                | 0.863        |
|    recovery_noforce               | 0.863        |
|    timeout_without_onset_fraction | 0            |
|    timeouts                       | 113          |
| time/                             |              |
|    fps                            | 7547         |
|    iterations                     | 47           |
|    time_elapsed                   | 816          |
|    total_timesteps                | 6160384      |
| train/                            |              |
|    action_std_00                  | 0.0547       |
|    action_std_01                  | 0.0544       |
|    action_std_02                  | 0.0547       |
|    action_std_03                  | 0.0547       |
|    action_std_04                  | 0.0543       |
|    action_std_05                  | 0.0547       |
|    action_std_06                  | 0.0548       |
|    action_std_07                  | 0.0548       |
|    action_std_08                  | 0.0548       |
|    action_std_09                  | 0.0548       |
|    action_std_10                  | 0.0545       |
|    action_std_11                  | 0.0547       |
|    action_std_12                  | 0.0549       |
|    action_std_13                  | 0.0546       |
|    action_std_14                  | 0.0546       |
|    action_std_15                  | 0.0543       |
|    action_std_16                  | 0.0543       |
|    action_std_17                  | 0.0546       |
|    action_std_18                  | 0.0545       |
|    action_std_19                  | 0.0546       |
|    action_std_20                  | 0.0543       |
|    action_std_21                  | 0.0546       |
|    action_std_22                  | 0.0544       |
|    action_std_23                  | 0.0543       |
|    action_std_24                  | 0.0549       |
|    approx_kl                      | 0.0025059811 |
|    clip_fraction                  | 0.128        |
|    clip_range                     | 0.1          |
|    clip_range_vf                  | 0.2          |
|    entropy_loss                   | 37.2         |
|    explained_variance             | 0.871        |
|    learning_rate                  | 1e-05        |
|    loss                           | 0.582        |
|    n_updates                      | 460          |
|    policy_gradient_loss           | -0.00348     |
|    std                            | 0.0546       |
|    std_max                        | 0.0549       |
|    std_min                        | 0.0543       |
|    value_loss                     | 0.192        |
----------------------------------------------------
----------------------------------------------------
| rollout/                          |              |
|    action_saturation_fraction     | 0            |
|    ep_len_mean                    | 951          |
|    ep_rew_mean                    | 648          |
|    episodes_noforce               | 140          |
|    force_direction_mean           | -1           |
|    force_onset_mean               | 1.39         |
|    force_requested_impulse_mean   | 0            |
|    is_fall_mean                   | 0.121        |
|    is_timeout_mean                | 0.879        |
|    recovery_noforce               | 0.879        |
|    timeout_without_onset_fraction | 0            |
|    timeouts                       | 123          |
| time/                             |              |
|    fps                            | 7546         |
|    iterations                     | 48           |
|    time_elapsed                   | 833          |
|    total_timesteps                | 6291456      |
| train/                            |              |
|    action_std_00                  | 0.0548       |
|    action_std_01                  | 0.0546       |
|    action_std_02                  | 0.0548       |
|    action_std_03                  | 0.0549       |
|    action_std_04                  | 0.0544       |
|    action_std_05                  | 0.0548       |
|    action_std_06                  | 0.055        |
|    action_std_07                  | 0.0549       |
|    action_std_08                  | 0.0548       |
|    action_std_09                  | 0.055        |
|    action_std_10                  | 0.0545       |
|    action_std_11                  | 0.0548       |
|    action_std_12                  | 0.055        |
|    action_std_13                  | 0.0547       |
|    action_std_14                  | 0.0547       |
|    action_std_15                  | 0.0544       |
|    action_std_16                  | 0.0544       |
|    action_std_17                  | 0.0546       |
|    action_std_18                  | 0.0547       |
|    action_std_19                  | 0.0547       |
|    action_std_20                  | 0.0545       |
|    action_std_21                  | 0.0547       |
|    action_std_22                  | 0.0545       |
|    action_std_23                  | 0.0544       |
|    action_std_24                  | 0.055        |
|    approx_kl                      | 0.0023569644 |
|    clip_fraction                  | 0.122        |
|    clip_range                     | 0.1          |
|    clip_range_vf                  | 0.2          |
|    entropy_loss                   | 37.2         |
|    explained_variance             | 0.888        |
|    learning_rate                  | 1e-05        |
|    loss                           | 0.545        |
|    n_updates                      | 470          |
|    policy_gradient_loss           | -0.00318     |
|    std                            | 0.0547       |
|    std_max                        | 0.055        |
|    std_min                        | 0.0544       |
|    value_loss                     | 0.155        |
----------------------------------------------------
[QuadrupedWBCEnv] Reset state env_id=0 z=0.276502 rpy=[-0.0113636, 0.0238526, -0.0185273]
---------------------------------------------------
| rollout/                          |             |
|    action_saturation_fraction     | 0           |
|    ep_len_mean                    | 959         |
|    ep_rew_mean                    | 650         |
|    episodes_noforce               | 135         |
|    force_direction_mean           | -1          |
|    force_onset_mean               | 1.4         |
|    force_requested_impulse_mean   | 0           |
|    is_fall_mean                   | 0.133       |
|    is_timeout_mean                | 0.867       |
|    recovery_noforce               | 0.867       |
|    timeout_without_onset_fraction | 0           |
|    timeouts                       | 117         |
| time/                             |             |
|    fps                            | 7543        |
|    iterations                     | 49          |
|    time_elapsed                   | 851         |
|    total_timesteps                | 6422528     |
| train/                            |             |
|    action_std_00                  | 0.0549      |
|    action_std_01                  | 0.0547      |
|    action_std_02                  | 0.0549      |
|    action_std_03                  | 0.055       |
|    action_std_04                  | 0.0546      |
|    action_std_05                  | 0.0549      |
|    action_std_06                  | 0.055       |
|    action_std_07                  | 0.055       |
|    action_std_08                  | 0.0548      |
|    action_std_09                  | 0.0551      |
|    action_std_10                  | 0.0546      |
|    action_std_11                  | 0.0549      |
|    action_std_12                  | 0.0551      |
|    action_std_13                  | 0.0548      |
|    action_std_14                  | 0.0548      |
|    action_std_15                  | 0.0545      |
|    action_std_16                  | 0.0546      |
|    action_std_17                  | 0.0548      |
|    action_std_18                  | 0.0548      |
|    action_std_19                  | 0.0549      |
|    action_std_20                  | 0.0546      |
|    action_std_21                  | 0.0548      |
|    action_std_22                  | 0.0546      |
|    action_std_23                  | 0.0545      |
|    action_std_24                  | 0.0551      |
|    approx_kl                      | 0.002437344 |
|    clip_fraction                  | 0.124       |
|    clip_range                     | 0.1         |
|    clip_range_vf                  | 0.2         |
|    entropy_loss                   | 37.1        |
|    explained_variance             | 0.847       |
|    learning_rate                  | 1e-05       |
|    loss                           | 0.539       |
|    n_updates                      | 480         |
|    policy_gradient_loss           | -0.00343    |
|    std                            | 0.0548      |
|    std_max                        | 0.0551      |
|    std_min                        | 0.0545      |
|    value_loss                     | 0.162       |
---------------------------------------------------
[QuadrupedWBCEnv] unhealthy terminate at step=453 z=0.193926 rpy=[-0.922281, -0.146866, 1.35629] v_body=[1.10089, -0.437544, -0.0327371]
[QuadrupedWBCEnv] Reset state env_id=0 z=0.315036 rpy=[-0.0155276, 0.022081, -0.018676]
---------------------------------------------------
| rollout/                          |             |
|    action_saturation_fraction     | 0           |
|    ep_len_mean                    | 941         |
|    ep_rew_mean                    | 639         |
|    episodes_noforce               | 144         |
|    force_direction_mean           | -1          |
|    force_onset_mean               | 1.37        |
|    force_requested_impulse_mean   | 0           |
|    is_fall_mean                   | 0.104       |
|    is_timeout_mean                | 0.896       |
|    recovery_noforce               | 0.896       |
|    timeout_without_onset_fraction | 0           |
|    timeouts                       | 129         |
| time/                             |             |
|    fps                            | 7542        |
|    iterations                     | 50          |
|    time_elapsed                   | 868         |
|    total_timesteps                | 6553600     |
| train/                            |             |
|    action_std_00                  | 0.0549      |
|    action_std_01                  | 0.0548      |
|    action_std_02                  | 0.055       |
|    action_std_03                  | 0.0552      |
|    action_std_04                  | 0.0547      |
|    action_std_05                  | 0.055       |
|    action_std_06                  | 0.0551      |
|    action_std_07                  | 0.0552      |
|    action_std_08                  | 0.055       |
|    action_std_09                  | 0.0552      |
|    action_std_10                  | 0.0548      |
|    action_std_11                  | 0.0551      |
|    action_std_12                  | 0.0552      |
|    action_std_13                  | 0.0549      |
|    action_std_14                  | 0.055       |
|    action_std_15                  | 0.0546      |
|    action_std_16                  | 0.0547      |
|    action_std_17                  | 0.0549      |
|    action_std_18                  | 0.0549      |
|    action_std_19                  | 0.055       |
|    action_std_20                  | 0.0548      |
|    action_std_21                  | 0.055       |
|    action_std_22                  | 0.0547      |
|    action_std_23                  | 0.0546      |
|    action_std_24                  | 0.0552      |
|    approx_kl                      | 0.002472864 |
|    clip_fraction                  | 0.127       |
|    clip_range                     | 0.1         |
|    clip_range_vf                  | 0.2         |
|    entropy_loss                   | 37.1        |
|    explained_variance             | 0.87        |
|    learning_rate                  | 1e-05       |
|    loss                           | 0.484       |
|    n_updates                      | 490         |
|    policy_gradient_loss           | -0.00324    |
|    std                            | 0.0549      |
|    std_max                        | 0.0552      |
|    std_min                        | 0.0546      |
|    value_loss                     | 0.155       |
---------------------------------------------------
[QuadrupedWBCEnv] unhealthy terminate at step=725 z=0.199712 rpy=[3.16509, 0.468309, -0.398025] v_body=[0.428047, -0.976978, 0.0271175]
[QuadrupedWBCEnv] Reset state env_id=0 z=0.270037 rpy=[-0.0143622, 0.0252701, -0.0176989]
----------------------------------------------------
| rollout/                          |              |
|    action_saturation_fraction     | 0            |
|    ep_len_mean                    | 963          |
|    ep_rew_mean                    | 654          |
|    episodes_noforce               | 134          |
|    force_direction_mean           | -1           |
|    force_onset_mean               | 1.4          |
|    force_requested_impulse_mean   | 0            |
|    is_fall_mean                   | 0.104        |
|    is_timeout_mean                | 0.896        |
|    recovery_noforce               | 0.896        |
|    timeout_without_onset_fraction | 0            |
|    timeouts                       | 120          |
| time/                             |              |
|    fps                            | 7540         |
|    iterations                     | 51           |
|    time_elapsed                   | 886          |
|    total_timesteps                | 6684672      |
| train/                            |              |
|    action_std_00                  | 0.055        |
|    action_std_01                  | 0.0549       |
|    action_std_02                  | 0.0552       |
|    action_std_03                  | 0.0553       |
|    action_std_04                  | 0.0548       |
|    action_std_05                  | 0.0551       |
|    action_std_06                  | 0.0551       |
|    action_std_07                  | 0.0553       |
|    action_std_08                  | 0.0552       |
|    action_std_09                  | 0.0553       |
|    action_std_10                  | 0.0549       |
|    action_std_11                  | 0.0552       |
|    action_std_12                  | 0.0554       |
|    action_std_13                  | 0.0551       |
|    action_std_14                  | 0.0551       |
|    action_std_15                  | 0.0547       |
|    action_std_16                  | 0.0548       |
|    action_std_17                  | 0.055        |
|    action_std_18                  | 0.0551       |
|    action_std_19                  | 0.0551       |
|    action_std_20                  | 0.0549       |
|    action_std_21                  | 0.0551       |
|    action_std_22                  | 0.0548       |
|    action_std_23                  | 0.0547       |
|    action_std_24                  | 0.0552       |
|    approx_kl                      | 0.0023789955 |
|    clip_fraction                  | 0.122        |
|    clip_range                     | 0.1          |
|    clip_range_vf                  | 0.2          |
|    entropy_loss                   | 37           |
|    explained_variance             | 0.868        |
|    learning_rate                  | 1e-05        |
|    loss                           | 0.519        |
|    n_updates                      | 500          |
|    policy_gradient_loss           | -0.00343     |
|    std                            | 0.0551       |
|    std_max                        | 0.0554       |
|    std_min                        | 0.0547       |
|    value_loss                     | 0.158        |
----------------------------------------------------
---------------------------------------------------
| rollout/                          |             |
|    action_saturation_fraction     | 0           |
|    ep_len_mean                    | 970         |
|    ep_rew_mean                    | 661         |
|    episodes_noforce               | 136         |
|    force_direction_mean           | -1          |
|    force_onset_mean               | 1.4         |
|    force_requested_impulse_mean   | 0           |
|    is_fall_mean                   | 0.0956      |
|    is_timeout_mean                | 0.904       |
|    recovery_noforce               | 0.904       |
|    timeout_without_onset_fraction | 0           |
|    timeouts                       | 123         |
| time/                             |             |
|    fps                            | 7538        |
|    iterations                     | 52          |
|    time_elapsed                   | 904         |
|    total_timesteps                | 6815744     |
| train/                            |             |
|    action_std_00                  | 0.0551      |
|    action_std_01                  | 0.055       |
|    action_std_02                  | 0.0553      |
|    action_std_03                  | 0.0553      |
|    action_std_04                  | 0.0549      |
|    action_std_05                  | 0.0552      |
|    action_std_06                  | 0.0552      |
|    action_std_07                  | 0.0554      |
|    action_std_08                  | 0.0553      |
|    action_std_09                  | 0.0553      |
|    action_std_10                  | 0.055       |
|    action_std_11                  | 0.0554      |
|    action_std_12                  | 0.0555      |
|    action_std_13                  | 0.0551      |
|    action_std_14                  | 0.0552      |
|    action_std_15                  | 0.0548      |
|    action_std_16                  | 0.0548      |
|    action_std_17                  | 0.0551      |
|    action_std_18                  | 0.0553      |
|    action_std_19                  | 0.0552      |
|    action_std_20                  | 0.055       |
|    action_std_21                  | 0.0552      |
|    action_std_22                  | 0.0549      |
|    action_std_23                  | 0.0549      |
|    action_std_24                  | 0.0554      |
|    approx_kl                      | 0.002384755 |
|    clip_fraction                  | 0.12        |
|    clip_range                     | 0.1         |
|    clip_range_vf                  | 0.2         |
|    entropy_loss                   | 37          |
|    explained_variance             | 0.864       |
|    learning_rate                  | 1e-05       |
|    loss                           | 0.51        |
|    n_updates                      | 510         |
|    policy_gradient_loss           | -0.00304    |
|    std                            | 0.0552      |
|    std_max                        | 0.0555      |
|    std_min                        | 0.0548      |
|    value_loss                     | 0.157       |
---------------------------------------------------
[QuadrupedWBCEnv] Reset state env_id=0 z=0.289974 rpy=[-0.0143255, 0.0252383, -0.018458]
----------------------------------------------------
| rollout/                          |              |
|    action_saturation_fraction     | 0            |
|    ep_len_mean                    | 935          |
|    ep_rew_mean                    | 638          |
|    episodes_noforce               | 135          |
|    force_direction_mean           | -1           |
|    force_onset_mean               | 1.39         |
|    force_requested_impulse_mean   | 0            |
|    is_fall_mean                   | 0.111        |
|    is_timeout_mean                | 0.889        |
|    recovery_noforce               | 0.889        |
|    timeout_without_onset_fraction | 0            |
|    timeouts                       | 120          |
| time/                             |              |
|    fps                            | 7536         |
|    iterations                     | 53           |
|    time_elapsed                   | 921          |
|    total_timesteps                | 6946816      |
| train/                            |              |
|    action_std_00                  | 0.0552       |
|    action_std_01                  | 0.0551       |
|    action_std_02                  | 0.0554       |
|    action_std_03                  | 0.0554       |
|    action_std_04                  | 0.0551       |
|    action_std_05                  | 0.0554       |
|    action_std_06                  | 0.0554       |
|    action_std_07                  | 0.0555       |
|    action_std_08                  | 0.0554       |
|    action_std_09                  | 0.0554       |
|    action_std_10                  | 0.0551       |
|    action_std_11                  | 0.0555       |
|    action_std_12                  | 0.0556       |
|    action_std_13                  | 0.0553       |
|    action_std_14                  | 0.0554       |
|    action_std_15                  | 0.0549       |
|    action_std_16                  | 0.0549       |
|    action_std_17                  | 0.0551       |
|    action_std_18                  | 0.0554       |
|    action_std_19                  | 0.0554       |
|    action_std_20                  | 0.0552       |
|    action_std_21                  | 0.0553       |
|    action_std_22                  | 0.055        |
|    action_std_23                  | 0.055        |
|    action_std_24                  | 0.0555       |
|    approx_kl                      | 0.0025097742 |
|    clip_fraction                  | 0.128        |
|    clip_range                     | 0.1          |
|    clip_range_vf                  | 0.2          |
|    entropy_loss                   | 36.9         |
|    explained_variance             | 0.876        |
|    learning_rate                  | 1e-05        |
|    loss                           | 0.507        |
|    n_updates                      | 520          |
|    policy_gradient_loss           | -0.00364     |
|    std                            | 0.0553       |
|    std_max                        | 0.0556       |
|    std_min                        | 0.0549       |
|    value_loss                     | 0.151        |
----------------------------------------------------
----------------------------------------------------
| rollout/                          |              |
|    action_saturation_fraction     | 0            |
|    ep_len_mean                    | 944          |
|    ep_rew_mean                    | 642          |
|    episodes_noforce               | 139          |
|    force_direction_mean           | -1           |
|    force_onset_mean               | 1.39         |
|    force_requested_impulse_mean   | 0            |
|    is_fall_mean                   | 0.108        |
|    is_timeout_mean                | 0.892        |
|    recovery_noforce               | 0.892        |
|    timeout_without_onset_fraction | 0            |
|    timeouts                       | 124          |
| time/                             |              |
|    fps                            | 7535         |
|    iterations                     | 54           |
|    time_elapsed                   | 939          |
|    total_timesteps                | 7077888      |
| train/                            |              |
|    action_std_00                  | 0.0554       |
|    action_std_01                  | 0.0552       |
|    action_std_02                  | 0.0555       |
|    action_std_03                  | 0.0556       |
|    action_std_04                  | 0.0552       |
|    action_std_05                  | 0.0555       |
|    action_std_06                  | 0.0555       |
|    action_std_07                  | 0.0556       |
|    action_std_08                  | 0.0555       |
|    action_std_09                  | 0.0555       |
|    action_std_10                  | 0.0552       |
|    action_std_11                  | 0.0556       |
|    action_std_12                  | 0.0557       |
|    action_std_13                  | 0.0553       |
|    action_std_14                  | 0.0555       |
|    action_std_15                  | 0.055        |
|    action_std_16                  | 0.055        |
|    action_std_17                  | 0.0553       |
|    action_std_18                  | 0.0555       |
|    action_std_19                  | 0.0555       |
|    action_std_20                  | 0.0553       |
|    action_std_21                  | 0.0554       |
|    action_std_22                  | 0.0552       |
|    action_std_23                  | 0.0551       |
|    action_std_24                  | 0.0556       |
|    approx_kl                      | 0.0023824465 |
|    clip_fraction                  | 0.124        |
|    clip_range                     | 0.1          |
|    clip_range_vf                  | 0.2          |
|    entropy_loss                   | 36.9         |
|    explained_variance             | 0.878        |
|    learning_rate                  | 1e-05        |
|    loss                           | 0.487        |
|    n_updates                      | 530          |
|    policy_gradient_loss           | -0.00336     |
|    std                            | 0.0554       |
|    std_max                        | 0.0557       |
|    std_min                        | 0.055        |
|    value_loss                     | 0.154        |
----------------------------------------------------
[QuadrupedWBCEnv] Reset state env_id=0 z=0.328629 rpy=[-0.0133124, 0.0222337, -0.0187799]
----------------------------------------------------
| rollout/                          |              |
|    action_saturation_fraction     | 0            |
|    ep_len_mean                    | 961          |
|    ep_rew_mean                    | 656          |
|    episodes_noforce               | 134          |
|    force_direction_mean           | -1           |
|    force_onset_mean               | 1.41         |
|    force_requested_impulse_mean   | 0            |
|    is_fall_mean                   | 0.0821       |
|    is_timeout_mean                | 0.918        |
|    recovery_noforce               | 0.918        |
|    timeout_without_onset_fraction | 0            |
|    timeouts                       | 123          |
| time/                             |              |
|    fps                            | 7534         |
|    iterations                     | 55           |
|    time_elapsed                   | 956          |
|    total_timesteps                | 7208960      |
| train/                            |              |
|    action_std_00                  | 0.0555       |
|    action_std_01                  | 0.0553       |
|    action_std_02                  | 0.0556       |
|    action_std_03                  | 0.0556       |
|    action_std_04                  | 0.0554       |
|    action_std_05                  | 0.0556       |
|    action_std_06                  | 0.0556       |
|    action_std_07                  | 0.0557       |
|    action_std_08                  | 0.0557       |
|    action_std_09                  | 0.0556       |
|    action_std_10                  | 0.0553       |
|    action_std_11                  | 0.0558       |
|    action_std_12                  | 0.0557       |
|    action_std_13                  | 0.0554       |
|    action_std_14                  | 0.0556       |
|    action_std_15                  | 0.0551       |
|    action_std_16                  | 0.0551       |
|    action_std_17                  | 0.0554       |
|    action_std_18                  | 0.0556       |
|    action_std_19                  | 0.0556       |
|    action_std_20                  | 0.0554       |
|    action_std_21                  | 0.0555       |
|    action_std_22                  | 0.0553       |
|    action_std_23                  | 0.0552       |
|    action_std_24                  | 0.0557       |
|    approx_kl                      | 0.0025043027 |
|    clip_fraction                  | 0.128        |
|    clip_range                     | 0.1          |
|    clip_range_vf                  | 0.2          |
|    entropy_loss                   | 36.8         |
|    explained_variance             | 0.866        |
|    learning_rate                  | 1e-05        |
|    loss                           | 0.559        |
|    n_updates                      | 540          |
|    policy_gradient_loss           | -0.00349     |
|    std                            | 0.0555       |
|    std_max                        | 0.0558       |
|    std_min                        | 0.0551       |
|    value_loss                     | 0.168        |
----------------------------------------------------
---------------------------------------------------
| rollout/                          |             |
|    action_saturation_fraction     | 0           |
|    ep_len_mean                    | 957         |
|    ep_rew_mean                    | 648         |
|    episodes_noforce               | 140         |
|    force_direction_mean           | -1          |
|    force_onset_mean               | 1.37        |
|    force_requested_impulse_mean   | 0           |
|    is_fall_mean                   | 0.121       |
|    is_timeout_mean                | 0.879       |
|    recovery_noforce               | 0.879       |
|    timeout_without_onset_fraction | 0           |
|    timeouts                       | 123         |
| time/                             |             |
|    fps                            | 7532        |
|    iterations                     | 56          |
|    time_elapsed                   | 974         |
|    total_timesteps                | 7340032     |
| train/                            |             |
|    action_std_00                  | 0.0556      |
|    action_std_01                  | 0.0555      |
|    action_std_02                  | 0.0558      |
|    action_std_03                  | 0.0557      |
|    action_std_04                  | 0.0556      |
|    action_std_05                  | 0.0557      |
|    action_std_06                  | 0.0556      |
|    action_std_07                  | 0.0558      |
|    action_std_08                  | 0.0558      |
|    action_std_09                  | 0.0557      |
|    action_std_10                  | 0.0555      |
|    action_std_11                  | 0.0559      |
|    action_std_12                  | 0.0559      |
|    action_std_13                  | 0.0555      |
|    action_std_14                  | 0.0558      |
|    action_std_15                  | 0.0552      |
|    action_std_16                  | 0.0553      |
|    action_std_17                  | 0.0555      |
|    action_std_18                  | 0.0558      |
|    action_std_19                  | 0.0557      |
|    action_std_20                  | 0.0555      |
|    action_std_21                  | 0.0557      |
|    action_std_22                  | 0.0554      |
|    action_std_23                  | 0.0553      |
|    action_std_24                  | 0.0558      |
|    approx_kl                      | 0.002488804 |
|    clip_fraction                  | 0.127       |
|    clip_range                     | 0.1         |
|    clip_range_vf                  | 0.2         |
|    entropy_loss                   | 36.8        |
|    explained_variance             | 0.845       |
|    learning_rate                  | 1e-05       |
|    loss                           | 0.516       |
|    n_updates                      | 550         |
|    policy_gradient_loss           | -0.00335    |
|    std                            | 0.0556      |
|    std_max                        | 0.0559      |
|    std_min                        | 0.0552      |
|    value_loss                     | 0.129       |
---------------------------------------------------
[QuadrupedWBCEnv] Reset state env_id=0 z=0.272455 rpy=[-0.0130847, 0.0260931, -0.0183166]
---------------------------------------------------
| rollout/                          |             |
|    action_saturation_fraction     | 0           |
|    ep_len_mean                    | 959         |
|    ep_rew_mean                    | 650         |
|    episodes_noforce               | 136         |
|    force_direction_mean           | -1          |
|    force_onset_mean               | 1.39        |
|    force_requested_impulse_mean   | 0           |
|    is_fall_mean                   | 0.11        |
|    is_timeout_mean                | 0.89        |
|    recovery_noforce               | 0.89        |
|    timeout_without_onset_fraction | 0           |
|    timeouts                       | 121         |
| time/                             |             |
|    fps                            | 7532        |
|    iterations                     | 57          |
|    time_elapsed                   | 991         |
|    total_timesteps                | 7471104     |
| train/                            |             |
|    action_std_00                  | 0.0557      |
|    action_std_01                  | 0.0557      |
|    action_std_02                  | 0.0558      |
|    action_std_03                  | 0.0559      |
|    action_std_04                  | 0.0558      |
|    action_std_05                  | 0.0559      |
|    action_std_06                  | 0.0558      |
|    action_std_07                  | 0.056       |
|    action_std_08                  | 0.0559      |
|    action_std_09                  | 0.0559      |
|    action_std_10                  | 0.0556      |
|    action_std_11                  | 0.0562      |
|    action_std_12                  | 0.056       |
|    action_std_13                  | 0.0556      |
|    action_std_14                  | 0.056       |
|    action_std_15                  | 0.0553      |
|    action_std_16                  | 0.0554      |
|    action_std_17                  | 0.0557      |
|    action_std_18                  | 0.056       |
|    action_std_19                  | 0.0558      |
|    action_std_20                  | 0.0556      |
|    action_std_21                  | 0.0558      |
|    action_std_22                  | 0.0555      |
|    action_std_23                  | 0.0554      |
|    action_std_24                  | 0.0559      |
|    approx_kl                      | 0.002397506 |
|    clip_fraction                  | 0.12        |
|    clip_range                     | 0.1         |
|    clip_range_vf                  | 0.2         |
|    entropy_loss                   | 36.7        |
|    explained_variance             | 0.874       |
|    learning_rate                  | 1e-05       |
|    loss                           | 0.503       |
|    n_updates                      | 560         |
|    policy_gradient_loss           | -0.00333    |
|    std                            | 0.0558      |
|    std_max                        | 0.0562      |
|    std_min                        | 0.0553      |
|    value_loss                     | 0.15        |
---------------------------------------------------
----------------------------------------------------
| rollout/                          |              |
|    action_saturation_fraction     | 0            |
|    ep_len_mean                    | 968          |
|    ep_rew_mean                    | 655          |
|    episodes_noforce               | 133          |
|    force_direction_mean           | -1           |
|    force_onset_mean               | 1.41         |
|    force_requested_impulse_mean   | 0            |
|    is_fall_mean                   | 0.113        |
|    is_timeout_mean                | 0.887        |
|    recovery_noforce               | 0.887        |
|    timeout_without_onset_fraction | 0            |
|    timeouts                       | 118          |
| time/                             |              |
|    fps                            | 7532         |
|    iterations                     | 58           |
|    time_elapsed                   | 1009         |
|    total_timesteps                | 7602176      |
| train/                            |              |
|    action_std_00                  | 0.0558       |
|    action_std_01                  | 0.0557       |
|    action_std_02                  | 0.0559       |
|    action_std_03                  | 0.056        |
|    action_std_04                  | 0.056        |
|    action_std_05                  | 0.0559       |
|    action_std_06                  | 0.056        |
|    action_std_07                  | 0.056        |
|    action_std_08                  | 0.0561       |
|    action_std_09                  | 0.056        |
|    action_std_10                  | 0.0557       |
|    action_std_11                  | 0.0563       |
|    action_std_12                  | 0.0561       |
|    action_std_13                  | 0.0557       |
|    action_std_14                  | 0.0561       |
|    action_std_15                  | 0.0554       |
|    action_std_16                  | 0.0555       |
|    action_std_17                  | 0.0558       |
|    action_std_18                  | 0.0561       |
|    action_std_19                  | 0.056        |
|    action_std_20                  | 0.0558       |
|    action_std_21                  | 0.056        |
|    action_std_22                  | 0.0557       |
|    action_std_23                  | 0.0556       |
|    action_std_24                  | 0.056        |
|    approx_kl                      | 0.0024259016 |
|    clip_fraction                  | 0.125        |
|    clip_range                     | 0.1          |
|    clip_range_vf                  | 0.2          |
|    entropy_loss                   | 36.7         |
|    explained_variance             | 0.895        |
|    learning_rate                  | 1e-05        |
|    loss                           | 0.541        |
|    n_updates                      | 570          |
|    policy_gradient_loss           | -0.00346     |
|    std                            | 0.0559       |
|    std_max                        | 0.0563       |
|    std_min                        | 0.0554       |
|    value_loss                     | 0.144        |
----------------------------------------------------
[QuadrupedWBCEnv] Reset state env_id=0 z=0.318881 rpy=[-0.0146495, 0.0241979, -0.0184587]
----------------------------------------------------
| rollout/                          |              |
|    action_saturation_fraction     | 0            |
|    ep_len_mean                    | 967          |
|    ep_rew_mean                    | 656          |
|    episodes_noforce               | 139          |
|    force_direction_mean           | -1           |
|    force_onset_mean               | 1.38         |
|    force_requested_impulse_mean   | 0            |
|    is_fall_mean                   | 0.101        |
|    is_timeout_mean                | 0.899        |
|    recovery_noforce               | 0.899        |
|    timeout_without_onset_fraction | 0            |
|    timeouts                       | 125          |
| time/                             |              |
|    fps                            | 7531         |
|    iterations                     | 59           |
|    time_elapsed                   | 1026         |
|    total_timesteps                | 7733248      |
| train/                            |              |
|    action_std_00                  | 0.056        |
|    action_std_01                  | 0.0559       |
|    action_std_02                  | 0.056        |
|    action_std_03                  | 0.0561       |
|    action_std_04                  | 0.0561       |
|    action_std_05                  | 0.056        |
|    action_std_06                  | 0.0561       |
|    action_std_07                  | 0.0562       |
|    action_std_08                  | 0.0562       |
|    action_std_09                  | 0.0561       |
|    action_std_10                  | 0.0558       |
|    action_std_11                  | 0.0563       |
|    action_std_12                  | 0.0563       |
|    action_std_13                  | 0.0559       |
|    action_std_14                  | 0.0563       |
|    action_std_15                  | 0.0555       |
|    action_std_16                  | 0.0556       |
|    action_std_17                  | 0.0559       |
|    action_std_18                  | 0.0562       |
|    action_std_19                  | 0.0561       |
|    action_std_20                  | 0.056        |
|    action_std_21                  | 0.0561       |
|    action_std_22                  | 0.0559       |
|    action_std_23                  | 0.0557       |
|    action_std_24                  | 0.0562       |
|    approx_kl                      | 0.0024881638 |
|    clip_fraction                  | 0.132        |
|    clip_range                     | 0.1          |
|    clip_range_vf                  | 0.2          |
|    entropy_loss                   | 36.6         |
|    explained_variance             | 0.88         |
|    learning_rate                  | 1e-05        |
|    loss                           | 0.56         |
|    n_updates                      | 580          |
|    policy_gradient_loss           | -0.00345     |
|    std                            | 0.056        |
|    std_max                        | 0.0563       |
|    std_min                        | 0.0555       |
|    value_loss                     | 0.15         |
----------------------------------------------------
----------------------------------------------------
| rollout/                          |              |
|    action_saturation_fraction     | 0            |
|    ep_len_mean                    | 957          |
|    ep_rew_mean                    | 649          |
|    episodes_noforce               | 140          |
|    force_direction_mean           | -1           |
|    force_onset_mean               | 1.4          |
|    force_requested_impulse_mean   | 0            |
|    is_fall_mean                   | 0.1          |
|    is_timeout_mean                | 0.9          |
|    recovery_noforce               | 0.9          |
|    timeout_without_onset_fraction | 0            |
|    timeouts                       | 126          |
| time/                             |              |
|    fps                            | 7529         |
|    iterations                     | 60           |
|    time_elapsed                   | 1044         |
|    total_timesteps                | 7864320      |
| train/                            |              |
|    action_std_00                  | 0.056        |
|    action_std_01                  | 0.056        |
|    action_std_02                  | 0.0561       |
|    action_std_03                  | 0.0562       |
|    action_std_04                  | 0.0562       |
|    action_std_05                  | 0.0562       |
|    action_std_06                  | 0.0562       |
|    action_std_07                  | 0.0563       |
|    action_std_08                  | 0.0563       |
|    action_std_09                  | 0.0563       |
|    action_std_10                  | 0.056        |
|    action_std_11                  | 0.0564       |
|    action_std_12                  | 0.0564       |
|    action_std_13                  | 0.0561       |
|    action_std_14                  | 0.0563       |
|    action_std_15                  | 0.0556       |
|    action_std_16                  | 0.0557       |
|    action_std_17                  | 0.056        |
|    action_std_18                  | 0.0563       |
|    action_std_19                  | 0.0563       |
|    action_std_20                  | 0.056        |
|    action_std_21                  | 0.0562       |
|    action_std_22                  | 0.056        |
|    action_std_23                  | 0.0558       |
|    action_std_24                  | 0.0563       |
|    approx_kl                      | 0.0023223506 |
|    clip_fraction                  | 0.12         |
|    clip_range                     | 0.1          |
|    clip_range_vf                  | 0.2          |
|    entropy_loss                   | 36.6         |
|    explained_variance             | 0.863        |
|    learning_rate                  | 1e-05        |
|    loss                           | 0.499        |
|    n_updates                      | 590          |
|    policy_gradient_loss           | -0.0028      |
|    std                            | 0.0561       |
|    std_max                        | 0.0564       |
|    std_min                        | 0.0556       |
|    value_loss                     | 0.132        |
----------------------------------------------------
[QuadrupedWBCEnv] Reset state env_id=0 z=0.312641 rpy=[-0.0150653, 0.022026, -0.0185826]
---------------------------------------------------
| rollout/                          |             |
|    action_saturation_fraction     | 0           |
|    ep_len_mean                    | 972         |
|    ep_rew_mean                    | 661         |
|    episodes_noforce               | 132         |
|    force_direction_mean           | -1          |
|    force_onset_mean               | 1.41        |
|    force_requested_impulse_mean   | 0           |
|    is_fall_mean                   | 0.0909      |
|    is_timeout_mean                | 0.909       |
|    recovery_noforce               | 0.909       |
|    timeout_without_onset_fraction | 0           |
|    timeouts                       | 120         |
| time/                             |             |
|    fps                            | 7527        |
|    iterations                     | 61          |
|    time_elapsed                   | 1062        |
|    total_timesteps                | 7995392     |
| train/                            |             |
|    action_std_00                  | 0.0561      |
|    action_std_01                  | 0.0561      |
|    action_std_02                  | 0.0563      |
|    action_std_03                  | 0.0563      |
|    action_std_04                  | 0.0564      |
|    action_std_05                  | 0.0563      |
|    action_std_06                  | 0.0563      |
|    action_std_07                  | 0.0564      |
|    action_std_08                  | 0.0564      |
|    action_std_09                  | 0.0564      |
|    action_std_10                  | 0.0561      |
|    action_std_11                  | 0.0566      |
|    action_std_12                  | 0.0566      |
|    action_std_13                  | 0.0563      |
|    action_std_14                  | 0.0565      |
|    action_std_15                  | 0.0558      |
|    action_std_16                  | 0.0558      |
|    action_std_17                  | 0.0561      |
|    action_std_18                  | 0.0564      |
|    action_std_19                  | 0.0564      |
|    action_std_20                  | 0.0561      |
|    action_std_21                  | 0.0563      |
|    action_std_22                  | 0.0561      |
|    action_std_23                  | 0.0559      |
|    action_std_24                  | 0.0564      |
|    approx_kl                      | 0.002503029 |
|    clip_fraction                  | 0.127       |
|    clip_range                     | 0.1         |
|    clip_range_vf                  | 0.2         |
|    entropy_loss                   | 36.5        |
|    explained_variance             | 0.874       |
|    learning_rate                  | 1e-05       |
|    loss                           | 0.528       |
|    n_updates                      | 600         |
|    policy_gradient_loss           | -0.00332    |
|    std                            | 0.0563      |
|    std_max                        | 0.0566      |
|    std_min                        | 0.0558      |
|    value_loss                     | 0.161       |
---------------------------------------------------
INFO:root:VecNormalize statistics saved at: ./data/v1_ours/quadruped_ppo_model_ckpt_8000512_vecnormalize.pkl
INFO:root:Model saved at: ./data/v1_ours/quadruped_ppo_model_ckpt_8000512.zip
INFO:root:Checkpoint written at 8000512 timesteps
---------------------------------------------------
| rollout/                          |             |
|    action_saturation_fraction     | 0           |
|    ep_len_mean                    | 983         |
|    ep_rew_mean                    | 666         |
|    episodes_noforce               | 133         |
|    force_direction_mean           | -1          |
|    force_onset_mean               | 1.39        |
|    force_requested_impulse_mean   | 0           |
|    is_fall_mean                   | 0.0451      |
|    is_timeout_mean                | 0.955       |
|    recovery_noforce               | 0.955       |
|    timeout_without_onset_fraction | 0           |
|    timeouts                       | 127         |
| time/                             |             |
|    fps                            | 7525        |
|    iterations                     | 62          |
|    time_elapsed                   | 1079        |
|    total_timesteps                | 8126464     |
| train/                            |             |
|    action_std_00                  | 0.0563      |
|    action_std_01                  | 0.0562      |
|    action_std_02                  | 0.0564      |
|    action_std_03                  | 0.0565      |
|    action_std_04                  | 0.0564      |
|    action_std_05                  | 0.0564      |
|    action_std_06                  | 0.0564      |
|    action_std_07                  | 0.0565      |
|    action_std_08                  | 0.0565      |
|    action_std_09                  | 0.0566      |
|    action_std_10                  | 0.0563      |
|    action_std_11                  | 0.0568      |
|    action_std_12                  | 0.0567      |
|    action_std_13                  | 0.0564      |
|    action_std_14                  | 0.0566      |
|    action_std_15                  | 0.056       |
|    action_std_16                  | 0.0559      |
|    action_std_17                  | 0.0563      |
|    action_std_18                  | 0.0565      |
|    action_std_19                  | 0.0565      |
|    action_std_20                  | 0.0563      |
|    action_std_21                  | 0.0564      |
|    action_std_22                  | 0.0562      |
|    action_std_23                  | 0.0561      |
|    action_std_24                  | 0.0565      |
|    approx_kl                      | 0.002340959 |
|    clip_fraction                  | 0.121       |
|    clip_range                     | 0.1         |
|    clip_range_vf                  | 0.2         |
|    entropy_loss                   | 36.4        |
|    explained_variance             | 0.846       |
|    learning_rate                  | 1e-05       |
|    loss                           | 0.519       |
|    n_updates                      | 610         |
|    policy_gradient_loss           | -0.00323    |
|    std                            | 0.0564      |
|    std_max                        | 0.0568      |
|    std_min                        | 0.0559      |
|    value_loss                     | 0.108       |
---------------------------------------------------
[QuadrupedWBCEnv] Reset state env_id=0 z=0.320475 rpy=[-0.0153975, 0.0224716, -0.0184673]
----------------------------------------------------
| rollout/                          |              |
|    action_saturation_fraction     | 0            |
|    ep_len_mean                    | 972          |
|    ep_rew_mean                    | 661          |
|    episodes_noforce               | 135          |
|    force_direction_mean           | -1           |
|    force_onset_mean               | 1.4          |
|    force_requested_impulse_mean   | 0            |
|    is_fall_mean                   | 0.0741       |
|    is_timeout_mean                | 0.926        |
|    recovery_noforce               | 0.926        |
|    timeout_without_onset_fraction | 0            |
|    timeouts                       | 125          |
| time/                             |              |
|    fps                            | 7522         |
|    iterations                     | 63           |
|    time_elapsed                   | 1097         |
|    total_timesteps                | 8257536      |
| train/                            |              |
|    action_std_00                  | 0.0564       |
|    action_std_01                  | 0.0564       |
|    action_std_02                  | 0.0565       |
|    action_std_03                  | 0.0567       |
|    action_std_04                  | 0.0565       |
|    action_std_05                  | 0.0565       |
|    action_std_06                  | 0.0564       |
|    action_std_07                  | 0.0566       |
|    action_std_08                  | 0.0567       |
|    action_std_09                  | 0.0567       |
|    action_std_10                  | 0.0565       |
|    action_std_11                  | 0.0569       |
|    action_std_12                  | 0.0568       |
|    action_std_13                  | 0.0565       |
|    action_std_14                  | 0.0567       |
|    action_std_15                  | 0.0561       |
|    action_std_16                  | 0.056        |
|    action_std_17                  | 0.0563       |
|    action_std_18                  | 0.0566       |
|    action_std_19                  | 0.0566       |
|    action_std_20                  | 0.0564       |
|    action_std_21                  | 0.0565       |
|    action_std_22                  | 0.0563       |
|    action_std_23                  | 0.0562       |
|    action_std_24                  | 0.0566       |
|    approx_kl                      | 0.0023235579 |
|    clip_fraction                  | 0.12         |
|    clip_range                     | 0.1          |
|    clip_range_vf                  | 0.2          |
|    entropy_loss                   | 36.4         |
|    explained_variance             | 0.838        |
|    learning_rate                  | 1e-05        |
|    loss                           | 0.463        |
|    n_updates                      | 620          |
|    policy_gradient_loss           | -0.00328     |
|    std                            | 0.0565       |
|    std_max                        | 0.0569       |
|    std_min                        | 0.056        |
|    value_loss                     | 0.106        |
----------------------------------------------------
--------------------------------------------------
| rollout/                          |            |
|    action_saturation_fraction     | 0          |
|    ep_len_mean                    | 944        |
|    ep_rew_mean                    | 638        |
|    episodes_noforce               | 150        |
|    force_direction_mean           | -1         |
|    force_onset_mean               | 1.4        |
|    force_requested_impulse_mean   | 0          |
|    is_fall_mean                   | 0.147      |
|    is_timeout_mean                | 0.853      |
|    recovery_noforce               | 0.853      |
|    timeout_without_onset_fraction | 0          |
|    timeouts                       | 128        |
| time/                             |            |
|    fps                            | 7520       |
|    iterations                     | 64         |
|    time_elapsed                   | 1115       |
|    total_timesteps                | 8388608    |
| train/                            |            |
|    action_std_00                  | 0.0566     |
|    action_std_01                  | 0.0566     |
|    action_std_02                  | 0.0566     |
|    action_std_03                  | 0.0568     |
|    action_std_04                  | 0.0567     |
|    action_std_05                  | 0.0566     |
|    action_std_06                  | 0.0566     |
|    action_std_07                  | 0.0567     |
|    action_std_08                  | 0.0567     |
|    action_std_09                  | 0.0569     |
|    action_std_10                  | 0.0566     |
|    action_std_11                  | 0.0571     |
|    action_std_12                  | 0.057      |
|    action_std_13                  | 0.0566     |
|    action_std_14                  | 0.0568     |
|    action_std_15                  | 0.0562     |
|    action_std_16                  | 0.0561     |
|    action_std_17                  | 0.0565     |
|    action_std_18                  | 0.0568     |
|    action_std_19                  | 0.0568     |
|    action_std_20                  | 0.0565     |
|    action_std_21                  | 0.0566     |
|    action_std_22                  | 0.0564     |
|    action_std_23                  | 0.0563     |
|    action_std_24                  | 0.0568     |
|    approx_kl                      | 0.00240188 |
|    clip_fraction                  | 0.122      |
|    clip_range                     | 0.1        |
|    clip_range_vf                  | 0.2        |
|    entropy_loss                   | 36.3       |
|    explained_variance             | 0.874      |
|    learning_rate                  | 1e-05      |
|    loss                           | 0.448      |
|    n_updates                      | 630        |
|    policy_gradient_loss           | -0.00324   |
|    std                            | 0.0566     |
|    std_max                        | 0.0571     |
|    std_min                        | 0.0561     |
|    value_loss                     | 0.124      |
--------------------------------------------------
[QuadrupedWBCEnv] Reset state env_id=0 z=0.31279 rpy=[-0.0154796, 0.0232267, -0.0186366]
----------------------------------------------------
| rollout/                          |              |
|    action_saturation_fraction     | 0            |
|    ep_len_mean                    | 931          |
|    ep_rew_mean                    | 630          |
|    episodes_noforce               | 129          |
|    force_direction_mean           | -1           |
|    force_onset_mean               | 1.38         |
|    force_requested_impulse_mean   | 0            |
|    is_fall_mean                   | 0.171        |
|    is_timeout_mean                | 0.829        |
|    recovery_noforce               | 0.829        |
|    timeout_without_onset_fraction | 0            |
|    timeouts                       | 107          |
| time/                             |              |
|    fps                            | 7519         |
|    iterations                     | 65           |
|    time_elapsed                   | 1133         |
|    total_timesteps                | 8519680      |
| train/                            |              |
|    action_std_00                  | 0.0567       |
|    action_std_01                  | 0.0567       |
|    action_std_02                  | 0.0568       |
|    action_std_03                  | 0.0569       |
|    action_std_04                  | 0.0569       |
|    action_std_05                  | 0.0568       |
|    action_std_06                  | 0.0567       |
|    action_std_07                  | 0.0567       |
|    action_std_08                  | 0.0568       |
|    action_std_09                  | 0.0571       |
|    action_std_10                  | 0.0567       |
|    action_std_11                  | 0.0571       |
|    action_std_12                  | 0.0571       |
|    action_std_13                  | 0.0567       |
|    action_std_14                  | 0.0569       |
|    action_std_15                  | 0.0564       |
|    action_std_16                  | 0.0563       |
|    action_std_17                  | 0.0566       |
|    action_std_18                  | 0.0568       |
|    action_std_19                  | 0.0569       |
|    action_std_20                  | 0.0566       |
|    action_std_21                  | 0.0567       |
|    action_std_22                  | 0.0565       |
|    action_std_23                  | 0.0564       |
|    action_std_24                  | 0.0569       |
|    approx_kl                      | 0.0024178682 |
|    clip_fraction                  | 0.124        |
|    clip_range                     | 0.1          |
|    clip_range_vf                  | 0.2          |
|    entropy_loss                   | 36.3         |
|    explained_variance             | 0.877        |
|    learning_rate                  | 1e-05        |
|    loss                           | 0.543        |
|    n_updates                      | 640          |
|    policy_gradient_loss           | -0.00364     |
|    std                            | 0.0567       |
|    std_max                        | 0.0571       |
|    std_min                        | 0.0563       |
|    value_loss                     | 0.19         |
----------------------------------------------------
----------------------------------------------------
| rollout/                          |              |
|    action_saturation_fraction     | 0            |
|    ep_len_mean                    | 968          |
|    ep_rew_mean                    | 658          |
|    episodes_noforce               | 146          |
|    force_direction_mean           | -1           |
|    force_onset_mean               | 1.41         |
|    force_requested_impulse_mean   | 0            |
|    is_fall_mean                   | 0.0616       |
|    is_timeout_mean                | 0.938        |
|    recovery_noforce               | 0.938        |
|    timeout_without_onset_fraction | 0            |
|    timeouts                       | 137          |
| time/                             |              |
|    fps                            | 7518         |
|    iterations                     | 66           |
|    time_elapsed                   | 1150         |
|    total_timesteps                | 8650752      |
| train/                            |              |
|    action_std_00                  | 0.0568       |
|    action_std_01                  | 0.0569       |
|    action_std_02                  | 0.057        |
|    action_std_03                  | 0.057        |
|    action_std_04                  | 0.057        |
|    action_std_05                  | 0.0569       |
|    action_std_06                  | 0.0568       |
|    action_std_07                  | 0.0569       |
|    action_std_08                  | 0.0569       |
|    action_std_09                  | 0.0572       |
|    action_std_10                  | 0.0569       |
|    action_std_11                  | 0.0572       |
|    action_std_12                  | 0.0572       |
|    action_std_13                  | 0.0568       |
|    action_std_14                  | 0.057        |
|    action_std_15                  | 0.0565       |
|    action_std_16                  | 0.0564       |
|    action_std_17                  | 0.0567       |
|    action_std_18                  | 0.0569       |
|    action_std_19                  | 0.057        |
|    action_std_20                  | 0.0568       |
|    action_std_21                  | 0.0569       |
|    action_std_22                  | 0.0567       |
|    action_std_23                  | 0.0565       |
|    action_std_24                  | 0.0571       |
|    approx_kl                      | 0.0025054822 |
|    clip_fraction                  | 0.13         |
|    clip_range                     | 0.1          |
|    clip_range_vf                  | 0.2          |
|    entropy_loss                   | 36.2         |
|    explained_variance             | 0.867        |
|    learning_rate                  | 1e-05        |
|    loss                           | 0.517        |
|    n_updates                      | 650          |
|    policy_gradient_loss           | -0.00352     |
|    std                            | 0.0569       |
|    std_max                        | 0.0572       |
|    std_min                        | 0.0564       |
|    value_loss                     | 0.192        |
----------------------------------------------------
[QuadrupedWBCEnv] Reset state env_id=0 z=0.318376 rpy=[-0.012642, 0.0219698, -0.0187767]
----------------------------------------------------
| rollout/                          |              |
|    action_saturation_fraction     | 0            |
|    ep_len_mean                    | 944          |
|    ep_rew_mean                    | 639          |
|    episodes_noforce               | 132          |
|    force_direction_mean           | -1           |
|    force_onset_mean               | 1.38         |
|    force_requested_impulse_mean   | 0            |
|    is_fall_mean                   | 0.121        |
|    is_timeout_mean                | 0.879        |
|    recovery_noforce               | 0.879        |
|    timeout_without_onset_fraction | 0            |
|    timeouts                       | 116          |
| time/                             |              |
|    fps                            | 7515         |
|    iterations                     | 67           |
|    time_elapsed                   | 1168         |
|    total_timesteps                | 8781824      |
| train/                            |              |
|    action_std_00                  | 0.057        |
|    action_std_01                  | 0.0571       |
|    action_std_02                  | 0.0571       |
|    action_std_03                  | 0.0571       |
|    action_std_04                  | 0.0571       |
|    action_std_05                  | 0.0571       |
|    action_std_06                  | 0.057        |
|    action_std_07                  | 0.057        |
|    action_std_08                  | 0.0569       |
|    action_std_09                  | 0.0573       |
|    action_std_10                  | 0.057        |
|    action_std_11                  | 0.0574       |
|    action_std_12                  | 0.0573       |
|    action_std_13                  | 0.057        |
|    action_std_14                  | 0.0571       |
|    action_std_15                  | 0.0567       |
|    action_std_16                  | 0.0564       |
|    action_std_17                  | 0.0568       |
|    action_std_18                  | 0.057        |
|    action_std_19                  | 0.0571       |
|    action_std_20                  | 0.0568       |
|    action_std_21                  | 0.0571       |
|    action_std_22                  | 0.0568       |
|    action_std_23                  | 0.0565       |
|    action_std_24                  | 0.0572       |
|    approx_kl                      | 0.0023993994 |
|    clip_fraction                  | 0.125        |
|    clip_range                     | 0.1          |
|    clip_range_vf                  | 0.2          |
|    entropy_loss                   | 36.2         |
|    explained_variance             | 0.831        |
|    learning_rate                  | 1e-05        |
|    loss                           | 0.527        |
|    n_updates                      | 660          |
|    policy_gradient_loss           | -0.00303     |
|    std                            | 0.057        |
|    std_max                        | 0.0574       |
|    std_min                        | 0.0564       |
|    value_loss                     | 0.132        |
----------------------------------------------------
[QuadrupedWBCEnv] unhealthy terminate at step=551 z=0.192347 rpy=[-2.97857, -0.617435, 0.579934] v_body=[0.068377, -0.016356, 0.748102]
[QuadrupedWBCEnv] Reset state env_id=0 z=0.317728 rpy=[-0.0115155, 0.0220165, -0.0186395]
----------------------------------------------------
| rollout/                          |              |
|    action_saturation_fraction     | 0            |
|    ep_len_mean                    | 940          |
|    ep_rew_mean                    | 635          |
|    episodes_noforce               | 147          |
|    force_direction_mean           | -1           |
|    force_onset_mean               | 1.4          |
|    force_requested_impulse_mean   | 0            |
|    is_fall_mean                   | 0.143        |
|    is_timeout_mean                | 0.857        |
|    recovery_noforce               | 0.857        |
|    timeout_without_onset_fraction | 0            |
|    timeouts                       | 126          |
| time/                             |              |
|    fps                            | 7514         |
|    iterations                     | 68           |
|    time_elapsed                   | 1186         |
|    total_timesteps                | 8912896      |
| train/                            |              |
|    action_std_00                  | 0.0572       |
|    action_std_01                  | 0.0572       |
|    action_std_02                  | 0.0571       |
|    action_std_03                  | 0.0572       |
|    action_std_04                  | 0.0572       |
|    action_std_05                  | 0.0572       |
|    action_std_06                  | 0.057        |
|    action_std_07                  | 0.0572       |
|    action_std_08                  | 0.0571       |
|    action_std_09                  | 0.0574       |
|    action_std_10                  | 0.0571       |
|    action_std_11                  | 0.0575       |
|    action_std_12                  | 0.0575       |
|    action_std_13                  | 0.0572       |
|    action_std_14                  | 0.0572       |
|    action_std_15                  | 0.0567       |
|    action_std_16                  | 0.0565       |
|    action_std_17                  | 0.057        |
|    action_std_18                  | 0.0572       |
|    action_std_19                  | 0.0572       |
|    action_std_20                  | 0.0569       |
|    action_std_21                  | 0.0572       |
|    action_std_22                  | 0.0569       |
|    action_std_23                  | 0.0566       |
|    action_std_24                  | 0.0573       |
|    approx_kl                      | 0.0024903321 |
|    clip_fraction                  | 0.122        |
|    clip_range                     | 0.1          |
|    clip_range_vf                  | 0.2          |
|    entropy_loss                   | 36.1         |
|    explained_variance             | 0.889        |
|    learning_rate                  | 1e-05        |
|    loss                           | 0.494        |
|    n_updates                      | 670          |
|    policy_gradient_loss           | -0.00322     |
|    std                            | 0.0571       |
|    std_max                        | 0.0575       |
|    std_min                        | 0.0565       |
|    value_loss                     | 0.132        |
----------------------------------------------------
----------------------------------------------------
| rollout/                          |              |
|    action_saturation_fraction     | 0            |
|    ep_len_mean                    | 972          |
|    ep_rew_mean                    | 661          |
|    episodes_noforce               | 128          |
|    force_direction_mean           | -1           |
|    force_onset_mean               | 1.41         |
|    force_requested_impulse_mean   | 0            |
|    is_fall_mean                   | 0.0938       |
|    is_timeout_mean                | 0.906        |
|    recovery_noforce               | 0.906        |
|    timeout_without_onset_fraction | 0            |
|    timeouts                       | 116          |
| time/                             |              |
|    fps                            | 7512         |
|    iterations                     | 69           |
|    time_elapsed                   | 1203         |
|    total_timesteps                | 9043968      |
| train/                            |              |
|    action_std_00                  | 0.0572       |
|    action_std_01                  | 0.0574       |
|    action_std_02                  | 0.0572       |
|    action_std_03                  | 0.0574       |
|    action_std_04                  | 0.0573       |
|    action_std_05                  | 0.0573       |
|    action_std_06                  | 0.0572       |
|    action_std_07                  | 0.0574       |
|    action_std_08                  | 0.0573       |
|    action_std_09                  | 0.0575       |
|    action_std_10                  | 0.0573       |
|    action_std_11                  | 0.0577       |
|    action_std_12                  | 0.0576       |
|    action_std_13                  | 0.0574       |
|    action_std_14                  | 0.0574       |
|    action_std_15                  | 0.0569       |
|    action_std_16                  | 0.0566       |
|    action_std_17                  | 0.0571       |
|    action_std_18                  | 0.0573       |
|    action_std_19                  | 0.0574       |
|    action_std_20                  | 0.0571       |
|    action_std_21                  | 0.0574       |
|    action_std_22                  | 0.0571       |
|    action_std_23                  | 0.0567       |
|    action_std_24                  | 0.0574       |
|    approx_kl                      | 0.0026473315 |
|    clip_fraction                  | 0.137        |
|    clip_range                     | 0.1          |
|    clip_range_vf                  | 0.2          |
|    entropy_loss                   | 36.1         |
|    explained_variance             | 0.9          |
|    learning_rate                  | 1e-05        |
|    loss                           | 0.504        |
|    n_updates                      | 680          |
|    policy_gradient_loss           | -0.00403     |
|    std                            | 0.0573       |
|    std_max                        | 0.0577       |
|    std_min                        | 0.0566       |
|    value_loss                     | 0.17         |
----------------------------------------------------
[QuadrupedWBCEnv] Reset state env_id=0 z=0.285315 rpy=[-0.0141324, 0.0248338, -0.0182925]
----------------------------------------------------
| rollout/                          |              |
|    action_saturation_fraction     | 0            |
|    ep_len_mean                    | 956          |
|    ep_rew_mean                    | 648          |
|    episodes_noforce               | 147          |
|    force_direction_mean           | -1           |
|    force_onset_mean               | 1.41         |
|    force_requested_impulse_mean   | 0            |
|    is_fall_mean                   | 0.116        |
|    is_timeout_mean                | 0.884        |
|    recovery_noforce               | 0.884        |
|    timeout_without_onset_fraction | 0            |
|    timeouts                       | 130          |
| time/                             |              |
|    fps                            | 7506         |
|    iterations                     | 70           |
|    time_elapsed                   | 1222         |
|    total_timesteps                | 9175040      |
| train/                            |              |
|    action_std_00                  | 0.0573       |
|    action_std_01                  | 0.0575       |
|    action_std_02                  | 0.0573       |
|    action_std_03                  | 0.0576       |
|    action_std_04                  | 0.0574       |
|    action_std_05                  | 0.0575       |
|    action_std_06                  | 0.0573       |
|    action_std_07                  | 0.0575       |
|    action_std_08                  | 0.0574       |
|    action_std_09                  | 0.0576       |
|    action_std_10                  | 0.0574       |
|    action_std_11                  | 0.0579       |
|    action_std_12                  | 0.0577       |
|    action_std_13                  | 0.0575       |
|    action_std_14                  | 0.0575       |
|    action_std_15                  | 0.057        |
|    action_std_16                  | 0.0566       |
|    action_std_17                  | 0.0572       |
|    action_std_18                  | 0.0574       |
|    action_std_19                  | 0.0575       |
|    action_std_20                  | 0.0572       |
|    action_std_21                  | 0.0575       |
|    action_std_22                  | 0.0572       |
|    action_std_23                  | 0.0569       |
|    action_std_24                  | 0.0576       |
|    approx_kl                      | 0.0024345703 |
|    clip_fraction                  | 0.127        |
|    clip_range                     | 0.1          |
|    clip_range_vf                  | 0.2          |
|    entropy_loss                   | 36           |
|    explained_variance             | 0.841        |
|    learning_rate                  | 1e-05        |
|    loss                           | 0.498        |
|    n_updates                      | 690          |
|    policy_gradient_loss           | -0.00333     |
|    std                            | 0.0574       |
|    std_max                        | 0.0579       |
|    std_min                        | 0.0566       |
|    value_loss                     | 0.134        |
----------------------------------------------------
---------------------------------------------------
| rollout/                          |             |
|    action_saturation_fraction     | 0           |
|    ep_len_mean                    | 958         |
|    ep_rew_mean                    | 649         |
|    episodes_noforce               | 120         |
|    force_direction_mean           | -1          |
|    force_onset_mean               | 1.41        |
|    force_requested_impulse_mean   | 0           |
|    is_fall_mean                   | 0.1         |
|    is_timeout_mean                | 0.9         |
|    recovery_noforce               | 0.9         |
|    timeout_without_onset_fraction | 0           |
|    timeouts                       | 108         |
| time/                             |             |
|    fps                            | 7503        |
|    iterations                     | 71          |
|    time_elapsed                   | 1240        |
|    total_timesteps                | 9306112     |
| train/                            |             |
|    action_std_00                  | 0.0575      |
|    action_std_01                  | 0.0576      |
|    action_std_02                  | 0.0575      |
|    action_std_03                  | 0.0577      |
|    action_std_04                  | 0.0576      |
|    action_std_05                  | 0.0577      |
|    action_std_06                  | 0.0574      |
|    action_std_07                  | 0.0576      |
|    action_std_08                  | 0.0575      |
|    action_std_09                  | 0.0578      |
|    action_std_10                  | 0.0575      |
|    action_std_11                  | 0.058       |
|    action_std_12                  | 0.0579      |
|    action_std_13                  | 0.0577      |
|    action_std_14                  | 0.0577      |
|    action_std_15                  | 0.0571      |
|    action_std_16                  | 0.0568      |
|    action_std_17                  | 0.0573      |
|    action_std_18                  | 0.0575      |
|    action_std_19                  | 0.0577      |
|    action_std_20                  | 0.0573      |
|    action_std_21                  | 0.0577      |
|    action_std_22                  | 0.0573      |
|    action_std_23                  | 0.0571      |
|    action_std_24                  | 0.0577      |
|    approx_kl                      | 0.002614987 |
|    clip_fraction                  | 0.132       |
|    clip_range                     | 0.1         |
|    clip_range_vf                  | 0.2         |
|    entropy_loss                   | 35.9        |
|    explained_variance             | 0.878       |
|    learning_rate                  | 1e-05       |
|    loss                           | 0.557       |
|    n_updates                      | 700         |
|    policy_gradient_loss           | -0.00391    |
|    std                            | 0.0575      |
|    std_max                        | 0.058       |
|    std_min                        | 0.0568      |
|    value_loss                     | 0.173       |
---------------------------------------------------
[QuadrupedWBCEnv] Reset state env_id=0 z=0.277719 rpy=[-0.0127954, 0.0240207, -0.0184291]
----------------------------------------------------
| rollout/                          |              |
|    action_saturation_fraction     | 0            |
|    ep_len_mean                    | 973          |
|    ep_rew_mean                    | 660          |
|    episodes_noforce               | 147          |
|    force_direction_mean           | -1           |
|    force_onset_mean               | 1.38         |
|    force_requested_impulse_mean   | 0            |
|    is_fall_mean                   | 0.0748       |
|    is_timeout_mean                | 0.925        |
|    recovery_noforce               | 0.925        |
|    timeout_without_onset_fraction | 0            |
|    timeouts                       | 136          |
| time/                             |              |
|    fps                            | 7499         |
|    iterations                     | 72           |
|    time_elapsed                   | 1258         |
|    total_timesteps                | 9437184      |
| train/                            |              |
|    action_std_00                  | 0.0576       |
|    action_std_01                  | 0.0578       |
|    action_std_02                  | 0.0576       |
|    action_std_03                  | 0.0579       |
|    action_std_04                  | 0.0577       |
|    action_std_05                  | 0.0578       |
|    action_std_06                  | 0.0576       |
|    action_std_07                  | 0.0577       |
|    action_std_08                  | 0.0577       |
|    action_std_09                  | 0.0579       |
|    action_std_10                  | 0.0576       |
|    action_std_11                  | 0.0582       |
|    action_std_12                  | 0.058        |
|    action_std_13                  | 0.0579       |
|    action_std_14                  | 0.0577       |
|    action_std_15                  | 0.0573       |
|    action_std_16                  | 0.057        |
|    action_std_17                  | 0.0573       |
|    action_std_18                  | 0.0576       |
|    action_std_19                  | 0.0579       |
|    action_std_20                  | 0.0574       |
|    action_std_21                  | 0.0579       |
|    action_std_22                  | 0.0574       |
|    action_std_23                  | 0.0572       |
|    action_std_24                  | 0.0578       |
|    approx_kl                      | 0.0023604454 |
|    clip_fraction                  | 0.121        |
|    clip_range                     | 0.1          |
|    clip_range_vf                  | 0.2          |
|    entropy_loss                   | 35.9         |
|    explained_variance             | 0.873        |
|    learning_rate                  | 1e-05        |
|    loss                           | 0.473        |
|    n_updates                      | 710          |
|    policy_gradient_loss           | -0.00313     |
|    std                            | 0.0577       |
|    std_max                        | 0.0582       |
|    std_min                        | 0.057        |
|    value_loss                     | 0.128        |
----------------------------------------------------
----------------------------------------------------
| rollout/                          |              |
|    action_saturation_fraction     | 0            |
|    ep_len_mean                    | 948          |
|    ep_rew_mean                    | 639          |
|    episodes_noforce               | 130          |
|    force_direction_mean           | -1           |
|    force_onset_mean               | 1.39         |
|    force_requested_impulse_mean   | 0            |
|    is_fall_mean                   | 0.123        |
|    is_timeout_mean                | 0.877        |
|    recovery_noforce               | 0.877        |
|    timeout_without_onset_fraction | 0            |
|    timeouts                       | 114          |
| time/                             |              |
|    fps                            | 7494         |
|    iterations                     | 73           |
|    time_elapsed                   | 1276         |
|    total_timesteps                | 9568256      |
| train/                            |              |
|    action_std_00                  | 0.0577       |
|    action_std_01                  | 0.0579       |
|    action_std_02                  | 0.0578       |
|    action_std_03                  | 0.058        |
|    action_std_04                  | 0.0578       |
|    action_std_05                  | 0.058        |
|    action_std_06                  | 0.0577       |
|    action_std_07                  | 0.0579       |
|    action_std_08                  | 0.0578       |
|    action_std_09                  | 0.058        |
|    action_std_10                  | 0.0577       |
|    action_std_11                  | 0.0583       |
|    action_std_12                  | 0.0582       |
|    action_std_13                  | 0.058        |
|    action_std_14                  | 0.0579       |
|    action_std_15                  | 0.0574       |
|    action_std_16                  | 0.0571       |
|    action_std_17                  | 0.0575       |
|    action_std_18                  | 0.0577       |
|    action_std_19                  | 0.0581       |
|    action_std_20                  | 0.0575       |
|    action_std_21                  | 0.058        |
|    action_std_22                  | 0.0575       |
|    action_std_23                  | 0.0574       |
|    action_std_24                  | 0.0579       |
|    approx_kl                      | 0.0025282605 |
|    clip_fraction                  | 0.132        |
|    clip_range                     | 0.1          |
|    clip_range_vf                  | 0.2          |
|    entropy_loss                   | 35.8         |
|    explained_variance             | 0.841        |
|    learning_rate                  | 1e-05        |
|    loss                           | 0.564        |
|    n_updates                      | 720          |
|    policy_gradient_loss           | -0.00339     |
|    std                            | 0.0578       |
|    std_max                        | 0.0583       |
|    std_min                        | 0.0571       |
|    value_loss                     | 0.153        |
----------------------------------------------------
[QuadrupedWBCEnv] Reset state env_id=0 z=0.300251 rpy=[-0.0114026, 0.0237126, -0.018839]
----------------------------------------------------
| rollout/                          |              |
|    action_saturation_fraction     | 0            |
|    ep_len_mean                    | 951          |
|    ep_rew_mean                    | 645          |
|    episodes_noforce               | 145          |
|    force_direction_mean           | -1           |
|    force_onset_mean               | 1.4          |
|    force_requested_impulse_mean   | 0            |
|    is_fall_mean                   | 0.131        |
|    is_timeout_mean                | 0.869        |
|    recovery_noforce               | 0.869        |
|    timeout_without_onset_fraction | 0            |
|    timeouts                       | 126          |
| time/                             |              |
|    fps                            | 7488         |
|    iterations                     | 74           |
|    time_elapsed                   | 1295         |
|    total_timesteps                | 9699328      |
| train/                            |              |
|    action_std_00                  | 0.0578       |
|    action_std_01                  | 0.0581       |
|    action_std_02                  | 0.0579       |
|    action_std_03                  | 0.0581       |
|    action_std_04                  | 0.0579       |
|    action_std_05                  | 0.0582       |
|    action_std_06                  | 0.0579       |
|    action_std_07                  | 0.058        |
|    action_std_08                  | 0.058        |
|    action_std_09                  | 0.0581       |
|    action_std_10                  | 0.0578       |
|    action_std_11                  | 0.0585       |
|    action_std_12                  | 0.0584       |
|    action_std_13                  | 0.0583       |
|    action_std_14                  | 0.0581       |
|    action_std_15                  | 0.0577       |
|    action_std_16                  | 0.0572       |
|    action_std_17                  | 0.0577       |
|    action_std_18                  | 0.0578       |
|    action_std_19                  | 0.0582       |
|    action_std_20                  | 0.0577       |
|    action_std_21                  | 0.0582       |
|    action_std_22                  | 0.0576       |
|    action_std_23                  | 0.0574       |
|    action_std_24                  | 0.0581       |
|    approx_kl                      | 0.0024689438 |
|    clip_fraction                  | 0.123        |
|    clip_range                     | 0.1          |
|    clip_range_vf                  | 0.2          |
|    entropy_loss                   | 35.8         |
|    explained_variance             | 0.899        |
|    learning_rate                  | 1e-05        |
|    loss                           | 0.512        |
|    n_updates                      | 730          |
|    policy_gradient_loss           | -0.0034      |
|    std                            | 0.0579       |
|    std_max                        | 0.0585       |
|    std_min                        | 0.0572       |
|    value_loss                     | 0.14         |
----------------------------------------------------
----------------------------------------------------
| rollout/                          |              |
|    action_saturation_fraction     | 0            |
|    ep_len_mean                    | 956          |
|    ep_rew_mean                    | 648          |
|    episodes_noforce               | 130          |
|    force_direction_mean           | -1           |
|    force_onset_mean               | 1.39         |
|    force_requested_impulse_mean   | 0            |
|    is_fall_mean                   | 0.115        |
|    is_timeout_mean                | 0.885        |
|    recovery_noforce               | 0.885        |
|    timeout_without_onset_fraction | 0            |
|    timeouts                       | 115          |
| time/                             |              |
|    fps                            | 7485         |
|    iterations                     | 75           |
|    time_elapsed                   | 1313         |
|    total_timesteps                | 9830400      |
| train/                            |              |
|    action_std_00                  | 0.0579       |
|    action_std_01                  | 0.0582       |
|    action_std_02                  | 0.058        |
|    action_std_03                  | 0.0583       |
|    action_std_04                  | 0.0581       |
|    action_std_05                  | 0.0584       |
|    action_std_06                  | 0.0579       |
|    action_std_07                  | 0.0582       |
|    action_std_08                  | 0.058        |
|    action_std_09                  | 0.0583       |
|    action_std_10                  | 0.0579       |
|    action_std_11                  | 0.0585       |
|    action_std_12                  | 0.0585       |
|    action_std_13                  | 0.0584       |
|    action_std_14                  | 0.0582       |
|    action_std_15                  | 0.0578       |
|    action_std_16                  | 0.0574       |
|    action_std_17                  | 0.0578       |
|    action_std_18                  | 0.058        |
|    action_std_19                  | 0.0583       |
|    action_std_20                  | 0.0578       |
|    action_std_21                  | 0.0583       |
|    action_std_22                  | 0.0577       |
|    action_std_23                  | 0.0576       |
|    action_std_24                  | 0.0582       |
|    approx_kl                      | 0.0025549126 |
|    clip_fraction                  | 0.129        |
|    clip_range                     | 0.1          |
|    clip_range_vf                  | 0.2          |
|    entropy_loss                   | 35.7         |
|    explained_variance             | 0.876        |
|    learning_rate                  | 1e-05        |
|    loss                           | 0.518        |
|    n_updates                      | 740          |
|    policy_gradient_loss           | -0.00375     |
|    std                            | 0.0581       |
|    std_max                        | 0.0585       |
|    std_min                        | 0.0574       |
|    value_loss                     | 0.179        |
----------------------------------------------------
[QuadrupedWBCEnv] Reset state env_id=0 z=0.279047 rpy=[-0.0117194, 0.0237137, -0.018155]
---------------------------------------------------
| rollout/                          |             |
|    action_saturation_fraction     | 0           |
|    ep_len_mean                    | 966         |
|    ep_rew_mean                    | 656         |
|    episodes_noforce               | 140         |
|    force_direction_mean           | -1          |
|    force_onset_mean               | 1.39        |
|    force_requested_impulse_mean   | 0           |
|    is_fall_mean                   | 0.0929      |
|    is_timeout_mean                | 0.907       |
|    recovery_noforce               | 0.907       |
|    timeout_without_onset_fraction | 0           |
|    timeouts                       | 127         |
| time/                             |             |
|    fps                            | 7482        |
|    iterations                     | 76          |
|    time_elapsed                   | 1331        |
|    total_timesteps                | 9961472     |
| train/                            |             |
|    action_std_00                  | 0.058       |
|    action_std_01                  | 0.0584      |
|    action_std_02                  | 0.058       |
|    action_std_03                  | 0.0584      |
|    action_std_04                  | 0.0582      |
|    action_std_05                  | 0.0585      |
|    action_std_06                  | 0.058       |
|    action_std_07                  | 0.0584      |
|    action_std_08                  | 0.0582      |
|    action_std_09                  | 0.0585      |
|    action_std_10                  | 0.0581      |
|    action_std_11                  | 0.0587      |
|    action_std_12                  | 0.0586      |
|    action_std_13                  | 0.0585      |
|    action_std_14                  | 0.0584      |
|    action_std_15                  | 0.0579      |
|    action_std_16                  | 0.0575      |
|    action_std_17                  | 0.0579      |
|    action_std_18                  | 0.0581      |
|    action_std_19                  | 0.0584      |
|    action_std_20                  | 0.058       |
|    action_std_21                  | 0.0584      |
|    action_std_22                  | 0.0579      |
|    action_std_23                  | 0.0577      |
|    action_std_24                  | 0.0583      |
|    approx_kl                      | 0.002466235 |
|    clip_fraction                  | 0.126       |
|    clip_range                     | 0.1         |
|    clip_range_vf                  | 0.2         |
|    entropy_loss                   | 35.6        |
|    explained_variance             | 0.874       |
|    learning_rate                  | 1e-05       |
|    loss                           | 0.483       |
|    n_updates                      | 750         |
|    policy_gradient_loss           | -0.00319    |
|    std                            | 0.0582      |
|    std_max                        | 0.0587      |
|    std_min                        | 0.0575      |
|    value_loss                     | 0.159       |
---------------------------------------------------
INFO:root:VecNormalize statistics saved at: ./data/v1_ours/quadruped_ppo_model_ckpt_10000640_vecnormalize.pkl
INFO:root:Model saved at: ./data/v1_ours/quadruped_ppo_model_ckpt_10000640.zip
INFO:root:Checkpoint written at 10000640 timesteps
----------------------------------------------------
| rollout/                          |              |
|    action_saturation_fraction     | 0            |
|    ep_len_mean                    | 948          |
|    ep_rew_mean                    | 643          |
|    episodes_noforce               | 135          |
|    force_direction_mean           | -1           |
|    force_onset_mean               | 1.36         |
|    force_requested_impulse_mean   | 0            |
|    is_fall_mean                   | 0.0963       |
|    is_timeout_mean                | 0.904        |
|    recovery_noforce               | 0.904        |
|    timeout_without_onset_fraction | 0            |
|    timeouts                       | 122          |
| time/                             |              |
|    fps                            | 7479         |
|    iterations                     | 77           |
|    time_elapsed                   | 1349         |
|    total_timesteps                | 10092544     |
| train/                            |              |
|    action_std_00                  | 0.0582       |
|    action_std_01                  | 0.0585       |
|    action_std_02                  | 0.0581       |
|    action_std_03                  | 0.0585       |
|    action_std_04                  | 0.0582       |
|    action_std_05                  | 0.0586       |
|    action_std_06                  | 0.0582       |
|    action_std_07                  | 0.0585       |
|    action_std_08                  | 0.0584       |
|    action_std_09                  | 0.0586       |
|    action_std_10                  | 0.0582       |
|    action_std_11                  | 0.0588       |
|    action_std_12                  | 0.0587       |
|    action_std_13                  | 0.0587       |
|    action_std_14                  | 0.0585       |
|    action_std_15                  | 0.0581       |
|    action_std_16                  | 0.0576       |
|    action_std_17                  | 0.0581       |
|    action_std_18                  | 0.0582       |
|    action_std_19                  | 0.0586       |
|    action_std_20                  | 0.058        |
|    action_std_21                  | 0.0586       |
|    action_std_22                  | 0.058        |
|    action_std_23                  | 0.0579       |
|    action_std_24                  | 0.0585       |
|    approx_kl                      | 0.0023577553 |
|    clip_fraction                  | 0.12         |
|    clip_range                     | 0.1          |
|    clip_range_vf                  | 0.2          |
|    entropy_loss                   | 35.6         |
|    explained_variance             | 0.873        |
|    learning_rate                  | 1e-05        |
|    loss                           | 0.439        |
|    n_updates                      | 760          |
|    policy_gradient_loss           | -0.00333     |
|    std                            | 0.0583       |
|    std_max                        | 0.0588       |
|    std_min                        | 0.0576       |
|    value_loss                     | 0.107        |
----------------------------------------------------
[QuadrupedWBCEnv] Reset state env_id=0 z=0.311086 rpy=[-0.012982, 0.0239679, -0.0184983]
----------------------------------------------------
| rollout/                          |              |
|    action_saturation_fraction     | 0            |
|    ep_len_mean                    | 967          |
|    ep_rew_mean                    | 655          |
|    episodes_noforce               | 132          |
|    force_direction_mean           | -1           |
|    force_onset_mean               | 1.39         |
|    force_requested_impulse_mean   | 0            |
|    is_fall_mean                   | 0.0985       |
|    is_timeout_mean                | 0.902        |
|    recovery_noforce               | 0.902        |
|    timeout_without_onset_fraction | 0            |
|    timeouts                       | 119          |
| time/                             |              |
|    fps                            | 7476         |
|    iterations                     | 78           |
|    time_elapsed                   | 1367         |
|    total_timesteps                | 10223616     |
| train/                            |              |
|    action_std_00                  | 0.0583       |
|    action_std_01                  | 0.0586       |
|    action_std_02                  | 0.0582       |
|    action_std_03                  | 0.0587       |
|    action_std_04                  | 0.0583       |
|    action_std_05                  | 0.0588       |
|    action_std_06                  | 0.0583       |
|    action_std_07                  | 0.0586       |
|    action_std_08                  | 0.0584       |
|    action_std_09                  | 0.0587       |
|    action_std_10                  | 0.0583       |
|    action_std_11                  | 0.0589       |
|    action_std_12                  | 0.0589       |
|    action_std_13                  | 0.0588       |
|    action_std_14                  | 0.0585       |
|    action_std_15                  | 0.0582       |
|    action_std_16                  | 0.0577       |
|    action_std_17                  | 0.0581       |
|    action_std_18                  | 0.0582       |
|    action_std_19                  | 0.0587       |
|    action_std_20                  | 0.0582       |
|    action_std_21                  | 0.0587       |
|    action_std_22                  | 0.0582       |
|    action_std_23                  | 0.058        |
|    action_std_24                  | 0.0586       |
|    approx_kl                      | 0.0025241068 |
|    clip_fraction                  | 0.128        |
|    clip_range                     | 0.1          |
|    clip_range_vf                  | 0.2          |
|    entropy_loss                   | 35.5         |
|    explained_variance             | 0.84         |
|    learning_rate                  | 1e-05        |
|    loss                           | 0.473        |
|    n_updates                      | 770          |
|    policy_gradient_loss           | -0.00301     |
|    std                            | 0.0584       |
|    std_max                        | 0.0589       |
|    std_min                        | 0.0577       |
|    value_loss                     | 0.142        |
----------------------------------------------------
----------------------------------------------------
| rollout/                          |              |
|    action_saturation_fraction     | 0            |
|    ep_len_mean                    | 970          |
|    ep_rew_mean                    | 656          |
|    episodes_noforce               | 134          |
|    force_direction_mean           | -1           |
|    force_onset_mean               | 1.39         |
|    force_requested_impulse_mean   | 0            |
|    is_fall_mean                   | 0.112        |
|    is_timeout_mean                | 0.888        |
|    recovery_noforce               | 0.888        |
|    timeout_without_onset_fraction | 0            |
|    timeouts                       | 119          |
| time/                             |              |
|    fps                            | 7471         |
|    iterations                     | 79           |
|    time_elapsed                   | 1385         |
|    total_timesteps                | 10354688     |
| train/                            |              |
|    action_std_00                  | 0.0584       |
|    action_std_01                  | 0.0588       |
|    action_std_02                  | 0.0584       |
|    action_std_03                  | 0.0587       |
|    action_std_04                  | 0.0585       |
|    action_std_05                  | 0.0588       |
|    action_std_06                  | 0.0584       |
|    action_std_07                  | 0.0588       |
|    action_std_08                  | 0.0585       |
|    action_std_09                  | 0.0589       |
|    action_std_10                  | 0.0584       |
|    action_std_11                  | 0.0591       |
|    action_std_12                  | 0.059        |
|    action_std_13                  | 0.059        |
|    action_std_14                  | 0.0586       |
|    action_std_15                  | 0.0583       |
|    action_std_16                  | 0.0578       |
|    action_std_17                  | 0.0582       |
|    action_std_18                  | 0.0583       |
|    action_std_19                  | 0.0587       |
|    action_std_20                  | 0.0582       |
|    action_std_21                  | 0.0588       |
|    action_std_22                  | 0.0583       |
|    action_std_23                  | 0.0581       |
|    action_std_24                  | 0.0588       |
|    approx_kl                      | 0.0025607818 |
|    clip_fraction                  | 0.131        |
|    clip_range                     | 0.1          |
|    clip_range_vf                  | 0.2          |
|    entropy_loss                   | 35.5         |
|    explained_variance             | 0.877        |
|    learning_rate                  | 1e-05        |
|    loss                           | 0.51         |
|    n_updates                      | 780          |
|    policy_gradient_loss           | -0.00347     |
|    std                            | 0.0586       |
|    std_max                        | 0.0591       |
|    std_min                        | 0.0578       |
|    value_loss                     | 0.153        |
----------------------------------------------------
[QuadrupedWBCEnv] Reset state env_id=0 z=0.278371 rpy=[-0.011721, 0.0242542, -0.0178726]
----------------------------------------------------
| rollout/                          |              |
|    action_saturation_fraction     | 0            |
|    ep_len_mean                    | 957          |
|    ep_rew_mean                    | 646          |
|    episodes_noforce               | 138          |
|    force_direction_mean           | -1           |
|    force_onset_mean               | 1.43         |
|    force_requested_impulse_mean   | 0            |
|    is_fall_mean                   | 0.101        |
|    is_timeout_mean                | 0.899        |
|    recovery_noforce               | 0.899        |
|    timeout_without_onset_fraction | 0            |
|    timeouts                       | 124          |
| time/                             |              |
|    fps                            | 7469         |
|    iterations                     | 80           |
|    time_elapsed                   | 1403         |
|    total_timesteps                | 10485760     |
| train/                            |              |
|    action_std_00                  | 0.0585       |
|    action_std_01                  | 0.0588       |
|    action_std_02                  | 0.0585       |
|    action_std_03                  | 0.0588       |
|    action_std_04                  | 0.0586       |
|    action_std_05                  | 0.059        |
|    action_std_06                  | 0.0585       |
|    action_std_07                  | 0.0589       |
|    action_std_08                  | 0.0586       |
|    action_std_09                  | 0.059        |
|    action_std_10                  | 0.0584       |
|    action_std_11                  | 0.0592       |
|    action_std_12                  | 0.0591       |
|    action_std_13                  | 0.0591       |
|    action_std_14                  | 0.0588       |
|    action_std_15                  | 0.0584       |
|    action_std_16                  | 0.0579       |
|    action_std_17                  | 0.0583       |
|    action_std_18                  | 0.0585       |
|    action_std_19                  | 0.0589       |
|    action_std_20                  | 0.0583       |
|    action_std_21                  | 0.0589       |
|    action_std_22                  | 0.0584       |
|    action_std_23                  | 0.0582       |
|    action_std_24                  | 0.0589       |
|    approx_kl                      | 0.0024864334 |
|    clip_fraction                  | 0.126        |
|    clip_range                     | 0.1          |
|    clip_range_vf                  | 0.2          |
|    entropy_loss                   | 35.4         |
|    explained_variance             | 0.897        |
|    learning_rate                  | 1e-05        |
|    loss                           | 0.5          |
|    n_updates                      | 790          |
|    policy_gradient_loss           | -0.00358     |
|    std                            | 0.0587       |
|    std_max                        | 0.0592       |
|    std_min                        | 0.0579       |
|    value_loss                     | 0.145        |
----------------------------------------------------
----------------------------------------------------
| rollout/                          |              |
|    action_saturation_fraction     | 0            |
|    ep_len_mean                    | 944          |
|    ep_rew_mean                    | 642          |
|    episodes_noforce               | 138          |
|    force_direction_mean           | -1           |
|    force_onset_mean               | 1.37         |
|    force_requested_impulse_mean   | 0            |
|    is_fall_mean                   | 0.152        |
|    is_timeout_mean                | 0.848        |
|    recovery_noforce               | 0.848        |
|    timeout_without_onset_fraction | 0            |
|    timeouts                       | 117          |
| time/                             |              |
|    fps                            | 7465         |
|    iterations                     | 81           |
|    time_elapsed                   | 1422         |
|    total_timesteps                | 10616832     |
| train/                            |              |
|    action_std_00                  | 0.0586       |
|    action_std_01                  | 0.059        |
|    action_std_02                  | 0.0586       |
|    action_std_03                  | 0.059        |
|    action_std_04                  | 0.0588       |
|    action_std_05                  | 0.059        |
|    action_std_06                  | 0.0587       |
|    action_std_07                  | 0.059        |
|    action_std_08                  | 0.0588       |
|    action_std_09                  | 0.0591       |
|    action_std_10                  | 0.0585       |
|    action_std_11                  | 0.0593       |
|    action_std_12                  | 0.0592       |
|    action_std_13                  | 0.0592       |
|    action_std_14                  | 0.0589       |
|    action_std_15                  | 0.0586       |
|    action_std_16                  | 0.0581       |
|    action_std_17                  | 0.0585       |
|    action_std_18                  | 0.0587       |
|    action_std_19                  | 0.059        |
|    action_std_20                  | 0.0585       |
|    action_std_21                  | 0.0589       |
|    action_std_22                  | 0.0585       |
|    action_std_23                  | 0.0583       |
|    action_std_24                  | 0.059        |
|    approx_kl                      | 0.0024410542 |
|    clip_fraction                  | 0.125        |
|    clip_range                     | 0.1          |
|    clip_range_vf                  | 0.2          |
|    entropy_loss                   | 35.4         |
|    explained_variance             | 0.887        |
|    learning_rate                  | 1e-05        |
|    loss                           | 0.475        |
|    n_updates                      | 800          |
|    policy_gradient_loss           | -0.00341     |
|    std                            | 0.0588       |
|    std_max                        | 0.0593       |
|    std_min                        | 0.0581       |
|    value_loss                     | 0.13         |
----------------------------------------------------
[QuadrupedWBCEnv] Reset state env_id=0 z=0.298353 rpy=[-0.0146839, 0.0256258, -0.0181257]
----------------------------------------------------
| rollout/                          |              |
|    action_saturation_fraction     | 0            |
|    ep_len_mean                    | 971          |
|    ep_rew_mean                    | 663          |
|    episodes_noforce               | 138          |
|    force_direction_mean           | -1           |
|    force_onset_mean               | 1.4          |
|    force_requested_impulse_mean   | 0            |
|    is_fall_mean                   | 0.0652       |
|    is_timeout_mean                | 0.935        |
|    recovery_noforce               | 0.935        |
|    timeout_without_onset_fraction | 0            |
|    timeouts                       | 129          |
| time/                             |              |
|    fps                            | 7463         |
|    iterations                     | 82           |
|    time_elapsed                   | 1440         |
|    total_timesteps                | 10747904     |
| train/                            |              |
|    action_std_00                  | 0.0588       |
|    action_std_01                  | 0.0591       |
|    action_std_02                  | 0.0587       |
|    action_std_03                  | 0.0592       |
|    action_std_04                  | 0.059        |
|    action_std_05                  | 0.0592       |
|    action_std_06                  | 0.0587       |
|    action_std_07                  | 0.0591       |
|    action_std_08                  | 0.0589       |
|    action_std_09                  | 0.0592       |
|    action_std_10                  | 0.0587       |
|    action_std_11                  | 0.0594       |
|    action_std_12                  | 0.0593       |
|    action_std_13                  | 0.0593       |
|    action_std_14                  | 0.0591       |
|    action_std_15                  | 0.0587       |
|    action_std_16                  | 0.0583       |
|    action_std_17                  | 0.0586       |
|    action_std_18                  | 0.0589       |
|    action_std_19                  | 0.0591       |
|    action_std_20                  | 0.0585       |
|    action_std_21                  | 0.0591       |
|    action_std_22                  | 0.0586       |
|    action_std_23                  | 0.0584       |
|    action_std_24                  | 0.0591       |
|    approx_kl                      | 0.0025807216 |
|    clip_fraction                  | 0.13         |
|    clip_range                     | 0.1          |
|    clip_range_vf                  | 0.2          |
|    entropy_loss                   | 35.3         |
|    explained_variance             | 0.87         |
|    learning_rate                  | 1e-05        |
|    loss                           | 0.486        |
|    n_updates                      | 810          |
|    policy_gradient_loss           | -0.0031      |
|    std                            | 0.0589       |
|    std_max                        | 0.0594       |
|    std_min                        | 0.0583       |
|    value_loss                     | 0.179        |
----------------------------------------------------
---------------------------------------------------
| rollout/                          |             |
|    action_saturation_fraction     | 0           |
|    ep_len_mean                    | 956         |
|    ep_rew_mean                    | 651         |
|    episodes_noforce               | 136         |
|    force_direction_mean           | -1          |
|    force_onset_mean               | 1.39        |
|    force_requested_impulse_mean   | 0           |
|    is_fall_mean                   | 0.0809      |
|    is_timeout_mean                | 0.919       |
|    recovery_noforce               | 0.919       |
|    timeout_without_onset_fraction | 0           |
|    timeouts                       | 125         |
| time/                             |             |
|    fps                            | 7462        |
|    iterations                     | 83          |
|    time_elapsed                   | 1457        |
|    total_timesteps                | 10878976    |
| train/                            |             |
|    action_std_00                  | 0.0589      |
|    action_std_01                  | 0.0591      |
|    action_std_02                  | 0.0588      |
|    action_std_03                  | 0.0592      |
|    action_std_04                  | 0.0591      |
|    action_std_05                  | 0.0594      |
|    action_std_06                  | 0.0588      |
|    action_std_07                  | 0.0593      |
|    action_std_08                  | 0.059       |
|    action_std_09                  | 0.0594      |
|    action_std_10                  | 0.0588      |
|    action_std_11                  | 0.0595      |
|    action_std_12                  | 0.0594      |
|    action_std_13                  | 0.0594      |
|    action_std_14                  | 0.0592      |
|    action_std_15                  | 0.0588      |
|    action_std_16                  | 0.0584      |
|    action_std_17                  | 0.0587      |
|    action_std_18                  | 0.059       |
|    action_std_19                  | 0.0592      |
|    action_std_20                  | 0.0587      |
|    action_std_21                  | 0.0592      |
|    action_std_22                  | 0.0588      |
|    action_std_23                  | 0.0585      |
|    action_std_24                  | 0.0592      |
|    approx_kl                      | 0.002470337 |
|    clip_fraction                  | 0.122       |
|    clip_range                     | 0.1         |
|    clip_range_vf                  | 0.2         |
|    entropy_loss                   | 35.3        |
|    explained_variance             | 0.851       |
|    learning_rate                  | 1e-05       |
|    loss                           | 0.435       |
|    n_updates                      | 820         |
|    policy_gradient_loss           | -0.00312    |
|    std                            | 0.059       |
|    std_max                        | 0.0595      |
|    std_min                        | 0.0584      |
|    value_loss                     | 0.112       |
---------------------------------------------------
[QuadrupedWBCEnv] Reset state env_id=0 z=0.29326 rpy=[-0.0141958, 0.0250116, -0.0181221]
---------------------------------------------------
| rollout/                          |             |
|    action_saturation_fraction     | 0           |
|    ep_len_mean                    | 942         |
|    ep_rew_mean                    | 638         |
|    episodes_noforce               | 141         |
|    force_direction_mean           | -1          |
|    force_onset_mean               | 1.4         |
|    force_requested_impulse_mean   | 0           |
|    is_fall_mean                   | 0.121       |
|    is_timeout_mean                | 0.879       |
|    recovery_noforce               | 0.879       |
|    timeout_without_onset_fraction | 0           |
|    timeouts                       | 124         |
| time/                             |             |
|    fps                            | 7460        |
|    iterations                     | 84          |
|    time_elapsed                   | 1475        |
|    total_timesteps                | 11010048    |
| train/                            |             |
|    action_std_00                  | 0.059       |
|    action_std_01                  | 0.0592      |
|    action_std_02                  | 0.0589      |
|    action_std_03                  | 0.0593      |
|    action_std_04                  | 0.0592      |
|    action_std_05                  | 0.0596      |
|    action_std_06                  | 0.059       |
|    action_std_07                  | 0.0594      |
|    action_std_08                  | 0.0591      |
|    action_std_09                  | 0.0595      |
|    action_std_10                  | 0.0589      |
|    action_std_11                  | 0.0597      |
|    action_std_12                  | 0.0595      |
|    action_std_13                  | 0.0595      |
|    action_std_14                  | 0.0594      |
|    action_std_15                  | 0.059       |
|    action_std_16                  | 0.0586      |
|    action_std_17                  | 0.0587      |
|    action_std_18                  | 0.0592      |
|    action_std_19                  | 0.0594      |
|    action_std_20                  | 0.0587      |
|    action_std_21                  | 0.0594      |
|    action_std_22                  | 0.0589      |
|    action_std_23                  | 0.0586      |
|    action_std_24                  | 0.0594      |
|    approx_kl                      | 0.002328109 |
|    clip_fraction                  | 0.12        |
|    clip_range                     | 0.1         |
|    clip_range_vf                  | 0.2         |
|    entropy_loss                   | 35.2        |
|    explained_variance             | 0.868       |
|    learning_rate                  | 1e-05       |
|    loss                           | 0.446       |
|    n_updates                      | 830         |
|    policy_gradient_loss           | -0.00325    |
|    std                            | 0.0592      |
|    std_max                        | 0.0597      |
|    std_min                        | 0.0586      |
|    value_loss                     | 0.135       |
---------------------------------------------------
[QuadrupedWBCEnv] Reset state env_id=0 z=0.313681 rpy=[-0.0132638, 0.0226104, -0.0186928]
---------------------------------------------------
| rollout/                          |             |
|    action_saturation_fraction     | 0           |
|    ep_len_mean                    | 968         |
|    ep_rew_mean                    | 658         |
|    episodes_noforce               | 133         |
|    force_direction_mean           | -1          |
|    force_onset_mean               | 1.38        |
|    force_requested_impulse_mean   | 0           |
|    is_fall_mean                   | 0.0902      |
|    is_timeout_mean                | 0.91        |
|    recovery_noforce               | 0.91        |
|    timeout_without_onset_fraction | 0           |
|    timeouts                       | 121         |
| time/                             |             |
|    fps                            | 7458        |
|    iterations                     | 85          |
|    time_elapsed                   | 1493        |
|    total_timesteps                | 11141120    |
| train/                            |             |
|    action_std_00                  | 0.0592      |
|    action_std_01                  | 0.0594      |
|    action_std_02                  | 0.059       |
|    action_std_03                  | 0.0596      |
|    action_std_04                  | 0.0594      |
|    action_std_05                  | 0.0597      |
|    action_std_06                  | 0.0592      |
|    action_std_07                  | 0.0596      |
|    action_std_08                  | 0.0592      |
|    action_std_09                  | 0.0596      |
|    action_std_10                  | 0.059       |
|    action_std_11                  | 0.0599      |
|    action_std_12                  | 0.0595      |
|    action_std_13                  | 0.0596      |
|    action_std_14                  | 0.0595      |
|    action_std_15                  | 0.059       |
|    action_std_16                  | 0.0587      |
|    action_std_17                  | 0.0589      |
|    action_std_18                  | 0.0593      |
|    action_std_19                  | 0.0595      |
|    action_std_20                  | 0.0589      |
|    action_std_21                  | 0.0594      |
|    action_std_22                  | 0.059       |
|    action_std_23                  | 0.0587      |
|    action_std_24                  | 0.0595      |
|    approx_kl                      | 0.002417013 |
|    clip_fraction                  | 0.122       |
|    clip_range                     | 0.1         |
|    clip_range_vf                  | 0.2         |
|    entropy_loss                   | 35.2        |
|    explained_variance             | 0.88        |
|    learning_rate                  | 1e-05       |
|    loss                           | 0.559       |
|    n_updates                      | 840         |
|    policy_gradient_loss           | -0.00347    |
|    std                            | 0.0593      |
|    std_max                        | 0.0599      |
|    std_min                        | 0.0587      |
|    value_loss                     | 0.162       |
---------------------------------------------------
---------------------------------------------------
| rollout/                          |             |
|    action_saturation_fraction     | 0           |
|    ep_len_mean                    | 970         |
|    ep_rew_mean                    | 657         |
|    episodes_noforce               | 138         |
|    force_direction_mean           | -1          |
|    force_onset_mean               | 1.39        |
|    force_requested_impulse_mean   | 0           |
|    is_fall_mean                   | 0.0725      |
|    is_timeout_mean                | 0.928       |
|    recovery_noforce               | 0.928       |
|    timeout_without_onset_fraction | 0           |
|    timeouts                       | 128         |
| time/                             |             |
|    fps                            | 7456        |
|    iterations                     | 86          |
|    time_elapsed                   | 1511        |
|    total_timesteps                | 11272192    |
| train/                            |             |
|    action_std_00                  | 0.0593      |
|    action_std_01                  | 0.0595      |
|    action_std_02                  | 0.0591      |
|    action_std_03                  | 0.0597      |
|    action_std_04                  | 0.0595      |
|    action_std_05                  | 0.06        |
|    action_std_06                  | 0.0593      |
|    action_std_07                  | 0.0597      |
|    action_std_08                  | 0.0594      |
|    action_std_09                  | 0.0597      |
|    action_std_10                  | 0.0592      |
|    action_std_11                  | 0.0601      |
|    action_std_12                  | 0.0596      |
|    action_std_13                  | 0.0597      |
|    action_std_14                  | 0.0596      |
|    action_std_15                  | 0.0591      |
|    action_std_16                  | 0.0589      |
|    action_std_17                  | 0.059       |
|    action_std_18                  | 0.0594      |
|    action_std_19                  | 0.0596      |
|    action_std_20                  | 0.0591      |
|    action_std_21                  | 0.0595      |
|    action_std_22                  | 0.0591      |
|    action_std_23                  | 0.0588      |
|    action_std_24                  | 0.0597      |
|    approx_kl                      | 0.002414322 |
|    clip_fraction                  | 0.121       |
|    clip_range                     | 0.1         |
|    clip_range_vf                  | 0.2         |
|    entropy_loss                   | 35.1        |
|    explained_variance             | 0.893       |
|    learning_rate                  | 1e-05       |
|    loss                           | 0.494       |
|    n_updates                      | 850         |
|    policy_gradient_loss           | -0.00349    |
|    std                            | 0.0594      |
|    std_max                        | 0.0601      |
|    std_min                        | 0.0588      |
|    value_loss                     | 0.109       |
---------------------------------------------------
[QuadrupedWBCEnv] Reset state env_id=0 z=0.27959 rpy=[-0.0144274, 0.0247312, -0.0179937]
----------------------------------------------------
| rollout/                          |              |
|    action_saturation_fraction     | 0            |
|    ep_len_mean                    | 968          |
|    ep_rew_mean                    | 659          |
|    episodes_noforce               | 133          |
|    force_direction_mean           | -1           |
|    force_onset_mean               | 1.41         |
|    force_requested_impulse_mean   | 0            |
|    is_fall_mean                   | 0.0677       |
|    is_timeout_mean                | 0.932        |
|    recovery_noforce               | 0.932        |
|    timeout_without_onset_fraction | 0            |
|    timeouts                       | 124          |
| time/                             |              |
|    fps                            | 7454         |
|    iterations                     | 87           |
|    time_elapsed                   | 1529         |
|    total_timesteps                | 11403264     |
| train/                            |              |
|    action_std_00                  | 0.0594       |
|    action_std_01                  | 0.0595       |
|    action_std_02                  | 0.0593       |
|    action_std_03                  | 0.0598       |
|    action_std_04                  | 0.0596       |
|    action_std_05                  | 0.0602       |
|    action_std_06                  | 0.0594       |
|    action_std_07                  | 0.0598       |
|    action_std_08                  | 0.0595       |
|    action_std_09                  | 0.0599       |
|    action_std_10                  | 0.0593       |
|    action_std_11                  | 0.0603       |
|    action_std_12                  | 0.0597       |
|    action_std_13                  | 0.0599       |
|    action_std_14                  | 0.0597       |
|    action_std_15                  | 0.0593       |
|    action_std_16                  | 0.0591       |
|    action_std_17                  | 0.0592       |
|    action_std_18                  | 0.0595       |
|    action_std_19                  | 0.0598       |
|    action_std_20                  | 0.0592       |
|    action_std_21                  | 0.0596       |
|    action_std_22                  | 0.0593       |
|    action_std_23                  | 0.059        |
|    action_std_24                  | 0.0598       |
|    approx_kl                      | 0.0024654544 |
|    clip_fraction                  | 0.127        |
|    clip_range                     | 0.1          |
|    clip_range_vf                  | 0.2          |
|    entropy_loss                   | 35.1         |
|    explained_variance             | 0.849        |
|    learning_rate                  | 1e-05        |
|    loss                           | 0.44         |
|    n_updates                      | 860          |
|    policy_gradient_loss           | -0.00308     |
|    std                            | 0.0596       |
|    std_max                        | 0.0603       |
|    std_min                        | 0.059        |
|    value_loss                     | 0.11         |
----------------------------------------------------
----------------------------------------------------
| rollout/                          |              |
|    action_saturation_fraction     | 0            |
|    ep_len_mean                    | 992          |
|    ep_rew_mean                    | 671          |
|    episodes_noforce               | 135          |
|    force_direction_mean           | -1           |
|    force_onset_mean               | 1.39         |
|    force_requested_impulse_mean   | 0            |
|    is_fall_mean                   | 0.0593       |
|    is_timeout_mean                | 0.941        |
|    recovery_noforce               | 0.941        |
|    timeout_without_onset_fraction | 0            |
|    timeouts                       | 127          |
| time/                             |              |
|    fps                            | 7452         |
|    iterations                     | 88           |
|    time_elapsed                   | 1547         |
|    total_timesteps                | 11534336     |
| train/                            |              |
|    action_std_00                  | 0.0596       |
|    action_std_01                  | 0.0597       |
|    action_std_02                  | 0.0594       |
|    action_std_03                  | 0.0599       |
|    action_std_04                  | 0.0597       |
|    action_std_05                  | 0.0603       |
|    action_std_06                  | 0.0595       |
|    action_std_07                  | 0.0599       |
|    action_std_08                  | 0.0597       |
|    action_std_09                  | 0.0601       |
|    action_std_10                  | 0.0596       |
|    action_std_11                  | 0.0604       |
|    action_std_12                  | 0.0598       |
|    action_std_13                  | 0.06         |
|    action_std_14                  | 0.0599       |
|    action_std_15                  | 0.0595       |
|    action_std_16                  | 0.0593       |
|    action_std_17                  | 0.0593       |
|    action_std_18                  | 0.0596       |
|    action_std_19                  | 0.06         |
|    action_std_20                  | 0.0593       |
|    action_std_21                  | 0.0597       |
|    action_std_22                  | 0.0594       |
|    action_std_23                  | 0.0591       |
|    action_std_24                  | 0.0599       |
|    approx_kl                      | 0.0023783413 |
|    clip_fraction                  | 0.119        |
|    clip_range                     | 0.1          |
|    clip_range_vf                  | 0.2          |
|    entropy_loss                   | 35           |
|    explained_variance             | 0.892        |
|    learning_rate                  | 1e-05        |
|    loss                           | 0.448        |
|    n_updates                      | 870          |
|    policy_gradient_loss           | -0.00377     |
|    std                            | 0.0597       |
|    std_max                        | 0.0604       |
|    std_min                        | 0.0591       |
|    value_loss                     | 0.103        |
----------------------------------------------------
[QuadrupedWBCEnv] Reset state env_id=0 z=0.305014 rpy=[-0.0160326, 0.0223981, -0.0184685]
----------------------------------------------------
| rollout/                          |              |
|    action_saturation_fraction     | 0            |
|    ep_len_mean                    | 952          |
|    ep_rew_mean                    | 650          |
|    episodes_noforce               | 141          |
|    force_direction_mean           | -1           |
|    force_onset_mean               | 1.39         |
|    force_requested_impulse_mean   | 0            |
|    is_fall_mean                   | 0.135        |
|    is_timeout_mean                | 0.865        |
|    recovery_noforce               | 0.865        |
|    timeout_without_onset_fraction | 0            |
|    timeouts                       | 122          |
| time/                             |              |
|    fps                            | 7449         |
|    iterations                     | 89           |
|    time_elapsed                   | 1565         |
|    total_timesteps                | 11665408     |
| train/                            |              |
|    action_std_00                  | 0.0597       |
|    action_std_01                  | 0.0597       |
|    action_std_02                  | 0.0595       |
|    action_std_03                  | 0.0601       |
|    action_std_04                  | 0.0598       |
|    action_std_05                  | 0.0605       |
|    action_std_06                  | 0.0596       |
|    action_std_07                  | 0.0601       |
|    action_std_08                  | 0.0597       |
|    action_std_09                  | 0.0602       |
|    action_std_10                  | 0.0597       |
|    action_std_11                  | 0.0605       |
|    action_std_12                  | 0.06         |
|    action_std_13                  | 0.0602       |
|    action_std_14                  | 0.0601       |
|    action_std_15                  | 0.0596       |
|    action_std_16                  | 0.0594       |
|    action_std_17                  | 0.0596       |
|    action_std_18                  | 0.0597       |
|    action_std_19                  | 0.0601       |
|    action_std_20                  | 0.0594       |
|    action_std_21                  | 0.0598       |
|    action_std_22                  | 0.0595       |
|    action_std_23                  | 0.0592       |
|    action_std_24                  | 0.06         |
|    approx_kl                      | 0.0023826773 |
|    clip_fraction                  | 0.118        |
|    clip_range                     | 0.1          |
|    clip_range_vf                  | 0.2          |
|    entropy_loss                   | 35           |
|    explained_variance             | 0.878        |
|    learning_rate                  | 1e-05        |
|    loss                           | 0.454        |
|    n_updates                      | 880          |
|    policy_gradient_loss           | -0.00338     |
|    std                            | 0.0598       |
|    std_max                        | 0.0605       |
|    std_min                        | 0.0592       |
|    value_loss                     | 0.112        |
----------------------------------------------------
---------------------------------------------------
| rollout/                          |             |
|    action_saturation_fraction     | 0           |
|    ep_len_mean                    | 970         |
|    ep_rew_mean                    | 661         |
|    episodes_noforce               | 134         |
|    force_direction_mean           | -1          |
|    force_onset_mean               | 1.39        |
|    force_requested_impulse_mean   | 0           |
|    is_fall_mean                   | 0.0746      |
|    is_timeout_mean                | 0.925       |
|    recovery_noforce               | 0.925       |
|    timeout_without_onset_fraction | 0           |
|    timeouts                       | 124         |
| time/                             |             |
|    fps                            | 7446        |
|    iterations                     | 90          |
|    time_elapsed                   | 1584        |
|    total_timesteps                | 11796480    |
| train/                            |             |
|    action_std_00                  | 0.0599      |
|    action_std_01                  | 0.0599      |
|    action_std_02                  | 0.0597      |
|    action_std_03                  | 0.0602      |
|    action_std_04                  | 0.06        |
|    action_std_05                  | 0.0605      |
|    action_std_06                  | 0.0598      |
|    action_std_07                  | 0.0603      |
|    action_std_08                  | 0.0598      |
|    action_std_09                  | 0.0604      |
|    action_std_10                  | 0.0599      |
|    action_std_11                  | 0.0606      |
|    action_std_12                  | 0.0601      |
|    action_std_13                  | 0.0603      |
|    action_std_14                  | 0.0602      |
|    action_std_15                  | 0.0598      |
|    action_std_16                  | 0.0594      |
|    action_std_17                  | 0.0597      |
|    action_std_18                  | 0.0599      |
|    action_std_19                  | 0.0603      |
|    action_std_20                  | 0.0595      |
|    action_std_21                  | 0.0599      |
|    action_std_22                  | 0.0596      |
|    action_std_23                  | 0.0593      |
|    action_std_24                  | 0.0602      |
|    approx_kl                      | 0.002493528 |
|    clip_fraction                  | 0.126       |
|    clip_range                     | 0.1         |
|    clip_range_vf                  | 0.2         |
|    entropy_loss                   | 34.9        |
|    explained_variance             | 0.863       |
|    learning_rate                  | 1e-05       |
|    loss                           | 0.492       |
|    n_updates                      | 890         |
|    policy_gradient_loss           | -0.00343    |
|    std                            | 0.06        |
|    std_max                        | 0.0606      |
|    std_min                        | 0.0593      |
|    value_loss                     | 0.141       |
---------------------------------------------------
[QuadrupedWBCEnv] Reset state env_id=0 z=0.303404 rpy=[-0.0126342, 0.0218315, -0.0188944]
----------------------------------------------------
| rollout/                          |              |
|    action_saturation_fraction     | 0            |
|    ep_len_mean                    | 982          |
|    ep_rew_mean                    | 666          |
|    episodes_noforce               | 130          |
|    force_direction_mean           | -1           |
|    force_onset_mean               | 1.38         |
|    force_requested_impulse_mean   | 0            |
|    is_fall_mean                   | 0.0692       |
|    is_timeout_mean                | 0.931        |
|    recovery_noforce               | 0.931        |
|    timeout_without_onset_fraction | 0            |
|    timeouts                       | 121          |
| time/                             |              |
|    fps                            | 7445         |
|    iterations                     | 91           |
|    time_elapsed                   | 1602         |
|    total_timesteps                | 11927552     |
| train/                            |              |
|    action_std_00                  | 0.06         |
|    action_std_01                  | 0.06         |
|    action_std_02                  | 0.0597       |
|    action_std_03                  | 0.0604       |
|    action_std_04                  | 0.0601       |
|    action_std_05                  | 0.0607       |
|    action_std_06                  | 0.06         |
|    action_std_07                  | 0.0604       |
|    action_std_08                  | 0.0601       |
|    action_std_09                  | 0.0605       |
|    action_std_10                  | 0.06         |
|    action_std_11                  | 0.0607       |
|    action_std_12                  | 0.0603       |
|    action_std_13                  | 0.0605       |
|    action_std_14                  | 0.0604       |
|    action_std_15                  | 0.0599       |
|    action_std_16                  | 0.0596       |
|    action_std_17                  | 0.0597       |
|    action_std_18                  | 0.0599       |
|    action_std_19                  | 0.0605       |
|    action_std_20                  | 0.0597       |
|    action_std_21                  | 0.0601       |
|    action_std_22                  | 0.0597       |
|    action_std_23                  | 0.0595       |
|    action_std_24                  | 0.0603       |
|    approx_kl                      | 0.0023835546 |
|    clip_fraction                  | 0.119        |
|    clip_range                     | 0.1          |
|    clip_range_vf                  | 0.2          |
|    entropy_loss                   | 34.8         |
|    explained_variance             | 0.871        |
|    learning_rate                  | 1e-05        |
|    loss                           | 0.475        |
|    n_updates                      | 900          |
|    policy_gradient_loss           | -0.00333     |
|    std                            | 0.0601       |
|    std_max                        | 0.0607       |
|    std_min                        | 0.0595       |
|    value_loss                     | 0.107        |
----------------------------------------------------
INFO:root:VecNormalize statistics saved at: ./data/v1_ours/quadruped_ppo_model_ckpt_12000768_vecnormalize.pkl
INFO:root:Model saved at: ./data/v1_ours/quadruped_ppo_model_ckpt_12000768.zip
INFO:root:Checkpoint written at 12000768 timesteps
---------------------------------------------------
| rollout/                          |             |
|    action_saturation_fraction     | 0           |
|    ep_len_mean                    | 956         |
|    ep_rew_mean                    | 652         |
|    episodes_noforce               | 146         |
|    force_direction_mean           | -1          |
|    force_onset_mean               | 1.4         |
|    force_requested_impulse_mean   | 0           |
|    is_fall_mean                   | 0.089       |
|    is_timeout_mean                | 0.911       |
|    recovery_noforce               | 0.911       |
|    timeout_without_onset_fraction | 0           |
|    timeouts                       | 133         |
| time/                             |             |
|    fps                            | 7440        |
|    iterations                     | 92          |
|    time_elapsed                   | 1620        |
|    total_timesteps                | 12058624    |
| train/                            |             |
|    action_std_00                  | 0.0601      |
|    action_std_01                  | 0.0601      |
|    action_std_02                  | 0.0598      |
|    action_std_03                  | 0.0604      |
|    action_std_04                  | 0.0602      |
|    action_std_05                  | 0.0609      |
|    action_std_06                  | 0.06        |
|    action_std_07                  | 0.0605      |
|    action_std_08                  | 0.0602      |
|    action_std_09                  | 0.0607      |
|    action_std_10                  | 0.0601      |
|    action_std_11                  | 0.0608      |
|    action_std_12                  | 0.0604      |
|    action_std_13                  | 0.0606      |
|    action_std_14                  | 0.0606      |
|    action_std_15                  | 0.06        |
|    action_std_16                  | 0.0598      |
|    action_std_17                  | 0.0599      |
|    action_std_18                  | 0.0601      |
|    action_std_19                  | 0.0607      |
|    action_std_20                  | 0.0599      |
|    action_std_21                  | 0.0603      |
|    action_std_22                  | 0.0598      |
|    action_std_23                  | 0.0596      |
|    action_std_24                  | 0.0605      |
|    approx_kl                      | 0.002410613 |
|    clip_fraction                  | 0.122       |
|    clip_range                     | 0.1         |
|    clip_range_vf                  | 0.2         |
|    entropy_loss                   | 34.8        |
|    explained_variance             | 0.881       |
|    learning_rate                  | 1e-05       |
|    loss                           | 0.4         |
|    n_updates                      | 910         |
|    policy_gradient_loss           | -0.00377    |
|    std                            | 0.0602      |
|    std_max                        | 0.0609      |
|    std_min                        | 0.0596      |
|    value_loss                     | 0.111       |
---------------------------------------------------
[QuadrupedWBCEnv] Reset state env_id=0 z=0.270525 rpy=[-0.0129887, 0.0252542, -0.0177514]
----------------------------------------------------
| rollout/                          |              |
|    action_saturation_fraction     | 0            |
|    ep_len_mean                    | 966          |
|    ep_rew_mean                    | 655          |
|    episodes_noforce               | 127          |
|    force_direction_mean           | -1           |
|    force_onset_mean               | 1.39         |
|    force_requested_impulse_mean   | 0            |
|    is_fall_mean                   | 0.0709       |
|    is_timeout_mean                | 0.929        |
|    recovery_noforce               | 0.929        |
|    timeout_without_onset_fraction | 0            |
|    timeouts                       | 118          |
| time/                             |              |
|    fps                            | 7436         |
|    iterations                     | 93           |
|    time_elapsed                   | 1639         |
|    total_timesteps                | 12189696     |
| train/                            |              |
|    action_std_00                  | 0.0603       |
|    action_std_01                  | 0.0602       |
|    action_std_02                  | 0.0599       |
|    action_std_03                  | 0.0606       |
|    action_std_04                  | 0.0604       |
|    action_std_05                  | 0.061        |
|    action_std_06                  | 0.0601       |
|    action_std_07                  | 0.0607       |
|    action_std_08                  | 0.0603       |
|    action_std_09                  | 0.0609       |
|    action_std_10                  | 0.0601       |
|    action_std_11                  | 0.061        |
|    action_std_12                  | 0.0605       |
|    action_std_13                  | 0.0607       |
|    action_std_14                  | 0.0608       |
|    action_std_15                  | 0.0603       |
|    action_std_16                  | 0.0599       |
|    action_std_17                  | 0.0599       |
|    action_std_18                  | 0.0601       |
|    action_std_19                  | 0.0608       |
|    action_std_20                  | 0.0601       |
|    action_std_21                  | 0.0605       |
|    action_std_22                  | 0.06         |
|    action_std_23                  | 0.0597       |
|    action_std_24                  | 0.0606       |
|    approx_kl                      | 0.0023953381 |
|    clip_fraction                  | 0.123        |
|    clip_range                     | 0.1          |
|    clip_range_vf                  | 0.2          |
|    entropy_loss                   | 34.7         |
|    explained_variance             | 0.911        |
|    learning_rate                  | 1e-05        |
|    loss                           | 0.457        |
|    n_updates                      | 920          |
|    policy_gradient_loss           | -0.00373     |
|    std                            | 0.0604       |
|    std_max                        | 0.061        |
|    std_min                        | 0.0597       |
|    value_loss                     | 0.106        |
----------------------------------------------------
----------------------------------------------------
| rollout/                          |              |
|    action_saturation_fraction     | 0            |
|    ep_len_mean                    | 946          |
|    ep_rew_mean                    | 644          |
|    episodes_noforce               | 143          |
|    force_direction_mean           | -1           |
|    force_onset_mean               | 1.41         |
|    force_requested_impulse_mean   | 0            |
|    is_fall_mean                   | 0.147        |
|    is_timeout_mean                | 0.853        |
|    recovery_noforce               | 0.853        |
|    timeout_without_onset_fraction | 0            |
|    timeouts                       | 122          |
| time/                             |              |
|    fps                            | 7435         |
|    iterations                     | 94           |
|    time_elapsed                   | 1657         |
|    total_timesteps                | 12320768     |
| train/                            |              |
|    action_std_00                  | 0.0603       |
|    action_std_01                  | 0.0604       |
|    action_std_02                  | 0.06         |
|    action_std_03                  | 0.0607       |
|    action_std_04                  | 0.0605       |
|    action_std_05                  | 0.0611       |
|    action_std_06                  | 0.0602       |
|    action_std_07                  | 0.0608       |
|    action_std_08                  | 0.0604       |
|    action_std_09                  | 0.061        |
|    action_std_10                  | 0.0602       |
|    action_std_11                  | 0.061        |
|    action_std_12                  | 0.0607       |
|    action_std_13                  | 0.0609       |
|    action_std_14                  | 0.061        |
|    action_std_15                  | 0.0604       |
|    action_std_16                  | 0.0601       |
|    action_std_17                  | 0.0599       |
|    action_std_18                  | 0.0603       |
|    action_std_19                  | 0.061        |
|    action_std_20                  | 0.0602       |
|    action_std_21                  | 0.0605       |
|    action_std_22                  | 0.0601       |
|    action_std_23                  | 0.0598       |
|    action_std_24                  | 0.0608       |
|    approx_kl                      | 0.0024130517 |
|    clip_fraction                  | 0.123        |
|    clip_range                     | 0.1          |
|    clip_range_vf                  | 0.2          |
|    entropy_loss                   | 34.7         |
|    explained_variance             | 0.871        |
|    learning_rate                  | 1e-05        |
|    loss                           | 0.475        |
|    n_updates                      | 930          |
|    policy_gradient_loss           | -0.00347     |
|    std                            | 0.0605       |
|    std_max                        | 0.0611       |
|    std_min                        | 0.0598       |
|    value_loss                     | 0.129        |
----------------------------------------------------
[QuadrupedWBCEnv] Reset state env_id=0 z=0.3023 rpy=[-0.0113715, 0.0221214, -0.0187161]
----------------------------------------------------
| rollout/                          |              |
|    action_saturation_fraction     | 0            |
|    ep_len_mean                    | 959          |
|    ep_rew_mean                    | 647          |
|    episodes_noforce               | 128          |
|    force_direction_mean           | -1           |
|    force_onset_mean               | 1.41         |
|    force_requested_impulse_mean   | 0            |
|    is_fall_mean                   | 0.102        |
|    is_timeout_mean                | 0.898        |
|    recovery_noforce               | 0.898        |
|    timeout_without_onset_fraction | 0            |
|    timeouts                       | 115          |
| time/                             |              |
|    fps                            | 7433         |
|    iterations                     | 95           |
|    time_elapsed                   | 1675         |
|    total_timesteps                | 12451840     |
| train/                            |              |
|    action_std_00                  | 0.0605       |
|    action_std_01                  | 0.0605       |
|    action_std_02                  | 0.0601       |
|    action_std_03                  | 0.0608       |
|    action_std_04                  | 0.0607       |
|    action_std_05                  | 0.0613       |
|    action_std_06                  | 0.0604       |
|    action_std_07                  | 0.061        |
|    action_std_08                  | 0.0606       |
|    action_std_09                  | 0.0612       |
|    action_std_10                  | 0.0603       |
|    action_std_11                  | 0.0612       |
|    action_std_12                  | 0.0608       |
|    action_std_13                  | 0.0609       |
|    action_std_14                  | 0.0612       |
|    action_std_15                  | 0.0605       |
|    action_std_16                  | 0.0602       |
|    action_std_17                  | 0.0601       |
|    action_std_18                  | 0.0604       |
|    action_std_19                  | 0.0611       |
|    action_std_20                  | 0.0603       |
|    action_std_21                  | 0.0606       |
|    action_std_22                  | 0.0602       |
|    action_std_23                  | 0.0599       |
|    action_std_24                  | 0.061        |
|    approx_kl                      | 0.0025089323 |
|    clip_fraction                  | 0.128        |
|    clip_range                     | 0.1          |
|    clip_range_vf                  | 0.2          |
|    entropy_loss                   | 34.6         |
|    explained_variance             | 0.875        |
|    learning_rate                  | 1e-05        |
|    loss                           | 0.475        |
|    n_updates                      | 940          |
|    policy_gradient_loss           | -0.00366     |
|    std                            | 0.0606       |
|    std_max                        | 0.0613       |
|    std_min                        | 0.0599       |
|    value_loss                     | 0.162        |
----------------------------------------------------
----------------------------------------------------
| rollout/                          |              |
|    action_saturation_fraction     | 0            |
|    ep_len_mean                    | 969          |
|    ep_rew_mean                    | 660          |
|    episodes_noforce               | 148          |
|    force_direction_mean           | -1           |
|    force_onset_mean               | 1.4          |
|    force_requested_impulse_mean   | 0            |
|    is_fall_mean                   | 0.0946       |
|    is_timeout_mean                | 0.905        |
|    recovery_noforce               | 0.905        |
|    timeout_without_onset_fraction | 0            |
|    timeouts                       | 134          |
| time/                             |              |
|    fps                            | 7433         |
|    iterations                     | 96           |
|    time_elapsed                   | 1692         |
|    total_timesteps                | 12582912     |
| train/                            |              |
|    action_std_00                  | 0.0607       |
|    action_std_01                  | 0.0606       |
|    action_std_02                  | 0.0602       |
|    action_std_03                  | 0.061        |
|    action_std_04                  | 0.0608       |
|    action_std_05                  | 0.0614       |
|    action_std_06                  | 0.0605       |
|    action_std_07                  | 0.0612       |
|    action_std_08                  | 0.0607       |
|    action_std_09                  | 0.0614       |
|    action_std_10                  | 0.0605       |
|    action_std_11                  | 0.0614       |
|    action_std_12                  | 0.0609       |
|    action_std_13                  | 0.0611       |
|    action_std_14                  | 0.0613       |
|    action_std_15                  | 0.0607       |
|    action_std_16                  | 0.0604       |
|    action_std_17                  | 0.0603       |
|    action_std_18                  | 0.0606       |
|    action_std_19                  | 0.0612       |
|    action_std_20                  | 0.0605       |
|    action_std_21                  | 0.0609       |
|    action_std_22                  | 0.0604       |
|    action_std_23                  | 0.06         |
|    action_std_24                  | 0.0611       |
|    approx_kl                      | 0.0024114577 |
|    clip_fraction                  | 0.122        |
|    clip_range                     | 0.1          |
|    clip_range_vf                  | 0.2          |
|    entropy_loss                   | 34.6         |
|    explained_variance             | 0.905        |
|    learning_rate                  | 1e-05        |
|    loss                           | 0.519        |
|    n_updates                      | 950          |
|    policy_gradient_loss           | -0.00339     |
|    std                            | 0.0608       |
|    std_max                        | 0.0614       |
|    std_min                        | 0.06         |
|    value_loss                     | 0.134        |
----------------------------------------------------
[QuadrupedWBCEnv] Reset state env_id=0 z=0.294066 rpy=[-0.0111157, 0.0235437, -0.0186149]
----------------------------------------------------
| rollout/                          |              |
|    action_saturation_fraction     | 0            |
|    ep_len_mean                    | 975          |
|    ep_rew_mean                    | 660          |
|    episodes_noforce               | 124          |
|    force_direction_mean           | -1           |
|    force_onset_mean               | 1.39         |
|    force_requested_impulse_mean   | 0            |
|    is_fall_mean                   | 0.0968       |
|    is_timeout_mean                | 0.903        |
|    recovery_noforce               | 0.903        |
|    timeout_without_onset_fraction | 0            |
|    timeouts                       | 112          |
| time/                             |              |
|    fps                            | 7431         |
|    iterations                     | 97           |
|    time_elapsed                   | 1710         |
|    total_timesteps                | 12713984     |
| train/                            |              |
|    action_std_00                  | 0.0609       |
|    action_std_01                  | 0.0608       |
|    action_std_02                  | 0.0603       |
|    action_std_03                  | 0.0612       |
|    action_std_04                  | 0.0609       |
|    action_std_05                  | 0.0615       |
|    action_std_06                  | 0.0607       |
|    action_std_07                  | 0.0613       |
|    action_std_08                  | 0.0609       |
|    action_std_09                  | 0.0615       |
|    action_std_10                  | 0.0606       |
|    action_std_11                  | 0.0616       |
|    action_std_12                  | 0.061        |
|    action_std_13                  | 0.0612       |
|    action_std_14                  | 0.0614       |
|    action_std_15                  | 0.0608       |
|    action_std_16                  | 0.0606       |
|    action_std_17                  | 0.0605       |
|    action_std_18                  | 0.0608       |
|    action_std_19                  | 0.0614       |
|    action_std_20                  | 0.0605       |
|    action_std_21                  | 0.061        |
|    action_std_22                  | 0.0605       |
|    action_std_23                  | 0.0603       |
|    action_std_24                  | 0.0612       |
|    approx_kl                      | 0.0024147667 |
|    clip_fraction                  | 0.122        |
|    clip_range                     | 0.1          |
|    clip_range_vf                  | 0.2          |
|    entropy_loss                   | 34.5         |
|    explained_variance             | 0.865        |
|    learning_rate                  | 1e-05        |
|    loss                           | 0.425        |
|    n_updates                      | 960          |
|    policy_gradient_loss           | -0.0033      |
|    std                            | 0.0609       |
|    std_max                        | 0.0616       |
|    std_min                        | 0.0603       |
|    value_loss                     | 0.13         |
----------------------------------------------------
---------------------------------------------------
| rollout/                          |             |
|    action_saturation_fraction     | 0           |
|    ep_len_mean                    | 959         |
|    ep_rew_mean                    | 652         |
|    episodes_noforce               | 147         |
|    force_direction_mean           | -1          |
|    force_onset_mean               | 1.39        |
|    force_requested_impulse_mean   | 0           |
|    is_fall_mean                   | 0.0816      |
|    is_timeout_mean                | 0.918       |
|    recovery_noforce               | 0.918       |
|    timeout_without_onset_fraction | 0           |
|    timeouts                       | 135         |
| time/                             |             |
|    fps                            | 7431        |
|    iterations                     | 98          |
|    time_elapsed                   | 1728        |
|    total_timesteps                | 12845056    |
| train/                            |             |
|    action_std_00                  | 0.061       |
|    action_std_01                  | 0.061       |
|    action_std_02                  | 0.0604      |
|    action_std_03                  | 0.0613      |
|    action_std_04                  | 0.061       |
|    action_std_05                  | 0.0616      |
|    action_std_06                  | 0.0607      |
|    action_std_07                  | 0.0614      |
|    action_std_08                  | 0.061       |
|    action_std_09                  | 0.0617      |
|    action_std_10                  | 0.0607      |
|    action_std_11                  | 0.0617      |
|    action_std_12                  | 0.0612      |
|    action_std_13                  | 0.0614      |
|    action_std_14                  | 0.0615      |
|    action_std_15                  | 0.0609      |
|    action_std_16                  | 0.0607      |
|    action_std_17                  | 0.0607      |
|    action_std_18                  | 0.061       |
|    action_std_19                  | 0.0615      |
|    action_std_20                  | 0.0606      |
|    action_std_21                  | 0.0612      |
|    action_std_22                  | 0.0606      |
|    action_std_23                  | 0.0604      |
|    action_std_24                  | 0.0613      |
|    approx_kl                      | 0.002430744 |
|    clip_fraction                  | 0.122       |
|    clip_range                     | 0.1         |
|    clip_range_vf                  | 0.2         |
|    entropy_loss                   | 34.4        |
|    explained_variance             | 0.866       |
|    learning_rate                  | 1e-05       |
|    loss                           | 0.442       |
|    n_updates                      | 970         |
|    policy_gradient_loss           | -0.00335    |
|    std                            | 0.0611      |
|    std_max                        | 0.0617      |
|    std_min                        | 0.0604      |
|    value_loss                     | 0.106       |
---------------------------------------------------
[QuadrupedWBCEnv] Reset state env_id=0 z=0.279091 rpy=[-0.0140466, 0.0247102, -0.017963]
---------------------------------------------------
| rollout/                          |             |
|    action_saturation_fraction     | 0           |
|    ep_len_mean                    | 979         |
|    ep_rew_mean                    | 663         |
|    episodes_noforce               | 122         |
|    force_direction_mean           | -1          |
|    force_onset_mean               | 1.4         |
|    force_requested_impulse_mean   | 0           |
|    is_fall_mean                   | 0.0574      |
|    is_timeout_mean                | 0.943       |
|    recovery_noforce               | 0.943       |
|    timeout_without_onset_fraction | 0           |
|    timeouts                       | 115         |
| time/                             |             |
|    fps                            | 7430        |
|    iterations                     | 99          |
|    time_elapsed                   | 1746        |
|    total_timesteps                | 12976128    |
| train/                            |             |
|    action_std_00                  | 0.0611      |
|    action_std_01                  | 0.0611      |
|    action_std_02                  | 0.0606      |
|    action_std_03                  | 0.0615      |
|    action_std_04                  | 0.0611      |
|    action_std_05                  | 0.0618      |
|    action_std_06                  | 0.0608      |
|    action_std_07                  | 0.0615      |
|    action_std_08                  | 0.0611      |
|    action_std_09                  | 0.0618      |
|    action_std_10                  | 0.0609      |
|    action_std_11                  | 0.0618      |
|    action_std_12                  | 0.0614      |
|    action_std_13                  | 0.0615      |
|    action_std_14                  | 0.0616      |
|    action_std_15                  | 0.0611      |
|    action_std_16                  | 0.0609      |
|    action_std_17                  | 0.0609      |
|    action_std_18                  | 0.0612      |
|    action_std_19                  | 0.0616      |
|    action_std_20                  | 0.0607      |
|    action_std_21                  | 0.0613      |
|    action_std_22                  | 0.0608      |
|    action_std_23                  | 0.0606      |
|    action_std_24                  | 0.0614      |
|    approx_kl                      | 0.002400801 |
|    clip_fraction                  | 0.124       |
|    clip_range                     | 0.1         |
|    clip_range_vf                  | 0.2         |
|    entropy_loss                   | 34.4        |
|    explained_variance             | 0.862       |
|    learning_rate                  | 1e-05       |
|    loss                           | 0.478       |
|    n_updates                      | 980         |
|    policy_gradient_loss           | -0.00294    |
|    std                            | 0.0612      |
|    std_max                        | 0.0618      |
|    std_min                        | 0.0606      |
|    value_loss                     | 0.124       |
---------------------------------------------------
----------------------------------------------------
| rollout/                          |              |
|    action_saturation_fraction     | 0            |
|    ep_len_mean                    | 955          |
|    ep_rew_mean                    | 646          |
|    episodes_noforce               | 148          |
|    force_direction_mean           | -1           |
|    force_onset_mean               | 1.41         |
|    force_requested_impulse_mean   | 0            |
|    is_fall_mean                   | 0.0946       |
|    is_timeout_mean                | 0.905        |
|    recovery_noforce               | 0.905        |
|    timeout_without_onset_fraction | 0            |
|    timeouts                       | 134          |
| time/                             |              |
|    fps                            | 7430         |
|    iterations                     | 100          |
|    time_elapsed                   | 1764         |
|    total_timesteps                | 13107200     |
| train/                            |              |
|    action_std_00                  | 0.0612       |
|    action_std_01                  | 0.0613       |
|    action_std_02                  | 0.0607       |
|    action_std_03                  | 0.0616       |
|    action_std_04                  | 0.0612       |
|    action_std_05                  | 0.062        |
|    action_std_06                  | 0.061        |
|    action_std_07                  | 0.0617       |
|    action_std_08                  | 0.0613       |
|    action_std_09                  | 0.0619       |
|    action_std_10                  | 0.061        |
|    action_std_11                  | 0.0619       |
|    action_std_12                  | 0.0615       |
|    action_std_13                  | 0.0616       |
|    action_std_14                  | 0.0617       |
|    action_std_15                  | 0.0612       |
|    action_std_16                  | 0.061        |
|    action_std_17                  | 0.0611       |
|    action_std_18                  | 0.0613       |
|    action_std_19                  | 0.0617       |
|    action_std_20                  | 0.0609       |
|    action_std_21                  | 0.0615       |
|    action_std_22                  | 0.0608       |
|    action_std_23                  | 0.0607       |
|    action_std_24                  | 0.0616       |
|    approx_kl                      | 0.0023843143 |
|    clip_fraction                  | 0.12         |
|    clip_range                     | 0.1          |
|    clip_range_vf                  | 0.2          |
|    entropy_loss                   | 34.3         |
|    explained_variance             | 0.875        |
|    learning_rate                  | 1e-05        |
|    loss                           | 0.451        |
|    n_updates                      | 990          |
|    policy_gradient_loss           | -0.00338     |
|    std                            | 0.0613       |
|    std_max                        | 0.062        |
|    std_min                        | 0.0607       |
|    value_loss                     | 0.0913       |
----------------------------------------------------
[QuadrupedWBCEnv] Reset state env_id=0 z=0.323747 rpy=[-0.0161825, 0.021959, -0.0184166]
----------------------------------------------------
| rollout/                          |              |
|    action_saturation_fraction     | 0            |
|    ep_len_mean                    | 953          |
|    ep_rew_mean                    | 648          |
|    episodes_noforce               | 130          |
|    force_direction_mean           | -1           |
|    force_onset_mean               | 1.4          |
|    force_requested_impulse_mean   | 0            |
|    is_fall_mean                   | 0.146        |
|    is_timeout_mean                | 0.854        |
|    recovery_noforce               | 0.854        |
|    timeout_without_onset_fraction | 0            |
|    timeouts                       | 111          |
| time/                             |              |
|    fps                            | 7429         |
|    iterations                     | 101          |
|    time_elapsed                   | 1781         |
|    total_timesteps                | 13238272     |
| train/                            |              |
|    action_std_00                  | 0.0614       |
|    action_std_01                  | 0.0614       |
|    action_std_02                  | 0.0609       |
|    action_std_03                  | 0.0616       |
|    action_std_04                  | 0.0614       |
|    action_std_05                  | 0.0621       |
|    action_std_06                  | 0.0611       |
|    action_std_07                  | 0.0618       |
|    action_std_08                  | 0.0613       |
|    action_std_09                  | 0.062        |
|    action_std_10                  | 0.0611       |
|    action_std_11                  | 0.062        |
|    action_std_12                  | 0.0617       |
|    action_std_13                  | 0.0618       |
|    action_std_14                  | 0.0619       |
|    action_std_15                  | 0.0614       |
|    action_std_16                  | 0.0611       |
|    action_std_17                  | 0.0611       |
|    action_std_18                  | 0.0614       |
|    action_std_19                  | 0.0619       |
|    action_std_20                  | 0.061        |
|    action_std_21                  | 0.0617       |
|    action_std_22                  | 0.0609       |
|    action_std_23                  | 0.0608       |
|    action_std_24                  | 0.0617       |
|    approx_kl                      | 0.0025193114 |
|    clip_fraction                  | 0.13         |
|    clip_range                     | 0.1          |
|    clip_range_vf                  | 0.2          |
|    entropy_loss                   | 34.3         |
|    explained_variance             | 0.885        |
|    learning_rate                  | 1e-05        |
|    loss                           | 0.459        |
|    n_updates                      | 1000         |
|    policy_gradient_loss           | -0.00352     |
|    std                            | 0.0615       |
|    std_max                        | 0.0621       |
|    std_min                        | 0.0608       |
|    value_loss                     | 0.142        |
----------------------------------------------------
----------------------------------------------------
| rollout/                          |              |
|    action_saturation_fraction     | 0            |
|    ep_len_mean                    | 962          |
|    ep_rew_mean                    | 650          |
|    episodes_noforce               | 138          |
|    force_direction_mean           | -1           |
|    force_onset_mean               | 1.41         |
|    force_requested_impulse_mean   | 0            |
|    is_fall_mean                   | 0.087        |
|    is_timeout_mean                | 0.913        |
|    recovery_noforce               | 0.913        |
|    timeout_without_onset_fraction | 0            |
|    timeouts                       | 126          |
| time/                             |              |
|    fps                            | 7428         |
|    iterations                     | 102          |
|    time_elapsed                   | 1799         |
|    total_timesteps                | 13369344     |
| train/                            |              |
|    action_std_00                  | 0.0616       |
|    action_std_01                  | 0.0615       |
|    action_std_02                  | 0.061        |
|    action_std_03                  | 0.0617       |
|    action_std_04                  | 0.0616       |
|    action_std_05                  | 0.0623       |
|    action_std_06                  | 0.0613       |
|    action_std_07                  | 0.0619       |
|    action_std_08                  | 0.0615       |
|    action_std_09                  | 0.0621       |
|    action_std_10                  | 0.0613       |
|    action_std_11                  | 0.0622       |
|    action_std_12                  | 0.0619       |
|    action_std_13                  | 0.062        |
|    action_std_14                  | 0.0621       |
|    action_std_15                  | 0.0616       |
|    action_std_16                  | 0.0612       |
|    action_std_17                  | 0.0612       |
|    action_std_18                  | 0.0616       |
|    action_std_19                  | 0.062        |
|    action_std_20                  | 0.0612       |
|    action_std_21                  | 0.0618       |
|    action_std_22                  | 0.061        |
|    action_std_23                  | 0.0608       |
|    action_std_24                  | 0.0618       |
|    approx_kl                      | 0.0025456883 |
|    clip_fraction                  | 0.13         |
|    clip_range                     | 0.1          |
|    clip_range_vf                  | 0.2          |
|    entropy_loss                   | 34.2         |
|    explained_variance             | 0.874        |
|    learning_rate                  | 1e-05        |
|    loss                           | 0.487        |
|    n_updates                      | 1010         |
|    policy_gradient_loss           | -0.00346     |
|    std                            | 0.0616       |
|    std_max                        | 0.0623       |
|    std_min                        | 0.0608       |
|    value_loss                     | 0.164        |
----------------------------------------------------
[QuadrupedWBCEnv] Reset state env_id=0 z=0.295404 rpy=[-0.0128135, 0.025109, -0.0180944]
----------------------------------------------------
| rollout/                          |              |
|    action_saturation_fraction     | 0            |
|    ep_len_mean                    | 951          |
|    ep_rew_mean                    | 649          |
|    episodes_noforce               | 131          |
|    force_direction_mean           | -1           |
|    force_onset_mean               | 1.38         |
|    force_requested_impulse_mean   | 0            |
|    is_fall_mean                   | 0.115        |
|    is_timeout_mean                | 0.885        |
|    recovery_noforce               | 0.885        |
|    timeout_without_onset_fraction | 0            |
|    timeouts                       | 116          |
| time/                             |              |
|    fps                            | 7428         |
|    iterations                     | 103          |
|    time_elapsed                   | 1817         |
|    total_timesteps                | 13500416     |
| train/                            |              |
|    action_std_00                  | 0.0617       |
|    action_std_01                  | 0.0616       |
|    action_std_02                  | 0.0611       |
|    action_std_03                  | 0.0619       |
|    action_std_04                  | 0.0618       |
|    action_std_05                  | 0.0623       |
|    action_std_06                  | 0.0614       |
|    action_std_07                  | 0.0621       |
|    action_std_08                  | 0.0616       |
|    action_std_09                  | 0.0623       |
|    action_std_10                  | 0.0614       |
|    action_std_11                  | 0.0624       |
|    action_std_12                  | 0.062        |
|    action_std_13                  | 0.0621       |
|    action_std_14                  | 0.0622       |
|    action_std_15                  | 0.0617       |
|    action_std_16                  | 0.0614       |
|    action_std_17                  | 0.0614       |
|    action_std_18                  | 0.0617       |
|    action_std_19                  | 0.0622       |
|    action_std_20                  | 0.0614       |
|    action_std_21                  | 0.062        |
|    action_std_22                  | 0.0611       |
|    action_std_23                  | 0.061        |
|    action_std_24                  | 0.062        |
|    approx_kl                      | 0.0024594339 |
|    clip_fraction                  | 0.127        |
|    clip_range                     | 0.1          |
|    clip_range_vf                  | 0.2          |
|    entropy_loss                   | 34.2         |
|    explained_variance             | 0.87         |
|    learning_rate                  | 1e-05        |
|    loss                           | 0.536        |
|    n_updates                      | 1020         |
|    policy_gradient_loss           | -0.00343     |
|    std                            | 0.0617       |
|    std_max                        | 0.0624       |
|    std_min                        | 0.061        |
|    value_loss                     | 0.128        |
----------------------------------------------------
----------------------------------------------------
| rollout/                          |              |
|    action_saturation_fraction     | 0            |
|    ep_len_mean                    | 979          |
|    ep_rew_mean                    | 665          |
|    episodes_noforce               | 137          |
|    force_direction_mean           | -1           |
|    force_onset_mean               | 1.4          |
|    force_requested_impulse_mean   | 0            |
|    is_fall_mean                   | 0.0657       |
|    is_timeout_mean                | 0.934        |
|    recovery_noforce               | 0.934        |
|    timeout_without_onset_fraction | 0            |
|    timeouts                       | 128          |
| time/                             |              |
|    fps                            | 7428         |
|    iterations                     | 104          |
|    time_elapsed                   | 1835         |
|    total_timesteps                | 13631488     |
| train/                            |              |
|    action_std_00                  | 0.0619       |
|    action_std_01                  | 0.0617       |
|    action_std_02                  | 0.0613       |
|    action_std_03                  | 0.062        |
|    action_std_04                  | 0.0619       |
|    action_std_05                  | 0.0625       |
|    action_std_06                  | 0.0615       |
|    action_std_07                  | 0.0622       |
|    action_std_08                  | 0.0617       |
|    action_std_09                  | 0.0624       |
|    action_std_10                  | 0.0616       |
|    action_std_11                  | 0.0625       |
|    action_std_12                  | 0.0622       |
|    action_std_13                  | 0.0623       |
|    action_std_14                  | 0.0624       |
|    action_std_15                  | 0.0619       |
|    action_std_16                  | 0.0614       |
|    action_std_17                  | 0.0615       |
|    action_std_18                  | 0.0618       |
|    action_std_19                  | 0.0623       |
|    action_std_20                  | 0.0615       |
|    action_std_21                  | 0.0621       |
|    action_std_22                  | 0.0613       |
|    action_std_23                  | 0.0612       |
|    action_std_24                  | 0.0622       |
|    approx_kl                      | 0.0025886483 |
|    clip_fraction                  | 0.131        |
|    clip_range                     | 0.1          |
|    clip_range_vf                  | 0.2          |
|    entropy_loss                   | 34.1         |
|    explained_variance             | 0.855        |
|    learning_rate                  | 1e-05        |
|    loss                           | 0.553        |
|    n_updates                      | 1030         |
|    policy_gradient_loss           | -0.00327     |
|    std                            | 0.0619       |
|    std_max                        | 0.0625       |
|    std_min                        | 0.0612       |
|    value_loss                     | 0.167        |
----------------------------------------------------
[QuadrupedWBCEnv] Reset state env_id=0 z=0.288173 rpy=[-0.0110252, 0.0249611, -0.0186272]
---------------------------------------------------
| rollout/                          |             |
|    action_saturation_fraction     | 0           |
|    ep_len_mean                    | 972         |
|    ep_rew_mean                    | 659         |
|    episodes_noforce               | 140         |
|    force_direction_mean           | -1          |
|    force_onset_mean               | 1.38        |
|    force_requested_impulse_mean   | 0           |
|    is_fall_mean                   | 0.107       |
|    is_timeout_mean                | 0.893       |
|    recovery_noforce               | 0.893       |
|    timeout_without_onset_fraction | 0           |
|    timeouts                       | 125         |
| time/                             |             |
|    fps                            | 7427        |
|    iterations                     | 105         |
|    time_elapsed                   | 1852        |
|    total_timesteps                | 13762560    |
| train/                            |             |
|    action_std_00                  | 0.062       |
|    action_std_01                  | 0.0618      |
|    action_std_02                  | 0.0614      |
|    action_std_03                  | 0.0622      |
|    action_std_04                  | 0.0621      |
|    action_std_05                  | 0.0626      |
|    action_std_06                  | 0.0617      |
|    action_std_07                  | 0.0624      |
|    action_std_08                  | 0.0618      |
|    action_std_09                  | 0.0626      |
|    action_std_10                  | 0.0618      |
|    action_std_11                  | 0.0627      |
|    action_std_12                  | 0.0623      |
|    action_std_13                  | 0.0624      |
|    action_std_14                  | 0.0625      |
|    action_std_15                  | 0.062       |
|    action_std_16                  | 0.0616      |
|    action_std_17                  | 0.0617      |
|    action_std_18                  | 0.0619      |
|    action_std_19                  | 0.0624      |
|    action_std_20                  | 0.0617      |
|    action_std_21                  | 0.0623      |
|    action_std_22                  | 0.0614      |
|    action_std_23                  | 0.0613      |
|    action_std_24                  | 0.0623      |
|    approx_kl                      | 0.002387711 |
|    clip_fraction                  | 0.127       |
|    clip_range                     | 0.1         |
|    clip_range_vf                  | 0.2         |
|    entropy_loss                   | 34.1        |
|    explained_variance             | 0.848       |
|    learning_rate                  | 1e-05       |
|    loss                           | 0.467       |
|    n_updates                      | 1040        |
|    policy_gradient_loss           | -0.00318    |
|    std                            | 0.062       |
|    std_max                        | 0.0627      |
|    std_min                        | 0.0613      |
|    value_loss                     | 0.114       |
---------------------------------------------------
----------------------------------------------------
| rollout/                          |              |
|    action_saturation_fraction     | 0            |
|    ep_len_mean                    | 968          |
|    ep_rew_mean                    | 655          |
|    episodes_noforce               | 131          |
|    force_direction_mean           | -1           |
|    force_onset_mean               | 1.39         |
|    force_requested_impulse_mean   | 0            |
|    is_fall_mean                   | 0.0763       |
|    is_timeout_mean                | 0.924        |
|    recovery_noforce               | 0.924        |
|    timeout_without_onset_fraction | 0            |
|    timeouts                       | 121          |
| time/                             |              |
|    fps                            | 7427         |
|    iterations                     | 106          |
|    time_elapsed                   | 1870         |
|    total_timesteps                | 13893632     |
| train/                            |              |
|    action_std_00                  | 0.0622       |
|    action_std_01                  | 0.062        |
|    action_std_02                  | 0.0616       |
|    action_std_03                  | 0.0623       |
|    action_std_04                  | 0.0623       |
|    action_std_05                  | 0.0627       |
|    action_std_06                  | 0.0618       |
|    action_std_07                  | 0.0625       |
|    action_std_08                  | 0.062        |
|    action_std_09                  | 0.0626       |
|    action_std_10                  | 0.0619       |
|    action_std_11                  | 0.0628       |
|    action_std_12                  | 0.0625       |
|    action_std_13                  | 0.0625       |
|    action_std_14                  | 0.0627       |
|    action_std_15                  | 0.0621       |
|    action_std_16                  | 0.0617       |
|    action_std_17                  | 0.0619       |
|    action_std_18                  | 0.0621       |
|    action_std_19                  | 0.0626       |
|    action_std_20                  | 0.0618       |
|    action_std_21                  | 0.0624       |
|    action_std_22                  | 0.0616       |
|    action_std_23                  | 0.0614       |
|    action_std_24                  | 0.0624       |
|    approx_kl                      | 0.0025451942 |
|    clip_fraction                  | 0.127        |
|    clip_range                     | 0.1          |
|    clip_range_vf                  | 0.2          |
|    entropy_loss                   | 34           |
|    explained_variance             | 0.903        |
|    learning_rate                  | 1e-05        |
|    loss                           | 0.437        |
|    n_updates                      | 1050         |
|    policy_gradient_loss           | -0.00361     |
|    std                            | 0.0622       |
|    std_max                        | 0.0628       |
|    std_min                        | 0.0614       |
|    value_loss                     | 0.128        |
----------------------------------------------------
[QuadrupedWBCEnv] Reset state env_id=0 z=0.298341 rpy=[-0.0158925, 0.0243205, -0.0182547]
INFO:root:VecNormalize statistics saved at: ./data/v1_ours/quadruped_ppo_model_ckpt_14000896_vecnormalize.pkl
INFO:root:Model saved at: ./data/v1_ours/quadruped_ppo_model_ckpt_14000896.zip
INFO:root:Checkpoint written at 14000896 timesteps
---------------------------------------------------
| rollout/                          |             |
|    action_saturation_fraction     | 0           |
|    ep_len_mean                    | 960         |
|    ep_rew_mean                    | 652         |
|    episodes_noforce               | 145         |
|    force_direction_mean           | -1          |
|    force_onset_mean               | 1.41        |
|    force_requested_impulse_mean   | 0           |
|    is_fall_mean                   | 0.0828      |
|    is_timeout_mean                | 0.917       |
|    recovery_noforce               | 0.917       |
|    timeout_without_onset_fraction | 0           |
|    timeouts                       | 133         |
| time/                             |             |
|    fps                            | 7427        |
|    iterations                     | 107         |
|    time_elapsed                   | 1888        |
|    total_timesteps                | 14024704    |
| train/                            |             |
|    action_std_00                  | 0.0624      |
|    action_std_01                  | 0.0622      |
|    action_std_02                  | 0.0618      |
|    action_std_03                  | 0.0626      |
|    action_std_04                  | 0.0624      |
|    action_std_05                  | 0.0628      |
|    action_std_06                  | 0.062       |
|    action_std_07                  | 0.0627      |
|    action_std_08                  | 0.0622      |
|    action_std_09                  | 0.0628      |
|    action_std_10                  | 0.062       |
|    action_std_11                  | 0.0629      |
|    action_std_12                  | 0.0627      |
|    action_std_13                  | 0.0627      |
|    action_std_14                  | 0.0629      |
|    action_std_15                  | 0.0622      |
|    action_std_16                  | 0.0619      |
|    action_std_17                  | 0.0621      |
|    action_std_18                  | 0.0622      |
|    action_std_19                  | 0.0627      |
|    action_std_20                  | 0.0619      |
|    action_std_21                  | 0.0626      |
|    action_std_22                  | 0.0618      |
|    action_std_23                  | 0.0615      |
|    action_std_24                  | 0.0626      |
|    approx_kl                      | 0.002432254 |
|    clip_fraction                  | 0.123       |
|    clip_range                     | 0.1         |
|    clip_range_vf                  | 0.2         |
|    entropy_loss                   | 33.9        |
|    explained_variance             | 0.859       |
|    learning_rate                  | 1e-05       |
|    loss                           | 0.477       |
|    n_updates                      | 1060        |
|    policy_gradient_loss           | -0.00371    |
|    std                            | 0.0623      |
|    std_max                        | 0.0629      |
|    std_min                        | 0.0615      |
|    value_loss                     | 0.115       |
---------------------------------------------------
----------------------------------------------------
| rollout/                          |              |
|    action_saturation_fraction     | 0            |
|    ep_len_mean                    | 961          |
|    ep_rew_mean                    | 652          |
|    episodes_noforce               | 125          |
|    force_direction_mean           | -1           |
|    force_onset_mean               | 1.39         |
|    force_requested_impulse_mean   | 0            |
|    is_fall_mean                   | 0.072        |
|    is_timeout_mean                | 0.928        |
|    recovery_noforce               | 0.928        |
|    timeout_without_onset_fraction | 0            |
|    timeouts                       | 116          |
| time/                             |              |
|    fps                            | 7427         |
|    iterations                     | 108          |
|    time_elapsed                   | 1905         |
|    total_timesteps                | 14155776     |
| train/                            |              |
|    action_std_00                  | 0.0625       |
|    action_std_01                  | 0.0622       |
|    action_std_02                  | 0.0619       |
|    action_std_03                  | 0.0627       |
|    action_std_04                  | 0.0626       |
|    action_std_05                  | 0.063        |
|    action_std_06                  | 0.0621       |
|    action_std_07                  | 0.0628       |
|    action_std_08                  | 0.0624       |
|    action_std_09                  | 0.0629       |
|    action_std_10                  | 0.0622       |
|    action_std_11                  | 0.063        |
|    action_std_12                  | 0.0628       |
|    action_std_13                  | 0.0628       |
|    action_std_14                  | 0.063        |
|    action_std_15                  | 0.0623       |
|    action_std_16                  | 0.0621       |
|    action_std_17                  | 0.0623       |
|    action_std_18                  | 0.0624       |
|    action_std_19                  | 0.0628       |
|    action_std_20                  | 0.0621       |
|    action_std_21                  | 0.0627       |
|    action_std_22                  | 0.0619       |
|    action_std_23                  | 0.0616       |
|    action_std_24                  | 0.0627       |
|    approx_kl                      | 0.0024037226 |
|    clip_fraction                  | 0.122        |
|    clip_range                     | 0.1          |
|    clip_range_vf                  | 0.2          |
|    entropy_loss                   | 33.9         |
|    explained_variance             | 0.889        |
|    learning_rate                  | 1e-05        |
|    loss                           | 0.464        |
|    n_updates                      | 1070         |
|    policy_gradient_loss           | -0.0034      |
|    std                            | 0.0625       |
|    std_max                        | 0.063        |
|    std_min                        | 0.0616       |
|    value_loss                     | 0.0998       |
----------------------------------------------------
[QuadrupedWBCEnv] Reset state env_id=0 z=0.284696 rpy=[-0.0120514, 0.0235642, -0.018219]
----------------------------------------------------
| rollout/                          |              |
|    action_saturation_fraction     | 0            |
|    ep_len_mean                    | 982          |
|    ep_rew_mean                    | 666          |
|    episodes_noforce               | 148          |
|    force_direction_mean           | -1           |
|    force_onset_mean               | 1.38         |
|    force_requested_impulse_mean   | 0            |
|    is_fall_mean                   | 0.101        |
|    is_timeout_mean                | 0.899        |
|    recovery_noforce               | 0.899        |
|    timeout_without_onset_fraction | 0            |
|    timeouts                       | 133          |
| time/                             |              |
|    fps                            | 7427         |
|    iterations                     | 109          |
|    time_elapsed                   | 1923         |
|    total_timesteps                | 14286848     |
| train/                            |              |
|    action_std_00                  | 0.0627       |
|    action_std_01                  | 0.0624       |
|    action_std_02                  | 0.0621       |
|    action_std_03                  | 0.0628       |
|    action_std_04                  | 0.0626       |
|    action_std_05                  | 0.063        |
|    action_std_06                  | 0.0622       |
|    action_std_07                  | 0.0629       |
|    action_std_08                  | 0.0625       |
|    action_std_09                  | 0.0631       |
|    action_std_10                  | 0.0624       |
|    action_std_11                  | 0.0632       |
|    action_std_12                  | 0.063        |
|    action_std_13                  | 0.0628       |
|    action_std_14                  | 0.0632       |
|    action_std_15                  | 0.0624       |
|    action_std_16                  | 0.0622       |
|    action_std_17                  | 0.0624       |
|    action_std_18                  | 0.0626       |
|    action_std_19                  | 0.0629       |
|    action_std_20                  | 0.0623       |
|    action_std_21                  | 0.0629       |
|    action_std_22                  | 0.062        |
|    action_std_23                  | 0.0617       |
|    action_std_24                  | 0.0629       |
|    approx_kl                      | 0.0024633445 |
|    clip_fraction                  | 0.128        |
|    clip_range                     | 0.1          |
|    clip_range_vf                  | 0.2          |
|    entropy_loss                   | 33.8         |
|    explained_variance             | 0.86         |
|    learning_rate                  | 1e-05        |
|    loss                           | 0.48         |
|    n_updates                      | 1080         |
|    policy_gradient_loss           | -0.00345     |
|    std                            | 0.0626       |
|    std_max                        | 0.0632       |
|    std_min                        | 0.0617       |
|    value_loss                     | 0.124        |
----------------------------------------------------
----------------------------------------------------
| rollout/                          |              |
|    action_saturation_fraction     | 0            |
|    ep_len_mean                    | 943          |
|    ep_rew_mean                    | 644          |
|    episodes_noforce               | 124          |
|    force_direction_mean           | -1           |
|    force_onset_mean               | 1.39         |
|    force_requested_impulse_mean   | 0            |
|    is_fall_mean                   | 0.113        |
|    is_timeout_mean                | 0.887        |
|    recovery_noforce               | 0.887        |
|    timeout_without_onset_fraction | 0            |
|    timeouts                       | 110          |
| time/                             |              |
|    fps                            | 7426         |
|    iterations                     | 110          |
|    time_elapsed                   | 1941         |
|    total_timesteps                | 14417920     |
| train/                            |              |
|    action_std_00                  | 0.0628       |
|    action_std_01                  | 0.0625       |
|    action_std_02                  | 0.0622       |
|    action_std_03                  | 0.0629       |
|    action_std_04                  | 0.0628       |
|    action_std_05                  | 0.0633       |
|    action_std_06                  | 0.0624       |
|    action_std_07                  | 0.063        |
|    action_std_08                  | 0.0626       |
|    action_std_09                  | 0.0632       |
|    action_std_10                  | 0.0626       |
|    action_std_11                  | 0.0633       |
|    action_std_12                  | 0.0631       |
|    action_std_13                  | 0.063        |
|    action_std_14                  | 0.0634       |
|    action_std_15                  | 0.0626       |
|    action_std_16                  | 0.0624       |
|    action_std_17                  | 0.0626       |
|    action_std_18                  | 0.0627       |
|    action_std_19                  | 0.063        |
|    action_std_20                  | 0.0624       |
|    action_std_21                  | 0.0631       |
|    action_std_22                  | 0.0621       |
|    action_std_23                  | 0.0619       |
|    action_std_24                  | 0.0631       |
|    approx_kl                      | 0.0023461226 |
|    clip_fraction                  | 0.122        |
|    clip_range                     | 0.1          |
|    clip_range_vf                  | 0.2          |
|    entropy_loss                   | 33.8         |
|    explained_variance             | 0.871        |
|    learning_rate                  | 1e-05        |
|    loss                           | 0.435        |
|    n_updates                      | 1090         |
|    policy_gradient_loss           | -0.00371     |
|    std                            | 0.0628       |
|    std_max                        | 0.0634       |
|    std_min                        | 0.0619       |
|    value_loss                     | 0.115        |
----------------------------------------------------
[QuadrupedWBCEnv] Reset state env_id=0 z=0.326782 rpy=[-0.0108567, 0.0219267, -0.0186949]
---------------------------------------------------
| rollout/                          |             |
|    action_saturation_fraction     | 0           |
|    ep_len_mean                    | 980         |
|    ep_rew_mean                    | 669         |
|    episodes_noforce               | 142         |
|    force_direction_mean           | -1          |
|    force_onset_mean               | 1.39        |
|    force_requested_impulse_mean   | 0           |
|    is_fall_mean                   | 0.0704      |
|    is_timeout_mean                | 0.93        |
|    recovery_noforce               | 0.93        |
|    timeout_without_onset_fraction | 0           |
|    timeouts                       | 132         |
| time/                             |             |
|    fps                            | 7426        |
|    iterations                     | 111         |
|    time_elapsed                   | 1959        |
|    total_timesteps                | 14548992    |
| train/                            |             |
|    action_std_00                  | 0.0629      |
|    action_std_01                  | 0.0626      |
|    action_std_02                  | 0.0623      |
|    action_std_03                  | 0.0631      |
|    action_std_04                  | 0.063       |
|    action_std_05                  | 0.0635      |
|    action_std_06                  | 0.0626      |
|    action_std_07                  | 0.0632      |
|    action_std_08                  | 0.0628      |
|    action_std_09                  | 0.0633      |
|    action_std_10                  | 0.0628      |
|    action_std_11                  | 0.0634      |
|    action_std_12                  | 0.0632      |
|    action_std_13                  | 0.0631      |
|    action_std_14                  | 0.0636      |
|    action_std_15                  | 0.0627      |
|    action_std_16                  | 0.0626      |
|    action_std_17                  | 0.0627      |
|    action_std_18                  | 0.0628      |
|    action_std_19                  | 0.063       |
|    action_std_20                  | 0.0625      |
|    action_std_21                  | 0.0632      |
|    action_std_22                  | 0.0622      |
|    action_std_23                  | 0.062       |
|    action_std_24                  | 0.0632      |
|    approx_kl                      | 0.002445192 |
|    clip_fraction                  | 0.126       |
|    clip_range                     | 0.1         |
|    clip_range_vf                  | 0.2         |
|    entropy_loss                   | 33.7        |
|    explained_variance             | 0.887       |
|    learning_rate                  | 1e-05       |
|    loss                           | 0.4         |
|    n_updates                      | 1100        |
|    policy_gradient_loss           | -0.0034     |
|    std                            | 0.0629      |
|    std_max                        | 0.0636      |
|    std_min                        | 0.062       |
|    value_loss                     | 0.125       |
---------------------------------------------------
----------------------------------------------------
| rollout/                          |              |
|    action_saturation_fraction     | 0            |
|    ep_len_mean                    | 942          |
|    ep_rew_mean                    | 641          |
|    episodes_noforce               | 132          |
|    force_direction_mean           | -1           |
|    force_onset_mean               | 1.39         |
|    force_requested_impulse_mean   | 0            |
|    is_fall_mean                   | 0.106        |
|    is_timeout_mean                | 0.894        |
|    recovery_noforce               | 0.894        |
|    timeout_without_onset_fraction | 0            |
|    timeouts                       | 118          |
| time/                             |              |
|    fps                            | 7425         |
|    iterations                     | 112          |
|    time_elapsed                   | 1977         |
|    total_timesteps                | 14680064     |
| train/                            |              |
|    action_std_00                  | 0.0631       |
|    action_std_01                  | 0.0627       |
|    action_std_02                  | 0.0625       |
|    action_std_03                  | 0.0633       |
|    action_std_04                  | 0.0632       |
|    action_std_05                  | 0.0636       |
|    action_std_06                  | 0.0628       |
|    action_std_07                  | 0.0633       |
|    action_std_08                  | 0.0629       |
|    action_std_09                  | 0.0634       |
|    action_std_10                  | 0.0629       |
|    action_std_11                  | 0.0635       |
|    action_std_12                  | 0.0633       |
|    action_std_13                  | 0.0632       |
|    action_std_14                  | 0.0638       |
|    action_std_15                  | 0.0628       |
|    action_std_16                  | 0.0627       |
|    action_std_17                  | 0.0629       |
|    action_std_18                  | 0.063        |
|    action_std_19                  | 0.0632       |
|    action_std_20                  | 0.0627       |
|    action_std_21                  | 0.0634       |
|    action_std_22                  | 0.0624       |
|    action_std_23                  | 0.0621       |
|    action_std_24                  | 0.0634       |
|    approx_kl                      | 0.0023608038 |
|    clip_fraction                  | 0.119        |
|    clip_range                     | 0.1          |
|    clip_range_vf                  | 0.2          |
|    entropy_loss                   | 33.7         |
|    explained_variance             | 0.85         |
|    learning_rate                  | 1e-05        |
|    loss                           | 0.474        |
|    n_updates                      | 1110         |
|    policy_gradient_loss           | -0.00313     |
|    std                            | 0.063        |
|    std_max                        | 0.0638       |
|    std_min                        | 0.0621       |
|    value_loss                     | 0.105        |
----------------------------------------------------
[QuadrupedWBCEnv] Reset state env_id=0 z=0.290949 rpy=[-0.0120135, 0.0231949, -0.0183845]
---------------------------------------------------
| rollout/                          |             |
|    action_saturation_fraction     | 0           |
|    ep_len_mean                    | 970         |
|    ep_rew_mean                    | 658         |
|    episodes_noforce               | 143         |
|    force_direction_mean           | -1          |
|    force_onset_mean               | 1.4         |
|    force_requested_impulse_mean   | 0           |
|    is_fall_mean                   | 0.049       |
|    is_timeout_mean                | 0.951       |
|    recovery_noforce               | 0.951       |
|    timeout_without_onset_fraction | 0           |
|    timeouts                       | 136         |
| time/                             |             |
|    fps                            | 7424        |
|    iterations                     | 113         |
|    time_elapsed                   | 1994        |
|    total_timesteps                | 14811136    |
| train/                            |             |
|    action_std_00                  | 0.0632      |
|    action_std_01                  | 0.0629      |
|    action_std_02                  | 0.0626      |
|    action_std_03                  | 0.0634      |
|    action_std_04                  | 0.0633      |
|    action_std_05                  | 0.0638      |
|    action_std_06                  | 0.063       |
|    action_std_07                  | 0.0635      |
|    action_std_08                  | 0.063       |
|    action_std_09                  | 0.0635      |
|    action_std_10                  | 0.063       |
|    action_std_11                  | 0.0636      |
|    action_std_12                  | 0.0635      |
|    action_std_13                  | 0.0633      |
|    action_std_14                  | 0.0639      |
|    action_std_15                  | 0.0629      |
|    action_std_16                  | 0.0628      |
|    action_std_17                  | 0.0631      |
|    action_std_18                  | 0.0632      |
|    action_std_19                  | 0.0633      |
|    action_std_20                  | 0.0628      |
|    action_std_21                  | 0.0635      |
|    action_std_22                  | 0.0626      |
|    action_std_23                  | 0.0623      |
|    action_std_24                  | 0.0636      |
|    approx_kl                      | 0.002462334 |
|    clip_fraction                  | 0.125       |
|    clip_range                     | 0.1         |
|    clip_range_vf                  | 0.2         |
|    entropy_loss                   | 33.6        |
|    explained_variance             | 0.861       |
|    learning_rate                  | 1e-05       |
|    loss                           | 0.464       |
|    n_updates                      | 1120        |
|    policy_gradient_loss           | -0.00351    |
|    std                            | 0.0632      |
|    std_max                        | 0.0639      |
|    std_min                        | 0.0623      |
|    value_loss                     | 0.12        |
---------------------------------------------------
----------------------------------------------------
| rollout/                          |              |
|    action_saturation_fraction     | 0            |
|    ep_len_mean                    | 976          |
|    ep_rew_mean                    | 664          |
|    episodes_noforce               | 127          |
|    force_direction_mean           | -1           |
|    force_onset_mean               | 1.39         |
|    force_requested_impulse_mean   | 0            |
|    is_fall_mean                   | 0.0945       |
|    is_timeout_mean                | 0.906        |
|    recovery_noforce               | 0.906        |
|    timeout_without_onset_fraction | 0            |
|    timeouts                       | 115          |
| time/                             |              |
|    fps                            | 7424         |
|    iterations                     | 114          |
|    time_elapsed                   | 2012         |
|    total_timesteps                | 14942208     |
| train/                            |              |
|    action_std_00                  | 0.0634       |
|    action_std_01                  | 0.063        |
|    action_std_02                  | 0.0627       |
|    action_std_03                  | 0.0636       |
|    action_std_04                  | 0.0634       |
|    action_std_05                  | 0.0639       |
|    action_std_06                  | 0.0631       |
|    action_std_07                  | 0.0636       |
|    action_std_08                  | 0.0631       |
|    action_std_09                  | 0.0637       |
|    action_std_10                  | 0.0631       |
|    action_std_11                  | 0.0638       |
|    action_std_12                  | 0.0636       |
|    action_std_13                  | 0.0634       |
|    action_std_14                  | 0.0641       |
|    action_std_15                  | 0.0631       |
|    action_std_16                  | 0.0631       |
|    action_std_17                  | 0.0632       |
|    action_std_18                  | 0.0633       |
|    action_std_19                  | 0.0634       |
|    action_std_20                  | 0.0629       |
|    action_std_21                  | 0.0637       |
|    action_std_22                  | 0.0627       |
|    action_std_23                  | 0.0623       |
|    action_std_24                  | 0.0638       |
|    approx_kl                      | 0.0023983733 |
|    clip_fraction                  | 0.125        |
|    clip_range                     | 0.1          |
|    clip_range_vf                  | 0.2          |
|    entropy_loss                   | 33.5         |
|    explained_variance             | 0.886        |
|    learning_rate                  | 1e-05        |
|    loss                           | 0.422        |
|    n_updates                      | 1130         |
|    policy_gradient_loss           | -0.00321     |
|    std                            | 0.0633       |
|    std_max                        | 0.0641       |
|    std_min                        | 0.0623       |
|    value_loss                     | 0.101        |
----------------------------------------------------
[QuadrupedWBCEnv] Reset state env_id=0 z=0.323722 rpy=[-0.0153526, 0.0229968, -0.0186548]
----------------------------------------------------
| rollout/                          |              |
|    action_saturation_fraction     | 0            |
|    ep_len_mean                    | 954          |
|    ep_rew_mean                    | 646          |
|    episodes_noforce               | 143          |
|    force_direction_mean           | -1           |
|    force_onset_mean               | 1.42         |
|    force_requested_impulse_mean   | 0            |
|    is_fall_mean                   | 0.0979       |
|    is_timeout_mean                | 0.902        |
|    recovery_noforce               | 0.902        |
|    timeout_without_onset_fraction | 0            |
|    timeouts                       | 129          |
| time/                             |              |
|    fps                            | 7423         |
|    iterations                     | 115          |
|    time_elapsed                   | 2030         |
|    total_timesteps                | 15073280     |
| train/                            |              |
|    action_std_00                  | 0.0635       |
|    action_std_01                  | 0.0631       |
|    action_std_02                  | 0.0628       |
|    action_std_03                  | 0.0637       |
|    action_std_04                  | 0.0635       |
|    action_std_05                  | 0.0641       |
|    action_std_06                  | 0.0633       |
|    action_std_07                  | 0.0637       |
|    action_std_08                  | 0.0632       |
|    action_std_09                  | 0.0638       |
|    action_std_10                  | 0.0634       |
|    action_std_11                  | 0.064        |
|    action_std_12                  | 0.0637       |
|    action_std_13                  | 0.0636       |
|    action_std_14                  | 0.0643       |
|    action_std_15                  | 0.0632       |
|    action_std_16                  | 0.0632       |
|    action_std_17                  | 0.0634       |
|    action_std_18                  | 0.0635       |
|    action_std_19                  | 0.0635       |
|    action_std_20                  | 0.063        |
|    action_std_21                  | 0.0637       |
|    action_std_22                  | 0.0628       |
|    action_std_23                  | 0.0625       |
|    action_std_24                  | 0.0641       |
|    approx_kl                      | 0.0023678062 |
|    clip_fraction                  | 0.123        |
|    clip_range                     | 0.1          |
|    clip_range_vf                  | 0.2          |
|    entropy_loss                   | 33.5         |
|    explained_variance             | 0.899        |
|    learning_rate                  | 1e-05        |
|    loss                           | 0.427        |
|    n_updates                      | 1140         |
|    policy_gradient_loss           | -0.00349     |
|    std                            | 0.0635       |
|    std_max                        | 0.0643       |
|    std_min                        | 0.0625       |
|    value_loss                     | 0.113        |
----------------------------------------------------
----------------------------------------------------
| rollout/                          |              |
|    action_saturation_fraction     | 0            |
|    ep_len_mean                    | 955          |
|    ep_rew_mean                    | 649          |
|    episodes_noforce               | 128          |
|    force_direction_mean           | -1           |
|    force_onset_mean               | 1.4          |
|    force_requested_impulse_mean   | 0            |
|    is_fall_mean                   | 0.0781       |
|    is_timeout_mean                | 0.922        |
|    recovery_noforce               | 0.922        |
|    timeout_without_onset_fraction | 0            |
|    timeouts                       | 118          |
| time/                             |              |
|    fps                            | 7423         |
|    iterations                     | 116          |
|    time_elapsed                   | 2048         |
|    total_timesteps                | 15204352     |
| train/                            |              |
|    action_std_00                  | 0.0637       |
|    action_std_01                  | 0.0633       |
|    action_std_02                  | 0.0629       |
|    action_std_03                  | 0.0638       |
|    action_std_04                  | 0.0637       |
|    action_std_05                  | 0.0641       |
|    action_std_06                  | 0.0635       |
|    action_std_07                  | 0.0639       |
|    action_std_08                  | 0.0634       |
|    action_std_09                  | 0.0639       |
|    action_std_10                  | 0.0635       |
|    action_std_11                  | 0.0642       |
|    action_std_12                  | 0.0639       |
|    action_std_13                  | 0.0638       |
|    action_std_14                  | 0.0644       |
|    action_std_15                  | 0.0634       |
|    action_std_16                  | 0.0634       |
|    action_std_17                  | 0.0635       |
|    action_std_18                  | 0.0636       |
|    action_std_19                  | 0.0636       |
|    action_std_20                  | 0.0631       |
|    action_std_21                  | 0.0638       |
|    action_std_22                  | 0.0629       |
|    action_std_23                  | 0.0627       |
|    action_std_24                  | 0.0642       |
|    approx_kl                      | 0.0023587167 |
|    clip_fraction                  | 0.121        |
|    clip_range                     | 0.1          |
|    clip_range_vf                  | 0.2          |
|    entropy_loss                   | 33.4         |
|    explained_variance             | 0.886        |
|    learning_rate                  | 1e-05        |
|    loss                           | 0.439        |
|    n_updates                      | 1150         |
|    policy_gradient_loss           | -0.00366     |
|    std                            | 0.0636       |
|    std_max                        | 0.0644       |
|    std_min                        | 0.0627       |
|    value_loss                     | 0.132        |
----------------------------------------------------
[QuadrupedWBCEnv] Reset state env_id=0 z=0.271524 rpy=[-0.0114965, 0.0248389, -0.0179731]
---------------------------------------------------
| rollout/                          |             |
|    action_saturation_fraction     | 0           |
|    ep_len_mean                    | 972         |
|    ep_rew_mean                    | 661         |
|    episodes_noforce               | 138         |
|    force_direction_mean           | -1          |
|    force_onset_mean               | 1.4         |
|    force_requested_impulse_mean   | 0           |
|    is_fall_mean                   | 0.0652      |
|    is_timeout_mean                | 0.935       |
|    recovery_noforce               | 0.935       |
|    timeout_without_onset_fraction | 0           |
|    timeouts                       | 129         |
| time/                             |             |
|    fps                            | 7424        |
|    iterations                     | 117         |
|    time_elapsed                   | 2065        |
|    total_timesteps                | 15335424    |
| train/                            |             |
|    action_std_00                  | 0.0638      |
|    action_std_01                  | 0.0634      |
|    action_std_02                  | 0.0631      |
|    action_std_03                  | 0.0639      |
|    action_std_04                  | 0.0638      |
|    action_std_05                  | 0.0643      |
|    action_std_06                  | 0.0636      |
|    action_std_07                  | 0.0639      |
|    action_std_08                  | 0.0636      |
|    action_std_09                  | 0.0641      |
|    action_std_10                  | 0.0637      |
|    action_std_11                  | 0.0643      |
|    action_std_12                  | 0.064       |
|    action_std_13                  | 0.064       |
|    action_std_14                  | 0.0645      |
|    action_std_15                  | 0.0635      |
|    action_std_16                  | 0.0635      |
|    action_std_17                  | 0.0637      |
|    action_std_18                  | 0.0637      |
|    action_std_19                  | 0.0638      |
|    action_std_20                  | 0.0633      |
|    action_std_21                  | 0.064       |
|    action_std_22                  | 0.0631      |
|    action_std_23                  | 0.0628      |
|    action_std_24                  | 0.0643      |
|    approx_kl                      | 0.002264416 |
|    clip_fraction                  | 0.116       |
|    clip_range                     | 0.1         |
|    clip_range_vf                  | 0.2         |
|    entropy_loss                   | 33.4        |
|    explained_variance             | 0.886       |
|    learning_rate                  | 1e-05       |
|    loss                           | 0.394       |
|    n_updates                      | 1160        |
|    policy_gradient_loss           | -0.00342    |
|    std                            | 0.0637      |
|    std_max                        | 0.0645      |
|    std_min                        | 0.0628      |
|    value_loss                     | 0.111       |
---------------------------------------------------
---------------------------------------------------
| rollout/                          |             |
|    action_saturation_fraction     | 0           |
|    ep_len_mean                    | 958         |
|    ep_rew_mean                    | 652         |
|    episodes_noforce               | 134         |
|    force_direction_mean           | -1          |
|    force_onset_mean               | 1.4         |
|    force_requested_impulse_mean   | 0           |
|    is_fall_mean                   | 0.0821      |
|    is_timeout_mean                | 0.918       |
|    recovery_noforce               | 0.918       |
|    timeout_without_onset_fraction | 0           |
|    timeouts                       | 123         |
| time/                             |             |
|    fps                            | 7423        |
|    iterations                     | 118         |
|    time_elapsed                   | 2083        |
|    total_timesteps                | 15466496    |
| train/                            |             |
|    action_std_00                  | 0.064       |
|    action_std_01                  | 0.0635      |
|    action_std_02                  | 0.0634      |
|    action_std_03                  | 0.064       |
|    action_std_04                  | 0.0641      |
|    action_std_05                  | 0.0644      |
|    action_std_06                  | 0.0637      |
|    action_std_07                  | 0.0641      |
|    action_std_08                  | 0.0638      |
|    action_std_09                  | 0.0643      |
|    action_std_10                  | 0.0639      |
|    action_std_11                  | 0.0644      |
|    action_std_12                  | 0.0642      |
|    action_std_13                  | 0.0642      |
|    action_std_14                  | 0.0646      |
|    action_std_15                  | 0.0637      |
|    action_std_16                  | 0.0637      |
|    action_std_17                  | 0.0639      |
|    action_std_18                  | 0.0638      |
|    action_std_19                  | 0.0639      |
|    action_std_20                  | 0.0634      |
|    action_std_21                  | 0.0641      |
|    action_std_22                  | 0.0632      |
|    action_std_23                  | 0.0629      |
|    action_std_24                  | 0.0644      |
|    approx_kl                      | 0.002361195 |
|    clip_fraction                  | 0.119       |
|    clip_range                     | 0.1         |
|    clip_range_vf                  | 0.2         |
|    entropy_loss                   | 33.3        |
|    explained_variance             | 0.841       |
|    learning_rate                  | 1e-05       |
|    loss                           | 0.401       |
|    n_updates                      | 1170        |
|    policy_gradient_loss           | -0.00351    |
|    std                            | 0.0639      |
|    std_max                        | 0.0646      |
|    std_min                        | 0.0629      |
|    value_loss                     | 0.102       |
---------------------------------------------------
[QuadrupedWBCEnv] Reset state env_id=0 z=0.276426 rpy=[-0.0112966, 0.0249148, -0.0182333]
---------------------------------------------------
| rollout/                          |             |
|    action_saturation_fraction     | 0           |
|    ep_len_mean                    | 968         |
|    ep_rew_mean                    | 661         |
|    episodes_noforce               | 137         |
|    force_direction_mean           | -1          |
|    force_onset_mean               | 1.4         |
|    force_requested_impulse_mean   | 0           |
|    is_fall_mean                   | 0.0584      |
|    is_timeout_mean                | 0.942       |
|    recovery_noforce               | 0.942       |
|    timeout_without_onset_fraction | 0           |
|    timeouts                       | 129         |
| time/                             |             |
|    fps                            | 7423        |
|    iterations                     | 119         |
|    time_elapsed                   | 2101        |
|    total_timesteps                | 15597568    |
| train/                            |             |
|    action_std_00                  | 0.0642      |
|    action_std_01                  | 0.0635      |
|    action_std_02                  | 0.0636      |
|    action_std_03                  | 0.0643      |
|    action_std_04                  | 0.0642      |
|    action_std_05                  | 0.0646      |
|    action_std_06                  | 0.0638      |
|    action_std_07                  | 0.0643      |
|    action_std_08                  | 0.0639      |
|    action_std_09                  | 0.0644      |
|    action_std_10                  | 0.064       |
|    action_std_11                  | 0.0645      |
|    action_std_12                  | 0.0643      |
|    action_std_13                  | 0.0643      |
|    action_std_14                  | 0.0647      |
|    action_std_15                  | 0.0638      |
|    action_std_16                  | 0.0638      |
|    action_std_17                  | 0.0639      |
|    action_std_18                  | 0.064       |
|    action_std_19                  | 0.064       |
|    action_std_20                  | 0.0636      |
|    action_std_21                  | 0.0642      |
|    action_std_22                  | 0.0634      |
|    action_std_23                  | 0.063       |
|    action_std_24                  | 0.0646      |
|    approx_kl                      | 0.002509223 |
|    clip_fraction                  | 0.128       |
|    clip_range                     | 0.1         |
|    clip_range_vf                  | 0.2         |
|    entropy_loss                   | 33.3        |
|    explained_variance             | 0.861       |
|    learning_rate                  | 1e-05       |
|    loss                           | 0.458       |
|    n_updates                      | 1180        |
|    policy_gradient_loss           | -0.00315    |
|    std                            | 0.0641      |
|    std_max                        | 0.0647      |
|    std_min                        | 0.063       |
|    value_loss                     | 0.13        |
---------------------------------------------------
---------------------------------------------------
| rollout/                          |             |
|    action_saturation_fraction     | 0           |
|    ep_len_mean                    | 980         |
|    ep_rew_mean                    | 669         |
|    episodes_noforce               | 146         |
|    force_direction_mean           | -1          |
|    force_onset_mean               | 1.41        |
|    force_requested_impulse_mean   | 0           |
|    is_fall_mean                   | 0.089       |
|    is_timeout_mean                | 0.911       |
|    recovery_noforce               | 0.911       |
|    timeout_without_onset_fraction | 0           |
|    timeouts                       | 133         |
| time/                             |             |
|    fps                            | 7423        |
|    iterations                     | 120         |
|    time_elapsed                   | 2118        |
|    total_timesteps                | 15728640    |
| train/                            |             |
|    action_std_00                  | 0.0643      |
|    action_std_01                  | 0.0637      |
|    action_std_02                  | 0.0637      |
|    action_std_03                  | 0.0645      |
|    action_std_04                  | 0.0644      |
|    action_std_05                  | 0.0648      |
|    action_std_06                  | 0.064       |
|    action_std_07                  | 0.0644      |
|    action_std_08                  | 0.064       |
|    action_std_09                  | 0.0646      |
|    action_std_10                  | 0.0643      |
|    action_std_11                  | 0.0646      |
|    action_std_12                  | 0.0645      |
|    action_std_13                  | 0.0646      |
|    action_std_14                  | 0.0648      |
|    action_std_15                  | 0.0639      |
|    action_std_16                  | 0.064       |
|    action_std_17                  | 0.064       |
|    action_std_18                  | 0.0641      |
|    action_std_19                  | 0.0642      |
|    action_std_20                  | 0.0637      |
|    action_std_21                  | 0.0643      |
|    action_std_22                  | 0.0635      |
|    action_std_23                  | 0.0632      |
|    action_std_24                  | 0.0648      |
|    approx_kl                      | 0.002334626 |
|    clip_fraction                  | 0.12        |
|    clip_range                     | 0.1         |
|    clip_range_vf                  | 0.2         |
|    entropy_loss                   | 33.2        |
|    explained_variance             | 0.869       |
|    learning_rate                  | 1e-05       |
|    loss                           | 0.413       |
|    n_updates                      | 1190        |
|    policy_gradient_loss           | -0.00347    |
|    std                            | 0.0642      |
|    std_max                        | 0.0648      |
|    std_min                        | 0.0632      |
|    value_loss                     | 0.0891      |
---------------------------------------------------
[QuadrupedWBCEnv] Reset state env_id=0 z=0.271044 rpy=[-0.0108749, 0.0251193, -0.0183061]
----------------------------------------------------
| rollout/                          |              |
|    action_saturation_fraction     | 0            |
|    ep_len_mean                    | 973          |
|    ep_rew_mean                    | 661          |
|    episodes_noforce               | 125          |
|    force_direction_mean           | -1           |
|    force_onset_mean               | 1.43         |
|    force_requested_impulse_mean   | 0            |
|    is_fall_mean                   | 0.104        |
|    is_timeout_mean                | 0.896        |
|    recovery_noforce               | 0.896        |
|    timeout_without_onset_fraction | 0            |
|    timeouts                       | 112          |
| time/                             |              |
|    fps                            | 7423         |
|    iterations                     | 121          |
|    time_elapsed                   | 2136         |
|    total_timesteps                | 15859712     |
| train/                            |              |
|    action_std_00                  | 0.0644       |
|    action_std_01                  | 0.0639       |
|    action_std_02                  | 0.0639       |
|    action_std_03                  | 0.0646       |
|    action_std_04                  | 0.0645       |
|    action_std_05                  | 0.0649       |
|    action_std_06                  | 0.0641       |
|    action_std_07                  | 0.0646       |
|    action_std_08                  | 0.0642       |
|    action_std_09                  | 0.0647       |
|    action_std_10                  | 0.0644       |
|    action_std_11                  | 0.0647       |
|    action_std_12                  | 0.0646       |
|    action_std_13                  | 0.0648       |
|    action_std_14                  | 0.0649       |
|    action_std_15                  | 0.0641       |
|    action_std_16                  | 0.0641       |
|    action_std_17                  | 0.0642       |
|    action_std_18                  | 0.0642       |
|    action_std_19                  | 0.0643       |
|    action_std_20                  | 0.0639       |
|    action_std_21                  | 0.0644       |
|    action_std_22                  | 0.0636       |
|    action_std_23                  | 0.0633       |
|    action_std_24                  | 0.0649       |
|    approx_kl                      | 0.0024409608 |
|    clip_fraction                  | 0.129        |
|    clip_range                     | 0.1          |
|    clip_range_vf                  | 0.2          |
|    entropy_loss                   | 33.1         |
|    explained_variance             | 0.89         |
|    learning_rate                  | 1e-05        |
|    loss                           | 0.511        |
|    n_updates                      | 1200         |
|    policy_gradient_loss           | -0.00385     |
|    std                            | 0.0643       |
|    std_max                        | 0.0649       |
|    std_min                        | 0.0633       |
|    value_loss                     | 0.123        |
----------------------------------------------------
----------------------------------------------------
| rollout/                          |              |
|    action_saturation_fraction     | 0            |
|    ep_len_mean                    | 950          |
|    ep_rew_mean                    | 645          |
|    episodes_noforce               | 141          |
|    force_direction_mean           | -1           |
|    force_onset_mean               | 1.38         |
|    force_requested_impulse_mean   | 0            |
|    is_fall_mean                   | 0.0922       |
|    is_timeout_mean                | 0.908        |
|    recovery_noforce               | 0.908        |
|    timeout_without_onset_fraction | 0            |
|    timeouts                       | 128          |
| time/                             |              |
|    fps                            | 7423         |
|    iterations                     | 122          |
|    time_elapsed                   | 2154         |
|    total_timesteps                | 15990784     |
| train/                            |              |
|    action_std_00                  | 0.0646       |
|    action_std_01                  | 0.0641       |
|    action_std_02                  | 0.0641       |
|    action_std_03                  | 0.0648       |
|    action_std_04                  | 0.0646       |
|    action_std_05                  | 0.065        |
|    action_std_06                  | 0.0643       |
|    action_std_07                  | 0.0647       |
|    action_std_08                  | 0.0643       |
|    action_std_09                  | 0.0648       |
|    action_std_10                  | 0.0646       |
|    action_std_11                  | 0.0649       |
|    action_std_12                  | 0.0647       |
|    action_std_13                  | 0.065        |
|    action_std_14                  | 0.0651       |
|    action_std_15                  | 0.0642       |
|    action_std_16                  | 0.0643       |
|    action_std_17                  | 0.0643       |
|    action_std_18                  | 0.0644       |
|    action_std_19                  | 0.0644       |
|    action_std_20                  | 0.0641       |
|    action_std_21                  | 0.0646       |
|    action_std_22                  | 0.0638       |
|    action_std_23                  | 0.0635       |
|    action_std_24                  | 0.0652       |
|    approx_kl                      | 0.0025473651 |
|    clip_fraction                  | 0.126        |
|    clip_range                     | 0.1          |
|    clip_range_vf                  | 0.2          |
|    entropy_loss                   | 33.1         |
|    explained_variance             | 0.909        |
|    learning_rate                  | 1e-05        |
|    loss                           | 0.45         |
|    n_updates                      | 1210         |
|    policy_gradient_loss           | -0.00401     |
|    std                            | 0.0645       |
|    std_max                        | 0.0652       |
|    std_min                        | 0.0635       |
|    value_loss                     | 0.12         |
----------------------------------------------------
INFO:root:VecNormalize statistics saved at: ./data/v1_ours/quadruped_ppo_model_ckpt_16001024_vecnormalize.pkl
INFO:root:Model saved at: ./data/v1_ours/quadruped_ppo_model_ckpt_16001024.zip
INFO:root:Checkpoint written at 16001024 timesteps
[QuadrupedWBCEnv] Reset state env_id=0 z=0.305903 rpy=[-0.011858, 0.0219059, -0.0186889]
----------------------------------------------------
| rollout/                          |              |
|    action_saturation_fraction     | 0            |
|    ep_len_mean                    | 954          |
|    ep_rew_mean                    | 646          |
|    episodes_noforce               | 132          |
|    force_direction_mean           | -1           |
|    force_onset_mean               | 1.41         |
|    force_requested_impulse_mean   | 0            |
|    is_fall_mean                   | 0.114        |
|    is_timeout_mean                | 0.886        |
|    recovery_noforce               | 0.886        |
|    timeout_without_onset_fraction | 0            |
|    timeouts                       | 117          |
| time/                             |              |
|    fps                            | 7422         |
|    iterations                     | 123          |
|    time_elapsed                   | 2172         |
|    total_timesteps                | 16121856     |
| train/                            |              |
|    action_std_00                  | 0.0647       |
|    action_std_01                  | 0.0642       |
|    action_std_02                  | 0.0642       |
|    action_std_03                  | 0.065        |
|    action_std_04                  | 0.0648       |
|    action_std_05                  | 0.0652       |
|    action_std_06                  | 0.0644       |
|    action_std_07                  | 0.0648       |
|    action_std_08                  | 0.0643       |
|    action_std_09                  | 0.065        |
|    action_std_10                  | 0.0648       |
|    action_std_11                  | 0.0651       |
|    action_std_12                  | 0.0648       |
|    action_std_13                  | 0.065        |
|    action_std_14                  | 0.0651       |
|    action_std_15                  | 0.0643       |
|    action_std_16                  | 0.0644       |
|    action_std_17                  | 0.0645       |
|    action_std_18                  | 0.0646       |
|    action_std_19                  | 0.0646       |
|    action_std_20                  | 0.0641       |
|    action_std_21                  | 0.0647       |
|    action_std_22                  | 0.064        |
|    action_std_23                  | 0.0637       |
|    action_std_24                  | 0.0654       |
|    approx_kl                      | 0.0024238713 |
|    clip_fraction                  | 0.122        |
|    clip_range                     | 0.1          |
|    clip_range_vf                  | 0.2          |
|    entropy_loss                   | 33           |
|    explained_variance             | 0.892        |
|    learning_rate                  | 1e-05        |
|    loss                           | 0.483        |
|    n_updates                      | 1220         |
|    policy_gradient_loss           | -0.00354     |
|    std                            | 0.0646       |
|    std_max                        | 0.0654       |
|    std_min                        | 0.0637       |
|    value_loss                     | 0.13         |
----------------------------------------------------
--------------------------------------------------
| rollout/                          |            |
|    action_saturation_fraction     | 0          |
|    ep_len_mean                    | 952        |
|    ep_rew_mean                    | 644        |
|    episodes_noforce               | 141        |
|    force_direction_mean           | -1         |
|    force_onset_mean               | 1.39       |
|    force_requested_impulse_mean   | 0          |
|    is_fall_mean                   | 0.128      |
|    is_timeout_mean                | 0.872      |
|    recovery_noforce               | 0.872      |
|    timeout_without_onset_fraction | 0          |
|    timeouts                       | 123        |
| time/                             |            |
|    fps                            | 7422       |
|    iterations                     | 124        |
|    time_elapsed                   | 2189       |
|    total_timesteps                | 16252928   |
| train/                            |            |
|    action_std_00                  | 0.0649     |
|    action_std_01                  | 0.0643     |
|    action_std_02                  | 0.0645     |
|    action_std_03                  | 0.0652     |
|    action_std_04                  | 0.0648     |
|    action_std_05                  | 0.0653     |
|    action_std_06                  | 0.0645     |
|    action_std_07                  | 0.065      |
|    action_std_08                  | 0.0645     |
|    action_std_09                  | 0.0652     |
|    action_std_10                  | 0.0648     |
|    action_std_11                  | 0.0652     |
|    action_std_12                  | 0.065      |
|    action_std_13                  | 0.0652     |
|    action_std_14                  | 0.0653     |
|    action_std_15                  | 0.0644     |
|    action_std_16                  | 0.0645     |
|    action_std_17                  | 0.0646     |
|    action_std_18                  | 0.0648     |
|    action_std_19                  | 0.0648     |
|    action_std_20                  | 0.0643     |
|    action_std_21                  | 0.0648     |
|    action_std_22                  | 0.0642     |
|    action_std_23                  | 0.0638     |
|    action_std_24                  | 0.0656     |
|    approx_kl                      | 0.00255551 |
|    clip_fraction                  | 0.13       |
|    clip_range                     | 0.1        |
|    clip_range_vf                  | 0.2        |
|    entropy_loss                   | 33         |
|    explained_variance             | 0.887      |
|    learning_rate                  | 1e-05      |
|    loss                           | 0.519      |
|    n_updates                      | 1230       |
|    policy_gradient_loss           | -0.00387   |
|    std                            | 0.0648     |
|    std_max                        | 0.0656     |
|    std_min                        | 0.0638     |
|    value_loss                     | 0.171      |
--------------------------------------------------
[QuadrupedWBCEnv] Reset state env_id=0 z=0.282032 rpy=[-0.0115194, 0.023591, -0.0182562]
----------------------------------------------------
| rollout/                          |              |
|    action_saturation_fraction     | 0            |
|    ep_len_mean                    | 964          |
|    ep_rew_mean                    | 657          |
|    episodes_noforce               | 133          |
|    force_direction_mean           | -1           |
|    force_onset_mean               | 1.4          |
|    force_requested_impulse_mean   | 0            |
|    is_fall_mean                   | 0.0902       |
|    is_timeout_mean                | 0.91         |
|    recovery_noforce               | 0.91         |
|    timeout_without_onset_fraction | 0            |
|    timeouts                       | 121          |
| time/                             |              |
|    fps                            | 7421         |
|    iterations                     | 125          |
|    time_elapsed                   | 2207         |
|    total_timesteps                | 16384000     |
| train/                            |              |
|    action_std_00                  | 0.0651       |
|    action_std_01                  | 0.0645       |
|    action_std_02                  | 0.0646       |
|    action_std_03                  | 0.0653       |
|    action_std_04                  | 0.0648       |
|    action_std_05                  | 0.0655       |
|    action_std_06                  | 0.0647       |
|    action_std_07                  | 0.0651       |
|    action_std_08                  | 0.0646       |
|    action_std_09                  | 0.0654       |
|    action_std_10                  | 0.0649       |
|    action_std_11                  | 0.0654       |
|    action_std_12                  | 0.0651       |
|    action_std_13                  | 0.0654       |
|    action_std_14                  | 0.0654       |
|    action_std_15                  | 0.0645       |
|    action_std_16                  | 0.0646       |
|    action_std_17                  | 0.0648       |
|    action_std_18                  | 0.0649       |
|    action_std_19                  | 0.0649       |
|    action_std_20                  | 0.0645       |
|    action_std_21                  | 0.065        |
|    action_std_22                  | 0.0643       |
|    action_std_23                  | 0.064        |
|    action_std_24                  | 0.0658       |
|    approx_kl                      | 0.0023657102 |
|    clip_fraction                  | 0.12         |
|    clip_range                     | 0.1          |
|    clip_range_vf                  | 0.2          |
|    entropy_loss                   | 32.9         |
|    explained_variance             | 0.885        |
|    learning_rate                  | 1e-05        |
|    loss                           | 0.552        |
|    n_updates                      | 1240         |
|    policy_gradient_loss           | -0.00355     |
|    std                            | 0.0649       |
|    std_max                        | 0.0658       |
|    std_min                        | 0.064        |
|    value_loss                     | 0.148        |
----------------------------------------------------
[QuadrupedWBCEnv] Reset state env_id=0 z=0.304013 rpy=[-0.015595, 0.0241998, -0.0184804]
---------------------------------------------------
| rollout/                          |             |
|    action_saturation_fraction     | 0           |
|    ep_len_mean                    | 961         |
|    ep_rew_mean                    | 652         |
|    episodes_noforce               | 138         |
|    force_direction_mean           | -1          |
|    force_onset_mean               | 1.41        |
|    force_requested_impulse_mean   | 0           |
|    is_fall_mean                   | 0.109       |
|    is_timeout_mean                | 0.891       |
|    recovery_noforce               | 0.891       |
|    timeout_without_onset_fraction | 0           |
|    timeouts                       | 123         |
| time/                             |             |
|    fps                            | 7421        |
|    iterations                     | 126         |
|    time_elapsed                   | 2225        |
|    total_timesteps                | 16515072    |
| train/                            |             |
|    action_std_00                  | 0.0652      |
|    action_std_01                  | 0.0647      |
|    action_std_02                  | 0.0647      |
|    action_std_03                  | 0.0654      |
|    action_std_04                  | 0.065       |
|    action_std_05                  | 0.0657      |
|    action_std_06                  | 0.0649      |
|    action_std_07                  | 0.0653      |
|    action_std_08                  | 0.0647      |
|    action_std_09                  | 0.0656      |
|    action_std_10                  | 0.0651      |
|    action_std_11                  | 0.0655      |
|    action_std_12                  | 0.0653      |
|    action_std_13                  | 0.0656      |
|    action_std_14                  | 0.0656      |
|    action_std_15                  | 0.0647      |
|    action_std_16                  | 0.0647      |
|    action_std_17                  | 0.065       |
|    action_std_18                  | 0.065       |
|    action_std_19                  | 0.0651      |
|    action_std_20                  | 0.0646      |
|    action_std_21                  | 0.0652      |
|    action_std_22                  | 0.0645      |
|    action_std_23                  | 0.0641      |
|    action_std_24                  | 0.066       |
|    approx_kl                      | 0.002448325 |
|    clip_fraction                  | 0.124       |
|    clip_range                     | 0.1         |
|    clip_range_vf                  | 0.2         |
|    entropy_loss                   | 32.9        |
|    explained_variance             | 0.876       |
|    learning_rate                  | 1e-05       |
|    loss                           | 0.46        |
|    n_updates                      | 1250        |
|    policy_gradient_loss           | -0.00334    |
|    std                            | 0.0651      |
|    std_max                        | 0.066       |
|    std_min                        | 0.0641      |
|    value_loss                     | 0.12        |
---------------------------------------------------
---------------------------------------------------
| rollout/                          |             |
|    action_saturation_fraction     | 0           |
|    ep_len_mean                    | 971         |
|    ep_rew_mean                    | 657         |
|    episodes_noforce               | 127         |
|    force_direction_mean           | -1          |
|    force_onset_mean               | 1.41        |
|    force_requested_impulse_mean   | 0           |
|    is_fall_mean                   | 0.0709      |
|    is_timeout_mean                | 0.929       |
|    recovery_noforce               | 0.929       |
|    timeout_without_onset_fraction | 0           |
|    timeouts                       | 118         |
| time/                             |             |
|    fps                            | 7421        |
|    iterations                     | 127         |
|    time_elapsed                   | 2243        |
|    total_timesteps                | 16646144    |
| train/                            |             |
|    action_std_00                  | 0.0653      |
|    action_std_01                  | 0.0648      |
|    action_std_02                  | 0.0648      |
|    action_std_03                  | 0.0655      |
|    action_std_04                  | 0.0651      |
|    action_std_05                  | 0.0658      |
|    action_std_06                  | 0.0651      |
|    action_std_07                  | 0.0654      |
|    action_std_08                  | 0.0649      |
|    action_std_09                  | 0.0657      |
|    action_std_10                  | 0.0653      |
|    action_std_11                  | 0.0657      |
|    action_std_12                  | 0.0653      |
|    action_std_13                  | 0.0658      |
|    action_std_14                  | 0.0658      |
|    action_std_15                  | 0.0649      |
|    action_std_16                  | 0.0649      |
|    action_std_17                  | 0.0651      |
|    action_std_18                  | 0.0651      |
|    action_std_19                  | 0.0653      |
|    action_std_20                  | 0.0647      |
|    action_std_21                  | 0.0653      |
|    action_std_22                  | 0.0646      |
|    action_std_23                  | 0.0642      |
|    action_std_24                  | 0.0661      |
|    approx_kl                      | 0.002543241 |
|    clip_fraction                  | 0.13        |
|    clip_range                     | 0.1         |
|    clip_range_vf                  | 0.2         |
|    entropy_loss                   | 32.8        |
|    explained_variance             | 0.892       |
|    learning_rate                  | 1e-05       |
|    loss                           | 0.442       |
|    n_updates                      | 1260        |
|    policy_gradient_loss           | -0.00378    |
|    std                            | 0.0652      |
|    std_max                        | 0.0661      |
|    std_min                        | 0.0642      |
|    value_loss                     | 0.121       |
---------------------------------------------------
[QuadrupedWBCEnv] Reset state env_id=0 z=0.32895 rpy=[-0.0139818, 0.0219395, -0.0184553]
----------------------------------------------------
| rollout/                          |              |
|    action_saturation_fraction     | 0            |
|    ep_len_mean                    | 963          |
|    ep_rew_mean                    | 655          |
|    episodes_noforce               | 148          |
|    force_direction_mean           | -1           |
|    force_onset_mean               | 1.39         |
|    force_requested_impulse_mean   | 0            |
|    is_fall_mean                   | 0.0811       |
|    is_timeout_mean                | 0.919        |
|    recovery_noforce               | 0.919        |
|    timeout_without_onset_fraction | 0            |
|    timeouts                       | 136          |
| time/                             |              |
|    fps                            | 7420         |
|    iterations                     | 128          |
|    time_elapsed                   | 2260         |
|    total_timesteps                | 16777216     |
| train/                            |              |
|    action_std_00                  | 0.0655       |
|    action_std_01                  | 0.065        |
|    action_std_02                  | 0.065        |
|    action_std_03                  | 0.0657       |
|    action_std_04                  | 0.0654       |
|    action_std_05                  | 0.066        |
|    action_std_06                  | 0.0653       |
|    action_std_07                  | 0.0656       |
|    action_std_08                  | 0.0651       |
|    action_std_09                  | 0.066        |
|    action_std_10                  | 0.0655       |
|    action_std_11                  | 0.0659       |
|    action_std_12                  | 0.0655       |
|    action_std_13                  | 0.066        |
|    action_std_14                  | 0.066        |
|    action_std_15                  | 0.065        |
|    action_std_16                  | 0.065        |
|    action_std_17                  | 0.0653       |
|    action_std_18                  | 0.0653       |
|    action_std_19                  | 0.0654       |
|    action_std_20                  | 0.0648       |
|    action_std_21                  | 0.0654       |
|    action_std_22                  | 0.0648       |
|    action_std_23                  | 0.0644       |
|    action_std_24                  | 0.0662       |
|    approx_kl                      | 0.0024469635 |
|    clip_fraction                  | 0.121        |
|    clip_range                     | 0.1          |
|    clip_range_vf                  | 0.2          |
|    entropy_loss                   | 32.7         |
|    explained_variance             | 0.891        |
|    learning_rate                  | 1e-05        |
|    loss                           | 0.408        |
|    n_updates                      | 1270         |
|    policy_gradient_loss           | -0.00341     |
|    std                            | 0.0654       |
|    std_max                        | 0.0662       |
|    std_min                        | 0.0644       |
|    value_loss                     | 0.102        |
----------------------------------------------------
----------------------------------------------------
| rollout/                          |              |
|    action_saturation_fraction     | 0            |
|    ep_len_mean                    | 983          |
|    ep_rew_mean                    | 669          |
|    episodes_noforce               | 127          |
|    force_direction_mean           | -1           |
|    force_onset_mean               | 1.39         |
|    force_requested_impulse_mean   | 0            |
|    is_fall_mean                   | 0.0709       |
|    is_timeout_mean                | 0.929        |
|    recovery_noforce               | 0.929        |
|    timeout_without_onset_fraction | 0            |
|    timeouts                       | 118          |
| time/                             |              |
|    fps                            | 7419         |
|    iterations                     | 129          |
|    time_elapsed                   | 2278         |
|    total_timesteps                | 16908288     |
| train/                            |              |
|    action_std_00                  | 0.0656       |
|    action_std_01                  | 0.0651       |
|    action_std_02                  | 0.0652       |
|    action_std_03                  | 0.0659       |
|    action_std_04                  | 0.0655       |
|    action_std_05                  | 0.0662       |
|    action_std_06                  | 0.0654       |
|    action_std_07                  | 0.0658       |
|    action_std_08                  | 0.0653       |
|    action_std_09                  | 0.0661       |
|    action_std_10                  | 0.0656       |
|    action_std_11                  | 0.0661       |
|    action_std_12                  | 0.0656       |
|    action_std_13                  | 0.0661       |
|    action_std_14                  | 0.0662       |
|    action_std_15                  | 0.0652       |
|    action_std_16                  | 0.0653       |
|    action_std_17                  | 0.0654       |
|    action_std_18                  | 0.0654       |
|    action_std_19                  | 0.0656       |
|    action_std_20                  | 0.0649       |
|    action_std_21                  | 0.0655       |
|    action_std_22                  | 0.0649       |
|    action_std_23                  | 0.0645       |
|    action_std_24                  | 0.0663       |
|    approx_kl                      | 0.0025371364 |
|    clip_fraction                  | 0.128        |
|    clip_range                     | 0.1          |
|    clip_range_vf                  | 0.2          |
|    entropy_loss                   | 32.7         |
|    explained_variance             | 0.879        |
|    learning_rate                  | 1e-05        |
|    loss                           | 0.459        |
|    n_updates                      | 1280         |
|    policy_gradient_loss           | -0.00426     |
|    std                            | 0.0655       |
|    std_max                        | 0.0663       |
|    std_min                        | 0.0645       |
|    value_loss                     | 0.126        |
----------------------------------------------------
[QuadrupedWBCEnv] Reset state env_id=0 z=0.32027 rpy=[-0.0157848, 0.0236359, -0.018278]
---------------------------------------------------
| rollout/                          |             |
|    action_saturation_fraction     | 0           |
|    ep_len_mean                    | 961         |
|    ep_rew_mean                    | 654         |
|    episodes_noforce               | 147         |
|    force_direction_mean           | -1          |
|    force_onset_mean               | 1.4         |
|    force_requested_impulse_mean   | 0           |
|    is_fall_mean                   | 0.0952      |
|    is_timeout_mean                | 0.905       |
|    recovery_noforce               | 0.905       |
|    timeout_without_onset_fraction | 0           |
|    timeouts                       | 133         |
| time/                             |             |
|    fps                            | 7419        |
|    iterations                     | 130         |
|    time_elapsed                   | 2296        |
|    total_timesteps                | 17039360    |
| train/                            |             |
|    action_std_00                  | 0.0657      |
|    action_std_01                  | 0.0652      |
|    action_std_02                  | 0.0654      |
|    action_std_03                  | 0.066       |
|    action_std_04                  | 0.0657      |
|    action_std_05                  | 0.0664      |
|    action_std_06                  | 0.0655      |
|    action_std_07                  | 0.0659      |
|    action_std_08                  | 0.0653      |
|    action_std_09                  | 0.0663      |
|    action_std_10                  | 0.0657      |
|    action_std_11                  | 0.0662      |
|    action_std_12                  | 0.0657      |
|    action_std_13                  | 0.0663      |
|    action_std_14                  | 0.0663      |
|    action_std_15                  | 0.0653      |
|    action_std_16                  | 0.0653      |
|    action_std_17                  | 0.0655      |
|    action_std_18                  | 0.0655      |
|    action_std_19                  | 0.0656      |
|    action_std_20                  | 0.0651      |
|    action_std_21                  | 0.0656      |
|    action_std_22                  | 0.0649      |
|    action_std_23                  | 0.0647      |
|    action_std_24                  | 0.0665      |
|    approx_kl                      | 0.002378025 |
|    clip_fraction                  | 0.121       |
|    clip_range                     | 0.1         |
|    clip_range_vf                  | 0.2         |
|    entropy_loss                   | 32.6        |
|    explained_variance             | 0.867       |
|    learning_rate                  | 1e-05       |
|    loss                           | 0.398       |
|    n_updates                      | 1290        |
|    policy_gradient_loss           | -0.00344    |
|    std                            | 0.0657      |
|    std_max                        | 0.0665      |
|    std_min                        | 0.0647      |
|    value_loss                     | 0.11        |
---------------------------------------------------
----------------------------------------------------
| rollout/                          |              |
|    action_saturation_fraction     | 0            |
|    ep_len_mean                    | 969          |
|    ep_rew_mean                    | 657          |
|    episodes_noforce               | 125          |
|    force_direction_mean           | -1           |
|    force_onset_mean               | 1.39         |
|    force_requested_impulse_mean   | 0            |
|    is_fall_mean                   | 0.096        |
|    is_timeout_mean                | 0.904        |
|    recovery_noforce               | 0.904        |
|    timeout_without_onset_fraction | 0            |
|    timeouts                       | 113          |
| time/                             |              |
|    fps                            | 7419         |
|    iterations                     | 131          |
|    time_elapsed                   | 2314         |
|    total_timesteps                | 17170432     |
| train/                            |              |
|    action_std_00                  | 0.0659       |
|    action_std_01                  | 0.0653       |
|    action_std_02                  | 0.0656       |
|    action_std_03                  | 0.0661       |
|    action_std_04                  | 0.0658       |
|    action_std_05                  | 0.0665       |
|    action_std_06                  | 0.0656       |
|    action_std_07                  | 0.0661       |
|    action_std_08                  | 0.0655       |
|    action_std_09                  | 0.0664       |
|    action_std_10                  | 0.0659       |
|    action_std_11                  | 0.0663       |
|    action_std_12                  | 0.0658       |
|    action_std_13                  | 0.0665       |
|    action_std_14                  | 0.0664       |
|    action_std_15                  | 0.0655       |
|    action_std_16                  | 0.0654       |
|    action_std_17                  | 0.0658       |
|    action_std_18                  | 0.0657       |
|    action_std_19                  | 0.0658       |
|    action_std_20                  | 0.0652       |
|    action_std_21                  | 0.0659       |
|    action_std_22                  | 0.0651       |
|    action_std_23                  | 0.0648       |
|    action_std_24                  | 0.0667       |
|    approx_kl                      | 0.0024852185 |
|    clip_fraction                  | 0.127        |
|    clip_range                     | 0.1          |
|    clip_range_vf                  | 0.2          |
|    entropy_loss                   | 32.6         |
|    explained_variance             | 0.894        |
|    learning_rate                  | 1e-05        |
|    loss                           | 0.432        |
|    n_updates                      | 1300         |
|    policy_gradient_loss           | -0.00371     |
|    std                            | 0.0658       |
|    std_max                        | 0.0667       |
|    std_min                        | 0.0648       |
|    value_loss                     | 0.13         |
----------------------------------------------------
[QuadrupedWBCEnv] Reset state env_id=0 z=0.308678 rpy=[-0.015995, 0.0237609, -0.0183683]
---------------------------------------------------
| rollout/                          |             |
|    action_saturation_fraction     | 0           |
|    ep_len_mean                    | 977         |
|    ep_rew_mean                    | 662         |
|    episodes_noforce               | 147         |
|    force_direction_mean           | -1          |
|    force_onset_mean               | 1.39        |
|    force_requested_impulse_mean   | 0           |
|    is_fall_mean                   | 0.068       |
|    is_timeout_mean                | 0.932       |
|    recovery_noforce               | 0.932       |
|    timeout_without_onset_fraction | 0           |
|    timeouts                       | 137         |
| time/                             |             |
|    fps                            | 7418        |
|    iterations                     | 132         |
|    time_elapsed                   | 2332        |
|    total_timesteps                | 17301504    |
| train/                            |             |
|    action_std_00                  | 0.0661      |
|    action_std_01                  | 0.0655      |
|    action_std_02                  | 0.0657      |
|    action_std_03                  | 0.0663      |
|    action_std_04                  | 0.066       |
|    action_std_05                  | 0.0667      |
|    action_std_06                  | 0.0657      |
|    action_std_07                  | 0.0663      |
|    action_std_08                  | 0.0656      |
|    action_std_09                  | 0.0665      |
|    action_std_10                  | 0.066       |
|    action_std_11                  | 0.0666      |
|    action_std_12                  | 0.066       |
|    action_std_13                  | 0.0667      |
|    action_std_14                  | 0.0666      |
|    action_std_15                  | 0.0656      |
|    action_std_16                  | 0.0656      |
|    action_std_17                  | 0.0659      |
|    action_std_18                  | 0.0658      |
|    action_std_19                  | 0.0659      |
|    action_std_20                  | 0.0654      |
|    action_std_21                  | 0.066       |
|    action_std_22                  | 0.0652      |
|    action_std_23                  | 0.0649      |
|    action_std_24                  | 0.0669      |
|    approx_kl                      | 0.002362942 |
|    clip_fraction                  | 0.125       |
|    clip_range                     | 0.1         |
|    clip_range_vf                  | 0.2         |
|    entropy_loss                   | 32.5        |
|    explained_variance             | 0.877       |
|    learning_rate                  | 1e-05       |
|    loss                           | 0.499       |
|    n_updates                      | 1310        |
|    policy_gradient_loss           | -0.00353    |
|    std                            | 0.066       |
|    std_max                        | 0.0669      |
|    std_min                        | 0.0649      |
|    value_loss                     | 0.113       |
---------------------------------------------------
----------------------------------------------------
| rollout/                          |              |
|    action_saturation_fraction     | 0            |
|    ep_len_mean                    | 964          |
|    ep_rew_mean                    | 657          |
|    episodes_noforce               | 125          |
|    force_direction_mean           | -1           |
|    force_onset_mean               | 1.38         |
|    force_requested_impulse_mean   | 0            |
|    is_fall_mean                   | 0.072        |
|    is_timeout_mean                | 0.928        |
|    recovery_noforce               | 0.928        |
|    timeout_without_onset_fraction | 0            |
|    timeouts                       | 116          |
| time/                             |              |
|    fps                            | 7418         |
|    iterations                     | 133          |
|    time_elapsed                   | 2349         |
|    total_timesteps                | 17432576     |
| train/                            |              |
|    action_std_00                  | 0.0662       |
|    action_std_01                  | 0.0656       |
|    action_std_02                  | 0.0659       |
|    action_std_03                  | 0.0664       |
|    action_std_04                  | 0.0661       |
|    action_std_05                  | 0.0669       |
|    action_std_06                  | 0.0657       |
|    action_std_07                  | 0.0663       |
|    action_std_08                  | 0.0656       |
|    action_std_09                  | 0.0666       |
|    action_std_10                  | 0.0662       |
|    action_std_11                  | 0.0667       |
|    action_std_12                  | 0.0661       |
|    action_std_13                  | 0.0668       |
|    action_std_14                  | 0.0667       |
|    action_std_15                  | 0.0657       |
|    action_std_16                  | 0.0658       |
|    action_std_17                  | 0.0661       |
|    action_std_18                  | 0.066        |
|    action_std_19                  | 0.0661       |
|    action_std_20                  | 0.0655       |
|    action_std_21                  | 0.0661       |
|    action_std_22                  | 0.0654       |
|    action_std_23                  | 0.065        |
|    action_std_24                  | 0.067        |
|    approx_kl                      | 0.0022838255 |
|    clip_fraction                  | 0.118        |
|    clip_range                     | 0.1          |
|    clip_range_vf                  | 0.2          |
|    entropy_loss                   | 32.5         |
|    explained_variance             | 0.899        |
|    learning_rate                  | 1e-05        |
|    loss                           | 0.403        |
|    n_updates                      | 1320         |
|    policy_gradient_loss           | -0.00354     |
|    std                            | 0.0661       |
|    std_max                        | 0.067        |
|    std_min                        | 0.065        |
|    value_loss                     | 0.103        |
----------------------------------------------------
[QuadrupedWBCEnv] Reset state env_id=0 z=0.277654 rpy=[-0.0125679, 0.0241978, -0.0179601]
----------------------------------------------------
| rollout/                          |              |
|    action_saturation_fraction     | 0            |
|    ep_len_mean                    | 982          |
|    ep_rew_mean                    | 666          |
|    episodes_noforce               | 143          |
|    force_direction_mean           | -1           |
|    force_onset_mean               | 1.41         |
|    force_requested_impulse_mean   | 0            |
|    is_fall_mean                   | 0.0839       |
|    is_timeout_mean                | 0.916        |
|    recovery_noforce               | 0.916        |
|    timeout_without_onset_fraction | 0            |
|    timeouts                       | 131          |
| time/                             |              |
|    fps                            | 7418         |
|    iterations                     | 134          |
|    time_elapsed                   | 2367         |
|    total_timesteps                | 17563648     |
| train/                            |              |
|    action_std_00                  | 0.0664       |
|    action_std_01                  | 0.0658       |
|    action_std_02                  | 0.066        |
|    action_std_03                  | 0.0665       |
|    action_std_04                  | 0.0663       |
|    action_std_05                  | 0.067        |
|    action_std_06                  | 0.0658       |
|    action_std_07                  | 0.0665       |
|    action_std_08                  | 0.0658       |
|    action_std_09                  | 0.0668       |
|    action_std_10                  | 0.0663       |
|    action_std_11                  | 0.0669       |
|    action_std_12                  | 0.0662       |
|    action_std_13                  | 0.0671       |
|    action_std_14                  | 0.0669       |
|    action_std_15                  | 0.0659       |
|    action_std_16                  | 0.066        |
|    action_std_17                  | 0.0661       |
|    action_std_18                  | 0.0662       |
|    action_std_19                  | 0.0663       |
|    action_std_20                  | 0.0657       |
|    action_std_21                  | 0.0663       |
|    action_std_22                  | 0.0655       |
|    action_std_23                  | 0.0651       |
|    action_std_24                  | 0.0672       |
|    approx_kl                      | 0.0025253124 |
|    clip_fraction                  | 0.127        |
|    clip_range                     | 0.1          |
|    clip_range_vf                  | 0.2          |
|    entropy_loss                   | 32.4         |
|    explained_variance             | 0.882        |
|    learning_rate                  | 1e-05        |
|    loss                           | 0.439        |
|    n_updates                      | 1330         |
|    policy_gradient_loss           | -0.00352     |
|    std                            | 0.0663       |
|    std_max                        | 0.0672       |
|    std_min                        | 0.0651       |
|    value_loss                     | 0.107        |
----------------------------------------------------
----------------------------------------------------
| rollout/                          |              |
|    action_saturation_fraction     | 0            |
|    ep_len_mean                    | 968          |
|    ep_rew_mean                    | 658          |
|    episodes_noforce               | 124          |
|    force_direction_mean           | -1           |
|    force_onset_mean               | 1.38         |
|    force_requested_impulse_mean   | 0            |
|    is_fall_mean                   | 0.0806       |
|    is_timeout_mean                | 0.919        |
|    recovery_noforce               | 0.919        |
|    timeout_without_onset_fraction | 0            |
|    timeouts                       | 114          |
| time/                             |              |
|    fps                            | 7418         |
|    iterations                     | 135          |
|    time_elapsed                   | 2385         |
|    total_timesteps                | 17694720     |
| train/                            |              |
|    action_std_00                  | 0.0665       |
|    action_std_01                  | 0.0659       |
|    action_std_02                  | 0.0662       |
|    action_std_03                  | 0.0666       |
|    action_std_04                  | 0.0664       |
|    action_std_05                  | 0.0672       |
|    action_std_06                  | 0.0659       |
|    action_std_07                  | 0.0666       |
|    action_std_08                  | 0.0658       |
|    action_std_09                  | 0.067        |
|    action_std_10                  | 0.0665       |
|    action_std_11                  | 0.067        |
|    action_std_12                  | 0.0663       |
|    action_std_13                  | 0.0672       |
|    action_std_14                  | 0.0671       |
|    action_std_15                  | 0.066        |
|    action_std_16                  | 0.0662       |
|    action_std_17                  | 0.0663       |
|    action_std_18                  | 0.0663       |
|    action_std_19                  | 0.0664       |
|    action_std_20                  | 0.0659       |
|    action_std_21                  | 0.0665       |
|    action_std_22                  | 0.0656       |
|    action_std_23                  | 0.0652       |
|    action_std_24                  | 0.0674       |
|    approx_kl                      | 0.0023539271 |
|    clip_fraction                  | 0.119        |
|    clip_range                     | 0.1          |
|    clip_range_vf                  | 0.2          |
|    entropy_loss                   | 32.4         |
|    explained_variance             | 0.884        |
|    learning_rate                  | 1e-05        |
|    loss                           | 0.429        |
|    n_updates                      | 1340         |
|    policy_gradient_loss           | -0.00343     |
|    std                            | 0.0664       |
|    std_max                        | 0.0674       |
|    std_min                        | 0.0652       |
|    value_loss                     | 0.109        |
----------------------------------------------------
[QuadrupedWBCEnv] Reset state env_id=0 z=0.326718 rpy=[-0.0109599, 0.0232408, -0.0187246]
---------------------------------------------------
| rollout/                          |             |
|    action_saturation_fraction     | 0           |
|    ep_len_mean                    | 951         |
|    ep_rew_mean                    | 650         |
|    episodes_noforce               | 148         |
|    force_direction_mean           | -1          |
|    force_onset_mean               | 1.39        |
|    force_requested_impulse_mean   | 0           |
|    is_fall_mean                   | 0.0811      |
|    is_timeout_mean                | 0.919       |
|    recovery_noforce               | 0.919       |
|    timeout_without_onset_fraction | 0           |
|    timeouts                       | 136         |
| time/                             |             |
|    fps                            | 7417        |
|    iterations                     | 136         |
|    time_elapsed                   | 2403        |
|    total_timesteps                | 17825792    |
| train/                            |             |
|    action_std_00                  | 0.0667      |
|    action_std_01                  | 0.0661      |
|    action_std_02                  | 0.0663      |
|    action_std_03                  | 0.0667      |
|    action_std_04                  | 0.0666      |
|    action_std_05                  | 0.0673      |
|    action_std_06                  | 0.0661      |
|    action_std_07                  | 0.0668      |
|    action_std_08                  | 0.066       |
|    action_std_09                  | 0.0671      |
|    action_std_10                  | 0.0667      |
|    action_std_11                  | 0.0672      |
|    action_std_12                  | 0.0664      |
|    action_std_13                  | 0.0674      |
|    action_std_14                  | 0.0673      |
|    action_std_15                  | 0.0661      |
|    action_std_16                  | 0.0663      |
|    action_std_17                  | 0.0664      |
|    action_std_18                  | 0.0663      |
|    action_std_19                  | 0.0666      |
|    action_std_20                  | 0.0659      |
|    action_std_21                  | 0.0666      |
|    action_std_22                  | 0.0657      |
|    action_std_23                  | 0.0654      |
|    action_std_24                  | 0.0675      |
|    approx_kl                      | 0.002435436 |
|    clip_fraction                  | 0.123       |
|    clip_range                     | 0.1         |
|    clip_range_vf                  | 0.2         |
|    entropy_loss                   | 32.3        |
|    explained_variance             | 0.857       |
|    learning_rate                  | 1e-05       |
|    loss                           | 0.381       |
|    n_updates                      | 1350        |
|    policy_gradient_loss           | -0.00339    |
|    std                            | 0.0665      |
|    std_max                        | 0.0675      |
|    std_min                        | 0.0654      |
|    value_loss                     | 0.106       |
---------------------------------------------------
----------------------------------------------------
| rollout/                          |              |
|    action_saturation_fraction     | 0            |
|    ep_len_mean                    | 950          |
|    ep_rew_mean                    | 642          |
|    episodes_noforce               | 129          |
|    force_direction_mean           | -1           |
|    force_onset_mean               | 1.41         |
|    force_requested_impulse_mean   | 0            |
|    is_fall_mean                   | 0.132        |
|    is_timeout_mean                | 0.868        |
|    recovery_noforce               | 0.868        |
|    timeout_without_onset_fraction | 0            |
|    timeouts                       | 112          |
| time/                             |              |
|    fps                            | 7417         |
|    iterations                     | 137          |
|    time_elapsed                   | 2420         |
|    total_timesteps                | 17956864     |
| train/                            |              |
|    action_std_00                  | 0.0668       |
|    action_std_01                  | 0.0663       |
|    action_std_02                  | 0.0665       |
|    action_std_03                  | 0.0668       |
|    action_std_04                  | 0.0667       |
|    action_std_05                  | 0.0675       |
|    action_std_06                  | 0.0662       |
|    action_std_07                  | 0.0669       |
|    action_std_08                  | 0.0662       |
|    action_std_09                  | 0.0673       |
|    action_std_10                  | 0.0667       |
|    action_std_11                  | 0.0674       |
|    action_std_12                  | 0.0665       |
|    action_std_13                  | 0.0677       |
|    action_std_14                  | 0.0674       |
|    action_std_15                  | 0.0662       |
|    action_std_16                  | 0.0666       |
|    action_std_17                  | 0.0666       |
|    action_std_18                  | 0.0663       |
|    action_std_19                  | 0.0668       |
|    action_std_20                  | 0.0661       |
|    action_std_21                  | 0.0668       |
|    action_std_22                  | 0.0659       |
|    action_std_23                  | 0.0655       |
|    action_std_24                  | 0.0677       |
|    approx_kl                      | 0.0024731895 |
|    clip_fraction                  | 0.126        |
|    clip_range                     | 0.1          |
|    clip_range_vf                  | 0.2          |
|    entropy_loss                   | 32.2         |
|    explained_variance             | 0.866        |
|    learning_rate                  | 1e-05        |
|    loss                           | 0.434        |
|    n_updates                      | 1360         |
|    policy_gradient_loss           | -0.00356     |
|    std                            | 0.0667       |
|    std_max                        | 0.0677       |
|    std_min                        | 0.0655       |
|    value_loss                     | 0.149        |
----------------------------------------------------
INFO:root:VecNormalize statistics saved at: ./data/v1_ours/quadruped_ppo_model_ckpt_18001152_vecnormalize.pkl
INFO:root:Model saved at: ./data/v1_ours/quadruped_ppo_model_ckpt_18001152.zip
INFO:root:Checkpoint written at 18001152 timesteps
[QuadrupedWBCEnv] Reset state env_id=0 z=0.275805 rpy=[-0.013286, 0.0242586, -0.0179079]
---------------------------------------------------
| rollout/                          |             |
|    action_saturation_fraction     | 0           |
|    ep_len_mean                    | 960         |
|    ep_rew_mean                    | 655         |
|    episodes_noforce               | 143         |
|    force_direction_mean           | -1          |
|    force_onset_mean               | 1.38        |
|    force_requested_impulse_mean   | 0           |
|    is_fall_mean                   | 0.0769      |
|    is_timeout_mean                | 0.923       |
|    recovery_noforce               | 0.923       |
|    timeout_without_onset_fraction | 0           |
|    timeouts                       | 132         |
| time/                             |             |
|    fps                            | 7416        |
|    iterations                     | 138         |
|    time_elapsed                   | 2438        |
|    total_timesteps                | 18087936    |
| train/                            |             |
|    action_std_00                  | 0.067       |
|    action_std_01                  | 0.0665      |
|    action_std_02                  | 0.0667      |
|    action_std_03                  | 0.0669      |
|    action_std_04                  | 0.0669      |
|    action_std_05                  | 0.0677      |
|    action_std_06                  | 0.0664      |
|    action_std_07                  | 0.0671      |
|    action_std_08                  | 0.0663      |
|    action_std_09                  | 0.0674      |
|    action_std_10                  | 0.0669      |
|    action_std_11                  | 0.0676      |
|    action_std_12                  | 0.0667      |
|    action_std_13                  | 0.0679      |
|    action_std_14                  | 0.0676      |
|    action_std_15                  | 0.0664      |
|    action_std_16                  | 0.0668      |
|    action_std_17                  | 0.0669      |
|    action_std_18                  | 0.0665      |
|    action_std_19                  | 0.0669      |
|    action_std_20                  | 0.0663      |
|    action_std_21                  | 0.0669      |
|    action_std_22                  | 0.066       |
|    action_std_23                  | 0.0658      |
|    action_std_24                  | 0.0678      |
|    approx_kl                      | 0.002411792 |
|    clip_fraction                  | 0.119       |
|    clip_range                     | 0.1         |
|    clip_range_vf                  | 0.2         |
|    entropy_loss                   | 32.2        |
|    explained_variance             | 0.889       |
|    learning_rate                  | 1e-05       |
|    loss                           | 0.467       |
|    n_updates                      | 1370        |
|    policy_gradient_loss           | -0.00379    |
|    std                            | 0.0669      |
|    std_max                        | 0.0679      |
|    std_min                        | 0.0658      |
|    value_loss                     | 0.151       |
---------------------------------------------------
----------------------------------------------------
| rollout/                          |              |
|    action_saturation_fraction     | 0            |
|    ep_len_mean                    | 973          |
|    ep_rew_mean                    | 664          |
|    episodes_noforce               | 133          |
|    force_direction_mean           | -1           |
|    force_onset_mean               | 1.39         |
|    force_requested_impulse_mean   | 0            |
|    is_fall_mean                   | 0.0677       |
|    is_timeout_mean                | 0.932        |
|    recovery_noforce               | 0.932        |
|    timeout_without_onset_fraction | 0            |
|    timeouts                       | 124          |
| time/                             |              |
|    fps                            | 7416         |
|    iterations                     | 139          |
|    time_elapsed                   | 2456         |
|    total_timesteps                | 18219008     |
| train/                            |              |
|    action_std_00                  | 0.0671       |
|    action_std_01                  | 0.0666       |
|    action_std_02                  | 0.0668       |
|    action_std_03                  | 0.067        |
|    action_std_04                  | 0.0671       |
|    action_std_05                  | 0.0678       |
|    action_std_06                  | 0.0665       |
|    action_std_07                  | 0.0673       |
|    action_std_08                  | 0.0664       |
|    action_std_09                  | 0.0676       |
|    action_std_10                  | 0.067        |
|    action_std_11                  | 0.0678       |
|    action_std_12                  | 0.0668       |
|    action_std_13                  | 0.0679       |
|    action_std_14                  | 0.0677       |
|    action_std_15                  | 0.0665       |
|    action_std_16                  | 0.0669       |
|    action_std_17                  | 0.0671       |
|    action_std_18                  | 0.0667       |
|    action_std_19                  | 0.0672       |
|    action_std_20                  | 0.0664       |
|    action_std_21                  | 0.0671       |
|    action_std_22                  | 0.0662       |
|    action_std_23                  | 0.066        |
|    action_std_24                  | 0.0679       |
|    approx_kl                      | 0.0023487955 |
|    clip_fraction                  | 0.12         |
|    clip_range                     | 0.1          |
|    clip_range_vf                  | 0.2          |
|    entropy_loss                   | 32.1         |
|    explained_variance             | 0.883        |
|    learning_rate                  | 1e-05        |
|    loss                           | 0.398        |
|    n_updates                      | 1380         |
|    policy_gradient_loss           | -0.00346     |
|    std                            | 0.067        |
|    std_max                        | 0.0679       |
|    std_min                        | 0.066        |
|    value_loss                     | 0.0937       |
----------------------------------------------------
[QuadrupedWBCEnv] Reset state env_id=0 z=0.318215 rpy=[-0.011695, 0.0233123, -0.0187255]
----------------------------------------------------
| rollout/                          |              |
|    action_saturation_fraction     | 0            |
|    ep_len_mean                    | 967          |
|    ep_rew_mean                    | 659          |
|    episodes_noforce               | 141          |
|    force_direction_mean           | -1           |
|    force_onset_mean               | 1.37         |
|    force_requested_impulse_mean   | 0            |
|    is_fall_mean                   | 0.0709       |
|    is_timeout_mean                | 0.929        |
|    recovery_noforce               | 0.929        |
|    timeout_without_onset_fraction | 0            |
|    timeouts                       | 131          |
| time/                             |              |
|    fps                            | 7416         |
|    iterations                     | 140          |
|    time_elapsed                   | 2474         |
|    total_timesteps                | 18350080     |
| train/                            |              |
|    action_std_00                  | 0.0672       |
|    action_std_01                  | 0.0667       |
|    action_std_02                  | 0.0669       |
|    action_std_03                  | 0.0672       |
|    action_std_04                  | 0.0672       |
|    action_std_05                  | 0.068        |
|    action_std_06                  | 0.0667       |
|    action_std_07                  | 0.0674       |
|    action_std_08                  | 0.0665       |
|    action_std_09                  | 0.0677       |
|    action_std_10                  | 0.0672       |
|    action_std_11                  | 0.068        |
|    action_std_12                  | 0.0669       |
|    action_std_13                  | 0.0681       |
|    action_std_14                  | 0.0678       |
|    action_std_15                  | 0.0667       |
|    action_std_16                  | 0.067        |
|    action_std_17                  | 0.0672       |
|    action_std_18                  | 0.0668       |
|    action_std_19                  | 0.0673       |
|    action_std_20                  | 0.0666       |
|    action_std_21                  | 0.0672       |
|    action_std_22                  | 0.0664       |
|    action_std_23                  | 0.0662       |
|    action_std_24                  | 0.0681       |
|    approx_kl                      | 0.0023113582 |
|    clip_fraction                  | 0.116        |
|    clip_range                     | 0.1          |
|    clip_range_vf                  | 0.2          |
|    entropy_loss                   | 32.1         |
|    explained_variance             | 0.826        |
|    learning_rate                  | 1e-05        |
|    loss                           | 0.38         |
|    n_updates                      | 1390         |
|    policy_gradient_loss           | -0.00296     |
|    std                            | 0.0672       |
|    std_max                        | 0.0681       |
|    std_min                        | 0.0662       |
|    value_loss                     | 0.105        |
----------------------------------------------------
---------------------------------------------------
| rollout/                          |             |
|    action_saturation_fraction     | 0           |
|    ep_len_mean                    | 984         |
|    ep_rew_mean                    | 671         |
|    episodes_noforce               | 125         |
|    force_direction_mean           | -1          |
|    force_onset_mean               | 1.4         |
|    force_requested_impulse_mean   | 0           |
|    is_fall_mean                   | 0.048       |
|    is_timeout_mean                | 0.952       |
|    recovery_noforce               | 0.952       |
|    timeout_without_onset_fraction | 0           |
|    timeouts                       | 119         |
| time/                             |             |
|    fps                            | 7416        |
|    iterations                     | 141         |
|    time_elapsed                   | 2491        |
|    total_timesteps                | 18481152    |
| train/                            |             |
|    action_std_00                  | 0.0673      |
|    action_std_01                  | 0.0668      |
|    action_std_02                  | 0.0671      |
|    action_std_03                  | 0.0674      |
|    action_std_04                  | 0.0673      |
|    action_std_05                  | 0.0682      |
|    action_std_06                  | 0.0669      |
|    action_std_07                  | 0.0675      |
|    action_std_08                  | 0.0667      |
|    action_std_09                  | 0.068       |
|    action_std_10                  | 0.0674      |
|    action_std_11                  | 0.0682      |
|    action_std_12                  | 0.067       |
|    action_std_13                  | 0.0683      |
|    action_std_14                  | 0.0679      |
|    action_std_15                  | 0.0669      |
|    action_std_16                  | 0.0672      |
|    action_std_17                  | 0.0673      |
|    action_std_18                  | 0.0669      |
|    action_std_19                  | 0.0676      |
|    action_std_20                  | 0.0668      |
|    action_std_21                  | 0.0674      |
|    action_std_22                  | 0.0665      |
|    action_std_23                  | 0.0663      |
|    action_std_24                  | 0.0682      |
|    approx_kl                      | 0.002351365 |
|    clip_fraction                  | 0.117       |
|    clip_range                     | 0.1         |
|    clip_range_vf                  | 0.2         |
|    entropy_loss                   | 32          |
|    explained_variance             | 0.88        |
|    learning_rate                  | 1e-05       |
|    loss                           | 0.432       |
|    n_updates                      | 1400        |
|    policy_gradient_loss           | -0.00336    |
|    std                            | 0.0673      |
|    std_max                        | 0.0683      |
|    std_min                        | 0.0663      |
|    value_loss                     | 0.111       |
---------------------------------------------------
[QuadrupedWBCEnv] Reset state env_id=0 z=0.322978 rpy=[-0.0135663, 0.0221033, -0.0185993]
----------------------------------------------------
| rollout/                          |              |
|    action_saturation_fraction     | 0            |
|    ep_len_mean                    | 962          |
|    ep_rew_mean                    | 652          |
|    episodes_noforce               | 142          |
|    force_direction_mean           | -1           |
|    force_onset_mean               | 1.39         |
|    force_requested_impulse_mean   | 0            |
|    is_fall_mean                   | 0.0775       |
|    is_timeout_mean                | 0.923        |
|    recovery_noforce               | 0.923        |
|    timeout_without_onset_fraction | 0            |
|    timeouts                       | 131          |
| time/                             |              |
|    fps                            | 7415         |
|    iterations                     | 142          |
|    time_elapsed                   | 2510         |
|    total_timesteps                | 18612224     |
| train/                            |              |
|    action_std_00                  | 0.0675       |
|    action_std_01                  | 0.0669       |
|    action_std_02                  | 0.0672       |
|    action_std_03                  | 0.0675       |
|    action_std_04                  | 0.0674       |
|    action_std_05                  | 0.0683       |
|    action_std_06                  | 0.0671       |
|    action_std_07                  | 0.0676       |
|    action_std_08                  | 0.0668       |
|    action_std_09                  | 0.0681       |
|    action_std_10                  | 0.0675       |
|    action_std_11                  | 0.0683       |
|    action_std_12                  | 0.0672       |
|    action_std_13                  | 0.0683       |
|    action_std_14                  | 0.068        |
|    action_std_15                  | 0.0671       |
|    action_std_16                  | 0.0673       |
|    action_std_17                  | 0.0675       |
|    action_std_18                  | 0.0671       |
|    action_std_19                  | 0.0676       |
|    action_std_20                  | 0.0669       |
|    action_std_21                  | 0.0675       |
|    action_std_22                  | 0.0667       |
|    action_std_23                  | 0.0664       |
|    action_std_24                  | 0.0684       |
|    approx_kl                      | 0.0023409855 |
|    clip_fraction                  | 0.118        |
|    clip_range                     | 0.1          |
|    clip_range_vf                  | 0.2          |
|    entropy_loss                   | 32           |
|    explained_variance             | 0.868        |
|    learning_rate                  | 1e-05        |
|    loss                           | 0.406        |
|    n_updates                      | 1410         |
|    policy_gradient_loss           | -0.00354     |
|    std                            | 0.0675       |
|    std_max                        | 0.0684       |
|    std_min                        | 0.0664       |
|    value_loss                     | 0.0921       |
----------------------------------------------------
----------------------------------------------------
| rollout/                          |              |
|    action_saturation_fraction     | 0            |
|    ep_len_mean                    | 978          |
|    ep_rew_mean                    | 665          |
|    episodes_noforce               | 126          |
|    force_direction_mean           | -1           |
|    force_onset_mean               | 1.4          |
|    force_requested_impulse_mean   | 0            |
|    is_fall_mean                   | 0.0556       |
|    is_timeout_mean                | 0.944        |
|    recovery_noforce               | 0.944        |
|    timeout_without_onset_fraction | 0            |
|    timeouts                       | 119          |
| time/                             |              |
|    fps                            | 7414         |
|    iterations                     | 143          |
|    time_elapsed                   | 2527         |
|    total_timesteps                | 18743296     |
| train/                            |              |
|    action_std_00                  | 0.0677       |
|    action_std_01                  | 0.0671       |
|    action_std_02                  | 0.0673       |
|    action_std_03                  | 0.0677       |
|    action_std_04                  | 0.0676       |
|    action_std_05                  | 0.0686       |
|    action_std_06                  | 0.0672       |
|    action_std_07                  | 0.0678       |
|    action_std_08                  | 0.067        |
|    action_std_09                  | 0.0682       |
|    action_std_10                  | 0.0677       |
|    action_std_11                  | 0.0685       |
|    action_std_12                  | 0.0673       |
|    action_std_13                  | 0.0685       |
|    action_std_14                  | 0.0681       |
|    action_std_15                  | 0.0673       |
|    action_std_16                  | 0.0675       |
|    action_std_17                  | 0.0677       |
|    action_std_18                  | 0.0673       |
|    action_std_19                  | 0.0678       |
|    action_std_20                  | 0.067        |
|    action_std_21                  | 0.0678       |
|    action_std_22                  | 0.0669       |
|    action_std_23                  | 0.0665       |
|    action_std_24                  | 0.0685       |
|    approx_kl                      | 0.0024468342 |
|    clip_fraction                  | 0.124        |
|    clip_range                     | 0.1          |
|    clip_range_vf                  | 0.2          |
|    entropy_loss                   | 31.9         |
|    explained_variance             | 0.894        |
|    learning_rate                  | 1e-05        |
|    loss                           | 0.444        |
|    n_updates                      | 1420         |
|    policy_gradient_loss           | -0.00386     |
|    std                            | 0.0676       |
|    std_max                        | 0.0686       |
|    std_min                        | 0.0665       |
|    value_loss                     | 0.112        |
----------------------------------------------------
[QuadrupedWBCEnv] Reset state env_id=0 z=0.323414 rpy=[-0.0155754, 0.0224411, -0.0184538]
----------------------------------------------------
| rollout/                          |              |
|    action_saturation_fraction     | 0            |
|    ep_len_mean                    | 976          |
|    ep_rew_mean                    | 663          |
|    episodes_noforce               | 145          |
|    force_direction_mean           | -1           |
|    force_onset_mean               | 1.4          |
|    force_requested_impulse_mean   | 0            |
|    is_fall_mean                   | 0.0483       |
|    is_timeout_mean                | 0.952        |
|    recovery_noforce               | 0.952        |
|    timeout_without_onset_fraction | 0            |
|    timeouts                       | 138          |
| time/                             |              |
|    fps                            | 7415         |
|    iterations                     | 144          |
|    time_elapsed                   | 2545         |
|    total_timesteps                | 18874368     |
| train/                            |              |
|    action_std_00                  | 0.0678       |
|    action_std_01                  | 0.0672       |
|    action_std_02                  | 0.0675       |
|    action_std_03                  | 0.0678       |
|    action_std_04                  | 0.0678       |
|    action_std_05                  | 0.0687       |
|    action_std_06                  | 0.0673       |
|    action_std_07                  | 0.068        |
|    action_std_08                  | 0.0672       |
|    action_std_09                  | 0.0683       |
|    action_std_10                  | 0.0678       |
|    action_std_11                  | 0.0686       |
|    action_std_12                  | 0.0674       |
|    action_std_13                  | 0.0687       |
|    action_std_14                  | 0.0682       |
|    action_std_15                  | 0.0675       |
|    action_std_16                  | 0.0676       |
|    action_std_17                  | 0.0678       |
|    action_std_18                  | 0.0674       |
|    action_std_19                  | 0.0681       |
|    action_std_20                  | 0.0672       |
|    action_std_21                  | 0.0679       |
|    action_std_22                  | 0.067        |
|    action_std_23                  | 0.0667       |
|    action_std_24                  | 0.0686       |
|    approx_kl                      | 0.0024092747 |
|    clip_fraction                  | 0.123        |
|    clip_range                     | 0.1          |
|    clip_range_vf                  | 0.2          |
|    entropy_loss                   | 31.8         |
|    explained_variance             | 0.872        |
|    learning_rate                  | 1e-05        |
|    loss                           | 0.41         |
|    n_updates                      | 1430         |
|    policy_gradient_loss           | -0.00383     |
|    std                            | 0.0678       |
|    std_max                        | 0.0687       |
|    std_min                        | 0.0667       |
|    value_loss                     | 0.0986       |
----------------------------------------------------
----------------------------------------------------
| rollout/                          |              |
|    action_saturation_fraction     | 0            |
|    ep_len_mean                    | 970          |
|    ep_rew_mean                    | 661          |
|    episodes_noforce               | 127          |
|    force_direction_mean           | -1           |
|    force_onset_mean               | 1.4          |
|    force_requested_impulse_mean   | 0            |
|    is_fall_mean                   | 0.0709       |
|    is_timeout_mean                | 0.929        |
|    recovery_noforce               | 0.929        |
|    timeout_without_onset_fraction | 0            |
|    timeouts                       | 118          |
| time/                             |              |
|    fps                            | 7416         |
|    iterations                     | 145          |
|    time_elapsed                   | 2562         |
|    total_timesteps                | 19005440     |
| train/                            |              |
|    action_std_00                  | 0.0679       |
|    action_std_01                  | 0.0673       |
|    action_std_02                  | 0.0676       |
|    action_std_03                  | 0.0679       |
|    action_std_04                  | 0.0679       |
|    action_std_05                  | 0.069        |
|    action_std_06                  | 0.0675       |
|    action_std_07                  | 0.0681       |
|    action_std_08                  | 0.0674       |
|    action_std_09                  | 0.0685       |
|    action_std_10                  | 0.0679       |
|    action_std_11                  | 0.0687       |
|    action_std_12                  | 0.0675       |
|    action_std_13                  | 0.0689       |
|    action_std_14                  | 0.0683       |
|    action_std_15                  | 0.0676       |
|    action_std_16                  | 0.0677       |
|    action_std_17                  | 0.0679       |
|    action_std_18                  | 0.0675       |
|    action_std_19                  | 0.0682       |
|    action_std_20                  | 0.0674       |
|    action_std_21                  | 0.0681       |
|    action_std_22                  | 0.0672       |
|    action_std_23                  | 0.0668       |
|    action_std_24                  | 0.0688       |
|    approx_kl                      | 0.0023888515 |
|    clip_fraction                  | 0.119        |
|    clip_range                     | 0.1          |
|    clip_range_vf                  | 0.2          |
|    entropy_loss                   | 31.8         |
|    explained_variance             | 0.859        |
|    learning_rate                  | 1e-05        |
|    loss                           | 0.371        |
|    n_updates                      | 1440         |
|    policy_gradient_loss           | -0.00356     |
|    std                            | 0.0679       |
|    std_max                        | 0.069        |
|    std_min                        | 0.0668       |
|    value_loss                     | 0.0991       |
----------------------------------------------------
[QuadrupedWBCEnv] Reset state env_id=0 z=0.316847 rpy=[-0.0142353, 0.0234693, -0.0187179]
----------------------------------------------------
| rollout/                          |              |
|    action_saturation_fraction     | 0            |
|    ep_len_mean                    | 968          |
|    ep_rew_mean                    | 660          |
|    episodes_noforce               | 140          |
|    force_direction_mean           | -1           |
|    force_onset_mean               | 1.38         |
|    force_requested_impulse_mean   | 0            |
|    is_fall_mean                   | 0.0786       |
|    is_timeout_mean                | 0.921        |
|    recovery_noforce               | 0.921        |
|    timeout_without_onset_fraction | 0            |
|    timeouts                       | 129          |
| time/                             |              |
|    fps                            | 7417         |
|    iterations                     | 146          |
|    time_elapsed                   | 2579         |
|    total_timesteps                | 19136512     |
| train/                            |              |
|    action_std_00                  | 0.068        |
|    action_std_01                  | 0.0675       |
|    action_std_02                  | 0.0677       |
|    action_std_03                  | 0.068        |
|    action_std_04                  | 0.068        |
|    action_std_05                  | 0.0693       |
|    action_std_06                  | 0.0677       |
|    action_std_07                  | 0.0683       |
|    action_std_08                  | 0.0675       |
|    action_std_09                  | 0.0686       |
|    action_std_10                  | 0.068        |
|    action_std_11                  | 0.069        |
|    action_std_12                  | 0.0677       |
|    action_std_13                  | 0.069        |
|    action_std_14                  | 0.0685       |
|    action_std_15                  | 0.0676       |
|    action_std_16                  | 0.0679       |
|    action_std_17                  | 0.0681       |
|    action_std_18                  | 0.0677       |
|    action_std_19                  | 0.0683       |
|    action_std_20                  | 0.0675       |
|    action_std_21                  | 0.0682       |
|    action_std_22                  | 0.0673       |
|    action_std_23                  | 0.0669       |
|    action_std_24                  | 0.069        |
|    approx_kl                      | 0.0021967134 |
|    clip_fraction                  | 0.113        |
|    clip_range                     | 0.1          |
|    clip_range_vf                  | 0.2          |
|    entropy_loss                   | 31.7         |
|    explained_variance             | 0.881        |
|    learning_rate                  | 1e-05        |
|    loss                           | 0.384        |
|    n_updates                      | 1450         |
|    policy_gradient_loss           | -0.00357     |
|    std                            | 0.0681       |
|    std_max                        | 0.0693       |
|    std_min                        | 0.0669       |
|    value_loss                     | 0.0905       |
----------------------------------------------------
---------------------------------------------------
| rollout/                          |             |
|    action_saturation_fraction     | 0           |
|    ep_len_mean                    | 958         |
|    ep_rew_mean                    | 652         |
|    episodes_noforce               | 131         |
|    force_direction_mean           | -1          |
|    force_onset_mean               | 1.38        |
|    force_requested_impulse_mean   | 0           |
|    is_fall_mean                   | 0.084       |
|    is_timeout_mean                | 0.916       |
|    recovery_noforce               | 0.916       |
|    timeout_without_onset_fraction | 0           |
|    timeouts                       | 120         |
| time/                             |             |
|    fps                            | 7418        |
|    iterations                     | 147         |
|    time_elapsed                   | 2597        |
|    total_timesteps                | 19267584    |
| train/                            |             |
|    action_std_00                  | 0.0682      |
|    action_std_01                  | 0.0677      |
|    action_std_02                  | 0.0678      |
|    action_std_03                  | 0.0681      |
|    action_std_04                  | 0.0682      |
|    action_std_05                  | 0.0694      |
|    action_std_06                  | 0.0679      |
|    action_std_07                  | 0.0685      |
|    action_std_08                  | 0.0677      |
|    action_std_09                  | 0.0686      |
|    action_std_10                  | 0.0682      |
|    action_std_11                  | 0.0692      |
|    action_std_12                  | 0.0678      |
|    action_std_13                  | 0.0693      |
|    action_std_14                  | 0.0686      |
|    action_std_15                  | 0.0678      |
|    action_std_16                  | 0.0681      |
|    action_std_17                  | 0.0682      |
|    action_std_18                  | 0.0679      |
|    action_std_19                  | 0.0685      |
|    action_std_20                  | 0.0676      |
|    action_std_21                  | 0.0684      |
|    action_std_22                  | 0.0675      |
|    action_std_23                  | 0.0671      |
|    action_std_24                  | 0.0691      |
|    approx_kl                      | 0.002430168 |
|    clip_fraction                  | 0.125       |
|    clip_range                     | 0.1         |
|    clip_range_vf                  | 0.2         |
|    entropy_loss                   | 31.7        |
|    explained_variance             | 0.843       |
|    learning_rate                  | 1e-05       |
|    loss                           | 0.419       |
|    n_updates                      | 1460        |
|    policy_gradient_loss           | -0.0037     |
|    std                            | 0.0682      |
|    std_max                        | 0.0694      |
|    std_min                        | 0.0671      |
|    value_loss                     | 0.115       |
---------------------------------------------------
[QuadrupedWBCEnv] Reset state env_id=0 z=0.298133 rpy=[-0.0128663, 0.0241331, -0.0181433]
--------------------------------------------------
| rollout/                          |            |
|    action_saturation_fraction     | 0          |
|    ep_len_mean                    | 933        |
|    ep_rew_mean                    | 633        |
|    episodes_noforce               | 143        |
|    force_direction_mean           | -1         |
|    force_onset_mean               | 1.4        |
|    force_requested_impulse_mean   | 0          |
|    is_fall_mean                   | 0.112      |
|    is_timeout_mean                | 0.888      |
|    recovery_noforce               | 0.888      |
|    timeout_without_onset_fraction | 0          |
|    timeouts                       | 127        |
| time/                             |            |
|    fps                            | 7420       |
|    iterations                     | 148        |
|    time_elapsed                   | 2614       |
|    total_timesteps                | 19398656   |
| train/                            |            |
|    action_std_00                  | 0.0685     |
|    action_std_01                  | 0.0679     |
|    action_std_02                  | 0.068      |
|    action_std_03                  | 0.0681     |
|    action_std_04                  | 0.0684     |
|    action_std_05                  | 0.0696     |
|    action_std_06                  | 0.068      |
|    action_std_07                  | 0.0687     |
|    action_std_08                  | 0.0679     |
|    action_std_09                  | 0.0687     |
|    action_std_10                  | 0.0684     |
|    action_std_11                  | 0.0693     |
|    action_std_12                  | 0.0679     |
|    action_std_13                  | 0.0693     |
|    action_std_14                  | 0.0687     |
|    action_std_15                  | 0.068      |
|    action_std_16                  | 0.0682     |
|    action_std_17                  | 0.0683     |
|    action_std_18                  | 0.068      |
|    action_std_19                  | 0.0686     |
|    action_std_20                  | 0.0677     |
|    action_std_21                  | 0.0685     |
|    action_std_22                  | 0.0675     |
|    action_std_23                  | 0.0672     |
|    action_std_24                  | 0.0693     |
|    approx_kl                      | 0.00241421 |
|    clip_fraction                  | 0.125      |
|    clip_range                     | 0.1        |
|    clip_range_vf                  | 0.2        |
|    entropy_loss                   | 31.6       |
|    explained_variance             | 0.871      |
|    learning_rate                  | 1e-05      |
|    loss                           | 0.424      |
|    n_updates                      | 1470       |
|    policy_gradient_loss           | -0.00357   |
|    std                            | 0.0683     |
|    std_max                        | 0.0696     |
|    std_min                        | 0.0672     |
|    value_loss                     | 0.102      |
--------------------------------------------------
----------------------------------------------------
| rollout/                          |              |
|    action_saturation_fraction     | 0            |
|    ep_len_mean                    | 964          |
|    ep_rew_mean                    | 654          |
|    episodes_noforce               | 135          |
|    force_direction_mean           | -1           |
|    force_onset_mean               | 1.4          |
|    force_requested_impulse_mean   | 0            |
|    is_fall_mean                   | 0.0889       |
|    is_timeout_mean                | 0.911        |
|    recovery_noforce               | 0.911        |
|    timeout_without_onset_fraction | 0            |
|    timeouts                       | 123          |
| time/                             |              |
|    fps                            | 7421         |
|    iterations                     | 149          |
|    time_elapsed                   | 2631         |
|    total_timesteps                | 19529728     |
| train/                            |              |
|    action_std_00                  | 0.0686       |
|    action_std_01                  | 0.068        |
|    action_std_02                  | 0.0681       |
|    action_std_03                  | 0.0683       |
|    action_std_04                  | 0.0685       |
|    action_std_05                  | 0.0698       |
|    action_std_06                  | 0.0681       |
|    action_std_07                  | 0.069        |
|    action_std_08                  | 0.0682       |
|    action_std_09                  | 0.069        |
|    action_std_10                  | 0.0685       |
|    action_std_11                  | 0.0695       |
|    action_std_12                  | 0.0681       |
|    action_std_13                  | 0.0695       |
|    action_std_14                  | 0.0689       |
|    action_std_15                  | 0.0681       |
|    action_std_16                  | 0.0683       |
|    action_std_17                  | 0.0684       |
|    action_std_18                  | 0.0681       |
|    action_std_19                  | 0.0687       |
|    action_std_20                  | 0.0679       |
|    action_std_21                  | 0.0686       |
|    action_std_22                  | 0.0677       |
|    action_std_23                  | 0.0674       |
|    action_std_24                  | 0.0694       |
|    approx_kl                      | 0.0024460473 |
|    clip_fraction                  | 0.128        |
|    clip_range                     | 0.1          |
|    clip_range_vf                  | 0.2          |
|    entropy_loss                   | 31.6         |
|    explained_variance             | 0.891        |
|    learning_rate                  | 1e-05        |
|    loss                           | 0.548        |
|    n_updates                      | 1480         |
|    policy_gradient_loss           | -0.00381     |
|    std                            | 0.0685       |
|    std_max                        | 0.0698       |
|    std_min                        | 0.0674       |
|    value_loss                     | 0.134        |
----------------------------------------------------
[QuadrupedWBCEnv] Reset state env_id=0 z=0.297445 rpy=[-0.0110984, 0.0228152, -0.0189504]
----------------------------------------------------
| rollout/                          |              |
|    action_saturation_fraction     | 0            |
|    ep_len_mean                    | 986          |
|    ep_rew_mean                    | 671          |
|    episodes_noforce               | 127          |
|    force_direction_mean           | -1           |
|    force_onset_mean               | 1.4          |
|    force_requested_impulse_mean   | 0            |
|    is_fall_mean                   | 0.0394       |
|    is_timeout_mean                | 0.961        |
|    recovery_noforce               | 0.961        |
|    timeout_without_onset_fraction | 0            |
|    timeouts                       | 122          |
| time/                             |              |
|    fps                            | 7421         |
|    iterations                     | 150          |
|    time_elapsed                   | 2649         |
|    total_timesteps                | 19660800     |
| train/                            |              |
|    action_std_00                  | 0.0687       |
|    action_std_01                  | 0.0682       |
|    action_std_02                  | 0.0683       |
|    action_std_03                  | 0.0684       |
|    action_std_04                  | 0.0687       |
|    action_std_05                  | 0.0701       |
|    action_std_06                  | 0.0682       |
|    action_std_07                  | 0.0691       |
|    action_std_08                  | 0.0683       |
|    action_std_09                  | 0.0692       |
|    action_std_10                  | 0.0687       |
|    action_std_11                  | 0.0696       |
|    action_std_12                  | 0.0682       |
|    action_std_13                  | 0.0698       |
|    action_std_14                  | 0.0691       |
|    action_std_15                  | 0.0683       |
|    action_std_16                  | 0.0684       |
|    action_std_17                  | 0.0686       |
|    action_std_18                  | 0.0683       |
|    action_std_19                  | 0.0688       |
|    action_std_20                  | 0.0682       |
|    action_std_21                  | 0.0688       |
|    action_std_22                  | 0.0679       |
|    action_std_23                  | 0.0676       |
|    action_std_24                  | 0.0696       |
|    approx_kl                      | 0.0024239484 |
|    clip_fraction                  | 0.121        |
|    clip_range                     | 0.1          |
|    clip_range_vf                  | 0.2          |
|    entropy_loss                   | 31.5         |
|    explained_variance             | 0.873        |
|    learning_rate                  | 1e-05        |
|    loss                           | 0.468        |
|    n_updates                      | 1490         |
|    policy_gradient_loss           | -0.00408     |
|    std                            | 0.0687       |
|    std_max                        | 0.0701       |
|    std_min                        | 0.0676       |
|    value_loss                     | 0.167        |
----------------------------------------------------
---------------------------------------------------
| rollout/                          |             |
|    action_saturation_fraction     | 0           |
|    ep_len_mean                    | 980         |
|    ep_rew_mean                    | 666         |
|    episodes_noforce               | 140         |
|    force_direction_mean           | -1          |
|    force_onset_mean               | 1.4         |
|    force_requested_impulse_mean   | 0           |
|    is_fall_mean                   | 0.0571      |
|    is_timeout_mean                | 0.943       |
|    recovery_noforce               | 0.943       |
|    timeout_without_onset_fraction | 0           |
|    timeouts                       | 132         |
| time/                             |             |
|    fps                            | 7423        |
|    iterations                     | 151         |
|    time_elapsed                   | 2666        |
|    total_timesteps                | 19791872    |
| train/                            |             |
|    action_std_00                  | 0.0689      |
|    action_std_01                  | 0.0684      |
|    action_std_02                  | 0.0684      |
|    action_std_03                  | 0.0685      |
|    action_std_04                  | 0.0689      |
|    action_std_05                  | 0.0703      |
|    action_std_06                  | 0.0684      |
|    action_std_07                  | 0.0693      |
|    action_std_08                  | 0.0685      |
|    action_std_09                  | 0.0693      |
|    action_std_10                  | 0.0688      |
|    action_std_11                  | 0.0697      |
|    action_std_12                  | 0.0683      |
|    action_std_13                  | 0.0699      |
|    action_std_14                  | 0.0693      |
|    action_std_15                  | 0.0685      |
|    action_std_16                  | 0.0685      |
|    action_std_17                  | 0.0687      |
|    action_std_18                  | 0.0683      |
|    action_std_19                  | 0.0689      |
|    action_std_20                  | 0.0683      |
|    action_std_21                  | 0.0689      |
|    action_std_22                  | 0.0681      |
|    action_std_23                  | 0.0677      |
|    action_std_24                  | 0.0698      |
|    approx_kl                      | 0.002221697 |
|    clip_fraction                  | 0.109       |
|    clip_range                     | 0.1         |
|    clip_range_vf                  | 0.2         |
|    entropy_loss                   | 31.5        |
|    explained_variance             | 0.887       |
|    learning_rate                  | 1e-05       |
|    loss                           | 0.373       |
|    n_updates                      | 1500        |
|    policy_gradient_loss           | -0.00352    |
|    std                            | 0.0688      |
|    std_max                        | 0.0703      |
|    std_min                        | 0.0677      |
|    value_loss                     | 0.0572      |
---------------------------------------------------
[QuadrupedWBCEnv] Reset state env_id=0 z=0.292633 rpy=[-0.0127998, 0.0254165, -0.0185315]
----------------------------------------------------
| rollout/                          |              |
|    action_saturation_fraction     | 0            |
|    ep_len_mean                    | 978          |
|    ep_rew_mean                    | 666          |
|    episodes_noforce               | 123          |
|    force_direction_mean           | -1           |
|    force_onset_mean               | 1.39         |
|    force_requested_impulse_mean   | 0            |
|    is_fall_mean                   | 0.0569       |
|    is_timeout_mean                | 0.943        |
|    recovery_noforce               | 0.943        |
|    timeout_without_onset_fraction | 0            |
|    timeouts                       | 116          |
| time/                             |              |
|    fps                            | 7424         |
|    iterations                     | 152          |
|    time_elapsed                   | 2683         |
|    total_timesteps                | 19922944     |
| train/                            |              |
|    action_std_00                  | 0.0691       |
|    action_std_01                  | 0.0686       |
|    action_std_02                  | 0.0685       |
|    action_std_03                  | 0.0686       |
|    action_std_04                  | 0.069        |
|    action_std_05                  | 0.0704       |
|    action_std_06                  | 0.0685       |
|    action_std_07                  | 0.0694       |
|    action_std_08                  | 0.0686       |
|    action_std_09                  | 0.0695       |
|    action_std_10                  | 0.069        |
|    action_std_11                  | 0.0699       |
|    action_std_12                  | 0.0685       |
|    action_std_13                  | 0.0701       |
|    action_std_14                  | 0.0694       |
|    action_std_15                  | 0.0687       |
|    action_std_16                  | 0.0686       |
|    action_std_17                  | 0.0688       |
|    action_std_18                  | 0.0686       |
|    action_std_19                  | 0.069        |
|    action_std_20                  | 0.0685       |
|    action_std_21                  | 0.0691       |
|    action_std_22                  | 0.0682       |
|    action_std_23                  | 0.0678       |
|    action_std_24                  | 0.07         |
|    approx_kl                      | 0.0023932687 |
|    clip_fraction                  | 0.124        |
|    clip_range                     | 0.1          |
|    clip_range_vf                  | 0.2          |
|    entropy_loss                   | 31.4         |
|    explained_variance             | 0.848        |
|    learning_rate                  | 1e-05        |
|    loss                           | 0.376        |
|    n_updates                      | 1510         |
|    policy_gradient_loss           | -0.00373     |
|    std                            | 0.069        |
|    std_max                        | 0.0704       |
|    std_min                        | 0.0678       |
|    value_loss                     | 0.1          |
----------------------------------------------------
INFO:root:VecNormalize statistics saved at: ./data/v1_ours/quadruped_ppo_model_ckpt_20001280_vecnormalize.pkl
INFO:root:Model saved at: ./data/v1_ours/quadruped_ppo_model_ckpt_20001280.zip
INFO:root:Checkpoint written at 20001280 timesteps
----------------------------------------------------
| rollout/                          |              |
|    action_saturation_fraction     | 0            |
|    ep_len_mean                    | 973          |
|    ep_rew_mean                    | 662          |
|    episodes_noforce               | 150          |
|    force_direction_mean           | -1           |
|    force_onset_mean               | 1.41         |
|    force_requested_impulse_mean   | 0            |
|    is_fall_mean                   | 0.0867       |
|    is_timeout_mean                | 0.913        |
|    recovery_noforce               | 0.913        |
|    timeout_without_onset_fraction | 0            |
|    timeouts                       | 137          |
| time/                             |              |
|    fps                            | 7425         |
|    iterations                     | 153          |
|    time_elapsed                   | 2700         |
|    total_timesteps                | 20054016     |
| train/                            |              |
|    action_std_00                  | 0.0691       |
|    action_std_01                  | 0.0687       |
|    action_std_02                  | 0.0687       |
|    action_std_03                  | 0.0688       |
|    action_std_04                  | 0.0691       |
|    action_std_05                  | 0.0705       |
|    action_std_06                  | 0.0687       |
|    action_std_07                  | 0.0696       |
|    action_std_08                  | 0.0687       |
|    action_std_09                  | 0.0698       |
|    action_std_10                  | 0.0692       |
|    action_std_11                  | 0.0701       |
|    action_std_12                  | 0.0687       |
|    action_std_13                  | 0.0704       |
|    action_std_14                  | 0.0695       |
|    action_std_15                  | 0.0688       |
|    action_std_16                  | 0.0688       |
|    action_std_17                  | 0.0689       |
|    action_std_18                  | 0.0687       |
|    action_std_19                  | 0.0692       |
|    action_std_20                  | 0.0688       |
|    action_std_21                  | 0.0693       |
|    action_std_22                  | 0.0684       |
|    action_std_23                  | 0.0681       |
|    action_std_24                  | 0.0702       |
|    approx_kl                      | 0.0023778065 |
|    clip_fraction                  | 0.117        |
|    clip_range                     | 0.1          |
|    clip_range_vf                  | 0.2          |
|    entropy_loss                   | 31.3         |
|    explained_variance             | 0.832        |
|    learning_rate                  | 1e-05        |
|    loss                           | 0.377        |
|    n_updates                      | 1520         |
|    policy_gradient_loss           | -0.00348     |
|    std                            | 0.0691       |
|    std_max                        | 0.0705       |
|    std_min                        | 0.0681       |
|    value_loss                     | 0.0922       |
----------------------------------------------------
INFO:root:VecNormalize statistics saved at: ./data/v1_ours/quadruped_ppo_model_vecnormalize.pkl
INFO:root:Model saved at: ./data/v1_ours/quadruped_ppo_model.zip
INFO:root:Model saved at: ./data/v1_ours/quadruped_ppo_model.zip
INFO:root:Training complete.
[QuadrupedWBCEnv] Reset state env_id=0 z=0.28956 rpy=[-0.0116681, 0.0231564, -0.0187064]
[QuadrupedWBCEnv] Reset state env_id=0 z=0.274273 rpy=[-0.0117425, 0.0256449, -0.018195]
EnvPool Evaluation - QuadrupedWBC-v0
Mean Reward: 730.22 +/- 54.48
Function main took 2802.45 seconds to run.
cleanupHardware(SIM): Cleaning up hardware components...
cleanupHardware(SIM): Cleaning up hardware components...
cleanupHardware(SIM): Cleaning up hardware components...
cleanupHardware(SIM): Cleaning up hardware components...
cleanupHardware(SIM): Cleaning up hardware components...
cleanupHardware(SIM): Cleaning up hardware components...
cleanupHardware(SIM): Cleaning up hardware components...
cleanupHardware(SIM): Cleaning up hardware components...
cleanupHardware(SIM): Cleaning up hardware components...
cleanupHardware(SIM): Cleaning up hardware components...
cleanupHardware(SIM): Cleaning up hardware components...
cleanupHardware(SIM): Cleaning up hardware components...
cleanupHardware(SIM): Cleaning up hardware components...
cleanupHardware(SIM): Cleaning up hardware components...
cleanupHardware(SIM): Cleaning up hardware components...
cleanupHardware(SIM): Cleaning up hardware components...
cleanupHardware(SIM): Cleaning up hardware components...
cleanupHardware(SIM): Cleaning up hardware components...
cleanupHardware(SIM): Cleaning up hardware components...
cleanupHardware(SIM): Cleaning up hardware components...
cleanupHardware(SIM): Cleaning up hardware components...
cleanupHardware(SIM): Cleaning up hardware components...
cleanupHardware(SIM): Cleaning up hardware components...
cleanupHardware(SIM): Cleaning up hardware components...
cleanupHardware(SIM): Cleaning up hardware components...
cleanupHardware(SIM): Cleaning up hardware components...
cleanupHardware(SIM): Cleaning up hardware components...
cleanupHardware(SIM): Cleaning up hardware components...
cleanupHardware(SIM): Cleaning up hardware components...
cleanupHardware(SIM): Cleaning up hardware components...
cleanupHardware(SIM): Cleaning up hardware components...
cleanupHardware(SIM): Cleaning up hardware components...
cleanupHardware(SIM): Cleaning up hardware components...
cleanupHardware(SIM): Cleaning up hardware components...
cleanupHardware(SIM): Cleaning up hardware components...
cleanupHardware(SIM): Cleaning up hardware components...
cleanupHardware(SIM): Cleaning up hardware components...
cleanupHardware(SIM): Cleaning up hardware components...
cleanupHardware(SIM): Cleaning up hardware components...
cleanupHardware(SIM): Cleaning up hardware components...
cleanupHardware(SIM): Cleaning up hardware components...
cleanupHardware(SIM): Cleaning up hardware components...
cleanupHardware(SIM): Cleaning up hardware components...
cleanupHardware(SIM): Cleaning up hardware components...
cleanupHardware(SIM): Cleaning up hardware components...
cleanupHardware(SIM): Cleaning up hardware components...
cleanupHardware(SIM): Cleaning up hardware components...
cleanupHardware(SIM): Cleaning up hardware components...
cleanupHardware(SIM): Cleaning up hardware components...
cleanupHardware(SIM): Cleaning up hardware components...
cleanupHardware(SIM): Cleaning up hardware components...
cleanupHardware(SIM): Cleaning up hardware components...
cleanupHardware(SIM): Cleaning up hardware components...
cleanupHardware(SIM): Cleaning up hardware components...
cleanupHardware(SIM): Cleaning up hardware components...
cleanupHardware(SIM): Cleaning up hardware components...
cleanupHardware(SIM): Cleaning up hardware components...
cleanupHardware(SIM): Cleaning up hardware components...
cleanupHardware(SIM): Cleaning up hardware components...
cleanupHardware(SIM): Cleaning up hardware components...
cleanupHardware(SIM): Cleaning up hardware components...
cleanupHardware(SIM): Cleaning up hardware components...
cleanupHardware(SIM): Cleaning up hardware components...
cleanupHardware(SIM): Cleaning up hardware components...
cleanupHardware(SIM): Cleaning up hardware components...
cleanupHardware(SIM): Cleaning up hardware components...
cleanupHardware(SIM): Cleaning up hardware components...
cleanupHardware(SIM): Cleaning up hardware components...
cleanupHardware(SIM): Cleaning up hardware components...
cleanupHardware(SIM): Cleaning up hardware components...
cleanupHardware(SIM): Cleaning up hardware components...
cleanupHardware(SIM): Cleaning up hardware components...
cleanupHardware(SIM): Cleaning up hardware components...
cleanupHardware(SIM): Cleaning up hardware components...
cleanupHardware(SIM): Cleaning up hardware components...
cleanupHardware(SIM): Cleaning up hardware components...
cleanupHardware(SIM): Cleaning up hardware components...
cleanupHardware(SIM): Cleaning up hardware components...
cleanupHardware(SIM): Cleaning up hardware components...
cleanupHardware(SIM): Cleaning up hardware components...
cleanupHardware(SIM): Cleaning up hardware components...
cleanupHardware(SIM): Cleaning up hardware components...
cleanupHardware(SIM): Cleaning up hardware components...
cleanupHardware(SIM): Cleaning up hardware components...
cleanupHardware(SIM): Cleaning up hardware components...
cleanupHardware(SIM): Cleaning up hardware components...
cleanupHardware(SIM): Cleaning up hardware components...
cleanupHardware(SIM): Cleaning up hardware components...
cleanupHardware(SIM): Cleaning up hardware components...
cleanupHardware(SIM): Cleaning up hardware components...
cleanupHardware(SIM): Cleaning up hardware components...
cleanupHardware(SIM): Cleaning up hardware components...
cleanupHardware(SIM): Cleaning up hardware components...
cleanupHardware(SIM): Cleaning up hardware components...
cleanupHardware(SIM): Cleaning up hardware components...
cleanupHardware(SIM): Cleaning up hardware components...
cleanupHardware(SIM): Cleaning up hardware components...
cleanupHardware(SIM): Cleaning up hardware components...
cleanupHardware(SIM): Cleaning up hardware components...
cleanupHardware(SIM): Cleaning up hardware components...
cleanupHardware(SIM): Cleaning up hardware components...
cleanupHardware(SIM): Cleaning up hardware components...
cleanupHardware(SIM): Cleaning up hardware components...
cleanupHardware(SIM): Cleaning up hardware components...
cleanupHardware(SIM): Cleaning up hardware components...
cleanupHardware(SIM): Cleaning up hardware components...
cleanupHardware(SIM): Cleaning up hardware components...
cleanupHardware(SIM): Cleaning up hardware components...
cleanupHardware(SIM): Cleaning up hardware components...
cleanupHardware(SIM): Cleaning up hardware components...
cleanupHardware(SIM): Cleaning up hardware components...
cleanupHardware(SIM): Cleaning up hardware components...
cleanupHardware(SIM): Cleaning up hardware components...
cleanupHardware(SIM): Cleaning up hardware components...
cleanupHardware(SIM): Cleaning up hardware components...
cleanupHardware(SIM): Cleaning up hardware components...
cleanupHardware(SIM): Cleaning up hardware components...
cleanupHardware(SIM): Cleaning up hardware components...
cleanupHardware(SIM): Cleaning up hardware components...
cleanupHardware(SIM): Cleaning up hardware components...
cleanupHardware(SIM): Cleaning up hardware components...
cleanupHardware(SIM): Cleaning up hardware components...
cleanupHardware(SIM): Cleaning up hardware components...
cleanupHardware(SIM): Cleaning up hardware components...
cleanupHardware(SIM): Cleaning up hardware components...
cleanupHardware(SIM): Cleaning up hardware components...
cleanupHardware(SIM): Cleaning up hardware components...
cleanupHardware(SIM): Cleaning up hardware components...
cleanupHardware(SIM): Cleaning up hardware components...
cleanupHardware(SIM): Cleaning up hardware components...
cleanupHardware(SIM): Cleaning up hardware components...
cleanupHardware(SIM): Cleaning up hardware components...
cleanupHardware(SIM): Cleaning up hardware components...
cleanupHardware(SIM): Cleaning up hardware components...
cleanupHardware(SIM): Cleaning up hardware components...
cleanupHardware(SIM): Cleaning up hardware components...
cleanupHardware(SIM): Cleaning up hardware components...
cleanupHardware(SIM): Cleaning up hardware components...
cleanupHardware(SIM): Cleaning up hardware components...
cleanupHardware(SIM): Cleaning up hardware components...
cleanupHardware(SIM): Cleaning up hardware components...
cleanupHardware(SIM): Cleaning up hardware components...
cleanupHardware(SIM): Cleaning up hardware components...
cleanupHardware(SIM): Cleaning up hardware components...
cleanupHardware(SIM): Cleaning up hardware components...
cleanupHardware(SIM): Cleaning up hardware components...
cleanupHardware(SIM): Cleaning up hardware components...
cleanupHardware(SIM): Cleaning up hardware components...
cleanupHardware(SIM): Cleaning up hardware components...
cleanupHardware(SIM): Cleaning up hardware components...
cleanupHardware(SIM): Cleaning up hardware components...
cleanupHardware(SIM): Cleaning up hardware components...
cleanupHardware(SIM): Cleaning up hardware components...
cleanupHardware(SIM): Cleaning up hardware components...
cleanupHardware(SIM): Cleaning up hardware components...
cleanupHardware(SIM): Cleaning up hardware components...
cleanupHardware(SIM): Cleaning up hardware components...
cleanupHardware(SIM): Cleaning up hardware components...
cleanupHardware(SIM): Cleaning up hardware components...
cleanupHardware(SIM): Cleaning up hardware components...
cleanupHardware(SIM): Cleaning up hardware components...
cleanupHardware(SIM): Cleaning up hardware components...
cleanupHardware(SIM): Cleaning up hardware components...
cleanupHardware(SIM): Cleaning up hardware components...
cleanupHardware(SIM): Cleaning up hardware components...
cleanupHardware(SIM): Cleaning up hardware components...
cleanupHardware(SIM): Cleaning up hardware components...
cleanupHardware(SIM): Cleaning up hardware components...
cleanupHardware(SIM): Cleaning up hardware components...
cleanupHardware(SIM): Cleaning up hardware components...
cleanupHardware(SIM): Cleaning up hardware components...
cleanupHardware(SIM): Cleaning up hardware components...
cleanupHardware(SIM): Cleaning up hardware components...
cleanupHardware(SIM): Cleaning up hardware components...
cleanupHardware(SIM): Cleaning up hardware components...
cleanupHardware(SIM): Cleaning up hardware components...
cleanupHardware(SIM): Cleaning up hardware components...
cleanupHardware(SIM): Cleaning up hardware components...
cleanupHardware(SIM): Cleaning up hardware components...
cleanupHardware(SIM): Cleaning up hardware components...
cleanupHardware(SIM): Cleaning up hardware components...
cleanupHardware(SIM): Cleaning up hardware components...
cleanupHardware(SIM): Cleaning up hardware components...
cleanupHardware(SIM): Cleaning up hardware components...
cleanupHardware(SIM): Cleaning up hardware components...
cleanupHardware(SIM): Cleaning up hardware components...
cleanupHardware(SIM): Cleaning up hardware components...
cleanupHardware(SIM): Cleaning up hardware components...
cleanupHardware(SIM): Cleaning up hardware components...
cleanupHardware(SIM): Cleaning up hardware components...
cleanupHardware(SIM): Cleaning up hardware components...
cleanupHardware(SIM): Cleaning up hardware components...
cleanupHardware(SIM): Cleaning up hardware components...
cleanupHardware(SIM): Cleaning up hardware components...
cleanupHardware(SIM): Cleaning up hardware components...
cleanupHardware(SIM): Cleaning up hardware components...
cleanupHardware(SIM): Cleaning up hardware components...
cleanupHardware(SIM): Cleaning up hardware components...
cleanupHardware(SIM): Cleaning up hardware components...
cleanupHardware(SIM): Cleaning up hardware components...
cleanupHardware(SIM): Cleaning up hardware components...
cleanupHardware(SIM): Cleaning up hardware components...
cleanupHardware(SIM): Cleaning up hardware components...
cleanupHardware(SIM): Cleaning up hardware components...
cleanupHardware(SIM): Cleaning up hardware components...
cleanupHardware(SIM): Cleaning up hardware components...
cleanupHardware(SIM): Cleaning up hardware components...
cleanupHardware(SIM): Cleaning up hardware components...
cleanupHardware(SIM): Cleaning up hardware components...
cleanupHardware(SIM): Cleaning up hardware components...
cleanupHardware(SIM): Cleaning up hardware components...
cleanupHardware(SIM): Cleaning up hardware components...
cleanupHardware(SIM): Cleaning up hardware components...
cleanupHardware(SIM): Cleaning up hardware components...
cleanupHardware(SIM): Cleaning up hardware components...
cleanupHardware(SIM): Cleaning up hardware components...
cleanupHardware(SIM): Cleaning up hardware components...
cleanupHardware(SIM): Cleaning up hardware components...
cleanupHardware(SIM): Cleaning up hardware components...
cleanupHardware(SIM): Cleaning up hardware components...
cleanupHardware(SIM): Cleaning up hardware components...
cleanupHardware(SIM): Cleaning up hardware components...
cleanupHardware(SIM): Cleaning up hardware components...
cleanupHardware(SIM): Cleaning up hardware components...
cleanupHardware(SIM): Cleaning up hardware components...
cleanupHardware(SIM): Cleaning up hardware components...
cleanupHardware(SIM): Cleaning up hardware components...
cleanupHardware(SIM): Cleaning up hardware components...
cleanupHardware(SIM): Cleaning up hardware components...
cleanupHardware(SIM): Cleaning up hardware components...
cleanupHardware(SIM): Cleaning up hardware components...
cleanupHardware(SIM): Cleaning up hardware components...
cleanupHardware(SIM): Cleaning up hardware components...
cleanupHardware(SIM): Cleaning up hardware components...
cleanupHardware(SIM): Cleaning up hardware components...
cleanupHardware(SIM): Cleaning up hardware components...
cleanupHardware(SIM): Cleaning up hardware components...
cleanupHardware(SIM): Cleaning up hardware components...
cleanupHardware(SIM): Cleaning up hardware components...
cleanupHardware(SIM): Cleaning up hardware components...
cleanupHardware(SIM): Cleaning up hardware components...
cleanupHardware(SIM): Cleaning up hardware components...
cleanupHardware(SIM): Cleaning up hardware components...
cleanupHardware(SIM): Cleaning up hardware components...
cleanupHardware(SIM): Cleaning up hardware components...
cleanupHardware(SIM): Cleaning up hardware components...
cleanupHardware(SIM): Cleaning up hardware components...
cleanupHardware(SIM): Cleaning up hardware components...
cleanupHardware(SIM): Cleaning up hardware components...
cleanupHardware(SIM): Cleaning up hardware components...
cleanupHardware(SIM): Cleaning up hardware components...
cleanupHardware(SIM): Cleaning up hardware components...
cleanupHardware(SIM): Cleaning up hardware components...
cleanupHardware(SIM): Cleaning up hardware components...
cleanupHardware(SIM): Cleaning up hardware components...
cleanupHardware(SIM): Cleaning up hardware components...
=== v1 ours stage 1 complete === 2026-09-12T18:07:09+03:00
=== Seeding stage 2 from stage 1's final weights ===
=== v1 ours stage 2: 10M @ 1e-6 === 2026-09-12T18:07:09+03:00
Gym has been unmaintained since 2022 and does not support NumPy 2.0 amongst other critical functionality.
Please upgrade to Gymnasium, the maintained drop-in replacement of Gym, or contact the authors of your software and request that they upgrade.
Users of this version of Gym should be able to simply replace 'import gym' with 'import gymnasium as gym' in the vast majority of cases.
See the migration guide at https://gymnasium.farama.org/introduction/migration_guide/ for additional information.
Logging to ./data/v1_ours_stage2/tb
INFO:root:Experiment: quadruped_ppo_experiment
INFO:root:Using EnvPool for environment QuadrupedWBC-v0 with 256 envs. Seed: 0
Using GPU: False
INFO:root:Using EnvPool's default worker-thread count
initHardware(SIM): Initializing hardware components...
[0;33m[WW] ModuleManager: CHANGING UPDATE PERIOD: ![0m
initHardware(SIM): Initializing hardware components...
[0;33m[WW] ModuleManager: CHANGING UPDATE PERIOD: ![0m
initHardware(SIM): Initializing hardware components...
[0;33m[WW] ModuleManager: CHANGING UPDATE PERIOD: ![0m
initHardware(SIM): Initializing hardware components...
[0;33m[WW] ModuleManager: CHANGING UPDATE PERIOD: ![0m
initHardware(SIM): Initializing hardware components...
[0;33m[WW] ModuleManager: CHANGING UPDATE PERIOD: ![0m
initHardware(SIM): Initializing hardware components...
[0;33m[WW] ModuleManager: CHANGING UPDATE PERIOD: ![0m
initHardware(SIM): Initializing hardware components...
[0;33m[WW] ModuleManager: CHANGING UPDATE PERIOD: ![0m
initHardware(SIM): Initializing hardware components...
[0;33m[WW] ModuleManager: CHANGING UPDATE PERIOD: ![0m
initHardware(SIM): Initializing hardware components...
[0;33m[WW] ModuleManager: CHANGING UPDATE PERIOD: ![0m
initHardware(SIM): Initializing hardware components...
[0;33m[WW] ModuleManager: CHANGING UPDATE PERIOD: ![0m
initHardware(SIM): Initializing hardware components...
[0;33m[WW] ModuleManager: CHANGING UPDATE PERIOD: ![0m
initHardware(SIM): Initializing hardware components...
[0;33m[WW] ModuleManager: CHANGING UPDATE PERIOD: ![0m
initHardware(SIM): Initializing hardware components...
[0;33m[WW] ModuleManager: CHANGING UPDATE PERIOD: ![0m
initHardware(SIM): Initializing hardware components...
[0;33m[WW] ModuleManager: CHANGING UPDATE PERIOD: ![0m
initHardware(SIM): Initializing hardware components...
[0;33m[WW] ModuleManager: CHANGING UPDATE PERIOD: ![0m
initHardware(SIM): Initializing hardware components...
[0;33m[WW] ModuleManager: CHANGING UPDATE PERIOD: ![0m
initHardware(SIM): Initializing hardware components...
[0;33m[WW] ModuleManager: CHANGING UPDATE PERIOD: ![0m
initHardware(SIM): Initializing hardware components...
[0;33m[WW] ModuleManager: CHANGING UPDATE PERIOD: ![0m
initHardware(SIM): Initializing hardware components...
[0;33m[WW] ModuleManager: CHANGING UPDATE PERIOD: ![0m
initHardware(SIM): Initializing hardware components...
[0;33m[WW] ModuleManager: CHANGING UPDATE PERIOD: ![0m
initHardware(SIM): Initializing hardware components...
[0;33m[WW] ModuleManager: CHANGING UPDATE PERIOD: ![0m
initHardware(SIM): Initializing hardware components...
[0;33m[WW] ModuleManager: CHANGING UPDATE PERIOD: ![0m
initHardware(SIM): Initializing hardware components...
[0;33m[WW] ModuleManager: CHANGING UPDATE PERIOD: ![0m
initHardware(SIM): Initializing hardware components...
[0;33m[WW] ModuleManager: CHANGING UPDATE PERIOD: ![0m
initHardware(SIM): Initializing hardware components...
[0;33m[WW] ModuleManager: CHANGING UPDATE PERIOD: ![0m
initHardware(SIM): Initializing hardware components...
[0;33m[WW] ModuleManager: CHANGING UPDATE PERIOD: ![0m
initHardware(SIM): Initializing hardware components...
[0;33m[WW] ModuleManager: CHANGING UPDATE PERIOD: ![0m
initHardware(SIM): Initializing hardware components...
[0;33m[WW] ModuleManager: CHANGING UPDATE PERIOD: ![0m
initHardware(SIM): Initializing hardware components...
[0;33m[WW] ModuleManager: CHANGING UPDATE PERIOD: ![0m
initHardware(SIM): Initializing hardware components...
[0;33m[WW] ModuleManager: CHANGING UPDATE PERIOD: ![0m
initHardware(SIM): Initializing hardware components...
[0;33m[WW] ModuleManager: CHANGING UPDATE PERIOD: ![0m
initHardware(SIM): Initializing hardware components...
[0;33m[WW] ModuleManager: CHANGING UPDATE PERIOD: ![0m
initHardware(SIM): Initializing hardware components...
[0;33m[WW] ModuleManager: CHANGING UPDATE PERIOD: ![0m
initHardware(SIM): Initializing hardware components...
[0;33m[WW] ModuleManager: CHANGING UPDATE PERIOD: ![0m
initHardware(SIM): Initializing hardware components...
[0;33m[WW] ModuleManager: CHANGING UPDATE PERIOD: ![0m
initHardware(SIM): Initializing hardware components...
[0;33m[WW] ModuleManager: CHANGING UPDATE PERIOD: ![0m
initHardware(SIM): Initializing hardware components...
[0;33m[WW] ModuleManager: CHANGING UPDATE PERIOD: ![0m
initHardware(SIM): Initializing hardware components...
[0;33m[WW] ModuleManager: CHANGING UPDATE PERIOD: ![0m
initHardware(SIM): Initializing hardware components...
[0;33m[WW] ModuleManager: CHANGING UPDATE PERIOD: ![0m
initHardware(SIM): Initializing hardware components...
[0;33m[WW] ModuleManager: CHANGING UPDATE PERIOD: ![0m
initHardware(SIM): Initializing hardware components...
[0;33m[WW] ModuleManager: CHANGING UPDATE PERIOD: ![0m
initHardware(SIM): Initializing hardware components...
[0;33m[WW] ModuleManager: CHANGING UPDATE PERIOD: ![0m
initHardware(SIM): Initializing hardware components...
[0;33m[WW] ModuleManager: CHANGING UPDATE PERIOD: ![0m
initHardware(SIM): Initializing hardware components...
[0;33m[WW] ModuleManager: CHANGING UPDATE PERIOD: ![0m
initHardware(SIM): Initializing hardware components...
[0;33m[WW] ModuleManager: CHANGING UPDATE PERIOD: ![0m
initHardware(SIM): Initializing hardware components...
[0;33m[WW] ModuleManager: CHANGING UPDATE PERIOD: ![0m
initHardware(SIM): Initializing hardware components...
[0;33m[WW] ModuleManager: CHANGING UPDATE PERIOD: ![0m
initHardware(SIM): Initializing hardware components...
[0;33m[WW] ModuleManager: CHANGING UPDATE PERIOD: ![0m
initHardware(SIM): Initializing hardware components...
[0;33m[WW] ModuleManager: CHANGING UPDATE PERIOD: ![0m
initHardware(SIM): Initializing hardware components...
[0;33m[WW] ModuleManager: CHANGING UPDATE PERIOD: ![0m
initHardware(SIM): Initializing hardware components...
[0;33m[WW] ModuleManager: CHANGING UPDATE PERIOD: ![0m
initHardware(SIM): Initializing hardware components...
[0;33m[WW] ModuleManager: CHANGING UPDATE PERIOD: ![0m
initHardware(SIM): Initializing hardware components...
[0;33m[WW] ModuleManager: CHANGING UPDATE PERIOD: ![0m
initHardware(SIM): Initializing hardware components...
[0;33m[WW] ModuleManager: CHANGING UPDATE PERIOD: ![0m
initHardware(SIM): Initializing hardware components...
[0;33m[WW] ModuleManager: CHANGING UPDATE PERIOD: ![0m
initHardware(SIM): Initializing hardware components...
[0;33m[WW] ModuleManager: CHANGING UPDATE PERIOD: ![0m
initHardware(SIM): Initializing hardware components...
[0;33m[WW] ModuleManager: CHANGING UPDATE PERIOD: ![0m
initHardware(SIM): Initializing hardware components...
[0;33m[WW] ModuleManager: CHANGING UPDATE PERIOD: ![0m
initHardware(SIM): Initializing hardware components...
[0;33m[WW] ModuleManager: CHANGING UPDATE PERIOD: ![0m
initHardware(SIM): Initializing hardware components...
[0;33m[WW] ModuleManager: CHANGING UPDATE PERIOD: ![0m
initHardware(SIM): Initializing hardware components...
[0;33m[WW] ModuleManager: CHANGING UPDATE PERIOD: ![0m
initHardware(SIM): Initializing hardware components...
[0;33m[WW] ModuleManager: CHANGING UPDATE PERIOD: ![0m
initHardware(SIM): Initializing hardware components...
[0;33m[WW] ModuleManager: CHANGING UPDATE PERIOD: ![0m
initHardware(SIM): Initializing hardware components...
[0;33m[WW] ModuleManager: CHANGING UPDATE PERIOD: ![0m
initHardware(SIM): Initializing hardware components...
[0;33m[WW] ModuleManager: CHANGING UPDATE PERIOD: ![0m
initHardware(SIM): Initializing hardware components...
[0;33m[WW] ModuleManager: CHANGING UPDATE PERIOD: ![0m
initHardware(SIM): Initializing hardware components...
[0;33m[WW] ModuleManager: CHANGING UPDATE PERIOD: ![0m
initHardware(SIM): Initializing hardware components...
[0;33m[WW] ModuleManager: CHANGING UPDATE PERIOD: ![0m
initHardware(SIM): Initializing hardware components...
[0;33m[WW] ModuleManager: CHANGING UPDATE PERIOD: ![0m
initHardware(SIM): Initializing hardware components...
[0;33m[WW] ModuleManager: CHANGING UPDATE PERIOD: ![0m
initHardware(SIM): Initializing hardware components...
[0;33m[WW] ModuleManager: CHANGING UPDATE PERIOD: ![0m
initHardware(SIM): Initializing hardware components...
[0;33m[WW] ModuleManager: CHANGING UPDATE PERIOD: ![0m
initHardware(SIM): Initializing hardware components...
[0;33m[WW] ModuleManager: CHANGING UPDATE PERIOD: ![0m
initHardware(SIM): Initializing hardware components...
[0;33m[WW] ModuleManager: CHANGING UPDATE PERIOD: ![0m
initHardware(SIM): Initializing hardware components...
[0;33m[WW] ModuleManager: CHANGING UPDATE PERIOD: ![0m
initHardware(SIM): Initializing hardware components...
[0;33m[WW] ModuleManager: CHANGING UPDATE PERIOD: ![0m
initHardware(SIM): Initializing hardware components...
[0;33m[WW] ModuleManager: CHANGING UPDATE PERIOD: ![0m
initHardware(SIM): Initializing hardware components...
[0;33m[WW] ModuleManager: CHANGING UPDATE PERIOD: ![0m
initHardware(SIM): Initializing hardware components...
[0;33m[WW] ModuleManager: CHANGING UPDATE PERIOD: ![0m
initHardware(SIM): Initializing hardware components...
[0;33m[WW] ModuleManager: CHANGING UPDATE PERIOD: ![0m
initHardware(SIM): Initializing hardware components...
[0;33m[WW] ModuleManager: CHANGING UPDATE PERIOD: ![0m
initHardware(SIM): Initializing hardware components...
[0;33m[WW] ModuleManager: CHANGING UPDATE PERIOD: ![0m
initHardware(SIM): Initializing hardware components...
[0;33m[WW] ModuleManager: CHANGING UPDATE PERIOD: ![0m
initHardware(SIM): Initializing hardware components...
[0;33m[WW] ModuleManager: CHANGING UPDATE PERIOD: ![0m
initHardware(SIM): Initializing hardware components...
[0;33m[WW] ModuleManager: CHANGING UPDATE PERIOD: ![0m
initHardware(SIM): Initializing hardware components...
[0;33m[WW] ModuleManager: CHANGING UPDATE PERIOD: ![0m
initHardware(SIM): Initializing hardware components...
[0;33m[WW] ModuleManager: CHANGING UPDATE PERIOD: ![0m
initHardware(SIM): Initializing hardware components...
[0;33m[WW] ModuleManager: CHANGING UPDATE PERIOD: ![0m
initHardware(SIM): Initializing hardware components...
[0;33m[WW] ModuleManager: CHANGING UPDATE PERIOD: ![0m
initHardware(SIM): Initializing hardware components...
[0;33m[WW] ModuleManager: CHANGING UPDATE PERIOD: ![0m
initHardware(SIM): Initializing hardware components...
[0;33m[WW] ModuleManager: CHANGING UPDATE PERIOD: ![0m
initHardware(SIM): Initializing hardware components...
[0;33m[WW] ModuleManager: CHANGING UPDATE PERIOD: ![0m
initHardware(SIM): Initializing hardware components...
[0;33m[WW] ModuleManager: CHANGING UPDATE PERIOD: ![0m
initHardware(SIM): Initializing hardware components...
[0;33m[WW] ModuleManager: CHANGING UPDATE PERIOD: ![0m
initHardware(SIM): Initializing hardware components...
[0;33m[WW] ModuleManager: CHANGING UPDATE PERIOD: ![0m
initHardware(SIM): Initializing hardware components...
[0;33m[WW] ModuleManager: CHANGING UPDATE PERIOD: ![0m
initHardware(SIM): Initializing hardware components...
[0;33m[WW] ModuleManager: CHANGING UPDATE PERIOD: ![0m
initHardware(SIM): Initializing hardware components...
[0;33m[WW] ModuleManager: CHANGING UPDATE PERIOD: ![0m
initHardware(SIM): Initializing hardware components...
[0;33m[WW] ModuleManager: CHANGING UPDATE PERIOD: ![0m
initHardware(SIM): Initializing hardware components...
[0;33m[WW] ModuleManager: CHANGING UPDATE PERIOD: ![0m
initHardware(SIM): Initializing hardware components...
[0;33m[WW] ModuleManager: CHANGING UPDATE PERIOD: ![0m
initHardware(SIM): Initializing hardware components...
[0;33m[WW] ModuleManager: CHANGING UPDATE PERIOD: ![0m
initHardware(SIM): Initializing hardware components...
[0;33m[WW] ModuleManager: CHANGING UPDATE PERIOD: ![0m
initHardware(SIM): Initializing hardware components...
[0;33m[WW] ModuleManager: CHANGING UPDATE PERIOD: ![0m
initHardware(SIM): Initializing hardware components...
[0;33m[WW] ModuleManager: CHANGING UPDATE PERIOD: ![0m
initHardware(SIM): Initializing hardware components...
[0;33m[WW] ModuleManager: CHANGING UPDATE PERIOD: ![0m
initHardware(SIM): Initializing hardware components...
[0;33m[WW] ModuleManager: CHANGING UPDATE PERIOD: ![0m
initHardware(SIM): Initializing hardware components...
[0;33m[WW] ModuleManager: CHANGING UPDATE PERIOD: ![0m
initHardware(SIM): Initializing hardware components...
[0;33m[WW] ModuleManager: CHANGING UPDATE PERIOD: ![0m
initHardware(SIM): Initializing hardware components...
[0;33m[WW] ModuleManager: CHANGING UPDATE PERIOD: ![0m
initHardware(SIM): Initializing hardware components...
[0;33m[WW] ModuleManager: CHANGING UPDATE PERIOD: ![0m
initHardware(SIM): Initializing hardware components...
[0;33m[WW] ModuleManager: CHANGING UPDATE PERIOD: ![0m
initHardware(SIM): Initializing hardware components...
[0;33m[WW] ModuleManager: CHANGING UPDATE PERIOD: ![0m
initHardware(SIM): Initializing hardware components...
[0;33m[WW] ModuleManager: CHANGING UPDATE PERIOD: ![0m
initHardware(SIM): Initializing hardware components...
[0;33m[WW] ModuleManager: CHANGING UPDATE PERIOD: ![0m
initHardware(SIM): Initializing hardware components...
[0;33m[WW] ModuleManager: CHANGING UPDATE PERIOD: ![0m
initHardware(SIM): Initializing hardware components...
[0;33m[WW] ModuleManager: CHANGING UPDATE PERIOD: ![0m
initHardware(SIM): Initializing hardware components...
[0;33m[WW] ModuleManager: CHANGING UPDATE PERIOD: ![0m
initHardware(SIM): Initializing hardware components...
[0;33m[WW] ModuleManager: CHANGING UPDATE PERIOD: ![0m
initHardware(SIM): Initializing hardware components...
[0;33m[WW] ModuleManager: CHANGING UPDATE PERIOD: ![0m
initHardware(SIM): Initializing hardware components...
[0;33m[WW] ModuleManager: CHANGING UPDATE PERIOD: ![0m
initHardware(SIM): Initializing hardware components...
[0;33m[WW] ModuleManager: CHANGING UPDATE PERIOD: ![0m
initHardware(SIM): Initializing hardware components...
[0;33m[WW] ModuleManager: CHANGING UPDATE PERIOD: ![0m
initHardware(SIM): Initializing hardware components...
[0;33m[WW] ModuleManager: CHANGING UPDATE PERIOD: ![0m
initHardware(SIM): Initializing hardware components...
[0;33m[WW] ModuleManager: CHANGING UPDATE PERIOD: ![0m
initHardware(SIM): Initializing hardware components...
[0;33m[WW] ModuleManager: CHANGING UPDATE PERIOD: ![0m
initHardware(SIM): Initializing hardware components...
[0;33m[WW] ModuleManager: CHANGING UPDATE PERIOD: ![0m
initHardware(SIM): Initializing hardware components...
[0;33m[WW] ModuleManager: CHANGING UPDATE PERIOD: ![0m
initHardware(SIM): Initializing hardware components...
[0;33m[WW] ModuleManager: CHANGING UPDATE PERIOD: ![0m
initHardware(SIM): Initializing hardware components...
[0;33m[WW] ModuleManager: CHANGING UPDATE PERIOD: ![0m
initHardware(SIM): Initializing hardware components...
[0;33m[WW] ModuleManager: CHANGING UPDATE PERIOD: ![0m
initHardware(SIM): Initializing hardware components...
[0;33m[WW] ModuleManager: CHANGING UPDATE PERIOD: ![0m
initHardware(SIM): Initializing hardware components...
[0;33m[WW] ModuleManager: CHANGING UPDATE PERIOD: ![0m
initHardware(SIM): Initializing hardware components...
[0;33m[WW] ModuleManager: CHANGING UPDATE PERIOD: ![0m
initHardware(SIM): Initializing hardware components...
[0;33m[WW] ModuleManager: CHANGING UPDATE PERIOD: ![0m
initHardware(SIM): Initializing hardware components...
[0;33m[WW] ModuleManager: CHANGING UPDATE PERIOD: ![0m
initHardware(SIM): Initializing hardware components...
[0;33m[WW] ModuleManager: CHANGING UPDATE PERIOD: ![0m
initHardware(SIM): Initializing hardware components...
[0;33m[WW] ModuleManager: CHANGING UPDATE PERIOD: ![0m
initHardware(SIM): Initializing hardware components...
[0;33m[WW] ModuleManager: CHANGING UPDATE PERIOD: ![0m
initHardware(SIM): Initializing hardware components...
[0;33m[WW] ModuleManager: CHANGING UPDATE PERIOD: ![0m
initHardware(SIM): Initializing hardware components...
[0;33m[WW] ModuleManager: CHANGING UPDATE PERIOD: ![0m
initHardware(SIM): Initializing hardware components...
[0;33m[WW] ModuleManager: CHANGING UPDATE PERIOD: ![0m
initHardware(SIM): Initializing hardware components...
[0;33m[WW] ModuleManager: CHANGING UPDATE PERIOD: ![0m
initHardware(SIM): Initializing hardware components...
[0;33m[WW] ModuleManager: CHANGING UPDATE PERIOD: ![0m
initHardware(SIM): Initializing hardware components...
[0;33m[WW] ModuleManager: CHANGING UPDATE PERIOD: ![0m
initHardware(SIM): Initializing hardware components...
[0;33m[WW] ModuleManager: CHANGING UPDATE PERIOD: ![0m
initHardware(SIM): Initializing hardware components...
[0;33m[WW] ModuleManager: CHANGING UPDATE PERIOD: ![0m
initHardware(SIM): Initializing hardware components...
[0;33m[WW] ModuleManager: CHANGING UPDATE PERIOD: ![0m
initHardware(SIM): Initializing hardware components...
[0;33m[WW] ModuleManager: CHANGING UPDATE PERIOD: ![0m
initHardware(SIM): Initializing hardware components...
[0;33m[WW] ModuleManager: CHANGING UPDATE PERIOD: ![0m
initHardware(SIM): Initializing hardware components...
[0;33m[WW] ModuleManager: CHANGING UPDATE PERIOD: ![0m
initHardware(SIM): Initializing hardware components...
[0;33m[WW] ModuleManager: CHANGING UPDATE PERIOD: ![0m
initHardware(SIM): Initializing hardware components...
[0;33m[WW] ModuleManager: CHANGING UPDATE PERIOD: ![0m
initHardware(SIM): Initializing hardware components...
[0;33m[WW] ModuleManager: CHANGING UPDATE PERIOD: ![0m
initHardware(SIM): Initializing hardware components...
[0;33m[WW] ModuleManager: CHANGING UPDATE PERIOD: ![0m
initHardware(SIM): Initializing hardware components...
[0;33m[WW] ModuleManager: CHANGING UPDATE PERIOD: ![0m
initHardware(SIM): Initializing hardware components...
[0;33m[WW] ModuleManager: CHANGING UPDATE PERIOD: ![0m
initHardware(SIM): Initializing hardware components...
[0;33m[WW] ModuleManager: CHANGING UPDATE PERIOD: ![0m
initHardware(SIM): Initializing hardware components...
[0;33m[WW] ModuleManager: CHANGING UPDATE PERIOD: ![0m
initHardware(SIM): Initializing hardware components...
[0;33m[WW] ModuleManager: CHANGING UPDATE PERIOD: ![0m
initHardware(SIM): Initializing hardware components...
[0;33m[WW] ModuleManager: CHANGING UPDATE PERIOD: ![0m
initHardware(SIM): Initializing hardware components...
[0;33m[WW] ModuleManager: CHANGING UPDATE PERIOD: ![0m
initHardware(SIM): Initializing hardware components...
[0;33m[WW] ModuleManager: CHANGING UPDATE PERIOD: ![0m
initHardware(SIM): Initializing hardware components...
[0;33m[WW] ModuleManager: CHANGING UPDATE PERIOD: ![0m
initHardware(SIM): Initializing hardware components...
[0;33m[WW] ModuleManager: CHANGING UPDATE PERIOD: ![0m
initHardware(SIM): Initializing hardware components...
[0;33m[WW] ModuleManager: CHANGING UPDATE PERIOD: ![0m
initHardware(SIM): Initializing hardware components...
[0;33m[WW] ModuleManager: CHANGING UPDATE PERIOD: ![0m
initHardware(SIM): Initializing hardware components...
[0;33m[WW] ModuleManager: CHANGING UPDATE PERIOD: ![0m
initHardware(SIM): Initializing hardware components...
[0;33m[WW] ModuleManager: CHANGING UPDATE PERIOD: ![0m
initHardware(SIM): Initializing hardware components...
[0;33m[WW] ModuleManager: CHANGING UPDATE PERIOD: ![0m
initHardware(SIM): Initializing hardware components...
[0;33m[WW] ModuleManager: CHANGING UPDATE PERIOD: ![0m
initHardware(SIM): Initializing hardware components...
[0;33m[WW] ModuleManager: CHANGING UPDATE PERIOD: ![0m
initHardware(SIM): Initializing hardware components...
[0;33m[WW] ModuleManager: CHANGING UPDATE PERIOD: ![0m
initHardware(SIM): Initializing hardware components...
[0;33m[WW] ModuleManager: CHANGING UPDATE PERIOD: ![0m
initHardware(SIM): Initializing hardware components...
[0;33m[WW] ModuleManager: CHANGING UPDATE PERIOD: ![0m
initHardware(SIM): Initializing hardware components...
[0;33m[WW] ModuleManager: CHANGING UPDATE PERIOD: ![0m
initHardware(SIM): Initializing hardware components...
[0;33m[WW] ModuleManager: CHANGING UPDATE PERIOD: ![0m
initHardware(SIM): Initializing hardware components...
[0;33m[WW] ModuleManager: CHANGING UPDATE PERIOD: ![0m
initHardware(SIM): Initializing hardware components...
[0;33m[WW] ModuleManager: CHANGING UPDATE PERIOD: ![0m
initHardware(SIM): Initializing hardware components...
[0;33m[WW] ModuleManager: CHANGING UPDATE PERIOD: ![0m
initHardware(SIM): Initializing hardware components...
[0;33m[WW] ModuleManager: CHANGING UPDATE PERIOD: ![0m
initHardware(SIM): Initializing hardware components...
[0;33m[WW] ModuleManager: CHANGING UPDATE PERIOD: ![0m
initHardware(SIM): Initializing hardware components...
[0;33m[WW] ModuleManager: CHANGING UPDATE PERIOD: ![0m
initHardware(SIM): Initializing hardware components...
[0;33m[WW] ModuleManager: CHANGING UPDATE PERIOD: ![0m
initHardware(SIM): Initializing hardware components...
[0;33m[WW] ModuleManager: CHANGING UPDATE PERIOD: ![0m
initHardware(SIM): Initializing hardware components...
[0;33m[WW] ModuleManager: CHANGING UPDATE PERIOD: ![0m
initHardware(SIM): Initializing hardware components...
[0;33m[WW] ModuleManager: CHANGING UPDATE PERIOD: ![0m
initHardware(SIM): Initializing hardware components...
[0;33m[WW] ModuleManager: CHANGING UPDATE PERIOD: ![0m
initHardware(SIM): Initializing hardware components...
[0;33m[WW] ModuleManager: CHANGING UPDATE PERIOD: ![0m
initHardware(SIM): Initializing hardware components...
[0;33m[WW] ModuleManager: CHANGING UPDATE PERIOD: ![0m
initHardware(SIM): Initializing hardware components...
[0;33m[WW] ModuleManager: CHANGING UPDATE PERIOD: ![0m
initHardware(SIM): Initializing hardware components...
[0;33m[WW] ModuleManager: CHANGING UPDATE PERIOD: ![0m
initHardware(SIM): Initializing hardware components...
[0;33m[WW] ModuleManager: CHANGING UPDATE PERIOD: ![0m
initHardware(SIM): Initializing hardware components...
[0;33m[WW] ModuleManager: CHANGING UPDATE PERIOD: ![0m
initHardware(SIM): Initializing hardware components...
[0;33m[WW] ModuleManager: CHANGING UPDATE PERIOD: ![0m
initHardware(SIM): Initializing hardware components...
[0;33m[WW] ModuleManager: CHANGING UPDATE PERIOD: ![0m
initHardware(SIM): Initializing hardware components...
[0;33m[WW] ModuleManager: CHANGING UPDATE PERIOD: ![0m
initHardware(SIM): Initializing hardware components...
[0;33m[WW] ModuleManager: CHANGING UPDATE PERIOD: ![0m
initHardware(SIM): Initializing hardware components...
[0;33m[WW] ModuleManager: CHANGING UPDATE PERIOD: ![0m
initHardware(SIM): Initializing hardware components...
[0;33m[WW] ModuleManager: CHANGING UPDATE PERIOD: ![0m
initHardware(SIM): Initializing hardware components...
[0;33m[WW] ModuleManager: CHANGING UPDATE PERIOD: ![0m
initHardware(SIM): Initializing hardware components...
[0;33m[WW] ModuleManager: CHANGING UPDATE PERIOD: ![0m
initHardware(SIM): Initializing hardware components...
[0;33m[WW] ModuleManager: CHANGING UPDATE PERIOD: ![0m
initHardware(SIM): Initializing hardware components...
[0;33m[WW] ModuleManager: CHANGING UPDATE PERIOD: ![0m
initHardware(SIM): Initializing hardware components...
[0;33m[WW] ModuleManager: CHANGING UPDATE PERIOD: ![0m
initHardware(SIM): Initializing hardware components...
[0;33m[WW] ModuleManager: CHANGING UPDATE PERIOD: ![0m
initHardware(SIM): Initializing hardware components...
[0;33m[WW] ModuleManager: CHANGING UPDATE PERIOD: ![0m
initHardware(SIM): Initializing hardware components...
[0;33m[WW] ModuleManager: CHANGING UPDATE PERIOD: ![0m
initHardware(SIM): Initializing hardware components...
[0;33m[WW] ModuleManager: CHANGING UPDATE PERIOD: ![0m
initHardware(SIM): Initializing hardware components...
[0;33m[WW] ModuleManager: CHANGING UPDATE PERIOD: ![0m
initHardware(SIM): Initializing hardware components...
[0;33m[WW] ModuleManager: CHANGING UPDATE PERIOD: ![0m
initHardware(SIM): Initializing hardware components...
[0;33m[WW] ModuleManager: CHANGING UPDATE PERIOD: ![0m
initHardware(SIM): Initializing hardware components...
[0;33m[WW] ModuleManager: CHANGING UPDATE PERIOD: ![0m
initHardware(SIM): Initializing hardware components...
[0;33m[WW] ModuleManager: CHANGING UPDATE PERIOD: ![0m
initHardware(SIM): Initializing hardware components...
[0;33m[WW] ModuleManager: CHANGING UPDATE PERIOD: ![0m
initHardware(SIM): Initializing hardware components...
[0;33m[WW] ModuleManager: CHANGING UPDATE PERIOD: ![0m
initHardware(SIM): Initializing hardware components...
[0;33m[WW] ModuleManager: CHANGING UPDATE PERIOD: ![0m
initHardware(SIM): Initializing hardware components...
[0;33m[WW] ModuleManager: CHANGING UPDATE PERIOD: ![0m
initHardware(SIM): Initializing hardware components...
[0;33m[WW] ModuleManager: CHANGING UPDATE PERIOD: ![0m
initHardware(SIM): Initializing hardware components...
[0;33m[WW] ModuleManager: CHANGING UPDATE PERIOD: ![0m
initHardware(SIM): Initializing hardware components...
[0;33m[WW] ModuleManager: CHANGING UPDATE PERIOD: ![0m
initHardware(SIM): Initializing hardware components...
[0;33m[WW] ModuleManager: CHANGING UPDATE PERIOD: ![0m
initHardware(SIM): Initializing hardware components...
[0;33m[WW] ModuleManager: CHANGING UPDATE PERIOD: ![0m
initHardware(SIM): Initializing hardware components...
[0;33m[WW] ModuleManager: CHANGING UPDATE PERIOD: ![0m
initHardware(SIM): Initializing hardware components...
[0;33m[WW] ModuleManager: CHANGING UPDATE PERIOD: ![0m
initHardware(SIM): Initializing hardware components...
[0;33m[WW] ModuleManager: CHANGING UPDATE PERIOD: ![0m
initHardware(SIM): Initializing hardware components...
[0;33m[WW] ModuleManager: CHANGING UPDATE PERIOD: ![0m
initHardware(SIM): Initializing hardware components...
[0;33m[WW] ModuleManager: CHANGING UPDATE PERIOD: ![0m
initHardware(SIM): Initializing hardware components...
[0;33m[WW] ModuleManager: CHANGING UPDATE PERIOD: ![0m
initHardware(SIM): Initializing hardware components...
[0;33m[WW] ModuleManager: CHANGING UPDATE PERIOD: ![0m
initHardware(SIM): Initializing hardware components...
[0;33m[WW] ModuleManager: CHANGING UPDATE PERIOD: ![0m
initHardware(SIM): Initializing hardware components...
[0;33m[WW] ModuleManager: CHANGING UPDATE PERIOD: ![0m
initHardware(SIM): Initializing hardware components...
[0;33m[WW] ModuleManager: CHANGING UPDATE PERIOD: ![0m
initHardware(SIM): Initializing hardware components...
[0;33m[WW] ModuleManager: CHANGING UPDATE PERIOD: ![0m
initHardware(SIM): Initializing hardware components...
[0;33m[WW] ModuleManager: CHANGING UPDATE PERIOD: ![0m
initHardware(SIM): Initializing hardware components...
[0;33m[WW] ModuleManager: CHANGING UPDATE PERIOD: ![0m
initHardware(SIM): Initializing hardware components...
[0;33m[WW] ModuleManager: CHANGING UPDATE PERIOD: ![0m
initHardware(SIM): Initializing hardware components...
[0;33m[WW] ModuleManager: CHANGING UPDATE PERIOD: ![0m
initHardware(SIM): Initializing hardware components...
[0;33m[WW] ModuleManager: CHANGING UPDATE PERIOD: ![0m
initHardware(SIM): Initializing hardware components...
[0;33m[WW] ModuleManager: CHANGING UPDATE PERIOD: ![0m
initHardware(SIM): Initializing hardware components...
[0;33m[WW] ModuleManager: CHANGING UPDATE PERIOD: ![0m
initHardware(SIM): Initializing hardware components...
[0;33m[WW] ModuleManager: CHANGING UPDATE PERIOD: ![0m
initHardware(SIM): Initializing hardware components...
[0;33m[WW] ModuleManager: CHANGING UPDATE PERIOD: ![0m
initHardware(SIM): Initializing hardware components...
[0;33m[WW] ModuleManager: CHANGING UPDATE PERIOD: ![0m
initHardware(SIM): Initializing hardware components...
[0;33m[WW] ModuleManager: CHANGING UPDATE PERIOD: ![0m
initHardware(SIM): Initializing hardware components...
[0;33m[WW] ModuleManager: CHANGING UPDATE PERIOD: ![0m
initHardware(SIM): Initializing hardware components...
[0;33m[WW] ModuleManager: CHANGING UPDATE PERIOD: ![0m
initHardware(SIM): Initializing hardware components...
[0;33m[WW] ModuleManager: CHANGING UPDATE PERIOD: ![0m
initHardware(SIM): Initializing hardware components...
[0;33m[WW] ModuleManager: CHANGING UPDATE PERIOD: ![0m
initHardware(SIM): Initializing hardware components...
[0;33m[WW] ModuleManager: CHANGING UPDATE PERIOD: ![0m
initHardware(SIM): Initializing hardware components...
[0;33m[WW] ModuleManager: CHANGING UPDATE PERIOD: ![0m
initHardware(SIM): Initializing hardware components...
[0;33m[WW] ModuleManager: CHANGING UPDATE PERIOD: ![0m
initHardware(SIM): Initializing hardware components...
[0;33m[WW] ModuleManager: CHANGING UPDATE PERIOD: ![0m
initHardware(SIM): Initializing hardware components...
[0;33m[WW] ModuleManager: CHANGING UPDATE PERIOD: ![0m
initHardware(SIM): Initializing hardware components...
[0;33m[WW] ModuleManager: CHANGING UPDATE PERIOD: ![0m
initHardware(SIM): Initializing hardware components...
[0;33m[WW] ModuleManager: CHANGING UPDATE PERIOD: ![0m
/usr/local/lib/python3.10/dist-packages/stable_baselines3/common/vec_env/base_vec_env.py:78: UserWarning: The `render_mode` attribute is not defined in your environment. It will be set to None.
  warnings.warn("The `render_mode` attribute is not defined in your environment. It will be set to None.")
Using VecNormalize wrapper...
Found existing model and continue_training=True. Continuing training.
Loading existing model from ./data/v1_ours_stage2/quadruped_ppo_model.zip
Loading VecNormalize statistics from ./data/v1_ours_stage2/quadruped_ppo_model_vecnormalize.pkl
Model loaded successfully. Continuing training...
Model hyperparameters: {'actor_obs_dim': 54, 'activation_fn': <class 'torch.nn.modules.activation.Tanh'>, 'net_arch': {'pi': [256, 128], 'vf': [256, 128]}, 'log_std_init': -3.0, 'full_std': False, 'use_expln': False, 'ortho_init': True}
/usr/local/lib/python3.10/dist-packages/stable_baselines3/common/utils.py:168: UserWarning: get_schedule_fn() is deprecated, please use FloatSchedule() instead
  warnings.warn("get_schedule_fn() is deprecated, please use FloatSchedule() instead")
/usr/local/lib/python3.10/dist-packages/stable_baselines3/common/utils.py:214: UserWarning: constant_fn() is deprecated, please use ConstantSchedule() instead
  warnings.warn("constant_fn() is deprecated, please use ConstantSchedule() instead")
INFO:root:Overriding learning rate: 1e-06
INFO:root:Starting training...
INFO:root:Action std clamped to [0.05, 0.3] after every optimizer step
INFO:root:Setting target_kl: 0.01 (was 0.01)
[QuadrupedWBCEnv] Reset state env_id=0 z=0.329107 rpy=[-0.0158266, 0.0224879, -0.0186056]
----------------------------------------------
| rollout/                        |          |
|    action_saturation_fraction   | 0        |
|    ep_len_mean                  | 377      |
|    ep_rew_mean                  | 255      |
|    episodes_noforce             | 7        |
|    force_direction_mean         | -1       |
|    force_onset_mean             | 1.35     |
|    force_requested_impulse_mean | 0        |
|    is_fall_mean                 | 1        |
|    is_timeout_mean              | 0        |
|    recovery_noforce             | 0        |
| time/                           |          |
|    fps                          | 12775    |
|    iterations                   | 1        |
|    time_elapsed                 | 10       |
|    total_timesteps              | 131072   |
| train/                          |          |
|    action_std_00                | 0.0693   |
|    action_std_01                | 0.0689   |
|    action_std_02                | 0.0689   |
|    action_std_03                | 0.0689   |
|    action_std_04                | 0.0693   |
|    action_std_05                | 0.0707   |
|    action_std_06                | 0.0689   |
|    action_std_07                | 0.0698   |
|    action_std_08                | 0.0688   |
|    action_std_09                | 0.0699   |
|    action_std_10                | 0.0694   |
|    action_std_11                | 0.0702   |
|    action_std_12                | 0.0688   |
|    action_std_13                | 0.0705   |
|    action_std_14                | 0.0697   |
|    action_std_15                | 0.069    |
|    action_std_16                | 0.0689   |
|    action_std_17                | 0.0691   |
|    action_std_18                | 0.0689   |
|    action_std_19                | 0.0694   |
|    action_std_20                | 0.0689   |
|    action_std_21                | 0.0695   |
|    action_std_22                | 0.0685   |
|    action_std_23                | 0.0684   |
|    action_std_24                | 0.0703   |
|    std_max                      | 0.0707   |
|    std_min                      | 0.0684   |
----------------------------------------------
[QuadrupedWBCEnv] Reset state env_id=0 z=0.271882 rpy=[-0.0109159, 0.0248809, -0.0184176]
----------------------------------------------------
| rollout/                          |              |
|    action_saturation_fraction     | 0            |
|    ep_len_mean                    | 1e+03        |
|    ep_rew_mean                    | 682          |
|    episodes_noforce               | 250          |
|    force_direction_mean           | -1           |
|    force_onset_mean               | 1.4          |
|    force_requested_impulse_mean   | 0            |
|    is_fall_mean                   | 0.036        |
|    is_timeout_mean                | 0.964        |
|    recovery_noforce               | 0.964        |
|    timeout_without_onset_fraction | 0            |
|    timeouts                       | 241          |
| time/                             |              |
|    fps                            | 9245         |
|    iterations                     | 2            |
|    time_elapsed                   | 28           |
|    total_timesteps                | 262144       |
| train/                            |              |
|    action_std_00                  | 0.0693       |
|    action_std_01                  | 0.069        |
|    action_std_02                  | 0.0689       |
|    action_std_03                  | 0.0689       |
|    action_std_04                  | 0.0693       |
|    action_std_05                  | 0.0707       |
|    action_std_06                  | 0.0689       |
|    action_std_07                  | 0.0698       |
|    action_std_08                  | 0.0689       |
|    action_std_09                  | 0.0699       |
|    action_std_10                  | 0.0694       |
|    action_std_11                  | 0.0702       |
|    action_std_12                  | 0.0689       |
|    action_std_13                  | 0.0705       |
|    action_std_14                  | 0.0698       |
|    action_std_15                  | 0.069        |
|    action_std_16                  | 0.0689       |
|    action_std_17                  | 0.0691       |
|    action_std_18                  | 0.0689       |
|    action_std_19                  | 0.0694       |
|    action_std_20                  | 0.069        |
|    action_std_21                  | 0.0695       |
|    action_std_22                  | 0.0686       |
|    action_std_23                  | 0.0684       |
|    action_std_24                  | 0.0704       |
|    approx_kl                      | 0.0013800728 |
|    clip_fraction                  | 0.0314       |
|    clip_range                     | 0.1          |
|    clip_range_vf                  | 0.2          |
|    entropy_loss                   | 31.2         |
|    explained_variance             | 0.823        |
|    learning_rate                  | 1e-06        |
|    loss                           | 0.384        |
|    n_updates                      | 1540         |
|    policy_gradient_loss           | -0.00215     |
|    std                            | 0.0693       |
|    std_max                        | 0.0707       |
|    std_min                        | 0.0684       |
|    value_loss                     | 0.0857       |
----------------------------------------------------
----------------------------------------------------
| rollout/                          |              |
|    action_saturation_fraction     | 0            |
|    ep_len_mean                    | 913          |
|    ep_rew_mean                    | 620          |
|    episodes_noforce               | 20           |
|    force_direction_mean           | -1           |
|    force_onset_mean               | 1.37         |
|    force_requested_impulse_mean   | 0            |
|    is_fall_mean                   | 0.75         |
|    is_timeout_mean                | 0.25         |
|    recovery_noforce               | 0.25         |
|    timeout_without_onset_fraction | 0            |
|    timeouts                       | 5            |
| time/                             |              |
|    fps                            | 8646         |
|    iterations                     | 3            |
|    time_elapsed                   | 45           |
|    total_timesteps                | 393216       |
| train/                            |              |
|    action_std_00                  | 0.0694       |
|    action_std_01                  | 0.069        |
|    action_std_02                  | 0.069        |
|    action_std_03                  | 0.069        |
|    action_std_04                  | 0.0693       |
|    action_std_05                  | 0.0707       |
|    action_std_06                  | 0.0689       |
|    action_std_07                  | 0.0698       |
|    action_std_08                  | 0.0689       |
|    action_std_09                  | 0.0699       |
|    action_std_10                  | 0.0694       |
|    action_std_11                  | 0.0703       |
|    action_std_12                  | 0.0689       |
|    action_std_13                  | 0.0706       |
|    action_std_14                  | 0.0698       |
|    action_std_15                  | 0.069        |
|    action_std_16                  | 0.0689       |
|    action_std_17                  | 0.0691       |
|    action_std_18                  | 0.0689       |
|    action_std_19                  | 0.0694       |
|    action_std_20                  | 0.069        |
|    action_std_21                  | 0.0696       |
|    action_std_22                  | 0.0686       |
|    action_std_23                  | 0.0684       |
|    action_std_24                  | 0.0704       |
|    approx_kl                      | 0.0013404966 |
|    clip_fraction                  | 0.0288       |
|    clip_range                     | 0.1          |
|    clip_range_vf                  | 0.2          |
|    entropy_loss                   | 31.2         |
|    explained_variance             | 0.875        |
|    learning_rate                  | 1e-06        |
|    loss                           | 0.381        |
|    n_updates                      | 1550         |
|    policy_gradient_loss           | -0.0027      |
|    std                            | 0.0694       |
|    std_max                        | 0.0707       |
|    std_min                        | 0.0684       |
|    value_loss                     | 0.119        |
----------------------------------------------------
[QuadrupedWBCEnv] Reset state env_id=0 z=0.292202 rpy=[-0.0124769, 0.0253913, -0.0185799]
----------------------------------------------------
| rollout/                          |              |
|    action_saturation_fraction     | 0            |
|    ep_len_mean                    | 1e+03        |
|    ep_rew_mean                    | 684          |
|    episodes_noforce               | 236          |
|    force_direction_mean           | -1           |
|    force_onset_mean               | 1.39         |
|    force_requested_impulse_mean   | 0            |
|    is_fall_mean                   | 0.0551       |
|    is_timeout_mean                | 0.945        |
|    recovery_noforce               | 0.945        |
|    timeout_without_onset_fraction | 0            |
|    timeouts                       | 223          |
| time/                             |              |
|    fps                            | 8235         |
|    iterations                     | 4            |
|    time_elapsed                   | 63           |
|    total_timesteps                | 524288       |
| train/                            |              |
|    action_std_00                  | 0.0694       |
|    action_std_01                  | 0.069        |
|    action_std_02                  | 0.069        |
|    action_std_03                  | 0.069        |
|    action_std_04                  | 0.0693       |
|    action_std_05                  | 0.0707       |
|    action_std_06                  | 0.0689       |
|    action_std_07                  | 0.0699       |
|    action_std_08                  | 0.0689       |
|    action_std_09                  | 0.0699       |
|    action_std_10                  | 0.0695       |
|    action_std_11                  | 0.0703       |
|    action_std_12                  | 0.0689       |
|    action_std_13                  | 0.0706       |
|    action_std_14                  | 0.0698       |
|    action_std_15                  | 0.0691       |
|    action_std_16                  | 0.069        |
|    action_std_17                  | 0.0691       |
|    action_std_18                  | 0.0689       |
|    action_std_19                  | 0.0694       |
|    action_std_20                  | 0.069        |
|    action_std_21                  | 0.0696       |
|    action_std_22                  | 0.0686       |
|    action_std_23                  | 0.0684       |
|    action_std_24                  | 0.0704       |
|    approx_kl                      | 0.0013532612 |
|    clip_fraction                  | 0.0293       |
|    clip_range                     | 0.1          |
|    clip_range_vf                  | 0.2          |
|    entropy_loss                   | 31.2         |
|    explained_variance             | 0.88         |
|    learning_rate                  | 1e-06        |
|    loss                           | 0.471        |
|    n_updates                      | 1560         |
|    policy_gradient_loss           | -0.00257     |
|    std                            | 0.0694       |
|    std_max                        | 0.0707       |
|    std_min                        | 0.0684       |
|    value_loss                     | 0.132        |
----------------------------------------------------
----------------------------------------------------
| rollout/                          |              |
|    action_saturation_fraction     | 0            |
|    ep_len_mean                    | 963          |
|    ep_rew_mean                    | 657          |
|    episodes_noforce               | 27           |
|    force_direction_mean           | -1           |
|    force_onset_mean               | 1.37         |
|    force_requested_impulse_mean   | 0            |
|    is_fall_mean                   | 0.259        |
|    is_timeout_mean                | 0.741        |
|    recovery_noforce               | 0.741        |
|    timeout_without_onset_fraction | 0            |
|    timeouts                       | 20           |
| time/                             |              |
|    fps                            | 8116         |
|    iterations                     | 5            |
|    time_elapsed                   | 80           |
|    total_timesteps                | 655360       |
| train/                            |              |
|    action_std_00                  | 0.0694       |
|    action_std_01                  | 0.069        |
|    action_std_02                  | 0.069        |
|    action_std_03                  | 0.069        |
|    action_std_04                  | 0.0693       |
|    action_std_05                  | 0.0707       |
|    action_std_06                  | 0.069        |
|    action_std_07                  | 0.0699       |
|    action_std_08                  | 0.0689       |
|    action_std_09                  | 0.07         |
|    action_std_10                  | 0.0695       |
|    action_std_11                  | 0.0703       |
|    action_std_12                  | 0.0689       |
|    action_std_13                  | 0.0706       |
|    action_std_14                  | 0.0698       |
|    action_std_15                  | 0.0691       |
|    action_std_16                  | 0.069        |
|    action_std_17                  | 0.0691       |
|    action_std_18                  | 0.069        |
|    action_std_19                  | 0.0694       |
|    action_std_20                  | 0.069        |
|    action_std_21                  | 0.0696       |
|    action_std_22                  | 0.0686       |
|    action_std_23                  | 0.0684       |
|    action_std_24                  | 0.0704       |
|    approx_kl                      | 0.0013641203 |
|    clip_fraction                  | 0.0287       |
|    clip_range                     | 0.1          |
|    clip_range_vf                  | 0.2          |
|    entropy_loss                   | 31.2         |
|    explained_variance             | 0.886        |
|    learning_rate                  | 1e-06        |
|    loss                           | 0.401        |
|    n_updates                      | 1570         |
|    policy_gradient_loss           | -0.00246     |
|    std                            | 0.0694       |
|    std_max                        | 0.0707       |
|    std_min                        | 0.0684       |
|    value_loss                     | 0.132        |
----------------------------------------------------
[QuadrupedWBCEnv] Reset state env_id=0 z=0.302281 rpy=[-0.0151291, 0.0232505, -0.0182508]
----------------------------------------------------
| rollout/                          |              |
|    action_saturation_fraction     | 0            |
|    ep_len_mean                    | 995          |
|    ep_rew_mean                    | 680          |
|    episodes_noforce               | 234          |
|    force_direction_mean           | -1           |
|    force_onset_mean               | 1.39         |
|    force_requested_impulse_mean   | 0            |
|    is_fall_mean                   | 0.0598       |
|    is_timeout_mean                | 0.94         |
|    recovery_noforce               | 0.94         |
|    timeout_without_onset_fraction | 0            |
|    timeouts                       | 220          |
| time/                             |              |
|    fps                            | 7951         |
|    iterations                     | 6            |
|    time_elapsed                   | 98           |
|    total_timesteps                | 786432       |
| train/                            |              |
|    action_std_00                  | 0.0694       |
|    action_std_01                  | 0.069        |
|    action_std_02                  | 0.069        |
|    action_std_03                  | 0.069        |
|    action_std_04                  | 0.0694       |
|    action_std_05                  | 0.0708       |
|    action_std_06                  | 0.069        |
|    action_std_07                  | 0.0699       |
|    action_std_08                  | 0.0689       |
|    action_std_09                  | 0.07         |
|    action_std_10                  | 0.0695       |
|    action_std_11                  | 0.0703       |
|    action_std_12                  | 0.069        |
|    action_std_13                  | 0.0706       |
|    action_std_14                  | 0.0698       |
|    action_std_15                  | 0.0691       |
|    action_std_16                  | 0.069        |
|    action_std_17                  | 0.0692       |
|    action_std_18                  | 0.069        |
|    action_std_19                  | 0.0695       |
|    action_std_20                  | 0.0691       |
|    action_std_21                  | 0.0696       |
|    action_std_22                  | 0.0686       |
|    action_std_23                  | 0.0685       |
|    action_std_24                  | 0.0704       |
|    approx_kl                      | 0.0014026474 |
|    clip_fraction                  | 0.033        |
|    clip_range                     | 0.1          |
|    clip_range_vf                  | 0.2          |
|    entropy_loss                   | 31.2         |
|    explained_variance             | 0.86         |
|    learning_rate                  | 1e-06        |
|    loss                           | 0.388        |
|    n_updates                      | 1580         |
|    policy_gradient_loss           | -0.00251     |
|    std                            | 0.0694       |
|    std_max                        | 0.0708       |
|    std_min                        | 0.0685       |
|    value_loss                     | 0.11         |
----------------------------------------------------
---------------------------------------------------
| rollout/                          |             |
|    action_saturation_fraction     | 0           |
|    ep_len_mean                    | 940         |
|    ep_rew_mean                    | 642         |
|    episodes_noforce               | 34          |
|    force_direction_mean           | -1          |
|    force_onset_mean               | 1.42        |
|    force_requested_impulse_mean   | 0           |
|    is_fall_mean                   | 0.265       |
|    is_timeout_mean                | 0.735       |
|    recovery_noforce               | 0.735       |
|    timeout_without_onset_fraction | 0           |
|    timeouts                       | 25          |
| time/                             |             |
|    fps                            | 7912        |
|    iterations                     | 7           |
|    time_elapsed                   | 115         |
|    total_timesteps                | 917504      |
| train/                            |             |
|    action_std_00                  | 0.0694      |
|    action_std_01                  | 0.0691      |
|    action_std_02                  | 0.069       |
|    action_std_03                  | 0.069       |
|    action_std_04                  | 0.0694      |
|    action_std_05                  | 0.0708      |
|    action_std_06                  | 0.069       |
|    action_std_07                  | 0.0699      |
|    action_std_08                  | 0.069       |
|    action_std_09                  | 0.07        |
|    action_std_10                  | 0.0695      |
|    action_std_11                  | 0.0704      |
|    action_std_12                  | 0.069       |
|    action_std_13                  | 0.0706      |
|    action_std_14                  | 0.0698      |
|    action_std_15                  | 0.0691      |
|    action_std_16                  | 0.069       |
|    action_std_17                  | 0.0692      |
|    action_std_18                  | 0.069       |
|    action_std_19                  | 0.0695      |
|    action_std_20                  | 0.0691      |
|    action_std_21                  | 0.0696      |
|    action_std_22                  | 0.0686      |
|    action_std_23                  | 0.0685      |
|    action_std_24                  | 0.0704      |
|    approx_kl                      | 0.001351492 |
|    clip_fraction                  | 0.0291      |
|    clip_range                     | 0.1         |
|    clip_range_vf                  | 0.2         |
|    entropy_loss                   | 31.2        |
|    explained_variance             | 0.905       |
|    learning_rate                  | 1e-06       |
|    loss                           | 0.479       |
|    n_updates                      | 1590        |
|    policy_gradient_loss           | -0.00263    |
|    std                            | 0.0694      |
|    std_max                        | 0.0708      |
|    std_min                        | 0.0685      |
|    value_loss                     | 0.117       |
---------------------------------------------------
[QuadrupedWBCEnv] Reset state env_id=0 z=0.325343 rpy=[-0.0141221, 0.0218281, -0.0185394]
----------------------------------------------------
| rollout/                          |              |
|    action_saturation_fraction     | 0            |
|    ep_len_mean                    | 1e+03        |
|    ep_rew_mean                    | 684          |
|    episodes_noforce               | 222          |
|    force_direction_mean           | -1           |
|    force_onset_mean               | 1.39         |
|    force_requested_impulse_mean   | 0            |
|    is_fall_mean                   | 0.0225       |
|    is_timeout_mean                | 0.977        |
|    recovery_noforce               | 0.977        |
|    timeout_without_onset_fraction | 0            |
|    timeouts                       | 217          |
| time/                             |              |
|    fps                            | 7830         |
|    iterations                     | 8            |
|    time_elapsed                   | 133          |
|    total_timesteps                | 1048576      |
| train/                            |              |
|    action_std_00                  | 0.0694       |
|    action_std_01                  | 0.0691       |
|    action_std_02                  | 0.069        |
|    action_std_03                  | 0.069        |
|    action_std_04                  | 0.0694       |
|    action_std_05                  | 0.0708       |
|    action_std_06                  | 0.069        |
|    action_std_07                  | 0.0699       |
|    action_std_08                  | 0.069        |
|    action_std_09                  | 0.0701       |
|    action_std_10                  | 0.0695       |
|    action_std_11                  | 0.0704       |
|    action_std_12                  | 0.069        |
|    action_std_13                  | 0.0706       |
|    action_std_14                  | 0.0699       |
|    action_std_15                  | 0.0691       |
|    action_std_16                  | 0.069        |
|    action_std_17                  | 0.0692       |
|    action_std_18                  | 0.069        |
|    action_std_19                  | 0.0695       |
|    action_std_20                  | 0.0691       |
|    action_std_21                  | 0.0696       |
|    action_std_22                  | 0.0686       |
|    action_std_23                  | 0.0685       |
|    action_std_24                  | 0.0705       |
|    approx_kl                      | 0.0013438053 |
|    clip_fraction                  | 0.0323       |
|    clip_range                     | 0.1          |
|    clip_range_vf                  | 0.2          |
|    entropy_loss                   | 31.2         |
|    explained_variance             | 0.85         |
|    learning_rate                  | 1e-06        |
|    loss                           | 0.389        |
|    n_updates                      | 1600         |
|    policy_gradient_loss           | -0.00257     |
|    std                            | 0.0695       |
|    std_max                        | 0.0708       |
|    std_min                        | 0.0685       |
|    value_loss                     | 0.124        |
----------------------------------------------------
[QuadrupedWBCEnv] unhealthy terminate at step=543 z=0.198309 rpy=[1.50994, 0.21933, 0.296365] v_body=[0.163114, 1.35516, -1.38033]
[QuadrupedWBCEnv] Reset state env_id=0 z=0.287571 rpy=[-0.0126662, 0.02584, -0.0184847]
----------------------------------------------------
| rollout/                          |              |
|    action_saturation_fraction     | 0            |
|    ep_len_mean                    | 923          |
|    ep_rew_mean                    | 626          |
|    episodes_noforce               | 49           |
|    force_direction_mean           | -1           |
|    force_onset_mean               | 1.4          |
|    force_requested_impulse_mean   | 0            |
|    is_fall_mean                   | 0.347        |
|    is_timeout_mean                | 0.653        |
|    recovery_noforce               | 0.653        |
|    timeout_without_onset_fraction | 0            |
|    timeouts                       | 32           |
| time/                             |              |
|    fps                            | 7808         |
|    iterations                     | 9            |
|    time_elapsed                   | 151          |
|    total_timesteps                | 1179648      |
| train/                            |              |
|    action_std_00                  | 0.0694       |
|    action_std_01                  | 0.0691       |
|    action_std_02                  | 0.0691       |
|    action_std_03                  | 0.069        |
|    action_std_04                  | 0.0694       |
|    action_std_05                  | 0.0708       |
|    action_std_06                  | 0.069        |
|    action_std_07                  | 0.07         |
|    action_std_08                  | 0.069        |
|    action_std_09                  | 0.0701       |
|    action_std_10                  | 0.0696       |
|    action_std_11                  | 0.0704       |
|    action_std_12                  | 0.069        |
|    action_std_13                  | 0.0707       |
|    action_std_14                  | 0.0699       |
|    action_std_15                  | 0.0692       |
|    action_std_16                  | 0.069        |
|    action_std_17                  | 0.0692       |
|    action_std_18                  | 0.069        |
|    action_std_19                  | 0.0695       |
|    action_std_20                  | 0.0691       |
|    action_std_21                  | 0.0697       |
|    action_std_22                  | 0.0687       |
|    action_std_23                  | 0.0685       |
|    action_std_24                  | 0.0705       |
|    approx_kl                      | 0.0013653464 |
|    clip_fraction                  | 0.0321       |
|    clip_range                     | 0.1          |
|    clip_range_vf                  | 0.2          |
|    entropy_loss                   | 31.2         |
|    explained_variance             | 0.888        |
|    learning_rate                  | 1e-06        |
|    loss                           | 0.388        |
|    n_updates                      | 1610         |
|    policy_gradient_loss           | -0.00265     |
|    std                            | 0.0695       |
|    std_max                        | 0.0708       |
|    std_min                        | 0.0685       |
|    value_loss                     | 0.0703       |
----------------------------------------------------
----------------------------------------------------
| rollout/                          |              |
|    action_saturation_fraction     | 0            |
|    ep_len_mean                    | 995          |
|    ep_rew_mean                    | 683          |
|    episodes_noforce               | 210          |
|    force_direction_mean           | -1           |
|    force_onset_mean               | 1.38         |
|    force_requested_impulse_mean   | 0            |
|    is_fall_mean                   | 0.0238       |
|    is_timeout_mean                | 0.976        |
|    recovery_noforce               | 0.976        |
|    timeout_without_onset_fraction | 0            |
|    timeouts                       | 205          |
| time/                             |              |
|    fps                            | 7757         |
|    iterations                     | 10           |
|    time_elapsed                   | 168          |
|    total_timesteps                | 1310720      |
| train/                            |              |
|    action_std_00                  | 0.0695       |
|    action_std_01                  | 0.0691       |
|    action_std_02                  | 0.0691       |
|    action_std_03                  | 0.0691       |
|    action_std_04                  | 0.0694       |
|    action_std_05                  | 0.0708       |
|    action_std_06                  | 0.069        |
|    action_std_07                  | 0.07         |
|    action_std_08                  | 0.069        |
|    action_std_09                  | 0.0701       |
|    action_std_10                  | 0.0696       |
|    action_std_11                  | 0.0704       |
|    action_std_12                  | 0.069        |
|    action_std_13                  | 0.0707       |
|    action_std_14                  | 0.0699       |
|    action_std_15                  | 0.0692       |
|    action_std_16                  | 0.0691       |
|    action_std_17                  | 0.0692       |
|    action_std_18                  | 0.069        |
|    action_std_19                  | 0.0695       |
|    action_std_20                  | 0.0691       |
|    action_std_21                  | 0.0697       |
|    action_std_22                  | 0.0687       |
|    action_std_23                  | 0.0686       |
|    action_std_24                  | 0.0705       |
|    approx_kl                      | 0.0013228087 |
|    clip_fraction                  | 0.0282       |
|    clip_range                     | 0.1          |
|    clip_range_vf                  | 0.2          |
|    entropy_loss                   | 31.2         |
|    explained_variance             | 0.888        |
|    learning_rate                  | 1e-06        |
|    loss                           | 0.448        |
|    n_updates                      | 1620         |
|    policy_gradient_loss           | -0.00257     |
|    std                            | 0.0695       |
|    std_max                        | 0.0708       |
|    std_min                        | 0.0686       |
|    value_loss                     | 0.172        |
----------------------------------------------------
[QuadrupedWBCEnv] Reset state env_id=0 z=0.310399 rpy=[-0.0117847, 0.0228891, -0.0186627]
----------------------------------------------------
| rollout/                          |              |
|    action_saturation_fraction     | 0            |
|    ep_len_mean                    | 959          |
|    ep_rew_mean                    | 655          |
|    episodes_noforce               | 54           |
|    force_direction_mean           | -1           |
|    force_onset_mean               | 1.4          |
|    force_requested_impulse_mean   | 0            |
|    is_fall_mean                   | 0.13         |
|    is_timeout_mean                | 0.87         |
|    recovery_noforce               | 0.87         |
|    timeout_without_onset_fraction | 0            |
|    timeouts                       | 47           |
| time/                             |              |
|    fps                            | 7743         |
|    iterations                     | 11           |
|    time_elapsed                   | 186          |
|    total_timesteps                | 1441792      |
| train/                            |              |
|    action_std_00                  | 0.0695       |
|    action_std_01                  | 0.0691       |
|    action_std_02                  | 0.0691       |
|    action_std_03                  | 0.0691       |
|    action_std_04                  | 0.0695       |
|    action_std_05                  | 0.0709       |
|    action_std_06                  | 0.0691       |
|    action_std_07                  | 0.07         |
|    action_std_08                  | 0.069        |
|    action_std_09                  | 0.0701       |
|    action_std_10                  | 0.0696       |
|    action_std_11                  | 0.0704       |
|    action_std_12                  | 0.069        |
|    action_std_13                  | 0.0707       |
|    action_std_14                  | 0.0699       |
|    action_std_15                  | 0.0692       |
|    action_std_16                  | 0.0691       |
|    action_std_17                  | 0.0692       |
|    action_std_18                  | 0.069        |
|    action_std_19                  | 0.0695       |
|    action_std_20                  | 0.0691       |
|    action_std_21                  | 0.0697       |
|    action_std_22                  | 0.0687       |
|    action_std_23                  | 0.0686       |
|    action_std_24                  | 0.0705       |
|    approx_kl                      | 0.0012734209 |
|    clip_fraction                  | 0.027        |
|    clip_range                     | 0.1          |
|    clip_range_vf                  | 0.2          |
|    entropy_loss                   | 31.2         |
|    explained_variance             | 0.894        |
|    learning_rate                  | 1e-06        |
|    loss                           | 0.356        |
|    n_updates                      | 1630         |
|    policy_gradient_loss           | -0.00254     |
|    std                            | 0.0695       |
|    std_max                        | 0.0709       |
|    std_min                        | 0.0686       |
|    value_loss                     | 0.0666       |
----------------------------------------------------
----------------------------------------------------
| rollout/                          |              |
|    action_saturation_fraction     | 0            |
|    ep_len_mean                    | 1e+03        |
|    ep_rew_mean                    | 687          |
|    episodes_noforce               | 202          |
|    force_direction_mean           | -1           |
|    force_onset_mean               | 1.39         |
|    force_requested_impulse_mean   | 0            |
|    is_fall_mean                   | 0.0396       |
|    is_timeout_mean                | 0.96         |
|    recovery_noforce               | 0.96         |
|    timeout_without_onset_fraction | 0            |
|    timeouts                       | 194          |
| time/                             |              |
|    fps                            | 7708         |
|    iterations                     | 12           |
|    time_elapsed                   | 204          |
|    total_timesteps                | 1572864      |
| train/                            |              |
|    action_std_00                  | 0.0695       |
|    action_std_01                  | 0.0691       |
|    action_std_02                  | 0.0691       |
|    action_std_03                  | 0.0691       |
|    action_std_04                  | 0.0695       |
|    action_std_05                  | 0.0709       |
|    action_std_06                  | 0.0691       |
|    action_std_07                  | 0.07         |
|    action_std_08                  | 0.069        |
|    action_std_09                  | 0.0701       |
|    action_std_10                  | 0.0696       |
|    action_std_11                  | 0.0705       |
|    action_std_12                  | 0.0691       |
|    action_std_13                  | 0.0707       |
|    action_std_14                  | 0.0699       |
|    action_std_15                  | 0.0692       |
|    action_std_16                  | 0.0691       |
|    action_std_17                  | 0.0693       |
|    action_std_18                  | 0.0691       |
|    action_std_19                  | 0.0696       |
|    action_std_20                  | 0.0692       |
|    action_std_21                  | 0.0697       |
|    action_std_22                  | 0.0687       |
|    action_std_23                  | 0.0686       |
|    action_std_24                  | 0.0705       |
|    approx_kl                      | 0.0013184107 |
|    clip_fraction                  | 0.0278       |
|    clip_range                     | 0.1          |
|    clip_range_vf                  | 0.2          |
|    entropy_loss                   | 31.2         |
|    explained_variance             | 0.887        |
|    learning_rate                  | 1e-06        |
|    loss                           | 0.386        |
|    n_updates                      | 1640         |
|    policy_gradient_loss           | -0.0024      |
|    std                            | 0.0695       |
|    std_max                        | 0.0709       |
|    std_min                        | 0.0686       |
|    value_loss                     | 0.111        |
----------------------------------------------------
[QuadrupedWBCEnv] Reset state env_id=0 z=0.295244 rpy=[-0.0116043, 0.0242356, -0.0182208]
----------------------------------------------------
| rollout/                          |              |
|    action_saturation_fraction     | 0            |
|    ep_len_mean                    | 957          |
|    ep_rew_mean                    | 658          |
|    episodes_noforce               | 63           |
|    force_direction_mean           | -1           |
|    force_onset_mean               | 1.39         |
|    force_requested_impulse_mean   | 0            |
|    is_fall_mean                   | 0.127        |
|    is_timeout_mean                | 0.873        |
|    recovery_noforce               | 0.873        |
|    timeout_without_onset_fraction | 0            |
|    timeouts                       | 55           |
| time/                             |              |
|    fps                            | 7701         |
|    iterations                     | 13           |
|    time_elapsed                   | 221          |
|    total_timesteps                | 1703936      |
| train/                            |              |
|    action_std_00                  | 0.0695       |
|    action_std_01                  | 0.0692       |
|    action_std_02                  | 0.0691       |
|    action_std_03                  | 0.0691       |
|    action_std_04                  | 0.0695       |
|    action_std_05                  | 0.0709       |
|    action_std_06                  | 0.0691       |
|    action_std_07                  | 0.07         |
|    action_std_08                  | 0.0691       |
|    action_std_09                  | 0.0701       |
|    action_std_10                  | 0.0696       |
|    action_std_11                  | 0.0705       |
|    action_std_12                  | 0.0691       |
|    action_std_13                  | 0.0707       |
|    action_std_14                  | 0.07         |
|    action_std_15                  | 0.0692       |
|    action_std_16                  | 0.0691       |
|    action_std_17                  | 0.0693       |
|    action_std_18                  | 0.0691       |
|    action_std_19                  | 0.0696       |
|    action_std_20                  | 0.0692       |
|    action_std_21                  | 0.0697       |
|    action_std_22                  | 0.0687       |
|    action_std_23                  | 0.0686       |
|    action_std_24                  | 0.0705       |
|    approx_kl                      | 0.0013171221 |
|    clip_fraction                  | 0.0285       |
|    clip_range                     | 0.1          |
|    clip_range_vf                  | 0.2          |
|    entropy_loss                   | 31.2         |
|    explained_variance             | 0.882        |
|    learning_rate                  | 1e-06        |
|    loss                           | 0.392        |
|    n_updates                      | 1650         |
|    policy_gradient_loss           | -0.00246     |
|    std                            | 0.0695       |
|    std_max                        | 0.0709       |
|    std_min                        | 0.0686       |
|    value_loss                     | 0.0893       |
----------------------------------------------------
----------------------------------------------------
| rollout/                          |              |
|    action_saturation_fraction     | 0            |
|    ep_len_mean                    | 1e+03        |
|    ep_rew_mean                    | 685          |
|    episodes_noforce               | 196          |
|    force_direction_mean           | -1           |
|    force_onset_mean               | 1.39         |
|    force_requested_impulse_mean   | 0            |
|    is_fall_mean                   | 0.0561       |
|    is_timeout_mean                | 0.944        |
|    recovery_noforce               | 0.944        |
|    timeout_without_onset_fraction | 0            |
|    timeouts                       | 185          |
| time/                             |              |
|    fps                            | 7676         |
|    iterations                     | 14           |
|    time_elapsed                   | 239          |
|    total_timesteps                | 1835008      |
| train/                            |              |
|    action_std_00                  | 0.0695       |
|    action_std_01                  | 0.0692       |
|    action_std_02                  | 0.0692       |
|    action_std_03                  | 0.0691       |
|    action_std_04                  | 0.0695       |
|    action_std_05                  | 0.0709       |
|    action_std_06                  | 0.0691       |
|    action_std_07                  | 0.0701       |
|    action_std_08                  | 0.0691       |
|    action_std_09                  | 0.0702       |
|    action_std_10                  | 0.0697       |
|    action_std_11                  | 0.0705       |
|    action_std_12                  | 0.0691       |
|    action_std_13                  | 0.0707       |
|    action_std_14                  | 0.07         |
|    action_std_15                  | 0.0692       |
|    action_std_16                  | 0.0691       |
|    action_std_17                  | 0.0693       |
|    action_std_18                  | 0.0691       |
|    action_std_19                  | 0.0696       |
|    action_std_20                  | 0.0692       |
|    action_std_21                  | 0.0697       |
|    action_std_22                  | 0.0687       |
|    action_std_23                  | 0.0687       |
|    action_std_24                  | 0.0706       |
|    approx_kl                      | 0.0013173685 |
|    clip_fraction                  | 0.0295       |
|    clip_range                     | 0.1          |
|    clip_range_vf                  | 0.2          |
|    entropy_loss                   | 31.2         |
|    explained_variance             | 0.816        |
|    learning_rate                  | 1e-06        |
|    loss                           | 0.44         |
|    n_updates                      | 1660         |
|    policy_gradient_loss           | -0.00245     |
|    std                            | 0.0696       |
|    std_max                        | 0.0709       |
|    std_min                        | 0.0687       |
|    value_loss                     | 0.116        |
----------------------------------------------------
[QuadrupedWBCEnv] Reset state env_id=0 z=0.285474 rpy=[-0.0136955, 0.024997, -0.0183524]
----------------------------------------------------
| rollout/                          |              |
|    action_saturation_fraction     | 0            |
|    ep_len_mean                    | 975          |
|    ep_rew_mean                    | 665          |
|    episodes_noforce               | 69           |
|    force_direction_mean           | -1           |
|    force_onset_mean               | 1.38         |
|    force_requested_impulse_mean   | 0            |
|    is_fall_mean                   | 0.0725       |
|    is_timeout_mean                | 0.928        |
|    recovery_noforce               | 0.928        |
|    timeout_without_onset_fraction | 0            |
|    timeouts                       | 64           |
| time/                             |              |
|    fps                            | 7677         |
|    iterations                     | 15           |
|    time_elapsed                   | 256          |
|    total_timesteps                | 1966080      |
| train/                            |              |
|    action_std_00                  | 0.0696       |
|    action_std_01                  | 0.0692       |
|    action_std_02                  | 0.0692       |
|    action_std_03                  | 0.0691       |
|    action_std_04                  | 0.0695       |
|    action_std_05                  | 0.071        |
|    action_std_06                  | 0.0691       |
|    action_std_07                  | 0.0701       |
|    action_std_08                  | 0.0691       |
|    action_std_09                  | 0.0702       |
|    action_std_10                  | 0.0697       |
|    action_std_11                  | 0.0705       |
|    action_std_12                  | 0.0691       |
|    action_std_13                  | 0.0708       |
|    action_std_14                  | 0.07         |
|    action_std_15                  | 0.0693       |
|    action_std_16                  | 0.0691       |
|    action_std_17                  | 0.0694       |
|    action_std_18                  | 0.0691       |
|    action_std_19                  | 0.0696       |
|    action_std_20                  | 0.0692       |
|    action_std_21                  | 0.0697       |
|    action_std_22                  | 0.0688       |
|    action_std_23                  | 0.0687       |
|    action_std_24                  | 0.0706       |
|    approx_kl                      | 0.0012889613 |
|    clip_fraction                  | 0.0266       |
|    clip_range                     | 0.1          |
|    clip_range_vf                  | 0.2          |
|    entropy_loss                   | 31.2         |
|    explained_variance             | 0.855        |
|    learning_rate                  | 1e-06        |
|    loss                           | 0.396        |
|    n_updates                      | 1670         |
|    policy_gradient_loss           | -0.00243     |
|    std                            | 0.0696       |
|    std_max                        | 0.071        |
|    std_min                        | 0.0687       |
|    value_loss                     | 0.0851       |
----------------------------------------------------
INFO:root:VecNormalize statistics saved at: ./data/v1_ours_stage2/quadruped_ppo_model_ckpt_2000128_vecnormalize.pkl
INFO:root:Model saved at: ./data/v1_ours_stage2/quadruped_ppo_model_ckpt_2000128.zip
INFO:root:Checkpoint written at 2000128 timesteps
----------------------------------------------------
| rollout/                          |              |
|    action_saturation_fraction     | 0            |
|    ep_len_mean                    | 989          |
|    ep_rew_mean                    | 677          |
|    episodes_noforce               | 194          |
|    force_direction_mean           | -1           |
|    force_onset_mean               | 1.4          |
|    force_requested_impulse_mean   | 0            |
|    is_fall_mean                   | 0.0515       |
|    is_timeout_mean                | 0.948        |
|    recovery_noforce               | 0.948        |
|    timeout_without_onset_fraction | 0            |
|    timeouts                       | 184          |
| time/                             |              |
|    fps                            | 7655         |
|    iterations                     | 16           |
|    time_elapsed                   | 273          |
|    total_timesteps                | 2097152      |
| train/                            |              |
|    action_std_00                  | 0.0696       |
|    action_std_01                  | 0.0692       |
|    action_std_02                  | 0.0692       |
|    action_std_03                  | 0.0692       |
|    action_std_04                  | 0.0696       |
|    action_std_05                  | 0.071        |
|    action_std_06                  | 0.0692       |
|    action_std_07                  | 0.0701       |
|    action_std_08                  | 0.0691       |
|    action_std_09                  | 0.0702       |
|    action_std_10                  | 0.0697       |
|    action_std_11                  | 0.0705       |
|    action_std_12                  | 0.0691       |
|    action_std_13                  | 0.0708       |
|    action_std_14                  | 0.07         |
|    action_std_15                  | 0.0693       |
|    action_std_16                  | 0.0691       |
|    action_std_17                  | 0.0694       |
|    action_std_18                  | 0.0691       |
|    action_std_19                  | 0.0696       |
|    action_std_20                  | 0.0692       |
|    action_std_21                  | 0.0698       |
|    action_std_22                  | 0.0688       |
|    action_std_23                  | 0.0687       |
|    action_std_24                  | 0.0706       |
|    approx_kl                      | 0.0013360275 |
|    clip_fraction                  | 0.0281       |
|    clip_range                     | 0.1          |
|    clip_range_vf                  | 0.2          |
|    entropy_loss                   | 31.2         |
|    explained_variance             | 0.868        |
|    learning_rate                  | 1e-06        |
|    loss                           | 0.403        |
|    n_updates                      | 1680         |
|    policy_gradient_loss           | -0.00251     |
|    std                            | 0.0696       |
|    std_max                        | 0.071        |
|    std_min                        | 0.0687       |
|    value_loss                     | 0.0818       |
----------------------------------------------------
[QuadrupedWBCEnv] Reset state env_id=0 z=0.32102 rpy=[-0.0159932, 0.0218852, -0.0184345]
----------------------------------------------------
| rollout/                          |              |
|    action_saturation_fraction     | 0            |
|    ep_len_mean                    | 953          |
|    ep_rew_mean                    | 654          |
|    episodes_noforce               | 74           |
|    force_direction_mean           | -1           |
|    force_onset_mean               | 1.44         |
|    force_requested_impulse_mean   | 0            |
|    is_fall_mean                   | 0.0811       |
|    is_timeout_mean                | 0.919        |
|    recovery_noforce               | 0.919        |
|    timeout_without_onset_fraction | 0            |
|    timeouts                       | 68           |
| time/                             |              |
|    fps                            | 7649         |
|    iterations                     | 17           |
|    time_elapsed                   | 291          |
|    total_timesteps                | 2228224      |
| train/                            |              |
|    action_std_00                  | 0.0696       |
|    action_std_01                  | 0.0693       |
|    action_std_02                  | 0.0692       |
|    action_std_03                  | 0.0692       |
|    action_std_04                  | 0.0696       |
|    action_std_05                  | 0.071        |
|    action_std_06                  | 0.0692       |
|    action_std_07                  | 0.0701       |
|    action_std_08                  | 0.0691       |
|    action_std_09                  | 0.0702       |
|    action_std_10                  | 0.0697       |
|    action_std_11                  | 0.0706       |
|    action_std_12                  | 0.0692       |
|    action_std_13                  | 0.0708       |
|    action_std_14                  | 0.07         |
|    action_std_15                  | 0.0693       |
|    action_std_16                  | 0.0692       |
|    action_std_17                  | 0.0694       |
|    action_std_18                  | 0.0691       |
|    action_std_19                  | 0.0697       |
|    action_std_20                  | 0.0692       |
|    action_std_21                  | 0.0698       |
|    action_std_22                  | 0.0688       |
|    action_std_23                  | 0.0687       |
|    action_std_24                  | 0.0706       |
|    approx_kl                      | 0.0013847197 |
|    clip_fraction                  | 0.0327       |
|    clip_range                     | 0.1          |
|    clip_range_vf                  | 0.2          |
|    entropy_loss                   | 31.1         |
|    explained_variance             | 0.886        |
|    learning_rate                  | 1e-06        |
|    loss                           | 0.397        |
|    n_updates                      | 1690         |
|    policy_gradient_loss           | -0.00252     |
|    std                            | 0.0696       |
|    std_max                        | 0.071        |
|    std_min                        | 0.0687       |
|    value_loss                     | 0.104        |
----------------------------------------------------
----------------------------------------------------
| rollout/                          |              |
|    action_saturation_fraction     | 0            |
|    ep_len_mean                    | 989          |
|    ep_rew_mean                    | 679          |
|    episodes_noforce               | 187          |
|    force_direction_mean           | -1           |
|    force_onset_mean               | 1.4          |
|    force_requested_impulse_mean   | 0            |
|    is_fall_mean                   | 0.0321       |
|    is_timeout_mean                | 0.968        |
|    recovery_noforce               | 0.968        |
|    timeout_without_onset_fraction | 0            |
|    timeouts                       | 181          |
| time/                             |              |
|    fps                            | 7635         |
|    iterations                     | 18           |
|    time_elapsed                   | 308          |
|    total_timesteps                | 2359296      |
| train/                            |              |
|    action_std_00                  | 0.0696       |
|    action_std_01                  | 0.0693       |
|    action_std_02                  | 0.0692       |
|    action_std_03                  | 0.0692       |
|    action_std_04                  | 0.0696       |
|    action_std_05                  | 0.071        |
|    action_std_06                  | 0.0692       |
|    action_std_07                  | 0.0701       |
|    action_std_08                  | 0.0692       |
|    action_std_09                  | 0.0703       |
|    action_std_10                  | 0.0697       |
|    action_std_11                  | 0.0706       |
|    action_std_12                  | 0.0692       |
|    action_std_13                  | 0.0708       |
|    action_std_14                  | 0.0701       |
|    action_std_15                  | 0.0693       |
|    action_std_16                  | 0.0692       |
|    action_std_17                  | 0.0694       |
|    action_std_18                  | 0.0692       |
|    action_std_19                  | 0.0697       |
|    action_std_20                  | 0.0693       |
|    action_std_21                  | 0.0698       |
|    action_std_22                  | 0.0688       |
|    action_std_23                  | 0.0687       |
|    action_std_24                  | 0.0706       |
|    approx_kl                      | 0.0013220306 |
|    clip_fraction                  | 0.0277       |
|    clip_range                     | 0.1          |
|    clip_range_vf                  | 0.2          |
|    entropy_loss                   | 31.1         |
|    explained_variance             | 0.816        |
|    learning_rate                  | 1e-06        |
|    loss                           | 0.382        |
|    n_updates                      | 1700         |
|    policy_gradient_loss           | -0.00233     |
|    std                            | 0.0696       |
|    std_max                        | 0.071        |
|    std_min                        | 0.0687       |
|    value_loss                     | 0.0972       |
----------------------------------------------------
[QuadrupedWBCEnv] Reset state env_id=0 z=0.288208 rpy=[-0.0146395, 0.025138, -0.0183675]
----------------------------------------------------
| rollout/                          |              |
|    action_saturation_fraction     | 0            |
|    ep_len_mean                    | 939          |
|    ep_rew_mean                    | 643          |
|    episodes_noforce               | 83           |
|    force_direction_mean           | -1           |
|    force_onset_mean               | 1.38         |
|    force_requested_impulse_mean   | 0            |
|    is_fall_mean                   | 0.133        |
|    is_timeout_mean                | 0.867        |
|    recovery_noforce               | 0.867        |
|    timeout_without_onset_fraction | 0            |
|    timeouts                       | 72           |
| time/                             |              |
|    fps                            | 7633         |
|    iterations                     | 19           |
|    time_elapsed                   | 326          |
|    total_timesteps                | 2490368      |
| train/                            |              |
|    action_std_00                  | 0.0696       |
|    action_std_01                  | 0.0693       |
|    action_std_02                  | 0.0692       |
|    action_std_03                  | 0.0692       |
|    action_std_04                  | 0.0696       |
|    action_std_05                  | 0.0711       |
|    action_std_06                  | 0.0692       |
|    action_std_07                  | 0.0701       |
|    action_std_08                  | 0.0692       |
|    action_std_09                  | 0.0703       |
|    action_std_10                  | 0.0697       |
|    action_std_11                  | 0.0706       |
|    action_std_12                  | 0.0692       |
|    action_std_13                  | 0.0708       |
|    action_std_14                  | 0.0701       |
|    action_std_15                  | 0.0693       |
|    action_std_16                  | 0.0692       |
|    action_std_17                  | 0.0694       |
|    action_std_18                  | 0.0692       |
|    action_std_19                  | 0.0697       |
|    action_std_20                  | 0.0693       |
|    action_std_21                  | 0.0698       |
|    action_std_22                  | 0.0689       |
|    action_std_23                  | 0.0687       |
|    action_std_24                  | 0.0707       |
|    approx_kl                      | 0.0013020384 |
|    clip_fraction                  | 0.0283       |
|    clip_range                     | 0.1          |
|    clip_range_vf                  | 0.2          |
|    entropy_loss                   | 31.1         |
|    explained_variance             | 0.897        |
|    learning_rate                  | 1e-06        |
|    loss                           | 0.389        |
|    n_updates                      | 1710         |
|    policy_gradient_loss           | -0.00243     |
|    std                            | 0.0697       |
|    std_max                        | 0.0711       |
|    std_min                        | 0.0687       |
|    value_loss                     | 0.0783       |
----------------------------------------------------
----------------------------------------------------
| rollout/                          |              |
|    action_saturation_fraction     | 0            |
|    ep_len_mean                    | 987          |
|    ep_rew_mean                    | 678          |
|    episodes_noforce               | 179          |
|    force_direction_mean           | -1           |
|    force_onset_mean               | 1.39         |
|    force_requested_impulse_mean   | 0            |
|    is_fall_mean                   | 0.0615       |
|    is_timeout_mean                | 0.939        |
|    recovery_noforce               | 0.939        |
|    timeout_without_onset_fraction | 0            |
|    timeouts                       | 168          |
| time/                             |              |
|    fps                            | 7620         |
|    iterations                     | 20           |
|    time_elapsed                   | 344          |
|    total_timesteps                | 2621440      |
| train/                            |              |
|    action_std_00                  | 0.0696       |
|    action_std_01                  | 0.0693       |
|    action_std_02                  | 0.0692       |
|    action_std_03                  | 0.0692       |
|    action_std_04                  | 0.0696       |
|    action_std_05                  | 0.0711       |
|    action_std_06                  | 0.0692       |
|    action_std_07                  | 0.0701       |
|    action_std_08                  | 0.0692       |
|    action_std_09                  | 0.0703       |
|    action_std_10                  | 0.0698       |
|    action_std_11                  | 0.0706       |
|    action_std_12                  | 0.0692       |
|    action_std_13                  | 0.0709       |
|    action_std_14                  | 0.0701       |
|    action_std_15                  | 0.0693       |
|    action_std_16                  | 0.0692       |
|    action_std_17                  | 0.0695       |
|    action_std_18                  | 0.0692       |
|    action_std_19                  | 0.0697       |
|    action_std_20                  | 0.0693       |
|    action_std_21                  | 0.0698       |
|    action_std_22                  | 0.0689       |
|    action_std_23                  | 0.0688       |
|    action_std_24                  | 0.0707       |
|    approx_kl                      | 0.0014094154 |
|    clip_fraction                  | 0.034        |
|    clip_range                     | 0.1          |
|    clip_range_vf                  | 0.2          |
|    entropy_loss                   | 31.1         |
|    explained_variance             | 0.894        |
|    learning_rate                  | 1e-06        |
|    loss                           | 0.424        |
|    n_updates                      | 1720         |
|    policy_gradient_loss           | -0.00269     |
|    std                            | 0.0697       |
|    std_max                        | 0.0711       |
|    std_min                        | 0.0688       |
|    value_loss                     | 0.12         |
----------------------------------------------------
[QuadrupedWBCEnv] Reset state env_id=0 z=0.322464 rpy=[-0.0110542, 0.0241211, -0.0185094]
----------------------------------------------------
| rollout/                          |              |
|    action_saturation_fraction     | 0            |
|    ep_len_mean                    | 935          |
|    ep_rew_mean                    | 640          |
|    episodes_noforce               | 91           |
|    force_direction_mean           | -1           |
|    force_onset_mean               | 1.39         |
|    force_requested_impulse_mean   | 0            |
|    is_fall_mean                   | 0.11         |
|    is_timeout_mean                | 0.89         |
|    recovery_noforce               | 0.89         |
|    timeout_without_onset_fraction | 0            |
|    timeouts                       | 81           |
| time/                             |              |
|    fps                            | 7619         |
|    iterations                     | 21           |
|    time_elapsed                   | 361          |
|    total_timesteps                | 2752512      |
| train/                            |              |
|    action_std_00                  | 0.0696       |
|    action_std_01                  | 0.0693       |
|    action_std_02                  | 0.0693       |
|    action_std_03                  | 0.0692       |
|    action_std_04                  | 0.0696       |
|    action_std_05                  | 0.0711       |
|    action_std_06                  | 0.0692       |
|    action_std_07                  | 0.0702       |
|    action_std_08                  | 0.0692       |
|    action_std_09                  | 0.0703       |
|    action_std_10                  | 0.0698       |
|    action_std_11                  | 0.0706       |
|    action_std_12                  | 0.0692       |
|    action_std_13                  | 0.0709       |
|    action_std_14                  | 0.0701       |
|    action_std_15                  | 0.0694       |
|    action_std_16                  | 0.0692       |
|    action_std_17                  | 0.0695       |
|    action_std_18                  | 0.0692       |
|    action_std_19                  | 0.0697       |
|    action_std_20                  | 0.0693       |
|    action_std_21                  | 0.0698       |
|    action_std_22                  | 0.0689       |
|    action_std_23                  | 0.0688       |
|    action_std_24                  | 0.0707       |
|    approx_kl                      | 0.0013180203 |
|    clip_fraction                  | 0.0298       |
|    clip_range                     | 0.1          |
|    clip_range_vf                  | 0.2          |
|    entropy_loss                   | 31.1         |
|    explained_variance             | 0.897        |
|    learning_rate                  | 1e-06        |
|    loss                           | 0.422        |
|    n_updates                      | 1730         |
|    policy_gradient_loss           | -0.00271     |
|    std                            | 0.0697       |
|    std_max                        | 0.0711       |
|    std_min                        | 0.0688       |
|    value_loss                     | 0.0994       |
----------------------------------------------------
----------------------------------------------------
| rollout/                          |              |
|    action_saturation_fraction     | 0            |
|    ep_len_mean                    | 987          |
|    ep_rew_mean                    | 681          |
|    episodes_noforce               | 173          |
|    force_direction_mean           | -1           |
|    force_onset_mean               | 1.39         |
|    force_requested_impulse_mean   | 0            |
|    is_fall_mean                   | 0.052        |
|    is_timeout_mean                | 0.948        |
|    recovery_noforce               | 0.948        |
|    timeout_without_onset_fraction | 0            |
|    timeouts                       | 164          |
| time/                             |              |
|    fps                            | 7611         |
|    iterations                     | 22           |
|    time_elapsed                   | 378          |
|    total_timesteps                | 2883584      |
| train/                            |              |
|    action_std_00                  | 0.0697       |
|    action_std_01                  | 0.0693       |
|    action_std_02                  | 0.0693       |
|    action_std_03                  | 0.0692       |
|    action_std_04                  | 0.0696       |
|    action_std_05                  | 0.0711       |
|    action_std_06                  | 0.0692       |
|    action_std_07                  | 0.0702       |
|    action_std_08                  | 0.0692       |
|    action_std_09                  | 0.0703       |
|    action_std_10                  | 0.0698       |
|    action_std_11                  | 0.0706       |
|    action_std_12                  | 0.0693       |
|    action_std_13                  | 0.0709       |
|    action_std_14                  | 0.0701       |
|    action_std_15                  | 0.0694       |
|    action_std_16                  | 0.0692       |
|    action_std_17                  | 0.0695       |
|    action_std_18                  | 0.0692       |
|    action_std_19                  | 0.0698       |
|    action_std_20                  | 0.0693       |
|    action_std_21                  | 0.0699       |
|    action_std_22                  | 0.0689       |
|    action_std_23                  | 0.0688       |
|    action_std_24                  | 0.0707       |
|    approx_kl                      | 0.0013597207 |
|    clip_fraction                  | 0.0304       |
|    clip_range                     | 0.1          |
|    clip_range_vf                  | 0.2          |
|    entropy_loss                   | 31.1         |
|    explained_variance             | 0.871        |
|    learning_rate                  | 1e-06        |
|    loss                           | 0.4          |
|    n_updates                      | 1740         |
|    policy_gradient_loss           | -0.00248     |
|    std                            | 0.0697       |
|    std_max                        | 0.0711       |
|    std_min                        | 0.0688       |
|    value_loss                     | 0.11         |
----------------------------------------------------
[QuadrupedWBCEnv] Reset state env_id=0 z=0.274796 rpy=[-0.0135275, 0.0254858, -0.0179064]
----------------------------------------------------
| rollout/                          |              |
|    action_saturation_fraction     | 0            |
|    ep_len_mean                    | 952          |
|    ep_rew_mean                    | 650          |
|    episodes_noforce               | 96           |
|    force_direction_mean           | -1           |
|    force_onset_mean               | 1.38         |
|    force_requested_impulse_mean   | 0            |
|    is_fall_mean                   | 0.104        |
|    is_timeout_mean                | 0.896        |
|    recovery_noforce               | 0.896        |
|    timeout_without_onset_fraction | 0            |
|    timeouts                       | 86           |
| time/                             |              |
|    fps                            | 7611         |
|    iterations                     | 23           |
|    time_elapsed                   | 396          |
|    total_timesteps                | 3014656      |
| train/                            |              |
|    action_std_00                  | 0.0697       |
|    action_std_01                  | 0.0694       |
|    action_std_02                  | 0.0693       |
|    action_std_03                  | 0.0693       |
|    action_std_04                  | 0.0697       |
|    action_std_05                  | 0.0711       |
|    action_std_06                  | 0.0693       |
|    action_std_07                  | 0.0702       |
|    action_std_08                  | 0.0693       |
|    action_std_09                  | 0.0704       |
|    action_std_10                  | 0.0698       |
|    action_std_11                  | 0.0706       |
|    action_std_12                  | 0.0693       |
|    action_std_13                  | 0.0709       |
|    action_std_14                  | 0.0702       |
|    action_std_15                  | 0.0694       |
|    action_std_16                  | 0.0693       |
|    action_std_17                  | 0.0695       |
|    action_std_18                  | 0.0693       |
|    action_std_19                  | 0.0698       |
|    action_std_20                  | 0.0693       |
|    action_std_21                  | 0.0699       |
|    action_std_22                  | 0.0689       |
|    action_std_23                  | 0.0688       |
|    action_std_24                  | 0.0707       |
|    approx_kl                      | 0.0013714486 |
|    clip_fraction                  | 0.0317       |
|    clip_range                     | 0.1          |
|    clip_range_vf                  | 0.2          |
|    entropy_loss                   | 31.1         |
|    explained_variance             | 0.879        |
|    learning_rate                  | 1e-06        |
|    loss                           | 0.356        |
|    n_updates                      | 1750         |
|    policy_gradient_loss           | -0.00239     |
|    std                            | 0.0697       |
|    std_max                        | 0.0711       |
|    std_min                        | 0.0688       |
|    value_loss                     | 0.0968       |
----------------------------------------------------
----------------------------------------------------
| rollout/                          |              |
|    action_saturation_fraction     | 0            |
|    ep_len_mean                    | 981          |
|    ep_rew_mean                    | 677          |
|    episodes_noforce               | 172          |
|    force_direction_mean           | -1           |
|    force_onset_mean               | 1.4          |
|    force_requested_impulse_mean   | 0            |
|    is_fall_mean                   | 0.0465       |
|    is_timeout_mean                | 0.953        |
|    recovery_noforce               | 0.953        |
|    timeout_without_onset_fraction | 0            |
|    timeouts                       | 164          |
| time/                             |              |
|    fps                            | 7601         |
|    iterations                     | 24           |
|    time_elapsed                   | 413          |
|    total_timesteps                | 3145728      |
| train/                            |              |
|    action_std_00                  | 0.0697       |
|    action_std_01                  | 0.0694       |
|    action_std_02                  | 0.0693       |
|    action_std_03                  | 0.0693       |
|    action_std_04                  | 0.0697       |
|    action_std_05                  | 0.0712       |
|    action_std_06                  | 0.0693       |
|    action_std_07                  | 0.0702       |
|    action_std_08                  | 0.0693       |
|    action_std_09                  | 0.0704       |
|    action_std_10                  | 0.0698       |
|    action_std_11                  | 0.0707       |
|    action_std_12                  | 0.0693       |
|    action_std_13                  | 0.0709       |
|    action_std_14                  | 0.0702       |
|    action_std_15                  | 0.0694       |
|    action_std_16                  | 0.0693       |
|    action_std_17                  | 0.0695       |
|    action_std_18                  | 0.0693       |
|    action_std_19                  | 0.0698       |
|    action_std_20                  | 0.0694       |
|    action_std_21                  | 0.0699       |
|    action_std_22                  | 0.069        |
|    action_std_23                  | 0.0688       |
|    action_std_24                  | 0.0708       |
|    approx_kl                      | 0.0012850561 |
|    clip_fraction                  | 0.0269       |
|    clip_range                     | 0.1          |
|    clip_range_vf                  | 0.2          |
|    entropy_loss                   | 31.1         |
|    explained_variance             | 0.912        |
|    learning_rate                  | 1e-06        |
|    loss                           | 0.401        |
|    n_updates                      | 1760         |
|    policy_gradient_loss           | -0.0025      |
|    std                            | 0.0697       |
|    std_max                        | 0.0712       |
|    std_min                        | 0.0688       |
|    value_loss                     | 0.113        |
----------------------------------------------------
[QuadrupedWBCEnv] Reset state env_id=0 z=0.310454 rpy=[-0.0115035, 0.0228172, -0.0186472]
----------------------------------------------------
| rollout/                          |              |
|    action_saturation_fraction     | 0            |
|    ep_len_mean                    | 978          |
|    ep_rew_mean                    | 671          |
|    episodes_noforce               | 97           |
|    force_direction_mean           | -1           |
|    force_onset_mean               | 1.39         |
|    force_requested_impulse_mean   | 0            |
|    is_fall_mean                   | 0.0619       |
|    is_timeout_mean                | 0.938        |
|    recovery_noforce               | 0.938        |
|    timeout_without_onset_fraction | 0            |
|    timeouts                       | 91           |
| time/                             |              |
|    fps                            | 7598         |
|    iterations                     | 25           |
|    time_elapsed                   | 431          |
|    total_timesteps                | 3276800      |
| train/                            |              |
|    action_std_00                  | 0.0697       |
|    action_std_01                  | 0.0694       |
|    action_std_02                  | 0.0693       |
|    action_std_03                  | 0.0693       |
|    action_std_04                  | 0.0697       |
|    action_std_05                  | 0.0712       |
|    action_std_06                  | 0.0693       |
|    action_std_07                  | 0.0702       |
|    action_std_08                  | 0.0693       |
|    action_std_09                  | 0.0704       |
|    action_std_10                  | 0.0699       |
|    action_std_11                  | 0.0707       |
|    action_std_12                  | 0.0693       |
|    action_std_13                  | 0.0709       |
|    action_std_14                  | 0.0702       |
|    action_std_15                  | 0.0694       |
|    action_std_16                  | 0.0693       |
|    action_std_17                  | 0.0696       |
|    action_std_18                  | 0.0693       |
|    action_std_19                  | 0.0698       |
|    action_std_20                  | 0.0694       |
|    action_std_21                  | 0.0699       |
|    action_std_22                  | 0.069        |
|    action_std_23                  | 0.0689       |
|    action_std_24                  | 0.0708       |
|    approx_kl                      | 0.0013762256 |
|    clip_fraction                  | 0.0332       |
|    clip_range                     | 0.1          |
|    clip_range_vf                  | 0.2          |
|    entropy_loss                   | 31.1         |
|    explained_variance             | 0.882        |
|    learning_rate                  | 1e-06        |
|    loss                           | 0.369        |
|    n_updates                      | 1770         |
|    policy_gradient_loss           | -0.00255     |
|    std                            | 0.0698       |
|    std_max                        | 0.0712       |
|    std_min                        | 0.0689       |
|    value_loss                     | 0.0804       |
----------------------------------------------------
----------------------------------------------------
| rollout/                          |              |
|    action_saturation_fraction     | 0            |
|    ep_len_mean                    | 969          |
|    ep_rew_mean                    | 665          |
|    episodes_noforce               | 170          |
|    force_direction_mean           | -1           |
|    force_onset_mean               | 1.38         |
|    force_requested_impulse_mean   | 0            |
|    is_fall_mean                   | 0.0529       |
|    is_timeout_mean                | 0.947        |
|    recovery_noforce               | 0.947        |
|    timeout_without_onset_fraction | 0            |
|    timeouts                       | 161          |
| time/                             |              |
|    fps                            | 7589         |
|    iterations                     | 26           |
|    time_elapsed                   | 449          |
|    total_timesteps                | 3407872      |
| train/                            |              |
|    action_std_00                  | 0.0697       |
|    action_std_01                  | 0.0694       |
|    action_std_02                  | 0.0694       |
|    action_std_03                  | 0.0693       |
|    action_std_04                  | 0.0697       |
|    action_std_05                  | 0.0712       |
|    action_std_06                  | 0.0693       |
|    action_std_07                  | 0.0703       |
|    action_std_08                  | 0.0693       |
|    action_std_09                  | 0.0704       |
|    action_std_10                  | 0.0699       |
|    action_std_11                  | 0.0707       |
|    action_std_12                  | 0.0693       |
|    action_std_13                  | 0.0709       |
|    action_std_14                  | 0.0702       |
|    action_std_15                  | 0.0694       |
|    action_std_16                  | 0.0693       |
|    action_std_17                  | 0.0696       |
|    action_std_18                  | 0.0693       |
|    action_std_19                  | 0.0698       |
|    action_std_20                  | 0.0694       |
|    action_std_21                  | 0.0699       |
|    action_std_22                  | 0.069        |
|    action_std_23                  | 0.0689       |
|    action_std_24                  | 0.0708       |
|    approx_kl                      | 0.0013581507 |
|    clip_fraction                  | 0.0286       |
|    clip_range                     | 0.1          |
|    clip_range_vf                  | 0.2          |
|    entropy_loss                   | 31.1         |
|    explained_variance             | 0.89         |
|    learning_rate                  | 1e-06        |
|    loss                           | 0.373        |
|    n_updates                      | 1780         |
|    policy_gradient_loss           | -0.0025      |
|    std                            | 0.0698       |
|    std_max                        | 0.0712       |
|    std_min                        | 0.0689       |
|    value_loss                     | 0.112        |
----------------------------------------------------
[QuadrupedWBCEnv] Reset state env_id=0 z=0.287963 rpy=[-0.0137917, 0.0257585, -0.0183578]
----------------------------------------------------
| rollout/                          |              |
|    action_saturation_fraction     | 0            |
|    ep_len_mean                    | 978          |
|    ep_rew_mean                    | 673          |
|    episodes_noforce               | 100          |
|    force_direction_mean           | -1           |
|    force_onset_mean               | 1.41         |
|    force_requested_impulse_mean   | 0            |
|    is_fall_mean                   | 0.05         |
|    is_timeout_mean                | 0.95         |
|    recovery_noforce               | 0.95         |
|    timeout_without_onset_fraction | 0            |
|    timeouts                       | 95           |
| time/                             |              |
|    fps                            | 7588         |
|    iterations                     | 27           |
|    time_elapsed                   | 466          |
|    total_timesteps                | 3538944      |
| train/                            |              |
|    action_std_00                  | 0.0698       |
|    action_std_01                  | 0.0694       |
|    action_std_02                  | 0.0694       |
|    action_std_03                  | 0.0693       |
|    action_std_04                  | 0.0697       |
|    action_std_05                  | 0.0712       |
|    action_std_06                  | 0.0694       |
|    action_std_07                  | 0.0703       |
|    action_std_08                  | 0.0693       |
|    action_std_09                  | 0.0704       |
|    action_std_10                  | 0.0699       |
|    action_std_11                  | 0.0707       |
|    action_std_12                  | 0.0694       |
|    action_std_13                  | 0.071        |
|    action_std_14                  | 0.0702       |
|    action_std_15                  | 0.0694       |
|    action_std_16                  | 0.0693       |
|    action_std_17                  | 0.0696       |
|    action_std_18                  | 0.0693       |
|    action_std_19                  | 0.0699       |
|    action_std_20                  | 0.0694       |
|    action_std_21                  | 0.0699       |
|    action_std_22                  | 0.069        |
|    action_std_23                  | 0.0689       |
|    action_std_24                  | 0.0708       |
|    approx_kl                      | 0.0013976821 |
|    clip_fraction                  | 0.0359       |
|    clip_range                     | 0.1          |
|    clip_range_vf                  | 0.2          |
|    entropy_loss                   | 31.1         |
|    explained_variance             | 0.881        |
|    learning_rate                  | 1e-06        |
|    loss                           | 0.435        |
|    n_updates                      | 1790         |
|    policy_gradient_loss           | -0.00259     |
|    std                            | 0.0698       |
|    std_max                        | 0.0712       |
|    std_min                        | 0.0689       |
|    value_loss                     | 0.0881       |
----------------------------------------------------
----------------------------------------------------
| rollout/                          |              |
|    action_saturation_fraction     | 0            |
|    ep_len_mean                    | 985          |
|    ep_rew_mean                    | 677          |
|    episodes_noforce               | 161          |
|    force_direction_mean           | -1           |
|    force_onset_mean               | 1.39         |
|    force_requested_impulse_mean   | 0            |
|    is_fall_mean                   | 0.0373       |
|    is_timeout_mean                | 0.963        |
|    recovery_noforce               | 0.963        |
|    timeout_without_onset_fraction | 0            |
|    timeouts                       | 155          |
| time/                             |              |
|    fps                            | 7580         |
|    iterations                     | 28           |
|    time_elapsed                   | 484          |
|    total_timesteps                | 3670016      |
| train/                            |              |
|    action_std_00                  | 0.0698       |
|    action_std_01                  | 0.0695       |
|    action_std_02                  | 0.0694       |
|    action_std_03                  | 0.0693       |
|    action_std_04                  | 0.0697       |
|    action_std_05                  | 0.0712       |
|    action_std_06                  | 0.0694       |
|    action_std_07                  | 0.0703       |
|    action_std_08                  | 0.0693       |
|    action_std_09                  | 0.0704       |
|    action_std_10                  | 0.0699       |
|    action_std_11                  | 0.0707       |
|    action_std_12                  | 0.0694       |
|    action_std_13                  | 0.071        |
|    action_std_14                  | 0.0702       |
|    action_std_15                  | 0.0695       |
|    action_std_16                  | 0.0694       |
|    action_std_17                  | 0.0696       |
|    action_std_18                  | 0.0694       |
|    action_std_19                  | 0.0699       |
|    action_std_20                  | 0.0694       |
|    action_std_21                  | 0.07         |
|    action_std_22                  | 0.069        |
|    action_std_23                  | 0.0689       |
|    action_std_24                  | 0.0708       |
|    approx_kl                      | 0.0013606558 |
|    clip_fraction                  | 0.0313       |
|    clip_range                     | 0.1          |
|    clip_range_vf                  | 0.2          |
|    entropy_loss                   | 31.1         |
|    explained_variance             | 0.859        |
|    learning_rate                  | 1e-06        |
|    loss                           | 0.407        |
|    n_updates                      | 1800         |
|    policy_gradient_loss           | -0.00248     |
|    std                            | 0.0698       |
|    std_max                        | 0.0712       |
|    std_min                        | 0.0689       |
|    value_loss                     | 0.0809       |
----------------------------------------------------
[QuadrupedWBCEnv] Reset state env_id=0 z=0.298107 rpy=[-0.0130107, 0.0245426, -0.0181986]
---------------------------------------------------
| rollout/                          |             |
|    action_saturation_fraction     | 0           |
|    ep_len_mean                    | 972         |
|    ep_rew_mean                    | 668         |
|    episodes_noforce               | 110         |
|    force_direction_mean           | -1          |
|    force_onset_mean               | 1.39        |
|    force_requested_impulse_mean   | 0           |
|    is_fall_mean                   | 0.0636      |
|    is_timeout_mean                | 0.936       |
|    recovery_noforce               | 0.936       |
|    timeout_without_onset_fraction | 0           |
|    timeouts                       | 103         |
| time/                             |             |
|    fps                            | 7578        |
|    iterations                     | 29          |
|    time_elapsed                   | 501         |
|    total_timesteps                | 3801088     |
| train/                            |             |
|    action_std_00                  | 0.0698      |
|    action_std_01                  | 0.0695      |
|    action_std_02                  | 0.0694      |
|    action_std_03                  | 0.0693      |
|    action_std_04                  | 0.0698      |
|    action_std_05                  | 0.0713      |
|    action_std_06                  | 0.0694      |
|    action_std_07                  | 0.0703      |
|    action_std_08                  | 0.0693      |
|    action_std_09                  | 0.0705      |
|    action_std_10                  | 0.07        |
|    action_std_11                  | 0.0707      |
|    action_std_12                  | 0.0694      |
|    action_std_13                  | 0.071       |
|    action_std_14                  | 0.0702      |
|    action_std_15                  | 0.0695      |
|    action_std_16                  | 0.0694      |
|    action_std_17                  | 0.0696      |
|    action_std_18                  | 0.0694      |
|    action_std_19                  | 0.0699      |
|    action_std_20                  | 0.0695      |
|    action_std_21                  | 0.07        |
|    action_std_22                  | 0.0691      |
|    action_std_23                  | 0.069       |
|    action_std_24                  | 0.0708      |
|    approx_kl                      | 0.001340887 |
|    clip_fraction                  | 0.0308      |
|    clip_range                     | 0.1         |
|    clip_range_vf                  | 0.2         |
|    entropy_loss                   | 31.1        |
|    explained_variance             | 0.871       |
|    learning_rate                  | 1e-06       |
|    loss                           | 0.396       |
|    n_updates                      | 1810        |
|    policy_gradient_loss           | -0.00254    |
|    std                            | 0.0698      |
|    std_max                        | 0.0713      |
|    std_min                        | 0.069       |
|    value_loss                     | 0.0633      |
---------------------------------------------------
----------------------------------------------------
| rollout/                          |              |
|    action_saturation_fraction     | 0            |
|    ep_len_mean                    | 981          |
|    ep_rew_mean                    | 677          |
|    episodes_noforce               | 155          |
|    force_direction_mean           | -1           |
|    force_onset_mean               | 1.37         |
|    force_requested_impulse_mean   | 0            |
|    is_fall_mean                   | 0.0387       |
|    is_timeout_mean                | 0.961        |
|    recovery_noforce               | 0.961        |
|    timeout_without_onset_fraction | 0            |
|    timeouts                       | 149          |
| time/                             |              |
|    fps                            | 7573         |
|    iterations                     | 30           |
|    time_elapsed                   | 519          |
|    total_timesteps                | 3932160      |
| train/                            |              |
|    action_std_00                  | 0.0698       |
|    action_std_01                  | 0.0695       |
|    action_std_02                  | 0.0694       |
|    action_std_03                  | 0.0694       |
|    action_std_04                  | 0.0698       |
|    action_std_05                  | 0.0713       |
|    action_std_06                  | 0.0694       |
|    action_std_07                  | 0.0703       |
|    action_std_08                  | 0.0694       |
|    action_std_09                  | 0.0705       |
|    action_std_10                  | 0.07         |
|    action_std_11                  | 0.0707       |
|    action_std_12                  | 0.0694       |
|    action_std_13                  | 0.071        |
|    action_std_14                  | 0.0703       |
|    action_std_15                  | 0.0695       |
|    action_std_16                  | 0.0694       |
|    action_std_17                  | 0.0696       |
|    action_std_18                  | 0.0694       |
|    action_std_19                  | 0.0699       |
|    action_std_20                  | 0.0695       |
|    action_std_21                  | 0.07         |
|    action_std_22                  | 0.0691       |
|    action_std_23                  | 0.069        |
|    action_std_24                  | 0.0709       |
|    approx_kl                      | 0.0012716269 |
|    clip_fraction                  | 0.0254       |
|    clip_range                     | 0.1          |
|    clip_range_vf                  | 0.2          |
|    entropy_loss                   | 31.1         |
|    explained_variance             | 0.886        |
|    learning_rate                  | 1e-06        |
|    loss                           | 0.404        |
|    n_updates                      | 1820         |
|    policy_gradient_loss           | -0.00249     |
|    std                            | 0.0699       |
|    std_max                        | 0.0713       |
|    std_min                        | 0.069        |
|    value_loss                     | 0.0916       |
----------------------------------------------------
[QuadrupedWBCEnv] Reset state env_id=0 z=0.276474 rpy=[-0.0145219, 0.0247245, -0.0181041]
INFO:root:VecNormalize statistics saved at: ./data/v1_ours_stage2/quadruped_ppo_model_ckpt_4000256_vecnormalize.pkl
INFO:root:Model saved at: ./data/v1_ours_stage2/quadruped_ppo_model_ckpt_4000256.zip
INFO:root:Checkpoint written at 4000256 timesteps
----------------------------------------------------
| rollout/                          |              |
|    action_saturation_fraction     | 0            |
|    ep_len_mean                    | 950          |
|    ep_rew_mean                    | 650          |
|    episodes_noforce               | 116          |
|    force_direction_mean           | -1           |
|    force_onset_mean               | 1.39         |
|    force_requested_impulse_mean   | 0            |
|    is_fall_mean                   | 0.103        |
|    is_timeout_mean                | 0.897        |
|    recovery_noforce               | 0.897        |
|    timeout_without_onset_fraction | 0            |
|    timeouts                       | 104          |
| time/                             |              |
|    fps                            | 7572         |
|    iterations                     | 31           |
|    time_elapsed                   | 536          |
|    total_timesteps                | 4063232      |
| train/                            |              |
|    action_std_00                  | 0.0698       |
|    action_std_01                  | 0.0695       |
|    action_std_02                  | 0.0694       |
|    action_std_03                  | 0.0694       |
|    action_std_04                  | 0.0698       |
|    action_std_05                  | 0.0713       |
|    action_std_06                  | 0.0695       |
|    action_std_07                  | 0.0703       |
|    action_std_08                  | 0.0694       |
|    action_std_09                  | 0.0705       |
|    action_std_10                  | 0.07         |
|    action_std_11                  | 0.0708       |
|    action_std_12                  | 0.0694       |
|    action_std_13                  | 0.071        |
|    action_std_14                  | 0.0703       |
|    action_std_15                  | 0.0695       |
|    action_std_16                  | 0.0694       |
|    action_std_17                  | 0.0697       |
|    action_std_18                  | 0.0694       |
|    action_std_19                  | 0.0699       |
|    action_std_20                  | 0.0695       |
|    action_std_21                  | 0.07         |
|    action_std_22                  | 0.0691       |
|    action_std_23                  | 0.069        |
|    action_std_24                  | 0.0709       |
|    approx_kl                      | 0.0012668662 |
|    clip_fraction                  | 0.0272       |
|    clip_range                     | 0.1          |
|    clip_range_vf                  | 0.2          |
|    entropy_loss                   | 31.1         |
|    explained_variance             | 0.843        |
|    learning_rate                  | 1e-06        |
|    loss                           | 0.441        |
|    n_updates                      | 1830         |
|    policy_gradient_loss           | -0.00243     |
|    std                            | 0.0699       |
|    std_max                        | 0.0713       |
|    std_min                        | 0.069        |
|    value_loss                     | 0.0929       |
----------------------------------------------------
----------------------------------------------------
| rollout/                          |              |
|    action_saturation_fraction     | 0            |
|    ep_len_mean                    | 987          |
|    ep_rew_mean                    | 682          |
|    episodes_noforce               | 148          |
|    force_direction_mean           | -1           |
|    force_onset_mean               | 1.4          |
|    force_requested_impulse_mean   | 0            |
|    is_fall_mean                   | 0.0473       |
|    is_timeout_mean                | 0.953        |
|    recovery_noforce               | 0.953        |
|    timeout_without_onset_fraction | 0            |
|    timeouts                       | 141          |
| time/                             |              |
|    fps                            | 7569         |
|    iterations                     | 32           |
|    time_elapsed                   | 554          |
|    total_timesteps                | 4194304      |
| train/                            |              |
|    action_std_00                  | 0.0699       |
|    action_std_01                  | 0.0695       |
|    action_std_02                  | 0.0695       |
|    action_std_03                  | 0.0694       |
|    action_std_04                  | 0.0698       |
|    action_std_05                  | 0.0713       |
|    action_std_06                  | 0.0695       |
|    action_std_07                  | 0.0704       |
|    action_std_08                  | 0.0694       |
|    action_std_09                  | 0.0705       |
|    action_std_10                  | 0.07         |
|    action_std_11                  | 0.0708       |
|    action_std_12                  | 0.0695       |
|    action_std_13                  | 0.071        |
|    action_std_14                  | 0.0703       |
|    action_std_15                  | 0.0695       |
|    action_std_16                  | 0.0695       |
|    action_std_17                  | 0.0697       |
|    action_std_18                  | 0.0694       |
|    action_std_19                  | 0.07         |
|    action_std_20                  | 0.0695       |
|    action_std_21                  | 0.0701       |
|    action_std_22                  | 0.0691       |
|    action_std_23                  | 0.069        |
|    action_std_24                  | 0.0709       |
|    approx_kl                      | 0.0013900572 |
|    clip_fraction                  | 0.0307       |
|    clip_range                     | 0.1          |
|    clip_range_vf                  | 0.2          |
|    entropy_loss                   | 31           |
|    explained_variance             | 0.881        |
|    learning_rate                  | 1e-06        |
|    loss                           | 0.372        |
|    n_updates                      | 1840         |
|    policy_gradient_loss           | -0.00271     |
|    std                            | 0.0699       |
|    std_max                        | 0.0713       |
|    std_min                        | 0.069        |
|    value_loss                     | 0.126        |
----------------------------------------------------
[QuadrupedWBCEnv] Reset state env_id=0 z=0.270489 rpy=[-0.0121243, 0.0244303, -0.0178038]
----------------------------------------------------
| rollout/                          |              |
|    action_saturation_fraction     | 0            |
|    ep_len_mean                    | 989          |
|    ep_rew_mean                    | 681          |
|    episodes_noforce               | 116          |
|    force_direction_mean           | -1           |
|    force_onset_mean               | 1.39         |
|    force_requested_impulse_mean   | 0            |
|    is_fall_mean                   | 0.0431       |
|    is_timeout_mean                | 0.957        |
|    recovery_noforce               | 0.957        |
|    timeout_without_onset_fraction | 0            |
|    timeouts                       | 111          |
| time/                             |              |
|    fps                            | 7568         |
|    iterations                     | 33           |
|    time_elapsed                   | 571          |
|    total_timesteps                | 4325376      |
| train/                            |              |
|    action_std_00                  | 0.0699       |
|    action_std_01                  | 0.0695       |
|    action_std_02                  | 0.0695       |
|    action_std_03                  | 0.0694       |
|    action_std_04                  | 0.0698       |
|    action_std_05                  | 0.0713       |
|    action_std_06                  | 0.0695       |
|    action_std_07                  | 0.0704       |
|    action_std_08                  | 0.0694       |
|    action_std_09                  | 0.0706       |
|    action_std_10                  | 0.0701       |
|    action_std_11                  | 0.0708       |
|    action_std_12                  | 0.0695       |
|    action_std_13                  | 0.0711       |
|    action_std_14                  | 0.0703       |
|    action_std_15                  | 0.0696       |
|    action_std_16                  | 0.0695       |
|    action_std_17                  | 0.0697       |
|    action_std_18                  | 0.0695       |
|    action_std_19                  | 0.07         |
|    action_std_20                  | 0.0695       |
|    action_std_21                  | 0.0701       |
|    action_std_22                  | 0.0691       |
|    action_std_23                  | 0.069        |
|    action_std_24                  | 0.071        |
|    approx_kl                      | 0.0012667374 |
|    clip_fraction                  | 0.0284       |
|    clip_range                     | 0.1          |
|    clip_range_vf                  | 0.2          |
|    entropy_loss                   | 31           |
|    explained_variance             | 0.894        |
|    learning_rate                  | 1e-06        |
|    loss                           | 0.364        |
|    n_updates                      | 1850         |
|    policy_gradient_loss           | -0.00261     |
|    std                            | 0.0699       |
|    std_max                        | 0.0713       |
|    std_min                        | 0.069        |
|    value_loss                     | 0.0686       |
----------------------------------------------------
----------------------------------------------------
| rollout/                          |              |
|    action_saturation_fraction     | 0            |
|    ep_len_mean                    | 987          |
|    ep_rew_mean                    | 680          |
|    episodes_noforce               | 154          |
|    force_direction_mean           | -1           |
|    force_onset_mean               | 1.39         |
|    force_requested_impulse_mean   | 0            |
|    is_fall_mean                   | 0.0195       |
|    is_timeout_mean                | 0.981        |
|    recovery_noforce               | 0.981        |
|    timeout_without_onset_fraction | 0            |
|    timeouts                       | 151          |
| time/                             |              |
|    fps                            | 7564         |
|    iterations                     | 34           |
|    time_elapsed                   | 589          |
|    total_timesteps                | 4456448      |
| train/                            |              |
|    action_std_00                  | 0.0699       |
|    action_std_01                  | 0.0696       |
|    action_std_02                  | 0.0695       |
|    action_std_03                  | 0.0694       |
|    action_std_04                  | 0.0698       |
|    action_std_05                  | 0.0714       |
|    action_std_06                  | 0.0695       |
|    action_std_07                  | 0.0704       |
|    action_std_08                  | 0.0694       |
|    action_std_09                  | 0.0706       |
|    action_std_10                  | 0.0701       |
|    action_std_11                  | 0.0708       |
|    action_std_12                  | 0.0695       |
|    action_std_13                  | 0.0711       |
|    action_std_14                  | 0.0704       |
|    action_std_15                  | 0.0696       |
|    action_std_16                  | 0.0695       |
|    action_std_17                  | 0.0697       |
|    action_std_18                  | 0.0695       |
|    action_std_19                  | 0.07         |
|    action_std_20                  | 0.0696       |
|    action_std_21                  | 0.0701       |
|    action_std_22                  | 0.0692       |
|    action_std_23                  | 0.0691       |
|    action_std_24                  | 0.071        |
|    approx_kl                      | 0.0012453982 |
|    clip_fraction                  | 0.0244       |
|    clip_range                     | 0.1          |
|    clip_range_vf                  | 0.2          |
|    entropy_loss                   | 31           |
|    explained_variance             | 0.798        |
|    learning_rate                  | 1e-06        |
|    loss                           | 0.341        |
|    n_updates                      | 1860         |
|    policy_gradient_loss           | -0.00202     |
|    std                            | 0.0699       |
|    std_max                        | 0.0714       |
|    std_min                        | 0.0691       |
|    value_loss                     | 0.0793       |
----------------------------------------------------
[QuadrupedWBCEnv] Reset state env_id=0 z=0.315493 rpy=[-0.0160367, 0.0217742, -0.0185121]
----------------------------------------------------
| rollout/                          |              |
|    action_saturation_fraction     | 0            |
|    ep_len_mean                    | 966          |
|    ep_rew_mean                    | 667          |
|    episodes_noforce               | 115          |
|    force_direction_mean           | -1           |
|    force_onset_mean               | 1.39         |
|    force_requested_impulse_mean   | 0            |
|    is_fall_mean                   | 0.122        |
|    is_timeout_mean                | 0.878        |
|    recovery_noforce               | 0.878        |
|    timeout_without_onset_fraction | 0            |
|    timeouts                       | 101          |
| time/                             |              |
|    fps                            | 7562         |
|    iterations                     | 35           |
|    time_elapsed                   | 606          |
|    total_timesteps                | 4587520      |
| train/                            |              |
|    action_std_00                  | 0.0699       |
|    action_std_01                  | 0.0696       |
|    action_std_02                  | 0.0695       |
|    action_std_03                  | 0.0695       |
|    action_std_04                  | 0.0699       |
|    action_std_05                  | 0.0714       |
|    action_std_06                  | 0.0696       |
|    action_std_07                  | 0.0704       |
|    action_std_08                  | 0.0695       |
|    action_std_09                  | 0.0706       |
|    action_std_10                  | 0.0701       |
|    action_std_11                  | 0.0708       |
|    action_std_12                  | 0.0695       |
|    action_std_13                  | 0.0711       |
|    action_std_14                  | 0.0704       |
|    action_std_15                  | 0.0696       |
|    action_std_16                  | 0.0695       |
|    action_std_17                  | 0.0697       |
|    action_std_18                  | 0.0695       |
|    action_std_19                  | 0.07         |
|    action_std_20                  | 0.0696       |
|    action_std_21                  | 0.0701       |
|    action_std_22                  | 0.0692       |
|    action_std_23                  | 0.0691       |
|    action_std_24                  | 0.071        |
|    approx_kl                      | 0.0012697242 |
|    clip_fraction                  | 0.0281       |
|    clip_range                     | 0.1          |
|    clip_range_vf                  | 0.2          |
|    entropy_loss                   | 31           |
|    explained_variance             | 0.823        |
|    learning_rate                  | 1e-06        |
|    loss                           | 0.398        |
|    n_updates                      | 1870         |
|    policy_gradient_loss           | -0.00229     |
|    std                            | 0.07         |
|    std_max                        | 0.0714       |
|    std_min                        | 0.0691       |
|    value_loss                     | 0.0781       |
----------------------------------------------------
[QuadrupedWBCEnv] unhealthy terminate at step=609 z=0.195452 rpy=[0.35637, 0.325033, 0.742145] v_body=[0.857014, 0.626841, -1.30453]
[QuadrupedWBCEnv] Reset state env_id=0 z=0.31662 rpy=[-0.0134467, 0.022536, -0.0186583]
----------------------------------------------------
| rollout/                          |              |
|    action_saturation_fraction     | 0            |
|    ep_len_mean                    | 986          |
|    ep_rew_mean                    | 681          |
|    episodes_noforce               | 147          |
|    force_direction_mean           | -1           |
|    force_onset_mean               | 1.4          |
|    force_requested_impulse_mean   | 0            |
|    is_fall_mean                   | 0.0272       |
|    is_timeout_mean                | 0.973        |
|    recovery_noforce               | 0.973        |
|    timeout_without_onset_fraction | 0            |
|    timeouts                       | 143          |
| time/                             |              |
|    fps                            | 7561         |
|    iterations                     | 36           |
|    time_elapsed                   | 624          |
|    total_timesteps                | 4718592      |
| train/                            |              |
|    action_std_00                  | 0.0699       |
|    action_std_01                  | 0.0696       |
|    action_std_02                  | 0.0695       |
|    action_std_03                  | 0.0695       |
|    action_std_04                  | 0.0699       |
|    action_std_05                  | 0.0714       |
|    action_std_06                  | 0.0696       |
|    action_std_07                  | 0.0704       |
|    action_std_08                  | 0.0695       |
|    action_std_09                  | 0.0706       |
|    action_std_10                  | 0.0701       |
|    action_std_11                  | 0.0709       |
|    action_std_12                  | 0.0695       |
|    action_std_13                  | 0.0711       |
|    action_std_14                  | 0.0704       |
|    action_std_15                  | 0.0696       |
|    action_std_16                  | 0.0695       |
|    action_std_17                  | 0.0698       |
|    action_std_18                  | 0.0695       |
|    action_std_19                  | 0.07         |
|    action_std_20                  | 0.0696       |
|    action_std_21                  | 0.0702       |
|    action_std_22                  | 0.0692       |
|    action_std_23                  | 0.0691       |
|    action_std_24                  | 0.071        |
|    approx_kl                      | 0.0013557831 |
|    clip_fraction                  | 0.0311       |
|    clip_range                     | 0.1          |
|    clip_range_vf                  | 0.2          |
|    entropy_loss                   | 31           |
|    explained_variance             | 0.889        |
|    learning_rate                  | 1e-06        |
|    loss                           | 0.399        |
|    n_updates                      | 1880         |
|    policy_gradient_loss           | -0.00256     |
|    std                            | 0.07         |
|    std_max                        | 0.0714       |
|    std_min                        | 0.0691       |
|    value_loss                     | 0.115        |
----------------------------------------------------
----------------------------------------------------
| rollout/                          |              |
|    action_saturation_fraction     | 0            |
|    ep_len_mean                    | 967          |
|    ep_rew_mean                    | 666          |
|    episodes_noforce               | 120          |
|    force_direction_mean           | -1           |
|    force_onset_mean               | 1.4          |
|    force_requested_impulse_mean   | 0            |
|    is_fall_mean                   | 0.075        |
|    is_timeout_mean                | 0.925        |
|    recovery_noforce               | 0.925        |
|    timeout_without_onset_fraction | 0            |
|    timeouts                       | 111          |
| time/                             |              |
|    fps                            | 7560         |
|    iterations                     | 37           |
|    time_elapsed                   | 641          |
|    total_timesteps                | 4849664      |
| train/                            |              |
|    action_std_00                  | 0.07         |
|    action_std_01                  | 0.0696       |
|    action_std_02                  | 0.0696       |
|    action_std_03                  | 0.0695       |
|    action_std_04                  | 0.0699       |
|    action_std_05                  | 0.0714       |
|    action_std_06                  | 0.0696       |
|    action_std_07                  | 0.0704       |
|    action_std_08                  | 0.0695       |
|    action_std_09                  | 0.0706       |
|    action_std_10                  | 0.0701       |
|    action_std_11                  | 0.0709       |
|    action_std_12                  | 0.0695       |
|    action_std_13                  | 0.0711       |
|    action_std_14                  | 0.0704       |
|    action_std_15                  | 0.0697       |
|    action_std_16                  | 0.0695       |
|    action_std_17                  | 0.0698       |
|    action_std_18                  | 0.0695       |
|    action_std_19                  | 0.0701       |
|    action_std_20                  | 0.0696       |
|    action_std_21                  | 0.0702       |
|    action_std_22                  | 0.0692       |
|    action_std_23                  | 0.0691       |
|    action_std_24                  | 0.071        |
|    approx_kl                      | 0.0013374109 |
|    clip_fraction                  | 0.0299       |
|    clip_range                     | 0.1          |
|    clip_range_vf                  | 0.2          |
|    entropy_loss                   | 31           |
|    explained_variance             | 0.878        |
|    learning_rate                  | 1e-06        |
|    loss                           | 0.386        |
|    n_updates                      | 1890         |
|    policy_gradient_loss           | -0.00268     |
|    std                            | 0.07         |
|    std_max                        | 0.0714       |
|    std_min                        | 0.0691       |
|    value_loss                     | 0.0882       |
----------------------------------------------------
[QuadrupedWBCEnv] Reset state env_id=0 z=0.289745 rpy=[-0.0154596, 0.0259394, -0.0179268]
----------------------------------------------------
| rollout/                          |              |
|    action_saturation_fraction     | 0            |
|    ep_len_mean                    | 960          |
|    ep_rew_mean                    | 660          |
|    episodes_noforce               | 148          |
|    force_direction_mean           | -1           |
|    force_onset_mean               | 1.4          |
|    force_requested_impulse_mean   | 0            |
|    is_fall_mean                   | 0.0878       |
|    is_timeout_mean                | 0.912        |
|    recovery_noforce               | 0.912        |
|    timeout_without_onset_fraction | 0            |
|    timeouts                       | 135          |
| time/                             |              |
|    fps                            | 7559         |
|    iterations                     | 38           |
|    time_elapsed                   | 658          |
|    total_timesteps                | 4980736      |
| train/                            |              |
|    action_std_00                  | 0.07         |
|    action_std_01                  | 0.0696       |
|    action_std_02                  | 0.0696       |
|    action_std_03                  | 0.0695       |
|    action_std_04                  | 0.0699       |
|    action_std_05                  | 0.0714       |
|    action_std_06                  | 0.0696       |
|    action_std_07                  | 0.0705       |
|    action_std_08                  | 0.0695       |
|    action_std_09                  | 0.0707       |
|    action_std_10                  | 0.0701       |
|    action_std_11                  | 0.0709       |
|    action_std_12                  | 0.0695       |
|    action_std_13                  | 0.0711       |
|    action_std_14                  | 0.0704       |
|    action_std_15                  | 0.0697       |
|    action_std_16                  | 0.0695       |
|    action_std_17                  | 0.0698       |
|    action_std_18                  | 0.0695       |
|    action_std_19                  | 0.0701       |
|    action_std_20                  | 0.0697       |
|    action_std_21                  | 0.0702       |
|    action_std_22                  | 0.0692       |
|    action_std_23                  | 0.0691       |
|    action_std_24                  | 0.071        |
|    approx_kl                      | 0.0013761662 |
|    clip_fraction                  | 0.0312       |
|    clip_range                     | 0.1          |
|    clip_range_vf                  | 0.2          |
|    entropy_loss                   | 31           |
|    explained_variance             | 0.904        |
|    learning_rate                  | 1e-06        |
|    loss                           | 0.47         |
|    n_updates                      | 1900         |
|    policy_gradient_loss           | -0.00272     |
|    std                            | 0.07         |
|    std_max                        | 0.0714       |
|    std_min                        | 0.0691       |
|    value_loss                     | 0.106        |
----------------------------------------------------
----------------------------------------------------
| rollout/                          |              |
|    action_saturation_fraction     | 0            |
|    ep_len_mean                    | 983          |
|    ep_rew_mean                    | 674          |
|    episodes_noforce               | 122          |
|    force_direction_mean           | -1           |
|    force_onset_mean               | 1.4          |
|    force_requested_impulse_mean   | 0            |
|    is_fall_mean                   | 0.0492       |
|    is_timeout_mean                | 0.951        |
|    recovery_noforce               | 0.951        |
|    timeout_without_onset_fraction | 0            |
|    timeouts                       | 116          |
| time/                             |              |
|    fps                            | 7556         |
|    iterations                     | 39           |
|    time_elapsed                   | 676          |
|    total_timesteps                | 5111808      |
| train/                            |              |
|    action_std_00                  | 0.07         |
|    action_std_01                  | 0.0697       |
|    action_std_02                  | 0.0696       |
|    action_std_03                  | 0.0695       |
|    action_std_04                  | 0.0699       |
|    action_std_05                  | 0.0714       |
|    action_std_06                  | 0.0696       |
|    action_std_07                  | 0.0705       |
|    action_std_08                  | 0.0695       |
|    action_std_09                  | 0.0707       |
|    action_std_10                  | 0.0702       |
|    action_std_11                  | 0.0709       |
|    action_std_12                  | 0.0696       |
|    action_std_13                  | 0.0711       |
|    action_std_14                  | 0.0705       |
|    action_std_15                  | 0.0697       |
|    action_std_16                  | 0.0696       |
|    action_std_17                  | 0.0698       |
|    action_std_18                  | 0.0696       |
|    action_std_19                  | 0.0701       |
|    action_std_20                  | 0.0697       |
|    action_std_21                  | 0.0702       |
|    action_std_22                  | 0.0692       |
|    action_std_23                  | 0.0691       |
|    action_std_24                  | 0.0711       |
|    approx_kl                      | 0.0013763353 |
|    clip_fraction                  | 0.0315       |
|    clip_range                     | 0.1          |
|    clip_range_vf                  | 0.2          |
|    entropy_loss                   | 31           |
|    explained_variance             | 0.88         |
|    learning_rate                  | 1e-06        |
|    loss                           | 0.394        |
|    n_updates                      | 1910         |
|    policy_gradient_loss           | -0.00259     |
|    std                            | 0.07         |
|    std_max                        | 0.0714       |
|    std_min                        | 0.0691       |
|    value_loss                     | 0.117        |
----------------------------------------------------
[QuadrupedWBCEnv] Reset state env_id=0 z=0.274012 rpy=[-0.0151586, 0.0253982, -0.0177425]
----------------------------------------------------
| rollout/                          |              |
|    action_saturation_fraction     | 0            |
|    ep_len_mean                    | 969          |
|    ep_rew_mean                    | 671          |
|    episodes_noforce               | 146          |
|    force_direction_mean           | -1           |
|    force_onset_mean               | 1.39         |
|    force_requested_impulse_mean   | 0            |
|    is_fall_mean                   | 0.0479       |
|    is_timeout_mean                | 0.952        |
|    recovery_noforce               | 0.952        |
|    timeout_without_onset_fraction | 0            |
|    timeouts                       | 139          |
| time/                             |              |
|    fps                            | 7552         |
|    iterations                     | 40           |
|    time_elapsed                   | 694          |
|    total_timesteps                | 5242880      |
| train/                            |              |
|    action_std_00                  | 0.07         |
|    action_std_01                  | 0.0697       |
|    action_std_02                  | 0.0696       |
|    action_std_03                  | 0.0696       |
|    action_std_04                  | 0.07         |
|    action_std_05                  | 0.0715       |
|    action_std_06                  | 0.0697       |
|    action_std_07                  | 0.0705       |
|    action_std_08                  | 0.0696       |
|    action_std_09                  | 0.0707       |
|    action_std_10                  | 0.0702       |
|    action_std_11                  | 0.0709       |
|    action_std_12                  | 0.0696       |
|    action_std_13                  | 0.0712       |
|    action_std_14                  | 0.0705       |
|    action_std_15                  | 0.0697       |
|    action_std_16                  | 0.0696       |
|    action_std_17                  | 0.0698       |
|    action_std_18                  | 0.0696       |
|    action_std_19                  | 0.0701       |
|    action_std_20                  | 0.0697       |
|    action_std_21                  | 0.0702       |
|    action_std_22                  | 0.0693       |
|    action_std_23                  | 0.0692       |
|    action_std_24                  | 0.0711       |
|    approx_kl                      | 0.0013762907 |
|    clip_fraction                  | 0.0321       |
|    clip_range                     | 0.1          |
|    clip_range_vf                  | 0.2          |
|    entropy_loss                   | 31           |
|    explained_variance             | 0.886        |
|    learning_rate                  | 1e-06        |
|    loss                           | 0.41         |
|    n_updates                      | 1920         |
|    policy_gradient_loss           | -0.0026      |
|    std                            | 0.07         |
|    std_max                        | 0.0715       |
|    std_min                        | 0.0692       |
|    value_loss                     | 0.0887       |
----------------------------------------------------
----------------------------------------------------
| rollout/                          |              |
|    action_saturation_fraction     | 0            |
|    ep_len_mean                    | 985          |
|    ep_rew_mean                    | 683          |
|    episodes_noforce               | 123          |
|    force_direction_mean           | -1           |
|    force_onset_mean               | 1.4          |
|    force_requested_impulse_mean   | 0            |
|    is_fall_mean                   | 0.0569       |
|    is_timeout_mean                | 0.943        |
|    recovery_noforce               | 0.943        |
|    timeout_without_onset_fraction | 0            |
|    timeouts                       | 116          |
| time/                             |              |
|    fps                            | 7551         |
|    iterations                     | 41           |
|    time_elapsed                   | 711          |
|    total_timesteps                | 5373952      |
| train/                            |              |
|    action_std_00                  | 0.07         |
|    action_std_01                  | 0.0697       |
|    action_std_02                  | 0.0696       |
|    action_std_03                  | 0.0696       |
|    action_std_04                  | 0.07         |
|    action_std_05                  | 0.0715       |
|    action_std_06                  | 0.0697       |
|    action_std_07                  | 0.0705       |
|    action_std_08                  | 0.0696       |
|    action_std_09                  | 0.0707       |
|    action_std_10                  | 0.0702       |
|    action_std_11                  | 0.0709       |
|    action_std_12                  | 0.0696       |
|    action_std_13                  | 0.0712       |
|    action_std_14                  | 0.0705       |
|    action_std_15                  | 0.0697       |
|    action_std_16                  | 0.0696       |
|    action_std_17                  | 0.0698       |
|    action_std_18                  | 0.0696       |
|    action_std_19                  | 0.0701       |
|    action_std_20                  | 0.0697       |
|    action_std_21                  | 0.0702       |
|    action_std_22                  | 0.0693       |
|    action_std_23                  | 0.0692       |
|    action_std_24                  | 0.0711       |
|    approx_kl                      | 0.0012875146 |
|    clip_fraction                  | 0.0273       |
|    clip_range                     | 0.1          |
|    clip_range_vf                  | 0.2          |
|    entropy_loss                   | 31           |
|    explained_variance             | 0.872        |
|    learning_rate                  | 1e-06        |
|    loss                           | 0.371        |
|    n_updates                      | 1930         |
|    policy_gradient_loss           | -0.00231     |
|    std                            | 0.0701       |
|    std_max                        | 0.0715       |
|    std_min                        | 0.0692       |
|    value_loss                     | 0.0728       |
----------------------------------------------------
[QuadrupedWBCEnv] Reset state env_id=0 z=0.302606 rpy=[-0.0126826, 0.0221598, -0.0185476]
----------------------------------------------------
| rollout/                          |              |
|    action_saturation_fraction     | 0            |
|    ep_len_mean                    | 982          |
|    ep_rew_mean                    | 682          |
|    episodes_noforce               | 138          |
|    force_direction_mean           | -1           |
|    force_onset_mean               | 1.39         |
|    force_requested_impulse_mean   | 0            |
|    is_fall_mean                   | 0.0217       |
|    is_timeout_mean                | 0.978        |
|    recovery_noforce               | 0.978        |
|    timeout_without_onset_fraction | 0            |
|    timeouts                       | 135          |
| time/                             |              |
|    fps                            | 7548         |
|    iterations                     | 42           |
|    time_elapsed                   | 729          |
|    total_timesteps                | 5505024      |
| train/                            |              |
|    action_std_00                  | 0.07         |
|    action_std_01                  | 0.0697       |
|    action_std_02                  | 0.0696       |
|    action_std_03                  | 0.0696       |
|    action_std_04                  | 0.07         |
|    action_std_05                  | 0.0715       |
|    action_std_06                  | 0.0697       |
|    action_std_07                  | 0.0706       |
|    action_std_08                  | 0.0696       |
|    action_std_09                  | 0.0707       |
|    action_std_10                  | 0.0702       |
|    action_std_11                  | 0.071        |
|    action_std_12                  | 0.0696       |
|    action_std_13                  | 0.0712       |
|    action_std_14                  | 0.0705       |
|    action_std_15                  | 0.0698       |
|    action_std_16                  | 0.0696       |
|    action_std_17                  | 0.0699       |
|    action_std_18                  | 0.0696       |
|    action_std_19                  | 0.0701       |
|    action_std_20                  | 0.0697       |
|    action_std_21                  | 0.0703       |
|    action_std_22                  | 0.0693       |
|    action_std_23                  | 0.0692       |
|    action_std_24                  | 0.0711       |
|    approx_kl                      | 0.0012602089 |
|    clip_fraction                  | 0.0272       |
|    clip_range                     | 0.1          |
|    clip_range_vf                  | 0.2          |
|    entropy_loss                   | 31           |
|    explained_variance             | 0.787        |
|    learning_rate                  | 1e-06        |
|    loss                           | 0.419        |
|    n_updates                      | 1940         |
|    policy_gradient_loss           | -0.00224     |
|    std                            | 0.0701       |
|    std_max                        | 0.0715       |
|    std_min                        | 0.0692       |
|    value_loss                     | 0.0934       |
----------------------------------------------------
----------------------------------------------------
| rollout/                          |              |
|    action_saturation_fraction     | 0            |
|    ep_len_mean                    | 1e+03        |
|    ep_rew_mean                    | 696          |
|    episodes_noforce               | 184          |
|    force_direction_mean           | -1           |
|    force_onset_mean               | 1.39         |
|    force_requested_impulse_mean   | 0            |
|    is_fall_mean                   | 0.0326       |
|    is_timeout_mean                | 0.967        |
|    recovery_noforce               | 0.967        |
|    timeout_without_onset_fraction | 0            |
|    timeouts                       | 178          |
| time/                             |              |
|    fps                            | 7546         |
|    iterations                     | 43           |
|    time_elapsed                   | 746          |
|    total_timesteps                | 5636096      |
| train/                            |              |
|    action_std_00                  | 0.0701       |
|    action_std_01                  | 0.0697       |
|    action_std_02                  | 0.0696       |
|    action_std_03                  | 0.0696       |
|    action_std_04                  | 0.07         |
|    action_std_05                  | 0.0715       |
|    action_std_06                  | 0.0697       |
|    action_std_07                  | 0.0706       |
|    action_std_08                  | 0.0696       |
|    action_std_09                  | 0.0708       |
|    action_std_10                  | 0.0703       |
|    action_std_11                  | 0.071        |
|    action_std_12                  | 0.0697       |
|    action_std_13                  | 0.0712       |
|    action_std_14                  | 0.0705       |
|    action_std_15                  | 0.0698       |
|    action_std_16                  | 0.0697       |
|    action_std_17                  | 0.0699       |
|    action_std_18                  | 0.0696       |
|    action_std_19                  | 0.0701       |
|    action_std_20                  | 0.0697       |
|    action_std_21                  | 0.0703       |
|    action_std_22                  | 0.0693       |
|    action_std_23                  | 0.0692       |
|    action_std_24                  | 0.0711       |
|    approx_kl                      | 0.0014123006 |
|    clip_fraction                  | 0.0342       |
|    clip_range                     | 0.1          |
|    clip_range_vf                  | 0.2          |
|    entropy_loss                   | 31           |
|    explained_variance             | 0.716        |
|    learning_rate                  | 1e-06        |
|    loss                           | 0.373        |
|    n_updates                      | 1950         |
|    policy_gradient_loss           | -0.00257     |
|    std                            | 0.0701       |
|    std_max                        | 0.0715       |
|    std_min                        | 0.0692       |
|    value_loss                     | 0.0785       |
----------------------------------------------------
[QuadrupedWBCEnv] Reset state env_id=0 z=0.278439 rpy=[-0.0144238, 0.0263688, -0.0178968]
----------------------------------------------------
| rollout/                          |              |
|    action_saturation_fraction     | 0            |
|    ep_len_mean                    | 967          |
|    ep_rew_mean                    | 670          |
|    episodes_noforce               | 84           |
|    force_direction_mean           | -1           |
|    force_onset_mean               | 1.39         |
|    force_requested_impulse_mean   | 0            |
|    is_fall_mean                   | 0.0833       |
|    is_timeout_mean                | 0.917        |
|    recovery_noforce               | 0.917        |
|    timeout_without_onset_fraction | 0            |
|    timeouts                       | 77           |
| time/                             |              |
|    fps                            | 7545         |
|    iterations                     | 44           |
|    time_elapsed                   | 764          |
|    total_timesteps                | 5767168      |
| train/                            |              |
|    action_std_00                  | 0.0701       |
|    action_std_01                  | 0.0697       |
|    action_std_02                  | 0.0697       |
|    action_std_03                  | 0.0696       |
|    action_std_04                  | 0.07         |
|    action_std_05                  | 0.0715       |
|    action_std_06                  | 0.0697       |
|    action_std_07                  | 0.0706       |
|    action_std_08                  | 0.0696       |
|    action_std_09                  | 0.0708       |
|    action_std_10                  | 0.0703       |
|    action_std_11                  | 0.071        |
|    action_std_12                  | 0.0697       |
|    action_std_13                  | 0.0713       |
|    action_std_14                  | 0.0705       |
|    action_std_15                  | 0.0698       |
|    action_std_16                  | 0.0697       |
|    action_std_17                  | 0.0699       |
|    action_std_18                  | 0.0696       |
|    action_std_19                  | 0.0701       |
|    action_std_20                  | 0.0697       |
|    action_std_21                  | 0.0703       |
|    action_std_22                  | 0.0693       |
|    action_std_23                  | 0.0692       |
|    action_std_24                  | 0.0712       |
|    approx_kl                      | 0.0013220797 |
|    clip_fraction                  | 0.028        |
|    clip_range                     | 0.1          |
|    clip_range_vf                  | 0.2          |
|    entropy_loss                   | 31           |
|    explained_variance             | 0.849        |
|    learning_rate                  | 1e-06        |
|    loss                           | 0.38         |
|    n_updates                      | 1960         |
|    policy_gradient_loss           | -0.00239     |
|    std                            | 0.0701       |
|    std_max                        | 0.0715       |
|    std_min                        | 0.0692       |
|    value_loss                     | 0.0834       |
----------------------------------------------------
----------------------------------------------------
| rollout/                          |              |
|    action_saturation_fraction     | 0            |
|    ep_len_mean                    | 986          |
|    ep_rew_mean                    | 687          |
|    episodes_noforce               | 177          |
|    force_direction_mean           | -1           |
|    force_onset_mean               | 1.39         |
|    force_requested_impulse_mean   | 0            |
|    is_fall_mean                   | 0.0395       |
|    is_timeout_mean                | 0.96         |
|    recovery_noforce               | 0.96         |
|    timeout_without_onset_fraction | 0            |
|    timeouts                       | 170          |
| time/                             |              |
|    fps                            | 7527         |
|    iterations                     | 45           |
|    time_elapsed                   | 783          |
|    total_timesteps                | 5898240      |
| train/                            |              |
|    action_std_00                  | 0.0701       |
|    action_std_01                  | 0.0698       |
|    action_std_02                  | 0.0697       |
|    action_std_03                  | 0.0696       |
|    action_std_04                  | 0.0701       |
|    action_std_05                  | 0.0715       |
|    action_std_06                  | 0.0697       |
|    action_std_07                  | 0.0706       |
|    action_std_08                  | 0.0697       |
|    action_std_09                  | 0.0708       |
|    action_std_10                  | 0.0703       |
|    action_std_11                  | 0.071        |
|    action_std_12                  | 0.0697       |
|    action_std_13                  | 0.0713       |
|    action_std_14                  | 0.0706       |
|    action_std_15                  | 0.0698       |
|    action_std_16                  | 0.0697       |
|    action_std_17                  | 0.0699       |
|    action_std_18                  | 0.0697       |
|    action_std_19                  | 0.0702       |
|    action_std_20                  | 0.0697       |
|    action_std_21                  | 0.0703       |
|    action_std_22                  | 0.0694       |
|    action_std_23                  | 0.0692       |
|    action_std_24                  | 0.0712       |
|    approx_kl                      | 0.0013076183 |
|    clip_fraction                  | 0.0321       |
|    clip_range                     | 0.1          |
|    clip_range_vf                  | 0.2          |
|    entropy_loss                   | 31           |
|    explained_variance             | 0.858        |
|    learning_rate                  | 1e-06        |
|    loss                           | 0.413        |
|    n_updates                      | 1970         |
|    policy_gradient_loss           | -0.00237     |
|    std                            | 0.0701       |
|    std_max                        | 0.0715       |
|    std_min                        | 0.0692       |
|    value_loss                     | 0.0998       |
----------------------------------------------------
[QuadrupedWBCEnv] Reset state env_id=0 z=0.28506 rpy=[-0.0152169, 0.0265007, -0.018057]
INFO:root:VecNormalize statistics saved at: ./data/v1_ours_stage2/quadruped_ppo_model_ckpt_6000384_vecnormalize.pkl
INFO:root:Model saved at: ./data/v1_ours_stage2/quadruped_ppo_model_ckpt_6000384.zip
INFO:root:Checkpoint written at 6000384 timesteps
----------------------------------------------------
| rollout/                          |              |
|    action_saturation_fraction     | 0            |
|    ep_len_mean                    | 986          |
|    ep_rew_mean                    | 685          |
|    episodes_noforce               | 95           |
|    force_direction_mean           | -1           |
|    force_onset_mean               | 1.41         |
|    force_requested_impulse_mean   | 0            |
|    is_fall_mean                   | 0.0421       |
|    is_timeout_mean                | 0.958        |
|    recovery_noforce               | 0.958        |
|    timeout_without_onset_fraction | 0            |
|    timeouts                       | 91           |
| time/                             |              |
|    fps                            | 7515         |
|    iterations                     | 46           |
|    time_elapsed                   | 802          |
|    total_timesteps                | 6029312      |
| train/                            |              |
|    action_std_00                  | 0.0701       |
|    action_std_01                  | 0.0698       |
|    action_std_02                  | 0.0697       |
|    action_std_03                  | 0.0697       |
|    action_std_04                  | 0.0701       |
|    action_std_05                  | 0.0716       |
|    action_std_06                  | 0.0697       |
|    action_std_07                  | 0.0706       |
|    action_std_08                  | 0.0697       |
|    action_std_09                  | 0.0708       |
|    action_std_10                  | 0.0703       |
|    action_std_11                  | 0.071        |
|    action_std_12                  | 0.0697       |
|    action_std_13                  | 0.0713       |
|    action_std_14                  | 0.0706       |
|    action_std_15                  | 0.0698       |
|    action_std_16                  | 0.0697       |
|    action_std_17                  | 0.0699       |
|    action_std_18                  | 0.0697       |
|    action_std_19                  | 0.0702       |
|    action_std_20                  | 0.0698       |
|    action_std_21                  | 0.0703       |
|    action_std_22                  | 0.0694       |
|    action_std_23                  | 0.0693       |
|    action_std_24                  | 0.0712       |
|    approx_kl                      | 0.0012737158 |
|    clip_fraction                  | 0.0252       |
|    clip_range                     | 0.1          |
|    clip_range_vf                  | 0.2          |
|    entropy_loss                   | 31           |
|    explained_variance             | 0.847        |
|    learning_rate                  | 1e-06        |
|    loss                           | 0.348        |
|    n_updates                      | 1980         |
|    policy_gradient_loss           | -0.00225     |
|    std                            | 0.0702       |
|    std_max                        | 0.0716       |
|    std_min                        | 0.0693       |
|    value_loss                     | 0.0798       |
----------------------------------------------------
----------------------------------------------------
| rollout/                          |              |
|    action_saturation_fraction     | 0            |
|    ep_len_mean                    | 991          |
|    ep_rew_mean                    | 687          |
|    episodes_noforce               | 165          |
|    force_direction_mean           | -1           |
|    force_onset_mean               | 1.4          |
|    force_requested_impulse_mean   | 0            |
|    is_fall_mean                   | 0.0424       |
|    is_timeout_mean                | 0.958        |
|    recovery_noforce               | 0.958        |
|    timeout_without_onset_fraction | 0            |
|    timeouts                       | 158          |
| time/                             |              |
|    fps                            | 7506         |
|    iterations                     | 47           |
|    time_elapsed                   | 820          |
|    total_timesteps                | 6160384      |
| train/                            |              |
|    action_std_00                  | 0.0701       |
|    action_std_01                  | 0.0698       |
|    action_std_02                  | 0.0697       |
|    action_std_03                  | 0.0697       |
|    action_std_04                  | 0.0701       |
|    action_std_05                  | 0.0716       |
|    action_std_06                  | 0.0698       |
|    action_std_07                  | 0.0707       |
|    action_std_08                  | 0.0697       |
|    action_std_09                  | 0.0708       |
|    action_std_10                  | 0.0703       |
|    action_std_11                  | 0.071        |
|    action_std_12                  | 0.0697       |
|    action_std_13                  | 0.0713       |
|    action_std_14                  | 0.0706       |
|    action_std_15                  | 0.0698       |
|    action_std_16                  | 0.0697       |
|    action_std_17                  | 0.0699       |
|    action_std_18                  | 0.0697       |
|    action_std_19                  | 0.0702       |
|    action_std_20                  | 0.0698       |
|    action_std_21                  | 0.0704       |
|    action_std_22                  | 0.0694       |
|    action_std_23                  | 0.0693       |
|    action_std_24                  | 0.0713       |
|    approx_kl                      | 0.0013377347 |
|    clip_fraction                  | 0.0319       |
|    clip_range                     | 0.1          |
|    clip_range_vf                  | 0.2          |
|    entropy_loss                   | 30.9         |
|    explained_variance             | 0.766        |
|    learning_rate                  | 1e-06        |
|    loss                           | 0.367        |
|    n_updates                      | 1990         |
|    policy_gradient_loss           | -0.00235     |
|    std                            | 0.0702       |
|    std_max                        | 0.0716       |
|    std_min                        | 0.0693       |
|    value_loss                     | 0.0868       |
----------------------------------------------------
[QuadrupedWBCEnv] Reset state env_id=0 z=0.29923 rpy=[-0.0128509, 0.0232047, -0.0182926]
----------------------------------------------------
| rollout/                          |              |
|    action_saturation_fraction     | 0            |
|    ep_len_mean                    | 959          |
|    ep_rew_mean                    | 664          |
|    episodes_noforce               | 103          |
|    force_direction_mean           | -1           |
|    force_onset_mean               | 1.4          |
|    force_requested_impulse_mean   | 0            |
|    is_fall_mean                   | 0.0874       |
|    is_timeout_mean                | 0.913        |
|    recovery_noforce               | 0.913        |
|    timeout_without_onset_fraction | 0            |
|    timeouts                       | 94           |
| time/                             |              |
|    fps                            | 7500         |
|    iterations                     | 48           |
|    time_elapsed                   | 838          |
|    total_timesteps                | 6291456      |
| train/                            |              |
|    action_std_00                  | 0.0701       |
|    action_std_01                  | 0.0698       |
|    action_std_02                  | 0.0698       |
|    action_std_03                  | 0.0697       |
|    action_std_04                  | 0.0701       |
|    action_std_05                  | 0.0716       |
|    action_std_06                  | 0.0698       |
|    action_std_07                  | 0.0707       |
|    action_std_08                  | 0.0697       |
|    action_std_09                  | 0.0708       |
|    action_std_10                  | 0.0704       |
|    action_std_11                  | 0.071        |
|    action_std_12                  | 0.0697       |
|    action_std_13                  | 0.0713       |
|    action_std_14                  | 0.0706       |
|    action_std_15                  | 0.0699       |
|    action_std_16                  | 0.0697       |
|    action_std_17                  | 0.0699       |
|    action_std_18                  | 0.0697       |
|    action_std_19                  | 0.0702       |
|    action_std_20                  | 0.0698       |
|    action_std_21                  | 0.0704       |
|    action_std_22                  | 0.0694       |
|    action_std_23                  | 0.0693       |
|    action_std_24                  | 0.0713       |
|    approx_kl                      | 0.0012761485 |
|    clip_fraction                  | 0.0287       |
|    clip_range                     | 0.1          |
|    clip_range_vf                  | 0.2          |
|    entropy_loss                   | 30.9         |
|    explained_variance             | 0.879        |
|    learning_rate                  | 1e-06        |
|    loss                           | 0.4          |
|    n_updates                      | 2000         |
|    policy_gradient_loss           | -0.00239     |
|    std                            | 0.0702       |
|    std_max                        | 0.0716       |
|    std_min                        | 0.0693       |
|    value_loss                     | 0.097        |
----------------------------------------------------
[QuadrupedWBCEnv] unhealthy terminate at step=479 z=0.195712 rpy=[0.574632, 0.406659, 1.45129] v_body=[0.220904, 0.170546, -0.83499]
[QuadrupedWBCEnv] Reset state env_id=0 z=0.308279 rpy=[-0.0137303, 0.0232944, -0.0187634]
----------------------------------------------------
| rollout/                          |              |
|    action_saturation_fraction     | 0            |
|    ep_len_mean                    | 983          |
|    ep_rew_mean                    | 683          |
|    episodes_noforce               | 162          |
|    force_direction_mean           | -1           |
|    force_onset_mean               | 1.39         |
|    force_requested_impulse_mean   | 0            |
|    is_fall_mean                   | 0.0494       |
|    is_timeout_mean                | 0.951        |
|    recovery_noforce               | 0.951        |
|    timeout_without_onset_fraction | 0            |
|    timeouts                       | 154          |
| time/                             |              |
|    fps                            | 7491         |
|    iterations                     | 49           |
|    time_elapsed                   | 857          |
|    total_timesteps                | 6422528      |
| train/                            |              |
|    action_std_00                  | 0.0702       |
|    action_std_01                  | 0.0698       |
|    action_std_02                  | 0.0698       |
|    action_std_03                  | 0.0697       |
|    action_std_04                  | 0.0701       |
|    action_std_05                  | 0.0716       |
|    action_std_06                  | 0.0698       |
|    action_std_07                  | 0.0707       |
|    action_std_08                  | 0.0697       |
|    action_std_09                  | 0.0709       |
|    action_std_10                  | 0.0704       |
|    action_std_11                  | 0.0711       |
|    action_std_12                  | 0.0698       |
|    action_std_13                  | 0.0713       |
|    action_std_14                  | 0.0706       |
|    action_std_15                  | 0.0699       |
|    action_std_16                  | 0.0697       |
|    action_std_17                  | 0.07         |
|    action_std_18                  | 0.0697       |
|    action_std_19                  | 0.0703       |
|    action_std_20                  | 0.0698       |
|    action_std_21                  | 0.0704       |
|    action_std_22                  | 0.0694       |
|    action_std_23                  | 0.0693       |
|    action_std_24                  | 0.0713       |
|    approx_kl                      | 0.0013609548 |
|    clip_fraction                  | 0.0338       |
|    clip_range                     | 0.1          |
|    clip_range_vf                  | 0.2          |
|    entropy_loss                   | 30.9         |
|    explained_variance             | 0.886        |
|    learning_rate                  | 1e-06        |
|    loss                           | 0.388        |
|    n_updates                      | 2010         |
|    policy_gradient_loss           | -0.0026      |
|    std                            | 0.0702       |
|    std_max                        | 0.0716       |
|    std_min                        | 0.0693       |
|    value_loss                     | 0.0858       |
----------------------------------------------------
----------------------------------------------------
| rollout/                          |              |
|    action_saturation_fraction     | 0            |
|    ep_len_mean                    | 973          |
|    ep_rew_mean                    | 675          |
|    episodes_noforce               | 104          |
|    force_direction_mean           | -1           |
|    force_onset_mean               | 1.41         |
|    force_requested_impulse_mean   | 0            |
|    is_fall_mean                   | 0.0673       |
|    is_timeout_mean                | 0.933        |
|    recovery_noforce               | 0.933        |
|    timeout_without_onset_fraction | 0            |
|    timeouts                       | 97           |
| time/                             |              |
|    fps                            | 7487         |
|    iterations                     | 50           |
|    time_elapsed                   | 875          |
|    total_timesteps                | 6553600      |
| train/                            |              |
|    action_std_00                  | 0.0702       |
|    action_std_01                  | 0.0698       |
|    action_std_02                  | 0.0698       |
|    action_std_03                  | 0.0698       |
|    action_std_04                  | 0.0702       |
|    action_std_05                  | 0.0716       |
|    action_std_06                  | 0.0698       |
|    action_std_07                  | 0.0707       |
|    action_std_08                  | 0.0697       |
|    action_std_09                  | 0.0709       |
|    action_std_10                  | 0.0704       |
|    action_std_11                  | 0.0711       |
|    action_std_12                  | 0.0698       |
|    action_std_13                  | 0.0714       |
|    action_std_14                  | 0.0706       |
|    action_std_15                  | 0.0699       |
|    action_std_16                  | 0.0698       |
|    action_std_17                  | 0.07         |
|    action_std_18                  | 0.0697       |
|    action_std_19                  | 0.0703       |
|    action_std_20                  | 0.0698       |
|    action_std_21                  | 0.0704       |
|    action_std_22                  | 0.0695       |
|    action_std_23                  | 0.0693       |
|    action_std_24                  | 0.0713       |
|    approx_kl                      | 0.0013084107 |
|    clip_fraction                  | 0.0283       |
|    clip_range                     | 0.1          |
|    clip_range_vf                  | 0.2          |
|    entropy_loss                   | 30.9         |
|    explained_variance             | 0.877        |
|    learning_rate                  | 1e-06        |
|    loss                           | 0.365        |
|    n_updates                      | 2020         |
|    policy_gradient_loss           | -0.00222     |
|    std                            | 0.0702       |
|    std_max                        | 0.0716       |
|    std_min                        | 0.0693       |
|    value_loss                     | 0.0911       |
----------------------------------------------------
[QuadrupedWBCEnv] Reset state env_id=0 z=0.324378 rpy=[-0.0152956, 0.0219762, -0.0185642]
----------------------------------------------------
| rollout/                          |              |
|    action_saturation_fraction     | 0            |
|    ep_len_mean                    | 986          |
|    ep_rew_mean                    | 686          |
|    episodes_noforce               | 164          |
|    force_direction_mean           | -1           |
|    force_onset_mean               | 1.4          |
|    force_requested_impulse_mean   | 0            |
|    is_fall_mean                   | 0.0488       |
|    is_timeout_mean                | 0.951        |
|    recovery_noforce               | 0.951        |
|    timeout_without_onset_fraction | 0            |
|    timeouts                       | 156          |
| time/                             |              |
|    fps                            | 7477         |
|    iterations                     | 51           |
|    time_elapsed                   | 893          |
|    total_timesteps                | 6684672      |
| train/                            |              |
|    action_std_00                  | 0.0702       |
|    action_std_01                  | 0.0699       |
|    action_std_02                  | 0.0698       |
|    action_std_03                  | 0.0698       |
|    action_std_04                  | 0.0702       |
|    action_std_05                  | 0.0717       |
|    action_std_06                  | 0.0698       |
|    action_std_07                  | 0.0707       |
|    action_std_08                  | 0.0698       |
|    action_std_09                  | 0.0709       |
|    action_std_10                  | 0.0704       |
|    action_std_11                  | 0.0711       |
|    action_std_12                  | 0.0698       |
|    action_std_13                  | 0.0714       |
|    action_std_14                  | 0.0707       |
|    action_std_15                  | 0.0699       |
|    action_std_16                  | 0.0698       |
|    action_std_17                  | 0.07         |
|    action_std_18                  | 0.0698       |
|    action_std_19                  | 0.0703       |
|    action_std_20                  | 0.0699       |
|    action_std_21                  | 0.0704       |
|    action_std_22                  | 0.0695       |
|    action_std_23                  | 0.0694       |
|    action_std_24                  | 0.0714       |
|    approx_kl                      | 0.0012044848 |
|    clip_fraction                  | 0.0239       |
|    clip_range                     | 0.1          |
|    clip_range_vf                  | 0.2          |
|    entropy_loss                   | 30.9         |
|    explained_variance             | 0.865        |
|    learning_rate                  | 1e-06        |
|    loss                           | 0.424        |
|    n_updates                      | 2030         |
|    policy_gradient_loss           | -0.00221     |
|    std                            | 0.0702       |
|    std_max                        | 0.0717       |
|    std_min                        | 0.0694       |
|    value_loss                     | 0.0882       |
----------------------------------------------------
----------------------------------------------------
| rollout/                          |              |
|    action_saturation_fraction     | 0            |
|    ep_len_mean                    | 957          |
|    ep_rew_mean                    | 662          |
|    episodes_noforce               | 103          |
|    force_direction_mean           | -1           |
|    force_onset_mean               | 1.39         |
|    force_requested_impulse_mean   | 0            |
|    is_fall_mean                   | 0.107        |
|    is_timeout_mean                | 0.893        |
|    recovery_noforce               | 0.893        |
|    timeout_without_onset_fraction | 0            |
|    timeouts                       | 92           |
| time/                             |              |
|    fps                            | 7466         |
|    iterations                     | 52           |
|    time_elapsed                   | 912          |
|    total_timesteps                | 6815744      |
| train/                            |              |
|    action_std_00                  | 0.0702       |
|    action_std_01                  | 0.0699       |
|    action_std_02                  | 0.0698       |
|    action_std_03                  | 0.0698       |
|    action_std_04                  | 0.0702       |
|    action_std_05                  | 0.0717       |
|    action_std_06                  | 0.0699       |
|    action_std_07                  | 0.0708       |
|    action_std_08                  | 0.0698       |
|    action_std_09                  | 0.0709       |
|    action_std_10                  | 0.0704       |
|    action_std_11                  | 0.0711       |
|    action_std_12                  | 0.0698       |
|    action_std_13                  | 0.0714       |
|    action_std_14                  | 0.0707       |
|    action_std_15                  | 0.0699       |
|    action_std_16                  | 0.0698       |
|    action_std_17                  | 0.07         |
|    action_std_18                  | 0.0698       |
|    action_std_19                  | 0.0703       |
|    action_std_20                  | 0.0699       |
|    action_std_21                  | 0.0704       |
|    action_std_22                  | 0.0695       |
|    action_std_23                  | 0.0694       |
|    action_std_24                  | 0.0714       |
|    approx_kl                      | 0.0013126094 |
|    clip_fraction                  | 0.0273       |
|    clip_range                     | 0.1          |
|    clip_range_vf                  | 0.2          |
|    entropy_loss                   | 30.9         |
|    explained_variance             | 0.832        |
|    learning_rate                  | 1e-06        |
|    loss                           | 0.505        |
|    n_updates                      | 2040         |
|    policy_gradient_loss           | -0.00221     |
|    std                            | 0.0703       |
|    std_max                        | 0.0717       |
|    std_min                        | 0.0694       |
|    value_loss                     | 0.111        |
----------------------------------------------------
[QuadrupedWBCEnv] Reset state env_id=0 z=0.322925 rpy=[-0.0141873, 0.0220162, -0.0185044]
----------------------------------------------------
| rollout/                          |              |
|    action_saturation_fraction     | 0            |
|    ep_len_mean                    | 999          |
|    ep_rew_mean                    | 695          |
|    episodes_noforce               | 157          |
|    force_direction_mean           | -1           |
|    force_onset_mean               | 1.4          |
|    force_requested_impulse_mean   | 0            |
|    is_fall_mean                   | 0.00637      |
|    is_timeout_mean                | 0.994        |
|    recovery_noforce               | 0.994        |
|    timeout_without_onset_fraction | 0            |
|    timeouts                       | 156          |
| time/                             |              |
|    fps                            | 7460         |
|    iterations                     | 53           |
|    time_elapsed                   | 931          |
|    total_timesteps                | 6946816      |
| train/                            |              |
|    action_std_00                  | 0.0702       |
|    action_std_01                  | 0.0699       |
|    action_std_02                  | 0.0698       |
|    action_std_03                  | 0.0698       |
|    action_std_04                  | 0.0702       |
|    action_std_05                  | 0.0717       |
|    action_std_06                  | 0.0699       |
|    action_std_07                  | 0.0708       |
|    action_std_08                  | 0.0698       |
|    action_std_09                  | 0.0709       |
|    action_std_10                  | 0.0705       |
|    action_std_11                  | 0.0711       |
|    action_std_12                  | 0.0698       |
|    action_std_13                  | 0.0714       |
|    action_std_14                  | 0.0707       |
|    action_std_15                  | 0.07         |
|    action_std_16                  | 0.0698       |
|    action_std_17                  | 0.07         |
|    action_std_18                  | 0.0698       |
|    action_std_19                  | 0.0703       |
|    action_std_20                  | 0.0699       |
|    action_std_21                  | 0.0704       |
|    action_std_22                  | 0.0695       |
|    action_std_23                  | 0.0694       |
|    action_std_24                  | 0.0714       |
|    approx_kl                      | 0.0013133346 |
|    clip_fraction                  | 0.0292       |
|    clip_range                     | 0.1          |
|    clip_range_vf                  | 0.2          |
|    entropy_loss                   | 30.9         |
|    explained_variance             | 0.864        |
|    learning_rate                  | 1e-06        |
|    loss                           | 0.438        |
|    n_updates                      | 2050         |
|    policy_gradient_loss           | -0.00246     |
|    std                            | 0.0703       |
|    std_max                        | 0.0717       |
|    std_min                        | 0.0694       |
|    value_loss                     | 0.104        |
----------------------------------------------------
[QuadrupedWBCEnv] Reset state env_id=0 z=0.320658 rpy=[-0.0128649, 0.0222519, -0.0186985]
----------------------------------------------------
| rollout/                          |              |
|    action_saturation_fraction     | 0            |
|    ep_len_mean                    | 960          |
|    ep_rew_mean                    | 668          |
|    episodes_noforce               | 111          |
|    force_direction_mean           | -1           |
|    force_onset_mean               | 1.39         |
|    force_requested_impulse_mean   | 0            |
|    is_fall_mean                   | 0.0901       |
|    is_timeout_mean                | 0.91         |
|    recovery_noforce               | 0.91         |
|    timeout_without_onset_fraction | 0            |
|    timeouts                       | 101          |
| time/                             |              |
|    fps                            | 7457         |
|    iterations                     | 54           |
|    time_elapsed                   | 949          |
|    total_timesteps                | 7077888      |
| train/                            |              |
|    action_std_00                  | 0.0702       |
|    action_std_01                  | 0.0699       |
|    action_std_02                  | 0.0699       |
|    action_std_03                  | 0.0698       |
|    action_std_04                  | 0.0702       |
|    action_std_05                  | 0.0717       |
|    action_std_06                  | 0.0699       |
|    action_std_07                  | 0.0708       |
|    action_std_08                  | 0.0698       |
|    action_std_09                  | 0.0709       |
|    action_std_10                  | 0.0705       |
|    action_std_11                  | 0.0711       |
|    action_std_12                  | 0.0698       |
|    action_std_13                  | 0.0714       |
|    action_std_14                  | 0.0707       |
|    action_std_15                  | 0.07         |
|    action_std_16                  | 0.0698       |
|    action_std_17                  | 0.07         |
|    action_std_18                  | 0.0698       |
|    action_std_19                  | 0.0703       |
|    action_std_20                  | 0.0699       |
|    action_std_21                  | 0.0704       |
|    action_std_22                  | 0.0695       |
|    action_std_23                  | 0.0694       |
|    action_std_24                  | 0.0714       |
|    approx_kl                      | 0.0012580433 |
|    clip_fraction                  | 0.0268       |
|    clip_range                     | 0.1          |
|    clip_range_vf                  | 0.2          |
|    entropy_loss                   | 30.9         |
|    explained_variance             | 0.849        |
|    learning_rate                  | 1e-06        |
|    loss                           | 0.356        |
|    n_updates                      | 2060         |
|    policy_gradient_loss           | -0.00219     |
|    std                            | 0.0703       |
|    std_max                        | 0.0717       |
|    std_min                        | 0.0694       |
|    value_loss                     | 0.0489       |
----------------------------------------------------
----------------------------------------------------
| rollout/                          |              |
|    action_saturation_fraction     | 0            |
|    ep_len_mean                    | 986          |
|    ep_rew_mean                    | 684          |
|    episodes_noforce               | 158          |
|    force_direction_mean           | -1           |
|    force_onset_mean               | 1.39         |
|    force_requested_impulse_mean   | 0            |
|    is_fall_mean                   | 0.0506       |
|    is_timeout_mean                | 0.949        |
|    recovery_noforce               | 0.949        |
|    timeout_without_onset_fraction | 0            |
|    timeouts                       | 150          |
| time/                             |              |
|    fps                            | 7451         |
|    iterations                     | 55           |
|    time_elapsed                   | 967          |
|    total_timesteps                | 7208960      |
| train/                            |              |
|    action_std_00                  | 0.0703       |
|    action_std_01                  | 0.07         |
|    action_std_02                  | 0.0699       |
|    action_std_03                  | 0.0699       |
|    action_std_04                  | 0.0702       |
|    action_std_05                  | 0.0717       |
|    action_std_06                  | 0.0699       |
|    action_std_07                  | 0.0708       |
|    action_std_08                  | 0.0698       |
|    action_std_09                  | 0.0709       |
|    action_std_10                  | 0.0705       |
|    action_std_11                  | 0.0711       |
|    action_std_12                  | 0.0699       |
|    action_std_13                  | 0.0714       |
|    action_std_14                  | 0.0707       |
|    action_std_15                  | 0.07         |
|    action_std_16                  | 0.0699       |
|    action_std_17                  | 0.0701       |
|    action_std_18                  | 0.0698       |
|    action_std_19                  | 0.0704       |
|    action_std_20                  | 0.0699       |
|    action_std_21                  | 0.0705       |
|    action_std_22                  | 0.0696       |
|    action_std_23                  | 0.0694       |
|    action_std_24                  | 0.0715       |
|    approx_kl                      | 0.0013624369 |
|    clip_fraction                  | 0.0315       |
|    clip_range                     | 0.1          |
|    clip_range_vf                  | 0.2          |
|    entropy_loss                   | 30.9         |
|    explained_variance             | 0.854        |
|    learning_rate                  | 1e-06        |
|    loss                           | 0.393        |
|    n_updates                      | 2070         |
|    policy_gradient_loss           | -0.00253     |
|    std                            | 0.0703       |
|    std_max                        | 0.0717       |
|    std_min                        | 0.0694       |
|    value_loss                     | 0.112        |
----------------------------------------------------
[QuadrupedWBCEnv] Reset state env_id=0 z=0.294783 rpy=[-0.0106837, 0.0243914, -0.0185949]
---------------------------------------------------
| rollout/                          |             |
|    action_saturation_fraction     | 0           |
|    ep_len_mean                    | 988         |
|    ep_rew_mean                    | 691         |
|    episodes_noforce               | 110         |
|    force_direction_mean           | -1          |
|    force_onset_mean               | 1.39        |
|    force_requested_impulse_mean   | 0           |
|    is_fall_mean                   | 0.0545      |
|    is_timeout_mean                | 0.945       |
|    recovery_noforce               | 0.945       |
|    timeout_without_onset_fraction | 0           |
|    timeouts                       | 104         |
| time/                             |             |
|    fps                            | 7448        |
|    iterations                     | 56          |
|    time_elapsed                   | 985         |
|    total_timesteps                | 7340032     |
| train/                            |             |
|    action_std_00                  | 0.0703      |
|    action_std_01                  | 0.07        |
|    action_std_02                  | 0.0699      |
|    action_std_03                  | 0.0699      |
|    action_std_04                  | 0.0703      |
|    action_std_05                  | 0.0718      |
|    action_std_06                  | 0.0699      |
|    action_std_07                  | 0.0708      |
|    action_std_08                  | 0.0698      |
|    action_std_09                  | 0.071       |
|    action_std_10                  | 0.0705      |
|    action_std_11                  | 0.0711      |
|    action_std_12                  | 0.0699      |
|    action_std_13                  | 0.0714      |
|    action_std_14                  | 0.0707      |
|    action_std_15                  | 0.07        |
|    action_std_16                  | 0.0699      |
|    action_std_17                  | 0.0701      |
|    action_std_18                  | 0.0698      |
|    action_std_19                  | 0.0704      |
|    action_std_20                  | 0.0699      |
|    action_std_21                  | 0.0705      |
|    action_std_22                  | 0.0696      |
|    action_std_23                  | 0.0694      |
|    action_std_24                  | 0.0715      |
|    approx_kl                      | 0.001314674 |
|    clip_fraction                  | 0.0288      |
|    clip_range                     | 0.1         |
|    clip_range_vf                  | 0.2         |
|    entropy_loss                   | 30.9        |
|    explained_variance             | 0.9         |
|    learning_rate                  | 1e-06       |
|    loss                           | 0.372       |
|    n_updates                      | 2080        |
|    policy_gradient_loss           | -0.00244    |
|    std                            | 0.0703      |
|    std_max                        | 0.0718      |
|    std_min                        | 0.0694      |
|    value_loss                     | 0.0884      |
---------------------------------------------------
---------------------------------------------------
| rollout/                          |             |
|    action_saturation_fraction     | 0           |
|    ep_len_mean                    | 989         |
|    ep_rew_mean                    | 688         |
|    episodes_noforce               | 156         |
|    force_direction_mean           | -1          |
|    force_onset_mean               | 1.38        |
|    force_requested_impulse_mean   | 0           |
|    is_fall_mean                   | 0.0128      |
|    is_timeout_mean                | 0.987       |
|    recovery_noforce               | 0.987       |
|    timeout_without_onset_fraction | 0           |
|    timeouts                       | 154         |
| time/                             |             |
|    fps                            | 7440        |
|    iterations                     | 57          |
|    time_elapsed                   | 1004        |
|    total_timesteps                | 7471104     |
| train/                            |             |
|    action_std_00                  | 0.0703      |
|    action_std_01                  | 0.07        |
|    action_std_02                  | 0.0699      |
|    action_std_03                  | 0.0699      |
|    action_std_04                  | 0.0703      |
|    action_std_05                  | 0.0718      |
|    action_std_06                  | 0.0699      |
|    action_std_07                  | 0.0709      |
|    action_std_08                  | 0.0699      |
|    action_std_09                  | 0.071       |
|    action_std_10                  | 0.0706      |
|    action_std_11                  | 0.0712      |
|    action_std_12                  | 0.0699      |
|    action_std_13                  | 0.0714      |
|    action_std_14                  | 0.0708      |
|    action_std_15                  | 0.07        |
|    action_std_16                  | 0.0699      |
|    action_std_17                  | 0.0701      |
|    action_std_18                  | 0.0699      |
|    action_std_19                  | 0.0704      |
|    action_std_20                  | 0.0699      |
|    action_std_21                  | 0.0705      |
|    action_std_22                  | 0.0696      |
|    action_std_23                  | 0.0695      |
|    action_std_24                  | 0.0715      |
|    approx_kl                      | 0.001223152 |
|    clip_fraction                  | 0.0251      |
|    clip_range                     | 0.1         |
|    clip_range_vf                  | 0.2         |
|    entropy_loss                   | 30.9        |
|    explained_variance             | 0.845       |
|    learning_rate                  | 1e-06       |
|    loss                           | 0.357       |
|    n_updates                      | 2090        |
|    policy_gradient_loss           | -0.00228    |
|    std                            | 0.0704      |
|    std_max                        | 0.0718      |
|    std_min                        | 0.0695      |
|    value_loss                     | 0.0695      |
---------------------------------------------------
[QuadrupedWBCEnv] Reset state env_id=0 z=0.32701 rpy=[-0.013686, 0.0222075, -0.0188346]
----------------------------------------------------
| rollout/                          |              |
|    action_saturation_fraction     | 0            |
|    ep_len_mean                    | 969          |
|    ep_rew_mean                    | 672          |
|    episodes_noforce               | 111          |
|    force_direction_mean           | -1           |
|    force_onset_mean               | 1.4          |
|    force_requested_impulse_mean   | 0            |
|    is_fall_mean                   | 0.0901       |
|    is_timeout_mean                | 0.91         |
|    recovery_noforce               | 0.91         |
|    timeout_without_onset_fraction | 0            |
|    timeouts                       | 101          |
| time/                             |              |
|    fps                            | 7433         |
|    iterations                     | 58           |
|    time_elapsed                   | 1022         |
|    total_timesteps                | 7602176      |
| train/                            |              |
|    action_std_00                  | 0.0703       |
|    action_std_01                  | 0.07         |
|    action_std_02                  | 0.0699       |
|    action_std_03                  | 0.0699       |
|    action_std_04                  | 0.0703       |
|    action_std_05                  | 0.0718       |
|    action_std_06                  | 0.07         |
|    action_std_07                  | 0.0709       |
|    action_std_08                  | 0.0699       |
|    action_std_09                  | 0.071        |
|    action_std_10                  | 0.0706       |
|    action_std_11                  | 0.0712       |
|    action_std_12                  | 0.0699       |
|    action_std_13                  | 0.0715       |
|    action_std_14                  | 0.0708       |
|    action_std_15                  | 0.07         |
|    action_std_16                  | 0.0699       |
|    action_std_17                  | 0.0701       |
|    action_std_18                  | 0.0699       |
|    action_std_19                  | 0.0704       |
|    action_std_20                  | 0.0699       |
|    action_std_21                  | 0.0705       |
|    action_std_22                  | 0.0696       |
|    action_std_23                  | 0.0695       |
|    action_std_24                  | 0.0715       |
|    approx_kl                      | 0.0013046244 |
|    clip_fraction                  | 0.0298       |
|    clip_range                     | 0.1          |
|    clip_range_vf                  | 0.2          |
|    entropy_loss                   | 30.9         |
|    explained_variance             | 0.783        |
|    learning_rate                  | 1e-06        |
|    loss                           | 0.341        |
|    n_updates                      | 2100         |
|    policy_gradient_loss           | -0.00241     |
|    std                            | 0.0704       |
|    std_max                        | 0.0718       |
|    std_min                        | 0.0695       |
|    value_loss                     | 0.0565       |
----------------------------------------------------
----------------------------------------------------
| rollout/                          |              |
|    action_saturation_fraction     | 0            |
|    ep_len_mean                    | 981          |
|    ep_rew_mean                    | 684          |
|    episodes_noforce               | 152          |
|    force_direction_mean           | -1           |
|    force_onset_mean               | 1.4          |
|    force_requested_impulse_mean   | 0            |
|    is_fall_mean                   | 0.0461       |
|    is_timeout_mean                | 0.954        |
|    recovery_noforce               | 0.954        |
|    timeout_without_onset_fraction | 0            |
|    timeouts                       | 145          |
| time/                             |              |
|    fps                            | 7428         |
|    iterations                     | 59           |
|    time_elapsed                   | 1041         |
|    total_timesteps                | 7733248      |
| train/                            |              |
|    action_std_00                  | 0.0703       |
|    action_std_01                  | 0.07         |
|    action_std_02                  | 0.07         |
|    action_std_03                  | 0.0699       |
|    action_std_04                  | 0.0703       |
|    action_std_05                  | 0.0719       |
|    action_std_06                  | 0.07         |
|    action_std_07                  | 0.0709       |
|    action_std_08                  | 0.0699       |
|    action_std_09                  | 0.071        |
|    action_std_10                  | 0.0706       |
|    action_std_11                  | 0.0712       |
|    action_std_12                  | 0.0699       |
|    action_std_13                  | 0.0715       |
|    action_std_14                  | 0.0708       |
|    action_std_15                  | 0.07         |
|    action_std_16                  | 0.0699       |
|    action_std_17                  | 0.0701       |
|    action_std_18                  | 0.0699       |
|    action_std_19                  | 0.0704       |
|    action_std_20                  | 0.07         |
|    action_std_21                  | 0.0705       |
|    action_std_22                  | 0.0696       |
|    action_std_23                  | 0.0695       |
|    action_std_24                  | 0.0715       |
|    approx_kl                      | 0.0013028653 |
|    clip_fraction                  | 0.0298       |
|    clip_range                     | 0.1          |
|    clip_range_vf                  | 0.2          |
|    entropy_loss                   | 30.9         |
|    explained_variance             | 0.873        |
|    learning_rate                  | 1e-06        |
|    loss                           | 0.51         |
|    n_updates                      | 2110         |
|    policy_gradient_loss           | -0.00246     |
|    std                            | 0.0704       |
|    std_max                        | 0.0719       |
|    std_min                        | 0.0695       |
|    value_loss                     | 0.109        |
----------------------------------------------------
[QuadrupedWBCEnv] Reset state env_id=0 z=0.287583 rpy=[-0.0121323, 0.0243926, -0.0182831]
----------------------------------------------------
| rollout/                          |              |
|    action_saturation_fraction     | 0            |
|    ep_len_mean                    | 995          |
|    ep_rew_mean                    | 693          |
|    episodes_noforce               | 113          |
|    force_direction_mean           | -1           |
|    force_onset_mean               | 1.39         |
|    force_requested_impulse_mean   | 0            |
|    is_fall_mean                   | 0.0354       |
|    is_timeout_mean                | 0.965        |
|    recovery_noforce               | 0.965        |
|    timeout_without_onset_fraction | 0            |
|    timeouts                       | 109          |
| time/                             |              |
|    fps                            | 7424         |
|    iterations                     | 60           |
|    time_elapsed                   | 1059         |
|    total_timesteps                | 7864320      |
| train/                            |              |
|    action_std_00                  | 0.0704       |
|    action_std_01                  | 0.0701       |
|    action_std_02                  | 0.07         |
|    action_std_03                  | 0.0699       |
|    action_std_04                  | 0.0703       |
|    action_std_05                  | 0.0719       |
|    action_std_06                  | 0.07         |
|    action_std_07                  | 0.0709       |
|    action_std_08                  | 0.0699       |
|    action_std_09                  | 0.071        |
|    action_std_10                  | 0.0706       |
|    action_std_11                  | 0.0712       |
|    action_std_12                  | 0.07         |
|    action_std_13                  | 0.0715       |
|    action_std_14                  | 0.0708       |
|    action_std_15                  | 0.0701       |
|    action_std_16                  | 0.07         |
|    action_std_17                  | 0.0701       |
|    action_std_18                  | 0.0699       |
|    action_std_19                  | 0.0705       |
|    action_std_20                  | 0.07         |
|    action_std_21                  | 0.0706       |
|    action_std_22                  | 0.0696       |
|    action_std_23                  | 0.0695       |
|    action_std_24                  | 0.0716       |
|    approx_kl                      | 0.0013449113 |
|    clip_fraction                  | 0.0302       |
|    clip_range                     | 0.1          |
|    clip_range_vf                  | 0.2          |
|    entropy_loss                   | 30.9         |
|    explained_variance             | 0.847        |
|    learning_rate                  | 1e-06        |
|    loss                           | 0.352        |
|    n_updates                      | 2120         |
|    policy_gradient_loss           | -0.00233     |
|    std                            | 0.0704       |
|    std_max                        | 0.0719       |
|    std_min                        | 0.0695       |
|    value_loss                     | 0.088        |
----------------------------------------------------
----------------------------------------------------
| rollout/                          |              |
|    action_saturation_fraction     | 0            |
|    ep_len_mean                    | 986          |
|    ep_rew_mean                    | 689          |
|    episodes_noforce               | 149          |
|    force_direction_mean           | -1           |
|    force_onset_mean               | 1.41         |
|    force_requested_impulse_mean   | 0            |
|    is_fall_mean                   | 0.0403       |
|    is_timeout_mean                | 0.96         |
|    recovery_noforce               | 0.96         |
|    timeout_without_onset_fraction | 0            |
|    timeouts                       | 143          |
| time/                             |              |
|    fps                            | 7420         |
|    iterations                     | 61           |
|    time_elapsed                   | 1077         |
|    total_timesteps                | 7995392      |
| train/                            |              |
|    action_std_00                  | 0.0704       |
|    action_std_01                  | 0.0701       |
|    action_std_02                  | 0.07         |
|    action_std_03                  | 0.0699       |
|    action_std_04                  | 0.0704       |
|    action_std_05                  | 0.0719       |
|    action_std_06                  | 0.07         |
|    action_std_07                  | 0.0709       |
|    action_std_08                  | 0.0699       |
|    action_std_09                  | 0.0711       |
|    action_std_10                  | 0.0706       |
|    action_std_11                  | 0.0712       |
|    action_std_12                  | 0.07         |
|    action_std_13                  | 0.0715       |
|    action_std_14                  | 0.0708       |
|    action_std_15                  | 0.0701       |
|    action_std_16                  | 0.07         |
|    action_std_17                  | 0.0702       |
|    action_std_18                  | 0.0699       |
|    action_std_19                  | 0.0705       |
|    action_std_20                  | 0.07         |
|    action_std_21                  | 0.0706       |
|    action_std_22                  | 0.0696       |
|    action_std_23                  | 0.0695       |
|    action_std_24                  | 0.0716       |
|    approx_kl                      | 0.0013169416 |
|    clip_fraction                  | 0.031        |
|    clip_range                     | 0.1          |
|    clip_range_vf                  | 0.2          |
|    entropy_loss                   | 30.9         |
|    explained_variance             | 0.868        |
|    learning_rate                  | 1e-06        |
|    loss                           | 0.38         |
|    n_updates                      | 2130         |
|    policy_gradient_loss           | -0.00255     |
|    std                            | 0.0704       |
|    std_max                        | 0.0719       |
|    std_min                        | 0.0695       |
|    value_loss                     | 0.0659       |
----------------------------------------------------
INFO:root:VecNormalize statistics saved at: ./data/v1_ours_stage2/quadruped_ppo_model_ckpt_8000512_vecnormalize.pkl
INFO:root:Model saved at: ./data/v1_ours_stage2/quadruped_ppo_model_ckpt_8000512.zip
INFO:root:Checkpoint written at 8000512 timesteps
[QuadrupedWBCEnv] Reset state env_id=0 z=0.272999 rpy=[-0.0108749, 0.0260938, -0.0181171]
---------------------------------------------------
| rollout/                          |             |
|    action_saturation_fraction     | 0           |
|    ep_len_mean                    | 976         |
|    ep_rew_mean                    | 682         |
|    episodes_noforce               | 123         |
|    force_direction_mean           | -1          |
|    force_onset_mean               | 1.41        |
|    force_requested_impulse_mean   | 0           |
|    is_fall_mean                   | 0.0732      |
|    is_timeout_mean                | 0.927       |
|    recovery_noforce               | 0.927       |
|    timeout_without_onset_fraction | 0           |
|    timeouts                       | 114         |
| time/                             |             |
|    fps                            | 7416        |
|    iterations                     | 62          |
|    time_elapsed                   | 1095        |
|    total_timesteps                | 8126464     |
| train/                            |             |
|    action_std_00                  | 0.0704      |
|    action_std_01                  | 0.0701      |
|    action_std_02                  | 0.07        |
|    action_std_03                  | 0.07        |
|    action_std_04                  | 0.0704      |
|    action_std_05                  | 0.0719      |
|    action_std_06                  | 0.07        |
|    action_std_07                  | 0.0709      |
|    action_std_08                  | 0.07        |
|    action_std_09                  | 0.0711      |
|    action_std_10                  | 0.0707      |
|    action_std_11                  | 0.0713      |
|    action_std_12                  | 0.07        |
|    action_std_13                  | 0.0715      |
|    action_std_14                  | 0.0709      |
|    action_std_15                  | 0.0701      |
|    action_std_16                  | 0.07        |
|    action_std_17                  | 0.0702      |
|    action_std_18                  | 0.0699      |
|    action_std_19                  | 0.0705      |
|    action_std_20                  | 0.07        |
|    action_std_21                  | 0.0706      |
|    action_std_22                  | 0.0697      |
|    action_std_23                  | 0.0696      |
|    action_std_24                  | 0.0716      |
|    approx_kl                      | 0.001283058 |
|    clip_fraction                  | 0.0268      |
|    clip_range                     | 0.1         |
|    clip_range_vf                  | 0.2         |
|    entropy_loss                   | 30.9        |
|    explained_variance             | 0.871       |
|    learning_rate                  | 1e-06       |
|    loss                           | 0.381       |
|    n_updates                      | 2140        |
|    policy_gradient_loss           | -0.00231    |
|    std                            | 0.0704      |
|    std_max                        | 0.0719      |
|    std_min                        | 0.0696      |
|    value_loss                     | 0.0892      |
---------------------------------------------------
----------------------------------------------------
| rollout/                          |              |
|    action_saturation_fraction     | 0            |
|    ep_len_mean                    | 997          |
|    ep_rew_mean                    | 695          |
|    episodes_noforce               | 141          |
|    force_direction_mean           | -1           |
|    force_onset_mean               | 1.38         |
|    force_requested_impulse_mean   | 0            |
|    is_fall_mean                   | 0.0496       |
|    is_timeout_mean                | 0.95         |
|    recovery_noforce               | 0.95         |
|    timeout_without_onset_fraction | 0            |
|    timeouts                       | 134          |
| time/                             |              |
|    fps                            | 7411         |
|    iterations                     | 63           |
|    time_elapsed                   | 1114         |
|    total_timesteps                | 8257536      |
| train/                            |              |
|    action_std_00                  | 0.0704       |
|    action_std_01                  | 0.0701       |
|    action_std_02                  | 0.07         |
|    action_std_03                  | 0.07         |
|    action_std_04                  | 0.0704       |
|    action_std_05                  | 0.0719       |
|    action_std_06                  | 0.0701       |
|    action_std_07                  | 0.071        |
|    action_std_08                  | 0.07         |
|    action_std_09                  | 0.0711       |
|    action_std_10                  | 0.0707       |
|    action_std_11                  | 0.0713       |
|    action_std_12                  | 0.07         |
|    action_std_13                  | 0.0715       |
|    action_std_14                  | 0.0709       |
|    action_std_15                  | 0.0701       |
|    action_std_16                  | 0.07         |
|    action_std_17                  | 0.0702       |
|    action_std_18                  | 0.0699       |
|    action_std_19                  | 0.0705       |
|    action_std_20                  | 0.07         |
|    action_std_21                  | 0.0706       |
|    action_std_22                  | 0.0697       |
|    action_std_23                  | 0.0696       |
|    action_std_24                  | 0.0716       |
|    approx_kl                      | 0.0013051382 |
|    clip_fraction                  | 0.0275       |
|    clip_range                     | 0.1          |
|    clip_range_vf                  | 0.2          |
|    entropy_loss                   | 30.8         |
|    explained_variance             | 0.864        |
|    learning_rate                  | 1e-06        |
|    loss                           | 0.409        |
|    n_updates                      | 2150         |
|    policy_gradient_loss           | -0.00237     |
|    std                            | 0.0705       |
|    std_max                        | 0.0719       |
|    std_min                        | 0.0696       |
|    value_loss                     | 0.102        |
----------------------------------------------------
[QuadrupedWBCEnv] Reset state env_id=0 z=0.307594 rpy=[-0.0149559, 0.0240216, -0.0184327]
----------------------------------------------------
| rollout/                          |              |
|    action_saturation_fraction     | 0            |
|    ep_len_mean                    | 984          |
|    ep_rew_mean                    | 686          |
|    episodes_noforce               | 125          |
|    force_direction_mean           | -1           |
|    force_onset_mean               | 1.4          |
|    force_requested_impulse_mean   | 0            |
|    is_fall_mean                   | 0.04         |
|    is_timeout_mean                | 0.96         |
|    recovery_noforce               | 0.96         |
|    timeout_without_onset_fraction | 0            |
|    timeouts                       | 120          |
| time/                             |              |
|    fps                            | 7406         |
|    iterations                     | 64           |
|    time_elapsed                   | 1132         |
|    total_timesteps                | 8388608      |
| train/                            |              |
|    action_std_00                  | 0.0704       |
|    action_std_01                  | 0.0701       |
|    action_std_02                  | 0.07         |
|    action_std_03                  | 0.07         |
|    action_std_04                  | 0.0704       |
|    action_std_05                  | 0.0719       |
|    action_std_06                  | 0.0701       |
|    action_std_07                  | 0.071        |
|    action_std_08                  | 0.07         |
|    action_std_09                  | 0.0711       |
|    action_std_10                  | 0.0707       |
|    action_std_11                  | 0.0713       |
|    action_std_12                  | 0.07         |
|    action_std_13                  | 0.0716       |
|    action_std_14                  | 0.0709       |
|    action_std_15                  | 0.0701       |
|    action_std_16                  | 0.07         |
|    action_std_17                  | 0.0702       |
|    action_std_18                  | 0.07         |
|    action_std_19                  | 0.0705       |
|    action_std_20                  | 0.07         |
|    action_std_21                  | 0.0706       |
|    action_std_22                  | 0.0697       |
|    action_std_23                  | 0.0696       |
|    action_std_24                  | 0.0716       |
|    approx_kl                      | 0.0013600425 |
|    clip_fraction                  | 0.0321       |
|    clip_range                     | 0.1          |
|    clip_range_vf                  | 0.2          |
|    entropy_loss                   | 30.8         |
|    explained_variance             | 0.876        |
|    learning_rate                  | 1e-06        |
|    loss                           | 0.398        |
|    n_updates                      | 2160         |
|    policy_gradient_loss           | -0.00267     |
|    std                            | 0.0705       |
|    std_max                        | 0.0719       |
|    std_min                        | 0.0696       |
|    value_loss                     | 0.0837       |
----------------------------------------------------
----------------------------------------------------
| rollout/                          |              |
|    action_saturation_fraction     | 0            |
|    ep_len_mean                    | 999          |
|    ep_rew_mean                    | 696          |
|    episodes_noforce               | 138          |
|    force_direction_mean           | -1           |
|    force_onset_mean               | 1.39         |
|    force_requested_impulse_mean   | 0            |
|    is_fall_mean                   | 0.0217       |
|    is_timeout_mean                | 0.978        |
|    recovery_noforce               | 0.978        |
|    timeout_without_onset_fraction | 0            |
|    timeouts                       | 135          |
| time/                             |              |
|    fps                            | 7403         |
|    iterations                     | 65           |
|    time_elapsed                   | 1150         |
|    total_timesteps                | 8519680      |
| train/                            |              |
|    action_std_00                  | 0.0705       |
|    action_std_01                  | 0.0702       |
|    action_std_02                  | 0.07         |
|    action_std_03                  | 0.07         |
|    action_std_04                  | 0.0705       |
|    action_std_05                  | 0.072        |
|    action_std_06                  | 0.0701       |
|    action_std_07                  | 0.071        |
|    action_std_08                  | 0.07         |
|    action_std_09                  | 0.0711       |
|    action_std_10                  | 0.0707       |
|    action_std_11                  | 0.0713       |
|    action_std_12                  | 0.07         |
|    action_std_13                  | 0.0716       |
|    action_std_14                  | 0.0709       |
|    action_std_15                  | 0.0701       |
|    action_std_16                  | 0.07         |
|    action_std_17                  | 0.0703       |
|    action_std_18                  | 0.07         |
|    action_std_19                  | 0.0706       |
|    action_std_20                  | 0.0701       |
|    action_std_21                  | 0.0706       |
|    action_std_22                  | 0.0697       |
|    action_std_23                  | 0.0696       |
|    action_std_24                  | 0.0716       |
|    approx_kl                      | 0.0013179625 |
|    clip_fraction                  | 0.0285       |
|    clip_range                     | 0.1          |
|    clip_range_vf                  | 0.2          |
|    entropy_loss                   | 30.8         |
|    explained_variance             | 0.791        |
|    learning_rate                  | 1e-06        |
|    loss                           | 0.447        |
|    n_updates                      | 2170         |
|    policy_gradient_loss           | -0.00255     |
|    std                            | 0.0705       |
|    std_max                        | 0.072        |
|    std_min                        | 0.0696       |
|    value_loss                     | 0.0977       |
----------------------------------------------------
[QuadrupedWBCEnv] Reset state env_id=0 z=0.280559 rpy=[-0.0128811, 0.0242301, -0.0184841]
----------------------------------------------------
| rollout/                          |              |
|    action_saturation_fraction     | 0            |
|    ep_len_mean                    | 984          |
|    ep_rew_mean                    | 685          |
|    episodes_noforce               | 128          |
|    force_direction_mean           | -1           |
|    force_onset_mean               | 1.4          |
|    force_requested_impulse_mean   | 0            |
|    is_fall_mean                   | 0.0469       |
|    is_timeout_mean                | 0.953        |
|    recovery_noforce               | 0.953        |
|    timeout_without_onset_fraction | 0            |
|    timeouts                       | 122          |
| time/                             |              |
|    fps                            | 7401         |
|    iterations                     | 66           |
|    time_elapsed                   | 1168         |
|    total_timesteps                | 8650752      |
| train/                            |              |
|    action_std_00                  | 0.0705       |
|    action_std_01                  | 0.0702       |
|    action_std_02                  | 0.0701       |
|    action_std_03                  | 0.0701       |
|    action_std_04                  | 0.0705       |
|    action_std_05                  | 0.072        |
|    action_std_06                  | 0.0701       |
|    action_std_07                  | 0.071        |
|    action_std_08                  | 0.07         |
|    action_std_09                  | 0.0711       |
|    action_std_10                  | 0.0707       |
|    action_std_11                  | 0.0713       |
|    action_std_12                  | 0.0701       |
|    action_std_13                  | 0.0716       |
|    action_std_14                  | 0.071        |
|    action_std_15                  | 0.0701       |
|    action_std_16                  | 0.07         |
|    action_std_17                  | 0.0703       |
|    action_std_18                  | 0.07         |
|    action_std_19                  | 0.0706       |
|    action_std_20                  | 0.0701       |
|    action_std_21                  | 0.0706       |
|    action_std_22                  | 0.0697       |
|    action_std_23                  | 0.0696       |
|    action_std_24                  | 0.0717       |
|    approx_kl                      | 0.0013177746 |
|    clip_fraction                  | 0.0277       |
|    clip_range                     | 0.1          |
|    clip_range_vf                  | 0.2          |
|    entropy_loss                   | 30.8         |
|    explained_variance             | 0.847        |
|    learning_rate                  | 1e-06        |
|    loss                           | 0.355        |
|    n_updates                      | 2180         |
|    policy_gradient_loss           | -0.00224     |
|    std                            | 0.0705       |
|    std_max                        | 0.072        |
|    std_min                        | 0.0696       |
|    value_loss                     | 0.0639       |
----------------------------------------------------
----------------------------------------------------
| rollout/                          |              |
|    action_saturation_fraction     | 0            |
|    ep_len_mean                    | 989          |
|    ep_rew_mean                    | 691          |
|    episodes_noforce               | 137          |
|    force_direction_mean           | -1           |
|    force_onset_mean               | 1.39         |
|    force_requested_impulse_mean   | 0            |
|    is_fall_mean                   | 0.0584       |
|    is_timeout_mean                | 0.942        |
|    recovery_noforce               | 0.942        |
|    timeout_without_onset_fraction | 0            |
|    timeouts                       | 129          |
| time/                             |              |
|    fps                            | 7399         |
|    iterations                     | 67           |
|    time_elapsed                   | 1186         |
|    total_timesteps                | 8781824      |
| train/                            |              |
|    action_std_00                  | 0.0705       |
|    action_std_01                  | 0.0702       |
|    action_std_02                  | 0.0701       |
|    action_std_03                  | 0.0701       |
|    action_std_04                  | 0.0705       |
|    action_std_05                  | 0.072        |
|    action_std_06                  | 0.0701       |
|    action_std_07                  | 0.071        |
|    action_std_08                  | 0.07         |
|    action_std_09                  | 0.0712       |
|    action_std_10                  | 0.0708       |
|    action_std_11                  | 0.0714       |
|    action_std_12                  | 0.0701       |
|    action_std_13                  | 0.0716       |
|    action_std_14                  | 0.071        |
|    action_std_15                  | 0.0702       |
|    action_std_16                  | 0.0701       |
|    action_std_17                  | 0.0703       |
|    action_std_18                  | 0.07         |
|    action_std_19                  | 0.0706       |
|    action_std_20                  | 0.0701       |
|    action_std_21                  | 0.0707       |
|    action_std_22                  | 0.0698       |
|    action_std_23                  | 0.0697       |
|    action_std_24                  | 0.0717       |
|    approx_kl                      | 0.0013448488 |
|    clip_fraction                  | 0.0303       |
|    clip_range                     | 0.1          |
|    clip_range_vf                  | 0.2          |
|    entropy_loss                   | 30.8         |
|    explained_variance             | 0.868        |
|    learning_rate                  | 1e-06        |
|    loss                           | 0.357        |
|    n_updates                      | 2190         |
|    policy_gradient_loss           | -0.0025      |
|    std                            | 0.0705       |
|    std_max                        | 0.072        |
|    std_min                        | 0.0697       |
|    value_loss                     | 0.0757       |
----------------------------------------------------
[QuadrupedWBCEnv] Reset state env_id=0 z=0.294075 rpy=[-0.0111807, 0.0233952, -0.0184777]
----------------------------------------------------
| rollout/                          |              |
|    action_saturation_fraction     | 0            |
|    ep_len_mean                    | 999          |
|    ep_rew_mean                    | 700          |
|    episodes_noforce               | 128          |
|    force_direction_mean           | -1           |
|    force_onset_mean               | 1.4          |
|    force_requested_impulse_mean   | 0            |
|    is_fall_mean                   | 0.0234       |
|    is_timeout_mean                | 0.977        |
|    recovery_noforce               | 0.977        |
|    timeout_without_onset_fraction | 0            |
|    timeouts                       | 125          |
| time/                             |              |
|    fps                            | 7396         |
|    iterations                     | 68           |
|    time_elapsed                   | 1204         |
|    total_timesteps                | 8912896      |
| train/                            |              |
|    action_std_00                  | 0.0705       |
|    action_std_01                  | 0.0702       |
|    action_std_02                  | 0.0701       |
|    action_std_03                  | 0.0701       |
|    action_std_04                  | 0.0705       |
|    action_std_05                  | 0.072        |
|    action_std_06                  | 0.0701       |
|    action_std_07                  | 0.071        |
|    action_std_08                  | 0.07         |
|    action_std_09                  | 0.0712       |
|    action_std_10                  | 0.0708       |
|    action_std_11                  | 0.0714       |
|    action_std_12                  | 0.0701       |
|    action_std_13                  | 0.0717       |
|    action_std_14                  | 0.071        |
|    action_std_15                  | 0.0702       |
|    action_std_16                  | 0.0701       |
|    action_std_17                  | 0.0703       |
|    action_std_18                  | 0.07         |
|    action_std_19                  | 0.0706       |
|    action_std_20                  | 0.0701       |
|    action_std_21                  | 0.0707       |
|    action_std_22                  | 0.0698       |
|    action_std_23                  | 0.0697       |
|    action_std_24                  | 0.0717       |
|    approx_kl                      | 0.0014052223 |
|    clip_fraction                  | 0.0319       |
|    clip_range                     | 0.1          |
|    clip_range_vf                  | 0.2          |
|    entropy_loss                   | 30.8         |
|    explained_variance             | 0.856        |
|    learning_rate                  | 1e-06        |
|    loss                           | 0.46         |
|    n_updates                      | 2200         |
|    policy_gradient_loss           | -0.00255     |
|    std                            | 0.0706       |
|    std_max                        | 0.072        |
|    std_min                        | 0.0697       |
|    value_loss                     | 0.103        |
----------------------------------------------------
----------------------------------------------------
| rollout/                          |              |
|    action_saturation_fraction     | 0            |
|    ep_len_mean                    | 986          |
|    ep_rew_mean                    | 691          |
|    episodes_noforce               | 137          |
|    force_direction_mean           | -1           |
|    force_onset_mean               | 1.41         |
|    force_requested_impulse_mean   | 0            |
|    is_fall_mean                   | 0.0292       |
|    is_timeout_mean                | 0.971        |
|    recovery_noforce               | 0.971        |
|    timeout_without_onset_fraction | 0            |
|    timeouts                       | 133          |
| time/                             |              |
|    fps                            | 7395         |
|    iterations                     | 69           |
|    time_elapsed                   | 1222         |
|    total_timesteps                | 9043968      |
| train/                            |              |
|    action_std_00                  | 0.0705       |
|    action_std_01                  | 0.0702       |
|    action_std_02                  | 0.0701       |
|    action_std_03                  | 0.0701       |
|    action_std_04                  | 0.0705       |
|    action_std_05                  | 0.072        |
|    action_std_06                  | 0.0701       |
|    action_std_07                  | 0.071        |
|    action_std_08                  | 0.0701       |
|    action_std_09                  | 0.0712       |
|    action_std_10                  | 0.0708       |
|    action_std_11                  | 0.0714       |
|    action_std_12                  | 0.0701       |
|    action_std_13                  | 0.0717       |
|    action_std_14                  | 0.071        |
|    action_std_15                  | 0.0702       |
|    action_std_16                  | 0.0701       |
|    action_std_17                  | 0.0704       |
|    action_std_18                  | 0.0701       |
|    action_std_19                  | 0.0706       |
|    action_std_20                  | 0.0701       |
|    action_std_21                  | 0.0707       |
|    action_std_22                  | 0.0698       |
|    action_std_23                  | 0.0697       |
|    action_std_24                  | 0.0717       |
|    approx_kl                      | 0.0012442451 |
|    clip_fraction                  | 0.0281       |
|    clip_range                     | 0.1          |
|    clip_range_vf                  | 0.2          |
|    entropy_loss                   | 30.8         |
|    explained_variance             | 0.853        |
|    learning_rate                  | 1e-06        |
|    loss                           | 0.346        |
|    n_updates                      | 2210         |
|    policy_gradient_loss           | -0.00227     |
|    std                            | 0.0706       |
|    std_max                        | 0.072        |
|    std_min                        | 0.0697       |
|    value_loss                     | 0.0444       |
----------------------------------------------------
[QuadrupedWBCEnv] Reset state env_id=0 z=0.327941 rpy=[-0.0144337, 0.0223013, -0.0186221]
----------------------------------------------------
| rollout/                          |              |
|    action_saturation_fraction     | 0            |
|    ep_len_mean                    | 972          |
|    ep_rew_mean                    | 681          |
|    episodes_noforce               | 130          |
|    force_direction_mean           | -1           |
|    force_onset_mean               | 1.4          |
|    force_requested_impulse_mean   | 0            |
|    is_fall_mean                   | 0.0692       |
|    is_timeout_mean                | 0.931        |
|    recovery_noforce               | 0.931        |
|    timeout_without_onset_fraction | 0            |
|    timeouts                       | 121          |
| time/                             |              |
|    fps                            | 7393         |
|    iterations                     | 70           |
|    time_elapsed                   | 1240         |
|    total_timesteps                | 9175040      |
| train/                            |              |
|    action_std_00                  | 0.0706       |
|    action_std_01                  | 0.0702       |
|    action_std_02                  | 0.0701       |
|    action_std_03                  | 0.0701       |
|    action_std_04                  | 0.0705       |
|    action_std_05                  | 0.0721       |
|    action_std_06                  | 0.0702       |
|    action_std_07                  | 0.0711       |
|    action_std_08                  | 0.0701       |
|    action_std_09                  | 0.0712       |
|    action_std_10                  | 0.0708       |
|    action_std_11                  | 0.0714       |
|    action_std_12                  | 0.0701       |
|    action_std_13                  | 0.0717       |
|    action_std_14                  | 0.071        |
|    action_std_15                  | 0.0702       |
|    action_std_16                  | 0.0701       |
|    action_std_17                  | 0.0704       |
|    action_std_18                  | 0.0701       |
|    action_std_19                  | 0.0706       |
|    action_std_20                  | 0.0701       |
|    action_std_21                  | 0.0707       |
|    action_std_22                  | 0.0698       |
|    action_std_23                  | 0.0697       |
|    action_std_24                  | 0.0717       |
|    approx_kl                      | 0.0013298171 |
|    clip_fraction                  | 0.0312       |
|    clip_range                     | 0.1          |
|    clip_range_vf                  | 0.2          |
|    entropy_loss                   | 30.8         |
|    explained_variance             | 0.859        |
|    learning_rate                  | 1e-06        |
|    loss                           | 0.404        |
|    n_updates                      | 2220         |
|    policy_gradient_loss           | -0.00255     |
|    std                            | 0.0706       |
|    std_max                        | 0.0721       |
|    std_min                        | 0.0697       |
|    value_loss                     | 0.0756       |
----------------------------------------------------
----------------------------------------------------
| rollout/                          |              |
|    action_saturation_fraction     | 0            |
|    ep_len_mean                    | 989          |
|    ep_rew_mean                    | 691          |
|    episodes_noforce               | 132          |
|    force_direction_mean           | -1           |
|    force_onset_mean               | 1.39         |
|    force_requested_impulse_mean   | 0            |
|    is_fall_mean                   | 0.0606       |
|    is_timeout_mean                | 0.939        |
|    recovery_noforce               | 0.939        |
|    timeout_without_onset_fraction | 0            |
|    timeouts                       | 124          |
| time/                             |              |
|    fps                            | 7390         |
|    iterations                     | 71           |
|    time_elapsed                   | 1259         |
|    total_timesteps                | 9306112      |
| train/                            |              |
|    action_std_00                  | 0.0706       |
|    action_std_01                  | 0.0702       |
|    action_std_02                  | 0.0701       |
|    action_std_03                  | 0.0701       |
|    action_std_04                  | 0.0705       |
|    action_std_05                  | 0.0721       |
|    action_std_06                  | 0.0702       |
|    action_std_07                  | 0.0711       |
|    action_std_08                  | 0.0701       |
|    action_std_09                  | 0.0712       |
|    action_std_10                  | 0.0708       |
|    action_std_11                  | 0.0714       |
|    action_std_12                  | 0.0701       |
|    action_std_13                  | 0.0717       |
|    action_std_14                  | 0.071        |
|    action_std_15                  | 0.0702       |
|    action_std_16                  | 0.0701       |
|    action_std_17                  | 0.0704       |
|    action_std_18                  | 0.0701       |
|    action_std_19                  | 0.0706       |
|    action_std_20                  | 0.0701       |
|    action_std_21                  | 0.0708       |
|    action_std_22                  | 0.0698       |
|    action_std_23                  | 0.0697       |
|    action_std_24                  | 0.0718       |
|    approx_kl                      | 0.0013372875 |
|    clip_fraction                  | 0.0312       |
|    clip_range                     | 0.1          |
|    clip_range_vf                  | 0.2          |
|    entropy_loss                   | 30.8         |
|    explained_variance             | 0.894        |
|    learning_rate                  | 1e-06        |
|    loss                           | 0.381        |
|    n_updates                      | 2230         |
|    policy_gradient_loss           | -0.00264     |
|    std                            | 0.0706       |
|    std_max                        | 0.0721       |
|    std_min                        | 0.0697       |
|    value_loss                     | 0.0927       |
----------------------------------------------------
[QuadrupedWBCEnv] Reset state env_id=0 z=0.328095 rpy=[-0.0130728, 0.0242037, -0.0185282]
----------------------------------------------------
| rollout/                          |              |
|    action_saturation_fraction     | 0            |
|    ep_len_mean                    | 974          |
|    ep_rew_mean                    | 678          |
|    episodes_noforce               | 135          |
|    force_direction_mean           | -1           |
|    force_onset_mean               | 1.41         |
|    force_requested_impulse_mean   | 0            |
|    is_fall_mean                   | 0.0519       |
|    is_timeout_mean                | 0.948        |
|    recovery_noforce               | 0.948        |
|    timeout_without_onset_fraction | 0            |
|    timeouts                       | 128          |
| time/                             |              |
|    fps                            | 7386         |
|    iterations                     | 72           |
|    time_elapsed                   | 1277         |
|    total_timesteps                | 9437184      |
| train/                            |              |
|    action_std_00                  | 0.0706       |
|    action_std_01                  | 0.0703       |
|    action_std_02                  | 0.0702       |
|    action_std_03                  | 0.0702       |
|    action_std_04                  | 0.0705       |
|    action_std_05                  | 0.0721       |
|    action_std_06                  | 0.0702       |
|    action_std_07                  | 0.0711       |
|    action_std_08                  | 0.0701       |
|    action_std_09                  | 0.0712       |
|    action_std_10                  | 0.0708       |
|    action_std_11                  | 0.0715       |
|    action_std_12                  | 0.0701       |
|    action_std_13                  | 0.0717       |
|    action_std_14                  | 0.0711       |
|    action_std_15                  | 0.0702       |
|    action_std_16                  | 0.0701       |
|    action_std_17                  | 0.0704       |
|    action_std_18                  | 0.0701       |
|    action_std_19                  | 0.0707       |
|    action_std_20                  | 0.0702       |
|    action_std_21                  | 0.0708       |
|    action_std_22                  | 0.0699       |
|    action_std_23                  | 0.0697       |
|    action_std_24                  | 0.0718       |
|    approx_kl                      | 0.0013525262 |
|    clip_fraction                  | 0.0326       |
|    clip_range                     | 0.1          |
|    clip_range_vf                  | 0.2          |
|    entropy_loss                   | 30.8         |
|    explained_variance             | 0.893        |
|    learning_rate                  | 1e-06        |
|    loss                           | 0.409        |
|    n_updates                      | 2240         |
|    policy_gradient_loss           | -0.00274     |
|    std                            | 0.0706       |
|    std_max                        | 0.0721       |
|    std_min                        | 0.0697       |
|    value_loss                     | 0.103        |
----------------------------------------------------
----------------------------------------------------
| rollout/                          |              |
|    action_saturation_fraction     | 0            |
|    ep_len_mean                    | 994          |
|    ep_rew_mean                    | 696          |
|    episodes_noforce               | 131          |
|    force_direction_mean           | -1           |
|    force_onset_mean               | 1.4          |
|    force_requested_impulse_mean   | 0            |
|    is_fall_mean                   | 0.0611       |
|    is_timeout_mean                | 0.939        |
|    recovery_noforce               | 0.939        |
|    timeout_without_onset_fraction | 0            |
|    timeouts                       | 123          |
| time/                             |              |
|    fps                            | 7385         |
|    iterations                     | 73           |
|    time_elapsed                   | 1295         |
|    total_timesteps                | 9568256      |
| train/                            |              |
|    action_std_00                  | 0.0706       |
|    action_std_01                  | 0.0703       |
|    action_std_02                  | 0.0702       |
|    action_std_03                  | 0.0702       |
|    action_std_04                  | 0.0706       |
|    action_std_05                  | 0.0721       |
|    action_std_06                  | 0.0702       |
|    action_std_07                  | 0.0711       |
|    action_std_08                  | 0.0701       |
|    action_std_09                  | 0.0713       |
|    action_std_10                  | 0.0709       |
|    action_std_11                  | 0.0715       |
|    action_std_12                  | 0.0701       |
|    action_std_13                  | 0.0718       |
|    action_std_14                  | 0.0711       |
|    action_std_15                  | 0.0703       |
|    action_std_16                  | 0.0701       |
|    action_std_17                  | 0.0704       |
|    action_std_18                  | 0.0701       |
|    action_std_19                  | 0.0707       |
|    action_std_20                  | 0.0702       |
|    action_std_21                  | 0.0708       |
|    action_std_22                  | 0.0699       |
|    action_std_23                  | 0.0698       |
|    action_std_24                  | 0.0718       |
|    approx_kl                      | 0.0013321707 |
|    clip_fraction                  | 0.0301       |
|    clip_range                     | 0.1          |
|    clip_range_vf                  | 0.2          |
|    entropy_loss                   | 30.8         |
|    explained_variance             | 0.871        |
|    learning_rate                  | 1e-06        |
|    loss                           | 0.436        |
|    n_updates                      | 2250         |
|    policy_gradient_loss           | -0.00265     |
|    std                            | 0.0706       |
|    std_max                        | 0.0721       |
|    std_min                        | 0.0698       |
|    value_loss                     | 0.115        |
----------------------------------------------------
[QuadrupedWBCEnv] Reset state env_id=0 z=0.294494 rpy=[-0.0119173, 0.0231518, -0.0182518]
----------------------------------------------------
| rollout/                          |              |
|    action_saturation_fraction     | 0            |
|    ep_len_mean                    | 989          |
|    ep_rew_mean                    | 691          |
|    episodes_noforce               | 139          |
|    force_direction_mean           | -1           |
|    force_onset_mean               | 1.4          |
|    force_requested_impulse_mean   | 0            |
|    is_fall_mean                   | 0.0504       |
|    is_timeout_mean                | 0.95         |
|    recovery_noforce               | 0.95         |
|    timeout_without_onset_fraction | 0            |
|    timeouts                       | 132          |
| time/                             |              |
|    fps                            | 7383         |
|    iterations                     | 74           |
|    time_elapsed                   | 1313         |
|    total_timesteps                | 9699328      |
| train/                            |              |
|    action_std_00                  | 0.0707       |
|    action_std_01                  | 0.0703       |
|    action_std_02                  | 0.0702       |
|    action_std_03                  | 0.0702       |
|    action_std_04                  | 0.0706       |
|    action_std_05                  | 0.0721       |
|    action_std_06                  | 0.0702       |
|    action_std_07                  | 0.0711       |
|    action_std_08                  | 0.0701       |
|    action_std_09                  | 0.0713       |
|    action_std_10                  | 0.0709       |
|    action_std_11                  | 0.0715       |
|    action_std_12                  | 0.0702       |
|    action_std_13                  | 0.0718       |
|    action_std_14                  | 0.0711       |
|    action_std_15                  | 0.0703       |
|    action_std_16                  | 0.0702       |
|    action_std_17                  | 0.0705       |
|    action_std_18                  | 0.0701       |
|    action_std_19                  | 0.0707       |
|    action_std_20                  | 0.0702       |
|    action_std_21                  | 0.0708       |
|    action_std_22                  | 0.0699       |
|    action_std_23                  | 0.0698       |
|    action_std_24                  | 0.0718       |
|    approx_kl                      | 0.0012905404 |
|    clip_fraction                  | 0.028        |
|    clip_range                     | 0.1          |
|    clip_range_vf                  | 0.2          |
|    entropy_loss                   | 30.8         |
|    explained_variance             | 0.907        |
|    learning_rate                  | 1e-06        |
|    loss                           | 0.394        |
|    n_updates                      | 2260         |
|    policy_gradient_loss           | -0.00252     |
|    std                            | 0.0707       |
|    std_max                        | 0.0721       |
|    std_min                        | 0.0698       |
|    value_loss                     | 0.0871       |
----------------------------------------------------
----------------------------------------------------
| rollout/                          |              |
|    action_saturation_fraction     | 0            |
|    ep_len_mean                    | 983          |
|    ep_rew_mean                    | 687          |
|    episodes_noforce               | 130          |
|    force_direction_mean           | -1           |
|    force_onset_mean               | 1.39         |
|    force_requested_impulse_mean   | 0            |
|    is_fall_mean                   | 0.0462       |
|    is_timeout_mean                | 0.954        |
|    recovery_noforce               | 0.954        |
|    timeout_without_onset_fraction | 0            |
|    timeouts                       | 124          |
| time/                             |              |
|    fps                            | 7382         |
|    iterations                     | 75           |
|    time_elapsed                   | 1331         |
|    total_timesteps                | 9830400      |
| train/                            |              |
|    action_std_00                  | 0.0707       |
|    action_std_01                  | 0.0703       |
|    action_std_02                  | 0.0702       |
|    action_std_03                  | 0.0702       |
|    action_std_04                  | 0.0706       |
|    action_std_05                  | 0.0721       |
|    action_std_06                  | 0.0703       |
|    action_std_07                  | 0.0712       |
|    action_std_08                  | 0.0702       |
|    action_std_09                  | 0.0713       |
|    action_std_10                  | 0.0709       |
|    action_std_11                  | 0.0715       |
|    action_std_12                  | 0.0702       |
|    action_std_13                  | 0.0718       |
|    action_std_14                  | 0.0711       |
|    action_std_15                  | 0.0703       |
|    action_std_16                  | 0.0702       |
|    action_std_17                  | 0.0705       |
|    action_std_18                  | 0.0702       |
|    action_std_19                  | 0.0707       |
|    action_std_20                  | 0.0702       |
|    action_std_21                  | 0.0708       |
|    action_std_22                  | 0.0699       |
|    action_std_23                  | 0.0698       |
|    action_std_24                  | 0.0719       |
|    approx_kl                      | 0.0012658003 |
|    clip_fraction                  | 0.0254       |
|    clip_range                     | 0.1          |
|    clip_range_vf                  | 0.2          |
|    entropy_loss                   | 30.8         |
|    explained_variance             | 0.881        |
|    learning_rate                  | 1e-06        |
|    loss                           | 0.367        |
|    n_updates                      | 2270         |
|    policy_gradient_loss           | -0.00245     |
|    std                            | 0.0707       |
|    std_max                        | 0.0721       |
|    std_min                        | 0.0698       |
|    value_loss                     | 0.0845       |
----------------------------------------------------
[QuadrupedWBCEnv] unhealthy terminate at step=989 z=0.197302 rpy=[-2.26185, 0.528868, -0.26327] v_body=[-0.344377, -0.4137, 0.251714]
[QuadrupedWBCEnv] Reset state env_id=0 z=0.280302 rpy=[-0.0142301, 0.025874, -0.0178236]
---------------------------------------------------
| rollout/                          |             |
|    action_saturation_fraction     | 0           |
|    ep_len_mean                    | 985         |
|    ep_rew_mean                    | 691         |
|    episodes_noforce               | 135         |
|    force_direction_mean           | -1          |
|    force_onset_mean               | 1.39        |
|    force_requested_impulse_mean   | 0           |
|    is_fall_mean                   | 0.0519      |
|    is_timeout_mean                | 0.948       |
|    recovery_noforce               | 0.948       |
|    timeout_without_onset_fraction | 0           |
|    timeouts                       | 128         |
| time/                             |             |
|    fps                            | 7381        |
|    iterations                     | 76          |
|    time_elapsed                   | 1349        |
|    total_timesteps                | 9961472     |
| train/                            |             |
|    action_std_00                  | 0.0707      |
|    action_std_01                  | 0.0703      |
|    action_std_02                  | 0.0702      |
|    action_std_03                  | 0.0702      |
|    action_std_04                  | 0.0706      |
|    action_std_05                  | 0.0722      |
|    action_std_06                  | 0.0703      |
|    action_std_07                  | 0.0712      |
|    action_std_08                  | 0.0702      |
|    action_std_09                  | 0.0713      |
|    action_std_10                  | 0.0709      |
|    action_std_11                  | 0.0716      |
|    action_std_12                  | 0.0702      |
|    action_std_13                  | 0.0718      |
|    action_std_14                  | 0.0711      |
|    action_std_15                  | 0.0703      |
|    action_std_16                  | 0.0702      |
|    action_std_17                  | 0.0705      |
|    action_std_18                  | 0.0702      |
|    action_std_19                  | 0.0707      |
|    action_std_20                  | 0.0702      |
|    action_std_21                  | 0.0709      |
|    action_std_22                  | 0.0699      |
|    action_std_23                  | 0.0698      |
|    action_std_24                  | 0.0719      |
|    approx_kl                      | 0.001350228 |
|    clip_fraction                  | 0.031       |
|    clip_range                     | 0.1         |
|    clip_range_vf                  | 0.2         |
|    entropy_loss                   | 30.8        |
|    explained_variance             | 0.875       |
|    learning_rate                  | 1e-06       |
|    loss                           | 0.407       |
|    n_updates                      | 2280        |
|    policy_gradient_loss           | -0.00267    |
|    std                            | 0.0707      |
|    std_max                        | 0.0722      |
|    std_min                        | 0.0698      |
|    value_loss                     | 0.0918      |
---------------------------------------------------
INFO:root:VecNormalize statistics saved at: ./data/v1_ours_stage2/quadruped_ppo_model_ckpt_10000640_vecnormalize.pkl
INFO:root:Model saved at: ./data/v1_ours_stage2/quadruped_ppo_model_ckpt_10000640.zip
INFO:root:Checkpoint written at 10000640 timesteps
----------------------------------------------------
| rollout/                          |              |
|    action_saturation_fraction     | 0            |
|    ep_len_mean                    | 978          |
|    ep_rew_mean                    | 689          |
|    episodes_noforce               | 131          |
|    force_direction_mean           | -1           |
|    force_onset_mean               | 1.4          |
|    force_requested_impulse_mean   | 0            |
|    is_fall_mean                   | 0.0382       |
|    is_timeout_mean                | 0.962        |
|    recovery_noforce               | 0.962        |
|    timeout_without_onset_fraction | 0            |
|    timeouts                       | 126          |
| time/                             |              |
|    fps                            | 7378         |
|    iterations                     | 77           |
|    time_elapsed                   | 1367         |
|    total_timesteps                | 10092544     |
| train/                            |              |
|    action_std_00                  | 0.0707       |
|    action_std_01                  | 0.0704       |
|    action_std_02                  | 0.0702       |
|    action_std_03                  | 0.0702       |
|    action_std_04                  | 0.0706       |
|    action_std_05                  | 0.0722       |
|    action_std_06                  | 0.0703       |
|    action_std_07                  | 0.0712       |
|    action_std_08                  | 0.0702       |
|    action_std_09                  | 0.0713       |
|    action_std_10                  | 0.071        |
|    action_std_11                  | 0.0716       |
|    action_std_12                  | 0.0702       |
|    action_std_13                  | 0.0718       |
|    action_std_14                  | 0.0711       |
|    action_std_15                  | 0.0703       |
|    action_std_16                  | 0.0702       |
|    action_std_17                  | 0.0705       |
|    action_std_18                  | 0.0702       |
|    action_std_19                  | 0.0707       |
|    action_std_20                  | 0.0702       |
|    action_std_21                  | 0.0709       |
|    action_std_22                  | 0.0699       |
|    action_std_23                  | 0.0699       |
|    action_std_24                  | 0.0719       |
|    approx_kl                      | 0.0013823083 |
|    clip_fraction                  | 0.033        |
|    clip_range                     | 0.1          |
|    clip_range_vf                  | 0.2          |
|    entropy_loss                   | 30.8         |
|    explained_variance             | 0.882        |
|    learning_rate                  | 1e-06        |
|    loss                           | 0.375        |
|    n_updates                      | 2290         |
|    policy_gradient_loss           | -0.0027      |
|    std                            | 0.0707       |
|    std_max                        | 0.0722       |
|    std_min                        | 0.0699       |
|    value_loss                     | 0.0791       |
----------------------------------------------------
INFO:root:VecNormalize statistics saved at: ./data/v1_ours_stage2/quadruped_ppo_model_vecnormalize.pkl
INFO:root:Model saved at: ./data/v1_ours_stage2/quadruped_ppo_model.zip
INFO:root:Model saved at: ./data/v1_ours_stage2/quadruped_ppo_model.zip
INFO:root:Training complete.
[QuadrupedWBCEnv] Reset state env_id=0 z=0.298935 rpy=[-0.0130242, 0.0247725, -0.0184221]
[QuadrupedWBCEnv] Reset state env_id=0 z=0.317745 rpy=[-0.0161349, 0.0219488, -0.0185049]
EnvPool Evaluation - QuadrupedWBC-v0
Mean Reward: 721.08 +/- 120.40
Function main took 1469.30 seconds to run.
cleanupHardware(SIM): Cleaning up hardware components...
cleanupHardware(SIM): Cleaning up hardware components...
cleanupHardware(SIM): Cleaning up hardware components...
cleanupHardware(SIM): Cleaning up hardware components...
cleanupHardware(SIM): Cleaning up hardware components...
cleanupHardware(SIM): Cleaning up hardware components...
cleanupHardware(SIM): Cleaning up hardware components...
cleanupHardware(SIM): Cleaning up hardware components...
cleanupHardware(SIM): Cleaning up hardware components...
cleanupHardware(SIM): Cleaning up hardware components...
cleanupHardware(SIM): Cleaning up hardware components...
cleanupHardware(SIM): Cleaning up hardware components...
cleanupHardware(SIM): Cleaning up hardware components...
cleanupHardware(SIM): Cleaning up hardware components...
cleanupHardware(SIM): Cleaning up hardware components...
cleanupHardware(SIM): Cleaning up hardware components...
cleanupHardware(SIM): Cleaning up hardware components...
cleanupHardware(SIM): Cleaning up hardware components...
cleanupHardware(SIM): Cleaning up hardware components...
cleanupHardware(SIM): Cleaning up hardware components...
cleanupHardware(SIM): Cleaning up hardware components...
cleanupHardware(SIM): Cleaning up hardware components...
cleanupHardware(SIM): Cleaning up hardware components...
cleanupHardware(SIM): Cleaning up hardware components...
cleanupHardware(SIM): Cleaning up hardware components...
cleanupHardware(SIM): Cleaning up hardware components...
cleanupHardware(SIM): Cleaning up hardware components...
cleanupHardware(SIM): Cleaning up hardware components...
cleanupHardware(SIM): Cleaning up hardware components...
cleanupHardware(SIM): Cleaning up hardware components...
cleanupHardware(SIM): Cleaning up hardware components...
cleanupHardware(SIM): Cleaning up hardware components...
cleanupHardware(SIM): Cleaning up hardware components...
cleanupHardware(SIM): Cleaning up hardware components...
cleanupHardware(SIM): Cleaning up hardware components...
cleanupHardware(SIM): Cleaning up hardware components...
cleanupHardware(SIM): Cleaning up hardware components...
cleanupHardware(SIM): Cleaning up hardware components...
cleanupHardware(SIM): Cleaning up hardware components...
cleanupHardware(SIM): Cleaning up hardware components...
cleanupHardware(SIM): Cleaning up hardware components...
cleanupHardware(SIM): Cleaning up hardware components...
cleanupHardware(SIM): Cleaning up hardware components...
cleanupHardware(SIM): Cleaning up hardware components...
cleanupHardware(SIM): Cleaning up hardware components...
cleanupHardware(SIM): Cleaning up hardware components...
cleanupHardware(SIM): Cleaning up hardware components...
cleanupHardware(SIM): Cleaning up hardware components...
cleanupHardware(SIM): Cleaning up hardware components...
cleanupHardware(SIM): Cleaning up hardware components...
cleanupHardware(SIM): Cleaning up hardware components...
cleanupHardware(SIM): Cleaning up hardware components...
cleanupHardware(SIM): Cleaning up hardware components...
cleanupHardware(SIM): Cleaning up hardware components...
cleanupHardware(SIM): Cleaning up hardware components...
cleanupHardware(SIM): Cleaning up hardware components...
cleanupHardware(SIM): Cleaning up hardware components...
cleanupHardware(SIM): Cleaning up hardware components...
cleanupHardware(SIM): Cleaning up hardware components...
cleanupHardware(SIM): Cleaning up hardware components...
cleanupHardware(SIM): Cleaning up hardware components...
cleanupHardware(SIM): Cleaning up hardware components...
cleanupHardware(SIM): Cleaning up hardware components...
cleanupHardware(SIM): Cleaning up hardware components...
cleanupHardware(SIM): Cleaning up hardware components...
cleanupHardware(SIM): Cleaning up hardware components...
cleanupHardware(SIM): Cleaning up hardware components...
cleanupHardware(SIM): Cleaning up hardware components...
cleanupHardware(SIM): Cleaning up hardware components...
cleanupHardware(SIM): Cleaning up hardware components...
cleanupHardware(SIM): Cleaning up hardware components...
cleanupHardware(SIM): Cleaning up hardware components...
cleanupHardware(SIM): Cleaning up hardware components...
cleanupHardware(SIM): Cleaning up hardware components...
cleanupHardware(SIM): Cleaning up hardware components...
cleanupHardware(SIM): Cleaning up hardware components...
cleanupHardware(SIM): Cleaning up hardware components...
cleanupHardware(SIM): Cleaning up hardware components...
cleanupHardware(SIM): Cleaning up hardware components...
cleanupHardware(SIM): Cleaning up hardware components...
cleanupHardware(SIM): Cleaning up hardware components...
cleanupHardware(SIM): Cleaning up hardware components...
cleanupHardware(SIM): Cleaning up hardware components...
cleanupHardware(SIM): Cleaning up hardware components...
cleanupHardware(SIM): Cleaning up hardware components...
cleanupHardware(SIM): Cleaning up hardware components...
cleanupHardware(SIM): Cleaning up hardware components...
cleanupHardware(SIM): Cleaning up hardware components...
cleanupHardware(SIM): Cleaning up hardware components...
cleanupHardware(SIM): Cleaning up hardware components...
cleanupHardware(SIM): Cleaning up hardware components...
cleanupHardware(SIM): Cleaning up hardware components...
cleanupHardware(SIM): Cleaning up hardware components...
cleanupHardware(SIM): Cleaning up hardware components...
cleanupHardware(SIM): Cleaning up hardware components...
cleanupHardware(SIM): Cleaning up hardware components...
cleanupHardware(SIM): Cleaning up hardware components...
cleanupHardware(SIM): Cleaning up hardware components...
cleanupHardware(SIM): Cleaning up hardware components...
cleanupHardware(SIM): Cleaning up hardware components...
cleanupHardware(SIM): Cleaning up hardware components...
cleanupHardware(SIM): Cleaning up hardware components...
cleanupHardware(SIM): Cleaning up hardware components...
cleanupHardware(SIM): Cleaning up hardware components...
cleanupHardware(SIM): Cleaning up hardware components...
cleanupHardware(SIM): Cleaning up hardware components...
cleanupHardware(SIM): Cleaning up hardware components...
cleanupHardware(SIM): Cleaning up hardware components...
cleanupHardware(SIM): Cleaning up hardware components...
cleanupHardware(SIM): Cleaning up hardware components...
cleanupHardware(SIM): Cleaning up hardware components...
cleanupHardware(SIM): Cleaning up hardware components...
cleanupHardware(SIM): Cleaning up hardware components...
cleanupHardware(SIM): Cleaning up hardware components...
cleanupHardware(SIM): Cleaning up hardware components...
cleanupHardware(SIM): Cleaning up hardware components...
cleanupHardware(SIM): Cleaning up hardware components...
cleanupHardware(SIM): Cleaning up hardware components...
cleanupHardware(SIM): Cleaning up hardware components...
cleanupHardware(SIM): Cleaning up hardware components...
cleanupHardware(SIM): Cleaning up hardware components...
cleanupHardware(SIM): Cleaning up hardware components...
cleanupHardware(SIM): Cleaning up hardware components...
cleanupHardware(SIM): Cleaning up hardware components...
cleanupHardware(SIM): Cleaning up hardware components...
cleanupHardware(SIM): Cleaning up hardware components...
cleanupHardware(SIM): Cleaning up hardware components...
cleanupHardware(SIM): Cleaning up hardware components...
cleanupHardware(SIM): Cleaning up hardware components...
cleanupHardware(SIM): Cleaning up hardware components...
cleanupHardware(SIM): Cleaning up hardware components...
cleanupHardware(SIM): Cleaning up hardware components...
cleanupHardware(SIM): Cleaning up hardware components...
cleanupHardware(SIM): Cleaning up hardware components...
cleanupHardware(SIM): Cleaning up hardware components...
cleanupHardware(SIM): Cleaning up hardware components...
cleanupHardware(SIM): Cleaning up hardware components...
cleanupHardware(SIM): Cleaning up hardware components...
cleanupHardware(SIM): Cleaning up hardware components...
cleanupHardware(SIM): Cleaning up hardware components...
cleanupHardware(SIM): Cleaning up hardware components...
cleanupHardware(SIM): Cleaning up hardware components...
cleanupHardware(SIM): Cleaning up hardware components...
cleanupHardware(SIM): Cleaning up hardware components...
cleanupHardware(SIM): Cleaning up hardware components...
cleanupHardware(SIM): Cleaning up hardware components...
cleanupHardware(SIM): Cleaning up hardware components...
cleanupHardware(SIM): Cleaning up hardware components...
cleanupHardware(SIM): Cleaning up hardware components...
cleanupHardware(SIM): Cleaning up hardware components...
cleanupHardware(SIM): Cleaning up hardware components...
cleanupHardware(SIM): Cleaning up hardware components...
cleanupHardware(SIM): Cleaning up hardware components...
cleanupHardware(SIM): Cleaning up hardware components...
cleanupHardware(SIM): Cleaning up hardware components...
cleanupHardware(SIM): Cleaning up hardware components...
cleanupHardware(SIM): Cleaning up hardware components...
cleanupHardware(SIM): Cleaning up hardware components...
cleanupHardware(SIM): Cleaning up hardware components...
cleanupHardware(SIM): Cleaning up hardware components...
cleanupHardware(SIM): Cleaning up hardware components...
cleanupHardware(SIM): Cleaning up hardware components...
cleanupHardware(SIM): Cleaning up hardware components...
cleanupHardware(SIM): Cleaning up hardware components...
cleanupHardware(SIM): Cleaning up hardware components...
cleanupHardware(SIM): Cleaning up hardware components...
cleanupHardware(SIM): Cleaning up hardware components...
cleanupHardware(SIM): Cleaning up hardware components...
cleanupHardware(SIM): Cleaning up hardware components...
cleanupHardware(SIM): Cleaning up hardware components...
cleanupHardware(SIM): Cleaning up hardware components...
cleanupHardware(SIM): Cleaning up hardware components...
cleanupHardware(SIM): Cleaning up hardware components...
cleanupHardware(SIM): Cleaning up hardware components...
cleanupHardware(SIM): Cleaning up hardware components...
cleanupHardware(SIM): Cleaning up hardware components...
cleanupHardware(SIM): Cleaning up hardware components...
cleanupHardware(SIM): Cleaning up hardware components...
cleanupHardware(SIM): Cleaning up hardware components...
cleanupHardware(SIM): Cleaning up hardware components...
cleanupHardware(SIM): Cleaning up hardware components...
cleanupHardware(SIM): Cleaning up hardware components...
cleanupHardware(SIM): Cleaning up hardware components...
cleanupHardware(SIM): Cleaning up hardware components...
cleanupHardware(SIM): Cleaning up hardware components...
cleanupHardware(SIM): Cleaning up hardware components...
cleanupHardware(SIM): Cleaning up hardware components...
cleanupHardware(SIM): Cleaning up hardware components...
cleanupHardware(SIM): Cleaning up hardware components...
cleanupHardware(SIM): Cleaning up hardware components...
cleanupHardware(SIM): Cleaning up hardware components...
cleanupHardware(SIM): Cleaning up hardware components...
cleanupHardware(SIM): Cleaning up hardware components...
cleanupHardware(SIM): Cleaning up hardware components...
cleanupHardware(SIM): Cleaning up hardware components...
cleanupHardware(SIM): Cleaning up hardware components...
cleanupHardware(SIM): Cleaning up hardware components...
cleanupHardware(SIM): Cleaning up hardware components...
cleanupHardware(SIM): Cleaning up hardware components...
cleanupHardware(SIM): Cleaning up hardware components...
cleanupHardware(SIM): Cleaning up hardware components...
cleanupHardware(SIM): Cleaning up hardware components...
cleanupHardware(SIM): Cleaning up hardware components...
cleanupHardware(SIM): Cleaning up hardware components...
cleanupHardware(SIM): Cleaning up hardware components...
cleanupHardware(SIM): Cleaning up hardware components...
cleanupHardware(SIM): Cleaning up hardware components...
cleanupHardware(SIM): Cleaning up hardware components...
cleanupHardware(SIM): Cleaning up hardware components...
cleanupHardware(SIM): Cleaning up hardware components...
cleanupHardware(SIM): Cleaning up hardware components...
cleanupHardware(SIM): Cleaning up hardware components...
cleanupHardware(SIM): Cleaning up hardware components...
cleanupHardware(SIM): Cleaning up hardware components...
cleanupHardware(SIM): Cleaning up hardware components...
cleanupHardware(SIM): Cleaning up hardware components...
cleanupHardware(SIM): Cleaning up hardware components...
cleanupHardware(SIM): Cleaning up hardware components...
cleanupHardware(SIM): Cleaning up hardware components...
cleanupHardware(SIM): Cleaning up hardware components...
cleanupHardware(SIM): Cleaning up hardware components...
cleanupHardware(SIM): Cleaning up hardware components...
cleanupHardware(SIM): Cleaning up hardware components...
cleanupHardware(SIM): Cleaning up hardware components...
cleanupHardware(SIM): Cleaning up hardware components...
cleanupHardware(SIM): Cleaning up hardware components...
cleanupHardware(SIM): Cleaning up hardware components...
cleanupHardware(SIM): Cleaning up hardware components...
cleanupHardware(SIM): Cleaning up hardware components...
cleanupHardware(SIM): Cleaning up hardware components...
cleanupHardware(SIM): Cleaning up hardware components...
cleanupHardware(SIM): Cleaning up hardware components...
cleanupHardware(SIM): Cleaning up hardware components...
cleanupHardware(SIM): Cleaning up hardware components...
cleanupHardware(SIM): Cleaning up hardware components...
cleanupHardware(SIM): Cleaning up hardware components...
cleanupHardware(SIM): Cleaning up hardware components...
cleanupHardware(SIM): Cleaning up hardware components...
cleanupHardware(SIM): Cleaning up hardware components...
cleanupHardware(SIM): Cleaning up hardware components...
cleanupHardware(SIM): Cleaning up hardware components...
cleanupHardware(SIM): Cleaning up hardware components...
cleanupHardware(SIM): Cleaning up hardware components...
cleanupHardware(SIM): Cleaning up hardware components...
cleanupHardware(SIM): Cleaning up hardware components...
cleanupHardware(SIM): Cleaning up hardware components...
cleanupHardware(SIM): Cleaning up hardware components...
cleanupHardware(SIM): Cleaning up hardware components...
cleanupHardware(SIM): Cleaning up hardware components...
cleanupHardware(SIM): Cleaning up hardware components...
cleanupHardware(SIM): Cleaning up hardware components...
cleanupHardware(SIM): Cleaning up hardware components...
cleanupHardware(SIM): Cleaning up hardware components...
cleanupHardware(SIM): Cleaning up hardware components...
cleanupHardware(SIM): Cleaning up hardware components...
cleanupHardware(SIM): Cleaning up hardware components...
=== v1 ours COMPLETE === 2026-09-12T18:31:41+03:00
final model: envpool/data/v1_ours_stage2/quadruped_ppo_model.zip
