train/action_std_02,time/total_timesteps,rollout/recovery_noforce,train/action_std_03,train/action_std_11,rollout/is_fall_mean,train/action_std_14,train/action_std_16,rollout/is_timeout_mean,train/action_std_15,train/action_std_13,train/action_std_19,rollout/force_onset_mean,train/action_std_00,train/action_std_05,train/action_std_06,train/action_std_24,rollout/force_direction_mean,rollout/force_requested_impulse_mean,train/action_std_20,rollout/ep_rew_mean,train/action_std_22,time/fps,train/action_std_12,rollout/recovery_left,rollout/episodes_left,train/std_min,train/action_std_07,train/action_std_17,train/std_max,rollout/action_saturation_fraction,train/action_std_04,train/action_std_10,train/action_std_09,train/action_std_23,time/time_elapsed,train/action_std_08,train/action_std_01,train/action_std_18,rollout/ep_len_mean,time/iterations,rollout/episodes_noforce,train/action_std_21,train/clip_range_vf,train/n_updates,rollout/recovery_back,train/std,rollout/episodes_right,train/entropy_loss,rollout/timeouts,rollout/recovery_up,rollout/recovery_right,rollout/episodes_back,rollout/recovery_fwd,train/learning_rate,train/approx_kl,rollout/episodes_down,rollout/recovery_down,train/loss,rollout/episodes_fwd,rollout/episodes_up,train/explained_variance,train/value_loss,train/policy_gradient_loss,train/clip_fraction,train/clip_range,rollout/timeout_without_onset_fraction
0.04999999701976776,131072,0.0,0.04999999701976776,0.04999999701976776,1.0,0.04999999701976776,0.04999999701976776,0.0,0.04999999701976776,0.04999999701976776,0.04999999701976776,0.1980000000000005,0.04999999701976776,0.04999999701976776,0.04999999701976776,0.04999999701976776,0.5,0.46737325121320444,0.04999999701976776,177.49757385253906,0.04999999701976776,12319,0.04999999701976776,0.0,1,0.04999999701976776,0.04999999701976776,0.04999999701976776,0.04999999701976776,0.0,0.04999999701976776,0.04999999701976776,0.04999999701976776,0.04999999701976776,10,0.04999999701976776,0.04999999701976776,0.04999999701976776,262.0,1,1,0.04999999701976776,,,,,,,,,,,,,,,,,,,,,,,,
0.050449829548597336,262144,1.0,0.05044097825884819,0.05044073984026909,0.003937007874015748,0.05044260248541832,0.05044936388731003,0.9960629921259843,0.050425756722688675,0.050454821437597275,0.050455279648303986,1.401259842519686,0.05043848976492882,0.050454966723918915,0.05041176453232765,0.050420574843883514,1.7559055118110236,0.51940335850896,0.05042510852217674,742.8904418945312,0.050436194986104965,8030,0.050419263541698456,0.9696969696969697,33,0.05041176453232765,0.050437070429325104,0.050447966903448105,0.050455279648303986,0.0,0.05042681470513344,0.05045084282755852,0.050432395190000534,0.05043940246105194,32,0.05043785274028778,0.050428859889507294,0.05044401064515114,1000.0,2,48,0.050424590706825256,0.2,10,1.0,0.05043742060661316,30,39.30565720498562,253,1.0,1.0,41,1.0,1e-05,0.0038526806,29,1.0,4.739859104156494,35,38,-0.11453711986541748,2.9493741148151456,-0.0017154484843104,0.16278305053710937,0.1,0.0
0.05084213241934776,393216,0.0,0.05078869313001633,0.05079180374741554,0.3333333333333333,0.05080685764551163,0.050805963575839996,0.6666666666666666,0.05084363371133804,0.05083855614066124,0.050832655280828476,0.6073333333333341,0.05081549659371376,0.05083678662776947,0.05081440508365631,0.05079706013202667,0.6666666666666666,0.5257110804382124,0.050816744565963745,735.6031494140625,0.05078457295894623,7895,0.05078648775815964,1.0,1,0.05077878758311272,0.050838351249694824,0.05083731934428215,0.050850849598646164,0.0,0.05080052465200424,0.05082068219780922,0.05080920830368996,0.050850849598646164,49,0.050833381712436676,0.05081109702587128,0.05082595348358154,990.76,3,1,0.05077878758311272,0.2,20,1.0,0.05081631988286972,,39.098020592331885,2,,,1,,1e-05,0.003097617,,,3.2572009563446045,,,-0.3493736982345581,1.3365148926153778,-0.0006214254469796288,0.13341598510742186,0.1,0.0
0.05124819651246071,524288,1.0,0.05116436257958412,0.05117414519190788,0.0,0.05119035020470619,0.05116172879934311,1.0,0.0512089803814888,0.05126473307609558,0.05121319368481636,1.399217391304349,0.05123070254921913,0.051221396774053574,0.05120547488331795,0.05118333548307419,1.976284584980237,0.5120601871362941,0.05121846869587898,739.211669921875,0.05119789391756058,7682,0.05114956572651863,1.0,27,0.05114956572651863,0.05123509094119072,0.05125655606389046,0.05126473307609558,0.0,0.05116961896419525,0.05121413245797157,0.05119657516479492,0.0512625090777874,68,0.051236592233181,0.05118200555443764,0.05122429132461548,1000.0,4,46,0.05117747560143471,0.2,30,1.0,0.051207493990659714,30,38.9071480691433,253,1.0,1.0,36,1.0,1e-05,0.0030496353,50,1.0,3.260331630706787,35,29,-1.6679012775421143,1.3239303829148412,-0.0006830557669672999,0.13398513793945313,0.1,0.0
0.05165962502360344,655360,1.0,0.051568515598773956,0.05157725512981415,0.0,0.05157226324081421,0.05155874043703079,1.0,0.05160840228199959,0.05167953297495842,0.05163402482867241,1.528666666666668,0.051653701812028885,0.05159345269203186,0.051607050001621246,0.0516328327357769,0.3333333333333333,0.3739961680262948,0.05162065848708153,739.529052734375,0.0515935905277729,7383,0.05151740461587906,,,0.05151740461587906,0.05163390189409256,0.05165715143084526,0.051685139536857605,0.0,0.05153784900903702,0.05162234604358673,0.05158303678035736,0.051685139536857605,88,0.051628436893224716,0.05156000703573227,0.051616866141557693,1000.0,5,1,0.05157792195677757,0.2,40,1.0,0.05160718783736229,,38.71396727263927,3,,,2,,1e-05,0.0031979731,,,3.2159719467163086,,,-0.0063173770904541016,1.303977129328996,-0.0008415809027610521,0.13885040283203126,0.1,0.0
0.05205497890710831,786432,1.0,0.0520293191075325,0.052017029374837875,0.031496062992125984,0.05192933604121208,0.05194695666432381,0.968503937007874,0.05202220007777214,0.05206593871116638,0.05203855037689209,1.402228346456694,0.05206417664885521,0.051998429000377655,0.05199889838695526,0.052068646997213364,1.6456692913385826,0.942527216172789,0.05201975628733635,740.37109375,0.05203310400247574,7344,0.05192418396472931,0.8620689655172413,29,0.05192418396472931,0.05206078663468361,0.05205700173974037,0.05211440101265907,0.0,0.05198100209236145,0.052005596458911896,0.051959823817014694,0.05211440101265907,107,0.052084214985370636,0.05199448764324188,0.052065394818782806,1000.0,6,59,0.05201823264360428,0.2,50,1.0,0.05202209949493408,35,38.515987154841426,246,1.0,0.9142857142857143,34,0.9714285714285714,1e-05,0.0032166797,32,1.0,3.2034530639648438,35,30,-1.1246497631072998,1.2505789628252386,-0.0005690317535481882,0.13985671997070312,0.1,0.0
0.05246894434094429,917504,0.5,0.05242545157670975,0.052431777119636536,0.9545454545454546,0.05235989764332771,0.052341338247060776,0.045454545454545456,0.052415329962968826,0.05249061435461044,0.05248348042368889,1.4017727272727285,0.05249607190489769,0.052420828491449356,0.05243775248527527,0.05244217813014984,1.9772727272727273,1.5566430635653914,0.05241650342941284,535.5931396484375,0.05240115895867348,7382,0.0523265041410923,0.0,16,0.0523265041410923,0.05249441787600517,0.052499063313007355,0.05250158905982971,0.0,0.052336808294057846,0.052431654185056686,0.05235586687922478,0.05250158905982971,124,0.05243212729692459,0.05237159505486488,0.052488911896944046,733.04,7,2,0.052418053150177,0.2,60,0.0,0.052427515387535095,17,38.320624047517775,2,,0.0,1,0.14285714285714285,1e-05,0.0031289263,1,0.0,3.1870479583740234,7,,-0.41358864307403564,1.3117907751351594,-0.00106448483920758,0.13396835327148438,0.1,0.0
0.052882540971040726,1048576,0.9117647058823529,0.0528031587600708,0.05282862111926079,0.19383259911894274,0.05274958163499832,0.052692439407110214,0.8061674008810573,0.05288083851337433,0.052902668714523315,0.05293036252260208,1.383497797356829,0.05292859673500061,0.05287258327007294,0.052870627492666245,0.05283040925860405,1.8986784140969164,1.157641916417684,0.05278688296675682,693.836669921875,0.052765730768442154,7202,0.05277344211935997,0.6136363636363636,44,0.052692439407110214,0.05289769917726517,0.05290469899773598,0.0529402419924736,0.0,0.052755970507860184,0.05285152420401573,0.05275055021047592,0.0529402419924736,145,0.052869267761707306,0.05276712775230408,0.052905380725860596,969.31,8,34,0.0527849942445755,0.2,70,1.0,0.05283703655004501,33,38.12646586000919,183,0.96875,0.45454545454545453,35,0.8461538461538461,1e-05,0.003264628,23,0.9565217391304348,3.019991636276245,26,32,-0.43197131156921387,1.1529680809006095,-0.0018878675765336083,0.13918228149414064,0.1,0.0
0.053294625133275986,1179648,1.0,0.05323680490255356,0.05326247215270996,0.6666666666666666,0.05312848091125488,0.05312066525220871,0.3333333333333333,0.05332588031888008,0.053336914628744125,0.05335097014904022,1.3878333333333341,0.05333500728011131,0.05330941826105118,0.053318414837121964,0.05325441062450409,1.9761904761904763,1.3676110828090728,0.05318073183298111,439.3481140136719,0.053215254098176956,7244,0.053180236369371414,0.13793103448275862,29,0.05312066525220871,0.05329268053174019,0.05332035943865776,0.05335097014904022,0.0,0.05312775820493698,0.053270816802978516,0.05316772311925888,0.05332653969526291,162,0.0532817542552948,0.05318092182278633,0.053331729024648666,624.29,9,10,0.053196392953395844,0.2,80,0.8571428571428571,0.05325387790799141,25,37.93035236597061,28,0.25,0.04,7,0.4,1e-05,0.003263703,4,1.0,2.995176076889038,5,4,-0.4598982334136963,1.1525940344668926,-0.001569930719460899,0.13833084106445312,0.1,0.0
0.05371798574924469,1310720,1.0,0.05364725738763809,0.0536646693944931,0.17676767676767677,0.053553737699985504,0.053568385541439056,0.8232323232323232,0.05372440069913864,0.0537654310464859,0.05379210039973259,1.391979797979799,0.0537865087389946,0.05376536771655083,0.05376402288675308,0.053681381046772,1.904040404040404,1.1461391673332346,0.053572919219732285,697.771240234375,0.053627002984285355,7249,0.053594984114170074,0.5588235294117647,34,0.053553737699985504,0.05366797000169754,0.05374227464199066,0.053807877004146576,0.0,0.05359286069869995,0.05368400365114212,0.053604401648044586,0.053807877004146576,180,0.053699981421232224,0.05360623076558113,0.05377060920000076,971.33,10,31,0.053595252335071564,0.2,90,0.9,0.05367990583181381,32,37.73266665637493,163,0.9615384615384616,0.53125,20,0.967741935483871,1e-05,0.003296513,24,0.9583333333333334,2.848163604736328,31,26,-0.13865792751312256,1.0005810749251396,-0.0018228028653538785,0.13934555053710937,0.1,0.0
0.05411870405077934,1441792,0.9090909090909091,0.0540911890566349,0.05414319783449173,0.47115384615384615,0.05396530032157898,0.05397834628820419,0.5288461538461539,0.05416863411664963,0.05417681112885475,0.05419754609465599,1.4229615384615395,0.05423460528254509,0.05415070056915283,0.054200854152441025,0.05412568524479866,2.1826923076923075,1.3253744852784792,0.05400148034095764,533.5682983398438,0.054063815623521805,7157,0.05406254157423973,0.23809523809523808,21,0.05396530032157898,0.054113827645778656,0.05418059602379799,0.05423460528254509,0.0,0.05400191619992256,0.05410732328891754,0.05401124060153961,0.0542072132229805,201,0.05416441336274147,0.054064203053712845,0.05419633165001869,752.64,11,11,0.05403676629066467,0.2,100,1.0,0.05411053076386452,38,37.53245704472065,55,0.9285714285714286,0.2894736842105263,6,0.6,1e-05,0.003275828,4,1.0,2.837562084197998,10,14,-0.29864418506622314,1.0102716304827482,-0.0016125607668982412,0.13800506591796874,0.1,0.0
0.05458145961165428,1572864,0.9696969696969697,0.05452745407819748,0.05455902963876724,0.23809523809523808,0.054380010813474655,0.054451677948236465,0.7619047619047619,0.05463051423430443,0.05462365224957466,0.054670725017786026,1.4055238095238105,0.05461682751774788,0.05455410107970238,0.0546664223074913,0.054537128657102585,1.7777777777777777,1.1265950248909555,0.0544327013194561,681.29833984375,0.05451328679919243,7179,0.05447333678603172,0.5142857142857142,35,0.054380010813474655,0.05459681898355484,0.05464997887611389,0.054670725017786026,0.0,0.0544193871319294,0.05451708287000656,0.054464321583509445,0.054639749228954315,219,0.054624252021312714,0.05454469472169876,0.054638657718896866,953.21,12,33,0.05448143929243088,0.2,110,0.92,0.05455178767442703,35,37.33187625706196,144,1.0,0.4,25,0.8181818181818182,1e-05,0.0033373467,13,1.0,2.747720718383789,22,26,-0.05521559715270996,0.911053005605936,-0.002153021963476931,0.1409515380859375,0.1,0.0
0.05500292405486107,1703936,0.9583333333333334,0.05490687116980553,0.05498713627457619,0.31896551724137934,0.054814789444208145,0.05491522327065468,0.6810344827586207,0.05510002374649048,0.05508137494325638,0.055118340998888016,1.3811034482758628,0.05504120513796806,0.05501597374677658,0.05508654937148094,0.054948870092630386,1.9827586206896552,1.1312803008986205,0.054854508489370346,577.0626831054688,0.05494026467204094,7204,0.054918352514505386,0.47058823529411764,17,0.054814789444208145,0.055048566311597824,0.05511200800538063,0.05512113869190216,0.0,0.054889895021915436,0.05495161935687065,0.0549205020070076,0.05512113869190216,236,0.05504831671714783,0.05500413104891777,0.0550960972905159,808.64,13,24,0.05497084558010101,0.2,120,0.9090909090909091,0.0549958236515522,26,37.12920910418033,79,0.8421052631578947,0.19230769230769232,11,0.75,1e-05,0.0032243982,11,1.0,2.7229843139648438,8,19,-0.0719989538192749,0.9134886639658362,-0.0015552817155821685,0.1318206787109375,0.1,0.0
0.055474601686000824,1835008,1.0,0.05536103993654251,0.05540675297379494,0.22404371584699453,0.05526125431060791,0.055348992347717285,0.7759562841530054,0.05553048476576805,0.055560071021318436,0.05553889274597168,1.380448087431695,0.055509041994810104,0.05546531826257706,0.05555998906493187,0.05539369210600853,1.9508196721311475,1.1539821557152303,0.055277593433856964,685.0055541992188,0.05540833994746208,7124,0.05539066717028618,0.4117647058823529,34,0.05526125431060791,0.055488213896751404,0.055529095232486725,0.055560071021318436,0.0,0.05533578246831894,0.05541951581835747,0.055351220071315765,0.055524539202451706,257,0.0555257573723793,0.05542924255132675,0.055455613881349564,954.72,14,29,0.0554191879928112,0.2,130,1.0,0.05543859302997589,35,36.92719501256943,142,0.9333333333333333,0.5714285714285714,18,0.8,1e-05,0.003257914,27,1.0,2.602540969848633,25,15,0.02011662721633911,0.7931528245098889,-0.0017582175157258462,0.13548431396484376,0.1,0.0
0.0559266023337841,1966080,0.9230769230769231,0.05584372580051422,0.05584609508514404,0.38095238095238093,0.05572075769305229,0.05580354481935501,0.6190476190476191,0.055973928421735764,0.05599375069141388,0.055954448878765106,1.4103174603174615,0.05593769624829292,0.055898845195770264,0.056025199592113495,0.05583256855607033,2.2301587301587302,1.2978567898557767,0.05568811297416687,566.2416381835938,0.05584920942783356,7149,0.05585922300815582,0.30434782608695654,23,0.05568811297416687,0.05589248985052109,0.05600396543741226,0.056025199592113495,0.0,0.05579712986946106,0.05585108697414398,0.05575130879878998,0.05595692992210388,274,0.05591490864753723,0.05584344640374184,0.05591952055692673,796.31,15,13,0.05583951622247696,0.2,140,0.9230769230769231,0.0558769591152668,36,36.729190370440485,78,0.9230769230769231,0.25,13,0.8461538461538461,1e-05,0.0031308467,15,1.0,2.640368700027466,13,13,0.03717911243438721,0.7895475747995079,-0.001661144928266367,0.13080825805664062,0.1,0.0
0.05641278997063637,2097152,1.0,0.056292541325092316,0.056264687329530716,0.18452380952380953,0.05616474524140358,0.05625567212700844,0.8154761904761905,0.05637248232960701,0.056380949914455414,0.05638141930103302,1.40029761904762,0.05637328699231148,0.056317511945962906,0.05653942748904228,0.05628957599401474,1.875,1.0545065257780961,0.056101828813552856,663.5711059570312,0.05632340535521507,7165,0.056261010468006134,0.5405405405405406,37,0.056101828813552856,0.05635138601064682,0.05641474202275276,0.05653942748904228,0.0,0.05624943599104881,0.05630505084991455,0.05617150664329529,0.05641258880496025,292,0.05635857209563255,0.05628954991698265,0.056403711438179016,932.52,16,29,0.0563141405582428,0.2,150,0.9,0.05632008612155914,28,36.531790894269946,137,1.0,0.6785714285714286,20,0.8947368421052632,1e-05,0.0031979673,26,0.9615384615384616,2.5248422622680664,19,9,0.2139800786972046,0.6987278814893216,-0.0018561892195521068,0.1351806640625,0.1,0.0
0.05688263103365898,2228224,1.0,0.05677996575832367,0.05668353661894798,0.6851063829787234,0.056601714342832565,0.0566849447786808,0.3148936170212766,0.05685369670391083,0.056836456060409546,0.05685662478208542,1.3890382978723412,0.05678856000304222,0.0567299909889698,0.05699651315808296,0.05678234621882439,2.1446808510638298,1.9958019486516811,0.056514427065849304,432.1952819824219,0.05677066370844841,7102,0.05668836459517479,0.08333333333333333,48,0.056514427065849304,0.05681328848004341,0.05687716603279114,0.05699651315808296,0.0,0.056676942855119705,0.056697893887758255,0.05663014203310013,0.056835468858480453,313,0.05682229623198509,0.05672850459814072,0.05682342126965523,618.19,17,17,0.05676069110631943,0.2,160,0.5294117647058824,0.05676465108990669,72,36.334448617696765,74,0.30303030303030304,0.1527777777777778,17,0.3888888888888889,1e-05,0.003106587,12,0.75,2.5059728622436523,36,33,0.06711459159851074,0.6807954401243478,-0.0013375767751767852,0.1314605712890625,0.1,0.0
0.05735498666763306,2359296,0.9333333333333333,0.05721394345164299,0.05716053768992424,0.7911111111111111,0.057036153972148895,0.05713936313986778,0.2088888888888889,0.057321127504110336,0.05727982521057129,0.057297732681035995,1.4055644444444455,0.05726001411676407,0.05721418932080269,0.057451240718364716,0.05723574757575989,2.0844444444444443,2.1881937554438076,0.05695777013897896,342.7644958496094,0.05722877383232117,7112,0.057209428399801254,0.11320754716981132,53,0.05695777013897896,0.05732599273324013,0.057319238781929016,0.057451240718364716,0.0,0.05715411901473999,0.05715249851346016,0.057124994695186615,0.05733833461999893,331,0.0572897270321846,0.05715839937329292,0.05726546049118042,498.73,18,15,0.05723690614104271,0.2,170,0.4444444444444444,0.05722906067967415,56,36.135001531243326,47,0.046511627906976744,0.07142857142857142,18,0.2777777777777778,1e-05,0.0033514758,4,0.75,2.6020970344543457,36,43,0.4162271022796631,0.833387001324445,-0.0025942540397863923,0.1367034912109375,0.1,0.0
0.057805366814136505,2490368,0.9230769230769231,0.05767015740275383,0.05764790251851082,0.7654867256637168,0.057561445981264114,0.05763573944568634,0.2345132743362832,0.057828206568956375,0.05770637094974518,0.05779329314827919,1.4006991150442487,0.057748571038246155,0.057699866592884064,0.05794338881969452,0.05772830918431282,2.1150442477876106,2.163340903036723,0.057429369539022446,420.02996826171875,0.057652588933706284,7119,0.05764603242278099,0.22033898305084745,59,0.057429369539022446,0.0578158013522625,0.05781612917780876,0.05794338881969452,0.0,0.057590920478105545,0.057676155120134354,0.057619087398052216,0.05779892951250076,349,0.057752784341573715,0.05761609226465225,0.0577143132686615,599.32,19,13,0.05769616365432739,0.2,180,0.4,0.05770371854305267,64,35.92986851334572,53,0.14705882352941177,0.109375,20,0.0967741935483871,1e-05,0.0034470304,5,1.0,2.59426212310791,31,34,0.5180844664573669,0.7966775987762957,-0.0024946268835265074,0.13736953735351562,0.1,0.0
0.05828520655632019,2621440,0.8235294117647058,0.05811430886387825,0.05812908336520195,0.7798165137614679,0.05800333619117737,0.05810723081231117,0.22018348623853212,0.05830809846520424,0.05815634876489639,0.058300867676734924,1.402577981651377,0.058166708797216415,0.05810961127281189,0.05844157934188843,0.05816260352730751,2.073394495412844,2.180110950473787,0.05793249234557152,399.5052490234375,0.05815396457910538,7069,0.058141015470027924,0.07142857142857142,42,0.05793249234557152,0.0583159364759922,0.05827215686440468,0.05844157934188843,0.0,0.058068107813596725,0.058115918189287186,0.05812021344900131,0.058298103511333466,370,0.05813818797469139,0.05807696655392647,0.05814746022224426,583.32,20,17,0.058166805654764175,0.2,190,0.5,0.05816929414868355,55,35.72567434608936,48,0.16666666666666666,0.03636363636363636,8,0.3181818181818182,1e-05,0.0033285222,4,0.75,2.5700981616973877,44,48,0.5756083726882935,0.773650224506855,-0.0020929377891206967,0.13740386962890624,0.1,0.0
0.05880412459373474,2752512,0.9333333333333333,0.05859481543302536,0.05860954150557518,0.6956521739130435,0.05851573869585991,0.05860405042767525,0.30434782608695654,0.05879499763250351,0.05863826349377632,0.0588054284453392,1.3965797101449287,0.058696042746305466,0.058618441224098206,0.0588822104036808,0.05859007686376572,2.0676328502415457,2.0515830246141356,0.05840717628598213,440.8010559082031,0.058656565845012665,7081,0.05857236683368683,0.14,50,0.05840717628598213,0.05879300832748413,0.05878781899809837,0.0588822104036808,0.0,0.05857083201408386,0.05858365446329117,0.0586351715028286,0.05877942591905594,388,0.05859097093343735,0.05854436010122299,0.058653153479099274,635.66,21,15,0.05862748622894287,0.2,200,0.6875,0.05865422636270523,56,35.52210874855518,63,0.2903225806451613,0.17857142857142858,16,0.21875,1e-05,0.003442171,7,0.7142857142857143,2.4596221446990967,32,31,0.6445773839950562,0.703291854262352,-0.002353172784114577,0.13880767822265624,0.1,0.0
0.05929335579276085,2883584,0.9375,0.05908786877989769,0.059122662991285324,0.788,0.05899026617407799,0.059036556631326675,0.212,0.05922131612896919,0.05914811044931412,0.05926209315657616,1.382696000000001,0.059118445962667465,0.05913127586245537,0.059362638741731644,0.059051308780908585,2.052,2.155915486454967,0.058871809393167496,331.5986328125,0.05915035307407379,7075,0.05907599627971649,0.125,56,0.058871809393167496,0.059268154203891754,0.05926162749528885,0.059362638741731644,0.0,0.05904104560613632,0.05902070924639702,0.05914871767163277,0.059239886701107025,407,0.059078559279441833,0.05905717983841896,0.05913712456822395,482.24,22,16,0.05907329171895981,0.2,210,0.16666666666666666,0.05913000926375389,69,35.3171991199255,53,0.21212121212121213,0.08695652173913043,18,0.10869565217391304,1e-05,0.0033744234,12,0.8333333333333334,2.4647767543792725,46,33,0.6455197334289551,0.6879804750904441,-0.0021115769622610968,0.13979110717773438,0.1,0.0
0.05974344164133072,3014656,1.0,0.05956701934337616,0.05965987220406532,0.7674418604651163,0.05948382616043091,0.05950635299086571,0.23255813953488372,0.059733401983976364,0.05963296815752983,0.05977284908294678,1.4037209302325595,0.059655338525772095,0.0596490204334259,0.05983882397413254,0.05952078476548195,2.0372093023255813,2.125598253595082,0.05937774106860161,376.63934326171875,0.05961015447974205,7038,0.059571947902441025,0.08620689655172414,58,0.05937774106860161,0.059780243784189224,0.05972440168261528,0.05983882397413254,0.0,0.059550222009420395,0.05945069342851639,0.05963581055402756,0.05971973016858101,428,0.05956609919667244,0.05952641740441322,0.059639595448970795,550.27,23,15,0.059554994106292725,0.2,220,0.38461538461538464,0.059618864208459854,54,35.11367203295231,50,0.15151515151515152,0.05555555555555555,13,0.3055555555555556,1e-05,0.003332261,6,1.0,2.5034377574920654,36,33,0.6772958636283875,0.7660464049316943,-0.001861688847611731,0.136962890625,0.1,0.0
0.060244929045438766,3145728,0.9,0.06000806763768196,0.06009742245078087,0.7577092511013216,0.05997113510966301,0.06001165881752968,0.2422907488986784,0.06020660325884819,0.06014707684516907,0.06028304621577263,1.3864933920704854,0.060094960033893585,0.06017051264643669,0.060372378677129745,0.05999482050538063,2.0,2.177168033210818,0.0598478689789772,402.8094177246094,0.06013726815581322,7049,0.0600653775036335,0.12698412698412698,63,0.0598478689789772,0.06027882173657417,0.060201939195394516,0.060372378677129745,0.0,0.06009472906589508,0.0599871389567852,0.06017288193106651,0.06018859148025513,446,0.06004871055483818,0.06001074239611626,0.060137469321489334,580.47,24,10,0.06010111793875694,0.2,230,0.5384615384615384,0.060115013271570206,59,34.906817716360095,55,0.2,0.1016949152542373,26,0.2777777777777778,1e-05,0.0034394555,3,0.6666666666666666,2.504976749420166,36,30,0.6946510672569275,0.7148477255832404,-0.0020030888025303283,0.14291839599609374,0.1,0.0
0.06077290326356888,3276800,0.9411764705882353,0.06051823869347572,0.06061656028032303,0.7899159663865546,0.06050235405564308,0.060514140874147415,0.21008403361344538,0.06072413548827171,0.060650911182165146,0.06074846535921097,1.4028151260504211,0.060593485832214355,0.06063617765903473,0.06086697056889534,0.06048918515443802,1.9915966386554622,2.13998694767506,0.060298945754766464,368.9123840332031,0.060669753700494766,7048,0.06056301295757294,0.08823529411764706,68,0.060298945754766464,0.06080881878733635,0.060691483318805695,0.06086697056889534,0.0,0.06057186424732208,0.060508932918310165,0.060674309730529785,0.060713570564985275,464,0.060574766248464584,0.060501229017972946,0.06067376211285591,538.64,25,17,0.06059787794947624,0.2,240,0.5454545454545454,0.060619283467531204,50,34.69894105494022,50,0.03125,0.04,22,0.13157894736842105,1e-05,0.0033788544,11,0.7272727272727273,2.4116554260253906,38,32,0.6951550245285034,0.7352022640872746,-0.001932231897399106,0.139947509765625,0.1,0.0
0.06126955896615982,3407872,0.7692307692307693,0.0609545074403286,0.061114635318517685,0.777292576419214,0.06100648641586304,0.06100975722074509,0.22270742358078602,0.061236366629600525,0.061194755136966705,0.0612809993326664,1.3871353711790402,0.06111685186624527,0.06112958863377571,0.061324216425418854,0.06104738637804985,1.908296943231441,2.19512369924194,0.060780465602874756,388.4256286621094,0.06118626520037651,7021,0.06105760484933853,0.11290322580645161,62,0.060780465602874756,0.061288684606552124,0.06118934229016304,0.061324216425418854,0.0,0.06107725948095322,0.06101791933178902,0.06115904822945595,0.061180807650089264,485,0.061083272099494934,0.06095125526189804,0.06113489344716072,567.39,26,13,0.06106211617588997,0.2,250,0.45454545454545453,0.06111416965723038,47,34.49378318190575,51,0.09375,0.1276595744680851,22,0.17391304347826086,1e-05,0.0034324098,7,1.0,2.506870985031128,46,32,0.7096527814865112,0.7613395759370178,-0.002053876198715443,0.14220123291015624,0.1,0.0
0.0617772713303566,3538944,0.7222222222222222,0.061511725187301636,0.06158412620425224,0.7592592592592593,0.06151546537876129,0.061526671051979065,0.24074074074074073,0.06176488846540451,0.06168731674551964,0.061750102788209915,1.350074074074075,0.061615247279405594,0.06166725605726242,0.06186565011739731,0.06149368733167648,2.009259259259259,2.138712052264461,0.06135149300098419,440.87066650390625,0.0616813600063324,7036,0.06153777614235878,0.14545454545454545,55,0.06135149300098419,0.06178303062915802,0.06165517494082451,0.06186565011739731,0.0,0.06160327419638634,0.06150701642036438,0.061658743768930435,0.061698317527770996,502,0.061622798442840576,0.061487868428230286,0.0616271048784256,639.34,27,18,0.06155360862612724,0.2,260,0.4375,0.06162107363343239,42,34.28834850490093,52,0.175,0.11904761904761904,16,0.1891891891891892,1e-05,0.0034952778,8,0.625,2.5874733924865723,37,40,0.7065573930740356,0.8062559645157308,-0.002042657136644266,0.14388656616210938,0.1,0.0
0.062302544713020325,3670016,1.0,0.06199030950665474,0.06209001690149307,0.7522123893805309,0.06205226480960846,0.06198659911751747,0.24778761061946902,0.06227445974946022,0.06221852824091911,0.062251362949609756,1.3995840707964613,0.06215666979551315,0.06217112019658089,0.062394917011260986,0.06204982474446297,2.1283185840707963,2.198721872597689,0.06185539811849594,394.23944091796875,0.062182120978832245,7042,0.062056247144937515,0.14634146341463414,41,0.06185539811849594,0.06224484741687775,0.06216356158256531,0.062394917011260986,0.0,0.06210756301879883,0.061989378184080124,0.062160760164260864,0.06221851333975792,521,0.06211714446544647,0.061968617141246796,0.0621454231441021,576.26,28,14,0.0620596781373024,0.2,270,0.47619047619047616,0.06212830916047096,68,34.0829977452755,56,0.1891891891891892,0.08823529411764706,21,0.16216216216216217,1e-05,0.0034270932,8,0.875,2.3078367710113525,37,37,0.722928524017334,0.6875544666079805,-0.0019993550397430226,0.14340744018554688,0.1,0.0
0.06282492727041245,3801088,0.9166666666666666,0.06247987225651741,0.06259585916996002,0.7890295358649789,0.06254692375659943,0.0625092089176178,0.2109704641350211,0.06280464679002762,0.06277846544981003,0.0627259835600853,1.3874345991561188,0.06267497688531876,0.06266476958990097,0.06286990642547607,0.0625833049416542,2.1012658227848102,2.2847336712761264,0.06235761567950249,360.2098083496094,0.06271269917488098,7049,0.06255080550909042,0.05084745762711865,59,0.06235761567950249,0.06276466697454453,0.06270723044872284,0.06286990642547607,0.0,0.06267134100198746,0.06252654641866684,0.0626293271780014,0.06270422786474228,539,0.06268050521612167,0.06250694394111633,0.06266371160745621,528.37,29,12,0.06260853260755539,0.2,280,0.4583333333333333,0.06264571845531464,54,33.876781246066095,50,0.11363636363636363,0.12962962962962962,24,0.18421052631578946,1e-05,0.003462407,6,1.0,2.544081449508667,38,44,0.7172984480857849,0.7734033347573132,-0.001988615086702339,0.14319229125976562,0.1,0.0
0.0633394718170166,3932160,1.0,0.06295887380838394,0.06314954161643982,0.7675438596491229,0.06303039193153381,0.06303678452968597,0.2324561403508772,0.0632481724023819,0.06330277025699615,0.0632811188697815,1.4067192982456151,0.06321801990270615,0.06316632777452469,0.06341516226530075,0.06310750544071198,2.1228070175438596,2.155222533605455,0.06290850043296814,389.8393249511719,0.0632537230849266,7011,0.06301918625831604,0.08695652173913043,46,0.06290850043296814,0.06326159834861755,0.06318586319684982,0.06341516226530075,0.0,0.06322569400072098,0.06305249035358429,0.06310741603374481,0.06322601437568665,560,0.06315088272094727,0.0629781186580658,0.06320484727621078,568.68,30,19,0.06305990368127823,0.2,290,0.47058823529411764,0.06315553933382034,61,33.67213529646396,53,0.08823529411764706,0.08196721311475409,17,0.1111111111111111,1e-05,0.0033657602,15,0.6666666666666666,2.429755210876465,36,34,0.73677659034729,0.7595656750258059,-0.0017696206468599484,0.13667755126953124,0.1,0.0
0.06381145864725113,4063232,0.875,0.0634792223572731,0.06368833035230637,0.755,0.06348362565040588,0.06355065107345581,0.245,0.06376376748085022,0.06380411237478256,0.06381025910377502,1.3947300000000014,0.06371674686670303,0.06373775005340576,0.0639546737074852,0.06364921480417252,2.035,2.259263389716113,0.06338855624198914,419.8321533203125,0.06377348303794861,7021,0.06352889537811279,0.046511627906976744,43,0.06338855624198914,0.06381291896104813,0.06368432193994522,0.0639546737074852,0.0,0.06369689851999283,0.06354421377182007,0.06364400684833527,0.06376677751541138,578,0.06366174668073654,0.06353813409805298,0.06363745778799057,608.53,31,8,0.06361668556928635,0.2,300,0.6666666666666666,0.06366975605487823,48,33.46933352649212,49,0.15625,0.125,12,0.2708333333333333,1e-05,0.0033512474,9,0.8888888888888888,2.40183687210083,48,32,0.743157148361206,0.7571966202463954,-0.0017537533222821366,0.13701858520507812,0.1,0.0
0.0643749013543129,4194304,0.7692307692307693,0.0640181228518486,0.06417112052440643,0.7829457364341085,0.06405096501111984,0.06407717615365982,0.21705426356589147,0.06428903341293335,0.06425265967845917,0.06435034424066544,1.403364341085272,0.06421875208616257,0.06423577666282654,0.06451524049043655,0.06419838964939117,2.186046511627907,2.2355675840025175,0.06389709562063217,399.9984130859375,0.06432132422924042,7028,0.06402917951345444,0.1111111111111111,63,0.06389709562063217,0.06434359401464462,0.06419584900140762,0.06451524049043655,0.0,0.06418813765048981,0.06411794573068619,0.06419859081506729,0.06433922052383423,596,0.06418666988611221,0.06408139318227768,0.06418492645025253,582.49,32,13,0.06416445225477219,0.2,310,0.4666666666666667,0.0642000362277031,61,33.26450191736221,56,0.19148936170212766,0.09836065573770492,15,0.13043478260869565,1e-05,0.003510519,13,0.8461538461538461,2.3641250133514404,46,47,0.7374306917190552,0.7054805511608719,-0.0018129503727777774,0.14386444091796874,0.1,0.0
0.06491485983133316,4325376,0.75,0.06452874839305878,0.06469263136386871,0.8260869565217391,0.06459785997867584,0.06461979448795319,0.17391304347826086,0.06482407450675964,0.06476488709449768,0.06488560140132904,1.3837971014492765,0.06479094177484512,0.06475017964839935,0.06503064930438995,0.06475775688886642,2.1497584541062804,2.26028349272598,0.06443934887647629,355.68402099609375,0.06483050435781479,6992,0.06455519795417786,0.1346153846153846,52,0.06443934887647629,0.06491582095623016,0.06469667702913284,0.06503064930438995,0.0,0.06472470611333847,0.06465315818786621,0.06474931538105011,0.06488145142793655,618,0.06475323438644409,0.06457259505987167,0.0647294744849205,515.98,33,8,0.06466944515705109,0.2,320,0.4444444444444444,0.06473315507173538,51,33.05679361820221,36,0.0625,0.058823529411764705,18,0.08333333333333333,1e-05,0.003393237,10,0.7,2.561434030532837,36,32,0.7609454393386841,0.8601582019589842,-0.002197111487384973,0.14205093383789064,0.1,0.0
0.06549161672592163,4456448,0.9166666666666666,0.06506352871656418,0.06527597457170486,0.728448275862069,0.06510474532842636,0.0651526153087616,0.27155172413793105,0.06531296670436859,0.0653388649225235,0.06548576056957245,1.4010344827586214,0.06529220938682556,0.06528410315513611,0.06556512415409088,0.06528134644031525,2.0905172413793105,2.1775419346593647,0.06495814770460129,447.9122619628906,0.06539276987314224,7004,0.06506438553333282,0.11764705882352941,68,0.06495814770460129,0.06547592580318451,0.06525322794914246,0.06556512415409088,0.0,0.06528543680906296,0.06514744460582733,0.06523977220058441,0.06545691192150116,636,0.06530509889125824,0.06509216874837875,0.06528883427381516,655.05,34,12,0.0652259886264801,0.2,330,0.6666666666666666,0.06527339667081833,52,32.850121319293976,63,0.225,0.19230769230769232,15,0.28205128205128205,1e-05,0.0033734334,6,0.6666666666666666,2.3097095489501953,39,40,0.7594588994979858,0.756914913840592,-0.002003652747043816,0.1392364501953125,0.1,0.0
0.06604684889316559,4587520,0.7,0.06564389169216156,0.06576328724622726,0.8016877637130801,0.06564412266016006,0.06565073132514954,0.19831223628691982,0.06581152230501175,0.06592004746198654,0.06605157256126404,1.384590717299579,0.06587891280651093,0.06587646156549454,0.06607285141944885,0.06574844568967819,2.3628691983122363,2.2846098727323674,0.06548916548490524,379.02960205078125,0.06594054400920868,7015,0.06562265753746033,0.1111111111111111,54,0.06548916548490524,0.06607494503259659,0.06578982621431351,0.06607494503259659,0.0,0.06580071151256561,0.06565137207508087,0.06577261537313461,0.06601123511791229,653,0.06587646156549454,0.06566563248634338,0.06583669036626816,550.75,35,10,0.06581108272075653,0.2,340,0.3125,0.06581806391477585,55,32.64238102734089,47,0.10204081632653061,0.03636363636363636,16,0.19444444444444445,1e-05,0.0033978065,17,0.8823529411764706,2.348374366760254,36,49,0.7501226663589478,0.7760647398419678,-0.0021361490252274963,0.140496826171875,0.1,0.0
0.06661420315504074,4718592,0.7857142857142857,0.06614112854003906,0.0662785992026329,0.7678571428571429,0.06623344123363495,0.0662376880645752,0.23214285714285715,0.06636013090610504,0.06648562848567963,0.06660140305757523,1.3814642857142867,0.06642792373895645,0.06639786064624786,0.06665493547916412,0.06632975488901138,1.9598214285714286,2.11095226699217,0.06606367975473404,401.2012634277344,0.06645206362009048,6991,0.06616509705781937,0.07142857142857142,56,0.06606367975473404,0.06657399982213974,0.06635750085115433,0.06665493547916412,0.0,0.0664362758398056,0.06620099395513535,0.06637755036354065,0.06659547984600067,674,0.06643535196781158,0.06624437123537064,0.06634724885225296,586.34,36,14,0.06638482958078384,0.2,350,0.38461538461538464,0.06637588143348694,52,32.432510712742804,52,0.2727272727272727,0.09615384615384616,13,0.20833333333333334,1e-05,0.0033685118,8,1.0,2.261470079421997,48,33,0.7585602402687073,0.8065277491696179,-0.0020619865912067325,0.14143295288085939,0.1,0.0
0.06722971051931381,4849664,1.0,0.0667259618639946,0.06690030544996262,0.7801047120418848,0.06682299822568893,0.06680560111999512,0.2198952879581152,0.0669882670044899,0.06708226352930069,0.06715428829193115,1.4090261780104723,0.06697627156972885,0.06697392463684082,0.0671837255358696,0.0669030174612999,2.2146596858638743,2.2302111530095297,0.06662390381097794,413.3780517578125,0.06693562865257263,7012,0.06672114133834839,0.06521739130434782,46,0.06662390381097794,0.06708728522062302,0.06686811149120331,0.06722971051931381,0.0,0.06700721383094788,0.06679072231054306,0.06696632504463196,0.06717470288276672,691,0.06696861237287521,0.06684032827615738,0.06690311431884766,605.39,37,8,0.06691629439592361,0.2,360,0.5454545454545454,0.06694198399782181,48,32.22137992084026,42,0.25806451612903225,0.10416666666666667,11,0.05714285714285714,1e-05,0.0034303926,12,0.8333333333333334,2.2811295986175537,35,31,0.7671719193458557,0.759549635509029,-0.0022107070759830095,0.14000320434570312,0.1,0.0
0.06778798997402191,4980736,1.0,0.06733334809541702,0.0674685463309288,0.7412280701754386,0.06737712770700455,0.06738092005252838,0.25877192982456143,0.06752261519432068,0.06764473766088486,0.06776958703994751,1.4004473684210537,0.06749026477336884,0.0675073191523552,0.06776129454374313,0.06742231547832489,1.9824561403508771,2.135237622453532,0.06722837686538696,405.6875,0.06754298508167267,7033,0.0672355592250824,0.14705882352941177,68,0.06722837686538696,0.06759697943925858,0.06745994091033936,0.06778798997402191,0.0,0.06754555553197861,0.06741451472043991,0.06755656003952026,0.06774313747882843,708,0.0675203949213028,0.06739053875207901,0.06750233471393585,595.58,38,16,0.06746313720941544,0.2,370,0.3888888888888889,0.06750664114952087,42,32.01034975796938,59,0.09375,0.047619047619047616,18,0.275,1e-05,0.0034594927,12,0.8333333333333334,2.3953516483306885,40,32,0.7511677145957947,0.7032411500113085,-0.002108809088713315,0.141571044921875,0.1,0.0
0.06832833588123322,5111808,0.6363636363636364,0.06783284991979599,0.06807860732078552,0.825531914893617,0.06796125322580338,0.06796843558549881,0.17446808510638298,0.06809724122285843,0.06823839247226715,0.06835485249757767,1.3960510638297883,0.06808944791555405,0.06808698177337646,0.06835812330245972,0.06799514591693878,2.225531914893617,2.245333828986083,0.06778573989868164,339.46722412109375,0.06813167035579681,7032,0.06781502068042755,0.11864406779661017,59,0.06778573989868164,0.0682266503572464,0.06805228441953659,0.06835812330245972,0.0,0.06813980638980865,0.06792618334293365,0.06811315566301346,0.06833618879318237,726,0.06812913715839386,0.06796722114086151,0.06805049628019333,507.21,39,11,0.06804069876670837,0.2,380,0.5,0.06808415800333023,66,31.798423698544504,41,0.1,0.07575757575757576,8,0.12195121951219512,1e-05,0.0034273136,10,0.9,2.3240742683410645,41,40,0.7663106322288513,0.7498822471126914,-0.0020384872635077047,0.14121322631835936,0.1,0.0
0.06887689232826233,5242880,0.9285714285714286,0.06839285045862198,0.06865979731082916,0.7351598173515982,0.06856365501880646,0.06855713576078415,0.2648401826484018,0.06861691921949387,0.06882277131080627,0.06895721703767776,1.4014155251141567,0.06865193694829941,0.0686817318201065,0.06885585933923721,0.06856860965490341,2.1141552511415527,2.1289237700092905,0.06836584955453873,422.6079406738281,0.06865401566028595,7043,0.06835225969552994,0.17857142857142858,56,0.06835225969552994,0.0687812864780426,0.06860651820898056,0.06895721703767776,0.0,0.06875652819871902,0.06851938366889954,0.06871691346168518,0.06892525404691696,744,0.06869512796401978,0.06854911148548126,0.06858986616134644,618.75,40,14,0.06859475374221802,0.2,390,0.5714285714285714,0.06865248829126358,48,31.588032680749894,58,0.16279069767441862,0.10416666666666667,14,0.21621621621621623,1e-05,0.0034149876,7,1.0,2.3911726474761963,37,43,0.7745625972747803,0.8349360434338451,-0.0023545835949335013,0.14025955200195311,0.1,0.0
0.06947912275791168,5373952,0.7272727272727273,0.06895049661397934,0.06927583366632462,0.7521739130434782,0.06913930922746658,0.06912528723478317,0.24782608695652175,0.06920061260461807,0.06934879720211029,0.06957991421222687,1.3857217391304357,0.069193996489048,0.06923742592334747,0.06938845664262772,0.06915558129549026,2.034782608695652,2.115845419221799,0.06890479475259781,401.4873962402344,0.06921166181564331,7062,0.06892674416303635,0.10843373493975904,83,0.06890479475259781,0.06940900534391403,0.06921561062335968,0.06957991421222687,0.0,0.06929154694080353,0.06914127618074417,0.0693083330988884,0.06953629851341248,760,0.06928381323814392,0.06914496421813965,0.06913486123085022,591.76,41,11,0.06919112056493759,0.2,400,0.5625,0.06923099607229233,41,31.37953485250473,57,0.2692307692307692,0.12195121951219512,16,0.15384615384615385,1e-05,0.0035690987,14,0.9285714285714286,2.3186140060424805,39,26,0.7632091641426086,0.7323592071887106,-0.0023381074089684263,0.14737396240234374,0.1,0.0
0.07006510347127914,5505024,0.7777777777777778,0.06957181543111801,0.06979621946811676,0.7511111111111111,0.06972934305667877,0.06968400627374649,0.24888888888888888,0.06978417187929153,0.06991003453731537,0.07018482685089111,1.3840177777777787,0.06970401108264923,0.06978187710046768,0.06995323300361633,0.06980656832456589,2.151111111111111,2.1981482931650933,0.0695820152759552,382.6929016113281,0.06982900947332382,7062,0.06954451650381088,0.1346153846153846,52,0.06954451650381088,0.07000352442264557,0.06977418810129166,0.07018482685089111,0.0,0.06984911113977432,0.06971326470375061,0.06985010951757431,0.07009128481149673,779,0.06984739005565643,0.06972140818834305,0.06970532238483429,572.27,42,9,0.06975790858268738,0.2,410,0.4583333333333333,0.06980960816144943,50,31.170332269370554,56,0.25,0.06,24,0.20512820512820512,1e-05,0.0033766434,11,0.9090909090909091,2.4571120738983154,39,40,0.7702416181564331,0.760778141580522,-0.0018977792507030244,0.13583831787109374,0.1,0.0
0.07070682942867279,5636096,0.8666666666666667,0.0701667070388794,0.0703931450843811,0.7428571428571429,0.0702812597155571,0.07025373727083206,0.2571428571428571,0.07037227600812912,0.07042831927537918,0.07071339339017868,1.400209523809525,0.07032900303602219,0.07036057859659195,0.07055697590112686,0.07037685066461563,2.080952380952381,2.1454005633839928,0.07015292346477509,422.230712890625,0.07041461765766144,7069,0.07004860043525696,0.1836734693877551,49,0.07004860043525696,0.07059791684150696,0.07033081352710724,0.07071339339017868,0.0,0.07046929746866226,0.07032033056020737,0.07054150104522705,0.07066717743873596,797,0.07045336067676544,0.07031022012233734,0.07031520456075668,623.2,43,15,0.07032821327447891,0.2,420,0.18181818181818182,0.0703955665230751,45,30.962484067678453,54,0.1891891891891892,0.08888888888888889,11,0.17073170731707318,1e-05,0.0033870887,12,1.0,2.324178457260132,41,37,0.7762869596481323,0.7461379955988378,-0.0021579971745268266,0.13660964965820313,0.1,0.0
0.07130076736211777,5767168,0.6666666666666666,0.07076524943113327,0.07099047303199768,0.7678571428571429,0.07086265087127686,0.07085946202278137,0.23214285714285715,0.07101385295391083,0.0710868164896965,0.07129362970590591,1.3617767857142868,0.07089617848396301,0.07092532515525818,0.07116194814443588,0.07100271433591843,2.2098214285714284,2.1855933499526796,0.07063481956720352,403.3277587890625,0.07103754580020905,7085,0.07066258043050766,0.11940298507462686,67,0.07063481956720352,0.07117459177970886,0.07089785486459732,0.07130076736211777,0.0,0.07105261832475662,0.07089812308549881,0.07110374420881271,0.07127159088850021,813,0.07102985680103302,0.07094651460647583,0.07087632268667221,596.91,44,15,0.07088522613048553,0.2,430,0.47058823529411764,0.07098522037267685,52,30.753363241255283,52,0.1891891891891892,0.11538461538461539,17,0.16,1e-05,0.0034478381,11,0.8181818181818182,2.1801533699035645,25,37,0.7651259303092957,0.719886242528446,-0.00210614628285839,0.14126358032226563,0.1,0.0
0.07188589870929718,5898240,0.8823529411764706,0.07136211544275284,0.07153581827878952,0.7866666666666666,0.07142283022403717,0.07145941257476807,0.21333333333333335,0.07158691436052322,0.07164961844682693,0.07191620767116547,1.3890133333333345,0.07149474322795868,0.07158778607845306,0.07173648476600647,0.07151291519403458,1.9733333333333334,2.1650549134859296,0.07121939212083817,414.9457092285156,0.07160666584968567,7092,0.071267269551754,0.10416666666666667,48,0.07121939212083817,0.0717993974685669,0.07156860083341599,0.07191620767116547,0.0,0.07161665707826614,0.07146423310041428,0.07164153456687927,0.07183225452899933,831,0.07158230990171432,0.07152841240167618,0.07142592966556549,617.5,45,17,0.0715038925409317,0.2,440,0.3076923076923077,0.07156829535961151,60,30.547356413304804,48,0.24242424242424243,0.08333333333333333,13,0.08695652173913043,1e-05,0.0033559059,8,0.875,2.4406511783599854,46,33,0.7747164964675903,0.773249059356749,-0.002174063173788454,0.139617919921875,0.1,0.0
0.07253839075565338,6029312,0.7692307692307693,0.07188574224710464,0.07217879593372345,0.7894736842105263,0.0720372423529625,0.07204117625951767,0.21052631578947367,0.07220769673585892,0.0722375214099884,0.07250823080539703,1.39492105263158,0.07213291525840759,0.0721895694732666,0.07234831154346466,0.07216334342956543,2.074561403508772,2.1601668369096476,0.07178077846765518,381.78936767578125,0.0721876248717308,7094,0.0718885213136673,0.07547169811320754,53,0.07178077846765518,0.07241693139076233,0.07213640958070755,0.07253839075565338,0.0,0.07214786112308502,0.07197138667106628,0.07223757356405258,0.07247178256511688,849,0.07211499661207199,0.07210946083068848,0.0720067098736763,573.31,46,13,0.07208474725484848,0.2,450,0.4117647058823529,0.07216094434261322,62,30.341729778051377,48,0.30303030303030304,0.06451612903225806,17,0.17073170731707318,1e-05,0.0032977252,9,0.6666666666666666,2.255234718322754,41,33,0.7746379375457764,0.802466137567535,-0.002054993485307932,0.1341217041015625,0.1,0.0
0.07310470193624496,6160384,1.0,0.07250501960515976,0.07276377826929092,0.7224669603524229,0.07263457775115967,0.07262375205755234,0.2775330396475771,0.07281413674354553,0.07282319664955139,0.07319511473178864,1.3993127753303976,0.07276332378387451,0.07275819033384323,0.07294685393571854,0.07278379797935486,2.2555066079295156,2.21486050880172,0.0724046528339386,410.25323486328125,0.07278822362422943,7109,0.07246525585651398,0.13114754098360656,61,0.0724046528339386,0.07303052395582199,0.07272813469171524,0.07319511473178864,0.0,0.07276835292577744,0.07259923964738846,0.07288303971290588,0.07301309704780579,866,0.07276110351085663,0.07274644821882248,0.07265262305736542,606.99,47,8,0.07272551208734512,0.2,460,0.6666666666666666,0.07277130335569382,53,30.132488000392915,63,0.3181818181818182,0.1320754716981132,18,0.17647058823529413,1e-05,0.0034702746,9,0.8888888888888888,2.2744133472442627,34,44,0.7842511534690857,0.7317836526082828,-0.002166300836370283,0.141259765625,0.1,0.0
0.0736905038356781,6291456,1.0,0.07313580065965652,0.0733790174126625,0.7828054298642534,0.07322817295789719,0.07331535965204239,0.2171945701357466,0.07345123589038849,0.07343278080224991,0.07378635555505753,1.3976742081447973,0.07339778542518616,0.07335241138935089,0.07361108064651489,0.07341301441192627,2.230769230769231,2.2247989830943666,0.07301179319620132,370.5086364746094,0.07340382784605026,7117,0.07302281260490417,0.11538461538461539,52,0.07301179319620132,0.07360460609197617,0.07331735640764236,0.07378635555505753,0.0,0.073390893638134,0.07326236367225647,0.0734606385231018,0.07367738336324692,884,0.07340022176504135,0.07333387434482574,0.0732944905757904,548.52,48,13,0.07332034409046173,0.2,470,0.5555555555555556,0.0733877643942833,65,29.92175876647234,48,0.0975609756097561,0.06153846153846154,18,0.2222222222222222,1e-05,0.0034159126,5,1.0,2.1267776489257812,27,41,0.7677892446517944,0.7239693335257471,-0.0021042470236807276,0.13883819580078124,0.1,0.0
0.07432063668966293,6422528,0.8888888888888888,0.07374253123998642,0.07393968850374222,0.8299595141700404,0.07381443679332733,0.07386792451143265,0.1700404858299595,0.07402671873569489,0.07409139722585678,0.07439975440502167,1.3938542510121468,0.07399971783161163,0.07398902624845505,0.07415176182985306,0.07401192933320999,1.9635627530364372,2.2486493611447225,0.07364087551832199,347.68609619140625,0.07404664903879166,7117,0.07366430014371872,0.04,75,0.07364087551832199,0.07421664148569107,0.0739600881934166,0.07439975440502167,0.0,0.07400815188884735,0.07387815415859222,0.07398952543735504,0.07427626103162766,902,0.07397844642400742,0.07398083060979843,0.07389115542173386,521.42,49,9,0.0738755315542221,0.2,480,0.2962962962962963,0.07399048656225204,45,29.71456494778395,42,0.15789473684210525,0.08888888888888889,27,0.1702127659574468,1e-05,0.0033444827,6,0.8333333333333334,2.354085683822632,47,38,0.7598369121551514,0.7696964326780289,-0.0020997276017624246,0.14055099487304687,0.1,0.0
0.07502060383558273,6553600,1.0,0.07435104250907898,0.07459547370672226,0.7877358490566038,0.07446593046188354,0.07451914250850677,0.21226415094339623,0.07471912354230881,0.07472602277994156,0.07499318569898605,1.3948301886792467,0.07459337264299393,0.07446561008691788,0.07478280365467072,0.07463720440864563,2.0849056603773586,2.165784459093098,0.0743284821510315,378.57452392578125,0.07470350712537766,7132,0.07433053851127625,0.09523809523809523,63,0.0743284821510315,0.07485254853963852,0.07453969866037369,0.07502060383558273,0.0,0.07465454190969467,0.07451136410236359,0.07466737926006317,0.07492150366306305,918,0.07456501573324203,0.07465959340333939,0.07454944401979446,575.48,50,13,0.0745394378900528,0.2,490,0.36363636363636365,0.07462769746780396,58,29.50485008955002,45,0.1935483870967742,0.10344827586206896,11,0.1875,1e-05,0.003373038,4,1.0,2.3594446182250977,32,31,0.7677119374275208,0.8583025977481157,-0.0020937438939654385,0.13580703735351562,0.1,0.0
0.07567377388477325,6684672,0.9444444444444444,0.07499507814645767,0.0751584842801094,0.7541666666666667,0.0750548467040062,0.07508569955825806,0.24583333333333332,0.075328029692173,0.07531233876943588,0.07562554627656937,1.3951166666666677,0.0752214789390564,0.07506115734577179,0.07545975595712662,0.07529476284980774,2.058333333333333,2.094682118535997,0.07490107417106628,402.49249267578125,0.07524668425321579,7139,0.07493036240339279,0.109375,64,0.07490107417106628,0.0754733607172966,0.07515318691730499,0.07567377388477325,0.0,0.07527810335159302,0.07513979822397232,0.07530887424945831,0.07554178684949875,936,0.07513254880905151,0.07531283795833588,0.07515336573123932,600.03,51,18,0.07516327500343323,0.2,500,0.47058823529411764,0.07524024695158005,65,29.296569237112998,59,0.15151515151515152,0.07692307692307693,17,0.2857142857142857,1e-05,0.0032940384,8,0.875,2.188253402709961,35,33,0.7800458073616028,0.7413594043347984,-0.0022506978526507736,0.13289566040039064,0.1,0.0
0.07625152915716171,6815744,0.7777777777777778,0.07556042820215225,0.07589568942785263,0.8410041841004184,0.07571398466825485,0.07575526088476181,0.1589958158995816,0.07595294713973999,0.07594809681177139,0.07628051191568375,1.4063933054393316,0.07590711116790771,0.07565901428461075,0.07612081617116928,0.07593351602554321,2.071129707112971,2.1646180671455335,0.07549306750297546,362.96539306640625,0.07583562284708023,7139,0.07560228556394577,0.06451612903225806,62,0.07549306750297546,0.07610419392585754,0.07581519335508347,0.07628051191568375,0.0,0.07588650286197662,0.07577641308307648,0.07594864070415497,0.07619417458772659,954,0.07573122531175613,0.07586953043937683,0.07573855668306351,546.65,52,18,0.07574576139450073,0.2,510,0.35714285714285715,0.07586880028247833,66,29.089202888309956,38,0.07894736842105263,0.045454545454545456,14,0.1388888888888889,1e-05,0.003390833,5,0.8,2.1675009727478027,36,38,0.7878376841545105,0.7329596006777137,-0.0022198702084097023,0.13719329833984376,0.1,0.0
0.07694859802722931,6946816,0.8823529411764706,0.07624445855617523,0.07649939507246017,0.7777777777777778,0.07631498575210571,0.07642707228660583,0.2222222222222222,0.07661290466785431,0.07662151008844376,0.07696450501680374,1.4144017094017105,0.07651876658201218,0.0763615220785141,0.07675874978303909,0.07655703276395798,2.072649572649573,2.1663939168782855,0.07613541185855865,377.0264892578125,0.0764981135725975,7151,0.07620912790298462,0.03278688524590164,61,0.07613541185855865,0.07673992216587067,0.07636900246143341,0.07696450501680374,0.0,0.0764991044998169,0.07637785375118256,0.07649733126163483,0.07689328491687775,971,0.07640991359949112,0.07646574825048447,0.07641716301441193,565.22,53,17,0.07644660770893097,0.2,520,0.42857142857142855,0.07651152461767197,60,28.879998245835303,52,0.2647058823529412,0.08333333333333333,14,0.18421052631578946,1e-05,0.0033598715,10,0.8,2.2286322116851807,38,34,0.7872095108032227,0.7943828398361802,-0.00211247881629788,0.13749542236328124,0.1,0.0
0.07753536105155945,7077888,0.875,0.0769062489271164,0.07717357575893402,0.780373831775701,0.07692597806453705,0.07703105360269547,0.21962616822429906,0.07723426073789597,0.07723242044448853,0.0775865688920021,1.3846355140186928,0.07715887576341629,0.07691743224859238,0.07736330479383469,0.07722397148609161,2.2196261682242993,2.1971884705796505,0.07681330293416977,423.3183898925781,0.07711425423622131,7157,0.07684426009654999,0.1,40,0.07681330293416977,0.07734275609254837,0.07705241441726685,0.0775865688920021,0.0,0.07704301178455353,0.07701846957206726,0.07711490243673325,0.07754573225975037,988,0.07705838233232498,0.07711543142795563,0.07704543322324753,629.28,54,16,0.07708745449781418,0.2,530,0.5,0.07713939249515533,58,28.67320072054863,47,0.10869565217391304,0.06896551724137931,18,0.1724137931034483,1e-05,0.0032949597,7,0.8571428571428571,2.275169849395752,29,46,0.7767391204833984,0.7843490655068308,-0.0023589566737427957,0.13700790405273439,0.1,0.0
0.07815812528133392,7208960,0.7222222222222222,0.0775291919708252,0.07785079628229141,0.7787234042553192,0.07755579054355621,0.07765000313520432,0.22127659574468084,0.07790970057249069,0.07786481082439423,0.07825732231140137,1.3807063829787245,0.07781010866165161,0.07753495872020721,0.07802872359752655,0.07784722000360489,2.029787234042553,2.170935481581059,0.07749573886394501,382.08074951171875,0.07785267382860184,7156,0.07749638706445694,0.031746031746031744,63,0.07749573886394501,0.07802688330411911,0.07767107337713242,0.07825732231140137,0.0,0.07768624275922775,0.07767713069915771,0.07777781784534454,0.07824148237705231,1007,0.07770184427499771,0.07775146514177322,0.07770988345146179,578.23,55,18,0.07775908708572388,0.2,540,0.375,0.07779377698898315,44,28.46490515768528,52,0.22727272727272727,0.1590909090909091,16,0.14634146341463414,1e-05,0.0033636964,9,0.8888888888888888,2.056489944458008,41,44,0.7715023159980774,0.7272487388690934,-0.0023283016500954545,0.1375091552734375,0.1,0.0
0.07874883711338043,7340032,1.0,0.07817549258470535,0.07848365604877472,0.8008474576271186,0.07825794070959091,0.0783471167087555,0.19915254237288135,0.07853056490421295,0.07858888804912567,0.07880975306034088,1.3973813559322046,0.07847893983125687,0.07816498726606369,0.07864294201135635,0.07847271114587784,2.3177966101694913,2.3172546061972144,0.07814174890518188,357.859130859375,0.07851191610097885,7168,0.0781630277633667,0.09090909090909091,44,0.07814174890518188,0.07864510267972946,0.07830411195755005,0.0788508728146553,0.0,0.07832962274551392,0.07826126366853714,0.07841426134109497,0.0788508728146553,1023,0.07838562875986099,0.07833117246627808,0.07827553898096085,540.98,56,6,0.07834374159574509,0.2,550,0.3125,0.07842639088630676,64,28.258523051440715,47,0.1875,0.0625,16,0.2,1e-05,0.0032714782,13,0.7692307692307693,2.107494354248047,45,48,0.7820377945899963,0.7715280213393271,-0.0017704730821151316,0.12870559692382813,0.1,0.0
0.07943718135356903,7471104,0.75,0.0788550078868866,0.07918423414230347,0.8161434977578476,0.07888466119766235,0.07893913239240646,0.18385650224215247,0.07923758029937744,0.07924330979585648,0.07945019006729126,1.3793273542600908,0.07922281324863434,0.07878288626670837,0.07935578376054764,0.07911577075719833,1.9955156950672646,2.19748591895477,0.07877784967422485,383.9210510253906,0.07917985320091248,7175,0.07888690382242203,0.1,60,0.07877784967422485,0.07931505888700485,0.07898373156785965,0.07945019006729126,0.0,0.07895102351903915,0.07882402837276459,0.07900553941726685,0.07941240817308426,1041,0.07903230935335159,0.0789375826716423,0.07895442843437195,582.02,57,16,0.07903172075748444,0.2,560,0.3684210526315789,0.07908003777265549,46,28.053167745471,41,0.14634146341463414,0.021739130434782608,19,0.13513513513513514,1e-05,0.0032769286,4,1.0,2.077000617980957,37,41,0.7901148200035095,0.7293821209575981,-0.0020784813894806574,0.13040924072265625,0.1,0.0
0.08007004857063293,7602176,1.0,0.07953453063964844,0.07987187057733536,0.7577092511013216,0.0795033648610115,0.07967928797006607,0.2422907488986784,0.0798838809132576,0.07987750321626663,0.08011452108621597,1.4079295154185032,0.07983217388391495,0.07946368306875229,0.0799659937620163,0.07980189472436905,2.158590308370044,2.1799727107487463,0.07944761961698532,410.43597412109375,0.07989165186882019,7173,0.07958070188760757,0.06382978723404255,47,0.07944761961698532,0.08001149445772171,0.07959754765033722,0.08011452108621597,0.0,0.07964451611042023,0.07959549874067307,0.07962288707494736,0.08007634431123734,1059,0.07969952374696732,0.0795784443616867,0.07966729998588562,602.06,58,11,0.07963897287845612,0.2,570,0.625,0.0797460526227951,62,27.844106325507163,55,0.24324324324324326,0.12903225806451613,8,0.14285714285714285,1e-05,0.0033578186,13,0.9230769230769231,2.0148508548736572,49,37,0.7968178987503052,0.7134661127347499,-0.002331740180034103,0.13498458862304688,0.1,0.0
0.08070158213376999,7733248,0.9,0.08017291128635406,0.08052904158830643,0.8008298755186722,0.08018983155488968,0.08032446354627609,0.1991701244813278,0.08056270331144333,0.08063763380050659,0.08077723532915115,1.393701244813279,0.0804881751537323,0.08009016513824463,0.08063966780900955,0.08052072674036026,2.0539419087136928,2.2571927154915103,0.08015447109937668,377.3512878417969,0.0805683359503746,7184,0.08029668033123016,0.0847457627118644,59,0.08009016513824463,0.08063492178916931,0.08026054501533508,0.08077723532915115,0.0,0.08035533875226974,0.08027051389217377,0.08030253648757935,0.08074211329221725,1076,0.08031297475099564,0.08025560528039932,0.08038078248500824,568.39,59,10,0.08028753101825714,0.2,580,0.4444444444444444,0.08041825145483017,59,27.634671266376973,48,0.10526315789473684,0.05084745762711865,18,0.22448979591836735,1e-05,0.0031921575,8,1.0,2.0577712059020996,49,38,0.7781941890716553,0.747098961751908,-0.0017340789635454713,0.12447128295898438,0.1,0.0
0.08146869391202927,7864320,0.8888888888888888,0.08089888840913773,0.08123577386140823,0.8127853881278538,0.08081541210412979,0.08101620525121689,0.1872146118721461,0.08122088015079498,0.08137285709381104,0.08139173686504364,1.3922191780821926,0.08109530061483383,0.08073991537094116,0.08129459619522095,0.08124193549156189,1.9771689497716896,2.2563203996848644,0.08076366037130356,369.4317626953125,0.08122475445270538,7190,0.08097182959318161,0.13793103448275862,58,0.08073991537094116,0.08121176064014435,0.08099573105573654,0.08146869391202927,0.0,0.08101106435060501,0.080966055393219,0.0809137225151062,0.08146726340055466,1093,0.08102953433990479,0.08094854652881622,0.08105165511369705,563.06,60,9,0.08097128570079803,0.2,590,0.4444444444444444,0.08109276741743088,52,27.42556387335062,41,0.17647058823529413,0.09615384615384616,9,0.11538461538461539,1e-05,0.0033383619,5,0.8,2.134354591369629,52,34,0.7890425324440002,0.7460469575133175,-0.0022463061762209692,0.13182907104492186,0.1,0.0
0.08207402378320694,7995392,0.9333333333333333,0.08161623775959015,0.08190508931875229,0.7161572052401747,0.08151204138994217,0.08166980743408203,0.2838427947598253,0.08187156915664673,0.0820012018084526,0.08210132271051407,1.4096157205240185,0.08183120936155319,0.08146017044782639,0.08192996680736542,0.0819753035902977,2.0829694323144103,2.061334212738911,0.08139365911483765,417.8992919921875,0.08189120143651962,7188,0.08166495710611343,0.08064516129032258,62,0.08139365911483765,0.08192000538110733,0.08170635998249054,0.0821254774928093,0.0,0.08171645551919937,0.08165039122104645,0.08154737949371338,0.0821254774928093,1112,0.0816882848739624,0.08164533227682114,0.08176270127296448,632.58,61,15,0.08170828968286514,0.2,600,0.6,0.08177473396062851,48,27.216244320571423,65,0.19444444444444445,0.125,15,0.325,1e-05,0.0032511996,13,0.8461538461538461,1.954592227935791,40,36,0.7681779861450195,0.7703517426736652,-0.001683759180468769,0.126318359375,0.1,0.0
0.08274603635072708,8126464,1.0,0.08232909440994263,0.08253736048936844,0.7431192660550459,0.08218488842248917,0.08240188658237457,0.25688073394495414,0.0825149342417717,0.08273706585168839,0.08274587988853455,1.3905779816513772,0.08254291117191315,0.08210885524749756,0.08262040466070175,0.08264720439910889,1.926605504587156,2.0541076474426476,0.08206607401371002,401.7362365722656,0.08261347562074661,7198,0.08233936131000519,0.1,50,0.08206607401371002,0.08252455294132233,0.08234348148107529,0.0828348845243454,0.0,0.08246245980262756,0.08227279782295227,0.0822458490729332,0.0828348845243454,1128,0.08236643671989441,0.08232840895652771,0.08247485011816025,604.97,62,23,0.08240507543087006,0.2,610,0.3888888888888889,0.08245576918125153,51,27.008278568089008,56,0.18181818181818182,0.09803921568627451,18,0.11428571428571428,1e-05,0.0033209124,8,0.75,2.0095906257629395,35,33,0.7824352383613586,0.691871467907913,-0.002207148725165098,0.13516311645507811,0.1,0.0
0.0834006518125534,8257536,0.8888888888888888,0.08303423970937729,0.08326832950115204,0.7272727272727273,0.08292528986930847,0.08306587487459183,0.2727272727272727,0.08321912586688995,0.08339647948741913,0.08342690020799637,1.4084181818181827,0.08321361243724823,0.08277527987957001,0.08332836627960205,0.08332671225070953,2.077272727272727,2.192502001937897,0.08282522857189178,413.121826171875,0.08333189785480499,7204,0.08296256512403488,0.12,50,0.08277527987957001,0.08312418311834335,0.08308535069227219,0.08360519260168076,0.0,0.08304741978645325,0.0829489529132843,0.08302208036184311,0.08360519260168076,1146,0.08303997665643692,0.08295994997024536,0.08319863677024841,619.65,63,18,0.0830593854188919,0.2,620,0.5714285714285714,0.08314366638660431,50,26.8002779096365,60,0.20512820512820512,0.16,14,0.07894736842105263,1e-05,0.0032928626,11,1.0,2.002028703689575,38,39,0.782654345035553,0.6574874137993902,-0.0024435478255327324,0.13324737548828125,0.1,0.0
0.08410141617059708,8388608,0.9090909090909091,0.08370266109704971,0.08401241898536682,0.8304347826086956,0.08366628736257553,0.08374570310115814,0.16956521739130434,0.08393263816833496,0.08398812264204025,0.08418960869312286,1.4069739130434795,0.08389764279127121,0.08344452828168869,0.08407435566186905,0.08400160074234009,2.3217391304347825,2.2981980941455578,0.08350460976362228,354.783203125,0.08403162658214569,7202,0.08368620276451111,0.03389830508474576,59,0.08344452828168869,0.08380196243524551,0.0837799459695816,0.08433093875646591,0.0,0.08376896381378174,0.08365613967180252,0.08370862901210785,0.08433093875646591,1164,0.08369912952184677,0.0836445540189743,0.08383315801620483,538.64,64,11,0.08378821611404419,0.2,630,0.16666666666666666,0.08383964747190475,54,26.59198495298624,39,0.1346153846153846,0.16666666666666666,12,0.09090909090909091,1e-05,0.003226999,9,0.6666666666666666,2.0723981857299805,33,52,0.7764655351638794,0.7269054885022342,-0.00176364706185268,0.12624588012695312,0.1,0.0
0.08488255739212036,8519680,0.8181818181818182,0.08446378260850906,0.08472947031259537,0.8,0.0842730924487114,0.08449894934892654,0.2,0.08468213677406311,0.08461935073137283,0.08488526940345764,1.3997727272727285,0.08454912900924683,0.08416067063808441,0.08473899215459824,0.08471713215112686,2.159090909090909,2.2453724404276088,0.08421558886766434,402.716552734375,0.08479383587837219,7212,0.0844002291560173,0.09090909090909091,55,0.08416067063808441,0.08447349071502686,0.0845031589269638,0.08505401760339737,0.0,0.08447054773569107,0.08436697721481323,0.08447181433439255,0.08505401760339737,1181,0.08444231748580933,0.08436313271522522,0.08454596251249313,608.99,65,11,0.08452871441841125,0.2,640,0.631578947368421,0.08455320447683334,54,26.38181054890156,44,0.1,0.037037037037037035,19,0.17647058823529413,1e-05,0.0032780948,7,0.8571428571428571,2.069572925567627,34,40,0.7840824127197266,0.7463114833226427,-0.0020947020681887805,0.13043289184570311,0.1,0.0
0.085564024746418,8650752,1.0,0.08515236526727676,0.08546045422554016,0.71,0.08496378362178802,0.085211381316185,0.29,0.08543656021356583,0.0853608176112175,0.08567527681589127,1.4114100000000007,0.08516553789377213,0.08482995629310608,0.0854753702878952,0.08540741354227066,2.06,2.116821055817517,0.0849074274301529,412.0151672363281,0.0854014903306961,7219,0.0851282924413681,0.2222222222222222,54,0.08482995629310608,0.08510598540306091,0.08517766743898392,0.0857626423239708,0.0,0.08521335572004318,0.08512871712446213,0.08515729755163193,0.0857626423239708,1198,0.08516687899827957,0.0850297063589096,0.08522341400384903,626.07,66,16,0.08523420244455338,0.2,650,0.5333333333333333,0.08525358885526657,45,26.173241120576858,58,0.11428571428571428,0.1111111111111111,15,0.3103448275862069,1e-05,0.00332494,6,0.6666666666666666,1.9163371324539185,29,35,0.7742559909820557,0.7197744708275422,-0.00197643863225494,0.13081588745117187,0.1,0.0
0.08635123074054718,8781824,0.7692307692307693,0.08583182841539383,0.08618197590112686,0.7432432432432432,0.08570955693721771,0.08587747067213058,0.25675675675675674,0.08614309132099152,0.08611459285020828,0.08632683753967285,1.4014774774774788,0.08582429587841034,0.0855141207575798,0.08617961406707764,0.08621743321418762,2.045045045045045,2.11557291166586,0.08557687699794769,380.9136962890625,0.08613785356283188,7216,0.08580074459314346,0.09615384615384616,52,0.0855141207575798,0.08579444885253906,0.08588842302560806,0.08647315204143524,0.0,0.08587945997714996,0.08587004244327545,0.08588097244501114,0.08647315204143524,1216,0.08585802465677261,0.08576448261737823,0.0859561488032341,580.45,67,13,0.08595375716686249,0.2,660,0.5,0.08596426248550415,56,25.96699626147747,57,0.13333333333333333,0.125,20,0.275,1e-05,0.0033227014,11,0.9090909090909091,1.9637761116027832,40,30,0.7851486206054688,0.6434391482034698,-0.0021003342487347252,0.12996597290039064,0.1,0.0
0.08707518875598907,8912896,0.9,0.08656249195337296,0.08685515820980072,0.681592039800995,0.0864270031452179,0.08655498176813126,0.31840796019900497,0.0868796780705452,0.0867745578289032,0.0870041772723198,1.3868656716417922,0.08660104870796204,0.0862794890999794,0.08678434789180756,0.08694084733724594,1.9701492537313432,2.0691620740497028,0.08631911873817444,421.9853515625,0.0868559256196022,7226,0.08647822588682175,0.18181818181818182,55,0.0862794890999794,0.08652415126562119,0.08660755306482315,0.08718196302652359,0.0,0.08652075380086899,0.08656954765319824,0.08660340309143066,0.08718196302652359,1233,0.08653584867715836,0.08648523688316345,0.08661872893571854,633.95,68,20,0.08671073615550995,0.2,670,0.6428571428571429,0.08667001128196716,44,25.7608141541481,64,0.26666666666666666,0.13636363636363635,14,0.16666666666666666,1e-05,0.0032454822,8,1.0,1.9595377445220947,30,30,0.7845139503479004,0.6716599110746756,-0.00201869414322573,0.12706451416015624,0.1,0.0
0.08782362192869186,9043968,0.9285714285714286,0.08732310682535172,0.087641142308712,0.7161572052401747,0.08705451339483261,0.08727025985717773,0.2838427947598253,0.08767572790384293,0.08756793290376663,0.08780335634946823,1.4095109170305689,0.08732925355434418,0.08697617799043655,0.08743468672037125,0.08769649267196655,2.2008733624454146,2.1354530925654647,0.08711341768503189,434.2632141113281,0.08759303390979767,7231,0.08718907088041306,0.16071428571428573,56,0.08697617799043655,0.08733237534761429,0.08730801194906235,0.08788751065731049,0.0,0.08729621022939682,0.08733531087636948,0.08732184022665024,0.08788751065731049,1250,0.08721260726451874,0.08717630803585052,0.08738034218549728,654.84,69,14,0.08733472973108292,0.2,680,0.6,0.08740308880805969,62,25.553110328316688,65,0.325,0.11290322580645161,15,0.18181818181818182,1e-05,0.0033228719,9,0.8888888888888888,1.9345102310180664,33,40,0.7740044593811035,0.6268960974179209,-0.002061156306172052,0.13108901977539061,0.1,0.0
0.08855576813220978,9175040,0.9285714285714286,0.08808767795562744,0.08838748186826706,0.7874396135265701,0.08777327835559845,0.0880517065525055,0.21256038647342995,0.0884614810347557,0.08829563111066818,0.08851741254329681,1.3980579710144938,0.0880780816078186,0.08767019212245941,0.08819317072629929,0.08839936554431915,2.033816425120773,2.19785273631651,0.08779964596033096,358.0676574707031,0.08825782686471939,7229,0.08794500678777695,0.037037037037037035,54,0.08767019212245941,0.08810931444168091,0.08810365945100784,0.0885980874300003,0.0,0.08807339519262314,0.0879882276058197,0.08809185773134232,0.0885980874300003,1269,0.08791615813970566,0.08792714029550552,0.08816707879304886,544.92,70,14,0.08805273473262787,0.2,690,0.3333333333333333,0.08814005553722382,55,25.34284217208624,44,0.12,0.10909090909090909,12,0.16216216216216217,1e-05,0.003282694,10,1.0,1.9292346239089966,37,25,0.7908895015716553,0.656905497983098,-0.0021253787612749873,0.13065338134765625,0.1,0.0
0.08927447348833084,9306112,0.9285714285714286,0.08876986056566238,0.08912991732358932,0.6943231441048034,0.08850458264350891,0.08884958177804947,0.3056768558951965,0.08918697386980057,0.08909638971090317,0.08921657502651215,1.3984803493449791,0.08875638246536255,0.08836491405963898,0.08886593580245972,0.0890512615442276,2.3187772925764194,2.125720884364079,0.08855099231004715,403.0921936035156,0.08892907202243805,7237,0.08867953717708588,0.08333333333333333,48,0.08836491405963898,0.08885053545236588,0.08885025978088379,0.08938246965408325,0.0,0.08879134058952332,0.08875707536935806,0.08886393904685974,0.08938246965408325,1285,0.08864366263151169,0.0886136144399643,0.08892517536878586,617.91,71,14,0.08878806233406067,0.2,700,0.5833333333333334,0.08886770159006119,57,25.135354417562485,70,0.1956521739130435,0.17543859649122806,24,0.3076923076923077,1e-05,0.0033305413,14,0.8571428571428571,1.862722396850586,26,46,0.7761452198028564,0.6977730316342786,-0.0022845001809855604,0.13404159545898436,0.1,0.0
0.09007996320724487,9437184,0.9230769230769231,0.08949583023786545,0.08988987654447556,0.7524752475247525,0.08925791084766388,0.08960101753473282,0.24752475247524752,0.08991526067256927,0.08983554691076279,0.08991856127977371,1.4077029702970307,0.08948059380054474,0.08912152051925659,0.089628666639328,0.08989163488149643,1.9356435643564356,2.200800930920381,0.08931916207075119,419.8453369140625,0.08967847377061844,7243,0.08930080384016037,0.13953488372093023,43,0.08912152051925659,0.08959615230560303,0.08959482610225677,0.09016909450292587,0.0,0.0895661860704422,0.08951734006404877,0.08955437690019608,0.09016909450292587,1302,0.08933675289154053,0.08944092690944672,0.08970280736684799,635.02,72,13,0.08962401002645493,0.2,710,0.29411764705882354,0.08962070196866989,51,24.92695429176092,50,0.2222222222222222,0.1568627450980392,17,0.18604651162790697,1e-05,0.003240447,8,0.625,1.8119959831237793,43,27,0.7916520237922668,0.6646274670958519,-0.0021169954768083697,0.12677536010742188,0.1,0.0
0.09091366082429886,9568256,0.8666666666666667,0.09022939205169678,0.090733602643013,0.7312775330396476,0.09007734060287476,0.09026829898357391,0.2687224669603524,0.09068407863378525,0.0905999094247818,0.0906723216176033,1.392740088105728,0.09025228768587112,0.08985809981822968,0.09034113585948944,0.0907362625002861,2.193832599118943,2.105813679498264,0.09007290005683899,405.45391845703125,0.09036888182163239,7241,0.0900016725063324,0.07272727272727272,55,0.08985809981822968,0.09024722874164581,0.09028135985136032,0.09091366082429886,0.0,0.0903351679444313,0.09029774367809296,0.09033700078725815,0.09085092693567276,1321,0.09011596441268921,0.09016737341880798,0.09044098109006882,612.82,73,15,0.09034479409456253,0.2,720,0.5454545454545454,0.09036913514137268,58,24.717481721937656,61,0.23684210526315788,0.1206896551724138,22,0.25,1e-05,0.0033060075,11,0.8181818181818182,1.9179723262786865,28,38,0.7808975577354431,0.6715670651989057,-0.0021737219254646333,0.13243026733398439,0.1,0.0
0.09161826968193054,9699328,1.0,0.0909770131111145,0.09139031171798706,0.7666666666666667,0.09083279967308044,0.09106781333684921,0.23333333333333334,0.09145607054233551,0.09137704223394394,0.09142374247312546,1.4021904761904769,0.09105491638183594,0.09055367112159729,0.09106861799955368,0.09153386205434799,2.361904761904762,2.3045384817372137,0.09083563834428787,380.14410400390625,0.09116081148386002,7249,0.0908711850643158,0.08928571428571429,56,0.09055367112159729,0.09112002700567245,0.09110979735851288,0.09161826968193054,0.0,0.09109176695346832,0.09110616892576218,0.09106403589248657,0.09161663055419922,1337,0.09088975191116333,0.09093702584505081,0.09130478650331497,585.29,74,9,0.09117493778467178,0.2,730,0.3125,0.09114547073841095,53,24.50612630099058,49,0.1702127659574468,0.1509433962264151,16,0.34782608695652173,1e-05,0.0033359812,6,1.0,1.932239055633545,23,47,0.777387797832489,0.7085495145060122,-0.0021801476589644155,0.13142929077148438,0.1,0.0
0.09230536967515945,9830400,0.9523809523809523,0.09179290384054184,0.09219902008771896,0.7456140350877193,0.09167230874300003,0.09185270965099335,0.2543859649122807,0.0922083631157875,0.09214247763156891,0.09215205907821655,1.3985877192982468,0.09184498339891434,0.09128160774707794,0.09181816130876541,0.09230659902095795,1.9517543859649122,2.146106903164112,0.09165189415216446,404.1037902832031,0.09193223714828491,7255,0.09167049080133438,0.1,40,0.09128160774707794,0.0918765440583229,0.09187634289264679,0.09239442646503448,0.0,0.0919070839881897,0.0919303148984909,0.09191475063562393,0.09239442646503448,1354,0.09154383838176727,0.09167730808258057,0.09206689894199371,619.2,75,21,0.09194905310869217,0.2,740,0.45454545454545453,0.0919187068939209,56,24.294199562072755,58,0.13636363636363635,0.08928571428571429,22,0.2926829268292683,1e-05,0.0032580325,4,0.25,1.879028558731079,41,44,0.7718832492828369,0.7060722861438989,-0.00202944170146111,0.12591629028320311,0.1,0.0
0.0930616483092308,9961472,0.9285714285714286,0.09255637228488922,0.09301427006721497,0.7836538461538461,0.0924348384141922,0.09260916709899902,0.21634615384615385,0.09298349171876907,0.09289354830980301,0.09297748655080795,1.396875000000001,0.09253942221403122,0.09201598167419434,0.0925181582570076,0.09312476962804794,2.1826923076923075,2.1939661996737008,0.09248002618551254,390.4291687011719,0.09268122166395187,7252,0.09242421388626099,0.11904761904761904,42,0.09201598167419434,0.09263818711042404,0.09272167086601257,0.09318014234304428,0.0,0.09268160164356232,0.09278296679258347,0.09267616271972656,0.09318014234304428,1373,0.09231771528720856,0.09253739565610886,0.09276421368122101,596.35,76,14,0.0927383154630661,0.2,750,0.4,0.09269411861896515,68,24.08357649743557,45,0.13333333333333333,0.07352941176470588,15,0.13333333333333333,1e-05,0.0032821714,9,0.8888888888888888,1.7664361000061035,30,30,0.7808764576911926,0.6876178657868877,-0.0023347296784777425,0.1283447265625,0.1,0.0
0.093840591609478,10092544,1.0,0.09333938360214233,0.09382115304470062,0.7162790697674418,0.09321889281272888,0.09341713041067123,0.2837209302325581,0.09380336850881577,0.09369096904993057,0.09373882412910461,1.3916651162790707,0.093318872153759,0.09285955876111984,0.09339036047458649,0.09394576400518417,2.097674418604651,2.1068312808048923,0.09325946122407913,414.1951599121094,0.09345192462205887,7260,0.09326163679361343,0.057692307692307696,52,0.09285955876111984,0.0934276208281517,0.09350433945655823,0.09394576400518417,0.0,0.09342436492443085,0.0935094952583313,0.0934004932641983,0.09390970319509506,1390,0.09315117448568344,0.0931989997625351,0.09351132065057755,629.88,77,16,0.09351241588592529,0.2,760,0.6666666666666666,0.0934763178229332,59,23.873291246593,61,0.2571428571428571,0.2033898305084746,21,0.14814814814814814,1e-05,0.0032440904,5,0.6,1.8881458044052124,27,35,0.7867984175682068,0.6822757680667564,-0.0021290293221682076,0.12768783569335937,0.1,0.0
0.09455659240484238,10223616,1.0,0.09415485709905624,0.09464604407548904,0.7142857142857143,0.09406279772520065,0.09425604343414307,0.2857142857142857,0.09454038739204407,0.0944209098815918,0.09458892792463303,1.3969032258064527,0.09417825192213058,0.09362208098173141,0.09419293701648712,0.09479454904794693,2.2534562211981566,2.136575228493154,0.09408291429281235,385.122802734375,0.09419109672307968,7265,0.09402363002300262,0.10909090909090909,55,0.09362208098173141,0.09416424483060837,0.09427738934755325,0.09479454904794693,0.0,0.09417068213224411,0.09423269331455231,0.09422945976257324,0.09471128135919571,1407,0.0939454659819603,0.09400381147861481,0.09439493715763092,590.12,78,14,0.09429863840341568,0.2,770,0.35714285714285715,0.09426961839199066,61,23.662580609321594,62,0.3076923076923077,0.16393442622950818,14,0.2692307692307692,1e-05,0.003238119,8,1.0,1.8908203840255737,26,39,0.7819544076919556,0.6911317368037999,-0.002140543513269222,0.1285614013671875,0.1,0.0
0.09540127962827682,10354688,0.8235294117647058,0.09502694755792618,0.09553302079439163,0.7456140350877193,0.09487024694681168,0.09501247107982635,0.2543859649122807,0.09538327157497406,0.09521999210119247,0.09541181474924088,1.3692894736842114,0.09491291642189026,0.09439150989055634,0.09492964297533035,0.09565892815589905,2.013157894736842,2.1408929177692384,0.09482283145189285,409.6509094238281,0.09505021572113037,7262,0.09486061334609985,0.2037037037037037,54,0.09439150989055634,0.09502656012773514,0.09501554816961288,0.09565892815589905,0.0,0.09499208629131317,0.09500531107187271,0.09504131227731705,0.09552773833274841,1425,0.09472271054983139,0.09470843523740768,0.09523172676563263,622.45,79,17,0.09510859102010727,0.2,780,0.5625,0.0950746238231659,55,23.450446774065494,58,0.15789473684210525,0.14545454545454545,16,0.0975609756097561,1e-05,0.0032132724,7,0.8571428571428571,1.8823559284210205,41,38,0.7777003645896912,0.663983250502497,-0.0020584217082614486,0.12510147094726562,0.1,0.0
0.09621363878250122,10485760,1.0,0.09586751461029053,0.09629333764314651,0.7177033492822966,0.09572712332010269,0.09590514749288559,0.2822966507177033,0.09612272679805756,0.09604056179523468,0.09620416909456253,1.400727272727274,0.09577839821577072,0.09517523646354675,0.0957641676068306,0.09643031656742096,2.148325358851675,2.0941789587119333,0.09562332928180695,392.5055847167969,0.09582364559173584,7270,0.09556778520345688,0.14545454545454545,55,0.09517523646354675,0.0958675891160965,0.0957573652267456,0.09645910561084747,0.0,0.09574346244335175,0.09585560858249664,0.09585412591695786,0.09645910561084747,1442,0.0955577865242958,0.09546530991792679,0.09605319797992706,601.96,80,14,0.09592892974615097,0.2,790,0.7222222222222222,0.09588317573070526,56,23.238814309239388,59,0.24242424242424243,0.08928571428571429,18,0.15384615384615385,1e-05,0.003253948,7,1.0,1.9823100566864014,26,33,0.7763425707817078,0.7122120816260576,-0.002105379071326752,0.12480087280273437,0.1,0.0
0.09696247428655624,10616832,1.0,0.0966772511601448,0.09713756293058395,0.7285067873303167,0.09653864055871964,0.09676709771156311,0.27149321266968324,0.09693272411823273,0.09689843654632568,0.09702590852975845,1.403266968325793,0.09659663587808609,0.095957450568676,0.09665711224079132,0.0972006693482399,2.013574660633484,2.1478378475855093,0.09635840356349945,411.5237121582031,0.09655362367630005,7274,0.09639022499322891,0.08333333333333333,48,0.095957450568676,0.09668340533971786,0.09655129909515381,0.0972786396741867,0.0,0.09649871289730072,0.09666934609413147,0.09668976813554764,0.0972786396741867,1459,0.09635412693023682,0.09621958434581757,0.09690196812152863,628.12,81,18,0.0967261791229248,0.2,800,0.35714285714285715,0.09668909013271332,55,23.028693060576916,60,0.125,0.10909090909090909,14,0.3333333333333333,1e-05,0.0032442696,12,0.75,1.7638628482818604,42,32,0.7669374346733093,0.6770264697028324,-0.002161968352174881,0.12362289428710938,0.1,0.0
0.09776504337787628,10747904,0.9444444444444444,0.09752786159515381,0.09798822551965714,0.7511737089201878,0.09740574657917023,0.0975741446018219,0.24882629107981222,0.09776178747415543,0.09769211709499359,0.09788630902767181,1.3991455399061041,0.09747125953435898,0.09678880870342255,0.09748408943414688,0.097962886095047,2.084507042253521,2.1300322886751095,0.09720936417579651,395.32684326171875,0.09741559624671936,7271,0.09722328931093216,0.08695652173913043,46,0.09678880870342255,0.0975542813539505,0.09741391986608505,0.09820452332496643,0.0,0.0972973108291626,0.0974929928779602,0.0974656343460083,0.09820452332496643,1477,0.09714703261852264,0.09706158190965652,0.0977354496717453,604.36,82,18,0.09752542525529861,0.2,810,0.4,0.09752219170331955,44,22.816054977476597,53,0.19047619047619047,0.045454545454545456,15,0.1891891891891892,1e-05,0.0033114222,11,0.8181818181818182,1.9023683071136475,37,42,0.7769750356674194,0.7232617003377527,-0.00241952321757708,0.1321533203125,0.1,0.0
0.09863848984241486,10878976,0.8181818181818182,0.09831596165895462,0.09882853180170059,0.7348837209302326,0.09825620800256729,0.09832578152418137,0.2651162790697674,0.09846919775009155,0.09841073304414749,0.09876812994480133,1.3936744186046521,0.09825354069471359,0.09747813642024994,0.09820184856653214,0.09877394884824753,2.2,2.2512786410404777,0.09801846742630005,387.8037414550781,0.09823988378047943,7278,0.09805476665496826,0.12195121951219512,41,0.09747813642024994,0.09832648932933807,0.09817851334810257,0.09895999729633331,0.0,0.09805051237344742,0.0982557162642479,0.09822788834571838,0.09895999729633331,1494,0.0979347676038742,0.09785774350166321,0.09846853464841843,600.64,83,11,0.09835080057382584,0.2,820,0.5454545454545454,0.09830577671527863,52,22.61025083065033,57,0.16666666666666666,0.07692307692307693,22,0.1891891891891892,1e-05,0.0030471534,16,0.875,1.7760660648345947,37,36,0.7839153409004211,0.6616300855297595,-0.0019120640097298747,0.12000579833984375,0.1,0.0
0.09948953986167908,11010048,0.8888888888888888,0.09918434917926788,0.09974238276481628,0.7733333333333333,0.09903144836425781,0.09916146099567413,0.22666666666666666,0.09930028766393661,0.09929406642913818,0.09958904981613159,1.3921155555555567,0.0990980714559555,0.09835591167211533,0.09901529550552368,0.09963614493608475,2.12,2.1818304416849634,0.09880063682794571,380.81695556640625,0.09896925091743469,7281,0.09892214089632034,0.0851063829787234,47,0.09835591167211533,0.09920495003461838,0.09905470162630081,0.099808469414711,0.0,0.09891527891159058,0.09912000596523285,0.09905681014060974,0.099808469414711,1511,0.09881550073623657,0.09879636764526367,0.09931288659572601,588.6,84,18,0.09921663254499435,0.2,830,0.4444444444444444,0.09915565699338913,56,22.40060320198536,51,0.1111111111111111,0.08928571428571429,18,0.23529411764705882,1e-05,0.0033318365,7,0.7142857142857143,1.669020175933838,34,45,0.7911508083343506,0.6620782098267227,-0.0023029733832572673,0.1298919677734375,0.1,0.0
0.10033761709928513,11141120,0.8461538461538461,0.10004688054323196,0.10058652609586716,0.7316017316017316,0.099883072078228,0.10002586990594864,0.2683982683982684,0.10016977787017822,0.10010424256324768,0.10027479380369186,1.4033419913419922,0.09999258071184158,0.09914068132638931,0.09991315752267838,0.10050217062234879,2.212121212121212,2.179451726726016,0.09953553974628448,375.8152770996094,0.09989359974861145,7279,0.0997268557548523,0.15873015873015872,63,0.09914068132638931,0.10001437366008759,0.0999891459941864,0.10062795132398605,0.0,0.09974599629640579,0.10000376403331757,0.09989836066961288,0.10062795132398605,1530,0.09962087124586105,0.09962089359760284,0.10018102824687958,583.41,85,13,0.1001041904091835,0.2,840,0.3684210526315789,0.09999758750200272,52,22.1880468711257,62,0.23809523809523808,0.057692307692307696,19,0.3225806451612903,1e-05,0.003104363,11,1.0,1.8060972690582275,31,42,0.7777912020683289,0.7332649506628514,-0.002033340873481393,0.11790313720703124,0.1,0.0
0.10114111751317978,11272192,1.0,0.10096177458763123,0.10137901455163956,0.7549019607843137,0.10073354840278625,0.10096203535795212,0.24509803921568626,0.10107749700546265,0.10098035633563995,0.10113648325204849,1.4106274509803933,0.10086438059806824,0.09996286034584045,0.10077320784330368,0.10128353536128998,2.2254901960784315,2.2299987100432808,0.1003185287117958,406.38458251953125,0.10071945190429688,7286,0.10049265623092651,0.07017543859649122,57,0.09996286034584045,0.10090755671262741,0.10080307722091675,0.1014925092458725,0.0,0.10068874061107635,0.10076326131820679,0.10069423913955688,0.1014925092458725,1547,0.10043837875127792,0.10041867941617966,0.10096105188131332,623.69,86,10,0.10096456110477448,0.2,850,0.5,0.10083674639463425,46,21.97810411453247,50,0.25,0.06521739130434782,12,0.2903225806451613,1e-05,0.0032251119,8,1.0,1.7387378215789795,31,40,0.7853667736053467,0.7079341345233843,-0.002315426429731815,0.12540359497070314,0.1,0.0
0.10196346789598465,11403264,1.0,0.10179128497838974,0.10223691165447235,0.7276785714285714,0.1015356183052063,0.1017475351691246,0.27232142857142855,0.10189919173717499,0.10184073448181152,0.10205810517072678,1.410964285714287,0.1017288789153099,0.10083891451358795,0.10160577297210693,0.1022026464343071,1.8973214285714286,2.154154507261276,0.10123039782047272,379.5150146484375,0.10154014080762863,7289,0.10138082504272461,0.15789473684210525,57,0.10083891451358795,0.10183344781398773,0.10162445157766342,0.10238794982433319,0.0,0.1015876978635788,0.10165854543447495,0.10159526020288467,0.10238794982433319,1564,0.10129935294389725,0.10134027898311615,0.10187681764364243,589.39,87,20,0.10184738039970398,0.2,860,0.6111111111111112,0.10170606523752213,47,21.765921539068223,61,0.06060606060606061,0.0851063829787234,18,0.21951219512195122,1e-05,0.0033706792,8,0.75,1.6543910503387451,41,33,0.7747616767883301,0.6663922047708184,-0.002395101847787373,0.13294448852539062,0.1,0.0
0.10279839485883713,11534336,0.8823529411764706,0.10268434137105942,0.10303962230682373,0.7465437788018433,0.10231918841600418,0.1025962233543396,0.2534562211981567,0.10269039124250412,0.10257156938314438,0.10288423299789429,1.4084239631336417,0.10255716741085052,0.10165873914957047,0.10249018669128418,0.1031486839056015,2.0829493087557602,2.1300579499562513,0.10209555923938751,387.5342102050781,0.10238995403051376,7287,0.1022878885269165,0.1,50,0.10165873914957047,0.10270427167415619,0.1025233268737793,0.10334280133247375,0.0,0.10250783711671829,0.1025124043226242,0.10249510407447815,0.10334280133247375,1582,0.10209047049283981,0.10221056640148163,0.10272038727998734,595.88,88,17,0.10264970362186432,0.2,870,0.4666666666666667,0.10255875438451767,62,21.55489286929369,55,0.25,0.12903225806451613,15,0.15151515151515152,1e-05,0.0031708344,8,0.875,1.7028768062591553,33,32,0.7930556535720825,0.6766185111599043,-0.0023145450283664102,0.12249755859375,0.1,0.0
0.10350964218378067,11665408,0.8,0.10349804908037186,0.10398773103952408,0.7431192660550459,0.10318491607904434,0.10338965058326721,0.25688073394495414,0.10357921570539474,0.10344530642032623,0.10381115972995758,1.4046972477064228,0.10346454381942749,0.10252971202135086,0.1033448725938797,0.10404906421899796,2.1926605504587156,2.1546445267173846,0.10302918404340744,388.4268798828125,0.10336660593748093,7293,0.10311993956565857,0.11627906976744186,43,0.10252971202135086,0.10347749292850494,0.10338201373815536,0.10425727814435959,0.0,0.10334014147520065,0.10327871143817902,0.10339388996362686,0.10425727814435959,1599,0.1029408648610115,0.10309309512376785,0.10367295145988464,605.14,89,10,0.10358985513448715,0.2,880,0.5454545454545454,0.10342942923307419,45,21.344592295587063,56,0.17777777777777778,0.13333333333333333,22,0.15,1e-05,0.0032685401,13,0.8461538461538461,1.721123218536377,40,45,0.7906230092048645,0.6633853467181325,-0.002347863639715797,0.1254608154296875,0.1,0.0
0.1043073758482933,11796480,0.9090909090909091,0.10437581688165665,0.10485813021659851,0.7285067873303167,0.1040971502661705,0.1042705774307251,0.27149321266968324,0.10440695285797119,0.10429989546537399,0.1046488881111145,1.3862352941176481,0.10428089648485184,0.10340362787246704,0.10423988103866577,0.1049068421125412,2.1357466063348416,2.1804134970417706,0.10392532497644424,386.8291931152344,0.10426672548055649,7296,0.10398951917886734,0.10869565217391304,46,0.10340362787246704,0.10436198115348816,0.1042666807770729,0.10522479563951492,0.0,0.10417617857456207,0.10421324521303177,0.10438504815101624,0.10522479563951492,1616,0.10386493057012558,0.1039530336856842,0.10458029806613922,598.91,90,11,0.10452134907245636,0.2,890,0.4375,0.10431300103664398,58,21.132230657339097,60,0.2564102564102564,0.1724137931034483,16,0.21428571428571427,1e-05,0.0031837677,9,1.0,1.7055156230926514,42,39,0.7974750995635986,0.6543720941990614,-0.002370891006967213,0.1232818603515625,0.1,0.0
0.10532429069280624,11927552,0.8571428571428571,0.10529551655054092,0.10568926483392715,0.7188940092165899,0.10505912452936172,0.10510652512311935,0.28110599078341014,0.10535668581724167,0.10514577478170395,0.1055590882897377,1.4120921658986185,0.10515192151069641,0.10429146140813828,0.10519392043352127,0.10580001771450043,2.133640552995392,2.127957688375556,0.10487160831689835,402.1349182128906,0.10518155246973038,7294,0.10484500974416733,0.06976744186046512,43,0.10429146140813828,0.10532806068658829,0.10515490174293518,0.10616172105073929,0.0,0.10501382499933243,0.1050977036356926,0.10526805371046066,0.10616172105073929,1635,0.10473328083753586,0.104762002825737,0.10554081946611404,623.94,91,14,0.10544318705797195,0.2,900,0.6086956521739131,0.10521500557661057,52,20.91830065101385,61,0.2558139534883721,0.1346153846153846,23,0.20588235294117646,1e-05,0.003225109,8,0.875,1.541590690612793,34,43,0.778431236743927,0.6982257537776604,-0.0022765833699395443,0.12295150756835938,0.1,0.0
0.10624198615550995,12058624,0.875,0.10624974220991135,0.10663983225822449,0.7511520737327189,0.10587561875581741,0.10591273009777069,0.2488479262672811,0.10625752061605453,0.10605905950069427,0.10648790001869202,1.4023870967741945,0.10604490339756012,0.10521022230386734,0.10611075907945633,0.10679575055837631,2.142857142857143,2.1772086604349496,0.10574816912412643,386.34393310546875,0.10598479956388474,7300,0.1058722585439682,0.11290322580645161,62,0.10521022230386734,0.10616423189640045,0.10614851117134094,0.1069740280508995,0.0,0.10599030554294586,0.10605792701244354,0.10620952397584915,0.1069740280508995,1651,0.10565744340419769,0.10560505837202072,0.10651745647192001,607.12,92,16,0.10627304762601852,0.2,910,0.3125,0.10612355172634125,56,20.703462298214436,54,0.2962962962962963,0.125,16,0.1111111111111111,1e-05,0.003270121,13,0.7692307692307693,1.7261732816696167,27,27,0.7980329394340515,0.6289054473862052,-0.0024928774319050717,0.12326889038085938,0.1,0.0
0.10713546723127365,12189696,0.7272727272727273,0.10720757395029068,0.10753924399614334,0.7598039215686274,0.10665842145681381,0.10685595870018005,0.24019607843137256,0.10721524804830551,0.10698181390762329,0.10732537508010864,1.3966666666666676,0.10688625276088715,0.10612844675779343,0.10708960145711899,0.10765299201011658,2.161764705882353,2.211863061864893,0.10652504861354828,395.0545349121094,0.10688123852014542,7303,0.10684497654438019,0.1568627450980392,51,0.10612844675779343,0.10702227056026459,0.10704945027828217,0.10797103494405746,0.0,0.10689466446638107,0.10693932324647903,0.10709083080291748,0.10797103494405746,1669,0.10651920735836029,0.10647480189800262,0.1074724793434143,619.68,93,11,0.10722513496875763,0.2,920,0.35,0.10702348500490189,48,20.49044973552227,49,0.23076923076923078,0.0625,20,0.27586206896551724,1e-05,0.0031384819,6,1.0,1.684976577758789,29,39,0.7882270216941833,0.7027793281013146,-0.0022835278371530878,0.12012100219726562,0.1,0.0
0.10801304876804352,12320768,1.0,0.10811056941747665,0.10842394083738327,0.7083333333333334,0.10768570005893707,0.10777086764574051,0.2916666666666667,0.10802420228719711,0.10795996338129044,0.1082238107919693,1.4060740740740751,0.10779080539941788,0.10702012479305267,0.10808020830154419,0.10853064805269241,2.037037037037037,2.071784149405665,0.10749392956495285,387.5496520996094,0.10783442854881287,7300,0.10777546465396881,0.15555555555555556,45,0.10702012479305267,0.1080581545829773,0.10791189223527908,0.10890792310237885,0.0,0.10777495056390762,0.1078815907239914,0.10815563052892685,0.10890792310237885,1687,0.1073443591594696,0.10736411809921265,0.10830938071012497,605.48,94,19,0.10823356360197067,0.2,930,0.4444444444444444,0.10794715583324432,55,20.27702263444662,63,0.14705882352941177,0.16363636363636364,18,0.22857142857142856,1e-05,0.0032153411,10,0.7,1.593430757522583,35,34,0.7872031331062317,0.654507578862831,-0.0023739505516914504,0.121734619140625,0.1,0.0
0.10886085778474808,12451840,0.9090909090909091,0.1089988425374031,0.1093706488609314,0.7610619469026548,0.10853955149650574,0.10867655277252197,0.23893805309734514,0.10888253152370453,0.10896586626768112,0.10910159349441528,1.4067345132743374,0.10870454460382462,0.10791243612766266,0.10901864618062973,0.10940197110176086,2.398230088495575,2.2132029454266005,0.10844974219799042,371.7008056640625,0.1087244525551796,7307,0.10866525769233704,0.03278688524590164,61,0.10791243612766266,0.10886675119400024,0.10877843201160431,0.10972363501787186,0.0,0.10865261405706406,0.10876163095235825,0.10910377651453018,0.10972363501787186,1704,0.1081649661064148,0.1082346960902214,0.10923248529434204,576.56,95,11,0.10904968529939651,0.2,940,0.5,0.1088336929678917,60,20.068604189157487,54,0.25,0.11666666666666667,10,0.25925925925925924,1e-05,0.003098285,13,0.9230769230769231,1.593246579170227,27,44,0.7938880920410156,0.6186452060472221,-0.002312108046862704,0.12158737182617188,0.1,0.0
0.10988660156726837,12582912,0.8888888888888888,0.10984304547309875,0.11025457829236984,0.7156862745098039,0.10936332494020462,0.10960310697555542,0.28431372549019607,0.10980350524187088,0.10987358540296555,0.11004065722227097,1.4038235294117658,0.10962989181280136,0.10880281031131744,0.10999955236911774,0.11033084243535995,2.2205882352941178,2.161811575701672,0.10934066772460938,409.8860168457031,0.10969998687505722,7311,0.10954194515943527,0.1346153846153846,52,0.10880281031131744,0.1097540408372879,0.10977944731712341,0.1106778234243393,0.0,0.10964798182249069,0.10957739502191544,0.11012023687362671,0.1106778234243393,1721,0.1090918630361557,0.10911092907190323,0.11015355587005615,637.84,96,9,0.10996808856725693,0.2,950,0.6111111111111112,0.10975582152605057,47,19.85984573215246,58,0.2777777777777778,0.0851063829787234,18,0.22580645161290322,1e-05,0.0031199665,11,1.0,1.6327285766601562,31,36,0.780793309211731,0.7102675639791414,-0.002108226447080597,0.11729888916015625,0.1,0.0
0.11079253256320953,12713984,1.0,0.11078278720378876,0.11125204712152481,0.751131221719457,0.11048098653554916,0.11046765744686127,0.248868778280543,0.11065499484539032,0.11082901805639267,0.11094997078180313,1.418081447963802,0.11052638292312622,0.10971157997846603,0.11095812171697617,0.11134335398674011,2.2941176470588234,2.222657542091773,0.11037077754735947,392.31219482421875,0.1105981320142746,7308,0.1104714497923851,0.15384615384615385,39,0.10971157997846603,0.11071788519620895,0.11070774495601654,0.11167328804731369,0.0,0.11063795536756516,0.11064088344573975,0.11107386648654938,0.11167328804731369,1739,0.10994221270084381,0.11003284156322479,0.11098193377256393,606.01,97,13,0.11086231470108032,0.2,960,0.4444444444444444,0.11069843173027039,58,19.647847095131873,55,0.18,0.05172413793103448,18,0.24242424242424243,1e-05,0.003172927,10,0.8,1.5462332963943481,33,50,0.7847172021865845,0.6234952939441427,-0.0023135685609304347,0.12067413330078125,0.1,0.0
0.11166271567344666,12845056,1.0,0.1117766872048378,0.11218621581792831,0.777292576419214,0.11129014194011688,0.11127196997404099,0.22270742358078602,0.11153183877468109,0.11173704266548157,0.11177624017000198,1.3908209606986908,0.11148273199796677,0.11066406965255737,0.1118798479437828,0.1123780831694603,2.183406113537118,2.2402416159670167,0.1113908588886261,368.5739440917969,0.11154159903526306,7314,0.1114279106259346,0.12727272727272726,55,0.11066406965255737,0.11170084774494171,0.11170084774494171,0.11261198669672012,0.0,0.11158505827188492,0.11156906932592392,0.11199908703565598,0.11261198669672012,1756,0.11079411953687668,0.11099288612604141,0.111852265894413,578.4,98,12,0.11186008155345917,0.2,970,0.4,0.11162656545639038,55,19.436404383182527,51,0.125,0.14545454545454545,10,0.19047619047619047,1e-05,0.0031488999,7,0.8571428571428571,1.6246492862701416,42,48,0.7805788516998291,0.6900735448580235,-0.002223496285660076,0.12086410522460937,0.1,0.0
0.11266779154539108,12976128,0.75,0.11257375776767731,0.11317163705825806,0.7259615384615384,0.11221960186958313,0.11228731274604797,0.27403846153846156,0.11245835572481155,0.11275429278612137,0.1127779483795166,1.3922211538461549,0.11238367855548859,0.11169996857643127,0.1128421276807785,0.11330419778823853,2.125,2.1419710953271474,0.11233867704868317,391.7783508300781,0.11245685070753098,7317,0.11234405636787415,0.2037037037037037,54,0.11169996857643127,0.11268167942762375,0.11263126134872437,0.11355061829090118,0.0,0.11252572387456894,0.11252666264772415,0.11283881962299347,0.11355061829090118,1773,0.11178210377693176,0.11189441382884979,0.11277074366807938,611.96,99,12,0.11286058276891708,0.2,980,0.7222222222222222,0.11257372051477432,48,19.2264475017786,57,0.2222222222222222,0.10416666666666667,18,0.125,1e-05,0.0032165074,8,0.875,1.5059711933135986,32,36,0.7920535206794739,0.6908155621262267,-0.002342338643666153,0.12242279052734376,0.1,0.0
0.11357095092535019,13107200,0.9523809523809523,0.11345898360013962,0.11418008804321289,0.6839622641509434,0.11320720613002777,0.11330333352088928,0.3160377358490566,0.11342734098434448,0.11372428387403488,0.11371644586324692,1.407084905660378,0.11332862079143524,0.11263325065374374,0.11374462395906448,0.11427900195121765,2.0330188679245285,2.0241829406960714,0.11333151161670685,407.8500671386719,0.11355971544981003,7314,0.1133405938744545,0.08695652173913043,46,0.11263325065374374,0.11378972977399826,0.11359729617834091,0.1145729273557663,0.0,0.11349981278181076,0.11343967169523239,0.11384426802396774,0.1145729273557663,1791,0.11278865486383438,0.1129109114408493,0.11355099081993103,641.06,100,21,0.11380429565906525,0.2,990,0.46153846153846156,0.11354418843984604,63,19.013562041521073,67,0.21875,0.19047619047619047,13,0.41935483870967744,1e-05,0.0032905259,6,0.8333333333333334,1.4451758861541748,31,32,0.7742641568183899,0.6402051829965785,-0.0023092702756002835,0.12534561157226562,0.1,0.0
0.11459208279848099,13238272,0.8461538461538461,0.11441921442747116,0.11516684293746948,0.7216981132075472,0.11416171491146088,0.11422520130872726,0.2783018867924528,0.11434749513864517,0.11463005840778351,0.11468189209699631,1.3967735849056613,0.11428150534629822,0.11355280876159668,0.11470696330070496,0.115194171667099,2.099056603773585,2.1417700078070183,0.11426189541816711,394.45648193359375,0.11447225511074066,7320,0.11433617770671844,0.08888888888888889,45,0.11355280876159668,0.11475864052772522,0.11450375616550446,0.11553630232810974,0.0,0.11451028287410736,0.11435845494270325,0.11482906341552734,0.11553630232810974,1808,0.1137048751115799,0.11390264332294464,0.11451000720262527,623.8,101,13,0.11471615731716156,0.2,1000,0.55,0.11449442058801651,53,18.802886539697646,59,0.25,0.09433962264150944,20,0.2777777777777778,1e-05,0.0032015587,9,1.0,1.720909595489502,36,36,0.7798453569412231,0.6373964366968721,-0.002460242433971871,0.12401275634765625,0.1,0.0
0.11550702899694443,13369344,0.9166666666666666,0.11547692865133286,0.1162298396229744,0.7410714285714286,0.11498858779668808,0.11522646993398666,0.25892857142857145,0.11542364209890366,0.11556771397590637,0.11568032205104828,1.4053214285714297,0.11524759978055954,0.11456315219402313,0.1156412735581398,0.11618368327617645,2.174107142857143,2.2122532287797267,0.11536350101232529,409.1949462890625,0.11547332257032394,7323,0.1153029277920723,0.12280701754385964,57,0.11456315219402313,0.11572214215993881,0.1154717281460762,0.11642159521579742,0.0,0.11541832983493805,0.11519963294267654,0.1157456487417221,0.11642159521579742,1825,0.11457115411758423,0.11486043781042099,0.11552663892507553,640.79,102,12,0.1157326027750969,0.2,1010,0.6666666666666666,0.11546183377504349,50,18.593030478060246,58,0.19148936170212766,0.16,12,0.23076923076923078,1e-05,0.003176992,7,0.8571428571428571,1.632613182067871,39,47,0.7776864171028137,0.6540362719446421,-0.0021984891639021953,0.11973876953125,0.1,0.0
0.11653978377580643,13500416,0.9,0.11636487394571304,0.11729718744754791,0.7425742574257426,0.11595916748046875,0.11614911258220673,0.25742574257425743,0.11636098474264145,0.11647237092256546,0.11674878001213074,1.4066435643564366,0.11618202179670334,0.11557295173406601,0.11664105206727982,0.11712722480297089,2.1386138613861387,2.1998606288135285,0.11632207036018372,363.9996032714844,0.11642753332853317,7321,0.1163129210472107,0.058823529411764705,51,0.11557295173406601,0.11659934371709824,0.1164693757891655,0.1174481064081192,0.0,0.11644715815782547,0.11616969108581543,0.1167709082365036,0.1174481064081192,1844,0.11562972515821457,0.11584620177745819,0.11644724756479263,571.72,103,10,0.11677291989326477,0.2,1020,0.6428571428571429,0.11644315719604492,58,18.381973007321356,52,0.32142857142857145,0.10344827586206896,14,0.24242424242424243,1e-05,0.0032174408,8,1.0,1.6611906290054321,33,28,0.7886783480644226,0.657785009033978,-0.002354636034260693,0.12032852172851563,0.1,0.0
0.11756125837564468,13631488,0.8666666666666667,0.11735495179891586,0.11826585233211517,0.6915887850467289,0.11698472499847412,0.11709528416395187,0.308411214953271,0.11730412393808365,0.11748776584863663,0.11767514050006866,1.4104579439252347,0.11718560755252838,0.11659050732851028,0.11763104796409607,0.11816900223493576,1.9813084112149533,2.0869908368344947,0.1173090785741806,409.620849609375,0.11741212755441666,7326,0.11730773746967316,0.20833333333333334,48,0.11657983064651489,0.11763682216405869,0.11745525151491165,0.11848030984401703,0.0,0.11727999150753021,0.11714169383049011,0.11777820438146591,0.11848030984401703,1860,0.11657983064651489,0.11683078110218048,0.11742069572210312,648.0,104,15,0.11776804178953171,0.2,1030,0.5454545454545454,0.11742822825908661,55,18.170949226617815,66,0.2647058823529412,0.12727272727272726,22,0.3055555555555556,1e-05,0.0032276984,4,1.0,1.6708378791809082,36,34,0.7715975642204285,0.6543458436848596,-0.002168515542871319,0.122503662109375,0.1,0.0
0.11854100227355957,13762560,0.8333333333333334,0.1183868795633316,0.11924657225608826,0.7666666666666667,0.11798030883073807,0.11800438910722733,0.23333333333333334,0.1183096170425415,0.11861063539981842,0.11862731724977493,1.4007142857142867,0.11824755370616913,0.11759955435991287,0.11862542480230331,0.11923883855342865,2.257142857142857,2.2709746114700056,0.11828908324241638,361.2432861328125,0.11853750050067902,7329,0.11843136698007584,0.08,50,0.11759495735168457,0.11863230168819427,0.1185380071401596,0.11940541118383408,0.0,0.11830922216176987,0.1181364431977272,0.11880671232938766,0.11940541118383408,1877,0.11759495735168457,0.11789923906326294,0.11842232942581177,568.25,105,6,0.11870744824409485,0.2,1040,0.5294117647058824,0.11844512820243835,63,17.957961569726468,49,0.1935483870967742,0.14285714285714285,17,0.21212121212121213,1e-05,0.0031955093,10,0.9,1.5877047777175903,33,31,0.7982175946235657,0.6260321110719815,-0.002509251161654902,0.12099380493164062,0.1,0.0
0.11956063657999039,13893632,0.9230769230769231,0.11937910318374634,0.1202227920293808,0.6886792452830188,0.11900586634874344,0.11899091303348541,0.3113207547169811,0.11931326240301132,0.11955291032791138,0.11963793635368347,1.400207547169812,0.11931414157152176,0.11853085458278656,0.11967083066701889,0.12016584724187851,2.268867924528302,2.1767596234286684,0.11929352581501007,420.4333190917969,0.11956223100423813,7326,0.11943225562572479,0.10416666666666667,48,0.11853085458278656,0.11961135268211365,0.11942636221647263,0.1204819530248642,0.0,0.11919347941875458,0.11907974630594254,0.11989209800958633,0.1204819530248642,1896,0.11857489496469498,0.1189524233341217,0.11942576617002487,660.43,106,13,0.11981768906116486,0.2,1050,0.5555555555555556,0.11944355070590973,49,17.745277452468873,66,0.3783783783783784,0.14285714285714285,18,0.1,1e-05,0.003174749,17,0.8823529411764706,1.5765751600265503,30,37,0.7775236368179321,0.6812338283983991,-0.0023788437386428997,0.12017288208007812,0.1,0.0
0.12072674185037613,14024704,0.9411764705882353,0.12046319991350174,0.12124083936214447,0.7175925925925926,0.12007179856300354,0.12005505710840225,0.2824074074074074,0.12028230726718903,0.12055456638336182,0.120612233877182,1.4030833333333346,0.12027350813150406,0.11963896453380585,0.12074732035398483,0.12121710926294327,2.037037037037037,2.1284208206051174,0.12029489874839783,373.5369567871094,0.12063262611627579,7331,0.12038108706474304,0.1746031746031746,63,0.11955806612968445,0.12080185860395432,0.12037758529186249,0.12152042239904404,0.0,0.12021278589963913,0.1201009750366211,0.12083092331886292,0.12152042239904404,1912,0.11955806612968445,0.11995623260736465,0.12043479830026627,587.07,107,17,0.12077289074659348,0.2,1060,0.6923076923076923,0.12047035247087479,47,17.532991313934325,61,0.03571428571428571,0.14893617021276595,13,0.17142857142857143,1e-05,0.003250586,13,0.8461538461538461,1.3794264793395996,35,28,0.7820253372192383,0.609339700662531,-0.002303668523063607,0.12127151489257812,0.1,0.0
0.12177109718322754,14155776,0.8235294117647058,0.12154389172792435,0.12221895903348923,0.7614678899082569,0.1210220456123352,0.12105442583560944,0.23853211009174313,0.12132877856492996,0.12149171531200409,0.12174490839242935,1.3756880733944963,0.12133242189884186,0.12068907171487808,0.12184947729110718,0.12227039784193039,1.9678899082568808,2.1903625220540337,0.1213439330458641,374.7206726074219,0.12173190712928772,7334,0.12146411091089249,0.11764705882352941,51,0.12054277956485748,0.12190055847167969,0.12132614105939865,0.12266834825277328,0.0,0.12125613540410995,0.12120324373245239,0.1219341903924942,0.12266834825277328,1930,0.12054277956485748,0.12096931040287018,0.12147601693868637,603.6,108,17,0.12178459763526917,0.2,1070,0.35,0.12151674181222916,49,17.317860136926175,52,0.18181818181818182,0.08163265306122448,20,0.1794871794871795,1e-05,0.0032436326,9,0.8888888888888888,1.5029842853546143,39,33,0.7938324809074402,0.6643152894219384,-0.0025320363062746763,0.12100448608398437,0.1,0.0
0.12278752774000168,14286848,0.9411764705882353,0.12261361628770828,0.12319186329841614,0.7123287671232876,0.12205204367637634,0.12213250249624252,0.2876712328767123,0.1223023533821106,0.12249171733856201,0.12263937294483185,1.4155159817351608,0.1223435327410698,0.12181735038757324,0.12294823676347733,0.12331269681453705,1.9680365296803652,2.0982846561516135,0.12237956374883652,411.92791748046875,0.12279710173606873,7331,0.12239928543567657,0.13333333333333333,60,0.12150008976459503,0.12297283113002777,0.12232547998428345,0.12369882315397263,0.0,0.12225544452667236,0.12220796942710876,0.12289618700742722,0.12369882315397263,1948,0.12150008976459503,0.12195651978254318,0.12259949743747711,648.83,109,17,0.12283171713352203,0.2,1080,0.65,0.12253813445568085,51,17.10553784966469,63,0.12,0.11764705882352941,20,0.2571428571428571,1e-05,0.003096063,11,0.7272727272727273,1.438319444656372,35,25,0.7840284109115601,0.6902734768111258,-0.002337235411278016,0.115570068359375,0.1,0.0
0.12385018169879913,14417920,0.8823529411764706,0.1236003041267395,0.12426245957612991,0.7450980392156863,0.12309300899505615,0.12321539223194122,0.2549019607843137,0.1234225258231163,0.12351242452859879,0.12357760965824127,1.4200196078431382,0.12338604778051376,0.12288302928209305,0.12397683411836624,0.12438778579235077,1.9901960784313726,2.1044900370555295,0.12340208142995834,390.1073913574219,0.12386595457792282,7336,0.12334692478179932,0.0851063829787234,47,0.12259814888238907,0.12405737489461899,0.12341251969337463,0.12472505122423172,0.0,0.12338436394929886,0.12327701598405838,0.12391769886016846,0.12472505122423172,1965,0.12259814888238907,0.12305718660354614,0.12370277941226959,618.13,110,17,0.12399075925350189,0.2,1090,0.23076923076923078,0.12359622120857239,48,16.892765478789805,52,0.2727272727272727,0.16666666666666666,13,0.18421052631578946,1e-05,0.003182296,8,0.75,1.4864444732666016,38,33,0.7846565842628479,0.6229567104950547,-0.002346609071810235,0.11774749755859375,0.1,0.0
0.12494850903749466,14548992,0.875,0.12462597340345383,0.12525665760040283,0.7246376811594203,0.12414990365505219,0.12430699914693832,0.2753623188405797,0.12434796243906021,0.12465019524097443,0.12476892024278641,1.4137198067632861,0.12437417358160019,0.12394341081380844,0.12507449090480804,0.12544415891170502,2.1884057971014492,2.1402884396322004,0.12445343285799026,398.66094970703125,0.12483473867177963,7339,0.1244097352027893,0.14285714285714285,49,0.12363339960575104,0.12506355345249176,0.12460283190011978,0.12583470344543457,0.0,0.124541737139225,0.12430184334516525,0.12502655386924744,0.12583470344543457,1982,0.12363339960575104,0.12409775704145432,0.1246563121676445,635.31,111,16,0.12507398426532745,0.2,1100,0.5333333333333333,0.12465687841176987,50,16.678713159263133,57,0.1794871794871795,0.1,15,0.25,1e-05,0.003176427,10,0.9,1.3617806434631348,28,39,0.7979505062103271,0.5972611052449792,-0.0024436742281068293,0.11760025024414063,0.1,0.0
0.12592972815036774,14680064,1.0,0.1257297694683075,0.12638622522354126,0.6458333333333334,0.12518882751464844,0.12529829144477844,0.3541666666666667,0.12540890276432037,0.12573370337486267,0.12588593363761902,1.414093750000001,0.12540408968925476,0.12486762553453445,0.12610067427158356,0.12658467888832092,1.8854166666666667,2.012314740914906,0.12547077238559723,421.104248046875,0.1258557140827179,7336,0.12541045248508453,0.1590909090909091,44,0.12465708702802658,0.12614142894744873,0.12567567825317383,0.12680259346961975,0.0,0.12554489076137543,0.1253359019756317,0.12610501050949097,0.12680259346961975,2000,0.12465708702802658,0.1251140981912613,0.12563571333885193,663.37,112,18,0.12617820501327515,0.2,1110,0.47058823529411764,0.12569783627986908,41,16.468558630347253,68,0.42857142857142855,0.14634146341463414,17,0.2777777777777778,1e-05,0.00319148,8,0.875,1.3814902305603027,36,28,0.7893497347831726,0.6475587718654424,-0.002512910903442389,0.12245101928710937,0.1,0.0
0.12700997292995453,14811136,0.8947368421052632,0.126763716340065,0.1275811493396759,0.6555023923444976,0.12624040246009827,0.12637758255004883,0.3444976076555024,0.12648141384124756,0.12673373520374298,0.1268315315246582,1.4058851674641162,0.12645313143730164,0.1258285790681839,0.127199187874794,0.12774167954921722,2.1196172248803826,2.094182411276884,0.12651710212230682,409.976806640625,0.1269119828939438,7341,0.1264883279800415,0.2,45,0.12578041851520538,0.12725278735160828,0.12677478790283203,0.12784437835216522,0.0,0.12658794224262238,0.1264619082212448,0.12720562517642975,0.12784437835216522,2017,0.12578041851520538,0.12630625069141388,0.12672564387321472,644.51,113,19,0.1272767037153244,0.2,1120,0.6666666666666666,0.12677504122257233,47,16.25770090520382,72,0.28205128205128205,0.06382978723404255,15,0.34375,1e-05,0.0032249792,12,0.9166666666666666,1.424417495727539,32,39,0.7774701714515686,0.5846389203332365,-0.002502346222763663,0.12070159912109375,0.1,0.0
0.1280938684940338,14942208,0.9375,0.1279040426015854,0.1286533921957016,0.6859903381642513,0.12723416090011597,0.12752093374729156,0.3140096618357488,0.1275971531867981,0.1277407854795456,0.12784408032894135,1.407758454106281,0.12750297784805298,0.12684695422649384,0.12814074754714966,0.12875869870185852,2.1159420289855073,2.13325408796938,0.12751762568950653,425.66180419921875,0.12811368703842163,7343,0.1276257485151291,0.10526315789473684,57,0.12677408754825592,0.1282666176557541,0.12773123383522034,0.129018634557724,0.0,0.12767334282398224,0.12753306329250336,0.1283949762582779,0.129018634557724,2034,0.12677408754825592,0.12750555574893951,0.12776362895965576,676.08,114,16,0.12836939096450806,0.2,1130,0.7222222222222222,0.12784503400325775,42,16.046284762769936,65,0.17647058823529413,0.11904761904761904,18,0.32142857142857145,1e-05,0.003135196,12,0.9166666666666666,1.2597016096115112,28,34,0.7896299362182617,0.586493554781191,-0.0024409148787526646,0.11867446899414062,0.1,0.0
0.1292107254266739,15073280,0.9375,0.1289287507534027,0.12970510125160217,0.6852791878172588,0.12836599349975586,0.1284891664981842,0.3147208121827411,0.12871882319450378,0.1288233995437622,0.1289461851119995,1.4223350253807117,0.1286012828350067,0.127963587641716,0.12916360795497894,0.12992939352989197,2.1269035532994924,2.083788601901979,0.12873037159442902,435.2010803222656,0.12921716272830963,7341,0.12855514883995056,0.1956521739130435,46,0.127963587641716,0.1293124258518219,0.12878568470478058,0.1301776021718979,0.0,0.12869314849376678,0.1286364197731018,0.12935611605644226,0.1301776021718979,2053,0.12799681723117828,0.1285123974084854,0.1289241462945938,690.89,115,16,0.12942297756671906,0.2,1140,0.6666666666666666,0.12892666459083557,42,15.836016710847616,62,0.12903225806451613,0.11904761904761904,18,0.20689655172413793,1e-05,0.003069898,15,0.7333333333333333,1.411813497543335,29,31,0.7927422523498535,0.6146090509369969,-0.0024244116549652973,0.115777587890625,0.1,0.0
0.13041432201862335,15204352,0.9230769230769231,0.13006852567195892,0.1307322084903717,0.7235023041474654,0.12945877015590668,0.1294829398393631,0.2764976958525346,0.12976807355880737,0.12985160946846008,0.1300172209739685,1.400958525345623,0.12976618111133575,0.1291324347257614,0.13039952516555786,0.13097631931304932,2.1889400921658986,2.2225253351139282,0.1297266185283661,393.4136047363281,0.13033486902713776,7345,0.12966202199459076,0.05660377358490566,53,0.1290382295846939,0.13043372333049774,0.12989579141139984,0.13126859068870544,0.0,0.12980256974697113,0.1296326220035553,0.13043878972530365,0.13126859068870544,2069,0.1290382295846939,0.12960033118724823,0.12998554110527039,631.36,116,13,0.13053496181964874,0.2,1150,0.5625,0.13001690804958344,48,15.625211992114782,60,0.21052631578947367,0.125,16,0.2571428571428571,1e-05,0.0031079296,14,0.9285714285714286,1.4039838314056396,35,38,0.7745096683502197,0.6059326035436243,-0.0022762298559428017,0.11388320922851562,0.1,0.0
0.13147108256816864,15335424,1.0,0.1312112957239151,0.13201268017292023,0.7264150943396226,0.13062343001365662,0.13055621087551117,0.27358490566037735,0.13085778057575226,0.13104507327079773,0.13114796578884125,1.4057264150943407,0.13102170825004578,0.1303188055753708,0.13147667050361633,0.13205090165138245,2.1462264150943398,2.219014024795973,0.13098934292793274,373.820556640625,0.1314176768064499,7348,0.1307777464389801,0.07692307692307693,52,0.1301640421152115,0.13151074945926666,0.1309698075056076,0.13245506584644318,0.0,0.13095468282699585,0.13078223168849945,0.1314643770456314,0.13245506584644318,2086,0.1301640421152115,0.1305592954158783,0.13116808235645294,598.33,117,9,0.1316474825143814,0.2,1160,0.35714285714285715,0.1311461627483368,50,15.411022724211216,58,0.29411764705882354,0.14,14,0.2682926829268293,1e-05,0.0031297307,12,1.0,1.3972586393356323,41,34,0.785595715045929,0.652601691824384,-0.00224516216644588,0.11618881225585938,0.1,0.0
0.13269001245498657,15466496,0.8666666666666667,0.13228192925453186,0.13306476175785065,0.6884422110552764,0.13178126513957977,0.13160835206508636,0.31155778894472363,0.13192300498485565,0.1321178823709488,0.1322806477546692,1.4199899497487447,0.13216526806354523,0.131449893116951,0.1325794905424118,0.13327550888061523,2.135678391959799,2.1268381145026565,0.131991446018219,400.1976623535156,0.13254143297672272,7345,0.13184964656829834,0.1509433962264151,53,0.13117685914039612,0.13265641033649445,0.1321004331111908,0.13367578387260437,0.0,0.13204799592494965,0.1319696307182312,0.13258805871009827,0.13367578387260437,2105,0.13117685914039612,0.13170889019966125,0.13234448432922363,637.37,118,15,0.13282817602157593,0.2,1170,0.7333333333333333,0.13226789236068726,46,15.197363471239806,62,0.1724137931034483,0.13043478260869565,15,0.25,1e-05,0.0030531266,13,0.9230769230769231,1.4834543466567993,28,29,0.800430417060852,0.6166451886063442,-0.002211695132064051,0.111151123046875,0.1,0.0
0.13362610340118408,15597568,1.0,0.13342240452766418,0.1342366486787796,0.635,0.13290971517562866,0.13270311057567596,0.365,0.13295629620552063,0.133322611451149,0.13343015313148499,1.4137400000000009,0.13328571617603302,0.13258081674575806,0.13385428488254547,0.13439726829528809,2.065,2.1528132900832357,0.13318288326263428,445.0018615722656,0.13374914228916168,7350,0.13301099836826324,0.17073170731707318,41,0.13243652880191803,0.13373351097106934,0.133207306265831,0.13489340245723724,0.0,0.13308696448802948,0.13316695392131805,0.1337759643793106,0.13489340245723724,2121,0.13243652880191803,0.13303522765636444,0.13346350193023682,708.16,119,13,0.13397429883480072,0.2,1180,0.625,0.13341766595840454,51,14.982089298218488,73,0.36666666666666664,0.21568627450980393,16,0.2631578947368421,1e-05,0.00324128,11,1.0,1.5242834091186523,38,30,0.7664070129394531,0.6161437044618652,-0.00246920748231787,0.12197265625,0.1,0.0
0.13480804860591888,15728640,1.0,0.1345493644475937,0.13537490367889404,0.6855670103092784,0.1340157389640808,0.1339576244354248,0.31443298969072164,0.13410872220993042,0.13451716303825378,0.13454148173332214,1.4011443298969082,0.13428443670272827,0.13379034399986267,0.134956493973732,0.1355687528848648,2.056701030927835,2.2009329516933915,0.1343541443347931,399.9809265136719,0.13504065573215485,7353,0.13416439294815063,0.14893617021276595,47,0.13348424434661865,0.13506262004375458,0.13432811200618744,0.13613812625408173,0.0,0.13427434861660004,0.1341797113418579,0.13501287996768951,0.13613812625408173,2138,0.13348424434661865,0.13409458100795746,0.1346433311700821,638.78,120,11,0.13505685329437256,0.2,1190,0.6666666666666666,0.13457228243350983,45,14.76689329445362,61,0.26666666666666666,0.17777777777777778,21,0.21875,1e-05,0.0032772387,8,0.75,1.2285901308059692,32,30,0.7751564383506775,0.5837059256387874,-0.0024315182270584048,0.12339630126953124,0.1,0.0
0.13604457676410675,15859712,1.0,0.135658860206604,0.13633103668689728,0.6956521739130435,0.13522906601428986,0.13511508703231812,0.30434782608695654,0.13533341884613037,0.1357574462890625,0.13565807044506073,1.4119391304347835,0.13534487783908844,0.13493818044662476,0.1360914409160614,0.1366974413394928,1.9391304347826086,2.1145520718341455,0.135492742061615,401.01007080078125,0.13607153296470642,7350,0.13535144925117493,0.1016949152542373,59,0.13464558124542236,0.13616368174552917,0.13545390963554382,0.13723905384540558,0.0,0.13542203605175018,0.13524454832077026,0.13602037727832794,0.13723905384540558,2157,0.13464558124542236,0.1352035105228424,0.13577717542648315,637.81,121,14,0.13619698584079742,0.2,1200,0.5,0.1356992870569229,55,14.555361891537904,70,0.3793103448275862,0.18181818181818182,26,0.3,1e-05,0.003123768,7,0.5714285714285714,1.3143728971481323,40,29,0.7748468518257141,0.6218011136632413,-0.00240057427326974,0.11508941650390625,0.1,0.0
0.13718460500240326,15990784,0.9230769230769231,0.1366526037454605,0.13742126524448395,0.6868131868131868,0.1363583207130432,0.13623495399951935,0.3131868131868132,0.13645711541175842,0.1370258331298828,0.13668030500411987,1.412065934065935,0.13635873794555664,0.1359722912311554,0.13722828030586243,0.13787542283535004,2.1153846153846154,2.149964642442127,0.13672013580799103,402.8207092285156,0.13732171058654785,7355,0.13659776747226715,0.08695652173913043,46,0.1358015239238739,0.1373121738433838,0.13663025200366974,0.13836687803268433,0.0,0.1366475373506546,0.13634689152240753,0.13720807433128357,0.13836687803268433,2174,0.1358015239238739,0.1363990604877472,0.13692563772201538,647.62,122,13,0.13729046285152435,0.2,1210,0.5555555555555556,0.13684070110321045,39,14.345927886664867,57,0.3333333333333333,0.1794871794871795,9,0.21212121212121213,1e-05,0.0031154384,12,1.0,1.4587926864624023,33,30,0.7946586608886719,0.6537585818907246,-0.002283538638812388,0.11599502563476563,0.1,0.0
0.13839834928512573,16121856,0.9166666666666666,0.1378040909767151,0.13855132460594177,0.6940639269406392,0.13753235340118408,0.13740849494934082,0.3059360730593607,0.13767476379871368,0.13819950819015503,0.13789141178131104,1.4171872146118734,0.1374673992395401,0.13708046078681946,0.1383073627948761,0.138932004570961,2.136986301369863,2.1758933271152046,0.13782329857349396,397.61968994140625,0.13855189085006714,7356,0.1379212588071823,0.1590909090909091,44,0.13697274029254913,0.1384974867105484,0.13778121769428253,0.13940002024173737,0.0,0.13778549432754517,0.13748955726623535,0.13831868767738342,0.13940002024173737,2191,0.13697274029254913,0.13759207725524902,0.13814318180084229,639.38,123,12,0.13836154341697693,0.2,1220,0.6,0.13799543678760529,43,14.136273874342441,67,0.2857142857142857,0.11627906976744186,15,0.2127659574468085,1e-05,0.0031717247,16,0.8125,1.2582733631134033,47,42,0.78885817527771,0.5488049972103909,-0.0023686696144068265,0.11953125,0.1,0.0
0.13955843448638916,16252928,0.9166666666666666,0.13898083567619324,0.13951420783996582,0.7087378640776699,0.13867001235485077,0.13866300880908966,0.2912621359223301,0.13878577947616577,0.1393577754497528,0.13909175992012024,1.4184174757281562,0.1385437399148941,0.13829869031906128,0.1394553929567337,0.14018702507019043,2.354368932038835,2.1229752730681133,0.13884781301021576,407.3304443359375,0.13979189097881317,7354,0.13901002705097198,0.1111111111111111,54,0.13814617693424225,0.13978032767772675,0.13903813064098358,0.14057210087776184,0.0,0.13887514173984528,0.13867750763893127,0.13938704133033752,0.14057210087776184,2209,0.13814617693424225,0.13881592452526093,0.13939863443374634,650.96,124,12,0.13955536484718323,0.2,1230,0.4,0.13916011154651642,50,13.925843027234077,60,0.21951219512195122,0.16,10,0.34615384615384615,1e-05,0.0031311705,13,1.0,1.4022345542907715,26,41,0.8030462861061096,0.6375208804849535,-0.0024470681124057593,0.1143524169921875,0.1,0.0
0.14074794948101044,16384000,1.0,0.14025278389453888,0.14083565771579742,0.6954314720812182,0.13992488384246826,0.13981051743030548,0.30456852791878175,0.13997822999954224,0.14048196375370026,0.1402837038040161,1.4122233502538082,0.13986188173294067,0.13938342034816742,0.14068450033664703,0.1414201259613037,2.197969543147208,2.145416106079688,0.13988880813121796,419.3516540527344,0.1409834921360016,7359,0.14020931720733643,0.13333333333333333,60,0.13938342034816742,0.14098866283893585,0.14027923345565796,0.1418074518442154,0.0,0.14011432230472565,0.13984167575836182,0.14067582786083221,0.1418074518442154,2226,0.13944567739963531,0.13995663821697235,0.140684112906456,668.76,125,13,0.14063771069049835,0.2,1240,0.47058823529411764,0.14036715030670166,46,13.712182299792767,60,0.20588235294117646,0.13043478260869565,17,0.55,1e-05,0.0031956253,7,1.0,1.2470009326934814,20,34,0.7842676043510437,0.632189482357353,-0.002503437868290348,0.11581954956054688,0.1,0.0
0.14193673431873322,16515072,0.9545454545454546,0.14155466854572296,0.14209358394145966,0.6743119266055045,0.1410575658082962,0.1411091536283493,0.3256880733944954,0.1411062330007553,0.14157705008983612,0.14156709611415863,1.4066880733944964,0.1410120576620102,0.14060066640377045,0.14179937541484833,0.14257299900054932,2.032110091743119,2.0649797050871035,0.14113597571849823,441.60565185546875,0.14213119447231293,7361,0.14133305847644806,0.1590909090909091,44,0.14060066640377045,0.14222493767738342,0.14138495922088623,0.14296917617321014,0.0,0.1414361447095871,0.1410844773054123,0.14188894629478455,0.14296917617321014,2243,0.14061814546585083,0.14115658402442932,0.14188148081302643,700.39,126,22,0.1418321579694748,0.2,1250,0.29411764705882354,0.1415625661611557,60,13.498991725593806,71,0.16666666666666666,0.16666666666666666,17,0.36363636363636365,1e-05,0.0031148228,12,0.9166666666666666,1.1088577508926392,33,30,0.7808175683021545,0.6175523626618087,-0.0023511465658202723,0.1153289794921875,0.1,0.0
0.14318427443504333,16646144,0.9166666666666666,0.1428261697292328,0.14317871630191803,0.7185929648241206,0.14219453930854797,0.14230278134346008,0.2814070351758794,0.1423320472240448,0.14283601939678192,0.14279328286647797,1.4144422110552772,0.14220185577869415,0.14181411266326904,0.14299286901950836,0.14387503266334534,2.1457286432160805,2.129731484326855,0.14235368371009827,393.9903869628906,0.14332391321659088,7359,0.14253219962120056,0.125,48,0.1417747437953949,0.14339502155780792,0.14264795184135437,0.14427553117275238,0.0,0.14269529283046722,0.14222241938114166,0.14317969977855682,0.14427553117275238,2261,0.1417747437953949,0.14243772625923157,0.14310429990291595,637.67,127,12,0.14315705001354218,0.2,1260,0.5,0.14278525114059448,39,13.28485140502453,56,0.28888888888888886,0.1794871794871795,16,0.21212121212121213,1e-05,0.003222901,6,0.6666666666666666,1.2341749668121338,33,45,0.7835139632225037,0.6172259755432605,-0.002556289942913281,0.11974105834960938,0.1,0.0
0.14441393315792084,16777216,1.0,0.14402224123477936,0.14448131620883942,0.6730769230769231,0.14337916672229767,0.1433863639831543,0.3269230769230769,0.1434614658355713,0.14410300552845,0.14399264752864838,1.4125096153846164,0.14345622062683105,0.14312273263931274,0.14420770108699799,0.1449032872915268,2.105769230769231,2.1006996089564187,0.14351384341716766,395.1937255859375,0.14443086087703705,7363,0.14359422028064728,0.07547169811320754,53,0.14309784770011902,0.1446230113506317,0.1438581794500351,0.14545640349388123,0.0,0.14392143487930298,0.14346086978912354,0.1444265991449356,0.14545640349388123,2278,0.14309784770011902,0.143546000123024,0.14430226385593414,636.86,128,14,0.14443784952163696,0.2,1270,0.8,0.14398397505283356,47,13.073596795648337,68,0.2571428571428571,0.19148936170212766,15,0.3235294117647059,1e-05,0.0030715056,10,0.9,1.2163562774658203,34,35,0.7965819835662842,0.6208841554820538,-0.002421205093651224,0.1121551513671875,0.1,0.0
0.14583994448184967,16908288,1.0,0.14527089893817902,0.14574483036994934,0.6633663366336634,0.1446814239025116,0.1445682942867279,0.33663366336633666,0.14463865756988525,0.1453726440668106,0.1451777219772339,1.430762376237625,0.1445809006690979,0.14422039687633514,0.1452629417181015,0.14624203741550446,2.3217821782178216,2.193033185257058,0.14475320279598236,416.50762939453125,0.14567027986049652,7365,0.1448746770620346,0.24,50,0.14422039687633514,0.14595820009708405,0.1452176719903946,0.14677637815475464,0.0,0.1450507938861847,0.1446755975484848,0.14566008746623993,0.14677637815475464,2295,0.1443091481924057,0.14469508826732635,0.14549504220485687,677.12,129,11,0.14577576518058777,0.2,1280,0.5333333333333333,0.14522050321102142,47,12.861570699512958,68,0.24390243902439024,0.19148936170212766,15,0.2692307692307692,1e-05,0.0031250275,12,0.9166666666666666,1.170788288116455,26,41,0.7857255935668945,0.60443135201931,-0.0022979299316375546,0.11483001708984375,0.1,0.0
0.14698149263858795,17039360,0.9411764705882353,0.14645981788635254,0.14693622291088104,0.6619047619047619,0.14597193896770477,0.14575397968292236,0.3380952380952381,0.14575885236263275,0.14660413563251495,0.14649143815040588,1.426019047619049,0.1459408551454544,0.1455666422843933,0.14648231863975525,0.14744997024536133,2.157142857142857,2.121740686181613,0.14598800241947174,424.3070983886719,0.1468784660100937,7363,0.14599032700061798,0.12195121951219512,41,0.1455666422843933,0.14727352559566498,0.14647230505943298,0.14807437360286713,0.0,0.14625227451324463,0.14585550129413605,0.14686031639575958,0.14807437360286713,2314,0.14569497108459473,0.14598120748996735,0.14683988690376282,683.67,130,17,0.14689475297927856,0.2,1290,0.46153846153846156,0.14645813405513763,50,12.649013343453408,71,0.2894736842105263,0.18,26,0.23076923076923078,1e-05,0.003193156,12,1.0,1.211456298828125,26,38,0.7863872051239014,0.6215354084968567,-0.0024770126848125073,0.11610870361328125,0.1,0.0
0.14826573431491852,17170432,0.8947368421052632,0.14768080413341522,0.14812098443508148,0.7211538461538461,0.1472504734992981,0.1470407098531723,0.27884615384615385,0.1468878835439682,0.14785940945148468,0.14778278768062592,1.4086634615384623,0.14720456302165985,0.14667674899101257,0.14767971634864807,0.14878840744495392,2.0384615384615383,2.163943335448771,0.14725227653980255,374.7269592285156,0.1481611579656601,7367,0.14713171124458313,0.05357142857142857,56,0.14667674899101257,0.14847072958946228,0.14767713844776154,0.14937342703342438,0.0,0.14756636321544647,0.14708316326141357,0.1480196863412857,0.14937342703342438,2330,0.14700473845005035,0.14718657732009888,0.1479959487915039,609.49,131,19,0.14809873700141907,0.2,1300,0.6923076923076923,0.14769038558006287,40,12.438308326154948,58,0.1891891891891892,0.125,13,0.24242424242424243,1e-05,0.0031248573,10,0.9,1.2832813262939453,33,37,0.7823567390441895,0.6244609788991511,-0.0024510668612492737,0.1160400390625,0.1,0.0
0.1495211124420166,17301504,0.9090909090909091,0.14892111718654633,0.14954397082328796,0.6683417085427136,0.14858022332191467,0.1482757329940796,0.3316582914572864,0.14814423024654388,0.1491214781999588,0.14892049133777618,1.4044924623115589,0.1485154628753662,0.14785102009773254,0.14908552169799805,0.15019948780536652,2.050251256281407,2.0456210443389398,0.14855872094631195,414.8459777832031,0.14929717779159546,7370,0.14854304492473602,0.16279069767441862,43,0.14785102009773254,0.14991576969623566,0.1488281935453415,0.15071503818035126,0.0,0.14876651763916016,0.14829666912555695,0.14927595853805542,0.15071503818035126,2347,0.1482333242893219,0.14834553003311157,0.1493200808763504,662.46,132,22,0.14931738376617432,0.2,1310,0.7777777777777778,0.14896373450756073,47,12.225677403062582,66,0.2,0.06382978723404255,18,0.28,1e-05,0.003093892,9,0.8888888888888888,1.273280382156372,25,35,0.7867129445075989,0.6213904330506921,-0.002461091914665303,0.11134872436523438,0.1,0.0
0.1507737636566162,17432576,0.9375,0.1502794474363327,0.1508711576461792,0.6767676767676768,0.14984270930290222,0.14954864978790283,0.32323232323232326,0.14935195446014404,0.15041248500347137,0.15021848678588867,1.434060606060607,0.14977459609508514,0.1492162048816681,0.1503058671951294,0.15147821605205536,2.1717171717171717,2.11326223927834,0.1499054878950119,421.8641052246094,0.15058986842632294,7367,0.14979802072048187,0.13513513513513514,37,0.1492162048816681,0.15118202567100525,0.15010173618793488,0.15200725197792053,0.0,0.1501183956861496,0.1496226042509079,0.1505637764930725,0.15200725197792053,2366,0.14956270158290863,0.14974212646484375,0.1506999284029007,677.99,133,16,0.15072935819625854,0.2,1320,0.42857142857142855,0.15026786923408508,46,12.009209003299475,64,0.2,0.21739130434782608,14,0.24242424242424243,1e-05,0.003167447,12,1.0,1.1042019128799438,33,40,0.7834205627441406,0.5906880722614005,-0.0023581993313200656,0.1163116455078125,0.1,0.0
0.1521337777376175,17563648,1.0,0.15160425007343292,0.15220211446285248,0.6816143497757847,0.1511908322572708,0.1507202684879303,0.3183856502242152,0.1507585048675537,0.15151266753673553,0.1515098512172699,1.4276860986547097,0.15110085904598236,0.15061284601688385,0.15142416954040527,0.15277355909347534,2.1345291479820627,2.1712561231016223,0.1511239856481552,370.8663330078125,0.15175902843475342,7371,0.1510123908519745,0.17777777777777778,45,0.15061284601688385,0.15247496962547302,0.15143424272537231,0.15330927073955536,0.0,0.15128874778747559,0.15065324306488037,0.15183256566524506,0.15330927073955536,2382,0.15061819553375244,0.15098491311073303,0.1519995480775833,604.17,134,14,0.15205824375152588,0.2,1330,0.7142857142857143,0.15152372419834137,58,11.797869915515184,71,0.3,0.10344827586206896,21,0.2222222222222222,1e-05,0.0030542319,9,0.8888888888888888,1.0764336585998535,36,40,0.804850697517395,0.5717666385695338,-0.002724242045178471,0.11254043579101562,0.1,0.0
0.15337611734867096,17694720,0.7777777777777778,0.1529698371887207,0.15359854698181152,0.7546296296296297,0.15244334936141968,0.15206927061080933,0.24537037037037038,0.15203242003917694,0.15283755958080292,0.152984619140625,1.419500000000001,0.15226511657238007,0.1518838256597519,0.15258978307247162,0.1541682928800583,2.236111111111111,2.1799644490077448,0.1525549292564392,380.8409423828125,0.1531505286693573,7373,0.1524403840303421,0.12280701754385964,57,0.1518838256597519,0.15362028777599335,0.1526883989572525,0.15474329888820648,0.0,0.1526602953672409,0.15199042856693268,0.1531035602092743,0.15474329888820648,2399,0.15197443962097168,0.1521894335746765,0.15320904552936554,612.38,135,9,0.15331538021564484,0.2,1340,0.5,0.15283437073230743,54,11.584620521962643,53,0.10256410256410256,0.16666666666666666,20,0.3103448275862069,1e-05,0.003136741,8,0.875,1.1416786909103394,29,39,0.800084114074707,0.6288200756069273,-0.002520515068590612,0.11378555297851563,0.1,0.0
0.1546820104122162,17825792,0.8823529411764706,0.15430480241775513,0.15485382080078125,0.6685082872928176,0.15368641912937164,0.1532258838415146,0.3314917127071823,0.15322604775428772,0.1542062908411026,0.15432904660701752,1.4155801104972388,0.1534414440393448,0.15329013764858246,0.15391775965690613,0.15554270148277283,2.160220994475138,2.0409015337827716,0.15388983488082886,434.3803405761719,0.15444913506507874,7371,0.15377134084701538,0.12244897959183673,49,0.1532258838415146,0.15486587584018707,0.15406593680381775,0.15611742436885834,0.0,0.1538836807012558,0.15335588157176971,0.15434463322162628,0.15611742436885834,2418,0.15328003466129303,0.15350447595119476,0.1545625478029251,697.24,136,17,0.15459594130516052,0.2,1350,0.5714285714285714,0.15413571894168854,42,11.371129056811332,60,0.36,0.14285714285714285,14,0.2,1e-05,0.0031011365,14,0.8571428571428571,1.0379643440246582,20,25,0.7943589687347412,0.6429673601640389,-0.0022833689545677773,0.11135635375976563,0.1,0.0
0.15599630773067474,17956864,0.9090909090909091,0.15576580166816711,0.1561080813407898,0.6225490196078431,0.15502038598060608,0.15448594093322754,0.37745098039215685,0.1545722633600235,0.1555275171995163,0.15567122399806976,1.4232843137254914,0.15484462678432465,0.15462985634803772,0.1552637815475464,0.15695643424987793,2.127450980392157,1.9480321641302742,0.15513107180595398,427.9486999511719,0.1557711809873581,7375,0.15508069097995758,0.24390243902439024,41,0.15448594093322754,0.1561402976512909,0.15535780787467957,0.15752340853214264,0.0,0.15500710904598236,0.15460510551929474,0.15551838278770447,0.15752340853214264,2434,0.15471971035003662,0.1547422856092453,0.15585963428020477,687.67,137,22,0.1560896337032318,0.2,1360,0.8,0.15545554459095,64,11.159300857037305,77,0.21428571428571427,0.171875,10,0.37037037037037035,1e-05,0.0032695634,12,1.0,1.0848253965377808,27,28,0.7916302680969238,0.534557503578253,-0.0024930239077548323,0.11998748779296875,0.1,0.0
0.15738295018672943,18087936,0.95,0.1570977121591568,0.15730342268943787,0.6854460093896714,0.15637049078941345,0.15563297271728516,0.3145539906103286,0.155924454331398,0.15682804584503174,0.15682165324687958,1.426394366197184,0.15617498755455017,0.15592603385448456,0.156570702791214,0.15837068855762482,2.131455399061033,2.0800307365688178,0.1563706248998642,407.50457763671875,0.15711095929145813,7378,0.1563793271780014,0.12244897959183673,49,0.15563297271728516,0.15755242109298706,0.15688155591487885,0.15873561799526215,0.0,0.15639270842075348,0.1560644805431366,0.15679585933685303,0.15873561799526215,2451,0.1561450958251953,0.15595421195030212,0.15713530778884888,659.37,138,20,0.1573856621980667,0.2,1370,0.42857142857142855,0.15677233040332794,53,10.947391694039107,67,0.2972972972972973,0.16981132075471697,14,0.2413793103448276,1e-05,0.0030641202,11,0.8181818181818182,1.1809399127960205,29,37,0.7861776351928711,0.5741059281630442,-0.002551677762539839,0.11335906982421876,0.1,0.0
0.1586226522922516,18219008,0.9411764705882353,0.15825212001800537,0.15868085622787476,0.7114427860696517,0.15771344304084778,0.1569741815328598,0.2885572139303483,0.15718622505664825,0.1581016480922699,0.15815408527851105,1.425900497512439,0.15746723115444183,0.15731526911258698,0.1578926146030426,0.15972350537776947,2.1343283582089554,2.13682746878494,0.15774604678153992,383.5859680175781,0.15865479409694672,7375,0.15749536454677582,0.061224489795918366,49,0.1569741815328598,0.15879853069782257,0.15804466605186462,0.16019776463508606,0.0,0.1576860547065735,0.1574561595916748,0.15814335644245148,0.16019776463508606,2470,0.15746234357357025,0.1573401391506195,0.15862278640270233,627.57,139,17,0.1587403416633606,0.2,1380,0.5,0.15809889137744904,49,10.736237401515245,58,0.25,0.12244897959183673,8,0.30303030303030304,1e-05,0.003150628,13,0.8461538461538461,1.1718590259552002,33,32,0.7869436740875244,0.6234334367793053,-0.0024461770134166726,0.11330718994140625,0.1,0.0
0.15999966859817505,18350080,1.0,0.15947464108467102,0.15998946130275726,0.7095238095238096,0.15904609858989716,0.15830372273921967,0.2904761904761905,0.15859831869602203,0.15934598445892334,0.1594909131526947,1.4136190476190487,0.1587802767753601,0.15864115953445435,0.15938405692577362,0.16115932166576385,2.142857142857143,2.1724562432540337,0.15907463431358337,380.3010559082031,0.15997959673404694,7379,0.15886403620243073,0.14285714285714285,49,0.15830372273921967,0.16011354327201843,0.15931084752082825,0.16165009140968323,0.0,0.15903925895690918,0.15888629853725433,0.15965935587882996,0.16165009140968323,2486,0.1586742401123047,0.15868674218654633,0.15986758470535278,615.22,140,15,0.16011014580726624,0.2,1390,0.8181818181818182,0.15944519639015198,45,10.524796064198018,61,0.1794871794871795,0.08888888888888889,11,0.15789473684210525,1e-05,0.0030777873,13,1.0,1.2883472442626953,38,39,0.7906450033187866,0.6278098406037316,-0.002431084743102474,0.10925140380859374,0.1,0.0
0.1612282395362854,18481152,1.0,0.1608436107635498,0.16146811842918396,0.7081339712918661,0.16040390729904175,0.15967728197574615,0.291866028708134,0.15995371341705322,0.16085520386695862,0.16098278760910034,1.4172535885167477,0.16004276275634766,0.1598995476961136,0.16076701879501343,0.1626463532447815,2.0,2.164888124881662,0.16045409440994263,401.37811279296875,0.1613932102918625,7381,0.16022859513759613,0.09090909090909091,55,0.15967728197574615,0.16149397194385529,0.1606287658214569,0.1629679948091507,0.0,0.1603533774614334,0.1602562516927719,0.16084477305412292,0.1629679948091507,2503,0.16015034914016724,0.16002057492733002,0.16126516461372375,646.51,141,13,0.16124121844768524,0.2,1400,0.5263157894736842,0.1608026921749115,44,10.312960021942853,61,0.23333333333333334,0.18181818181818182,19,0.23684210526315788,1e-05,0.003067251,10,0.9,1.200026512145996,38,30,0.7932033538818359,0.6554406737675891,-0.0023394700226617715,0.10813217163085938,0.1,0.0
0.16253727674484253,18612224,1.0,0.16230852901935577,0.16285830736160278,0.7157360406091371,0.16178621351718903,0.16105252504348755,0.28426395939086296,0.16125209629535675,0.16216230392456055,0.1621912717819214,1.4144467005076151,0.1616290956735611,0.16136573255062103,0.162074014544487,0.16407179832458496,2.197969543147208,2.1743574211274566,0.16168376803398132,394.3397216796875,0.1629474014043808,7378,0.16166998445987701,0.14893617021276595,47,0.16105252504348755,0.16293898224830627,0.1619689017534256,0.16430090367794037,0.0,0.16174224019050598,0.16155824065208435,0.1622469276189804,0.16430090367794037,2522,0.1614687293767929,0.1614372432231903,0.16266699135303497,640.75,142,13,0.16260570287704468,0.2,1410,0.5,0.16218101978302002,46,10.10014932230115,56,0.22857142857142856,0.08695652173913043,14,0.23333333333333334,1e-05,0.003064616,12,0.8333333333333334,1.2116224765777588,30,35,0.7840577363967896,0.6415537867462262,-0.002315936799732299,0.11089096069335938,0.1,0.0
0.16400498151779175,18743296,0.9375,0.16352245211601257,0.16412639617919922,0.6553398058252428,0.1632784605026245,0.16231769323349,0.3446601941747573,0.16254158318042755,0.16355426609516144,0.16357651352882385,1.4154368932038848,0.16290241479873657,0.16261760890483856,0.16361796855926514,0.16549907624721527,2.092233009708738,2.0904109101585284,0.16311323642730713,407.107666015625,0.1643074005842209,7381,0.163038969039917,0.16666666666666666,42,0.16231769323349,0.16430893540382385,0.16348794102668762,0.16576984524726868,0.0,0.16307464241981506,0.16278290748596191,0.16364319622516632,0.16576984524726868,2539,0.16292397677898407,0.16278377175331116,0.16414962708950043,667.69,143,16,0.16410936415195465,0.2,1420,0.6,0.1635621190071106,46,9.887466728687286,71,0.22857142857142856,0.15217391304347827,25,0.3,1e-05,0.003063729,12,0.8333333333333334,1.0437376499176025,30,35,0.7881908416748047,0.6011096623260528,-0.0025102477900873056,0.11052474975585938,0.1,0.0
0.1653362363576889,18874368,1.0,0.16496486961841583,0.16554003953933716,0.6716417910447762,0.16460002958774567,0.16363774240016937,0.3283582089552239,0.16393360495567322,0.16512978076934814,0.16501015424728394,1.4194328358208965,0.1641356199979782,0.1640753448009491,0.16488000750541687,0.16699863970279694,2.218905472636816,2.143380580908407,0.16449753940105438,409.6966552734375,0.165804922580719,7384,0.1643652766942978,0.21739130434782608,46,0.16363774240016937,0.1656765639781952,0.16501779854297638,0.16722986102104187,0.0,0.16447097063064575,0.16414357721805573,0.16481348872184753,0.16722986102104187,2555,0.16423366963863373,0.16421036422252655,0.16565530002117157,666.58,144,11,0.16534867882728577,0.2,1430,0.7692307692307693,0.16494840383529663,46,9.676268734782933,66,0.17391304347826086,0.17391304347826086,13,0.3939393939393939,1e-05,0.0031516377,6,1.0,1.1558234691619873,33,46,0.8000960946083069,0.5598414395470173,-0.0026080293981067372,0.11093368530273437,0.1,0.0
0.16672900319099426,19005440,0.875,0.1662302315235138,0.16694869101047516,0.6574585635359116,0.16607880592346191,0.16503356397151947,0.3425414364640884,0.16544334590435028,0.1665077805519104,0.16653476655483246,1.441657458563537,0.1654706597328186,0.1653970628976822,0.16610682010650635,0.16836200654506683,2.160220994475138,2.015914020626158,0.165788933634758,418.1601257324219,0.16712896525859833,7381,0.16574051976203918,0.22807017543859648,57,0.16503356397151947,0.16719849407672882,0.16651253402233124,0.16845624148845673,0.0,0.165771484375,0.1654544621706009,0.16621316969394684,0.16845624148845673,2574,0.165641188621521,0.16560597717761993,0.16709063947200775,690.13,145,16,0.1667054146528244,0.2,1440,0.6666666666666666,0.16632603108882904,43,9.466839130222798,62,0.28,0.18604651162790697,9,0.25,1e-05,0.0030383393,11,0.8181818181818182,1.1177175045013428,20,25,0.7943227887153625,0.5952240357175469,-0.0022935548074656253,0.10873870849609375,0.1,0.0
0.16813479363918304,19136512,0.8,0.16762518882751465,0.1683422327041626,0.6226415094339622,0.16737978160381317,0.16627658903598785,0.37735849056603776,0.16687344014644623,0.16782164573669434,0.16776014864444733,1.4083962264150953,0.16698454320430756,0.1669045090675354,0.16755077242851257,0.16987693309783936,2.0235849056603774,2.0797876825569626,0.16731195151805878,403.49371337890625,0.1685681939125061,7385,0.1672307848930359,0.13636363636363635,44,0.16627658903598785,0.16851896047592163,0.16793152689933777,0.16987693309783936,0.0,0.167286217212677,0.16696955263614655,0.16763515770435333,0.1698262244462967,2591,0.1668863743543625,0.16691574454307556,0.16860511898994446,668.04,146,20,0.16827459633350372,0.2,1450,0.5652173913043478,0.1677396446466446,49,9.257210633158683,80,0.41379310344827586,0.20408163265306123,23,0.28125,1e-05,0.0031177884,15,0.9333333333333333,0.9198297262191772,32,29,0.7889169454574585,0.5408495783107355,-0.002598224326993659,0.11243972778320313,0.1,0.0
0.16946198046207428,19267584,0.9444444444444444,0.1690054088830948,0.16984130442142487,0.6893203883495146,0.168800488114357,0.16763487458229065,0.3106796116504854,0.16830363869667053,0.16945135593414307,0.16908273100852966,1.4362233009708747,0.16843678057193756,0.1682131588459015,0.16905157268047333,0.17127414047718048,2.0388349514563107,2.135570164870863,0.16870468854904175,401.271240234375,0.16988956928253174,7388,0.16864971816539764,0.11666666666666667,60,0.16763487458229065,0.1701175421476364,0.16932545602321625,0.17127414047718048,0.0,0.16871854662895203,0.16850489377975464,0.16917820274829865,0.17120878398418427,2607,0.16838355362415314,0.16822311282157898,0.16997115314006805,651.63,147,18,0.16968600451946259,0.2,1460,0.46153846153846156,0.1691647469997406,41,9.045293430238962,64,0.21428571428571427,0.0975609756097561,13,0.3125,1e-05,0.0031906536,14,1.0,1.0603907108306885,32,28,0.7852818965911865,0.6128850500332191,-0.002552554969815901,0.115618896484375,0.1,0.0
0.17099551856517792,19398656,0.8666666666666667,0.1703658550977707,0.17127633094787598,0.6945812807881774,0.17024046182632446,0.1690625548362732,0.3054187192118227,0.16978028416633606,0.17086274921894073,0.17059889435768127,1.4181970443349765,0.16965238749980927,0.16959887742996216,0.17045986652374268,0.1729283481836319,2.167487684729064,2.189939636117271,0.17018823325634003,428.142578125,0.1714101880788803,7385,0.16995574533939362,0.16666666666666666,42,0.1690625548362732,0.17160658538341522,0.17056360840797424,0.1729283481836319,0.0,0.17015138268470764,0.1699809581041336,0.1707576960325241,0.17259593307971954,2626,0.16985830664634705,0.16962578892707825,0.17144811153411865,693.55,148,15,0.17117923498153687,0.2,1470,0.6,0.17060574889183044,51,8.833418327569962,62,0.21428571428571427,0.13725490196078433,15,0.3225806451612903,1e-05,0.0030184612,7,1.0,1.09843111038208,31,42,0.7833456993103027,0.631213317392394,-0.0022805512659942904,0.10811614990234375,0.1,0.0
0.1724003702402115,19529728,0.9473684210526315,0.17180931568145752,0.172749862074852,0.6666666666666666,0.17181715369224548,0.17060771584510803,0.3333333333333333,0.1712784767150879,0.17235101759433746,0.17191341519355774,1.4224479166666677,0.171162948012352,0.17114987969398499,0.17184597253799438,0.17444045841693878,1.9791666666666667,2.089104515069967,0.17137469351291656,402.389404296875,0.17280460894107819,7389,0.17141108214855194,0.12244897959183673,49,0.17060771584510803,0.1728818118572235,0.17193908989429474,0.17444045841693878,0.0,0.17162278294563293,0.17148418724536896,0.17221218347549438,0.17412295937538147,2643,0.17137248814105988,0.1709546148777008,0.1729288101196289,659.09,149,19,0.17269708216190338,0.2,1480,0.5789473684210527,0.17205332219600677,36,8.621792963147163,64,0.38461538461538464,0.08333333333333333,19,0.13793103448275862,1e-05,0.0030804342,14,0.8571428571428571,1.018451452255249,29,26,0.799566388130188,0.5867030939087272,-0.0025177947022712033,0.10940780639648437,0.1,0.0
0.17376810312271118,19660800,0.9333333333333333,0.17338858544826508,0.1741369515657425,0.6842105263157895,0.17328795790672302,0.17214366793632507,0.3157894736842105,0.17282766103744507,0.17372044920921326,0.17337694764137268,1.4254545454545466,0.17264629900455475,0.17249025404453278,0.1734757125377655,0.17602556943893433,1.9712918660287082,2.128499032280388,0.1729380041360855,419.5434265136719,0.1744588017463684,7391,0.17281943559646606,0.13725490196078433,51,0.17214366793632507,0.17452040314674377,0.17339903116226196,0.17602556943893433,0.0,0.17318327724933624,0.17288869619369507,0.17380674183368683,0.17563511431217194,2659,0.17273353040218353,0.1723596602678299,0.17451845109462738,681.98,150,15,0.17412221431732178,0.2,1490,0.5,0.17354686558246613,48,8.407898681610822,66,0.16666666666666666,0.20833333333333334,16,0.35,1e-05,0.0031902017,9,0.8888888888888888,0.757441520690918,40,30,0.802222490310669,0.531791066378355,-0.0027078874820290364,0.1150848388671875,0.1,0.0
0.17525629699230194,19791872,1.0,0.17478324472904205,0.1755378246307373,0.6686746987951807,0.17454342544078827,0.17346131801605225,0.3313253012048193,0.17434491217136383,0.17488227784633636,0.1748792827129364,1.4160481927710853,0.17383258044719696,0.17410536110401154,0.17509660124778748,0.17746752500534058,2.1626506024096384,2.150470892710272,0.17435412108898163,435.8623962402344,0.17582525312900543,7388,0.17430591583251953,0.1282051282051282,39,0.17346131801605225,0.17597928643226624,0.17506475746631622,0.17746752500534058,0.0,0.1746775507926941,0.17427140474319458,0.17517463862895966,0.17708930373191833,2678,0.17412148416042328,0.17371314764022827,0.17602477967739105,711.55,151,11,0.17565053701400757,0.2,1500,0.6111111111111112,0.17497770488262177,37,8.198032919317484,55,0.21875,0.13513513513513514,18,0.4090909090909091,1e-05,0.0030955882,7,1.0,1.1069331169128418,22,32,0.7935164570808411,0.6263754128944129,-0.0025087475943109893,0.11271209716796875,0.1,0.0
0.1766904890537262,19922944,0.9166666666666666,0.17634163796901703,0.1771647036075592,0.6019900497512438,0.17624862492084503,0.17467822134494781,0.39800995024875624,0.1760672926902771,0.17635980248451233,0.17633454501628876,1.4247562189054737,0.17547251284122467,0.175594300031662,0.17641615867614746,0.17905259132385254,2.2487562189054726,2.1381714227369684,0.17573943734169006,416.02862548828125,0.17728909850120544,7392,0.17590320110321045,0.2222222222222222,45,0.17467822134494781,0.1773824542760849,0.17655830085277557,0.17905259132385254,0.0,0.1760338842868805,0.17573995888233185,0.17663979530334473,0.17838600277900696,2695,0.17558446526527405,0.17515817284584045,0.1775297075510025,678.47,152,12,0.17709939181804657,0.2,1510,0.6818181818181818,0.17645858228206635,42,7.9901184644550085,80,0.29411764705882354,0.047619047619047616,22,0.5357142857142857,1e-05,0.0031047328,18,0.9444444444444444,0.9106779098510742,28,34,0.7748610377311707,0.5079901841701939,-0.0025288965362051385,0.1125885009765625,0.1,0.0
0.17820921540260315,20054016,1.0,0.17791733145713806,0.17868229746818542,0.6666666666666666,0.17782758176326752,0.176117941737175,0.3333333333333333,0.17756736278533936,0.17782555520534515,0.17779970169067383,1.417142857142858,0.1770119071006775,0.17715929448604584,0.17801392078399658,0.18065549433231354,2.375661375661376,2.2106659689766857,0.17733383178710938,396.8384094238281,0.17872844636440277,7395,0.17719720304012299,0.125,40,0.176117941737175,0.1788204163312912,0.17793135344982147,0.18065549433231354,0.0,0.17764131724834442,0.17737449705600739,0.17807067930698395,0.18008953332901,2711,0.17714187502861023,0.1767585575580597,0.17916305363178253,653.24,153,10,0.17862571775913239,0.2,1520,0.4166666666666667,0.17798656225204468,52,7.776233276724815,63,0.20512820512820512,0.25,12,0.44,1e-05,0.0031552743,11,1.0,0.9684852361679077,25,39,0.7995706796646118,0.5498581571737304,-0.002636767539797802,0.11174163818359376,0.1,0.0
0.17969053983688354,20185088,1.0,0.17956829071044922,0.1802879273891449,0.6174863387978142,0.17935572564601898,0.1776677519083023,0.3825136612021858,0.17914386093616486,0.17921344935894012,0.1791902780532837,1.415661202185793,0.17850878834724426,0.1785650998353958,0.1796206384897232,0.18217484652996063,2.2076502732240435,2.1918597175212478,0.17882761359214783,410.6033935546875,0.18043486773967743,7392,0.17864948511123657,0.25,44,0.1776677519083023,0.18023017048835754,0.17945705354213715,0.18217484652996063,0.0,0.17928794026374817,0.17885485291481018,0.179643914103508,0.18159668147563934,2730,0.17855338752269745,0.17827878892421722,0.18064886331558228,669.49,154,11,0.18007339537143707,0.2,1530,0.7894736842105263,0.17950096726417542,44,7.563204630091787,70,0.20689655172413793,0.20454545454545456,19,0.2916666666666667,1e-05,0.0030107705,12,0.9166666666666666,0.9411919116973877,24,29,0.7960149645805359,0.5982036516070366,-0.002494011651447181,0.104559326171875,0.1,0.0
0.18112248182296753,20316160,0.9130434782608695,0.18108919262886047,0.18174389004707336,0.5913461538461539,0.1808626353740692,0.1790834367275238,0.40865384615384615,0.1806405782699585,0.18079771101474762,0.18072761595249176,1.4134134615384626,0.1798734813928604,0.18009372055530548,0.18114547431468964,0.18391402065753937,2.0048076923076925,2.002813568368439,0.18035782873630524,439.1319885253906,0.18198886513710022,7395,0.18008217215538025,0.27906976744186046,43,0.1790834367275238,0.18176546692848206,0.1808595359325409,0.18391402065753937,0.0,0.18084560334682465,0.18038427829742432,0.18121452629566193,0.18324576318264008,2747,0.18012014031410217,0.17966897785663605,0.18223275244235992,725.93,155,23,0.18178007006645203,0.2,1540,0.5652173913043478,0.18102559447288513,43,7.351248089969158,85,0.34210526315789475,0.20930232558139536,23,0.2857142857142857,1e-05,0.0030423119,10,0.9,0.8472124338150024,28,38,0.7883944511413574,0.5518844456179067,-0.0024716783455005498,0.10952224731445312,0.1,0.0
0.18249139189720154,20447232,1.0,0.1825951188802719,0.1833074390888214,0.6149425287356322,0.18244552612304688,0.18056800961494446,0.3850574712643678,0.18228425085544586,0.18235044181346893,0.18214674293994904,1.4324022988505758,0.18144716322422028,0.18158607184886932,0.18266750872135162,0.1857370138168335,2.0689655172413794,2.0031885117439057,0.18202590942382812,422.6768493652344,0.18355274200439453,7398,0.18174763023853302,0.16666666666666666,42,0.18056800961494446,0.1833595186471939,0.18235862255096436,0.1857370138168335,0.0,0.18223229050636292,0.1818597912788391,0.18285469710826874,0.18474483489990234,2763,0.18149219453334808,0.18105772137641907,0.18384887278079987,695.89,156,16,0.18325261771678925,0.2,1550,0.6,0.182560533285141,39,7.140523015707731,67,0.28,0.2564102564102564,15,0.28,1e-05,0.0031101494,12,0.9166666666666666,0.8965606689453125,25,25,0.7951910495758057,0.552469494799152,-0.00258963451492491,0.11030120849609375,0.1,0.0
0.18414416909217834,20578304,1.0,0.18418307602405548,0.18514926731586456,0.6201923076923077,0.1840144395828247,0.18222782015800476,0.3798076923076923,0.1837969422340393,0.18398693203926086,0.18345142900943756,1.4273846153846164,0.18286490440368652,0.18322990834712982,0.1842716634273529,0.1873302012681961,2.2259615384615383,2.0438115711590217,0.1836145669221878,398.7455139160156,0.18524481356143951,7395,0.1831209808588028,0.18,50,0.18222782015800476,0.18487223982810974,0.18412917852401733,0.1873302012681961,0.0,0.1837337166070938,0.18336282670497894,0.18438377976417542,0.18641942739486694,2782,0.18319454789161682,0.18260301649570465,0.18548403680324554,657.81,157,17,0.18484805524349213,0.2,1560,0.6,0.1841464787721634,48,6.926516664773226,79,0.3333333333333333,0.1875,20,0.45454545454545453,1e-05,0.0031185313,12,0.75,0.8346163034439087,22,39,0.7641936540603638,0.5339006871683523,-0.002596850665713646,0.10929946899414063,0.1,0.0
0.1857173889875412,20709376,1.0,0.18595990538597107,0.186843603849411,0.671957671957672,0.1855497509241104,0.18373610079288483,0.328042328042328,0.1853335201740265,0.1855342835187912,0.18521924316883087,1.4286349206349216,0.18436338007450104,0.18501104414463043,0.1858164221048355,0.1888006031513214,2.0476190476190474,2.1420690433179757,0.1851857602596283,415.0948791503906,0.1868046522140503,7398,0.18475696444511414,0.1276595744680851,47,0.18373610079288483,0.18646076321601868,0.18587279319763184,0.1888006031513214,0.0,0.18534739315509796,0.18490850925445557,0.18588513135910034,0.1880037486553192,2799,0.1847679167985916,0.18396730720996857,0.1869119554758072,678.51,158,13,0.18648962676525116,0.2,1570,0.7619047619047619,0.18572990596294403,43,6.711403772607445,62,0.3103448275862069,0.09302325581395349,21,0.21428571428571427,1e-05,0.003195262,8,1.0,0.8947193622589111,28,29,0.7910701036453247,0.5636309692636132,-0.0029066257533031602,0.11825408935546874,0.1,0.0
0.18736161291599274,20840448,0.8571428571428571,0.1874188631772995,0.1883603185415268,0.6197916666666666,0.1873546540737152,0.1852017343044281,0.3802083333333333,0.18675243854522705,0.18711641430854797,0.1866273283958435,1.441312500000001,0.18591082096099854,0.1865037977695465,0.18738070130348206,0.19048243761062622,1.9947916666666667,2.0235741469121593,0.18671293556690216,421.5699157714844,0.18833425641059875,7401,0.18625332415103912,0.2,40,0.1852017343044281,0.1880808174610138,0.18748019635677338,0.19048243761062622,9.1552734375e-07,0.18669603765010834,0.18640904128551483,0.187355175614357,0.18962214887142181,2815,0.1863056868314743,0.18544605374336243,0.18848511576652527,688.0,159,21,0.18817907571792603,0.2,1580,0.6521739130434783,0.18727323412895203,40,6.501487796381116,73,0.20689655172413793,0.175,23,0.2692307692307692,1e-05,0.0030540111,13,0.9230769230769231,0.8583424687385559,26,29,0.7943947315216064,0.5789158175699413,-0.002625257003228398,0.111895751953125,0.1,0.0
0.18903256952762604,20971520,1.0,0.18890126049518585,0.19005712866783142,0.6564102564102564,0.18885095417499542,0.1867731213569641,0.3435897435897436,0.18829715251922607,0.18853060901165009,0.18816138803958893,1.425323076923078,0.18747380375862122,0.1880490481853485,0.18906797468662262,0.19195051491260529,2.1538461538461537,2.137436423502528,0.18837660551071167,391.5159912109375,0.1899932473897934,7398,0.1879419982433319,0.2564102564102564,39,0.1867731213569641,0.1896315962076187,0.18898123502731323,0.19195051491260529,0.0,0.18820475041866302,0.18785668909549713,0.18905864655971527,0.19135139882564545,2834,0.18785521388053894,0.18698276579380035,0.19006960093975067,644.08,160,13,0.18976300954818726,0.2,1590,0.47368421052631576,0.18884849548339844,46,6.292573185637593,67,0.28125,0.08695652173913043,19,0.34375,1e-05,0.0031314446,14,0.7857142857142857,0.7835477590560913,32,32,0.7949023842811584,0.544387887045741,-0.002830908463056403,0.1142578125,0.1,0.0
0.19082656502723694,21102592,0.7777777777777778,0.19053781032562256,0.1915060579776764,0.5842696629213483,0.1904267519712448,0.18838578462600708,0.4157303370786517,0.1899559050798416,0.19005033373832703,0.18968966603279114,1.4135393258426976,0.1889992207288742,0.18959161639213562,0.19046704471111298,0.19366490840911865,2.0112359550561796,2.0587800747721654,0.18997523188591003,425.8866882324219,0.19154952466487885,7401,0.1894623041152954,0.22641509433962265,53,0.18838578462600708,0.19124025106430054,0.19062329828739166,0.19366490840911865,0.0,0.18983545899391174,0.18972231447696686,0.19074243307113647,0.19299471378326416,2851,0.1895567923784256,0.1885710209608078,0.19176214933395386,704.89,161,18,0.1914946585893631,0.2,1600,0.6,0.1904652714729309,31,6.081501958146691,74,0.35714285714285715,0.25806451612903225,15,0.4782608695652174,1e-05,0.003088802,10,1.0,0.8659518957138062,23,28,0.7815904021263123,0.5772344202268869,-0.002570133519839146,0.10881881713867188,0.1,0.0
0.19246678054332733,21233664,0.9375,0.19226202368736267,0.1932130753993988,0.5773195876288659,0.19209051132202148,0.19004693627357483,0.422680412371134,0.19154813885688782,0.19181253015995026,0.19133968651294708,1.4323917525773209,0.19061480462551117,0.1912308931350708,0.19221515953540802,0.19535717368125916,2.1907216494845363,1.979355924061201,0.19168777763843536,408.23785400390625,0.19318214058876038,7404,0.19094282388687134,0.37037037037037035,54,0.19004693627357483,0.19279946386814117,0.19213107228279114,0.19535717368125916,3.0517578125e-07,0.19147056341171265,0.19148151576519012,0.19221140444278717,0.1946970820426941,2867,0.19127431511878967,0.19029147922992706,0.1933700144290924,671.74,162,16,0.19307281076908112,0.2,1610,0.7058823529411765,0.19211243093013763,41,5.867081317305565,82,0.2702702702702703,0.24390243902439024,17,0.3,1e-05,0.0031641563,9,1.0,0.7001668214797974,20,37,0.7769864797592163,0.4972141206031665,-0.002809148732603717,0.11270828247070312,0.1,0.0
0.19398124516010284,21364736,0.8260869565217391,0.1938527673482895,0.19482392072677612,0.6336633663366337,0.19384810328483582,0.19171173870563507,0.36633663366336633,0.19312138855457306,0.1935734897851944,0.1928272247314453,1.4343663366336643,0.19240251183509827,0.19298912584781647,0.19382114708423615,0.19707942008972168,2.01980198019802,1.9539460722743225,0.1933145821094513,398.4365539550781,0.19479243457317352,7400,0.19260844588279724,0.15384615384615385,52,0.19171173870563507,0.19448186457157135,0.19368688762187958,0.19707942008972168,0.0,0.19298389554023743,0.19314537942409515,0.19401752948760986,0.19641228020191193,2886,0.19282253086566925,0.19192323088645935,0.19500550627708435,653.9,163,23,0.194577157497406,0.2,1620,0.6,0.19375213980674744,40,5.6535079192370175,74,0.3939393939393939,0.15,20,0.391304347826087,1e-05,0.0031244666,11,0.6363636363636364,0.8644495606422424,23,33,0.7875916957855225,0.5599872041726485,-0.0027581906170325967,0.11252593994140625,0.1,0.0
0.19546250998973846,21495808,0.9545454545454546,0.1955239623785019,0.19645266234874725,0.6521739130434783,0.19543103873729706,0.19326038658618927,0.34782608695652173,0.1947149634361267,0.19521528482437134,0.19455458223819733,1.4264021739130446,0.1937752217054367,0.194691002368927,0.19560784101486206,0.19892965257167816,1.9619565217391304,1.9893304170514075,0.1949668526649475,410.286865234375,0.1966957151889801,7404,0.19441929459571838,0.1590909090909091,44,0.19326038658618927,0.19598893821239471,0.19533950090408325,0.19892965257167816,3.0517578125e-07,0.1947527974843979,0.19491174817085266,0.19578897953033447,0.19798508286476135,2903,0.19454333186149597,0.19344663619995117,0.19657288491725922,683.16,164,22,0.19627906382083893,0.2,1630,0.25,0.19541238248348236,42,5.440395126119256,64,0.34615384615384615,0.21428571428571427,20,0.2857142857142857,1e-05,0.0030698292,9,0.7777777777777778,0.699508547782898,21,26,0.7999479174613953,0.5718294544611127,-0.002483532413953071,0.10555496215820312,0.1,0.0
0.19711090624332428,21626880,1.0,0.19707413017749786,0.1982061266899109,0.5959595959595959,0.19699375331401825,0.19487713277339935,0.40404040404040403,0.19646355509757996,0.19693249464035034,0.19630801677703857,1.4247777777777788,0.19546835124492645,0.19631117582321167,0.19733041524887085,0.20059333741664886,2.4646464646464645,2.0942444696894773,0.19668619334697723,406.68243408203125,0.19835951924324036,7407,0.1962282806634903,0.10256410256410256,39,0.19487713277339935,0.19761420786380768,0.19697625935077667,0.20059333741664886,3.0517578125e-07,0.1961347609758377,0.19658400118350983,0.19761359691619873,0.1995355188846588,2919,0.1961338222026825,0.19514897465705872,0.19806614518165588,667.89,165,16,0.19780749082565308,0.2,1640,0.9285714285714286,0.19706231355667114,53,5.228927273675799,80,0.3269230769230769,0.2641509433962264,14,0.4666666666666667,1e-05,0.0031021424,9,1.0,0.7856568694114685,15,52,0.790760338306427,0.5384137563640252,-0.0026812030944711298,0.11192169189453124,0.1,0.0
0.1989290863275528,21757952,0.9166666666666666,0.19885790348052979,0.19985949993133545,0.6174863387978142,0.1986667811870575,0.19658073782920837,0.3825136612021858,0.19818362593650818,0.19883278012275696,0.19799800217151642,1.4245355191256839,0.19732137024402618,0.19807004928588867,0.1991478055715561,0.20230898261070251,2.2459016393442623,2.0963191503036005,0.19832614064216614,437.70367431640625,0.20001403987407684,7403,0.19783970713615417,0.175,40,0.19658073782920837,0.19949428737163544,0.19870975613594055,0.20230898261070251,9.1552734375e-07,0.1977909803390503,0.19832195341587067,0.19913367927074432,0.20123599469661713,2938,0.19781295955181122,0.19686663150787354,0.19997625052928925,718.89,166,12,0.19967733323574066,0.2,1650,0.7333333333333333,0.1987982541322708,47,5.013382580876351,70,0.2727272727272727,0.2978723404255319,15,0.32,1e-05,0.0031017773,11,0.9090909090909091,0.7017760872840881,25,33,0.785260796546936,0.5710921325488016,-0.002648203187300169,0.10992202758789063,0.1,0.0
0.20042669773101807,21889024,1.0,0.20057857036590576,0.20151180028915405,0.5806451612903226,0.2005196064710617,0.19823719561100006,0.41935483870967744,0.19995176792144775,0.20038191974163055,0.19957762956619263,1.4389032258064527,0.19889287650585175,0.19981299340724945,0.20070534944534302,0.20408198237419128,2.193548387096774,2.0637443658022043,0.20006203651428223,430.7000427246094,0.20172469317913055,7407,0.19968600571155548,0.14893617021276595,47,0.19823719561100006,0.20133613049983978,0.20047390460968018,0.20408198237419128,6.103515625e-07,0.19956371188163757,0.20008116960525513,0.20088519155979156,0.20312577486038208,2955,0.1993841528892517,0.19857437908649445,0.20189817249774933,711.25,167,13,0.2014327049255371,0.2,1660,0.75,0.20051626861095428,36,4.796785829588771,78,0.2903225806451613,0.25,20,0.4166666666666667,1e-05,0.0030734478,15,1.0,0.7884328365325928,24,31,0.7831114530563354,0.5667677536606789,-0.0026516690448261217,0.10848922729492187,0.1,0.0
0.20215357840061188,22020096,0.9473684210526315,0.20239490270614624,0.20328253507614136,0.6176470588235294,0.20236890017986298,0.19977669417858124,0.38235294117647056,0.20174914598464966,0.20216166973114014,0.20144979655742645,1.4396960784313735,0.20058055222034454,0.20143966376781464,0.2024407684803009,0.20582953095436096,2.0833333333333335,2.0041952465467068,0.20171701908111572,395.4093017578125,0.20341956615447998,7410,0.20140686631202698,0.125,48,0.19977669417858124,0.20295503735542297,0.2022155523300171,0.20582953095436096,9.1552734375e-07,0.20108258724212646,0.20181787014007568,0.20267970860004425,0.20485487580299377,2971,0.20112742483615875,0.20021793246269226,0.20341961085796356,651.15,168,19,0.20322079956531525,0.2,1670,0.6666666666666666,0.20223049819469452,50,4.583374768868088,78,0.375,0.18,15,0.41379310344827586,1e-05,0.003116421,11,1.0,0.582929790019989,29,32,0.7887001633644104,0.49848697995767,-0.002660106280291075,0.10799560546875,0.1,0.0
0.20398232340812683,22151168,0.8823529411764706,0.20411893725395203,0.20502586662769318,0.6190476190476191,0.204108327627182,0.20135566592216492,0.38095238095238093,0.2035246193408966,0.2036832869052887,0.2030804604291916,1.4354814814814822,0.2022191435098648,0.20324081182479858,0.20415419340133667,0.20759905874729156,2.2169312169312168,2.025012090096864,0.20350411534309387,424.42578125,0.20522192120552063,7406,0.2029576301574707,0.2727272727272727,33,0.20135566592216492,0.20465809106826782,0.204104483127594,0.20759905874729156,2.13623046875e-06,0.202811136841774,0.2034720927476883,0.20434224605560303,0.20651796460151672,2990,0.20295009016990662,0.2020702362060547,0.20518283545970917,694.03,169,17,0.20513223111629486,0.2,1680,0.8461538461538461,0.20396070182323456,53,4.3702584687620405,72,0.2972972972972973,0.1509433962264151,13,0.3076923076923077,1e-05,0.0032023801,10,1.0,0.6677414774894714,26,37,0.7866230010986328,0.5804517316631973,-0.002658205026250471,0.11375274658203124,0.1,0.0
0.2055283933877945,22282240,1.0,0.20588737726211548,0.2067560851573944,0.5876288659793815,0.20551697909832,0.2032061219215393,0.41237113402061853,0.2051956057548523,0.20549610257148743,0.2046840488910675,1.4378556701030938,0.20388619601726532,0.2049858719110489,0.206012561917305,0.20926155149936676,1.9896907216494846,1.9259478075847976,0.20511503517627716,439.1910095214844,0.20683616399765015,7409,0.2048720419406891,0.19148936170212766,47,0.2032061219215393,0.20644234120845795,0.20578637719154358,0.20926155149936676,1.52587890625e-06,0.20460912585258484,0.20520983636379242,0.20621831715106964,0.20837938785552979,3007,0.20440909266471863,0.20377182960510254,0.20673637092113495,716.75,170,22,0.2069576531648636,0.2,1690,0.8181818181818182,0.20567041635513306,36,4.159456618130207,80,0.32,0.1388888888888889,11,0.3235294117647059,1e-05,0.0031134342,19,0.8421052631578947,0.8441314101219177,34,25,0.7938980460166931,0.5447229410754517,-0.002604575536815901,0.11270751953125,0.1,0.0
0.20741260051727295,22413312,1.0,0.2075655311346054,0.20862865447998047,0.6736842105263158,0.2073047012090683,0.20501510798931122,0.3263157894736842,0.20702345669269562,0.20734970271587372,0.20634931325912476,1.4236947368421062,0.20566974580287933,0.206491157412529,0.20798605680465698,0.21103228628635406,2.2157894736842105,2.0445209678488654,0.2069084644317627,406.1452331542969,0.20852690935134888,7412,0.20665886998176575,0.19148936170212766,47,0.20501510798931122,0.20830735564231873,0.20780596137046814,0.21103228628635406,1.52587890625e-06,0.20631438493728638,0.20715652406215668,0.207962304353714,0.21016715466976166,3023,0.2063339203596115,0.20528079569339752,0.2085091471672058,669.76,171,15,0.20862038433551788,0.2,1700,0.8235294117647058,0.20745521783828735,45,3.94665154106915,62,0.14285714285714285,0.15555555555555556,17,0.19047619047619047,1e-05,0.0031121916,10,0.8,0.7676801681518555,21,35,0.8006657958030701,0.5219899225747213,-0.0026169495085014206,0.1085235595703125,0.1,0.0
0.20931461453437805,22544384,0.8947368421052632,0.20926085114479065,0.21050715446472168,0.592391304347826,0.2090628743171692,0.20685134828090668,0.4076086956521739,0.20868758857250214,0.2091682255268097,0.20823746919631958,1.4368804347826098,0.20717684924602509,0.20829729735851288,0.20961079001426697,0.21289436519145966,2.130434782608696,2.107592226295303,0.2085539698600769,422.8462219238281,0.21036185324192047,7409,0.20811881124973297,0.25,36,0.20685134828090668,0.21025046706199646,0.20967791974544525,0.21289436519145966,1.220703125e-06,0.20800623297691345,0.20886115729808807,0.2096034735441208,0.21195609867572784,3042,0.20808245241641998,0.20701326429843903,0.21022415161132812,691.74,172,19,0.21026833355426788,0.2,1710,0.8421052631578947,0.2092019021511078,44,3.734249578230083,75,0.2972972972972973,0.20454545454545456,19,0.3333333333333333,1e-05,0.003039104,8,0.75,0.7006775140762329,21,37,0.785737156867981,0.5611776042729616,-0.0027250585980254983,0.10601119995117188,0.1,0.0
0.21114833652973175,22675456,1.0,0.21112211048603058,0.2122749388217926,0.5957446808510638,0.2107413113117218,0.20865097641944885,0.40425531914893614,0.21052534878253937,0.21075265109539032,0.21004870533943176,1.4586702127659588,0.20910054445266724,0.2100052684545517,0.21129825711250305,0.21476446092128754,2.122340425531915,2.0728976632234906,0.21040432155132294,435.0135192871094,0.2121310979127884,7412,0.21004381775856018,0.11363636363636363,44,0.20865097641944885,0.2119026631116867,0.21138709783554077,0.21476446092128754,3.0517578125e-06,0.20991775393486023,0.21062618494033813,0.21146832406520844,0.21396762132644653,3059,0.20970335602760315,0.2087501436471939,0.21173186600208282,719.35,173,19,0.21240222454071045,0.2,1720,0.6470588235294118,0.21099476516246796,40,3.5224065706133842,76,0.5,0.2,17,0.30434782608695654,1e-05,0.003137712,13,0.7692307692307693,0.7748335599899292,23,32,0.7925279140472412,0.5684442532248795,-0.0027124194017687842,0.11082839965820312,0.1,0.0
0.2129279524087906,22806528,1.0,0.21289673447608948,0.21374228596687317,0.5562130177514792,0.21271952986717224,0.21035799384117126,0.4437869822485207,0.21246477961540222,0.21271054446697235,0.21168579161167145,1.4247100591715987,0.2108951210975647,0.21188771724700928,0.21311019361019135,0.2165246307849884,2.2662721893491122,2.063236115738663,0.212245374917984,454.46844482421875,0.21402204036712646,7415,0.2120290845632553,0.12121212121212122,33,0.21035799384117126,0.21372824907302856,0.21310405433177948,0.2165246307849884,3.96728515625e-06,0.21184568107128143,0.2124038189649582,0.21332110464572906,0.21575139462947845,3075,0.21166640520095825,0.2105989158153534,0.21368294954299927,740.54,174,18,0.21408569812774658,0.2,1730,0.625,0.21281631290912628,38,3.3084878996014595,75,0.40540540540540543,0.18421052631578946,8,0.6363636363636364,1e-05,0.0031430786,13,0.9230769230769231,0.6919901371002197,22,37,0.7755125761032104,0.5403506296453997,-0.002698958537484941,0.11095962524414063,0.1,0.0
0.21484126150608063,22937600,0.95,0.2145533263683319,0.21589967608451843,0.6030927835051546,0.214701309800148,0.21212659776210785,0.39690721649484534,0.21429461240768433,0.2145213633775711,0.21338599920272827,1.418515463917527,0.2128441035747528,0.2137598991394043,0.2148534208536148,0.21860872209072113,2.1752577319587627,1.9571884614787012,0.21380099654197693,426.78753662109375,0.21591715514659882,7411,0.2137923389673233,0.2641509433962264,53,0.21212659776210785,0.2155868262052536,0.21486495435237885,0.21860872209072113,3.3569335937500004e-06,0.2136160433292389,0.21438075602054596,0.2150990515947342,0.2176736295223236,3094,0.21326065063476562,0.21234063804149628,0.215492844581604,700.6,175,20,0.21585901081562042,0.2,1740,0.6666666666666666,0.21464301645755768,39,3.094346850551665,77,0.2903225806451613,0.15384615384615385,15,0.35,1e-05,0.0030961721,16,0.75,0.6556811928749084,20,31,0.7785088419914246,0.5078350662486628,-0.0025495374262391123,0.10779876708984375,0.1,0.0
0.21664127707481384,23068672,0.8571428571428571,0.21623137593269348,0.21787147223949432,0.6451612903225806,0.21648360788822174,0.21403612196445465,0.3548387096774194,0.21600310504436493,0.2162632793188095,0.21533478796482086,1.446182795698926,0.21469838917255402,0.2154235988855362,0.2167321741580963,0.2206006646156311,2.1666666666666665,2.1273265163795205,0.2156587541103363,420.8971862792969,0.21790505945682526,7414,0.21574628353118896,0.16666666666666666,48,0.21403612196445465,0.2174990177154541,0.21676447987556458,0.2206006646156311,3.96728515625e-06,0.2152353823184967,0.21596410870552063,0.21696841716766357,0.21964183449745178,3111,0.21492309868335724,0.2142389863729477,0.21724556386470795,694.09,176,14,0.21780192852020264,0.2,1750,0.5263157894736842,0.21647651493549347,35,2.881693216599524,66,0.30303030303030304,0.2,19,0.3333333333333333,1e-05,0.0031536845,13,0.8461538461538461,0.6547589302062988,24,33,0.7874049544334412,0.5488499927101657,-0.002684354850316595,0.11001052856445312,0.1,0.0
0.21836793422698975,23199744,0.9230769230769231,0.2178911417722702,0.21969833970069885,0.6132596685082873,0.21826453506946564,0.2159455418586731,0.3867403314917127,0.21776758134365082,0.2179858535528183,0.21701671183109283,1.4434143646408848,0.21657010912895203,0.21717026829719543,0.21859204769134521,0.22234933078289032,2.160220994475138,2.1916345168785965,0.2174573689699173,430.2431335449219,0.21999385952949524,7417,0.21774904429912567,0.1111111111111111,45,0.2159455418586731,0.21931089460849762,0.2185518592596054,0.22234933078289032,6.103515625e-06,0.2171633243560791,0.21764549612998962,0.21881696581840515,0.22151800990104675,3127,0.21664930880069733,0.21614263951778412,0.21911285817623138,705.41,177,13,0.21973465383052826,0.2,1760,0.6,0.21829862892627716,36,2.6701737053692343,70,0.38235294117647056,0.25,10,0.4838709677419355,1e-05,0.0030433405,12,0.8333333333333334,0.705022931098938,31,34,0.7973474264144897,0.5590538792079315,-0.002785468749198117,0.10801773071289063,0.1,0.0
0.2202603965997696,23330816,0.8666666666666667,0.2198306918144226,0.22150279581546783,0.5979899497487438,0.22001034021377563,0.21772706508636475,0.4020100502512563,0.21959728002548218,0.21983250975608826,0.2189243584871292,1.442040201005026,0.2183455377817154,0.21911142766475677,0.22070348262786865,0.22425547242164612,2.221105527638191,2.03992181582954,0.21931204199790955,387.6314697265625,0.22183573246002197,7414,0.21934299170970917,0.125,48,0.21772706508636475,0.22132405638694763,0.22043341398239136,0.22425547242164612,7.62939453125e-06,0.21934540569782257,0.2195875346660614,0.22049039602279663,0.2234475016593933,3146,0.21869492530822754,0.21807405352592468,0.22113077342510223,640.4,178,15,0.22169913351535797,0.2,1770,0.75,0.22019276022911072,40,2.457023759186268,80,0.30303030303030304,0.2,24,0.45454545454545453,1e-05,0.0030644748,17,0.8823529411764706,0.6706384420394897,22,33,0.7775124311447144,0.544751881994307,-0.002652290893547615,0.10560379028320313,0.1,0.0
0.22219212353229523,23461888,1.0,0.221762016415596,0.22346265614032745,0.572289156626506,0.22190195322036743,0.2196447104215622,0.42771084337349397,0.22168898582458496,0.22164921462535858,0.22070488333702087,1.4599036144578326,0.22009803354740143,0.22094635665416718,0.22277183830738068,0.22625090181827545,2.3132530120481927,2.0829651669707965,0.2213638424873352,476.3646545410156,0.2238018661737442,7417,0.22145870327949524,0.34146341463414637,41,0.2196447104215622,0.2232564389705658,0.22217954695224762,0.22625090181827545,8.544921875e-06,0.22116844356060028,0.22152957320213318,0.22251272201538086,0.2252262532711029,3162,0.2206043154001236,0.22012093663215637,0.22282658517360687,781.21,179,8,0.2237362265586853,0.2,1780,0.6153846153846154,0.22211435437202454,38,2.240495483763516,71,0.2962962962962963,0.2894736842105263,13,0.4166666666666667,1e-05,0.0030920808,15,0.8,0.5611207485198975,24,27,0.7885080575942993,0.5710280759260058,-0.0026020655123829783,0.10806884765625,0.1,0.0
0.2241695374250412,23592960,0.9565217391304348,0.2238064557313919,0.22525328397750854,0.5654450261780105,0.2236672341823578,0.22166530787944794,0.43455497382198954,0.22347089648246765,0.22348743677139282,0.22262030839920044,1.4426178010471213,0.22179648280143738,0.22264902293682098,0.22466234862804413,0.2279752939939499,2.0418848167539267,1.9393140332737404,0.22316527366638184,440.64276123046875,0.22570684552192688,7420,0.22332537174224854,0.1794871794871795,39,0.22166530787944794,0.225137859582901,0.22419384121894836,0.2279752939939499,1.190185546875e-05,0.22296160459518433,0.22362473607063293,0.2245204746723175,0.22706706821918488,3179,0.22251830995082855,0.22190262377262115,0.22464938461780548,724.64,180,23,0.22571085393428802,0.2,1790,0.8125,0.22398830950260162,39,2.027372187655419,83,0.2727272727272727,0.2564102564102564,16,0.4074074074074074,1e-05,0.003032118,14,0.7857142857142857,0.5308290719985962,27,33,0.7836531400680542,0.5046034668805077,-0.0025549171885359103,0.10574874877929688,0.1,0.0
0.22621358931064606,23724032,0.9166666666666666,0.2255999743938446,0.22718779742717743,0.6031746031746031,0.22577238082885742,0.22354282438755035,0.3968253968253968,0.2251688539981842,0.22548995912075043,0.2244201898574829,1.4485291005291017,0.2237769216299057,0.22467443346977234,0.22642110288143158,0.23004604876041412,1.873015873015873,1.987592053562901,0.2249617874622345,379.5620422363281,0.22769281268119812,7417,0.22519250214099884,0.2037037037037037,54,0.22354282438755035,0.22718481719493866,0.2260332703590393,0.23004604876041412,1.068115234375e-05,0.22501027584075928,0.22539836168289185,0.2262963354587555,0.22911177575588226,3198,0.22424203157424927,0.22357097268104553,0.2263181060552597,623.98,181,24,0.2275269329547882,0.2,1800,0.7391304347826086,0.2258741706609726,32,1.8173126949928702,75,0.2413793103448276,0.125,23,0.45,1e-05,0.0031103848,7,0.7142857142857143,0.5214376449584961,20,29,0.8222854137420654,0.47796365364920346,-0.0026991428235760397,0.11382217407226562,0.1,0.0
0.22805112600326538,23855104,0.9444444444444444,0.227669358253479,0.22912125289440155,0.5271739130434783,0.2276836335659027,0.22535890340805054,0.47282608695652173,0.22724688053131104,0.22732877731323242,0.22634273767471313,1.4322282608695662,0.22558249533176422,0.22642502188682556,0.22848211228847504,0.2319718599319458,1.9293478260869565,1.9221065954349952,0.22683370113372803,462.0703125,0.229636088013649,7420,0.22703802585601807,0.13953488372093023,43,0.22535890340805054,0.22913195192813873,0.22792543470859528,0.2319718599319458,1.4343261718750001e-05,0.22688764333724976,0.2272094339132309,0.22828777134418488,0.23107989132404327,3214,0.22612056136131287,0.22557424008846283,0.22805573046207428,753.54,182,18,0.22964048385620117,0.2,1810,0.9,0.22778740525245667,44,1.6071209765039385,87,0.28,0.38636363636363635,20,0.5555555555555556,1e-05,0.0030475035,7,1.0,0.6792991757392883,27,25,0.7968512773513794,0.5429350418504327,-0.002571230494231713,0.10978469848632813,0.1,0.0
0.22999513149261475,23986176,1.0,0.2297462671995163,0.23113617300987244,0.6195652173913043,0.22994011640548706,0.22740165889263153,0.3804347826086957,0.22922396659851074,0.22911283373832703,0.22828061878681183,1.4442934782608705,0.22751650214195251,0.22842548787593842,0.23040448129177094,0.23383358120918274,2.125,2.0786069834505,0.22878095507621765,395.22735595703125,0.23153908550739288,7423,0.22885334491729736,0.14583333333333334,48,0.22740165889263153,0.23088465631008148,0.22984743118286133,0.23383358120918274,1.8615722656250003e-05,0.22906266152858734,0.22921717166900635,0.23022451996803284,0.23308418691158295,3231,0.22825835645198822,0.22750277817249298,0.23006272315979004,647.17,183,14,0.23141606152057648,0.2,1820,0.6875,0.22975002229213715,41,1.3938700777478517,70,0.28,0.14634146341463414,16,0.46153846153846156,1e-05,0.0032251263,14,0.9285714285714286,0.5306501984596252,26,25,0.7984404563903809,0.5002822744427249,-0.0026668144389986994,0.11490936279296875,0.1,0.0
0.2320210337638855,24117248,0.8636363636363636,0.23156282305717468,0.2330210953950882,0.5337078651685393,0.231938898563385,0.22917118668556213,0.46629213483146065,0.2313224822282791,0.23097917437553406,0.23012548685073853,1.4584044943820238,0.2294921875,0.23059290647506714,0.2324010282754898,0.23583604395389557,1.9269662921348314,1.958061714269795,0.23054221272468567,443.6787109375,0.2333795726299286,7420,0.23098142445087433,0.3953488372093023,43,0.22917118668556213,0.23287752270698547,0.2318488359451294,0.23583604395389557,1.678466796875e-05,0.23108181357383728,0.23124323785305023,0.23228693008422852,0.2350073754787445,3250,0.23023727536201477,0.22953839600086212,0.23198798298835754,722.02,184,22,0.23379148542881012,0.2,1830,0.8461538461538461,0.23173072934150696,32,1.179306439589709,83,0.26666666666666666,0.1875,13,0.42857142857142855,1e-05,0.0031223358,10,1.0,0.4653259813785553,28,30,0.7962696552276611,0.5433472501114011,-0.0025323174484583435,0.1099822998046875,0.1,0.0
0.23386284708976746,24248320,1.0,0.23355257511138916,0.2348957359790802,0.5202312138728323,0.2339148223400116,0.2310093492269516,0.4797687861271676,0.23314198851585388,0.23306246101856232,0.23212981224060059,1.4412947976878625,0.23150692880153656,0.23249298334121704,0.23445375263690948,0.23817476630210876,2.0289017341040463,1.98485283926747,0.23255594074726105,451.669189453125,0.2354712337255478,7423,0.232888326048851,0.2826086956521739,46,0.2310093492269516,0.23494897782802582,0.23386399447917938,0.23817476630210876,2.349853515625e-05,0.23284505307674408,0.23340165615081787,0.23441778123378754,0.23700983822345734,3266,0.23224066197872162,0.23152652382850647,0.23400691151618958,737.8,185,26,0.2354205697774887,0.2,1840,0.8,0.23371180891990662,38,0.9661596625577659,83,0.3103448275862069,0.2631578947368421,10,0.5333333333333333,1e-05,0.003054139,9,1.0,0.6390084028244019,15,29,0.7978357672691345,0.4869690145133063,-0.0024726689498947964,0.10624923706054687,0.1,0.0
0.2359943985939026,24379392,0.8888888888888888,0.23543009161949158,0.2368742823600769,0.585635359116022,0.23606657981872559,0.23298484086990356,0.4143646408839779,0.23529335856437683,0.23486743867397308,0.23414844274520874,1.4499779005524869,0.23353558778762817,0.23465371131896973,0.2364085167646408,0.2404709756374359,2.0,2.004256489764973,0.23455895483493805,445.8936767578125,0.23745889961719513,7425,0.23498167097568512,0.18604651162790697,43,0.23298484086990356,0.23692630231380463,0.23595021665096283,0.2404709756374359,2.410888671875e-05,0.23467813432216644,0.23533807694911957,0.2365153431892395,0.23926794528961182,3283,0.23423434793949127,0.23351481556892395,0.2359841912984848,727.56,186,18,0.23732337355613708,0.2,1850,0.7647058823529411,0.23573845624923706,26,0.7516510777175427,75,0.21951219512195122,0.2692307692307692,17,0.5172413793103449,1e-05,0.00313514,7,1.0,0.6389966011047363,29,41,0.7880105972290039,0.49298486930783836,-0.002782409862811619,0.11028900146484374,0.1,0.0
0.23783999681472778,24510464,0.9166666666666666,0.23743011057376862,0.23909761011600494,0.6065573770491803,0.2382938265800476,0.23495419323444366,0.39344262295081966,0.2371547371149063,0.23694604635238647,0.23603510856628418,1.4256830601092907,0.23548780381679535,0.23670408129692078,0.23857882618904114,0.24262860417366028,2.3442622950819674,2.101502802678915,0.2365979105234146,422.7689208984375,0.23943983018398285,7422,0.2372872233390808,0.1951219512195122,41,0.23495419323444366,0.23903493583202362,0.23805217444896698,0.24262860417366028,3.875732421875e-05,0.23677313327789307,0.23736174404621124,0.23854045569896698,0.24138161540031433,3302,0.2361791431903839,0.23553434014320374,0.23802024126052856,690.11,187,12,0.2394055277109146,0.2,1860,0.6111111111111112,0.23779037594795227,42,0.5358818203443662,72,0.3,0.11904761904761904,18,0.5238095238095238,1e-05,0.003126853,19,0.8947368421052632,0.531765878200531,21,30,0.7882449626922607,0.5231245842995123,-0.0028197621390518178,0.10942535400390625,0.1,0.0
0.2398950159549713,24641536,0.9473684210526315,0.23937655985355377,0.24108310043811798,0.5555555555555556,0.24055105447769165,0.2370920479297638,0.4444444444444444,0.23922398686408997,0.2390250265598297,0.23803488910198212,1.455500000000001,0.2375950962305069,0.23881696164608002,0.2404945343732834,0.24465203285217285,1.8166666666666667,2.0515903871935492,0.23871181905269623,443.8061828613281,0.24140113592147827,7425,0.2394201010465622,0.17391304347826086,46,0.2370920479297638,0.2411457598209381,0.24006949365139008,0.24465203285217285,4.2724609375e-05,0.23872745037078857,0.239608496427536,0.24039381742477417,0.24351994693279266,3318,0.23816798627376556,0.2375211864709854,0.240210622549057,724.29,188,19,0.24123086035251617,0.2,1870,0.8823529411764706,0.23983877897262573,32,0.31980241640703755,80,0.375,0.125,17,0.5151515151515151,1e-05,0.0031296485,9,1.0,0.50318843126297,33,24,0.7628311514854431,0.5732591893989593,-0.002694392455032357,0.10835952758789062,0.1,0.0
0.2420244961977005,24772608,1.0,0.2414042353630066,0.2430766373872757,0.5625,0.2424708753824234,0.2390826791524887,0.4375,0.24123065173625946,0.24121305346488953,0.2401973158121109,1.4500288461538473,0.23971234261989594,0.24079351127147675,0.24264578521251678,0.24697986245155334,2.25,2.1413037629023504,0.24047040939331055,432.6919250488281,0.24353130161762238,7427,0.24136662483215332,0.22,50,0.2390826791524887,0.2430848926305771,0.24219654500484467,0.24697986245155334,4.39453125e-05,0.24085478484630585,0.24145883321762085,0.24242298305034637,0.24562287330627441,3335,0.24010175466537476,0.23980706930160522,0.2423565834760666,716.64,189,12,0.24322788417339325,0.2,1880,0.5882352941176471,0.24189335107803345,41,0.10651477813953533,91,0.4,0.0975609756097561,17,0.6363636363636364,1e-05,0.003060556,20,0.95,0.36766016483306885,33,35,0.7783229947090149,0.5190075830323622,-0.002580348250876341,0.1062591552734375,0.1,0.0
0.24406318366527557,24903680,0.8421052631578947,0.2434825897216797,0.2451106458902359,0.6114285714285714,0.24456904828548431,0.2410580962896347,0.38857142857142857,0.24324631690979004,0.24329590797424316,0.24225565791130066,1.4605257142857153,0.24178706109523773,0.24283215403556824,0.24469231069087982,0.24894113838672638,2.0685714285714285,2.0181597878320776,0.24215982854366302,421.5629577636719,0.245551198720932,7425,0.24352842569351196,0.23529411764705882,34,0.2410580962896347,0.24504373967647552,0.24421708285808563,0.24894113838672638,5.31005859375e-05,0.24294717609882355,0.2433241307735443,0.24449177086353302,0.24781855940818787,3354,0.24220572412014008,0.24189575016498566,0.2443801909685135,691.23,190,19,0.24529263377189636,0.2,1890,0.47058823529411764,0.24392761290073395,33,-0.10467480059014633,68,0.2631578947368421,0.15151515151515152,17,0.52,1e-05,0.0031153308,9,0.8888888888888888,0.6957340836524963,25,38,0.7843327522277832,0.5753988910466432,-0.002729696724964015,0.11074981689453126,0.1,0.0
0.2462463676929474,25034752,0.9523809523809523,0.24557991325855255,0.24693109095096588,0.5894736842105263,0.24663813412189484,0.24296891689300537,0.4105263157894737,0.24528227746486664,0.24534325301647186,0.2443213015794754,1.4606421052631593,0.24375759065151215,0.24489422142505646,0.24676723778247833,0.25133615732192993,2.0736842105263156,1.9986473582510822,0.24413174390792847,435.6620178222656,0.24769563972949982,7427,0.2455836981534958,0.24390243902439024,41,0.24296891689300537,0.24735423922538757,0.24623528122901917,0.25133615732192993,5.523681640625e-05,0.24512755870819092,0.24540722370147705,0.24658465385437012,0.250122994184494,3370,0.24413251876831055,0.244001567363739,0.24655111134052277,713.63,191,21,0.2474094182252884,0.2,1900,0.5625,0.24601620435714722,50,-0.3161693813395686,78,0.32142857142857145,0.22,16,0.391304347826087,1e-05,0.0031023363,11,0.9090909090909091,0.5644782781600952,23,28,0.7880266904830933,0.5341272366698832,-0.00270788739908312,0.10790252685546875,0.1,0.0
0.24809443950653076,25165824,1.0,0.24773059785366058,0.24924975633621216,0.5384615384615384,0.24899114668369293,0.2453981339931488,0.46153846153846156,0.2473485767841339,0.24738655984401703,0.2465038001537323,1.445183431952664,0.24590250849723816,0.24710549414157867,0.24876177310943604,0.25338220596313477,2.1538461538461537,1.9541298985165894,0.2464480847120285,470.2082824707031,0.2500668466091156,7430,0.24786226451396942,0.22857142857142856,35,0.2453981339931488,0.24924181401729584,0.24821367859840393,0.25338220596313477,7.99560546875e-05,0.2471650093793869,0.2476087510585785,0.2487325370311737,0.2522335648536682,3386,0.2462647408246994,0.24593375623226166,0.24846573173999786,776.72,192,15,0.24951359629631042,0.2,1910,0.7777777777777778,0.2481442242860794,39,-0.5311362941516563,78,0.34615384615384615,0.23076923076923078,18,0.5454545454545454,1e-05,0.0031333014,14,0.7857142857142857,0.5519118309020996,22,26,0.7945878505706787,0.528169730794616,-0.0027724981356186617,0.10958404541015625,0.1,0.0
0.2502759099006653,25296896,0.9230769230769231,0.24985040724277496,0.2513321340084076,0.5459459459459459,0.25109317898750305,0.24746283888816833,0.4540540540540541,0.2493457943201065,0.24930377304553986,0.24866892397403717,1.4689081081081097,0.24805542826652527,0.24930959939956665,0.25103867053985596,0.25577542185783386,1.9567567567567568,1.9572995921226513,0.24824540317058563,451.80584716796875,0.2523983418941498,7427,0.25016021728515625,0.2222222222222222,54,0.24746283888816833,0.25140950083732605,0.2503131031990051,0.25577542185783386,8.270263671875e-05,0.24946050345897675,0.24983735382556915,0.25069794058799744,0.2541784644126892,3405,0.248653382062912,0.24822096526622772,0.2504819631576538,743.71,193,26,0.25153571367263794,0.2,1920,0.7857142857142857,0.25028422474861145,30,-0.7457651935052126,84,0.3103448275862069,0.16666666666666666,14,0.55,1e-05,0.00301515,12,1.0,0.4446087181568146,20,29,0.7720372080802917,0.5185535042081029,-0.0026811612308847545,0.10627517700195313,0.1,0.0
0.2523478865623474,25427968,0.8888888888888888,0.25209856033325195,0.25320306420326233,0.5714285714285714,0.25315430760383606,0.24935486912727356,0.42857142857142855,0.25150179862976074,0.2514451742172241,0.2508898675441742,1.4717738095238106,0.2503953278064728,0.251451700925827,0.25309813022613525,0.25788041949272156,1.9107142857142858,2.060797255685433,0.2502800524234772,467.49737548828125,0.25453561544418335,7430,0.25241121649742126,0.20588235294117646,34,0.24935486912727356,0.2536877989768982,0.2525273859500885,0.25788041949272156,9.307861328125e-05,0.2514677345752716,0.25194546580314636,0.25285783410072327,0.25671395659446716,3422,0.25079992413520813,0.25025370717048645,0.2526075541973114,770.9,194,18,0.25375503301620483,0.2,1930,0.7692307692307693,0.2524265646934509,41,-0.9593335224315525,72,0.32,0.21951219512195122,13,0.5333333333333333,1e-05,0.0030492926,7,0.8571428571428571,0.36511415243148804,30,25,0.7915966510772705,0.53778582632076,-0.0027809029341824497,0.10417556762695312,0.1,0.0
0.2546384334564209,25559040,1.0,0.25415554642677307,0.2553113102912903,0.5284090909090909,0.25556331872940063,0.25171616673469543,0.4715909090909091,0.25352922081947327,0.25366735458374023,0.2530517280101776,1.4759886363636376,0.2526949942111969,0.2534397840499878,0.25539064407348633,0.2599808871746063,2.352272727272727,1.9526083702130874,0.25253957509994507,449.82769775390625,0.25663694739341736,7432,0.2547353506088257,0.38636363636363635,44,0.25171616673469543,0.25587353110313416,0.25460126996040344,0.2599808871746063,0.00011352539062499999,0.2535507380962372,0.25400295853614807,0.2552148997783661,0.25881266593933105,3438,0.25280284881591797,0.2526281774044037,0.25485801696777344,737.61,195,9,0.2559511959552765,0.2,1940,0.6111111111111112,0.2546139061450958,44,-1.17397363493219,83,0.4,0.29545454545454547,18,0.5555555555555556,1e-05,0.003034721,13,0.8461538461538461,0.35216769576072693,18,30,0.8026555776596069,0.46757976443041116,-0.002672570486265613,0.10343475341796875,0.1,0.0
0.2567877471446991,25690112,1.0,0.25636687874794006,0.25728321075439453,0.514792899408284,0.25764161348342896,0.25377151370048523,0.48520710059171596,0.255217581987381,0.2560606896877289,0.2552400529384613,1.4726272189349123,0.2546173930168152,0.2555166482925415,0.25749173760414124,0.2624014616012573,2.1775147928994083,1.908680652469532,0.25469619035720825,462.197509765625,0.25851860642433167,7429,0.25681641697883606,0.3142857142857143,35,0.25377151370048523,0.25822412967681885,0.2566460371017456,0.2624014616012573,0.0001220703125,0.25593292713165283,0.25624898076057434,0.2575453221797943,0.2610538601875305,3457,0.255266010761261,0.25485122203826904,0.2571290135383606,756.24,196,21,0.2581712007522583,0.2,1950,0.7058823529411765,0.25677984952926636,35,-1.3870551090687513,82,0.32142857142857145,0.22857142857142856,17,0.5,1e-05,0.0030557497,17,0.7647058823529411,0.47130805253982544,16,28,0.769357442855835,0.5170089489547536,-0.0027818898255645764,0.10461883544921875,0.1,0.0
0.2590053677558899,25821184,0.8888888888888888,0.25857192277908325,0.25946125388145447,0.5222222222222223,0.2599062919616699,0.25581270456314087,0.4777777777777778,0.2575896084308624,0.2581016421318054,0.25748559832572937,1.4771666666666678,0.2568313479423523,0.2579387426376343,0.25992271304130554,0.26477399468421936,2.1222222222222222,2.0861352222609093,0.2567076086997986,450.0660095214844,0.2605612576007843,7431,0.2589912712574005,0.3225806451612903,31,0.25581270456314087,0.2602146565914154,0.2586252987384796,0.26477399468421936,0.00015075683593749998,0.2583083510398865,0.25842660665512085,0.2597571611404419,0.2632892429828644,3474,0.2575156092643738,0.2569151520729065,0.2593280076980591,728.48,197,18,0.26040875911712646,0.2,1960,0.75,0.258978009223938,43,-1.59987569777295,86,0.4166666666666667,0.23255813953488372,20,0.4782608695652174,1e-05,0.0030513448,9,1.0,0.23277431726455688,23,36,0.7894270420074463,0.4683411787264049,-0.0026777866847623954,0.10788726806640625,0.1,0.0
0.2611754536628723,25952256,0.9545454545454546,0.26076069474220276,0.26143741607666016,0.4860335195530726,0.26209163665771484,0.2580983638763428,0.5139664804469274,0.2596736252307892,0.26028624176979065,0.25946739315986633,1.4670167597765373,0.2590334415435791,0.2601284980773926,0.26210853457450867,0.26687267422676086,2.217877094972067,1.807425867530373,0.25907477736473083,446.1322326660156,0.262711763381958,7434,0.26107531785964966,0.4318181818181818,44,0.2580983638763428,0.2625795006752014,0.2607208788394928,0.26687267422676086,0.00017089843750000002,0.26066601276397705,0.26071596145629883,0.26211148500442505,0.2657846510410309,3490,0.2598101496696472,0.25938329100608826,0.2616097033023834,725.17,198,22,0.2626173496246338,0.2,1970,0.7,0.2611997723579407,29,-1.812881592940539,92,0.3611111111111111,0.27586206896551724,10,0.35,1e-05,0.0030782693,18,0.9444444444444444,0.5084101557731628,20,36,0.7724470496177673,0.5339094292838127,-0.0026154048021453493,0.10779800415039062,0.1,0.0
0.2635708451271057,26083328,0.9473684210526315,0.2628759741783142,0.26355719566345215,0.5773195876288659,0.2643457055091858,0.2601700723171234,0.422680412371134,0.26202982664108276,0.262604683637619,0.26174890995025635,1.4715670103092795,0.2613549530506134,0.26220664381980896,0.2642394006252289,0.2692384123802185,2.1597938144329896,2.020876975356391,0.2610437572002411,416.5962829589844,0.2647068202495575,7431,0.26336413621902466,0.3404255319148936,47,0.2601700723171234,0.26487982273101807,0.2629343867301941,0.2692384123802185,0.00017578125000000002,0.26320889592170715,0.26302793622016907,0.26443663239479065,0.2679773271083832,3509,0.2618024945259094,0.2614252269268036,0.2637116312980652,676.68,199,19,0.26499027013778687,0.2,1980,0.4444444444444444,0.2634180784225464,41,-2.025441046990454,82,0.34210526315789475,0.21951219512195122,9,0.39285714285714285,1e-05,0.0030621507,12,0.9166666666666666,0.2900186777114868,28,38,0.7850768566131592,0.4677439428633079,-0.002675942673931786,0.1062469482421875,0.1,0.0
0.26574230194091797,26214400,1.0,0.2650239169597626,0.2660352885723114,0.5283018867924528,0.26651623845100403,0.26235026121139526,0.4716981132075472,0.26414936780929565,0.26447105407714844,0.2639167010784149,1.4707547169811332,0.26343926787376404,0.2640562653541565,0.2663307785987854,0.27156776189804077,2.207547169811321,1.8763785807888484,0.26335078477859497,444.5002746582031,0.26710569858551025,7433,0.26544639468193054,0.09090909090909091,33,0.26235026121139526,0.2672295868396759,0.26499396562576294,0.27156776189804077,0.00021240234375,0.26531660556793213,0.26520586013793945,0.2664695382118225,0.27035143971443176,3526,0.26410961151123047,0.2636018395423889,0.26622122526168823,731.95,200,19,0.2673925459384918,0.2,1990,0.7647058823529411,0.2656157612800598,36,-2.2348963538184763,75,0.41935483870967744,0.3055555555555556,17,0.4166666666666667,1e-05,0.0029985004,11,1.0,0.4411662220954895,12,31,0.8031401634216309,0.5628481333144009,-0.0027298071162022096,0.1037017822265625,0.1,0.0
0.26807376742362976,26345472,0.9629629629629629,0.2669552266597748,0.26831573247909546,0.44623655913978494,0.26907962560653687,0.2646092176437378,0.553763440860215,0.26638874411582947,0.2669486105442047,0.26613810658454895,1.4740215053763452,0.26590093970298767,0.26658791303634644,0.26876047253608704,0.27384594082832336,1.9408602150537635,1.8127911033812338,0.2656385004520416,496.7724304199219,0.2694428265094757,7436,0.26788705587387085,0.28205128205128205,39,0.2646092176437378,0.26956528425216675,0.26744821667671204,0.27384594082832336,0.00024139404296875,0.26754167675971985,0.2673199772834778,0.26899388432502747,0.27253440022468567,3542,0.2662438452243805,0.2657316327095032,0.26848331093788147,809.01,201,27,0.2696526050567627,0.2,2000,0.9285714285714286,0.2679234743118286,35,-2.447878140024841,103,0.5172413793103449,0.3142857142857143,14,0.5555555555555556,1e-05,0.0032073879,15,0.8,0.27410921454429626,27,29,0.7979482412338257,0.45946245775558053,-0.002902717201868654,0.11158981323242187,0.1,0.0
0.27041181921958923,26476544,1.0,0.2693634331226349,0.2708040177822113,0.5977011494252874,0.2713204324245453,0.26694393157958984,0.40229885057471265,0.2685089409351349,0.2692280411720276,0.2683461010456085,1.4854827586206907,0.2679787278175354,0.2690201997756958,0.2710873484611511,0.27640077471733093,2.0402298850574714,2.128559133961574,0.2679287791252136,444.9303894042969,0.27181679010391235,7433,0.2702135443687439,0.2608695652173913,46,0.26694393157958984,0.2717374265193939,0.269724041223526,0.27640077471733093,0.00025634765625,0.2698620557785034,0.26940080523490906,0.27131810784339905,0.27490538358688354,3561,0.26851922273635864,0.2681698501110077,0.2705848515033722,726.52,202,18,0.27198266983032227,0.2,2010,0.8235294117647058,0.27022308111190796,27,-2.6621683282777666,70,0.1891891891891892,0.1111111111111111,17,0.5,1e-05,0.0030226605,7,0.7142857142857143,0.2146022468805313,22,37,0.7824584245681763,0.46521366187371316,-0.0025363696032400184,0.10110931396484375,0.1,0.0
0.2724972665309906,26607616,1.0,0.2717863619327545,0.27302464842796326,0.580110497237569,0.2735922336578369,0.26917845010757446,0.4198895027624309,0.2708909213542938,0.27170202136039734,0.27084091305732727,1.464640883977902,0.2702655792236328,0.271039217710495,0.27358976006507874,0.278756707906723,2.2099447513812156,2.0280786667975628,0.27016618847846985,447.40557861328125,0.274007648229599,7435,0.2725074291229248,0.2,40,0.26917845010757446,0.2743024230003357,0.27207037806510925,0.278756707906723,0.0003192138671875,0.2723158001899719,0.27156347036361694,0.2736243009567261,0.27747398614883423,3578,0.2709784209728241,0.2703342139720917,0.2728976607322693,729.39,203,14,0.2743021547794342,0.2,2020,0.8,0.2725483179092407,40,-2.876153915375471,76,0.3611111111111111,0.15,20,0.47619047619047616,1e-05,0.0031246906,10,0.9,0.4326610565185547,21,36,0.7795735597610474,0.5446582013973966,-0.0028398063225267833,0.107666015625,0.1,0.0
0.2751128673553467,26738688,1.0,0.2740328907966614,0.27565473318099976,0.5348837209302325,0.27608686685562134,0.27137163281440735,0.46511627906976744,0.27294182777404785,0.2740704119205475,0.27324771881103516,1.4817209302325594,0.27270373702049255,0.2731896638870239,0.27599477767944336,0.28119155764579773,2.116279069767442,1.9920323528763002,0.27214738726615906,465.8819885253906,0.2765626907348633,7438,0.2749570906162262,0.23684210526315788,38,0.27137163281440735,0.2764660120010376,0.27453169226646423,0.28119155764579773,0.0003448486328125,0.27490803599357605,0.27393481135368347,0.2759014368057251,0.27967724204063416,3594,0.27327126264572144,0.27276143431663513,0.27532094717025757,757.6,204,16,0.2766365706920624,0.2,2030,0.75,0.2749069929122925,40,-3.0910255709663033,80,0.30434782608695654,0.275,12,0.4444444444444444,1e-05,0.0031118481,16,1.0,0.40214303135871887,27,23,0.7986664772033691,0.5343309453921392,-0.0026724023482529446,0.10518341064453125,0.1,0.0
0.2774788737297058,26869760,0.8,0.27644461393356323,0.2780754268169403,0.5202312138728323,0.278286874294281,0.27368244528770447,0.4797687861271676,0.2755093574523926,0.27639177441596985,0.2755183279514313,1.4789942196531807,0.27483293414115906,0.2757519483566284,0.2783292531967163,0.28366151452064514,2.1271676300578033,1.9804399409413413,0.27486452460289,439.8254699707031,0.2788538634777069,7435,0.2774186432361603,0.2682926829268293,41,0.27368244528770447,0.27873295545578003,0.27689212560653687,0.28366151452064514,0.00040283203125000003,0.2771189212799072,0.2763296365737915,0.27806901931762695,0.2822151184082031,3613,0.27566924691200256,0.2751414477825165,0.2775571048259735,713.75,205,20,0.2791304588317871,0.2,2040,0.5,0.27727824449539185,35,-3.3058360386639833,83,0.46153846153846156,0.2857142857142857,12,0.5909090909090909,1e-05,0.0031105024,17,0.8823529411764706,0.4180070161819458,22,26,0.7776997685432434,0.5091203462565318,-0.002660253798512713,0.1077056884765625,0.1,0.0
0.27987486124038696,27000832,0.9473684210526315,0.27893784642219543,0.280556321144104,0.5111111111111111,0.280549556016922,0.27587226033210754,0.4888888888888889,0.27780723571777344,0.2786971628665924,0.2779527008533478,1.480611111111112,0.2775689661502838,0.2779781222343445,0.2805444300174713,0.28594717383384705,2.216666666666667,1.9617387539749376,0.27728158235549927,439.1273498535156,0.2810859680175781,7437,0.2798383831977844,0.3235294117647059,34,0.27587226033210754,0.2812967300415039,0.2794238030910492,0.28594717383384705,0.00045166015625,0.27954158186912537,0.2786605656147003,0.28065401315689087,0.2849908471107483,3630,0.27793359756469727,0.27740782499313354,0.2800333797931671,720.25,206,19,0.28154850006103516,0.2,2050,0.5714285714285714,0.2796793282032013,40,-3.521005958877504,88,0.3235294117647059,0.325,14,0.6521739130434783,1e-05,0.0031133315,16,0.75,0.32230454683303833,23,34,0.7827183604240417,0.5025101123144851,-0.002718460518781285,0.10448226928710938,0.1,0.0
0.2823881506919861,27131904,0.875,0.28138482570648193,0.2828676998615265,0.5769230769230769,0.28310325741767883,0.27814799547195435,0.4230769230769231,0.28026509284973145,0.28105565905570984,0.28025510907173157,1.473802197802199,0.2798236608505249,0.28046852350234985,0.2831374704837799,0.2884288728237152,2.1538461538461537,1.9062396748179609,0.2797216773033142,452.91851806640625,0.283616304397583,7440,0.2823233902454376,0.19047619047619047,42,0.27814799547195435,0.2837047576904297,0.28179365396499634,0.2884288728237152,0.000482177734375,0.2817775011062622,0.28109854459762573,0.28292208909988403,0.28746145963668823,3646,0.28029346466064453,0.2799254059791565,0.2824975550174713,737.84,207,24,0.283997118473053,0.2,2060,0.625,0.2820983827114105,25,-3.7366403225809335,77,0.3409090909090909,0.28,16,0.5,1e-05,0.0030377458,13,0.5384615384615384,0.2777710556983948,18,44,0.7983083724975586,0.5099959619576111,-0.0027465752401440112,0.10194854736328125,0.1,0.0
0.2847536504268646,27262976,0.8947368421052632,0.2837977111339569,0.28518903255462646,0.5164835164835165,0.2853430211544037,0.280498206615448,0.4835164835164835,0.2825136184692383,0.28348588943481445,0.2826061546802521,1.4894285714285722,0.28208568692207336,0.28304946422576904,0.28531989455223083,0.2910160422325134,2.1648351648351647,2.0267730569049567,0.28185224533081055,463.4697570800781,0.2859624922275543,7437,0.2846120297908783,0.4642857142857143,28,0.280498206615448,0.2863703668117523,0.28422725200653076,0.2910160422325134,0.0005560302734375001,0.2843608260154724,0.28349125385284424,0.28551286458969116,0.28985586762428284,3665,0.28244930505752563,0.2824450135231018,0.28495240211486816,757.9,208,19,0.28617990016937256,0.2,2070,0.6666666666666666,0.28447723388671875,37,-3.9490043945610522,88,0.3,0.2972972972972973,21,0.4166666666666667,1e-05,0.003048369,13,0.8461538461538461,0.343583345413208,24,40,0.7862604260444641,0.556244974443689,-0.0027519456494701443,0.10521087646484376,0.1,0.0
0.2872331142425537,27394048,1.0,0.28635352849960327,0.2875828146934509,0.559748427672956,0.28806453943252563,0.2826460897922516,0.44025157232704404,0.2850174605846405,0.28589513897895813,0.2851395308971405,1.4837232704402528,0.2844277322292328,0.28551384806632996,0.28766852617263794,0.2935929000377655,2.207547169811321,2.03578831633158,0.28401264548301697,462.5723571777344,0.2884533703327179,7439,0.2871108055114746,0.23529411764705882,34,0.2826460897922516,0.2888197898864746,0.2866606116294861,0.2935929000377655,0.0006060791015625,0.28699931502342224,0.28591805696487427,0.28811410069465637,0.2924623191356659,3682,0.2846646308898926,0.284837931394577,0.2873154878616333,749.73,209,18,0.2886181175708771,0.2,2080,0.5,0.28692489862442017,32,-4.1618068374693395,70,0.24242424242424243,0.3125,8,0.5714285714285714,1e-05,0.0030194046,13,0.7692307692307693,0.27769383788108826,21,33,0.7946704030036926,0.502934294543229,-0.002656426458452188,0.10441436767578124,0.1,0.0
0.28975608944892883,27525120,0.95,0.2888824939727783,0.29007023572921753,0.531578947368421,0.2904331088066101,0.2849430441856384,0.46842105263157896,0.2874007523059845,0.28842759132385254,0.28762975335121155,1.4682947368421064,0.28688153624534607,0.28794407844543457,0.2905957102775574,0.2963829040527344,2.2421052631578946,1.9554774793176493,0.2866118848323822,447.68426513671875,0.2911492586135864,7442,0.2897780239582062,0.3,40,0.2849430441856384,0.2915106415748596,0.28892627358436584,0.2963829040527344,0.0006915283203125001,0.2894482910633087,0.2881603538990021,0.2904120981693268,0.29464787244796753,3698,0.2872277498245239,0.28707966208457947,0.2895822525024414,739.14,210,20,0.2910511791706085,0.2,2090,0.875,0.28939732909202576,38,-4.375581981241703,89,0.3181818181818182,0.2631578947368421,16,0.5,1e-05,0.0030349693,12,0.8333333333333334,0.2708871364593506,20,44,0.7660345435142517,0.5274506119312719,-0.002720889600095688,0.1043792724609375,0.1,0.0
0.29222631454467773,27656192,0.9166666666666666,0.2913261353969574,0.2926999628543854,0.5775401069518716,0.292921245098114,0.28732046484947205,0.42245989304812837,0.2900739014148712,0.2907671630382538,0.2903914153575897,1.4732513368983968,0.2895560562610626,0.2905848026275635,0.29318884015083313,0.29883599281311035,2.160427807486631,1.9868454482330455,0.2889190912246704,398.45184326171875,0.29364705085754395,7439,0.29222968220710754,0.18181818181818182,44,0.28732046484947205,0.29408755898475647,0.2913980782032013,0.29883599281311035,0.0007589721679687501,0.2920701503753662,0.2907657325267792,0.29302677512168884,0.29725581407546997,3717,0.2893354892730713,0.2894617021083832,0.29176872968673706,649.3,211,24,0.2935205101966858,0.2,2100,0.8461538461538461,0.29189518094062805,43,-4.590231327340007,79,0.375,0.16279069767441862,13,0.5294117647058824,1e-05,0.0029646985,14,0.7142857142857143,0.32394224405288696,17,32,0.7979261875152588,0.5575813272735104,-0.0026706953232405795,0.09858245849609375,0.1,0.0
0.29455941915512085,27787264,0.8666666666666667,0.29411008954048157,0.2954513728618622,0.5491329479768786,0.29548129439353943,0.28989505767822266,0.4508670520231214,0.29247283935546875,0.2933399975299835,0.292694628238678,1.489190751445088,0.2921901345252991,0.29321616888046265,0.29579785466194153,0.29999998211860657,2.6416184971098264,1.9624194254709708,0.29121509194374084,464.9093322753906,0.2961290776729584,7442,0.2946251630783081,0.2777777777777778,36,0.28989505767822266,0.2968127727508545,0.29395055770874023,0.29999998211860657,0.0008569335937500002,0.2943527400493622,0.29331710934638977,0.2956719994544983,0.2997267246246338,3733,0.2919711172580719,0.29222825169563293,0.29429537057876587,765.9,212,15,0.29608720541000366,0.2,2110,0.5454545454545454,0.2943836748600006,42,-4.804505964368582,78,0.2857142857142857,0.42857142857142855,11,0.5,1e-05,0.0030024503,19,0.7894736842105263,0.44086241722106934,8,42,0.7642912268638611,0.6080241884803399,-0.002698591844591647,0.10165252685546874,0.1,0.0
0.297002375125885,27918336,1.0,0.2965451180934906,0.2979181706905365,0.5202312138728323,0.29814550280570984,0.29223519563674927,0.4797687861271676,0.29489076137542725,0.29594969749450684,0.29515278339385986,1.4879190751445097,0.29478538036346436,0.2959659993648529,0.29821905493736267,0.29999998211860657,2.1445086705202314,2.0491367073324023,0.29382458329200745,459.3320007324219,0.2984548807144165,7445,0.2969343662261963,0.30952380952380953,42,0.29223519563674927,0.2992991805076599,0.29631859064102173,0.29999998211860657,0.0009506225585937502,0.2965603470802307,0.2959222197532654,0.2982400059700012,0.29999998211860657,3749,0.2944459617137909,0.294670045375824,0.29680827260017395,753.69,213,13,0.29861506819725037,0.2,2120,0.4666666666666667,0.2966761291027069,24,-5.006700356677174,83,0.32432432432432434,0.375,15,0.6206896551724138,1e-05,0.0028834036,13,0.8461538461538461,0.3085852861404419,29,37,0.8027130365371704,0.5096568347187713,-0.002788608375385593,0.1003387451171875,0.1,0.0
0.2996155023574829,28049408,1.0,0.29890334606170654,0.29999998211860657,0.5229885057471264,0.29999998211860657,0.29467782378196716,0.47701149425287354,0.29719406366348267,0.2982630133628845,0.29765811562538147,1.479022988505748,0.2971806228160858,0.2985548675060272,0.29999998211860657,0.29999998211860657,2.2873563218390807,1.9345416292561635,0.2962321937084198,478.02069091796875,0.29999998211860657,7448,0.29960253834724426,0.4,40,0.29467782378196716,0.29999998211860657,0.2989790439605713,0.29999998211860657,0.0010147094726562502,0.29921263456344604,0.2986450493335724,0.29999998211860657,0.29999998211860657,3765,0.2970711588859558,0.29732492566108704,0.29930979013442993,776.21,214,14,0.29999998211860657,0.2,2130,0.6875,0.29873695969581604,40,-5.1958712037652734,83,0.41379310344827586,0.2,16,0.5263157894736842,1e-05,0.0027055813,16,0.75,0.24993643164634705,19,29,0.7603275775909424,0.536335492762737,-0.0027713404430869558,0.096783447265625,0.1,0.0
0.29999998211860657,28180480,0.9230769230769231,0.29999998211860657,0.29999998211860657,0.5588235294117647,0.29999998211860657,0.2971509099006653,0.4411764705882353,0.29990652203559875,0.29999998211860657,0.29999998211860657,1.4953882352941188,0.29960787296295166,0.29999998211860657,0.29999998211860657,0.29999998211860657,2.3411764705882354,2.0855450527540005,0.2986813187599182,437.2818603515625,0.29999998211860657,7450,0.29999998211860657,0.2777777777777778,36,0.2971509099006653,0.29999998211860657,0.29999998211860657,0.29999998211860657,0.001053466796875,0.29999998211860657,0.29999998211860657,0.29999998211860657,0.29999998211860657,3782,0.2995125651359558,0.2998591661453247,0.29999998211860657,705.6,215,13,0.29999998211860657,0.2,2140,0.6875,0.2997887432575226,35,-5.324111844599247,75,0.2702702702702703,0.2571428571428571,16,0.631578947368421,1e-05,0.0021384018,14,0.7857142857142857,0.23986995220184326,19,37,0.7795069217681885,0.5107453895499929,-0.00317188939989137,0.07747879028320312,0.1,0.0
0.29999998211860657,28311552,0.8461538461538461,0.29999998211860657,0.29999998211860657,0.5585106382978723,0.29999998211860657,0.29964664578437805,0.44148936170212766,0.29999998211860657,0.29999998211860657,0.29999998211860657,1.4677446808510652,0.29999998211860657,0.29999998211860657,0.29999998211860657,0.29999998211860657,2.3351063829787235,2.0559373593853936,0.29999998211860657,435.2876281738281,0.29999998211860657,7453,0.29999998211860657,0.28888888888888886,45,0.29964664578437805,0.29999998211860657,0.29999998211860657,0.29999998211860657,0.00108734130859375,0.29999998211860657,0.29999998211860657,0.29999998211860657,0.29999998211860657,3798,0.29999998211860657,0.29999998211860657,0.29999998211860657,717.29,216,13,0.29999998211860657,0.2,2150,0.8333333333333334,0.2999858856201172,39,-5.3678196541965,83,0.3157894736842105,0.20512820512820512,18,0.55,1e-05,0.0017997597,15,0.8666666666666667,0.3403959274291992,20,38,0.8057898879051208,0.5108504813862964,-0.0034188999275556855,0.07009201049804688,0.1,0.0
0.29999998211860657,28442624,1.0,0.29999998211860657,0.29999998211860657,0.4875,0.29999998211860657,0.29999998211860657,0.5125,0.29999998211860657,0.29999998211860657,0.29999998211860657,1.483337500000001,0.29999998211860657,0.29999998211860657,0.29999998211860657,0.29999998211860657,2.175,1.8575817243290396,0.29999998211860657,466.8094482421875,0.29999998211860657,7455,0.29999998211860657,0.37142857142857144,35,0.29999998211860657,0.29999998211860657,0.29999998211860657,0.29999998211860657,0.0010638427734375002,0.29999998211860657,0.29999998211860657,0.29999998211860657,0.29999998211860657,3814,0.29999998211860657,0.29999998211860657,0.29999998211860657,760.62,217,20,0.29999998211860657,0.2,2160,0.5263157894736842,0.30000001192092896,28,-5.374071890115738,82,0.3333333333333333,0.2857142857142857,19,0.46153846153846156,1e-05,0.0017355015,15,1.0,0.23407158255577087,13,30,0.793362021446228,0.5594768608454614,-0.0035994459865833052,0.06829147338867188,0.1,0.0
0.29999998211860657,28573696,0.9655172413793104,0.29999998211860657,0.29999998211860657,0.46842105263157896,0.29999998211860657,0.29999998211860657,0.531578947368421,0.29999998211860657,0.29999998211860657,0.29999998211860657,1.4915578947368437,0.29999998211860657,0.29999998211860657,0.29999998211860657,0.29999998211860657,2.068421052631579,1.7457322283882515,0.29999998211860657,460.31365966796875,0.29999998211860657,7458,0.29999998211860657,0.2571428571428571,35,0.29999998211860657,0.29999998211860657,0.29999998211860657,0.29999998211860657,0.001085205078125,0.29999998211860657,0.29999998211860657,0.29999998211860657,0.29999998211860657,3831,0.29999998211860657,0.29999998211860657,0.29999998211860657,746.15,218,29,0.29999998211860657,0.2,2170,0.75,0.30000001192092896,40,-5.374142646789551,101,0.43333333333333335,0.25,12,0.7083333333333334,1e-05,0.0018099411,20,0.75,0.24383962154388428,24,30,0.7947933673858643,0.4770923929987475,-0.003423407857235361,0.06660614013671876,0.1,0.0
0.29999998211860657,28704768,0.9444444444444444,0.29999998211860657,0.29999998211860657,0.5722543352601156,0.29999998211860657,0.29999998211860657,0.4277456647398844,0.29999998211860657,0.29999998211860657,0.29999998211860657,1.4919075144508682,0.29999998211860657,0.29999998211860657,0.29999998211860657,0.29999998211860657,2.341040462427746,1.9450420138815385,0.29999998211860657,490.7900390625,0.29999998211860657,7460,0.29999998211860657,0.37142857142857144,35,0.29999998211860657,0.29999998211860657,0.29999998211860657,0.29999998211860657,0.0010989379882812502,0.29999998211860657,0.29999998211860657,0.29999998211860657,0.29999998211860657,3847,0.29999998211860657,0.29999998211860657,0.29999998211860657,793.79,219,18,0.29999998211860657,0.2,2180,0.5714285714285714,0.30000001192092896,42,-5.374142646789551,74,0.3125,0.23809523809523808,14,0.2,1e-05,0.0017985262,17,0.7647058823529411,0.21654430031776428,15,32,0.7650200724601746,0.5059080046834424,-0.0035083925919025204,0.06868515014648438,0.1,0.0
0.29999998211860657,28835840,0.9230769230769231,0.29999998211860657,0.29999998211860657,0.5308641975308642,0.29999998211860657,0.29999998211860657,0.4691358024691358,0.29999998211860657,0.29999998211860657,0.29999998211860657,1.492024691358026,0.29999998211860657,0.29999998211860657,0.29999998211860657,0.29999998211860657,2.432098765432099,2.0305512510599235,0.29999998211860657,485.8277282714844,0.29999998211860657,7463,0.29999998211860657,0.2962962962962963,27,0.29999998211860657,0.29999998211860657,0.29999998211860657,0.29999998211860657,0.0011291503906250002,0.29999998211860657,0.29999998211860657,0.29999998211860657,0.29999998211860657,3863,0.29999998211860657,0.29999998211860657,0.29999998211860657,785.05,220,13,0.29999998211860657,0.2,2190,0.6666666666666666,0.30000001192092896,43,-5.374142646789551,76,0.3157894736842105,0.37209302325581395,12,0.5294117647058824,1e-05,0.0017057005,12,0.9166666666666666,0.19354647397994995,17,38,0.8029214143753052,0.5262133502867072,-0.003505010074786696,0.06475982666015626,0.1,0.0
0.29999998211860657,28966912,0.95,0.29999998211860657,0.29999998211860657,0.5153061224489796,0.29999998211860657,0.29999998211860657,0.4846938775510204,0.29999998211860657,0.29999998211860657,0.29999998211860657,1.481836734693879,0.29999998211860657,0.29999998211860657,0.29999998211860657,0.29999998211860657,2.270408163265306,1.963444094032539,0.29999998211860657,446.1904602050781,0.29999998211860657,7465,0.29999998211860657,0.2765957446808511,47,0.29999998211860657,0.29999998211860657,0.29999998211860657,0.29999998211860657,0.0011505126953125,0.29999998211860657,0.29999998211860657,0.29999998211860657,0.29999998211860657,3879,0.29999998211860657,0.29999998211860657,0.29999998211860657,715.66,221,20,0.29999998211860657,0.2,2200,0.6818181818181818,0.30000001192092896,28,-5.374142646789551,95,0.3111111111111111,0.25,22,0.6470588235294118,1e-05,0.001765042,17,0.9411764705882353,0.2537020742893219,17,45,0.7683277726173401,0.5259577825665473,-0.0036201777872520323,0.06861114501953125,0.1,0.0
0.29999998211860657,29097984,0.9473684210526315,0.29999998211860657,0.29999998211860657,0.5562130177514792,0.29999998211860657,0.29999998211860657,0.4437869822485207,0.29999998211860657,0.29999998211860657,0.29999998211860657,1.5063076923076932,0.29999998211860657,0.29999998211860657,0.29999998211860657,0.29999998211860657,2.272189349112426,1.9294980162987967,0.29999998211860657,462.4018859863281,0.29999998211860657,7468,0.29999998211860657,0.1891891891891892,37,0.29999998211860657,0.29999998211860657,0.29999998211860657,0.29999998211860657,0.0011068725585937503,0.29999998211860657,0.29999998211860657,0.29999998211860657,0.29999998211860657,3896,0.29999998211860657,0.29999998211860657,0.29999998211860657,746.91,222,19,0.29999998211860657,0.2,2210,0.5384615384615384,0.30000001192092896,35,-5.374142646789551,75,0.4411764705882353,0.2,13,0.5625,1e-05,0.0017038062,15,0.8,0.15043270587921143,16,34,0.795547604560852,0.5510867599397897,-0.003613885115601079,0.06580276489257812,0.1,0.0
0.29999998211860657,29229056,0.9565217391304348,0.29999998211860657,0.29999998211860657,0.4860335195530726,0.29999998211860657,0.29999998211860657,0.5139664804469274,0.29999998211860657,0.29999998211860657,0.29999998211860657,1.4942346368715094,0.29999998211860657,0.29999998211860657,0.29999998211860657,0.29999998211860657,2.1452513966480447,1.8722068211724543,0.29999998211860657,506.2943420410156,0.29999998211860657,7471,0.29999998211860657,0.38461538461538464,26,0.29999998211860657,0.29999998211860657,0.29999998211860657,0.29999998211860657,0.0011010742187500002,0.29999998211860657,0.29999998211860657,0.29999998211860657,0.29999998211860657,3912,0.29999998211860657,0.29999998211860657,0.29999998211860657,801.31,223,23,0.29999998211860657,0.2,2220,0.8571428571428571,0.30000001192092896,43,-5.374142646789551,92,0.3333333333333333,0.2558139534883721,14,0.5,1e-05,0.0017679408,16,0.875,0.24405372142791748,24,33,0.8000907897949219,0.5089618164813146,-0.0036135357581770222,0.06526718139648438,0.1,0.0
0.29999998211860657,29360128,1.0,0.29999998211860657,0.29999998211860657,0.5146198830409356,0.29999998211860657,0.29999998211860657,0.4853801169590643,0.29999998211860657,0.29999998211860657,0.29999998211860657,1.4937192982456151,0.29999998211860657,0.29999998211860657,0.29999998211860657,0.29999998211860657,2.2046783625730995,2.0173441510078582,0.29999998211860657,489.4176940917969,0.29999998211860657,7473,0.29999998211860657,0.40540540540540543,37,0.29999998211860657,0.29999998211860657,0.29999998211860657,0.29999998211860657,0.0011346435546875002,0.29999998211860657,0.29999998211860657,0.29999998211860657,0.29999998211860657,3928,0.29999998211860657,0.29999998211860657,0.29999998211860657,786.65,224,16,0.29999998211860657,0.2,2230,0.6875,0.30000001192092896,38,-5.374142646789551,83,0.2222222222222222,0.34210526315789475,16,0.7368421052631579,1e-05,0.0017875324,9,0.6666666666666666,0.19464111328125,19,36,0.7850128412246704,0.5061656161909923,-0.003673888040066231,0.0693115234375,0.1,0.0
0.29999998211860657,29491200,0.9411764705882353,0.29999998211860657,0.29999998211860657,0.5443786982248521,0.29999998211860657,0.29999998211860657,0.4556213017751479,0.29999998211860657,0.29999998211860657,0.29999998211860657,1.502863905325445,0.29999998211860657,0.29999998211860657,0.29999998211860657,0.29999998211860657,2.1479289940828403,1.9578915615501993,0.29999998211860657,464.7992248535156,0.29999998211860657,7476,0.29999998211860657,0.1794871794871795,39,0.29999998211860657,0.29999998211860657,0.29999998211860657,0.29999998211860657,0.0011715698242187502,0.29999998211860657,0.29999998211860657,0.29999998211860657,0.29999998211860657,3944,0.29999998211860657,0.29999998211860657,0.29999998211860657,732.64,225,17,0.29999998211860657,0.2,2240,0.75,0.30000001192092896,29,-5.374142646789551,77,0.3225806451612903,0.2413793103448276,16,0.5909090909090909,1e-05,0.0018186874,15,0.8,0.29610052704811096,22,31,0.7888164520263672,0.5519198384368792,-0.0036366191248816903,0.07357711791992187,0.1,0.0
0.29999998211860657,29622272,0.9444444444444444,0.29999998211860657,0.29999998211860657,0.49707602339181284,0.29999998211860657,0.29999998211860657,0.5029239766081871,0.29999998211860657,0.29999998211860657,0.29999998211860657,1.5114970760233932,0.29999998211860657,0.29999998211860657,0.29999998211860657,0.29999998211860657,2.152046783625731,1.9854213532689555,0.29999998211860657,477.3345031738281,0.29999998211860657,7478,0.29999998211860657,0.32432432432432434,37,0.29999998211860657,0.29999998211860657,0.29999998211860657,0.29999998211860657,0.0011959838867187501,0.29999998211860657,0.29999998211860657,0.29999998211860657,0.29999998211860657,3960,0.29999998211860657,0.29999998211860657,0.29999998211860657,758.28,226,18,0.29999998211860657,0.2,2250,0.6666666666666666,0.30000001192092896,37,-5.374142646789551,86,0.2,0.3783783783783784,21,0.5294117647058824,1e-05,0.0017586648,16,0.9375,0.13331806659698486,17,25,0.7640550136566162,0.5455876720370725,-0.003514423115848331,0.06794281005859375,0.1,0.0
0.29999998211860657,29753344,1.0,0.29999998211860657,0.29999998211860657,0.4523809523809524,0.29999998211860657,0.29999998211860657,0.5476190476190477,0.29999998211860657,0.29999998211860657,0.29999998211860657,1.510250000000001,0.29999998211860657,0.29999998211860657,0.29999998211860657,0.29999998211860657,2.2261904761904763,1.966390783820398,0.29999998211860657,498.4546813964844,0.29999998211860657,7481,0.29999998211860657,0.3611111111111111,36,0.29999998211860657,0.29999998211860657,0.29999998211860657,0.29999998211860657,0.0011840820312500001,0.29999998211860657,0.29999998211860657,0.29999998211860657,0.29999998211860657,3976,0.29999998211860657,0.29999998211860657,0.29999998211860657,795.24,227,15,0.29999998211860657,0.2,2260,0.8,0.30000001192092896,29,-5.374142646789551,92,0.4,0.2413793103448276,20,0.6,1e-05,0.0017483173,18,0.9444444444444444,0.11121499538421631,20,30,0.767475962638855,0.5403297212906182,-0.003492276423185103,0.06541748046875,0.1,0.0
0.29999998211860657,29884416,1.0,0.29999998211860657,0.29999998211860657,0.4444444444444444,0.29999998211860657,0.29999998211860657,0.5555555555555556,0.29999998211860657,0.29999998211860657,0.29999998211860657,1.5101234567901245,0.29999998211860657,0.29999998211860657,0.29999998211860657,0.29999998211860657,2.388888888888889,2.002985692059226,0.29999998211860657,481.06781005859375,0.29999998211860657,7483,0.29999998211860657,0.32142857142857145,28,0.29999998211860657,0.29999998211860657,0.29999998211860657,0.29999998211860657,0.00120391845703125,0.29999998211860657,0.29999998211860657,0.29999998211860657,0.29999998211860657,3993,0.29999998211860657,0.29999998211860657,0.29999998211860657,761.71,228,16,0.29999998211860657,0.2,2270,0.75,0.30000001192092896,34,-5.374142646789551,90,0.4722222222222222,0.4117647058823529,16,0.6,1e-05,0.0017406014,17,0.7647058823529411,0.22978445887565613,15,36,0.7791367769241333,0.47528305135201665,-0.003440803383682578,0.06655120849609375,0.1,0.0
0.29999998211860657,30015488,1.0,0.29999998211860657,0.29999998211860657,0.4885057471264368,0.29999998211860657,0.29999998211860657,0.5114942528735632,0.29999998211860657,0.29999998211860657,0.29999998211860657,1.4857356321839088,0.29999998211860657,0.29999998211860657,0.29999998211860657,0.29999998211860657,2.2528735632183907,1.982421484043718,0.29999998211860657,503.64593505859375,0.29999998211860657,7486,0.29999998211860657,0.41935483870967744,31,0.29999998211860657,0.29999998211860657,0.29999998211860657,0.29999998211860657,0.0011923217773437502,0.29999998211860657,0.29999998211860657,0.29999998211860657,0.29999998211860657,4009,0.29999998211860657,0.29999998211860657,0.29999998211860657,795.1,229,19,0.29999998211860657,0.2,2280,0.55,0.30000001192092896,31,-5.374142646789551,89,0.3076923076923077,0.25806451612903225,20,0.7222222222222222,1e-05,0.0017733979,16,0.8125,0.3082747161388397,18,39,0.771648645401001,0.5091125826817006,-0.0037439160355461354,0.07000885009765626,0.1,0.0
0.29999998211860657,30146560,1.0,0.29999998211860657,0.29999998211860657,0.5214723926380368,0.29999998211860657,0.29999998211860657,0.4785276073619632,0.29999998211860657,0.29999998211860657,0.29999998211860657,1.511067484662578,0.29999998211860657,0.29999998211860657,0.29999998211860657,0.29999998211860657,1.98159509202454,1.9716110475845072,0.29999998211860657,491.6524353027344,0.29999998211860657,7488,0.29999998211860657,0.2972972972972973,37,0.29999998211860657,0.29999998211860657,0.29999998211860657,0.29999998211860657,0.0012533569335937502,0.29999998211860657,0.29999998211860657,0.29999998211860657,0.29999998211860657,4025,0.29999998211860657,0.29999998211860657,0.29999998211860657,770.72,230,21,0.29999998211860657,0.2,2290,0.8461538461538461,0.30000001192092896,24,-5.374142646789551,78,0.26666666666666666,0.16666666666666666,13,0.44,1e-05,0.0017443671,13,0.9230769230769231,0.09577614068984985,25,30,0.8049660325050354,0.4917376125929877,-0.0035527996528344373,0.06558151245117187,0.1,0.0
0.29999998211860657,30277632,0.9230769230769231,0.29999998211860657,0.29999998211860657,0.4470588235294118,0.29999998211860657,0.29999998211860657,0.5529411764705883,0.29999998211860657,0.29999998211860657,0.29999998211860657,1.5034352941176483,0.29999998211860657,0.29999998211860657,0.29999998211860657,0.29999998211860657,2.2411764705882353,1.99471555419426,0.29999998211860657,490.8084716796875,0.29999998211860657,7491,0.29999998211860657,0.32432432432432434,37,0.29999998211860657,0.29999998211860657,0.29999998211860657,0.29999998211860657,0.0012384033203125002,0.29999998211860657,0.29999998211860657,0.29999998211860657,0.29999998211860657,4041,0.29999998211860657,0.29999998211860657,0.29999998211860657,770.07,231,13,0.29999998211860657,0.2,2300,0.6666666666666666,0.30000001192092896,24,-5.374142646789551,94,0.4,0.4166666666666667,18,0.68,1e-05,0.0018090627,18,0.9444444444444444,0.18256118893623352,25,35,0.7866109609603882,0.5105549502419308,-0.00368293984893171,0.067120361328125,0.1,0.0
0.29999998211860657,30408704,0.9523809523809523,0.29999998211860657,0.29999998211860657,0.5056818181818182,0.29999998211860657,0.29999998211860657,0.4943181818181818,0.29999998211860657,0.29999998211860657,0.29999998211860657,1.487102272727274,0.29999998211860657,0.29999998211860657,0.29999998211860657,0.29999998211860657,2.1136363636363638,1.952554156083722,0.29999998211860657,469.82647705078125,0.29999998211860657,7493,0.29999998211860657,0.3142857142857143,35,0.29999998211860657,0.29999998211860657,0.29999998211860657,0.29999998211860657,0.0012213134765625003,0.29999998211860657,0.29999998211860657,0.29999998211860657,0.29999998211860657,4057,0.29999998211860657,0.29999998211860657,0.29999998211860657,730.27,232,21,0.29999998211860657,0.2,2310,0.75,0.30000001192092896,40,-5.374142646789551,87,0.3125,0.325,20,0.5294117647058824,1e-05,0.001809636,11,0.8181818181818182,0.3194243013858795,17,32,0.7936818599700928,0.48657928651664406,-0.00359992745488853,0.06769256591796875,0.1,0.0
0.29999998211860657,30539776,1.0,0.29999998211860657,0.29999998211860657,0.4444444444444444,0.29999998211860657,0.29999998211860657,0.5555555555555556,0.29999998211860657,0.29999998211860657,0.29999998211860657,1.501843137254903,0.29999998211860657,0.29999998211860657,0.29999998211860657,0.29999998211860657,2.0065359477124183,1.873057931644016,0.29999998211860657,517.474609375,0.29999998211860657,7496,0.29999998211860657,0.3870967741935484,31,0.29999998211860657,0.29999998211860657,0.29999998211860657,0.29999998211860657,0.00127593994140625,0.29999998211860657,0.29999998211860657,0.29999998211860657,0.29999998211860657,4074,0.29999998211860657,0.29999998211860657,0.29999998211860657,802.26,233,20,0.29999998211860657,0.2,2320,0.8947368421052632,0.30000001192092896,37,-5.374142646789551,85,0.36,0.35135135135135137,19,0.6428571428571429,1e-05,0.0017853831,7,0.7142857142857143,0.12626615166664124,14,25,0.7725936770439148,0.5368740838486701,-0.0036805355062824673,0.07221908569335937,0.1,0.0
0.29999998211860657,30670848,1.0,0.29999998211860657,0.29999998211860657,0.40804597701149425,0.29999998211860657,0.29999998211860657,0.5919540229885057,0.29999998211860657,0.29999998211860657,0.29999998211860657,1.4985172413793115,0.29999998211860657,0.29999998211860657,0.29999998211860657,0.29999998211860657,2.0632183908045976,1.8938974829577948,0.29999998211860657,508.2621154785156,0.29999998211860657,7498,0.29999998211860657,0.3611111111111111,36,0.29999998211860657,0.29999998211860657,0.29999998211860657,0.29999998211860657,0.0012939453125000002,0.29999998211860657,0.29999998211860657,0.29999998211860657,0.29999998211860657,4090,0.29999998211860657,0.29999998211860657,0.29999998211860657,780.57,234,24,0.29999998211860657,0.2,2330,0.7777777777777778,0.30000001192092896,31,-5.374142646789551,103,0.48,0.3870967741935484,18,0.5,1e-05,0.001758631,20,0.9,0.14933398365974426,20,25,0.7801179885864258,0.4550487676169723,-0.0036682985706420366,0.06871414184570312,0.1,0.0
0.29999998211860657,30801920,1.0,0.29999998211860657,0.29999998211860657,0.463855421686747,0.29999998211860657,0.29999998211860657,0.536144578313253,0.29999998211860657,0.29999998211860657,0.29999998211860657,1.5024819277108443,0.29999998211860657,0.29999998211860657,0.29999998211860657,0.29999998211860657,2.355421686746988,1.8973092059878431,0.29999998211860657,475.2486572265625,0.29999998211860657,7500,0.29999998211860657,0.3125,32,0.29999998211860657,0.29999998211860657,0.29999998211860657,0.29999998211860657,0.0012905883789062502,0.29999998211860657,0.29999998211860657,0.29999998211860657,0.29999998211860657,4106,0.29999998211860657,0.29999998211860657,0.29999998211860657,742.98,235,17,0.29999998211860657,0.2,2340,0.9,0.30000001192092896,54,-5.374142646789551,89,0.30434782608695654,0.35185185185185186,10,0.8571428571428571,1e-05,0.0017740966,16,0.9375,0.14011681079864502,14,23,0.7591115832328796,0.5090697825886309,-0.0035187029352073294,0.06836395263671875,0.1,0.0
0.29999998211860657,30932992,1.0,0.29999998211860657,0.29999998211860657,0.4161490683229814,0.29999998211860657,0.29999998211860657,0.5838509316770186,0.29999998211860657,0.29999998211860657,0.29999998211860657,1.5040124223602496,0.29999998211860657,0.29999998211860657,0.29999998211860657,0.29999998211860657,2.0,1.8614925075816287,0.29999998211860657,537.653076171875,0.29999998211860657,7503,0.29999998211860657,0.38235294117647056,34,0.29999998211860657,0.29999998211860657,0.29999998211860657,0.29999998211860657,0.0012820434570312502,0.29999998211860657,0.29999998211860657,0.29999998211860657,0.29999998211860657,4122,0.29999998211860657,0.29999998211860657,0.29999998211860657,830.5,236,21,0.29999998211860657,0.2,2350,0.8461538461538461,0.30000001192092896,31,-5.374142646789551,94,0.3548387096774194,0.5483870967741935,13,0.5909090909090909,1e-05,0.0017892222,9,0.8888888888888888,0.20242246985435486,22,31,0.7885587811470032,0.49521116274408994,-0.003603540122094273,0.06965713500976563,0.1,0.0
0.29999998211860657,31064064,1.0,0.29999998211860657,0.29999998211860657,0.46745562130177515,0.29999998211860657,0.29999998211860657,0.5325443786982249,0.29999998211860657,0.29999998211860657,0.29999998211860657,1.492508875739646,0.29999998211860657,0.29999998211860657,0.29999998211860657,0.29999998211860657,2.2958579881656807,1.950079679027707,0.29999998211860657,507.0047302246094,0.29999998211860657,7505,0.29999998211860657,0.41379310344827586,29,0.29999998211860657,0.29999998211860657,0.29999998211860657,0.29999998211860657,0.0012789916992187503,0.29999998211860657,0.29999998211860657,0.29999998211860657,0.29999998211860657,4138,0.29999998211860657,0.29999998211860657,0.29999998211860657,787.25,237,20,0.29999998211860657,0.2,2360,0.6666666666666666,0.30000001192092896,41,-5.374142646789551,90,0.3,0.3902439024390244,12,0.75,1e-05,0.0017436531,11,0.9090909090909091,0.1926465928554535,16,40,0.7627434730529785,0.4982012392953038,-0.0037001813826464057,0.06710586547851563,0.1,0.0
0.29999998211860657,31195136,0.9411764705882353,0.29999998211860657,0.29999998211860657,0.4430379746835443,0.29999998211860657,0.29999998211860657,0.5569620253164557,0.29999998211860657,0.29999998211860657,0.29999998211860657,1.4836835443037988,0.29999998211860657,0.29999998211860657,0.29999998211860657,0.29999998211860657,2.2468354430379747,1.9631986100755998,0.29999998211860657,517.49755859375,0.29999998211860657,7507,0.29999998211860657,0.25,28,0.29999998211860657,0.29999998211860657,0.29999998211860657,0.29999998211860657,0.0013235473632812504,0.29999998211860657,0.29999998211860657,0.29999998211860657,0.29999998211860657,4154,0.29999998211860657,0.29999998211860657,0.29999998211860657,798.37,238,17,0.29999998211860657,0.2,2370,0.5714285714285714,0.30000001192092896,26,-5.374142646789551,88,0.45454545454545453,0.4230769230769231,21,0.6875,1e-05,0.0017725017,17,0.9411764705882353,0.30232539772987366,16,33,0.774757981300354,0.5280972573673353,-0.003676544157679018,0.06838150024414062,0.1,0.0
0.29999998211860657,31326208,0.8947368421052632,0.29999998211860657,0.29999998211860657,0.42073170731707316,0.29999998211860657,0.29999998211860657,0.5792682926829268,0.29999998211860657,0.29999998211860657,0.29999998211860657,1.4995365853658547,0.29999998211860657,0.29999998211860657,0.29999998211860657,0.29999998211860657,2.3963414634146343,1.8844328878787957,0.29999998211860657,531.5818481445312,0.29999998211860657,7510,0.29999998211860657,0.45454545454545453,22,0.29999998211860657,0.29999998211860657,0.29999998211860657,0.29999998211860657,0.0013690185546875004,0.29999998211860657,0.29999998211860657,0.29999998211860657,0.29999998211860657,4171,0.29999998211860657,0.29999998211860657,0.29999998211860657,813.96,239,19,0.29999998211860657,0.2,2380,0.8125,0.30000001192092896,30,-5.374142646789551,95,0.3684210526315789,0.4,16,0.5882352941176471,1e-05,0.0018523103,22,0.8636363636363636,0.18030020594596863,17,38,0.7875215411186218,0.4946816147770733,-0.0035626245140065295,0.07467727661132813,0.1,0.0
0.29999998211860657,31457280,1.0,0.29999998211860657,0.29999998211860657,0.3836477987421384,0.29999998211860657,0.29999998211860657,0.6163522012578616,0.29999998211860657,0.29999998211860657,0.29999998211860657,1.4837735849056615,0.29999998211860657,0.29999998211860657,0.29999998211860657,0.29999998211860657,2.1761006289308176,1.7327605173519705,0.29999998211860657,521.5628051757812,0.29999998211860657,7512,0.29999998211860657,0.5882352941176471,17,0.29999998211860657,0.29999998211860657,0.29999998211860657,0.29999998211860657,0.0013613891601562504,0.29999998211860657,0.29999998211860657,0.29999998211860657,0.29999998211860657,4187,0.29999998211860657,0.29999998211860657,0.29999998211860657,785.92,240,26,0.29999998211860657,0.2,2390,0.7222222222222222,0.30000001192092896,44,-5.374142646789551,98,0.48148148148148145,0.29545454545454547,18,0.8181818181818182,1e-05,0.0017411564,16,0.875,0.16325855255126953,11,27,0.7963680624961853,0.4547986903460696,-0.003633543291607566,0.065667724609375,0.1,0.0
0.29999998211860657,31588352,1.0,0.29999998211860657,0.29999998211860657,0.41566265060240964,0.29999998211860657,0.29999998211860657,0.5843373493975904,0.29999998211860657,0.29999998211860657,0.29999998211860657,1.4909518072289167,0.29999998211860657,0.29999998211860657,0.29999998211860657,0.29999998211860657,2.1204819277108435,1.8916618681543254,0.29999998211860657,547.6351928710938,0.29999998211860657,7514,0.29999998211860657,0.425,40,0.29999998211860657,0.29999998211860657,0.29999998211860657,0.29999998211860657,0.0013928222656250002,0.29999998211860657,0.29999998211860657,0.29999998211860657,0.29999998211860657,4203,0.29999998211860657,0.29999998211860657,0.29999998211860657,842.61,241,23,0.29999998211860657,0.2,2400,0.6666666666666666,0.30000001192092896,24,-5.374142646789551,97,0.43243243243243246,0.3333333333333333,15,0.8,1e-05,0.0017705427,12,0.9166666666666666,0.2076730728149414,15,37,0.7622076272964478,0.4937159289373085,-0.0035081235859252048,0.06797103881835938,0.1,0.0
0.29999998211860657,31719424,0.95,0.29999998211860657,0.29999998211860657,0.4591194968553459,0.29999998211860657,0.29999998211860657,0.5408805031446541,0.29999998211860657,0.29999998211860657,0.29999998211860657,1.5019245283018878,0.29999998211860657,0.29999998211860657,0.29999998211860657,0.29999998211860657,2.20125786163522,1.9390548719426721,0.29999998211860657,477.57940673828125,0.29999998211860657,7516,0.29999998211860657,0.38235294117647056,34,0.29999998211860657,0.29999998211860657,0.29999998211860657,0.29999998211860657,0.0014001464843750003,0.29999998211860657,0.29999998211860657,0.29999998211860657,0.29999998211860657,4219,0.29999998211860657,0.29999998211860657,0.29999998211860657,741.79,242,20,0.29999998211860657,0.2,2410,0.6428571428571429,0.30000001192092896,31,-5.374142646789551,86,0.45714285714285713,0.25806451612903225,14,0.7857142857142857,1e-05,0.0017258347,11,0.9090909090909091,0.25769370794296265,14,35,0.757075309753418,0.4739850212354213,-0.0035337324785814418,0.06535873413085938,0.1,0.0
0.29999998211860657,31850496,1.0,0.29999998211860657,0.29999998211860657,0.34591194968553457,0.29999998211860657,0.29999998211860657,0.6540880503144654,0.29999998211860657,0.29999998211860657,0.29999998211860657,1.4945283018867934,0.29999998211860657,0.29999998211860657,0.29999998211860657,0.29999998211860657,2.0125786163522013,1.705453049572552,0.29999998211860657,530.0062255859375,0.29999998211860657,7518,0.29999998211860657,0.4473684210526316,38,0.29999998211860657,0.29999998211860657,0.29999998211860657,0.29999998211860657,0.0014334106445312504,0.29999998211860657,0.29999998211860657,0.29999998211860657,0.29999998211860657,4236,0.29999998211860657,0.29999998211860657,0.29999998211860657,809.02,243,23,0.29999998211860657,0.2,2420,0.7894736842105263,0.30000001192092896,22,-5.374142646789551,104,0.39285714285714285,0.5,19,0.8666666666666667,1e-05,0.0018037538,14,1.0,0.12482079863548279,15,28,0.7928095459938049,0.49155615535564723,-0.003711516399835091,0.0703369140625,0.1,0.0
0.29999998211860657,31981568,1.0,0.29999998211860657,0.29999998211860657,0.4,0.29999998211860657,0.29999998211860657,0.6,0.29999998211860657,0.29999998211860657,0.29999998211860657,1.4946500000000011,0.29999998211860657,0.29999998211860657,0.29999998211860657,0.29999998211860657,2.18125,1.945863190868139,0.29999998211860657,516.34521484375,0.29999998211860657,7521,0.29999998211860657,0.4864864864864865,37,0.29999998211860657,0.29999998211860657,0.29999998211860657,0.29999998211860657,0.0014453125000000004,0.29999998211860657,0.29999998211860657,0.29999998211860657,0.29999998211860657,4252,0.29999998211860657,0.29999998211860657,0.29999998211860657,783.94,244,10,0.29999998211860657,0.2,2430,0.8823529411764706,0.30000001192092896,28,-5.374142646789551,96,0.3076923076923077,0.39285714285714285,17,0.7307692307692307,1e-05,0.0017721171,16,0.9375,0.23246130347251892,26,26,0.7788199186325073,0.4509159123292193,-0.0036044803277945903,0.06776504516601563,0.1,0.0
0.29999998211860657,32112640,0.9130434782608695,0.29999998211860657,0.29999998211860657,0.41304347826086957,0.29999998211860657,0.29999998211860657,0.5869565217391305,0.29999998211860657,0.29999998211860657,0.29999998211860657,1.5084239130434793,0.29999998211860657,0.29999998211860657,0.29999998211860657,0.29999998211860657,2.342391304347826,1.9039623092672726,0.29999998211860657,521.1913452148438,0.29999998211860657,7523,0.29999998211860657,0.5333333333333333,30,0.29999998211860657,0.29999998211860657,0.29999998211860657,0.29999998211860657,0.0014669799804687502,0.29999998211860657,0.29999998211860657,0.29999998211860657,0.29999998211860657,4268,0.29999998211860657,0.29999998211860657,0.29999998211860657,782.68,245,23,0.29999998211860657,0.2,2440,0.8421052631578947,0.30000001192092896,32,-5.374142646789551,108,0.41304347826086957,0.3125,19,0.6666666666666666,1e-05,0.0017892381,19,0.8421052631578947,0.22499868273735046,15,46,0.7907312512397766,0.44705820514354855,-0.003634301480997237,0.0681243896484375,0.1,0.0
0.29999998211860657,32243712,0.875,0.29999998211860657,0.29999998211860657,0.46,0.29999998211860657,0.29999998211860657,0.54,0.29999998211860657,0.29999998211860657,0.29999998211860657,1.4989733333333346,0.29999998211860657,0.29999998211860657,0.29999998211860657,0.29999998211860657,2.3266666666666667,1.9534428485275939,0.29999998211860657,523.3628540039062,0.29999998211860657,7525,0.29999998211860657,0.4230769230769231,26,0.29999998211860657,0.29999998211860657,0.29999998211860657,0.29999998211860657,0.0015054321289062502,0.29999998211860657,0.29999998211860657,0.29999998211860657,0.29999998211860657,4284,0.29999998211860657,0.29999998211860657,0.29999998211860657,792.4,246,16,0.29999998211860657,0.2,2450,0.8823529411764706,0.30000001192092896,28,-5.374142646789551,81,0.3157894736842105,0.32142857142857145,17,0.7692307692307693,1e-05,0.0017718791,12,0.8333333333333334,0.4107906222343445,13,38,0.7896597981452942,0.545778824435547,-0.003657046521311713,0.07044601440429688,0.1,0.0
0.29999998211860657,32374784,0.9411764705882353,0.29999998211860657,0.29999998211860657,0.36585365853658536,0.29999998211860657,0.29999998211860657,0.6341463414634146,0.29999998211860657,0.29999998211860657,0.29999998211860657,1.4867804878048791,0.29999998211860657,0.29999998211860657,0.29999998211860657,0.29999998211860657,2.231707317073171,1.952069045469883,0.29999998211860657,556.7578735351562,0.29999998211860657,7527,0.29999998211860657,0.43333333333333335,30,0.29999998211860657,0.29999998211860657,0.29999998211860657,0.29999998211860657,0.0015148925781250002,0.29999998211860657,0.29999998211860657,0.29999998211860657,0.29999998211860657,4300,0.29999998211860657,0.29999998211860657,0.29999998211860657,835.45,247,17,0.29999998211860657,0.2,2460,0.75,0.30000001192092896,22,-5.374142646789551,104,0.5428571428571428,0.36363636363636365,12,0.7777777777777778,1e-05,0.0017937331,21,0.8571428571428571,0.2953498959541321,27,35,0.7726088166236877,0.5038238578476012,-0.003375848638734169,0.0691192626953125,0.1,0.0
0.29999998211860657,32505856,0.9444444444444444,0.29999998211860657,0.29999998211860657,0.33557046979865773,0.29999998211860657,0.29999998211860657,0.6644295302013423,0.29999998211860657,0.29999998211860657,0.29999998211860657,1.495771812080538,0.29999998211860657,0.29999998211860657,0.29999998211860657,0.29999998211860657,2.214765100671141,1.877165861597867,0.29999998211860657,559.871826171875,0.29999998211860657,7530,0.29999998211860657,0.5,30,0.29999998211860657,0.29999998211860657,0.29999998211860657,0.29999998211860657,0.0015414428710937502,0.29999998211860657,0.29999998211860657,0.29999998211860657,0.29999998211860657,4316,0.29999998211860657,0.29999998211860657,0.29999998211860657,851.28,248,18,0.29999998211860657,0.2,2470,0.9,0.30000001192092896,23,-5.374142646789551,99,0.5806451612903226,0.391304347826087,10,0.75,1e-05,0.001698101,17,0.9411764705882353,0.19976601004600525,20,31,0.7539094686508179,0.460778419720009,-0.003391696905828212,0.06546630859375,0.1,0.0
0.29999998211860657,32636928,1.0,0.29999998211860657,0.29999998211860657,0.3375796178343949,0.29999998211860657,0.29999998211860657,0.6624203821656051,0.29999998211860657,0.29999998211860657,0.29999998211860657,1.4982929936305744,0.29999998211860657,0.29999998211860657,0.29999998211860657,0.29999998211860657,2.0254777070063694,1.8244429876400408,0.29999998211860657,569.2503662109375,0.29999998211860657,7532,0.29999998211860657,0.38461538461538464,26,0.29999998211860657,0.29999998211860657,0.29999998211860657,0.29999998211860657,0.0015509033203125002,0.29999998211860657,0.29999998211860657,0.29999998211860657,0.29999998211860657,4332,0.29999998211860657,0.29999998211860657,0.29999998211860657,858.96,249,26,0.29999998211860657,0.2,2480,0.7,0.30000001192092896,25,-5.374142646417022,104,0.4642857142857143,0.52,20,0.8666666666666667,1e-05,0.0017296568,17,0.8823529411764706,0.14473098516464233,15,28,0.7586451768875122,0.45999725461006163,-0.0034959105309553705,0.06651077270507813,0.1,0.0
0.29999998211860657,32768000,1.0,0.29999998211860657,0.29999998211860657,0.375,0.29999998211860657,0.29999998211860657,0.625,0.29999998211860657,0.29999998211860657,0.29999998211860657,1.520125000000001,0.29999998211860657,0.29999998211860657,0.29999998211860657,0.29999998211860657,2.1,1.935368454633045,0.29999998211860657,571.8767700195312,0.29999998211860657,7534,0.29999998211860657,0.4838709677419355,31,0.29999998211860657,0.29999998211860657,0.29999998211860657,0.29999998211860657,0.0015191650390625003,0.29999998211860657,0.29999998211860657,0.29999998211860657,0.29999998211860657,4349,0.29999998211860657,0.29999998211860657,0.29999998211860657,876.11,250,20,0.29999998211860657,0.2,2490,0.7333333333333333,0.30000001192092896,39,-5.374142646789551,100,0.34782608695652173,0.48717948717948717,15,0.7777777777777778,1e-05,0.0018013563,14,0.9285714285714286,0.1393987536430359,18,23,0.7545522451400757,0.44677036388311536,-0.0037481516488696797,0.07017364501953124,0.1,0.0
0.29999998211860657,32899072,1.0,0.29999998211860657,0.29999998211860657,0.38562091503267976,0.29999998211860657,0.29999998211860657,0.6143790849673203,0.29999998211860657,0.29999998211860657,0.29999998211860657,1.5038039215686285,0.29999998211860657,0.29999998211860657,0.29999998211860657,0.29999998211860657,2.1176470588235294,1.9205628324698796,0.29999998211860657,537.1051025390625,0.29999998211860657,7536,0.29999998211860657,0.43333333333333335,30,0.29999998211860657,0.29999998211860657,0.29999998211860657,0.29999998211860657,0.0015814208984375002,0.29999998211860657,0.29999998211860657,0.29999998211860657,0.29999998211860657,4365,0.29999998211860657,0.29999998211860657,0.29999998211860657,811.35,251,16,0.29999998211860657,0.2,2500,0.9375,0.30000001192092896,29,-5.374142646789551,94,0.5217391304347826,0.3793103448275862,16,0.5909090909090909,1e-05,0.0018167603,17,0.8235294117647058,0.25414466857910156,22,23,0.7680970430374146,0.49622916942462325,-0.0036792722487007266,0.0718658447265625,0.1,0.0
0.29999998211860657,33030144,0.9444444444444444,0.29999998211860657,0.29999998211860657,0.3505747126436782,0.29999998211860657,0.29999998211860657,0.6494252873563219,0.29999998211860657,0.29999998211860657,0.29999998211860657,1.4831379310344837,0.29999998211860657,0.29999998211860657,0.29999998211860657,0.29999998211860657,2.235632183908046,1.8873289200615602,0.29999998211860657,569.8319702148438,0.29999998211860657,7538,0.29999998211860657,0.4482758620689655,29,0.29999998211860657,0.29999998211860657,0.29999998211860657,0.29999998211860657,0.001575927734375,0.29999998211860657,0.29999998211860657,0.29999998211860657,0.29999998211860657,4381,0.29999998211860657,0.29999998211860657,0.29999998211860657,854.91,252,18,0.29999998211860657,0.2,2510,0.8333333333333334,0.30000001192092896,34,-5.374142644926906,113,0.4857142857142857,0.5,12,0.8518518518518519,1e-05,0.001773864,19,0.8421052631578947,0.08694812655448914,27,35,0.7451174855232239,0.43488860604120416,-0.0037571799919305705,0.06734695434570312,0.1,0.0
0.29999998211860657,33161216,1.0,0.29999998211860657,0.29999998211860657,0.38095238095238093,0.29999998211860657,0.29999998211860657,0.6190476190476191,0.29999998211860657,0.29999998211860657,0.29999998211860657,1.5019455782312936,0.29999998211860657,0.29999998211860657,0.29999998211860657,0.29999998211860657,2.292517006802721,1.9098950264141008,0.29999998211860657,556.4148559570312,0.29999998211860657,7540,0.29999998211860657,0.47619047619047616,21,0.29999998211860657,0.29999998211860657,0.29999998211860657,0.29999998211860657,0.0016091918945312501,0.29999998211860657,0.29999998211860657,0.29999998211860657,0.29999998211860657,4397,0.29999998211860657,0.29999998211860657,0.29999998211860657,822.68,253,14,0.29999998211860657,0.2,2520,0.8333333333333334,0.30000001192092896,25,-5.374142646789551,91,0.42857142857142855,0.4,24,0.7857142857142857,1e-05,0.0018267969,14,0.7857142857142857,0.161805659532547,14,35,0.7602638006210327,0.4505316794384271,-0.003685956967274251,0.072320556640625,0.1,0.0
0.29999998211860657,33292288,1.0,0.29999998211860657,0.29999998211860657,0.3373493975903614,0.29999998211860657,0.29999998211860657,0.6626506024096386,0.29999998211860657,0.29999998211860657,0.29999998211860657,1.5030843373493987,0.29999998211860657,0.29999998211860657,0.29999998211860657,0.29999998211860657,2.289156626506024,1.914755758446762,0.29999998211860657,564.552978515625,0.29999998211860657,7542,0.29999998211860657,0.5769230769230769,26,0.29999998211860657,0.29999998211860657,0.29999998211860657,0.29999998211860657,0.0016516113281250001,0.29999998211860657,0.29999998211860657,0.29999998211860657,0.29999998211860657,4414,0.29999998211860657,0.29999998211860657,0.29999998211860657,850.07,254,18,0.29999998211860657,0.2,2530,0.75,0.30000001192092896,37,-5.374142646789551,110,0.48148148148148145,0.5405405405405406,12,0.6086956521739131,1e-05,0.0017473192,23,0.9130434782608695,0.13026481866836548,23,27,0.7728185653686523,0.44473346068989483,-0.003534293145276024,0.0675567626953125,0.1,0.0
0.29999998211860657,33423360,1.0,0.29999998211860657,0.29999998211860657,0.425,0.29999998211860657,0.29999998211860657,0.575,0.29999998211860657,0.29999998211860657,0.29999998211860657,1.498975000000001,0.29999998211860657,0.29999998211860657,0.29999998211860657,0.29999998211860657,2.34375,1.9776058310731437,0.29999998211860657,545.2994384765625,0.29999998211860657,7544,0.29999998211860657,0.5172413793103449,29,0.29999998211860657,0.29999998211860657,0.29999998211860657,0.29999998211860657,0.0016409301757812503,0.29999998211860657,0.29999998211860657,0.29999998211860657,0.29999998211860657,4430,0.29999998211860657,0.29999998211860657,0.29999998211860657,825.56,255,12,0.29999998211860657,0.2,2540,0.8823529411764706,0.30000001192092896,37,-5.374142646789551,92,0.4358974358974359,0.43243243243243246,17,0.47058823529411764,1e-05,0.0017149333,9,1.0,0.07375609874725342,17,39,0.7759137749671936,0.4405230202944949,-0.003685729489370715,0.06417465209960938,0.1,0.0
0.29999998211860657,33554432,0.9583333333333334,0.29999998211860657,0.29999998211860657,0.4186046511627907,0.29999998211860657,0.29999998211860657,0.5813953488372093,0.29999998211860657,0.29999998211860657,0.29999998211860657,1.4852209302325592,0.29999998211860657,0.29999998211860657,0.29999998211860657,0.29999998211860657,1.941860465116279,1.9221229990417519,0.29999998211860657,526.6572875976562,0.29999998211860657,7546,0.29999998211860657,0.2903225806451613,31,0.29999998211860657,0.29999998211860657,0.29999998211860657,0.29999998211860657,0.0016101074218750002,0.29999998211860657,0.29999998211860657,0.29999998211860657,0.29999998211860657,4446,0.29999998211860657,0.29999998211860657,0.29999998211860657,790.1,256,24,0.29999998211860657,0.2,2550,0.7647058823529411,0.30000001192092896,32,-5.374142646789551,100,0.46875,0.53125,17,0.6,1e-05,0.0016406263,11,0.7272727272727273,0.2983282804489136,25,32,0.7875936627388,0.5088447858812287,-0.003584810100528557,0.06068115234375,0.1,0.0
0.29999998211860657,33685504,1.0,0.29999998211860657,0.29999998211860657,0.2978723404255319,0.29999998211860657,0.29999998211860657,0.7021276595744681,0.29999998211860657,0.29999998211860657,0.29999998211860657,1.4971205673758876,0.29999998211860657,0.29999998211860657,0.29999998211860657,0.29999998211860657,2.1347517730496453,1.7030175216405095,0.29999998211860657,575.5128784179688,0.29999998211860657,7548,0.29999998211860657,0.5416666666666666,24,0.29999998211860657,0.29999998211860657,0.29999998211860657,0.29999998211860657,0.0016589355468750004,0.29999998211860657,0.29999998211860657,0.29999998211860657,0.29999998211860657,4462,0.29999998211860657,0.29999998211860657,0.29999998211860657,853.76,257,25,0.29999998211860657,0.2,2560,1.0,0.30000001192092896,19,-5.374142646789551,99,0.4857142857142857,0.5263157894736842,11,0.8461538461538461,1e-05,0.0016911309,14,0.8571428571428571,0.24384212493896484,13,35,0.7906184792518616,0.5073990578996017,-0.0037831532850759685,0.06636962890625,0.1,0.0
0.29999998211860657,33816576,1.0,0.29999998211860657,0.29999998211860657,0.27710843373493976,0.29999998211860657,0.29999998211860657,0.7228915662650602,0.29999998211860657,0.29999998211860657,0.29999998211860657,1.5178674698795194,0.29999998211860657,0.29999998211860657,0.29999998211860657,0.29999998211860657,1.9397590361445782,1.8155965073690299,0.29999998211860657,592.0899047851562,0.29999998211860657,7550,0.29999998211860657,0.5416666666666666,24,0.29999998211860657,0.29999998211860657,0.29999998211860657,0.29999998211860657,0.0017144775390625002,0.29999998211860657,0.29999998211860657,0.29999998211860657,0.29999998211860657,4478,0.29999998211860657,0.29999998211860657,0.29999998211860657,888.88,258,28,0.29999998211860657,0.2,2570,0.7777777777777778,0.30000001192092896,30,-5.374142646789551,120,0.4838709677419355,0.7,18,0.7619047619047619,1e-05,0.0017367972,14,0.9285714285714286,0.13682913780212402,21,31,0.7581015825271606,0.3951648251852021,-0.003614312226909533,0.06492080688476562,0.1,0.0
0.29999998211860657,33947648,1.0,0.29999998211860657,0.29999998211860657,0.36486486486486486,0.29999998211860657,0.29999998211860657,0.6351351351351351,0.29999998211860657,0.29999998211860657,0.29999998211860657,1.498229729729731,0.29999998211860657,0.29999998211860657,0.29999998211860657,0.29999998211860657,2.195945945945946,1.8649618311828313,0.29999998211860657,556.6900634765625,0.29999998211860657,7552,0.29999998211860657,0.4074074074074074,27,0.29999998211860657,0.29999998211860657,0.29999998211860657,0.29999998211860657,0.0016940307617187502,0.29999998211860657,0.29999998211860657,0.29999998211860657,0.29999998211860657,4494,0.29999998211860657,0.29999998211860657,0.29999998211860657,833.15,259,19,0.29999998211860657,0.2,2580,0.8666666666666667,0.30000001192092896,32,-5.374142646789551,94,0.4230769230769231,0.4375,15,0.9285714285714286,1e-05,0.0018349341,15,0.8666666666666667,0.0473308265209198,14,26,0.7788513898849487,0.3737037948332727,-0.003916938771089918,0.0712188720703125,0.1,0.0
0.29999998211860657,34078720,1.0,0.29999998211860657,0.29999998211860657,0.32903225806451614,0.29999998211860657,0.29999998211860657,0.6709677419354839,0.29999998211860657,0.29999998211860657,0.29999998211860657,1.4947741935483883,0.29999998211860657,0.29999998211860657,0.29999998211860657,0.29999998211860657,2.264516129032258,1.888063340773625,0.29999998211860657,581.096923828125,0.29999998211860657,7554,0.29999998211860657,0.43478260869565216,23,0.29999998211860657,0.29999998211860657,0.29999998211860657,0.29999998211860657,0.0016760253906250003,0.29999998211860657,0.29999998211860657,0.29999998211860657,0.29999998211860657,4510,0.29999998211860657,0.29999998211860657,0.29999998211860657,860.15,260,21,0.29999998211860657,0.2,2590,0.9285714285714286,0.30000001192092896,33,-5.374142646789551,104,0.5,0.42424242424242425,14,0.7647058823529411,1e-05,0.00176649,25,0.88,0.07463407516479492,17,22,0.8043336868286133,0.4171717330813408,-0.003529034016719379,0.06666641235351563,0.1,0.0
0.29999998211860657,34209792,1.0,0.29999998211860657,0.29999998211860657,0.3670886075949367,0.29999998211860657,0.29999998211860657,0.6329113924050633,0.29999998211860657,0.29999998211860657,0.29999998211860657,1.5279113924050645,0.29999998211860657,0.29999998211860657,0.29999998211860657,0.29999998211860657,2.4746835443037973,1.9633276432959967,0.29999998211860657,564.8911743164062,0.29999998211860657,7556,0.29999998211860657,0.5,22,0.29999998211860657,0.29999998211860657,0.29999998211860657,0.29999998211860657,0.0017446899414062503,0.29999998211860657,0.29999998211860657,0.29999998211860657,0.29999998211860657,4526,0.29999998211860657,0.29999998211860657,0.29999998211860657,843.05,261,16,0.29999998211860657,0.2,2600,0.6666666666666666,0.30000001192092896,31,-5.374142646789551,100,0.43243243243243246,0.4838709677419355,12,0.8333333333333334,1e-05,0.0017573519,22,0.8636363636363636,0.01714673638343811,18,37,0.7562316656112671,0.39027144442079587,-0.0036598110646536954,0.0711639404296875,0.1,0.0
0.29999998211860657,34340864,0.9375,0.29999998211860657,0.29999998211860657,0.35570469798657717,0.29999998211860657,0.29999998211860657,0.6442953020134228,0.29999998211860657,0.29999998211860657,0.29999998211860657,1.5201208053691286,0.29999998211860657,0.29999998211860657,0.29999998211860657,0.29999998211860657,2.1677852348993287,1.8914743261047744,0.29999998211860657,565.0201416015625,0.29999998211860657,7558,0.29999998211860657,0.5555555555555556,27,0.29999998211860657,0.29999998211860657,0.29999998211860657,0.29999998211860657,0.0017773437500000003,0.29999998211860657,0.29999998211860657,0.29999998211860657,0.29999998211860657,4543,0.29999998211860657,0.29999998211860657,0.29999998211860657,839.52,262,16,0.29999998211860657,0.2,2610,0.9375,0.30000001192092896,34,-5.374142646789551,96,0.5714285714285714,0.47058823529411764,16,0.5882352941176471,1e-05,0.0018338702,11,0.8181818181818182,0.1902971863746643,17,28,0.7844631671905518,0.43492286768741906,-0.0038205090599149117,0.07165603637695313,0.1,0.0
0.29999998211860657,34471936,1.0,0.29999998211860657,0.29999998211860657,0.28662420382165604,0.29999998211860657,0.29999998211860657,0.7133757961783439,0.29999998211860657,0.29999998211860657,0.29999998211860657,1.5264458598726127,0.29999998211860657,0.29999998211860657,0.29999998211860657,0.29999998211860657,2.445859872611465,1.8743192856760704,0.29999998211860657,563.0206909179688,0.29999998211860657,7560,0.29999998211860657,0.6296296296296297,27,0.29999998211860657,0.29999998211860657,0.29999998211860657,0.29999998211860657,0.0018179321289062502,0.29999998211860657,0.29999998211860657,0.29999998211860657,0.29999998211860657,4559,0.29999998211860657,0.29999998211860657,0.29999998211860657,843.16,263,19,0.29999998211860657,0.2,2620,0.7777777777777778,0.30000001192092896,26,-5.374142646789551,112,0.5945945945945946,0.5384615384615384,18,0.6666666666666666,1e-05,0.0018288088,21,0.9523809523809523,0.265216588973999,9,37,0.7673576474189758,0.46245824404759334,-0.0036505268854853056,0.07027969360351563,0.1,0.0
0.29999998211860657,34603008,1.0,0.29999998211860657,0.29999998211860657,0.2785714285714286,0.29999998211860657,0.29999998211860657,0.7214285714285714,0.29999998211860657,0.29999998211860657,0.29999998211860657,1.5240428571428584,0.29999998211860657,0.29999998211860657,0.29999998211860657,0.29999998211860657,2.307142857142857,1.7823758939338545,0.29999998211860657,603.7193603515625,0.29999998211860657,7563,0.29999998211860657,0.4166666666666667,12,0.29999998211860657,0.29999998211860657,0.29999998211860657,0.29999998211860657,0.0018618774414062502,0.29999998211860657,0.29999998211860657,0.29999998211860657,0.29999998211860657,4575,0.29999998211860657,0.29999998211860657,0.29999998211860657,890.87,264,19,0.29999998211860657,0.2,2630,0.8,0.30000001192092896,31,-5.374142646789551,101,0.5666666666666667,0.6451612903225806,25,0.8571428571428571,1e-05,0.001715578,16,0.875,0.06875365972518921,7,30,0.771531879901886,0.42427680010441693,-0.0035649656756049806,0.06596298217773437,0.1,0.0
0.29999998211860657,34734080,1.0,0.29999998211860657,0.29999998211860657,0.30994152046783624,0.29999998211860657,0.29999998211860657,0.6900584795321637,0.29999998211860657,0.29999998211860657,0.29999998211860657,1.4856725146198841,0.29999998211860657,0.29999998211860657,0.29999998211860657,0.29999998211860657,2.0058479532163744,1.7142739562275024,0.29999998211860657,570.963623046875,0.29999998211860657,7564,0.29999998211860657,0.4375,32,0.29999998211860657,0.29999998211860657,0.29999998211860657,0.29999998211860657,0.0018179321289062502,0.29999998211860657,0.29999998211860657,0.29999998211860657,0.29999998211860657,4591,0.29999998211860657,0.29999998211860657,0.29999998211860657,846.59,265,31,0.29999998211860657,0.2,2640,0.7777777777777778,0.30000001192092896,33,-5.374142646789551,118,0.5,0.5151515151515151,9,0.95,1e-05,0.0017148787,18,0.8888888888888888,0.04278212785720825,20,28,0.7716436982154846,0.3530548575334251,-0.003608945042014966,0.06542739868164063,0.1,0.0
0.29999998211860657,34865152,0.9545454545454546,0.29999998211860657,0.29999998211860657,0.2740740740740741,0.29999998211860657,0.29999998211860657,0.725925925925926,0.29999998211860657,0.29999998211860657,0.29999998211860657,1.4954962962962974,0.29999998211860657,0.29999998211860657,0.29999998211860657,0.29999998211860657,2.140740740740741,1.7182152457540472,0.29999998211860657,600.30810546875,0.29999998211860657,7566,0.29999998211860657,0.65,20,0.29999998211860657,0.29999998211860657,0.29999998211860657,0.29999998211860657,0.00179473876953125,0.29999998211860657,0.29999998211860657,0.29999998211860657,0.29999998211860657,4607,0.29999998211860657,0.29999998211860657,0.29999998211860657,895.93,266,22,0.29999998211860657,0.2,2650,0.8571428571428571,0.30000001192092896,26,-5.374142646789551,98,0.5769230769230769,0.5,14,0.8333333333333334,1e-05,0.001677427,15,0.9333333333333333,0.30498597025871277,12,26,0.7620354890823364,0.4692566966172308,-0.003468422984042263,0.06309432983398437,0.1,0.0
0.29999998211860657,34996224,0.9655172413793104,0.29999998211860657,0.29999998211860657,0.27607361963190186,0.29999998211860657,0.29999998211860657,0.7239263803680982,0.29999998211860657,0.29999998211860657,0.29999998211860657,1.4932760736196329,0.29999998211860657,0.29999998211860657,0.29999998211860657,0.29999998211860657,1.901840490797546,1.6519390064304822,0.29999998211860657,583.8865356445312,0.29999998211860657,7568,0.29999998211860657,0.7307692307692307,26,0.29999998211860657,0.29999998211860657,0.29999998211860657,0.29999998211860657,0.00185577392578125,0.29999998211860657,0.29999998211860657,0.29999998211860657,0.29999998211860657,4623,0.29999998211860657,0.29999998211860657,0.29999998211860657,863.0,267,29,0.29999998211860657,0.2,2660,0.9285714285714286,0.30000001192092896,28,-5.374142646789551,118,0.45161290322580644,0.4642857142857143,14,0.9090909090909091,1e-05,0.0017431548,13,0.8461538461538461,0.12162935733795166,22,31,0.7692639827728271,0.38171612441074104,-0.003664689103152341,0.0656829833984375,0.1,0.0
0.29999998211860657,35127296,1.0,0.29999998211860657,0.29999998211860657,0.34265734265734266,0.29999998211860657,0.29999998211860657,0.6573426573426573,0.29999998211860657,0.29999998211860657,0.29999998211860657,1.4897762237762247,0.29999998211860657,0.29999998211860657,0.29999998211860657,0.29999998211860657,2.3286713286713288,1.860656965766484,0.29999998211860657,582.3318481445312,0.29999998211860657,7570,0.29999998211860657,0.6153846153846154,26,0.29999998211860657,0.29999998211860657,0.29999998211860657,0.29999998211860657,0.0019171142578125002,0.29999998211860657,0.29999998211860657,0.29999998211860657,0.29999998211860657,4639,0.29999998211860657,0.29999998211860657,0.29999998211860657,858.27,268,13,0.29999998211860657,0.2,2670,1.0,0.30000001192092896,36,-5.374142646789551,94,0.4482758620689655,0.4722222222222222,15,0.7692307692307693,1e-05,0.0017264094,11,0.9090909090909091,-0.010910511016845703,13,29,0.8001511096954346,0.3651548334164545,-0.0037274210266332376,0.0675750732421875,0.1,0.0
0.29999998211860657,35258368,0.92,0.29999998211860657,0.29999998211860657,0.2848101265822785,0.29999998211860657,0.29999998211860657,0.7151898734177216,0.29999998211860657,0.29999998211860657,0.29999998211860657,1.5032278481012669,0.29999998211860657,0.29999998211860657,0.29999998211860657,0.29999998211860657,2.2531645569620253,1.7350651056054731,0.29999998211860657,596.6036987304688,0.29999998211860657,7572,0.29999998211860657,0.5294117647058824,17,0.29999998211860657,0.29999998211860657,0.29999998211860657,0.29999998211860657,0.0019076538085937504,0.29999998211860657,0.29999998211860657,0.29999998211860657,0.29999998211860657,4655,0.29999998211860657,0.29999998211860657,0.29999998211860657,880.59,269,25,0.29999998211860657,0.2,2680,0.9444444444444444,0.30000001192092896,31,-5.374142646789551,113,0.4583333333333333,0.4838709677419355,18,0.8666666666666667,1e-05,0.0017550355,28,0.8928571428571429,0.08352631330490112,15,24,0.7651824355125427,0.38735073333373293,-0.0035598592867245316,0.06436843872070312,0.1,0.0
0.29999998211860657,35389440,1.0,0.29999998211860657,0.29999998211860657,0.375,0.29999998211860657,0.29999998211860657,0.625,0.29999998211860657,0.29999998211860657,0.29999998211860657,1.4802916666666677,0.29999998211860657,0.29999998211860657,0.29999998211860657,0.29999998211860657,2.4444444444444446,1.8532938718611058,0.29999998211860657,552.6387939453125,0.29999998211860657,7575,0.29999998211860657,0.34615384615384615,26,0.29999998211860657,0.29999998211860657,0.29999998211860657,0.29999998211860657,0.0019244384765625003,0.29999998211860657,0.29999998211860657,0.29999998211860657,0.29999998211860657,4671,0.29999998211860657,0.29999998211860657,0.29999998211860657,821.06,270,15,0.29999998211860657,0.2,2690,0.8823529411764706,0.30000001192092896,25,-5.374142646789551,90,0.375,0.48,17,0.9,1e-05,0.0017456344,19,0.9473684210526315,0.2069493532180786,10,32,0.7916883230209351,0.3849658804596402,-0.0034903465165825763,0.06722183227539062,0.1,0.0
0.29999998211860657,35520512,1.0,0.29999998211860657,0.29999998211860657,0.27044025157232704,0.29999998211860657,0.29999998211860657,0.7295597484276729,0.29999998211860657,0.29999998211860657,0.29999998211860657,1.4938867924528312,0.29999998211860657,0.29999998211860657,0.29999998211860657,0.29999998211860657,2.050314465408805,1.7511844471796187,0.29999998211860657,606.5608520507812,0.29999998211860657,7576,0.29999998211860657,0.52,25,0.29999998211860657,0.29999998211860657,0.29999998211860657,0.29999998211860657,0.00195220947265625,0.29999998211860657,0.29999998211860657,0.29999998211860657,0.29999998211860657,4687,0.29999998211860657,0.29999998211860657,0.29999998211860657,882.0,271,19,0.29999998211860657,0.2,2700,0.8888888888888888,0.30000001192092896,29,-5.374142646789551,116,0.3684210526315789,0.5172413793103449,27,0.9473684210526315,1e-05,0.0017588219,21,0.9523809523809523,0.1655808389186859,19,19,0.7834042310714722,0.42957087070681155,-0.0035745106033118644,0.06554718017578125,0.1,0.0
0.29999998211860657,35651584,1.0,0.29999998211860657,0.29999998211860657,0.3082191780821918,0.29999998211860657,0.29999998211860657,0.6917808219178082,0.29999998211860657,0.29999998211860657,0.29999998211860657,1.497205479452056,0.29999998211860657,0.29999998211860657,0.29999998211860657,0.29999998211860657,1.9863013698630136,1.8162253881930568,0.29999998211860657,569.116943359375,0.29999998211860657,7578,0.29999998211860657,0.6296296296296297,27,0.29999998211860657,0.29999998211860657,0.29999998211860657,0.29999998211860657,0.0019110107421875004,0.29999998211860657,0.29999998211860657,0.29999998211860657,0.29999998211860657,4704,0.29999998211860657,0.29999998211860657,0.29999998211860657,841.45,272,21,0.29999998211860657,0.2,2710,0.8235294117647058,0.30000001192092896,24,-5.374142646789551,101,0.5555555555555556,0.375,17,0.7777777777777778,1e-05,0.0017937196,12,0.9166666666666666,0.10517147183418274,18,27,0.7450473308563232,0.37442866859491913,-0.0034388434008178594,0.06659011840820313,0.1,0.0
0.29999998211860657,35782656,1.0,0.29999998211860657,0.29999998211860657,0.2974683544303797,0.29999998211860657,0.29999998211860657,0.7025316455696202,0.29999998211860657,0.29999998211860657,0.29999998211860657,1.4975696202531656,0.29999998211860657,0.29999998211860657,0.29999998211860657,0.29999998211860657,2.050632911392405,1.7276850581369536,0.29999998211860657,575.6485595703125,0.29999998211860657,7580,0.29999998211860657,0.5517241379310345,29,0.29999998211860657,0.29999998211860657,0.29999998211860657,0.29999998211860657,0.0019216918945312502,0.29999998211860657,0.29999998211860657,0.29999998211860657,0.29999998211860657,4720,0.29999998211860657,0.29999998211860657,0.29999998211860657,844.02,273,28,0.29999998211860657,0.2,2720,0.9,0.30000001192092896,23,-5.374142646789551,111,0.5,0.34782608695652173,10,0.8421052631578947,1e-05,0.0016948837,19,1.0,-0.02921779453754425,19,30,0.8119807243347168,0.3773263907642104,-0.003477658221345337,0.062823486328125,0.1,0.0
0.29999998211860657,35913728,1.0,0.29999998211860657,0.29999998211860657,0.3375796178343949,0.29999998211860657,0.29999998211860657,0.6624203821656051,0.29999998211860657,0.29999998211860657,0.29999998211860657,1.4977324840764343,0.29999998211860657,0.29999998211860657,0.29999998211860657,0.29999998211860657,2.0254777070063694,1.821853037600209,0.29999998211860657,562.9558715820312,0.29999998211860657,7582,0.29999998211860657,0.5185185185185185,27,0.29999998211860657,0.29999998211860657,0.29999998211860657,0.29999998211860657,0.0019442749023437502,0.29999998211860657,0.29999998211860657,0.29999998211860657,0.29999998211860657,4736,0.29999998211860657,0.29999998211860657,0.29999998211860657,832.26,274,23,0.29999998211860657,0.2,2730,0.9375,0.30000001192092896,28,-5.374142646789551,104,0.39285714285714285,0.4642857142857143,16,0.7,1e-05,0.0018010209,15,0.9333333333333333,0.0722796618938446,20,28,0.7678053975105286,0.3999752456904389,-0.003754320957341406,0.07346649169921875,0.1,0.0
0.29999998211860657,36044800,1.0,0.29999998211860657,0.29999998211860657,0.2518518518518518,0.29999998211860657,0.29999998211860657,0.7481481481481481,0.29999998211860657,0.29999998211860657,0.29999998211860657,1.4947703703703716,0.29999998211860657,0.29999998211860657,0.29999998211860657,0.29999998211860657,2.1259259259259258,1.9297771432469775,0.29999998211860657,598.5983276367188,0.29999998211860657,7584,0.29999998211860657,0.8,25,0.29999998211860657,0.29999998211860657,0.29999998211860657,0.29999998211860657,0.00195281982421875,0.29999998211860657,0.29999998211860657,0.29999998211860657,0.29999998211860657,4752,0.29999998211860657,0.29999998211860657,0.29999998211860657,888.68,275,15,0.29999998211860657,0.2,2740,0.7692307692307693,0.30000001192092896,24,-5.374142646789551,101,0.5,0.6666666666666666,13,0.8947368421052632,1e-05,0.0017373464,11,0.8181818181818182,0.170456200838089,19,28,0.7819457054138184,0.44472086635651065,-0.0035051891043167416,0.06537094116210937,0.1,0.0
0.29999998211860657,36175872,1.0,0.29999998211860657,0.29999998211860657,0.281437125748503,0.29999998211860657,0.29999998211860657,0.718562874251497,0.29999998211860657,0.29999998211860657,0.29999998211860657,1.5069580838323366,0.29999998211860657,0.29999998211860657,0.29999998211860657,0.29999998211860657,2.07185628742515,1.7625287324627221,0.29999998211860657,575.6864624023438,0.29999998211860657,7586,0.29999998211860657,0.42105263157894735,19,0.29999998211860657,0.29999998211860657,0.29999998211860657,0.29999998211860657,0.00199432373046875,0.29999998211860657,0.29999998211860657,0.29999998211860657,0.29999998211860657,4768,0.29999998211860657,0.29999998211860657,0.29999998211860657,846.68,276,24,0.29999998211860657,0.2,2750,0.90625,0.30000001192092896,30,-5.374142646789551,120,0.5666666666666667,0.43333333333333335,32,0.8571428571428571,1e-05,0.0016692539,18,0.9444444444444444,0.10382845997810364,14,30,0.7714444398880005,0.34709546075901015,-0.003586460961469129,0.06304702758789063,0.1,0.0
0.29999998211860657,36306944,0.95,0.29999998211860657,0.29999998211860657,0.3382352941176471,0.29999998211860657,0.29999998211860657,0.6617647058823529,0.29999998211860657,0.29999998211860657,0.29999998211860657,1.4843382352941188,0.29999998211860657,0.29999998211860657,0.29999998211860657,0.29999998211860657,2.1470588235294117,1.7972633117928,0.29999998211860657,585.6082153320312,0.29999998211860657,7588,0.29999998211860657,0.6,20,0.29999998211860657,0.29999998211860657,0.29999998211860657,0.29999998211860657,0.00201751708984375,0.29999998211860657,0.29999998211860657,0.29999998211860657,0.29999998211860657,4784,0.29999998211860657,0.29999998211860657,0.29999998211860657,859.0,277,20,0.29999998211860657,0.2,2760,1.0,0.30000001192092896,20,-5.374142646789551,90,0.3939393939393939,0.45,15,0.8,1e-05,0.0016965929,13,0.7692307692307693,0.14078617095947266,15,33,0.7625088095664978,0.3768895757151768,-0.0034038845961731567,0.06375732421875,0.1,0.0
0.29999998211860657,36438016,1.0,0.29999998211860657,0.29999998211860657,0.25766871165644173,0.29999998211860657,0.29999998211860657,0.7423312883435583,0.29999998211860657,0.29999998211860657,0.29999998211860657,1.5120368098159522,0.29999998211860657,0.29999998211860657,0.29999998211860657,0.29999998211860657,2.1411042944785277,1.7088063959176998,0.29999998211860657,590.5296020507812,0.29999998211860657,7590,0.29999998211860657,0.6285714285714286,35,0.29999998211860657,0.29999998211860657,0.29999998211860657,0.29999998211860657,0.0020172119140625,0.29999998211860657,0.29999998211860657,0.29999998211860657,0.29999998211860657,4800,0.29999998211860657,0.29999998211860657,0.29999998211860657,866.73,278,22,0.29999998211860657,0.2,2770,0.85,0.30000001192092896,23,-5.374142646789551,121,0.6428571428571429,0.391304347826087,20,0.8666666666666667,1e-05,0.0017543527,20,1.0,0.03588894009590149,15,28,0.8064117431640625,0.37407973877852785,-0.003643466739595169,0.06684494018554688,0.1,0.0
0.29999998211860657,36569088,1.0,0.29999998211860657,0.29999998211860657,0.3333333333333333,0.29999998211860657,0.29999998211860657,0.6666666666666666,0.29999998211860657,0.29999998211860657,0.29999998211860657,1.517525925925927,0.29999998211860657,0.29999998211860657,0.29999998211860657,0.29999998211860657,2.066666666666667,1.8443117037308088,0.29999998211860657,581.6441650390625,0.29999998211860657,7592,0.29999998211860657,0.6,20,0.29999998211860657,0.29999998211860657,0.29999998211860657,0.29999998211860657,0.00203948974609375,0.29999998211860657,0.29999998211860657,0.29999998211860657,0.29999998211860657,4816,0.29999998211860657,0.29999998211860657,0.29999998211860657,855.94,279,21,0.29999998211860657,0.2,2780,0.6666666666666666,0.30000001192092896,26,-5.374142646789551,90,0.3,0.4230769230769231,12,0.8333333333333334,1e-05,0.0017220641,18,0.9444444444444444,0.17443454265594482,18,20,0.7706327438354492,0.4040619431063533,-0.003445036360380982,0.06062393188476563,0.1,0.0
0.29999998211860657,36700160,0.9565217391304348,0.29999998211860657,0.29999998211860657,0.22580645161290322,0.29999998211860657,0.29999998211860657,0.7741935483870968,0.29999998211860657,0.29999998211860657,0.29999998211860657,1.493083870967743,0.29999998211860657,0.29999998211860657,0.29999998211860657,0.29999998211860657,2.032258064516129,1.7836104099605377,0.29999998211860657,629.9308471679688,0.29999998211860657,7593,0.29999998211860657,0.6666666666666666,27,0.29999998211860657,0.29999998211860657,0.29999998211860657,0.29999998211860657,0.002061767578125,0.29999998211860657,0.29999998211860657,0.29999998211860657,0.29999998211860657,4832,0.29999998211860657,0.29999998211860657,0.29999998211860657,921.39,280,23,0.29999998211860657,0.2,2790,0.9545454545454546,0.30000001192092896,22,-5.374142646789551,120,0.5,0.6363636363636364,22,0.8823529411764706,1e-05,0.0017962055,20,0.9,0.1170358955860138,17,24,0.784246563911438,0.3887080179993063,-0.0038018251315406816,0.07109146118164063,0.1,0.0
0.29999998211860657,36831232,0.9473684210526315,0.29999998211860657,0.29999998211860657,0.34615384615384615,0.29999998211860657,0.29999998211860657,0.6538461538461539,0.29999998211860657,0.29999998211860657,0.29999998211860657,1.5046794871794884,0.29999998211860657,0.29999998211860657,0.29999998211860657,0.29999998211860657,2.2564102564102564,1.9884540140712972,0.29999998211860657,546.39990234375,0.29999998211860657,7595,0.29999998211860657,0.4074074074074074,27,0.29999998211860657,0.29999998211860657,0.29999998211860657,0.29999998211860657,0.0020721435546875,0.29999998211860657,0.29999998211860657,0.29999998211860657,0.29999998211860657,4849,0.29999998211860657,0.29999998211860657,0.29999998211860657,802.1,281,19,0.29999998211860657,0.2,2800,0.8,0.30000001192092896,28,-5.374142646789551,102,0.4444444444444444,0.5714285714285714,15,0.7222222222222222,1e-05,0.0017860385,22,0.9090909090909091,0.08959409594535828,18,27,0.7699674367904663,0.3512021417845972,-0.003627022435557592,0.06988601684570313,0.1,0.0
0.29999998211860657,36962304,0.96,0.29999998211860657,0.29999998211860657,0.23972602739726026,0.29999998211860657,0.29999998211860657,0.7602739726027398,0.29999998211860657,0.29999998211860657,0.29999998211860657,1.494356164383563,0.29999998211860657,0.29999998211860657,0.29999998211860657,0.29999998211860657,1.904109589041096,1.6496323269356803,0.29999998211860657,611.3748168945312,0.29999998211860657,7597,0.29999998211860657,0.5,24,0.29999998211860657,0.29999998211860657,0.29999998211860657,0.29999998211860657,0.0020611572265625,0.29999998211860657,0.29999998211860657,0.29999998211860657,0.29999998211860657,4865,0.29999998211860657,0.29999998211860657,0.29999998211860657,893.14,282,25,0.29999998211860657,0.2,2810,0.95,0.30000001192092896,24,-5.374142646789551,111,0.6470588235294118,0.6666666666666666,20,0.7058823529411765,1e-05,0.0017230092,19,0.8947368421052632,0.027905583381652832,17,17,0.7969997525215149,0.39715755288489163,-0.0035803928104996886,0.06492156982421875,0.1,0.0
0.29999998211860657,37093376,1.0,0.29999998211860657,0.29999998211860657,0.2980132450331126,0.29999998211860657,0.29999998211860657,0.7019867549668874,0.29999998211860657,0.29999998211860657,0.29999998211860657,1.494158940397352,0.29999998211860657,0.29999998211860657,0.29999998211860657,0.29999998211860657,2.0463576158940397,1.7052029025954447,0.29999998211860657,607.3914184570312,0.29999998211860657,7598,0.29999998211860657,0.4482758620689655,29,0.29999998211860657,0.29999998211860657,0.29999998211860657,0.29999998211860657,0.0020336914062500005,0.29999998211860657,0.29999998211860657,0.29999998211860657,0.29999998211860657,4881,0.29999998211860657,0.29999998211860657,0.29999998211860657,887.84,283,20,0.29999998211860657,0.2,2820,0.9375,0.30000001192092896,19,-5.374142646789551,106,0.5185185185185185,0.47368421052631576,16,0.8181818181818182,1e-05,0.0018353877,18,0.9444444444444444,0.11312949657440186,22,27,0.764586865901947,0.34364592025522145,-0.003681929777485493,0.07183456420898438,0.1,0.0
0.29999998211860657,37224448,1.0,0.29999998211860657,0.29999998211860657,0.33112582781456956,0.29999998211860657,0.29999998211860657,0.6688741721854304,0.29999998211860657,0.29999998211860657,0.29999998211860657,1.4877748344370871,0.29999998211860657,0.29999998211860657,0.29999998211860657,0.29999998211860657,1.814569536423841,1.783109569855709,0.29999998211860657,551.8580932617188,0.29999998211860657,7600,0.29999998211860657,0.6153846153846154,26,0.29999998211860657,0.29999998211860657,0.29999998211860657,0.29999998211860657,0.00204132080078125,0.29999998211860657,0.29999998211860657,0.29999998211860657,0.29999998211860657,4897,0.29999998211860657,0.29999998211860657,0.29999998211860657,822.24,284,20,0.29999998211860657,0.2,2830,0.8947368421052632,0.30000001192092896,26,-5.374142646789551,101,0.28,0.46153846153846156,19,0.7692307692307693,1e-05,0.0018065841,9,1.0,0.22178512811660767,26,25,0.7803220748901367,0.36504767746664585,-0.0036829533473792253,0.06858749389648437,0.1,0.0
0.29999998211860657,37355520,1.0,0.29999998211860657,0.29999998211860657,0.2635135135135135,0.29999998211860657,0.29999998211860657,0.7364864864864865,0.29999998211860657,0.29999998211860657,0.29999998211860657,1.4955810810810821,0.29999998211860657,0.29999998211860657,0.29999998211860657,0.29999998211860657,2.1554054054054053,1.7949974386435685,0.29999998211860657,607.376953125,0.29999998211860657,7602,0.29999998211860657,0.7142857142857143,21,0.29999998211860657,0.29999998211860657,0.29999998211860657,0.29999998211860657,0.0020556640625000004,0.29999998211860657,0.29999998211860657,0.29999998211860657,0.29999998211860657,4913,0.29999998211860657,0.29999998211860657,0.29999998211860657,900.02,285,20,0.29999998211860657,0.2,2840,0.8235294117647058,0.30000001192092896,24,-5.374142646789551,109,0.5625,0.5,17,0.8333333333333334,1e-05,0.0017475568,16,0.9375,0.1565699577331543,18,32,0.7854102849960327,0.3911761388531886,-0.0038389067934076595,0.0674102783203125,0.1,0.0
0.29999998211860657,37486592,1.0,0.29999998211860657,0.29999998211860657,0.24836601307189543,0.29999998211860657,0.29999998211860657,0.7516339869281046,0.29999998211860657,0.29999998211860657,0.29999998211860657,1.4849542483660143,0.29999998211860657,0.29999998211860657,0.29999998211860657,0.29999998211860657,2.0,1.6142587873539491,0.29999998211860657,601.021728515625,0.29999998211860657,7604,0.29999998211860657,0.8,15,0.29999998211860657,0.29999998211860657,0.29999998211860657,0.29999998211860657,0.002120361328125,0.29999998211860657,0.29999998211860657,0.29999998211860657,0.29999998211860657,4929,0.29999998211860657,0.29999998211860657,0.29999998211860657,889.21,286,29,0.29999998211860657,0.2,2850,0.9444444444444444,0.30000001192092896,29,-5.374142646789551,115,0.5428571428571428,0.5172413793103449,18,0.8,1e-05,0.0017113087,12,0.9166666666666666,0.08421242237091064,15,35,0.7812029123306274,0.3764179393299855,-0.003527040816970839,0.0654083251953125,0.1,0.0
0.29999998211860657,37617664,1.0,0.29999998211860657,0.29999998211860657,0.3355263157894737,0.29999998211860657,0.29999998211860657,0.6644736842105263,0.29999998211860657,0.29999998211860657,0.29999998211860657,1.4817894736842114,0.29999998211860657,0.29999998211860657,0.29999998211860657,0.29999998211860657,2.236842105263158,2.0140420276946513,0.29999998211860657,585.6785278320312,0.29999998211860657,7605,0.29999998211860657,0.5925925925925926,27,0.29999998211860657,0.29999998211860657,0.29999998211860657,0.29999998211860657,0.00210357666015625,0.29999998211860657,0.29999998211860657,0.29999998211860657,0.29999998211860657,4945,0.29999998211860657,0.29999998211860657,0.29999998211860657,862.82,287,15,0.29999998211860657,0.2,2860,1.0,0.30000001192092896,30,-5.374142646789551,101,0.4375,0.4,18,0.8823529411764706,1e-05,0.0017863577,13,0.8461538461538461,0.0672886073589325,17,32,0.7945363521575928,0.33689615287585184,-0.003705668991369748,0.07021102905273438,0.1,0.0
0.29999998211860657,37748736,1.0,0.29999998211860657,0.29999998211860657,0.25333333333333335,0.29999998211860657,0.29999998211860657,0.7466666666666667,0.29999998211860657,0.29999998211860657,0.29999998211860657,1.5043333333333344,0.29999998211860657,0.29999998211860657,0.29999998211860657,0.29999998211860657,2.2066666666666666,1.797241724158215,0.29999998211860657,599.395751953125,0.29999998211860657,7607,0.29999998211860657,0.55,20,0.29999998211860657,0.29999998211860657,0.29999998211860657,0.29999998211860657,0.00216217041015625,0.29999998211860657,0.29999998211860657,0.29999998211860657,0.29999998211860657,4961,0.29999998211860657,0.29999998211860657,0.29999998211860657,876.36,288,18,0.29999998211860657,0.2,2870,0.9523809523809523,0.30000001192092896,24,-5.374142646789551,112,0.5,0.7083333333333334,21,0.8823529411764706,1e-05,0.001857378,16,0.875,0.2148745059967041,17,34,0.7735320329666138,0.44840401257388296,-0.0036619289302734616,0.07242584228515625,0.1,0.0
0.29999998211860657,37879808,1.0,0.29999998211860657,0.29999998211860657,0.2108843537414966,0.29999998211860657,0.29999998211860657,0.7891156462585034,0.29999998211860657,0.29999998211860657,0.29999998211860657,1.4814693877551033,0.29999998211860657,0.29999998211860657,0.29999998211860657,0.29999998211860657,2.197278911564626,1.7069011077315344,0.29999998211860657,627.4287719726562,0.29999998211860657,7609,0.29999998211860657,0.5833333333333334,24,0.29999998211860657,0.29999998211860657,0.29999998211860657,0.29999998211860657,0.002166748046875,0.29999998211860657,0.29999998211860657,0.29999998211860657,0.29999998211860657,4977,0.29999998211860657,0.29999998211860657,0.29999998211860657,921.4,289,20,0.29999998211860657,0.2,2880,1.0,0.30000001192092896,16,-5.374142646789551,116,0.7105263157894737,0.4375,20,1.0,1e-05,0.0016777067,15,0.9333333333333333,0.15027251839637756,14,38,0.753227710723877,0.3516405166708864,-0.0033351338256579766,0.05984420776367187,0.1,0.0
0.29999998211860657,38010880,1.0,0.29999998211860657,0.29999998211860657,0.22388059701492538,0.29999998211860657,0.29999998211860657,0.7761194029850746,0.29999998211860657,0.29999998211860657,0.29999998211860657,1.4871940298507473,0.29999998211860657,0.29999998211860657,0.29999998211860657,0.29999998211860657,1.873134328358209,1.7301347991798137,0.29999998211860657,625.0448608398438,0.29999998211860657,7611,0.29999998211860657,0.6111111111111112,18,0.29999998211860657,0.29999998211860657,0.29999998211860657,0.29999998211860657,0.0021624755859375,0.29999998211860657,0.29999998211860657,0.29999998211860657,0.29999998211860657,4994,0.29999998211860657,0.29999998211860657,0.29999998211860657,909.55,290,22,0.29999998211860657,0.2,2890,0.8235294117647058,0.30000001192092896,25,-5.374142646789551,104,0.65,0.56,17,0.8947368421052632,1e-05,0.0017428126,13,1.0,0.09952905774116516,19,20,0.7178806066513062,0.34264766924316065,-0.0035016943193113548,0.06751327514648438,0.1,0.0
0.29999998211860657,38141952,0.9523809523809523,0.29999998211860657,0.29999998211860657,0.2251655629139073,0.29999998211860657,0.29999998211860657,0.7748344370860927,0.29999998211860657,0.29999998211860657,0.29999998211860657,1.5033642384105972,0.29999998211860657,0.29999998211860657,0.29999998211860657,0.29999998211860657,2.0993377483443707,1.7998627078912466,0.29999998211860657,624.7764892578125,0.29999998211860657,7612,0.29999998211860657,0.8181818181818182,22,0.29999998211860657,0.29999998211860657,0.29999998211860657,0.29999998211860657,0.0021539306640625,0.29999998211860657,0.29999998211860657,0.29999998211860657,0.29999998211860657,5010,0.29999998211860657,0.29999998211860657,0.29999998211860657,918.82,291,21,0.29999998211860657,0.2,2900,0.9,0.30000001192092896,31,-5.374142646789551,117,0.375,0.7096774193548387,20,0.875,1e-05,0.0017476974,17,0.9411764705882353,0.000239640474319458,16,24,0.7587343454360962,0.30713572130771355,-0.0038010473485883267,0.06659088134765626,0.1,0.0
0.29999998211860657,38273024,1.0,0.29999998211860657,0.29999998211860657,0.21804511278195488,0.29999998211860657,0.29999998211860657,0.7819548872180451,0.29999998211860657,0.29999998211860657,0.29999998211860657,1.4954887218045123,0.29999998211860657,0.29999998211860657,0.29999998211860657,0.29999998211860657,1.8646616541353382,1.7640883190976382,0.29999998211860657,628.1051635742188,0.29999998211860657,7614,0.29999998211860657,0.625,16,0.29999998211860657,0.29999998211860657,0.29999998211860657,0.29999998211860657,0.0021807861328125,0.29999998211860657,0.29999998211860657,0.29999998211860657,0.29999998211860657,5026,0.29999998211860657,0.29999998211860657,0.29999998211860657,917.65,292,24,0.29999998211860657,0.2,2910,0.95,0.30000001192092896,13,-5.374142646789551,104,0.5263157894736842,0.5384615384615384,20,0.75,1e-05,0.0017839256,21,0.9047619047619048,0.14978447556495667,20,19,0.7942472696304321,0.346402393898461,-0.003774729941869737,0.0681884765625,0.1,0.0
0.29999998211860657,38404096,1.0,0.29999998211860657,0.29999998211860657,0.28994082840236685,0.29999998211860657,0.29999998211860657,0.7100591715976331,0.29999998211860657,0.29999998211860657,0.29999998211860657,1.479242603550297,0.29999998211860657,0.29999998211860657,0.29999998211860657,0.29999998211860657,2.094674556213018,1.8247245912114733,0.29999998211860657,577.55078125,0.29999998211860657,7616,0.29999998211860657,0.4642857142857143,28,0.29999998211860657,0.29999998211860657,0.29999998211860657,0.29999998211860657,0.0021865844726562497,0.29999998211860657,0.29999998211860657,0.29999998211860657,0.29999998211860657,5042,0.29999998211860657,0.29999998211860657,0.29999998211860657,846.36,293,21,0.29999998211860657,0.2,2920,0.7916666666666666,0.30000001192092896,27,-5.374142646417022,120,0.6111111111111112,0.5185185185185185,24,0.9473684210526315,1e-05,0.0017370869,14,0.9285714285714286,0.07867610454559326,19,36,0.7554400563240051,0.3067188863758929,-0.0037524092625972117,0.06682052612304687,0.1,0.0
0.29999998211860657,38535168,1.0,0.29999998211860657,0.29999998211860657,0.30935251798561153,0.29999998211860657,0.29999998211860657,0.6906474820143885,0.29999998211860657,0.29999998211860657,0.29999998211860657,1.497179856115109,0.29999998211860657,0.29999998211860657,0.29999998211860657,0.29999998211860657,2.316546762589928,1.9119368346556476,0.29999998211860657,570.726318359375,0.29999998211860657,7618,0.29999998211860657,0.7037037037037037,27,0.29999998211860657,0.29999998211860657,0.29999998211860657,0.29999998211860657,0.00223052978515625,0.29999998211860657,0.29999998211860657,0.29999998211860657,0.29999998211860657,5058,0.29999998211860657,0.29999998211860657,0.29999998211860657,838.21,294,16,0.29999998211860657,0.2,2930,0.9166666666666666,0.30000001192092896,24,-5.374142646789551,96,0.4,0.4166666666666667,12,0.8666666666666667,1e-05,0.0018315472,20,0.85,0.01409822702407837,15,25,0.7892963290214539,0.3800710717798211,-0.003615773569663361,0.06995162963867188,0.1,0.0
0.29999998211860657,38666240,1.0,0.29999998211860657,0.29999998211860657,0.25949367088607594,0.29999998211860657,0.29999998211860657,0.740506329113924,0.29999998211860657,0.29999998211860657,0.29999998211860657,1.4849113924050643,0.29999998211860657,0.29999998211860657,0.29999998211860657,0.29999998211860657,1.9683544303797469,1.8135360783821137,0.29999998211860657,597.8011474609375,0.29999998211860657,7619,0.29999998211860657,0.6,25,0.29999998211860657,0.29999998211860657,0.29999998211860657,0.29999998211860657,0.0021969604492187503,0.29999998211860657,0.29999998211860657,0.29999998211860657,0.29999998211860657,5074,0.29999998211860657,0.29999998211860657,0.29999998211860657,884.73,295,22,0.29999998211860657,0.2,2940,0.88,0.30000001192092896,26,-5.374142646789551,117,0.5,0.6153846153846154,25,0.8333333333333334,1e-05,0.0017871733,12,1.0,0.02529546618461609,18,30,0.7780792117118835,0.38391960504231976,-0.004005960569975287,0.068035888671875,0.1,0.0
0.29999998211860657,38797312,0.9565217391304348,0.29999998211860657,0.29999998211860657,0.21428571428571427,0.29999998211860657,0.29999998211860657,0.7857142857142857,0.29999998211860657,0.29999998211860657,0.29999998211860657,1.4887857142857155,0.29999998211860657,0.29999998211860657,0.29999998211860657,0.29999998211860657,2.1142857142857143,1.7641635766472408,0.29999998211860657,603.2259521484375,0.29999998211860657,7621,0.29999998211860657,0.7692307692307693,26,0.29999998211860657,0.29999998211860657,0.29999998211860657,0.29999998211860657,0.0022406005859374996,0.29999998211860657,0.29999998211860657,0.29999998211860657,0.29999998211860657,5090,0.29999998211860657,0.29999998211860657,0.29999998211860657,894.62,296,23,0.29999998211860657,0.2,2950,0.8125,0.30000001192092896,29,-5.374142646789551,110,0.6190476190476191,0.6551724137931034,16,0.7777777777777778,1e-05,0.0017808875,16,1.0,0.06002157926559448,9,21,0.7743223905563354,0.37155070636654275,-0.0036698804153274976,0.06774520874023438,0.1,0.0
0.29999998211860657,38928384,0.9523809523809523,0.29999998211860657,0.29999998211860657,0.23648648648648649,0.29999998211860657,0.29999998211860657,0.7635135135135135,0.29999998211860657,0.29999998211860657,0.29999998211860657,1.4921351351351364,0.29999998211860657,0.29999998211860657,0.29999998211860657,0.29999998211860657,1.972972972972973,1.7330805886137697,0.29999998211860657,625.0974731445312,0.29999998211860657,7623,0.29999998211860657,0.6086956521739131,23,0.29999998211860657,0.29999998211860657,0.29999998211860657,0.29999998211860657,0.002236328125,0.29999998211860657,0.29999998211860657,0.29999998211860657,0.29999998211860657,5106,0.29999998211860657,0.29999998211860657,0.29999998211860657,914.0,297,21,0.29999998211860657,0.2,2960,0.8947368421052632,0.30000001192092896,27,-5.374142646789551,113,0.5652173913043478,0.5925925925925926,19,1.0,1e-05,0.0017152401,15,0.8666666666666667,-0.06405104696750641,20,23,0.756256103515625,0.3342012213775888,-0.003969758548510072,0.06564483642578126,0.1,0.0
0.29999998211860657,39059456,1.0,0.29999998211860657,0.29999998211860657,0.18705035971223022,0.29999998211860657,0.29999998211860657,0.8129496402877698,0.29999998211860657,0.29999998211860657,0.29999998211860657,1.4879424460431665,0.29999998211860657,0.29999998211860657,0.29999998211860657,0.29999998211860657,2.1366906474820144,1.6496859002646294,0.29999998211860657,632.9719848632812,0.29999998211860657,7624,0.29999998211860657,0.7222222222222222,18,0.29999998211860657,0.29999998211860657,0.29999998211860657,0.29999998211860657,0.002298583984375,0.29999998211860657,0.29999998211860657,0.29999998211860657,0.29999998211860657,5122,0.29999998211860657,0.29999998211860657,0.29999998211860657,917.32,298,25,0.29999998211860657,0.2,2970,0.9166666666666666,0.30000001192092896,18,-5.374142646789551,113,0.6666666666666666,0.7222222222222222,12,0.875,1e-05,0.0017665989,20,0.85,0.10111817717552185,16,30,0.7892181873321533,0.3114691890776157,-0.003514532524081915,0.0693511962890625,0.1,0.0
0.29999998211860657,39190528,0.9545454545454546,0.29999998211860657,0.29999998211860657,0.23841059602649006,0.29999998211860657,0.29999998211860657,0.7615894039735099,0.29999998211860657,0.29999998211860657,0.29999998211860657,1.5089536423841072,0.29999998211860657,0.29999998211860657,0.29999998211860657,0.29999998211860657,2.2119205298013247,1.6413603039510016,0.29999998211860657,629.2079467773438,0.29999998211860657,7626,0.29999998211860657,0.5416666666666666,24,0.29999998211860657,0.29999998211860657,0.29999998211860657,0.29999998211860657,0.00227142333984375,0.29999998211860657,0.29999998211860657,0.29999998211860657,0.29999998211860657,5138,0.29999998211860657,0.29999998211860657,0.29999998211860657,908.83,299,22,0.29999998211860657,0.2,2980,0.8888888888888888,0.30000001192092896,21,-5.374142646789551,115,0.5882352941176471,0.7619047619047619,9,0.9047619047619048,1e-05,0.001729731,20,0.9,-0.059105828404426575,21,34,0.7534613013267517,0.28328472612192857,-0.0037979604127940545,0.06696395874023438,0.1,0.0
0.29999998211860657,39321600,1.0,0.29999998211860657,0.29999998211860657,0.24285714285714285,0.29999998211860657,0.29999998211860657,0.7571428571428571,0.29999998211860657,0.29999998211860657,0.29999998211860657,1.486057142857144,0.29999998211860657,0.29999998211860657,0.29999998211860657,0.29999998211860657,2.092857142857143,1.7649220347330534,0.29999998211860657,635.59912109375,0.29999998211860657,7628,0.29999998211860657,0.5416666666666666,24,0.29999998211860657,0.29999998211860657,0.29999998211860657,0.29999998211860657,0.00232635498046875,0.29999998211860657,0.29999998211860657,0.29999998211860657,0.29999998211860657,5154,0.29999998211860657,0.29999998211860657,0.29999998211860657,920.61,300,22,0.29999998211860657,0.2,2990,0.85,0.30000001192092896,15,-5.374142646789551,106,0.5714285714285714,0.6666666666666666,20,0.9230769230769231,1e-05,0.0018232809,18,0.8888888888888888,0.07098126411437988,13,28,0.8066375255584717,0.30875114251393826,-0.003926352028065594,0.07138748168945312,0.1,0.0
0.29999998211860657,39452672,1.0,0.29999998211860657,0.29999998211860657,0.2468354430379747,0.29999998211860657,0.29999998211860657,0.7531645569620253,0.29999998211860657,0.29999998211860657,0.29999998211860657,1.4985189873417732,0.29999998211860657,0.29999998211860657,0.29999998211860657,0.29999998211860657,2.0443037974683542,1.705655274755431,0.29999998211860657,621.9146118164062,0.29999998211860657,7629,0.29999998211860657,0.5,24,0.29999998211860657,0.29999998211860657,0.29999998211860657,0.29999998211860657,0.0023394775390625,0.29999998211860657,0.29999998211860657,0.29999998211860657,0.29999998211860657,5170,0.29999998211860657,0.29999998211860657,0.29999998211860657,898.08,301,28,0.29999998211860657,0.2,3000,0.7272727272727273,0.30000001192092896,29,-5.374142646789551,119,0.5,0.7931034482758621,11,0.8947368421052632,1e-05,0.0017347212,17,0.9411764705882353,0.05058419704437256,19,30,0.7607941627502441,0.31327991783618925,-0.003719483035365556,0.07016372680664062,0.1,0.0
0.29999998211860657,39583744,0.8571428571428571,0.29999998211860657,0.29999998211860657,0.3561643835616438,0.29999998211860657,0.29999998211860657,0.6438356164383562,0.29999998211860657,0.29999998211860657,0.29999998211860657,1.5112328767123298,0.29999998211860657,0.29999998211860657,0.29999998211860657,0.29999998211860657,2.308219178082192,1.9467012417064202,0.29999998211860657,567.6436157226562,0.29999998211860657,7631,0.29999998211860657,0.3939393939393939,33,0.29999998211860657,0.29999998211860657,0.29999998211860657,0.29999998211860657,0.0023541259765625,0.29999998211860657,0.29999998211860657,0.29999998211860657,0.29999998211860657,5187,0.29999998211860657,0.29999998211860657,0.29999998211860657,834.78,302,14,0.29999998211860657,0.2,3010,0.9285714285714286,0.30000001192092896,24,-5.374142646789551,94,0.5,0.6666666666666666,14,0.75,1e-05,0.0017156507,19,0.7894736842105263,-0.0005136728286743164,16,26,0.7686735987663269,0.3489743781159632,-0.003658066843945562,0.06605072021484375,0.1,0.0
0.29999998211860657,39714816,0.9583333333333334,0.29999998211860657,0.29999998211860657,0.21333333333333335,0.29999998211860657,0.29999998211860657,0.7866666666666666,0.29999998211860657,0.29999998211860657,0.29999998211860657,1.4862800000000007,0.29999998211860657,0.29999998211860657,0.29999998211860657,0.29999998211860657,2.1133333333333333,1.7181433057388948,0.29999998211860657,606.0994262695312,0.29999998211860657,7632,0.29999998211860657,0.6666666666666666,21,0.29999998211860657,0.29999998211860657,0.29999998211860657,0.29999998211860657,0.00237762451171875,0.29999998211860657,0.29999998211860657,0.29999998211860657,0.29999998211860657,5203,0.29999998211860657,0.29999998211860657,0.29999998211860657,885.44,303,24,0.29999998211860657,0.2,3020,0.9565217391304348,0.30000001192092896,14,-5.374142646789551,118,0.5483870967741935,0.5714285714285714,23,0.9333333333333333,1e-05,0.0017535771,22,0.9090909090909091,0.17340442538261414,15,31,0.8018969893455505,0.4245905511081219,-0.003943321572751302,0.0680694580078125,0.1,0.0
0.29999998211860657,39845888,1.0,0.29999998211860657,0.29999998211860657,0.2328767123287671,0.29999998211860657,0.29999998211860657,0.7671232876712328,0.29999998211860657,0.29999998211860657,0.29999998211860657,1.4925068493150695,0.29999998211860657,0.29999998211860657,0.29999998211860657,0.29999998211860657,1.9657534246575343,1.6402226924549501,0.29999998211860657,614.8641967773438,0.29999998211860657,7634,0.29999998211860657,0.6190476190476191,21,0.29999998211860657,0.29999998211860657,0.29999998211860657,0.29999998211860657,0.00239166259765625,0.29999998211860657,0.29999998211860657,0.29999998211860657,0.29999998211860657,5219,0.29999998211860657,0.29999998211860657,0.29999998211860657,884.3,304,29,0.29999998211860657,0.2,3030,0.9333333333333333,0.30000001192092896,23,-5.374142646789551,112,0.56,0.4782608695652174,15,1.0,1e-05,0.0018006626,18,0.8888888888888888,-0.0575806200504303,15,25,0.740986168384552,0.32717869442421943,-0.003896541059202718,0.07326507568359375,0.1,0.0
0.29999998211860657,39976960,0.9696969696969697,0.29999998211860657,0.29999998211860657,0.19718309859154928,0.29999998211860657,0.29999998211860657,0.8028169014084507,0.29999998211860657,0.29999998211860657,0.29999998211860657,1.4812676056338039,0.29999998211860657,0.29999998211860657,0.29999998211860657,0.29999998211860657,1.8380281690140845,1.5744507250738655,0.29999998211860657,629.976806640625,0.29999998211860657,7636,0.29999998211860657,0.7222222222222222,18,0.29999998211860657,0.29999998211860657,0.29999998211860657,0.29999998211860657,0.00236358642578125,0.29999998211860657,0.29999998211860657,0.29999998211860657,0.29999998211860657,5235,0.29999998211860657,0.29999998211860657,0.29999998211860657,913.47,305,33,0.29999998211860657,0.2,3040,1.0,0.30000001192092896,22,-5.374142646789551,114,0.6428571428571429,0.6818181818181818,10,0.8235294117647058,1e-05,0.0017087588,14,0.8571428571428571,-0.05997413396835327,17,28,0.7406600713729858,0.34282771197613326,-0.0035993639873595383,0.06714096069335937,0.1,0.0
0.29999998211860657,40108032,1.0,0.29999998211860657,0.29999998211860657,0.2631578947368421,0.29999998211860657,0.29999998211860657,0.7368421052631579,0.29999998211860657,0.29999998211860657,0.29999998211860657,1.4822763157894747,0.29999998211860657,0.29999998211860657,0.29999998211860657,0.29999998211860657,2.2697368421052633,1.9199003422696486,0.29999998211860657,609.4317016601562,0.29999998211860657,7637,0.29999998211860657,0.6923076923076923,26,0.29999998211860657,0.29999998211860657,0.29999998211860657,0.29999998211860657,0.00243560791015625,0.29999998211860657,0.29999998211860657,0.29999998211860657,0.29999998211860657,5251,0.29999998211860657,0.29999998211860657,0.29999998211860657,886.39,306,16,0.29999998211860657,0.2,3050,1.0,0.30000001192092896,32,-5.374142646789551,112,0.4583333333333333,0.625,12,0.8095238095238095,1e-05,0.0018253168,21,0.8571428571428571,-0.04685854911804199,21,24,0.7368570566177368,0.2971574374823831,-0.0037909741763087366,0.06949920654296875,0.1,0.0
0.29999998211860657,40239104,1.0,0.29999998211860657,0.29999998211860657,0.23972602739726026,0.29999998211860657,0.29999998211860657,0.7602739726027398,0.29999998211860657,0.29999998211860657,0.29999998211860657,1.4947397260273985,0.29999998211860657,0.29999998211860657,0.29999998211860657,0.29999998211860657,2.047945205479452,1.7827734551309746,0.29999998211860657,622.1364135742188,0.29999998211860657,7639,0.29999998211860657,0.75,24,0.29999998211860657,0.29999998211860657,0.29999998211860657,0.29999998211860657,0.0024392700195312498,0.29999998211860657,0.29999998211860657,0.29999998211860657,0.29999998211860657,5267,0.29999998211860657,0.29999998211860657,0.29999998211860657,903.98,307,20,0.29999998211860657,0.2,3060,0.9523809523809523,0.30000001192092896,28,-5.374142646789551,111,0.4166666666666667,0.6785714285714286,21,0.8666666666666667,1e-05,0.0017665934,14,0.7857142857142857,0.049331456422805786,15,24,0.7705554962158203,0.3264855052693747,-0.0036098835611483083,0.0692535400390625,0.1,0.0
0.29999998211860657,40370176,1.0,0.29999998211860657,0.29999998211860657,0.25517241379310346,0.29999998211860657,0.29999998211860657,0.7448275862068966,0.29999998211860657,0.29999998211860657,0.29999998211860657,1.4975862068965526,0.29999998211860657,0.29999998211860657,0.29999998211860657,0.29999998211860657,2.0482758620689654,1.8541011649754562,0.29999998211860657,607.9326782226562,0.29999998211860657,7640,0.29999998211860657,0.84,25,0.29999998211860657,0.29999998211860657,0.29999998211860657,0.29999998211860657,0.00244415283203125,0.29999998211860657,0.29999998211860657,0.29999998211860657,0.29999998211860657,5283,0.29999998211860657,0.29999998211860657,0.29999998211860657,881.46,308,17,0.29999998211860657,0.2,3070,1.0,0.30000001192092896,21,-5.374142646789551,108,0.40625,0.47619047619047616,18,0.9523809523809523,1e-05,0.0017453665,11,0.8181818181818182,-0.01459452509880066,21,32,0.8017497062683105,0.3094562300713733,-0.0036990896145653097,0.06743316650390625,0.1,0.0
0.29999998211860657,40501248,1.0,0.29999998211860657,0.29999998211860657,0.13970588235294118,0.29999998211860657,0.29999998211860657,0.8602941176470589,0.29999998211860657,0.29999998211860657,0.29999998211860657,1.485250000000001,0.29999998211860657,0.29999998211860657,0.29999998211860657,0.29999998211860657,1.7647058823529411,1.6247142565206603,0.29999998211860657,661.725341796875,0.29999998211860657,7642,0.29999998211860657,0.8260869565217391,23,0.29999998211860657,0.29999998211860657,0.29999998211860657,0.29999998211860657,0.00254730224609375,0.29999998211860657,0.29999998211860657,0.29999998211860657,0.29999998211860657,5299,0.29999998211860657,0.29999998211860657,0.29999998211860657,958.39,309,25,0.29999998211860657,0.2,3080,1.0,0.30000001192092896,20,-5.374142646789551,117,0.65,0.75,14,0.8571428571428571,1e-05,0.0018473645,13,1.0,0.09001919627189636,21,20,0.7655972242355347,0.31683845557272433,-0.0037209633942438813,0.07000961303710937,0.1,0.0
0.29999998211860657,40632320,1.0,0.29999998211860657,0.29999998211860657,0.16083916083916083,0.29999998211860657,0.29999998211860657,0.8391608391608392,0.29999998211860657,0.29999998211860657,0.29999998211860657,1.5092727272727287,0.29999998211860657,0.29999998211860657,0.29999998211860657,0.29999998211860657,1.9090909090909092,1.6941451854400407,0.29999998211860657,625.82861328125,0.29999998211860657,7644,0.29999998211860657,0.7222222222222222,18,0.29999998211860657,0.29999998211860657,0.29999998211860657,0.29999998211860657,0.002535400390625,0.29999998211860657,0.29999998211860657,0.29999998211860657,0.29999998211860657,5315,0.29999998211860657,0.29999998211860657,0.29999998211860657,904.93,310,30,0.29999998211860657,0.2,3090,0.9411764705882353,0.30000001192092896,9,-5.374142646789551,120,0.5185185185185185,0.6666666666666666,17,0.9473684210526315,1e-05,0.0016643519,23,1.0,-0.036951854825019836,19,27,0.767494797706604,0.2295642141078133,-0.00351635675133366,0.060155487060546874,0.1,0.0
0.29999998211860657,40763392,1.0,0.29999998211860657,0.29999998211860657,0.1917808219178082,0.29999998211860657,0.29999998211860657,0.8082191780821918,0.29999998211860657,0.29999998211860657,0.29999998211860657,1.4956301369863023,0.29999998211860657,0.29999998211860657,0.29999998211860657,0.29999998211860657,2.095890410958904,1.8235294308347383,0.29999998211860657,636.5546264648438,0.29999998211860657,7645,0.29999998211860657,0.68,25,0.29999998211860657,0.29999998211860657,0.29999998211860657,0.29999998211860657,0.0025439453125,0.29999998211860657,0.29999998211860657,0.29999998211860657,0.29999998211860657,5331,0.29999998211860657,0.29999998211860657,0.29999998211860657,922.88,311,17,0.29999998211860657,0.2,3100,0.8461538461538461,0.30000001192092896,20,-5.374142646789551,118,0.7666666666666667,0.6,13,0.96,1e-05,0.0017557772,16,0.875,-0.05817362666130066,25,30,0.7420610189437866,0.23587515674880705,-0.003762682988462984,0.06718521118164063,0.1,0.0
0.29999998211860657,40894464,1.0,0.29999998211860657,0.29999998211860657,0.2116788321167883,0.29999998211860657,0.29999998211860657,0.7883211678832117,0.29999998211860657,0.29999998211860657,0.29999998211860657,1.490233576642337,0.29999998211860657,0.29999998211860657,0.29999998211860657,0.29999998211860657,2.2262773722627736,1.7993256830135256,0.29999998211860657,615.7407836914062,0.29999998211860657,7647,0.29999998211860657,0.5789473684210527,19,0.29999998211860657,0.29999998211860657,0.29999998211860657,0.29999998211860657,0.0025057983398437504,0.29999998211860657,0.29999998211860657,0.29999998211860657,0.29999998211860657,5347,0.29999998211860657,0.29999998211860657,0.29999998211860657,897.17,312,21,0.29999998211860657,0.2,3110,1.0,0.30000001192092896,22,-5.374142646789551,108,0.5833333333333334,0.5909090909090909,16,0.9230769230769231,1e-05,0.0017926965,22,0.9545454545454546,0.11351603269577026,13,24,0.7750335931777954,0.29349597537657246,-0.0036431227694265545,0.06694869995117188,0.1,0.0
0.29999998211860657,41025536,0.9615384615384616,0.29999998211860657,0.29999998211860657,0.20408163265306123,0.29999998211860657,0.29999998211860657,0.7959183673469388,0.29999998211860657,0.29999998211860657,0.29999998211860657,1.4884081632653072,0.29999998211860657,0.29999998211860657,0.29999998211860657,0.29999998211860657,1.9387755102040816,1.6813660921802709,0.29999998211860657,648.4815063476562,0.29999998211860657,7648,0.29999998211860657,0.6521739130434783,23,0.29999998211860657,0.29999998211860657,0.29999998211860657,0.29999998211860657,0.0025286865234375004,0.29999998211860657,0.29999998211860657,0.29999998211860657,0.29999998211860657,5363,0.29999998211860657,0.29999998211860657,0.29999998211860657,943.07,313,26,0.29999998211860657,0.2,3120,0.875,0.30000001192092896,27,-5.374142646789551,117,0.5555555555555556,0.7777777777777778,16,1.0,1e-05,0.0017483542,12,0.9166666666666666,0.06927081942558289,16,27,0.7613744139671326,0.2859065516386181,-0.0035942699143561184,0.06530075073242188,0.1,0.0
0.29999998211860657,41156608,1.0,0.29999998211860657,0.29999998211860657,0.11450381679389313,0.29999998211860657,0.29999998211860657,0.8854961832061069,0.29999998211860657,0.29999998211860657,0.29999998211860657,1.5071603053435128,0.29999998211860657,0.29999998211860657,0.29999998211860657,0.29999998211860657,2.0,1.6652719472430135,0.29999998211860657,639.0156860351562,0.29999998211860657,7650,0.29999998211860657,0.7647058823529411,17,0.29999998211860657,0.29999998211860657,0.29999998211860657,0.29999998211860657,0.0025701904296875,0.29999998211860657,0.29999998211860657,0.29999998211860657,0.29999998211860657,5379,0.29999998211860657,0.29999998211860657,0.29999998211860657,925.54,314,25,0.29999998211860657,0.2,3130,1.0,0.30000001192092896,17,-5.374142646789551,116,0.75,0.8235294117647058,15,0.9285714285714286,1e-05,0.0017254867,15,1.0,-0.015221834182739258,14,28,0.7516924142837524,0.2597469727275893,-0.0035676402488206806,0.06839675903320312,0.1,0.0
0.29999998211860657,41287680,1.0,0.29999998211860657,0.29999998211860657,0.15584415584415584,0.29999998211860657,0.29999998211860657,0.8441558441558441,0.29999998211860657,0.29999998211860657,0.29999998211860657,1.4998051948051958,0.29999998211860657,0.29999998211860657,0.29999998211860657,0.29999998211860657,1.9155844155844155,1.684385409461253,0.29999998211860657,652.7288818359375,0.29999998211860657,7651,0.29999998211860657,0.8285714285714286,35,0.29999998211860657,0.29999998211860657,0.29999998211860657,0.29999998211860657,0.002601318359375,0.29999998211860657,0.29999998211860657,0.29999998211860657,0.29999998211860657,5395,0.29999998211860657,0.29999998211860657,0.29999998211860657,939.16,315,24,0.29999998211860657,0.2,3140,0.9545454545454546,0.30000001192092896,19,-5.374142646789551,130,0.4666666666666667,0.7894736842105263,22,0.8823529411764706,1e-05,0.0016775368,22,0.8636363636363636,-0.1288536936044693,17,15,0.7598568797111511,0.21013722360366954,-0.0036351062124595048,0.06409683227539062,0.1,0.0
0.29999998211860657,41418752,1.0,0.29999998211860657,0.29999998211860657,0.19083969465648856,0.29999998211860657,0.29999998211860657,0.8091603053435115,0.29999998211860657,0.29999998211860657,0.29999998211860657,1.491526717557253,0.29999998211860657,0.29999998211860657,0.29999998211860657,0.29999998211860657,2.0839694656488548,1.7217164460894678,0.29999998211860657,637.2642211914062,0.29999998211860657,7653,0.29999998211860657,0.8571428571428571,14,0.29999998211860657,0.29999998211860657,0.29999998211860657,0.29999998211860657,0.00258453369140625,0.29999998211860657,0.29999998211860657,0.29999998211860657,0.29999998211860657,5411,0.29999998211860657,0.29999998211860657,0.29999998211860657,923.82,316,19,0.29999998211860657,0.2,3150,0.9166666666666666,0.30000001192092896,22,-5.374142646789551,106,0.5862068965517241,0.5909090909090909,12,0.9523809523809523,1e-05,0.0017525887,14,1.0,-0.04027380049228668,21,29,0.720207929611206,0.2644628393871244,-0.0036568642598012956,0.0674957275390625,0.1,0.0
0.29999998211860657,41549824,1.0,0.29999998211860657,0.29999998211860657,0.19745222929936307,0.29999998211860657,0.29999998211860657,0.802547770700637,0.29999998211860657,0.29999998211860657,0.29999998211860657,1.4899108280254787,0.29999998211860657,0.29999998211860657,0.29999998211860657,0.29999998211860657,1.9171974522292994,1.7466976143024597,0.29999998211860657,623.4408569335938,0.29999998211860657,7655,0.29999998211860657,0.7142857142857143,28,0.29999998211860657,0.29999998211860657,0.29999998211860657,0.29999998211860657,0.0026065063476562503,0.29999998211860657,0.29999998211860657,0.29999998211860657,0.29999998211860657,5427,0.29999998211860657,0.29999998211860657,0.29999998211860657,906.51,317,33,0.29999998211860657,0.2,3160,1.0,0.30000001192092896,22,-5.374142646789551,126,0.5454545454545454,0.6363636363636364,14,0.875,1e-05,0.0017514859,22,0.8636363636363636,0.05988842248916626,16,22,0.7713484168052673,0.22752848555683158,-0.0037349022284615787,0.06722640991210938,0.1,0.0
0.29999998211860657,41680896,1.0,0.29999998211860657,0.29999998211860657,0.2047244094488189,0.29999998211860657,0.29999998211860657,0.7952755905511811,0.29999998211860657,0.29999998211860657,0.29999998211860657,1.5017480314960643,0.29999998211860657,0.29999998211860657,0.29999998211860657,0.29999998211860657,2.393700787401575,1.8391191967165514,0.29999998211860657,626.4544677734375,0.29999998211860657,7656,0.29999998211860657,0.8125,16,0.29999998211860657,0.29999998211860657,0.29999998211860657,0.29999998211860657,0.00261505126953125,0.29999998211860657,0.29999998211860657,0.29999998211860657,0.29999998211860657,5443,0.29999998211860657,0.29999998211860657,0.29999998211860657,913.13,318,17,0.29999998211860657,0.2,3170,1.0,0.30000001192092896,16,-5.374142646789551,101,0.5757575757575758,0.625,9,0.875,1e-05,0.0017354374,20,0.95,0.05297240614891052,16,33,0.7719191908836365,0.29322698469040914,-0.0036732299784489443,0.06444549560546875,0.1,0.0
0.29999998211860657,41811968,1.0,0.29999998211860657,0.29999998211860657,0.15384615384615385,0.29999998211860657,0.29999998211860657,0.8461538461538461,0.29999998211860657,0.29999998211860657,0.29999998211860657,1.4961794871794885,0.29999998211860657,0.29999998211860657,0.29999998211860657,0.29999998211860657,1.9743589743589745,1.6783656288433058,0.29999998211860657,642.5684204101562,0.29999998211860657,7658,0.29999998211860657,0.9130434782608695,23,0.29999998211860657,0.29999998211860657,0.29999998211860657,0.29999998211860657,0.0026470947265625003,0.29999998211860657,0.29999998211860657,0.29999998211860657,0.29999998211860657,5459,0.29999998211860657,0.29999998211860657,0.29999998211860657,934.88,319,26,0.29999998211860657,0.2,3180,0.8888888888888888,0.30000001192092896,18,-5.374142646789551,132,0.6176470588235294,0.7222222222222222,18,0.9523809523809523,1e-05,0.001833982,16,0.9375,0.0469319224357605,21,34,0.7559573650360107,0.2491219532559626,-0.0036901525032135398,0.07254257202148437,0.1,0.0
0.29999998211860657,41943040,1.0,0.29999998211860657,0.29999998211860657,0.2553191489361702,0.29999998211860657,0.29999998211860657,0.7446808510638298,0.29999998211860657,0.29999998211860657,0.29999998211860657,1.493092198581561,0.29999998211860657,0.29999998211860657,0.29999998211860657,0.29999998211860657,1.8652482269503545,1.7293213882141227,0.29999998211860657,576.872314453125,0.29999998211860657,7659,0.29999998211860657,0.56,25,0.29999998211860657,0.29999998211860657,0.29999998211860657,0.29999998211860657,0.0026397705078125,0.29999998211860657,0.29999998211860657,0.29999998211860657,0.29999998211860657,5475,0.29999998211860657,0.29999998211860657,0.29999998211860657,841.62,320,23,0.29999998211860657,0.2,3190,0.9230769230769231,0.30000001192092896,20,-5.374142646789551,105,0.4090909090909091,0.6,13,0.9565217391304348,1e-05,0.0017084499,15,0.8666666666666667,-0.024324268102645874,23,22,0.7496862411499023,0.24573122744914144,-0.0034902867697837793,0.06363983154296875,0.1,0.0
0.29999998211860657,42074112,1.0,0.29999998211860657,0.29999998211860657,0.16770186335403728,0.29999998211860657,0.29999998211860657,0.8322981366459627,0.29999998211860657,0.29999998211860657,0.29999998211860657,1.4959254658385104,0.29999998211860657,0.29999998211860657,0.29999998211860657,0.29999998211860657,2.2111801242236027,1.7777437846944706,0.29999998211860657,617.5203857421875,0.29999998211860657,7660,0.29999998211860657,0.7894736842105263,19,0.29999998211860657,0.29999998211860657,0.29999998211860657,0.29999998211860657,0.0026715087890624998,0.29999998211860657,0.29999998211860657,0.29999998211860657,0.29999998211860657,5492,0.29999998211860657,0.29999998211860657,0.29999998211860657,897.01,321,22,0.29999998211860657,0.2,3200,0.9411764705882353,0.30000001192092896,23,-5.374142646789551,134,0.75,0.6086956521739131,17,0.8636363636363636,1e-05,0.0017806643,22,0.9545454545454546,0.10899466276168823,22,36,0.7676162719726562,0.3077994771068916,-0.0037087244871145232,0.06935348510742187,0.1,0.0
0.29999998211860657,42205184,1.0,0.29999998211860657,0.29999998211860657,0.21705426356589147,0.29999998211860657,0.29999998211860657,0.7829457364341085,0.29999998211860657,0.29999998211860657,0.29999998211860657,1.4983565891472879,0.29999998211860657,0.29999998211860657,0.29999998211860657,0.29999998211860657,2.124031007751938,1.725210120406777,0.29999998211860657,627.4720458984375,0.29999998211860657,7662,0.29999998211860657,0.6818181818181818,22,0.29999998211860657,0.29999998211860657,0.29999998211860657,0.29999998211860657,0.0026727294921875,0.29999998211860657,0.29999998211860657,0.29999998211860657,0.29999998211860657,5508,0.29999998211860657,0.29999998211860657,0.29999998211860657,911.86,322,22,0.29999998211860657,0.2,3210,0.9230769230769231,0.30000001192092896,18,-5.374142646789551,101,0.6,0.5555555555555556,13,1.0,1e-05,0.0017954758,17,0.8823529411764706,0.009541153907775879,12,25,0.7746497392654419,0.26955196508206425,-0.003892297821266766,0.07142715454101563,0.1,0.0
0.29999998211860657,42336256,1.0,0.29999998211860657,0.29999998211860657,0.1456953642384106,0.29999998211860657,0.29999998211860657,0.8543046357615894,0.29999998211860657,0.29999998211860657,0.29999998211860657,1.4999735099337759,0.29999998211860657,0.29999998211860657,0.29999998211860657,0.29999998211860657,1.9403973509933774,1.7536609921429664,0.29999998211860657,651.7164306640625,0.29999998211860657,7663,0.29999998211860657,0.7,20,0.29999998211860657,0.29999998211860657,0.29999998211860657,0.29999998211860657,0.00271514892578125,0.29999998211860657,0.29999998211860657,0.29999998211860657,0.29999998211860657,5524,0.29999998211860657,0.29999998211860657,0.29999998211860657,941.34,323,25,0.29999998211860657,0.2,3220,0.9047619047619048,0.30000001192092896,30,-5.374142646789551,129,0.6111111111111112,0.8666666666666667,21,0.8888888888888888,1e-05,0.0017906246,19,0.9473684210526315,0.15835008025169373,18,18,0.7463817000389099,0.25728293298161586,-0.0036830228676990374,0.06924972534179688,0.1,0.0
0.29999998211860657,42467328,1.0,0.29999998211860657,0.29999998211860657,0.17985611510791366,0.29999998211860657,0.29999998211860657,0.8201438848920863,0.29999998211860657,0.29999998211860657,0.29999998211860657,1.4961438848920876,0.29999998211860657,0.29999998211860657,0.29999998211860657,0.29999998211860657,1.8489208633093526,1.6625968470221488,0.29999998211860657,637.32080078125,0.29999998211860657,7665,0.29999998211860657,0.76,25,0.29999998211860657,0.29999998211860657,0.29999998211860657,0.29999998211860657,0.00273681640625,0.29999998211860657,0.29999998211860657,0.29999998211860657,0.29999998211860657,5540,0.29999998211860657,0.29999998211860657,0.29999998211860657,922.32,324,24,0.29999998211860657,0.2,3230,0.9230769230769231,0.30000001192092896,21,-5.374142646789551,114,0.65,0.6666666666666666,13,0.9047619047619048,1e-05,0.0018036847,15,0.8666666666666667,-0.12650495767593384,21,20,0.752650797367096,0.23324899786966852,-0.0038603709241215255,0.07010498046875,0.1,0.0
0.29999998211860657,42598400,1.0,0.29999998211860657,0.29999998211860657,0.20394736842105263,0.29999998211860657,0.29999998211860657,0.7960526315789473,0.29999998211860657,0.29999998211860657,0.29999998211860657,1.5011447368421065,0.29999998211860657,0.29999998211860657,0.29999998211860657,0.29999998211860657,2.236842105263158,1.7783825703968437,0.29999998211860657,606.3795166015625,0.29999998211860657,7666,0.29999998211860657,0.8620689655172413,29,0.29999998211860657,0.29999998211860657,0.29999998211860657,0.29999998211860657,0.00274261474609375,0.29999998211860657,0.29999998211860657,0.29999998211860657,0.29999998211860657,5556,0.29999998211860657,0.29999998211860657,0.29999998211860657,881.32,325,22,0.29999998211860657,0.2,3240,0.8666666666666667,0.30000001192092896,25,-5.374142646789551,121,0.5,0.72,15,0.9230769230769231,1e-05,0.0017231076,22,0.8181818181818182,-0.06769494712352753,13,26,0.7917038202285767,0.23448655065149068,-0.003710528845567751,0.06763839721679688,0.1,0.0
0.29999998211860657,42729472,1.0,0.29999998211860657,0.29999998211860657,0.17391304347826086,0.29999998211860657,0.29999998211860657,0.8260869565217391,0.29999998211860657,0.29999998211860657,0.29999998211860657,1.4883478260869576,0.29999998211860657,0.29999998211860657,0.29999998211860657,0.29999998211860657,2.1956521739130435,1.799172949710292,0.29999998211860657,634.3269653320312,0.29999998211860657,7668,0.29999998211860657,0.8571428571428571,21,0.29999998211860657,0.29999998211860657,0.29999998211860657,0.29999998211860657,0.0027935791015625,0.29999998211860657,0.29999998211860657,0.29999998211860657,0.29999998211860657,5572,0.29999998211860657,0.29999998211860657,0.29999998211860657,916.56,326,18,0.29999998211860657,0.2,3250,1.0,0.30000001192092896,29,-5.374142646789551,114,0.42105263157894735,0.6896551724137931,16,0.9333333333333333,1e-05,0.0017865257,20,1.0,-0.08091527223587036,15,19,0.7652933597564697,0.2921535658533685,-0.003762119109660489,0.07015914916992187,0.1,0.0
0.29999998211860657,42860544,0.967741935483871,0.29999998211860657,0.29999998211860657,0.1347517730496454,0.29999998211860657,0.29999998211860657,0.8652482269503546,0.29999998211860657,0.29999998211860657,0.29999998211860657,1.4909645390070931,0.29999998211860657,0.29999998211860657,0.29999998211860657,0.29999998211860657,1.5106382978723405,1.4968205131125145,0.29999998211860657,655.6029052734375,0.29999998211860657,7669,0.29999998211860657,0.7368421052631579,19,0.29999998211860657,0.29999998211860657,0.29999998211860657,0.29999998211860657,0.00270599365234375,0.29999998211860657,0.29999998211860657,0.29999998211860657,0.29999998211860657,5588,0.29999998211860657,0.29999998211860657,0.29999998211860657,940.45,327,31,0.29999998211860657,0.2,3260,1.0,0.30000001192092896,22,-5.374142646789551,122,0.8,0.7272727272727273,15,0.88,1e-05,0.0017957012,9,1.0,0.0660535991191864,25,20,0.76783287525177,0.2322223069961183,-0.0036732061830662133,0.06971359252929688,0.1,0.0
0.29999998211860657,42991616,0.9615384615384616,0.29999998211860657,0.29999998211860657,0.1736111111111111,0.29999998211860657,0.29999998211860657,0.8263888888888888,0.29999998211860657,0.29999998211860657,0.29999998211860657,1.49488888888889,0.29999998211860657,0.29999998211860657,0.29999998211860657,0.29999998211860657,1.9652777777777777,1.601568275880611,0.29999998211860657,639.1223754882812,0.29999998211860657,7671,0.29999998211860657,0.875,16,0.29999998211860657,0.29999998211860657,0.29999998211860657,0.29999998211860657,0.002763671875,0.29999998211860657,0.29999998211860657,0.29999998211860657,0.29999998211860657,5604,0.29999998211860657,0.29999998211860657,0.29999998211860657,922.42,328,26,0.29999998211860657,0.2,3270,0.9565217391304348,0.30000001192092896,22,-5.374142646789551,119,0.5,0.6818181818181818,23,1.0,1e-05,0.0017556458,20,0.85,-0.13014434278011322,15,22,0.7781245708465576,0.19518805705592968,-0.0038377551280746047,0.06519699096679688,0.1,0.0
0.29999998211860657,43122688,1.0,0.29999998211860657,0.29999998211860657,0.19014084507042253,0.29999998211860657,0.29999998211860657,0.8098591549295775,0.29999998211860657,0.29999998211860657,0.29999998211860657,1.4875211267605641,0.29999998211860657,0.29999998211860657,0.29999998211860657,0.29999998211860657,2.084507042253521,1.703641745408507,0.29999998211860657,647.5657958984375,0.29999998211860657,7672,0.29999998211860657,0.8214285714285714,28,0.29999998211860657,0.29999998211860657,0.29999998211860657,0.29999998211860657,0.00269927978515625,0.29999998211860657,0.29999998211860657,0.29999998211860657,0.29999998211860657,5620,0.29999998211860657,0.29999998211860657,0.29999998211860657,938.47,329,22,0.29999998211860657,0.2,3280,0.9333333333333333,0.30000001192092896,24,-5.374142646789551,115,0.48,0.875,15,0.6923076923076923,1e-05,0.0018167532,15,0.9333333333333333,-0.08317206799983978,13,25,0.7709779739379883,0.263849090837175,-0.0036852100869964486,0.06769485473632812,0.1,0.0
0.29999998211860657,43253760,0.9615384615384616,0.29999998211860657,0.29999998211860657,0.15492957746478872,0.29999998211860657,0.29999998211860657,0.8450704225352113,0.29999998211860657,0.29999998211860657,0.29999998211860657,1.4979014084507052,0.29999998211860657,0.29999998211860657,0.29999998211860657,0.29999998211860657,1.9154929577464788,1.5572420670035958,0.29999998211860657,660.9517822265625,0.29999998211860657,7673,0.29999998211860657,0.8695652173913043,23,0.29999998211860657,0.29999998211860657,0.29999998211860657,0.29999998211860657,0.00279052734375,0.29999998211860657,0.29999998211860657,0.29999998211860657,0.29999998211860657,5636,0.29999998211860657,0.29999998211860657,0.29999998211860657,951.91,330,26,0.29999998211860657,0.2,3290,0.9230769230769231,0.30000001192092896,23,-5.374142646789551,120,0.56,0.8260869565217391,13,1.0,1e-05,0.0017767536,14,0.8571428571428571,0.12753286957740784,18,25,0.7877956032752991,0.2822756343754008,-0.00376253925551282,0.06967239379882813,0.1,0.0
0.29999998211860657,43384832,1.0,0.29999998211860657,0.29999998211860657,0.16417910447761194,0.29999998211860657,0.29999998211860657,0.835820895522388,0.29999998211860657,0.29999998211860657,0.29999998211860657,1.4997014925373142,0.29999998211860657,0.29999998211860657,0.29999998211860657,0.29999998211860657,2.1194029850746268,1.771839786376479,0.29999998211860657,638.562744140625,0.29999998211860657,7675,0.29999998211860657,0.8333333333333334,18,0.29999998211860657,0.29999998211860657,0.29999998211860657,0.29999998211860657,0.0027264404296875,0.29999998211860657,0.29999998211860657,0.29999998211860657,0.29999998211860657,5652,0.29999998211860657,0.29999998211860657,0.29999998211860657,913.7,331,19,0.29999998211860657,0.2,3300,0.9,0.30000001192092896,20,-5.374142646789551,112,0.6521739130434783,0.6,20,0.9333333333333333,1e-05,0.0017283723,19,1.0,-0.005599796772003174,15,23,0.7575967311859131,0.20636806562542914,-0.003804346533252101,0.0683807373046875,0.1,0.0
0.29999998211860657,43515904,1.0,0.29999998211860657,0.29999998211860657,0.1503267973856209,0.29999998211860657,0.29999998211860657,0.8496732026143791,0.29999998211860657,0.29999998211860657,0.29999998211860657,1.5199477124183016,0.29999998211860657,0.29999998211860657,0.29999998211860657,0.29999998211860657,1.9673202614379084,1.6230782885493178,0.29999998211860657,648.9520874023438,0.29999998211860657,7676,0.29999998211860657,0.75,20,0.29999998211860657,0.29999998211860657,0.29999998211860657,0.29999998211860657,0.00274078369140625,0.29999998211860657,0.29999998211860657,0.29999998211860657,0.29999998211860657,5668,0.29999998211860657,0.29999998211860657,0.29999998211860657,931.81,332,31,0.29999998211860657,0.2,3310,1.0,0.30000001192092896,20,-5.374142646789551,130,0.7419354838709677,0.6,13,1.0,1e-05,0.0016913195,19,0.8947368421052632,-0.07294590771198273,19,31,0.7117297649383545,0.24043148931814357,-0.003486661735132657,0.06416473388671876,0.1,0.0
0.29999998211860657,43646976,1.0,0.29999998211860657,0.29999998211860657,0.176,0.29999998211860657,0.29999998211860657,0.824,0.29999998211860657,0.29999998211860657,0.29999998211860657,1.5031840000000012,0.29999998211860657,0.29999998211860657,0.29999998211860657,0.29999998211860657,1.888,1.6506264195574034,0.29999998211860657,645.70166015625,0.29999998211860657,7678,0.29999998211860657,0.5,12,0.29999998211860657,0.29999998211860657,0.29999998211860657,0.29999998211860657,0.0027795410156250004,0.29999998211860657,0.29999998211860657,0.29999998211860657,0.29999998211860657,5684,0.29999998211860657,0.29999998211860657,0.29999998211860657,932.57,333,22,0.29999998211860657,0.2,3320,0.9411764705882353,0.30000001192092896,29,-5.374142646789551,103,0.5333333333333333,0.7931034482758621,17,0.9375,1e-05,0.0018154925,14,0.9285714285714286,-0.04719974100589752,16,15,0.7050825953483582,0.250772303447593,-0.003599332078738371,0.06801986694335938,0.1,0.0
0.29999998211860657,43778048,1.0,0.29999998211860657,0.29999998211860657,0.1095890410958904,0.29999998211860657,0.29999998211860657,0.8904109589041096,0.29999998211860657,0.29999998211860657,0.29999998211860657,1.4909178082191792,0.29999998211860657,0.29999998211860657,0.29999998211860657,0.29999998211860657,1.86986301369863,1.5400990709525104,0.29999998211860657,668.5646362304688,0.29999998211860657,7679,0.29999998211860657,0.85,20,0.29999998211860657,0.29999998211860657,0.29999998211860657,0.29999998211860657,0.0028158569335937503,0.29999998211860657,0.29999998211860657,0.29999998211860657,0.29999998211860657,5700,0.29999998211860657,0.29999998211860657,0.29999998211860657,958.16,334,26,0.29999998211860657,0.2,3330,1.0,0.30000001192092896,23,-5.374142646789551,130,0.75,0.7391304347826086,25,0.9333333333333333,1e-05,0.0017717665,17,0.9411764705882353,-0.07570192217826843,15,20,0.7583203315734863,0.22748975876602345,-0.0036342862721994605,0.06471633911132812,0.1,0.0
0.29999998211860657,43909120,1.0,0.29999998211860657,0.29999998211860657,0.20588235294117646,0.29999998211860657,0.29999998211860657,0.7941176470588235,0.29999998211860657,0.29999998211860657,0.29999998211860657,1.4984558823529424,0.29999998211860657,0.29999998211860657,0.29999998211860657,0.29999998211860657,1.7720588235294117,1.5464814787577474,0.29999998211860657,634.5094604492188,0.29999998211860657,7681,0.29999998211860657,0.5789473684210527,19,0.29999998211860657,0.29999998211860657,0.29999998211860657,0.29999998211860657,0.0028054809570312498,0.29999998211860657,0.29999998211860657,0.29999998211860657,0.29999998211860657,5716,0.29999998211860657,0.29999998211860657,0.29999998211860657,917.56,335,24,0.29999998211860657,0.2,3340,0.9047619047619048,0.30000001192092896,16,-5.374142646789551,108,0.7727272727272727,0.375,21,0.95,1e-05,0.0017702244,14,0.8571428571428571,-0.023859918117523193,20,22,0.7109636068344116,0.23946288475999608,-0.003742670757810629,0.06614761352539063,0.1,0.0
0.29999998211860657,44040192,1.0,0.29999998211860657,0.29999998211860657,0.1506849315068493,0.29999998211860657,0.29999998211860657,0.8493150684931506,0.29999998211860657,0.29999998211860657,0.29999998211860657,1.510931506849316,0.29999998211860657,0.29999998211860657,0.29999998211860657,0.29999998211860657,1.8150684931506849,1.5814751512992185,0.29999998211860657,662.0967407226562,0.29999998211860657,7682,0.29999998211860657,0.8,15,0.29999998211860657,0.29999998211860657,0.29999998211860657,0.29999998211860657,0.002763671875,0.29999998211860657,0.29999998211860657,0.29999998211860657,0.29999998211860657,5732,0.29999998211860657,0.29999998211860657,0.29999998211860657,943.93,336,23,0.29999998211860657,0.2,3350,0.9047619047619048,0.30000001192092896,26,-5.374142646789551,124,0.6666666666666666,0.6923076923076923,21,1.0,1e-05,0.0017339329,15,0.8666666666666667,0.018174797296524048,25,21,0.788334846496582,0.2380942567018792,-0.00380158388052223,0.06920013427734376,0.1,0.0
0.29999998211860657,44171264,1.0,0.29999998211860657,0.29999998211860657,0.24285714285714285,0.29999998211860657,0.29999998211860657,0.7571428571428571,0.29999998211860657,0.29999998211860657,0.29999998211860657,1.5000285714285726,0.29999998211860657,0.29999998211860657,0.29999998211860657,0.29999998211860657,2.0285714285714285,1.7824437081507645,0.29999998211860657,636.7887573242188,0.29999998211860657,7683,0.29999998211860657,0.5789473684210527,19,0.29999998211860657,0.29999998211860657,0.29999998211860657,0.29999998211860657,0.0028289794921875,0.29999998211860657,0.29999998211860657,0.29999998211860657,0.29999998211860657,5748,0.29999998211860657,0.29999998211860657,0.29999998211860657,913.43,337,27,0.29999998211860657,0.2,3360,1.0,0.30000001192092896,21,-5.374142646789551,106,0.4117647058823529,0.7619047619047619,14,1.0,1e-05,0.0017560737,12,0.9166666666666666,-0.0521654337644577,13,34,0.7401622533798218,0.24098378886701538,-0.003707769408401873,0.06722869873046874,0.1,0.0
0.29999998211860657,44302336,1.0,0.29999998211860657,0.29999998211860657,0.1527777777777778,0.29999998211860657,0.29999998211860657,0.8472222222222222,0.29999998211860657,0.29999998211860657,0.29999998211860657,1.5178888888888902,0.29999998211860657,0.29999998211860657,0.29999998211860657,0.29999998211860657,1.8541666666666667,1.6022402361817474,0.29999998211860657,666.0890502929688,0.29999998211860657,7685,0.29999998211860657,0.8636363636363636,22,0.29999998211860657,0.29999998211860657,0.29999998211860657,0.29999998211860657,0.0028036499023437497,0.29999998211860657,0.29999998211860657,0.29999998211860657,0.29999998211860657,5764,0.29999998211860657,0.29999998211860657,0.29999998211860657,954.47,338,23,0.29999998211860657,0.2,3370,1.0,0.30000001192092896,28,-5.374142646789551,122,0.7727272727272727,0.6785714285714286,14,0.9130434782608695,1e-05,0.0018142639,12,0.75,0.10476934909820557,23,22,0.7672955393791199,0.2859177561942488,-0.003943493397036946,0.06950836181640625,0.1,0.0
0.29999998211860657,44433408,1.0,0.29999998211860657,0.29999998211860657,0.19117647058823528,0.29999998211860657,0.29999998211860657,0.8088235294117647,0.29999998211860657,0.29999998211860657,0.29999998211860657,1.5009558823529423,0.29999998211860657,0.29999998211860657,0.29999998211860657,0.29999998211860657,2.0955882352941178,1.8273585305340196,0.29999998211860657,628.6011962890625,0.29999998211860657,7686,0.29999998211860657,0.7727272727272727,22,0.29999998211860657,0.29999998211860657,0.29999998211860657,0.29999998211860657,0.00279052734375,0.29999998211860657,0.29999998211860657,0.29999998211860657,0.29999998211860657,5780,0.29999998211860657,0.29999998211860657,0.29999998211860657,910.17,339,18,0.29999998211860657,0.2,3380,1.0,0.30000001192092896,21,-5.374142646789551,110,0.5238095238095238,0.6190476190476191,12,0.9545454545454546,1e-05,0.0017399228,20,0.9,-0.06335270404815674,22,21,0.7727534770965576,0.22413599850260651,-0.003738595761569741,0.06732864379882812,0.1,0.0
0.29999998211860657,44564480,1.0,0.29999998211860657,0.29999998211860657,0.13013698630136986,0.29999998211860657,0.29999998211860657,0.8698630136986302,0.29999998211860657,0.29999998211860657,0.29999998211860657,1.5131917808219189,0.29999998211860657,0.29999998211860657,0.29999998211860657,0.29999998211860657,1.856164383561644,1.551215359023377,0.29999998211860657,652.6845092773438,0.29999998211860657,7687,0.29999998211860657,0.6111111111111112,18,0.29999998211860657,0.29999998211860657,0.29999998211860657,0.29999998211860657,0.0028137207031249997,0.29999998211860657,0.29999998211860657,0.29999998211860657,0.29999998211860657,5796,0.29999998211860657,0.29999998211860657,0.29999998211860657,937.58,340,29,0.29999998211860657,0.2,3390,0.9473684210526315,0.30000001192092896,21,-5.374142646789551,127,0.7391304347826086,0.8095238095238095,19,0.9444444444444444,1e-05,0.0017858963,18,1.0,-0.041499942541122437,18,23,0.7508714199066162,0.23263487951480782,-0.003962147111633385,0.06919021606445312,0.1,0.0
0.29999998211860657,44695552,0.9523809523809523,0.29999998211860657,0.29999998211860657,0.14615384615384616,0.29999998211860657,0.29999998211860657,0.8538461538461538,0.29999998211860657,0.29999998211860657,0.29999998211860657,1.4960307692307704,0.29999998211860657,0.29999998211860657,0.29999998211860657,0.29999998211860657,2.0615384615384613,1.60542087244571,0.29999998211860657,645.38525390625,0.29999998211860657,7689,0.29999998211860657,0.7692307692307693,13,0.29999998211860657,0.29999998211860657,0.29999998211860657,0.29999998211860657,0.0029278564453125,0.29999998211860657,0.29999998211860657,0.29999998211860657,0.29999998211860657,5812,0.29999998211860657,0.29999998211860657,0.29999998211860657,932.74,341,21,0.29999998211860657,0.2,3400,1.0,0.30000001192092896,19,-5.374142646789551,111,0.75,0.6842105263157895,15,0.8947368421052632,1e-05,0.0018236276,19,0.9473684210526315,-0.09467984735965729,19,24,0.7650361657142639,0.18784776955726556,-0.004053402510135129,0.07483901977539062,0.1,0.0
0.29999998211860657,44826624,1.0,0.29999998211860657,0.29999998211860657,0.1503267973856209,0.29999998211860657,0.29999998211860657,0.8496732026143791,0.29999998211860657,0.29999998211860657,0.29999998211860657,1.4869150326797396,0.29999998211860657,0.29999998211860657,0.29999998211860657,0.29999998211860657,2.0,1.4948486800409946,0.29999998211860657,656.9473266601562,0.29999998211860657,7690,0.29999998211860657,0.75,20,0.29999998211860657,0.29999998211860657,0.29999998211860657,0.29999998211860657,0.0029376220703125006,0.29999998211860657,0.29999998211860657,0.29999998211860657,0.29999998211860657,5828,0.29999998211860657,0.29999998211860657,0.29999998211860657,936.19,342,26,0.29999998211860657,0.2,3410,1.0,0.30000001192092896,18,-5.374142646789551,130,0.5517241379310345,0.8333333333333334,22,1.0,1e-05,0.0017540932,20,0.9,0.010149896144866943,18,29,0.7848790287971497,0.20598376862471923,-0.0037637438011188353,0.06681289672851562,0.1,0.0
0.29999998211860657,44957696,1.0,0.29999998211860657,0.29999998211860657,0.19402985074626866,0.29999998211860657,0.29999998211860657,0.8059701492537313,0.29999998211860657,0.29999998211860657,0.29999998211860657,1.484223880597016,0.29999998211860657,0.29999998211860657,0.29999998211860657,0.29999998211860657,1.8955223880597014,1.7976796798889252,0.29999998211860657,648.7215576171875,0.29999998211860657,7691,0.29999998211860657,0.75,16,0.29999998211860657,0.29999998211860657,0.29999998211860657,0.29999998211860657,0.0029299926757812497,0.29999998211860657,0.29999998211860657,0.29999998211860657,0.29999998211860657,5844,0.29999998211860657,0.29999998211860657,0.29999998211860657,930.82,343,20,0.29999998211860657,0.2,3420,0.9090909090909091,0.30000001192092896,21,-5.374142646789551,108,0.5555555555555556,0.6666666666666666,22,0.95,1e-05,0.0018039763,17,0.7647058823529411,-0.053820252418518066,20,18,0.7539888620376587,0.21684713002177886,-0.00361546284848373,0.06797332763671875,0.1,0.0
0.29999998211860657,45088768,1.0,0.29999998211860657,0.29999998211860657,0.12056737588652482,0.29999998211860657,0.29999998211860657,0.8794326241134752,0.29999998211860657,0.29999998211860657,0.29999998211860657,1.488113475177306,0.29999998211860657,0.29999998211860657,0.29999998211860657,0.29999998211860657,1.8865248226950355,1.7086090518761894,0.29999998211860657,669.0119018554688,0.29999998211860657,7693,0.29999998211860657,0.8571428571428571,28,0.29999998211860657,0.29999998211860657,0.29999998211860657,0.29999998211860657,0.00299072265625,0.29999998211860657,0.29999998211860657,0.29999998211860657,0.29999998211860657,5860,0.29999998211860657,0.29999998211860657,0.29999998211860657,964.59,344,24,0.29999998211860657,0.2,3430,1.0,0.30000001192092896,22,-5.374142646789551,124,0.6875,0.7272727272727273,19,1.0,1e-05,0.0018160453,17,0.8823529411764706,-0.06441397964954376,15,16,0.7356420755386353,0.24136974598513916,-0.003979441982323806,0.07309036254882813,0.1,0.0
0.29999998211860657,45219840,1.0,0.29999998211860657,0.29999998211860657,0.14925373134328357,0.29999998211860657,0.29999998211860657,0.8507462686567164,0.29999998211860657,0.29999998211860657,0.29999998211860657,1.4726417910447773,0.29999998211860657,0.29999998211860657,0.29999998211860657,0.29999998211860657,1.9402985074626866,1.6092437695148198,0.29999998211860657,654.7205200195312,0.29999998211860657,7694,0.29999998211860657,0.7647058823529411,17,0.29999998211860657,0.29999998211860657,0.29999998211860657,0.29999998211860657,0.00288665771484375,0.29999998211860657,0.29999998211860657,0.29999998211860657,0.29999998211860657,5876,0.29999998211860657,0.29999998211860657,0.29999998211860657,929.9,345,22,0.29999998211860657,0.2,3440,1.0,0.30000001192092896,31,-5.374142646789551,114,0.75,0.8064516129032258,14,0.8235294117647058,1e-05,0.0017665055,9,0.8888888888888888,-0.09803608059883118,17,24,0.7240267992019653,0.18731144069461153,-0.0037649628572580694,0.06887435913085938,0.1,0.0
0.29999998211860657,45350912,1.0,0.29999998211860657,0.29999998211860657,0.14482758620689656,0.29999998211860657,0.29999998211860657,0.8551724137931035,0.29999998211860657,0.29999998211860657,0.29999998211860657,1.4853517241379322,0.29999998211860657,0.29999998211860657,0.29999998211860657,0.29999998211860657,2.0344827586206895,1.7417462771753058,0.29999998211860657,666.2800903320312,0.29999998211860657,7695,0.29999998211860657,0.8260869565217391,23,0.29999998211860657,0.29999998211860657,0.29999998211860657,0.29999998211860657,0.002982177734375,0.29999998211860657,0.29999998211860657,0.29999998211860657,0.29999998211860657,5892,0.29999998211860657,0.29999998211860657,0.29999998211860657,946.69,346,20,0.29999998211860657,0.2,3450,0.8823529411764706,0.30000001192092896,28,-5.374142646789551,124,0.7727272727272727,0.6785714285714286,17,1.0,1e-05,0.0018179605,16,0.9375,-0.06541645526885986,19,22,0.7486043572425842,0.21444024886586704,-0.003994356880366467,0.07427520751953125,0.1,0.0
0.29999998211860657,45481984,0.9333333333333333,0.29999998211860657,0.29999998211860657,0.21232876712328766,0.29999998211860657,0.29999998211860657,0.7876712328767124,0.29999998211860657,0.29999998211860657,0.29999998211860657,1.4737808219178092,0.29999998211860657,0.29999998211860657,0.29999998211860657,0.29999998211860657,2.4383561643835616,1.8483748688766013,0.29999998211860657,640.8936157226562,0.29999998211860657,7697,0.29999998211860657,0.7391304347826086,23,0.29999998211860657,0.29999998211860657,0.29999998211860657,0.29999998211860657,0.00296966552734375,0.29999998211860657,0.29999998211860657,0.29999998211860657,0.29999998211860657,5909,0.29999998211860657,0.29999998211860657,0.29999998211860657,917.27,347,15,0.29999998211860657,0.2,3460,0.8666666666666667,0.30000001192092896,21,-5.374142646789551,115,0.6060606060606061,0.7619047619047619,15,0.875,1e-05,0.0017830534,23,0.9130434782608695,-0.08446629345417023,16,33,0.7258884906768799,0.20330043614376336,-0.0036858644954008923,0.06958465576171875,0.1,0.0
0.29999998211860657,45613056,1.0,0.29999998211860657,0.29999998211860657,0.13740458015267176,0.29999998211860657,0.29999998211860657,0.8625954198473282,0.29999998211860657,0.29999998211860657,0.29999998211860657,1.4946259541984745,0.29999998211860657,0.29999998211860657,0.29999998211860657,0.29999998211860657,1.9312977099236641,1.5728050448393287,0.29999998211860657,661.6038818359375,0.29999998211860657,7698,0.29999998211860657,0.8333333333333334,12,0.29999998211860657,0.29999998211860657,0.29999998211860657,0.29999998211860657,0.002996826171875,0.29999998211860657,0.29999998211860657,0.29999998211860657,0.29999998211860657,5925,0.29999998211860657,0.29999998211860657,0.29999998211860657,945.28,348,24,0.29999998211860657,0.2,3470,1.0,0.30000001192092896,22,-5.374142646789551,113,0.6666666666666666,0.6818181818181818,11,1.0,1e-05,0.0017944316,16,0.9375,0.09537383913993835,22,24,0.7875708341598511,0.28272970613325016,-0.0037098175932442244,0.07029647827148437,0.1,0.0
0.29999998211860657,45744128,1.0,0.29999998211860657,0.29999998211860657,0.20915032679738563,0.29999998211860657,0.29999998211860657,0.7908496732026143,0.29999998211860657,0.29999998211860657,0.29999998211860657,1.485686274509805,0.29999998211860657,0.29999998211860657,0.29999998211860657,0.29999998211860657,2.019607843137255,1.6903322505344294,0.29999998211860657,629.0538330078125,0.29999998211860657,7699,0.29999998211860657,0.8484848484848485,33,0.29999998211860657,0.29999998211860657,0.29999998211860657,0.29999998211860657,0.0029681396484375,0.29999998211860657,0.29999998211860657,0.29999998211860657,0.29999998211860657,5941,0.29999998211860657,0.29999998211860657,0.29999998211860657,897.54,349,21,0.29999998211860657,0.2,3480,0.9375,0.30000001192092896,23,-5.374142646417022,121,0.42857142857142855,0.5652173913043478,16,0.95,1e-05,0.001786402,19,0.8421052631578947,-0.11827769875526428,20,21,0.7838776111602783,0.19733656241442077,-0.003759909325344779,0.06986083984375,0.1,0.0
0.29999998211860657,45875200,1.0,0.29999998211860657,0.29999998211860657,0.17692307692307693,0.29999998211860657,0.29999998211860657,0.823076923076923,0.29999998211860657,0.29999998211860657,0.29999998211860657,1.4817846153846166,0.29999998211860657,0.29999998211860657,0.29999998211860657,0.29999998211860657,2.1384615384615384,1.7015437287249664,0.29999998211860657,623.8836059570312,0.29999998211860657,7701,0.29999998211860657,0.7368421052631579,19,0.29999998211860657,0.29999998211860657,0.29999998211860657,0.29999998211860657,0.0029547119140625002,0.29999998211860657,0.29999998211860657,0.29999998211860657,0.29999998211860657,5957,0.29999998211860657,0.29999998211860657,0.29999998211860657,896.18,350,18,0.29999998211860657,0.2,3490,1.0,0.30000001192092896,27,-5.374142646789551,107,0.5,0.6666666666666666,15,1.0,1e-05,0.0017541171,18,1.0,-0.12273389101028442,15,18,0.8039752244949341,0.2550716597528663,-0.0037828713069302466,0.06614608764648437,0.1,0.0
0.29999998211860657,46006272,0.9523809523809523,0.29999998211860657,0.29999998211860657,0.152317880794702,0.29999998211860657,0.29999998211860657,0.847682119205298,0.29999998211860657,0.29999998211860657,0.29999998211860657,1.4711390728476832,0.29999998211860657,0.29999998211860657,0.29999998211860657,0.29999998211860657,2.1390728476821192,1.6012438841304928,0.29999998211860657,654.5437622070312,0.29999998211860657,7702,0.29999998211860657,0.7272727272727273,22,0.29999998211860657,0.29999998211860657,0.29999998211860657,0.29999998211860657,0.00297637939453125,0.29999998211860657,0.29999998211860657,0.29999998211860657,0.29999998211860657,5973,0.29999998211860657,0.29999998211860657,0.29999998211860657,932.52,351,21,0.29999998211860657,0.2,3500,1.0,0.30000001192092896,27,-5.374142646789551,128,0.7714285714285715,0.7407407407407407,14,0.9473684210526315,1e-05,0.0018325592,13,1.0,-0.023740142583847046,19,35,0.7689715027809143,0.23343557434272952,-0.003889022146950083,0.07284164428710938,0.1,0.0
0.29999998211860657,46137344,1.0,0.29999998211860657,0.29999998211860657,0.21804511278195488,0.29999998211860657,0.29999998211860657,0.7819548872180451,0.29999998211860657,0.29999998211860657,0.29999998211860657,1.4609473684210539,0.29999998211860657,0.29999998211860657,0.29999998211860657,0.29999998211860657,2.0676691729323307,1.9573252135774009,0.29999998211860657,624.3783569335938,0.29999998211860657,7703,0.29999998211860657,0.6363636363636364,22,0.29999998211860657,0.29999998211860657,0.29999998211860657,0.29999998211860657,0.0030145263671875,0.29999998211860657,0.29999998211860657,0.29999998211860657,0.29999998211860657,5989,0.29999998211860657,0.29999998211860657,0.29999998211860657,903.15,352,13,0.29999998211860657,0.2,3510,1.0,0.30000001192092896,18,-5.374142646789551,104,0.4782608695652174,0.5555555555555556,18,0.9565217391304348,1e-05,0.0018169433,16,1.0,-0.012899011373519897,23,23,0.7127553224563599,0.2734049309045076,-0.003730296073717909,0.0724822998046875,0.1,0.0
0.29999998211860657,46268416,1.0,0.29999998211860657,0.29999998211860657,0.15894039735099338,0.29999998211860657,0.29999998211860657,0.8410596026490066,0.29999998211860657,0.29999998211860657,0.29999998211860657,1.485059602649008,0.29999998211860657,0.29999998211860657,0.29999998211860657,0.29999998211860657,1.966887417218543,1.5803154600900304,0.29999998211860657,639.1348876953125,0.29999998211860657,7704,0.29999998211860657,0.9230769230769231,13,0.29999998211860657,0.29999998211860657,0.29999998211860657,0.29999998211860657,0.0029864501953125,0.29999998211860657,0.29999998211860657,0.29999998211860657,0.29999998211860657,6005,0.29999998211860657,0.29999998211860657,0.29999998211860657,913.3,353,29,0.29999998211860657,0.2,3520,1.0,0.30000001192092896,33,-5.374142646789551,127,0.5384615384615384,0.696969696969697,12,1.0,1e-05,0.0018354598,17,0.9411764705882353,-0.029618650674819946,21,26,0.7665669918060303,0.24135866372962483,-0.003865724280649374,0.068035888671875,0.1,0.0
0.29999998211860657,46399488,1.0,0.29999998211860657,0.29999998211860657,0.19117647058823528,0.29999998211860657,0.29999998211860657,0.8088235294117647,0.29999998211860657,0.29999998211860657,0.29999998211860657,1.4913970588235306,0.29999998211860657,0.29999998211860657,0.29999998211860657,0.29999998211860657,1.9558823529411764,1.5585955395800706,0.29999998211860657,619.19677734375,0.29999998211860657,7706,0.29999998211860657,0.7142857142857143,21,0.29999998211860657,0.29999998211860657,0.29999998211860657,0.29999998211860657,0.002974853515625,0.29999998211860657,0.29999998211860657,0.29999998211860657,0.29999998211860657,6021,0.29999998211860657,0.29999998211860657,0.29999998211860657,887.37,354,26,0.29999998211860657,0.2,3530,1.0,0.30000001192092896,31,-5.374142646789551,110,0.75,0.5806451612903226,12,0.8461538461538461,1e-05,0.0017881843,13,1.0,-0.06040915846824646,13,20,0.7689286470413208,0.25323233301751313,-0.00391542513625609,0.06987686157226562,0.1,0.0
0.29999998211860657,46530560,1.0,0.29999998211860657,0.29999998211860657,0.12666666666666668,0.29999998211860657,0.29999998211860657,0.8733333333333333,0.29999998211860657,0.29999998211860657,0.29999998211860657,1.4819200000000012,0.29999998211860657,0.29999998211860657,0.29999998211860657,0.29999998211860657,1.8,1.551906085272994,0.29999998211860657,648.7245483398438,0.29999998211860657,7707,0.29999998211860657,0.9333333333333333,15,0.29999998211860657,0.29999998211860657,0.29999998211860657,0.29999998211860657,0.00295623779296875,0.29999998211860657,0.29999998211860657,0.29999998211860657,0.29999998211860657,6037,0.29999998211860657,0.29999998211860657,0.29999998211860657,925.08,355,35,0.29999998211860657,0.2,3540,0.95,0.30000001192092896,24,-5.374142646789551,131,0.5909090909090909,0.6666666666666666,20,1.0,1e-05,0.0016960633,19,1.0,-0.008586257696151733,15,22,0.7350207567214966,0.25658950374345296,-0.003734698154994476,0.061762237548828126,0.1,0.0
0.29999998211860657,46661632,1.0,0.29999998211860657,0.29999998211860657,0.17142857142857143,0.29999998211860657,0.29999998211860657,0.8285714285714286,0.29999998211860657,0.29999998211860657,0.29999998211860657,1.507514285714287,0.29999998211860657,0.29999998211860657,0.29999998211860657,0.29999998211860657,1.7428571428571429,1.610935950759663,0.29999998211860657,638.3453979492188,0.29999998211860657,7708,0.29999998211860657,0.7727272727272727,22,0.29999998211860657,0.29999998211860657,0.29999998211860657,0.29999998211860657,0.00304595947265625,0.29999998211860657,0.29999998211860657,0.29999998211860657,0.29999998211860657,6053,0.29999998211860657,0.29999998211860657,0.29999998211860657,908.76,356,27,0.29999998211860657,0.2,3550,0.9545454545454546,0.30000001192092896,20,-5.374142646789551,116,0.6,0.6,22,0.9375,1e-05,0.0017961198,13,0.9230769230769231,-0.07179185748100281,16,20,0.7512194514274597,0.21322905152337626,-0.0038306912246298453,0.07177810668945313,0.1,0.0
0.29999998211860657,46792704,1.0,0.29999998211860657,0.29999998211860657,0.16666666666666666,0.29999998211860657,0.29999998211860657,0.8333333333333334,0.29999998211860657,0.29999998211860657,0.29999998211860657,1.4962666666666677,0.29999998211860657,0.29999998211860657,0.29999998211860657,0.29999998211860657,2.1466666666666665,1.5904940046329543,0.29999998211860657,655.1578369140625,0.29999998211860657,7709,0.29999998211860657,0.8571428571428571,14,0.29999998211860657,0.29999998211860657,0.29999998211860657,0.29999998211860657,0.0030349731445312505,0.29999998211860657,0.29999998211860657,0.29999998211860657,0.29999998211860657,6069,0.29999998211860657,0.29999998211860657,0.29999998211860657,924.85,357,26,0.29999998211860657,0.2,3560,1.0,0.30000001192092896,28,-5.374142646789551,125,0.6551724137931034,0.6428571428571429,15,0.9411764705882353,1e-05,0.0017924334,21,0.9047619047619048,-0.02016425132751465,17,29,0.756433367729187,0.23466084476094692,-0.0037694609670325006,0.06933441162109374,0.1,0.0
0.29999998211860657,46923776,1.0,0.29999998211860657,0.29999998211860657,0.17293233082706766,0.29999998211860657,0.29999998211860657,0.8270676691729323,0.29999998211860657,0.29999998211860657,0.29999998211860657,1.4772330827067681,0.29999998211860657,0.29999998211860657,0.29999998211860657,0.29999998211860657,1.8796992481203008,1.7347740419031568,0.29999998211860657,648.240478515625,0.29999998211860657,7710,0.29999998211860657,0.75,32,0.29999998211860657,0.29999998211860657,0.29999998211860657,0.29999998211860657,0.00311981201171875,0.29999998211860657,0.29999998211860657,0.29999998211860657,0.29999998211860657,6085,0.29999998211860657,0.29999998211860657,0.29999998211860657,931.38,358,23,0.29999998211860657,0.2,3570,0.9090909090909091,0.30000001192092896,17,-5.374142646789551,110,0.6956521739130435,0.7647058823529411,11,0.875,1e-05,0.0018477641,11,0.9090909090909091,-0.025688961148262024,16,23,0.7612857818603516,0.2478732664254494,-0.003781428050297109,0.07395477294921875,0.1,0.0
0.29999998211860657,47054848,1.0,0.29999998211860657,0.29999998211860657,0.14084507042253522,0.29999998211860657,0.29999998211860657,0.8591549295774648,0.29999998211860657,0.29999998211860657,0.29999998211860657,1.4821126760563392,0.29999998211860657,0.29999998211860657,0.29999998211860657,0.29999998211860657,1.9507042253521127,1.6424050026254946,0.29999998211860657,666.5479125976562,0.29999998211860657,7712,0.29999998211860657,0.8,25,0.29999998211860657,0.29999998211860657,0.29999998211860657,0.29999998211860657,0.003101806640625,0.29999998211860657,0.29999998211860657,0.29999998211860657,0.29999998211860657,6101,0.29999998211860657,0.29999998211860657,0.29999998211860657,950.57,359,24,0.29999998211860657,0.2,3580,1.0,0.30000001192092896,26,-5.374142646789551,122,0.6956521739130435,0.7307692307692307,16,1.0,1e-05,0.001683673,13,0.9230769230769231,-0.10411489009857178,15,23,0.8058751225471497,0.2170533464231994,-0.003859630723582086,0.061305999755859375,0.1,0.0
0.29999998211860657,47185920,0.9629629629629629,0.29999998211860657,0.29999998211860657,0.1417910447761194,0.29999998211860657,0.29999998211860657,0.8582089552238806,0.29999998211860657,0.29999998211860657,0.29999998211860657,1.4965970149253742,0.29999998211860657,0.29999998211860657,0.29999998211860657,0.29999998211860657,2.0522388059701493,1.5831963361304562,0.29999998211860657,657.6133422851562,0.29999998211860657,7713,0.29999998211860657,0.9166666666666666,12,0.29999998211860657,0.29999998211860657,0.29999998211860657,0.29999998211860657,0.0030413818359375,0.29999998211860657,0.29999998211860657,0.29999998211860657,0.29999998211860657,6117,0.29999998211860657,0.29999998211860657,0.29999998211860657,937.29,360,27,0.29999998211860657,0.2,3590,1.0,0.30000001192092896,24,-5.374142646789551,115,0.7307692307692307,0.625,17,1.0,1e-05,0.0017960104,17,0.9411764705882353,-0.12498834729194641,11,26,0.7863051891326904,0.20080892061814665,-0.0037720358488058992,0.06681671142578124,0.1,0.0
0.29999998211860657,47316992,1.0,0.29999998211860657,0.29999998211860657,0.1986754966887417,0.29999998211860657,0.29999998211860657,0.8013245033112583,0.29999998211860657,0.29999998211860657,0.29999998211860657,1.4988874172185442,0.29999998211860657,0.29999998211860657,0.29999998211860657,0.29999998211860657,2.066225165562914,1.713894154896252,0.29999998211860657,649.9820556640625,0.29999998211860657,7714,0.29999998211860657,0.6666666666666666,27,0.29999998211860657,0.29999998211860657,0.29999998211860657,0.29999998211860657,0.0030767822265625,0.29999998211860657,0.29999998211860657,0.29999998211860657,0.29999998211860657,6133,0.29999998211860657,0.29999998211860657,0.29999998211860657,928.45,361,26,0.29999998211860657,0.2,3600,0.9285714285714286,0.30000001192092896,20,-5.374142646789551,121,0.56,0.65,14,0.9411764705882353,1e-05,0.0017484599,22,0.9545454545454546,-0.11320407688617706,17,25,0.7436540722846985,0.22208832149626687,-0.0035008043310881475,0.06768112182617188,0.1,0.0
0.29999998211860657,47448064,1.0,0.29999998211860657,0.29999998211860657,0.20588235294117646,0.29999998211860657,0.29999998211860657,0.7941176470588235,0.29999998211860657,0.29999998211860657,0.29999998211860657,1.4871470588235305,0.29999998211860657,0.29999998211860657,0.29999998211860657,0.29999998211860657,2.1029411764705883,1.7649038213235593,0.29999998211860657,629.9528198242188,0.29999998211860657,7715,0.29999998211860657,0.7368421052631579,19,0.29999998211860657,0.29999998211860657,0.29999998211860657,0.29999998211860657,0.0031378173828125,0.29999998211860657,0.29999998211860657,0.29999998211860657,0.29999998211860657,6149,0.29999998211860657,0.29999998211860657,0.29999998211860657,898.42,362,20,0.29999998211860657,0.2,3610,0.9333333333333333,0.30000001192092896,23,-5.374142646789551,108,0.5483870967741935,0.6521739130434783,15,1.0,1e-05,0.0018382091,12,1.0,0.08103248476982117,16,31,0.7603579759597778,0.2823252797301393,-0.00383836613054882,0.07224044799804688,0.1,0.0
0.29999998211860657,47579136,0.9629629629629629,0.29999998211860657,0.29999998211860657,0.07692307692307693,0.29999998211860657,0.29999998211860657,0.9230769230769231,0.29999998211860657,0.29999998211860657,0.29999998211860657,1.4733286713286728,0.29999998211860657,0.29999998211860657,0.29999998211860657,0.29999998211860657,1.979020979020979,1.5115765087204407,0.29999998211860657,683.806884765625,0.29999998211860657,7716,0.29999998211860657,0.875,16,0.29999998211860657,0.29999998211860657,0.29999998211860657,0.29999998211860657,0.0031658935546875003,0.29999998211860657,0.29999998211860657,0.29999998211860657,0.29999998211860657,6165,0.29999998211860657,0.29999998211860657,0.29999998211860657,969.01,363,27,0.29999998211860657,0.2,3620,1.0,0.30000001192092896,23,-5.374142646789551,132,0.8888888888888888,0.8260869565217391,17,0.9444444444444444,1e-05,0.0018050594,24,0.9583333333333334,-0.07913057506084442,18,18,0.7498049736022949,0.2600242034706753,-0.003663194733326236,0.069647216796875,0.1,0.0
0.29999998211860657,47710208,1.0,0.29999998211860657,0.29999998211860657,0.12213740458015267,0.29999998211860657,0.29999998211860657,0.8778625954198473,0.29999998211860657,0.29999998211860657,0.29999998211860657,1.485435114503818,0.29999998211860657,0.29999998211860657,0.29999998211860657,0.29999998211860657,1.8396946564885497,1.4917918822589251,0.29999998211860657,670.87109375,0.29999998211860657,7717,0.29999998211860657,0.8571428571428571,21,0.29999998211860657,0.29999998211860657,0.29999998211860657,0.29999998211860657,0.0031225585937500002,0.29999998211860657,0.29999998211860657,0.29999998211860657,0.29999998211860657,6181,0.29999998211860657,0.29999998211860657,0.29999998211860657,952.83,364,25,0.29999998211860657,0.2,3630,0.9444444444444444,0.30000001192092896,17,-5.374142646789551,115,0.75,0.6470588235294118,18,0.9333333333333333,1e-05,0.0017964909,15,1.0,-0.0780174732208252,15,20,0.7671386003494263,0.1812579348566942,-0.003849045339029544,0.07160568237304688,0.1,0.0
0.29999998211860657,47841280,1.0,0.29999998211860657,0.29999998211860657,0.16326530612244897,0.29999998211860657,0.29999998211860657,0.8367346938775511,0.29999998211860657,0.29999998211860657,0.29999998211860657,1.4879863945578244,0.29999998211860657,0.29999998211860657,0.29999998211860657,0.29999998211860657,1.8639455782312926,1.6484946271455565,0.29999998211860657,650.7272338867188,0.29999998211860657,7718,0.29999998211860657,0.7619047619047619,21,0.29999998211860657,0.29999998211860657,0.29999998211860657,0.29999998211860657,0.0030828857421875003,0.29999998211860657,0.29999998211860657,0.29999998211860657,0.29999998211860657,6197,0.29999998211860657,0.29999998211860657,0.29999998211860657,926.67,365,30,0.29999998211860657,0.2,3640,0.8125,0.30000001192092896,25,-5.374142646789551,123,0.7083333333333334,0.72,16,1.0,1e-05,0.0018548472,15,0.8666666666666667,-0.16528871655464172,16,24,0.7400527000427246,0.18072021153056994,-0.004024061759037067,0.073870849609375,0.1,0.0
0.29999998211860657,47972352,1.0,0.29999998211860657,0.29999998211860657,0.15671641791044777,0.29999998211860657,0.29999998211860657,0.8432835820895522,0.29999998211860657,0.29999998211860657,0.29999998211860657,1.480955223880598,0.29999998211860657,0.29999998211860657,0.29999998211860657,0.29999998211860657,1.835820895522388,1.628057334600938,0.29999998211860657,649.0299072265625,0.29999998211860657,7720,0.29999998211860657,0.7391304347826086,23,0.29999998211860657,0.29999998211860657,0.29999998211860657,0.29999998211860657,0.0031274414062499997,0.29999998211860657,0.29999998211860657,0.29999998211860657,0.29999998211860657,6213,0.29999998211860657,0.29999998211860657,0.29999998211860657,923.69,366,26,0.29999998211860657,0.2,3650,1.0,0.30000001192092896,22,-5.374142646789551,113,0.625,0.6363636363636364,21,1.0,1e-05,0.0017801822,15,0.9333333333333333,-0.07218797504901886,11,16,0.7737188339233398,0.2415362727595493,-0.0036102556373407424,0.06871490478515625,0.1,0.0
0.29999998211860657,48103424,1.0,0.29999998211860657,0.29999998211860657,0.11486486486486487,0.29999998211860657,0.29999998211860657,0.8851351351351351,0.29999998211860657,0.29999998211860657,0.29999998211860657,1.4878108108108117,0.29999998211860657,0.29999998211860657,0.29999998211860657,0.29999998211860657,1.8108108108108107,1.5725421382199367,0.29999998211860657,663.5957641601562,0.29999998211860657,7721,0.29999998211860657,0.84,25,0.29999998211860657,0.29999998211860657,0.29999998211860657,0.29999998211860657,0.003116455078125,0.29999998211860657,0.29999998211860657,0.29999998211860657,0.29999998211860657,6229,0.29999998211860657,0.29999998211860657,0.29999998211860657,938.77,367,24,0.29999998211860657,0.2,3660,1.0,0.30000001192092896,27,-5.374142646789551,131,0.7692307692307693,0.7407407407407407,17,1.0,1e-05,0.001866065,8,1.0,-0.11673308908939362,21,26,0.7213678359985352,0.22577376505942084,-0.003696346334163536,0.07097091674804687,0.1,0.0
0.29999998211860657,48234496,1.0,0.29999998211860657,0.29999998211860657,0.13076923076923078,0.29999998211860657,0.29999998211860657,0.8692307692307693,0.29999998211860657,0.29999998211860657,0.29999998211860657,1.4676615384615392,0.29999998211860657,0.29999998211860657,0.29999998211860657,0.29999998211860657,1.7461538461538462,1.5626883603467163,0.29999998211860657,665.3546752929688,0.29999998211860657,7722,0.29999998211860657,0.9130434782608695,23,0.29999998211860657,0.29999998211860657,0.29999998211860657,0.29999998211860657,0.0031350708007812497,0.29999998211860657,0.29999998211860657,0.29999998211860657,0.29999998211860657,6245,0.29999998211860657,0.29999998211860657,0.29999998211860657,945.25,368,26,0.29999998211860657,0.2,3670,1.0,0.30000001192092896,22,-5.374142646789551,113,0.6428571428571429,0.5909090909090909,20,0.9166666666666666,1e-05,0.0017312354,13,1.0,-0.12914445996284485,12,14,0.7327224612236023,0.1709764709987212,-0.003638806640265102,0.06266632080078124,0.1,0.0
0.29999998211860657,48365568,1.0,0.29999998211860657,0.29999998211860657,0.1610738255033557,0.29999998211860657,0.29999998211860657,0.8389261744966443,0.29999998211860657,0.29999998211860657,0.29999998211860657,1.4905234899328872,0.29999998211860657,0.29999998211860657,0.29999998211860657,0.29999998211860657,1.825503355704698,1.6689402509677072,0.29999998211860657,644.5578002929688,0.29999998211860657,7723,0.29999998211860657,0.88,25,0.29999998211860657,0.29999998211860657,0.29999998211860657,0.29999998211860657,0.00318450927734375,0.29999998211860657,0.29999998211860657,0.29999998211860657,0.29999998211860657,6262,0.29999998211860657,0.29999998211860657,0.29999998211860657,923.71,369,28,0.29999998211860657,0.2,3680,0.9444444444444444,0.30000001192092896,14,-5.374142646789551,125,0.6666666666666666,0.5714285714285714,18,1.0,1e-05,0.0017655964,14,0.7142857142857143,-0.1069072037935257,20,30,0.7598399519920349,0.2024154122627806,-0.00349909257811305,0.06703338623046876,0.1,0.0
0.29999998211860657,48496640,1.0,0.29999998211860657,0.29999998211860657,0.10606060606060606,0.29999998211860657,0.29999998211860657,0.8939393939393939,0.29999998211860657,0.29999998211860657,0.29999998211860657,1.4971515151515162,0.29999998211860657,0.29999998211860657,0.29999998211860657,0.29999998211860657,2.0681818181818183,1.7017141317286346,0.29999998211860657,675.5547485351562,0.29999998211860657,7724,0.29999998211860657,0.88,25,0.29999998211860657,0.29999998211860657,0.29999998211860657,0.29999998211860657,0.0032287597656250003,0.29999998211860657,0.29999998211860657,0.29999998211860657,0.29999998211860657,6278,0.29999998211860657,0.29999998211860657,0.29999998211860657,958.88,370,17,0.29999998211860657,0.2,3690,0.85,0.30000001192092896,20,-5.374142646789551,118,0.85,0.8,20,0.9285714285714286,1e-05,0.0018186813,16,1.0,-0.10046148300170898,14,20,0.7805024981498718,0.22829856379539706,-0.003846543637700961,0.06970291137695313,0.1,0.0
0.29999998211860657,48627712,1.0,0.29999998211860657,0.29999998211860657,0.11510791366906475,0.29999998211860657,0.29999998211860657,0.8848920863309353,0.29999998211860657,0.29999998211860657,0.29999998211860657,1.4905323741007206,0.29999998211860657,0.29999998211860657,0.29999998211860657,0.29999998211860657,2.0215827338129495,1.6241209845858726,0.29999998211860657,667.3403930664062,0.29999998211860657,7725,0.29999998211860657,0.8695652173913043,23,0.29999998211860657,0.29999998211860657,0.29999998211860657,0.29999998211860657,0.003184814453125,0.29999998211860657,0.29999998211860657,0.29999998211860657,0.29999998211860657,6294,0.29999998211860657,0.29999998211860657,0.29999998211860657,945.95,371,25,0.29999998211860657,0.2,3700,1.0,0.30000001192092896,23,-5.374142646789551,123,0.5625,0.782608695652174,17,1.0,1e-05,0.0017602255,22,0.9545454545454546,-0.05543532967567444,13,16,0.7007150650024414,0.16389598670648411,-0.0036482043060914295,0.06490707397460938,0.1,0.0
0.29999998211860657,48758784,0.9523809523809523,0.29999998211860657,0.29999998211860657,0.1259259259259259,0.29999998211860657,0.29999998211860657,0.8740740740740741,0.29999998211860657,0.29999998211860657,0.29999998211860657,1.5049629629629644,0.29999998211860657,0.29999998211860657,0.29999998211860657,0.29999998211860657,2.4518518518518517,1.715124851196101,0.29999998211860657,672.2308349609375,0.29999998211860657,7727,0.29999998211860657,0.7619047619047619,21,0.29999998211860657,0.29999998211860657,0.29999998211860657,0.29999998211860657,0.0032061767578125,0.29999998211860657,0.29999998211860657,0.29999998211860657,0.29999998211860657,6310,0.29999998211860657,0.29999998211860657,0.29999998211860657,959.24,372,21,0.29999998211860657,0.2,3710,1.0,0.30000001192092896,21,-5.374142646789551,118,0.8095238095238095,0.8095238095238095,18,1.0,1e-05,0.0017525828,29,0.896551724137931,0.01252889633178711,4,21,0.7443356513977051,0.18712825656984933,-0.003634082229109481,0.06605606079101563,0.1,0.0
0.29999998211860657,48889856,1.0,0.29999998211860657,0.29999998211860657,0.0979020979020979,0.29999998211860657,0.29999998211860657,0.9020979020979021,0.29999998211860657,0.29999998211860657,0.29999998211860657,1.4837062937062946,0.29999998211860657,0.29999998211860657,0.29999998211860657,0.29999998211860657,1.944055944055944,1.5973457536078124,0.29999998211860657,668.8414916992188,0.29999998211860657,7728,0.29999998211860657,0.8125,16,0.29999998211860657,0.29999998211860657,0.29999998211860657,0.29999998211860657,0.00331024169921875,0.29999998211860657,0.29999998211860657,0.29999998211860657,0.29999998211860657,6326,0.29999998211860657,0.29999998211860657,0.29999998211860657,948.21,373,26,0.29999998211860657,0.2,3720,1.0,0.30000001192092896,21,-5.374142646789551,129,0.76,0.7619047619047619,14,1.0,1e-05,0.0017046167,19,1.0,-0.05141577124595642,22,25,0.7352414727210999,0.1792924025503453,-0.003618985825778509,0.06718902587890625,0.1,0.0
0.29999998211860657,49020928,0.9642857142857143,0.29999998211860657,0.29999998211860657,0.14492753623188406,0.29999998211860657,0.29999998211860657,0.855072463768116,0.29999998211860657,0.29999998211860657,0.29999998211860657,1.4724927536231895,0.29999998211860657,0.29999998211860657,0.29999998211860657,0.29999998211860657,1.9057971014492754,1.6356302302941834,0.29999998211860657,657.1406860351562,0.29999998211860657,7729,0.29999998211860657,0.75,8,0.29999998211860657,0.29999998211860657,0.29999998211860657,0.29999998211860657,0.003187255859375,0.29999998211860657,0.29999998211860657,0.29999998211860657,0.29999998211860657,6342,0.29999998211860657,0.29999998211860657,0.29999998211860657,935.16,374,28,0.29999998211860657,0.2,3730,1.0,0.30000001192092896,25,-5.374142646789551,118,0.6086956521739131,0.68,23,1.0,1e-05,0.0017341283,17,1.0,-0.10009922087192535,14,23,0.7438583374023438,0.17390707991435192,-0.003547550473103911,0.06701889038085937,0.1,0.0
0.29999998211860657,49152000,1.0,0.29999998211860657,0.29999998211860657,0.10218978102189781,0.29999998211860657,0.29999998211860657,0.8978102189781022,0.29999998211860657,0.29999998211860657,0.29999998211860657,1.5062043795620448,0.29999998211860657,0.29999998211860657,0.29999998211860657,0.29999998211860657,1.9562043795620438,1.5306918427057266,0.29999998211860657,681.34619140625,0.29999998211860657,7730,0.29999998211860657,0.9230769230769231,13,0.29999998211860657,0.29999998211860657,0.29999998211860657,0.29999998211860657,0.0032870483398437502,0.29999998211860657,0.29999998211860657,0.29999998211860657,0.29999998211860657,6358,0.29999998211860657,0.29999998211860657,0.29999998211860657,956.94,375,26,0.29999998211860657,0.2,3740,0.9444444444444444,0.30000001192092896,19,-5.374142646789551,123,0.7272727272727273,0.7368421052631579,18,0.9444444444444444,1e-05,0.0017372395,21,1.0,-0.04090653359889984,18,22,0.7770431041717529,0.18872298751375638,-0.0037028929064035765,0.06845626831054688,0.1,0.0
0.29999998211860657,49283072,1.0,0.29999998211860657,0.29999998211860657,0.15384615384615385,0.29999998211860657,0.29999998211860657,0.8461538461538461,0.29999998211860657,0.29999998211860657,0.29999998211860657,1.4898321678321689,0.29999998211860657,0.29999998211860657,0.29999998211860657,0.29999998211860657,1.944055944055944,1.6222389969879358,0.29999998211860657,667.4846801757812,0.29999998211860657,7731,0.29999998211860657,0.8,20,0.29999998211860657,0.29999998211860657,0.29999998211860657,0.29999998211860657,0.00328521728515625,0.29999998211860657,0.29999998211860657,0.29999998211860657,0.29999998211860657,6374,0.29999998211860657,0.29999998211860657,0.29999998211860657,949.95,376,31,0.29999998211860657,0.2,3750,0.9285714285714286,0.30000001192092896,22,-5.374142646789551,121,0.5714285714285714,0.7272727272727273,14,1.0,1e-05,0.001665575,21,0.9047619047619048,-0.1125962883234024,14,21,0.748260498046875,0.16173933667014354,-0.003535496355834766,0.061785888671875,0.1,0.0
0.29999998211860657,49414144,1.0,0.29999998211860657,0.29999998211860657,0.10218978102189781,0.29999998211860657,0.29999998211860657,0.8978102189781022,0.29999998211860657,0.29999998211860657,0.29999998211860657,1.4749051094890522,0.29999998211860657,0.29999998211860657,0.29999998211860657,0.29999998211860657,2.2992700729927007,1.6742612751649928,0.29999998211860657,669.500244140625,0.29999998211860657,7732,0.29999998211860657,0.875,16,0.29999998211860657,0.29999998211860657,0.29999998211860657,0.29999998211860657,0.0032760620117187507,0.29999998211860657,0.29999998211860657,0.29999998211860657,0.29999998211860657,6390,0.29999998211860657,0.29999998211860657,0.29999998211860657,947.22,377,19,0.29999998211860657,0.2,3760,0.9090909090909091,0.30000001192092896,17,-5.374142646789551,123,0.84,0.7058823529411765,11,0.9523809523809523,1e-05,0.001870539,28,0.9642857142857143,-0.06416594982147217,21,25,0.721271276473999,0.21088926614029332,-0.0037173071748838995,0.07347259521484376,0.1,0.0
0.29999998211860657,49545216,1.0,0.29999998211860657,0.29999998211860657,0.11594202898550725,0.29999998211860657,0.29999998211860657,0.8840579710144928,0.29999998211860657,0.29999998211860657,0.29999998211860657,1.4873623188405807,0.29999998211860657,0.29999998211860657,0.29999998211860657,0.29999998211860657,2.1956521739130435,1.5494499497655614,0.29999998211860657,651.6344604492188,0.29999998211860657,7733,0.29999998211860657,0.9,20,0.29999998211860657,0.29999998211860657,0.29999998211860657,0.29999998211860657,0.0032437133789062498,0.29999998211860657,0.29999998211860657,0.29999998211860657,0.29999998211860657,6406,0.29999998211860657,0.29999998211860657,0.29999998211860657,919.23,378,22,0.29999998211860657,0.2,3770,1.0,0.30000001192092896,22,-5.374142646789551,122,0.8181818181818182,0.7727272727272727,16,0.8461538461538461,1e-05,0.001836647,23,0.8695652173913043,-0.0986255407333374,13,22,0.755828857421875,0.16309212560590822,-0.003544843641157058,0.06984405517578125,0.1,0.0
0.29999998211860657,49676288,1.0,0.29999998211860657,0.29999998211860657,0.152317880794702,0.29999998211860657,0.29999998211860657,0.847682119205298,0.29999998211860657,0.29999998211860657,0.29999998211860657,1.491178807947021,0.29999998211860657,0.29999998211860657,0.29999998211860657,0.29999998211860657,1.9933774834437086,1.6678775949445461,0.29999998211860657,662.10400390625,0.29999998211860657,7734,0.29999998211860657,0.782608695652174,23,0.29999998211860657,0.29999998211860657,0.29999998211860657,0.29999998211860657,0.0032958984375000004,0.29999998211860657,0.29999998211860657,0.29999998211860657,0.29999998211860657,6422,0.29999998211860657,0.29999998211860657,0.29999998211860657,926.82,379,24,0.29999998211860657,0.2,3780,1.0,0.30000001192092896,32,-5.374142646789551,128,0.5454545454545454,0.78125,15,0.9473684210526315,1e-05,0.0018119252,16,1.0,-0.09234869480133057,19,22,0.7640105485916138,0.179101216775598,-0.003893639089892531,0.06810836791992188,0.1,0.0
0.29999998211860657,49807360,1.0,0.29999998211860657,0.29999998211860657,0.1171875,0.29999998211860657,0.29999998211860657,0.8828125,0.29999998211860657,0.29999998211860657,0.29999998211860657,1.469421875000001,0.29999998211860657,0.29999998211860657,0.29999998211860657,0.29999998211860657,1.9296875,1.4969189159074676,0.29999998211860657,686.9279174804688,0.29999998211860657,7735,0.29999998211860657,0.9130434782608695,23,0.29999998211860657,0.29999998211860657,0.29999998211860657,0.29999998211860657,0.0032913208007812503,0.29999998211860657,0.29999998211860657,0.29999998211860657,0.29999998211860657,6438,0.29999998211860657,0.29999998211860657,0.29999998211860657,969.43,380,20,0.29999998211860657,0.2,3790,0.8181818181818182,0.30000001192092896,14,-5.374142646789551,113,0.7647058823529411,0.7142857142857143,11,0.9565217391304348,1e-05,0.0018491839,20,0.9,-0.056144773960113525,23,17,0.7538838386535645,0.21501744508859702,-0.0038093255402600334,0.07300491333007812,0.1,0.0
0.29999998211860657,49938432,1.0,0.29999998211860657,0.29999998211860657,0.1111111111111111,0.29999998211860657,0.29999998211860657,0.8888888888888888,0.29999998211860657,0.29999998211860657,0.29999998211860657,1.4864861111111123,0.29999998211860657,0.29999998211860657,0.29999998211860657,0.29999998211860657,1.8263888888888888,1.5001735803270555,0.29999998211860657,659.826416015625,0.29999998211860657,7736,0.29999998211860657,0.85,20,0.29999998211860657,0.29999998211860657,0.29999998211860657,0.29999998211860657,0.0033142089843750003,0.29999998211860657,0.29999998211860657,0.29999998211860657,0.29999998211860657,6454,0.29999998211860657,0.29999998211860657,0.29999998211860657,938.49,381,33,0.29999998211860657,0.2,3800,1.0,0.30000001192092896,25,-5.374142646789551,128,0.7727272727272727,0.72,18,1.0,1e-05,0.0017801012,15,0.9333333333333333,-0.0925690233707428,11,22,0.7351571917533875,0.1559666013927199,-0.0037624054490152047,0.07095260620117187,0.1,0.0
0.29999998211860657,50069504,1.0,0.29999998211860657,0.29999998211860657,0.13533834586466165,0.29999998211860657,0.29999998211860657,0.8646616541353384,0.29999998211860657,0.29999998211860657,0.29999998211860657,1.4911278195488733,0.29999998211860657,0.29999998211860657,0.29999998211860657,0.29999998211860657,2.112781954887218,1.594850177209341,0.29999998211860657,669.5550537109375,0.29999998211860657,7738,0.29999998211860657,0.8888888888888888,18,0.29999998211860657,0.29999998211860657,0.29999998211860657,0.29999998211860657,0.00333892822265625,0.29999998211860657,0.29999998211860657,0.29999998211860657,0.29999998211860657,6470,0.29999998211860657,0.29999998211860657,0.29999998211860657,951.38,382,18,0.29999998211860657,0.2,3810,1.0,0.30000001192092896,32,-5.374142646789551,115,0.4666666666666667,0.75,17,1.0,1e-05,0.001769202,18,1.0,-0.10445211827754974,15,15,0.7669520378112793,0.18991755335009658,-0.003864457123927423,0.06722183227539062,0.1,0.0
0.29999998211860657,50200576,1.0,0.29999998211860657,0.29999998211860657,0.16083916083916083,0.29999998211860657,0.29999998211860657,0.8391608391608392,0.29999998211860657,0.29999998211860657,0.29999998211860657,1.4875384615384626,0.29999998211860657,0.29999998211860657,0.29999998211860657,0.29999998211860657,2.062937062937063,1.616001694300284,0.29999998211860657,657.6375732421875,0.29999998211860657,7739,0.29999998211860657,0.8235294117647058,17,0.29999998211860657,0.29999998211860657,0.29999998211860657,0.29999998211860657,0.003331298828125,0.29999998211860657,0.29999998211860657,0.29999998211860657,0.29999998211860657,6486,0.29999998211860657,0.29999998211860657,0.29999998211860657,934.3,383,26,0.29999998211860657,0.2,3820,1.0,0.30000001192092896,28,-5.374142646789551,120,0.7419354838709677,0.7857142857142857,14,0.8571428571428571,1e-05,0.0018233696,13,0.6923076923076923,-0.0729130208492279,14,31,0.7728034853935242,0.16891101624350996,-0.0038603688144121405,0.07147216796875,0.1,0.0
0.29999998211860657,50331648,1.0,0.29999998211860657,0.29999998211860657,0.12857142857142856,0.29999998211860657,0.29999998211860657,0.8714285714285714,0.29999998211860657,0.29999998211860657,0.29999998211860657,1.5060857142857154,0.29999998211860657,0.29999998211860657,0.29999998211860657,0.29999998211860657,2.085714285714286,1.6789950980440806,0.29999998211860657,664.4302368164062,0.29999998211860657,7740,0.29999998211860657,0.8125,16,0.29999998211860657,0.29999998211860657,0.29999998211860657,0.29999998211860657,0.0033734130859375,0.29999998211860657,0.29999998211860657,0.29999998211860657,0.29999998211860657,6502,0.29999998211860657,0.29999998211860657,0.29999998211860657,945.04,384,27,0.29999998211860657,0.2,3830,1.0,0.30000001192092896,25,-5.374142646789551,122,0.7407407407407407,0.72,19,1.0,1e-05,0.0018872352,17,0.9411764705882353,-0.021433234214782715,9,27,0.6855863332748413,0.24121134502929636,-0.003995213400321518,0.07476730346679687,0.1,0.0
0.29999998211860657,50462720,1.0,0.29999998211860657,0.29999998211860657,0.13768115942028986,0.29999998211860657,0.29999998211860657,0.8623188405797102,0.29999998211860657,0.29999998211860657,0.29999998211860657,1.4953188405797113,0.29999998211860657,0.29999998211860657,0.29999998211860657,0.29999998211860657,1.7173913043478262,1.5549969620665696,0.29999998211860657,656.769287109375,0.29999998211860657,7741,0.29999998211860657,0.9090909090909091,11,0.29999998211860657,0.29999998211860657,0.29999998211860657,0.29999998211860657,0.00345703125,0.29999998211860657,0.29999998211860657,0.29999998211860657,0.29999998211860657,6518,0.29999998211860657,0.29999998211860657,0.29999998211860657,930.19,385,28,0.29999998211860657,0.2,3840,0.875,0.30000001192092896,16,-5.374142646789551,119,0.625,0.6875,24,0.95,1e-05,0.0018769593,15,1.0,-0.13859900832176208,20,24,0.7803351879119873,0.20305283050984144,-0.00369493853968379,0.07462615966796875,0.1,0.0
0.29999998211860657,50593792,1.0,0.29999998211860657,0.29999998211860657,0.136986301369863,0.29999998211860657,0.29999998211860657,0.863013698630137,0.29999998211860657,0.29999998211860657,0.29999998211860657,1.4893835616438367,0.29999998211860657,0.29999998211860657,0.29999998211860657,0.29999998211860657,1.8356164383561644,1.5383326582571344,0.29999998211860657,650.6244506835938,0.29999998211860657,7742,0.29999998211860657,0.7777777777777778,18,0.29999998211860657,0.29999998211860657,0.29999998211860657,0.29999998211860657,0.00341217041015625,0.29999998211860657,0.29999998211860657,0.29999998211860657,0.29999998211860657,6534,0.29999998211860657,0.29999998211860657,0.29999998211860657,927.88,386,36,0.29999998211860657,0.2,3850,1.0,0.30000001192092896,15,-5.374142646789551,126,0.75,0.6,15,0.9285714285714286,1e-05,0.0017845514,16,0.9375,-0.08399353921413422,14,32,0.7093127965927124,0.19437598757795058,-0.0037133111301272947,0.0703399658203125,0.1,0.0
0.29999998211860657,50724864,1.0,0.29999998211860657,0.29999998211860657,0.04918032786885246,0.29999998211860657,0.29999998211860657,0.9508196721311475,0.29999998211860657,0.29999998211860657,0.29999998211860657,1.5085573770491818,0.29999998211860657,0.29999998211860657,0.29999998211860657,0.29999998211860657,1.7868852459016393,1.4615482436878817,0.29999998211860657,683.984375,0.29999998211860657,7743,0.29999998211860657,0.8888888888888888,18,0.29999998211860657,0.29999998211860657,0.29999998211860657,0.29999998211860657,0.0034808349609375,0.29999998211860657,0.29999998211860657,0.29999998211860657,0.29999998211860657,6550,0.29999998211860657,0.29999998211860657,0.29999998211860657,968.88,387,30,0.29999998211860657,0.2,3860,1.0,0.30000001192092896,14,-5.374142646789551,116,0.8947368421052632,0.8571428571428571,14,1.0,1e-05,0.0018276135,16,1.0,-0.060972899198532104,11,19,0.7291938066482544,0.2022262838843744,-0.003560394817213819,0.07015151977539062,0.1,0.0
0.29999998211860657,50855936,1.0,0.29999998211860657,0.29999998211860657,0.09868421052631579,0.29999998211860657,0.29999998211860657,0.9013157894736842,0.29999998211860657,0.29999998211860657,0.29999998211860657,1.4864736842105273,0.29999998211860657,0.29999998211860657,0.29999998211860657,0.29999998211860657,1.868421052631579,1.3831348164920891,0.29999998211860657,685.4730224609375,0.29999998211860657,7744,0.29999998211860657,0.8823529411764706,17,0.29999998211860657,0.29999998211860657,0.29999998211860657,0.29999998211860657,0.003392333984375,0.29999998211860657,0.29999998211860657,0.29999998211860657,0.29999998211860657,6566,0.29999998211860657,0.29999998211860657,0.29999998211860657,965.06,388,31,0.29999998211860657,0.2,3870,1.0,0.30000001192092896,27,-5.374142646789551,137,0.64,0.9259259259259259,20,1.0,1e-05,0.001700559,16,0.875,-0.12765845656394958,16,25,0.6839455366134644,0.10939214803220239,-0.0035971967154182494,0.06519699096679688,0.1,0.0
0.29999998211860657,50987008,1.0,0.29999998211860657,0.29999998211860657,0.058823529411764705,0.29999998211860657,0.29999998211860657,0.9411764705882353,0.29999998211860657,0.29999998211860657,0.29999998211860657,1.4716806722689089,0.29999998211860657,0.29999998211860657,0.29999998211860657,0.29999998211860657,1.915966386554622,1.5007513937979156,0.29999998211860657,691.0382690429688,0.29999998211860657,7745,0.29999998211860657,1.0,16,0.29999998211860657,0.29999998211860657,0.29999998211860657,0.29999998211860657,0.00343505859375,0.29999998211860657,0.29999998211860657,0.29999998211860657,0.29999998211860657,6582,0.29999998211860657,0.29999998211860657,0.29999998211860657,972.79,389,22,0.29999998211860657,0.2,3880,1.0,0.30000001192092896,13,-5.374142646789551,112,0.8,0.7692307692307693,19,1.0,1e-05,0.0017625497,16,1.0,-0.16953492164611816,13,20,0.7216176986694336,0.15430276703555137,-0.0039108306818889105,0.066851806640625,0.1,0.0
0.29999998211860657,51118080,1.0,0.29999998211860657,0.29999998211860657,0.11612903225806452,0.29999998211860657,0.29999998211860657,0.8838709677419355,0.29999998211860657,0.29999998211860657,0.29999998211860657,1.5036129032258077,0.29999998211860657,0.29999998211860657,0.29999998211860657,0.29999998211860657,1.903225806451613,1.6169949759184075,0.29999998211860657,666.0350952148438,0.29999998211860657,7746,0.29999998211860657,0.7142857142857143,21,0.29999998211860657,0.29999998211860657,0.29999998211860657,0.29999998211860657,0.00347412109375,0.29999998211860657,0.29999998211860657,0.29999998211860657,0.29999998211860657,6598,0.29999998211860657,0.29999998211860657,0.29999998211860657,941.81,390,30,0.29999998211860657,0.2,3890,0.8666666666666667,0.30000001192092896,27,-5.374142646789551,137,0.8260869565217391,0.9259259259259259,15,0.85,1e-05,0.0017145821,19,0.9473684210526315,-0.18084397912025452,20,23,0.6766299605369568,0.111341049708426,-0.0033911536613231872,0.0633270263671875,0.1,0.0
0.29999998211860657,51249152,1.0,0.29999998211860657,0.29999998211860657,0.1532258064516129,0.29999998211860657,0.29999998211860657,0.8467741935483871,0.29999998211860657,0.29999998211860657,0.29999998211860657,1.473435483870969,0.29999998211860657,0.29999998211860657,0.29999998211860657,0.29999998211860657,1.8870967741935485,1.6936728436803632,0.29999998211860657,664.252197265625,0.29999998211860657,7747,0.29999998211860657,0.8888888888888888,18,0.29999998211860657,0.29999998211860657,0.29999998211860657,0.29999998211860657,0.00344390869140625,0.29999998211860657,0.29999998211860657,0.29999998211860657,0.29999998211860657,6614,0.29999998211860657,0.29999998211860657,0.29999998211860657,949.73,391,20,0.29999998211860657,0.2,3900,1.0,0.30000001192092896,14,-5.374142646789551,105,0.5862068965517241,0.7142857142857143,15,1.0,1e-05,0.0018331157,9,0.8888888888888888,-0.044135481119155884,19,29,0.747024655342102,0.20232876656227744,-0.003991781947343042,0.07192306518554688,0.1,0.0
0.29999998211860657,51380224,1.0,0.29999998211860657,0.29999998211860657,0.13333333333333333,0.29999998211860657,0.29999998211860657,0.8666666666666667,0.29999998211860657,0.29999998211860657,0.29999998211860657,1.4867333333333344,0.29999998211860657,0.29999998211860657,0.29999998211860657,0.29999998211860657,1.86,1.5875145159236714,0.29999998211860657,680.3411865234375,0.29999998211860657,7748,0.29999998211860657,0.8823529411764706,17,0.29999998211860657,0.29999998211860657,0.29999998211860657,0.29999998211860657,0.0034231567382812505,0.29999998211860657,0.29999998211860657,0.29999998211860657,0.29999998211860657,6630,0.29999998211860657,0.29999998211860657,0.29999998211860657,958.62,392,31,0.29999998211860657,0.2,3910,0.9047619047619048,0.30000001192092896,28,-5.374142646789551,130,0.631578947368421,0.75,21,1.0,1e-05,0.0018142303,19,0.8947368421052632,-0.15894347429275513,15,19,0.7372792959213257,0.1681429534626659,-0.00379828570457903,0.07108612060546875,0.1,0.0
0.29999998211860657,51511296,0.96,0.29999998211860657,0.29999998211860657,0.16666666666666666,0.29999998211860657,0.29999998211860657,0.8333333333333334,0.29999998211860657,0.29999998211860657,0.29999998211860657,1.4933181818181829,0.29999998211860657,0.29999998211860657,0.29999998211860657,0.29999998211860657,2.022727272727273,1.5841207528951298,0.29999998211860657,650.919677734375,0.29999998211860657,7749,0.29999998211860657,0.8421052631578947,19,0.29999998211860657,0.29999998211860657,0.29999998211860657,0.29999998211860657,0.003465576171875,0.29999998211860657,0.29999998211860657,0.29999998211860657,0.29999998211860657,6646,0.29999998211860657,0.29999998211860657,0.29999998211860657,916.3,393,25,0.29999998211860657,0.2,3920,1.0,0.30000001192092896,21,-5.374142646789551,110,0.6666666666666666,0.6190476190476191,12,1.0,1e-05,0.0018563916,19,0.8421052631578947,-0.0784837007522583,15,21,0.718816339969635,0.21903368154889905,-0.004097804961565999,0.07532196044921875,0.1,0.0
0.29999998211860657,51642368,1.0,0.29999998211860657,0.29999998211860657,0.12,0.29999998211860657,0.29999998211860657,0.88,0.29999998211860657,0.29999998211860657,0.29999998211860657,1.4598533333333343,0.29999998211860657,0.29999998211860657,0.29999998211860657,0.29999998211860657,1.8666666666666667,1.6361124889224399,0.29999998211860657,674.7814331054688,0.29999998211860657,7750,0.29999998211860657,0.8,20,0.29999998211860657,0.29999998211860657,0.29999998211860657,0.29999998211860657,0.0035534667968750004,0.29999998211860657,0.29999998211860657,0.29999998211860657,0.29999998211860657,6662,0.29999998211860657,0.29999998211860657,0.29999998211860657,952.94,394,30,0.29999998211860657,0.2,3930,0.95,0.30000001192092896,23,-5.374142646789551,132,0.7916666666666666,0.782608695652174,20,0.875,1e-05,0.00176306,17,0.9411764705882353,-0.07759225368499756,16,24,0.7472676038742065,0.21785345739335754,-0.003862681885766506,0.06879119873046875,0.1,0.0
0.29999998211860657,51773440,1.0,0.29999998211860657,0.29999998211860657,0.12403100775193798,0.29999998211860657,0.29999998211860657,0.875968992248062,0.29999998211860657,0.29999998211860657,0.29999998211860657,1.4846511627906989,0.29999998211860657,0.29999998211860657,0.29999998211860657,0.29999998211860657,2.054263565891473,1.697554856923258,0.29999998211860657,669.5669555664062,0.29999998211860657,7751,0.29999998211860657,0.72,25,0.29999998211860657,0.29999998211860657,0.29999998211860657,0.29999998211860657,0.0035266113281250005,0.29999998211860657,0.29999998211860657,0.29999998211860657,0.29999998211860657,6678,0.29999998211860657,0.29999998211860657,0.29999998211860657,945.39,395,17,0.29999998211860657,0.2,3940,1.0,0.30000001192092896,24,-5.374142645299434,113,0.8125,0.75,16,1.0,1e-05,0.0017823857,16,1.0,-0.09702305495738983,15,16,0.7601273059844971,0.17931442349217833,-0.0037408105731628893,0.06711273193359375,0.1,0.0
0.29999998211860657,51904512,1.0,0.29999998211860657,0.29999998211860657,0.12080536912751678,0.29999998211860657,0.29999998211860657,0.8791946308724832,0.29999998211860657,0.29999998211860657,0.29999998211860657,1.4941476510067124,0.29999998211860657,0.29999998211860657,0.29999998211860657,0.29999998211860657,2.4093959731543624,1.7143956195126893,0.29999998211860657,679.16650390625,0.29999998211860657,7752,0.29999998211860657,0.8823529411764706,17,0.29999998211860657,0.29999998211860657,0.29999998211860657,0.29999998211860657,0.0035681152343750005,0.29999998211860657,0.29999998211860657,0.29999998211860657,0.29999998211860657,6694,0.29999998211860657,0.29999998211860657,0.29999998211860657,955.11,396,18,0.29999998211860657,0.2,3950,0.9166666666666666,0.30000001192092896,18,-5.374142646789551,131,0.7878787878787878,0.7222222222222222,12,0.9545454545454546,1e-05,0.0017399963,29,0.9310344827586207,-0.048610344529151917,22,33,0.757879376411438,0.1693127286154777,-0.0034639012445040864,0.0622039794921875,0.1,0.0
0.29999998211860657,52035584,0.9655172413793104,0.29999998211860657,0.29999998211860657,0.109375,0.29999998211860657,0.29999998211860657,0.890625,0.29999998211860657,0.29999998211860657,0.29999998211860657,1.4784218750000009,0.29999998211860657,0.29999998211860657,0.29999998211860657,0.29999998211860657,1.65625,1.488573038493747,0.29999998211860657,671.713134765625,0.29999998211860657,7753,0.29999998211860657,0.88,25,0.29999998211860657,0.29999998211860657,0.29999998211860657,0.29999998211860657,0.003548583984375,0.29999998211860657,0.29999998211860657,0.29999998211860657,0.29999998211860657,6710,0.29999998211860657,0.29999998211860657,0.29999998211860657,953.27,397,29,0.29999998211860657,0.2,3960,1.0,0.30000001192092896,15,-5.374142646789551,114,0.6363636363636364,0.6666666666666666,12,0.9444444444444444,1e-05,0.0018390061,18,1.0,-0.15919925272464752,18,11,0.7219060659408569,0.18141236812225542,-0.003798308725163224,0.07194671630859376,0.1,0.0
0.29999998211860657,52166656,1.0,0.29999998211860657,0.29999998211860657,0.09352517985611511,0.29999998211860657,0.29999998211860657,0.9064748201438849,0.29999998211860657,0.29999998211860657,0.29999998211860657,1.4795395683453247,0.29999998211860657,0.29999998211860657,0.29999998211860657,0.29999998211860657,2.0071942446043165,1.6021716113361564,0.29999998211860657,683.001220703125,0.29999998211860657,7754,0.29999998211860657,0.9473684210526315,19,0.29999998211860657,0.29999998211860657,0.29999998211860657,0.29999998211860657,0.00348358154296875,0.29999998211860657,0.29999998211860657,0.29999998211860657,0.29999998211860657,6726,0.29999998211860657,0.29999998211860657,0.29999998211860657,961.65,398,27,0.29999998211860657,0.2,3970,1.0,0.30000001192092896,20,-5.374142646789551,126,0.9090909090909091,0.7,20,1.0,1e-05,0.0016999481,20,0.8,-0.1524096429347992,11,22,0.7573804259300232,0.17021546429605222,-0.003639051497066248,0.06599349975585937,0.1,0.0
0.29999998211860657,52297728,1.0,0.29999998211860657,0.29999998211860657,0.12318840579710146,0.29999998211860657,0.29999998211860657,0.8768115942028986,0.29999998211860657,0.29999998211860657,0.29999998211860657,1.4855072463768129,0.29999998211860657,0.29999998211860657,0.29999998211860657,0.29999998211860657,2.2753623188405796,1.671403359320483,0.29999998211860657,669.7062377929688,0.29999998211860657,7755,0.29999998211860657,0.7142857142857143,14,0.29999998211860657,0.29999998211860657,0.29999998211860657,0.29999998211860657,0.0036074829101562502,0.29999998211860657,0.29999998211860657,0.29999998211860657,0.29999998211860657,6742,0.29999998211860657,0.29999998211860657,0.29999998211860657,955.65,399,18,0.29999998211860657,0.2,3980,0.9444444444444444,0.30000001192092896,20,-5.374142646789551,121,0.8620689655172413,0.65,18,1.0,1e-05,0.001824535,22,0.9545454545454546,-0.13761261105537415,17,29,0.6839358806610107,0.1904623106936924,-0.00360708989237537,0.0746612548828125,0.1,0.0
0.29999998211860657,52428800,1.0,0.29999998211860657,0.29999998211860657,0.1347517730496454,0.29999998211860657,0.29999998211860657,0.8652482269503546,0.29999998211860657,0.29999998211860657,0.29999998211860657,1.4566950354609938,0.29999998211860657,0.29999998211860657,0.29999998211860657,0.29999998211860657,1.950354609929078,1.652215887621256,0.29999998211860657,670.8401489257812,0.29999998211860657,7756,0.29999998211860657,0.8571428571428571,14,0.29999998211860657,0.29999998211860657,0.29999998211860657,0.29999998211860657,0.0036395263671875006,0.29999998211860657,0.29999998211860657,0.29999998211860657,0.29999998211860657,6759,0.29999998211860657,0.29999998211860657,0.29999998211860657,948.1,400,23,0.29999998211860657,0.2,3990,0.88,0.30000001192092896,21,-5.374142646789551,122,0.6086956521739131,0.8571428571428571,25,1.0,1e-05,0.0017479591,18,0.8888888888888888,-0.15291661024093628,17,23,0.7659191489219666,0.16730842665128876,-0.003743622445836081,0.06628570556640626,0.1,0.0
0.29999998211860657,52559872,1.0,0.29999998211860657,0.29999998211860657,0.09848484848484848,0.29999998211860657,0.29999998211860657,0.9015151515151515,0.29999998211860657,0.29999998211860657,0.29999998211860657,1.494000000000001,0.29999998211860657,0.29999998211860657,0.29999998211860657,0.29999998211860657,1.8636363636363635,1.702412392767408,0.29999998211860657,675.5321044921875,0.29999998211860657,7757,0.29999998211860657,0.8181818181818182,22,0.29999998211860657,0.29999998211860657,0.29999998211860657,0.29999998211860657,0.00358154296875,0.29999998211860657,0.29999998211860657,0.29999998211860657,0.29999998211860657,6775,0.29999998211860657,0.29999998211860657,0.29999998211860657,956.24,401,19,0.29999998211860657,0.2,4000,0.9545454545454546,0.30000001192092896,22,-5.374142646789551,119,0.9090909090909091,0.7272727272727273,22,1.0,1e-05,0.0018447982,9,1.0,-0.14025358855724335,16,22,0.7422490119934082,0.1848620445583947,-0.0038794151285401314,0.07369308471679688,0.1,0.0
0.29999998211860657,52690944,1.0,0.29999998211860657,0.29999998211860657,0.072992700729927,0.29999998211860657,0.29999998211860657,0.927007299270073,0.29999998211860657,0.29999998211860657,0.29999998211860657,1.4764525547445266,0.29999998211860657,0.29999998211860657,0.29999998211860657,0.29999998211860657,1.9562043795620438,1.7199319981639394,0.29999998211860657,685.0281372070312,0.29999998211860657,7758,0.29999998211860657,0.95,20,0.29999998211860657,0.29999998211860657,0.29999998211860657,0.29999998211860657,0.0035467529296875004,0.29999998211860657,0.29999998211860657,0.29999998211860657,0.29999998211860657,6791,0.29999998211860657,0.29999998211860657,0.29999998211860657,969.78,402,20,0.29999998211860657,0.2,4010,0.9375,0.30000001192092896,22,-5.374142646789551,127,0.7894736842105263,0.8636363636363636,16,0.9545454545454546,1e-05,0.0017800054,18,1.0,-0.13680455088615417,22,19,0.7527092099189758,0.14175954147358424,-0.0037423566823235888,0.06802215576171874,0.1,0.0
0.29999998211860657,52822016,0.8695652173913043,0.29999998211860657,0.29999998211860657,0.0962962962962963,0.29999998211860657,0.29999998211860657,0.9037037037037037,0.29999998211860657,0.29999998211860657,0.29999998211860657,1.4674518518518531,0.29999998211860657,0.29999998211860657,0.29999998211860657,0.29999998211860657,1.9407407407407407,1.5514194608124996,0.29999998211860657,673.0469360351562,0.29999998211860657,7759,0.29999998211860657,0.9,20,0.29999998211860657,0.29999998211860657,0.29999998211860657,0.29999998211860657,0.00357147216796875,0.29999998211860657,0.29999998211860657,0.29999998211860657,0.29999998211860657,6807,0.29999998211860657,0.29999998211860657,0.29999998211860657,955.86,403,23,0.29999998211860657,0.2,4020,1.0,0.30000001192092896,24,-5.374142646789551,122,0.8666666666666667,0.75,18,1.0,1e-05,0.0017901927,19,1.0,-0.16844195127487183,16,15,0.736254096031189,0.1315179844328668,-0.00389220342462977,0.06939239501953125,0.1,0.0
0.29999998211860657,52953088,1.0,0.29999998211860657,0.29999998211860657,0.08955223880597014,0.29999998211860657,0.29999998211860657,0.9104477611940298,0.29999998211860657,0.29999998211860657,0.29999998211860657,1.470492537313434,0.29999998211860657,0.29999998211860657,0.29999998211860657,0.29999998211860657,1.8805970149253732,1.5299890913311187,0.29999998211860657,687.1990356445312,0.29999998211860657,7760,0.29999998211860657,0.9444444444444444,18,0.29999998211860657,0.29999998211860657,0.29999998211860657,0.29999998211860657,0.00358673095703125,0.29999998211860657,0.29999998211860657,0.29999998211860657,0.29999998211860657,6823,0.29999998211860657,0.29999998211860657,0.29999998211860657,969.84,404,27,0.29999998211860657,0.2,4030,0.9375,0.30000001192092896,21,-5.374142646789551,122,0.8095238095238095,0.8095238095238095,16,0.9333333333333333,1e-05,0.0017069007,16,0.9375,-0.12853622436523438,15,21,0.7856428623199463,0.1435080231341999,-0.003776396015928185,0.06291961669921875,0.1,0.0
0.29999998211860657,53084160,1.0,0.29999998211860657,0.29999998211860657,0.1357142857142857,0.29999998211860657,0.29999998211860657,0.8642857142857143,0.29999998211860657,0.29999998211860657,0.29999998211860657,1.4831428571428582,0.29999998211860657,0.29999998211860657,0.29999998211860657,0.29999998211860657,1.8785714285714286,1.584510469938561,0.29999998211860657,667.0833740234375,0.29999998211860657,7761,0.29999998211860657,0.9333333333333333,15,0.29999998211860657,0.29999998211860657,0.29999998211860657,0.29999998211860657,0.00359100341796875,0.29999998211860657,0.29999998211860657,0.29999998211860657,0.29999998211860657,6839,0.29999998211860657,0.29999998211860657,0.29999998211860657,934.85,405,26,0.29999998211860657,0.2,4040,0.9130434782608695,0.30000001192092896,22,-5.374142646789551,121,0.72,0.6818181818181818,23,1.0,1e-05,0.0017288444,14,0.8571428571428571,-0.19837969541549683,15,25,0.781379222869873,0.13887990977964365,-0.003792649516435631,0.06639175415039063,0.1,0.0
0.29999998211860657,53215232,1.0,0.29999998211860657,0.29999998211860657,0.08823529411764706,0.29999998211860657,0.29999998211860657,0.9117647058823529,0.29999998211860657,0.29999998211860657,0.29999998211860657,1.4681176470588246,0.29999998211860657,0.29999998211860657,0.29999998211860657,0.29999998211860657,2.110294117647059,1.569004656226392,0.29999998211860657,691.021484375,0.29999998211860657,7762,0.29999998211860657,1.0,12,0.29999998211860657,0.29999998211860657,0.29999998211860657,0.29999998211860657,0.0035601806640625003,0.29999998211860657,0.29999998211860657,0.29999998211860657,0.29999998211860657,6855,0.29999998211860657,0.29999998211860657,0.29999998211860657,976.56,406,26,0.29999998211860657,0.2,4050,0.9375,0.30000001192092896,27,-5.374142646789551,124,0.8214285714285714,0.8148148148148148,16,1.0,1e-05,0.0018897923,16,0.9375,-0.11279696226119995,11,28,0.7177832126617432,0.2028290704707615,-0.00389708622078615,0.07477645874023438,0.1,0.0
0.29999998211860657,53346304,1.0,0.29999998211860657,0.29999998211860657,0.08633093525179857,0.29999998211860657,0.29999998211860657,0.9136690647482014,0.29999998211860657,0.29999998211860657,0.29999998211860657,1.4581007194244615,0.29999998211860657,0.29999998211860657,0.29999998211860657,0.29999998211860657,1.6906474820143884,1.6219120624587484,0.29999998211860657,674.9957275390625,0.29999998211860657,7763,0.29999998211860657,0.9,20,0.29999998211860657,0.29999998211860657,0.29999998211860657,0.29999998211860657,0.0036889648437500003,0.29999998211860657,0.29999998211860657,0.29999998211860657,0.29999998211860657,6871,0.29999998211860657,0.29999998211860657,0.29999998211860657,949.63,407,23,0.29999998211860657,0.2,4060,0.9523809523809523,0.30000001192092896,19,-5.374142646789551,127,0.8666666666666667,0.631578947368421,21,1.0,1e-05,0.001866237,16,1.0,-0.02305448055267334,25,15,0.7336513996124268,0.15463435176061466,-0.0036911755894834643,0.06871490478515625,0.1,0.0
0.29999998211860657,53477376,1.0,0.29999998211860657,0.29999998211860657,0.061068702290076333,0.29999998211860657,0.29999998211860657,0.9389312977099237,0.29999998211860657,0.29999998211860657,0.29999998211860657,1.4659236641221385,0.29999998211860657,0.29999998211860657,0.29999998211860657,0.29999998211860657,1.7099236641221374,1.524520306320263,0.29999998211860657,683.7982788085938,0.29999998211860657,7764,0.29999998211860657,0.9090909090909091,22,0.29999998211860657,0.29999998211860657,0.29999998211860657,0.29999998211860657,0.00355194091796875,0.29999998211860657,0.29999998211860657,0.29999998211860657,0.29999998211860657,6887,0.29999998211860657,0.29999998211860657,0.29999998211860657,964.6,408,27,0.29999998211860657,0.2,4070,1.0,0.30000001192092896,16,-5.374142646789551,123,0.9166666666666666,0.8125,13,1.0,1e-05,0.0018026682,10,0.9,-0.15541866421699524,19,24,0.7432363033294678,0.15103741838829593,-0.003902572096330914,0.06950149536132813,0.1,0.0
0.29999998211860657,53608448,1.0,0.29999998211860657,0.29999998211860657,0.15436241610738255,0.29999998211860657,0.29999998211860657,0.8456375838926175,0.29999998211860657,0.29999998211860657,0.29999998211860657,1.4653288590604039,0.29999998211860657,0.29999998211860657,0.29999998211860657,0.29999998211860657,2.2550335570469797,1.7796783284915678,0.29999998211860657,655.8655395507812,0.29999998211860657,7765,0.29999998211860657,0.8,15,0.29999998211860657,0.29999998211860657,0.29999998211860657,0.29999998211860657,0.0036685180664062502,0.29999998211860657,0.29999998211860657,0.29999998211860657,0.29999998211860657,6903,0.29999998211860657,0.29999998211860657,0.29999998211860657,927.29,409,19,0.29999998211860657,0.2,4080,0.9523809523809523,0.30000001192092896,32,-5.374142646789551,126,0.7777777777777778,0.625,21,1.0,1e-05,0.0017437285,20,0.95,-0.17909187078475952,15,27,0.7368967533111572,0.1203862491849577,-0.0035943322904131493,0.0685394287109375,0.1,0.0
0.29999998211860657,53739520,1.0,0.29999998211860657,0.29999998211860657,0.11475409836065574,0.29999998211860657,0.29999998211860657,0.8852459016393442,0.29999998211860657,0.29999998211860657,0.29999998211860657,1.4632950819672141,0.29999998211860657,0.29999998211860657,0.29999998211860657,0.29999998211860657,1.8360655737704918,1.6181785423827089,0.29999998211860657,669.9911499023438,0.29999998211860657,7766,0.29999998211860657,0.8,20,0.29999998211860657,0.29999998211860657,0.29999998211860657,0.29999998211860657,0.00366912841796875,0.29999998211860657,0.29999998211860657,0.29999998211860657,0.29999998211860657,6919,0.29999998211860657,0.29999998211860657,0.29999998211860657,948.76,410,27,0.29999998211860657,0.2,4090,1.0,0.30000001192092896,16,-5.374142646789551,108,0.8421052631578947,0.6875,12,0.9230769230769231,1e-05,0.00187874,15,0.9333333333333333,-0.0806560069322586,13,19,0.7662188410758972,0.20557449914631434,-0.00373540227610647,0.06986083984375,0.1,0.0
0.29999998211860657,53870592,1.0,0.29999998211860657,0.29999998211860657,0.0784313725490196,0.29999998211860657,0.29999998211860657,0.9215686274509803,0.29999998211860657,0.29999998211860657,0.29999998211860657,1.4724444444444456,0.29999998211860657,0.29999998211860657,0.29999998211860657,0.29999998211860657,2.111111111111111,1.5597240715441187,0.29999998211860657,676.7507934570312,0.29999998211860657,7767,0.29999998211860657,0.9090909090909091,22,0.29999998211860657,0.29999998211860657,0.29999998211860657,0.29999998211860657,0.0036059570312500003,0.29999998211860657,0.29999998211860657,0.29999998211860657,0.29999998211860657,6935,0.29999998211860657,0.29999998211860657,0.29999998211860657,949.32,411,22,0.29999998211860657,0.2,4100,1.0,0.30000001192092896,29,-5.374142646789551,141,0.8461538461538461,0.7931034482758621,15,1.0,1e-05,0.0018075311,19,1.0,-0.08364294469356537,20,26,0.7380146980285645,0.15626814916613513,-0.0038762923263675475,0.07159576416015626,0.1,0.0
0.29999998211860657,54001664,1.0,0.29999998211860657,0.29999998211860657,0.1349206349206349,0.29999998211860657,0.29999998211860657,0.8650793650793651,0.29999998211860657,0.29999998211860657,0.29999998211860657,1.456809523809525,0.29999998211860657,0.29999998211860657,0.29999998211860657,0.29999998211860657,2.0873015873015874,1.5784825285767266,0.29999998211860657,675.1881103515625,0.29999998211860657,7768,0.29999998211860657,0.85,20,0.29999998211860657,0.29999998211860657,0.29999998211860657,0.29999998211860657,0.0035998535156250002,0.29999998211860657,0.29999998211860657,0.29999998211860657,0.29999998211860657,6951,0.29999998211860657,0.29999998211860657,0.29999998211860657,941.61,412,22,0.29999998211860657,0.2,4110,0.8823529411764706,0.30000001192092896,16,-5.374142646789551,109,0.7,0.75,17,1.0,1e-05,0.0018618945,20,0.9,-0.1153607964515686,11,20,0.7456748485565186,0.1585369051870657,-0.003922800454347453,0.07687835693359375,0.1,0.0
0.29999998211860657,54132736,1.0,0.29999998211860657,0.29999998211860657,0.0547945205479452,0.29999998211860657,0.29999998211860657,0.9452054794520548,0.29999998211860657,0.29999998211860657,0.29999998211860657,1.4776301369863025,0.29999998211860657,0.29999998211860657,0.29999998211860657,0.29999998211860657,1.952054794520548,1.452914378305993,0.29999998211860657,703.14013671875,0.29999998211860657,7769,0.29999998211860657,0.95,20,0.29999998211860657,0.29999998211860657,0.29999998211860657,0.29999998211860657,0.00367523193359375,0.29999998211860657,0.29999998211860657,0.29999998211860657,0.29999998211860657,6967,0.29999998211860657,0.29999998211860657,0.29999998211860657,988.06,413,33,0.29999998211860657,0.2,4120,1.0,0.30000001192092896,18,-5.374142646789551,138,0.8181818181818182,0.8333333333333334,16,1.0,1e-05,0.0017146202,24,1.0,-0.16897089779376984,13,22,0.7835921049118042,0.1549098828341812,-0.00353325224996297,0.06348037719726562,0.1,0.0
0.29999998211860657,54263808,1.0,0.29999998211860657,0.29999998211860657,0.08130081300813008,0.29999998211860657,0.29999998211860657,0.9186991869918699,0.29999998211860657,0.29999998211860657,0.29999998211860657,1.4326991869918708,0.29999998211860657,0.29999998211860657,0.29999998211860657,0.29999998211860657,1.4959349593495934,1.4673308674428167,0.29999998211860657,682.2656860351562,0.29999998211860657,7770,0.29999998211860657,0.9090909090909091,11,0.29999998211860657,0.29999998211860657,0.29999998211860657,0.29999998211860657,0.00366668701171875,0.29999998211860657,0.29999998211860657,0.29999998211860657,0.29999998211860657,6983,0.29999998211860657,0.29999998211860657,0.29999998211860657,952.33,414,33,0.29999998211860657,0.2,4130,1.0,0.30000001192092896,16,-5.374142646789551,113,0.8333333333333334,0.75,15,1.0,1e-05,0.0018560609,12,0.8333333333333334,-0.18535834550857544,18,18,0.7021482586860657,0.10697268232470378,-0.0035626605258130438,0.0728302001953125,0.1,0.0
0.29999998211860657,54394880,1.0,0.29999998211860657,0.29999998211860657,0.06802721088435375,0.29999998211860657,0.29999998211860657,0.9319727891156463,0.29999998211860657,0.29999998211860657,0.29999998211860657,1.4599319727891165,0.29999998211860657,0.29999998211860657,0.29999998211860657,0.29999998211860657,1.816326530612245,1.5368440347579053,0.29999998211860657,694.7061157226562,0.29999998211860657,7771,0.29999998211860657,0.9047619047619048,21,0.29999998211860657,0.29999998211860657,0.29999998211860657,0.29999998211860657,0.0036380004882812502,0.29999998211860657,0.29999998211860657,0.29999998211860657,0.29999998211860657,6999,0.29999998211860657,0.29999998211860657,0.29999998211860657,971.23,415,33,0.29999998211860657,0.2,4140,1.0,0.30000001192092896,14,-5.374142646789551,137,0.9166666666666666,0.6428571428571429,15,1.0,1e-05,0.0017905841,21,0.9523809523809523,-0.16873469948768616,19,24,0.684168815612793,0.14276301880599931,-0.0036677876029443724,0.07254867553710938,0.1,0.0
0.29999998211860657,54525952,1.0,0.29999998211860657,0.29999998211860657,0.128,0.29999998211860657,0.29999998211860657,0.872,0.29999998211860657,0.29999998211860657,0.29999998211860657,1.4540320000000009,0.29999998211860657,0.29999998211860657,0.29999998211860657,0.29999998211860657,2.064,1.648329827662014,0.29999998211860657,680.397216796875,0.29999998211860657,7772,0.29999998211860657,0.7777777777777778,18,0.29999998211860657,0.29999998211860657,0.29999998211860657,0.29999998211860657,0.00374267578125,0.29999998211860657,0.29999998211860657,0.29999998211860657,0.29999998211860657,7015,0.29999998211860657,0.29999998211860657,0.29999998211860657,950.62,416,22,0.29999998211860657,0.2,4150,1.0,0.30000001192092896,14,-5.374142646789551,109,0.6521739130434783,0.7142857142857143,15,1.0,1e-05,0.0018037225,19,1.0,-0.2052297443151474,14,23,0.6972454786300659,0.11974753863469231,-0.003663913208674785,0.07085418701171875,0.1,0.0
0.29999998211860657,54657024,1.0,0.29999998211860657,0.29999998211860657,0.0896551724137931,0.29999998211860657,0.29999998211860657,0.9103448275862069,0.29999998211860657,0.29999998211860657,0.29999998211860657,1.466303448275863,0.29999998211860657,0.29999998211860657,0.29999998211860657,0.29999998211860657,2.3448275862068964,1.7039078473619043,0.29999998211860657,673.1487426757812,0.29999998211860657,7773,0.29999998211860657,0.9032258064516129,31,0.29999998211860657,0.29999998211860657,0.29999998211860657,0.29999998211860657,0.00374969482421875,0.29999998211860657,0.29999998211860657,0.29999998211860657,0.29999998211860657,7031,0.29999998211860657,0.29999998211860657,0.29999998211860657,948.64,417,16,0.29999998211860657,0.2,4160,0.95,0.30000001192092896,19,-5.374142646789551,132,0.9130434782608695,0.7368421052631579,20,1.0,1e-05,0.0017889134,25,0.92,-0.12778790295124054,11,23,0.7033213376998901,0.16155881954473444,-0.003994069094005681,0.0672119140625,0.1,0.0
0.29999998211860657,54788096,1.0,0.29999998211860657,0.29999998211860657,0.13333333333333333,0.29999998211860657,0.29999998211860657,0.8666666666666667,0.29999998211860657,0.29999998211860657,0.29999998211860657,1.4619259259259272,0.29999998211860657,0.29999998211860657,0.29999998211860657,0.29999998211860657,2.348148148148148,1.731785955110124,0.29999998211860657,674.7783813476562,0.29999998211860657,7774,0.29999998211860657,0.8666666666666667,15,0.29999998211860657,0.29999998211860657,0.29999998211860657,0.29999998211860657,0.0037237548828125003,0.29999998211860657,0.29999998211860657,0.29999998211860657,0.29999998211860657,7047,0.29999998211860657,0.29999998211860657,0.29999998211860657,950.14,418,21,0.29999998211860657,0.2,4170,1.0,0.30000001192092896,22,-5.374142646789551,117,0.7,0.7272727272727273,17,0.8888888888888888,1e-05,0.0018026626,21,1.0,-0.07658018171787262,9,30,0.7484697103500366,0.1573366578668356,-0.0036728063770851806,0.07038116455078125,0.1,0.0
0.29999998211860657,54919168,1.0,0.29999998211860657,0.29999998211860657,0.09154929577464789,0.29999998211860657,0.29999998211860657,0.9084507042253521,0.29999998211860657,0.29999998211860657,0.29999998211860657,1.456774647887325,0.29999998211860657,0.29999998211860657,0.29999998211860657,0.29999998211860657,2.035211267605634,1.630126280985341,0.29999998211860657,678.4950561523438,0.29999998211860657,7775,0.29999998211860657,0.9230769230769231,26,0.29999998211860657,0.29999998211860657,0.29999998211860657,0.29999998211860657,0.0038018798828125004,0.29999998211860657,0.29999998211860657,0.29999998211860657,0.29999998211860657,7063,0.29999998211860657,0.29999998211860657,0.29999998211860657,951.28,419,25,0.29999998211860657,0.2,4180,0.9473684210526315,0.30000001192092896,22,-5.374142646789551,129,0.8260869565217391,0.8181818181818182,19,1.0,1e-05,0.0017933911,17,0.8823529411764706,-0.117286816239357,10,23,0.7973870635032654,0.20020081498660147,-0.004032466548005686,0.067840576171875,0.1,0.0
0.29999998211860657,55050240,1.0,0.29999998211860657,0.29999998211860657,0.11594202898550725,0.29999998211860657,0.29999998211860657,0.8840579710144928,0.29999998211860657,0.29999998211860657,0.29999998211860657,1.4604782608695663,0.29999998211860657,0.29999998211860657,0.29999998211860657,0.29999998211860657,2.1231884057971016,1.6378137138947197,0.29999998211860657,685.9528198242188,0.29999998211860657,7776,0.29999998211860657,0.9166666666666666,24,0.29999998211860657,0.29999998211860657,0.29999998211860657,0.29999998211860657,0.003798828125,0.29999998211860657,0.29999998211860657,0.29999998211860657,0.29999998211860657,7079,0.29999998211860657,0.29999998211860657,0.29999998211860657,957.57,420,28,0.29999998211860657,0.2,4190,1.0,0.30000001192092896,14,-5.374142646789551,122,0.7407407407407407,0.7142857142857143,8,1.0,1e-05,0.0018432562,23,0.8695652173913043,-0.1427305042743683,14,27,0.8014037609100342,0.13971979090129025,-0.003787233671573631,0.07369766235351563,0.1,0.0
0.29999998211860657,55181312,1.0,0.29999998211860657,0.29999998211860657,0.13138686131386862,0.29999998211860657,0.29999998211860657,0.8686131386861314,0.29999998211860657,0.29999998211860657,0.29999998211860657,1.4529489051094902,0.29999998211860657,0.29999998211860657,0.29999998211860657,0.29999998211860657,1.8759124087591241,1.5756751124519381,0.29999998211860657,672.21337890625,0.29999998211860657,7776,0.29999998211860657,0.6666666666666666,15,0.29999998211860657,0.29999998211860657,0.29999998211860657,0.29999998211860657,0.0037924194335937503,0.29999998211860657,0.29999998211860657,0.29999998211860657,0.29999998211860657,7095,0.29999998211860657,0.29999998211860657,0.29999998211860657,940.88,421,35,0.29999998211860657,0.2,4200,1.0,0.30000001192092896,19,-5.374142646789551,119,0.6923076923076923,0.7894736842105263,11,0.9230769230769231,1e-05,0.001841127,18,1.0,-0.18774087727069855,13,26,0.6509366035461426,0.17274337692360858,-0.0037130523120140423,0.07026290893554688,0.1,0.0
0.29999998211860657,55312384,1.0,0.29999998211860657,0.29999998211860657,0.1044776119402985,0.29999998211860657,0.29999998211860657,0.8955223880597015,0.29999998211860657,0.29999998211860657,0.29999998211860657,1.4551044776119415,0.29999998211860657,0.29999998211860657,0.29999998211860657,0.29999998211860657,1.828358208955224,1.6396163682322165,0.29999998211860657,678.3511962890625,0.29999998211860657,7777,0.29999998211860657,0.9090909090909091,11,0.29999998211860657,0.29999998211860657,0.29999998211860657,0.29999998211860657,0.003790283203125,0.29999998211860657,0.29999998211860657,0.29999998211860657,0.29999998211860657,7111,0.29999998211860657,0.29999998211860657,0.29999998211860657,952.01,422,25,0.29999998211860657,0.2,4210,0.9375,0.30000001192092896,25,-5.374142646789551,120,0.6956521739130435,0.84,16,0.9523809523809523,1e-05,0.0018287476,13,1.0,-0.12011303007602692,21,23,0.7550948858261108,0.16945693072048015,-0.003932340780511368,0.07255859375,0.1,0.0
0.29999998211860657,55443456,1.0,0.29999998211860657,0.29999998211860657,0.08333333333333333,0.29999998211860657,0.29999998211860657,0.9166666666666666,0.29999998211860657,0.29999998211860657,0.29999998211860657,1.4411388888888899,0.29999998211860657,0.29999998211860657,0.29999998211860657,0.29999998211860657,2.2708333333333335,1.6373765356486716,0.29999998211860657,682.7650756835938,0.29999998211860657,7778,0.29999998211860657,0.95,20,0.29999998211860657,0.29999998211860657,0.29999998211860657,0.29999998211860657,0.0038006591796875,0.29999998211860657,0.29999998211860657,0.29999998211860657,0.29999998211860657,7127,0.29999998211860657,0.29999998211860657,0.29999998211860657,954.72,423,20,0.29999998211860657,0.2,4220,1.0,0.30000001192092896,21,-5.374142646789551,132,0.7272727272727273,0.9047619047619048,21,0.9230769230769231,1e-05,0.0018368247,27,0.9259259259259259,-0.08474177122116089,13,22,0.7471331357955933,0.16217700249981135,-0.0037187936241480203,0.06815032958984375,0.1,0.0
0.29999998211860657,55574528,1.0,0.29999998211860657,0.29999998211860657,0.10852713178294573,0.29999998211860657,0.29999998211860657,0.8914728682170543,0.29999998211860657,0.29999998211860657,0.29999998211860657,1.4784651162790707,0.29999998211860657,0.29999998211860657,0.29999998211860657,0.29999998211860657,1.937984496124031,1.4907261432194654,0.29999998211860657,684.8369750976562,0.29999998211860657,7779,0.29999998211860657,0.9473684210526315,19,0.29999998211860657,0.29999998211860657,0.29999998211860657,0.29999998211860657,0.0038516235351562502,0.29999998211860657,0.29999998211860657,0.29999998211860657,0.29999998211860657,7143,0.29999998211860657,0.29999998211860657,0.29999998211860657,960.59,424,26,0.29999998211860657,0.2,4230,1.0,0.30000001192092896,23,-5.374142646417022,115,0.75,0.6956521739130435,13,1.0,1e-05,0.0018218614,12,1.0,-0.0666445791721344,12,24,0.7092487215995789,0.1657230956974672,-0.003933019816486194,0.07345809936523437,0.1,0.0
0.29999998211860657,55705600,0.95,0.29999998211860657,0.29999998211860657,0.1103448275862069,0.29999998211860657,0.29999998211860657,0.8896551724137931,0.29999998211860657,0.29999998211860657,0.29999998211860657,1.4519724137931043,0.29999998211860657,0.29999998211860657,0.29999998211860657,0.29999998211860657,2.331034482758621,1.6490356325421915,0.29999998211860657,695.1383666992188,0.29999998211860657,7780,0.29999998211860657,0.6470588235294118,17,0.29999998211860657,0.29999998211860657,0.29999998211860657,0.29999998211860657,0.00390228271484375,0.29999998211860657,0.29999998211860657,0.29999998211860657,0.29999998211860657,7159,0.29999998211860657,0.29999998211860657,0.29999998211860657,970.88,425,20,0.29999998211860657,0.2,4240,1.0,0.30000001192092896,28,-5.374142646789551,129,0.96,0.75,15,1.0,1e-05,0.0018056666,25,0.96,-0.1628454178571701,15,25,0.7673286199569702,0.1261638300784398,-0.003564304708106647,0.06750640869140626,0.1,0.0
0.29999998211860657,55836672,0.967741935483871,0.29999998211860657,0.29999998211860657,0.1,0.29999998211860657,0.29999998211860657,0.9,0.29999998211860657,0.29999998211860657,0.29999998211860657,1.4632307692307702,0.29999998211860657,0.29999998211860657,0.29999998211860657,0.29999998211860657,1.6,1.6280971289172048,0.29999998211860657,687.08837890625,0.29999998211860657,7781,0.29999998211860657,0.75,16,0.29999998211860657,0.29999998211860657,0.29999998211860657,0.29999998211860657,0.00396728515625,0.29999998211860657,0.29999998211860657,0.29999998211860657,0.29999998211860657,7175,0.29999998211860657,0.29999998211860657,0.29999998211860657,967.01,426,31,0.29999998211860657,0.2,4250,1.0,0.30000001192092896,23,-5.374142646789551,117,0.9333333333333333,0.6956521739130435,13,1.0,1e-05,0.0019219564,13,1.0,-0.08686591684818268,19,15,0.7073783874511719,0.168429725850001,-0.003767164613100249,0.07852401733398437,0.1,0.0
0.29999998211860657,55967744,0.9705882352941176,0.29999998211860657,0.29999998211860657,0.07246376811594203,0.29999998211860657,0.29999998211860657,0.927536231884058,0.29999998211860657,0.29999998211860657,0.29999998211860657,1.4547826086956532,0.29999998211860657,0.29999998211860657,0.29999998211860657,0.29999998211860657,1.6304347826086956,1.4150676687575732,0.29999998211860657,696.9212646484375,0.29999998211860657,7782,0.29999998211860657,0.85,20,0.29999998211860657,0.29999998211860657,0.29999998211860657,0.29999998211860657,0.00384765625,0.29999998211860657,0.29999998211860657,0.29999998211860657,0.29999998211860657,7191,0.29999998211860657,0.29999998211860657,0.29999998211860657,966.53,427,34,0.29999998211860657,0.2,4260,1.0,0.30000001192092896,18,-5.374142646789551,128,0.8333333333333334,0.8888888888888888,14,1.0,1e-05,0.0017499834,11,1.0,-0.11731666326522827,17,24,0.7705886960029602,0.1361519570084056,-0.003672925715591191,0.06833877563476562,0.1,0.0
0.29999998211860657,56098816,1.0,0.29999998211860657,0.29999998211860657,0.08823529411764706,0.29999998211860657,0.29999998211860657,0.9117647058823529,0.29999998211860657,0.29999998211860657,0.29999998211860657,1.462529411764707,0.29999998211860657,0.29999998211860657,0.29999998211860657,0.29999998211860657,2.0808823529411766,1.6165507146312752,0.29999998211860657,696.2862548828125,0.29999998211860657,7783,0.29999998211860657,1.0,16,0.29999998211860657,0.29999998211860657,0.29999998211860657,0.29999998211860657,0.0038189697265625005,0.29999998211860657,0.29999998211860657,0.29999998211860657,0.29999998211860657,7207,0.29999998211860657,0.29999998211860657,0.29999998211860657,970.71,428,25,0.29999998211860657,0.2,4270,0.9523809523809523,0.30000001192092896,16,-5.374142646789551,124,0.75,0.75,21,1.0,1e-05,0.0017128537,19,1.0,0.014165282249450684,11,28,0.7850521206855774,0.13598537627840415,-0.0036167836523418374,0.06517486572265625,0.1,0.0
0.29999998211860657,56229888,1.0,0.29999998211860657,0.29999998211860657,0.1079136690647482,0.29999998211860657,0.29999998211860657,0.8920863309352518,0.29999998211860657,0.29999998211860657,0.29999998211860657,1.458086330935253,0.29999998211860657,0.29999998211860657,0.29999998211860657,0.29999998211860657,1.7625899280575539,1.5341653904496595,0.29999998211860657,679.4723510742188,0.29999998211860657,7784,0.29999998211860657,0.7777777777777778,18,0.29999998211860657,0.29999998211860657,0.29999998211860657,0.29999998211860657,0.0038275146484375005,0.29999998211860657,0.29999998211860657,0.29999998211860657,0.29999998211860657,7223,0.29999998211860657,0.29999998211860657,0.29999998211860657,942.73,429,35,0.29999998211860657,0.2,4280,1.0,0.30000001192092896,20,-5.374142646789551,124,0.7647058823529411,0.7,16,1.0,1e-05,0.001770934,20,0.95,-0.12827514111995697,13,17,0.727895975112915,0.14353249907435384,-0.0037930449938357925,0.06844863891601563,0.1,0.0
0.29999998211860657,56360960,1.0,0.29999998211860657,0.29999998211860657,0.08148148148148149,0.29999998211860657,0.29999998211860657,0.9185185185185185,0.29999998211860657,0.29999998211860657,0.29999998211860657,1.4452000000000012,0.29999998211860657,0.29999998211860657,0.29999998211860657,0.29999998211860657,1.8592592592592592,1.5842910714568814,0.29999998211860657,690.22265625,0.29999998211860657,7785,0.29999998211860657,0.9090909090909091,22,0.29999998211860657,0.29999998211860657,0.29999998211860657,0.29999998211860657,0.0038714599609375,0.29999998211860657,0.29999998211860657,0.29999998211860657,0.29999998211860657,7239,0.29999998211860657,0.29999998211860657,0.29999998211860657,965.2,430,27,0.29999998211860657,0.2,4290,0.9473684210526315,0.30000001192092896,16,-5.374142646789551,124,0.782608695652174,0.9375,19,0.9230769230769231,1e-05,0.001848036,15,0.9333333333333333,-0.06175142526626587,13,23,0.729884684085846,0.16138984728604555,-0.003846050413176272,0.07097396850585938,0.1,0.0
0.29999998211860657,56492032,1.0,0.29999998211860657,0.29999998211860657,0.11971830985915492,0.29999998211860657,0.29999998211860657,0.8802816901408451,0.29999998211860657,0.29999998211860657,0.29999998211860657,1.4605492957746489,0.29999998211860657,0.29999998211860657,0.29999998211860657,0.29999998211860657,1.852112676056338,1.5975412563698197,0.29999998211860657,661.2160034179688,0.29999998211860657,7785,0.29999998211860657,0.9090909090909091,11,0.29999998211860657,0.29999998211860657,0.29999998211860657,0.29999998211860657,0.00386505126953125,0.29999998211860657,0.29999998211860657,0.29999998211860657,0.29999998211860657,7255,0.29999998211860657,0.29999998211860657,0.29999998211860657,919.13,431,34,0.29999998211860657,0.2,4300,1.0,0.30000001192092896,34,-5.374142646789551,125,0.631578947368421,0.8235294117647058,12,0.9333333333333333,1e-05,0.0017003637,17,0.8823529411764706,-0.16620925068855286,15,19,0.7390536069869995,0.13005865505256226,-0.003980603809486638,0.06500473022460937,0.1,0.0
0.29999998211860657,56623104,1.0,0.29999998211860657,0.29999998211860657,0.11888111888111888,0.29999998211860657,0.29999998211860657,0.8811188811188811,0.29999998211860657,0.29999998211860657,0.29999998211860657,1.4514685314685325,0.29999998211860657,0.29999998211860657,0.29999998211860657,0.29999998211860657,1.867132867132867,1.5772954098379077,0.29999998211860657,671.3085327148438,0.29999998211860657,7786,0.29999998211860657,0.7,20,0.29999998211860657,0.29999998211860657,0.29999998211860657,0.29999998211860657,0.0038958740234375003,0.29999998211860657,0.29999998211860657,0.29999998211860657,0.29999998211860657,7271,0.29999998211860657,0.29999998211860657,0.29999998211860657,943.7,432,27,0.29999998211860657,0.2,4310,0.9411764705882353,0.30000001192092896,24,-5.374142646789551,126,0.75,0.875,17,1.0,1e-05,0.001914106,17,0.8823529411764706,-0.09948419034481049,18,20,0.7140591740608215,0.18160751325194724,-0.0037035396583632975,0.0744415283203125,0.1,0.0
0.29999998211860657,56754176,1.0,0.29999998211860657,0.29999998211860657,0.09774436090225563,0.29999998211860657,0.29999998211860657,0.9022556390977443,0.29999998211860657,0.29999998211860657,0.29999998211860657,1.4476992481203017,0.29999998211860657,0.29999998211860657,0.29999998211860657,0.29999998211860657,1.9473684210526316,1.595938482295491,0.29999998211860657,690.0580444335938,0.29999998211860657,7787,0.29999998211860657,0.9411764705882353,17,0.29999998211860657,0.29999998211860657,0.29999998211860657,0.29999998211860657,0.0039141845703125,0.29999998211860657,0.29999998211860657,0.29999998211860657,0.29999998211860657,7287,0.29999998211860657,0.29999998211860657,0.29999998211860657,955.39,433,24,0.29999998211860657,0.2,4320,1.0,0.30000001192092896,17,-5.374142646789551,120,0.7142857142857143,0.7647058823529411,19,0.875,1e-05,0.0018642708,19,1.0,-0.13689331710338593,16,21,0.7126191854476929,0.17414171863929367,-0.0037305291802567806,0.07161407470703125,0.1,0.0
0.29999998211860657,56885248,1.0,0.29999998211860657,0.29999998211860657,0.07971014492753623,0.29999998211860657,0.29999998211860657,0.9202898550724637,0.29999998211860657,0.29999998211860657,0.29999998211860657,1.447318840579711,0.29999998211860657,0.29999998211860657,0.29999998211860657,0.29999998211860657,1.8478260869565217,1.6692396068802786,0.29999998211860657,696.9005737304688,0.29999998211860657,7788,0.29999998211860657,0.9444444444444444,18,0.29999998211860657,0.29999998211860657,0.29999998211860657,0.29999998211860657,0.003923645019531251,0.29999998211860657,0.29999998211860657,0.29999998211860657,0.29999998211860657,7303,0.29999998211860657,0.29999998211860657,0.29999998211860657,967.98,434,27,0.29999998211860657,0.2,4330,1.0,0.30000001192092896,21,-5.374142646789551,127,0.7777777777777778,0.8095238095238095,21,0.9333333333333333,1e-05,0.0017949111,18,0.9444444444444444,-0.20628271996974945,15,18,0.7455641031265259,0.1296394204691751,-0.0033604792679398088,0.07214584350585937,0.1,0.0
0.29999998211860657,57016320,0.95,0.29999998211860657,0.29999998211860657,0.1111111111111111,0.29999998211860657,0.29999998211860657,0.8888888888888888,0.29999998211860657,0.29999998211860657,0.29999998211860657,1.4543407407407416,0.29999998211860657,0.29999998211860657,0.29999998211860657,0.29999998211860657,2.0814814814814815,1.804208579135228,0.29999998211860657,673.5734252929688,0.29999998211860657,7789,0.29999998211860657,0.8461538461538461,13,0.29999998211860657,0.29999998211860657,0.29999998211860657,0.29999998211860657,0.00394500732421875,0.29999998211860657,0.29999998211860657,0.29999998211860657,0.29999998211860657,7319,0.29999998211860657,0.29999998211860657,0.29999998211860657,948.33,435,20,0.29999998211860657,0.2,4340,0.9583333333333334,0.30000001192092896,19,-5.374142646789551,120,0.8571428571428571,0.6842105263157895,24,1.0,1e-05,0.0018407991,22,0.9090909090909091,-0.13147731125354767,16,21,0.7324931621551514,0.14852760361973197,-0.0038514241013217544,0.0728363037109375,0.1,0.0
0.29999998211860657,57147392,1.0,0.29999998211860657,0.29999998211860657,0.09558823529411764,0.29999998211860657,0.29999998211860657,0.9044117647058824,0.29999998211860657,0.29999998211860657,0.29999998211860657,1.4411470588235304,0.29999998211860657,0.29999998211860657,0.29999998211860657,0.29999998211860657,2.161764705882353,1.6784658089737297,0.29999998211860657,690.928466796875,0.29999998211860657,7790,0.29999998211860657,0.8421052631578947,19,0.29999998211860657,0.29999998211860657,0.29999998211860657,0.29999998211860657,0.0039361572265625006,0.29999998211860657,0.29999998211860657,0.29999998211860657,0.29999998211860657,7335,0.29999998211860657,0.29999998211860657,0.29999998211860657,964.68,436,17,0.29999998211860657,0.2,4350,0.9473684210526315,0.30000001192092896,23,-5.374142646789551,123,0.9,0.8260869565217391,19,0.8823529411764706,1e-05,0.0018204711,21,0.9523809523809523,-0.1659141480922699,17,20,0.7389801740646362,0.16231237317842898,-0.0038674052059377573,0.07102737426757813,0.1,0.0
0.29999998211860657,57278464,1.0,0.29999998211860657,0.29999998211860657,0.0948905109489051,0.29999998211860657,0.29999998211860657,0.9051094890510949,0.29999998211860657,0.29999998211860657,0.29999998211860657,1.4643503649635048,0.29999998211860657,0.29999998211860657,0.29999998211860657,0.29999998211860657,1.9416058394160585,1.5623667562410626,0.29999998211860657,674.4395141601562,0.29999998211860657,7791,0.29999998211860657,0.9090909090909091,11,0.29999998211860657,0.29999998211860657,0.29999998211860657,0.29999998211860657,0.00397674560546875,0.29999998211860657,0.29999998211860657,0.29999998211860657,0.29999998211860657,7351,0.29999998211860657,0.29999998211860657,0.29999998211860657,941.4,437,30,0.29999998211860657,0.2,4360,0.95,0.30000001192092896,25,-5.374142646789551,124,0.7142857142857143,0.88,20,1.0,1e-05,0.0018270279,19,0.8947368421052632,-0.1472139060497284,11,21,0.7273812890052795,0.14525121974584182,-0.003752076161617879,0.07229766845703126,0.1,0.0
0.29999998211860657,57409536,1.0,0.29999998211860657,0.29999998211860657,0.07518796992481203,0.29999998211860657,0.29999998211860657,0.924812030075188,0.29999998211860657,0.29999998211860657,0.29999998211860657,1.462812030075189,0.29999998211860657,0.29999998211860657,0.29999998211860657,0.29999998211860657,2.0676691729323307,1.653763506647378,0.29999998211860657,695.43603515625,0.29999998211860657,7792,0.29999998211860657,0.8333333333333334,18,0.29999998211860657,0.29999998211860657,0.29999998211860657,0.29999998211860657,0.004015808105468751,0.29999998211860657,0.29999998211860657,0.29999998211860657,0.29999998211860657,7367,0.29999998211860657,0.29999998211860657,0.29999998211860657,968.8,438,20,0.29999998211860657,0.2,4370,1.0,0.30000001192092896,19,-5.374142646789551,123,0.7391304347826086,0.9473684210526315,10,1.0,1e-05,0.0018223182,20,1.0,-0.15407922863960266,23,23,0.6882758140563965,0.15985071790637448,-0.0038538524852810953,0.07505111694335938,0.1,0.0
0.29999998211860657,57540608,1.0,0.29999998211860657,0.29999998211860657,0.08450704225352113,0.29999998211860657,0.29999998211860657,0.9154929577464789,0.29999998211860657,0.29999998211860657,0.29999998211860657,1.448436619718311,0.29999998211860657,0.29999998211860657,0.29999998211860657,0.29999998211860657,1.880281690140845,1.5280167378891636,0.29999998211860657,674.7871704101562,0.29999998211860657,7792,0.29999998211860657,0.9523809523809523,21,0.29999998211860657,0.29999998211860657,0.29999998211860657,0.29999998211860657,0.003958740234375,0.29999998211860657,0.29999998211860657,0.29999998211860657,0.29999998211860657,7383,0.29999998211860657,0.29999998211860657,0.29999998211860657,939.01,439,29,0.29999998211860657,0.2,4380,1.0,0.30000001192092896,16,-5.374142646789551,130,0.6875,0.75,17,0.9444444444444444,1e-05,0.0017410209,25,0.96,-0.1845543533563614,18,16,0.7281967401504517,0.13460669992200563,-0.0035813089701150604,0.06655654907226563,0.1,0.0
0.29999998211860657,57671680,1.0,0.29999998211860657,0.29999998211860657,0.10869565217391304,0.29999998211860657,0.29999998211860657,0.8913043478260869,0.29999998211860657,0.29999998211860657,0.29999998211860657,1.4421884057971024,0.29999998211860657,0.29999998211860657,0.29999998211860657,0.29999998211860657,1.9782608695652173,1.5994301101457267,0.29999998211860657,676.4830322265625,0.29999998211860657,7793,0.29999998211860657,0.875,16,0.29999998211860657,0.29999998211860657,0.29999998211860657,0.29999998211860657,0.00401123046875,0.29999998211860657,0.29999998211860657,0.29999998211860657,0.29999998211860657,7399,0.29999998211860657,0.29999998211860657,0.29999998211860657,941.65,440,26,0.29999998211860657,0.2,4390,1.0,0.30000001192092896,21,-5.374142646789551,123,0.7333333333333333,0.6666666666666666,14,0.95,1e-05,0.0017278742,26,0.9615384615384616,-0.08198496699333191,20,15,0.7733938694000244,0.1354066766478354,-0.003649609085323391,0.06442489624023437,0.1,0.0
0.29999998211860657,57802752,1.0,0.29999998211860657,0.29999998211860657,0.08270676691729323,0.29999998211860657,0.29999998211860657,0.9172932330827067,0.29999998211860657,0.29999998211860657,0.29999998211860657,1.4367518796992491,0.29999998211860657,0.29999998211860657,0.29999998211860657,0.29999998211860657,1.9097744360902256,1.620337666790086,0.29999998211860657,687.6160278320312,0.29999998211860657,7794,0.29999998211860657,0.8333333333333334,18,0.29999998211860657,0.29999998211860657,0.29999998211860657,0.29999998211860657,0.00390167236328125,0.29999998211860657,0.29999998211860657,0.29999998211860657,0.29999998211860657,7416,0.29999998211860657,0.29999998211860657,0.29999998211860657,963.62,441,23,0.29999998211860657,0.2,4400,1.0,0.30000001192092896,18,-5.374142646789551,122,0.8181818181818182,0.7777777777777778,19,1.0,1e-05,0.0017597227,16,1.0,-0.1284029185771942,17,22,0.7285995483398438,0.16627752155181952,-0.0034762675442834732,0.0651153564453125,0.1,0.0
0.29999998211860657,57933824,1.0,0.29999998211860657,0.29999998211860657,0.06521739130434782,0.29999998211860657,0.29999998211860657,0.9347826086956522,0.29999998211860657,0.29999998211860657,0.29999998211860657,1.4619420289855083,0.29999998211860657,0.29999998211860657,0.29999998211860657,0.29999998211860657,2.028985507246377,1.5638821829511125,0.29999998211860657,689.1419677734375,0.29999998211860657,7795,0.29999998211860657,0.9285714285714286,14,0.29999998211860657,0.29999998211860657,0.29999998211860657,0.29999998211860657,0.003916931152343751,0.29999998211860657,0.29999998211860657,0.29999998211860657,0.29999998211860657,7432,0.29999998211860657,0.29999998211860657,0.29999998211860657,958.28,442,23,0.29999998211860657,0.2,4410,1.0,0.30000001192092896,28,-5.374142646789551,129,0.8076923076923077,0.9285714285714286,22,1.0,1e-05,0.001805364,13,0.9230769230769231,-0.16773509979248047,12,26,0.752770185470581,0.1154629870201461,-0.003890567677854051,0.06892166137695313,0.1,0.0
0.29999998211860657,58064896,1.0,0.29999998211860657,0.29999998211860657,0.1037037037037037,0.29999998211860657,0.29999998211860657,0.8962962962962963,0.29999998211860657,0.29999998211860657,0.29999998211860657,1.4464740740740751,0.29999998211860657,0.29999998211860657,0.29999998211860657,0.29999998211860657,1.8888888888888888,1.5856400125783479,0.29999998211860657,685.9444580078125,0.29999998211860657,7796,0.29999998211860657,0.75,24,0.29999998211860657,0.29999998211860657,0.29999998211860657,0.29999998211860657,0.0039764404296875,0.29999998211860657,0.29999998211860657,0.29999998211860657,0.29999998211860657,7448,0.29999998211860657,0.29999998211860657,0.29999998211860657,956.95,443,32,0.29999998211860657,0.2,4420,1.0,0.30000001192092896,17,-5.374142646789551,121,0.8695652173913043,0.7058823529411765,11,1.0,1e-05,0.0018173513,17,1.0,-0.11548145115375519,11,23,0.7541970014572144,0.14075986449897754,-0.003432930286453484,0.07033157348632812,0.1,0.0
0.29999998211860657,58195968,1.0,0.29999998211860657,0.29999998211860657,0.038461538461538464,0.29999998211860657,0.29999998211860657,0.9615384615384616,0.29999998211860657,0.29999998211860657,0.29999998211860657,1.4402000000000008,0.29999998211860657,0.29999998211860657,0.29999998211860657,0.29999998211860657,1.4076923076923078,1.4123788629886622,0.29999998211860657,710.0965576171875,0.29999998211860657,7796,0.29999998211860657,1.0,20,0.29999998211860657,0.29999998211860657,0.29999998211860657,0.29999998211860657,0.0039373779296875,0.29999998211860657,0.29999998211860657,0.29999998211860657,0.29999998211860657,7464,0.29999998211860657,0.29999998211860657,0.29999998211860657,983.29,444,33,0.29999998211860657,0.2,4430,1.0,0.30000001192092896,19,-5.374142646789551,125,0.8888888888888888,0.8421052631578947,18,1.0,1e-05,0.0017484501,13,0.9230769230769231,-0.08183114230632782,18,9,0.7203974723815918,0.13489957115380094,-0.0036448920362090577,0.06636886596679688,0.1,0.0
0.29999998211860657,58327040,1.0,0.29999998211860657,0.29999998211860657,0.043795620437956206,0.29999998211860657,0.29999998211860657,0.9562043795620438,0.29999998211860657,0.29999998211860657,0.29999998211860657,1.446131386861315,0.29999998211860657,0.29999998211860657,0.29999998211860657,0.29999998211860657,1.8102189781021898,1.4773160529943012,0.29999998211860657,705.7199096679688,0.29999998211860657,7797,0.29999998211860657,0.8947368421052632,19,0.29999998211860657,0.29999998211860657,0.29999998211860657,0.29999998211860657,0.0039361572265625006,0.29999998211860657,0.29999998211860657,0.29999998211860657,0.29999998211860657,7480,0.29999998211860657,0.29999998211860657,0.29999998211860657,981.37,445,28,0.29999998211860657,0.2,4440,1.0,0.30000001192092896,22,-5.374142646789551,131,0.9411764705882353,0.9090909090909091,14,0.9473684210526315,1e-05,0.001782014,18,1.0,-0.15716266632080078,19,17,0.7274158000946045,0.09112554884923156,-0.0035260507299881283,0.0693634033203125,0.1,0.0
0.29999998211860657,58458112,1.0,0.29999998211860657,0.29999998211860657,0.08148148148148149,0.29999998211860657,0.29999998211860657,0.9185185185185185,0.29999998211860657,0.29999998211860657,0.29999998211860657,1.4590962962962974,0.29999998211860657,0.29999998211860657,0.29999998211860657,0.29999998211860657,1.7555555555555555,1.6482876654223686,0.29999998211860657,694.4495239257812,0.29999998211860657,7798,0.29999998211860657,0.8421052631578947,19,0.29999998211860657,0.29999998211860657,0.29999998211860657,0.29999998211860657,0.003996582031250001,0.29999998211860657,0.29999998211860657,0.29999998211860657,0.29999998211860657,7496,0.29999998211860657,0.29999998211860657,0.29999998211860657,966.34,446,23,0.29999998211860657,0.2,4450,0.96875,0.30000001192092896,13,-5.374142646789551,124,0.8421052631578947,0.7692307692307693,32,1.0,1e-05,0.001734565,15,0.9333333333333333,-0.1943415105342865,14,19,0.7192090749740601,0.08741148250410333,-0.003516963261472483,0.06690216064453125,0.1,0.0
0.29999998211860657,58589184,1.0,0.29999998211860657,0.29999998211860657,0.05303030303030303,0.29999998211860657,0.29999998211860657,0.946969696969697,0.29999998211860657,0.29999998211860657,0.29999998211860657,1.430318181818183,0.29999998211860657,0.29999998211860657,0.29999998211860657,0.29999998211860657,1.6515151515151516,1.656353148286934,0.29999998211860657,700.5311889648438,0.29999998211860657,7799,0.29999998211860657,0.9411764705882353,17,0.29999998211860657,0.29999998211860657,0.29999998211860657,0.29999998211860657,0.00397705078125,0.29999998211860657,0.29999998211860657,0.29999998211860657,0.29999998211860657,7512,0.29999998211860657,0.29999998211860657,0.29999998211860657,974.93,447,30,0.29999998211860657,0.2,4460,1.0,0.30000001192092896,16,-5.374142646789551,125,0.8260869565217391,0.875,14,1.0,1e-05,0.0017744552,12,1.0,-0.1444372981786728,20,23,0.7257961630821228,0.1357491777947871,-0.0037964131833632562,0.06834793090820312,0.1,0.0
0.29999998211860657,58720256,1.0,0.29999998211860657,0.29999998211860657,0.058394160583941604,0.29999998211860657,0.29999998211860657,0.9416058394160584,0.29999998211860657,0.29999998211860657,0.29999998211860657,1.4458248175182493,0.29999998211860657,0.29999998211860657,0.29999998211860657,0.29999998211860657,1.781021897810219,1.3989265414040017,0.29999998211860657,702.6636962890625,0.29999998211860657,7800,0.29999998211860657,0.8666666666666667,15,0.29999998211860657,0.29999998211860657,0.29999998211860657,0.29999998211860657,0.004042358398437499,0.29999998211860657,0.29999998211860657,0.29999998211860657,0.29999998211860657,7528,0.29999998211860657,0.29999998211860657,0.29999998211860657,977.12,448,32,0.29999998211860657,0.2,4470,0.9333333333333333,0.30000001192092896,12,-5.374142646789551,129,0.88,0.8333333333333334,15,1.0,1e-05,0.0017811712,19,1.0,-0.17125599086284637,19,25,0.781312108039856,0.10678720515861642,-0.004034325115208048,0.06831130981445313,0.1,0.0
0.29999998211860657,58851328,1.0,0.29999998211860657,0.29999998211860657,0.06060606060606061,0.29999998211860657,0.29999998211860657,0.9393939393939394,0.29999998211860657,0.29999998211860657,0.29999998211860657,1.4387727272727286,0.29999998211860657,0.29999998211860657,0.29999998211860657,0.29999998211860657,1.7045454545454546,1.5820436418920547,0.29999998211860657,709.79541015625,0.29999998211860657,7801,0.29999998211860657,0.9047619047619048,21,0.29999998211860657,0.29999998211860657,0.29999998211860657,0.29999998211860657,0.004053955078125,0.29999998211860657,0.29999998211860657,0.29999998211860657,0.29999998211860657,7544,0.29999998211860657,0.29999998211860657,0.29999998211860657,984.74,449,22,0.29999998211860657,0.2,4480,1.0,0.30000001192092896,14,-5.374142646789551,124,0.96,0.7857142857142857,13,0.9629629629629629,1e-05,0.0018250484,10,0.9,-0.19099324941635132,27,25,0.6769704818725586,0.11068294806755148,-0.0036451296602535875,0.07296218872070312,0.1,0.0
0.29999998211860657,58982400,1.0,0.29999998211860657,0.29999998211860657,0.09420289855072464,0.29999998211860657,0.29999998211860657,0.9057971014492754,0.29999998211860657,0.29999998211860657,0.29999998211860657,1.4379565217391317,0.29999998211860657,0.29999998211860657,0.29999998211860657,0.29999998211860657,1.6521739130434783,1.5904491708084287,0.29999998211860657,688.9794311523438,0.29999998211860657,7801,0.29999998211860657,0.9545454545454546,22,0.29999998211860657,0.29999998211860657,0.29999998211860657,0.29999998211860657,0.004134216308593749,0.29999998211860657,0.29999998211860657,0.29999998211860657,0.29999998211860657,7560,0.29999998211860657,0.29999998211860657,0.29999998211860657,959.07,450,30,0.29999998211860657,0.2,4490,1.0,0.30000001192092896,20,-5.374142646789551,125,0.6875,0.75,20,0.9375,1e-05,0.0016878028,14,0.9285714285714286,-0.21611124277114868,16,16,0.6867062449455261,0.09590706135495566,-0.003457160092648337,0.06338729858398437,0.1,0.0
0.29999998211860657,59113472,1.0,0.29999998211860657,0.29999998211860657,0.10869565217391304,0.29999998211860657,0.29999998211860657,0.8913043478260869,0.29999998211860657,0.29999998211860657,0.29999998211860657,1.4383043478260882,0.29999998211860657,0.29999998211860657,0.29999998211860657,0.29999998211860657,1.855072463768116,1.7606355596346275,0.29999998211860657,671.05322265625,0.29999998211860657,7802,0.29999998211860657,0.8695652173913043,23,0.29999998211860657,0.29999998211860657,0.29999998211860657,0.29999998211860657,0.00417510986328125,0.29999998211860657,0.29999998211860657,0.29999998211860657,0.29999998211860657,7576,0.29999998211860657,0.29999998211860657,0.29999998211860657,938.42,451,27,0.29999998211860657,0.2,4500,1.0,0.30000001192092896,22,-5.374142646789551,123,0.9473684210526315,0.6363636363636364,20,0.9166666666666666,1e-05,0.0017573466,15,0.8666666666666667,-0.16278572380542755,12,19,0.7323427200317383,0.14405473764927593,-0.003825048985072499,0.06856918334960938,0.1,0.0
0.29999998211860657,59244544,1.0,0.29999998211860657,0.29999998211860657,0.08396946564885496,0.29999998211860657,0.29999998211860657,0.916030534351145,0.29999998211860657,0.29999998211860657,0.29999998211860657,1.4557251908396955,0.29999998211860657,0.29999998211860657,0.29999998211860657,0.29999998211860657,1.9923664122137406,1.7635843482860614,0.29999998211860657,693.5747680664062,0.29999998211860657,7803,0.29999998211860657,0.7916666666666666,24,0.29999998211860657,0.29999998211860657,0.29999998211860657,0.29999998211860657,0.004107666015625,0.29999998211860657,0.29999998211860657,0.29999998211860657,0.29999998211860657,7592,0.29999998211860657,0.29999998211860657,0.29999998211860657,959.06,452,15,0.29999998211860657,0.2,4510,0.9230769230769231,0.30000001192092896,21,-5.374142646789551,120,0.9130434782608695,0.9047619047619048,13,1.0,1e-05,0.0018773032,12,0.9166666666666666,-0.10068202018737793,23,23,0.7378565669059753,0.1685980519017903,-0.0036468515858132378,0.07537994384765626,0.1,0.0
0.29999998211860657,59375616,0.96875,0.29999998211860657,0.29999998211860657,0.06338028169014084,0.29999998211860657,0.29999998211860657,0.9366197183098591,0.29999998211860657,0.29999998211860657,0.29999998211860657,1.4360845070422545,0.29999998211860657,0.29999998211860657,0.29999998211860657,0.29999998211860657,1.6408450704225352,1.4704339664729518,0.29999998211860657,720.9141235351562,0.29999998211860657,7804,0.29999998211860657,0.9375,16,0.29999998211860657,0.29999998211860657,0.29999998211860657,0.29999998211860657,0.004189758300781251,0.29999998211860657,0.29999998211860657,0.29999998211860657,0.29999998211860657,7608,0.29999998211860657,0.29999998211860657,0.29999998211860657,987.8,453,32,0.29999998211860657,0.2,4520,1.0,0.30000001192092896,19,-5.374142646789551,133,0.8333333333333334,0.8421052631578947,24,0.9411764705882353,1e-05,0.0017220489,16,1.0,-0.18113359808921814,17,18,0.7826706171035767,0.11650258802983444,-0.003576202456042665,0.06607437133789062,0.1,0.0
0.29999998211860657,59506688,1.0,0.29999998211860657,0.29999998211860657,0.049586776859504134,0.29999998211860657,0.29999998211860657,0.9504132231404959,0.29999998211860657,0.29999998211860657,0.29999998211860657,1.4479173553719018,0.29999998211860657,0.29999998211860657,0.29999998211860657,0.29999998211860657,1.7768595041322315,1.570859646689366,0.29999998211860657,699.1829833984375,0.29999998211860657,7805,0.29999998211860657,0.9333333333333333,15,0.29999998211860657,0.29999998211860657,0.29999998211860657,0.29999998211860657,0.00423126220703125,0.29999998211860657,0.29999998211860657,0.29999998211860657,0.29999998211860657,7623,0.29999998211860657,0.29999998211860657,0.29999998211860657,976.34,454,26,0.29999998211860657,0.2,4530,0.9285714285714286,0.30000001192092896,17,-5.374142646789551,115,0.8421052631578947,0.9411764705882353,14,1.0,1e-05,0.0017542861,14,1.0,-0.12249292433261871,16,19,0.7408945560455322,0.10150556029984728,-0.0034800852973148723,0.06508941650390625,0.1,0.0
0.29999998211860657,59637760,1.0,0.29999998211860657,0.29999998211860657,0.10067114093959731,0.29999998211860657,0.29999998211860657,0.8993288590604027,0.29999998211860657,0.29999998211860657,0.29999998211860657,1.453342281879196,0.29999998211860657,0.29999998211860657,0.29999998211860657,0.29999998211860657,1.6711409395973154,1.479962558513472,0.29999998211860657,689.029296875,0.29999998211860657,7806,0.29999998211860657,0.7727272727272727,22,0.29999998211860657,0.29999998211860657,0.29999998211860657,0.29999998211860657,0.004189453125,0.29999998211860657,0.29999998211860657,0.29999998211860657,0.29999998211860657,7639,0.29999998211860657,0.29999998211860657,0.29999998211860657,954.96,455,34,0.29999998211860657,0.2,4540,1.0,0.30000001192092896,18,-5.374142646789551,134,0.7894736842105263,0.6666666666666666,19,1.0,1e-05,0.0016936171,18,1.0,-0.20431765913963318,19,19,0.6606595516204834,0.09791599771997425,-0.0034903297393611863,0.06453018188476563,0.1,0.0
0.29999998211860657,59768832,1.0,0.29999998211860657,0.29999998211860657,0.05172413793103448,0.29999998211860657,0.29999998211860657,0.9482758620689655,0.29999998211860657,0.29999998211860657,0.29999998211860657,1.4490862068965529,0.29999998211860657,0.29999998211860657,0.29999998211860657,0.29999998211860657,2.0517241379310347,1.7520931927352552,0.29999998211860657,694.54248046875,0.29999998211860657,7806,0.29999998211860657,1.0,15,0.29999998211860657,0.29999998211860657,0.29999998211860657,0.29999998211860657,0.0042388916015625,0.29999998211860657,0.29999998211860657,0.29999998211860657,0.29999998211860657,7655,0.29999998211860657,0.29999998211860657,0.29999998211860657,964.84,456,18,0.29999998211860657,0.2,4550,1.0,0.30000001192092896,17,-5.374142646789551,110,0.9230769230769231,0.8235294117647058,13,1.0,1e-05,0.0018889895,22,0.9090909090909091,-0.12538690865039825,18,13,0.7323843836784363,0.16091836743871682,-0.003864292821708659,0.07275619506835937,0.1,0.0
0.29999998211860657,59899904,1.0,0.29999998211860657,0.29999998211860657,0.0967741935483871,0.29999998211860657,0.29999998211860657,0.9032258064516129,0.29999998211860657,0.29999998211860657,0.29999998211860657,1.4477032258064528,0.29999998211860657,0.29999998211860657,0.29999998211860657,0.29999998211860657,1.664516129032258,1.5601572353532394,0.29999998211860657,675.5950927734375,0.29999998211860657,7807,0.29999998211860657,0.8181818181818182,22,0.29999998211860657,0.29999998211860657,0.29999998211860657,0.29999998211860657,0.0043054199218749995,0.29999998211860657,0.29999998211860657,0.29999998211860657,0.29999998211860657,7672,0.29999998211860657,0.29999998211860657,0.29999998211860657,940.08,457,37,0.29999998211860657,0.2,4560,0.9,0.30000001192092896,11,-5.374142646789551,140,0.8148148148148148,0.8181818181818182,20,0.95,1e-05,0.0017656728,18,0.9444444444444444,-0.16801971197128296,20,27,0.6761487722396851,0.1269686429470312,-0.003731556680440917,0.07172470092773438,0.1,0.0
0.29999998211860657,60030976,1.0,0.29999998211860657,0.29999998211860657,0.12195121951219512,0.29999998211860657,0.29999998211860657,0.8780487804878049,0.29999998211860657,0.29999998211860657,0.29999998211860657,1.4608943089430904,0.29999998211860657,0.29999998211860657,0.29999998211860657,0.29999998211860657,1.7560975609756098,1.6498935124456489,0.29999998211860657,674.5908813476562,0.29999998211860657,7808,0.29999998211860657,0.7222222222222222,18,0.29999998211860657,0.29999998211860657,0.29999998211860657,0.29999998211860657,0.00428131103515625,0.29999998211860657,0.29999998211860657,0.29999998211860657,0.29999998211860657,7687,0.29999998211860657,0.29999998211860657,0.29999998211860657,942.48,458,23,0.29999998211860657,0.2,4570,1.0,0.30000001192092896,15,-5.374142646789551,108,0.7647058823529411,0.7333333333333333,20,0.9375,1e-05,0.0018246549,14,0.9285714285714286,-0.15695694088935852,16,17,0.7206109762191772,0.142800786026055,-0.0038906733213480036,0.07512893676757812,0.1,0.0
0.29999998211860657,60162048,1.0,0.29999998211860657,0.29999998211860657,0.061224489795918366,0.29999998211860657,0.29999998211860657,0.9387755102040817,0.29999998211860657,0.29999998211860657,0.29999998211860657,1.463074829931974,0.29999998211860657,0.29999998211860657,0.29999998211860657,0.29999998211860657,2.020408163265306,1.6406994207587562,0.29999998211860657,700.4180297851562,0.29999998211860657,7809,0.29999998211860657,1.0,20,0.29999998211860657,0.29999998211860657,0.29999998211860657,0.29999998211860657,0.0043048095703125,0.29999998211860657,0.29999998211860657,0.29999998211860657,0.29999998211860657,7704,0.29999998211860657,0.29999998211860657,0.29999998211860657,974.58,459,26,0.29999998211860657,0.2,4580,1.0,0.30000001192092896,31,-5.374142646789551,138,0.8125,0.8064516129032258,16,1.0,1e-05,0.0018137991,22,1.0,-0.10797843337059021,16,16,0.7188835740089417,0.1622648260818096,-0.004097492547316506,0.06808853149414062,0.1,0.0
0.29999998211860657,60293120,1.0,0.29999998211860657,0.29999998211860657,0.06976744186046512,0.29999998211860657,0.29999998211860657,0.9302325581395349,0.29999998211860657,0.29999998211860657,0.29999998211860657,1.438604651162792,0.29999998211860657,0.29999998211860657,0.29999998211860657,0.29999998211860657,2.054263565891473,1.6063112133122466,0.29999998211860657,694.2786865234375,0.29999998211860657,7809,0.29999998211860657,0.9285714285714286,14,0.29999998211860657,0.29999998211860657,0.29999998211860657,0.29999998211860657,0.004278564453125,0.29999998211860657,0.29999998211860657,0.29999998211860657,0.29999998211860657,7719,0.29999998211860657,0.29999998211860657,0.29999998211860657,966.05,460,22,0.29999998211860657,0.2,4590,1.0,0.30000001192092896,17,-5.374142646789551,120,0.8888888888888888,0.8235294117647058,15,0.9411764705882353,1e-05,0.0016636588,17,0.9411764705882353,-0.17598819732666016,17,27,0.7858177423477173,0.104456348248641,-0.0036088451894102035,0.062123870849609374,0.1,0.0
0.29999998211860657,60424192,1.0,0.29999998211860657,0.29999998211860657,0.04929577464788732,0.29999998211860657,0.29999998211860657,0.9507042253521126,0.29999998211860657,0.29999998211860657,0.29999998211860657,1.418323943661973,0.29999998211860657,0.29999998211860657,0.29999998211860657,0.29999998211860657,2.056338028169014,1.482758340012824,0.29999998211860657,711.0094604492188,0.29999998211860657,7810,0.29999998211860657,1.0,20,0.29999998211860657,0.29999998211860657,0.29999998211860657,0.29999998211860657,0.00438018798828125,0.29999998211860657,0.29999998211860657,0.29999998211860657,0.29999998211860657,7736,0.29999998211860657,0.29999998211860657,0.29999998211860657,981.45,461,27,0.29999998211860657,0.2,4600,1.0,0.30000001192092896,26,-5.374142646789551,135,0.88,0.8461538461538461,11,1.0,1e-05,0.0017748992,18,1.0,0.025511592626571655,15,25,0.6332604885101318,0.1390489919227548,-0.0033889051534060854,0.06945724487304687,0.1,0.0
0.29999998211860657,60555264,1.0,0.29999998211860657,0.29999998211860657,0.0703125,0.29999998211860657,0.29999998211860657,0.9296875,0.29999998211860657,0.29999998211860657,0.29999998211860657,1.446812500000001,0.29999998211860657,0.29999998211860657,0.29999998211860657,0.29999998211860657,1.890625,1.5419771003844698,0.29999998211860657,704.6917114257812,0.29999998211860657,7811,0.29999998211860657,0.85,20,0.29999998211860657,0.29999998211860657,0.29999998211860657,0.29999998211860657,0.00440185546875,0.29999998211860657,0.29999998211860657,0.29999998211860657,0.29999998211860657,7752,0.29999998211860657,0.29999998211860657,0.29999998211860657,974.5,462,21,0.29999998211860657,0.2,4610,1.0,0.30000001192092896,14,-5.374142646789551,119,0.8571428571428571,0.7857142857142857,22,1.0,1e-05,0.0018240218,15,1.0,-0.14825713634490967,15,21,0.7864596843719482,0.11430514078820124,-0.003650903274774464,0.06951370239257812,0.1,0.0
0.29999998211860657,60686336,1.0,0.29999998211860657,0.29999998211860657,0.07801418439716312,0.29999998211860657,0.29999998211860657,0.9219858156028369,0.29999998211860657,0.29999998211860657,0.29999998211860657,1.44295035460993,0.29999998211860657,0.29999998211860657,0.29999998211860657,0.29999998211860657,1.929078014184397,1.4505943645952268,0.29999998211860657,692.4589233398438,0.29999998211860657,7812,0.29999998211860657,0.8461538461538461,13,0.29999998211860657,0.29999998211860657,0.29999998211860657,0.29999998211860657,0.00440399169921875,0.29999998211860657,0.29999998211860657,0.29999998211860657,0.29999998211860657,7768,0.29999998211860657,0.29999998211860657,0.29999998211860657,957.15,463,29,0.29999998211860657,0.2,4620,1.0,0.30000001192092896,27,-5.374142646789551,130,0.84,0.8518518518518519,14,1.0,1e-05,0.0017478145,16,0.9375,-0.1237557977437973,17,25,0.681986927986145,0.1158153816650156,-0.003639386424310942,0.063348388671875,0.1,0.0
0.29999998211860657,60817408,1.0,0.29999998211860657,0.29999998211860657,0.09090909090909091,0.29999998211860657,0.29999998211860657,0.9090909090909091,0.29999998211860657,0.29999998211860657,0.29999998211860657,1.448969696969698,0.29999998211860657,0.29999998211860657,0.29999998211860657,0.29999998211860657,1.8333333333333333,1.608175963804446,0.29999998211860657,683.3615112304688,0.29999998211860657,7813,0.29999998211860657,0.8823529411764706,17,0.29999998211860657,0.29999998211860657,0.29999998211860657,0.29999998211860657,0.00444091796875,0.29999998211860657,0.29999998211860657,0.29999998211860657,0.29999998211860657,7783,0.29999998211860657,0.29999998211860657,0.29999998211860657,952.3,464,26,0.29999998211860657,0.2,4630,1.0,0.30000001192092896,11,-5.374142646789551,120,0.7333333333333333,0.8181818181818182,21,1.0,1e-05,0.001815415,12,1.0,-0.034834980964660645,15,30,0.7528390884399414,0.1226158148550894,-0.0035565535137266125,0.07089080810546874,0.1,0.0
0.29999998211860657,60948480,0.9565217391304348,0.29999998211860657,0.29999998211860657,0.08633093525179857,0.29999998211860657,0.29999998211860657,0.9136690647482014,0.29999998211860657,0.29999998211860657,0.29999998211860657,1.4324604316546772,0.29999998211860657,0.29999998211860657,0.29999998211860657,0.29999998211860657,1.7050359712230216,1.6483423698375164,0.29999998211860657,686.2162475585938,0.29999998211860657,7813,0.29999998211860657,0.88,25,0.29999998211860657,0.29999998211860657,0.29999998211860657,0.29999998211860657,0.00448577880859375,0.29999998211860657,0.29999998211860657,0.29999998211860657,0.29999998211860657,7799,0.29999998211860657,0.29999998211860657,0.29999998211860657,958.42,465,23,0.29999998211860657,0.2,4640,0.9473684210526315,0.30000001192092896,27,-5.374142646789551,127,0.8,0.8518518518518519,19,1.0,1e-05,0.0018070093,14,0.9285714285714286,-0.11720006167888641,21,10,0.7399559020996094,0.11761246083769947,-0.003894462869493509,0.07237930297851562,0.1,0.0
0.29999998211860657,61079552,1.0,0.29999998211860657,0.29999998211860657,0.08396946564885496,0.29999998211860657,0.29999998211860657,0.916030534351145,0.29999998211860657,0.29999998211860657,0.29999998211860657,1.4411297709923676,0.29999998211860657,0.29999998211860657,0.29999998211860657,0.29999998211860657,1.8549618320610688,1.589459667012102,0.29999998211860657,708.2574462890625,0.29999998211860657,7814,0.29999998211860657,0.9411764705882353,17,0.29999998211860657,0.29999998211860657,0.29999998211860657,0.29999998211860657,0.004483032226562499,0.29999998211860657,0.29999998211860657,0.29999998211860657,0.29999998211860657,7816,0.29999998211860657,0.29999998211860657,0.29999998211860657,975.09,466,29,0.29999998211860657,0.2,4650,1.0,0.30000001192092896,13,-5.374142646789551,120,0.7777777777777778,0.7692307692307693,17,0.9333333333333333,1e-05,0.0018177901,22,0.9090909090909091,-0.14047467708587646,15,18,0.7551652789115906,0.15135138629411812,-0.004056828626789866,0.07264251708984375,0.1,0.0
0.29999998211860657,61210624,1.0,0.29999998211860657,0.29999998211860657,0.10204081632653061,0.29999998211860657,0.29999998211860657,0.8979591836734694,0.29999998211860657,0.29999998211860657,0.29999998211860657,1.4454421768707493,0.29999998211860657,0.29999998211860657,0.29999998211860657,0.29999998211860657,1.8843537414965987,1.6104179855372274,0.29999998211860657,697.1959228515625,0.29999998211860657,7815,0.29999998211860657,0.8636363636363636,22,0.29999998211860657,0.29999998211860657,0.29999998211860657,0.29999998211860657,0.0044647216796875,0.29999998211860657,0.29999998211860657,0.29999998211860657,0.29999998211860657,7832,0.29999998211860657,0.29999998211860657,0.29999998211860657,964.76,467,29,0.29999998211860657,0.2,4660,0.8823529411764706,0.30000001192092896,23,-5.374142646789551,132,0.7894736842105263,0.8695652173913043,17,0.8823529411764706,1e-05,0.0017760777,20,0.95,-0.18878087401390076,17,19,0.7353183031082153,0.1303157626040047,-0.004015902789296888,0.0683349609375,0.1,0.0
0.29999998211860657,61341696,1.0,0.29999998211860657,0.29999998211860657,0.08955223880597014,0.29999998211860657,0.29999998211860657,0.9104477611940298,0.29999998211860657,0.29999998211860657,0.29999998211860657,1.4348805970149268,0.29999998211860657,0.29999998211860657,0.29999998211860657,0.29999998211860657,1.9477611940298507,1.6642635247419126,0.29999998211860657,686.47802734375,0.29999998211860657,7816,0.29999998211860657,1.0,17,0.29999998211860657,0.29999998211860657,0.29999998211860657,0.29999998211860657,0.00451385498046875,0.29999998211860657,0.29999998211860657,0.29999998211860657,0.29999998211860657,7848,0.29999998211860657,0.29999998211860657,0.29999998211860657,952.91,468,18,0.29999998211860657,0.2,4670,1.0,0.30000001192092896,21,-5.374142646789551,122,0.8076923076923077,0.7142857142857143,18,1.0,1e-05,0.0017376018,12,0.9166666666666666,-0.11560134589672089,22,26,0.725564181804657,0.15244931116176302,-0.0038074836860232607,0.06753768920898437,0.1,0.0
0.29999998211860657,61472768,1.0,0.29999998211860657,0.29999998211860657,0.057971014492753624,0.29999998211860657,0.29999998211860657,0.9420289855072463,0.29999998211860657,0.29999998211860657,0.29999998211860657,1.430608695652175,0.29999998211860657,0.29999998211860657,0.29999998211860657,0.29999998211860657,1.9782608695652173,1.5181633002624486,0.29999998211860657,704.1411743164062,0.29999998211860657,7816,0.29999998211860657,0.9523809523809523,21,0.29999998211860657,0.29999998211860657,0.29999998211860657,0.29999998211860657,0.004527587890625,0.29999998211860657,0.29999998211860657,0.29999998211860657,0.29999998211860657,7864,0.29999998211860657,0.29999998211860657,0.29999998211860657,976.25,469,31,0.29999998211860657,0.2,4680,1.0,0.30000001192092896,26,-5.374142646789551,130,0.9473684210526315,0.7692307692307693,8,1.0,1e-05,0.0017379649,20,1.0,-0.16960090398788452,13,19,0.7156336903572083,0.13637917849409859,-0.0034596629408042644,0.07133255004882813,0.1,0.0
0.29999998211860657,61603840,1.0,0.29999998211860657,0.29999998211860657,0.047244094488188976,0.29999998211860657,0.29999998211860657,0.952755905511811,0.29999998211860657,0.29999998211860657,0.29999998211860657,1.4622834645669298,0.29999998211860657,0.29999998211860657,0.29999998211860657,0.29999998211860657,1.9133858267716535,1.7396510015620963,0.29999998211860657,707.1641235351562,0.29999998211860657,7817,0.29999998211860657,0.9411764705882353,17,0.29999998211860657,0.29999998211860657,0.29999998211860657,0.29999998211860657,0.00449554443359375,0.29999998211860657,0.29999998211860657,0.29999998211860657,0.29999998211860657,7880,0.29999998211860657,0.29999998211860657,0.29999998211860657,980.01,470,18,0.29999998211860657,0.2,4690,1.0,0.30000001192092896,17,-5.374142646789551,121,0.8095238095238095,0.9411764705882353,17,1.0,1e-05,0.0017481886,15,1.0,-0.12879060208797455,22,21,0.6579732894897461,0.1279029148281552,-0.003567637920468769,0.07060546875,0.1,0.0
0.29999998211860657,61734912,1.0,0.29999998211860657,0.29999998211860657,0.0896551724137931,0.29999998211860657,0.29999998211860657,0.9103448275862069,0.29999998211860657,0.29999998211860657,0.29999998211860657,1.4719310344827594,0.29999998211860657,0.29999998211860657,0.29999998211860657,0.29999998211860657,1.903448275862069,1.5450837168089602,0.29999998211860657,701.8425903320312,0.29999998211860657,7818,0.29999998211860657,0.7619047619047619,21,0.29999998211860657,0.29999998211860657,0.29999998211860657,0.29999998211860657,0.004486083984375,0.29999998211860657,0.29999998211860657,0.29999998211860657,0.29999998211860657,7896,0.29999998211860657,0.29999998211860657,0.29999998211860657,972.16,471,30,0.29999998211860657,0.2,4700,0.9444444444444444,0.30000001192092896,23,-5.374142646789551,132,0.9444444444444444,0.8260869565217391,18,1.0,1e-05,0.0017327416,21,0.9047619047619048,-0.18897803127765656,14,18,0.6678400039672852,0.09629193480359391,-0.00346102504290684,0.068212890625,0.1,0.0
0.29999998211860657,61865984,0.9655172413793104,0.29999998211860657,0.29999998211860657,0.07086614173228346,0.29999998211860657,0.29999998211860657,0.9291338582677166,0.29999998211860657,0.29999998211860657,0.29999998211860657,1.4425826771653554,0.29999998211860657,0.29999998211860657,0.29999998211860657,0.29999998211860657,1.6771653543307086,1.406078313101535,0.29999998211860657,701.522705078125,0.29999998211860657,7819,0.29999998211860657,1.0,15,0.29999998211860657,0.29999998211860657,0.29999998211860657,0.29999998211860657,0.004548339843750001,0.29999998211860657,0.29999998211860657,0.29999998211860657,0.29999998211860657,7912,0.29999998211860657,0.29999998211860657,0.29999998211860657,971.56,472,29,0.29999998211860657,0.2,4710,0.9473684210526315,0.30000001192092896,13,-5.374142646789551,118,0.8095238095238095,0.8461538461538461,19,1.0,1e-05,0.0017371654,14,0.9285714285714286,-0.10040247440338135,16,21,0.6488056182861328,0.15315483388549184,-0.0035595620263848106,0.06640396118164063,0.1,0.0
0.29999998211860657,61997056,1.0,0.29999998211860657,0.29999998211860657,0.03571428571428571,0.29999998211860657,0.29999998211860657,0.9642857142857143,0.29999998211860657,0.29999998211860657,0.29999998211860657,1.4520714285714296,0.29999998211860657,0.29999998211860657,0.29999998211860657,0.29999998211860657,1.8357142857142856,1.555678416915715,0.29999998211860657,701.8380737304688,0.29999998211860657,7819,0.29999998211860657,1.0,15,0.29999998211860657,0.29999998211860657,0.29999998211860657,0.29999998211860657,0.004568786621093749,0.29999998211860657,0.29999998211860657,0.29999998211860657,0.29999998211860657,7928,0.29999998211860657,0.29999998211860657,0.29999998211860657,976.73,473,24,0.29999998211860657,0.2,4720,1.0,0.30000001192092896,27,-5.374142646789551,135,1.0,0.8148148148148148,17,1.0,1e-05,0.001759432,17,1.0,-0.1335362195968628,23,17,0.7494261264801025,0.10112571718345861,-0.0038101616440599172,0.06840133666992188,0.1,0.0
0.29999998211860657,62128128,1.0,0.29999998211860657,0.29999998211860657,0.06201550387596899,0.29999998211860657,0.29999998211860657,0.937984496124031,0.29999998211860657,0.29999998211860657,0.29999998211860657,1.469891472868218,0.29999998211860657,0.29999998211860657,0.29999998211860657,0.29999998211860657,1.7131782945736433,1.4389744208966249,0.29999998211860657,705.5527954101562,0.29999998211860657,7820,0.29999998211860657,0.9473684210526315,19,0.29999998211860657,0.29999998211860657,0.29999998211860657,0.29999998211860657,0.0045928955078125,0.29999998211860657,0.29999998211860657,0.29999998211860657,0.29999998211860657,7944,0.29999998211860657,0.29999998211860657,0.29999998211860657,974.03,474,32,0.29999998211860657,0.2,4730,1.0,0.30000001192092896,21,-5.374142646789551,121,0.9411764705882353,0.7619047619047619,9,0.9375,1e-05,0.0017997043,15,1.0,-0.19675713777542114,16,17,0.7278063297271729,0.10373695298621896,-0.003529200255388787,0.06945343017578125,0.1,0.0
0.29999998211860657,62259200,1.0,0.29999998211860657,0.29999998211860657,0.08391608391608392,0.29999998211860657,0.29999998211860657,0.916083916083916,0.29999998211860657,0.29999998211860657,0.29999998211860657,1.460979020979022,0.29999998211860657,0.29999998211860657,0.29999998211860657,0.29999998211860657,1.8881118881118881,1.6730486466886965,0.29999998211860657,692.898193359375,0.29999998211860657,7821,0.29999998211860657,0.8947368421052632,19,0.29999998211860657,0.29999998211860657,0.29999998211860657,0.29999998211860657,0.0044549560546875,0.29999998211860657,0.29999998211860657,0.29999998211860657,0.29999998211860657,7960,0.29999998211860657,0.29999998211860657,0.29999998211860657,962.18,475,25,0.29999998211860657,0.2,4740,1.0,0.30000001192092896,12,-5.374142646789551,131,0.7692307692307693,0.8333333333333334,17,1.0,1e-05,0.0017717805,20,0.9,-0.16878122091293335,24,26,0.7065521478652954,0.09305698350945021,-0.003360162251192378,0.0695281982421875,0.1,0.0
0.29999998211860657,62390272,1.0,0.29999998211860657,0.29999998211860657,0.04838709677419355,0.29999998211860657,0.29999998211860657,0.9516129032258065,0.29999998211860657,0.29999998211860657,0.29999998211860657,1.4701290322580656,0.29999998211860657,0.29999998211860657,0.29999998211860657,0.29999998211860657,1.9274193548387097,1.592918054142954,0.29999998211860657,710.6796875,0.29999998211860657,7821,0.29999998211860657,0.8333333333333334,24,0.29999998211860657,0.29999998211860657,0.29999998211860657,0.29999998211860657,0.00460845947265625,0.29999998211860657,0.29999998211860657,0.29999998211860657,0.29999998211860657,7976,0.29999998211860657,0.29999998211860657,0.29999998211860657,979.79,476,20,0.29999998211860657,0.2,4750,1.0,0.30000001192092896,16,-5.374142646789551,118,0.8888888888888888,1.0,11,1.0,1e-05,0.0017956407,16,1.0,-0.1309952735900879,19,18,0.7589327096939087,0.12071058596193325,-0.003825237881665089,0.07035293579101562,0.1,0.0
0.29999998211860657,62521344,1.0,0.29999998211860657,0.29999998211860657,0.1258741258741259,0.29999998211860657,0.29999998211860657,0.8741258741258742,0.29999998211860657,0.29999998211860657,0.29999998211860657,1.471062937062938,0.29999998211860657,0.29999998211860657,0.29999998211860657,0.29999998211860657,1.8741258741258742,1.5574344203630277,0.29999998211860657,681.8621826171875,0.29999998211860657,7822,0.29999998211860657,0.7727272727272727,22,0.29999998211860657,0.29999998211860657,0.29999998211860657,0.29999998211860657,0.00455841064453125,0.29999998211860657,0.29999998211860657,0.29999998211860657,0.29999998211860657,7992,0.29999998211860657,0.29999998211860657,0.29999998211860657,942.28,477,32,0.29999998211860657,0.2,4760,1.0,0.30000001192092896,20,-5.374142646789551,125,0.8148148148148148,0.75,13,0.9285714285714286,1e-05,0.0017021559,15,0.8666666666666667,-0.18751990795135498,14,27,0.664192795753479,0.09309527129225899,-0.0036984569863307117,0.06433029174804687,0.1,0.0
0.29999998211860657,62652416,1.0,0.29999998211860657,0.29999998211860657,0.038461538461538464,0.29999998211860657,0.29999998211860657,0.9615384615384616,0.29999998211860657,0.29999998211860657,0.29999998211860657,1.4567692307692317,0.29999998211860657,0.29999998211860657,0.29999998211860657,0.29999998211860657,2.123076923076923,1.60496002832216,0.29999998211860657,713.5714111328125,0.29999998211860657,7823,0.29999998211860657,0.9230769230769231,13,0.29999998211860657,0.29999998211860657,0.29999998211860657,0.29999998211860657,0.00465301513671875,0.29999998211860657,0.29999998211860657,0.29999998211860657,0.29999998211860657,8008,0.29999998211860657,0.29999998211860657,0.29999998211860657,986.05,478,13,0.29999998211860657,0.2,4770,1.0,0.30000001192092896,19,-5.374142646789551,125,0.8947368421052632,0.8947368421052632,20,1.0,1e-05,0.0018027293,22,1.0,-0.08869090676307678,24,19,0.6690757870674133,0.1887697352329269,-0.003932003177988008,0.07066879272460938,0.1,0.0
0.29999998211860657,62783488,1.0,0.29999998211860657,0.29999998211860657,0.04316546762589928,0.29999998211860657,0.29999998211860657,0.9568345323741008,0.29999998211860657,0.29999998211860657,0.29999998211860657,1.4617122302158285,0.29999998211860657,0.29999998211860657,0.29999998211860657,0.29999998211860657,1.79136690647482,1.419431617123159,0.29999998211860657,706.9625244140625,0.29999998211860657,7823,0.29999998211860657,1.0,19,0.29999998211860657,0.29999998211860657,0.29999998211860657,0.29999998211860657,0.00465850830078125,0.29999998211860657,0.29999998211860657,0.29999998211860657,0.29999998211860657,8024,0.29999998211860657,0.29999998211860657,0.29999998211860657,972.6,479,37,0.29999998211860657,0.2,4780,1.0,0.30000001192092896,15,-5.374142646789551,133,0.9411764705882353,0.7333333333333333,10,1.0,1e-05,0.0016688942,25,0.96,-0.17409133911132812,16,17,0.7575244903564453,0.0737146647530608,-0.003229140734902103,0.0639190673828125,0.1,0.0
0.29999998211860657,62914560,1.0,0.29999998211860657,0.29999998211860657,0.08396946564885496,0.29999998211860657,0.29999998211860657,0.916030534351145,0.29999998211860657,0.29999998211860657,0.29999998211860657,1.4560305343511462,0.29999998211860657,0.29999998211860657,0.29999998211860657,0.29999998211860657,2.015267175572519,1.541201324438256,0.29999998211860657,688.3919677734375,0.29999998211860657,7824,0.29999998211860657,0.8666666666666667,15,0.29999998211860657,0.29999998211860657,0.29999998211860657,0.29999998211860657,0.00453582763671875,0.29999998211860657,0.29999998211860657,0.29999998211860657,0.29999998211860657,8040,0.29999998211860657,0.29999998211860657,0.29999998211860657,951.22,480,25,0.29999998211860657,0.2,4790,1.0,0.30000001192092896,22,-5.374142646789551,120,0.8421052631578947,0.7727272727272727,12,0.9411764705882353,1e-05,0.0017381953,21,1.0,-0.14093610644340515,17,19,0.6716439723968506,0.10364817956287879,-0.0033175937858686668,0.068194580078125,0.1,0.0
0.29999998211860657,63045632,1.0,0.29999998211860657,0.29999998211860657,0.056338028169014086,0.29999998211860657,0.29999998211860657,0.9436619718309859,0.29999998211860657,0.29999998211860657,0.29999998211860657,1.4661830985915503,0.29999998211860657,0.29999998211860657,0.29999998211860657,0.29999998211860657,1.7816901408450705,1.5984461396148097,0.29999998211860657,705.8972778320312,0.29999998211860657,7825,0.29999998211860657,0.8823529411764706,17,0.29999998211860657,0.29999998211860657,0.29999998211860657,0.29999998211860657,0.0047125244140625005,0.29999998211860657,0.29999998211860657,0.29999998211860657,0.29999998211860657,8056,0.29999998211860657,0.29999998211860657,0.29999998211860657,971.6,481,24,0.29999998211860657,0.2,4800,1.0,0.30000001192092896,17,-5.374142646789551,134,0.8636363636363636,0.8823529411764706,14,1.0,1e-05,0.0017521688,18,0.9444444444444444,-0.16038984060287476,30,22,0.7310487031936646,0.11400216196198017,-0.003911998652074544,0.06827316284179688,0.1,0.0
0.29999998211860657,63176704,1.0,0.29999998211860657,0.29999998211860657,0.06299212598425197,0.29999998211860657,0.29999998211860657,0.937007874015748,0.29999998211860657,0.29999998211860657,0.29999998211860657,1.4661732283464575,0.29999998211860657,0.29999998211860657,0.29999998211860657,0.29999998211860657,1.7007874015748032,1.570944932581881,0.29999998211860657,717.2347412109375,0.29999998211860657,7826,0.29999998211860657,0.8333333333333334,12,0.29999998211860657,0.29999998211860657,0.29999998211860657,0.29999998211860657,0.0046942138671875,0.29999998211860657,0.29999998211860657,0.29999998211860657,0.29999998211860657,8072,0.29999998211860657,0.29999998211860657,0.29999998211860657,984.86,482,24,0.29999998211860657,0.2,4810,1.0,0.30000001192092896,13,-5.374142646789551,119,0.8695652173913043,1.0,20,0.9545454545454546,1e-05,0.0018087298,13,0.8461538461538461,-0.18796172738075256,22,23,0.644092321395874,0.11480704924615566,-0.003567978601222421,0.07470321655273438,0.1,0.0
0.29999998211860657,63307776,1.0,0.29999998211860657,0.29999998211860657,0.04316546762589928,0.29999998211860657,0.29999998211860657,0.9568345323741008,0.29999998211860657,0.29999998211860657,0.29999998211860657,1.4607194244604327,0.29999998211860657,0.29999998211860657,0.29999998211860657,0.29999998211860657,1.7050359712230216,1.4921346361935386,0.29999998211860657,716.1986083984375,0.29999998211860657,7826,0.29999998211860657,0.9375,16,0.29999998211860657,0.29999998211860657,0.29999998211860657,0.29999998211860657,0.0046469116210937494,0.29999998211860657,0.29999998211860657,0.29999998211860657,0.29999998211860657,8088,0.29999998211860657,0.29999998211860657,0.29999998211860657,987.9,483,31,0.29999998211860657,0.2,4820,1.0,0.30000001192092896,17,-5.374142646789551,133,0.7777777777777778,1.0,18,1.0,1e-05,0.0017833451,19,0.9473684210526315,-0.1531849503517151,20,18,0.660018801689148,0.11629488943435717,-0.0037540652002462593,0.07237777709960938,0.1,0.0
0.29999998211860657,63438848,1.0,0.29999998211860657,0.29999998211860657,0.06569343065693431,0.29999998211860657,0.29999998211860657,0.9343065693430657,0.29999998211860657,0.29999998211860657,0.29999998211860657,1.474890510948906,0.29999998211860657,0.29999998211860657,0.29999998211860657,0.29999998211860657,1.7737226277372262,1.536442885546568,0.29999998211860657,702.3263549804688,0.29999998211860657,7827,0.29999998211860657,0.9230769230769231,26,0.29999998211860657,0.29999998211860657,0.29999998211860657,0.29999998211860657,0.00471893310546875,0.29999998211860657,0.29999998211860657,0.29999998211860657,0.29999998211860657,8104,0.29999998211860657,0.29999998211860657,0.29999998211860657,976.02,484,26,0.29999998211860657,0.2,4830,1.0,0.30000001192092896,20,-5.374142646789551,128,0.9047619047619048,0.8,18,0.9333333333333333,1e-05,0.0017749167,11,1.0,-0.21858806908130646,15,21,0.600275456905365,0.08068657951953355,-0.0033838211745205625,0.07065582275390625,0.1,0.0
0.29999998211860657,63569920,0.9444444444444444,0.29999998211860657,0.29999998211860657,0.05263157894736842,0.29999998211860657,0.29999998211860657,0.9473684210526315,0.29999998211860657,0.29999998211860657,0.29999998211860657,1.4734285714285729,0.29999998211860657,0.29999998211860657,0.29999998211860657,0.29999998211860657,2.1353383458646618,1.6986634693342455,0.29999998211860657,705.4854736328125,0.29999998211860657,7828,0.29999998211860657,1.0,19,0.29999998211860657,0.29999998211860657,0.29999998211860657,0.29999998211860657,0.00474151611328125,0.29999998211860657,0.29999998211860657,0.29999998211860657,0.29999998211860657,8120,0.29999998211860657,0.29999998211860657,0.29999998211860657,972.88,485,18,0.29999998211860657,0.2,4840,1.0,0.30000001192092896,26,-5.374142646789551,126,0.75,0.9615384615384616,16,1.0,1e-05,0.001785301,18,1.0,-0.12946638464927673,16,20,0.7687615156173706,0.10045574788819067,-0.004076121541584143,0.07255859375,0.1,0.0
0.29999998211860657,63700992,1.0,0.29999998211860657,0.29999998211860657,0.07352941176470588,0.29999998211860657,0.29999998211860657,0.9264705882352942,0.29999998211860657,0.29999998211860657,0.29999998211860657,1.438000000000001,0.29999998211860657,0.29999998211860657,0.29999998211860657,0.29999998211860657,1.6102941176470589,1.5018888716678038,0.29999998211860657,704.8817749023438,0.29999998211860657,7829,0.29999998211860657,0.8461538461538461,13,0.29999998211860657,0.29999998211860657,0.29999998211860657,0.29999998211860657,0.0048004150390625,0.29999998211860657,0.29999998211860657,0.29999998211860657,0.29999998211860657,8136,0.29999998211860657,0.29999998211860657,0.29999998211860657,979.5,486,33,0.29999998211860657,0.2,4850,1.0,0.30000001192092896,19,-5.374142646789551,126,0.6923076923076923,0.8421052631578947,22,1.0,1e-05,0.0018162681,19,0.9473684210526315,-0.17431557178497314,17,13,0.7406166791915894,0.09639472338603809,-0.0038494498456202566,0.07152023315429687,0.1,0.0
0.29999998211860657,63832064,1.0,0.29999998211860657,0.29999998211860657,0.06818181818181818,0.29999998211860657,0.29999998211860657,0.9318181818181818,0.29999998211860657,0.29999998211860657,0.29999998211860657,1.461469696969698,0.29999998211860657,0.29999998211860657,0.29999998211860657,0.29999998211860657,1.878787878787879,1.6593965442190939,0.29999998211860657,704.8416137695312,0.29999998211860657,7829,0.29999998211860657,0.9,20,0.29999998211860657,0.29999998211860657,0.29999998211860657,0.29999998211860657,0.004781494140625,0.29999998211860657,0.29999998211860657,0.29999998211860657,0.29999998211860657,8152,0.29999998211860657,0.29999998211860657,0.29999998211860657,972.72,487,23,0.29999998211860657,0.2,4860,1.0,0.30000001192092896,17,-5.374142646789551,123,0.8461538461538461,0.7058823529411765,18,1.0,1e-05,0.0019089853,22,1.0,-0.1024269163608551,19,13,0.7899528741836548,0.12137973806529771,-0.003960778636883333,0.07422943115234375,0.1,0.0
0.29999998211860657,63963136,1.0,0.29999998211860657,0.29999998211860657,0.06716417910447761,0.29999998211860657,0.29999998211860657,0.9328358208955224,0.29999998211860657,0.29999998211860657,0.29999998211860657,1.465164179104479,0.29999998211860657,0.29999998211860657,0.29999998211860657,0.29999998211860657,1.7462686567164178,1.5243986088373591,0.29999998211860657,712.565185546875,0.29999998211860657,7830,0.29999998211860657,0.92,25,0.29999998211860657,0.29999998211860657,0.29999998211860657,0.29999998211860657,0.004805603027343751,0.29999998211860657,0.29999998211860657,0.29999998211860657,0.29999998211860657,8168,0.29999998211860657,0.29999998211860657,0.29999998211860657,981.86,488,29,0.29999998211860657,0.2,4870,1.0,0.30000001192092896,16,-5.374142646789551,125,0.8666666666666667,0.75,15,0.9375,1e-05,0.001700977,18,1.0,-0.15938477218151093,16,15,0.7580517530441284,0.10653004604100716,-0.0036377514614287067,0.0667449951171875,0.1,0.0
0.29999998211860657,64094208,1.0,0.29999998211860657,0.29999998211860657,0.06766917293233082,0.29999998211860657,0.29999998211860657,0.9323308270676691,0.29999998211860657,0.29999998211860657,0.29999998211860657,1.4700000000000009,0.29999998211860657,0.29999998211860657,0.29999998211860657,0.29999998211860657,1.744360902255639,1.4582933470796404,0.29999998211860657,689.2840576171875,0.29999998211860657,7831,0.29999998211860657,0.9473684210526315,19,0.29999998211860657,0.29999998211860657,0.29999998211860657,0.29999998211860657,0.00483642578125,0.29999998211860657,0.29999998211860657,0.29999998211860657,0.29999998211860657,8184,0.29999998211860657,0.29999998211860657,0.29999998211860657,956.73,489,28,0.29999998211860657,0.2,4880,0.95,0.30000001192092896,21,-5.374142646789551,124,0.9090909090909091,0.7619047619047619,20,1.0,1e-05,0.0017502179,19,0.9473684210526315,-0.18542888760566711,15,11,0.7603549957275391,0.0917390874295961,-0.0037441615908392124,0.06590194702148437,0.1,0.0
0.29999998211860657,64225280,1.0,0.29999998211860657,0.29999998211860657,0.0851063829787234,0.29999998211860657,0.29999998211860657,0.9148936170212766,0.29999998211860657,0.29999998211860657,0.29999998211860657,1.471163120567377,0.29999998211860657,0.29999998211860657,0.29999998211860657,0.29999998211860657,1.872340425531915,1.6144395071466915,0.29999998211860657,696.425048828125,0.29999998211860657,7832,0.29999998211860657,0.8333333333333334,12,0.29999998211860657,0.29999998211860657,0.29999998211860657,0.29999998211860657,0.0048785400390624995,0.29999998211860657,0.29999998211860657,0.29999998211860657,0.29999998211860657,8200,0.29999998211860657,0.29999998211860657,0.29999998211860657,961.55,490,26,0.29999998211860657,0.2,4890,1.0,0.30000001192092896,23,-5.374142646789551,129,0.8571428571428571,0.8695652173913043,18,0.9090909090909091,1e-05,0.0017295624,19,0.8947368421052632,-0.07249444723129272,22,21,0.6909070014953613,0.10947668118751608,-0.0033784534644382804,0.06544723510742187,0.1,0.0
0.29999998211860657,64356352,1.0,0.29999998211860657,0.29999998211860657,0.06870229007633588,0.29999998211860657,0.29999998211860657,0.9312977099236641,0.29999998211860657,0.29999998211860657,0.29999998211860657,1.481786259541986,0.29999998211860657,0.29999998211860657,0.29999998211860657,0.29999998211860657,1.8473282442748091,1.5603277992423723,0.29999998211860657,697.4548950195312,0.29999998211860657,7832,0.29999998211860657,0.9444444444444444,18,0.29999998211860657,0.29999998211860657,0.29999998211860657,0.29999998211860657,0.0049822998046875,0.29999998211860657,0.29999998211860657,0.29999998211860657,0.29999998211860657,8216,0.29999998211860657,0.29999998211860657,0.29999998211860657,958.58,491,26,0.29999998211860657,0.2,4900,0.9473684210526315,0.30000001192092896,19,-5.374142646789551,122,0.8421052631578947,0.7894736842105263,19,1.0,1e-05,0.0018565835,16,1.0,-0.10909907519817352,14,19,0.7439076900482178,0.14524681500042788,-0.0038685480619278676,0.07412490844726563,0.1,0.0
0.29999998211860657,64487424,1.0,0.29999998211860657,0.29999998211860657,0.06993006993006994,0.29999998211860657,0.29999998211860657,0.9300699300699301,0.29999998211860657,0.29999998211860657,0.29999998211860657,1.4493006993007,0.29999998211860657,0.29999998211860657,0.29999998211860657,0.29999998211860657,1.7832167832167831,1.6315699590949853,0.29999998211860657,698.6521606445312,0.29999998211860657,7833,0.29999998211860657,0.9090909090909091,22,0.29999998211860657,0.29999998211860657,0.29999998211860657,0.29999998211860657,0.004917907714843749,0.29999998211860657,0.29999998211860657,0.29999998211860657,0.29999998211860657,8232,0.29999998211860657,0.29999998211860657,0.29999998211860657,967.15,492,28,0.29999998211860657,0.2,4910,0.9411764705882353,0.30000001192092896,17,-5.374142646789551,133,0.875,0.7647058823529411,17,1.0,1e-05,0.0017337432,15,1.0,-0.11393730342388153,20,24,0.7118957042694092,0.1035255953494925,-0.0037236744990423176,0.068994140625,0.1,0.0
0.29999998211860657,64618496,1.0,0.29999998211860657,0.29999998211860657,0.05555555555555555,0.29999998211860657,0.29999998211860657,0.9444444444444444,0.29999998211860657,0.29999998211860657,0.29999998211860657,1.45657142857143,0.29999998211860657,0.29999998211860657,0.29999998211860657,0.29999998211860657,1.8650793650793651,1.5587615861467046,0.29999998211860657,705.2184448242188,0.29999998211860657,7834,0.29999998211860657,0.9285714285714286,14,0.29999998211860657,0.29999998211860657,0.29999998211860657,0.29999998211860657,0.004924011230468751,0.29999998211860657,0.29999998211860657,0.29999998211860657,0.29999998211860657,8248,0.29999998211860657,0.29999998211860657,0.29999998211860657,971.75,493,24,0.29999998211860657,0.2,4920,1.0,0.30000001192092896,15,-5.374142646789551,119,0.9545454545454546,0.8,18,0.9411764705882353,1e-05,0.0017976039,16,0.9375,-0.18846237659454346,17,22,0.6943763494491577,0.11195686083519832,-0.003543072722004581,0.06965103149414062,0.1,0.0
0.29999998211860657,64749568,1.0,0.29999998211860657,0.29999998211860657,0.06428571428571428,0.29999998211860657,0.29999998211860657,0.9357142857142857,0.29999998211860657,0.29999998211860657,0.29999998211860657,1.458400000000001,0.29999998211860657,0.29999998211860657,0.29999998211860657,0.29999998211860657,1.9285714285714286,1.4461243631831264,0.29999998211860657,707.0550537109375,0.29999998211860657,7834,0.29999998211860657,1.0,13,0.29999998211860657,0.29999998211860657,0.29999998211860657,0.29999998211860657,0.00486083984375,0.29999998211860657,0.29999998211860657,0.29999998211860657,0.29999998211860657,8264,0.29999998211860657,0.29999998211860657,0.29999998211860657,977.66,494,26,0.29999998211860657,0.2,4930,0.9473684210526315,0.30000001192092896,25,-5.374142646789551,131,0.8947368421052632,0.76,19,1.0,1e-05,0.0017399751,20,1.0,-0.18187925219535828,18,19,0.7188056111335754,0.08784415027912473,-0.0035442427664293063,0.07019195556640626,0.1,0.0
0.29999998211860657,64880640,0.9545454545454546,0.29999998211860657,0.29999998211860657,0.047244094488188976,0.29999998211860657,0.29999998211860657,0.952755905511811,0.29999998211860657,0.29999998211860657,0.29999998211860657,1.4563307086614183,0.29999998211860657,0.29999998211860657,0.29999998211860657,0.29999998211860657,2.0866141732283463,1.5736277871995634,0.29999998211860657,706.8290405273438,0.29999998211860657,7835,0.29999998211860657,0.9473684210526315,19,0.29999998211860657,0.29999998211860657,0.29999998211860657,0.29999998211860657,0.0049603271484375,0.29999998211860657,0.29999998211860657,0.29999998211860657,0.29999998211860657,8280,0.29999998211860657,0.29999998211860657,0.29999998211860657,976.33,495,22,0.29999998211860657,0.2,4940,1.0,0.30000001192092896,22,-5.374142646789551,121,0.9444444444444444,0.9545454545454546,16,0.8181818181818182,1e-05,0.0017838718,19,1.0,-0.2214205265045166,11,18,0.7634568214416504,0.10273478345479817,-0.0035631576397918254,0.0685577392578125,0.1,0.0
0.29999998211860657,65011712,0.9666666666666667,0.29999998211860657,0.29999998211860657,0.04929577464788732,0.29999998211860657,0.29999998211860657,0.9507042253521126,0.29999998211860657,0.29999998211860657,0.29999998211860657,1.4729718309859166,0.29999998211860657,0.29999998211860657,0.29999998211860657,0.29999998211860657,1.9154929577464788,1.5284607341164742,0.29999998211860657,709.3574829101562,0.29999998211860657,7836,0.29999998211860657,0.9166666666666666,24,0.29999998211860657,0.29999998211860657,0.29999998211860657,0.29999998211860657,0.0048080444335937495,0.29999998211860657,0.29999998211860657,0.29999998211860657,0.29999998211860657,8296,0.29999998211860657,0.29999998211860657,0.29999998211860657,975.59,496,30,0.29999998211860657,0.2,4950,0.9375,0.30000001192092896,18,-5.374142646789551,135,0.8571428571428571,1.0,16,1.0,1e-05,0.001740769,20,1.0,-0.20401731133460999,13,21,0.7047536373138428,0.08734665856318316,-0.003818910224526917,0.06951904296875,0.1,0.0
0.29999998211860657,65142784,1.0,0.29999998211860657,0.29999998211860657,0.10236220472440945,0.29999998211860657,0.29999998211860657,0.8976377952755905,0.29999998211860657,0.29999998211860657,0.29999998211860657,1.442976377952757,0.29999998211860657,0.29999998211860657,0.29999998211860657,0.29999998211860657,1.8661417322834646,1.5066638383168705,0.29999998211860657,697.8091430664062,0.29999998211860657,7836,0.29999998211860657,0.8,20,0.29999998211860657,0.29999998211860657,0.29999998211860657,0.29999998211860657,0.00501678466796875,0.29999998211860657,0.29999998211860657,0.29999998211860657,0.29999998211860657,8312,0.29999998211860657,0.29999998211860657,0.29999998211860657,959.03,497,28,0.29999998211860657,0.2,4960,0.9411764705882353,0.30000001192092896,19,-5.374142646789551,114,0.8421052631578947,0.7894736842105263,17,0.8888888888888888,1e-05,0.0017703924,15,1.0,-0.15059950947761536,9,19,0.7305988073348999,0.11581947334343567,-0.0039841403081936734,0.06982040405273438,0.1,0.0
0.29999998211860657,65273856,1.0,0.29999998211860657,0.29999998211860657,0.06382978723404255,0.29999998211860657,0.29999998211860657,0.9361702127659575,0.29999998211860657,0.29999998211860657,0.29999998211860657,1.4767517730496464,0.29999998211860657,0.29999998211860657,0.29999998211860657,0.29999998211860657,2.078014184397163,1.5358941518135145,0.29999998211860657,707.128662109375,0.29999998211860657,7837,0.29999998211860657,0.8888888888888888,18,0.29999998211860657,0.29999998211860657,0.29999998211860657,0.29999998211860657,0.00494537353515625,0.29999998211860657,0.29999998211860657,0.29999998211860657,0.29999998211860657,8328,0.29999998211860657,0.29999998211860657,0.29999998211860657,965.25,498,21,0.29999998211860657,0.2,4970,1.0,0.30000001192092896,24,-5.374142646789551,132,0.8823529411764706,0.875,13,1.0,1e-05,0.0017260867,25,0.92,-0.1930319219827652,23,17,0.7360779643058777,0.12364911381737329,-0.003799900762578545,0.06736907958984376,0.1,0.0
0.29999998211860657,65404928,1.0,0.29999998211860657,0.29999998211860657,0.056,0.29999998211860657,0.29999998211860657,0.944,0.29999998211860657,0.29999998211860657,0.29999998211860657,1.4480320000000007,0.29999998211860657,0.29999998211860657,0.29999998211860657,0.29999998211860657,2.024,1.5589469663128823,0.29999998211860657,699.7833862304688,0.29999998211860657,7838,0.29999998211860657,0.9615384615384616,26,0.29999998211860657,0.29999998211860657,0.29999998211860657,0.29999998211860657,0.00501739501953125,0.29999998211860657,0.29999998211860657,0.29999998211860657,0.29999998211860657,8344,0.29999998211860657,0.29999998211860657,0.29999998211860657,969.06,499,21,0.29999998211860657,0.2,4980,1.0,0.30000001192092896,13,-5.374142646789551,118,0.8636363636363636,0.8461538461538461,10,1.0,1e-05,0.0017181819,17,0.9411764705882353,-0.15547607839107513,16,22,0.7465150952339172,0.11925212199275848,-0.0035732958792777936,0.06419219970703124,0.1,0.0
0.29999998211860657,65536000,1.0,0.29999998211860657,0.29999998211860657,0.05555555555555555,0.29999998211860657,0.29999998211860657,0.9444444444444444,0.29999998211860657,0.29999998211860657,0.29999998211860657,1.47001388888889,0.29999998211860657,0.29999998211860657,0.29999998211860657,0.29999998211860657,1.7013888888888888,1.6343225623990998,0.29999998211860657,715.7047729492188,0.29999998211860657,7838,0.29999998211860657,0.8695652173913043,23,0.29999998211860657,0.29999998211860657,0.29999998211860657,0.29999998211860657,0.004999389648437501,0.29999998211860657,0.29999998211860657,0.29999998211860657,0.29999998211860657,8360,0.29999998211860657,0.29999998211860657,0.29999998211860657,981.65,500,28,0.29999998211860657,0.2,4990,1.0,0.30000001192092896,25,-5.374142646789551,136,0.9230769230769231,0.88,25,1.0,1e-05,0.0017667275,15,0.9333333333333333,-0.19224998354911804,15,13,0.726629376411438,0.10179905539844185,-0.003587810539374914,0.07001113891601562,0.1,0.0
0.29999998211860657,65667072,1.0,0.29999998211860657,0.29999998211860657,0.0873015873015873,0.29999998211860657,0.29999998211860657,0.9126984126984127,0.29999998211860657,0.29999998211860657,0.29999998211860657,1.4565555555555563,0.29999998211860657,0.29999998211860657,0.29999998211860657,0.29999998211860657,1.8492063492063493,1.6037709515684089,0.29999998211860657,707.8193969726562,0.29999998211860657,7839,0.29999998211860657,0.9047619047619048,21,0.29999998211860657,0.29999998211860657,0.29999998211860657,0.29999998211860657,0.0050512695312499994,0.29999998211860657,0.29999998211860657,0.29999998211860657,0.29999998211860657,8376,0.29999998211860657,0.29999998211860657,0.29999998211860657,966.75,501,22,0.29999998211860657,0.2,5000,1.0,0.30000001192092896,15,-5.374142646789551,115,0.7368421052631579,0.8,17,0.9411764705882353,1e-05,0.0017513265,15,1.0,-0.21927732229232788,17,19,0.7150844931602478,0.07921945151610998,-0.00320845340975211,0.06493682861328125,0.1,0.0
0.29999998211860657,65798144,1.0,0.29999998211860657,0.29999998211860657,0.09210526315789473,0.29999998211860657,0.29999998211860657,0.9078947368421053,0.29999998211860657,0.29999998211860657,0.29999998211860657,1.4645394736842114,0.29999998211860657,0.29999998211860657,0.29999998211860657,0.29999998211860657,1.8289473684210527,1.6612440764179865,0.29999998211860657,701.0285034179688,0.29999998211860657,7839,0.29999998211860657,0.9583333333333334,24,0.29999998211860657,0.29999998211860657,0.29999998211860657,0.29999998211860657,0.00507354736328125,0.29999998211860657,0.29999998211860657,0.29999998211860657,0.29999998211860657,8392,0.29999998211860657,0.29999998211860657,0.29999998211860657,961.6,502,23,0.29999998211860657,0.2,5010,0.9666666666666667,0.30000001192092896,14,-5.374142646789551,138,0.7083333333333334,0.7142857142857143,30,1.0,1e-05,0.0018208302,17,0.9411764705882353,-0.1298363357782364,20,24,0.6793392896652222,0.1190817618276924,-0.003763047193751845,0.07086105346679687,0.1,0.0
0.29999998211860657,65929216,1.0,0.29999998211860657,0.29999998211860657,0.07317073170731707,0.29999998211860657,0.29999998211860657,0.926829268292683,0.29999998211860657,0.29999998211860657,0.29999998211860657,1.4549756097560986,0.29999998211860657,0.29999998211860657,0.29999998211860657,0.29999998211860657,1.7317073170731707,1.574588763368676,0.29999998211860657,704.1549072265625,0.29999998211860657,7840,0.29999998211860657,0.9230769230769231,13,0.29999998211860657,0.29999998211860657,0.29999998211860657,0.29999998211860657,0.0051348876953125,0.29999998211860657,0.29999998211860657,0.29999998211860657,0.29999998211860657,8408,0.29999998211860657,0.29999998211860657,0.29999998211860657,970.11,503,25,0.29999998211860657,0.2,5020,0.9166666666666666,0.30000001192092896,20,-5.374142646789551,114,0.8823529411764706,0.8,24,1.0,1e-05,0.0019185402,12,1.0,-0.17147773504257202,12,17,0.7371429204940796,0.1379401394748129,-0.0038873963476362405,0.07836685180664063,0.1,0.0
0.29999998211860657,66060288,1.0,0.29999998211860657,0.29999998211860657,0.061224489795918366,0.29999998211860657,0.29999998211860657,0.9387755102040817,0.29999998211860657,0.29999998211860657,0.29999998211860657,1.4723537414966,0.29999998211860657,0.29999998211860657,0.29999998211860657,0.29999998211860657,1.8231292517006803,1.5727562879808397,0.29999998211860657,705.9566650390625,0.29999998211860657,7841,0.29999998211860657,0.9166666666666666,24,0.29999998211860657,0.29999998211860657,0.29999998211860657,0.29999998211860657,0.0050454711914062495,0.29999998211860657,0.29999998211860657,0.29999998211860657,0.29999998211860657,8424,0.29999998211860657,0.29999998211860657,0.29999998211860657,970.01,504,28,0.29999998211860657,0.2,5030,1.0,0.30000001192092896,23,-5.374142646789551,138,0.7894736842105263,0.9565217391304348,18,0.9444444444444444,1e-05,0.0018347205,17,0.9411764705882353,-0.1519363522529602,18,19,0.8151974678039551,0.10822800894966349,-0.003998691534434329,0.07201690673828125,0.1,0.0
0.29999998211860657,66191360,1.0,0.29999998211860657,0.29999998211860657,0.07317073170731707,0.29999998211860657,0.29999998211860657,0.926829268292683,0.29999998211860657,0.29999998211860657,0.29999998211860657,1.479609756097562,0.29999998211860657,0.29999998211860657,0.29999998211860657,0.29999998211860657,2.073170731707317,1.686273815464407,0.29999998211860657,703.2748413085938,0.29999998211860657,7841,0.29999998211860657,0.7272727272727273,11,0.29999998211860657,0.29999998211860657,0.29999998211860657,0.29999998211860657,0.00512237548828125,0.29999998211860657,0.29999998211860657,0.29999998211860657,0.29999998211860657,8441,0.29999998211860657,0.29999998211860657,0.29999998211860657,966.06,505,20,0.29999998211860657,0.2,5040,1.0,0.30000001192092896,23,-5.374142646789551,114,0.85,0.9130434782608695,14,1.0,1e-05,0.0017788706,18,0.9444444444444444,-0.1751745641231537,17,20,0.6498591899871826,0.10444819871918298,-0.003453728723252425,0.06881942749023437,0.1,0.0
0.29999998211860657,66322432,1.0,0.29999998211860657,0.29999998211860657,0.03496503496503497,0.29999998211860657,0.29999998211860657,0.965034965034965,0.29999998211860657,0.29999998211860657,0.29999998211860657,1.4807132867132877,0.29999998211860657,0.29999998211860657,0.29999998211860657,0.29999998211860657,1.7972027972027973,1.610206010362667,0.29999998211860657,729.7002563476562,0.29999998211860657,7842,0.29999998211860657,1.0,19,0.29999998211860657,0.29999998211860657,0.29999998211860657,0.29999998211860657,0.0051550292968750005,0.29999998211860657,0.29999998211860657,0.29999998211860657,0.29999998211860657,8457,0.29999998211860657,0.29999998211860657,0.29999998211860657,997.49,506,27,0.29999998211860657,0.2,5050,0.9583333333333334,0.30000001192092896,19,-5.374142646789551,138,1.0,0.8947368421052632,24,1.0,1e-05,0.0018988107,13,0.8461538461538461,-0.0960802286863327,16,25,0.6750708222389221,0.12496812884055544,-0.0038789148406522143,0.07838287353515624,0.1,0.0
0.29999998211860657,66453504,0.9642857142857143,0.29999998211860657,0.29999998211860657,0.032,0.29999998211860657,0.29999998211860657,0.968,0.29999998211860657,0.29999998211860657,0.29999998211860657,1.464256000000001,0.29999998211860657,0.29999998211860657,0.29999998211860657,0.29999998211860657,1.704,1.5398059967336057,0.29999998211860657,723.7003784179688,0.29999998211860657,7842,0.29999998211860657,1.0,12,0.29999998211860657,0.29999998211860657,0.29999998211860657,0.29999998211860657,0.005164184570312499,0.29999998211860657,0.29999998211860657,0.29999998211860657,0.29999998211860657,8473,0.29999998211860657,0.29999998211860657,0.29999998211860657,986.46,507,28,0.29999998211860657,0.2,5060,1.0,0.30000001192092896,15,-5.374142646789551,121,0.9375,0.9333333333333333,18,1.0,1e-05,0.0017543305,18,0.9444444444444444,-0.21517091989517212,18,16,0.678612232208252,0.08847322687070118,-0.0032475261361923913,0.06961212158203126,0.1,0.0
0.29999998211860657,66584576,0.9583333333333334,0.29999998211860657,0.29999998211860657,0.06206896551724138,0.29999998211860657,0.29999998211860657,0.9379310344827586,0.29999998211860657,0.29999998211860657,0.29999998211860657,1.4684827586206908,0.29999998211860657,0.29999998211860657,0.29999998211860657,0.29999998211860657,1.710344827586207,1.5424118130639775,0.29999998211860657,699.55078125,0.29999998211860657,7843,0.29999998211860657,0.8076923076923077,26,0.29999998211860657,0.29999998211860657,0.29999998211860657,0.29999998211860657,0.0052825927734375,0.29999998211860657,0.29999998211860657,0.29999998211860657,0.29999998211860657,8489,0.29999998211860657,0.29999998211860657,0.29999998211860657,957.38,508,24,0.29999998211860657,0.2,5070,1.0,0.30000001192092896,15,-5.374142646789551,136,1.0,0.9333333333333333,22,1.0,1e-05,0.0017330344,17,0.8823529411764706,-0.1861458122730255,24,17,0.7186309099197388,0.07103417296311818,-0.0033433812494877203,0.06930007934570312,0.1,0.0
0.29999998211860657,66715648,1.0,0.29999998211860657,0.29999998211860657,0.05343511450381679,0.29999998211860657,0.29999998211860657,0.9465648854961832,0.29999998211860657,0.29999998211860657,0.29999998211860657,1.461465648854963,0.29999998211860657,0.29999998211860657,0.29999998211860657,0.29999998211860657,2.0076335877862594,1.5567546357505126,0.29999998211860657,711.7295532226562,0.29999998211860657,7844,0.29999998211860657,0.9473684210526315,19,0.29999998211860657,0.29999998211860657,0.29999998211860657,0.29999998211860657,0.005240478515624999,0.29999998211860657,0.29999998211860657,0.29999998211860657,0.29999998211860657,8505,0.29999998211860657,0.29999998211860657,0.29999998211860657,980.42,509,26,0.29999998211860657,0.2,5080,1.0,0.30000001192092896,26,-5.374142646789551,124,0.8235294117647058,0.8846153846153846,15,1.0,1e-05,0.0017178373,18,1.0,-0.2207716703414917,10,17,0.6937716007232666,0.11531116469122935,-0.0036688563337065718,0.06487350463867188,0.1,0.0
0.29999998211860657,66846720,1.0,0.29999998211860657,0.29999998211860657,0.1079136690647482,0.29999998211860657,0.29999998211860657,0.8920863309352518,0.29999998211860657,0.29999998211860657,0.29999998211860657,1.4445323741007203,0.29999998211860657,0.29999998211860657,0.29999998211860657,0.29999998211860657,1.8992805755395683,1.630493388071718,0.29999998211860657,692.9522705078125,0.29999998211860657,7844,0.29999998211860657,0.8571428571428571,14,0.29999998211860657,0.29999998211860657,0.29999998211860657,0.29999998211860657,0.005381469726562499,0.29999998211860657,0.29999998211860657,0.29999998211860657,0.29999998211860657,8521,0.29999998211860657,0.29999998211860657,0.29999998211860657,949.39,510,24,0.29999998211860657,0.2,5090,1.0,0.30000001192092896,26,-5.374142646789551,124,0.6875,0.8076923076923077,18,0.9523809523809523,1e-05,0.0018254399,20,0.9,-0.15773697197437286,21,16,0.6256412267684937,0.10323819170880597,-0.0034996968612631464,0.072784423828125,0.1,0.0
0.29999998211860657,66977792,1.0,0.29999998211860657,0.29999998211860657,0.03816793893129771,0.29999998211860657,0.29999998211860657,0.9618320610687023,0.29999998211860657,0.29999998211860657,0.29999998211860657,1.4677099236641233,0.29999998211860657,0.29999998211860657,0.29999998211860657,0.29999998211860657,1.7251908396946565,1.3719392622625837,0.29999998211860657,719.9352416992188,0.29999998211860657,7845,0.29999998211860657,1.0,14,0.29999998211860657,0.29999998211860657,0.29999998211860657,0.29999998211860657,0.0053594970703125,0.29999998211860657,0.29999998211860657,0.29999998211860657,0.29999998211860657,8537,0.29999998211860657,0.29999998211860657,0.29999998211860657,982.2,511,32,0.29999998211860657,0.2,5100,0.9285714285714286,0.30000001192092896,19,-5.374142646789551,126,1.0,0.9473684210526315,14,0.9444444444444444,1e-05,0.0018194572,23,0.9130434782608695,-0.13438333570957184,18,11,0.7199163436889648,0.15052086679788773,-0.004114964703967416,0.07229080200195312,0.1,0.0
0.29999998211860657,67108864,1.0,0.29999998211860657,0.29999998211860657,0.05970149253731343,0.29999998211860657,0.29999998211860657,0.9402985074626866,0.29999998211860657,0.29999998211860657,0.29999998211860657,1.4570895522388072,0.29999998211860657,0.29999998211860657,0.29999998211860657,0.29999998211860657,1.7611940298507462,1.388464721149288,0.29999998211860657,705.4473266601562,0.29999998211860657,7845,0.29999998211860657,0.9090909090909091,11,0.29999998211860657,0.29999998211860657,0.29999998211860657,0.29999998211860657,0.0053863525390625,0.29999998211860657,0.29999998211860657,0.29999998211860657,0.29999998211860657,8553,0.29999998211860657,0.29999998211860657,0.29999998211860657,967.26,512,36,0.29999998211860657,0.2,5110,0.9473684210526315,0.30000001192092896,17,-5.374142646789551,126,0.9,0.8235294117647058,19,1.0,1e-05,0.0017005588,20,0.95,-0.15746645629405975,11,20,0.6815668344497681,0.08576162589888554,-0.0034419971437728235,0.06710662841796874,0.1,0.0
0.29999998211860657,67239936,1.0,0.29999998211860657,0.29999998211860657,0.058823529411764705,0.29999998211860657,0.29999998211860657,0.9411764705882353,0.29999998211860657,0.29999998211860657,0.29999998211860657,1.4769117647058834,0.29999998211860657,0.29999998211860657,0.29999998211860657,0.29999998211860657,1.7647058823529411,1.6524444310400026,0.29999998211860657,721.3005981445312,0.29999998211860657,7846,0.29999998211860657,0.8823529411764706,17,0.29999998211860657,0.29999998211860657,0.29999998211860657,0.29999998211860657,0.0053240966796875,0.29999998211860657,0.29999998211860657,0.29999998211860657,0.29999998211860657,8569,0.29999998211860657,0.29999998211860657,0.29999998211860657,988.53,513,24,0.29999998211860657,0.2,5120,1.0,0.30000001192092896,26,-5.374142646789551,128,0.875,0.8846153846153846,13,1.0,1e-05,0.0018380218,15,0.9333333333333333,-0.12427666783332825,25,16,0.6611230373382568,0.1008191861998057,-0.0034679788189350804,0.07124404907226563,0.1,0.0
0.29999998211860657,67371008,0.9615384615384616,0.29999998211860657,0.29999998211860657,0.0661764705882353,0.29999998211860657,0.29999998211860657,0.9338235294117647,0.29999998211860657,0.29999998211860657,0.29999998211860657,1.4814558823529422,0.29999998211860657,0.29999998211860657,0.29999998211860657,0.29999998211860657,2.110294117647059,1.561207113626464,0.29999998211860657,717.8379516601562,0.29999998211860657,7847,0.29999998211860657,0.95,20,0.29999998211860657,0.29999998211860657,0.29999998211860657,0.29999998211860657,0.00531494140625,0.29999998211860657,0.29999998211860657,0.29999998211860657,0.29999998211860657,8585,0.29999998211860657,0.29999998211860657,0.29999998211860657,981.95,514,26,0.29999998211860657,0.2,5130,1.0,0.30000001192092896,23,-5.374142646789551,127,0.9259259259259259,0.8260869565217391,11,0.9166666666666666,1e-05,0.0018692915,17,1.0,-0.20017914474010468,12,27,0.6502195000648499,0.12165437551157084,-0.003724490863851315,0.07259445190429688,0.1,0.0
0.29999998211860657,67502080,1.0,0.29999998211860657,0.29999998211860657,0.015267175572519083,0.29999998211860657,0.29999998211860657,0.9847328244274809,0.29999998211860657,0.29999998211860657,0.29999998211860657,1.486763358778627,0.29999998211860657,0.29999998211860657,0.29999998211860657,0.29999998211860657,1.6870229007633588,1.4768655675274511,0.29999998211860657,721.3384399414062,0.29999998211860657,7847,0.29999998211860657,1.0,15,0.29999998211860657,0.29999998211860657,0.29999998211860657,0.29999998211860657,0.00544921875,0.29999998211860657,0.29999998211860657,0.29999998211860657,0.29999998211860657,8601,0.29999998211860657,0.29999998211860657,0.29999998211860657,987.0,515,32,0.29999998211860657,0.2,5140,0.95,0.30000001192092896,12,-5.374142646417022,129,1.0,1.0,20,1.0,1e-05,0.0018062687,19,0.9473684210526315,-0.16128036379814148,15,18,0.7001311779022217,0.08787506602966459,-0.0037209712078038137,0.06960601806640625,0.1,0.0
0.29999998211860657,67633152,1.0,0.29999998211860657,0.29999998211860657,0.045112781954887216,0.29999998211860657,0.29999998211860657,0.9548872180451128,0.29999998211860657,0.29999998211860657,0.29999998211860657,1.4717293233082716,0.29999998211860657,0.29999998211860657,0.29999998211860657,0.29999998211860657,1.9774436090225564,1.3658712741637185,0.29999998211860657,717.1190795898438,0.29999998211860657,7848,0.29999998211860657,0.8947368421052632,19,0.29999998211860657,0.29999998211860657,0.29999998211860657,0.29999998211860657,0.00549346923828125,0.29999998211860657,0.29999998211860657,0.29999998211860657,0.29999998211860657,8617,0.29999998211860657,0.29999998211860657,0.29999998211860657,979.61,516,27,0.29999998211860657,0.2,5150,1.0,0.30000001192092896,27,-5.374142646789551,127,1.0,0.8518518518518519,12,1.0,1e-05,0.0017510459,19,1.0,-0.1825154721736908,13,16,0.5404119491577148,0.06492524710629369,-0.0030916333854293042,0.06939544677734374,0.1,0.0
0.29999998211860657,67764224,1.0,0.29999998211860657,0.29999998211860657,0.07246376811594203,0.29999998211860657,0.29999998211860657,0.927536231884058,0.29999998211860657,0.29999998211860657,0.29999998211860657,1.4951739130434794,0.29999998211860657,0.29999998211860657,0.29999998211860657,0.29999998211860657,1.9420289855072463,1.4249158448686625,0.29999998211860657,714.9046020507812,0.29999998211860657,7849,0.29999998211860657,0.9090909090909091,11,0.29999998211860657,0.29999998211860657,0.29999998211860657,0.29999998211860657,0.005467529296875,0.29999998211860657,0.29999998211860657,0.29999998211860657,0.29999998211860657,8633,0.29999998211860657,0.29999998211860657,0.29999998211860657,971.09,517,34,0.29999998211860657,0.2,5160,1.0,0.30000001192092896,16,-5.374142646789551,128,0.7777777777777778,0.9375,10,0.9473684210526315,1e-05,0.0017532869,30,0.9,-0.21329475939273834,19,18,0.6567320823669434,0.08093301047047134,-0.003519505533404299,0.07082595825195312,0.1,0.0
0.29999998211860657,67895296,1.0,0.29999998211860657,0.29999998211860657,0.046511627906976744,0.29999998211860657,0.29999998211860657,0.9534883720930233,0.29999998211860657,0.29999998211860657,0.29999998211860657,1.4680620155038773,0.29999998211860657,0.29999998211860657,0.29999998211860657,0.29999998211860657,1.682170542635659,1.5705882976051901,0.29999998211860657,714.6657104492188,0.29999998211860657,7849,0.29999998211860657,1.0,22,0.29999998211860657,0.29999998211860657,0.29999998211860657,0.29999998211860657,0.005400390625,0.29999998211860657,0.29999998211860657,0.29999998211860657,0.29999998211860657,8649,0.29999998211860657,0.29999998211860657,0.29999998211860657,977.08,518,30,0.29999998211860657,0.2,5170,1.0,0.30000001192092896,16,-5.374142646789551,123,0.9285714285714286,0.75,14,1.0,1e-05,0.001855934,17,0.9411764705882353,-0.23360984027385712,16,14,0.655593991279602,0.12563348163675983,-0.0038417209048020595,0.07503890991210938,0.1,0.0
0.29999998211860657,68026368,1.0,0.29999998211860657,0.29999998211860657,0.051094890510948905,0.29999998211860657,0.29999998211860657,0.948905109489051,0.29999998211860657,0.29999998211860657,0.29999998211860657,1.4667591240875923,0.29999998211860657,0.29999998211860657,0.29999998211860657,0.29999998211860657,1.9562043795620438,1.5713708775061044,0.29999998211860657,710.0552978515625,0.29999998211860657,7850,0.29999998211860657,1.0,18,0.29999998211860657,0.29999998211860657,0.29999998211860657,0.29999998211860657,0.0055593872070312505,0.29999998211860657,0.29999998211860657,0.29999998211860657,0.29999998211860657,8665,0.29999998211860657,0.29999998211860657,0.29999998211860657,974.85,519,27,0.29999998211860657,0.2,5180,0.95,0.30000001192092896,18,-5.374142646789551,130,0.85,0.9444444444444444,20,1.0,1e-05,0.0017734359,21,0.9047619047619048,-0.20104995369911194,13,20,0.6538699865341187,0.09347661351494026,-0.003488707660471846,0.07248916625976562,0.1,0.0
0.29999998211860657,68157440,0.9629629629629629,0.29999998211860657,0.29999998211860657,0.10144927536231885,0.29999998211860657,0.29999998211860657,0.8985507246376812,0.29999998211860657,0.29999998211860657,0.29999998211860657,1.4557391304347838,0.29999998211860657,0.29999998211860657,0.29999998211860657,0.29999998211860657,1.6594202898550725,1.6018131311731914,0.29999998211860657,687.0822143554688,0.29999998211860657,7850,0.29999998211860657,0.95,20,0.29999998211860657,0.29999998211860657,0.29999998211860657,0.29999998211860657,0.00552032470703125,0.29999998211860657,0.29999998211860657,0.29999998211860657,0.29999998211860657,8681,0.29999998211860657,0.29999998211860657,0.29999998211860657,946.85,520,27,0.29999998211860657,0.2,5190,1.0,0.30000001192092896,25,-5.374142646789551,124,0.5833333333333334,0.8,18,0.9523809523809523,1e-05,0.0018958121,15,0.9333333333333333,-0.1733151227235794,21,12,0.581536054611206,0.10985482014366425,-0.003660849583638992,0.07810134887695312,0.1,0.0
0.29999998211860657,68288512,1.0,0.29999998211860657,0.29999998211860657,0.04477611940298507,0.29999998211860657,0.29999998211860657,0.9552238805970149,0.29999998211860657,0.29999998211860657,0.29999998211860657,1.484955223880598,0.29999998211860657,0.29999998211860657,0.29999998211860657,0.29999998211860657,2.171641791044776,1.5714135614267633,0.29999998211860657,725.2103881835938,0.29999998211860657,7851,0.29999998211860657,0.8333333333333334,12,0.29999998211860657,0.29999998211860657,0.29999998211860657,0.29999998211860657,0.0054876708984375,0.29999998211860657,0.29999998211860657,0.29999998211860657,0.29999998211860657,8697,0.29999998211860657,0.29999998211860657,0.29999998211860657,985.63,521,23,0.29999998211860657,0.2,5200,1.0,0.30000001192092896,24,-5.374142646789551,128,0.9090909090909091,0.9166666666666666,15,1.0,1e-05,0.0018261125,23,1.0,-0.12153217196464539,15,22,0.6172022223472595,0.14377532120561226,-0.003959758660312218,0.07165679931640626,0.1,0.0
0.29999998211860657,68419584,1.0,0.29999998211860657,0.29999998211860657,0.07913669064748201,0.29999998211860657,0.29999998211860657,0.920863309352518,0.29999998211860657,0.29999998211860657,0.29999998211860657,1.4660287769784182,0.29999998211860657,0.29999998211860657,0.29999998211860657,0.29999998211860657,1.8848920863309353,1.5326961742767735,0.29999998211860657,701.1238403320312,0.29999998211860657,7852,0.29999998211860657,0.8181818181818182,22,0.29999998211860657,0.29999998211860657,0.29999998211860657,0.29999998211860657,0.005442504882812499,0.29999998211860657,0.29999998211860657,0.29999998211860657,0.29999998211860657,8713,0.29999998211860657,0.29999998211860657,0.29999998211860657,955.36,522,25,0.29999998211860657,0.2,5210,0.9545454545454546,0.30000001192092896,20,-5.374142646789551,128,0.8947368421052632,0.9,22,1.0,1e-05,0.001772733,17,0.8823529411764706,-0.1464003473520279,14,19,0.6733206510543823,0.09468925410765223,-0.0034025019685941515,0.07146682739257812,0.1,0.0
0.29999998211860657,68550656,1.0,0.29999998211860657,0.29999998211860657,0.06870229007633588,0.29999998211860657,0.29999998211860657,0.9312977099236641,0.29999998211860657,0.29999998211860657,0.29999998211860657,1.5078625954198486,0.29999998211860657,0.29999998211860657,0.29999998211860657,0.29999998211860657,1.9618320610687023,1.6022707982880384,0.29999998211860657,712.1494750976562,0.29999998211860657,7852,0.29999998211860657,0.8823529411764706,17,0.29999998211860657,0.29999998211860657,0.29999998211860657,0.29999998211860657,0.0054254150390625,0.29999998211860657,0.29999998211860657,0.29999998211860657,0.29999998211860657,8729,0.29999998211860657,0.29999998211860657,0.29999998211860657,971.97,523,22,0.29999998211860657,0.2,5220,1.0,0.30000001192092896,23,-5.374142646789551,122,0.9166666666666666,0.782608695652174,15,1.0,1e-05,0.0018107628,13,1.0,-0.16230657696723938,17,24,0.6806213855743408,0.13127933668729383,-0.003882728400367341,0.07137222290039062,0.1,0.0
0.29999998211860657,68681728,1.0,0.29999998211860657,0.29999998211860657,0.044444444444444446,0.29999998211860657,0.29999998211860657,0.9555555555555556,0.29999998211860657,0.29999998211860657,0.29999998211860657,1.490814814814816,0.29999998211860657,0.29999998211860657,0.29999998211860657,0.29999998211860657,1.7555555555555555,1.5779197967055825,0.29999998211860657,718.7418212890625,0.29999998211860657,7853,0.29999998211860657,0.9375,16,0.29999998211860657,0.29999998211860657,0.29999998211860657,0.29999998211860657,0.00556610107421875,0.29999998211860657,0.29999998211860657,0.29999998211860657,0.29999998211860657,8745,0.29999998211860657,0.29999998211860657,0.29999998211860657,978.93,524,27,0.29999998211860657,0.2,5230,0.9411764705882353,0.30000001192092896,15,-5.374142646789551,129,0.9,0.8666666666666667,17,1.0,1e-05,0.0017915339,18,1.0,-0.174130380153656,22,20,0.7300385236740112,0.10637897511769552,-0.003732848919389653,0.07093734741210937,0.1,0.0
0.29999998211860657,68812800,1.0,0.29999998211860657,0.29999998211860657,0.05223880597014925,0.29999998211860657,0.29999998211860657,0.9477611940298507,0.29999998211860657,0.29999998211860657,0.29999998211860657,1.4795074626865683,0.29999998211860657,0.29999998211860657,0.29999998211860657,0.29999998211860657,2.0223880597014925,1.7425305987700113,0.29999998211860657,724.0193481445312,0.29999998211860657,7853,0.29999998211860657,0.9285714285714286,14,0.29999998211860657,0.29999998211860657,0.29999998211860657,0.29999998211860657,0.005618286132812499,0.29999998211860657,0.29999998211860657,0.29999998211860657,0.29999998211860657,8761,0.29999998211860657,0.29999998211860657,0.29999998211860657,984.44,525,21,0.29999998211860657,0.2,5240,1.0,0.30000001192092896,18,-5.374142646789551,127,0.9473684210526315,0.7777777777777778,19,1.0,1e-05,0.0017206246,23,0.9565217391304348,-0.2234531193971634,20,19,0.753160297870636,0.07880910228122957,-0.003672693433964014,0.06434173583984375,0.1,0.0
0.29999998211860657,68943872,1.0,0.29999998211860657,0.29999998211860657,0.08695652173913043,0.29999998211860657,0.29999998211860657,0.9130434782608695,0.29999998211860657,0.29999998211860657,0.29999998211860657,1.490782608695653,0.29999998211860657,0.29999998211860657,0.29999998211860657,0.29999998211860657,2.050724637681159,1.6256864274916119,0.29999998211860657,703.0681762695312,0.29999998211860657,7854,0.29999998211860657,0.7916666666666666,24,0.29999998211860657,0.29999998211860657,0.29999998211860657,0.29999998211860657,0.005584716796875,0.29999998211860657,0.29999998211860657,0.29999998211860657,0.29999998211860657,8777,0.29999998211860657,0.29999998211860657,0.29999998211860657,971.25,526,23,0.29999998211860657,0.2,5250,1.0,0.30000001192092896,23,-5.374142646789551,126,0.8,0.9130434782608695,14,0.9375,1e-05,0.0017732144,23,0.9565217391304348,-0.1512056291103363,16,15,0.6593685150146484,0.09057214969943743,-0.0033735490776962253,0.06848678588867188,0.1,0.0
0.29999998211860657,69074944,1.0,0.29999998211860657,0.29999998211860657,0.06818181818181818,0.29999998211860657,0.29999998211860657,0.9318181818181818,0.29999998211860657,0.29999998211860657,0.29999998211860657,1.4695454545454556,0.29999998211860657,0.29999998211860657,0.29999998211860657,0.29999998211860657,2.007575757575758,1.6286155416419077,0.29999998211860657,724.5079956054688,0.29999998211860657,7855,0.29999998211860657,0.95,20,0.29999998211860657,0.29999998211860657,0.29999998211860657,0.29999998211860657,0.00561492919921875,0.29999998211860657,0.29999998211860657,0.29999998211860657,0.29999998211860657,8793,0.29999998211860657,0.29999998211860657,0.29999998211860657,982.87,527,21,0.29999998211860657,0.2,5260,0.9523809523809523,0.30000001192092896,13,-5.374142646789551,123,0.7142857142857143,0.8461538461538461,21,0.9411764705882353,1e-05,0.0017941121,26,1.0,-0.08906477689743042,17,14,0.7705514430999756,0.11726677763508633,-0.004018753533773634,0.0679046630859375,0.1,0.0
0.29999998211860657,69206016,1.0,0.29999998211860657,0.29999998211860657,0.05263157894736842,0.29999998211860657,0.29999998211860657,0.9473684210526315,0.29999998211860657,0.29999998211860657,0.29999998211860657,1.4639849624060162,0.29999998211860657,0.29999998211860657,0.29999998211860657,0.29999998211860657,2.255639097744361,1.5137290302976647,0.29999998211860657,720.155029296875,0.29999998211860657,7855,0.29999998211860657,0.9411764705882353,17,0.29999998211860657,0.29999998211860657,0.29999998211860657,0.29999998211860657,0.005654602050781251,0.29999998211860657,0.29999998211860657,0.29999998211860657,0.29999998211860657,8809,0.29999998211860657,0.29999998211860657,0.29999998211860657,977.59,528,18,0.29999998211860657,0.2,5270,1.0,0.30000001192092896,16,-5.374142646789551,126,0.8636363636363636,0.9375,18,1.0,1e-05,0.001786946,26,0.9230769230769231,-0.19985824823379517,16,22,0.6811516284942627,0.09556380712019745,-0.0034884229981344108,0.06686172485351563,0.1,0.0
0.29999998211860657,69337088,1.0,0.29999998211860657,0.29999998211860657,0.05185185185185185,0.29999998211860657,0.29999998211860657,0.9481481481481482,0.29999998211860657,0.29999998211860657,0.29999998211860657,1.4732888888888902,0.29999998211860657,0.29999998211860657,0.29999998211860657,0.29999998211860657,1.7259259259259259,1.6488154066201572,0.29999998211860657,727.0919799804688,0.29999998211860657,7856,0.29999998211860657,0.8461538461538461,13,0.29999998211860657,0.29999998211860657,0.29999998211860657,0.29999998211860657,0.0056744384765625,0.29999998211860657,0.29999998211860657,0.29999998211860657,0.29999998211860657,8825,0.29999998211860657,0.29999998211860657,0.29999998211860657,993.9,529,25,0.29999998211860657,0.2,5280,1.0,0.30000001192092896,14,-5.374142646789551,128,0.95,0.7142857142857143,20,1.0,1e-05,0.0018542488,18,1.0,-0.18321636319160461,25,20,0.6969008445739746,0.10305503564013634,-0.0034945397945648437,0.07088088989257812,0.1,0.0
0.29999998211860657,69468160,1.0,0.29999998211860657,0.29999998211860657,0.022900763358778626,0.29999998211860657,0.29999998211860657,0.9770992366412213,0.29999998211860657,0.29999998211860657,0.29999998211860657,1.4635572519083981,0.29999998211860657,0.29999998211860657,0.29999998211860657,0.29999998211860657,1.8244274809160306,1.3971074427131425,0.29999998211860657,736.7798461914062,0.29999998211860657,7856,0.29999998211860657,1.0,15,0.29999998211860657,0.29999998211860657,0.29999998211860657,0.29999998211860657,0.00560302734375,0.29999998211860657,0.29999998211860657,0.29999998211860657,0.29999998211860657,8841,0.29999998211860657,0.29999998211860657,0.29999998211860657,994.55,530,25,0.29999998211860657,0.2,5290,1.0,0.30000001192092896,15,-5.374142645299434,128,1.0,0.8,17,1.0,1e-05,0.001766671,20,1.0,-0.16978642344474792,21,18,0.7072855830192566,0.06829391633073101,-0.003812225535284597,0.07119979858398437,0.1,0.0
0.29999998211860657,69599232,1.0,0.29999998211860657,0.29999998211860657,0.044444444444444446,0.29999998211860657,0.29999998211860657,0.9555555555555556,0.29999998211860657,0.29999998211860657,0.29999998211860657,1.4729185185185198,0.29999998211860657,0.29999998211860657,0.29999998211860657,0.29999998211860657,2.0296296296296297,1.545052126029779,0.29999998211860657,721.206787109375,0.29999998211860657,7857,0.29999998211860657,0.8695652173913043,23,0.29999998211860657,0.29999998211860657,0.29999998211860657,0.29999998211860657,0.00576446533203125,0.29999998211860657,0.29999998211860657,0.29999998211860657,0.29999998211860657,8857,0.29999998211860657,0.29999998211860657,0.29999998211860657,981.99,531,23,0.29999998211860657,0.2,5300,1.0,0.30000001192092896,18,-5.374142646789551,129,0.9565217391304348,0.8888888888888888,15,1.0,1e-05,0.001786195,18,1.0,-0.23342502117156982,15,23,0.5732396841049194,0.06709278168127639,-0.0033645905768935336,0.0704864501953125,0.1,0.0
0.29999998211860657,69730304,1.0,0.29999998211860657,0.29999998211860657,0.057971014492753624,0.29999998211860657,0.29999998211860657,0.9420289855072463,0.29999998211860657,0.29999998211860657,0.29999998211860657,1.4764057971014504,0.29999998211860657,0.29999998211860657,0.29999998211860657,0.29999998211860657,1.5724637681159421,1.5153963983443857,0.29999998211860657,710.1673583984375,0.29999998211860657,7858,0.29999998211860657,0.9230769230769231,13,0.29999998211860657,0.29999998211860657,0.29999998211860657,0.29999998211860657,0.0055364990234375,0.29999998211860657,0.29999998211860657,0.29999998211860657,0.29999998211860657,8873,0.29999998211860657,0.29999998211860657,0.29999998211860657,970.11,532,32,0.29999998211860657,0.2,5310,0.875,0.30000001192092896,18,-5.374142646789551,130,0.9,0.8888888888888888,24,1.0,1e-05,0.0017636814,13,1.0,-0.1843431144952774,18,20,0.6827167272567749,0.08386554686003364,-0.00373015537397805,0.0686676025390625,0.1,0.0
0.29999998211860657,69861376,1.0,0.29999998211860657,0.29999998211860657,0.07407407407407407,0.29999998211860657,0.29999998211860657,0.9259259259259259,0.29999998211860657,0.29999998211860657,0.29999998211860657,1.4619407407407417,0.29999998211860657,0.29999998211860657,0.29999998211860657,0.29999998211860657,2.074074074074074,1.657978403709555,0.29999998211860657,715.6095581054688,0.29999998211860657,7858,0.29999998211860657,0.9230769230769231,26,0.29999998211860657,0.29999998211860657,0.29999998211860657,0.29999998211860657,0.00576873779296875,0.29999998211860657,0.29999998211860657,0.29999998211860657,0.29999998211860657,8889,0.29999998211860657,0.29999998211860657,0.29999998211860657,970.33,533,19,0.29999998211860657,0.2,5320,1.0,0.30000001192092896,19,-5.374142646789551,125,0.88,0.7368421052631579,15,1.0,1e-05,0.001756795,15,1.0,-0.18584471940994263,16,25,0.7128921747207642,0.08896446751023177,-0.0036259838640944507,0.0678680419921875,0.1,0.0
0.29999998211860657,69992448,1.0,0.29999998211860657,0.29999998211860657,0.05263157894736842,0.29999998211860657,0.29999998211860657,0.9473684210526315,0.29999998211860657,0.29999998211860657,0.29999998211860657,1.4912030075187979,0.29999998211860657,0.29999998211860657,0.29999998211860657,0.29999998211860657,1.7142857142857142,1.4711938248842669,0.29999998211860657,718.9404907226562,0.29999998211860657,7859,0.29999998211860657,1.0,15,0.29999998211860657,0.29999998211860657,0.29999998211860657,0.29999998211860657,0.00572662353515625,0.29999998211860657,0.29999998211860657,0.29999998211860657,0.29999998211860657,8905,0.29999998211860657,0.29999998211860657,0.29999998211860657,983.5,534,28,0.29999998211860657,0.2,5330,1.0,0.30000001192092896,22,-5.374142646789551,126,0.8181818181818182,0.8181818181818182,21,0.9411764705882353,1e-05,0.0018580302,19,1.0,-0.1372596025466919,17,11,0.719298243522644,0.12393999493215233,-0.003983532701840886,0.07252960205078125,0.1,0.0
0.29999998211860657,70123520,1.0,0.29999998211860657,0.29999998211860657,0.03759398496240601,0.29999998211860657,0.29999998211860657,0.9624060150375939,0.29999998211860657,0.29999998211860657,0.29999998211860657,1.4670225563909784,0.29999998211860657,0.29999998211860657,0.29999998211860657,0.29999998211860657,1.9774436090225564,1.5637957059007388,0.29999998211860657,731.5750732421875,0.29999998211860657,7859,0.29999998211860657,0.9583333333333334,24,0.29999998211860657,0.29999998211860657,0.29999998211860657,0.29999998211860657,0.0058306884765625,0.29999998211860657,0.29999998211860657,0.29999998211860657,0.29999998211860657,8921,0.29999998211860657,0.29999998211860657,0.29999998211860657,990.88,535,23,0.29999998211860657,0.2,5340,1.0,0.30000001192092896,15,-5.374142646789551,128,0.9411764705882353,0.8,10,1.0,1e-05,0.0017374795,23,1.0,-0.2095337063074112,21,17,0.7174616456031799,0.08043879964970983,-0.0035981670458113514,0.07063827514648438,0.1,0.0
0.29999998211860657,70254592,1.0,0.29999998211860657,0.29999998211860657,0.08450704225352113,0.29999998211860657,0.29999998211860657,0.9154929577464789,0.29999998211860657,0.29999998211860657,0.29999998211860657,1.4583802816901419,0.29999998211860657,0.29999998211860657,0.29999998211860657,0.29999998211860657,1.7816901408450705,1.5926077758142363,0.29999998211860657,700.3810424804688,0.29999998211860657,7860,0.29999998211860657,0.9090909090909091,11,0.29999998211860657,0.29999998211860657,0.29999998211860657,0.29999998211860657,0.00584808349609375,0.29999998211860657,0.29999998211860657,0.29999998211860657,0.29999998211860657,8937,0.29999998211860657,0.29999998211860657,0.29999998211860657,958.82,536,25,0.29999998211860657,0.2,5350,1.0,0.30000001192092896,26,-5.374142646789551,130,0.8888888888888888,0.6923076923076923,26,1.0,1e-05,0.0017915994,16,0.9375,-0.15401028096675873,20,18,0.7090389728546143,0.08704998087196145,-0.003648272642885786,0.0674713134765625,0.1,0.0
0.29999998211860657,70385664,0.9565217391304348,0.29999998211860657,0.29999998211860657,0.06818181818181818,0.29999998211860657,0.29999998211860657,0.9318181818181818,0.29999998211860657,0.29999998211860657,0.29999998211860657,1.5003030303030314,0.29999998211860657,0.29999998211860657,0.29999998211860657,0.29999998211860657,1.9393939393939394,1.7227394931096185,0.29999998211860657,700.8680419921875,0.29999998211860657,7861,0.29999998211860657,0.9333333333333333,15,0.29999998211860657,0.29999998211860657,0.29999998211860657,0.29999998211860657,0.00584686279296875,0.29999998211860657,0.29999998211860657,0.29999998211860657,0.29999998211860657,8953,0.29999998211860657,0.29999998211860657,0.29999998211860657,959.35,537,23,0.29999998211860657,0.2,5360,0.9473684210526315,0.30000001192092896,19,-5.374142646789551,123,0.7727272727272727,1.0,19,0.9411764705882353,1e-05,0.0017749951,17,1.0,-0.1964648962020874,17,22,0.7619891166687012,0.11447410757537,-0.0037087113707912067,0.06941986083984375,0.1,0.0
0.29999998211860657,70516736,1.0,0.29999998211860657,0.29999998211860657,0.06474820143884892,0.29999998211860657,0.29999998211860657,0.935251798561151,0.29999998211860657,0.29999998211860657,0.29999998211860657,1.4796546762589937,0.29999998211860657,0.29999998211860657,0.29999998211860657,0.29999998211860657,1.9568345323741008,1.6034329548279613,0.29999998211860657,714.78173828125,0.29999998211860657,7861,0.29999998211860657,0.88,25,0.29999998211860657,0.29999998211860657,0.29999998211860657,0.29999998211860657,0.00579132080078125,0.29999998211860657,0.29999998211860657,0.29999998211860657,0.29999998211860657,8969,0.29999998211860657,0.29999998211860657,0.29999998211860657,978.36,538,24,0.29999998211860657,0.2,5370,1.0,0.30000001192092896,24,-5.374142646789551,130,0.9411764705882353,0.8333333333333334,16,1.0,1e-05,0.0018122387,18,0.9444444444444444,-0.0733269602060318,15,17,0.733474612236023,0.11993461046076845,-0.004089508321203539,0.07101821899414062,0.1,0.0
0.29999998211860657,70647808,1.0,0.29999998211860657,0.29999998211860657,0.061068702290076333,0.29999998211860657,0.29999998211860657,0.9389312977099237,0.29999998211860657,0.29999998211860657,0.29999998211860657,1.460473282442749,0.29999998211860657,0.29999998211860657,0.29999998211860657,0.29999998211860657,1.6564885496183206,1.472916046877503,0.29999998211860657,721.9678955078125,0.29999998211860657,7862,0.29999998211860657,0.9523809523809523,21,0.29999998211860657,0.29999998211860657,0.29999998211860657,0.29999998211860657,0.00581756591796875,0.29999998211860657,0.29999998211860657,0.29999998211860657,0.29999998211860657,8985,0.29999998211860657,0.29999998211860657,0.29999998211860657,977.74,539,31,0.29999998211860657,0.2,5380,1.0,0.30000001192092896,14,-5.374142646789551,123,0.7894736842105263,0.8571428571428571,18,0.9285714285714286,1e-05,0.0018801473,14,1.0,-0.20417994260787964,14,19,0.701160728931427,0.0913724235171685,-0.003841237505639583,0.07560882568359376,0.1,0.0
0.29999998211860657,70778880,1.0,0.29999998211860657,0.29999998211860657,0.11029411764705882,0.29999998211860657,0.29999998211860657,0.8897058823529411,0.29999998211860657,0.29999998211860657,0.29999998211860657,1.4676176470588245,0.29999998211860657,0.29999998211860657,0.29999998211860657,0.29999998211860657,1.9485294117647058,1.6045231620009144,0.29999998211860657,704.8651733398438,0.29999998211860657,7862,0.29999998211860657,0.8888888888888888,18,0.29999998211860657,0.29999998211860657,0.29999998211860657,0.29999998211860657,0.00594268798828125,0.29999998211860657,0.29999998211860657,0.29999998211860657,0.29999998211860657,9001,0.29999998211860657,0.29999998211860657,0.29999998211860657,958.44,540,26,0.29999998211860657,0.2,5390,1.0,0.30000001192092896,21,-5.374142646789551,121,1.0,0.5714285714285714,15,1.0,1e-05,0.0017842088,21,0.8095238095238095,-0.19157783687114716,17,18,0.737519383430481,0.08827344521996565,-0.0038796919094238546,0.070916748046875,0.1,0.0
0.29999998211860657,70909952,1.0,0.29999998211860657,0.29999998211860657,0.045454545454545456,0.29999998211860657,0.29999998211860657,0.9545454545454546,0.29999998211860657,0.29999998211860657,0.29999998211860657,1.4737575757575772,0.29999998211860657,0.29999998211860657,0.29999998211860657,0.29999998211860657,1.7045454545454546,1.5566189043573846,0.29999998211860657,713.5682983398438,0.29999998211860657,7863,0.29999998211860657,0.9285714285714286,14,0.29999998211860657,0.29999998211860657,0.29999998211860657,0.29999998211860657,0.00602691650390625,0.29999998211860657,0.29999998211860657,0.29999998211860657,0.29999998211860657,9017,0.29999998211860657,0.29999998211860657,0.29999998211860657,972.12,541,27,0.29999998211860657,0.2,5400,1.0,0.30000001192092896,22,-5.374142646789551,126,0.85,0.9090909090909091,18,1.0,1e-05,0.0018549727,12,1.0,-0.014967530965805054,19,20,0.7087239623069763,0.15145287252089473,-0.0034498250988690415,0.07667007446289062,0.1,0.0
0.29999998211860657,71041024,1.0,0.29999998211860657,0.29999998211860657,0.051094890510948905,0.29999998211860657,0.29999998211860657,0.948905109489051,0.29999998211860657,0.29999998211860657,0.29999998211860657,1.4829927007299282,0.29999998211860657,0.29999998211860657,0.29999998211860657,0.29999998211860657,1.8467153284671534,1.499233917759615,0.29999998211860657,716.4774169921875,0.29999998211860657,7864,0.29999998211860657,0.9333333333333333,15,0.29999998211860657,0.29999998211860657,0.29999998211860657,0.29999998211860657,0.006083984375,0.29999998211860657,0.29999998211860657,0.29999998211860657,0.29999998211860657,9033,0.29999998211860657,0.29999998211860657,0.29999998211860657,974.17,542,24,0.29999998211860657,0.2,5410,1.0,0.30000001192092896,16,-5.374142646789551,130,0.8,0.9375,19,0.9565217391304348,1e-05,0.0017967194,20,1.0,-0.20251882076263428,23,20,0.7425293922424316,0.0960013565607369,-0.003824227462973795,0.0722381591796875,0.1,0.0
0.29999998211860657,71172096,1.0,0.29999998211860657,0.29999998211860657,0.07575757575757576,0.29999998211860657,0.29999998211860657,0.9242424242424242,0.29999998211860657,0.29999998211860657,0.29999998211860657,1.4775000000000011,0.29999998211860657,0.29999998211860657,0.29999998211860657,0.29999998211860657,2.0303030303030303,1.6340875817098062,0.29999998211860657,708.9093627929688,0.29999998211860657,7864,0.29999998211860657,0.9166666666666666,24,0.29999998211860657,0.29999998211860657,0.29999998211860657,0.29999998211860657,0.005968017578125,0.29999998211860657,0.29999998211860657,0.29999998211860657,0.29999998211860657,9049,0.29999998211860657,0.29999998211860657,0.29999998211860657,969.43,543,20,0.29999998211860657,0.2,5420,0.9411764705882353,0.30000001192092896,19,-5.374142646789551,122,0.8947368421052632,0.8947368421052632,17,0.8666666666666667,1e-05,0.0017142566,18,0.9444444444444444,-0.17998221516609192,15,19,0.7051815986633301,0.09407357343588955,-0.0036024091982199023,0.0676544189453125,0.1,0.0
0.29999998211860657,71303168,1.0,0.29999998211860657,0.29999998211860657,0.05185185185185185,0.29999998211860657,0.29999998211860657,0.9481481481481482,0.29999998211860657,0.29999998211860657,0.29999998211860657,1.469525925925927,0.29999998211860657,0.29999998211860657,0.29999998211860657,0.29999998211860657,1.7703703703703704,1.5774819937632687,0.29999998211860657,702.3765869140625,0.29999998211860657,7865,0.29999998211860657,0.9230769230769231,26,0.29999998211860657,0.29999998211860657,0.29999998211860657,0.29999998211860657,0.00594970703125,0.29999998211860657,0.29999998211860657,0.29999998211860657,0.29999998211860657,9065,0.29999998211860657,0.29999998211860657,0.29999998211860657,968.01,544,24,0.29999998211860657,0.2,5430,1.0,0.30000001192092896,14,-5.374142646789551,128,0.8421052631578947,0.8571428571428571,18,1.0,1e-05,0.0018136391,15,1.0,-0.18131136894226074,19,19,0.6195406317710876,0.1224390992487315,-0.0037510622299578244,0.0710357666015625,0.1,0.0
0.29999998211860657,71434240,1.0,0.29999998211860657,0.29999998211860657,0.05303030303030303,0.29999998211860657,0.29999998211860657,0.946969696969697,0.29999998211860657,0.29999998211860657,0.29999998211860657,1.4467121212121221,0.29999998211860657,0.29999998211860657,0.29999998211860657,0.29999998211860657,1.7045454545454546,1.41854987739516,0.29999998211860657,728.83203125,0.29999998211860657,7865,0.29999998211860657,0.9375,16,0.29999998211860657,0.29999998211860657,0.29999998211860657,0.29999998211860657,0.0061193847656249994,0.29999998211860657,0.29999998211860657,0.29999998211860657,0.29999998211860657,9081,0.29999998211860657,0.29999998211860657,0.29999998211860657,982.43,545,34,0.29999998211860657,0.2,5440,1.0,0.30000001192092896,13,-5.374142646789551,125,0.7727272727272727,0.9230769230769231,15,1.0,1e-05,0.0017755018,17,1.0,-0.22043509781360626,15,22,0.7029002904891968,0.0936430755929905,-0.003854240047166968,0.06947555541992187,0.1,0.0
0.29999998211860657,71565312,1.0,0.29999998211860657,0.29999998211860657,0.03816793893129771,0.29999998211860657,0.29999998211860657,0.9618320610687023,0.29999998211860657,0.29999998211860657,0.29999998211860657,1.4640763358778637,0.29999998211860657,0.29999998211860657,0.29999998211860657,0.29999998211860657,1.786259541984733,1.5430407110449447,0.29999998211860657,733.6411743164062,0.29999998211860657,7866,0.29999998211860657,1.0,12,0.29999998211860657,0.29999998211860657,0.29999998211860657,0.29999998211860657,0.00607025146484375,0.29999998211860657,0.29999998211860657,0.29999998211860657,0.29999998211860657,9097,0.29999998211860657,0.29999998211860657,0.29999998211860657,990.2,546,24,0.29999998211860657,0.2,5450,1.0,0.30000001192092896,20,-5.374142646789551,126,0.8947368421052632,0.85,18,1.0,1e-05,0.0018700515,16,1.0,-0.133215069770813,22,19,0.7614500522613525,0.10968572192941792,-0.0039196567221097215,0.075201416015625,0.1,0.0
0.29999998211860657,71696384,0.9655172413793104,0.29999998211860657,0.29999998211860657,0.050724637681159424,0.29999998211860657,0.29999998211860657,0.9492753623188406,0.29999998211860657,0.29999998211860657,0.29999998211860657,1.4584637681159431,0.29999998211860657,0.29999998211860657,0.29999998211860657,0.29999998211860657,1.826086956521739,1.5977950990759344,0.29999998211860657,720.97119140625,0.29999998211860657,7866,0.29999998211860657,0.9545454545454546,22,0.29999998211860657,0.29999998211860657,0.29999998211860657,0.29999998211860657,0.0062109374999999994,0.29999998211860657,0.29999998211860657,0.29999998211860657,0.29999998211860657,9113,0.29999998211860657,0.29999998211860657,0.29999998211860657,976.97,547,29,0.29999998211860657,0.2,5460,0.9375,0.30000001192092896,25,-5.374142646789551,131,0.8947368421052632,0.96,16,1.0,1e-05,0.0017757419,14,0.9285714285714286,-0.23189744353294373,13,19,0.6825681924819946,0.08105296070571058,-0.003398075948462065,0.07026519775390624,0.1,0.0
0.29999998211860657,71827456,1.0,0.29999998211860657,0.29999998211860657,0.06870229007633588,0.29999998211860657,0.29999998211860657,0.9312977099236641,0.29999998211860657,0.29999998211860657,0.29999998211860657,1.4798473282442757,0.29999998211860657,0.29999998211860657,0.29999998211860657,0.29999998211860657,1.6946564885496183,1.5817527841072812,0.29999998211860657,702.1367797851562,0.29999998211860657,7867,0.29999998211860657,0.9166666666666666,12,0.29999998211860657,0.29999998211860657,0.29999998211860657,0.29999998211860657,0.006165771484375001,0.29999998211860657,0.29999998211860657,0.29999998211860657,0.29999998211860657,9129,0.29999998211860657,0.29999998211860657,0.29999998211860657,955.94,548,31,0.29999998211860657,0.2,5470,1.0,0.30000001192092896,18,-5.374142646789551,122,0.7647058823529411,0.8888888888888888,17,1.0,1e-05,0.0018800132,18,0.8888888888888888,-0.22973152995109558,18,17,0.6493209600448608,0.09608531369885895,-0.00369107863307363,0.07826766967773438,0.1,0.0
0.29999998211860657,71958528,1.0,0.29999998211860657,0.29999998211860657,0.050724637681159424,0.29999998211860657,0.29999998211860657,0.9492753623188406,0.29999998211860657,0.29999998211860657,0.29999998211860657,1.4471594202898561,0.29999998211860657,0.29999998211860657,0.29999998211860657,0.29999998211860657,1.7318840579710144,1.554151555409185,0.29999998211860657,723.352783203125,0.29999998211860657,7868,0.29999998211860657,0.9473684210526315,19,0.29999998211860657,0.29999998211860657,0.29999998211860657,0.29999998211860657,0.00622283935546875,0.29999998211860657,0.29999998211860657,0.29999998211860657,0.29999998211860657,9145,0.29999998211860657,0.29999998211860657,0.29999998211860657,985.3,549,28,0.29999998211860657,0.2,5480,1.0,0.30000001192092896,22,-5.374142646789551,131,0.9583333333333334,0.8636363636363636,12,0.9545454545454546,1e-05,0.0018581161,11,0.9090909090909091,-0.14754034578800201,22,24,0.6325815320014954,0.11121265627152752,-0.00345330876521075,0.07313232421875,0.1,0.0
0.29999998211860657,72089600,1.0,0.29999998211860657,0.29999998211860657,0.015384615384615385,0.29999998211860657,0.29999998211860657,0.9846153846153847,0.29999998211860657,0.29999998211860657,0.29999998211860657,1.4621846153846163,0.29999998211860657,0.29999998211860657,0.29999998211860657,0.29999998211860657,1.7461538461538462,1.5152488460079523,0.29999998211860657,729.3250122070312,0.29999998211860657,7868,0.29999998211860657,1.0,22,0.29999998211860657,0.29999998211860657,0.29999998211860657,0.29999998211860657,0.0061651611328125,0.29999998211860657,0.29999998211860657,0.29999998211860657,0.29999998211860657,9161,0.29999998211860657,0.29999998211860657,0.29999998211860657,992.87,550,28,0.29999998211860657,0.2,5490,1.0,0.30000001192092896,22,-5.374142646789551,128,0.8,1.0,10,1.0,1e-05,0.0018619038,19,1.0,-0.22799786925315857,19,10,0.6973000764846802,0.09488035699177999,-0.003700513594480981,0.07508163452148438,0.1,0.0
0.29999998211860657,72220672,1.0,0.29999998211860657,0.29999998211860657,0.07801418439716312,0.29999998211860657,0.29999998211860657,0.9219858156028369,0.29999998211860657,0.29999998211860657,0.29999998211860657,1.4745106382978737,0.29999998211860657,0.29999998211860657,0.29999998211860657,0.29999998211860657,1.7730496453900708,1.652459347370612,0.29999998211860657,700.7042236328125,0.29999998211860657,7869,0.29999998211860657,0.9444444444444444,18,0.29999998211860657,0.29999998211860657,0.29999998211860657,0.29999998211860657,0.006346435546874999,0.29999998211860657,0.29999998211860657,0.29999998211860657,0.29999998211860657,9177,0.29999998211860657,0.29999998211860657,0.29999998211860657,950.51,551,27,0.29999998211860657,0.2,5500,1.0,0.30000001192092896,22,-5.374142646789551,130,0.8333333333333334,0.7272727272727273,14,1.0,1e-05,0.0017846194,13,1.0,-0.22509299218654633,23,24,0.6206780076026917,0.0553533034195425,-0.003187426713793684,0.0681365966796875,0.1,0.0
0.29999998211860657,72351744,1.0,0.29999998211860657,0.29999998211860657,0.06060606060606061,0.29999998211860657,0.29999998211860657,0.9393939393939394,0.29999998211860657,0.29999998211860657,0.29999998211860657,1.454393939393941,0.29999998211860657,0.29999998211860657,0.29999998211860657,0.29999998211860657,1.8409090909090908,1.5023600449437753,0.29999998211860657,716.873779296875,0.29999998211860657,7869,0.29999998211860657,0.8823529411764706,17,0.29999998211860657,0.29999998211860657,0.29999998211860657,0.29999998211860657,0.0063928222656250006,0.29999998211860657,0.29999998211860657,0.29999998211860657,0.29999998211860657,9193,0.29999998211860657,0.29999998211860657,0.29999998211860657,973.97,552,21,0.29999998211860657,0.2,5510,1.0,0.30000001192092896,18,-5.374142644926906,124,0.95,0.7777777777777778,16,1.0,1e-05,0.0018636426,16,0.9375,-0.1695762276649475,24,20,0.7415553331375122,0.10989570688689128,-0.004058179080948321,0.07776870727539062,0.1,0.0
0.29999998211860657,72482816,1.0,0.29999998211860657,0.29999998211860657,0.045454545454545456,0.29999998211860657,0.29999998211860657,0.9545454545454546,0.29999998211860657,0.29999998211860657,0.29999998211860657,1.4754848484848497,0.29999998211860657,0.29999998211860657,0.29999998211860657,0.29999998211860657,1.5,1.3909580517059386,0.29999998211860657,720.3193969726562,0.29999998211860657,7870,0.29999998211860657,0.9565217391304348,23,0.29999998211860657,0.29999998211860657,0.29999998211860657,0.29999998211860657,0.00636993408203125,0.29999998211860657,0.29999998211860657,0.29999998211860657,0.29999998211860657,9209,0.29999998211860657,0.29999998211860657,0.29999998211860657,981.27,553,34,0.29999998211860657,0.2,5520,0.9473684210526315,0.30000001192092896,9,-5.374142646789551,126,0.9333333333333333,0.8888888888888888,19,0.9375,1e-05,0.0017108704,16,0.9375,-0.08360135555267334,16,15,0.6421700119972229,0.10050434400036465,-0.0034505355641158532,0.06467361450195312,0.1,0.0
0.29999998211860657,72613888,1.0,0.29999998211860657,0.29999998211860657,0.037037037037037035,0.29999998211860657,0.29999998211860657,0.9629629629629629,0.29999998211860657,0.29999998211860657,0.29999998211860657,1.4684740740740752,0.29999998211860657,0.29999998211860657,0.29999998211860657,0.29999998211860657,1.9703703703703703,1.612761918279548,0.29999998211860657,726.8673706054688,0.29999998211860657,7871,0.29999998211860657,1.0,21,0.29999998211860657,0.29999998211860657,0.29999998211860657,0.29999998211860657,0.00631378173828125,0.29999998211860657,0.29999998211860657,0.29999998211860657,0.29999998211860657,9225,0.29999998211860657,0.29999998211860657,0.29999998211860657,985.82,554,20,0.29999998211860657,0.2,5530,1.0,0.30000001192092896,20,-5.374142646789551,130,0.8333333333333334,0.9,22,1.0,1e-05,0.0017324736,18,1.0,-0.1787937879562378,16,18,0.6633946895599365,0.08185683025367325,-0.0035663844534610687,0.0670806884765625,0.1,0.0
0.29999998211860657,72744960,1.0,0.29999998211860657,0.29999998211860657,0.045454545454545456,0.29999998211860657,0.29999998211860657,0.9545454545454546,0.29999998211860657,0.29999998211860657,0.29999998211860657,1.4671515151515164,0.29999998211860657,0.29999998211860657,0.29999998211860657,0.29999998211860657,2.1893939393939394,1.6504039250780962,0.29999998211860657,723.3688354492188,0.29999998211860657,7871,0.29999998211860657,0.9,20,0.29999998211860657,0.29999998211860657,0.29999998211860657,0.29999998211860657,0.0063317871093750006,0.29999998211860657,0.29999998211860657,0.29999998211860657,0.29999998211860657,9241,0.29999998211860657,0.29999998211860657,0.29999998211860657,984.25,555,19,0.29999998211860657,0.2,5540,1.0,0.30000001192092896,22,-5.374142646789551,126,1.0,0.9090909090909091,18,1.0,1e-05,0.0017413906,24,0.9166666666666666,-0.19706061482429504,13,16,0.6659514904022217,0.0802606958677643,-0.003563472006771917,0.07117919921875,0.1,0.0
0.29999998211860657,72876032,1.0,0.29999998211860657,0.29999998211860657,0.045112781954887216,0.29999998211860657,0.29999998211860657,0.9548872180451128,0.29999998211860657,0.29999998211860657,0.29999998211860657,1.4670075187969935,0.29999998211860657,0.29999998211860657,0.29999998211860657,0.29999998211860657,1.9097744360902256,1.5069112050062399,0.29999998211860657,717.5978393554688,0.29999998211860657,7872,0.29999998211860657,0.9375,16,0.29999998211860657,0.29999998211860657,0.29999998211860657,0.29999998211860657,0.0062643432617187494,0.29999998211860657,0.29999998211860657,0.29999998211860657,0.29999998211860657,9257,0.29999998211860657,0.29999998211860657,0.29999998211860657,972.6,556,28,0.29999998211860657,0.2,5550,1.0,0.30000001192092896,18,-5.374142646789551,127,0.8571428571428571,0.9444444444444444,15,0.9411764705882353,1e-05,0.0017911186,25,0.96,-0.2137054204940796,17,14,0.5340730547904968,0.09523786445352016,-0.0034267132798504463,0.07298202514648437,0.1,0.0
0.29999998211860657,73007104,1.0,0.29999998211860657,0.29999998211860657,0.014925373134328358,0.29999998211860657,0.29999998211860657,0.9850746268656716,0.29999998211860657,0.29999998211860657,0.29999998211860657,1.4691492537313444,0.29999998211860657,0.29999998211860657,0.29999998211860657,0.29999998211860657,1.6044776119402986,1.466717603201871,0.29999998211860657,740.1300048828125,0.29999998211860657,7872,0.29999998211860657,1.0,20,0.29999998211860657,0.29999998211860657,0.29999998211860657,0.29999998211860657,0.00626373291015625,0.29999998211860657,0.29999998211860657,0.29999998211860657,0.29999998211860657,9273,0.29999998211860657,0.29999998211860657,0.29999998211860657,1000.0,557,25,0.29999998211860657,0.2,5560,1.0,0.30000001192092896,16,-5.374142646789551,132,0.9,0.9375,17,1.0,1e-05,0.001779805,19,1.0,-0.233168363571167,27,10,0.7036198377609253,0.07704951935738791,-0.0034988859274108107,0.067584228515625,0.1,0.0
0.29999998211860657,73138176,1.0,0.29999998211860657,0.29999998211860657,0.05223880597014925,0.29999998211860657,0.29999998211860657,0.9477611940298507,0.29999998211860657,0.29999998211860657,0.29999998211860657,1.4678059701492547,0.29999998211860657,0.29999998211860657,0.29999998211860657,0.29999998211860657,1.8059701492537314,1.417896169722665,0.29999998211860657,715.7982177734375,0.29999998211860657,7873,0.29999998211860657,0.8823529411764706,17,0.29999998211860657,0.29999998211860657,0.29999998211860657,0.29999998211860657,0.0064080810546875,0.29999998211860657,0.29999998211860657,0.29999998211860657,0.29999998211860657,9289,0.29999998211860657,0.29999998211860657,0.29999998211860657,971.82,558,33,0.29999998211860657,0.2,5570,1.0,0.30000001192092896,12,-5.374142646789551,127,0.875,0.8333333333333334,16,1.0,1e-05,0.0017090687,25,0.96,-0.2258688062429428,15,16,0.6477321982383728,0.04775624921749113,-0.0031367393903565244,0.06616363525390626,0.1,0.0
0.29999998211860657,73269248,1.0,0.29999998211860657,0.29999998211860657,0.015625,0.29999998211860657,0.29999998211860657,0.984375,0.29999998211860657,0.29999998211860657,0.29999998211860657,1.4774531250000011,0.29999998211860657,0.29999998211860657,0.29999998211860657,0.29999998211860657,1.6328125,1.3542735716949006,0.29999998211860657,730.7677612304688,0.29999998211860657,7873,0.29999998211860657,1.0,20,0.29999998211860657,0.29999998211860657,0.29999998211860657,0.29999998211860657,0.00627166748046875,0.29999998211860657,0.29999998211860657,0.29999998211860657,0.29999998211860657,9305,0.29999998211860657,0.29999998211860657,0.29999998211860657,991.95,559,30,0.29999998211860657,0.2,5580,0.9473684210526315,0.30000001192092896,10,-5.374142646789551,126,0.96,1.0,19,1.0,1e-05,0.0017950406,10,1.0,-0.19018131494522095,14,25,0.6210561394691467,0.09654124625812983,-0.0034574888140468827,0.075396728515625,0.1,0.0
0.29999998211860657,73400320,1.0,0.29999998211860657,0.29999998211860657,0.058394160583941604,0.29999998211860657,0.29999998211860657,0.9416058394160584,0.29999998211860657,0.29999998211860657,0.29999998211860657,1.4817372262773734,0.29999998211860657,0.29999998211860657,0.29999998211860657,0.29999998211860657,2.0291970802919708,1.623366997567646,0.29999998211860657,717.7544555664062,0.29999998211860657,7874,0.29999998211860657,0.9473684210526315,19,0.29999998211860657,0.29999998211860657,0.29999998211860657,0.29999998211860657,0.00637542724609375,0.29999998211860657,0.29999998211860657,0.29999998211860657,0.29999998211860657,9321,0.29999998211860657,0.29999998211860657,0.29999998211860657,970.94,560,25,0.29999998211860657,0.2,5590,1.0,0.30000001192092896,21,-5.374142646789551,129,0.8,0.9047619047619048,12,1.0,1e-05,0.0017116278,22,0.9545454545454546,-0.23545043170452118,18,20,0.6982443928718567,0.042475815635407345,-0.003444750680773723,0.06568145751953125,0.1,0.0
0.29999998211860657,73531392,1.0,0.29999998211860657,0.29999998211860657,0.09774436090225563,0.29999998211860657,0.29999998211860657,0.9022556390977443,0.29999998211860657,0.29999998211860657,0.29999998211860657,1.4830526315789485,0.29999998211860657,0.29999998211860657,0.29999998211860657,0.29999998211860657,2.030075187969925,1.7051674976769078,0.29999998211860657,701.427490234375,0.29999998211860657,7874,0.29999998211860657,1.0,14,0.29999998211860657,0.29999998211860657,0.29999998211860657,0.29999998211860657,0.00628509521484375,0.29999998211860657,0.29999998211860657,0.29999998211860657,0.29999998211860657,9337,0.29999998211860657,0.29999998211860657,0.29999998211860657,951.14,561,23,0.29999998211860657,0.2,5600,0.9545454545454546,0.30000001192092896,16,-5.374142646789551,120,0.76,0.75,22,0.8571428571428571,1e-05,0.0018592703,19,1.0,-0.20464900135993958,14,25,0.6044623255729675,0.10491481424251106,-0.00353101634077575,0.07508773803710937,0.1,0.0
0.29999998211860657,73662464,1.0,0.29999998211860657,0.29999998211860657,0.036231884057971016,0.29999998211860657,0.29999998211860657,0.9637681159420289,0.29999998211860657,0.29999998211860657,0.29999998211860657,1.4747826086956533,0.29999998211860657,0.29999998211860657,0.29999998211860657,0.29999998211860657,1.9420289855072463,1.6668472062882502,0.29999998211860657,726.9227905273438,0.29999998211860657,7875,0.29999998211860657,1.0,19,0.29999998211860657,0.29999998211860657,0.29999998211860657,0.29999998211860657,0.00638031005859375,0.29999998211860657,0.29999998211860657,0.29999998211860657,0.29999998211860657,9353,0.29999998211860657,0.29999998211860657,0.29999998211860657,983.68,562,22,0.29999998211860657,0.2,5610,1.0,0.30000001192092896,20,-5.374142646789551,133,0.9523809523809523,0.85,18,1.0,1e-05,0.0017959636,18,0.9444444444444444,-0.18556764721870422,20,21,0.7048740983009338,0.13360907073074485,-0.004037247552696499,0.07307815551757812,0.1,0.0
0.29999998211860657,73793536,1.0,0.29999998211860657,0.29999998211860657,0.06923076923076923,0.29999998211860657,0.29999998211860657,0.9307692307692308,0.29999998211860657,0.29999998211860657,0.29999998211860657,1.4796769230769242,0.29999998211860657,0.29999998211860657,0.29999998211860657,0.29999998211860657,2.0076923076923077,1.6512797997744169,0.29999998211860657,718.9556274414062,0.29999998211860657,7876,0.29999998211860657,0.8888888888888888,18,0.29999998211860657,0.29999998211860657,0.29999998211860657,0.29999998211860657,0.00637451171875,0.29999998211860657,0.29999998211860657,0.29999998211860657,0.29999998211860657,9369,0.29999998211860657,0.29999998211860657,0.29999998211860657,972.45,563,22,0.29999998211860657,0.2,5620,1.0,0.30000001192092896,19,-5.374142646789551,121,0.8,0.8947368421052632,10,0.9523809523809523,1e-05,0.0018599331,20,1.0,-0.23314625024795532,21,20,0.6225144863128662,0.08557698976801476,-0.0035273323376713963,0.0733673095703125,0.1,0.0
0.29999998211860657,73924608,1.0,0.29999998211860657,0.29999998211860657,0.014814814814814815,0.29999998211860657,0.29999998211860657,0.9851851851851852,0.29999998211860657,0.29999998211860657,0.29999998211860657,1.4573333333333345,0.29999998211860657,0.29999998211860657,0.29999998211860657,0.29999998211860657,1.4,1.487237053085745,0.29999998211860657,725.9874877929688,0.29999998211860657,7876,0.29999998211860657,1.0,21,0.29999998211860657,0.29999998211860657,0.29999998211860657,0.29999998211860657,0.0064239501953125,0.29999998211860657,0.29999998211860657,0.29999998211860657,0.29999998211860657,9385,0.29999998211860657,0.29999998211860657,0.29999998211860657,988.71,564,33,0.29999998211860657,0.2,5630,1.0,0.30000001192092896,21,-5.374142646789551,133,0.9166666666666666,0.9523809523809523,19,1.0,1e-05,0.0017921906,10,1.0,-0.17580723762512207,19,12,0.7068253755569458,0.09944794965122128,-0.0036365283687700865,0.06958160400390626,0.1,0.0
0.29999998211860657,74055680,1.0,0.29999998211860657,0.29999998211860657,0.05925925925925926,0.29999998211860657,0.29999998211860657,0.9407407407407408,0.29999998211860657,0.29999998211860657,0.29999998211860657,1.4561333333333344,0.29999998211860657,0.29999998211860657,0.29999998211860657,0.29999998211860657,1.7407407407407407,1.5755914962419824,0.29999998211860657,720.3412475585938,0.29999998211860657,7877,0.29999998211860657,1.0,19,0.29999998211860657,0.29999998211860657,0.29999998211860657,0.29999998211860657,0.0065740966796875005,0.29999998211860657,0.29999998211860657,0.29999998211860657,0.29999998211860657,9401,0.29999998211860657,0.29999998211860657,0.29999998211860657,975.07,565,26,0.29999998211860657,0.2,5640,0.9523809523809523,0.30000001192092896,19,-5.374142646789551,127,0.75,0.8947368421052632,21,1.0,1e-05,0.0018198439,13,1.0,-0.1912352293729782,17,20,0.6662814617156982,0.07431711565877777,-0.003540440480264806,0.07134017944335938,0.1,0.0
0.29999998211860657,74186752,1.0,0.29999998211860657,0.29999998211860657,0.037037037037037035,0.29999998211860657,0.29999998211860657,0.9629629629629629,0.29999998211860657,0.29999998211860657,0.29999998211860657,1.46165925925926,0.29999998211860657,0.29999998211860657,0.29999998211860657,0.29999998211860657,2.1555555555555554,1.6600965914768024,0.29999998211860657,733.088623046875,0.29999998211860657,7877,0.29999998211860657,1.0,13,0.29999998211860657,0.29999998211860657,0.29999998211860657,0.29999998211860657,0.006593017578125001,0.29999998211860657,0.29999998211860657,0.29999998211860657,0.29999998211860657,9417,0.29999998211860657,0.29999998211860657,0.29999998211860657,987.52,566,22,0.29999998211860657,0.2,5650,1.0,0.30000001192092896,18,-5.374142646789551,130,0.9047619047619048,0.8888888888888888,19,1.0,1e-05,0.0017731469,26,0.9615384615384616,-0.18407860398292542,16,21,0.7445636987686157,0.07396300239197444,-0.0036696654365186987,0.0697479248046875,0.1,0.0
0.29999998211860657,74317824,1.0,0.29999998211860657,0.29999998211860657,0.03076923076923077,0.29999998211860657,0.29999998211860657,0.9692307692307692,0.29999998211860657,0.29999998211860657,0.29999998211860657,1.465446153846155,0.29999998211860657,0.29999998211860657,0.29999998211860657,0.29999998211860657,2.1615384615384614,1.6119478163525707,0.29999998211860657,723.6687622070312,0.29999998211860657,7878,0.29999998211860657,1.0,19,0.29999998211860657,0.29999998211860657,0.29999998211860657,0.29999998211860657,0.00667572021484375,0.29999998211860657,0.29999998211860657,0.29999998211860657,0.29999998211860657,9433,0.29999998211860657,0.29999998211860657,0.29999998211860657,982.74,567,17,0.29999998211860657,0.2,5660,0.9473684210526315,0.30000001192092896,20,-5.374142646789551,126,0.9583333333333334,0.95,19,1.0,1e-05,0.001753363,17,0.9411764705882353,-0.21793195605278015,14,24,0.5808349847793579,0.07757836743985536,-0.003066070097156626,0.07010345458984375,0.1,0.0
0.29999998211860657,74448896,1.0,0.29999998211860657,0.29999998211860657,0.06474820143884892,0.29999998211860657,0.29999998211860657,0.935251798561151,0.29999998211860657,0.29999998211860657,0.29999998211860657,1.4961438848920876,0.29999998211860657,0.29999998211860657,0.29999998211860657,0.29999998211860657,2.0431654676258995,1.6295648689940296,0.29999998211860657,715.417236328125,0.29999998211860657,7878,0.29999998211860657,0.8695652173913043,23,0.29999998211860657,0.29999998211860657,0.29999998211860657,0.29999998211860657,0.0066827392578125,0.29999998211860657,0.29999998211860657,0.29999998211860657,0.29999998211860657,9449,0.29999998211860657,0.29999998211860657,0.29999998211860657,970.43,568,24,0.29999998211860657,0.2,5670,1.0,0.30000001192092896,21,-5.374142646789551,130,0.8571428571428571,0.8571428571428571,20,1.0,1e-05,0.0017311564,19,1.0,-0.2009706199169159,11,21,0.7446293830871582,0.06810065699246479,-0.0037227829549919987,0.06754379272460938,0.1,0.0
0.29999998211860657,74579968,1.0,0.29999998211860657,0.29999998211860657,0.024,0.29999998211860657,0.29999998211860657,0.976,0.29999998211860657,0.29999998211860657,0.29999998211860657,1.4920960000000008,0.29999998211860657,0.29999998211860657,0.29999998211860657,0.29999998211860657,1.68,1.50868897828978,0.29999998211860657,729.4988403320312,0.29999998211860657,7879,0.29999998211860657,1.0,15,0.29999998211860657,0.29999998211860657,0.29999998211860657,0.29999998211860657,0.00668701171875,0.29999998211860657,0.29999998211860657,0.29999998211860657,0.29999998211860657,9465,0.29999998211860657,0.29999998211860657,0.29999998211860657,985.54,569,27,0.29999998211860657,0.2,5680,0.9444444444444444,0.30000001192092896,15,-5.374142646789551,122,0.9375,1.0,18,0.9444444444444444,1e-05,0.0018454725,16,1.0,-0.1646764576435089,18,16,0.7052262425422668,0.09777151475136633,-0.00390840924078475,0.07439117431640625,0.1,0.0
0.29999998211860657,74711040,1.0,0.29999998211860657,0.29999998211860657,0.028169014084507043,0.29999998211860657,0.29999998211860657,0.971830985915493,0.29999998211860657,0.29999998211860657,0.29999998211860657,1.499253521126762,0.29999998211860657,0.29999998211860657,0.29999998211860657,0.29999998211860657,1.5774647887323943,1.5208802053687651,0.29999998211860657,730.36083984375,0.29999998211860657,7879,0.29999998211860657,1.0,17,0.29999998211860657,0.29999998211860657,0.29999998211860657,0.29999998211860657,0.00680511474609375,0.29999998211860657,0.29999998211860657,0.29999998211860657,0.29999998211860657,9481,0.29999998211860657,0.29999998211860657,0.29999998211860657,990.18,570,32,0.29999998211860657,0.2,5690,1.0,0.30000001192092896,19,-5.374142646789551,138,0.9473684210526315,1.0,19,0.9545454545454546,1e-05,0.001723028,14,0.8571428571428571,-0.20238283276557922,22,19,0.7402791976928711,0.06187312574475072,-0.0032612227921617887,0.06702423095703125,0.1,0.0
0.29999998211860657,74842112,1.0,0.29999998211860657,0.29999998211860657,0.06201550387596899,0.29999998211860657,0.29999998211860657,0.937984496124031,0.29999998211860657,0.29999998211860657,0.29999998211860657,1.480341085271319,0.29999998211860657,0.29999998211860657,0.29999998211860657,0.29999998211860657,1.8914728682170543,1.5824215195926294,0.29999998211860657,726.9963989257812,0.29999998211860657,7880,0.29999998211860657,1.0,14,0.29999998211860657,0.29999998211860657,0.29999998211860657,0.29999998211860657,0.00680572509765625,0.29999998211860657,0.29999998211860657,0.29999998211860657,0.29999998211860657,9497,0.29999998211860657,0.29999998211860657,0.29999998211860657,980.25,571,21,0.29999998211860657,0.2,5700,1.0,0.30000001192092896,22,-5.374142646789551,121,0.84,0.8636363636363636,16,1.0,1e-05,0.0017736533,11,0.9090909090909091,-0.14296220242977142,20,25,0.6766669750213623,0.07617269137408585,-0.0032588136379672504,0.06972503662109375,0.1,0.0
0.29999998211860657,74973184,1.0,0.29999998211860657,0.29999998211860657,0.0425531914893617,0.29999998211860657,0.29999998211860657,0.9574468085106383,0.29999998211860657,0.29999998211860657,0.29999998211860657,1.4831347517730507,0.29999998211860657,0.29999998211860657,0.29999998211860657,0.29999998211860657,2.078014184397163,1.68428860279274,0.29999998211860657,717.8822631835938,0.29999998211860657,7880,0.29999998211860657,1.0,19,0.29999998211860657,0.29999998211860657,0.29999998211860657,0.29999998211860657,0.0067218017578125,0.29999998211860657,0.29999998211860657,0.29999998211860657,0.29999998211860657,9513,0.29999998211860657,0.29999998211860657,0.29999998211860657,976.0,572,22,0.29999998211860657,0.2,5710,0.9565217391304348,0.30000001192092896,18,-5.374142646789551,135,0.85,0.8888888888888888,23,1.0,1e-05,0.0017763904,24,1.0,-0.22910289466381073,15,20,0.6183817386627197,0.09297076654620469,-0.003591132068231673,0.07302398681640625,0.1,0.0
0.29999998211860657,75104256,1.0,0.29999998211860657,0.29999998211860657,0.064,0.29999998211860657,0.29999998211860657,0.936,0.29999998211860657,0.29999998211860657,0.29999998211860657,1.4926880000000007,0.29999998211860657,0.29999998211860657,0.29999998211860657,0.29999998211860657,1.848,1.5446363805625478,0.29999998211860657,716.934326171875,0.29999998211860657,7881,0.29999998211860657,0.8421052631578947,19,0.29999998211860657,0.29999998211860657,0.29999998211860657,0.29999998211860657,0.006734924316406251,0.29999998211860657,0.29999998211860657,0.29999998211860657,0.29999998211860657,9529,0.29999998211860657,0.29999998211860657,0.29999998211860657,964.03,573,23,0.29999998211860657,0.2,5720,1.0,0.30000001192092896,23,-5.374142646789551,117,0.8235294117647058,0.9565217391304348,9,0.95,1e-05,0.0018076878,14,1.0,-0.23055335879325867,20,17,0.6317242980003357,0.0803096513292985,-0.003599374094619634,0.07043533325195313,0.1,0.0
0.29999998211860657,75235328,1.0,0.29999998211860657,0.29999998211860657,0.03571428571428571,0.29999998211860657,0.29999998211860657,0.9642857142857143,0.29999998211860657,0.29999998211860657,0.29999998211860657,1.49017142857143,0.29999998211860657,0.29999998211860657,0.29999998211860657,0.29999998211860657,1.7357142857142858,1.5739656972028382,0.29999998211860657,739.643798828125,0.29999998211860657,7881,0.29999998211860657,0.9333333333333333,15,0.29999998211860657,0.29999998211860657,0.29999998211860657,0.29999998211860657,0.00680816650390625,0.29999998211860657,0.29999998211860657,0.29999998211860657,0.29999998211860657,9545,0.29999998211860657,0.29999998211860657,0.29999998211860657,993.3,574,28,0.29999998211860657,0.2,5730,1.0,0.30000001192092896,23,-5.374142646789551,135,0.9375,0.8695652173913043,18,1.0,1e-05,0.0017464105,18,1.0,-0.16121622920036316,22,16,0.7351353168487549,0.09272548518783878,-0.00374305005198039,0.06602630615234376,0.1,0.0
0.29999998211860657,75366400,1.0,0.29999998211860657,0.29999998211860657,0.023809523809523808,0.29999998211860657,0.29999998211860657,0.9761904761904762,0.29999998211860657,0.29999998211860657,0.29999998211860657,1.4815396825396838,0.29999998211860657,0.29999998211860657,0.29999998211860657,0.29999998211860657,1.8650793650793651,1.4763728993641896,0.29999998211860657,735.8486938476562,0.29999998211860657,7882,0.29999998211860657,0.9047619047619048,21,0.29999998211860657,0.29999998211860657,0.29999998211860657,0.29999998211860657,0.006775207519531251,0.29999998211860657,0.29999998211860657,0.29999998211860657,0.29999998211860657,9561,0.29999998211860657,0.29999998211860657,0.29999998211860657,990.86,575,26,0.29999998211860657,0.2,5740,1.0,0.30000001192092896,13,-5.374142646789551,123,1.0,0.9230769230769231,13,1.0,1e-05,0.0017013386,19,1.0,-0.21427296102046967,16,18,0.6871718168258667,0.06706839775288245,-0.0030909855574464016,0.06772842407226562,0.1,0.0
0.29999998211860657,75497472,1.0,0.29999998211860657,0.29999998211860657,0.06338028169014084,0.29999998211860657,0.29999998211860657,0.9366197183098591,0.29999998211860657,0.29999998211860657,0.29999998211860657,1.4698450704225363,0.29999998211860657,0.29999998211860657,0.29999998211860657,0.29999998211860657,1.9225352112676057,1.5487853564720733,0.29999998211860657,718.4922485351562,0.29999998211860657,7882,0.29999998211860657,0.95,20,0.29999998211860657,0.29999998211860657,0.29999998211860657,0.29999998211860657,0.0068341064453125,0.29999998211860657,0.29999998211860657,0.29999998211860657,0.29999998211860657,9577,0.29999998211860657,0.29999998211860657,0.29999998211860657,976.83,576,28,0.29999998211860657,0.2,5750,1.0,0.30000001192092896,17,-5.374142646789551,133,0.7916666666666666,0.8823529411764706,19,1.0,1e-05,0.0017591998,19,0.9473684210526315,-0.21026171743869781,15,24,0.6657419204711914,0.061911361818783914,-0.0032762462803020754,0.07024917602539063,0.1,0.0
0.29999998211860657,75628544,1.0,0.29999998211860657,0.29999998211860657,0.03937007874015748,0.29999998211860657,0.29999998211860657,0.9606299212598425,0.29999998211860657,0.29999998211860657,0.29999998211860657,1.4813543307086625,0.29999998211860657,0.29999998211860657,0.29999998211860657,0.29999998211860657,2.0551181102362204,1.5596785652348522,0.29999998211860657,723.2517700195312,0.29999998211860657,7883,0.29999998211860657,0.9444444444444444,18,0.29999998211860657,0.29999998211860657,0.29999998211860657,0.29999998211860657,0.00682220458984375,0.29999998211860657,0.29999998211860657,0.29999998211860657,0.29999998211860657,9593,0.29999998211860657,0.29999998211860657,0.29999998211860657,977.11,577,20,0.29999998211860657,0.2,5760,1.0,0.30000001192092896,17,-5.374142646789551,122,0.9130434782608695,0.8823529411764706,12,1.0,1e-05,0.0017070146,18,1.0,-0.18500472605228424,19,23,0.7356106042861938,0.10612287026888226,-0.0037814826293470103,0.06622467041015626,0.1,0.0
0.29999998211860657,75759616,1.0,0.29999998211860657,0.29999998211860657,0.04316546762589928,0.29999998211860657,0.29999998211860657,0.9568345323741008,0.29999998211860657,0.29999998211860657,0.29999998211860657,1.4892517985611522,0.29999998211860657,0.29999998211860657,0.29999998211860657,0.29999998211860657,1.6474820143884892,1.477206729610744,0.29999998211860657,724.41455078125,0.29999998211860657,7883,0.29999998211860657,0.9375,16,0.29999998211860657,0.29999998211860657,0.29999998211860657,0.29999998211860657,0.00700531005859375,0.29999998211860657,0.29999998211860657,0.29999998211860657,0.29999998211860657,9609,0.29999998211860657,0.29999998211860657,0.29999998211860657,985.05,578,29,0.29999998211860657,0.2,5770,1.0,0.30000001192092896,18,-5.374142646789551,133,0.875,0.8888888888888888,23,0.95,1e-05,0.0018002391,17,1.0,-0.19242095947265625,20,16,0.6921495199203491,0.07362066266650799,-0.0035092847866508236,0.07225189208984376,0.1,0.0
0.29999998211860657,75890688,1.0,0.29999998211860657,0.29999998211860657,0.038461538461538464,0.29999998211860657,0.29999998211860657,0.9615384615384616,0.29999998211860657,0.29999998211860657,0.29999998211860657,1.5071384615384629,0.29999998211860657,0.29999998211860657,0.29999998211860657,0.29999998211860657,1.7153846153846153,1.543820056513925,0.29999998211860657,727.1472778320312,0.29999998211860657,7884,0.29999998211860657,0.9473684210526315,19,0.29999998211860657,0.29999998211860657,0.29999998211860657,0.29999998211860657,0.00686920166015625,0.29999998211860657,0.29999998211860657,0.29999998211860657,0.29999998211860657,9625,0.29999998211860657,0.29999998211860657,0.29999998211860657,983.42,579,29,0.29999998211860657,0.2,5780,1.0,0.30000001192092896,16,-5.374142646789551,125,0.8888888888888888,0.9375,14,1.0,1e-05,0.0017072947,16,0.9375,-0.17446386814117432,18,18,0.6989634037017822,0.07370564204611582,-0.003429267334877295,0.06422958374023438,0.1,0.0
0.29999998211860657,76021760,1.0,0.29999998211860657,0.29999998211860657,0.02877697841726619,0.29999998211860657,0.29999998211860657,0.9712230215827338,0.29999998211860657,0.29999998211860657,0.29999998211860657,1.4909352517985623,0.29999998211860657,0.29999998211860657,0.29999998211860657,0.29999998211860657,2.1366906474820144,1.4511320883901002,0.29999998211860657,724.9405517578125,0.29999998211860657,7885,0.29999998211860657,1.0,21,0.29999998211860657,0.29999998211860657,0.29999998211860657,0.29999998211860657,0.00703826904296875,0.29999998211860657,0.29999998211860657,0.29999998211860657,0.29999998211860657,9641,0.29999998211860657,0.29999998211860657,0.29999998211860657,980.41,580,21,0.29999998211860657,0.2,5790,1.0,0.30000001192092896,19,-5.374142646789551,135,0.9523809523809523,0.8947368421052632,20,1.0,1e-05,0.0018433379,23,0.9565217391304348,-0.19096414744853973,14,21,0.7084287405014038,0.07392512225633255,-0.0036301123385783286,0.07538223266601562,0.1,0.0
0.29999998211860657,76152832,1.0,0.29999998211860657,0.29999998211860657,0.07575757575757576,0.29999998211860657,0.29999998211860657,0.9242424242424242,0.29999998211860657,0.29999998211860657,0.29999998211860657,1.509818181818183,0.29999998211860657,0.29999998211860657,0.29999998211860657,0.29999998211860657,2.022727272727273,1.6703432068353985,0.29999998211860657,722.88037109375,0.29999998211860657,7885,0.29999998211860657,0.9444444444444444,18,0.29999998211860657,0.29999998211860657,0.29999998211860657,0.29999998211860657,0.0069232177734375,0.29999998211860657,0.29999998211860657,0.29999998211860657,0.29999998211860657,9657,0.29999998211860657,0.29999998211860657,0.29999998211860657,976.21,581,16,0.29999998211860657,0.2,5800,1.0,0.30000001192092896,18,-5.374142646417022,122,0.9230769230769231,0.6111111111111112,21,0.9545454545454546,1e-05,0.0017592281,24,1.0,-0.22635044157505035,22,13,0.6232720613479614,0.07086212957656243,-0.00333866419550759,0.07098922729492188,0.1,0.0
0.29999998211860657,76283904,1.0,0.29999998211860657,0.29999998211860657,0.08148148148148149,0.29999998211860657,0.29999998211860657,0.9185185185185185,0.29999998211860657,0.29999998211860657,0.29999998211860657,1.4834074074074084,0.29999998211860657,0.29999998211860657,0.29999998211860657,0.29999998211860657,2.0444444444444443,1.4997815152180292,0.29999998211860657,719.201171875,0.29999998211860657,7886,0.29999998211860657,0.8421052631578947,19,0.29999998211860657,0.29999998211860657,0.29999998211860657,0.29999998211860657,0.00712188720703125,0.29999998211860657,0.29999998211860657,0.29999998211860657,0.29999998211860657,9673,0.29999998211860657,0.29999998211860657,0.29999998211860657,969.15,582,24,0.29999998211860657,0.2,5810,1.0,0.30000001192092896,19,-5.374142646789551,124,0.85,0.8421052631578947,15,0.875,1e-05,0.0018037334,22,1.0,-0.15173286199569702,16,20,0.7124770879745483,0.1085398966621142,-0.00384915880108565,0.07107391357421874,0.1,0.0
0.29999998211860657,76414976,1.0,0.29999998211860657,0.29999998211860657,0.007462686567164179,0.29999998211860657,0.29999998211860657,0.9925373134328358,0.29999998211860657,0.29999998211860657,0.29999998211860657,1.4971641791044787,0.29999998211860657,0.29999998211860657,0.29999998211860657,0.29999998211860657,1.8582089552238805,1.4326623848533977,0.29999998211860657,740.458251953125,0.29999998211860657,7886,0.29999998211860657,1.0,19,0.29999998211860657,0.29999998211860657,0.29999998211860657,0.29999998211860657,0.0069537353515624995,0.29999998211860657,0.29999998211860657,0.29999998211860657,0.29999998211860657,9689,0.29999998211860657,0.29999998211860657,0.29999998211860657,1000.0,583,25,0.29999998211860657,0.2,5820,1.0,0.30000001192092896,18,-5.374142646789551,133,1.0,0.9444444444444444,18,1.0,1e-05,0.0018203725,20,1.0,-0.1638685166835785,18,16,0.7143663763999939,0.10953384620224824,-0.003976694462653541,0.07178802490234375,0.1,0.0
0.29999998211860657,76546048,1.0,0.29999998211860657,0.29999998211860657,0.05223880597014925,0.29999998211860657,0.29999998211860657,0.9477611940298507,0.29999998211860657,0.29999998211860657,0.29999998211860657,1.4979104477611953,0.29999998211860657,0.29999998211860657,0.29999998211860657,0.29999998211860657,1.6044776119402986,1.4980387508362336,0.29999998211860657,722.09619140625,0.29999998211860657,7887,0.29999998211860657,1.0,17,0.29999998211860657,0.29999998211860657,0.29999998211860657,0.29999998211860657,0.00697113037109375,0.29999998211860657,0.29999998211860657,0.29999998211860657,0.29999998211860657,9705,0.29999998211860657,0.29999998211860657,0.29999998211860657,975.14,584,27,0.29999998211860657,0.2,5830,1.0,0.30000001192092896,18,-5.374142646789551,127,0.7894736842105263,0.8888888888888888,18,0.9565217391304348,1e-05,0.0017632315,12,1.0,-0.23745030164718628,23,19,0.6034160852432251,0.0524667252364452,-0.0030944678478135755,0.06913299560546875,0.1,0.0
0.29999998211860657,76677120,1.0,0.29999998211860657,0.29999998211860657,0.045112781954887216,0.29999998211860657,0.29999998211860657,0.9548872180451128,0.29999998211860657,0.29999998211860657,0.29999998211860657,1.481218045112783,0.29999998211860657,0.29999998211860657,0.29999998211860657,0.29999998211860657,1.894736842105263,1.579312740975225,0.29999998211860657,727.1375122070312,0.29999998211860657,7887,0.29999998211860657,0.9473684210526315,19,0.29999998211860657,0.29999998211860657,0.29999998211860657,0.29999998211860657,0.00695465087890625,0.29999998211860657,0.29999998211860657,0.29999998211860657,0.29999998211860657,9721,0.29999998211860657,0.29999998211860657,0.29999998211860657,982.76,585,24,0.29999998211860657,0.2,5840,0.9444444444444444,0.30000001192092896,19,-5.374142646789551,127,1.0,0.8421052631578947,18,0.9375,1e-05,0.0018537627,15,1.0,-0.19495287537574768,16,22,0.6588379144668579,0.08849738547432935,-0.003858343008232623,0.07639694213867188,0.1,0.0
0.29999998211860657,76808192,1.0,0.29999998211860657,0.29999998211860657,0.04477611940298507,0.29999998211860657,0.29999998211860657,0.9552238805970149,0.29999998211860657,0.29999998211860657,0.29999998211860657,1.4829552238805979,0.29999998211860657,0.29999998211860657,0.29999998211860657,0.29999998211860657,1.992537313432836,1.4900529777104536,0.29999998211860657,728.1493530273438,0.29999998211860657,7887,0.29999998211860657,1.0,20,0.29999998211860657,0.29999998211860657,0.29999998211860657,0.29999998211860657,0.007029724121093751,0.29999998211860657,0.29999998211860657,0.29999998211860657,0.29999998211860657,9737,0.29999998211860657,0.29999998211860657,0.29999998211860657,977.15,586,26,0.29999998211860657,0.2,5850,0.9375,0.30000001192092896,15,-5.374142646789551,128,0.8888888888888888,0.8666666666666667,16,1.0,1e-05,0.0018250429,24,0.9583333333333334,-0.1918455958366394,15,18,0.7806148529052734,0.07553270971693564,-0.0036755974904735924,0.06977005004882812,0.1,0.0
0.29999998211860657,76939264,1.0,0.29999998211860657,0.29999998211860657,0.03787878787878788,0.29999998211860657,0.29999998211860657,0.9621212121212122,0.29999998211860657,0.29999998211860657,0.29999998211860657,1.4877424242424253,0.29999998211860657,0.29999998211860657,0.29999998211860657,0.29999998211860657,1.75,1.5959578296433672,0.29999998211860657,723.1880493164062,0.29999998211860657,7888,0.29999998211860657,0.8571428571428571,21,0.29999998211860657,0.29999998211860657,0.29999998211860657,0.29999998211860657,0.00688629150390625,0.29999998211860657,0.29999998211860657,0.29999998211860657,0.29999998211860657,9753,0.29999998211860657,0.29999998211860657,0.29999998211860657,980.75,587,27,0.29999998211860657,0.2,5860,1.0,0.30000001192092896,18,-5.374142646789551,127,0.9333333333333333,0.9444444444444444,17,1.0,1e-05,0.0018800569,17,1.0,-0.22061975300312042,17,15,0.5435528755187988,0.0847726053034421,-0.0034694845965077548,0.07688522338867188,0.1,0.0
0.29999998211860657,77070336,1.0,0.29999998211860657,0.29999998211860657,0.037037037037037035,0.29999998211860657,0.29999998211860657,0.9629629629629629,0.29999998211860657,0.29999998211860657,0.29999998211860657,1.4679851851851864,0.29999998211860657,0.29999998211860657,0.29999998211860657,0.29999998211860657,1.9703703703703703,1.495045708640233,0.29999998211860657,717.91015625,0.29999998211860657,7888,0.29999998211860657,1.0,18,0.29999998211860657,0.29999998211860657,0.29999998211860657,0.29999998211860657,0.0069851684570312505,0.29999998211860657,0.29999998211860657,0.29999998211860657,0.29999998211860657,9769,0.29999998211860657,0.29999998211860657,0.29999998211860657,969.12,588,30,0.29999998211860657,0.2,5870,1.0,0.30000001192092896,15,-5.374142646789551,130,0.9166666666666666,0.8666666666666667,9,1.0,1e-05,0.0018164522,22,0.9545454545454546,-0.22306129336357117,17,24,0.6557261943817139,0.08200490267481655,-0.0036948169004062947,0.07162399291992187,0.1,0.0
0.29999998211860657,77201408,1.0,0.29999998211860657,0.29999998211860657,0.022727272727272728,0.29999998211860657,0.29999998211860657,0.9772727272727273,0.29999998211860657,0.29999998211860657,0.29999998211860657,1.4991363636363648,0.29999998211860657,0.29999998211860657,0.29999998211860657,0.29999998211860657,1.7121212121212122,1.5255510997605526,0.29999998211860657,736.52197265625,0.29999998211860657,7889,0.29999998211860657,1.0,18,0.29999998211860657,0.29999998211860657,0.29999998211860657,0.29999998211860657,0.007179565429687501,0.29999998211860657,0.29999998211860657,0.29999998211860657,0.29999998211860657,9785,0.29999998211860657,0.29999998211860657,0.29999998211860657,991.18,589,24,0.29999998211860657,0.2,5880,1.0,0.30000001192092896,17,-5.374142646789551,129,0.95,0.8823529411764706,23,1.0,1e-05,0.0017788481,12,1.0,-0.22775840759277344,18,20,0.588713526725769,0.07769322551757796,-0.003077031360589899,0.07240066528320313,0.1,0.0
0.29999998211860657,77332480,1.0,0.29999998211860657,0.29999998211860657,0.03731343283582089,0.29999998211860657,0.29999998211860657,0.9626865671641791,0.29999998211860657,0.29999998211860657,0.29999998211860657,1.485074626865673,0.29999998211860657,0.29999998211860657,0.29999998211860657,0.29999998211860657,1.8134328358208955,1.548564458095061,0.29999998211860657,738.345703125,0.29999998211860657,7889,0.29999998211860657,0.9629629629629629,27,0.29999998211860657,0.29999998211860657,0.29999998211860657,0.29999998211860657,0.0071136474609375,0.29999998211860657,0.29999998211860657,0.29999998211860657,0.29999998211860657,9801,0.29999998211860657,0.29999998211860657,0.29999998211860657,987.25,590,28,0.29999998211860657,0.2,5890,1.0,0.30000001192092896,14,-5.374142646789551,129,1.0,0.8571428571428571,12,0.9411764705882353,1e-05,0.0017695155,19,0.9473684210526315,-0.19588014483451843,17,17,0.7243495583534241,0.05232954476523446,-0.003189762661168061,0.0706268310546875,0.1,0.0
0.29999998211860657,77463552,1.0,0.29999998211860657,0.29999998211860657,0.031007751937984496,0.29999998211860657,0.29999998211860657,0.9689922480620154,0.29999998211860657,0.29999998211860657,0.29999998211860657,1.4833643410852726,0.29999998211860657,0.29999998211860657,0.29999998211860657,0.29999998211860657,1.8449612403100775,1.5828387917489963,0.29999998211860657,732.2017822265625,0.29999998211860657,7890,0.29999998211860657,0.9444444444444444,18,0.29999998211860657,0.29999998211860657,0.29999998211860657,0.29999998211860657,0.007164306640625001,0.29999998211860657,0.29999998211860657,0.29999998211860657,0.29999998211860657,9817,0.29999998211860657,0.29999998211860657,0.29999998211860657,990.69,591,22,0.29999998211860657,0.2,5900,1.0,0.30000001192092896,13,-5.374142646789551,125,0.9166666666666666,0.8461538461538461,17,1.0,1e-05,0.0018251846,24,1.0,-0.13863788545131683,23,12,0.6143310070037842,0.07742887962376699,-0.003645012963715999,0.07232894897460937,0.1,0.0
0.29999998211860657,77594624,1.0,0.29999998211860657,0.29999998211860657,0.03597122302158273,0.29999998211860657,0.29999998211860657,0.9640287769784173,0.29999998211860657,0.29999998211860657,0.29999998211860657,1.4983165467625914,0.29999998211860657,0.29999998211860657,0.29999998211860657,0.29999998211860657,1.6978417266187051,1.6246348975964262,0.29999998211860657,733.5578002929688,0.29999998211860657,7890,0.29999998211860657,0.9166666666666666,12,0.29999998211860657,0.29999998211860657,0.29999998211860657,0.29999998211860657,0.00716033935546875,0.29999998211860657,0.29999998211860657,0.29999998211860657,0.29999998211860657,9833,0.29999998211860657,0.29999998211860657,0.29999998211860657,989.13,592,30,0.29999998211860657,0.2,5910,1.0,0.30000001192092896,21,-5.374142646789551,134,0.9090909090909091,0.9523809523809523,16,0.9565217391304348,1e-05,0.0018189073,15,1.0,-0.2301776111125946,23,22,0.6753903031349182,0.06615786110778572,-0.0033622205442043196,0.07517547607421875,0.1,0.0
0.29999998211860657,77725696,1.0,0.29999998211860657,0.29999998211860657,0.0546875,0.29999998211860657,0.29999998211860657,0.9453125,0.29999998211860657,0.29999998211860657,0.29999998211860657,1.5000000000000013,0.29999998211860657,0.29999998211860657,0.29999998211860657,0.29999998211860657,2.1796875,1.5911056644242734,0.29999998211860657,731.7472534179688,0.29999998211860657,7891,0.29999998211860657,0.9444444444444444,18,0.29999998211860657,0.29999998211860657,0.29999998211860657,0.29999998211860657,0.007310180664062501,0.29999998211860657,0.29999998211860657,0.29999998211860657,0.29999998211860657,9849,0.29999998211860657,0.29999998211860657,0.29999998211860657,989.15,593,19,0.29999998211860657,0.2,5920,1.0,0.30000001192092896,16,-5.374142646789551,121,0.8888888888888888,0.8125,22,0.9090909090909091,1e-05,0.0018132409,24,1.0,-0.20158207416534424,11,18,0.6668462753295898,0.07056792370131007,-0.0035361073018066237,0.07091903686523438,0.1,0.0
0.29999998211860657,77856768,1.0,0.29999998211860657,0.29999998211860657,0.03759398496240601,0.29999998211860657,0.29999998211860657,0.9624060150375939,0.29999998211860657,0.29999998211860657,0.29999998211860657,1.5046165413533845,0.29999998211860657,0.29999998211860657,0.29999998211860657,0.29999998211860657,1.849624060150376,1.6143393044103493,0.29999998211860657,738.5869750976562,0.29999998211860657,7891,0.29999998211860657,0.8333333333333334,18,0.29999998211860657,0.29999998211860657,0.29999998211860657,0.29999998211860657,0.00727264404296875,0.29999998211860657,0.29999998211860657,0.29999998211860657,0.29999998211860657,9865,0.29999998211860657,0.29999998211860657,0.29999998211860657,997.68,594,23,0.29999998211860657,0.2,5930,1.0,0.30000001192092896,19,-5.374142646789551,128,1.0,0.8947368421052632,14,1.0,1e-05,0.0018513522,14,1.0,-0.21569839119911194,22,23,0.6484222412109375,0.08429478102480062,-0.00361564811196331,0.07261886596679687,0.1,0.0
0.29999998211860657,77987840,1.0,0.29999998211860657,0.29999998211860657,0.04411764705882353,0.29999998211860657,0.29999998211860657,0.9558823529411765,0.29999998211860657,0.29999998211860657,0.29999998211860657,1.4880147058823543,0.29999998211860657,0.29999998211860657,0.29999998211860657,0.29999998211860657,1.75,1.5749417656408513,0.29999998211860657,727.972900390625,0.29999998211860657,7892,0.29999998211860657,0.92,25,0.29999998211860657,0.29999998211860657,0.29999998211860657,0.29999998211860657,0.007386474609375001,0.29999998211860657,0.29999998211860657,0.29999998211860657,0.29999998211860657,9881,0.29999998211860657,0.29999998211860657,0.29999998211860657,984.13,595,21,0.29999998211860657,0.2,5940,1.0,0.30000001192092896,23,-5.374142646789551,130,0.8125,0.9565217391304348,21,1.0,1e-05,0.0017803004,11,1.0,-0.21341325342655182,19,16,0.7107495069503784,0.06604267834918573,-0.00345412366527853,0.06965789794921876,0.1,0.0
0.29999998211860657,78118912,1.0,0.29999998211860657,0.29999998211860657,0.024193548387096774,0.29999998211860657,0.29999998211860657,0.9758064516129032,0.29999998211860657,0.29999998211860657,0.29999998211860657,1.4909032258064525,0.29999998211860657,0.29999998211860657,0.29999998211860657,0.29999998211860657,2.2016129032258065,1.5940357994053835,0.29999998211860657,741.8870239257812,0.29999998211860657,7892,0.29999998211860657,1.0,16,0.29999998211860657,0.29999998211860657,0.29999998211860657,0.29999998211860657,0.007313842773437501,0.29999998211860657,0.29999998211860657,0.29999998211860657,0.29999998211860657,9897,0.29999998211860657,0.29999998211860657,0.29999998211860657,995.18,596,18,0.29999998211860657,0.2,5950,1.0,0.30000001192092896,16,-5.374142646789551,121,0.85,1.0,11,1.0,1e-05,0.0017684279,24,1.0,-0.17130857706069946,19,20,0.6741023063659668,0.08267596206860617,-0.0035774066142948866,0.06925201416015625,0.1,0.0
0.29999998211860657,78249984,1.0,0.29999998211860657,0.29999998211860657,0.014598540145985401,0.29999998211860657,0.29999998211860657,0.9854014598540146,0.29999998211860657,0.29999998211860657,0.29999998211860657,1.5033576642335778,0.29999998211860657,0.29999998211860657,0.29999998211860657,0.29999998211860657,1.9927007299270072,1.5612980963957825,0.29999998211860657,738.213623046875,0.29999998211860657,7893,0.29999998211860657,1.0,17,0.29999998211860657,0.29999998211860657,0.29999998211860657,0.29999998211860657,0.007240600585937501,0.29999998211860657,0.29999998211860657,0.29999998211860657,0.29999998211860657,9913,0.29999998211860657,0.29999998211860657,0.29999998211860657,996.89,597,24,0.29999998211860657,0.2,5960,1.0,0.30000001192092896,22,-5.374142646789551,135,0.9375,1.0,18,0.9411764705882353,1e-05,0.001671437,23,1.0,-0.22720305621623993,17,16,0.6317909955978394,0.05795629758213181,-0.003121683791778196,0.06457290649414063,0.1,0.0
0.29999998211860657,78381056,1.0,0.29999998211860657,0.29999998211860657,0.023255813953488372,0.29999998211860657,0.29999998211860657,0.9767441860465116,0.29999998211860657,0.29999998211860657,0.29999998211860657,1.5153178294573657,0.29999998211860657,0.29999998211860657,0.29999998211860657,0.29999998211860657,1.7984496124031009,1.329657419189772,0.29999998211860657,735.8147583007812,0.29999998211860657,7893,0.29999998211860657,1.0,14,0.29999998211860657,0.29999998211860657,0.29999998211860657,0.29999998211860657,0.0071722412109375,0.29999998211860657,0.29999998211860657,0.29999998211860657,0.29999998211860657,9929,0.29999998211860657,0.29999998211860657,0.29999998211860657,992.41,598,34,0.29999998211860657,0.2,5970,1.0,0.30000001192092896,16,-5.374142646789551,126,0.9545454545454546,0.9375,12,1.0,1e-05,0.001807967,18,0.9444444444444444,-0.22668518126010895,13,22,0.5953587293624878,0.04711952479847241,-0.0033423030205085523,0.06856842041015625,0.1,0.0
0.29999998211860657,78512128,1.0,0.29999998211860657,0.29999998211860657,0.05755395683453238,0.29999998211860657,0.29999998211860657,0.9424460431654677,0.29999998211860657,0.29999998211860657,0.29999998211860657,1.5002733812949651,0.29999998211860657,0.29999998211860657,0.29999998211860657,0.29999998211860657,1.856115107913669,1.4562579189000477,0.29999998211860657,719.445556640625,0.29999998211860657,7893,0.29999998211860657,0.9473684210526315,19,0.29999998211860657,0.29999998211860657,0.29999998211860657,0.29999998211860657,0.0073648071289062495,0.29999998211860657,0.29999998211860657,0.29999998211860657,0.29999998211860657,9945,0.29999998211860657,0.29999998211860657,0.29999998211860657,967.07,599,28,0.29999998211860657,0.2,5980,1.0,0.30000001192092896,15,-5.374142646789551,131,0.9,0.8,23,1.0,1e-05,0.0018286423,20,0.9,-0.22462841868400574,14,20,0.6125746965408325,0.0673081605724292,-0.003751102560727304,0.07160797119140624,0.1,0.0
0.29999998211860657,78643200,1.0,0.29999998211860657,0.29999998211860657,0.04,0.29999998211860657,0.29999998211860657,0.96,0.29999998211860657,0.29999998211860657,0.29999998211860657,1.510432000000001,0.29999998211860657,0.29999998211860657,0.29999998211860657,0.29999998211860657,1.744,1.6018986026784512,0.29999998211860657,731.6123657226562,0.29999998211860657,7894,0.29999998211860657,1.0,18,0.29999998211860657,0.29999998211860657,0.29999998211860657,0.29999998211860657,0.00728057861328125,0.29999998211860657,0.29999998211860657,0.29999998211860657,0.29999998211860657,9961,0.29999998211860657,0.29999998211860657,0.29999998211860657,982.83,600,23,0.29999998211860657,0.2,5990,1.0,0.30000001192092896,28,-5.374142646789551,120,0.8125,0.9285714285714286,17,1.0,1e-05,0.0018307214,8,1.0,-0.14737160503864288,15,16,0.6294370293617249,0.11031713179836515,-0.0035624429383915414,0.07198410034179688,0.1,0.0
0.29999998211860657,78774272,1.0,0.29999998211860657,0.29999998211860657,0.055944055944055944,0.29999998211860657,0.29999998211860657,0.9440559440559441,0.29999998211860657,0.29999998211860657,0.29999998211860657,1.5225314685314695,0.29999998211860657,0.29999998211860657,0.29999998211860657,0.29999998211860657,2.1818181818181817,1.6311951736288182,0.29999998211860657,719.8214721679688,0.29999998211860657,7894,0.29999998211860657,0.9166666666666666,24,0.29999998211860657,0.29999998211860657,0.29999998211860657,0.29999998211860657,0.0073037719726562495,0.29999998211860657,0.29999998211860657,0.29999998211860657,0.29999998211860657,9977,0.29999998211860657,0.29999998211860657,0.29999998211860657,971.73,601,22,0.29999998211860657,0.2,6000,1.0,0.30000001192092896,21,-5.374142646789551,135,0.9090909090909091,0.9047619047619048,10,0.8947368421052632,1e-05,0.0017939791,25,1.0,-0.2070048451423645,19,22,0.6854046583175659,0.0647212822426809,-0.0034899741728622756,0.0725555419921875,0.1,0.0
0.29999998211860657,78905344,1.0,0.29999998211860657,0.29999998211860657,0.047619047619047616,0.29999998211860657,0.29999998211860657,0.9523809523809523,0.29999998211860657,0.29999998211860657,0.29999998211860657,1.5209523809523822,0.29999998211860657,0.29999998211860657,0.29999998211860657,0.29999998211860657,1.5238095238095237,1.3862311329145314,0.29999998211860657,715.158203125,0.29999998211860657,7895,0.29999998211860657,0.9411764705882353,17,0.29999998211860657,0.29999998211860657,0.29999998211860657,0.29999998211860657,0.00730224609375,0.29999998211860657,0.29999998211860657,0.29999998211860657,0.29999998211860657,9993,0.29999998211860657,0.29999998211860657,0.29999998211860657,967.81,602,34,0.29999998211860657,0.2,6010,1.0,0.30000001192092896,14,-5.374142646789551,120,0.8125,0.8571428571428571,16,1.0,1e-05,0.001877036,14,1.0,-0.13991709053516388,15,16,0.6415164470672607,0.09973000705213053,-0.0036133267515651825,0.07047653198242188,0.1,0.0
0.29999998211860657,79036416,1.0,0.29999998211860657,0.29999998211860657,0.03496503496503497,0.29999998211860657,0.29999998211860657,0.965034965034965,0.29999998211860657,0.29999998211860657,0.29999998211860657,1.5112447552447565,0.29999998211860657,0.29999998211860657,0.29999998211860657,0.29999998211860657,1.979020979020979,1.6757218106631844,0.29999998211860657,735.9710083007812,0.29999998211860657,7895,0.29999998211860657,0.9333333333333333,15,0.29999998211860657,0.29999998211860657,0.29999998211860657,0.29999998211860657,0.00734100341796875,0.29999998211860657,0.29999998211860657,0.29999998211860657,0.29999998211860657,10009,0.29999998211860657,0.29999998211860657,0.29999998211860657,985.68,603,18,0.29999998211860657,0.2,6020,0.9583333333333334,0.30000001192092896,24,-5.374142646789551,138,0.95,0.9583333333333334,24,1.0,1e-05,0.0017521812,19,0.9473684210526315,-0.19094184041023254,23,20,0.64728844165802,0.08443713042070158,-0.0035144065843269344,0.07025833129882812,0.1,0.0
0.29999998211860657,79167488,1.0,0.29999998211860657,0.29999998211860657,0.06504065040650407,0.29999998211860657,0.29999998211860657,0.9349593495934959,0.29999998211860657,0.29999998211860657,0.29999998211860657,1.5293658536585377,0.29999998211860657,0.29999998211860657,0.29999998211860657,0.29999998211860657,1.9024390243902438,1.5018296770591086,0.29999998211860657,726.6146240234375,0.29999998211860657,7896,0.29999998211860657,0.9411764705882353,17,0.29999998211860657,0.29999998211860657,0.29999998211860657,0.29999998211860657,0.007460327148437499,0.29999998211860657,0.29999998211860657,0.29999998211860657,0.29999998211860657,10025,0.29999998211860657,0.29999998211860657,0.29999998211860657,974.86,604,27,0.29999998211860657,0.2,6030,1.0,0.30000001192092896,21,-5.374142646789551,115,0.8235294117647058,0.8571428571428571,11,0.9230769230769231,1e-05,0.0016846291,17,1.0,-0.24152758717536926,13,17,0.6266310214996338,0.0679056400054833,-0.003190650340366119,0.065887451171875,0.1,0.0
0.29999998211860657,79298560,1.0,0.29999998211860657,0.29999998211860657,0.0684931506849315,0.29999998211860657,0.29999998211860657,0.9315068493150684,0.29999998211860657,0.29999998211860657,0.29999998211860657,1.5379452054794533,0.29999998211860657,0.29999998211860657,0.29999998211860657,0.29999998211860657,2.0205479452054793,1.6403463288906568,0.29999998211860657,707.2799072265625,0.29999998211860657,7896,0.29999998211860657,0.9230769230769231,13,0.29999998211860657,0.29999998211860657,0.29999998211860657,0.29999998211860657,0.007445068359374999,0.29999998211860657,0.29999998211860657,0.29999998211860657,0.29999998211860657,10041,0.29999998211860657,0.29999998211860657,0.29999998211860657,953.4,605,29,0.29999998211860657,0.2,6040,1.0,0.30000001192092896,29,-5.374142646789551,136,0.8333333333333334,0.896551724137931,14,0.8888888888888888,1e-05,0.0018019831,25,0.96,-0.1845843493938446,18,18,0.7241158485412598,0.08409481136332034,-0.003744737748729676,0.07141494750976562,0.1,0.0
0.29999998211860657,79429632,1.0,0.29999998211860657,0.29999998211860657,0.047619047619047616,0.29999998211860657,0.29999998211860657,0.9523809523809523,0.29999998211860657,0.29999998211860657,0.29999998211860657,1.5194920634920646,0.29999998211860657,0.29999998211860657,0.29999998211860657,0.29999998211860657,2.0,1.583157809393498,0.29999998211860657,725.21484375,0.29999998211860657,7897,0.29999998211860657,1.0,15,0.29999998211860657,0.29999998211860657,0.29999998211860657,0.29999998211860657,0.007453002929687501,0.29999998211860657,0.29999998211860657,0.29999998211860657,0.29999998211860657,10057,0.29999998211860657,0.29999998211860657,0.29999998211860657,972.48,606,23,0.29999998211860657,0.2,6050,1.0,0.30000001192092896,19,-5.374142646789551,120,0.9333333333333333,0.8421052631578947,18,0.8571428571428571,1e-05,0.001887023,22,1.0,-0.20508429408073425,14,15,0.7013386487960815,0.1062244061511592,-0.003986810179958411,0.07573013305664063,0.1,0.0
0.29999998211860657,79560704,1.0,0.29999998211860657,0.29999998211860657,0.04964539007092199,0.29999998211860657,0.29999998211860657,0.950354609929078,0.29999998211860657,0.29999998211860657,0.29999998211860657,1.4877163120567387,0.29999998211860657,0.29999998211860657,0.29999998211860657,0.29999998211860657,1.8794326241134751,1.6905668720706364,0.29999998211860657,718.7938842773438,0.29999998211860657,7897,0.29999998211860657,0.9375,16,0.29999998211860657,0.29999998211860657,0.29999998211860657,0.29999998211860657,0.0075592041015625,0.29999998211860657,0.29999998211860657,0.29999998211860657,0.29999998211860657,10073,0.29999998211860657,0.29999998211860657,0.29999998211860657,970.97,607,20,0.29999998211860657,0.2,6060,1.0,0.30000001192092896,29,-5.374142646789551,134,0.8571428571428571,0.896551724137931,20,1.0,1e-05,0.0017996081,18,0.9444444444444444,-0.2150985598564148,24,14,0.7253097295761108,0.09348779409192502,-0.0037568446582554316,0.07172622680664062,0.1,0.0
0.29999998211860657,79691776,0.96,0.29999998211860657,0.29999998211860657,0.03759398496240601,0.29999998211860657,0.29999998211860657,0.9624060150375939,0.29999998211860657,0.29999998211860657,0.29999998211860657,1.492766917293234,0.29999998211860657,0.29999998211860657,0.29999998211860657,0.29999998211860657,2.007518796992481,1.5595829978856388,0.29999998211860657,723.5054931640625,0.29999998211860657,7898,0.29999998211860657,1.0,13,0.29999998211860657,0.29999998211860657,0.29999998211860657,0.29999998211860657,0.007531433105468751,0.29999998211860657,0.29999998211860657,0.29999998211860657,0.29999998211860657,10089,0.29999998211860657,0.29999998211860657,0.29999998211860657,975.63,608,25,0.29999998211860657,0.2,6070,1.0,0.30000001192092896,26,-5.374142646789551,128,0.9,0.9230769230769231,13,1.0,1e-05,0.0017547298,19,1.0,-0.1994476616382599,17,20,0.7581889629364014,0.08059304333000909,-0.003963909779213281,0.07343521118164062,0.1,0.0
0.29999998211860657,79822848,1.0,0.29999998211860657,0.29999998211860657,0.037037037037037035,0.29999998211860657,0.29999998211860657,0.9629629629629629,0.29999998211860657,0.29999998211860657,0.29999998211860657,1.507125925925927,0.29999998211860657,0.29999998211860657,0.29999998211860657,0.29999998211860657,2.214814814814815,1.621496199671425,0.29999998211860657,741.3945922851562,0.29999998211860657,7898,0.29999998211860657,0.92,25,0.29999998211860657,0.29999998211860657,0.29999998211860657,0.29999998211860657,0.007525634765625001,0.29999998211860657,0.29999998211860657,0.29999998211860657,0.29999998211860657,10105,0.29999998211860657,0.29999998211860657,0.29999998211860657,992.33,609,19,0.29999998211860657,0.2,6080,1.0,0.30000001192092896,21,-5.374142646789551,130,0.9333333333333333,0.9523809523809523,15,1.0,1e-05,0.0017356658,14,1.0,-0.21556180715560913,11,30,0.7868960499763489,0.06998047116794623,-0.003353854354691066,0.07094650268554688,0.1,0.0
0.29999998211860657,79953920,1.0,0.29999998211860657,0.29999998211860657,0.04580152671755725,0.29999998211860657,0.29999998211860657,0.9541984732824428,0.29999998211860657,0.29999998211860657,0.29999998211860657,1.5368091603053444,0.29999998211860657,0.29999998211860657,0.29999998211860657,0.29999998211860657,1.6106870229007633,1.5183769995474516,0.29999998211860657,731.6978759765625,0.29999998211860657,7899,0.29999998211860657,0.9130434782608695,23,0.29999998211860657,0.29999998211860657,0.29999998211860657,0.29999998211860657,0.00754119873046875,0.29999998211860657,0.29999998211860657,0.29999998211860657,0.29999998211860657,10121,0.29999998211860657,0.29999998211860657,0.29999998211860657,980.6,610,29,0.29999998211860657,0.2,6090,1.0,0.30000001192092896,20,-5.374142646789551,125,0.8571428571428571,0.95,11,1.0,1e-05,0.0017707306,19,0.8947368421052632,-0.202231302857399,22,7,0.7098810076713562,0.07560126311145723,-0.0036952971041046114,0.0671600341796875,0.1,0.0
0.29999998211860657,80084992,1.0,0.29999998211860657,0.29999998211860657,0.030534351145038167,0.29999998211860657,0.29999998211860657,0.9694656488549618,0.29999998211860657,0.29999998211860657,0.29999998211860657,1.5224885496183216,0.29999998211860657,0.29999998211860657,0.29999998211860657,0.29999998211860657,1.7786259541984732,1.4699931296654445,0.29999998211860657,740.3922119140625,0.29999998211860657,7899,0.29999998211860657,1.0,14,0.29999998211860657,0.29999998211860657,0.29999998211860657,0.29999998211860657,0.00766387939453125,0.29999998211860657,0.29999998211860657,0.29999998211860657,0.29999998211860657,10137,0.29999998211860657,0.29999998211860657,0.29999998211860657,991.35,611,22,0.29999998211860657,0.2,6100,0.9411764705882353,0.30000001192092896,18,-5.374142646789551,127,0.9473684210526315,0.9444444444444444,17,1.0,1e-05,0.0017613892,16,0.9375,-0.23609043657779694,25,19,0.8009517192840576,0.07128464884881396,-0.00355789297955198,0.069097900390625,0.1,0.0
0.29999998211860657,80216064,1.0,0.29999998211860657,0.29999998211860657,0.037037037037037035,0.29999998211860657,0.29999998211860657,0.9629629629629629,0.29999998211860657,0.29999998211860657,0.29999998211860657,1.5085185185185197,0.29999998211860657,0.29999998211860657,0.29999998211860657,0.29999998211860657,1.8888888888888888,1.4201178259291944,0.29999998211860657,736.9898681640625,0.29999998211860657,7900,0.29999998211860657,0.8333333333333334,18,0.29999998211860657,0.29999998211860657,0.29999998211860657,0.29999998211860657,0.00757659912109375,0.29999998211860657,0.29999998211860657,0.29999998211860657,0.29999998211860657,10153,0.29999998211860657,0.29999998211860657,0.29999998211860657,989.02,612,34,0.29999998211860657,0.2,6110,1.0,0.30000001192092896,19,-5.374142646789551,130,0.9565217391304348,0.9473684210526315,9,1.0,1e-05,0.0018036645,19,1.0,-0.18743138015270233,13,23,0.7081961631774902,0.06654709989961702,-0.003295511179612731,0.07223281860351563,0.1,0.0
0.29999998211860657,80347136,1.0,0.29999998211860657,0.29999998211860657,0.05303030303030303,0.29999998211860657,0.29999998211860657,0.946969696969697,0.29999998211860657,0.29999998211860657,0.29999998211860657,1.5223636363636377,0.29999998211860657,0.29999998211860657,0.29999998211860657,0.29999998211860657,1.803030303030303,1.521566471493425,0.29999998211860657,731.701171875,0.29999998211860657,7900,0.29999998211860657,0.95,20,0.29999998211860657,0.29999998211860657,0.29999998211860657,0.29999998211860657,0.0077276611328125,0.29999998211860657,0.29999998211860657,0.29999998211860657,0.29999998211860657,10169,0.29999998211860657,0.29999998211860657,0.29999998211860657,980.96,613,30,0.29999998211860657,0.2,6120,1.0,0.30000001192092896,16,-5.374142646789551,125,0.75,1.0,10,1.0,1e-05,0.0017679543,18,0.9444444444444444,-0.1653348207473755,18,20,0.6937437057495117,0.08203530072205467,-0.003539825905681937,0.07017898559570312,0.1,0.0
0.29999998211860657,80478208,1.0,0.29999998211860657,0.29999998211860657,0.05343511450381679,0.29999998211860657,0.29999998211860657,0.9465648854961832,0.29999998211860657,0.29999998211860657,0.29999998211860657,1.5290229007633598,0.29999998211860657,0.29999998211860657,0.29999998211860657,0.29999998211860657,2.053435114503817,1.7394838654477043,0.29999998211860657,728.494140625,0.29999998211860657,7900,0.29999998211860657,0.9444444444444444,18,0.29999998211860657,0.29999998211860657,0.29999998211860657,0.29999998211860657,0.00766143798828125,0.29999998211860657,0.29999998211860657,0.29999998211860657,0.29999998211860657,10185,0.29999998211860657,0.29999998211860657,0.29999998211860657,973.06,614,22,0.29999998211860657,0.2,6130,1.0,0.30000001192092896,19,-5.374142646789551,124,0.8235294117647058,0.8947368421052632,10,1.0,1e-05,0.0017560218,24,0.9583333333333334,-0.21098065376281738,21,17,0.6557215452194214,0.08431802792765666,-0.0035534648427528737,0.06998977661132813,0.1,0.0
0.29999998211860657,80609280,1.0,0.29999998211860657,0.29999998211860657,0.022058823529411766,0.29999998211860657,0.29999998211860657,0.9779411764705882,0.29999998211860657,0.29999998211860657,0.29999998211860657,1.508000000000001,0.29999998211860657,0.29999998211860657,0.29999998211860657,0.29999998211860657,2.0808823529411766,1.6372237746900917,0.29999998211860657,733.99609375,0.29999998211860657,7901,0.29999998211860657,0.9,20,0.29999998211860657,0.29999998211860657,0.29999998211860657,0.29999998211860657,0.007914123535156251,0.29999998211860657,0.29999998211860657,0.29999998211860657,0.29999998211860657,10201,0.29999998211860657,0.29999998211860657,0.29999998211860657,991.96,615,20,0.29999998211860657,0.2,6140,1.0,0.30000001192092896,20,-5.374142646789551,133,0.9411764705882353,1.0,15,1.0,1e-05,0.0017295149,24,1.0,-0.22429423034191132,20,17,0.7007609605789185,0.09261933890520595,-0.0037168186725466514,0.0669586181640625,0.1,0.0
0.29999998211860657,80740352,1.0,0.29999998211860657,0.29999998211860657,0.007692307692307693,0.29999998211860657,0.29999998211860657,0.9923076923076923,0.29999998211860657,0.29999998211860657,0.29999998211860657,1.5185076923076934,0.29999998211860657,0.29999998211860657,0.29999998211860657,0.29999998211860657,1.9384615384615385,1.5266299864493433,0.29999998211860657,739.9317016601562,0.29999998211860657,7901,0.29999998211860657,1.0,19,0.29999998211860657,0.29999998211860657,0.29999998211860657,0.29999998211860657,0.00776092529296875,0.29999998211860657,0.29999998211860657,0.29999998211860657,0.29999998211860657,10217,0.29999998211860657,0.29999998211860657,0.29999998211860657,993.54,616,25,0.29999998211860657,0.2,6150,1.0,0.30000001192092896,18,-5.374142646789551,129,1.0,0.9444444444444444,19,1.0,1e-05,0.001742583,18,1.0,-0.24099712073802948,12,19,0.6736315488815308,0.05634301469690399,-0.0032904520731335653,0.06779098510742188,0.1,0.0
0.29999998211860657,80871424,1.0,0.29999998211860657,0.29999998211860657,0.06428571428571428,0.29999998211860657,0.29999998211860657,0.9357142857142857,0.29999998211860657,0.29999998211860657,0.29999998211860657,1.5175000000000012,0.29999998211860657,0.29999998211860657,0.29999998211860657,0.29999998211860657,1.9928571428571429,1.649071141214463,0.29999998211860657,725.820556640625,0.29999998211860657,7902,0.29999998211860657,0.8888888888888888,18,0.29999998211860657,0.29999998211860657,0.29999998211860657,0.29999998211860657,0.0078558349609375,0.29999998211860657,0.29999998211860657,0.29999998211860657,0.29999998211860657,10233,0.29999998211860657,0.29999998211860657,0.29999998211860657,965.26,617,27,0.29999998211860657,0.2,6160,1.0,0.30000001192092896,20,-5.374142646789551,131,0.8695652173913043,0.95,13,1.0,1e-05,0.0018036853,21,0.8571428571428571,-0.23922638595104218,18,23,0.5697777271270752,0.04115928844548762,-0.0029511063766904043,0.0717620849609375,0.1,0.0
0.29999998211860657,81002496,1.0,0.29999998211860657,0.29999998211860657,0.06766917293233082,0.29999998211860657,0.29999998211860657,0.9323308270676691,0.29999998211860657,0.29999998211860657,0.29999998211860657,1.5326165413533845,0.29999998211860657,0.29999998211860657,0.29999998211860657,0.29999998211860657,1.8796992481203008,1.3947659056257404,0.29999998211860657,728.8175048828125,0.29999998211860657,7902,0.29999998211860657,0.8823529411764706,17,0.29999998211860657,0.29999998211860657,0.29999998211860657,0.29999998211860657,0.007777404785156251,0.29999998211860657,0.29999998211860657,0.29999998211860657,0.29999998211860657,10249,0.29999998211860657,0.29999998211860657,0.29999998211860657,971.9,618,33,0.29999998211860657,0.2,6170,1.0,0.30000001192092896,24,-5.374142646789551,124,0.85,0.875,12,0.9,1e-05,0.0018965643,17,1.0,-0.18672829866409302,10,20,0.6664547920227051,0.1010155153562664,-0.0036469203955675766,0.07830657958984374,0.1,0.0
0.29999998211860657,81133568,1.0,0.29999998211860657,0.29999998211860657,0.030303030303030304,0.29999998211860657,0.29999998211860657,0.9696969696969697,0.29999998211860657,0.29999998211860657,0.29999998211860657,1.5216060606060617,0.29999998211860657,0.29999998211860657,0.29999998211860657,0.29999998211860657,1.8409090909090908,1.5663439651885163,0.29999998211860657,736.6866455078125,0.29999998211860657,7903,0.29999998211860657,1.0,14,0.29999998211860657,0.29999998211860657,0.29999998211860657,0.29999998211860657,0.007824707031250001,0.29999998211860657,0.29999998211860657,0.29999998211860657,0.29999998211860657,10265,0.29999998211860657,0.29999998211860657,0.29999998211860657,989.09,619,23,0.29999998211860657,0.2,6180,1.0,0.30000001192092896,22,-5.374142646789551,128,0.8888888888888888,0.9090909090909091,20,1.0,1e-05,0.0019284473,16,1.0,-0.16000568866729736,19,18,0.6525853872299194,0.10291203735832824,-0.004145550433895551,0.08022689819335938,0.1,0.0
0.29999998211860657,81264640,1.0,0.29999998211860657,0.29999998211860657,0.07352941176470588,0.29999998211860657,0.29999998211860657,0.9264705882352942,0.29999998211860657,0.29999998211860657,0.29999998211860657,1.5236323529411775,0.29999998211860657,0.29999998211860657,0.29999998211860657,0.29999998211860657,1.8676470588235294,1.618376866716765,0.29999998211860657,728.27490234375,0.29999998211860657,7903,0.29999998211860657,0.85,20,0.29999998211860657,0.29999998211860657,0.29999998211860657,0.29999998211860657,0.0079620361328125,0.29999998211860657,0.29999998211860657,0.29999998211860657,0.29999998211860657,10281,0.29999998211860657,0.29999998211860657,0.29999998211860657,976.61,620,26,0.29999998211860657,0.2,6190,1.0,0.30000001192092896,19,-5.374142646789551,126,0.7727272727272727,0.8947368421052632,20,1.0,1e-05,0.001777094,15,1.0,-0.2055440992116928,14,22,0.6410103440284729,0.06904176326206653,-0.003621982162621862,0.07081375122070313,0.1,0.0
0.29999998211860657,81395712,1.0,0.29999998211860657,0.29999998211860657,0.03787878787878788,0.29999998211860657,0.29999998211860657,0.9621212121212122,0.29999998211860657,0.29999998211860657,0.29999998211860657,1.5296969696969709,0.29999998211860657,0.29999998211860657,0.29999998211860657,0.29999998211860657,1.9848484848484849,1.5842132755465461,0.29999998211860657,725.4103393554688,0.29999998211860657,7904,0.29999998211860657,0.9333333333333333,15,0.29999998211860657,0.29999998211860657,0.29999998211860657,0.29999998211860657,0.0079644775390625,0.29999998211860657,0.29999998211860657,0.29999998211860657,0.29999998211860657,10297,0.29999998211860657,0.29999998211860657,0.29999998211860657,971.21,621,20,0.29999998211860657,0.2,6200,0.9565217391304348,0.30000001192092896,17,-5.374142646789551,127,0.9090909090909091,1.0,23,1.0,1e-05,0.0018346331,18,0.9444444444444444,-0.1613229215145111,17,22,0.6979206800460815,0.1008908525458537,-0.003481008980088518,0.07393341064453125,0.1,0.0
0.29999998211860657,81526784,1.0,0.29999998211860657,0.29999998211860657,0.022388059701492536,0.29999998211860657,0.29999998211860657,0.9776119402985075,0.29999998211860657,0.29999998211860657,0.29999998211860657,1.5379850746268668,0.29999998211860657,0.29999998211860657,0.29999998211860657,0.29999998211860657,2.0074626865671643,1.602563571856939,0.29999998211860657,737.5438232421875,0.29999998211860657,7904,0.29999998211860657,1.0,18,0.29999998211860657,0.29999998211860657,0.29999998211860657,0.29999998211860657,0.0078271484375,0.29999998211860657,0.29999998211860657,0.29999998211860657,0.29999998211860657,10313,0.29999998211860657,0.29999998211860657,0.29999998211860657,992.97,622,25,0.29999998211860657,0.2,6210,1.0,0.30000001192092896,22,-5.374142646789551,131,0.96,0.9090909090909091,12,1.0,1e-05,0.00177521,16,1.0,-0.16523055732250214,16,25,0.6799713373184204,0.0752030739604379,-0.0034951565745359402,0.07027740478515625,0.1,0.0
0.29999998211860657,81657856,1.0,0.29999998211860657,0.29999998211860657,0.029411764705882353,0.29999998211860657,0.29999998211860657,0.9705882352941176,0.29999998211860657,0.29999998211860657,0.29999998211860657,1.5288970588235304,0.29999998211860657,0.29999998211860657,0.29999998211860657,0.29999998211860657,1.6102941176470589,1.4630636951202134,0.29999998211860657,737.5946044921875,0.29999998211860657,7905,0.29999998211860657,1.0,16,0.29999998211860657,0.29999998211860657,0.29999998211860657,0.29999998211860657,0.00794921875,0.29999998211860657,0.29999998211860657,0.29999998211860657,0.29999998211860657,10329,0.29999998211860657,0.29999998211860657,0.29999998211860657,988.29,623,33,0.29999998211860657,0.2,6220,1.0,0.30000001192092896,24,-5.374142646789551,132,0.8571428571428571,1.0,17,0.9411764705882353,1e-05,0.0017345727,15,0.9333333333333333,-0.22606313228607178,17,14,0.6965247392654419,0.061356690392130986,-0.0037465763978616453,0.06768417358398438,0.1,0.0
0.29999998211860657,81788928,1.0,0.29999998211860657,0.29999998211860657,0.045454545454545456,0.29999998211860657,0.29999998211860657,0.9545454545454546,0.29999998211860657,0.29999998211860657,0.29999998211860657,1.528621212121213,0.29999998211860657,0.29999998211860657,0.29999998211860657,0.29999998211860657,2.0,1.6367604560340707,0.29999998211860657,738.05029296875,0.29999998211860657,7905,0.29999998211860657,0.9411764705882353,17,0.29999998211860657,0.29999998211860657,0.29999998211860657,0.29999998211860657,0.007928771972656252,0.29999998211860657,0.29999998211860657,0.29999998211860657,0.29999998211860657,10345,0.29999998211860657,0.29999998211860657,0.29999998211860657,992.43,624,20,0.29999998211860657,0.2,6230,1.0,0.30000001192092896,16,-5.374142646789551,126,0.9565217391304348,0.875,20,1.0,1e-05,0.0018177225,18,0.8888888888888888,-0.1625465452671051,18,23,0.6393783092498779,0.06964883237087634,-0.0034310153210753923,0.07198333740234375,0.1,0.0
0.29999998211860657,81920000,1.0,0.29999998211860657,0.29999998211860657,0.03787878787878788,0.29999998211860657,0.29999998211860657,0.9621212121212122,0.29999998211860657,0.29999998211860657,0.29999998211860657,1.5333636363636376,0.29999998211860657,0.29999998211860657,0.29999998211860657,0.29999998211860657,1.7121212121212122,1.498199757583905,0.29999998211860657,726.5139770507812,0.29999998211860657,7906,0.29999998211860657,0.8888888888888888,18,0.29999998211860657,0.29999998211860657,0.29999998211860657,0.29999998211860657,0.00810699462890625,0.29999998211860657,0.29999998211860657,0.29999998211860657,0.29999998211860657,10361,0.29999998211860657,0.29999998211860657,0.29999998211860657,974.55,625,30,0.29999998211860657,0.2,6240,1.0,0.30000001192092896,18,-5.374142646789551,127,1.0,0.8888888888888888,13,1.0,1e-05,0.0018797487,17,0.9411764705882353,-0.2251511961221695,19,17,0.6486968994140625,0.08166366085060872,-0.0035414842556747315,0.07645263671875,0.1,0.0
0.29999998211860657,82051072,1.0,0.29999998211860657,0.29999998211860657,0.03007518796992481,0.29999998211860657,0.29999998211860657,0.9699248120300752,0.29999998211860657,0.29999998211860657,0.29999998211860657,1.5149924812030087,0.29999998211860657,0.29999998211860657,0.29999998211860657,0.29999998211860657,1.781954887218045,1.5815593171285436,0.29999998211860657,725.7459106445312,0.29999998211860657,7906,0.29999998211860657,1.0,18,0.29999998211860657,0.29999998211860657,0.29999998211860657,0.29999998211860657,0.008158569335937501,0.29999998211860657,0.29999998211860657,0.29999998211860657,0.29999998211860657,10377,0.29999998211860657,0.29999998211860657,0.29999998211860657,974.88,626,26,0.29999998211860657,0.2,6250,1.0,0.30000001192092896,18,-5.374142646789551,129,0.7777777777777778,0.8888888888888888,22,1.0,1e-05,0.0017398489,23,1.0,-0.20200929045677185,17,9,0.6100673675537109,0.07192378424369963,-0.0033388176117568947,0.068341064453125,0.1,0.0
0.29999998211860657,82182144,1.0,0.29999998211860657,0.29999998211860657,0.037037037037037035,0.29999998211860657,0.29999998211860657,0.9629629629629629,0.29999998211860657,0.29999998211860657,0.29999998211860657,1.5020592592592603,0.29999998211860657,0.29999998211860657,0.29999998211860657,0.29999998211860657,1.9333333333333333,1.5572350618612567,0.29999998211860657,735.5398559570312,0.29999998211860657,7907,0.29999998211860657,0.9615384615384616,26,0.29999998211860657,0.29999998211860657,0.29999998211860657,0.29999998211860657,0.0079864501953125,0.29999998211860657,0.29999998211860657,0.29999998211860657,0.29999998211860657,10393,0.29999998211860657,0.29999998211860657,0.29999998211860657,989.28,627,24,0.29999998211860657,0.2,6260,1.0,0.30000001192092896,26,-5.374142646789551,130,0.8421052631578947,0.9615384615384616,19,1.0,1e-05,0.00178985,12,1.0,-0.22966954112052917,9,19,0.6256657838821411,0.05950157859333558,-0.003116705662705499,0.06815872192382813,0.1,0.0
0.29999998211860657,82313216,1.0,0.29999998211860657,0.29999998211860657,0.0234375,0.29999998211860657,0.29999998211860657,0.9765625,0.29999998211860657,0.29999998211860657,0.29999998211860657,1.5298437500000013,0.29999998211860657,0.29999998211860657,0.29999998211860657,0.29999998211860657,2.2109375,1.5946946262579635,0.29999998211860657,730.8441162109375,0.29999998211860657,7907,0.29999998211860657,1.0,14,0.29999998211860657,0.29999998211860657,0.29999998211860657,0.29999998211860657,0.00794219970703125,0.29999998211860657,0.29999998211860657,0.29999998211860657,0.29999998211860657,10409,0.29999998211860657,0.29999998211860657,0.29999998211860657,979.05,628,23,0.29999998211860657,0.2,6270,1.0,0.30000001192092896,19,-5.374142646789551,125,0.9583333333333334,0.9473684210526315,15,0.9090909090909091,1e-05,0.001838555,22,1.0,-0.23620319366455078,11,24,0.6448305249214172,0.06960491057980107,-0.0037366988864960147,0.07251663208007812,0.1,0.0
0.29999998211860657,82444288,1.0,0.29999998211860657,0.29999998211860657,0.04195804195804196,0.29999998211860657,0.29999998211860657,0.958041958041958,0.29999998211860657,0.29999998211860657,0.29999998211860657,1.523958041958043,0.29999998211860657,0.29999998211860657,0.29999998211860657,0.29999998211860657,1.8601398601398602,1.5272128743568094,0.29999998211860657,732.8348388671875,0.29999998211860657,7907,0.29999998211860657,0.9230769230769231,13,0.29999998211860657,0.29999998211860657,0.29999998211860657,0.29999998211860657,0.008150939941406251,0.29999998211860657,0.29999998211860657,0.29999998211860657,0.29999998211860657,10425,0.29999998211860657,0.29999998211860657,0.29999998211860657,988.3,629,30,0.29999998211860657,0.2,6280,0.96,0.30000001192092896,26,-5.374142646789551,137,0.9565217391304348,0.8846153846153846,25,1.0,1e-05,0.0017530144,15,1.0,-0.21624094247817993,11,23,0.651419997215271,0.07475428243342322,-0.0037384629067219064,0.06893081665039062,0.1,0.0
0.29999998211860657,82575360,0.9545454545454546,0.29999998211860657,0.29999998211860657,0.04878048780487805,0.29999998211860657,0.29999998211860657,0.9512195121951219,0.29999998211860657,0.29999998211860657,0.29999998211860657,1.5415447154471553,0.29999998211860657,0.29999998211860657,0.29999998211860657,0.29999998211860657,1.8943089430894309,1.584339689487423,0.29999998211860657,727.754638671875,0.29999998211860657,7908,0.29999998211860657,1.0,16,0.29999998211860657,0.29999998211860657,0.29999998211860657,0.29999998211860657,0.0082049560546875,0.29999998211860657,0.29999998211860657,0.29999998211860657,0.29999998211860657,10441,0.29999998211860657,0.29999998211860657,0.29999998211860657,979.09,630,22,0.29999998211860657,0.2,6290,1.0,0.30000001192092896,16,-5.374142646789551,117,0.9473684210526315,0.8125,14,1.0,1e-05,0.0018024126,17,0.9411764705882353,-0.1932210773229599,19,19,0.7485162019729614,0.07347968362446408,-0.003665712801966947,0.07262039184570312,0.1,0.0
0.29999998211860657,82706432,1.0,0.29999998211860657,0.29999998211860657,0.0625,0.29999998211860657,0.29999998211860657,0.9375,0.29999998211860657,0.29999998211860657,0.29999998211860657,1.5422222222222233,0.29999998211860657,0.29999998211860657,0.29999998211860657,0.29999998211860657,1.7152777777777777,1.5749205248511782,0.29999998211860657,729.0562744140625,0.29999998211860657,7908,0.29999998211860657,0.9285714285714286,14,0.29999998211860657,0.29999998211860657,0.29999998211860657,0.29999998211860657,0.00823699951171875,0.29999998211860657,0.29999998211860657,0.29999998211860657,0.29999998211860657,10457,0.29999998211860657,0.29999998211860657,0.29999998211860657,975.44,631,26,0.29999998211860657,0.2,6300,1.0,0.30000001192092896,20,-5.374142646789551,135,0.7727272727272727,0.95,17,0.9655172413793104,1e-05,0.0018402978,16,0.9375,-0.16260957717895508,29,22,0.7472214698791504,0.07320730215869845,-0.0035341883934052023,0.07547607421875,0.1,0.0
0.29999998211860657,82837504,1.0,0.29999998211860657,0.29999998211860657,0.03937007874015748,0.29999998211860657,0.29999998211860657,0.9606299212598425,0.29999998211860657,0.29999998211860657,0.29999998211860657,1.5196062992125998,0.29999998211860657,0.29999998211860657,0.29999998211860657,0.29999998211860657,1.795275590551181,1.4724491979368566,0.29999998211860657,731.0641479492188,0.29999998211860657,7909,0.29999998211860657,1.0,16,0.29999998211860657,0.29999998211860657,0.29999998211860657,0.29999998211860657,0.00826446533203125,0.29999998211860657,0.29999998211860657,0.29999998211860657,0.29999998211860657,10473,0.29999998211860657,0.29999998211860657,0.29999998211860657,982.43,632,33,0.29999998211860657,0.2,6310,1.0,0.30000001192092896,19,-5.374142646789551,122,0.8333333333333334,0.8947368421052632,20,1.0,1e-05,0.0018805349,16,1.0,-0.19034183025360107,5,18,0.6822017431259155,0.10483429707092,-0.00376272686635275,0.07729034423828125,0.1,0.0
0.29999998211860657,82968576,1.0,0.29999998211860657,0.29999998211860657,0.036231884057971016,0.29999998211860657,0.29999998211860657,0.9637681159420289,0.29999998211860657,0.29999998211860657,0.29999998211860657,1.5495797101449287,0.29999998211860657,0.29999998211860657,0.29999998211860657,0.29999998211860657,2.101449275362319,1.4895880569354965,0.29999998211860657,737.9071655273438,0.29999998211860657,7909,0.29999998211860657,0.8947368421052632,19,0.29999998211860657,0.29999998211860657,0.29999998211860657,0.29999998211860657,0.00811676025390625,0.29999998211860657,0.29999998211860657,0.29999998211860657,0.29999998211860657,10489,0.29999998211860657,0.29999998211860657,0.29999998211860657,986.96,633,26,0.29999998211860657,0.2,6320,1.0,0.30000001192092896,26,-5.374142646789551,133,0.9444444444444444,0.9230769230769231,13,1.0,1e-05,0.001881799,23,1.0,-0.21689662337303162,13,18,0.7014839053153992,0.06332685952802422,-0.003514333116072521,0.07529678344726562,0.1,0.0
0.29999998211860657,83099648,1.0,0.29999998211860657,0.29999998211860657,0.06923076923076923,0.29999998211860657,0.29999998211860657,0.9307692307692308,0.29999998211860657,0.29999998211860657,0.29999998211860657,1.5638923076923088,0.29999998211860657,0.29999998211860657,0.29999998211860657,0.29999998211860657,2.1153846153846154,1.5997673108681554,0.29999998211860657,732.8353271484375,0.29999998211860657,7910,0.29999998211860657,0.96,25,0.29999998211860657,0.29999998211860657,0.29999998211860657,0.29999998211860657,0.0084210205078125,0.29999998211860657,0.29999998211860657,0.29999998211860657,0.29999998211860657,10505,0.29999998211860657,0.29999998211860657,0.29999998211860657,982.66,634,16,0.29999998211860657,0.2,6330,1.0,0.30000001192092896,17,-5.374142646789551,121,0.8181818181818182,0.7058823529411765,21,1.0,1e-05,0.0018569543,25,0.96,-0.13085195422172546,15,11,0.6770366430282593,0.08049429836537456,-0.0035392793158735003,0.07454376220703125,0.1,0.0
0.29999998211860657,83230720,1.0,0.29999998211860657,0.29999998211860657,0.021739130434782608,0.29999998211860657,0.29999998211860657,0.9782608695652174,0.29999998211860657,0.29999998211860657,0.29999998211860657,1.5294492753623203,0.29999998211860657,0.29999998211860657,0.29999998211860657,0.29999998211860657,1.9855072463768115,1.5433033589307528,0.29999998211860657,733.64306640625,0.29999998211860657,7910,0.29999998211860657,0.9473684210526315,19,0.29999998211860657,0.29999998211860657,0.29999998211860657,0.29999998211860657,0.008310546874999998,0.29999998211860657,0.29999998211860657,0.29999998211860657,0.29999998211860657,10521,0.29999998211860657,0.29999998211860657,0.29999998211860657,986.91,635,27,0.29999998211860657,0.2,6340,1.0,0.30000001192092896,15,-5.374142646789551,135,0.9,1.0,13,1.0,1e-05,0.0018679562,25,1.0,-0.1275756061077118,19,20,0.6892246007919312,0.10263217156461905,-0.003714928585213784,0.0763275146484375,0.1,0.0
0.29999998211860657,83361792,0.9722222222222222,0.29999998211860657,0.29999998211860657,0.046511627906976744,0.29999998211860657,0.29999998211860657,0.9534883720930233,0.29999998211860657,0.29999998211860657,0.29999998211860657,1.5609612403100785,0.29999998211860657,0.29999998211860657,0.29999998211860657,0.29999998211860657,1.6434108527131783,1.4586953550518917,0.29999998211860657,728.3959350585938,0.29999998211860657,7911,0.29999998211860657,0.9166666666666666,12,0.29999998211860657,0.29999998211860657,0.29999998211860657,0.29999998211860657,0.00841278076171875,0.29999998211860657,0.29999998211860657,0.29999998211860657,0.29999998211860657,10537,0.29999998211860657,0.29999998211860657,0.29999998211860657,974.8,636,36,0.29999998211860657,0.2,6350,1.0,0.30000001192092896,17,-5.374142646789551,123,1.0,0.8823529411764706,14,0.9333333333333333,1e-05,0.0017086895,19,0.9473684210526315,-0.2170589566230774,15,16,0.7123924493789673,0.05308531661721645,-0.003332683270127745,0.06445465087890626,0.1,0.0
0.29999998211860657,83492864,1.0,0.29999998211860657,0.29999998211860657,0.04411764705882353,0.29999998211860657,0.29999998211860657,0.9558823529411765,0.29999998211860657,0.29999998211860657,0.29999998211860657,1.5439411764705895,0.29999998211860657,0.29999998211860657,0.29999998211860657,0.29999998211860657,1.8161764705882353,1.4024825467182571,0.29999998211860657,741.2713012695312,0.29999998211860657,7911,0.29999998211860657,0.9333333333333333,15,0.29999998211860657,0.29999998211860657,0.29999998211860657,0.29999998211860657,0.008372192382812501,0.29999998211860657,0.29999998211860657,0.29999998211860657,0.29999998211860657,10553,0.29999998211860657,0.29999998211860657,0.29999998211860657,985.07,637,31,0.29999998211860657,0.2,6360,1.0,0.30000001192092896,19,-5.374142646789551,130,0.9285714285714286,0.8947368421052632,20,0.9285714285714286,1e-05,0.00183126,23,0.9565217391304348,-0.15460127592086792,14,14,0.7291222810745239,0.07499370832374552,-0.003077836817737989,0.07041854858398437,0.1,0.0
0.29999998211860657,83623936,1.0,0.29999998211860657,0.29999998211860657,0.022727272727272728,0.29999998211860657,0.29999998211860657,0.9772727272727273,0.29999998211860657,0.29999998211860657,0.29999998211860657,1.544969696969698,0.29999998211860657,0.29999998211860657,0.29999998211860657,0.29999998211860657,1.871212121212121,1.6023917221768291,0.29999998211860657,729.3033447265625,0.29999998211860657,7911,0.29999998211860657,1.0,17,0.29999998211860657,0.29999998211860657,0.29999998211860657,0.29999998211860657,0.008302307128906249,0.29999998211860657,0.29999998211860657,0.29999998211860657,0.29999998211860657,10569,0.29999998211860657,0.29999998211860657,0.29999998211860657,979.36,638,22,0.29999998211860657,0.2,6370,1.0,0.30000001192092896,22,-5.374142646789551,129,0.9375,0.9545454545454546,20,1.0,1e-05,0.0017712663,17,0.9411764705882353,-0.20616742968559265,18,16,0.653592050075531,0.09322107432963093,-0.0035383050639211434,0.07018051147460938,0.1,0.0
0.29999998211860657,83755008,1.0,0.29999998211860657,0.29999998211860657,0.051094890510948905,0.29999998211860657,0.29999998211860657,0.948905109489051,0.29999998211860657,0.29999998211860657,0.29999998211860657,1.5477518248175195,0.29999998211860657,0.29999998211860657,0.29999998211860657,0.29999998211860657,1.9562043795620438,1.4143108874584716,0.29999998211860657,739.3929443359375,0.29999998211860657,7912,0.29999998211860657,1.0,19,0.29999998211860657,0.29999998211860657,0.29999998211860657,0.29999998211860657,0.008233032226562501,0.29999998211860657,0.29999998211860657,0.29999998211860657,0.29999998211860657,10585,0.29999998211860657,0.29999998211860657,0.29999998211860657,990.82,639,28,0.29999998211860657,0.2,6380,1.0,0.30000001192092896,20,-5.374142646789551,130,0.8636363636363636,0.85,15,0.9285714285714286,1e-05,0.0018301689,19,1.0,-0.23681414127349854,14,22,0.7026588916778564,0.059334888523153495,-0.0035927711540352904,0.07437591552734375,0.1,0.0
0.29999998211860657,83886080,0.967741935483871,0.29999998211860657,0.29999998211860657,0.05343511450381679,0.29999998211860657,0.29999998211860657,0.9465648854961832,0.29999998211860657,0.29999998211860657,0.29999998211860657,1.5560000000000012,0.29999998211860657,0.29999998211860657,0.29999998211860657,0.29999998211860657,1.8091603053435115,1.542253284112549,0.29999998211860657,724.542236328125,0.29999998211860657,7912,0.29999998211860657,0.8947368421052632,19,0.29999998211860657,0.29999998211860657,0.29999998211860657,0.29999998211860657,0.008372802734375,0.29999998211860657,0.29999998211860657,0.29999998211860657,0.29999998211860657,10601,0.29999998211860657,0.29999998211860657,0.29999998211860657,972.05,640,31,0.29999998211860657,0.2,6390,1.0,0.30000001192092896,15,-5.374142646789551,124,0.9047619047619048,1.0,16,1.0,1e-05,0.001858497,17,0.8823529411764706,-0.21427534520626068,12,21,0.7321968078613281,0.0769446348422207,-0.003559077984482428,0.07290725708007813,0.1,0.0
0.29999998211860657,84017152,1.0,0.29999998211860657,0.29999998211860657,0.03816793893129771,0.29999998211860657,0.29999998211860657,0.9618320610687023,0.29999998211860657,0.29999998211860657,0.29999998211860657,1.560366412213742,0.29999998211860657,0.29999998211860657,0.29999998211860657,0.29999998211860657,1.8625954198473282,1.6445143884635254,0.29999998211860657,741.670654296875,0.29999998211860657,7913,0.29999998211860657,0.9375,16,0.29999998211860657,0.29999998211860657,0.29999998211860657,0.29999998211860657,0.00867919921875,0.29999998211860657,0.29999998211860657,0.29999998211860657,0.29999998211860657,10617,0.29999998211860657,0.29999998211860657,0.29999998211860657,991.91,641,24,0.29999998211860657,0.2,6400,1.0,0.30000001192092896,22,-5.374142646789551,126,0.9444444444444444,0.9090909090909091,13,0.9523809523809523,1e-05,0.0018862495,17,1.0,-0.18873777985572815,21,18,0.6140624284744263,0.1010107486814377,-0.003505519370355614,0.0766510009765625,0.1,0.0
0.29999998211860657,84148224,1.0,0.29999998211860657,0.29999998211860657,0.05925925925925926,0.29999998211860657,0.29999998211860657,0.9407407407407408,0.29999998211860657,0.29999998211860657,0.29999998211860657,1.568266666666668,0.29999998211860657,0.29999998211860657,0.29999998211860657,0.29999998211860657,1.8,1.3866493180530777,0.29999998211860657,730.967529296875,0.29999998211860657,7913,0.29999998211860657,0.9473684210526315,19,0.29999998211860657,0.29999998211860657,0.29999998211860657,0.29999998211860657,0.008485717773437502,0.29999998211860657,0.29999998211860657,0.29999998211860657,0.29999998211860657,10633,0.29999998211860657,0.29999998211860657,0.29999998211860657,983.48,642,31,0.29999998211860657,0.2,6410,1.0,0.30000001192092896,15,-5.374142646789551,127,0.8,0.8666666666666667,16,1.0,1e-05,0.0016628506,19,0.9473684210526315,-0.198046013712883,15,20,0.720200777053833,0.06660209192341426,-0.0033909510983448853,0.06317138671875,0.1,0.0
0.29999998211860657,84279296,1.0,0.29999998211860657,0.29999998211860657,0.015625,0.29999998211860657,0.29999998211860657,0.984375,0.29999998211860657,0.29999998211860657,0.29999998211860657,1.5457656250000011,0.29999998211860657,0.29999998211860657,0.29999998211860657,0.29999998211860657,2.1640625,1.7191936068965843,0.29999998211860657,742.1318969726562,0.29999998211860657,7913,0.29999998211860657,0.8888888888888888,18,0.29999998211860657,0.29999998211860657,0.29999998211860657,0.29999998211860657,0.008618469238281249,0.29999998211860657,0.29999998211860657,0.29999998211860657,0.29999998211860657,10649,0.29999998211860657,0.29999998211860657,0.29999998211860657,996.92,643,18,0.29999998211860657,0.2,6420,1.0,0.30000001192092896,30,-5.374142646789551,126,1.0,1.0,16,1.0,1e-05,0.0018862202,13,1.0,-0.10136778652667999,11,22,0.6865915060043335,0.10336469152825885,-0.0038787279515418048,0.07838516235351563,0.1,0.0
0.29999998211860657,84410368,1.0,0.29999998211860657,0.29999998211860657,0.014388489208633094,0.29999998211860657,0.29999998211860657,0.9856115107913669,0.29999998211860657,0.29999998211860657,0.29999998211860657,1.556633093525181,0.29999998211860657,0.29999998211860657,0.29999998211860657,0.29999998211860657,2.014388489208633,1.5873193766949152,0.29999998211860657,742.8947143554688,0.29999998211860657,7914,0.29999998211860657,0.95,20,0.29999998211860657,0.29999998211860657,0.29999998211860657,0.29999998211860657,0.0085577392578125,0.29999998211860657,0.29999998211860657,0.29999998211860657,0.29999998211860657,10665,0.29999998211860657,0.29999998211860657,0.29999998211860657,993.87,644,21,0.29999998211860657,0.2,6430,1.0,0.30000001192092896,19,-5.374142646789551,137,0.9523809523809523,1.0,20,1.0,1e-05,0.0017615726,20,1.0,-0.20366311073303223,18,21,0.5868576169013977,0.05279177232296206,-0.0031284682759178395,0.06601715087890625,0.1,0.0
0.29999998211860657,84541440,1.0,0.29999998211860657,0.29999998211860657,0.03937007874015748,0.29999998211860657,0.29999998211860657,0.9606299212598425,0.29999998211860657,0.29999998211860657,0.29999998211860657,1.5548976377952766,0.29999998211860657,0.29999998211860657,0.29999998211860657,0.29999998211860657,1.795275590551181,1.5502894279200519,0.29999998211860657,737.149169921875,0.29999998211860657,7914,0.29999998211860657,0.9,20,0.29999998211860657,0.29999998211860657,0.29999998211860657,0.29999998211860657,0.00860260009765625,0.29999998211860657,0.29999998211860657,0.29999998211860657,0.29999998211860657,10681,0.29999998211860657,0.29999998211860657,0.29999998211860657,985.66,645,22,0.29999998211860657,0.2,6440,1.0,0.30000001192092896,16,-5.374142646789551,122,0.9411764705882353,0.9375,14,0.9545454545454546,1e-05,0.0017383667,16,1.0,-0.23614396154880524,22,17,0.7288656830787659,0.048476331371057314,-0.003407847048674739,0.067901611328125,0.1,0.0
0.29999998211860657,84672512,1.0,0.29999998211860657,0.29999998211860657,0.028368794326241134,0.29999998211860657,0.29999998211860657,0.9716312056737588,0.29999998211860657,0.29999998211860657,0.29999998211860657,1.55208510638298,0.29999998211860657,0.29999998211860657,0.29999998211860657,0.29999998211860657,1.801418439716312,1.5049172400728723,0.29999998211860657,729.733154296875,0.29999998211860657,7915,0.29999998211860657,0.9473684210526315,19,0.29999998211860657,0.29999998211860657,0.29999998211860657,0.29999998211860657,0.0087213134765625,0.29999998211860657,0.29999998211860657,0.29999998211860657,0.29999998211860657,10697,0.29999998211860657,0.29999998211860657,0.29999998211860657,981.11,646,30,0.29999998211860657,0.2,6450,0.9333333333333333,0.30000001192092896,20,-5.374142646789551,137,0.9583333333333334,0.95,15,1.0,1e-05,0.0018309476,15,1.0,-0.23045280575752258,18,24,0.6549614071846008,0.06111949012702098,-0.0032528225660826138,0.07437591552734375,0.1,0.0
0.29999998211860657,84803584,1.0,0.29999998211860657,0.29999998211860657,0.048,0.29999998211860657,0.29999998211860657,0.952,0.29999998211860657,0.29999998211860657,0.29999998211860657,1.5818080000000014,0.29999998211860657,0.29999998211860657,0.29999998211860657,0.29999998211860657,1.6,1.542282998397684,0.29999998211860657,727.34765625,0.29999998211860657,7915,0.29999998211860657,1.0,9,0.29999998211860657,0.29999998211860657,0.29999998211860657,0.29999998211860657,0.008534545898437499,0.29999998211860657,0.29999998211860657,0.29999998211860657,0.29999998211860657,10713,0.29999998211860657,0.29999998211860657,0.29999998211860657,976.53,647,27,0.29999998211860657,0.2,6460,0.9411764705882353,0.30000001192092896,17,-5.374142646789551,119,1.0,0.8823529411764706,17,0.9583333333333334,1e-05,0.0017733434,17,0.8823529411764706,-0.2074011266231537,24,14,0.6539378762245178,0.06886423816904426,-0.003906139708487899,0.07047576904296875,0.1,0.0
0.29999998211860657,84934656,1.0,0.29999998211860657,0.29999998211860657,0.04225352112676056,0.29999998211860657,0.29999998211860657,0.9577464788732394,0.29999998211860657,0.29999998211860657,0.29999998211860657,1.563154929577466,0.29999998211860657,0.29999998211860657,0.29999998211860657,0.29999998211860657,1.7183098591549295,1.5041715560212436,0.29999998211860657,737.1239013671875,0.29999998211860657,7915,0.29999998211860657,0.9047619047619048,21,0.29999998211860657,0.29999998211860657,0.29999998211860657,0.29999998211860657,0.008707580566406251,0.29999998211860657,0.29999998211860657,0.29999998211860657,0.29999998211860657,10729,0.29999998211860657,0.29999998211860657,0.29999998211860657,981.17,648,25,0.29999998211860657,0.2,6470,1.0,0.30000001192092896,17,-5.374142646789551,136,1.0,0.7647058823529411,19,1.0,1e-05,0.0017236057,21,1.0,-0.22237025201320648,26,13,0.7315133213996887,0.08055035219731507,-0.0035490475401275035,0.06785507202148437,0.1,0.0
0.29999998211860657,85065728,1.0,0.29999998211860657,0.29999998211860657,0.05511811023622047,0.29999998211860657,0.29999998211860657,0.9448818897637795,0.29999998211860657,0.29999998211860657,0.29999998211860657,1.5855748031496075,0.29999998211860657,0.29999998211860657,0.29999998211860657,0.29999998211860657,1.8661417322834646,1.5400575678794493,0.29999998211860657,741.0320434570312,0.29999998211860657,7916,0.29999998211860657,0.85,20,0.29999998211860657,0.29999998211860657,0.29999998211860657,0.29999998211860657,0.008886718750000001,0.29999998211860657,0.29999998211860657,0.29999998211860657,0.29999998211860657,10745,0.29999998211860657,0.29999998211860657,0.29999998211860657,990.6,649,26,0.29999998211860657,0.2,6480,1.0,0.30000001192092896,16,-5.374142646789551,120,0.8823529411764706,0.875,17,1.0,1e-05,0.0018631383,18,1.0,-0.24034714698791504,13,17,0.6571536660194397,0.08655564320506529,-0.0036480668347394383,0.07552261352539062,0.1,0.0
