Logging to data/tb_logs/20260803_213215
INFO:root:Experiment: quadruped_ppo_experiment
INFO:root:Using EnvPool for environment Humanoid-v4 with 256 envs. Seed: 0
Using GPU: False
initHardware(SIM): Initializing hardware components...
[0;33m[WW] ModuleManager: CHANGING UPDATE PERIOD: ![0m
initHardware(SIM): Initializing hardware components...
[0;33m[WW] ModuleManager: CHANGING UPDATE PERIOD: ![0m
initHardware(SIM): Initializing hardware components...
[0;33m[WW] ModuleManager: CHANGING UPDATE PERIOD: ![0m
initHardware(SIM): Initializing hardware components...
[0;33m[WW] ModuleManager: CHANGING UPDATE PERIOD: ![0m
initHardware(SIM): Initializing hardware components...
[0;33m[WW] ModuleManager: CHANGING UPDATE PERIOD: ![0m
initHardware(SIM): Initializing hardware components...
[0;33m[WW] ModuleManager: CHANGING UPDATE PERIOD: ![0m
initHardware(SIM): Initializing hardware components...
[0;33m[WW] ModuleManager: CHANGING UPDATE PERIOD: ![0m
initHardware(SIM): Initializing hardware components...
[0;33m[WW] ModuleManager: CHANGING UPDATE PERIOD: ![0m
initHardware(SIM): Initializing hardware components...
[0;33m[WW] ModuleManager: CHANGING UPDATE PERIOD: ![0m
initHardware(SIM): Initializing hardware components...
[0;33m[WW] ModuleManager: CHANGING UPDATE PERIOD: ![0m
initHardware(SIM): Initializing hardware components...
[0;33m[WW] ModuleManager: CHANGING UPDATE PERIOD: ![0m
initHardware(SIM): Initializing hardware components...
[0;33m[WW] ModuleManager: CHANGING UPDATE PERIOD: ![0m
initHardware(SIM): Initializing hardware components...
[0;33m[WW] ModuleManager: CHANGING UPDATE PERIOD: ![0m
initHardware(SIM): Initializing hardware components...
[0;33m[WW] ModuleManager: CHANGING UPDATE PERIOD: ![0m
initHardware(SIM): Initializing hardware components...
[0;33m[WW] ModuleManager: CHANGING UPDATE PERIOD: ![0m
initHardware(SIM): Initializing hardware components...
[0;33m[WW] ModuleManager: CHANGING UPDATE PERIOD: ![0m
initHardware(SIM): Initializing hardware components...
[0;33m[WW] ModuleManager: CHANGING UPDATE PERIOD: ![0m
initHardware(SIM): Initializing hardware components...
[0;33m[WW] ModuleManager: CHANGING UPDATE PERIOD: ![0m
initHardware(SIM): Initializing hardware components...
[0;33m[WW] ModuleManager: CHANGING UPDATE PERIOD: ![0m
initHardware(SIM): Initializing hardware components...
[0;33m[WW] ModuleManager: CHANGING UPDATE PERIOD: ![0m
initHardware(SIM): Initializing hardware components...
[0;33m[WW] ModuleManager: CHANGING UPDATE PERIOD: ![0m
initHardware(SIM): Initializing hardware components...
[0;33m[WW] ModuleManager: CHANGING UPDATE PERIOD: ![0m
initHardware(SIM): Initializing hardware components...
[0;33m[WW] ModuleManager: CHANGING UPDATE PERIOD: ![0m
initHardware(SIM): Initializing hardware components...
[0;33m[WW] ModuleManager: CHANGING UPDATE PERIOD: ![0m
initHardware(SIM): Initializing hardware components...
[0;33m[WW] ModuleManager: CHANGING UPDATE PERIOD: ![0m
initHardware(SIM): Initializing hardware components...
[0;33m[WW] ModuleManager: CHANGING UPDATE PERIOD: ![0m
initHardware(SIM): Initializing hardware components...
[0;33m[WW] ModuleManager: CHANGING UPDATE PERIOD: ![0m
initHardware(SIM): Initializing hardware components...
[0;33m[WW] ModuleManager: CHANGING UPDATE PERIOD: ![0m
initHardware(SIM): Initializing hardware components...
[0;33m[WW] ModuleManager: CHANGING UPDATE PERIOD: ![0m
initHardware(SIM): Initializing hardware components...
[0;33m[WW] ModuleManager: CHANGING UPDATE PERIOD: ![0m
initHardware(SIM): Initializing hardware components...
[0;33m[WW] ModuleManager: CHANGING UPDATE PERIOD: ![0m
initHardware(SIM): Initializing hardware components...
[0;33m[WW] ModuleManager: CHANGING UPDATE PERIOD: ![0m
initHardware(SIM): Initializing hardware components...
[0;33m[WW] ModuleManager: CHANGING UPDATE PERIOD: ![0m
initHardware(SIM): Initializing hardware components...
[0;33m[WW] ModuleManager: CHANGING UPDATE PERIOD: ![0m
initHardware(SIM): Initializing hardware components...
[0;33m[WW] ModuleManager: CHANGING UPDATE PERIOD: ![0m
initHardware(SIM): Initializing hardware components...
[0;33m[WW] ModuleManager: CHANGING UPDATE PERIOD: ![0m
initHardware(SIM): Initializing hardware components...
[0;33m[WW] ModuleManager: CHANGING UPDATE PERIOD: ![0m
initHardware(SIM): Initializing hardware components...
[0;33m[WW] ModuleManager: CHANGING UPDATE PERIOD: ![0m
initHardware(SIM): Initializing hardware components...
[0;33m[WW] ModuleManager: CHANGING UPDATE PERIOD: ![0m
initHardware(SIM): Initializing hardware components...
[0;33m[WW] ModuleManager: CHANGING UPDATE PERIOD: ![0m
initHardware(SIM): Initializing hardware components...
[0;33m[WW] ModuleManager: CHANGING UPDATE PERIOD: ![0m
initHardware(SIM): Initializing hardware components...
[0;33m[WW] ModuleManager: CHANGING UPDATE PERIOD: ![0m
initHardware(SIM): Initializing hardware components...
[0;33m[WW] ModuleManager: CHANGING UPDATE PERIOD: ![0m
initHardware(SIM): Initializing hardware components...
[0;33m[WW] ModuleManager: CHANGING UPDATE PERIOD: ![0m
initHardware(SIM): Initializing hardware components...
[0;33m[WW] ModuleManager: CHANGING UPDATE PERIOD: ![0m
initHardware(SIM): Initializing hardware components...
[0;33m[WW] ModuleManager: CHANGING UPDATE PERIOD: ![0m
initHardware(SIM): Initializing hardware components...
[0;33m[WW] ModuleManager: CHANGING UPDATE PERIOD: ![0m
initHardware(SIM): Initializing hardware components...
[0;33m[WW] ModuleManager: CHANGING UPDATE PERIOD: ![0m
initHardware(SIM): Initializing hardware components...
[0;33m[WW] ModuleManager: CHANGING UPDATE PERIOD: ![0m
initHardware(SIM): Initializing hardware components...
[0;33m[WW] ModuleManager: CHANGING UPDATE PERIOD: ![0m
initHardware(SIM): Initializing hardware components...
[0;33m[WW] ModuleManager: CHANGING UPDATE PERIOD: ![0m
initHardware(SIM): Initializing hardware components...
[0;33m[WW] ModuleManager: CHANGING UPDATE PERIOD: ![0m
initHardware(SIM): Initializing hardware components...
[0;33m[WW] ModuleManager: CHANGING UPDATE PERIOD: ![0m
initHardware(SIM): Initializing hardware components...
[0;33m[WW] ModuleManager: CHANGING UPDATE PERIOD: ![0m
initHardware(SIM): Initializing hardware components...
[0;33m[WW] ModuleManager: CHANGING UPDATE PERIOD: ![0m
initHardware(SIM): Initializing hardware components...
[0;33m[WW] ModuleManager: CHANGING UPDATE PERIOD: ![0m
initHardware(SIM): Initializing hardware components...
[0;33m[WW] ModuleManager: CHANGING UPDATE PERIOD: ![0m
initHardware(SIM): Initializing hardware components...
[0;33m[WW] ModuleManager: CHANGING UPDATE PERIOD: ![0m
initHardware(SIM): Initializing hardware components...
[0;33m[WW] ModuleManager: CHANGING UPDATE PERIOD: ![0m
initHardware(SIM): Initializing hardware components...
[0;33m[WW] ModuleManager: CHANGING UPDATE PERIOD: ![0m
initHardware(SIM): Initializing hardware components...
[0;33m[WW] ModuleManager: CHANGING UPDATE PERIOD: ![0m
initHardware(SIM): Initializing hardware components...
[0;33m[WW] ModuleManager: CHANGING UPDATE PERIOD: ![0m
initHardware(SIM): Initializing hardware components...
[0;33m[WW] ModuleManager: CHANGING UPDATE PERIOD: ![0m
initHardware(SIM): Initializing hardware components...
[0;33m[WW] ModuleManager: CHANGING UPDATE PERIOD: ![0m
initHardware(SIM): Initializing hardware components...
[0;33m[WW] ModuleManager: CHANGING UPDATE PERIOD: ![0m
initHardware(SIM): Initializing hardware components...
[0;33m[WW] ModuleManager: CHANGING UPDATE PERIOD: ![0m
initHardware(SIM): Initializing hardware components...
[0;33m[WW] ModuleManager: CHANGING UPDATE PERIOD: ![0m
initHardware(SIM): Initializing hardware components...
[0;33m[WW] ModuleManager: CHANGING UPDATE PERIOD: ![0m
initHardware(SIM): Initializing hardware components...
[0;33m[WW] ModuleManager: CHANGING UPDATE PERIOD: ![0m
initHardware(SIM): Initializing hardware components...
[0;33m[WW] ModuleManager: CHANGING UPDATE PERIOD: ![0m
initHardware(SIM): Initializing hardware components...
[0;33m[WW] ModuleManager: CHANGING UPDATE PERIOD: ![0m
initHardware(SIM): Initializing hardware components...
[0;33m[WW] ModuleManager: CHANGING UPDATE PERIOD: ![0m
initHardware(SIM): Initializing hardware components...
[0;33m[WW] ModuleManager: CHANGING UPDATE PERIOD: ![0m
initHardware(SIM): Initializing hardware components...
[0;33m[WW] ModuleManager: CHANGING UPDATE PERIOD: ![0m
initHardware(SIM): Initializing hardware components...
[0;33m[WW] ModuleManager: CHANGING UPDATE PERIOD: ![0m
initHardware(SIM): Initializing hardware components...
[0;33m[WW] ModuleManager: CHANGING UPDATE PERIOD: ![0m
initHardware(SIM): Initializing hardware components...
[0;33m[WW] ModuleManager: CHANGING UPDATE PERIOD: ![0m
initHardware(SIM): Initializing hardware components...
[0;33m[WW] ModuleManager: CHANGING UPDATE PERIOD: ![0m
initHardware(SIM): Initializing hardware components...
[0;33m[WW] ModuleManager: CHANGING UPDATE PERIOD: ![0m
initHardware(SIM): Initializing hardware components...
[0;33m[WW] ModuleManager: CHANGING UPDATE PERIOD: ![0m
initHardware(SIM): Initializing hardware components...
[0;33m[WW] ModuleManager: CHANGING UPDATE PERIOD: ![0m
initHardware(SIM): Initializing hardware components...
[0;33m[WW] ModuleManager: CHANGING UPDATE PERIOD: ![0m
initHardware(SIM): Initializing hardware components...
[0;33m[WW] ModuleManager: CHANGING UPDATE PERIOD: ![0m
initHardware(SIM): Initializing hardware components...
[0;33m[WW] ModuleManager: CHANGING UPDATE PERIOD: ![0m
initHardware(SIM): Initializing hardware components...
[0;33m[WW] ModuleManager: CHANGING UPDATE PERIOD: ![0m
initHardware(SIM): Initializing hardware components...
[0;33m[WW] ModuleManager: CHANGING UPDATE PERIOD: ![0m
initHardware(SIM): Initializing hardware components...
[0;33m[WW] ModuleManager: CHANGING UPDATE PERIOD: ![0m
initHardware(SIM): Initializing hardware components...
[0;33m[WW] ModuleManager: CHANGING UPDATE PERIOD: ![0m
initHardware(SIM): Initializing hardware components...
[0;33m[WW] ModuleManager: CHANGING UPDATE PERIOD: ![0m
initHardware(SIM): Initializing hardware components...
[0;33m[WW] ModuleManager: CHANGING UPDATE PERIOD: ![0m
initHardware(SIM): Initializing hardware components...
[0;33m[WW] ModuleManager: CHANGING UPDATE PERIOD: ![0m
initHardware(SIM): Initializing hardware components...
[0;33m[WW] ModuleManager: CHANGING UPDATE PERIOD: ![0m
initHardware(SIM): Initializing hardware components...
[0;33m[WW] ModuleManager: CHANGING UPDATE PERIOD: ![0m
initHardware(SIM): Initializing hardware components...
[0;33m[WW] ModuleManager: CHANGING UPDATE PERIOD: ![0m
initHardware(SIM): Initializing hardware components...
[0;33m[WW] ModuleManager: CHANGING UPDATE PERIOD: ![0m
initHardware(SIM): Initializing hardware components...
[0;33m[WW] ModuleManager: CHANGING UPDATE PERIOD: ![0m
initHardware(SIM): Initializing hardware components...
[0;33m[WW] ModuleManager: CHANGING UPDATE PERIOD: ![0m
initHardware(SIM): Initializing hardware components...
[0;33m[WW] ModuleManager: CHANGING UPDATE PERIOD: ![0m
initHardware(SIM): Initializing hardware components...
[0;33m[WW] ModuleManager: CHANGING UPDATE PERIOD: ![0m
initHardware(SIM): Initializing hardware components...
[0;33m[WW] ModuleManager: CHANGING UPDATE PERIOD: ![0m
initHardware(SIM): Initializing hardware components...
[0;33m[WW] ModuleManager: CHANGING UPDATE PERIOD: ![0m
initHardware(SIM): Initializing hardware components...
[0;33m[WW] ModuleManager: CHANGING UPDATE PERIOD: ![0m
initHardware(SIM): Initializing hardware components...
[0;33m[WW] ModuleManager: CHANGING UPDATE PERIOD: ![0m
initHardware(SIM): Initializing hardware components...
[0;33m[WW] ModuleManager: CHANGING UPDATE PERIOD: ![0m
initHardware(SIM): Initializing hardware components...
[0;33m[WW] ModuleManager: CHANGING UPDATE PERIOD: ![0m
initHardware(SIM): Initializing hardware components...
[0;33m[WW] ModuleManager: CHANGING UPDATE PERIOD: ![0m
initHardware(SIM): Initializing hardware components...
[0;33m[WW] ModuleManager: CHANGING UPDATE PERIOD: ![0m
initHardware(SIM): Initializing hardware components...
[0;33m[WW] ModuleManager: CHANGING UPDATE PERIOD: ![0m
initHardware(SIM): Initializing hardware components...
[0;33m[WW] ModuleManager: CHANGING UPDATE PERIOD: ![0m
initHardware(SIM): Initializing hardware components...
[0;33m[WW] ModuleManager: CHANGING UPDATE PERIOD: ![0m
initHardware(SIM): Initializing hardware components...
[0;33m[WW] ModuleManager: CHANGING UPDATE PERIOD: ![0m
initHardware(SIM): Initializing hardware components...
[0;33m[WW] ModuleManager: CHANGING UPDATE PERIOD: ![0m
initHardware(SIM): Initializing hardware components...
[0;33m[WW] ModuleManager: CHANGING UPDATE PERIOD: ![0m
initHardware(SIM): Initializing hardware components...
[0;33m[WW] ModuleManager: CHANGING UPDATE PERIOD: ![0m
initHardware(SIM): Initializing hardware components...
[0;33m[WW] ModuleManager: CHANGING UPDATE PERIOD: ![0m
initHardware(SIM): Initializing hardware components...
[0;33m[WW] ModuleManager: CHANGING UPDATE PERIOD: ![0m
initHardware(SIM): Initializing hardware components...
[0;33m[WW] ModuleManager: CHANGING UPDATE PERIOD: ![0m
initHardware(SIM): Initializing hardware components...
[0;33m[WW] ModuleManager: CHANGING UPDATE PERIOD: ![0m
initHardware(SIM): Initializing hardware components...
[0;33m[WW] ModuleManager: CHANGING UPDATE PERIOD: ![0m
initHardware(SIM): Initializing hardware components...
[0;33m[WW] ModuleManager: CHANGING UPDATE PERIOD: ![0m
initHardware(SIM): Initializing hardware components...
[0;33m[WW] ModuleManager: CHANGING UPDATE PERIOD: ![0m
initHardware(SIM): Initializing hardware components...
[0;33m[WW] ModuleManager: CHANGING UPDATE PERIOD: ![0m
initHardware(SIM): Initializing hardware components...
[0;33m[WW] ModuleManager: CHANGING UPDATE PERIOD: ![0m
initHardware(SIM): Initializing hardware components...
[0;33m[WW] ModuleManager: CHANGING UPDATE PERIOD: ![0m
initHardware(SIM): Initializing hardware components...
[0;33m[WW] ModuleManager: CHANGING UPDATE PERIOD: ![0m
initHardware(SIM): Initializing hardware components...
[0;33m[WW] ModuleManager: CHANGING UPDATE PERIOD: ![0m
initHardware(SIM): Initializing hardware components...
[0;33m[WW] ModuleManager: CHANGING UPDATE PERIOD: ![0m
initHardware(SIM): Initializing hardware components...
[0;33m[WW] ModuleManager: CHANGING UPDATE PERIOD: ![0m
initHardware(SIM): Initializing hardware components...
[0;33m[WW] ModuleManager: CHANGING UPDATE PERIOD: ![0m
initHardware(SIM): Initializing hardware components...
[0;33m[WW] ModuleManager: CHANGING UPDATE PERIOD: ![0m
initHardware(SIM): Initializing hardware components...
[0;33m[WW] ModuleManager: CHANGING UPDATE PERIOD: ![0m
initHardware(SIM): Initializing hardware components...
[0;33m[WW] ModuleManager: CHANGING UPDATE PERIOD: ![0m
initHardware(SIM): Initializing hardware components...
[0;33m[WW] ModuleManager: CHANGING UPDATE PERIOD: ![0m
initHardware(SIM): Initializing hardware components...
[0;33m[WW] ModuleManager: CHANGING UPDATE PERIOD: ![0m
initHardware(SIM): Initializing hardware components...
[0;33m[WW] ModuleManager: CHANGING UPDATE PERIOD: ![0m
initHardware(SIM): Initializing hardware components...
[0;33m[WW] ModuleManager: CHANGING UPDATE PERIOD: ![0m
initHardware(SIM): Initializing hardware components...
[0;33m[WW] ModuleManager: CHANGING UPDATE PERIOD: ![0m
initHardware(SIM): Initializing hardware components...
[0;33m[WW] ModuleManager: CHANGING UPDATE PERIOD: ![0m
initHardware(SIM): Initializing hardware components...
[0;33m[WW] ModuleManager: CHANGING UPDATE PERIOD: ![0m
initHardware(SIM): Initializing hardware components...
[0;33m[WW] ModuleManager: CHANGING UPDATE PERIOD: ![0m
initHardware(SIM): Initializing hardware components...
[0;33m[WW] ModuleManager: CHANGING UPDATE PERIOD: ![0m
initHardware(SIM): Initializing hardware components...
[0;33m[WW] ModuleManager: CHANGING UPDATE PERIOD: ![0m
initHardware(SIM): Initializing hardware components...
[0;33m[WW] ModuleManager: CHANGING UPDATE PERIOD: ![0m
initHardware(SIM): Initializing hardware components...
[0;33m[WW] ModuleManager: CHANGING UPDATE PERIOD: ![0m
initHardware(SIM): Initializing hardware components...
[0;33m[WW] ModuleManager: CHANGING UPDATE PERIOD: ![0m
initHardware(SIM): Initializing hardware components...
[0;33m[WW] ModuleManager: CHANGING UPDATE PERIOD: ![0m
initHardware(SIM): Initializing hardware components...
[0;33m[WW] ModuleManager: CHANGING UPDATE PERIOD: ![0m
initHardware(SIM): Initializing hardware components...
[0;33m[WW] ModuleManager: CHANGING UPDATE PERIOD: ![0m
initHardware(SIM): Initializing hardware components...
[0;33m[WW] ModuleManager: CHANGING UPDATE PERIOD: ![0m
initHardware(SIM): Initializing hardware components...
[0;33m[WW] ModuleManager: CHANGING UPDATE PERIOD: ![0m
initHardware(SIM): Initializing hardware components...
[0;33m[WW] ModuleManager: CHANGING UPDATE PERIOD: ![0m
initHardware(SIM): Initializing hardware components...
[0;33m[WW] ModuleManager: CHANGING UPDATE PERIOD: ![0m
initHardware(SIM): Initializing hardware components...
[0;33m[WW] ModuleManager: CHANGING UPDATE PERIOD: ![0m
initHardware(SIM): Initializing hardware components...
[0;33m[WW] ModuleManager: CHANGING UPDATE PERIOD: ![0m
initHardware(SIM): Initializing hardware components...
[0;33m[WW] ModuleManager: CHANGING UPDATE PERIOD: ![0m
initHardware(SIM): Initializing hardware components...
[0;33m[WW] ModuleManager: CHANGING UPDATE PERIOD: ![0m
initHardware(SIM): Initializing hardware components...
[0;33m[WW] ModuleManager: CHANGING UPDATE PERIOD: ![0m
initHardware(SIM): Initializing hardware components...
[0;33m[WW] ModuleManager: CHANGING UPDATE PERIOD: ![0m
initHardware(SIM): Initializing hardware components...
[0;33m[WW] ModuleManager: CHANGING UPDATE PERIOD: ![0m
initHardware(SIM): Initializing hardware components...
[0;33m[WW] ModuleManager: CHANGING UPDATE PERIOD: ![0m
initHardware(SIM): Initializing hardware components...
[0;33m[WW] ModuleManager: CHANGING UPDATE PERIOD: ![0m
initHardware(SIM): Initializing hardware components...
[0;33m[WW] ModuleManager: CHANGING UPDATE PERIOD: ![0m
initHardware(SIM): Initializing hardware components...
[0;33m[WW] ModuleManager: CHANGING UPDATE PERIOD: ![0m
initHardware(SIM): Initializing hardware components...
[0;33m[WW] ModuleManager: CHANGING UPDATE PERIOD: ![0m
initHardware(SIM): Initializing hardware components...
[0;33m[WW] ModuleManager: CHANGING UPDATE PERIOD: ![0m
initHardware(SIM): Initializing hardware components...
[0;33m[WW] ModuleManager: CHANGING UPDATE PERIOD: ![0m
initHardware(SIM): Initializing hardware components...
[0;33m[WW] ModuleManager: CHANGING UPDATE PERIOD: ![0m
initHardware(SIM): Initializing hardware components...
[0;33m[WW] ModuleManager: CHANGING UPDATE PERIOD: ![0m
initHardware(SIM): Initializing hardware components...
[0;33m[WW] ModuleManager: CHANGING UPDATE PERIOD: ![0m
initHardware(SIM): Initializing hardware components...
[0;33m[WW] ModuleManager: CHANGING UPDATE PERIOD: ![0m
initHardware(SIM): Initializing hardware components...
[0;33m[WW] ModuleManager: CHANGING UPDATE PERIOD: ![0m
initHardware(SIM): Initializing hardware components...
[0;33m[WW] ModuleManager: CHANGING UPDATE PERIOD: ![0m
initHardware(SIM): Initializing hardware components...
[0;33m[WW] ModuleManager: CHANGING UPDATE PERIOD: ![0m
initHardware(SIM): Initializing hardware components...
[0;33m[WW] ModuleManager: CHANGING UPDATE PERIOD: ![0m
initHardware(SIM): Initializing hardware components...
[0;33m[WW] ModuleManager: CHANGING UPDATE PERIOD: ![0m
initHardware(SIM): Initializing hardware components...
[0;33m[WW] ModuleManager: CHANGING UPDATE PERIOD: ![0m
initHardware(SIM): Initializing hardware components...
[0;33m[WW] ModuleManager: CHANGING UPDATE PERIOD: ![0m
initHardware(SIM): Initializing hardware components...
[0;33m[WW] ModuleManager: CHANGING UPDATE PERIOD: ![0m
initHardware(SIM): Initializing hardware components...
[0;33m[WW] ModuleManager: CHANGING UPDATE PERIOD: ![0m
initHardware(SIM): Initializing hardware components...
[0;33m[WW] ModuleManager: CHANGING UPDATE PERIOD: ![0m
initHardware(SIM): Initializing hardware components...
[0;33m[WW] ModuleManager: CHANGING UPDATE PERIOD: ![0m
initHardware(SIM): Initializing hardware components...
[0;33m[WW] ModuleManager: CHANGING UPDATE PERIOD: ![0m
initHardware(SIM): Initializing hardware components...
[0;33m[WW] ModuleManager: CHANGING UPDATE PERIOD: ![0m
initHardware(SIM): Initializing hardware components...
[0;33m[WW] ModuleManager: CHANGING UPDATE PERIOD: ![0m
initHardware(SIM): Initializing hardware components...
[0;33m[WW] ModuleManager: CHANGING UPDATE PERIOD: ![0m
initHardware(SIM): Initializing hardware components...
[0;33m[WW] ModuleManager: CHANGING UPDATE PERIOD: ![0m
initHardware(SIM): Initializing hardware components...
[0;33m[WW] ModuleManager: CHANGING UPDATE PERIOD: ![0m
initHardware(SIM): Initializing hardware components...
[0;33m[WW] ModuleManager: CHANGING UPDATE PERIOD: ![0m
initHardware(SIM): Initializing hardware components...
[0;33m[WW] ModuleManager: CHANGING UPDATE PERIOD: ![0m
initHardware(SIM): Initializing hardware components...
[0;33m[WW] ModuleManager: CHANGING UPDATE PERIOD: ![0m
initHardware(SIM): Initializing hardware components...
[0;33m[WW] ModuleManager: CHANGING UPDATE PERIOD: ![0m
initHardware(SIM): Initializing hardware components...
[0;33m[WW] ModuleManager: CHANGING UPDATE PERIOD: ![0m
initHardware(SIM): Initializing hardware components...
[0;33m[WW] ModuleManager: CHANGING UPDATE PERIOD: ![0m
initHardware(SIM): Initializing hardware components...
[0;33m[WW] ModuleManager: CHANGING UPDATE PERIOD: ![0m
initHardware(SIM): Initializing hardware components...
[0;33m[WW] ModuleManager: CHANGING UPDATE PERIOD: ![0m
initHardware(SIM): Initializing hardware components...
[0;33m[WW] ModuleManager: CHANGING UPDATE PERIOD: ![0m
initHardware(SIM): Initializing hardware components...
[0;33m[WW] ModuleManager: CHANGING UPDATE PERIOD: ![0m
initHardware(SIM): Initializing hardware components...
[0;33m[WW] ModuleManager: CHANGING UPDATE PERIOD: ![0m
initHardware(SIM): Initializing hardware components...
[0;33m[WW] ModuleManager: CHANGING UPDATE PERIOD: ![0m
initHardware(SIM): Initializing hardware components...
[0;33m[WW] ModuleManager: CHANGING UPDATE PERIOD: ![0m
initHardware(SIM): Initializing hardware components...
[0;33m[WW] ModuleManager: CHANGING UPDATE PERIOD: ![0m
initHardware(SIM): Initializing hardware components...
[0;33m[WW] ModuleManager: CHANGING UPDATE PERIOD: ![0m
initHardware(SIM): Initializing hardware components...
[0;33m[WW] ModuleManager: CHANGING UPDATE PERIOD: ![0m
initHardware(SIM): Initializing hardware components...
[0;33m[WW] ModuleManager: CHANGING UPDATE PERIOD: ![0m
initHardware(SIM): Initializing hardware components...
[0;33m[WW] ModuleManager: CHANGING UPDATE PERIOD: ![0m
initHardware(SIM): Initializing hardware components...
[0;33m[WW] ModuleManager: CHANGING UPDATE PERIOD: ![0m
initHardware(SIM): Initializing hardware components...
[0;33m[WW] ModuleManager: CHANGING UPDATE PERIOD: ![0m
initHardware(SIM): Initializing hardware components...
[0;33m[WW] ModuleManager: CHANGING UPDATE PERIOD: ![0m
initHardware(SIM): Initializing hardware components...
[0;33m[WW] ModuleManager: CHANGING UPDATE PERIOD: ![0m
initHardware(SIM): Initializing hardware components...
[0;33m[WW] ModuleManager: CHANGING UPDATE PERIOD: ![0m
initHardware(SIM): Initializing hardware components...
[0;33m[WW] ModuleManager: CHANGING UPDATE PERIOD: ![0m
initHardware(SIM): Initializing hardware components...
[0;33m[WW] ModuleManager: CHANGING UPDATE PERIOD: ![0m
initHardware(SIM): Initializing hardware components...
[0;33m[WW] ModuleManager: CHANGING UPDATE PERIOD: ![0m
initHardware(SIM): Initializing hardware components...
[0;33m[WW] ModuleManager: CHANGING UPDATE PERIOD: ![0m
initHardware(SIM): Initializing hardware components...
[0;33m[WW] ModuleManager: CHANGING UPDATE PERIOD: ![0m
initHardware(SIM): Initializing hardware components...
[0;33m[WW] ModuleManager: CHANGING UPDATE PERIOD: ![0m
initHardware(SIM): Initializing hardware components...
[0;33m[WW] ModuleManager: CHANGING UPDATE PERIOD: ![0m
initHardware(SIM): Initializing hardware components...
[0;33m[WW] ModuleManager: CHANGING UPDATE PERIOD: ![0m
initHardware(SIM): Initializing hardware components...
[0;33m[WW] ModuleManager: CHANGING UPDATE PERIOD: ![0m
initHardware(SIM): Initializing hardware components...
[0;33m[WW] ModuleManager: CHANGING UPDATE PERIOD: ![0m
initHardware(SIM): Initializing hardware components...
[0;33m[WW] ModuleManager: CHANGING UPDATE PERIOD: ![0m
initHardware(SIM): Initializing hardware components...
[0;33m[WW] ModuleManager: CHANGING UPDATE PERIOD: ![0m
initHardware(SIM): Initializing hardware components...
[0;33m[WW] ModuleManager: CHANGING UPDATE PERIOD: ![0m
initHardware(SIM): Initializing hardware components...
[0;33m[WW] ModuleManager: CHANGING UPDATE PERIOD: ![0m
initHardware(SIM): Initializing hardware components...
[0;33m[WW] ModuleManager: CHANGING UPDATE PERIOD: ![0m
initHardware(SIM): Initializing hardware components...
[0;33m[WW] ModuleManager: CHANGING UPDATE PERIOD: ![0m
initHardware(SIM): Initializing hardware components...
[0;33m[WW] ModuleManager: CHANGING UPDATE PERIOD: ![0m
initHardware(SIM): Initializing hardware components...
[0;33m[WW] ModuleManager: CHANGING UPDATE PERIOD: ![0m
initHardware(SIM): Initializing hardware components...
[0;33m[WW] ModuleManager: CHANGING UPDATE PERIOD: ![0m
initHardware(SIM): Initializing hardware components...
[0;33m[WW] ModuleManager: CHANGING UPDATE PERIOD: ![0m
initHardware(SIM): Initializing hardware components...
[0;33m[WW] ModuleManager: CHANGING UPDATE PERIOD: ![0m
initHardware(SIM): Initializing hardware components...
[0;33m[WW] ModuleManager: CHANGING UPDATE PERIOD: ![0m
initHardware(SIM): Initializing hardware components...
[0;33m[WW] ModuleManager: CHANGING UPDATE PERIOD: ![0m
initHardware(SIM): Initializing hardware components...
[0;33m[WW] ModuleManager: CHANGING UPDATE PERIOD: ![0m
initHardware(SIM): Initializing hardware components...
[0;33m[WW] ModuleManager: CHANGING UPDATE PERIOD: ![0m
initHardware(SIM): Initializing hardware components...
[0;33m[WW] ModuleManager: CHANGING UPDATE PERIOD: ![0m
initHardware(SIM): Initializing hardware components...
[0;33m[WW] ModuleManager: CHANGING UPDATE PERIOD: ![0m
initHardware(SIM): Initializing hardware components...
[0;33m[WW] ModuleManager: CHANGING UPDATE PERIOD: ![0m
initHardware(SIM): Initializing hardware components...
[0;33m[WW] ModuleManager: CHANGING UPDATE PERIOD: ![0m
initHardware(SIM): Initializing hardware components...
[0;33m[WW] ModuleManager: CHANGING UPDATE PERIOD: ![0m
initHardware(SIM): Initializing hardware components...
[0;33m[WW] ModuleManager: CHANGING UPDATE PERIOD: ![0m
initHardware(SIM): Initializing hardware components...
[0;33m[WW] ModuleManager: CHANGING UPDATE PERIOD: ![0m
initHardware(SIM): Initializing hardware components...
[0;33m[WW] ModuleManager: CHANGING UPDATE PERIOD: ![0m
initHardware(SIM): Initializing hardware components...
[0;33m[WW] ModuleManager: CHANGING UPDATE PERIOD: ![0m
initHardware(SIM): Initializing hardware components...
[0;33m[WW] ModuleManager: CHANGING UPDATE PERIOD: ![0m
initHardware(SIM): Initializing hardware components...
[0;33m[WW] ModuleManager: CHANGING UPDATE PERIOD: ![0m
initHardware(SIM): Initializing hardware components...
[0;33m[WW] ModuleManager: CHANGING UPDATE PERIOD: ![0m
initHardware(SIM): Initializing hardware components...
[0;33m[WW] ModuleManager: CHANGING UPDATE PERIOD: ![0m
initHardware(SIM): Initializing hardware components...
[0;33m[WW] ModuleManager: CHANGING UPDATE PERIOD: ![0m
initHardware(SIM): Initializing hardware components...
[0;33m[WW] ModuleManager: CHANGING UPDATE PERIOD: ![0m
initHardware(SIM): Initializing hardware components...
[0;33m[WW] ModuleManager: CHANGING UPDATE PERIOD: ![0m
initHardware(SIM): Initializing hardware components...
[0;33m[WW] ModuleManager: CHANGING UPDATE PERIOD: ![0m
initHardware(SIM): Initializing hardware components...
[0;33m[WW] ModuleManager: CHANGING UPDATE PERIOD: ![0m
initHardware(SIM): Initializing hardware components...
[0;33m[WW] ModuleManager: CHANGING UPDATE PERIOD: ![0m
initHardware(SIM): Initializing hardware components...
[0;33m[WW] ModuleManager: CHANGING UPDATE PERIOD: ![0m
initHardware(SIM): Initializing hardware components...
[0;33m[WW] ModuleManager: CHANGING UPDATE PERIOD: ![0m
/usr/local/lib/python3.10/dist-packages/stable_baselines3/common/vec_env/base_vec_env.py:78: UserWarning: The `render_mode` attribute is not defined in your environment. It will be set to None.
  warnings.warn("The `render_mode` attribute is not defined in your environment. It will be set to None.")
Using VecNormalize wrapper...
Creating new model...
Using cpu device
/usr/local/lib/python3.10/dist-packages/stable_baselines3/common/policies.py:486: UserWarning: As shared layers in the mlp_extractor are removed since SB3 v1.8.0, you should now pass directly a dictionary and not a list (net_arch=dict(pi=..., vf=...) instead of net_arch=[dict(pi=..., vf=...)])
  warnings.warn(
New model created.
INFO:root:Overriding learning rate: 0.0001
INFO:root:Starting training...
[HumanoidEnv] Reset state env_id=0 z=0.299134 rpy=[-0.00196026, -0.00104679, 0.00085598]
---------------------------------
| rollout/           |          |
|    ep_len_mean     | 347      |
|    ep_rew_mean     | 33.7     |
| time/              |          |
|    fps             | 3846     |
|    iterations      | 1        |
|    time_elapsed    | 34       |
|    total_timesteps | 131072   |
---------------------------------
Early stopping at step 0 due to reaching max kl: 0.02
[HumanoidEnv] Reset state env_id=0 z=0.299129 rpy=[-0.000749908, -0.00107417, 0.000864449]
-----------------------------------------
| rollout/                |             |
|    ep_len_mean          | 995         |
|    ep_rew_mean          | 62.6        |
| time/                   |             |
|    fps                  | 3823        |
|    iterations           | 2           |
|    time_elapsed         | 68          |
|    total_timesteps      | 262144      |
| train/                  |             |
|    approx_kl            | 0.008282784 |
|    clip_fraction        | 0.317       |
|    clip_range           | 0.1         |
|    clip_range_vf        | 0.2         |
|    entropy_loss         | 37.9        |
|    explained_variance   | -0.151      |
|    learning_rate        | 0.0001      |
|    loss                 | 4.78        |
|    n_updates            | 1           |
|    policy_gradient_loss | 0.011       |
|    std                  | 0.0498      |
|    value_loss           | 3.31        |
-----------------------------------------
Early stopping at step 0 due to reaching max kl: 0.02
----------------------------------------
| rollout/                |            |
|    ep_len_mean          | 695        |
|    ep_rew_mean          | 32         |
| time/                   |            |
|    fps                  | 3816       |
|    iterations           | 3          |
|    time_elapsed         | 103        |
|    total_timesteps      | 393216     |
| train/                  |            |
|    approx_kl            | 0.01009636 |
|    clip_fraction        | 0.421      |
|    clip_range           | 0.1        |
|    clip_range_vf        | 0.2        |
|    entropy_loss         | 37.9       |
|    explained_variance   | -0.455     |
|    learning_rate        | 0.0001     |
|    loss                 | 3.12       |
|    n_updates            | 2          |
|    policy_gradient_loss | 0.0157     |
|    std                  | 0.0498     |
|    value_loss           | 1.24       |
----------------------------------------
Early stopping at step 0 due to reaching max kl: 0.02
[HumanoidEnv] Reset state env_id=0 z=0.29911 rpy=[0.00288548, -0.00119164, 0.000811209]
-----------------------------------------
| rollout/                |             |
|    ep_len_mean          | 921         |
|    ep_rew_mean          | 38.8        |
| time/                   |             |
|    fps                  | 3764        |
|    iterations           | 4           |
|    time_elapsed         | 139         |
|    total_timesteps      | 524288      |
| train/                  |             |
|    approx_kl            | 0.011226699 |
|    clip_fraction        | 0.462       |
|    clip_range           | 0.1         |
|    clip_range_vf        | 0.2         |
|    entropy_loss         | 37.9        |
|    explained_variance   | -0.186      |
|    learning_rate        | 0.0001      |
|    loss                 | 2.98        |
|    n_updates            | 3           |
|    policy_gradient_loss | 0.0154      |
|    std                  | 0.0499      |
|    value_loss           | 1.2         |
-----------------------------------------
Early stopping at step 0 due to reaching max kl: 0.02
----------------------------------------
| rollout/                |            |
|    ep_len_mean          | 684        |
|    ep_rew_mean          | 28.2       |
| time/                   |            |
|    fps                  | 3743       |
|    iterations           | 5          |
|    time_elapsed         | 175        |
|    total_timesteps      | 655360     |
| train/                  |            |
|    approx_kl            | 0.01045756 |
|    clip_fraction        | 0.443      |
|    clip_range           | 0.1        |
|    clip_range_vf        | 0.2        |
|    entropy_loss         | 37.8       |
|    explained_variance   | 0.0751     |
|    learning_rate        | 0.0001     |
|    loss                 | 2.94       |
|    n_updates            | 4          |
|    policy_gradient_loss | 0.0164     |
|    std                  | 0.0501     |
|    value_loss           | 1.16       |
----------------------------------------
Early stopping at step 0 due to reaching max kl: 0.02
[HumanoidEnv] Reset state env_id=0 z=0.299125 rpy=[0.00272424, -0.00110143, 0.000870767]
----------------------------------------
| rollout/                |            |
|    ep_len_mean          | 812        |
|    ep_rew_mean          | 34.8       |
| time/                   |            |
|    fps                  | 3718       |
|    iterations           | 6          |
|    time_elapsed         | 211        |
|    total_timesteps      | 786432     |
| train/                  |            |
|    approx_kl            | 0.01031653 |
|    clip_fraction        | 0.447      |
|    clip_range           | 0.1        |
|    clip_range_vf        | 0.2        |
|    entropy_loss         | 37.8       |
|    explained_variance   | 0.236      |
|    learning_rate        | 0.0001     |
|    loss                 | 2.82       |
|    n_updates            | 5          |
|    policy_gradient_loss | 0.0173     |
|    std                  | 0.0503     |
|    value_loss           | 1.05       |
----------------------------------------
Early stopping at step 0 due to reaching max kl: 0.02
[HumanoidEnv] unhealthy terminate at step=271 z=0.196954 rpy=[-0.252658, 0.133802, 0.148142] v_body=[-0.0421051, 0.399163, -0.807952]
[HumanoidEnv] Reset state env_id=0 z=0.299142 rpy=[-0.00130029, -0.00101852, 0.000934614]
-----------------------------------------
| rollout/                |             |
|    ep_len_mean          | 697         |
|    ep_rew_mean          | 29.3        |
| time/                   |             |
|    fps                  | 3697        |
|    iterations           | 7           |
|    time_elapsed         | 248         |
|    total_timesteps      | 917504      |
| train/                  |             |
|    approx_kl            | 0.010423958 |
|    clip_fraction        | 0.449       |
|    clip_range           | 0.1         |
|    clip_range_vf        | 0.2         |
|    entropy_loss         | 37.7        |
|    explained_variance   | 0.309       |
|    learning_rate        | 0.0001      |
|    loss                 | 2.78        |
|    n_updates            | 6           |
|    policy_gradient_loss | 0.0159      |
|    std                  | 0.0504      |
|    value_loss           | 1.02        |
-----------------------------------------
Early stopping at step 0 due to reaching max kl: 0.02
INFO:root:VecNormalize statistics saved at: /app/envpool/data/260804_Z_curriculum/model_ckpt_vecnormalize.pkl
INFO:root:Model saved at: /app/envpool/data/260804_Z_curriculum/model_ckpt.zip
INFO:root:Checkpoint written at 1000192 timesteps
[HumanoidEnv] unhealthy terminate at step=680 z=0.198027 rpy=[0.121107, -0.251554, -2.08767] v_body=[-0.0627282, -0.991769, -0.896806]
[HumanoidEnv] Reset state env_id=0 z=0.299116 rpy=[0.000648156, -0.001127, 0.000790999]
-----------------------------------------
| rollout/                |             |
|    ep_len_mean          | 811         |
|    ep_rew_mean          | 34.8        |
| time/                   |             |
|    fps                  | 3676        |
|    iterations           | 8           |
|    time_elapsed         | 285         |
|    total_timesteps      | 1048576     |
| train/                  |             |
|    approx_kl            | 0.010434242 |
|    clip_fraction        | 0.445       |
|    clip_range           | 0.1         |
|    clip_range_vf        | 0.2         |
|    entropy_loss         | 37.6        |
|    explained_variance   | 0.453       |
|    learning_rate        | 0.0001      |
|    loss                 | 2.74        |
|    n_updates            | 7           |
|    policy_gradient_loss | 0.0153      |
|    std                  | 0.0506      |
|    value_loss           | 0.955       |
-----------------------------------------
Early stopping at step 0 due to reaching max kl: 0.02
-----------------------------------------
| rollout/                |             |
|    ep_len_mean          | 740         |
|    ep_rew_mean          | 31.5        |
| time/                   |             |
|    fps                  | 3659        |
|    iterations           | 9           |
|    time_elapsed         | 322         |
|    total_timesteps      | 1179648     |
| train/                  |             |
|    approx_kl            | 0.011489517 |
|    clip_fraction        | 0.477       |
|    clip_range           | 0.1         |
|    clip_range_vf        | 0.2         |
|    entropy_loss         | 37.5        |
|    explained_variance   | 0.442       |
|    learning_rate        | 0.0001      |
|    loss                 | 2.67        |
|    n_updates            | 8           |
|    policy_gradient_loss | 0.0174      |
|    std                  | 0.0509      |
|    value_loss           | 0.851       |
-----------------------------------------
Early stopping at step 0 due to reaching max kl: 0.02
[HumanoidEnv] Reset state env_id=0 z=0.299122 rpy=[-0.000957304, -0.00109449, 0.000782891]
-----------------------------------------
| rollout/                |             |
|    ep_len_mean          | 871         |
|    ep_rew_mean          | 38.1        |
| time/                   |             |
|    fps                  | 3649        |
|    iterations           | 10          |
|    time_elapsed         | 359         |
|    total_timesteps      | 1310720     |
| train/                  |             |
|    approx_kl            | 0.011013207 |
|    clip_fraction        | 0.465       |
|    clip_range           | 0.1         |
|    clip_range_vf        | 0.2         |
|    entropy_loss         | 37.4        |
|    explained_variance   | 0.518       |
|    learning_rate        | 0.0001      |
|    loss                 | 2.63        |
|    n_updates            | 9           |
|    policy_gradient_loss | 0.0169      |
|    std                  | 0.0511      |
|    value_loss           | 0.812       |
-----------------------------------------
Early stopping at step 0 due to reaching max kl: 0.02
[HumanoidEnv] unhealthy terminate at step=574 z=0.197267 rpy=[0.093382, 0.0421587, -0.0605739] v_body=[0.458363, -0.278717, -0.722423]
[HumanoidEnv] Reset state env_id=0 z=0.299128 rpy=[9.50592e-05, -0.00106895, 0.000854911]
-----------------------------------------
| rollout/                |             |
|    ep_len_mean          | 726         |
|    ep_rew_mean          | 31          |
| time/                   |             |
|    fps                  | 3643        |
|    iterations           | 11          |
|    time_elapsed         | 395         |
|    total_timesteps      | 1441792     |
| train/                  |             |
|    approx_kl            | 0.011128494 |
|    clip_fraction        | 0.462       |
|    clip_range           | 0.1         |
|    clip_range_vf        | 0.2         |
|    entropy_loss         | 37.3        |
|    explained_variance   | 0.502       |
|    learning_rate        | 0.0001      |
|    loss                 | 2.59        |
|    n_updates            | 10          |
|    policy_gradient_loss | 0.0163      |
|    std                  | 0.0513      |
|    value_loss           | 0.777       |
-----------------------------------------
Early stopping at step 0 due to reaching max kl: 0.02
----------------------------------------
| rollout/                |            |
|    ep_len_mean          | 711        |
|    ep_rew_mean          | 30.5       |
| time/                   |            |
|    fps                  | 3641       |
|    iterations           | 12         |
|    time_elapsed         | 431        |
|    total_timesteps      | 1572864    |
| train/                  |            |
|    approx_kl            | 0.00934665 |
|    clip_fraction        | 0.423      |
|    clip_range           | 0.1        |
|    clip_range_vf        | 0.2        |
|    entropy_loss         | 37.2       |
|    explained_variance   | 0.622      |
|    learning_rate        | 0.0001     |
|    loss                 | 2.55       |
|    n_updates            | 11         |
|    policy_gradient_loss | 0.0137     |
|    std                  | 0.0515     |
|    value_loss           | 0.768      |
----------------------------------------
Early stopping at step 0 due to reaching max kl: 0.02
[HumanoidEnv] Reset state env_id=0 z=0.299149 rpy=[-0.000597918, -0.000947412, 0.000924445]
-----------------------------------------
| rollout/                |             |
|    ep_len_mean          | 787         |
|    ep_rew_mean          | 34.3        |
| time/                   |             |
|    fps                  | 3639        |
|    iterations           | 13          |
|    time_elapsed         | 468         |
|    total_timesteps      | 1703936     |
| train/                  |             |
|    approx_kl            | 0.009939183 |
|    clip_fraction        | 0.435       |
|    clip_range           | 0.1         |
|    clip_range_vf        | 0.2         |
|    entropy_loss         | 37.1        |
|    explained_variance   | 0.666       |
|    learning_rate        | 0.0001      |
|    loss                 | 2.5         |
|    n_updates            | 12          |
|    policy_gradient_loss | 0.0137      |
|    std                  | 0.0516      |
|    value_loss           | 0.717       |
-----------------------------------------
Early stopping at step 0 due to reaching max kl: 0.02
-----------------------------------------
| rollout/                |             |
|    ep_len_mean          | 804         |
|    ep_rew_mean          | 34.9        |
| time/                   |             |
|    fps                  | 3634        |
|    iterations           | 14          |
|    time_elapsed         | 504         |
|    total_timesteps      | 1835008     |
| train/                  |             |
|    approx_kl            | 0.011156656 |
|    clip_fraction        | 0.466       |
|    clip_range           | 0.1         |
|    clip_range_vf        | 0.2         |
|    entropy_loss         | 37          |
|    explained_variance   | 0.615       |
|    learning_rate        | 0.0001      |
|    loss                 | 2.51        |
|    n_updates            | 13          |
|    policy_gradient_loss | 0.0169      |
|    std                  | 0.0519      |
|    value_loss           | 0.65        |
-----------------------------------------
Early stopping at step 0 due to reaching max kl: 0.02
[HumanoidEnv] unhealthy terminate at step=660 z=0.198759 rpy=[-0.491799, -0.115119, -0.0962271] v_body=[0.121276, 0.136718, -0.243912]
[HumanoidEnv] Reset state env_id=0 z=0.299109 rpy=[0.000148345, -0.00113083, 0.000758001]
------------------------------------------
| rollout/                |              |
|    ep_len_mean          | 774          |
|    ep_rew_mean          | 33.6         |
| time/                   |              |
|    fps                  | 3630         |
|    iterations           | 15           |
|    time_elapsed         | 541          |
|    total_timesteps      | 1966080      |
| train/                  |              |
|    approx_kl            | 0.0115907015 |
|    clip_fraction        | 0.477        |
|    clip_range           | 0.1          |
|    clip_range_vf        | 0.2          |
|    entropy_loss         | 36.9         |
|    explained_variance   | 0.572        |
|    learning_rate        | 0.0001       |
|    loss                 | 2.43         |
|    n_updates            | 14           |
|    policy_gradient_loss | 0.0163       |
|    std                  | 0.0521       |
|    value_loss           | 0.641        |
------------------------------------------
Early stopping at step 0 due to reaching max kl: 0.02
INFO:root:VecNormalize statistics saved at: /app/envpool/data/260804_Z_curriculum/model_ckpt_vecnormalize.pkl
INFO:root:Model saved at: /app/envpool/data/260804_Z_curriculum/model_ckpt.zip
INFO:root:Checkpoint written at 2000384 timesteps
[HumanoidEnv] unhealthy terminate at step=1000 z=0.195929 rpy=[0.196297, 0.131823, -0.0632054] v_body=[0.906818, -0.243097, -0.603258]
[HumanoidEnv] Reset state env_id=0 z=0.299126 rpy=[-0.000824003, -0.00109294, 0.000889452]
-----------------------------------------
| rollout/                |             |
|    ep_len_mean          | 739         |
|    ep_rew_mean          | 31.8        |
| time/                   |             |
|    fps                  | 3623        |
|    iterations           | 16          |
|    time_elapsed         | 578         |
|    total_timesteps      | 2097152     |
| train/                  |             |
|    approx_kl            | 0.011183354 |
|    clip_fraction        | 0.47        |
|    clip_range           | 0.1         |
|    clip_range_vf        | 0.2         |
|    entropy_loss         | 36.8        |
|    explained_variance   | 0.625       |
|    learning_rate        | 0.0001      |
|    loss                 | 2.45        |
|    n_updates            | 15          |
|    policy_gradient_loss | 0.0162      |
|    std                  | 0.0524      |
|    value_loss           | 0.629       |
-----------------------------------------
Early stopping at step 0 due to reaching max kl: 0.02
------------------------------------------
| rollout/                |              |
|    ep_len_mean          | 806          |
|    ep_rew_mean          | 34.7         |
| time/                   |              |
|    fps                  | 3615         |
|    iterations           | 17           |
|    time_elapsed         | 616          |
|    total_timesteps      | 2228224      |
| train/                  |              |
|    approx_kl            | 0.0116506815 |
|    clip_fraction        | 0.485        |
|    clip_range           | 0.1          |
|    clip_range_vf        | 0.2          |
|    entropy_loss         | 36.6         |
|    explained_variance   | 0.641        |
|    learning_rate        | 0.0001       |
|    loss                 | 2.38         |
|    n_updates            | 16           |
|    policy_gradient_loss | 0.0172       |
|    std                  | 0.0528       |
|    value_loss           | 0.596        |
------------------------------------------
Early stopping at step 0 due to reaching max kl: 0.02
[HumanoidEnv] Reset state env_id=0 z=0.299131 rpy=[-0.000141104, -0.00106064, 0.000883107]
------------------------------------------
| rollout/                |              |
|    ep_len_mean          | 854          |
|    ep_rew_mean          | 37.5         |
| time/                   |              |
|    fps                  | 3612         |
|    iterations           | 18           |
|    time_elapsed         | 653          |
|    total_timesteps      | 2359296      |
| train/                  |              |
|    approx_kl            | 0.0112829935 |
|    clip_fraction        | 0.472        |
|    clip_range           | 0.1          |
|    clip_range_vf        | 0.2          |
|    entropy_loss         | 36.5         |
|    explained_variance   | 0.633        |
|    learning_rate        | 0.0001       |
|    loss                 | 2.38         |
|    n_updates            | 17           |
|    policy_gradient_loss | 0.0161       |
|    std                  | 0.0531       |
|    value_loss           | 0.569        |
------------------------------------------
Early stopping at step 0 due to reaching max kl: 0.02
-----------------------------------------
| rollout/                |             |
|    ep_len_mean          | 816         |
|    ep_rew_mean          | 35.7        |
| time/                   |             |
|    fps                  | 3612        |
|    iterations           | 19          |
|    time_elapsed         | 689         |
|    total_timesteps      | 2490368     |
| train/                  |             |
|    approx_kl            | 0.010886938 |
|    clip_fraction        | 0.454       |
|    clip_range           | 0.1         |
|    clip_range_vf        | 0.2         |
|    entropy_loss         | 36.4        |
|    explained_variance   | 0.602       |
|    learning_rate        | 0.0001      |
|    loss                 | 2.41        |
|    n_updates            | 18          |
|    policy_gradient_loss | 0.0146      |
|    std                  | 0.0533      |
|    value_loss           | 0.592       |
-----------------------------------------
Early stopping at step 0 due to reaching max kl: 0.02
[HumanoidEnv] unhealthy terminate at step=990 z=0.198436 rpy=[0.907913, -0.0834084, 0.403263] v_body=[0.85022, 1.11255, -1.29041]
[HumanoidEnv] Reset state env_id=0 z=0.299116 rpy=[0.00145266, -0.00112704, 0.000816949]
------------------------------------------
| rollout/                |              |
|    ep_len_mean          | 789          |
|    ep_rew_mean          | 34.3         |
| time/                   |              |
|    fps                  | 3611         |
|    iterations           | 20           |
|    time_elapsed         | 725          |
|    total_timesteps      | 2621440      |
| train/                  |              |
|    approx_kl            | 0.0103637865 |
|    clip_fraction        | 0.445        |
|    clip_range           | 0.1          |
|    clip_range_vf        | 0.2          |
|    entropy_loss         | 36.3         |
|    explained_variance   | 0.668        |
|    learning_rate        | 0.0001       |
|    loss                 | 2.47         |
|    n_updates            | 19           |
|    policy_gradient_loss | 0.0147       |
|    std                  | 0.0535       |
|    value_loss           | 0.608        |
------------------------------------------
Early stopping at step 0 due to reaching max kl: 0.02
-----------------------------------------
| rollout/                |             |
|    ep_len_mean          | 673         |
|    ep_rew_mean          | 28.9        |
| time/                   |             |
|    fps                  | 3609        |
|    iterations           | 21          |
|    time_elapsed         | 762         |
|    total_timesteps      | 2752512     |
| train/                  |             |
|    approx_kl            | 0.010785922 |
|    clip_fraction        | 0.462       |
|    clip_range           | 0.1         |
|    clip_range_vf        | 0.2         |
|    entropy_loss         | 36.2        |
|    explained_variance   | 0.653       |
|    learning_rate        | 0.0001      |
|    loss                 | 2.6         |
|    n_updates            | 20          |
|    policy_gradient_loss | 0.0155      |
|    std                  | 0.0537      |
|    value_loss           | 0.681       |
-----------------------------------------
Early stopping at step 0 due to reaching max kl: 0.02
[HumanoidEnv] Reset state env_id=0 z=0.29911 rpy=[-0.000131461, -0.00112352, 0.000750253]
-----------------------------------------
| rollout/                |             |
|    ep_len_mean          | 725         |
|    ep_rew_mean          | 31.4        |
| time/                   |             |
|    fps                  | 3606        |
|    iterations           | 22          |
|    time_elapsed         | 799         |
|    total_timesteps      | 2883584     |
| train/                  |             |
|    approx_kl            | 0.011861272 |
|    clip_fraction        | 0.477       |
|    clip_range           | 0.1         |
|    clip_range_vf        | 0.2         |
|    entropy_loss         | 36          |
|    explained_variance   | 0.657       |
|    learning_rate        | 0.0001      |
|    loss                 | 2.51        |
|    n_updates            | 21          |
|    policy_gradient_loss | 0.0163      |
|    std                  | 0.0541      |
|    value_loss           | 0.657       |
-----------------------------------------
Early stopping at step 0 due to reaching max kl: 0.02
INFO:root:VecNormalize statistics saved at: /app/envpool/data/260804_Z_curriculum/model_ckpt_vecnormalize.pkl
INFO:root:Model saved at: /app/envpool/data/260804_Z_curriculum/model_ckpt.zip
INFO:root:Checkpoint written at 3000576 timesteps
-----------------------------------------
| rollout/                |             |
|    ep_len_mean          | 837         |
|    ep_rew_mean          | 36.6        |
| time/                   |             |
|    fps                  | 3605        |
|    iterations           | 23          |
|    time_elapsed         | 836         |
|    total_timesteps      | 3014656     |
| train/                  |             |
|    approx_kl            | 0.010656903 |
|    clip_fraction        | 0.455       |
|    clip_range           | 0.1         |
|    clip_range_vf        | 0.2         |
|    entropy_loss         | 35.9        |
|    explained_variance   | 0.687       |
|    learning_rate        | 0.0001      |
|    loss                 | 2.46        |
|    n_updates            | 22          |
|    policy_gradient_loss | 0.0153      |
|    std                  | 0.0543      |
|    value_loss           | 0.611       |
-----------------------------------------
Early stopping at step 0 due to reaching max kl: 0.02
[HumanoidEnv] unhealthy terminate at step=809 z=0.19979 rpy=[-0.476739, -0.169665, -0.182894] v_body=[0.602296, 0.423334, -0.347259]
[HumanoidEnv] Reset state env_id=0 z=0.299142 rpy=[-0.000787929, -0.000937474, 0.000778163]
-----------------------------------------
| rollout/                |             |
|    ep_len_mean          | 812         |
|    ep_rew_mean          | 35.7        |
| time/                   |             |
|    fps                  | 3593        |
|    iterations           | 24          |
|    time_elapsed         | 875         |
|    total_timesteps      | 3145728     |
| train/                  |             |
|    approx_kl            | 0.011165262 |
|    clip_fraction        | 0.449       |
|    clip_range           | 0.1         |
|    clip_range_vf        | 0.2         |
|    entropy_loss         | 35.8        |
|    explained_variance   | 0.623       |
|    learning_rate        | 0.0001      |
|    loss                 | 2.29        |
|    n_updates            | 23          |
|    policy_gradient_loss | 0.012       |
|    std                  | 0.0544      |
|    value_loss           | 0.603       |
-----------------------------------------
Early stopping at step 0 due to reaching max kl: 0.02
-----------------------------------------
| rollout/                |             |
|    ep_len_mean          | 711         |
|    ep_rew_mean          | 31.1        |
| time/                   |             |
|    fps                  | 3578        |
|    iterations           | 25          |
|    time_elapsed         | 915         |
|    total_timesteps      | 3276800     |
| train/                  |             |
|    approx_kl            | 0.009413738 |
|    clip_fraction        | 0.411       |
|    clip_range           | 0.1         |
|    clip_range_vf        | 0.2         |
|    entropy_loss         | 35.8        |
|    explained_variance   | 0.621       |
|    learning_rate        | 0.0001      |
|    loss                 | 2.54        |
|    n_updates            | 24          |
|    policy_gradient_loss | 0.012       |
|    std                  | 0.0546      |
|    value_loss           | 0.669       |
-----------------------------------------
Early stopping at step 0 due to reaching max kl: 0.02
[HumanoidEnv] Reset state env_id=0 z=0.299115 rpy=[0.00151607, -0.00117234, 0.00087191]
[HumanoidEnv] unhealthy terminate at step=254 z=0.197209 rpy=[0.0211622, 0.0840113, 0.141943] v_body=[0.86519, 0.250017, -0.620638]
[HumanoidEnv] Reset state env_id=0 z=0.299112 rpy=[0.00231026, -0.00111556, 0.00075233]
-----------------------------------------
| rollout/                |             |
|    ep_len_mean          | 611         |
|    ep_rew_mean          | 26.2        |
| time/                   |             |
|    fps                  | 3563        |
|    iterations           | 26          |
|    time_elapsed         | 956         |
|    total_timesteps      | 3407872     |
| train/                  |             |
|    approx_kl            | 0.010540449 |
|    clip_fraction        | 0.452       |
|    clip_range           | 0.1         |
|    clip_range_vf        | 0.2         |
|    entropy_loss         | 35.7        |
|    explained_variance   | 0.649       |
|    learning_rate        | 0.0001      |
|    loss                 | 2.67        |
|    n_updates            | 25          |
|    policy_gradient_loss | 0.014       |
|    std                  | 0.0548      |
|    value_loss           | 0.806       |
-----------------------------------------
Early stopping at step 0 due to reaching max kl: 0.02
-----------------------------------------
| rollout/                |             |
|    ep_len_mean          | 635         |
|    ep_rew_mean          | 27.1        |
| time/                   |             |
|    fps                  | 3549        |
|    iterations           | 27          |
|    time_elapsed         | 997         |
|    total_timesteps      | 3538944     |
| train/                  |             |
|    approx_kl            | 0.011140587 |
|    clip_fraction        | 0.46        |
|    clip_range           | 0.1         |
|    clip_range_vf        | 0.2         |
|    entropy_loss         | 35.6        |
|    explained_variance   | 0.727       |
|    learning_rate        | 0.0001      |
|    loss                 | 2.71        |
|    n_updates            | 26          |
|    policy_gradient_loss | 0.0155      |
|    std                  | 0.055       |
|    value_loss           | 0.897       |
-----------------------------------------
Early stopping at step 0 due to reaching max kl: 0.02
[HumanoidEnv] Reset state env_id=0 z=0.299129 rpy=[0.00279369, -0.00106416, 0.000867753]
-----------------------------------------
| rollout/                |             |
|    ep_len_mean          | 691         |
|    ep_rew_mean          | 29.5        |
| time/                   |             |
|    fps                  | 3537        |
|    iterations           | 28          |
|    time_elapsed         | 1037        |
|    total_timesteps      | 3670016     |
| train/                  |             |
|    approx_kl            | 0.010733671 |
|    clip_fraction        | 0.456       |
|    clip_range           | 0.1         |
|    clip_range_vf        | 0.2         |
|    entropy_loss         | 35.5        |
|    explained_variance   | 0.704       |
|    learning_rate        | 0.0001      |
|    loss                 | 2.58        |
|    n_updates            | 27          |
|    policy_gradient_loss | 0.0152      |
|    std                  | 0.0553      |
|    value_loss           | 0.831       |
-----------------------------------------
Early stopping at step 0 due to reaching max kl: 0.02
-----------------------------------------
| rollout/                |             |
|    ep_len_mean          | 755         |
|    ep_rew_mean          | 32.8        |
| time/                   |             |
|    fps                  | 3526        |
|    iterations           | 29          |
|    time_elapsed         | 1077        |
|    total_timesteps      | 3801088     |
| train/                  |             |
|    approx_kl            | 0.010740169 |
|    clip_fraction        | 0.453       |
|    clip_range           | 0.1         |
|    clip_range_vf        | 0.2         |
|    entropy_loss         | 35.4        |
|    explained_variance   | 0.759       |
|    learning_rate        | 0.0001      |
|    loss                 | 2.49        |
|    n_updates            | 28          |
|    policy_gradient_loss | 0.0155      |
|    std                  | 0.0555      |
|    value_loss           | 0.73        |
-----------------------------------------
Early stopping at step 0 due to reaching max kl: 0.02
[HumanoidEnv] unhealthy terminate at step=754 z=0.196852 rpy=[-1.30613, -0.11733, 0.611427] v_body=[0.540555, -0.158101, -0.351451]
[HumanoidEnv] Reset state env_id=0 z=0.299096 rpy=[0.00259219, -0.00121411, 0.000766622]
[HumanoidEnv] unhealthy terminate at step=271 z=0.199908 rpy=[0.0465317, 0.0138626, 0.0855856] v_body=[0.72805, 0.23295, -0.151255]
[HumanoidEnv] Reset state env_id=0 z=0.299146 rpy=[-0.00072963, -0.000980294, 0.000940686]
-----------------------------------------
| rollout/                |             |
|    ep_len_mean          | 589         |
|    ep_rew_mean          | 25.3        |
| time/                   |             |
|    fps                  | 3514        |
|    iterations           | 30          |
|    time_elapsed         | 1118        |
|    total_timesteps      | 3932160     |
| train/                  |             |
|    approx_kl            | 0.011177274 |
|    clip_fraction        | 0.466       |
|    clip_range           | 0.1         |
|    clip_range_vf        | 0.2         |
|    entropy_loss         | 35.3        |
|    explained_variance   | 0.695       |
|    learning_rate        | 0.0001      |
|    loss                 | 2.58        |
|    n_updates            | 29          |
|    policy_gradient_loss | 0.0147      |
|    std                  | 0.0558      |
|    value_loss           | 0.797       |
-----------------------------------------
Early stopping at step 0 due to reaching max kl: 0.02
[HumanoidEnv] unhealthy terminate at step=329 z=0.197906 rpy=[0.0304442, 0.158527, 0.0524196] v_body=[0.0916818, -0.0927966, -0.614379]
[HumanoidEnv] Reset state env_id=0 z=0.2991 rpy=[0.00284751, -0.00120625, 0.000711685]
INFO:root:VecNormalize statistics saved at: /app/envpool/data/260804_Z_curriculum/model_ckpt_vecnormalize.pkl
INFO:root:Model saved at: /app/envpool/data/260804_Z_curriculum/model_ckpt.zip
INFO:root:Checkpoint written at 4000768 timesteps
----------------------------------------
| rollout/                |            |
|    ep_len_mean          | 626        |
|    ep_rew_mean          | 26.7       |
| time/                   |            |
|    fps                  | 3510       |
|    iterations           | 31         |
|    time_elapsed         | 1157       |
|    total_timesteps      | 4063232    |
| train/                  |            |
|    approx_kl            | 0.01059372 |
|    clip_fraction        | 0.456      |
|    clip_range           | 0.1        |
|    clip_range_vf        | 0.2        |
|    entropy_loss         | 35.1       |
|    explained_variance   | 0.677      |
|    learning_rate        | 0.0001     |
|    loss                 | 2.57       |
|    n_updates            | 30         |
|    policy_gradient_loss | 0.0131     |
|    std                  | 0.0561     |
|    value_loss           | 0.946      |
----------------------------------------
Early stopping at step 0 due to reaching max kl: 0.02
-----------------------------------------
| rollout/                |             |
|    ep_len_mean          | 708         |
|    ep_rew_mean          | 30.5        |
| time/                   |             |
|    fps                  | 3510        |
|    iterations           | 32          |
|    time_elapsed         | 1194        |
|    total_timesteps      | 4194304     |
| train/                  |             |
|    approx_kl            | 0.010733995 |
|    clip_fraction        | 0.453       |
|    clip_range           | 0.1         |
|    clip_range_vf        | 0.2         |
|    entropy_loss         | 35          |
|    explained_variance   | 0.695       |
|    learning_rate        | 0.0001      |
|    loss                 | 2.46        |
|    n_updates            | 31          |
|    policy_gradient_loss | 0.0141      |
|    std                  | 0.0564      |
|    value_loss           | 0.77        |
-----------------------------------------
Early stopping at step 0 due to reaching max kl: 0.02
[HumanoidEnv] Reset state env_id=0 z=0.299136 rpy=[0.00148131, -0.00102291, 0.000908034]
-----------------------------------------
| rollout/                |             |
|    ep_len_mean          | 760         |
|    ep_rew_mean          | 32.9        |
| time/                   |             |
|    fps                  | 3511        |
|    iterations           | 33          |
|    time_elapsed         | 1231        |
|    total_timesteps      | 4325376     |
| train/                  |             |
|    approx_kl            | 0.010623957 |
|    clip_fraction        | 0.452       |
|    clip_range           | 0.1         |
|    clip_range_vf        | 0.2         |
|    entropy_loss         | 34.9        |
|    explained_variance   | 0.703       |
|    learning_rate        | 0.0001      |
|    loss                 | 2.55        |
|    n_updates            | 32          |
|    policy_gradient_loss | 0.0144      |
|    std                  | 0.0567      |
|    value_loss           | 0.796       |
-----------------------------------------
Early stopping at step 0 due to reaching max kl: 0.02
[HumanoidEnv] unhealthy terminate at step=626 z=0.194088 rpy=[0.166406, 0.0732778, 0.0447953] v_body=[0.0204095, -0.417407, -0.697194]
[HumanoidEnv] Reset state env_id=0 z=0.299119 rpy=[-0.000342998, -0.00111541, 0.000765031]
------------------------------------------
| rollout/                |              |
|    ep_len_mean          | 692          |
|    ep_rew_mean          | 30           |
| time/                   |              |
|    fps                  | 3513         |
|    iterations           | 34           |
|    time_elapsed         | 1268         |
|    total_timesteps      | 4456448      |
| train/                  |              |
|    approx_kl            | 0.0109834215 |
|    clip_fraction        | 0.456        |
|    clip_range           | 0.1          |
|    clip_range_vf        | 0.2          |
|    entropy_loss         | 34.8         |
|    explained_variance   | 0.659        |
|    learning_rate        | 0.0001       |
|    loss                 | 2.59         |
|    n_updates            | 33           |
|    policy_gradient_loss | 0.0127       |
|    std                  | 0.0569       |
|    value_loss           | 0.772        |
------------------------------------------
Early stopping at step 0 due to reaching max kl: 0.02
[HumanoidEnv] unhealthy terminate at step=539 z=0.19951 rpy=[0.0816149, 0.0297873, -0.0061657] v_body=[0.286289, -0.0704346, -0.167495]
[HumanoidEnv] Reset state env_id=0 z=0.29912 rpy=[0.000656249, -0.00113791, 0.000885649]
------------------------------------------
| rollout/                |              |
|    ep_len_mean          | 555          |
|    ep_rew_mean          | 23.9         |
| time/                   |              |
|    fps                  | 3515         |
|    iterations           | 35           |
|    time_elapsed         | 1305         |
|    total_timesteps      | 4587520      |
| train/                  |              |
|    approx_kl            | 0.0108251665 |
|    clip_fraction        | 0.458        |
|    clip_range           | 0.1          |
|    clip_range_vf        | 0.2          |
|    entropy_loss         | 34.7         |
|    explained_variance   | 0.673        |
|    learning_rate        | 0.0001       |
|    loss                 | 2.49         |
|    n_updates            | 34           |
|    policy_gradient_loss | 0.0149       |
|    std                  | 0.0571       |
|    value_loss           | 0.875        |
------------------------------------------
Early stopping at step 0 due to reaching max kl: 0.02
[HumanoidEnv] unhealthy terminate at step=404 z=0.197627 rpy=[0.176074, 0.153545, 0.0731674] v_body=[0.543367, -0.136625, -0.413136]
[HumanoidEnv] Reset state env_id=0 z=0.299116 rpy=[-0.000377144, -0.00111953, 0.000769461]
-----------------------------------------
| rollout/                |             |
|    ep_len_mean          | 552         |
|    ep_rew_mean          | 23.5        |
| time/                   |             |
|    fps                  | 3516        |
|    iterations           | 36          |
|    time_elapsed         | 1341        |
|    total_timesteps      | 4718592     |
| train/                  |             |
|    approx_kl            | 0.010723272 |
|    clip_fraction        | 0.458       |
|    clip_range           | 0.1         |
|    clip_range_vf        | 0.2         |
|    entropy_loss         | 34.6        |
|    explained_variance   | 0.688       |
|    learning_rate        | 0.0001      |
|    loss                 | 2.86        |
|    n_updates            | 35          |
|    policy_gradient_loss | 0.0142      |
|    std                  | 0.0574      |
|    value_loss           | 0.966       |
-----------------------------------------
Early stopping at step 0 due to reaching max kl: 0.02
[HumanoidEnv] unhealthy terminate at step=639 z=0.199391 rpy=[0.41375, 0.154298, 0.0372346] v_body=[0.66387, -0.257531, -0.442717]
[HumanoidEnv] Reset state env_id=0 z=0.29911 rpy=[0.00209938, -0.00114223, 0.000753448]
-----------------------------------------
| rollout/                |             |
|    ep_len_mean          | 630         |
|    ep_rew_mean          | 27          |
| time/                   |             |
|    fps                  | 3517        |
|    iterations           | 37          |
|    time_elapsed         | 1378        |
|    total_timesteps      | 4849664     |
| train/                  |             |
|    approx_kl            | 0.010736433 |
|    clip_fraction        | 0.458       |
|    clip_range           | 0.1         |
|    clip_range_vf        | 0.2         |
|    entropy_loss         | 34.4        |
|    explained_variance   | 0.718       |
|    learning_rate        | 0.0001      |
|    loss                 | 2.64        |
|    n_updates            | 36          |
|    policy_gradient_loss | 0.0144      |
|    std                  | 0.0578      |
|    value_loss           | 0.864       |
-----------------------------------------
Early stopping at step 0 due to reaching max kl: 0.02
[HumanoidEnv] unhealthy terminate at step=295 z=0.19897 rpy=[0.000461795, 0.0991818, -0.0231191] v_body=[0.574043, 0.234573, -0.346062]
[HumanoidEnv] Reset state env_id=0 z=0.299136 rpy=[-0.00141339, -0.00104723, 0.000886206]
-----------------------------------------
| rollout/                |             |
|    ep_len_mean          | 676         |
|    ep_rew_mean          | 28.9        |
| time/                   |             |
|    fps                  | 3517        |
|    iterations           | 38          |
|    time_elapsed         | 1415        |
|    total_timesteps      | 4980736     |
| train/                  |             |
|    approx_kl            | 0.010876964 |
|    clip_fraction        | 0.46        |
|    clip_range           | 0.1         |
|    clip_range_vf        | 0.2         |
|    entropy_loss         | 34.3        |
|    explained_variance   | 0.728       |
|    learning_rate        | 0.0001      |
|    loss                 | 2.38        |
|    n_updates            | 37          |
|    policy_gradient_loss | 0.0144      |
|    std                  | 0.0581      |
|    value_loss           | 0.764       |
-----------------------------------------
Early stopping at step 0 due to reaching max kl: 0.02
INFO:root:VecNormalize statistics saved at: /app/envpool/data/260804_Z_curriculum/model_ckpt_vecnormalize.pkl
INFO:root:Model saved at: /app/envpool/data/260804_Z_curriculum/model_ckpt.zip
INFO:root:Checkpoint written at 5000960 timesteps
[HumanoidEnv] unhealthy terminate at step=646 z=0.196984 rpy=[-0.249552, 0.0263316, 0.104487] v_body=[0.389359, 0.269727, -0.450487]
[HumanoidEnv] Reset state env_id=0 z=0.29916 rpy=[-0.00135415, -0.000889633, 0.000946519]
-----------------------------------------
| rollout/                |             |
|    ep_len_mean          | 633         |
|    ep_rew_mean          | 27          |
| time/                   |             |
|    fps                  | 3516        |
|    iterations           | 39          |
|    time_elapsed         | 1453        |
|    total_timesteps      | 5111808     |
| train/                  |             |
|    approx_kl            | 0.011041052 |
|    clip_fraction        | 0.467       |
|    clip_range           | 0.1         |
|    clip_range_vf        | 0.2         |
|    entropy_loss         | 34.1        |
|    explained_variance   | 0.748       |
|    learning_rate        | 0.0001      |
|    loss                 | 2.48        |
|    n_updates            | 38          |
|    policy_gradient_loss | 0.0149      |
|    std                  | 0.0586      |
|    value_loss           | 0.752       |
-----------------------------------------
Early stopping at step 0 due to reaching max kl: 0.02
-----------------------------------------
| rollout/                |             |
|    ep_len_mean          | 660         |
|    ep_rew_mean          | 28.1        |
| time/                   |             |
|    fps                  | 3515        |
|    iterations           | 40          |
|    time_elapsed         | 1491        |
|    total_timesteps      | 5242880     |
| train/                  |             |
|    approx_kl            | 0.011055614 |
|    clip_fraction        | 0.468       |
|    clip_range           | 0.1         |
|    clip_range_vf        | 0.2         |
|    entropy_loss         | 33.9        |
|    explained_variance   | 0.759       |
|    learning_rate        | 0.0001      |
|    loss                 | 2.5         |
|    n_updates            | 39          |
|    policy_gradient_loss | 0.0142      |
|    std                  | 0.059       |
|    value_loss           | 0.824       |
-----------------------------------------
Early stopping at step 0 due to reaching max kl: 0.02
[HumanoidEnv] unhealthy terminate at step=852 z=0.19339 rpy=[-0.374504, 0.141267, 0.0921105] v_body=[-0.188882, 0.00625816, -0.72651]
[HumanoidEnv] Reset state env_id=0 z=0.299094 rpy=[0.00256331, -0.00123032, 0.000711087]
---------------------------------------
| rollout/                |           |
|    ep_len_mean          | 581       |
|    ep_rew_mean          | 24.6      |
| time/                   |           |
|    fps                  | 3515      |
|    iterations           | 41        |
|    time_elapsed         | 1528      |
|    total_timesteps      | 5373952   |
| train/                  |           |
|    approx_kl            | 0.0105954 |
|    clip_fraction        | 0.453     |
|    clip_range           | 0.1       |
|    clip_range_vf        | 0.2       |
|    entropy_loss         | 33.8      |
|    explained_variance   | 0.739     |
|    learning_rate        | 0.0001    |
|    loss                 | 2.39      |
|    n_updates            | 40        |
|    policy_gradient_loss | 0.0135    |
|    std                  | 0.0595    |
|    value_loss           | 0.756     |
---------------------------------------
Early stopping at step 0 due to reaching max kl: 0.02
[HumanoidEnv] unhealthy terminate at step=557 z=0.198883 rpy=[-0.103639, 0.116144, -0.966021] v_body=[0.622023, 0.282085, -0.522622]
[HumanoidEnv] Reset state env_id=0 z=0.299144 rpy=[-0.000671206, -0.000936216, 0.000807602]
-----------------------------------------
| rollout/                |             |
|    ep_len_mean          | 571         |
|    ep_rew_mean          | 24.3        |
| time/                   |             |
|    fps                  | 3515        |
|    iterations           | 42          |
|    time_elapsed         | 1565        |
|    total_timesteps      | 5505024     |
| train/                  |             |
|    approx_kl            | 0.011102016 |
|    clip_fraction        | 0.468       |
|    clip_range           | 0.1         |
|    clip_range_vf        | 0.2         |
|    entropy_loss         | 33.6        |
|    explained_variance   | 0.713       |
|    learning_rate        | 0.0001      |
|    loss                 | 2.68        |
|    n_updates            | 41          |
|    policy_gradient_loss | 0.0135      |
|    std                  | 0.0599      |
|    value_loss           | 0.871       |
-----------------------------------------
Early stopping at step 0 due to reaching max kl: 0.02
-----------------------------------------
| rollout/                |             |
|    ep_len_mean          | 558         |
|    ep_rew_mean          | 23.4        |
| time/                   |             |
|    fps                  | 3515        |
|    iterations           | 43          |
|    time_elapsed         | 1603        |
|    total_timesteps      | 5636096     |
| train/                  |             |
|    approx_kl            | 0.010780572 |
|    clip_fraction        | 0.462       |
|    clip_range           | 0.1         |
|    clip_range_vf        | 0.2         |
|    entropy_loss         | 33.4        |
|    explained_variance   | 0.715       |
|    learning_rate        | 0.0001      |
|    loss                 | 2.47        |
|    n_updates            | 42          |
|    policy_gradient_loss | 0.0141      |
|    std                  | 0.0604      |
|    value_loss           | 0.912       |
-----------------------------------------
Early stopping at step 1 due to reaching max kl: 0.02
[HumanoidEnv] unhealthy terminate at step=982 z=0.197631 rpy=[-0.25194, 0.0201336, -0.152061] v_body=[-0.168576, 0.0997154, -0.484605]
[HumanoidEnv] Reset state env_id=0 z=0.299114 rpy=[0.000103486, -0.00111647, 0.000850534]
[HumanoidEnv] unhealthy terminate at step=312 z=0.195021 rpy=[-0.0159358, 0.0742357, 0.0476828] v_body=[0.878555, -0.0517035, -0.82411]
[HumanoidEnv] Reset state env_id=0 z=0.299112 rpy=[9.16726e-05, -0.00113876, 0.000750723]
-----------------------------------------
| rollout/                |             |
|    ep_len_mean          | 542         |
|    ep_rew_mean          | 22.8        |
| time/                   |             |
|    fps                  | 3514        |
|    iterations           | 44          |
|    time_elapsed         | 1641        |
|    total_timesteps      | 5767168     |
| train/                  |             |
|    approx_kl            | 0.014466535 |
|    clip_fraction        | 0.472       |
|    clip_range           | 0.1         |
|    clip_range_vf        | 0.2         |
|    entropy_loss         | 33.2        |
|    explained_variance   | 0.723       |
|    learning_rate        | 0.0001      |
|    loss                 | 2.69        |
|    n_updates            | 44          |
|    policy_gradient_loss | 0.0147      |
|    std                  | 0.061       |
|    value_loss           | 0.851       |
-----------------------------------------
Early stopping at step 1 due to reaching max kl: 0.02
-----------------------------------------
| rollout/                |             |
|    ep_len_mean          | 605         |
|    ep_rew_mean          | 25.5        |
| time/                   |             |
|    fps                  | 3511        |
|    iterations           | 45          |
|    time_elapsed         | 1679        |
|    total_timesteps      | 5898240     |
| train/                  |             |
|    approx_kl            | 0.013355309 |
|    clip_fraction        | 0.47        |
|    clip_range           | 0.1         |
|    clip_range_vf        | 0.2         |
|    entropy_loss         | 33          |
|    explained_variance   | 0.738       |
|    learning_rate        | 0.0001      |
|    loss                 | 2.52        |
|    n_updates            | 46          |
|    policy_gradient_loss | 0.014       |
|    std                  | 0.0616      |
|    value_loss           | 0.851       |
-----------------------------------------
Early stopping at step 0 due to reaching max kl: 0.02
[HumanoidEnv] unhealthy terminate at step=684 z=0.190576 rpy=[-1.22264, -0.00793173, 0.528445] v_body=[0.818025, -0.204844, -0.28368]
[HumanoidEnv] Reset state env_id=0 z=0.299118 rpy=[0.00116916, -0.00109292, 0.000731737]
[HumanoidEnv] unhealthy terminate at step=257 z=0.196787 rpy=[-0.0122598, 0.102084, -0.264541] v_body=[0.127614, 0.0271766, -0.738857]
[HumanoidEnv] Reset state env_id=0 z=0.299096 rpy=[0.0019905, -0.00119691, 0.000730181]
INFO:root:VecNormalize statistics saved at: /app/envpool/data/260804_Z_curriculum/model_ckpt_vecnormalize.pkl
INFO:root:Model saved at: /app/envpool/data/260804_Z_curriculum/model_ckpt.zip
INFO:root:Checkpoint written at 6001152 timesteps
-----------------------------------------
| rollout/                |             |
|    ep_len_mean          | 546         |
|    ep_rew_mean          | 23.1        |
| time/                   |             |
|    fps                  | 3511        |
|    iterations           | 46          |
|    time_elapsed         | 1717        |
|    total_timesteps      | 6029312     |
| train/                  |             |
|    approx_kl            | 0.010118842 |
|    clip_fraction        | 0.448       |
|    clip_range           | 0.1         |
|    clip_range_vf        | 0.2         |
|    entropy_loss         | 32.7        |
|    explained_variance   | 0.721       |
|    learning_rate        | 0.0001      |
|    loss                 | 2.49        |
|    n_updates            | 47          |
|    policy_gradient_loss | 0.0138      |
|    std                  | 0.0621      |
|    value_loss           | 0.868       |
-----------------------------------------
Early stopping at step 0 due to reaching max kl: 0.02
[HumanoidEnv] unhealthy terminate at step=428 z=0.753618 rpy=[-1.23852, 0.152018, 0.72337] v_body=[0.449259, 1.35035, 0.514785]
[HumanoidEnv] Reset state env_id=0 z=0.299122 rpy=[0.0022855, -0.0010992, 0.000847929]
----------------------------------------
| rollout/                |            |
|    ep_len_mean          | 504        |
|    ep_rew_mean          | 21         |
| time/                   |            |
|    fps                  | 3501       |
|    iterations           | 47         |
|    time_elapsed         | 1759       |
|    total_timesteps      | 6160384    |
| train/                  |            |
|    approx_kl            | 0.01076813 |
|    clip_fraction        | 0.464      |
|    clip_range           | 0.1        |
|    clip_range_vf        | 0.2        |
|    entropy_loss         | 32.5       |
|    explained_variance   | 0.702      |
|    learning_rate        | 0.0001     |
|    loss                 | 2.67       |
|    n_updates            | 48         |
|    policy_gradient_loss | 0.0138     |
|    std                  | 0.0627     |
|    value_loss           | 0.874      |
----------------------------------------
Early stopping at step 1 due to reaching max kl: 0.02
[HumanoidEnv] unhealthy terminate at step=357 z=0.198404 rpy=[0.641155, 0.139743, 0.148983] v_body=[0.0252125, 0.0435615, -0.430326]
[HumanoidEnv] Reset state env_id=0 z=0.299099 rpy=[0.00167125, -0.00118078, 0.000756045]
[HumanoidEnv] unhealthy terminate at step=270 z=0.195277 rpy=[-0.213514, -0.00950356, 0.0714718] v_body=[0.598339, 0.314931, -0.564955]
[HumanoidEnv] Reset state env_id=0 z=0.299137 rpy=[0.000894792, -0.000961874, 0.000818195]
-----------------------------------------
| rollout/                |             |
|    ep_len_mean          | 503         |
|    ep_rew_mean          | 21.1        |
| time/                   |             |
|    fps                  | 3491        |
|    iterations           | 48          |
|    time_elapsed         | 1801        |
|    total_timesteps      | 6291456     |
| train/                  |             |
|    approx_kl            | 0.012528327 |
|    clip_fraction        | 0.468       |
|    clip_range           | 0.1         |
|    clip_range_vf        | 0.2         |
|    entropy_loss         | 32.3        |
|    explained_variance   | 0.707       |
|    learning_rate        | 0.0001      |
|    loss                 | 2.52        |
|    n_updates            | 50          |
|    policy_gradient_loss | 0.0131      |
|    std                  | 0.0634      |
|    value_loss           | 0.948       |
-----------------------------------------
Early stopping at step 1 due to reaching max kl: 0.02
[HumanoidEnv] unhealthy terminate at step=616 z=0.195932 rpy=[0.332191, -0.00615134, -0.121406] v_body=[-0.0666713, -0.239767, -0.70492]
[HumanoidEnv] Reset state env_id=0 z=0.299107 rpy=[0.00186134, -0.0011677, 0.000754772]
-----------------------------------------
| rollout/                |             |
|    ep_len_mean          | 630         |
|    ep_rew_mean          | 26.4        |
| time/                   |             |
|    fps                  | 3482        |
|    iterations           | 49          |
|    time_elapsed         | 1844        |
|    total_timesteps      | 6422528     |
| train/                  |             |
|    approx_kl            | 0.012720884 |
|    clip_fraction        | 0.468       |
|    clip_range           | 0.1         |
|    clip_range_vf        | 0.2         |
|    entropy_loss         | 32          |
|    explained_variance   | 0.703       |
|    learning_rate        | 0.0001      |
|    loss                 | 2.51        |
|    n_updates            | 52          |
|    policy_gradient_loss | 0.0134      |
|    std                  | 0.0641      |
|    value_loss           | 0.87        |
-----------------------------------------
Early stopping at step 0 due to reaching max kl: 0.02
-----------------------------------------
| rollout/                |             |
|    ep_len_mean          | 668         |
|    ep_rew_mean          | 28.1        |
| time/                   |             |
|    fps                  | 3475        |
|    iterations           | 50          |
|    time_elapsed         | 1885        |
|    total_timesteps      | 6553600     |
| train/                  |             |
|    approx_kl            | 0.010271856 |
|    clip_fraction        | 0.453       |
|    clip_range           | 0.1         |
|    clip_range_vf        | 0.2         |
|    entropy_loss         | 31.8        |
|    explained_variance   | 0.672       |
|    learning_rate        | 0.0001      |
|    loss                 | 2.46        |
|    n_updates            | 53          |
|    policy_gradient_loss | 0.0127      |
|    std                  | 0.0647      |
|    value_loss           | 0.793       |
-----------------------------------------
Early stopping at step 1 due to reaching max kl: 0.02
[HumanoidEnv] Reset state env_id=0 z=0.299113 rpy=[-0.000633185, -0.00110255, 0.000758668]
-----------------------------------------
| rollout/                |             |
|    ep_len_mean          | 706         |
|    ep_rew_mean          | 29.9        |
| time/                   |             |
|    fps                  | 3467        |
|    iterations           | 51          |
|    time_elapsed         | 1927        |
|    total_timesteps      | 6684672     |
| train/                  |             |
|    approx_kl            | 0.012787524 |
|    clip_fraction        | 0.465       |
|    clip_range           | 0.1         |
|    clip_range_vf        | 0.2         |
|    entropy_loss         | 31.5        |
|    explained_variance   | 0.691       |
|    learning_rate        | 0.0001      |
|    loss                 | 2.33        |
|    n_updates            | 55          |
|    policy_gradient_loss | 0.0127      |
|    std                  | 0.0653      |
|    value_loss           | 0.725       |
-----------------------------------------
Early stopping at step 1 due to reaching max kl: 0.02
[HumanoidEnv] unhealthy terminate at step=551 z=0.194835 rpy=[-0.00687636, 0.069607, -0.0924607] v_body=[0.853067, -0.0516291, -0.524768]
[HumanoidEnv] Reset state env_id=0 z=0.29913 rpy=[0.000681784, -0.00104571, 0.000871273]
-----------------------------------------
| rollout/                |             |
|    ep_len_mean          | 693         |
|    ep_rew_mean          | 29.2        |
| time/                   |             |
|    fps                  | 3460        |
|    iterations           | 52          |
|    time_elapsed         | 1969        |
|    total_timesteps      | 6815744     |
| train/                  |             |
|    approx_kl            | 0.013004429 |
|    clip_fraction        | 0.465       |
|    clip_range           | 0.1         |
|    clip_range_vf        | 0.2         |
|    entropy_loss         | 31.3        |
|    explained_variance   | 0.651       |
|    learning_rate        | 0.0001      |
|    loss                 | 2.26        |
|    n_updates            | 57          |
|    policy_gradient_loss | 0.0125      |
|    std                  | 0.0661      |
|    value_loss           | 0.757       |
-----------------------------------------
Early stopping at step 1 due to reaching max kl: 0.02
-----------------------------------------
| rollout/                |             |
|    ep_len_mean          | 617         |
|    ep_rew_mean          | 25.7        |
| time/                   |             |
|    fps                  | 3454        |
|    iterations           | 53          |
|    time_elapsed         | 2011        |
|    total_timesteps      | 6946816     |
| train/                  |             |
|    approx_kl            | 0.013516479 |
|    clip_fraction        | 0.462       |
|    clip_range           | 0.1         |
|    clip_range_vf        | 0.2         |
|    entropy_loss         | 31          |
|    explained_variance   | 0.692       |
|    learning_rate        | 0.0001      |
|    loss                 | 2.27        |
|    n_updates            | 59          |
|    policy_gradient_loss | 0.0123      |
|    std                  | 0.0668      |
|    value_loss           | 0.752       |
-----------------------------------------
Early stopping at step 1 due to reaching max kl: 0.02
[HumanoidEnv] unhealthy terminate at step=653 z=0.198078 rpy=[-1.04378, 0.0795575, 0.0674009] v_body=[-0.306393, -0.474469, -1.0688]
[HumanoidEnv] Reset state env_id=0 z=0.299122 rpy=[0.0015467, -0.00104922, 0.000766677]
INFO:root:VecNormalize statistics saved at: /app/envpool/data/260804_Z_curriculum/model_ckpt_vecnormalize.pkl
INFO:root:Model saved at: /app/envpool/data/260804_Z_curriculum/model_ckpt.zip
INFO:root:Checkpoint written at 7001344 timesteps
-----------------------------------------
| rollout/                |             |
|    ep_len_mean          | 599         |
|    ep_rew_mean          | 24.6        |
| time/                   |             |
|    fps                  | 3445        |
|    iterations           | 54          |
|    time_elapsed         | 2054        |
|    total_timesteps      | 7077888     |
| train/                  |             |
|    approx_kl            | 0.012476304 |
|    clip_fraction        | 0.454       |
|    clip_range           | 0.1         |
|    clip_range_vf        | 0.2         |
|    entropy_loss         | 30.7        |
|    explained_variance   | 0.7         |
|    learning_rate        | 0.0001      |
|    loss                 | 2.22        |
|    n_updates            | 61          |
|    policy_gradient_loss | 0.0128      |
|    std                  | 0.0676      |
|    value_loss           | 0.727       |
-----------------------------------------
Early stopping at step 1 due to reaching max kl: 0.02
[HumanoidEnv] unhealthy terminate at step=700 z=0.188916 rpy=[-2.36528, 0.0146426, -0.730369] v_body=[-0.26135, -1.98145, 1.04933]
[HumanoidEnv] Reset state env_id=0 z=0.299124 rpy=[0.00177278, -0.00108185, 0.00085751]
-----------------------------------------
| rollout/                |             |
|    ep_len_mean          | 569         |
|    ep_rew_mean          | 23.6        |
| time/                   |             |
|    fps                  | 3442        |
|    iterations           | 55          |
|    time_elapsed         | 2094        |
|    total_timesteps      | 7208960     |
| train/                  |             |
|    approx_kl            | 0.012325094 |
|    clip_fraction        | 0.446       |
|    clip_range           | 0.1         |
|    clip_range_vf        | 0.2         |
|    entropy_loss         | 30.5        |
|    explained_variance   | 0.74        |
|    learning_rate        | 0.0001      |
|    loss                 | 2.3         |
|    n_updates            | 63          |
|    policy_gradient_loss | 0.0121      |
|    std                  | 0.0684      |
|    value_loss           | 0.773       |
-----------------------------------------
Early stopping at step 1 due to reaching max kl: 0.02
[HumanoidEnv] unhealthy terminate at step=470 z=0.192805 rpy=[-0.104524, 0.127675, 0.0554279] v_body=[-0.173021, 0.121498, -0.726113]
[HumanoidEnv] Reset state env_id=0 z=0.299101 rpy=[0.00133105, -0.00116814, 0.000757416]
-----------------------------------------
| rollout/                |             |
|    ep_len_mean          | 570         |
|    ep_rew_mean          | 23.9        |
| time/                   |             |
|    fps                  | 3440        |
|    iterations           | 56          |
|    time_elapsed         | 2133        |
|    total_timesteps      | 7340032     |
| train/                  |             |
|    approx_kl            | 0.012596718 |
|    clip_fraction        | 0.456       |
|    clip_range           | 0.1         |
|    clip_range_vf        | 0.2         |
|    entropy_loss         | 30.1        |
|    explained_variance   | 0.734       |
|    learning_rate        | 0.0001      |
|    loss                 | 2.37        |
|    n_updates            | 65          |
|    policy_gradient_loss | 0.0126      |
|    std                  | 0.0693      |
|    value_loss           | 0.762       |
-----------------------------------------
Early stopping at step 1 due to reaching max kl: 0.02
[HumanoidEnv] unhealthy terminate at step=298 z=0.199592 rpy=[-0.134426, 0.0584532, 0.0648894] v_body=[0.667504, 0.331437, -0.508681]
[HumanoidEnv] Reset state env_id=0 z=0.299128 rpy=[-0.00121578, -0.00106803, 0.000775826]
-----------------------------------------
| rollout/                |             |
|    ep_len_mean          | 673         |
|    ep_rew_mean          | 28.2        |
| time/                   |             |
|    fps                  | 3436        |
|    iterations           | 57          |
|    time_elapsed         | 2173        |
|    total_timesteps      | 7471104     |
| train/                  |             |
|    approx_kl            | 0.012094443 |
|    clip_fraction        | 0.449       |
|    clip_range           | 0.1         |
|    clip_range_vf        | 0.2         |
|    entropy_loss         | 29.8        |
|    explained_variance   | 0.683       |
|    learning_rate        | 0.0001      |
|    loss                 | 2.36        |
|    n_updates            | 67          |
|    policy_gradient_loss | 0.0119      |
|    std                  | 0.0702      |
|    value_loss           | 0.77        |
-----------------------------------------
Early stopping at step 1 due to reaching max kl: 0.02
[HumanoidEnv] unhealthy terminate at step=912 z=0.194519 rpy=[-0.62235, 0.145312, 1.74164] v_body=[0.340305, 0.506634, -1.498]
[HumanoidEnv] Reset state env_id=0 z=0.299122 rpy=[-0.000345934, -0.00109538, 0.00077843]
-----------------------------------------
| rollout/                |             |
|    ep_len_mean          | 734         |
|    ep_rew_mean          | 31.1        |
| time/                   |             |
|    fps                  | 3433        |
|    iterations           | 58          |
|    time_elapsed         | 2214        |
|    total_timesteps      | 7602176     |
| train/                  |             |
|    approx_kl            | 0.012508874 |
|    clip_fraction        | 0.455       |
|    clip_range           | 0.1         |
|    clip_range_vf        | 0.2         |
|    entropy_loss         | 29.5        |
|    explained_variance   | 0.672       |
|    learning_rate        | 0.0001      |
|    loss                 | 2.08        |
|    n_updates            | 69          |
|    policy_gradient_loss | 0.0115      |
|    std                  | 0.0711      |
|    value_loss           | 0.726       |
-----------------------------------------
Early stopping at step 1 due to reaching max kl: 0.02
[HumanoidEnv] unhealthy terminate at step=503 z=0.191708 rpy=[-0.146611, 0.108049, -0.0102144] v_body=[0.205362, 0.0528688, -0.959037]
[HumanoidEnv] Reset state env_id=0 z=0.299148 rpy=[-0.000249534, -0.000925234, 0.000874851]
----------------------------------------
| rollout/                |            |
|    ep_len_mean          | 671        |
|    ep_rew_mean          | 28.5       |
| time/                   |            |
|    fps                  | 3431       |
|    iterations           | 59         |
|    time_elapsed         | 2253       |
|    total_timesteps      | 7733248    |
| train/                  |            |
|    approx_kl            | 0.01235929 |
|    clip_fraction        | 0.447      |
|    clip_range           | 0.1        |
|    clip_range_vf        | 0.2        |
|    entropy_loss         | 29.2       |
|    explained_variance   | 0.65       |
|    learning_rate        | 0.0001     |
|    loss                 | 2.28       |
|    n_updates            | 71         |
|    policy_gradient_loss | 0.0113     |
|    std                  | 0.0719     |
|    value_loss           | 0.788      |
----------------------------------------
Early stopping at step 1 due to reaching max kl: 0.02
-----------------------------------------
| rollout/                |             |
|    ep_len_mean          | 737         |
|    ep_rew_mean          | 30.9        |
| time/                   |             |
|    fps                  | 3428        |
|    iterations           | 60          |
|    time_elapsed         | 2293        |
|    total_timesteps      | 7864320     |
| train/                  |             |
|    approx_kl            | 0.012314954 |
|    clip_fraction        | 0.448       |
|    clip_range           | 0.1         |
|    clip_range_vf        | 0.2         |
|    entropy_loss         | 28.9        |
|    explained_variance   | 0.671       |
|    learning_rate        | 0.0001      |
|    loss                 | 2.21        |
|    n_updates            | 73          |
|    policy_gradient_loss | 0.011       |
|    std                  | 0.0729      |
|    value_loss           | 0.756       |
-----------------------------------------
Early stopping at step 1 due to reaching max kl: 0.02
[HumanoidEnv] Reset state env_id=0 z=0.299135 rpy=[-0.000554109, -0.000989122, 0.000765674]
----------------------------------------
| rollout/                |            |
|    ep_len_mean          | 841        |
|    ep_rew_mean          | 35.7       |
| time/                   |            |
|    fps                  | 3425       |
|    iterations           | 61         |
|    time_elapsed         | 2333       |
|    total_timesteps      | 7995392    |
| train/                  |            |
|    approx_kl            | 0.01277961 |
|    clip_fraction        | 0.45       |
|    clip_range           | 0.1        |
|    clip_range_vf        | 0.2        |
|    entropy_loss         | 28.6       |
|    explained_variance   | 0.682      |
|    learning_rate        | 0.0001     |
|    loss                 | 1.97       |
|    n_updates            | 75         |
|    policy_gradient_loss | 0.0114     |
|    std                  | 0.0739     |
|    value_loss           | 0.623      |
----------------------------------------
Early stopping at step 1 due to reaching max kl: 0.02
INFO:root:VecNormalize statistics saved at: /app/envpool/data/260804_Z_curriculum/model_ckpt_vecnormalize.pkl
INFO:root:Model saved at: /app/envpool/data/260804_Z_curriculum/model_ckpt.zip
INFO:root:Checkpoint written at 8001536 timesteps
-----------------------------------------
| rollout/                |             |
|    ep_len_mean          | 853         |
|    ep_rew_mean          | 36.4        |
| time/                   |             |
|    fps                  | 3423        |
|    iterations           | 62          |
|    time_elapsed         | 2373        |
|    total_timesteps      | 8126464     |
| train/                  |             |
|    approx_kl            | 0.012569313 |
|    clip_fraction        | 0.446       |
|    clip_range           | 0.1         |
|    clip_range_vf        | 0.2         |
|    entropy_loss         | 28.3        |
|    explained_variance   | 0.608       |
|    learning_rate        | 0.0001      |
|    loss                 | 2.02        |
|    n_updates            | 77          |
|    policy_gradient_loss | 0.0103      |
|    std                  | 0.0749      |
|    value_loss           | 0.651       |
-----------------------------------------
Early stopping at step 1 due to reaching max kl: 0.02
[HumanoidEnv] unhealthy terminate at step=939 z=0.197356 rpy=[0.601732, 0.183881, 0.165192] v_body=[0.729355, -0.344645, -0.841175]
[HumanoidEnv] Reset state env_id=0 z=0.299104 rpy=[0.00129592, -0.00117653, 0.000746051]
-----------------------------------------
| rollout/                |             |
|    ep_len_mean          | 800         |
|    ep_rew_mean          | 34          |
| time/                   |             |
|    fps                  | 3420        |
|    iterations           | 63          |
|    time_elapsed         | 2414        |
|    total_timesteps      | 8257536     |
| train/                  |             |
|    approx_kl            | 0.011642467 |
|    clip_fraction        | 0.439       |
|    clip_range           | 0.1         |
|    clip_range_vf        | 0.2         |
|    entropy_loss         | 28          |
|    explained_variance   | 0.61        |
|    learning_rate        | 0.0001      |
|    loss                 | 1.96        |
|    n_updates            | 79          |
|    policy_gradient_loss | 0.0109      |
|    std                  | 0.0759      |
|    value_loss           | 0.665       |
-----------------------------------------
Early stopping at step 1 due to reaching max kl: 0.02
[HumanoidEnv] unhealthy terminate at step=619 z=0.198901 rpy=[-0.426125, 0.0300522, 0.0481138] v_body=[0.475884, 0.214414, -0.630679]
[HumanoidEnv] Reset state env_id=0 z=0.299105 rpy=[0.00269567, -0.00122851, 0.000831621]
-----------------------------------------
| rollout/                |             |
|    ep_len_mean          | 745         |
|    ep_rew_mean          | 31.4        |
| time/                   |             |
|    fps                  | 3416        |
|    iterations           | 64          |
|    time_elapsed         | 2455        |
|    total_timesteps      | 8388608     |
| train/                  |             |
|    approx_kl            | 0.012367157 |
|    clip_fraction        | 0.447       |
|    clip_range           | 0.1         |
|    clip_range_vf        | 0.2         |
|    entropy_loss         | 27.6        |
|    explained_variance   | 0.634       |
|    learning_rate        | 0.0001      |
|    loss                 | 2.04        |
|    n_updates            | 81          |
|    policy_gradient_loss | 0.0109      |
|    std                  | 0.077       |
|    value_loss           | 0.701       |
-----------------------------------------
Early stopping at step 2 due to reaching max kl: 0.02
[HumanoidEnv] unhealthy terminate at step=538 z=0.199248 rpy=[0.241903, -0.0225756, 0.125003] v_body=[0.593866, -0.230129, -0.337409]
[HumanoidEnv] Reset state env_id=0 z=0.299142 rpy=[-0.00117686, -0.00102564, 0.000947263]
------------------------------------------
| rollout/                |              |
|    ep_len_mean          | 684          |
|    ep_rew_mean          | 28.4         |
| time/                   |              |
|    fps                  | 3408         |
|    iterations           | 65           |
|    time_elapsed         | 2499         |
|    total_timesteps      | 8519680      |
| train/                  |              |
|    approx_kl            | 0.0141301155 |
|    clip_fraction        | 0.456        |
|    clip_range           | 0.1          |
|    clip_range_vf        | 0.2          |
|    entropy_loss         | 27.3         |
|    explained_variance   | 0.645        |
|    learning_rate        | 0.0001       |
|    loss                 | 2.32         |
|    n_updates            | 84           |
|    policy_gradient_loss | 0.0113       |
|    std                  | 0.0782       |
|    value_loss           | 0.778        |
------------------------------------------
Early stopping at step 2 due to reaching max kl: 0.02
[HumanoidEnv] unhealthy terminate at step=401 z=0.196824 rpy=[0.282033, 0.286361, -0.0252198] v_body=[0.146564, -0.289492, -0.408366]
[HumanoidEnv] Reset state env_id=0 z=0.299143 rpy=[0.000243218, -0.000975244, 0.000924861]
-----------------------------------------
| rollout/                |             |
|    ep_len_mean          | 634         |
|    ep_rew_mean          | 25.8        |
| time/                   |             |
|    fps                  | 3401        |
|    iterations           | 66          |
|    time_elapsed         | 2543        |
|    total_timesteps      | 8650752     |
| train/                  |             |
|    approx_kl            | 0.014661223 |
|    clip_fraction        | 0.447       |
|    clip_range           | 0.1         |
|    clip_range_vf        | 0.2         |
|    entropy_loss         | 26.9        |
|    explained_variance   | 0.693       |
|    learning_rate        | 0.0001      |
|    loss                 | 2.21        |
|    n_updates            | 87          |
|    policy_gradient_loss | 0.0111      |
|    std                  | 0.0794      |
|    value_loss           | 0.791       |
-----------------------------------------
Early stopping at step 1 due to reaching max kl: 0.02
[HumanoidEnv] unhealthy terminate at step=371 z=0.193857 rpy=[-0.0185323, 0.0714035, 0.106782] v_body=[-0.183041, -0.0970431, -0.526191]
[HumanoidEnv] Reset state env_id=0 z=0.29911 rpy=[0.00206727, -0.00117553, 0.000812505]
----------------------------------------
| rollout/                |            |
|    ep_len_mean          | 590        |
|    ep_rew_mean          | 24.1       |
| time/                   |            |
|    fps                  | 3394       |
|    iterations           | 67         |
|    time_elapsed         | 2586       |
|    total_timesteps      | 8781824    |
| train/                  |            |
|    approx_kl            | 0.01172341 |
|    clip_fraction        | 0.436      |
|    clip_range           | 0.1        |
|    clip_range_vf        | 0.2        |
|    entropy_loss         | 26.5       |
|    explained_variance   | 0.743      |
|    learning_rate        | 0.0001     |
|    loss                 | 2.17       |
|    n_updates            | 89         |
|    policy_gradient_loss | 0.0108     |
|    std                  | 0.0806     |
|    value_loss           | 0.788      |
----------------------------------------
Early stopping at step 1 due to reaching max kl: 0.02
-----------------------------------------
| rollout/                |             |
|    ep_len_mean          | 710         |
|    ep_rew_mean          | 29.5        |
| time/                   |             |
|    fps                  | 3389        |
|    iterations           | 68          |
|    time_elapsed         | 2629        |
|    total_timesteps      | 8912896     |
| train/                  |             |
|    approx_kl            | 0.011801397 |
|    clip_fraction        | 0.433       |
|    clip_range           | 0.1         |
|    clip_range_vf        | 0.2         |
|    entropy_loss         | 26.2        |
|    explained_variance   | 0.72        |
|    learning_rate        | 0.0001      |
|    loss                 | 2.06        |
|    n_updates            | 91          |
|    policy_gradient_loss | 0.01        |
|    std                  | 0.0818      |
|    value_loss           | 0.705       |
-----------------------------------------
Early stopping at step 1 due to reaching max kl: 0.02
[HumanoidEnv] Reset state env_id=0 z=0.299103 rpy=[0.00108845, -0.00117632, 0.000719926]
INFO:root:VecNormalize statistics saved at: /app/envpool/data/260804_Z_curriculum/model_ckpt_vecnormalize.pkl
INFO:root:Model saved at: /app/envpool/data/260804_Z_curriculum/model_ckpt.zip
INFO:root:Checkpoint written at 9001728 timesteps
----------------------------------------
| rollout/                |            |
|    ep_len_mean          | 734        |
|    ep_rew_mean          | 30.3       |
| time/                   |            |
|    fps                  | 3387       |
|    iterations           | 69         |
|    time_elapsed         | 2669       |
|    total_timesteps      | 9043968    |
| train/                  |            |
|    approx_kl            | 0.01171128 |
|    clip_fraction        | 0.435      |
|    clip_range           | 0.1        |
|    clip_range_vf        | 0.2        |
|    entropy_loss         | 25.8       |
|    explained_variance   | 0.652      |
|    learning_rate        | 0.0001     |
|    loss                 | 2.08       |
|    n_updates            | 93         |
|    policy_gradient_loss | 0.0108     |
|    std                  | 0.0831     |
|    value_loss           | 0.67       |
----------------------------------------
Early stopping at step 1 due to reaching max kl: 0.02
[HumanoidEnv] unhealthy terminate at step=602 z=0.198155 rpy=[0.445122, -0.0730948, 0.193312] v_body=[0.614839, -0.0652029, -0.286488]
[HumanoidEnv] Reset state env_id=0 z=0.299136 rpy=[-0.000472156, -0.00101407, 0.000857566]
-----------------------------------------
| rollout/                |             |
|    ep_len_mean          | 717         |
|    ep_rew_mean          | 29.5        |
| time/                   |             |
|    fps                  | 3385        |
|    iterations           | 70          |
|    time_elapsed         | 2709        |
|    total_timesteps      | 9175040     |
| train/                  |             |
|    approx_kl            | 0.011710066 |
|    clip_fraction        | 0.431       |
|    clip_range           | 0.1         |
|    clip_range_vf        | 0.2         |
|    entropy_loss         | 25.5        |
|    explained_variance   | 0.699       |
|    learning_rate        | 0.0001      |
|    loss                 | 1.9         |
|    n_updates            | 95          |
|    policy_gradient_loss | 0.0103      |
|    std                  | 0.0843      |
|    value_loss           | 0.674       |
-----------------------------------------
Early stopping at step 2 due to reaching max kl: 0.02
[HumanoidEnv] unhealthy terminate at step=528 z=0.199061 rpy=[0.739596, -0.36969, 2.50217] v_body=[0.293219, -0.970829, -0.357813]
[HumanoidEnv] Reset state env_id=0 z=0.299125 rpy=[-0.000961494, -0.0010829, 0.00089928]
-----------------------------------------
| rollout/                |             |
|    ep_len_mean          | 684         |
|    ep_rew_mean          | 27.9        |
| time/                   |             |
|    fps                  | 3384        |
|    iterations           | 71          |
|    time_elapsed         | 2749        |
|    total_timesteps      | 9306112     |
| train/                  |             |
|    approx_kl            | 0.013756985 |
|    clip_fraction        | 0.432       |
|    clip_range           | 0.1         |
|    clip_range_vf        | 0.2         |
|    entropy_loss         | 25.1        |
|    explained_variance   | 0.752       |
|    learning_rate        | 0.0001      |
|    loss                 | 1.97        |
|    n_updates            | 98          |
|    policy_gradient_loss | 0.0104      |
|    std                  | 0.0856      |
|    value_loss           | 0.676       |
-----------------------------------------
Early stopping at step 1 due to reaching max kl: 0.02
[HumanoidEnv] unhealthy terminate at step=559 z=0.197953 rpy=[0.142067, 0.227166, 0.172024] v_body=[0.883491, 0.26014, -0.919548]
[HumanoidEnv] Reset state env_id=0 z=0.299102 rpy=[0.00246057, -0.00119994, 0.000742103]
-----------------------------------------
| rollout/                |             |
|    ep_len_mean          | 655         |
|    ep_rew_mean          | 26.4        |
| time/                   |             |
|    fps                  | 3383        |
|    iterations           | 72          |
|    time_elapsed         | 2788        |
|    total_timesteps      | 9437184     |
| train/                  |             |
|    approx_kl            | 0.010671379 |
|    clip_fraction        | 0.405       |
|    clip_range           | 0.1         |
|    clip_range_vf        | 0.2         |
|    entropy_loss         | 24.8        |
|    explained_variance   | 0.763       |
|    learning_rate        | 0.0001      |
|    loss                 | 2.23        |
|    n_updates            | 100         |
|    policy_gradient_loss | 0.0102      |
|    std                  | 0.0868      |
|    value_loss           | 0.748       |
-----------------------------------------
Early stopping at step 2 due to reaching max kl: 0.02
-----------------------------------------
| rollout/                |             |
|    ep_len_mean          | 632         |
|    ep_rew_mean          | 25.7        |
| time/                   |             |
|    fps                  | 3382        |
|    iterations           | 73          |
|    time_elapsed         | 2828        |
|    total_timesteps      | 9568256     |
| train/                  |             |
|    approx_kl            | 0.013412539 |
|    clip_fraction        | 0.423       |
|    clip_range           | 0.1         |
|    clip_range_vf        | 0.2         |
|    entropy_loss         | 24.4        |
|    explained_variance   | 0.788       |
|    learning_rate        | 0.0001      |
|    loss                 | 1.94        |
|    n_updates            | 103         |
|    policy_gradient_loss | 0.01        |
|    std                  | 0.0882      |
|    value_loss           | 0.725       |
-----------------------------------------
Early stopping at step 2 due to reaching max kl: 0.02
[HumanoidEnv] unhealthy terminate at step=891 z=0.199501 rpy=[-0.422446, 0.197708, -0.0332564] v_body=[0.444389, 0.20382, -0.586661]
[HumanoidEnv] Reset state env_id=0 z=0.299098 rpy=[0.00208299, -0.00120385, 0.000749042]
-----------------------------------------
| rollout/                |             |
|    ep_len_mean          | 771         |
|    ep_rew_mean          | 31.8        |
| time/                   |             |
|    fps                  | 3381        |
|    iterations           | 74          |
|    time_elapsed         | 2868        |
|    total_timesteps      | 9699328     |
| train/                  |             |
|    approx_kl            | 0.013142085 |
|    clip_fraction        | 0.429       |
|    clip_range           | 0.1         |
|    clip_range_vf        | 0.2         |
|    entropy_loss         | 24          |
|    explained_variance   | 0.756       |
|    learning_rate        | 0.0001      |
|    loss                 | 1.84        |
|    n_updates            | 106         |
|    policy_gradient_loss | 0.00987     |
|    std                  | 0.0897      |
|    value_loss           | 0.662       |
-----------------------------------------
Early stopping at step 2 due to reaching max kl: 0.02
[HumanoidEnv] unhealthy terminate at step=400 z=0.198495 rpy=[-0.0485873, 0.0305261, -0.136867] v_body=[0.688576, 0.125369, -0.468708]
[HumanoidEnv] Reset state env_id=0 z=0.299127 rpy=[0.00178656, -0.00102475, 0.000822266]
-----------------------------------------
| rollout/                |             |
|    ep_len_mean          | 778         |
|    ep_rew_mean          | 31.9        |
| time/                   |             |
|    fps                  | 3380        |
|    iterations           | 75          |
|    time_elapsed         | 2908        |
|    total_timesteps      | 9830400     |
| train/                  |             |
|    approx_kl            | 0.013623572 |
|    clip_fraction        | 0.418       |
|    clip_range           | 0.1         |
|    clip_range_vf        | 0.2         |
|    entropy_loss         | 23.6        |
|    explained_variance   | 0.699       |
|    learning_rate        | 0.0001      |
|    loss                 | 1.71        |
|    n_updates            | 109         |
|    policy_gradient_loss | 0.00938     |
|    std                  | 0.0911      |
|    value_loss           | 0.657       |
-----------------------------------------
Early stopping at step 2 due to reaching max kl: 0.02
-----------------------------------------
| rollout/                |             |
|    ep_len_mean          | 716         |
|    ep_rew_mean          | 29.3        |
| time/                   |             |
|    fps                  | 3379        |
|    iterations           | 76          |
|    time_elapsed         | 2947        |
|    total_timesteps      | 9961472     |
| train/                  |             |
|    approx_kl            | 0.013333476 |
|    clip_fraction        | 0.418       |
|    clip_range           | 0.1         |
|    clip_range_vf        | 0.2         |
|    entropy_loss         | 23.2        |
|    explained_variance   | 0.686       |
|    learning_rate        | 0.0001      |
|    loss                 | 1.93        |
|    n_updates            | 112         |
|    policy_gradient_loss | 0.00932     |
|    std                  | 0.0926      |
|    value_loss           | 0.698       |
-----------------------------------------
Early stopping at step 2 due to reaching max kl: 0.02
[HumanoidEnv] Reset state env_id=0 z=0.299104 rpy=[0.00207693, -0.0011933, 0.000788162]
INFO:root:VecNormalize statistics saved at: /app/envpool/data/260804_Z_curriculum/model_ckpt_vecnormalize.pkl
INFO:root:Model saved at: /app/envpool/data/260804_Z_curriculum/model_ckpt.zip
INFO:root:Checkpoint written at 10001920 timesteps
-----------------------------------------
| rollout/                |             |
|    ep_len_mean          | 713         |
|    ep_rew_mean          | 29          |
| time/                   |             |
|    fps                  | 3376        |
|    iterations           | 77          |
|    time_elapsed         | 2988        |
|    total_timesteps      | 10092544    |
| train/                  |             |
|    approx_kl            | 0.012872832 |
|    clip_fraction        | 0.427       |
|    clip_range           | 0.1         |
|    clip_range_vf        | 0.2         |
|    entropy_loss         | 22.8        |
|    explained_variance   | 0.737       |
|    learning_rate        | 0.0001      |
|    loss                 | 1.65        |
|    n_updates            | 115         |
|    policy_gradient_loss | 0.00978     |
|    std                  | 0.0942      |
|    value_loss           | 0.655       |
-----------------------------------------
Early stopping at step 2 due to reaching max kl: 0.02
-----------------------------------------
| rollout/                |             |
|    ep_len_mean          | 626         |
|    ep_rew_mean          | 25.4        |
| time/                   |             |
|    fps                  | 3370        |
|    iterations           | 78          |
|    time_elapsed         | 3033        |
|    total_timesteps      | 10223616    |
| train/                  |             |
|    approx_kl            | 0.012636491 |
|    clip_fraction        | 0.412       |
|    clip_range           | 0.1         |
|    clip_range_vf        | 0.2         |
|    entropy_loss         | 22.4        |
|    explained_variance   | 0.737       |
|    learning_rate        | 0.0001      |
|    loss                 | 1.77        |
|    n_updates            | 118         |
|    policy_gradient_loss | 0.00905     |
|    std                  | 0.0957      |
|    value_loss           | 0.738       |
-----------------------------------------
Early stopping at step 2 due to reaching max kl: 0.02
[HumanoidEnv] Reset state env_id=0 z=0.299121 rpy=[0.00116743, -0.00113393, 0.000884717]
[HumanoidEnv] unhealthy terminate at step=453 z=0.192326 rpy=[-0.302782, 0.189366, 0.104062] v_body=[0.252731, 0.104467, -0.915218]
[HumanoidEnv] Reset state env_id=0 z=0.299121 rpy=[0.00144163, -0.00112256, 0.000864366]
-----------------------------------------
| rollout/                |             |
|    ep_len_mean          | 647         |
|    ep_rew_mean          | 25.9        |
| time/                   |             |
|    fps                  | 3363        |
|    iterations           | 79          |
|    time_elapsed         | 3078        |
|    total_timesteps      | 10354688    |
| train/                  |             |
|    approx_kl            | 0.012669111 |
|    clip_fraction        | 0.422       |
|    clip_range           | 0.1         |
|    clip_range_vf        | 0.2         |
|    entropy_loss         | 22          |
|    explained_variance   | 0.725       |
|    learning_rate        | 0.0001      |
|    loss                 | 1.95        |
|    n_updates            | 121         |
|    policy_gradient_loss | 0.00902     |
|    std                  | 0.0973      |
|    value_loss           | 0.77        |
-----------------------------------------
Early stopping at step 2 due to reaching max kl: 0.02
[HumanoidEnv] unhealthy terminate at step=388 z=0.190924 rpy=[0.577027, -0.108635, -0.121243] v_body=[0.49636, 0.146077, -1.10592]
[HumanoidEnv] Reset state env_id=0 z=0.299135 rpy=[0.000691633, -0.00098282, 0.000820016]
----------------------------------------
| rollout/                |            |
|    ep_len_mean          | 658        |
|    ep_rew_mean          | 26.2       |
| time/                   |            |
|    fps                  | 3357       |
|    iterations           | 80         |
|    time_elapsed         | 3123       |
|    total_timesteps      | 10485760   |
| train/                  |            |
|    approx_kl            | 0.01297888 |
|    clip_fraction        | 0.425      |
|    clip_range           | 0.1        |
|    clip_range_vf        | 0.2        |
|    entropy_loss         | 21.6       |
|    explained_variance   | 0.72       |
|    learning_rate        | 0.0001     |
|    loss                 | 1.74       |
|    n_updates            | 124        |
|    policy_gradient_loss | 0.00874    |
|    std                  | 0.0991     |
|    value_loss           | 0.736      |
----------------------------------------
Early stopping at step 2 due to reaching max kl: 0.02
-----------------------------------------
| rollout/                |             |
|    ep_len_mean          | 606         |
|    ep_rew_mean          | 24.1        |
| time/                   |             |
|    fps                  | 3351        |
|    iterations           | 81          |
|    time_elapsed         | 3167        |
|    total_timesteps      | 10616832    |
| train/                  |             |
|    approx_kl            | 0.012451367 |
|    clip_fraction        | 0.422       |
|    clip_range           | 0.1         |
|    clip_range_vf        | 0.2         |
|    entropy_loss         | 21.2        |
|    explained_variance   | 0.704       |
|    learning_rate        | 0.0001      |
|    loss                 | 1.76        |
|    n_updates            | 127         |
|    policy_gradient_loss | 0.00886     |
|    std                  | 0.101       |
|    value_loss           | 0.777       |
-----------------------------------------
Early stopping at step 2 due to reaching max kl: 0.02
[HumanoidEnv] unhealthy terminate at step=647 z=0.188135 rpy=[1.26389, 0.224458, 2.61614] v_body=[-1.56647, -0.679642, -0.490307]
[HumanoidEnv] Reset state env_id=0 z=0.299106 rpy=[0.00190074, -0.00116968, 0.00073265]
-----------------------------------------
| rollout/                |             |
|    ep_len_mean          | 627         |
|    ep_rew_mean          | 25.1        |
| time/                   |             |
|    fps                  | 3344        |
|    iterations           | 82          |
|    time_elapsed         | 3213        |
|    total_timesteps      | 10747904    |
| train/                  |             |
|    approx_kl            | 0.012686157 |
|    clip_fraction        | 0.424       |
|    clip_range           | 0.1         |
|    clip_range_vf        | 0.2         |
|    entropy_loss         | 20.8        |
|    explained_variance   | 0.716       |
|    learning_rate        | 0.0001      |
|    loss                 | 1.91        |
|    n_updates            | 130         |
|    policy_gradient_loss | 0.00941     |
|    std                  | 0.103       |
|    value_loss           | 0.78        |
-----------------------------------------
Early stopping at step 2 due to reaching max kl: 0.02
[HumanoidEnv] unhealthy terminate at step=833 z=0.198106 rpy=[-0.0654833, 0.113801, -0.0470585] v_body=[0.19338, 0.37801, -0.583447]
[HumanoidEnv] Reset state env_id=0 z=0.299105 rpy=[0.00117065, -0.00117468, 0.000729352]
-----------------------------------------
| rollout/                |             |
|    ep_len_mean          | 578         |
|    ep_rew_mean          | 23.1        |
| time/                   |             |
|    fps                  | 3338        |
|    iterations           | 83          |
|    time_elapsed         | 3258        |
|    total_timesteps      | 10878976    |
| train/                  |             |
|    approx_kl            | 0.012550181 |
|    clip_fraction        | 0.422       |
|    clip_range           | 0.1         |
|    clip_range_vf        | 0.2         |
|    entropy_loss         | 20.3        |
|    explained_variance   | 0.707       |
|    learning_rate        | 0.0001      |
|    loss                 | 1.77        |
|    n_updates            | 133         |
|    policy_gradient_loss | 0.00919     |
|    std                  | 0.104       |
|    value_loss           | 0.789       |
-----------------------------------------
Early stopping at step 2 due to reaching max kl: 0.02
[HumanoidEnv] unhealthy terminate at step=524 z=0.199879 rpy=[-0.0664749, 0.170225, -0.0182915] v_body=[0.227634, 0.535793, -0.637046]
[HumanoidEnv] Reset state env_id=0 z=0.299139 rpy=[7.35393e-05, -0.000994521, 0.000888996]
INFO:root:VecNormalize statistics saved at: /app/envpool/data/260804_Z_curriculum/model_ckpt_vecnormalize.pkl
INFO:root:Model saved at: /app/envpool/data/260804_Z_curriculum/model_ckpt.zip
INFO:root:Checkpoint written at 11002112 timesteps
-----------------------------------------
| rollout/                |             |
|    ep_len_mean          | 590         |
|    ep_rew_mean          | 23.5        |
| time/                   |             |
|    fps                  | 3334        |
|    iterations           | 84          |
|    time_elapsed         | 3301        |
|    total_timesteps      | 11010048    |
| train/                  |             |
|    approx_kl            | 0.012341424 |
|    clip_fraction        | 0.415       |
|    clip_range           | 0.1         |
|    clip_range_vf        | 0.2         |
|    entropy_loss         | 19.9        |
|    explained_variance   | 0.721       |
|    learning_rate        | 0.0001      |
|    loss                 | 1.84        |
|    n_updates            | 136         |
|    policy_gradient_loss | 0.0085      |
|    std                  | 0.106       |
|    value_loss           | 0.759       |
-----------------------------------------
Early stopping at step 2 due to reaching max kl: 0.02
[HumanoidEnv] unhealthy terminate at step=529 z=0.194287 rpy=[0.00141392, 0.0940493, 0.0985983] v_body=[-0.0330594, -0.0897854, -0.814508]
[HumanoidEnv] Reset state env_id=0 z=0.299121 rpy=[-0.001257, -0.00108965, 0.000769389]
-----------------------------------------
| rollout/                |             |
|    ep_len_mean          | 643         |
|    ep_rew_mean          | 25.4        |
| time/                   |             |
|    fps                  | 3330        |
|    iterations           | 85          |
|    time_elapsed         | 3345        |
|    total_timesteps      | 11141120    |
| train/                  |             |
|    approx_kl            | 0.012315197 |
|    clip_fraction        | 0.421       |
|    clip_range           | 0.1         |
|    clip_range_vf        | 0.2         |
|    entropy_loss         | 19.5        |
|    explained_variance   | 0.673       |
|    learning_rate        | 0.0001      |
|    loss                 | 1.62        |
|    n_updates            | 139         |
|    policy_gradient_loss | 0.00893     |
|    std                  | 0.108       |
|    value_loss           | 0.741       |
-----------------------------------------
Early stopping at step 2 due to reaching max kl: 0.02
-----------------------------------------
| rollout/                |             |
|    ep_len_mean          | 620         |
|    ep_rew_mean          | 24.6        |
| time/                   |             |
|    fps                  | 3327        |
|    iterations           | 86          |
|    time_elapsed         | 3387        |
|    total_timesteps      | 11272192    |
| train/                  |             |
|    approx_kl            | 0.012349405 |
|    clip_fraction        | 0.409       |
|    clip_range           | 0.1         |
|    clip_range_vf        | 0.2         |
|    entropy_loss         | 19.1        |
|    explained_variance   | 0.68        |
|    learning_rate        | 0.0001      |
|    loss                 | 1.59        |
|    n_updates            | 142         |
|    policy_gradient_loss | 0.00802     |
|    std                  | 0.11        |
|    value_loss           | 0.731       |
-----------------------------------------
Early stopping at step 3 due to reaching max kl: 0.02
[HumanoidEnv] Reset state env_id=0 z=0.299138 rpy=[-7.96195e-05, -0.000954259, 0.000768362]
-----------------------------------------
| rollout/                |             |
|    ep_len_mean          | 711         |
|    ep_rew_mean          | 27.7        |
| time/                   |             |
|    fps                  | 3323        |
|    iterations           | 87          |
|    time_elapsed         | 3430        |
|    total_timesteps      | 11403264    |
| train/                  |             |
|    approx_kl            | 0.014217345 |
|    clip_fraction        | 0.418       |
|    clip_range           | 0.1         |
|    clip_range_vf        | 0.2         |
|    entropy_loss         | 18.7        |
|    explained_variance   | 0.694       |
|    learning_rate        | 0.0001      |
|    loss                 | 1.69        |
|    n_updates            | 146         |
|    policy_gradient_loss | 0.00874     |
|    std                  | 0.112       |
|    value_loss           | 0.689       |
-----------------------------------------
Early stopping at step 3 due to reaching max kl: 0.02
[HumanoidEnv] unhealthy terminate at step=673 z=0.196893 rpy=[0.013963, 0.0274767, -0.148261] v_body=[-0.23105, -0.0833655, -1.13084]
[HumanoidEnv] Reset state env_id=0 z=0.299118 rpy=[0.00158265, -0.00114146, 0.000853493]
-----------------------------------------
| rollout/                |             |
|    ep_len_mean          | 675         |
|    ep_rew_mean          | 26.1        |
| time/                   |             |
|    fps                  | 3317        |
|    iterations           | 88          |
|    time_elapsed         | 3477        |
|    total_timesteps      | 11534336    |
| train/                  |             |
|    approx_kl            | 0.013551416 |
|    clip_fraction        | 0.418       |
|    clip_range           | 0.1         |
|    clip_range_vf        | 0.2         |
|    entropy_loss         | 18.2        |
|    explained_variance   | 0.733       |
|    learning_rate        | 0.0001      |
|    loss                 | 1.64        |
|    n_updates            | 150         |
|    policy_gradient_loss | 0.00851     |
|    std                  | 0.114       |
|    value_loss           | 0.659       |
-----------------------------------------
Early stopping at step 3 due to reaching max kl: 0.02
-----------------------------------------
| rollout/                |             |
|    ep_len_mean          | 680         |
|    ep_rew_mean          | 26.4        |
| time/                   |             |
|    fps                  | 3310        |
|    iterations           | 89          |
|    time_elapsed         | 3523        |
|    total_timesteps      | 11665408    |
| train/                  |             |
|    approx_kl            | 0.013648715 |
|    clip_fraction        | 0.414       |
|    clip_range           | 0.1         |
|    clip_range_vf        | 0.2         |
|    entropy_loss         | 17.8        |
|    explained_variance   | 0.747       |
|    learning_rate        | 0.0001      |
|    loss                 | 1.56        |
|    n_updates            | 154         |
|    policy_gradient_loss | 0.00838     |
|    std                  | 0.116       |
|    value_loss           | 0.62        |
-----------------------------------------
Early stopping at step 3 due to reaching max kl: 0.02
[HumanoidEnv] Reset state env_id=0 z=0.299115 rpy=[2.17645e-05, -0.00111487, 0.00085832]
-----------------------------------------
| rollout/                |             |
|    ep_len_mean          | 659         |
|    ep_rew_mean          | 25.8        |
| time/                   |             |
|    fps                  | 3304        |
|    iterations           | 90          |
|    time_elapsed         | 3570        |
|    total_timesteps      | 11796480    |
| train/                  |             |
|    approx_kl            | 0.013665513 |
|    clip_fraction        | 0.426       |
|    clip_range           | 0.1         |
|    clip_range_vf        | 0.2         |
|    entropy_loss         | 17.3        |
|    explained_variance   | 0.743       |
|    learning_rate        | 0.0001      |
|    loss                 | 1.59        |
|    n_updates            | 158         |
|    policy_gradient_loss | 0.00865     |
|    std                  | 0.118       |
|    value_loss           | 0.648       |
-----------------------------------------
Early stopping at step 2 due to reaching max kl: 0.02
-----------------------------------------
| rollout/                |             |
|    ep_len_mean          | 651         |
|    ep_rew_mean          | 25.5        |
| time/                   |             |
|    fps                  | 3299        |
|    iterations           | 91          |
|    time_elapsed         | 3614        |
|    total_timesteps      | 11927552    |
| train/                  |             |
|    approx_kl            | 0.011907389 |
|    clip_fraction        | 0.404       |
|    clip_range           | 0.1         |
|    clip_range_vf        | 0.2         |
|    entropy_loss         | 16.9        |
|    explained_variance   | 0.707       |
|    learning_rate        | 0.0001      |
|    loss                 | 1.68        |
|    n_updates            | 161         |
|    policy_gradient_loss | 0.00826     |
|    std                  | 0.12        |
|    value_loss           | 0.693       |
-----------------------------------------
Early stopping at step 2 due to reaching max kl: 0.02
INFO:root:VecNormalize statistics saved at: /app/envpool/data/260804_Z_curriculum/model_ckpt_vecnormalize.pkl
INFO:root:Model saved at: /app/envpool/data/260804_Z_curriculum/model_ckpt.zip
INFO:root:Checkpoint written at 12002304 timesteps
[HumanoidEnv] Reset state env_id=0 z=0.299133 rpy=[-0.00200292, -0.00104929, 0.000862464]
-----------------------------------------
| rollout/                |             |
|    ep_len_mean          | 673         |
|    ep_rew_mean          | 26.3        |
| time/                   |             |
|    fps                  | 3293        |
|    iterations           | 92          |
|    time_elapsed         | 3661        |
|    total_timesteps      | 12058624    |
| train/                  |             |
|    approx_kl            | 0.011716274 |
|    clip_fraction        | 0.403       |
|    clip_range           | 0.1         |
|    clip_range_vf        | 0.2         |
|    entropy_loss         | 16.5        |
|    explained_variance   | 0.723       |
|    learning_rate        | 0.0001      |
|    loss                 | 1.45        |
|    n_updates            | 164         |
|    policy_gradient_loss | 0.00804     |
|    std                  | 0.122       |
|    value_loss           | 0.672       |
-----------------------------------------
Early stopping at step 2 due to reaching max kl: 0.02
-----------------------------------------
| rollout/                |             |
|    ep_len_mean          | 778         |
|    ep_rew_mean          | 30.5        |
| time/                   |             |
|    fps                  | 3288        |
|    iterations           | 93          |
|    time_elapsed         | 3706        |
|    total_timesteps      | 12189696    |
| train/                  |             |
|    approx_kl            | 0.012309805 |
|    clip_fraction        | 0.414       |
|    clip_range           | 0.1         |
|    clip_range_vf        | 0.2         |
|    entropy_loss         | 16.1        |
|    explained_variance   | 0.681       |
|    learning_rate        | 0.0001      |
|    loss                 | 1.44        |
|    n_updates            | 167         |
|    policy_gradient_loss | 0.00815     |
|    std                  | 0.125       |
|    value_loss           | 0.61        |
-----------------------------------------
Early stopping at step 2 due to reaching max kl: 0.02
[HumanoidEnv] unhealthy terminate at step=643 z=0.19905 rpy=[-0.13988, 0.0202897, -0.0160331] v_body=[0.513921, -0.0530302, -0.214792]
[HumanoidEnv] Reset state env_id=0 z=0.299133 rpy=[0.000253965, -0.00107013, 0.000924949]
-----------------------------------------
| rollout/                |             |
|    ep_len_mean          | 794         |
|    ep_rew_mean          | 31.4        |
| time/                   |             |
|    fps                  | 3284        |
|    iterations           | 94          |
|    time_elapsed         | 3751        |
|    total_timesteps      | 12320768    |
| train/                  |             |
|    approx_kl            | 0.012619294 |
|    clip_fraction        | 0.408       |
|    clip_range           | 0.1         |
|    clip_range_vf        | 0.2         |
|    entropy_loss         | 15.6        |
|    explained_variance   | 0.637       |
|    learning_rate        | 0.0001      |
|    loss                 | 1.43        |
|    n_updates            | 170         |
|    policy_gradient_loss | 0.00806     |
|    std                  | 0.127       |
|    value_loss           | 0.639       |
-----------------------------------------
Early stopping at step 2 due to reaching max kl: 0.02
[HumanoidEnv] unhealthy terminate at step=956 z=0.198458 rpy=[0.209689, -0.0382325, -0.0398184] v_body=[-0.0209445, -0.437532, -0.546329]
[HumanoidEnv] Reset state env_id=0 z=0.299133 rpy=[0.000732542, -0.00103834, 0.000891099]
-----------------------------------------
| rollout/                |             |
|    ep_len_mean          | 728         |
|    ep_rew_mean          | 28.7        |
| time/                   |             |
|    fps                  | 3281        |
|    iterations           | 95          |
|    time_elapsed         | 3794        |
|    total_timesteps      | 12451840    |
| train/                  |             |
|    approx_kl            | 0.012058951 |
|    clip_fraction        | 0.393       |
|    clip_range           | 0.1         |
|    clip_range_vf        | 0.2         |
|    entropy_loss         | 15.2        |
|    explained_variance   | 0.595       |
|    learning_rate        | 0.0001      |
|    loss                 | 1.24        |
|    n_updates            | 173         |
|    policy_gradient_loss | 0.00685     |
|    std                  | 0.129       |
|    value_loss           | 0.6         |
-----------------------------------------
Early stopping at step 2 due to reaching max kl: 0.02
-----------------------------------------
| rollout/                |             |
|    ep_len_mean          | 664         |
|    ep_rew_mean          | 26          |
| time/                   |             |
|    fps                  | 3280        |
|    iterations           | 96          |
|    time_elapsed         | 3836        |
|    total_timesteps      | 12582912    |
| train/                  |             |
|    approx_kl            | 0.012001995 |
|    clip_fraction        | 0.407       |
|    clip_range           | 0.1         |
|    clip_range_vf        | 0.2         |
|    entropy_loss         | 14.8        |
|    explained_variance   | 0.581       |
|    learning_rate        | 0.0001      |
|    loss                 | 1.51        |
|    n_updates            | 176         |
|    policy_gradient_loss | 0.00777     |
|    std                  | 0.132       |
|    value_loss           | 0.709       |
-----------------------------------------
Early stopping at step 3 due to reaching max kl: 0.02
[HumanoidEnv] unhealthy terminate at step=987 z=0.197063 rpy=[2.62633, 0.0917567, 2.45808] v_body=[0.701376, 0.239204, 2.2149]
[HumanoidEnv] Reset state env_id=0 z=0.29912 rpy=[0.00144252, -0.00113938, 0.000878694]
-----------------------------------------
| rollout/                |             |
|    ep_len_mean          | 702         |
|    ep_rew_mean          | 27.4        |
| time/                   |             |
|    fps                  | 3278        |
|    iterations           | 97          |
|    time_elapsed         | 3878        |
|    total_timesteps      | 12713984    |
| train/                  |             |
|    approx_kl            | 0.012968443 |
|    clip_fraction        | 0.397       |
|    clip_range           | 0.1         |
|    clip_range_vf        | 0.2         |
|    entropy_loss         | 14.3        |
|    explained_variance   | 0.639       |
|    learning_rate        | 0.0001      |
|    loss                 | 1.35        |
|    n_updates            | 180         |
|    policy_gradient_loss | 0.00766     |
|    std                  | 0.134       |
|    value_loss           | 0.676       |
-----------------------------------------
Early stopping at step 3 due to reaching max kl: 0.02
[HumanoidEnv] unhealthy terminate at step=366 z=0.196922 rpy=[0.320717, 0.109493, 0.177515] v_body=[0.253462, -0.00685808, -0.386713]
[HumanoidEnv] Reset state env_id=0 z=0.299126 rpy=[0.00140129, -0.00103329, 0.000802472]
-----------------------------------------
| rollout/                |             |
|    ep_len_mean          | 736         |
|    ep_rew_mean          | 28.6        |
| time/                   |             |
|    fps                  | 3276        |
|    iterations           | 98          |
|    time_elapsed         | 3920        |
|    total_timesteps      | 12845056    |
| train/                  |             |
|    approx_kl            | 0.013527514 |
|    clip_fraction        | 0.416       |
|    clip_range           | 0.1         |
|    clip_range_vf        | 0.2         |
|    entropy_loss         | 13.9        |
|    explained_variance   | 0.674       |
|    learning_rate        | 0.0001      |
|    loss                 | 1.33        |
|    n_updates            | 184         |
|    policy_gradient_loss | 0.00779     |
|    std                  | 0.137       |
|    value_loss           | 0.653       |
-----------------------------------------
Early stopping at step 2 due to reaching max kl: 0.02
-----------------------------------------
| rollout/                |             |
|    ep_len_mean          | 713         |
|    ep_rew_mean          | 27.6        |
| time/                   |             |
|    fps                  | 3275        |
|    iterations           | 99          |
|    time_elapsed         | 3961        |
|    total_timesteps      | 12976128    |
| train/                  |             |
|    approx_kl            | 0.011516435 |
|    clip_fraction        | 0.387       |
|    clip_range           | 0.1         |
|    clip_range_vf        | 0.2         |
|    entropy_loss         | 13.5        |
|    explained_variance   | 0.681       |
|    learning_rate        | 0.0001      |
|    loss                 | 1.46        |
|    n_updates            | 187         |
|    policy_gradient_loss | 0.00712     |
|    std                  | 0.139       |
|    value_loss           | 0.662       |
-----------------------------------------
Early stopping at step 2 due to reaching max kl: 0.02
INFO:root:VecNormalize statistics saved at: /app/envpool/data/260804_Z_curriculum/model_ckpt_vecnormalize.pkl
INFO:root:Model saved at: /app/envpool/data/260804_Z_curriculum/model_ckpt.zip
INFO:root:Checkpoint written at 13002496 timesteps
[HumanoidEnv] Reset state env_id=0 z=0.299141 rpy=[9.09907e-05, -0.000969191, 0.000871992]
----------------------------------------
| rollout/                |            |
|    ep_len_mean          | 701        |
|    ep_rew_mean          | 27         |
| time/                   |            |
|    fps                  | 3273       |
|    iterations           | 100        |
|    time_elapsed         | 4004       |
|    total_timesteps      | 13107200   |
| train/                  |            |
|    approx_kl            | 0.01185388 |
|    clip_fraction        | 0.397      |
|    clip_range           | 0.1        |
|    clip_range_vf        | 0.2        |
|    entropy_loss         | 13         |
|    explained_variance   | 0.668      |
|    learning_rate        | 0.0001     |
|    loss                 | 1.37       |
|    n_updates            | 190        |
|    policy_gradient_loss | 0.00682    |
|    std                  | 0.142      |
|    value_loss           | 0.677      |
----------------------------------------
Early stopping at step 3 due to reaching max kl: 0.02
[HumanoidEnv] unhealthy terminate at step=678 z=0.197883 rpy=[0.11735, 0.0499023, -0.0509297] v_body=[-0.12382, -0.28505, -0.427375]
[HumanoidEnv] Reset state env_id=0 z=0.299107 rpy=[0.000975117, -0.00116706, 0.000726834]
----------------------------------------
| rollout/                |            |
|    ep_len_mean          | 681        |
|    ep_rew_mean          | 26.2       |
| time/                   |            |
|    fps                  | 3267       |
|    iterations           | 101        |
|    time_elapsed         | 4051       |
|    total_timesteps      | 13238272   |
| train/                  |            |
|    approx_kl            | 0.01313206 |
|    clip_fraction        | 0.409      |
|    clip_range           | 0.1        |
|    clip_range_vf        | 0.2        |
|    entropy_loss         | 12.6       |
|    explained_variance   | 0.667      |
|    learning_rate        | 0.0001     |
|    loss                 | 1.49       |
|    n_updates            | 194        |
|    policy_gradient_loss | 0.00742    |
|    std                  | 0.144      |
|    value_loss           | 0.675      |
----------------------------------------
Early stopping at step 3 due to reaching max kl: 0.02
[HumanoidEnv] unhealthy terminate at step=390 z=0.198923 rpy=[0.584322, -0.176112, 0.221811] v_body=[0.337157, -0.335843, -0.363631]
[HumanoidEnv] Reset state env_id=0 z=0.299128 rpy=[-0.00163895, -0.00105002, 0.000883755]
[HumanoidEnv] unhealthy terminate at step=109 z=0.197137 rpy=[-0.260226, -0.0936675, -0.0245321] v_body=[1.1979, -0.0365318, -0.463665]
[HumanoidEnv] Reset state env_id=0 z=0.29912 rpy=[0.00229855, -0.00105382, 0.000760222]
-----------------------------------------
| rollout/                |             |
|    ep_len_mean          | 633         |
|    ep_rew_mean          | 24.2        |
| time/                   |             |
|    fps                  | 3263        |
|    iterations           | 102         |
|    time_elapsed         | 4097        |
|    total_timesteps      | 13369344    |
| train/                  |             |
|    approx_kl            | 0.012956308 |
|    clip_fraction        | 0.402       |
|    clip_range           | 0.1         |
|    clip_range_vf        | 0.2         |
|    entropy_loss         | 12.1        |
|    explained_variance   | 0.679       |
|    learning_rate        | 0.0001      |
|    loss                 | 1.35        |
|    n_updates            | 198         |
|    policy_gradient_loss | 0.00707     |
|    std                  | 0.147       |
|    value_loss           | 0.69        |
-----------------------------------------
Early stopping at step 4 due to reaching max kl: 0.02
-----------------------------------------
| rollout/                |             |
|    ep_len_mean          | 623         |
|    ep_rew_mean          | 23.6        |
| time/                   |             |
|    fps                  | 3256        |
|    iterations           | 103         |
|    time_elapsed         | 4145        |
|    total_timesteps      | 13500416    |
| train/                  |             |
|    approx_kl            | 0.013621168 |
|    clip_fraction        | 0.425       |
|    clip_range           | 0.1         |
|    clip_range_vf        | 0.2         |
|    entropy_loss         | 11.7        |
|    explained_variance   | 0.703       |
|    learning_rate        | 0.0001      |
|    loss                 | 1.14        |
|    n_updates            | 203         |
|    policy_gradient_loss | 0.0077      |
|    std                  | 0.15        |
|    value_loss           | 0.728       |
-----------------------------------------
Early stopping at step 3 due to reaching max kl: 0.02
[HumanoidEnv] Reset state env_id=0 z=0.299104 rpy=[0.00277746, -0.00120789, 0.000775308]
-----------------------------------------
| rollout/                |             |
|    ep_len_mean          | 627         |
|    ep_rew_mean          | 23.7        |
| time/                   |             |
|    fps                  | 3251        |
|    iterations           | 104         |
|    time_elapsed         | 4193        |
|    total_timesteps      | 13631488    |
| train/                  |             |
|    approx_kl            | 0.012367506 |
|    clip_fraction        | 0.411       |
|    clip_range           | 0.1         |
|    clip_range_vf        | 0.2         |
|    entropy_loss         | 11.2        |
|    explained_variance   | 0.733       |
|    learning_rate        | 0.0001      |
|    loss                 | 1.23        |
|    n_updates            | 207         |
|    policy_gradient_loss | 0.00757     |
|    std                  | 0.153       |
|    value_loss           | 0.653       |
-----------------------------------------
Early stopping at step 3 due to reaching max kl: 0.02
-----------------------------------------
| rollout/                |             |
|    ep_len_mean          | 645         |
|    ep_rew_mean          | 24.6        |
| time/                   |             |
|    fps                  | 3245        |
|    iterations           | 105         |
|    time_elapsed         | 4239        |
|    total_timesteps      | 13762560    |
| train/                  |             |
|    approx_kl            | 0.013126945 |
|    clip_fraction        | 0.406       |
|    clip_range           | 0.1         |
|    clip_range_vf        | 0.2         |
|    entropy_loss         | 10.8        |
|    explained_variance   | 0.714       |
|    learning_rate        | 0.0001      |
|    loss                 | 1.28        |
|    n_updates            | 211         |
|    policy_gradient_loss | 0.00704     |
|    std                  | 0.156       |
|    value_loss           | 0.693       |
-----------------------------------------
Early stopping at step 4 due to reaching max kl: 0.02
[HumanoidEnv] Reset state env_id=0 z=0.299108 rpy=[0.000982854, -0.00116254, 0.000745327]
-----------------------------------------
| rollout/                |             |
|    ep_len_mean          | 682         |
|    ep_rew_mean          | 25.8        |
| time/                   |             |
|    fps                  | 3240        |
|    iterations           | 106         |
|    time_elapsed         | 4287        |
|    total_timesteps      | 13893632    |
| train/                  |             |
|    approx_kl            | 0.013846917 |
|    clip_fraction        | 0.414       |
|    clip_range           | 0.1         |
|    clip_range_vf        | 0.2         |
|    entropy_loss         | 10.3        |
|    explained_variance   | 0.727       |
|    learning_rate        | 0.0001      |
|    loss                 | 1.2         |
|    n_updates            | 216         |
|    policy_gradient_loss | 0.00762     |
|    std                  | 0.159       |
|    value_loss           | 0.606       |
-----------------------------------------
Early stopping at step 3 due to reaching max kl: 0.02
INFO:root:VecNormalize statistics saved at: /app/envpool/data/260804_Z_curriculum/model_ckpt_vecnormalize.pkl
INFO:root:Model saved at: /app/envpool/data/260804_Z_curriculum/model_ckpt.zip
INFO:root:Checkpoint written at 14002688 timesteps
-----------------------------------------
| rollout/                |             |
|    ep_len_mean          | 713         |
|    ep_rew_mean          | 26.8        |
| time/                   |             |
|    fps                  | 3237        |
|    iterations           | 107         |
|    time_elapsed         | 4331        |
|    total_timesteps      | 14024704    |
| train/                  |             |
|    approx_kl            | 0.012538497 |
|    clip_fraction        | 0.402       |
|    clip_range           | 0.1         |
|    clip_range_vf        | 0.2         |
|    entropy_loss         | 9.86        |
|    explained_variance   | 0.74        |
|    learning_rate        | 0.0001      |
|    loss                 | 1.11        |
|    n_updates            | 220         |
|    policy_gradient_loss | 0.00699     |
|    std                  | 0.162       |
|    value_loss           | 0.601       |
-----------------------------------------
Early stopping at step 4 due to reaching max kl: 0.02
[HumanoidEnv] unhealthy terminate at step=659 z=0.196686 rpy=[-0.503957, 0.0283363, 0.0742861] v_body=[0.615111, 0.37452, -0.863045]
[HumanoidEnv] Reset state env_id=0 z=0.29912 rpy=[0.000349006, -0.0011035, 0.000772851]
-----------------------------------------
| rollout/                |             |
|    ep_len_mean          | 679         |
|    ep_rew_mean          | 25.6        |
| time/                   |             |
|    fps                  | 3233        |
|    iterations           | 108         |
|    time_elapsed         | 4377        |
|    total_timesteps      | 14155776    |
| train/                  |             |
|    approx_kl            | 0.013847612 |
|    clip_fraction        | 0.412       |
|    clip_range           | 0.1         |
|    clip_range_vf        | 0.2         |
|    entropy_loss         | 9.39        |
|    explained_variance   | 0.736       |
|    learning_rate        | 0.0001      |
|    loss                 | 1.04        |
|    n_updates            | 225         |
|    policy_gradient_loss | 0.00737     |
|    std                  | 0.165       |
|    value_loss           | 0.597       |
-----------------------------------------
Early stopping at step 4 due to reaching max kl: 0.02
[HumanoidEnv] unhealthy terminate at step=943 z=0.751875 rpy=[0.945279, -0.537832, -0.610961] v_body=[0.414007, 0.125856, 1.65267]
[HumanoidEnv] Reset state env_id=0 z=0.299126 rpy=[-0.00111211, -0.00108499, 0.000858951]
-----------------------------------------
| rollout/                |             |
|    ep_len_mean          | 679         |
|    ep_rew_mean          | 25.9        |
| time/                   |             |
|    fps                  | 3227        |
|    iterations           | 109         |
|    time_elapsed         | 4425        |
|    total_timesteps      | 14286848    |
| train/                  |             |
|    approx_kl            | 0.013082608 |
|    clip_fraction        | 0.416       |
|    clip_range           | 0.1         |
|    clip_range_vf        | 0.2         |
|    entropy_loss         | 8.93        |
|    explained_variance   | 0.747       |
|    learning_rate        | 0.0001      |
|    loss                 | 1.05        |
|    n_updates            | 230         |
|    policy_gradient_loss | 0.00725     |
|    std                  | 0.168       |
|    value_loss           | 0.59        |
-----------------------------------------
Early stopping at step 3 due to reaching max kl: 0.02
-----------------------------------------
| rollout/                |             |
|    ep_len_mean          | 688         |
|    ep_rew_mean          | 25.9        |
| time/                   |             |
|    fps                  | 3223        |
|    iterations           | 110         |
|    time_elapsed         | 4473        |
|    total_timesteps      | 14417920    |
| train/                  |             |
|    approx_kl            | 0.012520815 |
|    clip_fraction        | 0.408       |
|    clip_range           | 0.1         |
|    clip_range_vf        | 0.2         |
|    entropy_loss         | 8.47        |
|    explained_variance   | 0.741       |
|    learning_rate        | 0.0001      |
|    loss                 | 1.12        |
|    n_updates            | 234         |
|    policy_gradient_loss | 0.00697     |
|    std                  | 0.171       |
|    value_loss           | 0.63        |
-----------------------------------------
Early stopping at step 4 due to reaching max kl: 0.02
[HumanoidEnv] unhealthy terminate at step=578 z=0.199202 rpy=[0.0770285, 0.11661, 0.10791] v_body=[1.0824, -0.405095, -0.7005]
[HumanoidEnv] Reset state env_id=0 z=0.299115 rpy=[-0.000171842, -0.00112387, 0.000790741]
[HumanoidEnv] unhealthy terminate at step=236 z=0.194397 rpy=[0.411383, 0.126005, 0.108099] v_body=[0.474488, -0.174724, -0.810287]
[HumanoidEnv] Reset state env_id=0 z=0.299096 rpy=[0.00284037, -0.00123343, 0.000724371]
------------------------------------------
| rollout/                |              |
|    ep_len_mean          | 648          |
|    ep_rew_mean          | 24.3         |
| time/                   |              |
|    fps                  | 3216         |
|    iterations           | 111          |
|    time_elapsed         | 4522         |
|    total_timesteps      | 14548992     |
| train/                  |              |
|    approx_kl            | 0.0131301675 |
|    clip_fraction        | 0.414        |
|    clip_range           | 0.1          |
|    clip_range_vf        | 0.2          |
|    entropy_loss         | 8.01         |
|    explained_variance   | 0.766        |
|    learning_rate        | 0.0001       |
|    loss                 | 1.11         |
|    n_updates            | 239          |
|    policy_gradient_loss | 0.00718      |
|    std                  | 0.174        |
|    value_loss           | 0.598        |
------------------------------------------
Early stopping at step 3 due to reaching max kl: 0.02
[HumanoidEnv] unhealthy terminate at step=261 z=0.195676 rpy=[0.00198519, 0.156385, 0.0364383] v_body=[0.727121, 0.309238, -1.60797]
[HumanoidEnv] Reset state env_id=0 z=0.299125 rpy=[0.00163947, -0.00102323, 0.00075814]
-----------------------------------------
| rollout/                |             |
|    ep_len_mean          | 591         |
|    ep_rew_mean          | 21.8        |
| time/                   |             |
|    fps                  | 3212        |
|    iterations           | 112         |
|    time_elapsed         | 4569        |
|    total_timesteps      | 14680064    |
| train/                  |             |
|    approx_kl            | 0.012527647 |
|    clip_fraction        | 0.403       |
|    clip_range           | 0.1         |
|    clip_range_vf        | 0.2         |
|    entropy_loss         | 7.56        |
|    explained_variance   | 0.733       |
|    learning_rate        | 0.0001      |
|    loss                 | 1.04        |
|    n_updates            | 243         |
|    policy_gradient_loss | 0.00645     |
|    std                  | 0.178       |
|    value_loss           | 0.652       |
-----------------------------------------
Early stopping at step 5 due to reaching max kl: 0.02
[HumanoidEnv] unhealthy terminate at step=865 z=0.19446 rpy=[-0.0583642, 0.0584109, -0.270131] v_body=[0.109578, 0.224091, -0.730053]
[HumanoidEnv] Reset state env_id=0 z=0.299123 rpy=[-0.00111063, -0.00108544, 0.000835371]
-----------------------------------------
| rollout/                |             |
|    ep_len_mean          | 593         |
|    ep_rew_mean          | 21.9        |
| time/                   |             |
|    fps                  | 3205        |
|    iterations           | 113         |
|    time_elapsed         | 4620        |
|    total_timesteps      | 14811136    |
| train/                  |             |
|    approx_kl            | 0.013268823 |
|    clip_fraction        | 0.429       |
|    clip_range           | 0.1         |
|    clip_range_vf        | 0.2         |
|    entropy_loss         | 7.07        |
|    explained_variance   | 0.74        |
|    learning_rate        | 0.0001      |
|    loss                 | 1.09        |
|    n_updates            | 249         |
|    policy_gradient_loss | 0.00772     |
|    std                  | 0.181       |
|    value_loss           | 0.655       |
-----------------------------------------
Early stopping at step 4 due to reaching max kl: 0.02
[HumanoidEnv] unhealthy terminate at step=545 z=0.198498 rpy=[-0.308834, 0.105051, -2.95125] v_body=[0.29811, 0.572289, -0.296648]
[HumanoidEnv] Reset state env_id=0 z=0.299107 rpy=[0.00225236, -0.00119641, 0.000803151]
-----------------------------------------
| rollout/                |             |
|    ep_len_mean          | 566         |
|    ep_rew_mean          | 21.1        |
| time/                   |             |
|    fps                  | 3199        |
|    iterations           | 114         |
|    time_elapsed         | 4669        |
|    total_timesteps      | 14942208    |
| train/                  |             |
|    approx_kl            | 0.012961925 |
|    clip_fraction        | 0.415       |
|    clip_range           | 0.1         |
|    clip_range_vf        | 0.2         |
|    entropy_loss         | 6.62        |
|    explained_variance   | 0.729       |
|    learning_rate        | 0.0001      |
|    loss                 | 1.11        |
|    n_updates            | 254         |
|    policy_gradient_loss | 0.00729     |
|    std                  | 0.185       |
|    value_loss           | 0.685       |
-----------------------------------------
Early stopping at step 5 due to reaching max kl: 0.02
[HumanoidEnv] unhealthy terminate at step=337 z=0.186317 rpy=[0.0807222, -0.251784, -0.578583] v_body=[0.839781, -0.0594824, -1.92793]
[HumanoidEnv] Reset state env_id=0 z=0.299129 rpy=[4.49631e-05, -0.00109127, 0.000912666]
INFO:root:VecNormalize statistics saved at: /app/envpool/data/260804_Z_curriculum/model_ckpt_vecnormalize.pkl
INFO:root:Model saved at: /app/envpool/data/260804_Z_curriculum/model_ckpt.zip
INFO:root:Checkpoint written at 15002880 timesteps
-----------------------------------------
| rollout/                |             |
|    ep_len_mean          | 620         |
|    ep_rew_mean          | 23.1        |
| time/                   |             |
|    fps                  | 3195        |
|    iterations           | 115         |
|    time_elapsed         | 4716        |
|    total_timesteps      | 15073280    |
| train/                  |             |
|    approx_kl            | 0.013474169 |
|    clip_fraction        | 0.425       |
|    clip_range           | 0.1         |
|    clip_range_vf        | 0.2         |
|    entropy_loss         | 6.15        |
|    explained_variance   | 0.73        |
|    learning_rate        | 0.0001      |
|    loss                 | 0.829       |
|    n_updates            | 260         |
|    policy_gradient_loss | 0.00722     |
|    std                  | 0.188       |
|    value_loss           | 0.663       |
-----------------------------------------
Early stopping at step 4 due to reaching max kl: 0.02
[HumanoidEnv] unhealthy terminate at step=494 z=0.197635 rpy=[0.315607, -0.00401807, -0.0891886] v_body=[0.331135, -0.260858, -0.688531]
[HumanoidEnv] Reset state env_id=0 z=0.299113 rpy=[0.00118502, -0.00114308, 0.000811238]
------------------------------------------
| rollout/                |              |
|    ep_len_mean          | 579          |
|    ep_rew_mean          | 21.1         |
| time/                   |              |
|    fps                  | 3193         |
|    iterations           | 116          |
|    time_elapsed         | 4760         |
|    total_timesteps      | 15204352     |
| train/                  |              |
|    approx_kl            | 0.0129152285 |
|    clip_fraction        | 0.403        |
|    clip_range           | 0.1          |
|    clip_range_vf        | 0.2          |
|    entropy_loss         | 5.71         |
|    explained_variance   | 0.733        |
|    learning_rate        | 0.0001       |
|    loss                 | 0.923        |
|    n_updates            | 265          |
|    policy_gradient_loss | 0.00657      |
|    std                  | 0.192        |
|    value_loss           | 0.628        |
------------------------------------------
Early stopping at step 5 due to reaching max kl: 0.02
[HumanoidEnv] unhealthy terminate at step=327 z=0.197352 rpy=[-0.480372, -0.00605534, -0.249963] v_body=[0.395655, -0.319501, -0.94416]
[HumanoidEnv] Reset state env_id=0 z=0.299127 rpy=[0.00255254, -0.00104452, 0.000843515]
-----------------------------------------
| rollout/                |             |
|    ep_len_mean          | 573         |
|    ep_rew_mean          | 20.9        |
| time/                   |             |
|    fps                  | 3191        |
|    iterations           | 117         |
|    time_elapsed         | 4805        |
|    total_timesteps      | 15335424    |
| train/                  |             |
|    approx_kl            | 0.013302918 |
|    clip_fraction        | 0.42        |
|    clip_range           | 0.1         |
|    clip_range_vf        | 0.2         |
|    entropy_loss         | 5.24        |
|    explained_variance   | 0.748       |
|    learning_rate        | 0.0001      |
|    loss                 | 0.981       |
|    n_updates            | 271         |
|    policy_gradient_loss | 0.00676     |
|    std                  | 0.196       |
|    value_loss           | 0.675       |
-----------------------------------------
Early stopping at step 5 due to reaching max kl: 0.02
[HumanoidEnv] unhealthy terminate at step=771 z=0.196302 rpy=[2.11412, 0.251463, 0.411337] v_body=[-0.191207, 0.556134, -0.152105]
[HumanoidEnv] Reset state env_id=0 z=0.299112 rpy=[0.00075934, -0.00114424, 0.000726652]
-----------------------------------------
| rollout/                |             |
|    ep_len_mean          | 582         |
|    ep_rew_mean          | 21          |
| time/                   |             |
|    fps                  | 3187        |
|    iterations           | 118         |
|    time_elapsed         | 4851        |
|    total_timesteps      | 15466496    |
| train/                  |             |
|    approx_kl            | 0.012915464 |
|    clip_fraction        | 0.427       |
|    clip_range           | 0.1         |
|    clip_range_vf        | 0.2         |
|    entropy_loss         | 4.78        |
|    explained_variance   | 0.734       |
|    learning_rate        | 0.0001      |
|    loss                 | 0.912       |
|    n_updates            | 277         |
|    policy_gradient_loss | 0.00729     |
|    std                  | 0.199       |
|    value_loss           | 0.643       |
-----------------------------------------
Early stopping at step 5 due to reaching max kl: 0.02
[HumanoidEnv] unhealthy terminate at step=463 z=0.194969 rpy=[0.423785, 0.22569, -0.308388] v_body=[-0.0253828, -0.00127851, -0.818456]
[HumanoidEnv] Reset state env_id=0 z=0.299122 rpy=[0.000285602, -0.00109982, 0.00082877]
-----------------------------------------
| rollout/                |             |
|    ep_len_mean          | 589         |
|    ep_rew_mean          | 21.4        |
| time/                   |             |
|    fps                  | 3184        |
|    iterations           | 119         |
|    time_elapsed         | 4897        |
|    total_timesteps      | 15597568    |
| train/                  |             |
|    approx_kl            | 0.013356217 |
|    clip_fraction        | 0.428       |
|    clip_range           | 0.1         |
|    clip_range_vf        | 0.2         |
|    entropy_loss         | 4.31        |
|    explained_variance   | 0.769       |
|    learning_rate        | 0.0001      |
|    loss                 | 0.755       |
|    n_updates            | 283         |
|    policy_gradient_loss | 0.00706     |
|    std                  | 0.203       |
|    value_loss           | 0.629       |
-----------------------------------------
Early stopping at step 6 due to reaching max kl: 0.02
[HumanoidEnv] unhealthy terminate at step=399 z=0.198936 rpy=[0.067952, 0.163067, -0.00582094] v_body=[0.527495, -0.0165301, -0.84286]
[HumanoidEnv] Reset state env_id=0 z=0.299119 rpy=[0.00227751, -0.00116346, 0.000872637]
[HumanoidEnv] unhealthy terminate at step=277 z=0.194019 rpy=[0.0623857, 0.175605, 0.217164] v_body=[-0.570191, -0.103834, -0.739447]
[HumanoidEnv] Reset state env_id=0 z=0.299111 rpy=[0.00239774, -0.00112862, 0.000772855]
-----------------------------------------
| rollout/                |             |
|    ep_len_mean          | 608         |
|    ep_rew_mean          | 22          |
| time/                   |             |
|    fps                  | 3180        |
|    iterations           | 120         |
|    time_elapsed         | 4945        |
|    total_timesteps      | 15728640    |
| train/                  |             |
|    approx_kl            | 0.013425284 |
|    clip_fraction        | 0.435       |
|    clip_range           | 0.1         |
|    clip_range_vf        | 0.2         |
|    entropy_loss         | 3.83        |
|    explained_variance   | 0.74        |
|    learning_rate        | 0.0001      |
|    loss                 | 0.88        |
|    n_updates            | 290         |
|    policy_gradient_loss | 0.0074      |
|    std                  | 0.207       |
|    value_loss           | 0.624       |
-----------------------------------------
Early stopping at step 5 due to reaching max kl: 0.02
---------------------------------------
| rollout/                |           |
|    ep_len_mean          | 595       |
|    ep_rew_mean          | 21.5      |
| time/                   |           |
|    fps                  | 3177      |
|    iterations           | 121       |
|    time_elapsed         | 4991      |
|    total_timesteps      | 15859712  |
| train/                  |           |
|    approx_kl            | 0.0129522 |
|    clip_fraction        | 0.422     |
|    clip_range           | 0.1       |
|    clip_range_vf        | 0.2       |
|    entropy_loss         | 3.38      |
|    explained_variance   | 0.749     |
|    learning_rate        | 0.0001    |
|    loss                 | 0.788     |
|    n_updates            | 296       |
|    policy_gradient_loss | 0.00708   |
|    std                  | 0.211     |
|    value_loss           | 0.635     |
---------------------------------------
Early stopping at step 5 due to reaching max kl: 0.02
[HumanoidEnv] unhealthy terminate at step=810 z=0.199843 rpy=[-0.143062, 0.195523, -0.150573] v_body=[-0.132942, 0.0136301, -1.20325]
[HumanoidEnv] Reset state env_id=0 z=0.299097 rpy=[0.00184472, -0.00118352, 0.000756619]
[HumanoidEnv] unhealthy terminate at step=193 z=0.197472 rpy=[0.371589, 0.0803967, 0.103924] v_body=[0.582804, 0.0660443, -0.904594]
[HumanoidEnv] Reset state env_id=0 z=0.299158 rpy=[-0.0015684, -0.000886042, 0.00090874]
-----------------------------------------
| rollout/                |             |
|    ep_len_mean          | 582         |
|    ep_rew_mean          | 21          |
| time/                   |             |
|    fps                  | 3173        |
|    iterations           | 122         |
|    time_elapsed         | 5038        |
|    total_timesteps      | 15990784    |
| train/                  |             |
|    approx_kl            | 0.013143673 |
|    clip_fraction        | 0.428       |
|    clip_range           | 0.1         |
|    clip_range_vf        | 0.2         |
|    entropy_loss         | 2.92        |
|    explained_variance   | 0.753       |
|    learning_rate        | 0.0001      |
|    loss                 | 0.706       |
|    n_updates            | 302         |
|    policy_gradient_loss | 0.00677     |
|    std                  | 0.215       |
|    value_loss           | 0.571       |
-----------------------------------------
Early stopping at step 6 due to reaching max kl: 0.02
INFO:root:VecNormalize statistics saved at: /app/envpool/data/260804_Z_curriculum/model_ckpt_vecnormalize.pkl
INFO:root:Model saved at: /app/envpool/data/260804_Z_curriculum/model_ckpt.zip
INFO:root:Checkpoint written at 16003072 timesteps
-----------------------------------------
| rollout/                |             |
|    ep_len_mean          | 589         |
|    ep_rew_mean          | 20.9        |
| time/                   |             |
|    fps                  | 3169        |
|    iterations           | 123         |
|    time_elapsed         | 5085        |
|    total_timesteps      | 16121856    |
| train/                  |             |
|    approx_kl            | 0.012952951 |
|    clip_fraction        | 0.425       |
|    clip_range           | 0.1         |
|    clip_range_vf        | 0.2         |
|    entropy_loss         | 2.46        |
|    explained_variance   | 0.755       |
|    learning_rate        | 0.0001      |
|    loss                 | 0.772       |
|    n_updates            | 309         |
|    policy_gradient_loss | 0.00696     |
|    std                  | 0.219       |
|    value_loss           | 0.642       |
-----------------------------------------
Early stopping at step 7 due to reaching max kl: 0.02
[HumanoidEnv] unhealthy terminate at step=901 z=0.199853 rpy=[-0.379234, 0.240755, 0.0279736] v_body=[-0.161617, 0.301549, -0.708722]
[HumanoidEnv] Reset state env_id=0 z=0.29914 rpy=[-0.000299244, -0.000966748, 0.000823743]
-----------------------------------------
| rollout/                |             |
|    ep_len_mean          | 529         |
|    ep_rew_mean          | 19          |
| time/                   |             |
|    fps                  | 3165        |
|    iterations           | 124         |
|    time_elapsed         | 5134        |
|    total_timesteps      | 16252928    |
| train/                  |             |
|    approx_kl            | 0.013120131 |
|    clip_fraction        | 0.435       |
|    clip_range           | 0.1         |
|    clip_range_vf        | 0.2         |
|    entropy_loss         | 1.99        |
|    explained_variance   | 0.754       |
|    learning_rate        | 0.0001      |
|    loss                 | 0.696       |
|    n_updates            | 317         |
|    policy_gradient_loss | 0.00687     |
|    std                  | 0.224       |
|    value_loss           | 0.634       |
-----------------------------------------
Early stopping at step 5 due to reaching max kl: 0.02
[HumanoidEnv] unhealthy terminate at step=741 z=0.194496 rpy=[-0.0247223, 0.292116, 0.00148099] v_body=[0.201237, -0.311755, -0.677811]
[HumanoidEnv] Reset state env_id=0 z=0.299109 rpy=[0.00140453, -0.00116881, 0.000848244]
-----------------------------------------
| rollout/                |             |
|    ep_len_mean          | 529         |
|    ep_rew_mean          | 19          |
| time/                   |             |
|    fps                  | 3161        |
|    iterations           | 125         |
|    time_elapsed         | 5182        |
|    total_timesteps      | 16384000    |
| train/                  |             |
|    approx_kl            | 0.012333159 |
|    clip_fraction        | 0.416       |
|    clip_range           | 0.1         |
|    clip_range_vf        | 0.2         |
|    entropy_loss         | 1.56        |
|    explained_variance   | 0.751       |
|    learning_rate        | 0.0001      |
|    loss                 | 0.721       |
|    n_updates            | 323         |
|    policy_gradient_loss | 0.00654     |
|    std                  | 0.228       |
|    value_loss           | 0.662       |
-----------------------------------------
[HumanoidEnv] unhealthy terminate at step=88 z=0.197179 rpy=[-0.193614, -0.0483763, 0.0430832] v_body=[1.18956, 0.431834, -0.314069]
[HumanoidEnv] Reset state env_id=0 z=0.299119 rpy=[-9.06341e-06, -0.00111014, 0.000893881]
-----------------------------------------
| rollout/                |             |
|    ep_len_mean          | 507         |
|    ep_rew_mean          | 18.2        |
| time/                   |             |
|    fps                  | 3153        |
|    iterations           | 126         |
|    time_elapsed         | 5237        |
|    total_timesteps      | 16515072    |
| train/                  |             |
|    approx_kl            | 0.012945255 |
|    clip_fraction        | 0.452       |
|    clip_range           | 0.1         |
|    clip_range_vf        | 0.2         |
|    entropy_loss         | 1.08        |
|    explained_variance   | 0.758       |
|    learning_rate        | 0.0001      |
|    loss                 | 0.739       |
|    n_updates            | 333         |
|    policy_gradient_loss | 0.00668     |
|    std                  | 0.232       |
|    value_loss           | 0.629       |
-----------------------------------------
Early stopping at step 8 due to reaching max kl: 0.02
[HumanoidEnv] unhealthy terminate at step=484 z=0.199151 rpy=[0.113943, 0.112565, -0.0583266] v_body=[0.644119, -0.00131444, -0.242643]
[HumanoidEnv] Reset state env_id=0 z=0.299127 rpy=[0.00224785, -0.00101853, 0.000822387]
-----------------------------------------
| rollout/                |             |
|    ep_len_mean          | 482         |
|    ep_rew_mean          | 17          |
| time/                   |             |
|    fps                  | 3147        |
|    iterations           | 127         |
|    time_elapsed         | 5288        |
|    total_timesteps      | 16646144    |
| train/                  |             |
|    approx_kl            | 0.013166232 |
|    clip_fraction        | 0.45        |
|    clip_range           | 0.1         |
|    clip_range_vf        | 0.2         |
|    entropy_loss         | 0.629       |
|    explained_variance   | 0.743       |
|    learning_rate        | 0.0001      |
|    loss                 | 0.734       |
|    n_updates            | 342         |
|    policy_gradient_loss | 0.00702     |
|    std                  | 0.237       |
|    value_loss           | 0.691       |
-----------------------------------------
Early stopping at step 7 due to reaching max kl: 0.02
[HumanoidEnv] unhealthy terminate at step=579 z=0.190354 rpy=[-0.492791, 0.0169926, -0.491511] v_body=[-0.80782, -0.928514, -1.96038]
[HumanoidEnv] Reset state env_id=0 z=0.299123 rpy=[-0.00107293, -0.00109102, 0.000824678]
[HumanoidEnv] unhealthy terminate at step=298 z=0.181905 rpy=[0.199802, -0.0347788, -1.0254] v_body=[0.813292, -0.271828, -2.35843]
[HumanoidEnv] Reset state env_id=0 z=0.299135 rpy=[0.000821315, -0.000980972, 0.00081527]
-----------------------------------------
| rollout/                |             |
|    ep_len_mean          | 502         |
|    ep_rew_mean          | 17.4        |
| time/                   |             |
|    fps                  | 3142        |
|    iterations           | 128         |
|    time_elapsed         | 5338        |
|    total_timesteps      | 16777216    |
| train/                  |             |
|    approx_kl            | 0.013250748 |
|    clip_fraction        | 0.442       |
|    clip_range           | 0.1         |
|    clip_range_vf        | 0.2         |
|    entropy_loss         | 0.178       |
|    explained_variance   | 0.752       |
|    learning_rate        | 0.0001      |
|    loss                 | 0.749       |
|    n_updates            | 350         |
|    policy_gradient_loss | 0.00638     |
|    std                  | 0.241       |
|    value_loss           | 0.652       |
-----------------------------------------
Early stopping at step 8 due to reaching max kl: 0.02
[HumanoidEnv] unhealthy terminate at step=227 z=0.196733 rpy=[0.12087, -0.0146225, -0.157815] v_body=[0.257395, -0.0166042, -0.306305]
[HumanoidEnv] Reset state env_id=0 z=0.299115 rpy=[0.00286515, -0.00108884, 0.000769843]
-----------------------------------------
| rollout/                |             |
|    ep_len_mean          | 495         |
|    ep_rew_mean          | 17.4        |
| time/                   |             |
|    fps                  | 3137        |
|    iterations           | 129         |
|    time_elapsed         | 5389        |
|    total_timesteps      | 16908288    |
| train/                  |             |
|    approx_kl            | 0.013054469 |
|    clip_fraction        | 0.44        |
|    clip_range           | 0.1         |
|    clip_range_vf        | 0.2         |
|    entropy_loss         | -0.279      |
|    explained_variance   | 0.769       |
|    learning_rate        | 0.0001      |
|    loss                 | 0.638       |
|    n_updates            | 359         |
|    policy_gradient_loss | 0.00622     |
|    std                  | 0.246       |
|    value_loss           | 0.673       |
-----------------------------------------
Early stopping at step 9 due to reaching max kl: 0.02
[HumanoidEnv] unhealthy terminate at step=597 z=0.197533 rpy=[0.247312, 0.287844, -0.259354] v_body=[0.368589, 0.0482054, -0.2747]
[HumanoidEnv] Reset state env_id=0 z=0.299146 rpy=[3.69629e-05, -0.000935089, 0.000885212]
INFO:root:VecNormalize statistics saved at: /app/envpool/data/260804_Z_curriculum/model_ckpt_vecnormalize.pkl
INFO:root:Model saved at: /app/envpool/data/260804_Z_curriculum/model_ckpt.zip
INFO:root:Checkpoint written at 17003264 timesteps
[HumanoidEnv] unhealthy terminate at step=264 z=0.195737 rpy=[-0.360729, 0.25658, 0.0227536] v_body=[-0.127259, 0.120231, -0.881049]
[HumanoidEnv] Reset state env_id=0 z=0.299119 rpy=[0.00136763, -0.00112826, 0.000851434]
-----------------------------------------
| rollout/                |             |
|    ep_len_mean          | 453         |
|    ep_rew_mean          | 15.8        |
| time/                   |             |
|    fps                  | 3129        |
|    iterations           | 130         |
|    time_elapsed         | 5444        |
|    total_timesteps      | 17039360    |
| train/                  |             |
|    approx_kl            | 0.012876583 |
|    clip_fraction        | 0.453       |
|    clip_range           | 0.1         |
|    clip_range_vf        | 0.2         |
|    entropy_loss         | -0.738      |
|    explained_variance   | 0.754       |
|    learning_rate        | 0.0001      |
|    loss                 | 0.523       |
|    n_updates            | 369         |
|    policy_gradient_loss | 0.00661     |
|    std                  | 0.25        |
|    value_loss           | 0.632       |
-----------------------------------------
-----------------------------------------
| rollout/                |             |
|    ep_len_mean          | 494         |
|    ep_rew_mean          | 17.2        |
| time/                   |             |
|    fps                  | 3122        |
|    iterations           | 131         |
|    time_elapsed         | 5498        |
|    total_timesteps      | 17170432    |
| train/                  |             |
|    approx_kl            | 0.012386546 |
|    clip_fraction        | 0.442       |
|    clip_range           | 0.1         |
|    clip_range_vf        | 0.2         |
|    entropy_loss         | -1.18       |
|    explained_variance   | 0.757       |
|    learning_rate        | 0.0001      |
|    loss                 | 0.558       |
|    n_updates            | 379         |
|    policy_gradient_loss | 0.00606     |
|    std                  | 0.255       |
|    value_loss           | 0.641       |
-----------------------------------------
Early stopping at step 7 due to reaching max kl: 0.02
[HumanoidEnv] unhealthy terminate at step=764 z=0.196869 rpy=[1.49634, -0.0535657, 0.470341] v_body=[-0.655359, 0.554286, 0.212071]
[HumanoidEnv] Reset state env_id=0 z=0.299149 rpy=[-0.00163798, -0.000934906, 0.000854782]
[HumanoidEnv] unhealthy terminate at step=312 z=0.197026 rpy=[0.0232474, 0.0241373, -0.206131] v_body=[0.342088, -0.352956, -0.439339]
[HumanoidEnv] Reset state env_id=0 z=0.299116 rpy=[-0.000974241, -0.00109254, 0.00076045]
-----------------------------------------
| rollout/                |             |
|    ep_len_mean          | 497         |
|    ep_rew_mean          | 17.1        |
| time/                   |             |
|    fps                  | 3118        |
|    iterations           | 132         |
|    time_elapsed         | 5547        |
|    total_timesteps      | 17301504    |
| train/                  |             |
|    approx_kl            | 0.013014438 |
|    clip_fraction        | 0.437       |
|    clip_range           | 0.1         |
|    clip_range_vf        | 0.2         |
|    entropy_loss         | -1.61       |
|    explained_variance   | 0.754       |
|    learning_rate        | 0.0001      |
|    loss                 | 0.441       |
|    n_updates            | 387         |
|    policy_gradient_loss | 0.00617     |
|    std                  | 0.26        |
|    value_loss           | 0.605       |
-----------------------------------------
-----------------------------------------
| rollout/                |             |
|    ep_len_mean          | 510         |
|    ep_rew_mean          | 17.4        |
| time/                   |             |
|    fps                  | 3111        |
|    iterations           | 133         |
|    time_elapsed         | 5602        |
|    total_timesteps      | 17432576    |
| train/                  |             |
|    approx_kl            | 0.011844937 |
|    clip_fraction        | 0.43        |
|    clip_range           | 0.1         |
|    clip_range_vf        | 0.2         |
|    entropy_loss         | -2.05       |
|    explained_variance   | 0.774       |
|    learning_rate        | 0.0001      |
|    loss                 | 0.479       |
|    n_updates            | 397         |
|    policy_gradient_loss | 0.00541     |
|    std                  | 0.264       |
|    value_loss           | 0.62        |
-----------------------------------------
Early stopping at step 9 due to reaching max kl: 0.02
[HumanoidEnv] unhealthy terminate at step=849 z=0.763893 rpy=[0.399136, 1.34847, 1.07893] v_body=[1.43903, 1.65802, 0.154202]
[HumanoidEnv] Reset state env_id=0 z=0.299122 rpy=[-0.00117626, -0.00109132, 0.000767636]
-----------------------------------------
| rollout/                |             |
|    ep_len_mean          | 471         |
|    ep_rew_mean          | 16.3        |
| time/                   |             |
|    fps                  | 3105        |
|    iterations           | 134         |
|    time_elapsed         | 5656        |
|    total_timesteps      | 17563648    |
| train/                  |             |
|    approx_kl            | 0.012371527 |
|    clip_fraction        | 0.443       |
|    clip_range           | 0.1         |
|    clip_range_vf        | 0.2         |
|    entropy_loss         | -2.48       |
|    explained_variance   | 0.784       |
|    learning_rate        | 0.0001      |
|    loss                 | 0.478       |
|    n_updates            | 407         |
|    policy_gradient_loss | 0.0055      |
|    std                  | 0.269       |
|    value_loss           | 0.588       |
-----------------------------------------
[HumanoidEnv] unhealthy terminate at step=202 z=0.197546 rpy=[-0.723157, -0.0860135, -0.124613] v_body=[0.425169, -0.128004, -0.466034]
[HumanoidEnv] Reset state env_id=0 z=0.299131 rpy=[0.0027031, -0.00102978, 0.000857295]
[HumanoidEnv] unhealthy terminate at step=455 z=0.198726 rpy=[-0.626192, -0.100624, 0.0739359] v_body=[-0.441817, 0.477888, -0.712907]
[HumanoidEnv] Reset state env_id=0 z=0.299132 rpy=[-0.000534628, -0.00106781, 0.00089728]
-----------------------------------------
| rollout/                |             |
|    ep_len_mean          | 512         |
|    ep_rew_mean          | 17.6        |
| time/                   |             |
|    fps                  | 3098        |
|    iterations           | 135         |
|    time_elapsed         | 5710        |
|    total_timesteps      | 17694720    |
| train/                  |             |
|    approx_kl            | 0.012024721 |
|    clip_fraction        | 0.439       |
|    clip_range           | 0.1         |
|    clip_range_vf        | 0.2         |
|    entropy_loss         | -2.91       |
|    explained_variance   | 0.78        |
|    learning_rate        | 0.0001      |
|    loss                 | 0.446       |
|    n_updates            | 417         |
|    policy_gradient_loss | 0.00563     |
|    std                  | 0.274       |
|    value_loss           | 0.596       |
-----------------------------------------
[HumanoidEnv] unhealthy terminate at step=408 z=0.199339 rpy=[0.140067, 0.345731, -0.154012] v_body=[0.0455708, -0.0311088, -1.0858]
[HumanoidEnv] Reset state env_id=0 z=0.299134 rpy=[-0.000384003, -0.00103146, 0.00086617]
-----------------------------------------
| rollout/                |             |
|    ep_len_mean          | 499         |
|    ep_rew_mean          | 17          |
| time/                   |             |
|    fps                  | 3092        |
|    iterations           | 136         |
|    time_elapsed         | 5763        |
|    total_timesteps      | 17825792    |
| train/                  |             |
|    approx_kl            | 0.012843779 |
|    clip_fraction        | 0.451       |
|    clip_range           | 0.1         |
|    clip_range_vf        | 0.2         |
|    entropy_loss         | -3.35       |
|    explained_variance   | 0.772       |
|    learning_rate        | 0.0001      |
|    loss                 | 0.346       |
|    n_updates            | 427         |
|    policy_gradient_loss | 0.00585     |
|    std                  | 0.279       |
|    value_loss           | 0.54        |
-----------------------------------------
[HumanoidEnv] unhealthy terminate at step=361 z=0.192568 rpy=[-1.04636, -0.0592199, -0.362279] v_body=[-0.297655, -1.99563, -0.320213]
[HumanoidEnv] Reset state env_id=0 z=0.299109 rpy=[0.00251586, -0.00113017, 0.00071322]
-----------------------------------------
| rollout/                |             |
|    ep_len_mean          | 519         |
|    ep_rew_mean          | 17.5        |
| time/                   |             |
|    fps                  | 3086        |
|    iterations           | 137         |
|    time_elapsed         | 5818        |
|    total_timesteps      | 17956864    |
| train/                  |             |
|    approx_kl            | 0.012221888 |
|    clip_fraction        | 0.442       |
|    clip_range           | 0.1         |
|    clip_range_vf        | 0.2         |
|    entropy_loss         | -3.79       |
|    explained_variance   | 0.785       |
|    learning_rate        | 0.0001      |
|    loss                 | 0.379       |
|    n_updates            | 437         |
|    policy_gradient_loss | 0.00532     |
|    std                  | 0.284       |
|    value_loss           | 0.573       |
-----------------------------------------
INFO:root:VecNormalize statistics saved at: /app/envpool/data/260804_Z_curriculum/model_ckpt_vecnormalize.pkl
INFO:root:Model saved at: /app/envpool/data/260804_Z_curriculum/model_ckpt.zip
INFO:root:Checkpoint written at 18003456 timesteps
[HumanoidEnv] unhealthy terminate at step=668 z=0.196045 rpy=[-0.902732, -0.1466, -0.789376] v_body=[0.453227, -1.05854, -1.12325]
[HumanoidEnv] Reset state env_id=0 z=0.299132 rpy=[-0.00131566, -0.00104526, 0.000800382]
-----------------------------------------
| rollout/                |             |
|    ep_len_mean          | 451         |
|    ep_rew_mean          | 15.1        |
| time/                   |             |
|    fps                  | 3079        |
|    iterations           | 138         |
|    time_elapsed         | 5872        |
|    total_timesteps      | 18087936    |
| train/                  |             |
|    approx_kl            | 0.011922266 |
|    clip_fraction        | 0.435       |
|    clip_range           | 0.1         |
|    clip_range_vf        | 0.2         |
|    entropy_loss         | -4.21       |
|    explained_variance   | 0.814       |
|    learning_rate        | 0.0001      |
|    loss                 | 0.308       |
|    n_updates            | 447         |
|    policy_gradient_loss | 0.00507     |
|    std                  | 0.289       |
|    value_loss           | 0.541       |
-----------------------------------------
[HumanoidEnv] unhealthy terminate at step=521 z=0.198224 rpy=[0.402473, -0.286373, 1.25333] v_body=[-1.09823, 1.07216, -1.23792]
[HumanoidEnv] Reset state env_id=0 z=0.299118 rpy=[0.000237472, -0.00112787, 0.000867305]
-----------------------------------------
| rollout/                |             |
|    ep_len_mean          | 434         |
|    ep_rew_mean          | 14.2        |
| time/                   |             |
|    fps                  | 3073        |
|    iterations           | 139         |
|    time_elapsed         | 5926        |
|    total_timesteps      | 18219008    |
| train/                  |             |
|    approx_kl            | 0.011909212 |
|    clip_fraction        | 0.436       |
|    clip_range           | 0.1         |
|    clip_range_vf        | 0.2         |
|    entropy_loss         | -4.63       |
|    explained_variance   | 0.79        |
|    learning_rate        | 0.0001      |
|    loss                 | 0.427       |
|    n_updates            | 457         |
|    policy_gradient_loss | 0.00506     |
|    std                  | 0.295       |
|    value_loss           | 0.577       |
-----------------------------------------
[HumanoidEnv] unhealthy terminate at step=485 z=0.196261 rpy=[0.176803, 0.323253, 0.423398] v_body=[-1.44402, -0.675108, 0.0805185]
[HumanoidEnv] Reset state env_id=0 z=0.299103 rpy=[0.00146593, -0.00118699, 0.000714968]
-----------------------------------------
| rollout/                |             |
|    ep_len_mean          | 493         |
|    ep_rew_mean          | 16.3        |
| time/                   |             |
|    fps                  | 3067        |
|    iterations           | 140         |
|    time_elapsed         | 5981        |
|    total_timesteps      | 18350080    |
| train/                  |             |
|    approx_kl            | 0.011308349 |
|    clip_fraction        | 0.426       |
|    clip_range           | 0.1         |
|    clip_range_vf        | 0.2         |
|    entropy_loss         | -5.04       |
|    explained_variance   | 0.803       |
|    learning_rate        | 0.0001      |
|    loss                 | 0.373       |
|    n_updates            | 467         |
|    policy_gradient_loss | 0.00438     |
|    std                  | 0.299       |
|    value_loss           | 0.571       |
-----------------------------------------
[HumanoidEnv] unhealthy terminate at step=364 z=0.196175 rpy=[0.292055, 0.118244, -0.269002] v_body=[0.55092, -0.0745878, -0.652532]
[HumanoidEnv] Reset state env_id=0 z=0.299127 rpy=[0.000376314, -0.00110699, 0.00090525]
-----------------------------------------
| rollout/                |             |
|    ep_len_mean          | 453         |
|    ep_rew_mean          | 14.9        |
| time/                   |             |
|    fps                  | 3062        |
|    iterations           | 141         |
|    time_elapsed         | 6034        |
|    total_timesteps      | 18481152    |
| train/                  |             |
|    approx_kl            | 0.011878031 |
|    clip_fraction        | 0.434       |
|    clip_range           | 0.1         |
|    clip_range_vf        | 0.2         |
|    entropy_loss         | -5.46       |
|    explained_variance   | 0.801       |
|    learning_rate        | 0.0001      |
|    loss                 | 0.213       |
|    n_updates            | 477         |
|    policy_gradient_loss | 0.00462     |
|    std                  | 0.305       |
|    value_loss           | 0.543       |
-----------------------------------------
[HumanoidEnv] unhealthy terminate at step=671 z=0.197777 rpy=[-0.0211567, 0.098956, -0.235035] v_body=[0.166525, -0.00360936, -0.672247]
[HumanoidEnv] Reset state env_id=0 z=0.299143 rpy=[-0.0016918, -0.000958674, 0.000802591]
-----------------------------------------
| rollout/                |             |
|    ep_len_mean          | 426         |
|    ep_rew_mean          | 14.2        |
| time/                   |             |
|    fps                  | 3056        |
|    iterations           | 142         |
|    time_elapsed         | 6088        |
|    total_timesteps      | 18612224    |
| train/                  |             |
|    approx_kl            | 0.011502603 |
|    clip_fraction        | 0.43        |
|    clip_range           | 0.1         |
|    clip_range_vf        | 0.2         |
|    entropy_loss         | -5.87       |
|    explained_variance   | 0.795       |
|    learning_rate        | 0.0001      |
|    loss                 | 0.219       |
|    n_updates            | 487         |
|    policy_gradient_loss | 0.00439     |
|    std                  | 0.31        |
|    value_loss           | 0.581       |
-----------------------------------------
-----------------------------------------
| rollout/                |             |
|    ep_len_mean          | 403         |
|    ep_rew_mean          | 13.1        |
| time/                   |             |
|    fps                  | 3051        |
|    iterations           | 143         |
|    time_elapsed         | 6142        |
|    total_timesteps      | 18743296    |
| train/                  |             |
|    approx_kl            | 0.011840433 |
|    clip_fraction        | 0.437       |
|    clip_range           | 0.1         |
|    clip_range_vf        | 0.2         |
|    entropy_loss         | -6.29       |
|    explained_variance   | 0.803       |
|    learning_rate        | 0.0001      |
|    loss                 | 0.284       |
|    n_updates            | 497         |
|    policy_gradient_loss | 0.00447     |
|    std                  | 0.316       |
|    value_loss           | 0.577       |
-----------------------------------------
[HumanoidEnv] unhealthy terminate at step=840 z=0.196797 rpy=[-2.72922, 0.468766, 0.267614] v_body=[-0.345741, -0.17928, 1.07426]
[HumanoidEnv] Reset state env_id=0 z=0.299115 rpy=[0.00270582, -0.00117809, 0.000848605]
[HumanoidEnv] unhealthy terminate at step=293 z=0.196526 rpy=[2.91936, 0.031909, 1.85552] v_body=[0.657862, -0.241917, 2.06848]
[HumanoidEnv] Reset state env_id=0 z=0.299116 rpy=[0.000550086, -0.00113588, 0.000837228]
-----------------------------------------
| rollout/                |             |
|    ep_len_mean          | 408         |
|    ep_rew_mean          | 13.3        |
| time/                   |             |
|    fps                  | 3045        |
|    iterations           | 144         |
|    time_elapsed         | 6196        |
|    total_timesteps      | 18874368    |
| train/                  |             |
|    approx_kl            | 0.011738336 |
|    clip_fraction        | 0.431       |
|    clip_range           | 0.1         |
|    clip_range_vf        | 0.2         |
|    entropy_loss         | -6.7        |
|    explained_variance   | 0.805       |
|    learning_rate        | 0.0001      |
|    loss                 | 0.14        |
|    n_updates            | 507         |
|    policy_gradient_loss | 0.00425     |
|    std                  | 0.321       |
|    value_loss           | 0.547       |
-----------------------------------------
[HumanoidEnv] unhealthy terminate at step=87 z=0.199166 rpy=[0.151228, 0.128656, 0.135878] v_body=[0.666303, 0.232688, -0.618792]
[HumanoidEnv] Reset state env_id=0 z=0.29913 rpy=[-0.00163091, -0.00106547, 0.000868353]
[HumanoidEnv] unhealthy terminate at step=354 z=0.19882 rpy=[0.467915, 0.0116559, -2.61107] v_body=[-0.25043, -1.07149, -0.31477]
[HumanoidEnv] Reset state env_id=0 z=0.299124 rpy=[0.000499456, -0.00105586, 0.000744544]
INFO:root:VecNormalize statistics saved at: /app/envpool/data/260804_Z_curriculum/model_ckpt_vecnormalize.pkl
INFO:root:Model saved at: /app/envpool/data/260804_Z_curriculum/model_ckpt.zip
INFO:root:Checkpoint written at 19003648 timesteps
----------------------------------------
| rollout/                |            |
|    ep_len_mean          | 387        |
|    ep_rew_mean          | 12.6       |
| time/                   |            |
|    fps                  | 3040       |
|    iterations           | 145        |
|    time_elapsed         | 6250       |
|    total_timesteps      | 19005440   |
| train/                  |            |
|    approx_kl            | 0.01067062 |
|    clip_fraction        | 0.417      |
|    clip_range           | 0.1        |
|    clip_range_vf        | 0.2        |
|    entropy_loss         | -7.1       |
|    explained_variance   | 0.801      |
|    learning_rate        | 0.0001     |
|    loss                 | 0.204      |
|    n_updates            | 517        |
|    policy_gradient_loss | 0.00399    |
|    std                  | 0.326      |
|    value_loss           | 0.595      |
----------------------------------------
[HumanoidEnv] unhealthy terminate at step=267 z=0.199985 rpy=[0.122617, 0.17199, -0.0971534] v_body=[0.0718318, -0.393549, -0.82707]
[HumanoidEnv] Reset state env_id=0 z=0.299106 rpy=[0.00150514, -0.00117039, 0.000831547]
-----------------------------------------
| rollout/                |             |
|    ep_len_mean          | 404         |
|    ep_rew_mean          | 13          |
| time/                   |             |
|    fps                  | 3035        |
|    iterations           | 146         |
|    time_elapsed         | 6304        |
|    total_timesteps      | 19136512    |
| train/                  |             |
|    approx_kl            | 0.010485396 |
|    clip_fraction        | 0.413       |
|    clip_range           | 0.1         |
|    clip_range_vf        | 0.2         |
|    entropy_loss         | -7.49       |
|    explained_variance   | 0.799       |
|    learning_rate        | 0.0001      |
|    loss                 | 0.214       |
|    n_updates            | 527         |
|    policy_gradient_loss | 0.00411     |
|    std                  | 0.332       |
|    value_loss           | 0.579       |
-----------------------------------------
[HumanoidEnv] unhealthy terminate at step=711 z=0.199375 rpy=[-0.0553841, -0.0088698, 0.137373] v_body=[0.49535, 0.163129, -0.121491]
[HumanoidEnv] Reset state env_id=0 z=0.299122 rpy=[0.000497054, -0.00110241, 0.000850489]
-----------------------------------------
| rollout/                |             |
|    ep_len_mean          | 350         |
|    ep_rew_mean          | 11.3        |
| time/                   |             |
|    fps                  | 3029        |
|    iterations           | 147         |
|    time_elapsed         | 6359        |
|    total_timesteps      | 19267584    |
| train/                  |             |
|    approx_kl            | 0.010358591 |
|    clip_fraction        | 0.411       |
|    clip_range           | 0.1         |
|    clip_range_vf        | 0.2         |
|    entropy_loss         | -7.87       |
|    explained_variance   | 0.815       |
|    learning_rate        | 0.0001      |
|    loss                 | 0.222       |
|    n_updates            | 537         |
|    policy_gradient_loss | 0.0035      |
|    std                  | 0.337       |
|    value_loss           | 0.557       |
-----------------------------------------
[HumanoidEnv] unhealthy terminate at step=233 z=0.191187 rpy=[-0.309381, 0.0197998, -0.0592143] v_body=[-0.255037, 0.146571, -1.44164]
[HumanoidEnv] Reset state env_id=0 z=0.299133 rpy=[-0.00179481, -0.00105336, 0.000866945]
[HumanoidEnv] unhealthy terminate at step=227 z=0.1987 rpy=[-0.300527, -0.0525484, -0.0290829] v_body=[0.809522, -0.0109962, -0.282148]
[HumanoidEnv] Reset state env_id=0 z=0.299126 rpy=[0.000770499, -0.00106656, 0.000848807]
------------------------------------------
| rollout/                |              |
|    ep_len_mean          | 393          |
|    ep_rew_mean          | 12.8         |
| time/                   |              |
|    fps                  | 3024         |
|    iterations           | 148          |
|    time_elapsed         | 6413         |
|    total_timesteps      | 19398656     |
| train/                  |              |
|    approx_kl            | 0.0105103925 |
|    clip_fraction        | 0.414        |
|    clip_range           | 0.1          |
|    clip_range_vf        | 0.2          |
|    entropy_loss         | -8.25        |
|    explained_variance   | 0.786        |
|    learning_rate        | 0.0001       |
|    loss                 | 0.169        |
|    n_updates            | 547          |
|    policy_gradient_loss | 0.00394      |
|    std                  | 0.342        |
|    value_loss           | 0.603        |
------------------------------------------
-----------------------------------------
| rollout/                |             |
|    ep_len_mean          | 349         |
|    ep_rew_mean          | 11          |
| time/                   |             |
|    fps                  | 3019        |
|    iterations           | 149         |
|    time_elapsed         | 6468        |
|    total_timesteps      | 19529728    |
| train/                  |             |
|    approx_kl            | 0.010763577 |
|    clip_fraction        | 0.42        |
|    clip_range           | 0.1         |
|    clip_range_vf        | 0.2         |
|    entropy_loss         | -8.64       |
|    explained_variance   | 0.803       |
|    learning_rate        | 0.0001      |
|    loss                 | 0.117       |
|    n_updates            | 557         |
|    policy_gradient_loss | 0.0039      |
|    std                  | 0.348       |
|    value_loss           | 0.558       |
-----------------------------------------
[HumanoidEnv] unhealthy terminate at step=739 z=0.191001 rpy=[1.27205, -0.0649595, 2.8457] v_body=[-0.384214, -2.17636, 0.0473212]
[HumanoidEnv] Reset state env_id=0 z=0.299105 rpy=[0.00263289, -0.00122322, 0.000821446]
[HumanoidEnv] unhealthy terminate at step=452 z=0.198161 rpy=[0.0844229, 0.0349814, -0.0423393] v_body=[1.00339, 0.364096, -0.62335]
[HumanoidEnv] Reset state env_id=0 z=0.299123 rpy=[-0.00108358, -0.00109065, 0.000819678]
------------------------------------------
| rollout/                |              |
|    ep_len_mean          | 381          |
|    ep_rew_mean          | 12.1         |
| time/                   |              |
|    fps                  | 3014         |
|    iterations           | 150          |
|    time_elapsed         | 6522         |
|    total_timesteps      | 19660800     |
| train/                  |              |
|    approx_kl            | 0.0104678795 |
|    clip_fraction        | 0.414        |
|    clip_range           | 0.1          |
|    clip_range_vf        | 0.2          |
|    entropy_loss         | -9.03        |
|    explained_variance   | 0.808        |
|    learning_rate        | 0.0001       |
|    loss                 | 0.0372       |
|    n_updates            | 567          |
|    policy_gradient_loss | 0.00312      |
|    std                  | 0.354        |
|    value_loss           | 0.549        |
------------------------------------------
[HumanoidEnv] unhealthy terminate at step=321 z=0.198656 rpy=[-0.23632, 0.0361629, -0.299528] v_body=[0.848869, -0.0551875, -0.467641]
[HumanoidEnv] Reset state env_id=0 z=0.299133 rpy=[-0.00154595, -0.00103077, 0.000773502]
-----------------------------------------
| rollout/                |             |
|    ep_len_mean          | 391         |
|    ep_rew_mean          | 12.3        |
| time/                   |             |
|    fps                  | 3009        |
|    iterations           | 151         |
|    time_elapsed         | 6576        |
|    total_timesteps      | 19791872    |
| train/                  |             |
|    approx_kl            | 0.010167417 |
|    clip_fraction        | 0.409       |
|    clip_range           | 0.1         |
|    clip_range_vf        | 0.2         |
|    entropy_loss         | -9.4        |
|    explained_variance   | 0.786       |
|    learning_rate        | 0.0001      |
|    loss                 | 0.132       |
|    n_updates            | 577         |
|    policy_gradient_loss | 0.00368     |
|    std                  | 0.359       |
|    value_loss           | 0.576       |
-----------------------------------------
[HumanoidEnv] unhealthy terminate at step=657 z=0.195744 rpy=[0.526639, 0.155165, -0.0215606] v_body=[0.740007, 0.68597, -1.18939]
[HumanoidEnv] Reset state env_id=0 z=0.29913 rpy=[0.00251818, -0.00107259, 0.000885988]
-----------------------------------------
| rollout/                |             |
|    ep_len_mean          | 458         |
|    ep_rew_mean          | 14.5        |
| time/                   |             |
|    fps                  | 3004        |
|    iterations           | 152         |
|    time_elapsed         | 6630        |
|    total_timesteps      | 19922944    |
| train/                  |             |
|    approx_kl            | 0.010631643 |
|    clip_fraction        | 0.414       |
|    clip_range           | 0.1         |
|    clip_range_vf        | 0.2         |
|    entropy_loss         | -9.79       |
|    explained_variance   | 0.818       |
|    learning_rate        | 0.0001      |
|    loss                 | 0.0144      |
|    n_updates            | 587         |
|    policy_gradient_loss | 0.00342     |
|    std                  | 0.365       |
|    value_loss           | 0.497       |
-----------------------------------------
[HumanoidEnv] unhealthy terminate at step=236 z=0.199057 rpy=[-1.55118, 0.463839, 0.338549] v_body=[-0.267633, -0.426035, 0.187528]
[HumanoidEnv] Reset state env_id=0 z=0.299142 rpy=[-0.00181528, -0.000962545, 0.000785702]
INFO:root:VecNormalize statistics saved at: /app/envpool/data/260804_Z_curriculum/model_ckpt_vecnormalize.pkl
INFO:root:Model saved at: /app/envpool/data/260804_Z_curriculum/model_ckpt.zip
INFO:root:Checkpoint written at 20003840 timesteps
[HumanoidEnv] unhealthy terminate at step=212 z=0.197589 rpy=[-0.390233, -0.0694506, -0.0037499] v_body=[0.416487, -0.511344, -1.50084]
[HumanoidEnv] Reset state env_id=0 z=0.299119 rpy=[0.0021528, -0.00109554, 0.000818626]
-----------------------------------------
| rollout/                |             |
|    ep_len_mean          | 407         |
|    ep_rew_mean          | 12.6        |
| time/                   |             |
|    fps                  | 2999        |
|    iterations           | 153         |
|    time_elapsed         | 6685        |
|    total_timesteps      | 20054016    |
| train/                  |             |
|    approx_kl            | 0.010351741 |
|    clip_fraction        | 0.41        |
|    clip_range           | 0.1         |
|    clip_range_vf        | 0.2         |
|    entropy_loss         | -10.2       |
|    explained_variance   | 0.808       |
|    learning_rate        | 0.0001      |
|    loss                 | 0.0188      |
|    n_updates            | 597         |
|    policy_gradient_loss | 0.00334     |
|    std                  | 0.371       |
|    value_loss           | 0.499       |
-----------------------------------------
INFO:root:VecNormalize statistics saved at: /app/envpool/data/260804_Z_curriculum/model_vecnormalize.pkl
INFO:root:Model saved at: /app/envpool/data/260804_Z_curriculum/model.zip
INFO:root:Model saved at: /app/envpool/data/260804_Z_curriculum/model.zip
INFO:root:Training complete.
[HumanoidEnv] Reset state env_id=0 z=0.299131 rpy=[-0.00130795, -0.00107133, 0.000910345]
[HumanoidEnv] unhealthy terminate at step=343 z=0.199917 rpy=[-0.142545, 0.0335887, 0.0391432] v_body=[1.01755, 0.189667, -0.209188]
[HumanoidEnv] Reset state env_id=0 z=0.299141 rpy=[-0.00111231, -0.000961628, 0.000782592]
EnvPool Evaluation - Humanoid-v4
Mean Reward: 604.17 +/- 181.64
Function main took 6875.97 seconds to run.
cleanupHardware(SIM): Cleaning up hardware components...
cleanupHardware(SIM): Cleaning up hardware components...
cleanupHardware(SIM): Cleaning up hardware components...
cleanupHardware(SIM): Cleaning up hardware components...
cleanupHardware(SIM): Cleaning up hardware components...
cleanupHardware(SIM): Cleaning up hardware components...
cleanupHardware(SIM): Cleaning up hardware components...
cleanupHardware(SIM): Cleaning up hardware components...
cleanupHardware(SIM): Cleaning up hardware components...
cleanupHardware(SIM): Cleaning up hardware components...
cleanupHardware(SIM): Cleaning up hardware components...
cleanupHardware(SIM): Cleaning up hardware components...
cleanupHardware(SIM): Cleaning up hardware components...
cleanupHardware(SIM): Cleaning up hardware components...
cleanupHardware(SIM): Cleaning up hardware components...
cleanupHardware(SIM): Cleaning up hardware components...
cleanupHardware(SIM): Cleaning up hardware components...
cleanupHardware(SIM): Cleaning up hardware components...
cleanupHardware(SIM): Cleaning up hardware components...
cleanupHardware(SIM): Cleaning up hardware components...
cleanupHardware(SIM): Cleaning up hardware components...
cleanupHardware(SIM): Cleaning up hardware components...
cleanupHardware(SIM): Cleaning up hardware components...
cleanupHardware(SIM): Cleaning up hardware components...
cleanupHardware(SIM): Cleaning up hardware components...
cleanupHardware(SIM): Cleaning up hardware components...
cleanupHardware(SIM): Cleaning up hardware components...
cleanupHardware(SIM): Cleaning up hardware components...
cleanupHardware(SIM): Cleaning up hardware components...
cleanupHardware(SIM): Cleaning up hardware components...
cleanupHardware(SIM): Cleaning up hardware components...
cleanupHardware(SIM): Cleaning up hardware components...
cleanupHardware(SIM): Cleaning up hardware components...
cleanupHardware(SIM): Cleaning up hardware components...
cleanupHardware(SIM): Cleaning up hardware components...
cleanupHardware(SIM): Cleaning up hardware components...
cleanupHardware(SIM): Cleaning up hardware components...
cleanupHardware(SIM): Cleaning up hardware components...
cleanupHardware(SIM): Cleaning up hardware components...
cleanupHardware(SIM): Cleaning up hardware components...
cleanupHardware(SIM): Cleaning up hardware components...
cleanupHardware(SIM): Cleaning up hardware components...
cleanupHardware(SIM): Cleaning up hardware components...
cleanupHardware(SIM): Cleaning up hardware components...
cleanupHardware(SIM): Cleaning up hardware components...
cleanupHardware(SIM): Cleaning up hardware components...
cleanupHardware(SIM): Cleaning up hardware components...
cleanupHardware(SIM): Cleaning up hardware components...
cleanupHardware(SIM): Cleaning up hardware components...
cleanupHardware(SIM): Cleaning up hardware components...
cleanupHardware(SIM): Cleaning up hardware components...
cleanupHardware(SIM): Cleaning up hardware components...
cleanupHardware(SIM): Cleaning up hardware components...
cleanupHardware(SIM): Cleaning up hardware components...
cleanupHardware(SIM): Cleaning up hardware components...
cleanupHardware(SIM): Cleaning up hardware components...
cleanupHardware(SIM): Cleaning up hardware components...
cleanupHardware(SIM): Cleaning up hardware components...
cleanupHardware(SIM): Cleaning up hardware components...
cleanupHardware(SIM): Cleaning up hardware components...
cleanupHardware(SIM): Cleaning up hardware components...
cleanupHardware(SIM): Cleaning up hardware components...
cleanupHardware(SIM): Cleaning up hardware components...
cleanupHardware(SIM): Cleaning up hardware components...
cleanupHardware(SIM): Cleaning up hardware components...
cleanupHardware(SIM): Cleaning up hardware components...
cleanupHardware(SIM): Cleaning up hardware components...
cleanupHardware(SIM): Cleaning up hardware components...
cleanupHardware(SIM): Cleaning up hardware components...
cleanupHardware(SIM): Cleaning up hardware components...
cleanupHardware(SIM): Cleaning up hardware components...
cleanupHardware(SIM): Cleaning up hardware components...
cleanupHardware(SIM): Cleaning up hardware components...
cleanupHardware(SIM): Cleaning up hardware components...
cleanupHardware(SIM): Cleaning up hardware components...
cleanupHardware(SIM): Cleaning up hardware components...
cleanupHardware(SIM): Cleaning up hardware components...
cleanupHardware(SIM): Cleaning up hardware components...
cleanupHardware(SIM): Cleaning up hardware components...
cleanupHardware(SIM): Cleaning up hardware components...
cleanupHardware(SIM): Cleaning up hardware components...
cleanupHardware(SIM): Cleaning up hardware components...
cleanupHardware(SIM): Cleaning up hardware components...
cleanupHardware(SIM): Cleaning up hardware components...
cleanupHardware(SIM): Cleaning up hardware components...
cleanupHardware(SIM): Cleaning up hardware components...
cleanupHardware(SIM): Cleaning up hardware components...
cleanupHardware(SIM): Cleaning up hardware components...
cleanupHardware(SIM): Cleaning up hardware components...
cleanupHardware(SIM): Cleaning up hardware components...
cleanupHardware(SIM): Cleaning up hardware components...
cleanupHardware(SIM): Cleaning up hardware components...
cleanupHardware(SIM): Cleaning up hardware components...
cleanupHardware(SIM): Cleaning up hardware components...
cleanupHardware(SIM): Cleaning up hardware components...
cleanupHardware(SIM): Cleaning up hardware components...
cleanupHardware(SIM): Cleaning up hardware components...
cleanupHardware(SIM): Cleaning up hardware components...
cleanupHardware(SIM): Cleaning up hardware components...
cleanupHardware(SIM): Cleaning up hardware components...
cleanupHardware(SIM): Cleaning up hardware components...
cleanupHardware(SIM): Cleaning up hardware components...
cleanupHardware(SIM): Cleaning up hardware components...
cleanupHardware(SIM): Cleaning up hardware components...
cleanupHardware(SIM): Cleaning up hardware components...
cleanupHardware(SIM): Cleaning up hardware components...
cleanupHardware(SIM): Cleaning up hardware components...
cleanupHardware(SIM): Cleaning up hardware components...
cleanupHardware(SIM): Cleaning up hardware components...
cleanupHardware(SIM): Cleaning up hardware components...
cleanupHardware(SIM): Cleaning up hardware components...
cleanupHardware(SIM): Cleaning up hardware components...
cleanupHardware(SIM): Cleaning up hardware components...
cleanupHardware(SIM): Cleaning up hardware components...
cleanupHardware(SIM): Cleaning up hardware components...
cleanupHardware(SIM): Cleaning up hardware components...
cleanupHardware(SIM): Cleaning up hardware components...
cleanupHardware(SIM): Cleaning up hardware components...
cleanupHardware(SIM): Cleaning up hardware components...
cleanupHardware(SIM): Cleaning up hardware components...
cleanupHardware(SIM): Cleaning up hardware components...
cleanupHardware(SIM): Cleaning up hardware components...
cleanupHardware(SIM): Cleaning up hardware components...
cleanupHardware(SIM): Cleaning up hardware components...
cleanupHardware(SIM): Cleaning up hardware components...
cleanupHardware(SIM): Cleaning up hardware components...
cleanupHardware(SIM): Cleaning up hardware components...
cleanupHardware(SIM): Cleaning up hardware components...
cleanupHardware(SIM): Cleaning up hardware components...
cleanupHardware(SIM): Cleaning up hardware components...
cleanupHardware(SIM): Cleaning up hardware components...
cleanupHardware(SIM): Cleaning up hardware components...
cleanupHardware(SIM): Cleaning up hardware components...
cleanupHardware(SIM): Cleaning up hardware components...
cleanupHardware(SIM): Cleaning up hardware components...
cleanupHardware(SIM): Cleaning up hardware components...
cleanupHardware(SIM): Cleaning up hardware components...
cleanupHardware(SIM): Cleaning up hardware components...
cleanupHardware(SIM): Cleaning up hardware components...
cleanupHardware(SIM): Cleaning up hardware components...
cleanupHardware(SIM): Cleaning up hardware components...
cleanupHardware(SIM): Cleaning up hardware components...
cleanupHardware(SIM): Cleaning up hardware components...
cleanupHardware(SIM): Cleaning up hardware components...
cleanupHardware(SIM): Cleaning up hardware components...
cleanupHardware(SIM): Cleaning up hardware components...
cleanupHardware(SIM): Cleaning up hardware components...
cleanupHardware(SIM): Cleaning up hardware components...
cleanupHardware(SIM): Cleaning up hardware components...
cleanupHardware(SIM): Cleaning up hardware components...
cleanupHardware(SIM): Cleaning up hardware components...
cleanupHardware(SIM): Cleaning up hardware components...
cleanupHardware(SIM): Cleaning up hardware components...
cleanupHardware(SIM): Cleaning up hardware components...
cleanupHardware(SIM): Cleaning up hardware components...
cleanupHardware(SIM): Cleaning up hardware components...
cleanupHardware(SIM): Cleaning up hardware components...
cleanupHardware(SIM): Cleaning up hardware components...
cleanupHardware(SIM): Cleaning up hardware components...
cleanupHardware(SIM): Cleaning up hardware components...
cleanupHardware(SIM): Cleaning up hardware components...
cleanupHardware(SIM): Cleaning up hardware components...
cleanupHardware(SIM): Cleaning up hardware components...
cleanupHardware(SIM): Cleaning up hardware components...
cleanupHardware(SIM): Cleaning up hardware components...
cleanupHardware(SIM): Cleaning up hardware components...
cleanupHardware(SIM): Cleaning up hardware components...
cleanupHardware(SIM): Cleaning up hardware components...
cleanupHardware(SIM): Cleaning up hardware components...
cleanupHardware(SIM): Cleaning up hardware components...
cleanupHardware(SIM): Cleaning up hardware components...
cleanupHardware(SIM): Cleaning up hardware components...
cleanupHardware(SIM): Cleaning up hardware components...
cleanupHardware(SIM): Cleaning up hardware components...
cleanupHardware(SIM): Cleaning up hardware components...
cleanupHardware(SIM): Cleaning up hardware components...
cleanupHardware(SIM): Cleaning up hardware components...
cleanupHardware(SIM): Cleaning up hardware components...
cleanupHardware(SIM): Cleaning up hardware components...
cleanupHardware(SIM): Cleaning up hardware components...
cleanupHardware(SIM): Cleaning up hardware components...
cleanupHardware(SIM): Cleaning up hardware components...
cleanupHardware(SIM): Cleaning up hardware components...
cleanupHardware(SIM): Cleaning up hardware components...
cleanupHardware(SIM): Cleaning up hardware components...
cleanupHardware(SIM): Cleaning up hardware components...
cleanupHardware(SIM): Cleaning up hardware components...
cleanupHardware(SIM): Cleaning up hardware components...
cleanupHardware(SIM): Cleaning up hardware components...
cleanupHardware(SIM): Cleaning up hardware components...
cleanupHardware(SIM): Cleaning up hardware components...
cleanupHardware(SIM): Cleaning up hardware components...
cleanupHardware(SIM): Cleaning up hardware components...
cleanupHardware(SIM): Cleaning up hardware components...
cleanupHardware(SIM): Cleaning up hardware components...
cleanupHardware(SIM): Cleaning up hardware components...
cleanupHardware(SIM): Cleaning up hardware components...
cleanupHardware(SIM): Cleaning up hardware components...
cleanupHardware(SIM): Cleaning up hardware components...
cleanupHardware(SIM): Cleaning up hardware components...
cleanupHardware(SIM): Cleaning up hardware components...
cleanupHardware(SIM): Cleaning up hardware components...
cleanupHardware(SIM): Cleaning up hardware components...
cleanupHardware(SIM): Cleaning up hardware components...
cleanupHardware(SIM): Cleaning up hardware components...
cleanupHardware(SIM): Cleaning up hardware components...
cleanupHardware(SIM): Cleaning up hardware components...
cleanupHardware(SIM): Cleaning up hardware components...
cleanupHardware(SIM): Cleaning up hardware components...
cleanupHardware(SIM): Cleaning up hardware components...
cleanupHardware(SIM): Cleaning up hardware components...
cleanupHardware(SIM): Cleaning up hardware components...
cleanupHardware(SIM): Cleaning up hardware components...
cleanupHardware(SIM): Cleaning up hardware components...
cleanupHardware(SIM): Cleaning up hardware components...
cleanupHardware(SIM): Cleaning up hardware components...
cleanupHardware(SIM): Cleaning up hardware components...
cleanupHardware(SIM): Cleaning up hardware components...
cleanupHardware(SIM): Cleaning up hardware components...
cleanupHardware(SIM): Cleaning up hardware components...
cleanupHardware(SIM): Cleaning up hardware components...
cleanupHardware(SIM): Cleaning up hardware components...
cleanupHardware(SIM): Cleaning up hardware components...
cleanupHardware(SIM): Cleaning up hardware components...
cleanupHardware(SIM): Cleaning up hardware components...
cleanupHardware(SIM): Cleaning up hardware components...
cleanupHardware(SIM): Cleaning up hardware components...
cleanupHardware(SIM): Cleaning up hardware components...
cleanupHardware(SIM): Cleaning up hardware components...
cleanupHardware(SIM): Cleaning up hardware components...
cleanupHardware(SIM): Cleaning up hardware components...
cleanupHardware(SIM): Cleaning up hardware components...
cleanupHardware(SIM): Cleaning up hardware components...
cleanupHardware(SIM): Cleaning up hardware components...
cleanupHardware(SIM): Cleaning up hardware components...
cleanupHardware(SIM): Cleaning up hardware components...
cleanupHardware(SIM): Cleaning up hardware components...
cleanupHardware(SIM): Cleaning up hardware components...
cleanupHardware(SIM): Cleaning up hardware components...
cleanupHardware(SIM): Cleaning up hardware components...
cleanupHardware(SIM): Cleaning up hardware components...
cleanupHardware(SIM): Cleaning up hardware components...
cleanupHardware(SIM): Cleaning up hardware components...
cleanupHardware(SIM): Cleaning up hardware components...
cleanupHardware(SIM): Cleaning up hardware components...
cleanupHardware(SIM): Cleaning up hardware components...
cleanupHardware(SIM): Cleaning up hardware components...
cleanupHardware(SIM): Cleaning up hardware components...
cleanupHardware(SIM): Cleaning up hardware components...
cleanupHardware(SIM): Cleaning up hardware components...
cleanupHardware(SIM): Cleaning up hardware components...
cleanupHardware(SIM): Cleaning up hardware components...
cleanupHardware(SIM): Cleaning up hardware components...
cleanupHardware(SIM): Cleaning up hardware components...
cleanupHardware(SIM): Cleaning up hardware components...
cleanupHardware(SIM): Cleaning up hardware components...
