train/action_std_10,train/action_std_24,train/action_std_04,train/action_std_18,rollout/episodes_left,train/action_std_14,train/action_std_08,rollout/episodes_noforce,time/iterations,time/time_elapsed,rollout/recovery_fwd,train/action_std_03,train/action_std_15,rollout/force_onset_mean,train/action_std_02,rollout/force_direction_mean,rollout/is_fall_mean,rollout/force_requested_impulse_mean,train/action_std_09,train/action_std_20,train/action_std_21,train/action_std_16,rollout/recovery_noforce,train/action_std_00,rollout/episodes_fwd,time/fps,rollout/action_saturation_fraction,train/action_std_23,time/total_timesteps,train/action_std_22,train/std_min,train/action_std_19,train/action_std_06,train/action_std_11,train/action_std_07,rollout/recovery_right,train/action_std_17,train/action_std_12,rollout/recovery_left,rollout/episodes_right,train/std_max,rollout/is_timeout_mean,rollout/ep_len_mean,train/action_std_01,train/action_std_13,train/action_std_05,rollout/ep_rew_mean,train/n_updates,train/approx_kl,train/policy_gradient_loss,train/clip_range,train/explained_variance,train/clip_fraction,rollout/episodes_back,rollout/timeout_without_onset_fraction,train/loss,train/value_loss,rollout/recovery_back,rollout/timeouts,rollout/episodes_up,train/entropy_loss,rollout/recovery_up,train/learning_rate,rollout/episodes_down,train/clip_range_vf,train/std,rollout/recovery_down
0.06966498494148254,0.07134207338094711,0.06933474540710449,0.06980252265930176,22,0.06984469294548035,0.07075809687376022,1,1,22,0.0,0.07104150950908661,0.07044991850852966,1.3920540540540551,0.07076199352741241,2.135135135135135,1.0,1.6617567569527127,0.0709521472454071,0.06985167413949966,0.06983865052461624,0.07091144472360611,0.0,0.0700322836637497,2,5851,0.0,0.07127172499895096,131072,0.07018375396728516,0.06859532743692398,0.07174679636955261,0.07119496166706085,0.07110799849033356,0.07080021500587463,0.0,0.0718613788485527,0.07142754644155502,0.0,12,0.0718613788485527,0.0,316.35135135135135,0.07129916548728943,0.06859532743692398,0.07033946365118027,209.7967071533203,,,,,,,,,,,,,,,,,,,,
0.06971126794815063,0.07152637094259262,0.06942305713891983,0.06992089003324509,45,0.06996141374111176,0.07089318335056305,37,2,48,0.8387096774193549,0.0711888000369072,0.07061003148555756,1.4086991150442487,0.07089930772781372,1.8097345132743363,0.1902654867256637,1.1453049836643767,0.07110271602869034,0.07004792988300323,0.06998636573553085,0.07109799981117249,1.0,0.07008398324251175,31,5367,0.0,0.0713966116309166,262144,0.07032717019319534,0.06867185980081558,0.07190784066915512,0.07132907956838608,0.07134025543928146,0.07092098146677017,0.5142857142857142,0.07204083353281021,0.0715891495347023,0.5777777777777777,35,0.07204083353281021,0.8097345132743363,1000.0,0.07152817398309708,0.06867185980081558,0.07050647586584091,698.1994018554688,1700,0.0020416412,-0.002951506157114636,0.1,0.7842584252357483,0.10001602172851562,27,0.0,0.46081531047821045,0.19351404923363588,0.9629629629629629,183,31,30.777028171718122,0.967741935483871,1e-05,20,0.2,0.07072047144174576,1.0
0.06984034925699234,0.07154137641191483,0.0695352852344513,0.07011159509420395,14,0.07007306814193726,0.07113621383905411,1,3,74,0.5714285714285714,0.07137356698513031,0.07077061384916306,1.3930461538461547,0.07106207311153412,2.3076923076923075,0.5384615384615384,1.493587131755555,0.07125062495470047,0.07025899738073349,0.07013429701328278,0.07121185213327408,1.0,0.0702468529343605,7,5251,0.0,0.07157889008522034,393216,0.07055623084306717,0.068785659968853,0.07210200279951096,0.07147904485464096,0.07156366109848022,0.07094109058380127,0.32142857142857145,0.07216297090053558,0.07182525843381882,0.07142857142857142,28,0.07216297090053558,0.46153846153846156,803.71,0.0718085914850235,0.068785659968853,0.07060055434703827,555.611572265625,1710,0.0022155815,-0.002893339162983466,0.1,0.7859808206558228,0.10423507690429687,8,0.0,0.5158306956291199,0.20174780989764257,1.0,30,4,30.723414166271688,1.0,1e-05,3,0.2,0.07087802141904831,1.0
0.07003854960203171,0.07163979113101959,0.06967251002788544,0.0702529028058052,30,0.07017426937818527,0.07135351747274399,32,4,101,0.9629629629629629,0.07157355546951294,0.07102324813604355,1.3999519230769242,0.07132992893457413,2.0961538461538463,0.15865384615384615,1.0883057268404153,0.07132624089717865,0.07045893371105194,0.07026989012956619,0.0713106095790863,1.0,0.07042160630226135,27,5164,0.0,0.07176532596349716,524288,0.07074100524187088,0.06892111152410507,0.07232185453176498,0.07165031880140305,0.07185015827417374,0.07104938477277756,0.5882352941176471,0.07231920212507248,0.07201896607875824,0.4666666666666667,34,0.07232185453176498,0.8413461538461539,983.02,0.07189357280731201,0.06892111152410507,0.0707792416214943,694.48681640625,1720,0.0023143936,-0.003223488186176837,0.1,0.7674051523208618,0.11226425170898438,25,0.0,0.487843781709671,0.20093252583174034,0.96,175,19,30.665651988983154,0.9473684210526315,1e-05,41,0.2,0.07104622572660446,1.0
0.07026712596416473,0.07189294695854187,0.06976190954446793,0.07027477771043777,16,0.07028719037771225,0.07153346389532089,10,5,127,0.7647058823529411,0.07172861695289612,0.07114167511463165,1.4120493827160503,0.07145944982767105,1.8641975308641976,0.345679012345679,1.2131218116020284,0.07153022289276123,0.0706273689866066,0.07047052681446075,0.07145338505506516,1.0,0.07047958672046661,17,5123,0.0,0.07198628038167953,655360,0.07086890190839767,0.06913667172193527,0.07249286770820618,0.07181482017040253,0.0719917044043541,0.07121200859546661,0.2,0.07241736352443695,0.07220251858234406,0.3125,15,0.07249286770820618,0.654320987654321,817.84,0.07204988598823547,0.06913667172193527,0.07088334858417511,571.43408203125,1730,0.0022572596,-0.0028962273549950623,0.1,0.8074815273284912,0.10831451416015625,6,0.0,0.45542773604393005,0.1732555692025926,0.8333333333333334,53,7,30.609907042980193,1.0,1e-05,10,0.2,0.07119858264923096,1.0
0.07044713199138641,0.07209399342536926,0.06996912509202957,0.0705738291144371,34,0.0704164132475853,0.07168596237897873,42,6,154,0.9130434782608695,0.07190962135791779,0.07133178412914276,1.40931937172775,0.07165275514125824,1.712041884816754,0.17801047120418848,1.0429634442767428,0.07171302288770676,0.07072030007839203,0.07067182660102844,0.07162442803382874,1.0,0.07063698768615723,23,5084,0.0,0.07216047495603561,786432,0.0710892528295517,0.06932254135608673,0.072781041264534,0.07196428626775742,0.07210326939821243,0.07132644206285477,0.6129032258064516,0.07256428897380829,0.0723709836602211,0.4117647058823529,31,0.072781041264534,0.8219895287958116,985.91,0.07234738767147064,0.06932254135608673,0.07098688930273056,695.8301391601562,1740,0.0021767095,-0.0030653844345579274,0.1,0.8050474524497986,0.10460205078125,18,0.0,0.44198077917099,0.1538036007026676,1.0,157,25,30.551123723387718,1.0,1e-05,18,0.2,0.07137855887413025,1.0
0.07061368227005005,0.0724208652973175,0.07012294232845306,0.07066275924444199,25,0.07059190422296524,0.07179097831249237,13,7,181,0.7142857142857143,0.07206050306558609,0.07141468673944473,1.400680851063831,0.07181940227746964,2.127659574468085,0.26595744680851063,1.1375576622332528,0.07187040895223618,0.07086040824651718,0.07071473449468613,0.07173586636781693,1.0,0.07072542607784271,7,5064,0.0,0.07231567054986954,917504,0.07121660560369492,0.06943447887897491,0.07291454821825027,0.07217786461114883,0.07228705286979675,0.07156573981046677,0.5454545454545454,0.07283686101436615,0.07252497225999832,0.52,22,0.07291454821825027,0.7340425531914894,867.2,0.07244215905666351,0.06943447887897491,0.07104233652353287,609.2324829101562,1750,0.0023108963,-0.002829787592236244,0.1,0.8364517092704773,0.11183547973632812,7,0.0,0.4692179560661316,0.15734798531630076,1.0,69,10,30.49442456662655,0.9,1e-05,10,0.2,0.07152651995420456,1.0
0.07075166702270508,0.0725727304816246,0.0703708603978157,0.07076609134674072,30,0.0707189217209816,0.07202504575252533,30,8,208,0.9130434782608695,0.07225431501865387,0.07154902070760727,1.4170813953488384,0.07200600206851959,1.8372093023255813,0.11627906976744186,1.0537528789621282,0.07196901738643646,0.07096933573484421,0.07089067250490189,0.07189463824033737,1.0,0.0709238201379776,23,5040,0.0,0.07246275246143341,1048576,0.07132916152477264,0.06948614865541458,0.07305629551410675,0.07227392494678497,0.07245226204395294,0.07174888253211975,0.6,0.07302811741828918,0.07266228646039963,0.7,20,0.07305629551410675,0.8837209302325582,987.06,0.07255706936120987,0.06948614865541458,0.07130031287670135,687.6935424804688,1760,0.0023149473,-0.0027933188996030365,0.1,0.8015143871307373,0.11388626098632812,23,0.0,0.4707949161529541,0.1619246454210952,1.0,152,27,30.44121059924364,0.9629629629629629,1e-05,19,0.2,0.07168077677488327,1.0
0.07099003344774246,0.0727773979306221,0.07048659026622772,0.07089158147573471,34,0.07088859379291534,0.07216818630695343,17,9,234,0.8333333333333334,0.07241588085889816,0.07173698395490646,1.4039338842975218,0.07209359854459763,1.7355371900826446,0.33884297520661155,1.2110459032501528,0.07197286188602448,0.07113905251026154,0.07097803056240082,0.07210590690374374,0.8823529411764706,0.0710672065615654,12,5029,0.0,0.07256481796503067,1179648,0.07149090617895126,0.06959149241447449,0.07323719561100006,0.07234113663434982,0.07264108955860138,0.07189609855413437,0.5652173913043478,0.07304584980010986,0.07282888144254684,0.20588235294117646,23,0.07323719561100006,0.6611570247933884,833.87,0.0727224051952362,0.06959149241447449,0.0714382752776146,582.7944946289062,1770,0.002239854,-0.0029467437107996374,0.1,0.7982597351074219,0.11035308837890626,20,0.0,0.45211803913116455,0.1625105119892396,1.0,80,5,30.390341441333295,1.0,1e-05,10,0.2,0.07182040065526962,1.0
0.07113109529018402,0.07284367084503174,0.07068531960248947,0.0710156112909317,38,0.07102228701114655,0.07229568809270859,24,10,261,0.9090909090909091,0.07273246347904205,0.07191117107868195,1.3931515151515161,0.07219182699918747,2.012121212121212,0.2,1.1450852090593664,0.07216360419988632,0.07130192965269089,0.07109298557043076,0.07215777039527893,1.0,0.07122862339019775,22,5013,0.0,0.0726662427186966,1310720,0.07171910256147385,0.06977507472038269,0.0734601616859436,0.0725216343998909,0.07279721647500992,0.07209526747465134,0.5806451612903226,0.07331424206495285,0.0729852095246315,0.5526315789473685,31,0.0734601616859436,0.8,937.47,0.07292214781045914,0.06977507472038269,0.07157547771930695,657.7103271484375,1780,0.0024277505,-0.0029930315677120234,0.1,0.825384259223938,0.12210769653320312,9,0.0,0.4849604368209839,0.2122582805226557,1.0,132,27,30.33730486780405,0.9629629629629629,1e-05,14,0.2,0.07198423147201538,1.0
0.07125604152679443,0.07299866527318954,0.07074423134326935,0.07122035324573517,26,0.07116951793432236,0.07237041741609573,21,11,288,0.8461538461538461,0.07288751751184464,0.07205797731876373,1.408603174603176,0.07234497368335724,1.7698412698412698,0.23015873015873015,1.0839805566956298,0.0723794624209404,0.0714651569724083,0.07125772535800934,0.07230982184410095,1.0,0.07144035398960114,13,5004,0.0,0.07285032421350479,1441792,0.0719551220536232,0.06997690349817276,0.07370642572641373,0.07277370244264603,0.0729886069893837,0.07231456786394119,0.5384615384615384,0.07348393648862839,0.07308350503444672,0.5384615384615384,26,0.07370642572641373,0.7698412698412699,866.7,0.0731431245803833,0.06997690349817276,0.07173018902540207,602.8408813476562,1790,0.00252269,-0.0029317673839614144,0.1,0.7989485263824463,0.11987380981445313,19,0.0,0.43020933866500854,0.1986308162799105,0.9473684210526315,97,10,30.278865040838717,1.0,1e-05,11,0.2,0.07215633988380432,0.8181818181818182
0.07145053893327713,0.07311627268791199,0.07092989236116409,0.07130765169858932,35,0.07121752202510834,0.07255005091428757,23,12,314,0.75,0.0730656310915947,0.07222215831279755,1.4090731707317083,0.07252880930900574,1.9085365853658536,0.27439024390243905,1.135830409222964,0.07253608852624893,0.07162206619977951,0.07135176658630371,0.07249882817268372,1.0,0.07159502804279327,20,4993,0.0,0.07314706593751907,1572864,0.0721057876944542,0.07012446224689484,0.07383020967245102,0.07295890897512436,0.07323955744504929,0.07241646200418472,0.5588235294117647,0.07363809645175934,0.07322721183300018,0.42857142857142855,34,0.07383020967245102,0.725609756097561,929.21,0.07323998957872391,0.07012446224689484,0.07183152437210083,644.89013671875,1800,0.0023321668,-0.002983073706309369,0.1,0.7909616827964783,0.11699295043945312,19,0.0,0.4973689913749695,0.20707757778582164,0.8947368421052632,119,20,30.222874434292315,0.85,1e-05,13,0.2,0.07231006026268005,1.0
0.0715477392077446,0.07331269979476929,0.07109210640192032,0.07139134407043457,30,0.07133016735315323,0.07263388484716415,21,13,341,0.6875,0.07316429913043976,0.07238228619098663,1.4073281250000012,0.07263057678937912,1.9296875,0.2421875,1.1157934336379043,0.07265939563512802,0.07178852707147598,0.07148119062185287,0.0726129487156868,1.0,0.07172854989767075,16,4986,0.0,0.0733395367860794,1703936,0.07228871434926987,0.07031877338886261,0.07399913668632507,0.07313762605190277,0.07344162464141846,0.0724211260676384,0.5555555555555556,0.0737951323390007,0.07346268743276596,0.4,18,0.07399913668632507,0.7578125,859.41,0.07325399667024612,0.07031877338886261,0.07194820791482925,598.42724609375,1810,0.0023748514,-0.0028718161068354677,0.1,0.8405665159225464,0.1170501708984375,11,0.0,0.6323463916778564,0.22964304687920958,1.0,97,17,30.172907237708568,1.0,1e-05,15,0.2,0.07244649529457092,1.0
0.07166548818349838,0.07347717136144638,0.07122360169887543,0.07142055034637451,23,0.0714956745505333,0.07277403026819229,27,14,368,0.8095238095238095,0.07332456856966019,0.07255683094263077,1.4058709677419365,0.0727861076593399,1.9225806451612903,0.14193548387096774,1.0926724181723155,0.0728788673877716,0.07181030511856079,0.07168100774288177,0.0727551206946373,1.0,0.07184942066669464,21,4978,0.0,0.07360385358333588,1835008,0.0725288987159729,0.07049436867237091,0.0741661936044693,0.07325681298971176,0.07356211543083191,0.07254505157470703,0.7083333333333334,0.07405497878789902,0.07363562285900116,0.6086956521739131,24,0.0741661936044693,0.8580645161290322,934.12,0.07341845333576202,0.07049436867237091,0.07217959314584732,649.9314575195312,1820,0.0024386821,-0.0028826456307797345,0.1,0.8076858520507812,0.12149276733398437,17,0.0,0.44422581791877747,0.20083409275393932,1.0,133,25,30.12172790914774,0.96,1e-05,18,0.2,0.07260578870773315,0.9444444444444444
0.07180184870958328,0.0737106055021286,0.07133129239082336,0.07156744599342346,28,0.07174444198608398,0.07295054197311401,25,15,395,0.8636363636363636,0.07352366298437119,0.07267644256353378,1.4037163120567386,0.07302016019821167,1.7446808510638299,0.24822695035460993,1.1260296015751543,0.07306035608053207,0.07191818207502365,0.07183727622032166,0.0730169415473938,1.0,0.07192891091108322,22,4973,0.0,0.0737408772110939,1966080,0.0727272480726242,0.07057211548089981,0.07430456578731537,0.07342619448900223,0.07368240505456924,0.07273208349943161,0.4166666666666667,0.07435154169797897,0.0738370344042778,0.42857142857142855,24,0.07435154169797897,0.75177304964539,871.07,0.07350557297468185,0.07057211548089981,0.07237584888935089,610.37451171875,1830,0.0024870788,-0.0031179447347312816,0.1,0.7973078489303589,0.12040328979492188,14,0.0,0.4512009918689728,0.1737328291987069,0.8571428571428571,106,11,30.064978501200677,1.0,1e-05,17,0.2,0.07277373969554901,1.0
0.07209327071905136,0.07388268411159515,0.07145419716835022,0.07174674421548843,25,0.07186254113912582,0.07299716770648956,33,16,422,0.8421052631578947,0.07371148467063904,0.07274497300386429,1.4103310344827595,0.07315826416015625,1.6620689655172414,0.2206896551724138,1.0154743207224106,0.07314490526914597,0.07210090011358261,0.0719122514128685,0.07314030081033707,0.9090909090909091,0.07218993455171585,19,4967,0.0,0.07389861345291138,2097152,0.07282603532075882,0.07058362662792206,0.07448369264602661,0.0735769271850586,0.07380329817533493,0.07285531610250473,0.5652173913043478,0.07454290241003036,0.07409889250993729,0.48,23,0.07454290241003036,0.7793103448275862,918.69,0.07366108149290085,0.07058362662792206,0.07241162657737732,642.0975341796875,1840,0.0023399864,-0.0030146169935505894,0.1,0.7980962991714478,0.11412124633789063,13,0.0,0.5241236686706543,0.23269350605551153,0.9230769230769231,113,18,30.012639357149602,0.8888888888888888,1e-05,14,0.2,0.07291526347398758,1.0
0.0721806213259697,0.07397031038999557,0.0715409517288208,0.07194704562425613,34,0.07197336107492447,0.07310431450605392,20,17,449,0.8823529411764706,0.07384130358695984,0.07286271452903748,1.3885394736842116,0.07332593202590942,1.9342105263157894,0.2631578947368421,1.1752484876249643,0.07335062325000763,0.07223162800073624,0.07207147777080536,0.07323527336120605,0.95,0.07236336916685104,17,4962,0.0,0.07410192489624023,2228224,0.07298994809389114,0.070677250623703,0.0746929794549942,0.07378645986318588,0.07395943254232407,0.07302434742450714,0.4838709677419355,0.07467924803495407,0.07416011393070221,0.4117647058823529,31,0.0746929794549942,0.7368421052631579,885.04,0.07394883781671524,0.070677250623703,0.07253009080886841,612.4367065429688,1850,0.002413127,-0.002767134901296231,0.1,0.8329147696495056,0.12206497192382812,21,0.0,0.5049010515213013,0.20224333727965133,0.9523809523809523,112,13,29.963345578312875,1.0,1e-05,16,0.2,0.0730619803071022,1.0
0.07227429002523422,0.07405335456132889,0.07165984809398651,0.07208515703678131,23,0.07203564792871475,0.07328689098358154,21,18,475,0.9583333333333334,0.07401934266090393,0.07304307818412781,1.3927313432835833,0.07346346974372864,1.8656716417910448,0.1865671641791045,1.167267905879311,0.0735209584236145,0.07238595187664032,0.07227016985416412,0.07342907041311264,1.0,0.0725051760673523,24,4958,0.0,0.07409726083278656,2359296,0.07311606407165527,0.0708637684583664,0.07491171360015869,0.07388462126255035,0.07413417845964432,0.07315568625926971,0.5806451612903226,0.07481121271848679,0.07439997047185898,0.6521739130434783,31,0.07491171360015869,0.8134328358208955,936.39,0.07417677342891693,0.0708637684583664,0.07276363670825958,654.649169921875,1860,0.0024254369,-0.0028250850724361952,0.1,0.8358168601989746,0.11928863525390625,6,0.0,0.42960119247436523,0.2282429685932584,1.0,109,19,29.912159931659698,0.8421052631578947,1e-05,10,0.2,0.07321389019489288,1.0
0.07241865247488022,0.07424341887235641,0.07184857875108719,0.07232125103473663,24,0.072267085313797,0.07345394790172577,26,19,502,1.0,0.0741906389594078,0.07320263236761093,1.4211812080536923,0.07356990873813629,1.9865771812080537,0.1476510067114094,1.084600863957506,0.07379163056612015,0.0726049467921257,0.07241877913475037,0.07358598709106445,1.0,0.07264424115419388,15,4951,0.0,0.07425636053085327,2490368,0.07336220145225525,0.07102502882480621,0.07509039342403412,0.07400065660476685,0.07438572496175766,0.0733855739235878,0.5769230769230769,0.07493025809526443,0.07454192638397217,0.5833333333333334,26,0.07509039342403412,0.8523489932885906,917.53,0.07434666901826859,0.07102502882480621,0.07296738028526306,645.5657958984375,1870,0.0024937023,-0.002981119870673865,0.1,0.7798550128936768,0.1221282958984375,19,0.0,0.43676429986953735,0.20409402125515044,1.0,127,18,29.854934632778168,1.0,1e-05,21,0.2,0.07339414954185486,0.9523809523809523
0.07258551567792892,0.07439319789409637,0.07194393873214722,0.07256203889846802,20,0.0725095197558403,0.07377210259437561,24,20,529,0.8666666666666667,0.07435615360736847,0.07335501909255981,1.4085611510791376,0.07365776598453522,2.0215827338129495,0.14388489208633093,1.0635859915383554,0.07392814755439758,0.07284143567085266,0.07257150113582611,0.07371656596660614,1.0,0.07286972552537918,15,4947,0.0,0.07433413714170456,2621440,0.07360371202230453,0.07112063467502594,0.07525050640106201,0.07417462766170502,0.07456853240728378,0.07355347275733948,0.6666666666666666,0.07505428791046143,0.074647456407547,0.6,27,0.07525050640106201,0.8561151079136691,956.98,0.07459742575883865,0.07112063467502594,0.07307932525873184,668.7920532226562,1880,0.0024674404,-0.0029472438861375847,0.1,0.8067846894264221,0.12243194580078125,16,0.0,0.4355742931365967,0.16403819267288783,1.0,119,17,29.795644147694112,0.9411764705882353,1e-05,20,0.2,0.07356186956167221,1.0
0.0727396011352539,0.07462106645107269,0.07214278727769852,0.07276322692632675,29,0.07266334444284439,0.07395157217979431,23,21,556,0.8125,0.07451143115758896,0.07353246957063675,1.4015182481751836,0.07383844256401062,1.8102189781021898,0.2116788321167883,1.1973988657016663,0.07414684444665909,0.07298656553030014,0.07276851683855057,0.0739249661564827,1.0,0.07299245893955231,16,4944,0.0,0.07440304011106491,2752512,0.07381901890039444,0.07118815928697586,0.07536201924085617,0.0743696466088295,0.07471484690904617,0.07370039820671082,0.5238095238095238,0.075363889336586,0.07476826012134552,0.5172413793103449,21,0.075363889336586,0.7883211678832117,913.61,0.07468383014202118,0.07118815928697586,0.07334218174219131,638.1448364257812,1890,0.0024172578,-0.003132598226511618,0.1,0.7900433540344238,0.12079010009765626,18,0.0,0.4673222005367279,0.17925862992415204,1.0,108,18,29.738152618706227,0.9444444444444444,1e-05,12,0.2,0.07373194396495819,0.9166666666666666
0.07293238490819931,0.07480540126562119,0.07230302691459656,0.07287933677434921,28,0.072842076420784,0.07413875311613083,30,22,583,1.0,0.07466652244329453,0.0737144723534584,1.4062054794520558,0.07386010140180588,1.5890410958904109,0.1232876712328767,1.0471336513265033,0.0743461325764656,0.0731290876865387,0.07299011945724487,0.07395601272583008,1.0,0.07310816645622253,20,4941,0.0,0.07461567223072052,2883584,0.07400864362716675,0.07131605595350266,0.07545635849237442,0.07459051162004471,0.07487954199314117,0.0738648921251297,0.6111111111111112,0.07551027089357376,0.07501308619976044,0.6785714285714286,18,0.07551027089357376,0.8767123287671232,936.55,0.0749463364481926,0.07131605595350266,0.0735463872551918,652.2778930664062,1900,0.0023660164,-0.0029803113355228563,0.1,0.7988733053207397,0.11949462890625,20,0.0,0.4224708378314972,0.17855204641236924,0.9,128,18,29.68160825371742,1.0,1e-05,12,0.2,0.07389676570892334,1.0
0.07290912419557571,0.07497052103281021,0.07238219678401947,0.07306553423404694,24,0.07297875732183456,0.07433667033910751,32,23,610,0.75,0.07475894689559937,0.07380053400993347,1.3907246376811604,0.07404253631830215,1.5724637681159421,0.21739130434782608,1.0226488996026732,0.07461173087358475,0.0732956975698471,0.07312513142824173,0.07414287328720093,1.0,0.07324838638305664,20,4938,0.0,0.07465074956417084,3014656,0.07415434718132019,0.0714985802769661,0.07563088089227676,0.07467789947986603,0.07499212771654129,0.0739763006567955,0.5,0.07575323432683945,0.07513625174760818,0.375,16,0.07575323432683945,0.782608695652174,908.2,0.07510159909725189,0.0714985802769661,0.07372378557920456,633.0677490234375,1910,0.0024399655,-0.002995976338388573,0.1,0.7998868823051453,0.12059707641601562,15,0.0,0.39215460419654846,0.16246575849363581,1.0,108,17,29.630247938632966,1.0,1e-05,14,0.2,0.07403857260942459,0.8571428571428571
0.07305952161550522,0.07511680573225021,0.0725824311375618,0.07323674112558365,28,0.07320571690797806,0.07454203069210052,31,24,637,0.7391304347826086,0.07489408552646637,0.07397916913032532,1.4090322580645172,0.0743231326341629,1.5483870967741935,0.22580645161290322,1.1433729699278101,0.07480327039957047,0.07338578253984451,0.07323785871267319,0.07427367568016052,1.0,0.07337141782045364,23,4935,0.0,0.0747033953666687,3145728,0.0742543563246727,0.07164162397384644,0.07586142420768738,0.0748705193400383,0.07519209384918213,0.07415053248405457,0.6666666666666666,0.07592975348234177,0.07530947774648666,0.42857142857142855,30,0.07592975348234177,0.7741935483870968,901.18,0.07525796443223953,0.07164162397384644,0.07394645363092422,629.87841796875,1920,0.0024190187,-0.0032042831414401006,0.1,0.8180604577064514,0.11842803955078125,20,0.0,0.5277320146560669,0.20073270880966448,0.95,120,10,29.578340274095535,1.0,1e-05,13,0.2,0.07420516759157181,0.8461538461538461
0.07320386916399002,0.0753159448504448,0.07272851467132568,0.073330357670784,26,0.07326508313417435,0.0746968612074852,21,25,664,0.8,0.07499626278877258,0.07416363060474396,1.3912992700729938,0.07445798069238663,1.8832116788321167,0.24087591240875914,1.1434470459819783,0.0749538242816925,0.07351810485124588,0.07340220361948013,0.0745726004242897,0.9523809523809523,0.07347028702497482,15,4932,0.0,0.07494674623012543,3276800,0.0744452178478241,0.07182929664850235,0.07600558549165726,0.07511656731367111,0.07537127286195755,0.07427835464477539,0.5277777777777778,0.07610103487968445,0.0755188912153244,0.5384615384615384,36,0.07610103487968445,0.7591240875912408,895.4,0.07538712024688721,0.07182929664850235,0.07403374463319778,624.2190551757812,1930,0.0024685548,-0.003076447281819128,0.1,0.8098318576812744,0.12801284790039064,17,0.0,0.5307996273040771,0.2514811223256402,1.0,104,8,29.523009200394153,1.0,1e-05,14,0.2,0.07436437159776688,1.0
0.07331883907318115,0.07550369948148727,0.07294918596744537,0.07347428053617477,39,0.07347235083580017,0.07486188411712646,21,26,691,0.9130434782608695,0.07514811307191849,0.07433704286813736,1.4009806451612914,0.07462969422340393,1.9225806451612903,0.2129032258064516,1.166346700504816,0.07513906806707382,0.07367381453514099,0.07351036369800568,0.07472393661737442,0.9523809523809523,0.07362493127584457,23,4930,0.0,0.07505756616592407,3407872,0.07466073334217072,0.07194048911333084,0.07614322006702423,0.07530871033668518,0.07546932250261307,0.0744699090719223,0.631578947368421,0.07621442526578903,0.0756574422121048,0.5128205128205128,19,0.07621442526578903,0.7870967741935484,921.0,0.075555220246315,0.07194048911333084,0.07410049438476562,645.9537963867188,1940,0.002323741,-0.0029216230936071953,0.1,0.8223168253898621,0.118798828125,15,0.0,0.5066114664077759,0.19821122934226879,0.9333333333333333,122,21,29.470649482309817,0.9047619047619048,1e-05,17,0.2,0.07451779395341873,0.9411764705882353
0.07349551469087601,0.07562190294265747,0.07312120497226715,0.07363089919090271,22,0.07364282011985779,0.07511567324399948,30,27,718,0.9166666666666666,0.07532697170972824,0.07453977316617966,1.3865611510791378,0.07475782930850983,1.7553956834532374,0.2014388489208633,1.0818574309990616,0.07535276561975479,0.07383605092763901,0.07367689162492752,0.07485545426607132,1.0,0.07377747446298599,12,4928,0.0,0.07523586601018906,3538944,0.07476010918617249,0.07207626104354858,0.07630807161331177,0.07544851303100586,0.07559752464294434,0.07456081360578537,0.5483870967741935,0.0763549730181694,0.07583249360322952,0.45454545454545453,31,0.0763549730181694,0.7985611510791367,911.56,0.07570912688970566,0.07207626104354858,0.07426859438419342,634.0584106445312,1950,0.0024714665,-0.003318318929268571,0.1,0.7998856902122498,0.13242340087890625,17,0.0,0.518241286277771,0.20216720931930468,1.0,111,15,29.41819409132004,0.9333333333333333,1e-05,12,0.2,0.07467614114284515,1.0
0.07354852557182312,0.0758126825094223,0.07324276864528656,0.07380280643701553,22,0.07382438331842422,0.0752151682972908,31,28,744,0.8,0.0755220353603363,0.07462328672409058,1.3922368421052642,0.07493600994348526,1.9078947368421053,0.19736842105263158,1.03373045826686,0.07555549591779709,0.07404100149869919,0.07386161386966705,0.07498866319656372,0.9354838709677419,0.07401805371046066,15,4926,0.0,0.07531249523162842,3670016,0.07492607831954956,0.07209628075361252,0.07647673040628433,0.07575444132089615,0.07570695877075195,0.07465386390686035,0.46875,0.07637695968151093,0.07612355798482895,0.6363636363636364,32,0.07647673040628433,0.8026315789473685,897.77,0.07584202289581299,0.07209628075361252,0.07442507147789001,626.5948486328125,1960,0.0024527176,-0.0029089431047395918,0.1,0.7893053889274597,0.12599334716796876,15,0.0,0.49117666482925415,0.20901235630153678,1.0,122,19,29.367173138260842,1.0,1e-05,18,0.2,0.07482747733592987,1.0
0.07373401522636414,0.07599274069070816,0.07346779853105545,0.07401304692029953,25,0.07390331476926804,0.07543644309043884,20,29,771,0.7894736842105263,0.07573685795068741,0.07473940402269363,1.3930070921985827,0.07510408759117126,1.9574468085106382,0.23404255319148937,1.1685586873692257,0.0757259652018547,0.07417390495538712,0.07400479912757874,0.07509490102529526,1.0,0.07422876358032227,19,4925,0.0,0.07542194426059723,3801088,0.07506606727838516,0.07221230864524841,0.07657022774219513,0.07598108798265457,0.07598726451396942,0.07478940486907959,0.5333333333333333,0.07664193958044052,0.07629358768463135,0.44,30,0.07664193958044052,0.7659574468085106,898.28,0.07603694498538971,0.07221230864524841,0.07451498508453369,625.1301879882812,1970,0.0023990553,-0.0030067240316384415,0.1,0.8237645030021667,0.1170501708984375,16,0.0,0.45179563760757446,0.20172323317965493,1.0,108,15,29.313857701420783,0.9333333333333333,1e-05,16,0.2,0.07499486953020096,1.0
0.0738847628235817,0.07618629187345505,0.07363664358854294,0.07425473630428314,28,0.07405082881450653,0.07554992288351059,25,30,798,0.9,0.07593116164207458,0.0750504732131958,1.40865806451613,0.07524418830871582,1.9870967741935484,0.1870967741935484,1.1541281056410408,0.07579724490642548,0.07432568073272705,0.07409289479255676,0.07531993836164474,1.0,0.07435376197099686,20,4923,0.0,0.07557152956724167,3932160,0.07520435750484467,0.07233326882123947,0.07664107531309128,0.07618346065282822,0.07607722282409668,0.07494739443063736,0.6,0.07680671662092209,0.07658509165048599,0.5714285714285714,35,0.07680671662092209,0.8129032258064516,922.56,0.07620876282453537,0.07233326882123947,0.07466361671686172,641.96142578125,1980,0.0025303848,-0.003030047629545152,0.1,0.7788164019584656,0.12694854736328126,11,0.0,0.4523385763168335,0.2296185721468646,1.0,126,19,29.258856120705605,0.9473684210526315,1e-05,17,0.2,0.07515603303909302,1.0
0.07406070083379745,0.07631438225507736,0.07377982884645462,0.0744122639298439,27,0.07417052239179611,0.07563914358615875,23,31,825,0.8333333333333334,0.07617310434579849,0.07520213723182678,1.3871830985915503,0.07549756020307541,1.880281690140845,0.23943661971830985,1.1295127133590182,0.0759260281920433,0.07450217753648758,0.0743548572063446,0.07553740590810776,1.0,0.07454299181699753,18,4920,0.0,0.07571114599704742,4063232,0.0754120945930481,0.07239172607660294,0.07682032138109207,0.07638338953256607,0.07642234116792679,0.07511212676763535,0.4642857142857143,0.0771087035536766,0.0766899511218071,0.4444444444444444,28,0.0771087035536766,0.7605633802816901,907.04,0.07636978477239609,0.07239172607660294,0.0747867077589035,632.9281005859375,1990,0.0025356486,-0.0032337850359908773,0.1,0.8075089454650879,0.124822998046875,16,0.0,0.4585894048213959,0.21821900575887412,0.9375,108,14,29.202316154539584,1.0,1e-05,16,0.2,0.07533285766839981,1.0
0.07417945563793182,0.07650318741798401,0.07398871332406998,0.07462514191865921,33,0.07431071251630783,0.07573871314525604,23,32,852,0.7777777777777778,0.07634508609771729,0.07541310042142868,1.3970933333333342,0.07565169036388397,1.8466666666666667,0.24666666666666667,1.2270999955410695,0.0760088711977005,0.07473783195018768,0.07450533658266068,0.07578980177640915,1.0,0.0747717097401619,18,4918,0.0,0.0758405402302742,4194304,0.0755871832370758,0.07251502573490143,0.0770367830991745,0.07656259834766388,0.07656638324260712,0.0752599760890007,0.5,0.07737082988023758,0.07684508711099625,0.5454545454545454,30,0.07737082988023758,0.7533333333333333,903.2,0.07651770859956741,0.07251502573490143,0.07507774978876114,629.5061645507812,2000,0.0025107968,-0.0030785313428168593,0.1,0.8316715359687805,0.1261993408203125,18,0.0,0.5051921606063843,0.2121653395355679,0.9444444444444444,113,14,29.143711790442467,0.8571428571428571,1e-05,14,0.2,0.07550996541976929,1.0
0.07433567941188812,0.07666836678981781,0.07421046495437622,0.07478094846010208,28,0.07454171031713486,0.07591226696968079,14,33,879,0.8095238095238095,0.07654494792222977,0.0754849761724472,1.3969558823529424,0.07581700384616852,2.110294117647059,0.22058823529411764,1.203817181211501,0.0761847272515297,0.07487566024065018,0.07477545738220215,0.07596966624259949,0.9285714285714286,0.07492572069168091,21,4917,0.0,0.07598789781332016,4325376,0.07581893354654312,0.0726715698838234,0.07720927149057388,0.07675901055335999,0.07675768435001373,0.07538232952356339,0.45,0.0775860920548439,0.0770382285118103,0.5357142857142857,20,0.0775860920548439,0.7794117647058824,887.96,0.07667488604784012,0.0726715698838234,0.07518241554498672,619.005859375,2010,0.0024584997,-0.003137803748359147,0.1,0.8206886053085327,0.12234725952148437,15,0.0,0.48095905780792236,0.23331636290531604,1.0,106,20,29.08580081909895,0.95,1e-05,18,0.2,0.0756838321685791,1.0
0.07443360984325409,0.07688410580158234,0.07433638721704483,0.0749187171459198,26,0.07461875677108765,0.0761372372508049,21,34,906,1.0,0.07667732238769531,0.07577131688594818,1.3975886524822705,0.07592421025037766,1.8865248226950355,0.11347517730496454,1.171262519744691,0.07631953060626984,0.07500945776700974,0.07492218166589737,0.07607270032167435,1.0,0.07513483613729477,23,4916,0.0,0.07608158886432648,4456448,0.0759606659412384,0.07278704643249512,0.07734473794698715,0.07692750543355942,0.07684501260519028,0.07542933523654938,0.7272727272727273,0.07787571102380753,0.07717370241880417,0.6538461538461539,22,0.07787571102380753,0.8865248226950354,957.25,0.07674691081047058,0.07278704643249512,0.07531408220529556,667.2374267578125,2020,0.002462287,-0.002853680217958754,0.1,0.8210652470588684,0.12082290649414062,14,0.0,0.5798935890197754,0.21396255446597934,1.0,125,20,29.034026569128038,0.95,1e-05,15,0.2,0.07582586258649826,1.0
0.07451830804347992,0.0770641341805458,0.07440607249736786,0.07503317296504974,37,0.07479988783597946,0.07628525793552399,19,35,933,0.782608695652174,0.07683664560317993,0.07586578279733658,1.3945714285714295,0.0761256292462349,1.9155844155844155,0.22077922077922077,1.2115698285150698,0.0764685571193695,0.07511837780475616,0.07509597390890121,0.07628700882196426,1.0,0.07535111159086227,23,4914,0.0,0.07629621028900146,4587520,0.07625062018632889,0.07297123968601227,0.0774417370557785,0.07719384878873825,0.07700248062610626,0.07560677081346512,0.6451612903225806,0.07806571573019028,0.07727295905351639,0.5405405405405406,31,0.07806571573019028,0.7792207792207793,895.45,0.07693760842084885,0.07297123968601227,0.07554823160171509,625.68017578125,2030,0.0023426898,-0.0030321629902573476,0.1,0.784009575843811,0.1124908447265625,14,0.0,0.4339877963066101,0.153144391765818,1.0,120,17,28.982908022403716,0.9411764705882353,1e-05,13,0.2,0.07599373161792755,1.0
0.07463110238313675,0.07733403891324997,0.0746297538280487,0.07523581385612488,34,0.07492861896753311,0.07648688554763794,19,36,960,0.9444444444444444,0.07702881097793579,0.07603079825639725,1.4075735294117655,0.07631368935108185,1.9779411764705883,0.20588235294117646,1.1619516719879543,0.07665405422449112,0.0753360241651535,0.07523138076066971,0.07641005516052246,1.0,0.07558771222829819,18,4913,0.0,0.07651212066411972,4718592,0.07641464471817017,0.07317207753658295,0.07763969153165817,0.0774139016866684,0.07715450972318649,0.07578907907009125,0.5789473684210527,0.07835457473993301,0.0773957371711731,0.47058823529411764,19,0.07835457473993301,0.7941176470588235,889.17,0.07719576358795166,0.07317207753658295,0.07579900324344635,617.6849365234375,2040,0.0025665928,-0.00319526806124486,0.1,0.824293851852417,0.12291183471679687,11,0.0,0.4701702296733856,0.23316573551855982,1.0,108,23,28.922493182122707,0.9565217391304348,1e-05,12,0.2,0.07618719339370728,1.0
0.07472913712263107,0.07737169414758682,0.07481960207223892,0.07535745203495026,24,0.07506119459867477,0.07667887210845947,25,37,987,0.9523809523809523,0.07716487348079681,0.0762941911816597,1.4186756756756769,0.07650185376405716,1.945945945945946,0.16216216216216217,1.1439266833204773,0.07677298784255981,0.07541394233703613,0.07542391866445541,0.07653964310884476,0.96,0.07570026069879532,21,4913,0.0,0.07679148018360138,4849664,0.07665055990219116,0.07339726388454437,0.07774648070335388,0.07759822905063629,0.07728581875562668,0.07601957768201828,0.6071428571428571,0.07849061489105225,0.07759535312652588,0.625,28,0.07849061489105225,0.8378378378378378,923.26,0.07739719748497009,0.07339726388454437,0.07601980119943619,647.2021484375,2050,0.0024433988,-0.0032316708127837048,0.1,0.7952848076820374,0.12227096557617187,13,0.0,0.49322813749313354,0.22044267108431087,1.0,124,17,28.86413228362799,0.8823529411764706,1e-05,20,0.2,0.07635287940502167,1.0
0.07489044964313507,0.0774536281824112,0.07498041540384293,0.07556559890508652,23,0.07527437061071396,0.07689627259969711,25,38,1013,0.9523809523809523,0.07727183401584625,0.07646200805902481,1.4032173913043489,0.07673410326242447,1.7463768115942029,0.15942028985507245,1.098746599051449,0.07684899121522903,0.0755322054028511,0.07566401362419128,0.07674694806337357,1.0,0.07587771117687225,21,4912,0.0,0.07686220109462738,4980736,0.07686414569616318,0.07355085760354996,0.077809177339077,0.07783351838588715,0.07745224237442017,0.07626434415578842,0.5,0.07862511277198792,0.07777143269777298,0.6956521739130435,26,0.07862511277198792,0.8405797101449275,940.3,0.07755544781684875,0.07355085760354996,0.07629722356796265,649.8494873046875,2060,0.0025636563,-0.003462868883343617,0.1,0.8056748509407043,0.12448272705078126,14,0.0,0.44561418890953064,0.1827379445079714,0.9285714285714286,116,17,28.809511354565622,1.0,1e-05,12,0.2,0.07652337104082108,1.0
0.07501818239688873,0.07764619588851929,0.0751909464597702,0.07569289952516556,23,0.07532715797424316,0.07700694352388382,29,39,1040,0.8888888888888888,0.07746417075395584,0.07666921615600586,1.4064413793103459,0.07687237113714218,1.7517241379310344,0.2,1.0683861815004787,0.07709282636642456,0.07563959062099457,0.07590280473232269,0.07684268802404404,0.9655172413793104,0.07610943913459778,18,4911,0.0,0.07700765877962112,5111808,0.07707800716161728,0.07382098585367203,0.0778917744755745,0.07803890109062195,0.07762429118156433,0.07651907950639725,0.5357142857142857,0.07876528799533844,0.07789645344018936,0.5652173913043478,28,0.07876528799533844,0.8,901.72,0.0777972862124443,0.07382098585367203,0.07646520435810089,623.8428955078125,2070,0.002377747,-0.003095258761641162,0.1,0.8267629146575928,0.11713714599609375,16,0.0,0.4951890707015991,0.1687827581888996,0.875,116,18,28.7529002815485,0.9444444444444444,1e-05,13,0.2,0.07669521123170853,1.0
0.07516594231128693,0.07778413593769073,0.07530941069126129,0.07573075592517853,30,0.07555129379034042,0.07721128314733505,26,40,1067,0.9444444444444444,0.0777052640914917,0.07686927914619446,1.3867428571428582,0.07708267867565155,1.8928571428571428,0.17857142857142858,1.0551326136738801,0.07728714495897293,0.07584705203771591,0.07609947770833969,0.07708717882633209,1.0,0.07628125697374344,18,4910,0.0,0.07711099833250046,5242880,0.07719755172729492,0.07403276115655899,0.07811220735311508,0.07816360890865326,0.0778590589761734,0.07662030309438705,0.5555555555555556,0.07891513407230377,0.07808728516101837,0.4666666666666667,18,0.07891513407230377,0.8214285714285714,947.57,0.07792585343122482,0.07403276115655899,0.07674193382263184,656.9369506835938,2080,0.002321348,-0.003266057785549492,0.1,0.8372520208358765,0.1170623779296875,11,0.0,0.4924611449241638,0.2038125864462927,1.0,115,19,28.6965764939785,1.0,1e-05,18,0.2,0.07687115669250488,1.0
0.07533839344978333,0.07799308747053146,0.07546816021203995,0.07591074705123901,26,0.07575376331806183,0.07735849171876907,16,41,1094,0.7894736842105263,0.0778801441192627,0.07696577161550522,1.3963172413793117,0.07722359895706177,1.9793103448275862,0.2206896551724138,1.1483801324069505,0.0774260088801384,0.07603747397661209,0.07630004733800888,0.07725794613361359,1.0,0.0764724612236023,19,4909,0.0,0.0772898942232132,5373952,0.07735584676265717,0.07422343641519547,0.07832767814397812,0.07838359475135803,0.0780242383480072,0.07677040249109268,0.6176470588235294,0.07906565070152283,0.07827542722225189,0.4230769230769231,34,0.07906565070152283,0.7793103448275862,906.26,0.07813753932714462,0.07422343641519547,0.0769130140542984,629.6026000976562,2090,0.0024649166,-0.0031349954995675946,0.1,0.8312931060791016,0.12672195434570313,22,0.0,0.43138498067855835,0.1868548526894301,1.0,113,13,28.639204552769662,1.0,1e-05,15,0.2,0.07704610377550125,1.0
0.07558808475732803,0.07818255573511124,0.07565528154373169,0.07605064660310745,25,0.07588087022304535,0.07754766196012497,21,42,1121,0.8666666666666667,0.07809171825647354,0.07708454877138138,1.3912517006802732,0.07736323028802872,2.258503401360544,0.21768707482993196,1.1132806975941125,0.07763047516345978,0.07622987776994705,0.07657116651535034,0.07733285427093506,1.0,0.07668636739253998,15,4908,0.0,0.07752381265163422,5505024,0.07758209854364395,0.07436095178127289,0.07867330312728882,0.07862068712711334,0.07819931954145432,0.07689116150140762,0.46153846153846156,0.07924104481935501,0.07840443402528763,0.52,26,0.07924104481935501,0.782312925170068,911.81,0.07822123169898987,0.07436095178127289,0.07706698030233383,634.0164184570312,2100,0.0024716337,-0.002971345207606646,0.1,0.7811325788497925,0.1238372802734375,13,0.0,0.5321890115737915,0.23873051904374734,0.9230769230769231,115,23,28.581704629957677,0.9565217391304348,1e-05,24,0.2,0.07722721248865128,0.9166666666666666
0.07564186304807663,0.07831188291311264,0.07579334825277328,0.07616300880908966,29,0.07601503282785416,0.07765895128250122,21,43,1148,0.7272727272727273,0.07829806953668594,0.07728969305753708,1.3973055555555567,0.0774654820561409,1.9236111111111112,0.2222222222222222,1.152353582912115,0.07787428051233292,0.07637149840593338,0.07675646245479584,0.0774904415011406,0.9523809523809523,0.07681631296873093,22,4907,0.0,0.07777150720357895,5636096,0.07771241664886475,0.07455649971961975,0.07883799821138382,0.07869662344455719,0.07832766324281693,0.07716047018766403,0.5925925925925926,0.07934998720884323,0.07865232229232788,0.5517241379310345,27,0.07934998720884323,0.7777777777777778,896.19,0.07846146821975708,0.07455649971961975,0.07731270790100098,620.37353515625,2110,0.0024323384,-0.003410219723082264,0.1,0.8279259204864502,0.11688690185546875,13,0.0,0.466743141412735,0.20886118844500742,1.0,112,14,28.526328054070472,0.9285714285714286,1e-05,18,0.2,0.07739143818616867,1.0
0.07575540244579315,0.0785212516784668,0.07600691169500351,0.07633230090141296,22,0.07612361758947372,0.07794657349586487,29,44,1175,0.8823529411764706,0.07851357758045197,0.07754258811473846,1.4161304347826098,0.07756645977497101,1.9492753623188406,0.13768115942028986,1.015127699348047,0.07812242954969406,0.07657545059919357,0.07697796076536179,0.0777474045753479,1.0,0.07706689089536667,17,4907,0.0,0.07798609882593155,5767168,0.0777674987912178,0.07458227872848511,0.07900312542915344,0.07886049896478653,0.07857678830623627,0.07730747014284134,0.6,0.07949736714363098,0.07887091487646103,0.6818181818181818,20,0.07949736714363098,0.8623188405797102,925.24,0.07858684659004211,0.07458227872848511,0.07745637744665146,641.9739990234375,2120,0.0024359296,-0.003648159430849773,0.1,0.8103245496749878,0.11992645263671875,9,0.0,0.49233201146125793,0.20824038121500052,0.8888888888888888,119,20,28.469815063476563,0.95,1e-05,21,0.2,0.07757176458835602,1.0
0.07594132423400879,0.07865893840789795,0.07623029500246048,0.07642818242311478,25,0.07626305520534515,0.07819180190563202,31,45,1202,0.8823529411764706,0.07873164117336273,0.0777318924665451,1.4036315789473697,0.0776771530508995,1.756578947368421,0.21052631578947367,1.0730526915086553,0.07825764268636703,0.07674279063940048,0.07707501202821732,0.07789084315299988,0.967741935483871,0.07727992534637451,17,4906,0.0,0.07805171608924866,5898240,0.07791068404912949,0.07470843940973282,0.07922672480344772,0.07900749891996384,0.07878508418798447,0.07735045254230499,0.5882352941176471,0.07971415668725967,0.07894110679626465,0.48,34,0.07971415668725967,0.7894736842105263,905.08,0.07889028638601303,0.07470843940973282,0.07759980112314224,625.6185302734375,2130,0.0023574652,-0.0033486083717434666,0.1,0.7650824189186096,0.1207733154296875,16,0.0,0.43999963998794556,0.17110388703877105,0.875,120,15,28.415913553535937,1.0,1e-05,14,0.2,0.07773145288228989,1.0
0.07611167430877686,0.07883837074041367,0.0764417052268982,0.07662386447191238,28,0.07643549144268036,0.07842367142438889,19,46,1229,0.9565217391304348,0.07887095212936401,0.07792331278324127,1.3994452554744536,0.07763373106718063,1.7153284671532847,0.17518248175182483,1.125459166704756,0.07845243066549301,0.0768854022026062,0.07726151496171951,0.07807040214538574,1.0,0.07748386263847351,23,4905,0.0,0.0781453400850296,6029312,0.07804355025291443,0.07488632202148438,0.07942520827054977,0.07922256737947464,0.07892712205648422,0.07747872173786163,0.6666666666666666,0.07988826185464859,0.07915440946817398,0.5,18,0.07988826185464859,0.8248175182481752,903.27,0.07907211780548096,0.07488632202148438,0.07768476009368896,626.1160278320312,2140,0.0024805572,-0.0032637986140798604,0.1,0.8303875923156738,0.12218093872070312,22,0.0,0.4715730845928192,0.2034177030727733,0.9090909090909091,113,13,28.363676764070988,0.9230769230769231,1e-05,14,0.2,0.077895388007164,1.0
0.07620220631361008,0.07898207008838654,0.07663431018590927,0.07678906619548798,36,0.07663334161043167,0.07859848439693451,25,47,1255,1.0,0.07917645573616028,0.07816816866397858,1.414837837837839,0.07772143930196762,1.8175675675675675,0.17567567567567569,1.095109696830212,0.07869496941566467,0.07702787220478058,0.07746876776218414,0.07831524312496185,1.0,0.07769844681024551,17,4904,0.0,0.07830805331468582,6160384,0.07822497934103012,0.07503639906644821,0.0796414166688919,0.07940006256103516,0.07913924008607864,0.07769159972667694,0.6818181818181818,0.08001141995191574,0.07932746410369873,0.5,22,0.08001141995191574,0.8243243243243243,945.19,0.07921390235424042,0.07503639906644821,0.07784464955329895,660.3494262695312,2150,0.002364526,-0.0030119261927211483,0.1,0.8004100322723389,0.12102279663085938,17,0.0,0.5326319932937622,0.1902020118490327,1.0,122,16,28.30808332115412,0.9375,1e-05,15,0.2,0.0780780017375946,1.0
0.07636323571205139,0.07919277250766754,0.0766945406794548,0.07707636803388596,30,0.07683730125427246,0.07888620346784592,21,48,1282,0.9333333333333333,0.07937242835760117,0.07840989530086517,1.3904603174603187,0.07786975055932999,1.8650793650793651,0.1349206349206349,1.071701195562366,0.0788688063621521,0.07728106528520584,0.07765548676252365,0.0784912109375,1.0,0.07789147645235062,15,4904,0.0,0.07843746989965439,6291456,0.07841037958860397,0.07518689334392548,0.07980173081159592,0.07948890328407288,0.07922568172216415,0.07783959060907364,0.631578947368421,0.08015410602092743,0.07947944849729538,0.7333333333333333,19,0.08015410602092743,0.8650793650793651,936.25,0.07927016168832779,0.07518689334392548,0.07795430719852448,651.7796630859375,2160,0.002504467,-0.003269701964200067,0.1,0.8235353231430054,0.12686614990234374,13,0.0,0.4333946406841278,0.17252380631980485,0.9230769230769231,109,14,28.251758514344694,1.0,1e-05,14,0.2,0.07824557274580002,1.0
0.07647962868213654,0.0793921947479248,0.07693808525800705,0.07722214609384537,35,0.07696593552827835,0.0790516808629036,25,49,1309,1.0,0.07960601150989532,0.07866289466619492,1.401437908496733,0.07802591472864151,1.6993464052287581,0.17647058823529413,1.1428803474582205,0.07910221070051193,0.07752563804388046,0.07777634263038635,0.07861778885126114,1.0,0.07811912149190903,19,4903,0.0,0.07863778620958328,6422528,0.07848114520311356,0.07540330290794373,0.0800601989030838,0.07979480177164078,0.079475536942482,0.07802435010671616,0.5925925925925926,0.08026138693094254,0.07960115373134613,0.5714285714285714,27,0.08026138693094254,0.8235294117647058,914.78,0.07940950989723206,0.07540330290794373,0.07807212322950363,637.8953857421875,2170,0.0026072874,-0.00331495973341589,0.1,0.7594149112701416,0.12953643798828124,22,0.0,0.4303567409515381,0.15427093790494836,0.9545454545454546,126,13,28.195480965077877,1.0,1e-05,12,0.2,0.07842827588319778,1.0
0.07661783695220947,0.07953274250030518,0.07708821445703506,0.07740627229213715,24,0.07710925489664078,0.07914335280656815,19,50,1336,0.75,0.0797671228647232,0.07885433733463287,1.4011970802919715,0.07823094725608826,2.072992700729927,0.2116788321167883,1.2069941210994093,0.0793529823422432,0.07767348736524582,0.0779496282339096,0.07881474494934082,1.0,0.0782584622502327,16,4902,0.0,0.07875137776136398,6553600,0.07862125337123871,0.0755864679813385,0.080300472676754,0.07998088747262955,0.07969816029071808,0.07827068865299225,0.6296296296296297,0.0804988443851471,0.07989971339702606,0.4583333333333333,27,0.0804988443851471,0.7883211678832117,889.13,0.07966823130846024,0.0755864679813385,0.07822443544864655,617.0125732421875,2180,0.0023338734,-0.0032844255947566126,0.1,0.8111099600791931,0.11675033569335938,15,0.0,0.4616818428039551,0.18866912355879323,0.9333333333333333,108,21,28.137152363359927,0.9523809523809523,1e-05,15,0.2,0.07861199229955673,1.0
0.07687655091285706,0.07978054881095886,0.07730787992477417,0.07763602584600449,44,0.07722074538469315,0.07930673658847809,29,51,1363,0.9,0.07994743436574936,0.07897549867630005,1.3984026845637594,0.07848740369081497,1.5771812080536913,0.2080536912751678,1.0869305811181538,0.07937506586313248,0.07787244021892548,0.07809228450059891,0.07897713780403137,1.0,0.07845380157232285,20,4902,0.0,0.07897642254829407,6684672,0.07897157967090607,0.07577366381883621,0.08053936809301376,0.08014193922281265,0.07986120134592056,0.07847444713115692,0.5714285714285714,0.08072398602962494,0.08004279434680939,0.5681818181818182,21,0.08072398602962494,0.7919463087248322,897.34,0.07980174571275711,0.07577366381883621,0.07839168608188629,622.1600952148438,2190,0.0025084119,-0.0032411332977062557,0.1,0.8393294215202332,0.11996612548828126,11,0.0,0.4451367259025574,0.21329748827265577,0.9090909090909091,118,18,28.078034409880637,1.0,1e-05,6,0.2,0.07880033552646637,1.0
0.07702559232711792,0.07995547354221344,0.07752922922372818,0.07786863297224045,30,0.07747761905193329,0.07950552552938461,32,52,1390,0.7727272727272727,0.08020279556512833,0.07916818559169769,1.4123916083916095,0.07862436771392822,1.5664335664335665,0.21678321678321677,0.9861068806578639,0.07956279069185257,0.07810382544994354,0.07830577343702316,0.07915759831666946,0.96875,0.078593909740448,22,4901,0.0,0.07905392348766327,6815744,0.0791633352637291,0.07594280689954758,0.080772265791893,0.08031226694583893,0.08012720197439194,0.07865194231271744,0.625,0.08081980794668198,0.08020947873592377,0.4666666666666667,24,0.08081980794668198,0.7832167832167832,895.65,0.07980768382549286,0.07594280689954758,0.07856649905443192,618.7176513671875,2200,0.0025472948,-0.0032554117869040057,0.1,0.8166710734367371,0.12566986083984374,9,0.0,0.5654096007347107,0.2102360956138,1.0,112,15,28.019649359583855,1.0,1e-05,11,0.2,0.07898034155368805,1.0
0.07718455791473389,0.08014825731515884,0.07763569802045822,0.07802318036556244,32,0.07778117060661316,0.07976005226373672,31,53,1417,0.9411764705882353,0.08030860871076584,0.07936043292284012,1.3966800000000013,0.07883284986019135,1.8266666666666667,0.22666666666666666,1.1203296607840993,0.0797446146607399,0.07832872122526169,0.07836178690195084,0.07942551374435425,1.0,0.07883644104003906,17,4901,0.0,0.07925060391426086,6946816,0.07930149883031845,0.07621992379426956,0.08087511360645294,0.08037444204092026,0.08026672899723053,0.07878980040550232,0.375,0.08094524592161179,0.08038929104804993,0.5,24,0.08094524592161179,0.7733333333333333,895.05,0.07987415045499802,0.07621992379426956,0.07870717346668243,618.6853637695312,2210,0.0025281394,-0.003581495999242179,0.1,0.8333341479301453,0.12570266723632811,11,0.0,0.4520803689956665,0.19845111130271106,0.9090909090909091,116,17,27.964864510297776,1.0,1e-05,18,0.2,0.0791490375995636,0.9444444444444444
0.07737555354833603,0.08028528839349747,0.07779671251773834,0.07817655801773071,30,0.07800865173339844,0.07984500378370285,22,54,1444,1.0,0.08051472157239914,0.07937122136354446,1.398376811594204,0.07900233566761017,2.1449275362318843,0.1956521739130435,1.212990232942546,0.07991224527359009,0.07847396284341812,0.07846929132938385,0.07961487770080566,0.9545454545454546,0.07897487282752991,10,4900,0.0,0.07945781201124191,7077888,0.07946663349866867,0.07641896605491638,0.08113361150026321,0.08056451380252838,0.08038383722305298,0.0789649561047554,0.46153846153846156,0.0811004787683487,0.08059301972389221,0.6333333333333333,26,0.08113361150026321,0.8043478260869565,913.79,0.08009044080972672,0.07641896605491638,0.07882969081401825,635.5452880859375,2220,0.0024543367,-0.0029756077436104535,0.1,0.8427160978317261,0.12068557739257812,13,0.0,0.49544450640678406,0.21125080143101513,1.0,111,18,27.91195587068796,1.0,1e-05,19,0.2,0.0793130099773407,0.9473684210526315
0.07761764526367188,0.08036980777978897,0.0779859647154808,0.07836849242448807,30,0.07824139297008514,0.07992354780435562,26,55,1471,1.0,0.08079441636800766,0.07948420196771622,1.4140583941605849,0.07918795198202133,1.72992700729927,0.1386861313868613,1.083979644805426,0.08015961199998856,0.07860734313726425,0.078619584441185,0.07981833070516586,1.0,0.07916887104511261,17,4900,0.0,0.07963703572750092,7208960,0.07974601536989212,0.07661198824644089,0.08127323538064957,0.08072937279939651,0.08051295578479767,0.07914263755083084,0.6842105263157895,0.08140861988067627,0.08076518028974533,0.6,19,0.08140861988067627,0.8613138686131386,944.63,0.08028193563222885,0.07661198824644089,0.0791165754199028,654.9880981445312,2230,0.002401578,-0.003125256170096691,0.1,0.8068807721138,0.11677169799804688,15,0.0,0.416029155254364,0.17806497488636525,1.0,118,19,27.856303283572196,0.9473684210526315,1e-05,11,0.2,0.0795029029250145,1.0
0.0777345821261406,0.08051520586013794,0.07808710634708405,0.07851949334144592,34,0.07844371348619461,0.08015523105859756,25,56,1498,0.9,0.08104430884122849,0.07971230894327164,1.398062893081762,0.07938963174819946,1.9119496855345912,0.20125786163522014,1.150002910200016,0.08041434735059738,0.07885805517435074,0.07875090092420578,0.08014772087335587,1.0,0.07930160313844681,20,4899,0.0,0.0797489583492279,7340032,0.07997062802314758,0.07683509588241577,0.08135012537240982,0.08084280043840408,0.08071800321340561,0.07930318266153336,0.6451612903225806,0.081512451171875,0.08096420019865036,0.47058823529411764,31,0.081512451171875,0.7987421383647799,896.24,0.08050304651260376,0.07683509588241577,0.07926160097122192,615.3464965820312,2240,0.002382677,-0.003097130971173101,0.1,0.7967785596847534,0.11747055053710938,15,0.0,0.44067350029945374,0.17209778748219834,1.0,127,17,27.79773767888546,0.9411764705882353,1e-05,17,0.2,0.07968337088823318,1.0
0.0778709203004837,0.08067472279071808,0.07820789515972137,0.07870540022850037,34,0.07857321947813034,0.08027651906013489,22,57,1525,0.6923076923076923,0.08119773864746094,0.07990600168704987,1.3993284671532857,0.07950063794851303,1.905109489051095,0.24817518248175183,1.1785537541633357,0.08063258230686188,0.07907184958457947,0.078996442258358,0.08034097403287888,1.0,0.07932007312774658,13,4898,0.0,0.07992036640644073,7471104,0.08021130412817001,0.07708443701267242,0.08146267384290695,0.08105801045894623,0.08087670803070068,0.07937105000019073,0.5,0.08171986788511276,0.08103819936513901,0.5294117647058824,24,0.08171986788511276,0.7518248175182481,883.83,0.08061756193637848,0.07708443701267242,0.07955124229192734,612.2735595703125,2250,0.0023807657,-0.003576726659957785,0.1,0.8149318695068359,0.1181671142578125,16,0.0,0.46077021956443787,0.24269677908159792,1.0,103,13,27.744071213901044,0.8461538461538461,1e-05,15,0.2,0.07984745502471924,1.0
0.0780542716383934,0.08092951774597168,0.07837297767400742,0.07889174669981003,37,0.07875309884548187,0.08042432367801666,28,58,1552,0.7333333333333333,0.08142773807048798,0.08015178889036179,1.4005369127516787,0.0796758309006691,1.8993288590604027,0.1342281879194631,1.0893843884520877,0.08085361868143082,0.07925878465175629,0.07916697859764099,0.08031275868415833,0.9642857142857143,0.0794481635093689,15,4898,0.0,0.08014734089374542,7602176,0.08026978373527527,0.07718422263860703,0.08175457268953323,0.08126726746559143,0.08110259473323822,0.07951658964157104,0.75,0.08188457041978836,0.08123059570789337,0.7567567567567568,20,0.08188457041978836,0.8657718120805369,925.94,0.08085854351520538,0.07718422263860703,0.07966762781143188,643.6961059570312,2260,0.0024358006,-0.003496018145415292,0.1,0.8326320648193359,0.11905288696289062,12,0.0,0.42232373356819153,0.196406718227081,0.9166666666666666,129,20,27.69046068638563,1.0,1e-05,17,0.2,0.08002421259880066,1.0
0.07832791656255722,0.0811600536108017,0.07845461368560791,0.07907626777887344,39,0.07886002957820892,0.0805620551109314,15,59,1578,0.7727272727272727,0.08167096972465515,0.08039149641990662,1.4210694444444456,0.0798332616686821,1.8472222222222223,0.20833333333333334,1.2009860985224132,0.08109104633331299,0.07950535416603088,0.07951382547616959,0.08048276603221893,1.0,0.07960213720798492,22,4897,0.0,0.0804043635725975,7733248,0.08046956360340118,0.07741629332304001,0.0819711983203888,0.08148659020662308,0.08130985498428345,0.07966086268424988,0.75,0.08205349743366241,0.08145012706518173,0.5384615384615384,24,0.08205349743366241,0.7916666666666666,907.96,0.08112771064043045,0.07741629332304001,0.07984554022550583,626.7164916992188,2270,0.0024145474,-0.003204801486208453,0.1,0.8022387027740479,0.120703125,19,0.0,0.5570947527885437,0.18833575297612698,1.0,114,13,27.631026411056517,0.9230769230769231,1e-05,12,0.2,0.08022909611463547,1.0
0.07850512117147446,0.08129215240478516,0.0786653533577919,0.079339399933815,26,0.07906858623027802,0.08070269972085953,24,60,1605,0.9,0.08193618059158325,0.08052559196949005,1.4017567567567577,0.0801149234175682,1.837837837837838,0.18243243243243243,1.1092758689696303,0.08128438144922256,0.07971048355102539,0.07967330515384674,0.08072379231452942,1.0,0.07978620380163193,20,4896,0.0,0.08060956746339798,7864320,0.08056940883398056,0.07766320556402206,0.0822003111243248,0.08164050430059433,0.08147557079792023,0.0798126682639122,0.6875,0.0822695791721344,0.08155006915330887,0.46153846153846156,32,0.0822695791721344,0.8175675675675675,909.81,0.08134631812572479,0.07766320556402206,0.08006798475980759,628.570556640625,2280,0.0024137152,-0.0032563697816840433,0.1,0.8124834895133972,0.12333221435546875,16,0.0,0.40536025166511536,0.22582961483276448,0.9375,121,18,27.568683797121047,1.0,1e-05,12,0.2,0.0804213285446167,1.0
0.07866209000349045,0.08143144845962524,0.0787992998957634,0.07948101311922073,33,0.07927051931619644,0.08088809251785278,16,61,1632,0.9375,0.08202388137578964,0.08065617084503174,1.3953088235294129,0.0803021490573883,1.9926470588235294,0.19117647058823528,1.2043033033324577,0.08145701885223389,0.07988332957029343,0.0798880010843277,0.08089680224657059,1.0,0.0799778550863266,16,4896,0.0,0.08077844977378845,7995392,0.08082913607358932,0.0777914822101593,0.08233816176652908,0.08177792280912399,0.08166760206222534,0.08004113286733627,0.6153846153846154,0.08245127648115158,0.08167415112257004,0.5757575757575758,26,0.08245127648115158,0.8088235294117647,911.43,0.08155381679534912,0.0777914822101593,0.0802047848701477,627.517333984375,2290,0.0025079725,-0.0033506838970424726,0.1,0.8278812766075134,0.12828903198242186,18,0.0,0.45876839756965637,0.17519974630558863,1.0,110,10,27.512749971449374,0.9,1e-05,17,0.2,0.08058902621269226,1.0
0.07897230237722397,0.08165530115365982,0.07893634587526321,0.07967052608728409,25,0.07952175289392471,0.08100936561822891,35,62,1659,0.8823529411764706,0.08226065337657928,0.08085985481739044,1.3992777777777787,0.080438531935215,1.6944444444444444,0.1388888888888889,0.9096878542626858,0.08166296780109406,0.08012156933546066,0.08007678389549255,0.08104567974805832,1.0,0.08009877800941467,17,4896,0.0,0.08099563419818878,8126464,0.0810542032122612,0.07800580561161041,0.08264213800430298,0.08183444291353226,0.08179683983325958,0.08031700551509857,0.6923076923076923,0.08263344317674637,0.08182578533887863,0.64,26,0.08264213800430298,0.8611111111111112,950.88,0.0816660076379776,0.07800580561161041,0.0804094448685646,657.1919555664062,2300,0.0025383458,-0.0035030102128075667,0.1,0.8322691321372986,0.12398147583007812,10,0.0,0.3845539391040802,0.18766322520095854,0.9,124,14,27.457066991925238,1.0,1e-05,17,0.2,0.08078044652938843,1.0
0.07920119166374207,0.08184478431940079,0.07906080782413483,0.07976402342319489,33,0.07969582080841064,0.0811995193362236,27,63,1686,0.7272727272727273,0.08242611587047577,0.08112206310033798,1.4067801418439727,0.08055174350738525,1.9787234042553192,0.19858156028368795,1.1158397002035099,0.08188936859369278,0.08030448853969574,0.08027152717113495,0.08128585666418076,1.0,0.08031634241342545,11,4895,0.0,0.08122719079256058,8257536,0.08115577697753906,0.07815232872962952,0.08283871412277222,0.08205169439315796,0.08204670995473862,0.08044706284999847,0.65,0.08278173953294754,0.08208805322647095,0.45454545454545453,20,0.08283871412277222,0.8014184397163121,906.09,0.08183526247739792,0.07815232872962952,0.08050627261400223,632.6517944335938,2310,0.0024530648,-0.0033968479872783066,0.1,0.7925382852554321,0.1212799072265625,13,0.0,0.4340372085571289,0.19422873860457912,1.0,113,18,27.39960082322359,1.0,1e-05,19,0.2,0.08096258342266083,1.0
0.07934151589870453,0.08207574486732483,0.07931987941265106,0.07995360344648361,28,0.07990754395723343,0.08143028616905212,23,64,1713,0.7894736842105263,0.08261197805404663,0.08128222823143005,1.4154468085106393,0.08072194457054138,1.8865248226950355,0.1347517730496454,1.1252568737248636,0.0819900780916214,0.08049497753381729,0.08055569976568222,0.0813952088356018,1.0,0.08053606748580933,19,4895,0.0,0.08134868741035461,8388608,0.08142261207103729,0.07827705144882202,0.08292429149150848,0.08226446062326431,0.08214966207742691,0.08057287335395813,0.6666666666666666,0.0829639807343483,0.08231128752231598,0.75,21,0.0829639807343483,0.8652482269503546,950.46,0.08204451948404312,0.07827705144882202,0.08080264180898666,660.0923461914062,2320,0.0024657915,-0.003143221750815428,0.1,0.819633960723877,0.12059478759765625,15,0.0,0.4874659478664398,0.17713762163184582,1.0,122,20,27.34278401136398,0.95,1e-05,15,0.2,0.08114795386791229,1.0
0.07954113185405731,0.08235763758420944,0.0794728696346283,0.08015305548906326,23,0.08012021332979202,0.08157186210155487,27,65,1740,0.7368421052631579,0.08286010473966599,0.08145609498023987,1.4088695652173924,0.08103254437446594,1.6159420289855073,0.17391304347826086,1.0696155897621493,0.08224253356456757,0.08056563138961792,0.08071551471948624,0.08156513422727585,1.0,0.08068534731864929,19,4895,0.0,0.08147367089986801,8519680,0.08165308088064194,0.07839622348546982,0.08303312957286835,0.08239990472793579,0.08224610239267349,0.08070287853479385,0.5909090909090909,0.08307754248380661,0.08241843432188034,0.6521739130434783,22,0.08307754248380661,0.8260869565217391,919.75,0.08228252828121185,0.07839622348546982,0.08101334422826767,639.409912109375,2330,0.0025013122,-0.003165134987102647,0.1,0.7832404971122742,0.12117156982421876,22,0.0,0.40272215008735657,0.15847770808031783,0.9545454545454546,114,9,27.287283189594746,0.8888888888888888,1e-05,16,0.2,0.08132145553827286,1.0
0.07979649305343628,0.08258610218763351,0.07958509773015976,0.08030292391777039,29,0.08034083992242813,0.08175092190504074,14,66,1767,0.9090909090909091,0.08303175866603851,0.08168770372867584,1.4068413793103458,0.08120670914649963,2.2344827586206897,0.18620689655172415,1.1876219316582526,0.0823584645986557,0.0807928740978241,0.08093087375164032,0.08170638233423233,1.0,0.08071605116128922,22,4894,0.0,0.08167918771505356,8650752,0.08180339634418488,0.07863997668027878,0.08309709280729294,0.08261363208293915,0.08240944892168045,0.0808597207069397,0.7083333333333334,0.08327043056488037,0.08268503844738007,0.41379310344827586,24,0.08327043056488037,0.8137931034482758,916.47,0.08250202983617783,0.07863997668027878,0.08117391169071198,631.50048828125,2340,0.0023576268,-0.003340130623928417,0.1,0.8221007585525513,0.1131561279296875,13,0.0,0.4543878138065338,0.18313981422106734,1.0,118,20,27.233192183077335,1.0,1e-05,23,0.2,0.0815010815858841,0.9565217391304348
0.08001928776502609,0.08286182582378387,0.07978778332471848,0.08059171587228775,20,0.08048666268587112,0.08190324902534485,20,67,1794,0.8,0.08328039944171906,0.08197987824678421,1.4085270270270278,0.08128002285957336,1.9594594594594594,0.18243243243243243,1.1535569252056854,0.08260169625282288,0.08100011199712753,0.08107998967170715,0.08175414055585861,1.0,0.08098920434713364,25,4894,0.0,0.0818384513258934,8781824,0.08190631866455078,0.07882940769195557,0.08325973153114319,0.08272241055965424,0.0826416090130806,0.08101983368396759,0.59375,0.0833955779671669,0.0828426256775856,0.55,32,0.0833955779671669,0.8175675675675675,905.94,0.08263453096151352,0.07882940769195557,0.08132927864789963,625.3165283203125,2350,0.0023660017,-0.0034445859279912837,0.1,0.8253405690193176,0.11285400390625,15,0.0,0.42851027846336365,0.18456310847541318,1.0,121,21,27.178313763439654,1.0,1e-05,15,0.2,0.08168142288923264,1.0
0.08030211925506592,0.08310803025960922,0.07991186529397964,0.08081206679344177,33,0.0806703045964241,0.0821305513381958,23,68,1821,0.8421052631578947,0.08348947763442993,0.0823342353105545,1.4008510638297884,0.08151973783969879,1.7659574468085106,0.2198581560283688,1.134831044032129,0.08285204321146011,0.08124630153179169,0.08123861998319626,0.0819992646574974,0.9565217391304348,0.08109208941459656,19,4894,0.0,0.08192883431911469,8912896,0.0821150466799736,0.07905217260122299,0.08339816331863403,0.0829307809472084,0.08280830085277557,0.08118970692157745,0.7083333333333334,0.08358289301395416,0.08304169774055481,0.5151515151515151,24,0.08358289301395416,0.7801418439716312,913.55,0.08285174518823624,0.07905217260122299,0.08151579648256302,632.0682983398438,2360,0.0024594474,-0.0034549706884718034,0.1,0.8262326121330261,0.12068405151367187,16,0.0,0.431896448135376,0.18974348845658823,0.875,110,12,27.118993927538394,0.9166666666666666,1e-05,14,0.2,0.08188487589359283,0.9285714285714286
0.08044008165597916,0.08330603688955307,0.08010802417993546,0.08103712648153305,26,0.08076681941747665,0.08229204267263412,21,69,1848,0.8888888888888888,0.08360309898853302,0.08248124271631241,1.4113722627737235,0.0817103162407875,2.0875912408759123,0.145985401459854,1.1346409244218647,0.08306518197059631,0.08145735412836075,0.08141830563545227,0.08217904716730118,1.0,0.08126616477966309,18,4893,0.0,0.08221275359392166,9043968,0.0823252722620964,0.0792432352900505,0.08355148881673813,0.08322172611951828,0.08302031457424164,0.08130013942718506,0.6111111111111112,0.08382922410964966,0.08320077508687973,0.6153846153846154,18,0.08382922410964966,0.8540145985401459,921.66,0.08306537568569183,0.0792432352900505,0.081661157310009,629.5010375976562,2370,0.0024601405,-0.0033114087050307717,0.1,0.8235346078872681,0.12348556518554688,12,0.0,0.5256175994873047,0.2157522217661608,1.0,117,21,27.05951749533415,0.9523809523809523,1e-05,21,0.2,0.082070492208004,1.0
0.0806325227022171,0.0836101546883583,0.08022327721118927,0.0812888815999031,28,0.08098115026950836,0.08258702605962753,20,70,1875,1.0,0.08382438868284225,0.08271120488643646,1.41064827586207,0.08177291601896286,1.993103448275862,0.14482758620689656,1.1170315969680098,0.08322723954916,0.08159538358449936,0.0816352516412735,0.08230232447385788,1.0,0.08134034276008606,21,4893,0.0,0.08226251602172852,9175040,0.082478366792202,0.07934318482875824,0.08375979214906693,0.08346544206142426,0.08320809155702591,0.08136697858572006,0.5909090909090909,0.08388271927833557,0.08342032134532928,0.6071428571428571,22,0.08388271927833557,0.8551724137931035,948.88,0.08325610309839249,0.07934318482875824,0.08193696290254593,654.851806640625,2380,0.0023418479,-0.0034717028092018155,0.1,0.8378941416740417,0.117657470703125,16,0.0,0.40146201848983765,0.16976793874637225,1.0,124,19,27.004900577664376,0.9473684210526315,1e-05,19,0.2,0.08224450796842575,1.0
0.08083740621805191,0.08383366465568542,0.0803510993719101,0.08154874294996262,36,0.0812171995639801,0.08277393877506256,31,71,1901,0.9166666666666666,0.08403028547763824,0.08287575095891953,1.389220588235295,0.08195341378450394,1.625,0.17647058823529413,1.1129692552567598,0.08342605084180832,0.08173780888319016,0.0817960575222969,0.08245595544576645,0.967741935483871,0.08140211552381516,12,4892,0.0,0.0823337659239769,9306112,0.08269937336444855,0.07962634414434433,0.08382560312747955,0.08358366787433624,0.0834038183093071,0.08153948932886124,0.6428571428571429,0.08401410281658173,0.08343084156513214,0.6111111111111112,14,0.08403028547763824,0.8235294117647058,932.0,0.08349794894456863,0.07962634414434433,0.08219588547945023,644.5360107421875,2390,0.002400233,-0.0031961411857992063,0.1,0.8479481935501099,0.11997528076171875,16,0.0,0.3986614942550659,0.17028949259547516,1.0,112,13,26.953074856102468,0.7692307692307693,1e-05,14,0.2,0.0824156180024147,1.0
0.08098460733890533,0.08403856307268143,0.08050612360239029,0.08169136196374893,31,0.08148746192455292,0.08298058062791824,18,72,1928,0.8095238095238095,0.08427572250366211,0.08313626796007156,1.4136666666666677,0.08208900690078735,2.2333333333333334,0.17333333333333334,1.1423018138492262,0.0836433544754982,0.08182556927204132,0.08183124661445618,0.0825527086853981,1.0,0.08158993721008301,21,4892,0.0,0.0824696347117424,9437184,0.08301594108343124,0.07981283962726593,0.08401492238044739,0.0838550478219986,0.08354533463716507,0.08173725754022598,0.7142857142857143,0.08425547927618027,0.08374007046222687,0.5483870967741935,28,0.08427572250366211,0.8266666666666667,944.87,0.0837123841047287,0.07981283962726593,0.08237108588218689,653.1085815429688,2400,0.002457166,-0.003305664302297373,0.1,0.8033939599990845,0.123388671875,10,0.0,0.42485716938972473,0.1821584299323149,1.0,124,13,26.89784900844097,1.0,1e-05,29,0.2,0.0826064944267273,1.0
0.0811312347650528,0.08422653377056122,0.08066435903310776,0.08182890713214874,24,0.08169876784086227,0.08312445878982544,30,73,1955,0.9166666666666666,0.08452389389276505,0.08337460458278656,1.405750000000001,0.0823148787021637,1.3897058823529411,0.19852941176470587,1.069568411236069,0.08388472348451614,0.08196698874235153,0.08199875801801682,0.08284611999988556,1.0,0.08178051561117172,24,4892,0.0,0.08262243866920471,9568256,0.08313843607902527,0.0800643190741539,0.08419099450111389,0.08409413695335388,0.08378054946660995,0.08197369426488876,0.5909090909090909,0.08448881655931473,0.08387614041566849,0.4583333333333333,22,0.08452389389276505,0.8014705882352942,900.53,0.08384441584348679,0.0800643190741539,0.08247136324644089,624.7619018554688,2410,0.002454881,-0.003278250050789211,0.1,0.8049008250236511,0.1229400634765625,15,0.0,0.5582883358001709,0.18776133175124415,0.9333333333333333,109,15,26.840162771940232,0.8666666666666667,1e-05,6,0.2,0.08279640227556229,1.0
0.0813765600323677,0.08439955115318298,0.08091945201158524,0.08202099055051804,24,0.08185891062021255,0.08331402391195297,28,74,1982,0.9375,0.08462116122245789,0.08351892977952957,1.398986842105264,0.08248967677354813,2.026315789473684,0.17105263157894737,1.11957111778352,0.08405882120132446,0.08215967565774918,0.0821051374077797,0.0830453410744667,0.9642857142857143,0.08180040866136551,16,4891,0.0,0.08282002806663513,9699328,0.08339528739452362,0.08014168590307236,0.08449657261371613,0.08447445929050446,0.08392807841300964,0.08214680850505829,0.6363636363636364,0.08478883653879166,0.08397705107927322,0.4166666666666667,22,0.08478883653879166,0.8289473684210527,916.19,0.08403878659009933,0.08014168590307236,0.08262261003255844,633.0807495117188,2420,0.0024580117,-0.0034333464194787667,0.1,0.8169729113578796,0.1219329833984375,15,0.0,0.4548041820526123,0.17798014194704592,0.9333333333333333,126,28,26.78435418009758,0.9642857142857143,1e-05,19,0.2,0.08298074454069138,1.0
0.08157467842102051,0.08467528969049454,0.08113927394151688,0.08216631412506104,28,0.08203479647636414,0.08350703865289688,19,75,2009,0.85,0.08473531156778336,0.0836232379078865,1.4103407407407418,0.08268534392118454,1.9851851851851852,0.18518518518518517,1.1286335126410516,0.08428122848272324,0.082298144698143,0.08237610012292862,0.0832899883389473,1.0,0.08188165724277496,20,4891,0.0,0.08306292444467545,9830400,0.08355312794446945,0.08034487813711166,0.08475712686777115,0.08453580737113953,0.08411891013383865,0.08228649199008942,0.5789473684210527,0.0849253237247467,0.08422376215457916,0.6071428571428571,19,0.0849253237247467,0.8148148148148148,906.06,0.08420759439468384,0.08034487813711166,0.08282709866762161,631.7943115234375,2430,0.0025374296,-0.003213845357640821,0.1,0.7991292476654053,0.12766571044921876,15,0.0,0.3559526801109314,0.18972431466681883,0.9333333333333333,110,11,26.728158850967883,0.8181818181818182,1e-05,23,0.2,0.08316445350646973,1.0
0.08172094821929932,0.08489884436130524,0.08129529654979706,0.0823814794421196,31,0.08220168203115463,0.08362734317779541,30,76,2036,0.9444444444444444,0.08494225144386292,0.08378452062606812,1.4101632653061236,0.0828852578997612,1.7346938775510203,0.1360544217687075,1.018629747947592,0.08448109775781631,0.08254852145910263,0.0825180634856224,0.08343704789876938,1.0,0.08213489502668381,18,4891,0.0,0.08331086486577988,9961472,0.08375074714422226,0.08055110275745392,0.08484910428524017,0.08463280647993088,0.08418513089418411,0.0824938416481018,0.7272727272727273,0.08504553884267807,0.08440403640270233,0.6129032258064516,22,0.08504553884267807,0.8639455782312925,956.79,0.0844467282295227,0.08055110275745392,0.08298295736312866,664.54833984375,2440,0.0025084498,-0.0034609848666150357,0.1,0.8137893676757812,0.12611923217773438,14,0.0,0.405172199010849,0.17783880438073538,1.0,127,17,26.675057815015315,0.9411764705882353,1e-05,15,0.2,0.08334039151668549,1.0
0.08187422156333923,0.08494547009468079,0.08151958137750626,0.08262035250663757,20,0.08235757797956467,0.08375376462936401,33,77,2063,0.875,0.08526025712490082,0.08394798636436462,1.4136875000000009,0.0829901397228241,1.7578125,0.1484375,0.9791723673788439,0.0847577378153801,0.08273777365684509,0.08274193853139877,0.08363080769777298,1.0,0.08238659054040909,8,4891,0.0,0.08348263800144196,10092544,0.08386356383562088,0.08071482181549072,0.08502034097909927,0.08484314382076263,0.08437546342611313,0.08269426971673965,0.6,0.0852731466293335,0.08469685167074203,0.65,25,0.0852731466293335,0.8515625,929.95,0.08473389595746994,0.08071482181549072,0.08310563117265701,643.5776977539062,2450,0.0024761548,-0.0033112105769760093,0.1,0.7765241861343384,0.1173492431640625,13,0.0,0.4369089603424072,0.18156807604827918,0.9230769230769231,109,15,26.61853263527155,1.0,1e-05,14,0.2,0.08353311568498611,1.0
0.08198472112417221,0.08506585657596588,0.08161864429712296,0.08273905515670776,28,0.08245731145143509,0.08396255970001221,26,78,2090,0.9545454545454546,0.08529852330684662,0.0841759443283081,1.4303870967741943,0.08314909785985947,1.9161290322580644,0.2,1.0826320466956567,0.08498163521289825,0.08285429328680038,0.08291541785001755,0.08387500792741776,1.0,0.08258628100156784,22,4890,0.0,0.08379223197698593,10223616,0.0839812383055687,0.08101232349872589,0.0852188840508461,0.08493101596832275,0.08460966497659683,0.08284904807806015,0.4838709677419355,0.08540061861276627,0.08487051725387573,0.5357142857142857,31,0.08540061861276627,0.8,915.46,0.08494057506322861,0.08101232349872589,0.08336169272661209,631.8181762695312,2460,0.0024861486,-0.0033873310041599323,0.1,0.803876519203186,0.12496490478515625,13,0.0,0.4509277045726776,0.1546077847306151,1.0,124,14,26.56497785449028,0.9285714285714286,1e-05,21,0.2,0.08370529115200043,1.0
0.082207091152668,0.08529099822044373,0.0818430706858635,0.08294050395488739,17,0.08264109492301941,0.08417582511901855,21,79,2117,0.9166666666666666,0.08545739948749542,0.08429015427827835,1.407187500000001,0.0833219662308693,2.0625,0.1640625,1.0847146735401156,0.08520152419805527,0.08308853209018707,0.08316729962825775,0.08404234796762466,1.0,0.0827043205499649,12,4890,0.0,0.08403854072093964,10354688,0.08417465537786484,0.08123544603586197,0.08535973727703094,0.08512479811906815,0.08481063693761826,0.08297444880008698,0.6896551724137931,0.08546383678913116,0.08505253493785858,0.4117647058823529,29,0.08546383678913116,0.8359375,914.71,0.08520089834928513,0.08123544603586197,0.08353447914123535,638.3311157226562,2470,0.002395137,-0.0033345724044920645,0.1,0.8197535276412964,0.11524810791015624,16,0.0,0.4411158859729767,0.1968130015768111,0.9375,107,17,26.51107948869467,1.0,1e-05,16,0.2,0.08389368653297424,1.0
0.08237984776496887,0.08550617098808289,0.08203911036252975,0.08319178968667984,32,0.08279385417699814,0.08437379449605942,32,80,2144,0.9523809523809523,0.08568957448005676,0.08457963168621063,1.4054068965517252,0.08347868919372559,1.5724137931034483,0.1310344827586207,1.0616626159924254,0.08540525287389755,0.0833095908164978,0.08334039896726608,0.08422583341598511,1.0,0.08277220278978348,21,4890,0.0,0.08404729515314102,10485760,0.08436787873506546,0.08133794367313385,0.08531735092401505,0.0853060856461525,0.08510091155767441,0.08317992836236954,0.6111111111111112,0.08556672930717468,0.08528969436883926,0.6875,18,0.08568957448005676,0.8689655172413793,959.78,0.08545440435409546,0.08133794367313385,0.08371275663375854,663.2821655273438,2480,0.0024867305,-0.003639012637358974,0.1,0.8240938782691956,0.12193374633789063,14,0.0,0.49216288328170776,0.18257363971206358,0.9285714285714286,126,12,26.456074059009552,1.0,1e-05,16,0.2,0.08407066017389297,1.0
0.08265458792448044,0.08561762422323227,0.08220764249563217,0.08338981121778488,24,0.08299192041158676,0.08461350202560425,17,81,2171,0.9375,0.08596045523881912,0.08475977927446365,1.4042015503875978,0.08378816395998001,2.116279069767442,0.12403100775193798,1.0906761326466792,0.08559563010931015,0.08359818160533905,0.08362608402967453,0.08430738002061844,1.0,0.08296483010053635,16,4890,0.0,0.0842093825340271,10616832,0.08448672294616699,0.08148806542158127,0.08541393280029297,0.08551225811243057,0.0852498710155487,0.08341757208108902,0.75,0.08577781170606613,0.0855485200881958,0.75,24,0.08596045523881912,0.875968992248062,955.03,0.08568272739648819,0.08148806542158127,0.08391136676073074,657.343994140625,2490,0.0025252067,-0.0032175762315091562,0.1,0.7932296991348267,0.12709503173828124,13,0.0,0.40563008189201355,0.16208968789142092,1.0,113,18,26.399532245099543,0.8888888888888888,1e-05,17,0.2,0.08427095413208008,0.9411764705882353
0.08280497044324875,0.08576517552137375,0.08250224590301514,0.08356718719005585,29,0.08316192775964737,0.0848134309053421,31,82,2198,1.0,0.08620012551546097,0.08492138236761093,1.3930604026845648,0.084009550511837,1.6979865771812082,0.14093959731543623,1.0464251396069681,0.08577894419431686,0.08382220566272736,0.08383208513259888,0.08448805660009384,1.0,0.083132803440094,18,4889,0.0,0.08442935347557068,10747904,0.0846775695681572,0.08169366419315338,0.08560797572135925,0.08568324148654938,0.08539250493049622,0.08358129858970642,0.7307692307692307,0.08583004027605057,0.08565599471330643,0.5862068965517241,26,0.08620012551546097,0.8590604026845637,944.91,0.0859161764383316,0.08169366419315338,0.08408153057098389,656.4322509765625,2500,0.002370872,-0.0034372632284885183,0.1,0.8114263415336609,0.11773147583007812,15,0.0,0.3616710901260376,0.14003326445817948,1.0,128,17,26.34329634606838,0.9411764705882353,1e-05,13,0.2,0.08445398509502411,0.9230769230769231
0.08289822190999985,0.08589301258325577,0.08272118121385574,0.08383188396692276,22,0.08331923931837082,0.08498493582010269,25,83,2224,1.0,0.086366668343544,0.08501870185136795,1.4151718750000009,0.08422020822763443,1.859375,0.1640625,1.028727608699048,0.0859682634472847,0.08405721187591553,0.08403004705905914,0.08462001383304596,1.0,0.08332500606775284,17,4889,0.0,0.08463214337825775,10878976,0.08483237773180008,0.08185417205095291,0.08575176447629929,0.08576644957065582,0.08573058992624283,0.08372770994901657,0.5238095238095238,0.0860731303691864,0.08584965020418167,0.5,21,0.086366668343544,0.8359375,940.89,0.0860520526766777,0.08185417205095291,0.08415812999010086,650.31005859375,2510,0.002320542,-0.0032285189082358555,0.1,0.8128506541252136,0.11521377563476562,10,0.0,0.3902079463005066,0.156642845805618,1.0,107,19,26.290473641455172,1.0,1e-05,14,0.2,0.08462731540203094,1.0
0.08315955102443695,0.08610808104276657,0.08295238018035889,0.08405553549528122,22,0.08346252143383026,0.08514552563428879,21,84,2251,0.9629629629629629,0.08655335009098053,0.0852414146065712,1.4054736842105273,0.08436883240938187,1.881578947368421,0.14473684210526316,1.1181884438430372,0.08611775189638138,0.08431339263916016,0.08426353335380554,0.08488016575574875,1.0,0.08351131528615952,27,4889,0.0,0.08489161729812622,11010048,0.08494608104228973,0.08195292204618454,0.08575250208377838,0.08590573072433472,0.08598417043685913,0.0839080885052681,0.7142857142857143,0.08623432368040085,0.08613317459821701,0.45454545454545453,28,0.08655335009098053,0.8552631578947368,922.13,0.0861813873052597,0.08195292204618454,0.08445268869400024,636.8833618164062,2520,0.0024541398,-0.0035216616981415426,0.1,0.824951171875,0.12100448608398437,19,0.0,0.43768787384033203,0.14879215677501634,1.0,130,15,26.23582358956337,0.9333333333333333,1e-05,20,0.2,0.08481904119253159,1.0
0.08338460326194763,0.08630967885255814,0.08316423743963242,0.08421482890844345,24,0.08363515883684158,0.0853026732802391,16,85,2278,1.0,0.08659646660089493,0.08544085174798965,1.4035970149253743,0.08456116169691086,2.246268656716418,0.1417910447761194,1.0782431982647867,0.08626112341880798,0.08464890718460083,0.08434829860925674,0.08501405268907547,1.0,0.08379922807216644,17,4889,0.0,0.08500096201896667,11141120,0.08503169566392899,0.08208462595939636,0.08604097366333008,0.08594852685928345,0.08619260042905807,0.08405934274196625,0.6956521739130435,0.08635479211807251,0.08631602674722672,0.5,23,0.08659646660089493,0.8582089552238806,946.39,0.08643150329589844,0.08208462595939636,0.08474593609571457,659.0744018554688,2530,0.002409977,-0.003146196373290877,0.1,0.8199512362480164,0.12117233276367187,12,0.0,0.41532081365585327,0.16433929146151058,1.0,115,22,26.181839792430402,1.0,1e-05,20,0.2,0.08499553799629211,1.0
0.08353882282972336,0.08655163645744324,0.08328508585691452,0.08439423888921738,23,0.08373872935771942,0.0853547751903534,17,86,2305,1.0,0.08678887784481049,0.0856182798743248,1.4081428571428583,0.08462657034397125,2.0642857142857145,0.10714285714285714,1.1215522817935986,0.08652915060520172,0.08487848937511444,0.08452008664608002,0.08516194671392441,1.0,0.0838797390460968,23,4888,0.0,0.08525149524211884,11272192,0.08515831083059311,0.08230334520339966,0.0863027349114418,0.08618637919425964,0.08629115670919418,0.08412502706050873,0.8461538461538461,0.08650573343038559,0.08650021255016327,0.6086956521739131,26,0.08678887784481049,0.8928571428571429,959.01,0.08658191561698914,0.08230334520339966,0.08501368761062622,663.7310180664062,2540,0.0024293123,-0.0031710229522104783,0.1,0.775276780128479,0.11964187622070313,14,0.0,0.4603627324104309,0.15755457234336062,1.0,125,17,26.131753808259965,0.9411764705882353,1e-05,20,0.2,0.08516345918178558,0.95
0.08372397720813751,0.08680567890405655,0.08355146646499634,0.08455166965723038,29,0.08398114144802094,0.08563028275966644,21,87,2332,0.9090909090909091,0.08698548376560211,0.08586446940898895,1.40740425531915,0.08475314825773239,2.219858156028369,0.1702127659574468,1.144476047947625,0.08668655157089233,0.08512909710407257,0.08462312072515488,0.08530721068382263,1.0,0.08409424126148224,11,4888,0.0,0.08555717021226883,11403264,0.08518954366445541,0.0824621245265007,0.08654478937387466,0.0864047259092331,0.08657186478376389,0.0843350812792778,0.6,0.08673792332410812,0.08678090572357178,0.5862068965517241,25,0.08698548376560211,0.8297872340425532,900.69,0.08686093240976334,0.0824621245265007,0.0852394849061966,619.8212280273438,2550,0.0023622015,-0.00331318443049895,0.1,0.8314470648765564,0.11409225463867187,12,0.0,0.356190025806427,0.12397181761043612,1.0,117,26,26.075148260593416,0.9615384615384616,1e-05,17,0.2,0.0853748768568039,1.0
0.08393233269453049,0.08698830753564835,0.08372262120246887,0.08473696559667587,33,0.08424714207649231,0.0858038142323494,29,88,2359,1.0,0.0870332196354866,0.08613543212413788,1.4126849315068504,0.08484483510255814,1.9863013698630136,0.17123287671232876,1.0618587082349482,0.08680395781993866,0.08530686050653458,0.08483076095581055,0.08562663197517395,1.0,0.08426668494939804,9,4888,0.0,0.08584121614694595,11534336,0.08544658124446869,0.08267185837030411,0.08679189532995224,0.08671115338802338,0.08676183223724365,0.0845213532447815,0.5625,0.08697716891765594,0.08690424263477325,0.48484848484848486,16,0.08709530532360077,0.8287671232876712,893.65,0.08709530532360077,0.08267185837030411,0.08546791225671768,620.628662109375,2560,0.0024535363,-0.003571480849132058,0.1,0.8418899774551392,0.11776046752929688,18,0.0,0.40306025743484497,0.16203371238370892,0.9444444444444444,121,18,26.01491098254919,1.0,1e-05,23,0.2,0.0855787992477417,1.0
0.08415790647268295,0.0872742310166359,0.0839495062828064,0.08490851521492004,33,0.08444482088088989,0.0860382467508316,23,89,2386,0.8947368421052632,0.0873967781662941,0.08640040457248688,1.4010281690140856,0.08511006832122803,1.7816901408450705,0.14788732394366197,1.13456821514196,0.08717269450426102,0.08562630414962769,0.08506912738084793,0.08576425909996033,1.0,0.08437005430459976,19,4888,0.0,0.08610141277313232,11665408,0.08567778766155243,0.08283000439405441,0.08693220466375351,0.08695486187934875,0.08718665689229965,0.08468694239854813,0.6666666666666666,0.08730283379554749,0.08715462684631348,0.6060606060606061,15,0.0873967781662941,0.852112676056338,904.28,0.0873529240489006,0.08283000439405441,0.085602767765522,622.6824340820312,2570,0.0024081217,-0.0034967957370099613,0.1,0.8387032747268677,0.12184295654296876,19,0.0,0.40695250034332275,0.17831231367308648,0.9473684210526315,121,19,25.94986210465431,1.0,1e-05,14,0.2,0.08581863343715668,1.0
0.08432009816169739,0.08744846284389496,0.08416014909744263,0.08505821973085403,17,0.08454611152410507,0.08614983409643173,28,90,2413,0.9285714285714286,0.08765207231044769,0.08649306744337082,1.3974848484848494,0.08526375144720078,1.8257575757575757,0.08333333333333333,0.9797565978972597,0.08741340041160583,0.08581426739692688,0.08542649447917938,0.08604909479618073,1.0,0.08454985171556473,14,4888,0.0,0.08622550964355469,11796480,0.08581840246915817,0.08297769725322723,0.08715373277664185,0.08699662238359451,0.08752992004156113,0.08491301536560059,0.631578947368421,0.08740571141242981,0.08740071207284927,0.9411764705882353,19,0.08765207231044769,0.9166666666666666,960.67,0.0874532163143158,0.08297769725322723,0.08575750887393951,670.4603881835938,2580,0.0024559302,-0.0035685125569216323,0.1,0.8303537368774414,0.12407455444335938,19,0.0,0.37913405895233154,0.16416434042621403,0.9473684210526315,121,16,25.889372861385347,0.9375,1e-05,19,0.2,0.08599907904863358,1.0
0.08448680490255356,0.08762053400278091,0.08432197570800781,0.08516698330640793,27,0.0847802683711052,0.08621589094400406,16,91,2440,0.8947368421052632,0.08779360353946686,0.08673095703125,1.4147913669064758,0.08548704534769058,2.050359712230216,0.14388489208633093,1.1438390787104058,0.08760276436805725,0.08604729175567627,0.08550947159528732,0.08635008335113525,1.0,0.08475979417562485,19,4888,0.0,0.08649764955043793,11927552,0.08600108325481415,0.08323202282190323,0.08746258169412613,0.0871865302324295,0.08785497397184372,0.08509141951799393,0.75,0.08759741485118866,0.08751383423805237,0.5555555555555556,20,0.08785497397184372,0.8561151079136691,950.3,0.08768559992313385,0.08323202282190323,0.08587794005870819,662.3306274414062,2590,0.002420325,-0.0032782824135210832,0.1,0.7674143314361572,0.11506423950195313,21,0.0,0.3996802270412445,0.11932649207301438,0.9523809523809523,119,14,25.834303426742554,1.0,1e-05,22,0.2,0.0861949697136879,1.0
0.08462132513523102,0.08789689838886261,0.08447981625795364,0.08541973680257797,23,0.08497132360935211,0.08635257184505463,24,92,2466,0.8235294117647058,0.0879957377910614,0.08693387359380722,1.404562962962964,0.08568009734153748,1.8,0.1037037037037037,1.0422297801964255,0.08771978318691254,0.08629018813371658,0.08575072139501572,0.08646715432405472,1.0,0.08490900695323944,17,4888,0.0,0.0867614820599556,12058624,0.0860985592007637,0.08337073028087616,0.08759254962205887,0.0875682458281517,0.08799786120653152,0.08521579205989838,0.8181818181818182,0.08782228082418442,0.08776074647903442,0.6956521739130435,22,0.08799786120653152,0.8962962962962963,945.7,0.08790385723114014,0.08337073028087616,0.08611124008893967,656.4963989257812,2600,0.0024481178,-0.003196842966235636,0.1,0.8036966323852539,0.12271270751953126,19,0.0,0.3651781678199768,0.14305953856091946,1.0,121,14,25.7779345497489,1.0,1e-05,16,0.2,0.08638766407966614,1.0
0.08486755192279816,0.08806497603654861,0.08458352833986282,0.08568833023309708,25,0.08519336581230164,0.0866749957203865,30,93,2493,0.8571428571428571,0.0881376788020134,0.0872032642364502,1.403013698630138,0.08601114898920059,1.8767123287671232,0.17123287671232876,1.0192377370273196,0.08793134987354279,0.08653479814529419,0.08591226488351822,0.08668231964111328,0.9666666666666667,0.08516012132167816,14,4888,0.0,0.08706595003604889,12189696,0.08634596318006516,0.0836668461561203,0.08781982958316803,0.08774635195732117,0.08812746405601501,0.08557283133268356,0.5652173913043478,0.08818032592535019,0.08805633336305618,0.56,23,0.08818032592535019,0.8287671232876712,941.92,0.08814648538827896,0.0836668461561203,0.08644868433475494,652.3128051757812,2610,0.002509551,-0.0034832312662729237,0.1,0.8061083555221558,0.1242645263671875,17,0.0,0.41764670610427856,0.11722189655120019,1.0,121,17,25.71397500038147,0.9411764705882353,1e-05,20,0.2,0.08663290739059448,1.0
0.08510904759168625,0.08824160695075989,0.08471979200839996,0.08591333031654358,24,0.08532018214464188,0.08700326085090637,23,94,2520,0.9411764705882353,0.08828944712877274,0.08745962381362915,1.3949624060150387,0.08619233965873718,1.8421052631578947,0.16541353383458646,1.058420253328454,0.08809279650449753,0.08667471259832382,0.08610087633132935,0.08690837025642395,1.0,0.08536333590745926,17,4887,0.0,0.0873722955584526,12320768,0.08653613924980164,0.08390241116285324,0.08792120963335037,0.0880613923072815,0.08844184875488281,0.08570420742034912,0.8888888888888888,0.08846217393875122,0.0883093997836113,0.375,18,0.08846217393875122,0.8345864661654135,929.36,0.0883321613073349,0.08390241116285324,0.08670782297849655,645.5625610351562,2620,0.0024479209,-0.0038983458057373355,0.1,0.828942060470581,0.11832275390625,19,0.0,0.3753174841403961,0.1460515525774099,0.8421052631578947,111,13,25.649040181934833,0.9230769230769231,1e-05,19,0.2,0.08684558421373367,1.0
0.0853443518280983,0.08833540230989456,0.08481448143720627,0.08613856881856918,29,0.08546628057956696,0.08721678704023361,33,95,2547,0.8,0.08864091336727142,0.08761748671531677,1.4262818791946321,0.08637740463018417,1.7315436241610738,0.1610738255033557,1.0628856472793629,0.08829354494810104,0.08695187419652939,0.08622892200946808,0.08711390942335129,1.0,0.08563599735498428,15,4887,0.0,0.08758094161748886,12451840,0.08674565702676773,0.08418343216180801,0.08813479542732239,0.08832657337188721,0.0886709913611412,0.08596961200237274,0.76,0.08871743083000183,0.08853686600923538,0.5517241379310345,25,0.08871743083000183,0.8389261744966443,915.54,0.08850229531526566,0.08418343216180801,0.08688873052597046,635.1471557617188,2630,0.0024775795,-0.0037344482342632546,0.1,0.8189464807510376,0.12002182006835938,16,0.0,0.41900861263275146,0.15709633744554594,0.9375,125,13,25.58756037503481,1.0,1e-05,18,0.2,0.08705732971429825,0.9444444444444444
0.08552694320678711,0.08860260993242264,0.08512376248836517,0.086250901222229,19,0.08553194254636765,0.08742665499448776,22,96,2574,0.8823529411764706,0.08885972946882248,0.0877743661403656,1.4282835820895532,0.08658001571893692,1.835820895522388,0.1044776119402985,1.048793345964071,0.08847986906766891,0.08705787360668182,0.08647824823856354,0.08734267204999924,1.0,0.08586207777261734,17,4887,0.0,0.08766327053308487,12582912,0.08689048886299133,0.08446698635816574,0.08836645632982254,0.08848962187767029,0.08893310278654099,0.08607811480760574,0.8,0.08904803544282913,0.08871133625507355,0.631578947368421,25,0.08904803544282913,0.8955223880597015,964.96,0.08866135030984879,0.08446698635816574,0.08699463307857513,667.2234497070312,2640,0.002445849,-0.0034494703776545067,0.1,0.8133423924446106,0.12351837158203124,20,0.0,0.47954583168029785,0.18201618281891568,1.0,120,20,25.52998090237379,1.0,1e-05,11,0.2,0.08724803477525711,1.0
0.0858059823513031,0.08881977945566177,0.08534298837184906,0.08633755892515182,36,0.08560362458229065,0.08768244087696075,24,97,2601,0.9411764705882353,0.0890292301774025,0.08804090321063995,1.3999455782312935,0.0867898091673851,1.9251700680272108,0.1564625850340136,1.081130356800868,0.08872003108263016,0.08729176223278046,0.08663775026798248,0.08752443641424179,0.9583333333333334,0.08601053804159164,17,4887,0.0,0.08775453269481659,12713984,0.08708157390356064,0.08452782779932022,0.08854863047599792,0.08860792964696884,0.08923348784446716,0.08629284054040909,0.7727272727272727,0.08924116939306259,0.08891057223081589,0.5555555555555556,22,0.08924116939306259,0.8435374149659864,900.1,0.08899647742509842,0.08452782779932022,0.08724013715982437,622.42919921875,2650,0.0023642324,-0.003095258540179202,0.1,0.788020670413971,0.11686019897460938,13,0.0,0.36772310733795166,0.12395347875717562,1.0,124,19,25.47455940544605,1.0,1e-05,16,0.2,0.08744287490844727,1.0
0.08602534234523773,0.0890720933675766,0.0855732411146164,0.08642059564590454,23,0.08586850017309189,0.08786755800247192,27,98,2628,0.8636363636363636,0.08919720351696014,0.08822212368249893,1.4185070422535222,0.08682140707969666,1.8098591549295775,0.14084507042253522,1.1329538967835906,0.08887555450201035,0.08762688934803009,0.0868806317448616,0.0877840518951416,1.0,0.0861816480755806,22,4887,0.0,0.08792474865913391,12845056,0.0872262641787529,0.084684818983078,0.0887710228562355,0.08887440711259842,0.0894811749458313,0.0865480899810791,0.7894736842105263,0.08958083391189575,0.08923846483230591,0.5217391304347826,19,0.08958083391189575,0.8591549295774648,946.65,0.08926904946565628,0.084684818983078,0.08754465728998184,653.528564453125,2660,0.0026106136,-0.003438968119007768,0.1,0.8185207843780518,0.13301010131835939,14,0.0,0.4332199692726135,0.16921686812420375,0.9285714285714286,122,18,25.415311378240585,0.9444444444444444,1e-05,19,0.2,0.08766240626573563,1.0
0.08612534403800964,0.08939093351364136,0.08579802513122559,0.08663740009069443,20,0.08618224412202835,0.08813752979040146,21,99,2655,1.0,0.089298315346241,0.08832818269729614,1.4049312977099244,0.08705411851406097,2.1603053435114505,0.061068702290076333,1.1125752983215884,0.08900312334299088,0.0879058688879013,0.08708266168832779,0.08790790289640427,1.0,0.08630987256765366,14,4887,0.0,0.08817172795534134,12976128,0.08746133744716644,0.08479860424995422,0.08907642960548401,0.08905000984668732,0.0896935984492302,0.08688481152057648,0.8666666666666667,0.08988908678293228,0.08959674835205078,0.7,15,0.08988908678293228,0.9389312977099237,970.97,0.08955104649066925,0.08479860424995422,0.0876246988773346,674.95361328125,2670,0.0023528864,-0.003275682715320727,0.1,0.8304281830787659,0.1129638671875,15,0.0,0.3847948908805847,0.13741309420147446,1.0,123,26,25.353522588312625,1.0,1e-05,20,0.2,0.08787837624549866,1.0
0.0863010361790657,0.08968191593885422,0.08593910187482834,0.08687371015548706,36,0.0862845927476883,0.0882863849401474,26,100,2681,0.9375,0.0895082950592041,0.08853401988744736,1.4063733333333344,0.0872841402888298,1.8133333333333332,0.14666666666666667,1.0749720000238627,0.08923159539699554,0.08814742416143417,0.08724876493215561,0.08812607824802399,1.0,0.0865359976887703,16,4887,0.0,0.0883299931883812,13107200,0.08757425844669342,0.08498694747686386,0.08928903192281723,0.08922425657510757,0.0897846519947052,0.08707630634307861,0.6956521739130435,0.09010341763496399,0.08982280641794205,0.6388888888888888,23,0.09010341763496399,0.8533333333333334,935.18,0.08974116295576096,0.08498694747686386,0.08791743218898773,650.9901733398438,2680,0.002347921,-0.003280510528020386,0.1,0.8027908205986023,0.1152557373046875,18,0.0,0.36107802391052246,0.08338188679044833,1.0,128,16,25.294660998880865,1.0,1e-05,15,0.2,0.08807332813739777,0.9333333333333333
0.08651559054851532,0.08988311141729355,0.086192786693573,0.08705610781908035,33,0.08641006797552109,0.08845407515764236,28,101,2708,0.9411764705882353,0.0896454006433487,0.0887245163321495,1.4103309352517996,0.08741065114736557,1.7338129496402879,0.20863309352517986,1.05542701319634,0.08952733129262924,0.08833504468202591,0.08741296827793121,0.08832487463951111,1.0,0.08678295463323593,17,4886,0.0,0.0886179655790329,13238272,0.08774710446596146,0.08521747589111328,0.08947280794382095,0.08945945650339127,0.08985701948404312,0.08722952753305435,0.6842105263157895,0.09031980484724045,0.09005016833543777,0.3939393939393939,19,0.09031980484724045,0.7913669064748201,926.14,0.09002053737640381,0.08521747589111328,0.08807776868343353,643.3184204101562,2690,0.0024310998,-0.003384855144759058,0.1,0.8046736121177673,0.11775894165039062,13,0.0,0.4360770583152771,0.18182017091312447,0.9230769230769231,110,12,25.23992688804865,0.9166666666666666,1e-05,17,0.2,0.08826980739831924,1.0
0.08668787777423859,0.09009278565645218,0.08641202747821808,0.0871507003903389,16,0.08670223504304886,0.08866120129823685,25,102,2735,1.0,0.08989552408456802,0.08894369006156921,1.4078550724637693,0.08760911226272583,1.8840579710144927,0.10144927536231885,1.0944613707997497,0.089602030813694,0.08867765218019485,0.08767982572317123,0.08852418512105942,1.0,0.08701479434967041,18,4886,0.0,0.08886148780584335,13369344,0.087984599173069,0.08540717512369156,0.08965173363685608,0.08963779360055923,0.08997659385204315,0.08741600811481476,0.75,0.09055371582508087,0.09023825079202652,0.5625,28,0.09055371582508087,0.8985507246376812,929.97,0.09023825079202652,0.08540717512369156,0.0881839245557785,643.8290405273438,2700,0.0025403807,-0.0035880620964235275,0.1,0.7949310541152954,0.12571792602539061,17,0.0,0.5257584452629089,0.21833573332987727,1.0,124,18,25.183049312233926,1.0,1e-05,16,0.2,0.08847212791442871,1.0
0.0869503766298294,0.09032853692770004,0.08658614009618759,0.08729972690343857,26,0.08698664605617523,0.08894325792789459,25,103,2762,0.8947368421052632,0.09014549106359482,0.08925480395555496,1.405915492957747,0.08784963190555573,1.7746478873239437,0.16901408450704225,1.1045175138662144,0.08979782462120056,0.08903387933969498,0.08791948854923248,0.08880127221345901,1.0,0.08724365383386612,19,4886,0.0,0.08904314786195755,13500416,0.08821413666009903,0.08564067631959915,0.08989764004945755,0.08978942036628723,0.09024432301521301,0.08763890713453293,0.6666666666666666,0.09077432751655579,0.09031838923692703,0.6153846153846154,30,0.09077432751655579,0.8309859154929577,919.14,0.09035909920930862,0.08564067631959915,0.08832038938999176,635.3146362304688,2710,0.0024031457,-0.0033450319869189117,0.1,0.7927737832069397,0.11405258178710938,15,0.0,0.3476581573486328,0.1415248742327094,0.9333333333333333,118,15,25.12209719568491,0.9333333333333333,1e-05,12,0.2,0.0886952355504036,1.0
0.08712799102067947,0.09050649404525757,0.08683399111032486,0.0875118300318718,24,0.08715777099132538,0.08911846578121185,18,104,2789,0.95,0.09038391709327698,0.089356929063797,1.4085538461538472,0.08807864785194397,1.823076923076923,0.11538461538461539,1.0549515931852778,0.09001927077770233,0.08925776183605194,0.08815247565507889,0.08883655071258545,0.9444444444444444,0.08748481422662735,20,4886,0.0,0.08918558806180954,13631488,0.08849187940359116,0.08592996001243591,0.09014523029327393,0.08988726884126663,0.09051783382892609,0.08781788498163223,0.8947368421052632,0.0910220593214035,0.090538889169693,0.5833333333333334,19,0.0910220593214035,0.8846153846153846,963.4,0.09057893604040146,0.08592996001243591,0.08850023150444031,665.321533203125,2720,0.0024932919,-0.0035129569201671983,0.1,0.8287609815597534,0.12127304077148438,20,0.0,0.45484739542007446,0.18418663219199516,1.0,115,15,25.062886962294577,0.9333333333333333,1e-05,14,0.2,0.088897705078125,1.0
0.08730906993150711,0.09082108736038208,0.08711227029561996,0.08769205212593079,26,0.08740154653787613,0.08941975235939026,24,105,2816,0.9444444444444444,0.09048478305339813,0.08956389874219894,1.4255000000000009,0.08828291296958923,1.8819444444444444,0.1111111111111111,1.1214840177466003,0.09017053246498108,0.08943326771259308,0.08833572268486023,0.08908379822969437,1.0,0.08756851404905319,18,4886,0.0,0.08936401456594467,13762560,0.08873230218887329,0.08611210435628891,0.09028452634811401,0.09003519266843796,0.09070641547441483,0.08804555982351303,0.7222222222222222,0.09111014008522034,0.09072131663560867,0.6923076923076923,18,0.09111014008522034,0.8888888888888888,943.71,0.09080781787633896,0.08611210435628891,0.08869422972202301,657.7518920898438,2730,0.002337393,-0.003476367709299666,0.1,0.8465350270271301,0.11155929565429687,20,0.0,0.3195340633392334,0.1071284737525275,0.95,128,21,25.007442390918733,0.9523809523809523,1e-05,17,0.2,0.0890917181968689,1.0
0.08759543299674988,0.09106334298849106,0.08732374757528305,0.08792531490325928,24,0.08764258772134781,0.08963296562433243,31,106,2843,0.8823529411764706,0.0907176211476326,0.08980584889650345,1.4172248062015513,0.08846498280763626,1.503875968992248,0.11627906976744186,1.0114851543110719,0.09044566005468369,0.0895436629652977,0.08857113122940063,0.08934593200683594,1.0,0.08767014741897583,17,4886,0.0,0.0895301103591919,13893632,0.08892206102609634,0.08643955737352371,0.09049352258443832,0.0902901217341423,0.09097417443990707,0.08809152245521545,0.75,0.09122821688652039,0.09100031852722168,0.6666666666666666,16,0.09122821688652039,0.8837209302325582,946.9,0.09113158285617828,0.08643955737352371,0.08889357000589371,661.2171020507812,2740,0.0024318108,-0.0037489956648641964,0.1,0.8141200542449951,0.11969375610351562,16,0.0,0.3713904619216919,0.13805817677057347,1.0,114,12,24.94907775968313,0.9166666666666666,1e-05,13,0.2,0.08930972963571548,1.0
0.08776482939720154,0.09135401993989944,0.0875246450304985,0.08801594376564026,37,0.0879310593008995,0.0897417888045311,25,107,2870,0.9473684210526315,0.09093531221151352,0.09010662138462067,1.419986577181209,0.08864344656467438,1.8120805369127517,0.14093959731543623,1.0729281763144918,0.0906248539686203,0.08975867182016373,0.0887746661901474,0.08961048722267151,1.0,0.08798418194055557,19,4886,0.0,0.08974390476942062,14024704,0.08911262452602386,0.08665402233600616,0.0907444879412651,0.09057042747735977,0.09119614213705063,0.0883544459939003,0.8260869565217391,0.09149528294801712,0.09115350991487503,0.5945945945945946,23,0.09149528294801712,0.8590604026845637,934.91,0.09136340767145157,0.08665402233600616,0.08906353265047073,646.7935180664062,2750,0.0024047247,-0.0037337408648454584,0.1,0.8318449854850769,0.11748809814453125,14,0.0,0.371995210647583,0.1294711115944665,1.0,128,17,24.88800966888666,1.0,1e-05,14,0.2,0.0895288959145546,0.9285714285714286
