train/action_std_20,train/std_max,time/fps,train/action_std_13,train/action_std_14,train/action_std_18,time/total_timesteps,train/action_std_08,rollout/force_direction_mean,train/action_std_04,train/action_std_24,train/action_std_11,train/action_std_21,train/action_std_12,rollout/ep_rew_mean,train/action_std_23,train/action_std_15,train/action_std_17,rollout/is_fall_mean,rollout/force_onset_mean,rollout/recovery_left,train/action_std_19,time/time_elapsed,rollout/ep_len_mean,train/action_std_16,rollout/episodes_left,train/action_std_00,train/action_std_02,train/std_min,train/action_std_06,train/action_std_09,rollout/action_saturation_fraction,train/action_std_05,train/action_std_10,time/iterations,train/action_std_07,train/action_std_22,train/action_std_01,rollout/force_requested_impulse_mean,train/action_std_03,rollout/is_timeout_mean,train/entropy_loss,train/clip_range,rollout/timeouts,train/loss,train/clip_range_vf,rollout/episodes_back,rollout/timeout_without_onset_fraction,train/explained_variance,rollout/episodes_right,train/std,rollout/episodes_up,train/clip_fraction,train/value_loss,rollout/episodes_fwd,train/approx_kl,rollout/episodes_noforce,train/policy_gradient_loss,rollout/recovery_right,rollout/recovery_up,rollout/recovery_down,rollout/recovery_fwd,rollout/episodes_down,rollout/recovery_noforce,train/learning_rate,train/n_updates,rollout/recovery_back
0.08996237069368362,0.09168760478496552,5965,0.08674445748329163,0.0882166400551796,0.08815278857946396,131072,0.09002682566642761,2.0,0.08769518882036209,0.0915672779083252,0.09134966135025024,0.08898065239191055,0.09137305617332458,127.0455551147461,0.0900103896856308,0.09032973647117615,0.09168760478496552,1.0,1.426000000000001,0.0,0.09096547961235046,21,194.0,0.08975659310817719,3,0.08820841461420059,0.08883100003004074,0.08674445748329163,0.09076288342475891,0.09080807864665985,0.0,0.08914025127887726,0.08803611248731613,1,0.08856526017189026,0.08928269147872925,0.09163190424442291,1.679614160697476,0.09125185757875443,0.0,,,,,,,,,,,,,,,,,,,,,,,,,,
0.09014690667390823,0.09191357344388962,5416,0.08691176772117615,0.08844823390245438,0.08835019171237946,262144,0.09024857729673386,1.8537549407114624,0.08784462511539459,0.09176076203584671,0.0916021317243576,0.08911991119384766,0.09160040318965912,708.740966796875,0.09027828276157379,0.09054289758205414,0.09191357344388962,0.07509881422924901,1.4162529644268784,0.71875,0.09110964089632034,48,1000.0,0.08998081833124161,32,0.08819493651390076,0.08899586647748947,0.08691176772117615,0.0909358412027359,0.09104688465595245,0.0,0.08936885744333267,0.08824790269136429,2,0.08882444351911545,0.08952363580465317,0.09181181341409683,1.083584426301881,0.09136468917131424,0.924901185770751,24.773389922082423,0.1,234,0.3284672796726227,0.2,34,0.0,0.7253084778785706,36,0.08992694318294525,47,0.114105224609375,0.06381286154646659,29,0.0023803362,50,-0.0029994217948114965,0.8055555555555556,1.0,1.0,0.896551724137931,25,1.0,1e-05,2770,1.0
0.09038055688142776,0.09212767332792282,5314,0.0871373638510704,0.08866925537586212,0.08853363990783691,393216,0.09037736803293228,2.25,0.08797033131122589,0.09192218631505966,0.09186762571334839,0.08927340805530548,0.09181757271289825,702.8135986328125,0.09040302038192749,0.09074561297893524,0.0920800268650055,0.25,1.4860000000000013,0.5,0.09129472821950912,73,992.31,0.09012417495250702,2,0.08843149244785309,0.0891425609588623,0.0871373638510704,0.0912032499909401,0.09137637168169022,0.0,0.08966203778982162,0.08851692825555801,3,0.08899953961372375,0.08968302607536316,0.09212767332792282,1.520397066443701,0.09153956174850464,0.75,24.71967912465334,0.1,3,0.3308006227016449,0.2,1,0.0,0.8656288981437683,,0.09013116359710693,1,0.11710739135742188,0.09646597223327262,,0.0023701917,,-0.003690018838915421,,1.0,,,,,1e-05,2780,1.0
0.0905800312757492,0.09241419285535812,5206,0.08734241127967834,0.08869127184152603,0.08880007266998291,524288,0.09061036258935928,1.9407114624505928,0.08819718658924103,0.09219740331172943,0.09210512042045593,0.08937563002109528,0.09212055802345276,710.8390502929688,0.09057893604040146,0.0909382626414299,0.09228938817977905,0.02766798418972332,1.406996047430831,0.9024390243902439,0.09143810719251633,100,1000.0,0.09043418616056442,41,0.08862248808145523,0.08940630406141281,0.08734241127967834,0.09135482460260391,0.09162913262844086,0.0,0.08988843113183975,0.08885786682367325,4,0.08912909030914307,0.08980820327997208,0.09241419285535812,1.0344423827009706,0.0917646512389183,0.9723320158102767,24.66021831929684,0.1,246,0.30566778779029846,0.2,30,0.0,0.7016727924346924,36,0.09034296125173569,36,0.11555938720703125,0.06299561560445,27,0.002407599,48,-0.002942119565250323,0.9166666666666666,1.0,1.0,1.0,35,1.0,1e-05,2790,1.0
0.09071191400289536,0.0926622673869133,5177,0.0875169187784195,0.08887916058301926,0.08891747146844864,655360,0.09084557741880417,2.4285714285714284,0.0883447602391243,0.09243014454841614,0.09228184819221497,0.08952568471431732,0.09212548285722733,642.18994140625,0.09088286757469177,0.09118150919675827,0.09241168200969696,0.6190476190476191,1.3754285714285726,0.0,0.09154311567544937,126,904.7,0.09061852842569351,8,0.08879117667675018,0.08955976366996765,0.0875169187784195,0.09146101772785187,0.09182343631982803,0.0,0.09002356976270676,0.08897972106933594,5,0.08926383405923843,0.08989513665437698,0.0926622673869133,1.5127863026700965,0.09192419797182083,0.38095238095238093,24.609565776586532,0.1,8,0.2863801419734955,0.2,3,0.0,0.8242421746253967,6,0.09050403535366058,,0.10852737426757812,0.03914827327535022,,0.0022529948,1,-0.0034575154835692957,0.16666666666666666,,1.0,,3,1.0,1e-05,2800,1.0
0.09083022177219391,0.0929035171866417,5126,0.08769486099481583,0.08924348652362823,0.08923216909170151,786432,0.09102843701839447,1.9703389830508475,0.08857665210962296,0.09268941730260849,0.0925825834274292,0.08975579589605331,0.09241581708192825,715.4657592773438,0.09120054543018341,0.09138932824134827,0.09269149601459503,0.046610169491525424,1.4151271186440688,0.8571428571428571,0.09171419590711594,153,1000.0,0.09083910286426544,35,0.0891025960445404,0.08974073827266693,0.08769486099481583,0.09162799268960953,0.09208391606807709,0.0,0.09027329087257385,0.08919990062713623,6,0.08950665593147278,0.0902041420340538,0.0929035171866417,1.0341967142617383,0.09214191138744354,0.9533898305084746,24.553300358355045,0.1,225,0.4011487066745758,0.2,23,0.0,0.8292129039764404,41,0.09074674546718597,42,0.11342010498046876,0.12255935245775618,26,0.0023563518,44,-0.003120242294517084,0.8536585365853658,1.0,1.0,1.0,25,1.0,1e-05,2810,1.0
0.09105298668146133,0.09301846474409103,5113,0.0878504291176796,0.08956548571586609,0.08952724188566208,917504,0.0912332609295845,1.5806451612903225,0.08881349116563797,0.09294884651899338,0.09282100200653076,0.08999446779489517,0.09251074492931366,695.7323608398438,0.09145648777484894,0.09160339832305908,0.09295084327459335,0.16129032258064516,1.408516129032259,0.25,0.09199128299951553,179,973.68,0.09096623957157135,4,0.08928215503692627,0.08989131450653076,0.0878504291176796,0.09184541553258896,0.0923754870891571,0.0,0.09041208773851395,0.08937791734933853,7,0.08981850743293762,0.09039650857448578,0.09301846474409103,1.1357349097000353,0.09240707755088806,0.8387096774193549,24.49005128145218,0.1,26,0.26880645751953125,0.2,2,0.0,0.8536529541015625,5,0.0909644365310669,5,0.12294082641601563,0.07381622049579165,7,0.0024938975,6,-0.0031654149331188817,0.6,1.0,1.0,1.0,2,1.0,1e-05,2820,1.0
0.09131702035665512,0.09324783086776733,5079,0.08800820261240005,0.08975689858198166,0.08976348489522934,1048576,0.09149304032325745,1.6140350877192982,0.08904629945755005,0.09324783086776733,0.0930405929684639,0.0902196541428566,0.09262856096029282,717.8165893554688,0.0917697548866272,0.09167975932359695,0.0931873619556427,0.04824561403508772,1.409140350877194,0.8285714285714286,0.09229317307472229,206,1000.0,0.09120628982782364,35,0.0893104076385498,0.09014631062746048,0.08800820261240005,0.09212207049131393,0.09260760247707367,0.0,0.09050150215625763,0.08958681672811508,8,0.09001734107732773,0.09063482284545898,0.09321440011262894,0.9951385170212469,0.09262529015541077,0.9517543859649122,24.43032748699188,0.1,217,0.2749316990375519,0.2,30,0.0,0.6864942312240601,20,0.09117697179317474,29,0.10929031372070312,0.05324165075726341,38,0.0022687297,48,-0.003067805778118782,0.8,1.0,1.0,0.9736842105263158,28,1.0,1e-05,2830,1.0
0.09148060530424118,0.09360538423061371,5073,0.08822625130414963,0.09002965688705444,0.0897943526506424,1179648,0.09172578155994415,2.024390243902439,0.0892782211303711,0.09360538423061371,0.09332352131605148,0.09045781940221786,0.09284631907939911,663.1795043945312,0.0920410007238388,0.09182953089475632,0.09340492635965347,0.2926829268292683,1.4074146341463423,0.3,0.09257305413484573,232,928.09,0.09134390950202942,10,0.08953403681516647,0.09036006778478622,0.08822625130414963,0.09229053556919098,0.09273692220449448,0.0,0.09068846702575684,0.08981449902057648,9,0.09038230776786804,0.09083931893110275,0.09346825629472733,1.1605014155983413,0.09284280240535736,0.7073170731707317,24.372193799912928,0.1,29,0.3153969943523407,0.2,2,0.0,0.8705720901489258,7,0.09139670431613922,3,0.11362228393554688,0.06632288860855624,5,0.0023591234,7,-0.003522473898919998,0.5714285714285714,1.0,1.0,0.6,7,1.0,1e-05,2840,1.0
0.09168155491352081,0.09387453645467758,5049,0.0885733962059021,0.0903223305940628,0.08995814621448517,1310720,0.09197584539651871,1.8623853211009174,0.0894860178232193,0.09387453645467758,0.09352284669876099,0.09054447710514069,0.09308146685361862,712.5106811523438,0.09215139597654343,0.09204591810703278,0.09370698034763336,0.022935779816513763,1.418504587155964,0.8695652173913043,0.0928618460893631,259,999.42,0.09151819348335266,23,0.08974184840917587,0.09057817608118057,0.0885733962059021,0.09262107312679291,0.09305539727210999,0.0,0.09091944247484207,0.0900195986032486,10,0.09060052782297134,0.09106189012527466,0.09372498840093613,1.0432448933849585,0.09307307004928589,0.9770642201834863,24.310352025926115,0.1,213,0.34323185682296753,0.2,35,0.0,0.804362416267395,24,0.09162803739309311,34,0.1184326171875,0.09315165091102244,33,0.0024862776,38,-0.003820805795567139,0.9166666666666666,1.0,1.0,1.0,31,1.0,1e-05,2850,1.0
0.09185875952243805,0.09410467743873596,5045,0.08881282806396484,0.09055429697036743,0.09013466536998749,1441792,0.09217612445354462,1.7608695652173914,0.08983144164085388,0.09410467743873596,0.0936967059969902,0.09078791737556458,0.09327473491430283,692.1507568359375,0.09232836216688156,0.0922221913933754,0.0938665047287941,0.10869565217391304,1.4120000000000008,1.0,0.09310424327850342,285,974.28,0.09168785065412521,3,0.0898478701710701,0.09077530354261398,0.08881282806396484,0.09279236942529678,0.09324891865253448,0.0,0.09116078913211823,0.09031539410352707,11,0.09065193682909012,0.09123945981264114,0.09402730315923691,0.9335434109522515,0.09319915622472763,0.8913043478260869,24.251720272004604,0.1,41,0.3142867684364319,0.2,6,0.0,0.8161187767982483,11,0.09182798862457275,5,0.1181915283203125,0.054115527014801046,7,0.0023705566,9,-0.003038703489164618,0.6363636363636364,1.0,1.0,0.8571428571428571,5,1.0,1e-05,2860,1.0
0.09209027141332626,0.09437807649374008,5026,0.08890280872583389,0.09063566476106644,0.09038501977920532,1572864,0.09238511323928833,1.759433962264151,0.0900859534740448,0.09437807649374008,0.09394710510969162,0.09109139442443848,0.09344463795423508,709.512451171875,0.09241626411676407,0.09247429668903351,0.09411558508872986,0.014150943396226415,1.4187924528301896,0.9354838709677419,0.09332721680402756,312,1000.0,0.09183042496442795,31,0.08994836360216141,0.09096986055374146,0.08890280872583389,0.0929962620139122,0.09346036612987518,0.0,0.09137231856584549,0.09047546982765198,12,0.09091907739639282,0.09145408868789673,0.09424667060375214,0.9770388372801941,0.09347233921289444,0.9858490566037735,24.1965296164155,0.1,209,0.28388071060180664,0.2,37,0.0,0.712560772895813,22,0.09203298389911652,32,0.11296463012695312,0.05954924386460334,26,0.0022915294,40,-0.0031232873055159873,0.9545454545454546,1.0,1.0,1.0,24,1.0,1e-05,2870,1.0
0.09239429235458374,0.09471449255943298,5026,0.08915835618972778,0.09088350832462311,0.09055932611227036,1703936,0.0925573855638504,1.5901639344262295,0.09020035713911057,0.09471449255943298,0.09416696429252625,0.09129101037979126,0.09362015873193741,630.7134399414062,0.09266065061092377,0.0926671251654625,0.09432395547628403,0.3114754098360656,1.3825573770491812,0.375,0.09367568790912628,338,893.47,0.09213892370462418,16,0.0902147889137268,0.09116809070110321,0.08915835618972778,0.09323405474424362,0.093635693192482,0.0,0.09152866899967194,0.09065653383731842,13,0.0912320613861084,0.09161833673715591,0.09454025328159332,1.0999101073564752,0.09359828382730484,0.6885245901639344,24.138168120384215,0.1,42,0.28459906578063965,0.2,7,0.0,0.8347967267036438,11,0.0922575518488884,5,0.11306991577148437,0.05703722543839831,3,0.0023527462,15,-0.0034405419710310525,0.36363636363636365,0.8,1.0,1.0,4,1.0,1e-05,2880,0.8571428571428571
0.09257711470127106,0.0947982594370842,5011,0.08943599462509155,0.09109072387218475,0.09083572030067444,1835008,0.09288693219423294,1.4702970297029703,0.09036627411842346,0.0947982594370842,0.09439797699451447,0.09147755801677704,0.09379590302705765,700.2705688476562,0.09291893243789673,0.09286631643772125,0.09461360424757004,0.039603960396039604,1.4243564356435656,0.8333333333333334,0.0939508005976677,366,983.81,0.09238200634717941,36,0.09045262634754181,0.09152991324663162,0.08943599462509155,0.09341846406459808,0.09385567158460617,0.0,0.09165924042463303,0.09090746194124222,14,0.09145177900791168,0.09181807190179825,0.09475414454936981,0.9028606806255494,0.09387995302677155,0.9603960396039604,24.077206245064737,0.1,194,0.3135349750518799,0.2,16,0.0,0.8576328754425049,21,0.09248485416173935,27,0.1132293701171875,0.10795798947510775,32,0.0023376963,52,-0.003641923453869822,0.9523809523809523,1.0,1.0,0.96875,18,1.0,1e-05,2890,1.0
0.09285442531108856,0.09499254077672958,5012,0.08956985920667648,0.09137880802154541,0.09104319661855698,1966080,0.09315077215433121,1.791044776119403,0.09051443636417389,0.09499254077672958,0.09463617950677872,0.09172215312719345,0.09406515210866928,657.8482055664062,0.09309497475624084,0.09304796159267426,0.0948454812169075,0.16417910447761194,1.4199402985074636,0.375,0.09427105635404587,392,932.3,0.0926918312907219,16,0.09073499590158463,0.0917905792593956,0.08956985920667648,0.0938110426068306,0.09408524632453918,0.0,0.09185365587472916,0.09104688465595245,15,0.09177424013614655,0.09198490530252457,0.09497012197971344,1.0081226779040577,0.09405890107154846,0.835820895522388,24.01339108943939,0.1,56,0.3898104429244995,0.2,10,0.0,0.8286122679710388,8,0.09271956980228424,8,0.12110748291015624,0.08652854896354256,5,0.002485369,13,-0.003011870291629748,0.875,1.0,1.0,1.0,7,1.0,1e-05,2900,1.0
0.0930173471570015,0.09523794800043106,4998,0.0898934006690979,0.09164367616176605,0.09114829450845718,2097152,0.09343069046735764,1.67,0.09065824747085571,0.09523794800043106,0.09491599351167679,0.09206707775592804,0.09423831850290298,696.49462890625,0.09347236156463623,0.09335071593523026,0.09509294480085373,0.03,1.4096400000000011,0.9130434782608695,0.09450691938400269,419,976.68,0.09289746731519699,23,0.09085861593484879,0.09197381138801575,0.0898934006690979,0.0938916802406311,0.09434934705495834,0.0,0.09200438112020493,0.091280996799469,16,0.09204378724098206,0.09213875234127045,0.09512025117874146,0.988822049100625,0.09439248591661453,0.97,23.95261948108673,0.1,194,0.2923109531402588,0.2,31,0.0,0.8243880271911621,16,0.09294501692056656,30,0.10915451049804688,0.07521726363629569,33,0.0023508035,41,-0.003457709942722431,0.875,1.0,1.0,0.9393939393939394,26,1.0,1e-05,2910,1.0
0.09319200366735458,0.0954054445028305,5001,0.08995823562145233,0.09183372557163239,0.09129170328378677,2228224,0.0936845988035202,1.3114754098360655,0.0908522754907608,0.0954054445028305,0.09511777013540268,0.09223510324954987,0.09461308270692825,685.1898193359375,0.09365076571702957,0.09353364259004593,0.09538210928440094,0.03278688524590164,1.4240655737704924,0.8,0.09483515471220016,445,964.74,0.09313414245843887,10,0.09098630398511887,0.09214408695697784,0.08995823562145233,0.09417092800140381,0.0945877954363823,0.0,0.09235116839408875,0.09152679145336151,17,0.09225527197122574,0.09243258833885193,0.09529384970664978,0.8746629352245624,0.09466724097728729,0.9672131147540983,23.892323271930216,0.1,59,0.3075719475746155,0.2,11,0.0,0.7893627882003784,8,0.09316543489694595,6,0.10820770263671875,0.06286805808340432,9,0.0022485245,14,-0.0034175814394984626,1.0,1.0,1.0,1.0,3,1.0,1e-05,2920,1.0
0.09324271976947784,0.09555988013744354,4990,0.09018947184085846,0.09206555783748627,0.09146660566329956,2359296,0.09385932236909866,1.7761194029850746,0.09115025401115417,0.09548705071210861,0.09518161416053772,0.09241423010826111,0.09475317597389221,710.0353393554688,0.09381721168756485,0.09367275983095169,0.09555988013744354,0.01990049751243781,1.4007860696517425,0.9354838709677419,0.09506082534790039,472,991.0,0.09334772825241089,31,0.09099423885345459,0.09224209934473038,0.09018947184085846,0.09429962933063507,0.0948157086968422,0.0,0.0925566554069519,0.09161043167114258,18,0.092493437230587,0.09262648224830627,0.09548932313919067,0.9176021162005304,0.09493681788444519,0.9800995024875622,23.83994096517563,0.1,197,0.2541913688182831,0.2,21,0.0,0.7820386290550232,24,0.09333332628011703,26,0.09760971069335937,0.02624984890280757,23,0.002055219,47,-0.00303054322484968,0.9583333333333334,1.0,1.0,0.9565217391304348,29,1.0,1e-05,2930,1.0
0.0934942215681076,0.09589076042175293,4992,0.09038873016834259,0.09224022179841995,0.09182006865739822,2490368,0.09406817704439163,1.7377049180327868,0.09133245795965195,0.09573602676391602,0.09550599008798599,0.0927034541964531,0.09491533786058426,690.44140625,0.09401167929172516,0.09395686537027359,0.09589076042175293,0.09836065573770492,1.4137377049180337,0.5555555555555556,0.09517212957143784,498,959.32,0.09360679239034653,9,0.09120472520589828,0.09233120083808899,0.09038873016834259,0.094471774995327,0.09506785124540329,0.0,0.09274008125066757,0.09173183888196945,19,0.09275346249341965,0.09264139086008072,0.09564994275569916,0.9384341684752172,0.09509605169296265,0.9016393442622951,23.790001882612707,0.1,55,0.26655030250549316,0.2,8,0.0,0.7703442573547363,8,0.09354124218225479,8,0.1039642333984375,0.054243779378884936,4,0.002194696,16,-0.003089378665026743,0.75,1.0,1.0,1.0,8,1.0,1e-05,2940,1.0
0.09373831003904343,0.09607301652431488,4983,0.09071504324674606,0.09242816269397736,0.09207633882761002,2621440,0.09430717676877975,2.0142857142857142,0.09160798788070679,0.09607193619012833,0.09575435519218445,0.09289000928401947,0.09513628482818604,700.8038330078125,0.09421984851360321,0.09424752742052078,0.09607301652431488,0.0380952380952381,1.4307428571428582,0.8125,0.09548862278461456,526,980.19,0.09391861408948898,32,0.09141208231449127,0.09258470684289932,0.09071504324674606,0.09470974653959274,0.09528224170207977,0.0,0.09303875267505646,0.09186789393424988,20,0.09304168820381165,0.09280115365982056,0.09581637382507324,0.9526825220177324,0.0952780619263649,0.9619047619047619,23.729751873016358,0.1,202,0.2770613133907318,0.2,22,0.0,0.8176654577255249,37,0.09378024190664291,26,0.10851821899414063,0.04942879342925153,23,0.0022967374,38,-0.0033190244806064586,0.972972972972973,1.0,1.0,0.9565217391304348,32,1.0,1e-05,2950,1.0
0.09401808679103851,0.09630917757749557,4985,0.09093993157148361,0.09272114187479019,0.09228888154029846,2752512,0.09460288286209106,2.0925925925925926,0.09176459163427353,0.09621318429708481,0.09608738124370575,0.09326301515102386,0.09516522288322449,684.6632080078125,0.09447161853313446,0.09454662352800369,0.09630917757749557,0.07407407407407407,1.412925925925927,1.0,0.0957813635468483,552,961.1,0.09416889399290085,4,0.09149947017431259,0.09285017102956772,0.09093993157148361,0.09492131322622299,0.09548217803239822,0.0,0.09330394119024277,0.09217418730258942,21,0.09339138120412827,0.09310150891542435,0.09604006260633469,0.9608505435458073,0.09544669091701508,0.9259259259259259,23.665769597887994,0.1,50,0.2790725827217102,0.2,7,0.0,0.8383349180221558,11,0.09402211755514145,9,0.11109771728515624,0.06388898940058425,4,0.0023337966,11,-0.003157345316685678,0.6363636363636364,1.0,1.0,1.0,8,1.0,1e-05,2960,1.0
0.09425361454486847,0.09655334800481796,4977,0.09112007170915604,0.09305088967084885,0.09247072786092758,2883584,0.09480738639831543,1.7129186602870814,0.09193417429924011,0.09638749063014984,0.09624093770980835,0.09344261139631271,0.0953478217124939,697.4752197265625,0.09471148252487183,0.09490275382995605,0.09655334800481796,0.023923444976076555,1.427138755980862,0.9166666666666666,0.09599592536687851,579,984.75,0.09430122375488281,36,0.09170138090848923,0.09303049743175507,0.09112007170915604,0.09512260556221008,0.09575392305850983,0.0,0.09348759800195694,0.09234723448753357,22,0.09350139647722244,0.09342322498559952,0.09624741226434708,0.9660947408621705,0.09573949128389359,0.9760765550239234,23.606276953220366,0.1,204,0.2654348611831665,0.2,28,0.0,0.8039388656616211,20,0.09423499554395676,30,0.1045623779296875,0.044463266585080416,29,0.0022386662,42,-0.0032269225719574026,0.95,1.0,1.0,0.9655172413793104,24,1.0,1e-05,2970,1.0
0.09444166719913483,0.09685159474611282,4979,0.09126707166433334,0.09321893751621246,0.0925910472869873,3014656,0.09497024863958359,1.8909090909090909,0.09209363907575607,0.0966634452342987,0.09645286947488785,0.09354380518198013,0.09554678201675415,681.4220581054688,0.09490137547254562,0.0950099527835846,0.09685159474611282,0.14545454545454545,1.4372727272727281,0.6,0.09625324606895447,605,957.09,0.0945163369178772,10,0.09167460352182388,0.09324844926595688,0.09126707166433334,0.09533761441707611,0.09607157111167908,0.0,0.09372099488973618,0.09251555800437927,23,0.09383461624383926,0.09359543025493622,0.09649655222892761,1.088281950540916,0.09597761183977127,0.8545454545454545,23.551220199465753,0.1,47,0.29045164585113525,0.2,6,0.0,0.8516757488250732,15,0.0944317951798439,2,0.10904998779296875,0.037944263856479664,5,0.0022451938,10,-0.0032599567637589645,0.8,1.0,1.0,0.8,7,1.0,1e-05,2980,1.0
0.09465356171131134,0.0972607359290123,4972,0.091668501496315,0.09347226470708847,0.09305060654878616,3145728,0.09507469832897186,1.9611650485436893,0.09232207387685776,0.09691132605075836,0.09672654420137405,0.09370048344135284,0.09583324193954468,704.0120849609375,0.09508618712425232,0.09521050751209259,0.0972607359290123,0.03398058252427184,1.4251941747572827,0.84,0.0964563861489296,632,980.85,0.09464669972658157,25,0.09175651520490646,0.09352043271064758,0.091668501496315,0.09551748633384705,0.09631501138210297,0.0,0.0939754843711853,0.09276345372200012,24,0.09406663477420807,0.09388821572065353,0.09672894328832626,1.0855030201497893,0.09614615887403488,0.9660194174757282,23.493349531292914,0.1,199,0.27947717905044556,0.2,32,0.0,0.7652900218963623,27,0.09467008709907532,30,0.118182373046875,0.08515643205464585,27,0.0025242462,34,-0.0033617798420891632,0.9259259259259259,1.0,1.0,0.9629629629629629,31,1.0,1e-05,2990,1.0
0.09494534879922867,0.09752309322357178,4973,0.09183578938245773,0.0936749055981636,0.09321141988039017,3276800,0.09515579044818878,2.0344827586206895,0.09244506061077118,0.09716950356960297,0.09697070717811584,0.09386596828699112,0.0959683284163475,676.307373046875,0.09514671564102173,0.09545035660266876,0.09752309322357178,0.08620689655172414,1.4217586206896562,0.6363636363636364,0.09672236442565918,658,953.8,0.09476815164089203,11,0.09200653433799744,0.09370030462741852,0.09183578938245773,0.09579899907112122,0.09658543765544891,0.0,0.0941799208521843,0.09286584705114365,25,0.09437490254640579,0.0940970778465271,0.09685050696134567,1.172039058236226,0.09641137719154358,0.9137931034482759,23.43666852861643,0.1,53,0.2616695463657379,0.2,7,0.0,0.818852424621582,9,0.0948689728975296,6,0.1028778076171875,0.06617901428689947,9,0.0021963923,7,-0.00350068292918877,0.8888888888888888,1.0,1.0,1.0,9,1.0,1e-05,3000,1.0
0.09508002549409866,0.09775606542825699,4967,0.09209984540939331,0.09389115124940872,0.09336253255605698,3407872,0.09531638771295547,1.9805825242718447,0.09279292821884155,0.09746287018060684,0.09715966135263443,0.0940789207816124,0.09622041136026382,685.6468505859375,0.09529920667409897,0.09566070139408112,0.09775606542825699,0.024271844660194174,1.4185631067961177,0.967741935483871,0.09690351784229279,685,960.97,0.09492984414100647,31,0.0922386571764946,0.09399145841598511,0.09209984540939331,0.09593503922224045,0.09681864827871323,0.0,0.09445668756961823,0.09303921461105347,26,0.09455125033855438,0.0942452996969223,0.09716250747442245,1.025599173093898,0.09653442353010178,0.9757281553398058,23.38187651336193,0.1,201,0.2626282870769501,0.2,21,0.0,0.8492075204849243,30,0.09507948905229568,33,0.10427474975585938,0.036270973231148675,26,0.0021802294,37,-0.003407404760218924,0.9,1.0,1.0,0.9615384615384616,28,1.0,1e-05,3010,1.0
0.09526947140693665,0.09791494160890579,4968,0.09227517247200012,0.09421292692422867,0.0936439111828804,3538944,0.0955754891037941,1.3442622950819672,0.09289804846048355,0.09772156178951263,0.09734116494655609,0.09425824135541916,0.0964340791106224,679.9406127929688,0.0955633744597435,0.09579810500144958,0.09791494160890579,0.06557377049180328,1.4472131147540994,0.6666666666666666,0.09709102660417557,712,953.36,0.09508900344371796,9,0.09246567636728287,0.09426572918891907,0.09227517247200012,0.09599409252405167,0.09714275598526001,0.0,0.09470172226428986,0.09321673214435577,27,0.0947687178850174,0.09455542266368866,0.09734155982732773,0.9995010606986507,0.09664987027645111,0.9344262295081968,23.3273076325655,0.1,57,0.28489646315574646,0.2,8,0.0,0.7823054194450378,10,0.09528754651546478,5,0.10844039916992188,0.05599596886604559,11,0.002206442,14,-0.0031627787115212414,0.9,1.0,1.0,1.0,4,1.0,1e-05,3020,1.0
0.0954899862408638,0.09812597930431366,4963,0.09251687675714493,0.0943765938282013,0.09386733174324036,3670016,0.09591358155012131,1.835820895522388,0.09309302270412445,0.09804919362068176,0.0974549949169159,0.09459549188613892,0.09656195342540741,685.7972412109375,0.09585629403591156,0.09602595120668411,0.09812597930431366,0.03482587064676617,1.4253830845771154,0.96875,0.09728679805994034,739,961.46,0.09528196603059769,32,0.09248386323451996,0.09432353079319,0.09248386323451996,0.09624844789505005,0.09741299599409103,0.0,0.09496398270130157,0.09342802315950394,28,0.09502112120389938,0.0947844535112381,0.09758903086185455,1.0141958523513368,0.0968146100640297,0.9651741293532339,23.271476452052593,0.1,194,0.29382771253585815,0.2,28,0.0,0.8396159410476685,26,0.09550264477729797,22,0.10264511108398437,0.043589852192963005,30,0.0022016065,34,-0.0030620596518019737,0.8846153846153846,0.9545454545454546,1.0,0.9333333333333333,29,1.0,1e-05,3030,1.0
0.09571847319602966,0.09829001873731613,4963,0.09269396960735321,0.09451933205127716,0.09416181594133377,3801088,0.09618811309337616,1.7941176470588236,0.09323082119226456,0.09829001873731613,0.09770173579454422,0.09481127560138702,0.0968804582953453,674.84765625,0.09615058451890945,0.0961286872625351,0.0982835441827774,0.1323529411764706,1.4183235294117658,0.75,0.09745387732982635,765,939.1,0.0955243930220604,12,0.092775359749794,0.09453479945659637,0.09269396960735321,0.09656980633735657,0.09763652831315994,0.0,0.09518222510814667,0.09364614635705948,29,0.09510881453752518,0.09499967098236084,0.09781204164028168,1.0622971205418499,0.09707453846931458,0.8676470588235294,23.21535455286503,0.1,59,0.2647780478000641,0.2,9,0.0,0.7867840528488159,13,0.09572307020425797,5,0.10524215698242187,0.05950790720671648,11,0.0022156092,10,-0.003493950596930517,0.6153846153846154,1.0,1.0,0.9090909090909091,8,1.0,1e-05,3040,1.0
0.09589307755231857,0.0985482931137085,4960,0.09292370080947876,0.09465008974075317,0.09443984180688858,3932160,0.09646239131689072,1.8666666666666667,0.09351896494626999,0.09850949794054031,0.09795774519443512,0.09498497098684311,0.097077876329422,686.9085083007812,0.09637981653213501,0.09632558375597,0.0985482931137085,0.05128205128205128,1.4303589743589753,0.7916666666666666,0.09780439734458923,792,954.13,0.09579981863498688,24,0.09299380332231522,0.09475898742675781,0.09292370080947876,0.09698207676410675,0.0979054644703865,0.0,0.09548860043287277,0.09381777048110962,30,0.0953245460987091,0.09527038782835007,0.09812375158071518,1.0652392452828257,0.09745680540800095,0.9487179487179487,23.15278383642435,0.1,185,0.3174734115600586,0.2,28,0.0,0.7901809215545654,32,0.09597592800855637,25,0.11873321533203125,0.0745614746105275,22,0.0023887982,38,-0.0032370954259022255,0.84375,1.0,1.0,1.0,26,1.0,1e-05,3050,1.0
0.09613212943077087,0.09871168434619904,4960,0.09330888092517853,0.09490999579429626,0.09462781250476837,4063232,0.09657268226146698,2.051948051948052,0.09376256167888641,0.09871168434619904,0.09821123629808426,0.09514548629522324,0.09732166677713394,662.910400390625,0.09663111716508865,0.09651511907577515,0.09864156693220139,0.1038961038961039,1.3995324675324685,0.7272727272727273,0.09806867688894272,819,927.31,0.09594850987195969,11,0.09317294508218765,0.09503485262393951,0.09317294508218765,0.09703636169433594,0.0981031209230423,0.0,0.09555043280124664,0.0940057635307312,31,0.0956442654132843,0.09549103677272797,0.0984160378575325,1.1132327107809032,0.09773126989603043,0.8961038961038961,23.09275989383459,0.1,69,0.29965782165527344,0.2,5,0.0,0.8528969287872314,19,0.09618780016899109,17,0.11142730712890625,0.06845219394454034,7,0.0023192451,14,-0.0036011746195981687,0.7894736842105263,0.9411764705882353,1.0,1.0,4,1.0,1e-05,3060,1.0
0.09645935148000717,0.09906744211912155,4957,0.09344466030597687,0.09513033926486969,0.09487825632095337,4194304,0.09684314578771591,1.530054644808743,0.09387467056512833,0.09906744211912155,0.09841007739305496,0.09544064104557037,0.09747873991727829,704.387451171875,0.09691066294908524,0.09683497250080109,0.09890994429588318,0.04371584699453552,1.4396284153005476,0.8,0.0983966588973999,846,986.84,0.09621258825063705,25,0.09328571707010269,0.09517040103673935,0.09328571707010269,0.0973397046327591,0.09831296652555466,0.0,0.09594686329364777,0.09426417946815491,32,0.09583986550569534,0.09550102800130844,0.09858579933643341,1.0269202426947979,0.09798631072044373,0.9562841530054644,23.03469140380621,0.1,175,0.2739924490451813,0.2,31,0.0,0.7823090553283691,24,0.09642098844051361,22,0.11485366821289063,0.0761836936842883,30,0.002380189,36,-0.0033872101794258924,0.875,1.0,1.0,1.0,15,1.0,1e-05,3070,1.0
0.09665853530168533,0.09928793460130692,4957,0.09369207918643951,0.09548649936914444,0.09510135650634766,4325376,0.09718862175941467,2.175,0.09412381798028946,0.09928793460130692,0.09867793321609497,0.09557429701089859,0.09773248434066772,710.7647705078125,0.09722737222909927,0.09711450338363647,0.09905501455068588,0.0375,1.425625000000001,0.875,0.0986081138253212,872,989.86,0.0964018777012825,8,0.09363961964845657,0.09541486203670502,0.09363961964845657,0.09765520691871643,0.09865361452102661,0.0,0.09631280601024628,0.09443707764148712,33,0.09597312659025192,0.0956510603427887,0.0987502858042717,0.9913000725662467,0.09834714233875275,0.9625,22.97201900780201,0.1,77,0.2664511501789093,0.2,12,0.0,0.8370833992958069,11,0.09667060524225235,14,0.10877761840820313,0.049397094816231404,8,0.0022456395,13,-0.0033393265213817356,0.9090909090909091,1.0,1.0,0.875,14,1.0,1e-05,3080,1.0
0.09684055298566818,0.0995287299156189,4955,0.09394970536231995,0.095740906894207,0.09536594152450562,4456448,0.09726319462060928,1.8797814207650274,0.09428098797798157,0.0995287299156189,0.09894837439060211,0.09583726525306702,0.09787432849407196,684.4176025390625,0.09731165319681168,0.09728863090276718,0.09927301853895187,0.0546448087431694,1.4244590163934434,0.8846153846153846,0.0988025888800621,899,952.75,0.09661739319562912,26,0.09378720074892044,0.09561537206172943,0.09378720074892044,0.09797077625989914,0.09889662265777588,0.0,0.09662023931741714,0.09466484189033508,34,0.09613095968961716,0.09593014419078827,0.09891814738512039,1.0568399195411196,0.09859628230333328,0.9453551912568307,22.913002502918243,0.1,173,0.25762972235679626,0.2,24,0.0,0.7440006732940674,27,0.09688214957714081,21,0.10885009765625,0.04949573697740561,26,0.0022883762,32,-0.0034897988716238613,0.9259259259259259,0.9047619047619048,1.0,0.8846153846153846,27,1.0,1e-05,3090,1.0
0.0971541479229927,0.09972625970840454,4955,0.0942395031452179,0.09598352015018463,0.09556610137224197,4587520,0.09750758856534958,1.8636363636363635,0.09470408409833908,0.09972625970840454,0.09919792413711548,0.09610265493392944,0.09810129553079605,701.85009765625,0.09766609966754913,0.09744086861610413,0.09949886053800583,0.045454545454545456,1.4362954545454556,0.875,0.0990961343050003,925,971.01,0.09678954631090164,8,0.09410059452056885,0.09574875980615616,0.09410059452056885,0.0982566550374031,0.09915997833013535,0.0,0.09683709591627121,0.09495528787374496,35,0.0964444950222969,0.09618694335222244,0.09917654097080231,1.0146507085495942,0.09888441115617752,0.9545454545454546,22.851986430585384,0.1,84,0.2761610746383667,0.2,12,0.0,0.8003275394439697,14,0.09714101254940033,9,0.11341094970703125,0.07235529481695266,13,0.0024188305,17,-0.0037079009138324182,0.7857142857142857,1.0,1.0,1.0,15,1.0,1e-05,3100,1.0
0.09728851914405823,0.09990038722753525,4953,0.09448551386594772,0.09618579596281052,0.09574581682682037,4718592,0.09787741303443909,1.6954022988505748,0.09491090476512909,0.09990038722753525,0.09948844462633133,0.09643342345952988,0.09821730852127075,694.5217895507812,0.09786821901798248,0.09771230816841125,0.09974835067987442,0.040229885057471264,1.4243908045977023,0.8695652173913043,0.09922964125871658,952,973.73,0.0969751700758934,23,0.09429258853197098,0.0959092453122139,0.09429258853197098,0.0985238179564476,0.0992918610572815,0.0,0.0969962328672409,0.09522008150815964,36,0.09671150892972946,0.09641782939434052,0.09957931190729141,1.0226153221544754,0.09908153861761093,0.9597701149425287,22.789122676849367,0.1,167,0.2664523720741272,0.2,29,0.0,0.8020787239074707,25,0.09736364334821701,27,0.10498275756835937,0.043231290221592646,17,0.0021342393,38,-0.002921123897067446,0.88,1.0,1.0,0.9411764705882353,15,1.0,1e-05,3110,1.0
0.0975777730345726,0.10011786967515945,4952,0.09485885500907898,0.09650249034166336,0.09610065817832947,4849664,0.09824070334434509,1.5319148936170213,0.095158651471138,0.10011786967515945,0.09982162714004517,0.09656736254692078,0.0984567329287529,699.2623291015625,0.09814602136611938,0.09791865199804306,0.10000751167535782,0.05319148936170213,1.4270638297872351,0.9166666666666666,0.09938745200634003,979,978.77,0.09720734506845474,12,0.09443236887454987,0.0961102619767189,0.09443236887454987,0.0988619476556778,0.09953930974006653,0.0,0.09728128463029861,0.09545384347438812,37,0.09688099473714828,0.09658251702785492,0.09988624602556229,1.0395737613417388,0.0992761179804802,0.9468085106382979,22.729371780157088,0.1,89,0.27051079273223877,0.2,14,0.0,0.7943346500396729,9,0.09761498123407364,9,0.11723175048828124,0.06713107228133594,15,0.0024234941,22,-0.0034326907013564776,0.5555555555555556,1.0,1.0,1.0,13,1.0,1e-05,3120,1.0
0.09779120236635208,0.1004081442952156,4949,0.0950508713722229,0.09664899110794067,0.09635867178440094,4980736,0.09834758937358856,1.9294117647058824,0.09540589898824692,0.1004081442952156,0.10001666843891144,0.09666351228952408,0.09876858443021774,691.8934326171875,0.09820938855409622,0.09808541089296341,0.10023927688598633,0.03529411764705882,1.435058823529413,0.8636363636363636,0.09967311471700668,1006,966.49,0.09745527803897858,22,0.09462030231952667,0.09627086669206619,0.09462030231952667,0.09923581779003143,0.09982286393642426,0.0,0.09754946082830429,0.09588180482387543,38,0.09708558768033981,0.096804179251194,0.1001405268907547,1.0190568976375285,0.09943744540214539,0.9647058823529412,22.66788628548384,0.1,164,0.2728902995586395,0.2,26,0.0,0.7909103035926819,28,0.09783885627985,26,0.10651397705078125,0.05097457722877152,18,0.0022729293,30,-0.0030834453878014756,0.8928571428571429,1.0,1.0,1.0,20,1.0,1e-05,3130,1.0
0.09785692393779755,0.10064402967691422,4949,0.09523463994264603,0.09687311947345734,0.09671954065561295,5111808,0.09847037494182587,1.631578947368421,0.09560170024633408,0.10063349455595016,0.10034608840942383,0.09700959920883179,0.09905661642551422,702.4807739257812,0.09855017811059952,0.09837549924850464,0.10064402967691422,0.031578947368421054,1.4359368421052645,0.9166666666666666,0.09993400424718857,1032,982.95,0.09769193083047867,12,0.09479359537363052,0.0964943915605545,0.09479359537363052,0.09952063113451004,0.10005611181259155,0.0,0.09792183339595795,0.09615204483270645,39,0.09730906784534454,0.09701114892959595,0.10031305253505707,0.9465671058519625,0.09976024925708771,0.968421052631579,22.60666550397873,0.1,92,0.30582553148269653,0.2,13,0.0,0.7759279608726501,10,0.09809320420026779,9,0.11767349243164063,0.06129653072421206,13,0.0024259072,23,-0.0032832206929924723,0.9,1.0,1.0,0.9230769230769231,15,1.0,1e-05,3140,1.0
0.09802435338497162,0.10084942728281021,4947,0.09552957862615585,0.0970209613442421,0.0967937484383583,5242880,0.09868170320987701,1.5470588235294118,0.09581231325864792,0.10084942728281021,0.10052982717752457,0.09722285717725754,0.09927806258201599,693.4823608398438,0.098799929022789,0.09868162870407104,0.10075588524341583,0.029411764705882353,1.430670588235295,0.8947368421052632,0.1001853495836258,1059,970.11,0.0979367047548294,19,0.09488773345947266,0.09670719504356384,0.09488773345947266,0.09962604939937592,0.10027754306793213,0.0,0.09805499762296677,0.09638165682554245,40,0.09747304767370224,0.09725723415613174,0.10058993101119995,0.9938656954077693,0.10002155601978302,0.9705882352941176,22.548986786603926,0.1,165,0.29760265350341797,0.2,26,0.0,0.7233993411064148,23,0.0982951745390892,19,0.10912933349609374,0.0449051982286619,29,0.0021835198,36,-0.0030180485403434433,0.9565217391304348,1.0,1.0,0.9310344827586207,18,1.0,1e-05,3150,1.0
0.09834019839763641,0.10114972293376923,4946,0.09563355147838593,0.09727267920970917,0.09700872004032135,5373952,0.09889664500951767,1.936842105263158,0.09602075815200806,0.10114972293376923,0.10071856528520584,0.09741760045289993,0.09952592849731445,713.79638671875,0.09908602386713028,0.0989881083369255,0.10109966993331909,0.010526315789473684,1.4156421052631594,0.9166666666666666,0.10035030543804169,1086,996.15,0.09810468554496765,12,0.0948193222284317,0.09695523977279663,0.0948193222284317,0.09982200711965561,0.10053622722625732,0.0,0.09828144311904907,0.09666768461465836,41,0.0977223739027977,0.09748152643442154,0.10086444765329361,1.1486727324413246,0.10028158873319626,0.9894736842105263,22.49445862621069,0.1,94,0.2507360577583313,0.2,17,0.0,0.8305068016052246,18,0.09852179139852524,10,0.09961471557617188,0.041311627407412746,9,0.0021342845,16,-0.0034894668773631566,1.0,1.0,1.0,1.0,13,1.0,1e-05,3160,1.0
0.09865531325340271,0.10144422948360443,4945,0.09576378017663956,0.09750856459140778,0.0972844585776329,5505024,0.09926746040582657,1.8202247191011236,0.09617813676595688,0.10144422948360443,0.10089115053415298,0.09767133742570877,0.099761463701725,673.9984130859375,0.09933032095432281,0.09914602339267731,0.10133872926235199,0.06179775280898876,1.4267752808988774,0.7777777777777778,0.10056386888027191,1113,942.71,0.09827485680580139,27,0.09503328800201416,0.09709762036800385,0.09503328800201416,0.09997951984405518,0.10079730302095413,0.0,0.0984937995672226,0.09690257161855698,42,0.09782102704048157,0.09766044467687607,0.10111724585294724,1.0618669736747008,0.10048786550760269,0.9382022471910112,22.437621635198592,0.1,167,0.25007694959640503,0.2,22,0.0,0.7663916945457458,24,0.09873881191015244,26,0.09662017822265626,0.02644959740282502,25,0.0021042959,33,-0.0029166719070417456,0.8333333333333334,1.0,1.0,0.96,21,1.0,1e-05,3170,1.0
0.09906209260225296,0.10177892446517944,4942,0.09597985446453094,0.0979200080037117,0.0975990891456604,5636096,0.09950196743011475,1.592814371257485,0.09648964554071426,0.10177892446517944,0.1010248064994812,0.09806383401155472,0.10005496442317963,720.0858764648438,0.0996205061674118,0.09931307286024094,0.10145397484302521,0.041916167664670656,1.4368383233532946,0.8461538461538461,0.10076054185628891,1140,999.14,0.09842988103628159,26,0.09520351141691208,0.09725119918584824,0.09520351141691208,0.10033929347991943,0.10107889771461487,0.0,0.098697729408741,0.09724457561969757,43,0.09805107116699219,0.09790422767400742,0.10130681842565536,1.0225036578632993,0.10068190097808838,0.9580838323353293,22.37907481342554,0.1,160,0.26588010787963867,0.2,26,0.0,0.8182993531227112,24,0.0989924967288971,20,0.10976028442382812,0.0780169205245329,23,0.002298626,34,-0.003289066356865078,0.9583333333333334,0.95,1.0,0.9565217391304348,14,1.0,1e-05,3180,1.0
0.09933820366859436,0.10206087678670883,4942,0.09633047133684158,0.09813184291124344,0.09778226912021637,5767168,0.09967070817947388,1.7378640776699028,0.09671285003423691,0.10206087678670883,0.10134986788034439,0.09824245423078537,0.100228451192379,676.2575073242188,0.09997206181287766,0.09957404434680939,0.10156217217445374,0.10679611650485436,1.4129708737864088,0.6538461538461539,0.10103560239076614,1166,939.28,0.09880878031253815,26,0.09548716247081757,0.09746607393026352,0.09548716247081757,0.10060025006532669,0.10138039290904999,0.0,0.09888198226690292,0.0973927453160286,44,0.0983436331152916,0.09815402328968048,0.1015724241733551,1.070296107490847,0.10091770440340042,0.8932038834951457,22.316335107386113,0.1,92,0.2415207028388977,0.2,11,0.0,0.8453885912895203,14,0.09923987835645676,11,0.10088043212890625,0.05937789439922199,11,0.0021723656,20,-0.003452466945782362,0.8571428571428571,1.0,1.0,1.0,10,1.0,1e-05,3190,1.0
0.0996011346578598,0.1022355929017067,4941,0.09664794057607651,0.0984484851360321,0.09811897575855255,5898240,0.09987936168909073,2.165644171779141,0.09696564078330994,0.1022355929017067,0.10163332521915436,0.09868019074201584,0.10044846683740616,719.7756958007812,0.10033587366342545,0.09979964047670364,0.1019081100821495,0.0736196319018405,1.4154969325153384,0.7692307692307693,0.10131626576185226,1193,995.11,0.09900413453578949,26,0.09573837369680405,0.09766775369644165,0.09573837369680405,0.10092057287693024,0.10165117681026459,0.0,0.09907112270593643,0.09781713038682938,45,0.09857701510190964,0.09838318824768066,0.1018013060092926,1.0746961166448372,0.10128764063119888,0.9263803680981595,22.24943205267191,0.1,151,0.3258265256881714,0.2,15,0.0,0.7939667105674744,19,0.09951753169298172,27,0.12281036376953125,0.09642904720531079,17,0.0025296058,29,-0.0034840377635191543,0.7368421052631579,1.0,1.0,0.9411764705882353,30,1.0,1e-05,3200,1.0
0.09978972375392914,0.10252448171377182,4940,0.09687979519367218,0.09893421083688736,0.09832625836133957,6029312,0.10001964122056961,1.7747747747747749,0.09735186398029327,0.10252448171377182,0.1019233912229538,0.09885766357183456,0.1006731167435646,696.8663330078125,0.10061904788017273,0.10002195835113525,0.10219470411539078,0.06306306306306306,1.4169189189189202,0.782608695652174,0.10155181586742401,1220,959.85,0.09923163801431656,23,0.09601640701293945,0.09786135703325272,0.09601640701293945,0.10107056051492691,0.10197526216506958,0.0,0.09919224679470062,0.09805029630661011,46,0.09891308099031448,0.09859590977430344,0.10197430849075317,1.0017051628878375,0.10163407027721405,0.9369369369369369,22.182874548435212,0.1,104,0.3193889558315277,0.2,10,0.0,0.8592554330825806,13,0.09976731240749359,15,0.11869583129882813,0.0706644985562889,14,0.0024258262,23,-0.003724766422783432,0.9230769230769231,1.0,1.0,0.9285714285714286,13,1.0,1e-05,3210,1.0
0.10003963112831116,0.10278648138046265,4940,0.09724538773298264,0.09924519062042236,0.09852992743253708,6160384,0.10022223740816116,1.9664429530201342,0.09755279123783112,0.10278648138046265,0.1021512895822525,0.09905723482370377,0.10093594342470169,719.98095703125,0.10080990195274353,0.10021454095840454,0.10236048698425293,0.026845637583892617,1.449570469798659,0.9090909090909091,0.10178152471780777,1246,999.27,0.09953083842992783,22,0.09624648839235306,0.09812585264444351,0.09624648839235306,0.10127054154872894,0.10223793238401413,0.0,0.09947796911001205,0.09825658053159714,47,0.0990476906299591,0.09883052855730057,0.10235117375850677,1.0019741354856808,0.10189537703990936,0.9731543624161074,22.121696388721467,0.1,145,0.3033747375011444,0.2,18,0.0,0.8070796728134155,23,0.10000814497470856,24,0.10575180053710938,0.0703060283587547,14,0.002269243,29,-0.003157780026049295,0.9565217391304348,1.0,1.0,0.9285714285714286,19,1.0,1e-05,3220,1.0
0.10026513785123825,0.10301928222179413,4939,0.0974334180355072,0.09948643296957016,0.09878367185592651,6291456,0.10026867687702179,1.968503937007874,0.09771016240119934,0.10301928222179413,0.10230164974927902,0.09921041131019592,0.10113035887479782,682.0176391601562,0.10102623701095581,0.10048975795507431,0.10242899507284164,0.07874015748031496,1.4174960629921267,0.6428571428571429,0.10197243839502335,1273,952.97,0.09978805482387543,14,0.09638942033052444,0.09836266934871674,0.09638942033052444,0.10147775709629059,0.10241325199604034,0.0,0.09976476430892944,0.09840843081474304,48,0.09929614514112473,0.09904704988002777,0.10259600728750229,0.9923110260220068,0.10198943316936493,0.9212598425196851,22.0671684384346,0.1,117,0.29329121112823486,0.2,8,0.0,0.7956007122993469,17,0.10020238906145096,23,0.10677871704101563,0.03766159503284143,22,0.0022238526,24,-0.0030673486807245355,0.8235294117647058,0.9565217391304348,1.0,0.9545454545454546,19,1.0,1e-05,3230,1.0
0.10051663964986801,0.10323427617549896,4939,0.09770921617746353,0.09969349950551987,0.09915357083082199,6422528,0.10056271404027939,1.7536231884057971,0.09789316356182098,0.10323427617549896,0.10252690315246582,0.09950192272663116,0.10141849517822266,713.0505981445312,0.1011504977941513,0.1008085310459137,0.10269994288682938,0.043478260869565216,1.4262463768115952,0.8846153846153846,0.102259561419487,1300,987.74,0.10002432018518448,26,0.09669440239667892,0.09861690551042557,0.09669440239667892,0.10170919448137283,0.10266263782978058,0.0,0.10002300888299942,0.09868784248828888,49,0.09955073148012161,0.0992632657289505,0.10289500653743744,0.9536561374822344,0.10224329680204391,0.9565217391304348,22.01193475574255,0.1,132,0.3381279408931732,0.2,16,0.0,0.810920238494873,17,0.10045997053384781,14,0.12079696655273438,0.0849400738341501,18,0.002487695,28,-0.0040205583213719365,0.8823529411764706,1.0,1.0,0.9444444444444444,19,1.0,1e-05,3240,1.0
0.10076484829187393,0.1033838614821434,4938,0.09784500300884247,0.09991639852523804,0.09935736656188965,6553600,0.10080747306346893,1.6515151515151516,0.0982300415635109,0.1033838614821434,0.10274489969015121,0.0997466892004013,0.10167796164751053,690.9227905273438,0.10128913819789886,0.10117946565151215,0.10293460637331009,0.06060606060606061,1.4243030303030315,0.7333333333333333,0.10253337770700455,1326,965.03,0.1004183441400528,15,0.09682086110115051,0.09893563389778137,0.09682086110115051,0.10203012079000473,0.10305525362491608,0.0,0.10033907741308212,0.09899865090847015,50,0.09987626224756241,0.09947986155748367,0.10318085551261902,0.9607565522779623,0.10241669416427612,0.9393939393939394,21.946876150369643,0.1,124,0.2865588068962097,0.2,12,0.0,0.8342169523239136,28,0.10071850568056107,17,0.10912399291992188,0.05845057031692704,24,0.0023660515,26,-0.0037078159797601985,0.8928571428571429,0.9411764705882353,1.0,1.0,10,1.0,1e-05,3250,1.0
0.10111379623413086,0.10359286516904831,4938,0.0980151891708374,0.10010712593793869,0.09952636063098907,6684672,0.10115522146224976,1.9699248120300752,0.0984954982995987,0.10359286516904831,0.10303392261266708,0.10006584227085114,0.10175622254610062,711.4830322265625,0.10172390937805176,0.10127923637628555,0.10311895608901978,0.022556390977443608,1.4219548872180463,1.0,0.10276337713003159,1353,989.8,0.10064102709293365,16,0.09714765846729279,0.09909311681985855,0.09714765846729279,0.10225360840559006,0.10343346744775772,0.0,0.10063999891281128,0.09910277277231216,51,0.10002565383911133,0.09974987804889679,0.10347090661525726,1.0832952142257044,0.10262129455804825,0.9774436090225563,21.88476691097021,0.1,130,0.2630801796913147,0.2,16,0.0,0.8431226015090942,18,0.10095706582069397,15,0.10802383422851562,0.05166378930880455,18,0.0022412692,25,-0.003477450559330464,0.8333333333333334,1.0,1.0,1.0,25,1.0,1e-05,3260,1.0
0.10139255225658417,0.10374123603105545,4938,0.09827356785535812,0.10037681460380554,0.09983174502849579,6815744,0.1012839749455452,1.5629629629629629,0.0989215299487114,0.10363086313009262,0.10318002104759216,0.10027812421321869,0.10197564959526062,703.1828002929688,0.10188528895378113,0.10157499462366104,0.10343041270971298,0.07407407407407407,1.439362962962964,0.7272727272727273,0.10298038274049759,1380,974.8,0.10090585052967072,22,0.09724939614534378,0.09924017637968063,0.09724939614534378,0.10254310816526413,0.10367599129676819,0.0,0.10080602765083313,0.0993223562836647,52,0.10030126571655273,0.09999439865350723,0.10374123603105545,0.9593403978693207,0.10276094824075699,0.9259259259259259,21.827065595984458,0.1,125,0.26915794610977173,0.2,22,0.0,0.7534011006355286,15,0.10118226706981659,12,0.11035690307617188,0.04899381854265812,14,0.00225318,33,-0.003064275225824531,0.8,1.0,1.0,0.9285714285714286,17,1.0,1e-05,3270,1.0
0.10154861211776733,0.10408144444227219,4937,0.09851432591676712,0.10059273988008499,0.1000819280743599,6946816,0.10151544958353043,1.7777777777777777,0.09919721633195877,0.103908970952034,0.10348301380872726,0.10054156929254532,0.1021050289273262,701.5609130859375,0.10200898349285126,0.10180169343948364,0.10379062592983246,0.06666666666666667,1.436103703703705,0.84,0.10331957042217255,1406,972.93,0.10101483762264252,25,0.097378209233284,0.09945777803659439,0.097378209233284,0.1028662845492363,0.1039687916636467,0.0,0.10114827752113342,0.09960237145423889,53,0.1006518229842186,0.1002117246389389,0.10408144444227219,1.0290250556477598,0.1030234843492508,0.9333333333333333,21.76954595297575,0.1,126,0.29235634207725525,0.2,12,0.0,0.8329058885574341,20,0.10143259167671204,19,0.11216812133789063,0.07103473511815536,17,0.0023554936,28,-0.0035566168551667944,0.85,0.9473684210526315,1.0,0.9411764705882353,14,1.0,1e-05,3280,1.0
0.10176669806241989,0.10445333272218704,4937,0.09873319417238235,0.1009378731250763,0.1003078892827034,7077888,0.10187365859746933,1.6615384615384616,0.09937034547328949,0.10424405336380005,0.10378070175647736,0.10075324028730392,0.10238637030124664,702.6174926757812,0.10223530232906342,0.10205316543579102,0.10404249280691147,0.023076923076923078,1.4286769230769243,0.8947368421052632,0.10357684642076492,1433,980.28,0.10128016024827957,19,0.09759131073951721,0.09972312301397324,0.09759131073951721,0.10304063558578491,0.10434219986200333,0.0,0.10144016146659851,0.0999877005815506,54,0.10075859725475311,0.10053898394107819,0.10445333272218704,1.0290646057551547,0.10315751284360886,0.9769230769230769,21.706529514491557,0.1,127,0.31167158484458923,0.2,16,0.0,0.8101276159286499,14,0.10169502347707748,11,0.11059036254882812,0.07427677319356008,20,0.002301645,29,-0.0036416109393030637,0.9285714285714286,1.0,1.0,1.0,21,1.0,1e-05,3290,1.0
0.10186707228422165,0.10476911813020706,4936,0.09894011914730072,0.10116315633058548,0.10060092061758041,7208960,0.10203669220209122,1.9507042253521127,0.0995614305138588,0.10459516197443008,0.10395806282758713,0.10092247277498245,0.10263345390558243,716.95263671875,0.10236476361751556,0.10223047435283661,0.10427998006343842,0.07746478873239436,1.4374225352112686,0.7368421052631579,0.10374527424573898,1460,995.14,0.10158979147672653,19,0.097791388630867,0.09985978156328201,0.097791388630867,0.10322485119104385,0.10464218258857727,0.0,0.10155407339334488,0.10022173821926117,55,0.10103630274534225,0.10076972097158432,0.10476911813020706,1.0253719059374282,0.10330124944448471,0.9225352112676056,21.647436465322972,0.1,131,0.25727584958076477,0.2,16,0.0,0.7881366014480591,34,0.10190636664628983,18,0.10598983764648437,0.03976820059397142,14,0.002201674,26,-0.0033763249417461338,0.8529411764705882,0.9444444444444444,1.0,1.0,15,1.0,1e-05,3300,1.0
0.10211077332496643,0.1049758717417717,4936,0.09917931258678436,0.10156813263893127,0.10094229876995087,7340032,0.10232896357774734,1.7542372881355932,0.0998067781329155,0.1049758717417717,0.10410429537296295,0.10113740712404251,0.10292557626962662,709.5220947265625,0.10277077555656433,0.10232984274625778,0.10442664474248886,0.0423728813559322,1.4419152542372897,0.875,0.10408034920692444,1486,988.82,0.10187316685914993,16,0.09807823598384857,0.10004612058401108,0.09807823598384857,0.10349076241254807,0.10492882877588272,0.0,0.10186392068862915,0.10050090402364731,56,0.10136869549751282,0.10089100152254105,0.10491597652435303,0.9778501484983129,0.1035439744591713,0.9576271186440678,21.589619952440263,0.1,113,0.30159154534339905,0.2,18,0.0,0.8103542923927307,20,0.1021675392985344,12,0.12576904296875,0.10959917211148422,11,0.0025424757,26,-0.0036631624337132964,0.9,1.0,1.0,0.9090909090909091,15,1.0,1e-05,3310,1.0
0.10233435779809952,0.1052907258272171,4935,0.09924810379743576,0.10185685008764267,0.1011790782213211,7471104,0.10263215750455856,1.9225806451612903,0.10003932565450668,0.1052907258272171,0.10432740300893784,0.1013248935341835,0.10310206562280655,720.0546264648438,0.1029064878821373,0.10258670896291733,0.10477153956890106,0.01935483870967742,1.4391612903225817,1.0,0.10443471372127533,1513,996.03,0.10195445269346237,14,0.09831080585718155,0.10011076182126999,0.09831080585718155,0.10371826589107513,0.10521237552165985,0.0,0.10205413401126862,0.10075342655181885,57,0.10154133290052414,0.10115707665681839,0.10512614995241165,1.0052765316451608,0.10385549813508987,0.9806451612903225,21.529970541596413,0.1,152,0.24878911674022675,0.2,27,0.0,0.8582423329353333,33,0.10239315032958984,19,0.10490341186523437,0.039161725293524796,16,0.0021827533,27,-0.003666497987796902,0.9090909090909091,1.0,1.0,1.0,19,1.0,1e-05,3320,1.0
0.10256614536046982,0.10560193657875061,4936,0.09949254989624023,0.10211876034736633,0.10137106478214264,7602176,0.1028170958161354,1.8846153846153846,0.10016399621963501,0.10541319847106934,0.10463125258684158,0.10145357996225357,0.10327669233083725,709.9844360351562,0.1031288206577301,0.10283879190683365,0.10498730838298798,0.057692307692307696,1.4388846153846164,0.7222222222222222,0.10473090410232544,1540,982.96,0.1021541878581047,18,0.09852229058742523,0.10036611557006836,0.09852229058742523,0.10394678264856339,0.10531049966812134,0.0,0.10228847712278366,0.10094378888607025,58,0.10177283734083176,0.10127421468496323,0.10560193657875061,1.0673484975989298,0.10403214395046234,0.9423076923076923,21.476327468454837,0.1,98,0.2595476806163788,0.2,13,0.0,0.798216700553894,14,0.10260812193155289,11,0.10949172973632812,0.04516862122691236,13,0.002208694,19,-0.0037860282300243853,1.0,1.0,1.0,0.9230769230769231,16,1.0,1e-05,3330,1.0
0.10279885679483414,0.10591133683919907,4935,0.09990300983190536,0.10236717760562897,0.10173782706260681,7733248,0.10297893732786179,1.4451219512195121,0.10041230916976929,0.10562872886657715,0.1050603985786438,0.10185066610574722,0.10357886552810669,718.059814453125,0.10324397683143616,0.10325205326080322,0.10533981025218964,0.042682926829268296,1.4481829268292694,0.7333333333333333,0.10507193952798843,1566,992.7,0.10239505767822266,15,0.09867024421691895,0.10078557580709457,0.09867024421691895,0.1041659265756607,0.10550013929605484,0.0,0.10263154655694962,0.10115175694227219,59,0.10190939903259277,0.10168009251356125,0.10591133683919907,0.9188619077029382,0.10424362868070602,0.9573170731707317,21.415651388466358,0.1,157,0.28231653571128845,0.2,24,0.0,0.7636044025421143,22,0.10289077460765839,14,0.1065673828125,0.05882545212080004,30,0.00223818,39,-0.0036530670608044603,0.9090909090909091,1.0,1.0,0.9666666666666667,20,1.0,1e-05,3340,1.0
0.10299436002969742,0.10605456680059433,4935,0.10011505335569382,0.10259827971458435,0.10189162939786911,7864320,0.10322342067956924,1.819047619047619,0.10064832121133804,0.10581474751234055,0.10534089058637619,0.1019783467054367,0.10382165759801865,694.0486450195312,0.10360536724328995,0.10345330089330673,0.10556301474571228,0.0761904761904762,1.448514285714287,0.6153846153846154,0.1052350103855133,1593,956.7,0.10264395922422409,13,0.09880556166172028,0.10104412585496902,0.09880556166172028,0.10432274639606476,0.10564736276865005,0.0,0.10290955752134323,0.10140316188335419,60,0.1022387444972992,0.10186683386564255,0.10605456680059433,1.1032395545368603,0.10454653948545456,0.9238095238095239,21.354999992251397,0.1,97,0.23614314198493958,0.2,14,0.0,0.8455921411514282,22,0.1031106561422348,17,0.09366607666015625,0.04690367975708796,14,0.0021198438,18,-0.0035467480462102684,0.8636363636363636,1.0,1.0,1.0,7,1.0,1e-05,3350,1.0
0.10324786603450775,0.10624101012945175,4934,0.10046736150979996,0.10283975303173065,0.10194069147109985,7995392,0.1034477949142456,1.8074534161490683,0.10083973407745361,0.10605307668447495,0.10577128827571869,0.10218987613916397,0.10414057224988937,715.4891357421875,0.10390567779541016,0.10384178161621094,0.10581494867801666,0.037267080745341616,1.4346335403726718,0.8888888888888888,0.10530068725347519,1620,987.81,0.10299583524465561,18,0.09901579469442368,0.10136924684047699,0.09901579469442368,0.10446416586637497,0.1057991087436676,0.0,0.1029825508594513,0.1016368567943573,61,0.10254005342721939,0.10225670039653778,0.10624101012945175,1.006515967057538,0.10489491373300552,0.9627329192546584,21.297712703049182,0.1,155,0.24253636598587036,0.2,21,0.0,0.842293381690979,23,0.1033598855137825,17,0.10711212158203125,0.05900219727191143,23,0.0022241417,33,-0.003583074120524543,0.8260869565217391,1.0,1.0,1.0,26,1.0,1e-05,3360,1.0
0.10354042798280716,0.10653508454561234,4934,0.10060133039951324,0.1030626967549324,0.10208326578140259,8126464,0.10360516607761383,1.871559633027523,0.10102777183055878,0.10636711120605469,0.10602963715791702,0.10228540003299713,0.10424226522445679,698.8056030273438,0.10411415249109268,0.10398735851049423,0.10610058903694153,0.08256880733944955,1.4509724770642214,0.7727272727272727,0.10558705776929855,1646,972.28,0.10332966595888138,22,0.09930741786956787,0.10156115889549255,0.09930741786956787,0.10472536832094193,0.10611880570650101,0.0,0.10327260941267014,0.10178472846746445,62,0.1029871329665184,0.10253965854644775,0.10653508454561234,1.1710905111074912,0.10521996021270752,0.9174311926605505,21.238810560107233,0.1,100,0.269184410572052,0.2,13,0.0,0.796207070350647,21,0.1036006361246109,10,0.1133544921875,0.06583375171176158,15,0.0023346995,16,-0.0034200087040517245,0.8095238095238095,1.0,1.0,1.0,12,1.0,1e-05,3370,1.0
0.10377730429172516,0.10667598992586136,4933,0.10080718249082565,0.10335876792669296,0.1022757887840271,8257536,0.10408458858728409,1.9515151515151514,0.10123051702976227,0.10667476803064346,0.10625830292701721,0.10251446068286896,0.10446180403232574,719.1152954101562,0.10440615564584732,0.10420963913202286,0.1065048798918724,0.06060606060606061,1.4366060606060616,0.8095238095238095,0.10583233088254929,1673,988.33,0.10363958775997162,21,0.09941297769546509,0.10170875489711761,0.09941297769546509,0.10489111393690109,0.10633866488933563,0.0,0.10347211360931396,0.10197897255420685,63,0.10317335277795792,0.10281910002231598,0.10667598992586136,1.0434670109161608,0.10547295212745667,0.9393939393939394,21.180912122130394,0.1,155,0.2378844916820526,0.2,19,0.0,0.8323091268539429,25,0.1038392037153244,17,0.10660324096679688,0.056909201257803944,21,0.002280232,32,-0.0032492041445948416,0.84,1.0,1.0,0.9047619047619048,30,1.0,1e-05,3380,1.0
0.10396306961774826,0.10702035576105118,4934,0.10118185728788376,0.1035401001572609,0.10258457809686661,8388608,0.1044950857758522,1.6979166666666667,0.10156094282865524,0.10702035576105118,0.10657493770122528,0.10282290726900101,0.10464267432689667,713.5945434570312,0.10458999127149582,0.10444718599319458,0.10680829733610153,0.03125,1.4503541666666677,0.9,0.106123186647892,1700,987.22,0.10374640673398972,10,0.09959127753973007,0.10179443657398224,0.09959127753973007,0.10519228875637054,0.10653543472290039,0.0,0.10388807207345963,0.10222683846950531,64,0.10342239588499069,0.10306217521429062,0.10689035058021545,1.0070890323151664,0.10565230250358582,0.96875,21.121533420681953,0.1,93,0.2935182452201843,0.2,10,0.0,0.8304531574249268,10,0.10409427434206009,19,0.12403640747070313,0.07686282383365324,14,0.0025287548,23,-0.0034864952871430433,0.8,1.0,1.0,1.0,10,1.0,1e-05,3390,1.0
0.10436339676380157,0.10723134875297546,4932,0.1014457568526268,0.10375330597162247,0.10275424271821976,8519680,0.10464592278003693,1.8928571428571428,0.10186151415109634,0.10723134875297546,0.10678571462631226,0.1028386726975441,0.10478153079748154,711.896728515625,0.10485900938510895,0.10476379096508026,0.1069672480225563,0.017857142857142856,1.4466190476190488,0.9545454545454546,0.10646594315767288,1727,987.64,0.10396113991737366,22,0.0997961238026619,0.1020304411649704,0.0997961238026619,0.10544665157794952,0.10658980906009674,0.0,0.10413917899131775,0.10240540653467178,65,0.10360013693571091,0.10326755791902542,0.10708322376012802,1.0607324474506972,0.10593543201684952,0.9821428571428571,21.064070308208464,0.1,165,0.270402193069458,0.2,24,0.0,0.7836018204689026,23,0.10431089997291565,28,0.10130386352539063,0.03715673125698231,26,0.002142535,26,-0.0032457726339089276,0.9130434782608695,1.0,1.0,1.0,19,1.0,1e-05,3400,1.0
0.10465522855520248,0.10748223960399628,4933,0.10168928653001785,0.10408312827348709,0.10302218049764633,8650752,0.1047406941652298,1.731958762886598,0.10208312422037125,0.10748223960399628,0.10709259659051895,0.1031188815832138,0.10494285821914673,707.9327392578125,0.10520297288894653,0.10501229017972946,0.1071421355009079,0.041237113402061855,1.4405154639175268,0.8181818181818182,0.1066906675696373,1753,975.1,0.10415986180305481,11,0.1000545397400856,0.10225105285644531,0.1000545397400856,0.1056116595864296,0.10676819831132889,0.0,0.1043417826294899,0.10259965062141418,66,0.10383472591638565,0.10348045080900192,0.1071198359131813,1.0367816112220514,0.10615137219429016,0.9587628865979382,21.01144019216299,0.1,93,0.2294834852218628,0.2,13,0.0,0.7784174084663391,12,0.10453324764966965,15,0.10444107055664062,0.037259470006392806,11,0.0022042217,23,-0.0030084818881732645,0.9166666666666666,0.9333333333333333,1.0,1.0,12,1.0,1e-05,3410,1.0
0.10487271100282669,0.10775598883628845,4932,0.10186241567134857,0.10436274856328964,0.10325399041175842,8781824,0.1048724576830864,1.9127906976744187,0.10238353163003922,0.10775598883628845,0.1073213517665863,0.10324660688638687,0.10529880970716476,700.1967163085938,0.1054692268371582,0.1051848903298378,0.10749205201864243,0.06395348837209303,1.4653139534883735,0.7419354838709677,0.10684678703546524,1780,970.62,0.1044112890958786,31,0.10017603635787964,0.10253790020942688,0.10017603635787964,0.10594826191663742,0.10693386942148209,0.0,0.10469134151935577,0.10281599313020706,67,0.10412880033254623,0.10374794155359268,0.10731649398803711,1.0941363700714546,0.10631275922060013,0.936046511627907,20.956489157676696,0.1,161,0.2661876380443573,0.2,20,0.0,0.7586206793785095,28,0.10476977378129959,22,0.10135345458984375,0.042703423617058436,20,0.0021349818,30,-0.002710886980366922,0.9285714285714286,0.9545454545454546,1.0,1.0,21,1.0,1e-05,3420,1.0
0.1050696149468422,0.10812510550022125,4932,0.10213658213615417,0.10471902042627335,0.10346017777919769,8912896,0.10510867089033127,2.139784946236559,0.10256444662809372,0.10812510550022125,0.10755937546491623,0.10346582531929016,0.10555113852024078,704.3037719726562,0.10572860389947891,0.10539223253726959,0.10770498216152191,0.03225806451612903,1.459182795698926,0.8,0.1070103794336319,1806,979.7,0.10475371032953262,15,0.10025803744792938,0.10273545235395432,0.10025803744792938,0.10627397894859314,0.10729991644620895,0.0,0.10505390912294388,0.10306210815906525,68,0.10449568182229996,0.10408104211091995,0.10748223960399628,1.135438808722427,0.1066228449344635,0.967741935483871,20.898663045465945,0.1,90,0.30199435353279114,0.2,13,0.0,0.8372339010238647,7,0.10502859950065613,16,0.11727523803710938,0.08551416147092823,11,0.002444786,14,-0.003561956647899933,1.0,1.0,1.0,1.0,17,1.0,1e-05,3430,1.0
0.10523917526006699,0.10845421254634857,4931,0.10243260860443115,0.10503222048282623,0.10359637439250946,9043968,0.10534543544054031,1.7633136094674555,0.10280550271272659,0.10845421254634857,0.10778918862342834,0.1036243662238121,0.10576258599758148,706.3571166992188,0.10599985718727112,0.10545972734689713,0.10804334282875061,0.0650887573964497,1.4403905325443798,0.782608695652174,0.10726387053728104,1833,979.71,0.10498558729887009,23,0.10040850192308426,0.10304547101259232,0.10040850192308426,0.1067158505320549,0.10757581889629364,0.0,0.10541380196809769,0.10319788008928299,69,0.1047796830534935,0.10432692617177963,0.10780631005764008,1.0867354967337557,0.10682938992977142,0.9349112426035503,20.837272198498248,0.1,158,0.2702670097351074,0.2,22,0.0,0.7521257996559143,22,0.10527734458446503,20,0.10876312255859374,0.05037437940263771,28,0.002258971,31,-0.0035008684027161507,0.8181818181818182,1.0,1.0,0.9285714285714286,23,1.0,1e-05,3440,1.0
0.10544348508119583,0.10882686078548431,4932,0.10264769941568375,0.10535389930009842,0.10395711660385132,9175040,0.10575307905673981,1.71875,0.1030387431383133,0.10882686078548431,0.1079706996679306,0.10399465262889862,0.10602781176567078,707.880859375,0.1062684878706932,0.10564468801021576,0.10828103125095367,0.052083333333333336,1.4390833333333344,0.875,0.10748805850744247,1860,975.98,0.10526218265295029,16,0.10048427432775497,0.10335825383663177,0.10048427432775497,0.10685547441244125,0.10779669880867004,0.0,0.10574675351381302,0.1034025251865387,70,0.10507021844387054,0.10463327169418335,0.10804532468318939,1.0717168704858009,0.1071469634771347,0.9479166666666666,20.777396826446058,0.1,91,0.2911492586135864,0.2,13,0.0,0.8018478155136108,9,0.10553993284702301,13,0.11416168212890625,0.08986614635796286,14,0.0023507553,19,-0.0032392241408160773,0.8888888888888888,1.0,1.0,0.8571428571428571,12,1.0,1e-05,3450,1.0
0.10567585378885269,0.10909022390842438,4931,0.10294808447360992,0.10538836568593979,0.10404228419065475,9306112,0.10589305311441422,1.8862275449101797,0.10319202393293381,0.10909022390842438,0.1082591861486435,0.10434262454509735,0.10639721900224686,708.7786865234375,0.10664687305688858,0.10577945411205292,0.10857804119586945,0.04790419161676647,1.4435329341317376,0.85,0.10775642842054367,1887,975.69,0.10568993538618088,20,0.10064659267663956,0.1034756451845169,0.10064659267663956,0.1071738675236702,0.10808435827493668,0.0,0.10590891540050507,0.10369398444890976,71,0.10524775832891464,0.10497114062309265,0.10818937420845032,1.0432531910009577,0.10744360834360123,0.9520958083832335,20.717597253620625,0.1,159,0.23709788918495178,0.2,31,0.0,0.844373881816864,19,0.10578060150146484,25,0.10078811645507812,0.04019064711610554,21,0.002132014,28,-0.0036504583342320982,0.8421052631578947,1.0,1.0,0.9047619047619048,23,1.0,1e-05,3460,1.0
0.10601739585399628,0.1093122586607933,4931,0.10312343388795853,0.10569439828395844,0.10433538258075714,9437184,0.10621292144060135,1.6161616161616161,0.10333248227834702,0.1093122586607933,0.10860385745763779,0.1046871691942215,0.1064734011888504,710.5546875,0.10693053156137466,0.10603661090135574,0.10877249389886856,0.050505050505050504,1.4503838383838394,0.9444444444444444,0.10814923793077469,1913,982.63,0.1059190183877945,18,0.10084771364927292,0.10359590500593185,0.10084771364927292,0.10739273577928543,0.10832474380731583,0.0,0.10607433319091797,0.10411284118890762,72,0.10550215095281601,0.10522710531949997,0.10848214477300644,1.0349314095992088,0.10776759684085846,0.9494949494949495,20.659103074669837,0.1,94,0.24418635666370392,0.2,12,0.0,0.8383009433746338,18,0.10603711754083633,9,0.10477523803710938,0.04927731507632416,10,0.002222543,23,-0.0033208207545612823,0.8333333333333334,0.8888888888888888,1.0,1.0,9,1.0,1e-05,3470,1.0
0.1063600406050682,0.10947659611701965,4931,0.10317087173461914,0.10593634098768234,0.10455382615327835,9568256,0.10645291954278946,2.1,0.1036309152841568,0.10947659611701965,0.10890398174524307,0.10500380396842957,0.10667082667350769,717.2892456054688,0.10722866654396057,0.10614610463380814,0.10901441425085068,0.03125,1.436750000000001,1.0,0.10850032418966293,1940,982.81,0.10610909014940262,24,0.10103490203619003,0.10384465008974075,0.10103490203619003,0.1077018454670906,0.108688585460186,0.0,0.10628556460142136,0.10434697568416595,73,0.10570155829191208,0.10552788525819778,0.1087072417140007,0.9988227812215567,0.10798459500074387,0.96875,20.60061581581831,0.1,155,0.28178417682647705,0.2,19,0.0,0.786200761795044,31,0.10627929121255875,26,0.11160964965820312,0.0548075514510856,12,0.0022817152,28,-0.0033357081376379936,0.8387096774193549,1.0,1.0,1.0,20,1.0,1e-05,3480,1.0
0.10671421885490417,0.10972891747951508,4931,0.10339394211769104,0.1062077209353447,0.10488443076610565,9699328,0.10669559985399246,2.2641509433962264,0.10386545211076736,0.10972891747951508,0.10919996351003647,0.10521917045116425,0.10699830949306488,706.3792114257812,0.10756421834230423,0.10631610453128815,0.10921501368284225,0.04716981132075472,1.4256603773584917,0.75,0.10875897854566574,1966,967.81,0.10645972192287445,16,0.10118385404348373,0.10409928113222122,0.10118385404348373,0.10797490179538727,0.10900993645191193,0.0,0.10652263462543488,0.10461234301328659,74,0.1059584766626358,0.10575265437364578,0.10904008895158768,1.1271209108750126,0.10830401629209518,0.9528301886792453,20.53981911689043,0.1,101,0.23749716579914093,0.2,13,0.0,0.8120476007461548,17,0.10654719173908234,11,0.105133056640625,0.0471869763918221,11,0.0021609017,15,-0.003385268349211401,0.9411764705882353,1.0,1.0,1.0,23,1.0,1e-05,3490,1.0
0.10693240910768509,0.11010660976171494,4930,0.10360554605722427,0.10644936561584473,0.10509830713272095,9830400,0.10700826346874237,1.6956521739130435,0.10403955727815628,0.11010660976171494,0.10943344235420227,0.1054992526769638,0.10726354271173477,719.1012573242188,0.10769178718328476,0.10650233924388885,0.10945405066013336,0.037267080745341616,1.4499130434782619,0.9615384615384616,0.10899073630571365,1993,987.29,0.10679171979427338,26,0.10127189755439758,0.10456922650337219,0.10127189755439758,0.10812562704086304,0.1092938631772995,0.0,0.10668183863162994,0.10504695028066635,75,0.10610094666481018,0.10594313591718674,0.10926736891269684,0.9893128211826923,0.1084510087966919,0.9627329192546584,20.480916076898573,0.1,155,0.2931095361709595,0.2,23,0.0,0.7692509889602661,19,0.10678475350141525,15,0.10560302734375,0.048097247551049806,21,0.0022924156,34,-0.003107653579536418,0.7368421052631579,1.0,1.0,1.0,23,1.0,1e-05,3500,1.0
0.10711181163787842,0.11037064343690872,4930,0.10397818684577942,0.10673300921916962,0.10534588992595673,9961472,0.10732591152191162,2.0462962962962963,0.10426896065473557,0.11037064343690872,0.10968665033578873,0.10574085265398026,0.10758005082607269,715.5277099609375,0.1080428808927536,0.10675624012947083,0.10974069684743881,0.037037037037037035,1.4176111111111123,0.8333333333333334,0.10934390127658844,2020,982.46,0.10703875124454498,18,0.10132617503404617,0.1048501506447792,0.10132617503404617,0.10830991715192795,0.10946112126111984,0.0,0.10681996494531631,0.10524895787239075,76,0.106382355093956,0.10617610067129135,0.10947096347808838,0.9759327971881169,0.10884596407413483,0.9629629629629629,20.42413773983717,0.1,104,0.28764808177948,0.2,7,0.0,0.8008341193199158,21,0.10703824460506439,19,0.11488494873046876,0.06336034396590548,10,0.0022988727,21,-0.003291488726881653,0.9523809523809523,1.0,1.0,1.0,12,1.0,1e-05,3510,1.0
0.10733238607645035,0.1105915904045105,4929,0.10426699370145798,0.10699145495891571,0.1054772287607193,10092544,0.10769277811050415,1.8157894736842106,0.10448190569877625,0.1105915904045105,0.11004752665758133,0.10604136437177658,0.10782945901155472,719.9996948242188,0.1083577573299408,0.1069464385509491,0.1100098043680191,0.02631578947368421,1.445263157894738,0.9,0.10951133817434311,2047,991.2,0.10732286423444748,20,0.10147704929113388,0.10507229715585709,0.10147704929113388,0.10852174460887909,0.10969198495149612,0.0,0.10692178457975388,0.10546347498893738,77,0.1066407710313797,0.10644674301147461,0.10967399924993515,1.0154729920510301,0.10894779115915298,0.9736842105263158,20.36684076488018,0.1,148,0.22328707575798035,0.2,22,0.0,0.8313112258911133,23,0.10727033019065857,17,0.10027923583984374,0.04326898516228539,21,0.002147493,28,-0.0034451291970981402,0.9130434782608695,1.0,1.0,1.0,21,1.0,1e-05,3520,1.0
0.10757189244031906,0.11087780445814133,4929,0.10457074642181396,0.10730984807014465,0.10564172267913818,10223616,0.10795566439628601,1.7768595041322315,0.1048797070980072,0.11087780445814133,0.11024404317140579,0.10627884417772293,0.10812841355800629,720.1788330078125,0.10854508727788925,0.1070832908153534,0.11027508974075317,0.06611570247933884,1.4483636363636374,0.7916666666666666,0.10972454398870468,2073,985.28,0.10755062848329544,24,0.1016400083899498,0.10543309897184372,0.1016400083899498,0.10878115147352219,0.10989658534526825,0.0,0.10721173882484436,0.10570993274450302,78,0.10689815133810043,0.10676443576812744,0.10990569740533829,1.1241385389869627,0.10912112891674042,0.9338842975206612,20.31114396750927,0.1,113,0.23978830873966217,0.2,19,0.0,0.8487763404846191,21,0.1075199693441391,13,0.10286483764648438,0.03980058462038869,11,0.0021724752,22,-0.003491579086494312,0.9047619047619048,0.9230769230769231,1.0,1.0,11,1.0,1e-05,3530,1.0
0.10784576833248138,0.11106462776660919,4929,0.1048954427242279,0.10762684047222137,0.10581469535827637,10354688,0.10816621035337448,1.6666666666666667,0.10505227744579315,0.11106462776660919,0.11043375730514526,0.10655408352613449,0.1083894819021225,726.2086181640625,0.1086396649479866,0.10742159932851791,0.11066919565200806,0.02127659574468085,1.4515744680851073,0.8125,0.11002371460199356,2100,992.06,0.10792171955108643,16,0.10184828191995621,0.1057470291852951,0.10184828191995621,0.10893300920724869,0.11007846146821976,0.0,0.10756678879261017,0.10600122809410095,79,0.10720763355493546,0.10708792507648468,0.1100655347108841,0.984823987289867,0.10925780236721039,0.9787234042553191,20.253424133360387,0.1,138,0.2877466380596161,0.2,26,0.0,0.7309985160827637,12,0.10777250677347183,14,0.11892852783203126,0.08506080693477998,20,0.00237595,30,-0.0037718535320891535,1.0,1.0,1.0,1.0,23,1.0,1e-05,3540,1.0
0.10807601362466812,0.11121780425310135,4929,0.10516161471605301,0.10793543606996536,0.10594687610864639,10485760,0.1084841787815094,2.0155038759689923,0.10531122982501984,0.11121780425310135,0.11056846380233765,0.10680555552244186,0.10859742760658264,714.880615234375,0.10888424515724182,0.10763482004404068,0.11083956062793732,0.046511627906976744,1.4339224806201563,0.9375,0.11028522998094559,2127,981.6,0.10802533477544785,16,0.10204567015171051,0.10593242943286896,0.10204567015171051,0.10906882584095001,0.110236257314682,0.0,0.1077396497130394,0.10626141726970673,80,0.10745144635438919,0.10721711069345474,0.11030595749616623,1.0905401417632419,0.10942495614290237,0.9534883720930233,20.198621228337288,0.1,123,0.23411376774311066,0.2,17,0.0,0.8264657258987427,19,0.10797829180955887,24,0.09713134765625,0.035145623617427194,15,0.002077981,22,-0.0031073571803062806,0.8421052631578947,0.9166666666666666,1.0,1.0,16,1.0,1e-05,3550,1.0
0.10822001099586487,0.11154478788375854,4929,0.1055063009262085,0.10799026489257812,0.10631410032510757,10616832,0.10864678770303726,1.9185185185185185,0.10562192648649216,0.11154478788375854,0.1107475534081459,0.10710686445236206,0.10892036557197571,720.1265869140625,0.1091056764125824,0.10774046927690506,0.11111974716186523,0.02962962962962963,1.4454074074074084,0.8823529411764706,0.11066454648971558,2153,985.98,0.10827617347240448,17,0.10222886502742767,0.10606373846530914,0.10222886502742767,0.10936817526817322,0.11069637537002563,0.0,0.10790252685546875,0.10647835582494736,81,0.1075870469212532,0.10731557011604309,0.11070043593645096,1.0073695245862646,0.10963159054517746,0.9703703703703703,20.14748356193304,0.1,131,0.28148362040519714,0.2,18,0.0,0.7530195713043213,22,0.1082199290394783,19,0.11344375610351562,0.06067197816373664,16,0.0022949057,25,-0.0032022359078837325,0.9545454545454546,1.0,1.0,0.9375,18,1.0,1e-05,3560,1.0
0.10856413096189499,0.11188360303640366,4928,0.10565567016601562,0.10816840082406998,0.10657326132059097,10747904,0.10891961306333542,2.0232558139534884,0.10595796257257462,0.11188360303640366,0.11091592907905579,0.10734039545059204,0.10926426202058792,722.509765625,0.1093268021941185,0.10811351239681244,0.1113467812538147,0.06976744186046512,1.456077519379846,0.7647058823529411,0.11089091747999191,2180,988.4,0.10836128890514374,17,0.10237409174442291,0.10625108331441879,0.10237409174442291,0.10959725081920624,0.11092130094766617,0.0,0.10829772800207138,0.10679427534341812,82,0.10786322504281998,0.1075173020362854,0.1109222024679184,1.0435771642569835,0.10977141559123993,0.9302325581395349,20.091121503710745,0.1,120,0.2495235800743103,0.2,10,0.0,0.7762688994407654,19,0.10846369713544846,21,0.11176681518554688,0.0478742327875807,18,0.002260252,24,-0.0032745481468737124,0.8421052631578947,0.9523809523809523,1.0,0.9444444444444444,20,1.0,1e-05,3570,1.0
0.10870058089494705,0.11189008504152298,4928,0.1057315468788147,0.1084570586681366,0.10675496608018875,10878976,0.1092163696885109,1.8920863309352518,0.10622970759868622,0.11189008504152298,0.11116474121809006,0.10754121840000153,0.10946600139141083,719.4392700195312,0.10969650745391846,0.10837436467409134,0.11160358041524887,0.050359712230215826,1.442820143884893,0.7916666666666666,0.1110905259847641,2207,979.15,0.10856310278177261,24,0.10263171792030334,0.10648269206285477,0.10263171792030334,0.10984867811203003,0.11129391938447952,0.0,0.10859393328428268,0.10703618079423904,83,0.10815545171499252,0.1076592281460762,0.11116688698530197,0.9797261936265711,0.11014635860919952,0.9496402877697842,20.03641863167286,0.1,132,0.2464364916086197,0.2,17,0.0,0.8441473245620728,16,0.10869981348514557,16,0.11079559326171876,0.06494182961032494,20,0.002358632,24,-0.003606252349072747,0.9375,0.9375,1.0,1.0,22,1.0,1e-05,3580,1.0
0.10904040187597275,0.11215725541114807,4928,0.10604097694158554,0.108894944190979,0.10715784877538681,11010048,0.10941071063280106,1.5,0.1064644455909729,0.11215725541114807,0.11153069138526917,0.10787110030651093,0.10979277640581131,731.0072021484375,0.11001723259687424,0.108627550303936,0.1119886189699173,0.03289473684210526,1.4533552631578959,0.8461538461538461,0.11148592084646225,2233,995.96,0.10867951065301895,13,0.10278385877609253,0.10674948990345001,0.10278385877609253,0.11012107133865356,0.11151976138353348,0.0,0.10872919112443924,0.10735403746366501,84,0.10841621458530426,0.10801655799150467,0.11131163686513901,1.0245215738606301,0.11045274883508682,0.9671052631578947,19.97611180394888,0.1,147,0.24787794053554535,0.2,23,0.0,0.7813276648521423,20,0.1089845821261406,22,0.11138381958007812,0.06438777292933082,27,0.002294916,34,-0.0033770809870475203,0.85,1.0,1.0,1.0,13,1.0,1e-05,3590,1.0
0.10934004187583923,0.1124882772564888,4928,0.10624959319829941,0.10916507989168167,0.1073826476931572,11141120,0.10959780216217041,1.6846846846846846,0.10667029023170471,0.1124882772564888,0.11190969496965408,0.1082107350230217,0.11005694419145584,714.7625122070312,0.11039038002490997,0.10899806767702103,0.11236302554607391,0.02702702702702703,1.4496576576576587,0.9411764705882353,0.11176643520593643,2260,979.98,0.10882509499788284,17,0.10296571254730225,0.10702291131019592,0.10296571254730225,0.1104278638958931,0.11164265125989914,0.0,0.10901092737913132,0.10758388787508011,85,0.10866432636976242,0.1082870215177536,0.11160240322351456,0.9464606452090337,0.1108582466840744,0.972972972972973,19.91232984364033,0.1,108,0.23499438166618347,0.2,12,0.0,0.797735333442688,15,0.10925920307636261,14,0.112127685546875,0.05316460577596445,15,0.0023530477,25,-0.0032940774478447564,0.9333333333333333,1.0,1.0,0.9333333333333333,13,1.0,1e-05,3600,1.0
0.10956117510795593,0.11286421120166779,4928,0.10661585628986359,0.10944533348083496,0.1074584573507309,11272192,0.10983511060476303,1.86,0.10690566897392273,0.11286421120166779,0.1121225506067276,0.10848770290613174,0.11028026789426804,716.7603149414062,0.11060274392366409,0.10923983156681061,0.11254281550645828,0.03333333333333333,1.4461466666666676,0.8695652173913043,0.11207117885351181,2287,978.86,0.10897433757781982,23,0.10299227386713028,0.10730692744255066,0.10299227386713028,0.11076878756284714,0.11172188818454742,0.0,0.1091996282339096,0.10775590687990189,86,0.1088445857167244,0.10852011293172836,0.11181192845106125,0.9989124738690133,0.11112107336521149,0.9666666666666667,19.855677309632302,0.1,145,0.24076253175735474,0.2,17,0.0,0.7842462658882141,22,0.10948202013969421,22,0.10421600341796874,0.04169136644341052,20,0.0022061695,28,-0.0033861197296573666,0.9090909090909091,1.0,1.0,1.0,18,1.0,1e-05,3610,1.0
0.10994064062833786,0.11311335116624832,4928,0.10687419772148132,0.10971774905920029,0.10768821835517883,11403264,0.1100866049528122,1.6916666666666667,0.10740387439727783,0.11311335116624832,0.11238992214202881,0.10863808542490005,0.11049868911504745,707.3939208984375,0.11082230508327484,0.10953035205602646,0.11286257207393646,0.06666666666666667,1.4496000000000009,0.75,0.11222284287214279,2313,964.21,0.10910364240407944,16,0.10316231101751328,0.10764238983392715,0.10316231101751328,0.11117223650217056,0.11199671775102615,0.0,0.10951808094978333,0.1080583855509758,87,0.10906260460615158,0.10873346775770187,0.11204548180103302,1.026920326072851,0.1113562360405922,0.9333333333333333,19.799965690076352,0.1,112,0.25284671783447266,0.2,15,0.0,0.7738996744155884,17,0.10974563658237457,17,0.10794448852539062,0.05406163783845841,14,0.0022463705,28,-0.0034441045073435816,0.7647058823529411,1.0,1.0,1.0,13,1.0,1e-05,3620,1.0
0.11010842025279999,0.11346244812011719,4927,0.10718490928411484,0.11017046868801117,0.10803747177124023,11534336,0.11024939268827438,1.8513513513513513,0.10780289024114609,0.11346244812011719,0.11272087693214417,0.10886285454034805,0.1108260303735733,726.0730590820312,0.11112292855978012,0.10991986095905304,0.11315051466226578,0.02702702702702703,1.4441891891891905,0.8095238095238095,0.11245907098054886,2340,988.1,0.10940036177635193,21,0.10345719009637833,0.10783807933330536,0.10345719009637833,0.1113884225487709,0.11223779618740082,0.0,0.1097407191991806,0.10823673754930496,88,0.10928305238485336,0.10911788046360016,0.11226332932710648,0.9913940302387256,0.11166205257177353,0.972972972972973,19.73795611411333,0.1,144,0.26296937465667725,0.2,20,0.0,0.8440204858779907,22,0.11002814769744873,21,0.11150131225585938,0.06355760720325634,18,0.0022990184,28,-0.0034502391290516243,1.0,1.0,1.0,1.0,18,1.0,1e-05,3630,1.0
0.11041472852230072,0.11360014230012894,4927,0.10754093527793884,0.1105562150478363,0.10822246968746185,11665408,0.11065122485160828,1.4833333333333334,0.1079544797539711,0.11360014230012894,0.11286195367574692,0.10930626094341278,0.11109839379787445,727.2382202148438,0.11148198693990707,0.11003270745277405,0.11346650123596191,0.041666666666666664,1.439900000000001,0.7333333333333333,0.11269409209489822,2367,987.39,0.10957060009241104,15,0.10364383459091187,0.10796923190355301,0.10364383459091187,0.11177634447813034,0.11233881115913391,0.0,0.10991909354925156,0.10853998363018036,89,0.10942782461643219,0.10927595943212509,0.11242234706878662,0.9491850679346412,0.11202237010002136,0.9583333333333334,19.67781744748354,0.1,115,0.25710633397102356,0.2,24,0.0,0.8124778866767883,9,0.11027153581380844,15,0.10802536010742188,0.05170372153370408,16,0.002311765,28,-0.0035779479312623153,0.8888888888888888,1.0,1.0,1.0,13,1.0,1e-05,3640,1.0
0.1107712909579277,0.11392703652381897,4927,0.10778535902500153,0.11090588569641113,0.1084367111325264,11796480,0.11092103272676468,1.8482758620689654,0.1079874113202095,0.11392703652381897,0.11324513703584671,0.1096034124493599,0.11150360107421875,733.1994018554688,0.11171820759773254,0.1103857010602951,0.11367372423410416,0.04827586206896552,1.4652275862068975,0.8947368421052632,0.11286644637584686,2394,987.38,0.10988350957632065,19,0.10396198183298111,0.10819680243730545,0.10396198183298111,0.11212452501058578,0.11265921592712402,0.0,0.11020319908857346,0.10874241590499878,90,0.1096852719783783,0.10960107296705246,0.11262105405330658,1.0269700055484012,0.11228809505701065,0.9517241379310345,19.619153389334677,0.1,138,0.23906974494457245,0.2,17,0.0,0.7972781658172607,18,0.11054792255163193,20,0.09689712524414062,0.050772694922488884,24,0.0021583382,26,-0.0032217811563896247,0.8888888888888888,0.95,1.0,0.9166666666666666,21,1.0,1e-05,3650,1.0
0.11107556521892548,0.11416636407375336,4927,0.10821155458688736,0.11122719943523407,0.10872354358434677,11927552,0.11127913743257523,1.8818897637795275,0.108148492872715,0.11416636407375336,0.11351626366376877,0.11006862670183182,0.11182621866464615,713.2867431640625,0.11189478635787964,0.11065585911273956,0.11412400007247925,0.07086614173228346,1.4431181102362214,0.7647058823529411,0.11307011544704437,2420,971.74,0.11020604521036148,17,0.10410365462303162,0.10850612074136734,0.10410365462303162,0.11237604171037674,0.1129026785492897,0.0,0.11049185693264008,0.10897611081600189,91,0.11000152677297592,0.10978864133358002,0.11289925128221512,1.0294537943178552,0.11270072311162949,0.9291338582677166,19.554758152365686,0.1,118,0.24409368634223938,0.2,14,0.0,0.8206965923309326,24,0.11083760857582092,12,0.11060562133789062,0.05880496067693457,17,0.002293263,24,-0.0037692425757086313,0.8333333333333334,1.0,1.0,0.9411764705882353,19,1.0,1e-05,3660,1.0
0.11117713898420334,0.11447004228830338,4926,0.10856424272060394,0.1115230917930603,0.10907343029975891,12058624,0.11171259731054306,2.179856115107914,0.10833386331796646,0.11444584280252457,0.11389998346567154,0.11030206084251404,0.11201900988817215,723.9940795898438,0.11207510530948639,0.11086492985486984,0.11447004228830338,0.04316546762589928,1.4513812949640297,0.8333333333333334,0.1133236214518547,2447,980.0,0.1104043573141098,18,0.10429532080888748,0.10889820754528046,0.10429532080888748,0.11267541348934174,0.11329244822263718,0.0,0.11084708571434021,0.1092202216386795,92,0.11026414483785629,0.11007083207368851,0.11316462606191635,1.0858085130698594,0.11315895617008209,0.9568345323741008,19.490695394575596,0.1,133,0.25984686613082886,0.2,18,0.0,0.8106091022491455,16,0.11112306267023087,23,0.108184814453125,0.06802113694720902,17,0.0022974592,21,-0.0038853437505167675,0.8125,1.0,1.0,1.0,26,1.0,1e-05,3670,1.0
0.11147130280733109,0.11467981338500977,4926,0.10878802835941315,0.1118440106511116,0.10906929522752762,12189696,0.11195896565914154,1.828125,0.10853874683380127,0.11467981338500977,0.114148810505867,0.11057331413030624,0.11233197897672653,721.419921875,0.11232683807611465,0.1111653745174408,0.11463867872953415,0.0390625,1.473093750000001,0.8666666666666667,0.11374155431985855,2474,976.9,0.11072548478841782,15,0.10433167219161987,0.10904107987880707,0.10433167219161987,0.11295396089553833,0.11355064809322357,0.0,0.11125218123197556,0.1094275638461113,93,0.11054150760173798,0.11024028062820435,0.11332378536462784,1.0596568864563052,0.1135156974196434,0.9609375,19.430991715192796,0.1,123,0.21574494242668152,0.2,20,0.0,0.785179615020752,21,0.11136722564697266,19,0.11042251586914062,0.053056336771987844,20,0.0022763861,20,-0.0032008917153689255,0.8571428571428571,1.0,1.0,1.0,13,1.0,1e-05,3680,1.0
0.11176232993602753,0.11499859392642975,4926,0.10911673307418823,0.11209927499294281,0.10941324383020401,12320768,0.11226031184196472,1.8345323741007193,0.1089075356721878,0.11499859392642975,0.11434650421142578,0.11084333807229996,0.11257746070623398,741.1741943359375,0.11257193237543106,0.11135034263134003,0.11495166271924973,0.03597122302158273,1.4595827338129508,0.8421052631578947,0.11396235227584839,2501,999.02,0.11107524484395981,19,0.10450968891382217,0.10935685783624649,0.10450968891382217,0.11318130046129227,0.11378413438796997,0.0,0.11144351214170456,0.10963124781847,94,0.11074940115213394,0.11048638075590134,0.11371894180774689,1.0972949710700137,0.11360564082860947,0.9640287769784173,19.374818727374077,0.1,134,0.2947973608970642,0.2,22,0.0,0.763775646686554,20,0.11162815988063812,18,0.10705184936523438,0.06158929171360796,21,0.002288753,22,-0.0033636273721640462,0.9,1.0,1.0,1.0,17,1.0,1e-05,3690,1.0
0.11208668351173401,0.11539249122142792,4926,0.10942091792821884,0.11223017424345016,0.10967213660478592,12451840,0.11239490658044815,2.0080645161290325,0.10918804258108139,0.11539249122142792,0.11456082761287689,0.11115085333585739,0.11299259215593338,723.5452270507812,0.11270551383495331,0.11166971921920776,0.11507577449083328,0.04032258064516129,1.4399032258064528,1.0,0.11431647837162018,2527,978.66,0.11132405698299408,15,0.10468222945928574,0.10970054566860199,0.10468222945928574,0.11343766748905182,0.11409107595682144,0.0,0.11181537061929703,0.10974935442209244,95,0.1109449714422226,0.11069473624229431,0.11403701454401016,1.161299035033852,0.1137741357088089,0.9596774193548387,19.31606313586235,0.1,119,0.25157666206359863,0.2,20,0.0,0.8011897802352905,21,0.11188432574272156,12,0.10108795166015624,0.04757280680569238,18,0.00213019,17,-0.003238413776671223,0.7619047619047619,1.0,1.0,1.0,21,1.0,1e-05,3700,1.0
0.11235474050045013,0.1157832145690918,4925,0.10970375686883926,0.11264600604772568,0.1099293977022171,12582912,0.11270599812269211,1.7066666666666668,0.10946216434240341,0.1157832145690918,0.1149672344326973,0.11137556284666061,0.11330797523260117,715.7987670898438,0.11299824714660645,0.11189507693052292,0.11543618887662888,0.06,1.4751466666666677,0.8571428571428571,0.114576555788517,2554,967.2,0.11175140738487244,21,0.10481811314821243,0.10978521406650543,0.10481811314821243,0.11364682018756866,0.11449190229177475,0.0,0.11196304857730865,0.11007778346538544,96,0.11108149588108063,0.11087875813245773,0.11436038464307785,1.0174327734367543,0.11394311487674713,0.94,19.257068486511706,0.1,141,0.22220933437347412,0.2,25,0.0,0.8237724304199219,24,0.11215761303901672,15,0.10749893188476563,0.04844708125601756,14,0.0022655954,33,-0.0030511224150814088,0.8333333333333334,0.8666666666666667,1.0,1.0,18,1.0,1e-05,3710,1.0
0.11274082213640213,0.11611282080411911,4926,0.1098877340555191,0.11278298497200012,0.1102646216750145,12713984,0.1131170392036438,1.9487179487179487,0.1097378134727478,0.11611282080411911,0.11531282216310501,0.11169242858886719,0.11367911845445633,721.6238403320312,0.11331826448440552,0.1122005507349968,0.11579279601573944,0.05128205128205128,1.4607179487179502,0.7647058823529411,0.1149839535355568,2580,976.21,0.11215129494667053,17,0.10505308955907822,0.1102079525589943,0.10505308955907822,0.11406996846199036,0.11484860628843307,0.0,0.11226357519626617,0.11032812297344208,97,0.11125367134809494,0.11114981025457382,0.11473040282726288,1.0087397800283675,0.11426317691802979,0.9487179487179487,19.19102124720812,0.1,111,0.2458147406578064,0.2,9,0.0,0.7795683741569519,17,0.11247774213552475,19,0.12596435546875,0.09995760782185244,17,0.0025328072,22,-0.003487155362017802,0.8823529411764706,1.0,1.0,1.0,16,1.0,1e-05,3720,1.0
0.11307325214147568,0.1162818893790245,4925,0.11001373827457428,0.11301778256893158,0.11062613874673843,12845056,0.113394595682621,2.0884353741496597,0.10984642803668976,0.1162818893790245,0.11562343686819077,0.11186718195676804,0.11408436298370361,742.3211059570312,0.1135183721780777,0.11253556609153748,0.11615291237831116,0.02040816326530612,1.4502721088435389,1.0,0.11517088115215302,2607,999.68,0.11242026090621948,15,0.10517381131649017,0.11055655032396317,0.10517381131649017,0.11440955102443695,0.11503015458583832,0.0,0.1125345528125763,0.11063821613788605,98,0.11146176606416702,0.11141000688076019,0.11502248048782349,1.0994054703547944,0.11457032710313797,0.9795918367346939,19.127260676026346,0.1,144,0.25080224871635437,0.2,20,0.0,0.8378663063049316,28,0.11273736506700516,24,0.10863113403320312,0.05875244610579102,17,0.0022153854,23,-0.0032511500358850753,0.8928571428571429,1.0,1.0,1.0,20,1.0,1e-05,3730,1.0
0.11340749263763428,0.11654261499643326,4925,0.11005314439535141,0.11319983750581741,0.11091411113739014,12976128,0.11348958313465118,1.7203389830508475,0.11015292257070541,0.11654261499643326,0.11591369658708572,0.11203084141016006,0.11429602652788162,729.2413940429688,0.11378666758537292,0.11276031285524368,0.1164403036236763,0.0423728813559322,1.4681864406779674,1.0,0.11540862172842026,2634,975.79,0.1124914139509201,16,0.10540241748094559,0.11069425940513611,0.10540241748094559,0.11469479650259018,0.11511171609163284,0.0,0.11274931579828262,0.11084523797035217,99,0.11176585406064987,0.11157085746526718,0.11515802890062332,0.8177278885218461,0.11477771401405334,0.9576271186440678,19.074625273048877,0.1,113,0.21612349152565002,0.2,12,0.0,0.8108411431312561,16,0.11294631659984589,17,0.10686798095703125,0.03550032730927342,10,0.0021805207,32,-0.0034783440436513048,0.75,1.0,1.0,0.9,15,1.0,1e-05,3740,1.0
0.11358527094125748,0.11692513525485992,4925,0.11018162965774536,0.11339797079563141,0.11132092773914337,13107200,0.11377863585948944,1.7181208053691275,0.11036317050457001,0.11692513525485992,0.11620315909385681,0.11214599013328552,0.11458652466535568,726.15771484375,0.11399580538272858,0.11306286603212357,0.11662431806325912,0.040268456375838924,1.4536510067114106,0.9259259259259259,0.11568713188171387,2661,980.31,0.11276117712259293,27,0.10553012788295746,0.11089622974395752,0.10553012788295746,0.11485076695680618,0.11535274982452393,0.0,0.11310692876577377,0.11089755594730377,100,0.11212658137083054,0.11187003552913666,0.11540999263525009,1.050495488874411,0.1150301843881607,0.959731543624161,19.025572061538696,0.1,143,0.24059312045574188,0.2,15,0.0,0.8157070875167847,14,0.11318763345479965,28,0.10935287475585938,0.04888095064961817,26,0.0023202123,27,-0.00338456551935451,0.8571428571428571,0.9642857142857143,1.0,0.9615384615384616,12,1.0,1e-05,3750,1.0
0.11393176019191742,0.1172470822930336,4925,0.11039496213197708,0.11374364048242569,0.11157353967428207,13238272,0.1141124814748764,1.5508474576271187,0.11061190068721771,0.1172470822930336,0.11641698330640793,0.11247135698795319,0.11501016467809677,724.5694580078125,0.1142476424574852,0.11339808255434036,0.11704922467470169,0.059322033898305086,1.4609830508474586,0.9130434782608695,0.1159479171037674,2687,973.54,0.11315426230430603,23,0.10581265389919281,0.11104452610015869,0.10581265389919281,0.11498667299747467,0.11566706001758575,0.0,0.113394595682621,0.11105409264564514,101,0.11243133246898651,0.11204025149345398,0.11560121923685074,1.0890469516489127,0.1151704415678978,0.940677966101695,18.969172728061675,0.1,111,0.36732518672943115,0.2,19,0.0,0.7577261924743652,14,0.11346055567264557,15,0.10545501708984376,0.06959447201734292,15,0.0022039472,24,-0.003420367627131782,0.7857142857142857,0.9333333333333333,1.0,0.9333333333333333,8,1.0,1e-05,3760,1.0
0.1142081543803215,0.11742380261421204,4924,0.11070547252893448,0.11402491480112076,0.1118999570608139,13369344,0.11446782946586609,1.8079470198675496,0.11081522703170776,0.11742038279771805,0.11677767336368561,0.1126275360584259,0.11529266834259033,736.1796264648438,0.11457525193691254,0.11357671022415161,0.11742380261421204,0.059602649006622516,1.4381456953642393,0.9583333333333334,0.11618564277887344,2714,990.0,0.11335612833499908,24,0.10612504929304123,0.11140384525060654,0.10612504929304123,0.11526235193014145,0.11615241318941116,0.0,0.11371024698019028,0.11132477223873138,102,0.11283870786428452,0.11231942474842072,0.11585556715726852,0.9693692608013753,0.11537186056375504,0.9403973509933775,18.907002978026867,0.1,142,0.24417459964752197,0.2,17,0.0,0.7489317655563354,18,0.11374885588884354,21,0.11100845336914063,0.075226267776452,15,0.002336036,35,-0.0034949477103509707,0.6666666666666666,0.9523809523809523,1.0,0.9333333333333333,21,1.0,1e-05,3770,1.0
0.11451216042041779,0.11781865358352661,4924,0.11110962182283401,0.11439134180545807,0.11221026629209518,13500416,0.11496791988611221,1.7868852459016393,0.11117354035377502,0.11781865358352661,0.11699046939611435,0.11297683417797089,0.11551878601312637,710.1476440429688,0.11503859609365463,0.11385858058929443,0.11771997809410095,0.09016393442622951,1.476672131147542,0.72,0.11654722690582275,2741,954.54,0.11354125291109085,25,0.10625234991312027,0.1116233766078949,0.10625234991312027,0.11543501168489456,0.1164306178689003,0.0,0.1138618066906929,0.1116548627614975,103,0.11299730092287064,0.11261842399835587,0.11602113395929337,1.0452939118437692,0.11561062186956406,0.9098360655737705,18.843705542385578,0.1,111,0.23753304779529572,0.2,21,0.0,0.7948542237281799,9,0.1140352189540863,18,0.11623611450195312,0.07871880361635704,13,0.0023786565,22,-0.0032409974803158546,0.7777777777777778,1.0,1.0,0.8461538461538461,14,1.0,1e-05,3780,1.0
0.11476963758468628,0.11805399507284164,4924,0.11151865124702454,0.11468049883842468,0.11242436617612839,13631488,0.11514430493116379,1.8918918918918919,0.1114431843161583,0.11805399507284164,0.11714934557676315,0.1134205237030983,0.11570028960704803,747.2505493164062,0.11528271436691284,0.11422182619571686,0.11802943050861359,0.013513513513513514,1.4669864864864874,0.9444444444444444,0.1169048473238945,2768,999.82,0.11384373158216476,18,0.10631506890058517,0.11182907223701477,0.10631506890058517,0.11584939807653427,0.11681070178747177,0.0,0.11410786211490631,0.11194263398647308,104,0.11338113248348236,0.11302459985017776,0.11622404307126999,1.0405332225494803,0.11595857888460159,0.9864864864864865,18.781573800742628,0.1,146,0.27238452434539795,0.2,23,0.0,0.7398679256439209,18,0.11432121694087982,18,0.1206573486328125,0.10396244910516543,22,0.0024600546,25,-0.003459190706416848,0.9444444444444444,1.0,1.0,1.0,24,1.0,1e-05,3790,1.0
0.11490059643983841,0.11830569803714752,4924,0.11170263588428497,0.11493201553821564,0.11270981281995773,13762560,0.1154085323214531,1.7241379310344827,0.11164088547229767,0.11828792840242386,0.11728603392839432,0.11362086981534958,0.1158454567193985,734.4286499023438,0.11539530009031296,0.11454141139984131,0.11830569803714752,0.02586206896551724,1.4664655172413803,0.9333333333333333,0.1171322762966156,2794,986.21,0.11386438459157944,15,0.1063779667019844,0.1120261698961258,0.1063779667019844,0.11620315909385681,0.11714630573987961,0.0,0.11431020498275757,0.11218244582414627,105,0.11362674832344055,0.1131911426782608,0.11639799922704697,0.9558875234295761,0.11633540689945221,0.9741379310344828,18.726393842697142,0.1,113,0.20653721690177917,0.2,10,0.0,0.8221800923347473,18,0.11453485488891602,11,0.10128860473632813,0.032187627875100586,16,0.0021560467,28,-0.00330547214634862,0.8888888888888888,1.0,1.0,1.0,18,1.0,1e-05,3800,1.0
0.11513806879520416,0.11875037848949432,4923,0.11186424642801285,0.115167997777462,0.11287441104650497,13893632,0.11580990999937057,1.8235294117647058,0.11189568787813187,0.11852695047855377,0.11750227212905884,0.11385466158390045,0.11627862602472305,728.1329956054688,0.11567657440900803,0.11466196179389954,0.11875037848949432,0.0392156862745098,1.4722483660130732,0.75,0.11752362549304962,2821,973.43,0.11414358764886856,12,0.10652380436658859,0.11216337978839874,0.10652380436658859,0.11639996618032455,0.1173706203699112,0.0,0.11464779824018478,0.11223313957452774,106,0.11382681876420975,0.11340262740850449,0.11669067293405533,1.0160073782895103,0.11654094606637955,0.9607843137254902,18.676575464010238,0.1,147,0.23819172382354736,0.2,27,0.0,0.6700030565261841,21,0.11477874219417572,21,0.10509872436523438,0.053617083500284934,15,0.002226781,34,-0.002919582788126718,0.8571428571428571,1.0,1.0,1.0,23,1.0,1e-05,3810,1.0
0.11530045419931412,0.11908414214849472,4923,0.1120792031288147,0.11531702429056168,0.11313784122467041,14024704,0.11605281382799149,1.923728813559322,0.11231637001037598,0.11877679824829102,0.11792372912168503,0.11420393735170364,0.1166679784655571,723.4744262695312,0.11589191854000092,0.11479292809963226,0.11908414214849472,0.0847457627118644,1.4513050847457636,0.8333333333333334,0.11773312091827393,2848,970.75,0.11439570039510727,24,0.10669651627540588,0.11238332837820053,0.10669651627540588,0.11670216917991638,0.11772700399160385,0.0,0.11503065377473831,0.11255795508623123,107,0.11409401148557663,0.11373895406723022,0.1168898195028305,1.1073558624541542,0.11683741211891174,0.9152542372881356,18.620803797245024,0.1,108,0.28621533513069153,0.2,16,0.0,0.7300190925598145,17,0.11505326628684998,19,0.113372802734375,0.07653713268155116,12,0.0023213988,19,-0.0032131871224009958,0.7058823529411765,0.9473684210526315,1.0,1.0,11,1.0,1e-05,3820,1.0
