rollout/is_timeout_mean,train/action_std_05,time/total_timesteps,train/action_std_04,train/action_std_07,train/action_std_09,rollout/is_fall_mean,train/action_std_15,train/action_std_08,train/action_std_21,train/action_std_00,train/action_std_02,time/time_elapsed,train/action_std_13,rollout/ep_rew_mean,rollout/episodes_noforce,time/iterations,train/action_std_12,train/action_std_11,train/action_std_18,time/fps,train/action_std_19,train/action_std_17,rollout/force_onset_mean,rollout/force_requested_impulse_mean,train/action_std_06,rollout/ep_len_mean,train/action_std_10,rollout/force_direction_mean,rollout/recovery_noforce,train/std_max,train/action_std_01,train/std_min,rollout/action_saturation_fraction,train/action_std_03,train/action_std_20,train/action_std_14,train/action_std_16,train/action_std_23,train/action_std_22,train/action_std_24,train/policy_gradient_loss,train/entropy_loss,train/value_loss,train/explained_variance,train/learning_rate,rollout/timeout_without_onset_fraction,train/clip_fraction,train/loss,train/approx_kl,train/clip_range_vf,train/n_updates,train/std,train/clip_range,rollout/timeouts
0.0,0.04999999701976776,131072,0.04999999701976776,0.04999999701976776,0.04999999701976776,1.0,0.04999999701976776,0.04999999701976776,0.04999999701976776,0.04999999701976776,0.04999999701976776,10,0.04999999701976776,239.99180603027344,11,1,0.04999999701976776,0.04999999701976776,0.04999999701976776,12712,0.04999999701976776,0.04999999701976776,1.360181818181819,0.0,0.04999999701976776,369.8181818181818,0.04999999701976776,-1.0,0.0,0.04999999701976776,0.04999999701976776,0.04999999701976776,0.0,0.04999999701976776,0.04999999701976776,0.04999999701976776,0.04999999701976776,0.04999999701976776,0.04999999701976776,0.04999999701976776,,,,,,,,,,,,,,
0.8947368421052632,0.05007144436240196,262144,0.05006372183561325,0.05009496584534645,0.05007221922278404,0.10526315789473684,0.05006652697920799,0.050022926181554794,0.05004996061325073,0.050109777599573135,0.050112515687942505,28,0.0501115582883358,681.6072387695312,247,2,0.05009810999035835,0.05015639588236809,0.05002422630786896,9156,0.050092171877622604,0.05011863261461258,1.4059919028340089,0.0,0.050050508230924606,1000.0,0.050092913210392,-1.0,0.8947368421052632,0.05015639588236809,0.0500686876475811,0.050022926181554794,0.0,0.05009442940354347,0.050075776875019073,0.050108835101127625,0.05009899288415909,0.05010780692100525,0.05012298375368118,0.05010354518890381,-0.0026209118464066705,39.39520862400532,2.9275251721031963,-0.17075347900390625,1e-05,0.0,0.13471908569335939,3.8451013565063477,0.002579355,0.2,10,0.0500875860452652,0.1,221
0.375,0.05024479702115059,393216,0.0501328781247139,0.05020533874630928,0.05020156875252724,0.625,0.050172530114650726,0.05013960972428322,0.05016116797924042,0.05023202672600746,0.05019824206829071,46,0.05014855042099953,617.7135620117188,24,3,0.05020332708954811,0.05022704601287842,0.05009648576378822,8540,0.0502035915851593,0.050160400569438934,1.4140833333333342,0.0,0.05017755180597305,910.35,0.05017395317554474,-1.0,0.375,0.05024479702115059,0.05015096440911293,0.05009648576378822,0.0,0.050166644155979156,0.05015328526496887,0.050203412771224976,0.05018940940499306,0.05023250728845596,0.05023692548274994,0.05021527409553528,-0.0020395364319028887,39.34810248613358,1.4113320065662265,-0.9896494150161743,1e-05,0.0,0.10808486938476562,1.8030539751052856,0.0021889023,0.2,20,0.050185106694698334,0.1,9
0.9148936170212766,0.05033828690648079,524288,0.05020744726061821,0.050278838723897934,0.05031810328364372,0.0851063829787234,0.05025428533554077,0.05024365708231926,0.050225477665662766,0.05032196640968323,0.05032047629356384,64,0.05023093894124031,684.476318359375,235,4,0.05028338357806206,0.050274524837732315,0.050239693373441696,8167,0.050308432430028915,0.050271011888980865,1.3966382978723415,0.0,0.05030667036771774,993.01,0.050278373062610626,-1.0,0.9148936170212766,0.05033828690648079,0.050269000232219696,0.05020744726061821,0.0,0.050236087292432785,0.05021345615386963,0.05029068514704704,0.050216998904943466,0.05028096213936806,0.050328146666288376,0.05027411878108978,-0.0019329294244016637,39.30260028541088,1.4470626298338174,-1.7257709503173828,1e-05,0.0,0.11157150268554687,1.7518606185913086,0.0022376569,0.2,30,0.05027243494987488,0.1,215
0.6666666666666666,0.050393931567668915,655360,0.05026433616876602,0.05040360242128372,0.050448063760995865,0.3333333333333333,0.05036938935518265,0.050320275127887726,0.05024363473057747,0.050453271716833115,0.050426334142684937,81,0.05031673610210419,630.7689208984375,36,5,0.05032426863908768,0.05034566670656204,0.05032280460000038,8046,0.05036906525492668,0.050347454845905304,1.370777777777779,0.0,0.0503687784075737,923.17,0.050353266298770905,-1.0,0.6666666666666666,0.050453271716833115,0.050304561853408813,0.05024363473057747,0.0,0.05037548020482063,0.05037341266870499,0.05035146325826645,0.050308290868997574,0.05039418488740921,0.05040794238448143,0.05036187544465065,-0.002007918886238258,39.25999578535557,1.4627179991453887,-1.022404670715332,1e-05,0.0,0.11060256958007812,1.8089762926101685,0.0022310596,0.2,40,0.05035792291164398,0.1,24
0.9099099099099099,0.050472088158130646,786432,0.05043904483318329,0.050506070256233215,0.05058102309703827,0.09009009009009009,0.050427522510290146,0.05040987581014633,0.05028994381427765,0.05050085484981537,0.05053790658712387,99,0.05042598396539688,682.38916015625,222,6,0.05041583999991417,0.05044183507561684,0.050412099808454514,7906,0.05045805871486664,0.05043116584420204,1.3869369369369378,0.0,0.050444167107343674,1000.0,0.05036601796746254,-1.0,0.9099099099099099,0.05058102309703827,0.05037510767579079,0.05028994381427765,0.0,0.050469573587179184,0.05048085004091263,0.050446439534425735,0.050393860787153244,0.05052388459444046,0.050507575273513794,0.05044582486152649,-0.002017878778588056,39.21588306427002,1.3922697755508124,-1.0730717182159424,1e-05,0.0,0.10853805541992187,1.810719609260559,0.0021882053,0.2,50,0.05044810473918915,0.1,202
0.7659574468085106,0.05056597664952278,917504,0.05053611099720001,0.0506606325507164,0.05068390071392059,0.23404255319148937,0.050506237894296646,0.05056662857532501,0.050385378301143646,0.05060509964823723,0.050632160156965256,116,0.05056150257587433,641.09716796875,47,7,0.05054572597146034,0.05062081292271614,0.05054963007569313,7872,0.05052172765135765,0.050545088946819305,1.4305957446808522,0.0,0.05054783448576927,943.2,0.050481535494327545,-1.0,0.7659574468085106,0.05068390071392059,0.05051000788807869,0.050385378301143646,0.0,0.050555285066366196,0.05055893585085869,0.05049009248614311,0.050435397773981094,0.050587017089128494,0.05055927485227585,0.05054411292076111,-0.002145145402664639,39.16790094971657,1.3407992624677718,-0.7422137260437012,1e-05,0.0,0.1091888427734375,1.747525691986084,0.0021716894,0.2,60,0.05055024102330208,0.1,36
0.9166666666666666,0.050643157213926315,1048576,0.0506061390042305,0.05075894668698311,0.050816018134355545,0.08333333333333333,0.05053318291902542,0.050665680319070816,0.05049616098403931,0.050709862262010574,0.05067712068557739,134,0.05065380781888962,677.8621215820312,216,8,0.050571508705616,0.05074232444167137,0.05064164847135544,7798,0.05058290436863899,0.05062427744269371,1.4076481481481493,0.0,0.05069892108440399,992.89,0.05052223429083824,-1.0,0.9166666666666666,0.050816018134355545,0.050591275095939636,0.050480958074331284,0.0,0.050709571689367294,0.05057937279343605,0.05053666606545448,0.050480958074331284,0.050633352249860764,0.05064942315220833,0.05070861801505089,-0.0021518132330129447,39.12301273047924,1.3201064836233853,-0.9613528251647949,1e-05,0.0,0.1097015380859375,1.6608150005340576,0.0022092462,0.2,70,0.050633322447538376,0.1,198
0.6666666666666666,0.050702281296253204,1179648,0.05066089704632759,0.050815399736166,0.050870783627033234,0.3333333333333333,0.05058663338422775,0.05076897144317627,0.05065758898854256,0.05083238705992699,0.05076967179775238,151,0.05070744454860687,595.1719360351562,66,9,0.05063486099243164,0.05082801356911659,0.05080868676304817,7765,0.05070827901363373,0.05075689032673836,1.4169393939393948,0.0,0.05082899332046509,877.02,0.05061889439821243,-1.0,0.6666666666666666,0.050870783627033234,0.050668276846408844,0.05057535693049431,0.0,0.05077942833304405,0.050686340779066086,0.050647031515836716,0.05057535693049431,0.050754182040691376,0.05078341066837311,0.05082353949546814,-0.00213714550777695,39.07764874398708,1.2736994426697492,-0.7538470029830933,1e-05,0.0,0.11043548583984375,1.6189122200012207,0.002198615,0.2,80,0.05073097348213196,0.1,44
0.9040404040404041,0.05078309774398804,1310720,0.050695210695266724,0.05094478651881218,0.051038410514593124,0.09595959595959595,0.050643373280763626,0.05089930444955826,0.050766076892614365,0.05087247118353844,0.05086364224553108,169,0.05076686292886734,668.9161987304688,198,10,0.05075022205710411,0.05086888000369072,0.050898030400276184,7719,0.05081944540143013,0.05084716156125069,1.378141414141415,0.0,0.05091021582484245,978.63,0.05069386959075928,-1.0,0.9040404040404041,0.051038410514593124,0.050768837332725525,0.050643373280763626,0.0,0.05088409036397934,0.05079902336001396,0.050731267780065536,0.050667889416217804,0.050822608172893524,0.050867605954408646,0.0509357750415802,-0.002311480737080274,39.031962937116624,1.2302188019268214,-0.6699936389923096,1e-05,0.0,0.1069122314453125,1.6845000982284546,0.0021957837,0.2,90,0.05082152411341667,0.1,179
0.7901234567901234,0.050927624106407166,1441792,0.05080914869904518,0.05107233300805092,0.051141899079084396,0.20987654320987653,0.05070145055651665,0.0510471947491169,0.05086547136306763,0.050965048372745514,0.050970468670129776,186,0.050849296152591705,607.6451416015625,81,11,0.05085797607898712,0.05101879686117172,0.050957079976797104,7711,0.05091484263539314,0.050925999879837036,1.4060740740740751,0.0,0.05101793259382248,891.63,0.050838012248277664,-1.0,0.7901234567901234,0.051141899079084396,0.05084661766886711,0.05070145055651665,0.0,0.05099227651953697,0.05085112899541855,0.05083084851503372,0.05074295401573181,0.05085901916027069,0.05096565559506416,0.05108336731791496,-0.0024058269708348234,38.98418605923653,1.1507985480129719,-0.4221538305282593,1e-05,0.0,0.11028518676757812,1.5612220764160156,0.0022044997,0.2,100,0.050922099500894547,0.1,64
0.9180327868852459,0.05100638046860695,1572864,0.05091520771384239,0.05119524523615837,0.051254626363515854,0.08196721311475409,0.050816815346479416,0.051133181899785995,0.05094444379210472,0.05112329497933388,0.05107292905449867,204,0.050953496247529984,674.81201171875,183,12,0.05095098167657852,0.0511440671980381,0.05105656757950783,7683,0.051013845950365067,0.05106811970472336,1.398000000000001,0.0,0.05113830044865608,988.7,0.05092456564307213,-1.0,0.9180327868852459,0.051254626363515854,0.05095331370830536,0.050816815346479416,0.0,0.05114804208278656,0.05094227194786072,0.050966132432222366,0.05084198713302612,0.05097001791000366,0.05100787431001663,0.05114365369081497,-0.002216662981572881,38.933704015612605,1.0717820525169373,-0.5365438461303711,1e-05,0.0,0.10951995849609375,1.3595918416976929,0.002255865,0.2,110,0.05102741718292236,0.1,168
0.7931034482758621,0.051119331270456314,1703936,0.05103937163949013,0.05124816298484802,0.05132540315389633,0.20689655172413793,0.05094590410590172,0.05124024301767349,0.05106683075428009,0.051146142184734344,0.05122990906238556,221,0.05105283111333847,618.5066528320312,87,13,0.0510469526052475,0.05128147825598717,0.051149602979421616,7675,0.05110696330666542,0.051178403198719025,1.3840689655172422,0.0,0.051275257021188736,914.25,0.051017750054597855,-1.0,0.7931034482758621,0.05132540315389633,0.05105845630168915,0.050903309136629105,0.0,0.051226284354925156,0.05104532092809677,0.05108734965324402,0.050903309136629105,0.051079701632261276,0.0511099137365818,0.05120774731040001,-0.0021948189631075367,38.8836920529604,1.053745128540322,-0.5339034795761108,1e-05,0.0,0.10910568237304688,1.4317142963409424,0.0021683183,0.2,120,0.05112754926085472,0.1,69
0.9209039548022598,0.05122046917676926,1835008,0.051124755293130875,0.05138809606432915,0.05145459249615669,0.07909604519774012,0.0510239414870739,0.051357585936784744,0.05118166282773018,0.05124310404062271,0.05131770670413971,239,0.051223643124103546,683.2957153320312,177,14,0.05120415613055229,0.051382191479206085,0.051248699426651,7655,0.051171205937862396,0.0512344054877758,1.3900225988700576,0.0,0.05136916786432266,997.67,0.051078032702207565,-1.0,0.9209039548022598,0.05145459249615669,0.05113348364830017,0.0510239414870739,0.0,0.0512799508869648,0.05121834576129913,0.05125126615166664,0.05104336142539978,0.05115789920091629,0.05120385065674782,0.05126344785094261,-0.0022641940897301536,38.83398217260837,0.9773873083293438,-0.2892059087753296,1e-05,0.0,0.10684051513671874,1.3685709238052368,0.002158196,0.2,130,0.05123100429773331,0.1,163
0.7941176470588235,0.051281675696372986,1966080,0.05121355876326561,0.05149753391742706,0.05155714228749275,0.20588235294117646,0.05108972638845444,0.05150587111711502,0.05124150216579437,0.05135573446750641,0.051407862454652786,257,0.051317598670721054,611.3103637695312,102,15,0.05129612982273102,0.05155361443758011,0.051393769681453705,7648,0.051262520253658295,0.051288411021232605,1.4050784313725502,0.0,0.05145081505179405,900.74,0.051146190613508224,-1.0,0.7941176470588235,0.05155714228749275,0.051210273057222366,0.05108972638845444,0.0,0.05130124092102051,0.051325757056474686,0.05134023725986481,0.051114968955516815,0.0512225441634655,0.05126608908176422,0.05135136470198631,-0.0022072855476835684,38.787055152654645,0.9568665391765535,-0.41436731815338135,1e-05,0.0,0.10909347534179688,1.334898829460144,0.0021921783,0.2,140,0.05131968483328819,0.1,81
0.9401197604790419,0.051393769681453705,2097152,0.05136478692293167,0.05154825747013092,0.051638729870319366,0.059880239520958084,0.051237765699625015,0.0516057088971138,0.05136376991868019,0.05147918313741684,0.051487136632204056,274,0.05141674727201462,668.1012573242188,167,16,0.051419224590063095,0.05166548863053322,0.05151050165295601,7629,0.05132918432354927,0.05141245946288109,1.402802395209582,0.0,0.05153702571988106,973.18,0.051325440406799316,-1.0,0.9401197604790419,0.05166548863053322,0.05133684724569321,0.05120401084423065,0.0,0.05139761418104172,0.05145559832453728,0.05144335702061653,0.05120401084423065,0.05130213499069214,0.05138691887259483,0.051426321268081665,-0.002507326209160965,38.73891541659832,0.8541148865129798,-0.06027412414550781,1e-05,0.0,0.10956878662109375,1.2075999975204468,0.002231458,0.2,150,0.05142751708626747,0.1,157
0.831858407079646,0.05150469392538071,2228224,0.0514877513051033,0.051651496440172195,0.05167536810040474,0.168141592920354,0.05133499950170517,0.05173087865114212,0.05145779624581337,0.05164257064461708,0.05156993865966797,292,0.051499903202056885,620.2997436523438,113,17,0.051551658660173416,0.05170927196741104,0.05157875642180443,7626,0.05145016312599182,0.05146249383687973,1.406566371681417,0.0,0.05166187882423401,915.09,0.05147361010313034,-1.0,0.831858407079646,0.05173087865114212,0.05144209414720535,0.05133499950170517,0.0,0.05144447088241577,0.05153445526957512,0.05148380994796753,0.0513385608792305,0.05138735845685005,0.05145120620727539,0.051555853337049484,-0.002102389916535685,38.68942036926747,0.8364494804292917,-0.3555415868759155,1e-05,0.0,0.10727691650390625,1.2110987901687622,0.002163496,0.2,160,0.05152324214577675,0.1,94
0.89937106918239,0.051573432981967926,2359296,0.051599569618701935,0.051712676882743835,0.05176965519785881,0.10062893081761007,0.05138503387570381,0.05178920924663544,0.051484376192092896,0.051788579672575,0.051647644490003586,310,0.051603320986032486,660.60107421875,159,18,0.05166330933570862,0.051740337163209915,0.051644932478666306,7609,0.05153200030326843,0.051593098789453506,1.3967044025157245,0.0,0.05178937315940857,963.71,0.05154159665107727,-1.0,0.89937106918239,0.05178937315940857,0.05157708376646042,0.05138503387570381,0.0,0.05152182653546333,0.05163439363241196,0.051574550569057465,0.05140941962599754,0.05149399861693382,0.051468100398778915,0.05164717510342598,-0.0023521089708083307,38.64667243659496,0.7648557547014206,0.05684465169906616,1e-05,0.0,0.10999984741210937,1.104118824005127,0.00223086,0.2,170,0.051607389003038406,0.1,143
0.8695652173913043,0.0515885204076767,2490368,0.05164753273129463,0.05178845673799515,0.051941655576229095,0.13043478260869565,0.05146392807364464,0.05193978548049927,0.05153816565871239,0.0519351027905941,0.05178503692150116,327,0.051679015159606934,642.2367553710938,115,19,0.05175313353538513,0.051845893263816833,0.05177884176373482,7604,0.05166301131248474,0.05171193554997444,1.3905913043478269,0.0,0.05190867558121681,946.67,0.0515969954431057,-1.0,0.8695652173913043,0.051941655576229095,0.05165506899356842,0.05146392807364464,0.0,0.0516640841960907,0.051808711141347885,0.051652077585458755,0.05148050934076309,0.05158443748950958,0.05153634771704674,0.05171928554773331,-0.0021208493617905335,38.60137779116631,0.7311739990022034,-0.08776652812957764,1e-05,0.0,0.10606765747070312,1.085526466369629,0.0021200771,0.2,180,0.051706649363040924,0.1,100
0.8924050632911392,0.05171443894505501,2621440,0.051778245717287064,0.051868271082639694,0.05203201249241829,0.10759493670886076,0.05155286565423012,0.05202654004096985,0.051681578159332275,0.0520193986594677,0.05189942941069603,344,0.051842160522937775,658.478271484375,158,20,0.051916249096393585,0.05190075561404228,0.05182335153222084,7599,0.051785703748464584,0.05181930959224701,1.394987341772153,0.0,0.05197412148118019,967.26,0.051705945283174515,-1.0,0.8924050632911392,0.05203201249241829,0.05175041779875755,0.05155286565423012,0.0,0.05176117643713951,0.0518207810819149,0.051798015832901,0.05157311260700226,0.05170392245054245,0.051647938787937164,0.05183519050478935,-0.0021943664202808575,38.55277390480042,0.6703486677259207,0.22656410932540894,1e-05,0.0,0.1034149169921875,1.0747544765472412,0.0020847982,0.2,190,0.05180923640727997,0.1,141
0.9173553719008265,0.0518040806055069,2752512,0.05185842886567116,0.05200750380754471,0.05214807018637657,0.08264462809917356,0.051641032099723816,0.05209885910153389,0.051773592829704285,0.05210641026496887,0.052023909986019135,362,0.05194227397441864,651.3494262695312,121,21,0.052067939192056656,0.051940105855464935,0.05192083120346069,7594,0.05190408229827881,0.05184733867645264,1.4147603305785135,0.0,0.05200431868433952,959.0,0.05185551196336746,-1.0,0.9173553719008265,0.05214807018637657,0.05181261524558067,0.051641032099723816,0.0,0.051880303770303726,0.051920805126428604,0.05189177021384239,0.051649317145347595,0.0517791248857975,0.0517565980553627,0.051921743899583817,-0.002274668778773048,38.50566850602627,0.6048395460471511,0.18458902835845947,1e-05,0.0,0.1060577392578125,0.9649506211280823,0.0021257852,0.2,200,0.05190226435661316,0.1,111
0.8888888888888888,0.05188759043812752,2883584,0.05196082964539528,0.0521346814930439,0.05229610949754715,0.1111111111111111,0.05171237885951996,0.05220363661646843,0.051855746656656265,0.05218193680047989,0.05212438851594925,379,0.052071712911129,664.1983642578125,153,22,0.052233144640922546,0.05203022435307503,0.051991116255521774,7591,0.0519685335457325,0.05194650962948799,1.3921437908496743,0.0,0.0521341972053051,977.24,0.05198650434613228,-1.0,0.8888888888888888,0.05229610949754715,0.051938559859991074,0.05165649577975273,0.0,0.05199417844414711,0.05197031795978546,0.05196097865700722,0.05165649577975273,0.05186222493648529,0.05183437466621399,0.052061472088098526,-0.00207135828995888,38.459470331668854,0.5471415549982339,0.19464457035064697,1e-05,0.0,0.10545272827148437,0.9382367134094238,0.0021331026,0.2,210,0.05199991166591644,0.1,136
0.8739495798319328,0.05194541811943054,3014656,0.05200847238302231,0.052244264632463455,0.05239761248230934,0.12605042016806722,0.051838070154190063,0.05230600759387016,0.05190393328666687,0.05219355598092079,0.052251365035772324,397,0.05217667296528816,645.6365356445312,119,23,0.0523434579372406,0.052082937210798264,0.05210914462804794,7590,0.05203620344400406,0.05199697986245155,1.402420168067228,0.0,0.05225197598338127,950.16,0.05206483602523804,-1.0,0.8739495798319328,0.05239761248230934,0.05203520134091377,0.051780011504888535,0.0,0.05205182731151581,0.052011918276548386,0.05209863558411598,0.051780011504888535,0.05189918354153633,0.05191531032323837,0.05213465541601181,-0.0021041390293703444,38.41698718070984,0.5245362007291987,0.34663546085357666,1e-05,0.0,0.10444793701171876,0.8928993344306946,0.002138487,0.2,220,0.052083104848861694,0.1,104
0.9241379310344827,0.05204647779464722,3145728,0.0520477332174778,0.05233239009976387,0.0524575337767601,0.07586206896551724,0.051999036222696304,0.05243850499391556,0.05206693336367607,0.052331943064928055,0.05236128345131874,414,0.05223437771201134,668.8612670898438,145,24,0.05243520438671112,0.052192624658346176,0.05217823013663292,7586,0.05209609866142273,0.052019692957401276,1.381903448275863,0.0,0.052378278225660324,976.33,0.05216781795024872,-1.0,0.9241379310344827,0.0524575337767601,0.052136000245809555,0.05188985541462898,0.0,0.052174992859363556,0.05209016427397728,0.05220376327633858,0.05188985541462898,0.05195796862244606,0.05204020068049431,0.052235472947359085,-0.002487881679871862,38.37321635484695,0.49890341421123596,0.44088464975357056,1e-05,0.0,0.10966339111328124,0.8812981247901917,0.002226037,0.2,230,0.05218051001429558,0.1,134
0.8615384615384616,0.0520925372838974,3276800,0.05217326432466507,0.05241420492529869,0.052586425095796585,0.13846153846153847,0.05211513116955757,0.05250189080834389,0.05216250568628311,0.052373193204402924,0.05242343991994858,431,0.052316997200250626,644.5260620117188,130,25,0.05251559987664223,0.052309613674879074,0.05231817066669464,7585,0.05223115161061287,0.05212925001978874,1.374153846153847,0.0,0.052456408739089966,948.08,0.05226210504770279,-1.0,0.8615384615384616,0.052586425095796585,0.05224725604057312,0.05201949551701546,0.0,0.05221514031291008,0.05224122479557991,0.05229466035962105,0.05201949551701546,0.05206970125436783,0.05212564393877983,0.05237378180027008,-0.002498734178061568,38.326046174764635,0.4498764957068488,0.33720487356185913,1e-05,0.0,0.10988693237304688,0.8649049997329712,0.0022355819,0.2,240,0.052278753370046616,0.1,112
0.8783783783783784,0.0522075816988945,3407872,0.05230976268649101,0.05251741409301758,0.052717696875333786,0.12162162162162163,0.05218889191746712,0.05263173207640648,0.05227019265294075,0.05245763435959816,0.05254922807216644,449,0.052369486540555954,652.0801391601562,148,26,0.05252480134367943,0.052429888397455215,0.05232616513967514,7580,0.05233461409807205,0.052211541682481766,1.4011216216216225,0.0,0.05259500443935394,954.31,0.05234518274664879,-1.0,0.8783783783783784,0.052717696875333786,0.05241045728325844,0.052106622606515884,0.0,0.05235401913523674,0.05233115702867508,0.05236579105257988,0.052106622606515884,0.052122972905635834,0.052208416163921356,0.05245135724544525,-0.0022495215422168257,38.280334210395814,0.3962810053257272,0.5650267601013184,1e-05,0.0,0.106268310546875,0.7934998273849487,0.0022072569,0.2,250,0.0523734986782074,0.1,130
0.9186991869918699,0.052369125187397,3538944,0.05239436402916908,0.05265356972813606,0.05281643941998482,0.08130081300813008,0.052396323531866074,0.05266813561320305,0.052342597395181656,0.05258467048406601,0.052652329206466675,467,0.052473507821559906,663.689697265625,123,27,0.052647948265075684,0.05254792422056198,0.052402134984731674,7577,0.05240245908498764,0.052310824394226074,1.406097560975611,0.0,0.052662383764982224,971.83,0.05248128995299339,-1.0,0.9186991869918699,0.05281643941998482,0.0525030680000782,0.05219987779855728,0.0,0.0524856336414814,0.05246343836188316,0.05250145122408867,0.05219987779855728,0.052201349288225174,0.05228254571557045,0.052554190158843994,-0.0024076992838672597,38.23159019947052,0.39088114972691984,0.5745536088943481,1e-05,0.0,0.1051849365234375,0.7623617053031921,0.0021614027,0.2,260,0.05247990041971207,0.1,113
0.88,0.052452631294727325,3670016,0.05246454104781151,0.05277491360902786,0.052862346172332764,0.12,0.05240693315863609,0.05279296264052391,0.05247592553496361,0.05272884666919708,0.05276690050959587,484,0.05251270532608032,632.5105590820312,150,28,0.05277831107378006,0.052667342126369476,0.05241606757044792,7575,0.052472084760665894,0.05242965370416641,1.3896266666666677,0.0,0.052778225392103195,935.39,0.052602287381887436,-1.0,0.88,0.052862346172332764,0.052629973739385605,0.0522344633936882,0.0,0.052595555782318115,0.052557509392499924,0.05258287861943245,0.05235067382454872,0.0522344633936882,0.05239991098642349,0.052663590759038925,-0.002404993411118994,38.18356149792671,0.32731698965653777,0.5891938209533691,1e-05,0.0,0.10978622436523437,0.6888619661331177,0.0022006147,0.2,270,0.052575889974832535,0.1,132
0.9180327868852459,0.05256905406713486,3801088,0.0525549054145813,0.05285714194178581,0.052960027009248734,0.08196721311475409,0.05257342755794525,0.0529181994497776,0.052528586238622665,0.052714768797159195,0.05287385731935501,501,0.05264887586236,660.9068603515625,122,29,0.052873313426971436,0.05274326726794243,0.05258769169449806,7577,0.05259944126009941,0.052513547241687775,1.3824098360655748,0.0,0.05288718268275261,970.0,0.05271760746836662,-1.0,0.9180327868852459,0.052960027009248734,0.05273542180657387,0.052314165979623795,0.0,0.05267027020454407,0.05266047641634941,0.05268435925245285,0.05251667648553848,0.052314165979623795,0.05252408981323242,0.052725352346897125,-0.002651212083264909,38.13692221343517,0.3045001944759861,0.5970085859298706,1e-05,0.0,0.1127471923828125,0.6882305145263672,0.0022593075,0.2,280,0.05267807096242905,0.1,112
0.9027777777777778,0.052691131830215454,3932160,0.05262977257370949,0.05300471931695938,0.05308336764574051,0.09722222222222222,0.05262496694922447,0.05300875008106232,0.052645523101091385,0.05287479981780052,0.05290044844150543,519,0.0527128204703331,658.86572265625,144,30,0.05289197340607643,0.05284877493977547,0.05270899832248688,7575,0.052657775580883026,0.05265562981367111,1.3867222222222233,0.0,0.05295304208993912,963.09,0.0527537539601326,-1.0,0.9027777777777778,0.05308336764574051,0.052798133343458176,0.05240663141012192,0.0,0.05277267470955849,0.05268235132098198,0.05277559533715248,0.05257556959986687,0.05240663141012192,0.05259346216917038,0.05283874645829201,-0.0024786606998986826,38.09256068766117,0.2529692645417526,0.6255010366439819,1e-05,0.0,0.1089996337890625,0.6190991997718811,0.0021799356,0.2,290,0.05276357755064964,0.1,130
0.8625954198473282,0.052753996104002,4063232,0.05271601304411888,0.05315482243895531,0.053171463310718536,0.13740458015267176,0.0527379997074604,0.05316368117928505,0.05272340402007103,0.05292468145489693,0.053004615008831024,536,0.05281772464513779,639.5675659179688,131,31,0.05301573872566223,0.052944839000701904,0.052797481417655945,7572,0.05274651199579239,0.05279701575636864,1.4032671755725201,0.0,0.05306628346443176,944.16,0.05286763980984688,-1.0,0.8625954198473282,0.053171463310718536,0.05291658267378807,0.052505820989608765,0.0,0.05288418009877205,0.05277039855718613,0.05282141640782356,0.052647996693849564,0.052505820989608765,0.05268282815814018,0.052915800362825394,-0.0024705590182293236,38.048609325289725,0.2650173590169288,0.6031807661056519,1e-05,0.0,0.11259765625,0.6358864903450012,0.0022157975,0.2,300,0.052861958742141724,0.1,113
0.8933333333333333,0.052898846566677094,4194304,0.0528244748711586,0.053226638585329056,0.0532233752310276,0.10666666666666667,0.052754685282707214,0.05327332019805908,0.0528315044939518,0.053042758256196976,0.05305478349328041,554,0.052899956703186035,653.3137817382812,150,32,0.05310912802815437,0.0529915876686573,0.05291241779923439,7570,0.052836958318948746,0.05286794528365135,1.401560000000001,0.0,0.053204625844955444,958.1,0.05287763848900795,-1.0,0.8933333333333333,0.05327332019805908,0.052999600768089294,0.05262627452611923,0.0,0.05300494655966759,0.05285343900322914,0.052910175174474716,0.052733007818460464,0.05262627452611923,0.05270291492342949,0.05301685258746147,-0.0028794118618407083,38.005464708805086,0.21737218275666237,0.7741467952728271,1e-05,0.0,0.11000595092773438,0.5919314622879028,0.0022784795,0.2,310,0.052947115153074265,0.1,134
0.8244274809160306,0.05302896350622177,4325376,0.05286796763539314,0.05325913429260254,0.053329285234212875,0.17557251908396945,0.05287957936525345,0.05331920459866524,0.05287622660398483,0.05318789556622505,0.05317891761660576,571,0.05300236865878105,631.2842407226562,131,33,0.05324158817529678,0.053084634244441986,0.052987925708293915,7566,0.05298365652561188,0.053032323718070984,1.3993587786259554,0.0,0.05330121889710426,931.91,0.05296892672777176,-1.0,0.8244274809160306,0.053329285234212875,0.053124960511922836,0.052780237048864365,0.0,0.05309522897005081,0.05300498381257057,0.05291702598333359,0.05283627659082413,0.052780237048864365,0.05284316837787628,0.053120385855436325,-0.0031126975972256333,37.96058174371719,0.2419281329959631,0.7454636096954346,1e-05,0.0,0.1139190673828125,0.6121378540992737,0.0022286791,0.2,320,0.05305008590221405,0.1,108
0.8896551724137931,0.05310002714395523,4456448,0.05294611304998398,0.053367022424936295,0.053374554961919785,0.1103448275862069,0.05300135537981987,0.05344395712018013,0.05300207808613777,0.05322885885834694,0.05332762002944946,589,0.05313838645815849,636.1386108398438,145,34,0.05335795134305954,0.053109459578990936,0.0531093068420887,7564,0.05310725420713425,0.05311634764075279,1.3690482758620701,0.0,0.053439777344465256,938.95,0.05308832973241806,-1.0,0.8896551724137931,0.05344395712018013,0.05323094129562378,0.05293094366788864,0.0,0.053146976977586746,0.053118981420993805,0.053024522960186005,0.05298806354403496,0.0529337041079998,0.05293094366788864,0.05326484888792038,-0.0028449349395486935,37.91160603761673,0.21897949144477025,0.798681378364563,1e-05,0.0,0.11256866455078125,0.6125695109367371,0.002252915,0.2,330,0.053155895322561264,0.1,129
0.8740157480314961,0.053228095173835754,4587520,0.05305647850036621,0.053499821573495865,0.05347087234258652,0.12598425196850394,0.0530974417924881,0.05351758003234863,0.0531405545771122,0.05337323248386383,0.05341015011072159,606,0.053244445472955704,657.8154907226562,127,35,0.05343525484204292,0.053233757615089417,0.053233299404382706,7564,0.05319053307175636,0.05320417881011963,1.3998110236220482,0.0,0.05354906618595123,964.47,0.05316139757633209,-1.0,0.8740157480314961,0.05354906618595123,0.05330647900700569,0.052998702973127365,0.0,0.05321728438138962,0.05322761461138725,0.053119219839572906,0.053084809333086014,0.0530083067715168,0.052998702973127365,0.05341489985585213,-0.00321176628676767,37.86306011676788,0.2308643495896831,0.7981594204902649,1e-05,0.0,0.11468429565429687,0.6244045495986938,0.0022467105,0.2,340,0.053256940096616745,0.1,111
0.875,0.05334535986185074,4718592,0.05313015356659889,0.05362091585993767,0.05366816371679306,0.125,0.053234148770570755,0.053620558232069016,0.05325780063867569,0.053486187011003494,0.05358003452420235,623,0.0533054880797863,650.1451416015625,144,36,0.053536556661129,0.053356997668743134,0.053306952118873596,7561,0.053294625133275986,0.053339432924985886,1.3921944444444454,0.0,0.05360860750079155,960.03,0.05322473496198654,-1.0,0.875,0.05366816371679306,0.05337786674499512,0.053073812276124954,0.0,0.05331174284219742,0.0532539039850235,0.05324713513255119,0.05317841097712517,0.05311596766114235,0.053073812276124954,0.053519174456596375,-0.00309222768064501,37.81549935638905,0.1892894152610097,0.8062397837638855,1e-05,0.0,0.1155792236328125,0.5348362326622009,0.00234041,0.2,350,0.05335978418588638,0.1,126
0.8602941176470589,0.0534832663834095,4849664,0.05322525277733803,0.05381367728114128,0.05383102595806122,0.13970588235294118,0.053393177688121796,0.053708046674728394,0.0533798523247242,0.05355727672576904,0.053700465708971024,641,0.05345159024000168,645.4141235351562,136,37,0.053619127720594406,0.053452543914318085,0.053422197699546814,7558,0.053367190062999725,0.05340373143553734,1.392441176470589,0.0,0.05365641787648201,949.6,0.053329985588788986,-1.0,0.8602941176470589,0.05383102595806122,0.05350850895047188,0.05317453294992447,0.0,0.05350743606686592,0.05333247780799866,0.05335690826177597,0.05330968275666237,0.05319090187549591,0.05317453294992447,0.05363831669092178,-0.0031913582624838455,37.76457806825638,0.16938618991989643,0.8016986846923828,1e-05,0.0,0.11476364135742187,0.5327286720275879,0.0023250654,0.2,360,0.05347254127264023,0.1,117
0.900709219858156,0.0535488985478878,4980736,0.053277358412742615,0.053938545286655426,0.053923603147268295,0.09929078014184398,0.05344288423657417,0.05383345112204552,0.05347016081213951,0.05364362522959709,0.053776610642671585,659,0.05357670038938522,639.2184448242188,141,38,0.053750935941934586,0.05355359986424446,0.05354245379567146,7556,0.053510840982198715,0.05355324223637581,1.3934468085106393,0.0,0.05376197025179863,942.11,0.053390976041555405,-1.0,0.900709219858156,0.053938545286655426,0.05366137996315956,0.05325008183717728,0.0,0.05362620949745178,0.053398001939058304,0.05345204845070839,0.05340752750635147,0.05325008183717728,0.053288016468286514,0.05371985584497452,-0.0028611918365186286,37.71547766625881,0.18727163606090472,0.8082424998283386,1e-05,0.0,0.11793365478515624,0.542535662651062,0.0023578205,0.2,370,0.05357196182012558,0.1,127
0.8947368421052632,0.053680408746004105,5111808,0.05341983959078789,0.05407361313700676,0.05405128747224808,0.10526315789473684,0.053553979843854904,0.053920429199934006,0.053629521280527115,0.053684886544942856,0.053870122879743576,676,0.05366259440779686,655.778564453125,133,39,0.05382557213306427,0.05368470773100853,0.05367713049054146,7554,0.053583841770887375,0.05371842160820961,1.3846015037593997,0.0,0.053878944367170334,968.86,0.053539734333753586,-1.0,0.8947368421052632,0.05407361313700676,0.05375026911497116,0.053415726870298386,0.0,0.05368728190660477,0.05345698073506355,0.05357512831687927,0.05346919223666191,0.053415726870298386,0.053431469947099686,0.053818605840206146,-0.002986551098365453,37.66626011431217,0.15907096239970997,0.8266592025756836,1e-05,0.0,0.11363525390625,0.5105398893356323,0.0022972585,0.2,380,0.053682390600442886,0.1,119
0.8741258741258742,0.053787484765052795,5242880,0.05347228795289993,0.054134368896484375,0.05417446047067642,0.1258741258741259,0.053644612431526184,0.05400555953383446,0.05365201458334923,0.053763844072818756,0.05393332242965698,694,0.053748976439237595,646.5681762695312,143,40,0.053999368101358414,0.05378270149230957,0.05380759760737419,7552,0.05374518036842346,0.05383108928799629,1.3920979020979032,0.0,0.05397767946124077,948.88,0.05365339666604996,-1.0,0.8741258741258742,0.05417446047067642,0.05378199741244316,0.05347228795289993,0.0,0.05383608490228653,0.05354249104857445,0.05372173711657524,0.05353677272796631,0.05351122468709946,0.05348467081785202,0.05397918447852135,-0.0029263385588819803,37.61844318509102,0.15229209387907758,0.8425962328910828,1e-05,0.0,0.11155319213867188,0.5137130618095398,0.0021964884,0.2,390,0.05378032103180885,0.1,125
0.8656716417910447,0.05390970781445503,5373952,0.05353351682424545,0.05424193665385246,0.05426730215549469,0.13432835820895522,0.05374903976917267,0.0541389137506485,0.05380954593420029,0.05394826829433441,0.05406612530350685,711,0.05387086421251297,636.0884399414062,134,41,0.05412719398736954,0.05389018729329109,0.05391302332282066,7551,0.05389220267534256,0.05391497537493706,1.3956119402985088,0.0,0.05410732328891754,940.63,0.05379994958639145,-1.0,0.8656716417910447,0.05426730215549469,0.05385148897767067,0.05353351682424545,0.0,0.05394483357667923,0.05373084545135498,0.05383657291531563,0.05362482741475105,0.05364535376429558,0.0536130927503109,0.05415455996990204,-0.0031761091718635727,37.56631044149399,0.17433919503237122,0.846503734588623,1e-05,0.0,0.1234344482421875,0.5161296725273132,0.0024824357,0.2,400,0.05390326678752899,0.1,116
0.9197080291970803,0.054053764790296555,5505024,0.053672973066568375,0.05436604842543602,0.05437768995761871,0.08029197080291971,0.05387893319129944,0.054230235517024994,0.05398063734173775,0.05409366637468338,0.05413880944252014,729,0.054039910435676575,665.69140625,137,42,0.05424179509282112,0.054013825953006744,0.054032593965530396,7549,0.0539734847843647,0.05404573678970337,1.4023357664233589,0.0,0.05428186058998108,977.81,0.053959883749485016,-1.0,0.9197080291970803,0.05437768995761871,0.053963370621204376,0.053672973066568375,0.0,0.054061032831668854,0.053881872445344925,0.05394788086414337,0.05375170335173607,0.0537564717233181,0.053699083626270294,0.05428392067551613,-0.0029599035161936627,37.508768525719645,0.18216254253638908,0.8481277227401733,1e-05,0.0,0.12023239135742188,0.49819669127464294,0.002369042,0.2,410,0.05402908846735954,0.1,126
0.9357142857142857,0.05421806871891022,5636096,0.05378352105617523,0.054419178515672684,0.05448093265295029,0.06428571428571428,0.05399005860090256,0.0543399378657341,0.05414212867617607,0.054208867251873016,0.054267123341560364,746,0.05416430905461311,670.03466796875,140,43,0.05429805442690849,0.05415232479572296,0.05415036529302597,7550,0.054033391177654266,0.05417924001812935,1.3868428571428582,0.0,0.05433376878499985,981.32,0.05408412218093872,-1.0,0.9357142857142857,0.05448093265295029,0.053989287465810776,0.05378352105617523,0.0,0.054198142141103745,0.05398290231823921,0.05405741184949875,0.05386507511138916,0.05380287393927574,0.053837187588214874,0.05440554395318031,-0.0032577825769294576,37.455399337410924,0.1359919742506463,0.8532789945602417,1e-05,0.0,0.11668472290039063,0.4969314634799957,0.0023698364,0.2,420,0.05413535237312317,0.1,131
0.8823529411764706,0.05433147773146629,5767168,0.05395900830626488,0.054543979465961456,0.05459591746330261,0.11764705882352941,0.05409993231296539,0.054401472210884094,0.05426110699772835,0.054329391568899155,0.05436026677489281,763,0.054263629019260406,661.17626953125,136,44,0.05439681559801102,0.05429298058152199,0.05418635532259941,7549,0.0541192963719368,0.05427730455994606,1.394058823529413,0.0,0.054505474865436554,971.74,0.054155927151441574,-1.0,0.8823529411764706,0.05459591746330261,0.05410014092922211,0.053886692970991135,0.0,0.05428667739033699,0.054117750376462936,0.05422057583928108,0.05397263541817665,0.053886692970991135,0.05399174615740776,0.05446677654981613,-0.0027807800182017674,37.40530590415001,0.1108017007180024,0.8291305303573608,1e-05,0.0,0.11693344116210938,0.4592033624649048,0.0023162647,0.2,430,0.05424493923783302,0.1,120
0.8880597014925373,0.05446922034025192,5898240,0.054070401936769485,0.05457513406872749,0.05467265471816063,0.11194029850746269,0.0541364848613739,0.05453326553106308,0.05434483289718628,0.054488103836774826,0.05446022003889084,781,0.05436720326542854,657.2235107421875,134,45,0.05452022701501846,0.054403286427259445,0.05430086329579353,7548,0.05430171638727188,0.054402533918619156,1.4026865671641802,0.0,0.05465003103017807,966.38,0.05419502779841423,-1.0,0.8880597014925373,0.05467265471816063,0.05415727198123932,0.053974345326423645,0.0,0.05441958084702492,0.054190102964639664,0.05431563779711723,0.05414862185716629,0.053974345326423645,0.05409398674964905,0.054590269923210144,-0.0037630018214713347,37.355974841117856,0.17090041766641662,0.8497356176376343,1e-05,0.0,0.12327194213867188,0.549418568611145,0.002437253,0.2,440,0.05435124784708023,0.1,119
0.852112676056338,0.05458511784672737,6029312,0.05420037731528282,0.05467717722058296,0.05475177988409996,0.14788732394366197,0.05421995744109154,0.05468553304672241,0.05447498336434364,0.05456792563199997,0.054591596126556396,798,0.054497044533491135,645.047119140625,142,46,0.05466681346297264,0.054545268416404724,0.054431844502687454,7547,0.054391056299209595,0.054475609213113785,1.3889577464788743,0.0,0.05472511798143387,952.68,0.05435333400964737,-1.0,0.852112676056338,0.05477643385529518,0.05431324243545532,0.05407490208745003,0.0,0.05454913154244423,0.05428914725780487,0.05445919558405876,0.05427691712975502,0.05407490208745003,0.05423397198319435,0.05477643385529518,-0.003109430928088841,37.30335377752781,0.16386695853434502,0.8567996621131897,1e-05,0.0,0.12022705078125,0.5407705903053284,0.0023999724,0.2,450,0.05447254329919815,0.1,121
0.8625954198473282,0.05473242700099945,6160384,0.05432191863656044,0.05479416996240616,0.054845403879880905,0.13740458015267176,0.05429090932011604,0.05475367605686188,0.05457267537713051,0.05466181039810181,0.05473460629582405,816,0.05458289012312889,646.6455688476562,131,47,0.054850634187459946,0.054735805839300156,0.054516587406396866,7547,0.054578088223934174,0.054554153233766556,1.399832061068703,0.0,0.054845377802848816,953.17,0.05446503683924675,-1.0,0.8625954198473282,0.05487779155373573,0.054427847266197205,0.054250214248895645,0.0,0.05474847927689552,0.05434634909033775,0.05457527935504913,0.05428922548890114,0.054250214248895645,0.054392095655202866,0.05487779155373573,-0.0034768067078402966,37.249052837491035,0.1920695563836489,0.8708152770996094,1e-05,0.0,0.12806396484375,0.5823524594306946,0.0025059811,0.2,460,0.054589737206697464,0.1,113
0.8785714285714286,0.054797958582639694,6291456,0.05443202331662178,0.05490300804376602,0.054977476596832275,0.12142857142857143,0.05436339229345322,0.05476520210504532,0.05468668043613434,0.05475897341966629,0.05483797937631607,833,0.054705213755369186,647.802490234375,140,48,0.055001113563776016,0.054832931607961655,0.054653119295835495,7546,0.05469917505979538,0.054625723510980606,1.3908857142857154,0.0,0.054981525987386703,951.11,0.05453421548008919,-1.0,0.8785714285714286,0.055001113563776016,0.05455784499645233,0.05436339229345322,0.0,0.05485309287905693,0.05445823445916176,0.05465956777334213,0.05441106855869293,0.05438913777470589,0.0545160286128521,0.05497003346681595,-0.003181189499264292,37.198383355140685,0.1554352674575057,0.8884599804878235,1e-05,0.0,0.121685791015625,0.5451598763465881,0.0023569644,0.2,470,0.054694827646017075,0.1,123
0.8666666666666667,0.054933857172727585,6422528,0.05460599437355995,0.05503981187939644,0.05508507788181305,0.13333333333333333,0.054468270391225815,0.05484446510672569,0.054792772978544235,0.054886963218450546,0.05494869872927666,851,0.05481276288628578,650.3557739257812,135,49,0.05513136461377144,0.05493486672639847,0.054799631237983704,7543,0.05488625541329384,0.054751284420490265,1.4042962962962973,0.0,0.055027201771736145,959.3,0.05461280420422554,-1.0,0.8666666666666667,0.05513136461377144,0.05466565489768982,0.054468270391225815,0.0,0.05502447485923767,0.05458209663629532,0.05483395233750343,0.054563008248806,0.05446906387805939,0.05456344038248062,0.055100880563259125,-0.003429029885046475,37.14683401286602,0.16208176120417192,0.8467614650726318,1e-05,0.0,0.1241119384765625,0.5387822389602661,0.002437344,0.2,480,0.05481458827853203,0.1,117
0.8958333333333334,0.05498811975121498,6553600,0.05470115691423416,0.05520663037896156,0.05523643642663956,0.10416666666666667,0.05455532297492027,0.05499064922332764,0.054950010031461716,0.0549280159175396,0.055043354630470276,868,0.054946575313806534,639.1410522460938,144,50,0.05519911274313927,0.05511830002069473,0.05494868755340576,7542,0.05497392266988754,0.05490826070308685,1.3728194444444455,0.0,0.05506853014230728,941.35,0.05475541204214096,-1.0,0.8958333333333334,0.05523643642663956,0.054790787398815155,0.05455532297492027,0.0,0.055156148970127106,0.05478836968541145,0.05498545989394188,0.05472441390156746,0.054618366062641144,0.054728444665670395,0.05515523999929428,-0.0032420561325125163,37.09067227244377,0.15532461769180372,0.8699585199356079,1e-05,0.0,0.12650375366210936,0.484262079000473,0.002472864,0.2,490,0.054938629269599915,0.1,129
0.8955223880597015,0.05508964881300926,6684672,0.054827284067869186,0.0552692785859108,0.055302057415246964,0.1044776119402985,0.05468685179948807,0.05517563968896866,0.05506127327680588,0.05501273274421692,0.05518059805035591,886,0.05505658686161041,653.71826171875,134,51,0.05537591874599457,0.05522001534700394,0.0550980418920517,7540,0.0551157109439373,0.05504139885306358,1.4033731343283593,0.0,0.05512308329343796,963.36,0.05487203598022461,-1.0,0.8955223880597015,0.05537591874599457,0.054881416261196136,0.05468685179948807,0.0,0.05526156723499298,0.054892055690288544,0.055142853409051895,0.05477888882160187,0.05474827066063881,0.0547960139811039,0.05524502322077751,-0.0034286220759895516,37.03736593425274,0.15776298395940103,0.8677341938018799,1e-05,0.0,0.12161102294921874,0.5193080902099609,0.0023789955,0.2,500,0.05505017936229706,0.1,120
0.9044117647058824,0.05521107837557793,6815744,0.054943326860666275,0.05539025738835335,0.05533348768949509,0.09558823529411764,0.05479388311505318,0.055310193449258804,0.055195730179548264,0.055131666362285614,0.05531515181064606,904,0.055147863924503326,660.68505859375,136,52,0.055506620556116104,0.05538440868258476,0.055259618908166885,7538,0.0552092082798481,0.05512436106801033,1.3972794117647067,0.0,0.055233247578144073,970.24,0.05497562885284424,-1.0,0.9044117647058824,0.055506620556116104,0.05496832728385925,0.054790329188108444,0.0,0.05527375638484955,0.05500362068414688,0.05521007627248764,0.054790329188108444,0.054859936237335205,0.05491812899708748,0.055359404534101486,-0.003038600253603363,36.988856786489485,0.15663039325154388,0.8643057942390442,1e-05,0.0,0.11986236572265625,0.5102639198303223,0.002384755,0.2,510,0.055153969675302505,0.1,123
0.8888888888888888,0.05536261200904846,6946816,0.055062152445316315,0.05549280345439911,0.05541801080107689,0.1111111111111111,0.05485193058848381,0.05542443320155144,0.05527124181389809,0.0552440881729126,0.05535449460148811,921,0.05526130646467209,638.396240234375,135,53,0.05562858283519745,0.05547921732068062,0.05541076883673668,7536,0.05539390444755554,0.05514194816350937,1.3929037037037049,0.0,0.0553724467754364,935.42,0.05512614920735359,-1.0,0.8888888888888888,0.05562858283519745,0.05508533865213394,0.05485193058848381,0.0,0.055375996977090836,0.05516697093844414,0.055420443415641785,0.05487518757581711,0.0549858920276165,0.055038172751665115,0.0554511584341526,-0.0036373607311361413,36.939419981837275,0.15141070128884165,0.8760355710983276,1e-05,0.0,0.12824783325195313,0.5070680975914001,0.0025097742,0.2,520,0.0552678108215332,0.1,120
0.8920863309352518,0.05547165498137474,7077888,0.05521673709154129,0.05559399351477623,0.05553045868873596,0.1079136690647482,0.05498037487268448,0.055547382682561874,0.05537218227982521,0.05535511299967766,0.055487316101789474,939,0.05533919855952263,641.7861938476562,139,54,0.05573577061295509,0.05559471994638443,0.055505216121673584,7535,0.055509280413389206,0.05525786802172661,1.385136690647483,0.0,0.05548308044672012,944.34,0.05520329996943474,-1.0,0.8920863309352518,0.05573577061295509,0.05521402508020401,0.05498037487268448,0.0,0.05555092915892601,0.05525201931595802,0.05552402511239052,0.055028632283210754,0.05508564040064812,0.05518105998635292,0.05561450123786926,-0.00335671895586529,36.88689264953136,0.15431238382006995,0.8777197003364563,1e-05,0.0,0.123577880859375,0.4870266318321228,0.0023824465,0.2,530,0.05538538098335266,0.1,124
0.917910447761194,0.05561581254005432,7208960,0.055393557995557785,0.05568079650402069,0.055631011724472046,0.08208955223880597,0.05507701262831688,0.055673111230134964,0.055490266531705856,0.05550241097807884,0.055639222264289856,956,0.05542336031794548,656.0250854492188,134,55,0.05573858693242073,0.05579432472586632,0.05564931780099869,7534,0.05561639741063118,0.0553860068321228,1.4079701492537324,0.0,0.05555826798081398,961.26,0.05529598146677017,-1.0,0.917910447761194,0.05579432472586632,0.0553276427090168,0.05507701262831688,0.0,0.0556233711540699,0.05540546029806137,0.05562189966440201,0.05514431372284889,0.05515270307660103,0.05528199300169945,0.055697713047266006,-0.0034875984020345642,36.835374331474306,0.16763711810926907,0.8655079007148743,1e-05,0.0,0.12831573486328124,0.5594015717506409,0.0025043027,0.2,540,0.05549682304263115,0.1,123
0.8785714285714286,0.05571679770946503,7340032,0.055613040924072266,0.05578574538230896,0.05571499094367027,0.12142857142857143,0.05520082265138626,0.05578869953751564,0.055665358901023865,0.05555771291255951,0.0557519868016243,974,0.05547812208533287,647.64013671875,140,56,0.05590011179447174,0.05594266951084137,0.055802132934331894,7532,0.05570965260267258,0.05552957206964493,1.3713428571428579,0.0,0.05564210191369057,957.1,0.05548686534166336,-1.0,0.8785714285714286,0.05594266951084137,0.05552917346358299,0.05520082265138626,0.0,0.05570283904671669,0.05547817423939705,0.05582357197999954,0.05526888370513916,0.05531545728445053,0.05541278049349785,0.05577497184276581,-0.003352245754922478,36.78052396178246,0.12943792325095274,0.8454864025115967,1e-05,0.0,0.12655410766601563,0.5156279802322388,0.002488804,0.2,550,0.05562368407845497,0.1,123
0.8897058823529411,0.05586075782775879,7471104,0.05576504021883011,0.05598568916320801,0.05591357499361038,0.11029411764705882,0.055276405066251755,0.0559358149766922,0.05582580715417862,0.05566472187638283,0.055781103670597076,991,0.05562637001276016,650.2131958007812,136,57,0.0560317300260067,0.0561949759721756,0.05596105381846428,7532,0.05584758520126343,0.055679988116025925,1.3850882352941187,0.0,0.05579639971256256,958.62,0.05556816607713699,-1.0,0.8897058823529411,0.0561949759721756,0.05565585941076279,0.055276405066251755,0.0,0.055890437215566635,0.05563934147357941,0.05595071241259575,0.05536596477031708,0.05544860661029816,0.05554360896348953,0.05590369924902916,-0.003328074316641505,36.72080343663693,0.15033236997551286,0.8744956254959106,1e-05,0.0,0.12001190185546876,0.5030704736709595,0.002397506,0.2,560,0.055764537304639816,0.1,121
0.8872180451127819,0.05594193562865257,7602176,0.05595103278756142,0.05601616948843002,0.05603978782892227,0.11278195488721804,0.055407535284757614,0.056085459887981415,0.05596292018890381,0.05580110847949982,0.055887557566165924,1009,0.055736567825078964,655.3616943359375,133,58,0.05614142119884491,0.0562715157866478,0.056107595562934875,7532,0.05603110417723656,0.055765241384506226,1.407654135338347,0.0,0.05595514178276062,968.37,0.0556575171649456,-1.0,0.8872180451127819,0.0562715157866478,0.05574217811226845,0.055407535284757614,0.0,0.05599546059966087,0.05579214170575142,0.05611677095293999,0.0554647371172905,0.055589377880096436,0.05572003871202469,0.05603513866662979,-0.0034562587614800576,36.66190420985222,0.14388794667902402,0.8954166173934937,1e-05,0.0,0.12528457641601562,0.5407899022102356,0.0024259016,0.2,570,0.05588861554861069,0.1,118
0.8992805755395683,0.056045547127723694,7733248,0.0560898594558239,0.05615612119436264,0.05613166466355324,0.10071942446043165,0.055530380457639694,0.05619918182492256,0.05608578026294708,0.055964041501283646,0.055996138602495193,1026,0.05589275434613228,656.404296875,139,59,0.05628163367509842,0.05634545907378197,0.056186359375715256,7531,0.05614965409040451,0.05590059235692024,1.3752374100719433,0.0,0.05611218139529228,967.35,0.055784374475479126,-1.0,0.8992805755395683,0.05634545907378197,0.05591549351811409,0.055530380457639694,0.0,0.056104451417922974,0.05598073452711105,0.05626855045557022,0.055609725415706635,0.055701736360788345,0.05585279315710068,0.056169670075178146,-0.003451786671303125,36.60475776791573,0.15028406726196408,0.8803980946540833,1e-05,0.0,0.131988525390625,0.5597728490829468,0.0024881638,0.2,580,0.056018196046352386,0.1,125
0.9,0.05615063011646271,7864320,0.05621551722288132,0.05627627670764923,0.05625108629465103,0.1,0.05563655495643616,0.056320544332265854,0.056181348860263824,0.056049395352602005,0.05613855645060539,1044,0.05609314888715744,648.7632446289062,140,60,0.056426189839839935,0.05643368139863014,0.056250106543302536,7529,0.056266456842422485,0.056044116616249084,1.4029142857142867,0.0,0.056173112243413925,956.86,0.05597575753927231,-1.0,0.9,0.05643368139863014,0.05599549785256386,0.05563655495643616,0.0,0.05621500685811043,0.056040506809949875,0.05633741244673729,0.05566969886422157,0.055824074894189835,0.05596162751317024,0.05629541352391243,-0.002804532793288672,36.55202383697033,0.1323437771643512,0.8634359836578369,1e-05,0.0,0.11974334716796875,0.4986402988433838,0.0023223506,0.2,590,0.05612887069582939,0.1,126
0.9090909090909091,0.056286491453647614,7995392,0.05638624727725983,0.05637581646442413,0.05639227107167244,0.09090909090909091,0.05582854896783829,0.056378114968538284,0.056298960000276566,0.05614076554775238,0.056267932057380676,1062,0.05625779181718826,660.9846801757812,132,61,0.05656543746590614,0.056628331542015076,0.05640815198421478,7527,0.05638057366013527,0.056120891124010086,1.4071515151515162,0.0,0.05629481002688408,971.99,0.05614881217479706,-1.0,0.9090909090909091,0.056628331542015076,0.05610784888267517,0.05576916038990021,0.0,0.05634113401174545,0.05613727122545242,0.056489504873752594,0.05576916038990021,0.05594949796795845,0.056064121425151825,0.056408755481243134,-0.003321231036716199,36.498213747143744,0.16147071454906836,0.8738079071044922,1e-05,0.0,0.12739791870117187,0.5278196930885315,0.002503029,0.2,600,0.056257084012031555,0.1,120
0.9548872180451128,0.056434500962495804,8126464,0.05643564462661743,0.05650724843144417,0.056573718786239624,0.045112781954887216,0.05598311126232147,0.05653175711631775,0.05643606185913086,0.05630047619342804,0.056416019797325134,1079,0.056364040821790695,666.416015625,133,62,0.056693270802497864,0.05679166316986084,0.05651562660932541,7525,0.05647863820195198,0.056256625801324844,1.391609022556392,0.0,0.05637027695775032,982.97,0.05631305277347565,-1.0,0.9548872180451128,0.05679166316986084,0.05622764676809311,0.055861715227365494,0.0,0.056499190628528595,0.0562613345682621,0.05658399686217308,0.055861715227365494,0.05609092861413956,0.05617186799645424,0.05650500953197479,-0.0032345965990316474,36.441523000597954,0.10760195612383541,0.8458408713340759,1e-05,0.0,0.120855712890625,0.5189606547355652,0.002340959,0.2,610,0.0563841350376606,0.1,127
0.9259259259259259,0.05648570880293846,8257536,0.056530263274908066,0.05655791237950325,0.056698378175497055,0.07407407407407407,0.05607777088880539,0.05668853968381882,0.05654259771108627,0.0563734769821167,0.056518226861953735,1097,0.05647863820195198,661.2948608398438,135,63,0.05683080479502678,0.0569397397339344,0.056610096246004105,7522,0.05662147328257561,0.056280143558979034,1.401437037037038,0.0,0.05644445866346359,972.25,0.05646536499261856,-1.0,0.9259259259259259,0.0569397397339344,0.056409671902656555,0.05596277490258217,0.0,0.05665440857410431,0.05638517066836357,0.0566728375852108,0.05596277490258217,0.05619218945503235,0.05627390369772911,0.05660402029752731,-0.0032774236986369944,36.38972606062889,0.10589829222008121,0.8380269408226013,1e-05,0.0,0.11991424560546875,0.4626844525337219,0.0023235579,0.2,620,0.05649194121360779,0.1,125
0.8533333333333334,0.05663801357150078,8388608,0.05667679384350777,0.05667625367641449,0.05687062814831734,0.14666666666666667,0.05624718219041824,0.05673578009009361,0.05659986287355423,0.05658217519521713,0.05663682520389557,1115,0.05656737834215164,638.4717407226562,150,64,0.056983742862939835,0.05706080049276352,0.056771084666252136,7520,0.05676852539181709,0.05646839365363121,1.3996533333333343,0.0,0.05655795335769653,944.11,0.056573908776044846,-1.0,0.8533333333333334,0.05706080049276352,0.056574054062366486,0.056137606501579285,0.0,0.056769732385873795,0.056480780243873596,0.056779395788908005,0.056137606501579285,0.0562838613986969,0.056382764130830765,0.056757956743240356,-0.003239239981189712,36.33632328510284,0.12422385380195919,0.8738986253738403,1e-05,0.0,0.12177276611328125,0.44830697774887085,0.00240188,0.2,630,0.05662325769662857,0.1,128
0.8294573643410853,0.05682699754834175,8519680,0.05687575414776802,0.05674917623400688,0.057062581181526184,0.17054263565891473,0.056424882262945175,0.05678772181272507,0.056735552847385406,0.056711263954639435,0.056796781718730927,1133,0.056668471544981,629.5216674804688,129,65,0.057107795029878616,0.05709240958094597,0.05683938413858414,7519,0.05688970908522606,0.05658644065260887,1.3825891472868226,0.0,0.05665935203433037,930.92,0.056712113320827484,-1.0,0.8294573643410853,0.057107795029878616,0.05672616511583328,0.05629889294505119,0.0,0.056908540427684784,0.05659790709614754,0.056857600808143616,0.05629889294505119,0.05642882362008095,0.05650448426604271,0.05687854811549187,-0.00364382981365452,36.28060892224312,0.19004560168250464,0.8769440054893494,1e-05,0.0,0.12431411743164063,0.5432415008544922,0.0024178682,0.2,640,0.05674909055233002,0.1,107
0.9383561643835616,0.056910112500190735,8650752,0.05698784440755844,0.05686196684837341,0.05716409534215927,0.06164383561643835,0.056510452181100845,0.056869637221097946,0.056870099157094955,0.05684899166226387,0.05695364251732826,1150,0.0568411611020565,658.2437744140625,146,66,0.05724109709262848,0.057248737663030624,0.05694321542978287,7518,0.05699092894792557,0.05673115700483322,1.4083150684931516,0.0,0.05683915317058563,968.02,0.05688519403338432,-1.0,0.9383561643835616,0.057248737663030624,0.05691266432404518,0.056368570774793625,0.0,0.05702219158411026,0.05677274987101555,0.056969329714775085,0.056368570774793625,0.05645497143268585,0.056672148406505585,0.05707036331295967,-0.0035213682799167144,36.22413147687912,0.191964083944913,0.8669112920761108,1e-05,0.0,0.12979202270507811,0.5168132781982422,0.0025054822,0.2,650,0.05687761306762695,0.1,137
0.8787878787878788,0.05705830827355385,8781824,0.057072363793849945,0.05704319849610329,0.05726196616888046,0.12121212121212122,0.056663379073143005,0.0569428913295269,0.05709639936685562,0.05700201913714409,0.05705990269780159,1168,0.057014480233192444,638.8884887695312,132,67,0.057346783578395844,0.057354673743247986,0.05701339617371559,7515,0.05714340880513191,0.05682014301419258,1.3776363636363647,0.0,0.05695657804608345,944.19,0.05698391795158386,-1.0,0.8787878787878788,0.057354673743247986,0.05710068717598915,0.05642864853143692,0.0,0.057130973786115646,0.05680636689066887,0.057055506855249405,0.05642864853143692,0.05649975687265396,0.05679411441087723,0.057160645723342896,-0.0030320361566282374,36.17044810950756,0.1318482684029732,0.8309692144393921,1e-05,0.0,0.1246490478515625,0.5268855690956116,0.0023993994,0.2,660,0.056992415338754654,0.1,116
0.8571428571428571,0.057197414338588715,8912896,0.05718875676393509,0.05721484497189522,0.057415448129177094,0.14285714285714285,0.05673828348517418,0.057102907449007034,0.05723244324326515,0.0571649931371212,0.05711693316698074,1186,0.05724656954407692,634.5984497070312,147,68,0.05747902765870094,0.057493582367897034,0.05719611793756485,7514,0.05723436921834946,0.0569877102971077,1.400816326530613,0.0,0.05703381448984146,939.7,0.05710895359516144,-1.0,0.8571428571428571,0.057493582367897034,0.05724222958087921,0.0564698725938797,0.0,0.05722467973828316,0.05691995099186897,0.05717213824391365,0.0564698725938797,0.05663859471678734,0.05694014951586723,0.05728233978152275,-0.0032234455809430074,36.11760904788971,0.13204459708649666,0.8890917301177979,1e-05,0.0,0.122271728515625,0.4941222071647644,0.0024903321,0.2,670,0.05712168291211128,0.1,126
0.90625,0.05732050910592079,9043968,0.05731911584734917,0.057392317801713943,0.05750671401619911,0.09375,0.05689011514186859,0.05727534741163254,0.057418759912252426,0.05724469944834709,0.05724288523197174,1203,0.0573720820248127,660.9738159179688,128,69,0.05758604407310486,0.05767365172505379,0.05727342143654823,7512,0.05736367031931877,0.05705605074763298,1.4062187500000012,0.0,0.057193733751773834,971.9,0.05725182592868805,-1.0,0.90625,0.05767365172505379,0.05735115706920624,0.05655129253864288,0.0,0.05743665620684624,0.05707157403230667,0.05736099183559418,0.05655129253864288,0.056739989668130875,0.05707353353500366,0.05742223560810089,-0.004027954157663771,36.059142500162125,0.1696960194793064,0.8997107744216919,1e-05,0.0,0.13662948608398437,0.5040077567100525,0.0026473315,0.2,680,0.05725553631782532,0.1,116
0.8843537414965986,0.0574905127286911,9175040,0.05743848904967308,0.05746326968073845,0.057621464133262634,0.11564625850340136,0.057018451392650604,0.057374585419893265,0.05754983797669411,0.057314224541187286,0.05733479559421539,1222,0.05754717439413071,647.7412719726562,147,70,0.05774727836251259,0.05786832794547081,0.05738989636301994,7506,0.057544443756341934,0.05715732276439667,1.4065306122448988,0.0,0.05729628726840019,956.03,0.0573672279715538,-1.0,0.8843537414965986,0.05786832794547081,0.0575045607984066,0.05659575015306473,0.0,0.057583119720220566,0.057189807295799255,0.05752580240368843,0.05659575015306473,0.05688229203224182,0.05715322121977806,0.057562872767448425,-0.003327156692103017,36.003257277607915,0.13424967929604464,0.8414907455444336,1e-05,0.0,0.1274017333984375,0.49768149852752686,0.0024345703,0.2,690,0.05738084018230438,0.1,130
0.9,0.057668812572956085,9306112,0.05759742856025696,0.057579249143600464,0.05776842683553696,0.1,0.0571153499186039,0.05754322558641434,0.0577256940305233,0.05749564990401268,0.057524994015693665,1240,0.057711903005838394,649.473388671875,120,71,0.05789823457598686,0.05804871395230293,0.05746344476938248,7503,0.05769338458776474,0.057260818779468536,1.4101333333333343,0.0,0.057443954050540924,958.46,0.057467009872198105,-1.0,0.9,0.05804871395230293,0.05764762684702873,0.05678005889058113,0.0,0.057731665670871735,0.05726965516805649,0.05771416053175926,0.05678005889058113,0.05710228160023689,0.057289112359285355,0.05768591910600662,-0.003912018368100689,35.943070673942564,0.17280750190257094,0.8783808350563049,1e-05,0.0,0.13209609985351561,0.5571480393409729,0.002614987,0.2,700,0.05752907320857048,0.1,108
0.9251700680272109,0.057830579578876495,9437184,0.057664673775434494,0.0576934814453125,0.057852696627378464,0.07482993197278912,0.057292938232421875,0.057679399847984314,0.05785098671913147,0.057617947459220886,0.05760771408677101,1258,0.05791640281677246,659.68359375,147,72,0.05800362676382065,0.058208078145980835,0.05755529925227165,7499,0.05792589113116264,0.05734080821275711,1.3787074829931985,0.0,0.05758174881339073,973.0,0.05763795226812363,-1.0,0.9251700680272109,0.058208078145980835,0.057781487703323364,0.05695033073425293,0.0,0.05788394808769226,0.057394590228796005,0.05774731934070587,0.05695033073425293,0.05723404139280319,0.057402100414037704,0.057794492691755295,-0.0031323463329499647,35.88306432664395,0.1276731751713669,0.8725902438163757,1e-05,0.0,0.12061996459960937,0.4734848141670227,0.0023604454,0.2,710,0.057657938450574875,0.1,136
0.8769230769230769,0.05803466588258743,9568256,0.05776059255003929,0.05786432698369026,0.05798306688666344,0.12307692307692308,0.05744403600692749,0.057835403829813004,0.058012451976537704,0.057719677686691284,0.05776436626911163,1276,0.058040909469127655,639.2075805664062,130,73,0.05817927420139313,0.05833525210618973,0.05772862583398819,7494,0.058055728673934937,0.057484712451696396,1.3931846153846166,0.0,0.0577276349067688,947.57,0.057720571756362915,-1.0,0.8769230769230769,0.05833525210618973,0.05794291943311691,0.057075440883636475,0.0,0.05799131840467453,0.05753655731678009,0.057926759123802185,0.057075440883636475,0.05736975744366646,0.057515326887369156,0.05794920772314072,-0.003386625337134319,35.82393406331539,0.15304791486123576,0.841048002243042,1e-05,0.0,0.1319000244140625,0.563933789730072,0.0025282605,0.2,720,0.05779994651675224,0.1,114
0.8689655172413793,0.058240100741386414,9699328,0.057899005711078644,0.05802837386727333,0.05812378600239754,0.1310344827586207,0.057698339223861694,0.05797223001718521,0.05816107615828514,0.05782058462500572,0.057906005531549454,1295,0.0582536980509758,644.6028442382812,145,74,0.05837194249033928,0.05846218019723892,0.05783610790967941,7488,0.05821841582655907,0.057650402188301086,1.4014068965517255,0.0,0.05786166340112686,951.45,0.05778861045837402,-1.0,0.8689655172413793,0.05846218019723892,0.05810637027025223,0.05722165107727051,0.0,0.05810702219605446,0.05766116827726364,0.0580996535718441,0.05722165107727051,0.057448241859674454,0.05756804719567299,0.0580747090280056,-0.0034005550957772355,35.76272801756859,0.1398069719551131,0.8992536067962646,1e-05,0.0,0.12260284423828124,0.5121665000915527,0.0024689438,0.2,730,0.05794317647814751,0.1,126
0.8846153846153846,0.05842030793428421,9830400,0.05805177241563797,0.058218762278556824,0.058325812220573425,0.11538461538461539,0.057823244482278824,0.05804496258497238,0.05828990414738655,0.05794097110629082,0.05798812583088875,1313,0.05836399644613266,647.802001953125,130,75,0.05848154053092003,0.05852310732007027,0.058020707219839096,7485,0.05831456184387207,0.05778243765234947,1.3910307692307702,0.0,0.05791916325688362,956.41,0.057936884462833405,-1.0,0.8846153846153846,0.05852310732007027,0.05824624001979828,0.057355888187885284,0.0,0.058293670415878296,0.057760950177907944,0.05822557955980301,0.057355888187885284,0.05760558694601059,0.05773934721946716,0.05820152536034584,-0.0037454305849678347,35.70338220000267,0.17884911243454554,0.8762427568435669,1e-05,0.0,0.1291107177734375,0.5175892114639282,0.0025549126,0.2,740,0.05807499960064888,0.1,115
0.9071428571428571,0.05847027897834778,9961472,0.058164168149232864,0.05837036669254303,0.05848286673426628,0.09285714285714286,0.05791724473237991,0.0581991970539093,0.05843734368681908,0.05804699659347534,0.05803078040480614,1331,0.058549247682094574,655.9796752929688,140,76,0.05859597399830818,0.05870477855205536,0.05812641978263855,7482,0.05839923769235611,0.05791620910167694,1.393542857142858,0.0,0.05804882571101189,966.28,0.0580764003098011,-1.0,0.9071428571428571,0.05870477855205536,0.05841682478785515,0.057481177151203156,0.0,0.058440983295440674,0.05796472355723381,0.058446403592824936,0.057481177151203156,0.0577114075422287,0.057881493121385574,0.05833898112177849,-0.003186457880474336,35.64626143574715,0.15943207377567886,0.873631477355957,1e-05,0.0,0.12567825317382814,0.4833860397338867,0.002466235,0.2,750,0.058208733797073364,0.1,127
0.9037037037037037,0.0586182177066803,10092544,0.05817633122205734,0.05846196785569191,0.05858942121267319,0.0962962962962963,0.058066416531801224,0.058356091380119324,0.058572620153427124,0.058176152408123016,0.05810258910059929,1349,0.058690015226602554,643.257568359375,135,77,0.058705251663923264,0.05881616845726967,0.05815017968416214,7479,0.05855675786733627,0.05805094167590141,1.3639703703703714,0.0,0.058170367032289505,948.2,0.058167412877082825,-1.0,0.9037037037037037,0.05881616845726967,0.05852840840816498,0.05761275440454483,0.0,0.0585213340818882,0.0580255351960659,0.05847129598259926,0.05761275440454483,0.05785740166902542,0.05801798403263092,0.058461885899305344,-0.0033270237945316693,35.5947255641222,0.10727158395166043,0.8734482526779175,1e-05,0.0,0.12007522583007812,0.4389357566833496,0.0023577553,0.2,760,0.05831694230437279,0.1,122
0.9015151515151515,0.05878783389925957,10223616,0.05832352861762047,0.05858411267399788,0.05873976647853851,0.09848484848484848,0.058180175721645355,0.05841587856411934,0.058675576001405716,0.058272309601306915,0.058217596262693405,1367,0.0588395893573761,654.8771362304688,132,78,0.05887126177549362,0.05893196910619736,0.058209143579006195,7476,0.05865439772605896,0.05813682824373245,1.3936818181818191,0.0,0.05831456184387207,967.26,0.058287568390369415,-1.0,0.9015151515151515,0.05893196910619736,0.05861426517367363,0.05768692120909691,0.0,0.058656636625528336,0.05816211551427841,0.05852111056447029,0.05768692120909691,0.05797366797924042,0.05815071985125542,0.05864116922020912,-0.003008983524887299,35.54641605615616,0.1424660410528304,0.8401892781257629,1e-05,0.0,0.1280731201171875,0.473157674074173,0.0025241068,0.2,770,0.05843394622206688,0.1,119
0.8880597014925373,0.05884960666298866,10354688,0.05846763029694557,0.05879992991685867,0.05890032276511192,0.11194029850746269,0.058325085788965225,0.058546777814626694,0.05876687169075012,0.05839603766798973,0.058363884687423706,1385,0.05899541452527046,656.0836791992188,134,79,0.058988720178604126,0.0590863898396492,0.05831931531429291,7471,0.058744680136442184,0.05819551646709442,1.3940746268656727,0.0,0.05842145159840584,969.58,0.05835045874118805,-1.0,0.8880597014925373,0.0590863898396492,0.058774422854185104,0.05780312046408653,0.0,0.05870749428868294,0.058243170380592346,0.05863381549715996,0.05780312046408653,0.05813811719417572,0.058273978531360626,0.05881766974925995,-0.0034661455567402298,35.495444047451016,0.15339451904874296,0.8766944408416748,1e-05,0.0,0.13148193359375,0.5102151036262512,0.0025607818,0.2,780,0.058556392788887024,0.1,119
0.8985507246376812,0.058981336653232574,10485760,0.058640431612730026,0.05891532450914383,0.058955635875463486,0.10144927536231885,0.058402761816978455,0.05864642933011055,0.058873169124126434,0.05847879499197006,0.05846446380019188,1403,0.05913950875401497,645.6112060546875,138,80,0.059087589383125305,0.05917203426361084,0.05846637487411499,7469,0.05890693888068199,0.05834604799747467,1.4343188405797112,0.0,0.058499742299318314,956.61,0.058449190109968185,-1.0,0.8985507246376812,0.05917203426361084,0.05884275957942009,0.05794321000576019,0.0,0.058827318251132965,0.0583462156355381,0.05879352614283562,0.05794321000576019,0.05817778781056404,0.05841118469834328,0.058903343975543976,-0.0035786257315521654,35.445775562524794,0.14463492835639044,0.896695613861084,1e-05,0.0,0.12630233764648438,0.5000321269035339,0.0024864334,0.2,790,0.05866684764623642,0.1,124
0.8478260869565217,0.05904494598507881,10616832,0.058791354298591614,0.05901914834976196,0.059148985892534256,0.15217391304347827,0.05855117365717888,0.058795489370822906,0.0589493103325367,0.05864245817065239,0.05864595249295235,1422,0.059237245470285416,642.312744140625,138,81,0.059163596481084824,0.05926990881562233,0.05867382511496544,7465,0.059029337018728256,0.05850100889801979,1.373594202898552,0.0,0.05866479128599167,944.2,0.058519382029771805,-1.0,0.8478260869565217,0.05926990881562233,0.058963872492313385,0.058076899498701096,0.0,0.058966122567653656,0.05850064754486084,0.058896519243717194,0.058076899498701096,0.05828395485877991,0.05850512534379959,0.05902881547808647,-0.0034087883359461557,35.39420159459114,0.1296831324172672,0.8869852423667908,1e-05,0.0,0.124755859375,0.47499141097068787,0.0024410542,0.2,800,0.05879480019211769,0.1,117
0.9347826086956522,0.05924375727772713,10747904,0.05900232121348381,0.059149209409952164,0.059233617037534714,0.06521739130434782,0.058682963252067566,0.058893751353025436,0.05906548723578453,0.058758560568094254,0.05870066210627556,1440,0.05933142453432083,662.8679809570312,138,82,0.05929664894938469,0.059388842433691025,0.058853019028902054,7463,0.05912459269165993,0.05859025940299034,1.3958840579710157,0.0,0.058721352368593216,971.06,0.05866607651114464,-1.0,0.9347826086956522,0.059388842433691025,0.05905664712190628,0.05826174095273018,0.0,0.0591680109500885,0.058535974472761154,0.05907076969742775,0.05826174095273018,0.05842731520533562,0.05862049758434296,0.05906679853796959,-0.0030998061664149644,35.34152768850326,0.17936153181944975,0.8703150749206543,1e-05,0.0,0.13020095825195313,0.48592492938041687,0.0025807216,0.2,810,0.05891641229391098,0.1,129
0.9191176470588235,0.05942750722169876,10878976,0.059076838195323944,0.05929693207144737,0.05940515547990799,0.08088235294117647,0.058782339096069336,0.05902916565537453,0.05921464040875435,0.058908287435770035,0.05879456177353859,1457,0.059425823390483856,650.7183837890625,136,83,0.059408895671367645,0.05954049900174141,0.05896259471774101,7462,0.05922513082623482,0.0586715042591095,1.39479411764706,0.0,0.05880934000015259,956.28,0.058789584785699844,-1.0,0.9191176470588235,0.05954049900174141,0.05913715437054634,0.05844332277774811,0.0,0.05921623483300209,0.058678846806287766,0.05921453982591629,0.05844332277774811,0.05846863240003586,0.058754708617925644,0.05920492857694626,-0.0031180840513115983,35.29036436080933,0.11160817950440105,0.8507566452026367,1e-05,0.0,0.12200546264648438,0.434658408164978,0.002470337,0.2,820,0.05903548374772072,0.1,125
0.8794326241134752,0.059578780084848404,11010048,0.059210602194070816,0.059411343187093735,0.05952482670545578,0.12056737588652482,0.05896811932325363,0.05908120796084404,0.059393543750047684,0.059048887342214584,0.0588751919567585,1475,0.05949464812874794,638.2230224609375,141,84,0.05950387194752693,0.059743497520685196,0.059153344482183456,7460,0.059372346848249435,0.05874093994498253,1.4026808510638307,0.0,0.059025634080171585,941.56,0.058886799961328506,-1.0,0.8794326241134752,0.059743497520685196,0.059211816638708115,0.05860895290970802,0.0,0.05934275686740875,0.05872410908341408,0.05937335267663002,0.05860895290970802,0.05863012745976448,0.05889071896672249,0.059377387166023254,-0.0032515866777430348,35.23693401217461,0.1348396025656257,0.8679133057594299,1e-05,0.0,0.12006912231445313,0.4457598328590393,0.002328109,0.2,830,0.05916691944003105,0.1,124
0.9097744360902256,0.05974815785884857,11141120,0.059376709163188934,0.059553731232881546,0.05962088331580162,0.09022556390977443,0.059038542211055756,0.05915882810950279,0.05940624698996544,0.05918307974934578,0.05899040773510933,1493,0.05963975191116333,657.6029052734375,133,85,0.05953316017985344,0.05990367382764816,0.05928230285644531,7458,0.05951116234064102,0.05887813866138458,1.3825864661654146,0.0,0.05917429178953171,968.11,0.05901176109910011,-1.0,0.9097744360902256,0.05990367382764816,0.059361521154642105,0.05868210643529892,0.0,0.05955047905445099,0.05888964980840683,0.05953090265393257,0.05874871462583542,0.05868210643529892,0.059047453105449677,0.05952589213848114,-0.003467953714016403,35.18297310769558,0.16158434939861763,0.879951536655426,1e-05,0.0,0.12235565185546875,0.5591984987258911,0.002417013,0.2,840,0.059293899685144424,0.1,121
0.927536231884058,0.06000260263681412,11272192,0.059485290199518204,0.05966220796108246,0.05973462387919426,0.07246376811594203,0.05913645029067993,0.05935133248567581,0.05948818102478981,0.059287503361701965,0.0591246634721756,1511,0.05972277745604515,657.3314208984375,138,86,0.05962972715497017,0.06010910123586655,0.059386081993579865,7456,0.05964076146483421,0.059014011174440384,1.3875072463768126,0.0,0.0592552125453949,969.56,0.059190474450588226,-1.0,0.927536231884058,0.06010910123586655,0.05948996916413307,0.05880642309784889,0.0,0.059729043394327164,0.05907789617776871,0.05960620194673538,0.058928992599248886,0.05880642309784889,0.05911245942115784,0.05970768630504608,-0.00349402163585637,35.1276055753231,0.10902702415187378,0.892920732498169,1e-05,0.0,0.120648193359375,0.49418672919273376,0.002414322,0.2,850,0.05942718684673309,0.1,128
0.9323308270676691,0.06018197536468506,11403264,0.059622179716825485,0.05981339141726494,0.05987580120563507,0.06766917293233082,0.05933467671275139,0.059537529945373535,0.05956246331334114,0.05941494181752205,0.05925792455673218,1529,0.05987799912691116,659.05224609375,133,87,0.059726081788539886,0.0602555125951767,0.0594601072371006,7454,0.05982601270079613,0.05919872969388962,1.407263157894738,0.0,0.05939273536205292,968.1,0.05934493616223335,-1.0,0.9323308270676691,0.0602555125951767,0.05953308939933777,0.05895645171403885,0.0,0.05983249098062515,0.05919092521071434,0.05974952504038811,0.05910484865307808,0.05895645171403885,0.05927199870347977,0.05984213575720787,-0.0030790544795308962,35.06984284222126,0.11041208789683879,0.8486243486404419,1e-05,0.0,0.12650146484375,0.4398239552974701,0.0024654544,0.2,860,0.059566572308540344,0.1,124
0.9407407407407408,0.0603259913623333,11534336,0.059702545404434204,0.059861455112695694,0.06006164103746414,0.05925925925925926,0.05945402383804321,0.05966182425618172,0.05974780023097992,0.05963265523314476,0.05939236655831337,1547,0.06000890955328941,670.97607421875,135,88,0.05984506011009216,0.06038779765367508,0.05959915369749069,7452,0.05995579808950424,0.05934947729110718,1.389214814814816,0.0,0.059495046734809875,992.04,0.05955534800887108,-1.0,0.9407407407407408,0.06038779765367508,0.059657029807567596,0.059111908078193665,0.0,0.05993390083312988,0.05928763002157211,0.05989013612270355,0.05929447337985039,0.059111908078193665,0.05940212309360504,0.059946320950984955,-0.003766722728551031,35.012696507573125,0.1031983397755539,0.8919162750244141,1e-05,0.0,0.11942367553710938,0.44787490367889404,0.0023783413,0.2,870,0.05970241501927376,0.1,127
0.8652482269503546,0.060453977435827255,11665408,0.0598178431391716,0.060079000890254974,0.06023965775966644,0.1347517730496454,0.05955781787633896,0.05972073972225189,0.059830307960510254,0.059729427099227905,0.05949605256319046,1565,0.06023075059056282,649.51025390625,141,89,0.06002616882324219,0.060517992824316025,0.05974762886762619,7449,0.06012118235230446,0.05956946313381195,1.3883404255319158,0.0,0.059632085263729095,951.53,0.059722933918237686,-1.0,0.8652482269503546,0.060517992824316025,0.05973861366510391,0.059221331030130386,0.0,0.06008007377386093,0.059416286647319794,0.06006762757897377,0.05937805399298668,0.059221331030130386,0.05952443182468414,0.06004408746957779,-0.0033843802100818722,34.955907410383226,0.11203674844000489,0.8780133128166199,1e-05,0.0,0.11783599853515625,0.4542502760887146,0.0023826773,0.2,880,0.05983854457736015,0.1,122
0.9253731343283582,0.06054103747010231,11796480,0.05999576300382614,0.06028616428375244,0.060409512370824814,0.07462686567164178,0.05979756638407707,0.05984755605459213,0.059944331645965576,0.05985676124691963,0.05968158319592476,1584,0.060337528586387634,661.0316162109375,134,90,0.060145068913698196,0.06058148294687271,0.0598500519990921,7446,0.06029493361711502,0.05966857820749283,1.3948507462686577,0.0,0.059807032346725464,970.15,0.059894219040870667,-1.0,0.9253731343283582,0.06058148294687271,0.05990944430232048,0.059313319623470306,0.0,0.06022704765200615,0.05954177677631378,0.06023154407739639,0.05943819135427475,0.059313319623470306,0.05959111079573631,0.06022074446082115,-0.0034257858498676795,34.898891299963,0.1411976180097554,0.8634905219078064,1e-05,0.0,0.12641525268554688,0.4918884038925171,0.002493528,0.2,890,0.0599764920771122,0.1,124
0.9307692307692308,0.060738254338502884,11927552,0.060115378350019455,0.060422029346227646,0.06054262816905975,0.06923076923076923,0.05991525575518608,0.060060855001211166,0.06014968827366829,0.05998384952545166,0.059699900448322296,1602,0.06048549339175224,665.9163208007812,130,91,0.06030052527785301,0.06071767956018448,0.05994138866662979,7445,0.06048324331641197,0.05974312871694565,1.3849384615384626,0.0,0.059956010431051254,981.76,0.06002058461308479,-1.0,0.9307692307692308,0.060738254338502884,0.06004752218723297,0.05946489796042442,0.0,0.06035856530070305,0.059709664434194565,0.06039266660809517,0.059612199664115906,0.05946489796042442,0.05971953272819519,0.06031084805727005,-0.0033294085924808316,34.84056708216667,0.10707431815681048,0.871090829372406,1e-05,0.0,0.11908340454101562,0.4747682213783264,0.0023835546,0.2,900,0.06011567637324333,0.1,121
0.910958904109589,0.060886532068252563,12058624,0.06024063378572464,0.06052615866065025,0.06071177497506142,0.08904109589041095,0.060018111020326614,0.06020638719201088,0.06032373383641243,0.06013133376836777,0.059827253222465515,1620,0.06058266758918762,651.7891845703125,146,92,0.06038808450102806,0.06083100289106369,0.06005833297967911,7440,0.06065400317311287,0.059867192059755325,1.4029589041095902,0.0,0.06002034246921539,956.48,0.060066524893045425,-1.0,0.910958904109589,0.060886532068252563,0.06012125685811043,0.05961836874485016,0.0,0.06044955179095268,0.05988430976867676,0.060627009719610214,0.059757545590400696,0.05961836874485016,0.05983017757534981,0.06045381724834442,-0.0037664165836758913,34.78659335672855,0.11055550390738063,0.8806162476539612,1e-05,0.0,0.12225265502929687,0.39980724453926086,0.002410613,0.2,910,0.060243282467126846,0.1,133
0.9291338582677166,0.06102597713470459,12189696,0.06039838120341301,0.06073450297117233,0.06088004633784294,0.07086614173228346,0.06026209518313408,0.06029153987765312,0.06045648455619812,0.06025637686252594,0.05986255407333374,1639,0.06067204102873802,655.3777465820312,127,93,0.06051972135901451,0.060971617698669434,0.060135047882795334,7436,0.06076716631650925,0.05986403673887253,1.389748031496064,0.0,0.06011282652616501,965.57,0.060115836560726166,-1.0,0.9291338582677166,0.06102597713470459,0.06023353710770607,0.059667784720659256,0.0,0.060606762766838074,0.060066208243370056,0.06083094701170921,0.059895046055316925,0.059667784720659256,0.05997404083609581,0.060626402497291565,-0.0037308377042791106,34.73313556015491,0.10609414989303331,0.9105625748634338,1e-05,0.0,0.12252120971679688,0.4569101333618164,0.0023953381,0.2,920,0.06036908179521561,0.1,118
0.8531468531468531,0.06112700700759888,12320768,0.06053650751709938,0.060823578387498856,0.06101377308368683,0.14685314685314685,0.060364145785570145,0.06042623892426491,0.06054580211639404,0.06034887954592705,0.05998989939689636,1657,0.06088003143668175,644.35302734375,143,94,0.06065985932946205,0.06102103367447853,0.0602736622095108,7435,0.06095987185835838,0.05993020161986351,1.406909090909092,0.0,0.06019311025738716,946.35,0.0601750910282135,-1.0,0.8531468531468531,0.06112700700759888,0.0603611096739769,0.05977776646614075,0.0,0.06070239469408989,0.060183942317962646,0.061027973890304565,0.06005110219120979,0.05977776646614075,0.06012415140867233,0.06080567091703415,-0.0034658000468880345,34.68153579235077,0.12867027967004105,0.8706884980201721,1e-05,0.0,0.12276153564453125,0.47481194138526917,0.0024130517,0.2,930,0.06049210578203201,0.1,122
0.8984375,0.061264727264642715,12451840,0.06067529320716858,0.0609654076397419,0.061192113906145096,0.1015625,0.06053585559129715,0.0605630986392498,0.060649897903203964,0.060523271560668945,0.06006956100463867,1675,0.06091595068573952,647.0617065429688,128,95,0.06080680340528488,0.06121082231402397,0.0603952556848526,7433,0.06114295497536659,0.06014293432235718,1.407953125000001,0.0,0.06035903841257095,958.85,0.060294847935438156,-1.0,0.8984375,0.061264727264642715,0.060453515499830246,0.05994224548339844,0.0,0.060837358236312866,0.06033739820122719,0.06116330623626709,0.06020215526223183,0.05994224548339844,0.0602409765124321,0.06098785623908043,-0.003658107288993051,34.6266325622797,0.16150895798346027,0.8745748996734619,1e-05,0.0,0.12786712646484374,0.4751555323600769,0.0025089323,0.2,940,0.060634907335042953,0.1,115
0.9054054054054054,0.06141432002186775,12582912,0.06076826527714729,0.06115337833762169,0.06139088049530983,0.0945945945945946,0.06069722771644592,0.06068660691380501,0.06085769832134247,0.060694146901369095,0.060209691524505615,1692,0.061074141412973404,660.0046997070312,148,96,0.06088727340102196,0.0613548718392849,0.06060460954904556,7433,0.061247989535331726,0.06032320111989975,1.4003378378378388,0.0,0.06045464053750038,969.12,0.0604877695441246,-1.0,0.9054054054054054,0.06141432002186775,0.06062965840101242,0.0600459910929203,0.0,0.060994211584329605,0.06047559902071953,0.06126365810632706,0.06036033481359482,0.0600459910929203,0.06035559996962547,0.0610763281583786,-0.003389256698801546,34.56691603958607,0.13398935102450196,0.9050948023796082,1e-05,0.0,0.1218292236328125,0.5189183354377747,0.0024114577,0.2,950,0.060780324041843414,0.1,134
0.9032258064516129,0.06152743101119995,12713984,0.060881324112415314,0.06129876896739006,0.06152733042836189,0.0967741935483871,0.06077958270907402,0.06086638942360878,0.06100795418024063,0.06086045503616333,0.06030910834670067,1710,0.06123877689242363,660.383544921875,124,97,0.06102897599339485,0.06155619025230408,0.06079009175300598,7431,0.06138710677623749,0.06047749146819115,1.3929032258064526,0.0,0.060651764273643494,975.41,0.060571517795324326,-1.0,0.9032258064516129,0.06155619025230408,0.06075131893157959,0.06025262549519539,0.0,0.06115162745118141,0.06053242087364197,0.06141103804111481,0.06055706366896629,0.06025262549519539,0.060519348829984665,0.06122932955622673,-0.0033029449155037582,34.5066330820322,0.1303687277744757,0.8651954531669617,1e-05,0.0,0.12222976684570312,0.42517751455307007,0.0024147667,0.2,960,0.06092660129070282,0.1,112
0.9183673469387755,0.0616479255259037,12845056,0.060991737991571426,0.0613919198513031,0.061676111072301865,0.08163265306122448,0.06092635169625282,0.06097445264458656,0.06121985614299774,0.06098731979727745,0.06040101498365402,1728,0.061365798115730286,651.8607788085938,147,98,0.06118391826748848,0.061728496104478836,0.061005424708127975,7431,0.0615067221224308,0.06067776679992676,1.3949387755102052,0.0,0.06072968244552612,959.29,0.060736313462257385,-1.0,0.9183673469387755,0.061728496104478836,0.06095705181360245,0.06040101498365402,0.0,0.06133154407143593,0.0606297142803669,0.06154206022620201,0.06070376932621002,0.06044387444853783,0.06060473993420601,0.061338022351264954,-0.00335166058393952,34.447795712947844,0.10632535827171523,0.8662956953048706,1e-05,0.0,0.1222564697265625,0.44205790758132935,0.002430744,0.2,970,0.061068061739206314,0.1,135
0.9426229508196722,0.06181139498949051,12976128,0.06109648570418358,0.06150691211223602,0.06179708614945412,0.05737704918032787,0.06110398471355438,0.06114896014332771,0.06133274361491203,0.06113428249955177,0.060553424060344696,1746,0.061482544988393784,662.7006225585938,122,99,0.06138495355844498,0.061831455677747726,0.06115368381142616,7430,0.061591144651174545,0.06088978424668312,1.3971967213114767,0.0,0.060848090797662735,979.39,0.06088411062955856,-1.0,0.9426229508196722,0.061831455677747726,0.061112597584724426,0.060553424060344696,0.0,0.06149442121386528,0.06070643290877342,0.06163734570145607,0.06085224077105522,0.060558173805475235,0.06076468899846077,0.06143583357334137,-0.002944289264678446,34.39111018180847,0.12409893728618045,0.8619768619537354,1e-05,0.0,0.124310302734375,0.4777543246746063,0.002400801,0.2,980,0.06120450794696808,0.1,115
0.9054054054054054,0.061994682997465134,13107200,0.061219390481710434,0.06168388947844505,0.061884090304374695,0.0945945945945946,0.06124678999185562,0.06126028671860695,0.06150972843170166,0.06124719977378845,0.060696620494127274,1764,0.06160981208086014,646.2474365234375,148,100,0.061529822647571564,0.06190892681479454,0.061269912868738174,7430,0.061706408858299255,0.06106753274798393,1.406635135135136,0.0,0.06098528206348419,955.28,0.06099666655063629,-1.0,0.9054054054054054,0.061994682997465134,0.06126481294631958,0.06069142743945122,0.0,0.061550334095954895,0.06089544668793678,0.06172569841146469,0.060981009155511856,0.06069142743945122,0.060819271951913834,0.0615558959543705,-0.0033844588223018945,34.33653928339481,0.09128183215507306,0.8750675320625305,1e-05,0.0,0.1198333740234375,0.45135289430618286,0.0023843143,0.2,990,0.061332035809755325,0.1,134
0.8538461538461538,0.06212831288576126,13238272,0.06143142282962799,0.06177005544304848,0.06196272000670433,0.14615384615384616,0.06139849126338959,0.06132345646619797,0.06167103722691536,0.06136762723326683,0.060868725180625916,1781,0.06178945302963257,647.7529907226562,130,101,0.06173544377088547,0.062042295932769775,0.06142140552401543,7429,0.061870235949754715,0.06111527606844902,1.4031846153846164,0.0,0.06114524230360985,953.23,0.06111835315823555,-1.0,0.8538461538461538,0.06212831288576126,0.061358630657196045,0.06076590716838837,0.0,0.06163801997900009,0.061048898845911026,0.061912987381219864,0.06109323725104332,0.06076590716838837,0.06094761937856674,0.06170022860169411,-0.0035211947572861392,34.28410646915436,0.14222727213054895,0.8850793838500977,1e-05,0.0,0.13007431030273436,0.4594409465789795,0.0025193114,0.2,1000,0.061465006321668625,0.1,111
0.9130434782608695,0.062282998114824295,13369344,0.06159159913659096,0.06193975359201431,0.0621047206223011,0.08695652173913043,0.06155798211693764,0.06146041676402092,0.061826132237911224,0.061605580151081085,0.06102165952324867,1799,0.06202168017625809,650.2730712890625,138,102,0.061911050230264664,0.06215028464794159,0.06156143173575401,7428,0.06198228523135185,0.06123832240700722,1.4075217391304358,0.0,0.06128503382205963,962.03,0.061276089400053024,-1.0,0.9130434782608695,0.062282998114824295,0.06150098890066147,0.06083068624138832,0.0,0.06172334402799606,0.06122823432087898,0.06208102032542229,0.061223167926073074,0.06083068624138832,0.061045028269290924,0.06184319034218788,-0.003464833383804944,34.22693566977978,0.16422245627618395,0.8735963702201843,1e-05,0.0,0.12958602905273436,0.4868212044239044,0.0025456883,0.2,1010,0.06161170452833176,0.1,126
0.8854961832061069,0.06234276667237282,13500416,0.06175057590007782,0.0621013306081295,0.062261514365673065,0.11450381679389313,0.061733588576316833,0.061594169586896896,0.06196551397442818,0.061726830899715424,0.06112276762723923,1817,0.06209799647331238,648.9229736328125,131,103,0.06204887852072716,0.06237123906612396,0.061699699610471725,7428,0.062167178839445114,0.06135090813040733,1.3816641221374055,0.0,0.06140679493546486,951.2,0.06142684072256088,-1.0,0.8854961832061069,0.06237123906612396,0.061590880155563354,0.0609516017138958,0.0,0.06187010556459427,0.06136399880051613,0.06221364811062813,0.06135694682598114,0.0609516017138958,0.06113262102007866,0.06195136159658432,-0.0034294677163416052,34.17082377374172,0.12776052357803563,0.8699277639389038,1e-05,0.0,0.12715682983398438,0.5363108515739441,0.0024594339,0.2,1020,0.06174399331212044,0.1,116
0.9343065693430657,0.06247301772236824,13631488,0.061881184577941895,0.062230825424194336,0.06243171542882919,0.06569343065693431,0.06185469031333923,0.061682283878326416,0.06213170289993286,0.06187216937541962,0.0612771138548851,1835,0.06232490390539169,665.4677124023438,137,104,0.06220393255352974,0.062543123960495,0.06181773170828819,7428,0.06228308752179146,0.061515845358371735,1.4006715328467163,0.0,0.061515141278505325,978.99,0.061575714498758316,-1.0,0.9343065693430657,0.062543123960495,0.06172294542193413,0.061183858662843704,0.0,0.06195987015962601,0.061514876782894135,0.06236119940876961,0.06141560897231102,0.061183858662843704,0.06132804974913597,0.06216821447014809,-0.003273231961293277,34.11387678086758,0.16719986575772056,0.8552509546279907,1e-05,0.0,0.1310211181640625,0.5529375672340393,0.0025886483,0.2,1030,0.061890751123428345,0.1,128
0.8928571428571429,0.06264118105173111,13762560,0.06206874921917915,0.06235639750957489,0.06255356222391129,0.10714285714285714,0.061982788145542145,0.061831410974264145,0.06227627396583557,0.06198040768504143,0.061416253447532654,1852,0.0624350942671299,658.8472900390625,140,105,0.06232646480202675,0.06266681849956512,0.06191618740558624,7427,0.062387313693761826,0.06169671565294266,1.377700000000001,0.0,0.061674460768699646,971.67,0.06179176643490791,-1.0,0.8928571428571429,0.06266681849956512,0.06184034422039986,0.061258021742105484,0.0,0.06219478324055672,0.06166362762451172,0.06251317262649536,0.06155233085155487,0.061258021742105484,0.06144164875149727,0.06230074539780617,-0.003183164409529127,34.05613931119442,0.11373364515020512,0.8476845026016235,1e-05,0.0,0.126544189453125,0.4669761061668396,0.002387711,0.2,1040,0.06203065812587738,0.1,125
0.9236641221374046,0.06271950900554657,13893632,0.062282584607601166,0.062473464757204056,0.06264334917068481,0.07633587786259542,0.06212031468749046,0.061999768018722534,0.062402501702308655,0.062167488038539886,0.06161072105169296,1870,0.06254245340824127,654.9840087890625,131,106,0.06248195841908455,0.06278794258832932,0.06205815449357033,7427,0.06257238984107971,0.061886850744485855,1.3886412213740469,0.0,0.06180345267057419,967.99,0.06185399740934372,-1.0,0.9236641221374046,0.06278794258832932,0.0620141364634037,0.061392929404973984,0.0,0.06233315169811249,0.06182582303881645,0.06268598884344101,0.06168466806411743,0.061392929404973984,0.06162312254309654,0.06242750212550163,-0.0036107288000948754,33.99847711622715,0.12816019768069964,0.9031190276145935,1e-05,0.0,0.12731781005859374,0.43699902296066284,0.0025451942,0.2,1050,0.06217576935887337,0.1,121
0.9172413793103448,0.0627528578042984,14024704,0.06243997812271118,0.06268144398927689,0.06280422955751419,0.08275862068965517,0.062209878116846085,0.06221001222729683,0.06256996840238571,0.06237398833036423,0.06177195534110069,1888,0.06270890682935715,651.5072021484375,145,107,0.06271663308143616,0.06290722638368607,0.06224570795893669,7427,0.0626644715666771,0.06212792545557022,1.405751724137932,0.0,0.06196673959493637,960.18,0.0619962215423584,-1.0,0.9172413793103448,0.06290722638368607,0.06215517222881317,0.06151864677667618,0.0,0.06255660206079483,0.06193380430340767,0.06286175549030304,0.061904795467853546,0.06151864677667618,0.06175560876727104,0.06260181218385696,-0.00371219333683257,33.93671427965164,0.11505826606007759,0.8588259816169739,1e-05,0.0,0.12329254150390626,0.47711288928985596,0.002432254,0.2,1060,0.06233745068311691,0.1,133
0.928,0.06295633316040039,14155776,0.06255515664815903,0.06278276443481445,0.06293037533760071,0.072,0.06231032684445381,0.06236961483955383,0.06270352005958557,0.06250995397567749,0.06194368004798889,1905,0.06276208907365799,652.4746704101562,125,108,0.06278665363788605,0.06304467469453812,0.06243950128555298,7427,0.06278776377439499,0.062281690537929535,1.3935520000000008,0.0,0.06207842752337456,961.33,0.062235381454229355,-1.0,0.928,0.06304467469453812,0.06221926957368851,0.061580222100019455,0.0,0.06266321241855621,0.06214619427919388,0.06299898028373718,0.062062785029411316,0.061580222100019455,0.06185786426067352,0.06273079663515091,-0.0034042397887787956,33.878404116630556,0.09983609089977108,0.8894618153572083,1e-05,0.0,0.12158584594726562,0.464495986700058,0.0024037226,0.2,1070,0.0624694861471653,0.1,116
0.8986486486486487,0.0630255714058876,14286848,0.06264678388834,0.06289505213499069,0.0630783960223198,0.10135135135135136,0.0624372661113739,0.062468789517879486,0.06288251280784607,0.06265443563461304,0.06210817024111748,1923,0.06283379346132278,666.2369384765625,148,109,0.06298139691352844,0.06318997591733932,0.06259382516145706,7427,0.06290919333696365,0.06240565702319145,1.3840135135135145,0.0,0.06217952445149422,981.91,0.06240870803594589,-1.0,0.8986486486486487,0.06323070079088211,0.062356144189834595,0.06174309551715851,0.0,0.06280210614204407,0.06227536499500275,0.06323070079088211,0.06222839280962944,0.06174309551715851,0.06197959557175636,0.06292645633220673,-0.0034470619732474006,33.82397573888302,0.12379072836774867,0.8597701191902161,1e-05,0.0,0.1280975341796875,0.47973811626434326,0.0024633445,0.2,1080,0.06260964274406433,0.1,133
0.8870967741935484,0.0632755309343338,14417920,0.06281539797782898,0.06304571032524109,0.06319957971572876,0.11290322580645161,0.06258036941289902,0.06260457634925842,0.06308913230895996,0.06282699108123779,0.062220025807619095,1941,0.06296040117740631,643.5293579101562,124,110,0.06309955567121506,0.06329149752855301,0.06274246424436569,7426,0.06296637654304504,0.06256386637687683,1.3921290322580655,0.0,0.062361959367990494,943.28,0.0625799372792244,-1.0,0.8870967741935484,0.06340498477220535,0.06253823637962341,0.061895955353975296,0.0,0.06287380307912827,0.06244523078203201,0.06340498477220535,0.06241866201162338,0.061895955353975296,0.06212743744254112,0.06311412155628204,-0.0037056355188269663,33.76548747420311,0.11542637298989575,0.8705219626426697,1e-05,0.0,0.1219970703125,0.43450871109962463,0.0023461226,0.2,1090,0.06276167184114456,0.1,110
0.9295774647887324,0.06345681101083755,14548992,0.06301476806402206,0.06315407156944275,0.06326426565647125,0.07042253521126761,0.06274394690990448,0.06280556321144104,0.06323232501745224,0.06294775009155273,0.06233720853924751,1959,0.06306774914264679,668.6036987304688,142,111,0.06322074681520462,0.06340335309505463,0.06282585859298706,7426,0.06299839168787003,0.06273198127746582,1.386661971830987,0.0,0.06258109956979752,980.47,0.06279963254928589,-1.0,0.9295774647887324,0.06355815380811691,0.06264443695545197,0.06200430542230606,0.0,0.06310877948999405,0.06250877678394318,0.06355815380811691,0.06258239597082138,0.06200430542230606,0.06224441900849342,0.06322983652353287,-0.0033963148951443147,33.70805351436138,0.1252014051016886,0.8873029351234436,1e-05,0.0,0.12600784301757811,0.4000752866268158,0.002445192,0.2,1100,0.0628986656665802,0.1,132
0.8939393939393939,0.06363002210855484,14680064,0.06317467242479324,0.06330624222755432,0.06340569257736206,0.10606060606060606,0.06281658262014389,0.06290139257907867,0.06340965628623962,0.06305405497550964,0.06252110004425049,1977,0.06315109133720398,640.5643920898438,132,112,0.06331755965948105,0.06352368742227554,0.06298145651817322,7425,0.06316202133893967,0.06288935244083405,1.3914848484848494,0.0,0.06281057745218277,942.43,0.06289918720722198,-1.0,0.8939393939393939,0.06375367194414139,0.06273823231458664,0.06213353946805,0.0,0.06327363103628159,0.06267817318439484,0.06375367194414139,0.06271038204431534,0.06213353946805,0.06243765354156494,0.06342090666294098,-0.0031258893640369934,33.65161589384079,0.1047176731575746,0.8502559065818787,1e-05,0.0,0.11945114135742188,0.4742486774921417,0.0023608038,0.2,1110,0.06304402649402618,0.1,118
0.951048951048951,0.06379532068967819,14811136,0.063315749168396,0.06348466873168945,0.06353314220905304,0.04895104895104895,0.06294611841440201,0.06298092752695084,0.06348063051700592,0.06324304640293121,0.06264518946409225,1994,0.0632501021027565,658.3121337890625,143,113,0.06346695125102997,0.06363178044557571,0.06315262615680695,7424,0.06330332905054092,0.06309197843074799,1.4042657342657352,0.0,0.06296714395284653,969.78,0.06300663948059082,-1.0,0.951048951048951,0.0639123022556305,0.06285952031612396,0.062268879264593124,0.0,0.06342492997646332,0.06276129931211472,0.0639123022556305,0.06284649670124054,0.062268879264593124,0.06262475997209549,0.06363434344530106,-0.003508917786393795,33.595344653725626,0.11974376672878861,0.861301600933075,1e-05,0.0,0.12531204223632814,0.46406567096710205,0.002462334,0.2,1120,0.06318511068820953,0.1,136
0.905511811023622,0.06394439935684204,14942208,0.06336179375648499,0.06357811391353607,0.06367125362157822,0.09448818897637795,0.06307603418827057,0.06308601796627045,0.06366461515426636,0.06341677904129028,0.06269622594118118,2012,0.0633951723575592,663.74072265625,127,114,0.06363210082054138,0.0637955516576767,0.06329963356256485,7424,0.06337794661521912,0.06323789060115814,1.3866614173228358,0.0,0.06311190873384476,976.28,0.06311322003602982,-1.0,0.905511811023622,0.0640694722533226,0.06296747177839279,0.062349606305360794,0.0,0.06356541067361832,0.06286969780921936,0.0640694722533226,0.06305067241191864,0.062349606305360794,0.06271134316921234,0.0638403594493866,-0.0032052999750249002,33.541421154141425,0.10149085893644952,0.8859286308288574,1e-05,0.0,0.12472000122070312,0.42243584990501404,0.0023983733,0.2,1130,0.06331530213356018,0.1,115
0.9020979020979021,0.06408857554197311,15073280,0.06349681317806244,0.0637311190366745,0.06381767988204956,0.0979020979020979,0.06318207085132599,0.06322379410266876,0.06368013471364975,0.06354258954524994,0.06277462095022202,2030,0.06360962241888046,646.0751342773438,143,115,0.06373610347509384,0.06401634216308594,0.06348235160112381,7423,0.06350228935480118,0.06335140019655228,1.4174825174825185,0.0,0.06328188627958298,954.27,0.06335091590881348,-1.0,0.9020979020979021,0.06426062434911728,0.0630970150232315,0.06250813603401184,0.0,0.06371129304170609,0.06296295672655106,0.06426062434911728,0.06323312968015671,0.06250813603401184,0.0627562403678894,0.06406950205564499,-0.0034858410246670244,33.48703196644783,0.11329611868713982,0.8986974358558655,1e-05,0.0,0.12327804565429687,0.42731809616088867,0.0023678062,0.2,1140,0.06345868855714798,0.1,129
0.921875,0.06413711607456207,15204352,0.06370017677545547,0.06385774165391922,0.06393305957317352,0.078125,0.06337177753448486,0.06340312212705612,0.06381906569004059,0.06366308778524399,0.06290557980537415,2048,0.06378015875816345,648.8665771484375,128,116,0.06387724727392197,0.06416330486536026,0.0635625347495079,7423,0.0636061280965805,0.06352578103542328,1.400312500000001,0.0,0.06347022950649261,955.26,0.0635240226984024,-1.0,0.921875,0.06436020880937576,0.06327802687883377,0.06265831738710403,0.0,0.06379242986440659,0.0630880817770958,0.06436020880937576,0.06335268914699554,0.06265831738710403,0.06289314478635788,0.06418899446725845,-0.003659563031669677,33.43208727836609,0.1317300899652764,0.8862518072128296,1e-05,0.0,0.12135772705078125,0.4387326240539551,0.0023587167,0.2,1150,0.06359647959470749,0.1,118
0.9347826086956522,0.06431235373020172,15335424,0.06383085995912552,0.06393644213676453,0.06408131122589111,0.06521739130434782,0.0635204166173935,0.06358347833156586,0.06398905813694,0.06384796649217606,0.06313400715589523,2065,0.0639762133359909,660.74560546875,138,117,0.06400017440319061,0.0642610564827919,0.06366495043039322,7424,0.06378470361232758,0.06370612978935242,1.4002898550724652,0.0,0.06356111913919449,971.77,0.06373350322246552,-1.0,0.9347826086956522,0.06449901312589645,0.06339195370674133,0.06280569732189178,0.0,0.06388650834560394,0.06328525394201279,0.06449901312589645,0.0634952038526535,0.06280569732189178,0.06305426359176636,0.06426914781332016,-0.0034165641326580954,33.37561248838902,0.11145706499228254,0.8860279321670532,1e-05,0.0,0.11567840576171876,0.39423424005508423,0.002264416,0.2,1160,0.0637444332242012,0.1,129
0.917910447761194,0.06443817913532257,15466496,0.06407845765352249,0.06410001963376999,0.06429308652877808,0.08208955223880597,0.06366999447345734,0.06376297771930695,0.06405588239431381,0.06398167461156845,0.06336548179388046,2083,0.06415446102619171,651.8905639648438,134,118,0.0642024502158165,0.06444311141967773,0.06383487582206726,7423,0.0638580471277237,0.0638689175248146,1.4043432835820906,0.0,0.06370162218809128,957.85,0.06391400843858719,-1.0,0.917910447761194,0.06462284922599792,0.06347499787807465,0.06290601193904877,0.0,0.06401725113391876,0.06343720853328705,0.06462284922599792,0.06369463354349136,0.06290601193904877,0.06322076916694641,0.06443604081869125,-0.003509370450501592,33.315531733632085,0.10150553502899129,0.8414431214332581,1e-05,0.0,0.11875076293945312,0.40137922763824463,0.002361195,0.2,1170,0.06390132009983063,0.1,123
0.9416058394160584,0.06463278830051422,15597568,0.06421200186014175,0.06425443291664124,0.06439950317144394,0.058394160583941604,0.0638396143913269,0.06392298638820648,0.06422561407089233,0.06418273597955704,0.06357380747795105,2101,0.06433101743459702,661.4031372070312,137,119,0.06431020796298981,0.06451428681612015,0.06398890167474747,7423,0.06400835514068604,0.06391166150569916,1.4015912408759135,0.0,0.06384292989969254,967.75,0.06404594331979752,-1.0,0.9416058394160584,0.06471628695726395,0.0635448470711708,0.06304682046175003,0.0,0.06429249793291092,0.0636112242937088,0.06471628695726395,0.0638294443488121,0.06304682046175003,0.0633968636393547,0.06462528556585312,-0.003146760732670373,33.25605065524578,0.1297591356531484,0.8605525493621826,1e-05,0.0,0.12758255004882812,0.457505464553833,0.002509223,0.2,1180,0.06405040621757507,0.1,129
0.910958904109589,0.06477045267820358,15728640,0.06438857316970825,0.06443712115287781,0.06462380290031433,0.08904109589041095,0.06392516195774078,0.06398458778858185,0.06430448591709137,0.06433692574501038,0.06371009349822998,2118,0.06455444544553757,668.7129516601562,146,120,0.06448934227228165,0.06459995359182358,0.06407799571752548,7423,0.06417020410299301,0.06404928117990494,1.4096575342465765,0.0,0.06399938464164734,980.39,0.06428463757038116,-1.0,0.910958904109589,0.06484201550483704,0.06374282389879227,0.06320531666278839,0.0,0.06449185311794281,0.06374861299991608,0.06480971723794937,0.06395034492015839,0.06320531666278839,0.0635155737400055,0.06484201550483704,-0.003471908666733725,33.19697775840759,0.08907908145920373,0.8685499429702759,1e-05,0.0,0.12028427124023437,0.41261374950408936,0.002334626,0.2,1190,0.0642005056142807,0.1,133
0.896,0.0648949146270752,15859712,0.0645054429769516,0.06458694487810135,0.06472653150558472,0.104,0.06406834721565247,0.06415639072656631,0.0644281804561615,0.06444618105888367,0.06390943378210068,2136,0.06480163335800171,660.6441650390625,125,121,0.06464780122041702,0.06473644077777863,0.064222551882267,7423,0.06430842727422714,0.06421279907226562,1.427296000000001,0.0,0.0641125813126564,972.51,0.06444092839956284,-1.0,0.896,0.06493841856718063,0.06389152258634567,0.06331486254930496,0.0,0.06461255997419357,0.063933365046978,0.06493131071329117,0.0641150251030922,0.06331486254930496,0.06361906975507736,0.06493841856718063,-0.0038502214199070293,33.141580793261525,0.12294132449023891,0.8904633522033691,1e-05,0.0,0.12866744995117188,0.5114887952804565,0.0024409608,0.2,1200,0.06434246897697449,0.1,112
0.9078014184397163,0.06504077464342117,15990784,0.06459404528141022,0.06471170485019684,0.06484657526016235,0.09219858156028368,0.06416039913892746,0.06426477432250977,0.0645529255270958,0.06456272304058075,0.06407931447029114,2154,0.06497916579246521,645.346435546875,141,122,0.0647314041852951,0.06488442420959473,0.06441880762577057,7423,0.0644499659538269,0.06434861570596695,1.3839007092198592,0.0,0.06427109241485596,950.48,0.06463978439569473,-1.0,0.9078014184397163,0.06518097221851349,0.06408482789993286,0.06351211667060852,0.0,0.06484789401292801,0.06406935304403305,0.06505462527275085,0.06429542601108551,0.06351211667060852,0.06382516771554947,0.06518097221851349,-0.004012427750785719,33.08289744853973,0.11972405527485534,0.9087689518928528,1e-05,0.0,0.12575607299804686,0.4498160481452942,0.0025473651,0.2,1210,0.06449627131223679,0.1,128
0.8863636363636364,0.06524930894374847,16121856,0.06478505581617355,0.06481360644102097,0.06496337801218033,0.11363636363636363,0.06429414451122284,0.06429633498191833,0.06472142040729523,0.06469814479351044,0.064223513007164,2172,0.06504533439874649,645.9910278320312,132,123,0.06478390097618103,0.06509622186422348,0.06462938338518143,7422,0.06462748348712921,0.0644831508398056,1.4061060606060614,0.0,0.0643751248717308,954.18,0.0647524893283844,-1.0,0.8863636363636364,0.06535492837429047,0.0641593262553215,0.06365050375461578,0.0,0.06500893086194992,0.06414151191711426,0.0651455670595169,0.06442472338676453,0.06365050375461578,0.06397101283073425,0.06535492837429047,-0.0035413883235378306,33.02830934822559,0.12990974674466998,0.8917983174324036,1e-05,0.0,0.12238082885742188,0.48305636644363403,0.0024238713,0.2,1220,0.06462777405977249,0.1,117
0.8723404255319149,0.0653219148516655,16252928,0.06478837877511978,0.06499554216861725,0.06516031920909882,0.1276595744680851,0.06438897550106049,0.06446726620197296,0.06484155356884003,0.06494060158729553,0.06445429474115372,2189,0.0652334988117218,644.1019287109375,141,124,0.06496979296207428,0.06522700190544128,0.06476283818483353,7422,0.06476642191410065,0.06456109136343002,1.3891489361702138,0.0,0.06450486183166504,952.18,0.06480348855257034,-1.0,0.8723404255319149,0.06557679921388626,0.06432926654815674,0.06377620249986649,0.0,0.06520218402147293,0.06430196017026901,0.06529442220926285,0.06453356146812439,0.06377620249986649,0.06415669620037079,0.06557679921388626,-0.0038735436629394825,32.974593478441236,0.17086073617683722,0.8865880370140076,1e-05,0.0,0.130096435546875,0.5194122791290283,0.00255551,0.2,1230,0.06477436423301697,0.1,123
0.9097744360902256,0.06554602086544037,16384000,0.06484796851873398,0.06514105945825577,0.06539051234722137,0.09022556390977443,0.06451402604579926,0.06458976119756699,0.06495148688554764,0.06509365886449814,0.06461101770401001,2207,0.065430648624897,656.7781372070312,133,125,0.06513543426990509,0.065445177257061,0.06488688290119171,7421,0.06493129581212997,0.06478126347064972,1.3970225563909786,0.0,0.06468214839696884,963.64,0.06494008749723434,-1.0,0.9097744360902256,0.06579206883907318,0.06445463746786118,0.06402827799320221,0.0,0.06530667096376419,0.06446447223424911,0.06542666256427765,0.06464574486017227,0.06402827799320221,0.06431479007005692,0.06579206883907318,-0.003545672009113332,32.91514218449593,0.14845794020802713,0.8854079246520996,1e-05,0.0,0.1199951171875,0.5518754720687866,0.0023657102,0.2,1240,0.06493406742811203,0.1,121
0.8913043478260869,0.06572606414556503,16515072,0.06499461084604263,0.06530119478702545,0.06556494534015656,0.10869565217391304,0.06467420607805252,0.06474483758211136,0.06520015001296997,0.06520826369524002,0.06470450013875961,2225,0.0655750036239624,652.3855590820312,138,126,0.06527798622846603,0.06554200500249863,0.06504960358142853,7421,0.06508541852235794,0.06496664881706238,1.4066376811594214,0.0,0.06489676982164383,960.54,0.06511343270540237,-1.0,0.8913043478260869,0.06596512347459793,0.06465690582990646,0.06408189237117767,0.0,0.06541676819324493,0.06455681473016739,0.06564539670944214,0.0647367313504219,0.06408189237117767,0.06452051550149918,0.06596512347459793,-0.00333730456441117,32.85437087714672,0.12044795193651225,0.8761358857154846,1e-05,0.0,0.123980712890625,0.46040430665016174,0.002448325,0.2,1250,0.06508822739124298,0.1,123
0.9291338582677166,0.06582459062337875,16646144,0.06514798849821091,0.06542938947677612,0.06573259830474854,0.07086614173228346,0.06489316374063492,0.06492526084184647,0.06531765311956406,0.06532791256904602,0.06484947353601456,2243,0.06576954573392868,656.9325561523438,127,127,0.06532236933708191,0.06571028381586075,0.06514130532741547,7421,0.06531570106744766,0.06510572135448456,1.4108031496063003,0.0,0.06508897244930267,970.66,0.065301313996315,-1.0,0.9291338582677166,0.06607317924499512,0.06477974355220795,0.06420973688364029,0.0,0.06552383303642273,0.06471937149763107,0.06580380350351334,0.06490594148635864,0.06420973688364029,0.0646047443151474,0.06607317924499512,-0.0037785579153478467,32.79700627326965,0.121432296797866,0.8921095728874207,1e-05,0.0,0.12984542846679686,0.44249725341796875,0.002543241,0.2,1260,0.06523294746875763,0.1,118
0.918918918918919,0.06602691113948822,16777216,0.06537468731403351,0.06558849662542343,0.0659792497754097,0.08108108108108109,0.06499692052602768,0.06509875506162643,0.06540468335151672,0.06548650562763214,0.06498747318983078,2260,0.06597136706113815,654.56396484375,148,128,0.06554525345563889,0.06590037047863007,0.06528772413730621,7420,0.0654359757900238,0.06527029722929001,1.3937972972972983,0.0,0.06528124958276749,962.67,0.06549650430679321,-1.0,0.918918918918919,0.06619417667388916,0.0649673119187355,0.06437259912490845,0.0,0.06571868062019348,0.06480681151151657,0.06601370871067047,0.06504753977060318,0.06437259912490845,0.06475139409303665,0.06619417667388916,-0.003409390368506138,32.736979216337204,0.102306851092726,0.8908572196960449,1e-05,0.0,0.1210235595703125,0.40825986862182617,0.0024469635,0.2,1270,0.06540018320083618,0.1,136
0.9291338582677166,0.06617451459169388,16908288,0.06551791727542877,0.0657939463853836,0.0661337748169899,0.07086614173228346,0.0651511400938034,0.06526712328195572,0.06551919132471085,0.06558562070131302,0.06521400064229965,2278,0.06614071875810623,668.6205444335938,127,129,0.06564713269472122,0.06611351668834686,0.06537554413080215,7419,0.06556613743305206,0.06541880965232849,1.3882834645669304,0.0,0.0653642788529396,982.62,0.06564362347126007,-1.0,0.9291338582677166,0.06633301824331284,0.06510403007268906,0.06449512392282486,0.0,0.06586452573537827,0.06493739783763885,0.06617622077465057,0.06526347994804382,0.06449512392282486,0.06492038071155548,0.06633301824331284,-0.0042567621935631905,32.67763171494007,0.12553322447929532,0.878796398639679,1e-05,0.0,0.12760772705078124,0.4591361880302429,0.0025371364,0.2,1280,0.065548837184906,0.1,118
0.9047619047619048,0.06635906547307968,17039360,0.06567393243312836,0.06590813398361206,0.0663091242313385,0.09523809523809523,0.06533263623714447,0.06531835347414017,0.06562846153974533,0.0657297745347023,0.06540415436029434,2296,0.06629755347967148,654.0609741210938,147,130,0.06568928062915802,0.0661875382065773,0.06553728878498077,7419,0.06564614176750183,0.06552784889936447,1.4042585034013617,0.0,0.06554058194160461,960.8,0.06573484092950821,-1.0,0.9047619047619048,0.06648483872413635,0.06523042172193527,0.06468293070793152,0.0,0.065985307097435,0.0650683045387268,0.06625152379274368,0.06533930450677872,0.06468293070793152,0.06494470685720444,0.06648483872413635,-0.003442900499612733,32.62561726868152,0.11027220097312238,0.8674979209899902,1e-05,0.0,0.12082595825195312,0.39760729670524597,0.002378025,0.2,1290,0.06567248702049255,0.1,133
0.904,0.06653691828250885,17170432,0.06584397703409195,0.06611017882823944,0.06638685613870621,0.096,0.06546001881361008,0.06548970937728882,0.0658576488494873,0.06594081223011017,0.06555924564599991,2314,0.06649387627840042,656.5667114257812,125,131,0.06583674252033234,0.06629804521799088,0.06566351652145386,7419,0.06579465419054031,0.06575696915388107,1.3918560000000009,0.0,0.06562470644712448,969.48,0.06590252369642258,-1.0,0.904,0.0667145848274231,0.06533072143793106,0.0648307353258133,0.0,0.06612269580364227,0.06521481275558472,0.0664331391453743,0.06544756144285202,0.0648307353258133,0.0650966539978981,0.0667145848274231,-0.0037134251191673685,32.57200248539448,0.13038059091195464,0.8940851092338562,1e-05,0.0,0.1265167236328125,0.431688129901886,0.0024852185,0.2,1300,0.06582989543676376,0.1,113
0.9319727891156463,0.06673019379377365,17301504,0.0659625455737114,0.06627174466848373,0.06646556407213211,0.06802721088435375,0.0655728280544281,0.06558142602443695,0.06599172204732895,0.06609750539064407,0.06570589542388916,2332,0.0667252317070961,661.950439453125,147,132,0.06599745154380798,0.06655851006507874,0.06582816690206528,7418,0.06591714173555374,0.06588081270456314,1.3861632653061233,0.0,0.06571698933839798,977.11,0.06598964333534241,-1.0,0.9319727891156463,0.0668639987707138,0.06547276675701141,0.06490713357925415,0.0,0.06627239286899567,0.06542124599218369,0.06660181283950806,0.06560257077217102,0.06490713357925415,0.0652397871017456,0.0668639987707138,-0.0035279327640182602,32.51461338996887,0.1129951582668582,0.8774252533912659,1e-05,0.0,0.12506637573242188,0.49864500761032104,0.002362942,0.2,1310,0.06597500294446945,0.1,137
0.928,0.06688041985034943,17432576,0.06613510102033615,0.0663113072514534,0.06663092225790024,0.072,0.06571805477142334,0.06563591212034225,0.06611236929893494,0.06623674184083939,0.06588985025882721,2349,0.06684066355228424,656.9159545898438,125,133,0.06612316519021988,0.06670254468917847,0.06602027267217636,7418,0.06611604243516922,0.06605229526758194,1.3788480000000012,0.0,0.06570154428482056,964.15,0.06617958098649979,-1.0,0.928,0.06704339385032654,0.06562689691781998,0.06498768925666809,0.0,0.06635580956935883,0.0655256137251854,0.0666736289858818,0.06584736704826355,0.06498768925666809,0.06539680808782578,0.06704339385032654,-0.0035427421741133004,32.462084332108496,0.10330137966084293,0.8994315266609192,1e-05,0.0,0.11849212646484375,0.4028976261615753,0.0022838255,0.2,1320,0.06610975414514542,0.1,116
0.916083916083916,0.06701282411813736,17563648,0.0663219764828682,0.0665096864104271,0.0667557492852211,0.08391608391608392,0.06594909727573395,0.06575509160757065,0.06632757186889648,0.06637296080589294,0.06597974896430969,2367,0.06706636399030685,666.025634765625,143,134,0.06622665375471115,0.06686022132635117,0.0661706030368805,7418,0.06634285300970078,0.06612177938222885,1.4106013986013997,0.0,0.06577249616384506,981.76,0.06629645824432373,-1.0,0.916083916083916,0.0672268271446228,0.06578025966882706,0.06510933488607407,0.0,0.06648612022399902,0.06568662822246552,0.06686734408140182,0.06599979847669601,0.06510933488607407,0.0654803067445755,0.0672268271446228,-0.003524166588385924,32.40785941183567,0.10653934415604453,0.8817071914672852,1e-05,0.0,0.12681121826171876,0.43943631649017334,0.0025253124,0.2,1330,0.06625914573669434,0.1,131
0.9193548387096774,0.06718055158853531,17694720,0.06644522398710251,0.06664633750915527,0.0669526755809784,0.08064516129032258,0.06600673496723175,0.06581924110651016,0.06649424135684967,0.06648404896259308,0.06619465351104736,2385,0.06724441051483154,657.6026000976562,124,135,0.06632328778505325,0.06704068928956985,0.06627292931079865,7418,0.06643475592136383,0.06625188887119293,1.3818709677419365,0.0,0.06589166820049286,967.85,0.06649449467658997,-1.0,0.9193548387096774,0.0673786997795105,0.06591501832008362,0.06522165238857269,0.0,0.06659235060214996,0.06587348133325577,0.06708066165447235,0.06620407849550247,0.06522165238857269,0.06559149920940399,0.0673786997795105,-0.0034297704686650833,32.35262467265129,0.1092982178874081,0.8835289478302002,1e-05,0.0,0.11902847290039062,0.42850998044013977,0.0023539271,0.2,1340,0.066401407122612,0.1,114
0.918918918918919,0.06730899959802628,17825792,0.06662049144506454,0.0667848140001297,0.06712652742862701,0.08108108108108109,0.06613395363092422,0.06596343964338303,0.06659798324108124,0.06668608635663986,0.0662926658987999,2403,0.0674305409193039,649.576904296875,148,136,0.066444031894207,0.06717690080404282,0.06627435237169266,7417,0.06661750376224518,0.06644131243228912,1.3925945945945957,0.0,0.06607148051261902,951.01,0.06665507704019547,-1.0,0.918918918918919,0.06752726435661316,0.06613743305206299,0.06542225927114487,0.0,0.06669794768095016,0.06594736874103546,0.0672578439116478,0.06632986664772034,0.06542225927114487,0.06573338061571121,0.06752726435661316,-0.0033889582462052203,32.299094292521474,0.10561281344271264,0.8571343421936035,1e-05,0.0,0.12295150756835938,0.3807920813560486,0.002435436,0.2,1350,0.06654718518257141,0.1,136
0.8682170542635659,0.06747092306613922,17956864,0.06674104183912277,0.06694198399782181,0.06725766509771347,0.13178294573643412,0.06623304635286331,0.06618548184633255,0.06676904112100601,0.0668366476893425,0.06649390608072281,2420,0.06766919046640396,641.9640502929688,129,137,0.06650286167860031,0.06737629324197769,0.06632991880178452,7417,0.06678558140993118,0.06664584577083588,1.4110387596899236,0.0,0.06621191650629044,950.2,0.06673648953437805,-1.0,0.8682170542635659,0.06766919046640396,0.06633961200714111,0.06554479897022247,0.0,0.06682879477739334,0.06613781303167343,0.06739785522222519,0.06660009920597076,0.06554479897022247,0.06588573008775711,0.06766528636217117,-0.003555717166636896,32.24271569550037,0.1494792671437608,0.8661802411079407,1e-05,0.0,0.12648696899414064,0.43392372131347656,0.0024731895,0.2,1360,0.06670351326465607,0.1,112
0.9230769230769231,0.06766236573457718,18087936,0.06687629222869873,0.06708533316850662,0.06739071756601334,0.07692307692307693,0.06639434397220612,0.06630240380764008,0.06689588725566864,0.0669582188129425,0.06665479391813278,2438,0.06785628944635391,654.52099609375,143,138,0.06668771058320999,0.06759010255336761,0.06653779000043869,7416,0.06693968921899796,0.06688649952411652,1.3827832167832175,0.0,0.06638491153717041,959.82,0.06687987595796585,-1.0,0.9230769230769231,0.06785628944635391,0.06645727902650833,0.06582758575677872,0.0,0.06688828021287918,0.0663071796298027,0.0675547868013382,0.06676800549030304,0.06582758575677872,0.06596384942531586,0.06775833666324615,-0.0037852227280382065,32.183290326595305,0.15095111866248773,0.8891283869743347,1e-05,0.0,0.119244384765625,0.46701014041900635,0.002411792,0.2,1370,0.06686034053564072,0.1,132
0.9323308270676691,0.06784624606370926,18219008,0.06708128750324249,0.06728052347898483,0.06756870448589325,0.06766917293233082,0.0664837583899498,0.06640169024467468,0.06708045303821564,0.0670599564909935,0.0668083056807518,2456,0.06791172176599503,663.6124877929688,133,139,0.06677236407995224,0.06777756661176682,0.06672094762325287,7416,0.06717441976070404,0.06708096712827682,1.39042105263158,0.0,0.0665418803691864,973.3,0.0669771358370781,-1.0,0.9323308270676691,0.06792035698890686,0.06659729033708572,0.06600448489189148,0.0,0.06703389436006546,0.06641660630702972,0.06765016913414001,0.06686847656965256,0.06600448489189148,0.06620074808597565,0.06792035698890686,-0.003460948170368283,32.125683948397636,0.0937218399165431,0.8828297853469849,1e-05,0.0,0.11973342895507813,0.3976181447505951,0.0023487955,0.2,1380,0.06701040267944336,0.1,124
0.9290780141843972,0.06803762912750244,18350080,0.06718647480010986,0.06737899035215378,0.06772506982088089,0.07092198581560284,0.06668977439403534,0.06650938093662262,0.06722655147314072,0.06721965968608856,0.06689273566007614,2474,0.06809113174676895,659.0369262695312,141,140,0.0668933093547821,0.06797151267528534,0.0667969211935997,7416,0.0673394650220871,0.06721140444278717,1.3746099290780152,0.0,0.06674284487962723,967.36,0.06716621667146683,-1.0,0.9290780141843972,0.06809113174676895,0.06667312979698181,0.06616461277008057,0.0,0.06715068221092224,0.06658850610256195,0.06782462447881699,0.06695887446403503,0.06616461277008057,0.06640239804983139,0.06808903813362122,-0.0029638491444529793,32.07041384279728,0.10500907353707589,0.8261687755584717,1e-05,0.0,0.11608734130859374,0.3804783225059509,0.0023113582,0.2,1390,0.06715723872184753,0.1,131
0.952,0.06817973405122757,18481152,0.0673494040966034,0.0675278753042221,0.06798062473535538,0.048,0.06692711263895035,0.06669334322214127,0.0674009695649147,0.0673191100358963,0.06707602739334106,2491,0.06825722008943558,671.1339721679688,125,141,0.06700003892183304,0.06818649917840958,0.06694037467241287,7416,0.06757661700248718,0.06733065098524094,1.399104000000001,0.0,0.0669158324599266,984.13,0.06741366535425186,-1.0,0.952,0.06825722008943558,0.06678040325641632,0.06632265448570251,0.0,0.06738139688968658,0.06678486615419388,0.06793917715549469,0.06715422123670578,0.06632265448570251,0.06652519106864929,0.06817565113306046,-0.00336452995570653,32.01113359183073,0.1109976236592047,0.8800550103187561,1e-05,0.0,0.11735687255859376,0.43219947814941406,0.002351365,0.2,1400,0.06732554733753204,0.1,119
0.9225352112676056,0.06833702325820923,18612224,0.06744211912155151,0.06761669367551804,0.06809469312429428,0.07746478873239436,0.06711180508136749,0.06681107729673386,0.06750667840242386,0.06749666482210159,0.0672178789973259,2510,0.06833106279373169,652.1580200195312,142,142,0.06719282269477844,0.06832433491945267,0.06708670407533646,7415,0.06764855980873108,0.06747251749038696,1.3932535211267616,0.0,0.06709208339452744,961.76,0.06751379370689392,-1.0,0.9225352112676056,0.06835371255874634,0.06694789230823517,0.06637585908174515,0.0,0.06746677309274673,0.06688777357339859,0.06795568019151688,0.06732212752103806,0.06637585908174515,0.06669442355632782,0.06835371255874634,-0.003544864447167129,31.957238845527172,0.09211049648583866,0.8676445484161377,1e-05,0.0,0.1175933837890625,0.40550678968429565,0.0023409855,0.2,1410,0.06745202839374542,0.1,131
0.9444444444444444,0.0685536190867424,18743296,0.06759928911924362,0.06782589852809906,0.06823772192001343,0.05555555555555555,0.0673142522573471,0.0669596865773201,0.06780517101287842,0.06766507774591446,0.0672893151640892,2527,0.06854989379644394,664.7609252929688,126,143,0.06728442013263702,0.06848334521055222,0.06725607812404633,7414,0.06784959137439728,0.06765541434288025,1.4000634920634933,0.0,0.06719150394201279,978.32,0.06765203922986984,-1.0,0.9444444444444444,0.0685536190867424,0.0670752078294754,0.06650080531835556,0.0,0.06766501069068909,0.06704647839069366,0.06807602196931839,0.06748661398887634,0.06650080531835556,0.06690799444913864,0.06850695610046387,-0.0038570734659515438,31.90264105796814,0.11174220013490413,0.8937705159187317,1e-05,0.0,0.1241973876953125,0.44394582509994507,0.0024468342,0.2,1420,0.0676174983382225,0.1,119
0.9517241379310345,0.0687011107802391,18874368,0.06775137782096863,0.06799276173114777,0.06831928342580795,0.04827586206896552,0.06745633482933044,0.06719501316547394,0.06791240721940994,0.06778664886951447,0.06745924800634384,2545,0.06872286647558212,663.369384765625,145,144,0.06742344051599503,0.06857256591320038,0.06741641461849213,7415,0.06807165592908859,0.0678110271692276,1.4012689655172423,0.0,0.06730298697948456,976.49,0.06775669008493423,-1.0,0.9517241379310345,0.06872286647558212,0.06718099862337112,0.06665180623531342,0.0,0.0677725225687027,0.06721889227628708,0.06821517646312714,0.06760594248771667,0.06665180623531342,0.06698144972324371,0.06863255798816681,-0.003831522685959499,31.847181037068367,0.09859370561607647,0.8718967437744141,1e-05,0.0,0.12281646728515624,0.40973788499832153,0.0024092747,0.2,1430,0.06775644421577454,0.1,138
0.9291338582677166,0.06900837272405624,19005440,0.06790538132190704,0.06812630593776703,0.0684538409113884,0.07086614173228346,0.06758720427751541,0.06740923225879669,0.06811706721782684,0.06790254265069962,0.06760641187429428,2562,0.06890016049146652,661.1712646484375,127,145,0.06750458478927612,0.0687004029750824,0.06752221286296844,7416,0.06821833550930023,0.06789989024400711,1.3983937007874025,0.0,0.06747153401374817,969.93,0.06785740703344345,-1.0,0.9291338582677166,0.06900837272405624,0.0673491507768631,0.06681601703166962,0.0,0.06793687492609024,0.06736962497234344,0.06832245737314224,0.0676969438791275,0.06681601703166962,0.06716794520616531,0.06876081973314285,-0.0035606117013230686,31.793506836891176,0.0991392095136689,0.8593994379043579,1e-05,0.0,0.11898651123046874,0.37094369530677795,0.0023888515,0.2,1440,0.06790442764759064,0.1,118
0.9214285714285714,0.06925302743911743,19136512,0.06804382801055908,0.06833172589540482,0.06855487823486328,0.07857142857142857,0.06761682778596878,0.06754305958747864,0.06824932992458344,0.06804235279560089,0.06768836081027985,2579,0.06902961432933807,659.8323364257812,140,146,0.06768559664487839,0.06895361840724945,0.06770768016576767,7417,0.0682978481054306,0.06808431446552277,1.3797571428571436,0.0,0.0676862969994545,967.87,0.06798997521400452,-1.0,0.9214285714285714,0.06925302743911743,0.06752336770296097,0.06693081557750702,0.0,0.06800170987844467,0.06751146167516708,0.06847656518220901,0.06787703186273575,0.06693081557750702,0.06729543954133987,0.06898175179958344,-0.003567261655098264,31.73903446942568,0.09050794367503841,0.8805471658706665,1e-05,0.0,0.11309280395507812,0.38428738713264465,0.0021967134,0.2,1450,0.06805425882339478,0.1,129
0.916030534351145,0.06942220777273178,19267584,0.06823804974555969,0.06851904094219208,0.06864691525697708,0.08396946564885496,0.06778191030025482,0.06769032776355743,0.06840959936380386,0.06819172948598862,0.06783638149499893,2597,0.06925002485513687,652.3331909179688,131,147,0.06782400608062744,0.0691642239689827,0.0678974911570549,7418,0.06846872717142105,0.06816816329956055,1.3824274809160317,0.0,0.06785862147808075,957.72,0.06823136657476425,-1.0,0.916030534351145,0.06942220777273178,0.06766683608293533,0.06709355115890503,0.0,0.06806282699108124,0.06764062494039536,0.06859063357114792,0.06805086880922318,0.06709355115890503,0.0674692839384079,0.06905614584684372,-0.003695320254246326,31.683108830451964,0.11457714775751811,0.8432787656784058,1e-05,0.0,0.1254547119140625,0.4192163348197937,0.002430168,0.2,1460,0.06820918619632721,0.1,120
0.8881118881118881,0.0696016326546669,19398656,0.06837763637304306,0.06869329512119293,0.06874188780784607,0.11188811188811189,0.06795504689216614,0.06793370097875595,0.06847060471773148,0.0684654638171196,0.06798072159290314,2614,0.06933461129665375,633.0421752929688,143,148,0.06792343407869339,0.06934565305709839,0.0680370181798935,7420,0.06855396181344986,0.06829331070184708,1.3984755244755254,0.0,0.06801904737949371,932.98,0.0683707743883133,-1.0,0.8881118881118881,0.0696016326546669,0.06785747408866882,0.06722166389226913,0.0,0.06812572479248047,0.06772790849208832,0.06872594356536865,0.06815693527460098,0.06722166389226913,0.06751462817192078,0.06929845362901688,-0.0035685579771325138,31.629258193075657,0.1018271346896654,0.8713091611862183,1e-05,0.0,0.1253753662109375,0.4239038825035095,0.00241421,0.2,1470,0.06834906339645386,0.1,127
0.9111111111111111,0.06982024013996124,19529728,0.06850478053092957,0.06900637596845627,0.06896138191223145,0.08888888888888889,0.06809194386005402,0.06818729639053345,0.06857123970985413,0.06859241425991058,0.06814292818307877,2631,0.06951993703842163,654.3239135742188,135,149,0.06806623935699463,0.06946846842765808,0.06814894080162048,7421,0.06866267323493958,0.06842147558927536,1.398562962962964,0.0,0.06809782236814499,963.94,0.06849361211061478,-1.0,0.9111111111111111,0.06982024013996124,0.06802759319543839,0.06743089854717255,0.0,0.06828171759843826,0.06794798374176025,0.06887751072645187,0.06826794147491455,0.06743089854717255,0.06772540509700775,0.06940164417028427,-0.0038055303485634794,31.574222457408904,0.13373754498898052,0.8911106586456299,1e-05,0.0,0.12781448364257814,0.5478915572166443,0.0024460473,0.2,1480,0.06850873678922653,0.1,123
0.9606299212598425,0.07007379084825516,19660800,0.06873262673616409,0.06912390142679214,0.0691647008061409,0.03937007874015748,0.068296417593956,0.06834572553634644,0.06876421719789505,0.06873974204063416,0.06825774163007736,2649,0.06977578997612,671.1669311523438,127,150,0.06818267703056335,0.0695909932255745,0.06828603148460388,7421,0.06883326917886734,0.06855762749910355,1.4045039370078751,0.0,0.06822695583105087,985.92,0.06868036091327667,-1.0,0.9606299212598425,0.07007379084825516,0.06822764128446579,0.06761613488197327,0.0,0.06841197609901428,0.06816042214632034,0.06913695484399796,0.06837330013513565,0.06761613488197327,0.06789048761129379,0.06961842626333237,-0.004083811032796802,31.513808903098106,0.16651822919375264,0.8734925985336304,1e-05,0.0,0.12099685668945312,0.46779829263687134,0.0024239484,0.2,1490,0.0686827152967453,0.1,122
0.9428571428571428,0.07032542675733566,19791872,0.0688662976026535,0.06926107406616211,0.06928287446498871,0.05714285714285714,0.06847742944955826,0.06851675361394882,0.06893997639417648,0.06893553584814072,0.06839607656002045,2666,0.06992815434932709,665.6005249023438,140,151,0.06829018145799637,0.06971677392721176,0.0683460682630539,7423,0.06888768076896667,0.06869231164455414,1.3989428571428582,0.0,0.06835851818323135,979.72,0.06882844865322113,-1.0,0.9428571428571428,0.07032542675733566,0.06839849054813385,0.0676892027258873,0.0,0.06848286837339401,0.06834550946950912,0.06927897036075592,0.06852936744689941,0.0676892027258873,0.06805231422185898,0.06983162462711334,-0.0035180469368924607,31.45519676208496,0.05717554967850447,0.8866617679595947,1e-05,0.0,0.10898361206054688,0.3728666305541992,0.002221697,0.2,1500,0.06882632523775101,0.1,132
0.943089430894309,0.07041735202074051,19922944,0.06900392472743988,0.06942552328109741,0.06953546404838562,0.056910569105691054,0.06865676492452621,0.06856255978345871,0.06908956170082092,0.06906133890151978,0.06853745877742767,2683,0.07014991343021393,666.2447509765625,123,152,0.0684649795293808,0.06990445405244827,0.06857093423604965,7424,0.0690232440829277,0.06875142455101013,1.3903739837398386,0.0,0.06850450485944748,977.58,0.06898844987154007,-1.0,0.943089430894309,0.07041735202074051,0.06857439875602722,0.06783940643072128,0.0,0.06860337406396866,0.06853770464658737,0.06939070671796799,0.06860968470573425,0.06783940643072128,0.06821033358573914,0.0699988454580307,-0.0037294212913366208,31.402285861968995,0.10049294006894342,0.8475685715675354,1e-05,0.0,0.12437973022460938,0.37621229887008667,0.0023932687,0.2,1510,0.0689764991402626,0.1,116
0.9133333333333333,0.07052476704120636,20054016,0.06910211592912674,0.06962089985609055,0.0697743222117424,0.08666666666666667,0.0687641128897667,0.06867888569831848,0.06932716816663742,0.069147489964962,0.0687180757522583,2700,0.07036635279655457,661.9435424804688,150,153,0.06867153197526932,0.07010626047849655,0.06873905658721924,7425,0.06920015066862106,0.06889380514621735,1.4081333333333343,0.0,0.06872493028640747,972.69,0.06916209310293198,-1.0,0.9133333333333333,0.07052476704120636,0.06873082369565964,0.06813213974237442,0.0,0.06877921521663666,0.06875662505626678,0.06949883699417114,0.06876606494188309,0.06813213974237442,0.0683540478348732,0.07017771899700165,-0.0034791642864092863,31.343413712084292,0.0921805361402221,0.8319281935691833,1e-05,0.0,0.11684646606445312,0.3770809769630432,0.0023778065,0.2,1520,0.0691487044095993,0.1,137
