train/action_std_08,train/action_std_24,train/action_std_02,train/action_std_12,rollout/ep_len_mean,rollout/recovery_noforce,train/action_std_09,train/action_std_11,train/action_std_05,train/std_min,train/action_std_00,train/action_std_06,train/action_std_19,train/action_std_01,rollout/action_saturation_fraction,train/action_std_07,train/action_std_23,train/action_std_17,train/action_std_20,time/total_timesteps,time/time_elapsed,rollout/is_fall_mean,train/action_std_10,rollout/force_direction_mean,train/action_std_13,train/action_std_03,train/std_max,train/action_std_16,train/action_std_04,rollout/episodes_noforce,rollout/force_onset_mean,rollout/is_timeout_mean,rollout/force_requested_impulse_mean,time/fps,train/action_std_18,train/action_std_21,train/action_std_22,time/iterations,rollout/ep_rew_mean,train/action_std_15,train/action_std_14,train/policy_gradient_loss,train/clip_fraction,rollout/timeouts,train/std,train/entropy_loss,train/approx_kl,train/explained_variance,train/clip_range_vf,train/n_updates,rollout/timeout_without_onset_fraction,train/clip_range,train/loss,train/value_loss,train/learning_rate
0.05000000074505806,0.05000000074505806,0.05000000074505806,0.05000000074505806,399.25,0.0,0.05000000074505806,0.05000000074505806,0.05000000074505806,0.05000000074505806,0.05000000074505806,0.05000000074505806,0.05000000074505806,0.05000000074505806,0.0,0.05000000074505806,0.05000000074505806,0.05000000074505806,0.05000000074505806,131072,22,1.0,0.05000000074505806,-1.0,0.05000000074505806,0.05000000074505806,0.05000000074505806,0.05000000074505806,0.05000000074505806,8,1.4522500000000012,0.0,0.0,5882,0.05000000074505806,0.05000000074505806,0.05000000074505806,1,268.495361328125,0.05000000074505806,0.05000000074505806,,,,,,,,,,,,,,
0.050088003277778625,0.05008922517299652,0.0501210018992424,0.05007294937968254,1000.0,0.9717741935483871,0.05014176294207573,0.05001192167401314,0.05006878450512886,0.05001192167401314,0.05013009533286095,0.05014488101005554,0.05007711797952652,0.05007912218570709,0.0,0.05015076324343681,0.05009372532367706,0.050124574452638626,0.050078414380550385,262144,48,0.028225806451612902,0.05007431283593178,-1.0,0.050124023109674454,0.05005143955349922,0.05015076324343681,0.05007408186793327,0.05006614327430725,248,1.40275806451613,0.9717741935483871,0.0,5370,0.050116971135139465,0.050081320106983185,0.05008265748620033,2,680.6978759765625,0.05013209953904152,0.05008848384022713,-0.0021787820307508808,0.12749252319335938,241,0.05009455606341362,39.39326309561729,0.0025021778,-0.17246615886688232,0.2,10,0.0,0.1,3.7211899757385254,2.9156618570908903,1e-05
0.050225816667079926,0.05018608644604683,0.05017475783824921,0.05015541613101959,987.28,0.8,0.05020368844270706,0.05010975897312164,0.05016317591071129,0.05009616166353226,0.05018862336874008,0.050316423177719116,0.05009616166353226,0.050114333629608154,0.0,0.050188153982162476,0.050240401178598404,0.050188932567834854,0.05017649009823799,393216,74,0.2,0.05018077418208122,-1.0,0.05026056244969368,0.05020730569958687,0.050316423177719116,0.05019281059503555,0.05014543980360031,10,1.4182000000000008,0.8,0.0,5275,0.0501616932451725,0.05016973242163658,0.050153035670518875,3,671.521728515625,0.050164561718702316,0.05018856003880501,-0.001526573193132208,0.1075775146484375,8,0.05018210783600807,39.347309306263924,0.0021537626,-1.1241099834442139,0.2,20,0.0,0.1,1.836220622062683,1.4620278237387538,1e-05
0.050346337258815765,0.05032777413725853,0.05022527649998665,0.05025038123130798,1000.0,0.9473684210526315,0.050339244306087494,0.05024229362607002,0.050274331122636795,0.0501861572265625,0.05025460943579674,0.05035562068223953,0.05022173002362251,0.050242699682712555,0.0,0.05026570335030556,0.0502740815281868,0.05028372257947922,0.0502556748688221,524288,101,0.05263157894736842,0.050237130373716354,-1.0,0.05034025385975838,0.050303731113672256,0.05035562068223953,0.050329968333244324,0.050247300416231155,247,1.3967125506072884,0.9473684210526315,0.0,5169,0.05026252940297127,0.050310879945755005,0.05025644227862358,4,685.3956298828125,0.0501861572265625,0.05022866278886795,-0.0014731361356098206,0.10763778686523437,234,0.050274498760700226,39.302565693855286,0.0021189195,-2.469191312789917,0.2,30,0.0,0.1,1.8287053108215332,1.4889249596744776,1e-05
0.05048267915844917,0.050472039729356766,0.050308145582675934,0.05029512569308281,914.63,0.43478260869565216,0.050484247505664825,0.05032144859433174,0.050355907529592514,0.050259388983249664,0.050343651324510574,0.050439175218343735,0.05028047412633896,0.05032296106219292,0.0,0.050355471670627594,0.050354573875665665,0.050374675542116165,0.05032172426581383,655360,127,0.5652173913043478,0.05033884942531586,-1.0,0.05045180395245552,0.05040698125958443,0.050484247505664825,0.050377894192934036,0.05030179023742676,23,1.2010434782608705,0.43478260869565216,0.0,5142,0.05034773051738739,0.05033338814973831,0.050351645797491074,5,625.0555419921875,0.050259388983249664,0.05029069632291794,-0.0018333949641601067,0.1119537353515625,10,0.05035889893770218,39.25934253931045,0.002202068,-1.0781176090240479,0.2,40,0.0,0.1,1.8673021793365479,1.5250550494529307,1e-05
0.05059324577450752,0.050471749156713486,0.050408124923706055,0.05037818104028702,1000.0,0.9539748953974896,0.05058670789003372,0.05039338767528534,0.05046927183866501,0.050369150936603546,0.050478897988796234,0.05058100074529648,0.05037586763501167,0.0504058301448822,0.0,0.050439514219760895,0.050467830151319504,0.050389088690280914,0.05038285627961159,786432,154,0.04602510460251046,0.05039244145154953,-1.0,0.050524380058050156,0.05048307776451111,0.05059324577450752,0.05051130801439285,0.050422895699739456,239,1.3859665271966537,0.9539748953974896,0.0,5092,0.05049667879939079,0.05043382570147514,0.05047764629125595,6,684.5399780273438,0.050369150936603546,0.05042004585266113,-0.0018347158046708501,0.1106536865234375,228,0.050454121083021164,39.214206925034524,0.002182185,-1.2314038276672363,0.2,50,0.0,0.1,1.8440706729888916,1.4510760966688394,1e-05
0.0506909117102623,0.050540100783109665,0.05048360675573349,0.05045584589242935,989.22,0.9166666666666666,0.05073663964867592,0.050479695200920105,0.050530578941106796,0.050419483333826065,0.05058695748448372,0.05068628489971161,0.05045956373214722,0.05049001798033714,0.0,0.050525255501270294,0.050553709268569946,0.05048992484807968,0.05047236755490303,917504,180,0.08333333333333333,0.050419483333826065,-1.0,0.050597064197063446,0.0506197027862072,0.05073663964867592,0.050651561468839645,0.0505317747592926,24,1.386000000000001,0.9166666666666666,0.0,5083,0.05062911659479141,0.050555888563394547,0.050571464002132416,7,675.14599609375,0.05049096420407295,0.050508346408605576,-0.002038611833631876,0.11443634033203125,22,0.05055026710033417,39.166491255164146,0.0021898905,-0.7999309301376343,0.2,60,0.0,0.1,1.7536280155181885,1.365732185356319,1e-05
0.050738684833049774,0.050642795860767365,0.05053764209151268,0.05053943768143654,1000.0,0.9656652360515021,0.050816260278224945,0.05057690292596817,0.05062291398644447,0.050521835684776306,0.05066204443573952,0.05076160281896591,0.0505361370742321,0.05056705325841904,0.0,0.050635404884815216,0.05061638355255127,0.050620924681425095,0.050568412989377975,1048576,207,0.034334763948497854,0.050521835684776306,-1.0,0.05064056068658829,0.050706010311841965,0.050816260278224945,0.05069057270884514,0.050597161054611206,233,1.3852703862660956,0.9656652360515021,0.0,5051,0.05075434222817421,0.050676338374614716,0.050607673823833466,8,678.8311157226562,0.05057457461953163,0.05057293549180031,-0.001546618232896435,0.10716018676757813,225,0.050631385296583176,39.123159271478656,0.0021586223,-1.75146484375,0.2,70,0.0,0.1,1.7275840044021606,1.3666462951339782,1e-05
0.05079405754804611,0.050726525485515594,0.05058165267109871,0.05059794709086418,950.28,0.6764705882352942,0.050895266234874725,0.050624046474695206,0.05066915974020958,0.05058165267109871,0.050743330270051956,0.05085504427552223,0.05058669298887253,0.05066748335957527,0.0,0.05073535442352295,0.05059950426220894,0.05067291483283043,0.050655219703912735,1179648,233,0.3235294117647059,0.050594475120306015,-1.0,0.050768282264471054,0.050814297050237656,0.050895266234874725,0.050776947289705276,0.05064203217625618,34,1.3771176470588244,0.6764705882352942,0.0,5045,0.05082182213664055,0.05077751725912094,0.05068032443523407,9,646.5970458984375,0.05063331872224808,0.0506533607840538,-0.001583164712155849,0.11007232666015625,23,0.05070266127586365,39.08625181615353,0.002249424,-1.111567497253418,0.2,80,0.0,0.1,1.7362052202224731,1.3202092376537622,1e-05
0.050869036465883255,0.05085311830043793,0.05076691135764122,0.05064080283045769,1000.0,0.9821428571428571,0.051005709916353226,0.050687164068222046,0.05079242214560509,0.05064080283045769,0.050805456936359406,0.050928376615047455,0.05070662498474121,0.05076825991272926,0.0,0.05089680477976799,0.050699733197689056,0.050753701478242874,0.05073108896613121,1310720,261,0.017857142857142856,0.050699055194854736,-1.0,0.05087810009717941,0.050932712852954865,0.051005709916353226,0.05085994303226471,0.05071662366390228,224,1.387580357142858,0.9821428571428571,0.0,5020,0.05087313801050186,0.05084824189543724,0.05079428479075432,10,678.3408813476562,0.050728004425764084,0.050784431397914886,-0.0019427704498411913,0.10755233764648438,220,0.05080078914761543,39.043463569879535,0.002142732,-1.7597265243530273,0.2,90,0.0,0.1,1.6656087636947632,1.289470890723169,1e-05
0.05098297446966171,0.0509365014731884,0.050850000232458115,0.05075881630182266,964.18,0.8333333333333334,0.051132094115018845,0.05074020475149155,0.050909001380205154,0.05074020475149155,0.05095190182328224,0.051062166690826416,0.050770897418260574,0.05085283890366554,0.0,0.05096617713570595,0.05078979581594467,0.05082790181040764,0.05083749070763588,1441792,287,0.16666666666666666,0.05082528665661812,-1.0,0.0510050430893898,0.051037274301052094,0.051132094115018845,0.05092170089483261,0.05082177370786667,42,1.4242380952380962,0.8333333333333334,0.0,5018,0.05095825716853142,0.05092952027916908,0.05087590590119362,11,656.0010986328125,0.0507967583835125,0.05086011439561844,-0.001784577237413032,0.11067962646484375,35,0.050896015018224716,38.99608364701271,0.0022186507,-1.1311912536621094,0.2,100,0.0,0.1,1.5823731422424316,1.218319109454751,1e-05
0.05108398571610451,0.051030233502388,0.05089921876788139,0.05087721347808838,1000.0,0.9766355140186916,0.05122692883014679,0.0508355014026165,0.051009587943553925,0.0508355014026165,0.05093706026673317,0.05113455653190613,0.050885871052742004,0.05095864459872246,0.0,0.05105183273553848,0.050908345729112625,0.050924088805913925,0.05088309571146965,1572864,314,0.02336448598130841,0.05095821991562843,-1.0,0.05112724378705025,0.05110446736216545,0.05122692883014679,0.05100884661078453,0.050908468663692474,214,1.3936074766355149,0.9766355140186916,0.0,5001,0.05105965584516525,0.05095411464571953,0.05099242180585861,12,681.2902221679688,0.05091296136379242,0.050899915397167206,-0.0020081145686162926,0.1095916748046875,209,0.05098289996385574,38.95137079060078,0.0022547725,-1.3196887969970703,0.2,110,0.0,0.1,1.420536756515503,1.1106075345072894,1e-05
0.05114371329545975,0.051073916256427765,0.051052503287792206,0.05097794160246849,965.55,0.8823529411764706,0.05136418715119362,0.05093860253691673,0.051167361438274384,0.05093860253691673,0.051055703312158585,0.051253657788038254,0.05096689611673355,0.0510682538151741,0.0,0.051134973764419556,0.05104132741689682,0.051031265407800674,0.050939999520778656,1703936,340,0.11764705882352941,0.05101887881755829,-1.0,0.051259979605674744,0.05119147524237633,0.05136418715119362,0.05110998451709747,0.05099407210946083,51,1.4034117647058835,0.8823529411764706,0.0,5000,0.05115895718336105,0.05104523524641991,0.05107714235782623,13,659.0038452148438,0.05102768540382385,0.05095589905977249,-0.0017798526007936743,0.10879135131835938,45,0.05108198523521423,38.9054670125246,0.0021767453,-1.1870839595794678,0.2,120,0.0,0.1,1.4965252876281738,1.134903653152287,1e-05
0.05124559625983238,0.051152702420949936,0.051111653447151184,0.05109186843037605,1000.0,0.9660194174757282,0.0513840913772583,0.050971683114767075,0.05124068260192871,0.05095861107110977,0.05111527442932129,0.05136444419622421,0.05104876309633255,0.051140785217285156,0.0,0.05126712843775749,0.05120255798101425,0.05112528055906296,0.05095861107110977,1835008,368,0.03398058252427184,0.05115469917654991,-1.0,0.051367565989494324,0.05130844935774803,0.0513840913772583,0.051167890429496765,0.05104285106062889,206,1.399097087378642,0.9660194174757282,0.0,4984,0.05121279135346413,0.05113115534186363,0.05117220804095268,14,683.8182983398438,0.051101211458444595,0.0511128231883049,-0.0019069507627136773,0.10686264038085938,199,0.05116771161556244,38.86069009006023,0.0021865545,-1.303293228149414,0.2,130,0.0,0.1,1.4187153577804565,1.018861121730879,1e-05
0.05130387470126152,0.051247674971818924,0.05123596638441086,0.05127667635679245,961.23,0.864406779661017,0.05147325247526169,0.051076874136924744,0.05132031440734863,0.051076874136924744,0.05118776485323906,0.05147258937358856,0.05121248587965965,0.05125776678323746,0.0,0.05136499181389809,0.05129736661911011,0.05123310908675194,0.05107955262064934,1966080,394,0.13559322033898305,0.05125626176595688,-1.0,0.05148607864975929,0.051458921283483505,0.05148607864975929,0.05129995569586754,0.051204074174165726,59,1.3871186440677976,0.864406779661017,0.0,4986,0.05133357644081116,0.0512445829808712,0.051226675510406494,15,657.6190795898438,0.05123331770300865,0.05121718719601631,-0.001986451272841805,0.10817718505859375,51,0.05128003656864166,38.811481142044066,0.0021849691,-1.0578608512878418,0.2,140,0.0,0.1,1.4325535297393799,1.0442974893841892,1e-05
0.051434487104415894,0.051333896815776825,0.051295507699251175,0.05133867263793945,991.73,0.98,0.05157935619354248,0.05113811418414116,0.051418133080005646,0.05113811418414116,0.0512794628739357,0.051518432796001434,0.051332660019397736,0.051363684237003326,0.0,0.051460664719343185,0.051333051174879074,0.051329098641872406,0.051170025020837784,2097152,421,0.02,0.051360491663217545,-1.0,0.05155913531780243,0.05158272758126259,0.05158272758126259,0.0514211505651474,0.05125224590301514,200,1.404680000000001,0.98,0.0,4972,0.05139646679162979,0.05134836584329605,0.051327936351299286,16,674.1124877929688,0.05126361921429634,0.05130238085985184,-0.001847504280067369,0.107061767578125,196,0.05136559531092644,38.764167845249176,0.0021233861,-0.909372091293335,0.2,150,0.0,0.1,1.282914161682129,0.9007353114895522,1e-05
0.051536791026592255,0.05145525187253952,0.0514226071536541,0.05146963521838188,947.48,0.855072463768116,0.0516960583627224,0.051242005079984665,0.051471978425979614,0.051242005079984665,0.05142362788319588,0.05163804069161415,0.051401328295469284,0.05143182724714279,0.0,0.05150366201996803,0.05146903544664383,0.05140650272369385,0.051279693841934204,2228224,447,0.14492753623188406,0.051465559750795364,-1.0,0.05168651044368744,0.051700301468372345,0.051700301468372345,0.05152353644371033,0.0513639897108078,69,1.422463768115943,0.855072463768116,0.0,4974,0.051510315388441086,0.051393669098615646,0.05141393840312958,17,642.5674438476562,0.051394663751125336,0.05141645297408104,-0.0021761975141998844,0.11099014282226563,59,0.05146867781877518,38.71779519319534,0.0021753514,-1.0577991008758545,0.2,160,0.0,0.1,1.295609951019287,0.8906418723519891,1e-05
0.0516410693526268,0.051480717957019806,0.05152328684926033,0.0515429712831974,984.19,0.9226804123711341,0.051754750311374664,0.051361873745918274,0.05156037583947182,0.051361873745918274,0.051545046269893646,0.05180705711245537,0.051486507058143616,0.051555801182985306,0.0,0.05160057917237282,0.05155416578054428,0.051541153341531754,0.05141062289476395,2359296,475,0.07731958762886598,0.05149402096867561,-1.0,0.05178907886147499,0.05180015414953232,0.05180705711245537,0.05160282924771309,0.051441751420497894,194,1.389144329896908,0.9226804123711341,0.0,4964,0.05161546543240547,0.05143870785832405,0.0515272431075573,18,671.087158203125,0.05149751156568527,0.05151207372546196,-0.0019478010361126507,0.10823135375976563,179,0.05156338959932327,38.6698088824749,0.0021898542,-0.67436683177948,0.2,170,0.0,0.1,1.1403924226760864,0.8102329147979617,1e-05
0.051730088889598846,0.051587216556072235,0.0515921488404274,0.0516059547662735,947.32,0.9027777777777778,0.051837921142578125,0.05146849527955055,0.05169089511036873,0.05146849527955055,0.05162918567657471,0.05188211053609848,0.05169181898236275,0.051642853766679764,0.0,0.051688823848962784,0.05165316164493561,0.051675137132406235,0.05156315118074417,2490368,501,0.09722222222222222,0.05157158896327019,-1.0,0.05187822878360748,0.05189075693488121,0.05189075693488121,0.051701098680496216,0.05153055861592293,72,1.3677222222222232,0.9027777777777778,0.0,4966,0.05170777067542076,0.051535412669181824,0.05163567513227463,19,645.9227294921875,0.05158010870218277,0.051605191081762314,-0.0021107938841851137,0.10833206176757812,65,0.05166301503777504,38.62277076542377,0.0021330486,-0.4635307788848877,0.2,180,0.0,0.1,1.181950569152832,0.8086626945994795,1e-05
0.051860589534044266,0.0516926608979702,0.05165787786245346,0.05166633799672127,1000.0,0.9581151832460733,0.05193348228931427,0.05160408467054367,0.05183674767613411,0.05160408467054367,0.05175335332751274,0.05193763226270676,0.051771581172943115,0.05168179050087929,0.0,0.051756080240011215,0.051758069545030594,0.05178967863321304,0.05164221301674843,2621440,528,0.041884816753926704,0.051663368940353394,-1.0,0.052027806639671326,0.05203399807214737,0.05203399807214737,0.05177854746580124,0.05161155015230179,191,1.3911623036649226,0.9581151832460733,0.0,4958,0.05180718004703522,0.051634691655635834,0.05172218382358551,20,676.8287353515625,0.05166604369878769,0.05171545222401619,-0.002015685410788137,0.10745391845703126,183,0.05176011845469475,38.575241127610205,0.002156899,-0.8245162963867188,0.2,190,0.0,0.1,1.0957670211791992,0.7104745503049343,1e-05
0.05198873206973076,0.05181654542684555,0.05177558213472366,0.05168252810835838,961.64,0.881578947368421,0.052048079669475555,0.05175836384296417,0.05196022242307663,0.05168252810835838,0.05183164402842522,0.05203280597925186,0.05190517008304596,0.051799386739730835,0.0,0.051808714866638184,0.05186212435364723,0.051845647394657135,0.051696378737688065,2752512,554,0.11842105263157894,0.05175219476222992,-1.0,0.05213126167654991,0.05211545526981354,0.05213126167654991,0.0519513264298439,0.051719941198825836,76,1.352578947368422,0.881578947368421,0.0,4961,0.05189907178282738,0.05173978582024574,0.05175190046429634,21,652.4305419921875,0.05176213011145592,0.05186479538679123,-0.00198644009687996,0.10713119506835937,67,0.05185998976230621,38.52769750058651,0.0022012782,-0.495353102684021,0.2,200,0.0,0.1,1.0478214025497437,0.6835721242241561,1e-05
0.052038487046957016,0.05191246420145035,0.051869746297597885,0.05176673084497452,964.93,0.9378238341968912,0.05214477330446243,0.05188264325261116,0.05206180363893509,0.05176673084497452,0.05198086425662041,0.052112337201833725,0.052035100758075714,0.05196858197450638,0.0,0.05186248570680618,0.05198856070637703,0.0519278459250927,0.051787249743938446,2883584,582,0.06217616580310881,0.05186934769153595,-1.0,0.052184734493494034,0.05222350358963013,0.05222350358963013,0.0520351380109787,0.05182607099413872,193,1.3920829015544054,0.9378238341968912,0.0,4953,0.05198081210255623,0.051858097314834595,0.05182872712612152,22,659.2216186523438,0.05182984098792076,0.05204383656382561,-0.0021778437107968784,0.10738677978515625,181,0.051960792392492294,38.479179185628894,0.0021597026,-0.4004014730453491,0.2,210,0.0,0.1,1.0042049884796143,0.6093784650787711,1e-05
0.05215077847242355,0.05200735479593277,0.05201515555381775,0.05188923701643944,952.23,0.9452054794520548,0.052284788340330124,0.051933422684669495,0.05215444788336754,0.051876410841941833,0.05212390422821045,0.052231937646865845,0.0520743802189827,0.052068449556827545,0.0,0.05189287289977074,0.05209362879395485,0.05204954370856285,0.051876410841941833,3014656,608,0.0547945205479452,0.05193308740854263,-1.0,0.0523003451526165,0.05229853838682175,0.0523003451526165,0.05211366340517998,0.051951177418231964,73,1.3783561643835627,0.9452054794520548,0.0,4953,0.05207857862114906,0.05192676931619644,0.052000969648361206,23,647.3358154296875,0.05191707983613014,0.05212153121829033,-0.0019377211450773758,0.106475830078125,69,0.05205952003598213,38.43111452460289,0.002107934,-0.16052508354187012,0.2,220,0.0,0.1,0.973395586013794,0.6052874801214785,1e-05
0.052212588489055634,0.052102237939834595,0.052093468606472015,0.05192599445581436,983.63,0.9680851063829787,0.05238513648509979,0.051991771906614304,0.05228351801633835,0.05192599445581436,0.05226067081093788,0.05230233073234558,0.05218800529837608,0.052194152027368546,0.0,0.0519607812166214,0.05221272259950638,0.052126478403806686,0.05198407173156738,3145728,636,0.031914893617021274,0.05200091004371643,-1.0,0.052410367876291275,0.052358776330947876,0.052410367876291275,0.0522531121969223,0.05209120735526085,188,1.3814574468085115,0.9680851063829787,0.0,4945,0.05217556655406952,0.051970791071653366,0.05209782347083092,24,665.1054077148438,0.05201828107237816,0.052186351269483566,-0.001949749831783265,0.10398101806640625,182,0.05215148255228996,38.38540607392788,0.002122837,-0.6436476707458496,0.2,230,0.0,0.1,0.8897950649261475,0.5246351247420534,1e-05
0.05231417715549469,0.05221888795495033,0.05219524726271629,0.052089009433984756,965.51,0.9146341463414634,0.05240929499268532,0.052097491919994354,0.05239435285329819,0.0520087294280529,0.05226859822869301,0.052331432700157166,0.052217017859220505,0.05228482559323311,0.0,0.052033931016922,0.052291933447122574,0.05220527946949005,0.0520087294280529,3276800,662,0.08536585365853659,0.05206621065735817,-1.0,0.052501991391181946,0.052431825548410416,0.052501991391181946,0.05231507495045662,0.05218685045838356,82,1.432829268292684,0.9146341463414634,0.0,4943,0.05227656289935112,0.052046045660972595,0.05216347426176071,25,654.2310180664062,0.05211272090673447,0.05223420262336731,-0.0023011368023617253,0.10988082885742187,75,0.05222780629992485,38.34595187306404,0.0021924046,-0.33954715728759766,0.2,240,0.0,0.1,0.8542587161064148,0.4826252220431343,1e-05
0.05240387097001076,0.052333179861307144,0.052245475351810455,0.052147869020700455,998.38,0.9775280898876404,0.05254390463232994,0.052164722234010696,0.05252738296985626,0.05205737426877022,0.05233749374747276,0.05237913876771927,0.05232863500714302,0.05240878090262413,0.0,0.05205737426877022,0.05232449620962143,0.05224626138806343,0.052102264016866684,3407872,689,0.02247191011235955,0.05214923620223999,-1.0,0.052570655941963196,0.05249166488647461,0.052570655941963196,0.05234525725245476,0.05228839069604874,178,1.3890337078651696,0.9775280898876404,0.0,4939,0.052280813455581665,0.05209699273109436,0.05221505090594292,26,676.0322875976562,0.05223999172449112,0.05234378203749657,-0.0019009827739864705,0.10670928955078125,174,0.05230290815234184,38.309722748398784,0.0021888718,-0.09208214282989502,0.2,250,0.0,0.1,0.8299198150634766,0.4289546725573018,1e-05
0.052520859986543655,0.05239680036902428,0.05236475542187691,0.05224187299609184,970.66,0.9230769230769231,0.052680619060993195,0.05222341790795326,0.05260929837822914,0.05213767662644386,0.05241602659225464,0.05244608223438263,0.05243957042694092,0.0525137335062027,0.0,0.05213767662644386,0.05247308313846588,0.05228087306022644,0.052205704152584076,3538944,716,0.07692307692307693,0.05228805169463158,-1.0,0.052657123655080795,0.05257917195558548,0.052680619060993195,0.05245964601635933,0.05241164565086365,91,1.4096923076923087,0.9230769230769231,0.0,4939,0.05232930928468704,0.05218799412250519,0.052317485213279724,27,659.2304077148438,0.052321188151836395,0.05241348221898079,-0.0021065163581624803,0.10875625610351562,84,0.05239662155508995,38.26861935853958,0.002181913,-0.5116068124771118,0.2,260,0.0,0.1,0.7939844131469727,0.4175952556077391,1e-05
0.05266765505075455,0.05252620577812195,0.05247299745678902,0.05232762545347214,976.64,0.9710982658959537,0.05277227237820625,0.05231695994734764,0.05273790657520294,0.052230577915906906,0.05255740135908127,0.0524715818464756,0.0525212325155735,0.05268183723092079,0.0,0.052230577915906906,0.05259161815047264,0.05241457000374794,0.05232572928071022,3670016,743,0.028901734104046242,0.052437905222177505,-1.0,0.052689146250486374,0.05270810425281525,0.05277227237820625,0.05255254730582237,0.05252951383590698,173,1.4045549132947988,0.9710982658959537,0.0,4935,0.05241244286298752,0.052304986864328384,0.05239152908325195,28,664.64306640625,0.05242175608873367,0.05256612226366997,-0.0022678357843687992,0.1101715087890625,168,0.05250520631670952,38.22013825774193,0.002207049,-0.030366897583007812,0.2,270,0.0,0.1,0.7332726120948792,0.35734746896196157,1e-05
0.052805814892053604,0.05260828137397766,0.05257786437869072,0.052385494112968445,958.08,0.8969072164948454,0.05285900831222534,0.052491139620542526,0.05283403396606445,0.05231732130050659,0.052647460252046585,0.05253743752837181,0.05257382616400719,0.05284838378429413,0.0,0.05234575644135475,0.05270873382687569,0.05251013860106468,0.05244975537061691,3801088,770,0.10309278350515463,0.052471596747636795,-1.0,0.0527547225356102,0.052860695868730545,0.052860695868730545,0.05261450633406639,0.05260152369737625,97,1.3765360824742277,0.8969072164948454,0.0,4935,0.0525236614048481,0.05231732130050659,0.05247202143073082,29,652.8827514648438,0.052555665373802185,0.052682943642139435,-0.0020499523204307478,0.10929489135742188,87,0.05260150879621506,38.17154373526573,0.0022081311,-0.01917111873626709,0.2,280,0.0,0.1,0.7155464291572571,0.325292269163765,1e-05
0.05293111875653267,0.05269543081521988,0.05268075689673424,0.05245425924658775,971.36,0.9583333333333334,0.05294455960392952,0.052523814141750336,0.05291891470551491,0.05240778252482414,0.05270692706108093,0.05265801399946213,0.052646540105342865,0.052888281643390656,0.0,0.052410680800676346,0.05275292694568634,0.052623599767684937,0.05257413163781166,3932160,797,0.041666666666666664,0.05260557308793068,-1.0,0.052826426923274994,0.05293023958802223,0.05294455960392952,0.05272439494729042,0.0526917465031147,168,1.38879761904762,0.9583333333333334,0.0,4932,0.052586302161216736,0.05240778252482414,0.05258969962596893,30,659.7454833984375,0.05270002782344818,0.05283663049340248,-0.002292854390088905,0.10962142944335937,161,0.05269234627485275,38.12745299935341,0.002250549,0.250255823135376,0.2,290,0.0,0.1,0.6445229649543762,0.2902811501640826,1e-05
0.052976202219724655,0.0528106614947319,0.052759312093257904,0.052493076771497726,950.97,0.8811881188118812,0.053007081151008606,0.052670884877443314,0.05305580049753189,0.05246725678443909,0.052735988050699234,0.05277736857533455,0.05274737998843193,0.052991967648267746,0.0,0.05253443494439125,0.05285950005054474,0.05267287790775299,0.052678920328617096,4063232,823,0.1188118811881188,0.05268215015530586,-1.0,0.05289216339588165,0.05297252908349037,0.05305580049753189,0.05286751314997673,0.05271823704242706,101,1.3999207920792087,0.8811881188118812,0.0,4931,0.05262801796197891,0.05246725678443909,0.05267275869846344,31,647.9525146484375,0.05279439687728882,0.052866797894239426,-0.0022557082073944913,0.1117462158203125,89,0.052773330360651016,38.087068459391595,0.0021911655,0.3310086727142334,0.2,300,0.0,0.1,0.6259156465530396,0.26731229581637306,1e-05
0.05308788642287254,0.052966274321079254,0.05282774940133095,0.05256033316254616,983.58,0.9814814814814815,0.05311129614710808,0.05280525982379913,0.05315517634153366,0.052508387714624405,0.052870046347379684,0.05285441130399704,0.05284368619322777,0.053022097796201706,0.0,0.05263311415910721,0.05294791981577873,0.052773430943489075,0.05277349427342415,4194304,850,0.018518518518518517,0.05276141315698624,-1.0,0.05303433537483215,0.05306291952729225,0.05315517634153366,0.05302542448043823,0.052713535726070404,162,1.3871851851851862,0.9814814814814815,0.0,4928,0.05276673659682274,0.052508387714624405,0.0527355931699276,32,666.9857788085938,0.05284873768687248,0.05296872556209564,-0.002411480418595602,0.10925750732421875,159,0.052866313606500626,38.045491221547124,0.0022094469,0.5048446655273438,0.2,310,0.0,0.1,0.6003064513206482,0.23482057035434992,1e-05
0.05318107455968857,0.05311552435159683,0.0529092513024807,0.052650995552539825,958.62,0.8990825688073395,0.05318836495280266,0.052866723388433456,0.053217921406030655,0.0525471456348896,0.0529930554330349,0.05293351784348488,0.05289125815033913,0.05312489718198776,0.0,0.052690427750349045,0.053035918623209,0.05289178714156151,0.05289207398891449,4325376,877,0.10091743119266056,0.052845146507024765,-1.0,0.05320504307746887,0.0531575083732605,0.053217921406030655,0.053166281431913376,0.05282123014330864,109,1.4098348623853219,0.8990825688073395,0.0,4928,0.05280548706650734,0.0525471456348896,0.05282573774456978,33,652.3505249023438,0.05289147049188614,0.053060565143823624,-0.0020584014930136616,0.10844573974609376,98,0.05295633524656296,38.00202343165874,0.0022119125,0.23327821493148804,0.2,320,0.0,0.1,0.5454846620559692,0.20879671805305405,1e-05
0.05324547365307808,0.05315536633133888,0.053057000041007996,0.052713070064783096,962.96,0.950920245398773,0.053310103714466095,0.05295880138874054,0.05335121974349022,0.05266917496919632,0.05311451107263565,0.05306447669863701,0.05297213792800903,0.053159598261117935,0.0,0.052797842770814896,0.05309572443366051,0.0530068539083004,0.05295250192284584,4456448,904,0.049079754601226995,0.05293051525950432,-1.0,0.053274575620889664,0.053255971521139145,0.05335121974349022,0.05318945273756981,0.05294719710946083,163,1.4013251533742341,0.950920245398773,0.0,4926,0.052816640585660934,0.05266917496919632,0.05298173800110817,34,654.4022827148438,0.05296191945672035,0.05321773886680603,-0.002636887901371665,0.11461639404296875,155,0.05304798483848572,37.95979393720627,0.0022742175,0.5280003547668457,0.2,330,0.0,0.1,0.5803565382957458,0.19224854451604187,1e-05
0.05336393043398857,0.05328797549009323,0.05312581732869148,0.05284050852060318,959.48,0.9223300970873787,0.05336605757474899,0.05302826687693596,0.05345991253852844,0.05271299555897713,0.05324582755565643,0.053156089037656784,0.05304769054055214,0.053249429911375046,0.0,0.052917275577783585,0.05313662812113762,0.053118448704481125,0.05300464108586311,4587520,931,0.07766990291262135,0.0529903806746006,-1.0,0.05335811525583267,0.05330077186226845,0.05345991253852844,0.053293049335479736,0.05306962504982948,103,1.387223300970875,0.9223300970873787,0.0,4924,0.05289648845791817,0.05271299555897713,0.05310477316379547,35,651.6132202148438,0.053085390478372574,0.05328499153256416,-0.002609183175445651,0.11524734497070313,95,0.053137801587581635,37.91675286591053,0.0022152606,0.5938405990600586,0.2,340,0.0,0.1,0.5248427391052246,0.18047247822396456,1e-05
0.05349879711866379,0.053419049829244614,0.05319363996386528,0.052930425852537155,979.67,0.9567901234567902,0.0534827820956707,0.053191088140010834,0.053589630872011185,0.052859753370285034,0.05325711518526077,0.05327232927083969,0.05317552015185356,0.053282540291547775,0.0,0.05302270129323006,0.05319086089730263,0.053216028958559036,0.05307522788643837,4718592,958,0.043209876543209874,0.0530572310090065,-1.0,0.05346391350030899,0.05342000722885132,0.053589630872011185,0.053342584520578384,0.05317089334130287,162,1.3768024691358036,0.9567901234567902,0.0,4923,0.05305515229701996,0.052859753370285034,0.053155235946178436,36,663.1394653320312,0.053206462413072586,0.05338339880108833,-0.002641468614547193,0.11114349365234374,155,0.05323649197816849,37.87198214828968,0.002244279,0.6255593299865723,0.2,350,0.0,0.1,0.5276747941970825,0.1693166589771863,1e-05
0.05361591652035713,0.05348074436187744,0.05336128547787666,0.05306007340550423,975.96,0.9454545454545454,0.053546514362096786,0.053296539932489395,0.05367407575249672,0.05290989577770233,0.05336514115333557,0.05332258343696594,0.0533062145113945,0.0532720610499382,0.0,0.05311127007007599,0.05326284095644951,0.05333847925066948,0.05310544744133949,4849664,985,0.05454545454545454,0.05316270515322685,-1.0,0.05351392924785614,0.05357329174876213,0.05367407575249672,0.053382501006126404,0.05330861359834671,110,1.4143454545454557,0.9454545454545454,0.0,4922,0.05310411751270294,0.05290989577770233,0.053233932703733444,37,664.2070922851562,0.05326492339372635,0.0535162016749382,-0.0025705858110995905,0.11319427490234375,104,0.05332357436418533,37.82867268025875,0.0022182618,0.6059345602989197,0.2,360,0.0,0.1,0.5131301283836365,0.14084177993354388,1e-05
0.053733598440885544,0.053600747138261795,0.053405653685331345,0.053113095462322235,987.01,0.9867549668874173,0.05362769588828087,0.05334099382162094,0.05374407023191452,0.05303002521395683,0.05347736179828644,0.053397711366415024,0.05340402573347092,0.0533582977950573,0.0,0.05321011692285538,0.053411319851875305,0.05347367748618126,0.05318434536457062,4980736,1012,0.013245033112582781,0.0532049797475338,-1.0,0.05360490083694458,0.05365053191781044,0.05374407023191452,0.053438540548086166,0.05335034430027008,151,1.396119205298014,0.9867549668874173,0.0,4921,0.053167760372161865,0.05303002521395683,0.053287800401449203,38,671.1373291015625,0.053376950323581696,0.0536232553422451,-0.002357970665616449,0.11407546997070313,149,0.05340871214866638,37.78843076229096,0.0022189203,0.627579927444458,0.2,370,0.0,0.1,0.47848090529441833,0.12125144395395182,1e-05
0.05381104722619057,0.053672682493925095,0.05347928777337074,0.053197357803583145,962.8,0.9122807017543859,0.0537327416241169,0.05345449596643448,0.05386540666222572,0.053124163299798965,0.05359669774770737,0.0534781813621521,0.05349400267004967,0.05346418172121048,0.0,0.05327174440026283,0.05346480756998062,0.0535552091896534,0.05329019948840141,5111808,1039,0.08771929824561403,0.05324922874569893,-1.0,0.05373680591583252,0.0536963976919651,0.05386540666222572,0.05351392924785614,0.05348237231373787,114,1.3784736842105272,0.9122807017543859,0.0,4918,0.0532403290271759,0.053124163299798965,0.05332895368337631,39,649.91552734375,0.05346856638789177,0.05373423919081688,-0.0022069304153774284,0.11117706298828126,104,0.05349612236022949,37.748313376307486,0.0022416355,0.615696907043457,0.2,380,0.0,0.1,0.48205360770225525,0.1036981924320571,1e-05
0.0538615956902504,0.05379347503185272,0.05359110236167908,0.05331624299287796,955.8,0.9548387096774194,0.053829021751880646,0.053612492978572845,0.054050106555223465,0.05323965847492218,0.05370857194066048,0.053581491112709045,0.053604669868946075,0.05355404317378998,0.0,0.05336492508649826,0.05359158292412758,0.053657326847314835,0.05336236581206322,5242880,1066,0.04516129032258064,0.053276777267456055,-1.0,0.05382119491696358,0.05380624905228615,0.054050106555223465,0.05366376042366028,0.05363558232784271,155,1.3933548387096784,0.9548387096774194,0.0,4915,0.05333687737584114,0.05323965847492218,0.053485266864299774,40,648.1326904296875,0.05354621633887291,0.05390501394867897,-0.0030663263161841313,0.12220611572265624,148,0.05360782518982887,37.701548993587494,0.0023585302,0.720063328742981,0.2,390,0.0,0.1,0.5563676953315735,0.15029810158885085,1e-05
0.05393559858202934,0.05387892201542854,0.05372392758727074,0.053436052054166794,985.79,0.9482758620689655,0.053897470235824585,0.05376158654689789,0.05417928844690323,0.0533188059926033,0.05383561924099922,0.05370313301682472,0.05366396903991699,0.05365917086601257,0.0,0.05349116027355194,0.0537453219294548,0.053760163486003876,0.05350123345851898,5373952,1094,0.05172413793103448,0.05342935398221016,-1.0,0.053921353071928024,0.05387450009584427,0.05417928844690323,0.053743261843919754,0.053813714534044266,116,1.4095689655172425,0.9482758620689655,0.0,4908,0.05344858020544052,0.0533188059926033,0.053536608815193176,41,669.9261474609375,0.053611382842063904,0.0540410578250885,-0.0026635522230208154,0.11493988037109375,110,0.053716447204351425,37.650156798958776,0.002306743,0.7134354114532471,0.2,400,0.0,0.1,0.4516061544418335,0.1031931707955664,1e-05
0.054046884179115295,0.05396900698542595,0.05390244722366333,0.05357511714100838,981.98,0.9657534246575342,0.05395682156085968,0.053914230316877365,0.05427588149905205,0.05344124138355255,0.05392802506685257,0.0538821704685688,0.05381176248192787,0.05374181270599365,0.0,0.05358436703681946,0.05384815111756325,0.05395447835326195,0.0535811185836792,5505024,1121,0.03424657534246575,0.053537461906671524,-1.0,0.054047323763370514,0.053976740688085556,0.05427588149905205,0.05387691780924797,0.053905416280031204,146,1.3937534246575352,0.9657534246575342,0.0,4906,0.053562868386507034,0.05344124138355255,0.053628358989953995,42,668.541748046875,0.053745053708553314,0.054128848016262054,-0.0027543385598619353,0.1210113525390625,141,0.053832896053791046,37.59781054854393,0.0023797164,0.6768711805343628,0.2,410,0.0,0.1,0.5198652744293213,0.11589511939964722,1e-05
0.054229822009801865,0.05410119891166687,0.053986042737960815,0.05366102233529091,993.49,0.9790575916230366,0.05407189950346947,0.05406862497329712,0.0543220229446888,0.05354331061244011,0.053999610245227814,0.05395929142832756,0.05395936965942383,0.05381208658218384,0.0,0.053705908358097076,0.05400414392352104,0.0540323369204998,0.053752463310956955,5636096,1149,0.020942408376963352,0.05360647290945053,-1.0,0.05414174124598503,0.05406773462891579,0.0543220229446888,0.05393729731440544,0.05400283262133598,191,1.4018429319371737,0.9790575916230366,0.0,4904,0.053610194474458694,0.05354331061244011,0.05373628810048103,43,674.5960083007812,0.05387835577130318,0.054175056517124176,-0.0025192902256094387,0.11826705932617188,187,0.053934600204229355,37.54697878062725,0.0022917625,0.6982221603393555,0.2,420,0.0,0.1,0.48177143931388855,0.08348120868613478,1e-05
0.05429144948720932,0.05417660251259804,0.0541062168776989,0.05376804620027542,976.02,0.9285714285714286,0.0541965514421463,0.05417245998978615,0.054491978138685226,0.05365657061338425,0.054106127470731735,0.054072119295597076,0.05407147482037544,0.053877852857112885,0.0,0.05385208874940872,0.05412958562374115,0.05420098453760147,0.053919773548841476,5767168,1176,0.07142857142857142,0.05371241644024849,-1.0,0.05429583787918091,0.054139960557222366,0.054491978138685226,0.05398370325565338,0.05407091975212097,70,1.402000000000001,0.9285714285714286,0.0,4903,0.05370214581489563,0.05365657061338425,0.053885623812675476,44,660.6651611328125,0.05394435673952103,0.054269980639219284,-0.002512229087187734,0.11732254028320313,65,0.05404379218816757,37.498068678379056,0.0022794425,0.7164812088012695,0.2,430,0.0,0.1,0.4427606761455536,0.08489089062786662,1e-05
0.054388437420129776,0.05429511517286301,0.05423588678240776,0.053852859884500504,993.43,0.9470899470899471,0.054330118000507355,0.05429442971944809,0.054522737860679626,0.053800903260707855,0.05418706685304642,0.05421442538499832,0.05414627492427826,0.05393359065055847,0.0,0.05400443822145462,0.05429217964410782,0.05431476980447769,0.053985025733709335,5898240,1203,0.05291005291005291,0.053800903260707855,-1.0,0.054353710263967514,0.05428433045744896,0.054522737860679626,0.05411304160952568,0.05420665815472603,189,1.402592592592594,0.9470899470899471,0.0,4901,0.0538153350353241,0.05381178855895996,0.05399079620838165,45,670.2656860351562,0.05407702177762985,0.05443025007843971,-0.0026530034448114747,0.11629486083984375,179,0.054155245423316956,37.44729490280152,0.0022526742,0.7451980113983154,0.2,440,0.0,0.1,0.4420396089553833,0.08488568027096335,1e-05
0.05448459833860397,0.05440213158726692,0.05428389087319374,0.05392644554376602,984.12,0.9487179487179487,0.05441584438085556,0.054371561855077744,0.05465472489595413,0.053879279643297195,0.05431181937456131,0.05434084311127663,0.054250773042440414,0.05403706431388855,0.0,0.054170507937669754,0.05434689670801163,0.05438094586133957,0.054166000336408615,6029312,1230,0.05128205128205128,0.053923074156045914,-1.0,0.054484494030475616,0.05439949035644531,0.05465472489595413,0.054255321621894836,0.05429467558860779,78,1.3706410256410269,0.9487179487179487,0.0,4900,0.053879279643297195,0.053901445120573044,0.05410127341747284,46,666.1741333007812,0.05424606055021286,0.05457426607608795,-0.002983003737699619,0.1224456787109375,74,0.054264135658741,37.39728549420833,0.0023535013,0.7530264258384705,0.2,450,0.0,0.1,0.5632014274597168,0.12591571843659038,1e-05
0.05456273630261421,0.054554231464862823,0.054450083523988724,0.05399966612458229,980.53,0.9513513513513514,0.05449994280934334,0.05443929508328438,0.054779112339019775,0.05399496480822563,0.05445610731840134,0.05445896089076996,0.05430608242750168,0.05410914495587349,0.0,0.05429784953594208,0.054431285709142685,0.05454616621136665,0.05428113788366318,6160384,1257,0.04864864864864865,0.05400221422314644,-1.0,0.05456722900271416,0.05449231341481209,0.054779112339019775,0.05431123450398445,0.054404690861701965,185,1.4106486486486494,0.9513513513513514,0.0,4898,0.05404357239603996,0.05399496480822563,0.05425537750124931,47,663.099365234375,0.054323989897966385,0.05466071888804436,-0.0026748611197035645,0.11585769653320313,176,0.05436912551522255,37.34689996242523,0.0022009653,0.7246509790420532,0.2,460,0.0,0.1,0.4146427512168884,0.06578554368461483,1e-05
0.0547298826277256,0.05469607189297676,0.054567303508520126,0.05411875620484352,966.26,0.9444444444444444,0.05466008931398392,0.054527584463357925,0.05491839349269867,0.05411875620484352,0.05456020310521126,0.05464380607008934,0.05447133630514145,0.05419881269335747,0.0,0.05439735949039459,0.05457534268498421,0.054718077182769775,0.05440347269177437,6291456,1284,0.05555555555555555,0.05415918305516243,-1.0,0.05467592552304268,0.05458180978894234,0.05491839349269867,0.05444694310426712,0.05461752042174339,90,1.393111111111112,0.9444444444444444,0.0,4898,0.0541972890496254,0.054132550954818726,0.054392844438552856,48,656.796630859375,0.054430365562438965,0.05474283918738365,-0.0030290243241324786,0.12211837768554687,85,0.05450255423784256,37.29190092086792,0.0024334625,0.7644096612930298,0.2,470,0.0,0.1,0.45922672748565674,0.11236201052670367,1e-05
0.054874103516340256,0.054783836007118225,0.05466698855161667,0.05422992259263992,983.36,0.9550561797752809,0.05474543571472168,0.05456902086734772,0.055063437670469284,0.05422992259263992,0.054692890495061874,0.05474615842103958,0.05457482486963272,0.05433311313390732,0.0,0.05451780930161476,0.05466775596141815,0.054804205894470215,0.0544930025935173,6422528,1311,0.0449438202247191,0.05427977815270424,-1.0,0.054782480001449585,0.05470601096749306,0.055063437670469284,0.05460093170404434,0.05473966896533966,178,1.393932584269664,0.9550561797752809,0.0,4896,0.05430487543344498,0.054269321262836456,0.054574355483055115,49,664.6944580078125,0.05454636365175247,0.05482545495033264,-0.0026871310233218537,0.11830978393554688,170,0.05461566895246506,37.23572115302086,0.0023176782,0.7107952833175659,0.2,480,0.0,0.1,0.4501705765724182,0.08113601754885166,1e-05
0.054949577897787094,0.054897669702768326,0.05474482849240303,0.054359398782253265,964.75,0.9139784946236559,0.054886046797037125,0.05465215444564819,0.05524927377700806,0.054359398782253265,0.054873693734407425,0.05483553558588028,0.05477575212717056,0.05442998930811882,0.0,0.0546039380133152,0.05474764481186867,0.054940879344940186,0.05457426607608795,6553600,1338,0.08602150537634409,0.054448340088129044,-1.0,0.05494323745369911,0.05479329451918602,0.05524927377700806,0.05475568398833275,0.05492429807782173,93,1.3772903225806463,0.9139784946236559,0.0,4896,0.05444727838039398,0.054373838007450104,0.05459639057517052,50,654.2711791992188,0.05462266504764557,0.054900117218494415,-0.002937997427488881,0.12109375,85,0.0547330267727375,37.18371620476246,0.00239741,0.7890695333480835,0.2,490,0.0,0.1,0.4380224943161011,0.08685872201167513,1e-05
0.0551060251891613,0.05510877072811127,0.05485374853014946,0.054475247859954834,987.84,0.9647058823529412,0.05496714636683464,0.05479896813631058,0.05538700893521309,0.05439786612987518,0.0549994632601738,0.05495255067944527,0.054869696497917175,0.0544939748942852,0.0,0.054759878665208817,0.05488581210374832,0.055039431899785995,0.05471023544669151,6684672,1365,0.03529411764705882,0.05451619625091553,-1.0,0.05509538576006889,0.054953571408987045,0.05538700893521309,0.0549270324409008,0.05505567789077759,170,1.3903882352941186,0.9647058823529412,0.0,4894,0.05457150563597679,0.05439786612987518,0.054749734699726105,51,670.9511108398438,0.05478153005242348,0.055063504725694656,-0.003007933152366604,0.12282943725585938,164,0.05486080050468445,37.1270543217659,0.0024209497,0.7644208669662476,0.2,500,0.0,0.1,0.5097189545631409,0.09453435708128381,1e-05
0.055163852870464325,0.05525575950741768,0.05497986078262329,0.05454156547784805,967.99,0.9081632653061225,0.05508178099989891,0.05492664501070976,0.05550427734851837,0.05452464893460274,0.05506367236375809,0.05506755784153938,0.054978448897600174,0.05461739003658295,0.0,0.054919544607400894,0.05500447005033493,0.055145904421806335,0.05477036163210869,6815744,1392,0.09183673469387756,0.05469583719968796,-1.0,0.05521561577916145,0.05509907752275467,0.05550427734851837,0.055025771260261536,0.055141329765319824,98,1.3647959183673481,0.9081632653061225,0.0,4893,0.05471281707286835,0.05452464893460274,0.054839298129081726,52,659.8649291992188,0.0548517070710659,0.05518314987421036,-0.0026927782094389842,0.1158416748046875,89,0.054972413927316666,37.073010340332985,0.002248268,0.7540918588638306,0.2,510,0.0,0.1,0.419563889503479,0.08263400279683993,1e-05
0.055271461606025696,0.055424630641937256,0.05509555712342262,0.054724596440792084,991.09,0.9696969696969697,0.05525143817067146,0.055024486035108566,0.05564985051751137,0.05460263788700104,0.055178336799144745,0.05516444519162178,0.05508017912507057,0.05475896596908569,0.0,0.05507529526948929,0.055141840130090714,0.05526231974363327,0.05491653084754944,6946816,1419,0.030303030303030304,0.054840199649333954,-1.0,0.05533495172858238,0.05513896048069,0.05564985051751137,0.05510329455137253,0.05524827539920807,165,1.3903030303030315,0.9696969696969697,0.0,4892,0.05478876456618309,0.05460263788700104,0.054966915398836136,53,671.909912109375,0.05502111464738846,0.05528319254517555,-0.0030232289571358708,0.12831878662109375,160,0.055093925446271896,37.019696393609046,0.0024847952,0.7335097789764404,0.2,520,0.0,0.1,0.5258428454399109,0.10761607873428147,1e-05
0.055390018969774246,0.05555662885308266,0.05517904832959175,0.054810598492622375,966.84,0.9320388349514563,0.05532466247677803,0.055173732340335846,0.0557866245508194,0.05475044995546341,0.055286966264247894,0.05527710169553757,0.055157579481601715,0.054847657680511475,0.0,0.055214591324329376,0.055232878774404526,0.05541228875517845,0.05499560758471489,7077888,1446,0.06796116504854369,0.05491247773170471,-1.0,0.05544755980372429,0.05522599443793297,0.0557866245508194,0.05521800369024277,0.055304549634456635,103,1.392504854368933,0.9320388349514563,0.0,4892,0.05482201650738716,0.05475044995546341,0.055075764656066895,54,655.6923217773438,0.05515090003609657,0.05538152903318405,-0.002580584650968376,0.11427078247070313,96,0.05519741028547287,36.96903492808342,0.0022631113,0.8047253489494324,0.2,530,0.0,0.1,0.42840439081192017,0.07094173721270636,1e-05
0.05544790253043175,0.05561894550919533,0.05531860888004303,0.054958708584308624,976.99,0.9316770186335404,0.05544771999120712,0.055333275347948074,0.05591139197349548,0.05487878620624542,0.055422343313694,0.055406395345926285,0.05529947578907013,0.055014319717884064,0.0,0.05526735261082649,0.05536472052335739,0.05555446445941925,0.05507266893982887,7208960,1474,0.06832298136645963,0.05497974157333374,-1.0,0.055562376976013184,0.055256981402635574,0.05591139197349548,0.05541394278407097,0.05540481209754944,161,1.390496894409939,0.9316770186335404,0.0,4890,0.05487878620624542,0.05488499253988266,0.0551791787147522,55,662.439697265625,0.055269986391067505,0.055514588952064514,-0.002980184552143328,0.12368698120117187,150,0.05531134456396103,36.91971074640751,0.0024145795,0.7477053999900818,0.2,540,0.0,0.1,0.41968458890914917,0.09524976083484944,1e-05
0.055637698620557785,0.05577147752046585,0.055449213832616806,0.055039890110492706,976.72,0.9615384615384616,0.05562102794647217,0.05549284815788269,0.05604559928178787,0.055039890110492706,0.055526409298181534,0.055500201880931854,0.05537591874599457,0.05517354980111122,0.0,0.05528886243700981,0.055517010390758514,0.055656325072050095,0.055214881896972656,7340032,1500,0.038461538461538464,0.05515873804688454,-1.0,0.0556972399353981,0.0553903728723526,0.05604559928178787,0.05557738617062569,0.055503617972135544,104,1.4040961538461545,0.9615384615384616,0.0,4890,0.055047620087862015,0.05505068227648735,0.05524620786309242,56,666.4724731445312,0.05538065731525421,0.05565936490893364,-0.0033030351395609615,0.12605743408203124,100,0.055440910160541534,36.865120214223865,0.0024803313,0.7710028886795044,0.2,550,0.0,0.1,0.49355727434158325,0.11173730834561865,1e-05
0.05575738474726677,0.05587546527385712,0.0556526742875576,0.05522044748067856,994.06,0.9746835443037974,0.055769339203834534,0.05559945106506348,0.05610203370451927,0.05512659251689911,0.05561021715402603,0.05556996539235115,0.05550125986337662,0.055253006517887115,0.0,0.05539996549487114,0.05564628168940544,0.05578850209712982,0.05536144599318504,7471104,1528,0.02531645569620253,0.05528978258371353,-1.0,0.055829230695962906,0.055517736822366714,0.05610203370451927,0.05574288219213486,0.05559329316020012,158,1.391518987341773,0.9746835443037974,0.0,4889,0.05514068529009819,0.05512659251689911,0.05532979220151901,57,673.6786499023438,0.05543738603591919,0.055785201489925385,-0.0026665684706131286,0.12133255004882812,154,0.05555599927902222,36.80933424532414,0.002396247,0.7395603060722351,0.2,560,0.0,0.1,0.43129047751426697,0.07202858960954472,1e-05
0.05581015720963478,0.05595778301358223,0.05580655112862587,0.055363982915878296,989.12,0.9636363636363636,0.0559157095849514,0.05571325123310089,0.056191638112068176,0.05517638847231865,0.05569343641400337,0.05570672079920769,0.05565334111452103,0.055416449904441833,0.0,0.05546071380376816,0.05578555911779404,0.055903203785419464,0.05544401705265045,7602176,1554,0.03636363636363636,0.05538349598646164,-1.0,0.055942606180906296,0.05558846518397331,0.056191638112068176,0.05581952631473541,0.055699560791254044,110,1.3835090909090917,0.9636363636363636,0.0,4888,0.05517638847231865,0.055226411670446396,0.055440764874219894,58,672.338623046875,0.05561098828911781,0.05590914934873581,-0.0026413097182739877,0.11623992919921874,106,0.0556647963821888,36.75913505554199,0.0023192186,0.7804965376853943,0.2,570,0.0,0.1,0.4173112213611603,0.06715868377941661,1e-05
0.055932145565748215,0.0560535229742527,0.05592917650938034,0.05544961243867874,981.08,0.9430379746835443,0.05592668056488037,0.05586526170372963,0.056279025971889496,0.05521829053759575,0.05573771148920059,0.055859681218862534,0.05578675866127014,0.055532924830913544,0.0,0.055574193596839905,0.055967219173908234,0.05597590282559395,0.055613402277231216,7733248,1582,0.056962025316455694,0.05547221004962921,-1.0,0.056036993861198425,0.05574576556682587,0.056279025971889496,0.05592288076877594,0.055870745331048965,158,1.3986962025316467,0.9430379746835443,0.0,4887,0.05521829053759575,0.05535512417554855,0.05557793006300926,59,667.2479858398438,0.05570719763636589,0.056003138422966,-0.00273700894886133,0.11914520263671875,149,0.05577573552727699,36.709713286161424,0.0023055421,0.7494755983352661,0.2,580,0.0,0.1,0.4517374634742737,0.06789737336512189,1e-05
0.05605620890855789,0.0561925508081913,0.05609437823295593,0.05557116121053696,973.73,0.9523809523809523,0.05608963221311569,0.05598923936486244,0.05640599876642227,0.05530411750078201,0.055864207446575165,0.055958881974220276,0.05592532083392143,0.05561593547463417,0.0,0.05570295825600624,0.056071605533361435,0.05606730282306671,0.055722594261169434,7864320,1608,0.047619047619047616,0.05554644390940666,-1.0,0.05615021660923958,0.05589865893125534,0.05640599876642227,0.05611906200647354,0.05592704191803932,105,1.3974666666666677,0.9523809523809523,0.0,4888,0.05530411750078201,0.05551060289144516,0.05566661059856415,60,660.3010864257812,0.055818621069192886,0.056069280952215195,-0.0029293096615219836,0.121893310546875,100,0.05589354410767555,36.658743092417716,0.0024149755,0.8120093941688538,0.2,590,0.0,0.1,0.4975433051586151,0.0891485428554006,1e-05
0.05620109662413597,0.05631363019347191,0.056207746267318726,0.05567212775349617,976.95,0.9685534591194969,0.05613292381167412,0.05607299506664276,0.05653392896056175,0.05544917285442352,0.055966444313526154,0.05600256472826004,0.05599283054471016,0.05572431907057762,0.0,0.05587534233927727,0.056202035397291183,0.05620166286826134,0.05578305944800377,7995392,1635,0.031446540880503145,0.05569232255220413,-1.0,0.05626341328024864,0.056041259318590164,0.05653392896056175,0.05620238184928894,0.0560210719704628,159,1.4085283018867936,0.9685534591194969,0.0,4887,0.05544917285442352,0.05562026798725128,0.05583494156599045,61,664.8943481445312,0.05588306114077568,0.056143444031476974,-0.0026851259151953856,0.12154541015625,154,0.05600136145949364,36.608019679784775,0.0023553618,0.7463492155075073,0.2,600,0.0,0.1,0.46581485867500305,0.0766481403115904,1e-05
0.05625893175601959,0.05639560520648956,0.05631944537162781,0.05581231042742729,987.78,0.944954128440367,0.056224822998046875,0.05617072805762291,0.05668569728732109,0.05554921180009842,0.05605359002947807,0.05608341097831726,0.05609830096364021,0.05580928176641464,0.0,0.05598503351211548,0.05631822347640991,0.05630100145936012,0.05586203560233116,8126464,1662,0.05504587155963303,0.05580850690603256,-1.0,0.05640745162963867,0.05614115297794342,0.05668569728732109,0.05624787136912346,0.056132908910512924,109,1.4107706422018362,0.944954128440367,0.0,4887,0.05554921180009842,0.05572570115327835,0.05593161657452583,62,669.3972778320312,0.05600510165095329,0.0562814325094223,-0.0029883868744946087,0.12053756713867188,103,0.056104373186826706,36.56101944744587,0.0023521017,0.8212196230888367,0.2,610,0.0,0.1,0.46322962641716003,0.06944618464476662,1e-05
0.05639243125915527,0.05653316155076027,0.05646207928657532,0.05594071000814438,983.4,0.9554140127388535,0.056321416050195694,0.056270815432071686,0.05682847648859024,0.055653221905231476,0.056185852736234665,0.056129686534404755,0.05624939873814583,0.05591043084859848,0.0,0.05613445118069649,0.05646480992436409,0.056362781673669815,0.056041229516267776,8257536,1689,0.044585987261146494,0.055906668305397034,-1.0,0.0565083771944046,0.05630330741405487,0.05682847648859024,0.056409548968076706,0.05626644566655159,157,1.3962165605095551,0.9554140127388535,0.0,4886,0.055653221905231476,0.05588613450527191,0.056094832718372345,63,670.3169555664062,0.05615799501538277,0.056459736078977585,-0.0027779116970123143,0.1250518798828125,150,0.05623495951294899,36.50887082517147,0.0024845242,0.7193566560745239,0.2,620,0.0,0.1,0.4989108443260193,0.08480790286266711,1e-05
0.05650188773870468,0.056686900556087494,0.05659728869795799,0.05609388276934624,964.74,0.9181818181818182,0.05649956688284874,0.05639493092894554,0.05698835849761963,0.05575428530573845,0.05625399574637413,0.05623660609126091,0.056402504444122314,0.056016504764556885,0.0,0.05623948574066162,0.05658865347504616,0.056480564177036285,0.05610857531428337,8388608,1716,0.08181818181818182,0.05602632090449333,-1.0,0.056705936789512634,0.0564371794462204,0.05698835849761963,0.05644357204437256,0.056360118091106415,110,1.3669636363636377,0.9181818181818182,0.0,4886,0.05575428530573845,0.05601448565721512,0.05620943382382393,64,652.700439453125,0.05619679391384125,0.0565832145512104,-0.0030468902823486133,0.123712158203125,101,0.05635284259915352,36.454165989160536,0.0024038698,0.7889437079429626,0.2,630,0.0,0.1,0.4141309857368469,0.08466479055059609,1e-05
0.05662711337208748,0.05683613196015358,0.05671275034546852,0.05626121535897255,996.84,0.974025974025974,0.05662638321518898,0.05649760365486145,0.05714481696486473,0.05588610842823982,0.05633177235722542,0.0563734769821167,0.056508906185626984,0.056116983294487,0.0,0.056333575397729874,0.05675109848380089,0.05662831664085388,0.056166429072618484,8519680,1743,0.025974025974025976,0.05618768557906151,-1.0,0.056839507073163986,0.05656808242201805,0.05714481696486473,0.05657598748803139,0.056476742029190063,154,1.3711558441558451,0.974025974025974,0.0,4885,0.05588610842823982,0.056159306317567825,0.05636110156774521,65,673.494384765625,0.05630005896091461,0.0566774420440197,-0.0031107217136195687,0.12388229370117188,150,0.05647794529795647,36.39966250061989,0.0024053315,0.8020158410072327,0.2,640,0.0,0.1,0.47791874408721924,0.09362620427855291,1e-05
0.056755632162094116,0.05695434659719467,0.05686567723751068,0.0563967190682888,985.33,0.9553571428571429,0.056778762489557266,0.056638821959495544,0.05720098689198494,0.056020017713308334,0.05647557973861694,0.05650070309638977,0.05670638382434845,0.05625300481915474,0.0,0.05645877867937088,0.05684518441557884,0.05672350153326988,0.0562484972178936,8650752,1770,0.044642857142857144,0.05627460032701492,-1.0,0.057026054710149765,0.056664999574422836,0.05720098689198494,0.05670253187417984,0.05662637576460838,112,1.3869285714285726,0.9553571428571429,0.0,4885,0.056020017713308334,0.05631205812096596,0.05639571323990822,66,669.7511596679688,0.05641564354300499,0.05679399147629738,-0.0029363270004978403,0.11704177856445312,107,0.056601379066705704,36.344131270051,0.0023196284,0.7669683694839478,0.2,650,0.0,0.1,0.40343278646469116,0.07046520605654223,1e-05
0.056808438152074814,0.05705765634775162,0.05699997767806053,0.056520212441682816,969.0,0.9477124183006536,0.0569148063659668,0.05673458054661751,0.05729523301124573,0.056124571710824966,0.05662032589316368,0.0565614178776741,0.05683961510658264,0.056408096104860306,0.0,0.056556832045316696,0.05699563026428223,0.056848399341106415,0.05638139322400093,8781824,1797,0.05228758169934641,0.056385722011327744,-1.0,0.057148344814777374,0.056769609451293945,0.05729523301124573,0.056858524680137634,0.056699663400650024,153,1.4003660130718965,0.9477124183006536,0.0,4884,0.056124571710824966,0.0563715435564518,0.056496672332286835,67,660.1522827148438,0.056535571813583374,0.056894946843385696,-0.0028003570781038436,0.12418746948242188,145,0.05671311169862747,36.29231904447079,0.0023618508,0.7861676216125488,0.2,660,0.0,0.1,0.42879536747932434,0.0655358062038431,1e-05
0.05680911988019943,0.057240087538957596,0.05716859549283981,0.05660625919699669,981.84,0.923728813559322,0.05705782026052475,0.056886591017246246,0.05745173618197441,0.05629295855760574,0.056791309267282486,0.056724272668361664,0.05700184404850006,0.05655163154006004,0.0,0.05667571350932121,0.05707988888025284,0.056932058185338974,0.05647379532456398,8912896,1824,0.07627118644067797,0.05651251599192619,-1.0,0.057322029024362564,0.05686045065522194,0.05745173618197441,0.057019174098968506,0.05683582276105881,118,1.3869661016949164,0.923728813559322,0.0,4884,0.05629295855760574,0.05653635412454605,0.05660955235362053,68,667.7069702148438,0.05670864135026932,0.05700450390577316,-0.002993178176257061,0.12645797729492186,109,0.05684610828757286,36.23914594650269,0.0024855908,0.7922940254211426,0.2,670,0.0,0.1,0.4519844651222229,0.09273052375792759,1e-05
0.05695607513189316,0.05736333131790161,0.05733346939086914,0.056712206453084946,982.67,0.96,0.05723731592297554,0.05704469233751297,0.05755896121263504,0.05641778185963631,0.05692802742123604,0.056819453835487366,0.05710771679878235,0.05668528005480766,0.0,0.056807465851306915,0.057268206030130386,0.05705433711409569,0.05664641410112381,9043968,1851,0.04,0.05668552592396736,-1.0,0.05746081843972206,0.05703601986169815,0.05755896121263504,0.05712537467479706,0.0569794625043869,150,1.391320000000001,0.96,0.0,4883,0.05641778185963631,0.05667537450790405,0.056711044162511826,69,667.3989868164062,0.056806884706020355,0.057153042405843735,-0.0032481483169249257,0.12423477172851563,144,0.05698297545313835,36.17973462343216,0.0024228566,0.7714433670043945,0.2,680,0.0,0.1,0.5042219161987305,0.0927483839011984,1e-05
0.05711888149380684,0.057520151138305664,0.057484112679958344,0.056817568838596344,970.3,0.9396551724137931,0.05734945088624954,0.057216495275497437,0.05764985457062721,0.05654739961028099,0.057056814432144165,0.05695980787277222,0.05723373964428902,0.0567956306040287,0.0,0.05697036162018776,0.0573933981359005,0.05717463418841362,0.05681503936648369,9175040,1878,0.0603448275862069,0.05686306208372116,-1.0,0.05756627768278122,0.05716302990913391,0.05764985457062721,0.057166688144207,0.057002343237400055,116,1.4019310344827598,0.9396551724137931,0.0,4883,0.05654739961028099,0.056770868599414825,0.05691634118556976,70,653.5545043945312,0.05693459510803223,0.0572965033352375,-0.002932695031631738,0.12334213256835938,109,0.05711131915450096,36.12141594290733,0.002411893,0.7966113090515137,0.2,690,0.0,0.1,0.44975054264068604,0.08822428128623869,1e-05
0.05727851390838623,0.05762253701686859,0.05766071006655693,0.05695265531539917,995.39,0.9463087248322147,0.05749733746051788,0.05735522136092186,0.057769156992435455,0.05663532763719559,0.05716405808925629,0.05705072358250618,0.05735189840197563,0.056932952255010605,0.0,0.05712549760937691,0.05752735212445259,0.057241231203079224,0.05699063092470169,9306112,1905,0.053691275167785234,0.05698521062731743,-1.0,0.057728804647922516,0.05733725428581238,0.057769156992435455,0.05722896382212639,0.05714285373687744,149,1.3973288590604038,0.9463087248322147,0.0,4883,0.05663532763719559,0.05685177072882652,0.057042643427848816,71,675.4059448242188,0.05711657926440239,0.05744428187608719,-0.003468855156643258,0.12306671142578125,141,0.05724136158823967,36.06511958539486,0.002362851,0.8192394971847534,0.2,700,0.0,0.1,0.46581628918647766,0.08644123314879834,1e-05
0.05739990994334221,0.05775858089327812,0.05784115195274353,0.057105548679828644,994.71,0.9655172413793104,0.0576394759118557,0.05752566456794739,0.05785936117172241,0.056780777871608734,0.05721454322338104,0.05714477226138115,0.05751136317849159,0.05706489458680153,0.0,0.05722444877028465,0.05765595659613609,0.05732189118862152,0.057077087461948395,9437184,1932,0.034482758620689655,0.057079117745161057,-1.0,0.057903096079826355,0.057550933212041855,0.057903096079826355,0.05735672265291214,0.05728037655353546,116,1.4189827586206911,0.9655172413793104,0.0,4883,0.056780777871608734,0.05691555514931679,0.05718011409044266,72,677.396728515625,0.05720401555299759,0.057547710835933685,-0.002667395456410304,0.11695404052734375,112,0.057365722954273224,36.00912860035896,0.0023256051,0.7885830998420715,0.2,710,0.0,0.1,0.423955500125885,0.07011459777859272,1e-05
0.057499174028635025,0.057881273329257965,0.05796324834227562,0.057251375168561935,980.99,0.9583333333333334,0.05774444341659546,0.05764513835310936,0.057949718087911606,0.056889262050390244,0.05736774951219559,0.05725789815187454,0.05764063447713852,0.05712386593222618,0.0,0.05734580010175705,0.05780445411801338,0.057412076741456985,0.05723380669951439,9568256,1959,0.041666666666666664,0.057181764394044876,-1.0,0.057971082627773285,0.057691790163517,0.057971082627773285,0.05748028680682182,0.05741943046450615,144,1.4050000000000011,0.9583333333333334,0.0,4882,0.056889262050390244,0.05697527900338173,0.05726436898112297,73,664.4607543945312,0.05731314793229103,0.057679809629917145,-0.0028506385427135685,0.1194122314453125,138,0.05747947469353676,35.957111144065856,0.0023396416,0.7966439127922058,0.2,720,0.0,0.1,0.4049021005630493,0.05345180117437849,1e-05
0.05769813060760498,0.05800900608301163,0.05808437615633011,0.057322099804878235,983.97,0.92,0.05787423253059387,0.05775715038180351,0.058040253818035126,0.05700163543224335,0.057472556829452515,0.05744031071662903,0.05781174823641777,0.05718245729804039,0.0,0.05750112235546112,0.0579531267285347,0.057524606585502625,0.05736977234482765,9699328,1986,0.08,0.05731421336531639,-1.0,0.05804101750254631,0.0578346885740757,0.05808437615633011,0.05754397436976433,0.05752984806895256,125,1.384112000000001,0.92,0.0,4882,0.05700163543224335,0.057122133672237396,0.05741851404309273,74,666.2919311523438,0.057444777339696884,0.05784384533762932,-0.0030597015284001827,0.12163543701171875,115,0.05760541930794716,35.905733820796016,0.0024466258,0.7774969935417175,0.2,730,0.0,0.1,0.4269064664840698,0.09222436162235681,1e-05
0.057869087904691696,0.05814841762185097,0.05819014459848404,0.05744505301117897,985.14,0.9716312056737588,0.05805055424571037,0.05784565210342407,0.0582345612347126,0.05717119947075844,0.0575682707130909,0.0576343797147274,0.05791448429226875,0.05726981535553932,0.0,0.05763424187898636,0.058167386800050735,0.057745691388845444,0.057451650500297546,9830400,2013,0.028368794326241134,0.05746985971927643,-1.0,0.05818375200033188,0.05802132934331894,0.0582345612347126,0.057660821825265884,0.0576631985604763,141,1.4066382978723413,0.9716312056737588,0.0,4881,0.05717119947075844,0.05728678032755852,0.057569652795791626,75,668.0125732421875,0.05751938372850418,0.05802231281995773,-0.003379674995358073,0.12537002563476562,137,0.05774950981140137,35.84672782719135,0.0024180256,0.7730134129524231,0.2,740,0.0,0.1,0.47043368220329285,0.10893354428117163,1e-05
0.05803313106298447,0.05820195749402046,0.05834508687257767,0.05748278275132179,978.85,0.9307692307692308,0.058179065585136414,0.0579528845846653,0.05836978554725647,0.057313185185194016,0.05772343650460243,0.057805806398391724,0.05800879746675491,0.05738997831940651,0.0,0.05773882195353508,0.05839007720351219,0.057909224182367325,0.057536911219358444,9961472,2040,0.06923076923076923,0.05766654387116432,-1.0,0.05819995701313019,0.058166440576314926,0.05839007720351219,0.057790908962488174,0.05773346871137619,130,1.3973230769230782,0.9307692307692308,0.0,4881,0.057313185185194016,0.05742986500263214,0.05768522992730141,76,665.3621826171875,0.0576571524143219,0.05811800807714462,-0.003018579716535896,0.11483535766601563,121,0.057873133569955826,35.78844017982483,0.0022438667,0.7784674167633057,0.2,750,0.0,0.1,0.4032054841518402,0.06071780630154535,1e-05
0.058075275272130966,0.05834140256047249,0.05847988277673721,0.05763872340321541,972.89,0.9565217391304348,0.05839095264673233,0.05806740000844002,0.05854995548725128,0.05749466270208359,0.05786193907260895,0.05792594328522682,0.05814151093363762,0.05754704028367996,0.0,0.05787111446261406,0.05854169279336929,0.05802445486187935,0.057633280754089355,10092544,2067,0.043478260869565216,0.057828910648822784,-1.0,0.05837684124708176,0.05825886130332947,0.05854995548725128,0.057914577424526215,0.05787543207406998,138,1.3855797101449285,0.9565217391304348,0.0,4880,0.05749466270208359,0.0575108677148819,0.057825613766908646,77,662.9057006835938,0.057821355760097504,0.058257587254047394,-0.003241205532231106,0.1284393310546875,132,0.05801021307706833,35.732616096735,0.002444861,0.8072445392608643,0.2,760,0.0,0.1,0.4260311722755432,0.08539840171579272,1e-05
0.05814898759126663,0.05842079594731331,0.05864014849066734,0.057887963950634,987.8,0.9621212121212122,0.05857154354453087,0.05822285637259483,0.05864797905087471,0.05760965123772621,0.057999394834041595,0.05804084986448288,0.05829567089676857,0.057676441967487335,0.0,0.05799386650323868,0.05875095725059509,0.05810752138495445,0.05778537318110466,10223616,2094,0.03787878787878788,0.057920780032873154,-1.0,0.05859207734465599,0.05839472636580467,0.05875095725059509,0.05802901089191437,0.05802184343338013,132,1.4221060606060616,0.9621212121212122,0.0,4880,0.05760965123772621,0.05771618336439133,0.05805131420493126,78,668.9989013671875,0.057877033948898315,0.058398112654685974,-0.0029062460821478453,0.1232177734375,127,0.05815204605460167,35.672202840447426,0.0024157912,0.8106969594955444,0.2,770,0.0,0.1,0.4012902081012726,0.0740074954694137,1e-05
0.05823196470737457,0.058553267270326614,0.05870840325951576,0.05793745443224907,990.58,0.9694656488549618,0.058743081986904144,0.05835757777094841,0.05877261608839035,0.05773056298494339,0.05810562148690224,0.05818064510822296,0.058427274227142334,0.05782249942421913,0.0,0.05809870734810829,0.058898258954286575,0.0581912025809288,0.05793733894824982,10354688,2121,0.030534351145038167,0.05803995206952095,-1.0,0.05866294726729393,0.058444544672966,0.058898258954286575,0.05810735374689102,0.05821090564131737,131,1.4008244274809172,0.9694656488549618,0.0,4880,0.05773056298494339,0.0577734038233757,0.058130815625190735,79,674.4415893554688,0.05793193727731705,0.05852831155061722,-0.0031246473024111763,0.12382659912109376,127,0.058261070400476456,35.61821220219135,0.002381094,0.8308091163635254,0.2,780,0.0,0.1,0.4421728551387787,0.06982913244573866,1e-05
0.05840272083878517,0.058646220713853836,0.058818284422159195,0.058029092848300934,974.48,0.9416058394160584,0.05880942568182945,0.05842282995581627,0.058859653770923615,0.057851776480674744,0.05827336758375168,0.05827122554183006,0.05854284018278122,0.05792061239480972,0.0,0.05816807970404625,0.05903166905045509,0.05831108242273331,0.058052074164152145,10485760,2148,0.058394160583941604,0.05811673402786255,-1.0,0.058765679597854614,0.05860506743192673,0.05903166905045509,0.058259930461645126,0.05831262841820717,137,1.3898540145985412,0.9416058394160584,0.0,4880,0.057851776480674744,0.05787154287099838,0.05824647098779678,80,660.0675659179688,0.058011218905448914,0.05864071100950241,-0.002529206192775746,0.11502456665039062,129,0.05836963653564453,35.571664702892306,0.0022771452,0.7945134043693542,0.2,790,0.0,0.1,0.40148720145225525,0.04917705415864475,1e-05
0.05850682780146599,0.05875738337635994,0.058912672102451324,0.05821686238050461,960.29,0.9473684210526315,0.05897621810436249,0.058546021580696106,0.05899942293763161,0.05792362242937088,0.05843125656247139,0.05845361948013306,0.05866418778896332,0.05803624540567398,0.0,0.05823293700814247,0.05918264389038086,0.058506518602371216,0.05816831439733505,10616832,2175,0.05263157894736842,0.05825170874595642,-1.0,0.05894175171852112,0.058664608746767044,0.05918264389038086,0.058474235236644745,0.05852267146110535,133,1.388000000000001,0.9473684210526315,0.0,4880,0.05803323909640312,0.05792362242937088,0.058402787894010544,81,653.816650390625,0.0580914244055748,0.05879703164100647,-0.0029592759641673184,0.12687530517578124,126,0.0585077665746212,35.51959494054317,0.002431977,0.7758157253265381,0.2,800,0.0,0.1,0.4102925956249237,0.09092749555857153,1e-05
0.05860092118382454,0.05889374017715454,0.0589996762573719,0.05839809775352478,988.82,0.9626865671641791,0.05914922431111336,0.058677926659584045,0.059174247086048126,0.05810300633311272,0.058592021465301514,0.058622900396585464,0.05886107310652733,0.05816067382693291,0.0,0.058369334787130356,0.059381332248449326,0.05860738828778267,0.05828575789928436,10747904,2202,0.03731343283582089,0.058307040482759476,-1.0,0.059042129665613174,0.058843884617090225,0.059381332248449326,0.0585184320807457,0.05867260694503784,134,1.401447761194031,0.9626865671641791,0.0,4879,0.058160047978162766,0.05810300633311272,0.05852208659052849,82,669.8373413085938,0.05818330869078636,0.05888458713889122,-0.003242564379797841,0.12233505249023438,129,0.05864045396447182,35.4609237909317,0.0023725028,0.7961785197257996,0.2,810,0.0,0.1,0.424120157957077,0.07745726924476912,1e-05
0.05871514976024628,0.05905633792281151,0.05911712348461151,0.058501970022916794,981.6,0.9548872180451128,0.059275221079587936,0.05881815776228905,0.059312671422958374,0.05821910873055458,0.058719027787446976,0.058799780905246735,0.05895354226231575,0.05825076624751091,0.0,0.05850723013281822,0.0594981387257576,0.05874263867735863,0.058466024696826935,10878976,2229,0.045112781954887216,0.058469802141189575,-1.0,0.05919240415096283,0.05896177887916565,0.0594981387257576,0.05860920622944832,0.05882988125085831,133,1.411127819548873,0.9548872180451128,0.0,4879,0.05821910873055458,0.05823338031768799,0.0586552657186985,83,668.3125610351562,0.058308567851781845,0.059030309319496155,-0.0030063021033129187,0.11794509887695312,127,0.05876974016427994,35.40481165647507,0.0023349405,0.826104462146759,0.2,820,0.0,0.1,0.41448310017585754,0.058700563093589155,1e-05
0.05889580398797989,0.05919274687767029,0.059281524270772934,0.05866435542702675,1000.0,0.9807692307692307,0.05940426141023636,0.05894443392753601,0.059382595121860504,0.058344002813100815,0.05879537761211395,0.05896681174635887,0.05904486030340195,0.05839842930436134,0.0,0.05865748971700668,0.05961673706769943,0.058921970427036285,0.05859942361712456,11010048,2256,0.019230769230769232,0.05852821469306946,-1.0,0.05935779586434364,0.05903928726911545,0.05961673706769943,0.058676693588495255,0.058999862521886826,156,1.41721794871795,0.9807692307692307,0.0,4879,0.058344002813100815,0.058390382677316666,0.05878596752882004,84,680.9545288085938,0.058382365852594376,0.05914529040455818,-0.0031999461436498676,0.12088623046875,153,0.058896664530038834,35.351378184556964,0.0023970304,0.7958297729492188,0.2,830,0.0,0.1,0.41024163365364075,0.08419871402729769,1e-05
0.058999378234148026,0.0593140535056591,0.05936643108725548,0.058821287006139755,960.01,0.911504424778761,0.05956139788031578,0.05901464447379112,0.059519149363040924,0.05835708975791931,0.058910250663757324,0.05906064808368683,0.05916273221373558,0.05851275473833084,0.0,0.05877764895558357,0.05972907319664955,0.05908392369747162,0.05878399685025215,11141120,2283,0.08849557522123894,0.05867360159754753,-1.0,0.05943572521209717,0.05912085995078087,0.05972907319664955,0.0588032528758049,0.059141453355550766,113,1.3992743362831868,0.911504424778761,0.0,4879,0.05835708975791931,0.058469343930482864,0.05888871103525162,85,650.5653076171875,0.05846304073929787,0.05927459895610809,-0.0027692036803273366,0.1106719970703125,103,0.059009797871112823,35.299548742175105,0.0021954668,0.7855880856513977,0.2,840,0.0,0.1,0.39132481813430786,0.0441749358564266,1e-05
0.059096068143844604,0.05942680314183235,0.05952025577425957,0.05897568538784981,993.15,0.9607843137254902,0.05972300469875336,0.059191204607486725,0.05973377078771591,0.05842628329992294,0.05908951908349991,0.05927461385726929,0.05933702364563942,0.05870915949344635,0.0,0.05890616774559021,0.059821967035532,0.05926854908466339,0.05885931849479675,11272192,2310,0.0392156862745098,0.05875197798013687,-1.0,0.059601329267024994,0.05924399942159653,0.059821967035532,0.0588781014084816,0.05922168493270874,153,1.407032679738563,0.9607843137254902,0.0,4878,0.05842628329992294,0.05863725766539574,0.05905815213918686,86,679.11328125,0.05861712992191315,0.05945911258459091,-0.003496167967477959,0.1274383544921875,147,0.05915312469005585,35.24622138440609,0.0024885223,0.8075753450393677,0.2,850,0.0,0.1,0.41706931591033936,0.1079940875293687,1e-05
0.05927315726876259,0.059581976383924484,0.059672947973012924,0.05916101112961769,992.52,0.9739130434782609,0.059907231479883194,0.05934605002403259,0.05985987186431885,0.05849213898181915,0.05929702892899513,0.0594194158911705,0.05945609509944916,0.058861423283815384,0.0,0.05905357748270035,0.05989557504653931,0.05935366824269295,0.05899116396903992,11403264,2337,0.02608695652173913,0.0589003823697567,-1.0,0.05975145101547241,0.059339702129364014,0.059907231479883194,0.05906790867447853,0.05936713516712189,115,1.3785739130434793,0.9739130434782609,0.0,4878,0.05849213898181915,0.05874154344201088,0.05919121950864792,87,677.0103759765625,0.05871153622865677,0.059614092111587524,-0.003140419978353748,0.12034149169921875,112,0.05929229035973549,35.18561519086361,0.0023362907,0.7810561060905457,0.2,860,0.0,0.1,0.4340660572052002,0.06443043968029087,1e-05
0.059442076832056046,0.05972355976700783,0.05979098007082939,0.05927984416484833,990.5,0.9731543624161074,0.060055654495954514,0.059464842081069946,0.059953898191452026,0.05864011123776436,0.05936070904135704,0.05952834710478783,0.05959634110331535,0.05898115411400795,0.0,0.05921825021505356,0.06005503982305527,0.05953293293714523,0.059129077941179276,11534336,2364,0.026845637583892617,0.05898657068610191,-1.0,0.059904973953962326,0.05935889855027199,0.060055654495954514,0.05918814614415169,0.05948267877101898,149,1.4023489932885917,0.9731543624161074,0.0,4878,0.05864011123776436,0.05886197090148926,0.05928894504904747,88,674.794189453125,0.05884551256895065,0.05982998013496399,-0.0025170197786792414,0.11744842529296876,145,0.05942002311348915,35.1294303715229,0.0023281567,0.7570980787277222,0.2,870,0.0,0.1,0.3771190643310547,0.05364784561970737,1e-05
0.05950517579913139,0.05990564450621605,0.059890519827604294,0.05936374142765999,974.05,0.9411764705882353,0.06011797487735748,0.05957173928618431,0.06001102924346924,0.05883968994021416,0.05944274365901947,0.05962993949651718,0.05977855995297432,0.059219058603048325,0.0,0.0593184232711792,0.06017925217747688,0.059673260897397995,0.05924301967024803,11665408,2390,0.058823529411764705,0.05914555862545967,-1.0,0.060036905109882355,0.05942590907216072,0.06017925217747688,0.059297867119312286,0.05950842425227165,119,1.3978319327731101,0.9411764705882353,0.0,4878,0.05883968994021416,0.05907116457819939,0.05935914069414139,89,661.0970458984375,0.05897876247763634,0.05999469384551048,-0.0028433763385692147,0.12044906616210938,112,0.05954032763838768,35.07797082960606,0.0023107254,0.7923626899719238,0.2,880,0.0,0.1,0.3850271999835968,0.059149510358111,1e-05
0.05960843712091446,0.06003144755959511,0.06000620499253273,0.05949714779853821,992.67,0.9583333333333334,0.060276638716459274,0.05968599393963814,0.06010546162724495,0.05904417484998703,0.05957543104887009,0.05979755148291588,0.05988806486129761,0.059427253901958466,0.0,0.05945543944835663,0.060271408408880234,0.05979253351688385,0.059351515024900436,11796480,2418,0.041666666666666664,0.0593290776014328,-1.0,0.06018882244825363,0.05951983481645584,0.060276638716459274,0.05953061580657959,0.059689268469810486,144,1.3880555555555565,0.9583333333333334,0.0,4878,0.05904417484998703,0.05924834683537483,0.05948004126548767,90,674.3976440429688,0.0590948723256588,0.06011199951171875,-0.003086373215955973,0.1267181396484375,138,0.05968030169606209,35.02241226732731,0.0023935644,0.8186984062194824,0.2,890,0.0,0.1,0.44252291321754456,0.08184839590248885,1e-05
0.059781044721603394,0.060211412608623505,0.060058318078517914,0.05969491973519325,972.34,0.9274193548387096,0.06038985773921013,0.05981864035129547,0.06022670492529869,0.059203218668699265,0.05971846356987953,0.05995380878448486,0.06007417291402817,0.059496935456991196,0.0,0.05965222418308258,0.060461387038230896,0.059979431331157684,0.059415750205516815,11927552,2444,0.07258064516129033,0.05950472131371498,-1.0,0.06029542163014412,0.05966728553175926,0.060461387038230896,0.05967907980084419,0.05985427647829056,124,1.4066129032258075,0.9274193548387096,0.0,4878,0.059203218668699265,0.059393852949142456,0.05961630865931511,91,659.0881958007812,0.05924735590815544,0.06026451289653778,-0.0030023060240637277,0.12161712646484375,115,0.05982636287808418,34.962599870562556,0.0023927533,0.7888757586479187,0.2,900,0.0,0.1,0.3758282959461212,0.06800026401033392,1e-05
0.059898942708969116,0.06034918501973152,0.06018543615937233,0.059847984462976456,982.12,0.950354609929078,0.06048974394798279,0.05996716022491455,0.06040350720286369,0.05933764576911926,0.059802353382110596,0.0600680410861969,0.06022350490093231,0.059752561151981354,0.0,0.05970243364572525,0.0606059804558754,0.0601775161921978,0.059511106461286545,12058624,2471,0.04964539007092199,0.05968957021832466,-1.0,0.06041165813803673,0.05981534719467163,0.0606059804558754,0.05984131991863251,0.05997595563530922,141,1.3923687943262424,0.950354609929078,0.0,4878,0.05933764576911926,0.05954643338918686,0.05971278250217438,92,666.603759765625,0.05939594656229019,0.06037148833274841,-0.0032591217091066937,0.12230758666992188,134,0.05996333807706833,34.903975719213484,0.0023642902,0.7904473543167114,0.2,910,0.0,0.1,0.42833104729652405,0.09193316214368678,1e-05
0.060041796416044235,0.06044265255331993,0.06027607619762421,0.05999831110239029,977.26,0.9609375,0.06059979647397995,0.06006051227450371,0.06042136996984482,0.05948192626237869,0.05993502959609032,0.06020120903849602,0.06040506437420845,0.05992375686764717,0.0,0.059792790561914444,0.06073710694909096,0.06032436713576317,0.05959022790193558,12189696,2498,0.0390625,0.05984892696142197,-1.0,0.06060043349862099,0.05990734323859215,0.06073710694909096,0.05994413420557976,0.060096465051174164,128,1.385859375000001,0.9609375,0.0,4878,0.05949961394071579,0.059670187532901764,0.05986225605010986,93,663.2232055664062,0.05948192626237869,0.06051405146718025,-0.003131148055126687,0.12744903564453125,123,0.060087017714977264,34.85018987059593,0.0025070969,0.785017192363739,0.2,920,0.0,0.1,0.42567816376686096,0.08741189228603616,1e-05
0.06012881174683571,0.060602445155382156,0.06041373685002327,0.060117170214653015,973.89,0.9290780141843972,0.060753099620342255,0.06018504872918129,0.06054200604557991,0.05952022597193718,0.060035500675439835,0.06038450077176094,0.06056666374206543,0.06005992367863655,0.0,0.05994003266096115,0.060870856046676636,0.06051080673933029,0.0597558356821537,12320768,2525,0.07092198581560284,0.06004514917731285,-1.0,0.06081370636820793,0.060036588460206985,0.060870856046676636,0.060069575905799866,0.060155365616083145,141,1.3984680851063842,0.9290780141843972,0.0,4878,0.05959364026784897,0.059869349002838135,0.060004934668540955,94,660.639892578125,0.05952022597193718,0.06068374216556549,-0.0029694388648749737,0.12338104248046874,131,0.06022634729743004,34.7945865303278,0.0023956962,0.8100247979164124,0.2,930,0.0,0.1,0.4088929295539856,0.07833006613800535,1e-05
0.06021745875477791,0.0607575848698616,0.06049317866563797,0.060228027403354645,985.68,0.968,0.060899365693330765,0.06027727201581001,0.0606541745364666,0.05963332578539848,0.06019839271903038,0.06062972918152809,0.06073000282049179,0.06023607775568962,0.0,0.06005854904651642,0.06105911731719971,0.06066862493753433,0.059890951961278915,12451840,2552,0.032,0.06023178994655609,-1.0,0.060957081615924835,0.06018351390957832,0.06105911731719971,0.060159824788570404,0.06027336046099663,125,1.3931840000000009,0.968,0.0,4878,0.059721242636442184,0.05997820198535919,0.060135532170534134,95,667.0875854492188,0.05963332578539848,0.060770150274038315,-0.003208837656893593,0.12290267944335938,121,0.060361698269844055,34.73806926012039,0.002366756,0.8286356925964355,0.2,940,0.0,0.1,0.40348103642463684,0.08892983940895646,1e-05
0.06039896979928017,0.06088978797197342,0.06064243242144585,0.060381680727005005,980.94,0.9577464788732394,0.061036571860313416,0.06040101870894432,0.06080407649278641,0.05974587798118591,0.06031426042318344,0.060808684676885605,0.06081163138151169,0.06041119992733002,0.0,0.0601993128657341,0.06121426820755005,0.0608721487224102,0.05996951833367348,12582912,2579,0.04225352112676056,0.06035301089286804,-1.0,0.061084162443876266,0.060310203582048416,0.06121426820755005,0.06031845510005951,0.06037965044379234,142,1.4028169014084517,0.9577464788732394,0.0,4877,0.05974587798118591,0.06012474000453949,0.06022968888282776,96,664.0269775390625,0.059822723269462585,0.06093859300017357,-0.0031515216069237795,0.11903533935546876,136,0.06049850955605507,34.680531084537506,0.0023014229,0.7134318947792053,0.2,950,0.0,0.1,0.42263197898864746,0.07468688895314698,1e-05
0.06054176017642021,0.06101006269454956,0.06084263697266579,0.060473669320344925,958.35,0.9133858267716536,0.06108697131276131,0.060560498386621475,0.06099207326769829,0.05993406102061272,0.06051940843462944,0.06094448268413544,0.0609370693564415,0.06062575429677963,0.0,0.06025565788149834,0.06136682257056236,0.061013348400592804,0.06007183715701103,12713984,2606,0.08661417322834646,0.06045046076178551,-1.0,0.061199918389320374,0.06045505777001381,0.06136682257056236,0.06047545745968819,0.06057479605078697,127,1.4042047244094502,0.9133858267716536,0.0,4877,0.05993406102061272,0.06028398126363754,0.060354091227054596,97,647.1781005859375,0.05994187667965889,0.061066512018442154,-0.003030982695054263,0.1197296142578125,116,0.06063913181424141,34.62439501285553,0.0023671626,0.786489725112915,0.2,960,0.0,0.1,0.4651726484298706,0.079540369118331,1e-05
0.060753244906663895,0.061211857944726944,0.060899119824171066,0.06062657758593559,1000.0,0.9927007299270073,0.0612671785056591,0.060748711228370667,0.061173852533102036,0.06001357361674309,0.06057542935013771,0.06110497936606407,0.06113075464963913,0.060756731778383255,0.0,0.06029636040329933,0.06155180186033249,0.061212848871946335,0.06019424647092819,12845056,2633,0.0072992700729927005,0.0605907142162323,-1.0,0.06140212342143059,0.06063220277428627,0.06155180186033249,0.06058739125728607,0.06073044613003731,137,1.4000875912408768,0.9927007299270073,0.0,4877,0.06001357361674309,0.060430269688367844,0.060435980558395386,98,677.630859375,0.06001368910074234,0.06122462823987007,-0.0032955782490716955,0.12776336669921876,136,0.06078258901834488,34.565950718522075,0.0024389513,0.8140196204185486,0.2,970,0.0,0.1,0.4352248013019562,0.11327825170010328,1e-05
0.06083742901682854,0.06131766363978386,0.06100631132721901,0.06073176860809326,978.3,0.9302325581395349,0.061454303562641144,0.06083006039261818,0.06125307083129883,0.06002963334321976,0.06066354736685753,0.061261776834726334,0.061182793229818344,0.060869477689266205,0.0,0.0604853481054306,0.06167163699865341,0.061341457068920135,0.06029125303030014,12976128,2660,0.06976744186046512,0.060708750039339066,-1.0,0.06152275204658508,0.06074855104088783,0.06167163699865341,0.060754068195819855,0.060914862900972366,129,1.4077674418604662,0.9302325581395349,0.0,4877,0.06010863184928894,0.06056956574320793,0.0605664923787117,99,664.0861206054688,0.06002963334321976,0.06133585795760155,-0.002755501092178747,0.10802841186523438,120,0.06089828535914421,34.511674320697786,0.002183971,0.7310724854469299,0.2,980,0.0,0.1,0.3706289529800415,0.04122159578691935,1e-05
0.0610712431371212,0.06146273389458656,0.06111945956945419,0.060888826847076416,996.83,0.9782608695652174,0.061605583876371384,0.06096934899687767,0.061365384608507156,0.06019187718629837,0.06081223860383034,0.061419326812028885,0.0612901896238327,0.06109648570418358,0.0,0.0606660358607769,0.06176169216632843,0.0615016333758831,0.06045544892549515,13107200,2687,0.021739130434782608,0.06084877625107765,-1.0,0.06166940554976463,0.06086822971701622,0.06176169216632843,0.0609159953892231,0.06108350679278374,138,1.4086231884057978,0.9782608695652174,0.0,4876,0.060256291180849075,0.06061486899852753,0.06072038784623146,100,678.5010986328125,0.06019187718629837,0.06142518296837807,-0.0031523108309556847,0.12827529907226562,135,0.06104320287704468,34.45973229706287,0.0025529857,0.7160252332687378,0.2,990,0.0,0.1,0.5121297836303711,0.10507865130348364,1e-05
0.061232250183820724,0.06162181496620178,0.061323270201683044,0.06101766973733902,989.63,0.976,0.061708495020866394,0.061107147485017776,0.061438921838998795,0.06026701256632805,0.060874227434396744,0.061533037573099136,0.06145921349525452,0.06119757145643234,0.0,0.06087470427155495,0.061877891421318054,0.06160147115588188,0.06054697185754776,13238272,2714,0.024,0.0610528290271759,-1.0,0.0617203414440155,0.06100868061184883,0.061877891421318054,0.061056554317474365,0.06117914989590645,125,1.3897120000000012,0.976,0.0,4876,0.06036423519253731,0.06082246080040932,0.06081153079867363,101,670.0672607421875,0.06026701256632805,0.06157464161515236,-0.0025801158465583287,0.1183502197265625,122,0.06117088347673416,34.40259970724583,0.0023211539,0.7697911262512207,0.2,1000,0.0,0.1,0.3856844902038574,0.05674757272790885,1e-05
0.06129695475101471,0.06167799234390259,0.06147637590765953,0.061148595064878464,979.76,0.9703703703703703,0.06181173399090767,0.06124359369277954,0.0614701583981514,0.06041635572910309,0.060977522283792496,0.061654262244701385,0.06161806732416153,0.06134055182337761,0.0,0.060987915843725204,0.06196499615907669,0.06176900863647461,0.06068869307637215,13369344,2741,0.02962962962962963,0.06121016666293144,-1.0,0.06183360889554024,0.06102366745471954,0.06196499615907669,0.06117162108421326,0.06126392260193825,135,1.391333333333334,0.9703703703703703,0.0,4876,0.060425471514463425,0.06096045300364494,0.06090299412608147,102,666.28955078125,0.06041635572910309,0.06180638074874878,-0.0028637197495299917,0.11715469360351563,131,0.06128563731908798,34.35335964262485,0.0022198334,0.7884435653686523,0.2,1010,0.0,0.1,0.37929490208625793,0.05209673646168085,1e-05
0.06144237890839577,0.06182938814163208,0.06163346394896507,0.06133424490690231,969.24,0.9191176470588235,0.06192954629659653,0.06134824454784393,0.061656203120946884,0.06053818389773369,0.061144717037677765,0.06182745844125748,0.061751045286655426,0.06147581711411476,0.0,0.06110592186450958,0.06212831288576126,0.06188904866576195,0.060832757502794266,13500416,2768,0.08088235294117647,0.06137741357088089,-1.0,0.06195555254817009,0.06121121719479561,0.06212831288576126,0.06138215586543083,0.06142944470047951,136,1.3777058823529424,0.9191176470588235,0.0,4876,0.060576848685741425,0.061101362109184265,0.06112043559551239,103,658.469970703125,0.06053818389773369,0.06192123889923096,-0.0030321748567075702,0.12440109252929688,125,0.0614376924932003,34.29825761020184,0.0024733415,0.7665025591850281,0.2,1020,0.0,0.1,0.3833804726600647,0.0611302868288476,1e-05
0.061556749045848846,0.061869073659181595,0.06183221936225891,0.0614539235830307,989.14,0.976,0.062101300805807114,0.06148909777402878,0.06180925667285919,0.06068836897611618,0.0613306388258934,0.06200443580746651,0.06190821900963783,0.061655838042497635,0.0,0.061276908963918686,0.062275275588035583,0.062102705240249634,0.060915518552064896,13631488,2795,0.024,0.061534326523542404,-1.0,0.06212630867958069,0.061379581689834595,0.062275275588035583,0.061546243727207184,0.06158604845404625,125,1.4058880000000011,0.976,0.0,4876,0.06072207912802696,0.06131942197680473,0.06126869469881058,104,671.8363037109375,0.06068836897611618,0.06213586404919624,-0.003398379668215057,0.12271347045898437,122,0.061595525592565536,34.23653993010521,0.0024347012,0.8081127405166626,0.2,1030,0.0,0.1,0.41027218103408813,0.09589608167298139,1e-05
0.06171288341283798,0.06196516007184982,0.061884354799985886,0.061525922268629074,992.09,0.9703703703703703,0.06216372177004814,0.06163888797163963,0.061959415674209595,0.060787856578826904,0.06143120303750038,0.06208622828125954,0.062042977660894394,0.06179376691579819,0.0,0.06134915351867676,0.062439486384391785,0.0622391477227211,0.06105443090200424,13762560,2822,0.02962962962962963,0.06167285889387131,-1.0,0.062252938747406006,0.061479952186346054,0.062439486384391785,0.061698492616415024,0.06171008571982384,135,1.3889629629629638,0.9703703703703703,0.0,4876,0.060896433889865875,0.0614873543381691,0.06137848645448685,105,671.7421875,0.060787856578826904,0.06224556267261505,-0.0030195212157195783,0.11414108276367188,131,0.06171586737036705,34.180201375484465,0.0023032976,0.7976346015930176,0.2,1040,0.0,0.1,0.4151688814163208,0.05693075409071753,1e-05
0.061846740543842316,0.06200278177857399,0.06209986284375191,0.061667464673519135,1000.0,0.9701492537313433,0.06228237226605415,0.061760205775499344,0.06207786127924919,0.06084286794066429,0.0615508034825325,0.06220124661922455,0.06220312789082527,0.061924662441015244,0.0,0.061494700610637665,0.06255833804607391,0.06235329061746597,0.061277519911527634,13893632,2849,0.029850746268656716,0.06180879846215248,-1.0,0.06236295774579048,0.06159421056509018,0.06255833804607391,0.061870917677879333,0.06184833496809006,134,1.3865671641791053,0.9701492537313433,0.0,4876,0.060954801738262177,0.061558742076158524,0.061449047178030014,106,679.6007080078125,0.06084286794066429,0.06234165281057358,-0.0032473632405526586,0.118402099609375,130,0.0618373341858387,34.13076878786087,0.0023364404,0.8030402660369873,0.2,1050,0.0,0.1,0.3939918279647827,0.058592834079172464,1e-05
0.06202476844191551,0.0621972419321537,0.062233805656433105,0.061780307441949844,982.49,0.9626865671641791,0.06237268075346947,0.06194023787975311,0.06217537447810173,0.06089869886636734,0.06164204701781273,0.0623452328145504,0.06234865263104439,0.06206105649471283,0.0,0.06163731589913368,0.06268969923257828,0.06247108429670334,0.061479803174734116,14024704,2876,0.03731343283582089,0.06196989864110947,-1.0,0.06245909258723259,0.06173804774880409,0.06268969923257828,0.06202184036374092,0.06199080869555473,134,1.4007313432835833,0.9626865671641791,0.0,4875,0.061160244047641754,0.06165408343076706,0.061601921916007996,107,670.5470581054688,0.06089869886636734,0.06251206994056702,-0.003123594872886315,0.114605712890625,129,0.06197623908519745,34.077132898569104,0.00231402,0.7923297882080078,0.2,1060,0.0,0.1,0.41795915365219116,0.05509401770978002,1e-05
0.06216318905353546,0.062318526208400726,0.062346555292606354,0.06195245683193207,979.36,0.9393939393939394,0.06243664026260376,0.06208232045173645,0.062362316995859146,0.06102686747908592,0.06170883774757385,0.06246493011713028,0.06256925314664841,0.06215525045990944,0.0,0.06173272058367729,0.06280652433633804,0.06260685622692108,0.061569713056087494,14155776,2903,0.06060606060606061,0.062214385718107224,-1.0,0.06263410300016403,0.06191267445683479,0.06280652433633804,0.06214173138141632,0.06220779940485954,132,1.3941515151515163,0.9393939393939394,0.0,4876,0.06129153072834015,0.06182486563920975,0.06172880530357361,108,666.5010986328125,0.06102686747908592,0.06259603798389435,-0.0027353226950253885,0.12019500732421876,124,0.06211419403553009,34.02274381518364,0.0023190994,0.7806174755096436,0.2,1070,0.0,0.1,0.38696569204330444,0.0730919694469776,1e-05
0.06225651502609253,0.06248389184474945,0.06252613663673401,0.06216123327612877,996.83,0.9770992366412213,0.062555231153965,0.062265969812870026,0.06244490668177605,0.06121041253209114,0.06186634302139282,0.06262227892875671,0.06271863728761673,0.062288422137498856,0.0,0.06190846860408783,0.06294892728328705,0.06275340169668198,0.06166871264576912,14286848,2930,0.022900763358778626,0.06235494464635849,-1.0,0.06286504119634628,0.062077540904283524,0.06294892728328705,0.062288492918014526,0.062337372452020645,131,1.4045496183206119,0.9770992366412213,0.0,4875,0.06142377480864525,0.06191333755850792,0.061918240040540695,109,678.904052734375,0.06121041253209114,0.06275507807731628,-0.0031934280572386343,0.12410430908203125,128,0.06226453185081482,33.96477863192558,0.0023951135,0.7644957900047302,0.2,1080,0.0,0.1,0.4739707410335541,0.09493631683144485,1e-05
0.06244576722383499,0.06265546381473541,0.06263862550258636,0.062277283519506454,985.91,0.9776119402985075,0.06267446279525757,0.062458887696266174,0.0625067949295044,0.06136205419898033,0.061972178518772125,0.06272119283676147,0.06279405206441879,0.0624624602496624,0.0,0.06210437789559364,0.06312067061662674,0.06287123262882233,0.06180760636925697,14417920,2956,0.022388059701492536,0.06249602138996124,-1.0,0.06306342035531998,0.06224225088953972,0.06312067061662674,0.06246715039014816,0.06244812160730362,134,1.4017910447761206,0.9776119402985075,0.0,4876,0.06153365224599838,0.06200100854039192,0.06207021698355675,110,665.338623046875,0.06136205419898033,0.06290467828512192,-0.00254373138959636,0.11523895263671875,131,0.06240398436784744,33.90537464916706,0.002311259,0.8114190697669983,0.2,1090,0.0,0.1,0.392760694026947,0.056733637189609,1e-05
0.06257407367229462,0.06279421597719193,0.06280612200498581,0.06244060397148132,982.04,0.9699248120300752,0.06282263249158859,0.06258051842451096,0.06264746934175491,0.06158781051635742,0.06211847811937332,0.06290677934885025,0.06293414533138275,0.06254298985004425,0.0,0.062151215970516205,0.06326733529567719,0.06311191618442535,0.06198405474424362,14548992,2983,0.03007518796992481,0.06266717612743378,-1.0,0.06313776969909668,0.06231457740068436,0.06326733529567719,0.06263171136379242,0.06259184330701828,133,1.4082105263157905,0.9699248120300752,0.0,4876,0.06163596734404564,0.06212176755070686,0.06214102357625961,111,664.5703735351562,0.06158781051635742,0.06305769085884094,-0.002723523011263751,0.114312744140625,129,0.06254279613494873,33.84979213774204,0.0022377851,0.786334753036499,0.2,1100,0.0,0.1,0.36575785279273987,0.05509880132303806,1e-05
0.06278500705957413,0.063010573387146,0.0629558265209198,0.06260637938976288,988.48,0.9609375,0.06300078332424164,0.0626772791147232,0.06274322420358658,0.06173618137836456,0.062227219343185425,0.06302156299352646,0.06302876025438309,0.0625973641872406,0.0,0.06224149465560913,0.06342080980539322,0.06320596486330032,0.06209586560726166,14680064,3010,0.0390625,0.0628005787730217,-1.0,0.06329570710659027,0.062468405812978745,0.06342080980539322,0.0627705305814743,0.0627603605389595,128,1.4051406250000011,0.9609375,0.0,4876,0.06184159591794014,0.062338750809431076,0.06228870525956154,112,668.486572265625,0.06173618137836456,0.06312332302331924,-0.0032561761252509315,0.11979446411132813,123,0.06268168985843658,33.79459565281868,0.0024042744,0.8259992599487305,0.2,1110,0.0,0.1,0.44676825404167175,0.06206674172426574,1e-05
0.06296153366565704,0.06312571465969086,0.06311909109354019,0.06278012692928314,996.79,0.9856115107913669,0.06313120573759079,0.06278407573699951,0.0629090890288353,0.061820514500141144,0.06236734241247177,0.06321408599615097,0.06317735463380814,0.06272222846746445,0.0,0.06244761496782303,0.06359957903623581,0.06333715468645096,0.062225084751844406,14811136,3037,0.014388489208633094,0.06291745603084564,-1.0,0.06351611018180847,0.06263747811317444,0.06359957903623581,0.06296774744987488,0.06286154687404633,139,1.387597122302159,0.9856115107913669,0.0,4876,0.06198476627469063,0.062432654201984406,0.06245488300919533,113,677.909912109375,0.061820514500141144,0.06320269405841827,-0.002984333471431455,0.12428970336914062,137,0.06282788515090942,33.737922033667566,0.002403175,0.7875904440879822,0.2,1120,0.0,0.1,0.3841966390609741,0.06271335693309084,1e-05
0.06313596665859222,0.06329463422298431,0.06328065693378448,0.06285480409860611,983.14,0.937007874015748,0.0632600262761116,0.0628121942281723,0.06303843855857849,0.06197279691696167,0.06246586889028549,0.06340290606021881,0.06326685845851898,0.06280087679624557,0.0,0.06256064772605896,0.06376737356185913,0.06343073397874832,0.06232982128858566,14942208,3064,0.06299212598425197,0.06311047077178955,-1.0,0.06363927572965622,0.06275565922260284,0.06376737356185913,0.06308776885271072,0.06293167173862457,127,1.3892283464566937,0.937007874015748,0.0,4876,0.062106333673000336,0.06260579824447632,0.06264521926641464,114,665.70703125,0.06197279691696167,0.06326687335968018,-0.002570656691568729,0.11350021362304688,119,0.06295294314622879,33.68369942903519,0.002222976,0.7873445749282837,0.2,1130,0.0,0.1,0.37458422780036926,0.04125526198913576,1e-05
0.06329328566789627,0.06349147856235504,0.06354676932096481,0.06313126534223557,992.5,0.9705882352941176,0.06346823275089264,0.0629439577460289,0.06316205114126205,0.06207961216568947,0.06257405877113342,0.06358444690704346,0.06341024488210678,0.0629362165927887,0.0,0.06273844093084335,0.0639185681939125,0.06361962854862213,0.0624503567814827,15073280,3091,0.029411764705882353,0.06330227106809616,-1.0,0.06374520808458328,0.06290987133979797,0.0639185681939125,0.06321143358945847,0.06313887238502502,136,1.392264705882354,0.9705882352941176,0.0,4876,0.06226905435323715,0.06271229684352875,0.06282655894756317,115,677.724365234375,0.06207961216568947,0.06334691494703293,-0.003169690659524349,0.121661376953125,132,0.06311244517564774,33.62804257273674,0.0023688884,0.8315640687942505,0.2,1140,0.0,0.1,0.44726788997650146,0.07846475187398028,1e-05
0.0634160190820694,0.06356901675462723,0.06372065097093582,0.063286691904068,991.91,0.9692307692307692,0.06355966627597809,0.0630812719464302,0.06331395357847214,0.06222105026245117,0.0627741664648056,0.06378218531608582,0.06365660578012466,0.06305485218763351,0.0,0.06288643181324005,0.06397401541471481,0.06374875456094742,0.06258035451173782,15204352,3118,0.03076923076923077,0.06336760520935059,-1.0,0.06388591229915619,0.06308465451002121,0.06397401541471481,0.06334570050239563,0.0633397102355957,130,1.39423076923077,0.9692307692307692,0.0,4876,0.06240305304527283,0.06285050511360168,0.06300604343414307,116,677.040771484375,0.06222105026245117,0.06346625089645386,-0.0031912217218632577,0.11919174194335938,126,0.06325500458478928,33.56725949347019,0.0023391752,0.8097158670425415,0.2,1150,0.0,0.1,0.39889034628868103,0.05742901238554623,1e-05
0.06358465552330017,0.06376379728317261,0.06377051770687103,0.06341509521007538,982.75,0.9701492537313433,0.06372899562120438,0.0632028803229332,0.06345904618501663,0.062396299093961716,0.06287458539009094,0.06393659859895706,0.0637800544500351,0.06314457207918167,0.0,0.0630301684141159,0.06411377340555191,0.06385789811611176,0.06276056170463562,15335424,3145,0.029850746268656716,0.06349210441112518,-1.0,0.0640270859003067,0.0631471574306488,0.06411377340555191,0.06353292614221573,0.06357171386480331,134,1.399402985074628,0.9701492537313433,0.0,4876,0.06253981590270996,0.06302236765623093,0.06321978569030762,117,667.8220825195312,0.062396299093961716,0.06360626220703125,-0.0030215720529668034,0.11555328369140624,130,0.06339914351701736,33.51131360530853,0.0022610715,0.8025636672973633,0.2,1160,0.0,0.1,0.3845394551753998,0.05417276802181732,1e-05
0.0636969581246376,0.06388244032859802,0.06394775211811066,0.06360715627670288,993.19,0.9769230769230769,0.06387271732091904,0.06334107369184494,0.06361474096775055,0.06258703768253326,0.06306324154138565,0.06410261988639832,0.06392001360654831,0.06331660598516464,0.0,0.06314610689878464,0.06431643664836884,0.06395798176527023,0.06289001554250717,15466496,3172,0.023076923076923078,0.0636439174413681,-1.0,0.06411848217248917,0.06334825605154037,0.06431643664836884,0.0636705532670021,0.06376533955335617,130,1.4083076923076936,0.9769230769230769,0.0,4875,0.06261596083641052,0.06315582245588303,0.06325961649417877,118,675.2385864257812,0.06258703768253326,0.06374906748533249,-0.0029730183808169388,0.11718826293945313,127,0.06354359537363052,33.45378350913525,0.002268741,0.7633686661720276,0.2,1170,0.0,0.1,0.41102588176727295,0.05911790794925764,1e-05
0.0638008788228035,0.06400829553604126,0.06404044479131699,0.06371275335550308,980.98,0.9264705882352942,0.06399828940629959,0.0634460374712944,0.0637805238366127,0.06272516399621964,0.06324434280395508,0.06426200270652771,0.06413383781909943,0.06341519951820374,0.0,0.06330260634422302,0.0645311027765274,0.06408458203077316,0.06305436789989471,15597568,3199,0.07352941176470588,0.06370694935321808,-1.0,0.06427786499261856,0.06354042142629623,0.0645311027765274,0.06385641545057297,0.06396476924419403,136,1.4086764705882364,0.9264705882352942,0.0,4875,0.06277599185705185,0.06328292191028595,0.06340818107128143,119,668.1654663085938,0.06272516399621964,0.06378777325153351,-0.0031158405841779312,0.11852798461914063,126,0.06368566304445267,33.397395512461664,0.0023533944,0.8389256596565247,0.2,1180,0.0,0.1,0.3639129400253296,0.04798378444102127,1e-05
0.06405223160982132,0.06414943188428879,0.06414036452770233,0.06388475745916367,981.35,0.946969696969697,0.0641685202717781,0.06357824802398682,0.06393437087535858,0.06283555924892426,0.06339086592197418,0.0643899142742157,0.06427738815546036,0.06359710544347763,0.0,0.06339812278747559,0.06460177153348923,0.06417521834373474,0.06328094750642776,15728640,3226,0.05303030303030303,0.06390594691038132,-1.0,0.06438757479190826,0.06366423517465591,0.06460177153348923,0.06399831175804138,0.06413154304027557,132,1.4186060606060618,0.946969696969697,0.0,4875,0.06299842894077301,0.06341180205345154,0.06358551234006882,120,666.6729736328125,0.06283555924892426,0.06391474604606628,-0.003383131563077768,0.1242095947265625,125,0.06383411586284637,33.34115785956383,0.0023856368,0.8416649103164673,0.2,1190,0.0,0.1,0.40337806940078735,0.08894119046453852,1e-05
0.06419873982667923,0.06432683020830154,0.06422152370214462,0.06410851329565048,973.36,0.9416058394160584,0.0642925426363945,0.06378208845853806,0.06410124152898788,0.06290529668331146,0.06357067078351974,0.06455692648887634,0.06441593915224075,0.06375180929899216,0.0,0.063557468354702,0.06478670984506607,0.06427241116762161,0.06340319663286209,15859712,3253,0.058394160583941604,0.06404111534357071,-1.0,0.0645289495587349,0.06379301100969315,0.06478670984506607,0.06405116617679596,0.0643046423792839,137,1.4043941605839425,0.9416058394160584,0.0,4875,0.06315693259239197,0.06357939541339874,0.06371455639600754,121,660.3245849609375,0.06290529668331146,0.06402666866779327,-0.003751871067834145,0.1202880859375,129,0.0639779344201088,33.28364206552506,0.002329153,0.8432407975196838,0.2,1200,0.0,0.1,0.40654411911964417,0.06571327211859171,1e-05
0.06439346820116043,0.06444104760885239,0.06436105072498322,0.06425505131483078,978.34,0.9612403100775194,0.06445293128490448,0.06390266865491867,0.06431350857019424,0.06301568448543549,0.06372232735157013,0.06468242406845093,0.06455767899751663,0.06389839202165604,0.0,0.06367485225200653,0.06489934027194977,0.06447204947471619,0.06352383643388748,15990784,3279,0.03875968992248062,0.06426247954368591,-1.0,0.064691461622715,0.06394418329000473,0.06489934027194977,0.06415524333715439,0.06440673768520355,129,1.4113178294573652,0.9612403100775194,0.0,4875,0.06333956122398376,0.06371335685253143,0.06389918923377991,122,662.0441284179688,0.06301568448543549,0.06419537216424942,-0.0030192845273631975,0.12364959716796875,124,0.06412696093320847,33.226485180854795,0.0024451101,0.8313276767730713,0.2,1210,0.0,0.1,0.4010303318500519,0.08321045733900974,1e-05
0.06453575938940048,0.06460680812597275,0.06450919806957245,0.06437726318836212,990.43,0.9635036496350365,0.06462951749563217,0.0639631599187851,0.06447411328554153,0.06316744536161423,0.06377454847097397,0.06490572541952133,0.06468726694583893,0.06401631981134415,0.0,0.06379970163106918,0.06499320268630981,0.06457793712615967,0.06367999315261841,16121856,3306,0.0364963503649635,0.06441821157932281,-1.0,0.06482429057359695,0.06404685974121094,0.06499320268630981,0.0642024353146553,0.06454134732484818,137,1.408890510948906,0.9635036496350365,0.0,4875,0.06348346918821335,0.06382744014263153,0.06406350433826447,123,673.544189453125,0.06316744536161423,0.06437081098556519,-0.003083850102939323,0.11472625732421875,132,0.06425905227661133,33.17127916514873,0.002277413,0.8318743109703064,0.2,1220,0.0,0.1,0.4450410306453705,0.05611389955010963,1e-05
0.06458842009305954,0.06472425907850266,0.06470776349306107,0.06450187414884567,978.66,0.9538461538461539,0.06483857333660126,0.06402228772640228,0.06464783847332001,0.06334228813648224,0.06387006491422653,0.06505923718214035,0.06480226665735245,0.06414808332920074,0.0,0.06395162642002106,0.06516990810632706,0.06473739445209503,0.06373298913240433,16252928,3333,0.046153846153846156,0.06460785865783691,-1.0,0.06509649008512497,0.0642370954155922,0.06516990810632706,0.06431873887777328,0.06471706926822662,130,1.3817692307692317,0.9538461538461539,0.0,4875,0.06368837505578995,0.06399252265691757,0.06414684653282166,124,662.91796875,0.06334228813648224,0.06441916525363922,-0.0028876044377284414,0.12026214599609375,124,0.0644027590751648,33.117520639300345,0.0023190095,0.798308253288269,0.2,1230,0.0,0.1,0.45999079942703247,0.06484103313850938,1e-05
0.06479024887084961,0.06493015587329865,0.06488484144210815,0.06469681113958359,992.62,0.9727891156462585,0.06501242518424988,0.06421510875225067,0.06489373743534088,0.0635201707482338,0.06400618702173233,0.06533422321081161,0.0650392547249794,0.06429039686918259,0.0,0.064119353890419,0.06536141037940979,0.06495609134435654,0.06388864666223526,16384000,3360,0.027210884353741496,0.06472915410995483,-1.0,0.06528671830892563,0.06443211436271667,0.06536141037940979,0.06447355449199677,0.06486845761537552,147,1.4017142857142868,0.9727891156462585,0.0,4875,0.06383447349071503,0.06415390968322754,0.06422268599271774,125,672.33544921875,0.0635201707482338,0.06460029631853104,-0.003429929764388362,0.11943740844726562,143,0.06458162516355515,33.055370742082594,0.0023521818,0.7897478938102722,0.2,1240,0.0,0.1,0.3810679316520691,0.07853605100972345,1e-05
0.06490352749824524,0.06506563723087311,0.06511610746383667,0.0648428201675415,989.48,0.9747899159663865,0.06505881249904633,0.06439901888370514,0.06498713046312332,0.06360965967178345,0.06412365287542343,0.0654747411608696,0.0651770532131195,0.06435241550207138,0.0,0.06422509253025055,0.06554996222257614,0.06510176509618759,0.06390941143035889,16515072,3387,0.025210084033613446,0.06484988331794739,-1.0,0.06542372703552246,0.06455659866333008,0.06554996222257614,0.06464411318302155,0.0650721862912178,119,1.415915966386556,0.9747899159663865,0.0,4875,0.06394189596176147,0.0642450600862503,0.06442496925592422,126,670.9282836914062,0.06360965967178345,0.0648019090294838,-0.0028616394863092863,0.122259521484375,116,0.06471428275108337,32.99488712847233,0.002331558,0.8153605461120605,0.2,1250,0.0,0.1,0.3695720136165619,0.06379460810567253,1e-05
0.06502313166856766,0.06524579226970673,0.06517240405082703,0.06493350863456726,979.39,0.9652777777777778,0.06521376967430115,0.0645255446434021,0.06516823172569275,0.06374157965183258,0.06432411074638367,0.06559504568576813,0.06530222296714783,0.0645386129617691,0.0,0.064422607421875,0.06570376455783844,0.06525391340255737,0.06408105045557022,16646144,3414,0.034722222222222224,0.0649561807513237,-1.0,0.06549781560897827,0.0646747574210167,0.06570376455783844,0.06481600552797318,0.06522129476070404,144,1.3946388888888899,0.9652777777777778,0.0,4874,0.06413181871175766,0.06437849253416061,0.0645143911242485,127,666.6575927734375,0.06374157965183258,0.06492389738559723,-0.0029629611286509316,0.11637344360351562,139,0.06485439836978912,32.94186119139194,0.002271794,0.801701545715332,0.2,1260,0.0,0.1,0.4109012484550476,0.05666080633091042,1e-05
0.06515379995107651,0.06538617610931396,0.06532908231019974,0.06509710848331451,999.79,0.9758064516129032,0.06534968316555023,0.06465747952461243,0.06530193984508514,0.06398367136716843,0.06446288526058197,0.06573937088251114,0.0654827132821083,0.0647139698266983,0.0,0.06459090113639832,0.06587106734514236,0.0654415562748909,0.06422541290521622,16777216,3441,0.024193548387096774,0.0651523694396019,-1.0,0.06568074226379395,0.06478547304868698,0.06587106734514236,0.06501986086368561,0.06536522507667542,124,1.4079516129032272,0.9758064516129032,0.0,4874,0.06431499123573303,0.06448222696781158,0.06466218829154968,128,684.2167358398438,0.06398367136716843,0.06510075181722641,-0.0028294026691582986,0.1175140380859375,121,0.06501401960849762,32.884303510189056,0.002358461,0.7615638971328735,0.2,1270,0.0,0.1,0.40682289004325867,0.06982768061716342,1e-05
0.06528171896934509,0.06548519432544708,0.06553390622138977,0.06527388095855713,990.95,0.9857142857142858,0.06543122977018356,0.06480628252029419,0.06544028222560883,0.0640978068113327,0.06457650661468506,0.0658421665430069,0.06565716117620468,0.06490077823400497,0.0,0.06479205191135406,0.0660233274102211,0.06560410559177399,0.06430390477180481,16908288,3468,0.014285714285714285,0.06527308374643326,-1.0,0.06578876823186874,0.06491994857788086,0.0660233274102211,0.06523188948631287,0.06546984612941742,140,1.398614285714287,0.9857142857142858,0.0,4874,0.06446785479784012,0.06463222950696945,0.06482938677072525,129,675.0435180664062,0.0640978068113327,0.06516243517398834,-0.0030258904894253646,0.11376724243164063,138,0.06515303254127502,32.82702264487743,0.002248342,0.7553748488426208,0.2,1280,0.0,0.1,0.39614635705947876,0.048049927045940424,1e-05
0.06543774902820587,0.06562960147857666,0.06568840146064758,0.06541697680950165,996.66,0.9765625,0.06566057354211807,0.06483004987239838,0.06550485640764236,0.06416261941194534,0.06467386335134506,0.06599842756986618,0.06574787944555283,0.06503544747829437,0.0,0.06489654630422592,0.06607280671596527,0.065809465944767,0.06449305266141891,17039360,3495,0.0234375,0.06538178026676178,-1.0,0.06585483998060226,0.06509461998939514,0.06607280671596527,0.06537988036870956,0.06555768102407455,128,1.387109375000001,0.9765625,0.0,4874,0.06463479995727539,0.06481773406267166,0.06490470468997955,130,679.616455078125,0.06416261941194534,0.06522814929485321,-0.002789582828972925,0.10898895263671875,125,0.06527649611234665,32.776271012425426,0.0022407505,0.7738285064697266,0.2,1290,0.0,0.1,0.3781184256076813,0.04317517353047151,1e-05
0.06560470908880234,0.06575176864862442,0.06586551666259766,0.06559152901172638,984.33,0.9710144927536232,0.06575199961662292,0.064906544983387,0.06562071293592453,0.06434905529022217,0.06480284035205841,0.06612908095121384,0.06587577611207962,0.065203458070755,0.0,0.06498420238494873,0.06613709032535553,0.06595801562070847,0.06462671607732773,17170432,3522,0.028985507246376812,0.0655151829123497,-1.0,0.06600162386894226,0.06521953642368317,0.06613709032535553,0.06546640396118164,0.06576405465602875,138,1.3892028985507254,0.9710144927536232,0.0,4874,0.06474240869283676,0.06482414901256561,0.0650365874171257,131,672.6632080078125,0.06434905529022217,0.0653899610042572,-0.0031005180522697628,0.11348495483398438,134,0.06540475785732269,32.72877596020699,0.0021849442,0.8270916938781738,0.2,1300,0.0,0.1,0.38081902265548706,0.04282279900071444,1e-05
0.06580562144517899,0.06585945934057236,0.06595303118228912,0.06575436890125275,996.2,0.9838709677419355,0.0659186840057373,0.06511590629816055,0.0657183825969696,0.0645233690738678,0.06489509344100952,0.06628476828336716,0.06607511639595032,0.06535447388887405,0.0,0.06526845693588257,0.06624854356050491,0.06614597886800766,0.06472776085138321,17301504,3549,0.016129032258064516,0.0655890554189682,-1.0,0.06613652408123016,0.0653289258480072,0.06628476828336716,0.06565721333026886,0.06587571650743484,124,1.3911935483870979,0.9838709677419355,0.0,4874,0.06490539014339447,0.06494806706905365,0.06522943079471588,132,678.89111328125,0.0645233690738678,0.0655285194516182,-0.0033889752295181096,0.11940765380859375,122,0.06555391848087311,32.67553042769432,0.0023848591,0.8368633389472961,0.2,1310,0.0,0.1,0.35195034742355347,0.048955843715521044,1e-05
0.06589055061340332,0.0659395083785057,0.06601143628358841,0.06583043187856674,1000.0,0.9927007299270073,0.06606925278902054,0.06527803093194962,0.06588157266378403,0.06466450542211533,0.06501105427742004,0.06645984947681427,0.06619776040315628,0.06554818153381348,0.0,0.0654156357049942,0.06642837822437286,0.06622695177793503,0.06487333029508591,17432576,3576,0.0072992700729927005,0.06566814333200455,-1.0,0.06631553173065186,0.06546302884817123,0.06645984947681427,0.06578504294157028,0.06592249870300293,137,1.408963503649636,0.9927007299270073,0.0,4874,0.06500574201345444,0.06503310054540634,0.06531593948602676,133,680.8357543945312,0.06466450542211533,0.06563332676887512,-0.002766787063137599,0.10966339111328124,136,0.06567475199699402,32.62387376725674,0.0021128429,0.8042532801628113,0.2,1320,0.0,0.1,0.36986619234085083,0.03678862854576437,1e-05
0.06600087881088257,0.06601365655660629,0.066142737865448,0.06591209769248962,989.06,0.96875,0.06615529209375381,0.0653480738401413,0.0659899115562439,0.06482158601284027,0.06514959037303925,0.06653528660535812,0.06625764071941376,0.06564904004335403,0.0,0.06552235037088394,0.06652115285396576,0.06638772785663605,0.0650077685713768,17563648,3603,0.03125,0.06577768176794052,-1.0,0.06647484004497528,0.06559544056653976,0.06653528660535812,0.06586278975009918,0.06603426486253738,128,1.4181093750000011,0.96875,0.0,4874,0.06514402478933334,0.06511849910020828,0.06541116535663605,134,672.0957641601562,0.06482158601284027,0.06570620834827423,-0.0026317529444895627,0.1105438232421875,124,0.06578158587217331,32.581153723597524,0.0021624167,0.7644869685173035,0.2,1330,0.0,0.1,0.35724347829818726,0.034267531454679555,1e-05
0.06616973876953125,0.06615864485502243,0.06626785546541214,0.06611232459545135,983.5,0.9558823529411765,0.06628628820180893,0.06552695482969284,0.06615257263183594,0.06500928848981857,0.06527794897556305,0.06669297814369202,0.06640926003456116,0.06575614213943481,0.0,0.06565757095813751,0.06679321080446243,0.06659609824419022,0.06514693051576614,17694720,3630,0.04411764705882353,0.06593199074268341,-1.0,0.06664447486400604,0.0657723993062973,0.06679321080446243,0.06601543724536896,0.06609705090522766,136,1.3892941176470597,0.9558823529411765,0.0,4874,0.0652785450220108,0.06526371091604233,0.06554080545902252,135,669.5734252929688,0.06500928848981857,0.06583262979984283,-0.0032686783299141096,0.1171905517578125,130,0.06593562662601471,32.53089901804924,0.002346972,0.8230987787246704,0.2,1340,0.0,0.1,0.3819640278816223,0.05794752347283065,1e-05
0.06633409112691879,0.06634406000375748,0.06643041968345642,0.06627640873193741,989.38,0.9696969696969697,0.06642124801874161,0.06572099775075912,0.06635617464780807,0.06511382758617401,0.06545130908489227,0.06680271774530411,0.06657787412405014,0.06587489694356918,0.0,0.06582131236791611,0.06692469865083694,0.06676335632801056,0.06528318673372269,17825792,3657,0.030303030303030304,0.06607092916965485,-1.0,0.06687801331281662,0.06591546535491943,0.06692469865083694,0.06609585136175156,0.06628870218992233,132,1.3919393939393947,0.9696969696969697,0.0,4874,0.06542432308197021,0.06542211771011353,0.06561321020126343,136,676.2106323242188,0.06511382758617401,0.06603413820266724,-0.003287174700926698,0.11744461059570313,128,0.06608957052230835,32.47274588644505,0.0023695165,0.8393404483795166,0.2,1350,0.0,0.1,0.376167893409729,0.05898214918124722,1e-05
0.06653357297182083,0.06649289280176163,0.06657828390598297,0.06642351299524307,982.84,0.9624060150375939,0.06660038232803345,0.06583736836910248,0.0664491131901741,0.06522481143474579,0.06563831865787506,0.06702190637588501,0.06671396642923355,0.06611932069063187,0.0,0.06593065708875656,0.06700154393911362,0.06698483228683472,0.06549425423145294,17956864,3684,0.03759398496240601,0.06622527539730072,-1.0,0.06699388474225998,0.06616052985191345,0.06702190637588501,0.06622538715600967,0.06650079041719437,133,1.401203007518798,0.9624060150375939,0.0,4874,0.06549125164747238,0.06557097285985947,0.06573913246393204,137,669.477783203125,0.06522481143474579,0.06618109345436096,-0.0030341077654156834,0.11177749633789062,128,0.06624531745910645,32.4141969025135,0.0022494546,0.7788043022155762,0.2,1360,0.0,0.1,0.36318114399909973,0.06131292042700807,1e-05
0.06670994311571121,0.06663379818201065,0.06671115010976791,0.06649124622344971,990.89,0.9694656488549618,0.06670261174440384,0.06600525230169296,0.06654811650514603,0.06537043303251266,0.06568975001573563,0.06717521697282791,0.06688443571329117,0.06631816923618317,0.0,0.06608507037162781,0.06712768226861954,0.06715954095125198,0.06567934900522232,18087936,3710,0.030534351145038167,0.06640221178531647,-1.0,0.06716977059841156,0.06626687943935394,0.06717521697282791,0.06641414016485214,0.06660626083612442,131,1.4013129770992379,0.9694656488549618,0.0,4874,0.06560812145471573,0.06572606414556503,0.06593181937932968,138,671.9888305664062,0.06537043303251266,0.06633083522319794,-0.002966084256513568,0.11922531127929688,127,0.06638991832733154,32.35813435316086,0.0023104134,0.8147541880607605,0.2,1370,0.0,0.1,0.38545042276382446,0.06524628449406009,1e-05
0.06688959151506424,0.06672258675098419,0.06685636192560196,0.06662601977586746,997.02,0.9699248120300752,0.06684093177318573,0.0661100521683693,0.06665193289518356,0.06552503257989883,0.06579305231571198,0.06735900789499283,0.06699184328317642,0.06649595499038696,0.0,0.06618906557559967,0.06727374345064163,0.06737352907657623,0.0657714456319809,18219008,3737,0.03007518796992481,0.06641359627246857,-1.0,0.06730194389820099,0.06636201590299606,0.06737352907657623,0.06652861088514328,0.06671793013811111,133,1.368827067669174,0.9699248120300752,0.0,4874,0.06568257510662079,0.06586185842752457,0.06605574488639832,139,677.392822265625,0.06552503257989883,0.0664256289601326,-0.0026335520000429825,0.1110015869140625,129,0.06651280075311661,32.30743051171303,0.002202279,0.8064117431640625,0.2,1380,0.0,0.1,0.3735377788543701,0.046387468348257244,1e-05
0.06711499392986298,0.06690505892038345,0.06701742112636566,0.06676307320594788,981.04,0.9694656488549618,0.06708443909883499,0.06621728837490082,0.0668211579322815,0.06574390828609467,0.06594359129667282,0.06750376522541046,0.06710841506719589,0.0666387602686882,0.0,0.06637275964021683,0.06746792048215866,0.06754893809556961,0.06594125926494598,18350080,3764,0.030534351145038167,0.06656666845083237,-1.0,0.06740802526473999,0.06651950627565384,0.06754893809556961,0.06665398180484772,0.06678632646799088,131,1.3821374045801536,0.9694656488549618,0.0,4874,0.06579902768135071,0.06595490127801895,0.06617163121700287,140,670.422119140625,0.06574390828609467,0.06666310131549835,-0.0030163254842591413,0.11368255615234375,127,0.06666862964630127,32.25513209402561,0.0022494486,0.7323733568191528,0.2,1390,0.0,0.1,0.45384520292282104,0.0667511437277426,1e-05
0.06727074086666107,0.06705259531736374,0.06714578717947006,0.06689708679914474,985.08,0.948905109489051,0.06722552329301834,0.06634589284658432,0.06690379977226257,0.06586360186338425,0.06606628000736237,0.06777113676071167,0.06726687401533127,0.06685619801282883,0.0,0.06642547994852066,0.0676155686378479,0.06774714589118958,0.06608352810144424,18481152,3791,0.051094890510948905,0.06666168570518494,-1.0,0.06754351407289505,0.06663435697555542,0.06777113676071167,0.06689383089542389,0.06696401536464691,137,1.3811678832116798,0.948905109489051,0.0,4874,0.06588517129421234,0.06614663451910019,0.06641223281621933,141,668.6624755859375,0.06586360186338425,0.06675751507282257,-0.003194047029319336,0.1145660400390625,130,0.06681744754314423,32.19748977720737,0.0022676978,0.8064002394676208,0.2,1400,0.0,0.1,0.3961392641067505,0.05867606717947638,1e-05
0.06744316965341568,0.06725345551967621,0.06733600050210953,0.0670146569609642,984.12,0.9612403100775194,0.06742136180400848,0.06647022813558578,0.06697993725538254,0.0659601092338562,0.06623262166976929,0.06793216615915298,0.06747329235076904,0.06702488660812378,0.0,0.0665280818939209,0.06778234988451004,0.06791087985038757,0.06615904718637466,18612224,3818,0.03875968992248062,0.06683191657066345,-1.0,0.06763249635696411,0.06672778725624084,0.06793216615915298,0.06718156486749649,0.0671047791838646,129,1.412093023255815,0.9612403100775194,0.0,4874,0.0659601092338562,0.0663178563117981,0.0664881244301796,142,667.2316284179688,0.06608014553785324,0.06686527281999588,-0.003162161204545555,0.11916046142578125,124,0.06696608662605286,32.14233781993389,0.0024269088,0.8125526309013367,0.2,1410,0.0,0.1,0.3685643672943115,0.06942142447078367,1e-05
0.06759675592184067,0.06746238470077515,0.06758996844291687,0.06718650460243225,991.22,0.9696969696969697,0.0675724595785141,0.06666922569274902,0.06708424538373947,0.06614068150520325,0.06636780500411987,0.06813686341047287,0.0676523968577385,0.06720970571041107,0.0,0.06672823429107666,0.06796558201313019,0.06804363429546356,0.06625035405158997,18743296,3845,0.030303030303030304,0.06701076030731201,-1.0,0.06772629916667938,0.06682837754487991,0.06813686341047287,0.06732994318008423,0.06734227389097214,132,1.4143636363636374,0.9696969696969697,0.0,4874,0.06614068150520325,0.06646357476711273,0.06654548645019531,143,677.0994262695312,0.06625618040561676,0.0670316144824028,-0.0032292160620272627,0.11802139282226562,128,0.06712765246629715,32.08405326008797,0.002323884,0.81215500831604,0.2,1420,0.0,0.1,0.3660550117492676,0.062450967579206915,1e-05
0.06780931353569031,0.0675683319568634,0.06776724010705948,0.06735090911388397,977.87,0.9552238805970149,0.06776998937129974,0.06684625893831253,0.06726408749818802,0.06631060689687729,0.06653204560279846,0.0682341605424881,0.0678037628531456,0.06729824095964432,0.0,0.06688962131738663,0.06809771060943604,0.06821539252996445,0.06638220697641373,18874368,3872,0.04477611940298507,0.06717326492071152,-1.0,0.0678047388792038,0.0668734684586525,0.0682341605424881,0.06754355877637863,0.06753335148096085,134,1.4147164179104486,0.9552238805970149,0.0,4874,0.06631060689687729,0.06655901670455933,0.06669923663139343,144,666.827392578125,0.06638627499341965,0.06724506616592407,-0.0029909939422395836,0.11566619873046875,128,0.06727831065654755,32.026323133707045,0.0022580596,0.8101218342781067,0.2,1430,0.0,0.1,0.34625300765037537,0.05709377905586734,1e-05
0.06791859120130539,0.06771635264158249,0.06795137375593185,0.06742695719003677,982.88,0.96875,0.06792325526475906,0.06698931753635406,0.06746381521224976,0.06646652519702911,0.06671144813299179,0.06840071082115173,0.06794727593660355,0.06748928129673004,0.0,0.06702186912298203,0.06821570545434952,0.06837575882673264,0.06652787327766418,19005440,3898,0.03125,0.06734752655029297,-1.0,0.06799843907356262,0.0670585185289383,0.06840071082115173,0.06761829555034637,0.067737877368927,128,1.407437500000001,0.96875,0.0,4874,0.06646652519702911,0.06678491085767746,0.06685356795787811,145,669.6818237304688,0.06657974421977997,0.06745899468660355,-0.0032886531362237292,0.11556167602539062,124,0.06743936240673065,31.968869318068027,0.002298149,0.7924007177352905,0.2,1440,0.0,0.1,0.42240649461746216,0.0703386277644313,1e-05
0.06800440698862076,0.06777860224246979,0.06815634667873383,0.06758449226617813,981.28,0.9640287769784173,0.0680866539478302,0.06710977852344513,0.06760440021753311,0.06663378328084946,0.06687243282794952,0.06857014447450638,0.06803382188081741,0.06763889640569687,0.0,0.0671350285410881,0.06831788271665573,0.06856618821620941,0.06673766672611237,19136512,3925,0.03597122302158273,0.06753523647785187,-1.0,0.06812045723199844,0.06715068966150284,0.06857014447450638,0.06769536435604095,0.06785773485898972,139,1.3867769784172672,0.9640287769784173,0.0,4874,0.06663378328084946,0.06696594506502151,0.06693295389413834,146,673.3099365234375,0.06669187545776367,0.06754620373249054,-0.0030100342948571777,0.11264266967773437,134,0.06757307797670364,31.913825717568397,0.00225263,0.8116481304168701,0.2,1450,0.0,0.1,0.35485920310020447,0.0516165122622624,1e-05
0.06814617663621902,0.06790710985660553,0.06824130564928055,0.06763998419046402,992.43,0.9682539682539683,0.06819073855876923,0.06728275120258331,0.06768348813056946,0.06677830219268799,0.06698307394981384,0.06876187026500702,0.06819896399974823,0.06779757887125015,0.0,0.06730093061923981,0.0685039535164833,0.06867200881242752,0.06689408421516418,19267584,3952,0.031746031746031744,0.06765472143888474,-1.0,0.06821620464324951,0.06720849126577377,0.06876187026500702,0.06780391186475754,0.06799968332052231,126,1.3844126984126992,0.9682539682539683,0.0,4874,0.06677830219268799,0.06705635786056519,0.06709667295217514,147,674.3919677734375,0.06682602316141129,0.06776845455169678,-0.0034680178219787194,0.11580352783203125,122,0.06770450621843338,31.864776362478732,0.0022371416,0.8030136823654175,0.2,1460,0.0,0.1,0.3783276081085205,0.06123858727660263,1e-05
0.0682324692606926,0.06805883347988129,0.06828519701957703,0.06783358752727509,992.75,0.9855072463768116,0.06826465576887131,0.06742557883262634,0.0677356943488121,0.06690094619989395,0.0670972466468811,0.06884467601776123,0.06831227988004684,0.06784657388925552,0.0,0.06739577651023865,0.06860563158988953,0.06880713254213333,0.06700774282217026,19398656,3979,0.014492753623188406,0.06786829978227615,-1.0,0.06831085681915283,0.0673706978559494,0.06884467601776123,0.06793715059757233,0.06814799457788467,138,1.4043913043478269,0.9855072463768116,0.0,4874,0.06690094619989395,0.06722323596477509,0.06720735132694244,148,679.76318359375,0.06696533411741257,0.06797346472740173,-0.002986095221058349,0.10998153686523438,136,0.06782633811235428,31.81865802705288,0.0021965038,0.8247414231300354,0.2,1470,0.0,0.1,0.3921035826206207,0.053501952560327484,1e-05
0.06837206333875656,0.06819641590118408,0.06836172938346863,0.06802213937044144,985.17,0.9457364341085271,0.06841429322957993,0.06754311174154282,0.06786920130252838,0.06706252694129944,0.06719310581684113,0.06901118159294128,0.06841755658388138,0.0680278018116951,0.0,0.06756902486085892,0.06874280422925949,0.06898394227027893,0.0671464055776596,19529728,4006,0.05426356589147287,0.06798023730516434,-1.0,0.06836683303117752,0.0675087720155716,0.06901118159294128,0.06800565123558044,0.06829214841127396,129,1.4121705426356599,0.9457364341085271,0.0,4874,0.06706252694129944,0.06739600747823715,0.06727288663387299,149,673.9417724609375,0.06713616847991943,0.06805804371833801,-0.0026869107044149134,0.10827255249023438,122,0.06795799732208252,31.770591224730016,0.0021795717,0.8221399784088135,0.2,1480,0.0,0.1,0.3752157986164093,0.03973410809703637,1e-05
0.06851755827665329,0.06836351752281189,0.06850742548704147,0.06819842755794525,980.9,0.9568345323741008,0.06859379261732101,0.06765876710414886,0.06803911179304123,0.06725795567035675,0.06734343618154526,0.0691475048661232,0.06857967376708984,0.06811624020338058,0.0,0.06781022995710373,0.0689721331000328,0.06911643594503403,0.06728686392307281,19660800,4033,0.04316546762589928,0.06807055324316025,-1.0,0.06849366426467896,0.06766630709171295,0.0691475048661232,0.06815044581890106,0.06837867945432663,139,1.3826187050359722,0.9568345323741008,0.0,4874,0.06725795567035675,0.06757721304893494,0.06744766980409622,150,665.4281005859375,0.06736042350530624,0.06821784377098083,-0.003750182377279998,0.11178207397460938,133,0.06811486929655075,31.71854981482029,0.0022546477,0.7977375984191895,0.2,1490,0.0,0.1,0.39485618472099304,0.07012032593629555,1e-05
0.0686340183019638,0.06849882751703262,0.06869915872812271,0.06839082390069962,978.42,0.9606299212598425,0.06875885277986526,0.0678054466843605,0.06827012449502945,0.0674297884106636,0.06753402948379517,0.0693591758608818,0.06881702691316605,0.06829392910003662,0.0,0.06797414273023605,0.06915426254272461,0.06922628730535507,0.0674297884106636,19791872,4059,0.03937007874015748,0.0683150440454483,-1.0,0.06876003742218018,0.06780555099248886,0.0693591758608818,0.06825730204582214,0.06851446628570557,127,1.3928503937007881,0.9606299212598425,0.0,4875,0.06744236499071121,0.06776899099349976,0.06757394224405289,151,666.5868530273438,0.06757745146751404,0.06844218820333481,-0.0033805738976298016,0.1160430908203125,122,0.06829213351011276,31.65685258358717,0.0023403373,0.7421627640724182,0.2,1500,0.0,0.1,0.37916630506515503,0.08413598151964834,1e-05
0.06883955746889114,0.06860604137182236,0.06899727880954742,0.06846311688423157,986.15,0.9782608695652174,0.0688873678445816,0.06798677891492844,0.0684090405702591,0.06754453480243683,0.067710280418396,0.06954743713140488,0.06907648593187332,0.0684492439031601,0.0,0.06820591539144516,0.0693427100777626,0.06949736922979355,0.06754453480243683,19922944,4086,0.021739130434782608,0.06846249848604202,-1.0,0.06896525621414185,0.06794431060552597,0.06954743713140488,0.0683659166097641,0.06875929236412048,138,1.409057971014494,0.9782608695652174,0.0,4875,0.06756830215454102,0.06794340163469315,0.06768744438886642,152,674.742431640625,0.06774309277534485,0.06854819506406784,-0.0031358963102320558,0.11376113891601562,135,0.06846202909946442,31.593135745823382,0.0023166835,0.810868501663208,0.2,1510,0.0,0.1,0.40903252363204956,0.06368014496110845,1e-05
0.06898414343595505,0.06870713829994202,0.06926435977220535,0.06865353882312775,994.1,0.9920634920634921,0.06907317787408829,0.06813672930002213,0.06852590292692184,0.06771751493215561,0.06783856451511383,0.06970035284757614,0.06913649290800095,0.06863474100828171,0.0,0.06828895956277847,0.06942620128393173,0.0696706473827362,0.06771751493215561,20054016,4113,0.007936507936507936,0.06857062131166458,-1.0,0.06905409693717957,0.06810331344604492,0.06970035284757614,0.06847264617681503,0.06890276074409485,126,1.3795079365079375,0.9920634920634921,0.0,4875,0.06773616373538971,0.06796665489673615,0.06783657521009445,153,679.5023193359375,0.0678199976682663,0.06863436102867126,-0.00281188806056889,0.11067047119140624,125,0.06859422475099564,31.537755192816256,0.0022283916,0.815733015537262,0.2,1520,0.0,0.1,0.3539172112941742,0.04419124931446276,1e-05
