Gym has been unmaintained since 2022 and does not support NumPy 2.0 amongst other critical functionality.
Please upgrade to Gymnasium, the maintained drop-in replacement of Gym, or contact the authors of your software and request that they upgrade.
Users of this version of Gym should be able to simply replace 'import gym' with 'import gymnasium as gym' in the vast majority of cases.
See the migration guide at https://gymnasium.farama.org/introduction/migration_guide/ for additional information.
Logging to ./data/delta2_stage4_lr1e7/tb
INFO:root:Experiment: quadruped_ppo_experiment
INFO:root:Using EnvPool for environment Humanoid-v4 with 256 envs. Seed: 0
INFO:root:EnvPool worker threads: 256 for 256 envs
[0;33m[WW] ModuleManager: CHANGING UPDATE PERIOD: ![0m
[0;33m[WW] ModuleManager: CHANGING UPDATE PERIOD: ![0m
[0;33m[WW] ModuleManager: CHANGING UPDATE PERIOD: ![0m
[0;33m[WW] ModuleManager: CHANGING UPDATE PERIOD: ![0m
[0;33m[WW] ModuleManager: CHANGING UPDATE PERIOD: ![0m
[0;33m[WW] ModuleManager: CHANGING UPDATE PERIOD: ![0m
[0;33m[WW] ModuleManager: CHANGING UPDATE PERIOD: ![0m
[0;33m[WW] ModuleManager: CHANGING UPDATE PERIOD: ![0m
[0;33m[WW] ModuleManager: CHANGING UPDATE PERIOD: ![0m
[0;33m[WW] ModuleManager: CHANGING UPDATE PERIOD: ![0m
[0;33m[WW] ModuleManager: CHANGING UPDATE PERIOD: ![0m
[0;33m[WW] ModuleManager: CHANGING UPDATE PERIOD: ![0m
[0;33m[WW] ModuleManager: CHANGING UPDATE PERIOD: ![0m
[0;33m[WW] ModuleManager: CHANGING UPDATE PERIOD: ![0m
[0;33m[WW] ModuleManager: CHANGING UPDATE PERIOD: ![0m
[0;33m[WW] ModuleManager: CHANGING UPDATE PERIOD: ![0m
[0;33m[WW] ModuleManager: CHANGING UPDATE PERIOD: ![0m
[0;33m[WW] ModuleManager: CHANGING UPDATE PERIOD: ![0m
[0;33m[WW] ModuleManager: CHANGING UPDATE PERIOD: ![0m
[0;33m[WW] ModuleManager: CHANGING UPDATE PERIOD: ![0m
[0;33m[WW] ModuleManager: CHANGING UPDATE PERIOD: ![0m
[0;33m[WW] ModuleManager: CHANGING UPDATE PERIOD: ![0m
[0;33m[WW] ModuleManager: CHANGING UPDATE PERIOD: ![0m
[0;33m[WW] ModuleManager: CHANGING UPDATE PERIOD: ![0m
[0;33m[WW] ModuleManager: CHANGING UPDATE PERIOD: ![0m
[0;33m[WW] ModuleManager: CHANGING UPDATE PERIOD: ![0m
[0;33m[WW] ModuleManager: CHANGING UPDATE PERIOD: ![0m
[0;33m[WW] ModuleManager: CHANGING UPDATE PERIOD: ![0m
[0;33m[WW] ModuleManager: CHANGING UPDATE PERIOD: ![0m
[0;33m[WW] ModuleManager: CHANGING UPDATE PERIOD: ![0m
[0;33m[WW] ModuleManager: CHANGING UPDATE PERIOD: ![0m
[0;33m[WW] ModuleManager: CHANGING UPDATE PERIOD: ![0m
[0;33m[WW] ModuleManager: CHANGING UPDATE PERIOD: ![0m
[0;33m[WW] ModuleManager: CHANGING UPDATE PERIOD: ![0m
[0;33m[WW] ModuleManager: CHANGING UPDATE PERIOD: ![0m
[0;33m[WW] ModuleManager: CHANGING UPDATE PERIOD: ![0m
[0;33m[WW] ModuleManager: CHANGING UPDATE PERIOD: ![0m
[0;33m[WW] ModuleManager: CHANGING UPDATE PERIOD: ![0m
[0;33m[WW] ModuleManager: CHANGING UPDATE PERIOD: ![0m
[0;33m[WW] ModuleManager: CHANGING UPDATE PERIOD: ![0m
[0;33m[WW] ModuleManager: CHANGING UPDATE PERIOD: ![0m
[0;33m[WW] ModuleManager: CHANGING UPDATE PERIOD: ![0m
[0;33m[WW] ModuleManager: CHANGING UPDATE PERIOD: ![0m
[0;33m[WW] ModuleManager: CHANGING UPDATE PERIOD: ![0m
[0;33m[WW] ModuleManager: CHANGING UPDATE PERIOD: ![0m
[0;33m[WW] ModuleManager: CHANGING UPDATE PERIOD: ![0m
[0;33m[WW] ModuleManager: CHANGING UPDATE PERIOD: ![0m
[0;33m[WW] ModuleManager: CHANGING UPDATE PERIOD: ![0m
[0;33m[WW] ModuleManager: CHANGING UPDATE PERIOD: ![0m
[0;33m[WW] ModuleManager: CHANGING UPDATE PERIOD: ![0m
[0;33m[WW] ModuleManager: CHANGING UPDATE PERIOD: ![0m
[0;33m[WW] ModuleManager: CHANGING UPDATE PERIOD: ![0m
[0;33m[WW] ModuleManager: CHANGING UPDATE PERIOD: ![0m
[0;33m[WW] ModuleManager: CHANGING UPDATE PERIOD: ![0m
[0;33m[WW] ModuleManager: CHANGING UPDATE PERIOD: ![0m
[0;33m[WW] ModuleManager: CHANGING UPDATE PERIOD: ![0m
[0;33m[WW] ModuleManager: CHANGING UPDATE PERIOD: ![0m
[0;33m[WW] ModuleManager: CHANGING UPDATE PERIOD: ![0m
[0;33m[WW] ModuleManager: CHANGING UPDATE PERIOD: ![0m
[0;33m[WW] ModuleManager: CHANGING UPDATE PERIOD: ![0m
[0;33m[WW] ModuleManager: CHANGING UPDATE PERIOD: ![0m
[0;33m[WW] ModuleManager: CHANGING UPDATE PERIOD: ![0m
[0;33m[WW] ModuleManager: CHANGING UPDATE PERIOD: ![0m
[0;33m[WW] ModuleManager: CHANGING UPDATE PERIOD: ![0m
[0;33m[WW] ModuleManager: CHANGING UPDATE PERIOD: ![0m
[0;33m[WW] ModuleManager: CHANGING UPDATE PERIOD: ![0m
[0;33m[WW] ModuleManager: CHANGING UPDATE PERIOD: ![0m
[0;33m[WW] ModuleManager: CHANGING UPDATE PERIOD: ![0m
[0;33m[WW] ModuleManager: CHANGING UPDATE PERIOD: ![0m
[0;33m[WW] ModuleManager: CHANGING UPDATE PERIOD: ![0m
[0;33m[WW] ModuleManager: CHANGING UPDATE PERIOD: ![0m
[0;33m[WW] ModuleManager: CHANGING UPDATE PERIOD: ![0m
[0;33m[WW] ModuleManager: CHANGING UPDATE PERIOD: ![0m
[0;33m[WW] ModuleManager: CHANGING UPDATE PERIOD: ![0m
initHardware(SIM): Initializing hardware components...
initHardware(SIM): Initializing hardware components...
initHardware(SIM): Initializing hardware components...
initHardware(SIM): Initializing hardware components...
initHardware(SIM): Initializing hardware components...
initHardware(SIM): Initializing hardware components...
initHardware(SIM): Initializing hardware components...
initHardware(SIM): Initializing hardware components...
initHardware(SIM): Initializing hardware components...
initHardware(SIM): Initializing hardware components...
initHardware(SIM): Initializing hardware components...
initHardware(SIM): Initializing hardware components...
initHardware(SIM): Initializing hardware components...
initHardware(SIM): Initializing hardware components...
initHardware(SIM): Initializing hardware components...
initHardware(SIM): Initializing hardware components...
initHardware(SIM): Initializing hardware components...
initHardware(SIM): Initializing hardware components...
initHardware(SIM): Initializing hardware components...
initHardware(SIM): Initializing hardware components...
initHardware(SIM): Initializing hardware components...
initHardware(SIM): Initializing hardware components...
initHardware(SIM): Initializing hardware components...
initHardware(SIM): Initializing hardware components...
initHardware(SIM): Initializing hardware components...
initHardware(SIM): Initializing hardware components...
initHardware(SIM): Initializing hardware components...
initHardware(SIM): Initializing hardware components...
initHardware(SIM): Initializing hardware components...
initHardware(SIM): Initializing hardware components...
initHardware(SIM): Initializing hardware components...
initHardware(SIM): Initializing hardware components...
initHardware(SIM): Initializing hardware components...
initHardware(SIM): Initializing hardware components...
initHardware(SIM): Initializing hardware components...
initHardware(SIM): Initializing hardware components...
initHardware(SIM): Initializing hardware components...
initHardware(SIM): Initializing hardware components...
initHardware(SIM): Initializing hardware components...
initHardware(SIM): Initializing hardware components...
initHardware(SIM): Initializing hardware components...
initHardware(SIM): Initializing hardware components...
initHardware(SIM): Initializing hardware components...
initHardware(SIM): Initializing hardware components...
initHardware(SIM): Initializing hardware components...
initHardware(SIM): Initializing hardware components...
initHardware(SIM): Initializing hardware components...
initHardware(SIM): Initializing hardware components...
initHardware(SIM): Initializing hardware components...
initHardware(SIM): Initializing hardware components...
initHardware(SIM): Initializing hardware components...
initHardware(SIM): Initializing hardware components...
initHardware(SIM): Initializing hardware components...
initHardware(SIM): Initializing hardware components...
initHardware(SIM): Initializing hardware components...
initHardware(SIM): Initializing hardware components...
initHardware(SIM): Initializing hardware components...
initHardware(SIM): Initializing hardware components...
initHardware(SIM): Initializing hardware components...
initHardware(SIM): Initializing hardware components...
initHardware(SIM): Initializing hardware components...
initHardware(SIM): Initializing hardware components...
initHardware(SIM): Initializing hardware components...
initHardware(SIM): Initializing hardware components...
initHardware(SIM): Initializing hardware components...
initHardware(SIM): Initializing hardware components...
initHardware(SIM): Initializing hardware components...
initHardware(SIM): Initializing hardware components...
initHardware(SIM): Initializing hardware components...
initHardware(SIM): Initializing hardware components...
initHardware(SIM): Initializing hardware components...
initHardware(SIM): Initializing hardware components...
initHardware(SIM): Initializing hardware components...
initHardware(SIM): Initializing hardware components...
initHardware(SIM): Initial[0;33m[WW] ModuleManager: CHANGING UPDATE PERIOD: ![0m
[0;33m[WW] ModuleManager: CHANGING UPDATE PERIOD: ![0m
[0;33m[WW] ModuleManager: CHANGING UPDATE PERIOD: ![0m
[0;33m[WW] ModuleManager: CHANGING UPDATE PERIOD: ![0m
[0;33m[WW] ModuleManager: CHANGING UPDATE PERIOD: ![0m
[0;33m[WW] ModuleManager: CHANGING UPDATE PERIOD: ![0m
[0;33m[WW] ModuleManager: CHANGING UPDATE PERIOD: ![0m
[0;33m[WW] ModuleManager: CHANGING UPDATE PERIOD: ![0m
[0;33m[WW] ModuleManager: CHANGING UPDATE PERIOD: ![0m
[0;33m[WW] ModuleManager: CHANGING UPDATE PERIOD: ![0m
[0;33m[WW] ModuleManager: CHANGING UPDATE PERIOD: ![0m
[0;33m[WW] ModuleManager: CHANGING UPDATE PERIOD: ![0m
[0;33m[WW] ModuleManager: CHANGING UPDATE PERIOD: ![0m
[0;33m[WW] ModuleManager: CHANGING UPDATE PERIOD: ![0m
[0;33m[WW] ModuleManager: CHANGING UPDATE PERIOD: ![0m
[0;33m[WW] ModuleManager: CHANGING UPDATE PERIOD: ![0m
[0;33m[WW] ModuleManager: CHANGING UPDATE PERIOD: ![0m
[0;33m[WW] ModuleManager: CHANGING UPDATE PERIOD: ![0m
[0;33m[WW] ModuleManager: CHANGING UPDATE PERIOD: ![0m
[0;33m[WW] ModuleManager: CHANGING UPDATE PERIOD: ![0m
[0;33m[WW] ModuleManager: CHANGING UPDATE PERIOD: ![0m
[0;33m[WW] ModuleManager: CHANGING UPDATE PERIOD: ![0m
[0;33m[WW] ModuleManager: CHANGING UPDATE PERIOD: ![0m
[0;33m[WW] ModuleManager: CHANGING UPDATE PERIOD: ![0m
[0;33m[WW] ModuleManager: CHANGING UPDATE PERIOD: ![0m
[0;33m[WW] ModuleManager: CHANGING UPDATE PERIOD: ![0m
[0;33m[WW] ModuleManager: CHANGING UPDATE PERIOD: ![0m
[0;33m[WW] ModuleManager: CHANGING UPDATE PERIOD: ![0m
[0;33m[WW] ModuleManager: CHANGING UPDATE PERIOD: ![0m
[0;33m[WW] ModuleManager: CHANGING UPDATE PERIOD: ![0m
[0;33m[WW] ModuleManager: CHANGING UPDATE PERIOD: ![0m
[0;33m[WW] ModuleManager: CHANGING UPDATE PERIOD: ![0m
[0;33m[WW] ModuleManager: CHANGING UPDATE PERIOD: ![0m
[0;33m[WW] ModuleManager: CHANGING UPDATE PERIOD: ![0m
[0;33m[WW] ModuleManager: CHANGING UPDATE PERIOD: ![0m
[0;33m[WW] ModuleManager: CHANGING UPDATE PERIOD: ![0m
[0;33m[WW] ModuleManager: CHANGING UPDATE PERIOD: ![0m
[0;33m[WW] ModuleManager: CHANGING UPDATE PERIOD: ![0m
[0;33m[WW] ModuleManager: CHANGING UPDATE PERIOD: ![0m
[0;33m[WW] ModuleManager: CHANGING UPDATE PERIOD: ![0m
[0;33m[WW] ModuleManager: CHANGING UPDATE PERIOD: ![0m
[0;33m[WW] ModuleManager: CHANGING UPDATE PERIOD: ![0m
[0;33m[WW] ModuleManager: CHANGING UPDATE PERIOD: ![0m
[0;33m[WW] ModuleManager: CHANGING UPDATE PERIOD: ![0m
[0;33m[WW] ModuleManager: CHANGING UPDATE PERIOD: ![0m
[0;33m[WW] ModuleManager: CHANGING UPDATE PERIOD: ![0m
[0;33m[WW] ModuleManager: CHANGING UPDATE PERIOD: ![0m
[0;33m[WW] ModuleManager: CHANGING UPDATE PERIOD: ![0m
[0;33m[WW] ModuleManager: CHANGING UPDATE PERIOD: ![0m
[0;33m[WW] ModuleManager: CHANGING UPDATE PERIOD: ![0m
[0;33m[WW] ModuleManager: CHANGING UPDATE PERIOD: ![0m
[0;33m[WW] ModuleManager: CHANGING UPDATE PERIOD: ![0m
[0;33m[WW] ModuleManager: CHANGING UPDATE PERIOD: ![0m
[0;33m[WW] ModuleManager: CHANGING UPDATE PERIOD: ![0m
[0;33m[WW] ModuleManager: CHANGING UPDATE PERIOD: ![0m
[0;33m[WW] ModuleManager: CHANGING UPDATE PERIOD: ![0m
[0;33m[WW] ModuleManager: CHANGING UPDATE PERIOD: ![0m
[0;33m[WW] ModuleManager: CHANGING UPDATE PERIOD: ![0m
[0;33m[WW] ModuleManager: CHANGING UPDATE PERIOD: ![0m
[0;33m[WW] ModuleManager: CHANGING UPDATE PERIOD: ![0m
[0;33m[WW] ModuleManager: CHANGING UPDATE PERIOD: ![0m
[0;33m[WW] ModuleManager: CHANGING UPDATE PERIOD: ![0m
[0;33m[WW] ModuleManager: CHANGING UPDATE PERIOD: ![0m
[0;33m[WW] ModuleManager: CHANGING UPDATE PERIOD: ![0m
[0;33m[WW] ModuleManager: CHANGING UPDATE PERIOD: ![0m
[0;33m[WW] ModuleManager: CHANGING UPDATE PERIOD: ![0m
[0;33m[WW] ModuleManager: CHANGING UPDATE PERIOD: ![0m
[0;33m[WW] ModuleManager: CHANGING UPDATE PERIOD: ![0m
[0;33m[WW] ModuleManager: CHANGING UPDATE PERIOD: ![0m
[0;33m[WW] ModuleManager: CHANGING UPDATE PERIOD: ![0m
[0;33m[WW] ModuleManager: CHANGING UPDATE PERIOD: ![0m
[0;33m[WW] ModuleManager: CHANGING UPDATE PERIOD: ![0m
[0;33m[WW] ModuleManager: CHANGING UPDATE PERIOD: ![0m
[0;33m[WW] ModuleManager: CHANGING UPDATE PERIOD: ![0m
izing hardware components...
initHardware(SIM): Initializing hardware components...
initHardware(SIM): Initializing hardware components...
initHardware(SIM): Initializing hardware components...
initHardware(SIM): Initializing hardware components...
initHardware(SIM): Initializing hardware components...
initHardware(SIM): Initializing hardware components...
initHardware(SIM): Initializing hardware components...
initHardware(SIM): Initializing hardware components...
initHardware(SIM): Initializing hardware components...
initHardware(SIM): Initializing hardware components...
initHardware(SIM): Initializing hardware components...
initHardware(SIM): Initializing hardware components...
initHardware(SIM): Initializing hardware components...
initHardware(SIM): Initializing hardware components...
initHardware(SIM): Initializing hardware components...
initHardware(SIM): Initializing hardware components...
initHardware(SIM): Initializing hardware components...
initHardware(SIM): Initializing hardware components...
initHardware(SIM): Initializing hardware components...
initHardware(SIM): Initializing hardware components...
initHardware(SIM): Initializing hardware components...
initHardware(SIM): Initializing hardware components...
initHardware(SIM): Initializing hardware components...
initHardware(SIM): Initializing hardware components...
initHardware(SIM): Initializing hardware components...
initHardware(SIM): Initializing hardware components...
initHardware(SIM): Initializing hardware components...
initHardware(SIM): Initializing hardware components...
initHardware(SIM): Initializing hardware components...
initHardware(SIM): Initializing hardware components...
initHardware(SIM): Initializing hardware components...
initHardware(SIM): Initializing hardware components...
initHardware(SIM): Initializing hardware components...
initHardware(SIM): Initializing hardware components...
initHardware(SIM): Initializing hardware components...
initHardware(SIM): Initializing hardware components...
initHardware(SIM): Initializing hardware components...
initHardware(SIM): Initializing hardware components...
initHardware(SIM): Initializing hardware components...
initHardware(SIM): Initializing hardware components...
initHardware(SIM): Initializing hardware components...
initHardware(SIM): Initializing hardware components...
initHardware(SIM): Initializing hardware components...
initHardware(SIM): Initializing hardware components...
initHardware(SIM): Initializing hardware components...
initHardware(SIM): Initializing hardware components...
initHardware(SIM): Initializing hardware components...
initHardware(SIM): Initializing hardware components...
initHardware(SIM): Initializing hardware components...
initHardware(SIM): Initializing hardware components...
initHardware(SIM): Initializing hardware components...
initHardware(SIM): Initializing hardware components...
initHardware(SIM): Initializing hardware components...
initHardware(SIM): Initializing hardware components...
initHardware(SIM): Initializing hardware components...
initHardware(SIM): Initializing hardware components...
initHardware(SIM): Initializing hardware components...
initHardware(SIM): Initializing hardware components...
initHardware(SIM): Initializing hardware components...
initHardware(SIM): Initializing hardware components...
initHardware(SIM): Initializing hardware components...
initHardware(SIM): Initializing hardware components...
initHardware(SIM): Initializing hardware components...
initHardware(SIM): Initializing hardware components...
initHardware(SIM): Initializing hardware components...
initHardware(SIM): Initializing hardware components...
initHardware(SIM): Initializing hardware components...
initHardware(SIM): Initializing hardware components...
initHardware(SIM): Initializing hardware components...
initHardware(SIM): Initializing hardware components...
initHardware(SIM): Initializing hardware components...
initHardware(SIM): Initializing hardware components...
initHardware(SIM): Initializing hardware components...
initHardware(SIM): Initializing hardware components.[0;33m[WW] ModuleManager: CHANGING UPDATE PERIOD: ![0m
[0;33m[WW] ModuleManager: CHANGING UPDATE PERIOD: ![0m
[0;33m[WW] ModuleManager: CHANGING UPDATE PERIOD: ![0m
[0;33m[WW] ModuleManager: CHANGING UPDATE PERIOD: ![0m
[0;33m[WW] ModuleManager: CHANGING UPDATE PERIOD: ![0m
[0;33m[WW] ModuleManager: CHANGING UPDATE PERIOD: ![0m
[0;33m[WW] ModuleManager: CHANGING UPDATE PERIOD: ![0m
[0;33m[WW] ModuleManager: CHANGING UPDATE PERIOD: ![0m
[0;33m[WW] ModuleManager: CHANGING UPDATE PERIOD: ![0m
[0;33m[WW] ModuleManager: CHANGING UPDATE PERIOD: ![0m
[0;33m[WW] ModuleManager: CHANGING UPDATE PERIOD: ![0m
[0;33m[WW] ModuleManager: CHANGING UPDATE PERIOD: ![0m
[0;33m[WW] ModuleManager: CHANGING UPDATE PERIOD: ![0m
[0;33m[WW] ModuleManager: CHANGING UPDATE PERIOD: ![0m
[0;33m[WW] ModuleManager: CHANGING UPDATE PERIOD: ![0m
[0;33m[WW] ModuleManager: CHANGING UPDATE PERIOD: ![0m
[0;33m[WW] ModuleManager: CHANGING UPDATE PERIOD: ![0m
[0;33m[WW] ModuleManager: CHANGING UPDATE PERIOD: ![0m
[0;33m[WW] ModuleManager: CHANGING UPDATE PERIOD: ![0m
[0;33m[WW] ModuleManager: CHANGING UPDATE PERIOD: ![0m
[0;33m[WW] ModuleManager: CHANGING UPDATE PERIOD: ![0m
[0;33m[WW] ModuleManager: CHANGING UPDATE PERIOD: ![0m
[0;33m[WW] ModuleManager: CHANGING UPDATE PERIOD: ![0m
[0;33m[WW] ModuleManager: CHANGING UPDATE PERIOD: ![0m
[0;33m[WW] ModuleManager: CHANGING UPDATE PERIOD: ![0m
[0;33m[WW] ModuleManager: CHANGING UPDATE PERIOD: ![0m
[0;33m[WW] ModuleManager: CHANGING UPDATE PERIOD: ![0m
[0;33m[WW] ModuleManager: CHANGING UPDATE PERIOD: ![0m
[0;33m[WW] ModuleManager: CHANGING UPDATE PERIOD: ![0m
[0;33m[WW] ModuleManager: CHANGING UPDATE PERIOD: ![0m
[0;33m[WW] ModuleManager: CHANGING UPDATE PERIOD: ![0m
[0;33m[WW] ModuleManager: CHANGING UPDATE PERIOD: ![0m
[0;33m[WW] ModuleManager: CHANGING UPDATE PERIOD: ![0m
[0;33m[WW] ModuleManager: CHANGING UPDATE PERIOD: ![0m
[0;33m[WW] ModuleManager: CHANGING UPDATE PERIOD: ![0m
[0;33m[WW] ModuleManager: CHANGING UPDATE PERIOD: ![0m
[0;33m[WW] ModuleManager: CHANGING UPDATE PERIOD: ![0m
[0;33m[WW] ModuleManager: CHANGING UPDATE PERIOD: ![0m
[0;33m[WW] ModuleManager: CHANGING UPDATE PERIOD: ![0m
[0;33m[WW] ModuleManager: CHANGING UPDATE PERIOD: ![0m
[0;33m[WW] ModuleManager: CHANGING UPDATE PERIOD: ![0m
[0;33m[WW] ModuleManager: CHANGING UPDATE PERIOD: ![0m
[0;33m[WW] ModuleManager: CHANGING UPDATE PERIOD: ![0m
[0;33m[WW] ModuleManager: CHANGING UPDATE PERIOD: ![0m
[0;33m[WW] ModuleManager: CHANGING UPDATE PERIOD: ![0m
[0;33m[WW] ModuleManager: CHANGING UPDATE PERIOD: ![0m
[0;33m[WW] ModuleManager: CHANGING UPDATE PERIOD: ![0m
[0;33m[WW] ModuleManager: CHANGING UPDATE PERIOD: ![0m
[0;33m[WW] ModuleManager: CHANGING UPDATE PERIOD: ![0m
[0;33m[WW] ModuleManager: CHANGING UPDATE PERIOD: ![0m
[0;33m[WW] ModuleManager: CHANGING UPDATE PERIOD: ![0m
[0;33m[WW] ModuleManager: CHANGING UPDATE PERIOD: ![0m
[0;33m[WW] ModuleManager: CHANGING UPDATE PERIOD: ![0m
[0;33m[WW] ModuleManager: CHANGING UPDATE PERIOD: ![0m
[0;33m[WW] ModuleManager: CHANGING UPDATE PERIOD: ![0m
[0;33m[WW] ModuleManager: CHANGING UPDATE PERIOD: ![0m
[0;33m[WW] ModuleManager: CHANGING UPDATE PERIOD: ![0m
[0;33m[WW] ModuleManager: CHANGING UPDATE PERIOD: ![0m
[0;33m[WW] ModuleManager: CHANGING UPDATE PERIOD: ![0m
[0;33m[WW] ModuleManager: CHANGING UPDATE PERIOD: ![0m
[0;33m[WW] ModuleManager: CHANGING UPDATE PERIOD: ![0m
[0;33m[WW] ModuleManager: CHANGING UPDATE PERIOD: ![0m
[0;33m[WW] ModuleManager: CHANGING UPDATE PERIOD: ![0m
[0;33m[WW] ModuleManager: CHANGING UPDATE PERIOD: ![0m
[0;33m[WW] ModuleManager: CHANGING UPDATE PERIOD: ![0m
[0;33m[WW] ModuleManager: CHANGING UPDATE PERIOD: ![0m
[0;33m[WW] ModuleManager: CHANGING UPDATE PERIOD: ![0m
[0;33m[WW] ModuleManager: CHANGING UPDATE PERIOD: ![0m
[0;33m[WW] ModuleManager: CHANGING UPDATE PERIOD: ![0m
[0;33m[WW] ModuleManager: CHANGING UPDATE PERIOD: ![0m
[0;33m[WW] ModuleManager: CHANGING UPDATE PERIOD: ![0m
[0;33m[WW] ModuleManager: CHANGING UPDATE PERIOD: ![0m
[0;33m[WW] ModuleManager: CHANGING UPDATE PERIOD: ![0m
[0;33m[WW] ModuleManager: CHANGING UPDATE PERIOD: ![0m
[0;33m[WW] ModuleManager: CHANGING UPDATE PERIOD: ![0m
..
initHardware(SIM): Initializing hardware components...
initHardware(SIM): Initializing hardware components...
initHardware(SIM): Initializing hardware components...
initHardware(SIM): Initializing hardware components...
initHardware(SIM): Initializing hardware components...
initHardware(SIM): Initializing hardware components...
initHardware(SIM): Initializing hardware components...
initHardware(SIM): Initializing hardware components...
initHardware(SIM): Initializing hardware components...
initHardware(SIM): Initializing hardware components...
initHardware(SIM): Initializing hardware components...
initHardware(SIM): Initializing hardware components...
initHardware(SIM): Initializing hardware components...
initHardware(SIM): Initializing hardware components...
initHardware(SIM): Initializing hardware components...
initHardware(SIM): Initializing hardware components...
initHardware(SIM): Initializing hardware components...
initHardware(SIM): Initializing hardware components...
initHardware(SIM): Initializing hardware components...
initHardware(SIM): Initializing hardware components...
initHardware(SIM): Initializing hardware components...
initHardware(SIM): Initializing hardware components...
initHardware(SIM): Initializing hardware components...
initHardware(SIM): Initializing hardware components...
initHardware(SIM): Initializing hardware components...
initHardware(SIM): Initializing hardware components...
initHardware(SIM): Initializing hardware components...
initHardware(SIM): Initializing hardware components...
initHardware(SIM): Initializing hardware components...
initHardware(SIM): Initializing hardware components...
initHardware(SIM): Initializing hardware components...
initHardware(SIM): Initializing hardware components...
initHardware(SIM): Initializing hardware components...
initHardware(SIM): Initializing hardware components...
initHardware(SIM): Initializing hardware components...
initHardware(SIM): Initializing hardware components...
initHardware(SIM): Initializing hardware components...
initHardware(SIM): Initializing hardware components...
initHardware(SIM): Initializing hardware components...
initHardware(SIM): Initializing hardware components...
initHardware(SIM): Initializing hardware components...
initHardware(SIM): Initializing hardware components...
initHardware(SIM): Initializing hardware components...
initHardware(SIM): Initializing hardware components...
initHardware(SIM): Initializing hardware components...
initHardware(SIM): Initializing hardware components...
initHardware(SIM): Initializing hardware components...
initHardware(SIM): Initializing hardware components...
initHardware(SIM): Initializing hardware components...
initHardware(SIM): Initializing hardware components...
initHardware(SIM): Initializing hardware components...
initHardware(SIM): Initializing hardware components...
initHardware(SIM): Initializing hardware components...
initHardware(SIM): Initializing hardware components...
initHardware(SIM): Initializing hardware components...
initHardware(SIM): Initializing hardware components...
initHardware(SIM): Initializing hardware components...
initHardware(SIM): Initializing hardware components...
initHardware(SIM): Initializing hardware components...
initHardware(SIM): Initializing hardware components...
initHardware(SIM): Initializing hardware components...
initHardware(SIM): Initializing hardware components...
initHardware(SIM): Initializing hardware components...
initHardware(SIM): Initializing hardware components...
initHardware(SIM): Initializing hardware components...
initHardware(SIM): Initializing hardware components...
initHardware(SIM): Initializing hardware components...
initHardware(SIM): Initializing hardware components...
initHardware(SIM): Initializing hardware components...
initHardware(SIM): Initializing hardware components...
initHardware(SIM): Initializing hardware components...
initHardware(SIM): Initializing hardware components...
initHardware(SIM): Initializing hardware components...
initHardware(SIM): Initializing hardware components...
initHardware(SIM): Init[0;33m[WW] ModuleManager: CHANGING UPDATE PERIOD: ![0m
[0;33m[WW] ModuleManager: CHANGING UPDATE PERIOD: ![0m
[0;33m[WW] ModuleManager: CHANGING UPDATE PERIOD: ![0m
[0;33m[WW] ModuleManager: CHANGING UPDATE PERIOD: ![0m
[0;33m[WW] ModuleManager: CHANGING UPDATE PERIOD: ![0m
[0;33m[WW] ModuleManager: CHANGING UPDATE PERIOD: ![0m
[0;33m[WW] ModuleManager: CHANGING UPDATE PERIOD: ![0m
[0;33m[WW] ModuleManager: CHANGING UPDATE PERIOD: ![0m
[0;33m[WW] ModuleManager: CHANGING UPDATE PERIOD: ![0m
[0;33m[WW] ModuleManager: CHANGING UPDATE PERIOD: ![0m
[0;33m[WW] ModuleManager: CHANGING UPDATE PERIOD: ![0m
[0;33m[WW] ModuleManager: CHANGING UPDATE PERIOD: ![0m
[0;33m[WW] ModuleManager: CHANGING UPDATE PERIOD: ![0m
[0;33m[WW] ModuleManager: CHANGING UPDATE PERIOD: ![0m
[0;33m[WW] ModuleManager: CHANGING UPDATE PERIOD: ![0m
[0;33m[WW] ModuleManager: CHANGING UPDATE PERIOD: ![0m
[0;33m[WW] ModuleManager: CHANGING UPDATE PERIOD: ![0m
[0;33m[WW] ModuleManager: CHANGING UPDATE PERIOD: ![0m
[0;33m[WW] ModuleManager: CHANGING UPDATE PERIOD: ![0m
[0;33m[WW] ModuleManager: CHANGING UPDATE PERIOD: ![0m
[0;33m[WW] ModuleManager: CHANGING UPDATE PERIOD: ![0m
[0;33m[WW] ModuleManager: CHANGING UPDATE PERIOD: ![0m
[0;33m[WW] ModuleManager: CHANGING UPDATE PERIOD: ![0m
[0;33m[WW] ModuleManager: CHANGING UPDATE PERIOD: ![0m
[0;33m[WW] ModuleManager: CHANGING UPDATE PERIOD: ![0m
[0;33m[WW] ModuleManager: CHANGING UPDATE PERIOD: ![0m
[0;33m[WW] ModuleManager: CHANGING UPDATE PERIOD: ![0m
[0;33m[WW] ModuleManager: CHANGING UPDATE PERIOD: ![0m
[0;33m[WW] ModuleManager: CHANGING UPDATE PERIOD: ![0m
[0;33m[WW] ModuleManager: CHANGING UPDATE PERIOD: ![0m
[0;33m[WW] ModuleManager: CHANGING UPDATE PERIOD: ![0m
[0;33m[WW] ModuleManager: CHANGING UPDATE PERIOD: ![0m
[0;33m[WW] ModuleManager: CHANGING UPDATE PERIOD: ![0m
/usr/local/lib/python3.10/dist-packages/stable_baselines3/common/vec_env/base_vec_env.py:78: UserWarning: The `render_mode` attribute is not defined in your environment. It will be set to None.
  warnings.warn("The `render_mode` attribute is not defined in your environment. It will be set to None.")
/usr/local/lib/python3.10/dist-packages/stable_baselines3/common/utils.py:166: UserWarning: get_schedule_fn() is deprecated, please use FloatSchedule() instead
  warnings.warn("get_schedule_fn() is deprecated, please use FloatSchedule() instead")
/usr/local/lib/python3.10/dist-packages/stable_baselines3/common/utils.py:212: UserWarning: constant_fn() is deprecated, please use ConstantSchedule() instead
  warnings.warn("constant_fn() is deprecated, please use ConstantSchedule() instead")
INFO:root:Overriding learning rate: 1e-07
INFO:root:Starting training...
INFO:root:Action std clamped to [0.05, 0.3] after every optimizer step
INFO:root:Setting target_kl: 0.01 (was 0.01)
Using GPU: False
Using VecNormalize wrapper...
Found existing model and continue_training=True. Continuing training.
Loading existing model from ./data/delta2_stage4_lr1e7/quadruped_ppo_model.zip
Loading VecNormalize statistics from ./data/delta2_stage4_lr1e7/quadruped_ppo_model_vecnormalize.pkl
Model loaded successfully. Continuing training...
Model hyperparameters: {'actor_obs_dim': 54, 'activation_fn': <class 'torch.nn.modules.activation.Tanh'>, 'net_arch': {'pi': [256, 128], 'vf': [256, 128]}, 'log_std_init': -3.0, 'full_std': False, 'use_expln': False}
----------------------------------------------
| rollout/                        |          |
|    action_saturation_fraction   | 0        |
|    ep_len_mean                  | 348      |
|    ep_rew_mean                  | 221      |
|    episodes_noforce             | 45       |
|    force_direction_mean         | -1       |
|    force_onset_mean             | 1.4      |
|    force_requested_impulse_mean | 0        |
|    is_fall_mean                 | 1        |
|    is_timeout_mean              | 0        |
|    recovery_noforce             | 0        |
| time/                           |          |
|    fps                          | 3164     |
|    iterations                   | 1        |
|    time_elapsed                 | 41       |
|    total_timesteps              | 131072   |
| train/                          |          |
|    action_std_00                | 0.0589   |
|    action_std_01                | 0.0591   |
|    action_std_02                | 0.0593   |
|    action_std_03                | 0.0599   |
|    action_std_04                | 0.0599   |
|    action_std_05                | 0.0601   |
|    action_std_06                | 0.0594   |
|    action_std_07                | 0.0596   |
|    action_std_08                | 0.0591   |
|    action_std_09                | 0.0595   |
|    action_std_10                | 0.0594   |
|    action_std_11                | 0.0596   |
|    action_std_12                | 0.059    |
|    action_std_13                | 0.0595   |
|    action_std_14                | 0.0594   |
|    action_std_15                | 0.0593   |
|    action_std_16                | 0.0596   |
|    action_std_17                | 0.0592   |
|    action_std_18                | 0.0599   |
|    action_std_19                | 0.06     |
|    action_std_20                | 0.0592   |
|    action_std_21                | 0.0592   |
|    action_std_22                | 0.0589   |
|    action_std_23                | 0.0597   |
|    action_std_24                | 0.0596   |
|    std_max                      | 0.0601   |
|    std_min                      | 0.0589   |
----------------------------------------------
ializing hardware components...
initHardware(SIM): Initializing hardware components...
initHardware(SIM): Initializing hardware components...
initHardware(SIM): Initializing hardware components...
initHardware(SIM): Initializing hardware components...
initHardware(SIM): Initializing hardware components...
initHardware(SIM): Initializing hardware components...
initHardware(SIM): Initializing hardware components...
initHardware(SIM): Initializing hardware components...
initHardware(SIM): Initializing hardware components...
initHardware(SIM): Initializing hardware components...
initHardware(SIM): Initializing hardware components...
initHardware(SIM): Initializing hardware components...
initHardware(SIM): Initializing hardware components...
initHardware(SIM): Initializing hardware components...
initHardware(SIM): Initializing hardware components...
initHardware(SIM): Initializing hardware components...
initHardware(SIM): Initializing hardware components...
initHardware(SIM): Initializing hardware components...
initHardware(SIM): Initializing hardware components...
initHardware(SIM): Initializing hardware components...
initHardware(SIM): Initializing hardware components...
initHardware(SIM): Initializing hardware components...
initHardware(SIM): Initializing hardware components...
initHardware(SIM): Initializing hardware components...
initHardware(SIM): Initializing hardware components...
initHardware(SIM): Initializing hardware components...
initHardware(SIM): Initializing hardware components...
initHardware(SIM): Initializing hardware components...
initHardware(SIM): Initializing hardware components...
initHardware(SIM): Initializing hardware components...
initHardware(SIM): Initializing hardware components...
initHardware(SIM): Initializing hardware components...
[HumanoidEnv] Reset state env_id=0 z=0.329167 rpy=[-0.00119756, -0.00130648, 0.000352939]
[HumanoidEnv] unhealthy terminate at step=564 z=0.193018 rpy=[-2.52309, 0.404095, -0.0616831] v_body=[-0.295296, -0.651719, 0.423418]
[HumanoidEnv] Reset state env_id=0 z=0.300363 rpy=[0.00206148, -0.00286431, -0.000114308]
[HumanoidEnv] unhealthy terminate at step=131 z=0.19776 rpy=[0.554035, -0.202549, 0.442655] v_body=[0.574633, 1.29173, -0.725502]
-----------------------------------------------------
| rollout/                          |               |
|    action_saturation_fraction     | 0             |
|    ep_len_mean                    | 1e+03         |
|    ep_rew_mean                    | 670           |
|    episodes_noforce               | 226           |
|    force_direction_mean           | -1            |
|    force_onset_mean               | 1.39          |
|    force_requested_impulse_mean   | 0             |
|    is_fall_mean                   | 0.288         |
|    is_timeout_mean                | 0.712         |
|    recovery_noforce               | 0.712         |
|    timeout_without_onset_fraction | 0             |
|    timeouts                       | 161           |
| time/                             |               |
|    fps                            | 2581          |
|    iterations                     | 2             |
|    time_elapsed                   | 101           |
|    total_timesteps                | 262144        |
| train/                            |               |
|    action_std_00                  | 0.0589        |
|    action_std_01                  | 0.0591        |
|    action_std_02                  | 0.0593        |
|    action_std_03                  | 0.0599        |
|    action_std_04                  | 0.0599        |
|    action_std_05                  | 0.0601        |
|    action_std_06                  | 0.0594        |
|    action_std_07                  | 0.0596        |
|    action_std_08                  | 0.0591        |
|    action_std_09                  | 0.0595        |
|    action_std_10                  | 0.0594        |
|    action_std_11                  | 0.0596        |
|    action_std_12                  | 0.059         |
|    action_std_13                  | 0.0595        |
|    action_std_14                  | 0.0594        |
|    action_std_15                  | 0.0593        |
|    action_std_16                  | 0.0596        |
|    action_std_17                  | 0.0592        |
|    action_std_18                  | 0.0599        |
|    action_std_19                  | 0.06          |
|    action_std_20                  | 0.0592        |
|    action_std_21                  | 0.0592        |
|    action_std_22                  | 0.0589        |
|    action_std_23                  | 0.0597        |
|    action_std_24                  | 0.0596        |
|    approx_kl                      | 0.00010405102 |
|    clip_fraction                  | 0             |
|    clip_range                     | 0.1           |
|    clip_range_vf                  | 0.2           |
|    entropy_loss                   | 35.1          |
|    explained_variance             | 0.889         |
|    learning_rate                  | 1e-07         |
|    loss                           | 0.801         |
|    n_updates                      | 1550          |
|    policy_gradient_loss           | -0.000438     |
|    std                            | 0.0595        |
|    std_max                        | 0.0601        |
|    std_min                        | 0.0589        |
|    value_loss                     | 0.374         |
-----------------------------------------------------
----------------------------------------------------
| rollout/                          |              |
|    action_saturation_fraction     | 0            |
|    ep_len_mean                    | 714          |
|    ep_rew_mean                    | 466          |
|    episodes_noforce               | 82           |
|    force_direction_mean           | -1           |
|    force_onset_mean               | 1.43         |
|    force_requested_impulse_mean   | 0            |
|    is_fall_mean                   | 0.671        |
|    is_timeout_mean                | 0.329        |
|    recovery_noforce               | 0.329        |
|    timeout_without_onset_fraction | 0            |
|    timeouts                       | 27           |
| time/                             |              |
|    fps                            | 2440         |
|    iterations                     | 3            |
|    time_elapsed                   | 161          |
|    total_timesteps                | 393216       |
| train/                            |              |
|    action_std_00                  | 0.0589       |
|    action_std_01                  | 0.0591       |
|    action_std_02                  | 0.0593       |
|    action_std_03                  | 0.0599       |
|    action_std_04                  | 0.0599       |
|    action_std_05                  | 0.0601       |
|    action_std_06                  | 0.0594       |
|    action_std_07                  | 0.0596       |
|    action_std_08                  | 0.0591       |
|    action_std_09                  | 0.0595       |
|    action_std_10                  | 0.0594       |
|    action_std_11                  | 0.0596       |
|    action_std_12                  | 0.059        |
|    action_std_13                  | 0.0595       |
|    action_std_14                  | 0.0594       |
|    action_std_15                  | 0.0593       |
|    action_std_16                  | 0.0596       |
|    action_std_17                  | 0.0592       |
|    action_std_18                  | 0.0599       |
|    action_std_19                  | 0.06         |
|    action_std_20                  | 0.0592       |
|    action_std_21                  | 0.0592       |
|    action_std_22                  | 0.0589       |
|    action_std_23                  | 0.0597       |
|    action_std_24                  | 0.0596       |
|    approx_kl                      | 9.176158e-05 |
|    clip_fraction                  | 0            |
|    clip_range                     | 0.1          |
|    clip_range_vf                  | 0.2          |
|    entropy_loss                   | 35.1         |
|    explained_variance             | 0.893        |
|    learning_rate                  | 1e-07        |
|    loss                           | 0.739        |
|    n_updates                      | 1560         |
|    policy_gradient_loss           | -0.000409    |
|    std                            | 0.0595       |
|    std_max                        | 0.0601       |
|    std_min                        | 0.0589       |
|    value_loss                     | 0.452        |
----------------------------------------------------
-----------------------------------------------------
| rollout/                          |               |
|    action_saturation_fraction     | 0             |
|    ep_len_mean                    | 979           |
|    ep_rew_mean                    | 650           |
|    episodes_noforce               | 202           |
|    force_direction_mean           | -1            |
|    force_onset_mean               | 1.39          |
|    force_requested_impulse_mean   | 0             |
|    is_fall_mean                   | 0.347         |
|    is_timeout_mean                | 0.653         |
|    recovery_noforce               | 0.653         |
|    timeout_without_onset_fraction | 0             |
|    timeouts                       | 132           |
| time/                             |               |
|    fps                            | 2359          |
|    iterations                     | 4             |
|    time_elapsed                   | 222           |
|    total_timesteps                | 524288        |
| train/                            |               |
|    action_std_00                  | 0.0589        |
|    action_std_01                  | 0.0591        |
|    action_std_02                  | 0.0593        |
|    action_std_03                  | 0.0599        |
|    action_std_04                  | 0.0599        |
|    action_std_05                  | 0.0601        |
|    action_std_06                  | 0.0594        |
|    action_std_07                  | 0.0596        |
|    action_std_08                  | 0.0591        |
|    action_std_09                  | 0.0595        |
|    action_std_10                  | 0.0594        |
|    action_std_11                  | 0.0596        |
|    action_std_12                  | 0.059         |
|    action_std_13                  | 0.0595        |
|    action_std_14                  | 0.0594        |
|    action_std_15                  | 0.0593        |
|    action_std_16                  | 0.0596        |
|    action_std_17                  | 0.0592        |
|    action_std_18                  | 0.0599        |
|    action_std_19                  | 0.06          |
|    action_std_20                  | 0.0592        |
|    action_std_21                  | 0.0592        |
|    action_std_22                  | 0.0589        |
|    action_std_23                  | 0.0597        |
|    action_std_24                  | 0.0596        |
|    approx_kl                      | 0.00011321384 |
|    clip_fraction                  | 0             |
|    clip_range                     | 0.1           |
|    clip_range_vf                  | 0.2           |
|    entropy_loss                   | 35.1          |
|    explained_variance             | 0.893         |
|    learning_rate                  | 1e-07         |
|    loss                           | 0.772         |
|    n_updates                      | 1570          |
|    policy_gradient_loss           | -0.000471     |
|    std                            | 0.0595        |
|    std_max                        | 0.0601        |
|    std_min                        | 0.0589        |
|    value_loss                     | 0.41          |
-----------------------------------------------------
[HumanoidEnv] Reset state env_id=0 z=0.318983 rpy=[-0.00052091, -0.00148975, 3.27304e-05]
[HumanoidEnv] Reset state env_id=0 z=0.301298 rpy=[-0.00017302, -0.00217689, 0.000349614]
[HumanoidEnv] unhealthy terminate at step=412 z=0.197057 rpy=[0.505172, 0.071227, 0.633849] v_body=[0.757389, 0.972091, -0.631277]
----------------------------------------------------
| rollout/                          |              |
|    action_saturation_fraction     | 0            |
|    ep_len_mean                    | 761          |
|    ep_rew_mean                    | 496          |
|    episodes_noforce               | 117          |
|    force_direction_mean           | -1           |
|    force_onset_mean               | 1.37         |
|    force_requested_impulse_mean   | 0            |
|    is_fall_mean                   | 0.538        |
|    is_timeout_mean                | 0.462        |
|    recovery_noforce               | 0.462        |
|    timeout_without_onset_fraction | 0            |
|    timeouts                       | 54           |
| time/                             |              |
|    fps                            | 2321         |
|    iterations                     | 5            |
|    time_elapsed                   | 282          |
|    total_timesteps                | 655360       |
| train/                            |              |
|    action_std_00                  | 0.0589       |
|    action_std_01                  | 0.0591       |
|    action_std_02                  | 0.0593       |
|    action_std_03                  | 0.0599       |
|    action_std_04                  | 0.0599       |
|    action_std_05                  | 0.0601       |
|    action_std_06                  | 0.0594       |
|    action_std_07                  | 0.0596       |
|    action_std_08                  | 0.0591       |
|    action_std_09                  | 0.0595       |
|    action_std_10                  | 0.0594       |
|    action_std_11                  | 0.0596       |
|    action_std_12                  | 0.059        |
|    action_std_13                  | 0.0595       |
|    action_std_14                  | 0.0594       |
|    action_std_15                  | 0.0593       |
|    action_std_16                  | 0.0596       |
|    action_std_17                  | 0.0592       |
|    action_std_18                  | 0.0599       |
|    action_std_19                  | 0.06         |
|    action_std_20                  | 0.0592       |
|    action_std_21                  | 0.0592       |
|    action_std_22                  | 0.0589       |
|    action_std_23                  | 0.0597       |
|    action_std_24                  | 0.0596       |
|    approx_kl                      | 9.847797e-05 |
|    clip_fraction                  | 0            |
|    clip_range                     | 0.1          |
|    clip_range_vf                  | 0.2          |
|    entropy_loss                   | 35.1         |
|    explained_variance             | 0.889        |
|    learning_rate                  | 1e-07        |
|    loss                           | 0.805        |
|    n_updates                      | 1580         |
|    policy_gradient_loss           | -0.000428    |
|    std                            | 0.0595       |
|    std_max                        | 0.0601       |
|    std_min                        | 0.0589       |
|    value_loss                     | 0.466        |
----------------------------------------------------
------------------------------------------------------
| rollout/                          |                |
|    action_saturation_fraction     | 0              |
|    ep_len_mean                    | 902            |
|    ep_rew_mean                    | 599            |
|    episodes_noforce               | 168            |
|    force_direction_mean           | -1             |
|    force_onset_mean               | 1.39           |
|    force_requested_impulse_mean   | 0              |
|    is_fall_mean                   | 0.286          |
|    is_timeout_mean                | 0.714          |
|    recovery_noforce               | 0.714          |
|    timeout_without_onset_fraction | 0              |
|    timeouts                       | 120            |
| time/                             |                |
|    fps                            | 2292           |
|    iterations                     | 6              |
|    time_elapsed                   | 342            |
|    total_timesteps                | 786432         |
| train/                            |                |
|    action_std_00                  | 0.0589         |
|    action_std_01                  | 0.0591         |
|    action_std_02                  | 0.0593         |
|    action_std_03                  | 0.0599         |
|    action_std_04                  | 0.0599         |
|    action_std_05                  | 0.0601         |
|    action_std_06                  | 0.0594         |
|    action_std_07                  | 0.0596         |
|    action_std_08                  | 0.0591         |
|    action_std_09                  | 0.0595         |
|    action_std_10                  | 0.0594         |
|    action_std_11                  | 0.0596         |
|    action_std_12                  | 0.059          |
|    action_std_13                  | 0.0595         |
|    action_std_14                  | 0.0594         |
|    action_std_15                  | 0.0593         |
|    action_std_16                  | 0.0596         |
|    action_std_17                  | 0.0592         |
|    action_std_18                  | 0.0599         |
|    action_std_19                  | 0.06           |
|    action_std_20                  | 0.0592         |
|    action_std_21                  | 0.0592         |
|    action_std_22                  | 0.0589         |
|    action_std_23                  | 0.0597         |
|    action_std_24                  | 0.0596         |
|    approx_kl                      | 0.000107431624 |
|    clip_fraction                  | 0              |
|    clip_range                     | 0.1            |
|    clip_range_vf                  | 0.2            |
|    entropy_loss                   | 35.1           |
|    explained_variance             | 0.894          |
|    learning_rate                  | 1e-07          |
|    loss                           | 0.735          |
|    n_updates                      | 1590           |
|    policy_gradient_loss           | -0.000451      |
|    std                            | 0.0595         |
|    std_max                        | 0.0601         |
|    std_min                        | 0.0589         |
|    value_loss                     | 0.434          |
------------------------------------------------------
----------------------------------------------------
| rollout/                          |              |
|    action_saturation_fraction     | 0            |
|    ep_len_mean                    | 883          |
|    ep_rew_mean                    | 581          |
|    episodes_noforce               | 129          |
|    force_direction_mean           | -1           |
|    force_onset_mean               | 1.38         |
|    force_requested_impulse_mean   | 0            |
|    is_fall_mean                   | 0.248        |
|    is_timeout_mean                | 0.752        |
|    recovery_noforce               | 0.752        |
|    timeout_without_onset_fraction | 0            |
|    timeouts                       | 97           |
| time/                             |              |
|    fps                            | 2275         |
|    iterations                     | 7            |
|    time_elapsed                   | 403          |
|    total_timesteps                | 917504       |
| train/                            |              |
|    action_std_00                  | 0.0589       |
|    action_std_01                  | 0.0591       |
|    action_std_02                  | 0.0593       |
|    action_std_03                  | 0.0599       |
|    action_std_04                  | 0.0599       |
|    action_std_05                  | 0.0601       |
|    action_std_06                  | 0.0594       |
|    action_std_07                  | 0.0596       |
|    action_std_08                  | 0.0591       |
|    action_std_09                  | 0.0595       |
|    action_std_10                  | 0.0594       |
|    action_std_11                  | 0.0596       |
|    action_std_12                  | 0.059        |
|    action_std_13                  | 0.0595       |
|    action_std_14                  | 0.0594       |
|    action_std_15                  | 0.0593       |
|    action_std_16                  | 0.0596       |
|    action_std_17                  | 0.0592       |
|    action_std_18                  | 0.0599       |
|    action_std_19                  | 0.06         |
|    action_std_20                  | 0.0592       |
|    action_std_21                  | 0.0592       |
|    action_std_22                  | 0.0589       |
|    action_std_23                  | 0.0597       |
|    action_std_24                  | 0.0596       |
|    approx_kl                      | 0.0001107722 |
|    clip_fraction                  | 0            |
|    clip_range                     | 0.1          |
|    clip_range_vf                  | 0.2          |
|    entropy_loss                   | 35.1         |
|    explained_variance             | 0.884        |
|    learning_rate                  | 1e-07        |
|    loss                           | 0.715        |
|    n_updates                      | 1600         |
|    policy_gradient_loss           | -0.000452    |
|    std                            | 0.0595       |
|    std_max                        | 0.0601       |
|    std_min                        | 0.0589       |
|    value_loss                     | 0.385        |
----------------------------------------------------
-----------------------------------------------------
| rollout/                          |               |
|    action_saturation_fraction     | 0             |
|    ep_len_mean                    | 911           |
|    ep_rew_mean                    | 603           |
|    episodes_noforce               | 163           |
|    force_direction_mean           | -1            |
|    force_onset_mean               | 1.39          |
|    force_requested_impulse_mean   | 0             |
|    is_fall_mean                   | 0.331         |
|    is_timeout_mean                | 0.669         |
|    recovery_noforce               | 0.669         |
|    timeout_without_onset_fraction | 0             |
|    timeouts                       | 109           |
| time/                             |               |
|    fps                            | 2260          |
|    iterations                     | 8             |
|    time_elapsed                   | 463           |
|    total_timesteps                | 1048576       |
| train/                            |               |
|    action_std_00                  | 0.0589        |
|    action_std_01                  | 0.0591        |
|    action_std_02                  | 0.0593        |
|    action_std_03                  | 0.0599        |
|    action_std_04                  | 0.0599        |
|    action_std_05                  | 0.0601        |
|    action_std_06                  | 0.0594        |
|    action_std_07                  | 0.0596        |
|    action_std_08                  | 0.0591        |
|    action_std_09                  | 0.0595        |
|    action_std_10                  | 0.0594        |
|    action_std_11                  | 0.0596        |
|    action_std_12                  | 0.059         |
|    action_std_13                  | 0.0595        |
|    action_std_14                  | 0.0594        |
|    action_std_15                  | 0.0593        |
|    action_std_16                  | 0.0596        |
|    action_std_17                  | 0.0592        |
|    action_std_18                  | 0.0599        |
|    action_std_19                  | 0.06          |
|    action_std_20                  | 0.0592        |
|    action_std_21                  | 0.0592        |
|    action_std_22                  | 0.0589        |
|    action_std_23                  | 0.0597        |
|    action_std_24                  | 0.0596        |
|    approx_kl                      | 8.5207976e-05 |
|    clip_fraction                  | 0             |
|    clip_range                     | 0.1           |
|    clip_range_vf                  | 0.2           |
|    entropy_loss                   | 35.1          |
|    explained_variance             | 0.862         |
|    learning_rate                  | 1e-07         |
|    loss                           | 0.668         |
|    n_updates                      | 1610          |
|    policy_gradient_loss           | -0.000388     |
|    std                            | 0.0595        |
|    std_max                        | 0.0601        |
|    std_min                        | 0.0589        |
|    value_loss                     | 0.332         |
-----------------------------------------------------
[HumanoidEnv] Reset state env_id=0 z=0.30146 rpy=[0.0011518, -0.00275571, 0.000142172]
[HumanoidEnv] Reset state env_id=0 z=0.274028 rpy=[0.00193172, -0.000629224, 0.000669001]
[HumanoidEnv] Reset state env_id=0 z=0.324088 rpy=[-0.00199941, -0.00357087, 7.15432e-05]
[HumanoidEnv] unhealthy terminate at step=452 z=0.199529 rpy=[-0.75799, 0.312764, -1.9966] v_body=[-0.218281, -0.654639, -0.734877]
------------------------------------------------------
| rollout/                          |                |
|    action_saturation_fraction     | 0              |
|    ep_len_mean                    | 855            |
|    ep_rew_mean                    | 560            |
|    episodes_noforce               | 138            |
|    force_direction_mean           | -1             |
|    force_onset_mean               | 1.39           |
|    force_requested_impulse_mean   | 0              |
|    is_fall_mean                   | 0.406          |
|    is_timeout_mean                | 0.594          |
|    recovery_noforce               | 0.594          |
|    timeout_without_onset_fraction | 0              |
|    timeouts                       | 82             |
| time/                             |                |
|    fps                            | 2246           |
|    iterations                     | 9              |
|    time_elapsed                   | 525            |
|    total_timesteps                | 1179648        |
| train/                            |                |
|    action_std_00                  | 0.0589         |
|    action_std_01                  | 0.0591         |
|    action_std_02                  | 0.0593         |
|    action_std_03                  | 0.0599         |
|    action_std_04                  | 0.0599         |
|    action_std_05                  | 0.0601         |
|    action_std_06                  | 0.0594         |
|    action_std_07                  | 0.0596         |
|    action_std_08                  | 0.0591         |
|    action_std_09                  | 0.0595         |
|    action_std_10                  | 0.0594         |
|    action_std_11                  | 0.0596         |
|    action_std_12                  | 0.059          |
|    action_std_13                  | 0.0595         |
|    action_std_14                  | 0.0594         |
|    action_std_15                  | 0.0593         |
|    action_std_16                  | 0.0596         |
|    action_std_17                  | 0.0592         |
|    action_std_18                  | 0.0599         |
|    action_std_19                  | 0.06           |
|    action_std_20                  | 0.0592         |
|    action_std_21                  | 0.0592         |
|    action_std_22                  | 0.0589         |
|    action_std_23                  | 0.0597         |
|    action_std_24                  | 0.0596         |
|    approx_kl                      | 0.000100884696 |
|    clip_fraction                  | 0              |
|    clip_range                     | 0.1            |
|    clip_range_vf                  | 0.2            |
|    entropy_loss                   | 35.1           |
|    explained_variance             | 0.887          |
|    learning_rate                  | 1e-07          |
|    loss                           | 0.701          |
|    n_updates                      | 1620           |
|    policy_gradient_loss           | -0.000427      |
|    std                            | 0.0595         |
|    std_max                        | 0.0601         |
|    std_min                        | 0.0589         |
|    value_loss                     | 0.387          |
------------------------------------------------------
-----------------------------------------------------
| rollout/                          |               |
|    action_saturation_fraction     | 0             |
|    ep_len_mean                    | 861           |
|    ep_rew_mean                    | 566           |
|    episodes_noforce               | 159           |
|    force_direction_mean           | -1            |
|    force_onset_mean               | 1.41          |
|    force_requested_impulse_mean   | 0             |
|    is_fall_mean                   | 0.365         |
|    is_timeout_mean                | 0.635         |
|    recovery_noforce               | 0.635         |
|    timeout_without_onset_fraction | 0             |
|    timeouts                       | 101           |
| time/                             |               |
|    fps                            | 2236          |
|    iterations                     | 10            |
|    time_elapsed                   | 585           |
|    total_timesteps                | 1310720       |
| train/                            |               |
|    action_std_00                  | 0.0589        |
|    action_std_01                  | 0.0591        |
|    action_std_02                  | 0.0593        |
|    action_std_03                  | 0.0599        |
|    action_std_04                  | 0.0599        |
|    action_std_05                  | 0.0601        |
|    action_std_06                  | 0.0594        |
|    action_std_07                  | 0.0596        |
|    action_std_08                  | 0.0591        |
|    action_std_09                  | 0.0595        |
|    action_std_10                  | 0.0594        |
|    action_std_11                  | 0.0596        |
|    action_std_12                  | 0.059         |
|    action_std_13                  | 0.0595        |
|    action_std_14                  | 0.0594        |
|    action_std_15                  | 0.0593        |
|    action_std_16                  | 0.0596        |
|    action_std_17                  | 0.0592        |
|    action_std_18                  | 0.0599        |
|    action_std_19                  | 0.06          |
|    action_std_20                  | 0.0592        |
|    action_std_21                  | 0.0592        |
|    action_std_22                  | 0.0589        |
|    action_std_23                  | 0.0597        |
|    action_std_24                  | 0.0596        |
|    approx_kl                      | 0.00010715579 |
|    clip_fraction                  | 0             |
|    clip_range                     | 0.1           |
|    clip_range_vf                  | 0.2           |
|    entropy_loss                   | 35.1          |
|    explained_variance             | 0.897         |
|    learning_rate                  | 1e-07         |
|    loss                           | 0.831         |
|    n_updates                      | 1630          |
|    policy_gradient_loss           | -0.000437     |
|    std                            | 0.0595        |
|    std_max                        | 0.0601        |
|    std_min                        | 0.0589        |
|    value_loss                     | 0.387         |
-----------------------------------------------------
----------------------------------------------------
| rollout/                          |              |
|    action_saturation_fraction     | 0            |
|    ep_len_mean                    | 856          |
|    ep_rew_mean                    | 557          |
|    episodes_noforce               | 145          |
|    force_direction_mean           | -1           |
|    force_onset_mean               | 1.4          |
|    force_requested_impulse_mean   | 0            |
|    is_fall_mean                   | 0.359        |
|    is_timeout_mean                | 0.641        |
|    recovery_noforce               | 0.641        |
|    timeout_without_onset_fraction | 0            |
|    timeouts                       | 93           |
| time/                             |              |
|    fps                            | 2228         |
|    iterations                     | 11           |
|    time_elapsed                   | 646          |
|    total_timesteps                | 1441792      |
| train/                            |              |
|    action_std_00                  | 0.0589       |
|    action_std_01                  | 0.0591       |
|    action_std_02                  | 0.0593       |
|    action_std_03                  | 0.0599       |
|    action_std_04                  | 0.0599       |
|    action_std_05                  | 0.0601       |
|    action_std_06                  | 0.0594       |
|    action_std_07                  | 0.0596       |
|    action_std_08                  | 0.0591       |
|    action_std_09                  | 0.0595       |
|    action_std_10                  | 0.0594       |
|    action_std_11                  | 0.0596       |
|    action_std_12                  | 0.059        |
|    action_std_13                  | 0.0595       |
|    action_std_14                  | 0.0594       |
|    action_std_15                  | 0.0593       |
|    action_std_16                  | 0.0596       |
|    action_std_17                  | 0.0592       |
|    action_std_18                  | 0.0599       |
|    action_std_19                  | 0.06         |
|    action_std_20                  | 0.0592       |
|    action_std_21                  | 0.0592       |
|    action_std_22                  | 0.0589       |
|    action_std_23                  | 0.0597       |
|    action_std_24                  | 0.0596       |
|    approx_kl                      | 9.436633e-05 |
|    clip_fraction                  | 0            |
|    clip_range                     | 0.1          |
|    clip_range_vf                  | 0.2          |
|    entropy_loss                   | 35.1         |
|    explained_variance             | 0.89         |
|    learning_rate                  | 1e-07        |
|    loss                           | 0.803        |
|    n_updates                      | 1640         |
|    policy_gradient_loss           | -0.000413    |
|    std                            | 0.0595       |
|    std_max                        | 0.0601       |
|    std_min                        | 0.0589       |
|    value_loss                     | 0.405        |
----------------------------------------------------
[HumanoidEnv] Reset state env_id=0 z=0.272903 rpy=[0.00128893, 0.000442114, 0.000411628]
[HumanoidEnv] Reset state env_id=0 z=0.313416 rpy=[-7.52834e-05, -0.0019776, 3.75116e-05]
[HumanoidEnv] unhealthy terminate at step=449 z=0.199324 rpy=[-0.83348, 0.305446, -1.48767] v_body=[0.193448, -0.199088, -0.627977]
-----------------------------------------------------
| rollout/                          |               |
|    action_saturation_fraction     | 0             |
|    ep_len_mean                    | 892           |
|    ep_rew_mean                    | 588           |
|    episodes_noforce               | 157           |
|    force_direction_mean           | -1            |
|    force_onset_mean               | 1.4           |
|    force_requested_impulse_mean   | 0             |
|    is_fall_mean                   | 0.293         |
|    is_timeout_mean                | 0.707         |
|    recovery_noforce               | 0.707         |
|    timeout_without_onset_fraction | 0             |
|    timeouts                       | 111           |
| time/                             |               |
|    fps                            | 2221          |
|    iterations                     | 12            |
|    time_elapsed                   | 708           |
|    total_timesteps                | 1572864       |
| train/                            |               |
|    action_std_00                  | 0.0589        |
|    action_std_01                  | 0.0591        |
|    action_std_02                  | 0.0593        |
|    action_std_03                  | 0.0599        |
|    action_std_04                  | 0.0599        |
|    action_std_05                  | 0.0601        |
|    action_std_06                  | 0.0594        |
|    action_std_07                  | 0.0596        |
|    action_std_08                  | 0.0591        |
|    action_std_09                  | 0.0595        |
|    action_std_10                  | 0.0594        |
|    action_std_11                  | 0.0596        |
|    action_std_12                  | 0.059         |
|    action_std_13                  | 0.0595        |
|    action_std_14                  | 0.0594        |
|    action_std_15                  | 0.0593        |
|    action_std_16                  | 0.0596        |
|    action_std_17                  | 0.0592        |
|    action_std_18                  | 0.0599        |
|    action_std_19                  | 0.06          |
|    action_std_20                  | 0.0592        |
|    action_std_21                  | 0.0592        |
|    action_std_22                  | 0.0589        |
|    action_std_23                  | 0.0597        |
|    action_std_24                  | 0.0596        |
|    approx_kl                      | 8.8988396e-05 |
|    clip_fraction                  | 0             |
|    clip_range                     | 0.1           |
|    clip_range_vf                  | 0.2           |
|    entropy_loss                   | 35.1          |
|    explained_variance             | 0.881         |
|    learning_rate                  | 1e-07         |
|    loss                           | 0.781         |
|    n_updates                      | 1650          |
|    policy_gradient_loss           | -0.0004       |
|    std                            | 0.0595        |
|    std_max                        | 0.0601        |
|    std_min                        | 0.0589        |
|    value_loss                     | 0.417         |
-----------------------------------------------------
------------------------------------------------------
| rollout/                          |                |
|    action_saturation_fraction     | 0              |
|    ep_len_mean                    | 877            |
|    ep_rew_mean                    | 575            |
|    episodes_noforce               | 144            |
|    force_direction_mean           | -1             |
|    force_onset_mean               | 1.41           |
|    force_requested_impulse_mean   | 0              |
|    is_fall_mean                   | 0.292          |
|    is_timeout_mean                | 0.708          |
|    recovery_noforce               | 0.708          |
|    timeout_without_onset_fraction | 0              |
|    timeouts                       | 102            |
| time/                             |                |
|    fps                            | 2216           |
|    iterations                     | 13             |
|    time_elapsed                   | 768            |
|    total_timesteps                | 1703936        |
| train/                            |                |
|    action_std_00                  | 0.0589         |
|    action_std_01                  | 0.0591         |
|    action_std_02                  | 0.0593         |
|    action_std_03                  | 0.0599         |
|    action_std_04                  | 0.0599         |
|    action_std_05                  | 0.0601         |
|    action_std_06                  | 0.0594         |
|    action_std_07                  | 0.0596         |
|    action_std_08                  | 0.0591         |
|    action_std_09                  | 0.0595         |
|    action_std_10                  | 0.0594         |
|    action_std_11                  | 0.0596         |
|    action_std_12                  | 0.059          |
|    action_std_13                  | 0.0595         |
|    action_std_14                  | 0.0594         |
|    action_std_15                  | 0.0593         |
|    action_std_16                  | 0.0596         |
|    action_std_17                  | 0.0592         |
|    action_std_18                  | 0.0599         |
|    action_std_19                  | 0.06           |
|    action_std_20                  | 0.0592         |
|    action_std_21                  | 0.0592         |
|    action_std_22                  | 0.0589         |
|    action_std_23                  | 0.0597         |
|    action_std_24                  | 0.0596         |
|    approx_kl                      | 0.000113968585 |
|    clip_fraction                  | 0              |
|    clip_range                     | 0.1            |
|    clip_range_vf                  | 0.2            |
|    entropy_loss                   | 35.1           |
|    explained_variance             | 0.88           |
|    learning_rate                  | 1e-07          |
|    loss                           | 0.735          |
|    n_updates                      | 1660           |
|    policy_gradient_loss           | -0.00046       |
|    std                            | 0.0595         |
|    std_max                        | 0.0601         |
|    std_min                        | 0.0589         |
|    value_loss                     | 0.358          |
------------------------------------------------------
---------------------------------------------------
| rollout/                          |             |
|    action_saturation_fraction     | 0           |
|    ep_len_mean                    | 867         |
|    ep_rew_mean                    | 572         |
|    episodes_noforce               | 161         |
|    force_direction_mean           | -1          |
|    force_onset_mean               | 1.4         |
|    force_requested_impulse_mean   | 0           |
|    is_fall_mean                   | 0.317       |
|    is_timeout_mean                | 0.683       |
|    recovery_noforce               | 0.683       |
|    timeout_without_onset_fraction | 0           |
|    timeouts                       | 110         |
| time/                             |             |
|    fps                            | 2210        |
|    iterations                     | 14          |
|    time_elapsed                   | 830         |
|    total_timesteps                | 1835008     |
| train/                            |             |
|    action_std_00                  | 0.0589      |
|    action_std_01                  | 0.0591      |
|    action_std_02                  | 0.0593      |
|    action_std_03                  | 0.0599      |
|    action_std_04                  | 0.0599      |
|    action_std_05                  | 0.0601      |
|    action_std_06                  | 0.0594      |
|    action_std_07                  | 0.0596      |
|    action_std_08                  | 0.0591      |
|    action_std_09                  | 0.0595      |
|    action_std_10                  | 0.0594      |
|    action_std_11                  | 0.0596      |
|    action_std_12                  | 0.059       |
|    action_std_13                  | 0.0595      |
|    action_std_14                  | 0.0594      |
|    action_std_15                  | 0.0593      |
|    action_std_16                  | 0.0596      |
|    action_std_17                  | 0.0592      |
|    action_std_18                  | 0.0599      |
|    action_std_19                  | 0.06        |
|    action_std_20                  | 0.0592      |
|    action_std_21                  | 0.0592      |
|    action_std_22                  | 0.0589      |
|    action_std_23                  | 0.0597      |
|    action_std_24                  | 0.0596      |
|    approx_kl                      | 8.65889e-05 |
|    clip_fraction                  | 0           |
|    clip_range                     | 0.1         |
|    clip_range_vf                  | 0.2         |
|    entropy_loss                   | 35.1        |
|    explained_variance             | 0.881       |
|    learning_rate                  | 1e-07       |
|    loss                           | 0.761       |
|    n_updates                      | 1670        |
|    policy_gradient_loss           | -0.000395   |
|    std                            | 0.0595      |
|    std_max                        | 0.0601      |
|    std_min                        | 0.0589      |
|    value_loss                     | 0.362       |
---------------------------------------------------
-----------------------------------------------------
| rollout/                          |               |
|    action_saturation_fraction     | 0             |
|    ep_len_mean                    | 850           |
|    ep_rew_mean                    | 559           |
|    episodes_noforce               | 140           |
|    force_direction_mean           | -1            |
|    force_onset_mean               | 1.4           |
|    force_requested_impulse_mean   | 0             |
|    is_fall_mean                   | 0.371         |
|    is_timeout_mean                | 0.629         |
|    recovery_noforce               | 0.629         |
|    timeout_without_onset_fraction | 0             |
|    timeouts                       | 88            |
| time/                             |               |
|    fps                            | 2206          |
|    iterations                     | 15            |
|    time_elapsed                   | 891           |
|    total_timesteps                | 1966080       |
| train/                            |               |
|    action_std_00                  | 0.0589        |
|    action_std_01                  | 0.0591        |
|    action_std_02                  | 0.0593        |
|    action_std_03                  | 0.0599        |
|    action_std_04                  | 0.0599        |
|    action_std_05                  | 0.0601        |
|    action_std_06                  | 0.0594        |
|    action_std_07                  | 0.0596        |
|    action_std_08                  | 0.0591        |
|    action_std_09                  | 0.0595        |
|    action_std_10                  | 0.0594        |
|    action_std_11                  | 0.0596        |
|    action_std_12                  | 0.059         |
|    action_std_13                  | 0.0595        |
|    action_std_14                  | 0.0594        |
|    action_std_15                  | 0.0593        |
|    action_std_16                  | 0.0596        |
|    action_std_17                  | 0.0592        |
|    action_std_18                  | 0.0599        |
|    action_std_19                  | 0.06          |
|    action_std_20                  | 0.0592        |
|    action_std_21                  | 0.0592        |
|    action_std_22                  | 0.0589        |
|    action_std_23                  | 0.0597        |
|    action_std_24                  | 0.0596        |
|    approx_kl                      | 0.00010168459 |
|    clip_fraction                  | 0             |
|    clip_range                     | 0.1           |
|    clip_range_vf                  | 0.2           |
|    entropy_loss                   | 35.1          |
|    explained_variance             | 0.889         |
|    learning_rate                  | 1e-07         |
|    loss                           | 0.773         |
|    n_updates                      | 1680          |
|    policy_gradient_loss           | -0.000429     |
|    std                            | 0.0595        |
|    std_max                        | 0.0601        |
|    std_min                        | 0.0589        |
|    value_loss                     | 0.422         |
-----------------------------------------------------
INFO:root:VecNormalize statistics saved at: ./data/delta2_stage4_lr1e7/quadruped_ppo_model_ckpt_2000128_vecnormalize.pkl
INFO:root:Model saved at: ./data/delta2_stage4_lr1e7/quadruped_ppo_model_ckpt_2000128.zip
INFO:root:Checkpoint written at 2000128 timesteps
----------------------------------------------------
| rollout/                          |              |
|    action_saturation_fraction     | 0            |
|    ep_len_mean                    | 870          |
|    ep_rew_mean                    | 569          |
|    episodes_noforce               | 168          |
|    force_direction_mean           | -1           |
|    force_onset_mean               | 1.42         |
|    force_requested_impulse_mean   | 0            |
|    is_fall_mean                   | 0.351        |
|    is_timeout_mean                | 0.649        |
|    recovery_noforce               | 0.649        |
|    timeout_without_onset_fraction | 0            |
|    timeouts                       | 109          |
| time/                             |              |
|    fps                            | 2202         |
|    iterations                     | 16           |
|    time_elapsed                   | 951          |
|    total_timesteps                | 2097152      |
| train/                            |              |
|    action_std_00                  | 0.0589       |
|    action_std_01                  | 0.0591       |
|    action_std_02                  | 0.0593       |
|    action_std_03                  | 0.0599       |
|    action_std_04                  | 0.0599       |
|    action_std_05                  | 0.0601       |
|    action_std_06                  | 0.0594       |
|    action_std_07                  | 0.0596       |
|    action_std_08                  | 0.0591       |
|    action_std_09                  | 0.0595       |
|    action_std_10                  | 0.0594       |
|    action_std_11                  | 0.0596       |
|    action_std_12                  | 0.059        |
|    action_std_13                  | 0.0595       |
|    action_std_14                  | 0.0594       |
|    action_std_15                  | 0.0593       |
|    action_std_16                  | 0.0596       |
|    action_std_17                  | 0.0592       |
|    action_std_18                  | 0.0599       |
|    action_std_19                  | 0.06         |
|    action_std_20                  | 0.0592       |
|    action_std_21                  | 0.0592       |
|    action_std_22                  | 0.0589       |
|    action_std_23                  | 0.0597       |
|    action_std_24                  | 0.0596       |
|    approx_kl                      | 0.0001095468 |
|    clip_fraction                  | 0            |
|    clip_range                     | 0.1          |
|    clip_range_vf                  | 0.2          |
|    entropy_loss                   | 35.1         |
|    explained_variance             | 0.879        |
|    learning_rate                  | 1e-07        |
|    loss                           | 0.715        |
|    n_updates                      | 1690         |
|    policy_gradient_loss           | -0.000431    |
|    std                            | 0.0595       |
|    std_max                        | 0.0601       |
|    std_min                        | 0.0589       |
|    value_loss                     | 0.397        |
----------------------------------------------------
------------------------------------------------------
| rollout/                          |                |
|    action_saturation_fraction     | 0              |
|    ep_len_mean                    | 832            |
|    ep_rew_mean                    | 543            |
|    episodes_noforce               | 144            |
|    force_direction_mean           | -1             |
|    force_onset_mean               | 1.37           |
|    force_requested_impulse_mean   | 0              |
|    is_fall_mean                   | 0.438          |
|    is_timeout_mean                | 0.562          |
|    recovery_noforce               | 0.562          |
|    timeout_without_onset_fraction | 0              |
|    timeouts                       | 81             |
| time/                             |                |
|    fps                            | 2199           |
|    iterations                     | 17             |
|    time_elapsed                   | 1012           |
|    total_timesteps                | 2228224        |
| train/                            |                |
|    action_std_00                  | 0.0589         |
|    action_std_01                  | 0.0591         |
|    action_std_02                  | 0.0593         |
|    action_std_03                  | 0.0599         |
|    action_std_04                  | 0.0599         |
|    action_std_05                  | 0.0601         |
|    action_std_06                  | 0.0594         |
|    action_std_07                  | 0.0596         |
|    action_std_08                  | 0.0591         |
|    action_std_09                  | 0.0595         |
|    action_std_10                  | 0.0594         |
|    action_std_11                  | 0.0596         |
|    action_std_12                  | 0.059          |
|    action_std_13                  | 0.0595         |
|    action_std_14                  | 0.0594         |
|    action_std_15                  | 0.0593         |
|    action_std_16                  | 0.0596         |
|    action_std_17                  | 0.0592         |
|    action_std_18                  | 0.0599         |
|    action_std_19                  | 0.06           |
|    action_std_20                  | 0.0592         |
|    action_std_21                  | 0.0592         |
|    action_std_22                  | 0.0589         |
|    action_std_23                  | 0.0597         |
|    action_std_24                  | 0.0596         |
|    approx_kl                      | 0.000109424334 |
|    clip_fraction                  | 0              |
|    clip_range                     | 0.1            |
|    clip_range_vf                  | 0.2            |
|    entropy_loss                   | 35.1           |
|    explained_variance             | 0.887          |
|    learning_rate                  | 1e-07          |
|    loss                           | 0.774          |
|    n_updates                      | 1700           |
|    policy_gradient_loss           | -0.00047       |
|    std                            | 0.0595         |
|    std_max                        | 0.0601         |
|    std_min                        | 0.0589         |
|    value_loss                     | 0.458          |
------------------------------------------------------
----------------------------------------------------
| rollout/                          |              |
|    action_saturation_fraction     | 0            |
|    ep_len_mean                    | 848          |
|    ep_rew_mean                    | 558          |
|    episodes_noforce               | 166          |
|    force_direction_mean           | -1           |
|    force_onset_mean               | 1.39         |
|    force_requested_impulse_mean   | 0            |
|    is_fall_mean                   | 0.361        |
|    is_timeout_mean                | 0.639        |
|    recovery_noforce               | 0.639        |
|    timeout_without_onset_fraction | 0            |
|    timeouts                       | 106          |
| time/                             |              |
|    fps                            | 2196         |
|    iterations                     | 18           |
|    time_elapsed                   | 1074         |
|    total_timesteps                | 2359296      |
| train/                            |              |
|    action_std_00                  | 0.0589       |
|    action_std_01                  | 0.0591       |
|    action_std_02                  | 0.0593       |
|    action_std_03                  | 0.0599       |
|    action_std_04                  | 0.0599       |
|    action_std_05                  | 0.0601       |
|    action_std_06                  | 0.0594       |
|    action_std_07                  | 0.0596       |
|    action_std_08                  | 0.0591       |
|    action_std_09                  | 0.0595       |
|    action_std_10                  | 0.0594       |
|    action_std_11                  | 0.0596       |
|    action_std_12                  | 0.059        |
|    action_std_13                  | 0.0595       |
|    action_std_14                  | 0.0594       |
|    action_std_15                  | 0.0593       |
|    action_std_16                  | 0.0596       |
|    action_std_17                  | 0.0592       |
|    action_std_18                  | 0.0599       |
|    action_std_19                  | 0.06         |
|    action_std_20                  | 0.0592       |
|    action_std_21                  | 0.0592       |
|    action_std_22                  | 0.0589       |
|    action_std_23                  | 0.0597       |
|    action_std_24                  | 0.0596       |
|    approx_kl                      | 8.413376e-05 |
|    clip_fraction                  | 0            |
|    clip_range                     | 0.1          |
|    clip_range_vf                  | 0.2          |
|    entropy_loss                   | 35.1         |
|    explained_variance             | 0.89         |
|    learning_rate                  | 1e-07        |
|    loss                           | 0.82         |
|    n_updates                      | 1710         |
|    policy_gradient_loss           | -0.000372    |
|    std                            | 0.0595       |
|    std_max                        | 0.0601       |
|    std_min                        | 0.0589       |
|    value_loss                     | 0.398        |
----------------------------------------------------
[HumanoidEnv] Reset state env_id=0 z=0.305711 rpy=[-0.00287979, -0.00303776, 8.95215e-05]
[HumanoidEnv] Reset state env_id=0 z=0.27282 rpy=[0.00071511, 0.000813603, 0.000994885]
[HumanoidEnv] Reset state env_id=0 z=0.270934 rpy=[-0.000833087, 0.000787931, 0.00101931]
[HumanoidEnv] Reset state env_id=0 z=0.309512 rpy=[0.00015268, -0.00335272, 2.4527e-05]
[HumanoidEnv] unhealthy terminate at step=577 z=0.191626 rpy=[2.46905, 0.19863, 1.03022] v_body=[-0.542122, 1.27464, 0.240584]
----------------------------------------------------
| rollout/                          |              |
|    action_saturation_fraction     | 0            |
|    ep_len_mean                    | 838          |
|    ep_rew_mean                    | 551          |
|    episodes_noforce               | 146          |
|    force_direction_mean           | -1           |
|    force_onset_mean               | 1.4          |
|    force_requested_impulse_mean   | 0            |
|    is_fall_mean                   | 0.418        |
|    is_timeout_mean                | 0.582        |
|    recovery_noforce               | 0.582        |
|    timeout_without_onset_fraction | 0            |
|    timeouts                       | 85           |
| time/                             |              |
|    fps                            | 2193         |
|    iterations                     | 19           |
|    time_elapsed                   | 1135         |
|    total_timesteps                | 2490368      |
| train/                            |              |
|    action_std_00                  | 0.0589       |
|    action_std_01                  | 0.0591       |
|    action_std_02                  | 0.0593       |
|    action_std_03                  | 0.0599       |
|    action_std_04                  | 0.0599       |
|    action_std_05                  | 0.0601       |
|    action_std_06                  | 0.0594       |
|    action_std_07                  | 0.0596       |
|    action_std_08                  | 0.0591       |
|    action_std_09                  | 0.0595       |
|    action_std_10                  | 0.0594       |
|    action_std_11                  | 0.0596       |
|    action_std_12                  | 0.059        |
|    action_std_13                  | 0.0595       |
|    action_std_14                  | 0.0594       |
|    action_std_15                  | 0.0593       |
|    action_std_16                  | 0.0596       |
|    action_std_17                  | 0.0592       |
|    action_std_18                  | 0.0599       |
|    action_std_19                  | 0.06         |
|    action_std_20                  | 0.0592       |
|    action_std_21                  | 0.0592       |
|    action_std_22                  | 0.0589       |
|    action_std_23                  | 0.0597       |
|    action_std_24                  | 0.0596       |
|    approx_kl                      | 9.230135e-05 |
|    clip_fraction                  | 0            |
|    clip_range                     | 0.1          |
|    clip_range_vf                  | 0.2          |
|    entropy_loss                   | 35.1         |
|    explained_variance             | 0.888        |
|    learning_rate                  | 1e-07        |
|    loss                           | 0.855        |
|    n_updates                      | 1720         |
|    policy_gradient_loss           | -0.000402    |
|    std                            | 0.0595       |
|    std_max                        | 0.0601       |
|    std_min                        | 0.0589       |
|    value_loss                     | 0.453        |
----------------------------------------------------
-----------------------------------------------------
| rollout/                          |               |
|    action_saturation_fraction     | 0             |
|    ep_len_mean                    | 891           |
|    ep_rew_mean                    | 585           |
|    episodes_noforce               | 152           |
|    force_direction_mean           | -1            |
|    force_onset_mean               | 1.39          |
|    force_requested_impulse_mean   | 0             |
|    is_fall_mean                   | 0.349         |
|    is_timeout_mean                | 0.651         |
|    recovery_noforce               | 0.651         |
|    timeout_without_onset_fraction | 0             |
|    timeouts                       | 99            |
| time/                             |               |
|    fps                            | 2190          |
|    iterations                     | 20            |
|    time_elapsed                   | 1196          |
|    total_timesteps                | 2621440       |
| train/                            |               |
|    action_std_00                  | 0.0589        |
|    action_std_01                  | 0.0591        |
|    action_std_02                  | 0.0593        |
|    action_std_03                  | 0.0599        |
|    action_std_04                  | 0.0599        |
|    action_std_05                  | 0.0601        |
|    action_std_06                  | 0.0594        |
|    action_std_07                  | 0.0596        |
|    action_std_08                  | 0.0591        |
|    action_std_09                  | 0.0595        |
|    action_std_10                  | 0.0594        |
|    action_std_11                  | 0.0596        |
|    action_std_12                  | 0.059         |
|    action_std_13                  | 0.0595        |
|    action_std_14                  | 0.0594        |
|    action_std_15                  | 0.0593        |
|    action_std_16                  | 0.0596        |
|    action_std_17                  | 0.0592        |
|    action_std_18                  | 0.0599        |
|    action_std_19                  | 0.06          |
|    action_std_20                  | 0.0592        |
|    action_std_21                  | 0.0592        |
|    action_std_22                  | 0.0589        |
|    action_std_23                  | 0.0597        |
|    action_std_24                  | 0.0596        |
|    approx_kl                      | 0.00011084035 |
|    clip_fraction                  | 0             |
|    clip_range                     | 0.1           |
|    clip_range_vf                  | 0.2           |
|    entropy_loss                   | 35.1          |
|    explained_variance             | 0.898         |
|    learning_rate                  | 1e-07         |
|    loss                           | 0.748         |
|    n_updates                      | 1730          |
|    policy_gradient_loss           | -0.000469     |
|    std                            | 0.0595        |
|    std_max                        | 0.0601        |
|    std_min                        | 0.0589        |
|    value_loss                     | 0.414         |
-----------------------------------------------------
---------------------------------------------------
| rollout/                          |             |
|    action_saturation_fraction     | 0           |
|    ep_len_mean                    | 876         |
|    ep_rew_mean                    | 575         |
|    episodes_noforce               | 151         |
|    force_direction_mean           | -1          |
|    force_onset_mean               | 1.39        |
|    force_requested_impulse_mean   | 0           |
|    is_fall_mean                   | 0.311       |
|    is_timeout_mean                | 0.689       |
|    recovery_noforce               | 0.689       |
|    timeout_without_onset_fraction | 0           |
|    timeouts                       | 104         |
| time/                             |             |
|    fps                            | 2187        |
|    iterations                     | 21          |
|    time_elapsed                   | 1258        |
|    total_timesteps                | 2752512     |
| train/                            |             |
|    action_std_00                  | 0.0589      |
|    action_std_01                  | 0.0591      |
|    action_std_02                  | 0.0593      |
|    action_std_03                  | 0.0599      |
|    action_std_04                  | 0.0599      |
|    action_std_05                  | 0.0601      |
|    action_std_06                  | 0.0594      |
|    action_std_07                  | 0.0596      |
|    action_std_08                  | 0.0591      |
|    action_std_09                  | 0.0595      |
|    action_std_10                  | 0.0594      |
|    action_std_11                  | 0.0596      |
|    action_std_12                  | 0.059       |
|    action_std_13                  | 0.0595      |
|    action_std_14                  | 0.0594      |
|    action_std_15                  | 0.0593      |
|    action_std_16                  | 0.0596      |
|    action_std_17                  | 0.0592      |
|    action_std_18                  | 0.0599      |
|    action_std_19                  | 0.06        |
|    action_std_20                  | 0.0592      |
|    action_std_21                  | 0.0592      |
|    action_std_22                  | 0.0589      |
|    action_std_23                  | 0.0597      |
|    action_std_24                  | 0.0596      |
|    approx_kl                      | 0.000101301 |
|    clip_fraction                  | 0           |
|    clip_range                     | 0.1         |
|    clip_range_vf                  | 0.2         |
|    entropy_loss                   | 35.1        |
|    explained_variance             | 0.878       |
|    learning_rate                  | 1e-07       |
|    loss                           | 0.704       |
|    n_updates                      | 1740        |
|    policy_gradient_loss           | -0.000416   |
|    std                            | 0.0595      |
|    std_max                        | 0.0601      |
|    std_min                        | 0.0589      |
|    value_loss                     | 0.414       |
---------------------------------------------------
----------------------------------------------------
| rollout/                          |              |
|    action_saturation_fraction     | 0            |
|    ep_len_mean                    | 832          |
|    ep_rew_mean                    | 544          |
|    episodes_noforce               | 158          |
|    force_direction_mean           | -1           |
|    force_onset_mean               | 1.4          |
|    force_requested_impulse_mean   | 0            |
|    is_fall_mean                   | 0.367        |
|    is_timeout_mean                | 0.633        |
|    recovery_noforce               | 0.633        |
|    timeout_without_onset_fraction | 0            |
|    timeouts                       | 100          |
| time/                             |              |
|    fps                            | 2185         |
|    iterations                     | 22           |
|    time_elapsed                   | 1319         |
|    total_timesteps                | 2883584      |
| train/                            |              |
|    action_std_00                  | 0.0589       |
|    action_std_01                  | 0.0591       |
|    action_std_02                  | 0.0593       |
|    action_std_03                  | 0.0599       |
|    action_std_04                  | 0.0599       |
|    action_std_05                  | 0.0601       |
|    action_std_06                  | 0.0594       |
|    action_std_07                  | 0.0596       |
|    action_std_08                  | 0.0591       |
|    action_std_09                  | 0.0595       |
|    action_std_10                  | 0.0594       |
|    action_std_11                  | 0.0596       |
|    action_std_12                  | 0.059        |
|    action_std_13                  | 0.0595       |
|    action_std_14                  | 0.0594       |
|    action_std_15                  | 0.0593       |
|    action_std_16                  | 0.0596       |
|    action_std_17                  | 0.0592       |
|    action_std_18                  | 0.0599       |
|    action_std_19                  | 0.06         |
|    action_std_20                  | 0.0592       |
|    action_std_21                  | 0.0592       |
|    action_std_22                  | 0.0589       |
|    action_std_23                  | 0.0597       |
|    action_std_24                  | 0.0596       |
|    approx_kl                      | 9.792556e-05 |
|    clip_fraction                  | 0            |
|    clip_range                     | 0.1          |
|    clip_range_vf                  | 0.2          |
|    entropy_loss                   | 35.1         |
|    explained_variance             | 0.883        |
|    learning_rate                  | 1e-07        |
|    loss                           | 0.76         |
|    n_updates                      | 1750         |
|    policy_gradient_loss           | -0.000437    |
|    std                            | 0.0595       |
|    std_max                        | 0.0601       |
|    std_min                        | 0.0589       |
|    value_loss                     | 0.385        |
----------------------------------------------------
------------------------------------------------------
| rollout/                          |                |
|    action_saturation_fraction     | 0              |
|    ep_len_mean                    | 859            |
|    ep_rew_mean                    | 561            |
|    episodes_noforce               | 151            |
|    force_direction_mean           | -1             |
|    force_onset_mean               | 1.41           |
|    force_requested_impulse_mean   | 0              |
|    is_fall_mean                   | 0.384          |
|    is_timeout_mean                | 0.616          |
|    recovery_noforce               | 0.616          |
|    timeout_without_onset_fraction | 0              |
|    timeouts                       | 93             |
| time/                             |                |
|    fps                            | 2183           |
|    iterations                     | 23             |
|    time_elapsed                   | 1380           |
|    total_timesteps                | 3014656        |
| train/                            |                |
|    action_std_00                  | 0.0589         |
|    action_std_01                  | 0.0591         |
|    action_std_02                  | 0.0593         |
|    action_std_03                  | 0.0599         |
|    action_std_04                  | 0.0599         |
|    action_std_05                  | 0.0601         |
|    action_std_06                  | 0.0594         |
|    action_std_07                  | 0.0596         |
|    action_std_08                  | 0.0591         |
|    action_std_09                  | 0.0595         |
|    action_std_10                  | 0.0594         |
|    action_std_11                  | 0.0596         |
|    action_std_12                  | 0.059          |
|    action_std_13                  | 0.0595         |
|    action_std_14                  | 0.0594         |
|    action_std_15                  | 0.0593         |
|    action_std_16                  | 0.0596         |
|    action_std_17                  | 0.0592         |
|    action_std_18                  | 0.0599         |
|    action_std_19                  | 0.06           |
|    action_std_20                  | 0.0592         |
|    action_std_21                  | 0.0592         |
|    action_std_22                  | 0.0589         |
|    action_std_23                  | 0.0597         |
|    action_std_24                  | 0.0596         |
|    approx_kl                      | 0.000105167106 |
|    clip_fraction                  | 0              |
|    clip_range                     | 0.1            |
|    clip_range_vf                  | 0.2            |
|    entropy_loss                   | 35.1           |
|    explained_variance             | 0.893          |
|    learning_rate                  | 1e-07          |
|    loss                           | 0.721          |
|    n_updates                      | 1760           |
|    policy_gradient_loss           | -0.000456      |
|    std                            | 0.0595         |
|    std_max                        | 0.0601         |
|    std_min                        | 0.0589         |
|    value_loss                     | 0.427          |
------------------------------------------------------
----------------------------------------------------
| rollout/                          |              |
|    action_saturation_fraction     | 0            |
|    ep_len_mean                    | 887          |
|    ep_rew_mean                    | 583          |
|    episodes_noforce               | 160          |
|    force_direction_mean           | -1           |
|    force_onset_mean               | 1.41         |
|    force_requested_impulse_mean   | 0            |
|    is_fall_mean                   | 0.319        |
|    is_timeout_mean                | 0.681        |
|    recovery_noforce               | 0.681        |
|    timeout_without_onset_fraction | 0            |
|    timeouts                       | 109          |
| time/                             |              |
|    fps                            | 2181         |
|    iterations                     | 24           |
|    time_elapsed                   | 1441         |
|    total_timesteps                | 3145728      |
| train/                            |              |
|    action_std_00                  | 0.0589       |
|    action_std_01                  | 0.0591       |
|    action_std_02                  | 0.0593       |
|    action_std_03                  | 0.0599       |
|    action_std_04                  | 0.0599       |
|    action_std_05                  | 0.0601       |
|    action_std_06                  | 0.0594       |
|    action_std_07                  | 0.0596       |
|    action_std_08                  | 0.0591       |
|    action_std_09                  | 0.0595       |
|    action_std_10                  | 0.0594       |
|    action_std_11                  | 0.0596       |
|    action_std_12                  | 0.059        |
|    action_std_13                  | 0.0595       |
|    action_std_14                  | 0.0594       |
|    action_std_15                  | 0.0593       |
|    action_std_16                  | 0.0596       |
|    action_std_17                  | 0.0592       |
|    action_std_18                  | 0.0599       |
|    action_std_19                  | 0.06         |
|    action_std_20                  | 0.0592       |
|    action_std_21                  | 0.0592       |
|    action_std_22                  | 0.0589       |
|    action_std_23                  | 0.0597       |
|    action_std_24                  | 0.0596       |
|    approx_kl                      | 0.0001019999 |
|    clip_fraction                  | 0            |
|    clip_range                     | 0.1          |
|    clip_range_vf                  | 0.2          |
|    entropy_loss                   | 35.1         |
|    explained_variance             | 0.893        |
|    learning_rate                  | 1e-07        |
|    loss                           | 0.855        |
|    n_updates                      | 1770         |
|    policy_gradient_loss           | -0.000443    |
|    std                            | 0.0595       |
|    std_max                        | 0.0601       |
|    std_min                        | 0.0589       |
|    value_loss                     | 0.436        |
----------------------------------------------------
------------------------------------------------------
| rollout/                          |                |
|    action_saturation_fraction     | 0              |
|    ep_len_mean                    | 837            |
|    ep_rew_mean                    | 547            |
|    episodes_noforce               | 158            |
|    force_direction_mean           | -1             |
|    force_onset_mean               | 1.41           |
|    force_requested_impulse_mean   | 0              |
|    is_fall_mean                   | 0.43           |
|    is_timeout_mean                | 0.57           |
|    recovery_noforce               | 0.57           |
|    timeout_without_onset_fraction | 0              |
|    timeouts                       | 90             |
| time/                             |                |
|    fps                            | 2180           |
|    iterations                     | 25             |
|    time_elapsed                   | 1503           |
|    total_timesteps                | 3276800        |
| train/                            |                |
|    action_std_00                  | 0.0589         |
|    action_std_01                  | 0.0591         |
|    action_std_02                  | 0.0593         |
|    action_std_03                  | 0.0599         |
|    action_std_04                  | 0.0599         |
|    action_std_05                  | 0.0601         |
|    action_std_06                  | 0.0594         |
|    action_std_07                  | 0.0596         |
|    action_std_08                  | 0.0591         |
|    action_std_09                  | 0.0595         |
|    action_std_10                  | 0.0594         |
|    action_std_11                  | 0.0596         |
|    action_std_12                  | 0.059          |
|    action_std_13                  | 0.0595         |
|    action_std_14                  | 0.0594         |
|    action_std_15                  | 0.0593         |
|    action_std_16                  | 0.0596         |
|    action_std_17                  | 0.0592         |
|    action_std_18                  | 0.0599         |
|    action_std_19                  | 0.06           |
|    action_std_20                  | 0.0592         |
|    action_std_21                  | 0.0592         |
|    action_std_22                  | 0.0589         |
|    action_std_23                  | 0.0597         |
|    action_std_24                  | 0.0596         |
|    approx_kl                      | 0.000114890194 |
|    clip_fraction                  | 7.63e-07       |
|    clip_range                     | 0.1            |
|    clip_range_vf                  | 0.2            |
|    entropy_loss                   | 35.1           |
|    explained_variance             | 0.878          |
|    learning_rate                  | 1e-07          |
|    loss                           | 0.718          |
|    n_updates                      | 1780           |
|    policy_gradient_loss           | -0.000442      |
|    std                            | 0.0595         |
|    std_max                        | 0.0601         |
|    std_min                        | 0.0589         |
|    value_loss                     | 0.396          |
------------------------------------------------------
-----------------------------------------------------
| rollout/                          |               |
|    action_saturation_fraction     | 0             |
|    ep_len_mean                    | 836           |
|    ep_rew_mean                    | 548           |
|    episodes_noforce               | 145           |
|    force_direction_mean           | -1            |
|    force_onset_mean               | 1.37          |
|    force_requested_impulse_mean   | 0             |
|    is_fall_mean                   | 0.359         |
|    is_timeout_mean                | 0.641         |
|    recovery_noforce               | 0.641         |
|    timeout_without_onset_fraction | 0             |
|    timeouts                       | 93            |
| time/                             |               |
|    fps                            | 2178          |
|    iterations                     | 26            |
|    time_elapsed                   | 1564          |
|    total_timesteps                | 3407872       |
| train/                            |               |
|    action_std_00                  | 0.0589        |
|    action_std_01                  | 0.0591        |
|    action_std_02                  | 0.0593        |
|    action_std_03                  | 0.0599        |
|    action_std_04                  | 0.0599        |
|    action_std_05                  | 0.0601        |
|    action_std_06                  | 0.0594        |
|    action_std_07                  | 0.0596        |
|    action_std_08                  | 0.0591        |
|    action_std_09                  | 0.0595        |
|    action_std_10                  | 0.0594        |
|    action_std_11                  | 0.0596        |
|    action_std_12                  | 0.059         |
|    action_std_13                  | 0.0595        |
|    action_std_14                  | 0.0594        |
|    action_std_15                  | 0.0593        |
|    action_std_16                  | 0.0596        |
|    action_std_17                  | 0.0592        |
|    action_std_18                  | 0.0599        |
|    action_std_19                  | 0.06          |
|    action_std_20                  | 0.0592        |
|    action_std_21                  | 0.0592        |
|    action_std_22                  | 0.0589        |
|    action_std_23                  | 0.0597        |
|    action_std_24                  | 0.0596        |
|    approx_kl                      | 8.6028835e-05 |
|    clip_fraction                  | 0             |
|    clip_range                     | 0.1           |
|    clip_range_vf                  | 0.2           |
|    entropy_loss                   | 35.1          |
|    explained_variance             | 0.892         |
|    learning_rate                  | 1e-07         |
|    loss                           | 0.807         |
|    n_updates                      | 1790          |
|    policy_gradient_loss           | -0.000389     |
|    std                            | 0.0595        |
|    std_max                        | 0.0601        |
|    std_min                        | 0.0589        |
|    value_loss                     | 0.475         |
-----------------------------------------------------
-----------------------------------------------------
| rollout/                          |               |
|    action_saturation_fraction     | 0             |
|    ep_len_mean                    | 878           |
|    ep_rew_mean                    | 576           |
|    episodes_noforce               | 165           |
|    force_direction_mean           | -1            |
|    force_onset_mean               | 1.4           |
|    force_requested_impulse_mean   | 0             |
|    is_fall_mean                   | 0.364         |
|    is_timeout_mean                | 0.636         |
|    recovery_noforce               | 0.636         |
|    timeout_without_onset_fraction | 0             |
|    timeouts                       | 105           |
| time/                             |               |
|    fps                            | 2176          |
|    iterations                     | 27            |
|    time_elapsed                   | 1625          |
|    total_timesteps                | 3538944       |
| train/                            |               |
|    action_std_00                  | 0.0589        |
|    action_std_01                  | 0.0591        |
|    action_std_02                  | 0.0593        |
|    action_std_03                  | 0.0599        |
|    action_std_04                  | 0.0599        |
|    action_std_05                  | 0.0601        |
|    action_std_06                  | 0.0594        |
|    action_std_07                  | 0.0596        |
|    action_std_08                  | 0.0591        |
|    action_std_09                  | 0.0595        |
|    action_std_10                  | 0.0594        |
|    action_std_11                  | 0.0596        |
|    action_std_12                  | 0.059         |
|    action_std_13                  | 0.0595        |
|    action_std_14                  | 0.0594        |
|    action_std_15                  | 0.0593        |
|    action_std_16                  | 0.0596        |
|    action_std_17                  | 0.0592        |
|    action_std_18                  | 0.0599        |
|    action_std_19                  | 0.06          |
|    action_std_20                  | 0.0592        |
|    action_std_21                  | 0.0592        |
|    action_std_22                  | 0.0589        |
|    action_std_23                  | 0.0597        |
|    action_std_24                  | 0.0596        |
|    approx_kl                      | 9.6869015e-05 |
|    clip_fraction                  | 0             |
|    clip_range                     | 0.1           |
|    clip_range_vf                  | 0.2           |
|    entropy_loss                   | 35.1          |
|    explained_variance             | 0.887         |
|    learning_rate                  | 1e-07         |
|    loss                           | 0.711         |
|    n_updates                      | 1800          |
|    policy_gradient_loss           | -0.000411     |
|    std                            | 0.0595        |
|    std_max                        | 0.0601        |
|    std_min                        | 0.0589        |
|    value_loss                     | 0.387         |
-----------------------------------------------------
[HumanoidEnv] Reset state env_id=0 z=0.290695 rpy=[-0.000735465, -0.000223784, 0.000727738]
[HumanoidEnv] Reset state env_id=0 z=0.317448 rpy=[-0.002577, -0.00334797, -2.63251e-05]
[HumanoidEnv] Reset state env_id=0 z=0.272657 rpy=[0.0023442, 0.000278255, 0.000535524]
[HumanoidEnv] Reset state env_id=0 z=0.299955 rpy=[0.00155802, -0.00215132, 1.20806e-05]
[HumanoidEnv] Reset state env_id=0 z=0.322333 rpy=[0.0020444, -0.00301016, 2.87668e-05]
[HumanoidEnv] unhealthy terminate at step=560 z=0.19667 rpy=[2.553, 0.330842, 1.35293] v_body=[-0.828397, 0.682215, -0.163919]
-----------------------------------------------------
| rollout/                          |               |
|    action_saturation_fraction     | 0             |
|    ep_len_mean                    | 822           |
|    ep_rew_mean                    | 544           |
|    episodes_noforce               | 151           |
|    force_direction_mean           | -1            |
|    force_onset_mean               | 1.4           |
|    force_requested_impulse_mean   | 0             |
|    is_fall_mean                   | 0.404         |
|    is_timeout_mean                | 0.596         |
|    recovery_noforce               | 0.596         |
|    timeout_without_onset_fraction | 0             |
|    timeouts                       | 90            |
| time/                             |               |
|    fps                            | 2175          |
|    iterations                     | 28            |
|    time_elapsed                   | 1687          |
|    total_timesteps                | 3670016       |
| train/                            |               |
|    action_std_00                  | 0.0589        |
|    action_std_01                  | 0.0591        |
|    action_std_02                  | 0.0593        |
|    action_std_03                  | 0.0599        |
|    action_std_04                  | 0.0599        |
|    action_std_05                  | 0.0601        |
|    action_std_06                  | 0.0594        |
|    action_std_07                  | 0.0596        |
|    action_std_08                  | 0.0591        |
|    action_std_09                  | 0.0595        |
|    action_std_10                  | 0.0594        |
|    action_std_11                  | 0.0596        |
|    action_std_12                  | 0.059         |
|    action_std_13                  | 0.0595        |
|    action_std_14                  | 0.0594        |
|    action_std_15                  | 0.0593        |
|    action_std_16                  | 0.0596        |
|    action_std_17                  | 0.0592        |
|    action_std_18                  | 0.0599        |
|    action_std_19                  | 0.06          |
|    action_std_20                  | 0.0592        |
|    action_std_21                  | 0.0592        |
|    action_std_22                  | 0.0589        |
|    action_std_23                  | 0.0597        |
|    action_std_24                  | 0.0596        |
|    approx_kl                      | 0.00011540366 |
|    clip_fraction                  | 0             |
|    clip_range                     | 0.1           |
|    clip_range_vf                  | 0.2           |
|    entropy_loss                   | 35.1          |
|    explained_variance             | 0.896         |
|    learning_rate                  | 1e-07         |
|    loss                           | 0.848         |
|    n_updates                      | 1810          |
|    policy_gradient_loss           | -0.000462     |
|    std                            | 0.0595        |
|    std_max                        | 0.0601        |
|    std_min                        | 0.0589        |
|    value_loss                     | 0.415         |
-----------------------------------------------------
-----------------------------------------------------
| rollout/                          |               |
|    action_saturation_fraction     | 0             |
|    ep_len_mean                    | 884           |
|    ep_rew_mean                    | 585           |
|    episodes_noforce               | 142           |
|    force_direction_mean           | -1            |
|    force_onset_mean               | 1.4           |
|    force_requested_impulse_mean   | 0             |
|    is_fall_mean                   | 0.268         |
|    is_timeout_mean                | 0.732         |
|    recovery_noforce               | 0.732         |
|    timeout_without_onset_fraction | 0             |
|    timeouts                       | 104           |
| time/                             |               |
|    fps                            | 2173          |
|    iterations                     | 29            |
|    time_elapsed                   | 1748          |
|    total_timesteps                | 3801088       |
| train/                            |               |
|    action_std_00                  | 0.0589        |
|    action_std_01                  | 0.0591        |
|    action_std_02                  | 0.0593        |
|    action_std_03                  | 0.0599        |
|    action_std_04                  | 0.0599        |
|    action_std_05                  | 0.0601        |
|    action_std_06                  | 0.0594        |
|    action_std_07                  | 0.0596        |
|    action_std_08                  | 0.0591        |
|    action_std_09                  | 0.0595        |
|    action_std_10                  | 0.0594        |
|    action_std_11                  | 0.0596        |
|    action_std_12                  | 0.059         |
|    action_std_13                  | 0.0595        |
|    action_std_14                  | 0.0594        |
|    action_std_15                  | 0.0593        |
|    action_std_16                  | 0.0596        |
|    action_std_17                  | 0.0592        |
|    action_std_18                  | 0.0599        |
|    action_std_19                  | 0.06          |
|    action_std_20                  | 0.0592        |
|    action_std_21                  | 0.0592        |
|    action_std_22                  | 0.0589        |
|    action_std_23                  | 0.0597        |
|    action_std_24                  | 0.0596        |
|    approx_kl                      | 9.4457704e-05 |
|    clip_fraction                  | 0             |
|    clip_range                     | 0.1           |
|    clip_range_vf                  | 0.2           |
|    entropy_loss                   | 35.1          |
|    explained_variance             | 0.893         |
|    learning_rate                  | 1e-07         |
|    loss                           | 0.796         |
|    n_updates                      | 1820          |
|    policy_gradient_loss           | -0.000413     |
|    std                            | 0.0595        |
|    std_max                        | 0.0601        |
|    std_min                        | 0.0589        |
|    value_loss                     | 0.408         |
-----------------------------------------------------
----------------------------------------------------
| rollout/                          |              |
|    action_saturation_fraction     | 0            |
|    ep_len_mean                    | 857          |
|    ep_rew_mean                    | 567          |
|    episodes_noforce               | 156          |
|    force_direction_mean           | -1           |
|    force_onset_mean               | 1.4          |
|    force_requested_impulse_mean   | 0            |
|    is_fall_mean                   | 0.327        |
|    is_timeout_mean                | 0.673        |
|    recovery_noforce               | 0.673        |
|    timeout_without_onset_fraction | 0            |
|    timeouts                       | 105          |
| time/                             |              |
|    fps                            | 2172         |
|    iterations                     | 30           |
|    time_elapsed                   | 1809         |
|    total_timesteps                | 3932160      |
| train/                            |              |
|    action_std_00                  | 0.0589       |
|    action_std_01                  | 0.0591       |
|    action_std_02                  | 0.0593       |
|    action_std_03                  | 0.0599       |
|    action_std_04                  | 0.0599       |
|    action_std_05                  | 0.0601       |
|    action_std_06                  | 0.0594       |
|    action_std_07                  | 0.0596       |
|    action_std_08                  | 0.0591       |
|    action_std_09                  | 0.0595       |
|    action_std_10                  | 0.0594       |
|    action_std_11                  | 0.0596       |
|    action_std_12                  | 0.059        |
|    action_std_13                  | 0.0595       |
|    action_std_14                  | 0.0594       |
|    action_std_15                  | 0.0593       |
|    action_std_16                  | 0.0596       |
|    action_std_17                  | 0.0592       |
|    action_std_18                  | 0.0599       |
|    action_std_19                  | 0.06         |
|    action_std_20                  | 0.0592       |
|    action_std_21                  | 0.0592       |
|    action_std_22                  | 0.0589       |
|    action_std_23                  | 0.0597       |
|    action_std_24                  | 0.0596       |
|    approx_kl                      | 8.919618e-05 |
|    clip_fraction                  | 0            |
|    clip_range                     | 0.1          |
|    clip_range_vf                  | 0.2          |
|    entropy_loss                   | 35.1         |
|    explained_variance             | 0.854        |
|    learning_rate                  | 1e-07        |
|    loss                           | 0.743        |
|    n_updates                      | 1830         |
|    policy_gradient_loss           | -0.000386    |
|    std                            | 0.0595       |
|    std_max                        | 0.0601       |
|    std_min                        | 0.0589       |
|    value_loss                     | 0.359        |
----------------------------------------------------
INFO:root:VecNormalize statistics saved at: ./data/delta2_stage4_lr1e7/quadruped_ppo_model_ckpt_4000256_vecnormalize.pkl
INFO:root:Model saved at: ./data/delta2_stage4_lr1e7/quadruped_ppo_model_ckpt_4000256.zip
INFO:root:Checkpoint written at 4000256 timesteps
-----------------------------------------------------
| rollout/                          |               |
|    action_saturation_fraction     | 0             |
|    ep_len_mean                    | 862           |
|    ep_rew_mean                    | 570           |
|    episodes_noforce               | 155           |
|    force_direction_mean           | -1            |
|    force_onset_mean               | 1.41          |
|    force_requested_impulse_mean   | 0             |
|    is_fall_mean                   | 0.374         |
|    is_timeout_mean                | 0.626         |
|    recovery_noforce               | 0.626         |
|    timeout_without_onset_fraction | 0             |
|    timeouts                       | 97            |
| time/                             |               |
|    fps                            | 2171          |
|    iterations                     | 31            |
|    time_elapsed                   | 1871          |
|    total_timesteps                | 4063232       |
| train/                            |               |
|    action_std_00                  | 0.0589        |
|    action_std_01                  | 0.0591        |
|    action_std_02                  | 0.0593        |
|    action_std_03                  | 0.0599        |
|    action_std_04                  | 0.0599        |
|    action_std_05                  | 0.0601        |
|    action_std_06                  | 0.0594        |
|    action_std_07                  | 0.0596        |
|    action_std_08                  | 0.0591        |
|    action_std_09                  | 0.0595        |
|    action_std_10                  | 0.0594        |
|    action_std_11                  | 0.0596        |
|    action_std_12                  | 0.059         |
|    action_std_13                  | 0.0595        |
|    action_std_14                  | 0.0594        |
|    action_std_15                  | 0.0593        |
|    action_std_16                  | 0.0596        |
|    action_std_17                  | 0.0592        |
|    action_std_18                  | 0.0599        |
|    action_std_19                  | 0.06          |
|    action_std_20                  | 0.0592        |
|    action_std_21                  | 0.0592        |
|    action_std_22                  | 0.0589        |
|    action_std_23                  | 0.0597        |
|    action_std_24                  | 0.0596        |
|    approx_kl                      | 0.00011114893 |
|    clip_fraction                  | 0             |
|    clip_range                     | 0.1           |
|    clip_range_vf                  | 0.2           |
|    entropy_loss                   | 35.1          |
|    explained_variance             | 0.886         |
|    learning_rate                  | 1e-07         |
|    loss                           | 0.752         |
|    n_updates                      | 1840          |
|    policy_gradient_loss           | -0.000457     |
|    std                            | 0.0595        |
|    std_max                        | 0.0601        |
|    std_min                        | 0.0589        |
|    value_loss                     | 0.423         |
-----------------------------------------------------
[HumanoidEnv] Reset state env_id=0 z=0.290867 rpy=[8.28108e-05, -0.00166827, 0.000513024]
[HumanoidEnv] Reset state env_id=0 z=0.273191 rpy=[0.000562954, -0.000881342, 0.000426617]
[HumanoidEnv] unhealthy terminate at step=876 z=0.198615 rpy=[-1.1582, -0.0982312, -1.33269] v_body=[-0.201741, -1.85151, -1.29531]
----------------------------------------------------
| rollout/                          |              |
|    action_saturation_fraction     | 0            |
|    ep_len_mean                    | 885          |
|    ep_rew_mean                    | 580          |
|    episodes_noforce               | 146          |
|    force_direction_mean           | -1           |
|    force_onset_mean               | 1.4          |
|    force_requested_impulse_mean   | 0            |
|    is_fall_mean                   | 0.308        |
|    is_timeout_mean                | 0.692        |
|    recovery_noforce               | 0.692        |
|    timeout_without_onset_fraction | 0            |
|    timeouts                       | 101          |
| time/                             |              |
|    fps                            | 2170         |
|    iterations                     | 32           |
|    time_elapsed                   | 1932         |
|    total_timesteps                | 4194304      |
| train/                            |              |
|    action_std_00                  | 0.0589       |
|    action_std_01                  | 0.0591       |
|    action_std_02                  | 0.0593       |
|    action_std_03                  | 0.0599       |
|    action_std_04                  | 0.0599       |
|    action_std_05                  | 0.0601       |
|    action_std_06                  | 0.0594       |
|    action_std_07                  | 0.0596       |
|    action_std_08                  | 0.0591       |
|    action_std_09                  | 0.0595       |
|    action_std_10                  | 0.0594       |
|    action_std_11                  | 0.0596       |
|    action_std_12                  | 0.059        |
|    action_std_13                  | 0.0595       |
|    action_std_14                  | 0.0594       |
|    action_std_15                  | 0.0593       |
|    action_std_16                  | 0.0596       |
|    action_std_17                  | 0.0592       |
|    action_std_18                  | 0.0599       |
|    action_std_19                  | 0.06         |
|    action_std_20                  | 0.0592       |
|    action_std_21                  | 0.0592       |
|    action_std_22                  | 0.0589       |
|    action_std_23                  | 0.0597       |
|    action_std_24                  | 0.0596       |
|    approx_kl                      | 9.189172e-05 |
|    clip_fraction                  | 0            |
|    clip_range                     | 0.1          |
|    clip_range_vf                  | 0.2          |
|    entropy_loss                   | 35.1         |
|    explained_variance             | 0.881        |
|    learning_rate                  | 1e-07        |
|    loss                           | 0.78         |
|    n_updates                      | 1850         |
|    policy_gradient_loss           | -0.000427    |
|    std                            | 0.0595       |
|    std_max                        | 0.0601       |
|    std_min                        | 0.0589       |
|    value_loss                     | 0.426        |
----------------------------------------------------
[HumanoidEnv] Reset state env_id=0 z=0.317571 rpy=[-0.00300055, -0.0034684, 0.000324016]
[HumanoidEnv] unhealthy terminate at step=511 z=0.193433 rpy=[-3.04756, 0.428759, 0.235019] v_body=[0.110245, -0.810208, 1.0413]
---------------------------------------------------
| rollout/                          |             |
|    action_saturation_fraction     | 0           |
|    ep_len_mean                    | 886         |
|    ep_rew_mean                    | 584         |
|    episodes_noforce               | 162         |
|    force_direction_mean           | -1          |
|    force_onset_mean               | 1.4         |
|    force_requested_impulse_mean   | 0           |
|    is_fall_mean                   | 0.34        |
|    is_timeout_mean                | 0.66        |
|    recovery_noforce               | 0.66        |
|    timeout_without_onset_fraction | 0           |
|    timeouts                       | 107         |
| time/                             |             |
|    fps                            | 2169        |
|    iterations                     | 33          |
|    time_elapsed                   | 1993        |
|    total_timesteps                | 4325376     |
| train/                            |             |
|    action_std_00                  | 0.0589      |
|    action_std_01                  | 0.0591      |
|    action_std_02                  | 0.0593      |
|    action_std_03                  | 0.0599      |
|    action_std_04                  | 0.0599      |
|    action_std_05                  | 0.0601      |
|    action_std_06                  | 0.0594      |
|    action_std_07                  | 0.0596      |
|    action_std_08                  | 0.0591      |
|    action_std_09                  | 0.0595      |
|    action_std_10                  | 0.0594      |
|    action_std_11                  | 0.0596      |
|    action_std_12                  | 0.059       |
|    action_std_13                  | 0.0595      |
|    action_std_14                  | 0.0594      |
|    action_std_15                  | 0.0593      |
|    action_std_16                  | 0.0596      |
|    action_std_17                  | 0.0592      |
|    action_std_18                  | 0.0599      |
|    action_std_19                  | 0.06        |
|    action_std_20                  | 0.0592      |
|    action_std_21                  | 0.0592      |
|    action_std_22                  | 0.0589      |
|    action_std_23                  | 0.0597      |
|    action_std_24                  | 0.0596      |
|    approx_kl                      | 8.77961e-05 |
|    clip_fraction                  | 0           |
|    clip_range                     | 0.1         |
|    clip_range_vf                  | 0.2         |
|    entropy_loss                   | 35.1        |
|    explained_variance             | 0.887       |
|    learning_rate                  | 1e-07       |
|    loss                           | 0.699       |
|    n_updates                      | 1860        |
|    policy_gradient_loss           | -0.000418   |
|    std                            | 0.0595      |
|    std_max                        | 0.0601      |
|    std_min                        | 0.0589      |
|    value_loss                     | 0.362       |
---------------------------------------------------
----------------------------------------------------
| rollout/                          |              |
|    action_saturation_fraction     | 0            |
|    ep_len_mean                    | 833          |
|    ep_rew_mean                    | 541          |
|    episodes_noforce               | 150          |
|    force_direction_mean           | -1           |
|    force_onset_mean               | 1.41         |
|    force_requested_impulse_mean   | 0            |
|    is_fall_mean                   | 0.407        |
|    is_timeout_mean                | 0.593        |
|    recovery_noforce               | 0.593        |
|    timeout_without_onset_fraction | 0            |
|    timeouts                       | 89           |
| time/                             |              |
|    fps                            | 2168         |
|    iterations                     | 34           |
|    time_elapsed                   | 2055         |
|    total_timesteps                | 4456448      |
| train/                            |              |
|    action_std_00                  | 0.0589       |
|    action_std_01                  | 0.0591       |
|    action_std_02                  | 0.0593       |
|    action_std_03                  | 0.0599       |
|    action_std_04                  | 0.0599       |
|    action_std_05                  | 0.0601       |
|    action_std_06                  | 0.0594       |
|    action_std_07                  | 0.0596       |
|    action_std_08                  | 0.0591       |
|    action_std_09                  | 0.0595       |
|    action_std_10                  | 0.0594       |
|    action_std_11                  | 0.0596       |
|    action_std_12                  | 0.059        |
|    action_std_13                  | 0.0595       |
|    action_std_14                  | 0.0594       |
|    action_std_15                  | 0.0593       |
|    action_std_16                  | 0.0596       |
|    action_std_17                  | 0.0592       |
|    action_std_18                  | 0.0599       |
|    action_std_19                  | 0.06         |
|    action_std_20                  | 0.0592       |
|    action_std_21                  | 0.0592       |
|    action_std_22                  | 0.0589       |
|    action_std_23                  | 0.0597       |
|    action_std_24                  | 0.0596       |
|    approx_kl                      | 8.865521e-05 |
|    clip_fraction                  | 0            |
|    clip_range                     | 0.1          |
|    clip_range_vf                  | 0.2          |
|    entropy_loss                   | 35.1         |
|    explained_variance             | 0.89         |
|    learning_rate                  | 1e-07        |
|    loss                           | 0.763        |
|    n_updates                      | 1870         |
|    policy_gradient_loss           | -0.000361    |
|    std                            | 0.0595       |
|    std_max                        | 0.0601       |
|    std_min                        | 0.0589       |
|    value_loss                     | 0.398        |
----------------------------------------------------
-----------------------------------------------------
| rollout/                          |               |
|    action_saturation_fraction     | 0             |
|    ep_len_mean                    | 811           |
|    ep_rew_mean                    | 529           |
|    episodes_noforce               | 158           |
|    force_direction_mean           | -1            |
|    force_onset_mean               | 1.41          |
|    force_requested_impulse_mean   | 0             |
|    is_fall_mean                   | 0.335         |
|    is_timeout_mean                | 0.665         |
|    recovery_noforce               | 0.665         |
|    timeout_without_onset_fraction | 0             |
|    timeouts                       | 105           |
| time/                             |               |
|    fps                            | 2166          |
|    iterations                     | 35            |
|    time_elapsed                   | 2117          |
|    total_timesteps                | 4587520       |
| train/                            |               |
|    action_std_00                  | 0.0589        |
|    action_std_01                  | 0.0591        |
|    action_std_02                  | 0.0593        |
|    action_std_03                  | 0.0599        |
|    action_std_04                  | 0.0599        |
|    action_std_05                  | 0.0601        |
|    action_std_06                  | 0.0594        |
|    action_std_07                  | 0.0596        |
|    action_std_08                  | 0.0591        |
|    action_std_09                  | 0.0595        |
|    action_std_10                  | 0.0594        |
|    action_std_11                  | 0.0596        |
|    action_std_12                  | 0.059         |
|    action_std_13                  | 0.0595        |
|    action_std_14                  | 0.0594        |
|    action_std_15                  | 0.0593        |
|    action_std_16                  | 0.0596        |
|    action_std_17                  | 0.0592        |
|    action_std_18                  | 0.0599        |
|    action_std_19                  | 0.06          |
|    action_std_20                  | 0.0592        |
|    action_std_21                  | 0.0592        |
|    action_std_22                  | 0.0589        |
|    action_std_23                  | 0.0597        |
|    action_std_24                  | 0.0596        |
|    approx_kl                      | 8.2077335e-05 |
|    clip_fraction                  | 0             |
|    clip_range                     | 0.1           |
|    clip_range_vf                  | 0.2           |
|    entropy_loss                   | 35.1          |
|    explained_variance             | 0.893         |
|    learning_rate                  | 1e-07         |
|    loss                           | 0.74          |
|    n_updates                      | 1880          |
|    policy_gradient_loss           | -0.00038      |
|    std                            | 0.0595        |
|    std_max                        | 0.0601        |
|    std_min                        | 0.0589        |
|    value_loss                     | 0.444         |
-----------------------------------------------------
-----------------------------------------------------
| rollout/                          |               |
|    action_saturation_fraction     | 0             |
|    ep_len_mean                    | 859           |
|    ep_rew_mean                    | 563           |
|    episodes_noforce               | 146           |
|    force_direction_mean           | -1            |
|    force_onset_mean               | 1.39          |
|    force_requested_impulse_mean   | 0             |
|    is_fall_mean                   | 0.397         |
|    is_timeout_mean                | 0.603         |
|    recovery_noforce               | 0.603         |
|    timeout_without_onset_fraction | 0             |
|    timeouts                       | 88            |
| time/                             |               |
|    fps                            | 2165          |
|    iterations                     | 36            |
|    time_elapsed                   | 2178          |
|    total_timesteps                | 4718592       |
| train/                            |               |
|    action_std_00                  | 0.0589        |
|    action_std_01                  | 0.0591        |
|    action_std_02                  | 0.0593        |
|    action_std_03                  | 0.0599        |
|    action_std_04                  | 0.0599        |
|    action_std_05                  | 0.0601        |
|    action_std_06                  | 0.0594        |
|    action_std_07                  | 0.0596        |
|    action_std_08                  | 0.0591        |
|    action_std_09                  | 0.0595        |
|    action_std_10                  | 0.0594        |
|    action_std_11                  | 0.0596        |
|    action_std_12                  | 0.059         |
|    action_std_13                  | 0.0595        |
|    action_std_14                  | 0.0594        |
|    action_std_15                  | 0.0593        |
|    action_std_16                  | 0.0596        |
|    action_std_17                  | 0.0592        |
|    action_std_18                  | 0.0599        |
|    action_std_19                  | 0.06          |
|    action_std_20                  | 0.0592        |
|    action_std_21                  | 0.0592        |
|    action_std_22                  | 0.0589        |
|    action_std_23                  | 0.0597        |
|    action_std_24                  | 0.0596        |
|    approx_kl                      | 0.00010177796 |
|    clip_fraction                  | 0             |
|    clip_range                     | 0.1           |
|    clip_range_vf                  | 0.2           |
|    entropy_loss                   | 35.1          |
|    explained_variance             | 0.884         |
|    learning_rate                  | 1e-07         |
|    loss                           | 0.747         |
|    n_updates                      | 1890          |
|    policy_gradient_loss           | -0.000415     |
|    std                            | 0.0595        |
|    std_max                        | 0.0601        |
|    std_min                        | 0.0589        |
|    value_loss                     | 0.427         |
-----------------------------------------------------
----------------------------------------------------
| rollout/                          |              |
|    action_saturation_fraction     | 0            |
|    ep_len_mean                    | 850          |
|    ep_rew_mean                    | 559          |
|    episodes_noforce               | 160          |
|    force_direction_mean           | -1           |
|    force_onset_mean               | 1.41         |
|    force_requested_impulse_mean   | 0            |
|    is_fall_mean                   | 0.338        |
|    is_timeout_mean                | 0.662        |
|    recovery_noforce               | 0.662        |
|    timeout_without_onset_fraction | 0            |
|    timeouts                       | 106          |
| time/                             |              |
|    fps                            | 2164         |
|    iterations                     | 37           |
|    time_elapsed                   | 2240         |
|    total_timesteps                | 4849664      |
| train/                            |              |
|    action_std_00                  | 0.0589       |
|    action_std_01                  | 0.0591       |
|    action_std_02                  | 0.0593       |
|    action_std_03                  | 0.0599       |
|    action_std_04                  | 0.0599       |
|    action_std_05                  | 0.0601       |
|    action_std_06                  | 0.0594       |
|    action_std_07                  | 0.0596       |
|    action_std_08                  | 0.0591       |
|    action_std_09                  | 0.0595       |
|    action_std_10                  | 0.0594       |
|    action_std_11                  | 0.0596       |
|    action_std_12                  | 0.059        |
|    action_std_13                  | 0.0595       |
|    action_std_14                  | 0.0594       |
|    action_std_15                  | 0.0593       |
|    action_std_16                  | 0.0596       |
|    action_std_17                  | 0.0592       |
|    action_std_18                  | 0.0599       |
|    action_std_19                  | 0.06         |
|    action_std_20                  | 0.0592       |
|    action_std_21                  | 0.0592       |
|    action_std_22                  | 0.0589       |
|    action_std_23                  | 0.0597       |
|    action_std_24                  | 0.0596       |
|    approx_kl                      | 9.498247e-05 |
|    clip_fraction                  | 0            |
|    clip_range                     | 0.1          |
|    clip_range_vf                  | 0.2          |
|    entropy_loss                   | 35.1         |
|    explained_variance             | 0.899        |
|    learning_rate                  | 1e-07        |
|    loss                           | 0.744        |
|    n_updates                      | 1900         |
|    policy_gradient_loss           | -0.00041     |
|    std                            | 0.0595       |
|    std_max                        | 0.0601       |
|    std_min                        | 0.0589       |
|    value_loss                     | 0.412        |
----------------------------------------------------
----------------------------------------------------
| rollout/                          |              |
|    action_saturation_fraction     | 0            |
|    ep_len_mean                    | 871          |
|    ep_rew_mean                    | 568          |
|    episodes_noforce               | 142          |
|    force_direction_mean           | -1           |
|    force_onset_mean               | 1.38         |
|    force_requested_impulse_mean   | 0            |
|    is_fall_mean                   | 0.352        |
|    is_timeout_mean                | 0.648        |
|    recovery_noforce               | 0.648        |
|    timeout_without_onset_fraction | 0            |
|    timeouts                       | 92           |
| time/                             |              |
|    fps                            | 2164         |
|    iterations                     | 38           |
|    time_elapsed                   | 2300         |
|    total_timesteps                | 4980736      |
| train/                            |              |
|    action_std_00                  | 0.0589       |
|    action_std_01                  | 0.0591       |
|    action_std_02                  | 0.0593       |
|    action_std_03                  | 0.0599       |
|    action_std_04                  | 0.0599       |
|    action_std_05                  | 0.0601       |
|    action_std_06                  | 0.0594       |
|    action_std_07                  | 0.0596       |
|    action_std_08                  | 0.0591       |
|    action_std_09                  | 0.0595       |
|    action_std_10                  | 0.0594       |
|    action_std_11                  | 0.0596       |
|    action_std_12                  | 0.059        |
|    action_std_13                  | 0.0595       |
|    action_std_14                  | 0.0594       |
|    action_std_15                  | 0.0593       |
|    action_std_16                  | 0.0596       |
|    action_std_17                  | 0.0592       |
|    action_std_18                  | 0.0599       |
|    action_std_19                  | 0.06         |
|    action_std_20                  | 0.0592       |
|    action_std_21                  | 0.0592       |
|    action_std_22                  | 0.0589       |
|    action_std_23                  | 0.0597       |
|    action_std_24                  | 0.0596       |
|    approx_kl                      | 9.360513e-05 |
|    clip_fraction                  | 0            |
|    clip_range                     | 0.1          |
|    clip_range_vf                  | 0.2          |
|    entropy_loss                   | 35.1         |
|    explained_variance             | 0.888        |
|    learning_rate                  | 1e-07        |
|    loss                           | 0.684        |
|    n_updates                      | 1910         |
|    policy_gradient_loss           | -0.000401    |
|    std                            | 0.0595       |
|    std_max                        | 0.0601       |
|    std_min                        | 0.0589       |
|    value_loss                     | 0.411        |
----------------------------------------------------
----------------------------------------------------
| rollout/                          |              |
|    action_saturation_fraction     | 0            |
|    ep_len_mean                    | 870          |
|    ep_rew_mean                    | 570          |
|    episodes_noforce               | 163          |
|    force_direction_mean           | -1           |
|    force_onset_mean               | 1.4          |
|    force_requested_impulse_mean   | 0            |
|    is_fall_mean                   | 0.356        |
|    is_timeout_mean                | 0.644        |
|    recovery_noforce               | 0.644        |
|    timeout_without_onset_fraction | 0            |
|    timeouts                       | 105          |
| time/                             |              |
|    fps                            | 2163         |
|    iterations                     | 39           |
|    time_elapsed                   | 2362         |
|    total_timesteps                | 5111808      |
| train/                            |              |
|    action_std_00                  | 0.0589       |
|    action_std_01                  | 0.0591       |
|    action_std_02                  | 0.0593       |
|    action_std_03                  | 0.0599       |
|    action_std_04                  | 0.0599       |
|    action_std_05                  | 0.0601       |
|    action_std_06                  | 0.0594       |
|    action_std_07                  | 0.0596       |
|    action_std_08                  | 0.0591       |
|    action_std_09                  | 0.0595       |
|    action_std_10                  | 0.0594       |
|    action_std_11                  | 0.0596       |
|    action_std_12                  | 0.059        |
|    action_std_13                  | 0.0595       |
|    action_std_14                  | 0.0594       |
|    action_std_15                  | 0.0593       |
|    action_std_16                  | 0.0596       |
|    action_std_17                  | 0.0592       |
|    action_std_18                  | 0.0599       |
|    action_std_19                  | 0.06         |
|    action_std_20                  | 0.0592       |
|    action_std_21                  | 0.0592       |
|    action_std_22                  | 0.0589       |
|    action_std_23                  | 0.0597       |
|    action_std_24                  | 0.0596       |
|    approx_kl                      | 8.486933e-05 |
|    clip_fraction                  | 0            |
|    clip_range                     | 0.1          |
|    clip_range_vf                  | 0.2          |
|    entropy_loss                   | 35.1         |
|    explained_variance             | 0.883        |
|    learning_rate                  | 1e-07        |
|    loss                           | 0.69         |
|    n_updates                      | 1920         |
|    policy_gradient_loss           | -0.000388    |
|    std                            | 0.0595       |
|    std_max                        | 0.0601       |
|    std_min                        | 0.0589       |
|    value_loss                     | 0.423        |
----------------------------------------------------
----------------------------------------------------
| rollout/                          |              |
|    action_saturation_fraction     | 0            |
|    ep_len_mean                    | 850          |
|    ep_rew_mean                    | 561          |
|    episodes_noforce               | 142          |
|    force_direction_mean           | -1           |
|    force_onset_mean               | 1.4          |
|    force_requested_impulse_mean   | 0            |
|    is_fall_mean                   | 0.38         |
|    is_timeout_mean                | 0.62         |
|    recovery_noforce               | 0.62         |
|    timeout_without_onset_fraction | 0            |
|    timeouts                       | 88           |
| time/                             |              |
|    fps                            | 2163         |
|    iterations                     | 40           |
|    time_elapsed                   | 2423         |
|    total_timesteps                | 5242880      |
| train/                            |              |
|    action_std_00                  | 0.0589       |
|    action_std_01                  | 0.0591       |
|    action_std_02                  | 0.0593       |
|    action_std_03                  | 0.0599       |
|    action_std_04                  | 0.0599       |
|    action_std_05                  | 0.0601       |
|    action_std_06                  | 0.0594       |
|    action_std_07                  | 0.0596       |
|    action_std_08                  | 0.0591       |
|    action_std_09                  | 0.0595       |
|    action_std_10                  | 0.0594       |
|    action_std_11                  | 0.0596       |
|    action_std_12                  | 0.059        |
|    action_std_13                  | 0.0595       |
|    action_std_14                  | 0.0594       |
|    action_std_15                  | 0.0593       |
|    action_std_16                  | 0.0596       |
|    action_std_17                  | 0.0592       |
|    action_std_18                  | 0.0599       |
|    action_std_19                  | 0.06         |
|    action_std_20                  | 0.0592       |
|    action_std_21                  | 0.0592       |
|    action_std_22                  | 0.0589       |
|    action_std_23                  | 0.0597       |
|    action_std_24                  | 0.0596       |
|    approx_kl                      | 9.402589e-05 |
|    clip_fraction                  | 0            |
|    clip_range                     | 0.1          |
|    clip_range_vf                  | 0.2          |
|    entropy_loss                   | 35.1         |
|    explained_variance             | 0.901        |
|    learning_rate                  | 1e-07        |
|    loss                           | 0.801        |
|    n_updates                      | 1930         |
|    policy_gradient_loss           | -0.000422    |
|    std                            | 0.0595       |
|    std_max                        | 0.0601       |
|    std_min                        | 0.0589       |
|    value_loss                     | 0.419        |
----------------------------------------------------
-----------------------------------------------------
| rollout/                          |               |
|    action_saturation_fraction     | 0             |
|    ep_len_mean                    | 882           |
|    ep_rew_mean                    | 581           |
|    episodes_noforce               | 156           |
|    force_direction_mean           | -1            |
|    force_onset_mean               | 1.38          |
|    force_requested_impulse_mean   | 0             |
|    is_fall_mean                   | 0.308         |
|    is_timeout_mean                | 0.692         |
|    recovery_noforce               | 0.692         |
|    timeout_without_onset_fraction | 0             |
|    timeouts                       | 108           |
| time/                             |               |
|    fps                            | 2163          |
|    iterations                     | 41            |
|    time_elapsed                   | 2484          |
|    total_timesteps                | 5373952       |
| train/                            |               |
|    action_std_00                  | 0.0589        |
|    action_std_01                  | 0.0591        |
|    action_std_02                  | 0.0593        |
|    action_std_03                  | 0.0599        |
|    action_std_04                  | 0.0599        |
|    action_std_05                  | 0.0601        |
|    action_std_06                  | 0.0594        |
|    action_std_07                  | 0.0596        |
|    action_std_08                  | 0.0591        |
|    action_std_09                  | 0.0595        |
|    action_std_10                  | 0.0594        |
|    action_std_11                  | 0.0596        |
|    action_std_12                  | 0.059         |
|    action_std_13                  | 0.0595        |
|    action_std_14                  | 0.0594        |
|    action_std_15                  | 0.0593        |
|    action_std_16                  | 0.0596        |
|    action_std_17                  | 0.0592        |
|    action_std_18                  | 0.0599        |
|    action_std_19                  | 0.06          |
|    action_std_20                  | 0.0592        |
|    action_std_21                  | 0.0592        |
|    action_std_22                  | 0.0589        |
|    action_std_23                  | 0.0597        |
|    action_std_24                  | 0.0596        |
|    approx_kl                      | 0.00010073416 |
|    clip_fraction                  | 0             |
|    clip_range                     | 0.1           |
|    clip_range_vf                  | 0.2           |
|    entropy_loss                   | 35.1          |
|    explained_variance             | 0.89          |
|    learning_rate                  | 1e-07         |
|    loss                           | 0.698         |
|    n_updates                      | 1940          |
|    policy_gradient_loss           | -0.000428     |
|    std                            | 0.0595        |
|    std_max                        | 0.0601        |
|    std_min                        | 0.0589        |
|    value_loss                     | 0.367         |
-----------------------------------------------------
-----------------------------------------------------
| rollout/                          |               |
|    action_saturation_fraction     | 0             |
|    ep_len_mean                    | 870           |
|    ep_rew_mean                    | 571           |
|    episodes_noforce               | 150           |
|    force_direction_mean           | -1            |
|    force_onset_mean               | 1.4           |
|    force_requested_impulse_mean   | 0             |
|    is_fall_mean                   | 0.347         |
|    is_timeout_mean                | 0.653         |
|    recovery_noforce               | 0.653         |
|    timeout_without_onset_fraction | 0             |
|    timeouts                       | 98            |
| time/                             |               |
|    fps                            | 2162          |
|    iterations                     | 42            |
|    time_elapsed                   | 2545          |
|    total_timesteps                | 5505024       |
| train/                            |               |
|    action_std_00                  | 0.0589        |
|    action_std_01                  | 0.0591        |
|    action_std_02                  | 0.0593        |
|    action_std_03                  | 0.0599        |
|    action_std_04                  | 0.0599        |
|    action_std_05                  | 0.0601        |
|    action_std_06                  | 0.0594        |
|    action_std_07                  | 0.0596        |
|    action_std_08                  | 0.0591        |
|    action_std_09                  | 0.0595        |
|    action_std_10                  | 0.0594        |
|    action_std_11                  | 0.0596        |
|    action_std_12                  | 0.059         |
|    action_std_13                  | 0.0595        |
|    action_std_14                  | 0.0594        |
|    action_std_15                  | 0.0593        |
|    action_std_16                  | 0.0596        |
|    action_std_17                  | 0.0592        |
|    action_std_18                  | 0.0599        |
|    action_std_19                  | 0.06          |
|    action_std_20                  | 0.0592        |
|    action_std_21                  | 0.0592        |
|    action_std_22                  | 0.0589        |
|    action_std_23                  | 0.0597        |
|    action_std_24                  | 0.0596        |
|    approx_kl                      | 9.5200456e-05 |
|    clip_fraction                  | 0             |
|    clip_range                     | 0.1           |
|    clip_range_vf                  | 0.2           |
|    entropy_loss                   | 35.1          |
|    explained_variance             | 0.894         |
|    learning_rate                  | 1e-07         |
|    loss                           | 0.739         |
|    n_updates                      | 1950          |
|    policy_gradient_loss           | -0.000414     |
|    std                            | 0.0595        |
|    std_max                        | 0.0601        |
|    std_min                        | 0.0589        |
|    value_loss                     | 0.382         |
-----------------------------------------------------
[HumanoidEnv] Reset state env_id=0 z=0.30075 rpy=[0.00100733, -0.0021863, -8.1743e-05]
[HumanoidEnv] Reset state env_id=0 z=0.289293 rpy=[-0.00223492, -0.00081796, 0.000803149]
[HumanoidEnv] Reset state env_id=0 z=0.327928 rpy=[0.00184077, -0.00347285, 0.000120501]
[HumanoidEnv] Reset state env_id=0 z=0.311481 rpy=[-0.00108148, -0.00228576, 0.000186523]
[HumanoidEnv] Reset state env_id=0 z=0.292433 rpy=[0.0022341, -0.00096995, 7.23744e-05]
[HumanoidEnv] Reset state env_id=0 z=0.322824 rpy=[-0.00167576, -0.00106047, 0.000301194]
[HumanoidEnv] unhealthy terminate at step=379 z=0.19661 rpy=[-0.515732, 0.0614665, -0.446916] v_body=[0.161795, -0.431721, -0.4044]
-----------------------------------------------------
| rollout/                          |               |
|    action_saturation_fraction     | 0             |
|    ep_len_mean                    | 838           |
|    ep_rew_mean                    | 550           |
|    episodes_noforce               | 158           |
|    force_direction_mean           | -1            |
|    force_onset_mean               | 1.38          |
|    force_requested_impulse_mean   | 0             |
|    is_fall_mean                   | 0.316         |
|    is_timeout_mean                | 0.684         |
|    recovery_noforce               | 0.684         |
|    timeout_without_onset_fraction | 0             |
|    timeouts                       | 108           |
| time/                             |               |
|    fps                            | 2161          |
|    iterations                     | 43            |
|    time_elapsed                   | 2607          |
|    total_timesteps                | 5636096       |
| train/                            |               |
|    action_std_00                  | 0.0589        |
|    action_std_01                  | 0.0591        |
|    action_std_02                  | 0.0593        |
|    action_std_03                  | 0.0599        |
|    action_std_04                  | 0.0599        |
|    action_std_05                  | 0.0601        |
|    action_std_06                  | 0.0594        |
|    action_std_07                  | 0.0596        |
|    action_std_08                  | 0.0591        |
|    action_std_09                  | 0.0595        |
|    action_std_10                  | 0.0594        |
|    action_std_11                  | 0.0596        |
|    action_std_12                  | 0.059         |
|    action_std_13                  | 0.0595        |
|    action_std_14                  | 0.0594        |
|    action_std_15                  | 0.0593        |
|    action_std_16                  | 0.0596        |
|    action_std_17                  | 0.0592        |
|    action_std_18                  | 0.0599        |
|    action_std_19                  | 0.06          |
|    action_std_20                  | 0.0592        |
|    action_std_21                  | 0.0592        |
|    action_std_22                  | 0.0589        |
|    action_std_23                  | 0.0597        |
|    action_std_24                  | 0.0596        |
|    approx_kl                      | 0.00011472394 |
|    clip_fraction                  | 0             |
|    clip_range                     | 0.1           |
|    clip_range_vf                  | 0.2           |
|    entropy_loss                   | 35.1          |
|    explained_variance             | 0.89          |
|    learning_rate                  | 1e-07         |
|    loss                           | 0.677         |
|    n_updates                      | 1960          |
|    policy_gradient_loss           | -0.000474     |
|    std                            | 0.0595        |
|    std_max                        | 0.0601        |
|    std_min                        | 0.0589        |
|    value_loss                     | 0.405         |
-----------------------------------------------------
[HumanoidEnv] Reset state env_id=0 z=0.273594 rpy=[-0.000141438, -0.00104168, 0.000633395]
[HumanoidEnv] unhealthy terminate at step=312 z=0.197398 rpy=[1.04271, 0.12392, 0.690809] v_body=[1.33021, 1.77576, -1.10262]
-----------------------------------------------------
| rollout/                          |               |
|    action_saturation_fraction     | 0             |
|    ep_len_mean                    | 845           |
|    ep_rew_mean                    | 559           |
|    episodes_noforce               | 151           |
|    force_direction_mean           | -1            |
|    force_onset_mean               | 1.4           |
|    force_requested_impulse_mean   | 0             |
|    is_fall_mean                   | 0.305         |
|    is_timeout_mean                | 0.695         |
|    recovery_noforce               | 0.695         |
|    timeout_without_onset_fraction | 0             |
|    timeouts                       | 105           |
| time/                             |               |
|    fps                            | 2160          |
|    iterations                     | 44            |
|    time_elapsed                   | 2669          |
|    total_timesteps                | 5767168       |
| train/                            |               |
|    action_std_00                  | 0.0589        |
|    action_std_01                  | 0.0591        |
|    action_std_02                  | 0.0593        |
|    action_std_03                  | 0.0599        |
|    action_std_04                  | 0.0599        |
|    action_std_05                  | 0.0601        |
|    action_std_06                  | 0.0594        |
|    action_std_07                  | 0.0596        |
|    action_std_08                  | 0.0591        |
|    action_std_09                  | 0.0595        |
|    action_std_10                  | 0.0594        |
|    action_std_11                  | 0.0596        |
|    action_std_12                  | 0.059         |
|    action_std_13                  | 0.0595        |
|    action_std_14                  | 0.0594        |
|    action_std_15                  | 0.0593        |
|    action_std_16                  | 0.0596        |
|    action_std_17                  | 0.0592        |
|    action_std_18                  | 0.0599        |
|    action_std_19                  | 0.06          |
|    action_std_20                  | 0.0592        |
|    action_std_21                  | 0.0592        |
|    action_std_22                  | 0.0589        |
|    action_std_23                  | 0.0597        |
|    action_std_24                  | 0.0596        |
|    approx_kl                      | 9.4963776e-05 |
|    clip_fraction                  | 0             |
|    clip_range                     | 0.1           |
|    clip_range_vf                  | 0.2           |
|    entropy_loss                   | 35.1          |
|    explained_variance             | 0.882         |
|    learning_rate                  | 1e-07         |
|    loss                           | 0.708         |
|    n_updates                      | 1970          |
|    policy_gradient_loss           | -0.000412     |
|    std                            | 0.0595        |
|    std_max                        | 0.0601        |
|    std_min                        | 0.0589        |
|    value_loss                     | 0.421         |
-----------------------------------------------------
-----------------------------------------------------
| rollout/                          |               |
|    action_saturation_fraction     | 0             |
|    ep_len_mean                    | 863           |
|    ep_rew_mean                    | 568           |
|    episodes_noforce               | 159           |
|    force_direction_mean           | -1            |
|    force_onset_mean               | 1.4           |
|    force_requested_impulse_mean   | 0             |
|    is_fall_mean                   | 0.34          |
|    is_timeout_mean                | 0.66          |
|    recovery_noforce               | 0.66          |
|    timeout_without_onset_fraction | 0             |
|    timeouts                       | 105           |
| time/                             |               |
|    fps                            | 2159          |
|    iterations                     | 45            |
|    time_elapsed                   | 2731          |
|    total_timesteps                | 5898240       |
| train/                            |               |
|    action_std_00                  | 0.0589        |
|    action_std_01                  | 0.0591        |
|    action_std_02                  | 0.0593        |
|    action_std_03                  | 0.0599        |
|    action_std_04                  | 0.0599        |
|    action_std_05                  | 0.0601        |
|    action_std_06                  | 0.0594        |
|    action_std_07                  | 0.0596        |
|    action_std_08                  | 0.0591        |
|    action_std_09                  | 0.0595        |
|    action_std_10                  | 0.0594        |
|    action_std_11                  | 0.0596        |
|    action_std_12                  | 0.059         |
|    action_std_13                  | 0.0595        |
|    action_std_14                  | 0.0594        |
|    action_std_15                  | 0.0593        |
|    action_std_16                  | 0.0596        |
|    action_std_17                  | 0.0592        |
|    action_std_18                  | 0.0599        |
|    action_std_19                  | 0.06          |
|    action_std_20                  | 0.0592        |
|    action_std_21                  | 0.0592        |
|    action_std_22                  | 0.0589        |
|    action_std_23                  | 0.0597        |
|    action_std_24                  | 0.0596        |
|    approx_kl                      | 0.00010692349 |
|    clip_fraction                  | 0             |
|    clip_range                     | 0.1           |
|    clip_range_vf                  | 0.2           |
|    entropy_loss                   | 35.1          |
|    explained_variance             | 0.874         |
|    learning_rate                  | 1e-07         |
|    loss                           | 0.86          |
|    n_updates                      | 1980          |
|    policy_gradient_loss           | -0.000443     |
|    std                            | 0.0595        |
|    std_max                        | 0.0601        |
|    std_min                        | 0.0589        |
|    value_loss                     | 0.392         |
-----------------------------------------------------
INFO:root:VecNormalize statistics saved at: ./data/delta2_stage4_lr1e7/quadruped_ppo_model_ckpt_6000384_vecnormalize.pkl
INFO:root:Model saved at: ./data/delta2_stage4_lr1e7/quadruped_ppo_model_ckpt_6000384.zip
INFO:root:Checkpoint written at 6000384 timesteps
----------------------------------------------------
| rollout/                          |              |
|    action_saturation_fraction     | 0            |
|    ep_len_mean                    | 879          |
|    ep_rew_mean                    | 579          |
|    episodes_noforce               | 147          |
|    force_direction_mean           | -1           |
|    force_onset_mean               | 1.4          |
|    force_requested_impulse_mean   | 0            |
|    is_fall_mean                   | 0.354        |
|    is_timeout_mean                | 0.646        |
|    recovery_noforce               | 0.646        |
|    timeout_without_onset_fraction | 0            |
|    timeouts                       | 95           |
| time/                             |              |
|    fps                            | 2158         |
|    iterations                     | 46           |
|    time_elapsed                   | 2792         |
|    total_timesteps                | 6029312      |
| train/                            |              |
|    action_std_00                  | 0.0589       |
|    action_std_01                  | 0.0591       |
|    action_std_02                  | 0.0593       |
|    action_std_03                  | 0.0599       |
|    action_std_04                  | 0.0599       |
|    action_std_05                  | 0.0601       |
|    action_std_06                  | 0.0594       |
|    action_std_07                  | 0.0596       |
|    action_std_08                  | 0.0591       |
|    action_std_09                  | 0.0595       |
|    action_std_10                  | 0.0594       |
|    action_std_11                  | 0.0596       |
|    action_std_12                  | 0.059        |
|    action_std_13                  | 0.0595       |
|    action_std_14                  | 0.0594       |
|    action_std_15                  | 0.0593       |
|    action_std_16                  | 0.0596       |
|    action_std_17                  | 0.0592       |
|    action_std_18                  | 0.0599       |
|    action_std_19                  | 0.06         |
|    action_std_20                  | 0.0592       |
|    action_std_21                  | 0.0592       |
|    action_std_22                  | 0.0589       |
|    action_std_23                  | 0.0597       |
|    action_std_24                  | 0.0596       |
|    approx_kl                      | 9.243802e-05 |
|    clip_fraction                  | 0            |
|    clip_range                     | 0.1          |
|    clip_range_vf                  | 0.2          |
|    entropy_loss                   | 35.1         |
|    explained_variance             | 0.892        |
|    learning_rate                  | 1e-07        |
|    loss                           | 0.759        |
|    n_updates                      | 1990         |
|    policy_gradient_loss           | -0.000435    |
|    std                            | 0.0595       |
|    std_max                        | 0.0601       |
|    std_min                        | 0.0589       |
|    value_loss                     | 0.405        |
----------------------------------------------------
-----------------------------------------------------
| rollout/                          |               |
|    action_saturation_fraction     | 0             |
|    ep_len_mean                    | 888           |
|    ep_rew_mean                    | 586           |
|    episodes_noforce               | 152           |
|    force_direction_mean           | -1            |
|    force_onset_mean               | 1.4           |
|    force_requested_impulse_mean   | 0             |
|    is_fall_mean                   | 0.329         |
|    is_timeout_mean                | 0.671         |
|    recovery_noforce               | 0.671         |
|    timeout_without_onset_fraction | 0             |
|    timeouts                       | 102           |
| time/                             |               |
|    fps                            | 2158          |
|    iterations                     | 47            |
|    time_elapsed                   | 2854          |
|    total_timesteps                | 6160384       |
| train/                            |               |
|    action_std_00                  | 0.0589        |
|    action_std_01                  | 0.0591        |
|    action_std_02                  | 0.0593        |
|    action_std_03                  | 0.0599        |
|    action_std_04                  | 0.0599        |
|    action_std_05                  | 0.0601        |
|    action_std_06                  | 0.0594        |
|    action_std_07                  | 0.0596        |
|    action_std_08                  | 0.0591        |
|    action_std_09                  | 0.0595        |
|    action_std_10                  | 0.0594        |
|    action_std_11                  | 0.0596        |
|    action_std_12                  | 0.059         |
|    action_std_13                  | 0.0595        |
|    action_std_14                  | 0.0594        |
|    action_std_15                  | 0.0593        |
|    action_std_16                  | 0.0596        |
|    action_std_17                  | 0.0592        |
|    action_std_18                  | 0.0599        |
|    action_std_19                  | 0.06          |
|    action_std_20                  | 0.0592        |
|    action_std_21                  | 0.0592        |
|    action_std_22                  | 0.0589        |
|    action_std_23                  | 0.0597        |
|    action_std_24                  | 0.0596        |
|    approx_kl                      | 9.5382275e-05 |
|    clip_fraction                  | 0             |
|    clip_range                     | 0.1           |
|    clip_range_vf                  | 0.2           |
|    entropy_loss                   | 35.1          |
|    explained_variance             | 0.888         |
|    learning_rate                  | 1e-07         |
|    loss                           | 0.7           |
|    n_updates                      | 2000          |
|    policy_gradient_loss           | -0.000442     |
|    std                            | 0.0595        |
|    std_max                        | 0.0601        |
|    std_min                        | 0.0589        |
|    value_loss                     | 0.38          |
-----------------------------------------------------
-----------------------------------------------------
| rollout/                          |               |
|    action_saturation_fraction     | 0             |
|    ep_len_mean                    | 884           |
|    ep_rew_mean                    | 582           |
|    episodes_noforce               | 140           |
|    force_direction_mean           | -1            |
|    force_onset_mean               | 1.4           |
|    force_requested_impulse_mean   | 0             |
|    is_fall_mean                   | 0.257         |
|    is_timeout_mean                | 0.743         |
|    recovery_noforce               | 0.743         |
|    timeout_without_onset_fraction | 0             |
|    timeouts                       | 104           |
| time/                             |               |
|    fps                            | 2157          |
|    iterations                     | 48            |
|    time_elapsed                   | 2916          |
|    total_timesteps                | 6291456       |
| train/                            |               |
|    action_std_00                  | 0.0589        |
|    action_std_01                  | 0.0591        |
|    action_std_02                  | 0.0593        |
|    action_std_03                  | 0.0599        |
|    action_std_04                  | 0.0599        |
|    action_std_05                  | 0.0601        |
|    action_std_06                  | 0.0594        |
|    action_std_07                  | 0.0596        |
|    action_std_08                  | 0.0591        |
|    action_std_09                  | 0.0595        |
|    action_std_10                  | 0.0594        |
|    action_std_11                  | 0.0596        |
|    action_std_12                  | 0.059         |
|    action_std_13                  | 0.0595        |
|    action_std_14                  | 0.0594        |
|    action_std_15                  | 0.0593        |
|    action_std_16                  | 0.0596        |
|    action_std_17                  | 0.0592        |
|    action_std_18                  | 0.0599        |
|    action_std_19                  | 0.06          |
|    action_std_20                  | 0.0592        |
|    action_std_21                  | 0.0592        |
|    action_std_22                  | 0.0589        |
|    action_std_23                  | 0.0597        |
|    action_std_24                  | 0.0596        |
|    approx_kl                      | 8.0580634e-05 |
|    clip_fraction                  | 0             |
|    clip_range                     | 0.1           |
|    clip_range_vf                  | 0.2           |
|    entropy_loss                   | 35.1          |
|    explained_variance             | 0.887         |
|    learning_rate                  | 1e-07         |
|    loss                           | 0.684         |
|    n_updates                      | 2010          |
|    policy_gradient_loss           | -0.000381     |
|    std                            | 0.0595        |
|    std_max                        | 0.0601        |
|    std_min                        | 0.0589        |
|    value_loss                     | 0.399         |
-----------------------------------------------------
-----------------------------------------------------
| rollout/                          |               |
|    action_saturation_fraction     | 0             |
|    ep_len_mean                    | 831           |
|    ep_rew_mean                    | 546           |
|    episodes_noforce               | 170           |
|    force_direction_mean           | -1            |
|    force_onset_mean               | 1.38          |
|    force_requested_impulse_mean   | 0             |
|    is_fall_mean                   | 0.365         |
|    is_timeout_mean                | 0.635         |
|    recovery_noforce               | 0.635         |
|    timeout_without_onset_fraction | 0             |
|    timeouts                       | 108           |
| time/                             |               |
|    fps                            | 2156          |
|    iterations                     | 49            |
|    time_elapsed                   | 2977          |
|    total_timesteps                | 6422528       |
| train/                            |               |
|    action_std_00                  | 0.0589        |
|    action_std_01                  | 0.0591        |
|    action_std_02                  | 0.0593        |
|    action_std_03                  | 0.0599        |
|    action_std_04                  | 0.0599        |
|    action_std_05                  | 0.0601        |
|    action_std_06                  | 0.0594        |
|    action_std_07                  | 0.0596        |
|    action_std_08                  | 0.0591        |
|    action_std_09                  | 0.0595        |
|    action_std_10                  | 0.0594        |
|    action_std_11                  | 0.0596        |
|    action_std_12                  | 0.059         |
|    action_std_13                  | 0.0595        |
|    action_std_14                  | 0.0594        |
|    action_std_15                  | 0.0593        |
|    action_std_16                  | 0.0596        |
|    action_std_17                  | 0.0592        |
|    action_std_18                  | 0.0599        |
|    action_std_19                  | 0.06          |
|    action_std_20                  | 0.0592        |
|    action_std_21                  | 0.0592        |
|    action_std_22                  | 0.0589        |
|    action_std_23                  | 0.0597        |
|    action_std_24                  | 0.0596        |
|    approx_kl                      | 0.00011114169 |
|    clip_fraction                  | 0             |
|    clip_range                     | 0.1           |
|    clip_range_vf                  | 0.2           |
|    entropy_loss                   | 35.1          |
|    explained_variance             | 0.873         |
|    learning_rate                  | 1e-07         |
|    loss                           | 0.703         |
|    n_updates                      | 2020          |
|    policy_gradient_loss           | -0.000451     |
|    std                            | 0.0595        |
|    std_max                        | 0.0601        |
|    std_min                        | 0.0589        |
|    value_loss                     | 0.379         |
-----------------------------------------------------
[HumanoidEnv] Reset state env_id=0 z=0.278604 rpy=[-0.00216159, 0.00086783, 0.00114452]
[HumanoidEnv] Reset state env_id=0 z=0.303017 rpy=[0.00199265, -0.0030285, -0.000228765]
[HumanoidEnv] Reset state env_id=0 z=0.312524 rpy=[-0.00125036, -0.00101102, 0.000464127]
[HumanoidEnv] unhealthy terminate at step=916 z=0.194179 rpy=[-1.81871, 0.405649, 0.303792] v_body=[-0.656691, -1.09116, -0.343091]
[HumanoidEnv] Reset state env_id=0 z=0.315088 rpy=[-0.00130293, -0.00207746, 0.000335747]
[HumanoidEnv] unhealthy terminate at step=459 z=0.195211 rpy=[-2.85654, 0.0854735, -2.87899] v_body=[-0.484921, 0.228951, 1.11498]
-----------------------------------------------------
| rollout/                          |               |
|    action_saturation_fraction     | 0             |
|    ep_len_mean                    | 860           |
|    ep_rew_mean                    | 566           |
|    episodes_noforce               | 137           |
|    force_direction_mean           | -1            |
|    force_onset_mean               | 1.39          |
|    force_requested_impulse_mean   | 0             |
|    is_fall_mean                   | 0.343         |
|    is_timeout_mean                | 0.657         |
|    recovery_noforce               | 0.657         |
|    timeout_without_onset_fraction | 0             |
|    timeouts                       | 90            |
| time/                             |               |
|    fps                            | 2156          |
|    iterations                     | 50            |
|    time_elapsed                   | 3039          |
|    total_timesteps                | 6553600       |
| train/                            |               |
|    action_std_00                  | 0.0589        |
|    action_std_01                  | 0.0591        |
|    action_std_02                  | 0.0593        |
|    action_std_03                  | 0.0599        |
|    action_std_04                  | 0.0599        |
|    action_std_05                  | 0.0601        |
|    action_std_06                  | 0.0594        |
|    action_std_07                  | 0.0596        |
|    action_std_08                  | 0.0591        |
|    action_std_09                  | 0.0595        |
|    action_std_10                  | 0.0594        |
|    action_std_11                  | 0.0596        |
|    action_std_12                  | 0.059         |
|    action_std_13                  | 0.0595        |
|    action_std_14                  | 0.0594        |
|    action_std_15                  | 0.0593        |
|    action_std_16                  | 0.0596        |
|    action_std_17                  | 0.0592        |
|    action_std_18                  | 0.0599        |
|    action_std_19                  | 0.06          |
|    action_std_20                  | 0.0592        |
|    action_std_21                  | 0.0592        |
|    action_std_22                  | 0.0589        |
|    action_std_23                  | 0.0597        |
|    action_std_24                  | 0.0596        |
|    approx_kl                      | 0.00012461259 |
|    clip_fraction                  | 0             |
|    clip_range                     | 0.1           |
|    clip_range_vf                  | 0.2           |
|    entropy_loss                   | 35.1          |
|    explained_variance             | 0.888         |
|    learning_rate                  | 1e-07         |
|    loss                           | 0.759         |
|    n_updates                      | 2030          |
|    policy_gradient_loss           | -0.000471     |
|    std                            | 0.0595        |
|    std_max                        | 0.0601        |
|    std_min                        | 0.0589        |
|    value_loss                     | 0.413         |
-----------------------------------------------------
------------------------------------------------------
| rollout/                          |                |
|    action_saturation_fraction     | 0              |
|    ep_len_mean                    | 874            |
|    ep_rew_mean                    | 576            |
|    episodes_noforce               | 157            |
|    force_direction_mean           | -1             |
|    force_onset_mean               | 1.4            |
|    force_requested_impulse_mean   | 0              |
|    is_fall_mean                   | 0.35           |
|    is_timeout_mean                | 0.65           |
|    recovery_noforce               | 0.65           |
|    timeout_without_onset_fraction | 0              |
|    timeouts                       | 102            |
| time/                             |                |
|    fps                            | 2155           |
|    iterations                     | 51             |
|    time_elapsed                   | 3100           |
|    total_timesteps                | 6684672        |
| train/                            |                |
|    action_std_00                  | 0.0589         |
|    action_std_01                  | 0.0591         |
|    action_std_02                  | 0.0593         |
|    action_std_03                  | 0.0599         |
|    action_std_04                  | 0.0599         |
|    action_std_05                  | 0.0601         |
|    action_std_06                  | 0.0594         |
|    action_std_07                  | 0.0596         |
|    action_std_08                  | 0.0591         |
|    action_std_09                  | 0.0595         |
|    action_std_10                  | 0.0594         |
|    action_std_11                  | 0.0596         |
|    action_std_12                  | 0.059          |
|    action_std_13                  | 0.0595         |
|    action_std_14                  | 0.0594         |
|    action_std_15                  | 0.0593         |
|    action_std_16                  | 0.0596         |
|    action_std_17                  | 0.0592         |
|    action_std_18                  | 0.0599         |
|    action_std_19                  | 0.06           |
|    action_std_20                  | 0.0592         |
|    action_std_21                  | 0.0592         |
|    action_std_22                  | 0.0589         |
|    action_std_23                  | 0.0597         |
|    action_std_24                  | 0.0596         |
|    approx_kl                      | 0.000104495964 |
|    clip_fraction                  | 0              |
|    clip_range                     | 0.1            |
|    clip_range_vf                  | 0.2            |
|    entropy_loss                   | 35.1           |
|    explained_variance             | 0.886          |
|    learning_rate                  | 1e-07          |
|    loss                           | 0.637          |
|    n_updates                      | 2040           |
|    policy_gradient_loss           | -0.000411      |
|    std                            | 0.0595         |
|    std_max                        | 0.0601         |
|    std_min                        | 0.0589         |
|    value_loss                     | 0.378          |
------------------------------------------------------
-----------------------------------------------------
| rollout/                          |               |
|    action_saturation_fraction     | 0             |
|    ep_len_mean                    | 856           |
|    ep_rew_mean                    | 565           |
|    episodes_noforce               | 155           |
|    force_direction_mean           | -1            |
|    force_onset_mean               | 1.4           |
|    force_requested_impulse_mean   | 0             |
|    is_fall_mean                   | 0.374         |
|    is_timeout_mean                | 0.626         |
|    recovery_noforce               | 0.626         |
|    timeout_without_onset_fraction | 0             |
|    timeouts                       | 97            |
| time/                             |               |
|    fps                            | 2155          |
|    iterations                     | 52            |
|    time_elapsed                   | 3161          |
|    total_timesteps                | 6815744       |
| train/                            |               |
|    action_std_00                  | 0.0589        |
|    action_std_01                  | 0.0591        |
|    action_std_02                  | 0.0593        |
|    action_std_03                  | 0.0599        |
|    action_std_04                  | 0.0599        |
|    action_std_05                  | 0.0601        |
|    action_std_06                  | 0.0594        |
|    action_std_07                  | 0.0596        |
|    action_std_08                  | 0.0591        |
|    action_std_09                  | 0.0595        |
|    action_std_10                  | 0.0594        |
|    action_std_11                  | 0.0596        |
|    action_std_12                  | 0.059         |
|    action_std_13                  | 0.0595        |
|    action_std_14                  | 0.0594        |
|    action_std_15                  | 0.0593        |
|    action_std_16                  | 0.0596        |
|    action_std_17                  | 0.0592        |
|    action_std_18                  | 0.0599        |
|    action_std_19                  | 0.06          |
|    action_std_20                  | 0.0592        |
|    action_std_21                  | 0.0592        |
|    action_std_22                  | 0.0589        |
|    action_std_23                  | 0.0597        |
|    action_std_24                  | 0.0596        |
|    approx_kl                      | 9.6954354e-05 |
|    clip_fraction                  | 0             |
|    clip_range                     | 0.1           |
|    clip_range_vf                  | 0.2           |
|    entropy_loss                   | 35.1          |
|    explained_variance             | 0.893         |
|    learning_rate                  | 1e-07         |
|    loss                           | 0.673         |
|    n_updates                      | 2050          |
|    policy_gradient_loss           | -0.000413     |
|    std                            | 0.0595        |
|    std_max                        | 0.0601        |
|    std_min                        | 0.0589        |
|    value_loss                     | 0.397         |
-----------------------------------------------------
----------------------------------------------------
| rollout/                          |              |
|    action_saturation_fraction     | 0            |
|    ep_len_mean                    | 852          |
|    ep_rew_mean                    | 562          |
|    episodes_noforce               | 156          |
|    force_direction_mean           | -1           |
|    force_onset_mean               | 1.4          |
|    force_requested_impulse_mean   | 0            |
|    is_fall_mean                   | 0.346        |
|    is_timeout_mean                | 0.654        |
|    recovery_noforce               | 0.654        |
|    timeout_without_onset_fraction | 0            |
|    timeouts                       | 102          |
| time/                             |              |
|    fps                            | 2155         |
|    iterations                     | 53           |
|    time_elapsed                   | 3223         |
|    total_timesteps                | 6946816      |
| train/                            |              |
|    action_std_00                  | 0.0589       |
|    action_std_01                  | 0.0591       |
|    action_std_02                  | 0.0593       |
|    action_std_03                  | 0.0599       |
|    action_std_04                  | 0.0599       |
|    action_std_05                  | 0.0601       |
|    action_std_06                  | 0.0594       |
|    action_std_07                  | 0.0596       |
|    action_std_08                  | 0.0591       |
|    action_std_09                  | 0.0595       |
|    action_std_10                  | 0.0594       |
|    action_std_11                  | 0.0596       |
|    action_std_12                  | 0.059        |
|    action_std_13                  | 0.0595       |
|    action_std_14                  | 0.0594       |
|    action_std_15                  | 0.0593       |
|    action_std_16                  | 0.0596       |
|    action_std_17                  | 0.0592       |
|    action_std_18                  | 0.0599       |
|    action_std_19                  | 0.06         |
|    action_std_20                  | 0.0592       |
|    action_std_21                  | 0.0592       |
|    action_std_22                  | 0.0589       |
|    action_std_23                  | 0.0597       |
|    action_std_24                  | 0.0596       |
|    approx_kl                      | 9.689947e-05 |
|    clip_fraction                  | 0            |
|    clip_range                     | 0.1          |
|    clip_range_vf                  | 0.2          |
|    entropy_loss                   | 35.1         |
|    explained_variance             | 0.888        |
|    learning_rate                  | 1e-07        |
|    loss                           | 0.748        |
|    n_updates                      | 2060         |
|    policy_gradient_loss           | -0.000413    |
|    std                            | 0.0595       |
|    std_max                        | 0.0601       |
|    std_min                        | 0.0589       |
|    value_loss                     | 0.423        |
----------------------------------------------------
----------------------------------------------------
| rollout/                          |              |
|    action_saturation_fraction     | 0            |
|    ep_len_mean                    | 860          |
|    ep_rew_mean                    | 564          |
|    episodes_noforce               | 153          |
|    force_direction_mean           | -1           |
|    force_onset_mean               | 1.41         |
|    force_requested_impulse_mean   | 0            |
|    is_fall_mean                   | 0.366        |
|    is_timeout_mean                | 0.634        |
|    recovery_noforce               | 0.634        |
|    timeout_without_onset_fraction | 0            |
|    timeouts                       | 97           |
| time/                             |              |
|    fps                            | 2154         |
|    iterations                     | 54           |
|    time_elapsed                   | 3285         |
|    total_timesteps                | 7077888      |
| train/                            |              |
|    action_std_00                  | 0.0589       |
|    action_std_01                  | 0.0591       |
|    action_std_02                  | 0.0593       |
|    action_std_03                  | 0.0599       |
|    action_std_04                  | 0.0599       |
|    action_std_05                  | 0.0601       |
|    action_std_06                  | 0.0594       |
|    action_std_07                  | 0.0596       |
|    action_std_08                  | 0.0591       |
|    action_std_09                  | 0.0595       |
|    action_std_10                  | 0.0594       |
|    action_std_11                  | 0.0596       |
|    action_std_12                  | 0.059        |
|    action_std_13                  | 0.0595       |
|    action_std_14                  | 0.0594       |
|    action_std_15                  | 0.0593       |
|    action_std_16                  | 0.0596       |
|    action_std_17                  | 0.0592       |
|    action_std_18                  | 0.0599       |
|    action_std_19                  | 0.06         |
|    action_std_20                  | 0.0592       |
|    action_std_21                  | 0.0592       |
|    action_std_22                  | 0.0589       |
|    action_std_23                  | 0.0597       |
|    action_std_24                  | 0.0596       |
|    approx_kl                      | 8.731439e-05 |
|    clip_fraction                  | 0            |
|    clip_range                     | 0.1          |
|    clip_range_vf                  | 0.2          |
|    entropy_loss                   | 35.1         |
|    explained_variance             | 0.886        |
|    learning_rate                  | 1e-07        |
|    loss                           | 0.827        |
|    n_updates                      | 2070         |
|    policy_gradient_loss           | -0.000373    |
|    std                            | 0.0595       |
|    std_max                        | 0.0601       |
|    std_min                        | 0.0589       |
|    value_loss                     | 0.422        |
----------------------------------------------------
[HumanoidEnv] Reset state env_id=0 z=0.30971 rpy=[-0.00261727, -0.000965076, 0.000563679]
[HumanoidEnv] Reset state env_id=0 z=0.293434 rpy=[-0.00215647, -0.00120688, 0.000473881]
[HumanoidEnv] Reset state env_id=0 z=0.290152 rpy=[-0.00243377, 0.000554628, 0.000957486]
[HumanoidEnv] unhealthy terminate at step=528 z=0.19609 rpy=[2.5269, 0.215135, -0.865233] v_body=[-0.482961, 0.356552, 0.720355]
----------------------------------------------------
| rollout/                          |              |
|    action_saturation_fraction     | 0            |
|    ep_len_mean                    | 822          |
|    ep_rew_mean                    | 541          |
|    episodes_noforce               | 159          |
|    force_direction_mean           | -1           |
|    force_onset_mean               | 1.41         |
|    force_requested_impulse_mean   | 0            |
|    is_fall_mean                   | 0.409        |
|    is_timeout_mean                | 0.591        |
|    recovery_noforce               | 0.591        |
|    timeout_without_onset_fraction | 0            |
|    timeouts                       | 94           |
| time/                             |              |
|    fps                            | 2154         |
|    iterations                     | 55           |
|    time_elapsed                   | 3346         |
|    total_timesteps                | 7208960      |
| train/                            |              |
|    action_std_00                  | 0.0589       |
|    action_std_01                  | 0.0591       |
|    action_std_02                  | 0.0593       |
|    action_std_03                  | 0.0599       |
|    action_std_04                  | 0.0599       |
|    action_std_05                  | 0.0601       |
|    action_std_06                  | 0.0594       |
|    action_std_07                  | 0.0596       |
|    action_std_08                  | 0.0591       |
|    action_std_09                  | 0.0595       |
|    action_std_10                  | 0.0594       |
|    action_std_11                  | 0.0596       |
|    action_std_12                  | 0.059        |
|    action_std_13                  | 0.0595       |
|    action_std_14                  | 0.0594       |
|    action_std_15                  | 0.0593       |
|    action_std_16                  | 0.0596       |
|    action_std_17                  | 0.0592       |
|    action_std_18                  | 0.0599       |
|    action_std_19                  | 0.06         |
|    action_std_20                  | 0.0592       |
|    action_std_21                  | 0.0592       |
|    action_std_22                  | 0.0589       |
|    action_std_23                  | 0.0597       |
|    action_std_24                  | 0.0596       |
|    approx_kl                      | 8.652755e-05 |
|    clip_fraction                  | 0            |
|    clip_range                     | 0.1          |
|    clip_range_vf                  | 0.2          |
|    entropy_loss                   | 35.1         |
|    explained_variance             | 0.895        |
|    learning_rate                  | 1e-07        |
|    loss                           | 0.769        |
|    n_updates                      | 2080         |
|    policy_gradient_loss           | -0.000405    |
|    std                            | 0.0595       |
|    std_max                        | 0.0601       |
|    std_min                        | 0.0589       |
|    value_loss                     | 0.417        |
----------------------------------------------------
----------------------------------------------------
| rollout/                          |              |
|    action_saturation_fraction     | 0            |
|    ep_len_mean                    | 835          |
|    ep_rew_mean                    | 549          |
|    episodes_noforce               | 148          |
|    force_direction_mean           | -1           |
|    force_onset_mean               | 1.4          |
|    force_requested_impulse_mean   | 0            |
|    is_fall_mean                   | 0.345        |
|    is_timeout_mean                | 0.655        |
|    recovery_noforce               | 0.655        |
|    timeout_without_onset_fraction | 0            |
|    timeouts                       | 97           |
| time/                             |              |
|    fps                            | 2153         |
|    iterations                     | 56           |
|    time_elapsed                   | 3408         |
|    total_timesteps                | 7340032      |
| train/                            |              |
|    action_std_00                  | 0.0589       |
|    action_std_01                  | 0.0591       |
|    action_std_02                  | 0.0593       |
|    action_std_03                  | 0.0599       |
|    action_std_04                  | 0.0599       |
|    action_std_05                  | 0.0601       |
|    action_std_06                  | 0.0594       |
|    action_std_07                  | 0.0596       |
|    action_std_08                  | 0.0591       |
|    action_std_09                  | 0.0595       |
|    action_std_10                  | 0.0594       |
|    action_std_11                  | 0.0596       |
|    action_std_12                  | 0.059        |
|    action_std_13                  | 0.0595       |
|    action_std_14                  | 0.0594       |
|    action_std_15                  | 0.0593       |
|    action_std_16                  | 0.0596       |
|    action_std_17                  | 0.0592       |
|    action_std_18                  | 0.0599       |
|    action_std_19                  | 0.06         |
|    action_std_20                  | 0.0592       |
|    action_std_21                  | 0.0592       |
|    action_std_22                  | 0.0589       |
|    action_std_23                  | 0.0597       |
|    action_std_24                  | 0.0596       |
|    approx_kl                      | 7.042079e-05 |
|    clip_fraction                  | 0            |
|    clip_range                     | 0.1          |
|    clip_range_vf                  | 0.2          |
|    entropy_loss                   | 35.1         |
|    explained_variance             | 0.895        |
|    learning_rate                  | 1e-07        |
|    loss                           | 0.777        |
|    n_updates                      | 2090         |
|    policy_gradient_loss           | -0.000362    |
|    std                            | 0.0595       |
|    std_max                        | 0.0601       |
|    std_min                        | 0.0589       |
|    value_loss                     | 0.422        |
----------------------------------------------------
-----------------------------------------------------
| rollout/                          |               |
|    action_saturation_fraction     | 0             |
|    ep_len_mean                    | 847           |
|    ep_rew_mean                    | 558           |
|    episodes_noforce               | 162           |
|    force_direction_mean           | -1            |
|    force_onset_mean               | 1.4           |
|    force_requested_impulse_mean   | 0             |
|    is_fall_mean                   | 0.364         |
|    is_timeout_mean                | 0.636         |
|    recovery_noforce               | 0.636         |
|    timeout_without_onset_fraction | 0             |
|    timeouts                       | 103           |
| time/                             |               |
|    fps                            | 2153          |
|    iterations                     | 57            |
|    time_elapsed                   | 3469          |
|    total_timesteps                | 7471104       |
| train/                            |               |
|    action_std_00                  | 0.0589        |
|    action_std_01                  | 0.0591        |
|    action_std_02                  | 0.0593        |
|    action_std_03                  | 0.0599        |
|    action_std_04                  | 0.0599        |
|    action_std_05                  | 0.0601        |
|    action_std_06                  | 0.0594        |
|    action_std_07                  | 0.0596        |
|    action_std_08                  | 0.0591        |
|    action_std_09                  | 0.0595        |
|    action_std_10                  | 0.0594        |
|    action_std_11                  | 0.0596        |
|    action_std_12                  | 0.059         |
|    action_std_13                  | 0.0595        |
|    action_std_14                  | 0.0594        |
|    action_std_15                  | 0.0593        |
|    action_std_16                  | 0.0596        |
|    action_std_17                  | 0.0592        |
|    action_std_18                  | 0.0599        |
|    action_std_19                  | 0.06          |
|    action_std_20                  | 0.0592        |
|    action_std_21                  | 0.0592        |
|    action_std_22                  | 0.0589        |
|    action_std_23                  | 0.0597        |
|    action_std_24                  | 0.0596        |
|    approx_kl                      | 8.3525985e-05 |
|    clip_fraction                  | 0             |
|    clip_range                     | 0.1           |
|    clip_range_vf                  | 0.2           |
|    entropy_loss                   | 35.1          |
|    explained_variance             | 0.879         |
|    learning_rate                  | 1e-07         |
|    loss                           | 0.72          |
|    n_updates                      | 2100          |
|    policy_gradient_loss           | -0.000347     |
|    std                            | 0.0595        |
|    std_max                        | 0.0601        |
|    std_min                        | 0.0589        |
|    value_loss                     | 0.409         |
-----------------------------------------------------
-----------------------------------------------------
| rollout/                          |               |
|    action_saturation_fraction     | 0             |
|    ep_len_mean                    | 900           |
|    ep_rew_mean                    | 594           |
|    episodes_noforce               | 135           |
|    force_direction_mean           | -1            |
|    force_onset_mean               | 1.41          |
|    force_requested_impulse_mean   | 0             |
|    is_fall_mean                   | 0.333         |
|    is_timeout_mean                | 0.667         |
|    recovery_noforce               | 0.667         |
|    timeout_without_onset_fraction | 0             |
|    timeouts                       | 90            |
| time/                             |               |
|    fps                            | 2152          |
|    iterations                     | 58            |
|    time_elapsed                   | 3531          |
|    total_timesteps                | 7602176       |
| train/                            |               |
|    action_std_00                  | 0.0589        |
|    action_std_01                  | 0.0591        |
|    action_std_02                  | 0.0593        |
|    action_std_03                  | 0.0599        |
|    action_std_04                  | 0.0599        |
|    action_std_05                  | 0.0601        |
|    action_std_06                  | 0.0594        |
|    action_std_07                  | 0.0596        |
|    action_std_08                  | 0.0591        |
|    action_std_09                  | 0.0595        |
|    action_std_10                  | 0.0594        |
|    action_std_11                  | 0.0596        |
|    action_std_12                  | 0.059         |
|    action_std_13                  | 0.0595        |
|    action_std_14                  | 0.0594        |
|    action_std_15                  | 0.0593        |
|    action_std_16                  | 0.0596        |
|    action_std_17                  | 0.0592        |
|    action_std_18                  | 0.0599        |
|    action_std_19                  | 0.06          |
|    action_std_20                  | 0.0592        |
|    action_std_21                  | 0.0592        |
|    action_std_22                  | 0.0589        |
|    action_std_23                  | 0.0597        |
|    action_std_24                  | 0.0596        |
|    approx_kl                      | 0.00012557398 |
|    clip_fraction                  | 0             |
|    clip_range                     | 0.1           |
|    clip_range_vf                  | 0.2           |
|    entropy_loss                   | 35.1          |
|    explained_variance             | 0.894         |
|    learning_rate                  | 1e-07         |
|    loss                           | 0.743         |
|    n_updates                      | 2110          |
|    policy_gradient_loss           | -0.000471     |
|    std                            | 0.0595        |
|    std_max                        | 0.0601        |
|    std_min                        | 0.0589        |
|    value_loss                     | 0.388         |
-----------------------------------------------------
-----------------------------------------------------
| rollout/                          |               |
|    action_saturation_fraction     | 0             |
|    ep_len_mean                    | 867           |
|    ep_rew_mean                    | 571           |
|    episodes_noforce               | 164           |
|    force_direction_mean           | -1            |
|    force_onset_mean               | 1.4           |
|    force_requested_impulse_mean   | 0             |
|    is_fall_mean                   | 0.299         |
|    is_timeout_mean                | 0.701         |
|    recovery_noforce               | 0.701         |
|    timeout_without_onset_fraction | 0             |
|    timeouts                       | 115           |
| time/                             |               |
|    fps                            | 2152          |
|    iterations                     | 59            |
|    time_elapsed                   | 3593          |
|    total_timesteps                | 7733248       |
| train/                            |               |
|    action_std_00                  | 0.0589        |
|    action_std_01                  | 0.0591        |
|    action_std_02                  | 0.0593        |
|    action_std_03                  | 0.0599        |
|    action_std_04                  | 0.0599        |
|    action_std_05                  | 0.0601        |
|    action_std_06                  | 0.0594        |
|    action_std_07                  | 0.0596        |
|    action_std_08                  | 0.0591        |
|    action_std_09                  | 0.0595        |
|    action_std_10                  | 0.0594        |
|    action_std_11                  | 0.0596        |
|    action_std_12                  | 0.059         |
|    action_std_13                  | 0.0595        |
|    action_std_14                  | 0.0594        |
|    action_std_15                  | 0.0593        |
|    action_std_16                  | 0.0596        |
|    action_std_17                  | 0.0592        |
|    action_std_18                  | 0.0599        |
|    action_std_19                  | 0.06          |
|    action_std_20                  | 0.0592        |
|    action_std_21                  | 0.0592        |
|    action_std_22                  | 0.0589        |
|    action_std_23                  | 0.0597        |
|    action_std_24                  | 0.0596        |
|    approx_kl                      | 0.00012412813 |
|    clip_fraction                  | 0             |
|    clip_range                     | 0.1           |
|    clip_range_vf                  | 0.2           |
|    entropy_loss                   | 35.1          |
|    explained_variance             | 0.887         |
|    learning_rate                  | 1e-07         |
|    loss                           | 0.744         |
|    n_updates                      | 2120          |
|    policy_gradient_loss           | -0.000484     |
|    std                            | 0.0595        |
|    std_max                        | 0.0601        |
|    std_min                        | 0.0589        |
|    value_loss                     | 0.372         |
-----------------------------------------------------
----------------------------------------------------
| rollout/                          |              |
|    action_saturation_fraction     | 0            |
|    ep_len_mean                    | 884          |
|    ep_rew_mean                    | 583          |
|    episodes_noforce               | 144          |
|    force_direction_mean           | -1           |
|    force_onset_mean               | 1.41         |
|    force_requested_impulse_mean   | 0            |
|    is_fall_mean                   | 0.34         |
|    is_timeout_mean                | 0.66         |
|    recovery_noforce               | 0.66         |
|    timeout_without_onset_fraction | 0            |
|    timeouts                       | 95           |
| time/                             |              |
|    fps                            | 2151         |
|    iterations                     | 60           |
|    time_elapsed                   | 3654         |
|    total_timesteps                | 7864320      |
| train/                            |              |
|    action_std_00                  | 0.0589       |
|    action_std_01                  | 0.0591       |
|    action_std_02                  | 0.0593       |
|    action_std_03                  | 0.0599       |
|    action_std_04                  | 0.0599       |
|    action_std_05                  | 0.0601       |
|    action_std_06                  | 0.0594       |
|    action_std_07                  | 0.0596       |
|    action_std_08                  | 0.0591       |
|    action_std_09                  | 0.0595       |
|    action_std_10                  | 0.0594       |
|    action_std_11                  | 0.0596       |
|    action_std_12                  | 0.059        |
|    action_std_13                  | 0.0595       |
|    action_std_14                  | 0.0594       |
|    action_std_15                  | 0.0593       |
|    action_std_16                  | 0.0596       |
|    action_std_17                  | 0.0592       |
|    action_std_18                  | 0.0599       |
|    action_std_19                  | 0.06         |
|    action_std_20                  | 0.0592       |
|    action_std_21                  | 0.0592       |
|    action_std_22                  | 0.0589       |
|    action_std_23                  | 0.0597       |
|    action_std_24                  | 0.0596       |
|    approx_kl                      | 9.477217e-05 |
|    clip_fraction                  | 0            |
|    clip_range                     | 0.1          |
|    clip_range_vf                  | 0.2          |
|    entropy_loss                   | 35.1         |
|    explained_variance             | 0.89         |
|    learning_rate                  | 1e-07        |
|    loss                           | 0.707        |
|    n_updates                      | 2130         |
|    policy_gradient_loss           | -0.000412    |
|    std                            | 0.0595       |
|    std_max                        | 0.0601       |
|    std_min                        | 0.0589       |
|    value_loss                     | 0.372        |
----------------------------------------------------
----------------------------------------------------
| rollout/                          |              |
|    action_saturation_fraction     | 0            |
|    ep_len_mean                    | 846          |
|    ep_rew_mean                    | 558          |
|    episodes_noforce               | 151          |
|    force_direction_mean           | -1           |
|    force_onset_mean               | 1.41         |
|    force_requested_impulse_mean   | 0            |
|    is_fall_mean                   | 0.318        |
|    is_timeout_mean                | 0.682        |
|    recovery_noforce               | 0.682        |
|    timeout_without_onset_fraction | 0            |
|    timeouts                       | 103          |
| time/                             |              |
|    fps                            | 2151         |
|    iterations                     | 61           |
|    time_elapsed                   | 3716         |
|    total_timesteps                | 7995392      |
| train/                            |              |
|    action_std_00                  | 0.0589       |
|    action_std_01                  | 0.0591       |
|    action_std_02                  | 0.0593       |
|    action_std_03                  | 0.0599       |
|    action_std_04                  | 0.0599       |
|    action_std_05                  | 0.0601       |
|    action_std_06                  | 0.0594       |
|    action_std_07                  | 0.0596       |
|    action_std_08                  | 0.0591       |
|    action_std_09                  | 0.0595       |
|    action_std_10                  | 0.0594       |
|    action_std_11                  | 0.0596       |
|    action_std_12                  | 0.059        |
|    action_std_13                  | 0.0595       |
|    action_std_14                  | 0.0594       |
|    action_std_15                  | 0.0593       |
|    action_std_16                  | 0.0596       |
|    action_std_17                  | 0.0592       |
|    action_std_18                  | 0.0599       |
|    action_std_19                  | 0.06         |
|    action_std_20                  | 0.0592       |
|    action_std_21                  | 0.0592       |
|    action_std_22                  | 0.0589       |
|    action_std_23                  | 0.0597       |
|    action_std_24                  | 0.0596       |
|    approx_kl                      | 7.467644e-05 |
|    clip_fraction                  | 0            |
|    clip_range                     | 0.1          |
|    clip_range_vf                  | 0.2          |
|    entropy_loss                   | 35.1         |
|    explained_variance             | 0.881        |
|    learning_rate                  | 1e-07        |
|    loss                           | 0.792        |
|    n_updates                      | 2140         |
|    policy_gradient_loss           | -0.000378    |
|    std                            | 0.0595       |
|    std_max                        | 0.0601       |
|    std_min                        | 0.0589       |
|    value_loss                     | 0.395        |
----------------------------------------------------
INFO:root:VecNormalize statistics saved at: ./data/delta2_stage4_lr1e7/quadruped_ppo_model_ckpt_8000512_vecnormalize.pkl
INFO:root:Model saved at: ./data/delta2_stage4_lr1e7/quadruped_ppo_model_ckpt_8000512.zip
INFO:root:Checkpoint written at 8000512 timesteps
-----------------------------------------------------
| rollout/                          |               |
|    action_saturation_fraction     | 0             |
|    ep_len_mean                    | 836           |
|    ep_rew_mean                    | 548           |
|    episodes_noforce               | 170           |
|    force_direction_mean           | -1            |
|    force_onset_mean               | 1.39          |
|    force_requested_impulse_mean   | 0             |
|    is_fall_mean                   | 0.388         |
|    is_timeout_mean                | 0.612         |
|    recovery_noforce               | 0.612         |
|    timeout_without_onset_fraction | 0             |
|    timeouts                       | 104           |
| time/                             |               |
|    fps                            | 2151          |
|    iterations                     | 62            |
|    time_elapsed                   | 3777          |
|    total_timesteps                | 8126464       |
| train/                            |               |
|    action_std_00                  | 0.0589        |
|    action_std_01                  | 0.0591        |
|    action_std_02                  | 0.0593        |
|    action_std_03                  | 0.0599        |
|    action_std_04                  | 0.0599        |
|    action_std_05                  | 0.0601        |
|    action_std_06                  | 0.0594        |
|    action_std_07                  | 0.0596        |
|    action_std_08                  | 0.0591        |
|    action_std_09                  | 0.0595        |
|    action_std_10                  | 0.0594        |
|    action_std_11                  | 0.0596        |
|    action_std_12                  | 0.059         |
|    action_std_13                  | 0.0595        |
|    action_std_14                  | 0.0594        |
|    action_std_15                  | 0.0593        |
|    action_std_16                  | 0.0596        |
|    action_std_17                  | 0.0592        |
|    action_std_18                  | 0.0599        |
|    action_std_19                  | 0.06          |
|    action_std_20                  | 0.0592        |
|    action_std_21                  | 0.0592        |
|    action_std_22                  | 0.0589        |
|    action_std_23                  | 0.0597        |
|    action_std_24                  | 0.0596        |
|    approx_kl                      | 0.00011964471 |
|    clip_fraction                  | 0             |
|    clip_range                     | 0.1           |
|    clip_range_vf                  | 0.2           |
|    entropy_loss                   | 35.1          |
|    explained_variance             | 0.887         |
|    learning_rate                  | 1e-07         |
|    loss                           | 0.765         |
|    n_updates                      | 2150          |
|    policy_gradient_loss           | -0.0005       |
|    std                            | 0.0595        |
|    std_max                        | 0.0601        |
|    std_min                        | 0.0589        |
|    value_loss                     | 0.415         |
-----------------------------------------------------
----------------------------------------------------
| rollout/                          |              |
|    action_saturation_fraction     | 0            |
|    ep_len_mean                    | 835          |
|    ep_rew_mean                    | 545          |
|    episodes_noforce               | 142          |
|    force_direction_mean           | -1           |
|    force_onset_mean               | 1.39         |
|    force_requested_impulse_mean   | 0            |
|    is_fall_mean                   | 0.415        |
|    is_timeout_mean                | 0.585        |
|    recovery_noforce               | 0.585        |
|    timeout_without_onset_fraction | 0            |
|    timeouts                       | 83           |
| time/                             |              |
|    fps                            | 2150         |
|    iterations                     | 63           |
|    time_elapsed                   | 3839         |
|    total_timesteps                | 8257536      |
| train/                            |              |
|    action_std_00                  | 0.0589       |
|    action_std_01                  | 0.0591       |
|    action_std_02                  | 0.0593       |
|    action_std_03                  | 0.0599       |
|    action_std_04                  | 0.0599       |
|    action_std_05                  | 0.0601       |
|    action_std_06                  | 0.0594       |
|    action_std_07                  | 0.0596       |
|    action_std_08                  | 0.0591       |
|    action_std_09                  | 0.0595       |
|    action_std_10                  | 0.0594       |
|    action_std_11                  | 0.0596       |
|    action_std_12                  | 0.059        |
|    action_std_13                  | 0.0595       |
|    action_std_14                  | 0.0594       |
|    action_std_15                  | 0.0593       |
|    action_std_16                  | 0.0596       |
|    action_std_17                  | 0.0592       |
|    action_std_18                  | 0.0599       |
|    action_std_19                  | 0.06         |
|    action_std_20                  | 0.0592       |
|    action_std_21                  | 0.0592       |
|    action_std_22                  | 0.0589       |
|    action_std_23                  | 0.0597       |
|    action_std_24                  | 0.0596       |
|    approx_kl                      | 7.682623e-05 |
|    clip_fraction                  | 0            |
|    clip_range                     | 0.1          |
|    clip_range_vf                  | 0.2          |
|    entropy_loss                   | 35.1         |
|    explained_variance             | 0.887        |
|    learning_rate                  | 1e-07        |
|    loss                           | 0.806        |
|    n_updates                      | 2160         |
|    policy_gradient_loss           | -0.000367    |
|    std                            | 0.0595       |
|    std_max                        | 0.0601       |
|    std_min                        | 0.0589       |
|    value_loss                     | 0.483        |
----------------------------------------------------
[HumanoidEnv] Reset state env_id=0 z=0.278286 rpy=[-0.00220887, -0.000216302, 0.00120743]
[HumanoidEnv] Reset state env_id=0 z=0.31196 rpy=[0.000936476, -0.000859383, 9.29946e-05]
[HumanoidEnv] Reset state env_id=0 z=0.305741 rpy=[-0.00284479, -0.00304529, 1.44532e-05]
[HumanoidEnv] Reset state env_id=0 z=0.32098 rpy=[-0.0019544, -0.00314733, 0.000247856]
[HumanoidEnv] Reset state env_id=0 z=0.2818 rpy=[-0.00206517, -0.000861979, 0.000977783]
[HumanoidEnv] unhealthy terminate at step=399 z=0.194129 rpy=[-2.46539, 0.301303, -2.89924] v_body=[-2.55329, 0.459527, 0.597491]
-----------------------------------------------------
| rollout/                          |               |
|    action_saturation_fraction     | 0             |
|    ep_len_mean                    | 866           |
|    ep_rew_mean                    | 570           |
|    episodes_noforce               | 159           |
|    force_direction_mean           | -1            |
|    force_onset_mean               | 1.41          |
|    force_requested_impulse_mean   | 0             |
|    is_fall_mean                   | 0.308         |
|    is_timeout_mean                | 0.692         |
|    recovery_noforce               | 0.692         |
|    timeout_without_onset_fraction | 0             |
|    timeouts                       | 110           |
| time/                             |               |
|    fps                            | 2150          |
|    iterations                     | 64            |
|    time_elapsed                   | 3900          |
|    total_timesteps                | 8388608       |
| train/                            |               |
|    action_std_00                  | 0.0589        |
|    action_std_01                  | 0.0591        |
|    action_std_02                  | 0.0593        |
|    action_std_03                  | 0.0599        |
|    action_std_04                  | 0.0599        |
|    action_std_05                  | 0.0601        |
|    action_std_06                  | 0.0594        |
|    action_std_07                  | 0.0596        |
|    action_std_08                  | 0.0591        |
|    action_std_09                  | 0.0595        |
|    action_std_10                  | 0.0594        |
|    action_std_11                  | 0.0596        |
|    action_std_12                  | 0.059         |
|    action_std_13                  | 0.0595        |
|    action_std_14                  | 0.0594        |
|    action_std_15                  | 0.0593        |
|    action_std_16                  | 0.0596        |
|    action_std_17                  | 0.0592        |
|    action_std_18                  | 0.0599        |
|    action_std_19                  | 0.06          |
|    action_std_20                  | 0.0592        |
|    action_std_21                  | 0.0592        |
|    action_std_22                  | 0.0589        |
|    action_std_23                  | 0.0597        |
|    action_std_24                  | 0.0596        |
|    approx_kl                      | 0.00010438182 |
|    clip_fraction                  | 0             |
|    clip_range                     | 0.1           |
|    clip_range_vf                  | 0.2           |
|    entropy_loss                   | 35.1          |
|    explained_variance             | 0.893         |
|    learning_rate                  | 1e-07         |
|    loss                           | 0.777         |
|    n_updates                      | 2170          |
|    policy_gradient_loss           | -0.000426     |
|    std                            | 0.0595        |
|    std_max                        | 0.0601        |
|    std_min                        | 0.0589        |
|    value_loss                     | 0.427         |
-----------------------------------------------------
----------------------------------------------------
| rollout/                          |              |
|    action_saturation_fraction     | 0            |
|    ep_len_mean                    | 831          |
|    ep_rew_mean                    | 547          |
|    episodes_noforce               | 149          |
|    force_direction_mean           | -1           |
|    force_onset_mean               | 1.4          |
|    force_requested_impulse_mean   | 0            |
|    is_fall_mean                   | 0.356        |
|    is_timeout_mean                | 0.644        |
|    recovery_noforce               | 0.644        |
|    timeout_without_onset_fraction | 0            |
|    timeouts                       | 96           |
| time/                             |              |
|    fps                            | 2150         |
|    iterations                     | 65           |
|    time_elapsed                   | 3961         |
|    total_timesteps                | 8519680      |
| train/                            |              |
|    action_std_00                  | 0.0589       |
|    action_std_01                  | 0.0591       |
|    action_std_02                  | 0.0593       |
|    action_std_03                  | 0.0599       |
|    action_std_04                  | 0.0599       |
|    action_std_05                  | 0.0601       |
|    action_std_06                  | 0.0594       |
|    action_std_07                  | 0.0596       |
|    action_std_08                  | 0.0591       |
|    action_std_09                  | 0.0595       |
|    action_std_10                  | 0.0594       |
|    action_std_11                  | 0.0596       |
|    action_std_12                  | 0.059        |
|    action_std_13                  | 0.0595       |
|    action_std_14                  | 0.0594       |
|    action_std_15                  | 0.0593       |
|    action_std_16                  | 0.0596       |
|    action_std_17                  | 0.0592       |
|    action_std_18                  | 0.0599       |
|    action_std_19                  | 0.06         |
|    action_std_20                  | 0.0592       |
|    action_std_21                  | 0.0592       |
|    action_std_22                  | 0.0589       |
|    action_std_23                  | 0.0597       |
|    action_std_24                  | 0.0596       |
|    approx_kl                      | 7.937018e-05 |
|    clip_fraction                  | 0            |
|    clip_range                     | 0.1          |
|    clip_range_vf                  | 0.2          |
|    entropy_loss                   | 35.1         |
|    explained_variance             | 0.898        |
|    learning_rate                  | 1e-07        |
|    loss                           | 0.747        |
|    n_updates                      | 2180         |
|    policy_gradient_loss           | -0.000371    |
|    std                            | 0.0595       |
|    std_max                        | 0.0601       |
|    std_min                        | 0.0589       |
|    value_loss                     | 0.361        |
----------------------------------------------------
-----------------------------------------------------
| rollout/                          |               |
|    action_saturation_fraction     | 0             |
|    ep_len_mean                    | 894           |
|    ep_rew_mean                    | 590           |
|    episodes_noforce               | 154           |
|    force_direction_mean           | -1            |
|    force_onset_mean               | 1.4           |
|    force_requested_impulse_mean   | 0             |
|    is_fall_mean                   | 0.26          |
|    is_timeout_mean                | 0.74          |
|    recovery_noforce               | 0.74          |
|    timeout_without_onset_fraction | 0             |
|    timeouts                       | 114           |
| time/                             |               |
|    fps                            | 2150          |
|    iterations                     | 66            |
|    time_elapsed                   | 4023          |
|    total_timesteps                | 8650752       |
| train/                            |               |
|    action_std_00                  | 0.0589        |
|    action_std_01                  | 0.0591        |
|    action_std_02                  | 0.0593        |
|    action_std_03                  | 0.0599        |
|    action_std_04                  | 0.0599        |
|    action_std_05                  | 0.0601        |
|    action_std_06                  | 0.0594        |
|    action_std_07                  | 0.0596        |
|    action_std_08                  | 0.0591        |
|    action_std_09                  | 0.0595        |
|    action_std_10                  | 0.0594        |
|    action_std_11                  | 0.0596        |
|    action_std_12                  | 0.059         |
|    action_std_13                  | 0.0595        |
|    action_std_14                  | 0.0594        |
|    action_std_15                  | 0.0593        |
|    action_std_16                  | 0.0596        |
|    action_std_17                  | 0.0592        |
|    action_std_18                  | 0.0599        |
|    action_std_19                  | 0.06          |
|    action_std_20                  | 0.0592        |
|    action_std_21                  | 0.0592        |
|    action_std_22                  | 0.0589        |
|    action_std_23                  | 0.0597        |
|    action_std_24                  | 0.0596        |
|    approx_kl                      | 0.00012146936 |
|    clip_fraction                  | 0             |
|    clip_range                     | 0.1           |
|    clip_range_vf                  | 0.2           |
|    entropy_loss                   | 35.1          |
|    explained_variance             | 0.882         |
|    learning_rate                  | 1e-07         |
|    loss                           | 0.703         |
|    n_updates                      | 2190          |
|    policy_gradient_loss           | -0.000456     |
|    std                            | 0.0595        |
|    std_max                        | 0.0601        |
|    std_min                        | 0.0589        |
|    value_loss                     | 0.397         |
-----------------------------------------------------
-----------------------------------------------------
| rollout/                          |               |
|    action_saturation_fraction     | 0             |
|    ep_len_mean                    | 854           |
|    ep_rew_mean                    | 560           |
|    episodes_noforce               | 149           |
|    force_direction_mean           | -1            |
|    force_onset_mean               | 1.4           |
|    force_requested_impulse_mean   | 0             |
|    is_fall_mean                   | 0.356         |
|    is_timeout_mean                | 0.644         |
|    recovery_noforce               | 0.644         |
|    timeout_without_onset_fraction | 0             |
|    timeouts                       | 96            |
| time/                             |               |
|    fps                            | 2150          |
|    iterations                     | 67            |
|    time_elapsed                   | 4084          |
|    total_timesteps                | 8781824       |
| train/                            |               |
|    action_std_00                  | 0.0589        |
|    action_std_01                  | 0.0591        |
|    action_std_02                  | 0.0593        |
|    action_std_03                  | 0.0599        |
|    action_std_04                  | 0.0599        |
|    action_std_05                  | 0.0601        |
|    action_std_06                  | 0.0594        |
|    action_std_07                  | 0.0596        |
|    action_std_08                  | 0.0591        |
|    action_std_09                  | 0.0595        |
|    action_std_10                  | 0.0594        |
|    action_std_11                  | 0.0596        |
|    action_std_12                  | 0.059         |
|    action_std_13                  | 0.0595        |
|    action_std_14                  | 0.0594        |
|    action_std_15                  | 0.0593        |
|    action_std_16                  | 0.0596        |
|    action_std_17                  | 0.0592        |
|    action_std_18                  | 0.0599        |
|    action_std_19                  | 0.06          |
|    action_std_20                  | 0.0592        |
|    action_std_21                  | 0.0592        |
|    action_std_22                  | 0.0589        |
|    action_std_23                  | 0.0597        |
|    action_std_24                  | 0.0596        |
|    approx_kl                      | 0.00012507223 |
|    clip_fraction                  | 7.63e-07      |
|    clip_range                     | 0.1           |
|    clip_range_vf                  | 0.2           |
|    entropy_loss                   | 35.1          |
|    explained_variance             | 0.872         |
|    learning_rate                  | 1e-07         |
|    loss                           | 0.728         |
|    n_updates                      | 2200          |
|    policy_gradient_loss           | -0.000477     |
|    std                            | 0.0595        |
|    std_max                        | 0.0601        |
|    std_min                        | 0.0589        |
|    value_loss                     | 0.389         |
-----------------------------------------------------
-----------------------------------------------------
| rollout/                          |               |
|    action_saturation_fraction     | 0             |
|    ep_len_mean                    | 865           |
|    ep_rew_mean                    | 572           |
|    episodes_noforce               | 148           |
|    force_direction_mean           | -1            |
|    force_onset_mean               | 1.4           |
|    force_requested_impulse_mean   | 0             |
|    is_fall_mean                   | 0.304         |
|    is_timeout_mean                | 0.696         |
|    recovery_noforce               | 0.696         |
|    timeout_without_onset_fraction | 0             |
|    timeouts                       | 103           |
| time/                             |               |
|    fps                            | 2149          |
|    iterations                     | 68            |
|    time_elapsed                   | 4145          |
|    total_timesteps                | 8912896       |
| train/                            |               |
|    action_std_00                  | 0.0589        |
|    action_std_01                  | 0.0591        |
|    action_std_02                  | 0.0593        |
|    action_std_03                  | 0.0599        |
|    action_std_04                  | 0.0599        |
|    action_std_05                  | 0.0601        |
|    action_std_06                  | 0.0594        |
|    action_std_07                  | 0.0596        |
|    action_std_08                  | 0.0591        |
|    action_std_09                  | 0.0595        |
|    action_std_10                  | 0.0594        |
|    action_std_11                  | 0.0596        |
|    action_std_12                  | 0.059         |
|    action_std_13                  | 0.0595        |
|    action_std_14                  | 0.0594        |
|    action_std_15                  | 0.0593        |
|    action_std_16                  | 0.0596        |
|    action_std_17                  | 0.0592        |
|    action_std_18                  | 0.0599        |
|    action_std_19                  | 0.06          |
|    action_std_20                  | 0.0592        |
|    action_std_21                  | 0.0592        |
|    action_std_22                  | 0.0589        |
|    action_std_23                  | 0.0597        |
|    action_std_24                  | 0.0596        |
|    approx_kl                      | 0.00010359725 |
|    clip_fraction                  | 0             |
|    clip_range                     | 0.1           |
|    clip_range_vf                  | 0.2           |
|    entropy_loss                   | 35.1          |
|    explained_variance             | 0.891         |
|    learning_rate                  | 1e-07         |
|    loss                           | 0.727         |
|    n_updates                      | 2210          |
|    policy_gradient_loss           | -0.000452     |
|    std                            | 0.0595        |
|    std_max                        | 0.0601        |
|    std_min                        | 0.0589        |
|    value_loss                     | 0.388         |
-----------------------------------------------------
-----------------------------------------------------
| rollout/                          |               |
|    action_saturation_fraction     | 0             |
|    ep_len_mean                    | 826           |
|    ep_rew_mean                    | 540           |
|    episodes_noforce               | 157           |
|    force_direction_mean           | -1            |
|    force_onset_mean               | 1.39          |
|    force_requested_impulse_mean   | 0             |
|    is_fall_mean                   | 0.376         |
|    is_timeout_mean                | 0.624         |
|    recovery_noforce               | 0.624         |
|    timeout_without_onset_fraction | 0             |
|    timeouts                       | 98            |
| time/                             |               |
|    fps                            | 2149          |
|    iterations                     | 69            |
|    time_elapsed                   | 4207          |
|    total_timesteps                | 9043968       |
| train/                            |               |
|    action_std_00                  | 0.0589        |
|    action_std_01                  | 0.0591        |
|    action_std_02                  | 0.0593        |
|    action_std_03                  | 0.0599        |
|    action_std_04                  | 0.0599        |
|    action_std_05                  | 0.0601        |
|    action_std_06                  | 0.0594        |
|    action_std_07                  | 0.0596        |
|    action_std_08                  | 0.0591        |
|    action_std_09                  | 0.0595        |
|    action_std_10                  | 0.0594        |
|    action_std_11                  | 0.0596        |
|    action_std_12                  | 0.059         |
|    action_std_13                  | 0.0595        |
|    action_std_14                  | 0.0594        |
|    action_std_15                  | 0.0593        |
|    action_std_16                  | 0.0596        |
|    action_std_17                  | 0.0592        |
|    action_std_18                  | 0.0599        |
|    action_std_19                  | 0.06          |
|    action_std_20                  | 0.0592        |
|    action_std_21                  | 0.0592        |
|    action_std_22                  | 0.0589        |
|    action_std_23                  | 0.0597        |
|    action_std_24                  | 0.0596        |
|    approx_kl                      | 0.00010874466 |
|    clip_fraction                  | 0             |
|    clip_range                     | 0.1           |
|    clip_range_vf                  | 0.2           |
|    entropy_loss                   | 35.1          |
|    explained_variance             | 0.887         |
|    learning_rate                  | 1e-07         |
|    loss                           | 0.752         |
|    n_updates                      | 2220          |
|    policy_gradient_loss           | -0.000454     |
|    std                            | 0.0595        |
|    std_max                        | 0.0601        |
|    std_min                        | 0.0589        |
|    value_loss                     | 0.397         |
-----------------------------------------------------
-----------------------------------------------------
| rollout/                          |               |
|    action_saturation_fraction     | 0             |
|    ep_len_mean                    | 841           |
|    ep_rew_mean                    | 551           |
|    episodes_noforce               | 155           |
|    force_direction_mean           | -1            |
|    force_onset_mean               | 1.37          |
|    force_requested_impulse_mean   | 0             |
|    is_fall_mean                   | 0.329         |
|    is_timeout_mean                | 0.671         |
|    recovery_noforce               | 0.671         |
|    timeout_without_onset_fraction | 0             |
|    timeouts                       | 104           |
| time/                             |               |
|    fps                            | 2149          |
|    iterations                     | 70            |
|    time_elapsed                   | 4268          |
|    total_timesteps                | 9175040       |
| train/                            |               |
|    action_std_00                  | 0.0589        |
|    action_std_01                  | 0.0591        |
|    action_std_02                  | 0.0593        |
|    action_std_03                  | 0.0599        |
|    action_std_04                  | 0.0599        |
|    action_std_05                  | 0.0601        |
|    action_std_06                  | 0.0594        |
|    action_std_07                  | 0.0596        |
|    action_std_08                  | 0.0591        |
|    action_std_09                  | 0.0595        |
|    action_std_10                  | 0.0594        |
|    action_std_11                  | 0.0596        |
|    action_std_12                  | 0.059         |
|    action_std_13                  | 0.0595        |
|    action_std_14                  | 0.0594        |
|    action_std_15                  | 0.0593        |
|    action_std_16                  | 0.0596        |
|    action_std_17                  | 0.0592        |
|    action_std_18                  | 0.0599        |
|    action_std_19                  | 0.06          |
|    action_std_20                  | 0.0592        |
|    action_std_21                  | 0.0592        |
|    action_std_22                  | 0.0589        |
|    action_std_23                  | 0.0597        |
|    action_std_24                  | 0.0596        |
|    approx_kl                      | 9.0584654e-05 |
|    clip_fraction                  | 0             |
|    clip_range                     | 0.1           |
|    clip_range_vf                  | 0.2           |
|    entropy_loss                   | 35.1          |
|    explained_variance             | 0.895         |
|    learning_rate                  | 1e-07         |
|    loss                           | 0.77          |
|    n_updates                      | 2230          |
|    policy_gradient_loss           | -0.000406     |
|    std                            | 0.0595        |
|    std_max                        | 0.0601        |
|    std_min                        | 0.0589        |
|    value_loss                     | 0.417         |
-----------------------------------------------------
------------------------------------------------------
| rollout/                          |                |
|    action_saturation_fraction     | 0              |
|    ep_len_mean                    | 859            |
|    ep_rew_mean                    | 562            |
|    episodes_noforce               | 158            |
|    force_direction_mean           | -1             |
|    force_onset_mean               | 1.4            |
|    force_requested_impulse_mean   | 0              |
|    is_fall_mean                   | 0.38           |
|    is_timeout_mean                | 0.62           |
|    recovery_noforce               | 0.62           |
|    timeout_without_onset_fraction | 0              |
|    timeouts                       | 98             |
| time/                             |                |
|    fps                            | 2148           |
|    iterations                     | 71             |
|    time_elapsed                   | 4330           |
|    total_timesteps                | 9306112        |
| train/                            |                |
|    action_std_00                  | 0.0589         |
|    action_std_01                  | 0.0591         |
|    action_std_02                  | 0.0593         |
|    action_std_03                  | 0.0599         |
|    action_std_04                  | 0.0599         |
|    action_std_05                  | 0.0601         |
|    action_std_06                  | 0.0594         |
|    action_std_07                  | 0.0596         |
|    action_std_08                  | 0.0591         |
|    action_std_09                  | 0.0595         |
|    action_std_10                  | 0.0594         |
|    action_std_11                  | 0.0596         |
|    action_std_12                  | 0.059          |
|    action_std_13                  | 0.0595         |
|    action_std_14                  | 0.0594         |
|    action_std_15                  | 0.0593         |
|    action_std_16                  | 0.0596         |
|    action_std_17                  | 0.0592         |
|    action_std_18                  | 0.0599         |
|    action_std_19                  | 0.06           |
|    action_std_20                  | 0.0592         |
|    action_std_21                  | 0.0592         |
|    action_std_22                  | 0.0589         |
|    action_std_23                  | 0.0597         |
|    action_std_24                  | 0.0596         |
|    approx_kl                      | 0.000105374755 |
|    clip_fraction                  | 0              |
|    clip_range                     | 0.1            |
|    clip_range_vf                  | 0.2            |
|    entropy_loss                   | 35.1           |
|    explained_variance             | 0.891          |
|    learning_rate                  | 1e-07          |
|    loss                           | 0.821          |
|    n_updates                      | 2240           |
|    policy_gradient_loss           | -0.000463      |
|    std                            | 0.0595         |
|    std_max                        | 0.0601         |
|    std_min                        | 0.0589         |
|    value_loss                     | 0.388          |
------------------------------------------------------
[HumanoidEnv] Reset state env_id=0 z=0.288078 rpy=[-0.0020783, -0.00120032, 0.000395869]
[HumanoidEnv] Reset state env_id=0 z=0.321224 rpy=[-0.00155016, -0.00323313, 0.000183792]
[HumanoidEnv] Reset state env_id=0 z=0.320013 rpy=[-0.0023834, -0.00197914, 0.000344407]
[HumanoidEnv] Reset state env_id=0 z=0.316008 rpy=[0.00193913, -0.00251723, 0.000162733]
[HumanoidEnv] Reset state env_id=0 z=0.303055 rpy=[-0.00106916, -0.00286178, 0.000148245]
[HumanoidEnv] unhealthy terminate at step=222 z=0.198363 rpy=[1.16747, 0.310616, 1.37328] v_body=[0.492665, 1.24216, -1.71744]
----------------------------------------------------
| rollout/                          |              |
|    action_saturation_fraction     | 0            |
|    ep_len_mean                    | 866          |
|    ep_rew_mean                    | 572          |
|    episodes_noforce               | 142          |
|    force_direction_mean           | -1           |
|    force_onset_mean               | 1.39         |
|    force_requested_impulse_mean   | 0            |
|    is_fall_mean                   | 0.359        |
|    is_timeout_mean                | 0.641        |
|    recovery_noforce               | 0.641        |
|    timeout_without_onset_fraction | 0            |
|    timeouts                       | 91           |
| time/                             |              |
|    fps                            | 2149         |
|    iterations                     | 72           |
|    time_elapsed                   | 4391         |
|    total_timesteps                | 9437184      |
| train/                            |              |
|    action_std_00                  | 0.0589       |
|    action_std_01                  | 0.0591       |
|    action_std_02                  | 0.0593       |
|    action_std_03                  | 0.0599       |
|    action_std_04                  | 0.0599       |
|    action_std_05                  | 0.0601       |
|    action_std_06                  | 0.0594       |
|    action_std_07                  | 0.0596       |
|    action_std_08                  | 0.0591       |
|    action_std_09                  | 0.0595       |
|    action_std_10                  | 0.0594       |
|    action_std_11                  | 0.0596       |
|    action_std_12                  | 0.059        |
|    action_std_13                  | 0.0595       |
|    action_std_14                  | 0.0594       |
|    action_std_15                  | 0.0593       |
|    action_std_16                  | 0.0596       |
|    action_std_17                  | 0.0592       |
|    action_std_18                  | 0.0599       |
|    action_std_19                  | 0.06         |
|    action_std_20                  | 0.0592       |
|    action_std_21                  | 0.0592       |
|    action_std_22                  | 0.0589       |
|    action_std_23                  | 0.0597       |
|    action_std_24                  | 0.0596       |
|    approx_kl                      | 9.858003e-05 |
|    clip_fraction                  | 0            |
|    clip_range                     | 0.1          |
|    clip_range_vf                  | 0.2          |
|    entropy_loss                   | 35.1         |
|    explained_variance             | 0.895        |
|    learning_rate                  | 1e-07        |
|    loss                           | 0.693        |
|    n_updates                      | 2250         |
|    policy_gradient_loss           | -0.000441    |
|    std                            | 0.0595       |
|    std_max                        | 0.0601       |
|    std_min                        | 0.0589       |
|    value_loss                     | 0.421        |
----------------------------------------------------
[HumanoidEnv] Reset state env_id=0 z=0.274034 rpy=[0.00187547, -0.00114212, 0.000408344]
[HumanoidEnv] unhealthy terminate at step=601 z=0.195285 rpy=[0.611423, 0.157784, 0.843292] v_body=[0.0739398, 1.26155, -0.813286]
----------------------------------------------------
| rollout/                          |              |
|    action_saturation_fraction     | 0            |
|    ep_len_mean                    | 834          |
|    ep_rew_mean                    | 549          |
|    episodes_noforce               | 168          |
|    force_direction_mean           | -1           |
|    force_onset_mean               | 1.37         |
|    force_requested_impulse_mean   | 0            |
|    is_fall_mean                   | 0.363        |
|    is_timeout_mean                | 0.637        |
|    recovery_noforce               | 0.637        |
|    timeout_without_onset_fraction | 0            |
|    timeouts                       | 107          |
| time/                             |              |
|    fps                            | 2149         |
|    iterations                     | 73           |
|    time_elapsed                   | 4452         |
|    total_timesteps                | 9568256      |
| train/                            |              |
|    action_std_00                  | 0.0589       |
|    action_std_01                  | 0.0591       |
|    action_std_02                  | 0.0593       |
|    action_std_03                  | 0.0599       |
|    action_std_04                  | 0.0599       |
|    action_std_05                  | 0.0601       |
|    action_std_06                  | 0.0594       |
|    action_std_07                  | 0.0596       |
|    action_std_08                  | 0.0591       |
|    action_std_09                  | 0.0595       |
|    action_std_10                  | 0.0594       |
|    action_std_11                  | 0.0596       |
|    action_std_12                  | 0.059        |
|    action_std_13                  | 0.0595       |
|    action_std_14                  | 0.0594       |
|    action_std_15                  | 0.0593       |
|    action_std_16                  | 0.0596       |
|    action_std_17                  | 0.0592       |
|    action_std_18                  | 0.0599       |
|    action_std_19                  | 0.06         |
|    action_std_20                  | 0.0592       |
|    action_std_21                  | 0.0592       |
|    action_std_22                  | 0.0589       |
|    action_std_23                  | 0.0597       |
|    action_std_24                  | 0.0596       |
|    approx_kl                      | 0.0001023746 |
|    clip_fraction                  | 0            |
|    clip_range                     | 0.1          |
|    clip_range_vf                  | 0.2          |
|    entropy_loss                   | 35.1         |
|    explained_variance             | 0.882        |
|    learning_rate                  | 1e-07        |
|    loss                           | 0.798        |
|    n_updates                      | 2260         |
|    policy_gradient_loss           | -0.000409    |
|    std                            | 0.0595       |
|    std_max                        | 0.0601       |
|    std_min                        | 0.0589       |
|    value_loss                     | 0.42         |
----------------------------------------------------
----------------------------------------------------
| rollout/                          |              |
|    action_saturation_fraction     | 0            |
|    ep_len_mean                    | 878          |
|    ep_rew_mean                    | 579          |
|    episodes_noforce               | 136          |
|    force_direction_mean           | -1           |
|    force_onset_mean               | 1.38         |
|    force_requested_impulse_mean   | 0            |
|    is_fall_mean                   | 0.301        |
|    is_timeout_mean                | 0.699        |
|    recovery_noforce               | 0.699        |
|    timeout_without_onset_fraction | 0            |
|    timeouts                       | 95           |
| time/                             |              |
|    fps                            | 2148         |
|    iterations                     | 74           |
|    time_elapsed                   | 4513         |
|    total_timesteps                | 9699328      |
| train/                            |              |
|    action_std_00                  | 0.0589       |
|    action_std_01                  | 0.0591       |
|    action_std_02                  | 0.0593       |
|    action_std_03                  | 0.0599       |
|    action_std_04                  | 0.0599       |
|    action_std_05                  | 0.0601       |
|    action_std_06                  | 0.0594       |
|    action_std_07                  | 0.0596       |
|    action_std_08                  | 0.0591       |
|    action_std_09                  | 0.0595       |
|    action_std_10                  | 0.0594       |
|    action_std_11                  | 0.0596       |
|    action_std_12                  | 0.059        |
|    action_std_13                  | 0.0595       |
|    action_std_14                  | 0.0594       |
|    action_std_15                  | 0.0593       |
|    action_std_16                  | 0.0596       |
|    action_std_17                  | 0.0592       |
|    action_std_18                  | 0.0599       |
|    action_std_19                  | 0.06         |
|    action_std_20                  | 0.0592       |
|    action_std_21                  | 0.0592       |
|    action_std_22                  | 0.0589       |
|    action_std_23                  | 0.0597       |
|    action_std_24                  | 0.0596       |
|    approx_kl                      | 9.487542e-05 |
|    clip_fraction                  | 0            |
|    clip_range                     | 0.1          |
|    clip_range_vf                  | 0.2          |
|    entropy_loss                   | 35.1         |
|    explained_variance             | 0.887        |
|    learning_rate                  | 1e-07        |
|    loss                           | 0.721        |
|    n_updates                      | 2270         |
|    policy_gradient_loss           | -0.000438    |
|    std                            | 0.0595       |
|    std_max                        | 0.0601       |
|    std_min                        | 0.0589       |
|    value_loss                     | 0.415        |
----------------------------------------------------
-----------------------------------------------------
| rollout/                          |               |
|    action_saturation_fraction     | 0             |
|    ep_len_mean                    | 831           |
|    ep_rew_mean                    | 540           |
|    episodes_noforce               | 175           |
|    force_direction_mean           | -1            |
|    force_onset_mean               | 1.4           |
|    force_requested_impulse_mean   | 0             |
|    is_fall_mean                   | 0.371         |
|    is_timeout_mean                | 0.629         |
|    recovery_noforce               | 0.629         |
|    timeout_without_onset_fraction | 0             |
|    timeouts                       | 110           |
| time/                             |               |
|    fps                            | 2148          |
|    iterations                     | 75            |
|    time_elapsed                   | 4575          |
|    total_timesteps                | 9830400       |
| train/                            |               |
|    action_std_00                  | 0.0589        |
|    action_std_01                  | 0.0591        |
|    action_std_02                  | 0.0593        |
|    action_std_03                  | 0.0599        |
|    action_std_04                  | 0.0599        |
|    action_std_05                  | 0.0601        |
|    action_std_06                  | 0.0594        |
|    action_std_07                  | 0.0596        |
|    action_std_08                  | 0.0591        |
|    action_std_09                  | 0.0595        |
|    action_std_10                  | 0.0594        |
|    action_std_11                  | 0.0596        |
|    action_std_12                  | 0.059         |
|    action_std_13                  | 0.0595        |
|    action_std_14                  | 0.0594        |
|    action_std_15                  | 0.0593        |
|    action_std_16                  | 0.0596        |
|    action_std_17                  | 0.0592        |
|    action_std_18                  | 0.0599        |
|    action_std_19                  | 0.06          |
|    action_std_20                  | 0.0592        |
|    action_std_21                  | 0.0592        |
|    action_std_22                  | 0.0589        |
|    action_std_23                  | 0.0597        |
|    action_std_24                  | 0.0596        |
|    approx_kl                      | 9.0945425e-05 |
|    clip_fraction                  | 0             |
|    clip_range                     | 0.1           |
|    clip_range_vf                  | 0.2           |
|    entropy_loss                   | 35.1          |
|    explained_variance             | 0.872         |
|    learning_rate                  | 1e-07         |
|    loss                           | 0.771         |
|    n_updates                      | 2280          |
|    policy_gradient_loss           | -0.000397     |
|    std                            | 0.0595        |
|    std_max                        | 0.0601        |
|    std_min                        | 0.0589        |
|    value_loss                     | 0.379         |
-----------------------------------------------------
----------------------------------------------------
| rollout/                          |              |
|    action_saturation_fraction     | 0            |
|    ep_len_mean                    | 831          |
|    ep_rew_mean                    | 545          |
|    episodes_noforce               | 140          |
|    force_direction_mean           | -1           |
|    force_onset_mean               | 1.38         |
|    force_requested_impulse_mean   | 0            |
|    is_fall_mean                   | 0.371        |
|    is_timeout_mean                | 0.629        |
|    recovery_noforce               | 0.629        |
|    timeout_without_onset_fraction | 0            |
|    timeouts                       | 88           |
| time/                             |              |
|    fps                            | 2148         |
|    iterations                     | 76           |
|    time_elapsed                   | 4636         |
|    total_timesteps                | 9961472      |
| train/                            |              |
|    action_std_00                  | 0.0589       |
|    action_std_01                  | 0.0591       |
|    action_std_02                  | 0.0593       |
|    action_std_03                  | 0.0599       |
|    action_std_04                  | 0.0599       |
|    action_std_05                  | 0.0601       |
|    action_std_06                  | 0.0594       |
|    action_std_07                  | 0.0596       |
|    action_std_08                  | 0.0591       |
|    action_std_09                  | 0.0595       |
|    action_std_10                  | 0.0594       |
|    action_std_11                  | 0.0596       |
|    action_std_12                  | 0.059        |
|    action_std_13                  | 0.0595       |
|    action_std_14                  | 0.0594       |
|    action_std_15                  | 0.0593       |
|    action_std_16                  | 0.0596       |
|    action_std_17                  | 0.0592       |
|    action_std_18                  | 0.0599       |
|    action_std_19                  | 0.06         |
|    action_std_20                  | 0.0592       |
|    action_std_21                  | 0.0592       |
|    action_std_22                  | 0.0589       |
|    action_std_23                  | 0.0597       |
|    action_std_24                  | 0.0596       |
|    approx_kl                      | 9.300333e-05 |
|    clip_fraction                  | 0            |
|    clip_range                     | 0.1          |
|    clip_range_vf                  | 0.2          |
|    entropy_loss                   | 35.1         |
|    explained_variance             | 0.899        |
|    learning_rate                  | 1e-07        |
|    loss                           | 0.825        |
|    n_updates                      | 2290         |
|    policy_gradient_loss           | -0.000406    |
|    std                            | 0.0595       |
|    std_max                        | 0.0601       |
|    std_min                        | 0.0589       |
|    value_loss                     | 0.423        |
----------------------------------------------------
INFO:root:VecNormalize statistics saved at: ./data/delta2_stage4_lr1e7/quadruped_ppo_model_ckpt_10000640_vecnormalize.pkl
INFO:root:Model saved at: ./data/delta2_stage4_lr1e7/quadruped_ppo_model_ckpt_10000640.zip
INFO:root:Checkpoint written at 10000640 timesteps
----------------------------------------------------
| rollout/                          |              |
|    action_saturation_fraction     | 0            |
|    ep_len_mean                    | 880          |
|    ep_rew_mean                    | 583          |
|    episodes_noforce               | 157          |
|    force_direction_mean           | -1           |
|    force_onset_mean               | 1.4          |
|    force_requested_impulse_mean   | 0            |
|    is_fall_mean                   | 0.35         |
|    is_timeout_mean                | 0.65         |
|    recovery_noforce               | 0.65         |
|    timeout_without_onset_fraction | 0            |
|    timeouts                       | 102          |
| time/                             |              |
|    fps                            | 2148         |
|    iterations                     | 77           |
|    time_elapsed                   | 4697         |
|    total_timesteps                | 10092544     |
| train/                            |              |
|    action_std_00                  | 0.0589       |
|    action_std_01                  | 0.0591       |
|    action_std_02                  | 0.0593       |
|    action_std_03                  | 0.0599       |
|    action_std_04                  | 0.0599       |
|    action_std_05                  | 0.0601       |
|    action_std_06                  | 0.0594       |
|    action_std_07                  | 0.0596       |
|    action_std_08                  | 0.0591       |
|    action_std_09                  | 0.0595       |
|    action_std_10                  | 0.0594       |
|    action_std_11                  | 0.0596       |
|    action_std_12                  | 0.059        |
|    action_std_13                  | 0.0595       |
|    action_std_14                  | 0.0594       |
|    action_std_15                  | 0.0593       |
|    action_std_16                  | 0.0596       |
|    action_std_17                  | 0.0592       |
|    action_std_18                  | 0.0599       |
|    action_std_19                  | 0.06         |
|    action_std_20                  | 0.0592       |
|    action_std_21                  | 0.0592       |
|    action_std_22                  | 0.0589       |
|    action_std_23                  | 0.0597       |
|    action_std_24                  | 0.0596       |
|    approx_kl                      | 9.445054e-05 |
|    clip_fraction                  | 0            |
|    clip_range                     | 0.1          |
|    clip_range_vf                  | 0.2          |
|    entropy_loss                   | 35.1         |
|    explained_variance             | 0.878        |
|    learning_rate                  | 1e-07        |
|    loss                           | 0.812        |
|    n_updates                      | 2300         |
|    policy_gradient_loss           | -0.000419    |
|    std                            | 0.0595       |
|    std_max                        | 0.0601       |
|    std_min                        | 0.0589       |
|    value_loss                     | 0.433        |
----------------------------------------------------
INFO:root:VecNormalize statistics saved at: ./data/delta2_stage4_lr1e7/quadruped_ppo_model_vecnormalize.pkl
INFO:root:Model saved at: ./data/delta2_stage4_lr1e7/quadruped_ppo_model.zip
INFO:root:Model saved at: ./data/delta2_stage4_lr1e7/quadruped_ppo_model.zip
INFO:root:Training complete.
EnvPool Evaluation - Humanoid-v4
Mean Reward: 631.41 +/- 155.53
Function main took 4893.53 seconds to run.
[HumanoidEnv] Reset state env_id=0 z=0.27627 rpy=[0.0023635, 7.77904e-05, 0.000684654]
[HumanoidEnv] Reset state env_id=0 z=0.272793 rpy=[0.000568781, 0.000619709, 0.00105558]
[HumanoidEnv] Reset state env_id=0 z=0.292539 rpy=[-0.00104096, -0.00156796, 0.000597632]
[HumanoidEnv] Reset state env_id=0 z=0.28696 rpy=[0.00195383, -0.00112407, 0.000122259]
[HumanoidEnv] Reset state env_id=0 z=0.29119 rpy=[0.00179347, -0.00121409, 0.000202577]
cleanupHardware(SIM): Cleaning up hardware components...
cleanupHardware(SIM): Cleaning up hardware components...
cleanupHardware(SIM): Cleaning up hardware components...
cleanupHardware(SIM): Cleaning up hardware components...
cleanupHardware(SIM): Cleaning up hardware components...
cleanupHardware(SIM): Cleaning up hardware components...
cleanupHardware(SIM): Cleaning up hardware components...
cleanupHardware(SIM): Cleaning up hardware components...
cleanupHardware(SIM): Cleaning up hardware components...
cleanupHardware(SIM): Cleaning up hardware components...
cleanupHardware(SIM): Cleaning up hardware components...
cleanupHardware(SIM): Cleaning up hardware components...
cleanupHardware(SIM): Cleaning up hardware components...
cleanupHardware(SIM): Cleaning up hardware components...
cleanupHardware(SIM): Cleaning up hardware components...
cleanupHardware(SIM): Cleaning up hardware components...
cleanupHardware(SIM): Cleaning up hardware components...
cleanupHardware(SIM): Cleaning up hardware components...
cleanupHardware(SIM): Cleaning up hardware components...
cleanupHardware(SIM): Cleaning up hardware components...
cleanupHardware(SIM): Cleaning up hardware components...
cleanupHardware(SIM): Cleaning up hardware components...
cleanupHardware(SIM): Cleaning up hardware components...
cleanupHardware(SIM): Cleaning up hardware components...
cleanupHardware(SIM): Cleaning up hardware components...
cleanupHardware(SIM): Cleaning up hardware components...
cleanupHardware(SIM): Cleaning up hardware components...
cleanupHardware(SIM): Cleaning up hardware components...
cleanupHardware(SIM): Cleaning up hardware components...
cleanupHardware(SIM): Cleaning up hardware components...
cleanupHardware(SIM): Cleaning up hardware components...
cleanupHardware(SIM): Cleaning up hardware components...
cleanupHardware(SIM): Cleaning up hardware components...
cleanupHardware(SIM): Cleaning up hardware components...
cleanupHardware(SIM): Cleaning up hardware components...
cleanupHardware(SIM): Cleaning up hardware components...
cleanupHardware(SIM): Cleaning up hardware components...
cleanupHardware(SIM): Cleaning up hardware components...
cleanupHardware(SIM): Cleaning up hardware components...
cleanupHardware(SIM): Cleaning up hardware components...
cleanupHardware(SIM): Cleaning up hardware components...
cleanupHardware(SIM): Cleaning up hardware components...
cleanupHardware(SIM): Cleaning up hardware components...
cleanupHardware(SIM): Cleaning up hardware components...
cleanupHardware(SIM): Cleaning up hardware components...
cleanupHardware(SIM): Cleaning up hardware components...
cleanupHardware(SIM): Cleaning up hardware components...
cleanupHardware(SIM): Cleaning up hardware components...
cleanupHardware(SIM): Cleaning up hardware components...
cleanupHardware(SIM): Cleaning up hardware components...
cleanupHardware(SIM): Cleaning up hardware components...
cleanupHardware(SIM): Cleaning up hardware components...
cleanupHardware(SIM): Cleaning up hardware components...
cleanupHardware(SIM): Cleaning up hardware components...
cleanupHardware(SIM): Cleaning up hardware components...
cleanupHardware(SIM): Cleaning up hardware components...
cleanupHardware(SIM): Cleaning up hardware components...
cleanupHardware(SIM): Cleaning up hardware components...
cleanupHardware(SIM): Cleaning up hardware components...
cleanupHardware(SIM): Cleaning up hardware components...
cleanupHardware(SIM): Cleaning up hardware components...
cleanupHardware(SIM): Cleaning up hardware components...
cleanupHardware(SIM): Cleaning up hardware components...
cleanupHardware(SIM): Cleaning up hardware components...
cleanupHardware(SIM): Cleaning up hardware components...
cleanupHardware(SIM): Cleaning up hardware components...
cleanupHardware(SIM): Cleaning up hardware components...
cleanupHardware(SIM): Cleaning up hardware components...
cleanupHardware(SIM): Cleaning up hardware components...
cleanupHardware(SIM): Cleaning up hardware components...
cleanupHardware(SIM): Cleaning up hardware components...
cleanupHardware(SIM): Cleaning up hardware components...
cleanupHardware(SIM): Cleaning up hardware components...
cleanupHardware(SIM): Cleaning up hardware components...
cleanupHardware(SIM): Cleaning up hardware components...
cleanupHardware(SIM): Cleaning up hardware components...
cleanupHardware(SIM): Cleaning up hardware components...
cleanupHardware(SIM): Cleaning up hardware components...
cleanupHardware(SIM): Cleaning up hardware components...
cleanupHardware(SIM): Cleaning up hardware components...
cleanupHardware(SIM): Cleaning up hardware components...
cleanupHardware(SIM): Cleaning up hardware components...
cleanupHardware(SIM): Cleaning up hardware components...
cleanupHardware(SIM): Cleaning up hardware components...
cleanupHardware(SIM): Cleaning up hardware components...
cleanupHardware(SIM): Cleaning up hardware components...
cleanupHardware(SIM): Cleaning up hardware components...
cleanupHardware(SIM): Cleaning up hardware components...
cleanupHardware(SIM): Cleaning up hardware components...
cleanupHardware(SIM): Cleaning up hardware components...
cleanupHardware(SIM): Cleaning up hardware components...
cleanupHardware(SIM): Cleaning up hardware components...
cleanupHardware(SIM): Cleaning up hardware components...
cleanupHardware(SIM): Cleaning up hardware components...
cleanupHardware(SIM): Cleaning up hardware components...
cleanupHardware(SIM): Cleaning up hardware components...
cleanupHardware(SIM): Cleaning up hardware components...
cleanupHardware(SIM): Cleaning up hardware components...
cleanupHardware(SIM): Cleaning up hardware components...
cleanupHardware(SIM): Cleaning up hardware components...
cleanupHardware(SIM): Cleaning up hardware components...
cleanupHardware(SIM): Cleaning up hardware components...
cleanupHardware(SIM): Cleaning up hardware components...
cleanupHardware(SIM): Cleaning up hardware components...
cleanupHardware(SIM): Cleaning up hardware components...
cleanupHardware(SIM): Cleaning up hardware components...
cleanupHardware(SIM): Cleaning up hardware components...
cleanupHardware(SIM): Cleaning up hardware components...
cleanupHardware(SIM): Cleaning up hardware components...
cleanupHardware(SIM): Cleaning up hardware components...
cleanupHardware(SIM): Cleaning up hardware components...
cleanupHardware(SIM): Cleaning up hardware components...
cleanupHardware(SIM): Cleaning up hardware components...
cleanupHardware(SIM): Cleaning up hardware components...
cleanupHardware(SIM): Cleaning up hardware components...
cleanupHardware(SIM): Cleaning up hardware components...
cleanupHardware(SIM): Cleaning up hardware components...
cleanupHardware(SIM): Cleaning up hardware components...
cleanupHardware(SIM): Cleaning up hardware components...
cleanupHardware(SIM): Cleaning up hardware components...
cleanupHardware(SIM): Cleaning up hardware components...
cleanupHardware(SIM): Cleaning up hardware components...
cleanupHardware(SIM): Cleaning up hardware components...
cleanupHardware(SIM): Cleaning up hardware components...
cleanupHardware(SIM): Cleaning up hardware components...
cleanupHardware(SIM): Cleaning up hardware components...
cleanupHardware(SIM): Cleaning up hardware components...
cleanupHardware(SIM): Cleaning up hardware components...
cleanupHardware(SIM): Cleaning up hardware components...
cleanupHardware(SIM): Cleaning up hardware components...
cleanupHardware(SIM): Cleaning up hardware components...
cleanupHardware(SIM): Cleaning up hardware components...
cleanupHardware(SIM): Cleaning up hardware components...
cleanupHardware(SIM): Cleaning up hardware components...
cleanupHardware(SIM): Cleaning up hardware components...
cleanupHardware(SIM): Cleaning up hardware components...
cleanupHardware(SIM): Cleaning up hardware components...
cleanupHardware(SIM): Cleaning up hardware components...
cleanupHardware(SIM): Cleaning up hardware components...
cleanupHardware(SIM): Cleaning up hardware components...
cleanupHardware(SIM): Cleaning up hardware components...
cleanupHardware(SIM): Cleaning up hardware components...
cleanupHardware(SIM): Cleaning up hardware components...
cleanupHardware(SIM): Cleaning up hardware components...
cleanupHardware(SIM): Cleaning up hardware components...
cleanupHardware(SIM): Cleaning up hardware components...
cleanupHardware(SIM): Cleaning up hardware components...
cleanupHardware(SIM): Cleaning up hardware components...
cleanupHardware(SIM): Cleaning up hardware components...
cleanupHardware(SIM): Cleaning up hardware components...
cleanupHardware(SIM): Cleaning up hardware components...
cleanupHardware(SIM): Cleaning up hardware components...
cleanupHardware(SIM): Cleaning up hardware components...
cleanupHardware(SIM): Cleaning up hardware components...
cleanupHardware(SIM): Cleaning up hardware components...
cleanupHardware(SIM): Cleaning up hardware components...
cleanupHardware(SIM): Cleaning up hardware components...
cleanupHardware(SIM): Cleaning up hardware components...
cleanupHardware(SIM): Cleaning up hardware components...
cleanupHardware(SIM): Cleaning up hardware components...
cleanupHardware(SIM): Cleaning up hardware components...
cleanupHardware(SIM): Cleaning up hardware components...
cleanupHardware(SIM): Cleaning up hardware components...
cleanupHardware(SIM): Cleaning up hardware components...
cleanupHardware(SIM): Cleaning up hardware components...
cleanupHardware(SIM): Cleaning up hardware components...
cleanupHardware(SIM): Cleaning up hardware components...
cleanupHardware(SIM): Cleaning up hardware components...
cleanupHardware(SIM): Cleaning up hardware components...
cleanupHardware(SIM): Cleaning up hardware components...
cleanupHardware(SIM): Cleaning up hardware components...
cleanupHardware(SIM): Cleaning up hardware components...
cleanupHardware(SIM): Cleaning up hardware components...
cleanupHardware(SIM): Cleaning up hardware components...
cleanupHardware(SIM): Cleaning up hardware components...
cleanupHardware(SIM): Cleaning up hardware components...
cleanupHardware(SIM): Cleaning up hardware components...
cleanupHardware(SIM): Cleaning up hardware components...
cleanupHardware(SIM): Cleaning up hardware components...
cleanupHardware(SIM): Cleaning up hardware components...
cleanupHardware(SIM): Cleaning up hardware components...
cleanupHardware(SIM): Cleaning up hardware components...
cleanupHardware(SIM): Cleaning up hardware components...
cleanupHardware(SIM): Cleaning up hardware components...
cleanupHardware(SIM): Cleaning up hardware components...
cleanupHardware(SIM): Cleaning up hardware components...
cleanupHardware(SIM): Cleaning up hardware components...
cleanupHardware(SIM): Cleaning up hardware components...
cleanupHardware(SIM): Cleaning up hardware components...
cleanupHardware(SIM): Cleaning up hardware components...
cleanupHardware(SIM): Cleaning up hardware components...
cleanupHardware(SIM): Cleaning up hardware components...
cleanupHardware(SIM): Cleaning up hardware components...
cleanupHardware(SIM): Cleaning up hardware components...
cleanupHardware(SIM): Cleaning up hardware components...
cleanupHardware(SIM): Cleaning up hardware components...
cleanupHardware(SIM): Cleaning up hardware components...
cleanupHardware(SIM): Cleaning up hardware components...
cleanupHardware(SIM): Cleaning up hardware components...
cleanupHardware(SIM): Cleaning up hardware components...
cleanupHardware(SIM): Cleaning up hardware components...
cleanupHardware(SIM): Cleaning up hardware components...
cleanupHardware(SIM): Cleaning up hardware components...
cleanupHardware(SIM): Cleaning up hardware components...
cleanupHardware(SIM): Cleaning up hardware components...
cleanupHardware(SIM): Cleaning up hardware components...
cleanupHardware(SIM): Cleaning up hardware components...
cleanupHardware(SIM): Cleaning up hardware components...
cleanupHardware(SIM): Cleaning up hardware components...
cleanupHardware(SIM): Cleaning up hardware components...
cleanupHardware(SIM): Cleaning up hardware components...
cleanupHardware(SIM): Cleaning up hardware components...
cleanupHardware(SIM): Cleaning up hardware components...
cleanupHardware(SIM): Cleaning up hardware components...
cleanupHardware(SIM): Cleaning up hardware components...
cleanupHardware(SIM): Cleaning up hardware components...
cleanupHardware(SIM): Cleaning up hardware components...
cleanupHardware(SIM): Cleaning up hardware components...
cleanupHardware(SIM): Cleaning up hardware components...
cleanupHardware(SIM): Cleaning up hardware components...
cleanupHardware(SIM): Cleaning up hardware components...
cleanupHardware(SIM): Cleaning up hardware components...
cleanupHardware(SIM): Cleaning up hardware components...
cleanupHardware(SIM): Cleaning up hardware components...
cleanupHardware(SIM): Cleaning up hardware components...
cleanupHardware(SIM): Cleaning up hardware components...
cleanupHardware(SIM): Cleaning up hardware components...
cleanupHardware(SIM): Cleaning up hardware components...
cleanupHardware(SIM): Cleaning up hardware components...
cleanupHardware(SIM): Cleaning up hardware components...
cleanupHardware(SIM): Cleaning up hardware components...
cleanupHardware(SIM): Cleaning up hardware components...
cleanupHardware(SIM): Cleaning up hardware components...
cleanupHardware(SIM): Cleaning up hardware components...
cleanupHardware(SIM): Cleaning up hardware components...
cleanupHardware(SIM): Cleaning up hardware components...
cleanupHardware(SIM): Cleaning up hardware components...
cleanupHardware(SIM): Cleaning up hardware components...
cleanupHardware(SIM): Cleaning up hardware components...
cleanupHardware(SIM): Cleaning up hardware components...
cleanupHardware(SIM): Cleaning up hardware components...
cleanupHardware(SIM): Cleaning up hardware components...
cleanupHardware(SIM): Cleaning up hardware components...
cleanupHardware(SIM): Cleaning up hardware components...
cleanupHardware(SIM): Cleaning up hardware components...
cleanupHardware(SIM): Cleaning up hardware components...
cleanupHardware(SIM): Cleaning up hardware components...
cleanupHardware(SIM): Cleaning up hardware components...
cleanupHardware(SIM): Cleaning up hardware components...
cleanupHardware(SIM): Cleaning up hardware components...
cleanupHardware(SIM): Cleaning up hardware components...
cleanupHardware(SIM): Cleaning up hardware components...
cleanupHardware(SIM): Cleaning up hardware components...
cleanupHardware(SIM): Cleaning up hardware components...
cleanupHardware(SIM): Cleaning up hardware components...
cleanupHardware(SIM): Cleaning up hardware components...
